ISO-10303-21;
HEADER;
FILE_DESCRIPTION(('Open CASCADE Model'),'2;1');
FILE_NAME('Open CASCADE Shape Model','2026-08-31T11:45:30',('Author'),(
    'Open CASCADE'),'Open CASCADE STEP processor 7.8','Open CASCADE 7.8'
  ,'Unknown');
FILE_SCHEMA(('AUTOMOTIVE_DESIGN { 1 0 10303 214 1 1 1 1 }'));
ENDSEC;
DATA;
#1 = APPLICATION_PROTOCOL_DEFINITION('international standard',
  'automotive_design',2000,#2);
#2 = APPLICATION_CONTEXT(
  'core data for automotive mechanical design processes');
#3 = SHAPE_DEFINITION_REPRESENTATION(#4,#10);
#4 = PRODUCT_DEFINITION_SHAPE('','',#5);
#5 = PRODUCT_DEFINITION('design','',#6,#9);
#6 = PRODUCT_DEFINITION_FORMATION('','',#7);
#7 = PRODUCT('Open CASCADE STEP translator 7.8 21',
  'Open CASCADE STEP translator 7.8 21','',(#8));
#8 = PRODUCT_CONTEXT('',#2,'mechanical');
#9 = PRODUCT_DEFINITION_CONTEXT('part definition',#2,'design');
#10 = ADVANCED_BREP_SHAPE_REPRESENTATION('',(#11,#15),#10273);
#11 = AXIS2_PLACEMENT_3D('',#12,#13,#14);
#12 = CARTESIAN_POINT('',(0.,0.,0.));
#13 = DIRECTION('',(0.,0.,1.));
#14 = DIRECTION('',(1.,0.,-0.));
#15 = MANIFOLD_SOLID_BREP('',#16);
#16 = CLOSED_SHELL('',(#17,#619,#873,#1127,#1381,#1635,#1889,#2143,#2397
    ,#2651,#2905,#3159,#3413,#3667,#3921,#4175,#4429,#4683,#4937,#5191,
    #5445,#5699,#5953,#6207,#6461,#6715,#6969,#7223,#7477,#7731,#7985,
    #8239,#8493,#8747,#9001,#9255,#9509,#9763,#10017,#10144,#10187,
    #10230));
#17 = ADVANCED_FACE('',(#18),#31,.T.);
#18 = FACE_BOUND('',#19,.T.);
#19 = EDGE_LOOP('',(#20,#175,#385,#411));
#20 = ORIENTED_EDGE('',*,*,#21,.T.);
#21 = EDGE_CURVE('',#22,#24,#26,.T.);
#22 = VERTEX_POINT('',#23);
#23 = CARTESIAN_POINT('',(140.9618,-349.0608861657,109.4896910697));
#24 = VERTEX_POINT('',#25);
#25 = CARTESIAN_POINT('',(140.9618,-349.2810263258,109.51730373514));
#26 = SURFACE_CURVE('',#27,(#30,#164),.PCURVE_S1.);
#27 = B_SPLINE_CURVE_WITH_KNOTS('',1,(#28,#29),.UNSPECIFIED.,.F.,.F.,(2,
    2),(0.,1.),.PIECEWISE_BEZIER_KNOTS.);
#28 = CARTESIAN_POINT('',(140.9618,-349.0608861657,109.4896910697));
#29 = CARTESIAN_POINT('',(140.9618,-349.2810263258,109.51730373514));
#30 = PCURVE('',#31,#158);
#31 = ( BOUNDED_SURFACE() B_SPLINE_SURFACE(1,3,(
    (#32,#33,#34,#35,#36,#37,#38,#39,#40,#41,#42,#43,#44,#45,#46,#47,#48
      ,#49,#50,#51,#52,#53,#54,#55,#56,#57,#58,#59,#60,#61,#62,#63,#64
      ,#65,#66,#67,#68,#69,#70,#71,#72,#73,#74,#75,#76,#77,#78,#79,#80
      ,#81,#82,#83,#84,#85,#86,#87,#88,#89,#90,#91,#92,#93,#94)
    ,(#95,#96,#97,#98,#99,#100,#101,#102,#103,#104,#105,#106,#107,#108
      ,#109,#110,#111,#112,#113,#114,#115,#116,#117,#118,#119,#120,#121
      ,#122,#123,#124,#125,#126,#127,#128,#129,#130,#131,#132,#133,#134
      ,#135,#136,#137,#138,#139,#140,#141,#142,#143,#144,#145,#146,#147
      ,#148,#149,#150,#151,#152,#153,#154,#155,#156,#157
)),.UNSPECIFIED.,.F.,.F.,.F.) B_SPLINE_SURFACE_WITH_KNOTS((2,2),(4,1,1,1
    ,1,1,1,1,1,1,1,1,1,1,1,1,1,1,1,1,1,1,1,1,1,1,1,1,1,1,1,1,1,1,1,1,1,1
    ,1,1,1,1,1,1,1,1,1,1,1,1,1,1,1,1,1,1,1,1,1,1,4),(0.,1.),(0.,
    1.732138582393E-02,3.476147556169E-02,5.682134329819E-02,
    7.1962296323E-02,9.668171057498E-02,0.117312720082,0.137726814038,
    0.152748180615,0.167749813045,0.182740680817,0.197724569486,
    0.212727858992,0.227712266626,0.242722186927,0.257740578549,
    0.272730613132,0.287749851447,0.302807253127,0.317909897629,
    0.333164876512,0.348417208457,0.363717555355,0.379021830365,
    0.39430254102,0.409403510223,0.424503833082,0.439703221214,
    0.455034147268,0.475266642259,0.494822408855,0.514358099005,
    0.53448350075,0.549791243926,0.564993335593,0.580114457875,
    0.595233122966,0.610524778841,0.625831283594,0.641129798524,
    0.656395058325,0.671658347301,0.686764177688,0.701824559728,
    0.716841998439,0.731832580826,0.74685884212,0.761877146393,
    0.776861271766,0.791847146503,0.806852809101,0.821843806167,
    0.836903306197,0.851969913481,0.873073700462,0.890743423327,
    0.916073608219,0.937085032849,0.966089436802,0.983488965917,1.),
.UNSPECIFIED.) GEOMETRIC_REPRESENTATION_ITEM() RATIONAL_B_SPLINE_SURFACE
((
    (1.,0.99999999999,1.000000000005,0.999999999998,1.,1.,1.,1.,1.,1.,1.
      ,1.,1.,1.,1.,1.,1.,1.,1.,1.,1.,1.,1.,1.,1.,1.,1.,1.,1.,1.,1.,1.,1.
      ,1.,1.,1.,1.,1.,1.,1.,1.,1.,1.,1.,1.,1.,1.,1.,1.,1.,1.,1.,1.,1.,1.
      ,1.,1.,1.,1.,0.999999999999,1.000000000002,0.999999999996,1.)
    ,(1.,0.99999999999,1.000000000005,0.999999999998,1.,1.,1.,1.,1.,1.
      ,1.,1.,1.,1.,1.,1.,1.,1.,1.,1.,1.,1.,1.,1.,1.,1.,1.,1.,1.,1.,1.,1.
      ,1.,1.,1.,1.,1.,1.,1.,1.,1.,1.,1.,1.,1.,1.,1.,1.,1.,1.,1.,1.,1.,1.
      ,1.,1.,1.,1.,1.,0.999999999999,1.000000000002,0.999999999996,1.
))) REPRESENTATION_ITEM('') SURFACE() );
#32 = CARTESIAN_POINT('',(140.9618,-349.0608861657,109.4896910697));
#33 = CARTESIAN_POINT('',(139.3469737637,-353.5043156363,110.43114805361
    ));
#34 = CARTESIAN_POINT('',(146.55711552643,-341.3721919069,
    108.25640455181));
#35 = CARTESIAN_POINT('',(149.83248812156,-343.5584253263,
    108.44488729422));
#36 = CARTESIAN_POINT('',(152.63844988999,-343.6167557213,
    108.28700095639));
#37 = CARTESIAN_POINT('',(159.61432189493,-338.8692606236,
    107.24547265279));
#38 = CARTESIAN_POINT('',(161.57498576671,-355.223489616,109.91970469128
    ));
#39 = CARTESIAN_POINT('',(166.85069272796,-345.8487835514,
    108.29235466688));
#40 = CARTESIAN_POINT('',(170.05924171584,-338.2642362464,106.5874941642
    ));
#41 = CARTESIAN_POINT('',(175.2605606702,-338.9935142669,106.5586508511)
  );
#42 = CARTESIAN_POINT('',(179.44145366882,-338.3836128675,
    106.33226625421));
#43 = CARTESIAN_POINT('',(183.74546905009,-338.2064921834,106.3816284708
    ));
#44 = CARTESIAN_POINT('',(188.02212458981,-338.0000592554,
    106.29189389555));
#45 = CARTESIAN_POINT('',(192.29363155905,-337.8923489918,
    106.20528675866));
#46 = CARTESIAN_POINT('',(196.58004983101,-337.7816009171,
    106.15257653884));
#47 = CARTESIAN_POINT('',(200.85501156117,-337.9106661305,
    106.09320243463));
#48 = CARTESIAN_POINT('',(205.12596544359,-337.7735194276,
    106.03827699645));
#49 = CARTESIAN_POINT('',(209.41439322258,-337.9056766531,
    105.96336166713));
#50 = CARTESIAN_POINT('',(213.69322367635,-338.0582155952,
    105.97683863893));
#51 = CARTESIAN_POINT('',(217.96934112329,-338.1712346251,
    106.01383172074));
#52 = CARTESIAN_POINT('',(222.26952895422,-338.7644319605,
    106.09106018625));
#53 = CARTESIAN_POINT('',(226.5166643478,-338.5778026683,106.18363275437
    ));
#54 = CARTESIAN_POINT('',(230.80856684708,-339.0049530991,
    106.22960354021));
#55 = CARTESIAN_POINT('',(235.07622110161,-338.9719161256,
    106.18776941683));
#56 = CARTESIAN_POINT('',(239.35488141397,-339.3261103462,106.1738439649
    ));
#57 = CARTESIAN_POINT('',(243.60389158591,-339.567289603,106.44074224014
    ));
#58 = CARTESIAN_POINT('',(247.90844854027,-340.0342583411,
    106.82516738043));
#59 = CARTESIAN_POINT('',(252.2213347776,-340.5106689769,107.11724219589
    ));
#60 = CARTESIAN_POINT('',(256.41797633353,-341.7803804844,
    107.80861471966));
#61 = CARTESIAN_POINT('',(261.49749220731,-340.9853568107,
    108.36810111753));
#62 = CARTESIAN_POINT('',(264.82846846707,-350.1989401773,
    106.96542937725));
#63 = CARTESIAN_POINT('',(269.29986524939,-342.9635908021,
    107.92160765862));
#64 = CARTESIAN_POINT('',(273.76120192934,-347.5762222189,
    106.53765460089));
#65 = CARTESIAN_POINT('',(277.11561224167,-350.8400896413,
    110.08281412862));
#66 = CARTESIAN_POINT('',(282.18739413143,-351.2097309612,
    109.21262001853));
#67 = CARTESIAN_POINT('',(286.38362479911,-351.8350134649,
    109.41197650823));
#68 = CARTESIAN_POINT('',(290.6929217221,-352.13412075,109.18688391798)
  );
#69 = CARTESIAN_POINT('',(294.99728518776,-351.4172318209,
    109.38636429569));
#70 = CARTESIAN_POINT('',(299.24599549207,-350.438689231,109.43639866615
    ));
#71 = CARTESIAN_POINT('',(303.52499017227,-349.7151913219,
    109.31113000805));
#72 = CARTESIAN_POINT('',(307.79622056725,-348.9781470391,
    109.47930307171));
#73 = CARTESIAN_POINT('',(312.08441986464,-348.6642001405,
    109.41188707522));
#74 = CARTESIAN_POINT('',(316.3318452167,-347.6585225577,109.75567466604
    ));
#75 = CARTESIAN_POINT('',(320.63289091038,-347.5523916323,109.6944471544
    ));
#76 = CARTESIAN_POINT('',(324.90801010291,-347.1004475302,
    109.71178324629));
#77 = CARTESIAN_POINT('',(329.18807309953,-346.9840987939,
    109.63903983605));
#78 = CARTESIAN_POINT('',(333.47733801931,-346.7011495457,
    109.52312449742));
#79 = CARTESIAN_POINT('',(337.7470456075,-347.3914870281,109.29782774108
    ));
#80 = CARTESIAN_POINT('',(342.02123400371,-346.7444597281,
    109.40164854538));
#81 = CARTESIAN_POINT('',(346.30443528757,-346.9273396062,
    109.27961809986));
#82 = CARTESIAN_POINT('',(350.5884217255,-347.0080671886,109.24965696535
    ));
#83 = CARTESIAN_POINT('',(354.84926238005,-346.7844229979,109.2340349639
    ));
#84 = CARTESIAN_POINT('',(359.17649042862,-347.2630427907,
    109.05102401514));
#85 = CARTESIAN_POINT('',(363.32021844008,-346.5193032258,109.2087890318
    ));
#86 = CARTESIAN_POINT('',(368.68503275418,-348.1506384237,
    108.85533164396));
#87 = CARTESIAN_POINT('',(371.24903411287,-344.4703568594,
    109.80604933546));
#88 = CARTESIAN_POINT('',(377.42638182418,-341.1197145893,
    110.02645231477));
#89 = CARTESIAN_POINT('',(379.73562276372,-350.400382062,109.22939613488
    ));
#90 = CARTESIAN_POINT('',(385.92015942773,-341.0414398447,
    110.22948690429));
#91 = CARTESIAN_POINT('',(387.95796901408,-353.4738178627,
    108.81739834466));
#92 = CARTESIAN_POINT('',(392.55136708921,-353.0036950088,109.1234747299
    ));
#93 = CARTESIAN_POINT('',(397.86107277384,-339.262534689,110.77032943949
    ));
#94 = CARTESIAN_POINT('',(397.6403,-349.6365842472,109.63425691656));
#95 = CARTESIAN_POINT('',(140.9618,-349.2810263258,109.51730373514));
#96 = CARTESIAN_POINT('',(139.3469737637,-354.2762304419,110.52258554571
    ));
#97 = CARTESIAN_POINT('',(146.55711552643,-341.8241642406,108.3109829204
    ));
#98 = CARTESIAN_POINT('',(149.83248812156,-343.858082775,108.48969110722
    ));
#99 = CARTESIAN_POINT('',(152.63844988999,-344.5376875457,
    108.42937974783));
#100 = CARTESIAN_POINT('',(159.61432189493,-339.9820279773,
    107.41946753917));
#101 = CARTESIAN_POINT('',(161.57498576671,-355.5727966786,
    109.97149409528));
#102 = CARTESIAN_POINT('',(166.85069272796,-346.2719805116,
    108.36809030898));
#103 = CARTESIAN_POINT('',(170.05924171584,-339.6335048296,
    106.8112393832));
#104 = CARTESIAN_POINT('',(175.2605606702,-340.24484596,106.55861333119)
  );
#105 = CARTESIAN_POINT('',(179.44145366882,-339.7168076414,
    106.36848786195));
#106 = CARTESIAN_POINT('',(183.74546905009,-339.556291875,
    106.42793622452));
#107 = CARTESIAN_POINT('',(188.02212458981,-339.3542534783,
    106.33776600471));
#108 = CARTESIAN_POINT('',(192.29363155905,-339.2873539359,
    106.30492423294));
#109 = CARTESIAN_POINT('',(196.58004983101,-339.1941196089,
    106.2834355689));
#110 = CARTESIAN_POINT('',(200.85501156117,-339.2549027874,
    106.2737664676));
#111 = CARTESIAN_POINT('',(205.12596544359,-339.1824627157,
    106.2539025206));
#112 = CARTESIAN_POINT('',(209.41439322258,-339.2786941794,
    106.2408001641));
#113 = CARTESIAN_POINT('',(213.69322367635,-339.3906498266,
    106.31444622793));
#114 = CARTESIAN_POINT('',(217.96934112329,-339.4546525924,
    106.35446399766));
#115 = CARTESIAN_POINT('',(222.26952895422,-339.8669736458,
    106.70966117999));
#116 = CARTESIAN_POINT('',(226.5166643478,-339.6706083633,
    106.65612331337));
#117 = CARTESIAN_POINT('',(230.80856684708,-339.8947015525,
    106.90352282461));
#118 = CARTESIAN_POINT('',(235.07622110161,-339.7447388368,
    106.87878722645));
#119 = CARTESIAN_POINT('',(239.35488141397,-339.8574457316,
    106.97972895733));
#120 = CARTESIAN_POINT('',(243.60389158591,-340.019396526,
    107.18910595712));
#121 = CARTESIAN_POINT('',(247.90844854027,-340.3899991412,
    107.54215431007));
#122 = CARTESIAN_POINT('',(252.2213347776,-340.7672410153,
    107.78505855956));
#123 = CARTESIAN_POINT('',(256.41797633353,-342.0598444438,
    108.39023198592));
#124 = CARTESIAN_POINT('',(261.49749220731,-341.3558173744,
    108.76630307128));
#125 = CARTESIAN_POINT('',(264.82846846707,-350.1025442068,
    107.87733281727));
#126 = CARTESIAN_POINT('',(269.29986524939,-342.9414826297,
    108.45691775375));
#127 = CARTESIAN_POINT('',(273.76120192934,-347.76193844,107.53533240256
    ));
#128 = CARTESIAN_POINT('',(277.11561224167,-350.1696465238,
    110.14917177634));
#129 = CARTESIAN_POINT('',(282.18739413143,-350.702366554,
    109.58337800036));
#130 = CARTESIAN_POINT('',(286.38362479911,-351.2342879219,
    109.81003998316));
#131 = CARTESIAN_POINT('',(290.6929217221,-351.5478775062,109.7291318591
    ));
#132 = CARTESIAN_POINT('',(294.99728518776,-350.7452310801,
    109.94619897364));
#133 = CARTESIAN_POINT('',(299.24599549207,-349.6639785164,
    110.00705075177));
#134 = CARTESIAN_POINT('',(303.52499017227,-348.835030767,
    109.85896981874));
#135 = CARTESIAN_POINT('',(307.79622056725,-347.969490719,109.9480693097
    ));
#136 = CARTESIAN_POINT('',(312.08441986464,-347.5686920178,
    109.86774793909));
#137 = CARTESIAN_POINT('',(316.3318452167,-346.4610968847,
    110.14643548374));
#138 = CARTESIAN_POINT('',(320.63289091038,-346.2935857066,
    110.11143936881));
#139 = CARTESIAN_POINT('',(324.90801010291,-345.7773525117,
    110.09934537624));
#140 = CARTESIAN_POINT('',(329.18807309953,-345.6225892087,
    109.99899162568));
#141 = CARTESIAN_POINT('',(333.47733801931,-345.320968891,
    109.90945412318));
#142 = CARTESIAN_POINT('',(337.7470456075,-346.055970657,109.62031110829
    ));
#143 = CARTESIAN_POINT('',(342.02123400371,-345.3568358985,
    109.73524233957));
#144 = CARTESIAN_POINT('',(346.30443528757,-345.5724410838,
    109.61680761323));
#145 = CARTESIAN_POINT('',(350.5884217255,-345.6495373236,
    109.53695549014));
#146 = CARTESIAN_POINT('',(354.84926238005,-345.4879131681,
    109.50910289795));
#147 = CARTESIAN_POINT('',(359.17649042862,-345.9501457263,
    109.33950289181));
#148 = CARTESIAN_POINT('',(363.32021844008,-345.2920271731,
    109.43120392362));
#149 = CARTESIAN_POINT('',(368.68503275418,-346.9023593442,
    109.05863565568));
#150 = CARTESIAN_POINT('',(371.24903411287,-343.6006822089,
    110.06005273523));
#151 = CARTESIAN_POINT('',(377.42638182418,-340.8273886929,
    110.05240128408));
#152 = CARTESIAN_POINT('',(379.73562276372,-349.076023033,
    109.43457699785));
#153 = CARTESIAN_POINT('',(385.92015942773,-340.6843838109,
    110.29127768799));
#154 = CARTESIAN_POINT('',(387.95796901408,-353.184159996,
    108.86171822791));
#155 = CARTESIAN_POINT('',(392.55136708921,-352.2687322909,
    109.22081392127));
#156 = CARTESIAN_POINT('',(397.86107277384,-339.1683222094,
    110.7605822492));
#157 = CARTESIAN_POINT('',(397.6403,-349.4603339632,109.65478817622));
#158 = DEFINITIONAL_REPRESENTATION('',(#159),#163);
#159 = LINE('',#160,#161);
#160 = CARTESIAN_POINT('',(0.,0.));
#161 = VECTOR('',#162,1.);
#162 = DIRECTION('',(1.,0.));
#163 = ( GEOMETRIC_REPRESENTATION_CONTEXT(2) 
PARAMETRIC_REPRESENTATION_CONTEXT() REPRESENTATION_CONTEXT('2D SPACE',''
  ) );
#164 = PCURVE('',#165,#170);
#165 = PLANE('',#166);
#166 = AXIS2_PLACEMENT_3D('',#167,#168,#169);
#167 = CARTESIAN_POINT('',(140.9618,-349.0608861657,109.4896910697));
#168 = DIRECTION('',(1.,0.,0.));
#169 = DIRECTION('',(0.,-0.99222501103,0.124456930244));
#170 = DEFINITIONAL_REPRESENTATION('',(#171),#174);
#171 = B_SPLINE_CURVE_WITH_KNOTS('',1,(#172,#173),.UNSPECIFIED.,.F.,.F.,
  (2,2),(0.,1.),.PIECEWISE_BEZIER_KNOTS.);
#172 = CARTESIAN_POINT('',(0.,0.));
#173 = CARTESIAN_POINT('',(0.221865160434,-8.712646604181E-09));
#174 = ( GEOMETRIC_REPRESENTATION_CONTEXT(2) 
PARAMETRIC_REPRESENTATION_CONTEXT() REPRESENTATION_CONTEXT('2D SPACE',''
  ) );
#175 = ORIENTED_EDGE('',*,*,#176,.T.);
#176 = EDGE_CURVE('',#24,#177,#179,.T.);
#177 = VERTEX_POINT('',#178);
#178 = CARTESIAN_POINT('',(397.6403,-349.4603339632,109.65478817622));
#179 = SURFACE_CURVE('',#180,(#244,#251),.PCURVE_S1.);
#180 = ( BOUNDED_CURVE() B_SPLINE_CURVE(3,(#181,#182,#183,#184,#185,#186
    ,#187,#188,#189,#190,#191,#192,#193,#194,#195,#196,#197,#198,#199,
    #200,#201,#202,#203,#204,#205,#206,#207,#208,#209,#210,#211,#212,
    #213,#214,#215,#216,#217,#218,#219,#220,#221,#222,#223,#224,#225,
    #226,#227,#228,#229,#230,#231,#232,#233,#234,#235,#236,#237,#238,
    #239,#240,#241,#242,#243),.UNSPECIFIED.,.F.,.F.) 
B_SPLINE_CURVE_WITH_KNOTS((4,1,1,1,1,1,1,1,1,1,1,1,1,1,1,1,1,1,1,1,1,1,1
    ,1,1,1,1,1,1,1,1,1,1,1,1,1,1,1,1,1,1,1,1,1,1,1,1,1,1,1,1,1,1,1,1,1,1
    ,1,1,1,4),(0.,1.732138582393E-02,3.476147556169E-02,
    5.682134329819E-02,7.1962296323E-02,9.668171057498E-02,
    0.117312720082,0.137726814038,0.152748180615,0.167749813045,
    0.182740680817,0.197724569486,0.212727858992,0.227712266626,
    0.242722186927,0.257740578549,0.272730613132,0.287749851447,
    0.302807253127,0.317909897629,0.333164876512,0.348417208457,
    0.363717555355,0.379021830365,0.39430254102,0.409403510223,
    0.424503833082,0.439703221214,0.455034147268,0.475266642259,
    0.494822408855,0.514358099005,0.53448350075,0.549791243926,
    0.564993335593,0.580114457875,0.595233122966,0.610524778841,
    0.625831283594,0.641129798524,0.656395058325,0.671658347301,
    0.686764177688,0.701824559728,0.716841998439,0.731832580826,
    0.74685884212,0.761877146393,0.776861271766,0.791847146503,
    0.806852809101,0.821843806167,0.836903306197,0.851969913481,
    0.873073700462,0.890743423327,0.916073608219,0.937085032849,
0.966089436802,0.983488965917,1.),.UNSPECIFIED.) CURVE() 
GEOMETRIC_REPRESENTATION_ITEM() RATIONAL_B_SPLINE_CURVE((1.,
    0.99999999999,1.000000000005,0.999999999998,1.,1.,1.,1.,1.,1.,1.,1.,
    1.,1.,1.,1.,1.,1.,1.,1.,1.,1.,1.,1.,1.,1.,1.,1.,1.,1.,1.,1.,1.,1.,1.
    ,1.,1.,1.,1.,1.,1.,1.,1.,1.,1.,1.,1.,1.,1.,1.,1.,1.,1.,1.,1.,1.,1.,
    1.,1.,0.999999999999,1.000000000002,0.999999999996,1.)) 
REPRESENTATION_ITEM('') );
#181 = CARTESIAN_POINT('',(140.9618,-349.2810263258,109.51730373514));
#182 = CARTESIAN_POINT('',(139.3469737637,-354.2762304419,
    110.52258554571));
#183 = CARTESIAN_POINT('',(146.55711552643,-341.8241642406,
    108.3109829204));
#184 = CARTESIAN_POINT('',(149.83248812156,-343.858082775,
    108.48969110722));
#185 = CARTESIAN_POINT('',(152.63844988999,-344.5376875457,
    108.42937974783));
#186 = CARTESIAN_POINT('',(159.61432189493,-339.9820279773,
    107.41946753917));
#187 = CARTESIAN_POINT('',(161.57498576671,-355.5727966786,
    109.97149409528));
#188 = CARTESIAN_POINT('',(166.85069272796,-346.2719805116,
    108.36809030898));
#189 = CARTESIAN_POINT('',(170.05924171584,-339.6335048296,
    106.8112393832));
#190 = CARTESIAN_POINT('',(175.2605606702,-340.24484596,106.55861333119)
  );
#191 = CARTESIAN_POINT('',(179.44145366882,-339.7168076414,
    106.36848786195));
#192 = CARTESIAN_POINT('',(183.74546905009,-339.556291875,
    106.42793622452));
#193 = CARTESIAN_POINT('',(188.02212458981,-339.3542534783,
    106.33776600471));
#194 = CARTESIAN_POINT('',(192.29363155905,-339.2873539359,
    106.30492423294));
#195 = CARTESIAN_POINT('',(196.58004983101,-339.1941196089,
    106.2834355689));
#196 = CARTESIAN_POINT('',(200.85501156117,-339.2549027874,
    106.2737664676));
#197 = CARTESIAN_POINT('',(205.12596544359,-339.1824627157,
    106.2539025206));
#198 = CARTESIAN_POINT('',(209.41439322258,-339.2786941794,
    106.2408001641));
#199 = CARTESIAN_POINT('',(213.69322367635,-339.3906498266,
    106.31444622793));
#200 = CARTESIAN_POINT('',(217.96934112329,-339.4546525924,
    106.35446399766));
#201 = CARTESIAN_POINT('',(222.26952895422,-339.8669736458,
    106.70966117999));
#202 = CARTESIAN_POINT('',(226.5166643478,-339.6706083633,
    106.65612331337));
#203 = CARTESIAN_POINT('',(230.80856684708,-339.8947015525,
    106.90352282461));
#204 = CARTESIAN_POINT('',(235.07622110161,-339.7447388368,
    106.87878722645));
#205 = CARTESIAN_POINT('',(239.35488141397,-339.8574457316,
    106.97972895733));
#206 = CARTESIAN_POINT('',(243.60389158591,-340.019396526,
    107.18910595712));
#207 = CARTESIAN_POINT('',(247.90844854027,-340.3899991412,
    107.54215431007));
#208 = CARTESIAN_POINT('',(252.2213347776,-340.7672410153,
    107.78505855956));
#209 = CARTESIAN_POINT('',(256.41797633353,-342.0598444438,
    108.39023198592));
#210 = CARTESIAN_POINT('',(261.49749220731,-341.3558173744,
    108.76630307128));
#211 = CARTESIAN_POINT('',(264.82846846707,-350.1025442068,
    107.87733281727));
#212 = CARTESIAN_POINT('',(269.29986524939,-342.9414826297,
    108.45691775375));
#213 = CARTESIAN_POINT('',(273.76120192934,-347.76193844,107.53533240256
    ));
#214 = CARTESIAN_POINT('',(277.11561224167,-350.1696465238,
    110.14917177634));
#215 = CARTESIAN_POINT('',(282.18739413143,-350.702366554,
    109.58337800036));
#216 = CARTESIAN_POINT('',(286.38362479911,-351.2342879219,
    109.81003998316));
#217 = CARTESIAN_POINT('',(290.6929217221,-351.5478775062,109.7291318591
    ));
#218 = CARTESIAN_POINT('',(294.99728518776,-350.7452310801,
    109.94619897364));
#219 = CARTESIAN_POINT('',(299.24599549207,-349.6639785164,
    110.00705075177));
#220 = CARTESIAN_POINT('',(303.52499017227,-348.835030767,
    109.85896981874));
#221 = CARTESIAN_POINT('',(307.79622056725,-347.969490719,109.9480693097
    ));
#222 = CARTESIAN_POINT('',(312.08441986464,-347.5686920178,
    109.86774793909));
#223 = CARTESIAN_POINT('',(316.3318452167,-346.4610968847,
    110.14643548374));
#224 = CARTESIAN_POINT('',(320.63289091038,-346.2935857066,
    110.11143936881));
#225 = CARTESIAN_POINT('',(324.90801010291,-345.7773525117,
    110.09934537624));
#226 = CARTESIAN_POINT('',(329.18807309953,-345.6225892087,
    109.99899162568));
#227 = CARTESIAN_POINT('',(333.47733801931,-345.320968891,
    109.90945412318));
#228 = CARTESIAN_POINT('',(337.7470456075,-346.055970657,109.62031110829
    ));
#229 = CARTESIAN_POINT('',(342.02123400371,-345.3568358985,
    109.73524233957));
#230 = CARTESIAN_POINT('',(346.30443528757,-345.5724410838,
    109.61680761323));
#231 = CARTESIAN_POINT('',(350.5884217255,-345.6495373236,
    109.53695549014));
#232 = CARTESIAN_POINT('',(354.84926238005,-345.4879131681,
    109.50910289795));
#233 = CARTESIAN_POINT('',(359.17649042862,-345.9501457263,
    109.33950289181));
#234 = CARTESIAN_POINT('',(363.32021844008,-345.2920271731,
    109.43120392362));
#235 = CARTESIAN_POINT('',(368.68503275418,-346.9023593442,
    109.05863565568));
#236 = CARTESIAN_POINT('',(371.24903411287,-343.6006822089,
    110.06005273523));
#237 = CARTESIAN_POINT('',(377.42638182418,-340.8273886929,
    110.05240128408));
#238 = CARTESIAN_POINT('',(379.73562276372,-349.076023033,
    109.43457699785));
#239 = CARTESIAN_POINT('',(385.92015942773,-340.6843838109,
    110.29127768799));
#240 = CARTESIAN_POINT('',(387.95796901408,-353.184159996,
    108.86171822791));
#241 = CARTESIAN_POINT('',(392.55136708921,-352.2687322909,
    109.22081392127));
#242 = CARTESIAN_POINT('',(397.86107277384,-339.1683222094,
    110.7605822492));
#243 = CARTESIAN_POINT('',(397.6403,-349.4603339632,109.65478817622));
#244 = PCURVE('',#31,#245);
#245 = DEFINITIONAL_REPRESENTATION('',(#246),#250);
#246 = LINE('',#247,#248);
#247 = CARTESIAN_POINT('',(1.,0.));
#248 = VECTOR('',#249,1.);
#249 = DIRECTION('',(0.,1.));
#250 = ( GEOMETRIC_REPRESENTATION_CONTEXT(2) 
PARAMETRIC_REPRESENTATION_CONTEXT() REPRESENTATION_CONTEXT('2D SPACE',''
  ) );
#251 = PCURVE('',#252,#379);
#252 = ( BOUNDED_SURFACE() B_SPLINE_SURFACE(1,3,(
    (#253,#254,#255,#256,#257,#258,#259,#260,#261,#262,#263,#264,#265
      ,#266,#267,#268,#269,#270,#271,#272,#273,#274,#275,#276,#277,#278
      ,#279,#280,#281,#282,#283,#284,#285,#286,#287,#288,#289,#290,#291
      ,#292,#293,#294,#295,#296,#297,#298,#299,#300,#301,#302,#303,#304
      ,#305,#306,#307,#308,#309,#310,#311,#312,#313,#314,#315)
    ,(#316,#317,#318,#319,#320,#321,#322,#323,#324,#325,#326,#327,#328
      ,#329,#330,#331,#332,#333,#334,#335,#336,#337,#338,#339,#340,#341
      ,#342,#343,#344,#345,#346,#347,#348,#349,#350,#351,#352,#353,#354
      ,#355,#356,#357,#358,#359,#360,#361,#362,#363,#364,#365,#366,#367
      ,#368,#369,#370,#371,#372,#373,#374,#375,#376,#377,#378
)),.UNSPECIFIED.,.F.,.F.,.F.) B_SPLINE_SURFACE_WITH_KNOTS((2,2),(4,1,1,1
    ,1,1,1,1,1,1,1,1,1,1,1,1,1,1,1,1,1,1,1,1,1,1,1,1,1,1,1,1,1,1,1,1,1,1
    ,1,1,1,1,1,1,1,1,1,1,1,1,1,1,1,1,1,1,1,1,1,1,4),(1.,2.),(0.,
    1.732138582393E-02,3.476147556169E-02,5.682134329819E-02,
    7.1962296323E-02,9.668171057498E-02,0.117312720082,0.137726814038,
    0.152748180615,0.167749813045,0.182740680817,0.197724569486,
    0.212727858992,0.227712266626,0.242722186927,0.257740578549,
    0.272730613132,0.287749851447,0.302807253127,0.317909897629,
    0.333164876512,0.348417208457,0.363717555355,0.379021830365,
    0.39430254102,0.409403510223,0.424503833082,0.439703221214,
    0.455034147268,0.475266642259,0.494822408855,0.514358099005,
    0.53448350075,0.549791243926,0.564993335593,0.580114457875,
    0.595233122966,0.610524778841,0.625831283594,0.641129798524,
    0.656395058325,0.671658347301,0.686764177688,0.701824559728,
    0.716841998439,0.731832580826,0.74685884212,0.761877146393,
    0.776861271766,0.791847146503,0.806852809101,0.821843806167,
    0.836903306197,0.851969913481,0.873073700462,0.890743423327,
    0.916073608219,0.937085032849,0.966089436802,0.983488965917,1.),
.UNSPECIFIED.) GEOMETRIC_REPRESENTATION_ITEM() RATIONAL_B_SPLINE_SURFACE
((
    (1.,0.99999999999,1.000000000005,0.999999999998,1.,1.,1.,1.,1.,1.,1.
      ,1.,1.,1.,1.,1.,1.,1.,1.,1.,1.,1.,1.,1.,1.,1.,1.,1.,1.,1.,1.,1.,1.
      ,1.,1.,1.,1.,1.,1.,1.,1.,1.,1.,1.,1.,1.,1.,1.,1.,1.,1.,1.,1.,1.,1.
      ,1.,1.,1.,1.,0.999999999999,1.000000000002,0.999999999996,1.)
    ,(1.,0.99999999999,1.000000000005,0.999999999998,1.,1.,1.,1.,1.,1.
      ,1.,1.,1.,1.,1.,1.,1.,1.,1.,1.,1.,1.,1.,1.,1.,1.,1.,1.,1.,1.,1.,1.
      ,1.,1.,1.,1.,1.,1.,1.,1.,1.,1.,1.,1.,1.,1.,1.,1.,1.,1.,1.,1.,1.,1.
      ,1.,1.,1.,1.,1.,0.999999999999,1.000000000002,0.999999999996,1.
))) REPRESENTATION_ITEM('') SURFACE() );
#253 = CARTESIAN_POINT('',(140.9618,-349.2810263258,109.51730373514));
#254 = CARTESIAN_POINT('',(139.3469737637,-354.2762304419,
    110.52258554571));
#255 = CARTESIAN_POINT('',(146.55711552643,-341.8241642406,
    108.3109829204));
#256 = CARTESIAN_POINT('',(149.83248812156,-343.858082775,
    108.48969110722));
#257 = CARTESIAN_POINT('',(152.63844988999,-344.5376875457,
    108.42937974783));
#258 = CARTESIAN_POINT('',(159.61432189493,-339.9820279773,
    107.41946753917));
#259 = CARTESIAN_POINT('',(161.57498576671,-355.5727966786,
    109.97149409528));
#260 = CARTESIAN_POINT('',(166.85069272796,-346.2719805116,
    108.36809030898));
#261 = CARTESIAN_POINT('',(170.05924171584,-339.6335048296,
    106.8112393832));
#262 = CARTESIAN_POINT('',(175.2605606702,-340.24484596,106.55861333119)
  );
#263 = CARTESIAN_POINT('',(179.44145366882,-339.7168076414,
    106.36848786195));
#264 = CARTESIAN_POINT('',(183.74546905009,-339.556291875,
    106.42793622452));
#265 = CARTESIAN_POINT('',(188.02212458981,-339.3542534783,
    106.33776600471));
#266 = CARTESIAN_POINT('',(192.29363155905,-339.2873539359,
    106.30492423294));
#267 = CARTESIAN_POINT('',(196.58004983101,-339.1941196089,
    106.2834355689));
#268 = CARTESIAN_POINT('',(200.85501156117,-339.2549027874,
    106.2737664676));
#269 = CARTESIAN_POINT('',(205.12596544359,-339.1824627157,
    106.2539025206));
#270 = CARTESIAN_POINT('',(209.41439322258,-339.2786941794,
    106.2408001641));
#271 = CARTESIAN_POINT('',(213.69322367635,-339.3906498266,
    106.31444622793));
#272 = CARTESIAN_POINT('',(217.96934112329,-339.4546525924,
    106.35446399766));
#273 = CARTESIAN_POINT('',(222.26952895422,-339.8669736458,
    106.70966117999));
#274 = CARTESIAN_POINT('',(226.5166643478,-339.6706083633,
    106.65612331337));
#275 = CARTESIAN_POINT('',(230.80856684708,-339.8947015525,
    106.90352282461));
#276 = CARTESIAN_POINT('',(235.07622110161,-339.7447388368,
    106.87878722645));
#277 = CARTESIAN_POINT('',(239.35488141397,-339.8574457316,
    106.97972895733));
#278 = CARTESIAN_POINT('',(243.60389158591,-340.019396526,
    107.18910595712));
#279 = CARTESIAN_POINT('',(247.90844854027,-340.3899991412,
    107.54215431007));
#280 = CARTESIAN_POINT('',(252.2213347776,-340.7672410153,
    107.78505855956));
#281 = CARTESIAN_POINT('',(256.41797633353,-342.0598444438,
    108.39023198592));
#282 = CARTESIAN_POINT('',(261.49749220731,-341.3558173744,
    108.76630307128));
#283 = CARTESIAN_POINT('',(264.82846846707,-350.1025442068,
    107.87733281727));
#284 = CARTESIAN_POINT('',(269.29986524939,-342.9414826297,
    108.45691775375));
#285 = CARTESIAN_POINT('',(273.76120192934,-347.76193844,107.53533240256
    ));
#286 = CARTESIAN_POINT('',(277.11561224167,-350.1696465238,
    110.14917177634));
#287 = CARTESIAN_POINT('',(282.18739413143,-350.702366554,
    109.58337800036));
#288 = CARTESIAN_POINT('',(286.38362479911,-351.2342879219,
    109.81003998316));
#289 = CARTESIAN_POINT('',(290.6929217221,-351.5478775062,109.7291318591
    ));
#290 = CARTESIAN_POINT('',(294.99728518776,-350.7452310801,
    109.94619897364));
#291 = CARTESIAN_POINT('',(299.24599549207,-349.6639785164,
    110.00705075177));
#292 = CARTESIAN_POINT('',(303.52499017227,-348.835030767,
    109.85896981874));
#293 = CARTESIAN_POINT('',(307.79622056725,-347.969490719,109.9480693097
    ));
#294 = CARTESIAN_POINT('',(312.08441986464,-347.5686920178,
    109.86774793909));
#295 = CARTESIAN_POINT('',(316.3318452167,-346.4610968847,
    110.14643548374));
#296 = CARTESIAN_POINT('',(320.63289091038,-346.2935857066,
    110.11143936881));
#297 = CARTESIAN_POINT('',(324.90801010291,-345.7773525117,
    110.09934537624));
#298 = CARTESIAN_POINT('',(329.18807309953,-345.6225892087,
    109.99899162568));
#299 = CARTESIAN_POINT('',(333.47733801931,-345.320968891,
    109.90945412318));
#300 = CARTESIAN_POINT('',(337.7470456075,-346.055970657,109.62031110829
    ));
#301 = CARTESIAN_POINT('',(342.02123400371,-345.3568358985,
    109.73524233957));
#302 = CARTESIAN_POINT('',(346.30443528757,-345.5724410838,
    109.61680761323));
#303 = CARTESIAN_POINT('',(350.5884217255,-345.6495373236,
    109.53695549014));
#304 = CARTESIAN_POINT('',(354.84926238005,-345.4879131681,
    109.50910289795));
#305 = CARTESIAN_POINT('',(359.17649042862,-345.9501457263,
    109.33950289181));
#306 = CARTESIAN_POINT('',(363.32021844008,-345.2920271731,
    109.43120392362));
#307 = CARTESIAN_POINT('',(368.68503275418,-346.9023593442,
    109.05863565568));
#308 = CARTESIAN_POINT('',(371.24903411287,-343.6006822089,
    110.06005273523));
#309 = CARTESIAN_POINT('',(377.42638182418,-340.8273886929,
    110.05240128408));
#310 = CARTESIAN_POINT('',(379.73562276372,-349.076023033,
    109.43457699785));
#311 = CARTESIAN_POINT('',(385.92015942773,-340.6843838109,
    110.29127768799));
#312 = CARTESIAN_POINT('',(387.95796901408,-353.184159996,
    108.86171822791));
#313 = CARTESIAN_POINT('',(392.55136708921,-352.2687322909,
    109.22081392127));
#314 = CARTESIAN_POINT('',(397.86107277384,-339.1683222094,
    110.7605822492));
#315 = CARTESIAN_POINT('',(397.6403,-349.4603339632,109.65478817622));
#316 = CARTESIAN_POINT('',(140.9618,-349.501166486,109.54491640059));
#317 = CARTESIAN_POINT('',(139.3469737637,-355.047796491,110.61622932802
    ));
#318 = CARTESIAN_POINT('',(146.55711552643,-342.2762921959,
    108.36456482788));
#319 = CARTESIAN_POINT('',(149.83248812156,-344.1577071382,
    108.53475123401));
#320 = CARTESIAN_POINT('',(152.63844988999,-345.4585307231,
    108.57212350663));
#321 = CARTESIAN_POINT('',(159.61432189493,-341.0950966299,
    107.5921578363));
#322 = CARTESIAN_POINT('',(161.57498576671,-355.9202514087,
    110.03135300372));
#323 = CARTESIAN_POINT('',(166.85069272796,-346.7007351954,
    108.4196082245));
#324 = CARTESIAN_POINT('',(170.05924171584,-340.9844679717,
    107.1147520683));
#325 = CARTESIAN_POINT('',(175.2605606702,-341.4838633679,
    106.73210818274));
#326 = CARTESIAN_POINT('',(179.44145366882,-341.03907348,106.53281681059
    ));
#327 = CARTESIAN_POINT('',(183.74546905009,-340.8979034218,
    106.58272798042));
#328 = CARTESIAN_POINT('',(188.02212458981,-340.7004084143,
    106.50388986215));
#329 = CARTESIAN_POINT('',(192.29363155905,-340.6683187482,
    106.52476326367));
#330 = CARTESIAN_POINT('',(196.58004983101,-340.5870142961,
    106.55637371647));
#331 = CARTESIAN_POINT('',(200.85501156117,-340.5812319626,
    106.56521719683));
#332 = CARTESIAN_POINT('',(205.12596544359,-340.5728760827,
    106.58309956675));
#333 = CARTESIAN_POINT('',(209.41439322258,-340.6277597226,
    106.62218762289));
#334 = CARTESIAN_POINT('',(213.69322367635,-340.7273241171,
    106.6470716131));
#335 = CARTESIAN_POINT('',(217.96934112329,-340.6965462655,
    106.80815326608));
#336 = CARTESIAN_POINT('',(222.26952895422,-341.0810377057,
    107.06112832743));
#337 = CARTESIAN_POINT('',(226.5166643478,-340.7153545003,
    107.22121030974));
#338 = CARTESIAN_POINT('',(230.80856684708,-340.8395610957,
    107.49009566805));
#339 = CARTESIAN_POINT('',(235.07622110161,-340.5271992659,
    107.56101781918));
#340 = CARTESIAN_POINT('',(239.35488141397,-340.5038656934,
    107.68578677578));
#341 = CARTESIAN_POINT('',(243.60389158591,-340.5421422833,
    107.8972834599));
#342 = CARTESIAN_POINT('',(247.90844854027,-340.7546336156,
    108.25550112982));
#343 = CARTESIAN_POINT('',(252.2213347776,-341.1531910487,
    108.37908135032));
#344 = CARTESIAN_POINT('',(256.41797633353,-342.4172045268,
    108.92389133541));
#345 = CARTESIAN_POINT('',(261.49749220731,-341.8385605471,
    109.08181730148));
#346 = CARTESIAN_POINT('',(264.82846846707,-349.9736848369,
    108.81249061485));
#347 = CARTESIAN_POINT('',(269.29986524939,-342.9285592121,
    108.98791780586));
#348 = CARTESIAN_POINT('',(273.76120192934,-347.942730871,
    108.52733108826));
#349 = CARTESIAN_POINT('',(277.11561224167,-349.5085075572,
    110.24094332555));
#350 = CARTESIAN_POINT('',(282.18739413143,-350.2329469099,
    110.00931208103));
#351 = CARTESIAN_POINT('',(286.38362479911,-350.6388669687,
    110.21051596748));
#352 = CARTESIAN_POINT('',(290.6929217221,-350.9354744775,
    110.24056512995));
#353 = CARTESIAN_POINT('',(294.99728518776,-350.0977142835,
    110.53762544803));
#354 = CARTESIAN_POINT('',(299.24599549207,-348.8666448757,
    110.54536536436));
#355 = CARTESIAN_POINT('',(303.52499017227,-347.9651822064,
    110.42287425456));
#356 = CARTESIAN_POINT('',(307.79622056725,-346.9631219287,
    110.42414678664));
#357 = CARTESIAN_POINT('',(312.08441986464,-346.4679202849,
    110.3084679921));
#358 = CARTESIAN_POINT('',(316.3318452167,-345.2828380075,
    110.59044900427));
#359 = CARTESIAN_POINT('',(320.63289091038,-345.0467086644,
    110.56417259841));
#360 = CARTESIAN_POINT('',(324.90801010291,-344.4584488419,
    110.50025013594));
#361 = CARTESIAN_POINT('',(329.18807309953,-344.2800767706,
    110.4249030378));
#362 = CARTESIAN_POINT('',(333.47733801931,-343.9421476058,
    110.30055113426));
#363 = CARTESIAN_POINT('',(337.7470456075,-344.7267612965,
    109.96857953061));
#364 = CARTESIAN_POINT('',(342.02123400371,-343.9604909109,
    110.03195448439));
#365 = CARTESIAN_POINT('',(346.30443528757,-344.2104154443,
    109.92339286849));
#366 = CARTESIAN_POINT('',(350.5884217255,-344.2942063493,109.8383528881
    ));
#367 = CARTESIAN_POINT('',(354.84926238005,-344.1935194067,
    109.79423072093));
#368 = CARTESIAN_POINT('',(359.17649042862,-344.6404638,109.64259097627)
  );
#369 = CARTESIAN_POINT('',(363.32021844008,-344.0654931441,
    109.65797281815));
#370 = CARTESIAN_POINT('',(368.68503275418,-345.6582065459,
    109.2842497413));
#371 = CARTESIAN_POINT('',(371.24903411287,-342.7297468214,
    110.30688592194));
#372 = CARTESIAN_POINT('',(377.42638182418,-340.5363416033,
    110.08658928614));
#373 = CARTESIAN_POINT('',(379.73562276372,-347.7468803308,
    109.60698346509));
#374 = CARTESIAN_POINT('',(385.92015942773,-340.3289044869,
    110.3638721308));
#375 = CARTESIAN_POINT('',(387.95796901408,-352.8948808347,
    108.90862710301));
#376 = CARTESIAN_POINT('',(392.55136708921,-351.5324316683,
    109.30899836329));
#377 = CARTESIAN_POINT('',(397.86107277384,-339.0770204999,
    110.77075343567));
#378 = CARTESIAN_POINT('',(397.6403,-349.2840836791,109.67531943589));
#379 = DEFINITIONAL_REPRESENTATION('',(#380),#384);
#380 = LINE('',#381,#382);
#381 = CARTESIAN_POINT('',(1.,0.));
#382 = VECTOR('',#383,1.);
#383 = DIRECTION('',(0.,1.));
#384 = ( GEOMETRIC_REPRESENTATION_CONTEXT(2) 
PARAMETRIC_REPRESENTATION_CONTEXT() REPRESENTATION_CONTEXT('2D SPACE',''
  ) );
#385 = ORIENTED_EDGE('',*,*,#386,.F.);
#386 = EDGE_CURVE('',#387,#177,#389,.T.);
#387 = VERTEX_POINT('',#388);
#388 = CARTESIAN_POINT('',(397.6403,-349.6365842472,109.63425691656));
#389 = SURFACE_CURVE('',#390,(#393,#400),.PCURVE_S1.);
#390 = B_SPLINE_CURVE_WITH_KNOTS('',1,(#391,#392),.UNSPECIFIED.,.F.,.F.,
  (2,2),(0.,1.),.PIECEWISE_BEZIER_KNOTS.);
#391 = CARTESIAN_POINT('',(397.6403,-349.6365842472,109.63425691656));
#392 = CARTESIAN_POINT('',(397.6403,-349.4603339632,109.65478817622));
#393 = PCURVE('',#31,#394);
#394 = DEFINITIONAL_REPRESENTATION('',(#395),#399);
#395 = LINE('',#396,#397);
#396 = CARTESIAN_POINT('',(0.,1.));
#397 = VECTOR('',#398,1.);
#398 = DIRECTION('',(1.,0.));
#399 = ( GEOMETRIC_REPRESENTATION_CONTEXT(2) 
PARAMETRIC_REPRESENTATION_CONTEXT() REPRESENTATION_CONTEXT('2D SPACE',''
  ) );
#400 = PCURVE('',#401,#406);
#401 = PLANE('',#402);
#402 = AXIS2_PLACEMENT_3D('',#403,#404,#405);
#403 = CARTESIAN_POINT('',(397.6403,-349.6365842472,109.63425691656));
#404 = DIRECTION('',(1.,0.,0.));
#405 = DIRECTION('',(0.,-0.993282982322,-0.115710487985));
#406 = DEFINITIONAL_REPRESENTATION('',(#407),#410);
#407 = B_SPLINE_CURVE_WITH_KNOTS('',1,(#408,#409),.UNSPECIFIED.,.F.,.F.,
  (2,2),(0.,1.),.PIECEWISE_BEZIER_KNOTS.);
#408 = CARTESIAN_POINT('',(0.,0.));
#409 = CARTESIAN_POINT('',(-0.177442089892,6.555471543379E-07));
#410 = ( GEOMETRIC_REPRESENTATION_CONTEXT(2) 
PARAMETRIC_REPRESENTATION_CONTEXT() REPRESENTATION_CONTEXT('2D SPACE',''
  ) );
#411 = ORIENTED_EDGE('',*,*,#412,.F.);
#412 = EDGE_CURVE('',#22,#387,#413,.T.);
#413 = SURFACE_CURVE('',#414,(#478,#485),.PCURVE_S1.);
#414 = ( BOUNDED_CURVE() B_SPLINE_CURVE(3,(#415,#416,#417,#418,#419,#420
    ,#421,#422,#423,#424,#425,#426,#427,#428,#429,#430,#431,#432,#433,
    #434,#435,#436,#437,#438,#439,#440,#441,#442,#443,#444,#445,#446,
    #447,#448,#449,#450,#451,#452,#453,#454,#455,#456,#457,#458,#459,
    #460,#461,#462,#463,#464,#465,#466,#467,#468,#469,#470,#471,#472,
    #473,#474,#475,#476,#477),.UNSPECIFIED.,.F.,.F.) 
B_SPLINE_CURVE_WITH_KNOTS((4,1,1,1,1,1,1,1,1,1,1,1,1,1,1,1,1,1,1,1,1,1,1
    ,1,1,1,1,1,1,1,1,1,1,1,1,1,1,1,1,1,1,1,1,1,1,1,1,1,1,1,1,1,1,1,1,1,1
    ,1,1,1,4),(0.,1.732138582393E-02,3.476147556169E-02,
    5.682134329819E-02,7.1962296323E-02,9.668171057498E-02,
    0.117312720082,0.137726814038,0.152748180615,0.167749813045,
    0.182740680817,0.197724569486,0.212727858992,0.227712266626,
    0.242722186927,0.257740578549,0.272730613132,0.287749851447,
    0.302807253127,0.317909897629,0.333164876512,0.348417208457,
    0.363717555355,0.379021830365,0.39430254102,0.409403510223,
    0.424503833082,0.439703221214,0.455034147268,0.475266642259,
    0.494822408855,0.514358099005,0.53448350075,0.549791243926,
    0.564993335593,0.580114457875,0.595233122966,0.610524778841,
    0.625831283594,0.641129798524,0.656395058325,0.671658347301,
    0.686764177688,0.701824559728,0.716841998439,0.731832580826,
    0.74685884212,0.761877146393,0.776861271766,0.791847146503,
    0.806852809101,0.821843806167,0.836903306197,0.851969913481,
    0.873073700462,0.890743423327,0.916073608219,0.937085032849,
0.966089436802,0.983488965917,1.),.UNSPECIFIED.) CURVE() 
GEOMETRIC_REPRESENTATION_ITEM() RATIONAL_B_SPLINE_CURVE((1.,
    0.99999999999,1.000000000005,0.999999999998,1.,1.,1.,1.,1.,1.,1.,1.,
    1.,1.,1.,1.,1.,1.,1.,1.,1.,1.,1.,1.,1.,1.,1.,1.,1.,1.,1.,1.,1.,1.,1.
    ,1.,1.,1.,1.,1.,1.,1.,1.,1.,1.,1.,1.,1.,1.,1.,1.,1.,1.,1.,1.,1.,1.,
    1.,1.,0.999999999999,1.000000000002,0.999999999996,1.)) 
REPRESENTATION_ITEM('') );
#415 = CARTESIAN_POINT('',(140.9618,-349.0608861657,109.4896910697));
#416 = CARTESIAN_POINT('',(139.3469737637,-353.5043156363,
    110.43114805361));
#417 = CARTESIAN_POINT('',(146.55711552643,-341.3721919069,
    108.25640455181));
#418 = CARTESIAN_POINT('',(149.83248812156,-343.5584253263,
    108.44488729422));
#419 = CARTESIAN_POINT('',(152.63844988999,-343.6167557213,
    108.28700095639));
#420 = CARTESIAN_POINT('',(159.61432189493,-338.8692606236,
    107.24547265279));
#421 = CARTESIAN_POINT('',(161.57498576671,-355.223489616,
    109.91970469128));
#422 = CARTESIAN_POINT('',(166.85069272796,-345.8487835514,
    108.29235466688));
#423 = CARTESIAN_POINT('',(170.05924171584,-338.2642362464,
    106.5874941642));
#424 = CARTESIAN_POINT('',(175.2605606702,-338.9935142669,106.5586508511
    ));
#425 = CARTESIAN_POINT('',(179.44145366882,-338.3836128675,
    106.33226625421));
#426 = CARTESIAN_POINT('',(183.74546905009,-338.2064921834,
    106.3816284708));
#427 = CARTESIAN_POINT('',(188.02212458981,-338.0000592554,
    106.29189389555));
#428 = CARTESIAN_POINT('',(192.29363155905,-337.8923489918,
    106.20528675866));
#429 = CARTESIAN_POINT('',(196.58004983101,-337.7816009171,
    106.15257653884));
#430 = CARTESIAN_POINT('',(200.85501156117,-337.9106661305,
    106.09320243463));
#431 = CARTESIAN_POINT('',(205.12596544359,-337.7735194276,
    106.03827699645));
#432 = CARTESIAN_POINT('',(209.41439322258,-337.9056766531,
    105.96336166713));
#433 = CARTESIAN_POINT('',(213.69322367635,-338.0582155952,
    105.97683863893));
#434 = CARTESIAN_POINT('',(217.96934112329,-338.1712346251,
    106.01383172074));
#435 = CARTESIAN_POINT('',(222.26952895422,-338.7644319605,
    106.09106018625));
#436 = CARTESIAN_POINT('',(226.5166643478,-338.5778026683,
    106.18363275437));
#437 = CARTESIAN_POINT('',(230.80856684708,-339.0049530991,
    106.22960354021));
#438 = CARTESIAN_POINT('',(235.07622110161,-338.9719161256,
    106.18776941683));
#439 = CARTESIAN_POINT('',(239.35488141397,-339.3261103462,
    106.1738439649));
#440 = CARTESIAN_POINT('',(243.60389158591,-339.567289603,
    106.44074224014));
#441 = CARTESIAN_POINT('',(247.90844854027,-340.0342583411,
    106.82516738043));
#442 = CARTESIAN_POINT('',(252.2213347776,-340.5106689769,
    107.11724219589));
#443 = CARTESIAN_POINT('',(256.41797633353,-341.7803804844,
    107.80861471966));
#444 = CARTESIAN_POINT('',(261.49749220731,-340.9853568107,
    108.36810111753));
#445 = CARTESIAN_POINT('',(264.82846846707,-350.1989401773,
    106.96542937725));
#446 = CARTESIAN_POINT('',(269.29986524939,-342.9635908021,
    107.92160765862));
#447 = CARTESIAN_POINT('',(273.76120192934,-347.5762222189,
    106.53765460089));
#448 = CARTESIAN_POINT('',(277.11561224167,-350.8400896413,
    110.08281412862));
#449 = CARTESIAN_POINT('',(282.18739413143,-351.2097309612,
    109.21262001853));
#450 = CARTESIAN_POINT('',(286.38362479911,-351.8350134649,
    109.41197650823));
#451 = CARTESIAN_POINT('',(290.6929217221,-352.13412075,109.18688391798)
  );
#452 = CARTESIAN_POINT('',(294.99728518776,-351.4172318209,
    109.38636429569));
#453 = CARTESIAN_POINT('',(299.24599549207,-350.438689231,
    109.43639866615));
#454 = CARTESIAN_POINT('',(303.52499017227,-349.7151913219,
    109.31113000805));
#455 = CARTESIAN_POINT('',(307.79622056725,-348.9781470391,
    109.47930307171));
#456 = CARTESIAN_POINT('',(312.08441986464,-348.6642001405,
    109.41188707522));
#457 = CARTESIAN_POINT('',(316.3318452167,-347.6585225577,
    109.75567466604));
#458 = CARTESIAN_POINT('',(320.63289091038,-347.5523916323,
    109.6944471544));
#459 = CARTESIAN_POINT('',(324.90801010291,-347.1004475302,
    109.71178324629));
#460 = CARTESIAN_POINT('',(329.18807309953,-346.9840987939,
    109.63903983605));
#461 = CARTESIAN_POINT('',(333.47733801931,-346.7011495457,
    109.52312449742));
#462 = CARTESIAN_POINT('',(337.7470456075,-347.3914870281,
    109.29782774108));
#463 = CARTESIAN_POINT('',(342.02123400371,-346.7444597281,
    109.40164854538));
#464 = CARTESIAN_POINT('',(346.30443528757,-346.9273396062,
    109.27961809986));
#465 = CARTESIAN_POINT('',(350.5884217255,-347.0080671886,
    109.24965696535));
#466 = CARTESIAN_POINT('',(354.84926238005,-346.7844229979,
    109.2340349639));
#467 = CARTESIAN_POINT('',(359.17649042862,-347.2630427907,
    109.05102401514));
#468 = CARTESIAN_POINT('',(363.32021844008,-346.5193032258,
    109.2087890318));
#469 = CARTESIAN_POINT('',(368.68503275418,-348.1506384237,
    108.85533164396));
#470 = CARTESIAN_POINT('',(371.24903411287,-344.4703568594,
    109.80604933546));
#471 = CARTESIAN_POINT('',(377.42638182418,-341.1197145893,
    110.02645231477));
#472 = CARTESIAN_POINT('',(379.73562276372,-350.400382062,
    109.22939613488));
#473 = CARTESIAN_POINT('',(385.92015942773,-341.0414398447,
    110.22948690429));
#474 = CARTESIAN_POINT('',(387.95796901408,-353.4738178627,
    108.81739834466));
#475 = CARTESIAN_POINT('',(392.55136708921,-353.0036950088,
    109.1234747299));
#476 = CARTESIAN_POINT('',(397.86107277384,-339.262534689,
    110.77032943949));
#477 = CARTESIAN_POINT('',(397.6403,-349.6365842472,109.63425691656));
#478 = PCURVE('',#31,#479);
#479 = DEFINITIONAL_REPRESENTATION('',(#480),#484);
#480 = LINE('',#481,#482);
#481 = CARTESIAN_POINT('',(0.,0.));
#482 = VECTOR('',#483,1.);
#483 = DIRECTION('',(0.,1.));
#484 = ( GEOMETRIC_REPRESENTATION_CONTEXT(2) 
PARAMETRIC_REPRESENTATION_CONTEXT() REPRESENTATION_CONTEXT('2D SPACE',''
  ) );
#485 = PCURVE('',#486,#613);
#486 = ( BOUNDED_SURFACE() B_SPLINE_SURFACE(1,3,(
    (#487,#488,#489,#490,#491,#492,#493,#494,#495,#496,#497,#498,#499
      ,#500,#501,#502,#503,#504,#505,#506,#507,#508,#509,#510,#511,#512
      ,#513,#514,#515,#516,#517,#518,#519,#520,#521,#522,#523,#524,#525
      ,#526,#527,#528,#529,#530,#531,#532,#533,#534,#535,#536,#537,#538
      ,#539,#540,#541,#542,#543,#544,#545,#546,#547,#548,#549)
    ,(#550,#551,#552,#553,#554,#555,#556,#557,#558,#559,#560,#561,#562
      ,#563,#564,#565,#566,#567,#568,#569,#570,#571,#572,#573,#574,#575
      ,#576,#577,#578,#579,#580,#581,#582,#583,#584,#585,#586,#587,#588
      ,#589,#590,#591,#592,#593,#594,#595,#596,#597,#598,#599,#600,#601
      ,#602,#603,#604,#605,#606,#607,#608,#609,#610,#611,#612
)),.UNSPECIFIED.,.F.,.F.,.F.) B_SPLINE_SURFACE_WITH_KNOTS((2,2),(4,1,1,1
    ,1,1,1,1,1,1,1,1,1,1,1,1,1,1,1,1,1,1,1,1,1,1,1,1,1,1,1,1,1,1,1,1,1,1
    ,1,1,1,1,1,1,1,1,1,1,1,1,1,1,1,1,1,1,1,1,1,1,4),(39.,40.),(0.,
    1.732138582393E-02,3.476147556169E-02,5.682134329819E-02,
    7.1962296323E-02,9.668171057498E-02,0.117312720082,0.137726814038,
    0.152748180615,0.167749813045,0.182740680817,0.197724569486,
    0.212727858992,0.227712266626,0.242722186927,0.257740578549,
    0.272730613132,0.287749851447,0.302807253127,0.317909897629,
    0.333164876512,0.348417208457,0.363717555355,0.379021830365,
    0.39430254102,0.409403510223,0.424503833082,0.439703221214,
    0.455034147268,0.475266642259,0.494822408855,0.514358099005,
    0.53448350075,0.549791243926,0.564993335593,0.580114457875,
    0.595233122966,0.610524778841,0.625831283594,0.641129798524,
    0.656395058325,0.671658347301,0.686764177688,0.701824559728,
    0.716841998439,0.731832580826,0.74685884212,0.761877146393,
    0.776861271766,0.791847146503,0.806852809101,0.821843806167,
    0.836903306197,0.851969913481,0.873073700462,0.890743423327,
    0.916073608219,0.937085032849,0.966089436802,0.983488965917,1.),
.UNSPECIFIED.) GEOMETRIC_REPRESENTATION_ITEM() RATIONAL_B_SPLINE_SURFACE
((
    (1.,0.99999999999,1.000000000005,0.999999999998,1.,1.,1.,1.,1.,1.,1.
      ,1.,1.,1.,1.,1.,1.,1.,1.,1.,1.,1.,1.,1.,1.,1.,1.,1.,1.,1.,1.,1.,1.
      ,1.,1.,1.,1.,1.,1.,1.,1.,1.,1.,1.,1.,1.,1.,1.,1.,1.,1.,1.,1.,1.,1.
      ,1.,1.,1.,1.,0.999999999999,1.000000000002,0.999999999996,1.)
    ,(1.,0.99999999999,1.000000000005,0.999999999998,1.,1.,1.,1.,1.,1.
      ,1.,1.,1.,1.,1.,1.,1.,1.,1.,1.,1.,1.,1.,1.,1.,1.,1.,1.,1.,1.,1.,1.
      ,1.,1.,1.,1.,1.,1.,1.,1.,1.,1.,1.,1.,1.,1.,1.,1.,1.,1.,1.,1.,1.,1.
      ,1.,1.,1.,1.,1.,0.999999999999,1.000000000002,0.999999999996,1.
))) REPRESENTATION_ITEM('') SURFACE() );
#487 = CARTESIAN_POINT('',(140.9618,-348.8407460055,109.46207840426));
#488 = CARTESIAN_POINT('',(139.3469737637,-352.7321973538,110.3436762044
    ));
#489 = CARTESIAN_POINT('',(146.55711552643,-340.9203086348,
    108.20006371808));
#490 = CARTESIAN_POINT('',(149.83248812156,-343.2587553811,
    108.40043189734));
#491 = CARTESIAN_POINT('',(152.63844988999,-342.6957438238,
    108.14574592057));
#492 = CARTESIAN_POINT('',(159.61432189493,-337.7567561453,
    107.06769617369));
#493 = CARTESIAN_POINT('',(161.57498576671,-354.8725735534,
    109.89113481728));
#494 = CARTESIAN_POINT('',(166.85069272796,-345.4304133456,
    108.14695491106));
#495 = CARTESIAN_POINT('',(170.05924171584,-336.8790700544,
    106.59320022979));
#496 = CARTESIAN_POINT('',(175.2605606702,-337.7488440403,
    106.64217832241));
#497 = CARTESIAN_POINT('',(179.44145366882,-337.0561710458,
    106.48509409358));
#498 = CARTESIAN_POINT('',(183.74546905009,-336.8506870847,
    106.39800020698));
#499 = CARTESIAN_POINT('',(188.02212458981,-336.6430110491,
    106.31122948968));
#500 = CARTESIAN_POINT('',(192.29363155905,-336.4930655941,
    106.22306340868));
#501 = CARTESIAN_POINT('',(196.58004983101,-336.3600430675,
    106.10013711901));
#502 = CARTESIAN_POINT('',(200.85501156117,-336.548699313,
    106.04226272093));
#503 = CARTESIAN_POINT('',(205.12596544359,-336.353132933,
    105.88459666555));
#504 = CARTESIAN_POINT('',(209.41439322258,-336.5203857021,
    105.79387649535));
#505 = CARTESIAN_POINT('',(213.69322367635,-336.703328049,
    105.69913864485));
#506 = CARTESIAN_POINT('',(217.96934112329,-336.9257132548,
    105.59790356713));
#507 = CARTESIAN_POINT('',(222.26952895422,-337.5472504936,
    105.71847172436));
#508 = CARTESIAN_POINT('',(226.5166643478,-337.6084312669,
    105.49968694637));
#509 = CARTESIAN_POINT('',(230.80856684708,-338.0811686235,
    105.57077688447));
#510 = CARTESIAN_POINT('',(235.07622110161,-338.4425610525,
    105.3235207432));
#511 = CARTESIAN_POINT('',(239.35488141397,-338.8513697129,
    105.3747545512));
#512 = CARTESIAN_POINT('',(243.60389158591,-339.2251541776,
    105.6327968076));
#513 = CARTESIAN_POINT('',(247.90844854027,-339.7833491585,
    106.06803000914));
#514 = CARTESIAN_POINT('',(252.2213347776,-340.3870046959,
    106.43923027124));
#515 = CARTESIAN_POINT('',(256.41797633353,-341.4596303864,
    107.16610123484));
#516 = CARTESIAN_POINT('',(261.49749220731,-341.4134122047,
    107.9932801332));
#517 = CARTESIAN_POINT('',(264.82846846707,-350.0656917869,
    106.04669582378));
#518 = CARTESIAN_POINT('',(269.29986524939,-343.04641344,107.38847396466
    ));
#519 = CARTESIAN_POINT('',(273.76120192934,-347.3729498683,
    105.53795104226));
#520 = CARTESIAN_POINT('',(277.11561224167,-351.5161570856,
    110.02186303322));
#521 = CARTESIAN_POINT('',(282.18739413143,-351.7174297308,
    108.84196387738));
#522 = CARTESIAN_POINT('',(286.38362479911,-352.4218269558,
    108.99599114207));
#523 = CARTESIAN_POINT('',(290.6929217221,-352.7871135878,
    108.73388271308));
#524 = CARTESIAN_POINT('',(294.99728518776,-352.13553874,108.88595420334
    ));
#525 = CARTESIAN_POINT('',(299.24599549207,-351.2380678612,
    108.89905430614));
#526 = CARTESIAN_POINT('',(303.52499017227,-350.6716790686,
    108.90601000998));
#527 = CARTESIAN_POINT('',(307.79622056725,-349.9995887876,
    109.0449242983));
#528 = CARTESIAN_POINT('',(312.08441986464,-349.7809894784,
    109.01154798249));
#529 = CARTESIAN_POINT('',(316.3318452167,-348.8573912611,
    109.37046719095));
#530 = CARTESIAN_POINT('',(320.63289091038,-348.8117446377,
    109.27833164261));
#531 = CARTESIAN_POINT('',(324.90801010291,-348.4258919274,
    109.33292578664));
#532 = CARTESIAN_POINT('',(329.18807309953,-348.337640408,
    109.24996119656));
#533 = CARTESIAN_POINT('',(333.47733801931,-348.0865432073,
    109.1558582205));
#534 = CARTESIAN_POINT('',(337.7470456075,-348.7284567766,
    108.98200989291));
#535 = CARTESIAN_POINT('',(342.02123400371,-348.1270668191,
    109.04645161964));
#536 = CARTESIAN_POINT('',(346.30443528757,-348.2929219866,
    108.98834199446));
#537 = CARTESIAN_POINT('',(350.5884217255,-348.3627665287,108.9457599298
    ));
#538 = CARTESIAN_POINT('',(354.84926238005,-348.081485266,
    108.96030184625));
#539 = CARTESIAN_POINT('',(359.17649042862,-348.5843943061,
    108.80547635011));
#540 = CARTESIAN_POINT('',(363.32021844008,-347.7456093206,
    108.98181843118));
#541 = CARTESIAN_POINT('',(368.68503275418,-349.3995689793,
    108.65532807027));
#542 = CARTESIAN_POINT('',(371.24903411287,-345.3398273464,
    109.55093361398));
#543 = CARTESIAN_POINT('',(377.42638182418,-341.4122615424,
    110.00191547581));
#544 = CARTESIAN_POINT('',(379.73562276372,-351.7238859219,
    109.01835859112));
#545 = CARTESIAN_POINT('',(385.92015942773,-341.3987780844,
    110.1696284189));
#546 = CARTESIAN_POINT('',(387.95796901408,-353.7635417516,
    108.77353262885));
#547 = CARTESIAN_POINT('',(392.55136708921,-353.73842202,109.02451713171
    ));
#548 = CARTESIAN_POINT('',(397.86107277384,-339.3572603147,
    110.78359957608));
#549 = CARTESIAN_POINT('',(397.6403,-349.8128345313,109.61372565689));
#550 = CARTESIAN_POINT('',(140.9618,-349.0608861657,109.4896910697));
#551 = CARTESIAN_POINT('',(139.3469737637,-353.5043156363,
    110.43114805361));
#552 = CARTESIAN_POINT('',(146.55711552643,-341.3721919069,
    108.25640455181));
#553 = CARTESIAN_POINT('',(149.83248812156,-343.5584253263,
    108.44488729422));
#554 = CARTESIAN_POINT('',(152.63844988999,-343.6167557213,
    108.28700095639));
#555 = CARTESIAN_POINT('',(159.61432189493,-338.8692606236,
    107.24547265279));
#556 = CARTESIAN_POINT('',(161.57498576671,-355.223489616,
    109.91970469128));
#557 = CARTESIAN_POINT('',(166.85069272796,-345.8487835514,
    108.29235466688));
#558 = CARTESIAN_POINT('',(170.05924171584,-338.2642362464,
    106.5874941642));
#559 = CARTESIAN_POINT('',(175.2605606702,-338.9935142669,106.5586508511
    ));
#560 = CARTESIAN_POINT('',(179.44145366882,-338.3836128675,
    106.33226625421));
#561 = CARTESIAN_POINT('',(183.74546905009,-338.2064921834,
    106.3816284708));
#562 = CARTESIAN_POINT('',(188.02212458981,-338.0000592554,
    106.29189389555));
#563 = CARTESIAN_POINT('',(192.29363155905,-337.8923489918,
    106.20528675866));
#564 = CARTESIAN_POINT('',(196.58004983101,-337.7816009171,
    106.15257653884));
#565 = CARTESIAN_POINT('',(200.85501156117,-337.9106661305,
    106.09320243463));
#566 = CARTESIAN_POINT('',(205.12596544359,-337.7735194276,
    106.03827699645));
#567 = CARTESIAN_POINT('',(209.41439322258,-337.9056766531,
    105.96336166713));
#568 = CARTESIAN_POINT('',(213.69322367635,-338.0582155952,
    105.97683863893));
#569 = CARTESIAN_POINT('',(217.96934112329,-338.1712346251,
    106.01383172074));
#570 = CARTESIAN_POINT('',(222.26952895422,-338.7644319605,
    106.09106018625));
#571 = CARTESIAN_POINT('',(226.5166643478,-338.5778026683,
    106.18363275437));
#572 = CARTESIAN_POINT('',(230.80856684708,-339.0049530991,
    106.22960354021));
#573 = CARTESIAN_POINT('',(235.07622110161,-338.9719161256,
    106.18776941683));
#574 = CARTESIAN_POINT('',(239.35488141397,-339.3261103462,
    106.1738439649));
#575 = CARTESIAN_POINT('',(243.60389158591,-339.567289603,
    106.44074224014));
#576 = CARTESIAN_POINT('',(247.90844854027,-340.0342583411,
    106.82516738043));
#577 = CARTESIAN_POINT('',(252.2213347776,-340.5106689769,
    107.11724219589));
#578 = CARTESIAN_POINT('',(256.41797633353,-341.7803804844,
    107.80861471966));
#579 = CARTESIAN_POINT('',(261.49749220731,-340.9853568107,
    108.36810111753));
#580 = CARTESIAN_POINT('',(264.82846846707,-350.1989401773,
    106.96542937725));
#581 = CARTESIAN_POINT('',(269.29986524939,-342.9635908021,
    107.92160765862));
#582 = CARTESIAN_POINT('',(273.76120192934,-347.5762222189,
    106.53765460089));
#583 = CARTESIAN_POINT('',(277.11561224167,-350.8400896413,
    110.08281412862));
#584 = CARTESIAN_POINT('',(282.18739413143,-351.2097309612,
    109.21262001853));
#585 = CARTESIAN_POINT('',(286.38362479911,-351.8350134649,
    109.41197650823));
#586 = CARTESIAN_POINT('',(290.6929217221,-352.13412075,109.18688391798)
  );
#587 = CARTESIAN_POINT('',(294.99728518776,-351.4172318209,
    109.38636429569));
#588 = CARTESIAN_POINT('',(299.24599549207,-350.438689231,
    109.43639866615));
#589 = CARTESIAN_POINT('',(303.52499017227,-349.7151913219,
    109.31113000805));
#590 = CARTESIAN_POINT('',(307.79622056725,-348.9781470391,
    109.47930307171));
#591 = CARTESIAN_POINT('',(312.08441986464,-348.6642001405,
    109.41188707522));
#592 = CARTESIAN_POINT('',(316.3318452167,-347.6585225577,
    109.75567466604));
#593 = CARTESIAN_POINT('',(320.63289091038,-347.5523916323,
    109.6944471544));
#594 = CARTESIAN_POINT('',(324.90801010291,-347.1004475302,
    109.71178324629));
#595 = CARTESIAN_POINT('',(329.18807309953,-346.9840987939,
    109.63903983605));
#596 = CARTESIAN_POINT('',(333.47733801931,-346.7011495457,
    109.52312449742));
#597 = CARTESIAN_POINT('',(337.7470456075,-347.3914870281,
    109.29782774108));
#598 = CARTESIAN_POINT('',(342.02123400371,-346.7444597281,
    109.40164854538));
#599 = CARTESIAN_POINT('',(346.30443528757,-346.9273396062,
    109.27961809986));
#600 = CARTESIAN_POINT('',(350.5884217255,-347.0080671886,
    109.24965696535));
#601 = CARTESIAN_POINT('',(354.84926238005,-346.7844229979,
    109.2340349639));
#602 = CARTESIAN_POINT('',(359.17649042862,-347.2630427907,
    109.05102401514));
#603 = CARTESIAN_POINT('',(363.32021844008,-346.5193032258,
    109.2087890318));
#604 = CARTESIAN_POINT('',(368.68503275418,-348.1506384237,
    108.85533164396));
#605 = CARTESIAN_POINT('',(371.24903411287,-344.4703568594,
    109.80604933546));
#606 = CARTESIAN_POINT('',(377.42638182418,-341.1197145893,
    110.02645231477));
#607 = CARTESIAN_POINT('',(379.73562276372,-350.400382062,
    109.22939613488));
#608 = CARTESIAN_POINT('',(385.92015942773,-341.0414398447,
    110.22948690429));
#609 = CARTESIAN_POINT('',(387.95796901408,-353.4738178627,
    108.81739834466));
#610 = CARTESIAN_POINT('',(392.55136708921,-353.0036950088,
    109.1234747299));
#611 = CARTESIAN_POINT('',(397.86107277384,-339.262534689,
    110.77032943949));
#612 = CARTESIAN_POINT('',(397.6403,-349.6365842472,109.63425691656));
#613 = DEFINITIONAL_REPRESENTATION('',(#614),#618);
#614 = LINE('',#615,#616);
#615 = CARTESIAN_POINT('',(40.,0.));
#616 = VECTOR('',#617,1.);
#617 = DIRECTION('',(0.,1.));
#618 = ( GEOMETRIC_REPRESENTATION_CONTEXT(2) 
PARAMETRIC_REPRESENTATION_CONTEXT() REPRESENTATION_CONTEXT('2D SPACE',''
  ) );
#619 = ADVANCED_FACE('',(#620),#252,.T.);
#620 = FACE_BOUND('',#621,.T.);
#621 = EDGE_LOOP('',(#622,#643,#853,#872));
#622 = ORIENTED_EDGE('',*,*,#623,.T.);
#623 = EDGE_CURVE('',#24,#624,#626,.T.);
#624 = VERTEX_POINT('',#625);
#625 = CARTESIAN_POINT('',(140.9618,-349.501166486,109.54491640059));
#626 = SURFACE_CURVE('',#627,(#630,#637),.PCURVE_S1.);
#627 = B_SPLINE_CURVE_WITH_KNOTS('',1,(#628,#629),.UNSPECIFIED.,.F.,.F.,
  (2,2),(1.,2.),.PIECEWISE_BEZIER_KNOTS.);
#628 = CARTESIAN_POINT('',(140.9618,-349.2810263258,109.51730373514));
#629 = CARTESIAN_POINT('',(140.9618,-349.501166486,109.54491640059));
#630 = PCURVE('',#252,#631);
#631 = DEFINITIONAL_REPRESENTATION('',(#632),#636);
#632 = LINE('',#633,#634);
#633 = CARTESIAN_POINT('',(0.,0.));
#634 = VECTOR('',#635,1.);
#635 = DIRECTION('',(1.,0.));
#636 = ( GEOMETRIC_REPRESENTATION_CONTEXT(2) 
PARAMETRIC_REPRESENTATION_CONTEXT() REPRESENTATION_CONTEXT('2D SPACE',''
  ) );
#637 = PCURVE('',#165,#638);
#638 = DEFINITIONAL_REPRESENTATION('',(#639),#642);
#639 = B_SPLINE_CURVE_WITH_KNOTS('',1,(#640,#641),.UNSPECIFIED.,.F.,.F.,
  (2,2),(1.,2.),.PIECEWISE_BEZIER_KNOTS.);
#640 = CARTESIAN_POINT('',(0.221865160434,-8.712646604181E-09));
#641 = CARTESIAN_POINT('',(0.443730320869,-1.742530741922E-08));
#642 = ( GEOMETRIC_REPRESENTATION_CONTEXT(2) 
PARAMETRIC_REPRESENTATION_CONTEXT() REPRESENTATION_CONTEXT('2D SPACE',''
  ) );
#643 = ORIENTED_EDGE('',*,*,#644,.T.);
#644 = EDGE_CURVE('',#624,#645,#647,.T.);
#645 = VERTEX_POINT('',#646);
#646 = CARTESIAN_POINT('',(397.6403,-349.2840836791,109.67531943589));
#647 = SURFACE_CURVE('',#648,(#712,#719),.PCURVE_S1.);
#648 = ( BOUNDED_CURVE() B_SPLINE_CURVE(3,(#649,#650,#651,#652,#653,#654
    ,#655,#656,#657,#658,#659,#660,#661,#662,#663,#664,#665,#666,#667,
    #668,#669,#670,#671,#672,#673,#674,#675,#676,#677,#678,#679,#680,
    #681,#682,#683,#684,#685,#686,#687,#688,#689,#690,#691,#692,#693,
    #694,#695,#696,#697,#698,#699,#700,#701,#702,#703,#704,#705,#706,
    #707,#708,#709,#710,#711),.UNSPECIFIED.,.F.,.F.) 
B_SPLINE_CURVE_WITH_KNOTS((4,1,1,1,1,1,1,1,1,1,1,1,1,1,1,1,1,1,1,1,1,1,1
    ,1,1,1,1,1,1,1,1,1,1,1,1,1,1,1,1,1,1,1,1,1,1,1,1,1,1,1,1,1,1,1,1,1,1
    ,1,1,1,4),(0.,1.732138582393E-02,3.476147556169E-02,
    5.682134329819E-02,7.1962296323E-02,9.668171057498E-02,
    0.117312720082,0.137726814038,0.152748180615,0.167749813045,
    0.182740680817,0.197724569486,0.212727858992,0.227712266626,
    0.242722186927,0.257740578549,0.272730613132,0.287749851447,
    0.302807253127,0.317909897629,0.333164876512,0.348417208457,
    0.363717555355,0.379021830365,0.39430254102,0.409403510223,
    0.424503833082,0.439703221214,0.455034147268,0.475266642259,
    0.494822408855,0.514358099005,0.53448350075,0.549791243926,
    0.564993335593,0.580114457875,0.595233122966,0.610524778841,
    0.625831283594,0.641129798524,0.656395058325,0.671658347301,
    0.686764177688,0.701824559728,0.716841998439,0.731832580826,
    0.74685884212,0.761877146393,0.776861271766,0.791847146503,
    0.806852809101,0.821843806167,0.836903306197,0.851969913481,
    0.873073700462,0.890743423327,0.916073608219,0.937085032849,
0.966089436802,0.983488965917,1.),.UNSPECIFIED.) CURVE() 
GEOMETRIC_REPRESENTATION_ITEM() RATIONAL_B_SPLINE_CURVE((1.,
    0.99999999999,1.000000000005,0.999999999998,1.,1.,1.,1.,1.,1.,1.,1.,
    1.,1.,1.,1.,1.,1.,1.,1.,1.,1.,1.,1.,1.,1.,1.,1.,1.,1.,1.,1.,1.,1.,1.
    ,1.,1.,1.,1.,1.,1.,1.,1.,1.,1.,1.,1.,1.,1.,1.,1.,1.,1.,1.,1.,1.,1.,
    1.,1.,0.999999999999,1.000000000002,0.999999999996,1.)) 
REPRESENTATION_ITEM('') );
#649 = CARTESIAN_POINT('',(140.9618,-349.501166486,109.54491640059));
#650 = CARTESIAN_POINT('',(139.3469737637,-355.047796491,110.61622932802
    ));
#651 = CARTESIAN_POINT('',(146.55711552643,-342.2762921959,
    108.36456482788));
#652 = CARTESIAN_POINT('',(149.83248812156,-344.1577071382,
    108.53475123401));
#653 = CARTESIAN_POINT('',(152.63844988999,-345.4585307231,
    108.57212350663));
#654 = CARTESIAN_POINT('',(159.61432189493,-341.0950966299,
    107.5921578363));
#655 = CARTESIAN_POINT('',(161.57498576671,-355.9202514087,
    110.03135300372));
#656 = CARTESIAN_POINT('',(166.85069272796,-346.7007351954,
    108.4196082245));
#657 = CARTESIAN_POINT('',(170.05924171584,-340.9844679717,
    107.1147520683));
#658 = CARTESIAN_POINT('',(175.2605606702,-341.4838633679,
    106.73210818274));
#659 = CARTESIAN_POINT('',(179.44145366882,-341.03907348,106.53281681059
    ));
#660 = CARTESIAN_POINT('',(183.74546905009,-340.8979034218,
    106.58272798042));
#661 = CARTESIAN_POINT('',(188.02212458981,-340.7004084143,
    106.50388986215));
#662 = CARTESIAN_POINT('',(192.29363155905,-340.6683187482,
    106.52476326367));
#663 = CARTESIAN_POINT('',(196.58004983101,-340.5870142961,
    106.55637371647));
#664 = CARTESIAN_POINT('',(200.85501156117,-340.5812319626,
    106.56521719683));
#665 = CARTESIAN_POINT('',(205.12596544359,-340.5728760827,
    106.58309956675));
#666 = CARTESIAN_POINT('',(209.41439322258,-340.6277597226,
    106.62218762289));
#667 = CARTESIAN_POINT('',(213.69322367635,-340.7273241171,
    106.6470716131));
#668 = CARTESIAN_POINT('',(217.96934112329,-340.6965462655,
    106.80815326608));
#669 = CARTESIAN_POINT('',(222.26952895422,-341.0810377057,
    107.06112832743));
#670 = CARTESIAN_POINT('',(226.5166643478,-340.7153545003,
    107.22121030974));
#671 = CARTESIAN_POINT('',(230.80856684708,-340.8395610957,
    107.49009566805));
#672 = CARTESIAN_POINT('',(235.07622110161,-340.5271992659,
    107.56101781918));
#673 = CARTESIAN_POINT('',(239.35488141397,-340.5038656934,
    107.68578677578));
#674 = CARTESIAN_POINT('',(243.60389158591,-340.5421422833,
    107.8972834599));
#675 = CARTESIAN_POINT('',(247.90844854027,-340.7546336156,
    108.25550112982));
#676 = CARTESIAN_POINT('',(252.2213347776,-341.1531910487,
    108.37908135032));
#677 = CARTESIAN_POINT('',(256.41797633353,-342.4172045268,
    108.92389133541));
#678 = CARTESIAN_POINT('',(261.49749220731,-341.8385605471,
    109.08181730148));
#679 = CARTESIAN_POINT('',(264.82846846707,-349.9736848369,
    108.81249061485));
#680 = CARTESIAN_POINT('',(269.29986524939,-342.9285592121,
    108.98791780586));
#681 = CARTESIAN_POINT('',(273.76120192934,-347.942730871,
    108.52733108826));
#682 = CARTESIAN_POINT('',(277.11561224167,-349.5085075572,
    110.24094332555));
#683 = CARTESIAN_POINT('',(282.18739413143,-350.2329469099,
    110.00931208103));
#684 = CARTESIAN_POINT('',(286.38362479911,-350.6388669687,
    110.21051596748));
#685 = CARTESIAN_POINT('',(290.6929217221,-350.9354744775,
    110.24056512995));
#686 = CARTESIAN_POINT('',(294.99728518776,-350.0977142835,
    110.53762544803));
#687 = CARTESIAN_POINT('',(299.24599549207,-348.8666448757,
    110.54536536436));
#688 = CARTESIAN_POINT('',(303.52499017227,-347.9651822064,
    110.42287425456));
#689 = CARTESIAN_POINT('',(307.79622056725,-346.9631219287,
    110.42414678664));
#690 = CARTESIAN_POINT('',(312.08441986464,-346.4679202849,
    110.3084679921));
#691 = CARTESIAN_POINT('',(316.3318452167,-345.2828380075,
    110.59044900427));
#692 = CARTESIAN_POINT('',(320.63289091038,-345.0467086644,
    110.56417259841));
#693 = CARTESIAN_POINT('',(324.90801010291,-344.4584488419,
    110.50025013594));
#694 = CARTESIAN_POINT('',(329.18807309953,-344.2800767706,
    110.4249030378));
#695 = CARTESIAN_POINT('',(333.47733801931,-343.9421476058,
    110.30055113426));
#696 = CARTESIAN_POINT('',(337.7470456075,-344.7267612965,
    109.96857953061));
#697 = CARTESIAN_POINT('',(342.02123400371,-343.9604909109,
    110.03195448439));
#698 = CARTESIAN_POINT('',(346.30443528757,-344.2104154443,
    109.92339286849));
#699 = CARTESIAN_POINT('',(350.5884217255,-344.2942063493,109.8383528881
    ));
#700 = CARTESIAN_POINT('',(354.84926238005,-344.1935194067,
    109.79423072093));
#701 = CARTESIAN_POINT('',(359.17649042862,-344.6404638,109.64259097627)
  );
#702 = CARTESIAN_POINT('',(363.32021844008,-344.0654931441,
    109.65797281815));
#703 = CARTESIAN_POINT('',(368.68503275418,-345.6582065459,
    109.2842497413));
#704 = CARTESIAN_POINT('',(371.24903411287,-342.7297468214,
    110.30688592194));
#705 = CARTESIAN_POINT('',(377.42638182418,-340.5363416033,
    110.08658928614));
#706 = CARTESIAN_POINT('',(379.73562276372,-347.7468803308,
    109.60698346509));
#707 = CARTESIAN_POINT('',(385.92015942773,-340.3289044869,
    110.3638721308));
#708 = CARTESIAN_POINT('',(387.95796901408,-352.8948808347,
    108.90862710301));
#709 = CARTESIAN_POINT('',(392.55136708921,-351.5324316683,
    109.30899836329));
#710 = CARTESIAN_POINT('',(397.86107277384,-339.0770204999,
    110.77075343567));
#711 = CARTESIAN_POINT('',(397.6403,-349.2840836791,109.67531943589));
#712 = PCURVE('',#252,#713);
#713 = DEFINITIONAL_REPRESENTATION('',(#714),#718);
#714 = LINE('',#715,#716);
#715 = CARTESIAN_POINT('',(2.,0.));
#716 = VECTOR('',#717,1.);
#717 = DIRECTION('',(0.,1.));
#718 = ( GEOMETRIC_REPRESENTATION_CONTEXT(2) 
PARAMETRIC_REPRESENTATION_CONTEXT() REPRESENTATION_CONTEXT('2D SPACE',''
  ) );
#719 = PCURVE('',#720,#847);
#720 = ( BOUNDED_SURFACE() B_SPLINE_SURFACE(1,3,(
    (#721,#722,#723,#724,#725,#726,#727,#728,#729,#730,#731,#732,#733
      ,#734,#735,#736,#737,#738,#739,#740,#741,#742,#743,#744,#745,#746
      ,#747,#748,#749,#750,#751,#752,#753,#754,#755,#756,#757,#758,#759
      ,#760,#761,#762,#763,#764,#765,#766,#767,#768,#769,#770,#771,#772
      ,#773,#774,#775,#776,#777,#778,#779,#780,#781,#782,#783)
    ,(#784,#785,#786,#787,#788,#789,#790,#791,#792,#793,#794,#795,#796
      ,#797,#798,#799,#800,#801,#802,#803,#804,#805,#806,#807,#808,#809
      ,#810,#811,#812,#813,#814,#815,#816,#817,#818,#819,#820,#821,#822
      ,#823,#824,#825,#826,#827,#828,#829,#830,#831,#832,#833,#834,#835
      ,#836,#837,#838,#839,#840,#841,#842,#843,#844,#845,#846
)),.UNSPECIFIED.,.F.,.F.,.F.) B_SPLINE_SURFACE_WITH_KNOTS((2,2),(4,1,1,1
    ,1,1,1,1,1,1,1,1,1,1,1,1,1,1,1,1,1,1,1,1,1,1,1,1,1,1,1,1,1,1,1,1,1,1
    ,1,1,1,1,1,1,1,1,1,1,1,1,1,1,1,1,1,1,1,1,1,1,4),(2.,3.),(0.,
    1.732138582393E-02,3.476147556169E-02,5.682134329819E-02,
    7.1962296323E-02,9.668171057498E-02,0.117312720082,0.137726814038,
    0.152748180615,0.167749813045,0.182740680817,0.197724569486,
    0.212727858992,0.227712266626,0.242722186927,0.257740578549,
    0.272730613132,0.287749851447,0.302807253127,0.317909897629,
    0.333164876512,0.348417208457,0.363717555355,0.379021830365,
    0.39430254102,0.409403510223,0.424503833082,0.439703221214,
    0.455034147268,0.475266642259,0.494822408855,0.514358099005,
    0.53448350075,0.549791243926,0.564993335593,0.580114457875,
    0.595233122966,0.610524778841,0.625831283594,0.641129798524,
    0.656395058325,0.671658347301,0.686764177688,0.701824559728,
    0.716841998439,0.731832580826,0.74685884212,0.761877146393,
    0.776861271766,0.791847146503,0.806852809101,0.821843806167,
    0.836903306197,0.851969913481,0.873073700462,0.890743423327,
    0.916073608219,0.937085032849,0.966089436802,0.983488965917,1.),
.UNSPECIFIED.) GEOMETRIC_REPRESENTATION_ITEM() RATIONAL_B_SPLINE_SURFACE
((
    (1.,0.99999999999,1.000000000005,0.999999999998,1.,1.,1.,1.,1.,1.,1.
      ,1.,1.,1.,1.,1.,1.,1.,1.,1.,1.,1.,1.,1.,1.,1.,1.,1.,1.,1.,1.,1.,1.
      ,1.,1.,1.,1.,1.,1.,1.,1.,1.,1.,1.,1.,1.,1.,1.,1.,1.,1.,1.,1.,1.,1.
      ,1.,1.,1.,1.,0.999999999999,1.000000000002,0.999999999996,1.)
    ,(1.,0.99999999999,1.000000000005,0.999999999998,1.,1.,1.,1.,1.,1.
      ,1.,1.,1.,1.,1.,1.,1.,1.,1.,1.,1.,1.,1.,1.,1.,1.,1.,1.,1.,1.,1.,1.
      ,1.,1.,1.,1.,1.,1.,1.,1.,1.,1.,1.,1.,1.,1.,1.,1.,1.,1.,1.,1.,1.,1.
      ,1.,1.,1.,1.,1.,0.999999999999,1.000000000002,0.999999999996,1.
))) REPRESENTATION_ITEM('') SURFACE() );
#721 = CARTESIAN_POINT('',(140.9618,-349.501166486,109.54491640059));
#722 = CARTESIAN_POINT('',(139.3469737637,-355.047796491,110.61622932802
    ));
#723 = CARTESIAN_POINT('',(146.55711552643,-342.2762921959,
    108.36456482788));
#724 = CARTESIAN_POINT('',(149.83248812156,-344.1577071382,
    108.53475123401));
#725 = CARTESIAN_POINT('',(152.63844988999,-345.4585307231,
    108.57212350663));
#726 = CARTESIAN_POINT('',(159.61432189493,-341.0950966299,
    107.5921578363));
#727 = CARTESIAN_POINT('',(161.57498576671,-355.9202514087,
    110.03135300372));
#728 = CARTESIAN_POINT('',(166.85069272796,-346.7007351954,
    108.4196082245));
#729 = CARTESIAN_POINT('',(170.05924171584,-340.9844679717,
    107.1147520683));
#730 = CARTESIAN_POINT('',(175.2605606702,-341.4838633679,
    106.73210818274));
#731 = CARTESIAN_POINT('',(179.44145366882,-341.03907348,106.53281681059
    ));
#732 = CARTESIAN_POINT('',(183.74546905009,-340.8979034218,
    106.58272798042));
#733 = CARTESIAN_POINT('',(188.02212458981,-340.7004084143,
    106.50388986215));
#734 = CARTESIAN_POINT('',(192.29363155905,-340.6683187482,
    106.52476326367));
#735 = CARTESIAN_POINT('',(196.58004983101,-340.5870142961,
    106.55637371647));
#736 = CARTESIAN_POINT('',(200.85501156117,-340.5812319626,
    106.56521719683));
#737 = CARTESIAN_POINT('',(205.12596544359,-340.5728760827,
    106.58309956675));
#738 = CARTESIAN_POINT('',(209.41439322258,-340.6277597226,
    106.62218762289));
#739 = CARTESIAN_POINT('',(213.69322367635,-340.7273241171,
    106.6470716131));
#740 = CARTESIAN_POINT('',(217.96934112329,-340.6965462655,
    106.80815326608));
#741 = CARTESIAN_POINT('',(222.26952895422,-341.0810377057,
    107.06112832743));
#742 = CARTESIAN_POINT('',(226.5166643478,-340.7153545003,
    107.22121030974));
#743 = CARTESIAN_POINT('',(230.80856684708,-340.8395610957,
    107.49009566805));
#744 = CARTESIAN_POINT('',(235.07622110161,-340.5271992659,
    107.56101781918));
#745 = CARTESIAN_POINT('',(239.35488141397,-340.5038656934,
    107.68578677578));
#746 = CARTESIAN_POINT('',(243.60389158591,-340.5421422833,
    107.8972834599));
#747 = CARTESIAN_POINT('',(247.90844854027,-340.7546336156,
    108.25550112982));
#748 = CARTESIAN_POINT('',(252.2213347776,-341.1531910487,
    108.37908135032));
#749 = CARTESIAN_POINT('',(256.41797633353,-342.4172045268,
    108.92389133541));
#750 = CARTESIAN_POINT('',(261.49749220731,-341.8385605471,
    109.08181730148));
#751 = CARTESIAN_POINT('',(264.82846846707,-349.9736848369,
    108.81249061485));
#752 = CARTESIAN_POINT('',(269.29986524939,-342.9285592121,
    108.98791780586));
#753 = CARTESIAN_POINT('',(273.76120192934,-347.942730871,
    108.52733108826));
#754 = CARTESIAN_POINT('',(277.11561224167,-349.5085075572,
    110.24094332555));
#755 = CARTESIAN_POINT('',(282.18739413143,-350.2329469099,
    110.00931208103));
#756 = CARTESIAN_POINT('',(286.38362479911,-350.6388669687,
    110.21051596748));
#757 = CARTESIAN_POINT('',(290.6929217221,-350.9354744775,
    110.24056512995));
#758 = CARTESIAN_POINT('',(294.99728518776,-350.0977142835,
    110.53762544803));
#759 = CARTESIAN_POINT('',(299.24599549207,-348.8666448757,
    110.54536536436));
#760 = CARTESIAN_POINT('',(303.52499017227,-347.9651822064,
    110.42287425456));
#761 = CARTESIAN_POINT('',(307.79622056725,-346.9631219287,
    110.42414678664));
#762 = CARTESIAN_POINT('',(312.08441986464,-346.4679202849,
    110.3084679921));
#763 = CARTESIAN_POINT('',(316.3318452167,-345.2828380075,
    110.59044900427));
#764 = CARTESIAN_POINT('',(320.63289091038,-345.0467086644,
    110.56417259841));
#765 = CARTESIAN_POINT('',(324.90801010291,-344.4584488419,
    110.50025013594));
#766 = CARTESIAN_POINT('',(329.18807309953,-344.2800767706,
    110.4249030378));
#767 = CARTESIAN_POINT('',(333.47733801931,-343.9421476058,
    110.30055113426));
#768 = CARTESIAN_POINT('',(337.7470456075,-344.7267612965,
    109.96857953061));
#769 = CARTESIAN_POINT('',(342.02123400371,-343.9604909109,
    110.03195448439));
#770 = CARTESIAN_POINT('',(346.30443528757,-344.2104154443,
    109.92339286849));
#771 = CARTESIAN_POINT('',(350.5884217255,-344.2942063493,109.8383528881
    ));
#772 = CARTESIAN_POINT('',(354.84926238005,-344.1935194067,
    109.79423072093));
#773 = CARTESIAN_POINT('',(359.17649042862,-344.6404638,109.64259097627)
  );
#774 = CARTESIAN_POINT('',(363.32021844008,-344.0654931441,
    109.65797281815));
#775 = CARTESIAN_POINT('',(368.68503275418,-345.6582065459,
    109.2842497413));
#776 = CARTESIAN_POINT('',(371.24903411287,-342.7297468214,
    110.30688592194));
#777 = CARTESIAN_POINT('',(377.42638182418,-340.5363416033,
    110.08658928614));
#778 = CARTESIAN_POINT('',(379.73562276372,-347.7468803308,
    109.60698346509));
#779 = CARTESIAN_POINT('',(385.92015942773,-340.3289044869,
    110.3638721308));
#780 = CARTESIAN_POINT('',(387.95796901408,-352.8948808347,
    108.90862710301));
#781 = CARTESIAN_POINT('',(392.55136708921,-351.5324316683,
    109.30899836329));
#782 = CARTESIAN_POINT('',(397.86107277384,-339.0770204999,
    110.77075343567));
#783 = CARTESIAN_POINT('',(397.6403,-349.2840836791,109.67531943589));
#784 = CARTESIAN_POINT('',(140.9618,-349.7213066462,109.57252906603));
#785 = CARTESIAN_POINT('',(139.3469737637,-355.8191361771,
    110.71097266747));
#786 = CARTESIAN_POINT('',(146.55711552643,-342.7285254159,
    108.41763740978));
#787 = CARTESIAN_POINT('',(149.83248812156,-344.4572933119,
    108.57998902479));
#788 = CARTESIAN_POINT('',(152.63844988999,-346.3793859928,
    108.71484119111));
#789 = CARTESIAN_POINT('',(159.61432189493,-342.2081469793,
    107.76483671631));
#790 = CARTESIAN_POINT('',(161.57498576671,-356.2678011989,
    110.09135874542));
#791 = CARTESIAN_POINT('',(166.85069272796,-347.1292068129,
    108.47067614181));
#792 = CARTESIAN_POINT('',(170.05924171584,-342.3363628487,
    107.41974953632));
#793 = CARTESIAN_POINT('',(175.2605606702,-342.6808854521,
    107.09364382948));
#794 = CARTESIAN_POINT('',(179.44145366882,-342.3320536203,
    106.84849190057));
#795 = CARTESIAN_POINT('',(183.74546905009,-342.2164327081,
    106.87835315102));
#796 = CARTESIAN_POINT('',(188.02212458981,-342.023010151,
    106.80182048408));
#797 = CARTESIAN_POINT('',(192.29363155905,-342.0307098818,
    106.84107848874));
#798 = CARTESIAN_POINT('',(196.58004983101,-341.9761106255,
    106.86188277505));
#799 = CARTESIAN_POINT('',(200.85501156117,-341.90481899,106.87727488759
    ));
#800 = CARTESIAN_POINT('',(205.12596544359,-341.9597323562,
    106.93153620179));
#801 = CARTESIAN_POINT('',(209.41439322258,-341.981028207,
    106.98195025278));
#802 = CARTESIAN_POINT('',(213.69322367635,-342.0511617431,
    107.02240318147));
#803 = CARTESIAN_POINT('',(217.96934112329,-341.9703286133,
    107.16392685883));
#804 = CARTESIAN_POINT('',(222.26952895422,-342.2427144664,
    107.55253291253));
#805 = CARTESIAN_POINT('',(226.5166643478,-341.7918649107,
    107.71353054596));
#806 = CARTESIAN_POINT('',(230.80856684708,-341.7928108135,
    108.04372096832));
#807 = CARTESIAN_POINT('',(235.07622110161,-341.4156805074,
    108.09466952147));
#808 = CARTESIAN_POINT('',(239.35488141397,-341.1731158855,
    108.38903793113));
#809 = CARTESIAN_POINT('',(243.60389158591,-341.102067042,
    108.56560335924));
#810 = CARTESIAN_POINT('',(247.90844854027,-341.2363617524,
    108.89217403687));
#811 = CARTESIAN_POINT('',(252.2213347776,-341.5829500813,
    108.95559101256));
#812 = CARTESIAN_POINT('',(256.41797633353,-342.8445300332,
    109.38774924619));
#813 = CARTESIAN_POINT('',(261.49749220731,-342.3971238871,
    109.3306623363));
#814 = CARTESIAN_POINT('',(264.82846846707,-349.8220619705,
    109.76523846567));
#815 = CARTESIAN_POINT('',(269.29986524939,-342.9250051395,
    109.5198028683));
#816 = CARTESIAN_POINT('',(273.76120192934,-348.1081881177,
    109.49821706584));
#817 = CARTESIAN_POINT('',(277.11561224167,-348.8952974462,
    110.41053673644));
#818 = CARTESIAN_POINT('',(282.18739413143,-349.6811384299,
    110.30696117422));
#819 = CARTESIAN_POINT('',(286.38362479911,-350.0995360331,
    110.69299287052));
#820 = CARTESIAN_POINT('',(290.6929217221,-350.3377090922,
    110.76349560985));
#821 = CARTESIAN_POINT('',(294.99728518776,-349.4700280857,
    111.15284270761));
#822 = CARTESIAN_POINT('',(299.24599549207,-348.0475365317,
    111.05351013256));
#823 = CARTESIAN_POINT('',(303.52499017227,-347.1145149721,
    111.01236604076));
#824 = CARTESIAN_POINT('',(307.79622056725,-346.0067286282,
    110.9881240977));
#825 = CARTESIAN_POINT('',(312.08441986464,-345.4060292333,
    110.83927475837));
#826 = CARTESIAN_POINT('',(316.3318452167,-344.1177480167,111.0713357765
    ));
#827 = CARTESIAN_POINT('',(320.63289091038,-343.7897660619,
    110.98770205078));
#828 = CARTESIAN_POINT('',(324.90801010291,-343.1553706893,
    110.94978929476));
#829 = CARTESIAN_POINT('',(329.18807309953,-342.9321343341,110.83358589)
  );
#830 = CARTESIAN_POINT('',(333.47733801931,-342.565798511,
    110.70047381425));
#831 = CARTESIAN_POINT('',(337.7470456075,-343.3930923974,
    110.29876075009));
#832 = CARTESIAN_POINT('',(342.02123400371,-342.5802555269,
    110.39509350761));
#833 = CARTESIAN_POINT('',(346.30443528757,-342.8441979059,
    110.21275191395));
#834 = CARTESIAN_POINT('',(350.5884217255,-342.9395488305,
    110.14229180344));
#835 = CARTESIAN_POINT('',(354.84926238005,-342.9006323535,
    110.08645514429));
#836 = CARTESIAN_POINT('',(359.17649042862,-343.3240778741,
    109.91473345785));
#837 = CARTESIAN_POINT('',(363.32021844008,-342.8446280315,
    109.91059627442));
#838 = CARTESIAN_POINT('',(368.68503275418,-344.4189831843,
    109.54392230837));
#839 = CARTESIAN_POINT('',(371.24903411287,-341.8189775482,
    110.30753182016));
#840 = CARTESIAN_POINT('',(377.42638182418,-340.2633193286,
    110.22833992526));
#841 = CARTESIAN_POINT('',(379.73562276372,-346.4133685017,
    109.75331765092));
#842 = CARTESIAN_POINT('',(385.92015942773,-339.9746954965,
    110.44404589634));
#843 = CARTESIAN_POINT('',(387.95796901408,-352.6067848257,
    108.96260248402));
#844 = CARTESIAN_POINT('',(392.55136708921,-350.7931788939,
    109.37955340507));
#845 = CARTESIAN_POINT('',(397.86107277384,-338.9919728774,
    110.81827171396));
#846 = CARTESIAN_POINT('',(397.6403,-349.107833395,109.69585069556));
#847 = DEFINITIONAL_REPRESENTATION('',(#848),#852);
#848 = LINE('',#849,#850);
#849 = CARTESIAN_POINT('',(2.,0.));
#850 = VECTOR('',#851,1.);
#851 = DIRECTION('',(0.,1.));
#852 = ( GEOMETRIC_REPRESENTATION_CONTEXT(2) 
PARAMETRIC_REPRESENTATION_CONTEXT() REPRESENTATION_CONTEXT('2D SPACE',''
  ) );
#853 = ORIENTED_EDGE('',*,*,#854,.F.);
#854 = EDGE_CURVE('',#177,#645,#855,.T.);
#855 = SURFACE_CURVE('',#856,(#859,#866),.PCURVE_S1.);
#856 = B_SPLINE_CURVE_WITH_KNOTS('',1,(#857,#858),.UNSPECIFIED.,.F.,.F.,
  (2,2),(1.,2.),.PIECEWISE_BEZIER_KNOTS.);
#857 = CARTESIAN_POINT('',(397.6403,-349.4603339632,109.65478817622));
#858 = CARTESIAN_POINT('',(397.6403,-349.2840836791,109.67531943589));
#859 = PCURVE('',#252,#860);
#860 = DEFINITIONAL_REPRESENTATION('',(#861),#865);
#861 = LINE('',#862,#863);
#862 = CARTESIAN_POINT('',(0.,1.));
#863 = VECTOR('',#864,1.);
#864 = DIRECTION('',(1.,0.));
#865 = ( GEOMETRIC_REPRESENTATION_CONTEXT(2) 
PARAMETRIC_REPRESENTATION_CONTEXT() REPRESENTATION_CONTEXT('2D SPACE',''
  ) );
#866 = PCURVE('',#401,#867);
#867 = DEFINITIONAL_REPRESENTATION('',(#868),#871);
#868 = B_SPLINE_CURVE_WITH_KNOTS('',1,(#869,#870),.UNSPECIFIED.,.F.,.F.,
  (2,2),(1.,2.),.PIECEWISE_BEZIER_KNOTS.);
#869 = CARTESIAN_POINT('',(-0.177442089892,6.555471543379E-07));
#870 = CARTESIAN_POINT('',(-0.354884179785,1.311094337098E-06));
#871 = ( GEOMETRIC_REPRESENTATION_CONTEXT(2) 
PARAMETRIC_REPRESENTATION_CONTEXT() REPRESENTATION_CONTEXT('2D SPACE',''
  ) );
#872 = ORIENTED_EDGE('',*,*,#176,.F.);
#873 = ADVANCED_FACE('',(#874),#720,.T.);
#874 = FACE_BOUND('',#875,.T.);
#875 = EDGE_LOOP('',(#876,#897,#1107,#1126));
#876 = ORIENTED_EDGE('',*,*,#877,.T.);
#877 = EDGE_CURVE('',#624,#878,#880,.T.);
#878 = VERTEX_POINT('',#879);
#879 = CARTESIAN_POINT('',(140.9618,-349.7213066462,109.57252906603));
#880 = SURFACE_CURVE('',#881,(#884,#891),.PCURVE_S1.);
#881 = B_SPLINE_CURVE_WITH_KNOTS('',1,(#882,#883),.UNSPECIFIED.,.F.,.F.,
  (2,2),(2.,3.),.PIECEWISE_BEZIER_KNOTS.);
#882 = CARTESIAN_POINT('',(140.9618,-349.501166486,109.54491640059));
#883 = CARTESIAN_POINT('',(140.9618,-349.7213066462,109.57252906603));
#884 = PCURVE('',#720,#885);
#885 = DEFINITIONAL_REPRESENTATION('',(#886),#890);
#886 = LINE('',#887,#888);
#887 = CARTESIAN_POINT('',(0.,0.));
#888 = VECTOR('',#889,1.);
#889 = DIRECTION('',(1.,0.));
#890 = ( GEOMETRIC_REPRESENTATION_CONTEXT(2) 
PARAMETRIC_REPRESENTATION_CONTEXT() REPRESENTATION_CONTEXT('2D SPACE',''
  ) );
#891 = PCURVE('',#165,#892);
#892 = DEFINITIONAL_REPRESENTATION('',(#893),#896);
#893 = B_SPLINE_CURVE_WITH_KNOTS('',1,(#894,#895),.UNSPECIFIED.,.F.,.F.,
  (2,2),(2.,3.),.PIECEWISE_BEZIER_KNOTS.);
#894 = CARTESIAN_POINT('',(0.443730320869,-1.742530741922E-08));
#895 = CARTESIAN_POINT('',(0.665595481303,-2.61379540234E-08));
#896 = ( GEOMETRIC_REPRESENTATION_CONTEXT(2) 
PARAMETRIC_REPRESENTATION_CONTEXT() REPRESENTATION_CONTEXT('2D SPACE',''
  ) );
#897 = ORIENTED_EDGE('',*,*,#898,.T.);
#898 = EDGE_CURVE('',#878,#899,#901,.T.);
#899 = VERTEX_POINT('',#900);
#900 = CARTESIAN_POINT('',(397.6403,-349.107833395,109.69585069556));
#901 = SURFACE_CURVE('',#902,(#966,#973),.PCURVE_S1.);
#902 = ( BOUNDED_CURVE() B_SPLINE_CURVE(3,(#903,#904,#905,#906,#907,#908
    ,#909,#910,#911,#912,#913,#914,#915,#916,#917,#918,#919,#920,#921,
    #922,#923,#924,#925,#926,#927,#928,#929,#930,#931,#932,#933,#934,
    #935,#936,#937,#938,#939,#940,#941,#942,#943,#944,#945,#946,#947,
    #948,#949,#950,#951,#952,#953,#954,#955,#956,#957,#958,#959,#960,
    #961,#962,#963,#964,#965),.UNSPECIFIED.,.F.,.F.) 
B_SPLINE_CURVE_WITH_KNOTS((4,1,1,1,1,1,1,1,1,1,1,1,1,1,1,1,1,1,1,1,1,1,1
    ,1,1,1,1,1,1,1,1,1,1,1,1,1,1,1,1,1,1,1,1,1,1,1,1,1,1,1,1,1,1,1,1,1,1
    ,1,1,1,4),(0.,1.732138582393E-02,3.476147556169E-02,
    5.682134329819E-02,7.1962296323E-02,9.668171057498E-02,
    0.117312720082,0.137726814038,0.152748180615,0.167749813045,
    0.182740680817,0.197724569486,0.212727858992,0.227712266626,
    0.242722186927,0.257740578549,0.272730613132,0.287749851447,
    0.302807253127,0.317909897629,0.333164876512,0.348417208457,
    0.363717555355,0.379021830365,0.39430254102,0.409403510223,
    0.424503833082,0.439703221214,0.455034147268,0.475266642259,
    0.494822408855,0.514358099005,0.53448350075,0.549791243926,
    0.564993335593,0.580114457875,0.595233122966,0.610524778841,
    0.625831283594,0.641129798524,0.656395058325,0.671658347301,
    0.686764177688,0.701824559728,0.716841998439,0.731832580826,
    0.74685884212,0.761877146393,0.776861271766,0.791847146503,
    0.806852809101,0.821843806167,0.836903306197,0.851969913481,
    0.873073700462,0.890743423327,0.916073608219,0.937085032849,
0.966089436802,0.983488965917,1.),.UNSPECIFIED.) CURVE() 
GEOMETRIC_REPRESENTATION_ITEM() RATIONAL_B_SPLINE_CURVE((1.,
    0.99999999999,1.000000000005,0.999999999998,1.,1.,1.,1.,1.,1.,1.,1.,
    1.,1.,1.,1.,1.,1.,1.,1.,1.,1.,1.,1.,1.,1.,1.,1.,1.,1.,1.,1.,1.,1.,1.
    ,1.,1.,1.,1.,1.,1.,1.,1.,1.,1.,1.,1.,1.,1.,1.,1.,1.,1.,1.,1.,1.,1.,
    1.,1.,0.999999999999,1.000000000002,0.999999999996,1.)) 
REPRESENTATION_ITEM('') );
#903 = CARTESIAN_POINT('',(140.9618,-349.7213066462,109.57252906603));
#904 = CARTESIAN_POINT('',(139.3469737637,-355.8191361771,
    110.71097266747));
#905 = CARTESIAN_POINT('',(146.55711552643,-342.7285254159,
    108.41763740978));
#906 = CARTESIAN_POINT('',(149.83248812156,-344.4572933119,
    108.57998902479));
#907 = CARTESIAN_POINT('',(152.63844988999,-346.3793859928,
    108.71484119111));
#908 = CARTESIAN_POINT('',(159.61432189493,-342.2081469793,
    107.76483671631));
#909 = CARTESIAN_POINT('',(161.57498576671,-356.2678011989,
    110.09135874542));
#910 = CARTESIAN_POINT('',(166.85069272796,-347.1292068129,
    108.47067614181));
#911 = CARTESIAN_POINT('',(170.05924171584,-342.3363628487,
    107.41974953632));
#912 = CARTESIAN_POINT('',(175.2605606702,-342.6808854521,
    107.09364382948));
#913 = CARTESIAN_POINT('',(179.44145366882,-342.3320536203,
    106.84849190057));
#914 = CARTESIAN_POINT('',(183.74546905009,-342.2164327081,
    106.87835315102));
#915 = CARTESIAN_POINT('',(188.02212458981,-342.023010151,
    106.80182048408));
#916 = CARTESIAN_POINT('',(192.29363155905,-342.0307098818,
    106.84107848874));
#917 = CARTESIAN_POINT('',(196.58004983101,-341.9761106255,
    106.86188277505));
#918 = CARTESIAN_POINT('',(200.85501156117,-341.90481899,106.87727488759
    ));
#919 = CARTESIAN_POINT('',(205.12596544359,-341.9597323562,
    106.93153620179));
#920 = CARTESIAN_POINT('',(209.41439322258,-341.981028207,
    106.98195025278));
#921 = CARTESIAN_POINT('',(213.69322367635,-342.0511617431,
    107.02240318147));
#922 = CARTESIAN_POINT('',(217.96934112329,-341.9703286133,
    107.16392685883));
#923 = CARTESIAN_POINT('',(222.26952895422,-342.2427144664,
    107.55253291253));
#924 = CARTESIAN_POINT('',(226.5166643478,-341.7918649107,
    107.71353054596));
#925 = CARTESIAN_POINT('',(230.80856684708,-341.7928108135,
    108.04372096832));
#926 = CARTESIAN_POINT('',(235.07622110161,-341.4156805074,
    108.09466952147));
#927 = CARTESIAN_POINT('',(239.35488141397,-341.1731158855,
    108.38903793113));
#928 = CARTESIAN_POINT('',(243.60389158591,-341.102067042,
    108.56560335924));
#929 = CARTESIAN_POINT('',(247.90844854027,-341.2363617524,
    108.89217403687));
#930 = CARTESIAN_POINT('',(252.2213347776,-341.5829500813,
    108.95559101256));
#931 = CARTESIAN_POINT('',(256.41797633353,-342.8445300332,
    109.38774924619));
#932 = CARTESIAN_POINT('',(261.49749220731,-342.3971238871,
    109.3306623363));
#933 = CARTESIAN_POINT('',(264.82846846707,-349.8220619705,
    109.76523846567));
#934 = CARTESIAN_POINT('',(269.29986524939,-342.9250051395,
    109.5198028683));
#935 = CARTESIAN_POINT('',(273.76120192934,-348.1081881177,
    109.49821706584));
#936 = CARTESIAN_POINT('',(277.11561224167,-348.8952974462,
    110.41053673644));
#937 = CARTESIAN_POINT('',(282.18739413143,-349.6811384299,
    110.30696117422));
#938 = CARTESIAN_POINT('',(286.38362479911,-350.0995360331,
    110.69299287052));
#939 = CARTESIAN_POINT('',(290.6929217221,-350.3377090922,
    110.76349560985));
#940 = CARTESIAN_POINT('',(294.99728518776,-349.4700280857,
    111.15284270761));
#941 = CARTESIAN_POINT('',(299.24599549207,-348.0475365317,
    111.05351013256));
#942 = CARTESIAN_POINT('',(303.52499017227,-347.1145149721,
    111.01236604076));
#943 = CARTESIAN_POINT('',(307.79622056725,-346.0067286282,
    110.9881240977));
#944 = CARTESIAN_POINT('',(312.08441986464,-345.4060292333,
    110.83927475837));
#945 = CARTESIAN_POINT('',(316.3318452167,-344.1177480167,111.0713357765
    ));
#946 = CARTESIAN_POINT('',(320.63289091038,-343.7897660619,
    110.98770205078));
#947 = CARTESIAN_POINT('',(324.90801010291,-343.1553706893,
    110.94978929476));
#948 = CARTESIAN_POINT('',(329.18807309953,-342.9321343341,110.83358589)
  );
#949 = CARTESIAN_POINT('',(333.47733801931,-342.565798511,
    110.70047381425));
#950 = CARTESIAN_POINT('',(337.7470456075,-343.3930923974,
    110.29876075009));
#951 = CARTESIAN_POINT('',(342.02123400371,-342.5802555269,
    110.39509350761));
#952 = CARTESIAN_POINT('',(346.30443528757,-342.8441979059,
    110.21275191395));
#953 = CARTESIAN_POINT('',(350.5884217255,-342.9395488305,
    110.14229180344));
#954 = CARTESIAN_POINT('',(354.84926238005,-342.9006323535,
    110.08645514429));
#955 = CARTESIAN_POINT('',(359.17649042862,-343.3240778741,
    109.91473345785));
#956 = CARTESIAN_POINT('',(363.32021844008,-342.8446280315,
    109.91059627442));
#957 = CARTESIAN_POINT('',(368.68503275418,-344.4189831843,
    109.54392230837));
#958 = CARTESIAN_POINT('',(371.24903411287,-341.8189775482,
    110.30753182016));
#959 = CARTESIAN_POINT('',(377.42638182418,-340.2633193286,
    110.22833992526));
#960 = CARTESIAN_POINT('',(379.73562276372,-346.4133685017,
    109.75331765092));
#961 = CARTESIAN_POINT('',(385.92015942773,-339.9746954965,
    110.44404589634));
#962 = CARTESIAN_POINT('',(387.95796901408,-352.6067848257,
    108.96260248402));
#963 = CARTESIAN_POINT('',(392.55136708921,-350.7931788939,
    109.37955340507));
#964 = CARTESIAN_POINT('',(397.86107277384,-338.9919728774,
    110.81827171396));
#965 = CARTESIAN_POINT('',(397.6403,-349.107833395,109.69585069556));
#966 = PCURVE('',#720,#967);
#967 = DEFINITIONAL_REPRESENTATION('',(#968),#972);
#968 = LINE('',#969,#970);
#969 = CARTESIAN_POINT('',(3.,0.));
#970 = VECTOR('',#971,1.);
#971 = DIRECTION('',(0.,1.));
#972 = ( GEOMETRIC_REPRESENTATION_CONTEXT(2) 
PARAMETRIC_REPRESENTATION_CONTEXT() REPRESENTATION_CONTEXT('2D SPACE',''
  ) );
#973 = PCURVE('',#974,#1101);
#974 = ( BOUNDED_SURFACE() B_SPLINE_SURFACE(1,3,(
    (#975,#976,#977,#978,#979,#980,#981,#982,#983,#984,#985,#986,#987
      ,#988,#989,#990,#991,#992,#993,#994,#995,#996,#997,#998,#999,#1000
      ,#1001,#1002,#1003,#1004,#1005,#1006,#1007,#1008,#1009,#1010,#1011
      ,#1012,#1013,#1014,#1015,#1016,#1017,#1018,#1019,#1020,#1021,#1022
      ,#1023,#1024,#1025,#1026,#1027,#1028,#1029,#1030,#1031,#1032,#1033
      ,#1034,#1035,#1036,#1037)
    ,(#1038,#1039,#1040,#1041,#1042,#1043,#1044,#1045,#1046,#1047,#1048
      ,#1049,#1050,#1051,#1052,#1053,#1054,#1055,#1056,#1057,#1058,#1059
      ,#1060,#1061,#1062,#1063,#1064,#1065,#1066,#1067,#1068,#1069,#1070
      ,#1071,#1072,#1073,#1074,#1075,#1076,#1077,#1078,#1079,#1080,#1081
      ,#1082,#1083,#1084,#1085,#1086,#1087,#1088,#1089,#1090,#1091,#1092
      ,#1093,#1094,#1095,#1096,#1097,#1098,#1099,#1100
)),.UNSPECIFIED.,.F.,.F.,.F.) B_SPLINE_SURFACE_WITH_KNOTS((2,2),(4,1,1,1
    ,1,1,1,1,1,1,1,1,1,1,1,1,1,1,1,1,1,1,1,1,1,1,1,1,1,1,1,1,1,1,1,1,1,1
    ,1,1,1,1,1,1,1,1,1,1,1,1,1,1,1,1,1,1,1,1,1,1,4),(3.,4.),(0.,
    1.732138582393E-02,3.476147556169E-02,5.682134329819E-02,
    7.1962296323E-02,9.668171057498E-02,0.117312720082,0.137726814038,
    0.152748180615,0.167749813045,0.182740680817,0.197724569486,
    0.212727858992,0.227712266626,0.242722186927,0.257740578549,
    0.272730613132,0.287749851447,0.302807253127,0.317909897629,
    0.333164876512,0.348417208457,0.363717555355,0.379021830365,
    0.39430254102,0.409403510223,0.424503833082,0.439703221214,
    0.455034147268,0.475266642259,0.494822408855,0.514358099005,
    0.53448350075,0.549791243926,0.564993335593,0.580114457875,
    0.595233122966,0.610524778841,0.625831283594,0.641129798524,
    0.656395058325,0.671658347301,0.686764177688,0.701824559728,
    0.716841998439,0.731832580826,0.74685884212,0.761877146393,
    0.776861271766,0.791847146503,0.806852809101,0.821843806167,
    0.836903306197,0.851969913481,0.873073700462,0.890743423327,
    0.916073608219,0.937085032849,0.966089436802,0.983488965917,1.),
.UNSPECIFIED.) GEOMETRIC_REPRESENTATION_ITEM() RATIONAL_B_SPLINE_SURFACE
((
    (1.,0.99999999999,1.000000000005,0.999999999998,1.,1.,1.,1.,1.,1.,1.
      ,1.,1.,1.,1.,1.,1.,1.,1.,1.,1.,1.,1.,1.,1.,1.,1.,1.,1.,1.,1.,1.,1.
      ,1.,1.,1.,1.,1.,1.,1.,1.,1.,1.,1.,1.,1.,1.,1.,1.,1.,1.,1.,1.,1.,1.
      ,1.,1.,1.,1.,0.999999999999,1.000000000002,0.999999999996,1.)
    ,(1.,0.99999999999,1.000000000005,0.999999999998,1.,1.,1.,1.,1.,1.
      ,1.,1.,1.,1.,1.,1.,1.,1.,1.,1.,1.,1.,1.,1.,1.,1.,1.,1.,1.,1.,1.,1.
      ,1.,1.,1.,1.,1.,1.,1.,1.,1.,1.,1.,1.,1.,1.,1.,1.,1.,1.,1.,1.,1.,1.
      ,1.,1.,1.,1.,1.,0.999999999999,1.000000000002,0.999999999996,1.
))) REPRESENTATION_ITEM('') SURFACE() );
#975 = CARTESIAN_POINT('',(140.9618,-349.7213066462,109.57252906603));
#976 = CARTESIAN_POINT('',(139.3469737637,-355.8191361771,
    110.71097266747));
#977 = CARTESIAN_POINT('',(146.55711552643,-342.7285254159,
    108.41763740978));
#978 = CARTESIAN_POINT('',(149.83248812156,-344.4572933119,
    108.57998902479));
#979 = CARTESIAN_POINT('',(152.63844988999,-346.3793859928,
    108.71484119111));
#980 = CARTESIAN_POINT('',(159.61432189493,-342.2081469793,
    107.76483671631));
#981 = CARTESIAN_POINT('',(161.57498576671,-356.2678011989,
    110.09135874542));
#982 = CARTESIAN_POINT('',(166.85069272796,-347.1292068129,
    108.47067614181));
#983 = CARTESIAN_POINT('',(170.05924171584,-342.3363628487,
    107.41974953632));
#984 = CARTESIAN_POINT('',(175.2605606702,-342.6808854521,
    107.09364382948));
#985 = CARTESIAN_POINT('',(179.44145366882,-342.3320536203,
    106.84849190057));
#986 = CARTESIAN_POINT('',(183.74546905009,-342.2164327081,
    106.87835315102));
#987 = CARTESIAN_POINT('',(188.02212458981,-342.023010151,
    106.80182048408));
#988 = CARTESIAN_POINT('',(192.29363155905,-342.0307098818,
    106.84107848874));
#989 = CARTESIAN_POINT('',(196.58004983101,-341.9761106255,
    106.86188277505));
#990 = CARTESIAN_POINT('',(200.85501156117,-341.90481899,106.87727488759
    ));
#991 = CARTESIAN_POINT('',(205.12596544359,-341.9597323562,
    106.93153620179));
#992 = CARTESIAN_POINT('',(209.41439322258,-341.981028207,
    106.98195025278));
#993 = CARTESIAN_POINT('',(213.69322367635,-342.0511617431,
    107.02240318147));
#994 = CARTESIAN_POINT('',(217.96934112329,-341.9703286133,
    107.16392685883));
#995 = CARTESIAN_POINT('',(222.26952895422,-342.2427144664,
    107.55253291253));
#996 = CARTESIAN_POINT('',(226.5166643478,-341.7918649107,
    107.71353054596));
#997 = CARTESIAN_POINT('',(230.80856684708,-341.7928108135,
    108.04372096832));
#998 = CARTESIAN_POINT('',(235.07622110161,-341.4156805074,
    108.09466952147));
#999 = CARTESIAN_POINT('',(239.35488141397,-341.1731158855,
    108.38903793113));
#1000 = CARTESIAN_POINT('',(243.60389158591,-341.102067042,
    108.56560335924));
#1001 = CARTESIAN_POINT('',(247.90844854027,-341.2363617524,
    108.89217403687));
#1002 = CARTESIAN_POINT('',(252.2213347776,-341.5829500813,
    108.95559101256));
#1003 = CARTESIAN_POINT('',(256.41797633353,-342.8445300332,
    109.38774924619));
#1004 = CARTESIAN_POINT('',(261.49749220731,-342.3971238871,
    109.3306623363));
#1005 = CARTESIAN_POINT('',(264.82846846707,-349.8220619705,
    109.76523846567));
#1006 = CARTESIAN_POINT('',(269.29986524939,-342.9250051395,
    109.5198028683));
#1007 = CARTESIAN_POINT('',(273.76120192934,-348.1081881177,
    109.49821706584));
#1008 = CARTESIAN_POINT('',(277.11561224167,-348.8952974462,
    110.41053673644));
#1009 = CARTESIAN_POINT('',(282.18739413143,-349.6811384299,
    110.30696117422));
#1010 = CARTESIAN_POINT('',(286.38362479911,-350.0995360331,
    110.69299287052));
#1011 = CARTESIAN_POINT('',(290.6929217221,-350.3377090922,
    110.76349560985));
#1012 = CARTESIAN_POINT('',(294.99728518776,-349.4700280857,
    111.15284270761));
#1013 = CARTESIAN_POINT('',(299.24599549207,-348.0475365317,
    111.05351013256));
#1014 = CARTESIAN_POINT('',(303.52499017227,-347.1145149721,
    111.01236604076));
#1015 = CARTESIAN_POINT('',(307.79622056725,-346.0067286282,
    110.9881240977));
#1016 = CARTESIAN_POINT('',(312.08441986464,-345.4060292333,
    110.83927475837));
#1017 = CARTESIAN_POINT('',(316.3318452167,-344.1177480167,
    111.0713357765));
#1018 = CARTESIAN_POINT('',(320.63289091038,-343.7897660619,
    110.98770205078));
#1019 = CARTESIAN_POINT('',(324.90801010291,-343.1553706893,
    110.94978929476));
#1020 = CARTESIAN_POINT('',(329.18807309953,-342.9321343341,110.83358589
    ));
#1021 = CARTESIAN_POINT('',(333.47733801931,-342.565798511,
    110.70047381425));
#1022 = CARTESIAN_POINT('',(337.7470456075,-343.3930923974,
    110.29876075009));
#1023 = CARTESIAN_POINT('',(342.02123400371,-342.5802555269,
    110.39509350761));
#1024 = CARTESIAN_POINT('',(346.30443528757,-342.8441979059,
    110.21275191395));
#1025 = CARTESIAN_POINT('',(350.5884217255,-342.9395488305,
    110.14229180344));
#1026 = CARTESIAN_POINT('',(354.84926238005,-342.9006323535,
    110.08645514429));
#1027 = CARTESIAN_POINT('',(359.17649042862,-343.3240778741,
    109.91473345785));
#1028 = CARTESIAN_POINT('',(363.32021844008,-342.8446280315,
    109.91059627442));
#1029 = CARTESIAN_POINT('',(368.68503275418,-344.4189831843,
    109.54392230837));
#1030 = CARTESIAN_POINT('',(371.24903411287,-341.8189775482,
    110.30753182016));
#1031 = CARTESIAN_POINT('',(377.42638182418,-340.2633193286,
    110.22833992526));
#1032 = CARTESIAN_POINT('',(379.73562276372,-346.4133685017,
    109.75331765092));
#1033 = CARTESIAN_POINT('',(385.92015942773,-339.9746954965,
    110.44404589634));
#1034 = CARTESIAN_POINT('',(387.95796901408,-352.6067848257,
    108.96260248402));
#1035 = CARTESIAN_POINT('',(392.55136708921,-350.7931788939,
    109.37955340507));
#1036 = CARTESIAN_POINT('',(397.86107277384,-338.9919728774,
    110.81827171396));
#1037 = CARTESIAN_POINT('',(397.6403,-349.107833395,109.69585069556));
#1038 = CARTESIAN_POINT('',(140.9618,-349.9414468064,109.60014173147));
#1039 = CARTESIAN_POINT('',(139.3469737637,-356.5907111913,
    110.80461118027));
#1040 = CARTESIAN_POINT('',(146.55711552643,-343.1806533818,
    108.47120270981));
#1041 = CARTESIAN_POINT('',(149.83248812156,-344.7569027779,
    108.62512308822));
#1042 = CARTESIAN_POINT('',(152.63844988999,-347.3002970484,
    108.85727353552));
#1043 = CARTESIAN_POINT('',(159.61432189493,-343.3210064004,
    107.93848395084));
#1044 = CARTESIAN_POINT('',(161.57498576671,-356.6165257936,
    110.1454123462));
#1045 = CARTESIAN_POINT('',(166.85069272796,-347.5541534319,
    108.53960267525));
#1046 = CARTESIAN_POINT('',(170.05924171584,-343.6998680274,
    107.66592622469));
#1047 = CARTESIAN_POINT('',(175.2605606702,-343.8881846924,
    107.41837375397));
#1048 = CARTESIAN_POINT('',(179.44145366882,-343.6138770054,
    107.21892605287));
#1049 = CARTESIAN_POINT('',(183.74546905009,-343.5134586079,
    107.27576595925));
#1050 = CARTESIAN_POINT('',(188.02212458981,-343.3170753643,
    107.21316249212));
#1051 = CARTESIAN_POINT('',(192.29363155905,-343.3667245798,
    107.26193085829));
#1052 = CARTESIAN_POINT('',(196.58004983101,-343.3310140952,
    107.30050878629));
#1053 = CARTESIAN_POINT('',(200.85501156117,-343.2009648815,
    107.29388204112));
#1054 = CARTESIAN_POINT('',(205.12596544359,-343.322281053,
    107.37022729975));
#1055 = CARTESIAN_POINT('',(209.41439322258,-343.3148258662,
    107.41165948835));
#1056 = CARTESIAN_POINT('',(213.69322367635,-343.3611825238,
    107.44345023664));
#1057 = CARTESIAN_POINT('',(217.96934112329,-343.2253874145,
    107.58067776872));
#1058 = CARTESIAN_POINT('',(222.26952895422,-343.4094745301,
    108.0263601444));
#1059 = CARTESIAN_POINT('',(226.5166643478,-342.9040769044,
    108.13095756961));
#1060 = CARTESIAN_POINT('',(230.80856684708,-342.7254094959,
    108.65161418082));
#1061 = CARTESIAN_POINT('',(235.07622110161,-342.2575983305,
    108.69474485248));
#1062 = CARTESIAN_POINT('',(239.35488141397,-341.9599972123,
    108.94764859693));
#1063 = CARTESIAN_POINT('',(243.60389158591,-341.7049051934,
    109.20666406011));
#1064 = CARTESIAN_POINT('',(247.90844854027,-341.7454205655,
    109.50544334662));
#1065 = CARTESIAN_POINT('',(252.2213347776,-341.9954563314,
    109.54574258067));
#1066 = CARTESIAN_POINT('',(256.41797633353,-343.3529682233,
    109.77242332463));
#1067 = CARTESIAN_POINT('',(261.49749220731,-342.9257962691,
    109.60836594912));
#1068 = CARTESIAN_POINT('',(264.82846846707,-349.679770752,
    110.71065635197));
#1069 = CARTESIAN_POINT('',(269.29986524939,-342.916412973,
    110.05023641826));
#1070 = CARTESIAN_POINT('',(273.76120192934,-348.2847889693,
    110.48229347281));
#1071 = CARTESIAN_POINT('',(277.11561224167,-348.2455148838,
    110.53239521042));
#1072 = CARTESIAN_POINT('',(282.18739413143,-349.2505294537,
    110.76895405677));
#1073 = CARTESIAN_POINT('',(286.38362479911,-349.4955435996,
    111.09045241636));
#1074 = CARTESIAN_POINT('',(290.6929217221,-349.7797945673,
    111.3361504859));
#1075 = CARTESIAN_POINT('',(294.99728518776,-348.8330531334,
    111.75199785141));
#1076 = CARTESIAN_POINT('',(299.24599549207,-347.3635637494,
    111.73172428658));
#1077 = CARTESIAN_POINT('',(303.52499017227,-346.2673597346,
    111.61406944719));
#1078 = CARTESIAN_POINT('',(307.79622056725,-345.0403790287,
    111.53855969404));
#1079 = CARTESIAN_POINT('',(312.08441986464,-344.3301607923,
    111.33877421768));
#1080 = CARTESIAN_POINT('',(316.3318452167,-342.9565379577,
    111.56072889655));
#1081 = CARTESIAN_POINT('',(320.63289091038,-342.5337298609,
    111.41379031372));
#1082 = CARTESIAN_POINT('',(324.90801010291,-341.8563204339,
    111.41239650694));
#1083 = CARTESIAN_POINT('',(329.18807309953,-341.5718676906,
    111.20112290973));
#1084 = CARTESIAN_POINT('',(333.47733801931,-341.1932293635,
    111.11323450581));
#1085 = CARTESIAN_POINT('',(337.7470456075,-342.0582944286,
    110.62452998219));
#1086 = CARTESIAN_POINT('',(342.02123400371,-341.2050563536,
    110.77896444354));
#1087 = CARTESIAN_POINT('',(346.30443528757,-341.4775172572,
    110.50021619202));
#1088 = CARTESIAN_POINT('',(350.5884217255,-341.5850174384,
    110.4467472743));
#1089 = CARTESIAN_POINT('',(354.84926238005,-341.607704437,
    110.37851021532));
#1090 = CARTESIAN_POINT('',(359.17649042862,-342.0077294214,
    110.18703740003));
#1091 = CARTESIAN_POINT('',(363.32021844008,-341.623653478,
    110.16274139762));
#1092 = CARTESIAN_POINT('',(368.68503275418,-343.1802281805,
    109.80564456472));
#1093 = CARTESIAN_POINT('',(371.24903411287,-340.9058500453,
    110.29785604875));
#1094 = CARTESIAN_POINT('',(377.42638182418,-339.9982554271,
    110.40404574273));
#1095 = CARTESIAN_POINT('',(379.73562276372,-345.077923814,
    109.89140515497));
#1096 = CARTESIAN_POINT('',(385.92015942773,-339.6210611458,
    110.52667124128));
#1097 = CARTESIAN_POINT('',(387.95796901408,-352.3191498004,
    109.01854549089));
#1098 = CARTESIAN_POINT('',(392.55136708921,-350.0527491294,
    109.44508506821));
#1099 = CARTESIAN_POINT('',(397.86107277384,-338.9094238958,
    110.87645408487));
#1100 = CARTESIAN_POINT('',(397.6403,-348.9315831109,109.71638195522));
#1101 = DEFINITIONAL_REPRESENTATION('',(#1102),#1106);
#1102 = LINE('',#1103,#1104);
#1103 = CARTESIAN_POINT('',(3.,0.));
#1104 = VECTOR('',#1105,1.);
#1105 = DIRECTION('',(0.,1.));
#1106 = ( GEOMETRIC_REPRESENTATION_CONTEXT(2) 
PARAMETRIC_REPRESENTATION_CONTEXT() REPRESENTATION_CONTEXT('2D SPACE',''
  ) );
#1107 = ORIENTED_EDGE('',*,*,#1108,.F.);
#1108 = EDGE_CURVE('',#645,#899,#1109,.T.);
#1109 = SURFACE_CURVE('',#1110,(#1113,#1120),.PCURVE_S1.);
#1110 = B_SPLINE_CURVE_WITH_KNOTS('',1,(#1111,#1112),.UNSPECIFIED.,.F.,
  .F.,(2,2),(2.,3.),.PIECEWISE_BEZIER_KNOTS.);
#1111 = CARTESIAN_POINT('',(397.6403,-349.2840836791,109.67531943589));
#1112 = CARTESIAN_POINT('',(397.6403,-349.107833395,109.69585069556));
#1113 = PCURVE('',#720,#1114);
#1114 = DEFINITIONAL_REPRESENTATION('',(#1115),#1119);
#1115 = LINE('',#1116,#1117);
#1116 = CARTESIAN_POINT('',(0.,1.));
#1117 = VECTOR('',#1118,1.);
#1118 = DIRECTION('',(1.,0.));
#1119 = ( GEOMETRIC_REPRESENTATION_CONTEXT(2) 
PARAMETRIC_REPRESENTATION_CONTEXT() REPRESENTATION_CONTEXT('2D SPACE',''
  ) );
#1120 = PCURVE('',#401,#1121);
#1121 = DEFINITIONAL_REPRESENTATION('',(#1122),#1125);
#1122 = B_SPLINE_CURVE_WITH_KNOTS('',1,(#1123,#1124),.UNSPECIFIED.,.F.,
  .F.,(2,2),(2.,3.),.PIECEWISE_BEZIER_KNOTS.);
#1123 = CARTESIAN_POINT('',(-0.354884179785,1.311094337098E-06));
#1124 = CARTESIAN_POINT('',(-0.532326269677,1.966641491435E-06));
#1125 = ( GEOMETRIC_REPRESENTATION_CONTEXT(2) 
PARAMETRIC_REPRESENTATION_CONTEXT() REPRESENTATION_CONTEXT('2D SPACE',''
  ) );
#1126 = ORIENTED_EDGE('',*,*,#644,.F.);
#1127 = ADVANCED_FACE('',(#1128),#974,.T.);
#1128 = FACE_BOUND('',#1129,.T.);
#1129 = EDGE_LOOP('',(#1130,#1151,#1361,#1380));
#1130 = ORIENTED_EDGE('',*,*,#1131,.T.);
#1131 = EDGE_CURVE('',#878,#1132,#1134,.T.);
#1132 = VERTEX_POINT('',#1133);
#1133 = CARTESIAN_POINT('',(140.9618,-349.9414468064,109.60014173147));
#1134 = SURFACE_CURVE('',#1135,(#1138,#1145),.PCURVE_S1.);
#1135 = B_SPLINE_CURVE_WITH_KNOTS('',1,(#1136,#1137),.UNSPECIFIED.,.F.,
  .F.,(2,2),(3.,4.),.PIECEWISE_BEZIER_KNOTS.);
#1136 = CARTESIAN_POINT('',(140.9618,-349.7213066462,109.57252906603));
#1137 = CARTESIAN_POINT('',(140.9618,-349.9414468064,109.60014173147));
#1138 = PCURVE('',#974,#1139);
#1139 = DEFINITIONAL_REPRESENTATION('',(#1140),#1144);
#1140 = LINE('',#1141,#1142);
#1141 = CARTESIAN_POINT('',(0.,0.));
#1142 = VECTOR('',#1143,1.);
#1143 = DIRECTION('',(1.,0.));
#1144 = ( GEOMETRIC_REPRESENTATION_CONTEXT(2) 
PARAMETRIC_REPRESENTATION_CONTEXT() REPRESENTATION_CONTEXT('2D SPACE',''
  ) );
#1145 = PCURVE('',#165,#1146);
#1146 = DEFINITIONAL_REPRESENTATION('',(#1147),#1150);
#1147 = B_SPLINE_CURVE_WITH_KNOTS('',1,(#1148,#1149),.UNSPECIFIED.,.F.,
  .F.,(2,2),(3.,4.),.PIECEWISE_BEZIER_KNOTS.);
#1148 = CARTESIAN_POINT('',(0.665595481303,-2.61379540234E-08));
#1149 = CARTESIAN_POINT('',(0.887460641737,-3.485060062758E-08));
#1150 = ( GEOMETRIC_REPRESENTATION_CONTEXT(2) 
PARAMETRIC_REPRESENTATION_CONTEXT() REPRESENTATION_CONTEXT('2D SPACE',''
  ) );
#1151 = ORIENTED_EDGE('',*,*,#1152,.T.);
#1152 = EDGE_CURVE('',#1132,#1153,#1155,.T.);
#1153 = VERTEX_POINT('',#1154);
#1154 = CARTESIAN_POINT('',(397.6403,-348.9315831109,109.71638195522));
#1155 = SURFACE_CURVE('',#1156,(#1220,#1227),.PCURVE_S1.);
#1156 = ( BOUNDED_CURVE() B_SPLINE_CURVE(3,(#1157,#1158,#1159,#1160,
    #1161,#1162,#1163,#1164,#1165,#1166,#1167,#1168,#1169,#1170,#1171,
    #1172,#1173,#1174,#1175,#1176,#1177,#1178,#1179,#1180,#1181,#1182,
    #1183,#1184,#1185,#1186,#1187,#1188,#1189,#1190,#1191,#1192,#1193,
    #1194,#1195,#1196,#1197,#1198,#1199,#1200,#1201,#1202,#1203,#1204,
    #1205,#1206,#1207,#1208,#1209,#1210,#1211,#1212,#1213,#1214,#1215,
    #1216,#1217,#1218,#1219),.UNSPECIFIED.,.F.,.F.) 
B_SPLINE_CURVE_WITH_KNOTS((4,1,1,1,1,1,1,1,1,1,1,1,1,1,1,1,1,1,1,1,1,1,1
    ,1,1,1,1,1,1,1,1,1,1,1,1,1,1,1,1,1,1,1,1,1,1,1,1,1,1,1,1,1,1,1,1,1,1
    ,1,1,1,4),(0.,1.732138582393E-02,3.476147556169E-02,
    5.682134329819E-02,7.1962296323E-02,9.668171057498E-02,
    0.117312720082,0.137726814038,0.152748180615,0.167749813045,
    0.182740680817,0.197724569486,0.212727858992,0.227712266626,
    0.242722186927,0.257740578549,0.272730613132,0.287749851447,
    0.302807253127,0.317909897629,0.333164876512,0.348417208457,
    0.363717555355,0.379021830365,0.39430254102,0.409403510223,
    0.424503833082,0.439703221214,0.455034147268,0.475266642259,
    0.494822408855,0.514358099005,0.53448350075,0.549791243926,
    0.564993335593,0.580114457875,0.595233122966,0.610524778841,
    0.625831283594,0.641129798524,0.656395058325,0.671658347301,
    0.686764177688,0.701824559728,0.716841998439,0.731832580826,
    0.74685884212,0.761877146393,0.776861271766,0.791847146503,
    0.806852809101,0.821843806167,0.836903306197,0.851969913481,
    0.873073700462,0.890743423327,0.916073608219,0.937085032849,
0.966089436802,0.983488965917,1.),.UNSPECIFIED.) CURVE() 
GEOMETRIC_REPRESENTATION_ITEM() RATIONAL_B_SPLINE_CURVE((1.,
    0.99999999999,1.000000000005,0.999999999998,1.,1.,1.,1.,1.,1.,1.,1.,
    1.,1.,1.,1.,1.,1.,1.,1.,1.,1.,1.,1.,1.,1.,1.,1.,1.,1.,1.,1.,1.,1.,1.
    ,1.,1.,1.,1.,1.,1.,1.,1.,1.,1.,1.,1.,1.,1.,1.,1.,1.,1.,1.,1.,1.,1.,
    1.,1.,0.999999999999,1.000000000002,0.999999999996,1.)) 
REPRESENTATION_ITEM('') );
#1157 = CARTESIAN_POINT('',(140.9618,-349.9414468064,109.60014173147));
#1158 = CARTESIAN_POINT('',(139.3469737637,-356.5907111913,
    110.80461118027));
#1159 = CARTESIAN_POINT('',(146.55711552643,-343.1806533818,
    108.47120270981));
#1160 = CARTESIAN_POINT('',(149.83248812156,-344.7569027779,
    108.62512308822));
#1161 = CARTESIAN_POINT('',(152.63844988999,-347.3002970484,
    108.85727353552));
#1162 = CARTESIAN_POINT('',(159.61432189493,-343.3210064004,
    107.93848395084));
#1163 = CARTESIAN_POINT('',(161.57498576671,-356.6165257936,
    110.1454123462));
#1164 = CARTESIAN_POINT('',(166.85069272796,-347.5541534319,
    108.53960267525));
#1165 = CARTESIAN_POINT('',(170.05924171584,-343.6998680274,
    107.66592622469));
#1166 = CARTESIAN_POINT('',(175.2605606702,-343.8881846924,
    107.41837375397));
#1167 = CARTESIAN_POINT('',(179.44145366882,-343.6138770054,
    107.21892605287));
#1168 = CARTESIAN_POINT('',(183.74546905009,-343.5134586079,
    107.27576595925));
#1169 = CARTESIAN_POINT('',(188.02212458981,-343.3170753643,
    107.21316249212));
#1170 = CARTESIAN_POINT('',(192.29363155905,-343.3667245798,
    107.26193085829));
#1171 = CARTESIAN_POINT('',(196.58004983101,-343.3310140952,
    107.30050878629));
#1172 = CARTESIAN_POINT('',(200.85501156117,-343.2009648815,
    107.29388204112));
#1173 = CARTESIAN_POINT('',(205.12596544359,-343.322281053,
    107.37022729975));
#1174 = CARTESIAN_POINT('',(209.41439322258,-343.3148258662,
    107.41165948835));
#1175 = CARTESIAN_POINT('',(213.69322367635,-343.3611825238,
    107.44345023664));
#1176 = CARTESIAN_POINT('',(217.96934112329,-343.2253874145,
    107.58067776872));
#1177 = CARTESIAN_POINT('',(222.26952895422,-343.4094745301,
    108.0263601444));
#1178 = CARTESIAN_POINT('',(226.5166643478,-342.9040769044,
    108.13095756961));
#1179 = CARTESIAN_POINT('',(230.80856684708,-342.7254094959,
    108.65161418082));
#1180 = CARTESIAN_POINT('',(235.07622110161,-342.2575983305,
    108.69474485248));
#1181 = CARTESIAN_POINT('',(239.35488141397,-341.9599972123,
    108.94764859693));
#1182 = CARTESIAN_POINT('',(243.60389158591,-341.7049051934,
    109.20666406011));
#1183 = CARTESIAN_POINT('',(247.90844854027,-341.7454205655,
    109.50544334662));
#1184 = CARTESIAN_POINT('',(252.2213347776,-341.9954563314,
    109.54574258067));
#1185 = CARTESIAN_POINT('',(256.41797633353,-343.3529682233,
    109.77242332463));
#1186 = CARTESIAN_POINT('',(261.49749220731,-342.9257962691,
    109.60836594912));
#1187 = CARTESIAN_POINT('',(264.82846846707,-349.679770752,
    110.71065635197));
#1188 = CARTESIAN_POINT('',(269.29986524939,-342.916412973,
    110.05023641826));
#1189 = CARTESIAN_POINT('',(273.76120192934,-348.2847889693,
    110.48229347281));
#1190 = CARTESIAN_POINT('',(277.11561224167,-348.2455148838,
    110.53239521042));
#1191 = CARTESIAN_POINT('',(282.18739413143,-349.2505294537,
    110.76895405677));
#1192 = CARTESIAN_POINT('',(286.38362479911,-349.4955435996,
    111.09045241636));
#1193 = CARTESIAN_POINT('',(290.6929217221,-349.7797945673,
    111.3361504859));
#1194 = CARTESIAN_POINT('',(294.99728518776,-348.8330531334,
    111.75199785141));
#1195 = CARTESIAN_POINT('',(299.24599549207,-347.3635637494,
    111.73172428658));
#1196 = CARTESIAN_POINT('',(303.52499017227,-346.2673597346,
    111.61406944719));
#1197 = CARTESIAN_POINT('',(307.79622056725,-345.0403790287,
    111.53855969404));
#1198 = CARTESIAN_POINT('',(312.08441986464,-344.3301607923,
    111.33877421768));
#1199 = CARTESIAN_POINT('',(316.3318452167,-342.9565379577,
    111.56072889655));
#1200 = CARTESIAN_POINT('',(320.63289091038,-342.5337298609,
    111.41379031372));
#1201 = CARTESIAN_POINT('',(324.90801010291,-341.8563204339,
    111.41239650694));
#1202 = CARTESIAN_POINT('',(329.18807309953,-341.5718676906,
    111.20112290973));
#1203 = CARTESIAN_POINT('',(333.47733801931,-341.1932293635,
    111.11323450581));
#1204 = CARTESIAN_POINT('',(337.7470456075,-342.0582944286,
    110.62452998219));
#1205 = CARTESIAN_POINT('',(342.02123400371,-341.2050563536,
    110.77896444354));
#1206 = CARTESIAN_POINT('',(346.30443528757,-341.4775172572,
    110.50021619202));
#1207 = CARTESIAN_POINT('',(350.5884217255,-341.5850174384,
    110.4467472743));
#1208 = CARTESIAN_POINT('',(354.84926238005,-341.607704437,
    110.37851021532));
#1209 = CARTESIAN_POINT('',(359.17649042862,-342.0077294214,
    110.18703740003));
#1210 = CARTESIAN_POINT('',(363.32021844008,-341.623653478,
    110.16274139762));
#1211 = CARTESIAN_POINT('',(368.68503275418,-343.1802281805,
    109.80564456472));
#1212 = CARTESIAN_POINT('',(371.24903411287,-340.9058500453,
    110.29785604875));
#1213 = CARTESIAN_POINT('',(377.42638182418,-339.9982554271,
    110.40404574273));
#1214 = CARTESIAN_POINT('',(379.73562276372,-345.077923814,
    109.89140515497));
#1215 = CARTESIAN_POINT('',(385.92015942773,-339.6210611458,
    110.52667124128));
#1216 = CARTESIAN_POINT('',(387.95796901408,-352.3191498004,
    109.01854549089));
#1217 = CARTESIAN_POINT('',(392.55136708921,-350.0527491294,
    109.44508506821));
#1218 = CARTESIAN_POINT('',(397.86107277384,-338.9094238958,
    110.87645408487));
#1219 = CARTESIAN_POINT('',(397.6403,-348.9315831109,109.71638195522));
#1220 = PCURVE('',#974,#1221);
#1221 = DEFINITIONAL_REPRESENTATION('',(#1222),#1226);
#1222 = LINE('',#1223,#1224);
#1223 = CARTESIAN_POINT('',(4.,0.));
#1224 = VECTOR('',#1225,1.);
#1225 = DIRECTION('',(0.,1.));
#1226 = ( GEOMETRIC_REPRESENTATION_CONTEXT(2) 
PARAMETRIC_REPRESENTATION_CONTEXT() REPRESENTATION_CONTEXT('2D SPACE',''
  ) );
#1227 = PCURVE('',#1228,#1355);
#1228 = ( BOUNDED_SURFACE() B_SPLINE_SURFACE(1,3,(
    (#1229,#1230,#1231,#1232,#1233,#1234,#1235,#1236,#1237,#1238,#1239
      ,#1240,#1241,#1242,#1243,#1244,#1245,#1246,#1247,#1248,#1249,#1250
      ,#1251,#1252,#1253,#1254,#1255,#1256,#1257,#1258,#1259,#1260,#1261
      ,#1262,#1263,#1264,#1265,#1266,#1267,#1268,#1269,#1270,#1271,#1272
      ,#1273,#1274,#1275,#1276,#1277,#1278,#1279,#1280,#1281,#1282,#1283
      ,#1284,#1285,#1286,#1287,#1288,#1289,#1290,#1291)
    ,(#1292,#1293,#1294,#1295,#1296,#1297,#1298,#1299,#1300,#1301,#1302
      ,#1303,#1304,#1305,#1306,#1307,#1308,#1309,#1310,#1311,#1312,#1313
      ,#1314,#1315,#1316,#1317,#1318,#1319,#1320,#1321,#1322,#1323,#1324
      ,#1325,#1326,#1327,#1328,#1329,#1330,#1331,#1332,#1333,#1334,#1335
      ,#1336,#1337,#1338,#1339,#1340,#1341,#1342,#1343,#1344,#1345,#1346
      ,#1347,#1348,#1349,#1350,#1351,#1352,#1353,#1354
)),.UNSPECIFIED.,.F.,.F.,.F.) B_SPLINE_SURFACE_WITH_KNOTS((2,2),(4,1,1,1
    ,1,1,1,1,1,1,1,1,1,1,1,1,1,1,1,1,1,1,1,1,1,1,1,1,1,1,1,1,1,1,1,1,1,1
    ,1,1,1,1,1,1,1,1,1,1,1,1,1,1,1,1,1,1,1,1,1,1,4),(4.,5.),(0.,
    1.732138582393E-02,3.476147556169E-02,5.682134329819E-02,
    7.1962296323E-02,9.668171057498E-02,0.117312720082,0.137726814038,
    0.152748180615,0.167749813045,0.182740680817,0.197724569486,
    0.212727858992,0.227712266626,0.242722186927,0.257740578549,
    0.272730613132,0.287749851447,0.302807253127,0.317909897629,
    0.333164876512,0.348417208457,0.363717555355,0.379021830365,
    0.39430254102,0.409403510223,0.424503833082,0.439703221214,
    0.455034147268,0.475266642259,0.494822408855,0.514358099005,
    0.53448350075,0.549791243926,0.564993335593,0.580114457875,
    0.595233122966,0.610524778841,0.625831283594,0.641129798524,
    0.656395058325,0.671658347301,0.686764177688,0.701824559728,
    0.716841998439,0.731832580826,0.74685884212,0.761877146393,
    0.776861271766,0.791847146503,0.806852809101,0.821843806167,
    0.836903306197,0.851969913481,0.873073700462,0.890743423327,
    0.916073608219,0.937085032849,0.966089436802,0.983488965917,1.),
.UNSPECIFIED.) GEOMETRIC_REPRESENTATION_ITEM() RATIONAL_B_SPLINE_SURFACE
((
    (1.,0.99999999999,1.000000000005,0.999999999998,1.,1.,1.,1.,1.,1.,1.
      ,1.,1.,1.,1.,1.,1.,1.,1.,1.,1.,1.,1.,1.,1.,1.,1.,1.,1.,1.,1.,1.,1.
      ,1.,1.,1.,1.,1.,1.,1.,1.,1.,1.,1.,1.,1.,1.,1.,1.,1.,1.,1.,1.,1.,1.
      ,1.,1.,1.,1.,0.999999999999,1.000000000002,0.999999999996,1.)
    ,(1.,0.99999999999,1.000000000005,0.999999999998,1.,1.,1.,1.,1.,1.
      ,1.,1.,1.,1.,1.,1.,1.,1.,1.,1.,1.,1.,1.,1.,1.,1.,1.,1.,1.,1.,1.,1.
      ,1.,1.,1.,1.,1.,1.,1.,1.,1.,1.,1.,1.,1.,1.,1.,1.,1.,1.,1.,1.,1.,1.
      ,1.,1.,1.,1.,1.,0.999999999999,1.000000000002,0.999999999996,1.
))) REPRESENTATION_ITEM('') SURFACE() );
#1229 = CARTESIAN_POINT('',(140.9618,-349.9414468064,109.60014173147));
#1230 = CARTESIAN_POINT('',(139.3469737637,-356.5907111913,
    110.80461118027));
#1231 = CARTESIAN_POINT('',(146.55711552643,-343.1806533818,
    108.47120270981));
#1232 = CARTESIAN_POINT('',(149.83248812156,-344.7569027779,
    108.62512308822));
#1233 = CARTESIAN_POINT('',(152.63844988999,-347.3002970484,
    108.85727353552));
#1234 = CARTESIAN_POINT('',(159.61432189493,-343.3210064004,
    107.93848395084));
#1235 = CARTESIAN_POINT('',(161.57498576671,-356.6165257936,
    110.1454123462));
#1236 = CARTESIAN_POINT('',(166.85069272796,-347.5541534319,
    108.53960267525));
#1237 = CARTESIAN_POINT('',(170.05924171584,-343.6998680274,
    107.66592622469));
#1238 = CARTESIAN_POINT('',(175.2605606702,-343.8881846924,
    107.41837375397));
#1239 = CARTESIAN_POINT('',(179.44145366882,-343.6138770054,
    107.21892605287));
#1240 = CARTESIAN_POINT('',(183.74546905009,-343.5134586079,
    107.27576595925));
#1241 = CARTESIAN_POINT('',(188.02212458981,-343.3170753643,
    107.21316249212));
#1242 = CARTESIAN_POINT('',(192.29363155905,-343.3667245798,
    107.26193085829));
#1243 = CARTESIAN_POINT('',(196.58004983101,-343.3310140952,
    107.30050878629));
#1244 = CARTESIAN_POINT('',(200.85501156117,-343.2009648815,
    107.29388204112));
#1245 = CARTESIAN_POINT('',(205.12596544359,-343.322281053,
    107.37022729975));
#1246 = CARTESIAN_POINT('',(209.41439322258,-343.3148258662,
    107.41165948835));
#1247 = CARTESIAN_POINT('',(213.69322367635,-343.3611825238,
    107.44345023664));
#1248 = CARTESIAN_POINT('',(217.96934112329,-343.2253874145,
    107.58067776872));
#1249 = CARTESIAN_POINT('',(222.26952895422,-343.4094745301,
    108.0263601444));
#1250 = CARTESIAN_POINT('',(226.5166643478,-342.9040769044,
    108.13095756961));
#1251 = CARTESIAN_POINT('',(230.80856684708,-342.7254094959,
    108.65161418082));
#1252 = CARTESIAN_POINT('',(235.07622110161,-342.2575983305,
    108.69474485248));
#1253 = CARTESIAN_POINT('',(239.35488141397,-341.9599972123,
    108.94764859693));
#1254 = CARTESIAN_POINT('',(243.60389158591,-341.7049051934,
    109.20666406011));
#1255 = CARTESIAN_POINT('',(247.90844854027,-341.7454205655,
    109.50544334662));
#1256 = CARTESIAN_POINT('',(252.2213347776,-341.9954563314,
    109.54574258067));
#1257 = CARTESIAN_POINT('',(256.41797633353,-343.3529682233,
    109.77242332463));
#1258 = CARTESIAN_POINT('',(261.49749220731,-342.9257962691,
    109.60836594912));
#1259 = CARTESIAN_POINT('',(264.82846846707,-349.679770752,
    110.71065635197));
#1260 = CARTESIAN_POINT('',(269.29986524939,-342.916412973,
    110.05023641826));
#1261 = CARTESIAN_POINT('',(273.76120192934,-348.2847889693,
    110.48229347281));
#1262 = CARTESIAN_POINT('',(277.11561224167,-348.2455148838,
    110.53239521042));
#1263 = CARTESIAN_POINT('',(282.18739413143,-349.2505294537,
    110.76895405677));
#1264 = CARTESIAN_POINT('',(286.38362479911,-349.4955435996,
    111.09045241636));
#1265 = CARTESIAN_POINT('',(290.6929217221,-349.7797945673,
    111.3361504859));
#1266 = CARTESIAN_POINT('',(294.99728518776,-348.8330531334,
    111.75199785141));
#1267 = CARTESIAN_POINT('',(299.24599549207,-347.3635637494,
    111.73172428658));
#1268 = CARTESIAN_POINT('',(303.52499017227,-346.2673597346,
    111.61406944719));
#1269 = CARTESIAN_POINT('',(307.79622056725,-345.0403790287,
    111.53855969404));
#1270 = CARTESIAN_POINT('',(312.08441986464,-344.3301607923,
    111.33877421768));
#1271 = CARTESIAN_POINT('',(316.3318452167,-342.9565379577,
    111.56072889655));
#1272 = CARTESIAN_POINT('',(320.63289091038,-342.5337298609,
    111.41379031372));
#1273 = CARTESIAN_POINT('',(324.90801010291,-341.8563204339,
    111.41239650694));
#1274 = CARTESIAN_POINT('',(329.18807309953,-341.5718676906,
    111.20112290973));
#1275 = CARTESIAN_POINT('',(333.47733801931,-341.1932293635,
    111.11323450581));
#1276 = CARTESIAN_POINT('',(337.7470456075,-342.0582944286,
    110.62452998219));
#1277 = CARTESIAN_POINT('',(342.02123400371,-341.2050563536,
    110.77896444354));
#1278 = CARTESIAN_POINT('',(346.30443528757,-341.4775172572,
    110.50021619202));
#1279 = CARTESIAN_POINT('',(350.5884217255,-341.5850174384,
    110.4467472743));
#1280 = CARTESIAN_POINT('',(354.84926238005,-341.607704437,
    110.37851021532));
#1281 = CARTESIAN_POINT('',(359.17649042862,-342.0077294214,
    110.18703740003));
#1282 = CARTESIAN_POINT('',(363.32021844008,-341.623653478,
    110.16274139762));
#1283 = CARTESIAN_POINT('',(368.68503275418,-343.1802281805,
    109.80564456472));
#1284 = CARTESIAN_POINT('',(371.24903411287,-340.9058500453,
    110.29785604875));
#1285 = CARTESIAN_POINT('',(377.42638182418,-339.9982554271,
    110.40404574273));
#1286 = CARTESIAN_POINT('',(379.73562276372,-345.077923814,
    109.89140515497));
#1287 = CARTESIAN_POINT('',(385.92015942773,-339.6210611458,
    110.52667124128));
#1288 = CARTESIAN_POINT('',(387.95796901408,-352.3191498004,
    109.01854549089));
#1289 = CARTESIAN_POINT('',(392.55136708921,-350.0527491294,
    109.44508506821));
#1290 = CARTESIAN_POINT('',(397.86107277384,-338.9094238958,
    110.87645408487));
#1291 = CARTESIAN_POINT('',(397.6403,-348.9315831109,109.71638195522));
#1292 = CARTESIAN_POINT('',(140.9618,-350.1615869665,109.62775439691));
#1293 = CARTESIAN_POINT('',(139.3469737637,-357.3621037893,
    110.89902717441));
#1294 = CARTESIAN_POINT('',(146.55711552643,-343.6328671081,
    108.52440939487));
#1295 = CARTESIAN_POINT('',(149.83248812156,-345.0564778083,
    108.67037679976));
#1296 = CARTESIAN_POINT('',(152.63844988999,-348.2212330958,
    108.99971233527));
#1297 = CARTESIAN_POINT('',(159.61432189493,-344.4338042402,
    108.11204665721));
#1298 = CARTESIAN_POINT('',(161.57498576671,-356.9656110803,
    110.20003356065));
#1299 = CARTESIAN_POINT('',(166.85069272796,-347.9780200384,
    108.60682023879));
#1300 = CARTESIAN_POINT('',(170.05924171584,-345.0669298235,
    107.91773338032));
#1301 = CARTESIAN_POINT('',(175.2605606702,-345.0541960117,
    107.8639089265));
#1302 = CARTESIAN_POINT('',(179.44145366882,-344.8741093231,
    107.64963813991));
#1303 = CARTESIAN_POINT('',(183.74546905009,-344.8023835346,
    107.69196583113));
#1304 = CARTESIAN_POINT('',(188.02212458981,-344.6103604873,
    107.62451048746));
#1305 = CARTESIAN_POINT('',(192.29363155905,-344.696895576,
    107.69951514587));
#1306 = CARTESIAN_POINT('',(196.58004983101,-344.6867322129,
    107.73532436954));
#1307 = CARTESIAN_POINT('',(200.85501156117,-344.497450711,
    107.70981828085));
#1308 = CARTESIAN_POINT('',(205.12596544359,-344.6839082297,
    107.81148461927));
#1309 = CARTESIAN_POINT('',(209.41439322258,-344.6476605549,
    107.84392463056));
#1310 = CARTESIAN_POINT('',(213.69322367635,-344.6723930034,
    107.86180784018));
#1311 = CARTESIAN_POINT('',(217.96934112329,-344.4766383978,
    108.00565480954));
#1312 = CARTESIAN_POINT('',(222.26952895422,-344.6079050388,
    108.41702558724));
#1313 = CARTESIAN_POINT('',(226.5166643478,-343.995511499,
    108.59457242156));
#1314 = CARTESIAN_POINT('',(230.80856684708,-343.7857440071,
    109.0059297549));
#1315 = CARTESIAN_POINT('',(235.07622110161,-343.1350725361,
    109.25116934584));
#1316 = CARTESIAN_POINT('',(239.35488141397,-342.7510017503,
    109.49267857608));
#1317 = CARTESIAN_POINT('',(243.60389158591,-342.3737771618,
    109.77269642523));
#1318 = CARTESIAN_POINT('',(247.90844854027,-342.3295781544,
    110.04767782794));
#1319 = CARTESIAN_POINT('',(252.2213347776,-342.5495215525,
    110.00236033269));
#1320 = CARTESIAN_POINT('',(256.41797633353,-343.7829109024,
    110.24704864805));
#1321 = CARTESIAN_POINT('',(261.49749220731,-343.5836914123,
    109.70941865049));
#1322 = CARTESIAN_POINT('',(264.82846846707,-349.4987810165,
    111.70470718028));
#1323 = CARTESIAN_POINT('',(269.29986524939,-342.9234205664,
    110.57539875738));
#1324 = CARTESIAN_POINT('',(273.76120192934,-348.4366517702,
    111.43930939036));
#1325 = CARTESIAN_POINT('',(277.11561224167,-347.6725707304,
    110.76030961221));
#1326 = CARTESIAN_POINT('',(282.18739413143,-348.818580866,111.236573196
    ));
#1327 = CARTESIAN_POINT('',(286.38362479911,-349.0005326157,
    111.60671988485));
#1328 = CARTESIAN_POINT('',(290.6929217221,-349.2013130933,
    111.88430297754));
#1329 = CARTESIAN_POINT('',(294.99728518776,-348.238456885,
    112.39377613954));
#1330 = CARTESIAN_POINT('',(299.24599549207,-346.663370148,
    112.39346104836));
#1331 = CARTESIAN_POINT('',(303.52499017227,-345.4422944203,
    112.23863016058));
#1332 = CARTESIAN_POINT('',(307.79622056725,-344.1178668809,
    112.15558863487));
#1333 = CARTESIAN_POINT('',(312.08441986464,-343.287197352,
    111.90221047994));
#1334 = CARTESIAN_POINT('',(316.3318452167,-341.8169817472,
    112.10114077473));
#1335 = CARTESIAN_POINT('',(320.63289091038,-341.2839571776,
    111.85981459948));
#1336 = CARTESIAN_POINT('',(324.90801010291,-340.5579880224,
    111.8750834139));
#1337 = CARTESIAN_POINT('',(329.18807309953,-340.2295545206,
    111.62735037672));
#1338 = CARTESIAN_POINT('',(333.47733801931,-339.8137026442,
    111.5018256952));
#1339 = CARTESIAN_POINT('',(337.7470456075,-340.7391552824,
    111.00842469891));
#1340 = CARTESIAN_POINT('',(342.02123400371,-339.8206842998,
    111.12674071845));
#1341 = CARTESIAN_POINT('',(346.30443528757,-340.1318604733,
    110.87387987894));
#1342 = CARTESIAN_POINT('',(350.5884217255,-340.2258802011,
    110.73290153121));
#1343 = CARTESIAN_POINT('',(354.84926238005,-340.3121379487,
    110.65741194922));
#1344 = CARTESIAN_POINT('',(359.17649042862,-340.6913064962,
    110.45980559871));
#1345 = CARTESIAN_POINT('',(363.32021844008,-340.4056448303,
    110.4263108479));
#1346 = CARTESIAN_POINT('',(368.68503275418,-341.9277108621,
    110.01350228518));
#1347 = CARTESIAN_POINT('',(371.24903411287,-340.0625325522,
    110.5617901021));
#1348 = CARTESIAN_POINT('',(377.42638182418,-339.7214825448,
    110.53043071274));
#1349 = CARTESIAN_POINT('',(379.73562276372,-343.7482845459,
    110.06203355432));
#1350 = CARTESIAN_POINT('',(385.92015942773,-339.2656456912,
    110.59910045919));
#1351 = CARTESIAN_POINT('',(387.95796901408,-352.0304022245,
    109.06930089892));
#1352 = CARTESIAN_POINT('',(392.55136708921,-349.3152923537,
    109.52511433324));
#1353 = CARTESIAN_POINT('',(397.86107277384,-338.8205383647,
    110.90362128944));
#1354 = CARTESIAN_POINT('',(397.6403,-348.7553328268,109.73691321489));
#1355 = DEFINITIONAL_REPRESENTATION('',(#1356),#1360);
#1356 = LINE('',#1357,#1358);
#1357 = CARTESIAN_POINT('',(4.,0.));
#1358 = VECTOR('',#1359,1.);
#1359 = DIRECTION('',(0.,1.));
#1360 = ( GEOMETRIC_REPRESENTATION_CONTEXT(2) 
PARAMETRIC_REPRESENTATION_CONTEXT() REPRESENTATION_CONTEXT('2D SPACE',''
  ) );
#1361 = ORIENTED_EDGE('',*,*,#1362,.F.);
#1362 = EDGE_CURVE('',#899,#1153,#1363,.T.);
#1363 = SURFACE_CURVE('',#1364,(#1367,#1374),.PCURVE_S1.);
#1364 = B_SPLINE_CURVE_WITH_KNOTS('',1,(#1365,#1366),.UNSPECIFIED.,.F.,
  .F.,(2,2),(3.,4.),.PIECEWISE_BEZIER_KNOTS.);
#1365 = CARTESIAN_POINT('',(397.6403,-349.107833395,109.69585069556));
#1366 = CARTESIAN_POINT('',(397.6403,-348.9315831109,109.71638195522));
#1367 = PCURVE('',#974,#1368);
#1368 = DEFINITIONAL_REPRESENTATION('',(#1369),#1373);
#1369 = LINE('',#1370,#1371);
#1370 = CARTESIAN_POINT('',(0.,1.));
#1371 = VECTOR('',#1372,1.);
#1372 = DIRECTION('',(1.,0.));
#1373 = ( GEOMETRIC_REPRESENTATION_CONTEXT(2) 
PARAMETRIC_REPRESENTATION_CONTEXT() REPRESENTATION_CONTEXT('2D SPACE',''
  ) );
#1374 = PCURVE('',#401,#1375);
#1375 = DEFINITIONAL_REPRESENTATION('',(#1376),#1379);
#1376 = B_SPLINE_CURVE_WITH_KNOTS('',1,(#1377,#1378),.UNSPECIFIED.,.F.,
  .F.,(2,2),(3.,4.),.PIECEWISE_BEZIER_KNOTS.);
#1377 = CARTESIAN_POINT('',(-0.532326269677,1.966641491435E-06));
#1378 = CARTESIAN_POINT('',(-0.709768359569,2.622188645773E-06));
#1379 = ( GEOMETRIC_REPRESENTATION_CONTEXT(2) 
PARAMETRIC_REPRESENTATION_CONTEXT() REPRESENTATION_CONTEXT('2D SPACE',''
  ) );
#1380 = ORIENTED_EDGE('',*,*,#898,.F.);
#1381 = ADVANCED_FACE('',(#1382),#1228,.T.);
#1382 = FACE_BOUND('',#1383,.T.);
#1383 = EDGE_LOOP('',(#1384,#1405,#1615,#1634));
#1384 = ORIENTED_EDGE('',*,*,#1385,.T.);
#1385 = EDGE_CURVE('',#1132,#1386,#1388,.T.);
#1386 = VERTEX_POINT('',#1387);
#1387 = CARTESIAN_POINT('',(140.9618,-350.1615869665,109.62775439691));
#1388 = SURFACE_CURVE('',#1389,(#1392,#1399),.PCURVE_S1.);
#1389 = B_SPLINE_CURVE_WITH_KNOTS('',1,(#1390,#1391),.UNSPECIFIED.,.F.,
  .F.,(2,2),(4.,5.),.PIECEWISE_BEZIER_KNOTS.);
#1390 = CARTESIAN_POINT('',(140.9618,-349.9414468064,109.60014173147));
#1391 = CARTESIAN_POINT('',(140.9618,-350.1615869665,109.62775439691));
#1392 = PCURVE('',#1228,#1393);
#1393 = DEFINITIONAL_REPRESENTATION('',(#1394),#1398);
#1394 = LINE('',#1395,#1396);
#1395 = CARTESIAN_POINT('',(0.,0.));
#1396 = VECTOR('',#1397,1.);
#1397 = DIRECTION('',(1.,0.));
#1398 = ( GEOMETRIC_REPRESENTATION_CONTEXT(2) 
PARAMETRIC_REPRESENTATION_CONTEXT() REPRESENTATION_CONTEXT('2D SPACE',''
  ) );
#1399 = PCURVE('',#165,#1400);
#1400 = DEFINITIONAL_REPRESENTATION('',(#1401),#1404);
#1401 = B_SPLINE_CURVE_WITH_KNOTS('',1,(#1402,#1403),.UNSPECIFIED.,.F.,
  .F.,(2,2),(4.,5.),.PIECEWISE_BEZIER_KNOTS.);
#1402 = CARTESIAN_POINT('',(0.887460641737,-3.485060062758E-08));
#1403 = CARTESIAN_POINT('',(1.109325802172,-4.356324723176E-08));
#1404 = ( GEOMETRIC_REPRESENTATION_CONTEXT(2) 
PARAMETRIC_REPRESENTATION_CONTEXT() REPRESENTATION_CONTEXT('2D SPACE',''
  ) );
#1405 = ORIENTED_EDGE('',*,*,#1406,.T.);
#1406 = EDGE_CURVE('',#1386,#1407,#1409,.T.);
#1407 = VERTEX_POINT('',#1408);
#1408 = CARTESIAN_POINT('',(397.6403,-348.7553328268,109.73691321489));
#1409 = SURFACE_CURVE('',#1410,(#1474,#1481),.PCURVE_S1.);
#1410 = ( BOUNDED_CURVE() B_SPLINE_CURVE(3,(#1411,#1412,#1413,#1414,
    #1415,#1416,#1417,#1418,#1419,#1420,#1421,#1422,#1423,#1424,#1425,
    #1426,#1427,#1428,#1429,#1430,#1431,#1432,#1433,#1434,#1435,#1436,
    #1437,#1438,#1439,#1440,#1441,#1442,#1443,#1444,#1445,#1446,#1447,
    #1448,#1449,#1450,#1451,#1452,#1453,#1454,#1455,#1456,#1457,#1458,
    #1459,#1460,#1461,#1462,#1463,#1464,#1465,#1466,#1467,#1468,#1469,
    #1470,#1471,#1472,#1473),.UNSPECIFIED.,.F.,.F.) 
B_SPLINE_CURVE_WITH_KNOTS((4,1,1,1,1,1,1,1,1,1,1,1,1,1,1,1,1,1,1,1,1,1,1
    ,1,1,1,1,1,1,1,1,1,1,1,1,1,1,1,1,1,1,1,1,1,1,1,1,1,1,1,1,1,1,1,1,1,1
    ,1,1,1,4),(0.,1.732138582393E-02,3.476147556169E-02,
    5.682134329819E-02,7.1962296323E-02,9.668171057498E-02,
    0.117312720082,0.137726814038,0.152748180615,0.167749813045,
    0.182740680817,0.197724569486,0.212727858992,0.227712266626,
    0.242722186927,0.257740578549,0.272730613132,0.287749851447,
    0.302807253127,0.317909897629,0.333164876512,0.348417208457,
    0.363717555355,0.379021830365,0.39430254102,0.409403510223,
    0.424503833082,0.439703221214,0.455034147268,0.475266642259,
    0.494822408855,0.514358099005,0.53448350075,0.549791243926,
    0.564993335593,0.580114457875,0.595233122966,0.610524778841,
    0.625831283594,0.641129798524,0.656395058325,0.671658347301,
    0.686764177688,0.701824559728,0.716841998439,0.731832580826,
    0.74685884212,0.761877146393,0.776861271766,0.791847146503,
    0.806852809101,0.821843806167,0.836903306197,0.851969913481,
    0.873073700462,0.890743423327,0.916073608219,0.937085032849,
0.966089436802,0.983488965917,1.),.UNSPECIFIED.) CURVE() 
GEOMETRIC_REPRESENTATION_ITEM() RATIONAL_B_SPLINE_CURVE((1.,
    0.99999999999,1.000000000005,0.999999999998,1.,1.,1.,1.,1.,1.,1.,1.,
    1.,1.,1.,1.,1.,1.,1.,1.,1.,1.,1.,1.,1.,1.,1.,1.,1.,1.,1.,1.,1.,1.,1.
    ,1.,1.,1.,1.,1.,1.,1.,1.,1.,1.,1.,1.,1.,1.,1.,1.,1.,1.,1.,1.,1.,1.,
    1.,1.,0.999999999999,1.000000000002,0.999999999996,1.)) 
REPRESENTATION_ITEM('') );
#1411 = CARTESIAN_POINT('',(140.9618,-350.1615869665,109.62775439691));
#1412 = CARTESIAN_POINT('',(139.3469737637,-357.3621037893,
    110.89902717441));
#1413 = CARTESIAN_POINT('',(146.55711552643,-343.6328671081,
    108.52440939487));
#1414 = CARTESIAN_POINT('',(149.83248812156,-345.0564778083,
    108.67037679976));
#1415 = CARTESIAN_POINT('',(152.63844988999,-348.2212330958,
    108.99971233527));
#1416 = CARTESIAN_POINT('',(159.61432189493,-344.4338042402,
    108.11204665721));
#1417 = CARTESIAN_POINT('',(161.57498576671,-356.9656110803,
    110.20003356065));
#1418 = CARTESIAN_POINT('',(166.85069272796,-347.9780200384,
    108.60682023879));
#1419 = CARTESIAN_POINT('',(170.05924171584,-345.0669298235,
    107.91773338032));
#1420 = CARTESIAN_POINT('',(175.2605606702,-345.0541960117,
    107.8639089265));
#1421 = CARTESIAN_POINT('',(179.44145366882,-344.8741093231,
    107.64963813991));
#1422 = CARTESIAN_POINT('',(183.74546905009,-344.8023835346,
    107.69196583113));
#1423 = CARTESIAN_POINT('',(188.02212458981,-344.6103604873,
    107.62451048746));
#1424 = CARTESIAN_POINT('',(192.29363155905,-344.696895576,
    107.69951514587));
#1425 = CARTESIAN_POINT('',(196.58004983101,-344.6867322129,
    107.73532436954));
#1426 = CARTESIAN_POINT('',(200.85501156117,-344.497450711,
    107.70981828085));
#1427 = CARTESIAN_POINT('',(205.12596544359,-344.6839082297,
    107.81148461927));
#1428 = CARTESIAN_POINT('',(209.41439322258,-344.6476605549,
    107.84392463056));
#1429 = CARTESIAN_POINT('',(213.69322367635,-344.6723930034,
    107.86180784018));
#1430 = CARTESIAN_POINT('',(217.96934112329,-344.4766383978,
    108.00565480954));
#1431 = CARTESIAN_POINT('',(222.26952895422,-344.6079050388,
    108.41702558724));
#1432 = CARTESIAN_POINT('',(226.5166643478,-343.995511499,
    108.59457242156));
#1433 = CARTESIAN_POINT('',(230.80856684708,-343.7857440071,
    109.0059297549));
#1434 = CARTESIAN_POINT('',(235.07622110161,-343.1350725361,
    109.25116934584));
#1435 = CARTESIAN_POINT('',(239.35488141397,-342.7510017503,
    109.49267857608));
#1436 = CARTESIAN_POINT('',(243.60389158591,-342.3737771618,
    109.77269642523));
#1437 = CARTESIAN_POINT('',(247.90844854027,-342.3295781544,
    110.04767782794));
#1438 = CARTESIAN_POINT('',(252.2213347776,-342.5495215525,
    110.00236033269));
#1439 = CARTESIAN_POINT('',(256.41797633353,-343.7829109024,
    110.24704864805));
#1440 = CARTESIAN_POINT('',(261.49749220731,-343.5836914123,
    109.70941865049));
#1441 = CARTESIAN_POINT('',(264.82846846707,-349.4987810165,
    111.70470718028));
#1442 = CARTESIAN_POINT('',(269.29986524939,-342.9234205664,
    110.57539875738));
#1443 = CARTESIAN_POINT('',(273.76120192934,-348.4366517702,
    111.43930939036));
#1444 = CARTESIAN_POINT('',(277.11561224167,-347.6725707304,
    110.76030961221));
#1445 = CARTESIAN_POINT('',(282.18739413143,-348.818580866,111.236573196
    ));
#1446 = CARTESIAN_POINT('',(286.38362479911,-349.0005326157,
    111.60671988485));
#1447 = CARTESIAN_POINT('',(290.6929217221,-349.2013130933,
    111.88430297754));
#1448 = CARTESIAN_POINT('',(294.99728518776,-348.238456885,
    112.39377613954));
#1449 = CARTESIAN_POINT('',(299.24599549207,-346.663370148,
    112.39346104836));
#1450 = CARTESIAN_POINT('',(303.52499017227,-345.4422944203,
    112.23863016058));
#1451 = CARTESIAN_POINT('',(307.79622056725,-344.1178668809,
    112.15558863487));
#1452 = CARTESIAN_POINT('',(312.08441986464,-343.287197352,
    111.90221047994));
#1453 = CARTESIAN_POINT('',(316.3318452167,-341.8169817472,
    112.10114077473));
#1454 = CARTESIAN_POINT('',(320.63289091038,-341.2839571776,
    111.85981459948));
#1455 = CARTESIAN_POINT('',(324.90801010291,-340.5579880224,
    111.8750834139));
#1456 = CARTESIAN_POINT('',(329.18807309953,-340.2295545206,
    111.62735037672));
#1457 = CARTESIAN_POINT('',(333.47733801931,-339.8137026442,
    111.5018256952));
#1458 = CARTESIAN_POINT('',(337.7470456075,-340.7391552824,
    111.00842469891));
#1459 = CARTESIAN_POINT('',(342.02123400371,-339.8206842998,
    111.12674071845));
#1460 = CARTESIAN_POINT('',(346.30443528757,-340.1318604733,
    110.87387987894));
#1461 = CARTESIAN_POINT('',(350.5884217255,-340.2258802011,
    110.73290153121));
#1462 = CARTESIAN_POINT('',(354.84926238005,-340.3121379487,
    110.65741194922));
#1463 = CARTESIAN_POINT('',(359.17649042862,-340.6913064962,
    110.45980559871));
#1464 = CARTESIAN_POINT('',(363.32021844008,-340.4056448303,
    110.4263108479));
#1465 = CARTESIAN_POINT('',(368.68503275418,-341.9277108621,
    110.01350228518));
#1466 = CARTESIAN_POINT('',(371.24903411287,-340.0625325522,
    110.5617901021));
#1467 = CARTESIAN_POINT('',(377.42638182418,-339.7214825448,
    110.53043071274));
#1468 = CARTESIAN_POINT('',(379.73562276372,-343.7482845459,
    110.06203355432));
#1469 = CARTESIAN_POINT('',(385.92015942773,-339.2656456912,
    110.59910045919));
#1470 = CARTESIAN_POINT('',(387.95796901408,-352.0304022245,
    109.06930089892));
#1471 = CARTESIAN_POINT('',(392.55136708921,-349.3152923537,
    109.52511433324));
#1472 = CARTESIAN_POINT('',(397.86107277384,-338.8205383647,
    110.90362128944));
#1473 = CARTESIAN_POINT('',(397.6403,-348.7553328268,109.73691321489));
#1474 = PCURVE('',#1228,#1475);
#1475 = DEFINITIONAL_REPRESENTATION('',(#1476),#1480);
#1476 = LINE('',#1477,#1478);
#1477 = CARTESIAN_POINT('',(5.,0.));
#1478 = VECTOR('',#1479,1.);
#1479 = DIRECTION('',(0.,1.));
#1480 = ( GEOMETRIC_REPRESENTATION_CONTEXT(2) 
PARAMETRIC_REPRESENTATION_CONTEXT() REPRESENTATION_CONTEXT('2D SPACE',''
  ) );
#1481 = PCURVE('',#1482,#1609);
#1482 = ( BOUNDED_SURFACE() B_SPLINE_SURFACE(1,3,(
    (#1483,#1484,#1485,#1486,#1487,#1488,#1489,#1490,#1491,#1492,#1493
      ,#1494,#1495,#1496,#1497,#1498,#1499,#1500,#1501,#1502,#1503,#1504
      ,#1505,#1506,#1507,#1508,#1509,#1510,#1511,#1512,#1513,#1514,#1515
      ,#1516,#1517,#1518,#1519,#1520,#1521,#1522,#1523,#1524,#1525,#1526
      ,#1527,#1528,#1529,#1530,#1531,#1532,#1533,#1534,#1535,#1536,#1537
      ,#1538,#1539,#1540,#1541,#1542,#1543,#1544,#1545)
    ,(#1546,#1547,#1548,#1549,#1550,#1551,#1552,#1553,#1554,#1555,#1556
      ,#1557,#1558,#1559,#1560,#1561,#1562,#1563,#1564,#1565,#1566,#1567
      ,#1568,#1569,#1570,#1571,#1572,#1573,#1574,#1575,#1576,#1577,#1578
      ,#1579,#1580,#1581,#1582,#1583,#1584,#1585,#1586,#1587,#1588,#1589
      ,#1590,#1591,#1592,#1593,#1594,#1595,#1596,#1597,#1598,#1599,#1600
      ,#1601,#1602,#1603,#1604,#1605,#1606,#1607,#1608
)),.UNSPECIFIED.,.F.,.F.,.F.) B_SPLINE_SURFACE_WITH_KNOTS((2,2),(4,1,1,1
    ,1,1,1,1,1,1,1,1,1,1,1,1,1,1,1,1,1,1,1,1,1,1,1,1,1,1,1,1,1,1,1,1,1,1
    ,1,1,1,1,1,1,1,1,1,1,1,1,1,1,1,1,1,1,1,1,1,1,4),(5.,6.),(0.,
    1.732138582393E-02,3.476147556169E-02,5.682134329819E-02,
    7.1962296323E-02,9.668171057498E-02,0.117312720082,0.137726814038,
    0.152748180615,0.167749813045,0.182740680817,0.197724569486,
    0.212727858992,0.227712266626,0.242722186927,0.257740578549,
    0.272730613132,0.287749851447,0.302807253127,0.317909897629,
    0.333164876512,0.348417208457,0.363717555355,0.379021830365,
    0.39430254102,0.409403510223,0.424503833082,0.439703221214,
    0.455034147268,0.475266642259,0.494822408855,0.514358099005,
    0.53448350075,0.549791243926,0.564993335593,0.580114457875,
    0.595233122966,0.610524778841,0.625831283594,0.641129798524,
    0.656395058325,0.671658347301,0.686764177688,0.701824559728,
    0.716841998439,0.731832580826,0.74685884212,0.761877146393,
    0.776861271766,0.791847146503,0.806852809101,0.821843806167,
    0.836903306197,0.851969913481,0.873073700462,0.890743423327,
    0.916073608219,0.937085032849,0.966089436802,0.983488965917,1.),
.UNSPECIFIED.) GEOMETRIC_REPRESENTATION_ITEM() RATIONAL_B_SPLINE_SURFACE
((
    (1.,0.99999999999,1.000000000005,0.999999999998,1.,1.,1.,1.,1.,1.,1.
      ,1.,1.,1.,1.,1.,1.,1.,1.,1.,1.,1.,1.,1.,1.,1.,1.,1.,1.,1.,1.,1.,1.
      ,1.,1.,1.,1.,1.,1.,1.,1.,1.,1.,1.,1.,1.,1.,1.,1.,1.,1.,1.,1.,1.,1.
      ,1.,1.,1.,1.,0.999999999999,1.000000000002,0.999999999996,1.)
    ,(1.,0.99999999999,1.000000000005,0.999999999998,1.,1.,1.,1.,1.,1.
      ,1.,1.,1.,1.,1.,1.,1.,1.,1.,1.,1.,1.,1.,1.,1.,1.,1.,1.,1.,1.,1.,1.
      ,1.,1.,1.,1.,1.,1.,1.,1.,1.,1.,1.,1.,1.,1.,1.,1.,1.,1.,1.,1.,1.,1.
      ,1.,1.,1.,1.,1.,0.999999999999,1.000000000002,0.999999999996,1.
))) REPRESENTATION_ITEM('') SURFACE() );
#1483 = CARTESIAN_POINT('',(140.9618,-350.1615869665,109.62775439691));
#1484 = CARTESIAN_POINT('',(139.3469737637,-357.3621037893,
    110.89902717441));
#1485 = CARTESIAN_POINT('',(146.55711552643,-343.6328671081,
    108.52440939487));
#1486 = CARTESIAN_POINT('',(149.83248812156,-345.0564778083,
    108.67037679976));
#1487 = CARTESIAN_POINT('',(152.63844988999,-348.2212330958,
    108.99971233527));
#1488 = CARTESIAN_POINT('',(159.61432189493,-344.4338042402,
    108.11204665721));
#1489 = CARTESIAN_POINT('',(161.57498576671,-356.9656110803,
    110.20003356065));
#1490 = CARTESIAN_POINT('',(166.85069272796,-347.9780200384,
    108.60682023879));
#1491 = CARTESIAN_POINT('',(170.05924171584,-345.0669298235,
    107.91773338032));
#1492 = CARTESIAN_POINT('',(175.2605606702,-345.0541960117,
    107.8639089265));
#1493 = CARTESIAN_POINT('',(179.44145366882,-344.8741093231,
    107.64963813991));
#1494 = CARTESIAN_POINT('',(183.74546905009,-344.8023835346,
    107.69196583113));
#1495 = CARTESIAN_POINT('',(188.02212458981,-344.6103604873,
    107.62451048746));
#1496 = CARTESIAN_POINT('',(192.29363155905,-344.696895576,
    107.69951514587));
#1497 = CARTESIAN_POINT('',(196.58004983101,-344.6867322129,
    107.73532436954));
#1498 = CARTESIAN_POINT('',(200.85501156117,-344.497450711,
    107.70981828085));
#1499 = CARTESIAN_POINT('',(205.12596544359,-344.6839082297,
    107.81148461927));
#1500 = CARTESIAN_POINT('',(209.41439322258,-344.6476605549,
    107.84392463056));
#1501 = CARTESIAN_POINT('',(213.69322367635,-344.6723930034,
    107.86180784018));
#1502 = CARTESIAN_POINT('',(217.96934112329,-344.4766383978,
    108.00565480954));
#1503 = CARTESIAN_POINT('',(222.26952895422,-344.6079050388,
    108.41702558724));
#1504 = CARTESIAN_POINT('',(226.5166643478,-343.995511499,
    108.59457242156));
#1505 = CARTESIAN_POINT('',(230.80856684708,-343.7857440071,
    109.0059297549));
#1506 = CARTESIAN_POINT('',(235.07622110161,-343.1350725361,
    109.25116934584));
#1507 = CARTESIAN_POINT('',(239.35488141397,-342.7510017503,
    109.49267857608));
#1508 = CARTESIAN_POINT('',(243.60389158591,-342.3737771618,
    109.77269642523));
#1509 = CARTESIAN_POINT('',(247.90844854027,-342.3295781544,
    110.04767782794));
#1510 = CARTESIAN_POINT('',(252.2213347776,-342.5495215525,
    110.00236033269));
#1511 = CARTESIAN_POINT('',(256.41797633353,-343.7829109024,
    110.24704864805));
#1512 = CARTESIAN_POINT('',(261.49749220731,-343.5836914123,
    109.70941865049));
#1513 = CARTESIAN_POINT('',(264.82846846707,-349.4987810165,
    111.70470718028));
#1514 = CARTESIAN_POINT('',(269.29986524939,-342.9234205664,
    110.57539875738));
#1515 = CARTESIAN_POINT('',(273.76120192934,-348.4366517702,
    111.43930939036));
#1516 = CARTESIAN_POINT('',(277.11561224167,-347.6725707304,
    110.76030961221));
#1517 = CARTESIAN_POINT('',(282.18739413143,-348.818580866,111.236573196
    ));
#1518 = CARTESIAN_POINT('',(286.38362479911,-349.0005326157,
    111.60671988485));
#1519 = CARTESIAN_POINT('',(290.6929217221,-349.2013130933,
    111.88430297754));
#1520 = CARTESIAN_POINT('',(294.99728518776,-348.238456885,
    112.39377613954));
#1521 = CARTESIAN_POINT('',(299.24599549207,-346.663370148,
    112.39346104836));
#1522 = CARTESIAN_POINT('',(303.52499017227,-345.4422944203,
    112.23863016058));
#1523 = CARTESIAN_POINT('',(307.79622056725,-344.1178668809,
    112.15558863487));
#1524 = CARTESIAN_POINT('',(312.08441986464,-343.287197352,
    111.90221047994));
#1525 = CARTESIAN_POINT('',(316.3318452167,-341.8169817472,
    112.10114077473));
#1526 = CARTESIAN_POINT('',(320.63289091038,-341.2839571776,
    111.85981459948));
#1527 = CARTESIAN_POINT('',(324.90801010291,-340.5579880224,
    111.8750834139));
#1528 = CARTESIAN_POINT('',(329.18807309953,-340.2295545206,
    111.62735037672));
#1529 = CARTESIAN_POINT('',(333.47733801931,-339.8137026442,
    111.5018256952));
#1530 = CARTESIAN_POINT('',(337.7470456075,-340.7391552824,
    111.00842469891));
#1531 = CARTESIAN_POINT('',(342.02123400371,-339.8206842998,
    111.12674071845));
#1532 = CARTESIAN_POINT('',(346.30443528757,-340.1318604733,
    110.87387987894));
#1533 = CARTESIAN_POINT('',(350.5884217255,-340.2258802011,
    110.73290153121));
#1534 = CARTESIAN_POINT('',(354.84926238005,-340.3121379487,
    110.65741194922));
#1535 = CARTESIAN_POINT('',(359.17649042862,-340.6913064962,
    110.45980559871));
#1536 = CARTESIAN_POINT('',(363.32021844008,-340.4056448303,
    110.4263108479));
#1537 = CARTESIAN_POINT('',(368.68503275418,-341.9277108621,
    110.01350228518));
#1538 = CARTESIAN_POINT('',(371.24903411287,-340.0625325522,
    110.5617901021));
#1539 = CARTESIAN_POINT('',(377.42638182418,-339.7214825448,
    110.53043071274));
#1540 = CARTESIAN_POINT('',(379.73562276372,-343.7482845459,
    110.06203355432));
#1541 = CARTESIAN_POINT('',(385.92015942773,-339.2656456912,
    110.59910045919));
#1542 = CARTESIAN_POINT('',(387.95796901408,-352.0304022245,
    109.06930089892));
#1543 = CARTESIAN_POINT('',(392.55136708921,-349.3152923537,
    109.52511433324));
#1544 = CARTESIAN_POINT('',(397.86107277384,-338.8205383647,
    110.90362128944));
#1545 = CARTESIAN_POINT('',(397.6403,-348.7553328268,109.73691321489));
#1546 = CARTESIAN_POINT('',(140.9618,-350.3817271267,109.65536706235));
#1547 = CARTESIAN_POINT('',(139.3469737637,-358.1331315817,
    110.99496806827));
#1548 = CARTESIAN_POINT('',(146.55711552643,-344.085238314,
    108.5769536138));
#1549 = CARTESIAN_POINT('',(149.83248812156,-345.3560390539,
    108.71570460962));
#1550 = CARTESIAN_POINT('',(152.63844988999,-349.1419896758,
    109.14283267697));
#1551 = CARTESIAN_POINT('',(159.61432189493,-345.547183667,
    108.28338913033));
#1552 = CARTESIAN_POINT('',(161.57498576671,-357.3111426297,
    110.26823065022));
#1553 = CARTESIAN_POINT('',(166.85069272796,-348.4125465698,
    108.63331393801));
#1554 = CARTESIAN_POINT('',(170.05924171584,-346.3988818332,
    108.30366996057));
#1555 = CARTESIAN_POINT('',(175.2605606702,-346.2496852329,
    108.21974394826));
#1556 = CARTESIAN_POINT('',(179.44145366882,-346.1010661481,
    108.18051020289));
#1557 = CARTESIAN_POINT('',(183.74546905009,-346.0498193596,
    108.22344760463));
#1558 = CARTESIAN_POINT('',(188.02212458981,-345.8583995431,
    108.1599170884));
#1559 = CARTESIAN_POINT('',(192.29363155905,-345.9869996785,
    108.2448483188));
#1560 = CARTESIAN_POINT('',(196.58004983101,-346.0021053735,
    108.28153303884));
#1561 = CARTESIAN_POINT('',(200.85501156117,-345.7650712004,
    108.20597585175));
#1562 = CARTESIAN_POINT('',(205.12596544359,-346.0159198356,
    108.33579778563));
#1563 = CARTESIAN_POINT('',(209.41439322258,-345.9625271233,
    108.32764575647));
#1564 = CARTESIAN_POINT('',(213.69322367635,-345.9625525035,
    108.34133918533));
#1565 = CARTESIAN_POINT('',(217.96934112329,-345.7341809413,
    108.41302827178));
#1566 = CARTESIAN_POINT('',(222.26952895422,-345.7992684217,
    108.8263864831));
#1567 = CARTESIAN_POINT('',(226.5166643478,-345.1015655835,
    109.02237597799));
#1568 = CARTESIAN_POINT('',(230.80856684708,-344.7740478092,
    109.5155058661));
#1569 = CARTESIAN_POINT('',(235.07622110161,-344.0854851795,
    109.66272802866));
#1570 = CARTESIAN_POINT('',(239.35488141397,-343.5704664158,
    110.0034987642));
#1571 = CARTESIAN_POINT('',(243.60389158591,-343.0653262659,
    110.31098045674));
#1572 = CARTESIAN_POINT('',(247.90844854027,-342.9341978913,
    110.56760523799));
#1573 = CARTESIAN_POINT('',(252.2213347776,-343.0879352842,
    110.48018279214));
#1574 = CARTESIAN_POINT('',(256.41797633353,-344.3251257365,
    110.56234524462));
#1575 = CARTESIAN_POINT('',(261.49749220731,-344.1858251469,
    109.89696946795));
#1576 = CARTESIAN_POINT('',(264.82846846707,-349.3334463997,
    112.67342987276));
#1577 = CARTESIAN_POINT('',(269.29986524939,-342.9276221266,
    111.10883860462));
#1578 = CARTESIAN_POINT('',(273.76120192934,-348.5843037171,
    112.38797440582));
#1579 = CARTESIAN_POINT('',(277.11561224167,-347.118086126,
    111.01119586845));
#1580 = CARTESIAN_POINT('',(282.18739413143,-348.3926122257,
    111.70789559839));
#1581 = CARTESIAN_POINT('',(286.38362479911,-348.4547780049,
    112.07674440092));
#1582 = CARTESIAN_POINT('',(290.6929217221,-348.7250245879,
    112.52757606321));
#1583 = CARTESIAN_POINT('',(294.99728518776,-347.6989036614,
    113.08189293504));
#1584 = CARTESIAN_POINT('',(299.24599549207,-346.0678931114,
    113.14876663053));
#1585 = CARTESIAN_POINT('',(303.52499017227,-344.6761946382,
    112.94154068089));
#1586 = CARTESIAN_POINT('',(307.79622056725,-343.217360344,
    112.80888581338));
#1587 = CARTESIAN_POINT('',(312.08441986464,-342.2564904309,
    112.49306174754));
#1588 = CARTESIAN_POINT('',(316.3318452167,-340.6767202053,
    112.63489887881));
#1589 = CARTESIAN_POINT('',(320.63289091038,-340.0619430765,
    112.37765418517));
#1590 = CARTESIAN_POINT('',(324.90801010291,-339.252058539,
    112.31686694252));
#1591 = CARTESIAN_POINT('',(329.18807309953,-338.8982044538,
    112.08785696213));
#1592 = CARTESIAN_POINT('',(333.47733801931,-338.434366508,
    111.89130999618));
#1593 = CARTESIAN_POINT('',(337.7470456075,-339.4198575408,
    111.39163152763));
#1594 = CARTESIAN_POINT('',(342.02123400371,-338.436755155,
    111.47637165616));
#1595 = CARTESIAN_POINT('',(346.30443528757,-338.784594325,
    111.24082806827));
#1596 = CARTESIAN_POINT('',(350.5884217255,-338.8727431757,
    111.04408674939));
#1597 = CARTESIAN_POINT('',(354.84926238005,-339.0134816227,
    110.92261782997));
#1598 = CARTESIAN_POINT('',(359.17649042862,-339.3761815381,
    110.73891800877));
#1599 = CARTESIAN_POINT('',(363.32021844008,-339.1855375272,
    110.67820100178));
#1600 = CARTESIAN_POINT('',(368.68503275418,-340.6835163425,
    110.26867669262));
#1601 = CARTESIAN_POINT('',(371.24903411287,-339.189152912,
    110.64674284976));
#1602 = CARTESIAN_POINT('',(377.42638182418,-339.4464082146,
    110.68147242802));
#1603 = CARTESIAN_POINT('',(379.73562276372,-342.4194644134,
    110.23543138865));
#1604 = CARTESIAN_POINT('',(385.92015942773,-338.9099265422,
    110.67030047979));
#1605 = CARTESIAN_POINT('',(387.95796901408,-351.7417560556,
    109.12139766455));
#1606 = CARTESIAN_POINT('',(392.55136708921,-348.5777211135,
    109.60269320873));
#1607 = CARTESIAN_POINT('',(397.86107277384,-338.7318683721,
    110.93580521975));
#1608 = CARTESIAN_POINT('',(397.6403,-348.5790825427,109.75744447456));
#1609 = DEFINITIONAL_REPRESENTATION('',(#1610),#1614);
#1610 = LINE('',#1611,#1612);
#1611 = CARTESIAN_POINT('',(5.,0.));
#1612 = VECTOR('',#1613,1.);
#1613 = DIRECTION('',(0.,1.));
#1614 = ( GEOMETRIC_REPRESENTATION_CONTEXT(2) 
PARAMETRIC_REPRESENTATION_CONTEXT() REPRESENTATION_CONTEXT('2D SPACE',''
  ) );
#1615 = ORIENTED_EDGE('',*,*,#1616,.F.);
#1616 = EDGE_CURVE('',#1153,#1407,#1617,.T.);
#1617 = SURFACE_CURVE('',#1618,(#1621,#1628),.PCURVE_S1.);
#1618 = B_SPLINE_CURVE_WITH_KNOTS('',1,(#1619,#1620),.UNSPECIFIED.,.F.,
  .F.,(2,2),(4.,5.),.PIECEWISE_BEZIER_KNOTS.);
#1619 = CARTESIAN_POINT('',(397.6403,-348.9315831109,109.71638195522));
#1620 = CARTESIAN_POINT('',(397.6403,-348.7553328268,109.73691321489));
#1621 = PCURVE('',#1228,#1622);
#1622 = DEFINITIONAL_REPRESENTATION('',(#1623),#1627);
#1623 = LINE('',#1624,#1625);
#1624 = CARTESIAN_POINT('',(0.,1.));
#1625 = VECTOR('',#1626,1.);
#1626 = DIRECTION('',(1.,0.));
#1627 = ( GEOMETRIC_REPRESENTATION_CONTEXT(2) 
PARAMETRIC_REPRESENTATION_CONTEXT() REPRESENTATION_CONTEXT('2D SPACE',''
  ) );
#1628 = PCURVE('',#401,#1629);
#1629 = DEFINITIONAL_REPRESENTATION('',(#1630),#1633);
#1630 = B_SPLINE_CURVE_WITH_KNOTS('',1,(#1631,#1632),.UNSPECIFIED.,.F.,
  .F.,(2,2),(4.,5.),.PIECEWISE_BEZIER_KNOTS.);
#1631 = CARTESIAN_POINT('',(-0.709768359569,2.622188645773E-06));
#1632 = CARTESIAN_POINT('',(-0.887210449461,3.277735800111E-06));
#1633 = ( GEOMETRIC_REPRESENTATION_CONTEXT(2) 
PARAMETRIC_REPRESENTATION_CONTEXT() REPRESENTATION_CONTEXT('2D SPACE',''
  ) );
#1634 = ORIENTED_EDGE('',*,*,#1152,.F.);
#1635 = ADVANCED_FACE('',(#1636),#1482,.T.);
#1636 = FACE_BOUND('',#1637,.T.);
#1637 = EDGE_LOOP('',(#1638,#1659,#1869,#1888));
#1638 = ORIENTED_EDGE('',*,*,#1639,.T.);
#1639 = EDGE_CURVE('',#1386,#1640,#1642,.T.);
#1640 = VERTEX_POINT('',#1641);
#1641 = CARTESIAN_POINT('',(140.9618,-350.3817271267,109.65536706235));
#1642 = SURFACE_CURVE('',#1643,(#1646,#1653),.PCURVE_S1.);
#1643 = B_SPLINE_CURVE_WITH_KNOTS('',1,(#1644,#1645),.UNSPECIFIED.,.F.,
  .F.,(2,2),(5.,6.),.PIECEWISE_BEZIER_KNOTS.);
#1644 = CARTESIAN_POINT('',(140.9618,-350.1615869665,109.62775439691));
#1645 = CARTESIAN_POINT('',(140.9618,-350.3817271267,109.65536706235));
#1646 = PCURVE('',#1482,#1647);
#1647 = DEFINITIONAL_REPRESENTATION('',(#1648),#1652);
#1648 = LINE('',#1649,#1650);
#1649 = CARTESIAN_POINT('',(0.,0.));
#1650 = VECTOR('',#1651,1.);
#1651 = DIRECTION('',(1.,0.));
#1652 = ( GEOMETRIC_REPRESENTATION_CONTEXT(2) 
PARAMETRIC_REPRESENTATION_CONTEXT() REPRESENTATION_CONTEXT('2D SPACE',''
  ) );
#1653 = PCURVE('',#165,#1654);
#1654 = DEFINITIONAL_REPRESENTATION('',(#1655),#1658);
#1655 = B_SPLINE_CURVE_WITH_KNOTS('',1,(#1656,#1657),.UNSPECIFIED.,.F.,
  .F.,(2,2),(5.,6.),.PIECEWISE_BEZIER_KNOTS.);
#1656 = CARTESIAN_POINT('',(1.109325802172,-4.356324723176E-08));
#1657 = CARTESIAN_POINT('',(1.331190962606,-5.227589383594E-08));
#1658 = ( GEOMETRIC_REPRESENTATION_CONTEXT(2) 
PARAMETRIC_REPRESENTATION_CONTEXT() REPRESENTATION_CONTEXT('2D SPACE',''
  ) );
#1659 = ORIENTED_EDGE('',*,*,#1660,.T.);
#1660 = EDGE_CURVE('',#1640,#1661,#1663,.T.);
#1661 = VERTEX_POINT('',#1662);
#1662 = CARTESIAN_POINT('',(397.6403,-348.5790825427,109.75744447456));
#1663 = SURFACE_CURVE('',#1664,(#1728,#1735),.PCURVE_S1.);
#1664 = ( BOUNDED_CURVE() B_SPLINE_CURVE(3,(#1665,#1666,#1667,#1668,
    #1669,#1670,#1671,#1672,#1673,#1674,#1675,#1676,#1677,#1678,#1679,
    #1680,#1681,#1682,#1683,#1684,#1685,#1686,#1687,#1688,#1689,#1690,
    #1691,#1692,#1693,#1694,#1695,#1696,#1697,#1698,#1699,#1700,#1701,
    #1702,#1703,#1704,#1705,#1706,#1707,#1708,#1709,#1710,#1711,#1712,
    #1713,#1714,#1715,#1716,#1717,#1718,#1719,#1720,#1721,#1722,#1723,
    #1724,#1725,#1726,#1727),.UNSPECIFIED.,.F.,.F.) 
B_SPLINE_CURVE_WITH_KNOTS((4,1,1,1,1,1,1,1,1,1,1,1,1,1,1,1,1,1,1,1,1,1,1
    ,1,1,1,1,1,1,1,1,1,1,1,1,1,1,1,1,1,1,1,1,1,1,1,1,1,1,1,1,1,1,1,1,1,1
    ,1,1,1,4),(0.,1.732138582393E-02,3.476147556169E-02,
    5.682134329819E-02,7.1962296323E-02,9.668171057498E-02,
    0.117312720082,0.137726814038,0.152748180615,0.167749813045,
    0.182740680817,0.197724569486,0.212727858992,0.227712266626,
    0.242722186927,0.257740578549,0.272730613132,0.287749851447,
    0.302807253127,0.317909897629,0.333164876512,0.348417208457,
    0.363717555355,0.379021830365,0.39430254102,0.409403510223,
    0.424503833082,0.439703221214,0.455034147268,0.475266642259,
    0.494822408855,0.514358099005,0.53448350075,0.549791243926,
    0.564993335593,0.580114457875,0.595233122966,0.610524778841,
    0.625831283594,0.641129798524,0.656395058325,0.671658347301,
    0.686764177688,0.701824559728,0.716841998439,0.731832580826,
    0.74685884212,0.761877146393,0.776861271766,0.791847146503,
    0.806852809101,0.821843806167,0.836903306197,0.851969913481,
    0.873073700462,0.890743423327,0.916073608219,0.937085032849,
0.966089436802,0.983488965917,1.),.UNSPECIFIED.) CURVE() 
GEOMETRIC_REPRESENTATION_ITEM() RATIONAL_B_SPLINE_CURVE((1.,
    0.99999999999,1.000000000005,0.999999999998,1.,1.,1.,1.,1.,1.,1.,1.,
    1.,1.,1.,1.,1.,1.,1.,1.,1.,1.,1.,1.,1.,1.,1.,1.,1.,1.,1.,1.,1.,1.,1.
    ,1.,1.,1.,1.,1.,1.,1.,1.,1.,1.,1.,1.,1.,1.,1.,1.,1.,1.,1.,1.,1.,1.,
    1.,1.,0.999999999999,1.000000000002,0.999999999996,1.)) 
REPRESENTATION_ITEM('') );
#1665 = CARTESIAN_POINT('',(140.9618,-350.3817271267,109.65536706235));
#1666 = CARTESIAN_POINT('',(139.3469737637,-358.1331315817,
    110.99496806827));
#1667 = CARTESIAN_POINT('',(146.55711552643,-344.085238314,
    108.5769536138));
#1668 = CARTESIAN_POINT('',(149.83248812156,-345.3560390539,
    108.71570460962));
#1669 = CARTESIAN_POINT('',(152.63844988999,-349.1419896758,
    109.14283267697));
#1670 = CARTESIAN_POINT('',(159.61432189493,-345.547183667,
    108.28338913033));
#1671 = CARTESIAN_POINT('',(161.57498576671,-357.3111426297,
    110.26823065022));
#1672 = CARTESIAN_POINT('',(166.85069272796,-348.4125465698,
    108.63331393801));
#1673 = CARTESIAN_POINT('',(170.05924171584,-346.3988818332,
    108.30366996057));
#1674 = CARTESIAN_POINT('',(175.2605606702,-346.2496852329,
    108.21974394826));
#1675 = CARTESIAN_POINT('',(179.44145366882,-346.1010661481,
    108.18051020289));
#1676 = CARTESIAN_POINT('',(183.74546905009,-346.0498193596,
    108.22344760463));
#1677 = CARTESIAN_POINT('',(188.02212458981,-345.8583995431,
    108.1599170884));
#1678 = CARTESIAN_POINT('',(192.29363155905,-345.9869996785,
    108.2448483188));
#1679 = CARTESIAN_POINT('',(196.58004983101,-346.0021053735,
    108.28153303884));
#1680 = CARTESIAN_POINT('',(200.85501156117,-345.7650712004,
    108.20597585175));
#1681 = CARTESIAN_POINT('',(205.12596544359,-346.0159198356,
    108.33579778563));
#1682 = CARTESIAN_POINT('',(209.41439322258,-345.9625271233,
    108.32764575647));
#1683 = CARTESIAN_POINT('',(213.69322367635,-345.9625525035,
    108.34133918533));
#1684 = CARTESIAN_POINT('',(217.96934112329,-345.7341809413,
    108.41302827178));
#1685 = CARTESIAN_POINT('',(222.26952895422,-345.7992684217,
    108.8263864831));
#1686 = CARTESIAN_POINT('',(226.5166643478,-345.1015655835,
    109.02237597799));
#1687 = CARTESIAN_POINT('',(230.80856684708,-344.7740478092,
    109.5155058661));
#1688 = CARTESIAN_POINT('',(235.07622110161,-344.0854851795,
    109.66272802866));
#1689 = CARTESIAN_POINT('',(239.35488141397,-343.5704664158,
    110.0034987642));
#1690 = CARTESIAN_POINT('',(243.60389158591,-343.0653262659,
    110.31098045674));
#1691 = CARTESIAN_POINT('',(247.90844854027,-342.9341978913,
    110.56760523799));
#1692 = CARTESIAN_POINT('',(252.2213347776,-343.0879352842,
    110.48018279214));
#1693 = CARTESIAN_POINT('',(256.41797633353,-344.3251257365,
    110.56234524462));
#1694 = CARTESIAN_POINT('',(261.49749220731,-344.1858251469,
    109.89696946795));
#1695 = CARTESIAN_POINT('',(264.82846846707,-349.3334463997,
    112.67342987276));
#1696 = CARTESIAN_POINT('',(269.29986524939,-342.9276221266,
    111.10883860462));
#1697 = CARTESIAN_POINT('',(273.76120192934,-348.5843037171,
    112.38797440582));
#1698 = CARTESIAN_POINT('',(277.11561224167,-347.118086126,
    111.01119586845));
#1699 = CARTESIAN_POINT('',(282.18739413143,-348.3926122257,
    111.70789559839));
#1700 = CARTESIAN_POINT('',(286.38362479911,-348.4547780049,
    112.07674440092));
#1701 = CARTESIAN_POINT('',(290.6929217221,-348.7250245879,
    112.52757606321));
#1702 = CARTESIAN_POINT('',(294.99728518776,-347.6989036614,
    113.08189293504));
#1703 = CARTESIAN_POINT('',(299.24599549207,-346.0678931114,
    113.14876663053));
#1704 = CARTESIAN_POINT('',(303.52499017227,-344.6761946382,
    112.94154068089));
#1705 = CARTESIAN_POINT('',(307.79622056725,-343.217360344,
    112.80888581338));
#1706 = CARTESIAN_POINT('',(312.08441986464,-342.2564904309,
    112.49306174754));
#1707 = CARTESIAN_POINT('',(316.3318452167,-340.6767202053,
    112.63489887881));
#1708 = CARTESIAN_POINT('',(320.63289091038,-340.0619430765,
    112.37765418517));
#1709 = CARTESIAN_POINT('',(324.90801010291,-339.252058539,
    112.31686694252));
#1710 = CARTESIAN_POINT('',(329.18807309953,-338.8982044538,
    112.08785696213));
#1711 = CARTESIAN_POINT('',(333.47733801931,-338.434366508,
    111.89130999618));
#1712 = CARTESIAN_POINT('',(337.7470456075,-339.4198575408,
    111.39163152763));
#1713 = CARTESIAN_POINT('',(342.02123400371,-338.436755155,
    111.47637165616));
#1714 = CARTESIAN_POINT('',(346.30443528757,-338.784594325,
    111.24082806827));
#1715 = CARTESIAN_POINT('',(350.5884217255,-338.8727431757,
    111.04408674939));
#1716 = CARTESIAN_POINT('',(354.84926238005,-339.0134816227,
    110.92261782997));
#1717 = CARTESIAN_POINT('',(359.17649042862,-339.3761815381,
    110.73891800877));
#1718 = CARTESIAN_POINT('',(363.32021844008,-339.1855375272,
    110.67820100178));
#1719 = CARTESIAN_POINT('',(368.68503275418,-340.6835163425,
    110.26867669262));
#1720 = CARTESIAN_POINT('',(371.24903411287,-339.189152912,
    110.64674284976));
#1721 = CARTESIAN_POINT('',(377.42638182418,-339.4464082146,
    110.68147242802));
#1722 = CARTESIAN_POINT('',(379.73562276372,-342.4194644134,
    110.23543138865));
#1723 = CARTESIAN_POINT('',(385.92015942773,-338.9099265422,
    110.67030047979));
#1724 = CARTESIAN_POINT('',(387.95796901408,-351.7417560556,
    109.12139766455));
#1725 = CARTESIAN_POINT('',(392.55136708921,-348.5777211135,
    109.60269320873));
#1726 = CARTESIAN_POINT('',(397.86107277384,-338.7318683721,
    110.93580521975));
#1727 = CARTESIAN_POINT('',(397.6403,-348.5790825427,109.75744447456));
#1728 = PCURVE('',#1482,#1729);
#1729 = DEFINITIONAL_REPRESENTATION('',(#1730),#1734);
#1730 = LINE('',#1731,#1732);
#1731 = CARTESIAN_POINT('',(6.,0.));
#1732 = VECTOR('',#1733,1.);
#1733 = DIRECTION('',(0.,1.));
#1734 = ( GEOMETRIC_REPRESENTATION_CONTEXT(2) 
PARAMETRIC_REPRESENTATION_CONTEXT() REPRESENTATION_CONTEXT('2D SPACE',''
  ) );
#1735 = PCURVE('',#1736,#1863);
#1736 = ( BOUNDED_SURFACE() B_SPLINE_SURFACE(1,3,(
    (#1737,#1738,#1739,#1740,#1741,#1742,#1743,#1744,#1745,#1746,#1747
      ,#1748,#1749,#1750,#1751,#1752,#1753,#1754,#1755,#1756,#1757,#1758
      ,#1759,#1760,#1761,#1762,#1763,#1764,#1765,#1766,#1767,#1768,#1769
      ,#1770,#1771,#1772,#1773,#1774,#1775,#1776,#1777,#1778,#1779,#1780
      ,#1781,#1782,#1783,#1784,#1785,#1786,#1787,#1788,#1789,#1790,#1791
      ,#1792,#1793,#1794,#1795,#1796,#1797,#1798,#1799)
    ,(#1800,#1801,#1802,#1803,#1804,#1805,#1806,#1807,#1808,#1809,#1810
      ,#1811,#1812,#1813,#1814,#1815,#1816,#1817,#1818,#1819,#1820,#1821
      ,#1822,#1823,#1824,#1825,#1826,#1827,#1828,#1829,#1830,#1831,#1832
      ,#1833,#1834,#1835,#1836,#1837,#1838,#1839,#1840,#1841,#1842,#1843
      ,#1844,#1845,#1846,#1847,#1848,#1849,#1850,#1851,#1852,#1853,#1854
      ,#1855,#1856,#1857,#1858,#1859,#1860,#1861,#1862
)),.UNSPECIFIED.,.F.,.F.,.F.) B_SPLINE_SURFACE_WITH_KNOTS((2,2),(4,1,1,1
    ,1,1,1,1,1,1,1,1,1,1,1,1,1,1,1,1,1,1,1,1,1,1,1,1,1,1,1,1,1,1,1,1,1,1
    ,1,1,1,1,1,1,1,1,1,1,1,1,1,1,1,1,1,1,1,1,1,1,4),(6.,7.),(0.,
    1.732138582393E-02,3.476147556169E-02,5.682134329819E-02,
    7.1962296323E-02,9.668171057498E-02,0.117312720082,0.137726814038,
    0.152748180615,0.167749813045,0.182740680817,0.197724569486,
    0.212727858992,0.227712266626,0.242722186927,0.257740578549,
    0.272730613132,0.287749851447,0.302807253127,0.317909897629,
    0.333164876512,0.348417208457,0.363717555355,0.379021830365,
    0.39430254102,0.409403510223,0.424503833082,0.439703221214,
    0.455034147268,0.475266642259,0.494822408855,0.514358099005,
    0.53448350075,0.549791243926,0.564993335593,0.580114457875,
    0.595233122966,0.610524778841,0.625831283594,0.641129798524,
    0.656395058325,0.671658347301,0.686764177688,0.701824559728,
    0.716841998439,0.731832580826,0.74685884212,0.761877146393,
    0.776861271766,0.791847146503,0.806852809101,0.821843806167,
    0.836903306197,0.851969913481,0.873073700462,0.890743423327,
    0.916073608219,0.937085032849,0.966089436802,0.983488965917,1.),
.UNSPECIFIED.) GEOMETRIC_REPRESENTATION_ITEM() RATIONAL_B_SPLINE_SURFACE
((
    (1.,0.99999999999,1.000000000005,0.999999999998,1.,1.,1.,1.,1.,1.,1.
      ,1.,1.,1.,1.,1.,1.,1.,1.,1.,1.,1.,1.,1.,1.,1.,1.,1.,1.,1.,1.,1.,1.
      ,1.,1.,1.,1.,1.,1.,1.,1.,1.,1.,1.,1.,1.,1.,1.,1.,1.,1.,1.,1.,1.,1.
      ,1.,1.,1.,1.,0.999999999999,1.000000000002,0.999999999996,1.)
    ,(1.,0.99999999999,1.000000000005,0.999999999998,1.,1.,1.,1.,1.,1.
      ,1.,1.,1.,1.,1.,1.,1.,1.,1.,1.,1.,1.,1.,1.,1.,1.,1.,1.,1.,1.,1.,1.
      ,1.,1.,1.,1.,1.,1.,1.,1.,1.,1.,1.,1.,1.,1.,1.,1.,1.,1.,1.,1.,1.,1.
      ,1.,1.,1.,1.,1.,0.999999999999,1.000000000002,0.999999999996,1.
))) REPRESENTATION_ITEM('') SURFACE() );
#1737 = CARTESIAN_POINT('',(140.9618,-350.3817271267,109.65536706235));
#1738 = CARTESIAN_POINT('',(139.3469737637,-358.1331315817,
    110.99496806827));
#1739 = CARTESIAN_POINT('',(146.55711552643,-344.085238314,
    108.5769536138));
#1740 = CARTESIAN_POINT('',(149.83248812156,-345.3560390539,
    108.71570460962));
#1741 = CARTESIAN_POINT('',(152.63844988999,-349.1419896758,
    109.14283267697));
#1742 = CARTESIAN_POINT('',(159.61432189493,-345.547183667,
    108.28338913033));
#1743 = CARTESIAN_POINT('',(161.57498576671,-357.3111426297,
    110.26823065022));
#1744 = CARTESIAN_POINT('',(166.85069272796,-348.4125465698,
    108.63331393801));
#1745 = CARTESIAN_POINT('',(170.05924171584,-346.3988818332,
    108.30366996057));
#1746 = CARTESIAN_POINT('',(175.2605606702,-346.2496852329,
    108.21974394826));
#1747 = CARTESIAN_POINT('',(179.44145366882,-346.1010661481,
    108.18051020289));
#1748 = CARTESIAN_POINT('',(183.74546905009,-346.0498193596,
    108.22344760463));
#1749 = CARTESIAN_POINT('',(188.02212458981,-345.8583995431,
    108.1599170884));
#1750 = CARTESIAN_POINT('',(192.29363155905,-345.9869996785,
    108.2448483188));
#1751 = CARTESIAN_POINT('',(196.58004983101,-346.0021053735,
    108.28153303884));
#1752 = CARTESIAN_POINT('',(200.85501156117,-345.7650712004,
    108.20597585175));
#1753 = CARTESIAN_POINT('',(205.12596544359,-346.0159198356,
    108.33579778563));
#1754 = CARTESIAN_POINT('',(209.41439322258,-345.9625271233,
    108.32764575647));
#1755 = CARTESIAN_POINT('',(213.69322367635,-345.9625525035,
    108.34133918533));
#1756 = CARTESIAN_POINT('',(217.96934112329,-345.7341809413,
    108.41302827178));
#1757 = CARTESIAN_POINT('',(222.26952895422,-345.7992684217,
    108.8263864831));
#1758 = CARTESIAN_POINT('',(226.5166643478,-345.1015655835,
    109.02237597799));
#1759 = CARTESIAN_POINT('',(230.80856684708,-344.7740478092,
    109.5155058661));
#1760 = CARTESIAN_POINT('',(235.07622110161,-344.0854851795,
    109.66272802866));
#1761 = CARTESIAN_POINT('',(239.35488141397,-343.5704664158,
    110.0034987642));
#1762 = CARTESIAN_POINT('',(243.60389158591,-343.0653262659,
    110.31098045674));
#1763 = CARTESIAN_POINT('',(247.90844854027,-342.9341978913,
    110.56760523799));
#1764 = CARTESIAN_POINT('',(252.2213347776,-343.0879352842,
    110.48018279214));
#1765 = CARTESIAN_POINT('',(256.41797633353,-344.3251257365,
    110.56234524462));
#1766 = CARTESIAN_POINT('',(261.49749220731,-344.1858251469,
    109.89696946795));
#1767 = CARTESIAN_POINT('',(264.82846846707,-349.3334463997,
    112.67342987276));
#1768 = CARTESIAN_POINT('',(269.29986524939,-342.9276221266,
    111.10883860462));
#1769 = CARTESIAN_POINT('',(273.76120192934,-348.5843037171,
    112.38797440582));
#1770 = CARTESIAN_POINT('',(277.11561224167,-347.118086126,
    111.01119586845));
#1771 = CARTESIAN_POINT('',(282.18739413143,-348.3926122257,
    111.70789559839));
#1772 = CARTESIAN_POINT('',(286.38362479911,-348.4547780049,
    112.07674440092));
#1773 = CARTESIAN_POINT('',(290.6929217221,-348.7250245879,
    112.52757606321));
#1774 = CARTESIAN_POINT('',(294.99728518776,-347.6989036614,
    113.08189293504));
#1775 = CARTESIAN_POINT('',(299.24599549207,-346.0678931114,
    113.14876663053));
#1776 = CARTESIAN_POINT('',(303.52499017227,-344.6761946382,
    112.94154068089));
#1777 = CARTESIAN_POINT('',(307.79622056725,-343.217360344,
    112.80888581338));
#1778 = CARTESIAN_POINT('',(312.08441986464,-342.2564904309,
    112.49306174754));
#1779 = CARTESIAN_POINT('',(316.3318452167,-340.6767202053,
    112.63489887881));
#1780 = CARTESIAN_POINT('',(320.63289091038,-340.0619430765,
    112.37765418517));
#1781 = CARTESIAN_POINT('',(324.90801010291,-339.252058539,
    112.31686694252));
#1782 = CARTESIAN_POINT('',(329.18807309953,-338.8982044538,
    112.08785696213));
#1783 = CARTESIAN_POINT('',(333.47733801931,-338.434366508,
    111.89130999618));
#1784 = CARTESIAN_POINT('',(337.7470456075,-339.4198575408,
    111.39163152763));
#1785 = CARTESIAN_POINT('',(342.02123400371,-338.436755155,
    111.47637165616));
#1786 = CARTESIAN_POINT('',(346.30443528757,-338.784594325,
    111.24082806827));
#1787 = CARTESIAN_POINT('',(350.5884217255,-338.8727431757,
    111.04408674939));
#1788 = CARTESIAN_POINT('',(354.84926238005,-339.0134816227,
    110.92261782997));
#1789 = CARTESIAN_POINT('',(359.17649042862,-339.3761815381,
    110.73891800877));
#1790 = CARTESIAN_POINT('',(363.32021844008,-339.1855375272,
    110.67820100178));
#1791 = CARTESIAN_POINT('',(368.68503275418,-340.6835163425,
    110.26867669262));
#1792 = CARTESIAN_POINT('',(371.24903411287,-339.189152912,
    110.64674284976));
#1793 = CARTESIAN_POINT('',(377.42638182418,-339.4464082146,
    110.68147242802));
#1794 = CARTESIAN_POINT('',(379.73562276372,-342.4194644134,
    110.23543138865));
#1795 = CARTESIAN_POINT('',(385.92015942773,-338.9099265422,
    110.67030047979));
#1796 = CARTESIAN_POINT('',(387.95796901408,-351.7417560556,
    109.12139766455));
#1797 = CARTESIAN_POINT('',(392.55136708921,-348.5777211135,
    109.60269320873));
#1798 = CARTESIAN_POINT('',(397.86107277384,-338.7318683721,
    110.93580521975));
#1799 = CARTESIAN_POINT('',(397.6403,-348.5790825427,109.75744447456));
#1800 = CARTESIAN_POINT('',(140.9618,-350.6018672869,109.68297972779));
#1801 = CARTESIAN_POINT('',(139.3469737637,-358.9047193273,
    111.08855034757));
#1802 = CARTESIAN_POINT('',(146.55711552643,-344.5373581113,
    108.63055438388));
#1803 = CARTESIAN_POINT('',(149.83248812156,-345.6556594944,
    108.76079259346));
#1804 = CARTESIAN_POINT('',(152.63844988999,-350.0628632828,
    109.28542045611));
#1805 = CARTESIAN_POINT('',(159.61432189493,-346.6601570505,
    108.45656363196));
#1806 = CARTESIAN_POINT('',(161.57498576671,-357.6591768077,
    110.32514795731));
#1807 = CARTESIAN_POINT('',(166.85069272796,-348.8395634524,
    108.69365347422));
#1808 = CARTESIAN_POINT('',(170.05924171584,-347.7555685466,
    108.57812813213));
#1809 = CARTESIAN_POINT('',(175.2605606702,-347.4773018267,
    108.45960376022));
#1810 = CARTESIAN_POINT('',(179.44145366882,-347.3878985107,
    108.51535298033));
#1811 = CARTESIAN_POINT('',(183.74546905009,-347.3675159505,
    108.54099003498));
#1812 = CARTESIAN_POINT('',(188.02212458981,-347.161061818,
    108.52357644003));
#1813 = CARTESIAN_POINT('',(192.29363155905,-347.3377205,108.60545627148
    ));
#1814 = CARTESIAN_POINT('',(196.58004983101,-347.3784741653,
    108.63616912904));
#1815 = CARTESIAN_POINT('',(200.85501156117,-347.067074957,
    108.59500448373));
#1816 = CARTESIAN_POINT('',(205.12596544359,-347.3826115652,
    108.76211664414));
#1817 = CARTESIAN_POINT('',(209.41439322258,-347.3013281086,
    108.73947466273));
#1818 = CARTESIAN_POINT('',(213.69322367635,-347.2714703037,
    108.76485188205));
#1819 = CARTESIAN_POINT('',(217.96934112329,-346.9825656053,
    108.84741497039));
#1820 = CARTESIAN_POINT('',(222.26952895422,-346.9839949929,
    109.25356357802));
#1821 = CARTESIAN_POINT('',(226.5166643478,-346.2166033424,
    109.42710758208));
#1822 = CARTESIAN_POINT('',(230.80856684708,-345.8182158141,
    109.89792676964));
#1823 = CARTESIAN_POINT('',(235.07622110161,-345.0096498982,
    110.13346078576));
#1824 = CARTESIAN_POINT('',(239.35488141397,-344.4193448864,
    110.45450479607));
#1825 = CARTESIAN_POINT('',(243.60389158591,-343.8179998684,
    110.76107375225));
#1826 = CARTESIAN_POINT('',(247.90844854027,-343.6020542117,
    111.00057950665));
#1827 = CARTESIAN_POINT('',(252.2213347776,-343.7154931643,
    110.83514228689));
#1828 = CARTESIAN_POINT('',(256.41797633353,-344.8342936166,
    110.92826504486));
#1829 = CARTESIAN_POINT('',(261.49749220731,-344.8408499662,
    109.99008881926));
#1830 = CARTESIAN_POINT('',(264.82846846707,-349.144673671,
    113.66448517806));
#1831 = CARTESIAN_POINT('',(269.29986524939,-342.9667850121,
    111.65324300378));
#1832 = CARTESIAN_POINT('',(273.76120192934,-348.6134671292,
    113.26991024141));
#1833 = CARTESIAN_POINT('',(277.11561224167,-346.9708035266,
    111.50000111228));
#1834 = CARTESIAN_POINT('',(282.18739413143,-348.0735725284,
    112.24678073566));
#1835 = CARTESIAN_POINT('',(286.38362479911,-348.1502385038,
    112.73172183151));
#1836 = CARTESIAN_POINT('',(290.6929217221,-348.1844230547,
    113.11778628193));
#1837 = CARTESIAN_POINT('',(294.99728518776,-347.244609754,
    113.83159461349));
#1838 = CARTESIAN_POINT('',(299.24599549207,-345.4951743328,
    113.91832049695));
#1839 = CARTESIAN_POINT('',(303.52499017227,-343.9757205659,
    113.70164823169));
#1840 = CARTESIAN_POINT('',(307.79622056725,-342.3937546793,
    113.55583861011));
#1841 = CARTESIAN_POINT('',(312.08441986464,-341.2751805471,
    113.16015992717));
#1842 = CARTESIAN_POINT('',(316.3318452167,-339.5802651005,
    113.25906391931));
#1843 = CARTESIAN_POINT('',(320.63289091038,-338.8470217993,
    112.91095541163));
#1844 = CARTESIAN_POINT('',(324.90801010291,-337.9686883655,
    112.82044748933));
#1845 = CARTESIAN_POINT('',(329.18807309953,-337.5727879513,
    112.56319713485));
#1846 = CARTESIAN_POINT('',(333.47733801931,-337.0812790173,
    112.36514516193));
#1847 = CARTESIAN_POINT('',(337.7470456075,-338.0980648328,
    111.76666725801));
#1848 = CARTESIAN_POINT('',(342.02123400371,-337.0714340956,
    111.89143855537));
#1849 = CARTESIAN_POINT('',(346.30443528757,-337.4367469868,
    111.60487675095));
#1850 = CARTESIAN_POINT('',(350.5884217255,-337.5335912268,
    111.41098495594));
#1851 = CARTESIAN_POINT('',(354.84926238005,-337.7298860469,
    111.25219816671));
#1852 = CARTESIAN_POINT('',(359.17649042862,-338.0672916312,
    111.0450170324));
#1853 = CARTESIAN_POINT('',(363.32021844008,-337.975294344,
    110.97829901528));
#1854 = CARTESIAN_POINT('',(368.68503275418,-339.443896326,
    110.52571324917));
#1855 = CARTESIAN_POINT('',(371.24903411287,-338.3205399675,
    110.86196871916));
#1856 = CARTESIAN_POINT('',(377.42638182418,-339.1497536704,
    110.69840002159));
#1857 = CARTESIAN_POINT('',(379.73562276372,-341.0958450646,
    110.44111707178));
#1858 = CARTESIAN_POINT('',(385.92015942773,-338.5526628237,
    110.73198207784));
#1859 = CARTESIAN_POINT('',(387.95796901408,-351.4518614873,
    109.16539541698));
#1860 = CARTESIAN_POINT('',(392.55136708921,-347.8433334006,
    109.70075667842));
#1861 = CARTESIAN_POINT('',(397.86107277384,-338.6364407883,
    110.92453911918));
#1862 = CARTESIAN_POINT('',(397.6403,-348.4028322586,109.77797573422));
#1863 = DEFINITIONAL_REPRESENTATION('',(#1864),#1868);
#1864 = LINE('',#1865,#1866);
#1865 = CARTESIAN_POINT('',(6.,0.));
#1866 = VECTOR('',#1867,1.);
#1867 = DIRECTION('',(0.,1.));
#1868 = ( GEOMETRIC_REPRESENTATION_CONTEXT(2) 
PARAMETRIC_REPRESENTATION_CONTEXT() REPRESENTATION_CONTEXT('2D SPACE',''
  ) );
#1869 = ORIENTED_EDGE('',*,*,#1870,.F.);
#1870 = EDGE_CURVE('',#1407,#1661,#1871,.T.);
#1871 = SURFACE_CURVE('',#1872,(#1875,#1882),.PCURVE_S1.);
#1872 = B_SPLINE_CURVE_WITH_KNOTS('',1,(#1873,#1874),.UNSPECIFIED.,.F.,
  .F.,(2,2),(5.,6.),.PIECEWISE_BEZIER_KNOTS.);
#1873 = CARTESIAN_POINT('',(397.6403,-348.7553328268,109.73691321489));
#1874 = CARTESIAN_POINT('',(397.6403,-348.5790825427,109.75744447456));
#1875 = PCURVE('',#1482,#1876);
#1876 = DEFINITIONAL_REPRESENTATION('',(#1877),#1881);
#1877 = LINE('',#1878,#1879);
#1878 = CARTESIAN_POINT('',(0.,1.));
#1879 = VECTOR('',#1880,1.);
#1880 = DIRECTION('',(1.,0.));
#1881 = ( GEOMETRIC_REPRESENTATION_CONTEXT(2) 
PARAMETRIC_REPRESENTATION_CONTEXT() REPRESENTATION_CONTEXT('2D SPACE',''
  ) );
#1882 = PCURVE('',#401,#1883);
#1883 = DEFINITIONAL_REPRESENTATION('',(#1884),#1887);
#1884 = B_SPLINE_CURVE_WITH_KNOTS('',1,(#1885,#1886),.UNSPECIFIED.,.F.,
  .F.,(2,2),(5.,6.),.PIECEWISE_BEZIER_KNOTS.);
#1885 = CARTESIAN_POINT('',(-0.887210449461,3.277735800111E-06));
#1886 = CARTESIAN_POINT('',(-1.064652539353,3.933282982871E-06));
#1887 = ( GEOMETRIC_REPRESENTATION_CONTEXT(2) 
PARAMETRIC_REPRESENTATION_CONTEXT() REPRESENTATION_CONTEXT('2D SPACE',''
  ) );
#1888 = ORIENTED_EDGE('',*,*,#1406,.F.);
#1889 = ADVANCED_FACE('',(#1890),#1736,.T.);
#1890 = FACE_BOUND('',#1891,.T.);
#1891 = EDGE_LOOP('',(#1892,#1913,#2123,#2142));
#1892 = ORIENTED_EDGE('',*,*,#1893,.T.);
#1893 = EDGE_CURVE('',#1640,#1894,#1896,.T.);
#1894 = VERTEX_POINT('',#1895);
#1895 = CARTESIAN_POINT('',(140.9618,-350.6018672869,109.68297972779));
#1896 = SURFACE_CURVE('',#1897,(#1900,#1907),.PCURVE_S1.);
#1897 = B_SPLINE_CURVE_WITH_KNOTS('',1,(#1898,#1899),.UNSPECIFIED.,.F.,
  .F.,(2,2),(6.,7.),.PIECEWISE_BEZIER_KNOTS.);
#1898 = CARTESIAN_POINT('',(140.9618,-350.3817271267,109.65536706235));
#1899 = CARTESIAN_POINT('',(140.9618,-350.6018672869,109.68297972779));
#1900 = PCURVE('',#1736,#1901);
#1901 = DEFINITIONAL_REPRESENTATION('',(#1902),#1906);
#1902 = LINE('',#1903,#1904);
#1903 = CARTESIAN_POINT('',(0.,0.));
#1904 = VECTOR('',#1905,1.);
#1905 = DIRECTION('',(1.,0.));
#1906 = ( GEOMETRIC_REPRESENTATION_CONTEXT(2) 
PARAMETRIC_REPRESENTATION_CONTEXT() REPRESENTATION_CONTEXT('2D SPACE',''
  ) );
#1907 = PCURVE('',#165,#1908);
#1908 = DEFINITIONAL_REPRESENTATION('',(#1909),#1912);
#1909 = B_SPLINE_CURVE_WITH_KNOTS('',1,(#1910,#1911),.UNSPECIFIED.,.F.,
  .F.,(2,2),(6.,7.),.PIECEWISE_BEZIER_KNOTS.);
#1910 = CARTESIAN_POINT('',(1.331190962606,-5.227589383594E-08));
#1911 = CARTESIAN_POINT('',(1.55305612304,-6.098856886183E-08));
#1912 = ( GEOMETRIC_REPRESENTATION_CONTEXT(2) 
PARAMETRIC_REPRESENTATION_CONTEXT() REPRESENTATION_CONTEXT('2D SPACE',''
  ) );
#1913 = ORIENTED_EDGE('',*,*,#1914,.T.);
#1914 = EDGE_CURVE('',#1894,#1915,#1917,.T.);
#1915 = VERTEX_POINT('',#1916);
#1916 = CARTESIAN_POINT('',(397.6403,-348.4028322586,109.77797573422));
#1917 = SURFACE_CURVE('',#1918,(#1982,#1989),.PCURVE_S1.);
#1918 = ( BOUNDED_CURVE() B_SPLINE_CURVE(3,(#1919,#1920,#1921,#1922,
    #1923,#1924,#1925,#1926,#1927,#1928,#1929,#1930,#1931,#1932,#1933,
    #1934,#1935,#1936,#1937,#1938,#1939,#1940,#1941,#1942,#1943,#1944,
    #1945,#1946,#1947,#1948,#1949,#1950,#1951,#1952,#1953,#1954,#1955,
    #1956,#1957,#1958,#1959,#1960,#1961,#1962,#1963,#1964,#1965,#1966,
    #1967,#1968,#1969,#1970,#1971,#1972,#1973,#1974,#1975,#1976,#1977,
    #1978,#1979,#1980,#1981),.UNSPECIFIED.,.F.,.F.) 
B_SPLINE_CURVE_WITH_KNOTS((4,1,1,1,1,1,1,1,1,1,1,1,1,1,1,1,1,1,1,1,1,1,1
    ,1,1,1,1,1,1,1,1,1,1,1,1,1,1,1,1,1,1,1,1,1,1,1,1,1,1,1,1,1,1,1,1,1,1
    ,1,1,1,4),(0.,1.732138582393E-02,3.476147556169E-02,
    5.682134329819E-02,7.1962296323E-02,9.668171057498E-02,
    0.117312720082,0.137726814038,0.152748180615,0.167749813045,
    0.182740680817,0.197724569486,0.212727858992,0.227712266626,
    0.242722186927,0.257740578549,0.272730613132,0.287749851447,
    0.302807253127,0.317909897629,0.333164876512,0.348417208457,
    0.363717555355,0.379021830365,0.39430254102,0.409403510223,
    0.424503833082,0.439703221214,0.455034147268,0.475266642259,
    0.494822408855,0.514358099005,0.53448350075,0.549791243926,
    0.564993335593,0.580114457875,0.595233122966,0.610524778841,
    0.625831283594,0.641129798524,0.656395058325,0.671658347301,
    0.686764177688,0.701824559728,0.716841998439,0.731832580826,
    0.74685884212,0.761877146393,0.776861271766,0.791847146503,
    0.806852809101,0.821843806167,0.836903306197,0.851969913481,
    0.873073700462,0.890743423327,0.916073608219,0.937085032849,
0.966089436802,0.983488965917,1.),.UNSPECIFIED.) CURVE() 
GEOMETRIC_REPRESENTATION_ITEM() RATIONAL_B_SPLINE_CURVE((1.,
    0.99999999999,1.000000000005,0.999999999998,1.,1.,1.,1.,1.,1.,1.,1.,
    1.,1.,1.,1.,1.,1.,1.,1.,1.,1.,1.,1.,1.,1.,1.,1.,1.,1.,1.,1.,1.,1.,1.
    ,1.,1.,1.,1.,1.,1.,1.,1.,1.,1.,1.,1.,1.,1.,1.,1.,1.,1.,1.,1.,1.,1.,
    1.,1.,0.999999999999,1.000000000002,0.999999999996,1.)) 
REPRESENTATION_ITEM('') );
#1919 = CARTESIAN_POINT('',(140.9618,-350.6018672869,109.68297972779));
#1920 = CARTESIAN_POINT('',(139.3469737637,-358.9047193273,
    111.08855034757));
#1921 = CARTESIAN_POINT('',(146.55711552643,-344.5373581113,
    108.63055438388));
#1922 = CARTESIAN_POINT('',(149.83248812156,-345.6556594944,
    108.76079259346));
#1923 = CARTESIAN_POINT('',(152.63844988999,-350.0628632828,
    109.28542045611));
#1924 = CARTESIAN_POINT('',(159.61432189493,-346.6601570505,
    108.45656363196));
#1925 = CARTESIAN_POINT('',(161.57498576671,-357.6591768077,
    110.32514795731));
#1926 = CARTESIAN_POINT('',(166.85069272796,-348.8395634524,
    108.69365347422));
#1927 = CARTESIAN_POINT('',(170.05924171584,-347.7555685466,
    108.57812813213));
#1928 = CARTESIAN_POINT('',(175.2605606702,-347.4773018267,
    108.45960376022));
#1929 = CARTESIAN_POINT('',(179.44145366882,-347.3878985107,
    108.51535298033));
#1930 = CARTESIAN_POINT('',(183.74546905009,-347.3675159505,
    108.54099003498));
#1931 = CARTESIAN_POINT('',(188.02212458981,-347.161061818,
    108.52357644003));
#1932 = CARTESIAN_POINT('',(192.29363155905,-347.3377205,108.60545627148
    ));
#1933 = CARTESIAN_POINT('',(196.58004983101,-347.3784741653,
    108.63616912904));
#1934 = CARTESIAN_POINT('',(200.85501156117,-347.067074957,
    108.59500448373));
#1935 = CARTESIAN_POINT('',(205.12596544359,-347.3826115652,
    108.76211664414));
#1936 = CARTESIAN_POINT('',(209.41439322258,-347.3013281086,
    108.73947466273));
#1937 = CARTESIAN_POINT('',(213.69322367635,-347.2714703037,
    108.76485188205));
#1938 = CARTESIAN_POINT('',(217.96934112329,-346.9825656053,
    108.84741497039));
#1939 = CARTESIAN_POINT('',(222.26952895422,-346.9839949929,
    109.25356357802));
#1940 = CARTESIAN_POINT('',(226.5166643478,-346.2166033424,
    109.42710758208));
#1941 = CARTESIAN_POINT('',(230.80856684708,-345.8182158141,
    109.89792676964));
#1942 = CARTESIAN_POINT('',(235.07622110161,-345.0096498982,
    110.13346078576));
#1943 = CARTESIAN_POINT('',(239.35488141397,-344.4193448864,
    110.45450479607));
#1944 = CARTESIAN_POINT('',(243.60389158591,-343.8179998684,
    110.76107375225));
#1945 = CARTESIAN_POINT('',(247.90844854027,-343.6020542117,
    111.00057950665));
#1946 = CARTESIAN_POINT('',(252.2213347776,-343.7154931643,
    110.83514228689));
#1947 = CARTESIAN_POINT('',(256.41797633353,-344.8342936166,
    110.92826504486));
#1948 = CARTESIAN_POINT('',(261.49749220731,-344.8408499662,
    109.99008881926));
#1949 = CARTESIAN_POINT('',(264.82846846707,-349.144673671,
    113.66448517806));
#1950 = CARTESIAN_POINT('',(269.29986524939,-342.9667850121,
    111.65324300378));
#1951 = CARTESIAN_POINT('',(273.76120192934,-348.6134671292,
    113.26991024141));
#1952 = CARTESIAN_POINT('',(277.11561224167,-346.9708035266,
    111.50000111228));
#1953 = CARTESIAN_POINT('',(282.18739413143,-348.0735725284,
    112.24678073566));
#1954 = CARTESIAN_POINT('',(286.38362479911,-348.1502385038,
    112.73172183151));
#1955 = CARTESIAN_POINT('',(290.6929217221,-348.1844230547,
    113.11778628193));
#1956 = CARTESIAN_POINT('',(294.99728518776,-347.244609754,
    113.83159461349));
#1957 = CARTESIAN_POINT('',(299.24599549207,-345.4951743328,
    113.91832049695));
#1958 = CARTESIAN_POINT('',(303.52499017227,-343.9757205659,
    113.70164823169));
#1959 = CARTESIAN_POINT('',(307.79622056725,-342.3937546793,
    113.55583861011));
#1960 = CARTESIAN_POINT('',(312.08441986464,-341.2751805471,
    113.16015992717));
#1961 = CARTESIAN_POINT('',(316.3318452167,-339.5802651005,
    113.25906391931));
#1962 = CARTESIAN_POINT('',(320.63289091038,-338.8470217993,
    112.91095541163));
#1963 = CARTESIAN_POINT('',(324.90801010291,-337.9686883655,
    112.82044748933));
#1964 = CARTESIAN_POINT('',(329.18807309953,-337.5727879513,
    112.56319713485));
#1965 = CARTESIAN_POINT('',(333.47733801931,-337.0812790173,
    112.36514516193));
#1966 = CARTESIAN_POINT('',(337.7470456075,-338.0980648328,
    111.76666725801));
#1967 = CARTESIAN_POINT('',(342.02123400371,-337.0714340956,
    111.89143855537));
#1968 = CARTESIAN_POINT('',(346.30443528757,-337.4367469868,
    111.60487675095));
#1969 = CARTESIAN_POINT('',(350.5884217255,-337.5335912268,
    111.41098495594));
#1970 = CARTESIAN_POINT('',(354.84926238005,-337.7298860469,
    111.25219816671));
#1971 = CARTESIAN_POINT('',(359.17649042862,-338.0672916312,
    111.0450170324));
#1972 = CARTESIAN_POINT('',(363.32021844008,-337.975294344,
    110.97829901528));
#1973 = CARTESIAN_POINT('',(368.68503275418,-339.443896326,
    110.52571324917));
#1974 = CARTESIAN_POINT('',(371.24903411287,-338.3205399675,
    110.86196871916));
#1975 = CARTESIAN_POINT('',(377.42638182418,-339.1497536704,
    110.69840002159));
#1976 = CARTESIAN_POINT('',(379.73562276372,-341.0958450646,
    110.44111707178));
#1977 = CARTESIAN_POINT('',(385.92015942773,-338.5526628237,
    110.73198207784));
#1978 = CARTESIAN_POINT('',(387.95796901408,-351.4518614873,
    109.16539541698));
#1979 = CARTESIAN_POINT('',(392.55136708921,-347.8433334006,
    109.70075667842));
#1980 = CARTESIAN_POINT('',(397.86107277384,-338.6364407883,
    110.92453911918));
#1981 = CARTESIAN_POINT('',(397.6403,-348.4028322586,109.77797573422));
#1982 = PCURVE('',#1736,#1983);
#1983 = DEFINITIONAL_REPRESENTATION('',(#1984),#1988);
#1984 = LINE('',#1985,#1986);
#1985 = CARTESIAN_POINT('',(7.,0.));
#1986 = VECTOR('',#1987,1.);
#1987 = DIRECTION('',(0.,1.));
#1988 = ( GEOMETRIC_REPRESENTATION_CONTEXT(2) 
PARAMETRIC_REPRESENTATION_CONTEXT() REPRESENTATION_CONTEXT('2D SPACE',''
  ) );
#1989 = PCURVE('',#1990,#2117);
#1990 = ( BOUNDED_SURFACE() B_SPLINE_SURFACE(1,3,(
    (#1991,#1992,#1993,#1994,#1995,#1996,#1997,#1998,#1999,#2000,#2001
      ,#2002,#2003,#2004,#2005,#2006,#2007,#2008,#2009,#2010,#2011,#2012
      ,#2013,#2014,#2015,#2016,#2017,#2018,#2019,#2020,#2021,#2022,#2023
      ,#2024,#2025,#2026,#2027,#2028,#2029,#2030,#2031,#2032,#2033,#2034
      ,#2035,#2036,#2037,#2038,#2039,#2040,#2041,#2042,#2043,#2044,#2045
      ,#2046,#2047,#2048,#2049,#2050,#2051,#2052,#2053)
    ,(#2054,#2055,#2056,#2057,#2058,#2059,#2060,#2061,#2062,#2063,#2064
      ,#2065,#2066,#2067,#2068,#2069,#2070,#2071,#2072,#2073,#2074,#2075
      ,#2076,#2077,#2078,#2079,#2080,#2081,#2082,#2083,#2084,#2085,#2086
      ,#2087,#2088,#2089,#2090,#2091,#2092,#2093,#2094,#2095,#2096,#2097
      ,#2098,#2099,#2100,#2101,#2102,#2103,#2104,#2105,#2106,#2107,#2108
      ,#2109,#2110,#2111,#2112,#2113,#2114,#2115,#2116
)),.UNSPECIFIED.,.F.,.F.,.F.) B_SPLINE_SURFACE_WITH_KNOTS((2,2),(4,1,1,1
    ,1,1,1,1,1,1,1,1,1,1,1,1,1,1,1,1,1,1,1,1,1,1,1,1,1,1,1,1,1,1,1,1,1,1
    ,1,1,1,1,1,1,1,1,1,1,1,1,1,1,1,1,1,1,1,1,1,1,4),(7.,8.),(0.,
    1.732138582393E-02,3.476147556169E-02,5.682134329819E-02,
    7.1962296323E-02,9.668171057498E-02,0.117312720082,0.137726814038,
    0.152748180615,0.167749813045,0.182740680817,0.197724569486,
    0.212727858992,0.227712266626,0.242722186927,0.257740578549,
    0.272730613132,0.287749851447,0.302807253127,0.317909897629,
    0.333164876512,0.348417208457,0.363717555355,0.379021830365,
    0.39430254102,0.409403510223,0.424503833082,0.439703221214,
    0.455034147268,0.475266642259,0.494822408855,0.514358099005,
    0.53448350075,0.549791243926,0.564993335593,0.580114457875,
    0.595233122966,0.610524778841,0.625831283594,0.641129798524,
    0.656395058325,0.671658347301,0.686764177688,0.701824559728,
    0.716841998439,0.731832580826,0.74685884212,0.761877146393,
    0.776861271766,0.791847146503,0.806852809101,0.821843806167,
    0.836903306197,0.851969913481,0.873073700462,0.890743423327,
    0.916073608219,0.937085032849,0.966089436802,0.983488965917,1.),
.UNSPECIFIED.) GEOMETRIC_REPRESENTATION_ITEM() RATIONAL_B_SPLINE_SURFACE
((
    (1.,0.99999999999,1.000000000005,0.999999999998,1.,1.,1.,1.,1.,1.,1.
      ,1.,1.,1.,1.,1.,1.,1.,1.,1.,1.,1.,1.,1.,1.,1.,1.,1.,1.,1.,1.,1.,1.
      ,1.,1.,1.,1.,1.,1.,1.,1.,1.,1.,1.,1.,1.,1.,1.,1.,1.,1.,1.,1.,1.,1.
      ,1.,1.,1.,1.,0.999999999999,1.000000000002,0.999999999996,1.)
    ,(1.,0.99999999999,1.000000000005,0.999999999998,1.,1.,1.,1.,1.,1.
      ,1.,1.,1.,1.,1.,1.,1.,1.,1.,1.,1.,1.,1.,1.,1.,1.,1.,1.,1.,1.,1.,1.
      ,1.,1.,1.,1.,1.,1.,1.,1.,1.,1.,1.,1.,1.,1.,1.,1.,1.,1.,1.,1.,1.,1.
      ,1.,1.,1.,1.,1.,0.999999999999,1.000000000002,0.999999999996,1.
))) REPRESENTATION_ITEM('') SURFACE() );
#1991 = CARTESIAN_POINT('',(140.9618,-350.6018672869,109.68297972779));
#1992 = CARTESIAN_POINT('',(139.3469737637,-358.9047193273,
    111.08855034757));
#1993 = CARTESIAN_POINT('',(146.55711552643,-344.5373581113,
    108.63055438388));
#1994 = CARTESIAN_POINT('',(149.83248812156,-345.6556594944,
    108.76079259346));
#1995 = CARTESIAN_POINT('',(152.63844988999,-350.0628632828,
    109.28542045611));
#1996 = CARTESIAN_POINT('',(159.61432189493,-346.6601570505,
    108.45656363196));
#1997 = CARTESIAN_POINT('',(161.57498576671,-357.6591768077,
    110.32514795731));
#1998 = CARTESIAN_POINT('',(166.85069272796,-348.8395634524,
    108.69365347422));
#1999 = CARTESIAN_POINT('',(170.05924171584,-347.7555685466,
    108.57812813213));
#2000 = CARTESIAN_POINT('',(175.2605606702,-347.4773018267,
    108.45960376022));
#2001 = CARTESIAN_POINT('',(179.44145366882,-347.3878985107,
    108.51535298033));
#2002 = CARTESIAN_POINT('',(183.74546905009,-347.3675159505,
    108.54099003498));
#2003 = CARTESIAN_POINT('',(188.02212458981,-347.161061818,
    108.52357644003));
#2004 = CARTESIAN_POINT('',(192.29363155905,-347.3377205,108.60545627148
    ));
#2005 = CARTESIAN_POINT('',(196.58004983101,-347.3784741653,
    108.63616912904));
#2006 = CARTESIAN_POINT('',(200.85501156117,-347.067074957,
    108.59500448373));
#2007 = CARTESIAN_POINT('',(205.12596544359,-347.3826115652,
    108.76211664414));
#2008 = CARTESIAN_POINT('',(209.41439322258,-347.3013281086,
    108.73947466273));
#2009 = CARTESIAN_POINT('',(213.69322367635,-347.2714703037,
    108.76485188205));
#2010 = CARTESIAN_POINT('',(217.96934112329,-346.9825656053,
    108.84741497039));
#2011 = CARTESIAN_POINT('',(222.26952895422,-346.9839949929,
    109.25356357802));
#2012 = CARTESIAN_POINT('',(226.5166643478,-346.2166033424,
    109.42710758208));
#2013 = CARTESIAN_POINT('',(230.80856684708,-345.8182158141,
    109.89792676964));
#2014 = CARTESIAN_POINT('',(235.07622110161,-345.0096498982,
    110.13346078576));
#2015 = CARTESIAN_POINT('',(239.35488141397,-344.4193448864,
    110.45450479607));
#2016 = CARTESIAN_POINT('',(243.60389158591,-343.8179998684,
    110.76107375225));
#2017 = CARTESIAN_POINT('',(247.90844854027,-343.6020542117,
    111.00057950665));
#2018 = CARTESIAN_POINT('',(252.2213347776,-343.7154931643,
    110.83514228689));
#2019 = CARTESIAN_POINT('',(256.41797633353,-344.8342936166,
    110.92826504486));
#2020 = CARTESIAN_POINT('',(261.49749220731,-344.8408499662,
    109.99008881926));
#2021 = CARTESIAN_POINT('',(264.82846846707,-349.144673671,
    113.66448517806));
#2022 = CARTESIAN_POINT('',(269.29986524939,-342.9667850121,
    111.65324300378));
#2023 = CARTESIAN_POINT('',(273.76120192934,-348.6134671292,
    113.26991024141));
#2024 = CARTESIAN_POINT('',(277.11561224167,-346.9708035266,
    111.50000111228));
#2025 = CARTESIAN_POINT('',(282.18739413143,-348.0735725284,
    112.24678073566));
#2026 = CARTESIAN_POINT('',(286.38362479911,-348.1502385038,
    112.73172183151));
#2027 = CARTESIAN_POINT('',(290.6929217221,-348.1844230547,
    113.11778628193));
#2028 = CARTESIAN_POINT('',(294.99728518776,-347.244609754,
    113.83159461349));
#2029 = CARTESIAN_POINT('',(299.24599549207,-345.4951743328,
    113.91832049695));
#2030 = CARTESIAN_POINT('',(303.52499017227,-343.9757205659,
    113.70164823169));
#2031 = CARTESIAN_POINT('',(307.79622056725,-342.3937546793,
    113.55583861011));
#2032 = CARTESIAN_POINT('',(312.08441986464,-341.2751805471,
    113.16015992717));
#2033 = CARTESIAN_POINT('',(316.3318452167,-339.5802651005,
    113.25906391931));
#2034 = CARTESIAN_POINT('',(320.63289091038,-338.8470217993,
    112.91095541163));
#2035 = CARTESIAN_POINT('',(324.90801010291,-337.9686883655,
    112.82044748933));
#2036 = CARTESIAN_POINT('',(329.18807309953,-337.5727879513,
    112.56319713485));
#2037 = CARTESIAN_POINT('',(333.47733801931,-337.0812790173,
    112.36514516193));
#2038 = CARTESIAN_POINT('',(337.7470456075,-338.0980648328,
    111.76666725801));
#2039 = CARTESIAN_POINT('',(342.02123400371,-337.0714340956,
    111.89143855537));
#2040 = CARTESIAN_POINT('',(346.30443528757,-337.4367469868,
    111.60487675095));
#2041 = CARTESIAN_POINT('',(350.5884217255,-337.5335912268,
    111.41098495594));
#2042 = CARTESIAN_POINT('',(354.84926238005,-337.7298860469,
    111.25219816671));
#2043 = CARTESIAN_POINT('',(359.17649042862,-338.0672916312,
    111.0450170324));
#2044 = CARTESIAN_POINT('',(363.32021844008,-337.975294344,
    110.97829901528));
#2045 = CARTESIAN_POINT('',(368.68503275418,-339.443896326,
    110.52571324917));
#2046 = CARTESIAN_POINT('',(371.24903411287,-338.3205399675,
    110.86196871916));
#2047 = CARTESIAN_POINT('',(377.42638182418,-339.1497536704,
    110.69840002159));
#2048 = CARTESIAN_POINT('',(379.73562276372,-341.0958450646,
    110.44111707178));
#2049 = CARTESIAN_POINT('',(385.92015942773,-338.5526628237,
    110.73198207784));
#2050 = CARTESIAN_POINT('',(387.95796901408,-351.4518614873,
    109.16539541698));
#2051 = CARTESIAN_POINT('',(392.55136708921,-347.8433334006,
    109.70075667842));
#2052 = CARTESIAN_POINT('',(397.86107277384,-338.6364407883,
    110.92453911918));
#2053 = CARTESIAN_POINT('',(397.6403,-348.4028322586,109.77797573422));
#2054 = CARTESIAN_POINT('',(140.9618,-350.8220074471,109.71059239323));
#2055 = CARTESIAN_POINT('',(139.3469737637,-359.6763595692,
    111.1818886564));
#2056 = CARTESIAN_POINT('',(146.55711552643,-344.9894548375,
    108.68426304042));
#2057 = CARTESIAN_POINT('',(149.83248812156,-345.9552835259,
    108.80586127133));
#2058 = CARTESIAN_POINT('',(152.63844988999,-350.9837560197,
    109.42793023224));
#2059 = CARTESIAN_POINT('',(159.61432189493,-347.7730673089,
    108.62999802007));
#2060 = CARTESIAN_POINT('',(161.57498576671,-358.007597617,
    110.3804715388));
#2061 = CARTESIAN_POINT('',(166.85069272796,-349.2654204686,
    108.75877431778));
#2062 = CARTESIAN_POINT('',(170.05924171584,-349.116075455,
    108.83683827733));
#2063 = CARTESIAN_POINT('',(175.2605606702,-348.7039463835,
    108.69865794574));
#2064 = CARTESIAN_POINT('',(179.44145366882,-348.6966663552,
    108.77546227822));
#2065 = CARTESIAN_POINT('',(183.74546905009,-348.6922031466,
    108.83331545553));
#2066 = CARTESIAN_POINT('',(188.02212458981,-348.4868150844,
    108.81710966444));
#2067 = CARTESIAN_POINT('',(192.29363155905,-348.7034263566,
    108.91667465164));
#2068 = CARTESIAN_POINT('',(196.58004983101,-348.7633673565,
    108.96853143824));
#2069 = CARTESIAN_POINT('',(200.85501156117,-348.3850652177,
    108.93605047584));
#2070 = CARTESIAN_POINT('',(205.12596544359,-348.7716815636,
    109.10907565669));
#2071 = CARTESIAN_POINT('',(209.41439322258,-348.6396653789,
    109.15507316296));
#2072 = CARTESIAN_POINT('',(213.69322367635,-348.5975830336,
    109.13712843809));
#2073 = CARTESIAN_POINT('',(217.96934112329,-348.2107243709,
    109.33945583694));
#2074 = CARTESIAN_POINT('',(222.26952895422,-348.1890599195,
    109.62578677559));
#2075 = CARTESIAN_POINT('',(226.5166643478,-347.2922159587,
    109.93313869612));
#2076 = CARTESIAN_POINT('',(230.80856684708,-346.8656685329,
    110.26756325047));
#2077 = CARTESIAN_POINT('',(235.07622110161,-345.96496196,
    110.53531538934));
#2078 = CARTESIAN_POINT('',(239.35488141397,-345.2927111006,
    110.85895053411));
#2079 = CARTESIAN_POINT('',(243.60389158591,-344.5779232496,
    111.19493485103));
#2080 = CARTESIAN_POINT('',(247.90844854027,-344.282848387,
    111.41558793158));
#2081 = CARTESIAN_POINT('',(252.2213347776,-344.3340204562,
    111.20591489957));
#2082 = CARTESIAN_POINT('',(256.41797633353,-345.3651595061,
    111.25129261459));
#2083 = CARTESIAN_POINT('',(261.49749220731,-345.5226603984,
    110.03579045499));
#2084 = CARTESIAN_POINT('',(264.82846846707,-348.9339211302,
    114.67532807237));
#2085 = CARTESIAN_POINT('',(269.29986524939,-343.06167386,
    112.17091103905));
#2086 = CARTESIAN_POINT('',(273.76120192934,-348.4384482482,
    114.24060281529));
#2087 = CARTESIAN_POINT('',(277.11561224167,-347.5296743295,
    111.68432131731));
#2088 = CARTESIAN_POINT('',(282.18739413143,-348.5809963033,
    112.67674808347));
#2089 = CARTESIAN_POINT('',(286.38362479911,-347.86438819,
    113.48125924235));
#2090 = CARTESIAN_POINT('',(290.6929217221,-347.7422007185,
    113.7676523952));
#2091 = CARTESIAN_POINT('',(294.99728518776,-346.9683154333,
    114.65765041283));
#2092 = CARTESIAN_POINT('',(299.24599549207,-345.1979252538,
    114.82340346804));
#2093 = CARTESIAN_POINT('',(303.52499017227,-343.5506018813,
    114.62681161843));
#2094 = CARTESIAN_POINT('',(307.79622056725,-341.8408058919,
    114.50746064643));
#2095 = CARTESIAN_POINT('',(312.08441986464,-340.3449405333,
    113.91835622287));
#2096 = CARTESIAN_POINT('',(316.3318452167,-338.6470846448,114.047419616
    ));
#2097 = CARTESIAN_POINT('',(320.63289091038,-337.7349370698,
    113.64336452871));
#2098 = CARTESIAN_POINT('',(324.90801010291,-336.8378282147,
    113.43460520756));
#2099 = CARTESIAN_POINT('',(329.18807309953,-336.2820362864,
    113.13875938098));
#2100 = CARTESIAN_POINT('',(333.47733801931,-335.7726345644,
    112.92843776939));
#2101 = CARTESIAN_POINT('',(337.7470456075,-336.8646593111,
    112.36563896643));
#2102 = CARTESIAN_POINT('',(342.02123400371,-335.7108460224,
    112.32731324362));
#2103 = CARTESIAN_POINT('',(346.30443528757,-336.1325336271,
    112.09854519957));
#2104 = CARTESIAN_POINT('',(350.5884217255,-336.2267457469,
    111.85263058036));
#2105 = CARTESIAN_POINT('',(354.84926238005,-336.4858499772,
    111.69647267529));
#2106 = CARTESIAN_POINT('',(359.17649042862,-336.8090452713,
    111.48525487238));
#2107 = CARTESIAN_POINT('',(363.32021844008,-336.7923186012,
    111.36126958067));
#2108 = CARTESIAN_POINT('',(368.68503275418,-338.239242059,
    110.89102883619));
#2109 = CARTESIAN_POINT('',(371.24903411287,-337.4380819573,
    111.06253494682));
#2110 = CARTESIAN_POINT('',(377.42638182418,-338.8599203274,
    110.73112441685));
#2111 = CARTESIAN_POINT('',(379.73562276372,-339.7729783207,
    110.65809718405));
#2112 = CARTESIAN_POINT('',(385.92015942773,-338.1951020466,
    110.78984107058));
#2113 = CARTESIAN_POINT('',(387.95796901408,-351.1621490272,
    109.20899197313));
#2114 = CARTESIAN_POINT('',(392.55136708921,-347.1086567325,
    109.80096033966));
#2115 = CARTESIAN_POINT('',(397.86107277384,-338.541593172,
    110.90851747424));
#2116 = CARTESIAN_POINT('',(397.6403,-348.2265819745,109.79850699389));
#2117 = DEFINITIONAL_REPRESENTATION('',(#2118),#2122);
#2118 = LINE('',#2119,#2120);
#2119 = CARTESIAN_POINT('',(7.,0.));
#2120 = VECTOR('',#2121,1.);
#2121 = DIRECTION('',(0.,1.));
#2122 = ( GEOMETRIC_REPRESENTATION_CONTEXT(2) 
PARAMETRIC_REPRESENTATION_CONTEXT() REPRESENTATION_CONTEXT('2D SPACE',''
  ) );
#2123 = ORIENTED_EDGE('',*,*,#2124,.F.);
#2124 = EDGE_CURVE('',#1661,#1915,#2125,.T.);
#2125 = SURFACE_CURVE('',#2126,(#2129,#2136),.PCURVE_S1.);
#2126 = B_SPLINE_CURVE_WITH_KNOTS('',1,(#2127,#2128),.UNSPECIFIED.,.F.,
  .F.,(2,2),(6.,7.),.PIECEWISE_BEZIER_KNOTS.);
#2127 = CARTESIAN_POINT('',(397.6403,-348.5790825427,109.75744447456));
#2128 = CARTESIAN_POINT('',(397.6403,-348.4028322586,109.77797573422));
#2129 = PCURVE('',#1736,#2130);
#2130 = DEFINITIONAL_REPRESENTATION('',(#2131),#2135);
#2131 = LINE('',#2132,#2133);
#2132 = CARTESIAN_POINT('',(0.,1.));
#2133 = VECTOR('',#2134,1.);
#2134 = DIRECTION('',(1.,0.));
#2135 = ( GEOMETRIC_REPRESENTATION_CONTEXT(2) 
PARAMETRIC_REPRESENTATION_CONTEXT() REPRESENTATION_CONTEXT('2D SPACE',''
  ) );
#2136 = PCURVE('',#401,#2137);
#2137 = DEFINITIONAL_REPRESENTATION('',(#2138),#2141);
#2138 = B_SPLINE_CURVE_WITH_KNOTS('',1,(#2139,#2140),.UNSPECIFIED.,.F.,
  .F.,(2,2),(6.,7.),.PIECEWISE_BEZIER_KNOTS.);
#2139 = CARTESIAN_POINT('',(-1.064652539353,3.933282982871E-06));
#2140 = CARTESIAN_POINT('',(-1.242094629246,4.588830137209E-06));
#2141 = ( GEOMETRIC_REPRESENTATION_CONTEXT(2) 
PARAMETRIC_REPRESENTATION_CONTEXT() REPRESENTATION_CONTEXT('2D SPACE',''
  ) );
#2142 = ORIENTED_EDGE('',*,*,#1660,.F.);
#2143 = ADVANCED_FACE('',(#2144),#1990,.T.);
#2144 = FACE_BOUND('',#2145,.T.);
#2145 = EDGE_LOOP('',(#2146,#2167,#2377,#2396));
#2146 = ORIENTED_EDGE('',*,*,#2147,.T.);
#2147 = EDGE_CURVE('',#1894,#2148,#2150,.T.);
#2148 = VERTEX_POINT('',#2149);
#2149 = CARTESIAN_POINT('',(140.9618,-350.8220074471,109.71059239323));
#2150 = SURFACE_CURVE('',#2151,(#2154,#2161),.PCURVE_S1.);
#2151 = B_SPLINE_CURVE_WITH_KNOTS('',1,(#2152,#2153),.UNSPECIFIED.,.F.,
  .F.,(2,2),(7.,8.),.PIECEWISE_BEZIER_KNOTS.);
#2152 = CARTESIAN_POINT('',(140.9618,-350.6018672869,109.68297972779));
#2153 = CARTESIAN_POINT('',(140.9618,-350.8220074471,109.71059239323));
#2154 = PCURVE('',#1990,#2155);
#2155 = DEFINITIONAL_REPRESENTATION('',(#2156),#2160);
#2156 = LINE('',#2157,#2158);
#2157 = CARTESIAN_POINT('',(0.,0.));
#2158 = VECTOR('',#2159,1.);
#2159 = DIRECTION('',(1.,0.));
#2160 = ( GEOMETRIC_REPRESENTATION_CONTEXT(2) 
PARAMETRIC_REPRESENTATION_CONTEXT() REPRESENTATION_CONTEXT('2D SPACE',''
  ) );
#2161 = PCURVE('',#165,#2162);
#2162 = DEFINITIONAL_REPRESENTATION('',(#2163),#2166);
#2163 = B_SPLINE_CURVE_WITH_KNOTS('',1,(#2164,#2165),.UNSPECIFIED.,.F.,
  .F.,(2,2),(7.,8.),.PIECEWISE_BEZIER_KNOTS.);
#2164 = CARTESIAN_POINT('',(1.55305612304,-6.098856886183E-08));
#2165 = CARTESIAN_POINT('',(1.774921283475,-6.970121546601E-08));
#2166 = ( GEOMETRIC_REPRESENTATION_CONTEXT(2) 
PARAMETRIC_REPRESENTATION_CONTEXT() REPRESENTATION_CONTEXT('2D SPACE',''
  ) );
#2167 = ORIENTED_EDGE('',*,*,#2168,.T.);
#2168 = EDGE_CURVE('',#2148,#2169,#2171,.T.);
#2169 = VERTEX_POINT('',#2170);
#2170 = CARTESIAN_POINT('',(397.6403,-348.2265819745,109.79850699389));
#2171 = SURFACE_CURVE('',#2172,(#2236,#2243),.PCURVE_S1.);
#2172 = ( BOUNDED_CURVE() B_SPLINE_CURVE(3,(#2173,#2174,#2175,#2176,
    #2177,#2178,#2179,#2180,#2181,#2182,#2183,#2184,#2185,#2186,#2187,
    #2188,#2189,#2190,#2191,#2192,#2193,#2194,#2195,#2196,#2197,#2198,
    #2199,#2200,#2201,#2202,#2203,#2204,#2205,#2206,#2207,#2208,#2209,
    #2210,#2211,#2212,#2213,#2214,#2215,#2216,#2217,#2218,#2219,#2220,
    #2221,#2222,#2223,#2224,#2225,#2226,#2227,#2228,#2229,#2230,#2231,
    #2232,#2233,#2234,#2235),.UNSPECIFIED.,.F.,.F.) 
B_SPLINE_CURVE_WITH_KNOTS((4,1,1,1,1,1,1,1,1,1,1,1,1,1,1,1,1,1,1,1,1,1,1
    ,1,1,1,1,1,1,1,1,1,1,1,1,1,1,1,1,1,1,1,1,1,1,1,1,1,1,1,1,1,1,1,1,1,1
    ,1,1,1,4),(0.,1.732138582393E-02,3.476147556169E-02,
    5.682134329819E-02,7.1962296323E-02,9.668171057498E-02,
    0.117312720082,0.137726814038,0.152748180615,0.167749813045,
    0.182740680817,0.197724569486,0.212727858992,0.227712266626,
    0.242722186927,0.257740578549,0.272730613132,0.287749851447,
    0.302807253127,0.317909897629,0.333164876512,0.348417208457,
    0.363717555355,0.379021830365,0.39430254102,0.409403510223,
    0.424503833082,0.439703221214,0.455034147268,0.475266642259,
    0.494822408855,0.514358099005,0.53448350075,0.549791243926,
    0.564993335593,0.580114457875,0.595233122966,0.610524778841,
    0.625831283594,0.641129798524,0.656395058325,0.671658347301,
    0.686764177688,0.701824559728,0.716841998439,0.731832580826,
    0.74685884212,0.761877146393,0.776861271766,0.791847146503,
    0.806852809101,0.821843806167,0.836903306197,0.851969913481,
    0.873073700462,0.890743423327,0.916073608219,0.937085032849,
0.966089436802,0.983488965917,1.),.UNSPECIFIED.) CURVE() 
GEOMETRIC_REPRESENTATION_ITEM() RATIONAL_B_SPLINE_CURVE((1.,
    0.99999999999,1.000000000005,0.999999999998,1.,1.,1.,1.,1.,1.,1.,1.,
    1.,1.,1.,1.,1.,1.,1.,1.,1.,1.,1.,1.,1.,1.,1.,1.,1.,1.,1.,1.,1.,1.,1.
    ,1.,1.,1.,1.,1.,1.,1.,1.,1.,1.,1.,1.,1.,1.,1.,1.,1.,1.,1.,1.,1.,1.,
    1.,1.,0.999999999999,1.000000000002,0.999999999996,1.)) 
REPRESENTATION_ITEM('') );
#2173 = CARTESIAN_POINT('',(140.9618,-350.8220074471,109.71059239323));
#2174 = CARTESIAN_POINT('',(139.3469737637,-359.6763595692,
    111.1818886564));
#2175 = CARTESIAN_POINT('',(146.55711552643,-344.9894548375,
    108.68426304042));
#2176 = CARTESIAN_POINT('',(149.83248812156,-345.9552835259,
    108.80586127133));
#2177 = CARTESIAN_POINT('',(152.63844988999,-350.9837560197,
    109.42793023224));
#2178 = CARTESIAN_POINT('',(159.61432189493,-347.7730673089,
    108.62999802007));
#2179 = CARTESIAN_POINT('',(161.57498576671,-358.007597617,
    110.3804715388));
#2180 = CARTESIAN_POINT('',(166.85069272796,-349.2654204686,
    108.75877431778));
#2181 = CARTESIAN_POINT('',(170.05924171584,-349.116075455,
    108.83683827733));
#2182 = CARTESIAN_POINT('',(175.2605606702,-348.7039463835,
    108.69865794574));
#2183 = CARTESIAN_POINT('',(179.44145366882,-348.6966663552,
    108.77546227822));
#2184 = CARTESIAN_POINT('',(183.74546905009,-348.6922031466,
    108.83331545553));
#2185 = CARTESIAN_POINT('',(188.02212458981,-348.4868150844,
    108.81710966444));
#2186 = CARTESIAN_POINT('',(192.29363155905,-348.7034263566,
    108.91667465164));
#2187 = CARTESIAN_POINT('',(196.58004983101,-348.7633673565,
    108.96853143824));
#2188 = CARTESIAN_POINT('',(200.85501156117,-348.3850652177,
    108.93605047584));
#2189 = CARTESIAN_POINT('',(205.12596544359,-348.7716815636,
    109.10907565669));
#2190 = CARTESIAN_POINT('',(209.41439322258,-348.6396653789,
    109.15507316296));
#2191 = CARTESIAN_POINT('',(213.69322367635,-348.5975830336,
    109.13712843809));
#2192 = CARTESIAN_POINT('',(217.96934112329,-348.2107243709,
    109.33945583694));
#2193 = CARTESIAN_POINT('',(222.26952895422,-348.1890599195,
    109.62578677559));
#2194 = CARTESIAN_POINT('',(226.5166643478,-347.2922159587,
    109.93313869612));
#2195 = CARTESIAN_POINT('',(230.80856684708,-346.8656685329,
    110.26756325047));
#2196 = CARTESIAN_POINT('',(235.07622110161,-345.96496196,
    110.53531538934));
#2197 = CARTESIAN_POINT('',(239.35488141397,-345.2927111006,
    110.85895053411));
#2198 = CARTESIAN_POINT('',(243.60389158591,-344.5779232496,
    111.19493485103));
#2199 = CARTESIAN_POINT('',(247.90844854027,-344.282848387,
    111.41558793158));
#2200 = CARTESIAN_POINT('',(252.2213347776,-344.3340204562,
    111.20591489957));
#2201 = CARTESIAN_POINT('',(256.41797633353,-345.3651595061,
    111.25129261459));
#2202 = CARTESIAN_POINT('',(261.49749220731,-345.5226603984,
    110.03579045499));
#2203 = CARTESIAN_POINT('',(264.82846846707,-348.9339211302,
    114.67532807237));
#2204 = CARTESIAN_POINT('',(269.29986524939,-343.06167386,
    112.17091103905));
#2205 = CARTESIAN_POINT('',(273.76120192934,-348.4384482482,
    114.24060281529));
#2206 = CARTESIAN_POINT('',(277.11561224167,-347.5296743295,
    111.68432131731));
#2207 = CARTESIAN_POINT('',(282.18739413143,-348.5809963033,
    112.67674808347));
#2208 = CARTESIAN_POINT('',(286.38362479911,-347.86438819,
    113.48125924235));
#2209 = CARTESIAN_POINT('',(290.6929217221,-347.7422007185,
    113.7676523952));
#2210 = CARTESIAN_POINT('',(294.99728518776,-346.9683154333,
    114.65765041283));
#2211 = CARTESIAN_POINT('',(299.24599549207,-345.1979252538,
    114.82340346804));
#2212 = CARTESIAN_POINT('',(303.52499017227,-343.5506018813,
    114.62681161843));
#2213 = CARTESIAN_POINT('',(307.79622056725,-341.8408058919,
    114.50746064643));
#2214 = CARTESIAN_POINT('',(312.08441986464,-340.3449405333,
    113.91835622287));
#2215 = CARTESIAN_POINT('',(316.3318452167,-338.6470846448,114.047419616
    ));
#2216 = CARTESIAN_POINT('',(320.63289091038,-337.7349370698,
    113.64336452871));
#2217 = CARTESIAN_POINT('',(324.90801010291,-336.8378282147,
    113.43460520756));
#2218 = CARTESIAN_POINT('',(329.18807309953,-336.2820362864,
    113.13875938098));
#2219 = CARTESIAN_POINT('',(333.47733801931,-335.7726345644,
    112.92843776939));
#2220 = CARTESIAN_POINT('',(337.7470456075,-336.8646593111,
    112.36563896643));
#2221 = CARTESIAN_POINT('',(342.02123400371,-335.7108460224,
    112.32731324362));
#2222 = CARTESIAN_POINT('',(346.30443528757,-336.1325336271,
    112.09854519957));
#2223 = CARTESIAN_POINT('',(350.5884217255,-336.2267457469,
    111.85263058036));
#2224 = CARTESIAN_POINT('',(354.84926238005,-336.4858499772,
    111.69647267529));
#2225 = CARTESIAN_POINT('',(359.17649042862,-336.8090452713,
    111.48525487238));
#2226 = CARTESIAN_POINT('',(363.32021844008,-336.7923186012,
    111.36126958067));
#2227 = CARTESIAN_POINT('',(368.68503275418,-338.239242059,
    110.89102883619));
#2228 = CARTESIAN_POINT('',(371.24903411287,-337.4380819573,
    111.06253494682));
#2229 = CARTESIAN_POINT('',(377.42638182418,-338.8599203274,
    110.73112441685));
#2230 = CARTESIAN_POINT('',(379.73562276372,-339.7729783207,
    110.65809718405));
#2231 = CARTESIAN_POINT('',(385.92015942773,-338.1951020466,
    110.78984107058));
#2232 = CARTESIAN_POINT('',(387.95796901408,-351.1621490272,
    109.20899197313));
#2233 = CARTESIAN_POINT('',(392.55136708921,-347.1086567325,
    109.80096033966));
#2234 = CARTESIAN_POINT('',(397.86107277384,-338.541593172,
    110.90851747424));
#2235 = CARTESIAN_POINT('',(397.6403,-348.2265819745,109.79850699389));
#2236 = PCURVE('',#1990,#2237);
#2237 = DEFINITIONAL_REPRESENTATION('',(#2238),#2242);
#2238 = LINE('',#2239,#2240);
#2239 = CARTESIAN_POINT('',(8.,0.));
#2240 = VECTOR('',#2241,1.);
#2241 = DIRECTION('',(0.,1.));
#2242 = ( GEOMETRIC_REPRESENTATION_CONTEXT(2) 
PARAMETRIC_REPRESENTATION_CONTEXT() REPRESENTATION_CONTEXT('2D SPACE',''
  ) );
#2243 = PCURVE('',#2244,#2371);
#2244 = ( BOUNDED_SURFACE() B_SPLINE_SURFACE(1,3,(
    (#2245,#2246,#2247,#2248,#2249,#2250,#2251,#2252,#2253,#2254,#2255
      ,#2256,#2257,#2258,#2259,#2260,#2261,#2262,#2263,#2264,#2265,#2266
      ,#2267,#2268,#2269,#2270,#2271,#2272,#2273,#2274,#2275,#2276,#2277
      ,#2278,#2279,#2280,#2281,#2282,#2283,#2284,#2285,#2286,#2287,#2288
      ,#2289,#2290,#2291,#2292,#2293,#2294,#2295,#2296,#2297,#2298,#2299
      ,#2300,#2301,#2302,#2303,#2304,#2305,#2306,#2307)
    ,(#2308,#2309,#2310,#2311,#2312,#2313,#2314,#2315,#2316,#2317,#2318
      ,#2319,#2320,#2321,#2322,#2323,#2324,#2325,#2326,#2327,#2328,#2329
      ,#2330,#2331,#2332,#2333,#2334,#2335,#2336,#2337,#2338,#2339,#2340
      ,#2341,#2342,#2343,#2344,#2345,#2346,#2347,#2348,#2349,#2350,#2351
      ,#2352,#2353,#2354,#2355,#2356,#2357,#2358,#2359,#2360,#2361,#2362
      ,#2363,#2364,#2365,#2366,#2367,#2368,#2369,#2370
)),.UNSPECIFIED.,.F.,.F.,.F.) B_SPLINE_SURFACE_WITH_KNOTS((2,2),(4,1,1,1
    ,1,1,1,1,1,1,1,1,1,1,1,1,1,1,1,1,1,1,1,1,1,1,1,1,1,1,1,1,1,1,1,1,1,1
    ,1,1,1,1,1,1,1,1,1,1,1,1,1,1,1,1,1,1,1,1,1,1,4),(8.,9.),(0.,
    1.732138582393E-02,3.476147556169E-02,5.682134329819E-02,
    7.1962296323E-02,9.668171057498E-02,0.117312720082,0.137726814038,
    0.152748180615,0.167749813045,0.182740680817,0.197724569486,
    0.212727858992,0.227712266626,0.242722186927,0.257740578549,
    0.272730613132,0.287749851447,0.302807253127,0.317909897629,
    0.333164876512,0.348417208457,0.363717555355,0.379021830365,
    0.39430254102,0.409403510223,0.424503833082,0.439703221214,
    0.455034147268,0.475266642259,0.494822408855,0.514358099005,
    0.53448350075,0.549791243926,0.564993335593,0.580114457875,
    0.595233122966,0.610524778841,0.625831283594,0.641129798524,
    0.656395058325,0.671658347301,0.686764177688,0.701824559728,
    0.716841998439,0.731832580826,0.74685884212,0.761877146393,
    0.776861271766,0.791847146503,0.806852809101,0.821843806167,
    0.836903306197,0.851969913481,0.873073700462,0.890743423327,
    0.916073608219,0.937085032849,0.966089436802,0.983488965917,1.),
.UNSPECIFIED.) GEOMETRIC_REPRESENTATION_ITEM() RATIONAL_B_SPLINE_SURFACE
((
    (1.,0.99999999999,1.000000000005,0.999999999998,1.,1.,1.,1.,1.,1.,1.
      ,1.,1.,1.,1.,1.,1.,1.,1.,1.,1.,1.,1.,1.,1.,1.,1.,1.,1.,1.,1.,1.,1.
      ,1.,1.,1.,1.,1.,1.,1.,1.,1.,1.,1.,1.,1.,1.,1.,1.,1.,1.,1.,1.,1.,1.
      ,1.,1.,1.,1.,0.999999999999,1.000000000002,0.999999999996,1.)
    ,(1.,0.99999999999,1.000000000005,0.999999999998,1.,1.,1.,1.,1.,1.
      ,1.,1.,1.,1.,1.,1.,1.,1.,1.,1.,1.,1.,1.,1.,1.,1.,1.,1.,1.,1.,1.,1.
      ,1.,1.,1.,1.,1.,1.,1.,1.,1.,1.,1.,1.,1.,1.,1.,1.,1.,1.,1.,1.,1.,1.
      ,1.,1.,1.,1.,1.,0.999999999999,1.000000000002,0.999999999996,1.
))) REPRESENTATION_ITEM('') SURFACE() );
#2245 = CARTESIAN_POINT('',(140.9618,-350.8220074471,109.71059239323));
#2246 = CARTESIAN_POINT('',(139.3469737637,-359.6763595692,
    111.1818886564));
#2247 = CARTESIAN_POINT('',(146.55711552643,-344.9894548375,
    108.68426304042));
#2248 = CARTESIAN_POINT('',(149.83248812156,-345.9552835259,
    108.80586127133));
#2249 = CARTESIAN_POINT('',(152.63844988999,-350.9837560197,
    109.42793023224));
#2250 = CARTESIAN_POINT('',(159.61432189493,-347.7730673089,
    108.62999802007));
#2251 = CARTESIAN_POINT('',(161.57498576671,-358.007597617,
    110.3804715388));
#2252 = CARTESIAN_POINT('',(166.85069272796,-349.2654204686,
    108.75877431778));
#2253 = CARTESIAN_POINT('',(170.05924171584,-349.116075455,
    108.83683827733));
#2254 = CARTESIAN_POINT('',(175.2605606702,-348.7039463835,
    108.69865794574));
#2255 = CARTESIAN_POINT('',(179.44145366882,-348.6966663552,
    108.77546227822));
#2256 = CARTESIAN_POINT('',(183.74546905009,-348.6922031466,
    108.83331545553));
#2257 = CARTESIAN_POINT('',(188.02212458981,-348.4868150844,
    108.81710966444));
#2258 = CARTESIAN_POINT('',(192.29363155905,-348.7034263566,
    108.91667465164));
#2259 = CARTESIAN_POINT('',(196.58004983101,-348.7633673565,
    108.96853143824));
#2260 = CARTESIAN_POINT('',(200.85501156117,-348.3850652177,
    108.93605047584));
#2261 = CARTESIAN_POINT('',(205.12596544359,-348.7716815636,
    109.10907565669));
#2262 = CARTESIAN_POINT('',(209.41439322258,-348.6396653789,
    109.15507316296));
#2263 = CARTESIAN_POINT('',(213.69322367635,-348.5975830336,
    109.13712843809));
#2264 = CARTESIAN_POINT('',(217.96934112329,-348.2107243709,
    109.33945583694));
#2265 = CARTESIAN_POINT('',(222.26952895422,-348.1890599195,
    109.62578677559));
#2266 = CARTESIAN_POINT('',(226.5166643478,-347.2922159587,
    109.93313869612));
#2267 = CARTESIAN_POINT('',(230.80856684708,-346.8656685329,
    110.26756325047));
#2268 = CARTESIAN_POINT('',(235.07622110161,-345.96496196,
    110.53531538934));
#2269 = CARTESIAN_POINT('',(239.35488141397,-345.2927111006,
    110.85895053411));
#2270 = CARTESIAN_POINT('',(243.60389158591,-344.5779232496,
    111.19493485103));
#2271 = CARTESIAN_POINT('',(247.90844854027,-344.282848387,
    111.41558793158));
#2272 = CARTESIAN_POINT('',(252.2213347776,-344.3340204562,
    111.20591489957));
#2273 = CARTESIAN_POINT('',(256.41797633353,-345.3651595061,
    111.25129261459));
#2274 = CARTESIAN_POINT('',(261.49749220731,-345.5226603984,
    110.03579045499));
#2275 = CARTESIAN_POINT('',(264.82846846707,-348.9339211302,
    114.67532807237));
#2276 = CARTESIAN_POINT('',(269.29986524939,-343.06167386,
    112.17091103905));
#2277 = CARTESIAN_POINT('',(273.76120192934,-348.4384482482,
    114.24060281529));
#2278 = CARTESIAN_POINT('',(277.11561224167,-347.5296743295,
    111.68432131731));
#2279 = CARTESIAN_POINT('',(282.18739413143,-348.5809963033,
    112.67674808347));
#2280 = CARTESIAN_POINT('',(286.38362479911,-347.86438819,
    113.48125924235));
#2281 = CARTESIAN_POINT('',(290.6929217221,-347.7422007185,
    113.7676523952));
#2282 = CARTESIAN_POINT('',(294.99728518776,-346.9683154333,
    114.65765041283));
#2283 = CARTESIAN_POINT('',(299.24599549207,-345.1979252538,
    114.82340346804));
#2284 = CARTESIAN_POINT('',(303.52499017227,-343.5506018813,
    114.62681161843));
#2285 = CARTESIAN_POINT('',(307.79622056725,-341.8408058919,
    114.50746064643));
#2286 = CARTESIAN_POINT('',(312.08441986464,-340.3449405333,
    113.91835622287));
#2287 = CARTESIAN_POINT('',(316.3318452167,-338.6470846448,114.047419616
    ));
#2288 = CARTESIAN_POINT('',(320.63289091038,-337.7349370698,
    113.64336452871));
#2289 = CARTESIAN_POINT('',(324.90801010291,-336.8378282147,
    113.43460520756));
#2290 = CARTESIAN_POINT('',(329.18807309953,-336.2820362864,
    113.13875938098));
#2291 = CARTESIAN_POINT('',(333.47733801931,-335.7726345644,
    112.92843776939));
#2292 = CARTESIAN_POINT('',(337.7470456075,-336.8646593111,
    112.36563896643));
#2293 = CARTESIAN_POINT('',(342.02123400371,-335.7108460224,
    112.32731324362));
#2294 = CARTESIAN_POINT('',(346.30443528757,-336.1325336271,
    112.09854519957));
#2295 = CARTESIAN_POINT('',(350.5884217255,-336.2267457469,
    111.85263058036));
#2296 = CARTESIAN_POINT('',(354.84926238005,-336.4858499772,
    111.69647267529));
#2297 = CARTESIAN_POINT('',(359.17649042862,-336.8090452713,
    111.48525487238));
#2298 = CARTESIAN_POINT('',(363.32021844008,-336.7923186012,
    111.36126958067));
#2299 = CARTESIAN_POINT('',(368.68503275418,-338.239242059,
    110.89102883619));
#2300 = CARTESIAN_POINT('',(371.24903411287,-337.4380819573,
    111.06253494682));
#2301 = CARTESIAN_POINT('',(377.42638182418,-338.8599203274,
    110.73112441685));
#2302 = CARTESIAN_POINT('',(379.73562276372,-339.7729783207,
    110.65809718405));
#2303 = CARTESIAN_POINT('',(385.92015942773,-338.1951020466,
    110.78984107058));
#2304 = CARTESIAN_POINT('',(387.95796901408,-351.1621490272,
    109.20899197313));
#2305 = CARTESIAN_POINT('',(392.55136708921,-347.1086567325,
    109.80096033966));
#2306 = CARTESIAN_POINT('',(397.86107277384,-338.541593172,
    110.90851747424));
#2307 = CARTESIAN_POINT('',(397.6403,-348.2265819745,109.79850699389));
#2308 = CARTESIAN_POINT('',(140.9618,-351.0421476072,109.73820505867));
#2309 = CARTESIAN_POINT('',(139.3469737637,-360.4480592069,
    111.27490371639));
#2310 = CARTESIAN_POINT('',(146.55711552643,-345.4415256062,
    108.73811301438));
#2311 = CARTESIAN_POINT('',(149.83248812156,-346.2549110488,
    108.85091075687));
#2312 = CARTESIAN_POINT('',(152.63844988999,-351.9046727824,
    109.57031005175));
#2313 = CARTESIAN_POINT('',(159.61432189493,-348.8858988297,
    108.80385846591));
#2314 = CARTESIAN_POINT('',(161.57498576671,-358.3565002513,
    110.43318778015));
#2315 = CARTESIAN_POINT('',(166.85069272796,-349.6898320967,
    108.83171672706));
#2316 = CARTESIAN_POINT('',(170.05924171584,-350.4813429533,
    109.06978698858));
#2317 = CARTESIAN_POINT('',(175.2605606702,-349.9283279574,
    108.94963765542));
#2318 = CARTESIAN_POINT('',(179.44145366882,-350.0043799397,
    109.04013793252));
#2319 = CARTESIAN_POINT('',(183.74546905009,-350.0234304098,
    109.09514626377));
#2320 = CARTESIAN_POINT('',(188.02212458981,-349.8123060691,
    109.11162765855));
#2321 = CARTESIAN_POINT('',(192.29363155905,-350.0720349475,
    109.21511129994));
#2322 = CARTESIAN_POINT('',(196.58004983101,-350.1476433665,
    109.30344365046));
#2323 = CARTESIAN_POINT('',(200.85501156117,-349.7039658444,
    109.27389137448));
#2324 = CARTESIAN_POINT('',(205.12596544359,-350.1577290382,
    109.46629847263));
#2325 = CARTESIAN_POINT('',(209.41439322258,-349.9979712285,
    109.50086290634));
#2326 = CARTESIAN_POINT('',(213.69322367635,-349.9047500967,
    109.56857854798));
#2327 = CARTESIAN_POINT('',(217.96934112329,-349.4455917097,
    109.81159563748));
#2328 = CARTESIAN_POINT('',(222.26952895422,-349.386248119,
    110.01837190869));
#2329 = CARTESIAN_POINT('',(226.5166643478,-348.392822296,
    110.37718113569));
#2330 = CARTESIAN_POINT('',(230.80856684708,-347.8838540515,
    110.71527273241));
#2331 = CARTESIAN_POINT('',(235.07622110161,-346.8965563847,
    110.99079717171));
#2332 = CARTESIAN_POINT('',(239.35488141397,-346.1246166207,
    111.33604974275));
#2333 = CARTESIAN_POINT('',(243.60389158591,-345.3375212146,
    111.63231030164));
#2334 = CARTESIAN_POINT('',(247.90844854027,-345.0014039356,
    111.75675709592));
#2335 = CARTESIAN_POINT('',(252.2213347776,-344.999556805,
    111.48604328029));
#2336 = CARTESIAN_POINT('',(256.41797633353,-345.906464323,
    111.55399708239));
#2337 = CARTESIAN_POINT('',(261.49749220731,-346.1696627342,
    110.15691553093));
#2338 = CARTESIAN_POINT('',(264.82846846707,-348.729643801,
    115.67057088354));
#2339 = CARTESIAN_POINT('',(269.29986524939,-343.167210843,
    112.67140814672));
#2340 = CARTESIAN_POINT('',(273.76120192934,-348.2137801655,
    115.29649693589));
#2341 = CARTESIAN_POINT('',(277.11561224167,-348.263113366,
    111.56798440683));
#2342 = CARTESIAN_POINT('',(282.18739413143,-349.1476162142,
    112.71465520528));
#2343 = CARTESIAN_POINT('',(286.38362479911,-348.6482846193,
    113.68933491057));
#2344 = CARTESIAN_POINT('',(290.6929217221,-347.9143828546,
    114.58020816002));
#2345 = CARTESIAN_POINT('',(294.99728518776,-347.4671779198,
    115.26052214446));
#2346 = CARTESIAN_POINT('',(299.24599549207,-345.970472476,
    115.22399765377));
#2347 = CARTESIAN_POINT('',(303.52499017227,-344.4457285693,
    114.85517830792));
#2348 = CARTESIAN_POINT('',(307.79622056725,-342.9297113261,
    114.49196467411));
#2349 = CARTESIAN_POINT('',(312.08441986464,-341.3198529182,
    114.12672038084));
#2350 = CARTESIAN_POINT('',(316.3318452167,-339.9265222862,
    113.73853218954));
#2351 = CARTESIAN_POINT('',(320.63289091038,-339.0006723287,
    113.31165116441));
#2352 = CARTESIAN_POINT('',(324.90801010291,-338.1682239553,
    113.06513376602));
#2353 = CARTESIAN_POINT('',(329.18807309953,-337.6356489153,
    112.74513102753));
#2354 = CARTESIAN_POINT('',(333.47733801931,-337.152484073,
    112.57332695371));
#2355 = CARTESIAN_POINT('',(337.7470456075,-338.217993538,
    112.01638468298));
#2356 = CARTESIAN_POINT('',(342.02123400371,-337.045730263,
    112.14353356231));
#2357 = CARTESIAN_POINT('',(346.30443528757,-337.5121659615,
    111.77548604121));
#2358 = CARTESIAN_POINT('',(350.5884217255,-337.5835346816,
    111.58982050544));
#2359 = CARTESIAN_POINT('',(354.84926238005,-337.7838531647,
    111.44077397697));
#2360 = CARTESIAN_POINT('',(359.17649042862,-338.1309986619,
    111.22718842975));
#2361 = CARTESIAN_POINT('',(363.32021844008,-338.0028097555,
    111.11085636593));
#2362 = CARTESIAN_POINT('',(368.68503275418,-339.4908217583,
    110.6827448473));
#2363 = CARTESIAN_POINT('',(371.24903411287,-338.3239037434,
    110.89220905144));
#2364 = CARTESIAN_POINT('',(377.42638182418,-339.152047689,
    110.68908135938));
#2365 = CARTESIAN_POINT('',(379.73562276372,-341.0750014077,
    110.42953263832));
#2366 = CARTESIAN_POINT('',(385.92015942773,-338.6316091122,
    110.81300599887));
#2367 = CARTESIAN_POINT('',(387.95796901408,-351.105450546,
    108.8340184258));
#2368 = CARTESIAN_POINT('',(392.55136708921,-347.7723982746,
    109.64901049917));
#2369 = CARTESIAN_POINT('',(397.86107277384,-338.9743918698,
    111.25798181698));
#2370 = CARTESIAN_POINT('',(397.6403,-348.4026928906,109.77684168384));
#2371 = DEFINITIONAL_REPRESENTATION('',(#2372),#2376);
#2372 = LINE('',#2373,#2374);
#2373 = CARTESIAN_POINT('',(8.,0.));
#2374 = VECTOR('',#2375,1.);
#2375 = DIRECTION('',(0.,1.));
#2376 = ( GEOMETRIC_REPRESENTATION_CONTEXT(2) 
PARAMETRIC_REPRESENTATION_CONTEXT() REPRESENTATION_CONTEXT('2D SPACE',''
  ) );
#2377 = ORIENTED_EDGE('',*,*,#2378,.F.);
#2378 = EDGE_CURVE('',#1915,#2169,#2379,.T.);
#2379 = SURFACE_CURVE('',#2380,(#2383,#2390),.PCURVE_S1.);
#2380 = B_SPLINE_CURVE_WITH_KNOTS('',1,(#2381,#2382),.UNSPECIFIED.,.F.,
  .F.,(2,2),(7.,8.),.PIECEWISE_BEZIER_KNOTS.);
#2381 = CARTESIAN_POINT('',(397.6403,-348.4028322586,109.77797573422));
#2382 = CARTESIAN_POINT('',(397.6403,-348.2265819745,109.79850699389));
#2383 = PCURVE('',#1990,#2384);
#2384 = DEFINITIONAL_REPRESENTATION('',(#2385),#2389);
#2385 = LINE('',#2386,#2387);
#2386 = CARTESIAN_POINT('',(0.,1.));
#2387 = VECTOR('',#2388,1.);
#2388 = DIRECTION('',(1.,0.));
#2389 = ( GEOMETRIC_REPRESENTATION_CONTEXT(2) 
PARAMETRIC_REPRESENTATION_CONTEXT() REPRESENTATION_CONTEXT('2D SPACE',''
  ) );
#2390 = PCURVE('',#401,#2391);
#2391 = DEFINITIONAL_REPRESENTATION('',(#2392),#2395);
#2392 = B_SPLINE_CURVE_WITH_KNOTS('',1,(#2393,#2394),.UNSPECIFIED.,.F.,
  .F.,(2,2),(7.,8.),.PIECEWISE_BEZIER_KNOTS.);
#2393 = CARTESIAN_POINT('',(-1.242094629246,4.588830137209E-06));
#2394 = CARTESIAN_POINT('',(-1.419536719138,5.244377291547E-06));
#2395 = ( GEOMETRIC_REPRESENTATION_CONTEXT(2) 
PARAMETRIC_REPRESENTATION_CONTEXT() REPRESENTATION_CONTEXT('2D SPACE',''
  ) );
#2396 = ORIENTED_EDGE('',*,*,#1914,.F.);
#2397 = ADVANCED_FACE('',(#2398),#2244,.T.);
#2398 = FACE_BOUND('',#2399,.T.);
#2399 = EDGE_LOOP('',(#2400,#2421,#2631,#2650));
#2400 = ORIENTED_EDGE('',*,*,#2401,.T.);
#2401 = EDGE_CURVE('',#2148,#2402,#2404,.T.);
#2402 = VERTEX_POINT('',#2403);
#2403 = CARTESIAN_POINT('',(140.9618,-351.0421476072,109.73820505867));
#2404 = SURFACE_CURVE('',#2405,(#2408,#2415),.PCURVE_S1.);
#2405 = B_SPLINE_CURVE_WITH_KNOTS('',1,(#2406,#2407),.UNSPECIFIED.,.F.,
  .F.,(2,2),(8.,9.),.PIECEWISE_BEZIER_KNOTS.);
#2406 = CARTESIAN_POINT('',(140.9618,-350.8220074471,109.71059239323));
#2407 = CARTESIAN_POINT('',(140.9618,-351.0421476072,109.73820505867));
#2408 = PCURVE('',#2244,#2409);
#2409 = DEFINITIONAL_REPRESENTATION('',(#2410),#2414);
#2410 = LINE('',#2411,#2412);
#2411 = CARTESIAN_POINT('',(0.,0.));
#2412 = VECTOR('',#2413,1.);
#2413 = DIRECTION('',(1.,0.));
#2414 = ( GEOMETRIC_REPRESENTATION_CONTEXT(2) 
PARAMETRIC_REPRESENTATION_CONTEXT() REPRESENTATION_CONTEXT('2D SPACE',''
  ) );
#2415 = PCURVE('',#165,#2416);
#2416 = DEFINITIONAL_REPRESENTATION('',(#2417),#2420);
#2417 = B_SPLINE_CURVE_WITH_KNOTS('',1,(#2418,#2419),.UNSPECIFIED.,.F.,
  .F.,(2,2),(8.,9.),.PIECEWISE_BEZIER_KNOTS.);
#2418 = CARTESIAN_POINT('',(1.774921283475,-6.970121546601E-08));
#2419 = CARTESIAN_POINT('',(1.996786443909,-7.841387628105E-08));
#2420 = ( GEOMETRIC_REPRESENTATION_CONTEXT(2) 
PARAMETRIC_REPRESENTATION_CONTEXT() REPRESENTATION_CONTEXT('2D SPACE',''
  ) );
#2421 = ORIENTED_EDGE('',*,*,#2422,.T.);
#2422 = EDGE_CURVE('',#2402,#2423,#2425,.T.);
#2423 = VERTEX_POINT('',#2424);
#2424 = CARTESIAN_POINT('',(397.6403,-348.4026928906,109.77684168384));
#2425 = SURFACE_CURVE('',#2426,(#2490,#2497),.PCURVE_S1.);
#2426 = ( BOUNDED_CURVE() B_SPLINE_CURVE(3,(#2427,#2428,#2429,#2430,
    #2431,#2432,#2433,#2434,#2435,#2436,#2437,#2438,#2439,#2440,#2441,
    #2442,#2443,#2444,#2445,#2446,#2447,#2448,#2449,#2450,#2451,#2452,
    #2453,#2454,#2455,#2456,#2457,#2458,#2459,#2460,#2461,#2462,#2463,
    #2464,#2465,#2466,#2467,#2468,#2469,#2470,#2471,#2472,#2473,#2474,
    #2475,#2476,#2477,#2478,#2479,#2480,#2481,#2482,#2483,#2484,#2485,
    #2486,#2487,#2488,#2489),.UNSPECIFIED.,.F.,.F.) 
B_SPLINE_CURVE_WITH_KNOTS((4,1,1,1,1,1,1,1,1,1,1,1,1,1,1,1,1,1,1,1,1,1,1
    ,1,1,1,1,1,1,1,1,1,1,1,1,1,1,1,1,1,1,1,1,1,1,1,1,1,1,1,1,1,1,1,1,1,1
    ,1,1,1,4),(0.,1.732138582393E-02,3.476147556169E-02,
    5.682134329819E-02,7.1962296323E-02,9.668171057498E-02,
    0.117312720082,0.137726814038,0.152748180615,0.167749813045,
    0.182740680817,0.197724569486,0.212727858992,0.227712266626,
    0.242722186927,0.257740578549,0.272730613132,0.287749851447,
    0.302807253127,0.317909897629,0.333164876512,0.348417208457,
    0.363717555355,0.379021830365,0.39430254102,0.409403510223,
    0.424503833082,0.439703221214,0.455034147268,0.475266642259,
    0.494822408855,0.514358099005,0.53448350075,0.549791243926,
    0.564993335593,0.580114457875,0.595233122966,0.610524778841,
    0.625831283594,0.641129798524,0.656395058325,0.671658347301,
    0.686764177688,0.701824559728,0.716841998439,0.731832580826,
    0.74685884212,0.761877146393,0.776861271766,0.791847146503,
    0.806852809101,0.821843806167,0.836903306197,0.851969913481,
    0.873073700462,0.890743423327,0.916073608219,0.937085032849,
0.966089436802,0.983488965917,1.),.UNSPECIFIED.) CURVE() 
GEOMETRIC_REPRESENTATION_ITEM() RATIONAL_B_SPLINE_CURVE((1.,
    0.99999999999,1.000000000005,0.999999999998,1.,1.,1.,1.,1.,1.,1.,1.,
    1.,1.,1.,1.,1.,1.,1.,1.,1.,1.,1.,1.,1.,1.,1.,1.,1.,1.,1.,1.,1.,1.,1.
    ,1.,1.,1.,1.,1.,1.,1.,1.,1.,1.,1.,1.,1.,1.,1.,1.,1.,1.,1.,1.,1.,1.,
    1.,1.,0.999999999999,1.000000000002,0.999999999996,1.)) 
REPRESENTATION_ITEM('') );
#2427 = CARTESIAN_POINT('',(140.9618,-351.0421476072,109.73820505867));
#2428 = CARTESIAN_POINT('',(139.3469737637,-360.4480592069,
    111.27490371639));
#2429 = CARTESIAN_POINT('',(146.55711552643,-345.4415256062,
    108.73811301438));
#2430 = CARTESIAN_POINT('',(149.83248812156,-346.2549110488,
    108.85091075687));
#2431 = CARTESIAN_POINT('',(152.63844988999,-351.9046727824,
    109.57031005175));
#2432 = CARTESIAN_POINT('',(159.61432189493,-348.8858988297,
    108.80385846591));
#2433 = CARTESIAN_POINT('',(161.57498576671,-358.3565002513,
    110.43318778015));
#2434 = CARTESIAN_POINT('',(166.85069272796,-349.6898320967,
    108.83171672706));
#2435 = CARTESIAN_POINT('',(170.05924171584,-350.4813429533,
    109.06978698858));
#2436 = CARTESIAN_POINT('',(175.2605606702,-349.9283279574,
    108.94963765542));
#2437 = CARTESIAN_POINT('',(179.44145366882,-350.0043799397,
    109.04013793252));
#2438 = CARTESIAN_POINT('',(183.74546905009,-350.0234304098,
    109.09514626377));
#2439 = CARTESIAN_POINT('',(188.02212458981,-349.8123060691,
    109.11162765855));
#2440 = CARTESIAN_POINT('',(192.29363155905,-350.0720349475,
    109.21511129994));
#2441 = CARTESIAN_POINT('',(196.58004983101,-350.1476433665,
    109.30344365046));
#2442 = CARTESIAN_POINT('',(200.85501156117,-349.7039658444,
    109.27389137448));
#2443 = CARTESIAN_POINT('',(205.12596544359,-350.1577290382,
    109.46629847263));
#2444 = CARTESIAN_POINT('',(209.41439322258,-349.9979712285,
    109.50086290634));
#2445 = CARTESIAN_POINT('',(213.69322367635,-349.9047500967,
    109.56857854798));
#2446 = CARTESIAN_POINT('',(217.96934112329,-349.4455917097,
    109.81159563748));
#2447 = CARTESIAN_POINT('',(222.26952895422,-349.386248119,
    110.01837190869));
#2448 = CARTESIAN_POINT('',(226.5166643478,-348.392822296,
    110.37718113569));
#2449 = CARTESIAN_POINT('',(230.80856684708,-347.8838540515,
    110.71527273241));
#2450 = CARTESIAN_POINT('',(235.07622110161,-346.8965563847,
    110.99079717171));
#2451 = CARTESIAN_POINT('',(239.35488141397,-346.1246166207,
    111.33604974275));
#2452 = CARTESIAN_POINT('',(243.60389158591,-345.3375212146,
    111.63231030164));
#2453 = CARTESIAN_POINT('',(247.90844854027,-345.0014039356,
    111.75675709592));
#2454 = CARTESIAN_POINT('',(252.2213347776,-344.999556805,
    111.48604328029));
#2455 = CARTESIAN_POINT('',(256.41797633353,-345.906464323,
    111.55399708239));
#2456 = CARTESIAN_POINT('',(261.49749220731,-346.1696627342,
    110.15691553093));
#2457 = CARTESIAN_POINT('',(264.82846846707,-348.729643801,
    115.67057088354));
#2458 = CARTESIAN_POINT('',(269.29986524939,-343.167210843,
    112.67140814672));
#2459 = CARTESIAN_POINT('',(273.76120192934,-348.2137801655,
    115.29649693589));
#2460 = CARTESIAN_POINT('',(277.11561224167,-348.263113366,
    111.56798440683));
#2461 = CARTESIAN_POINT('',(282.18739413143,-349.1476162142,
    112.71465520528));
#2462 = CARTESIAN_POINT('',(286.38362479911,-348.6482846193,
    113.68933491057));
#2463 = CARTESIAN_POINT('',(290.6929217221,-347.9143828546,
    114.58020816002));
#2464 = CARTESIAN_POINT('',(294.99728518776,-347.4671779198,
    115.26052214446));
#2465 = CARTESIAN_POINT('',(299.24599549207,-345.970472476,
    115.22399765377));
#2466 = CARTESIAN_POINT('',(303.52499017227,-344.4457285693,
    114.85517830792));
#2467 = CARTESIAN_POINT('',(307.79622056725,-342.9297113261,
    114.49196467411));
#2468 = CARTESIAN_POINT('',(312.08441986464,-341.3198529182,
    114.12672038084));
#2469 = CARTESIAN_POINT('',(316.3318452167,-339.9265222862,
    113.73853218954));
#2470 = CARTESIAN_POINT('',(320.63289091038,-339.0006723287,
    113.31165116441));
#2471 = CARTESIAN_POINT('',(324.90801010291,-338.1682239553,
    113.06513376602));
#2472 = CARTESIAN_POINT('',(329.18807309953,-337.6356489153,
    112.74513102753));
#2473 = CARTESIAN_POINT('',(333.47733801931,-337.152484073,
    112.57332695371));
#2474 = CARTESIAN_POINT('',(337.7470456075,-338.217993538,
    112.01638468298));
#2475 = CARTESIAN_POINT('',(342.02123400371,-337.045730263,
    112.14353356231));
#2476 = CARTESIAN_POINT('',(346.30443528757,-337.5121659615,
    111.77548604121));
#2477 = CARTESIAN_POINT('',(350.5884217255,-337.5835346816,
    111.58982050544));
#2478 = CARTESIAN_POINT('',(354.84926238005,-337.7838531647,
    111.44077397697));
#2479 = CARTESIAN_POINT('',(359.17649042862,-338.1309986619,
    111.22718842975));
#2480 = CARTESIAN_POINT('',(363.32021844008,-338.0028097555,
    111.11085636593));
#2481 = CARTESIAN_POINT('',(368.68503275418,-339.4908217583,
    110.6827448473));
#2482 = CARTESIAN_POINT('',(371.24903411287,-338.3239037434,
    110.89220905144));
#2483 = CARTESIAN_POINT('',(377.42638182418,-339.152047689,
    110.68908135938));
#2484 = CARTESIAN_POINT('',(379.73562276372,-341.0750014077,
    110.42953263832));
#2485 = CARTESIAN_POINT('',(385.92015942773,-338.6316091122,
    110.81300599887));
#2486 = CARTESIAN_POINT('',(387.95796901408,-351.105450546,
    108.8340184258));
#2487 = CARTESIAN_POINT('',(392.55136708921,-347.7723982746,
    109.64901049917));
#2488 = CARTESIAN_POINT('',(397.86107277384,-338.9743918698,
    111.25798181698));
#2489 = CARTESIAN_POINT('',(397.6403,-348.4026928906,109.77684168384));
#2490 = PCURVE('',#2244,#2491);
#2491 = DEFINITIONAL_REPRESENTATION('',(#2492),#2496);
#2492 = LINE('',#2493,#2494);
#2493 = CARTESIAN_POINT('',(9.,0.));
#2494 = VECTOR('',#2495,1.);
#2495 = DIRECTION('',(0.,1.));
#2496 = ( GEOMETRIC_REPRESENTATION_CONTEXT(2) 
PARAMETRIC_REPRESENTATION_CONTEXT() REPRESENTATION_CONTEXT('2D SPACE',''
  ) );
#2497 = PCURVE('',#2498,#2625);
#2498 = ( BOUNDED_SURFACE() B_SPLINE_SURFACE(1,3,(
    (#2499,#2500,#2501,#2502,#2503,#2504,#2505,#2506,#2507,#2508,#2509
      ,#2510,#2511,#2512,#2513,#2514,#2515,#2516,#2517,#2518,#2519,#2520
      ,#2521,#2522,#2523,#2524,#2525,#2526,#2527,#2528,#2529,#2530,#2531
      ,#2532,#2533,#2534,#2535,#2536,#2537,#2538,#2539,#2540,#2541,#2542
      ,#2543,#2544,#2545,#2546,#2547,#2548,#2549,#2550,#2551,#2552,#2553
      ,#2554,#2555,#2556,#2557,#2558,#2559,#2560,#2561)
    ,(#2562,#2563,#2564,#2565,#2566,#2567,#2568,#2569,#2570,#2571,#2572
      ,#2573,#2574,#2575,#2576,#2577,#2578,#2579,#2580,#2581,#2582,#2583
      ,#2584,#2585,#2586,#2587,#2588,#2589,#2590,#2591,#2592,#2593,#2594
      ,#2595,#2596,#2597,#2598,#2599,#2600,#2601,#2602,#2603,#2604,#2605
      ,#2606,#2607,#2608,#2609,#2610,#2611,#2612,#2613,#2614,#2615,#2616
      ,#2617,#2618,#2619,#2620,#2621,#2622,#2623,#2624
)),.UNSPECIFIED.,.F.,.F.,.F.) B_SPLINE_SURFACE_WITH_KNOTS((2,2),(4,1,1,1
    ,1,1,1,1,1,1,1,1,1,1,1,1,1,1,1,1,1,1,1,1,1,1,1,1,1,1,1,1,1,1,1,1,1,1
    ,1,1,1,1,1,1,1,1,1,1,1,1,1,1,1,1,1,1,1,1,1,1,4),(9.,10.),(0.,
    1.732138582393E-02,3.476147556169E-02,5.682134329819E-02,
    7.1962296323E-02,9.668171057498E-02,0.117312720082,0.137726814038,
    0.152748180615,0.167749813045,0.182740680817,0.197724569486,
    0.212727858992,0.227712266626,0.242722186927,0.257740578549,
    0.272730613132,0.287749851447,0.302807253127,0.317909897629,
    0.333164876512,0.348417208457,0.363717555355,0.379021830365,
    0.39430254102,0.409403510223,0.424503833082,0.439703221214,
    0.455034147268,0.475266642259,0.494822408855,0.514358099005,
    0.53448350075,0.549791243926,0.564993335593,0.580114457875,
    0.595233122966,0.610524778841,0.625831283594,0.641129798524,
    0.656395058325,0.671658347301,0.686764177688,0.701824559728,
    0.716841998439,0.731832580826,0.74685884212,0.761877146393,
    0.776861271766,0.791847146503,0.806852809101,0.821843806167,
    0.836903306197,0.851969913481,0.873073700462,0.890743423327,
    0.916073608219,0.937085032849,0.966089436802,0.983488965917,1.),
.UNSPECIFIED.) GEOMETRIC_REPRESENTATION_ITEM() RATIONAL_B_SPLINE_SURFACE
((
    (1.,0.99999999999,1.000000000005,0.999999999998,1.,1.,1.,1.,1.,1.,1.
      ,1.,1.,1.,1.,1.,1.,1.,1.,1.,1.,1.,1.,1.,1.,1.,1.,1.,1.,1.,1.,1.,1.
      ,1.,1.,1.,1.,1.,1.,1.,1.,1.,1.,1.,1.,1.,1.,1.,1.,1.,1.,1.,1.,1.,1.
      ,1.,1.,1.,1.,0.999999999999,1.000000000002,0.999999999996,1.)
    ,(1.,0.99999999999,1.000000000005,0.999999999998,1.,1.,1.,1.,1.,1.
      ,1.,1.,1.,1.,1.,1.,1.,1.,1.,1.,1.,1.,1.,1.,1.,1.,1.,1.,1.,1.,1.,1.
      ,1.,1.,1.,1.,1.,1.,1.,1.,1.,1.,1.,1.,1.,1.,1.,1.,1.,1.,1.,1.,1.,1.
      ,1.,1.,1.,1.,1.,0.999999999999,1.000000000002,0.999999999996,1.
))) REPRESENTATION_ITEM('') SURFACE() );
#2499 = CARTESIAN_POINT('',(140.9618,-351.0421476072,109.73820505867));
#2500 = CARTESIAN_POINT('',(139.3469737637,-360.4480592069,
    111.27490371639));
#2501 = CARTESIAN_POINT('',(146.55711552643,-345.4415256062,
    108.73811301438));
#2502 = CARTESIAN_POINT('',(149.83248812156,-346.2549110488,
    108.85091075687));
#2503 = CARTESIAN_POINT('',(152.63844988999,-351.9046727824,
    109.57031005175));
#2504 = CARTESIAN_POINT('',(159.61432189493,-348.8858988297,
    108.80385846591));
#2505 = CARTESIAN_POINT('',(161.57498576671,-358.3565002513,
    110.43318778015));
#2506 = CARTESIAN_POINT('',(166.85069272796,-349.6898320967,
    108.83171672706));
#2507 = CARTESIAN_POINT('',(170.05924171584,-350.4813429533,
    109.06978698858));
#2508 = CARTESIAN_POINT('',(175.2605606702,-349.9283279574,
    108.94963765542));
#2509 = CARTESIAN_POINT('',(179.44145366882,-350.0043799397,
    109.04013793252));
#2510 = CARTESIAN_POINT('',(183.74546905009,-350.0234304098,
    109.09514626377));
#2511 = CARTESIAN_POINT('',(188.02212458981,-349.8123060691,
    109.11162765855));
#2512 = CARTESIAN_POINT('',(192.29363155905,-350.0720349475,
    109.21511129994));
#2513 = CARTESIAN_POINT('',(196.58004983101,-350.1476433665,
    109.30344365046));
#2514 = CARTESIAN_POINT('',(200.85501156117,-349.7039658444,
    109.27389137448));
#2515 = CARTESIAN_POINT('',(205.12596544359,-350.1577290382,
    109.46629847263));
#2516 = CARTESIAN_POINT('',(209.41439322258,-349.9979712285,
    109.50086290634));
#2517 = CARTESIAN_POINT('',(213.69322367635,-349.9047500967,
    109.56857854798));
#2518 = CARTESIAN_POINT('',(217.96934112329,-349.4455917097,
    109.81159563748));
#2519 = CARTESIAN_POINT('',(222.26952895422,-349.386248119,
    110.01837190869));
#2520 = CARTESIAN_POINT('',(226.5166643478,-348.392822296,
    110.37718113569));
#2521 = CARTESIAN_POINT('',(230.80856684708,-347.8838540515,
    110.71527273241));
#2522 = CARTESIAN_POINT('',(235.07622110161,-346.8965563847,
    110.99079717171));
#2523 = CARTESIAN_POINT('',(239.35488141397,-346.1246166207,
    111.33604974275));
#2524 = CARTESIAN_POINT('',(243.60389158591,-345.3375212146,
    111.63231030164));
#2525 = CARTESIAN_POINT('',(247.90844854027,-345.0014039356,
    111.75675709592));
#2526 = CARTESIAN_POINT('',(252.2213347776,-344.999556805,
    111.48604328029));
#2527 = CARTESIAN_POINT('',(256.41797633353,-345.906464323,
    111.55399708239));
#2528 = CARTESIAN_POINT('',(261.49749220731,-346.1696627342,
    110.15691553093));
#2529 = CARTESIAN_POINT('',(264.82846846707,-348.729643801,
    115.67057088354));
#2530 = CARTESIAN_POINT('',(269.29986524939,-343.167210843,
    112.67140814672));
#2531 = CARTESIAN_POINT('',(273.76120192934,-348.2137801655,
    115.29649693589));
#2532 = CARTESIAN_POINT('',(277.11561224167,-348.263113366,
    111.56798440683));
#2533 = CARTESIAN_POINT('',(282.18739413143,-349.1476162142,
    112.71465520528));
#2534 = CARTESIAN_POINT('',(286.38362479911,-348.6482846193,
    113.68933491057));
#2535 = CARTESIAN_POINT('',(290.6929217221,-347.9143828546,
    114.58020816002));
#2536 = CARTESIAN_POINT('',(294.99728518776,-347.4671779198,
    115.26052214446));
#2537 = CARTESIAN_POINT('',(299.24599549207,-345.970472476,
    115.22399765377));
#2538 = CARTESIAN_POINT('',(303.52499017227,-344.4457285693,
    114.85517830792));
#2539 = CARTESIAN_POINT('',(307.79622056725,-342.9297113261,
    114.49196467411));
#2540 = CARTESIAN_POINT('',(312.08441986464,-341.3198529182,
    114.12672038084));
#2541 = CARTESIAN_POINT('',(316.3318452167,-339.9265222862,
    113.73853218954));
#2542 = CARTESIAN_POINT('',(320.63289091038,-339.0006723287,
    113.31165116441));
#2543 = CARTESIAN_POINT('',(324.90801010291,-338.1682239553,
    113.06513376602));
#2544 = CARTESIAN_POINT('',(329.18807309953,-337.6356489153,
    112.74513102753));
#2545 = CARTESIAN_POINT('',(333.47733801931,-337.152484073,
    112.57332695371));
#2546 = CARTESIAN_POINT('',(337.7470456075,-338.217993538,
    112.01638468298));
#2547 = CARTESIAN_POINT('',(342.02123400371,-337.045730263,
    112.14353356231));
#2548 = CARTESIAN_POINT('',(346.30443528757,-337.5121659615,
    111.77548604121));
#2549 = CARTESIAN_POINT('',(350.5884217255,-337.5835346816,
    111.58982050544));
#2550 = CARTESIAN_POINT('',(354.84926238005,-337.7838531647,
    111.44077397697));
#2551 = CARTESIAN_POINT('',(359.17649042862,-338.1309986619,
    111.22718842975));
#2552 = CARTESIAN_POINT('',(363.32021844008,-338.0028097555,
    111.11085636593));
#2553 = CARTESIAN_POINT('',(368.68503275418,-339.4908217583,
    110.6827448473));
#2554 = CARTESIAN_POINT('',(371.24903411287,-338.3239037434,
    110.89220905144));
#2555 = CARTESIAN_POINT('',(377.42638182418,-339.152047689,
    110.68908135938));
#2556 = CARTESIAN_POINT('',(379.73562276372,-341.0750014077,
    110.42953263832));
#2557 = CARTESIAN_POINT('',(385.92015942773,-338.6316091122,
    110.81300599887));
#2558 = CARTESIAN_POINT('',(387.95796901408,-351.105450546,
    108.8340184258));
#2559 = CARTESIAN_POINT('',(392.55136708921,-347.7723982746,
    109.64901049917));
#2560 = CARTESIAN_POINT('',(397.86107277384,-338.9743918698,
    111.25798181698));
#2561 = CARTESIAN_POINT('',(397.6403,-348.4026928906,109.77684168384));
#2562 = CARTESIAN_POINT('',(140.9618,-351.2622877674,109.76581772411));
#2563 = CARTESIAN_POINT('',(139.3469737637,-361.2237243868,
    111.34054610942));
#2564 = CARTESIAN_POINT('',(146.55711552643,-345.8919068976,
    108.80362213905));
#2565 = CARTESIAN_POINT('',(149.83248812156,-346.5546005879,
    108.8955427069));
#2566 = CARTESIAN_POINT('',(152.63844988999,-352.8279062704,
    109.69665446954));
#2567 = CARTESIAN_POINT('',(159.61432189493,-349.9977963904,
    108.98417116942));
#2568 = CARTESIAN_POINT('',(161.57498576671,-358.7058276227,
    110.48304867947));
#2569 = CARTESIAN_POINT('',(166.85069272796,-350.1136243075,
    108.90869176701));
#2570 = CARTESIAN_POINT('',(170.05924171584,-351.8484684144,
    109.29071493753));
#2571 = CARTESIAN_POINT('',(175.2605606702,-351.1596558311,
    109.1640566047));
#2572 = CARTESIAN_POINT('',(179.44145366882,-351.3124942634,
    109.30333395927));
#2573 = CARTESIAN_POINT('',(183.74546905009,-351.3554336784,
    109.35252766895));
#2574 = CARTESIAN_POINT('',(188.02212458981,-351.1438626021,
    109.37726334208));
#2575 = CARTESIAN_POINT('',(192.29363155905,-351.4495308104,
    109.47050493783));
#2576 = CARTESIAN_POINT('',(196.58004983101,-351.5351361489,
    109.62554126134));
#2577 = CARTESIAN_POINT('',(200.85501156117,-351.0315147739,
    109.57511918307));
#2578 = CARTESIAN_POINT('',(205.12596544359,-351.5498655736,
    109.79995229817));
#2579 = CARTESIAN_POINT('',(209.41439322258,-351.350261777,
    109.86961065595));
#2580 = CARTESIAN_POINT('',(213.69322367635,-351.2210675113,
    109.96833150959));
#2581 = CARTESIAN_POINT('',(217.96934112329,-350.71031187,
    110.19395206195));
#2582 = CARTESIAN_POINT('',(222.26952895422,-350.5657975403,
    110.46177477169));
#2583 = CARTESIAN_POINT('',(226.5166643478,-349.4949032314,
    110.81538336524));
#2584 = CARTESIAN_POINT('',(230.80856684708,-348.9042955025,
    111.15867263772));
#2585 = CARTESIAN_POINT('',(235.07622110161,-347.8187684674,
    111.4668258995));
#2586 = CARTESIAN_POINT('',(239.35488141397,-346.932453741,
    111.85894603857));
#2587 = CARTESIAN_POINT('',(243.60389158591,-346.0848827226,
    112.08892398539));
#2588 = CARTESIAN_POINT('',(247.90844854027,-345.679392074,
    112.17772868959));
#2589 = CARTESIAN_POINT('',(252.2213347776,-345.6535126141,
    111.79076052513));
#2590 = CARTESIAN_POINT('',(256.41797633353,-346.4574480983,
    111.8357200456));
#2591 = CARTESIAN_POINT('',(261.49749220731,-346.8185175918,
    110.27223770951));
#2592 = CARTESIAN_POINT('',(264.82846846707,-348.5261583862,
    116.66868054941));
#2593 = CARTESIAN_POINT('',(269.29986524939,-343.2722210453,
    113.16696473409));
#2594 = CARTESIAN_POINT('',(273.76120192934,-347.9904603423,
    116.36957869002));
#2595 = CARTESIAN_POINT('',(277.11561224167,-348.992045972,
    111.39245091661));
#2596 = CARTESIAN_POINT('',(282.18739413143,-349.7445220255,
    112.76449162165));
#2597 = CARTESIAN_POINT('',(286.38362479911,-349.3789164869,
    113.64160628641));
#2598 = CARTESIAN_POINT('',(290.6929217221,-348.6928431605,
    114.66586372077));
#2599 = CARTESIAN_POINT('',(294.99728518776,-348.3245752733,
    115.14220776347));
#2600 = CARTESIAN_POINT('',(299.24599549207,-346.8936181348,
    114.9574315146));
#2601 = CARTESIAN_POINT('',(303.52499017227,-345.4338248262,
    114.54491815837));
#2602 = CARTESIAN_POINT('',(307.79622056725,-343.9888458709,
    114.16934004561));
#2603 = CARTESIAN_POINT('',(312.08441986464,-342.4545739878,
    113.78318119725));
#2604 = CARTESIAN_POINT('',(316.3318452167,-341.1234152661,
    113.34742527472));
#2605 = CARTESIAN_POINT('',(320.63289091038,-340.2679977106,
    112.92114579864));
#2606 = CARTESIAN_POINT('',(324.90801010291,-339.4894495091,
    112.67204838965));
#2607 = CARTESIAN_POINT('',(329.18807309953,-338.9949436599,
    112.37688376479));
#2608 = CARTESIAN_POINT('',(333.47733801931,-338.5386235553,
    112.20886000528));
#2609 = CARTESIAN_POINT('',(337.7470456075,-339.5561186053,
    111.70573798378));
#2610 = CARTESIAN_POINT('',(342.02123400371,-338.4321834273,
    111.80294868214));
#2611 = CARTESIAN_POINT('',(346.30443528757,-338.8874847894,
    111.53177461654));
#2612 = CARTESIAN_POINT('',(350.5884217255,-338.9397197382,
    111.29191561433));
#2613 = CARTESIAN_POINT('',(354.84926238005,-339.0841263022,
    111.18351761591));
#2614 = CARTESIAN_POINT('',(359.17649042862,-339.4513305171,
    110.97577721807));
#2615 = CARTESIAN_POINT('',(363.32021844008,-339.2263644094,
    110.86873625577));
#2616 = CARTESIAN_POINT('',(368.68503275418,-340.7364801207,
    110.46783239131));
#2617 = CARTESIAN_POINT('',(371.24903411287,-339.2155901649,
    110.74210014804));
#2618 = CARTESIAN_POINT('',(377.42638182418,-339.4398202127,
    110.64666606223));
#2619 = CARTESIAN_POINT('',(379.73562276372,-342.4030127799,
    110.24039531018));
#2620 = CARTESIAN_POINT('',(385.92015942773,-338.9772527251,
    110.69327118351));
#2621 = CARTESIAN_POINT('',(387.95796901408,-351.3953974989,
    108.791196356));
#2622 = CARTESIAN_POINT('',(392.55136708921,-348.5133230805,
    109.58791208531));
#2623 = CARTESIAN_POINT('',(397.86107277384,-339.0604214281,
    111.23609718338));
#2624 = CARTESIAN_POINT('',(397.6403,-348.5785547599,109.75321334924));
#2625 = DEFINITIONAL_REPRESENTATION('',(#2626),#2630);
#2626 = LINE('',#2627,#2628);
#2627 = CARTESIAN_POINT('',(9.,0.));
#2628 = VECTOR('',#2629,1.);
#2629 = DIRECTION('',(0.,1.));
#2630 = ( GEOMETRIC_REPRESENTATION_CONTEXT(2) 
PARAMETRIC_REPRESENTATION_CONTEXT() REPRESENTATION_CONTEXT('2D SPACE',''
  ) );
#2631 = ORIENTED_EDGE('',*,*,#2632,.F.);
#2632 = EDGE_CURVE('',#2169,#2423,#2633,.T.);
#2633 = SURFACE_CURVE('',#2634,(#2637,#2644),.PCURVE_S1.);
#2634 = B_SPLINE_CURVE_WITH_KNOTS('',1,(#2635,#2636),.UNSPECIFIED.,.F.,
  .F.,(2,2),(8.,9.),.PIECEWISE_BEZIER_KNOTS.);
#2635 = CARTESIAN_POINT('',(397.6403,-348.2265819745,109.79850699389));
#2636 = CARTESIAN_POINT('',(397.6403,-348.4026928906,109.77684168384));
#2637 = PCURVE('',#2244,#2638);
#2638 = DEFINITIONAL_REPRESENTATION('',(#2639),#2643);
#2639 = LINE('',#2640,#2641);
#2640 = CARTESIAN_POINT('',(0.,1.));
#2641 = VECTOR('',#2642,1.);
#2642 = DIRECTION('',(1.,0.));
#2643 = ( GEOMETRIC_REPRESENTATION_CONTEXT(2) 
PARAMETRIC_REPRESENTATION_CONTEXT() REPRESENTATION_CONTEXT('2D SPACE',''
  ) );
#2644 = PCURVE('',#401,#2645);
#2645 = DEFINITIONAL_REPRESENTATION('',(#2646),#2649);
#2646 = B_SPLINE_CURVE_WITH_KNOTS('',1,(#2647,#2648),.UNSPECIFIED.,.F.,
  .F.,(2,2),(8.,9.),.PIECEWISE_BEZIER_KNOTS.);
#2647 = CARTESIAN_POINT('',(-1.419536719138,5.244377291547E-06));
#2648 = CARTESIAN_POINT('',(-1.24210183961,1.147148118605E-03));
#2649 = ( GEOMETRIC_REPRESENTATION_CONTEXT(2) 
PARAMETRIC_REPRESENTATION_CONTEXT() REPRESENTATION_CONTEXT('2D SPACE',''
  ) );
#2650 = ORIENTED_EDGE('',*,*,#2168,.F.);
#2651 = ADVANCED_FACE('',(#2652),#2498,.T.);
#2652 = FACE_BOUND('',#2653,.T.);
#2653 = EDGE_LOOP('',(#2654,#2675,#2885,#2904));
#2654 = ORIENTED_EDGE('',*,*,#2655,.T.);
#2655 = EDGE_CURVE('',#2402,#2656,#2658,.T.);
#2656 = VERTEX_POINT('',#2657);
#2657 = CARTESIAN_POINT('',(140.9618,-351.2622877674,109.76581772411));
#2658 = SURFACE_CURVE('',#2659,(#2662,#2669),.PCURVE_S1.);
#2659 = B_SPLINE_CURVE_WITH_KNOTS('',1,(#2660,#2661),.UNSPECIFIED.,.F.,
  .F.,(2,2),(9.,10.),.PIECEWISE_BEZIER_KNOTS.);
#2660 = CARTESIAN_POINT('',(140.9618,-351.0421476072,109.73820505867));
#2661 = CARTESIAN_POINT('',(140.9618,-351.2622877674,109.76581772411));
#2662 = PCURVE('',#2498,#2663);
#2663 = DEFINITIONAL_REPRESENTATION('',(#2664),#2668);
#2664 = LINE('',#2665,#2666);
#2665 = CARTESIAN_POINT('',(0.,0.));
#2666 = VECTOR('',#2667,1.);
#2667 = DIRECTION('',(1.,0.));
#2668 = ( GEOMETRIC_REPRESENTATION_CONTEXT(2) 
PARAMETRIC_REPRESENTATION_CONTEXT() REPRESENTATION_CONTEXT('2D SPACE',''
  ) );
#2669 = PCURVE('',#165,#2670);
#2670 = DEFINITIONAL_REPRESENTATION('',(#2671),#2674);
#2671 = B_SPLINE_CURVE_WITH_KNOTS('',1,(#2672,#2673),.UNSPECIFIED.,.F.,
  .F.,(2,2),(9.,10.),.PIECEWISE_BEZIER_KNOTS.);
#2672 = CARTESIAN_POINT('',(1.996786443909,-7.841387628105E-08));
#2673 = CARTESIAN_POINT('',(2.218651604343,-8.712652288523E-08));
#2674 = ( GEOMETRIC_REPRESENTATION_CONTEXT(2) 
PARAMETRIC_REPRESENTATION_CONTEXT() REPRESENTATION_CONTEXT('2D SPACE',''
  ) );
#2675 = ORIENTED_EDGE('',*,*,#2676,.T.);
#2676 = EDGE_CURVE('',#2656,#2677,#2679,.T.);
#2677 = VERTEX_POINT('',#2678);
#2678 = CARTESIAN_POINT('',(397.6403,-348.5785547599,109.75321334924));
#2679 = SURFACE_CURVE('',#2680,(#2744,#2751),.PCURVE_S1.);
#2680 = ( BOUNDED_CURVE() B_SPLINE_CURVE(3,(#2681,#2682,#2683,#2684,
    #2685,#2686,#2687,#2688,#2689,#2690,#2691,#2692,#2693,#2694,#2695,
    #2696,#2697,#2698,#2699,#2700,#2701,#2702,#2703,#2704,#2705,#2706,
    #2707,#2708,#2709,#2710,#2711,#2712,#2713,#2714,#2715,#2716,#2717,
    #2718,#2719,#2720,#2721,#2722,#2723,#2724,#2725,#2726,#2727,#2728,
    #2729,#2730,#2731,#2732,#2733,#2734,#2735,#2736,#2737,#2738,#2739,
    #2740,#2741,#2742,#2743),.UNSPECIFIED.,.F.,.F.) 
B_SPLINE_CURVE_WITH_KNOTS((4,1,1,1,1,1,1,1,1,1,1,1,1,1,1,1,1,1,1,1,1,1,1
    ,1,1,1,1,1,1,1,1,1,1,1,1,1,1,1,1,1,1,1,1,1,1,1,1,1,1,1,1,1,1,1,1,1,1
    ,1,1,1,4),(0.,1.732138582393E-02,3.476147556169E-02,
    5.682134329819E-02,7.1962296323E-02,9.668171057498E-02,
    0.117312720082,0.137726814038,0.152748180615,0.167749813045,
    0.182740680817,0.197724569486,0.212727858992,0.227712266626,
    0.242722186927,0.257740578549,0.272730613132,0.287749851447,
    0.302807253127,0.317909897629,0.333164876512,0.348417208457,
    0.363717555355,0.379021830365,0.39430254102,0.409403510223,
    0.424503833082,0.439703221214,0.455034147268,0.475266642259,
    0.494822408855,0.514358099005,0.53448350075,0.549791243926,
    0.564993335593,0.580114457875,0.595233122966,0.610524778841,
    0.625831283594,0.641129798524,0.656395058325,0.671658347301,
    0.686764177688,0.701824559728,0.716841998439,0.731832580826,
    0.74685884212,0.761877146393,0.776861271766,0.791847146503,
    0.806852809101,0.821843806167,0.836903306197,0.851969913481,
    0.873073700462,0.890743423327,0.916073608219,0.937085032849,
0.966089436802,0.983488965917,1.),.UNSPECIFIED.) CURVE() 
GEOMETRIC_REPRESENTATION_ITEM() RATIONAL_B_SPLINE_CURVE((1.,
    0.99999999999,1.000000000005,0.999999999998,1.,1.,1.,1.,1.,1.,1.,1.,
    1.,1.,1.,1.,1.,1.,1.,1.,1.,1.,1.,1.,1.,1.,1.,1.,1.,1.,1.,1.,1.,1.,1.
    ,1.,1.,1.,1.,1.,1.,1.,1.,1.,1.,1.,1.,1.,1.,1.,1.,1.,1.,1.,1.,1.,1.,
    1.,1.,0.999999999999,1.000000000002,0.999999999996,1.)) 
REPRESENTATION_ITEM('') );
#2681 = CARTESIAN_POINT('',(140.9618,-351.2622877674,109.76581772411));
#2682 = CARTESIAN_POINT('',(139.3469737637,-361.2237243868,
    111.34054610942));
#2683 = CARTESIAN_POINT('',(146.55711552643,-345.8919068976,
    108.80362213905));
#2684 = CARTESIAN_POINT('',(149.83248812156,-346.5546005879,
    108.8955427069));
#2685 = CARTESIAN_POINT('',(152.63844988999,-352.8279062704,
    109.69665446954));
#2686 = CARTESIAN_POINT('',(159.61432189493,-349.9977963904,
    108.98417116942));
#2687 = CARTESIAN_POINT('',(161.57498576671,-358.7058276227,
    110.48304867947));
#2688 = CARTESIAN_POINT('',(166.85069272796,-350.1136243075,
    108.90869176701));
#2689 = CARTESIAN_POINT('',(170.05924171584,-351.8484684144,
    109.29071493753));
#2690 = CARTESIAN_POINT('',(175.2605606702,-351.1596558311,
    109.1640566047));
#2691 = CARTESIAN_POINT('',(179.44145366882,-351.3124942634,
    109.30333395927));
#2692 = CARTESIAN_POINT('',(183.74546905009,-351.3554336784,
    109.35252766895));
#2693 = CARTESIAN_POINT('',(188.02212458981,-351.1438626021,
    109.37726334208));
#2694 = CARTESIAN_POINT('',(192.29363155905,-351.4495308104,
    109.47050493783));
#2695 = CARTESIAN_POINT('',(196.58004983101,-351.5351361489,
    109.62554126134));
#2696 = CARTESIAN_POINT('',(200.85501156117,-351.0315147739,
    109.57511918307));
#2697 = CARTESIAN_POINT('',(205.12596544359,-351.5498655736,
    109.79995229817));
#2698 = CARTESIAN_POINT('',(209.41439322258,-351.350261777,
    109.86961065595));
#2699 = CARTESIAN_POINT('',(213.69322367635,-351.2210675113,
    109.96833150959));
#2700 = CARTESIAN_POINT('',(217.96934112329,-350.71031187,
    110.19395206195));
#2701 = CARTESIAN_POINT('',(222.26952895422,-350.5657975403,
    110.46177477169));
#2702 = CARTESIAN_POINT('',(226.5166643478,-349.4949032314,
    110.81538336524));
#2703 = CARTESIAN_POINT('',(230.80856684708,-348.9042955025,
    111.15867263772));
#2704 = CARTESIAN_POINT('',(235.07622110161,-347.8187684674,
    111.4668258995));
#2705 = CARTESIAN_POINT('',(239.35488141397,-346.932453741,
    111.85894603857));
#2706 = CARTESIAN_POINT('',(243.60389158591,-346.0848827226,
    112.08892398539));
#2707 = CARTESIAN_POINT('',(247.90844854027,-345.679392074,
    112.17772868959));
#2708 = CARTESIAN_POINT('',(252.2213347776,-345.6535126141,
    111.79076052513));
#2709 = CARTESIAN_POINT('',(256.41797633353,-346.4574480983,
    111.8357200456));
#2710 = CARTESIAN_POINT('',(261.49749220731,-346.8185175918,
    110.27223770951));
#2711 = CARTESIAN_POINT('',(264.82846846707,-348.5261583862,
    116.66868054941));
#2712 = CARTESIAN_POINT('',(269.29986524939,-343.2722210453,
    113.16696473409));
#2713 = CARTESIAN_POINT('',(273.76120192934,-347.9904603423,
    116.36957869002));
#2714 = CARTESIAN_POINT('',(277.11561224167,-348.992045972,
    111.39245091661));
#2715 = CARTESIAN_POINT('',(282.18739413143,-349.7445220255,
    112.76449162165));
#2716 = CARTESIAN_POINT('',(286.38362479911,-349.3789164869,
    113.64160628641));
#2717 = CARTESIAN_POINT('',(290.6929217221,-348.6928431605,
    114.66586372077));
#2718 = CARTESIAN_POINT('',(294.99728518776,-348.3245752733,
    115.14220776347));
#2719 = CARTESIAN_POINT('',(299.24599549207,-346.8936181348,
    114.9574315146));
#2720 = CARTESIAN_POINT('',(303.52499017227,-345.4338248262,
    114.54491815837));
#2721 = CARTESIAN_POINT('',(307.79622056725,-343.9888458709,
    114.16934004561));
#2722 = CARTESIAN_POINT('',(312.08441986464,-342.4545739878,
    113.78318119725));
#2723 = CARTESIAN_POINT('',(316.3318452167,-341.1234152661,
    113.34742527472));
#2724 = CARTESIAN_POINT('',(320.63289091038,-340.2679977106,
    112.92114579864));
#2725 = CARTESIAN_POINT('',(324.90801010291,-339.4894495091,
    112.67204838965));
#2726 = CARTESIAN_POINT('',(329.18807309953,-338.9949436599,
    112.37688376479));
#2727 = CARTESIAN_POINT('',(333.47733801931,-338.5386235553,
    112.20886000528));
#2728 = CARTESIAN_POINT('',(337.7470456075,-339.5561186053,
    111.70573798378));
#2729 = CARTESIAN_POINT('',(342.02123400371,-338.4321834273,
    111.80294868214));
#2730 = CARTESIAN_POINT('',(346.30443528757,-338.8874847894,
    111.53177461654));
#2731 = CARTESIAN_POINT('',(350.5884217255,-338.9397197382,
    111.29191561433));
#2732 = CARTESIAN_POINT('',(354.84926238005,-339.0841263022,
    111.18351761591));
#2733 = CARTESIAN_POINT('',(359.17649042862,-339.4513305171,
    110.97577721807));
#2734 = CARTESIAN_POINT('',(363.32021844008,-339.2263644094,
    110.86873625577));
#2735 = CARTESIAN_POINT('',(368.68503275418,-340.7364801207,
    110.46783239131));
#2736 = CARTESIAN_POINT('',(371.24903411287,-339.2155901649,
    110.74210014804));
#2737 = CARTESIAN_POINT('',(377.42638182418,-339.4398202127,
    110.64666606223));
#2738 = CARTESIAN_POINT('',(379.73562276372,-342.4030127799,
    110.24039531018));
#2739 = CARTESIAN_POINT('',(385.92015942773,-338.9772527251,
    110.69327118351));
#2740 = CARTESIAN_POINT('',(387.95796901408,-351.3953974989,
    108.791196356));
#2741 = CARTESIAN_POINT('',(392.55136708921,-348.5133230805,
    109.58791208531));
#2742 = CARTESIAN_POINT('',(397.86107277384,-339.0604214281,
    111.23609718338));
#2743 = CARTESIAN_POINT('',(397.6403,-348.5785547599,109.75321334924));
#2744 = PCURVE('',#2498,#2745);
#2745 = DEFINITIONAL_REPRESENTATION('',(#2746),#2750);
#2746 = LINE('',#2747,#2748);
#2747 = CARTESIAN_POINT('',(10.,0.));
#2748 = VECTOR('',#2749,1.);
#2749 = DIRECTION('',(0.,1.));
#2750 = ( GEOMETRIC_REPRESENTATION_CONTEXT(2) 
PARAMETRIC_REPRESENTATION_CONTEXT() REPRESENTATION_CONTEXT('2D SPACE',''
  ) );
#2751 = PCURVE('',#2752,#2879);
#2752 = ( BOUNDED_SURFACE() B_SPLINE_SURFACE(1,3,(
    (#2753,#2754,#2755,#2756,#2757,#2758,#2759,#2760,#2761,#2762,#2763
      ,#2764,#2765,#2766,#2767,#2768,#2769,#2770,#2771,#2772,#2773,#2774
      ,#2775,#2776,#2777,#2778,#2779,#2780,#2781,#2782,#2783,#2784,#2785
      ,#2786,#2787,#2788,#2789,#2790,#2791,#2792,#2793,#2794,#2795,#2796
      ,#2797,#2798,#2799,#2800,#2801,#2802,#2803,#2804,#2805,#2806,#2807
      ,#2808,#2809,#2810,#2811,#2812,#2813,#2814,#2815)
    ,(#2816,#2817,#2818,#2819,#2820,#2821,#2822,#2823,#2824,#2825,#2826
      ,#2827,#2828,#2829,#2830,#2831,#2832,#2833,#2834,#2835,#2836,#2837
      ,#2838,#2839,#2840,#2841,#2842,#2843,#2844,#2845,#2846,#2847,#2848
      ,#2849,#2850,#2851,#2852,#2853,#2854,#2855,#2856,#2857,#2858,#2859
      ,#2860,#2861,#2862,#2863,#2864,#2865,#2866,#2867,#2868,#2869,#2870
      ,#2871,#2872,#2873,#2874,#2875,#2876,#2877,#2878
)),.UNSPECIFIED.,.F.,.F.,.F.) B_SPLINE_SURFACE_WITH_KNOTS((2,2),(4,1,1,1
    ,1,1,1,1,1,1,1,1,1,1,1,1,1,1,1,1,1,1,1,1,1,1,1,1,1,1,1,1,1,1,1,1,1,1
    ,1,1,1,1,1,1,1,1,1,1,1,1,1,1,1,1,1,1,1,1,1,1,4),(10.,11.),(0.,
    1.732138582393E-02,3.476147556169E-02,5.682134329819E-02,
    7.1962296323E-02,9.668171057498E-02,0.117312720082,0.137726814038,
    0.152748180615,0.167749813045,0.182740680817,0.197724569486,
    0.212727858992,0.227712266626,0.242722186927,0.257740578549,
    0.272730613132,0.287749851447,0.302807253127,0.317909897629,
    0.333164876512,0.348417208457,0.363717555355,0.379021830365,
    0.39430254102,0.409403510223,0.424503833082,0.439703221214,
    0.455034147268,0.475266642259,0.494822408855,0.514358099005,
    0.53448350075,0.549791243926,0.564993335593,0.580114457875,
    0.595233122966,0.610524778841,0.625831283594,0.641129798524,
    0.656395058325,0.671658347301,0.686764177688,0.701824559728,
    0.716841998439,0.731832580826,0.74685884212,0.761877146393,
    0.776861271766,0.791847146503,0.806852809101,0.821843806167,
    0.836903306197,0.851969913481,0.873073700462,0.890743423327,
    0.916073608219,0.937085032849,0.966089436802,0.983488965917,1.),
.UNSPECIFIED.) GEOMETRIC_REPRESENTATION_ITEM() RATIONAL_B_SPLINE_SURFACE
((
    (1.,0.99999999999,1.000000000005,0.999999999998,1.,1.,1.,1.,1.,1.,1.
      ,1.,1.,1.,1.,1.,1.,1.,1.,1.,1.,1.,1.,1.,1.,1.,1.,1.,1.,1.,1.,1.,1.
      ,1.,1.,1.,1.,1.,1.,1.,1.,1.,1.,1.,1.,1.,1.,1.,1.,1.,1.,1.,1.,1.,1.
      ,1.,1.,1.,1.,0.999999999999,1.000000000002,0.999999999996,1.)
    ,(1.,0.99999999999,1.000000000005,0.999999999998,1.,1.,1.,1.,1.,1.
      ,1.,1.,1.,1.,1.,1.,1.,1.,1.,1.,1.,1.,1.,1.,1.,1.,1.,1.,1.,1.,1.,1.
      ,1.,1.,1.,1.,1.,1.,1.,1.,1.,1.,1.,1.,1.,1.,1.,1.,1.,1.,1.,1.,1.,1.
      ,1.,1.,1.,1.,1.,0.999999999999,1.000000000002,0.999999999996,1.
))) REPRESENTATION_ITEM('') SURFACE() );
#2753 = CARTESIAN_POINT('',(140.9618,-351.2622877674,109.76581772411));
#2754 = CARTESIAN_POINT('',(139.3469737637,-361.2237243868,
    111.34054610942));
#2755 = CARTESIAN_POINT('',(146.55711552643,-345.8919068976,
    108.80362213905));
#2756 = CARTESIAN_POINT('',(149.83248812156,-346.5546005879,
    108.8955427069));
#2757 = CARTESIAN_POINT('',(152.63844988999,-352.8279062704,
    109.69665446954));
#2758 = CARTESIAN_POINT('',(159.61432189493,-349.9977963904,
    108.98417116942));
#2759 = CARTESIAN_POINT('',(161.57498576671,-358.7058276227,
    110.48304867947));
#2760 = CARTESIAN_POINT('',(166.85069272796,-350.1136243075,
    108.90869176701));
#2761 = CARTESIAN_POINT('',(170.05924171584,-351.8484684144,
    109.29071493753));
#2762 = CARTESIAN_POINT('',(175.2605606702,-351.1596558311,
    109.1640566047));
#2763 = CARTESIAN_POINT('',(179.44145366882,-351.3124942634,
    109.30333395927));
#2764 = CARTESIAN_POINT('',(183.74546905009,-351.3554336784,
    109.35252766895));
#2765 = CARTESIAN_POINT('',(188.02212458981,-351.1438626021,
    109.37726334208));
#2766 = CARTESIAN_POINT('',(192.29363155905,-351.4495308104,
    109.47050493783));
#2767 = CARTESIAN_POINT('',(196.58004983101,-351.5351361489,
    109.62554126134));
#2768 = CARTESIAN_POINT('',(200.85501156117,-351.0315147739,
    109.57511918307));
#2769 = CARTESIAN_POINT('',(205.12596544359,-351.5498655736,
    109.79995229817));
#2770 = CARTESIAN_POINT('',(209.41439322258,-351.350261777,
    109.86961065595));
#2771 = CARTESIAN_POINT('',(213.69322367635,-351.2210675113,
    109.96833150959));
#2772 = CARTESIAN_POINT('',(217.96934112329,-350.71031187,
    110.19395206195));
#2773 = CARTESIAN_POINT('',(222.26952895422,-350.5657975403,
    110.46177477169));
#2774 = CARTESIAN_POINT('',(226.5166643478,-349.4949032314,
    110.81538336524));
#2775 = CARTESIAN_POINT('',(230.80856684708,-348.9042955025,
    111.15867263772));
#2776 = CARTESIAN_POINT('',(235.07622110161,-347.8187684674,
    111.4668258995));
#2777 = CARTESIAN_POINT('',(239.35488141397,-346.932453741,
    111.85894603857));
#2778 = CARTESIAN_POINT('',(243.60389158591,-346.0848827226,
    112.08892398539));
#2779 = CARTESIAN_POINT('',(247.90844854027,-345.679392074,
    112.17772868959));
#2780 = CARTESIAN_POINT('',(252.2213347776,-345.6535126141,
    111.79076052513));
#2781 = CARTESIAN_POINT('',(256.41797633353,-346.4574480983,
    111.8357200456));
#2782 = CARTESIAN_POINT('',(261.49749220731,-346.8185175918,
    110.27223770951));
#2783 = CARTESIAN_POINT('',(264.82846846707,-348.5261583862,
    116.66868054941));
#2784 = CARTESIAN_POINT('',(269.29986524939,-343.2722210453,
    113.16696473409));
#2785 = CARTESIAN_POINT('',(273.76120192934,-347.9904603423,
    116.36957869002));
#2786 = CARTESIAN_POINT('',(277.11561224167,-348.992045972,
    111.39245091661));
#2787 = CARTESIAN_POINT('',(282.18739413143,-349.7445220255,
    112.76449162165));
#2788 = CARTESIAN_POINT('',(286.38362479911,-349.3789164869,
    113.64160628641));
#2789 = CARTESIAN_POINT('',(290.6929217221,-348.6928431605,
    114.66586372077));
#2790 = CARTESIAN_POINT('',(294.99728518776,-348.3245752733,
    115.14220776347));
#2791 = CARTESIAN_POINT('',(299.24599549207,-346.8936181348,
    114.9574315146));
#2792 = CARTESIAN_POINT('',(303.52499017227,-345.4338248262,
    114.54491815837));
#2793 = CARTESIAN_POINT('',(307.79622056725,-343.9888458709,
    114.16934004561));
#2794 = CARTESIAN_POINT('',(312.08441986464,-342.4545739878,
    113.78318119725));
#2795 = CARTESIAN_POINT('',(316.3318452167,-341.1234152661,
    113.34742527472));
#2796 = CARTESIAN_POINT('',(320.63289091038,-340.2679977106,
    112.92114579864));
#2797 = CARTESIAN_POINT('',(324.90801010291,-339.4894495091,
    112.67204838965));
#2798 = CARTESIAN_POINT('',(329.18807309953,-338.9949436599,
    112.37688376479));
#2799 = CARTESIAN_POINT('',(333.47733801931,-338.5386235553,
    112.20886000528));
#2800 = CARTESIAN_POINT('',(337.7470456075,-339.5561186053,
    111.70573798378));
#2801 = CARTESIAN_POINT('',(342.02123400371,-338.4321834273,
    111.80294868214));
#2802 = CARTESIAN_POINT('',(346.30443528757,-338.8874847894,
    111.53177461654));
#2803 = CARTESIAN_POINT('',(350.5884217255,-338.9397197382,
    111.29191561433));
#2804 = CARTESIAN_POINT('',(354.84926238005,-339.0841263022,
    111.18351761591));
#2805 = CARTESIAN_POINT('',(359.17649042862,-339.4513305171,
    110.97577721807));
#2806 = CARTESIAN_POINT('',(363.32021844008,-339.2263644094,
    110.86873625577));
#2807 = CARTESIAN_POINT('',(368.68503275418,-340.7364801207,
    110.46783239131));
#2808 = CARTESIAN_POINT('',(371.24903411287,-339.2155901649,
    110.74210014804));
#2809 = CARTESIAN_POINT('',(377.42638182418,-339.4398202127,
    110.64666606223));
#2810 = CARTESIAN_POINT('',(379.73562276372,-342.4030127799,
    110.24039531018));
#2811 = CARTESIAN_POINT('',(385.92015942773,-338.9772527251,
    110.69327118351));
#2812 = CARTESIAN_POINT('',(387.95796901408,-351.3953974989,
    108.791196356));
#2813 = CARTESIAN_POINT('',(392.55136708921,-348.5133230805,
    109.58791208531));
#2814 = CARTESIAN_POINT('',(397.86107277384,-339.0604214281,
    111.23609718338));
#2815 = CARTESIAN_POINT('',(397.6403,-348.5785547599,109.75321334924));
#2816 = CARTESIAN_POINT('',(140.9618,-351.4824279276,109.79343038955));
#2817 = CARTESIAN_POINT('',(139.3469737637,-362.0038528142,
    111.37533070249));
#2818 = CARTESIAN_POINT('',(146.55711552643,-346.3403625054,
    108.8824443649));
#2819 = CARTESIAN_POINT('',(149.83248812156,-346.8544548009,
    108.93903851127));
#2820 = CARTESIAN_POINT('',(152.63844988999,-353.7533520405,
    109.80769384432));
#2821 = CARTESIAN_POINT('',(159.61432189493,-351.1084555691,
    109.17302421919));
#2822 = CARTESIAN_POINT('',(161.57498576671,-359.0579564504,
    110.51371549937));
#2823 = CARTESIAN_POINT('',(166.85069272796,-350.5365665618,
    108.99125047588));
#2824 = CARTESIAN_POINT('',(170.05924171584,-353.2162914498,
    109.50771994135));
#2825 = CARTESIAN_POINT('',(175.2605606702,-352.3894433569,
    109.38674649342));
#2826 = CARTESIAN_POINT('',(179.44145366882,-352.6263019139,
    109.53611733485));
#2827 = CARTESIAN_POINT('',(183.74546905009,-352.6858709219,
    109.61826692797));
#2828 = CARTESIAN_POINT('',(188.02212458981,-352.4760174344,
    109.63974006357));
#2829 = CARTESIAN_POINT('',(192.29363155905,-352.8269258827,
    109.7265206796));
#2830 = CARTESIAN_POINT('',(196.58004983101,-352.9224346043,
    109.94830545498));
#2831 = CARTESIAN_POINT('',(200.85501156117,-352.3599439889,
    109.87305002057));
#2832 = CARTESIAN_POINT('',(205.12596544359,-352.9406866006,
    110.1388375043));
#2833 = CARTESIAN_POINT('',(209.41439322258,-352.7069296384,
    110.22074821789));
#2834 = CARTESIAN_POINT('',(213.69322367635,-352.5414589219,
    110.35525466547));
#2835 = CARTESIAN_POINT('',(217.96934112329,-351.9914842802,
    110.5266159632));
#2836 = CARTESIAN_POINT('',(222.26952895422,-351.7318060503,
    110.94405869235));
#2837 = CARTESIAN_POINT('',(226.5166643478,-350.5875728216,
    111.27514548443));
#2838 = CARTESIAN_POINT('',(230.80856684708,-349.920890885,
    111.61140409858));
#2839 = CARTESIAN_POINT('',(235.07622110161,-348.7326565923,
    111.95630918839));
#2840 = CARTESIAN_POINT('',(239.35488141397,-347.776849645,
    112.31976288139));
#2841 = CARTESIAN_POINT('',(243.60389158591,-346.823534855,
    112.56035322425));
#2842 = CARTESIAN_POINT('',(247.90844854027,-346.3532536957,
    112.60553401146));
#2843 = CARTESIAN_POINT('',(252.2213347776,-346.272414189,
    112.15145788681));
#2844 = CARTESIAN_POINT('',(256.41797633353,-347.085166793,
    112.02746992569));
#2845 = CARTESIAN_POINT('',(261.49749220731,-347.2257208106,
    110.57032559417));
#2846 = CARTESIAN_POINT('',(264.82846846707,-349.7353060761,
    116.27607554962));
#2847 = CARTESIAN_POINT('',(269.29986524939,-342.68066209,
    114.34369489846));
#2848 = CARTESIAN_POINT('',(273.76120192934,-349.1858970316,
    116.06452904982));
#2849 = CARTESIAN_POINT('',(277.11561224167,-349.4314298821,
    111.37021044809));
#2850 = CARTESIAN_POINT('',(282.18739413143,-350.4117001096,
    112.74688076043));
#2851 = CARTESIAN_POINT('',(286.38362479911,-350.0594231763,
    113.4722937716));
#2852 = CARTESIAN_POINT('',(290.6929217221,-349.5011919716,
    114.63976517027));
#2853 = CARTESIAN_POINT('',(294.99728518776,-349.1608944534,
    114.8712642624));
#2854 = CARTESIAN_POINT('',(299.24599549207,-347.8015718636,
    114.65078245173));
#2855 = CARTESIAN_POINT('',(303.52499017227,-346.4205996137,
    114.22946770393));
#2856 = CARTESIAN_POINT('',(307.79622056725,-345.0344870366,
    113.7945045783));
#2857 = CARTESIAN_POINT('',(312.08441986464,-343.5754861144,
    113.39616994951));
#2858 = CARTESIAN_POINT('',(316.3318452167,-342.3167530946,
    112.94485274035));
#2859 = CARTESIAN_POINT('',(320.63289091038,-341.5352133418,
    112.53020940451));
#2860 = CARTESIAN_POINT('',(324.90801010291,-340.811101629,
    112.28076212685));
#2861 = CARTESIAN_POINT('',(329.18807309953,-340.3523326342,
    112.00124645717));
#2862 = CARTESIAN_POINT('',(333.47733801931,-339.925637591,
    111.84793003926));
#2863 = CARTESIAN_POINT('',(337.7470456075,-340.8926508823,
    111.38833047822));
#2864 = CARTESIAN_POINT('',(342.02123400371,-339.8201918014,
    111.46944632066));
#2865 = CARTESIAN_POINT('',(346.30443528757,-340.2544436739,
    111.2491300665));
#2866 = CARTESIAN_POINT('',(350.5884217255,-340.2989427341,
    111.00842733639));
#2867 = CARTESIAN_POINT('',(354.84926238005,-340.3806173519,
    110.90757201475));
#2868 = CARTESIAN_POINT('',(359.17649042862,-340.7726300329,
    110.72916218714));
#2869 = CARTESIAN_POINT('',(363.32021844008,-340.4495554963,
    110.6247460696));
#2870 = CARTESIAN_POINT('',(368.68503275418,-341.9827360693,
    110.25619963622));
#2871 = CARTESIAN_POINT('',(371.24903411287,-340.1066421718,
    110.58850635637));
#2872 = CARTESIAN_POINT('',(377.42638182418,-339.726905195,
    110.59971982141));
#2873 = CARTESIAN_POINT('',(379.73562276372,-343.7312521734,
    110.05276051003));
#2874 = CARTESIAN_POINT('',(385.92015942773,-339.3226250036,
    110.57174879107));
#2875 = CARTESIAN_POINT('',(387.95796901408,-351.6855737869,
    108.75077370862));
#2876 = CARTESIAN_POINT('',(392.55136708921,-349.2538494832,
    109.52229230625));
#2877 = CARTESIAN_POINT('',(397.86107277384,-339.1452008262,
    111.20303650785));
#2878 = CARTESIAN_POINT('',(397.6403,-348.7544166292,109.72958501464));
#2879 = DEFINITIONAL_REPRESENTATION('',(#2880),#2884);
#2880 = LINE('',#2881,#2882);
#2881 = CARTESIAN_POINT('',(10.,0.));
#2882 = VECTOR('',#2883,1.);
#2883 = DIRECTION('',(0.,1.));
#2884 = ( GEOMETRIC_REPRESENTATION_CONTEXT(2) 
PARAMETRIC_REPRESENTATION_CONTEXT() REPRESENTATION_CONTEXT('2D SPACE',''
  ) );
#2885 = ORIENTED_EDGE('',*,*,#2886,.F.);
#2886 = EDGE_CURVE('',#2423,#2677,#2887,.T.);
#2887 = SURFACE_CURVE('',#2888,(#2891,#2898),.PCURVE_S1.);
#2888 = B_SPLINE_CURVE_WITH_KNOTS('',1,(#2889,#2890),.UNSPECIFIED.,.F.,
  .F.,(2,2),(9.,10.),.PIECEWISE_BEZIER_KNOTS.);
#2889 = CARTESIAN_POINT('',(397.6403,-348.4026928906,109.77684168384));
#2890 = CARTESIAN_POINT('',(397.6403,-348.5785547599,109.75321334924));
#2891 = PCURVE('',#2498,#2892);
#2892 = DEFINITIONAL_REPRESENTATION('',(#2893),#2897);
#2893 = LINE('',#2894,#2895);
#2894 = CARTESIAN_POINT('',(0.,1.));
#2895 = VECTOR('',#2896,1.);
#2896 = DIRECTION('',(1.,0.));
#2897 = ( GEOMETRIC_REPRESENTATION_CONTEXT(2) 
PARAMETRIC_REPRESENTATION_CONTEXT() REPRESENTATION_CONTEXT('2D SPACE',''
  ) );
#2898 = PCURVE('',#401,#2899);
#2899 = DEFINITIONAL_REPRESENTATION('',(#2900),#2903);
#2900 = B_SPLINE_CURVE_WITH_KNOTS('',1,(#2901,#2902),.UNSPECIFIED.,.F.,
  .F.,(2,2),(9.,10.),.PIECEWISE_BEZIER_KNOTS.);
#2901 = CARTESIAN_POINT('',(-1.24210183961,1.147148118605E-03));
#2902 = CARTESIAN_POINT('',(-1.064687191479,4.267708062486E-03));
#2903 = ( GEOMETRIC_REPRESENTATION_CONTEXT(2) 
PARAMETRIC_REPRESENTATION_CONTEXT() REPRESENTATION_CONTEXT('2D SPACE',''
  ) );
#2904 = ORIENTED_EDGE('',*,*,#2422,.F.);
#2905 = ADVANCED_FACE('',(#2906),#2752,.T.);
#2906 = FACE_BOUND('',#2907,.T.);
#2907 = EDGE_LOOP('',(#2908,#2929,#3139,#3158));
#2908 = ORIENTED_EDGE('',*,*,#2909,.T.);
#2909 = EDGE_CURVE('',#2656,#2910,#2912,.T.);
#2910 = VERTEX_POINT('',#2911);
#2911 = CARTESIAN_POINT('',(140.9618,-351.4824279276,109.79343038955));
#2912 = SURFACE_CURVE('',#2913,(#2916,#2923),.PCURVE_S1.);
#2913 = B_SPLINE_CURVE_WITH_KNOTS('',1,(#2914,#2915),.UNSPECIFIED.,.F.,
  .F.,(2,2),(10.,11.),.PIECEWISE_BEZIER_KNOTS.);
#2914 = CARTESIAN_POINT('',(140.9618,-351.2622877674,109.76581772411));
#2915 = CARTESIAN_POINT('',(140.9618,-351.4824279276,109.79343038955));
#2916 = PCURVE('',#2752,#2917);
#2917 = DEFINITIONAL_REPRESENTATION('',(#2918),#2922);
#2918 = LINE('',#2919,#2920);
#2919 = CARTESIAN_POINT('',(0.,0.));
#2920 = VECTOR('',#2921,1.);
#2921 = DIRECTION('',(1.,0.));
#2922 = ( GEOMETRIC_REPRESENTATION_CONTEXT(2) 
PARAMETRIC_REPRESENTATION_CONTEXT() REPRESENTATION_CONTEXT('2D SPACE',''
  ) );
#2923 = PCURVE('',#165,#2924);
#2924 = DEFINITIONAL_REPRESENTATION('',(#2925),#2928);
#2925 = B_SPLINE_CURVE_WITH_KNOTS('',1,(#2926,#2927),.UNSPECIFIED.,.F.,
  .F.,(2,2),(10.,11.),.PIECEWISE_BEZIER_KNOTS.);
#2926 = CARTESIAN_POINT('',(2.218651604343,-8.712652288523E-08));
#2927 = CARTESIAN_POINT('',(2.440516764778,-9.583918370026E-08));
#2928 = ( GEOMETRIC_REPRESENTATION_CONTEXT(2) 
PARAMETRIC_REPRESENTATION_CONTEXT() REPRESENTATION_CONTEXT('2D SPACE',''
  ) );
#2929 = ORIENTED_EDGE('',*,*,#2930,.T.);
#2930 = EDGE_CURVE('',#2910,#2931,#2933,.T.);
#2931 = VERTEX_POINT('',#2932);
#2932 = CARTESIAN_POINT('',(397.6403,-348.7544166292,109.72958501464));
#2933 = SURFACE_CURVE('',#2934,(#2998,#3005),.PCURVE_S1.);
#2934 = ( BOUNDED_CURVE() B_SPLINE_CURVE(3,(#2935,#2936,#2937,#2938,
    #2939,#2940,#2941,#2942,#2943,#2944,#2945,#2946,#2947,#2948,#2949,
    #2950,#2951,#2952,#2953,#2954,#2955,#2956,#2957,#2958,#2959,#2960,
    #2961,#2962,#2963,#2964,#2965,#2966,#2967,#2968,#2969,#2970,#2971,
    #2972,#2973,#2974,#2975,#2976,#2977,#2978,#2979,#2980,#2981,#2982,
    #2983,#2984,#2985,#2986,#2987,#2988,#2989,#2990,#2991,#2992,#2993,
    #2994,#2995,#2996,#2997),.UNSPECIFIED.,.F.,.F.) 
B_SPLINE_CURVE_WITH_KNOTS((4,1,1,1,1,1,1,1,1,1,1,1,1,1,1,1,1,1,1,1,1,1,1
    ,1,1,1,1,1,1,1,1,1,1,1,1,1,1,1,1,1,1,1,1,1,1,1,1,1,1,1,1,1,1,1,1,1,1
    ,1,1,1,4),(0.,1.732138582393E-02,3.476147556169E-02,
    5.682134329819E-02,7.1962296323E-02,9.668171057498E-02,
    0.117312720082,0.137726814038,0.152748180615,0.167749813045,
    0.182740680817,0.197724569486,0.212727858992,0.227712266626,
    0.242722186927,0.257740578549,0.272730613132,0.287749851447,
    0.302807253127,0.317909897629,0.333164876512,0.348417208457,
    0.363717555355,0.379021830365,0.39430254102,0.409403510223,
    0.424503833082,0.439703221214,0.455034147268,0.475266642259,
    0.494822408855,0.514358099005,0.53448350075,0.549791243926,
    0.564993335593,0.580114457875,0.595233122966,0.610524778841,
    0.625831283594,0.641129798524,0.656395058325,0.671658347301,
    0.686764177688,0.701824559728,0.716841998439,0.731832580826,
    0.74685884212,0.761877146393,0.776861271766,0.791847146503,
    0.806852809101,0.821843806167,0.836903306197,0.851969913481,
    0.873073700462,0.890743423327,0.916073608219,0.937085032849,
0.966089436802,0.983488965917,1.),.UNSPECIFIED.) CURVE() 
GEOMETRIC_REPRESENTATION_ITEM() RATIONAL_B_SPLINE_CURVE((1.,
    0.99999999999,1.000000000005,0.999999999998,1.,1.,1.,1.,1.,1.,1.,1.,
    1.,1.,1.,1.,1.,1.,1.,1.,1.,1.,1.,1.,1.,1.,1.,1.,1.,1.,1.,1.,1.,1.,1.
    ,1.,1.,1.,1.,1.,1.,1.,1.,1.,1.,1.,1.,1.,1.,1.,1.,1.,1.,1.,1.,1.,1.,
    1.,1.,0.999999999999,1.000000000002,0.999999999996,1.)) 
REPRESENTATION_ITEM('') );
#2935 = CARTESIAN_POINT('',(140.9618,-351.4824279276,109.79343038955));
#2936 = CARTESIAN_POINT('',(139.3469737637,-362.0038528142,
    111.37533070249));
#2937 = CARTESIAN_POINT('',(146.55711552643,-346.3403625054,
    108.8824443649));
#2938 = CARTESIAN_POINT('',(149.83248812156,-346.8544548009,
    108.93903851127));
#2939 = CARTESIAN_POINT('',(152.63844988999,-353.7533520405,
    109.80769384432));
#2940 = CARTESIAN_POINT('',(159.61432189493,-351.1084555691,
    109.17302421919));
#2941 = CARTESIAN_POINT('',(161.57498576671,-359.0579564504,
    110.51371549937));
#2942 = CARTESIAN_POINT('',(166.85069272796,-350.5365665618,
    108.99125047588));
#2943 = CARTESIAN_POINT('',(170.05924171584,-353.2162914498,
    109.50771994135));
#2944 = CARTESIAN_POINT('',(175.2605606702,-352.3894433569,
    109.38674649342));
#2945 = CARTESIAN_POINT('',(179.44145366882,-352.6263019139,
    109.53611733485));
#2946 = CARTESIAN_POINT('',(183.74546905009,-352.6858709219,
    109.61826692797));
#2947 = CARTESIAN_POINT('',(188.02212458981,-352.4760174344,
    109.63974006357));
#2948 = CARTESIAN_POINT('',(192.29363155905,-352.8269258827,
    109.7265206796));
#2949 = CARTESIAN_POINT('',(196.58004983101,-352.9224346043,
    109.94830545498));
#2950 = CARTESIAN_POINT('',(200.85501156117,-352.3599439889,
    109.87305002057));
#2951 = CARTESIAN_POINT('',(205.12596544359,-352.9406866006,
    110.1388375043));
#2952 = CARTESIAN_POINT('',(209.41439322258,-352.7069296384,
    110.22074821789));
#2953 = CARTESIAN_POINT('',(213.69322367635,-352.5414589219,
    110.35525466547));
#2954 = CARTESIAN_POINT('',(217.96934112329,-351.9914842802,
    110.5266159632));
#2955 = CARTESIAN_POINT('',(222.26952895422,-351.7318060503,
    110.94405869235));
#2956 = CARTESIAN_POINT('',(226.5166643478,-350.5875728216,
    111.27514548443));
#2957 = CARTESIAN_POINT('',(230.80856684708,-349.920890885,
    111.61140409858));
#2958 = CARTESIAN_POINT('',(235.07622110161,-348.7326565923,
    111.95630918839));
#2959 = CARTESIAN_POINT('',(239.35488141397,-347.776849645,
    112.31976288139));
#2960 = CARTESIAN_POINT('',(243.60389158591,-346.823534855,
    112.56035322425));
#2961 = CARTESIAN_POINT('',(247.90844854027,-346.3532536957,
    112.60553401146));
#2962 = CARTESIAN_POINT('',(252.2213347776,-346.272414189,
    112.15145788681));
#2963 = CARTESIAN_POINT('',(256.41797633353,-347.085166793,
    112.02746992569));
#2964 = CARTESIAN_POINT('',(261.49749220731,-347.2257208106,
    110.57032559417));
#2965 = CARTESIAN_POINT('',(264.82846846707,-349.7353060761,
    116.27607554962));
#2966 = CARTESIAN_POINT('',(269.29986524939,-342.68066209,
    114.34369489846));
#2967 = CARTESIAN_POINT('',(273.76120192934,-349.1858970316,
    116.06452904982));
#2968 = CARTESIAN_POINT('',(277.11561224167,-349.4314298821,
    111.37021044809));
#2969 = CARTESIAN_POINT('',(282.18739413143,-350.4117001096,
    112.74688076043));
#2970 = CARTESIAN_POINT('',(286.38362479911,-350.0594231763,
    113.4722937716));
#2971 = CARTESIAN_POINT('',(290.6929217221,-349.5011919716,
    114.63976517027));
#2972 = CARTESIAN_POINT('',(294.99728518776,-349.1608944534,
    114.8712642624));
#2973 = CARTESIAN_POINT('',(299.24599549207,-347.8015718636,
    114.65078245173));
#2974 = CARTESIAN_POINT('',(303.52499017227,-346.4205996137,
    114.22946770393));
#2975 = CARTESIAN_POINT('',(307.79622056725,-345.0344870366,
    113.7945045783));
#2976 = CARTESIAN_POINT('',(312.08441986464,-343.5754861144,
    113.39616994951));
#2977 = CARTESIAN_POINT('',(316.3318452167,-342.3167530946,
    112.94485274035));
#2978 = CARTESIAN_POINT('',(320.63289091038,-341.5352133418,
    112.53020940451));
#2979 = CARTESIAN_POINT('',(324.90801010291,-340.811101629,
    112.28076212685));
#2980 = CARTESIAN_POINT('',(329.18807309953,-340.3523326342,
    112.00124645717));
#2981 = CARTESIAN_POINT('',(333.47733801931,-339.925637591,
    111.84793003926));
#2982 = CARTESIAN_POINT('',(337.7470456075,-340.8926508823,
    111.38833047822));
#2983 = CARTESIAN_POINT('',(342.02123400371,-339.8201918014,
    111.46944632066));
#2984 = CARTESIAN_POINT('',(346.30443528757,-340.2544436739,
    111.2491300665));
#2985 = CARTESIAN_POINT('',(350.5884217255,-340.2989427341,
    111.00842733639));
#2986 = CARTESIAN_POINT('',(354.84926238005,-340.3806173519,
    110.90757201475));
#2987 = CARTESIAN_POINT('',(359.17649042862,-340.7726300329,
    110.72916218714));
#2988 = CARTESIAN_POINT('',(363.32021844008,-340.4495554963,
    110.6247460696));
#2989 = CARTESIAN_POINT('',(368.68503275418,-341.9827360693,
    110.25619963622));
#2990 = CARTESIAN_POINT('',(371.24903411287,-340.1066421718,
    110.58850635637));
#2991 = CARTESIAN_POINT('',(377.42638182418,-339.726905195,
    110.59971982141));
#2992 = CARTESIAN_POINT('',(379.73562276372,-343.7312521734,
    110.05276051003));
#2993 = CARTESIAN_POINT('',(385.92015942773,-339.3226250036,
    110.57174879107));
#2994 = CARTESIAN_POINT('',(387.95796901408,-351.6855737869,
    108.75077370862));
#2995 = CARTESIAN_POINT('',(392.55136708921,-349.2538494832,
    109.52229230625));
#2996 = CARTESIAN_POINT('',(397.86107277384,-339.1452008262,
    111.20303650785));
#2997 = CARTESIAN_POINT('',(397.6403,-348.7544166292,109.72958501464));
#2998 = PCURVE('',#2752,#2999);
#2999 = DEFINITIONAL_REPRESENTATION('',(#3000),#3004);
#3000 = LINE('',#3001,#3002);
#3001 = CARTESIAN_POINT('',(11.,0.));
#3002 = VECTOR('',#3003,1.);
#3003 = DIRECTION('',(0.,1.));
#3004 = ( GEOMETRIC_REPRESENTATION_CONTEXT(2) 
PARAMETRIC_REPRESENTATION_CONTEXT() REPRESENTATION_CONTEXT('2D SPACE',''
  ) );
#3005 = PCURVE('',#3006,#3133);
#3006 = ( BOUNDED_SURFACE() B_SPLINE_SURFACE(1,3,(
    (#3007,#3008,#3009,#3010,#3011,#3012,#3013,#3014,#3015,#3016,#3017
      ,#3018,#3019,#3020,#3021,#3022,#3023,#3024,#3025,#3026,#3027,#3028
      ,#3029,#3030,#3031,#3032,#3033,#3034,#3035,#3036,#3037,#3038,#3039
      ,#3040,#3041,#3042,#3043,#3044,#3045,#3046,#3047,#3048,#3049,#3050
      ,#3051,#3052,#3053,#3054,#3055,#3056,#3057,#3058,#3059,#3060,#3061
      ,#3062,#3063,#3064,#3065,#3066,#3067,#3068,#3069)
    ,(#3070,#3071,#3072,#3073,#3074,#3075,#3076,#3077,#3078,#3079,#3080
      ,#3081,#3082,#3083,#3084,#3085,#3086,#3087,#3088,#3089,#3090,#3091
      ,#3092,#3093,#3094,#3095,#3096,#3097,#3098,#3099,#3100,#3101,#3102
      ,#3103,#3104,#3105,#3106,#3107,#3108,#3109,#3110,#3111,#3112,#3113
      ,#3114,#3115,#3116,#3117,#3118,#3119,#3120,#3121,#3122,#3123,#3124
      ,#3125,#3126,#3127,#3128,#3129,#3130,#3131,#3132
)),.UNSPECIFIED.,.F.,.F.,.F.) B_SPLINE_SURFACE_WITH_KNOTS((2,2),(4,1,1,1
    ,1,1,1,1,1,1,1,1,1,1,1,1,1,1,1,1,1,1,1,1,1,1,1,1,1,1,1,1,1,1,1,1,1,1
    ,1,1,1,1,1,1,1,1,1,1,1,1,1,1,1,1,1,1,1,1,1,1,4),(11.,12.),(0.,
    1.732138582393E-02,3.476147556169E-02,5.682134329819E-02,
    7.1962296323E-02,9.668171057498E-02,0.117312720082,0.137726814038,
    0.152748180615,0.167749813045,0.182740680817,0.197724569486,
    0.212727858992,0.227712266626,0.242722186927,0.257740578549,
    0.272730613132,0.287749851447,0.302807253127,0.317909897629,
    0.333164876512,0.348417208457,0.363717555355,0.379021830365,
    0.39430254102,0.409403510223,0.424503833082,0.439703221214,
    0.455034147268,0.475266642259,0.494822408855,0.514358099005,
    0.53448350075,0.549791243926,0.564993335593,0.580114457875,
    0.595233122966,0.610524778841,0.625831283594,0.641129798524,
    0.656395058325,0.671658347301,0.686764177688,0.701824559728,
    0.716841998439,0.731832580826,0.74685884212,0.761877146393,
    0.776861271766,0.791847146503,0.806852809101,0.821843806167,
    0.836903306197,0.851969913481,0.873073700462,0.890743423327,
    0.916073608219,0.937085032849,0.966089436802,0.983488965917,1.),
.UNSPECIFIED.) GEOMETRIC_REPRESENTATION_ITEM() RATIONAL_B_SPLINE_SURFACE
((
    (1.,0.99999999999,1.000000000005,0.999999999998,1.,1.,1.,1.,1.,1.,1.
      ,1.,1.,1.,1.,1.,1.,1.,1.,1.,1.,1.,1.,1.,1.,1.,1.,1.,1.,1.,1.,1.,1.
      ,1.,1.,1.,1.,1.,1.,1.,1.,1.,1.,1.,1.,1.,1.,1.,1.,1.,1.,1.,1.,1.,1.
      ,1.,1.,1.,1.,0.999999999999,1.000000000002,0.999999999996,1.)
    ,(1.,0.99999999999,1.000000000005,0.999999999998,1.,1.,1.,1.,1.,1.
      ,1.,1.,1.,1.,1.,1.,1.,1.,1.,1.,1.,1.,1.,1.,1.,1.,1.,1.,1.,1.,1.,1.
      ,1.,1.,1.,1.,1.,1.,1.,1.,1.,1.,1.,1.,1.,1.,1.,1.,1.,1.,1.,1.,1.,1.
      ,1.,1.,1.,1.,1.,0.999999999999,1.000000000002,0.999999999996,1.
))) REPRESENTATION_ITEM('') SURFACE() );
#3007 = CARTESIAN_POINT('',(140.9618,-351.4824279276,109.79343038955));
#3008 = CARTESIAN_POINT('',(139.3469737637,-362.0038528142,
    111.37533070249));
#3009 = CARTESIAN_POINT('',(146.55711552643,-346.3403625054,
    108.8824443649));
#3010 = CARTESIAN_POINT('',(149.83248812156,-346.8544548009,
    108.93903851127));
#3011 = CARTESIAN_POINT('',(152.63844988999,-353.7533520405,
    109.80769384432));
#3012 = CARTESIAN_POINT('',(159.61432189493,-351.1084555691,
    109.17302421919));
#3013 = CARTESIAN_POINT('',(161.57498576671,-359.0579564504,
    110.51371549937));
#3014 = CARTESIAN_POINT('',(166.85069272796,-350.5365665618,
    108.99125047588));
#3015 = CARTESIAN_POINT('',(170.05924171584,-353.2162914498,
    109.50771994135));
#3016 = CARTESIAN_POINT('',(175.2605606702,-352.3894433569,
    109.38674649342));
#3017 = CARTESIAN_POINT('',(179.44145366882,-352.6263019139,
    109.53611733485));
#3018 = CARTESIAN_POINT('',(183.74546905009,-352.6858709219,
    109.61826692797));
#3019 = CARTESIAN_POINT('',(188.02212458981,-352.4760174344,
    109.63974006357));
#3020 = CARTESIAN_POINT('',(192.29363155905,-352.8269258827,
    109.7265206796));
#3021 = CARTESIAN_POINT('',(196.58004983101,-352.9224346043,
    109.94830545498));
#3022 = CARTESIAN_POINT('',(200.85501156117,-352.3599439889,
    109.87305002057));
#3023 = CARTESIAN_POINT('',(205.12596544359,-352.9406866006,
    110.1388375043));
#3024 = CARTESIAN_POINT('',(209.41439322258,-352.7069296384,
    110.22074821789));
#3025 = CARTESIAN_POINT('',(213.69322367635,-352.5414589219,
    110.35525466547));
#3026 = CARTESIAN_POINT('',(217.96934112329,-351.9914842802,
    110.5266159632));
#3027 = CARTESIAN_POINT('',(222.26952895422,-351.7318060503,
    110.94405869235));
#3028 = CARTESIAN_POINT('',(226.5166643478,-350.5875728216,
    111.27514548443));
#3029 = CARTESIAN_POINT('',(230.80856684708,-349.920890885,
    111.61140409858));
#3030 = CARTESIAN_POINT('',(235.07622110161,-348.7326565923,
    111.95630918839));
#3031 = CARTESIAN_POINT('',(239.35488141397,-347.776849645,
    112.31976288139));
#3032 = CARTESIAN_POINT('',(243.60389158591,-346.823534855,
    112.56035322425));
#3033 = CARTESIAN_POINT('',(247.90844854027,-346.3532536957,
    112.60553401146));
#3034 = CARTESIAN_POINT('',(252.2213347776,-346.272414189,
    112.15145788681));
#3035 = CARTESIAN_POINT('',(256.41797633353,-347.085166793,
    112.02746992569));
#3036 = CARTESIAN_POINT('',(261.49749220731,-347.2257208106,
    110.57032559417));
#3037 = CARTESIAN_POINT('',(264.82846846707,-349.7353060761,
    116.27607554962));
#3038 = CARTESIAN_POINT('',(269.29986524939,-342.68066209,
    114.34369489846));
#3039 = CARTESIAN_POINT('',(273.76120192934,-349.1858970316,
    116.06452904982));
#3040 = CARTESIAN_POINT('',(277.11561224167,-349.4314298821,
    111.37021044809));
#3041 = CARTESIAN_POINT('',(282.18739413143,-350.4117001096,
    112.74688076043));
#3042 = CARTESIAN_POINT('',(286.38362479911,-350.0594231763,
    113.4722937716));
#3043 = CARTESIAN_POINT('',(290.6929217221,-349.5011919716,
    114.63976517027));
#3044 = CARTESIAN_POINT('',(294.99728518776,-349.1608944534,
    114.8712642624));
#3045 = CARTESIAN_POINT('',(299.24599549207,-347.8015718636,
    114.65078245173));
#3046 = CARTESIAN_POINT('',(303.52499017227,-346.4205996137,
    114.22946770393));
#3047 = CARTESIAN_POINT('',(307.79622056725,-345.0344870366,
    113.7945045783));
#3048 = CARTESIAN_POINT('',(312.08441986464,-343.5754861144,
    113.39616994951));
#3049 = CARTESIAN_POINT('',(316.3318452167,-342.3167530946,
    112.94485274035));
#3050 = CARTESIAN_POINT('',(320.63289091038,-341.5352133418,
    112.53020940451));
#3051 = CARTESIAN_POINT('',(324.90801010291,-340.811101629,
    112.28076212685));
#3052 = CARTESIAN_POINT('',(329.18807309953,-340.3523326342,
    112.00124645717));
#3053 = CARTESIAN_POINT('',(333.47733801931,-339.925637591,
    111.84793003926));
#3054 = CARTESIAN_POINT('',(337.7470456075,-340.8926508823,
    111.38833047822));
#3055 = CARTESIAN_POINT('',(342.02123400371,-339.8201918014,
    111.46944632066));
#3056 = CARTESIAN_POINT('',(346.30443528757,-340.2544436739,
    111.2491300665));
#3057 = CARTESIAN_POINT('',(350.5884217255,-340.2989427341,
    111.00842733639));
#3058 = CARTESIAN_POINT('',(354.84926238005,-340.3806173519,
    110.90757201475));
#3059 = CARTESIAN_POINT('',(359.17649042862,-340.7726300329,
    110.72916218714));
#3060 = CARTESIAN_POINT('',(363.32021844008,-340.4495554963,
    110.6247460696));
#3061 = CARTESIAN_POINT('',(368.68503275418,-341.9827360693,
    110.25619963622));
#3062 = CARTESIAN_POINT('',(371.24903411287,-340.1066421718,
    110.58850635637));
#3063 = CARTESIAN_POINT('',(377.42638182418,-339.726905195,
    110.59971982141));
#3064 = CARTESIAN_POINT('',(379.73562276372,-343.7312521734,
    110.05276051003));
#3065 = CARTESIAN_POINT('',(385.92015942773,-339.3226250036,
    110.57174879107));
#3066 = CARTESIAN_POINT('',(387.95796901408,-351.6855737869,
    108.75077370862));
#3067 = CARTESIAN_POINT('',(392.55136708921,-349.2538494832,
    109.52229230625));
#3068 = CARTESIAN_POINT('',(397.86107277384,-339.1452008262,
    111.20303650785));
#3069 = CARTESIAN_POINT('',(397.6403,-348.7544166292,109.72958501464));
#3070 = CARTESIAN_POINT('',(140.9618,-351.7025680878,109.82104305499));
#3071 = CARTESIAN_POINT('',(139.3469737637,-362.7840643149,
    111.40954376489));
#3072 = CARTESIAN_POINT('',(146.55711552643,-346.788780378,
    108.96152625403));
#3073 = CARTESIAN_POINT('',(149.83248812156,-347.1543195107,
    108.98246189574));
#3074 = CARTESIAN_POINT('',(152.63844988999,-354.6788080287,
    109.91866376461));
#3075 = CARTESIAN_POINT('',(159.61432189493,-352.2190764501,
    109.36213815805));
#3076 = CARTESIAN_POINT('',(161.57498576671,-359.410323459,
    110.54275940189));
#3077 = CARTESIAN_POINT('',(166.85069272796,-350.9594259893,
    109.07433184524));
#3078 = CARTESIAN_POINT('',(170.05924171584,-354.5842115239,
    109.72421270917));
#3079 = CARTESIAN_POINT('',(175.2605606702,-353.6189993592,
    109.61061690058));
#3080 = CARTESIAN_POINT('',(179.44145366882,-353.941347005,
    109.76239035434));
#3081 = CARTESIAN_POINT('',(183.74546905009,-354.0153464702,
    109.88880729602));
#3082 = CARTESIAN_POINT('',(188.02212458981,-353.8107829279,
    109.88951581175));
#3083 = CARTESIAN_POINT('',(192.29363155905,-354.1948316612,
    110.0285795003));
#3084 = CARTESIAN_POINT('',(196.58004983101,-354.3151860407,
    110.24535299092));
#3085 = CARTESIAN_POINT('',(200.85501156117,-353.6874209705,
    110.17589857226));
#3086 = CARTESIAN_POINT('',(205.12596544359,-354.3298557097,
    110.48380608903));
#3087 = CARTESIAN_POINT('',(209.41439322258,-354.0711444964,
    110.54268711865));
#3088 = CARTESIAN_POINT('',(213.69322367635,-353.8618838641,
    110.74298721131));
#3089 = CARTESIAN_POINT('',(217.96934112329,-353.2649176665,
    110.88544973289));
#3090 = CARTESIAN_POINT('',(222.26952895422,-352.9037891242,
    111.4052613798));
#3091 = CARTESIAN_POINT('',(226.5166643478,-351.702987241,
    111.67995741911));
#3092 = CARTESIAN_POINT('',(230.80856684708,-350.9224884055,
    112.09812661359));
#3093 = CARTESIAN_POINT('',(235.07622110161,-349.656138822,
    112.42649716989));
#3094 = CARTESIAN_POINT('',(239.35488141397,-348.6021708295,
    112.81552038516));
#3095 = CARTESIAN_POINT('',(243.60389158591,-347.5488299361,
    113.05079317135));
#3096 = CARTESIAN_POINT('',(247.90844854027,-347.0316390375,
    113.0281462391));
#3097 = CARTESIAN_POINT('',(252.2213347776,-346.9107991331,
    112.47412874656));
#3098 = CARTESIAN_POINT('',(256.41797633353,-347.6723645631,
    112.29367197859));
#3099 = CARTESIAN_POINT('',(261.49749220731,-347.7075828435,
    110.78078028666));
#3100 = CARTESIAN_POINT('',(264.82846846707,-350.6142718332,
    116.22018108831));
#3101 = CARTESIAN_POINT('',(269.29986524939,-343.2557370926,
    114.3422848417));
#3102 = CARTESIAN_POINT('',(273.76120192934,-350.0549075434,
    116.09050917477));
#3103 = CARTESIAN_POINT('',(277.11561224167,-349.9381967162,
    111.27476343677));
#3104 = CARTESIAN_POINT('',(282.18739413143,-351.0439817666,
    112.62535939134));
#3105 = CARTESIAN_POINT('',(286.38362479911,-350.7552730036,
    113.30436555159));
#3106 = CARTESIAN_POINT('',(290.6929217221,-350.247870555,
    114.35349844475));
#3107 = CARTESIAN_POINT('',(294.99728518776,-349.9407748926,
    114.47289431822));
#3108 = CARTESIAN_POINT('',(299.24599549207,-348.6574482046,
    114.21347831767));
#3109 = CARTESIAN_POINT('',(303.52499017227,-347.3606324175,
    113.79424516844));
#3110 = CARTESIAN_POINT('',(307.79622056725,-346.065026047,
    113.37963490079));
#3111 = CARTESIAN_POINT('',(312.08441986464,-344.6930257116,
    112.99899194923));
#3112 = CARTESIAN_POINT('',(316.3318452167,-343.5116604193,
    112.54722493758));
#3113 = CARTESIAN_POINT('',(320.63289091038,-342.7982832237,
    112.12669311772));
#3114 = CARTESIAN_POINT('',(324.90801010291,-342.127241177,
    111.87083483095));
#3115 = CARTESIAN_POINT('',(329.18807309953,-341.7099330129,
    111.62590226275));
#3116 = CARTESIAN_POINT('',(333.47733801931,-341.3124771314,
    111.48649799813));
#3117 = CARTESIAN_POINT('',(337.7470456075,-342.229670613,
    111.07264219176));
#3118 = CARTESIAN_POINT('',(342.02123400371,-341.2106974643,
    111.14771458789));
#3119 = CARTESIAN_POINT('',(346.30443528757,-341.610954194,
    110.91781376363));
#3120 = CARTESIAN_POINT('',(350.5884217255,-341.6612768442,
    110.73947386799));
#3121 = CARTESIAN_POINT('',(354.84926238005,-341.678050715,
    110.63667875802));
#3122 = CARTESIAN_POINT('',(359.17649042862,-342.0870477205,
    110.44779445317));
#3123 = CARTESIAN_POINT('',(363.32021844008,-341.6773156202,
    110.40477882276));
#3124 = CARTESIAN_POINT('',(368.68503275418,-343.2275187364,
    110.03695296911));
#3125 = CARTESIAN_POINT('',(371.24903411287,-340.9966781697,
    110.42895452245));
#3126 = CARTESIAN_POINT('',(377.42638182418,-340.0140938703,
    110.55290111985));
#3127 = CARTESIAN_POINT('',(379.73562276372,-345.0581813162,
    109.85897145861));
#3128 = CARTESIAN_POINT('',(385.92015942773,-339.6726721825,
    110.47247558885));
#3129 = CARTESIAN_POINT('',(387.95796901408,-351.9758658776,
    108.71141414111));
#3130 = CARTESIAN_POINT('',(392.55136708921,-349.9928511191,
    109.44920115967));
#3131 = CARTESIAN_POINT('',(397.86107277384,-339.2332522609,
    111.18476862421));
#3132 = CARTESIAN_POINT('',(397.6403,-348.9303068179,109.70617137606));
#3133 = DEFINITIONAL_REPRESENTATION('',(#3134),#3138);
#3134 = LINE('',#3135,#3136);
#3135 = CARTESIAN_POINT('',(11.,0.));
#3136 = VECTOR('',#3137,1.);
#3137 = DIRECTION('',(0.,1.));
#3138 = ( GEOMETRIC_REPRESENTATION_CONTEXT(2) 
PARAMETRIC_REPRESENTATION_CONTEXT() REPRESENTATION_CONTEXT('2D SPACE',''
  ) );
#3139 = ORIENTED_EDGE('',*,*,#3140,.F.);
#3140 = EDGE_CURVE('',#2677,#2931,#3141,.T.);
#3141 = SURFACE_CURVE('',#3142,(#3145,#3152),.PCURVE_S1.);
#3142 = B_SPLINE_CURVE_WITH_KNOTS('',1,(#3143,#3144),.UNSPECIFIED.,.F.,
  .F.,(2,2),(10.,11.),.PIECEWISE_BEZIER_KNOTS.);
#3143 = CARTESIAN_POINT('',(397.6403,-348.5785547599,109.75321334924));
#3144 = CARTESIAN_POINT('',(397.6403,-348.7544166292,109.72958501464));
#3145 = PCURVE('',#2752,#3146);
#3146 = DEFINITIONAL_REPRESENTATION('',(#3147),#3151);
#3147 = LINE('',#3148,#3149);
#3148 = CARTESIAN_POINT('',(0.,1.));
#3149 = VECTOR('',#3150,1.);
#3150 = DIRECTION('',(1.,0.));
#3151 = ( GEOMETRIC_REPRESENTATION_CONTEXT(2) 
PARAMETRIC_REPRESENTATION_CONTEXT() REPRESENTATION_CONTEXT('2D SPACE',''
  ) );
#3152 = PCURVE('',#401,#3153);
#3153 = DEFINITIONAL_REPRESENTATION('',(#3154),#3157);
#3154 = B_SPLINE_CURVE_WITH_KNOTS('',1,(#3155,#3156),.UNSPECIFIED.,.F.,
  .F.,(2,2),(10.,11.),.PIECEWISE_BEZIER_KNOTS.);
#3155 = CARTESIAN_POINT('',(-1.064687191479,4.267708062486E-03));
#3156 = CARTESIAN_POINT('',(-0.887272543349,7.388268006366E-03));
#3157 = ( GEOMETRIC_REPRESENTATION_CONTEXT(2) 
PARAMETRIC_REPRESENTATION_CONTEXT() REPRESENTATION_CONTEXT('2D SPACE',''
  ) );
#3158 = ORIENTED_EDGE('',*,*,#2676,.F.);
#3159 = ADVANCED_FACE('',(#3160),#3006,.T.);
#3160 = FACE_BOUND('',#3161,.T.);
#3161 = EDGE_LOOP('',(#3162,#3183,#3393,#3412));
#3162 = ORIENTED_EDGE('',*,*,#3163,.T.);
#3163 = EDGE_CURVE('',#2910,#3164,#3166,.T.);
#3164 = VERTEX_POINT('',#3165);
#3165 = CARTESIAN_POINT('',(140.9618,-351.7025680878,109.82104305499));
#3166 = SURFACE_CURVE('',#3167,(#3170,#3177),.PCURVE_S1.);
#3167 = B_SPLINE_CURVE_WITH_KNOTS('',1,(#3168,#3169),.UNSPECIFIED.,.F.,
  .F.,(2,2),(11.,12.),.PIECEWISE_BEZIER_KNOTS.);
#3168 = CARTESIAN_POINT('',(140.9618,-351.4824279276,109.79343038955));
#3169 = CARTESIAN_POINT('',(140.9618,-351.7025680878,109.82104305499));
#3170 = PCURVE('',#3006,#3171);
#3171 = DEFINITIONAL_REPRESENTATION('',(#3172),#3176);
#3172 = LINE('',#3173,#3174);
#3173 = CARTESIAN_POINT('',(0.,0.));
#3174 = VECTOR('',#3175,1.);
#3175 = DIRECTION('',(1.,0.));
#3176 = ( GEOMETRIC_REPRESENTATION_CONTEXT(2) 
PARAMETRIC_REPRESENTATION_CONTEXT() REPRESENTATION_CONTEXT('2D SPACE',''
  ) );
#3177 = PCURVE('',#165,#3178);
#3178 = DEFINITIONAL_REPRESENTATION('',(#3179),#3182);
#3179 = B_SPLINE_CURVE_WITH_KNOTS('',1,(#3180,#3181),.UNSPECIFIED.,.F.,
  .F.,(2,2),(11.,12.),.PIECEWISE_BEZIER_KNOTS.);
#3180 = CARTESIAN_POINT('',(2.440516764778,-9.583918370026E-08));
#3181 = CARTESIAN_POINT('',(2.662381925212,-1.045518303044E-07));
#3182 = ( GEOMETRIC_REPRESENTATION_CONTEXT(2) 
PARAMETRIC_REPRESENTATION_CONTEXT() REPRESENTATION_CONTEXT('2D SPACE',''
  ) );
#3183 = ORIENTED_EDGE('',*,*,#3184,.T.);
#3184 = EDGE_CURVE('',#3164,#3185,#3187,.T.);
#3185 = VERTEX_POINT('',#3186);
#3186 = CARTESIAN_POINT('',(397.6403,-348.9303068179,109.70617137606));
#3187 = SURFACE_CURVE('',#3188,(#3252,#3259),.PCURVE_S1.);
#3188 = ( BOUNDED_CURVE() B_SPLINE_CURVE(3,(#3189,#3190,#3191,#3192,
    #3193,#3194,#3195,#3196,#3197,#3198,#3199,#3200,#3201,#3202,#3203,
    #3204,#3205,#3206,#3207,#3208,#3209,#3210,#3211,#3212,#3213,#3214,
    #3215,#3216,#3217,#3218,#3219,#3220,#3221,#3222,#3223,#3224,#3225,
    #3226,#3227,#3228,#3229,#3230,#3231,#3232,#3233,#3234,#3235,#3236,
    #3237,#3238,#3239,#3240,#3241,#3242,#3243,#3244,#3245,#3246,#3247,
    #3248,#3249,#3250,#3251),.UNSPECIFIED.,.F.,.F.) 
B_SPLINE_CURVE_WITH_KNOTS((4,1,1,1,1,1,1,1,1,1,1,1,1,1,1,1,1,1,1,1,1,1,1
    ,1,1,1,1,1,1,1,1,1,1,1,1,1,1,1,1,1,1,1,1,1,1,1,1,1,1,1,1,1,1,1,1,1,1
    ,1,1,1,4),(0.,1.732138582393E-02,3.476147556169E-02,
    5.682134329819E-02,7.1962296323E-02,9.668171057498E-02,
    0.117312720082,0.137726814038,0.152748180615,0.167749813045,
    0.182740680817,0.197724569486,0.212727858992,0.227712266626,
    0.242722186927,0.257740578549,0.272730613132,0.287749851447,
    0.302807253127,0.317909897629,0.333164876512,0.348417208457,
    0.363717555355,0.379021830365,0.39430254102,0.409403510223,
    0.424503833082,0.439703221214,0.455034147268,0.475266642259,
    0.494822408855,0.514358099005,0.53448350075,0.549791243926,
    0.564993335593,0.580114457875,0.595233122966,0.610524778841,
    0.625831283594,0.641129798524,0.656395058325,0.671658347301,
    0.686764177688,0.701824559728,0.716841998439,0.731832580826,
    0.74685884212,0.761877146393,0.776861271766,0.791847146503,
    0.806852809101,0.821843806167,0.836903306197,0.851969913481,
    0.873073700462,0.890743423327,0.916073608219,0.937085032849,
0.966089436802,0.983488965917,1.),.UNSPECIFIED.) CURVE() 
GEOMETRIC_REPRESENTATION_ITEM() RATIONAL_B_SPLINE_CURVE((1.,
    0.99999999999,1.000000000005,0.999999999998,1.,1.,1.,1.,1.,1.,1.,1.,
    1.,1.,1.,1.,1.,1.,1.,1.,1.,1.,1.,1.,1.,1.,1.,1.,1.,1.,1.,1.,1.,1.,1.
    ,1.,1.,1.,1.,1.,1.,1.,1.,1.,1.,1.,1.,1.,1.,1.,1.,1.,1.,1.,1.,1.,1.,
    1.,1.,0.999999999999,1.000000000002,0.999999999996,1.)) 
REPRESENTATION_ITEM('') );
#3189 = CARTESIAN_POINT('',(140.9618,-351.7025680878,109.82104305499));
#3190 = CARTESIAN_POINT('',(139.3469737637,-362.7840643149,
    111.40954376489));
#3191 = CARTESIAN_POINT('',(146.55711552643,-346.788780378,
    108.96152625403));
#3192 = CARTESIAN_POINT('',(149.83248812156,-347.1543195107,
    108.98246189574));
#3193 = CARTESIAN_POINT('',(152.63844988999,-354.6788080287,
    109.91866376461));
#3194 = CARTESIAN_POINT('',(159.61432189493,-352.2190764501,
    109.36213815805));
#3195 = CARTESIAN_POINT('',(161.57498576671,-359.410323459,
    110.54275940189));
#3196 = CARTESIAN_POINT('',(166.85069272796,-350.9594259893,
    109.07433184524));
#3197 = CARTESIAN_POINT('',(170.05924171584,-354.5842115239,
    109.72421270917));
#3198 = CARTESIAN_POINT('',(175.2605606702,-353.6189993592,
    109.61061690058));
#3199 = CARTESIAN_POINT('',(179.44145366882,-353.941347005,
    109.76239035434));
#3200 = CARTESIAN_POINT('',(183.74546905009,-354.0153464702,
    109.88880729602));
#3201 = CARTESIAN_POINT('',(188.02212458981,-353.8107829279,
    109.88951581175));
#3202 = CARTESIAN_POINT('',(192.29363155905,-354.1948316612,
    110.0285795003));
#3203 = CARTESIAN_POINT('',(196.58004983101,-354.3151860407,
    110.24535299092));
#3204 = CARTESIAN_POINT('',(200.85501156117,-353.6874209705,
    110.17589857226));
#3205 = CARTESIAN_POINT('',(205.12596544359,-354.3298557097,
    110.48380608903));
#3206 = CARTESIAN_POINT('',(209.41439322258,-354.0711444964,
    110.54268711865));
#3207 = CARTESIAN_POINT('',(213.69322367635,-353.8618838641,
    110.74298721131));
#3208 = CARTESIAN_POINT('',(217.96934112329,-353.2649176665,
    110.88544973289));
#3209 = CARTESIAN_POINT('',(222.26952895422,-352.9037891242,
    111.4052613798));
#3210 = CARTESIAN_POINT('',(226.5166643478,-351.702987241,
    111.67995741911));
#3211 = CARTESIAN_POINT('',(230.80856684708,-350.9224884055,
    112.09812661359));
#3212 = CARTESIAN_POINT('',(235.07622110161,-349.656138822,
    112.42649716989));
#3213 = CARTESIAN_POINT('',(239.35488141397,-348.6021708295,
    112.81552038516));
#3214 = CARTESIAN_POINT('',(243.60389158591,-347.5488299361,
    113.05079317135));
#3215 = CARTESIAN_POINT('',(247.90844854027,-347.0316390375,
    113.0281462391));
#3216 = CARTESIAN_POINT('',(252.2213347776,-346.9107991331,
    112.47412874656));
#3217 = CARTESIAN_POINT('',(256.41797633353,-347.6723645631,
    112.29367197859));
#3218 = CARTESIAN_POINT('',(261.49749220731,-347.7075828435,
    110.78078028666));
#3219 = CARTESIAN_POINT('',(264.82846846707,-350.6142718332,
    116.22018108831));
#3220 = CARTESIAN_POINT('',(269.29986524939,-343.2557370926,
    114.3422848417));
#3221 = CARTESIAN_POINT('',(273.76120192934,-350.0549075434,
    116.09050917477));
#3222 = CARTESIAN_POINT('',(277.11561224167,-349.9381967162,
    111.27476343677));
#3223 = CARTESIAN_POINT('',(282.18739413143,-351.0439817666,
    112.62535939134));
#3224 = CARTESIAN_POINT('',(286.38362479911,-350.7552730036,
    113.30436555159));
#3225 = CARTESIAN_POINT('',(290.6929217221,-350.247870555,
    114.35349844475));
#3226 = CARTESIAN_POINT('',(294.99728518776,-349.9407748926,
    114.47289431822));
#3227 = CARTESIAN_POINT('',(299.24599549207,-348.6574482046,
    114.21347831767));
#3228 = CARTESIAN_POINT('',(303.52499017227,-347.3606324175,
    113.79424516844));
#3229 = CARTESIAN_POINT('',(307.79622056725,-346.065026047,
    113.37963490079));
#3230 = CARTESIAN_POINT('',(312.08441986464,-344.6930257116,
    112.99899194923));
#3231 = CARTESIAN_POINT('',(316.3318452167,-343.5116604193,
    112.54722493758));
#3232 = CARTESIAN_POINT('',(320.63289091038,-342.7982832237,
    112.12669311772));
#3233 = CARTESIAN_POINT('',(324.90801010291,-342.127241177,
    111.87083483095));
#3234 = CARTESIAN_POINT('',(329.18807309953,-341.7099330129,
    111.62590226275));
#3235 = CARTESIAN_POINT('',(333.47733801931,-341.3124771314,
    111.48649799813));
#3236 = CARTESIAN_POINT('',(337.7470456075,-342.229670613,
    111.07264219176));
#3237 = CARTESIAN_POINT('',(342.02123400371,-341.2106974643,
    111.14771458789));
#3238 = CARTESIAN_POINT('',(346.30443528757,-341.610954194,
    110.91781376363));
#3239 = CARTESIAN_POINT('',(350.5884217255,-341.6612768442,
    110.73947386799));
#3240 = CARTESIAN_POINT('',(354.84926238005,-341.678050715,
    110.63667875802));
#3241 = CARTESIAN_POINT('',(359.17649042862,-342.0870477205,
    110.44779445317));
#3242 = CARTESIAN_POINT('',(363.32021844008,-341.6773156202,
    110.40477882276));
#3243 = CARTESIAN_POINT('',(368.68503275418,-343.2275187364,
    110.03695296911));
#3244 = CARTESIAN_POINT('',(371.24903411287,-340.9966781697,
    110.42895452245));
#3245 = CARTESIAN_POINT('',(377.42638182418,-340.0140938703,
    110.55290111985));
#3246 = CARTESIAN_POINT('',(379.73562276372,-345.0581813162,
    109.85897145861));
#3247 = CARTESIAN_POINT('',(385.92015942773,-339.6726721825,
    110.47247558885));
#3248 = CARTESIAN_POINT('',(387.95796901408,-351.9758658776,
    108.71141414111));
#3249 = CARTESIAN_POINT('',(392.55136708921,-349.9928511191,
    109.44920115967));
#3250 = CARTESIAN_POINT('',(397.86107277384,-339.2332522609,
    111.18476862421));
#3251 = CARTESIAN_POINT('',(397.6403,-348.9303068179,109.70617137606));
#3252 = PCURVE('',#3006,#3253);
#3253 = DEFINITIONAL_REPRESENTATION('',(#3254),#3258);
#3254 = LINE('',#3255,#3256);
#3255 = CARTESIAN_POINT('',(12.,0.));
#3256 = VECTOR('',#3257,1.);
#3257 = DIRECTION('',(0.,1.));
#3258 = ( GEOMETRIC_REPRESENTATION_CONTEXT(2) 
PARAMETRIC_REPRESENTATION_CONTEXT() REPRESENTATION_CONTEXT('2D SPACE',''
  ) );
#3259 = PCURVE('',#3260,#3387);
#3260 = ( BOUNDED_SURFACE() B_SPLINE_SURFACE(1,3,(
    (#3261,#3262,#3263,#3264,#3265,#3266,#3267,#3268,#3269,#3270,#3271
      ,#3272,#3273,#3274,#3275,#3276,#3277,#3278,#3279,#3280,#3281,#3282
      ,#3283,#3284,#3285,#3286,#3287,#3288,#3289,#3290,#3291,#3292,#3293
      ,#3294,#3295,#3296,#3297,#3298,#3299,#3300,#3301,#3302,#3303,#3304
      ,#3305,#3306,#3307,#3308,#3309,#3310,#3311,#3312,#3313,#3314,#3315
      ,#3316,#3317,#3318,#3319,#3320,#3321,#3322,#3323)
    ,(#3324,#3325,#3326,#3327,#3328,#3329,#3330,#3331,#3332,#3333,#3334
      ,#3335,#3336,#3337,#3338,#3339,#3340,#3341,#3342,#3343,#3344,#3345
      ,#3346,#3347,#3348,#3349,#3350,#3351,#3352,#3353,#3354,#3355,#3356
      ,#3357,#3358,#3359,#3360,#3361,#3362,#3363,#3364,#3365,#3366,#3367
      ,#3368,#3369,#3370,#3371,#3372,#3373,#3374,#3375,#3376,#3377,#3378
      ,#3379,#3380,#3381,#3382,#3383,#3384,#3385,#3386
)),.UNSPECIFIED.,.F.,.F.,.F.) B_SPLINE_SURFACE_WITH_KNOTS((2,2),(4,1,1,1
    ,1,1,1,1,1,1,1,1,1,1,1,1,1,1,1,1,1,1,1,1,1,1,1,1,1,1,1,1,1,1,1,1,1,1
    ,1,1,1,1,1,1,1,1,1,1,1,1,1,1,1,1,1,1,1,1,1,1,4),(12.,13.),(0.,
    1.732138582393E-02,3.476147556169E-02,5.682134329819E-02,
    7.1962296323E-02,9.668171057498E-02,0.117312720082,0.137726814038,
    0.152748180615,0.167749813045,0.182740680817,0.197724569486,
    0.212727858992,0.227712266626,0.242722186927,0.257740578549,
    0.272730613132,0.287749851447,0.302807253127,0.317909897629,
    0.333164876512,0.348417208457,0.363717555355,0.379021830365,
    0.39430254102,0.409403510223,0.424503833082,0.439703221214,
    0.455034147268,0.475266642259,0.494822408855,0.514358099005,
    0.53448350075,0.549791243926,0.564993335593,0.580114457875,
    0.595233122966,0.610524778841,0.625831283594,0.641129798524,
    0.656395058325,0.671658347301,0.686764177688,0.701824559728,
    0.716841998439,0.731832580826,0.74685884212,0.761877146393,
    0.776861271766,0.791847146503,0.806852809101,0.821843806167,
    0.836903306197,0.851969913481,0.873073700462,0.890743423327,
    0.916073608219,0.937085032849,0.966089436802,0.983488965917,1.),
.UNSPECIFIED.) GEOMETRIC_REPRESENTATION_ITEM() RATIONAL_B_SPLINE_SURFACE
((
    (1.,0.99999999999,1.000000000005,0.999999999998,1.,1.,1.,1.,1.,1.,1.
      ,1.,1.,1.,1.,1.,1.,1.,1.,1.,1.,1.,1.,1.,1.,1.,1.,1.,1.,1.,1.,1.,1.
      ,1.,1.,1.,1.,1.,1.,1.,1.,1.,1.,1.,1.,1.,1.,1.,1.,1.,1.,1.,1.,1.,1.
      ,1.,1.,1.,1.,0.999999999999,1.000000000002,0.999999999996,1.)
    ,(1.,0.99999999999,1.000000000005,0.999999999998,1.,1.,1.,1.,1.,1.
      ,1.,1.,1.,1.,1.,1.,1.,1.,1.,1.,1.,1.,1.,1.,1.,1.,1.,1.,1.,1.,1.,1.
      ,1.,1.,1.,1.,1.,1.,1.,1.,1.,1.,1.,1.,1.,1.,1.,1.,1.,1.,1.,1.,1.,1.
      ,1.,1.,1.,1.,1.,0.999999999999,1.000000000002,0.999999999996,1.
))) REPRESENTATION_ITEM('') SURFACE() );
#3261 = CARTESIAN_POINT('',(140.9618,-351.7025680878,109.82104305499));
#3262 = CARTESIAN_POINT('',(139.3469737637,-362.7840643149,
    111.40954376489));
#3263 = CARTESIAN_POINT('',(146.55711552643,-346.788780378,
    108.96152625403));
#3264 = CARTESIAN_POINT('',(149.83248812156,-347.1543195107,
    108.98246189574));
#3265 = CARTESIAN_POINT('',(152.63844988999,-354.6788080287,
    109.91866376461));
#3266 = CARTESIAN_POINT('',(159.61432189493,-352.2190764501,
    109.36213815805));
#3267 = CARTESIAN_POINT('',(161.57498576671,-359.410323459,
    110.54275940189));
#3268 = CARTESIAN_POINT('',(166.85069272796,-350.9594259893,
    109.07433184524));
#3269 = CARTESIAN_POINT('',(170.05924171584,-354.5842115239,
    109.72421270917));
#3270 = CARTESIAN_POINT('',(175.2605606702,-353.6189993592,
    109.61061690058));
#3271 = CARTESIAN_POINT('',(179.44145366882,-353.941347005,
    109.76239035434));
#3272 = CARTESIAN_POINT('',(183.74546905009,-354.0153464702,
    109.88880729602));
#3273 = CARTESIAN_POINT('',(188.02212458981,-353.8107829279,
    109.88951581175));
#3274 = CARTESIAN_POINT('',(192.29363155905,-354.1948316612,
    110.0285795003));
#3275 = CARTESIAN_POINT('',(196.58004983101,-354.3151860407,
    110.24535299092));
#3276 = CARTESIAN_POINT('',(200.85501156117,-353.6874209705,
    110.17589857226));
#3277 = CARTESIAN_POINT('',(205.12596544359,-354.3298557097,
    110.48380608903));
#3278 = CARTESIAN_POINT('',(209.41439322258,-354.0711444964,
    110.54268711865));
#3279 = CARTESIAN_POINT('',(213.69322367635,-353.8618838641,
    110.74298721131));
#3280 = CARTESIAN_POINT('',(217.96934112329,-353.2649176665,
    110.88544973289));
#3281 = CARTESIAN_POINT('',(222.26952895422,-352.9037891242,
    111.4052613798));
#3282 = CARTESIAN_POINT('',(226.5166643478,-351.702987241,
    111.67995741911));
#3283 = CARTESIAN_POINT('',(230.80856684708,-350.9224884055,
    112.09812661359));
#3284 = CARTESIAN_POINT('',(235.07622110161,-349.656138822,
    112.42649716989));
#3285 = CARTESIAN_POINT('',(239.35488141397,-348.6021708295,
    112.81552038516));
#3286 = CARTESIAN_POINT('',(243.60389158591,-347.5488299361,
    113.05079317135));
#3287 = CARTESIAN_POINT('',(247.90844854027,-347.0316390375,
    113.0281462391));
#3288 = CARTESIAN_POINT('',(252.2213347776,-346.9107991331,
    112.47412874656));
#3289 = CARTESIAN_POINT('',(256.41797633353,-347.6723645631,
    112.29367197859));
#3290 = CARTESIAN_POINT('',(261.49749220731,-347.7075828435,
    110.78078028666));
#3291 = CARTESIAN_POINT('',(264.82846846707,-350.6142718332,
    116.22018108831));
#3292 = CARTESIAN_POINT('',(269.29986524939,-343.2557370926,
    114.3422848417));
#3293 = CARTESIAN_POINT('',(273.76120192934,-350.0549075434,
    116.09050917477));
#3294 = CARTESIAN_POINT('',(277.11561224167,-349.9381967162,
    111.27476343677));
#3295 = CARTESIAN_POINT('',(282.18739413143,-351.0439817666,
    112.62535939134));
#3296 = CARTESIAN_POINT('',(286.38362479911,-350.7552730036,
    113.30436555159));
#3297 = CARTESIAN_POINT('',(290.6929217221,-350.247870555,
    114.35349844475));
#3298 = CARTESIAN_POINT('',(294.99728518776,-349.9407748926,
    114.47289431822));
#3299 = CARTESIAN_POINT('',(299.24599549207,-348.6574482046,
    114.21347831767));
#3300 = CARTESIAN_POINT('',(303.52499017227,-347.3606324175,
    113.79424516844));
#3301 = CARTESIAN_POINT('',(307.79622056725,-346.065026047,
    113.37963490079));
#3302 = CARTESIAN_POINT('',(312.08441986464,-344.6930257116,
    112.99899194923));
#3303 = CARTESIAN_POINT('',(316.3318452167,-343.5116604193,
    112.54722493758));
#3304 = CARTESIAN_POINT('',(320.63289091038,-342.7982832237,
    112.12669311772));
#3305 = CARTESIAN_POINT('',(324.90801010291,-342.127241177,
    111.87083483095));
#3306 = CARTESIAN_POINT('',(329.18807309953,-341.7099330129,
    111.62590226275));
#3307 = CARTESIAN_POINT('',(333.47733801931,-341.3124771314,
    111.48649799813));
#3308 = CARTESIAN_POINT('',(337.7470456075,-342.229670613,
    111.07264219176));
#3309 = CARTESIAN_POINT('',(342.02123400371,-341.2106974643,
    111.14771458789));
#3310 = CARTESIAN_POINT('',(346.30443528757,-341.610954194,
    110.91781376363));
#3311 = CARTESIAN_POINT('',(350.5884217255,-341.6612768442,
    110.73947386799));
#3312 = CARTESIAN_POINT('',(354.84926238005,-341.678050715,
    110.63667875802));
#3313 = CARTESIAN_POINT('',(359.17649042862,-342.0870477205,
    110.44779445317));
#3314 = CARTESIAN_POINT('',(363.32021844008,-341.6773156202,
    110.40477882276));
#3315 = CARTESIAN_POINT('',(368.68503275418,-343.2275187364,
    110.03695296911));
#3316 = CARTESIAN_POINT('',(371.24903411287,-340.9966781697,
    110.42895452245));
#3317 = CARTESIAN_POINT('',(377.42638182418,-340.0140938703,
    110.55290111985));
#3318 = CARTESIAN_POINT('',(379.73562276372,-345.0581813162,
    109.85897145861));
#3319 = CARTESIAN_POINT('',(385.92015942773,-339.6726721825,
    110.47247558885));
#3320 = CARTESIAN_POINT('',(387.95796901408,-351.9758658776,
    108.71141414111));
#3321 = CARTESIAN_POINT('',(392.55136708921,-349.9928511191,
    109.44920115967));
#3322 = CARTESIAN_POINT('',(397.86107277384,-339.2332522609,
    111.18476862421));
#3323 = CARTESIAN_POINT('',(397.6403,-348.9303068179,109.70617137606));
#3324 = CARTESIAN_POINT('',(140.9618,-351.9227082479,109.84865572043));
#3325 = CARTESIAN_POINT('',(139.3469737637,-363.5638401737,
    111.44669678421));
#3326 = CARTESIAN_POINT('',(146.55711552643,-347.2373962201,
    109.03927205485));
#3327 = CARTESIAN_POINT('',(149.83248812156,-347.4541288448,
    109.02625929661));
#3328 = CARTESIAN_POINT('',(152.63844988999,-355.6042118038,
    110.02998476044));
#3329 = CARTESIAN_POINT('',(159.61432189493,-353.3298939554,
    109.54992912129));
#3330 = CARTESIAN_POINT('',(161.57498576671,-359.7614669781,
    110.58003610477));
#3331 = CARTESIAN_POINT('',(166.85069272796,-351.3826431472,
    109.15507101682));
#3332 = CARTESIAN_POINT('',(170.05924171584,-355.9518750713,
    109.94219962783));
#3333 = CARTESIAN_POINT('',(175.2605606702,-354.8490999334,
    109.83144134876));
#3334 = CARTESIAN_POINT('',(179.44145366882,-355.2556138324,
    109.99286222789));
#3335 = CARTESIAN_POINT('',(183.74546905009,-355.3473888671,
    110.14560678177));
#3336 = CARTESIAN_POINT('',(188.02212458981,-355.1449999257,
    110.14231308717));
#3337 = CARTESIAN_POINT('',(192.29363155905,-355.5623605398,
    110.33231434036));
#3338 = CARTESIAN_POINT('',(196.58004983101,-355.7090327442,
    110.53735985372));
#3339 = CARTESIAN_POINT('',(200.85501156117,-355.0147968903,
    110.47941753879));
#3340 = CARTESIAN_POINT('',(205.12596544359,-355.7183323162,
    110.83114073539));
#3341 = CARTESIAN_POINT('',(209.41439322258,-355.4382260792,
    110.85450737298));
#3342 = CARTESIAN_POINT('',(213.69322367635,-355.1714976597,
    111.16895837199));
#3343 = CARTESIAN_POINT('',(217.96934112329,-354.5219924618,
    111.29270035307));
#3344 = CARTESIAN_POINT('',(222.26952895422,-354.1021662574,
    111.79080265005));
#3345 = CARTESIAN_POINT('',(226.5166643478,-352.8192459267,
    112.08521459017));
#3346 = CARTESIAN_POINT('',(230.80856684708,-351.9240181821,
    112.58448236266));
#3347 = CARTESIAN_POINT('',(235.07622110161,-350.5790425519,
    112.89770925754));
#3348 = CARTESIAN_POINT('',(239.35488141397,-349.4298724362,
    113.30755112003));
#3349 = CARTESIAN_POINT('',(243.60389158591,-348.2652414213,
    113.5550236658));
#3350 = CARTESIAN_POINT('',(247.90844854027,-347.7196425918,
    113.43593023514));
#3351 = CARTESIAN_POINT('',(252.2213347776,-347.5669890962,
    112.76472873955));
#3352 = CARTESIAN_POINT('',(256.41797633353,-348.2946013209,
    112.46370149357));
#3353 = CARTESIAN_POINT('',(261.49749220731,-348.1878306375,
    110.98933575429));
#3354 = CARTESIAN_POINT('',(264.82846846707,-351.4938603966,
    116.16561385095));
#3355 = CARTESIAN_POINT('',(269.29986524939,-343.8300930326,
    114.33779319703));
#3356 = CARTESIAN_POINT('',(273.76120192934,-350.9262148491,
    116.12766903628));
#3357 = CARTESIAN_POINT('',(277.11561224167,-350.4371110589,
    111.14068184598));
#3358 = CARTESIAN_POINT('',(282.18739413143,-351.6749535805,
    112.47331466366));
#3359 = CARTESIAN_POINT('',(286.38362479911,-351.4262603174,
    113.07972834863));
#3360 = CARTESIAN_POINT('',(290.6929217221,-350.9922878645,
    114.05808885639));
#3361 = CARTESIAN_POINT('',(294.99728518776,-350.7211089392,
    114.07671611215));
#3362 = CARTESIAN_POINT('',(299.24599549207,-349.5124072978,
    113.77382440806));
#3363 = CARTESIAN_POINT('',(303.52499017227,-348.3027273562,
    113.3639267145));
#3364 = CARTESIAN_POINT('',(307.79622056725,-347.0882454362,
    112.94752615451));
#3365 = CARTESIAN_POINT('',(312.08441986464,-345.7970365536,
    112.56576742594));
#3366 = CARTESIAN_POINT('',(316.3318452167,-344.701134924,
    112.13335488684));
#3367 = CARTESIAN_POINT('',(320.63289091038,-344.0554846336,
    111.70357361813));
#3368 = CARTESIAN_POINT('',(324.90801010291,-343.4557348047,
    111.50257350661));
#3369 = CARTESIAN_POINT('',(329.18807309953,-343.0622654601,
    111.23180311888));
#3370 = CARTESIAN_POINT('',(333.47733801931,-342.7066474001,
    111.15345206941));
#3371 = CARTESIAN_POINT('',(337.7470456075,-343.5683412046,
    110.76439828043));
#3372 = CARTESIAN_POINT('',(342.02123400371,-342.6062140129,
    110.84828685202));
#3373 = CARTESIAN_POINT('',(346.30443528757,-342.9736940908,
    110.61425147147));
#3374 = CARTESIAN_POINT('',(350.5884217255,-343.0215821673,
    110.46150676525));
#3375 = CARTESIAN_POINT('',(354.84926238005,-342.9825001432,
    110.40172586758));
#3376 = CARTESIAN_POINT('',(359.17649042862,-343.4079915975,
    110.20012416058));
#3377 = CARTESIAN_POINT('',(363.32021844008,-342.9060753776,
    110.19059421487));
#3378 = CARTESIAN_POINT('',(368.68503275418,-344.47349323,
    109.82462538202));
#3379 = CARTESIAN_POINT('',(371.24903411287,-341.8866962562,
    110.26931983144));
#3380 = CARTESIAN_POINT('',(377.42638182418,-340.3015703177,
    110.50768136123));
#3381 = CARTESIAN_POINT('',(379.73562276372,-346.383488553,
    109.65613644797));
#3382 = CARTESIAN_POINT('',(385.92015942773,-340.0283771183,
    110.40476266826));
#3383 = CARTESIAN_POINT('',(387.95796901408,-352.2662578095,
    108.67296327951));
#3384 = CARTESIAN_POINT('',(392.55136708921,-350.7300982908,
    109.36635584199));
#3385 = CARTESIAN_POINT('',(397.86107277384,-339.3253133148,
    111.1886211062));
#3386 = CARTESIAN_POINT('',(397.6403,-349.106280523,109.68339089356));
#3387 = DEFINITIONAL_REPRESENTATION('',(#3388),#3392);
#3388 = LINE('',#3389,#3390);
#3389 = CARTESIAN_POINT('',(12.,0.));
#3390 = VECTOR('',#3391,1.);
#3391 = DIRECTION('',(0.,1.));
#3392 = ( GEOMETRIC_REPRESENTATION_CONTEXT(2) 
PARAMETRIC_REPRESENTATION_CONTEXT() REPRESENTATION_CONTEXT('2D SPACE',''
  ) );
#3393 = ORIENTED_EDGE('',*,*,#3394,.F.);
#3394 = EDGE_CURVE('',#2931,#3185,#3395,.T.);
#3395 = SURFACE_CURVE('',#3396,(#3399,#3406),.PCURVE_S1.);
#3396 = B_SPLINE_CURVE_WITH_KNOTS('',1,(#3397,#3398),.UNSPECIFIED.,.F.,
  .F.,(2,2),(11.,12.),.PIECEWISE_BEZIER_KNOTS.);
#3397 = CARTESIAN_POINT('',(397.6403,-348.7544166292,109.72958501464));
#3398 = CARTESIAN_POINT('',(397.6403,-348.9303068179,109.70617137606));
#3399 = PCURVE('',#3006,#3400);
#3400 = DEFINITIONAL_REPRESENTATION('',(#3401),#3405);
#3401 = LINE('',#3402,#3403);
#3402 = CARTESIAN_POINT('',(0.,1.));
#3403 = VECTOR('',#3404,1.);
#3404 = DIRECTION('',(1.,0.));
#3405 = ( GEOMETRIC_REPRESENTATION_CONTEXT(2) 
PARAMETRIC_REPRESENTATION_CONTEXT() REPRESENTATION_CONTEXT('2D SPACE',''
  ) );
#3406 = PCURVE('',#401,#3407);
#3407 = DEFINITIONAL_REPRESENTATION('',(#3408),#3411);
#3408 = B_SPLINE_CURVE_WITH_KNOTS('',1,(#3409,#3410),.UNSPECIFIED.,.F.,
  .F.,(2,2),(11.,12.),.PIECEWISE_BEZIER_KNOTS.);
#3409 = CARTESIAN_POINT('',(-0.887272543349,7.388268006366E-03));
#3410 = CARTESIAN_POINT('',(-0.709854608576,1.029229719521E-02));
#3411 = ( GEOMETRIC_REPRESENTATION_CONTEXT(2) 
PARAMETRIC_REPRESENTATION_CONTEXT() REPRESENTATION_CONTEXT('2D SPACE',''
  ) );
#3412 = ORIENTED_EDGE('',*,*,#2930,.F.);
#3413 = ADVANCED_FACE('',(#3414),#3260,.T.);
#3414 = FACE_BOUND('',#3415,.T.);
#3415 = EDGE_LOOP('',(#3416,#3437,#3647,#3666));
#3416 = ORIENTED_EDGE('',*,*,#3417,.T.);
#3417 = EDGE_CURVE('',#3164,#3418,#3420,.T.);
#3418 = VERTEX_POINT('',#3419);
#3419 = CARTESIAN_POINT('',(140.9618,-351.9227082479,109.84865572043));
#3420 = SURFACE_CURVE('',#3421,(#3424,#3431),.PCURVE_S1.);
#3421 = B_SPLINE_CURVE_WITH_KNOTS('',1,(#3422,#3423),.UNSPECIFIED.,.F.,
  .F.,(2,2),(12.,13.),.PIECEWISE_BEZIER_KNOTS.);
#3422 = CARTESIAN_POINT('',(140.9618,-351.7025680878,109.82104305499));
#3423 = CARTESIAN_POINT('',(140.9618,-351.9227082479,109.84865572043));
#3424 = PCURVE('',#3260,#3425);
#3425 = DEFINITIONAL_REPRESENTATION('',(#3426),#3430);
#3426 = LINE('',#3427,#3428);
#3427 = CARTESIAN_POINT('',(0.,0.));
#3428 = VECTOR('',#3429,1.);
#3429 = DIRECTION('',(1.,0.));
#3430 = ( GEOMETRIC_REPRESENTATION_CONTEXT(2) 
PARAMETRIC_REPRESENTATION_CONTEXT() REPRESENTATION_CONTEXT('2D SPACE',''
  ) );
#3431 = PCURVE('',#165,#3432);
#3432 = DEFINITIONAL_REPRESENTATION('',(#3433),#3436);
#3433 = B_SPLINE_CURVE_WITH_KNOTS('',1,(#3434,#3435),.UNSPECIFIED.,.F.,
  .F.,(2,2),(12.,13.),.PIECEWISE_BEZIER_KNOTS.);
#3434 = CARTESIAN_POINT('',(2.662381925212,-1.045518303044E-07));
#3435 = CARTESIAN_POINT('',(2.884247085646,-1.132644769086E-07));
#3436 = ( GEOMETRIC_REPRESENTATION_CONTEXT(2) 
PARAMETRIC_REPRESENTATION_CONTEXT() REPRESENTATION_CONTEXT('2D SPACE',''
  ) );
#3437 = ORIENTED_EDGE('',*,*,#3438,.T.);
#3438 = EDGE_CURVE('',#3418,#3439,#3441,.T.);
#3439 = VERTEX_POINT('',#3440);
#3440 = CARTESIAN_POINT('',(397.6403,-349.106280523,109.68339089356));
#3441 = SURFACE_CURVE('',#3442,(#3506,#3513),.PCURVE_S1.);
#3442 = ( BOUNDED_CURVE() B_SPLINE_CURVE(3,(#3443,#3444,#3445,#3446,
    #3447,#3448,#3449,#3450,#3451,#3452,#3453,#3454,#3455,#3456,#3457,
    #3458,#3459,#3460,#3461,#3462,#3463,#3464,#3465,#3466,#3467,#3468,
    #3469,#3470,#3471,#3472,#3473,#3474,#3475,#3476,#3477,#3478,#3479,
    #3480,#3481,#3482,#3483,#3484,#3485,#3486,#3487,#3488,#3489,#3490,
    #3491,#3492,#3493,#3494,#3495,#3496,#3497,#3498,#3499,#3500,#3501,
    #3502,#3503,#3504,#3505),.UNSPECIFIED.,.F.,.F.) 
B_SPLINE_CURVE_WITH_KNOTS((4,1,1,1,1,1,1,1,1,1,1,1,1,1,1,1,1,1,1,1,1,1,1
    ,1,1,1,1,1,1,1,1,1,1,1,1,1,1,1,1,1,1,1,1,1,1,1,1,1,1,1,1,1,1,1,1,1,1
    ,1,1,1,4),(0.,1.732138582393E-02,3.476147556169E-02,
    5.682134329819E-02,7.1962296323E-02,9.668171057498E-02,
    0.117312720082,0.137726814038,0.152748180615,0.167749813045,
    0.182740680817,0.197724569486,0.212727858992,0.227712266626,
    0.242722186927,0.257740578549,0.272730613132,0.287749851447,
    0.302807253127,0.317909897629,0.333164876512,0.348417208457,
    0.363717555355,0.379021830365,0.39430254102,0.409403510223,
    0.424503833082,0.439703221214,0.455034147268,0.475266642259,
    0.494822408855,0.514358099005,0.53448350075,0.549791243926,
    0.564993335593,0.580114457875,0.595233122966,0.610524778841,
    0.625831283594,0.641129798524,0.656395058325,0.671658347301,
    0.686764177688,0.701824559728,0.716841998439,0.731832580826,
    0.74685884212,0.761877146393,0.776861271766,0.791847146503,
    0.806852809101,0.821843806167,0.836903306197,0.851969913481,
    0.873073700462,0.890743423327,0.916073608219,0.937085032849,
0.966089436802,0.983488965917,1.),.UNSPECIFIED.) CURVE() 
GEOMETRIC_REPRESENTATION_ITEM() RATIONAL_B_SPLINE_CURVE((1.,
    0.99999999999,1.000000000005,0.999999999998,1.,1.,1.,1.,1.,1.,1.,1.,
    1.,1.,1.,1.,1.,1.,1.,1.,1.,1.,1.,1.,1.,1.,1.,1.,1.,1.,1.,1.,1.,1.,1.
    ,1.,1.,1.,1.,1.,1.,1.,1.,1.,1.,1.,1.,1.,1.,1.,1.,1.,1.,1.,1.,1.,1.,
    1.,1.,0.999999999999,1.000000000002,0.999999999996,1.)) 
REPRESENTATION_ITEM('') );
#3443 = CARTESIAN_POINT('',(140.9618,-351.9227082479,109.84865572043));
#3444 = CARTESIAN_POINT('',(139.3469737637,-363.5638401737,
    111.44669678421));
#3445 = CARTESIAN_POINT('',(146.55711552643,-347.2373962201,
    109.03927205485));
#3446 = CARTESIAN_POINT('',(149.83248812156,-347.4541288448,
    109.02625929661));
#3447 = CARTESIAN_POINT('',(152.63844988999,-355.6042118038,
    110.02998476044));
#3448 = CARTESIAN_POINT('',(159.61432189493,-353.3298939554,
    109.54992912129));
#3449 = CARTESIAN_POINT('',(161.57498576671,-359.7614669781,
    110.58003610477));
#3450 = CARTESIAN_POINT('',(166.85069272796,-351.3826431472,
    109.15507101682));
#3451 = CARTESIAN_POINT('',(170.05924171584,-355.9518750713,
    109.94219962783));
#3452 = CARTESIAN_POINT('',(175.2605606702,-354.8490999334,
    109.83144134876));
#3453 = CARTESIAN_POINT('',(179.44145366882,-355.2556138324,
    109.99286222789));
#3454 = CARTESIAN_POINT('',(183.74546905009,-355.3473888671,
    110.14560678177));
#3455 = CARTESIAN_POINT('',(188.02212458981,-355.1449999257,
    110.14231308717));
#3456 = CARTESIAN_POINT('',(192.29363155905,-355.5623605398,
    110.33231434036));
#3457 = CARTESIAN_POINT('',(196.58004983101,-355.7090327442,
    110.53735985372));
#3458 = CARTESIAN_POINT('',(200.85501156117,-355.0147968903,
    110.47941753879));
#3459 = CARTESIAN_POINT('',(205.12596544359,-355.7183323162,
    110.83114073539));
#3460 = CARTESIAN_POINT('',(209.41439322258,-355.4382260792,
    110.85450737298));
#3461 = CARTESIAN_POINT('',(213.69322367635,-355.1714976597,
    111.16895837199));
#3462 = CARTESIAN_POINT('',(217.96934112329,-354.5219924618,
    111.29270035307));
#3463 = CARTESIAN_POINT('',(222.26952895422,-354.1021662574,
    111.79080265005));
#3464 = CARTESIAN_POINT('',(226.5166643478,-352.8192459267,
    112.08521459017));
#3465 = CARTESIAN_POINT('',(230.80856684708,-351.9240181821,
    112.58448236266));
#3466 = CARTESIAN_POINT('',(235.07622110161,-350.5790425519,
    112.89770925754));
#3467 = CARTESIAN_POINT('',(239.35488141397,-349.4298724362,
    113.30755112003));
#3468 = CARTESIAN_POINT('',(243.60389158591,-348.2652414213,
    113.5550236658));
#3469 = CARTESIAN_POINT('',(247.90844854027,-347.7196425918,
    113.43593023514));
#3470 = CARTESIAN_POINT('',(252.2213347776,-347.5669890962,
    112.76472873955));
#3471 = CARTESIAN_POINT('',(256.41797633353,-348.2946013209,
    112.46370149357));
#3472 = CARTESIAN_POINT('',(261.49749220731,-348.1878306375,
    110.98933575429));
#3473 = CARTESIAN_POINT('',(264.82846846707,-351.4938603966,
    116.16561385095));
#3474 = CARTESIAN_POINT('',(269.29986524939,-343.8300930326,
    114.33779319703));
#3475 = CARTESIAN_POINT('',(273.76120192934,-350.9262148491,
    116.12766903628));
#3476 = CARTESIAN_POINT('',(277.11561224167,-350.4371110589,
    111.14068184598));
#3477 = CARTESIAN_POINT('',(282.18739413143,-351.6749535805,
    112.47331466366));
#3478 = CARTESIAN_POINT('',(286.38362479911,-351.4262603174,
    113.07972834863));
#3479 = CARTESIAN_POINT('',(290.6929217221,-350.9922878645,
    114.05808885639));
#3480 = CARTESIAN_POINT('',(294.99728518776,-350.7211089392,
    114.07671611215));
#3481 = CARTESIAN_POINT('',(299.24599549207,-349.5124072978,
    113.77382440806));
#3482 = CARTESIAN_POINT('',(303.52499017227,-348.3027273562,
    113.3639267145));
#3483 = CARTESIAN_POINT('',(307.79622056725,-347.0882454362,
    112.94752615451));
#3484 = CARTESIAN_POINT('',(312.08441986464,-345.7970365536,
    112.56576742594));
#3485 = CARTESIAN_POINT('',(316.3318452167,-344.701134924,
    112.13335488684));
#3486 = CARTESIAN_POINT('',(320.63289091038,-344.0554846336,
    111.70357361813));
#3487 = CARTESIAN_POINT('',(324.90801010291,-343.4557348047,
    111.50257350661));
#3488 = CARTESIAN_POINT('',(329.18807309953,-343.0622654601,
    111.23180311888));
#3489 = CARTESIAN_POINT('',(333.47733801931,-342.7066474001,
    111.15345206941));
#3490 = CARTESIAN_POINT('',(337.7470456075,-343.5683412046,
    110.76439828043));
#3491 = CARTESIAN_POINT('',(342.02123400371,-342.6062140129,
    110.84828685202));
#3492 = CARTESIAN_POINT('',(346.30443528757,-342.9736940908,
    110.61425147147));
#3493 = CARTESIAN_POINT('',(350.5884217255,-343.0215821673,
    110.46150676525));
#3494 = CARTESIAN_POINT('',(354.84926238005,-342.9825001432,
    110.40172586758));
#3495 = CARTESIAN_POINT('',(359.17649042862,-343.4079915975,
    110.20012416058));
#3496 = CARTESIAN_POINT('',(363.32021844008,-342.9060753776,
    110.19059421487));
#3497 = CARTESIAN_POINT('',(368.68503275418,-344.47349323,
    109.82462538202));
#3498 = CARTESIAN_POINT('',(371.24903411287,-341.8866962562,
    110.26931983144));
#3499 = CARTESIAN_POINT('',(377.42638182418,-340.3015703177,
    110.50768136123));
#3500 = CARTESIAN_POINT('',(379.73562276372,-346.383488553,
    109.65613644797));
#3501 = CARTESIAN_POINT('',(385.92015942773,-340.0283771183,
    110.40476266826));
#3502 = CARTESIAN_POINT('',(387.95796901408,-352.2662578095,
    108.67296327951));
#3503 = CARTESIAN_POINT('',(392.55136708921,-350.7300982908,
    109.36635584199));
#3504 = CARTESIAN_POINT('',(397.86107277384,-339.3253133148,
    111.1886211062));
#3505 = CARTESIAN_POINT('',(397.6403,-349.106280523,109.68339089356));
#3506 = PCURVE('',#3260,#3507);
#3507 = DEFINITIONAL_REPRESENTATION('',(#3508),#3512);
#3508 = LINE('',#3509,#3510);
#3509 = CARTESIAN_POINT('',(13.,0.));
#3510 = VECTOR('',#3511,1.);
#3511 = DIRECTION('',(0.,1.));
#3512 = ( GEOMETRIC_REPRESENTATION_CONTEXT(2) 
PARAMETRIC_REPRESENTATION_CONTEXT() REPRESENTATION_CONTEXT('2D SPACE',''
  ) );
#3513 = PCURVE('',#3514,#3641);
#3514 = ( BOUNDED_SURFACE() B_SPLINE_SURFACE(1,3,(
    (#3515,#3516,#3517,#3518,#3519,#3520,#3521,#3522,#3523,#3524,#3525
      ,#3526,#3527,#3528,#3529,#3530,#3531,#3532,#3533,#3534,#3535,#3536
      ,#3537,#3538,#3539,#3540,#3541,#3542,#3543,#3544,#3545,#3546,#3547
      ,#3548,#3549,#3550,#3551,#3552,#3553,#3554,#3555,#3556,#3557,#3558
      ,#3559,#3560,#3561,#3562,#3563,#3564,#3565,#3566,#3567,#3568,#3569
      ,#3570,#3571,#3572,#3573,#3574,#3575,#3576,#3577)
    ,(#3578,#3579,#3580,#3581,#3582,#3583,#3584,#3585,#3586,#3587,#3588
      ,#3589,#3590,#3591,#3592,#3593,#3594,#3595,#3596,#3597,#3598,#3599
      ,#3600,#3601,#3602,#3603,#3604,#3605,#3606,#3607,#3608,#3609,#3610
      ,#3611,#3612,#3613,#3614,#3615,#3616,#3617,#3618,#3619,#3620,#3621
      ,#3622,#3623,#3624,#3625,#3626,#3627,#3628,#3629,#3630,#3631,#3632
      ,#3633,#3634,#3635,#3636,#3637,#3638,#3639,#3640
)),.UNSPECIFIED.,.F.,.F.,.F.) B_SPLINE_SURFACE_WITH_KNOTS((2,2),(4,1,1,1
    ,1,1,1,1,1,1,1,1,1,1,1,1,1,1,1,1,1,1,1,1,1,1,1,1,1,1,1,1,1,1,1,1,1,1
    ,1,1,1,1,1,1,1,1,1,1,1,1,1,1,1,1,1,1,1,1,1,1,4),(13.,14.),(0.,
    1.732138582393E-02,3.476147556169E-02,5.682134329819E-02,
    7.1962296323E-02,9.668171057498E-02,0.117312720082,0.137726814038,
    0.152748180615,0.167749813045,0.182740680817,0.197724569486,
    0.212727858992,0.227712266626,0.242722186927,0.257740578549,
    0.272730613132,0.287749851447,0.302807253127,0.317909897629,
    0.333164876512,0.348417208457,0.363717555355,0.379021830365,
    0.39430254102,0.409403510223,0.424503833082,0.439703221214,
    0.455034147268,0.475266642259,0.494822408855,0.514358099005,
    0.53448350075,0.549791243926,0.564993335593,0.580114457875,
    0.595233122966,0.610524778841,0.625831283594,0.641129798524,
    0.656395058325,0.671658347301,0.686764177688,0.701824559728,
    0.716841998439,0.731832580826,0.74685884212,0.761877146393,
    0.776861271766,0.791847146503,0.806852809101,0.821843806167,
    0.836903306197,0.851969913481,0.873073700462,0.890743423327,
    0.916073608219,0.937085032849,0.966089436802,0.983488965917,1.),
.UNSPECIFIED.) GEOMETRIC_REPRESENTATION_ITEM() RATIONAL_B_SPLINE_SURFACE
((
    (1.,0.99999999999,1.000000000005,0.999999999998,1.,1.,1.,1.,1.,1.,1.
      ,1.,1.,1.,1.,1.,1.,1.,1.,1.,1.,1.,1.,1.,1.,1.,1.,1.,1.,1.,1.,1.,1.
      ,1.,1.,1.,1.,1.,1.,1.,1.,1.,1.,1.,1.,1.,1.,1.,1.,1.,1.,1.,1.,1.,1.
      ,1.,1.,1.,1.,0.999999999999,1.000000000002,0.999999999996,1.)
    ,(1.,0.99999999999,1.000000000005,0.999999999998,1.,1.,1.,1.,1.,1.
      ,1.,1.,1.,1.,1.,1.,1.,1.,1.,1.,1.,1.,1.,1.,1.,1.,1.,1.,1.,1.,1.,1.
      ,1.,1.,1.,1.,1.,1.,1.,1.,1.,1.,1.,1.,1.,1.,1.,1.,1.,1.,1.,1.,1.,1.
      ,1.,1.,1.,1.,1.,0.999999999999,1.000000000002,0.999999999996,1.
))) REPRESENTATION_ITEM('') SURFACE() );
#3515 = CARTESIAN_POINT('',(140.9618,-351.9227082479,109.84865572043));
#3516 = CARTESIAN_POINT('',(139.3469737637,-363.5638401737,
    111.44669678421));
#3517 = CARTESIAN_POINT('',(146.55711552643,-347.2373962201,
    109.03927205485));
#3518 = CARTESIAN_POINT('',(149.83248812156,-347.4541288448,
    109.02625929661));
#3519 = CARTESIAN_POINT('',(152.63844988999,-355.6042118038,
    110.02998476044));
#3520 = CARTESIAN_POINT('',(159.61432189493,-353.3298939554,
    109.54992912129));
#3521 = CARTESIAN_POINT('',(161.57498576671,-359.7614669781,
    110.58003610477));
#3522 = CARTESIAN_POINT('',(166.85069272796,-351.3826431472,
    109.15507101682));
#3523 = CARTESIAN_POINT('',(170.05924171584,-355.9518750713,
    109.94219962783));
#3524 = CARTESIAN_POINT('',(175.2605606702,-354.8490999334,
    109.83144134876));
#3525 = CARTESIAN_POINT('',(179.44145366882,-355.2556138324,
    109.99286222789));
#3526 = CARTESIAN_POINT('',(183.74546905009,-355.3473888671,
    110.14560678177));
#3527 = CARTESIAN_POINT('',(188.02212458981,-355.1449999257,
    110.14231308717));
#3528 = CARTESIAN_POINT('',(192.29363155905,-355.5623605398,
    110.33231434036));
#3529 = CARTESIAN_POINT('',(196.58004983101,-355.7090327442,
    110.53735985372));
#3530 = CARTESIAN_POINT('',(200.85501156117,-355.0147968903,
    110.47941753879));
#3531 = CARTESIAN_POINT('',(205.12596544359,-355.7183323162,
    110.83114073539));
#3532 = CARTESIAN_POINT('',(209.41439322258,-355.4382260792,
    110.85450737298));
#3533 = CARTESIAN_POINT('',(213.69322367635,-355.1714976597,
    111.16895837199));
#3534 = CARTESIAN_POINT('',(217.96934112329,-354.5219924618,
    111.29270035307));
#3535 = CARTESIAN_POINT('',(222.26952895422,-354.1021662574,
    111.79080265005));
#3536 = CARTESIAN_POINT('',(226.5166643478,-352.8192459267,
    112.08521459017));
#3537 = CARTESIAN_POINT('',(230.80856684708,-351.9240181821,
    112.58448236266));
#3538 = CARTESIAN_POINT('',(235.07622110161,-350.5790425519,
    112.89770925754));
#3539 = CARTESIAN_POINT('',(239.35488141397,-349.4298724362,
    113.30755112003));
#3540 = CARTESIAN_POINT('',(243.60389158591,-348.2652414213,
    113.5550236658));
#3541 = CARTESIAN_POINT('',(247.90844854027,-347.7196425918,
    113.43593023514));
#3542 = CARTESIAN_POINT('',(252.2213347776,-347.5669890962,
    112.76472873955));
#3543 = CARTESIAN_POINT('',(256.41797633353,-348.2946013209,
    112.46370149357));
#3544 = CARTESIAN_POINT('',(261.49749220731,-348.1878306375,
    110.98933575429));
#3545 = CARTESIAN_POINT('',(264.82846846707,-351.4938603966,
    116.16561385095));
#3546 = CARTESIAN_POINT('',(269.29986524939,-343.8300930326,
    114.33779319703));
#3547 = CARTESIAN_POINT('',(273.76120192934,-350.9262148491,
    116.12766903628));
#3548 = CARTESIAN_POINT('',(277.11561224167,-350.4371110589,
    111.14068184598));
#3549 = CARTESIAN_POINT('',(282.18739413143,-351.6749535805,
    112.47331466366));
#3550 = CARTESIAN_POINT('',(286.38362479911,-351.4262603174,
    113.07972834863));
#3551 = CARTESIAN_POINT('',(290.6929217221,-350.9922878645,
    114.05808885639));
#3552 = CARTESIAN_POINT('',(294.99728518776,-350.7211089392,
    114.07671611215));
#3553 = CARTESIAN_POINT('',(299.24599549207,-349.5124072978,
    113.77382440806));
#3554 = CARTESIAN_POINT('',(303.52499017227,-348.3027273562,
    113.3639267145));
#3555 = CARTESIAN_POINT('',(307.79622056725,-347.0882454362,
    112.94752615451));
#3556 = CARTESIAN_POINT('',(312.08441986464,-345.7970365536,
    112.56576742594));
#3557 = CARTESIAN_POINT('',(316.3318452167,-344.701134924,
    112.13335488684));
#3558 = CARTESIAN_POINT('',(320.63289091038,-344.0554846336,
    111.70357361813));
#3559 = CARTESIAN_POINT('',(324.90801010291,-343.4557348047,
    111.50257350661));
#3560 = CARTESIAN_POINT('',(329.18807309953,-343.0622654601,
    111.23180311888));
#3561 = CARTESIAN_POINT('',(333.47733801931,-342.7066474001,
    111.15345206941));
#3562 = CARTESIAN_POINT('',(337.7470456075,-343.5683412046,
    110.76439828043));
#3563 = CARTESIAN_POINT('',(342.02123400371,-342.6062140129,
    110.84828685202));
#3564 = CARTESIAN_POINT('',(346.30443528757,-342.9736940908,
    110.61425147147));
#3565 = CARTESIAN_POINT('',(350.5884217255,-343.0215821673,
    110.46150676525));
#3566 = CARTESIAN_POINT('',(354.84926238005,-342.9825001432,
    110.40172586758));
#3567 = CARTESIAN_POINT('',(359.17649042862,-343.4079915975,
    110.20012416058));
#3568 = CARTESIAN_POINT('',(363.32021844008,-342.9060753776,
    110.19059421487));
#3569 = CARTESIAN_POINT('',(368.68503275418,-344.47349323,
    109.82462538202));
#3570 = CARTESIAN_POINT('',(371.24903411287,-341.8866962562,
    110.26931983144));
#3571 = CARTESIAN_POINT('',(377.42638182418,-340.3015703177,
    110.50768136123));
#3572 = CARTESIAN_POINT('',(379.73562276372,-346.383488553,
    109.65613644797));
#3573 = CARTESIAN_POINT('',(385.92015942773,-340.0283771183,
    110.40476266826));
#3574 = CARTESIAN_POINT('',(387.95796901408,-352.2662578095,
    108.67296327951));
#3575 = CARTESIAN_POINT('',(392.55136708921,-350.7300982908,
    109.36635584199));
#3576 = CARTESIAN_POINT('',(397.86107277384,-339.3253133148,
    111.1886211062));
#3577 = CARTESIAN_POINT('',(397.6403,-349.106280523,109.68339089356));
#3578 = CARTESIAN_POINT('',(140.9618,-352.1428484081,109.87626838587));
#3579 = CARTESIAN_POINT('',(139.3469737637,-364.3427801966,
    111.48949050068));
#3580 = CARTESIAN_POINT('',(146.55711552643,-347.6863919817,
    109.11445388852));
#3581 = CARTESIAN_POINT('',(149.83248812156,-347.7538315832,
    109.07077627869));
#3582 = CARTESIAN_POINT('',(152.63844988999,-356.529516859,
    110.14197108831));
#3583 = CARTESIAN_POINT('',(159.61432189493,-354.4410842326,
    109.73520712894));
#3584 = CARTESIAN_POINT('',(161.57498576671,-360.1102902338,
    110.63295475824));
#3585 = CARTESIAN_POINT('',(166.85069272796,-351.806465208,
    109.23177744328));
#3586 = CARTESIAN_POINT('',(170.05924171584,-357.3193146972,
    110.16153472511));
#3587 = CARTESIAN_POINT('',(175.2605606702,-356.0795333048,
    110.05045243924));
#3588 = CARTESIAN_POINT('',(179.44145366882,-356.5687157627,
    110.22956743823));
#3589 = CARTESIAN_POINT('',(183.74546905009,-356.6837545152,
    110.37930514526));
#3590 = CARTESIAN_POINT('',(188.02212458981,-356.4780836814,
    110.40120860492));
#3591 = CARTESIAN_POINT('',(192.29363155905,-356.9300932007,
    110.63478887029));
#3592 = CARTESIAN_POINT('',(196.58004983101,-357.1031960719,
    110.8283171607));
#3593 = CARTESIAN_POINT('',(200.85501156117,-356.3406988204,
    110.78840953071));
#3594 = CARTESIAN_POINT('',(205.12596544359,-357.1123862648,
    111.15764007656));
#3595 = CARTESIAN_POINT('',(209.41439322258,-356.7844991407,
    111.24409537239));
#3596 = CARTESIAN_POINT('',(213.69322367635,-356.4953156611,
    111.54533136506));
#3597 = CARTESIAN_POINT('',(217.96934112329,-355.7754755659,
    111.71289361178));
#3598 = CARTESIAN_POINT('',(222.26952895422,-355.2927184113,
    112.20214183283));
#3599 = CARTESIAN_POINT('',(226.5166643478,-353.9192789361,
    112.53039867443));
#3600 = CARTESIAN_POINT('',(230.80856684708,-352.9357307452,
    113.04749386139));
#3601 = CARTESIAN_POINT('',(235.07622110161,-351.5031545411,
    113.36651281793));
#3602 = CARTESIAN_POINT('',(239.35488141397,-350.2761863053,
    113.76486663257));
#3603 = CARTESIAN_POINT('',(243.60389158591,-348.9950661043,
    114.039027617));
#3604 = CARTESIAN_POINT('',(247.90844854027,-348.4080303573,
    113.84351856143));
#3605 = CARTESIAN_POINT('',(252.2213347776,-348.2169912024,
    113.0612654021));
#3606 = CARTESIAN_POINT('',(256.41797633353,-348.9251966359,
    112.64837070652));
#3607 = CARTESIAN_POINT('',(261.49749220731,-348.6450007463,
    111.08771353753));
#3608 = CARTESIAN_POINT('',(264.82846846707,-352.5721893846,
    116.35155106506));
#3609 = CARTESIAN_POINT('',(269.29986524939,-343.6802577758,
    113.53962820094));
#3610 = CARTESIAN_POINT('',(273.76120192934,-351.9995485484,
    116.38854244363));
#3611 = CARTESIAN_POINT('',(277.11561224167,-350.8964468622,
    110.9546372591));
#3612 = CARTESIAN_POINT('',(282.18739413143,-352.29277347,112.2666337695
    ));
#3613 = CARTESIAN_POINT('',(286.38362479911,-352.0754099064,
    112.78108800053));
#3614 = CARTESIAN_POINT('',(290.6929217221,-351.6947163318,
    113.6812417432));
#3615 = CARTESIAN_POINT('',(294.99728518776,-351.46066827,
    113.60943321599));
#3616 = CARTESIAN_POINT('',(299.24599549207,-350.3572112895,
    113.31555352539));
#3617 = CARTESIAN_POINT('',(303.52499017227,-349.2252021453,
    112.89366297212));
#3618 = CARTESIAN_POINT('',(307.79622056725,-348.0978515908,
    112.48340393667));
#3619 = CARTESIAN_POINT('',(312.08441986464,-346.8970213424,
    112.12123368435));
#3620 = CARTESIAN_POINT('',(316.3318452167,-345.8913949612,
    111.7215387283));
#3621 = CARTESIAN_POINT('',(320.63289091038,-345.3135112587,
    111.28337476437));
#3622 = CARTESIAN_POINT('',(324.90801010291,-344.7801636362,
    111.12064387524));
#3623 = CARTESIAN_POINT('',(329.18807309953,-344.4165905682,
    110.84469074616));
#3624 = CARTESIAN_POINT('',(333.47733801931,-344.101991454,
    110.82542293853));
#3625 = CARTESIAN_POINT('',(337.7470456075,-344.9062817204,110.452944793
    ));
#3626 = CARTESIAN_POINT('',(342.02123400371,-344.0034733416,
    110.55666401846));
#3627 = CARTESIAN_POINT('',(346.30443528757,-344.3368965272,
    110.31254754122));
#3628 = CARTESIAN_POINT('',(350.5884217255,-344.384713205,110.1969002667
    ));
#3629 = CARTESIAN_POINT('',(354.84926238005,-344.2882118965,
    110.17362456968));
#3630 = CARTESIAN_POINT('',(359.17649042862,-344.7306977007,
    109.9615398097));
#3631 = CARTESIAN_POINT('',(363.32021844008,-344.1341176065,
    109.97249431859));
#3632 = CARTESIAN_POINT('',(368.68503275418,-345.7215420793,
    109.62437255716));
#3633 = CARTESIAN_POINT('',(371.24903411287,-342.7784179755,
    110.11960421268));
#3634 = CARTESIAN_POINT('',(377.42638182418,-340.5885500823,
    110.4595706351));
#3635 = CARTESIAN_POINT('',(379.73562276372,-347.7081628815,
    109.44961149009));
#3636 = CARTESIAN_POINT('',(385.92015942773,-340.3867830717,
    110.35279321155));
#3637 = CARTESIAN_POINT('',(387.95796901408,-352.5595245225,
    108.65271340523));
#3638 = CARTESIAN_POINT('',(392.55136708921,-351.4603019305,
    109.2393719635));
#3639 = CARTESIAN_POINT('',(397.86107277384,-339.4093446777,
    111.14088109171));
#3640 = CARTESIAN_POINT('',(397.6403,-349.2822542281,109.66061041107));
#3641 = DEFINITIONAL_REPRESENTATION('',(#3642),#3646);
#3642 = LINE('',#3643,#3644);
#3643 = CARTESIAN_POINT('',(13.,0.));
#3644 = VECTOR('',#3645,1.);
#3645 = DIRECTION('',(0.,1.));
#3646 = ( GEOMETRIC_REPRESENTATION_CONTEXT(2) 
PARAMETRIC_REPRESENTATION_CONTEXT() REPRESENTATION_CONTEXT('2D SPACE',''
  ) );
#3647 = ORIENTED_EDGE('',*,*,#3648,.F.);
#3648 = EDGE_CURVE('',#3185,#3439,#3649,.T.);
#3649 = SURFACE_CURVE('',#3650,(#3653,#3660),.PCURVE_S1.);
#3650 = B_SPLINE_CURVE_WITH_KNOTS('',1,(#3651,#3652),.UNSPECIFIED.,.F.,
  .F.,(2,2),(12.,13.),.PIECEWISE_BEZIER_KNOTS.);
#3651 = CARTESIAN_POINT('',(397.6403,-348.9303068179,109.70617137606));
#3652 = CARTESIAN_POINT('',(397.6403,-349.106280523,109.68339089356));
#3653 = PCURVE('',#3260,#3654);
#3654 = DEFINITIONAL_REPRESENTATION('',(#3655),#3659);
#3655 = LINE('',#3656,#3657);
#3656 = CARTESIAN_POINT('',(0.,1.));
#3657 = VECTOR('',#3658,1.);
#3658 = DIRECTION('',(1.,0.));
#3659 = ( GEOMETRIC_REPRESENTATION_CONTEXT(2) 
PARAMETRIC_REPRESENTATION_CONTEXT() REPRESENTATION_CONTEXT('2D SPACE',''
  ) );
#3660 = PCURVE('',#401,#3661);
#3661 = DEFINITIONAL_REPRESENTATION('',(#3662),#3665);
#3662 = B_SPLINE_CURVE_WITH_KNOTS('',1,(#3663,#3664),.UNSPECIFIED.,.F.,
  .F.,(2,2),(12.,13.),.PIECEWISE_BEZIER_KNOTS.);
#3663 = CARTESIAN_POINT('',(-0.709854608576,1.029229719521E-02));
#3664 = CARTESIAN_POINT('',(-0.532426981228,1.255775950057E-02));
#3665 = ( GEOMETRIC_REPRESENTATION_CONTEXT(2) 
PARAMETRIC_REPRESENTATION_CONTEXT() REPRESENTATION_CONTEXT('2D SPACE',''
  ) );
#3666 = ORIENTED_EDGE('',*,*,#3184,.F.);
#3667 = ADVANCED_FACE('',(#3668),#3514,.T.);
#3668 = FACE_BOUND('',#3669,.T.);
#3669 = EDGE_LOOP('',(#3670,#3691,#3901,#3920));
#3670 = ORIENTED_EDGE('',*,*,#3671,.T.);
#3671 = EDGE_CURVE('',#3418,#3672,#3674,.T.);
#3672 = VERTEX_POINT('',#3673);
#3673 = CARTESIAN_POINT('',(140.9618,-352.1428484081,109.87626838587));
#3674 = SURFACE_CURVE('',#3675,(#3678,#3685),.PCURVE_S1.);
#3675 = B_SPLINE_CURVE_WITH_KNOTS('',1,(#3676,#3677),.UNSPECIFIED.,.F.,
  .F.,(2,2),(13.,14.),.PIECEWISE_BEZIER_KNOTS.);
#3676 = CARTESIAN_POINT('',(140.9618,-351.9227082479,109.84865572043));
#3677 = CARTESIAN_POINT('',(140.9618,-352.1428484081,109.87626838587));
#3678 = PCURVE('',#3514,#3679);
#3679 = DEFINITIONAL_REPRESENTATION('',(#3680),#3684);
#3680 = LINE('',#3681,#3682);
#3681 = CARTESIAN_POINT('',(0.,0.));
#3682 = VECTOR('',#3683,1.);
#3683 = DIRECTION('',(1.,0.));
#3684 = ( GEOMETRIC_REPRESENTATION_CONTEXT(2) 
PARAMETRIC_REPRESENTATION_CONTEXT() REPRESENTATION_CONTEXT('2D SPACE',''
  ) );
#3685 = PCURVE('',#165,#3686);
#3686 = DEFINITIONAL_REPRESENTATION('',(#3687),#3690);
#3687 = B_SPLINE_CURVE_WITH_KNOTS('',1,(#3688,#3689),.UNSPECIFIED.,.F.,
  .F.,(2,2),(13.,14.),.PIECEWISE_BEZIER_KNOTS.);
#3688 = CARTESIAN_POINT('',(2.884247085646,-1.132644769086E-07));
#3689 = CARTESIAN_POINT('',(3.106112246081,-1.219771235128E-07));
#3690 = ( GEOMETRIC_REPRESENTATION_CONTEXT(2) 
PARAMETRIC_REPRESENTATION_CONTEXT() REPRESENTATION_CONTEXT('2D SPACE',''
  ) );
#3691 = ORIENTED_EDGE('',*,*,#3692,.T.);
#3692 = EDGE_CURVE('',#3672,#3693,#3695,.T.);
#3693 = VERTEX_POINT('',#3694);
#3694 = CARTESIAN_POINT('',(397.6403,-349.2822542281,109.66061041107));
#3695 = SURFACE_CURVE('',#3696,(#3760,#3767),.PCURVE_S1.);
#3696 = ( BOUNDED_CURVE() B_SPLINE_CURVE(3,(#3697,#3698,#3699,#3700,
    #3701,#3702,#3703,#3704,#3705,#3706,#3707,#3708,#3709,#3710,#3711,
    #3712,#3713,#3714,#3715,#3716,#3717,#3718,#3719,#3720,#3721,#3722,
    #3723,#3724,#3725,#3726,#3727,#3728,#3729,#3730,#3731,#3732,#3733,
    #3734,#3735,#3736,#3737,#3738,#3739,#3740,#3741,#3742,#3743,#3744,
    #3745,#3746,#3747,#3748,#3749,#3750,#3751,#3752,#3753,#3754,#3755,
    #3756,#3757,#3758,#3759),.UNSPECIFIED.,.F.,.F.) 
B_SPLINE_CURVE_WITH_KNOTS((4,1,1,1,1,1,1,1,1,1,1,1,1,1,1,1,1,1,1,1,1,1,1
    ,1,1,1,1,1,1,1,1,1,1,1,1,1,1,1,1,1,1,1,1,1,1,1,1,1,1,1,1,1,1,1,1,1,1
    ,1,1,1,4),(0.,1.732138582393E-02,3.476147556169E-02,
    5.682134329819E-02,7.1962296323E-02,9.668171057498E-02,
    0.117312720082,0.137726814038,0.152748180615,0.167749813045,
    0.182740680817,0.197724569486,0.212727858992,0.227712266626,
    0.242722186927,0.257740578549,0.272730613132,0.287749851447,
    0.302807253127,0.317909897629,0.333164876512,0.348417208457,
    0.363717555355,0.379021830365,0.39430254102,0.409403510223,
    0.424503833082,0.439703221214,0.455034147268,0.475266642259,
    0.494822408855,0.514358099005,0.53448350075,0.549791243926,
    0.564993335593,0.580114457875,0.595233122966,0.610524778841,
    0.625831283594,0.641129798524,0.656395058325,0.671658347301,
    0.686764177688,0.701824559728,0.716841998439,0.731832580826,
    0.74685884212,0.761877146393,0.776861271766,0.791847146503,
    0.806852809101,0.821843806167,0.836903306197,0.851969913481,
    0.873073700462,0.890743423327,0.916073608219,0.937085032849,
0.966089436802,0.983488965917,1.),.UNSPECIFIED.) CURVE() 
GEOMETRIC_REPRESENTATION_ITEM() RATIONAL_B_SPLINE_CURVE((1.,
    0.99999999999,1.000000000005,0.999999999998,1.,1.,1.,1.,1.,1.,1.,1.,
    1.,1.,1.,1.,1.,1.,1.,1.,1.,1.,1.,1.,1.,1.,1.,1.,1.,1.,1.,1.,1.,1.,1.
    ,1.,1.,1.,1.,1.,1.,1.,1.,1.,1.,1.,1.,1.,1.,1.,1.,1.,1.,1.,1.,1.,1.,
    1.,1.,0.999999999999,1.000000000002,0.999999999996,1.)) 
REPRESENTATION_ITEM('') );
#3697 = CARTESIAN_POINT('',(140.9618,-352.1428484081,109.87626838587));
#3698 = CARTESIAN_POINT('',(139.3469737637,-364.3427801966,
    111.48949050068));
#3699 = CARTESIAN_POINT('',(146.55711552643,-347.6863919817,
    109.11445388852));
#3700 = CARTESIAN_POINT('',(149.83248812156,-347.7538315832,
    109.07077627869));
#3701 = CARTESIAN_POINT('',(152.63844988999,-356.529516859,
    110.14197108831));
#3702 = CARTESIAN_POINT('',(159.61432189493,-354.4410842326,
    109.73520712894));
#3703 = CARTESIAN_POINT('',(161.57498576671,-360.1102902338,
    110.63295475824));
#3704 = CARTESIAN_POINT('',(166.85069272796,-351.806465208,
    109.23177744328));
#3705 = CARTESIAN_POINT('',(170.05924171584,-357.3193146972,
    110.16153472511));
#3706 = CARTESIAN_POINT('',(175.2605606702,-356.0795333048,
    110.05045243924));
#3707 = CARTESIAN_POINT('',(179.44145366882,-356.5687157627,
    110.22956743823));
#3708 = CARTESIAN_POINT('',(183.74546905009,-356.6837545152,
    110.37930514526));
#3709 = CARTESIAN_POINT('',(188.02212458981,-356.4780836814,
    110.40120860492));
#3710 = CARTESIAN_POINT('',(192.29363155905,-356.9300932007,
    110.63478887029));
#3711 = CARTESIAN_POINT('',(196.58004983101,-357.1031960719,
    110.8283171607));
#3712 = CARTESIAN_POINT('',(200.85501156117,-356.3406988204,
    110.78840953071));
#3713 = CARTESIAN_POINT('',(205.12596544359,-357.1123862648,
    111.15764007656));
#3714 = CARTESIAN_POINT('',(209.41439322258,-356.7844991407,
    111.24409537239));
#3715 = CARTESIAN_POINT('',(213.69322367635,-356.4953156611,
    111.54533136506));
#3716 = CARTESIAN_POINT('',(217.96934112329,-355.7754755659,
    111.71289361178));
#3717 = CARTESIAN_POINT('',(222.26952895422,-355.2927184113,
    112.20214183283));
#3718 = CARTESIAN_POINT('',(226.5166643478,-353.9192789361,
    112.53039867443));
#3719 = CARTESIAN_POINT('',(230.80856684708,-352.9357307452,
    113.04749386139));
#3720 = CARTESIAN_POINT('',(235.07622110161,-351.5031545411,
    113.36651281793));
#3721 = CARTESIAN_POINT('',(239.35488141397,-350.2761863053,
    113.76486663257));
#3722 = CARTESIAN_POINT('',(243.60389158591,-348.9950661043,
    114.039027617));
#3723 = CARTESIAN_POINT('',(247.90844854027,-348.4080303573,
    113.84351856143));
#3724 = CARTESIAN_POINT('',(252.2213347776,-348.2169912024,
    113.0612654021));
#3725 = CARTESIAN_POINT('',(256.41797633353,-348.9251966359,
    112.64837070652));
#3726 = CARTESIAN_POINT('',(261.49749220731,-348.6450007463,
    111.08771353753));
#3727 = CARTESIAN_POINT('',(264.82846846707,-352.5721893846,
    116.35155106506));
#3728 = CARTESIAN_POINT('',(269.29986524939,-343.6802577758,
    113.53962820094));
#3729 = CARTESIAN_POINT('',(273.76120192934,-351.9995485484,
    116.38854244363));
#3730 = CARTESIAN_POINT('',(277.11561224167,-350.8964468622,
    110.9546372591));
#3731 = CARTESIAN_POINT('',(282.18739413143,-352.29277347,112.2666337695
    ));
#3732 = CARTESIAN_POINT('',(286.38362479911,-352.0754099064,
    112.78108800053));
#3733 = CARTESIAN_POINT('',(290.6929217221,-351.6947163318,
    113.6812417432));
#3734 = CARTESIAN_POINT('',(294.99728518776,-351.46066827,
    113.60943321599));
#3735 = CARTESIAN_POINT('',(299.24599549207,-350.3572112895,
    113.31555352539));
#3736 = CARTESIAN_POINT('',(303.52499017227,-349.2252021453,
    112.89366297212));
#3737 = CARTESIAN_POINT('',(307.79622056725,-348.0978515908,
    112.48340393667));
#3738 = CARTESIAN_POINT('',(312.08441986464,-346.8970213424,
    112.12123368435));
#3739 = CARTESIAN_POINT('',(316.3318452167,-345.8913949612,
    111.7215387283));
#3740 = CARTESIAN_POINT('',(320.63289091038,-345.3135112587,
    111.28337476437));
#3741 = CARTESIAN_POINT('',(324.90801010291,-344.7801636362,
    111.12064387524));
#3742 = CARTESIAN_POINT('',(329.18807309953,-344.4165905682,
    110.84469074616));
#3743 = CARTESIAN_POINT('',(333.47733801931,-344.101991454,
    110.82542293853));
#3744 = CARTESIAN_POINT('',(337.7470456075,-344.9062817204,110.452944793
    ));
#3745 = CARTESIAN_POINT('',(342.02123400371,-344.0034733416,
    110.55666401846));
#3746 = CARTESIAN_POINT('',(346.30443528757,-344.3368965272,
    110.31254754122));
#3747 = CARTESIAN_POINT('',(350.5884217255,-344.384713205,110.1969002667
    ));
#3748 = CARTESIAN_POINT('',(354.84926238005,-344.2882118965,
    110.17362456968));
#3749 = CARTESIAN_POINT('',(359.17649042862,-344.7306977007,
    109.9615398097));
#3750 = CARTESIAN_POINT('',(363.32021844008,-344.1341176065,
    109.97249431859));
#3751 = CARTESIAN_POINT('',(368.68503275418,-345.7215420793,
    109.62437255716));
#3752 = CARTESIAN_POINT('',(371.24903411287,-342.7784179755,
    110.11960421268));
#3753 = CARTESIAN_POINT('',(377.42638182418,-340.5885500823,
    110.4595706351));
#3754 = CARTESIAN_POINT('',(379.73562276372,-347.7081628815,
    109.44961149009));
#3755 = CARTESIAN_POINT('',(385.92015942773,-340.3867830717,
    110.35279321155));
#3756 = CARTESIAN_POINT('',(387.95796901408,-352.5595245225,
    108.65271340523));
#3757 = CARTESIAN_POINT('',(392.55136708921,-351.4603019305,
    109.2393719635));
#3758 = CARTESIAN_POINT('',(397.86107277384,-339.4093446777,
    111.14088109171));
#3759 = CARTESIAN_POINT('',(397.6403,-349.2822542281,109.66061041107));
#3760 = PCURVE('',#3514,#3761);
#3761 = DEFINITIONAL_REPRESENTATION('',(#3762),#3766);
#3762 = LINE('',#3763,#3764);
#3763 = CARTESIAN_POINT('',(14.,0.));
#3764 = VECTOR('',#3765,1.);
#3765 = DIRECTION('',(0.,1.));
#3766 = ( GEOMETRIC_REPRESENTATION_CONTEXT(2) 
PARAMETRIC_REPRESENTATION_CONTEXT() REPRESENTATION_CONTEXT('2D SPACE',''
  ) );
#3767 = PCURVE('',#3768,#3895);
#3768 = ( BOUNDED_SURFACE() B_SPLINE_SURFACE(1,3,(
    (#3769,#3770,#3771,#3772,#3773,#3774,#3775,#3776,#3777,#3778,#3779
      ,#3780,#3781,#3782,#3783,#3784,#3785,#3786,#3787,#3788,#3789,#3790
      ,#3791,#3792,#3793,#3794,#3795,#3796,#3797,#3798,#3799,#3800,#3801
      ,#3802,#3803,#3804,#3805,#3806,#3807,#3808,#3809,#3810,#3811,#3812
      ,#3813,#3814,#3815,#3816,#3817,#3818,#3819,#3820,#3821,#3822,#3823
      ,#3824,#3825,#3826,#3827,#3828,#3829,#3830,#3831)
    ,(#3832,#3833,#3834,#3835,#3836,#3837,#3838,#3839,#3840,#3841,#3842
      ,#3843,#3844,#3845,#3846,#3847,#3848,#3849,#3850,#3851,#3852,#3853
      ,#3854,#3855,#3856,#3857,#3858,#3859,#3860,#3861,#3862,#3863,#3864
      ,#3865,#3866,#3867,#3868,#3869,#3870,#3871,#3872,#3873,#3874,#3875
      ,#3876,#3877,#3878,#3879,#3880,#3881,#3882,#3883,#3884,#3885,#3886
      ,#3887,#3888,#3889,#3890,#3891,#3892,#3893,#3894
)),.UNSPECIFIED.,.F.,.F.,.F.) B_SPLINE_SURFACE_WITH_KNOTS((2,2),(4,1,1,1
    ,1,1,1,1,1,1,1,1,1,1,1,1,1,1,1,1,1,1,1,1,1,1,1,1,1,1,1,1,1,1,1,1,1,1
    ,1,1,1,1,1,1,1,1,1,1,1,1,1,1,1,1,1,1,1,1,1,1,4),(14.,15.),(0.,
    1.732138582393E-02,3.476147556169E-02,5.682134329819E-02,
    7.1962296323E-02,9.668171057498E-02,0.117312720082,0.137726814038,
    0.152748180615,0.167749813045,0.182740680817,0.197724569486,
    0.212727858992,0.227712266626,0.242722186927,0.257740578549,
    0.272730613132,0.287749851447,0.302807253127,0.317909897629,
    0.333164876512,0.348417208457,0.363717555355,0.379021830365,
    0.39430254102,0.409403510223,0.424503833082,0.439703221214,
    0.455034147268,0.475266642259,0.494822408855,0.514358099005,
    0.53448350075,0.549791243926,0.564993335593,0.580114457875,
    0.595233122966,0.610524778841,0.625831283594,0.641129798524,
    0.656395058325,0.671658347301,0.686764177688,0.701824559728,
    0.716841998439,0.731832580826,0.74685884212,0.761877146393,
    0.776861271766,0.791847146503,0.806852809101,0.821843806167,
    0.836903306197,0.851969913481,0.873073700462,0.890743423327,
    0.916073608219,0.937085032849,0.966089436802,0.983488965917,1.),
.UNSPECIFIED.) GEOMETRIC_REPRESENTATION_ITEM() RATIONAL_B_SPLINE_SURFACE
((
    (1.,0.99999999999,1.000000000005,0.999999999998,1.,1.,1.,1.,1.,1.,1.
      ,1.,1.,1.,1.,1.,1.,1.,1.,1.,1.,1.,1.,1.,1.,1.,1.,1.,1.,1.,1.,1.,1.
      ,1.,1.,1.,1.,1.,1.,1.,1.,1.,1.,1.,1.,1.,1.,1.,1.,1.,1.,1.,1.,1.,1.
      ,1.,1.,1.,1.,0.999999999999,1.000000000002,0.999999999996,1.)
    ,(1.,0.99999999999,1.000000000005,0.999999999998,1.,1.,1.,1.,1.,1.
      ,1.,1.,1.,1.,1.,1.,1.,1.,1.,1.,1.,1.,1.,1.,1.,1.,1.,1.,1.,1.,1.,1.
      ,1.,1.,1.,1.,1.,1.,1.,1.,1.,1.,1.,1.,1.,1.,1.,1.,1.,1.,1.,1.,1.,1.
      ,1.,1.,1.,1.,1.,0.999999999999,1.000000000002,0.999999999996,1.
))) REPRESENTATION_ITEM('') SURFACE() );
#3769 = CARTESIAN_POINT('',(140.9618,-352.1428484081,109.87626838587));
#3770 = CARTESIAN_POINT('',(139.3469737637,-364.3427801966,
    111.48949050068));
#3771 = CARTESIAN_POINT('',(146.55711552643,-347.6863919817,
    109.11445388852));
#3772 = CARTESIAN_POINT('',(149.83248812156,-347.7538315832,
    109.07077627869));
#3773 = CARTESIAN_POINT('',(152.63844988999,-356.529516859,
    110.14197108831));
#3774 = CARTESIAN_POINT('',(159.61432189493,-354.4410842326,
    109.73520712894));
#3775 = CARTESIAN_POINT('',(161.57498576671,-360.1102902338,
    110.63295475824));
#3776 = CARTESIAN_POINT('',(166.85069272796,-351.806465208,
    109.23177744328));
#3777 = CARTESIAN_POINT('',(170.05924171584,-357.3193146972,
    110.16153472511));
#3778 = CARTESIAN_POINT('',(175.2605606702,-356.0795333048,
    110.05045243924));
#3779 = CARTESIAN_POINT('',(179.44145366882,-356.5687157627,
    110.22956743823));
#3780 = CARTESIAN_POINT('',(183.74546905009,-356.6837545152,
    110.37930514526));
#3781 = CARTESIAN_POINT('',(188.02212458981,-356.4780836814,
    110.40120860492));
#3782 = CARTESIAN_POINT('',(192.29363155905,-356.9300932007,
    110.63478887029));
#3783 = CARTESIAN_POINT('',(196.58004983101,-357.1031960719,
    110.8283171607));
#3784 = CARTESIAN_POINT('',(200.85501156117,-356.3406988204,
    110.78840953071));
#3785 = CARTESIAN_POINT('',(205.12596544359,-357.1123862648,
    111.15764007656));
#3786 = CARTESIAN_POINT('',(209.41439322258,-356.7844991407,
    111.24409537239));
#3787 = CARTESIAN_POINT('',(213.69322367635,-356.4953156611,
    111.54533136506));
#3788 = CARTESIAN_POINT('',(217.96934112329,-355.7754755659,
    111.71289361178));
#3789 = CARTESIAN_POINT('',(222.26952895422,-355.2927184113,
    112.20214183283));
#3790 = CARTESIAN_POINT('',(226.5166643478,-353.9192789361,
    112.53039867443));
#3791 = CARTESIAN_POINT('',(230.80856684708,-352.9357307452,
    113.04749386139));
#3792 = CARTESIAN_POINT('',(235.07622110161,-351.5031545411,
    113.36651281793));
#3793 = CARTESIAN_POINT('',(239.35488141397,-350.2761863053,
    113.76486663257));
#3794 = CARTESIAN_POINT('',(243.60389158591,-348.9950661043,
    114.039027617));
#3795 = CARTESIAN_POINT('',(247.90844854027,-348.4080303573,
    113.84351856143));
#3796 = CARTESIAN_POINT('',(252.2213347776,-348.2169912024,
    113.0612654021));
#3797 = CARTESIAN_POINT('',(256.41797633353,-348.9251966359,
    112.64837070652));
#3798 = CARTESIAN_POINT('',(261.49749220731,-348.6450007463,
    111.08771353753));
#3799 = CARTESIAN_POINT('',(264.82846846707,-352.5721893846,
    116.35155106506));
#3800 = CARTESIAN_POINT('',(269.29986524939,-343.6802577758,
    113.53962820094));
#3801 = CARTESIAN_POINT('',(273.76120192934,-351.9995485484,
    116.38854244363));
#3802 = CARTESIAN_POINT('',(277.11561224167,-350.8964468622,
    110.9546372591));
#3803 = CARTESIAN_POINT('',(282.18739413143,-352.29277347,112.2666337695
    ));
#3804 = CARTESIAN_POINT('',(286.38362479911,-352.0754099064,
    112.78108800053));
#3805 = CARTESIAN_POINT('',(290.6929217221,-351.6947163318,
    113.6812417432));
#3806 = CARTESIAN_POINT('',(294.99728518776,-351.46066827,
    113.60943321599));
#3807 = CARTESIAN_POINT('',(299.24599549207,-350.3572112895,
    113.31555352539));
#3808 = CARTESIAN_POINT('',(303.52499017227,-349.2252021453,
    112.89366297212));
#3809 = CARTESIAN_POINT('',(307.79622056725,-348.0978515908,
    112.48340393667));
#3810 = CARTESIAN_POINT('',(312.08441986464,-346.8970213424,
    112.12123368435));
#3811 = CARTESIAN_POINT('',(316.3318452167,-345.8913949612,
    111.7215387283));
#3812 = CARTESIAN_POINT('',(320.63289091038,-345.3135112587,
    111.28337476437));
#3813 = CARTESIAN_POINT('',(324.90801010291,-344.7801636362,
    111.12064387524));
#3814 = CARTESIAN_POINT('',(329.18807309953,-344.4165905682,
    110.84469074616));
#3815 = CARTESIAN_POINT('',(333.47733801931,-344.101991454,
    110.82542293853));
#3816 = CARTESIAN_POINT('',(337.7470456075,-344.9062817204,110.452944793
    ));
#3817 = CARTESIAN_POINT('',(342.02123400371,-344.0034733416,
    110.55666401846));
#3818 = CARTESIAN_POINT('',(346.30443528757,-344.3368965272,
    110.31254754122));
#3819 = CARTESIAN_POINT('',(350.5884217255,-344.384713205,110.1969002667
    ));
#3820 = CARTESIAN_POINT('',(354.84926238005,-344.2882118965,
    110.17362456968));
#3821 = CARTESIAN_POINT('',(359.17649042862,-344.7306977007,
    109.9615398097));
#3822 = CARTESIAN_POINT('',(363.32021844008,-344.1341176065,
    109.97249431859));
#3823 = CARTESIAN_POINT('',(368.68503275418,-345.7215420793,
    109.62437255716));
#3824 = CARTESIAN_POINT('',(371.24903411287,-342.7784179755,
    110.11960421268));
#3825 = CARTESIAN_POINT('',(377.42638182418,-340.5885500823,
    110.4595706351));
#3826 = CARTESIAN_POINT('',(379.73562276372,-347.7081628815,
    109.44961149009));
#3827 = CARTESIAN_POINT('',(385.92015942773,-340.3867830717,
    110.35279321155));
#3828 = CARTESIAN_POINT('',(387.95796901408,-352.5595245225,
    108.65271340523));
#3829 = CARTESIAN_POINT('',(392.55136708921,-351.4603019305,
    109.2393719635));
#3830 = CARTESIAN_POINT('',(397.86107277384,-339.4093446777,
    111.14088109171));
#3831 = CARTESIAN_POINT('',(397.6403,-349.2822542281,109.66061041107));
#3832 = CARTESIAN_POINT('',(140.9618,-352.3629885683,109.90388105131));
#3833 = CARTESIAN_POINT('',(139.3469737637,-365.1216668437,
    111.53259693274));
#3834 = CARTESIAN_POINT('',(146.55711552643,-348.135411174,
    109.1894984152));
#3835 = CARTESIAN_POINT('',(149.83248812156,-348.0535307756,
    109.11531416167));
#3836 = CARTESIAN_POINT('',(152.63844988999,-357.4548020253,
    110.25407341562));
#3837 = CARTESIAN_POINT('',(159.61432189493,-355.5523400398,
    109.92010282451));
#3838 = CARTESIAN_POINT('',(161.57498576671,-360.458712208,
    110.68821464071));
#3839 = CARTESIAN_POINT('',(166.85069272796,-352.2314910752,
    109.30146039327));
#3840 = CARTESIAN_POINT('',(170.05924171584,-358.6827894074,
    110.40400269149));
#3841 = CARTESIAN_POINT('',(175.2605606702,-357.311169287,
    110.26267445399));
#3842 = CARTESIAN_POINT('',(179.44145366882,-357.8801658769,
    110.47493588275));
#3843 = CARTESIAN_POINT('',(183.74546905009,-358.0193080404,
    110.61729879416));
#3844 = CARTESIAN_POINT('',(188.02212458981,-357.8095784528,
    110.66782957787));
#3845 = CARTESIAN_POINT('',(192.29363155905,-358.2969912995,
    110.94081970426));
#3846 = CARTESIAN_POINT('',(196.58004983101,-358.4958843609,
    111.12585033947));
#3847 = CARTESIAN_POINT('',(200.85501156117,-357.6673979814,
    111.09399726699));
#3848 = CARTESIAN_POINT('',(205.12596544359,-358.504729041,
    111.49116863599));
#3849 = CARTESIAN_POINT('',(209.41439322258,-358.1301274703,
    111.63573859453));
#3850 = CARTESIAN_POINT('',(213.69322367635,-357.8214269198,
    111.9140700558));
#3851 = CARTESIAN_POINT('',(217.96934112329,-357.028578737,
    112.13445418788));
#3852 = CARTESIAN_POINT('',(222.26952895422,-356.4824826162,
    112.61569098505));
#3853 = CARTESIAN_POINT('',(226.5166643478,-355.0228891322,
    112.96524062968));
#3854 = CARTESIAN_POINT('',(230.80856684708,-353.9636926571,
    113.47228816206));
#3855 = CARTESIAN_POINT('',(235.07622110161,-352.4454627581,
    113.79869847769));
#3856 = CARTESIAN_POINT('',(239.35488141397,-351.1307260006,
    114.20666993587));
#3857 = CARTESIAN_POINT('',(243.60389158591,-349.7801566216,
    114.42639979562));
#3858 = CARTESIAN_POINT('',(247.90844854027,-349.1369325836,
    114.17367556926));
#3859 = CARTESIAN_POINT('',(252.2213347776,-348.8832457387,
    113.29060056308));
#3860 = CARTESIAN_POINT('',(256.41797633353,-349.5743600065,
    112.80333919536));
#3861 = CARTESIAN_POINT('',(261.49749220731,-349.0768554057,
    111.16024140936));
#3862 = CARTESIAN_POINT('',(264.82846846707,-353.7746666543,
    116.64351841185));
#3863 = CARTESIAN_POINT('',(269.29986524939,-343.0889972223,
    112.36871154261));
#3864 = CARTESIAN_POINT('',(273.76120192934,-353.200419351,
    116.77025680854));
#3865 = CARTESIAN_POINT('',(277.11561224167,-351.3152821452,
    110.68539690756));
#3866 = CARTESIAN_POINT('',(282.18739413143,-352.9066710519,
    112.04869974026));
#3867 = CARTESIAN_POINT('',(286.38362479911,-352.7319641536,
    112.49973358596));
#3868 = CARTESIAN_POINT('',(290.6929217221,-352.3819351809,
    113.2712404432));
#3869 = CARTESIAN_POINT('',(294.99728518776,-352.1769232806,
    113.10662311605));
#3870 = CARTESIAN_POINT('',(299.24599549207,-351.1843503529,
    112.82351495964));
#3871 = CARTESIAN_POINT('',(303.52499017227,-350.1472763582,
    112.42282611778));
#3872 = CARTESIAN_POINT('',(307.79622056725,-349.0982413361,
    111.99817804597));
#3873 = CARTESIAN_POINT('',(312.08441986464,-348.0124007643,
    111.71418012155));
#3874 = CARTESIAN_POINT('',(316.3318452167,-347.0925346422,
    111.34486458426));
#3875 = CARTESIAN_POINT('',(320.63289091038,-346.5745222657,
    110.87412477863));
#3876 = CARTESIAN_POINT('',(324.90801010291,-346.0933884727,
    110.69925459771));
#3877 = CARTESIAN_POINT('',(329.18807309953,-345.7901757667,
    110.52980590976));
#3878 = CARTESIAN_POINT('',(333.47733801931,-345.4921695137,
    110.47802806825));
#3879 = CARTESIAN_POINT('',(337.7470456075,-346.2455898767,
    110.14659072043));
#3880 = CARTESIAN_POINT('',(342.02123400371,-345.4004315376,
    110.26402194887));
#3881 = CARTESIAN_POINT('',(346.30443528757,-345.6999402065,
    110.00983843188));
#3882 = CARTESIAN_POINT('',(350.5884217255,-345.7487809461,
    109.93733719642));
#3883 = CARTESIAN_POINT('',(354.84926238005,-345.5903318213,
    109.92633485158));
#3884 = CARTESIAN_POINT('',(359.17649042862,-346.0543562337,
    109.7280330723));
#3885 = CARTESIAN_POINT('',(363.32021844008,-345.361958363,
    109.75336033508));
#3886 = CARTESIAN_POINT('',(368.68503275418,-346.9694490526,
    109.42317657824));
#3887 = CARTESIAN_POINT('',(371.24903411287,-343.6713378276,
    109.97722406306));
#3888 = CARTESIAN_POINT('',(377.42638182418,-340.8750730605,
    110.40866094286));
#3889 = CARTESIAN_POINT('',(379.73562276372,-349.0330121458,
    109.24417095568));
#3890 = CARTESIAN_POINT('',(385.92015942773,-340.744923608,
    110.2991520011));
#3891 = CARTESIAN_POINT('',(387.95796901408,-352.8538021744,
    108.63886073105));
#3892 = CARTESIAN_POINT('',(392.55136708921,-352.1884367969,
    109.09929431198));
#3893 = CARTESIAN_POINT('',(397.86107277384,-339.4896092888,
    111.06939024194));
#3894 = CARTESIAN_POINT('',(397.6403,-349.4582279332,109.63782992857));
#3895 = DEFINITIONAL_REPRESENTATION('',(#3896),#3900);
#3896 = LINE('',#3897,#3898);
#3897 = CARTESIAN_POINT('',(14.,0.));
#3898 = VECTOR('',#3899,1.);
#3899 = DIRECTION('',(0.,1.));
#3900 = ( GEOMETRIC_REPRESENTATION_CONTEXT(2) 
PARAMETRIC_REPRESENTATION_CONTEXT() REPRESENTATION_CONTEXT('2D SPACE',''
  ) );
#3901 = ORIENTED_EDGE('',*,*,#3902,.F.);
#3902 = EDGE_CURVE('',#3439,#3693,#3903,.T.);
#3903 = SURFACE_CURVE('',#3904,(#3907,#3914),.PCURVE_S1.);
#3904 = B_SPLINE_CURVE_WITH_KNOTS('',1,(#3905,#3906),.UNSPECIFIED.,.F.,
  .F.,(2,2),(13.,14.),.PIECEWISE_BEZIER_KNOTS.);
#3905 = CARTESIAN_POINT('',(397.6403,-349.106280523,109.68339089356));
#3906 = CARTESIAN_POINT('',(397.6403,-349.2822542281,109.66061041107));
#3907 = PCURVE('',#3514,#3908);
#3908 = DEFINITIONAL_REPRESENTATION('',(#3909),#3913);
#3909 = LINE('',#3910,#3911);
#3910 = CARTESIAN_POINT('',(0.,1.));
#3911 = VECTOR('',#3912,1.);
#3912 = DIRECTION('',(1.,0.));
#3913 = ( GEOMETRIC_REPRESENTATION_CONTEXT(2) 
PARAMETRIC_REPRESENTATION_CONTEXT() REPRESENTATION_CONTEXT('2D SPACE',''
  ) );
#3914 = PCURVE('',#401,#3915);
#3915 = DEFINITIONAL_REPRESENTATION('',(#3916),#3919);
#3916 = B_SPLINE_CURVE_WITH_KNOTS('',1,(#3917,#3918),.UNSPECIFIED.,.F.,
  .F.,(2,2),(13.,14.),.PIECEWISE_BEZIER_KNOTS.);
#3917 = CARTESIAN_POINT('',(-0.532426981228,1.255775950057E-02));
#3918 = CARTESIAN_POINT('',(-0.35499935388,1.482322180593E-02));
#3919 = ( GEOMETRIC_REPRESENTATION_CONTEXT(2) 
PARAMETRIC_REPRESENTATION_CONTEXT() REPRESENTATION_CONTEXT('2D SPACE',''
  ) );
#3920 = ORIENTED_EDGE('',*,*,#3438,.F.);
#3921 = ADVANCED_FACE('',(#3922),#3768,.T.);
#3922 = FACE_BOUND('',#3923,.T.);
#3923 = EDGE_LOOP('',(#3924,#3945,#4155,#4174));
#3924 = ORIENTED_EDGE('',*,*,#3925,.T.);
#3925 = EDGE_CURVE('',#3672,#3926,#3928,.T.);
#3926 = VERTEX_POINT('',#3927);
#3927 = CARTESIAN_POINT('',(140.9618,-352.3629885683,109.90388105131));
#3928 = SURFACE_CURVE('',#3929,(#3932,#3939),.PCURVE_S1.);
#3929 = B_SPLINE_CURVE_WITH_KNOTS('',1,(#3930,#3931),.UNSPECIFIED.,.F.,
  .F.,(2,2),(14.,15.),.PIECEWISE_BEZIER_KNOTS.);
#3930 = CARTESIAN_POINT('',(140.9618,-352.1428484081,109.87626838587));
#3931 = CARTESIAN_POINT('',(140.9618,-352.3629885683,109.90388105131));
#3932 = PCURVE('',#3768,#3933);
#3933 = DEFINITIONAL_REPRESENTATION('',(#3934),#3938);
#3934 = LINE('',#3935,#3936);
#3935 = CARTESIAN_POINT('',(0.,0.));
#3936 = VECTOR('',#3937,1.);
#3937 = DIRECTION('',(1.,0.));
#3938 = ( GEOMETRIC_REPRESENTATION_CONTEXT(2) 
PARAMETRIC_REPRESENTATION_CONTEXT() REPRESENTATION_CONTEXT('2D SPACE',''
  ) );
#3939 = PCURVE('',#165,#3940);
#3940 = DEFINITIONAL_REPRESENTATION('',(#3941),#3944);
#3941 = B_SPLINE_CURVE_WITH_KNOTS('',1,(#3942,#3943),.UNSPECIFIED.,.F.,
  .F.,(2,2),(14.,15.),.PIECEWISE_BEZIER_KNOTS.);
#3942 = CARTESIAN_POINT('',(3.106112246081,-1.219771235128E-07));
#3943 = CARTESIAN_POINT('',(3.327977406515,-1.306897985387E-07));
#3944 = ( GEOMETRIC_REPRESENTATION_CONTEXT(2) 
PARAMETRIC_REPRESENTATION_CONTEXT() REPRESENTATION_CONTEXT('2D SPACE',''
  ) );
#3945 = ORIENTED_EDGE('',*,*,#3946,.T.);
#3946 = EDGE_CURVE('',#3926,#3947,#3949,.T.);
#3947 = VERTEX_POINT('',#3948);
#3948 = CARTESIAN_POINT('',(397.6403,-349.4582279332,109.63782992857));
#3949 = SURFACE_CURVE('',#3950,(#4014,#4021),.PCURVE_S1.);
#3950 = ( BOUNDED_CURVE() B_SPLINE_CURVE(3,(#3951,#3952,#3953,#3954,
    #3955,#3956,#3957,#3958,#3959,#3960,#3961,#3962,#3963,#3964,#3965,
    #3966,#3967,#3968,#3969,#3970,#3971,#3972,#3973,#3974,#3975,#3976,
    #3977,#3978,#3979,#3980,#3981,#3982,#3983,#3984,#3985,#3986,#3987,
    #3988,#3989,#3990,#3991,#3992,#3993,#3994,#3995,#3996,#3997,#3998,
    #3999,#4000,#4001,#4002,#4003,#4004,#4005,#4006,#4007,#4008,#4009,
    #4010,#4011,#4012,#4013),.UNSPECIFIED.,.F.,.F.) 
B_SPLINE_CURVE_WITH_KNOTS((4,1,1,1,1,1,1,1,1,1,1,1,1,1,1,1,1,1,1,1,1,1,1
    ,1,1,1,1,1,1,1,1,1,1,1,1,1,1,1,1,1,1,1,1,1,1,1,1,1,1,1,1,1,1,1,1,1,1
    ,1,1,1,4),(0.,1.732138582393E-02,3.476147556169E-02,
    5.682134329819E-02,7.1962296323E-02,9.668171057498E-02,
    0.117312720082,0.137726814038,0.152748180615,0.167749813045,
    0.182740680817,0.197724569486,0.212727858992,0.227712266626,
    0.242722186927,0.257740578549,0.272730613132,0.287749851447,
    0.302807253127,0.317909897629,0.333164876512,0.348417208457,
    0.363717555355,0.379021830365,0.39430254102,0.409403510223,
    0.424503833082,0.439703221214,0.455034147268,0.475266642259,
    0.494822408855,0.514358099005,0.53448350075,0.549791243926,
    0.564993335593,0.580114457875,0.595233122966,0.610524778841,
    0.625831283594,0.641129798524,0.656395058325,0.671658347301,
    0.686764177688,0.701824559728,0.716841998439,0.731832580826,
    0.74685884212,0.761877146393,0.776861271766,0.791847146503,
    0.806852809101,0.821843806167,0.836903306197,0.851969913481,
    0.873073700462,0.890743423327,0.916073608219,0.937085032849,
0.966089436802,0.983488965917,1.),.UNSPECIFIED.) CURVE() 
GEOMETRIC_REPRESENTATION_ITEM() RATIONAL_B_SPLINE_CURVE((1.,
    0.99999999999,1.000000000005,0.999999999998,1.,1.,1.,1.,1.,1.,1.,1.,
    1.,1.,1.,1.,1.,1.,1.,1.,1.,1.,1.,1.,1.,1.,1.,1.,1.,1.,1.,1.,1.,1.,1.
    ,1.,1.,1.,1.,1.,1.,1.,1.,1.,1.,1.,1.,1.,1.,1.,1.,1.,1.,1.,1.,1.,1.,
    1.,1.,0.999999999999,1.000000000002,0.999999999996,1.)) 
REPRESENTATION_ITEM('') );
#3951 = CARTESIAN_POINT('',(140.9618,-352.3629885683,109.90388105131));
#3952 = CARTESIAN_POINT('',(139.3469737637,-365.1216668437,
    111.53259693274));
#3953 = CARTESIAN_POINT('',(146.55711552643,-348.135411174,
    109.1894984152));
#3954 = CARTESIAN_POINT('',(149.83248812156,-348.0535307756,
    109.11531416167));
#3955 = CARTESIAN_POINT('',(152.63844988999,-357.4548020253,
    110.25407341562));
#3956 = CARTESIAN_POINT('',(159.61432189493,-355.5523400398,
    109.92010282451));
#3957 = CARTESIAN_POINT('',(161.57498576671,-360.458712208,
    110.68821464071));
#3958 = CARTESIAN_POINT('',(166.85069272796,-352.2314910752,
    109.30146039327));
#3959 = CARTESIAN_POINT('',(170.05924171584,-358.6827894074,
    110.40400269149));
#3960 = CARTESIAN_POINT('',(175.2605606702,-357.311169287,
    110.26267445399));
#3961 = CARTESIAN_POINT('',(179.44145366882,-357.8801658769,
    110.47493588275));
#3962 = CARTESIAN_POINT('',(183.74546905009,-358.0193080404,
    110.61729879416));
#3963 = CARTESIAN_POINT('',(188.02212458981,-357.8095784528,
    110.66782957787));
#3964 = CARTESIAN_POINT('',(192.29363155905,-358.2969912995,
    110.94081970426));
#3965 = CARTESIAN_POINT('',(196.58004983101,-358.4958843609,
    111.12585033947));
#3966 = CARTESIAN_POINT('',(200.85501156117,-357.6673979814,
    111.09399726699));
#3967 = CARTESIAN_POINT('',(205.12596544359,-358.504729041,
    111.49116863599));
#3968 = CARTESIAN_POINT('',(209.41439322258,-358.1301274703,
    111.63573859453));
#3969 = CARTESIAN_POINT('',(213.69322367635,-357.8214269198,
    111.9140700558));
#3970 = CARTESIAN_POINT('',(217.96934112329,-357.028578737,
    112.13445418788));
#3971 = CARTESIAN_POINT('',(222.26952895422,-356.4824826162,
    112.61569098505));
#3972 = CARTESIAN_POINT('',(226.5166643478,-355.0228891322,
    112.96524062968));
#3973 = CARTESIAN_POINT('',(230.80856684708,-353.9636926571,
    113.47228816206));
#3974 = CARTESIAN_POINT('',(235.07622110161,-352.4454627581,
    113.79869847769));
#3975 = CARTESIAN_POINT('',(239.35488141397,-351.1307260006,
    114.20666993587));
#3976 = CARTESIAN_POINT('',(243.60389158591,-349.7801566216,
    114.42639979562));
#3977 = CARTESIAN_POINT('',(247.90844854027,-349.1369325836,
    114.17367556926));
#3978 = CARTESIAN_POINT('',(252.2213347776,-348.8832457387,
    113.29060056308));
#3979 = CARTESIAN_POINT('',(256.41797633353,-349.5743600065,
    112.80333919536));
#3980 = CARTESIAN_POINT('',(261.49749220731,-349.0768554057,
    111.16024140936));
#3981 = CARTESIAN_POINT('',(264.82846846707,-353.7746666543,
    116.64351841185));
#3982 = CARTESIAN_POINT('',(269.29986524939,-343.0889972223,
    112.36871154261));
#3983 = CARTESIAN_POINT('',(273.76120192934,-353.200419351,
    116.77025680854));
#3984 = CARTESIAN_POINT('',(277.11561224167,-351.3152821452,
    110.68539690756));
#3985 = CARTESIAN_POINT('',(282.18739413143,-352.9066710519,
    112.04869974026));
#3986 = CARTESIAN_POINT('',(286.38362479911,-352.7319641536,
    112.49973358596));
#3987 = CARTESIAN_POINT('',(290.6929217221,-352.3819351809,
    113.2712404432));
#3988 = CARTESIAN_POINT('',(294.99728518776,-352.1769232806,
    113.10662311605));
#3989 = CARTESIAN_POINT('',(299.24599549207,-351.1843503529,
    112.82351495964));
#3990 = CARTESIAN_POINT('',(303.52499017227,-350.1472763582,
    112.42282611778));
#3991 = CARTESIAN_POINT('',(307.79622056725,-349.0982413361,
    111.99817804597));
#3992 = CARTESIAN_POINT('',(312.08441986464,-348.0124007643,
    111.71418012155));
#3993 = CARTESIAN_POINT('',(316.3318452167,-347.0925346422,
    111.34486458426));
#3994 = CARTESIAN_POINT('',(320.63289091038,-346.5745222657,
    110.87412477863));
#3995 = CARTESIAN_POINT('',(324.90801010291,-346.0933884727,
    110.69925459771));
#3996 = CARTESIAN_POINT('',(329.18807309953,-345.7901757667,
    110.52980590976));
#3997 = CARTESIAN_POINT('',(333.47733801931,-345.4921695137,
    110.47802806825));
#3998 = CARTESIAN_POINT('',(337.7470456075,-346.2455898767,
    110.14659072043));
#3999 = CARTESIAN_POINT('',(342.02123400371,-345.4004315376,
    110.26402194887));
#4000 = CARTESIAN_POINT('',(346.30443528757,-345.6999402065,
    110.00983843188));
#4001 = CARTESIAN_POINT('',(350.5884217255,-345.7487809461,
    109.93733719642));
#4002 = CARTESIAN_POINT('',(354.84926238005,-345.5903318213,
    109.92633485158));
#4003 = CARTESIAN_POINT('',(359.17649042862,-346.0543562337,
    109.7280330723));
#4004 = CARTESIAN_POINT('',(363.32021844008,-345.361958363,
    109.75336033508));
#4005 = CARTESIAN_POINT('',(368.68503275418,-346.9694490526,
    109.42317657824));
#4006 = CARTESIAN_POINT('',(371.24903411287,-343.6713378276,
    109.97722406306));
#4007 = CARTESIAN_POINT('',(377.42638182418,-340.8750730605,
    110.40866094286));
#4008 = CARTESIAN_POINT('',(379.73562276372,-349.0330121458,
    109.24417095568));
#4009 = CARTESIAN_POINT('',(385.92015942773,-340.744923608,
    110.2991520011));
#4010 = CARTESIAN_POINT('',(387.95796901408,-352.8538021744,
    108.63886073105));
#4011 = CARTESIAN_POINT('',(392.55136708921,-352.1884367969,
    109.09929431198));
#4012 = CARTESIAN_POINT('',(397.86107277384,-339.4896092888,
    111.06939024194));
#4013 = CARTESIAN_POINT('',(397.6403,-349.4582279332,109.63782992857));
#4014 = PCURVE('',#3768,#4015);
#4015 = DEFINITIONAL_REPRESENTATION('',(#4016),#4020);
#4016 = LINE('',#4017,#4018);
#4017 = CARTESIAN_POINT('',(15.,0.));
#4018 = VECTOR('',#4019,1.);
#4019 = DIRECTION('',(0.,1.));
#4020 = ( GEOMETRIC_REPRESENTATION_CONTEXT(2) 
PARAMETRIC_REPRESENTATION_CONTEXT() REPRESENTATION_CONTEXT('2D SPACE',''
  ) );
#4021 = PCURVE('',#4022,#4149);
#4022 = ( BOUNDED_SURFACE() B_SPLINE_SURFACE(1,3,(
    (#4023,#4024,#4025,#4026,#4027,#4028,#4029,#4030,#4031,#4032,#4033
      ,#4034,#4035,#4036,#4037,#4038,#4039,#4040,#4041,#4042,#4043,#4044
      ,#4045,#4046,#4047,#4048,#4049,#4050,#4051,#4052,#4053,#4054,#4055
      ,#4056,#4057,#4058,#4059,#4060,#4061,#4062,#4063,#4064,#4065,#4066
      ,#4067,#4068,#4069,#4070,#4071,#4072,#4073,#4074,#4075,#4076,#4077
      ,#4078,#4079,#4080,#4081,#4082,#4083,#4084,#4085)
    ,(#4086,#4087,#4088,#4089,#4090,#4091,#4092,#4093,#4094,#4095,#4096
      ,#4097,#4098,#4099,#4100,#4101,#4102,#4103,#4104,#4105,#4106,#4107
      ,#4108,#4109,#4110,#4111,#4112,#4113,#4114,#4115,#4116,#4117,#4118
      ,#4119,#4120,#4121,#4122,#4123,#4124,#4125,#4126,#4127,#4128,#4129
      ,#4130,#4131,#4132,#4133,#4134,#4135,#4136,#4137,#4138,#4139,#4140
      ,#4141,#4142,#4143,#4144,#4145,#4146,#4147,#4148
)),.UNSPECIFIED.,.F.,.F.,.F.) B_SPLINE_SURFACE_WITH_KNOTS((2,2),(4,1,1,1
    ,1,1,1,1,1,1,1,1,1,1,1,1,1,1,1,1,1,1,1,1,1,1,1,1,1,1,1,1,1,1,1,1,1,1
    ,1,1,1,1,1,1,1,1,1,1,1,1,1,1,1,1,1,1,1,1,1,1,4),(15.,16.),(0.,
    1.732138582393E-02,3.476147556169E-02,5.682134329819E-02,
    7.1962296323E-02,9.668171057498E-02,0.117312720082,0.137726814038,
    0.152748180615,0.167749813045,0.182740680817,0.197724569486,
    0.212727858992,0.227712266626,0.242722186927,0.257740578549,
    0.272730613132,0.287749851447,0.302807253127,0.317909897629,
    0.333164876512,0.348417208457,0.363717555355,0.379021830365,
    0.39430254102,0.409403510223,0.424503833082,0.439703221214,
    0.455034147268,0.475266642259,0.494822408855,0.514358099005,
    0.53448350075,0.549791243926,0.564993335593,0.580114457875,
    0.595233122966,0.610524778841,0.625831283594,0.641129798524,
    0.656395058325,0.671658347301,0.686764177688,0.701824559728,
    0.716841998439,0.731832580826,0.74685884212,0.761877146393,
    0.776861271766,0.791847146503,0.806852809101,0.821843806167,
    0.836903306197,0.851969913481,0.873073700462,0.890743423327,
    0.916073608219,0.937085032849,0.966089436802,0.983488965917,1.),
.UNSPECIFIED.) GEOMETRIC_REPRESENTATION_ITEM() RATIONAL_B_SPLINE_SURFACE
((
    (1.,0.99999999999,1.000000000005,0.999999999998,1.,1.,1.,1.,1.,1.,1.
      ,1.,1.,1.,1.,1.,1.,1.,1.,1.,1.,1.,1.,1.,1.,1.,1.,1.,1.,1.,1.,1.,1.
      ,1.,1.,1.,1.,1.,1.,1.,1.,1.,1.,1.,1.,1.,1.,1.,1.,1.,1.,1.,1.,1.,1.
      ,1.,1.,1.,1.,0.999999999999,1.000000000002,0.999999999996,1.)
    ,(1.,0.99999999999,1.000000000005,0.999999999998,1.,1.,1.,1.,1.,1.
      ,1.,1.,1.,1.,1.,1.,1.,1.,1.,1.,1.,1.,1.,1.,1.,1.,1.,1.,1.,1.,1.,1.
      ,1.,1.,1.,1.,1.,1.,1.,1.,1.,1.,1.,1.,1.,1.,1.,1.,1.,1.,1.,1.,1.,1.
      ,1.,1.,1.,1.,1.,0.999999999999,1.000000000002,0.999999999996,1.
))) REPRESENTATION_ITEM('') SURFACE() );
#4023 = CARTESIAN_POINT('',(140.9618,-352.3629885683,109.90388105131));
#4024 = CARTESIAN_POINT('',(139.3469737637,-365.1216668437,
    111.53259693274));
#4025 = CARTESIAN_POINT('',(146.55711552643,-348.135411174,
    109.1894984152));
#4026 = CARTESIAN_POINT('',(149.83248812156,-348.0535307756,
    109.11531416167));
#4027 = CARTESIAN_POINT('',(152.63844988999,-357.4548020253,
    110.25407341562));
#4028 = CARTESIAN_POINT('',(159.61432189493,-355.5523400398,
    109.92010282451));
#4029 = CARTESIAN_POINT('',(161.57498576671,-360.458712208,
    110.68821464071));
#4030 = CARTESIAN_POINT('',(166.85069272796,-352.2314910752,
    109.30146039327));
#4031 = CARTESIAN_POINT('',(170.05924171584,-358.6827894074,
    110.40400269149));
#4032 = CARTESIAN_POINT('',(175.2605606702,-357.311169287,
    110.26267445399));
#4033 = CARTESIAN_POINT('',(179.44145366882,-357.8801658769,
    110.47493588275));
#4034 = CARTESIAN_POINT('',(183.74546905009,-358.0193080404,
    110.61729879416));
#4035 = CARTESIAN_POINT('',(188.02212458981,-357.8095784528,
    110.66782957787));
#4036 = CARTESIAN_POINT('',(192.29363155905,-358.2969912995,
    110.94081970426));
#4037 = CARTESIAN_POINT('',(196.58004983101,-358.4958843609,
    111.12585033947));
#4038 = CARTESIAN_POINT('',(200.85501156117,-357.6673979814,
    111.09399726699));
#4039 = CARTESIAN_POINT('',(205.12596544359,-358.504729041,
    111.49116863599));
#4040 = CARTESIAN_POINT('',(209.41439322258,-358.1301274703,
    111.63573859453));
#4041 = CARTESIAN_POINT('',(213.69322367635,-357.8214269198,
    111.9140700558));
#4042 = CARTESIAN_POINT('',(217.96934112329,-357.028578737,
    112.13445418788));
#4043 = CARTESIAN_POINT('',(222.26952895422,-356.4824826162,
    112.61569098505));
#4044 = CARTESIAN_POINT('',(226.5166643478,-355.0228891322,
    112.96524062968));
#4045 = CARTESIAN_POINT('',(230.80856684708,-353.9636926571,
    113.47228816206));
#4046 = CARTESIAN_POINT('',(235.07622110161,-352.4454627581,
    113.79869847769));
#4047 = CARTESIAN_POINT('',(239.35488141397,-351.1307260006,
    114.20666993587));
#4048 = CARTESIAN_POINT('',(243.60389158591,-349.7801566216,
    114.42639979562));
#4049 = CARTESIAN_POINT('',(247.90844854027,-349.1369325836,
    114.17367556926));
#4050 = CARTESIAN_POINT('',(252.2213347776,-348.8832457387,
    113.29060056308));
#4051 = CARTESIAN_POINT('',(256.41797633353,-349.5743600065,
    112.80333919536));
#4052 = CARTESIAN_POINT('',(261.49749220731,-349.0768554057,
    111.16024140936));
#4053 = CARTESIAN_POINT('',(264.82846846707,-353.7746666543,
    116.64351841185));
#4054 = CARTESIAN_POINT('',(269.29986524939,-343.0889972223,
    112.36871154261));
#4055 = CARTESIAN_POINT('',(273.76120192934,-353.200419351,
    116.77025680854));
#4056 = CARTESIAN_POINT('',(277.11561224167,-351.3152821452,
    110.68539690756));
#4057 = CARTESIAN_POINT('',(282.18739413143,-352.9066710519,
    112.04869974026));
#4058 = CARTESIAN_POINT('',(286.38362479911,-352.7319641536,
    112.49973358596));
#4059 = CARTESIAN_POINT('',(290.6929217221,-352.3819351809,
    113.2712404432));
#4060 = CARTESIAN_POINT('',(294.99728518776,-352.1769232806,
    113.10662311605));
#4061 = CARTESIAN_POINT('',(299.24599549207,-351.1843503529,
    112.82351495964));
#4062 = CARTESIAN_POINT('',(303.52499017227,-350.1472763582,
    112.42282611778));
#4063 = CARTESIAN_POINT('',(307.79622056725,-349.0982413361,
    111.99817804597));
#4064 = CARTESIAN_POINT('',(312.08441986464,-348.0124007643,
    111.71418012155));
#4065 = CARTESIAN_POINT('',(316.3318452167,-347.0925346422,
    111.34486458426));
#4066 = CARTESIAN_POINT('',(320.63289091038,-346.5745222657,
    110.87412477863));
#4067 = CARTESIAN_POINT('',(324.90801010291,-346.0933884727,
    110.69925459771));
#4068 = CARTESIAN_POINT('',(329.18807309953,-345.7901757667,
    110.52980590976));
#4069 = CARTESIAN_POINT('',(333.47733801931,-345.4921695137,
    110.47802806825));
#4070 = CARTESIAN_POINT('',(337.7470456075,-346.2455898767,
    110.14659072043));
#4071 = CARTESIAN_POINT('',(342.02123400371,-345.4004315376,
    110.26402194887));
#4072 = CARTESIAN_POINT('',(346.30443528757,-345.6999402065,
    110.00983843188));
#4073 = CARTESIAN_POINT('',(350.5884217255,-345.7487809461,
    109.93733719642));
#4074 = CARTESIAN_POINT('',(354.84926238005,-345.5903318213,
    109.92633485158));
#4075 = CARTESIAN_POINT('',(359.17649042862,-346.0543562337,
    109.7280330723));
#4076 = CARTESIAN_POINT('',(363.32021844008,-345.361958363,
    109.75336033508));
#4077 = CARTESIAN_POINT('',(368.68503275418,-346.9694490526,
    109.42317657824));
#4078 = CARTESIAN_POINT('',(371.24903411287,-343.6713378276,
    109.97722406306));
#4079 = CARTESIAN_POINT('',(377.42638182418,-340.8750730605,
    110.40866094286));
#4080 = CARTESIAN_POINT('',(379.73562276372,-349.0330121458,
    109.24417095568));
#4081 = CARTESIAN_POINT('',(385.92015942773,-340.744923608,
    110.2991520011));
#4082 = CARTESIAN_POINT('',(387.95796901408,-352.8538021744,
    108.63886073105));
#4083 = CARTESIAN_POINT('',(392.55136708921,-352.1884367969,
    109.09929431198));
#4084 = CARTESIAN_POINT('',(397.86107277384,-339.4896092888,
    111.06939024194));
#4085 = CARTESIAN_POINT('',(397.6403,-349.4582279332,109.63782992857));
#4086 = CARTESIAN_POINT('',(140.9618,-352.5831287285,109.93149371675));
#4087 = CARTESIAN_POINT('',(139.3469737637,-365.90003922,111.57919464962
    ));
#4088 = CARTESIAN_POINT('',(146.55711552643,-348.5846522646,
    109.26303857422));
#4089 = CARTESIAN_POINT('',(149.83248812156,-348.353210937,
    109.15997316497));
#4090 = CARTESIAN_POINT('',(152.63844988999,-358.3798325208,
    110.36793829943));
#4091 = CARTESIAN_POINT('',(159.61432189493,-356.6637395828,
    110.10404362494));
#4092 = CARTESIAN_POINT('',(161.57498576671,-360.8068035481,
    110.74548702524));
#4093 = CARTESIAN_POINT('',(166.85069272796,-352.6566818956,
    109.37022428216));
#4094 = CARTESIAN_POINT('',(170.05924171584,-360.0459509031,
    110.64807360715));
#4095 = CARTESIAN_POINT('',(175.2605606702,-358.5424235237,
    110.47753794885));
#4096 = CARTESIAN_POINT('',(179.44145366882,-359.184687775,
    110.75598128747));
#4097 = CARTESIAN_POINT('',(183.74546905009,-359.3474478264,
    110.89363221381));
#4098 = CARTESIAN_POINT('',(188.02212458981,-359.1414880218,
    110.93251692839));
#4099 = CARTESIAN_POINT('',(192.29363155905,-359.6581343476,
    111.27251725447));
#4100 = CARTESIAN_POINT('',(196.58004983101,-359.8833101089,
    111.44681815401));
#4101 = CARTESIAN_POINT('',(200.85501156117,-358.9922743613,
    111.40773419872));
#4102 = CARTESIAN_POINT('',(205.12596544359,-359.8899792637,
    111.85211081011));
#4103 = CARTESIAN_POINT('',(209.41439322258,-359.4810675942,
    112.00852897876));
#4104 = CARTESIAN_POINT('',(213.69322367635,-359.1347236136,
    112.32600508987));
#4105 = CARTESIAN_POINT('',(217.96934112329,-358.2881932906,
    112.53425706564));
#4106 = CARTESIAN_POINT('',(222.26952895422,-357.6789455715,
    113.00931976296));
#4107 = CARTESIAN_POINT('',(226.5166643478,-356.1393332791,
    113.36620506979));
#4108 = CARTESIAN_POINT('',(230.80856684708,-355.0001927084,
    113.87550676188));
#4109 = CARTESIAN_POINT('',(235.07622110161,-353.3866333094,
    114.23366793803));
#4110 = CARTESIAN_POINT('',(239.35488141397,-351.9865004872,
    114.64578499794));
#4111 = CARTESIAN_POINT('',(243.60389158591,-350.5625739797,
    114.81949272768));
#4112 = CARTESIAN_POINT('',(247.90844854027,-349.8767890882,
    114.48059928198));
#4113 = CARTESIAN_POINT('',(252.2213347776,-349.5753241903,
    113.46898838849));
#4114 = CARTESIAN_POINT('',(256.41797633353,-350.2347187839,
    112.84624242649));
#4115 = CARTESIAN_POINT('',(261.49749220731,-349.5159261841,
    111.20593781948));
#4116 = CARTESIAN_POINT('',(264.82846846707,-354.9752097868,
    116.94358224056));
#4117 = CARTESIAN_POINT('',(269.29986524939,-342.4977545647,
    111.19432553706));
#4118 = CARTESIAN_POINT('',(273.76120192934,-354.4031442341,
    117.15798085868));
#4119 = CARTESIAN_POINT('',(277.11561224167,-351.7271890546,
    110.39717439199));
#4120 = CARTESIAN_POINT('',(282.18739413143,-353.5237301649,
    111.83023137124));
#4121 = CARTESIAN_POINT('',(286.38362479911,-353.3631811844,
    112.16834094103));
#4122 = CARTESIAN_POINT('',(290.6929217221,-353.0724219272,
    112.86891428174));
#4123 = CARTESIAN_POINT('',(294.99728518776,-352.8942995956,
    112.60487856058));
#4124 = CARTESIAN_POINT('',(299.24599549207,-352.0111719446,
    112.33108580688));
#4125 = CARTESIAN_POINT('',(303.52499017227,-351.0694925135,
    111.95247974547));
#4126 = CARTESIAN_POINT('',(307.79622056725,-350.0983811748,
    111.511383311));
#4127 = CARTESIAN_POINT('',(312.08441986464,-349.1286360745,
    111.31289806785));
#4128 = CARTESIAN_POINT('',(316.3318452167,-348.2589735689,
    110.86779234386));
#4129 = CARTESIAN_POINT('',(320.63289091038,-347.8540648861,
    110.5199382017));
#4130 = CARTESIAN_POINT('',(324.90801010291,-347.4153505725,
    110.30929227244));
#4131 = CARTESIAN_POINT('',(329.18807309953,-347.1614469315,
    110.20661623666));
#4132 = CARTESIAN_POINT('',(333.47733801931,-346.8828963053,
    110.13253306289));
#4133 = CARTESIAN_POINT('',(337.7470456075,-347.5850222723,
    109.84096120077));
#4134 = CARTESIAN_POINT('',(342.02123400371,-346.7963455803,
    109.9665891961));
#4135 = CARTESIAN_POINT('',(346.30443528757,-347.0633772032,
    109.70886571496));
#4136 = CARTESIAN_POINT('',(350.5884217255,-347.1135512308,
    109.6816250674));
#4137 = CARTESIAN_POINT('',(354.84926238005,-346.8892439986,
    109.66188282222));
#4138 = CARTESIAN_POINT('',(359.17649042862,-347.3789405914,
    109.49950348299));
#4139 = CARTESIAN_POINT('',(363.32021844008,-346.5893165418,
    109.53154894776));
#4140 = CARTESIAN_POINT('',(368.68503275418,-348.2176104103,
    109.2234523105));
#4141 = CARTESIAN_POINT('',(371.24903411287,-344.5638492986,
    109.83224519779));
#4142 = CARTESIAN_POINT('',(377.42638182418,-341.1629135637,
    110.36625800774));
#4143 = CARTESIAN_POINT('',(379.73562276372,-350.3575420185,
    109.03666946882));
#4144 = CARTESIAN_POINT('',(385.92015942773,-341.1031571083,
    110.2461065296));
#4145 = CARTESIAN_POINT('',(387.95796901408,-353.1481658226,
    108.62558336243));
#4146 = CARTESIAN_POINT('',(392.55136708921,-352.916356877,
    108.95778855693));
#4147 = CARTESIAN_POINT('',(397.86107277384,-339.5703289625,
    111.00092337251));
#4148 = CARTESIAN_POINT('',(397.6403,-349.6344217578,109.61683602971));
#4149 = DEFINITIONAL_REPRESENTATION('',(#4150),#4154);
#4150 = LINE('',#4151,#4152);
#4151 = CARTESIAN_POINT('',(15.,0.));
#4152 = VECTOR('',#4153,1.);
#4153 = DIRECTION('',(0.,1.));
#4154 = ( GEOMETRIC_REPRESENTATION_CONTEXT(2) 
PARAMETRIC_REPRESENTATION_CONTEXT() REPRESENTATION_CONTEXT('2D SPACE',''
  ) );
#4155 = ORIENTED_EDGE('',*,*,#4156,.F.);
#4156 = EDGE_CURVE('',#3693,#3947,#4157,.T.);
#4157 = SURFACE_CURVE('',#4158,(#4161,#4168),.PCURVE_S1.);
#4158 = B_SPLINE_CURVE_WITH_KNOTS('',1,(#4159,#4160),.UNSPECIFIED.,.F.,
  .F.,(2,2),(14.,15.),.PIECEWISE_BEZIER_KNOTS.);
#4159 = CARTESIAN_POINT('',(397.6403,-349.2822542281,109.66061041107));
#4160 = CARTESIAN_POINT('',(397.6403,-349.4582279332,109.63782992857));
#4161 = PCURVE('',#3768,#4162);
#4162 = DEFINITIONAL_REPRESENTATION('',(#4163),#4167);
#4163 = LINE('',#4164,#4165);
#4164 = CARTESIAN_POINT('',(0.,1.));
#4165 = VECTOR('',#4166,1.);
#4166 = DIRECTION('',(1.,0.));
#4167 = ( GEOMETRIC_REPRESENTATION_CONTEXT(2) 
PARAMETRIC_REPRESENTATION_CONTEXT() REPRESENTATION_CONTEXT('2D SPACE',''
  ) );
#4168 = PCURVE('',#401,#4169);
#4169 = DEFINITIONAL_REPRESENTATION('',(#4170),#4173);
#4170 = B_SPLINE_CURVE_WITH_KNOTS('',1,(#4171,#4172),.UNSPECIFIED.,.F.,
  .F.,(2,2),(14.,15.),.PIECEWISE_BEZIER_KNOTS.);
#4171 = CARTESIAN_POINT('',(-0.35499935388,1.482322180593E-02));
#4172 = CARTESIAN_POINT('',(-0.177571726532,1.708868411129E-02));
#4173 = ( GEOMETRIC_REPRESENTATION_CONTEXT(2) 
PARAMETRIC_REPRESENTATION_CONTEXT() REPRESENTATION_CONTEXT('2D SPACE',''
  ) );
#4174 = ORIENTED_EDGE('',*,*,#3692,.F.);
#4175 = ADVANCED_FACE('',(#4176),#4022,.T.);
#4176 = FACE_BOUND('',#4177,.T.);
#4177 = EDGE_LOOP('',(#4178,#4199,#4409,#4428));
#4178 = ORIENTED_EDGE('',*,*,#4179,.T.);
#4179 = EDGE_CURVE('',#3926,#4180,#4182,.T.);
#4180 = VERTEX_POINT('',#4181);
#4181 = CARTESIAN_POINT('',(140.9618,-352.5831287285,109.93149371675));
#4182 = SURFACE_CURVE('',#4183,(#4186,#4193),.PCURVE_S1.);
#4183 = B_SPLINE_CURVE_WITH_KNOTS('',1,(#4184,#4185),.UNSPECIFIED.,.F.,
  .F.,(2,2),(15.,16.),.PIECEWISE_BEZIER_KNOTS.);
#4184 = CARTESIAN_POINT('',(140.9618,-352.3629885683,109.90388105131));
#4185 = CARTESIAN_POINT('',(140.9618,-352.5831287285,109.93149371675));
#4186 = PCURVE('',#4022,#4187);
#4187 = DEFINITIONAL_REPRESENTATION('',(#4188),#4192);
#4188 = LINE('',#4189,#4190);
#4189 = CARTESIAN_POINT('',(0.,0.));
#4190 = VECTOR('',#4191,1.);
#4191 = DIRECTION('',(1.,0.));
#4192 = ( GEOMETRIC_REPRESENTATION_CONTEXT(2) 
PARAMETRIC_REPRESENTATION_CONTEXT() REPRESENTATION_CONTEXT('2D SPACE',''
  ) );
#4193 = PCURVE('',#165,#4194);
#4194 = DEFINITIONAL_REPRESENTATION('',(#4195),#4198);
#4195 = B_SPLINE_CURVE_WITH_KNOTS('',1,(#4196,#4197),.UNSPECIFIED.,.F.,
  .F.,(2,2),(15.,16.),.PIECEWISE_BEZIER_KNOTS.);
#4196 = CARTESIAN_POINT('',(3.327977406515,-1.306897985387E-07));
#4197 = CARTESIAN_POINT('',(3.549842566949,-1.394024451429E-07));
#4198 = ( GEOMETRIC_REPRESENTATION_CONTEXT(2) 
PARAMETRIC_REPRESENTATION_CONTEXT() REPRESENTATION_CONTEXT('2D SPACE',''
  ) );
#4199 = ORIENTED_EDGE('',*,*,#4200,.T.);
#4200 = EDGE_CURVE('',#4180,#4201,#4203,.T.);
#4201 = VERTEX_POINT('',#4202);
#4202 = CARTESIAN_POINT('',(397.6403,-349.6344217578,109.61683602971));
#4203 = SURFACE_CURVE('',#4204,(#4268,#4275),.PCURVE_S1.);
#4204 = ( BOUNDED_CURVE() B_SPLINE_CURVE(3,(#4205,#4206,#4207,#4208,
    #4209,#4210,#4211,#4212,#4213,#4214,#4215,#4216,#4217,#4218,#4219,
    #4220,#4221,#4222,#4223,#4224,#4225,#4226,#4227,#4228,#4229,#4230,
    #4231,#4232,#4233,#4234,#4235,#4236,#4237,#4238,#4239,#4240,#4241,
    #4242,#4243,#4244,#4245,#4246,#4247,#4248,#4249,#4250,#4251,#4252,
    #4253,#4254,#4255,#4256,#4257,#4258,#4259,#4260,#4261,#4262,#4263,
    #4264,#4265,#4266,#4267),.UNSPECIFIED.,.F.,.F.) 
B_SPLINE_CURVE_WITH_KNOTS((4,1,1,1,1,1,1,1,1,1,1,1,1,1,1,1,1,1,1,1,1,1,1
    ,1,1,1,1,1,1,1,1,1,1,1,1,1,1,1,1,1,1,1,1,1,1,1,1,1,1,1,1,1,1,1,1,1,1
    ,1,1,1,4),(0.,1.732138582393E-02,3.476147556169E-02,
    5.682134329819E-02,7.1962296323E-02,9.668171057498E-02,
    0.117312720082,0.137726814038,0.152748180615,0.167749813045,
    0.182740680817,0.197724569486,0.212727858992,0.227712266626,
    0.242722186927,0.257740578549,0.272730613132,0.287749851447,
    0.302807253127,0.317909897629,0.333164876512,0.348417208457,
    0.363717555355,0.379021830365,0.39430254102,0.409403510223,
    0.424503833082,0.439703221214,0.455034147268,0.475266642259,
    0.494822408855,0.514358099005,0.53448350075,0.549791243926,
    0.564993335593,0.580114457875,0.595233122966,0.610524778841,
    0.625831283594,0.641129798524,0.656395058325,0.671658347301,
    0.686764177688,0.701824559728,0.716841998439,0.731832580826,
    0.74685884212,0.761877146393,0.776861271766,0.791847146503,
    0.806852809101,0.821843806167,0.836903306197,0.851969913481,
    0.873073700462,0.890743423327,0.916073608219,0.937085032849,
0.966089436802,0.983488965917,1.),.UNSPECIFIED.) CURVE() 
GEOMETRIC_REPRESENTATION_ITEM() RATIONAL_B_SPLINE_CURVE((1.,
    0.99999999999,1.000000000005,0.999999999998,1.,1.,1.,1.,1.,1.,1.,1.,
    1.,1.,1.,1.,1.,1.,1.,1.,1.,1.,1.,1.,1.,1.,1.,1.,1.,1.,1.,1.,1.,1.,1.
    ,1.,1.,1.,1.,1.,1.,1.,1.,1.,1.,1.,1.,1.,1.,1.,1.,1.,1.,1.,1.,1.,1.,
    1.,1.,0.999999999999,1.000000000002,0.999999999996,1.)) 
REPRESENTATION_ITEM('') );
#4205 = CARTESIAN_POINT('',(140.9618,-352.5831287285,109.93149371675));
#4206 = CARTESIAN_POINT('',(139.3469737637,-365.90003922,111.57919464962
    ));
#4207 = CARTESIAN_POINT('',(146.55711552643,-348.5846522646,
    109.26303857422));
#4208 = CARTESIAN_POINT('',(149.83248812156,-348.353210937,
    109.15997316497));
#4209 = CARTESIAN_POINT('',(152.63844988999,-358.3798325208,
    110.36793829943));
#4210 = CARTESIAN_POINT('',(159.61432189493,-356.6637395828,
    110.10404362494));
#4211 = CARTESIAN_POINT('',(161.57498576671,-360.8068035481,
    110.74548702524));
#4212 = CARTESIAN_POINT('',(166.85069272796,-352.6566818956,
    109.37022428216));
#4213 = CARTESIAN_POINT('',(170.05924171584,-360.0459509031,
    110.64807360715));
#4214 = CARTESIAN_POINT('',(175.2605606702,-358.5424235237,
    110.47753794885));
#4215 = CARTESIAN_POINT('',(179.44145366882,-359.184687775,
    110.75598128747));
#4216 = CARTESIAN_POINT('',(183.74546905009,-359.3474478264,
    110.89363221381));
#4217 = CARTESIAN_POINT('',(188.02212458981,-359.1414880218,
    110.93251692839));
#4218 = CARTESIAN_POINT('',(192.29363155905,-359.6581343476,
    111.27251725447));
#4219 = CARTESIAN_POINT('',(196.58004983101,-359.8833101089,
    111.44681815401));
#4220 = CARTESIAN_POINT('',(200.85501156117,-358.9922743613,
    111.40773419872));
#4221 = CARTESIAN_POINT('',(205.12596544359,-359.8899792637,
    111.85211081011));
#4222 = CARTESIAN_POINT('',(209.41439322258,-359.4810675942,
    112.00852897876));
#4223 = CARTESIAN_POINT('',(213.69322367635,-359.1347236136,
    112.32600508987));
#4224 = CARTESIAN_POINT('',(217.96934112329,-358.2881932906,
    112.53425706564));
#4225 = CARTESIAN_POINT('',(222.26952895422,-357.6789455715,
    113.00931976296));
#4226 = CARTESIAN_POINT('',(226.5166643478,-356.1393332791,
    113.36620506979));
#4227 = CARTESIAN_POINT('',(230.80856684708,-355.0001927084,
    113.87550676188));
#4228 = CARTESIAN_POINT('',(235.07622110161,-353.3866333094,
    114.23366793803));
#4229 = CARTESIAN_POINT('',(239.35488141397,-351.9865004872,
    114.64578499794));
#4230 = CARTESIAN_POINT('',(243.60389158591,-350.5625739797,
    114.81949272768));
#4231 = CARTESIAN_POINT('',(247.90844854027,-349.8767890882,
    114.48059928198));
#4232 = CARTESIAN_POINT('',(252.2213347776,-349.5753241903,
    113.46898838849));
#4233 = CARTESIAN_POINT('',(256.41797633353,-350.2347187839,
    112.84624242649));
#4234 = CARTESIAN_POINT('',(261.49749220731,-349.5159261841,
    111.20593781948));
#4235 = CARTESIAN_POINT('',(264.82846846707,-354.9752097868,
    116.94358224056));
#4236 = CARTESIAN_POINT('',(269.29986524939,-342.4977545647,
    111.19432553706));
#4237 = CARTESIAN_POINT('',(273.76120192934,-354.4031442341,
    117.15798085868));
#4238 = CARTESIAN_POINT('',(277.11561224167,-351.7271890546,
    110.39717439199));
#4239 = CARTESIAN_POINT('',(282.18739413143,-353.5237301649,
    111.83023137124));
#4240 = CARTESIAN_POINT('',(286.38362479911,-353.3631811844,
    112.16834094103));
#4241 = CARTESIAN_POINT('',(290.6929217221,-353.0724219272,
    112.86891428174));
#4242 = CARTESIAN_POINT('',(294.99728518776,-352.8942995956,
    112.60487856058));
#4243 = CARTESIAN_POINT('',(299.24599549207,-352.0111719446,
    112.33108580688));
#4244 = CARTESIAN_POINT('',(303.52499017227,-351.0694925135,
    111.95247974547));
#4245 = CARTESIAN_POINT('',(307.79622056725,-350.0983811748,
    111.511383311));
#4246 = CARTESIAN_POINT('',(312.08441986464,-349.1286360745,
    111.31289806785));
#4247 = CARTESIAN_POINT('',(316.3318452167,-348.2589735689,
    110.86779234386));
#4248 = CARTESIAN_POINT('',(320.63289091038,-347.8540648861,
    110.5199382017));
#4249 = CARTESIAN_POINT('',(324.90801010291,-347.4153505725,
    110.30929227244));
#4250 = CARTESIAN_POINT('',(329.18807309953,-347.1614469315,
    110.20661623666));
#4251 = CARTESIAN_POINT('',(333.47733801931,-346.8828963053,
    110.13253306289));
#4252 = CARTESIAN_POINT('',(337.7470456075,-347.5850222723,
    109.84096120077));
#4253 = CARTESIAN_POINT('',(342.02123400371,-346.7963455803,
    109.9665891961));
#4254 = CARTESIAN_POINT('',(346.30443528757,-347.0633772032,
    109.70886571496));
#4255 = CARTESIAN_POINT('',(350.5884217255,-347.1135512308,
    109.6816250674));
#4256 = CARTESIAN_POINT('',(354.84926238005,-346.8892439986,
    109.66188282222));
#4257 = CARTESIAN_POINT('',(359.17649042862,-347.3789405914,
    109.49950348299));
#4258 = CARTESIAN_POINT('',(363.32021844008,-346.5893165418,
    109.53154894776));
#4259 = CARTESIAN_POINT('',(368.68503275418,-348.2176104103,
    109.2234523105));
#4260 = CARTESIAN_POINT('',(371.24903411287,-344.5638492986,
    109.83224519779));
#4261 = CARTESIAN_POINT('',(377.42638182418,-341.1629135637,
    110.36625800774));
#4262 = CARTESIAN_POINT('',(379.73562276372,-350.3575420185,
    109.03666946882));
#4263 = CARTESIAN_POINT('',(385.92015942773,-341.1031571083,
    110.2461065296));
#4264 = CARTESIAN_POINT('',(387.95796901408,-353.1481658226,
    108.62558336243));
#4265 = CARTESIAN_POINT('',(392.55136708921,-352.916356877,
    108.95778855693));
#4266 = CARTESIAN_POINT('',(397.86107277384,-339.5703289625,
    111.00092337251));
#4267 = CARTESIAN_POINT('',(397.6403,-349.6344217578,109.61683602971));
#4268 = PCURVE('',#4022,#4269);
#4269 = DEFINITIONAL_REPRESENTATION('',(#4270),#4274);
#4270 = LINE('',#4271,#4272);
#4271 = CARTESIAN_POINT('',(16.,0.));
#4272 = VECTOR('',#4273,1.);
#4273 = DIRECTION('',(0.,1.));
#4274 = ( GEOMETRIC_REPRESENTATION_CONTEXT(2) 
PARAMETRIC_REPRESENTATION_CONTEXT() REPRESENTATION_CONTEXT('2D SPACE',''
  ) );
#4275 = PCURVE('',#4276,#4403);
#4276 = ( BOUNDED_SURFACE() B_SPLINE_SURFACE(1,3,(
    (#4277,#4278,#4279,#4280,#4281,#4282,#4283,#4284,#4285,#4286,#4287
      ,#4288,#4289,#4290,#4291,#4292,#4293,#4294,#4295,#4296,#4297,#4298
      ,#4299,#4300,#4301,#4302,#4303,#4304,#4305,#4306,#4307,#4308,#4309
      ,#4310,#4311,#4312,#4313,#4314,#4315,#4316,#4317,#4318,#4319,#4320
      ,#4321,#4322,#4323,#4324,#4325,#4326,#4327,#4328,#4329,#4330,#4331
      ,#4332,#4333,#4334,#4335,#4336,#4337,#4338,#4339)
    ,(#4340,#4341,#4342,#4343,#4344,#4345,#4346,#4347,#4348,#4349,#4350
      ,#4351,#4352,#4353,#4354,#4355,#4356,#4357,#4358,#4359,#4360,#4361
      ,#4362,#4363,#4364,#4365,#4366,#4367,#4368,#4369,#4370,#4371,#4372
      ,#4373,#4374,#4375,#4376,#4377,#4378,#4379,#4380,#4381,#4382,#4383
      ,#4384,#4385,#4386,#4387,#4388,#4389,#4390,#4391,#4392,#4393,#4394
      ,#4395,#4396,#4397,#4398,#4399,#4400,#4401,#4402
)),.UNSPECIFIED.,.F.,.F.,.F.) B_SPLINE_SURFACE_WITH_KNOTS((2,2),(4,1,1,1
    ,1,1,1,1,1,1,1,1,1,1,1,1,1,1,1,1,1,1,1,1,1,1,1,1,1,1,1,1,1,1,1,1,1,1
    ,1,1,1,1,1,1,1,1,1,1,1,1,1,1,1,1,1,1,1,1,1,1,4),(16.,17.),(0.,
    1.732138582393E-02,3.476147556169E-02,5.682134329819E-02,
    7.1962296323E-02,9.668171057498E-02,0.117312720082,0.137726814038,
    0.152748180615,0.167749813045,0.182740680817,0.197724569486,
    0.212727858992,0.227712266626,0.242722186927,0.257740578549,
    0.272730613132,0.287749851447,0.302807253127,0.317909897629,
    0.333164876512,0.348417208457,0.363717555355,0.379021830365,
    0.39430254102,0.409403510223,0.424503833082,0.439703221214,
    0.455034147268,0.475266642259,0.494822408855,0.514358099005,
    0.53448350075,0.549791243926,0.564993335593,0.580114457875,
    0.595233122966,0.610524778841,0.625831283594,0.641129798524,
    0.656395058325,0.671658347301,0.686764177688,0.701824559728,
    0.716841998439,0.731832580826,0.74685884212,0.761877146393,
    0.776861271766,0.791847146503,0.806852809101,0.821843806167,
    0.836903306197,0.851969913481,0.873073700462,0.890743423327,
    0.916073608219,0.937085032849,0.966089436802,0.983488965917,1.),
.UNSPECIFIED.) GEOMETRIC_REPRESENTATION_ITEM() RATIONAL_B_SPLINE_SURFACE
((
    (1.,0.99999999999,1.000000000005,0.999999999998,1.,1.,1.,1.,1.,1.,1.
      ,1.,1.,1.,1.,1.,1.,1.,1.,1.,1.,1.,1.,1.,1.,1.,1.,1.,1.,1.,1.,1.,1.
      ,1.,1.,1.,1.,1.,1.,1.,1.,1.,1.,1.,1.,1.,1.,1.,1.,1.,1.,1.,1.,1.,1.
      ,1.,1.,1.,1.,0.999999999999,1.000000000002,0.999999999996,1.)
    ,(1.,0.99999999999,1.000000000005,0.999999999998,1.,1.,1.,1.,1.,1.
      ,1.,1.,1.,1.,1.,1.,1.,1.,1.,1.,1.,1.,1.,1.,1.,1.,1.,1.,1.,1.,1.,1.
      ,1.,1.,1.,1.,1.,1.,1.,1.,1.,1.,1.,1.,1.,1.,1.,1.,1.,1.,1.,1.,1.,1.
      ,1.,1.,1.,1.,1.,0.999999999999,1.000000000002,0.999999999996,1.
))) REPRESENTATION_ITEM('') SURFACE() );
#4277 = CARTESIAN_POINT('',(140.9618,-352.5831287285,109.93149371675));
#4278 = CARTESIAN_POINT('',(139.3469737637,-365.90003922,111.57919464962
    ));
#4279 = CARTESIAN_POINT('',(146.55711552643,-348.5846522646,
    109.26303857422));
#4280 = CARTESIAN_POINT('',(149.83248812156,-348.353210937,
    109.15997316497));
#4281 = CARTESIAN_POINT('',(152.63844988999,-358.3798325208,
    110.36793829943));
#4282 = CARTESIAN_POINT('',(159.61432189493,-356.6637395828,
    110.10404362494));
#4283 = CARTESIAN_POINT('',(161.57498576671,-360.8068035481,
    110.74548702524));
#4284 = CARTESIAN_POINT('',(166.85069272796,-352.6566818956,
    109.37022428216));
#4285 = CARTESIAN_POINT('',(170.05924171584,-360.0459509031,
    110.64807360715));
#4286 = CARTESIAN_POINT('',(175.2605606702,-358.5424235237,
    110.47753794885));
#4287 = CARTESIAN_POINT('',(179.44145366882,-359.184687775,
    110.75598128747));
#4288 = CARTESIAN_POINT('',(183.74546905009,-359.3474478264,
    110.89363221381));
#4289 = CARTESIAN_POINT('',(188.02212458981,-359.1414880218,
    110.93251692839));
#4290 = CARTESIAN_POINT('',(192.29363155905,-359.6581343476,
    111.27251725447));
#4291 = CARTESIAN_POINT('',(196.58004983101,-359.8833101089,
    111.44681815401));
#4292 = CARTESIAN_POINT('',(200.85501156117,-358.9922743613,
    111.40773419872));
#4293 = CARTESIAN_POINT('',(205.12596544359,-359.8899792637,
    111.85211081011));
#4294 = CARTESIAN_POINT('',(209.41439322258,-359.4810675942,
    112.00852897876));
#4295 = CARTESIAN_POINT('',(213.69322367635,-359.1347236136,
    112.32600508987));
#4296 = CARTESIAN_POINT('',(217.96934112329,-358.2881932906,
    112.53425706564));
#4297 = CARTESIAN_POINT('',(222.26952895422,-357.6789455715,
    113.00931976296));
#4298 = CARTESIAN_POINT('',(226.5166643478,-356.1393332791,
    113.36620506979));
#4299 = CARTESIAN_POINT('',(230.80856684708,-355.0001927084,
    113.87550676188));
#4300 = CARTESIAN_POINT('',(235.07622110161,-353.3866333094,
    114.23366793803));
#4301 = CARTESIAN_POINT('',(239.35488141397,-351.9865004872,
    114.64578499794));
#4302 = CARTESIAN_POINT('',(243.60389158591,-350.5625739797,
    114.81949272768));
#4303 = CARTESIAN_POINT('',(247.90844854027,-349.8767890882,
    114.48059928198));
#4304 = CARTESIAN_POINT('',(252.2213347776,-349.5753241903,
    113.46898838849));
#4305 = CARTESIAN_POINT('',(256.41797633353,-350.2347187839,
    112.84624242649));
#4306 = CARTESIAN_POINT('',(261.49749220731,-349.5159261841,
    111.20593781948));
#4307 = CARTESIAN_POINT('',(264.82846846707,-354.9752097868,
    116.94358224056));
#4308 = CARTESIAN_POINT('',(269.29986524939,-342.4977545647,
    111.19432553706));
#4309 = CARTESIAN_POINT('',(273.76120192934,-354.4031442341,
    117.15798085868));
#4310 = CARTESIAN_POINT('',(277.11561224167,-351.7271890546,
    110.39717439199));
#4311 = CARTESIAN_POINT('',(282.18739413143,-353.5237301649,
    111.83023137124));
#4312 = CARTESIAN_POINT('',(286.38362479911,-353.3631811844,
    112.16834094103));
#4313 = CARTESIAN_POINT('',(290.6929217221,-353.0724219272,
    112.86891428174));
#4314 = CARTESIAN_POINT('',(294.99728518776,-352.8942995956,
    112.60487856058));
#4315 = CARTESIAN_POINT('',(299.24599549207,-352.0111719446,
    112.33108580688));
#4316 = CARTESIAN_POINT('',(303.52499017227,-351.0694925135,
    111.95247974547));
#4317 = CARTESIAN_POINT('',(307.79622056725,-350.0983811748,
    111.511383311));
#4318 = CARTESIAN_POINT('',(312.08441986464,-349.1286360745,
    111.31289806785));
#4319 = CARTESIAN_POINT('',(316.3318452167,-348.2589735689,
    110.86779234386));
#4320 = CARTESIAN_POINT('',(320.63289091038,-347.8540648861,
    110.5199382017));
#4321 = CARTESIAN_POINT('',(324.90801010291,-347.4153505725,
    110.30929227244));
#4322 = CARTESIAN_POINT('',(329.18807309953,-347.1614469315,
    110.20661623666));
#4323 = CARTESIAN_POINT('',(333.47733801931,-346.8828963053,
    110.13253306289));
#4324 = CARTESIAN_POINT('',(337.7470456075,-347.5850222723,
    109.84096120077));
#4325 = CARTESIAN_POINT('',(342.02123400371,-346.7963455803,
    109.9665891961));
#4326 = CARTESIAN_POINT('',(346.30443528757,-347.0633772032,
    109.70886571496));
#4327 = CARTESIAN_POINT('',(350.5884217255,-347.1135512308,
    109.6816250674));
#4328 = CARTESIAN_POINT('',(354.84926238005,-346.8892439986,
    109.66188282222));
#4329 = CARTESIAN_POINT('',(359.17649042862,-347.3789405914,
    109.49950348299));
#4330 = CARTESIAN_POINT('',(363.32021844008,-346.5893165418,
    109.53154894776));
#4331 = CARTESIAN_POINT('',(368.68503275418,-348.2176104103,
    109.2234523105));
#4332 = CARTESIAN_POINT('',(371.24903411287,-344.5638492986,
    109.83224519779));
#4333 = CARTESIAN_POINT('',(377.42638182418,-341.1629135637,
    110.36625800774));
#4334 = CARTESIAN_POINT('',(379.73562276372,-350.3575420185,
    109.03666946882));
#4335 = CARTESIAN_POINT('',(385.92015942773,-341.1031571083,
    110.2461065296));
#4336 = CARTESIAN_POINT('',(387.95796901408,-353.1481658226,
    108.62558336243));
#4337 = CARTESIAN_POINT('',(392.55136708921,-352.916356877,
    108.95778855693));
#4338 = CARTESIAN_POINT('',(397.86107277384,-339.5703289625,
    111.00092337251));
#4339 = CARTESIAN_POINT('',(397.6403,-349.6344217578,109.61683602971));
#4340 = CARTESIAN_POINT('',(140.9618,-352.8032688886,109.95910638219));
#4341 = CARTESIAN_POINT('',(139.3469737637,-366.6727076338,
    111.66548437044));
#4342 = CARTESIAN_POINT('',(146.55711552643,-349.0363215561,
    109.31968305573));
#4343 = CARTESIAN_POINT('',(149.83248812156,-348.6528094023,
    109.20519526281));
#4344 = CARTESIAN_POINT('',(152.63844988999,-359.3014994103,
    110.50523191787));
#4345 = CARTESIAN_POINT('',(159.61432189493,-357.7764298033,
    110.2789475587));
#4346 = CARTESIAN_POINT('',(161.57498576671,-361.1547298406,
    110.80423280647));
#4347 = CARTESIAN_POINT('',(166.85069272796,-353.0813603931,
    109.44153810355));
#4348 = CARTESIAN_POINT('',(170.05924171584,-361.4110801261,
    110.88180659557));
#4349 = CARTESIAN_POINT('',(175.2605606702,-359.7680738456,
    110.72203732431));
#4350 = CARTESIAN_POINT('',(179.44145366882,-360.4961989073,
    111.00164726932));
#4351 = CARTESIAN_POINT('',(183.74546905009,-360.6744992003,
    111.17566089721));
#4352 = CARTESIAN_POINT('',(188.02212458981,-360.4707684974,
    111.20976974229));
#4353 = CARTESIAN_POINT('',(192.29363155905,-361.0295443434,
    111.55631874326));
#4354 = CARTESIAN_POINT('',(196.58004983101,-361.2682317746,
    111.77958683465));
#4355 = CARTESIAN_POINT('',(200.85501156117,-360.3168849891,
    111.72223321686));
#4356 = CARTESIAN_POINT('',(205.12596544359,-361.2753715658,
    112.21274940978));
#4357 = CARTESIAN_POINT('',(209.41439322258,-360.8317050227,
    112.38177254438));
#4358 = CARTESIAN_POINT('',(213.69322367635,-360.4551990664,
    112.71375184257));
#4359 = CARTESIAN_POINT('',(217.96934112329,-359.5505590741,
    112.92617507067));
#4360 = CARTESIAN_POINT('',(222.26952895422,-358.8721113853,
    113.41274331693));
#4361 = CARTESIAN_POINT('',(226.5166643478,-357.2607277045,
    113.75274975885));
#4362 = CARTESIAN_POINT('',(230.80856684708,-356.0467076537,
    114.25226551223));
#4363 = CARTESIAN_POINT('',(235.07622110161,-354.3761467849,
    114.54385526977));
#4364 = CARTESIAN_POINT('',(239.35488141397,-352.8940794637,
    114.95725043914));
#4365 = CARTESIAN_POINT('',(243.60389158591,-351.3920366528,
    115.10022479958));
#4366 = CARTESIAN_POINT('',(247.90844854027,-350.6594375448,
    114.61436670689));
#4367 = CARTESIAN_POINT('',(252.2213347776,-350.2623073716,
    113.64983027135));
#4368 = CARTESIAN_POINT('',(256.41797633353,-350.8941745516,
    112.78862446764));
#4369 = CARTESIAN_POINT('',(261.49749220731,-350.0056594594,
    111.26684137489));
#4370 = CARTESIAN_POINT('',(264.82846846707,-355.92234352,
    117.00071030964));
#4371 = CARTESIAN_POINT('',(269.29986524939,-342.0523982867,
    110.16208811834));
#4372 = CARTESIAN_POINT('',(273.76120192934,-355.266448309,
    117.21101485878));
#4373 = CARTESIAN_POINT('',(277.11561224167,-352.1971655185,
    110.15307069131));
#4374 = CARTESIAN_POINT('',(282.18739413143,-354.1308240501,
    111.60925541891));
#4375 = CARTESIAN_POINT('',(286.38362479911,-353.9880832939,
    111.81692252146));
#4376 = CARTESIAN_POINT('',(290.6929217221,-353.7407913298,
    112.43366972476));
#4377 = CARTESIAN_POINT('',(294.99728518776,-353.6338800889,
    112.13599436224));
#4378 = CARTESIAN_POINT('',(299.24599549207,-352.8542481991,
    111.8692117308));
#4379 = CARTESIAN_POINT('',(303.52499017227,-351.9821607598,
    111.462396886));
#4380 = CARTESIAN_POINT('',(307.79622056725,-351.1159675932,
    111.06436912212));
#4381 = CARTESIAN_POINT('',(312.08441986464,-350.2204112709,
    110.85189093819));
#4382 = CARTESIAN_POINT('',(316.3318452167,-349.4250105868,
    110.38587147788));
#4383 = CARTESIAN_POINT('',(320.63289091038,-349.1393297267,
    110.18576872978));
#4384 = CARTESIAN_POINT('',(324.90801010291,-348.7380256594,
    109.92258225142));
#4385 = CARTESIAN_POINT('',(329.18807309953,-348.5242019165,
    109.85061467512));
#4386 = CARTESIAN_POINT('',(333.47733801931,-348.2755324349,
    109.79407836461));
#4387 = CARTESIAN_POINT('',(337.7470456075,-348.9253535808,
    109.54006314741));
#4388 = CARTESIAN_POINT('',(342.02123400371,-348.1867632679,
    109.64323210105));
#4389 = CARTESIAN_POINT('',(346.30443528757,-348.4362533553,
    109.45368741989));
#4390 = CARTESIAN_POINT('',(350.5884217255,-348.4757341107,
    109.41333577445));
#4391 = CARTESIAN_POINT('',(354.84926238005,-348.189051873,
    109.40187349357));
#4392 = CARTESIAN_POINT('',(359.17649042862,-348.7025264023,
    109.26576464803));
#4393 = CARTESIAN_POINT('',(363.32021844008,-347.8167081751,
    109.30976557456));
#4394 = CARTESIAN_POINT('',(368.68503275418,-349.4659112679,
    109.02475459686));
#4395 = CARTESIAN_POINT('',(371.24903411287,-345.45552218,
    109.68154516091));
#4396 = CARTESIAN_POINT('',(377.42638182418,-341.4537791045,
    110.34443054735));
#4397 = CARTESIAN_POINT('',(379.73562276372,-351.6813373641,
    108.82417194333));
#4398 = CARTESIAN_POINT('',(385.92015942773,-341.4616084271,
    110.19454255104));
#4399 = CARTESIAN_POINT('',(387.95796901408,-353.4427074013,
    108.61351644225));
#4400 = CARTESIAN_POINT('',(392.55136708921,-353.6438239996,
    108.81320146744));
#4401 = CARTESIAN_POINT('',(397.86107277384,-339.6520099686,
    110.93899614159));
#4402 = CARTESIAN_POINT('',(397.6403,-349.8106622946,109.59622126697));
#4403 = DEFINITIONAL_REPRESENTATION('',(#4404),#4408);
#4404 = LINE('',#4405,#4406);
#4405 = CARTESIAN_POINT('',(16.,0.));
#4406 = VECTOR('',#4407,1.);
#4407 = DIRECTION('',(0.,1.));
#4408 = ( GEOMETRIC_REPRESENTATION_CONTEXT(2) 
PARAMETRIC_REPRESENTATION_CONTEXT() REPRESENTATION_CONTEXT('2D SPACE',''
  ) );
#4409 = ORIENTED_EDGE('',*,*,#4410,.F.);
#4410 = EDGE_CURVE('',#3947,#4201,#4411,.T.);
#4411 = SURFACE_CURVE('',#4412,(#4415,#4422),.PCURVE_S1.);
#4412 = B_SPLINE_CURVE_WITH_KNOTS('',1,(#4413,#4414),.UNSPECIFIED.,.F.,
  .F.,(2,2),(15.,16.),.PIECEWISE_BEZIER_KNOTS.);
#4413 = CARTESIAN_POINT('',(397.6403,-349.4582279332,109.63782992857));
#4414 = CARTESIAN_POINT('',(397.6403,-349.6344217578,109.61683602971));
#4415 = PCURVE('',#4022,#4416);
#4416 = DEFINITIONAL_REPRESENTATION('',(#4417),#4421);
#4417 = LINE('',#4418,#4419);
#4418 = CARTESIAN_POINT('',(0.,1.));
#4419 = VECTOR('',#4420,1.);
#4420 = DIRECTION('',(1.,0.));
#4421 = ( GEOMETRIC_REPRESENTATION_CONTEXT(2) 
PARAMETRIC_REPRESENTATION_CONTEXT() REPRESENTATION_CONTEXT('2D SPACE',''
  ) );
#4422 = PCURVE('',#401,#4423);
#4423 = DEFINITIONAL_REPRESENTATION('',(#4424),#4427);
#4424 = B_SPLINE_CURVE_WITH_KNOTS('',1,(#4425,#4426),.UNSPECIFIED.,.F.,
  .F.,(2,2),(15.,16.),.PIECEWISE_BEZIER_KNOTS.);
#4425 = CARTESIAN_POINT('',(-0.177571726532,1.708868411129E-02));
#4426 = CARTESIAN_POINT('',(-1.321846608562E-04,1.755409315217E-02));
#4427 = ( GEOMETRIC_REPRESENTATION_CONTEXT(2) 
PARAMETRIC_REPRESENTATION_CONTEXT() REPRESENTATION_CONTEXT('2D SPACE',''
  ) );
#4428 = ORIENTED_EDGE('',*,*,#3946,.F.);
#4429 = ADVANCED_FACE('',(#4430),#4276,.T.);
#4430 = FACE_BOUND('',#4431,.T.);
#4431 = EDGE_LOOP('',(#4432,#4453,#4663,#4682));
#4432 = ORIENTED_EDGE('',*,*,#4433,.T.);
#4433 = EDGE_CURVE('',#4180,#4434,#4436,.T.);
#4434 = VERTEX_POINT('',#4435);
#4435 = CARTESIAN_POINT('',(140.9618,-352.8032688886,109.95910638219));
#4436 = SURFACE_CURVE('',#4437,(#4440,#4447),.PCURVE_S1.);
#4437 = B_SPLINE_CURVE_WITH_KNOTS('',1,(#4438,#4439),.UNSPECIFIED.,.F.,
  .F.,(2,2),(16.,17.),.PIECEWISE_BEZIER_KNOTS.);
#4438 = CARTESIAN_POINT('',(140.9618,-352.5831287285,109.93149371675));
#4439 = CARTESIAN_POINT('',(140.9618,-352.8032688886,109.95910638219));
#4440 = PCURVE('',#4276,#4441);
#4441 = DEFINITIONAL_REPRESENTATION('',(#4442),#4446);
#4442 = LINE('',#4443,#4444);
#4443 = CARTESIAN_POINT('',(0.,0.));
#4444 = VECTOR('',#4445,1.);
#4445 = DIRECTION('',(1.,0.));
#4446 = ( GEOMETRIC_REPRESENTATION_CONTEXT(2) 
PARAMETRIC_REPRESENTATION_CONTEXT() REPRESENTATION_CONTEXT('2D SPACE',''
  ) );
#4447 = PCURVE('',#165,#4448);
#4448 = DEFINITIONAL_REPRESENTATION('',(#4449),#4452);
#4449 = B_SPLINE_CURVE_WITH_KNOTS('',1,(#4450,#4451),.UNSPECIFIED.,.F.,
  .F.,(2,2),(16.,17.),.PIECEWISE_BEZIER_KNOTS.);
#4450 = CARTESIAN_POINT('',(3.549842566949,-1.394024451429E-07));
#4451 = CARTESIAN_POINT('',(3.771707727384,-1.481150917471E-07));
#4452 = ( GEOMETRIC_REPRESENTATION_CONTEXT(2) 
PARAMETRIC_REPRESENTATION_CONTEXT() REPRESENTATION_CONTEXT('2D SPACE',''
  ) );
#4453 = ORIENTED_EDGE('',*,*,#4454,.T.);
#4454 = EDGE_CURVE('',#4434,#4455,#4457,.T.);
#4455 = VERTEX_POINT('',#4456);
#4456 = CARTESIAN_POINT('',(397.6403,-349.8106622946,109.59622126697));
#4457 = SURFACE_CURVE('',#4458,(#4522,#4529),.PCURVE_S1.);
#4458 = ( BOUNDED_CURVE() B_SPLINE_CURVE(3,(#4459,#4460,#4461,#4462,
    #4463,#4464,#4465,#4466,#4467,#4468,#4469,#4470,#4471,#4472,#4473,
    #4474,#4475,#4476,#4477,#4478,#4479,#4480,#4481,#4482,#4483,#4484,
    #4485,#4486,#4487,#4488,#4489,#4490,#4491,#4492,#4493,#4494,#4495,
    #4496,#4497,#4498,#4499,#4500,#4501,#4502,#4503,#4504,#4505,#4506,
    #4507,#4508,#4509,#4510,#4511,#4512,#4513,#4514,#4515,#4516,#4517,
    #4518,#4519,#4520,#4521),.UNSPECIFIED.,.F.,.F.) 
B_SPLINE_CURVE_WITH_KNOTS((4,1,1,1,1,1,1,1,1,1,1,1,1,1,1,1,1,1,1,1,1,1,1
    ,1,1,1,1,1,1,1,1,1,1,1,1,1,1,1,1,1,1,1,1,1,1,1,1,1,1,1,1,1,1,1,1,1,1
    ,1,1,1,4),(0.,1.732138582393E-02,3.476147556169E-02,
    5.682134329819E-02,7.1962296323E-02,9.668171057498E-02,
    0.117312720082,0.137726814038,0.152748180615,0.167749813045,
    0.182740680817,0.197724569486,0.212727858992,0.227712266626,
    0.242722186927,0.257740578549,0.272730613132,0.287749851447,
    0.302807253127,0.317909897629,0.333164876512,0.348417208457,
    0.363717555355,0.379021830365,0.39430254102,0.409403510223,
    0.424503833082,0.439703221214,0.455034147268,0.475266642259,
    0.494822408855,0.514358099005,0.53448350075,0.549791243926,
    0.564993335593,0.580114457875,0.595233122966,0.610524778841,
    0.625831283594,0.641129798524,0.656395058325,0.671658347301,
    0.686764177688,0.701824559728,0.716841998439,0.731832580826,
    0.74685884212,0.761877146393,0.776861271766,0.791847146503,
    0.806852809101,0.821843806167,0.836903306197,0.851969913481,
    0.873073700462,0.890743423327,0.916073608219,0.937085032849,
0.966089436802,0.983488965917,1.),.UNSPECIFIED.) CURVE() 
GEOMETRIC_REPRESENTATION_ITEM() RATIONAL_B_SPLINE_CURVE((1.,
    0.99999999999,1.000000000005,0.999999999998,1.,1.,1.,1.,1.,1.,1.,1.,
    1.,1.,1.,1.,1.,1.,1.,1.,1.,1.,1.,1.,1.,1.,1.,1.,1.,1.,1.,1.,1.,1.,1.
    ,1.,1.,1.,1.,1.,1.,1.,1.,1.,1.,1.,1.,1.,1.,1.,1.,1.,1.,1.,1.,1.,1.,
    1.,1.,0.999999999999,1.000000000002,0.999999999996,1.)) 
REPRESENTATION_ITEM('') );
#4459 = CARTESIAN_POINT('',(140.9618,-352.8032688886,109.95910638219));
#4460 = CARTESIAN_POINT('',(139.3469737637,-366.6727076338,
    111.66548437044));
#4461 = CARTESIAN_POINT('',(146.55711552643,-349.0363215561,
    109.31968305573));
#4462 = CARTESIAN_POINT('',(149.83248812156,-348.6528094023,
    109.20519526281));
#4463 = CARTESIAN_POINT('',(152.63844988999,-359.3014994103,
    110.50523191787));
#4464 = CARTESIAN_POINT('',(159.61432189493,-357.7764298033,
    110.2789475587));
#4465 = CARTESIAN_POINT('',(161.57498576671,-361.1547298406,
    110.80423280647));
#4466 = CARTESIAN_POINT('',(166.85069272796,-353.0813603931,
    109.44153810355));
#4467 = CARTESIAN_POINT('',(170.05924171584,-361.4110801261,
    110.88180659557));
#4468 = CARTESIAN_POINT('',(175.2605606702,-359.7680738456,
    110.72203732431));
#4469 = CARTESIAN_POINT('',(179.44145366882,-360.4961989073,
    111.00164726932));
#4470 = CARTESIAN_POINT('',(183.74546905009,-360.6744992003,
    111.17566089721));
#4471 = CARTESIAN_POINT('',(188.02212458981,-360.4707684974,
    111.20976974229));
#4472 = CARTESIAN_POINT('',(192.29363155905,-361.0295443434,
    111.55631874326));
#4473 = CARTESIAN_POINT('',(196.58004983101,-361.2682317746,
    111.77958683465));
#4474 = CARTESIAN_POINT('',(200.85501156117,-360.3168849891,
    111.72223321686));
#4475 = CARTESIAN_POINT('',(205.12596544359,-361.2753715658,
    112.21274940978));
#4476 = CARTESIAN_POINT('',(209.41439322258,-360.8317050227,
    112.38177254438));
#4477 = CARTESIAN_POINT('',(213.69322367635,-360.4551990664,
    112.71375184257));
#4478 = CARTESIAN_POINT('',(217.96934112329,-359.5505590741,
    112.92617507067));
#4479 = CARTESIAN_POINT('',(222.26952895422,-358.8721113853,
    113.41274331693));
#4480 = CARTESIAN_POINT('',(226.5166643478,-357.2607277045,
    113.75274975885));
#4481 = CARTESIAN_POINT('',(230.80856684708,-356.0467076537,
    114.25226551223));
#4482 = CARTESIAN_POINT('',(235.07622110161,-354.3761467849,
    114.54385526977));
#4483 = CARTESIAN_POINT('',(239.35488141397,-352.8940794637,
    114.95725043914));
#4484 = CARTESIAN_POINT('',(243.60389158591,-351.3920366528,
    115.10022479958));
#4485 = CARTESIAN_POINT('',(247.90844854027,-350.6594375448,
    114.61436670689));
#4486 = CARTESIAN_POINT('',(252.2213347776,-350.2623073716,
    113.64983027135));
#4487 = CARTESIAN_POINT('',(256.41797633353,-350.8941745516,
    112.78862446764));
#4488 = CARTESIAN_POINT('',(261.49749220731,-350.0056594594,
    111.26684137489));
#4489 = CARTESIAN_POINT('',(264.82846846707,-355.92234352,
    117.00071030964));
#4490 = CARTESIAN_POINT('',(269.29986524939,-342.0523982867,
    110.16208811834));
#4491 = CARTESIAN_POINT('',(273.76120192934,-355.266448309,
    117.21101485878));
#4492 = CARTESIAN_POINT('',(277.11561224167,-352.1971655185,
    110.15307069131));
#4493 = CARTESIAN_POINT('',(282.18739413143,-354.1308240501,
    111.60925541891));
#4494 = CARTESIAN_POINT('',(286.38362479911,-353.9880832939,
    111.81692252146));
#4495 = CARTESIAN_POINT('',(290.6929217221,-353.7407913298,
    112.43366972476));
#4496 = CARTESIAN_POINT('',(294.99728518776,-353.6338800889,
    112.13599436224));
#4497 = CARTESIAN_POINT('',(299.24599549207,-352.8542481991,
    111.8692117308));
#4498 = CARTESIAN_POINT('',(303.52499017227,-351.9821607598,
    111.462396886));
#4499 = CARTESIAN_POINT('',(307.79622056725,-351.1159675932,
    111.06436912212));
#4500 = CARTESIAN_POINT('',(312.08441986464,-350.2204112709,
    110.85189093819));
#4501 = CARTESIAN_POINT('',(316.3318452167,-349.4250105868,
    110.38587147788));
#4502 = CARTESIAN_POINT('',(320.63289091038,-349.1393297267,
    110.18576872978));
#4503 = CARTESIAN_POINT('',(324.90801010291,-348.7380256594,
    109.92258225142));
#4504 = CARTESIAN_POINT('',(329.18807309953,-348.5242019165,
    109.85061467512));
#4505 = CARTESIAN_POINT('',(333.47733801931,-348.2755324349,
    109.79407836461));
#4506 = CARTESIAN_POINT('',(337.7470456075,-348.9253535808,
    109.54006314741));
#4507 = CARTESIAN_POINT('',(342.02123400371,-348.1867632679,
    109.64323210105));
#4508 = CARTESIAN_POINT('',(346.30443528757,-348.4362533553,
    109.45368741989));
#4509 = CARTESIAN_POINT('',(350.5884217255,-348.4757341107,
    109.41333577445));
#4510 = CARTESIAN_POINT('',(354.84926238005,-348.189051873,
    109.40187349357));
#4511 = CARTESIAN_POINT('',(359.17649042862,-348.7025264023,
    109.26576464803));
#4512 = CARTESIAN_POINT('',(363.32021844008,-347.8167081751,
    109.30976557456));
#4513 = CARTESIAN_POINT('',(368.68503275418,-349.4659112679,
    109.02475459686));
#4514 = CARTESIAN_POINT('',(371.24903411287,-345.45552218,
    109.68154516091));
#4515 = CARTESIAN_POINT('',(377.42638182418,-341.4537791045,
    110.34443054735));
#4516 = CARTESIAN_POINT('',(379.73562276372,-351.6813373641,
    108.82417194333));
#4517 = CARTESIAN_POINT('',(385.92015942773,-341.4616084271,
    110.19454255104));
#4518 = CARTESIAN_POINT('',(387.95796901408,-353.4427074013,
    108.61351644225));
#4519 = CARTESIAN_POINT('',(392.55136708921,-353.6438239996,
    108.81320146744));
#4520 = CARTESIAN_POINT('',(397.86107277384,-339.6520099686,
    110.93899614159));
#4521 = CARTESIAN_POINT('',(397.6403,-349.8106622946,109.59622126697));
#4522 = PCURVE('',#4276,#4523);
#4523 = DEFINITIONAL_REPRESENTATION('',(#4524),#4528);
#4524 = LINE('',#4525,#4526);
#4525 = CARTESIAN_POINT('',(17.,0.));
#4526 = VECTOR('',#4527,1.);
#4527 = DIRECTION('',(0.,1.));
#4528 = ( GEOMETRIC_REPRESENTATION_CONTEXT(2) 
PARAMETRIC_REPRESENTATION_CONTEXT() REPRESENTATION_CONTEXT('2D SPACE',''
  ) );
#4529 = PCURVE('',#4530,#4657);
#4530 = ( BOUNDED_SURFACE() B_SPLINE_SURFACE(1,3,(
    (#4531,#4532,#4533,#4534,#4535,#4536,#4537,#4538,#4539,#4540,#4541
      ,#4542,#4543,#4544,#4545,#4546,#4547,#4548,#4549,#4550,#4551,#4552
      ,#4553,#4554,#4555,#4556,#4557,#4558,#4559,#4560,#4561,#4562,#4563
      ,#4564,#4565,#4566,#4567,#4568,#4569,#4570,#4571,#4572,#4573,#4574
      ,#4575,#4576,#4577,#4578,#4579,#4580,#4581,#4582,#4583,#4584,#4585
      ,#4586,#4587,#4588,#4589,#4590,#4591,#4592,#4593)
    ,(#4594,#4595,#4596,#4597,#4598,#4599,#4600,#4601,#4602,#4603,#4604
      ,#4605,#4606,#4607,#4608,#4609,#4610,#4611,#4612,#4613,#4614,#4615
      ,#4616,#4617,#4618,#4619,#4620,#4621,#4622,#4623,#4624,#4625,#4626
      ,#4627,#4628,#4629,#4630,#4631,#4632,#4633,#4634,#4635,#4636,#4637
      ,#4638,#4639,#4640,#4641,#4642,#4643,#4644,#4645,#4646,#4647,#4648
      ,#4649,#4650,#4651,#4652,#4653,#4654,#4655,#4656
)),.UNSPECIFIED.,.F.,.F.,.F.) B_SPLINE_SURFACE_WITH_KNOTS((2,2),(4,1,1,1
    ,1,1,1,1,1,1,1,1,1,1,1,1,1,1,1,1,1,1,1,1,1,1,1,1,1,1,1,1,1,1,1,1,1,1
    ,1,1,1,1,1,1,1,1,1,1,1,1,1,1,1,1,1,1,1,1,1,1,4),(17.,18.),(0.,
    1.732138582393E-02,3.476147556169E-02,5.682134329819E-02,
    7.1962296323E-02,9.668171057498E-02,0.117312720082,0.137726814038,
    0.152748180615,0.167749813045,0.182740680817,0.197724569486,
    0.212727858992,0.227712266626,0.242722186927,0.257740578549,
    0.272730613132,0.287749851447,0.302807253127,0.317909897629,
    0.333164876512,0.348417208457,0.363717555355,0.379021830365,
    0.39430254102,0.409403510223,0.424503833082,0.439703221214,
    0.455034147268,0.475266642259,0.494822408855,0.514358099005,
    0.53448350075,0.549791243926,0.564993335593,0.580114457875,
    0.595233122966,0.610524778841,0.625831283594,0.641129798524,
    0.656395058325,0.671658347301,0.686764177688,0.701824559728,
    0.716841998439,0.731832580826,0.74685884212,0.761877146393,
    0.776861271766,0.791847146503,0.806852809101,0.821843806167,
    0.836903306197,0.851969913481,0.873073700462,0.890743423327,
    0.916073608219,0.937085032849,0.966089436802,0.983488965917,1.),
.UNSPECIFIED.) GEOMETRIC_REPRESENTATION_ITEM() RATIONAL_B_SPLINE_SURFACE
((
    (1.,0.99999999999,1.000000000005,0.999999999998,1.,1.,1.,1.,1.,1.,1.
      ,1.,1.,1.,1.,1.,1.,1.,1.,1.,1.,1.,1.,1.,1.,1.,1.,1.,1.,1.,1.,1.,1.
      ,1.,1.,1.,1.,1.,1.,1.,1.,1.,1.,1.,1.,1.,1.,1.,1.,1.,1.,1.,1.,1.,1.
      ,1.,1.,1.,1.,0.999999999999,1.000000000002,0.999999999996,1.)
    ,(1.,0.99999999999,1.000000000005,0.999999999998,1.,1.,1.,1.,1.,1.
      ,1.,1.,1.,1.,1.,1.,1.,1.,1.,1.,1.,1.,1.,1.,1.,1.,1.,1.,1.,1.,1.,1.
      ,1.,1.,1.,1.,1.,1.,1.,1.,1.,1.,1.,1.,1.,1.,1.,1.,1.,1.,1.,1.,1.,1.
      ,1.,1.,1.,1.,1.,0.999999999999,1.000000000002,0.999999999996,1.
))) REPRESENTATION_ITEM('') SURFACE() );
#4531 = CARTESIAN_POINT('',(140.9618,-352.8032688886,109.95910638219));
#4532 = CARTESIAN_POINT('',(139.3469737637,-366.6727076338,
    111.66548437044));
#4533 = CARTESIAN_POINT('',(146.55711552643,-349.0363215561,
    109.31968305573));
#4534 = CARTESIAN_POINT('',(149.83248812156,-348.6528094023,
    109.20519526281));
#4535 = CARTESIAN_POINT('',(152.63844988999,-359.3014994103,
    110.50523191787));
#4536 = CARTESIAN_POINT('',(159.61432189493,-357.7764298033,
    110.2789475587));
#4537 = CARTESIAN_POINT('',(161.57498576671,-361.1547298406,
    110.80423280647));
#4538 = CARTESIAN_POINT('',(166.85069272796,-353.0813603931,
    109.44153810355));
#4539 = CARTESIAN_POINT('',(170.05924171584,-361.4110801261,
    110.88180659557));
#4540 = CARTESIAN_POINT('',(175.2605606702,-359.7680738456,
    110.72203732431));
#4541 = CARTESIAN_POINT('',(179.44145366882,-360.4961989073,
    111.00164726932));
#4542 = CARTESIAN_POINT('',(183.74546905009,-360.6744992003,
    111.17566089721));
#4543 = CARTESIAN_POINT('',(188.02212458981,-360.4707684974,
    111.20976974229));
#4544 = CARTESIAN_POINT('',(192.29363155905,-361.0295443434,
    111.55631874326));
#4545 = CARTESIAN_POINT('',(196.58004983101,-361.2682317746,
    111.77958683465));
#4546 = CARTESIAN_POINT('',(200.85501156117,-360.3168849891,
    111.72223321686));
#4547 = CARTESIAN_POINT('',(205.12596544359,-361.2753715658,
    112.21274940978));
#4548 = CARTESIAN_POINT('',(209.41439322258,-360.8317050227,
    112.38177254438));
#4549 = CARTESIAN_POINT('',(213.69322367635,-360.4551990664,
    112.71375184257));
#4550 = CARTESIAN_POINT('',(217.96934112329,-359.5505590741,
    112.92617507067));
#4551 = CARTESIAN_POINT('',(222.26952895422,-358.8721113853,
    113.41274331693));
#4552 = CARTESIAN_POINT('',(226.5166643478,-357.2607277045,
    113.75274975885));
#4553 = CARTESIAN_POINT('',(230.80856684708,-356.0467076537,
    114.25226551223));
#4554 = CARTESIAN_POINT('',(235.07622110161,-354.3761467849,
    114.54385526977));
#4555 = CARTESIAN_POINT('',(239.35488141397,-352.8940794637,
    114.95725043914));
#4556 = CARTESIAN_POINT('',(243.60389158591,-351.3920366528,
    115.10022479958));
#4557 = CARTESIAN_POINT('',(247.90844854027,-350.6594375448,
    114.61436670689));
#4558 = CARTESIAN_POINT('',(252.2213347776,-350.2623073716,
    113.64983027135));
#4559 = CARTESIAN_POINT('',(256.41797633353,-350.8941745516,
    112.78862446764));
#4560 = CARTESIAN_POINT('',(261.49749220731,-350.0056594594,
    111.26684137489));
#4561 = CARTESIAN_POINT('',(264.82846846707,-355.92234352,
    117.00071030964));
#4562 = CARTESIAN_POINT('',(269.29986524939,-342.0523982867,
    110.16208811834));
#4563 = CARTESIAN_POINT('',(273.76120192934,-355.266448309,
    117.21101485878));
#4564 = CARTESIAN_POINT('',(277.11561224167,-352.1971655185,
    110.15307069131));
#4565 = CARTESIAN_POINT('',(282.18739413143,-354.1308240501,
    111.60925541891));
#4566 = CARTESIAN_POINT('',(286.38362479911,-353.9880832939,
    111.81692252146));
#4567 = CARTESIAN_POINT('',(290.6929217221,-353.7407913298,
    112.43366972476));
#4568 = CARTESIAN_POINT('',(294.99728518776,-353.6338800889,
    112.13599436224));
#4569 = CARTESIAN_POINT('',(299.24599549207,-352.8542481991,
    111.8692117308));
#4570 = CARTESIAN_POINT('',(303.52499017227,-351.9821607598,
    111.462396886));
#4571 = CARTESIAN_POINT('',(307.79622056725,-351.1159675932,
    111.06436912212));
#4572 = CARTESIAN_POINT('',(312.08441986464,-350.2204112709,
    110.85189093819));
#4573 = CARTESIAN_POINT('',(316.3318452167,-349.4250105868,
    110.38587147788));
#4574 = CARTESIAN_POINT('',(320.63289091038,-349.1393297267,
    110.18576872978));
#4575 = CARTESIAN_POINT('',(324.90801010291,-348.7380256594,
    109.92258225142));
#4576 = CARTESIAN_POINT('',(329.18807309953,-348.5242019165,
    109.85061467512));
#4577 = CARTESIAN_POINT('',(333.47733801931,-348.2755324349,
    109.79407836461));
#4578 = CARTESIAN_POINT('',(337.7470456075,-348.9253535808,
    109.54006314741));
#4579 = CARTESIAN_POINT('',(342.02123400371,-348.1867632679,
    109.64323210105));
#4580 = CARTESIAN_POINT('',(346.30443528757,-348.4362533553,
    109.45368741989));
#4581 = CARTESIAN_POINT('',(350.5884217255,-348.4757341107,
    109.41333577445));
#4582 = CARTESIAN_POINT('',(354.84926238005,-348.189051873,
    109.40187349357));
#4583 = CARTESIAN_POINT('',(359.17649042862,-348.7025264023,
    109.26576464803));
#4584 = CARTESIAN_POINT('',(363.32021844008,-347.8167081751,
    109.30976557456));
#4585 = CARTESIAN_POINT('',(368.68503275418,-349.4659112679,
    109.02475459686));
#4586 = CARTESIAN_POINT('',(371.24903411287,-345.45552218,
    109.68154516091));
#4587 = CARTESIAN_POINT('',(377.42638182418,-341.4537791045,
    110.34443054735));
#4588 = CARTESIAN_POINT('',(379.73562276372,-351.6813373641,
    108.82417194333));
#4589 = CARTESIAN_POINT('',(385.92015942773,-341.4616084271,
    110.19454255104));
#4590 = CARTESIAN_POINT('',(387.95796901408,-353.4427074013,
    108.61351644225));
#4591 = CARTESIAN_POINT('',(392.55136708921,-353.6438239996,
    108.81320146744));
#4592 = CARTESIAN_POINT('',(397.86107277384,-339.6520099686,
    110.93899614159));
#4593 = CARTESIAN_POINT('',(397.6403,-349.8106622946,109.59622126697));
#4594 = CARTESIAN_POINT('',(140.9618,-353.0234090488,109.98671904763));
#4595 = CARTESIAN_POINT('',(139.3469737637,-367.4529303817,
    111.69827701129));
#4596 = CARTESIAN_POINT('',(146.55711552643,-349.4847761985,
    109.39909256476));
#4597 = CARTESIAN_POINT('',(149.83248812156,-348.9525111085,
    109.24968610087));
#4598 = CARTESIAN_POINT('',(152.63844988999,-360.2276417149,
    110.61083285925));
#4599 = CARTESIAN_POINT('',(159.61432189493,-358.8873729545,
    110.46623160906));
#4600 = CARTESIAN_POINT('',(161.57498576671,-361.5030815649,
    110.85990894933));
#4601 = CARTESIAN_POINT('',(166.85069272796,-353.5060330632,
    109.51306481167));
#4602 = CARTESIAN_POINT('',(170.05924171584,-362.7758750558,
    111.11734140533));
#4603 = CARTESIAN_POINT('',(175.2605606702,-360.9939578273,
    110.96535251963));
#4604 = CARTESIAN_POINT('',(179.44145366882,-361.8070497763,
    111.2505636344));
#4605 = CARTESIAN_POINT('',(183.74546905009,-362.0050038411,
    111.44064926538));
#4606 = CARTESIAN_POINT('',(188.02212458981,-361.7970541159,
    111.50120786962));
#4607 = CARTESIAN_POINT('',(192.29363155905,-362.4094843214,
    111.8004028687));
#4608 = CARTESIAN_POINT('',(196.58004983101,-362.6510393221,
    112.12204047809));
#4609 = CARTESIAN_POINT('',(200.85501156117,-361.6432347726,
    112.02927620366));
#4610 = CARTESIAN_POINT('',(205.12596544359,-362.6599896162,
    112.57657455677));
#4611 = CARTESIAN_POINT('',(209.41439322258,-362.183702047,
    112.74971770801));
#4612 = CARTESIAN_POINT('',(213.69322367635,-361.7745862465,
    113.10544337655));
#4613 = CARTESIAN_POINT('',(217.96934112329,-360.8133573927,
    113.31657349851));
#4614 = CARTESIAN_POINT('',(222.26952895422,-360.0716822829,
    113.79568635199));
#4615 = CARTESIAN_POINT('',(226.5166643478,-358.3937316752,
    114.10325131148));
#4616 = CARTESIAN_POINT('',(230.80856684708,-357.1146530063,
    114.54949351922));
#4617 = CARTESIAN_POINT('',(235.07622110161,-355.3650605663,
    114.85307874231));
#4618 = CARTESIAN_POINT('',(239.35488141397,-353.8185866749,
    115.22285380615));
#4619 = CARTESIAN_POINT('',(243.60389158591,-352.2408190921,
    115.2543834365));
#4620 = CARTESIAN_POINT('',(247.90844854027,-351.4524377222,
    114.70643908195));
#4621 = CARTESIAN_POINT('',(252.2213347776,-350.9928037016,
    113.64205439338));
#4622 = CARTESIAN_POINT('',(256.41797633353,-351.4789708784,
    112.7621286478));
#4623 = CARTESIAN_POINT('',(261.49749220731,-350.7862598371,
    111.46563939354));
#4624 = CARTESIAN_POINT('',(264.82846846707,-355.4345270596,
    115.66794326249));
#4625 = CARTESIAN_POINT('',(269.29986524939,-343.1020247493,
    110.60920908585));
#4626 = CARTESIAN_POINT('',(273.76120192934,-354.801333435,
    115.95409670283));
#4627 = CARTESIAN_POINT('',(277.11561224167,-352.8967550534,
    110.08514084006));
#4628 = CARTESIAN_POINT('',(282.18739413143,-354.6598368385,
    111.29263283057));
#4629 = CARTESIAN_POINT('',(286.38362479911,-354.6432046996,
    111.51138517573));
#4630 = CARTESIAN_POINT('',(290.6929217221,-354.4125968169,
    112.00473287143));
#4631 = CARTESIAN_POINT('',(294.99728518776,-354.382424972,
    111.68215738578));
#4632 = CARTESIAN_POINT('',(299.24599549207,-353.6622264411,
    111.34773841177));
#4633 = CARTESIAN_POINT('',(303.52499017227,-352.9034027712,
    110.98651445672));
#4634 = CARTESIAN_POINT('',(307.79622056725,-352.1350180221,
    110.62137923471));
#4635 = CARTESIAN_POINT('',(312.08441986464,-351.3221887536,
    110.41371380932));
#4636 = CARTESIAN_POINT('',(316.3318452167,-350.60524018,109.94461096151
    ));
#4637 = CARTESIAN_POINT('',(320.63289091038,-350.4061292496,
    109.79590135055));
#4638 = CARTESIAN_POINT('',(324.90801010291,-350.0519524883,
    109.50825667838));
#4639 = CARTESIAN_POINT('',(329.18807309953,-349.8850511147,
    109.48560969289));
#4640 = CARTESIAN_POINT('',(333.47733801931,-349.6688507248,
    109.458701532));
#4641 = CARTESIAN_POINT('',(337.7470456075,-350.264034802,
    109.23255216283));
#4642 = CARTESIAN_POINT('',(342.02123400371,-349.5775937089,
    109.32149162481));
#4643 = CARTESIAN_POINT('',(346.30443528757,-349.8091238362,
    109.19863617892));
#4644 = CARTESIAN_POINT('',(350.5884217255,-349.8375269612,
    109.14292127766));
#4645 = CARTESIAN_POINT('',(354.84926238005,-349.4904273036,
    109.15024711772));
#4646 = CARTESIAN_POINT('',(359.17649042862,-350.0202278068,
    109.00059667464));
#4647 = CARTESIAN_POINT('',(363.32021844008,-349.0456951788,
    109.09651625395));
#4648 = CARTESIAN_POINT('',(368.68503275418,-350.713451779,
    108.82193493566));
#4649 = CARTESIAN_POINT('',(371.24903411287,-346.3473712774,
    109.53179146002));
#4650 = CARTESIAN_POINT('',(377.42638182418,-341.7446191553,
    110.32249845319));
#4651 = CARTESIAN_POINT('',(379.73562276372,-353.0049180223,
    108.61033556324));
#4652 = CARTESIAN_POINT('',(385.92015942773,-341.8208601432,
    110.14792608981));
#4653 = CARTESIAN_POINT('',(387.95796901408,-353.7336669686,
    108.57932806385));
#4654 = CARTESIAN_POINT('',(392.55136708921,-354.37866834,
    108.71417241532));
#4655 = CARTESIAN_POINT('',(397.86107277384,-339.7460952903,
    110.95367372816));
#4656 = CARTESIAN_POINT('',(397.6403,-349.9869052699,109.57562739285));
#4657 = DEFINITIONAL_REPRESENTATION('',(#4658),#4662);
#4658 = LINE('',#4659,#4660);
#4659 = CARTESIAN_POINT('',(17.,0.));
#4660 = VECTOR('',#4661,1.);
#4661 = DIRECTION('',(0.,1.));
#4662 = ( GEOMETRIC_REPRESENTATION_CONTEXT(2) 
PARAMETRIC_REPRESENTATION_CONTEXT() REPRESENTATION_CONTEXT('2D SPACE',''
  ) );
#4663 = ORIENTED_EDGE('',*,*,#4664,.F.);
#4664 = EDGE_CURVE('',#4201,#4455,#4665,.T.);
#4665 = SURFACE_CURVE('',#4666,(#4669,#4676),.PCURVE_S1.);
#4666 = B_SPLINE_CURVE_WITH_KNOTS('',1,(#4667,#4668),.UNSPECIFIED.,.F.,
  .F.,(2,2),(16.,17.),.PIECEWISE_BEZIER_KNOTS.);
#4667 = CARTESIAN_POINT('',(397.6403,-349.6344217578,109.61683602971));
#4668 = CARTESIAN_POINT('',(397.6403,-349.8106622946,109.59622126697));
#4669 = PCURVE('',#4276,#4670);
#4670 = DEFINITIONAL_REPRESENTATION('',(#4671),#4675);
#4671 = LINE('',#4672,#4673);
#4672 = CARTESIAN_POINT('',(0.,1.));
#4673 = VECTOR('',#4674,1.);
#4674 = DIRECTION('',(1.,0.));
#4675 = ( GEOMETRIC_REPRESENTATION_CONTEXT(2) 
PARAMETRIC_REPRESENTATION_CONTEXT() REPRESENTATION_CONTEXT('2D SPACE',''
  ) );
#4676 = PCURVE('',#401,#4677);
#4677 = DEFINITIONAL_REPRESENTATION('',(#4678),#4681);
#4678 = B_SPLINE_CURVE_WITH_KNOTS('',1,(#4679,#4680),.UNSPECIFIED.,.F.,
  .F.,(2,2),(16.,17.),.PIECEWISE_BEZIER_KNOTS.);
#4679 = CARTESIAN_POINT('',(-1.321846608562E-04,1.755409315217E-02));
#4680 = CARTESIAN_POINT('',(0.177309885626,1.763750765159E-02));
#4681 = ( GEOMETRIC_REPRESENTATION_CONTEXT(2) 
PARAMETRIC_REPRESENTATION_CONTEXT() REPRESENTATION_CONTEXT('2D SPACE',''
  ) );
#4682 = ORIENTED_EDGE('',*,*,#4200,.F.);
#4683 = ADVANCED_FACE('',(#4684),#4530,.T.);
#4684 = FACE_BOUND('',#4685,.T.);
#4685 = EDGE_LOOP('',(#4686,#4707,#4917,#4936));
#4686 = ORIENTED_EDGE('',*,*,#4687,.T.);
#4687 = EDGE_CURVE('',#4434,#4688,#4690,.T.);
#4688 = VERTEX_POINT('',#4689);
#4689 = CARTESIAN_POINT('',(140.9618,-353.0234090488,109.98671904763));
#4690 = SURFACE_CURVE('',#4691,(#4694,#4701),.PCURVE_S1.);
#4691 = B_SPLINE_CURVE_WITH_KNOTS('',1,(#4692,#4693),.UNSPECIFIED.,.F.,
  .F.,(2,2),(17.,18.),.PIECEWISE_BEZIER_KNOTS.);
#4692 = CARTESIAN_POINT('',(140.9618,-352.8032688886,109.95910638219));
#4693 = CARTESIAN_POINT('',(140.9618,-353.0234090488,109.98671904763));
#4694 = PCURVE('',#4530,#4695);
#4695 = DEFINITIONAL_REPRESENTATION('',(#4696),#4700);
#4696 = LINE('',#4697,#4698);
#4697 = CARTESIAN_POINT('',(0.,0.));
#4698 = VECTOR('',#4699,1.);
#4699 = DIRECTION('',(1.,0.));
#4700 = ( GEOMETRIC_REPRESENTATION_CONTEXT(2) 
PARAMETRIC_REPRESENTATION_CONTEXT() REPRESENTATION_CONTEXT('2D SPACE',''
  ) );
#4701 = PCURVE('',#165,#4702);
#4702 = DEFINITIONAL_REPRESENTATION('',(#4703),#4706);
#4703 = B_SPLINE_CURVE_WITH_KNOTS('',1,(#4704,#4705),.UNSPECIFIED.,.F.,
  .F.,(2,2),(17.,18.),.PIECEWISE_BEZIER_KNOTS.);
#4704 = CARTESIAN_POINT('',(3.771707727384,-1.481150917471E-07));
#4705 = CARTESIAN_POINT('',(3.993572887818,-1.568277383512E-07));
#4706 = ( GEOMETRIC_REPRESENTATION_CONTEXT(2) 
PARAMETRIC_REPRESENTATION_CONTEXT() REPRESENTATION_CONTEXT('2D SPACE',''
  ) );
#4707 = ORIENTED_EDGE('',*,*,#4708,.T.);
#4708 = EDGE_CURVE('',#4688,#4709,#4711,.T.);
#4709 = VERTEX_POINT('',#4710);
#4710 = CARTESIAN_POINT('',(397.6403,-349.9869052699,109.57562739285));
#4711 = SURFACE_CURVE('',#4712,(#4776,#4783),.PCURVE_S1.);
#4712 = ( BOUNDED_CURVE() B_SPLINE_CURVE(3,(#4713,#4714,#4715,#4716,
    #4717,#4718,#4719,#4720,#4721,#4722,#4723,#4724,#4725,#4726,#4727,
    #4728,#4729,#4730,#4731,#4732,#4733,#4734,#4735,#4736,#4737,#4738,
    #4739,#4740,#4741,#4742,#4743,#4744,#4745,#4746,#4747,#4748,#4749,
    #4750,#4751,#4752,#4753,#4754,#4755,#4756,#4757,#4758,#4759,#4760,
    #4761,#4762,#4763,#4764,#4765,#4766,#4767,#4768,#4769,#4770,#4771,
    #4772,#4773,#4774,#4775),.UNSPECIFIED.,.F.,.F.) 
B_SPLINE_CURVE_WITH_KNOTS((4,1,1,1,1,1,1,1,1,1,1,1,1,1,1,1,1,1,1,1,1,1,1
    ,1,1,1,1,1,1,1,1,1,1,1,1,1,1,1,1,1,1,1,1,1,1,1,1,1,1,1,1,1,1,1,1,1,1
    ,1,1,1,4),(0.,1.732138582393E-02,3.476147556169E-02,
    5.682134329819E-02,7.1962296323E-02,9.668171057498E-02,
    0.117312720082,0.137726814038,0.152748180615,0.167749813045,
    0.182740680817,0.197724569486,0.212727858992,0.227712266626,
    0.242722186927,0.257740578549,0.272730613132,0.287749851447,
    0.302807253127,0.317909897629,0.333164876512,0.348417208457,
    0.363717555355,0.379021830365,0.39430254102,0.409403510223,
    0.424503833082,0.439703221214,0.455034147268,0.475266642259,
    0.494822408855,0.514358099005,0.53448350075,0.549791243926,
    0.564993335593,0.580114457875,0.595233122966,0.610524778841,
    0.625831283594,0.641129798524,0.656395058325,0.671658347301,
    0.686764177688,0.701824559728,0.716841998439,0.731832580826,
    0.74685884212,0.761877146393,0.776861271766,0.791847146503,
    0.806852809101,0.821843806167,0.836903306197,0.851969913481,
    0.873073700462,0.890743423327,0.916073608219,0.937085032849,
0.966089436802,0.983488965917,1.),.UNSPECIFIED.) CURVE() 
GEOMETRIC_REPRESENTATION_ITEM() RATIONAL_B_SPLINE_CURVE((1.,
    0.99999999999,1.000000000005,0.999999999998,1.,1.,1.,1.,1.,1.,1.,1.,
    1.,1.,1.,1.,1.,1.,1.,1.,1.,1.,1.,1.,1.,1.,1.,1.,1.,1.,1.,1.,1.,1.,1.
    ,1.,1.,1.,1.,1.,1.,1.,1.,1.,1.,1.,1.,1.,1.,1.,1.,1.,1.,1.,1.,1.,1.,
    1.,1.,0.999999999999,1.000000000002,0.999999999996,1.)) 
REPRESENTATION_ITEM('') );
#4713 = CARTESIAN_POINT('',(140.9618,-353.0234090488,109.98671904763));
#4714 = CARTESIAN_POINT('',(139.3469737637,-367.4529303817,
    111.69827701129));
#4715 = CARTESIAN_POINT('',(146.55711552643,-349.4847761985,
    109.39909256476));
#4716 = CARTESIAN_POINT('',(149.83248812156,-348.9525111085,
    109.24968610087));
#4717 = CARTESIAN_POINT('',(152.63844988999,-360.2276417149,
    110.61083285925));
#4718 = CARTESIAN_POINT('',(159.61432189493,-358.8873729545,
    110.46623160906));
#4719 = CARTESIAN_POINT('',(161.57498576671,-361.5030815649,
    110.85990894933));
#4720 = CARTESIAN_POINT('',(166.85069272796,-353.5060330632,
    109.51306481167));
#4721 = CARTESIAN_POINT('',(170.05924171584,-362.7758750558,
    111.11734140533));
#4722 = CARTESIAN_POINT('',(175.2605606702,-360.9939578273,
    110.96535251963));
#4723 = CARTESIAN_POINT('',(179.44145366882,-361.8070497763,
    111.2505636344));
#4724 = CARTESIAN_POINT('',(183.74546905009,-362.0050038411,
    111.44064926538));
#4725 = CARTESIAN_POINT('',(188.02212458981,-361.7970541159,
    111.50120786962));
#4726 = CARTESIAN_POINT('',(192.29363155905,-362.4094843214,
    111.8004028687));
#4727 = CARTESIAN_POINT('',(196.58004983101,-362.6510393221,
    112.12204047809));
#4728 = CARTESIAN_POINT('',(200.85501156117,-361.6432347726,
    112.02927620366));
#4729 = CARTESIAN_POINT('',(205.12596544359,-362.6599896162,
    112.57657455677));
#4730 = CARTESIAN_POINT('',(209.41439322258,-362.183702047,
    112.74971770801));
#4731 = CARTESIAN_POINT('',(213.69322367635,-361.7745862465,
    113.10544337655));
#4732 = CARTESIAN_POINT('',(217.96934112329,-360.8133573927,
    113.31657349851));
#4733 = CARTESIAN_POINT('',(222.26952895422,-360.0716822829,
    113.79568635199));
#4734 = CARTESIAN_POINT('',(226.5166643478,-358.3937316752,
    114.10325131148));
#4735 = CARTESIAN_POINT('',(230.80856684708,-357.1146530063,
    114.54949351922));
#4736 = CARTESIAN_POINT('',(235.07622110161,-355.3650605663,
    114.85307874231));
#4737 = CARTESIAN_POINT('',(239.35488141397,-353.8185866749,
    115.22285380615));
#4738 = CARTESIAN_POINT('',(243.60389158591,-352.2408190921,
    115.2543834365));
#4739 = CARTESIAN_POINT('',(247.90844854027,-351.4524377222,
    114.70643908195));
#4740 = CARTESIAN_POINT('',(252.2213347776,-350.9928037016,
    113.64205439338));
#4741 = CARTESIAN_POINT('',(256.41797633353,-351.4789708784,
    112.7621286478));
#4742 = CARTESIAN_POINT('',(261.49749220731,-350.7862598371,
    111.46563939354));
#4743 = CARTESIAN_POINT('',(264.82846846707,-355.4345270596,
    115.66794326249));
#4744 = CARTESIAN_POINT('',(269.29986524939,-343.1020247493,
    110.60920908585));
#4745 = CARTESIAN_POINT('',(273.76120192934,-354.801333435,
    115.95409670283));
#4746 = CARTESIAN_POINT('',(277.11561224167,-352.8967550534,
    110.08514084006));
#4747 = CARTESIAN_POINT('',(282.18739413143,-354.6598368385,
    111.29263283057));
#4748 = CARTESIAN_POINT('',(286.38362479911,-354.6432046996,
    111.51138517573));
#4749 = CARTESIAN_POINT('',(290.6929217221,-354.4125968169,
    112.00473287143));
#4750 = CARTESIAN_POINT('',(294.99728518776,-354.382424972,
    111.68215738578));
#4751 = CARTESIAN_POINT('',(299.24599549207,-353.6622264411,
    111.34773841177));
#4752 = CARTESIAN_POINT('',(303.52499017227,-352.9034027712,
    110.98651445672));
#4753 = CARTESIAN_POINT('',(307.79622056725,-352.1350180221,
    110.62137923471));
#4754 = CARTESIAN_POINT('',(312.08441986464,-351.3221887536,
    110.41371380932));
#4755 = CARTESIAN_POINT('',(316.3318452167,-350.60524018,109.94461096151
    ));
#4756 = CARTESIAN_POINT('',(320.63289091038,-350.4061292496,
    109.79590135055));
#4757 = CARTESIAN_POINT('',(324.90801010291,-350.0519524883,
    109.50825667838));
#4758 = CARTESIAN_POINT('',(329.18807309953,-349.8850511147,
    109.48560969289));
#4759 = CARTESIAN_POINT('',(333.47733801931,-349.6688507248,
    109.458701532));
#4760 = CARTESIAN_POINT('',(337.7470456075,-350.264034802,
    109.23255216283));
#4761 = CARTESIAN_POINT('',(342.02123400371,-349.5775937089,
    109.32149162481));
#4762 = CARTESIAN_POINT('',(346.30443528757,-349.8091238362,
    109.19863617892));
#4763 = CARTESIAN_POINT('',(350.5884217255,-349.8375269612,
    109.14292127766));
#4764 = CARTESIAN_POINT('',(354.84926238005,-349.4904273036,
    109.15024711772));
#4765 = CARTESIAN_POINT('',(359.17649042862,-350.0202278068,
    109.00059667464));
#4766 = CARTESIAN_POINT('',(363.32021844008,-349.0456951788,
    109.09651625395));
#4767 = CARTESIAN_POINT('',(368.68503275418,-350.713451779,
    108.82193493566));
#4768 = CARTESIAN_POINT('',(371.24903411287,-346.3473712774,
    109.53179146002));
#4769 = CARTESIAN_POINT('',(377.42638182418,-341.7446191553,
    110.32249845319));
#4770 = CARTESIAN_POINT('',(379.73562276372,-353.0049180223,
    108.61033556324));
#4771 = CARTESIAN_POINT('',(385.92015942773,-341.8208601432,
    110.14792608981));
#4772 = CARTESIAN_POINT('',(387.95796901408,-353.7336669686,
    108.57932806385));
#4773 = CARTESIAN_POINT('',(392.55136708921,-354.37866834,
    108.71417241532));
#4774 = CARTESIAN_POINT('',(397.86107277384,-339.7460952903,
    110.95367372816));
#4775 = CARTESIAN_POINT('',(397.6403,-349.9869052699,109.57562739285));
#4776 = PCURVE('',#4530,#4777);
#4777 = DEFINITIONAL_REPRESENTATION('',(#4778),#4782);
#4778 = LINE('',#4779,#4780);
#4779 = CARTESIAN_POINT('',(18.,0.));
#4780 = VECTOR('',#4781,1.);
#4781 = DIRECTION('',(0.,1.));
#4782 = ( GEOMETRIC_REPRESENTATION_CONTEXT(2) 
PARAMETRIC_REPRESENTATION_CONTEXT() REPRESENTATION_CONTEXT('2D SPACE',''
  ) );
#4783 = PCURVE('',#4784,#4911);
#4784 = ( BOUNDED_SURFACE() B_SPLINE_SURFACE(1,3,(
    (#4785,#4786,#4787,#4788,#4789,#4790,#4791,#4792,#4793,#4794,#4795
      ,#4796,#4797,#4798,#4799,#4800,#4801,#4802,#4803,#4804,#4805,#4806
      ,#4807,#4808,#4809,#4810,#4811,#4812,#4813,#4814,#4815,#4816,#4817
      ,#4818,#4819,#4820,#4821,#4822,#4823,#4824,#4825,#4826,#4827,#4828
      ,#4829,#4830,#4831,#4832,#4833,#4834,#4835,#4836,#4837,#4838,#4839
      ,#4840,#4841,#4842,#4843,#4844,#4845,#4846,#4847)
    ,(#4848,#4849,#4850,#4851,#4852,#4853,#4854,#4855,#4856,#4857,#4858
      ,#4859,#4860,#4861,#4862,#4863,#4864,#4865,#4866,#4867,#4868,#4869
      ,#4870,#4871,#4872,#4873,#4874,#4875,#4876,#4877,#4878,#4879,#4880
      ,#4881,#4882,#4883,#4884,#4885,#4886,#4887,#4888,#4889,#4890,#4891
      ,#4892,#4893,#4894,#4895,#4896,#4897,#4898,#4899,#4900,#4901,#4902
      ,#4903,#4904,#4905,#4906,#4907,#4908,#4909,#4910
)),.UNSPECIFIED.,.F.,.F.,.F.) B_SPLINE_SURFACE_WITH_KNOTS((2,2),(4,1,1,1
    ,1,1,1,1,1,1,1,1,1,1,1,1,1,1,1,1,1,1,1,1,1,1,1,1,1,1,1,1,1,1,1,1,1,1
    ,1,1,1,1,1,1,1,1,1,1,1,1,1,1,1,1,1,1,1,1,1,1,4),(18.,19.),(0.,
    1.732138582393E-02,3.476147556169E-02,5.682134329819E-02,
    7.1962296323E-02,9.668171057498E-02,0.117312720082,0.137726814038,
    0.152748180615,0.167749813045,0.182740680817,0.197724569486,
    0.212727858992,0.227712266626,0.242722186927,0.257740578549,
    0.272730613132,0.287749851447,0.302807253127,0.317909897629,
    0.333164876512,0.348417208457,0.363717555355,0.379021830365,
    0.39430254102,0.409403510223,0.424503833082,0.439703221214,
    0.455034147268,0.475266642259,0.494822408855,0.514358099005,
    0.53448350075,0.549791243926,0.564993335593,0.580114457875,
    0.595233122966,0.610524778841,0.625831283594,0.641129798524,
    0.656395058325,0.671658347301,0.686764177688,0.701824559728,
    0.716841998439,0.731832580826,0.74685884212,0.761877146393,
    0.776861271766,0.791847146503,0.806852809101,0.821843806167,
    0.836903306197,0.851969913481,0.873073700462,0.890743423327,
    0.916073608219,0.937085032849,0.966089436802,0.983488965917,1.),
.UNSPECIFIED.) GEOMETRIC_REPRESENTATION_ITEM() RATIONAL_B_SPLINE_SURFACE
((
    (1.,0.99999999999,1.000000000005,0.999999999998,1.,1.,1.,1.,1.,1.,1.
      ,1.,1.,1.,1.,1.,1.,1.,1.,1.,1.,1.,1.,1.,1.,1.,1.,1.,1.,1.,1.,1.,1.
      ,1.,1.,1.,1.,1.,1.,1.,1.,1.,1.,1.,1.,1.,1.,1.,1.,1.,1.,1.,1.,1.,1.
      ,1.,1.,1.,1.,0.999999999999,1.000000000002,0.999999999996,1.)
    ,(1.,0.99999999999,1.000000000005,0.999999999998,1.,1.,1.,1.,1.,1.
      ,1.,1.,1.,1.,1.,1.,1.,1.,1.,1.,1.,1.,1.,1.,1.,1.,1.,1.,1.,1.,1.,1.
      ,1.,1.,1.,1.,1.,1.,1.,1.,1.,1.,1.,1.,1.,1.,1.,1.,1.,1.,1.,1.,1.,1.
      ,1.,1.,1.,1.,1.,0.999999999999,1.000000000002,0.999999999996,1.
))) REPRESENTATION_ITEM('') SURFACE() );
#4785 = CARTESIAN_POINT('',(140.9618,-353.0234090488,109.98671904763));
#4786 = CARTESIAN_POINT('',(139.3469737637,-367.4529303817,
    111.69827701129));
#4787 = CARTESIAN_POINT('',(146.55711552643,-349.4847761985,
    109.39909256476));
#4788 = CARTESIAN_POINT('',(149.83248812156,-348.9525111085,
    109.24968610087));
#4789 = CARTESIAN_POINT('',(152.63844988999,-360.2276417149,
    110.61083285925));
#4790 = CARTESIAN_POINT('',(159.61432189493,-358.8873729545,
    110.46623160906));
#4791 = CARTESIAN_POINT('',(161.57498576671,-361.5030815649,
    110.85990894933));
#4792 = CARTESIAN_POINT('',(166.85069272796,-353.5060330632,
    109.51306481167));
#4793 = CARTESIAN_POINT('',(170.05924171584,-362.7758750558,
    111.11734140533));
#4794 = CARTESIAN_POINT('',(175.2605606702,-360.9939578273,
    110.96535251963));
#4795 = CARTESIAN_POINT('',(179.44145366882,-361.8070497763,
    111.2505636344));
#4796 = CARTESIAN_POINT('',(183.74546905009,-362.0050038411,
    111.44064926538));
#4797 = CARTESIAN_POINT('',(188.02212458981,-361.7970541159,
    111.50120786962));
#4798 = CARTESIAN_POINT('',(192.29363155905,-362.4094843214,
    111.8004028687));
#4799 = CARTESIAN_POINT('',(196.58004983101,-362.6510393221,
    112.12204047809));
#4800 = CARTESIAN_POINT('',(200.85501156117,-361.6432347726,
    112.02927620366));
#4801 = CARTESIAN_POINT('',(205.12596544359,-362.6599896162,
    112.57657455677));
#4802 = CARTESIAN_POINT('',(209.41439322258,-362.183702047,
    112.74971770801));
#4803 = CARTESIAN_POINT('',(213.69322367635,-361.7745862465,
    113.10544337655));
#4804 = CARTESIAN_POINT('',(217.96934112329,-360.8133573927,
    113.31657349851));
#4805 = CARTESIAN_POINT('',(222.26952895422,-360.0716822829,
    113.79568635199));
#4806 = CARTESIAN_POINT('',(226.5166643478,-358.3937316752,
    114.10325131148));
#4807 = CARTESIAN_POINT('',(230.80856684708,-357.1146530063,
    114.54949351922));
#4808 = CARTESIAN_POINT('',(235.07622110161,-355.3650605663,
    114.85307874231));
#4809 = CARTESIAN_POINT('',(239.35488141397,-353.8185866749,
    115.22285380615));
#4810 = CARTESIAN_POINT('',(243.60389158591,-352.2408190921,
    115.2543834365));
#4811 = CARTESIAN_POINT('',(247.90844854027,-351.4524377222,
    114.70643908195));
#4812 = CARTESIAN_POINT('',(252.2213347776,-350.9928037016,
    113.64205439338));
#4813 = CARTESIAN_POINT('',(256.41797633353,-351.4789708784,
    112.7621286478));
#4814 = CARTESIAN_POINT('',(261.49749220731,-350.7862598371,
    111.46563939354));
#4815 = CARTESIAN_POINT('',(264.82846846707,-355.4345270596,
    115.66794326249));
#4816 = CARTESIAN_POINT('',(269.29986524939,-343.1020247493,
    110.60920908585));
#4817 = CARTESIAN_POINT('',(273.76120192934,-354.801333435,
    115.95409670283));
#4818 = CARTESIAN_POINT('',(277.11561224167,-352.8967550534,
    110.08514084006));
#4819 = CARTESIAN_POINT('',(282.18739413143,-354.6598368385,
    111.29263283057));
#4820 = CARTESIAN_POINT('',(286.38362479911,-354.6432046996,
    111.51138517573));
#4821 = CARTESIAN_POINT('',(290.6929217221,-354.4125968169,
    112.00473287143));
#4822 = CARTESIAN_POINT('',(294.99728518776,-354.382424972,
    111.68215738578));
#4823 = CARTESIAN_POINT('',(299.24599549207,-353.6622264411,
    111.34773841177));
#4824 = CARTESIAN_POINT('',(303.52499017227,-352.9034027712,
    110.98651445672));
#4825 = CARTESIAN_POINT('',(307.79622056725,-352.1350180221,
    110.62137923471));
#4826 = CARTESIAN_POINT('',(312.08441986464,-351.3221887536,
    110.41371380932));
#4827 = CARTESIAN_POINT('',(316.3318452167,-350.60524018,109.94461096151
    ));
#4828 = CARTESIAN_POINT('',(320.63289091038,-350.4061292496,
    109.79590135055));
#4829 = CARTESIAN_POINT('',(324.90801010291,-350.0519524883,
    109.50825667838));
#4830 = CARTESIAN_POINT('',(329.18807309953,-349.8850511147,
    109.48560969289));
#4831 = CARTESIAN_POINT('',(333.47733801931,-349.6688507248,
    109.458701532));
#4832 = CARTESIAN_POINT('',(337.7470456075,-350.264034802,
    109.23255216283));
#4833 = CARTESIAN_POINT('',(342.02123400371,-349.5775937089,
    109.32149162481));
#4834 = CARTESIAN_POINT('',(346.30443528757,-349.8091238362,
    109.19863617892));
#4835 = CARTESIAN_POINT('',(350.5884217255,-349.8375269612,
    109.14292127766));
#4836 = CARTESIAN_POINT('',(354.84926238005,-349.4904273036,
    109.15024711772));
#4837 = CARTESIAN_POINT('',(359.17649042862,-350.0202278068,
    109.00059667464));
#4838 = CARTESIAN_POINT('',(363.32021844008,-349.0456951788,
    109.09651625395));
#4839 = CARTESIAN_POINT('',(368.68503275418,-350.713451779,
    108.82193493566));
#4840 = CARTESIAN_POINT('',(371.24903411287,-346.3473712774,
    109.53179146002));
#4841 = CARTESIAN_POINT('',(377.42638182418,-341.7446191553,
    110.32249845319));
#4842 = CARTESIAN_POINT('',(379.73562276372,-353.0049180223,
    108.61033556324));
#4843 = CARTESIAN_POINT('',(385.92015942773,-341.8208601432,
    110.14792608981));
#4844 = CARTESIAN_POINT('',(387.95796901408,-353.7336669686,
    108.57932806385));
#4845 = CARTESIAN_POINT('',(392.55136708921,-354.37866834,
    108.71417241532));
#4846 = CARTESIAN_POINT('',(397.86107277384,-339.7460952903,
    110.95367372816));
#4847 = CARTESIAN_POINT('',(397.6403,-349.9869052699,109.57562739285));
#4848 = CARTESIAN_POINT('',(140.9618,-353.2434653503,110.01432102766));
#4849 = CARTESIAN_POINT('',(139.3469737637,-368.2108314065,
    111.76590121822));
#4850 = CARTESIAN_POINT('',(146.55711552643,-349.9362509346,
    109.46431070037));
#4851 = CARTESIAN_POINT('',(149.83248812156,-349.2138574622,
    109.28528123345));
#4852 = CARTESIAN_POINT('',(152.63844988999,-361.1298157146,
    110.73383899174));
#4853 = CARTESIAN_POINT('',(159.61432189493,-360.0067643601,
    110.64717078774));
#4854 = CARTESIAN_POINT('',(161.57498576671,-361.7423697382,
    110.89592699406));
#4855 = CARTESIAN_POINT('',(166.85069272796,-353.9309717164,
    109.57203457232));
#4856 = CARTESIAN_POINT('',(170.05924171584,-364.1109565315,
    111.38906381844));
#4857 = CARTESIAN_POINT('',(175.2605606702,-362.2333827984,
    111.15759534427));
#4858 = CARTESIAN_POINT('',(179.44145366882,-363.1135918841,
    111.52005919867));
#4859 = CARTESIAN_POINT('',(183.74546905009,-363.3358850759,
    111.69137334343));
#4860 = CARTESIAN_POINT('',(188.02212458981,-363.132011025,
    111.74977669713));
#4861 = CARTESIAN_POINT('',(192.29363155905,-363.7767686002,
    112.09799005438));
#4862 = CARTESIAN_POINT('',(196.58004983101,-364.0489744555,
    112.40012370814));
#4863 = CARTESIAN_POINT('',(200.85501156117,-362.9342600359,
    112.33559102212));
#4864 = CARTESIAN_POINT('',(205.12596544359,-364.0068385513,
    112.93440872939));
#4865 = CARTESIAN_POINT('',(209.41439322258,-363.530232416,
    113.10602031906));
#4866 = CARTESIAN_POINT('',(213.69322367635,-362.819832659,
    113.41318635061));
#4867 = CARTESIAN_POINT('',(217.96934112329,-362.0594214577,
    113.62432095836));
#4868 = CARTESIAN_POINT('',(222.26952895422,-361.0750770303,
    113.86411314797));
#4869 = CARTESIAN_POINT('',(226.5166643478,-359.4811886014,
    114.00579564718));
#4870 = CARTESIAN_POINT('',(230.80856684708,-357.8952973578,
    114.26701224286));
#4871 = CARTESIAN_POINT('',(235.07622110161,-356.2578330699,
    114.61609572588));
#4872 = CARTESIAN_POINT('',(239.35488141397,-354.5989581865,
    114.83945512489));
#4873 = CARTESIAN_POINT('',(243.60389158591,-352.8172713543,
    114.73849109662));
#4874 = CARTESIAN_POINT('',(247.90844854027,-352.0485485632,
    114.25585088414));
#4875 = CARTESIAN_POINT('',(252.2213347776,-351.7101355428,
    113.47850944045));
#4876 = CARTESIAN_POINT('',(256.41797633353,-351.9230063057,
    112.32537111063));
#4877 = CARTESIAN_POINT('',(261.49749220731,-351.6026052941,
    111.70460253291));
#4878 = CARTESIAN_POINT('',(264.82846846707,-354.877949673,
    114.26498142237));
#4879 = CARTESIAN_POINT('',(269.29986524939,-344.3742964792,
    111.27992329904));
#4880 = CARTESIAN_POINT('',(273.76120192934,-354.2720169944,
    114.63055034122));
#4881 = CARTESIAN_POINT('',(277.11561224167,-353.6163049102,
    110.04528225914));
#4882 = CARTESIAN_POINT('',(282.18739413143,-355.181765688,
    110.96628070744));
#4883 = CARTESIAN_POINT('',(286.38362479911,-355.315821597,
    111.24011327075));
#4884 = CARTESIAN_POINT('',(290.6929217221,-355.1082228456,
    111.62120147327));
#4885 = CARTESIAN_POINT('',(294.99728518776,-355.136355761,
    111.2370875046));
#4886 = CARTESIAN_POINT('',(299.24599549207,-354.4859783098,
    110.85437297941));
#4887 = CARTESIAN_POINT('',(303.52499017227,-353.8378962837,
    110.53941146052));
#4888 = CARTESIAN_POINT('',(307.79622056725,-353.1505565327,
    110.17118158344));
#4889 = CARTESIAN_POINT('',(312.08441986464,-352.4241246932,
    109.9741390667));
#4890 = CARTESIAN_POINT('',(316.3318452167,-351.7972878064,
    109.53797084009));
#4891 = CARTESIAN_POINT('',(320.63289091038,-351.6452875391,
    109.32251757499));
#4892 = CARTESIAN_POINT('',(324.90801010291,-351.3654552343,
    109.08937358069));
#4893 = CARTESIAN_POINT('',(329.18807309953,-351.2477084377,
    109.12947157012));
#4894 = CARTESIAN_POINT('',(333.47733801931,-351.057056918,
    109.10290003929));
#4895 = CARTESIAN_POINT('',(337.7470456075,-351.5947020124,
    108.89128697275));
#4896 = CARTESIAN_POINT('',(342.02123400371,-350.9648081797,
    108.98526979793));
#4897 = CARTESIAN_POINT('',(346.30443528757,-351.1729169311,
    108.89960983578));
#4898 = CARTESIAN_POINT('',(350.5884217255,-351.1938655579,
    108.84640608741));
#4899 = CARTESIAN_POINT('',(354.84926238005,-350.7913499415,
    108.89593580991));
#4900 = CARTESIAN_POINT('',(359.17649042862,-351.3369281528,
    108.7306762966));
#4901 = CARTESIAN_POINT('',(363.32021844008,-350.2700048351,
    108.85899810704));
#4902 = CARTESIAN_POINT('',(368.68503275418,-351.9574209216,
    108.59732611461));
#4903 = CARTESIAN_POINT('',(371.24903411287,-347.240828858,
    109.39241368551));
#4904 = CARTESIAN_POINT('',(377.42638182418,-342.0324145233,
    110.27988348268));
#4905 = CARTESIAN_POINT('',(379.73562276372,-354.3293413168,
    108.40219005261));
#4906 = CARTESIAN_POINT('',(385.92015942773,-342.1795172955,
    110.09739146829));
#4907 = CARTESIAN_POINT('',(387.95796901408,-354.024234662,
    108.54261859568));
#4908 = CARTESIAN_POINT('',(392.55136708921,-355.1145488428,
    108.62184069316));
#4909 = CARTESIAN_POINT('',(397.86107277384,-339.8397116026,
    110.96481365449));
#4910 = CARTESIAN_POINT('',(397.6403,-350.1631552524,109.5550935439));
#4911 = DEFINITIONAL_REPRESENTATION('',(#4912),#4916);
#4912 = LINE('',#4913,#4914);
#4913 = CARTESIAN_POINT('',(18.,0.));
#4914 = VECTOR('',#4915,1.);
#4915 = DIRECTION('',(0.,1.));
#4916 = ( GEOMETRIC_REPRESENTATION_CONTEXT(2) 
PARAMETRIC_REPRESENTATION_CONTEXT() REPRESENTATION_CONTEXT('2D SPACE',''
  ) );
#4917 = ORIENTED_EDGE('',*,*,#4918,.F.);
#4918 = EDGE_CURVE('',#4455,#4709,#4919,.T.);
#4919 = SURFACE_CURVE('',#4920,(#4923,#4930),.PCURVE_S1.);
#4920 = B_SPLINE_CURVE_WITH_KNOTS('',1,(#4921,#4922),.UNSPECIFIED.,.F.,
  .F.,(2,2),(17.,18.),.PIECEWISE_BEZIER_KNOTS.);
#4921 = CARTESIAN_POINT('',(397.6403,-349.8106622946,109.59622126697));
#4922 = CARTESIAN_POINT('',(397.6403,-349.9869052699,109.57562739285));
#4923 = PCURVE('',#4530,#4924);
#4924 = DEFINITIONAL_REPRESENTATION('',(#4925),#4929);
#4925 = LINE('',#4926,#4927);
#4926 = CARTESIAN_POINT('',(0.,1.));
#4927 = VECTOR('',#4928,1.);
#4928 = DIRECTION('',(1.,0.));
#4929 = ( GEOMETRIC_REPRESENTATION_CONTEXT(2) 
PARAMETRIC_REPRESENTATION_CONTEXT() REPRESENTATION_CONTEXT('2D SPACE',''
  ) );
#4930 = PCURVE('',#401,#4931);
#4931 = DEFINITIONAL_REPRESENTATION('',(#4932),#4935);
#4932 = B_SPLINE_CURVE_WITH_KNOTS('',1,(#4933,#4934),.UNSPECIFIED.,.F.,
  .F.,(2,2),(17.,18.),.PIECEWISE_BEZIER_KNOTS.);
#4933 = CARTESIAN_POINT('',(0.177309885626,1.763750765159E-02));
#4934 = CARTESIAN_POINT('',(0.354751960972,1.769989167227E-02));
#4935 = ( GEOMETRIC_REPRESENTATION_CONTEXT(2) 
PARAMETRIC_REPRESENTATION_CONTEXT() REPRESENTATION_CONTEXT('2D SPACE',''
  ) );
#4936 = ORIENTED_EDGE('',*,*,#4454,.F.);
#4937 = ADVANCED_FACE('',(#4938),#4784,.T.);
#4938 = FACE_BOUND('',#4939,.T.);
#4939 = EDGE_LOOP('',(#4940,#4961,#5171,#5190));
#4940 = ORIENTED_EDGE('',*,*,#4941,.T.);
#4941 = EDGE_CURVE('',#4688,#4942,#4944,.T.);
#4942 = VERTEX_POINT('',#4943);
#4943 = CARTESIAN_POINT('',(140.9618,-353.2434653503,110.01432102766));
#4944 = SURFACE_CURVE('',#4945,(#4948,#4955),.PCURVE_S1.);
#4945 = B_SPLINE_CURVE_WITH_KNOTS('',1,(#4946,#4947),.UNSPECIFIED.,.F.,
  .F.,(2,2),(18.,19.),.PIECEWISE_BEZIER_KNOTS.);
#4946 = CARTESIAN_POINT('',(140.9618,-353.0234090488,109.98671904763));
#4947 = CARTESIAN_POINT('',(140.9618,-353.2434653503,110.01432102766));
#4948 = PCURVE('',#4784,#4949);
#4949 = DEFINITIONAL_REPRESENTATION('',(#4950),#4954);
#4950 = LINE('',#4951,#4952);
#4951 = CARTESIAN_POINT('',(0.,0.));
#4952 = VECTOR('',#4953,1.);
#4953 = DIRECTION('',(1.,0.));
#4954 = ( GEOMETRIC_REPRESENTATION_CONTEXT(2) 
PARAMETRIC_REPRESENTATION_CONTEXT() REPRESENTATION_CONTEXT('2D SPACE',''
  ) );
#4955 = PCURVE('',#165,#4956);
#4956 = DEFINITIONAL_REPRESENTATION('',(#4957),#4960);
#4957 = B_SPLINE_CURVE_WITH_KNOTS('',1,(#4958,#4959),.UNSPECIFIED.,.F.,
  .F.,(2,2),(18.,19.),.PIECEWISE_BEZIER_KNOTS.);
#4958 = CARTESIAN_POINT('',(3.993572887818,-1.568277383512E-07));
#4959 = CARTESIAN_POINT('',(4.215353511704,0.));
#4960 = ( GEOMETRIC_REPRESENTATION_CONTEXT(2) 
PARAMETRIC_REPRESENTATION_CONTEXT() REPRESENTATION_CONTEXT('2D SPACE',''
  ) );
#4961 = ORIENTED_EDGE('',*,*,#4962,.T.);
#4962 = EDGE_CURVE('',#4942,#4963,#4965,.T.);
#4963 = VERTEX_POINT('',#4964);
#4964 = CARTESIAN_POINT('',(397.6403,-350.1631552524,109.5550935439));
#4965 = SURFACE_CURVE('',#4966,(#5030,#5037),.PCURVE_S1.);
#4966 = ( BOUNDED_CURVE() B_SPLINE_CURVE(3,(#4967,#4968,#4969,#4970,
    #4971,#4972,#4973,#4974,#4975,#4976,#4977,#4978,#4979,#4980,#4981,
    #4982,#4983,#4984,#4985,#4986,#4987,#4988,#4989,#4990,#4991,#4992,
    #4993,#4994,#4995,#4996,#4997,#4998,#4999,#5000,#5001,#5002,#5003,
    #5004,#5005,#5006,#5007,#5008,#5009,#5010,#5011,#5012,#5013,#5014,
    #5015,#5016,#5017,#5018,#5019,#5020,#5021,#5022,#5023,#5024,#5025,
    #5026,#5027,#5028,#5029),.UNSPECIFIED.,.F.,.F.) 
B_SPLINE_CURVE_WITH_KNOTS((4,1,1,1,1,1,1,1,1,1,1,1,1,1,1,1,1,1,1,1,1,1,1
    ,1,1,1,1,1,1,1,1,1,1,1,1,1,1,1,1,1,1,1,1,1,1,1,1,1,1,1,1,1,1,1,1,1,1
    ,1,1,1,4),(0.,1.732138582393E-02,3.476147556169E-02,
    5.682134329819E-02,7.1962296323E-02,9.668171057498E-02,
    0.117312720082,0.137726814038,0.152748180615,0.167749813045,
    0.182740680817,0.197724569486,0.212727858992,0.227712266626,
    0.242722186927,0.257740578549,0.272730613132,0.287749851447,
    0.302807253127,0.317909897629,0.333164876512,0.348417208457,
    0.363717555355,0.379021830365,0.39430254102,0.409403510223,
    0.424503833082,0.439703221214,0.455034147268,0.475266642259,
    0.494822408855,0.514358099005,0.53448350075,0.549791243926,
    0.564993335593,0.580114457875,0.595233122966,0.610524778841,
    0.625831283594,0.641129798524,0.656395058325,0.671658347301,
    0.686764177688,0.701824559728,0.716841998439,0.731832580826,
    0.74685884212,0.761877146393,0.776861271766,0.791847146503,
    0.806852809101,0.821843806167,0.836903306197,0.851969913481,
    0.873073700462,0.890743423327,0.916073608219,0.937085032849,
0.966089436802,0.983488965917,1.),.UNSPECIFIED.) CURVE() 
GEOMETRIC_REPRESENTATION_ITEM() RATIONAL_B_SPLINE_CURVE((1.,
    0.99999999999,1.000000000005,0.999999999998,1.,1.,1.,1.,1.,1.,1.,1.,
    1.,1.,1.,1.,1.,1.,1.,1.,1.,1.,1.,1.,1.,1.,1.,1.,1.,1.,1.,1.,1.,1.,1.
    ,1.,1.,1.,1.,1.,1.,1.,1.,1.,1.,1.,1.,1.,1.,1.,1.,1.,1.,1.,1.,1.,1.,
    1.,1.,0.999999999999,1.000000000002,0.999999999996,1.)) 
REPRESENTATION_ITEM('') );
#4967 = CARTESIAN_POINT('',(140.9618,-353.2434653503,110.01432102766));
#4968 = CARTESIAN_POINT('',(139.3469737637,-368.2108314065,
    111.76590121822));
#4969 = CARTESIAN_POINT('',(146.55711552643,-349.9362509346,
    109.46431070037));
#4970 = CARTESIAN_POINT('',(149.83248812156,-349.2138574622,
    109.28528123345));
#4971 = CARTESIAN_POINT('',(152.63844988999,-361.1298157146,
    110.73383899174));
#4972 = CARTESIAN_POINT('',(159.61432189493,-360.0067643601,
    110.64717078774));
#4973 = CARTESIAN_POINT('',(161.57498576671,-361.7423697382,
    110.89592699406));
#4974 = CARTESIAN_POINT('',(166.85069272796,-353.9309717164,
    109.57203457232));
#4975 = CARTESIAN_POINT('',(170.05924171584,-364.1109565315,
    111.38906381844));
#4976 = CARTESIAN_POINT('',(175.2605606702,-362.2333827984,
    111.15759534427));
#4977 = CARTESIAN_POINT('',(179.44145366882,-363.1135918841,
    111.52005919867));
#4978 = CARTESIAN_POINT('',(183.74546905009,-363.3358850759,
    111.69137334343));
#4979 = CARTESIAN_POINT('',(188.02212458981,-363.132011025,
    111.74977669713));
#4980 = CARTESIAN_POINT('',(192.29363155905,-363.7767686002,
    112.09799005438));
#4981 = CARTESIAN_POINT('',(196.58004983101,-364.0489744555,
    112.40012370814));
#4982 = CARTESIAN_POINT('',(200.85501156117,-362.9342600359,
    112.33559102212));
#4983 = CARTESIAN_POINT('',(205.12596544359,-364.0068385513,
    112.93440872939));
#4984 = CARTESIAN_POINT('',(209.41439322258,-363.530232416,
    113.10602031906));
#4985 = CARTESIAN_POINT('',(213.69322367635,-362.819832659,
    113.41318635061));
#4986 = CARTESIAN_POINT('',(217.96934112329,-362.0594214577,
    113.62432095836));
#4987 = CARTESIAN_POINT('',(222.26952895422,-361.0750770303,
    113.86411314797));
#4988 = CARTESIAN_POINT('',(226.5166643478,-359.4811886014,
    114.00579564718));
#4989 = CARTESIAN_POINT('',(230.80856684708,-357.8952973578,
    114.26701224286));
#4990 = CARTESIAN_POINT('',(235.07622110161,-356.2578330699,
    114.61609572588));
#4991 = CARTESIAN_POINT('',(239.35488141397,-354.5989581865,
    114.83945512489));
#4992 = CARTESIAN_POINT('',(243.60389158591,-352.8172713543,
    114.73849109662));
#4993 = CARTESIAN_POINT('',(247.90844854027,-352.0485485632,
    114.25585088414));
#4994 = CARTESIAN_POINT('',(252.2213347776,-351.7101355428,
    113.47850944045));
#4995 = CARTESIAN_POINT('',(256.41797633353,-351.9230063057,
    112.32537111063));
#4996 = CARTESIAN_POINT('',(261.49749220731,-351.6026052941,
    111.70460253291));
#4997 = CARTESIAN_POINT('',(264.82846846707,-354.877949673,
    114.26498142237));
#4998 = CARTESIAN_POINT('',(269.29986524939,-344.3742964792,
    111.27992329904));
#4999 = CARTESIAN_POINT('',(273.76120192934,-354.2720169944,
    114.63055034122));
#5000 = CARTESIAN_POINT('',(277.11561224167,-353.6163049102,
    110.04528225914));
#5001 = CARTESIAN_POINT('',(282.18739413143,-355.181765688,
    110.96628070744));
#5002 = CARTESIAN_POINT('',(286.38362479911,-355.315821597,
    111.24011327075));
#5003 = CARTESIAN_POINT('',(290.6929217221,-355.1082228456,
    111.62120147327));
#5004 = CARTESIAN_POINT('',(294.99728518776,-355.136355761,
    111.2370875046));
#5005 = CARTESIAN_POINT('',(299.24599549207,-354.4859783098,
    110.85437297941));
#5006 = CARTESIAN_POINT('',(303.52499017227,-353.8378962837,
    110.53941146052));
#5007 = CARTESIAN_POINT('',(307.79622056725,-353.1505565327,
    110.17118158344));
#5008 = CARTESIAN_POINT('',(312.08441986464,-352.4241246932,
    109.9741390667));
#5009 = CARTESIAN_POINT('',(316.3318452167,-351.7972878064,
    109.53797084009));
#5010 = CARTESIAN_POINT('',(320.63289091038,-351.6452875391,
    109.32251757499));
#5011 = CARTESIAN_POINT('',(324.90801010291,-351.3654552343,
    109.08937358069));
#5012 = CARTESIAN_POINT('',(329.18807309953,-351.2477084377,
    109.12947157012));
#5013 = CARTESIAN_POINT('',(333.47733801931,-351.057056918,
    109.10290003929));
#5014 = CARTESIAN_POINT('',(337.7470456075,-351.5947020124,
    108.89128697275));
#5015 = CARTESIAN_POINT('',(342.02123400371,-350.9648081797,
    108.98526979793));
#5016 = CARTESIAN_POINT('',(346.30443528757,-351.1729169311,
    108.89960983578));
#5017 = CARTESIAN_POINT('',(350.5884217255,-351.1938655579,
    108.84640608741));
#5018 = CARTESIAN_POINT('',(354.84926238005,-350.7913499415,
    108.89593580991));
#5019 = CARTESIAN_POINT('',(359.17649042862,-351.3369281528,
    108.7306762966));
#5020 = CARTESIAN_POINT('',(363.32021844008,-350.2700048351,
    108.85899810704));
#5021 = CARTESIAN_POINT('',(368.68503275418,-351.9574209216,
    108.59732611461));
#5022 = CARTESIAN_POINT('',(371.24903411287,-347.240828858,
    109.39241368551));
#5023 = CARTESIAN_POINT('',(377.42638182418,-342.0324145233,
    110.27988348268));
#5024 = CARTESIAN_POINT('',(379.73562276372,-354.3293413168,
    108.40219005261));
#5025 = CARTESIAN_POINT('',(385.92015942773,-342.1795172955,
    110.09739146829));
#5026 = CARTESIAN_POINT('',(387.95796901408,-354.024234662,
    108.54261859568));
#5027 = CARTESIAN_POINT('',(392.55136708921,-355.1145488428,
    108.62184069316));
#5028 = CARTESIAN_POINT('',(397.86107277384,-339.8397116026,
    110.96481365449));
#5029 = CARTESIAN_POINT('',(397.6403,-350.1631552524,109.5550935439));
#5030 = PCURVE('',#4784,#5031);
#5031 = DEFINITIONAL_REPRESENTATION('',(#5032),#5036);
#5032 = LINE('',#5033,#5034);
#5033 = CARTESIAN_POINT('',(19.,0.));
#5034 = VECTOR('',#5035,1.);
#5035 = DIRECTION('',(0.,1.));
#5036 = ( GEOMETRIC_REPRESENTATION_CONTEXT(2) 
PARAMETRIC_REPRESENTATION_CONTEXT() REPRESENTATION_CONTEXT('2D SPACE',''
  ) );
#5037 = PCURVE('',#5038,#5165);
#5038 = ( BOUNDED_SURFACE() B_SPLINE_SURFACE(1,3,(
    (#5039,#5040,#5041,#5042,#5043,#5044,#5045,#5046,#5047,#5048,#5049
      ,#5050,#5051,#5052,#5053,#5054,#5055,#5056,#5057,#5058,#5059,#5060
      ,#5061,#5062,#5063,#5064,#5065,#5066,#5067,#5068,#5069,#5070,#5071
      ,#5072,#5073,#5074,#5075,#5076,#5077,#5078,#5079,#5080,#5081,#5082
      ,#5083,#5084,#5085,#5086,#5087,#5088,#5089,#5090,#5091,#5092,#5093
      ,#5094,#5095,#5096,#5097,#5098,#5099,#5100,#5101)
    ,(#5102,#5103,#5104,#5105,#5106,#5107,#5108,#5109,#5110,#5111,#5112
      ,#5113,#5114,#5115,#5116,#5117,#5118,#5119,#5120,#5121,#5122,#5123
      ,#5124,#5125,#5126,#5127,#5128,#5129,#5130,#5131,#5132,#5133,#5134
      ,#5135,#5136,#5137,#5138,#5139,#5140,#5141,#5142,#5143,#5144,#5145
      ,#5146,#5147,#5148,#5149,#5150,#5151,#5152,#5153,#5154,#5155,#5156
      ,#5157,#5158,#5159,#5160,#5161,#5162,#5163,#5164
)),.UNSPECIFIED.,.F.,.F.,.F.) B_SPLINE_SURFACE_WITH_KNOTS((2,2),(4,1,1,1
    ,1,1,1,1,1,1,1,1,1,1,1,1,1,1,1,1,1,1,1,1,1,1,1,1,1,1,1,1,1,1,1,1,1,1
    ,1,1,1,1,1,1,1,1,1,1,1,1,1,1,1,1,1,1,1,1,1,1,4),(19.,20.),(0.,
    1.732138582393E-02,3.476147556169E-02,5.682134329819E-02,
    7.1962296323E-02,9.668171057498E-02,0.117312720082,0.137726814038,
    0.152748180615,0.167749813045,0.182740680817,0.197724569486,
    0.212727858992,0.227712266626,0.242722186927,0.257740578549,
    0.272730613132,0.287749851447,0.302807253127,0.317909897629,
    0.333164876512,0.348417208457,0.363717555355,0.379021830365,
    0.39430254102,0.409403510223,0.424503833082,0.439703221214,
    0.455034147268,0.475266642259,0.494822408855,0.514358099005,
    0.53448350075,0.549791243926,0.564993335593,0.580114457875,
    0.595233122966,0.610524778841,0.625831283594,0.641129798524,
    0.656395058325,0.671658347301,0.686764177688,0.701824559728,
    0.716841998439,0.731832580826,0.74685884212,0.761877146393,
    0.776861271766,0.791847146503,0.806852809101,0.821843806167,
    0.836903306197,0.851969913481,0.873073700462,0.890743423327,
    0.916073608219,0.937085032849,0.966089436802,0.983488965917,1.),
.UNSPECIFIED.) GEOMETRIC_REPRESENTATION_ITEM() RATIONAL_B_SPLINE_SURFACE
((
    (1.,0.99999999999,1.000000000005,0.999999999998,1.,1.,1.,1.,1.,1.,1.
      ,1.,1.,1.,1.,1.,1.,1.,1.,1.,1.,1.,1.,1.,1.,1.,1.,1.,1.,1.,1.,1.,1.
      ,1.,1.,1.,1.,1.,1.,1.,1.,1.,1.,1.,1.,1.,1.,1.,1.,1.,1.,1.,1.,1.,1.
      ,1.,1.,1.,1.,0.999999999999,1.000000000002,0.999999999996,1.)
    ,(1.,0.99999999999,1.000000000005,0.999999999998,1.,1.,1.,1.,1.,1.
      ,1.,1.,1.,1.,1.,1.,1.,1.,1.,1.,1.,1.,1.,1.,1.,1.,1.,1.,1.,1.,1.,1.
      ,1.,1.,1.,1.,1.,1.,1.,1.,1.,1.,1.,1.,1.,1.,1.,1.,1.,1.,1.,1.,1.,1.
      ,1.,1.,1.,1.,1.,0.999999999999,1.000000000002,0.999999999996,1.
))) REPRESENTATION_ITEM('') SURFACE() );
#5039 = CARTESIAN_POINT('',(140.9618,-353.2434653503,110.01432102766));
#5040 = CARTESIAN_POINT('',(139.3469737637,-368.2108314065,
    111.76590121822));
#5041 = CARTESIAN_POINT('',(146.55711552643,-349.9362509346,
    109.46431070037));
#5042 = CARTESIAN_POINT('',(149.83248812156,-349.2138574622,
    109.28528123345));
#5043 = CARTESIAN_POINT('',(152.63844988999,-361.1298157146,
    110.73383899174));
#5044 = CARTESIAN_POINT('',(159.61432189493,-360.0067643601,
    110.64717078774));
#5045 = CARTESIAN_POINT('',(161.57498576671,-361.7423697382,
    110.89592699406));
#5046 = CARTESIAN_POINT('',(166.85069272796,-353.9309717164,
    109.57203457232));
#5047 = CARTESIAN_POINT('',(170.05924171584,-364.1109565315,
    111.38906381844));
#5048 = CARTESIAN_POINT('',(175.2605606702,-362.2333827984,
    111.15759534427));
#5049 = CARTESIAN_POINT('',(179.44145366882,-363.1135918841,
    111.52005919867));
#5050 = CARTESIAN_POINT('',(183.74546905009,-363.3358850759,
    111.69137334343));
#5051 = CARTESIAN_POINT('',(188.02212458981,-363.132011025,
    111.74977669713));
#5052 = CARTESIAN_POINT('',(192.29363155905,-363.7767686002,
    112.09799005438));
#5053 = CARTESIAN_POINT('',(196.58004983101,-364.0489744555,
    112.40012370814));
#5054 = CARTESIAN_POINT('',(200.85501156117,-362.9342600359,
    112.33559102212));
#5055 = CARTESIAN_POINT('',(205.12596544359,-364.0068385513,
    112.93440872939));
#5056 = CARTESIAN_POINT('',(209.41439322258,-363.530232416,
    113.10602031906));
#5057 = CARTESIAN_POINT('',(213.69322367635,-362.819832659,
    113.41318635061));
#5058 = CARTESIAN_POINT('',(217.96934112329,-362.0594214577,
    113.62432095836));
#5059 = CARTESIAN_POINT('',(222.26952895422,-361.0750770303,
    113.86411314797));
#5060 = CARTESIAN_POINT('',(226.5166643478,-359.4811886014,
    114.00579564718));
#5061 = CARTESIAN_POINT('',(230.80856684708,-357.8952973578,
    114.26701224286));
#5062 = CARTESIAN_POINT('',(235.07622110161,-356.2578330699,
    114.61609572588));
#5063 = CARTESIAN_POINT('',(239.35488141397,-354.5989581865,
    114.83945512489));
#5064 = CARTESIAN_POINT('',(243.60389158591,-352.8172713543,
    114.73849109662));
#5065 = CARTESIAN_POINT('',(247.90844854027,-352.0485485632,
    114.25585088414));
#5066 = CARTESIAN_POINT('',(252.2213347776,-351.7101355428,
    113.47850944045));
#5067 = CARTESIAN_POINT('',(256.41797633353,-351.9230063057,
    112.32537111063));
#5068 = CARTESIAN_POINT('',(261.49749220731,-351.6026052941,
    111.70460253291));
#5069 = CARTESIAN_POINT('',(264.82846846707,-354.877949673,
    114.26498142237));
#5070 = CARTESIAN_POINT('',(269.29986524939,-344.3742964792,
    111.27992329904));
#5071 = CARTESIAN_POINT('',(273.76120192934,-354.2720169944,
    114.63055034122));
#5072 = CARTESIAN_POINT('',(277.11561224167,-353.6163049102,
    110.04528225914));
#5073 = CARTESIAN_POINT('',(282.18739413143,-355.181765688,
    110.96628070744));
#5074 = CARTESIAN_POINT('',(286.38362479911,-355.315821597,
    111.24011327075));
#5075 = CARTESIAN_POINT('',(290.6929217221,-355.1082228456,
    111.62120147327));
#5076 = CARTESIAN_POINT('',(294.99728518776,-355.136355761,
    111.2370875046));
#5077 = CARTESIAN_POINT('',(299.24599549207,-354.4859783098,
    110.85437297941));
#5078 = CARTESIAN_POINT('',(303.52499017227,-353.8378962837,
    110.53941146052));
#5079 = CARTESIAN_POINT('',(307.79622056725,-353.1505565327,
    110.17118158344));
#5080 = CARTESIAN_POINT('',(312.08441986464,-352.4241246932,
    109.9741390667));
#5081 = CARTESIAN_POINT('',(316.3318452167,-351.7972878064,
    109.53797084009));
#5082 = CARTESIAN_POINT('',(320.63289091038,-351.6452875391,
    109.32251757499));
#5083 = CARTESIAN_POINT('',(324.90801010291,-351.3654552343,
    109.08937358069));
#5084 = CARTESIAN_POINT('',(329.18807309953,-351.2477084377,
    109.12947157012));
#5085 = CARTESIAN_POINT('',(333.47733801931,-351.057056918,
    109.10290003929));
#5086 = CARTESIAN_POINT('',(337.7470456075,-351.5947020124,
    108.89128697275));
#5087 = CARTESIAN_POINT('',(342.02123400371,-350.9648081797,
    108.98526979793));
#5088 = CARTESIAN_POINT('',(346.30443528757,-351.1729169311,
    108.89960983578));
#5089 = CARTESIAN_POINT('',(350.5884217255,-351.1938655579,
    108.84640608741));
#5090 = CARTESIAN_POINT('',(354.84926238005,-350.7913499415,
    108.89593580991));
#5091 = CARTESIAN_POINT('',(359.17649042862,-351.3369281528,
    108.7306762966));
#5092 = CARTESIAN_POINT('',(363.32021844008,-350.2700048351,
    108.85899810704));
#5093 = CARTESIAN_POINT('',(368.68503275418,-351.9574209216,
    108.59732611461));
#5094 = CARTESIAN_POINT('',(371.24903411287,-347.240828858,
    109.39241368551));
#5095 = CARTESIAN_POINT('',(377.42638182418,-342.0324145233,
    110.27988348268));
#5096 = CARTESIAN_POINT('',(379.73562276372,-354.3293413168,
    108.40219005261));
#5097 = CARTESIAN_POINT('',(385.92015942773,-342.1795172955,
    110.09739146829));
#5098 = CARTESIAN_POINT('',(387.95796901408,-354.024234662,
    108.54261859568));
#5099 = CARTESIAN_POINT('',(392.55136708921,-355.1145488428,
    108.62184069316));
#5100 = CARTESIAN_POINT('',(397.86107277384,-339.8397116026,
    110.96481365449));
#5101 = CARTESIAN_POINT('',(397.6403,-350.1631552524,109.5550935439));
#5102 = CARTESIAN_POINT('',(140.9618,-353.0234350186,109.98584643279));
#5103 = CARTESIAN_POINT('',(139.3469737637,-367.4141031378,
    111.79464370788));
#5104 = CARTESIAN_POINT('',(146.55711552643,-349.486143499,
    109.40901233805));
#5105 = CARTESIAN_POINT('',(149.83248812156,-348.9380330844,
    109.13588793979));
#5106 = CARTESIAN_POINT('',(152.63844988999,-360.2118408096,
    110.57521141111));
#5107 = CARTESIAN_POINT('',(159.61432189493,-358.8900932794,
    110.48687483471));
#5108 = CARTESIAN_POINT('',(161.57498576671,-361.4220875041,
    110.73180450606));
#5109 = CARTESIAN_POINT('',(166.85069272796,-353.4979674963,
    109.50073969186));
#5110 = CARTESIAN_POINT('',(170.05924171584,-362.8032118612,
    111.0008793772));
#5111 = CARTESIAN_POINT('',(175.2605606702,-361.0946789059,
    110.82838817072));
#5112 = CARTESIAN_POINT('',(179.44145366882,-361.9731245305,
    111.09525548729));
#5113 = CARTESIAN_POINT('',(183.74546905009,-362.1363584046,
    111.27331207641));
#5114 = CARTESIAN_POINT('',(188.02212458981,-361.9468304602,
    111.32280686838));
#5115 = CARTESIAN_POINT('',(192.29363155905,-362.4520958035,
    111.62849326203));
#5116 = CARTESIAN_POINT('',(196.58004983101,-362.7833238892,
    111.90844229842));
#5117 = CARTESIAN_POINT('',(200.85501156117,-361.6853872729,
    111.76072861658));
#5118 = CARTESIAN_POINT('',(205.12596544359,-362.7104043029,
    112.36126177647));
#5119 = CARTESIAN_POINT('',(209.41439322258,-362.227083266,
    112.56312074337));
#5120 = CARTESIAN_POINT('',(213.69322367635,-361.7022879401,
    112.76783368778));
#5121 = CARTESIAN_POINT('',(217.96934112329,-360.9509229437,
    112.91009645523));
#5122 = CARTESIAN_POINT('',(222.26952895422,-360.0467189425,
    113.15667162486));
#5123 = CARTESIAN_POINT('',(226.5166643478,-358.5990602024,
    113.21403964634));
#5124 = CARTESIAN_POINT('',(230.80856684708,-357.2218335869,
    113.38790698579));
#5125 = CARTESIAN_POINT('',(235.07622110161,-355.829954468,
    113.6847020771));
#5126 = CARTESIAN_POINT('',(239.35488141397,-354.315841938,
    113.93180859339));
#5127 = CARTESIAN_POINT('',(243.60389158591,-352.5860295849,
    113.91402566503));
#5128 = CARTESIAN_POINT('',(247.90844854027,-351.8626128999,
    113.51834990302));
#5129 = CARTESIAN_POINT('',(252.2213347776,-351.637455998,
    112.84249358437));
#5130 = CARTESIAN_POINT('',(256.41797633353,-351.6494279459,
    111.63238373189));
#5131 = CARTESIAN_POINT('',(261.49749220731,-352.2554442859,
    111.5292759535));
#5132 = CARTESIAN_POINT('',(264.82846846707,-354.3675224697,
    112.97931844517));
#5133 = CARTESIAN_POINT('',(269.29986524939,-345.6374171964,
    111.92608058873));
#5134 = CARTESIAN_POINT('',(273.76120192934,-353.7338534149,
    113.28978334609));
#5135 = CARTESIAN_POINT('',(277.11561224167,-354.3778459763,
    110.09380269345));
#5136 = CARTESIAN_POINT('',(282.18739413143,-355.6660052661,
    110.56611804431));
#5137 = CARTESIAN_POINT('',(286.38362479911,-355.938436916,
    110.87415479714));
#5138 = CARTESIAN_POINT('',(290.6929217221,-355.7966486496,
    111.23106703701));
#5139 = CARTESIAN_POINT('',(294.99728518776,-355.8643566251,
    110.74542044549));
#5140 = CARTESIAN_POINT('',(299.24599549207,-355.3583121186,
    110.44780946364));
#5141 = CARTESIAN_POINT('',(303.52499017227,-354.7711209671,
    110.09117928803));
#5142 = CARTESIAN_POINT('',(307.79622056725,-354.1815593859,
    109.75699189002));
#5143 = CARTESIAN_POINT('',(312.08441986464,-353.4964411872,
    109.46385453686));
#5144 = CARTESIAN_POINT('',(316.3318452167,-352.9981461714,
    109.15311663648));
#5145 = CARTESIAN_POINT('',(320.63289091038,-352.8785510881,
    108.83209228114));
#5146 = CARTESIAN_POINT('',(324.90801010291,-352.6937361566,
    108.71685744039));
#5147 = CARTESIAN_POINT('',(329.18807309953,-352.5929913771,
    108.71232759647));
#5148 = CARTESIAN_POINT('',(333.47733801931,-352.4466466012,
    108.75161481504));
#5149 = CARTESIAN_POINT('',(337.7470456075,-352.9249074917,
    108.54841566618));
#5150 = CARTESIAN_POINT('',(342.02123400371,-352.3524844916,
    108.65095027054));
#5151 = CARTESIAN_POINT('',(346.30443528757,-352.534332693,
    108.59025796826));
#5152 = CARTESIAN_POINT('',(350.5884217255,-352.5487450397,
    108.54287582079));
#5153 = CARTESIAN_POINT('',(354.84926238005,-352.0883741375,
    108.6230713022));
#5154 = CARTESIAN_POINT('',(359.17649042862,-352.6544540403,
    108.46472191823));
#5155 = CARTESIAN_POINT('',(363.32021844008,-351.4945881873,
    108.62253907734));
#5156 = CARTESIAN_POINT('',(368.68503275418,-353.1976322892,
    108.35280043689));
#5157 = CARTESIAN_POINT('',(371.24903411287,-348.1353660968,
    109.25897897755));
#5158 = CARTESIAN_POINT('',(377.42638182418,-342.3193018495,
    110.23162899119));
#5159 = CARTESIAN_POINT('',(379.73562276372,-355.6546725606,
    108.19983546657));
#5160 = CARTESIAN_POINT('',(385.92015942773,-342.5356121732,
    110.03039149216));
#5161 = CARTESIAN_POINT('',(387.95796901408,-354.314794373,
    108.50585608666));
#5162 = CARTESIAN_POINT('',(392.55136708921,-355.8513069183,
    108.53515203963));
#5163 = CARTESIAN_POINT('',(397.86107277384,-339.9313019628,
    110.96292690185));
#5164 = CARTESIAN_POINT('',(397.6403,-350.3394052348,109.53455969495));
#5165 = DEFINITIONAL_REPRESENTATION('',(#5166),#5170);
#5166 = LINE('',#5167,#5168);
#5167 = CARTESIAN_POINT('',(19.,0.));
#5168 = VECTOR('',#5169,1.);
#5169 = DIRECTION('',(0.,1.));
#5170 = ( GEOMETRIC_REPRESENTATION_CONTEXT(2) 
PARAMETRIC_REPRESENTATION_CONTEXT() REPRESENTATION_CONTEXT('2D SPACE',''
  ) );
#5171 = ORIENTED_EDGE('',*,*,#5172,.F.);
#5172 = EDGE_CURVE('',#4709,#4963,#5173,.T.);
#5173 = SURFACE_CURVE('',#5174,(#5177,#5184),.PCURVE_S1.);
#5174 = B_SPLINE_CURVE_WITH_KNOTS('',1,(#5175,#5176),.UNSPECIFIED.,.F.,
  .F.,(2,2),(18.,19.),.PIECEWISE_BEZIER_KNOTS.);
#5175 = CARTESIAN_POINT('',(397.6403,-349.9869052699,109.57562739285));
#5176 = CARTESIAN_POINT('',(397.6403,-350.1631552524,109.5550935439));
#5177 = PCURVE('',#4784,#5178);
#5178 = DEFINITIONAL_REPRESENTATION('',(#5179),#5183);
#5179 = LINE('',#5180,#5181);
#5180 = CARTESIAN_POINT('',(0.,1.));
#5181 = VECTOR('',#5182,1.);
#5182 = DIRECTION('',(1.,0.));
#5183 = ( GEOMETRIC_REPRESENTATION_CONTEXT(2) 
PARAMETRIC_REPRESENTATION_CONTEXT() REPRESENTATION_CONTEXT('2D SPACE',''
  ) );
#5184 = PCURVE('',#401,#5185);
#5185 = DEFINITIONAL_REPRESENTATION('',(#5186),#5189);
#5186 = B_SPLINE_CURVE_WITH_KNOTS('',1,(#5187,#5188),.UNSPECIFIED.,.F.,
  .F.,(2,2),(18.,19.),.PIECEWISE_BEZIER_KNOTS.);
#5187 = CARTESIAN_POINT('',(0.354751960972,1.769989167227E-02));
#5188 = CARTESIAN_POINT('',(0.532194050855,1.770184292093E-02));
#5189 = ( GEOMETRIC_REPRESENTATION_CONTEXT(2) 
PARAMETRIC_REPRESENTATION_CONTEXT() REPRESENTATION_CONTEXT('2D SPACE',''
  ) );
#5190 = ORIENTED_EDGE('',*,*,#4708,.F.);
#5191 = ADVANCED_FACE('',(#5192),#5038,.T.);
#5192 = FACE_BOUND('',#5193,.T.);
#5193 = EDGE_LOOP('',(#5194,#5215,#5425,#5444));
#5194 = ORIENTED_EDGE('',*,*,#5195,.T.);
#5195 = EDGE_CURVE('',#4942,#5196,#5198,.T.);
#5196 = VERTEX_POINT('',#5197);
#5197 = CARTESIAN_POINT('',(140.9618,-353.0234350186,109.98584643279));
#5198 = SURFACE_CURVE('',#5199,(#5202,#5209),.PCURVE_S1.);
#5199 = B_SPLINE_CURVE_WITH_KNOTS('',1,(#5200,#5201),.UNSPECIFIED.,.F.,
  .F.,(2,2),(19.,20.),.PIECEWISE_BEZIER_KNOTS.);
#5200 = CARTESIAN_POINT('',(140.9618,-353.2434653503,110.01432102766));
#5201 = CARTESIAN_POINT('',(140.9618,-353.0234350186,109.98584643279));
#5202 = PCURVE('',#5038,#5203);
#5203 = DEFINITIONAL_REPRESENTATION('',(#5204),#5208);
#5204 = LINE('',#5205,#5206);
#5205 = CARTESIAN_POINT('',(0.,0.));
#5206 = VECTOR('',#5207,1.);
#5207 = DIRECTION('',(1.,0.));
#5208 = ( GEOMETRIC_REPRESENTATION_CONTEXT(2) 
PARAMETRIC_REPRESENTATION_CONTEXT() REPRESENTATION_CONTEXT('2D SPACE',''
  ) );
#5209 = PCURVE('',#165,#5210);
#5210 = DEFINITIONAL_REPRESENTATION('',(#5211),#5214);
#5211 = B_SPLINE_CURVE_WITH_KNOTS('',1,(#5212,#5213),.UNSPECIFIED.,.F.,
  .F.,(2,2),(19.,20.),.PIECEWISE_BEZIER_KNOTS.);
#5212 = CARTESIAN_POINT('',(4.215353511704,0.));
#5213 = CARTESIAN_POINT('',(3.993490052754,8.689055668185E-04));
#5214 = ( GEOMETRIC_REPRESENTATION_CONTEXT(2) 
PARAMETRIC_REPRESENTATION_CONTEXT() REPRESENTATION_CONTEXT('2D SPACE',''
  ) );
#5215 = ORIENTED_EDGE('',*,*,#5216,.T.);
#5216 = EDGE_CURVE('',#5196,#5217,#5219,.T.);
#5217 = VERTEX_POINT('',#5218);
#5218 = CARTESIAN_POINT('',(397.6403,-350.3394052348,109.53455969495));
#5219 = SURFACE_CURVE('',#5220,(#5284,#5291),.PCURVE_S1.);
#5220 = ( BOUNDED_CURVE() B_SPLINE_CURVE(3,(#5221,#5222,#5223,#5224,
    #5225,#5226,#5227,#5228,#5229,#5230,#5231,#5232,#5233,#5234,#5235,
    #5236,#5237,#5238,#5239,#5240,#5241,#5242,#5243,#5244,#5245,#5246,
    #5247,#5248,#5249,#5250,#5251,#5252,#5253,#5254,#5255,#5256,#5257,
    #5258,#5259,#5260,#5261,#5262,#5263,#5264,#5265,#5266,#5267,#5268,
    #5269,#5270,#5271,#5272,#5273,#5274,#5275,#5276,#5277,#5278,#5279,
    #5280,#5281,#5282,#5283),.UNSPECIFIED.,.F.,.F.) 
B_SPLINE_CURVE_WITH_KNOTS((4,1,1,1,1,1,1,1,1,1,1,1,1,1,1,1,1,1,1,1,1,1,1
    ,1,1,1,1,1,1,1,1,1,1,1,1,1,1,1,1,1,1,1,1,1,1,1,1,1,1,1,1,1,1,1,1,1,1
    ,1,1,1,4),(0.,1.732138582393E-02,3.476147556169E-02,
    5.682134329819E-02,7.1962296323E-02,9.668171057498E-02,
    0.117312720082,0.137726814038,0.152748180615,0.167749813045,
    0.182740680817,0.197724569486,0.212727858992,0.227712266626,
    0.242722186927,0.257740578549,0.272730613132,0.287749851447,
    0.302807253127,0.317909897629,0.333164876512,0.348417208457,
    0.363717555355,0.379021830365,0.39430254102,0.409403510223,
    0.424503833082,0.439703221214,0.455034147268,0.475266642259,
    0.494822408855,0.514358099005,0.53448350075,0.549791243926,
    0.564993335593,0.580114457875,0.595233122966,0.610524778841,
    0.625831283594,0.641129798524,0.656395058325,0.671658347301,
    0.686764177688,0.701824559728,0.716841998439,0.731832580826,
    0.74685884212,0.761877146393,0.776861271766,0.791847146503,
    0.806852809101,0.821843806167,0.836903306197,0.851969913481,
    0.873073700462,0.890743423327,0.916073608219,0.937085032849,
0.966089436802,0.983488965917,1.),.UNSPECIFIED.) CURVE() 
GEOMETRIC_REPRESENTATION_ITEM() RATIONAL_B_SPLINE_CURVE((1.,
    0.99999999999,1.000000000005,0.999999999998,1.,1.,1.,1.,1.,1.,1.,1.,
    1.,1.,1.,1.,1.,1.,1.,1.,1.,1.,1.,1.,1.,1.,1.,1.,1.,1.,1.,1.,1.,1.,1.
    ,1.,1.,1.,1.,1.,1.,1.,1.,1.,1.,1.,1.,1.,1.,1.,1.,1.,1.,1.,1.,1.,1.,
    1.,1.,0.999999999999,1.000000000002,0.999999999996,1.)) 
REPRESENTATION_ITEM('') );
#5221 = CARTESIAN_POINT('',(140.9618,-353.0234350186,109.98584643279));
#5222 = CARTESIAN_POINT('',(139.3469737637,-367.4141031378,
    111.79464370788));
#5223 = CARTESIAN_POINT('',(146.55711552643,-349.486143499,
    109.40901233805));
#5224 = CARTESIAN_POINT('',(149.83248812156,-348.9380330844,
    109.13588793979));
#5225 = CARTESIAN_POINT('',(152.63844988999,-360.2118408096,
    110.57521141111));
#5226 = CARTESIAN_POINT('',(159.61432189493,-358.8900932794,
    110.48687483471));
#5227 = CARTESIAN_POINT('',(161.57498576671,-361.4220875041,
    110.73180450606));
#5228 = CARTESIAN_POINT('',(166.85069272796,-353.4979674963,
    109.50073969186));
#5229 = CARTESIAN_POINT('',(170.05924171584,-362.8032118612,
    111.0008793772));
#5230 = CARTESIAN_POINT('',(175.2605606702,-361.0946789059,
    110.82838817072));
#5231 = CARTESIAN_POINT('',(179.44145366882,-361.9731245305,
    111.09525548729));
#5232 = CARTESIAN_POINT('',(183.74546905009,-362.1363584046,
    111.27331207641));
#5233 = CARTESIAN_POINT('',(188.02212458981,-361.9468304602,
    111.32280686838));
#5234 = CARTESIAN_POINT('',(192.29363155905,-362.4520958035,
    111.62849326203));
#5235 = CARTESIAN_POINT('',(196.58004983101,-362.7833238892,
    111.90844229842));
#5236 = CARTESIAN_POINT('',(200.85501156117,-361.6853872729,
    111.76072861658));
#5237 = CARTESIAN_POINT('',(205.12596544359,-362.7104043029,
    112.36126177647));
#5238 = CARTESIAN_POINT('',(209.41439322258,-362.227083266,
    112.56312074337));
#5239 = CARTESIAN_POINT('',(213.69322367635,-361.7022879401,
    112.76783368778));
#5240 = CARTESIAN_POINT('',(217.96934112329,-360.9509229437,
    112.91009645523));
#5241 = CARTESIAN_POINT('',(222.26952895422,-360.0467189425,
    113.15667162486));
#5242 = CARTESIAN_POINT('',(226.5166643478,-358.5990602024,
    113.21403964634));
#5243 = CARTESIAN_POINT('',(230.80856684708,-357.2218335869,
    113.38790698579));
#5244 = CARTESIAN_POINT('',(235.07622110161,-355.829954468,
    113.6847020771));
#5245 = CARTESIAN_POINT('',(239.35488141397,-354.315841938,
    113.93180859339));
#5246 = CARTESIAN_POINT('',(243.60389158591,-352.5860295849,
    113.91402566503));
#5247 = CARTESIAN_POINT('',(247.90844854027,-351.8626128999,
    113.51834990302));
#5248 = CARTESIAN_POINT('',(252.2213347776,-351.637455998,
    112.84249358437));
#5249 = CARTESIAN_POINT('',(256.41797633353,-351.6494279459,
    111.63238373189));
#5250 = CARTESIAN_POINT('',(261.49749220731,-352.2554442859,
    111.5292759535));
#5251 = CARTESIAN_POINT('',(264.82846846707,-354.3675224697,
    112.97931844517));
#5252 = CARTESIAN_POINT('',(269.29986524939,-345.6374171964,
    111.92608058873));
#5253 = CARTESIAN_POINT('',(273.76120192934,-353.7338534149,
    113.28978334609));
#5254 = CARTESIAN_POINT('',(277.11561224167,-354.3778459763,
    110.09380269345));
#5255 = CARTESIAN_POINT('',(282.18739413143,-355.6660052661,
    110.56611804431));
#5256 = CARTESIAN_POINT('',(286.38362479911,-355.938436916,
    110.87415479714));
#5257 = CARTESIAN_POINT('',(290.6929217221,-355.7966486496,
    111.23106703701));
#5258 = CARTESIAN_POINT('',(294.99728518776,-355.8643566251,
    110.74542044549));
#5259 = CARTESIAN_POINT('',(299.24599549207,-355.3583121186,
    110.44780946364));
#5260 = CARTESIAN_POINT('',(303.52499017227,-354.7711209671,
    110.09117928803));
#5261 = CARTESIAN_POINT('',(307.79622056725,-354.1815593859,
    109.75699189002));
#5262 = CARTESIAN_POINT('',(312.08441986464,-353.4964411872,
    109.46385453686));
#5263 = CARTESIAN_POINT('',(316.3318452167,-352.9981461714,
    109.15311663648));
#5264 = CARTESIAN_POINT('',(320.63289091038,-352.8785510881,
    108.83209228114));
#5265 = CARTESIAN_POINT('',(324.90801010291,-352.6937361566,
    108.71685744039));
#5266 = CARTESIAN_POINT('',(329.18807309953,-352.5929913771,
    108.71232759647));
#5267 = CARTESIAN_POINT('',(333.47733801931,-352.4466466012,
    108.75161481504));
#5268 = CARTESIAN_POINT('',(337.7470456075,-352.9249074917,
    108.54841566618));
#5269 = CARTESIAN_POINT('',(342.02123400371,-352.3524844916,
    108.65095027054));
#5270 = CARTESIAN_POINT('',(346.30443528757,-352.534332693,
    108.59025796826));
#5271 = CARTESIAN_POINT('',(350.5884217255,-352.5487450397,
    108.54287582079));
#5272 = CARTESIAN_POINT('',(354.84926238005,-352.0883741375,
    108.6230713022));
#5273 = CARTESIAN_POINT('',(359.17649042862,-352.6544540403,
    108.46472191823));
#5274 = CARTESIAN_POINT('',(363.32021844008,-351.4945881873,
    108.62253907734));
#5275 = CARTESIAN_POINT('',(368.68503275418,-353.1976322892,
    108.35280043689));
#5276 = CARTESIAN_POINT('',(371.24903411287,-348.1353660968,
    109.25897897755));
#5277 = CARTESIAN_POINT('',(377.42638182418,-342.3193018495,
    110.23162899119));
#5278 = CARTESIAN_POINT('',(379.73562276372,-355.6546725606,
    108.19983546657));
#5279 = CARTESIAN_POINT('',(385.92015942773,-342.5356121732,
    110.03039149216));
#5280 = CARTESIAN_POINT('',(387.95796901408,-354.314794373,
    108.50585608666));
#5281 = CARTESIAN_POINT('',(392.55136708921,-355.8513069183,
    108.53515203963));
#5282 = CARTESIAN_POINT('',(397.86107277384,-339.9313019628,
    110.96292690185));
#5283 = CARTESIAN_POINT('',(397.6403,-350.3394052348,109.53455969495));
#5284 = PCURVE('',#5038,#5285);
#5285 = DEFINITIONAL_REPRESENTATION('',(#5286),#5290);
#5286 = LINE('',#5287,#5288);
#5287 = CARTESIAN_POINT('',(20.,0.));
#5288 = VECTOR('',#5289,1.);
#5289 = DIRECTION('',(0.,1.));
#5290 = ( GEOMETRIC_REPRESENTATION_CONTEXT(2) 
PARAMETRIC_REPRESENTATION_CONTEXT() REPRESENTATION_CONTEXT('2D SPACE',''
  ) );
#5291 = PCURVE('',#5292,#5419);
#5292 = ( BOUNDED_SURFACE() B_SPLINE_SURFACE(1,3,(
    (#5293,#5294,#5295,#5296,#5297,#5298,#5299,#5300,#5301,#5302,#5303
      ,#5304,#5305,#5306,#5307,#5308,#5309,#5310,#5311,#5312,#5313,#5314
      ,#5315,#5316,#5317,#5318,#5319,#5320,#5321,#5322,#5323,#5324,#5325
      ,#5326,#5327,#5328,#5329,#5330,#5331,#5332,#5333,#5334,#5335,#5336
      ,#5337,#5338,#5339,#5340,#5341,#5342,#5343,#5344,#5345,#5346,#5347
      ,#5348,#5349,#5350,#5351,#5352,#5353,#5354,#5355)
    ,(#5356,#5357,#5358,#5359,#5360,#5361,#5362,#5363,#5364,#5365,#5366
      ,#5367,#5368,#5369,#5370,#5371,#5372,#5373,#5374,#5375,#5376,#5377
      ,#5378,#5379,#5380,#5381,#5382,#5383,#5384,#5385,#5386,#5387,#5388
      ,#5389,#5390,#5391,#5392,#5393,#5394,#5395,#5396,#5397,#5398,#5399
      ,#5400,#5401,#5402,#5403,#5404,#5405,#5406,#5407,#5408,#5409,#5410
      ,#5411,#5412,#5413,#5414,#5415,#5416,#5417,#5418
)),.UNSPECIFIED.,.F.,.F.,.F.) B_SPLINE_SURFACE_WITH_KNOTS((2,2),(4,1,1,1
    ,1,1,1,1,1,1,1,1,1,1,1,1,1,1,1,1,1,1,1,1,1,1,1,1,1,1,1,1,1,1,1,1,1,1
    ,1,1,1,1,1,1,1,1,1,1,1,1,1,1,1,1,1,1,1,1,1,1,4),(20.,21.),(0.,
    1.732138582393E-02,3.476147556169E-02,5.682134329819E-02,
    7.1962296323E-02,9.668171057498E-02,0.117312720082,0.137726814038,
    0.152748180615,0.167749813045,0.182740680817,0.197724569486,
    0.212727858992,0.227712266626,0.242722186927,0.257740578549,
    0.272730613132,0.287749851447,0.302807253127,0.317909897629,
    0.333164876512,0.348417208457,0.363717555355,0.379021830365,
    0.39430254102,0.409403510223,0.424503833082,0.439703221214,
    0.455034147268,0.475266642259,0.494822408855,0.514358099005,
    0.53448350075,0.549791243926,0.564993335593,0.580114457875,
    0.595233122966,0.610524778841,0.625831283594,0.641129798524,
    0.656395058325,0.671658347301,0.686764177688,0.701824559728,
    0.716841998439,0.731832580826,0.74685884212,0.761877146393,
    0.776861271766,0.791847146503,0.806852809101,0.821843806167,
    0.836903306197,0.851969913481,0.873073700462,0.890743423327,
    0.916073608219,0.937085032849,0.966089436802,0.983488965917,1.),
.UNSPECIFIED.) GEOMETRIC_REPRESENTATION_ITEM() RATIONAL_B_SPLINE_SURFACE
((
    (1.,0.99999999999,1.000000000005,0.999999999998,1.,1.,1.,1.,1.,1.,1.
      ,1.,1.,1.,1.,1.,1.,1.,1.,1.,1.,1.,1.,1.,1.,1.,1.,1.,1.,1.,1.,1.,1.
      ,1.,1.,1.,1.,1.,1.,1.,1.,1.,1.,1.,1.,1.,1.,1.,1.,1.,1.,1.,1.,1.,1.
      ,1.,1.,1.,1.,0.999999999999,1.000000000002,0.999999999996,1.)
    ,(1.,0.99999999999,1.000000000005,0.999999999998,1.,1.,1.,1.,1.,1.
      ,1.,1.,1.,1.,1.,1.,1.,1.,1.,1.,1.,1.,1.,1.,1.,1.,1.,1.,1.,1.,1.,1.
      ,1.,1.,1.,1.,1.,1.,1.,1.,1.,1.,1.,1.,1.,1.,1.,1.,1.,1.,1.,1.,1.,1.
      ,1.,1.,1.,1.,1.,0.999999999999,1.000000000002,0.999999999996,1.
))) REPRESENTATION_ITEM('') SURFACE() );
#5293 = CARTESIAN_POINT('',(140.9618,-353.0234350186,109.98584643279));
#5294 = CARTESIAN_POINT('',(139.3469737637,-367.4141031378,
    111.79464370788));
#5295 = CARTESIAN_POINT('',(146.55711552643,-349.486143499,
    109.40901233805));
#5296 = CARTESIAN_POINT('',(149.83248812156,-348.9380330844,
    109.13588793979));
#5297 = CARTESIAN_POINT('',(152.63844988999,-360.2118408096,
    110.57521141111));
#5298 = CARTESIAN_POINT('',(159.61432189493,-358.8900932794,
    110.48687483471));
#5299 = CARTESIAN_POINT('',(161.57498576671,-361.4220875041,
    110.73180450606));
#5300 = CARTESIAN_POINT('',(166.85069272796,-353.4979674963,
    109.50073969186));
#5301 = CARTESIAN_POINT('',(170.05924171584,-362.8032118612,
    111.0008793772));
#5302 = CARTESIAN_POINT('',(175.2605606702,-361.0946789059,
    110.82838817072));
#5303 = CARTESIAN_POINT('',(179.44145366882,-361.9731245305,
    111.09525548729));
#5304 = CARTESIAN_POINT('',(183.74546905009,-362.1363584046,
    111.27331207641));
#5305 = CARTESIAN_POINT('',(188.02212458981,-361.9468304602,
    111.32280686838));
#5306 = CARTESIAN_POINT('',(192.29363155905,-362.4520958035,
    111.62849326203));
#5307 = CARTESIAN_POINT('',(196.58004983101,-362.7833238892,
    111.90844229842));
#5308 = CARTESIAN_POINT('',(200.85501156117,-361.6853872729,
    111.76072861658));
#5309 = CARTESIAN_POINT('',(205.12596544359,-362.7104043029,
    112.36126177647));
#5310 = CARTESIAN_POINT('',(209.41439322258,-362.227083266,
    112.56312074337));
#5311 = CARTESIAN_POINT('',(213.69322367635,-361.7022879401,
    112.76783368778));
#5312 = CARTESIAN_POINT('',(217.96934112329,-360.9509229437,
    112.91009645523));
#5313 = CARTESIAN_POINT('',(222.26952895422,-360.0467189425,
    113.15667162486));
#5314 = CARTESIAN_POINT('',(226.5166643478,-358.5990602024,
    113.21403964634));
#5315 = CARTESIAN_POINT('',(230.80856684708,-357.2218335869,
    113.38790698579));
#5316 = CARTESIAN_POINT('',(235.07622110161,-355.829954468,
    113.6847020771));
#5317 = CARTESIAN_POINT('',(239.35488141397,-354.315841938,
    113.93180859339));
#5318 = CARTESIAN_POINT('',(243.60389158591,-352.5860295849,
    113.91402566503));
#5319 = CARTESIAN_POINT('',(247.90844854027,-351.8626128999,
    113.51834990302));
#5320 = CARTESIAN_POINT('',(252.2213347776,-351.637455998,
    112.84249358437));
#5321 = CARTESIAN_POINT('',(256.41797633353,-351.6494279459,
    111.63238373189));
#5322 = CARTESIAN_POINT('',(261.49749220731,-352.2554442859,
    111.5292759535));
#5323 = CARTESIAN_POINT('',(264.82846846707,-354.3675224697,
    112.97931844517));
#5324 = CARTESIAN_POINT('',(269.29986524939,-345.6374171964,
    111.92608058873));
#5325 = CARTESIAN_POINT('',(273.76120192934,-353.7338534149,
    113.28978334609));
#5326 = CARTESIAN_POINT('',(277.11561224167,-354.3778459763,
    110.09380269345));
#5327 = CARTESIAN_POINT('',(282.18739413143,-355.6660052661,
    110.56611804431));
#5328 = CARTESIAN_POINT('',(286.38362479911,-355.938436916,
    110.87415479714));
#5329 = CARTESIAN_POINT('',(290.6929217221,-355.7966486496,
    111.23106703701));
#5330 = CARTESIAN_POINT('',(294.99728518776,-355.8643566251,
    110.74542044549));
#5331 = CARTESIAN_POINT('',(299.24599549207,-355.3583121186,
    110.44780946364));
#5332 = CARTESIAN_POINT('',(303.52499017227,-354.7711209671,
    110.09117928803));
#5333 = CARTESIAN_POINT('',(307.79622056725,-354.1815593859,
    109.75699189002));
#5334 = CARTESIAN_POINT('',(312.08441986464,-353.4964411872,
    109.46385453686));
#5335 = CARTESIAN_POINT('',(316.3318452167,-352.9981461714,
    109.15311663648));
#5336 = CARTESIAN_POINT('',(320.63289091038,-352.8785510881,
    108.83209228114));
#5337 = CARTESIAN_POINT('',(324.90801010291,-352.6937361566,
    108.71685744039));
#5338 = CARTESIAN_POINT('',(329.18807309953,-352.5929913771,
    108.71232759647));
#5339 = CARTESIAN_POINT('',(333.47733801931,-352.4466466012,
    108.75161481504));
#5340 = CARTESIAN_POINT('',(337.7470456075,-352.9249074917,
    108.54841566618));
#5341 = CARTESIAN_POINT('',(342.02123400371,-352.3524844916,
    108.65095027054));
#5342 = CARTESIAN_POINT('',(346.30443528757,-352.534332693,
    108.59025796826));
#5343 = CARTESIAN_POINT('',(350.5884217255,-352.5487450397,
    108.54287582079));
#5344 = CARTESIAN_POINT('',(354.84926238005,-352.0883741375,
    108.6230713022));
#5345 = CARTESIAN_POINT('',(359.17649042862,-352.6544540403,
    108.46472191823));
#5346 = CARTESIAN_POINT('',(363.32021844008,-351.4945881873,
    108.62253907734));
#5347 = CARTESIAN_POINT('',(368.68503275418,-353.1976322892,
    108.35280043689));
#5348 = CARTESIAN_POINT('',(371.24903411287,-348.1353660968,
    109.25897897755));
#5349 = CARTESIAN_POINT('',(377.42638182418,-342.3193018495,
    110.23162899119));
#5350 = CARTESIAN_POINT('',(379.73562276372,-355.6546725606,
    108.19983546657));
#5351 = CARTESIAN_POINT('',(385.92015942773,-342.5356121732,
    110.03039149216));
#5352 = CARTESIAN_POINT('',(387.95796901408,-354.314794373,
    108.50585608666));
#5353 = CARTESIAN_POINT('',(392.55136708921,-355.8513069183,
    108.53515203963));
#5354 = CARTESIAN_POINT('',(397.86107277384,-339.9313019628,
    110.96292690185));
#5355 = CARTESIAN_POINT('',(397.6403,-350.3394052348,109.53455969495));
#5356 = CARTESIAN_POINT('',(140.9618,-352.8034046869,109.95737183792));
#5357 = CARTESIAN_POINT('',(139.3469737637,-366.6407228748,
    111.69188527282));
#5358 = CARTESIAN_POINT('',(146.55711552643,-349.0260675789,
    109.41002285919));
#5359 = CARTESIAN_POINT('',(149.83248812156,-348.6626575237,
    108.98332188304));
#5360 = CARTESIAN_POINT('',(152.63844988999,-359.3071575471,
    110.3444090162));
#5361 = CARTESIAN_POINT('',(159.61432189493,-357.7665432606,
    110.36807296993));
#5362 = CARTESIAN_POINT('',(161.57498576671,-361.0994968573,
    110.56455063468));
#5363 = CARTESIAN_POINT('',(166.85069272796,-353.077383128,
    109.40780281533));
#5364 = CARTESIAN_POINT('',(170.05924171584,-361.453031664,
    110.6926115627));
#5365 = CARTESIAN_POINT('',(175.2605606702,-359.8789059684,
    110.53959192292));
#5366 = CARTESIAN_POINT('',(179.44145366882,-360.6750882771,
    110.78598748097));
#5367 = CARTESIAN_POINT('',(183.74546905009,-360.8228370372,
    110.93499775206));
#5368 = CARTESIAN_POINT('',(188.02212458981,-360.6364981081,
    110.96654338505));
#5369 = CARTESIAN_POINT('',(192.29363155905,-361.1000044021,
    111.2625242337));
#5370 = CARTESIAN_POINT('',(196.58004983101,-361.4220144732,
    111.49090038661));
#5371 = CARTESIAN_POINT('',(200.85501156117,-360.3750719092,
    111.39015928557));
#5372 = CARTESIAN_POINT('',(205.12596544359,-361.3590110096,
    111.88755470164));
#5373 = CARTESIAN_POINT('',(209.41439322258,-360.9079194181,
    112.09142523768));
#5374 = CARTESIAN_POINT('',(213.69322367635,-360.4208643818,
    112.26528794027));
#5375 = CARTESIAN_POINT('',(217.96934112329,-359.7379796896,
    112.38324474534));
#5376 = CARTESIAN_POINT('',(222.26952895422,-358.9497165614,
    112.53231959714));
#5377 = CARTESIAN_POINT('',(226.5166643478,-357.6210218712,
    112.54306930062));
#5378 = CARTESIAN_POINT('',(230.80856684708,-356.3769227792,
    112.66528837429));
#5379 = CARTESIAN_POINT('',(235.07622110161,-355.123503133,
    112.92687581609));
#5380 = CARTESIAN_POINT('',(239.35488141397,-353.7464898681,
    113.15885586155));
#5381 = CARTESIAN_POINT('',(243.60389158591,-352.1438089313,
    113.15825701561));
#5382 = CARTESIAN_POINT('',(247.90844854027,-351.382392123,
    112.88532280026));
#5383 = CARTESIAN_POINT('',(252.2213347776,-351.3976688815,
    112.14267337553));
#5384 = CARTESIAN_POINT('',(256.41797633353,-351.0897968825,
    111.25678227624));
#5385 = CARTESIAN_POINT('',(261.49749220731,-352.0334788278,
    111.06260585174));
#5386 = CARTESIAN_POINT('',(264.82846846707,-354.4162880216,
    112.08625740195));
#5387 = CARTESIAN_POINT('',(269.29986524939,-345.6772106415,
    111.38873784972));
#5388 = CARTESIAN_POINT('',(273.76120192934,-353.5536993291,
    112.31144526684));
#5389 = CARTESIAN_POINT('',(277.11561224167,-355.0101345962,
    109.95736225391));
#5390 = CARTESIAN_POINT('',(282.18739413143,-356.1832614853,
    110.21331166105));
#5391 = CARTESIAN_POINT('',(286.38362479911,-356.5568506272,
    110.50558197826));
#5392 = CARTESIAN_POINT('',(290.6929217221,-356.4673216811,
    110.80112079909));
#5393 = CARTESIAN_POINT('',(294.99728518776,-356.6106414023,
    110.28740288298));
#5394 = CARTESIAN_POINT('',(299.24599549207,-356.195474283,
    109.97488279328));
#5395 = CARTESIAN_POINT('',(303.52499017227,-355.7000183061,
    109.6344569324));
#5396 = CARTESIAN_POINT('',(307.79622056725,-355.200372516,
    109.31464157678));
#5397 = CARTESIAN_POINT('',(312.08441986464,-354.5601288806,
    108.93709503904));
#5398 = CARTESIAN_POINT('',(316.3318452167,-354.1663777858,
    108.68507241681));
#5399 = CARTESIAN_POINT('',(320.63289091038,-354.0926535294,
    108.29841772082));
#5400 = CARTESIAN_POINT('',(324.90801010291,-353.9376726222,
    108.1615225505));
#5401 = CARTESIAN_POINT('',(329.18807309953,-353.9147771378,
    108.23809891702));
#5402 = CARTESIAN_POINT('',(333.47733801931,-353.7932639581,
    108.27759598125));
#5403 = CARTESIAN_POINT('',(337.7470456075,-354.1943339993,
    108.05313640976));
#5404 = CARTESIAN_POINT('',(342.02123400371,-353.7347965468,
    108.30564166686));
#5405 = CARTESIAN_POINT('',(346.30443528757,-353.8639283083,
    108.19159341809));
#5406 = CARTESIAN_POINT('',(350.5884217255,-353.8862081404,
    108.18669938083));
#5407 = CARTESIAN_POINT('',(354.84926238005,-353.3933522604,
    108.36947499307));
#5408 = CARTESIAN_POINT('',(359.17649042862,-353.9409548885,
    108.09975272701));
#5409 = CARTESIAN_POINT('',(363.32021844008,-352.7302624854,
    108.42399839895));
#5410 = CARTESIAN_POINT('',(368.68503275418,-354.4219004993,
    108.04668730102));
#5411 = CARTESIAN_POINT('',(371.24903411287,-349.0335844172,
    109.13916860759));
#5412 = CARTESIAN_POINT('',(377.42638182418,-342.6048202519,
    110.17830778001));
#5413 = CARTESIAN_POINT('',(379.73562276372,-356.98034019,
    107.99872641636));
#5414 = CARTESIAN_POINT('',(385.92015942773,-342.8915939927,
    109.96297127601));
#5415 = CARTESIAN_POINT('',(387.95796901408,-354.60533823,
    108.46904286154));
#5416 = CARTESIAN_POINT('',(392.55136708921,-356.5881368057,
    108.44871277941));
#5417 = CARTESIAN_POINT('',(397.86107277384,-340.0227339167,
    110.96048791733));
#5418 = CARTESIAN_POINT('',(397.6403,-350.5156552173,109.514025846));
#5419 = DEFINITIONAL_REPRESENTATION('',(#5420),#5424);
#5420 = LINE('',#5421,#5422);
#5421 = CARTESIAN_POINT('',(20.,0.));
#5422 = VECTOR('',#5423,1.);
#5423 = DIRECTION('',(0.,1.));
#5424 = ( GEOMETRIC_REPRESENTATION_CONTEXT(2) 
PARAMETRIC_REPRESENTATION_CONTEXT() REPRESENTATION_CONTEXT('2D SPACE',''
  ) );
#5425 = ORIENTED_EDGE('',*,*,#5426,.F.);
#5426 = EDGE_CURVE('',#4963,#5217,#5427,.T.);
#5427 = SURFACE_CURVE('',#5428,(#5431,#5438),.PCURVE_S1.);
#5428 = B_SPLINE_CURVE_WITH_KNOTS('',1,(#5429,#5430),.UNSPECIFIED.,.F.,
  .F.,(2,2),(19.,20.),.PIECEWISE_BEZIER_KNOTS.);
#5429 = CARTESIAN_POINT('',(397.6403,-350.1631552524,109.5550935439));
#5430 = CARTESIAN_POINT('',(397.6403,-350.3394052348,109.53455969495));
#5431 = PCURVE('',#5038,#5432);
#5432 = DEFINITIONAL_REPRESENTATION('',(#5433),#5437);
#5433 = LINE('',#5434,#5435);
#5434 = CARTESIAN_POINT('',(0.,1.));
#5435 = VECTOR('',#5436,1.);
#5436 = DIRECTION('',(1.,0.));
#5437 = ( GEOMETRIC_REPRESENTATION_CONTEXT(2) 
PARAMETRIC_REPRESENTATION_CONTEXT() REPRESENTATION_CONTEXT('2D SPACE',''
  ) );
#5438 = PCURVE('',#401,#5439);
#5439 = DEFINITIONAL_REPRESENTATION('',(#5440),#5443);
#5440 = B_SPLINE_CURVE_WITH_KNOTS('',1,(#5441,#5442),.UNSPECIFIED.,.F.,
  .F.,(2,2),(19.,20.),.PIECEWISE_BEZIER_KNOTS.);
#5441 = CARTESIAN_POINT('',(0.532194050855,1.770184292093E-02));
#5442 = CARTESIAN_POINT('',(0.709636140738,1.770379416956E-02));
#5443 = ( GEOMETRIC_REPRESENTATION_CONTEXT(2) 
PARAMETRIC_REPRESENTATION_CONTEXT() REPRESENTATION_CONTEXT('2D SPACE',''
  ) );
#5444 = ORIENTED_EDGE('',*,*,#4962,.F.);
#5445 = ADVANCED_FACE('',(#5446),#5292,.T.);
#5446 = FACE_BOUND('',#5447,.T.);
#5447 = EDGE_LOOP('',(#5448,#5469,#5679,#5698));
#5448 = ORIENTED_EDGE('',*,*,#5449,.T.);
#5449 = EDGE_CURVE('',#5196,#5450,#5452,.T.);
#5450 = VERTEX_POINT('',#5451);
#5451 = CARTESIAN_POINT('',(140.9618,-352.8034046869,109.95737183792));
#5452 = SURFACE_CURVE('',#5453,(#5456,#5463),.PCURVE_S1.);
#5453 = B_SPLINE_CURVE_WITH_KNOTS('',1,(#5454,#5455),.UNSPECIFIED.,.F.,
  .F.,(2,2),(20.,21.),.PIECEWISE_BEZIER_KNOTS.);
#5454 = CARTESIAN_POINT('',(140.9618,-353.0234350186,109.98584643279));
#5455 = CARTESIAN_POINT('',(140.9618,-352.8034046869,109.95737183792));
#5456 = PCURVE('',#5292,#5457);
#5457 = DEFINITIONAL_REPRESENTATION('',(#5458),#5462);
#5458 = LINE('',#5459,#5460);
#5459 = CARTESIAN_POINT('',(0.,0.));
#5460 = VECTOR('',#5461,1.);
#5461 = DIRECTION('',(1.,0.));
#5462 = ( GEOMETRIC_REPRESENTATION_CONTEXT(2) 
PARAMETRIC_REPRESENTATION_CONTEXT() REPRESENTATION_CONTEXT('2D SPACE',''
  ) );
#5463 = PCURVE('',#165,#5464);
#5464 = DEFINITIONAL_REPRESENTATION('',(#5465),#5468);
#5465 = B_SPLINE_CURVE_WITH_KNOTS('',1,(#5466,#5467),.UNSPECIFIED.,.F.,
  .F.,(2,2),(20.,21.),.PIECEWISE_BEZIER_KNOTS.);
#5466 = CARTESIAN_POINT('',(3.993490052754,8.689055668185E-04));
#5467 = CARTESIAN_POINT('',(3.771626593803,1.737811133637E-03));
#5468 = ( GEOMETRIC_REPRESENTATION_CONTEXT(2) 
PARAMETRIC_REPRESENTATION_CONTEXT() REPRESENTATION_CONTEXT('2D SPACE',''
  ) );
#5469 = ORIENTED_EDGE('',*,*,#5470,.T.);
#5470 = EDGE_CURVE('',#5450,#5471,#5473,.T.);
#5471 = VERTEX_POINT('',#5472);
#5472 = CARTESIAN_POINT('',(397.6403,-350.5156552173,109.514025846));
#5473 = SURFACE_CURVE('',#5474,(#5538,#5545),.PCURVE_S1.);
#5474 = ( BOUNDED_CURVE() B_SPLINE_CURVE(3,(#5475,#5476,#5477,#5478,
    #5479,#5480,#5481,#5482,#5483,#5484,#5485,#5486,#5487,#5488,#5489,
    #5490,#5491,#5492,#5493,#5494,#5495,#5496,#5497,#5498,#5499,#5500,
    #5501,#5502,#5503,#5504,#5505,#5506,#5507,#5508,#5509,#5510,#5511,
    #5512,#5513,#5514,#5515,#5516,#5517,#5518,#5519,#5520,#5521,#5522,
    #5523,#5524,#5525,#5526,#5527,#5528,#5529,#5530,#5531,#5532,#5533,
    #5534,#5535,#5536,#5537),.UNSPECIFIED.,.F.,.F.) 
B_SPLINE_CURVE_WITH_KNOTS((4,1,1,1,1,1,1,1,1,1,1,1,1,1,1,1,1,1,1,1,1,1,1
    ,1,1,1,1,1,1,1,1,1,1,1,1,1,1,1,1,1,1,1,1,1,1,1,1,1,1,1,1,1,1,1,1,1,1
    ,1,1,1,4),(0.,1.732138582393E-02,3.476147556169E-02,
    5.682134329819E-02,7.1962296323E-02,9.668171057498E-02,
    0.117312720082,0.137726814038,0.152748180615,0.167749813045,
    0.182740680817,0.197724569486,0.212727858992,0.227712266626,
    0.242722186927,0.257740578549,0.272730613132,0.287749851447,
    0.302807253127,0.317909897629,0.333164876512,0.348417208457,
    0.363717555355,0.379021830365,0.39430254102,0.409403510223,
    0.424503833082,0.439703221214,0.455034147268,0.475266642259,
    0.494822408855,0.514358099005,0.53448350075,0.549791243926,
    0.564993335593,0.580114457875,0.595233122966,0.610524778841,
    0.625831283594,0.641129798524,0.656395058325,0.671658347301,
    0.686764177688,0.701824559728,0.716841998439,0.731832580826,
    0.74685884212,0.761877146393,0.776861271766,0.791847146503,
    0.806852809101,0.821843806167,0.836903306197,0.851969913481,
    0.873073700462,0.890743423327,0.916073608219,0.937085032849,
0.966089436802,0.983488965917,1.),.UNSPECIFIED.) CURVE() 
GEOMETRIC_REPRESENTATION_ITEM() RATIONAL_B_SPLINE_CURVE((1.,
    0.99999999999,1.000000000005,0.999999999998,1.,1.,1.,1.,1.,1.,1.,1.,
    1.,1.,1.,1.,1.,1.,1.,1.,1.,1.,1.,1.,1.,1.,1.,1.,1.,1.,1.,1.,1.,1.,1.
    ,1.,1.,1.,1.,1.,1.,1.,1.,1.,1.,1.,1.,1.,1.,1.,1.,1.,1.,1.,1.,1.,1.,
    1.,1.,0.999999999999,1.000000000002,0.999999999996,1.)) 
REPRESENTATION_ITEM('') );
#5475 = CARTESIAN_POINT('',(140.9618,-352.8034046869,109.95737183792));
#5476 = CARTESIAN_POINT('',(139.3469737637,-366.6407228748,
    111.69188527282));
#5477 = CARTESIAN_POINT('',(146.55711552643,-349.0260675789,
    109.41002285919));
#5478 = CARTESIAN_POINT('',(149.83248812156,-348.6626575237,
    108.98332188304));
#5479 = CARTESIAN_POINT('',(152.63844988999,-359.3071575471,
    110.3444090162));
#5480 = CARTESIAN_POINT('',(159.61432189493,-357.7665432606,
    110.36807296993));
#5481 = CARTESIAN_POINT('',(161.57498576671,-361.0994968573,
    110.56455063468));
#5482 = CARTESIAN_POINT('',(166.85069272796,-353.077383128,
    109.40780281533));
#5483 = CARTESIAN_POINT('',(170.05924171584,-361.453031664,
    110.6926115627));
#5484 = CARTESIAN_POINT('',(175.2605606702,-359.8789059684,
    110.53959192292));
#5485 = CARTESIAN_POINT('',(179.44145366882,-360.6750882771,
    110.78598748097));
#5486 = CARTESIAN_POINT('',(183.74546905009,-360.8228370372,
    110.93499775206));
#5487 = CARTESIAN_POINT('',(188.02212458981,-360.6364981081,
    110.96654338505));
#5488 = CARTESIAN_POINT('',(192.29363155905,-361.1000044021,
    111.2625242337));
#5489 = CARTESIAN_POINT('',(196.58004983101,-361.4220144732,
    111.49090038661));
#5490 = CARTESIAN_POINT('',(200.85501156117,-360.3750719092,
    111.39015928557));
#5491 = CARTESIAN_POINT('',(205.12596544359,-361.3590110096,
    111.88755470164));
#5492 = CARTESIAN_POINT('',(209.41439322258,-360.9079194181,
    112.09142523768));
#5493 = CARTESIAN_POINT('',(213.69322367635,-360.4208643818,
    112.26528794027));
#5494 = CARTESIAN_POINT('',(217.96934112329,-359.7379796896,
    112.38324474534));
#5495 = CARTESIAN_POINT('',(222.26952895422,-358.9497165614,
    112.53231959714));
#5496 = CARTESIAN_POINT('',(226.5166643478,-357.6210218712,
    112.54306930062));
#5497 = CARTESIAN_POINT('',(230.80856684708,-356.3769227792,
    112.66528837429));
#5498 = CARTESIAN_POINT('',(235.07622110161,-355.123503133,
    112.92687581609));
#5499 = CARTESIAN_POINT('',(239.35488141397,-353.7464898681,
    113.15885586155));
#5500 = CARTESIAN_POINT('',(243.60389158591,-352.1438089313,
    113.15825701561));
#5501 = CARTESIAN_POINT('',(247.90844854027,-351.382392123,
    112.88532280026));
#5502 = CARTESIAN_POINT('',(252.2213347776,-351.3976688815,
    112.14267337553));
#5503 = CARTESIAN_POINT('',(256.41797633353,-351.0897968825,
    111.25678227624));
#5504 = CARTESIAN_POINT('',(261.49749220731,-352.0334788278,
    111.06260585174));
#5505 = CARTESIAN_POINT('',(264.82846846707,-354.4162880216,
    112.08625740195));
#5506 = CARTESIAN_POINT('',(269.29986524939,-345.6772106415,
    111.38873784972));
#5507 = CARTESIAN_POINT('',(273.76120192934,-353.5536993291,
    112.31144526684));
#5508 = CARTESIAN_POINT('',(277.11561224167,-355.0101345962,
    109.95736225391));
#5509 = CARTESIAN_POINT('',(282.18739413143,-356.1832614853,
    110.21331166105));
#5510 = CARTESIAN_POINT('',(286.38362479911,-356.5568506272,
    110.50558197826));
#5511 = CARTESIAN_POINT('',(290.6929217221,-356.4673216811,
    110.80112079909));
#5512 = CARTESIAN_POINT('',(294.99728518776,-356.6106414023,
    110.28740288298));
#5513 = CARTESIAN_POINT('',(299.24599549207,-356.195474283,
    109.97488279328));
#5514 = CARTESIAN_POINT('',(303.52499017227,-355.7000183061,
    109.6344569324));
#5515 = CARTESIAN_POINT('',(307.79622056725,-355.200372516,
    109.31464157678));
#5516 = CARTESIAN_POINT('',(312.08441986464,-354.5601288806,
    108.93709503904));
#5517 = CARTESIAN_POINT('',(316.3318452167,-354.1663777858,
    108.68507241681));
#5518 = CARTESIAN_POINT('',(320.63289091038,-354.0926535294,
    108.29841772082));
#5519 = CARTESIAN_POINT('',(324.90801010291,-353.9376726222,
    108.1615225505));
#5520 = CARTESIAN_POINT('',(329.18807309953,-353.9147771378,
    108.23809891702));
#5521 = CARTESIAN_POINT('',(333.47733801931,-353.7932639581,
    108.27759598125));
#5522 = CARTESIAN_POINT('',(337.7470456075,-354.1943339993,
    108.05313640976));
#5523 = CARTESIAN_POINT('',(342.02123400371,-353.7347965468,
    108.30564166686));
#5524 = CARTESIAN_POINT('',(346.30443528757,-353.8639283083,
    108.19159341809));
#5525 = CARTESIAN_POINT('',(350.5884217255,-353.8862081404,
    108.18669938083));
#5526 = CARTESIAN_POINT('',(354.84926238005,-353.3933522604,
    108.36947499307));
#5527 = CARTESIAN_POINT('',(359.17649042862,-353.9409548885,
    108.09975272701));
#5528 = CARTESIAN_POINT('',(363.32021844008,-352.7302624854,
    108.42399839895));
#5529 = CARTESIAN_POINT('',(368.68503275418,-354.4219004993,
    108.04668730102));
#5530 = CARTESIAN_POINT('',(371.24903411287,-349.0335844172,
    109.13916860759));
#5531 = CARTESIAN_POINT('',(377.42638182418,-342.6048202519,
    110.17830778001));
#5532 = CARTESIAN_POINT('',(379.73562276372,-356.98034019,
    107.99872641636));
#5533 = CARTESIAN_POINT('',(385.92015942773,-342.8915939927,
    109.96297127601));
#5534 = CARTESIAN_POINT('',(387.95796901408,-354.60533823,
    108.46904286154));
#5535 = CARTESIAN_POINT('',(392.55136708921,-356.5881368057,
    108.44871277941));
#5536 = CARTESIAN_POINT('',(397.86107277384,-340.0227339167,
    110.96048791733));
#5537 = CARTESIAN_POINT('',(397.6403,-350.5156552173,109.514025846));
#5538 = PCURVE('',#5292,#5539);
#5539 = DEFINITIONAL_REPRESENTATION('',(#5540),#5544);
#5540 = LINE('',#5541,#5542);
#5541 = CARTESIAN_POINT('',(21.,0.));
#5542 = VECTOR('',#5543,1.);
#5543 = DIRECTION('',(0.,1.));
#5544 = ( GEOMETRIC_REPRESENTATION_CONTEXT(2) 
PARAMETRIC_REPRESENTATION_CONTEXT() REPRESENTATION_CONTEXT('2D SPACE',''
  ) );
#5545 = PCURVE('',#5546,#5673);
#5546 = ( BOUNDED_SURFACE() B_SPLINE_SURFACE(1,3,(
    (#5547,#5548,#5549,#5550,#5551,#5552,#5553,#5554,#5555,#5556,#5557
      ,#5558,#5559,#5560,#5561,#5562,#5563,#5564,#5565,#5566,#5567,#5568
      ,#5569,#5570,#5571,#5572,#5573,#5574,#5575,#5576,#5577,#5578,#5579
      ,#5580,#5581,#5582,#5583,#5584,#5585,#5586,#5587,#5588,#5589,#5590
      ,#5591,#5592,#5593,#5594,#5595,#5596,#5597,#5598,#5599,#5600,#5601
      ,#5602,#5603,#5604,#5605,#5606,#5607,#5608,#5609)
    ,(#5610,#5611,#5612,#5613,#5614,#5615,#5616,#5617,#5618,#5619,#5620
      ,#5621,#5622,#5623,#5624,#5625,#5626,#5627,#5628,#5629,#5630,#5631
      ,#5632,#5633,#5634,#5635,#5636,#5637,#5638,#5639,#5640,#5641,#5642
      ,#5643,#5644,#5645,#5646,#5647,#5648,#5649,#5650,#5651,#5652,#5653
      ,#5654,#5655,#5656,#5657,#5658,#5659,#5660,#5661,#5662,#5663,#5664
      ,#5665,#5666,#5667,#5668,#5669,#5670,#5671,#5672
)),.UNSPECIFIED.,.F.,.F.,.F.) B_SPLINE_SURFACE_WITH_KNOTS((2,2),(4,1,1,1
    ,1,1,1,1,1,1,1,1,1,1,1,1,1,1,1,1,1,1,1,1,1,1,1,1,1,1,1,1,1,1,1,1,1,1
    ,1,1,1,1,1,1,1,1,1,1,1,1,1,1,1,1,1,1,1,1,1,1,4),(21.,22.),(0.,
    1.732138582393E-02,3.476147556169E-02,5.682134329819E-02,
    7.1962296323E-02,9.668171057498E-02,0.117312720082,0.137726814038,
    0.152748180615,0.167749813045,0.182740680817,0.197724569486,
    0.212727858992,0.227712266626,0.242722186927,0.257740578549,
    0.272730613132,0.287749851447,0.302807253127,0.317909897629,
    0.333164876512,0.348417208457,0.363717555355,0.379021830365,
    0.39430254102,0.409403510223,0.424503833082,0.439703221214,
    0.455034147268,0.475266642259,0.494822408855,0.514358099005,
    0.53448350075,0.549791243926,0.564993335593,0.580114457875,
    0.595233122966,0.610524778841,0.625831283594,0.641129798524,
    0.656395058325,0.671658347301,0.686764177688,0.701824559728,
    0.716841998439,0.731832580826,0.74685884212,0.761877146393,
    0.776861271766,0.791847146503,0.806852809101,0.821843806167,
    0.836903306197,0.851969913481,0.873073700462,0.890743423327,
    0.916073608219,0.937085032849,0.966089436802,0.983488965917,1.),
.UNSPECIFIED.) GEOMETRIC_REPRESENTATION_ITEM() RATIONAL_B_SPLINE_SURFACE
((
    (1.,0.99999999999,1.000000000005,0.999999999998,1.,1.,1.,1.,1.,1.,1.
      ,1.,1.,1.,1.,1.,1.,1.,1.,1.,1.,1.,1.,1.,1.,1.,1.,1.,1.,1.,1.,1.,1.
      ,1.,1.,1.,1.,1.,1.,1.,1.,1.,1.,1.,1.,1.,1.,1.,1.,1.,1.,1.,1.,1.,1.
      ,1.,1.,1.,1.,0.999999999999,1.000000000002,0.999999999996,1.)
    ,(1.,0.99999999999,1.000000000005,0.999999999998,1.,1.,1.,1.,1.,1.
      ,1.,1.,1.,1.,1.,1.,1.,1.,1.,1.,1.,1.,1.,1.,1.,1.,1.,1.,1.,1.,1.,1.
      ,1.,1.,1.,1.,1.,1.,1.,1.,1.,1.,1.,1.,1.,1.,1.,1.,1.,1.,1.,1.,1.,1.
      ,1.,1.,1.,1.,1.,0.999999999999,1.000000000002,0.999999999996,1.
))) REPRESENTATION_ITEM('') SURFACE() );
#5547 = CARTESIAN_POINT('',(140.9618,-352.8034046869,109.95737183792));
#5548 = CARTESIAN_POINT('',(139.3469737637,-366.6407228748,
    111.69188527282));
#5549 = CARTESIAN_POINT('',(146.55711552643,-349.0260675789,
    109.41002285919));
#5550 = CARTESIAN_POINT('',(149.83248812156,-348.6626575237,
    108.98332188304));
#5551 = CARTESIAN_POINT('',(152.63844988999,-359.3071575471,
    110.3444090162));
#5552 = CARTESIAN_POINT('',(159.61432189493,-357.7665432606,
    110.36807296993));
#5553 = CARTESIAN_POINT('',(161.57498576671,-361.0994968573,
    110.56455063468));
#5554 = CARTESIAN_POINT('',(166.85069272796,-353.077383128,
    109.40780281533));
#5555 = CARTESIAN_POINT('',(170.05924171584,-361.453031664,
    110.6926115627));
#5556 = CARTESIAN_POINT('',(175.2605606702,-359.8789059684,
    110.53959192292));
#5557 = CARTESIAN_POINT('',(179.44145366882,-360.6750882771,
    110.78598748097));
#5558 = CARTESIAN_POINT('',(183.74546905009,-360.8228370372,
    110.93499775206));
#5559 = CARTESIAN_POINT('',(188.02212458981,-360.6364981081,
    110.96654338505));
#5560 = CARTESIAN_POINT('',(192.29363155905,-361.1000044021,
    111.2625242337));
#5561 = CARTESIAN_POINT('',(196.58004983101,-361.4220144732,
    111.49090038661));
#5562 = CARTESIAN_POINT('',(200.85501156117,-360.3750719092,
    111.39015928557));
#5563 = CARTESIAN_POINT('',(205.12596544359,-361.3590110096,
    111.88755470164));
#5564 = CARTESIAN_POINT('',(209.41439322258,-360.9079194181,
    112.09142523768));
#5565 = CARTESIAN_POINT('',(213.69322367635,-360.4208643818,
    112.26528794027));
#5566 = CARTESIAN_POINT('',(217.96934112329,-359.7379796896,
    112.38324474534));
#5567 = CARTESIAN_POINT('',(222.26952895422,-358.9497165614,
    112.53231959714));
#5568 = CARTESIAN_POINT('',(226.5166643478,-357.6210218712,
    112.54306930062));
#5569 = CARTESIAN_POINT('',(230.80856684708,-356.3769227792,
    112.66528837429));
#5570 = CARTESIAN_POINT('',(235.07622110161,-355.123503133,
    112.92687581609));
#5571 = CARTESIAN_POINT('',(239.35488141397,-353.7464898681,
    113.15885586155));
#5572 = CARTESIAN_POINT('',(243.60389158591,-352.1438089313,
    113.15825701561));
#5573 = CARTESIAN_POINT('',(247.90844854027,-351.382392123,
    112.88532280026));
#5574 = CARTESIAN_POINT('',(252.2213347776,-351.3976688815,
    112.14267337553));
#5575 = CARTESIAN_POINT('',(256.41797633353,-351.0897968825,
    111.25678227624));
#5576 = CARTESIAN_POINT('',(261.49749220731,-352.0334788278,
    111.06260585174));
#5577 = CARTESIAN_POINT('',(264.82846846707,-354.4162880216,
    112.08625740195));
#5578 = CARTESIAN_POINT('',(269.29986524939,-345.6772106415,
    111.38873784972));
#5579 = CARTESIAN_POINT('',(273.76120192934,-353.5536993291,
    112.31144526684));
#5580 = CARTESIAN_POINT('',(277.11561224167,-355.0101345962,
    109.95736225391));
#5581 = CARTESIAN_POINT('',(282.18739413143,-356.1832614853,
    110.21331166105));
#5582 = CARTESIAN_POINT('',(286.38362479911,-356.5568506272,
    110.50558197826));
#5583 = CARTESIAN_POINT('',(290.6929217221,-356.4673216811,
    110.80112079909));
#5584 = CARTESIAN_POINT('',(294.99728518776,-356.6106414023,
    110.28740288298));
#5585 = CARTESIAN_POINT('',(299.24599549207,-356.195474283,
    109.97488279328));
#5586 = CARTESIAN_POINT('',(303.52499017227,-355.7000183061,
    109.6344569324));
#5587 = CARTESIAN_POINT('',(307.79622056725,-355.200372516,
    109.31464157678));
#5588 = CARTESIAN_POINT('',(312.08441986464,-354.5601288806,
    108.93709503904));
#5589 = CARTESIAN_POINT('',(316.3318452167,-354.1663777858,
    108.68507241681));
#5590 = CARTESIAN_POINT('',(320.63289091038,-354.0926535294,
    108.29841772082));
#5591 = CARTESIAN_POINT('',(324.90801010291,-353.9376726222,
    108.1615225505));
#5592 = CARTESIAN_POINT('',(329.18807309953,-353.9147771378,
    108.23809891702));
#5593 = CARTESIAN_POINT('',(333.47733801931,-353.7932639581,
    108.27759598125));
#5594 = CARTESIAN_POINT('',(337.7470456075,-354.1943339993,
    108.05313640976));
#5595 = CARTESIAN_POINT('',(342.02123400371,-353.7347965468,
    108.30564166686));
#5596 = CARTESIAN_POINT('',(346.30443528757,-353.8639283083,
    108.19159341809));
#5597 = CARTESIAN_POINT('',(350.5884217255,-353.8862081404,
    108.18669938083));
#5598 = CARTESIAN_POINT('',(354.84926238005,-353.3933522604,
    108.36947499307));
#5599 = CARTESIAN_POINT('',(359.17649042862,-353.9409548885,
    108.09975272701));
#5600 = CARTESIAN_POINT('',(363.32021844008,-352.7302624854,
    108.42399839895));
#5601 = CARTESIAN_POINT('',(368.68503275418,-354.4219004993,
    108.04668730102));
#5602 = CARTESIAN_POINT('',(371.24903411287,-349.0335844172,
    109.13916860759));
#5603 = CARTESIAN_POINT('',(377.42638182418,-342.6048202519,
    110.17830778001));
#5604 = CARTESIAN_POINT('',(379.73562276372,-356.98034019,
    107.99872641636));
#5605 = CARTESIAN_POINT('',(385.92015942773,-342.8915939927,
    109.96297127601));
#5606 = CARTESIAN_POINT('',(387.95796901408,-354.60533823,
    108.46904286154));
#5607 = CARTESIAN_POINT('',(392.55136708921,-356.5881368057,
    108.44871277941));
#5608 = CARTESIAN_POINT('',(397.86107277384,-340.0227339167,
    110.96048791733));
#5609 = CARTESIAN_POINT('',(397.6403,-350.5156552173,109.514025846));
#5610 = CARTESIAN_POINT('',(140.9618,-352.5833743553,109.92889724305));
#5611 = CARTESIAN_POINT('',(139.3469737637,-365.8035256857,
    112.08670183952));
#5612 = CARTESIAN_POINT('',(146.55711552643,-348.5942989115,
    109.18898986374));
#5613 = CARTESIAN_POINT('',(149.83248812156,-348.3855010539,
    108.84216327549));
#5614 = CARTESIAN_POINT('',(152.63844988999,-358.3670383269,
    110.40324478047));
#5615 = CARTESIAN_POINT('',(159.61432189493,-356.6594866362,
    110.12570037597));
#5616 = CARTESIAN_POINT('',(161.57498576671,-360.7554221892,
    110.49564987495));
#5617 = CARTESIAN_POINT('',(166.85069272796,-352.6643834435,
    109.27980804191));
#5618 = CARTESIAN_POINT('',(170.05924171584,-360.0936925301,
    110.42747132491));
#5619 = CARTESIAN_POINT('',(175.2605606702,-358.6556573593,
    110.28360332744));
#5620 = CARTESIAN_POINT('',(179.44145366882,-359.3695332674,
    110.51061806648));
#5621 = CARTESIAN_POINT('',(183.74546905009,-359.4943826038,
    110.66004281876));
#5622 = CARTESIAN_POINT('',(188.02212458981,-359.3105048905,
    110.67331118685));
#5623 = CARTESIAN_POINT('',(192.29363155905,-359.7489465917,
    110.89168904797));
#5624 = CARTESIAN_POINT('',(196.58004983101,-360.0409732405,
    111.14280920501));
#5625 = CARTESIAN_POINT('',(200.85501156117,-359.067696718,
    111.00989995488));
#5626 = CARTESIAN_POINT('',(205.12596544359,-359.9809970058,
    111.49929643985));
#5627 = CARTESIAN_POINT('',(209.41439322258,-359.5838248773,
    111.63185353288));
#5628 = CARTESIAN_POINT('',(213.69322367635,-359.1152169748,
    111.82869382612));
#5629 = CARTESIAN_POINT('',(217.96934112329,-358.5211025227,
    111.86525890263));
#5630 = CARTESIAN_POINT('',(222.26952895422,-357.8022089716,
    112.01247937816));
#5631 = CARTESIAN_POINT('',(226.5166643478,-356.5915486881,
    111.94876465775));
#5632 = CARTESIAN_POINT('',(230.80856684708,-355.4776108689,
    112.0082125699));
#5633 = CARTESIAN_POINT('',(235.07622110161,-354.3559221261,
    112.22440286248));
#5634 = CARTESIAN_POINT('',(239.35488141397,-353.1517710918,
    112.40152050129));
#5635 = CARTESIAN_POINT('',(243.60389158591,-351.6136820674,
    112.46248972212));
#5636 = CARTESIAN_POINT('',(247.90844854027,-350.8963889094,
    112.24887688874));
#5637 = CARTESIAN_POINT('',(252.2213347776,-350.8494960359,
    111.6750054348));
#5638 = CARTESIAN_POINT('',(256.41797633353,-350.6695885318,
    110.77993365739));
#5639 = CARTESIAN_POINT('',(261.49749220731,-351.4681275824,
    110.82488735725));
#5640 = CARTESIAN_POINT('',(264.82846846707,-354.5659131825,
    111.12961584631));
#5641 = CARTESIAN_POINT('',(269.29986524939,-345.6829763972,
    110.86029121924));
#5642 = CARTESIAN_POINT('',(273.76120192934,-353.3812594034,
    111.33048844486));
#5643 = CARTESIAN_POINT('',(277.11561224167,-355.6471925151,
    109.82191868598));
#5644 = CARTESIAN_POINT('',(282.18739413143,-356.6485222053,
    109.78730585061));
#5645 = CARTESIAN_POINT('',(286.38362479911,-357.1107105701,
    110.05269574624));
#5646 = CARTESIAN_POINT('',(290.6929217221,-357.0996052694,
    110.31603902031));
#5647 = CARTESIAN_POINT('',(294.99728518776,-357.3207241112,
    109.78612253202));
#5648 = CARTESIAN_POINT('',(299.24599549207,-357.0098121288,
    109.45961600742));
#5649 = CARTESIAN_POINT('',(303.52499017227,-356.6139317856,
    109.14788850567));
#5650 = CARTESIAN_POINT('',(307.79622056725,-356.2024027769,
    108.83690802865));
#5651 = CARTESIAN_POINT('',(312.08441986464,-355.6556621418,
    108.48089885404));
#5652 = CARTESIAN_POINT('',(316.3318452167,-355.2855942904,
    108.10729180018));
#5653 = CARTESIAN_POINT('',(320.63289091038,-355.2621874106,
    107.67461783528));
#5654 = CARTESIAN_POINT('',(324.90801010291,-355.1157444209,
    107.44439416074));
#5655 = CARTESIAN_POINT('',(329.18807309953,-355.1027411353,
    107.48242535429));
#5656 = CARTESIAN_POINT('',(333.47733801931,-355.0282058232,
    107.55261868468));
#5657 = CARTESIAN_POINT('',(337.7470456075,-355.4107231942,
    107.41396895115));
#5658 = CARTESIAN_POINT('',(342.02123400371,-354.9840363067,
    107.61511659747));
#5659 = CARTESIAN_POINT('',(346.30443528757,-355.1053531685,
    107.55298013761));
#5660 = CARTESIAN_POINT('',(350.5884217255,-355.1151719446,
    107.5397866486));
#5661 = CARTESIAN_POINT('',(354.84926238005,-354.5986761285,
    107.81842000427));
#5662 = CARTESIAN_POINT('',(359.17649042862,-355.1741669286,
    107.56392685675));
#5663 = CARTESIAN_POINT('',(363.32021844008,-353.8995247461,
    107.99207342509));
#5664 = CARTESIAN_POINT('',(368.68503275418,-355.6609445602,
    107.78549398598));
#5665 = CARTESIAN_POINT('',(371.24903411287,-349.9274551771,
    109.0040021726));
#5666 = CARTESIAN_POINT('',(377.42638182418,-342.8919561527,
    110.13069943568));
#5667 = CARTESIAN_POINT('',(379.73562276372,-358.3056063573,
    107.79620118327));
#5668 = CARTESIAN_POINT('',(385.92015942773,-343.2477239073,
    109.89606777461));
#5669 = CARTESIAN_POINT('',(387.95796901408,-354.8958360708,
    108.43209542781));
#5670 = CARTESIAN_POINT('',(392.55136708921,-357.3250151798,
    108.36238645854));
#5671 = CARTESIAN_POINT('',(397.86107277384,-340.1140760546,
    110.95785284208));
#5672 = CARTESIAN_POINT('',(397.6403,-350.6919051997,109.49349199705));
#5673 = DEFINITIONAL_REPRESENTATION('',(#5674),#5678);
#5674 = LINE('',#5675,#5676);
#5675 = CARTESIAN_POINT('',(21.,0.));
#5676 = VECTOR('',#5677,1.);
#5677 = DIRECTION('',(0.,1.));
#5678 = ( GEOMETRIC_REPRESENTATION_CONTEXT(2) 
PARAMETRIC_REPRESENTATION_CONTEXT() REPRESENTATION_CONTEXT('2D SPACE',''
  ) );
#5679 = ORIENTED_EDGE('',*,*,#5680,.F.);
#5680 = EDGE_CURVE('',#5217,#5471,#5681,.T.);
#5681 = SURFACE_CURVE('',#5682,(#5685,#5692),.PCURVE_S1.);
#5682 = B_SPLINE_CURVE_WITH_KNOTS('',1,(#5683,#5684),.UNSPECIFIED.,.F.,
  .F.,(2,2),(20.,21.),.PIECEWISE_BEZIER_KNOTS.);
#5683 = CARTESIAN_POINT('',(397.6403,-350.3394052348,109.53455969495));
#5684 = CARTESIAN_POINT('',(397.6403,-350.5156552173,109.514025846));
#5685 = PCURVE('',#5292,#5686);
#5686 = DEFINITIONAL_REPRESENTATION('',(#5687),#5691);
#5687 = LINE('',#5688,#5689);
#5688 = CARTESIAN_POINT('',(0.,1.));
#5689 = VECTOR('',#5690,1.);
#5690 = DIRECTION('',(1.,0.));
#5691 = ( GEOMETRIC_REPRESENTATION_CONTEXT(2) 
PARAMETRIC_REPRESENTATION_CONTEXT() REPRESENTATION_CONTEXT('2D SPACE',''
  ) );
#5692 = PCURVE('',#401,#5693);
#5693 = DEFINITIONAL_REPRESENTATION('',(#5694),#5697);
#5694 = B_SPLINE_CURVE_WITH_KNOTS('',1,(#5695,#5696),.UNSPECIFIED.,.F.,
  .F.,(2,2),(20.,21.),.PIECEWISE_BEZIER_KNOTS.);
#5695 = CARTESIAN_POINT('',(0.709636140738,1.770379416956E-02));
#5696 = CARTESIAN_POINT('',(0.88707823062,1.77057454182E-02));
#5697 = ( GEOMETRIC_REPRESENTATION_CONTEXT(2) 
PARAMETRIC_REPRESENTATION_CONTEXT() REPRESENTATION_CONTEXT('2D SPACE',''
  ) );
#5698 = ORIENTED_EDGE('',*,*,#5216,.F.);
#5699 = ADVANCED_FACE('',(#5700),#5546,.T.);
#5700 = FACE_BOUND('',#5701,.T.);
#5701 = EDGE_LOOP('',(#5702,#5723,#5933,#5952));
#5702 = ORIENTED_EDGE('',*,*,#5703,.T.);
#5703 = EDGE_CURVE('',#5450,#5704,#5706,.T.);
#5704 = VERTEX_POINT('',#5705);
#5705 = CARTESIAN_POINT('',(140.9618,-352.5833743553,109.92889724305));
#5706 = SURFACE_CURVE('',#5707,(#5710,#5717),.PCURVE_S1.);
#5707 = B_SPLINE_CURVE_WITH_KNOTS('',1,(#5708,#5709),.UNSPECIFIED.,.F.,
  .F.,(2,2),(21.,22.),.PIECEWISE_BEZIER_KNOTS.);
#5708 = CARTESIAN_POINT('',(140.9618,-352.8034046869,109.95737183792));
#5709 = CARTESIAN_POINT('',(140.9618,-352.5833743553,109.92889724305));
#5710 = PCURVE('',#5546,#5711);
#5711 = DEFINITIONAL_REPRESENTATION('',(#5712),#5716);
#5712 = LINE('',#5713,#5714);
#5713 = CARTESIAN_POINT('',(0.,0.));
#5714 = VECTOR('',#5715,1.);
#5715 = DIRECTION('',(1.,0.));
#5716 = ( GEOMETRIC_REPRESENTATION_CONTEXT(2) 
PARAMETRIC_REPRESENTATION_CONTEXT() REPRESENTATION_CONTEXT('2D SPACE',''
  ) );
#5717 = PCURVE('',#165,#5718);
#5718 = DEFINITIONAL_REPRESENTATION('',(#5719),#5722);
#5719 = B_SPLINE_CURVE_WITH_KNOTS('',1,(#5720,#5721),.UNSPECIFIED.,.F.,
  .F.,(2,2),(21.,22.),.PIECEWISE_BEZIER_KNOTS.);
#5720 = CARTESIAN_POINT('',(3.771626593803,1.737811133637E-03));
#5721 = CARTESIAN_POINT('',(3.549763134852,2.606716700441E-03));
#5722 = ( GEOMETRIC_REPRESENTATION_CONTEXT(2) 
PARAMETRIC_REPRESENTATION_CONTEXT() REPRESENTATION_CONTEXT('2D SPACE',''
  ) );
#5723 = ORIENTED_EDGE('',*,*,#5724,.T.);
#5724 = EDGE_CURVE('',#5704,#5725,#5727,.T.);
#5725 = VERTEX_POINT('',#5726);
#5726 = CARTESIAN_POINT('',(397.6403,-350.6919051997,109.49349199705));
#5727 = SURFACE_CURVE('',#5728,(#5792,#5799),.PCURVE_S1.);
#5728 = ( BOUNDED_CURVE() B_SPLINE_CURVE(3,(#5729,#5730,#5731,#5732,
    #5733,#5734,#5735,#5736,#5737,#5738,#5739,#5740,#5741,#5742,#5743,
    #5744,#5745,#5746,#5747,#5748,#5749,#5750,#5751,#5752,#5753,#5754,
    #5755,#5756,#5757,#5758,#5759,#5760,#5761,#5762,#5763,#5764,#5765,
    #5766,#5767,#5768,#5769,#5770,#5771,#5772,#5773,#5774,#5775,#5776,
    #5777,#5778,#5779,#5780,#5781,#5782,#5783,#5784,#5785,#5786,#5787,
    #5788,#5789,#5790,#5791),.UNSPECIFIED.,.F.,.F.) 
B_SPLINE_CURVE_WITH_KNOTS((4,1,1,1,1,1,1,1,1,1,1,1,1,1,1,1,1,1,1,1,1,1,1
    ,1,1,1,1,1,1,1,1,1,1,1,1,1,1,1,1,1,1,1,1,1,1,1,1,1,1,1,1,1,1,1,1,1,1
    ,1,1,1,4),(0.,1.732138582393E-02,3.476147556169E-02,
    5.682134329819E-02,7.1962296323E-02,9.668171057498E-02,
    0.117312720082,0.137726814038,0.152748180615,0.167749813045,
    0.182740680817,0.197724569486,0.212727858992,0.227712266626,
    0.242722186927,0.257740578549,0.272730613132,0.287749851447,
    0.302807253127,0.317909897629,0.333164876512,0.348417208457,
    0.363717555355,0.379021830365,0.39430254102,0.409403510223,
    0.424503833082,0.439703221214,0.455034147268,0.475266642259,
    0.494822408855,0.514358099005,0.53448350075,0.549791243926,
    0.564993335593,0.580114457875,0.595233122966,0.610524778841,
    0.625831283594,0.641129798524,0.656395058325,0.671658347301,
    0.686764177688,0.701824559728,0.716841998439,0.731832580826,
    0.74685884212,0.761877146393,0.776861271766,0.791847146503,
    0.806852809101,0.821843806167,0.836903306197,0.851969913481,
    0.873073700462,0.890743423327,0.916073608219,0.937085032849,
0.966089436802,0.983488965917,1.),.UNSPECIFIED.) CURVE() 
GEOMETRIC_REPRESENTATION_ITEM() RATIONAL_B_SPLINE_CURVE((1.,
    0.99999999999,1.000000000005,0.999999999998,1.,1.,1.,1.,1.,1.,1.,1.,
    1.,1.,1.,1.,1.,1.,1.,1.,1.,1.,1.,1.,1.,1.,1.,1.,1.,1.,1.,1.,1.,1.,1.
    ,1.,1.,1.,1.,1.,1.,1.,1.,1.,1.,1.,1.,1.,1.,1.,1.,1.,1.,1.,1.,1.,1.,
    1.,1.,0.999999999999,1.000000000002,0.999999999996,1.)) 
REPRESENTATION_ITEM('') );
#5729 = CARTESIAN_POINT('',(140.9618,-352.5833743553,109.92889724305));
#5730 = CARTESIAN_POINT('',(139.3469737637,-365.8035256857,
    112.08670183952));
#5731 = CARTESIAN_POINT('',(146.55711552643,-348.5942989115,
    109.18898986374));
#5732 = CARTESIAN_POINT('',(149.83248812156,-348.3855010539,
    108.84216327549));
#5733 = CARTESIAN_POINT('',(152.63844988999,-358.3670383269,
    110.40324478047));
#5734 = CARTESIAN_POINT('',(159.61432189493,-356.6594866362,
    110.12570037597));
#5735 = CARTESIAN_POINT('',(161.57498576671,-360.7554221892,
    110.49564987495));
#5736 = CARTESIAN_POINT('',(166.85069272796,-352.6643834435,
    109.27980804191));
#5737 = CARTESIAN_POINT('',(170.05924171584,-360.0936925301,
    110.42747132491));
#5738 = CARTESIAN_POINT('',(175.2605606702,-358.6556573593,
    110.28360332744));
#5739 = CARTESIAN_POINT('',(179.44145366882,-359.3695332674,
    110.51061806648));
#5740 = CARTESIAN_POINT('',(183.74546905009,-359.4943826038,
    110.66004281876));
#5741 = CARTESIAN_POINT('',(188.02212458981,-359.3105048905,
    110.67331118685));
#5742 = CARTESIAN_POINT('',(192.29363155905,-359.7489465917,
    110.89168904797));
#5743 = CARTESIAN_POINT('',(196.58004983101,-360.0409732405,
    111.14280920501));
#5744 = CARTESIAN_POINT('',(200.85501156117,-359.067696718,
    111.00989995488));
#5745 = CARTESIAN_POINT('',(205.12596544359,-359.9809970058,
    111.49929643985));
#5746 = CARTESIAN_POINT('',(209.41439322258,-359.5838248773,
    111.63185353288));
#5747 = CARTESIAN_POINT('',(213.69322367635,-359.1152169748,
    111.82869382612));
#5748 = CARTESIAN_POINT('',(217.96934112329,-358.5211025227,
    111.86525890263));
#5749 = CARTESIAN_POINT('',(222.26952895422,-357.8022089716,
    112.01247937816));
#5750 = CARTESIAN_POINT('',(226.5166643478,-356.5915486881,
    111.94876465775));
#5751 = CARTESIAN_POINT('',(230.80856684708,-355.4776108689,
    112.0082125699));
#5752 = CARTESIAN_POINT('',(235.07622110161,-354.3559221261,
    112.22440286248));
#5753 = CARTESIAN_POINT('',(239.35488141397,-353.1517710918,
    112.40152050129));
#5754 = CARTESIAN_POINT('',(243.60389158591,-351.6136820674,
    112.46248972212));
#5755 = CARTESIAN_POINT('',(247.90844854027,-350.8963889094,
    112.24887688874));
#5756 = CARTESIAN_POINT('',(252.2213347776,-350.8494960359,
    111.6750054348));
#5757 = CARTESIAN_POINT('',(256.41797633353,-350.6695885318,
    110.77993365739));
#5758 = CARTESIAN_POINT('',(261.49749220731,-351.4681275824,
    110.82488735725));
#5759 = CARTESIAN_POINT('',(264.82846846707,-354.5659131825,
    111.12961584631));
#5760 = CARTESIAN_POINT('',(269.29986524939,-345.6829763972,
    110.86029121924));
#5761 = CARTESIAN_POINT('',(273.76120192934,-353.3812594034,
    111.33048844486));
#5762 = CARTESIAN_POINT('',(277.11561224167,-355.6471925151,
    109.82191868598));
#5763 = CARTESIAN_POINT('',(282.18739413143,-356.6485222053,
    109.78730585061));
#5764 = CARTESIAN_POINT('',(286.38362479911,-357.1107105701,
    110.05269574624));
#5765 = CARTESIAN_POINT('',(290.6929217221,-357.0996052694,
    110.31603902031));
#5766 = CARTESIAN_POINT('',(294.99728518776,-357.3207241112,
    109.78612253202));
#5767 = CARTESIAN_POINT('',(299.24599549207,-357.0098121288,
    109.45961600742));
#5768 = CARTESIAN_POINT('',(303.52499017227,-356.6139317856,
    109.14788850567));
#5769 = CARTESIAN_POINT('',(307.79622056725,-356.2024027769,
    108.83690802865));
#5770 = CARTESIAN_POINT('',(312.08441986464,-355.6556621418,
    108.48089885404));
#5771 = CARTESIAN_POINT('',(316.3318452167,-355.2855942904,
    108.10729180018));
#5772 = CARTESIAN_POINT('',(320.63289091038,-355.2621874106,
    107.67461783528));
#5773 = CARTESIAN_POINT('',(324.90801010291,-355.1157444209,
    107.44439416074));
#5774 = CARTESIAN_POINT('',(329.18807309953,-355.1027411353,
    107.48242535429));
#5775 = CARTESIAN_POINT('',(333.47733801931,-355.0282058232,
    107.55261868468));
#5776 = CARTESIAN_POINT('',(337.7470456075,-355.4107231942,
    107.41396895115));
#5777 = CARTESIAN_POINT('',(342.02123400371,-354.9840363067,
    107.61511659747));
#5778 = CARTESIAN_POINT('',(346.30443528757,-355.1053531685,
    107.55298013761));
#5779 = CARTESIAN_POINT('',(350.5884217255,-355.1151719446,
    107.5397866486));
#5780 = CARTESIAN_POINT('',(354.84926238005,-354.5986761285,
    107.81842000427));
#5781 = CARTESIAN_POINT('',(359.17649042862,-355.1741669286,
    107.56392685675));
#5782 = CARTESIAN_POINT('',(363.32021844008,-353.8995247461,
    107.99207342509));
#5783 = CARTESIAN_POINT('',(368.68503275418,-355.6609445602,
    107.78549398598));
#5784 = CARTESIAN_POINT('',(371.24903411287,-349.9274551771,
    109.0040021726));
#5785 = CARTESIAN_POINT('',(377.42638182418,-342.8919561527,
    110.13069943568));
#5786 = CARTESIAN_POINT('',(379.73562276372,-358.3056063573,
    107.79620118327));
#5787 = CARTESIAN_POINT('',(385.92015942773,-343.2477239073,
    109.89606777461));
#5788 = CARTESIAN_POINT('',(387.95796901408,-354.8958360708,
    108.43209542781));
#5789 = CARTESIAN_POINT('',(392.55136708921,-357.3250151798,
    108.36238645854));
#5790 = CARTESIAN_POINT('',(397.86107277384,-340.1140760546,
    110.95785284208));
#5791 = CARTESIAN_POINT('',(397.6403,-350.6919051997,109.49349199705));
#5792 = PCURVE('',#5546,#5793);
#5793 = DEFINITIONAL_REPRESENTATION('',(#5794),#5798);
#5794 = LINE('',#5795,#5796);
#5795 = CARTESIAN_POINT('',(22.,0.));
#5796 = VECTOR('',#5797,1.);
#5797 = DIRECTION('',(0.,1.));
#5798 = ( GEOMETRIC_REPRESENTATION_CONTEXT(2) 
PARAMETRIC_REPRESENTATION_CONTEXT() REPRESENTATION_CONTEXT('2D SPACE',''
  ) );
#5799 = PCURVE('',#5800,#5927);
#5800 = ( BOUNDED_SURFACE() B_SPLINE_SURFACE(1,3,(
    (#5801,#5802,#5803,#5804,#5805,#5806,#5807,#5808,#5809,#5810,#5811
      ,#5812,#5813,#5814,#5815,#5816,#5817,#5818,#5819,#5820,#5821,#5822
      ,#5823,#5824,#5825,#5826,#5827,#5828,#5829,#5830,#5831,#5832,#5833
      ,#5834,#5835,#5836,#5837,#5838,#5839,#5840,#5841,#5842,#5843,#5844
      ,#5845,#5846,#5847,#5848,#5849,#5850,#5851,#5852,#5853,#5854,#5855
      ,#5856,#5857,#5858,#5859,#5860,#5861,#5862,#5863)
    ,(#5864,#5865,#5866,#5867,#5868,#5869,#5870,#5871,#5872,#5873,#5874
      ,#5875,#5876,#5877,#5878,#5879,#5880,#5881,#5882,#5883,#5884,#5885
      ,#5886,#5887,#5888,#5889,#5890,#5891,#5892,#5893,#5894,#5895,#5896
      ,#5897,#5898,#5899,#5900,#5901,#5902,#5903,#5904,#5905,#5906,#5907
      ,#5908,#5909,#5910,#5911,#5912,#5913,#5914,#5915,#5916,#5917,#5918
      ,#5919,#5920,#5921,#5922,#5923,#5924,#5925,#5926
)),.UNSPECIFIED.,.F.,.F.,.F.) B_SPLINE_SURFACE_WITH_KNOTS((2,2),(4,1,1,1
    ,1,1,1,1,1,1,1,1,1,1,1,1,1,1,1,1,1,1,1,1,1,1,1,1,1,1,1,1,1,1,1,1,1,1
    ,1,1,1,1,1,1,1,1,1,1,1,1,1,1,1,1,1,1,1,1,1,1,4),(22.,23.),(0.,
    1.732138582393E-02,3.476147556169E-02,5.682134329819E-02,
    7.1962296323E-02,9.668171057498E-02,0.117312720082,0.137726814038,
    0.152748180615,0.167749813045,0.182740680817,0.197724569486,
    0.212727858992,0.227712266626,0.242722186927,0.257740578549,
    0.272730613132,0.287749851447,0.302807253127,0.317909897629,
    0.333164876512,0.348417208457,0.363717555355,0.379021830365,
    0.39430254102,0.409403510223,0.424503833082,0.439703221214,
    0.455034147268,0.475266642259,0.494822408855,0.514358099005,
    0.53448350075,0.549791243926,0.564993335593,0.580114457875,
    0.595233122966,0.610524778841,0.625831283594,0.641129798524,
    0.656395058325,0.671658347301,0.686764177688,0.701824559728,
    0.716841998439,0.731832580826,0.74685884212,0.761877146393,
    0.776861271766,0.791847146503,0.806852809101,0.821843806167,
    0.836903306197,0.851969913481,0.873073700462,0.890743423327,
    0.916073608219,0.937085032849,0.966089436802,0.983488965917,1.),
.UNSPECIFIED.) GEOMETRIC_REPRESENTATION_ITEM() RATIONAL_B_SPLINE_SURFACE
((
    (1.,0.99999999999,1.000000000005,0.999999999998,1.,1.,1.,1.,1.,1.,1.
      ,1.,1.,1.,1.,1.,1.,1.,1.,1.,1.,1.,1.,1.,1.,1.,1.,1.,1.,1.,1.,1.,1.
      ,1.,1.,1.,1.,1.,1.,1.,1.,1.,1.,1.,1.,1.,1.,1.,1.,1.,1.,1.,1.,1.,1.
      ,1.,1.,1.,1.,0.999999999999,1.000000000002,0.999999999996,1.)
    ,(1.,0.99999999999,1.000000000005,0.999999999998,1.,1.,1.,1.,1.,1.
      ,1.,1.,1.,1.,1.,1.,1.,1.,1.,1.,1.,1.,1.,1.,1.,1.,1.,1.,1.,1.,1.,1.
      ,1.,1.,1.,1.,1.,1.,1.,1.,1.,1.,1.,1.,1.,1.,1.,1.,1.,1.,1.,1.,1.,1.
      ,1.,1.,1.,1.,1.,0.999999999999,1.000000000002,0.999999999996,1.
))) REPRESENTATION_ITEM('') SURFACE() );
#5801 = CARTESIAN_POINT('',(140.9618,-352.5833743553,109.92889724305));
#5802 = CARTESIAN_POINT('',(139.3469737637,-365.8035256857,
    112.08670183952));
#5803 = CARTESIAN_POINT('',(146.55711552643,-348.5942989115,
    109.18898986374));
#5804 = CARTESIAN_POINT('',(149.83248812156,-348.3855010539,
    108.84216327549));
#5805 = CARTESIAN_POINT('',(152.63844988999,-358.3670383269,
    110.40324478047));
#5806 = CARTESIAN_POINT('',(159.61432189493,-356.6594866362,
    110.12570037597));
#5807 = CARTESIAN_POINT('',(161.57498576671,-360.7554221892,
    110.49564987495));
#5808 = CARTESIAN_POINT('',(166.85069272796,-352.6643834435,
    109.27980804191));
#5809 = CARTESIAN_POINT('',(170.05924171584,-360.0936925301,
    110.42747132491));
#5810 = CARTESIAN_POINT('',(175.2605606702,-358.6556573593,
    110.28360332744));
#5811 = CARTESIAN_POINT('',(179.44145366882,-359.3695332674,
    110.51061806648));
#5812 = CARTESIAN_POINT('',(183.74546905009,-359.4943826038,
    110.66004281876));
#5813 = CARTESIAN_POINT('',(188.02212458981,-359.3105048905,
    110.67331118685));
#5814 = CARTESIAN_POINT('',(192.29363155905,-359.7489465917,
    110.89168904797));
#5815 = CARTESIAN_POINT('',(196.58004983101,-360.0409732405,
    111.14280920501));
#5816 = CARTESIAN_POINT('',(200.85501156117,-359.067696718,
    111.00989995488));
#5817 = CARTESIAN_POINT('',(205.12596544359,-359.9809970058,
    111.49929643985));
#5818 = CARTESIAN_POINT('',(209.41439322258,-359.5838248773,
    111.63185353288));
#5819 = CARTESIAN_POINT('',(213.69322367635,-359.1152169748,
    111.82869382612));
#5820 = CARTESIAN_POINT('',(217.96934112329,-358.5211025227,
    111.86525890263));
#5821 = CARTESIAN_POINT('',(222.26952895422,-357.8022089716,
    112.01247937816));
#5822 = CARTESIAN_POINT('',(226.5166643478,-356.5915486881,
    111.94876465775));
#5823 = CARTESIAN_POINT('',(230.80856684708,-355.4776108689,
    112.0082125699));
#5824 = CARTESIAN_POINT('',(235.07622110161,-354.3559221261,
    112.22440286248));
#5825 = CARTESIAN_POINT('',(239.35488141397,-353.1517710918,
    112.40152050129));
#5826 = CARTESIAN_POINT('',(243.60389158591,-351.6136820674,
    112.46248972212));
#5827 = CARTESIAN_POINT('',(247.90844854027,-350.8963889094,
    112.24887688874));
#5828 = CARTESIAN_POINT('',(252.2213347776,-350.8494960359,
    111.6750054348));
#5829 = CARTESIAN_POINT('',(256.41797633353,-350.6695885318,
    110.77993365739));
#5830 = CARTESIAN_POINT('',(261.49749220731,-351.4681275824,
    110.82488735725));
#5831 = CARTESIAN_POINT('',(264.82846846707,-354.5659131825,
    111.12961584631));
#5832 = CARTESIAN_POINT('',(269.29986524939,-345.6829763972,
    110.86029121924));
#5833 = CARTESIAN_POINT('',(273.76120192934,-353.3812594034,
    111.33048844486));
#5834 = CARTESIAN_POINT('',(277.11561224167,-355.6471925151,
    109.82191868598));
#5835 = CARTESIAN_POINT('',(282.18739413143,-356.6485222053,
    109.78730585061));
#5836 = CARTESIAN_POINT('',(286.38362479911,-357.1107105701,
    110.05269574624));
#5837 = CARTESIAN_POINT('',(290.6929217221,-357.0996052694,
    110.31603902031));
#5838 = CARTESIAN_POINT('',(294.99728518776,-357.3207241112,
    109.78612253202));
#5839 = CARTESIAN_POINT('',(299.24599549207,-357.0098121288,
    109.45961600742));
#5840 = CARTESIAN_POINT('',(303.52499017227,-356.6139317856,
    109.14788850567));
#5841 = CARTESIAN_POINT('',(307.79622056725,-356.2024027769,
    108.83690802865));
#5842 = CARTESIAN_POINT('',(312.08441986464,-355.6556621418,
    108.48089885404));
#5843 = CARTESIAN_POINT('',(316.3318452167,-355.2855942904,
    108.10729180018));
#5844 = CARTESIAN_POINT('',(320.63289091038,-355.2621874106,
    107.67461783528));
#5845 = CARTESIAN_POINT('',(324.90801010291,-355.1157444209,
    107.44439416074));
#5846 = CARTESIAN_POINT('',(329.18807309953,-355.1027411353,
    107.48242535429));
#5847 = CARTESIAN_POINT('',(333.47733801931,-355.0282058232,
    107.55261868468));
#5848 = CARTESIAN_POINT('',(337.7470456075,-355.4107231942,
    107.41396895115));
#5849 = CARTESIAN_POINT('',(342.02123400371,-354.9840363067,
    107.61511659747));
#5850 = CARTESIAN_POINT('',(346.30443528757,-355.1053531685,
    107.55298013761));
#5851 = CARTESIAN_POINT('',(350.5884217255,-355.1151719446,
    107.5397866486));
#5852 = CARTESIAN_POINT('',(354.84926238005,-354.5986761285,
    107.81842000427));
#5853 = CARTESIAN_POINT('',(359.17649042862,-355.1741669286,
    107.56392685675));
#5854 = CARTESIAN_POINT('',(363.32021844008,-353.8995247461,
    107.99207342509));
#5855 = CARTESIAN_POINT('',(368.68503275418,-355.6609445602,
    107.78549398598));
#5856 = CARTESIAN_POINT('',(371.24903411287,-349.9274551771,
    109.0040021726));
#5857 = CARTESIAN_POINT('',(377.42638182418,-342.8919561527,
    110.13069943568));
#5858 = CARTESIAN_POINT('',(379.73562276372,-358.3056063573,
    107.79620118327));
#5859 = CARTESIAN_POINT('',(385.92015942773,-343.2477239073,
    109.89606777461));
#5860 = CARTESIAN_POINT('',(387.95796901408,-354.8958360708,
    108.43209542781));
#5861 = CARTESIAN_POINT('',(392.55136708921,-357.3250151798,
    108.36238645854));
#5862 = CARTESIAN_POINT('',(397.86107277384,-340.1140760546,
    110.95785284208));
#5863 = CARTESIAN_POINT('',(397.6403,-350.6919051997,109.49349199705));
#5864 = CARTESIAN_POINT('',(140.9618,-352.3633440236,109.90042264818));
#5865 = CARTESIAN_POINT('',(139.3469737637,-365.0412819548,
    111.93763324514));
#5866 = CARTESIAN_POINT('',(146.55711552643,-348.1359793579,
    109.1750396294));
#5867 = CARTESIAN_POINT('',(149.83248812156,-348.0886924474,
    108.78616093854));
#5868 = CARTESIAN_POINT('',(152.63844988999,-357.4533641833,
    110.22215821638));
#5869 = CARTESIAN_POINT('',(159.61432189493,-355.5415462565,
    109.98275709621));
#5870 = CARTESIAN_POINT('',(161.57498576671,-360.4097144149,
    110.42107230914));
#5871 = CARTESIAN_POINT('',(166.85069272796,-352.2532361871,
    109.14593338146));
#5872 = CARTESIAN_POINT('',(170.05924171584,-358.7290998794,
    110.18807183936));
#5873 = CARTESIAN_POINT('',(175.2605606702,-357.4337765701,
    110.02097744798));
#5874 = CARTESIAN_POINT('',(179.44145366882,-358.0630475552,
    110.23954382378));
#5875 = CARTESIAN_POINT('',(183.74546905009,-358.1682828295,
    110.37454527435));
#5876 = CARTESIAN_POINT('',(188.02212458981,-357.9812775561,
    110.39365740676));
#5877 = CARTESIAN_POINT('',(192.29363155905,-358.3987516675,
    110.51722251153));
#5878 = CARTESIAN_POINT('',(196.58004983101,-358.6597113061,
    110.79567872455));
#5879 = CARTESIAN_POINT('',(200.85501156117,-357.7603402709,
    110.62943382435));
#5880 = CARTESIAN_POINT('',(205.12596544359,-358.6031290245,
    111.1109032475));
#5881 = CARTESIAN_POINT('',(209.41439322258,-358.2480637792,
    111.20857498221));
#5882 = CARTESIAN_POINT('',(213.69322367635,-357.8188545945,
    111.36670522127));
#5883 = CARTESIAN_POINT('',(217.96934112329,-357.2761591714,
    111.4192649035));
#5884 = CARTESIAN_POINT('',(222.26952895422,-356.6595420062,
    111.47818454327));
#5885 = CARTESIAN_POINT('',(226.5166643478,-355.5518249778,
    111.37978634492));
#5886 = CARTESIAN_POINT('',(230.80856684708,-354.5380789283,
    111.41504651927));
#5887 = CARTESIAN_POINT('',(235.07622110161,-353.5289653715,
    111.59948043439));
#5888 = CARTESIAN_POINT('',(239.35488141397,-352.4490827622,
    111.74149428752));
#5889 = CARTESIAN_POINT('',(243.60389158591,-351.027975296,
    111.81201687573));
#5890 = CARTESIAN_POINT('',(247.90844854027,-350.3683703401,
    111.65374063715));
#5891 = CARTESIAN_POINT('',(252.2213347776,-350.3483798156,
    111.16215170127));
#5892 = CARTESIAN_POINT('',(256.41797633353,-350.2435326094,
    110.30628916341));
#5893 = CARTESIAN_POINT('',(261.49749220731,-350.8766341386,
    110.62327270674));
#5894 = CARTESIAN_POINT('',(264.82846846707,-354.7234008853,
    110.16297032944));
#5895 = CARTESIAN_POINT('',(269.29986524939,-345.6854595268,
    110.3331640267));
#5896 = CARTESIAN_POINT('',(273.76120192934,-353.2143046831,
    110.35414413884));
#5897 = CARTESIAN_POINT('',(277.11561224167,-356.2670392234,
    109.66798296897));
#5898 = CARTESIAN_POINT('',(282.18739413143,-357.0996039024,
    109.33829475666));
#5899 = CARTESIAN_POINT('',(286.38362479911,-357.6517713848,
    109.58194718613));
#5900 = CARTESIAN_POINT('',(290.6929217221,-357.6927387889,
    109.78308145178));
#5901 = CARTESIAN_POINT('',(294.99728518776,-358.0035757553,
    109.2374295359));
#5902 = CARTESIAN_POINT('',(299.24599549207,-357.7931720252,
    108.9040038861));
#5903 = CARTESIAN_POINT('',(303.52499017227,-357.4951404666,
    108.60410345937));
#5904 = CARTESIAN_POINT('',(307.79622056725,-357.2164886143,
    108.38276044741));
#5905 = CARTESIAN_POINT('',(312.08441986464,-356.7311666418,
    107.98348650905));
#5906 = CARTESIAN_POINT('',(316.3318452167,-356.4360282477,
    107.59452646836));
#5907 = CARTESIAN_POINT('',(320.63289091038,-356.4692568885,
    107.12532260651));
#5908 = CARTESIAN_POINT('',(324.90801010291,-356.3449312679,
    106.82080218598));
#5909 = CARTESIAN_POINT('',(329.18807309953,-356.363088085,
    106.85416259076));
#5910 = CARTESIAN_POINT('',(333.47733801931,-356.3116611423,
    106.91964962016));
#5911 = CARTESIAN_POINT('',(337.7470456075,-356.6729253628,
    106.86886360824));
#5912 = CARTESIAN_POINT('',(342.02123400371,-356.2783392407,
    107.01585606708));
#5913 = CARTESIAN_POINT('',(346.30443528757,-356.3841253995,
    106.99564210762));
#5914 = CARTESIAN_POINT('',(350.5884217255,-356.3959635426,
    107.00558410184));
#5915 = CARTESIAN_POINT('',(354.84926238005,-355.7922900789,
    107.24430261482));
#5916 = CARTESIAN_POINT('',(359.17649042862,-356.4143749768,
    107.04905008107));
#5917 = CARTESIAN_POINT('',(363.32021844008,-355.0774576838,
    107.58857369257));
#5918 = CARTESIAN_POINT('',(368.68503275418,-356.8892847964,
    107.47829215835));
#5919 = CARTESIAN_POINT('',(371.24903411287,-350.8209578022,
    108.86286022061));
#5920 = CARTESIAN_POINT('',(377.42638182418,-343.1792179212,
    110.08522140612));
#5921 = CARTESIAN_POINT('',(379.73562276372,-359.630902485,
    107.5936593894));
#5922 = CARTESIAN_POINT('',(385.92015942773,-343.6036430632,
    109.82749905567));
#5923 = CARTESIAN_POINT('',(387.95796901408,-355.1873224205,
    108.40339009329));
#5924 = CARTESIAN_POINT('',(392.55136708921,-358.061953113,
    108.27689275216));
#5925 = CARTESIAN_POINT('',(397.86107277384,-340.20480066,
    110.94929163011));
#5926 = CARTESIAN_POINT('',(397.6403,-350.8681551822,109.4729581481));
#5927 = DEFINITIONAL_REPRESENTATION('',(#5928),#5932);
#5928 = LINE('',#5929,#5930);
#5929 = CARTESIAN_POINT('',(22.,0.));
#5930 = VECTOR('',#5931,1.);
#5931 = DIRECTION('',(0.,1.));
#5932 = ( GEOMETRIC_REPRESENTATION_CONTEXT(2) 
PARAMETRIC_REPRESENTATION_CONTEXT() REPRESENTATION_CONTEXT('2D SPACE',''
  ) );
#5933 = ORIENTED_EDGE('',*,*,#5934,.F.);
#5934 = EDGE_CURVE('',#5471,#5725,#5935,.T.);
#5935 = SURFACE_CURVE('',#5936,(#5939,#5946),.PCURVE_S1.);
#5936 = B_SPLINE_CURVE_WITH_KNOTS('',1,(#5937,#5938),.UNSPECIFIED.,.F.,
  .F.,(2,2),(21.,22.),.PIECEWISE_BEZIER_KNOTS.);
#5937 = CARTESIAN_POINT('',(397.6403,-350.5156552173,109.514025846));
#5938 = CARTESIAN_POINT('',(397.6403,-350.6919051997,109.49349199705));
#5939 = PCURVE('',#5546,#5940);
#5940 = DEFINITIONAL_REPRESENTATION('',(#5941),#5945);
#5941 = LINE('',#5942,#5943);
#5942 = CARTESIAN_POINT('',(0.,1.));
#5943 = VECTOR('',#5944,1.);
#5944 = DIRECTION('',(1.,0.));
#5945 = ( GEOMETRIC_REPRESENTATION_CONTEXT(2) 
PARAMETRIC_REPRESENTATION_CONTEXT() REPRESENTATION_CONTEXT('2D SPACE',''
  ) );
#5946 = PCURVE('',#401,#5947);
#5947 = DEFINITIONAL_REPRESENTATION('',(#5948),#5951);
#5948 = B_SPLINE_CURVE_WITH_KNOTS('',1,(#5949,#5950),.UNSPECIFIED.,.F.,
  .F.,(2,2),(21.,22.),.PIECEWISE_BEZIER_KNOTS.);
#5949 = CARTESIAN_POINT('',(0.88707823062,1.77057454182E-02));
#5950 = CARTESIAN_POINT('',(1.064520320503,1.770769666683E-02));
#5951 = ( GEOMETRIC_REPRESENTATION_CONTEXT(2) 
PARAMETRIC_REPRESENTATION_CONTEXT() REPRESENTATION_CONTEXT('2D SPACE',''
  ) );
#5952 = ORIENTED_EDGE('',*,*,#5470,.F.);
#5953 = ADVANCED_FACE('',(#5954),#5800,.T.);
#5954 = FACE_BOUND('',#5955,.T.);
#5955 = EDGE_LOOP('',(#5956,#5977,#6187,#6206));
#5956 = ORIENTED_EDGE('',*,*,#5957,.T.);
#5957 = EDGE_CURVE('',#5704,#5958,#5960,.T.);
#5958 = VERTEX_POINT('',#5959);
#5959 = CARTESIAN_POINT('',(140.9618,-352.3633440236,109.90042264818));
#5960 = SURFACE_CURVE('',#5961,(#5964,#5971),.PCURVE_S1.);
#5961 = B_SPLINE_CURVE_WITH_KNOTS('',1,(#5962,#5963),.UNSPECIFIED.,.F.,
  .F.,(2,2),(22.,23.),.PIECEWISE_BEZIER_KNOTS.);
#5962 = CARTESIAN_POINT('',(140.9618,-352.5833743553,109.92889724305));
#5963 = CARTESIAN_POINT('',(140.9618,-352.3633440236,109.90042264818));
#5964 = PCURVE('',#5800,#5965);
#5965 = DEFINITIONAL_REPRESENTATION('',(#5966),#5970);
#5966 = LINE('',#5967,#5968);
#5967 = CARTESIAN_POINT('',(0.,0.));
#5968 = VECTOR('',#5969,1.);
#5969 = DIRECTION('',(1.,0.));
#5970 = ( GEOMETRIC_REPRESENTATION_CONTEXT(2) 
PARAMETRIC_REPRESENTATION_CONTEXT() REPRESENTATION_CONTEXT('2D SPACE',''
  ) );
#5971 = PCURVE('',#165,#5972);
#5972 = DEFINITIONAL_REPRESENTATION('',(#5973),#5976);
#5973 = B_SPLINE_CURVE_WITH_KNOTS('',1,(#5974,#5975),.UNSPECIFIED.,.F.,
  .F.,(2,2),(22.,23.),.PIECEWISE_BEZIER_KNOTS.);
#5974 = CARTESIAN_POINT('',(3.549763134852,2.606716700441E-03));
#5975 = CARTESIAN_POINT('',(3.327899675901,3.47562226726E-03));
#5976 = ( GEOMETRIC_REPRESENTATION_CONTEXT(2) 
PARAMETRIC_REPRESENTATION_CONTEXT() REPRESENTATION_CONTEXT('2D SPACE',''
  ) );
#5977 = ORIENTED_EDGE('',*,*,#5978,.T.);
#5978 = EDGE_CURVE('',#5958,#5979,#5981,.T.);
#5979 = VERTEX_POINT('',#5980);
#5980 = CARTESIAN_POINT('',(397.6403,-350.8681551822,109.4729581481));
#5981 = SURFACE_CURVE('',#5982,(#6046,#6053),.PCURVE_S1.);
#5982 = ( BOUNDED_CURVE() B_SPLINE_CURVE(3,(#5983,#5984,#5985,#5986,
    #5987,#5988,#5989,#5990,#5991,#5992,#5993,#5994,#5995,#5996,#5997,
    #5998,#5999,#6000,#6001,#6002,#6003,#6004,#6005,#6006,#6007,#6008,
    #6009,#6010,#6011,#6012,#6013,#6014,#6015,#6016,#6017,#6018,#6019,
    #6020,#6021,#6022,#6023,#6024,#6025,#6026,#6027,#6028,#6029,#6030,
    #6031,#6032,#6033,#6034,#6035,#6036,#6037,#6038,#6039,#6040,#6041,
    #6042,#6043,#6044,#6045),.UNSPECIFIED.,.F.,.F.) 
B_SPLINE_CURVE_WITH_KNOTS((4,1,1,1,1,1,1,1,1,1,1,1,1,1,1,1,1,1,1,1,1,1,1
    ,1,1,1,1,1,1,1,1,1,1,1,1,1,1,1,1,1,1,1,1,1,1,1,1,1,1,1,1,1,1,1,1,1,1
    ,1,1,1,4),(0.,1.732138582393E-02,3.476147556169E-02,
    5.682134329819E-02,7.1962296323E-02,9.668171057498E-02,
    0.117312720082,0.137726814038,0.152748180615,0.167749813045,
    0.182740680817,0.197724569486,0.212727858992,0.227712266626,
    0.242722186927,0.257740578549,0.272730613132,0.287749851447,
    0.302807253127,0.317909897629,0.333164876512,0.348417208457,
    0.363717555355,0.379021830365,0.39430254102,0.409403510223,
    0.424503833082,0.439703221214,0.455034147268,0.475266642259,
    0.494822408855,0.514358099005,0.53448350075,0.549791243926,
    0.564993335593,0.580114457875,0.595233122966,0.610524778841,
    0.625831283594,0.641129798524,0.656395058325,0.671658347301,
    0.686764177688,0.701824559728,0.716841998439,0.731832580826,
    0.74685884212,0.761877146393,0.776861271766,0.791847146503,
    0.806852809101,0.821843806167,0.836903306197,0.851969913481,
    0.873073700462,0.890743423327,0.916073608219,0.937085032849,
0.966089436802,0.983488965917,1.),.UNSPECIFIED.) CURVE() 
GEOMETRIC_REPRESENTATION_ITEM() RATIONAL_B_SPLINE_CURVE((1.,
    0.99999999999,1.000000000005,0.999999999998,1.,1.,1.,1.,1.,1.,1.,1.,
    1.,1.,1.,1.,1.,1.,1.,1.,1.,1.,1.,1.,1.,1.,1.,1.,1.,1.,1.,1.,1.,1.,1.
    ,1.,1.,1.,1.,1.,1.,1.,1.,1.,1.,1.,1.,1.,1.,1.,1.,1.,1.,1.,1.,1.,1.,
    1.,1.,0.999999999999,1.000000000002,0.999999999996,1.)) 
REPRESENTATION_ITEM('') );
#5983 = CARTESIAN_POINT('',(140.9618,-352.3633440236,109.90042264818));
#5984 = CARTESIAN_POINT('',(139.3469737637,-365.0412819548,
    111.93763324514));
#5985 = CARTESIAN_POINT('',(146.55711552643,-348.1359793579,
    109.1750396294));
#5986 = CARTESIAN_POINT('',(149.83248812156,-348.0886924474,
    108.78616093854));
#5987 = CARTESIAN_POINT('',(152.63844988999,-357.4533641833,
    110.22215821638));
#5988 = CARTESIAN_POINT('',(159.61432189493,-355.5415462565,
    109.98275709621));
#5989 = CARTESIAN_POINT('',(161.57498576671,-360.4097144149,
    110.42107230914));
#5990 = CARTESIAN_POINT('',(166.85069272796,-352.2532361871,
    109.14593338146));
#5991 = CARTESIAN_POINT('',(170.05924171584,-358.7290998794,
    110.18807183936));
#5992 = CARTESIAN_POINT('',(175.2605606702,-357.4337765701,
    110.02097744798));
#5993 = CARTESIAN_POINT('',(179.44145366882,-358.0630475552,
    110.23954382378));
#5994 = CARTESIAN_POINT('',(183.74546905009,-358.1682828295,
    110.37454527435));
#5995 = CARTESIAN_POINT('',(188.02212458981,-357.9812775561,
    110.39365740676));
#5996 = CARTESIAN_POINT('',(192.29363155905,-358.3987516675,
    110.51722251153));
#5997 = CARTESIAN_POINT('',(196.58004983101,-358.6597113061,
    110.79567872455));
#5998 = CARTESIAN_POINT('',(200.85501156117,-357.7603402709,
    110.62943382435));
#5999 = CARTESIAN_POINT('',(205.12596544359,-358.6031290245,
    111.1109032475));
#6000 = CARTESIAN_POINT('',(209.41439322258,-358.2480637792,
    111.20857498221));
#6001 = CARTESIAN_POINT('',(213.69322367635,-357.8188545945,
    111.36670522127));
#6002 = CARTESIAN_POINT('',(217.96934112329,-357.2761591714,
    111.4192649035));
#6003 = CARTESIAN_POINT('',(222.26952895422,-356.6595420062,
    111.47818454327));
#6004 = CARTESIAN_POINT('',(226.5166643478,-355.5518249778,
    111.37978634492));
#6005 = CARTESIAN_POINT('',(230.80856684708,-354.5380789283,
    111.41504651927));
#6006 = CARTESIAN_POINT('',(235.07622110161,-353.5289653715,
    111.59948043439));
#6007 = CARTESIAN_POINT('',(239.35488141397,-352.4490827622,
    111.74149428752));
#6008 = CARTESIAN_POINT('',(243.60389158591,-351.027975296,
    111.81201687573));
#6009 = CARTESIAN_POINT('',(247.90844854027,-350.3683703401,
    111.65374063715));
#6010 = CARTESIAN_POINT('',(252.2213347776,-350.3483798156,
    111.16215170127));
#6011 = CARTESIAN_POINT('',(256.41797633353,-350.2435326094,
    110.30628916341));
#6012 = CARTESIAN_POINT('',(261.49749220731,-350.8766341386,
    110.62327270674));
#6013 = CARTESIAN_POINT('',(264.82846846707,-354.7234008853,
    110.16297032944));
#6014 = CARTESIAN_POINT('',(269.29986524939,-345.6854595268,
    110.3331640267));
#6015 = CARTESIAN_POINT('',(273.76120192934,-353.2143046831,
    110.35414413884));
#6016 = CARTESIAN_POINT('',(277.11561224167,-356.2670392234,
    109.66798296897));
#6017 = CARTESIAN_POINT('',(282.18739413143,-357.0996039024,
    109.33829475666));
#6018 = CARTESIAN_POINT('',(286.38362479911,-357.6517713848,
    109.58194718613));
#6019 = CARTESIAN_POINT('',(290.6929217221,-357.6927387889,
    109.78308145178));
#6020 = CARTESIAN_POINT('',(294.99728518776,-358.0035757553,
    109.2374295359));
#6021 = CARTESIAN_POINT('',(299.24599549207,-357.7931720252,
    108.9040038861));
#6022 = CARTESIAN_POINT('',(303.52499017227,-357.4951404666,
    108.60410345937));
#6023 = CARTESIAN_POINT('',(307.79622056725,-357.2164886143,
    108.38276044741));
#6024 = CARTESIAN_POINT('',(312.08441986464,-356.7311666418,
    107.98348650905));
#6025 = CARTESIAN_POINT('',(316.3318452167,-356.4360282477,
    107.59452646836));
#6026 = CARTESIAN_POINT('',(320.63289091038,-356.4692568885,
    107.12532260651));
#6027 = CARTESIAN_POINT('',(324.90801010291,-356.3449312679,
    106.82080218598));
#6028 = CARTESIAN_POINT('',(329.18807309953,-356.363088085,
    106.85416259076));
#6029 = CARTESIAN_POINT('',(333.47733801931,-356.3116611423,
    106.91964962016));
#6030 = CARTESIAN_POINT('',(337.7470456075,-356.6729253628,
    106.86886360824));
#6031 = CARTESIAN_POINT('',(342.02123400371,-356.2783392407,
    107.01585606708));
#6032 = CARTESIAN_POINT('',(346.30443528757,-356.3841253995,
    106.99564210762));
#6033 = CARTESIAN_POINT('',(350.5884217255,-356.3959635426,
    107.00558410184));
#6034 = CARTESIAN_POINT('',(354.84926238005,-355.7922900789,
    107.24430261482));
#6035 = CARTESIAN_POINT('',(359.17649042862,-356.4143749768,
    107.04905008107));
#6036 = CARTESIAN_POINT('',(363.32021844008,-355.0774576838,
    107.58857369257));
#6037 = CARTESIAN_POINT('',(368.68503275418,-356.8892847964,
    107.47829215835));
#6038 = CARTESIAN_POINT('',(371.24903411287,-350.8209578022,
    108.86286022061));
#6039 = CARTESIAN_POINT('',(377.42638182418,-343.1792179212,
    110.08522140612));
#6040 = CARTESIAN_POINT('',(379.73562276372,-359.630902485,
    107.5936593894));
#6041 = CARTESIAN_POINT('',(385.92015942773,-343.6036430632,
    109.82749905567));
#6042 = CARTESIAN_POINT('',(387.95796901408,-355.1873224205,
    108.40339009329));
#6043 = CARTESIAN_POINT('',(392.55136708921,-358.061953113,
    108.27689275216));
#6044 = CARTESIAN_POINT('',(397.86107277384,-340.20480066,
    110.94929163011));
#6045 = CARTESIAN_POINT('',(397.6403,-350.8681551822,109.4729581481));
#6046 = PCURVE('',#5800,#6047);
#6047 = DEFINITIONAL_REPRESENTATION('',(#6048),#6052);
#6048 = LINE('',#6049,#6050);
#6049 = CARTESIAN_POINT('',(23.,0.));
#6050 = VECTOR('',#6051,1.);
#6051 = DIRECTION('',(0.,1.));
#6052 = ( GEOMETRIC_REPRESENTATION_CONTEXT(2) 
PARAMETRIC_REPRESENTATION_CONTEXT() REPRESENTATION_CONTEXT('2D SPACE',''
  ) );
#6053 = PCURVE('',#6054,#6181);
#6054 = ( BOUNDED_SURFACE() B_SPLINE_SURFACE(1,3,(
    (#6055,#6056,#6057,#6058,#6059,#6060,#6061,#6062,#6063,#6064,#6065
      ,#6066,#6067,#6068,#6069,#6070,#6071,#6072,#6073,#6074,#6075,#6076
      ,#6077,#6078,#6079,#6080,#6081,#6082,#6083,#6084,#6085,#6086,#6087
      ,#6088,#6089,#6090,#6091,#6092,#6093,#6094,#6095,#6096,#6097,#6098
      ,#6099,#6100,#6101,#6102,#6103,#6104,#6105,#6106,#6107,#6108,#6109
      ,#6110,#6111,#6112,#6113,#6114,#6115,#6116,#6117)
    ,(#6118,#6119,#6120,#6121,#6122,#6123,#6124,#6125,#6126,#6127,#6128
      ,#6129,#6130,#6131,#6132,#6133,#6134,#6135,#6136,#6137,#6138,#6139
      ,#6140,#6141,#6142,#6143,#6144,#6145,#6146,#6147,#6148,#6149,#6150
      ,#6151,#6152,#6153,#6154,#6155,#6156,#6157,#6158,#6159,#6160,#6161
      ,#6162,#6163,#6164,#6165,#6166,#6167,#6168,#6169,#6170,#6171,#6172
      ,#6173,#6174,#6175,#6176,#6177,#6178,#6179,#6180
)),.UNSPECIFIED.,.F.,.F.,.F.) B_SPLINE_SURFACE_WITH_KNOTS((2,2),(4,1,1,1
    ,1,1,1,1,1,1,1,1,1,1,1,1,1,1,1,1,1,1,1,1,1,1,1,1,1,1,1,1,1,1,1,1,1,1
    ,1,1,1,1,1,1,1,1,1,1,1,1,1,1,1,1,1,1,1,1,1,1,4),(23.,24.),(0.,
    1.732138582393E-02,3.476147556169E-02,5.682134329819E-02,
    7.1962296323E-02,9.668171057498E-02,0.117312720082,0.137726814038,
    0.152748180615,0.167749813045,0.182740680817,0.197724569486,
    0.212727858992,0.227712266626,0.242722186927,0.257740578549,
    0.272730613132,0.287749851447,0.302807253127,0.317909897629,
    0.333164876512,0.348417208457,0.363717555355,0.379021830365,
    0.39430254102,0.409403510223,0.424503833082,0.439703221214,
    0.455034147268,0.475266642259,0.494822408855,0.514358099005,
    0.53448350075,0.549791243926,0.564993335593,0.580114457875,
    0.595233122966,0.610524778841,0.625831283594,0.641129798524,
    0.656395058325,0.671658347301,0.686764177688,0.701824559728,
    0.716841998439,0.731832580826,0.74685884212,0.761877146393,
    0.776861271766,0.791847146503,0.806852809101,0.821843806167,
    0.836903306197,0.851969913481,0.873073700462,0.890743423327,
    0.916073608219,0.937085032849,0.966089436802,0.983488965917,1.),
.UNSPECIFIED.) GEOMETRIC_REPRESENTATION_ITEM() RATIONAL_B_SPLINE_SURFACE
((
    (1.,0.99999999999,1.000000000005,0.999999999998,1.,1.,1.,1.,1.,1.,1.
      ,1.,1.,1.,1.,1.,1.,1.,1.,1.,1.,1.,1.,1.,1.,1.,1.,1.,1.,1.,1.,1.,1.
      ,1.,1.,1.,1.,1.,1.,1.,1.,1.,1.,1.,1.,1.,1.,1.,1.,1.,1.,1.,1.,1.,1.
      ,1.,1.,1.,1.,0.999999999999,1.000000000002,0.999999999996,1.)
    ,(1.,0.99999999999,1.000000000005,0.999999999998,1.,1.,1.,1.,1.,1.
      ,1.,1.,1.,1.,1.,1.,1.,1.,1.,1.,1.,1.,1.,1.,1.,1.,1.,1.,1.,1.,1.,1.
      ,1.,1.,1.,1.,1.,1.,1.,1.,1.,1.,1.,1.,1.,1.,1.,1.,1.,1.,1.,1.,1.,1.
      ,1.,1.,1.,1.,1.,0.999999999999,1.000000000002,0.999999999996,1.
))) REPRESENTATION_ITEM('') SURFACE() );
#6055 = CARTESIAN_POINT('',(140.9618,-352.3633440236,109.90042264818));
#6056 = CARTESIAN_POINT('',(139.3469737637,-365.0412819548,
    111.93763324514));
#6057 = CARTESIAN_POINT('',(146.55711552643,-348.1359793579,
    109.1750396294));
#6058 = CARTESIAN_POINT('',(149.83248812156,-348.0886924474,
    108.78616093854));
#6059 = CARTESIAN_POINT('',(152.63844988999,-357.4533641833,
    110.22215821638));
#6060 = CARTESIAN_POINT('',(159.61432189493,-355.5415462565,
    109.98275709621));
#6061 = CARTESIAN_POINT('',(161.57498576671,-360.4097144149,
    110.42107230914));
#6062 = CARTESIAN_POINT('',(166.85069272796,-352.2532361871,
    109.14593338146));
#6063 = CARTESIAN_POINT('',(170.05924171584,-358.7290998794,
    110.18807183936));
#6064 = CARTESIAN_POINT('',(175.2605606702,-357.4337765701,
    110.02097744798));
#6065 = CARTESIAN_POINT('',(179.44145366882,-358.0630475552,
    110.23954382378));
#6066 = CARTESIAN_POINT('',(183.74546905009,-358.1682828295,
    110.37454527435));
#6067 = CARTESIAN_POINT('',(188.02212458981,-357.9812775561,
    110.39365740676));
#6068 = CARTESIAN_POINT('',(192.29363155905,-358.3987516675,
    110.51722251153));
#6069 = CARTESIAN_POINT('',(196.58004983101,-358.6597113061,
    110.79567872455));
#6070 = CARTESIAN_POINT('',(200.85501156117,-357.7603402709,
    110.62943382435));
#6071 = CARTESIAN_POINT('',(205.12596544359,-358.6031290245,
    111.1109032475));
#6072 = CARTESIAN_POINT('',(209.41439322258,-358.2480637792,
    111.20857498221));
#6073 = CARTESIAN_POINT('',(213.69322367635,-357.8188545945,
    111.36670522127));
#6074 = CARTESIAN_POINT('',(217.96934112329,-357.2761591714,
    111.4192649035));
#6075 = CARTESIAN_POINT('',(222.26952895422,-356.6595420062,
    111.47818454327));
#6076 = CARTESIAN_POINT('',(226.5166643478,-355.5518249778,
    111.37978634492));
#6077 = CARTESIAN_POINT('',(230.80856684708,-354.5380789283,
    111.41504651927));
#6078 = CARTESIAN_POINT('',(235.07622110161,-353.5289653715,
    111.59948043439));
#6079 = CARTESIAN_POINT('',(239.35488141397,-352.4490827622,
    111.74149428752));
#6080 = CARTESIAN_POINT('',(243.60389158591,-351.027975296,
    111.81201687573));
#6081 = CARTESIAN_POINT('',(247.90844854027,-350.3683703401,
    111.65374063715));
#6082 = CARTESIAN_POINT('',(252.2213347776,-350.3483798156,
    111.16215170127));
#6083 = CARTESIAN_POINT('',(256.41797633353,-350.2435326094,
    110.30628916341));
#6084 = CARTESIAN_POINT('',(261.49749220731,-350.8766341386,
    110.62327270674));
#6085 = CARTESIAN_POINT('',(264.82846846707,-354.7234008853,
    110.16297032944));
#6086 = CARTESIAN_POINT('',(269.29986524939,-345.6854595268,
    110.3331640267));
#6087 = CARTESIAN_POINT('',(273.76120192934,-353.2143046831,
    110.35414413884));
#6088 = CARTESIAN_POINT('',(277.11561224167,-356.2670392234,
    109.66798296897));
#6089 = CARTESIAN_POINT('',(282.18739413143,-357.0996039024,
    109.33829475666));
#6090 = CARTESIAN_POINT('',(286.38362479911,-357.6517713848,
    109.58194718613));
#6091 = CARTESIAN_POINT('',(290.6929217221,-357.6927387889,
    109.78308145178));
#6092 = CARTESIAN_POINT('',(294.99728518776,-358.0035757553,
    109.2374295359));
#6093 = CARTESIAN_POINT('',(299.24599549207,-357.7931720252,
    108.9040038861));
#6094 = CARTESIAN_POINT('',(303.52499017227,-357.4951404666,
    108.60410345937));
#6095 = CARTESIAN_POINT('',(307.79622056725,-357.2164886143,
    108.38276044741));
#6096 = CARTESIAN_POINT('',(312.08441986464,-356.7311666418,
    107.98348650905));
#6097 = CARTESIAN_POINT('',(316.3318452167,-356.4360282477,
    107.59452646836));
#6098 = CARTESIAN_POINT('',(320.63289091038,-356.4692568885,
    107.12532260651));
#6099 = CARTESIAN_POINT('',(324.90801010291,-356.3449312679,
    106.82080218598));
#6100 = CARTESIAN_POINT('',(329.18807309953,-356.363088085,
    106.85416259076));
#6101 = CARTESIAN_POINT('',(333.47733801931,-356.3116611423,
    106.91964962016));
#6102 = CARTESIAN_POINT('',(337.7470456075,-356.6729253628,
    106.86886360824));
#6103 = CARTESIAN_POINT('',(342.02123400371,-356.2783392407,
    107.01585606708));
#6104 = CARTESIAN_POINT('',(346.30443528757,-356.3841253995,
    106.99564210762));
#6105 = CARTESIAN_POINT('',(350.5884217255,-356.3959635426,
    107.00558410184));
#6106 = CARTESIAN_POINT('',(354.84926238005,-355.7922900789,
    107.24430261482));
#6107 = CARTESIAN_POINT('',(359.17649042862,-356.4143749768,
    107.04905008107));
#6108 = CARTESIAN_POINT('',(363.32021844008,-355.0774576838,
    107.58857369257));
#6109 = CARTESIAN_POINT('',(368.68503275418,-356.8892847964,
    107.47829215835));
#6110 = CARTESIAN_POINT('',(371.24903411287,-350.8209578022,
    108.86286022061));
#6111 = CARTESIAN_POINT('',(377.42638182418,-343.1792179212,
    110.08522140612));
#6112 = CARTESIAN_POINT('',(379.73562276372,-359.630902485,
    107.5936593894));
#6113 = CARTESIAN_POINT('',(385.92015942773,-343.6036430632,
    109.82749905567));
#6114 = CARTESIAN_POINT('',(387.95796901408,-355.1873224205,
    108.40339009329));
#6115 = CARTESIAN_POINT('',(392.55136708921,-358.061953113,
    108.27689275216));
#6116 = CARTESIAN_POINT('',(397.86107277384,-340.20480066,
    110.94929163011));
#6117 = CARTESIAN_POINT('',(397.6403,-350.8681551822,109.4729581481));
#6118 = CARTESIAN_POINT('',(140.9618,-352.1433136919,109.87194805331));
#6119 = CARTESIAN_POINT('',(139.3469737637,-364.2899953433,
    111.71880453602));
#6120 = CARTESIAN_POINT('',(146.55711552643,-347.6738343713,
    109.18717966063));
#6121 = CARTESIAN_POINT('',(149.83248812156,-347.788746443,
    108.74332098362));
#6122 = CARTESIAN_POINT('',(152.63844988999,-356.5425205263,
    110.01885530218));
#6123 = CARTESIAN_POINT('',(159.61432189493,-354.4201556151,
    109.86568191584));
#6124 = CARTESIAN_POINT('',(161.57498576671,-360.0616854751,
    110.35579575531));
#6125 = CARTESIAN_POINT('',(166.85069272796,-351.8426834506,
    109.00965725617));
#6126 = CARTESIAN_POINT('',(170.05924171584,-357.364321147,
    109.94948656307));
#6127 = CARTESIAN_POINT('',(175.2605606702,-356.2121275318,
    109.75724016981));
#6128 = CARTESIAN_POINT('',(179.44145366882,-356.7557774773,
    109.97230072068));
#6129 = CARTESIAN_POINT('',(183.74546905009,-356.8450864013,
    110.07484617347));
#6130 = CARTESIAN_POINT('',(188.02212458981,-356.6564748504,
    110.09643714872));
#6131 = CARTESIAN_POINT('',(192.29363155905,-357.0279296468,
    110.22733017932));
#6132 = CARTESIAN_POINT('',(196.58004983101,-357.2874362688,
    110.41318341042));
#6133 = CARTESIAN_POINT('',(200.85501156117,-356.4376569024,
    110.30586537987));
#6134 = CARTESIAN_POINT('',(205.12596544359,-357.2320290937,
    110.69899304852));
#6135 = CARTESIAN_POINT('',(209.41439322258,-356.8948056125,
    110.84249451304));
#6136 = CARTESIAN_POINT('',(213.69322367635,-356.5213025166,
    110.90637046006));
#6137 = CARTESIAN_POINT('',(217.96934112329,-356.0240461651,
    110.99519107086));
#6138 = CARTESIAN_POINT('',(222.26952895422,-355.4972617192,
    110.99108701868));
#6139 = CARTESIAN_POINT('',(226.5166643478,-354.4749906647,
    110.88094844516));
#6140 = CARTESIAN_POINT('',(230.80856684708,-353.5756803501,
    110.85525682617));
#6141 = CARTESIAN_POINT('',(235.07622110161,-352.6798021975,
    110.99936744328));
#6142 = CARTESIAN_POINT('',(239.35488141397,-351.7645270405,
    111.06304622568));
#6143 = CARTESIAN_POINT('',(243.60389158591,-350.3925413659,
    111.20981476296));
#6144 = CARTESIAN_POINT('',(247.90844854027,-349.8024695757,
    111.09089168578));
#6145 = CARTESIAN_POINT('',(252.2213347776,-349.7697955094,
    110.72877180529));
#6146 = CARTESIAN_POINT('',(256.41797633353,-349.7055728148,
    109.99271262597));
#6147 = CARTESIAN_POINT('',(261.49749220731,-350.2616429418,
    110.4546531378));
#6148 = CARTESIAN_POINT('',(264.82846846707,-354.8892021936,
    109.18907247078));
#6149 = CARTESIAN_POINT('',(269.29986524939,-345.6803047684,
    109.80013419288));
#6150 = CARTESIAN_POINT('',(273.76120192934,-353.0700549202,
    109.40897094229));
#6151 = CARTESIAN_POINT('',(277.11561224167,-356.8097818579,
    109.40367767583));
#6152 = CARTESIAN_POINT('',(282.18739413143,-357.5699224129,
    108.91596698373));
#6153 = CARTESIAN_POINT('',(286.38362479911,-358.1158549463,
    109.04054004308));
#6154 = CARTESIAN_POINT('',(290.6929217221,-358.2545748237,
    109.21761027859));
#6155 = CARTESIAN_POINT('',(294.99728518776,-358.5942966887,
    108.59590052328));
#6156 = CARTESIAN_POINT('',(299.24599549207,-358.5367607328,
    108.2868987344));
#6157 = CARTESIAN_POINT('',(303.52499017227,-358.39888041,
    108.09782183882));
#6158 = CARTESIAN_POINT('',(307.79622056725,-358.1437405362,
    107.76785359194));
#6159 = CARTESIAN_POINT('',(312.08441986464,-357.8399151983,
    107.54927824177));
#6160 = CARTESIAN_POINT('',(316.3318452167,-357.599860177,
    107.11778752596));
#6161 = CARTESIAN_POINT('',(320.63289091038,-357.7061154402,
    106.64646375775));
#6162 = CARTESIAN_POINT('',(324.90801010291,-357.6190620964,
    106.29805333455));
#6163 = CARTESIAN_POINT('',(329.18807309953,-357.6681976495,
    106.32855645537));
#6164 = CARTESIAN_POINT('',(333.47733801931,-357.6420347073,
    106.39265702984));
#6165 = CARTESIAN_POINT('',(337.7470456075,-357.972428373,
    106.42247501401));
#6166 = CARTESIAN_POINT('',(342.02123400371,-357.6177650584,
    106.52420110718));
#6167 = CARTESIAN_POINT('',(346.30443528757,-357.706768699,
    106.55282069171));
#6168 = CARTESIAN_POINT('',(350.5884217255,-357.7181893267,
    106.58674682398));
#6169 = CARTESIAN_POINT('',(354.84926238005,-357.0469852346,
    106.81722672614));
#6170 = CARTESIAN_POINT('',(359.17649042862,-357.7006176414,
    106.66302103347));
#6171 = CARTESIAN_POINT('',(363.32021844008,-356.2600987826,
    107.19013879995));
#6172 = CARTESIAN_POINT('',(368.68503275418,-358.1420533839,
    107.28108693314));
#6173 = CARTESIAN_POINT('',(371.24903411287,-351.7075139988,
    108.68929662877));
#6174 = CARTESIAN_POINT('',(377.42638182418,-343.4691168299,
    110.05214181207));
#6175 = CARTESIAN_POINT('',(379.73562276372,-360.9552531848,
    107.38618679587));
#6176 = CARTESIAN_POINT('',(385.92015942773,-343.9608601998,
    109.76679755915));
#6177 = CARTESIAN_POINT('',(387.95796901408,-355.4792458334,
    108.37788943767));
#6178 = CARTESIAN_POINT('',(392.55136708921,-358.7987160568,
    108.1920794045));
#6179 = CARTESIAN_POINT('',(397.86107277384,-340.2970508125,
    110.9504673089));
#6180 = CARTESIAN_POINT('',(397.6403,-351.0445453549,109.45371481378));
#6181 = DEFINITIONAL_REPRESENTATION('',(#6182),#6186);
#6182 = LINE('',#6183,#6184);
#6183 = CARTESIAN_POINT('',(23.,0.));
#6184 = VECTOR('',#6185,1.);
#6185 = DIRECTION('',(0.,1.));
#6186 = ( GEOMETRIC_REPRESENTATION_CONTEXT(2) 
PARAMETRIC_REPRESENTATION_CONTEXT() REPRESENTATION_CONTEXT('2D SPACE',''
  ) );
#6187 = ORIENTED_EDGE('',*,*,#6188,.F.);
#6188 = EDGE_CURVE('',#5725,#5979,#6189,.T.);
#6189 = SURFACE_CURVE('',#6190,(#6193,#6200),.PCURVE_S1.);
#6190 = B_SPLINE_CURVE_WITH_KNOTS('',1,(#6191,#6192),.UNSPECIFIED.,.F.,
  .F.,(2,2),(22.,23.),.PIECEWISE_BEZIER_KNOTS.);
#6191 = CARTESIAN_POINT('',(397.6403,-350.6919051997,109.49349199705));
#6192 = CARTESIAN_POINT('',(397.6403,-350.8681551822,109.4729581481));
#6193 = PCURVE('',#5800,#6194);
#6194 = DEFINITIONAL_REPRESENTATION('',(#6195),#6199);
#6195 = LINE('',#6196,#6197);
#6196 = CARTESIAN_POINT('',(0.,1.));
#6197 = VECTOR('',#6198,1.);
#6198 = DIRECTION('',(1.,0.));
#6199 = ( GEOMETRIC_REPRESENTATION_CONTEXT(2) 
PARAMETRIC_REPRESENTATION_CONTEXT() REPRESENTATION_CONTEXT('2D SPACE',''
  ) );
#6200 = PCURVE('',#401,#6201);
#6201 = DEFINITIONAL_REPRESENTATION('',(#6202),#6205);
#6202 = B_SPLINE_CURVE_WITH_KNOTS('',1,(#6203,#6204),.UNSPECIFIED.,.F.,
  .F.,(2,2),(22.,23.),.PIECEWISE_BEZIER_KNOTS.);
#6203 = CARTESIAN_POINT('',(1.064520320503,1.770769666683E-02));
#6204 = CARTESIAN_POINT('',(1.241962410386,1.77096479155E-02));
#6205 = ( GEOMETRIC_REPRESENTATION_CONTEXT(2) 
PARAMETRIC_REPRESENTATION_CONTEXT() REPRESENTATION_CONTEXT('2D SPACE',''
  ) );
#6206 = ORIENTED_EDGE('',*,*,#5724,.F.);
#6207 = ADVANCED_FACE('',(#6208),#6054,.T.);
#6208 = FACE_BOUND('',#6209,.T.);
#6209 = EDGE_LOOP('',(#6210,#6231,#6441,#6460));
#6210 = ORIENTED_EDGE('',*,*,#6211,.T.);
#6211 = EDGE_CURVE('',#5958,#6212,#6214,.T.);
#6212 = VERTEX_POINT('',#6213);
#6213 = CARTESIAN_POINT('',(140.9618,-352.1433136919,109.87194805331));
#6214 = SURFACE_CURVE('',#6215,(#6218,#6225),.PCURVE_S1.);
#6215 = B_SPLINE_CURVE_WITH_KNOTS('',1,(#6216,#6217),.UNSPECIFIED.,.F.,
  .F.,(2,2),(23.,24.),.PIECEWISE_BEZIER_KNOTS.);
#6216 = CARTESIAN_POINT('',(140.9618,-352.3633440236,109.90042264818));
#6217 = CARTESIAN_POINT('',(140.9618,-352.1433136919,109.87194805331));
#6218 = PCURVE('',#6054,#6219);
#6219 = DEFINITIONAL_REPRESENTATION('',(#6220),#6224);
#6220 = LINE('',#6221,#6222);
#6221 = CARTESIAN_POINT('',(0.,0.));
#6222 = VECTOR('',#6223,1.);
#6223 = DIRECTION('',(1.,0.));
#6224 = ( GEOMETRIC_REPRESENTATION_CONTEXT(2) 
PARAMETRIC_REPRESENTATION_CONTEXT() REPRESENTATION_CONTEXT('2D SPACE',''
  ) );
#6225 = PCURVE('',#165,#6226);
#6226 = DEFINITIONAL_REPRESENTATION('',(#6227),#6230);
#6227 = B_SPLINE_CURVE_WITH_KNOTS('',1,(#6228,#6229),.UNSPECIFIED.,.F.,
  .F.,(2,2),(23.,24.),.PIECEWISE_BEZIER_KNOTS.);
#6228 = CARTESIAN_POINT('',(3.327899675901,3.47562226726E-03));
#6229 = CARTESIAN_POINT('',(3.10603621695,4.344527834093E-03));
#6230 = ( GEOMETRIC_REPRESENTATION_CONTEXT(2) 
PARAMETRIC_REPRESENTATION_CONTEXT() REPRESENTATION_CONTEXT('2D SPACE',''
  ) );
#6231 = ORIENTED_EDGE('',*,*,#6232,.T.);
#6232 = EDGE_CURVE('',#6212,#6233,#6235,.T.);
#6233 = VERTEX_POINT('',#6234);
#6234 = CARTESIAN_POINT('',(397.6403,-351.0445453549,109.45371481378));
#6235 = SURFACE_CURVE('',#6236,(#6300,#6307),.PCURVE_S1.);
#6236 = ( BOUNDED_CURVE() B_SPLINE_CURVE(3,(#6237,#6238,#6239,#6240,
    #6241,#6242,#6243,#6244,#6245,#6246,#6247,#6248,#6249,#6250,#6251,
    #6252,#6253,#6254,#6255,#6256,#6257,#6258,#6259,#6260,#6261,#6262,
    #6263,#6264,#6265,#6266,#6267,#6268,#6269,#6270,#6271,#6272,#6273,
    #6274,#6275,#6276,#6277,#6278,#6279,#6280,#6281,#6282,#6283,#6284,
    #6285,#6286,#6287,#6288,#6289,#6290,#6291,#6292,#6293,#6294,#6295,
    #6296,#6297,#6298,#6299),.UNSPECIFIED.,.F.,.F.) 
B_SPLINE_CURVE_WITH_KNOTS((4,1,1,1,1,1,1,1,1,1,1,1,1,1,1,1,1,1,1,1,1,1,1
    ,1,1,1,1,1,1,1,1,1,1,1,1,1,1,1,1,1,1,1,1,1,1,1,1,1,1,1,1,1,1,1,1,1,1
    ,1,1,1,4),(0.,1.732138582393E-02,3.476147556169E-02,
    5.682134329819E-02,7.1962296323E-02,9.668171057498E-02,
    0.117312720082,0.137726814038,0.152748180615,0.167749813045,
    0.182740680817,0.197724569486,0.212727858992,0.227712266626,
    0.242722186927,0.257740578549,0.272730613132,0.287749851447,
    0.302807253127,0.317909897629,0.333164876512,0.348417208457,
    0.363717555355,0.379021830365,0.39430254102,0.409403510223,
    0.424503833082,0.439703221214,0.455034147268,0.475266642259,
    0.494822408855,0.514358099005,0.53448350075,0.549791243926,
    0.564993335593,0.580114457875,0.595233122966,0.610524778841,
    0.625831283594,0.641129798524,0.656395058325,0.671658347301,
    0.686764177688,0.701824559728,0.716841998439,0.731832580826,
    0.74685884212,0.761877146393,0.776861271766,0.791847146503,
    0.806852809101,0.821843806167,0.836903306197,0.851969913481,
    0.873073700462,0.890743423327,0.916073608219,0.937085032849,
0.966089436802,0.983488965917,1.),.UNSPECIFIED.) CURVE() 
GEOMETRIC_REPRESENTATION_ITEM() RATIONAL_B_SPLINE_CURVE((1.,
    0.99999999999,1.000000000005,0.999999999998,1.,1.,1.,1.,1.,1.,1.,1.,
    1.,1.,1.,1.,1.,1.,1.,1.,1.,1.,1.,1.,1.,1.,1.,1.,1.,1.,1.,1.,1.,1.,1.
    ,1.,1.,1.,1.,1.,1.,1.,1.,1.,1.,1.,1.,1.,1.,1.,1.,1.,1.,1.,1.,1.,1.,
    1.,1.,0.999999999999,1.000000000002,0.999999999996,1.)) 
REPRESENTATION_ITEM('') );
#6237 = CARTESIAN_POINT('',(140.9618,-352.1433136919,109.87194805331));
#6238 = CARTESIAN_POINT('',(139.3469737637,-364.2899953433,
    111.71880453602));
#6239 = CARTESIAN_POINT('',(146.55711552643,-347.6738343713,
    109.18717966063));
#6240 = CARTESIAN_POINT('',(149.83248812156,-347.788746443,
    108.74332098362));
#6241 = CARTESIAN_POINT('',(152.63844988999,-356.5425205263,
    110.01885530218));
#6242 = CARTESIAN_POINT('',(159.61432189493,-354.4201556151,
    109.86568191584));
#6243 = CARTESIAN_POINT('',(161.57498576671,-360.0616854751,
    110.35579575531));
#6244 = CARTESIAN_POINT('',(166.85069272796,-351.8426834506,
    109.00965725617));
#6245 = CARTESIAN_POINT('',(170.05924171584,-357.364321147,
    109.94948656307));
#6246 = CARTESIAN_POINT('',(175.2605606702,-356.2121275318,
    109.75724016981));
#6247 = CARTESIAN_POINT('',(179.44145366882,-356.7557774773,
    109.97230072068));
#6248 = CARTESIAN_POINT('',(183.74546905009,-356.8450864013,
    110.07484617347));
#6249 = CARTESIAN_POINT('',(188.02212458981,-356.6564748504,
    110.09643714872));
#6250 = CARTESIAN_POINT('',(192.29363155905,-357.0279296468,
    110.22733017932));
#6251 = CARTESIAN_POINT('',(196.58004983101,-357.2874362688,
    110.41318341042));
#6252 = CARTESIAN_POINT('',(200.85501156117,-356.4376569024,
    110.30586537987));
#6253 = CARTESIAN_POINT('',(205.12596544359,-357.2320290937,
    110.69899304852));
#6254 = CARTESIAN_POINT('',(209.41439322258,-356.8948056125,
    110.84249451304));
#6255 = CARTESIAN_POINT('',(213.69322367635,-356.5213025166,
    110.90637046006));
#6256 = CARTESIAN_POINT('',(217.96934112329,-356.0240461651,
    110.99519107086));
#6257 = CARTESIAN_POINT('',(222.26952895422,-355.4972617192,
    110.99108701868));
#6258 = CARTESIAN_POINT('',(226.5166643478,-354.4749906647,
    110.88094844516));
#6259 = CARTESIAN_POINT('',(230.80856684708,-353.5756803501,
    110.85525682617));
#6260 = CARTESIAN_POINT('',(235.07622110161,-352.6798021975,
    110.99936744328));
#6261 = CARTESIAN_POINT('',(239.35488141397,-351.7645270405,
    111.06304622568));
#6262 = CARTESIAN_POINT('',(243.60389158591,-350.3925413659,
    111.20981476296));
#6263 = CARTESIAN_POINT('',(247.90844854027,-349.8024695757,
    111.09089168578));
#6264 = CARTESIAN_POINT('',(252.2213347776,-349.7697955094,
    110.72877180529));
#6265 = CARTESIAN_POINT('',(256.41797633353,-349.7055728148,
    109.99271262597));
#6266 = CARTESIAN_POINT('',(261.49749220731,-350.2616429418,
    110.4546531378));
#6267 = CARTESIAN_POINT('',(264.82846846707,-354.8892021936,
    109.18907247078));
#6268 = CARTESIAN_POINT('',(269.29986524939,-345.6803047684,
    109.80013419288));
#6269 = CARTESIAN_POINT('',(273.76120192934,-353.0700549202,
    109.40897094229));
#6270 = CARTESIAN_POINT('',(277.11561224167,-356.8097818579,
    109.40367767583));
#6271 = CARTESIAN_POINT('',(282.18739413143,-357.5699224129,
    108.91596698373));
#6272 = CARTESIAN_POINT('',(286.38362479911,-358.1158549463,
    109.04054004308));
#6273 = CARTESIAN_POINT('',(290.6929217221,-358.2545748237,
    109.21761027859));
#6274 = CARTESIAN_POINT('',(294.99728518776,-358.5942966887,
    108.59590052328));
#6275 = CARTESIAN_POINT('',(299.24599549207,-358.5367607328,
    108.2868987344));
#6276 = CARTESIAN_POINT('',(303.52499017227,-358.39888041,
    108.09782183882));
#6277 = CARTESIAN_POINT('',(307.79622056725,-358.1437405362,
    107.76785359194));
#6278 = CARTESIAN_POINT('',(312.08441986464,-357.8399151983,
    107.54927824177));
#6279 = CARTESIAN_POINT('',(316.3318452167,-357.599860177,
    107.11778752596));
#6280 = CARTESIAN_POINT('',(320.63289091038,-357.7061154402,
    106.64646375775));
#6281 = CARTESIAN_POINT('',(324.90801010291,-357.6190620964,
    106.29805333455));
#6282 = CARTESIAN_POINT('',(329.18807309953,-357.6681976495,
    106.32855645537));
#6283 = CARTESIAN_POINT('',(333.47733801931,-357.6420347073,
    106.39265702984));
#6284 = CARTESIAN_POINT('',(337.7470456075,-357.972428373,
    106.42247501401));
#6285 = CARTESIAN_POINT('',(342.02123400371,-357.6177650584,
    106.52420110718));
#6286 = CARTESIAN_POINT('',(346.30443528757,-357.706768699,
    106.55282069171));
#6287 = CARTESIAN_POINT('',(350.5884217255,-357.7181893267,
    106.58674682398));
#6288 = CARTESIAN_POINT('',(354.84926238005,-357.0469852346,
    106.81722672614));
#6289 = CARTESIAN_POINT('',(359.17649042862,-357.7006176414,
    106.66302103347));
#6290 = CARTESIAN_POINT('',(363.32021844008,-356.2600987826,
    107.19013879995));
#6291 = CARTESIAN_POINT('',(368.68503275418,-358.1420533839,
    107.28108693314));
#6292 = CARTESIAN_POINT('',(371.24903411287,-351.7075139988,
    108.68929662877));
#6293 = CARTESIAN_POINT('',(377.42638182418,-343.4691168299,
    110.05214181207));
#6294 = CARTESIAN_POINT('',(379.73562276372,-360.9552531848,
    107.38618679587));
#6295 = CARTESIAN_POINT('',(385.92015942773,-343.9608601998,
    109.76679755915));
#6296 = CARTESIAN_POINT('',(387.95796901408,-355.4792458334,
    108.37788943767));
#6297 = CARTESIAN_POINT('',(392.55136708921,-358.7987160568,
    108.1920794045));
#6298 = CARTESIAN_POINT('',(397.86107277384,-340.2970508125,
    110.9504673089));
#6299 = CARTESIAN_POINT('',(397.6403,-351.0445453549,109.45371481378));
#6300 = PCURVE('',#6054,#6301);
#6301 = DEFINITIONAL_REPRESENTATION('',(#6302),#6306);
#6302 = LINE('',#6303,#6304);
#6303 = CARTESIAN_POINT('',(24.,0.));
#6304 = VECTOR('',#6305,1.);
#6305 = DIRECTION('',(0.,1.));
#6306 = ( GEOMETRIC_REPRESENTATION_CONTEXT(2) 
PARAMETRIC_REPRESENTATION_CONTEXT() REPRESENTATION_CONTEXT('2D SPACE',''
  ) );
#6307 = PCURVE('',#6308,#6435);
#6308 = ( BOUNDED_SURFACE() B_SPLINE_SURFACE(1,3,(
    (#6309,#6310,#6311,#6312,#6313,#6314,#6315,#6316,#6317,#6318,#6319
      ,#6320,#6321,#6322,#6323,#6324,#6325,#6326,#6327,#6328,#6329,#6330
      ,#6331,#6332,#6333,#6334,#6335,#6336,#6337,#6338,#6339,#6340,#6341
      ,#6342,#6343,#6344,#6345,#6346,#6347,#6348,#6349,#6350,#6351,#6352
      ,#6353,#6354,#6355,#6356,#6357,#6358,#6359,#6360,#6361,#6362,#6363
      ,#6364,#6365,#6366,#6367,#6368,#6369,#6370,#6371)
    ,(#6372,#6373,#6374,#6375,#6376,#6377,#6378,#6379,#6380,#6381,#6382
      ,#6383,#6384,#6385,#6386,#6387,#6388,#6389,#6390,#6391,#6392,#6393
      ,#6394,#6395,#6396,#6397,#6398,#6399,#6400,#6401,#6402,#6403,#6404
      ,#6405,#6406,#6407,#6408,#6409,#6410,#6411,#6412,#6413,#6414,#6415
      ,#6416,#6417,#6418,#6419,#6420,#6421,#6422,#6423,#6424,#6425,#6426
      ,#6427,#6428,#6429,#6430,#6431,#6432,#6433,#6434
)),.UNSPECIFIED.,.F.,.F.,.F.) B_SPLINE_SURFACE_WITH_KNOTS((2,2),(4,1,1,1
    ,1,1,1,1,1,1,1,1,1,1,1,1,1,1,1,1,1,1,1,1,1,1,1,1,1,1,1,1,1,1,1,1,1,1
    ,1,1,1,1,1,1,1,1,1,1,1,1,1,1,1,1,1,1,1,1,1,1,4),(24.,25.),(0.,
    1.732138582393E-02,3.476147556169E-02,5.682134329819E-02,
    7.1962296323E-02,9.668171057498E-02,0.117312720082,0.137726814038,
    0.152748180615,0.167749813045,0.182740680817,0.197724569486,
    0.212727858992,0.227712266626,0.242722186927,0.257740578549,
    0.272730613132,0.287749851447,0.302807253127,0.317909897629,
    0.333164876512,0.348417208457,0.363717555355,0.379021830365,
    0.39430254102,0.409403510223,0.424503833082,0.439703221214,
    0.455034147268,0.475266642259,0.494822408855,0.514358099005,
    0.53448350075,0.549791243926,0.564993335593,0.580114457875,
    0.595233122966,0.610524778841,0.625831283594,0.641129798524,
    0.656395058325,0.671658347301,0.686764177688,0.701824559728,
    0.716841998439,0.731832580826,0.74685884212,0.761877146393,
    0.776861271766,0.791847146503,0.806852809101,0.821843806167,
    0.836903306197,0.851969913481,0.873073700462,0.890743423327,
    0.916073608219,0.937085032849,0.966089436802,0.983488965917,1.),
.UNSPECIFIED.) GEOMETRIC_REPRESENTATION_ITEM() RATIONAL_B_SPLINE_SURFACE
((
    (1.,0.99999999999,1.000000000005,0.999999999998,1.,1.,1.,1.,1.,1.,1.
      ,1.,1.,1.,1.,1.,1.,1.,1.,1.,1.,1.,1.,1.,1.,1.,1.,1.,1.,1.,1.,1.,1.
      ,1.,1.,1.,1.,1.,1.,1.,1.,1.,1.,1.,1.,1.,1.,1.,1.,1.,1.,1.,1.,1.,1.
      ,1.,1.,1.,1.,0.999999999999,1.000000000002,0.999999999996,1.)
    ,(1.,0.99999999999,1.000000000005,0.999999999998,1.,1.,1.,1.,1.,1.
      ,1.,1.,1.,1.,1.,1.,1.,1.,1.,1.,1.,1.,1.,1.,1.,1.,1.,1.,1.,1.,1.,1.
      ,1.,1.,1.,1.,1.,1.,1.,1.,1.,1.,1.,1.,1.,1.,1.,1.,1.,1.,1.,1.,1.,1.
      ,1.,1.,1.,1.,1.,0.999999999999,1.000000000002,0.999999999996,1.
))) REPRESENTATION_ITEM('') SURFACE() );
#6309 = CARTESIAN_POINT('',(140.9618,-352.1433136919,109.87194805331));
#6310 = CARTESIAN_POINT('',(139.3469737637,-364.2899953433,
    111.71880453602));
#6311 = CARTESIAN_POINT('',(146.55711552643,-347.6738343713,
    109.18717966063));
#6312 = CARTESIAN_POINT('',(149.83248812156,-347.788746443,
    108.74332098362));
#6313 = CARTESIAN_POINT('',(152.63844988999,-356.5425205263,
    110.01885530218));
#6314 = CARTESIAN_POINT('',(159.61432189493,-354.4201556151,
    109.86568191584));
#6315 = CARTESIAN_POINT('',(161.57498576671,-360.0616854751,
    110.35579575531));
#6316 = CARTESIAN_POINT('',(166.85069272796,-351.8426834506,
    109.00965725617));
#6317 = CARTESIAN_POINT('',(170.05924171584,-357.364321147,
    109.94948656307));
#6318 = CARTESIAN_POINT('',(175.2605606702,-356.2121275318,
    109.75724016981));
#6319 = CARTESIAN_POINT('',(179.44145366882,-356.7557774773,
    109.97230072068));
#6320 = CARTESIAN_POINT('',(183.74546905009,-356.8450864013,
    110.07484617347));
#6321 = CARTESIAN_POINT('',(188.02212458981,-356.6564748504,
    110.09643714872));
#6322 = CARTESIAN_POINT('',(192.29363155905,-357.0279296468,
    110.22733017932));
#6323 = CARTESIAN_POINT('',(196.58004983101,-357.2874362688,
    110.41318341042));
#6324 = CARTESIAN_POINT('',(200.85501156117,-356.4376569024,
    110.30586537987));
#6325 = CARTESIAN_POINT('',(205.12596544359,-357.2320290937,
    110.69899304852));
#6326 = CARTESIAN_POINT('',(209.41439322258,-356.8948056125,
    110.84249451304));
#6327 = CARTESIAN_POINT('',(213.69322367635,-356.5213025166,
    110.90637046006));
#6328 = CARTESIAN_POINT('',(217.96934112329,-356.0240461651,
    110.99519107086));
#6329 = CARTESIAN_POINT('',(222.26952895422,-355.4972617192,
    110.99108701868));
#6330 = CARTESIAN_POINT('',(226.5166643478,-354.4749906647,
    110.88094844516));
#6331 = CARTESIAN_POINT('',(230.80856684708,-353.5756803501,
    110.85525682617));
#6332 = CARTESIAN_POINT('',(235.07622110161,-352.6798021975,
    110.99936744328));
#6333 = CARTESIAN_POINT('',(239.35488141397,-351.7645270405,
    111.06304622568));
#6334 = CARTESIAN_POINT('',(243.60389158591,-350.3925413659,
    111.20981476296));
#6335 = CARTESIAN_POINT('',(247.90844854027,-349.8024695757,
    111.09089168578));
#6336 = CARTESIAN_POINT('',(252.2213347776,-349.7697955094,
    110.72877180529));
#6337 = CARTESIAN_POINT('',(256.41797633353,-349.7055728148,
    109.99271262597));
#6338 = CARTESIAN_POINT('',(261.49749220731,-350.2616429418,
    110.4546531378));
#6339 = CARTESIAN_POINT('',(264.82846846707,-354.8892021936,
    109.18907247078));
#6340 = CARTESIAN_POINT('',(269.29986524939,-345.6803047684,
    109.80013419288));
#6341 = CARTESIAN_POINT('',(273.76120192934,-353.0700549202,
    109.40897094229));
#6342 = CARTESIAN_POINT('',(277.11561224167,-356.8097818579,
    109.40367767583));
#6343 = CARTESIAN_POINT('',(282.18739413143,-357.5699224129,
    108.91596698373));
#6344 = CARTESIAN_POINT('',(286.38362479911,-358.1158549463,
    109.04054004308));
#6345 = CARTESIAN_POINT('',(290.6929217221,-358.2545748237,
    109.21761027859));
#6346 = CARTESIAN_POINT('',(294.99728518776,-358.5942966887,
    108.59590052328));
#6347 = CARTESIAN_POINT('',(299.24599549207,-358.5367607328,
    108.2868987344));
#6348 = CARTESIAN_POINT('',(303.52499017227,-358.39888041,
    108.09782183882));
#6349 = CARTESIAN_POINT('',(307.79622056725,-358.1437405362,
    107.76785359194));
#6350 = CARTESIAN_POINT('',(312.08441986464,-357.8399151983,
    107.54927824177));
#6351 = CARTESIAN_POINT('',(316.3318452167,-357.599860177,
    107.11778752596));
#6352 = CARTESIAN_POINT('',(320.63289091038,-357.7061154402,
    106.64646375775));
#6353 = CARTESIAN_POINT('',(324.90801010291,-357.6190620964,
    106.29805333455));
#6354 = CARTESIAN_POINT('',(329.18807309953,-357.6681976495,
    106.32855645537));
#6355 = CARTESIAN_POINT('',(333.47733801931,-357.6420347073,
    106.39265702984));
#6356 = CARTESIAN_POINT('',(337.7470456075,-357.972428373,
    106.42247501401));
#6357 = CARTESIAN_POINT('',(342.02123400371,-357.6177650584,
    106.52420110718));
#6358 = CARTESIAN_POINT('',(346.30443528757,-357.706768699,
    106.55282069171));
#6359 = CARTESIAN_POINT('',(350.5884217255,-357.7181893267,
    106.58674682398));
#6360 = CARTESIAN_POINT('',(354.84926238005,-357.0469852346,
    106.81722672614));
#6361 = CARTESIAN_POINT('',(359.17649042862,-357.7006176414,
    106.66302103347));
#6362 = CARTESIAN_POINT('',(363.32021844008,-356.2600987826,
    107.19013879995));
#6363 = CARTESIAN_POINT('',(368.68503275418,-358.1420533839,
    107.28108693314));
#6364 = CARTESIAN_POINT('',(371.24903411287,-351.7075139988,
    108.68929662877));
#6365 = CARTESIAN_POINT('',(377.42638182418,-343.4691168299,
    110.05214181207));
#6366 = CARTESIAN_POINT('',(379.73562276372,-360.9552531848,
    107.38618679587));
#6367 = CARTESIAN_POINT('',(385.92015942773,-343.9608601998,
    109.76679755915));
#6368 = CARTESIAN_POINT('',(387.95796901408,-355.4792458334,
    108.37788943767));
#6369 = CARTESIAN_POINT('',(392.55136708921,-358.7987160568,
    108.1920794045));
#6370 = CARTESIAN_POINT('',(397.86107277384,-340.2970508125,
    110.9504673089));
#6371 = CARTESIAN_POINT('',(397.6403,-351.0445453549,109.45371481378));
#6372 = CARTESIAN_POINT('',(140.9618,-351.9232833602,109.84347345844));
#6373 = CARTESIAN_POINT('',(139.3469737637,-363.5515097855,
    111.41909717125));
#6374 = CARTESIAN_POINT('',(146.55711552643,-347.2170138238,
    109.16567925392));
#6375 = CARTESIAN_POINT('',(149.83248812156,-347.4869246493,
    108.71233239302));
#6376 = CARTESIAN_POINT('',(152.63844988999,-355.6320337957,
    109.81329771702));
#6377 = CARTESIAN_POINT('',(159.61432189493,-353.2986243251,
    109.74949403577));
#6378 = CARTESIAN_POINT('',(161.57498576671,-359.7136995569,
    110.29025548231));
#6379 = CARTESIAN_POINT('',(166.85069272796,-351.4321028447,
    108.87353293229));
#6380 = CARTESIAN_POINT('',(170.05924171584,-355.9996060509,
    109.71057919526));
#6381 = CARTESIAN_POINT('',(175.2605606702,-354.9903137827,
    109.49433133463));
#6382 = CARTESIAN_POINT('',(179.44145366882,-355.4485538933,
    109.70482574084));
#6383 = CARTESIAN_POINT('',(183.74546905009,-355.5218685064,
    109.77524715916));
#6384 = CARTESIAN_POINT('',(188.02212458981,-355.3317115639,
    109.79904819147));
#6385 = CARTESIAN_POINT('',(192.29363155905,-355.6569711484,
    109.93801371661));
#6386 = CARTESIAN_POINT('',(196.58004983101,-355.9112561925,
    110.04677272784));
#6387 = CARTESIAN_POINT('',(200.85501156117,-355.1156137215,
    109.979812992));
#6388 = CARTESIAN_POINT('',(205.12596544359,-355.8573111718,
    110.2993098115));
#6389 = CARTESIAN_POINT('',(209.41439322258,-355.5537125164,
    110.43578687181));
#6390 = CARTESIAN_POINT('',(213.69322367635,-355.2201771519,
    110.45770566308));
#6391 = CARTESIAN_POINT('',(217.96934112329,-354.7714707237,
    110.57262556702));
#6392 = CARTESIAN_POINT('',(222.26952895422,-354.3311068825,
    110.51192172746));
#6393 = CARTESIAN_POINT('',(226.5166643478,-353.4163051528,
    110.34360763211));
#6394 = CARTESIAN_POINT('',(230.80856684708,-352.6049874599,
    110.31455895727));
#6395 = CARTESIAN_POINT('',(235.07622110161,-351.8285034144,
    110.40783885712));
#6396 = CARTESIAN_POINT('',(239.35488141397,-350.9476888399,
    110.55114088895));
#6397 = CARTESIAN_POINT('',(243.60389158591,-349.7666425959,
    110.59238774345));
#6398 = CARTESIAN_POINT('',(247.90844854027,-349.232358769,
    110.53385055457));
#6399 = CARTESIAN_POINT('',(252.2213347776,-349.2087734972,
    110.27654823505));
#6400 = CARTESIAN_POINT('',(256.41797633353,-349.2116767895,
    109.60628720176));
#6401 = CARTESIAN_POINT('',(261.49749220731,-349.6223846339,
    110.32764242514));
#6402 = CARTESIAN_POINT('',(264.82846846707,-355.0611192615,
    108.20233913674));
#6403 = CARTESIAN_POINT('',(269.29986524939,-345.676551059,
    109.27353692638));
#6404 = CARTESIAN_POINT('',(273.76120192934,-352.914028981,
    108.45048715758));
#6405 = CARTESIAN_POINT('',(277.11561224167,-357.3950377756,
    109.18264809851));
#6406 = CARTESIAN_POINT('',(282.18739413143,-357.9236317512,
    108.37568248599));
#6407 = CARTESIAN_POINT('',(286.38362479911,-358.5416271572,
    108.46687689955));
#6408 = CARTESIAN_POINT('',(290.6929217221,-358.7118519147,
    108.5622384437));
#6409 = CARTESIAN_POINT('',(294.99728518776,-359.1813941838,
    107.94676354368));
#6410 = CARTESIAN_POINT('',(299.24599549207,-359.2052850597,
    107.60520956906));
#6411 = CARTESIAN_POINT('',(303.52499017227,-359.2413501376,
    107.4850612921));
#6412 = CARTESIAN_POINT('',(307.79622056725,-359.1198700978,
    107.23699970679));
#6413 = CARTESIAN_POINT('',(312.08441986464,-358.8968975348,
    107.01490458352));
#6414 = CARTESIAN_POINT('',(316.3318452167,-358.7942789088,
    106.71560986226));
#6415 = CARTESIAN_POINT('',(320.63289091038,-358.9665965509,
    106.23946071205));
#6416 = CARTESIAN_POINT('',(324.90801010291,-358.9346259858,
    105.89297933773));
#6417 = CARTESIAN_POINT('',(329.18807309953,-359.0175940536,
    105.9335723862));
#6418 = CARTESIAN_POINT('',(333.47733801931,-359.0166636029,
    105.9969395397));
#6419 = CARTESIAN_POINT('',(337.7470456075,-359.3035935859,
    106.08429385787));
#6420 = CARTESIAN_POINT('',(342.02123400371,-359.0086525354,
    106.21243647293));
#6421 = CARTESIAN_POINT('',(346.30443528757,-359.0686934768,
    106.25435123533));
#6422 = CARTESIAN_POINT('',(350.5884217255,-359.074893938,
    106.30314558713));
#6423 = CARTESIAN_POINT('',(354.84926238005,-358.3330320348,
    106.50223415611));
#6424 = CARTESIAN_POINT('',(359.17649042862,-359.0154661483,
    106.39230287832));
#6425 = CARTESIAN_POINT('',(363.32021844008,-357.4704234307,
    106.88647193063));
#6426 = CARTESIAN_POINT('',(368.68503275418,-359.3704756315,
    106.98306224794));
#6427 = CARTESIAN_POINT('',(371.24903411287,-352.6000493891,
    108.54040629913));
#6428 = CARTESIAN_POINT('',(377.42638182418,-343.756881246,
    110.01047198459));
#6429 = CARTESIAN_POINT('',(379.73562276372,-362.2796369806,
    107.17759545919));
#6430 = CARTESIAN_POINT('',(385.92015942773,-344.319685881,
    109.71711671315));
#6431 = CARTESIAN_POINT('',(387.95796901408,-355.7707963897,
    108.34890480097));
#6432 = CARTESIAN_POINT('',(392.55136708921,-359.5357346605,
    108.11100157553));
#6433 = CARTESIAN_POINT('',(397.86107277384,-340.3915742013,
    110.970597033));
#6434 = CARTESIAN_POINT('',(397.6403,-351.2210932899,109.43592375087));
#6435 = DEFINITIONAL_REPRESENTATION('',(#6436),#6440);
#6436 = LINE('',#6437,#6438);
#6437 = CARTESIAN_POINT('',(24.,0.));
#6438 = VECTOR('',#6439,1.);
#6439 = DIRECTION('',(0.,1.));
#6440 = ( GEOMETRIC_REPRESENTATION_CONTEXT(2) 
PARAMETRIC_REPRESENTATION_CONTEXT() REPRESENTATION_CONTEXT('2D SPACE',''
  ) );
#6441 = ORIENTED_EDGE('',*,*,#6442,.F.);
#6442 = EDGE_CURVE('',#5979,#6233,#6443,.T.);
#6443 = SURFACE_CURVE('',#6444,(#6447,#6454),.PCURVE_S1.);
#6444 = B_SPLINE_CURVE_WITH_KNOTS('',1,(#6445,#6446),.UNSPECIFIED.,.F.,
  .F.,(2,2),(23.,24.),.PIECEWISE_BEZIER_KNOTS.);
#6445 = CARTESIAN_POINT('',(397.6403,-350.8681551822,109.4729581481));
#6446 = CARTESIAN_POINT('',(397.6403,-351.0445453549,109.45371481378));
#6447 = PCURVE('',#6054,#6448);
#6448 = DEFINITIONAL_REPRESENTATION('',(#6449),#6453);
#6449 = LINE('',#6450,#6451);
#6450 = CARTESIAN_POINT('',(0.,1.));
#6451 = VECTOR('',#6452,1.);
#6452 = DIRECTION('',(1.,0.));
#6453 = ( GEOMETRIC_REPRESENTATION_CONTEXT(2) 
PARAMETRIC_REPRESENTATION_CONTEXT() REPRESENTATION_CONTEXT('2D SPACE',''
  ) );
#6454 = PCURVE('',#401,#6455);
#6455 = DEFINITIONAL_REPRESENTATION('',(#6456),#6459);
#6456 = B_SPLINE_CURVE_WITH_KNOTS('',1,(#6457,#6458),.UNSPECIFIED.,.F.,
  .F.,(2,2),(23.,24.),.PIECEWISE_BEZIER_KNOTS.);
#6457 = CARTESIAN_POINT('',(1.241962410386,1.77096479155E-02));
#6458 = CARTESIAN_POINT('',(1.419394422868,1.641353144367E-02));
#6459 = ( GEOMETRIC_REPRESENTATION_CONTEXT(2) 
PARAMETRIC_REPRESENTATION_CONTEXT() REPRESENTATION_CONTEXT('2D SPACE',''
  ) );
#6460 = ORIENTED_EDGE('',*,*,#5978,.F.);
#6461 = ADVANCED_FACE('',(#6462),#6308,.T.);
#6462 = FACE_BOUND('',#6463,.T.);
#6463 = EDGE_LOOP('',(#6464,#6485,#6695,#6714));
#6464 = ORIENTED_EDGE('',*,*,#6465,.T.);
#6465 = EDGE_CURVE('',#6212,#6466,#6468,.T.);
#6466 = VERTEX_POINT('',#6467);
#6467 = CARTESIAN_POINT('',(140.9618,-351.9232833602,109.84347345844));
#6468 = SURFACE_CURVE('',#6469,(#6472,#6479),.PCURVE_S1.);
#6469 = B_SPLINE_CURVE_WITH_KNOTS('',1,(#6470,#6471),.UNSPECIFIED.,.F.,
  .F.,(2,2),(24.,25.),.PIECEWISE_BEZIER_KNOTS.);
#6470 = CARTESIAN_POINT('',(140.9618,-352.1433136919,109.87194805331));
#6471 = CARTESIAN_POINT('',(140.9618,-351.9232833602,109.84347345844));
#6472 = PCURVE('',#6308,#6473);
#6473 = DEFINITIONAL_REPRESENTATION('',(#6474),#6478);
#6474 = LINE('',#6475,#6476);
#6475 = CARTESIAN_POINT('',(0.,0.));
#6476 = VECTOR('',#6477,1.);
#6477 = DIRECTION('',(1.,0.));
#6478 = ( GEOMETRIC_REPRESENTATION_CONTEXT(2) 
PARAMETRIC_REPRESENTATION_CONTEXT() REPRESENTATION_CONTEXT('2D SPACE',''
  ) );
#6479 = PCURVE('',#165,#6480);
#6480 = DEFINITIONAL_REPRESENTATION('',(#6481),#6484);
#6481 = B_SPLINE_CURVE_WITH_KNOTS('',1,(#6482,#6483),.UNSPECIFIED.,.F.,
  .F.,(2,2),(24.,25.),.PIECEWISE_BEZIER_KNOTS.);
#6482 = CARTESIAN_POINT('',(3.10603621695,4.344527834093E-03));
#6483 = CARTESIAN_POINT('',(2.884172757999,5.213433400897E-03));
#6484 = ( GEOMETRIC_REPRESENTATION_CONTEXT(2) 
PARAMETRIC_REPRESENTATION_CONTEXT() REPRESENTATION_CONTEXT('2D SPACE',''
  ) );
#6485 = ORIENTED_EDGE('',*,*,#6486,.T.);
#6486 = EDGE_CURVE('',#6466,#6487,#6489,.T.);
#6487 = VERTEX_POINT('',#6488);
#6488 = CARTESIAN_POINT('',(397.6403,-351.2210932899,109.43592375087));
#6489 = SURFACE_CURVE('',#6490,(#6554,#6561),.PCURVE_S1.);
#6490 = ( BOUNDED_CURVE() B_SPLINE_CURVE(3,(#6491,#6492,#6493,#6494,
    #6495,#6496,#6497,#6498,#6499,#6500,#6501,#6502,#6503,#6504,#6505,
    #6506,#6507,#6508,#6509,#6510,#6511,#6512,#6513,#6514,#6515,#6516,
    #6517,#6518,#6519,#6520,#6521,#6522,#6523,#6524,#6525,#6526,#6527,
    #6528,#6529,#6530,#6531,#6532,#6533,#6534,#6535,#6536,#6537,#6538,
    #6539,#6540,#6541,#6542,#6543,#6544,#6545,#6546,#6547,#6548,#6549,
    #6550,#6551,#6552,#6553),.UNSPECIFIED.,.F.,.F.) 
B_SPLINE_CURVE_WITH_KNOTS((4,1,1,1,1,1,1,1,1,1,1,1,1,1,1,1,1,1,1,1,1,1,1
    ,1,1,1,1,1,1,1,1,1,1,1,1,1,1,1,1,1,1,1,1,1,1,1,1,1,1,1,1,1,1,1,1,1,1
    ,1,1,1,4),(0.,1.732138582393E-02,3.476147556169E-02,
    5.682134329819E-02,7.1962296323E-02,9.668171057498E-02,
    0.117312720082,0.137726814038,0.152748180615,0.167749813045,
    0.182740680817,0.197724569486,0.212727858992,0.227712266626,
    0.242722186927,0.257740578549,0.272730613132,0.287749851447,
    0.302807253127,0.317909897629,0.333164876512,0.348417208457,
    0.363717555355,0.379021830365,0.39430254102,0.409403510223,
    0.424503833082,0.439703221214,0.455034147268,0.475266642259,
    0.494822408855,0.514358099005,0.53448350075,0.549791243926,
    0.564993335593,0.580114457875,0.595233122966,0.610524778841,
    0.625831283594,0.641129798524,0.656395058325,0.671658347301,
    0.686764177688,0.701824559728,0.716841998439,0.731832580826,
    0.74685884212,0.761877146393,0.776861271766,0.791847146503,
    0.806852809101,0.821843806167,0.836903306197,0.851969913481,
    0.873073700462,0.890743423327,0.916073608219,0.937085032849,
0.966089436802,0.983488965917,1.),.UNSPECIFIED.) CURVE() 
GEOMETRIC_REPRESENTATION_ITEM() RATIONAL_B_SPLINE_CURVE((1.,
    0.99999999999,1.000000000005,0.999999999998,1.,1.,1.,1.,1.,1.,1.,1.,
    1.,1.,1.,1.,1.,1.,1.,1.,1.,1.,1.,1.,1.,1.,1.,1.,1.,1.,1.,1.,1.,1.,1.
    ,1.,1.,1.,1.,1.,1.,1.,1.,1.,1.,1.,1.,1.,1.,1.,1.,1.,1.,1.,1.,1.,1.,
    1.,1.,0.999999999999,1.000000000002,0.999999999996,1.)) 
REPRESENTATION_ITEM('') );
#6491 = CARTESIAN_POINT('',(140.9618,-351.9232833602,109.84347345844));
#6492 = CARTESIAN_POINT('',(139.3469737637,-363.5515097855,
    111.41909717125));
#6493 = CARTESIAN_POINT('',(146.55711552643,-347.2170138238,
    109.16567925392));
#6494 = CARTESIAN_POINT('',(149.83248812156,-347.4869246493,
    108.71233239302));
#6495 = CARTESIAN_POINT('',(152.63844988999,-355.6320337957,
    109.81329771702));
#6496 = CARTESIAN_POINT('',(159.61432189493,-353.2986243251,
    109.74949403577));
#6497 = CARTESIAN_POINT('',(161.57498576671,-359.7136995569,
    110.29025548231));
#6498 = CARTESIAN_POINT('',(166.85069272796,-351.4321028447,
    108.87353293229));
#6499 = CARTESIAN_POINT('',(170.05924171584,-355.9996060509,
    109.71057919526));
#6500 = CARTESIAN_POINT('',(175.2605606702,-354.9903137827,
    109.49433133463));
#6501 = CARTESIAN_POINT('',(179.44145366882,-355.4485538933,
    109.70482574084));
#6502 = CARTESIAN_POINT('',(183.74546905009,-355.5218685064,
    109.77524715916));
#6503 = CARTESIAN_POINT('',(188.02212458981,-355.3317115639,
    109.79904819147));
#6504 = CARTESIAN_POINT('',(192.29363155905,-355.6569711484,
    109.93801371661));
#6505 = CARTESIAN_POINT('',(196.58004983101,-355.9112561925,
    110.04677272784));
#6506 = CARTESIAN_POINT('',(200.85501156117,-355.1156137215,
    109.979812992));
#6507 = CARTESIAN_POINT('',(205.12596544359,-355.8573111718,
    110.2993098115));
#6508 = CARTESIAN_POINT('',(209.41439322258,-355.5537125164,
    110.43578687181));
#6509 = CARTESIAN_POINT('',(213.69322367635,-355.2201771519,
    110.45770566308));
#6510 = CARTESIAN_POINT('',(217.96934112329,-354.7714707237,
    110.57262556702));
#6511 = CARTESIAN_POINT('',(222.26952895422,-354.3311068825,
    110.51192172746));
#6512 = CARTESIAN_POINT('',(226.5166643478,-353.4163051528,
    110.34360763211));
#6513 = CARTESIAN_POINT('',(230.80856684708,-352.6049874599,
    110.31455895727));
#6514 = CARTESIAN_POINT('',(235.07622110161,-351.8285034144,
    110.40783885712));
#6515 = CARTESIAN_POINT('',(239.35488141397,-350.9476888399,
    110.55114088895));
#6516 = CARTESIAN_POINT('',(243.60389158591,-349.7666425959,
    110.59238774345));
#6517 = CARTESIAN_POINT('',(247.90844854027,-349.232358769,
    110.53385055457));
#6518 = CARTESIAN_POINT('',(252.2213347776,-349.2087734972,
    110.27654823505));
#6519 = CARTESIAN_POINT('',(256.41797633353,-349.2116767895,
    109.60628720176));
#6520 = CARTESIAN_POINT('',(261.49749220731,-349.6223846339,
    110.32764242514));
#6521 = CARTESIAN_POINT('',(264.82846846707,-355.0611192615,
    108.20233913674));
#6522 = CARTESIAN_POINT('',(269.29986524939,-345.676551059,
    109.27353692638));
#6523 = CARTESIAN_POINT('',(273.76120192934,-352.914028981,
    108.45048715758));
#6524 = CARTESIAN_POINT('',(277.11561224167,-357.3950377756,
    109.18264809851));
#6525 = CARTESIAN_POINT('',(282.18739413143,-357.9236317512,
    108.37568248599));
#6526 = CARTESIAN_POINT('',(286.38362479911,-358.5416271572,
    108.46687689955));
#6527 = CARTESIAN_POINT('',(290.6929217221,-358.7118519147,
    108.5622384437));
#6528 = CARTESIAN_POINT('',(294.99728518776,-359.1813941838,
    107.94676354368));
#6529 = CARTESIAN_POINT('',(299.24599549207,-359.2052850597,
    107.60520956906));
#6530 = CARTESIAN_POINT('',(303.52499017227,-359.2413501376,
    107.4850612921));
#6531 = CARTESIAN_POINT('',(307.79622056725,-359.1198700978,
    107.23699970679));
#6532 = CARTESIAN_POINT('',(312.08441986464,-358.8968975348,
    107.01490458352));
#6533 = CARTESIAN_POINT('',(316.3318452167,-358.7942789088,
    106.71560986226));
#6534 = CARTESIAN_POINT('',(320.63289091038,-358.9665965509,
    106.23946071205));
#6535 = CARTESIAN_POINT('',(324.90801010291,-358.9346259858,
    105.89297933773));
#6536 = CARTESIAN_POINT('',(329.18807309953,-359.0175940536,
    105.9335723862));
#6537 = CARTESIAN_POINT('',(333.47733801931,-359.0166636029,
    105.9969395397));
#6538 = CARTESIAN_POINT('',(337.7470456075,-359.3035935859,
    106.08429385787));
#6539 = CARTESIAN_POINT('',(342.02123400371,-359.0086525354,
    106.21243647293));
#6540 = CARTESIAN_POINT('',(346.30443528757,-359.0686934768,
    106.25435123533));
#6541 = CARTESIAN_POINT('',(350.5884217255,-359.074893938,
    106.30314558713));
#6542 = CARTESIAN_POINT('',(354.84926238005,-358.3330320348,
    106.50223415611));
#6543 = CARTESIAN_POINT('',(359.17649042862,-359.0154661483,
    106.39230287832));
#6544 = CARTESIAN_POINT('',(363.32021844008,-357.4704234307,
    106.88647193063));
#6545 = CARTESIAN_POINT('',(368.68503275418,-359.3704756315,
    106.98306224794));
#6546 = CARTESIAN_POINT('',(371.24903411287,-352.6000493891,
    108.54040629913));
#6547 = CARTESIAN_POINT('',(377.42638182418,-343.756881246,
    110.01047198459));
#6548 = CARTESIAN_POINT('',(379.73562276372,-362.2796369806,
    107.17759545919));
#6549 = CARTESIAN_POINT('',(385.92015942773,-344.319685881,
    109.71711671315));
#6550 = CARTESIAN_POINT('',(387.95796901408,-355.7707963897,
    108.34890480097));
#6551 = CARTESIAN_POINT('',(392.55136708921,-359.5357346605,
    108.11100157553));
#6552 = CARTESIAN_POINT('',(397.86107277384,-340.3915742013,
    110.970597033));
#6553 = CARTESIAN_POINT('',(397.6403,-351.2210932899,109.43592375087));
#6554 = PCURVE('',#6308,#6555);
#6555 = DEFINITIONAL_REPRESENTATION('',(#6556),#6560);
#6556 = LINE('',#6557,#6558);
#6557 = CARTESIAN_POINT('',(25.,0.));
#6558 = VECTOR('',#6559,1.);
#6559 = DIRECTION('',(0.,1.));
#6560 = ( GEOMETRIC_REPRESENTATION_CONTEXT(2) 
PARAMETRIC_REPRESENTATION_CONTEXT() REPRESENTATION_CONTEXT('2D SPACE',''
  ) );
#6561 = PCURVE('',#6562,#6689);
#6562 = ( BOUNDED_SURFACE() B_SPLINE_SURFACE(1,3,(
    (#6563,#6564,#6565,#6566,#6567,#6568,#6569,#6570,#6571,#6572,#6573
      ,#6574,#6575,#6576,#6577,#6578,#6579,#6580,#6581,#6582,#6583,#6584
      ,#6585,#6586,#6587,#6588,#6589,#6590,#6591,#6592,#6593,#6594,#6595
      ,#6596,#6597,#6598,#6599,#6600,#6601,#6602,#6603,#6604,#6605,#6606
      ,#6607,#6608,#6609,#6610,#6611,#6612,#6613,#6614,#6615,#6616,#6617
      ,#6618,#6619,#6620,#6621,#6622,#6623,#6624,#6625)
    ,(#6626,#6627,#6628,#6629,#6630,#6631,#6632,#6633,#6634,#6635,#6636
      ,#6637,#6638,#6639,#6640,#6641,#6642,#6643,#6644,#6645,#6646,#6647
      ,#6648,#6649,#6650,#6651,#6652,#6653,#6654,#6655,#6656,#6657,#6658
      ,#6659,#6660,#6661,#6662,#6663,#6664,#6665,#6666,#6667,#6668,#6669
      ,#6670,#6671,#6672,#6673,#6674,#6675,#6676,#6677,#6678,#6679,#6680
      ,#6681,#6682,#6683,#6684,#6685,#6686,#6687,#6688
)),.UNSPECIFIED.,.F.,.F.,.F.) B_SPLINE_SURFACE_WITH_KNOTS((2,2),(4,1,1,1
    ,1,1,1,1,1,1,1,1,1,1,1,1,1,1,1,1,1,1,1,1,1,1,1,1,1,1,1,1,1,1,1,1,1,1
    ,1,1,1,1,1,1,1,1,1,1,1,1,1,1,1,1,1,1,1,1,1,1,4),(25.,26.),(0.,
    1.732138582393E-02,3.476147556169E-02,5.682134329819E-02,
    7.1962296323E-02,9.668171057498E-02,0.117312720082,0.137726814038,
    0.152748180615,0.167749813045,0.182740680817,0.197724569486,
    0.212727858992,0.227712266626,0.242722186927,0.257740578549,
    0.272730613132,0.287749851447,0.302807253127,0.317909897629,
    0.333164876512,0.348417208457,0.363717555355,0.379021830365,
    0.39430254102,0.409403510223,0.424503833082,0.439703221214,
    0.455034147268,0.475266642259,0.494822408855,0.514358099005,
    0.53448350075,0.549791243926,0.564993335593,0.580114457875,
    0.595233122966,0.610524778841,0.625831283594,0.641129798524,
    0.656395058325,0.671658347301,0.686764177688,0.701824559728,
    0.716841998439,0.731832580826,0.74685884212,0.761877146393,
    0.776861271766,0.791847146503,0.806852809101,0.821843806167,
    0.836903306197,0.851969913481,0.873073700462,0.890743423327,
    0.916073608219,0.937085032849,0.966089436802,0.983488965917,1.),
.UNSPECIFIED.) GEOMETRIC_REPRESENTATION_ITEM() RATIONAL_B_SPLINE_SURFACE
((
    (1.,0.99999999999,1.000000000005,0.999999999998,1.,1.,1.,1.,1.,1.,1.
      ,1.,1.,1.,1.,1.,1.,1.,1.,1.,1.,1.,1.,1.,1.,1.,1.,1.,1.,1.,1.,1.,1.
      ,1.,1.,1.,1.,1.,1.,1.,1.,1.,1.,1.,1.,1.,1.,1.,1.,1.,1.,1.,1.,1.,1.
      ,1.,1.,1.,1.,0.999999999999,1.000000000002,0.999999999996,1.)
    ,(1.,0.99999999999,1.000000000005,0.999999999998,1.,1.,1.,1.,1.,1.
      ,1.,1.,1.,1.,1.,1.,1.,1.,1.,1.,1.,1.,1.,1.,1.,1.,1.,1.,1.,1.,1.,1.
      ,1.,1.,1.,1.,1.,1.,1.,1.,1.,1.,1.,1.,1.,1.,1.,1.,1.,1.,1.,1.,1.,1.
      ,1.,1.,1.,1.,1.,0.999999999999,1.000000000002,0.999999999996,1.
))) REPRESENTATION_ITEM('') SURFACE() );
#6563 = CARTESIAN_POINT('',(140.9618,-351.9232833602,109.84347345844));
#6564 = CARTESIAN_POINT('',(139.3469737637,-363.5515097855,
    111.41909717125));
#6565 = CARTESIAN_POINT('',(146.55711552643,-347.2170138238,
    109.16567925392));
#6566 = CARTESIAN_POINT('',(149.83248812156,-347.4869246493,
    108.71233239302));
#6567 = CARTESIAN_POINT('',(152.63844988999,-355.6320337957,
    109.81329771702));
#6568 = CARTESIAN_POINT('',(159.61432189493,-353.2986243251,
    109.74949403577));
#6569 = CARTESIAN_POINT('',(161.57498576671,-359.7136995569,
    110.29025548231));
#6570 = CARTESIAN_POINT('',(166.85069272796,-351.4321028447,
    108.87353293229));
#6571 = CARTESIAN_POINT('',(170.05924171584,-355.9996060509,
    109.71057919526));
#6572 = CARTESIAN_POINT('',(175.2605606702,-354.9903137827,
    109.49433133463));
#6573 = CARTESIAN_POINT('',(179.44145366882,-355.4485538933,
    109.70482574084));
#6574 = CARTESIAN_POINT('',(183.74546905009,-355.5218685064,
    109.77524715916));
#6575 = CARTESIAN_POINT('',(188.02212458981,-355.3317115639,
    109.79904819147));
#6576 = CARTESIAN_POINT('',(192.29363155905,-355.6569711484,
    109.93801371661));
#6577 = CARTESIAN_POINT('',(196.58004983101,-355.9112561925,
    110.04677272784));
#6578 = CARTESIAN_POINT('',(200.85501156117,-355.1156137215,
    109.979812992));
#6579 = CARTESIAN_POINT('',(205.12596544359,-355.8573111718,
    110.2993098115));
#6580 = CARTESIAN_POINT('',(209.41439322258,-355.5537125164,
    110.43578687181));
#6581 = CARTESIAN_POINT('',(213.69322367635,-355.2201771519,
    110.45770566308));
#6582 = CARTESIAN_POINT('',(217.96934112329,-354.7714707237,
    110.57262556702));
#6583 = CARTESIAN_POINT('',(222.26952895422,-354.3311068825,
    110.51192172746));
#6584 = CARTESIAN_POINT('',(226.5166643478,-353.4163051528,
    110.34360763211));
#6585 = CARTESIAN_POINT('',(230.80856684708,-352.6049874599,
    110.31455895727));
#6586 = CARTESIAN_POINT('',(235.07622110161,-351.8285034144,
    110.40783885712));
#6587 = CARTESIAN_POINT('',(239.35488141397,-350.9476888399,
    110.55114088895));
#6588 = CARTESIAN_POINT('',(243.60389158591,-349.7666425959,
    110.59238774345));
#6589 = CARTESIAN_POINT('',(247.90844854027,-349.232358769,
    110.53385055457));
#6590 = CARTESIAN_POINT('',(252.2213347776,-349.2087734972,
    110.27654823505));
#6591 = CARTESIAN_POINT('',(256.41797633353,-349.2116767895,
    109.60628720176));
#6592 = CARTESIAN_POINT('',(261.49749220731,-349.6223846339,
    110.32764242514));
#6593 = CARTESIAN_POINT('',(264.82846846707,-355.0611192615,
    108.20233913674));
#6594 = CARTESIAN_POINT('',(269.29986524939,-345.676551059,
    109.27353692638));
#6595 = CARTESIAN_POINT('',(273.76120192934,-352.914028981,
    108.45048715758));
#6596 = CARTESIAN_POINT('',(277.11561224167,-357.3950377756,
    109.18264809851));
#6597 = CARTESIAN_POINT('',(282.18739413143,-357.9236317512,
    108.37568248599));
#6598 = CARTESIAN_POINT('',(286.38362479911,-358.5416271572,
    108.46687689955));
#6599 = CARTESIAN_POINT('',(290.6929217221,-358.7118519147,
    108.5622384437));
#6600 = CARTESIAN_POINT('',(294.99728518776,-359.1813941838,
    107.94676354368));
#6601 = CARTESIAN_POINT('',(299.24599549207,-359.2052850597,
    107.60520956906));
#6602 = CARTESIAN_POINT('',(303.52499017227,-359.2413501376,
    107.4850612921));
#6603 = CARTESIAN_POINT('',(307.79622056725,-359.1198700978,
    107.23699970679));
#6604 = CARTESIAN_POINT('',(312.08441986464,-358.8968975348,
    107.01490458352));
#6605 = CARTESIAN_POINT('',(316.3318452167,-358.7942789088,
    106.71560986226));
#6606 = CARTESIAN_POINT('',(320.63289091038,-358.9665965509,
    106.23946071205));
#6607 = CARTESIAN_POINT('',(324.90801010291,-358.9346259858,
    105.89297933773));
#6608 = CARTESIAN_POINT('',(329.18807309953,-359.0175940536,
    105.9335723862));
#6609 = CARTESIAN_POINT('',(333.47733801931,-359.0166636029,
    105.9969395397));
#6610 = CARTESIAN_POINT('',(337.7470456075,-359.3035935859,
    106.08429385787));
#6611 = CARTESIAN_POINT('',(342.02123400371,-359.0086525354,
    106.21243647293));
#6612 = CARTESIAN_POINT('',(346.30443528757,-359.0686934768,
    106.25435123533));
#6613 = CARTESIAN_POINT('',(350.5884217255,-359.074893938,
    106.30314558713));
#6614 = CARTESIAN_POINT('',(354.84926238005,-358.3330320348,
    106.50223415611));
#6615 = CARTESIAN_POINT('',(359.17649042862,-359.0154661483,
    106.39230287832));
#6616 = CARTESIAN_POINT('',(363.32021844008,-357.4704234307,
    106.88647193063));
#6617 = CARTESIAN_POINT('',(368.68503275418,-359.3704756315,
    106.98306224794));
#6618 = CARTESIAN_POINT('',(371.24903411287,-352.6000493891,
    108.54040629913));
#6619 = CARTESIAN_POINT('',(377.42638182418,-343.756881246,
    110.01047198459));
#6620 = CARTESIAN_POINT('',(379.73562276372,-362.2796369806,
    107.17759545919));
#6621 = CARTESIAN_POINT('',(385.92015942773,-344.319685881,
    109.71711671315));
#6622 = CARTESIAN_POINT('',(387.95796901408,-355.7707963897,
    108.34890480097));
#6623 = CARTESIAN_POINT('',(392.55136708921,-359.5357346605,
    108.11100157553));
#6624 = CARTESIAN_POINT('',(397.86107277384,-340.3915742013,
    110.970597033));
#6625 = CARTESIAN_POINT('',(397.6403,-351.2210932899,109.43592375087));
#6626 = CARTESIAN_POINT('',(140.9618,-351.7032530285,109.81499886357));
#6627 = CARTESIAN_POINT('',(139.3469737637,-362.817501259,
    111.09256000242));
#6628 = CARTESIAN_POINT('',(146.55711552643,-346.7618538898,
    109.13300485178));
#6629 = CARTESIAN_POINT('',(149.83248812156,-347.1846286166,
    108.68460414074));
#6630 = CARTESIAN_POINT('',(152.63844988999,-354.7211534516,
    109.61007302959));
#6631 = CARTESIAN_POINT('',(159.61432189493,-352.1765908342,
    109.63549315393));
#6632 = CARTESIAN_POINT('',(161.57498576671,-359.3702107735,
    110.20351970234));
#6633 = CARTESIAN_POINT('',(166.85069272796,-351.0078554256,
    108.80195811195));
#6634 = CARTESIAN_POINT('',(170.05924171584,-354.6405116305,
    109.44437237021));
#6635 = CARTESIAN_POINT('',(175.2605606702,-353.7596864154,
    109.27501449702));
#6636 = CARTESIAN_POINT('',(179.44145366882,-354.1486523835,
    109.40269019114));
#6637 = CARTESIAN_POINT('',(183.74546905009,-354.1969957403,
    109.4836679372));
#6638 = CARTESIAN_POINT('',(188.02212458981,-354.0062526042,
    109.50420785363));
#6639 = CARTESIAN_POINT('',(192.29363155905,-354.2904570872,
    109.63045303594));
#6640 = CARTESIAN_POINT('',(196.58004983101,-354.5180081131,
    109.75073193723));
#6641 = CARTESIAN_POINT('',(200.85501156117,-353.7983740729,
    109.6342920375));
#6642 = CARTESIAN_POINT('',(205.12596544359,-354.479961131,
    109.90902698134));
#6643 = CARTESIAN_POINT('',(209.41439322258,-354.2183463399,
    110.010930862));
#6644 = CARTESIAN_POINT('',(213.69322367635,-353.902019289,
    110.06137720235));
#6645 = CARTESIAN_POINT('',(217.96934112329,-353.5300512404,
    110.11762916536));
#6646 = CARTESIAN_POINT('',(222.26952895422,-353.1500883202,
    110.074785002));
#6647 = CARTESIAN_POINT('',(226.5166643478,-352.3150340894,
    109.90296107841));
#6648 = CARTESIAN_POINT('',(230.80856684708,-351.5974370339,
    109.83771388697));
#6649 = CARTESIAN_POINT('',(235.07622110161,-350.9576655239,
    109.84374230427));
#6650 = CARTESIAN_POINT('',(239.35488141397,-350.1491644294,
    110.01378317268));
#6651 = CARTESIAN_POINT('',(243.60389158591,-349.1176090049,
    110.00144377031));
#6652 = CARTESIAN_POINT('',(247.90844854027,-348.6143570404,
    110.02925946643));
#6653 = CARTESIAN_POINT('',(252.2213347776,-348.6269025871,
    109.85574634157));
#6654 = CARTESIAN_POINT('',(256.41797633353,-348.7027916757,
    109.23979452269));
#6655 = CARTESIAN_POINT('',(261.49749220731,-348.9719640354,
    110.22283527024));
#6656 = CARTESIAN_POINT('',(264.82846846707,-355.2382443058,
    107.21138512254));
#6657 = CARTESIAN_POINT('',(269.29986524939,-345.6644354896,
    108.74048674049));
#6658 = CARTESIAN_POINT('',(273.76120192934,-352.7867387773,
    107.52238695423));
#6659 = CARTESIAN_POINT('',(277.11561224167,-357.8814242266,
    108.85472641806));
#6660 = CARTESIAN_POINT('',(282.18739413143,-358.1481652404,
    107.76259330941));
#6661 = CARTESIAN_POINT('',(286.38362479911,-358.9663745531,
    107.89097058211));
#6662 = CARTESIAN_POINT('',(290.6929217221,-359.1380594983,
    107.89429151405));
#6663 = CARTESIAN_POINT('',(294.99728518776,-359.6936984733,
    107.23025767977));
#6664 = CARTESIAN_POINT('',(299.24599549207,-359.9365147074,
    106.9752719094));
#6665 = CARTESIAN_POINT('',(303.52499017227,-360.016837588,
    106.80611443052));
#6666 = CARTESIAN_POINT('',(307.79622056725,-360.0796714355,
    106.66321918688));
#6667 = CARTESIAN_POINT('',(312.08441986464,-360.0016290357,
    106.57449877361));
#6668 = CARTESIAN_POINT('',(316.3318452167,-359.9871467653,
    106.32783430267));
#6669 = CARTESIAN_POINT('',(320.63289091038,-360.2550623756,
    105.92948277927));
#6670 = CARTESIAN_POINT('',(324.90801010291,-360.286280951,
    105.63239051949));
#6671 = CARTESIAN_POINT('',(329.18807309953,-360.4029008788,
    105.69938430631));
#6672 = CARTESIAN_POINT('',(333.47733801931,-360.4273114115,
    105.75975728987));
#6673 = CARTESIAN_POINT('',(337.7470456075,-360.662820186,
    105.88934591971));
#6674 = CARTESIAN_POINT('',(342.02123400371,-360.4162392718,
    106.01218054894));
#6675 = CARTESIAN_POINT('',(346.30443528757,-360.4511776309,
    106.08507871627));
#6676 = CARTESIAN_POINT('',(350.5884217255,-360.4535892117,
    106.16894896865));
#6677 = CARTESIAN_POINT('',(354.84926238005,-359.6404070435,
    106.29016402383));
#6678 = CARTESIAN_POINT('',(359.17649042862,-360.3531301704,
    106.26600520878));
#6679 = CARTESIAN_POINT('',(363.32021844008,-358.692948852,
    106.63944033771));
#6680 = CARTESIAN_POINT('',(368.68503275418,-360.6108190755,
    106.74530937508));
#6681 = CARTESIAN_POINT('',(371.24903411287,-353.4896372074,
    108.37661912504));
#6682 = CARTESIAN_POINT('',(377.42638182418,-344.0457373927,
    109.97430064037));
#6683 = CARTESIAN_POINT('',(379.73562276372,-363.6037768677,
    106.96788125348));
#6684 = CARTESIAN_POINT('',(385.92015942773,-344.678513243,
    109.66706088609));
#6685 = CARTESIAN_POINT('',(387.95796901408,-356.0627545109,
    108.32368425083));
#6686 = CARTESIAN_POINT('',(392.55136708921,-360.2727256194,
    108.03030023862));
#6687 = CARTESIAN_POINT('',(397.86107277384,-340.4860434233,
    110.98892291238));
#6688 = CARTESIAN_POINT('',(397.6403,-351.3976412249,109.41813268796));
#6689 = DEFINITIONAL_REPRESENTATION('',(#6690),#6694);
#6690 = LINE('',#6691,#6692);
#6691 = CARTESIAN_POINT('',(25.,0.));
#6692 = VECTOR('',#6693,1.);
#6693 = DIRECTION('',(0.,1.));
#6694 = ( GEOMETRIC_REPRESENTATION_CONTEXT(2) 
PARAMETRIC_REPRESENTATION_CONTEXT() REPRESENTATION_CONTEXT('2D SPACE',''
  ) );
#6695 = ORIENTED_EDGE('',*,*,#6696,.F.);
#6696 = EDGE_CURVE('',#6233,#6487,#6697,.T.);
#6697 = SURFACE_CURVE('',#6698,(#6701,#6708),.PCURVE_S1.);
#6698 = B_SPLINE_CURVE_WITH_KNOTS('',1,(#6699,#6700),.UNSPECIFIED.,.F.,
  .F.,(2,2),(24.,25.),.PIECEWISE_BEZIER_KNOTS.);
#6699 = CARTESIAN_POINT('',(397.6403,-351.0445453549,109.45371481378));
#6700 = CARTESIAN_POINT('',(397.6403,-351.2210932899,109.43592375087));
#6701 = PCURVE('',#6308,#6702);
#6702 = DEFINITIONAL_REPRESENTATION('',(#6703),#6707);
#6703 = LINE('',#6704,#6705);
#6704 = CARTESIAN_POINT('',(0.,1.));
#6705 = VECTOR('',#6706,1.);
#6706 = DIRECTION('',(1.,0.));
#6707 = ( GEOMETRIC_REPRESENTATION_CONTEXT(2) 
PARAMETRIC_REPRESENTATION_CONTEXT() REPRESENTATION_CONTEXT('2D SPACE',''
  ) );
#6708 = PCURVE('',#401,#6709);
#6709 = DEFINITIONAL_REPRESENTATION('',(#6710),#6713);
#6710 = B_SPLINE_CURVE_WITH_KNOTS('',1,(#6711,#6712),.UNSPECIFIED.,.F.,
  .F.,(2,2),(24.,25.),.PIECEWISE_BEZIER_KNOTS.);
#6711 = CARTESIAN_POINT('',(1.419394422868,1.641353144367E-02));
#6712 = CARTESIAN_POINT('',(1.596815094821,1.365664376283E-02));
#6713 = ( GEOMETRIC_REPRESENTATION_CONTEXT(2) 
PARAMETRIC_REPRESENTATION_CONTEXT() REPRESENTATION_CONTEXT('2D SPACE',''
  ) );
#6714 = ORIENTED_EDGE('',*,*,#6232,.F.);
#6715 = ADVANCED_FACE('',(#6716),#6562,.T.);
#6716 = FACE_BOUND('',#6717,.T.);
#6717 = EDGE_LOOP('',(#6718,#6739,#6949,#6968));
#6718 = ORIENTED_EDGE('',*,*,#6719,.T.);
#6719 = EDGE_CURVE('',#6466,#6720,#6722,.T.);
#6720 = VERTEX_POINT('',#6721);
#6721 = CARTESIAN_POINT('',(140.9618,-351.7032530285,109.81499886357));
#6722 = SURFACE_CURVE('',#6723,(#6726,#6733),.PCURVE_S1.);
#6723 = B_SPLINE_CURVE_WITH_KNOTS('',1,(#6724,#6725),.UNSPECIFIED.,.F.,
  .F.,(2,2),(25.,26.),.PIECEWISE_BEZIER_KNOTS.);
#6724 = CARTESIAN_POINT('',(140.9618,-351.9232833602,109.84347345844));
#6725 = CARTESIAN_POINT('',(140.9618,-351.7032530285,109.81499886357));
#6726 = PCURVE('',#6562,#6727);
#6727 = DEFINITIONAL_REPRESENTATION('',(#6728),#6732);
#6728 = LINE('',#6729,#6730);
#6729 = CARTESIAN_POINT('',(0.,0.));
#6730 = VECTOR('',#6731,1.);
#6731 = DIRECTION('',(1.,0.));
#6732 = ( GEOMETRIC_REPRESENTATION_CONTEXT(2) 
PARAMETRIC_REPRESENTATION_CONTEXT() REPRESENTATION_CONTEXT('2D SPACE',''
  ) );
#6733 = PCURVE('',#165,#6734);
#6734 = DEFINITIONAL_REPRESENTATION('',(#6735),#6738);
#6735 = B_SPLINE_CURVE_WITH_KNOTS('',1,(#6736,#6737),.UNSPECIFIED.,.F.,
  .F.,(2,2),(25.,26.),.PIECEWISE_BEZIER_KNOTS.);
#6736 = CARTESIAN_POINT('',(2.884172757999,5.213433400897E-03));
#6737 = CARTESIAN_POINT('',(2.662309299048,6.082338967715E-03));
#6738 = ( GEOMETRIC_REPRESENTATION_CONTEXT(2) 
PARAMETRIC_REPRESENTATION_CONTEXT() REPRESENTATION_CONTEXT('2D SPACE',''
  ) );
#6739 = ORIENTED_EDGE('',*,*,#6740,.T.);
#6740 = EDGE_CURVE('',#6720,#6741,#6743,.T.);
#6741 = VERTEX_POINT('',#6742);
#6742 = CARTESIAN_POINT('',(397.6403,-351.3976412249,109.41813268796));
#6743 = SURFACE_CURVE('',#6744,(#6808,#6815),.PCURVE_S1.);
#6744 = ( BOUNDED_CURVE() B_SPLINE_CURVE(3,(#6745,#6746,#6747,#6748,
    #6749,#6750,#6751,#6752,#6753,#6754,#6755,#6756,#6757,#6758,#6759,
    #6760,#6761,#6762,#6763,#6764,#6765,#6766,#6767,#6768,#6769,#6770,
    #6771,#6772,#6773,#6774,#6775,#6776,#6777,#6778,#6779,#6780,#6781,
    #6782,#6783,#6784,#6785,#6786,#6787,#6788,#6789,#6790,#6791,#6792,
    #6793,#6794,#6795,#6796,#6797,#6798,#6799,#6800,#6801,#6802,#6803,
    #6804,#6805,#6806,#6807),.UNSPECIFIED.,.F.,.F.) 
B_SPLINE_CURVE_WITH_KNOTS((4,1,1,1,1,1,1,1,1,1,1,1,1,1,1,1,1,1,1,1,1,1,1
    ,1,1,1,1,1,1,1,1,1,1,1,1,1,1,1,1,1,1,1,1,1,1,1,1,1,1,1,1,1,1,1,1,1,1
    ,1,1,1,4),(0.,1.732138582393E-02,3.476147556169E-02,
    5.682134329819E-02,7.1962296323E-02,9.668171057498E-02,
    0.117312720082,0.137726814038,0.152748180615,0.167749813045,
    0.182740680817,0.197724569486,0.212727858992,0.227712266626,
    0.242722186927,0.257740578549,0.272730613132,0.287749851447,
    0.302807253127,0.317909897629,0.333164876512,0.348417208457,
    0.363717555355,0.379021830365,0.39430254102,0.409403510223,
    0.424503833082,0.439703221214,0.455034147268,0.475266642259,
    0.494822408855,0.514358099005,0.53448350075,0.549791243926,
    0.564993335593,0.580114457875,0.595233122966,0.610524778841,
    0.625831283594,0.641129798524,0.656395058325,0.671658347301,
    0.686764177688,0.701824559728,0.716841998439,0.731832580826,
    0.74685884212,0.761877146393,0.776861271766,0.791847146503,
    0.806852809101,0.821843806167,0.836903306197,0.851969913481,
    0.873073700462,0.890743423327,0.916073608219,0.937085032849,
0.966089436802,0.983488965917,1.),.UNSPECIFIED.) CURVE() 
GEOMETRIC_REPRESENTATION_ITEM() RATIONAL_B_SPLINE_CURVE((1.,
    0.99999999999,1.000000000005,0.999999999998,1.,1.,1.,1.,1.,1.,1.,1.,
    1.,1.,1.,1.,1.,1.,1.,1.,1.,1.,1.,1.,1.,1.,1.,1.,1.,1.,1.,1.,1.,1.,1.
    ,1.,1.,1.,1.,1.,1.,1.,1.,1.,1.,1.,1.,1.,1.,1.,1.,1.,1.,1.,1.,1.,1.,
    1.,1.,0.999999999999,1.000000000002,0.999999999996,1.)) 
REPRESENTATION_ITEM('') );
#6745 = CARTESIAN_POINT('',(140.9618,-351.7032530285,109.81499886357));
#6746 = CARTESIAN_POINT('',(139.3469737637,-362.817501259,
    111.09256000242));
#6747 = CARTESIAN_POINT('',(146.55711552643,-346.7618538898,
    109.13300485178));
#6748 = CARTESIAN_POINT('',(149.83248812156,-347.1846286166,
    108.68460414074));
#6749 = CARTESIAN_POINT('',(152.63844988999,-354.7211534516,
    109.61007302959));
#6750 = CARTESIAN_POINT('',(159.61432189493,-352.1765908342,
    109.63549315393));
#6751 = CARTESIAN_POINT('',(161.57498576671,-359.3702107735,
    110.20351970234));
#6752 = CARTESIAN_POINT('',(166.85069272796,-351.0078554256,
    108.80195811195));
#6753 = CARTESIAN_POINT('',(170.05924171584,-354.6405116305,
    109.44437237021));
#6754 = CARTESIAN_POINT('',(175.2605606702,-353.7596864154,
    109.27501449702));
#6755 = CARTESIAN_POINT('',(179.44145366882,-354.1486523835,
    109.40269019114));
#6756 = CARTESIAN_POINT('',(183.74546905009,-354.1969957403,
    109.4836679372));
#6757 = CARTESIAN_POINT('',(188.02212458981,-354.0062526042,
    109.50420785363));
#6758 = CARTESIAN_POINT('',(192.29363155905,-354.2904570872,
    109.63045303594));
#6759 = CARTESIAN_POINT('',(196.58004983101,-354.5180081131,
    109.75073193723));
#6760 = CARTESIAN_POINT('',(200.85501156117,-353.7983740729,
    109.6342920375));
#6761 = CARTESIAN_POINT('',(205.12596544359,-354.479961131,
    109.90902698134));
#6762 = CARTESIAN_POINT('',(209.41439322258,-354.2183463399,
    110.010930862));
#6763 = CARTESIAN_POINT('',(213.69322367635,-353.902019289,
    110.06137720235));
#6764 = CARTESIAN_POINT('',(217.96934112329,-353.5300512404,
    110.11762916536));
#6765 = CARTESIAN_POINT('',(222.26952895422,-353.1500883202,
    110.074785002));
#6766 = CARTESIAN_POINT('',(226.5166643478,-352.3150340894,
    109.90296107841));
#6767 = CARTESIAN_POINT('',(230.80856684708,-351.5974370339,
    109.83771388697));
#6768 = CARTESIAN_POINT('',(235.07622110161,-350.9576655239,
    109.84374230427));
#6769 = CARTESIAN_POINT('',(239.35488141397,-350.1491644294,
    110.01378317268));
#6770 = CARTESIAN_POINT('',(243.60389158591,-349.1176090049,
    110.00144377031));
#6771 = CARTESIAN_POINT('',(247.90844854027,-348.6143570404,
    110.02925946643));
#6772 = CARTESIAN_POINT('',(252.2213347776,-348.6269025871,
    109.85574634157));
#6773 = CARTESIAN_POINT('',(256.41797633353,-348.7027916757,
    109.23979452269));
#6774 = CARTESIAN_POINT('',(261.49749220731,-348.9719640354,
    110.22283527024));
#6775 = CARTESIAN_POINT('',(264.82846846707,-355.2382443058,
    107.21138512254));
#6776 = CARTESIAN_POINT('',(269.29986524939,-345.6644354896,
    108.74048674049));
#6777 = CARTESIAN_POINT('',(273.76120192934,-352.7867387773,
    107.52238695423));
#6778 = CARTESIAN_POINT('',(277.11561224167,-357.8814242266,
    108.85472641806));
#6779 = CARTESIAN_POINT('',(282.18739413143,-358.1481652404,
    107.76259330941));
#6780 = CARTESIAN_POINT('',(286.38362479911,-358.9663745531,
    107.89097058211));
#6781 = CARTESIAN_POINT('',(290.6929217221,-359.1380594983,
    107.89429151405));
#6782 = CARTESIAN_POINT('',(294.99728518776,-359.6936984733,
    107.23025767977));
#6783 = CARTESIAN_POINT('',(299.24599549207,-359.9365147074,
    106.9752719094));
#6784 = CARTESIAN_POINT('',(303.52499017227,-360.016837588,
    106.80611443052));
#6785 = CARTESIAN_POINT('',(307.79622056725,-360.0796714355,
    106.66321918688));
#6786 = CARTESIAN_POINT('',(312.08441986464,-360.0016290357,
    106.57449877361));
#6787 = CARTESIAN_POINT('',(316.3318452167,-359.9871467653,
    106.32783430267));
#6788 = CARTESIAN_POINT('',(320.63289091038,-360.2550623756,
    105.92948277927));
#6789 = CARTESIAN_POINT('',(324.90801010291,-360.286280951,
    105.63239051949));
#6790 = CARTESIAN_POINT('',(329.18807309953,-360.4029008788,
    105.69938430631));
#6791 = CARTESIAN_POINT('',(333.47733801931,-360.4273114115,
    105.75975728987));
#6792 = CARTESIAN_POINT('',(337.7470456075,-360.662820186,
    105.88934591971));
#6793 = CARTESIAN_POINT('',(342.02123400371,-360.4162392718,
    106.01218054894));
#6794 = CARTESIAN_POINT('',(346.30443528757,-360.4511776309,
    106.08507871627));
#6795 = CARTESIAN_POINT('',(350.5884217255,-360.4535892117,
    106.16894896865));
#6796 = CARTESIAN_POINT('',(354.84926238005,-359.6404070435,
    106.29016402383));
#6797 = CARTESIAN_POINT('',(359.17649042862,-360.3531301704,
    106.26600520878));
#6798 = CARTESIAN_POINT('',(363.32021844008,-358.692948852,
    106.63944033771));
#6799 = CARTESIAN_POINT('',(368.68503275418,-360.6108190755,
    106.74530937508));
#6800 = CARTESIAN_POINT('',(371.24903411287,-353.4896372074,
    108.37661912504));
#6801 = CARTESIAN_POINT('',(377.42638182418,-344.0457373927,
    109.97430064037));
#6802 = CARTESIAN_POINT('',(379.73562276372,-363.6037768677,
    106.96788125348));
#6803 = CARTESIAN_POINT('',(385.92015942773,-344.678513243,
    109.66706088609));
#6804 = CARTESIAN_POINT('',(387.95796901408,-356.0627545109,
    108.32368425083));
#6805 = CARTESIAN_POINT('',(392.55136708921,-360.2727256194,
    108.03030023862));
#6806 = CARTESIAN_POINT('',(397.86107277384,-340.4860434233,
    110.98892291238));
#6807 = CARTESIAN_POINT('',(397.6403,-351.3976412249,109.41813268796));
#6808 = PCURVE('',#6562,#6809);
#6809 = DEFINITIONAL_REPRESENTATION('',(#6810),#6814);
#6810 = LINE('',#6811,#6812);
#6811 = CARTESIAN_POINT('',(26.,0.));
#6812 = VECTOR('',#6813,1.);
#6813 = DIRECTION('',(0.,1.));
#6814 = ( GEOMETRIC_REPRESENTATION_CONTEXT(2) 
PARAMETRIC_REPRESENTATION_CONTEXT() REPRESENTATION_CONTEXT('2D SPACE',''
  ) );
#6815 = PCURVE('',#6816,#6943);
#6816 = ( BOUNDED_SURFACE() B_SPLINE_SURFACE(1,3,(
    (#6817,#6818,#6819,#6820,#6821,#6822,#6823,#6824,#6825,#6826,#6827
      ,#6828,#6829,#6830,#6831,#6832,#6833,#6834,#6835,#6836,#6837,#6838
      ,#6839,#6840,#6841,#6842,#6843,#6844,#6845,#6846,#6847,#6848,#6849
      ,#6850,#6851,#6852,#6853,#6854,#6855,#6856,#6857,#6858,#6859,#6860
      ,#6861,#6862,#6863,#6864,#6865,#6866,#6867,#6868,#6869,#6870,#6871
      ,#6872,#6873,#6874,#6875,#6876,#6877,#6878,#6879)
    ,(#6880,#6881,#6882,#6883,#6884,#6885,#6886,#6887,#6888,#6889,#6890
      ,#6891,#6892,#6893,#6894,#6895,#6896,#6897,#6898,#6899,#6900,#6901
      ,#6902,#6903,#6904,#6905,#6906,#6907,#6908,#6909,#6910,#6911,#6912
      ,#6913,#6914,#6915,#6916,#6917,#6918,#6919,#6920,#6921,#6922,#6923
      ,#6924,#6925,#6926,#6927,#6928,#6929,#6930,#6931,#6932,#6933,#6934
      ,#6935,#6936,#6937,#6938,#6939,#6940,#6941,#6942
)),.UNSPECIFIED.,.F.,.F.,.F.) B_SPLINE_SURFACE_WITH_KNOTS((2,2),(4,1,1,1
    ,1,1,1,1,1,1,1,1,1,1,1,1,1,1,1,1,1,1,1,1,1,1,1,1,1,1,1,1,1,1,1,1,1,1
    ,1,1,1,1,1,1,1,1,1,1,1,1,1,1,1,1,1,1,1,1,1,1,4),(26.,27.),(0.,
    1.732138582393E-02,3.476147556169E-02,5.682134329819E-02,
    7.1962296323E-02,9.668171057498E-02,0.117312720082,0.137726814038,
    0.152748180615,0.167749813045,0.182740680817,0.197724569486,
    0.212727858992,0.227712266626,0.242722186927,0.257740578549,
    0.272730613132,0.287749851447,0.302807253127,0.317909897629,
    0.333164876512,0.348417208457,0.363717555355,0.379021830365,
    0.39430254102,0.409403510223,0.424503833082,0.439703221214,
    0.455034147268,0.475266642259,0.494822408855,0.514358099005,
    0.53448350075,0.549791243926,0.564993335593,0.580114457875,
    0.595233122966,0.610524778841,0.625831283594,0.641129798524,
    0.656395058325,0.671658347301,0.686764177688,0.701824559728,
    0.716841998439,0.731832580826,0.74685884212,0.761877146393,
    0.776861271766,0.791847146503,0.806852809101,0.821843806167,
    0.836903306197,0.851969913481,0.873073700462,0.890743423327,
    0.916073608219,0.937085032849,0.966089436802,0.983488965917,1.),
.UNSPECIFIED.) GEOMETRIC_REPRESENTATION_ITEM() RATIONAL_B_SPLINE_SURFACE
((
    (1.,0.99999999999,1.000000000005,0.999999999998,1.,1.,1.,1.,1.,1.,1.
      ,1.,1.,1.,1.,1.,1.,1.,1.,1.,1.,1.,1.,1.,1.,1.,1.,1.,1.,1.,1.,1.,1.
      ,1.,1.,1.,1.,1.,1.,1.,1.,1.,1.,1.,1.,1.,1.,1.,1.,1.,1.,1.,1.,1.,1.
      ,1.,1.,1.,1.,0.999999999999,1.000000000002,0.999999999996,1.)
    ,(1.,0.99999999999,1.000000000005,0.999999999998,1.,1.,1.,1.,1.,1.
      ,1.,1.,1.,1.,1.,1.,1.,1.,1.,1.,1.,1.,1.,1.,1.,1.,1.,1.,1.,1.,1.,1.
      ,1.,1.,1.,1.,1.,1.,1.,1.,1.,1.,1.,1.,1.,1.,1.,1.,1.,1.,1.,1.,1.,1.
      ,1.,1.,1.,1.,1.,0.999999999999,1.000000000002,0.999999999996,1.
))) REPRESENTATION_ITEM('') SURFACE() );
#6817 = CARTESIAN_POINT('',(140.9618,-351.7032530285,109.81499886357));
#6818 = CARTESIAN_POINT('',(139.3469737637,-362.817501259,
    111.09256000242));
#6819 = CARTESIAN_POINT('',(146.55711552643,-346.7618538898,
    109.13300485178));
#6820 = CARTESIAN_POINT('',(149.83248812156,-347.1846286166,
    108.68460414074));
#6821 = CARTESIAN_POINT('',(152.63844988999,-354.7211534516,
    109.61007302959));
#6822 = CARTESIAN_POINT('',(159.61432189493,-352.1765908342,
    109.63549315393));
#6823 = CARTESIAN_POINT('',(161.57498576671,-359.3702107735,
    110.20351970234));
#6824 = CARTESIAN_POINT('',(166.85069272796,-351.0078554256,
    108.80195811195));
#6825 = CARTESIAN_POINT('',(170.05924171584,-354.6405116305,
    109.44437237021));
#6826 = CARTESIAN_POINT('',(175.2605606702,-353.7596864154,
    109.27501449702));
#6827 = CARTESIAN_POINT('',(179.44145366882,-354.1486523835,
    109.40269019114));
#6828 = CARTESIAN_POINT('',(183.74546905009,-354.1969957403,
    109.4836679372));
#6829 = CARTESIAN_POINT('',(188.02212458981,-354.0062526042,
    109.50420785363));
#6830 = CARTESIAN_POINT('',(192.29363155905,-354.2904570872,
    109.63045303594));
#6831 = CARTESIAN_POINT('',(196.58004983101,-354.5180081131,
    109.75073193723));
#6832 = CARTESIAN_POINT('',(200.85501156117,-353.7983740729,
    109.6342920375));
#6833 = CARTESIAN_POINT('',(205.12596544359,-354.479961131,
    109.90902698134));
#6834 = CARTESIAN_POINT('',(209.41439322258,-354.2183463399,
    110.010930862));
#6835 = CARTESIAN_POINT('',(213.69322367635,-353.902019289,
    110.06137720235));
#6836 = CARTESIAN_POINT('',(217.96934112329,-353.5300512404,
    110.11762916536));
#6837 = CARTESIAN_POINT('',(222.26952895422,-353.1500883202,
    110.074785002));
#6838 = CARTESIAN_POINT('',(226.5166643478,-352.3150340894,
    109.90296107841));
#6839 = CARTESIAN_POINT('',(230.80856684708,-351.5974370339,
    109.83771388697));
#6840 = CARTESIAN_POINT('',(235.07622110161,-350.9576655239,
    109.84374230427));
#6841 = CARTESIAN_POINT('',(239.35488141397,-350.1491644294,
    110.01378317268));
#6842 = CARTESIAN_POINT('',(243.60389158591,-349.1176090049,
    110.00144377031));
#6843 = CARTESIAN_POINT('',(247.90844854027,-348.6143570404,
    110.02925946643));
#6844 = CARTESIAN_POINT('',(252.2213347776,-348.6269025871,
    109.85574634157));
#6845 = CARTESIAN_POINT('',(256.41797633353,-348.7027916757,
    109.23979452269));
#6846 = CARTESIAN_POINT('',(261.49749220731,-348.9719640354,
    110.22283527024));
#6847 = CARTESIAN_POINT('',(264.82846846707,-355.2382443058,
    107.21138512254));
#6848 = CARTESIAN_POINT('',(269.29986524939,-345.6644354896,
    108.74048674049));
#6849 = CARTESIAN_POINT('',(273.76120192934,-352.7867387773,
    107.52238695423));
#6850 = CARTESIAN_POINT('',(277.11561224167,-357.8814242266,
    108.85472641806));
#6851 = CARTESIAN_POINT('',(282.18739413143,-358.1481652404,
    107.76259330941));
#6852 = CARTESIAN_POINT('',(286.38362479911,-358.9663745531,
    107.89097058211));
#6853 = CARTESIAN_POINT('',(290.6929217221,-359.1380594983,
    107.89429151405));
#6854 = CARTESIAN_POINT('',(294.99728518776,-359.6936984733,
    107.23025767977));
#6855 = CARTESIAN_POINT('',(299.24599549207,-359.9365147074,
    106.9752719094));
#6856 = CARTESIAN_POINT('',(303.52499017227,-360.016837588,
    106.80611443052));
#6857 = CARTESIAN_POINT('',(307.79622056725,-360.0796714355,
    106.66321918688));
#6858 = CARTESIAN_POINT('',(312.08441986464,-360.0016290357,
    106.57449877361));
#6859 = CARTESIAN_POINT('',(316.3318452167,-359.9871467653,
    106.32783430267));
#6860 = CARTESIAN_POINT('',(320.63289091038,-360.2550623756,
    105.92948277927));
#6861 = CARTESIAN_POINT('',(324.90801010291,-360.286280951,
    105.63239051949));
#6862 = CARTESIAN_POINT('',(329.18807309953,-360.4029008788,
    105.69938430631));
#6863 = CARTESIAN_POINT('',(333.47733801931,-360.4273114115,
    105.75975728987));
#6864 = CARTESIAN_POINT('',(337.7470456075,-360.662820186,
    105.88934591971));
#6865 = CARTESIAN_POINT('',(342.02123400371,-360.4162392718,
    106.01218054894));
#6866 = CARTESIAN_POINT('',(346.30443528757,-360.4511776309,
    106.08507871627));
#6867 = CARTESIAN_POINT('',(350.5884217255,-360.4535892117,
    106.16894896865));
#6868 = CARTESIAN_POINT('',(354.84926238005,-359.6404070435,
    106.29016402383));
#6869 = CARTESIAN_POINT('',(359.17649042862,-360.3531301704,
    106.26600520878));
#6870 = CARTESIAN_POINT('',(363.32021844008,-358.692948852,
    106.63944033771));
#6871 = CARTESIAN_POINT('',(368.68503275418,-360.6108190755,
    106.74530937508));
#6872 = CARTESIAN_POINT('',(371.24903411287,-353.4896372074,
    108.37661912504));
#6873 = CARTESIAN_POINT('',(377.42638182418,-344.0457373927,
    109.97430064037));
#6874 = CARTESIAN_POINT('',(379.73562276372,-363.6037768677,
    106.96788125348));
#6875 = CARTESIAN_POINT('',(385.92015942773,-344.678513243,
    109.66706088609));
#6876 = CARTESIAN_POINT('',(387.95796901408,-356.0627545109,
    108.32368425083));
#6877 = CARTESIAN_POINT('',(392.55136708921,-360.2727256194,
    108.03030023862));
#6878 = CARTESIAN_POINT('',(397.86107277384,-340.4860434233,
    110.98892291238));
#6879 = CARTESIAN_POINT('',(397.6403,-351.3976412249,109.41813268796));
#6880 = CARTESIAN_POINT('',(140.9618,-351.4832454352,109.78634985492));
#6881 = CARTESIAN_POINT('',(139.3469737637,-362.069451436,
    110.85247417069));
#6882 = CARTESIAN_POINT('',(146.55711552643,-346.3127753471,
    109.0627951201));
#6883 = CARTESIAN_POINT('',(149.83248812156,-346.8817233356,
    108.66099057813));
#6884 = CARTESIAN_POINT('',(152.63844988999,-353.8036931612,
    109.44584606578));
#6885 = CARTESIAN_POINT('',(159.61432189493,-351.0613666525,
    109.47689459936));
#6886 = CARTESIAN_POINT('',(161.57498576671,-359.0254844125,
    110.12607641646));
#6887 = CARTESIAN_POINT('',(166.85069272796,-350.582317041,
    108.73513092963));
#6888 = CARTESIAN_POINT('',(170.05924171584,-353.279187848,
    109.19049576543));
#6889 = CARTESIAN_POINT('',(175.2605606702,-352.5279964358,
    109.06190233684));
#6890 = CARTESIAN_POINT('',(179.44145366882,-352.8461585609,
    109.11218133518));
#6891 = CARTESIAN_POINT('',(183.74546905009,-352.8695527168,
    109.20427833399));
#6892 = CARTESIAN_POINT('',(188.02212458981,-352.6776814735,
    109.2230610373));
#6893 = CARTESIAN_POINT('',(192.29363155905,-352.9309510517,
    109.29280487222));
#6894 = CARTESIAN_POINT('',(196.58004983101,-353.1328909349,
    109.42032618398));
#6895 = CARTESIAN_POINT('',(200.85501156117,-352.4750849175,
    109.31345429093));
#6896 = CARTESIAN_POINT('',(205.12596544359,-353.1013097007,
    109.52338539813));
#6897 = CARTESIAN_POINT('',(209.41439322258,-352.8639357067,
    109.65204343403));
#6898 = CARTESIAN_POINT('',(213.69322367635,-352.5804775243,
    109.67615104299));
#6899 = CARTESIAN_POINT('',(217.96934112329,-352.2753025202,
    109.70220399332));
#6900 = CARTESIAN_POINT('',(222.26952895422,-351.9499636093,
    109.69132779108));
#6901 = CARTESIAN_POINT('',(226.5166643478,-351.2204437526,
    109.44387960969));
#6902 = CARTESIAN_POINT('',(230.80856684708,-350.585455091,
    109.37292752874));
#6903 = CARTESIAN_POINT('',(235.07622110161,-350.0738677554,
    109.30085477951));
#6904 = CARTESIAN_POINT('',(239.35488141397,-349.3713457043,
    109.44564801673));
#6905 = CARTESIAN_POINT('',(243.60389158591,-348.4585378508,
    109.42462873658));
#6906 = CARTESIAN_POINT('',(247.90844854027,-348.0183733077,
    109.49780564447));
#6907 = CARTESIAN_POINT('',(252.2213347776,-348.0275001507,
    109.45561521473));
#6908 = CARTESIAN_POINT('',(256.41797633353,-348.198185436,
    108.86543134292));
#6909 = CARTESIAN_POINT('',(261.49749220731,-348.2976816589,
    110.16341120393));
#6910 = CARTESIAN_POINT('',(264.82846846707,-355.4275131933,
    106.20975241364));
#6911 = CARTESIAN_POINT('',(269.29986524939,-345.630643825,
    108.20196324285));
#6912 = CARTESIAN_POINT('',(273.76120192934,-352.7352903475,
    106.6271292409));
#6913 = CARTESIAN_POINT('',(277.11561224167,-358.1064786609,
    108.40978244397));
#6914 = CARTESIAN_POINT('',(282.18739413143,-358.4187864397,
    107.17887707118));
#6915 = CARTESIAN_POINT('',(286.38362479911,-359.2297185952,
    107.2231630787));
#6916 = CARTESIAN_POINT('',(290.6929217221,-359.5282553198,
    107.20401359145));
#6917 = CARTESIAN_POINT('',(294.99728518776,-360.1548721531,
    106.48345896701));
#6918 = CARTESIAN_POINT('',(299.24599549207,-360.4974265362,
    106.20234493284));
#6919 = CARTESIAN_POINT('',(303.52499017227,-360.690242784,
    106.00840855637));
#6920 = CARTESIAN_POINT('',(307.79622056725,-361.023825059,
    106.05525696246));
#6921 = CARTESIAN_POINT('',(312.08441986464,-361.0476026082,
    106.04127916178));
#6922 = CARTESIAN_POINT('',(316.3318452167,-361.149503665,
    105.82581302217));
#6923 = CARTESIAN_POINT('',(320.63289091038,-361.5671267696,
    105.68679438618));
#6924 = CARTESIAN_POINT('',(324.90801010291,-361.6609240705,
    105.55712914491));
#6925 = CARTESIAN_POINT('',(329.18807309953,-361.8038874738,
    105.6640950613));
#6926 = CARTESIAN_POINT('',(333.47733801931,-361.8550053661,
    105.77795961513));
#6927 = CARTESIAN_POINT('',(337.7470456075,-362.0326945333,105.919579374
    ));
#6928 = CARTESIAN_POINT('',(342.02123400371,-361.8369234107,
    105.99059000833));
#6929 = CARTESIAN_POINT('',(346.30443528757,-361.8439432477,
    106.07547488235));
#6930 = CARTESIAN_POINT('',(350.5884217255,-361.8375962248,
    106.19082774245));
#6931 = CARTESIAN_POINT('',(354.84926238005,-360.9643557743,
    106.22160094239));
#6932 = CARTESIAN_POINT('',(359.17649042862,-361.6983674114,
    106.29532660583));
#6933 = CARTESIAN_POINT('',(363.32021844008,-359.9337620755,
    106.53151891725));
#6934 = CARTESIAN_POINT('',(368.68503275418,-361.865718031,
    106.59521820996));
#6935 = CARTESIAN_POINT('',(371.24903411287,-354.3759274936,
    108.19282367787));
#6936 = CARTESIAN_POINT('',(377.42638182418,-344.335816511,
    109.94554141829));
#6937 = CARTESIAN_POINT('',(379.73562276372,-364.9276345405,
    106.75650332921));
#6938 = CARTESIAN_POINT('',(385.92015942773,-345.0373751197,
    109.61704458643));
#6939 = CARTESIAN_POINT('',(387.95796901408,-356.3550235502,
    108.30110530938));
#6940 = CARTESIAN_POINT('',(392.55136708921,-361.010026957,
    107.95363537108));
#6941 = CARTESIAN_POINT('',(397.86107277384,-340.5810548138,
    111.01245485004));
#6942 = CARTESIAN_POINT('',(397.6403,-351.5742608754,109.40115857023));
#6943 = DEFINITIONAL_REPRESENTATION('',(#6944),#6948);
#6944 = LINE('',#6945,#6946);
#6945 = CARTESIAN_POINT('',(26.,0.));
#6946 = VECTOR('',#6947,1.);
#6947 = DIRECTION('',(0.,1.));
#6948 = ( GEOMETRIC_REPRESENTATION_CONTEXT(2) 
PARAMETRIC_REPRESENTATION_CONTEXT() REPRESENTATION_CONTEXT('2D SPACE',''
  ) );
#6949 = ORIENTED_EDGE('',*,*,#6950,.F.);
#6950 = EDGE_CURVE('',#6487,#6741,#6951,.T.);
#6951 = SURFACE_CURVE('',#6952,(#6955,#6962),.PCURVE_S1.);
#6952 = B_SPLINE_CURVE_WITH_KNOTS('',1,(#6953,#6954),.UNSPECIFIED.,.F.,
  .F.,(2,2),(25.,26.),.PIECEWISE_BEZIER_KNOTS.);
#6953 = CARTESIAN_POINT('',(397.6403,-351.2210932899,109.43592375087));
#6954 = CARTESIAN_POINT('',(397.6403,-351.3976412249,109.41813268796));
#6955 = PCURVE('',#6562,#6956);
#6956 = DEFINITIONAL_REPRESENTATION('',(#6957),#6961);
#6957 = LINE('',#6958,#6959);
#6958 = CARTESIAN_POINT('',(0.,1.));
#6959 = VECTOR('',#6960,1.);
#6960 = DIRECTION('',(1.,0.));
#6961 = ( GEOMETRIC_REPRESENTATION_CONTEXT(2) 
PARAMETRIC_REPRESENTATION_CONTEXT() REPRESENTATION_CONTEXT('2D SPACE',''
  ) );
#6962 = PCURVE('',#401,#6963);
#6963 = DEFINITIONAL_REPRESENTATION('',(#6964),#6967);
#6964 = B_SPLINE_CURVE_WITH_KNOTS('',1,(#6965,#6966),.UNSPECIFIED.,.F.,
  .F.,(2,2),(25.,26.),.PIECEWISE_BEZIER_KNOTS.);
#6965 = CARTESIAN_POINT('',(1.596815094821,1.365664376283E-02));
#6966 = CARTESIAN_POINT('',(1.774235766773,1.089975608201E-02));
#6967 = ( GEOMETRIC_REPRESENTATION_CONTEXT(2) 
PARAMETRIC_REPRESENTATION_CONTEXT() REPRESENTATION_CONTEXT('2D SPACE',''
  ) );
#6968 = ORIENTED_EDGE('',*,*,#6486,.F.);
#6969 = ADVANCED_FACE('',(#6970),#6816,.T.);
#6970 = FACE_BOUND('',#6971,.T.);
#6971 = EDGE_LOOP('',(#6972,#6993,#7203,#7222));
#6972 = ORIENTED_EDGE('',*,*,#6973,.T.);
#6973 = EDGE_CURVE('',#6720,#6974,#6976,.T.);
#6974 = VERTEX_POINT('',#6975);
#6975 = CARTESIAN_POINT('',(140.9618,-351.4832454352,109.78634985492));
#6976 = SURFACE_CURVE('',#6977,(#6980,#6987),.PCURVE_S1.);
#6977 = B_SPLINE_CURVE_WITH_KNOTS('',1,(#6978,#6979),.UNSPECIFIED.,.F.,
  .F.,(2,2),(26.,27.),.PIECEWISE_BEZIER_KNOTS.);
#6978 = CARTESIAN_POINT('',(140.9618,-351.7032530285,109.81499886357));
#6979 = CARTESIAN_POINT('',(140.9618,-351.4832454352,109.78634985492));
#6980 = PCURVE('',#6816,#6981);
#6981 = DEFINITIONAL_REPRESENTATION('',(#6982),#6986);
#6982 = LINE('',#6983,#6984);
#6983 = CARTESIAN_POINT('',(0.,0.));
#6984 = VECTOR('',#6985,1.);
#6985 = DIRECTION('',(1.,0.));
#6986 = ( GEOMETRIC_REPRESENTATION_CONTEXT(2) 
PARAMETRIC_REPRESENTATION_CONTEXT() REPRESENTATION_CONTEXT('2D SPACE',''
  ) );
#6987 = PCURVE('',#165,#6988);
#6988 = DEFINITIONAL_REPRESENTATION('',(#6989),#6992);
#6989 = B_SPLINE_CURVE_WITH_KNOTS('',1,(#6990,#6991),.UNSPECIFIED.,.F.,
  .F.,(2,2),(26.,27.),.PIECEWISE_BEZIER_KNOTS.);
#6990 = CARTESIAN_POINT('',(2.662309299048,6.082338967715E-03));
#6991 = CARTESIAN_POINT('',(2.440446694666,7.127132197553E-03));
#6992 = ( GEOMETRIC_REPRESENTATION_CONTEXT(2) 
PARAMETRIC_REPRESENTATION_CONTEXT() REPRESENTATION_CONTEXT('2D SPACE',''
  ) );
#6993 = ORIENTED_EDGE('',*,*,#6994,.T.);
#6994 = EDGE_CURVE('',#6974,#6995,#6997,.T.);
#6995 = VERTEX_POINT('',#6996);
#6996 = CARTESIAN_POINT('',(397.6403,-351.5742608754,109.40115857023));
#6997 = SURFACE_CURVE('',#6998,(#7062,#7069),.PCURVE_S1.);
#6998 = ( BOUNDED_CURVE() B_SPLINE_CURVE(3,(#6999,#7000,#7001,#7002,
    #7003,#7004,#7005,#7006,#7007,#7008,#7009,#7010,#7011,#7012,#7013,
    #7014,#7015,#7016,#7017,#7018,#7019,#7020,#7021,#7022,#7023,#7024,
    #7025,#7026,#7027,#7028,#7029,#7030,#7031,#7032,#7033,#7034,#7035,
    #7036,#7037,#7038,#7039,#7040,#7041,#7042,#7043,#7044,#7045,#7046,
    #7047,#7048,#7049,#7050,#7051,#7052,#7053,#7054,#7055,#7056,#7057,
    #7058,#7059,#7060,#7061),.UNSPECIFIED.,.F.,.F.) 
B_SPLINE_CURVE_WITH_KNOTS((4,1,1,1,1,1,1,1,1,1,1,1,1,1,1,1,1,1,1,1,1,1,1
    ,1,1,1,1,1,1,1,1,1,1,1,1,1,1,1,1,1,1,1,1,1,1,1,1,1,1,1,1,1,1,1,1,1,1
    ,1,1,1,4),(0.,1.732138582393E-02,3.476147556169E-02,
    5.682134329819E-02,7.1962296323E-02,9.668171057498E-02,
    0.117312720082,0.137726814038,0.152748180615,0.167749813045,
    0.182740680817,0.197724569486,0.212727858992,0.227712266626,
    0.242722186927,0.257740578549,0.272730613132,0.287749851447,
    0.302807253127,0.317909897629,0.333164876512,0.348417208457,
    0.363717555355,0.379021830365,0.39430254102,0.409403510223,
    0.424503833082,0.439703221214,0.455034147268,0.475266642259,
    0.494822408855,0.514358099005,0.53448350075,0.549791243926,
    0.564993335593,0.580114457875,0.595233122966,0.610524778841,
    0.625831283594,0.641129798524,0.656395058325,0.671658347301,
    0.686764177688,0.701824559728,0.716841998439,0.731832580826,
    0.74685884212,0.761877146393,0.776861271766,0.791847146503,
    0.806852809101,0.821843806167,0.836903306197,0.851969913481,
    0.873073700462,0.890743423327,0.916073608219,0.937085032849,
0.966089436802,0.983488965917,1.),.UNSPECIFIED.) CURVE() 
GEOMETRIC_REPRESENTATION_ITEM() RATIONAL_B_SPLINE_CURVE((1.,
    0.99999999999,1.000000000005,0.999999999998,1.,1.,1.,1.,1.,1.,1.,1.,
    1.,1.,1.,1.,1.,1.,1.,1.,1.,1.,1.,1.,1.,1.,1.,1.,1.,1.,1.,1.,1.,1.,1.
    ,1.,1.,1.,1.,1.,1.,1.,1.,1.,1.,1.,1.,1.,1.,1.,1.,1.,1.,1.,1.,1.,1.,
    1.,1.,0.999999999999,1.000000000002,0.999999999996,1.)) 
REPRESENTATION_ITEM('') );
#6999 = CARTESIAN_POINT('',(140.9618,-351.4832454352,109.78634985492));
#7000 = CARTESIAN_POINT('',(139.3469737637,-362.069451436,
    110.85247417069));
#7001 = CARTESIAN_POINT('',(146.55711552643,-346.3127753471,
    109.0627951201));
#7002 = CARTESIAN_POINT('',(149.83248812156,-346.8817233356,
    108.66099057813));
#7003 = CARTESIAN_POINT('',(152.63844988999,-353.8036931612,
    109.44584606578));
#7004 = CARTESIAN_POINT('',(159.61432189493,-351.0613666525,
    109.47689459936));
#7005 = CARTESIAN_POINT('',(161.57498576671,-359.0254844125,
    110.12607641646));
#7006 = CARTESIAN_POINT('',(166.85069272796,-350.582317041,
    108.73513092963));
#7007 = CARTESIAN_POINT('',(170.05924171584,-353.279187848,
    109.19049576543));
#7008 = CARTESIAN_POINT('',(175.2605606702,-352.5279964358,
    109.06190233684));
#7009 = CARTESIAN_POINT('',(179.44145366882,-352.8461585609,
    109.11218133518));
#7010 = CARTESIAN_POINT('',(183.74546905009,-352.8695527168,
    109.20427833399));
#7011 = CARTESIAN_POINT('',(188.02212458981,-352.6776814735,
    109.2230610373));
#7012 = CARTESIAN_POINT('',(192.29363155905,-352.9309510517,
    109.29280487222));
#7013 = CARTESIAN_POINT('',(196.58004983101,-353.1328909349,
    109.42032618398));
#7014 = CARTESIAN_POINT('',(200.85501156117,-352.4750849175,
    109.31345429093));
#7015 = CARTESIAN_POINT('',(205.12596544359,-353.1013097007,
    109.52338539813));
#7016 = CARTESIAN_POINT('',(209.41439322258,-352.8639357067,
    109.65204343403));
#7017 = CARTESIAN_POINT('',(213.69322367635,-352.5804775243,
    109.67615104299));
#7018 = CARTESIAN_POINT('',(217.96934112329,-352.2753025202,
    109.70220399332));
#7019 = CARTESIAN_POINT('',(222.26952895422,-351.9499636093,
    109.69132779108));
#7020 = CARTESIAN_POINT('',(226.5166643478,-351.2204437526,
    109.44387960969));
#7021 = CARTESIAN_POINT('',(230.80856684708,-350.585455091,
    109.37292752874));
#7022 = CARTESIAN_POINT('',(235.07622110161,-350.0738677554,
    109.30085477951));
#7023 = CARTESIAN_POINT('',(239.35488141397,-349.3713457043,
    109.44564801673));
#7024 = CARTESIAN_POINT('',(243.60389158591,-348.4585378508,
    109.42462873658));
#7025 = CARTESIAN_POINT('',(247.90844854027,-348.0183733077,
    109.49780564447));
#7026 = CARTESIAN_POINT('',(252.2213347776,-348.0275001507,
    109.45561521473));
#7027 = CARTESIAN_POINT('',(256.41797633353,-348.198185436,
    108.86543134292));
#7028 = CARTESIAN_POINT('',(261.49749220731,-348.2976816589,
    110.16341120393));
#7029 = CARTESIAN_POINT('',(264.82846846707,-355.4275131933,
    106.20975241364));
#7030 = CARTESIAN_POINT('',(269.29986524939,-345.630643825,
    108.20196324285));
#7031 = CARTESIAN_POINT('',(273.76120192934,-352.7352903475,
    106.6271292409));
#7032 = CARTESIAN_POINT('',(277.11561224167,-358.1064786609,
    108.40978244397));
#7033 = CARTESIAN_POINT('',(282.18739413143,-358.4187864397,
    107.17887707118));
#7034 = CARTESIAN_POINT('',(286.38362479911,-359.2297185952,
    107.2231630787));
#7035 = CARTESIAN_POINT('',(290.6929217221,-359.5282553198,
    107.20401359145));
#7036 = CARTESIAN_POINT('',(294.99728518776,-360.1548721531,
    106.48345896701));
#7037 = CARTESIAN_POINT('',(299.24599549207,-360.4974265362,
    106.20234493284));
#7038 = CARTESIAN_POINT('',(303.52499017227,-360.690242784,
    106.00840855637));
#7039 = CARTESIAN_POINT('',(307.79622056725,-361.023825059,
    106.05525696246));
#7040 = CARTESIAN_POINT('',(312.08441986464,-361.0476026082,
    106.04127916178));
#7041 = CARTESIAN_POINT('',(316.3318452167,-361.149503665,
    105.82581302217));
#7042 = CARTESIAN_POINT('',(320.63289091038,-361.5671267696,
    105.68679438618));
#7043 = CARTESIAN_POINT('',(324.90801010291,-361.6609240705,
    105.55712914491));
#7044 = CARTESIAN_POINT('',(329.18807309953,-361.8038874738,
    105.6640950613));
#7045 = CARTESIAN_POINT('',(333.47733801931,-361.8550053661,
    105.77795961513));
#7046 = CARTESIAN_POINT('',(337.7470456075,-362.0326945333,105.919579374
    ));
#7047 = CARTESIAN_POINT('',(342.02123400371,-361.8369234107,
    105.99059000833));
#7048 = CARTESIAN_POINT('',(346.30443528757,-361.8439432477,
    106.07547488235));
#7049 = CARTESIAN_POINT('',(350.5884217255,-361.8375962248,
    106.19082774245));
#7050 = CARTESIAN_POINT('',(354.84926238005,-360.9643557743,
    106.22160094239));
#7051 = CARTESIAN_POINT('',(359.17649042862,-361.6983674114,
    106.29532660583));
#7052 = CARTESIAN_POINT('',(363.32021844008,-359.9337620755,
    106.53151891725));
#7053 = CARTESIAN_POINT('',(368.68503275418,-361.865718031,
    106.59521820996));
#7054 = CARTESIAN_POINT('',(371.24903411287,-354.3759274936,
    108.19282367787));
#7055 = CARTESIAN_POINT('',(377.42638182418,-344.335816511,
    109.94554141829));
#7056 = CARTESIAN_POINT('',(379.73562276372,-364.9276345405,
    106.75650332921));
#7057 = CARTESIAN_POINT('',(385.92015942773,-345.0373751197,
    109.61704458643));
#7058 = CARTESIAN_POINT('',(387.95796901408,-356.3550235502,
    108.30110530938));
#7059 = CARTESIAN_POINT('',(392.55136708921,-361.010026957,
    107.95363537108));
#7060 = CARTESIAN_POINT('',(397.86107277384,-340.5810548138,
    111.01245485004));
#7061 = CARTESIAN_POINT('',(397.6403,-351.5742608754,109.40115857023));
#7062 = PCURVE('',#6816,#7063);
#7063 = DEFINITIONAL_REPRESENTATION('',(#7064),#7068);
#7064 = LINE('',#7065,#7066);
#7065 = CARTESIAN_POINT('',(27.,0.));
#7066 = VECTOR('',#7067,1.);
#7067 = DIRECTION('',(0.,1.));
#7068 = ( GEOMETRIC_REPRESENTATION_CONTEXT(2) 
PARAMETRIC_REPRESENTATION_CONTEXT() REPRESENTATION_CONTEXT('2D SPACE',''
  ) );
#7069 = PCURVE('',#7070,#7197);
#7070 = ( BOUNDED_SURFACE() B_SPLINE_SURFACE(1,3,(
    (#7071,#7072,#7073,#7074,#7075,#7076,#7077,#7078,#7079,#7080,#7081
      ,#7082,#7083,#7084,#7085,#7086,#7087,#7088,#7089,#7090,#7091,#7092
      ,#7093,#7094,#7095,#7096,#7097,#7098,#7099,#7100,#7101,#7102,#7103
      ,#7104,#7105,#7106,#7107,#7108,#7109,#7110,#7111,#7112,#7113,#7114
      ,#7115,#7116,#7117,#7118,#7119,#7120,#7121,#7122,#7123,#7124,#7125
      ,#7126,#7127,#7128,#7129,#7130,#7131,#7132,#7133)
    ,(#7134,#7135,#7136,#7137,#7138,#7139,#7140,#7141,#7142,#7143,#7144
      ,#7145,#7146,#7147,#7148,#7149,#7150,#7151,#7152,#7153,#7154,#7155
      ,#7156,#7157,#7158,#7159,#7160,#7161,#7162,#7163,#7164,#7165,#7166
      ,#7167,#7168,#7169,#7170,#7171,#7172,#7173,#7174,#7175,#7176,#7177
      ,#7178,#7179,#7180,#7181,#7182,#7183,#7184,#7185,#7186,#7187,#7188
      ,#7189,#7190,#7191,#7192,#7193,#7194,#7195,#7196
)),.UNSPECIFIED.,.F.,.F.,.F.) B_SPLINE_SURFACE_WITH_KNOTS((2,2),(4,1,1,1
    ,1,1,1,1,1,1,1,1,1,1,1,1,1,1,1,1,1,1,1,1,1,1,1,1,1,1,1,1,1,1,1,1,1,1
    ,1,1,1,1,1,1,1,1,1,1,1,1,1,1,1,1,1,1,1,1,1,1,4),(27.,28.),(0.,
    1.732138582393E-02,3.476147556169E-02,5.682134329819E-02,
    7.1962296323E-02,9.668171057498E-02,0.117312720082,0.137726814038,
    0.152748180615,0.167749813045,0.182740680817,0.197724569486,
    0.212727858992,0.227712266626,0.242722186927,0.257740578549,
    0.272730613132,0.287749851447,0.302807253127,0.317909897629,
    0.333164876512,0.348417208457,0.363717555355,0.379021830365,
    0.39430254102,0.409403510223,0.424503833082,0.439703221214,
    0.455034147268,0.475266642259,0.494822408855,0.514358099005,
    0.53448350075,0.549791243926,0.564993335593,0.580114457875,
    0.595233122966,0.610524778841,0.625831283594,0.641129798524,
    0.656395058325,0.671658347301,0.686764177688,0.701824559728,
    0.716841998439,0.731832580826,0.74685884212,0.761877146393,
    0.776861271766,0.791847146503,0.806852809101,0.821843806167,
    0.836903306197,0.851969913481,0.873073700462,0.890743423327,
    0.916073608219,0.937085032849,0.966089436802,0.983488965917,1.),
.UNSPECIFIED.) GEOMETRIC_REPRESENTATION_ITEM() RATIONAL_B_SPLINE_SURFACE
((
    (1.,0.99999999999,1.000000000005,0.999999999998,1.,1.,1.,1.,1.,1.,1.
      ,1.,1.,1.,1.,1.,1.,1.,1.,1.,1.,1.,1.,1.,1.,1.,1.,1.,1.,1.,1.,1.,1.
      ,1.,1.,1.,1.,1.,1.,1.,1.,1.,1.,1.,1.,1.,1.,1.,1.,1.,1.,1.,1.,1.,1.
      ,1.,1.,1.,1.,0.999999999999,1.000000000002,0.999999999996,1.)
    ,(1.,0.99999999999,1.000000000005,0.999999999998,1.,1.,1.,1.,1.,1.
      ,1.,1.,1.,1.,1.,1.,1.,1.,1.,1.,1.,1.,1.,1.,1.,1.,1.,1.,1.,1.,1.,1.
      ,1.,1.,1.,1.,1.,1.,1.,1.,1.,1.,1.,1.,1.,1.,1.,1.,1.,1.,1.,1.,1.,1.
      ,1.,1.,1.,1.,1.,0.999999999999,1.000000000002,0.999999999996,1.
))) REPRESENTATION_ITEM('') SURFACE() );
#7071 = CARTESIAN_POINT('',(140.9618,-351.4832454352,109.78634985492));
#7072 = CARTESIAN_POINT('',(139.3469737637,-362.069451436,
    110.85247417069));
#7073 = CARTESIAN_POINT('',(146.55711552643,-346.3127753471,
    109.0627951201));
#7074 = CARTESIAN_POINT('',(149.83248812156,-346.8817233356,
    108.66099057813));
#7075 = CARTESIAN_POINT('',(152.63844988999,-353.8036931612,
    109.44584606578));
#7076 = CARTESIAN_POINT('',(159.61432189493,-351.0613666525,
    109.47689459936));
#7077 = CARTESIAN_POINT('',(161.57498576671,-359.0254844125,
    110.12607641646));
#7078 = CARTESIAN_POINT('',(166.85069272796,-350.582317041,
    108.73513092963));
#7079 = CARTESIAN_POINT('',(170.05924171584,-353.279187848,
    109.19049576543));
#7080 = CARTESIAN_POINT('',(175.2605606702,-352.5279964358,
    109.06190233684));
#7081 = CARTESIAN_POINT('',(179.44145366882,-352.8461585609,
    109.11218133518));
#7082 = CARTESIAN_POINT('',(183.74546905009,-352.8695527168,
    109.20427833399));
#7083 = CARTESIAN_POINT('',(188.02212458981,-352.6776814735,
    109.2230610373));
#7084 = CARTESIAN_POINT('',(192.29363155905,-352.9309510517,
    109.29280487222));
#7085 = CARTESIAN_POINT('',(196.58004983101,-353.1328909349,
    109.42032618398));
#7086 = CARTESIAN_POINT('',(200.85501156117,-352.4750849175,
    109.31345429093));
#7087 = CARTESIAN_POINT('',(205.12596544359,-353.1013097007,
    109.52338539813));
#7088 = CARTESIAN_POINT('',(209.41439322258,-352.8639357067,
    109.65204343403));
#7089 = CARTESIAN_POINT('',(213.69322367635,-352.5804775243,
    109.67615104299));
#7090 = CARTESIAN_POINT('',(217.96934112329,-352.2753025202,
    109.70220399332));
#7091 = CARTESIAN_POINT('',(222.26952895422,-351.9499636093,
    109.69132779108));
#7092 = CARTESIAN_POINT('',(226.5166643478,-351.2204437526,
    109.44387960969));
#7093 = CARTESIAN_POINT('',(230.80856684708,-350.585455091,
    109.37292752874));
#7094 = CARTESIAN_POINT('',(235.07622110161,-350.0738677554,
    109.30085477951));
#7095 = CARTESIAN_POINT('',(239.35488141397,-349.3713457043,
    109.44564801673));
#7096 = CARTESIAN_POINT('',(243.60389158591,-348.4585378508,
    109.42462873658));
#7097 = CARTESIAN_POINT('',(247.90844854027,-348.0183733077,
    109.49780564447));
#7098 = CARTESIAN_POINT('',(252.2213347776,-348.0275001507,
    109.45561521473));
#7099 = CARTESIAN_POINT('',(256.41797633353,-348.198185436,
    108.86543134292));
#7100 = CARTESIAN_POINT('',(261.49749220731,-348.2976816589,
    110.16341120393));
#7101 = CARTESIAN_POINT('',(264.82846846707,-355.4275131933,
    106.20975241364));
#7102 = CARTESIAN_POINT('',(269.29986524939,-345.630643825,
    108.20196324285));
#7103 = CARTESIAN_POINT('',(273.76120192934,-352.7352903475,
    106.6271292409));
#7104 = CARTESIAN_POINT('',(277.11561224167,-358.1064786609,
    108.40978244397));
#7105 = CARTESIAN_POINT('',(282.18739413143,-358.4187864397,
    107.17887707118));
#7106 = CARTESIAN_POINT('',(286.38362479911,-359.2297185952,
    107.2231630787));
#7107 = CARTESIAN_POINT('',(290.6929217221,-359.5282553198,
    107.20401359145));
#7108 = CARTESIAN_POINT('',(294.99728518776,-360.1548721531,
    106.48345896701));
#7109 = CARTESIAN_POINT('',(299.24599549207,-360.4974265362,
    106.20234493284));
#7110 = CARTESIAN_POINT('',(303.52499017227,-360.690242784,
    106.00840855637));
#7111 = CARTESIAN_POINT('',(307.79622056725,-361.023825059,
    106.05525696246));
#7112 = CARTESIAN_POINT('',(312.08441986464,-361.0476026082,
    106.04127916178));
#7113 = CARTESIAN_POINT('',(316.3318452167,-361.149503665,
    105.82581302217));
#7114 = CARTESIAN_POINT('',(320.63289091038,-361.5671267696,
    105.68679438618));
#7115 = CARTESIAN_POINT('',(324.90801010291,-361.6609240705,
    105.55712914491));
#7116 = CARTESIAN_POINT('',(329.18807309953,-361.8038874738,
    105.6640950613));
#7117 = CARTESIAN_POINT('',(333.47733801931,-361.8550053661,
    105.77795961513));
#7118 = CARTESIAN_POINT('',(337.7470456075,-362.0326945333,105.919579374
    ));
#7119 = CARTESIAN_POINT('',(342.02123400371,-361.8369234107,
    105.99059000833));
#7120 = CARTESIAN_POINT('',(346.30443528757,-361.8439432477,
    106.07547488235));
#7121 = CARTESIAN_POINT('',(350.5884217255,-361.8375962248,
    106.19082774245));
#7122 = CARTESIAN_POINT('',(354.84926238005,-360.9643557743,
    106.22160094239));
#7123 = CARTESIAN_POINT('',(359.17649042862,-361.6983674114,
    106.29532660583));
#7124 = CARTESIAN_POINT('',(363.32021844008,-359.9337620755,
    106.53151891725));
#7125 = CARTESIAN_POINT('',(368.68503275418,-361.865718031,
    106.59521820996));
#7126 = CARTESIAN_POINT('',(371.24903411287,-354.3759274936,
    108.19282367787));
#7127 = CARTESIAN_POINT('',(377.42638182418,-344.335816511,
    109.94554141829));
#7128 = CARTESIAN_POINT('',(379.73562276372,-364.9276345405,
    106.75650332921));
#7129 = CARTESIAN_POINT('',(385.92015942773,-345.0373751197,
    109.61704458643));
#7130 = CARTESIAN_POINT('',(387.95796901408,-356.3550235502,
    108.30110530938));
#7131 = CARTESIAN_POINT('',(392.55136708921,-361.010026957,
    107.95363537108));
#7132 = CARTESIAN_POINT('',(397.86107277384,-340.5810548138,
    111.01245485004));
#7133 = CARTESIAN_POINT('',(397.6403,-351.5742608754,109.40115857023));
#7134 = CARTESIAN_POINT('',(140.9618,-351.2632691511,109.75746068959));
#7135 = CARTESIAN_POINT('',(139.3469737637,-361.3204616903,
    110.61885456795));
#7136 = CARTESIAN_POINT('',(146.55711552643,-345.8641152618,
    108.98970578329));
#7137 = CARTESIAN_POINT('',(149.83248812156,-346.5787326306,
    108.6379678837));
#7138 = CARTESIAN_POINT('',(152.63844988999,-352.8859783675,
    109.28335667155));
#7139 = CARTESIAN_POINT('',(159.61432189493,-349.9470023882,
    109.31242104789));
#7140 = CARTESIAN_POINT('',(161.57498576671,-358.6804066523,
    110.05080132093));
#7141 = CARTESIAN_POINT('',(166.85069272796,-350.1572250698,
    108.6659803302));
#7142 = CARTESIAN_POINT('',(170.05924171584,-351.915587875,
    108.94870665389));
#7143 = CARTESIAN_POINT('',(175.2605606702,-351.2981341387,
    108.83964157051));
#7144 = CARTESIAN_POINT('',(179.44145366882,-351.5351362971,
    108.8648841076));
#7145 = CARTESIAN_POINT('',(183.74546905009,-351.5418213095,
    108.92502372419));
#7146 = CARTESIAN_POINT('',(188.02212458981,-351.3528413597,
    108.925743763));
#7147 = CARTESIAN_POINT('',(192.29363155905,-351.5611638586,
    108.9993410959));
#7148 = CARTESIAN_POINT('',(196.58004983101,-351.7532969771,
    109.06617408793));
#7149 = CARTESIAN_POINT('',(200.85501156117,-351.1500191178,
    109.00060026485));
#7150 = CARTESIAN_POINT('',(205.12596544359,-351.7176332223,
    109.15607899342));
#7151 = CARTESIAN_POINT('',(209.41439322258,-351.5171252858,
    109.26531893759));
#7152 = CARTESIAN_POINT('',(213.69322367635,-351.2572102967,
    109.29753641493));
#7153 = CARTESIAN_POINT('',(217.96934112329,-351.0198098185,
    109.28832677301));
#7154 = CARTESIAN_POINT('',(222.26952895422,-350.7519202225,
    109.30313585027));
#7155 = CARTESIAN_POINT('',(226.5166643478,-350.1036673091,
    109.04303153155));
#7156 = CARTESIAN_POINT('',(230.80856684708,-349.5584481361,
    108.94808605562));
#7157 = CARTESIAN_POINT('',(235.07622110161,-349.1157925927,
    108.89590379093));
#7158 = CARTESIAN_POINT('',(239.35488141397,-348.5754590946,
    108.9026724359));
#7159 = CARTESIAN_POINT('',(243.60389158591,-347.7304691701,
    108.93593753057));
#7160 = CARTESIAN_POINT('',(247.90844854027,-347.41211276,108.9815407675
    ));
#7161 = CARTESIAN_POINT('',(252.2213347776,-347.4307048826,
    109.05143132781));
#7162 = CARTESIAN_POINT('',(256.41797633353,-347.6935084263,
    108.49198032312));
#7163 = CARTESIAN_POINT('',(261.49749220731,-347.6207723535,
    110.10439943067));
#7164 = CARTESIAN_POINT('',(264.82846846707,-355.6312299108,
    105.20414813719));
#7165 = CARTESIAN_POINT('',(269.29986524939,-345.5451601055,
    107.67796091216));
#7166 = CARTESIAN_POINT('',(273.76120192934,-352.8791618092,
    105.67691615239));
#7167 = CARTESIAN_POINT('',(277.11561224167,-357.654438655,
    108.15536896668));
#7168 = CARTESIAN_POINT('',(282.18739413143,-358.1883349092,
    106.6095729005));
#7169 = CARTESIAN_POINT('',(286.38362479911,-359.4841117727,
    106.51959758657));
#7170 = CARTESIAN_POINT('',(290.6929217221,-359.9060225105,
    106.51377785896));
#7171 = CARTESIAN_POINT('',(294.99728518776,-360.5697802935,
    105.70428601204));
#7172 = CARTESIAN_POINT('',(299.24599549207,-360.9445072947,
    105.39371374684));
#7173 = CARTESIAN_POINT('',(303.52499017227,-361.3346034936,
    105.28677499619));
#7174 = CARTESIAN_POINT('',(307.79622056725,-361.596563323,
    105.36769689081));
#7175 = CARTESIAN_POINT('',(312.08441986464,-362.2421433861,
    105.55720794283));
#7176 = CARTESIAN_POINT('',(316.3318452167,-362.1395396687,
    105.56354065959));
#7177 = CARTESIAN_POINT('',(320.63289091038,-362.8964605927,
    105.62869502279));
#7178 = CARTESIAN_POINT('',(324.90801010291,-363.0308835457,
    105.68786290779));
#7179 = CARTESIAN_POINT('',(329.18807309953,-363.2079787314,
    105.77990758765));
#7180 = CARTESIAN_POINT('',(333.47733801931,-363.2838133607,
    105.88679635299));
#7181 = CARTESIAN_POINT('',(337.7470456075,-363.404079071,
    106.00253653852));
#7182 = CARTESIAN_POINT('',(342.02123400371,-363.2603722623,
    106.08932343428));
#7183 = CARTESIAN_POINT('',(346.30443528757,-363.2321113372,
    106.20927749848));
#7184 = CARTESIAN_POINT('',(350.5884217255,-363.2194304326,
    106.31313490358));
#7185 = CARTESIAN_POINT('',(354.84926238005,-362.2842786517,
    106.33157454705));
#7186 = CARTESIAN_POINT('',(359.17649042862,-363.0297878014,
    106.51206971855));
#7187 = CARTESIAN_POINT('',(363.32021844008,-361.1749886604,
    106.54184069248));
#7188 = CARTESIAN_POINT('',(368.68503275418,-363.1487764124,
    106.65121700483));
#7189 = CARTESIAN_POINT('',(371.24903411287,-355.1671276988,
    107.9841718144));
#7190 = CARTESIAN_POINT('',(377.42638182418,-344.5535906804,
    109.92282409246));
#7191 = CARTESIAN_POINT('',(379.73562276372,-366.2521548575,
    106.54833833471));
#7192 = CARTESIAN_POINT('',(385.92015942773,-345.3960579711,
    109.55631588681));
#7193 = CARTESIAN_POINT('',(387.95796901408,-356.6470458656,
    108.3258884938));
#7194 = CARTESIAN_POINT('',(392.55136708921,-361.7540585715,
    107.89871133862));
#7195 = CARTESIAN_POINT('',(397.86107277384,-340.663329632,
    111.00206745236));
#7196 = CARTESIAN_POINT('',(397.6403,-351.7512082816,109.38791807529));
#7197 = DEFINITIONAL_REPRESENTATION('',(#7198),#7202);
#7198 = LINE('',#7199,#7200);
#7199 = CARTESIAN_POINT('',(27.,0.));
#7200 = VECTOR('',#7201,1.);
#7201 = DIRECTION('',(0.,1.));
#7202 = ( GEOMETRIC_REPRESENTATION_CONTEXT(2) 
PARAMETRIC_REPRESENTATION_CONTEXT() REPRESENTATION_CONTEXT('2D SPACE',''
  ) );
#7203 = ORIENTED_EDGE('',*,*,#7204,.F.);
#7204 = EDGE_CURVE('',#6741,#6995,#7205,.T.);
#7205 = SURFACE_CURVE('',#7206,(#7209,#7216),.PCURVE_S1.);
#7206 = B_SPLINE_CURVE_WITH_KNOTS('',1,(#7207,#7208),.UNSPECIFIED.,.F.,
  .F.,(2,2),(26.,27.),.PIECEWISE_BEZIER_KNOTS.);
#7207 = CARTESIAN_POINT('',(397.6403,-351.3976412249,109.41813268796));
#7208 = CARTESIAN_POINT('',(397.6403,-351.5742608754,109.40115857023));
#7209 = PCURVE('',#6816,#7210);
#7210 = DEFINITIONAL_REPRESENTATION('',(#7211),#7215);
#7211 = LINE('',#7212,#7213);
#7212 = CARTESIAN_POINT('',(0.,1.));
#7213 = VECTOR('',#7214,1.);
#7214 = DIRECTION('',(1.,0.));
#7215 = ( GEOMETRIC_REPRESENTATION_CONTEXT(2) 
PARAMETRIC_REPRESENTATION_CONTEXT() REPRESENTATION_CONTEXT('2D SPACE',''
  ) );
#7216 = PCURVE('',#401,#7217);
#7217 = DEFINITIONAL_REPRESENTATION('',(#7218),#7221);
#7218 = B_SPLINE_CURVE_WITH_KNOTS('',1,(#7219,#7220),.UNSPECIFIED.,.F.,
  .F.,(2,2),(26.,27.),.PIECEWISE_BEZIER_KNOTS.);
#7219 = CARTESIAN_POINT('',(1.774235766773,1.089975608201E-02));
#7220 = CARTESIAN_POINT('',(1.951633143348,7.323112422085E-03));
#7221 = ( GEOMETRIC_REPRESENTATION_CONTEXT(2) 
PARAMETRIC_REPRESENTATION_CONTEXT() REPRESENTATION_CONTEXT('2D SPACE',''
  ) );
#7222 = ORIENTED_EDGE('',*,*,#6740,.F.);
#7223 = ADVANCED_FACE('',(#7224),#7070,.T.);
#7224 = FACE_BOUND('',#7225,.T.);
#7225 = EDGE_LOOP('',(#7226,#7247,#7457,#7476));
#7226 = ORIENTED_EDGE('',*,*,#7227,.T.);
#7227 = EDGE_CURVE('',#6974,#7228,#7230,.T.);
#7228 = VERTEX_POINT('',#7229);
#7229 = CARTESIAN_POINT('',(140.9618,-351.2632691511,109.75746068959));
#7230 = SURFACE_CURVE('',#7231,(#7234,#7241),.PCURVE_S1.);
#7231 = B_SPLINE_CURVE_WITH_KNOTS('',1,(#7232,#7233),.UNSPECIFIED.,.F.,
  .F.,(2,2),(27.,28.),.PIECEWISE_BEZIER_KNOTS.);
#7232 = CARTESIAN_POINT('',(140.9618,-351.4832454352,109.78634985492));
#7233 = CARTESIAN_POINT('',(140.9618,-351.2632691511,109.75746068959));
#7234 = PCURVE('',#7070,#7235);
#7235 = DEFINITIONAL_REPRESENTATION('',(#7236),#7240);
#7236 = LINE('',#7237,#7238);
#7237 = CARTESIAN_POINT('',(0.,0.));
#7238 = VECTOR('',#7239,1.);
#7239 = DIRECTION('',(1.,0.));
#7240 = ( GEOMETRIC_REPRESENTATION_CONTEXT(2) 
PARAMETRIC_REPRESENTATION_CONTEXT() REPRESENTATION_CONTEXT('2D SPACE',''
  ) );
#7241 = PCURVE('',#165,#7242);
#7242 = DEFINITIONAL_REPRESENTATION('',(#7243),#7246);
#7243 = B_SPLINE_CURVE_WITH_KNOTS('',1,(#7244,#7245),.UNSPECIFIED.,.F.,
  .F.,(2,2),(27.,28.),.PIECEWISE_BEZIER_KNOTS.);
#7244 = CARTESIAN_POINT('',(2.440446694666,7.127132197553E-03));
#7245 = CARTESIAN_POINT('',(2.218585266972,8.41411155389E-03));
#7246 = ( GEOMETRIC_REPRESENTATION_CONTEXT(2) 
PARAMETRIC_REPRESENTATION_CONTEXT() REPRESENTATION_CONTEXT('2D SPACE',''
  ) );
#7247 = ORIENTED_EDGE('',*,*,#7248,.T.);
#7248 = EDGE_CURVE('',#7228,#7249,#7251,.T.);
#7249 = VERTEX_POINT('',#7250);
#7250 = CARTESIAN_POINT('',(397.6403,-351.7512082816,109.38791807529));
#7251 = SURFACE_CURVE('',#7252,(#7316,#7323),.PCURVE_S1.);
#7252 = ( BOUNDED_CURVE() B_SPLINE_CURVE(3,(#7253,#7254,#7255,#7256,
    #7257,#7258,#7259,#7260,#7261,#7262,#7263,#7264,#7265,#7266,#7267,
    #7268,#7269,#7270,#7271,#7272,#7273,#7274,#7275,#7276,#7277,#7278,
    #7279,#7280,#7281,#7282,#7283,#7284,#7285,#7286,#7287,#7288,#7289,
    #7290,#7291,#7292,#7293,#7294,#7295,#7296,#7297,#7298,#7299,#7300,
    #7301,#7302,#7303,#7304,#7305,#7306,#7307,#7308,#7309,#7310,#7311,
    #7312,#7313,#7314,#7315),.UNSPECIFIED.,.F.,.F.) 
B_SPLINE_CURVE_WITH_KNOTS((4,1,1,1,1,1,1,1,1,1,1,1,1,1,1,1,1,1,1,1,1,1,1
    ,1,1,1,1,1,1,1,1,1,1,1,1,1,1,1,1,1,1,1,1,1,1,1,1,1,1,1,1,1,1,1,1,1,1
    ,1,1,1,4),(0.,1.732138582393E-02,3.476147556169E-02,
    5.682134329819E-02,7.1962296323E-02,9.668171057498E-02,
    0.117312720082,0.137726814038,0.152748180615,0.167749813045,
    0.182740680817,0.197724569486,0.212727858992,0.227712266626,
    0.242722186927,0.257740578549,0.272730613132,0.287749851447,
    0.302807253127,0.317909897629,0.333164876512,0.348417208457,
    0.363717555355,0.379021830365,0.39430254102,0.409403510223,
    0.424503833082,0.439703221214,0.455034147268,0.475266642259,
    0.494822408855,0.514358099005,0.53448350075,0.549791243926,
    0.564993335593,0.580114457875,0.595233122966,0.610524778841,
    0.625831283594,0.641129798524,0.656395058325,0.671658347301,
    0.686764177688,0.701824559728,0.716841998439,0.731832580826,
    0.74685884212,0.761877146393,0.776861271766,0.791847146503,
    0.806852809101,0.821843806167,0.836903306197,0.851969913481,
    0.873073700462,0.890743423327,0.916073608219,0.937085032849,
0.966089436802,0.983488965917,1.),.UNSPECIFIED.) CURVE() 
GEOMETRIC_REPRESENTATION_ITEM() RATIONAL_B_SPLINE_CURVE((1.,
    0.99999999999,1.000000000005,0.999999999998,1.,1.,1.,1.,1.,1.,1.,1.,
    1.,1.,1.,1.,1.,1.,1.,1.,1.,1.,1.,1.,1.,1.,1.,1.,1.,1.,1.,1.,1.,1.,1.
    ,1.,1.,1.,1.,1.,1.,1.,1.,1.,1.,1.,1.,1.,1.,1.,1.,1.,1.,1.,1.,1.,1.,
    1.,1.,0.999999999999,1.000000000002,0.999999999996,1.)) 
REPRESENTATION_ITEM('') );
#7253 = CARTESIAN_POINT('',(140.9618,-351.2632691511,109.75746068959));
#7254 = CARTESIAN_POINT('',(139.3469737637,-361.3204616903,
    110.61885456795));
#7255 = CARTESIAN_POINT('',(146.55711552643,-345.8641152618,
    108.98970578329));
#7256 = CARTESIAN_POINT('',(149.83248812156,-346.5787326306,
    108.6379678837));
#7257 = CARTESIAN_POINT('',(152.63844988999,-352.8859783675,
    109.28335667155));
#7258 = CARTESIAN_POINT('',(159.61432189493,-349.9470023882,
    109.31242104789));
#7259 = CARTESIAN_POINT('',(161.57498576671,-358.6804066523,
    110.05080132093));
#7260 = CARTESIAN_POINT('',(166.85069272796,-350.1572250698,
    108.6659803302));
#7261 = CARTESIAN_POINT('',(170.05924171584,-351.915587875,
    108.94870665389));
#7262 = CARTESIAN_POINT('',(175.2605606702,-351.2981341387,
    108.83964157051));
#7263 = CARTESIAN_POINT('',(179.44145366882,-351.5351362971,
    108.8648841076));
#7264 = CARTESIAN_POINT('',(183.74546905009,-351.5418213095,
    108.92502372419));
#7265 = CARTESIAN_POINT('',(188.02212458981,-351.3528413597,
    108.925743763));
#7266 = CARTESIAN_POINT('',(192.29363155905,-351.5611638586,
    108.9993410959));
#7267 = CARTESIAN_POINT('',(196.58004983101,-351.7532969771,
    109.06617408793));
#7268 = CARTESIAN_POINT('',(200.85501156117,-351.1500191178,
    109.00060026485));
#7269 = CARTESIAN_POINT('',(205.12596544359,-351.7176332223,
    109.15607899342));
#7270 = CARTESIAN_POINT('',(209.41439322258,-351.5171252858,
    109.26531893759));
#7271 = CARTESIAN_POINT('',(213.69322367635,-351.2572102967,
    109.29753641493));
#7272 = CARTESIAN_POINT('',(217.96934112329,-351.0198098185,
    109.28832677301));
#7273 = CARTESIAN_POINT('',(222.26952895422,-350.7519202225,
    109.30313585027));
#7274 = CARTESIAN_POINT('',(226.5166643478,-350.1036673091,
    109.04303153155));
#7275 = CARTESIAN_POINT('',(230.80856684708,-349.5584481361,
    108.94808605562));
#7276 = CARTESIAN_POINT('',(235.07622110161,-349.1157925927,
    108.89590379093));
#7277 = CARTESIAN_POINT('',(239.35488141397,-348.5754590946,
    108.9026724359));
#7278 = CARTESIAN_POINT('',(243.60389158591,-347.7304691701,
    108.93593753057));
#7279 = CARTESIAN_POINT('',(247.90844854027,-347.41211276,108.9815407675
    ));
#7280 = CARTESIAN_POINT('',(252.2213347776,-347.4307048826,
    109.05143132781));
#7281 = CARTESIAN_POINT('',(256.41797633353,-347.6935084263,
    108.49198032312));
#7282 = CARTESIAN_POINT('',(261.49749220731,-347.6207723535,
    110.10439943067));
#7283 = CARTESIAN_POINT('',(264.82846846707,-355.6312299108,
    105.20414813719));
#7284 = CARTESIAN_POINT('',(269.29986524939,-345.5451601055,
    107.67796091216));
#7285 = CARTESIAN_POINT('',(273.76120192934,-352.8791618092,
    105.67691615239));
#7286 = CARTESIAN_POINT('',(277.11561224167,-357.654438655,
    108.15536896668));
#7287 = CARTESIAN_POINT('',(282.18739413143,-358.1883349092,
    106.6095729005));
#7288 = CARTESIAN_POINT('',(286.38362479911,-359.4841117727,
    106.51959758657));
#7289 = CARTESIAN_POINT('',(290.6929217221,-359.9060225105,
    106.51377785896));
#7290 = CARTESIAN_POINT('',(294.99728518776,-360.5697802935,
    105.70428601204));
#7291 = CARTESIAN_POINT('',(299.24599549207,-360.9445072947,
    105.39371374684));
#7292 = CARTESIAN_POINT('',(303.52499017227,-361.3346034936,
    105.28677499619));
#7293 = CARTESIAN_POINT('',(307.79622056725,-361.596563323,
    105.36769689081));
#7294 = CARTESIAN_POINT('',(312.08441986464,-362.2421433861,
    105.55720794283));
#7295 = CARTESIAN_POINT('',(316.3318452167,-362.1395396687,
    105.56354065959));
#7296 = CARTESIAN_POINT('',(320.63289091038,-362.8964605927,
    105.62869502279));
#7297 = CARTESIAN_POINT('',(324.90801010291,-363.0308835457,
    105.68786290779));
#7298 = CARTESIAN_POINT('',(329.18807309953,-363.2079787314,
    105.77990758765));
#7299 = CARTESIAN_POINT('',(333.47733801931,-363.2838133607,
    105.88679635299));
#7300 = CARTESIAN_POINT('',(337.7470456075,-363.404079071,
    106.00253653852));
#7301 = CARTESIAN_POINT('',(342.02123400371,-363.2603722623,
    106.08932343428));
#7302 = CARTESIAN_POINT('',(346.30443528757,-363.2321113372,
    106.20927749848));
#7303 = CARTESIAN_POINT('',(350.5884217255,-363.2194304326,
    106.31313490358));
#7304 = CARTESIAN_POINT('',(354.84926238005,-362.2842786517,
    106.33157454705));
#7305 = CARTESIAN_POINT('',(359.17649042862,-363.0297878014,
    106.51206971855));
#7306 = CARTESIAN_POINT('',(363.32021844008,-361.1749886604,
    106.54184069248));
#7307 = CARTESIAN_POINT('',(368.68503275418,-363.1487764124,
    106.65121700483));
#7308 = CARTESIAN_POINT('',(371.24903411287,-355.1671276988,
    107.9841718144));
#7309 = CARTESIAN_POINT('',(377.42638182418,-344.5535906804,
    109.92282409246));
#7310 = CARTESIAN_POINT('',(379.73562276372,-366.2521548575,
    106.54833833471));
#7311 = CARTESIAN_POINT('',(385.92015942773,-345.3960579711,
    109.55631588681));
#7312 = CARTESIAN_POINT('',(387.95796901408,-356.6470458656,
    108.3258884938));
#7313 = CARTESIAN_POINT('',(392.55136708921,-361.7540585715,
    107.89871133862));
#7314 = CARTESIAN_POINT('',(397.86107277384,-340.663329632,
    111.00206745236));
#7315 = CARTESIAN_POINT('',(397.6403,-351.7512082816,109.38791807529));
#7316 = PCURVE('',#7070,#7317);
#7317 = DEFINITIONAL_REPRESENTATION('',(#7318),#7322);
#7318 = LINE('',#7319,#7320);
#7319 = CARTESIAN_POINT('',(28.,0.));
#7320 = VECTOR('',#7321,1.);
#7321 = DIRECTION('',(0.,1.));
#7322 = ( GEOMETRIC_REPRESENTATION_CONTEXT(2) 
PARAMETRIC_REPRESENTATION_CONTEXT() REPRESENTATION_CONTEXT('2D SPACE',''
  ) );
#7323 = PCURVE('',#7324,#7451);
#7324 = ( BOUNDED_SURFACE() B_SPLINE_SURFACE(1,3,(
    (#7325,#7326,#7327,#7328,#7329,#7330,#7331,#7332,#7333,#7334,#7335
      ,#7336,#7337,#7338,#7339,#7340,#7341,#7342,#7343,#7344,#7345,#7346
      ,#7347,#7348,#7349,#7350,#7351,#7352,#7353,#7354,#7355,#7356,#7357
      ,#7358,#7359,#7360,#7361,#7362,#7363,#7364,#7365,#7366,#7367,#7368
      ,#7369,#7370,#7371,#7372,#7373,#7374,#7375,#7376,#7377,#7378,#7379
      ,#7380,#7381,#7382,#7383,#7384,#7385,#7386,#7387)
    ,(#7388,#7389,#7390,#7391,#7392,#7393,#7394,#7395,#7396,#7397,#7398
      ,#7399,#7400,#7401,#7402,#7403,#7404,#7405,#7406,#7407,#7408,#7409
      ,#7410,#7411,#7412,#7413,#7414,#7415,#7416,#7417,#7418,#7419,#7420
      ,#7421,#7422,#7423,#7424,#7425,#7426,#7427,#7428,#7429,#7430,#7431
      ,#7432,#7433,#7434,#7435,#7436,#7437,#7438,#7439,#7440,#7441,#7442
      ,#7443,#7444,#7445,#7446,#7447,#7448,#7449,#7450
)),.UNSPECIFIED.,.F.,.F.,.F.) B_SPLINE_SURFACE_WITH_KNOTS((2,2),(4,1,1,1
    ,1,1,1,1,1,1,1,1,1,1,1,1,1,1,1,1,1,1,1,1,1,1,1,1,1,1,1,1,1,1,1,1,1,1
    ,1,1,1,1,1,1,1,1,1,1,1,1,1,1,1,1,1,1,1,1,1,1,4),(28.,29.),(0.,
    1.732138582393E-02,3.476147556169E-02,5.682134329819E-02,
    7.1962296323E-02,9.668171057498E-02,0.117312720082,0.137726814038,
    0.152748180615,0.167749813045,0.182740680817,0.197724569486,
    0.212727858992,0.227712266626,0.242722186927,0.257740578549,
    0.272730613132,0.287749851447,0.302807253127,0.317909897629,
    0.333164876512,0.348417208457,0.363717555355,0.379021830365,
    0.39430254102,0.409403510223,0.424503833082,0.439703221214,
    0.455034147268,0.475266642259,0.494822408855,0.514358099005,
    0.53448350075,0.549791243926,0.564993335593,0.580114457875,
    0.595233122966,0.610524778841,0.625831283594,0.641129798524,
    0.656395058325,0.671658347301,0.686764177688,0.701824559728,
    0.716841998439,0.731832580826,0.74685884212,0.761877146393,
    0.776861271766,0.791847146503,0.806852809101,0.821843806167,
    0.836903306197,0.851969913481,0.873073700462,0.890743423327,
    0.916073608219,0.937085032849,0.966089436802,0.983488965917,1.),
.UNSPECIFIED.) GEOMETRIC_REPRESENTATION_ITEM() RATIONAL_B_SPLINE_SURFACE
((
    (1.,0.99999999999,1.000000000005,0.999999999998,1.,1.,1.,1.,1.,1.,1.
      ,1.,1.,1.,1.,1.,1.,1.,1.,1.,1.,1.,1.,1.,1.,1.,1.,1.,1.,1.,1.,1.,1.
      ,1.,1.,1.,1.,1.,1.,1.,1.,1.,1.,1.,1.,1.,1.,1.,1.,1.,1.,1.,1.,1.,1.
      ,1.,1.,1.,1.,0.999999999999,1.000000000002,0.999999999996,1.)
    ,(1.,0.99999999999,1.000000000005,0.999999999998,1.,1.,1.,1.,1.,1.
      ,1.,1.,1.,1.,1.,1.,1.,1.,1.,1.,1.,1.,1.,1.,1.,1.,1.,1.,1.,1.,1.,1.
      ,1.,1.,1.,1.,1.,1.,1.,1.,1.,1.,1.,1.,1.,1.,1.,1.,1.,1.,1.,1.,1.,1.
      ,1.,1.,1.,1.,1.,0.999999999999,1.000000000002,0.999999999996,1.
))) REPRESENTATION_ITEM('') SURFACE() );
#7325 = CARTESIAN_POINT('',(140.9618,-351.2632691511,109.75746068959));
#7326 = CARTESIAN_POINT('',(139.3469737637,-361.3204616903,
    110.61885456795));
#7327 = CARTESIAN_POINT('',(146.55711552643,-345.8641152618,
    108.98970578329));
#7328 = CARTESIAN_POINT('',(149.83248812156,-346.5787326306,
    108.6379678837));
#7329 = CARTESIAN_POINT('',(152.63844988999,-352.8859783675,
    109.28335667155));
#7330 = CARTESIAN_POINT('',(159.61432189493,-349.9470023882,
    109.31242104789));
#7331 = CARTESIAN_POINT('',(161.57498576671,-358.6804066523,
    110.05080132093));
#7332 = CARTESIAN_POINT('',(166.85069272796,-350.1572250698,
    108.6659803302));
#7333 = CARTESIAN_POINT('',(170.05924171584,-351.915587875,
    108.94870665389));
#7334 = CARTESIAN_POINT('',(175.2605606702,-351.2981341387,
    108.83964157051));
#7335 = CARTESIAN_POINT('',(179.44145366882,-351.5351362971,
    108.8648841076));
#7336 = CARTESIAN_POINT('',(183.74546905009,-351.5418213095,
    108.92502372419));
#7337 = CARTESIAN_POINT('',(188.02212458981,-351.3528413597,
    108.925743763));
#7338 = CARTESIAN_POINT('',(192.29363155905,-351.5611638586,
    108.9993410959));
#7339 = CARTESIAN_POINT('',(196.58004983101,-351.7532969771,
    109.06617408793));
#7340 = CARTESIAN_POINT('',(200.85501156117,-351.1500191178,
    109.00060026485));
#7341 = CARTESIAN_POINT('',(205.12596544359,-351.7176332223,
    109.15607899342));
#7342 = CARTESIAN_POINT('',(209.41439322258,-351.5171252858,
    109.26531893759));
#7343 = CARTESIAN_POINT('',(213.69322367635,-351.2572102967,
    109.29753641493));
#7344 = CARTESIAN_POINT('',(217.96934112329,-351.0198098185,
    109.28832677301));
#7345 = CARTESIAN_POINT('',(222.26952895422,-350.7519202225,
    109.30313585027));
#7346 = CARTESIAN_POINT('',(226.5166643478,-350.1036673091,
    109.04303153155));
#7347 = CARTESIAN_POINT('',(230.80856684708,-349.5584481361,
    108.94808605562));
#7348 = CARTESIAN_POINT('',(235.07622110161,-349.1157925927,
    108.89590379093));
#7349 = CARTESIAN_POINT('',(239.35488141397,-348.5754590946,
    108.9026724359));
#7350 = CARTESIAN_POINT('',(243.60389158591,-347.7304691701,
    108.93593753057));
#7351 = CARTESIAN_POINT('',(247.90844854027,-347.41211276,108.9815407675
    ));
#7352 = CARTESIAN_POINT('',(252.2213347776,-347.4307048826,
    109.05143132781));
#7353 = CARTESIAN_POINT('',(256.41797633353,-347.6935084263,
    108.49198032312));
#7354 = CARTESIAN_POINT('',(261.49749220731,-347.6207723535,
    110.10439943067));
#7355 = CARTESIAN_POINT('',(264.82846846707,-355.6312299108,
    105.20414813719));
#7356 = CARTESIAN_POINT('',(269.29986524939,-345.5451601055,
    107.67796091216));
#7357 = CARTESIAN_POINT('',(273.76120192934,-352.8791618092,
    105.67691615239));
#7358 = CARTESIAN_POINT('',(277.11561224167,-357.654438655,
    108.15536896668));
#7359 = CARTESIAN_POINT('',(282.18739413143,-358.1883349092,
    106.6095729005));
#7360 = CARTESIAN_POINT('',(286.38362479911,-359.4841117727,
    106.51959758657));
#7361 = CARTESIAN_POINT('',(290.6929217221,-359.9060225105,
    106.51377785896));
#7362 = CARTESIAN_POINT('',(294.99728518776,-360.5697802935,
    105.70428601204));
#7363 = CARTESIAN_POINT('',(299.24599549207,-360.9445072947,
    105.39371374684));
#7364 = CARTESIAN_POINT('',(303.52499017227,-361.3346034936,
    105.28677499619));
#7365 = CARTESIAN_POINT('',(307.79622056725,-361.596563323,
    105.36769689081));
#7366 = CARTESIAN_POINT('',(312.08441986464,-362.2421433861,
    105.55720794283));
#7367 = CARTESIAN_POINT('',(316.3318452167,-362.1395396687,
    105.56354065959));
#7368 = CARTESIAN_POINT('',(320.63289091038,-362.8964605927,
    105.62869502279));
#7369 = CARTESIAN_POINT('',(324.90801010291,-363.0308835457,
    105.68786290779));
#7370 = CARTESIAN_POINT('',(329.18807309953,-363.2079787314,
    105.77990758765));
#7371 = CARTESIAN_POINT('',(333.47733801931,-363.2838133607,
    105.88679635299));
#7372 = CARTESIAN_POINT('',(337.7470456075,-363.404079071,
    106.00253653852));
#7373 = CARTESIAN_POINT('',(342.02123400371,-363.2603722623,
    106.08932343428));
#7374 = CARTESIAN_POINT('',(346.30443528757,-363.2321113372,
    106.20927749848));
#7375 = CARTESIAN_POINT('',(350.5884217255,-363.2194304326,
    106.31313490358));
#7376 = CARTESIAN_POINT('',(354.84926238005,-362.2842786517,
    106.33157454705));
#7377 = CARTESIAN_POINT('',(359.17649042862,-363.0297878014,
    106.51206971855));
#7378 = CARTESIAN_POINT('',(363.32021844008,-361.1749886604,
    106.54184069248));
#7379 = CARTESIAN_POINT('',(368.68503275418,-363.1487764124,
    106.65121700483));
#7380 = CARTESIAN_POINT('',(371.24903411287,-355.1671276988,
    107.9841718144));
#7381 = CARTESIAN_POINT('',(377.42638182418,-344.5535906804,
    109.92282409246));
#7382 = CARTESIAN_POINT('',(379.73562276372,-366.2521548575,
    106.54833833471));
#7383 = CARTESIAN_POINT('',(385.92015942773,-345.3960579711,
    109.55631588681));
#7384 = CARTESIAN_POINT('',(387.95796901408,-356.6470458656,
    108.3258884938));
#7385 = CARTESIAN_POINT('',(392.55136708921,-361.7540585715,
    107.89871133862));
#7386 = CARTESIAN_POINT('',(397.86107277384,-340.663329632,
    111.00206745236));
#7387 = CARTESIAN_POINT('',(397.6403,-351.7512082816,109.38791807529));
#7388 = CARTESIAN_POINT('',(140.9618,-351.0432928671,109.72857152425));
#7389 = CARTESIAN_POINT('',(139.3469737637,-360.5550657034,
    110.48674989135));
#7390 = CARTESIAN_POINT('',(146.55711552643,-345.4094450399,
    108.95364984511));
#7391 = CARTESIAN_POINT('',(149.83248812156,-346.2779833044,
    108.60110278548));
#7392 = CARTESIAN_POINT('',(152.63844988999,-351.9672954627,
    109.12697582502));
#7393 = CARTESIAN_POINT('',(159.61432189493,-348.833042253,
    109.1454145641));
#7394 = CARTESIAN_POINT('',(161.57498576671,-358.3350556677,
    109.97713249266));
#7395 = CARTESIAN_POINT('',(166.85069272796,-349.7319358381,
    108.59800650211));
#7396 = CARTESIAN_POINT('',(170.05924171584,-350.5520980812,
    108.70609618319));
#7397 = CARTESIAN_POINT('',(175.2605606702,-350.0680592427,
    108.61910876517));
#7398 = CARTESIAN_POINT('',(179.44145366882,-350.2201529575,
    108.63759899538));
#7399 = CARTESIAN_POINT('',(183.74546905009,-350.21590659,
    108.63694030581));
#7400 = CARTESIAN_POINT('',(188.02212458981,-350.0270220985,
    108.63289536284));
#7401 = CARTESIAN_POINT('',(192.29363155905,-350.1934761329,
    108.69683392582));
#7402 = CARTESIAN_POINT('',(196.58004983101,-350.3613583583,
    108.7648432352));
#7403 = CARTESIAN_POINT('',(200.85501156117,-349.8282604475,
    108.67400201022));
#7404 = CARTESIAN_POINT('',(205.12596544359,-350.3284565522,
    108.81058013177));
#7405 = CARTESIAN_POINT('',(209.41439322258,-350.1698761682,
    108.8788807985));
#7406 = CARTESIAN_POINT('',(213.69322367635,-349.9418703356,
    108.89351262776));
#7407 = CARTESIAN_POINT('',(217.96934112329,-349.7580014274,
    108.89403934012));
#7408 = CARTESIAN_POINT('',(222.26952895422,-349.5651342433,
    108.88142478407));
#7409 = CARTESIAN_POINT('',(226.5166643478,-348.9791790515,
    108.66416138734));
#7410 = CARTESIAN_POINT('',(230.80856684708,-348.5303002399,
    108.52345597722));
#7411 = CARTESIAN_POINT('',(235.07622110161,-348.1635220557,
    108.48322212613));
#7412 = CARTESIAN_POINT('',(239.35488141397,-347.7544900549,
    108.39680797893));
#7413 = CARTESIAN_POINT('',(243.60389158591,-347.0173121763,
    108.42713708338));
#7414 = CARTESIAN_POINT('',(247.90844854027,-346.7317035738,
    108.56563046562));
#7415 = CARTESIAN_POINT('',(252.2213347776,-346.8050962911,
    108.69310528679));
#7416 = CARTESIAN_POINT('',(256.41797633353,-347.1664125085,
    108.16071013955));
#7417 = CARTESIAN_POINT('',(261.49749220731,-346.9510427681,
    110.03171599394));
#7418 = CARTESIAN_POINT('',(264.82846846707,-355.83822158,104.1932709699
    ));
#7419 = CARTESIAN_POINT('',(269.29986524939,-345.4401412572,
    107.18753487348));
#7420 = CARTESIAN_POINT('',(273.76120192934,-353.099023966,
    104.59573832165));
#7421 = CARTESIAN_POINT('',(277.11561224167,-356.9384023813,
    108.35602472635));
#7422 = CARTESIAN_POINT('',(282.18739413143,-357.5780096388,
    106.49597945055));
#7423 = CARTESIAN_POINT('',(286.38362479911,-358.9127632541,
    106.1457990648));
#7424 = CARTESIAN_POINT('',(290.6929217221,-359.9486607664,
    105.73662027177));
#7425 = CARTESIAN_POINT('',(294.99728518776,-360.006978002,
    105.17329218674));
#7426 = CARTESIAN_POINT('',(299.24599549207,-360.0634608729,
    105.19990249383));
#7427 = CARTESIAN_POINT('',(303.52499017227,-360.3305515537,
    105.26947717543));
#7428 = CARTESIAN_POINT('',(307.79622056725,-360.4913962367,
    105.44411233596));
#7429 = CARTESIAN_POINT('',(312.08441986464,-361.1138300424,
    105.55587249383));
#7430 = CARTESIAN_POINT('',(316.3318452167,-360.9124813828,
    105.74560792345));
#7431 = CARTESIAN_POINT('',(320.63289091038,-361.5916766092,
    105.75151798515));
#7432 = CARTESIAN_POINT('',(324.90801010291,-361.7612484349,
    105.8625093129));
#7433 = CARTESIAN_POINT('',(329.18807309953,-362.0207125449,
    105.94394861647));
#7434 = CARTESIAN_POINT('',(333.47733801931,-362.0709694805,
    106.0400121861));
#7435 = CARTESIAN_POINT('',(337.7470456075,-362.1568842659,
    106.09913206906));
#7436 = CARTESIAN_POINT('',(342.02123400371,-362.1151279613,
    106.22980790725));
#7437 = CARTESIAN_POINT('',(346.30443528757,-361.9793450789,
    106.23524753631));
#7438 = CARTESIAN_POINT('',(350.5884217255,-362.0132631101,
    106.42711628479));
#7439 = CARTESIAN_POINT('',(354.84926238005,-361.1192560445,
    106.58317246189));
#7440 = CARTESIAN_POINT('',(359.17649042862,-361.8343946845,
    106.55885421384));
#7441 = CARTESIAN_POINT('',(363.32021844008,-360.0274546856,
    106.81271933224));
#7442 = CARTESIAN_POINT('',(368.68503275418,-361.8865900037,
    106.70153576292));
#7443 = CARTESIAN_POINT('',(371.24903411287,-354.2642868245,
    108.15598148934));
#7444 = CARTESIAN_POINT('',(377.42638182418,-344.2759059308,
    109.67086525353));
#7445 = CARTESIAN_POINT('',(379.73562276372,-364.9271524226,
    106.69016045379));
#7446 = CARTESIAN_POINT('',(385.92015942773,-344.9833768274,
    109.64490863992));
#7447 = CARTESIAN_POINT('',(387.95796901408,-356.6596251303,
    108.34190815665));
#7448 = CARTESIAN_POINT('',(392.55136708921,-361.0843916585,
    107.99512203073));
#7449 = CARTESIAN_POINT('',(397.86107277384,-340.308085394,
    111.00498928608));
#7450 = CARTESIAN_POINT('',(397.6403,-351.5753373722,109.40841306022));
#7451 = DEFINITIONAL_REPRESENTATION('',(#7452),#7456);
#7452 = LINE('',#7453,#7454);
#7453 = CARTESIAN_POINT('',(28.,0.));
#7454 = VECTOR('',#7455,1.);
#7455 = DIRECTION('',(0.,1.));
#7456 = ( GEOMETRIC_REPRESENTATION_CONTEXT(2) 
PARAMETRIC_REPRESENTATION_CONTEXT() REPRESENTATION_CONTEXT('2D SPACE',''
  ) );
#7457 = ORIENTED_EDGE('',*,*,#7458,.F.);
#7458 = EDGE_CURVE('',#6995,#7249,#7459,.T.);
#7459 = SURFACE_CURVE('',#7460,(#7463,#7470),.PCURVE_S1.);
#7460 = B_SPLINE_CURVE_WITH_KNOTS('',1,(#7461,#7462),.UNSPECIFIED.,.F.,
  .F.,(2,2),(27.,28.),.PIECEWISE_BEZIER_KNOTS.);
#7461 = CARTESIAN_POINT('',(397.6403,-351.5742608754,109.40115857023));
#7462 = CARTESIAN_POINT('',(397.6403,-351.7512082816,109.38791807529));
#7463 = PCURVE('',#7070,#7464);
#7464 = DEFINITIONAL_REPRESENTATION('',(#7465),#7469);
#7465 = LINE('',#7466,#7467);
#7466 = CARTESIAN_POINT('',(0.,1.));
#7467 = VECTOR('',#7468,1.);
#7468 = DIRECTION('',(1.,0.));
#7469 = ( GEOMETRIC_REPRESENTATION_CONTEXT(2) 
PARAMETRIC_REPRESENTATION_CONTEXT() REPRESENTATION_CONTEXT('2D SPACE',''
  ) );
#7470 = PCURVE('',#401,#7471);
#7471 = DEFINITIONAL_REPRESENTATION('',(#7472),#7475);
#7472 = B_SPLINE_CURVE_WITH_KNOTS('',1,(#7473,#7474),.UNSPECIFIED.,.F.,
  .F.,(2,2),(27.,28.),.PIECEWISE_BEZIER_KNOTS.);
#7473 = CARTESIAN_POINT('',(1.951633143348,7.323112422085E-03));
#7474 = CARTESIAN_POINT('',(2.128924054819,0.));
#7475 = ( GEOMETRIC_REPRESENTATION_CONTEXT(2) 
PARAMETRIC_REPRESENTATION_CONTEXT() REPRESENTATION_CONTEXT('2D SPACE',''
  ) );
#7476 = ORIENTED_EDGE('',*,*,#6994,.F.);
#7477 = ADVANCED_FACE('',(#7478),#7324,.T.);
#7478 = FACE_BOUND('',#7479,.T.);
#7479 = EDGE_LOOP('',(#7480,#7501,#7711,#7730));
#7480 = ORIENTED_EDGE('',*,*,#7481,.T.);
#7481 = EDGE_CURVE('',#7228,#7482,#7484,.T.);
#7482 = VERTEX_POINT('',#7483);
#7483 = CARTESIAN_POINT('',(140.9618,-351.0432928671,109.72857152425));
#7484 = SURFACE_CURVE('',#7485,(#7488,#7495),.PCURVE_S1.);
#7485 = B_SPLINE_CURVE_WITH_KNOTS('',1,(#7486,#7487),.UNSPECIFIED.,.F.,
  .F.,(2,2),(28.,29.),.PIECEWISE_BEZIER_KNOTS.);
#7486 = CARTESIAN_POINT('',(140.9618,-351.2632691511,109.75746068959));
#7487 = CARTESIAN_POINT('',(140.9618,-351.0432928671,109.72857152425));
#7488 = PCURVE('',#7324,#7489);
#7489 = DEFINITIONAL_REPRESENTATION('',(#7490),#7494);
#7490 = LINE('',#7491,#7492);
#7491 = CARTESIAN_POINT('',(0.,0.));
#7492 = VECTOR('',#7493,1.);
#7493 = DIRECTION('',(1.,0.));
#7494 = ( GEOMETRIC_REPRESENTATION_CONTEXT(2) 
PARAMETRIC_REPRESENTATION_CONTEXT() REPRESENTATION_CONTEXT('2D SPACE',''
  ) );
#7495 = PCURVE('',#165,#7496);
#7496 = DEFINITIONAL_REPRESENTATION('',(#7497),#7500);
#7497 = B_SPLINE_CURVE_WITH_KNOTS('',1,(#7498,#7499),.UNSPECIFIED.,.F.,
  .F.,(2,2),(28.,29.),.PIECEWISE_BEZIER_KNOTS.);
#7498 = CARTESIAN_POINT('',(2.218585266972,8.41411155389E-03));
#7499 = CARTESIAN_POINT('',(1.996723839277,9.701090910269E-03));
#7500 = ( GEOMETRIC_REPRESENTATION_CONTEXT(2) 
PARAMETRIC_REPRESENTATION_CONTEXT() REPRESENTATION_CONTEXT('2D SPACE',''
  ) );
#7501 = ORIENTED_EDGE('',*,*,#7502,.T.);
#7502 = EDGE_CURVE('',#7482,#7503,#7505,.T.);
#7503 = VERTEX_POINT('',#7504);
#7504 = CARTESIAN_POINT('',(397.6403,-351.5753373722,109.40841306022));
#7505 = SURFACE_CURVE('',#7506,(#7570,#7577),.PCURVE_S1.);
#7506 = ( BOUNDED_CURVE() B_SPLINE_CURVE(3,(#7507,#7508,#7509,#7510,
    #7511,#7512,#7513,#7514,#7515,#7516,#7517,#7518,#7519,#7520,#7521,
    #7522,#7523,#7524,#7525,#7526,#7527,#7528,#7529,#7530,#7531,#7532,
    #7533,#7534,#7535,#7536,#7537,#7538,#7539,#7540,#7541,#7542,#7543,
    #7544,#7545,#7546,#7547,#7548,#7549,#7550,#7551,#7552,#7553,#7554,
    #7555,#7556,#7557,#7558,#7559,#7560,#7561,#7562,#7563,#7564,#7565,
    #7566,#7567,#7568,#7569),.UNSPECIFIED.,.F.,.F.) 
B_SPLINE_CURVE_WITH_KNOTS((4,1,1,1,1,1,1,1,1,1,1,1,1,1,1,1,1,1,1,1,1,1,1
    ,1,1,1,1,1,1,1,1,1,1,1,1,1,1,1,1,1,1,1,1,1,1,1,1,1,1,1,1,1,1,1,1,1,1
    ,1,1,1,4),(0.,1.732138582393E-02,3.476147556169E-02,
    5.682134329819E-02,7.1962296323E-02,9.668171057498E-02,
    0.117312720082,0.137726814038,0.152748180615,0.167749813045,
    0.182740680817,0.197724569486,0.212727858992,0.227712266626,
    0.242722186927,0.257740578549,0.272730613132,0.287749851447,
    0.302807253127,0.317909897629,0.333164876512,0.348417208457,
    0.363717555355,0.379021830365,0.39430254102,0.409403510223,
    0.424503833082,0.439703221214,0.455034147268,0.475266642259,
    0.494822408855,0.514358099005,0.53448350075,0.549791243926,
    0.564993335593,0.580114457875,0.595233122966,0.610524778841,
    0.625831283594,0.641129798524,0.656395058325,0.671658347301,
    0.686764177688,0.701824559728,0.716841998439,0.731832580826,
    0.74685884212,0.761877146393,0.776861271766,0.791847146503,
    0.806852809101,0.821843806167,0.836903306197,0.851969913481,
    0.873073700462,0.890743423327,0.916073608219,0.937085032849,
0.966089436802,0.983488965917,1.),.UNSPECIFIED.) CURVE() 
GEOMETRIC_REPRESENTATION_ITEM() RATIONAL_B_SPLINE_CURVE((1.,
    0.99999999999,1.000000000005,0.999999999998,1.,1.,1.,1.,1.,1.,1.,1.,
    1.,1.,1.,1.,1.,1.,1.,1.,1.,1.,1.,1.,1.,1.,1.,1.,1.,1.,1.,1.,1.,1.,1.
    ,1.,1.,1.,1.,1.,1.,1.,1.,1.,1.,1.,1.,1.,1.,1.,1.,1.,1.,1.,1.,1.,1.,
    1.,1.,0.999999999999,1.000000000002,0.999999999996,1.)) 
REPRESENTATION_ITEM('') );
#7507 = CARTESIAN_POINT('',(140.9618,-351.0432928671,109.72857152425));
#7508 = CARTESIAN_POINT('',(139.3469737637,-360.5550657034,
    110.48674989135));
#7509 = CARTESIAN_POINT('',(146.55711552643,-345.4094450399,
    108.95364984511));
#7510 = CARTESIAN_POINT('',(149.83248812156,-346.2779833044,
    108.60110278548));
#7511 = CARTESIAN_POINT('',(152.63844988999,-351.9672954627,
    109.12697582502));
#7512 = CARTESIAN_POINT('',(159.61432189493,-348.833042253,
    109.1454145641));
#7513 = CARTESIAN_POINT('',(161.57498576671,-358.3350556677,
    109.97713249266));
#7514 = CARTESIAN_POINT('',(166.85069272796,-349.7319358381,
    108.59800650211));
#7515 = CARTESIAN_POINT('',(170.05924171584,-350.5520980812,
    108.70609618319));
#7516 = CARTESIAN_POINT('',(175.2605606702,-350.0680592427,
    108.61910876517));
#7517 = CARTESIAN_POINT('',(179.44145366882,-350.2201529575,
    108.63759899538));
#7518 = CARTESIAN_POINT('',(183.74546905009,-350.21590659,
    108.63694030581));
#7519 = CARTESIAN_POINT('',(188.02212458981,-350.0270220985,
    108.63289536284));
#7520 = CARTESIAN_POINT('',(192.29363155905,-350.1934761329,
    108.69683392582));
#7521 = CARTESIAN_POINT('',(196.58004983101,-350.3613583583,
    108.7648432352));
#7522 = CARTESIAN_POINT('',(200.85501156117,-349.8282604475,
    108.67400201022));
#7523 = CARTESIAN_POINT('',(205.12596544359,-350.3284565522,
    108.81058013177));
#7524 = CARTESIAN_POINT('',(209.41439322258,-350.1698761682,
    108.8788807985));
#7525 = CARTESIAN_POINT('',(213.69322367635,-349.9418703356,
    108.89351262776));
#7526 = CARTESIAN_POINT('',(217.96934112329,-349.7580014274,
    108.89403934012));
#7527 = CARTESIAN_POINT('',(222.26952895422,-349.5651342433,
    108.88142478407));
#7528 = CARTESIAN_POINT('',(226.5166643478,-348.9791790515,
    108.66416138734));
#7529 = CARTESIAN_POINT('',(230.80856684708,-348.5303002399,
    108.52345597722));
#7530 = CARTESIAN_POINT('',(235.07622110161,-348.1635220557,
    108.48322212613));
#7531 = CARTESIAN_POINT('',(239.35488141397,-347.7544900549,
    108.39680797893));
#7532 = CARTESIAN_POINT('',(243.60389158591,-347.0173121763,
    108.42713708338));
#7533 = CARTESIAN_POINT('',(247.90844854027,-346.7317035738,
    108.56563046562));
#7534 = CARTESIAN_POINT('',(252.2213347776,-346.8050962911,
    108.69310528679));
#7535 = CARTESIAN_POINT('',(256.41797633353,-347.1664125085,
    108.16071013955));
#7536 = CARTESIAN_POINT('',(261.49749220731,-346.9510427681,
    110.03171599394));
#7537 = CARTESIAN_POINT('',(264.82846846707,-355.83822158,104.1932709699
    ));
#7538 = CARTESIAN_POINT('',(269.29986524939,-345.4401412572,
    107.18753487348));
#7539 = CARTESIAN_POINT('',(273.76120192934,-353.099023966,
    104.59573832165));
#7540 = CARTESIAN_POINT('',(277.11561224167,-356.9384023813,
    108.35602472635));
#7541 = CARTESIAN_POINT('',(282.18739413143,-357.5780096388,
    106.49597945055));
#7542 = CARTESIAN_POINT('',(286.38362479911,-358.9127632541,
    106.1457990648));
#7543 = CARTESIAN_POINT('',(290.6929217221,-359.9486607664,
    105.73662027177));
#7544 = CARTESIAN_POINT('',(294.99728518776,-360.006978002,
    105.17329218674));
#7545 = CARTESIAN_POINT('',(299.24599549207,-360.0634608729,
    105.19990249383));
#7546 = CARTESIAN_POINT('',(303.52499017227,-360.3305515537,
    105.26947717543));
#7547 = CARTESIAN_POINT('',(307.79622056725,-360.4913962367,
    105.44411233596));
#7548 = CARTESIAN_POINT('',(312.08441986464,-361.1138300424,
    105.55587249383));
#7549 = CARTESIAN_POINT('',(316.3318452167,-360.9124813828,
    105.74560792345));
#7550 = CARTESIAN_POINT('',(320.63289091038,-361.5916766092,
    105.75151798515));
#7551 = CARTESIAN_POINT('',(324.90801010291,-361.7612484349,
    105.8625093129));
#7552 = CARTESIAN_POINT('',(329.18807309953,-362.0207125449,
    105.94394861647));
#7553 = CARTESIAN_POINT('',(333.47733801931,-362.0709694805,
    106.0400121861));
#7554 = CARTESIAN_POINT('',(337.7470456075,-362.1568842659,
    106.09913206906));
#7555 = CARTESIAN_POINT('',(342.02123400371,-362.1151279613,
    106.22980790725));
#7556 = CARTESIAN_POINT('',(346.30443528757,-361.9793450789,
    106.23524753631));
#7557 = CARTESIAN_POINT('',(350.5884217255,-362.0132631101,
    106.42711628479));
#7558 = CARTESIAN_POINT('',(354.84926238005,-361.1192560445,
    106.58317246189));
#7559 = CARTESIAN_POINT('',(359.17649042862,-361.8343946845,
    106.55885421384));
#7560 = CARTESIAN_POINT('',(363.32021844008,-360.0274546856,
    106.81271933224));
#7561 = CARTESIAN_POINT('',(368.68503275418,-361.8865900037,
    106.70153576292));
#7562 = CARTESIAN_POINT('',(371.24903411287,-354.2642868245,
    108.15598148934));
#7563 = CARTESIAN_POINT('',(377.42638182418,-344.2759059308,
    109.67086525353));
#7564 = CARTESIAN_POINT('',(379.73562276372,-364.9271524226,
    106.69016045379));
#7565 = CARTESIAN_POINT('',(385.92015942773,-344.9833768274,
    109.64490863992));
#7566 = CARTESIAN_POINT('',(387.95796901408,-356.6596251303,
    108.34190815665));
#7567 = CARTESIAN_POINT('',(392.55136708921,-361.0843916585,
    107.99512203073));
#7568 = CARTESIAN_POINT('',(397.86107277384,-340.308085394,
    111.00498928608));
#7569 = CARTESIAN_POINT('',(397.6403,-351.5753373722,109.40841306022));
#7570 = PCURVE('',#7324,#7571);
#7571 = DEFINITIONAL_REPRESENTATION('',(#7572),#7576);
#7572 = LINE('',#7573,#7574);
#7573 = CARTESIAN_POINT('',(29.,0.));
#7574 = VECTOR('',#7575,1.);
#7575 = DIRECTION('',(0.,1.));
#7576 = ( GEOMETRIC_REPRESENTATION_CONTEXT(2) 
PARAMETRIC_REPRESENTATION_CONTEXT() REPRESENTATION_CONTEXT('2D SPACE',''
  ) );
#7577 = PCURVE('',#7578,#7705);
#7578 = ( BOUNDED_SURFACE() B_SPLINE_SURFACE(1,3,(
    (#7579,#7580,#7581,#7582,#7583,#7584,#7585,#7586,#7587,#7588,#7589
      ,#7590,#7591,#7592,#7593,#7594,#7595,#7596,#7597,#7598,#7599,#7600
      ,#7601,#7602,#7603,#7604,#7605,#7606,#7607,#7608,#7609,#7610,#7611
      ,#7612,#7613,#7614,#7615,#7616,#7617,#7618,#7619,#7620,#7621,#7622
      ,#7623,#7624,#7625,#7626,#7627,#7628,#7629,#7630,#7631,#7632,#7633
      ,#7634,#7635,#7636,#7637,#7638,#7639,#7640,#7641)
    ,(#7642,#7643,#7644,#7645,#7646,#7647,#7648,#7649,#7650,#7651,#7652
      ,#7653,#7654,#7655,#7656,#7657,#7658,#7659,#7660,#7661,#7662,#7663
      ,#7664,#7665,#7666,#7667,#7668,#7669,#7670,#7671,#7672,#7673,#7674
      ,#7675,#7676,#7677,#7678,#7679,#7680,#7681,#7682,#7683,#7684,#7685
      ,#7686,#7687,#7688,#7689,#7690,#7691,#7692,#7693,#7694,#7695,#7696
      ,#7697,#7698,#7699,#7700,#7701,#7702,#7703,#7704
)),.UNSPECIFIED.,.F.,.F.,.F.) B_SPLINE_SURFACE_WITH_KNOTS((2,2),(4,1,1,1
    ,1,1,1,1,1,1,1,1,1,1,1,1,1,1,1,1,1,1,1,1,1,1,1,1,1,1,1,1,1,1,1,1,1,1
    ,1,1,1,1,1,1,1,1,1,1,1,1,1,1,1,1,1,1,1,1,1,1,4),(29.,30.),(0.,
    1.732138582393E-02,3.476147556169E-02,5.682134329819E-02,
    7.1962296323E-02,9.668171057498E-02,0.117312720082,0.137726814038,
    0.152748180615,0.167749813045,0.182740680817,0.197724569486,
    0.212727858992,0.227712266626,0.242722186927,0.257740578549,
    0.272730613132,0.287749851447,0.302807253127,0.317909897629,
    0.333164876512,0.348417208457,0.363717555355,0.379021830365,
    0.39430254102,0.409403510223,0.424503833082,0.439703221214,
    0.455034147268,0.475266642259,0.494822408855,0.514358099005,
    0.53448350075,0.549791243926,0.564993335593,0.580114457875,
    0.595233122966,0.610524778841,0.625831283594,0.641129798524,
    0.656395058325,0.671658347301,0.686764177688,0.701824559728,
    0.716841998439,0.731832580826,0.74685884212,0.761877146393,
    0.776861271766,0.791847146503,0.806852809101,0.821843806167,
    0.836903306197,0.851969913481,0.873073700462,0.890743423327,
    0.916073608219,0.937085032849,0.966089436802,0.983488965917,1.),
.UNSPECIFIED.) GEOMETRIC_REPRESENTATION_ITEM() RATIONAL_B_SPLINE_SURFACE
((
    (1.,0.99999999999,1.000000000005,0.999999999998,1.,1.,1.,1.,1.,1.,1.
      ,1.,1.,1.,1.,1.,1.,1.,1.,1.,1.,1.,1.,1.,1.,1.,1.,1.,1.,1.,1.,1.,1.
      ,1.,1.,1.,1.,1.,1.,1.,1.,1.,1.,1.,1.,1.,1.,1.,1.,1.,1.,1.,1.,1.,1.
      ,1.,1.,1.,1.,0.999999999999,1.000000000002,0.999999999996,1.)
    ,(1.,0.99999999999,1.000000000005,0.999999999998,1.,1.,1.,1.,1.,1.
      ,1.,1.,1.,1.,1.,1.,1.,1.,1.,1.,1.,1.,1.,1.,1.,1.,1.,1.,1.,1.,1.,1.
      ,1.,1.,1.,1.,1.,1.,1.,1.,1.,1.,1.,1.,1.,1.,1.,1.,1.,1.,1.,1.,1.,1.
      ,1.,1.,1.,1.,1.,0.999999999999,1.000000000002,0.999999999996,1.
))) REPRESENTATION_ITEM('') SURFACE() );
#7579 = CARTESIAN_POINT('',(140.9618,-351.0432928671,109.72857152425));
#7580 = CARTESIAN_POINT('',(139.3469737637,-360.5550657034,
    110.48674989135));
#7581 = CARTESIAN_POINT('',(146.55711552643,-345.4094450399,
    108.95364984511));
#7582 = CARTESIAN_POINT('',(149.83248812156,-346.2779833044,
    108.60110278548));
#7583 = CARTESIAN_POINT('',(152.63844988999,-351.9672954627,
    109.12697582502));
#7584 = CARTESIAN_POINT('',(159.61432189493,-348.833042253,
    109.1454145641));
#7585 = CARTESIAN_POINT('',(161.57498576671,-358.3350556677,
    109.97713249266));
#7586 = CARTESIAN_POINT('',(166.85069272796,-349.7319358381,
    108.59800650211));
#7587 = CARTESIAN_POINT('',(170.05924171584,-350.5520980812,
    108.70609618319));
#7588 = CARTESIAN_POINT('',(175.2605606702,-350.0680592427,
    108.61910876517));
#7589 = CARTESIAN_POINT('',(179.44145366882,-350.2201529575,
    108.63759899538));
#7590 = CARTESIAN_POINT('',(183.74546905009,-350.21590659,
    108.63694030581));
#7591 = CARTESIAN_POINT('',(188.02212458981,-350.0270220985,
    108.63289536284));
#7592 = CARTESIAN_POINT('',(192.29363155905,-350.1934761329,
    108.69683392582));
#7593 = CARTESIAN_POINT('',(196.58004983101,-350.3613583583,
    108.7648432352));
#7594 = CARTESIAN_POINT('',(200.85501156117,-349.8282604475,
    108.67400201022));
#7595 = CARTESIAN_POINT('',(205.12596544359,-350.3284565522,
    108.81058013177));
#7596 = CARTESIAN_POINT('',(209.41439322258,-350.1698761682,
    108.8788807985));
#7597 = CARTESIAN_POINT('',(213.69322367635,-349.9418703356,
    108.89351262776));
#7598 = CARTESIAN_POINT('',(217.96934112329,-349.7580014274,
    108.89403934012));
#7599 = CARTESIAN_POINT('',(222.26952895422,-349.5651342433,
    108.88142478407));
#7600 = CARTESIAN_POINT('',(226.5166643478,-348.9791790515,
    108.66416138734));
#7601 = CARTESIAN_POINT('',(230.80856684708,-348.5303002399,
    108.52345597722));
#7602 = CARTESIAN_POINT('',(235.07622110161,-348.1635220557,
    108.48322212613));
#7603 = CARTESIAN_POINT('',(239.35488141397,-347.7544900549,
    108.39680797893));
#7604 = CARTESIAN_POINT('',(243.60389158591,-347.0173121763,
    108.42713708338));
#7605 = CARTESIAN_POINT('',(247.90844854027,-346.7317035738,
    108.56563046562));
#7606 = CARTESIAN_POINT('',(252.2213347776,-346.8050962911,
    108.69310528679));
#7607 = CARTESIAN_POINT('',(256.41797633353,-347.1664125085,
    108.16071013955));
#7608 = CARTESIAN_POINT('',(261.49749220731,-346.9510427681,
    110.03171599394));
#7609 = CARTESIAN_POINT('',(264.82846846707,-355.83822158,104.1932709699
    ));
#7610 = CARTESIAN_POINT('',(269.29986524939,-345.4401412572,
    107.18753487348));
#7611 = CARTESIAN_POINT('',(273.76120192934,-353.099023966,
    104.59573832165));
#7612 = CARTESIAN_POINT('',(277.11561224167,-356.9384023813,
    108.35602472635));
#7613 = CARTESIAN_POINT('',(282.18739413143,-357.5780096388,
    106.49597945055));
#7614 = CARTESIAN_POINT('',(286.38362479911,-358.9127632541,
    106.1457990648));
#7615 = CARTESIAN_POINT('',(290.6929217221,-359.9486607664,
    105.73662027177));
#7616 = CARTESIAN_POINT('',(294.99728518776,-360.006978002,
    105.17329218674));
#7617 = CARTESIAN_POINT('',(299.24599549207,-360.0634608729,
    105.19990249383));
#7618 = CARTESIAN_POINT('',(303.52499017227,-360.3305515537,
    105.26947717543));
#7619 = CARTESIAN_POINT('',(307.79622056725,-360.4913962367,
    105.44411233596));
#7620 = CARTESIAN_POINT('',(312.08441986464,-361.1138300424,
    105.55587249383));
#7621 = CARTESIAN_POINT('',(316.3318452167,-360.9124813828,
    105.74560792345));
#7622 = CARTESIAN_POINT('',(320.63289091038,-361.5916766092,
    105.75151798515));
#7623 = CARTESIAN_POINT('',(324.90801010291,-361.7612484349,
    105.8625093129));
#7624 = CARTESIAN_POINT('',(329.18807309953,-362.0207125449,
    105.94394861647));
#7625 = CARTESIAN_POINT('',(333.47733801931,-362.0709694805,
    106.0400121861));
#7626 = CARTESIAN_POINT('',(337.7470456075,-362.1568842659,
    106.09913206906));
#7627 = CARTESIAN_POINT('',(342.02123400371,-362.1151279613,
    106.22980790725));
#7628 = CARTESIAN_POINT('',(346.30443528757,-361.9793450789,
    106.23524753631));
#7629 = CARTESIAN_POINT('',(350.5884217255,-362.0132631101,
    106.42711628479));
#7630 = CARTESIAN_POINT('',(354.84926238005,-361.1192560445,
    106.58317246189));
#7631 = CARTESIAN_POINT('',(359.17649042862,-361.8343946845,
    106.55885421384));
#7632 = CARTESIAN_POINT('',(363.32021844008,-360.0274546856,
    106.81271933224));
#7633 = CARTESIAN_POINT('',(368.68503275418,-361.8865900037,
    106.70153576292));
#7634 = CARTESIAN_POINT('',(371.24903411287,-354.2642868245,
    108.15598148934));
#7635 = CARTESIAN_POINT('',(377.42638182418,-344.2759059308,
    109.67086525353));
#7636 = CARTESIAN_POINT('',(379.73562276372,-364.9271524226,
    106.69016045379));
#7637 = CARTESIAN_POINT('',(385.92015942773,-344.9833768274,
    109.64490863992));
#7638 = CARTESIAN_POINT('',(387.95796901408,-356.6596251303,
    108.34190815665));
#7639 = CARTESIAN_POINT('',(392.55136708921,-361.0843916585,
    107.99512203073));
#7640 = CARTESIAN_POINT('',(397.86107277384,-340.308085394,
    111.00498928608));
#7641 = CARTESIAN_POINT('',(397.6403,-351.5753373722,109.40841306022));
#7642 = CARTESIAN_POINT('',(140.9618,-350.8232941089,109.69985472076));
#7643 = CARTESIAN_POINT('',(139.3469737637,-359.7690877441,
    110.47748004559));
#7644 = CARTESIAN_POINT('',(146.55711552643,-344.9631311986,
    108.86792989081));
#7645 = CARTESIAN_POINT('',(149.83248812156,-345.9760009981,
    108.57130648439));
#7646 = CARTESIAN_POINT('',(152.63844988999,-351.0413750556,
    109.01479009666));
#7647 = CARTESIAN_POINT('',(159.61432189493,-347.7318308885,
    108.9043656162));
#7648 = CARTESIAN_POINT('',(161.57498576671,-357.9841748302,
    109.93543084771));
#7649 = CARTESIAN_POINT('',(166.85069272796,-349.3082072868,
    108.52103657638));
#7650 = CARTESIAN_POINT('',(170.05924171584,-349.1878740251,
    108.46765297081));
#7651 = CARTESIAN_POINT('',(175.2605606702,-348.8394188346,
    108.39050839434));
#7652 = CARTESIAN_POINT('',(179.44145366882,-348.9063629414,
    108.40409428619));
#7653 = CARTESIAN_POINT('',(183.74546905009,-348.8859398929,
    108.36997618941));
#7654 = CARTESIAN_POINT('',(188.02212458981,-348.6925892175,
    108.3803334859));
#7655 = CARTESIAN_POINT('',(192.29363155905,-348.8309970114,
    108.37065075206));
#7656 = CARTESIAN_POINT('',(196.58004983101,-348.9716475108,
    108.45361492734));
#7657 = CARTESIAN_POINT('',(200.85501156117,-348.503634453,
    108.36003208714));
#7658 = CARTESIAN_POINT('',(205.12596544359,-348.9246398653,
    108.52516706613));
#7659 = CARTESIAN_POINT('',(209.41439322258,-348.8289735841,
    108.46829023848));
#7660 = CARTESIAN_POINT('',(213.69322367635,-348.6116202442,
    108.54072642976));
#7661 = CARTESIAN_POINT('',(217.96934112329,-348.4949605857,
    108.50406975704));
#7662 = CARTESIAN_POINT('',(222.26952895422,-348.3670959563,
    108.49071111061));
#7663 = CARTESIAN_POINT('',(226.5166643478,-347.8828855571,
    108.21092816246));
#7664 = CARTESIAN_POINT('',(230.80856684708,-347.4924996161,
    108.12150724732));
#7665 = CARTESIAN_POINT('',(235.07622110161,-347.2234351717,
    108.04984252004));
#7666 = CARTESIAN_POINT('',(239.35488141397,-346.8689619729,
    108.01712180134));
#7667 = CARTESIAN_POINT('',(243.60389158591,-346.2822319086,
    107.94588957994));
#7668 = CARTESIAN_POINT('',(247.90844854027,-346.045420293,
    108.16067630326));
#7669 = CARTESIAN_POINT('',(252.2213347776,-346.1969235413,
    108.30753001104));
#7670 = CARTESIAN_POINT('',(256.41797633353,-346.6268116196,
    107.84505964829));
#7671 = CARTESIAN_POINT('',(261.49749220731,-346.2772486442,
    109.99375413009));
#7672 = CARTESIAN_POINT('',(264.82846846707,-356.0028176181,
    103.17396898934));
#7673 = CARTESIAN_POINT('',(269.29986524939,-345.3453933772,
    106.7023293677));
#7674 = CARTESIAN_POINT('',(273.76120192934,-353.3194495762,
    103.50177340026));
#7675 = CARTESIAN_POINT('',(277.11561224167,-356.2101474848,
    108.59919899812));
#7676 = CARTESIAN_POINT('',(282.18739413143,-356.9813190793,
    106.50491179016));
#7677 = CARTESIAN_POINT('',(286.38362479911,-358.2057524476,
    106.29777576588));
#7678 = CARTESIAN_POINT('',(290.6929217221,-359.1906637228,
    105.56555298822));
#7679 = CARTESIAN_POINT('',(294.99728518776,-359.1351876952,
    105.35367601432));
#7680 = CARTESIAN_POINT('',(299.24599549207,-359.1349114778,
    105.42587517813));
#7681 = CARTESIAN_POINT('',(303.52499017227,-359.3190007829,
    105.48260606554));
#7682 = CARTESIAN_POINT('',(307.79622056725,-359.4078172169,
    105.68364807988));
#7683 = CARTESIAN_POINT('',(312.08441986464,-359.9552015391,
    105.80839891151));
#7684 = CARTESIAN_POINT('',(316.3318452167,-359.6929360807,
    106.05962424538));
#7685 = CARTESIAN_POINT('',(320.63289091038,-360.3005252714,
    106.05341296936));
#7686 = CARTESIAN_POINT('',(324.90801010291,-360.4107989997,
    106.13851168053));
#7687 = CARTESIAN_POINT('',(329.18807309953,-360.6332485765,
    106.1844040573));
#7688 = CARTESIAN_POINT('',(333.47733801931,-360.6577162915,
    106.27748119949));
#7689 = CARTESIAN_POINT('',(337.7470456075,-360.803101113,
    106.33229914041));
#7690 = CARTESIAN_POINT('',(342.02123400371,-360.7022034852,
    106.43490120367));
#7691 = CARTESIAN_POINT('',(346.30443528757,-360.6149935301,
    106.53650241622));
#7692 = CARTESIAN_POINT('',(350.5884217255,-360.6363488773,
    106.60950089205));
#7693 = CARTESIAN_POINT('',(354.84926238005,-359.8153439133,
    106.82263288667));
#7694 = CARTESIAN_POINT('',(359.17649042862,-360.502109435,
    106.73803134549));
#7695 = CARTESIAN_POINT('',(363.32021844008,-358.7990415487,
    107.03253136902));
#7696 = CARTESIAN_POINT('',(368.68503275418,-360.6329583183,
    106.85363945602));
#7697 = CARTESIAN_POINT('',(371.24903411287,-353.3592790441,
    108.26984795424));
#7698 = CARTESIAN_POINT('',(377.42638182418,-343.9991983288,
    109.55101278129));
#7699 = CARTESIAN_POINT('',(379.73562276372,-363.5912814259,
    106.87421700666));
#7700 = CARTESIAN_POINT('',(385.92015942773,-344.6299752524,
    109.71471577249));
#7701 = CARTESIAN_POINT('',(387.95796901408,-356.3715687559,
    108.38270274997));
#7702 = CARTESIAN_POINT('',(392.55136708921,-360.3447831129,
    108.09729390461));
#7703 = CARTESIAN_POINT('',(397.86107277384,-340.223841434,
    110.98577509497));
#7704 = CARTESIAN_POINT('',(397.6403,-351.3990870882,109.42894431989));
#7705 = DEFINITIONAL_REPRESENTATION('',(#7706),#7710);
#7706 = LINE('',#7707,#7708);
#7707 = CARTESIAN_POINT('',(29.,0.));
#7708 = VECTOR('',#7709,1.);
#7709 = DIRECTION('',(0.,1.));
#7710 = ( GEOMETRIC_REPRESENTATION_CONTEXT(2) 
PARAMETRIC_REPRESENTATION_CONTEXT() REPRESENTATION_CONTEXT('2D SPACE',''
  ) );
#7711 = ORIENTED_EDGE('',*,*,#7712,.F.);
#7712 = EDGE_CURVE('',#7249,#7503,#7713,.T.);
#7713 = SURFACE_CURVE('',#7714,(#7717,#7724),.PCURVE_S1.);
#7714 = B_SPLINE_CURVE_WITH_KNOTS('',1,(#7715,#7716),.UNSPECIFIED.,.F.,
  .F.,(2,2),(28.,29.),.PIECEWISE_BEZIER_KNOTS.);
#7715 = CARTESIAN_POINT('',(397.6403,-351.7512082816,109.38791807529));
#7716 = CARTESIAN_POINT('',(397.6403,-351.5753373722,109.40841306022));
#7717 = PCURVE('',#7324,#7718);
#7718 = DEFINITIONAL_REPRESENTATION('',(#7719),#7723);
#7719 = LINE('',#7720,#7721);
#7720 = CARTESIAN_POINT('',(0.,1.));
#7721 = VECTOR('',#7722,1.);
#7722 = DIRECTION('',(1.,0.));
#7723 = ( GEOMETRIC_REPRESENTATION_CONTEXT(2) 
PARAMETRIC_REPRESENTATION_CONTEXT() REPRESENTATION_CONTEXT('2D SPACE',''
  ) );
#7724 = PCURVE('',#401,#7725);
#7725 = DEFINITIONAL_REPRESENTATION('',(#7726),#7729);
#7726 = B_SPLINE_CURVE_WITH_KNOTS('',1,(#7727,#7728),.UNSPECIFIED.,.F.,
  .F.,(2,2),(28.,29.),.PIECEWISE_BEZIER_KNOTS.);
#7727 = CARTESIAN_POINT('',(2.128924054819,0.));
#7728 = CARTESIAN_POINT('',(1.951862988815,-7.211018782982E-06));
#7729 = ( GEOMETRIC_REPRESENTATION_CONTEXT(2) 
PARAMETRIC_REPRESENTATION_CONTEXT() REPRESENTATION_CONTEXT('2D SPACE',''
  ) );
#7730 = ORIENTED_EDGE('',*,*,#7248,.F.);
#7731 = ADVANCED_FACE('',(#7732),#7578,.T.);
#7732 = FACE_BOUND('',#7733,.T.);
#7733 = EDGE_LOOP('',(#7734,#7755,#7965,#7984));
#7734 = ORIENTED_EDGE('',*,*,#7735,.T.);
#7735 = EDGE_CURVE('',#7482,#7736,#7738,.T.);
#7736 = VERTEX_POINT('',#7737);
#7737 = CARTESIAN_POINT('',(140.9618,-350.8232941089,109.69985472076));
#7738 = SURFACE_CURVE('',#7739,(#7742,#7749),.PCURVE_S1.);
#7739 = B_SPLINE_CURVE_WITH_KNOTS('',1,(#7740,#7741),.UNSPECIFIED.,.F.,
  .F.,(2,2),(29.,30.),.PIECEWISE_BEZIER_KNOTS.);
#7740 = CARTESIAN_POINT('',(140.9618,-351.0432928671,109.72857152425));
#7741 = CARTESIAN_POINT('',(140.9618,-350.8232941089,109.69985472076));
#7742 = PCURVE('',#7578,#7743);
#7743 = DEFINITIONAL_REPRESENTATION('',(#7744),#7748);
#7744 = LINE('',#7745,#7746);
#7745 = CARTESIAN_POINT('',(0.,0.));
#7746 = VECTOR('',#7747,1.);
#7747 = DIRECTION('',(1.,0.));
#7748 = ( GEOMETRIC_REPRESENTATION_CONTEXT(2) 
PARAMETRIC_REPRESENTATION_CONTEXT() REPRESENTATION_CONTEXT('2D SPACE',''
  ) );
#7749 = PCURVE('',#165,#7750);
#7750 = DEFINITIONAL_REPRESENTATION('',(#7751),#7754);
#7751 = B_SPLINE_CURVE_WITH_KNOTS('',1,(#7752,#7753),.UNSPECIFIED.,.F.,
  .F.,(2,2),(29.,30.),.PIECEWISE_BEZIER_KNOTS.);
#7752 = CARTESIAN_POINT('',(1.996723839277,9.701090910269E-03));
#7753 = CARTESIAN_POINT('',(1.774861563771,1.081425146269E-02));
#7754 = ( GEOMETRIC_REPRESENTATION_CONTEXT(2) 
PARAMETRIC_REPRESENTATION_CONTEXT() REPRESENTATION_CONTEXT('2D SPACE',''
  ) );
#7755 = ORIENTED_EDGE('',*,*,#7756,.T.);
#7756 = EDGE_CURVE('',#7736,#7757,#7759,.T.);
#7757 = VERTEX_POINT('',#7758);
#7758 = CARTESIAN_POINT('',(397.6403,-351.3990870882,109.42894431989));
#7759 = SURFACE_CURVE('',#7760,(#7824,#7831),.PCURVE_S1.);
#7760 = ( BOUNDED_CURVE() B_SPLINE_CURVE(3,(#7761,#7762,#7763,#7764,
    #7765,#7766,#7767,#7768,#7769,#7770,#7771,#7772,#7773,#7774,#7775,
    #7776,#7777,#7778,#7779,#7780,#7781,#7782,#7783,#7784,#7785,#7786,
    #7787,#7788,#7789,#7790,#7791,#7792,#7793,#7794,#7795,#7796,#7797,
    #7798,#7799,#7800,#7801,#7802,#7803,#7804,#7805,#7806,#7807,#7808,
    #7809,#7810,#7811,#7812,#7813,#7814,#7815,#7816,#7817,#7818,#7819,
    #7820,#7821,#7822,#7823),.UNSPECIFIED.,.F.,.F.) 
B_SPLINE_CURVE_WITH_KNOTS((4,1,1,1,1,1,1,1,1,1,1,1,1,1,1,1,1,1,1,1,1,1,1
    ,1,1,1,1,1,1,1,1,1,1,1,1,1,1,1,1,1,1,1,1,1,1,1,1,1,1,1,1,1,1,1,1,1,1
    ,1,1,1,4),(0.,1.732138582393E-02,3.476147556169E-02,
    5.682134329819E-02,7.1962296323E-02,9.668171057498E-02,
    0.117312720082,0.137726814038,0.152748180615,0.167749813045,
    0.182740680817,0.197724569486,0.212727858992,0.227712266626,
    0.242722186927,0.257740578549,0.272730613132,0.287749851447,
    0.302807253127,0.317909897629,0.333164876512,0.348417208457,
    0.363717555355,0.379021830365,0.39430254102,0.409403510223,
    0.424503833082,0.439703221214,0.455034147268,0.475266642259,
    0.494822408855,0.514358099005,0.53448350075,0.549791243926,
    0.564993335593,0.580114457875,0.595233122966,0.610524778841,
    0.625831283594,0.641129798524,0.656395058325,0.671658347301,
    0.686764177688,0.701824559728,0.716841998439,0.731832580826,
    0.74685884212,0.761877146393,0.776861271766,0.791847146503,
    0.806852809101,0.821843806167,0.836903306197,0.851969913481,
    0.873073700462,0.890743423327,0.916073608219,0.937085032849,
0.966089436802,0.983488965917,1.),.UNSPECIFIED.) CURVE() 
GEOMETRIC_REPRESENTATION_ITEM() RATIONAL_B_SPLINE_CURVE((1.,
    0.99999999999,1.000000000005,0.999999999998,1.,1.,1.,1.,1.,1.,1.,1.,
    1.,1.,1.,1.,1.,1.,1.,1.,1.,1.,1.,1.,1.,1.,1.,1.,1.,1.,1.,1.,1.,1.,1.
    ,1.,1.,1.,1.,1.,1.,1.,1.,1.,1.,1.,1.,1.,1.,1.,1.,1.,1.,1.,1.,1.,1.,
    1.,1.,0.999999999999,1.000000000002,0.999999999996,1.)) 
REPRESENTATION_ITEM('') );
#7761 = CARTESIAN_POINT('',(140.9618,-350.8232941089,109.69985472076));
#7762 = CARTESIAN_POINT('',(139.3469737637,-359.7690877441,
    110.47748004559));
#7763 = CARTESIAN_POINT('',(146.55711552643,-344.9631311986,
    108.86792989081));
#7764 = CARTESIAN_POINT('',(149.83248812156,-345.9760009981,
    108.57130648439));
#7765 = CARTESIAN_POINT('',(152.63844988999,-351.0413750556,
    109.01479009666));
#7766 = CARTESIAN_POINT('',(159.61432189493,-347.7318308885,
    108.9043656162));
#7767 = CARTESIAN_POINT('',(161.57498576671,-357.9841748302,
    109.93543084771));
#7768 = CARTESIAN_POINT('',(166.85069272796,-349.3082072868,
    108.52103657638));
#7769 = CARTESIAN_POINT('',(170.05924171584,-349.1878740251,
    108.46765297081));
#7770 = CARTESIAN_POINT('',(175.2605606702,-348.8394188346,
    108.39050839434));
#7771 = CARTESIAN_POINT('',(179.44145366882,-348.9063629414,
    108.40409428619));
#7772 = CARTESIAN_POINT('',(183.74546905009,-348.8859398929,
    108.36997618941));
#7773 = CARTESIAN_POINT('',(188.02212458981,-348.6925892175,
    108.3803334859));
#7774 = CARTESIAN_POINT('',(192.29363155905,-348.8309970114,
    108.37065075206));
#7775 = CARTESIAN_POINT('',(196.58004983101,-348.9716475108,
    108.45361492734));
#7776 = CARTESIAN_POINT('',(200.85501156117,-348.503634453,
    108.36003208714));
#7777 = CARTESIAN_POINT('',(205.12596544359,-348.9246398653,
    108.52516706613));
#7778 = CARTESIAN_POINT('',(209.41439322258,-348.8289735841,
    108.46829023848));
#7779 = CARTESIAN_POINT('',(213.69322367635,-348.6116202442,
    108.54072642976));
#7780 = CARTESIAN_POINT('',(217.96934112329,-348.4949605857,
    108.50406975704));
#7781 = CARTESIAN_POINT('',(222.26952895422,-348.3670959563,
    108.49071111061));
#7782 = CARTESIAN_POINT('',(226.5166643478,-347.8828855571,
    108.21092816246));
#7783 = CARTESIAN_POINT('',(230.80856684708,-347.4924996161,
    108.12150724732));
#7784 = CARTESIAN_POINT('',(235.07622110161,-347.2234351717,
    108.04984252004));
#7785 = CARTESIAN_POINT('',(239.35488141397,-346.8689619729,
    108.01712180134));
#7786 = CARTESIAN_POINT('',(243.60389158591,-346.2822319086,
    107.94588957994));
#7787 = CARTESIAN_POINT('',(247.90844854027,-346.045420293,
    108.16067630326));
#7788 = CARTESIAN_POINT('',(252.2213347776,-346.1969235413,
    108.30753001104));
#7789 = CARTESIAN_POINT('',(256.41797633353,-346.6268116196,
    107.84505964829));
#7790 = CARTESIAN_POINT('',(261.49749220731,-346.2772486442,
    109.99375413009));
#7791 = CARTESIAN_POINT('',(264.82846846707,-356.0028176181,
    103.17396898934));
#7792 = CARTESIAN_POINT('',(269.29986524939,-345.3453933772,
    106.7023293677));
#7793 = CARTESIAN_POINT('',(273.76120192934,-353.3194495762,
    103.50177340026));
#7794 = CARTESIAN_POINT('',(277.11561224167,-356.2101474848,
    108.59919899812));
#7795 = CARTESIAN_POINT('',(282.18739413143,-356.9813190793,
    106.50491179016));
#7796 = CARTESIAN_POINT('',(286.38362479911,-358.2057524476,
    106.29777576588));
#7797 = CARTESIAN_POINT('',(290.6929217221,-359.1906637228,
    105.56555298822));
#7798 = CARTESIAN_POINT('',(294.99728518776,-359.1351876952,
    105.35367601432));
#7799 = CARTESIAN_POINT('',(299.24599549207,-359.1349114778,
    105.42587517813));
#7800 = CARTESIAN_POINT('',(303.52499017227,-359.3190007829,
    105.48260606554));
#7801 = CARTESIAN_POINT('',(307.79622056725,-359.4078172169,
    105.68364807988));
#7802 = CARTESIAN_POINT('',(312.08441986464,-359.9552015391,
    105.80839891151));
#7803 = CARTESIAN_POINT('',(316.3318452167,-359.6929360807,
    106.05962424538));
#7804 = CARTESIAN_POINT('',(320.63289091038,-360.3005252714,
    106.05341296936));
#7805 = CARTESIAN_POINT('',(324.90801010291,-360.4107989997,
    106.13851168053));
#7806 = CARTESIAN_POINT('',(329.18807309953,-360.6332485765,
    106.1844040573));
#7807 = CARTESIAN_POINT('',(333.47733801931,-360.6577162915,
    106.27748119949));
#7808 = CARTESIAN_POINT('',(337.7470456075,-360.803101113,
    106.33229914041));
#7809 = CARTESIAN_POINT('',(342.02123400371,-360.7022034852,
    106.43490120367));
#7810 = CARTESIAN_POINT('',(346.30443528757,-360.6149935301,
    106.53650241622));
#7811 = CARTESIAN_POINT('',(350.5884217255,-360.6363488773,
    106.60950089205));
#7812 = CARTESIAN_POINT('',(354.84926238005,-359.8153439133,
    106.82263288667));
#7813 = CARTESIAN_POINT('',(359.17649042862,-360.502109435,
    106.73803134549));
#7814 = CARTESIAN_POINT('',(363.32021844008,-358.7990415487,
    107.03253136902));
#7815 = CARTESIAN_POINT('',(368.68503275418,-360.6329583183,
    106.85363945602));
#7816 = CARTESIAN_POINT('',(371.24903411287,-353.3592790441,
    108.26984795424));
#7817 = CARTESIAN_POINT('',(377.42638182418,-343.9991983288,
    109.55101278129));
#7818 = CARTESIAN_POINT('',(379.73562276372,-363.5912814259,
    106.87421700666));
#7819 = CARTESIAN_POINT('',(385.92015942773,-344.6299752524,
    109.71471577249));
#7820 = CARTESIAN_POINT('',(387.95796901408,-356.3715687559,
    108.38270274997));
#7821 = CARTESIAN_POINT('',(392.55136708921,-360.3447831129,
    108.09729390461));
#7822 = CARTESIAN_POINT('',(397.86107277384,-340.223841434,
    110.98577509497));
#7823 = CARTESIAN_POINT('',(397.6403,-351.3990870882,109.42894431989));
#7824 = PCURVE('',#7578,#7825);
#7825 = DEFINITIONAL_REPRESENTATION('',(#7826),#7830);
#7826 = LINE('',#7827,#7828);
#7827 = CARTESIAN_POINT('',(30.,0.));
#7828 = VECTOR('',#7829,1.);
#7829 = DIRECTION('',(0.,1.));
#7830 = ( GEOMETRIC_REPRESENTATION_CONTEXT(2) 
PARAMETRIC_REPRESENTATION_CONTEXT() REPRESENTATION_CONTEXT('2D SPACE',''
  ) );
#7831 = PCURVE('',#7832,#7959);
#7832 = ( BOUNDED_SURFACE() B_SPLINE_SURFACE(1,3,(
    (#7833,#7834,#7835,#7836,#7837,#7838,#7839,#7840,#7841,#7842,#7843
      ,#7844,#7845,#7846,#7847,#7848,#7849,#7850,#7851,#7852,#7853,#7854
      ,#7855,#7856,#7857,#7858,#7859,#7860,#7861,#7862,#7863,#7864,#7865
      ,#7866,#7867,#7868,#7869,#7870,#7871,#7872,#7873,#7874,#7875,#7876
      ,#7877,#7878,#7879,#7880,#7881,#7882,#7883,#7884,#7885,#7886,#7887
      ,#7888,#7889,#7890,#7891,#7892,#7893,#7894,#7895)
    ,(#7896,#7897,#7898,#7899,#7900,#7901,#7902,#7903,#7904,#7905,#7906
      ,#7907,#7908,#7909,#7910,#7911,#7912,#7913,#7914,#7915,#7916,#7917
      ,#7918,#7919,#7920,#7921,#7922,#7923,#7924,#7925,#7926,#7927,#7928
      ,#7929,#7930,#7931,#7932,#7933,#7934,#7935,#7936,#7937,#7938,#7939
      ,#7940,#7941,#7942,#7943,#7944,#7945,#7946,#7947,#7948,#7949,#7950
      ,#7951,#7952,#7953,#7954,#7955,#7956,#7957,#7958
)),.UNSPECIFIED.,.F.,.F.,.F.) B_SPLINE_SURFACE_WITH_KNOTS((2,2),(4,1,1,1
    ,1,1,1,1,1,1,1,1,1,1,1,1,1,1,1,1,1,1,1,1,1,1,1,1,1,1,1,1,1,1,1,1,1,1
    ,1,1,1,1,1,1,1,1,1,1,1,1,1,1,1,1,1,1,1,1,1,1,4),(30.,31.),(0.,
    1.732138582393E-02,3.476147556169E-02,5.682134329819E-02,
    7.1962296323E-02,9.668171057498E-02,0.117312720082,0.137726814038,
    0.152748180615,0.167749813045,0.182740680817,0.197724569486,
    0.212727858992,0.227712266626,0.242722186927,0.257740578549,
    0.272730613132,0.287749851447,0.302807253127,0.317909897629,
    0.333164876512,0.348417208457,0.363717555355,0.379021830365,
    0.39430254102,0.409403510223,0.424503833082,0.439703221214,
    0.455034147268,0.475266642259,0.494822408855,0.514358099005,
    0.53448350075,0.549791243926,0.564993335593,0.580114457875,
    0.595233122966,0.610524778841,0.625831283594,0.641129798524,
    0.656395058325,0.671658347301,0.686764177688,0.701824559728,
    0.716841998439,0.731832580826,0.74685884212,0.761877146393,
    0.776861271766,0.791847146503,0.806852809101,0.821843806167,
    0.836903306197,0.851969913481,0.873073700462,0.890743423327,
    0.916073608219,0.937085032849,0.966089436802,0.983488965917,1.),
.UNSPECIFIED.) GEOMETRIC_REPRESENTATION_ITEM() RATIONAL_B_SPLINE_SURFACE
((
    (1.,0.99999999999,1.000000000005,0.999999999998,1.,1.,1.,1.,1.,1.,1.
      ,1.,1.,1.,1.,1.,1.,1.,1.,1.,1.,1.,1.,1.,1.,1.,1.,1.,1.,1.,1.,1.,1.
      ,1.,1.,1.,1.,1.,1.,1.,1.,1.,1.,1.,1.,1.,1.,1.,1.,1.,1.,1.,1.,1.,1.
      ,1.,1.,1.,1.,0.999999999999,1.000000000002,0.999999999996,1.)
    ,(1.,0.99999999999,1.000000000005,0.999999999998,1.,1.,1.,1.,1.,1.
      ,1.,1.,1.,1.,1.,1.,1.,1.,1.,1.,1.,1.,1.,1.,1.,1.,1.,1.,1.,1.,1.,1.
      ,1.,1.,1.,1.,1.,1.,1.,1.,1.,1.,1.,1.,1.,1.,1.,1.,1.,1.,1.,1.,1.,1.
      ,1.,1.,1.,1.,1.,0.999999999999,1.000000000002,0.999999999996,1.
))) REPRESENTATION_ITEM('') SURFACE() );
#7833 = CARTESIAN_POINT('',(140.9618,-350.8232941089,109.69985472076));
#7834 = CARTESIAN_POINT('',(139.3469737637,-359.7690877441,
    110.47748004559));
#7835 = CARTESIAN_POINT('',(146.55711552643,-344.9631311986,
    108.86792989081));
#7836 = CARTESIAN_POINT('',(149.83248812156,-345.9760009981,
    108.57130648439));
#7837 = CARTESIAN_POINT('',(152.63844988999,-351.0413750556,
    109.01479009666));
#7838 = CARTESIAN_POINT('',(159.61432189493,-347.7318308885,
    108.9043656162));
#7839 = CARTESIAN_POINT('',(161.57498576671,-357.9841748302,
    109.93543084771));
#7840 = CARTESIAN_POINT('',(166.85069272796,-349.3082072868,
    108.52103657638));
#7841 = CARTESIAN_POINT('',(170.05924171584,-349.1878740251,
    108.46765297081));
#7842 = CARTESIAN_POINT('',(175.2605606702,-348.8394188346,
    108.39050839434));
#7843 = CARTESIAN_POINT('',(179.44145366882,-348.9063629414,
    108.40409428619));
#7844 = CARTESIAN_POINT('',(183.74546905009,-348.8859398929,
    108.36997618941));
#7845 = CARTESIAN_POINT('',(188.02212458981,-348.6925892175,
    108.3803334859));
#7846 = CARTESIAN_POINT('',(192.29363155905,-348.8309970114,
    108.37065075206));
#7847 = CARTESIAN_POINT('',(196.58004983101,-348.9716475108,
    108.45361492734));
#7848 = CARTESIAN_POINT('',(200.85501156117,-348.503634453,
    108.36003208714));
#7849 = CARTESIAN_POINT('',(205.12596544359,-348.9246398653,
    108.52516706613));
#7850 = CARTESIAN_POINT('',(209.41439322258,-348.8289735841,
    108.46829023848));
#7851 = CARTESIAN_POINT('',(213.69322367635,-348.6116202442,
    108.54072642976));
#7852 = CARTESIAN_POINT('',(217.96934112329,-348.4949605857,
    108.50406975704));
#7853 = CARTESIAN_POINT('',(222.26952895422,-348.3670959563,
    108.49071111061));
#7854 = CARTESIAN_POINT('',(226.5166643478,-347.8828855571,
    108.21092816246));
#7855 = CARTESIAN_POINT('',(230.80856684708,-347.4924996161,
    108.12150724732));
#7856 = CARTESIAN_POINT('',(235.07622110161,-347.2234351717,
    108.04984252004));
#7857 = CARTESIAN_POINT('',(239.35488141397,-346.8689619729,
    108.01712180134));
#7858 = CARTESIAN_POINT('',(243.60389158591,-346.2822319086,
    107.94588957994));
#7859 = CARTESIAN_POINT('',(247.90844854027,-346.045420293,
    108.16067630326));
#7860 = CARTESIAN_POINT('',(252.2213347776,-346.1969235413,
    108.30753001104));
#7861 = CARTESIAN_POINT('',(256.41797633353,-346.6268116196,
    107.84505964829));
#7862 = CARTESIAN_POINT('',(261.49749220731,-346.2772486442,
    109.99375413009));
#7863 = CARTESIAN_POINT('',(264.82846846707,-356.0028176181,
    103.17396898934));
#7864 = CARTESIAN_POINT('',(269.29986524939,-345.3453933772,
    106.7023293677));
#7865 = CARTESIAN_POINT('',(273.76120192934,-353.3194495762,
    103.50177340026));
#7866 = CARTESIAN_POINT('',(277.11561224167,-356.2101474848,
    108.59919899812));
#7867 = CARTESIAN_POINT('',(282.18739413143,-356.9813190793,
    106.50491179016));
#7868 = CARTESIAN_POINT('',(286.38362479911,-358.2057524476,
    106.29777576588));
#7869 = CARTESIAN_POINT('',(290.6929217221,-359.1906637228,
    105.56555298822));
#7870 = CARTESIAN_POINT('',(294.99728518776,-359.1351876952,
    105.35367601432));
#7871 = CARTESIAN_POINT('',(299.24599549207,-359.1349114778,
    105.42587517813));
#7872 = CARTESIAN_POINT('',(303.52499017227,-359.3190007829,
    105.48260606554));
#7873 = CARTESIAN_POINT('',(307.79622056725,-359.4078172169,
    105.68364807988));
#7874 = CARTESIAN_POINT('',(312.08441986464,-359.9552015391,
    105.80839891151));
#7875 = CARTESIAN_POINT('',(316.3318452167,-359.6929360807,
    106.05962424538));
#7876 = CARTESIAN_POINT('',(320.63289091038,-360.3005252714,
    106.05341296936));
#7877 = CARTESIAN_POINT('',(324.90801010291,-360.4107989997,
    106.13851168053));
#7878 = CARTESIAN_POINT('',(329.18807309953,-360.6332485765,
    106.1844040573));
#7879 = CARTESIAN_POINT('',(333.47733801931,-360.6577162915,
    106.27748119949));
#7880 = CARTESIAN_POINT('',(337.7470456075,-360.803101113,
    106.33229914041));
#7881 = CARTESIAN_POINT('',(342.02123400371,-360.7022034852,
    106.43490120367));
#7882 = CARTESIAN_POINT('',(346.30443528757,-360.6149935301,
    106.53650241622));
#7883 = CARTESIAN_POINT('',(350.5884217255,-360.6363488773,
    106.60950089205));
#7884 = CARTESIAN_POINT('',(354.84926238005,-359.8153439133,
    106.82263288667));
#7885 = CARTESIAN_POINT('',(359.17649042862,-360.502109435,
    106.73803134549));
#7886 = CARTESIAN_POINT('',(363.32021844008,-358.7990415487,
    107.03253136902));
#7887 = CARTESIAN_POINT('',(368.68503275418,-360.6329583183,
    106.85363945602));
#7888 = CARTESIAN_POINT('',(371.24903411287,-353.3592790441,
    108.26984795424));
#7889 = CARTESIAN_POINT('',(377.42638182418,-343.9991983288,
    109.55101278129));
#7890 = CARTESIAN_POINT('',(379.73562276372,-363.5912814259,
    106.87421700666));
#7891 = CARTESIAN_POINT('',(385.92015942773,-344.6299752524,
    109.71471577249));
#7892 = CARTESIAN_POINT('',(387.95796901408,-356.3715687559,
    108.38270274997));
#7893 = CARTESIAN_POINT('',(392.55136708921,-360.3447831129,
    108.09729390461));
#7894 = CARTESIAN_POINT('',(397.86107277384,-340.223841434,
    110.98577509497));
#7895 = CARTESIAN_POINT('',(397.6403,-351.3990870882,109.42894431989));
#7896 = CARTESIAN_POINT('',(140.9618,-350.6032648567,109.67137178524));
#7897 = CARTESIAN_POINT('',(139.3469737637,-358.9829552089,
    110.46910345468));
#7898 = CARTESIAN_POINT('',(146.55711552643,-344.5168871021,
    108.78180680338));
#7899 = CARTESIAN_POINT('',(149.83248812156,-345.6740010042,
    108.5416127729));
#7900 = CARTESIAN_POINT('',(152.63844988999,-350.1154279533,
    108.90275706166));
#7901 = CARTESIAN_POINT('',(159.61432189493,-346.6307143808,
    108.66277334043));
#7902 = CARTESIAN_POINT('',(161.57498576671,-357.6330140938,
    109.89533481436));
#7903 = CARTESIAN_POINT('',(166.85069272796,-348.8852811861,
    108.43946286407));
#7904 = CARTESIAN_POINT('',(170.05924171584,-347.823569716,
    108.22973341418));
#7905 = CARTESIAN_POINT('',(175.2605606702,-347.6106437008,
    108.16250717809));
#7906 = CARTESIAN_POINT('',(179.44145366882,-347.5936482746,
    108.16516353718));
#7907 = CARTESIAN_POINT('',(183.74546905009,-347.5520655589,
    108.12269736251));
#7908 = CARTESIAN_POINT('',(188.02212458981,-347.3596364214,
    108.12060322702));
#7909 = CARTESIAN_POINT('',(192.29363155905,-347.4664553141,
    108.05369120929));
#7910 = CARTESIAN_POINT('',(196.58004983101,-347.5830912006,
    108.13749660891));
#7911 = CARTESIAN_POINT('',(200.85501156117,-347.1770894281,
    108.05356255696));
#7912 = CARTESIAN_POINT('',(205.12596544359,-347.5273412374,
    108.21465669131));
#7913 = CARTESIAN_POINT('',(209.41439322258,-347.4639484815,
    108.15047076201));
#7914 = CARTESIAN_POINT('',(213.69322367635,-347.2878120145,
    108.16330593896));
#7915 = CARTESIAN_POINT('',(217.96934112329,-347.2303535781,
    108.1195610831));
#7916 = CARTESIAN_POINT('',(222.26952895422,-347.1688549453,
    108.10290157915));
#7917 = CARTESIAN_POINT('',(226.5166643478,-346.7534681929,
    107.8478235876));
#7918 = CARTESIAN_POINT('',(230.80856684708,-346.459170553,
    107.70589214586));
#7919 = CARTESIAN_POINT('',(235.07622110161,-346.2985084614,
    107.58117603741));
#7920 = CARTESIAN_POINT('',(239.35488141397,-346.0198813994,
    107.56552702543));
#7921 = CARTESIAN_POINT('',(243.60389158591,-345.5143886146,
    107.52477586528));
#7922 = CARTESIAN_POINT('',(247.90844854027,-345.3566801558,
    107.75529218456));
#7923 = CARTESIAN_POINT('',(252.2213347776,-345.5941264336,
    107.92632767781));
#7924 = CARTESIAN_POINT('',(256.41797633353,-346.0198670574,
    107.60528321298));
#7925 = CARTESIAN_POINT('',(261.49749220731,-345.8621397339,
    109.6968161789));
#7926 = CARTESIAN_POINT('',(264.82846846707,-354.8507970577,
    103.50438354118));
#7927 = CARTESIAN_POINT('',(269.29986524939,-345.8799936578,
    105.59089410744));
#7928 = CARTESIAN_POINT('',(273.76120192934,-352.1359205242,
    103.76613954956));
#7929 = CARTESIAN_POINT('',(277.11561224167,-355.7824929409,
    108.70875434962));
#7930 = CARTESIAN_POINT('',(282.18739413143,-356.3596308456,
    106.74121153296));
#7931 = CARTESIAN_POINT('',(286.38362479911,-357.495680608,
    106.37005548395));
#7932 = CARTESIAN_POINT('',(290.6929217221,-358.4248095201,
    105.8006475589));
#7933 = CARTESIAN_POINT('',(294.99728518776,-358.2967924584,
    105.6020397325));
#7934 = CARTESIAN_POINT('',(299.24599549207,-358.2044999286,
    105.66858904974));
#7935 = CARTESIAN_POINT('',(303.52499017227,-358.321932827,
    105.76136818541));
#7936 = CARTESIAN_POINT('',(307.79622056725,-358.335849543,
    105.97497615233));
#7937 = CARTESIAN_POINT('',(312.08441986464,-358.8087200635,
    106.1112515255));
#7938 = CARTESIAN_POINT('',(316.3318452167,-358.4742176146,
    106.37720926369));
#7939 = CARTESIAN_POINT('',(320.63289091038,-359.0086701241,
    106.35322328233));
#7940 = CARTESIAN_POINT('',(324.90801010291,-359.0724713743,
    106.46830904329));
#7941 = CARTESIAN_POINT('',(329.18807309953,-359.248059917,
    106.44157056035));
#7942 = CARTESIAN_POINT('',(333.47733801931,-359.2533112155,
    106.56248621237));
#7943 = CARTESIAN_POINT('',(337.7470456075,-359.454205765,
    106.59191090509));
#7944 = CARTESIAN_POINT('',(342.02123400371,-359.2946750809,
    106.67225061395));
#7945 = CARTESIAN_POINT('',(346.30443528757,-359.2391100929,
    106.77317957702));
#7946 = CARTESIAN_POINT('',(350.5884217255,-359.2701031302,
    106.85763070123));
#7947 = CARTESIAN_POINT('',(354.84926238005,-358.5026528823,
    107.00755338484));
#7948 = CARTESIAN_POINT('',(359.17649042862,-359.1732593402,
    106.93954651344));
#7949 = CARTESIAN_POINT('',(363.32021844008,-357.5657780782,
    107.2182476668));
#7950 = CARTESIAN_POINT('',(368.68503275418,-359.3809968567,
    107.02972141678));
#7951 = CARTESIAN_POINT('',(371.24903411287,-352.4547040015,
    108.31909909117));
#7952 = CARTESIAN_POINT('',(377.42638182418,-343.7194755416,
    109.65320439737));
#7953 = CARTESIAN_POINT('',(379.73562276372,-362.2564108476,
    107.00650111577));
#7954 = CARTESIAN_POINT('',(385.92015942773,-344.2762695805,
    109.79986062377));
#7955 = CARTESIAN_POINT('',(387.95796901408,-356.0833066944,
    108.43611260732));
#7956 = CARTESIAN_POINT('',(392.55136708921,-359.6057157498,
    108.16738656522));
#7957 = CARTESIAN_POINT('',(397.86107277384,-340.1384455486,
    111.03463733792));
#7958 = CARTESIAN_POINT('',(397.6403,-351.2228368041,109.44947557956));
#7959 = DEFINITIONAL_REPRESENTATION('',(#7960),#7964);
#7960 = LINE('',#7961,#7962);
#7961 = CARTESIAN_POINT('',(30.,0.));
#7962 = VECTOR('',#7963,1.);
#7963 = DIRECTION('',(0.,1.));
#7964 = ( GEOMETRIC_REPRESENTATION_CONTEXT(2) 
PARAMETRIC_REPRESENTATION_CONTEXT() REPRESENTATION_CONTEXT('2D SPACE',''
  ) );
#7965 = ORIENTED_EDGE('',*,*,#7966,.F.);
#7966 = EDGE_CURVE('',#7503,#7757,#7967,.T.);
#7967 = SURFACE_CURVE('',#7968,(#7971,#7978),.PCURVE_S1.);
#7968 = B_SPLINE_CURVE_WITH_KNOTS('',1,(#7969,#7970),.UNSPECIFIED.,.F.,
  .F.,(2,2),(29.,30.),.PIECEWISE_BEZIER_KNOTS.);
#7969 = CARTESIAN_POINT('',(397.6403,-351.5753373722,109.40841306022));
#7970 = CARTESIAN_POINT('',(397.6403,-351.3990870882,109.42894431989));
#7971 = PCURVE('',#7578,#7972);
#7972 = DEFINITIONAL_REPRESENTATION('',(#7973),#7977);
#7973 = LINE('',#7974,#7975);
#7974 = CARTESIAN_POINT('',(0.,1.));
#7975 = VECTOR('',#7976,1.);
#7976 = DIRECTION('',(1.,0.));
#7977 = ( GEOMETRIC_REPRESENTATION_CONTEXT(2) 
PARAMETRIC_REPRESENTATION_CONTEXT() REPRESENTATION_CONTEXT('2D SPACE',''
  ) );
#7978 = PCURVE('',#401,#7979);
#7979 = DEFINITIONAL_REPRESENTATION('',(#7980),#7983);
#7980 = B_SPLINE_CURVE_WITH_KNOTS('',1,(#7981,#7982),.UNSPECIFIED.,.F.,
  .F.,(2,2),(29.,30.),.PIECEWISE_BEZIER_KNOTS.);
#7981 = CARTESIAN_POINT('',(1.951862988815,-7.211018782982E-06));
#7982 = CARTESIAN_POINT('',(1.774420898922,-6.555471600223E-06));
#7983 = ( GEOMETRIC_REPRESENTATION_CONTEXT(2) 
PARAMETRIC_REPRESENTATION_CONTEXT() REPRESENTATION_CONTEXT('2D SPACE',''
  ) );
#7984 = ORIENTED_EDGE('',*,*,#7502,.F.);
#7985 = ADVANCED_FACE('',(#7986),#7832,.T.);
#7986 = FACE_BOUND('',#7987,.T.);
#7987 = EDGE_LOOP('',(#7988,#8009,#8219,#8238));
#7988 = ORIENTED_EDGE('',*,*,#7989,.T.);
#7989 = EDGE_CURVE('',#7736,#7990,#7992,.T.);
#7990 = VERTEX_POINT('',#7991);
#7991 = CARTESIAN_POINT('',(140.9618,-350.6032648567,109.67137178524));
#7992 = SURFACE_CURVE('',#7993,(#7996,#8003),.PCURVE_S1.);
#7993 = B_SPLINE_CURVE_WITH_KNOTS('',1,(#7994,#7995),.UNSPECIFIED.,.F.,
  .F.,(2,2),(30.,31.),.PIECEWISE_BEZIER_KNOTS.);
#7994 = CARTESIAN_POINT('',(140.9618,-350.8232941089,109.69985472076));
#7995 = CARTESIAN_POINT('',(140.9618,-350.6032648567,109.67137178524));
#7996 = PCURVE('',#7832,#7997);
#7997 = DEFINITIONAL_REPRESENTATION('',(#7998),#8002);
#7998 = LINE('',#7999,#8000);
#7999 = CARTESIAN_POINT('',(0.,0.));
#8000 = VECTOR('',#8001,1.);
#8001 = DIRECTION('',(1.,0.));
#8002 = ( GEOMETRIC_REPRESENTATION_CONTEXT(2) 
PARAMETRIC_REPRESENTATION_CONTEXT() REPRESENTATION_CONTEXT('2D SPACE',''
  ) );
#8003 = PCURVE('',#165,#8004);
#8004 = DEFINITIONAL_REPRESENTATION('',(#8005),#8008);
#8005 = B_SPLINE_CURVE_WITH_KNOTS('',1,(#8006,#8007),.UNSPECIFIED.,.F.,
  .F.,(2,2),(30.,31.),.PIECEWISE_BEZIER_KNOTS.);
#8006 = CARTESIAN_POINT('',(1.774861563771,1.081425146269E-02));
#8007 = CARTESIAN_POINT('',(1.552998137917,1.169156719321E-02));
#8008 = ( GEOMETRIC_REPRESENTATION_CONTEXT(2) 
PARAMETRIC_REPRESENTATION_CONTEXT() REPRESENTATION_CONTEXT('2D SPACE',''
  ) );
#8009 = ORIENTED_EDGE('',*,*,#8010,.T.);
#8010 = EDGE_CURVE('',#7990,#8011,#8013,.T.);
#8011 = VERTEX_POINT('',#8012);
#8012 = CARTESIAN_POINT('',(397.6403,-351.2228368041,109.44947557956));
#8013 = SURFACE_CURVE('',#8014,(#8078,#8085),.PCURVE_S1.);
#8014 = ( BOUNDED_CURVE() B_SPLINE_CURVE(3,(#8015,#8016,#8017,#8018,
    #8019,#8020,#8021,#8022,#8023,#8024,#8025,#8026,#8027,#8028,#8029,
    #8030,#8031,#8032,#8033,#8034,#8035,#8036,#8037,#8038,#8039,#8040,
    #8041,#8042,#8043,#8044,#8045,#8046,#8047,#8048,#8049,#8050,#8051,
    #8052,#8053,#8054,#8055,#8056,#8057,#8058,#8059,#8060,#8061,#8062,
    #8063,#8064,#8065,#8066,#8067,#8068,#8069,#8070,#8071,#8072,#8073,
    #8074,#8075,#8076,#8077),.UNSPECIFIED.,.F.,.F.) 
B_SPLINE_CURVE_WITH_KNOTS((4,1,1,1,1,1,1,1,1,1,1,1,1,1,1,1,1,1,1,1,1,1,1
    ,1,1,1,1,1,1,1,1,1,1,1,1,1,1,1,1,1,1,1,1,1,1,1,1,1,1,1,1,1,1,1,1,1,1
    ,1,1,1,4),(0.,1.732138582393E-02,3.476147556169E-02,
    5.682134329819E-02,7.1962296323E-02,9.668171057498E-02,
    0.117312720082,0.137726814038,0.152748180615,0.167749813045,
    0.182740680817,0.197724569486,0.212727858992,0.227712266626,
    0.242722186927,0.257740578549,0.272730613132,0.287749851447,
    0.302807253127,0.317909897629,0.333164876512,0.348417208457,
    0.363717555355,0.379021830365,0.39430254102,0.409403510223,
    0.424503833082,0.439703221214,0.455034147268,0.475266642259,
    0.494822408855,0.514358099005,0.53448350075,0.549791243926,
    0.564993335593,0.580114457875,0.595233122966,0.610524778841,
    0.625831283594,0.641129798524,0.656395058325,0.671658347301,
    0.686764177688,0.701824559728,0.716841998439,0.731832580826,
    0.74685884212,0.761877146393,0.776861271766,0.791847146503,
    0.806852809101,0.821843806167,0.836903306197,0.851969913481,
    0.873073700462,0.890743423327,0.916073608219,0.937085032849,
0.966089436802,0.983488965917,1.),.UNSPECIFIED.) CURVE() 
GEOMETRIC_REPRESENTATION_ITEM() RATIONAL_B_SPLINE_CURVE((1.,
    0.99999999999,1.000000000005,0.999999999998,1.,1.,1.,1.,1.,1.,1.,1.,
    1.,1.,1.,1.,1.,1.,1.,1.,1.,1.,1.,1.,1.,1.,1.,1.,1.,1.,1.,1.,1.,1.,1.
    ,1.,1.,1.,1.,1.,1.,1.,1.,1.,1.,1.,1.,1.,1.,1.,1.,1.,1.,1.,1.,1.,1.,
    1.,1.,0.999999999999,1.000000000002,0.999999999996,1.)) 
REPRESENTATION_ITEM('') );
#8015 = CARTESIAN_POINT('',(140.9618,-350.6032648567,109.67137178524));
#8016 = CARTESIAN_POINT('',(139.3469737637,-358.9829552089,
    110.46910345468));
#8017 = CARTESIAN_POINT('',(146.55711552643,-344.5168871021,
    108.78180680338));
#8018 = CARTESIAN_POINT('',(149.83248812156,-345.6740010042,
    108.5416127729));
#8019 = CARTESIAN_POINT('',(152.63844988999,-350.1154279533,
    108.90275706166));
#8020 = CARTESIAN_POINT('',(159.61432189493,-346.6307143808,
    108.66277334043));
#8021 = CARTESIAN_POINT('',(161.57498576671,-357.6330140938,
    109.89533481436));
#8022 = CARTESIAN_POINT('',(166.85069272796,-348.8852811861,
    108.43946286407));
#8023 = CARTESIAN_POINT('',(170.05924171584,-347.823569716,
    108.22973341418));
#8024 = CARTESIAN_POINT('',(175.2605606702,-347.6106437008,
    108.16250717809));
#8025 = CARTESIAN_POINT('',(179.44145366882,-347.5936482746,
    108.16516353718));
#8026 = CARTESIAN_POINT('',(183.74546905009,-347.5520655589,
    108.12269736251));
#8027 = CARTESIAN_POINT('',(188.02212458981,-347.3596364214,
    108.12060322702));
#8028 = CARTESIAN_POINT('',(192.29363155905,-347.4664553141,
    108.05369120929));
#8029 = CARTESIAN_POINT('',(196.58004983101,-347.5830912006,
    108.13749660891));
#8030 = CARTESIAN_POINT('',(200.85501156117,-347.1770894281,
    108.05356255696));
#8031 = CARTESIAN_POINT('',(205.12596544359,-347.5273412374,
    108.21465669131));
#8032 = CARTESIAN_POINT('',(209.41439322258,-347.4639484815,
    108.15047076201));
#8033 = CARTESIAN_POINT('',(213.69322367635,-347.2878120145,
    108.16330593896));
#8034 = CARTESIAN_POINT('',(217.96934112329,-347.2303535781,
    108.1195610831));
#8035 = CARTESIAN_POINT('',(222.26952895422,-347.1688549453,
    108.10290157915));
#8036 = CARTESIAN_POINT('',(226.5166643478,-346.7534681929,
    107.8478235876));
#8037 = CARTESIAN_POINT('',(230.80856684708,-346.459170553,
    107.70589214586));
#8038 = CARTESIAN_POINT('',(235.07622110161,-346.2985084614,
    107.58117603741));
#8039 = CARTESIAN_POINT('',(239.35488141397,-346.0198813994,
    107.56552702543));
#8040 = CARTESIAN_POINT('',(243.60389158591,-345.5143886146,
    107.52477586528));
#8041 = CARTESIAN_POINT('',(247.90844854027,-345.3566801558,
    107.75529218456));
#8042 = CARTESIAN_POINT('',(252.2213347776,-345.5941264336,
    107.92632767781));
#8043 = CARTESIAN_POINT('',(256.41797633353,-346.0198670574,
    107.60528321298));
#8044 = CARTESIAN_POINT('',(261.49749220731,-345.8621397339,
    109.6968161789));
#8045 = CARTESIAN_POINT('',(264.82846846707,-354.8507970577,
    103.50438354118));
#8046 = CARTESIAN_POINT('',(269.29986524939,-345.8799936578,
    105.59089410744));
#8047 = CARTESIAN_POINT('',(273.76120192934,-352.1359205242,
    103.76613954956));
#8048 = CARTESIAN_POINT('',(277.11561224167,-355.7824929409,
    108.70875434962));
#8049 = CARTESIAN_POINT('',(282.18739413143,-356.3596308456,
    106.74121153296));
#8050 = CARTESIAN_POINT('',(286.38362479911,-357.495680608,
    106.37005548395));
#8051 = CARTESIAN_POINT('',(290.6929217221,-358.4248095201,
    105.8006475589));
#8052 = CARTESIAN_POINT('',(294.99728518776,-358.2967924584,
    105.6020397325));
#8053 = CARTESIAN_POINT('',(299.24599549207,-358.2044999286,
    105.66858904974));
#8054 = CARTESIAN_POINT('',(303.52499017227,-358.321932827,
    105.76136818541));
#8055 = CARTESIAN_POINT('',(307.79622056725,-358.335849543,
    105.97497615233));
#8056 = CARTESIAN_POINT('',(312.08441986464,-358.8087200635,
    106.1112515255));
#8057 = CARTESIAN_POINT('',(316.3318452167,-358.4742176146,
    106.37720926369));
#8058 = CARTESIAN_POINT('',(320.63289091038,-359.0086701241,
    106.35322328233));
#8059 = CARTESIAN_POINT('',(324.90801010291,-359.0724713743,
    106.46830904329));
#8060 = CARTESIAN_POINT('',(329.18807309953,-359.248059917,
    106.44157056035));
#8061 = CARTESIAN_POINT('',(333.47733801931,-359.2533112155,
    106.56248621237));
#8062 = CARTESIAN_POINT('',(337.7470456075,-359.454205765,
    106.59191090509));
#8063 = CARTESIAN_POINT('',(342.02123400371,-359.2946750809,
    106.67225061395));
#8064 = CARTESIAN_POINT('',(346.30443528757,-359.2391100929,
    106.77317957702));
#8065 = CARTESIAN_POINT('',(350.5884217255,-359.2701031302,
    106.85763070123));
#8066 = CARTESIAN_POINT('',(354.84926238005,-358.5026528823,
    107.00755338484));
#8067 = CARTESIAN_POINT('',(359.17649042862,-359.1732593402,
    106.93954651344));
#8068 = CARTESIAN_POINT('',(363.32021844008,-357.5657780782,
    107.2182476668));
#8069 = CARTESIAN_POINT('',(368.68503275418,-359.3809968567,
    107.02972141678));
#8070 = CARTESIAN_POINT('',(371.24903411287,-352.4547040015,
    108.31909909117));
#8071 = CARTESIAN_POINT('',(377.42638182418,-343.7194755416,
    109.65320439737));
#8072 = CARTESIAN_POINT('',(379.73562276372,-362.2564108476,
    107.00650111577));
#8073 = CARTESIAN_POINT('',(385.92015942773,-344.2762695805,
    109.79986062377));
#8074 = CARTESIAN_POINT('',(387.95796901408,-356.0833066944,
    108.43611260732));
#8075 = CARTESIAN_POINT('',(392.55136708921,-359.6057157498,
    108.16738656522));
#8076 = CARTESIAN_POINT('',(397.86107277384,-340.1384455486,
    111.03463733792));
#8077 = CARTESIAN_POINT('',(397.6403,-351.2228368041,109.44947557956));
#8078 = PCURVE('',#7832,#8079);
#8079 = DEFINITIONAL_REPRESENTATION('',(#8080),#8084);
#8080 = LINE('',#8081,#8082);
#8081 = CARTESIAN_POINT('',(31.,0.));
#8082 = VECTOR('',#8083,1.);
#8083 = DIRECTION('',(0.,1.));
#8084 = ( GEOMETRIC_REPRESENTATION_CONTEXT(2) 
PARAMETRIC_REPRESENTATION_CONTEXT() REPRESENTATION_CONTEXT('2D SPACE',''
  ) );
#8085 = PCURVE('',#8086,#8213);
#8086 = ( BOUNDED_SURFACE() B_SPLINE_SURFACE(1,3,(
    (#8087,#8088,#8089,#8090,#8091,#8092,#8093,#8094,#8095,#8096,#8097
      ,#8098,#8099,#8100,#8101,#8102,#8103,#8104,#8105,#8106,#8107,#8108
      ,#8109,#8110,#8111,#8112,#8113,#8114,#8115,#8116,#8117,#8118,#8119
      ,#8120,#8121,#8122,#8123,#8124,#8125,#8126,#8127,#8128,#8129,#8130
      ,#8131,#8132,#8133,#8134,#8135,#8136,#8137,#8138,#8139,#8140,#8141
      ,#8142,#8143,#8144,#8145,#8146,#8147,#8148,#8149)
    ,(#8150,#8151,#8152,#8153,#8154,#8155,#8156,#8157,#8158,#8159,#8160
      ,#8161,#8162,#8163,#8164,#8165,#8166,#8167,#8168,#8169,#8170,#8171
      ,#8172,#8173,#8174,#8175,#8176,#8177,#8178,#8179,#8180,#8181,#8182
      ,#8183,#8184,#8185,#8186,#8187,#8188,#8189,#8190,#8191,#8192,#8193
      ,#8194,#8195,#8196,#8197,#8198,#8199,#8200,#8201,#8202,#8203,#8204
      ,#8205,#8206,#8207,#8208,#8209,#8210,#8211,#8212
)),.UNSPECIFIED.,.F.,.F.,.F.) B_SPLINE_SURFACE_WITH_KNOTS((2,2),(4,1,1,1
    ,1,1,1,1,1,1,1,1,1,1,1,1,1,1,1,1,1,1,1,1,1,1,1,1,1,1,1,1,1,1,1,1,1,1
    ,1,1,1,1,1,1,1,1,1,1,1,1,1,1,1,1,1,1,1,1,1,1,4),(31.,32.),(0.,
    1.732138582393E-02,3.476147556169E-02,5.682134329819E-02,
    7.1962296323E-02,9.668171057498E-02,0.117312720082,0.137726814038,
    0.152748180615,0.167749813045,0.182740680817,0.197724569486,
    0.212727858992,0.227712266626,0.242722186927,0.257740578549,
    0.272730613132,0.287749851447,0.302807253127,0.317909897629,
    0.333164876512,0.348417208457,0.363717555355,0.379021830365,
    0.39430254102,0.409403510223,0.424503833082,0.439703221214,
    0.455034147268,0.475266642259,0.494822408855,0.514358099005,
    0.53448350075,0.549791243926,0.564993335593,0.580114457875,
    0.595233122966,0.610524778841,0.625831283594,0.641129798524,
    0.656395058325,0.671658347301,0.686764177688,0.701824559728,
    0.716841998439,0.731832580826,0.74685884212,0.761877146393,
    0.776861271766,0.791847146503,0.806852809101,0.821843806167,
    0.836903306197,0.851969913481,0.873073700462,0.890743423327,
    0.916073608219,0.937085032849,0.966089436802,0.983488965917,1.),
.UNSPECIFIED.) GEOMETRIC_REPRESENTATION_ITEM() RATIONAL_B_SPLINE_SURFACE
((
    (1.,0.99999999999,1.000000000005,0.999999999998,1.,1.,1.,1.,1.,1.,1.
      ,1.,1.,1.,1.,1.,1.,1.,1.,1.,1.,1.,1.,1.,1.,1.,1.,1.,1.,1.,1.,1.,1.
      ,1.,1.,1.,1.,1.,1.,1.,1.,1.,1.,1.,1.,1.,1.,1.,1.,1.,1.,1.,1.,1.,1.
      ,1.,1.,1.,1.,0.999999999999,1.000000000002,0.999999999996,1.)
    ,(1.,0.99999999999,1.000000000005,0.999999999998,1.,1.,1.,1.,1.,1.
      ,1.,1.,1.,1.,1.,1.,1.,1.,1.,1.,1.,1.,1.,1.,1.,1.,1.,1.,1.,1.,1.,1.
      ,1.,1.,1.,1.,1.,1.,1.,1.,1.,1.,1.,1.,1.,1.,1.,1.,1.,1.,1.,1.,1.,1.
      ,1.,1.,1.,1.,1.,0.999999999999,1.000000000002,0.999999999996,1.
))) REPRESENTATION_ITEM('') SURFACE() );
#8087 = CARTESIAN_POINT('',(140.9618,-350.6032648567,109.67137178524));
#8088 = CARTESIAN_POINT('',(139.3469737637,-358.9829552089,
    110.46910345468));
#8089 = CARTESIAN_POINT('',(146.55711552643,-344.5168871021,
    108.78180680338));
#8090 = CARTESIAN_POINT('',(149.83248812156,-345.6740010042,
    108.5416127729));
#8091 = CARTESIAN_POINT('',(152.63844988999,-350.1154279533,
    108.90275706166));
#8092 = CARTESIAN_POINT('',(159.61432189493,-346.6307143808,
    108.66277334043));
#8093 = CARTESIAN_POINT('',(161.57498576671,-357.6330140938,
    109.89533481436));
#8094 = CARTESIAN_POINT('',(166.85069272796,-348.8852811861,
    108.43946286407));
#8095 = CARTESIAN_POINT('',(170.05924171584,-347.823569716,
    108.22973341418));
#8096 = CARTESIAN_POINT('',(175.2605606702,-347.6106437008,
    108.16250717809));
#8097 = CARTESIAN_POINT('',(179.44145366882,-347.5936482746,
    108.16516353718));
#8098 = CARTESIAN_POINT('',(183.74546905009,-347.5520655589,
    108.12269736251));
#8099 = CARTESIAN_POINT('',(188.02212458981,-347.3596364214,
    108.12060322702));
#8100 = CARTESIAN_POINT('',(192.29363155905,-347.4664553141,
    108.05369120929));
#8101 = CARTESIAN_POINT('',(196.58004983101,-347.5830912006,
    108.13749660891));
#8102 = CARTESIAN_POINT('',(200.85501156117,-347.1770894281,
    108.05356255696));
#8103 = CARTESIAN_POINT('',(205.12596544359,-347.5273412374,
    108.21465669131));
#8104 = CARTESIAN_POINT('',(209.41439322258,-347.4639484815,
    108.15047076201));
#8105 = CARTESIAN_POINT('',(213.69322367635,-347.2878120145,
    108.16330593896));
#8106 = CARTESIAN_POINT('',(217.96934112329,-347.2303535781,
    108.1195610831));
#8107 = CARTESIAN_POINT('',(222.26952895422,-347.1688549453,
    108.10290157915));
#8108 = CARTESIAN_POINT('',(226.5166643478,-346.7534681929,
    107.8478235876));
#8109 = CARTESIAN_POINT('',(230.80856684708,-346.459170553,
    107.70589214586));
#8110 = CARTESIAN_POINT('',(235.07622110161,-346.2985084614,
    107.58117603741));
#8111 = CARTESIAN_POINT('',(239.35488141397,-346.0198813994,
    107.56552702543));
#8112 = CARTESIAN_POINT('',(243.60389158591,-345.5143886146,
    107.52477586528));
#8113 = CARTESIAN_POINT('',(247.90844854027,-345.3566801558,
    107.75529218456));
#8114 = CARTESIAN_POINT('',(252.2213347776,-345.5941264336,
    107.92632767781));
#8115 = CARTESIAN_POINT('',(256.41797633353,-346.0198670574,
    107.60528321298));
#8116 = CARTESIAN_POINT('',(261.49749220731,-345.8621397339,
    109.6968161789));
#8117 = CARTESIAN_POINT('',(264.82846846707,-354.8507970577,
    103.50438354118));
#8118 = CARTESIAN_POINT('',(269.29986524939,-345.8799936578,
    105.59089410744));
#8119 = CARTESIAN_POINT('',(273.76120192934,-352.1359205242,
    103.76613954956));
#8120 = CARTESIAN_POINT('',(277.11561224167,-355.7824929409,
    108.70875434962));
#8121 = CARTESIAN_POINT('',(282.18739413143,-356.3596308456,
    106.74121153296));
#8122 = CARTESIAN_POINT('',(286.38362479911,-357.495680608,
    106.37005548395));
#8123 = CARTESIAN_POINT('',(290.6929217221,-358.4248095201,
    105.8006475589));
#8124 = CARTESIAN_POINT('',(294.99728518776,-358.2967924584,
    105.6020397325));
#8125 = CARTESIAN_POINT('',(299.24599549207,-358.2044999286,
    105.66858904974));
#8126 = CARTESIAN_POINT('',(303.52499017227,-358.321932827,
    105.76136818541));
#8127 = CARTESIAN_POINT('',(307.79622056725,-358.335849543,
    105.97497615233));
#8128 = CARTESIAN_POINT('',(312.08441986464,-358.8087200635,
    106.1112515255));
#8129 = CARTESIAN_POINT('',(316.3318452167,-358.4742176146,
    106.37720926369));
#8130 = CARTESIAN_POINT('',(320.63289091038,-359.0086701241,
    106.35322328233));
#8131 = CARTESIAN_POINT('',(324.90801010291,-359.0724713743,
    106.46830904329));
#8132 = CARTESIAN_POINT('',(329.18807309953,-359.248059917,
    106.44157056035));
#8133 = CARTESIAN_POINT('',(333.47733801931,-359.2533112155,
    106.56248621237));
#8134 = CARTESIAN_POINT('',(337.7470456075,-359.454205765,
    106.59191090509));
#8135 = CARTESIAN_POINT('',(342.02123400371,-359.2946750809,
    106.67225061395));
#8136 = CARTESIAN_POINT('',(346.30443528757,-359.2391100929,
    106.77317957702));
#8137 = CARTESIAN_POINT('',(350.5884217255,-359.2701031302,
    106.85763070123));
#8138 = CARTESIAN_POINT('',(354.84926238005,-358.5026528823,
    107.00755338484));
#8139 = CARTESIAN_POINT('',(359.17649042862,-359.1732593402,
    106.93954651344));
#8140 = CARTESIAN_POINT('',(363.32021844008,-357.5657780782,
    107.2182476668));
#8141 = CARTESIAN_POINT('',(368.68503275418,-359.3809968567,
    107.02972141678));
#8142 = CARTESIAN_POINT('',(371.24903411287,-352.4547040015,
    108.31909909117));
#8143 = CARTESIAN_POINT('',(377.42638182418,-343.7194755416,
    109.65320439737));
#8144 = CARTESIAN_POINT('',(379.73562276372,-362.2564108476,
    107.00650111577));
#8145 = CARTESIAN_POINT('',(385.92015942773,-344.2762695805,
    109.79986062377));
#8146 = CARTESIAN_POINT('',(387.95796901408,-356.0833066944,
    108.43611260732));
#8147 = CARTESIAN_POINT('',(392.55136708921,-359.6057157498,
    108.16738656522));
#8148 = CARTESIAN_POINT('',(397.86107277384,-340.1384455486,
    111.03463733792));
#8149 = CARTESIAN_POINT('',(397.6403,-351.2228368041,109.44947557956));
#8150 = CARTESIAN_POINT('',(140.9618,-350.3832356046,109.64288884971));
#8151 = CARTESIAN_POINT('',(139.3469737637,-358.1951375615,
    110.47291543507));
#8152 = CARTESIAN_POINT('',(146.55711552643,-344.0713601396,
    108.69049669768));
#8153 = CARTESIAN_POINT('',(149.83248812156,-345.3719777593,
    108.51208692895));
#8154 = CARTESIAN_POINT('',(152.63844988999,-349.1884834625,
    108.79793951658));
#8155 = CARTESIAN_POINT('',(159.61432189493,-345.5299890773,
    108.41835201906));
#8156 = CARTESIAN_POINT('',(161.57498576671,-357.2817457317,
    109.85600994894));
#8157 = CARTESIAN_POINT('',(166.85069272796,-348.4623950063,
    108.35762276372));
#8158 = CARTESIAN_POINT('',(170.05924171584,-346.4592602829,
    107.99185356773));
#8159 = CARTESIAN_POINT('',(175.2605606702,-346.3818634777,
    107.93452446221));
#8160 = CARTESIAN_POINT('',(179.44145366882,-346.2809590313,
    107.9261216033));
#8161 = CARTESIAN_POINT('',(183.74546905009,-346.218094702,
    107.87584440676));
#8162 = CARTESIAN_POINT('',(188.02212458981,-346.0270443373,
    107.85928047384));
#8163 = CARTESIAN_POINT('',(192.29363155905,-346.1005660498,
    107.74268125588));
#8164 = CARTESIAN_POINT('',(196.58004983101,-346.195226723,
    107.81837001871));
#8165 = CARTESIAN_POINT('',(200.85501156117,-345.849123245,
    107.75318225348));
#8166 = CARTESIAN_POINT('',(205.12596544359,-346.1350330035,
    107.88280804567));
#8167 = CARTESIAN_POINT('',(209.41439322258,-346.0968326751,
    107.8409864413));
#8168 = CARTESIAN_POINT('',(213.69322367635,-345.9654180068,
    107.78142268737));
#8169 = CARTESIAN_POINT('',(217.96934112329,-345.9539201638,
    107.77540305982));
#8170 = CARTESIAN_POINT('',(222.26952895422,-345.9737518722,
    107.70448058066));
#8171 = CARTESIAN_POINT('',(226.5166643478,-345.6226852022,
    107.48879504933));
#8172 = CARTESIAN_POINT('',(230.80856684708,-345.4281550431,
    107.28462220551));
#8173 = CARTESIAN_POINT('',(235.07622110161,-345.3617482357,
    107.14085196031));
#8174 = CARTESIAN_POINT('',(239.35488141397,-345.1546059919,
    107.14463830228));
#8175 = CARTESIAN_POINT('',(243.60389158591,-344.749493338,
    107.09742433483));
#8176 = CARTESIAN_POINT('',(247.90844854027,-344.6809252832,
    107.32888208407));
#8177 = CARTESIAN_POINT('',(252.2213347776,-344.9487230582,
    107.6150419944));
#8178 = CARTESIAN_POINT('',(256.41797633353,-345.4240360485,
    107.36068993583));
#8179 = CARTESIAN_POINT('',(261.49749220731,-345.3938769752,
    109.44992688559));
#8180 = CARTESIAN_POINT('',(264.82846846707,-353.96739191,
    103.57119485585));
#8181 = CARTESIAN_POINT('',(269.29986524939,-345.3079397593,
    105.58788422024));
#8182 = CARTESIAN_POINT('',(273.76120192934,-351.2589220001,
    103.7117966666));
#8183 = CARTESIAN_POINT('',(277.11561224167,-355.302523708,
    108.91427262866));
#8184 = CARTESIAN_POINT('',(282.18739413143,-355.7233303985,
    106.88278793524));
#8185 = CARTESIAN_POINT('',(286.38362479911,-356.8642606888,
    106.70713418402));
#8186 = CARTESIAN_POINT('',(290.6929217221,-357.6490880673,
    105.99518011245));
#8187 = CARTESIAN_POINT('',(294.99728518776,-357.4834408981,
    105.91962501056));
#8188 = CARTESIAN_POINT('',(299.24599549207,-357.2969146326,
    105.98266867385));
#8189 = CARTESIAN_POINT('',(303.52499017227,-357.3318753387,
    106.06331565232));
#8190 = CARTESIAN_POINT('',(307.79622056725,-357.2665796213,
    106.27598934503));
#8191 = CARTESIAN_POINT('',(312.08441986464,-357.6614588276,
    106.41142790396));
#8192 = CARTESIAN_POINT('',(316.3318452167,-357.2563160041,
    106.69726060548));
#8193 = CARTESIAN_POINT('',(320.63289091038,-357.7277911046,
    106.69720369235));
#8194 = CARTESIAN_POINT('',(324.90801010291,-357.7304346353,
    106.78275708184));
#8195 = CARTESIAN_POINT('',(329.18807309953,-357.8828922416,
    106.78916626776));
#8196 = CARTESIAN_POINT('',(333.47733801931,-357.8479068947,
    106.8426632838));
#8197 = CARTESIAN_POINT('',(337.7470456075,-358.1071731958,
    106.86145665311));
#8198 = CARTESIAN_POINT('',(342.02123400371,-357.8955751104,
    106.95443562158));
#8199 = CARTESIAN_POINT('',(346.30443528757,-357.8639352916,
    107.01502820237));
#8200 = CARTESIAN_POINT('',(350.5884217255,-357.8978705463,
    107.06850897174));
#8201 = CARTESIAN_POINT('',(354.84926238005,-357.1920402349,
    107.20531186449));
#8202 = CARTESIAN_POINT('',(359.17649042862,-357.8433962737,
    107.13477998501));
#8203 = CARTESIAN_POINT('',(363.32021844008,-356.3344889813,
    107.41625869813));
#8204 = CARTESIAN_POINT('',(368.68503275418,-358.1274590777,
    107.19515895831));
#8205 = CARTESIAN_POINT('',(371.24903411287,-351.5512841605,
    108.37590712332));
#8206 = CARTESIAN_POINT('',(377.42638182418,-343.4367409147,
    109.73597142183));
#8207 = CARTESIAN_POINT('',(379.73562276372,-360.9338992847,
    107.21961964414));
#8208 = CARTESIAN_POINT('',(385.92015942773,-343.9184920996,
    109.85837143889));
#8209 = CARTESIAN_POINT('',(387.95796901408,-355.794057578,
    108.48307784506));
#8210 = CARTESIAN_POINT('',(392.55136708921,-358.8701228249,
    108.26018064997));
#8211 = CARTESIAN_POINT('',(397.86107277384,-340.0454923515,
    111.03411906144));
#8212 = CARTESIAN_POINT('',(397.6403,-351.04658652,109.47000683922));
#8213 = DEFINITIONAL_REPRESENTATION('',(#8214),#8218);
#8214 = LINE('',#8215,#8216);
#8215 = CARTESIAN_POINT('',(31.,0.));
#8216 = VECTOR('',#8217,1.);
#8217 = DIRECTION('',(0.,1.));
#8218 = ( GEOMETRIC_REPRESENTATION_CONTEXT(2) 
PARAMETRIC_REPRESENTATION_CONTEXT() REPRESENTATION_CONTEXT('2D SPACE',''
  ) );
#8219 = ORIENTED_EDGE('',*,*,#8220,.F.);
#8220 = EDGE_CURVE('',#7757,#8011,#8221,.T.);
#8221 = SURFACE_CURVE('',#8222,(#8225,#8232),.PCURVE_S1.);
#8222 = B_SPLINE_CURVE_WITH_KNOTS('',1,(#8223,#8224),.UNSPECIFIED.,.F.,
  .F.,(2,2),(30.,31.),.PIECEWISE_BEZIER_KNOTS.);
#8223 = CARTESIAN_POINT('',(397.6403,-351.3990870882,109.42894431989));
#8224 = CARTESIAN_POINT('',(397.6403,-351.2228368041,109.44947557956));
#8225 = PCURVE('',#7832,#8226);
#8226 = DEFINITIONAL_REPRESENTATION('',(#8227),#8231);
#8227 = LINE('',#8228,#8229);
#8228 = CARTESIAN_POINT('',(0.,1.));
#8229 = VECTOR('',#8230,1.);
#8230 = DIRECTION('',(1.,0.));
#8231 = ( GEOMETRIC_REPRESENTATION_CONTEXT(2) 
PARAMETRIC_REPRESENTATION_CONTEXT() REPRESENTATION_CONTEXT('2D SPACE',''
  ) );
#8232 = PCURVE('',#401,#8233);
#8233 = DEFINITIONAL_REPRESENTATION('',(#8234),#8237);
#8234 = B_SPLINE_CURVE_WITH_KNOTS('',1,(#8235,#8236),.UNSPECIFIED.,.F.,
  .F.,(2,2),(30.,31.),.PIECEWISE_BEZIER_KNOTS.);
#8235 = CARTESIAN_POINT('',(1.774420898922,-6.555471600223E-06));
#8236 = CARTESIAN_POINT('',(1.59697880903,-5.899924445885E-06));
#8237 = ( GEOMETRIC_REPRESENTATION_CONTEXT(2) 
PARAMETRIC_REPRESENTATION_CONTEXT() REPRESENTATION_CONTEXT('2D SPACE',''
  ) );
#8238 = ORIENTED_EDGE('',*,*,#7756,.F.);
#8239 = ADVANCED_FACE('',(#8240),#8086,.T.);
#8240 = FACE_BOUND('',#8241,.T.);
#8241 = EDGE_LOOP('',(#8242,#8263,#8473,#8492));
#8242 = ORIENTED_EDGE('',*,*,#8243,.T.);
#8243 = EDGE_CURVE('',#7990,#8244,#8246,.T.);
#8244 = VERTEX_POINT('',#8245);
#8245 = CARTESIAN_POINT('',(140.9618,-350.3832356046,109.64288884971));
#8246 = SURFACE_CURVE('',#8247,(#8250,#8257),.PCURVE_S1.);
#8247 = B_SPLINE_CURVE_WITH_KNOTS('',1,(#8248,#8249),.UNSPECIFIED.,.F.,
  .F.,(2,2),(31.,32.),.PIECEWISE_BEZIER_KNOTS.);
#8248 = CARTESIAN_POINT('',(140.9618,-350.6032648567,109.67137178524));
#8249 = CARTESIAN_POINT('',(140.9618,-350.3832356046,109.64288884971));
#8250 = PCURVE('',#8086,#8251);
#8251 = DEFINITIONAL_REPRESENTATION('',(#8252),#8256);
#8252 = LINE('',#8253,#8254);
#8253 = CARTESIAN_POINT('',(0.,0.));
#8254 = VECTOR('',#8255,1.);
#8255 = DIRECTION('',(1.,0.));
#8256 = ( GEOMETRIC_REPRESENTATION_CONTEXT(2) 
PARAMETRIC_REPRESENTATION_CONTEXT() REPRESENTATION_CONTEXT('2D SPACE',''
  ) );
#8257 = PCURVE('',#165,#8258);
#8258 = DEFINITIONAL_REPRESENTATION('',(#8259),#8262);
#8259 = B_SPLINE_CURVE_WITH_KNOTS('',1,(#8260,#8261),.UNSPECIFIED.,.F.,
  .F.,(2,2),(31.,32.),.PIECEWISE_BEZIER_KNOTS.);
#8260 = CARTESIAN_POINT('',(1.552998137917,1.169156719321E-02));
#8261 = CARTESIAN_POINT('',(1.331134712063,1.256888292374E-02));
#8262 = ( GEOMETRIC_REPRESENTATION_CONTEXT(2) 
PARAMETRIC_REPRESENTATION_CONTEXT() REPRESENTATION_CONTEXT('2D SPACE',''
  ) );
#8263 = ORIENTED_EDGE('',*,*,#8264,.T.);
#8264 = EDGE_CURVE('',#8244,#8265,#8267,.T.);
#8265 = VERTEX_POINT('',#8266);
#8266 = CARTESIAN_POINT('',(397.6403,-351.04658652,109.47000683922));
#8267 = SURFACE_CURVE('',#8268,(#8332,#8339),.PCURVE_S1.);
#8268 = ( BOUNDED_CURVE() B_SPLINE_CURVE(3,(#8269,#8270,#8271,#8272,
    #8273,#8274,#8275,#8276,#8277,#8278,#8279,#8280,#8281,#8282,#8283,
    #8284,#8285,#8286,#8287,#8288,#8289,#8290,#8291,#8292,#8293,#8294,
    #8295,#8296,#8297,#8298,#8299,#8300,#8301,#8302,#8303,#8304,#8305,
    #8306,#8307,#8308,#8309,#8310,#8311,#8312,#8313,#8314,#8315,#8316,
    #8317,#8318,#8319,#8320,#8321,#8322,#8323,#8324,#8325,#8326,#8327,
    #8328,#8329,#8330,#8331),.UNSPECIFIED.,.F.,.F.) 
B_SPLINE_CURVE_WITH_KNOTS((4,1,1,1,1,1,1,1,1,1,1,1,1,1,1,1,1,1,1,1,1,1,1
    ,1,1,1,1,1,1,1,1,1,1,1,1,1,1,1,1,1,1,1,1,1,1,1,1,1,1,1,1,1,1,1,1,1,1
    ,1,1,1,4),(0.,1.732138582393E-02,3.476147556169E-02,
    5.682134329819E-02,7.1962296323E-02,9.668171057498E-02,
    0.117312720082,0.137726814038,0.152748180615,0.167749813045,
    0.182740680817,0.197724569486,0.212727858992,0.227712266626,
    0.242722186927,0.257740578549,0.272730613132,0.287749851447,
    0.302807253127,0.317909897629,0.333164876512,0.348417208457,
    0.363717555355,0.379021830365,0.39430254102,0.409403510223,
    0.424503833082,0.439703221214,0.455034147268,0.475266642259,
    0.494822408855,0.514358099005,0.53448350075,0.549791243926,
    0.564993335593,0.580114457875,0.595233122966,0.610524778841,
    0.625831283594,0.641129798524,0.656395058325,0.671658347301,
    0.686764177688,0.701824559728,0.716841998439,0.731832580826,
    0.74685884212,0.761877146393,0.776861271766,0.791847146503,
    0.806852809101,0.821843806167,0.836903306197,0.851969913481,
    0.873073700462,0.890743423327,0.916073608219,0.937085032849,
0.966089436802,0.983488965917,1.),.UNSPECIFIED.) CURVE() 
GEOMETRIC_REPRESENTATION_ITEM() RATIONAL_B_SPLINE_CURVE((1.,
    0.99999999999,1.000000000005,0.999999999998,1.,1.,1.,1.,1.,1.,1.,1.,
    1.,1.,1.,1.,1.,1.,1.,1.,1.,1.,1.,1.,1.,1.,1.,1.,1.,1.,1.,1.,1.,1.,1.
    ,1.,1.,1.,1.,1.,1.,1.,1.,1.,1.,1.,1.,1.,1.,1.,1.,1.,1.,1.,1.,1.,1.,
    1.,1.,0.999999999999,1.000000000002,0.999999999996,1.)) 
REPRESENTATION_ITEM('') );
#8269 = CARTESIAN_POINT('',(140.9618,-350.3832356046,109.64288884971));
#8270 = CARTESIAN_POINT('',(139.3469737637,-358.1951375615,
    110.47291543507));
#8271 = CARTESIAN_POINT('',(146.55711552643,-344.0713601396,
    108.69049669768));
#8272 = CARTESIAN_POINT('',(149.83248812156,-345.3719777593,
    108.51208692895));
#8273 = CARTESIAN_POINT('',(152.63844988999,-349.1884834625,
    108.79793951658));
#8274 = CARTESIAN_POINT('',(159.61432189493,-345.5299890773,
    108.41835201906));
#8275 = CARTESIAN_POINT('',(161.57498576671,-357.2817457317,
    109.85600994894));
#8276 = CARTESIAN_POINT('',(166.85069272796,-348.4623950063,
    108.35762276372));
#8277 = CARTESIAN_POINT('',(170.05924171584,-346.4592602829,
    107.99185356773));
#8278 = CARTESIAN_POINT('',(175.2605606702,-346.3818634777,
    107.93452446221));
#8279 = CARTESIAN_POINT('',(179.44145366882,-346.2809590313,
    107.9261216033));
#8280 = CARTESIAN_POINT('',(183.74546905009,-346.218094702,
    107.87584440676));
#8281 = CARTESIAN_POINT('',(188.02212458981,-346.0270443373,
    107.85928047384));
#8282 = CARTESIAN_POINT('',(192.29363155905,-346.1005660498,
    107.74268125588));
#8283 = CARTESIAN_POINT('',(196.58004983101,-346.195226723,
    107.81837001871));
#8284 = CARTESIAN_POINT('',(200.85501156117,-345.849123245,
    107.75318225348));
#8285 = CARTESIAN_POINT('',(205.12596544359,-346.1350330035,
    107.88280804567));
#8286 = CARTESIAN_POINT('',(209.41439322258,-346.0968326751,
    107.8409864413));
#8287 = CARTESIAN_POINT('',(213.69322367635,-345.9654180068,
    107.78142268737));
#8288 = CARTESIAN_POINT('',(217.96934112329,-345.9539201638,
    107.77540305982));
#8289 = CARTESIAN_POINT('',(222.26952895422,-345.9737518722,
    107.70448058066));
#8290 = CARTESIAN_POINT('',(226.5166643478,-345.6226852022,
    107.48879504933));
#8291 = CARTESIAN_POINT('',(230.80856684708,-345.4281550431,
    107.28462220551));
#8292 = CARTESIAN_POINT('',(235.07622110161,-345.3617482357,
    107.14085196031));
#8293 = CARTESIAN_POINT('',(239.35488141397,-345.1546059919,
    107.14463830228));
#8294 = CARTESIAN_POINT('',(243.60389158591,-344.749493338,
    107.09742433483));
#8295 = CARTESIAN_POINT('',(247.90844854027,-344.6809252832,
    107.32888208407));
#8296 = CARTESIAN_POINT('',(252.2213347776,-344.9487230582,
    107.6150419944));
#8297 = CARTESIAN_POINT('',(256.41797633353,-345.4240360485,
    107.36068993583));
#8298 = CARTESIAN_POINT('',(261.49749220731,-345.3938769752,
    109.44992688559));
#8299 = CARTESIAN_POINT('',(264.82846846707,-353.96739191,
    103.57119485585));
#8300 = CARTESIAN_POINT('',(269.29986524939,-345.3079397593,
    105.58788422024));
#8301 = CARTESIAN_POINT('',(273.76120192934,-351.2589220001,
    103.7117966666));
#8302 = CARTESIAN_POINT('',(277.11561224167,-355.302523708,
    108.91427262866));
#8303 = CARTESIAN_POINT('',(282.18739413143,-355.7233303985,
    106.88278793524));
#8304 = CARTESIAN_POINT('',(286.38362479911,-356.8642606888,
    106.70713418402));
#8305 = CARTESIAN_POINT('',(290.6929217221,-357.6490880673,
    105.99518011245));
#8306 = CARTESIAN_POINT('',(294.99728518776,-357.4834408981,
    105.91962501056));
#8307 = CARTESIAN_POINT('',(299.24599549207,-357.2969146326,
    105.98266867385));
#8308 = CARTESIAN_POINT('',(303.52499017227,-357.3318753387,
    106.06331565232));
#8309 = CARTESIAN_POINT('',(307.79622056725,-357.2665796213,
    106.27598934503));
#8310 = CARTESIAN_POINT('',(312.08441986464,-357.6614588276,
    106.41142790396));
#8311 = CARTESIAN_POINT('',(316.3318452167,-357.2563160041,
    106.69726060548));
#8312 = CARTESIAN_POINT('',(320.63289091038,-357.7277911046,
    106.69720369235));
#8313 = CARTESIAN_POINT('',(324.90801010291,-357.7304346353,
    106.78275708184));
#8314 = CARTESIAN_POINT('',(329.18807309953,-357.8828922416,
    106.78916626776));
#8315 = CARTESIAN_POINT('',(333.47733801931,-357.8479068947,
    106.8426632838));
#8316 = CARTESIAN_POINT('',(337.7470456075,-358.1071731958,
    106.86145665311));
#8317 = CARTESIAN_POINT('',(342.02123400371,-357.8955751104,
    106.95443562158));
#8318 = CARTESIAN_POINT('',(346.30443528757,-357.8639352916,
    107.01502820237));
#8319 = CARTESIAN_POINT('',(350.5884217255,-357.8978705463,
    107.06850897174));
#8320 = CARTESIAN_POINT('',(354.84926238005,-357.1920402349,
    107.20531186449));
#8321 = CARTESIAN_POINT('',(359.17649042862,-357.8433962737,
    107.13477998501));
#8322 = CARTESIAN_POINT('',(363.32021844008,-356.3344889813,
    107.41625869813));
#8323 = CARTESIAN_POINT('',(368.68503275418,-358.1274590777,
    107.19515895831));
#8324 = CARTESIAN_POINT('',(371.24903411287,-351.5512841605,
    108.37590712332));
#8325 = CARTESIAN_POINT('',(377.42638182418,-343.4367409147,
    109.73597142183));
#8326 = CARTESIAN_POINT('',(379.73562276372,-360.9338992847,
    107.21961964414));
#8327 = CARTESIAN_POINT('',(385.92015942773,-343.9184920996,
    109.85837143889));
#8328 = CARTESIAN_POINT('',(387.95796901408,-355.794057578,
    108.48307784506));
#8329 = CARTESIAN_POINT('',(392.55136708921,-358.8701228249,
    108.26018064997));
#8330 = CARTESIAN_POINT('',(397.86107277384,-340.0454923515,
    111.03411906144));
#8331 = CARTESIAN_POINT('',(397.6403,-351.04658652,109.47000683922));
#8332 = PCURVE('',#8086,#8333);
#8333 = DEFINITIONAL_REPRESENTATION('',(#8334),#8338);
#8334 = LINE('',#8335,#8336);
#8335 = CARTESIAN_POINT('',(32.,0.));
#8336 = VECTOR('',#8337,1.);
#8337 = DIRECTION('',(0.,1.));
#8338 = ( GEOMETRIC_REPRESENTATION_CONTEXT(2) 
PARAMETRIC_REPRESENTATION_CONTEXT() REPRESENTATION_CONTEXT('2D SPACE',''
  ) );
#8339 = PCURVE('',#8340,#8467);
#8340 = ( BOUNDED_SURFACE() B_SPLINE_SURFACE(1,3,(
    (#8341,#8342,#8343,#8344,#8345,#8346,#8347,#8348,#8349,#8350,#8351
      ,#8352,#8353,#8354,#8355,#8356,#8357,#8358,#8359,#8360,#8361,#8362
      ,#8363,#8364,#8365,#8366,#8367,#8368,#8369,#8370,#8371,#8372,#8373
      ,#8374,#8375,#8376,#8377,#8378,#8379,#8380,#8381,#8382,#8383,#8384
      ,#8385,#8386,#8387,#8388,#8389,#8390,#8391,#8392,#8393,#8394,#8395
      ,#8396,#8397,#8398,#8399,#8400,#8401,#8402,#8403)
    ,(#8404,#8405,#8406,#8407,#8408,#8409,#8410,#8411,#8412,#8413,#8414
      ,#8415,#8416,#8417,#8418,#8419,#8420,#8421,#8422,#8423,#8424,#8425
      ,#8426,#8427,#8428,#8429,#8430,#8431,#8432,#8433,#8434,#8435,#8436
      ,#8437,#8438,#8439,#8440,#8441,#8442,#8443,#8444,#8445,#8446,#8447
      ,#8448,#8449,#8450,#8451,#8452,#8453,#8454,#8455,#8456,#8457,#8458
      ,#8459,#8460,#8461,#8462,#8463,#8464,#8465,#8466
)),.UNSPECIFIED.,.F.,.F.,.F.) B_SPLINE_SURFACE_WITH_KNOTS((2,2),(4,1,1,1
    ,1,1,1,1,1,1,1,1,1,1,1,1,1,1,1,1,1,1,1,1,1,1,1,1,1,1,1,1,1,1,1,1,1,1
    ,1,1,1,1,1,1,1,1,1,1,1,1,1,1,1,1,1,1,1,1,1,1,4),(32.,33.),(0.,
    1.732138582393E-02,3.476147556169E-02,5.682134329819E-02,
    7.1962296323E-02,9.668171057498E-02,0.117312720082,0.137726814038,
    0.152748180615,0.167749813045,0.182740680817,0.197724569486,
    0.212727858992,0.227712266626,0.242722186927,0.257740578549,
    0.272730613132,0.287749851447,0.302807253127,0.317909897629,
    0.333164876512,0.348417208457,0.363717555355,0.379021830365,
    0.39430254102,0.409403510223,0.424503833082,0.439703221214,
    0.455034147268,0.475266642259,0.494822408855,0.514358099005,
    0.53448350075,0.549791243926,0.564993335593,0.580114457875,
    0.595233122966,0.610524778841,0.625831283594,0.641129798524,
    0.656395058325,0.671658347301,0.686764177688,0.701824559728,
    0.716841998439,0.731832580826,0.74685884212,0.761877146393,
    0.776861271766,0.791847146503,0.806852809101,0.821843806167,
    0.836903306197,0.851969913481,0.873073700462,0.890743423327,
    0.916073608219,0.937085032849,0.966089436802,0.983488965917,1.),
.UNSPECIFIED.) GEOMETRIC_REPRESENTATION_ITEM() RATIONAL_B_SPLINE_SURFACE
((
    (1.,0.99999999999,1.000000000005,0.999999999998,1.,1.,1.,1.,1.,1.,1.
      ,1.,1.,1.,1.,1.,1.,1.,1.,1.,1.,1.,1.,1.,1.,1.,1.,1.,1.,1.,1.,1.,1.
      ,1.,1.,1.,1.,1.,1.,1.,1.,1.,1.,1.,1.,1.,1.,1.,1.,1.,1.,1.,1.,1.,1.
      ,1.,1.,1.,1.,0.999999999999,1.000000000002,0.999999999996,1.)
    ,(1.,0.99999999999,1.000000000005,0.999999999998,1.,1.,1.,1.,1.,1.
      ,1.,1.,1.,1.,1.,1.,1.,1.,1.,1.,1.,1.,1.,1.,1.,1.,1.,1.,1.,1.,1.,1.
      ,1.,1.,1.,1.,1.,1.,1.,1.,1.,1.,1.,1.,1.,1.,1.,1.,1.,1.,1.,1.,1.,1.
      ,1.,1.,1.,1.,1.,0.999999999999,1.000000000002,0.999999999996,1.
))) REPRESENTATION_ITEM('') SURFACE() );
#8341 = CARTESIAN_POINT('',(140.9618,-350.3832356046,109.64288884971));
#8342 = CARTESIAN_POINT('',(139.3469737637,-358.1951375615,
    110.47291543507));
#8343 = CARTESIAN_POINT('',(146.55711552643,-344.0713601396,
    108.69049669768));
#8344 = CARTESIAN_POINT('',(149.83248812156,-345.3719777593,
    108.51208692895));
#8345 = CARTESIAN_POINT('',(152.63844988999,-349.1884834625,
    108.79793951658));
#8346 = CARTESIAN_POINT('',(159.61432189493,-345.5299890773,
    108.41835201906));
#8347 = CARTESIAN_POINT('',(161.57498576671,-357.2817457317,
    109.85600994894));
#8348 = CARTESIAN_POINT('',(166.85069272796,-348.4623950063,
    108.35762276372));
#8349 = CARTESIAN_POINT('',(170.05924171584,-346.4592602829,
    107.99185356773));
#8350 = CARTESIAN_POINT('',(175.2605606702,-346.3818634777,
    107.93452446221));
#8351 = CARTESIAN_POINT('',(179.44145366882,-346.2809590313,
    107.9261216033));
#8352 = CARTESIAN_POINT('',(183.74546905009,-346.218094702,
    107.87584440676));
#8353 = CARTESIAN_POINT('',(188.02212458981,-346.0270443373,
    107.85928047384));
#8354 = CARTESIAN_POINT('',(192.29363155905,-346.1005660498,
    107.74268125588));
#8355 = CARTESIAN_POINT('',(196.58004983101,-346.195226723,
    107.81837001871));
#8356 = CARTESIAN_POINT('',(200.85501156117,-345.849123245,
    107.75318225348));
#8357 = CARTESIAN_POINT('',(205.12596544359,-346.1350330035,
    107.88280804567));
#8358 = CARTESIAN_POINT('',(209.41439322258,-346.0968326751,
    107.8409864413));
#8359 = CARTESIAN_POINT('',(213.69322367635,-345.9654180068,
    107.78142268737));
#8360 = CARTESIAN_POINT('',(217.96934112329,-345.9539201638,
    107.77540305982));
#8361 = CARTESIAN_POINT('',(222.26952895422,-345.9737518722,
    107.70448058066));
#8362 = CARTESIAN_POINT('',(226.5166643478,-345.6226852022,
    107.48879504933));
#8363 = CARTESIAN_POINT('',(230.80856684708,-345.4281550431,
    107.28462220551));
#8364 = CARTESIAN_POINT('',(235.07622110161,-345.3617482357,
    107.14085196031));
#8365 = CARTESIAN_POINT('',(239.35488141397,-345.1546059919,
    107.14463830228));
#8366 = CARTESIAN_POINT('',(243.60389158591,-344.749493338,
    107.09742433483));
#8367 = CARTESIAN_POINT('',(247.90844854027,-344.6809252832,
    107.32888208407));
#8368 = CARTESIAN_POINT('',(252.2213347776,-344.9487230582,
    107.6150419944));
#8369 = CARTESIAN_POINT('',(256.41797633353,-345.4240360485,
    107.36068993583));
#8370 = CARTESIAN_POINT('',(261.49749220731,-345.3938769752,
    109.44992688559));
#8371 = CARTESIAN_POINT('',(264.82846846707,-353.96739191,
    103.57119485585));
#8372 = CARTESIAN_POINT('',(269.29986524939,-345.3079397593,
    105.58788422024));
#8373 = CARTESIAN_POINT('',(273.76120192934,-351.2589220001,
    103.7117966666));
#8374 = CARTESIAN_POINT('',(277.11561224167,-355.302523708,
    108.91427262866));
#8375 = CARTESIAN_POINT('',(282.18739413143,-355.7233303985,
    106.88278793524));
#8376 = CARTESIAN_POINT('',(286.38362479911,-356.8642606888,
    106.70713418402));
#8377 = CARTESIAN_POINT('',(290.6929217221,-357.6490880673,
    105.99518011245));
#8378 = CARTESIAN_POINT('',(294.99728518776,-357.4834408981,
    105.91962501056));
#8379 = CARTESIAN_POINT('',(299.24599549207,-357.2969146326,
    105.98266867385));
#8380 = CARTESIAN_POINT('',(303.52499017227,-357.3318753387,
    106.06331565232));
#8381 = CARTESIAN_POINT('',(307.79622056725,-357.2665796213,
    106.27598934503));
#8382 = CARTESIAN_POINT('',(312.08441986464,-357.6614588276,
    106.41142790396));
#8383 = CARTESIAN_POINT('',(316.3318452167,-357.2563160041,
    106.69726060548));
#8384 = CARTESIAN_POINT('',(320.63289091038,-357.7277911046,
    106.69720369235));
#8385 = CARTESIAN_POINT('',(324.90801010291,-357.7304346353,
    106.78275708184));
#8386 = CARTESIAN_POINT('',(329.18807309953,-357.8828922416,
    106.78916626776));
#8387 = CARTESIAN_POINT('',(333.47733801931,-357.8479068947,
    106.8426632838));
#8388 = CARTESIAN_POINT('',(337.7470456075,-358.1071731958,
    106.86145665311));
#8389 = CARTESIAN_POINT('',(342.02123400371,-357.8955751104,
    106.95443562158));
#8390 = CARTESIAN_POINT('',(346.30443528757,-357.8639352916,
    107.01502820237));
#8391 = CARTESIAN_POINT('',(350.5884217255,-357.8978705463,
    107.06850897174));
#8392 = CARTESIAN_POINT('',(354.84926238005,-357.1920402349,
    107.20531186449));
#8393 = CARTESIAN_POINT('',(359.17649042862,-357.8433962737,
    107.13477998501));
#8394 = CARTESIAN_POINT('',(363.32021844008,-356.3344889813,
    107.41625869813));
#8395 = CARTESIAN_POINT('',(368.68503275418,-358.1274590777,
    107.19515895831));
#8396 = CARTESIAN_POINT('',(371.24903411287,-351.5512841605,
    108.37590712332));
#8397 = CARTESIAN_POINT('',(377.42638182418,-343.4367409147,
    109.73597142183));
#8398 = CARTESIAN_POINT('',(379.73562276372,-360.9338992847,
    107.21961964414));
#8399 = CARTESIAN_POINT('',(385.92015942773,-343.9184920996,
    109.85837143889));
#8400 = CARTESIAN_POINT('',(387.95796901408,-355.794057578,
    108.48307784506));
#8401 = CARTESIAN_POINT('',(392.55136708921,-358.8701228249,
    108.26018064997));
#8402 = CARTESIAN_POINT('',(397.86107277384,-340.0454923515,
    111.03411906144));
#8403 = CARTESIAN_POINT('',(397.6403,-351.04658652,109.47000683922));
#8404 = CARTESIAN_POINT('',(140.9618,-350.1629785612,109.61625487154));
#8405 = CARTESIAN_POINT('',(139.3469737637,-357.4047860151,
    110.49489792719));
#8406 = CARTESIAN_POINT('',(146.55711552643,-343.6268849495,
    108.59165077145));
#8407 = CARTESIAN_POINT('',(149.83248812156,-345.0700239132,
    108.4820382782));
#8408 = CARTESIAN_POINT('',(152.63844988999,-348.2596044712,
    108.70709898351));
#8409 = CARTESIAN_POINT('',(159.61432189493,-344.4295717908,
    108.17177261398));
#8410 = CARTESIAN_POINT('',(161.57498576671,-356.9333850789,
    109.79521066762));
#8411 = CARTESIAN_POINT('',(166.85069272796,-348.0301931282,
    108.34449385044));
#8412 = CARTESIAN_POINT('',(170.05924171584,-345.0975528628,
    107.73629191353));
#8413 = CARTESIAN_POINT('',(175.2605606702,-345.1503309051,
    107.72261149458));
#8414 = CARTESIAN_POINT('',(179.44145366882,-344.9688747067,
    107.68343545924));
#8415 = CARTESIAN_POINT('',(183.74546905009,-344.8844525131,
    107.62752152498));
#8416 = CARTESIAN_POINT('',(188.02212458981,-344.6925331305,
    107.60747870507));
#8417 = CARTESIAN_POINT('',(192.29363155905,-344.7380333474,
    107.41573712261));
#8418 = CARTESIAN_POINT('',(196.58004983101,-344.7958630472,
    107.55342233085));
#8419 = CARTESIAN_POINT('',(200.85501156117,-344.5238987162,
    107.43986262659));
#8420 = CARTESIAN_POINT('',(205.12596544359,-344.743274741,
    107.54845583262));
#8421 = CARTESIAN_POINT('',(209.41439322258,-344.7321438704,
    107.52267852067));
#8422 = CARTESIAN_POINT('',(213.69322367635,-344.6335804436,
    107.434064172));
#8423 = CARTESIAN_POINT('',(217.96934112329,-344.6847365483,
    107.40579873838));
#8424 = CARTESIAN_POINT('',(222.26952895422,-344.7730172211,
    107.32409779972));
#8425 = CARTESIAN_POINT('',(226.5166643478,-344.4944181447,
    107.12342046021));
#8426 = CARTESIAN_POINT('',(230.80856684708,-344.3789444839,
    106.91600562037));
#8427 = CARTESIAN_POINT('',(235.07622110161,-344.3932631588,
    106.77013112625));
#8428 = CARTESIAN_POINT('',(239.35488141397,-344.2889980763,
    106.72283435138));
#8429 = CARTESIAN_POINT('',(243.60389158591,-343.9894839467,
    106.66208146614));
#8430 = CARTESIAN_POINT('',(247.90844854027,-344.0033130431,
    106.90668256393));
#8431 = CARTESIAN_POINT('',(252.2213347776,-344.3249008255,
    107.26317202898));
#8432 = CARTESIAN_POINT('',(256.41797633353,-344.8258296856,
    107.11696781458));
#8433 = CARTESIAN_POINT('',(261.49749220731,-344.9120589921,
    109.24498589149));
#8434 = CARTESIAN_POINT('',(264.82846846707,-353.0882395269,
    103.62698018551));
#8435 = CARTESIAN_POINT('',(269.29986524939,-344.733522303,
    105.58416071164));
#8436 = CARTESIAN_POINT('',(273.76120192934,-350.3872759347,
    103.67133240342));
#8437 = CARTESIAN_POINT('',(277.11561224167,-354.8049326321,
    109.06876393385));
#8438 = CARTESIAN_POINT('',(282.18739413143,-355.1168834814,
    107.09982792343));
#8439 = CARTESIAN_POINT('',(286.38362479911,-356.1922478259,
    106.95138691901));
#8440 = CARTESIAN_POINT('',(290.6929217221,-356.9317466226,
    106.34633359638));
#8441 = CARTESIAN_POINT('',(294.99728518776,-356.6854954916,
    106.27928344484));
#8442 = CARTESIAN_POINT('',(299.24599549207,-356.4017006781,
    106.33409625229));
#8443 = CARTESIAN_POINT('',(303.52499017227,-356.3549991216,
    106.40566608461));
#8444 = CARTESIAN_POINT('',(307.79622056725,-356.2162672548,
    106.6376942126));
#8445 = CARTESIAN_POINT('',(312.08441986464,-356.525602173,
    106.75265543138));
#8446 = CARTESIAN_POINT('',(316.3318452167,-356.0445200099,
    107.04026333983));
#8447 = CARTESIAN_POINT('',(320.63289091038,-356.4427802836,
    107.02510019728));
#8448 = CARTESIAN_POINT('',(324.90801010291,-356.3955135146,
    107.12592777068));
#8449 = CARTESIAN_POINT('',(329.18807309953,-356.5171547984,
    107.13223569809));
#8450 = CARTESIAN_POINT('',(333.47733801931,-356.4648640967,
    107.22147541596));
#8451 = CARTESIAN_POINT('',(337.7470456075,-356.7533728842,
    107.10067321149));
#8452 = CARTESIAN_POINT('',(342.02123400371,-356.4963715226,
    107.23501599082));
#8453 = CARTESIAN_POINT('',(346.30443528757,-356.4951320314,
    107.29097753337));
#8454 = CARTESIAN_POINT('',(350.5884217255,-356.529920656,
    107.30530266567));
#8455 = CARTESIAN_POINT('',(354.84926238005,-355.8900761297,
    107.45446713029));
#8456 = CARTESIAN_POINT('',(359.17649042862,-356.520879404,
    107.37367044474));
#8457 = CARTESIAN_POINT('',(363.32021844008,-355.1070180478,
    107.63740307419));
#8458 = CARTESIAN_POINT('',(368.68503275418,-356.8779743986,
    107.38906539261));
#8459 = CARTESIAN_POINT('',(371.24903411287,-350.6517943705,
    108.46172574321));
#8460 = CARTESIAN_POINT('',(377.42638182418,-343.1510142466,
    109.79856419445));
#8461 = CARTESIAN_POINT('',(379.73562276372,-359.6187899261,
    107.47892529742));
#8462 = CARTESIAN_POINT('',(385.92015942773,-343.5582914229,
    109.90178077688));
#8463 = CARTESIAN_POINT('',(387.95796901408,-355.5041406349,
    108.52578530484));
#8464 = CARTESIAN_POINT('',(392.55136708921,-358.1367692426,
    108.36713502522));
#8465 = CARTESIAN_POINT('',(397.86107277384,-339.9476836823,
    111.00291453204));
#8466 = CARTESIAN_POINT('',(397.6403,-350.8703362359,109.49053809889));
#8467 = DEFINITIONAL_REPRESENTATION('',(#8468),#8472);
#8468 = LINE('',#8469,#8470);
#8469 = CARTESIAN_POINT('',(32.,0.));
#8470 = VECTOR('',#8471,1.);
#8471 = DIRECTION('',(0.,1.));
#8472 = ( GEOMETRIC_REPRESENTATION_CONTEXT(2) 
PARAMETRIC_REPRESENTATION_CONTEXT() REPRESENTATION_CONTEXT('2D SPACE',''
  ) );
#8473 = ORIENTED_EDGE('',*,*,#8474,.F.);
#8474 = EDGE_CURVE('',#8011,#8265,#8475,.T.);
#8475 = SURFACE_CURVE('',#8476,(#8479,#8486),.PCURVE_S1.);
#8476 = B_SPLINE_CURVE_WITH_KNOTS('',1,(#8477,#8478),.UNSPECIFIED.,.F.,
  .F.,(2,2),(31.,32.),.PIECEWISE_BEZIER_KNOTS.);
#8477 = CARTESIAN_POINT('',(397.6403,-351.2228368041,109.44947557956));
#8478 = CARTESIAN_POINT('',(397.6403,-351.04658652,109.47000683922));
#8479 = PCURVE('',#8086,#8480);
#8480 = DEFINITIONAL_REPRESENTATION('',(#8481),#8485);
#8481 = LINE('',#8482,#8483);
#8482 = CARTESIAN_POINT('',(0.,1.));
#8483 = VECTOR('',#8484,1.);
#8484 = DIRECTION('',(1.,0.));
#8485 = ( GEOMETRIC_REPRESENTATION_CONTEXT(2) 
PARAMETRIC_REPRESENTATION_CONTEXT() REPRESENTATION_CONTEXT('2D SPACE',''
  ) );
#8486 = PCURVE('',#401,#8487);
#8487 = DEFINITIONAL_REPRESENTATION('',(#8488),#8491);
#8488 = B_SPLINE_CURVE_WITH_KNOTS('',1,(#8489,#8490),.UNSPECIFIED.,.F.,
  .F.,(2,2),(31.,32.),.PIECEWISE_BEZIER_KNOTS.);
#8489 = CARTESIAN_POINT('',(1.59697880903,-5.899924445885E-06));
#8490 = CARTESIAN_POINT('',(1.419536719138,-5.244377291547E-06));
#8491 = ( GEOMETRIC_REPRESENTATION_CONTEXT(2) 
PARAMETRIC_REPRESENTATION_CONTEXT() REPRESENTATION_CONTEXT('2D SPACE',''
  ) );
#8492 = ORIENTED_EDGE('',*,*,#8010,.F.);
#8493 = ADVANCED_FACE('',(#8494),#8340,.T.);
#8494 = FACE_BOUND('',#8495,.T.);
#8495 = EDGE_LOOP('',(#8496,#8517,#8727,#8746));
#8496 = ORIENTED_EDGE('',*,*,#8497,.T.);
#8497 = EDGE_CURVE('',#8244,#8498,#8500,.T.);
#8498 = VERTEX_POINT('',#8499);
#8499 = CARTESIAN_POINT('',(140.9618,-350.1629785612,109.61625487154));
#8500 = SURFACE_CURVE('',#8501,(#8504,#8511),.PCURVE_S1.);
#8501 = B_SPLINE_CURVE_WITH_KNOTS('',1,(#8502,#8503),.UNSPECIFIED.,.F.,
  .F.,(2,2),(32.,33.),.PIECEWISE_BEZIER_KNOTS.);
#8502 = CARTESIAN_POINT('',(140.9618,-350.3832356046,109.64288884971));
#8503 = CARTESIAN_POINT('',(140.9618,-350.1629785612,109.61625487154));
#8504 = PCURVE('',#8340,#8505);
#8505 = DEFINITIONAL_REPRESENTATION('',(#8506),#8510);
#8506 = LINE('',#8507,#8508);
#8507 = CARTESIAN_POINT('',(0.,0.));
#8508 = VECTOR('',#8509,1.);
#8509 = DIRECTION('',(1.,0.));
#8510 = ( GEOMETRIC_REPRESENTATION_CONTEXT(2) 
PARAMETRIC_REPRESENTATION_CONTEXT() REPRESENTATION_CONTEXT('2D SPACE',''
  ) );
#8511 = PCURVE('',#165,#8512);
#8512 = DEFINITIONAL_REPRESENTATION('',(#8513),#8516);
#8513 = B_SPLINE_CURVE_WITH_KNOTS('',1,(#8514,#8515),.UNSPECIFIED.,.F.,
  .F.,(2,2),(32.,33.),.PIECEWISE_BEZIER_KNOTS.);
#8514 = CARTESIAN_POINT('',(1.331134712063,1.256888292374E-02));
#8515 = CARTESIAN_POINT('',(1.109275381544,1.158326672152E-02));
#8516 = ( GEOMETRIC_REPRESENTATION_CONTEXT(2) 
PARAMETRIC_REPRESENTATION_CONTEXT() REPRESENTATION_CONTEXT('2D SPACE',''
  ) );
#8517 = ORIENTED_EDGE('',*,*,#8518,.T.);
#8518 = EDGE_CURVE('',#8498,#8519,#8521,.T.);
#8519 = VERTEX_POINT('',#8520);
#8520 = CARTESIAN_POINT('',(397.6403,-350.8703362359,109.49053809889));
#8521 = SURFACE_CURVE('',#8522,(#8586,#8593),.PCURVE_S1.);
#8522 = ( BOUNDED_CURVE() B_SPLINE_CURVE(3,(#8523,#8524,#8525,#8526,
    #8527,#8528,#8529,#8530,#8531,#8532,#8533,#8534,#8535,#8536,#8537,
    #8538,#8539,#8540,#8541,#8542,#8543,#8544,#8545,#8546,#8547,#8548,
    #8549,#8550,#8551,#8552,#8553,#8554,#8555,#8556,#8557,#8558,#8559,
    #8560,#8561,#8562,#8563,#8564,#8565,#8566,#8567,#8568,#8569,#8570,
    #8571,#8572,#8573,#8574,#8575,#8576,#8577,#8578,#8579,#8580,#8581,
    #8582,#8583,#8584,#8585),.UNSPECIFIED.,.F.,.F.) 
B_SPLINE_CURVE_WITH_KNOTS((4,1,1,1,1,1,1,1,1,1,1,1,1,1,1,1,1,1,1,1,1,1,1
    ,1,1,1,1,1,1,1,1,1,1,1,1,1,1,1,1,1,1,1,1,1,1,1,1,1,1,1,1,1,1,1,1,1,1
    ,1,1,1,4),(0.,1.732138582393E-02,3.476147556169E-02,
    5.682134329819E-02,7.1962296323E-02,9.668171057498E-02,
    0.117312720082,0.137726814038,0.152748180615,0.167749813045,
    0.182740680817,0.197724569486,0.212727858992,0.227712266626,
    0.242722186927,0.257740578549,0.272730613132,0.287749851447,
    0.302807253127,0.317909897629,0.333164876512,0.348417208457,
    0.363717555355,0.379021830365,0.39430254102,0.409403510223,
    0.424503833082,0.439703221214,0.455034147268,0.475266642259,
    0.494822408855,0.514358099005,0.53448350075,0.549791243926,
    0.564993335593,0.580114457875,0.595233122966,0.610524778841,
    0.625831283594,0.641129798524,0.656395058325,0.671658347301,
    0.686764177688,0.701824559728,0.716841998439,0.731832580826,
    0.74685884212,0.761877146393,0.776861271766,0.791847146503,
    0.806852809101,0.821843806167,0.836903306197,0.851969913481,
    0.873073700462,0.890743423327,0.916073608219,0.937085032849,
0.966089436802,0.983488965917,1.),.UNSPECIFIED.) CURVE() 
GEOMETRIC_REPRESENTATION_ITEM() RATIONAL_B_SPLINE_CURVE((1.,
    0.99999999999,1.000000000005,0.999999999998,1.,1.,1.,1.,1.,1.,1.,1.,
    1.,1.,1.,1.,1.,1.,1.,1.,1.,1.,1.,1.,1.,1.,1.,1.,1.,1.,1.,1.,1.,1.,1.
    ,1.,1.,1.,1.,1.,1.,1.,1.,1.,1.,1.,1.,1.,1.,1.,1.,1.,1.,1.,1.,1.,1.,
    1.,1.,0.999999999999,1.000000000002,0.999999999996,1.)) 
REPRESENTATION_ITEM('') );
#8523 = CARTESIAN_POINT('',(140.9618,-350.1629785612,109.61625487154));
#8524 = CARTESIAN_POINT('',(139.3469737637,-357.4047860151,
    110.49489792719));
#8525 = CARTESIAN_POINT('',(146.55711552643,-343.6268849495,
    108.59165077145));
#8526 = CARTESIAN_POINT('',(149.83248812156,-345.0700239132,
    108.4820382782));
#8527 = CARTESIAN_POINT('',(152.63844988999,-348.2596044712,
    108.70709898351));
#8528 = CARTESIAN_POINT('',(159.61432189493,-344.4295717908,
    108.17177261398));
#8529 = CARTESIAN_POINT('',(161.57498576671,-356.9333850789,
    109.79521066762));
#8530 = CARTESIAN_POINT('',(166.85069272796,-348.0301931282,
    108.34449385044));
#8531 = CARTESIAN_POINT('',(170.05924171584,-345.0975528628,
    107.73629191353));
#8532 = CARTESIAN_POINT('',(175.2605606702,-345.1503309051,
    107.72261149458));
#8533 = CARTESIAN_POINT('',(179.44145366882,-344.9688747067,
    107.68343545924));
#8534 = CARTESIAN_POINT('',(183.74546905009,-344.8844525131,
    107.62752152498));
#8535 = CARTESIAN_POINT('',(188.02212458981,-344.6925331305,
    107.60747870507));
#8536 = CARTESIAN_POINT('',(192.29363155905,-344.7380333474,
    107.41573712261));
#8537 = CARTESIAN_POINT('',(196.58004983101,-344.7958630472,
    107.55342233085));
#8538 = CARTESIAN_POINT('',(200.85501156117,-344.5238987162,
    107.43986262659));
#8539 = CARTESIAN_POINT('',(205.12596544359,-344.743274741,
    107.54845583262));
#8540 = CARTESIAN_POINT('',(209.41439322258,-344.7321438704,
    107.52267852067));
#8541 = CARTESIAN_POINT('',(213.69322367635,-344.6335804436,
    107.434064172));
#8542 = CARTESIAN_POINT('',(217.96934112329,-344.6847365483,
    107.40579873838));
#8543 = CARTESIAN_POINT('',(222.26952895422,-344.7730172211,
    107.32409779972));
#8544 = CARTESIAN_POINT('',(226.5166643478,-344.4944181447,
    107.12342046021));
#8545 = CARTESIAN_POINT('',(230.80856684708,-344.3789444839,
    106.91600562037));
#8546 = CARTESIAN_POINT('',(235.07622110161,-344.3932631588,
    106.77013112625));
#8547 = CARTESIAN_POINT('',(239.35488141397,-344.2889980763,
    106.72283435138));
#8548 = CARTESIAN_POINT('',(243.60389158591,-343.9894839467,
    106.66208146614));
#8549 = CARTESIAN_POINT('',(247.90844854027,-344.0033130431,
    106.90668256393));
#8550 = CARTESIAN_POINT('',(252.2213347776,-344.3249008255,
    107.26317202898));
#8551 = CARTESIAN_POINT('',(256.41797633353,-344.8258296856,
    107.11696781458));
#8552 = CARTESIAN_POINT('',(261.49749220731,-344.9120589921,
    109.24498589149));
#8553 = CARTESIAN_POINT('',(264.82846846707,-353.0882395269,
    103.62698018551));
#8554 = CARTESIAN_POINT('',(269.29986524939,-344.733522303,
    105.58416071164));
#8555 = CARTESIAN_POINT('',(273.76120192934,-350.3872759347,
    103.67133240342));
#8556 = CARTESIAN_POINT('',(277.11561224167,-354.8049326321,
    109.06876393385));
#8557 = CARTESIAN_POINT('',(282.18739413143,-355.1168834814,
    107.09982792343));
#8558 = CARTESIAN_POINT('',(286.38362479911,-356.1922478259,
    106.95138691901));
#8559 = CARTESIAN_POINT('',(290.6929217221,-356.9317466226,
    106.34633359638));
#8560 = CARTESIAN_POINT('',(294.99728518776,-356.6854954916,
    106.27928344484));
#8561 = CARTESIAN_POINT('',(299.24599549207,-356.4017006781,
    106.33409625229));
#8562 = CARTESIAN_POINT('',(303.52499017227,-356.3549991216,
    106.40566608461));
#8563 = CARTESIAN_POINT('',(307.79622056725,-356.2162672548,
    106.6376942126));
#8564 = CARTESIAN_POINT('',(312.08441986464,-356.525602173,
    106.75265543138));
#8565 = CARTESIAN_POINT('',(316.3318452167,-356.0445200099,
    107.04026333983));
#8566 = CARTESIAN_POINT('',(320.63289091038,-356.4427802836,
    107.02510019728));
#8567 = CARTESIAN_POINT('',(324.90801010291,-356.3955135146,
    107.12592777068));
#8568 = CARTESIAN_POINT('',(329.18807309953,-356.5171547984,
    107.13223569809));
#8569 = CARTESIAN_POINT('',(333.47733801931,-356.4648640967,
    107.22147541596));
#8570 = CARTESIAN_POINT('',(337.7470456075,-356.7533728842,
    107.10067321149));
#8571 = CARTESIAN_POINT('',(342.02123400371,-356.4963715226,
    107.23501599082));
#8572 = CARTESIAN_POINT('',(346.30443528757,-356.4951320314,
    107.29097753337));
#8573 = CARTESIAN_POINT('',(350.5884217255,-356.529920656,
    107.30530266567));
#8574 = CARTESIAN_POINT('',(354.84926238005,-355.8900761297,
    107.45446713029));
#8575 = CARTESIAN_POINT('',(359.17649042862,-356.520879404,
    107.37367044474));
#8576 = CARTESIAN_POINT('',(363.32021844008,-355.1070180478,
    107.63740307419));
#8577 = CARTESIAN_POINT('',(368.68503275418,-356.8779743986,
    107.38906539261));
#8578 = CARTESIAN_POINT('',(371.24903411287,-350.6517943705,
    108.46172574321));
#8579 = CARTESIAN_POINT('',(377.42638182418,-343.1510142466,
    109.79856419445));
#8580 = CARTESIAN_POINT('',(379.73562276372,-359.6187899261,
    107.47892529742));
#8581 = CARTESIAN_POINT('',(385.92015942773,-343.5582914229,
    109.90178077688));
#8582 = CARTESIAN_POINT('',(387.95796901408,-355.5041406349,
    108.52578530484));
#8583 = CARTESIAN_POINT('',(392.55136708921,-358.1367692426,
    108.36713502522));
#8584 = CARTESIAN_POINT('',(397.86107277384,-339.9476836823,
    111.00291453204));
#8585 = CARTESIAN_POINT('',(397.6403,-350.8703362359,109.49053809889));
#8586 = PCURVE('',#8340,#8587);
#8587 = DEFINITIONAL_REPRESENTATION('',(#8588),#8592);
#8588 = LINE('',#8589,#8590);
#8589 = CARTESIAN_POINT('',(33.,0.));
#8590 = VECTOR('',#8591,1.);
#8591 = DIRECTION('',(0.,1.));
#8592 = ( GEOMETRIC_REPRESENTATION_CONTEXT(2) 
PARAMETRIC_REPRESENTATION_CONTEXT() REPRESENTATION_CONTEXT('2D SPACE',''
  ) );
#8593 = PCURVE('',#8594,#8721);
#8594 = ( BOUNDED_SURFACE() B_SPLINE_SURFACE(1,3,(
    (#8595,#8596,#8597,#8598,#8599,#8600,#8601,#8602,#8603,#8604,#8605
      ,#8606,#8607,#8608,#8609,#8610,#8611,#8612,#8613,#8614,#8615,#8616
      ,#8617,#8618,#8619,#8620,#8621,#8622,#8623,#8624,#8625,#8626,#8627
      ,#8628,#8629,#8630,#8631,#8632,#8633,#8634,#8635,#8636,#8637,#8638
      ,#8639,#8640,#8641,#8642,#8643,#8644,#8645,#8646,#8647,#8648,#8649
      ,#8650,#8651,#8652,#8653,#8654,#8655,#8656,#8657)
    ,(#8658,#8659,#8660,#8661,#8662,#8663,#8664,#8665,#8666,#8667,#8668
      ,#8669,#8670,#8671,#8672,#8673,#8674,#8675,#8676,#8677,#8678,#8679
      ,#8680,#8681,#8682,#8683,#8684,#8685,#8686,#8687,#8688,#8689,#8690
      ,#8691,#8692,#8693,#8694,#8695,#8696,#8697,#8698,#8699,#8700,#8701
      ,#8702,#8703,#8704,#8705,#8706,#8707,#8708,#8709,#8710,#8711,#8712
      ,#8713,#8714,#8715,#8716,#8717,#8718,#8719,#8720
)),.UNSPECIFIED.,.F.,.F.,.F.) B_SPLINE_SURFACE_WITH_KNOTS((2,2),(4,1,1,1
    ,1,1,1,1,1,1,1,1,1,1,1,1,1,1,1,1,1,1,1,1,1,1,1,1,1,1,1,1,1,1,1,1,1,1
    ,1,1,1,1,1,1,1,1,1,1,1,1,1,1,1,1,1,1,1,1,1,1,4),(33.,34.),(0.,
    1.732138582393E-02,3.476147556169E-02,5.682134329819E-02,
    7.1962296323E-02,9.668171057498E-02,0.117312720082,0.137726814038,
    0.152748180615,0.167749813045,0.182740680817,0.197724569486,
    0.212727858992,0.227712266626,0.242722186927,0.257740578549,
    0.272730613132,0.287749851447,0.302807253127,0.317909897629,
    0.333164876512,0.348417208457,0.363717555355,0.379021830365,
    0.39430254102,0.409403510223,0.424503833082,0.439703221214,
    0.455034147268,0.475266642259,0.494822408855,0.514358099005,
    0.53448350075,0.549791243926,0.564993335593,0.580114457875,
    0.595233122966,0.610524778841,0.625831283594,0.641129798524,
    0.656395058325,0.671658347301,0.686764177688,0.701824559728,
    0.716841998439,0.731832580826,0.74685884212,0.761877146393,
    0.776861271766,0.791847146503,0.806852809101,0.821843806167,
    0.836903306197,0.851969913481,0.873073700462,0.890743423327,
    0.916073608219,0.937085032849,0.966089436802,0.983488965917,1.),
.UNSPECIFIED.) GEOMETRIC_REPRESENTATION_ITEM() RATIONAL_B_SPLINE_SURFACE
((
    (1.,0.99999999999,1.000000000005,0.999999999998,1.,1.,1.,1.,1.,1.,1.
      ,1.,1.,1.,1.,1.,1.,1.,1.,1.,1.,1.,1.,1.,1.,1.,1.,1.,1.,1.,1.,1.,1.
      ,1.,1.,1.,1.,1.,1.,1.,1.,1.,1.,1.,1.,1.,1.,1.,1.,1.,1.,1.,1.,1.,1.
      ,1.,1.,1.,1.,0.999999999999,1.000000000002,0.999999999996,1.)
    ,(1.,0.99999999999,1.000000000005,0.999999999998,1.,1.,1.,1.,1.,1.
      ,1.,1.,1.,1.,1.,1.,1.,1.,1.,1.,1.,1.,1.,1.,1.,1.,1.,1.,1.,1.,1.,1.
      ,1.,1.,1.,1.,1.,1.,1.,1.,1.,1.,1.,1.,1.,1.,1.,1.,1.,1.,1.,1.,1.,1.
      ,1.,1.,1.,1.,1.,0.999999999999,1.000000000002,0.999999999996,1.
))) REPRESENTATION_ITEM('') SURFACE() );
#8595 = CARTESIAN_POINT('',(140.9618,-350.1629785612,109.61625487154));
#8596 = CARTESIAN_POINT('',(139.3469737637,-357.4047860151,
    110.49489792719));
#8597 = CARTESIAN_POINT('',(146.55711552643,-343.6268849495,
    108.59165077145));
#8598 = CARTESIAN_POINT('',(149.83248812156,-345.0700239132,
    108.4820382782));
#8599 = CARTESIAN_POINT('',(152.63844988999,-348.2596044712,
    108.70709898351));
#8600 = CARTESIAN_POINT('',(159.61432189493,-344.4295717908,
    108.17177261398));
#8601 = CARTESIAN_POINT('',(161.57498576671,-356.9333850789,
    109.79521066762));
#8602 = CARTESIAN_POINT('',(166.85069272796,-348.0301931282,
    108.34449385044));
#8603 = CARTESIAN_POINT('',(170.05924171584,-345.0975528628,
    107.73629191353));
#8604 = CARTESIAN_POINT('',(175.2605606702,-345.1503309051,
    107.72261149458));
#8605 = CARTESIAN_POINT('',(179.44145366882,-344.9688747067,
    107.68343545924));
#8606 = CARTESIAN_POINT('',(183.74546905009,-344.8844525131,
    107.62752152498));
#8607 = CARTESIAN_POINT('',(188.02212458981,-344.6925331305,
    107.60747870507));
#8608 = CARTESIAN_POINT('',(192.29363155905,-344.7380333474,
    107.41573712261));
#8609 = CARTESIAN_POINT('',(196.58004983101,-344.7958630472,
    107.55342233085));
#8610 = CARTESIAN_POINT('',(200.85501156117,-344.5238987162,
    107.43986262659));
#8611 = CARTESIAN_POINT('',(205.12596544359,-344.743274741,
    107.54845583262));
#8612 = CARTESIAN_POINT('',(209.41439322258,-344.7321438704,
    107.52267852067));
#8613 = CARTESIAN_POINT('',(213.69322367635,-344.6335804436,
    107.434064172));
#8614 = CARTESIAN_POINT('',(217.96934112329,-344.6847365483,
    107.40579873838));
#8615 = CARTESIAN_POINT('',(222.26952895422,-344.7730172211,
    107.32409779972));
#8616 = CARTESIAN_POINT('',(226.5166643478,-344.4944181447,
    107.12342046021));
#8617 = CARTESIAN_POINT('',(230.80856684708,-344.3789444839,
    106.91600562037));
#8618 = CARTESIAN_POINT('',(235.07622110161,-344.3932631588,
    106.77013112625));
#8619 = CARTESIAN_POINT('',(239.35488141397,-344.2889980763,
    106.72283435138));
#8620 = CARTESIAN_POINT('',(243.60389158591,-343.9894839467,
    106.66208146614));
#8621 = CARTESIAN_POINT('',(247.90844854027,-344.0033130431,
    106.90668256393));
#8622 = CARTESIAN_POINT('',(252.2213347776,-344.3249008255,
    107.26317202898));
#8623 = CARTESIAN_POINT('',(256.41797633353,-344.8258296856,
    107.11696781458));
#8624 = CARTESIAN_POINT('',(261.49749220731,-344.9120589921,
    109.24498589149));
#8625 = CARTESIAN_POINT('',(264.82846846707,-353.0882395269,
    103.62698018551));
#8626 = CARTESIAN_POINT('',(269.29986524939,-344.733522303,
    105.58416071164));
#8627 = CARTESIAN_POINT('',(273.76120192934,-350.3872759347,
    103.67133240342));
#8628 = CARTESIAN_POINT('',(277.11561224167,-354.8049326321,
    109.06876393385));
#8629 = CARTESIAN_POINT('',(282.18739413143,-355.1168834814,
    107.09982792343));
#8630 = CARTESIAN_POINT('',(286.38362479911,-356.1922478259,
    106.95138691901));
#8631 = CARTESIAN_POINT('',(290.6929217221,-356.9317466226,
    106.34633359638));
#8632 = CARTESIAN_POINT('',(294.99728518776,-356.6854954916,
    106.27928344484));
#8633 = CARTESIAN_POINT('',(299.24599549207,-356.4017006781,
    106.33409625229));
#8634 = CARTESIAN_POINT('',(303.52499017227,-356.3549991216,
    106.40566608461));
#8635 = CARTESIAN_POINT('',(307.79622056725,-356.2162672548,
    106.6376942126));
#8636 = CARTESIAN_POINT('',(312.08441986464,-356.525602173,
    106.75265543138));
#8637 = CARTESIAN_POINT('',(316.3318452167,-356.0445200099,
    107.04026333983));
#8638 = CARTESIAN_POINT('',(320.63289091038,-356.4427802836,
    107.02510019728));
#8639 = CARTESIAN_POINT('',(324.90801010291,-356.3955135146,
    107.12592777068));
#8640 = CARTESIAN_POINT('',(329.18807309953,-356.5171547984,
    107.13223569809));
#8641 = CARTESIAN_POINT('',(333.47733801931,-356.4648640967,
    107.22147541596));
#8642 = CARTESIAN_POINT('',(337.7470456075,-356.7533728842,
    107.10067321149));
#8643 = CARTESIAN_POINT('',(342.02123400371,-356.4963715226,
    107.23501599082));
#8644 = CARTESIAN_POINT('',(346.30443528757,-356.4951320314,
    107.29097753337));
#8645 = CARTESIAN_POINT('',(350.5884217255,-356.529920656,
    107.30530266567));
#8646 = CARTESIAN_POINT('',(354.84926238005,-355.8900761297,
    107.45446713029));
#8647 = CARTESIAN_POINT('',(359.17649042862,-356.520879404,
    107.37367044474));
#8648 = CARTESIAN_POINT('',(363.32021844008,-355.1070180478,
    107.63740307419));
#8649 = CARTESIAN_POINT('',(368.68503275418,-356.8779743986,
    107.38906539261));
#8650 = CARTESIAN_POINT('',(371.24903411287,-350.6517943705,
    108.46172574321));
#8651 = CARTESIAN_POINT('',(377.42638182418,-343.1510142466,
    109.79856419445));
#8652 = CARTESIAN_POINT('',(379.73562276372,-359.6187899261,
    107.47892529742));
#8653 = CARTESIAN_POINT('',(385.92015942773,-343.5582914229,
    109.90178077688));
#8654 = CARTESIAN_POINT('',(387.95796901408,-355.5041406349,
    108.52578530484));
#8655 = CARTESIAN_POINT('',(392.55136708921,-358.1367692426,
    108.36713502522));
#8656 = CARTESIAN_POINT('',(397.86107277384,-339.9476836823,
    111.00291453204));
#8657 = CARTESIAN_POINT('',(397.6403,-350.8703362359,109.49053809889));
#8658 = CARTESIAN_POINT('',(140.9618,-349.9426154871,109.59048153215));
#8659 = CARTESIAN_POINT('',(139.3469737637,-356.6168687793,
    110.49632909218));
#8660 = CARTESIAN_POINT('',(146.55711552643,-343.1816821658,
    108.49891928685));
#8661 = CARTESIAN_POINT('',(149.83248812156,-344.7668928964,
    108.46203830624));
#8662 = CARTESIAN_POINT('',(152.63844988999,-347.3309744941,
    108.61413366357));
#8663 = CARTESIAN_POINT('',(159.61432189493,-343.3289861799,
    107.92662728423));
#8664 = CARTESIAN_POINT('',(161.57498576671,-356.5855397935,
    109.73002908494));
#8665 = CARTESIAN_POINT('',(166.85069272796,-347.5965089333,
    108.34396735984));
#8666 = CARTESIAN_POINT('',(170.05924171584,-343.7328432996,
    107.49781104273));
#8667 = CARTESIAN_POINT('',(175.2605606702,-343.9194992819,
    107.50674622376));
#8668 = CARTESIAN_POINT('',(179.44145366882,-343.6562762148,
    107.4434875224));
#8669 = CARTESIAN_POINT('',(183.74546905009,-343.552165737,
    107.37219925471));
#8670 = CARTESIAN_POINT('',(188.02212458981,-343.3531136771,
    107.38094029474));
#8671 = CARTESIAN_POINT('',(192.29363155905,-343.3779932048,
    107.07652151891));
#8672 = CARTESIAN_POINT('',(196.58004983101,-343.3914365142,
    107.31230355122));
#8673 = CARTESIAN_POINT('',(200.85501156117,-343.2008359573,
    107.11693185403));
#8674 = CARTESIAN_POINT('',(205.12596544359,-343.3479409462,
    107.22867900368));
#8675 = CARTESIAN_POINT('',(209.41439322258,-343.3795825468,
    107.15572985603));
#8676 = CARTESIAN_POINT('',(213.69322367635,-343.2989817341,
    107.0977702814));
#8677 = CARTESIAN_POINT('',(217.96934112329,-343.4144475604,
    107.04067108162));
#8678 = CARTESIAN_POINT('',(222.26952895422,-343.5604731938,
    106.98391247976));
#8679 = CARTESIAN_POINT('',(226.5166643478,-343.3590926543,
    106.77910271605));
#8680 = CARTESIAN_POINT('',(230.80856684708,-343.3284066615,
    106.54984926039));
#8681 = CARTESIAN_POINT('',(235.07622110161,-343.4270705577,
    106.39454922105));
#8682 = CARTESIAN_POINT('',(239.35488141397,-343.407908723,
    106.3375079235));
#8683 = CARTESIAN_POINT('',(243.60389158591,-343.1882487405,
    106.30823442397));
#8684 = CARTESIAN_POINT('',(247.90844854027,-343.2909488252,
    106.54464977681));
#8685 = CARTESIAN_POINT('',(252.2213347776,-343.6723155003,
    106.97773105883));
#8686 = CARTESIAN_POINT('',(256.41797633353,-344.2290164748,
    106.87327099875));
#8687 = CARTESIAN_POINT('',(261.49749220731,-344.4147121203,
    109.08844999781));
#8688 = CARTESIAN_POINT('',(264.82846846707,-352.2135829794,
    103.66885844482));
#8689 = CARTESIAN_POINT('',(269.29986524939,-344.1578116809,
    105.58406611651));
#8690 = CARTESIAN_POINT('',(273.76120192934,-349.5163976676,
    103.62999929881));
#8691 = CARTESIAN_POINT('',(277.11561224167,-354.3057536932,
    109.22291865789));
#8692 = CARTESIAN_POINT('',(282.18739413143,-354.5303465225,
    107.37533275377));
#8693 = CARTESIAN_POINT('',(286.38362479911,-355.5355179069,
    107.22381607997));
#8694 = CARTESIAN_POINT('',(290.6929217221,-356.2130999353,
    106.69615380088));
#8695 = CARTESIAN_POINT('',(294.99728518776,-355.885169914,
    106.63289629155));
#8696 = CARTESIAN_POINT('',(299.24599549207,-355.520669422,
    106.71839382899));
#8697 = CARTESIAN_POINT('',(303.52499017227,-355.3897544284,
    106.78103813084));
#8698 = CARTESIAN_POINT('',(307.79622056725,-355.1671668014,
    107.0036839363));
#8699 = CARTESIAN_POINT('',(312.08441986464,-355.3901545068,
    107.09548197586));
#8700 = CARTESIAN_POINT('',(316.3318452167,-354.8336854915,
    107.38575559874));
#8701 = CARTESIAN_POINT('',(320.63289091038,-355.1680613486,
    107.39066170555));
#8702 = CARTESIAN_POINT('',(324.90801010291,-355.0589166301,
    107.46307633057));
#8703 = CARTESIAN_POINT('',(329.18807309953,-355.1575818182,
    107.50040790789));
#8704 = CARTESIAN_POINT('',(333.47733801931,-355.0683480934,
    107.54362957078));
#8705 = CARTESIAN_POINT('',(337.7470456075,-355.4167711063,
    107.41885570922));
#8706 = CARTESIAN_POINT('',(342.02123400371,-355.0924233613,
    107.49387692186));
#8707 = CARTESIAN_POINT('',(346.30443528757,-355.1267522898,
    107.56797255423));
#8708 = CARTESIAN_POINT('',(350.5884217255,-355.1638599803,
    107.5537748339));
#8709 = CARTESIAN_POINT('',(354.84926238005,-354.587549849,
    107.70002447403));
#8710 = CARTESIAN_POINT('',(359.17649042862,-355.1987240924,
    107.61528723554));
#8711 = CARTESIAN_POINT('',(363.32021844008,-353.8792694871,
    107.85730129247));
#8712 = CARTESIAN_POINT('',(368.68503275418,-355.6293749483,
    107.58569114065));
#8713 = CARTESIAN_POINT('',(371.24903411287,-349.7633401107,
    108.63048625438));
#8714 = CARTESIAN_POINT('',(377.42638182418,-342.8611863189,
    109.83033213104));
#8715 = CARTESIAN_POINT('',(379.73562276372,-358.3046737858,
    107.74569701276));
#8716 = CARTESIAN_POINT('',(385.92015942773,-343.1978049962,
    109.94303847643));
#8717 = CARTESIAN_POINT('',(387.95796901408,-355.2139397822,
    108.5663765772));
#8718 = CARTESIAN_POINT('',(392.55136708921,-357.4041176519,
    108.47932915869));
#8719 = CARTESIAN_POINT('',(397.86107277384,-339.8483891016,
    110.96061752816));
#8720 = CARTESIAN_POINT('',(397.6403,-350.6940859518,109.51106935856));
#8721 = DEFINITIONAL_REPRESENTATION('',(#8722),#8726);
#8722 = LINE('',#8723,#8724);
#8723 = CARTESIAN_POINT('',(33.,0.));
#8724 = VECTOR('',#8725,1.);
#8725 = DIRECTION('',(0.,1.));
#8726 = ( GEOMETRIC_REPRESENTATION_CONTEXT(2) 
PARAMETRIC_REPRESENTATION_CONTEXT() REPRESENTATION_CONTEXT('2D SPACE',''
  ) );
#8727 = ORIENTED_EDGE('',*,*,#8728,.F.);
#8728 = EDGE_CURVE('',#8265,#8519,#8729,.T.);
#8729 = SURFACE_CURVE('',#8730,(#8733,#8740),.PCURVE_S1.);
#8730 = B_SPLINE_CURVE_WITH_KNOTS('',1,(#8731,#8732),.UNSPECIFIED.,.F.,
  .F.,(2,2),(32.,33.),.PIECEWISE_BEZIER_KNOTS.);
#8731 = CARTESIAN_POINT('',(397.6403,-351.04658652,109.47000683922));
#8732 = CARTESIAN_POINT('',(397.6403,-350.8703362359,109.49053809889));
#8733 = PCURVE('',#8340,#8734);
#8734 = DEFINITIONAL_REPRESENTATION('',(#8735),#8739);
#8735 = LINE('',#8736,#8737);
#8736 = CARTESIAN_POINT('',(0.,1.));
#8737 = VECTOR('',#8738,1.);
#8738 = DIRECTION('',(1.,0.));
#8739 = ( GEOMETRIC_REPRESENTATION_CONTEXT(2) 
PARAMETRIC_REPRESENTATION_CONTEXT() REPRESENTATION_CONTEXT('2D SPACE',''
  ) );
#8740 = PCURVE('',#401,#8741);
#8741 = DEFINITIONAL_REPRESENTATION('',(#8742),#8745);
#8742 = B_SPLINE_CURVE_WITH_KNOTS('',1,(#8743,#8744),.UNSPECIFIED.,.F.,
  .F.,(2,2),(32.,33.),.PIECEWISE_BEZIER_KNOTS.);
#8743 = CARTESIAN_POINT('',(1.419536719138,-5.244377291547E-06));
#8744 = CARTESIAN_POINT('',(1.242094629246,-4.588830137209E-06));
#8745 = ( GEOMETRIC_REPRESENTATION_CONTEXT(2) 
PARAMETRIC_REPRESENTATION_CONTEXT() REPRESENTATION_CONTEXT('2D SPACE',''
  ) );
#8746 = ORIENTED_EDGE('',*,*,#8264,.F.);
#8747 = ADVANCED_FACE('',(#8748),#8594,.T.);
#8748 = FACE_BOUND('',#8749,.T.);
#8749 = EDGE_LOOP('',(#8750,#8771,#8981,#9000));
#8750 = ORIENTED_EDGE('',*,*,#8751,.T.);
#8751 = EDGE_CURVE('',#8498,#8752,#8754,.T.);
#8752 = VERTEX_POINT('',#8753);
#8753 = CARTESIAN_POINT('',(140.9618,-349.9426154871,109.59048153215));
#8754 = SURFACE_CURVE('',#8755,(#8758,#8765),.PCURVE_S1.);
#8755 = B_SPLINE_CURVE_WITH_KNOTS('',1,(#8756,#8757),.UNSPECIFIED.,.F.,
  .F.,(2,2),(33.,34.),.PIECEWISE_BEZIER_KNOTS.);
#8756 = CARTESIAN_POINT('',(140.9618,-350.1629785612,109.61625487154));
#8757 = CARTESIAN_POINT('',(140.9618,-349.9426154871,109.59048153215));
#8758 = PCURVE('',#8594,#8759);
#8759 = DEFINITIONAL_REPRESENTATION('',(#8760),#8764);
#8760 = LINE('',#8761,#8762);
#8761 = CARTESIAN_POINT('',(0.,0.));
#8762 = VECTOR('',#8763,1.);
#8763 = DIRECTION('',(1.,0.));
#8764 = ( GEOMETRIC_REPRESENTATION_CONTEXT(2) 
PARAMETRIC_REPRESENTATION_CONTEXT() REPRESENTATION_CONTEXT('2D SPACE',''
  ) );
#8765 = PCURVE('',#165,#8766);
#8766 = DEFINITIONAL_REPRESENTATION('',(#8767),#8770);
#8767 = B_SPLINE_CURVE_WITH_KNOTS('',1,(#8768,#8769),.UNSPECIFIED.,.F.,
  .F.,(2,2),(33.,34.),.PIECEWISE_BEZIER_KNOTS.);
#8768 = CARTESIAN_POINT('',(1.109275381544,1.158326672152E-02));
#8769 = CARTESIAN_POINT('',(0.887417957292,9.730506946752E-03));
#8770 = ( GEOMETRIC_REPRESENTATION_CONTEXT(2) 
PARAMETRIC_REPRESENTATION_CONTEXT() REPRESENTATION_CONTEXT('2D SPACE',''
  ) );
#8771 = ORIENTED_EDGE('',*,*,#8772,.T.);
#8772 = EDGE_CURVE('',#8752,#8773,#8775,.T.);
#8773 = VERTEX_POINT('',#8774);
#8774 = CARTESIAN_POINT('',(397.6403,-350.6940859518,109.51106935856));
#8775 = SURFACE_CURVE('',#8776,(#8840,#8847),.PCURVE_S1.);
#8776 = ( BOUNDED_CURVE() B_SPLINE_CURVE(3,(#8777,#8778,#8779,#8780,
    #8781,#8782,#8783,#8784,#8785,#8786,#8787,#8788,#8789,#8790,#8791,
    #8792,#8793,#8794,#8795,#8796,#8797,#8798,#8799,#8800,#8801,#8802,
    #8803,#8804,#8805,#8806,#8807,#8808,#8809,#8810,#8811,#8812,#8813,
    #8814,#8815,#8816,#8817,#8818,#8819,#8820,#8821,#8822,#8823,#8824,
    #8825,#8826,#8827,#8828,#8829,#8830,#8831,#8832,#8833,#8834,#8835,
    #8836,#8837,#8838,#8839),.UNSPECIFIED.,.F.,.F.) 
B_SPLINE_CURVE_WITH_KNOTS((4,1,1,1,1,1,1,1,1,1,1,1,1,1,1,1,1,1,1,1,1,1,1
    ,1,1,1,1,1,1,1,1,1,1,1,1,1,1,1,1,1,1,1,1,1,1,1,1,1,1,1,1,1,1,1,1,1,1
    ,1,1,1,4),(0.,1.732138582393E-02,3.476147556169E-02,
    5.682134329819E-02,7.1962296323E-02,9.668171057498E-02,
    0.117312720082,0.137726814038,0.152748180615,0.167749813045,
    0.182740680817,0.197724569486,0.212727858992,0.227712266626,
    0.242722186927,0.257740578549,0.272730613132,0.287749851447,
    0.302807253127,0.317909897629,0.333164876512,0.348417208457,
    0.363717555355,0.379021830365,0.39430254102,0.409403510223,
    0.424503833082,0.439703221214,0.455034147268,0.475266642259,
    0.494822408855,0.514358099005,0.53448350075,0.549791243926,
    0.564993335593,0.580114457875,0.595233122966,0.610524778841,
    0.625831283594,0.641129798524,0.656395058325,0.671658347301,
    0.686764177688,0.701824559728,0.716841998439,0.731832580826,
    0.74685884212,0.761877146393,0.776861271766,0.791847146503,
    0.806852809101,0.821843806167,0.836903306197,0.851969913481,
    0.873073700462,0.890743423327,0.916073608219,0.937085032849,
0.966089436802,0.983488965917,1.),.UNSPECIFIED.) CURVE() 
GEOMETRIC_REPRESENTATION_ITEM() RATIONAL_B_SPLINE_CURVE((1.,
    0.99999999999,1.000000000005,0.999999999998,1.,1.,1.,1.,1.,1.,1.,1.,
    1.,1.,1.,1.,1.,1.,1.,1.,1.,1.,1.,1.,1.,1.,1.,1.,1.,1.,1.,1.,1.,1.,1.
    ,1.,1.,1.,1.,1.,1.,1.,1.,1.,1.,1.,1.,1.,1.,1.,1.,1.,1.,1.,1.,1.,1.,
    1.,1.,0.999999999999,1.000000000002,0.999999999996,1.)) 
REPRESENTATION_ITEM('') );
#8777 = CARTESIAN_POINT('',(140.9618,-349.9426154871,109.59048153215));
#8778 = CARTESIAN_POINT('',(139.3469737637,-356.6168687793,
    110.49632909218));
#8779 = CARTESIAN_POINT('',(146.55711552643,-343.1816821658,
    108.49891928685));
#8780 = CARTESIAN_POINT('',(149.83248812156,-344.7668928964,
    108.46203830624));
#8781 = CARTESIAN_POINT('',(152.63844988999,-347.3309744941,
    108.61413366357));
#8782 = CARTESIAN_POINT('',(159.61432189493,-343.3289861799,
    107.92662728423));
#8783 = CARTESIAN_POINT('',(161.57498576671,-356.5855397935,
    109.73002908494));
#8784 = CARTESIAN_POINT('',(166.85069272796,-347.5965089333,
    108.34396735984));
#8785 = CARTESIAN_POINT('',(170.05924171584,-343.7328432996,
    107.49781104273));
#8786 = CARTESIAN_POINT('',(175.2605606702,-343.9194992819,
    107.50674622376));
#8787 = CARTESIAN_POINT('',(179.44145366882,-343.6562762148,
    107.4434875224));
#8788 = CARTESIAN_POINT('',(183.74546905009,-343.552165737,
    107.37219925471));
#8789 = CARTESIAN_POINT('',(188.02212458981,-343.3531136771,
    107.38094029474));
#8790 = CARTESIAN_POINT('',(192.29363155905,-343.3779932048,
    107.07652151891));
#8791 = CARTESIAN_POINT('',(196.58004983101,-343.3914365142,
    107.31230355122));
#8792 = CARTESIAN_POINT('',(200.85501156117,-343.2008359573,
    107.11693185403));
#8793 = CARTESIAN_POINT('',(205.12596544359,-343.3479409462,
    107.22867900368));
#8794 = CARTESIAN_POINT('',(209.41439322258,-343.3795825468,
    107.15572985603));
#8795 = CARTESIAN_POINT('',(213.69322367635,-343.2989817341,
    107.0977702814));
#8796 = CARTESIAN_POINT('',(217.96934112329,-343.4144475604,
    107.04067108162));
#8797 = CARTESIAN_POINT('',(222.26952895422,-343.5604731938,
    106.98391247976));
#8798 = CARTESIAN_POINT('',(226.5166643478,-343.3590926543,
    106.77910271605));
#8799 = CARTESIAN_POINT('',(230.80856684708,-343.3284066615,
    106.54984926039));
#8800 = CARTESIAN_POINT('',(235.07622110161,-343.4270705577,
    106.39454922105));
#8801 = CARTESIAN_POINT('',(239.35488141397,-343.407908723,
    106.3375079235));
#8802 = CARTESIAN_POINT('',(243.60389158591,-343.1882487405,
    106.30823442397));
#8803 = CARTESIAN_POINT('',(247.90844854027,-343.2909488252,
    106.54464977681));
#8804 = CARTESIAN_POINT('',(252.2213347776,-343.6723155003,
    106.97773105883));
#8805 = CARTESIAN_POINT('',(256.41797633353,-344.2290164748,
    106.87327099875));
#8806 = CARTESIAN_POINT('',(261.49749220731,-344.4147121203,
    109.08844999781));
#8807 = CARTESIAN_POINT('',(264.82846846707,-352.2135829794,
    103.66885844482));
#8808 = CARTESIAN_POINT('',(269.29986524939,-344.1578116809,
    105.58406611651));
#8809 = CARTESIAN_POINT('',(273.76120192934,-349.5163976676,
    103.62999929881));
#8810 = CARTESIAN_POINT('',(277.11561224167,-354.3057536932,
    109.22291865789));
#8811 = CARTESIAN_POINT('',(282.18739413143,-354.5303465225,
    107.37533275377));
#8812 = CARTESIAN_POINT('',(286.38362479911,-355.5355179069,
    107.22381607997));
#8813 = CARTESIAN_POINT('',(290.6929217221,-356.2130999353,
    106.69615380088));
#8814 = CARTESIAN_POINT('',(294.99728518776,-355.885169914,
    106.63289629155));
#8815 = CARTESIAN_POINT('',(299.24599549207,-355.520669422,
    106.71839382899));
#8816 = CARTESIAN_POINT('',(303.52499017227,-355.3897544284,
    106.78103813084));
#8817 = CARTESIAN_POINT('',(307.79622056725,-355.1671668014,
    107.0036839363));
#8818 = CARTESIAN_POINT('',(312.08441986464,-355.3901545068,
    107.09548197586));
#8819 = CARTESIAN_POINT('',(316.3318452167,-354.8336854915,
    107.38575559874));
#8820 = CARTESIAN_POINT('',(320.63289091038,-355.1680613486,
    107.39066170555));
#8821 = CARTESIAN_POINT('',(324.90801010291,-355.0589166301,
    107.46307633057));
#8822 = CARTESIAN_POINT('',(329.18807309953,-355.1575818182,
    107.50040790789));
#8823 = CARTESIAN_POINT('',(333.47733801931,-355.0683480934,
    107.54362957078));
#8824 = CARTESIAN_POINT('',(337.7470456075,-355.4167711063,
    107.41885570922));
#8825 = CARTESIAN_POINT('',(342.02123400371,-355.0924233613,
    107.49387692186));
#8826 = CARTESIAN_POINT('',(346.30443528757,-355.1267522898,
    107.56797255423));
#8827 = CARTESIAN_POINT('',(350.5884217255,-355.1638599803,
    107.5537748339));
#8828 = CARTESIAN_POINT('',(354.84926238005,-354.587549849,
    107.70002447403));
#8829 = CARTESIAN_POINT('',(359.17649042862,-355.1987240924,
    107.61528723554));
#8830 = CARTESIAN_POINT('',(363.32021844008,-353.8792694871,
    107.85730129247));
#8831 = CARTESIAN_POINT('',(368.68503275418,-355.6293749483,
    107.58569114065));
#8832 = CARTESIAN_POINT('',(371.24903411287,-349.7633401107,
    108.63048625438));
#8833 = CARTESIAN_POINT('',(377.42638182418,-342.8611863189,
    109.83033213104));
#8834 = CARTESIAN_POINT('',(379.73562276372,-358.3046737858,
    107.74569701276));
#8835 = CARTESIAN_POINT('',(385.92015942773,-343.1978049962,
    109.94303847643));
#8836 = CARTESIAN_POINT('',(387.95796901408,-355.2139397822,
    108.5663765772));
#8837 = CARTESIAN_POINT('',(392.55136708921,-357.4041176519,
    108.47932915869));
#8838 = CARTESIAN_POINT('',(397.86107277384,-339.8483891016,
    110.96061752816));
#8839 = CARTESIAN_POINT('',(397.6403,-350.6940859518,109.51106935856));
#8840 = PCURVE('',#8594,#8841);
#8841 = DEFINITIONAL_REPRESENTATION('',(#8842),#8846);
#8842 = LINE('',#8843,#8844);
#8843 = CARTESIAN_POINT('',(34.,0.));
#8844 = VECTOR('',#8845,1.);
#8845 = DIRECTION('',(0.,1.));
#8846 = ( GEOMETRIC_REPRESENTATION_CONTEXT(2) 
PARAMETRIC_REPRESENTATION_CONTEXT() REPRESENTATION_CONTEXT('2D SPACE',''
  ) );
#8847 = PCURVE('',#8848,#8975);
#8848 = ( BOUNDED_SURFACE() B_SPLINE_SURFACE(1,3,(
    (#8849,#8850,#8851,#8852,#8853,#8854,#8855,#8856,#8857,#8858,#8859
      ,#8860,#8861,#8862,#8863,#8864,#8865,#8866,#8867,#8868,#8869,#8870
      ,#8871,#8872,#8873,#8874,#8875,#8876,#8877,#8878,#8879,#8880,#8881
      ,#8882,#8883,#8884,#8885,#8886,#8887,#8888,#8889,#8890,#8891,#8892
      ,#8893,#8894,#8895,#8896,#8897,#8898,#8899,#8900,#8901,#8902,#8903
      ,#8904,#8905,#8906,#8907,#8908,#8909,#8910,#8911)
    ,(#8912,#8913,#8914,#8915,#8916,#8917,#8918,#8919,#8920,#8921,#8922
      ,#8923,#8924,#8925,#8926,#8927,#8928,#8929,#8930,#8931,#8932,#8933
      ,#8934,#8935,#8936,#8937,#8938,#8939,#8940,#8941,#8942,#8943,#8944
      ,#8945,#8946,#8947,#8948,#8949,#8950,#8951,#8952,#8953,#8954,#8955
      ,#8956,#8957,#8958,#8959,#8960,#8961,#8962,#8963,#8964,#8965,#8966
      ,#8967,#8968,#8969,#8970,#8971,#8972,#8973,#8974
)),.UNSPECIFIED.,.F.,.F.,.F.) B_SPLINE_SURFACE_WITH_KNOTS((2,2),(4,1,1,1
    ,1,1,1,1,1,1,1,1,1,1,1,1,1,1,1,1,1,1,1,1,1,1,1,1,1,1,1,1,1,1,1,1,1,1
    ,1,1,1,1,1,1,1,1,1,1,1,1,1,1,1,1,1,1,1,1,1,1,4),(34.,35.),(0.,
    1.732138582393E-02,3.476147556169E-02,5.682134329819E-02,
    7.1962296323E-02,9.668171057498E-02,0.117312720082,0.137726814038,
    0.152748180615,0.167749813045,0.182740680817,0.197724569486,
    0.212727858992,0.227712266626,0.242722186927,0.257740578549,
    0.272730613132,0.287749851447,0.302807253127,0.317909897629,
    0.333164876512,0.348417208457,0.363717555355,0.379021830365,
    0.39430254102,0.409403510223,0.424503833082,0.439703221214,
    0.455034147268,0.475266642259,0.494822408855,0.514358099005,
    0.53448350075,0.549791243926,0.564993335593,0.580114457875,
    0.595233122966,0.610524778841,0.625831283594,0.641129798524,
    0.656395058325,0.671658347301,0.686764177688,0.701824559728,
    0.716841998439,0.731832580826,0.74685884212,0.761877146393,
    0.776861271766,0.791847146503,0.806852809101,0.821843806167,
    0.836903306197,0.851969913481,0.873073700462,0.890743423327,
    0.916073608219,0.937085032849,0.966089436802,0.983488965917,1.),
.UNSPECIFIED.) GEOMETRIC_REPRESENTATION_ITEM() RATIONAL_B_SPLINE_SURFACE
((
    (1.,0.99999999999,1.000000000005,0.999999999998,1.,1.,1.,1.,1.,1.,1.
      ,1.,1.,1.,1.,1.,1.,1.,1.,1.,1.,1.,1.,1.,1.,1.,1.,1.,1.,1.,1.,1.,1.
      ,1.,1.,1.,1.,1.,1.,1.,1.,1.,1.,1.,1.,1.,1.,1.,1.,1.,1.,1.,1.,1.,1.
      ,1.,1.,1.,1.,0.999999999999,1.000000000002,0.999999999996,1.)
    ,(1.,0.99999999999,1.000000000005,0.999999999998,1.,1.,1.,1.,1.,1.
      ,1.,1.,1.,1.,1.,1.,1.,1.,1.,1.,1.,1.,1.,1.,1.,1.,1.,1.,1.,1.,1.,1.
      ,1.,1.,1.,1.,1.,1.,1.,1.,1.,1.,1.,1.,1.,1.,1.,1.,1.,1.,1.,1.,1.,1.
      ,1.,1.,1.,1.,1.,0.999999999999,1.000000000002,0.999999999996,1.
))) REPRESENTATION_ITEM('') SURFACE() );
#8849 = CARTESIAN_POINT('',(140.9618,-349.9426154871,109.59048153215));
#8850 = CARTESIAN_POINT('',(139.3469737637,-356.6168687793,
    110.49632909218));
#8851 = CARTESIAN_POINT('',(146.55711552643,-343.1816821658,
    108.49891928685));
#8852 = CARTESIAN_POINT('',(149.83248812156,-344.7668928964,
    108.46203830624));
#8853 = CARTESIAN_POINT('',(152.63844988999,-347.3309744941,
    108.61413366357));
#8854 = CARTESIAN_POINT('',(159.61432189493,-343.3289861799,
    107.92662728423));
#8855 = CARTESIAN_POINT('',(161.57498576671,-356.5855397935,
    109.73002908494));
#8856 = CARTESIAN_POINT('',(166.85069272796,-347.5965089333,
    108.34396735984));
#8857 = CARTESIAN_POINT('',(170.05924171584,-343.7328432996,
    107.49781104273));
#8858 = CARTESIAN_POINT('',(175.2605606702,-343.9194992819,
    107.50674622376));
#8859 = CARTESIAN_POINT('',(179.44145366882,-343.6562762148,
    107.4434875224));
#8860 = CARTESIAN_POINT('',(183.74546905009,-343.552165737,
    107.37219925471));
#8861 = CARTESIAN_POINT('',(188.02212458981,-343.3531136771,
    107.38094029474));
#8862 = CARTESIAN_POINT('',(192.29363155905,-343.3779932048,
    107.07652151891));
#8863 = CARTESIAN_POINT('',(196.58004983101,-343.3914365142,
    107.31230355122));
#8864 = CARTESIAN_POINT('',(200.85501156117,-343.2008359573,
    107.11693185403));
#8865 = CARTESIAN_POINT('',(205.12596544359,-343.3479409462,
    107.22867900368));
#8866 = CARTESIAN_POINT('',(209.41439322258,-343.3795825468,
    107.15572985603));
#8867 = CARTESIAN_POINT('',(213.69322367635,-343.2989817341,
    107.0977702814));
#8868 = CARTESIAN_POINT('',(217.96934112329,-343.4144475604,
    107.04067108162));
#8869 = CARTESIAN_POINT('',(222.26952895422,-343.5604731938,
    106.98391247976));
#8870 = CARTESIAN_POINT('',(226.5166643478,-343.3590926543,
    106.77910271605));
#8871 = CARTESIAN_POINT('',(230.80856684708,-343.3284066615,
    106.54984926039));
#8872 = CARTESIAN_POINT('',(235.07622110161,-343.4270705577,
    106.39454922105));
#8873 = CARTESIAN_POINT('',(239.35488141397,-343.407908723,
    106.3375079235));
#8874 = CARTESIAN_POINT('',(243.60389158591,-343.1882487405,
    106.30823442397));
#8875 = CARTESIAN_POINT('',(247.90844854027,-343.2909488252,
    106.54464977681));
#8876 = CARTESIAN_POINT('',(252.2213347776,-343.6723155003,
    106.97773105883));
#8877 = CARTESIAN_POINT('',(256.41797633353,-344.2290164748,
    106.87327099875));
#8878 = CARTESIAN_POINT('',(261.49749220731,-344.4147121203,
    109.08844999781));
#8879 = CARTESIAN_POINT('',(264.82846846707,-352.2135829794,
    103.66885844482));
#8880 = CARTESIAN_POINT('',(269.29986524939,-344.1578116809,
    105.58406611651));
#8881 = CARTESIAN_POINT('',(273.76120192934,-349.5163976676,
    103.62999929881));
#8882 = CARTESIAN_POINT('',(277.11561224167,-354.3057536932,
    109.22291865789));
#8883 = CARTESIAN_POINT('',(282.18739413143,-354.5303465225,
    107.37533275377));
#8884 = CARTESIAN_POINT('',(286.38362479911,-355.5355179069,
    107.22381607997));
#8885 = CARTESIAN_POINT('',(290.6929217221,-356.2130999353,
    106.69615380088));
#8886 = CARTESIAN_POINT('',(294.99728518776,-355.885169914,
    106.63289629155));
#8887 = CARTESIAN_POINT('',(299.24599549207,-355.520669422,
    106.71839382899));
#8888 = CARTESIAN_POINT('',(303.52499017227,-355.3897544284,
    106.78103813084));
#8889 = CARTESIAN_POINT('',(307.79622056725,-355.1671668014,
    107.0036839363));
#8890 = CARTESIAN_POINT('',(312.08441986464,-355.3901545068,
    107.09548197586));
#8891 = CARTESIAN_POINT('',(316.3318452167,-354.8336854915,
    107.38575559874));
#8892 = CARTESIAN_POINT('',(320.63289091038,-355.1680613486,
    107.39066170555));
#8893 = CARTESIAN_POINT('',(324.90801010291,-355.0589166301,
    107.46307633057));
#8894 = CARTESIAN_POINT('',(329.18807309953,-355.1575818182,
    107.50040790789));
#8895 = CARTESIAN_POINT('',(333.47733801931,-355.0683480934,
    107.54362957078));
#8896 = CARTESIAN_POINT('',(337.7470456075,-355.4167711063,
    107.41885570922));
#8897 = CARTESIAN_POINT('',(342.02123400371,-355.0924233613,
    107.49387692186));
#8898 = CARTESIAN_POINT('',(346.30443528757,-355.1267522898,
    107.56797255423));
#8899 = CARTESIAN_POINT('',(350.5884217255,-355.1638599803,
    107.5537748339));
#8900 = CARTESIAN_POINT('',(354.84926238005,-354.587549849,
    107.70002447403));
#8901 = CARTESIAN_POINT('',(359.17649042862,-355.1987240924,
    107.61528723554));
#8902 = CARTESIAN_POINT('',(363.32021844008,-353.8792694871,
    107.85730129247));
#8903 = CARTESIAN_POINT('',(368.68503275418,-355.6293749483,
    107.58569114065));
#8904 = CARTESIAN_POINT('',(371.24903411287,-349.7633401107,
    108.63048625438));
#8905 = CARTESIAN_POINT('',(377.42638182418,-342.8611863189,
    109.83033213104));
#8906 = CARTESIAN_POINT('',(379.73562276372,-358.3046737858,
    107.74569701276));
#8907 = CARTESIAN_POINT('',(385.92015942773,-343.1978049962,
    109.94303847643));
#8908 = CARTESIAN_POINT('',(387.95796901408,-355.2139397822,
    108.5663765772));
#8909 = CARTESIAN_POINT('',(392.55136708921,-357.4041176519,
    108.47932915869));
#8910 = CARTESIAN_POINT('',(397.86107277384,-339.8483891016,
    110.96061752816));
#8911 = CARTESIAN_POINT('',(397.6403,-350.6940859518,109.51106935856));
#8912 = CARTESIAN_POINT('',(140.9618,-349.7222450676,109.56477112152));
#8913 = CARTESIAN_POINT('',(139.3469737637,-355.8283016574,
    110.5040386621));
#8914 = CARTESIAN_POINT('',(146.55711552643,-342.7361426048,
    108.40946383039));
#8915 = CARTESIAN_POINT('',(149.83248812156,-344.4637857972,
    108.44169940479));
#8916 = CARTESIAN_POINT('',(152.63844988999,-346.4023250249,
    108.5213214938));
#8917 = CARTESIAN_POINT('',(159.61432189493,-342.2284501679,
    107.68117286778));
#8918 = CARTESIAN_POINT('',(161.57498576671,-356.2374023408,
    109.66658571668));
#8919 = CARTESIAN_POINT('',(166.85069272796,-347.163699783,
    108.33824549942));
#8920 = CARTESIAN_POINT('',(170.05924171584,-342.3652520443,
    107.27643657942));
#8921 = CARTESIAN_POINT('',(175.2605606702,-342.6883209785,107.293420115
    ));
#8922 = CARTESIAN_POINT('',(179.44145366882,-342.3445659476,
    107.19697580812));
#8923 = CARTESIAN_POINT('',(183.74546905009,-342.2180933433,
    107.13446095273));
#8924 = CARTESIAN_POINT('',(188.02212458981,-342.0148349144,
    107.12106739851));
#8925 = CARTESIAN_POINT('',(192.29363155905,-342.0084667529,
    106.89309039169));
#8926 = CARTESIAN_POINT('',(196.58004983101,-341.9921387024,
    107.01769534165));
#8927 = CARTESIAN_POINT('',(200.85501156117,-341.8676615106,
    106.84739881536));
#8928 = CARTESIAN_POINT('',(205.12596544359,-341.9549771553,
    106.90874095003));
#8929 = CARTESIAN_POINT('',(209.41439322258,-342.0242642162,
    106.79702019875));
#8930 = CARTESIAN_POINT('',(213.69322367635,-341.9648442198,
    106.76119575114));
#8931 = CARTESIAN_POINT('',(217.96934112329,-342.1342062376,
    106.71152698075));
#8932 = CARTESIAN_POINT('',(222.26952895422,-342.3476915239,
    106.64403251992));
#8933 = CARTESIAN_POINT('',(226.5166643478,-342.2235997869,
    106.43573161234));
#8934 = CARTESIAN_POINT('',(230.80856684708,-342.2737994379,
    106.19680368785));
#8935 = CARTESIAN_POINT('',(235.07622110161,-342.448762397,
    106.05311273039));
#8936 = CARTESIAN_POINT('',(239.35488141397,-342.5124386683,
    105.98537551234));
#8937 = CARTESIAN_POINT('',(243.60389158591,-342.389308162,
    105.94919187391));
#8938 = CARTESIAN_POINT('',(247.90844854027,-342.5745892059,
    106.19038122933));
#8939 = CARTESIAN_POINT('',(252.2213347776,-343.0019343798,
    106.72708183834));
#8940 = CARTESIAN_POINT('',(256.41797633353,-343.6053189599,
    106.70306527434));
#8941 = CARTESIAN_POINT('',(261.49749220731,-343.924037854,
    108.91714337884));
#8942 = CARTESIAN_POINT('',(264.82846846707,-351.3365152754,
    103.71352782174));
#8943 = CARTESIAN_POINT('',(269.29986524939,-343.5844593615,
    105.5883268984));
#8944 = CARTESIAN_POINT('',(273.76120192934,-348.6383537504,
    103.56821628927));
#8945 = CARTESIAN_POINT('',(277.11561224167,-353.8309601111,
    109.44900593192));
#8946 = CARTESIAN_POINT('',(282.18739413143,-353.9284499575,
    107.61206523347));
#8947 = CARTESIAN_POINT('',(286.38362479911,-354.9180001527,
    107.58646348468));
#8948 = CARTESIAN_POINT('',(290.6929217221,-355.5158436285,
    107.08143204745));
#8949 = CARTESIAN_POINT('',(294.99728518776,-355.1231459635,
    107.06242641138));
#8950 = CARTESIAN_POINT('',(299.24599549207,-354.656117587,
    107.14134652008));
#8951 = CARTESIAN_POINT('',(303.52499017227,-354.420944293,
    107.14827931011));
#8952 = CARTESIAN_POINT('',(307.79622056725,-354.1241179395,
    107.38464227975));
#8953 = CARTESIAN_POINT('',(312.08441986464,-354.2611308885,
    107.45807842629));
#8954 = CARTESIAN_POINT('',(316.3318452167,-353.6334629001,
    107.76717452836));
#8955 = CARTESIAN_POINT('',(320.63289091038,-353.8946265229,
    107.76134108735));
#8956 = CARTESIAN_POINT('',(324.90801010291,-353.7248982041,
    107.8105717631));
#8957 = CARTESIAN_POINT('',(329.18807309953,-353.7863020843,
    107.82166441172));
#8958 = CARTESIAN_POINT('',(333.47733801931,-353.6750652067,
    107.87881447117));
#8959 = CARTESIAN_POINT('',(337.7470456075,-354.0789646389,
    107.7319143856));
#8960 = CARTESIAN_POINT('',(342.02123400371,-353.6923494064,
    107.77097937217));
#8961 = CARTESIAN_POINT('',(346.30443528757,-353.7561771251,
    107.83408086168));
#8962 = CARTESIAN_POINT('',(350.5884217255,-353.802714672,
    107.82759137435));
#8963 = CARTESIAN_POINT('',(354.84926238005,-353.28368705,
    107.93865764055));
#8964 = CARTESIAN_POINT('',(359.17649042862,-353.8770045434,
    107.85928252543));
#8965 = CARTESIAN_POINT('',(363.32021844008,-352.6511186762,
    108.07462916202));
#8966 = CARTESIAN_POINT('',(368.68503275418,-354.3849739602,
    107.80726947439));
#8967 = CARTESIAN_POINT('',(371.24903411287,-348.8730201765,
    108.78835072832));
#8968 = CARTESIAN_POINT('',(377.42638182418,-342.5720519425,
    109.86615065162));
#8969 = CARTESIAN_POINT('',(379.73562276372,-356.9903886388,
    108.01148134558));
#8970 = CARTESIAN_POINT('',(385.92015942773,-342.8373706932,
    109.98460177315));
#8971 = CARTESIAN_POINT('',(387.95796901408,-354.923769974,
    108.60714391145));
#8972 = CARTESIAN_POINT('',(392.55136708921,-356.671382289,
    108.59104484286));
#8973 = CARTESIAN_POINT('',(397.86107277384,-339.7492732186,
    110.91934172634));
#8974 = CARTESIAN_POINT('',(397.6403,-350.5178356677,109.53160061822));
#8975 = DEFINITIONAL_REPRESENTATION('',(#8976),#8980);
#8976 = LINE('',#8977,#8978);
#8977 = CARTESIAN_POINT('',(34.,0.));
#8978 = VECTOR('',#8979,1.);
#8979 = DIRECTION('',(0.,1.));
#8980 = ( GEOMETRIC_REPRESENTATION_CONTEXT(2) 
PARAMETRIC_REPRESENTATION_CONTEXT() REPRESENTATION_CONTEXT('2D SPACE',''
  ) );
#8981 = ORIENTED_EDGE('',*,*,#8982,.F.);
#8982 = EDGE_CURVE('',#8519,#8773,#8983,.T.);
#8983 = SURFACE_CURVE('',#8984,(#8987,#8994),.PCURVE_S1.);
#8984 = B_SPLINE_CURVE_WITH_KNOTS('',1,(#8985,#8986),.UNSPECIFIED.,.F.,
  .F.,(2,2),(33.,34.),.PIECEWISE_BEZIER_KNOTS.);
#8985 = CARTESIAN_POINT('',(397.6403,-350.8703362359,109.49053809889));
#8986 = CARTESIAN_POINT('',(397.6403,-350.6940859518,109.51106935856));
#8987 = PCURVE('',#8594,#8988);
#8988 = DEFINITIONAL_REPRESENTATION('',(#8989),#8993);
#8989 = LINE('',#8990,#8991);
#8990 = CARTESIAN_POINT('',(0.,1.));
#8991 = VECTOR('',#8992,1.);
#8992 = DIRECTION('',(1.,0.));
#8993 = ( GEOMETRIC_REPRESENTATION_CONTEXT(2) 
PARAMETRIC_REPRESENTATION_CONTEXT() REPRESENTATION_CONTEXT('2D SPACE',''
  ) );
#8994 = PCURVE('',#401,#8995);
#8995 = DEFINITIONAL_REPRESENTATION('',(#8996),#8999);
#8996 = B_SPLINE_CURVE_WITH_KNOTS('',1,(#8997,#8998),.UNSPECIFIED.,.F.,
  .F.,(2,2),(33.,34.),.PIECEWISE_BEZIER_KNOTS.);
#8997 = CARTESIAN_POINT('',(1.242094629246,-4.588830137209E-06));
#8998 = CARTESIAN_POINT('',(1.064652539353,-3.933282982871E-06));
#8999 = ( GEOMETRIC_REPRESENTATION_CONTEXT(2) 
PARAMETRIC_REPRESENTATION_CONTEXT() REPRESENTATION_CONTEXT('2D SPACE',''
  ) );
#9000 = ORIENTED_EDGE('',*,*,#8518,.F.);
#9001 = ADVANCED_FACE('',(#9002),#8848,.T.);
#9002 = FACE_BOUND('',#9003,.T.);
#9003 = EDGE_LOOP('',(#9004,#9025,#9235,#9254));
#9004 = ORIENTED_EDGE('',*,*,#9005,.T.);
#9005 = EDGE_CURVE('',#8752,#9006,#9008,.T.);
#9006 = VERTEX_POINT('',#9007);
#9007 = CARTESIAN_POINT('',(140.9618,-349.7222450676,109.56477112152));
#9008 = SURFACE_CURVE('',#9009,(#9012,#9019),.PCURVE_S1.);
#9009 = B_SPLINE_CURVE_WITH_KNOTS('',1,(#9010,#9011),.UNSPECIFIED.,.F.,
  .F.,(2,2),(34.,35.),.PIECEWISE_BEZIER_KNOTS.);
#9010 = CARTESIAN_POINT('',(140.9618,-349.9426154871,109.59048153215));
#9011 = CARTESIAN_POINT('',(140.9618,-349.7222450676,109.56477112152));
#9012 = PCURVE('',#8848,#9013);
#9013 = DEFINITIONAL_REPRESENTATION('',(#9014),#9018);
#9014 = LINE('',#9015,#9016);
#9015 = CARTESIAN_POINT('',(0.,0.));
#9016 = VECTOR('',#9017,1.);
#9017 = DIRECTION('',(1.,0.));
#9018 = ( GEOMETRIC_REPRESENTATION_CONTEXT(2) 
PARAMETRIC_REPRESENTATION_CONTEXT() REPRESENTATION_CONTEXT('2D SPACE',''
  ) );
#9019 = PCURVE('',#165,#9020);
#9020 = DEFINITIONAL_REPRESENTATION('',(#9021),#9024);
#9021 = B_SPLINE_CURVE_WITH_KNOTS('',1,(#9022,#9023),.UNSPECIFIED.,.F.,
  .F.,(2,2),(34.,35.),.PIECEWISE_BEZIER_KNOTS.);
#9022 = CARTESIAN_POINT('',(0.887417957292,9.730506946752E-03));
#9023 = CARTESIAN_POINT('',(0.665561076514,7.81439347692E-03));
#9024 = ( GEOMETRIC_REPRESENTATION_CONTEXT(2) 
PARAMETRIC_REPRESENTATION_CONTEXT() REPRESENTATION_CONTEXT('2D SPACE',''
  ) );
#9025 = ORIENTED_EDGE('',*,*,#9026,.T.);
#9026 = EDGE_CURVE('',#9006,#9027,#9029,.T.);
#9027 = VERTEX_POINT('',#9028);
#9028 = CARTESIAN_POINT('',(397.6403,-350.5178356677,109.53160061822));
#9029 = SURFACE_CURVE('',#9030,(#9094,#9101),.PCURVE_S1.);
#9030 = ( BOUNDED_CURVE() B_SPLINE_CURVE(3,(#9031,#9032,#9033,#9034,
    #9035,#9036,#9037,#9038,#9039,#9040,#9041,#9042,#9043,#9044,#9045,
    #9046,#9047,#9048,#9049,#9050,#9051,#9052,#9053,#9054,#9055,#9056,
    #9057,#9058,#9059,#9060,#9061,#9062,#9063,#9064,#9065,#9066,#9067,
    #9068,#9069,#9070,#9071,#9072,#9073,#9074,#9075,#9076,#9077,#9078,
    #9079,#9080,#9081,#9082,#9083,#9084,#9085,#9086,#9087,#9088,#9089,
    #9090,#9091,#9092,#9093),.UNSPECIFIED.,.F.,.F.) 
B_SPLINE_CURVE_WITH_KNOTS((4,1,1,1,1,1,1,1,1,1,1,1,1,1,1,1,1,1,1,1,1,1,1
    ,1,1,1,1,1,1,1,1,1,1,1,1,1,1,1,1,1,1,1,1,1,1,1,1,1,1,1,1,1,1,1,1,1,1
    ,1,1,1,4),(0.,1.732138582393E-02,3.476147556169E-02,
    5.682134329819E-02,7.1962296323E-02,9.668171057498E-02,
    0.117312720082,0.137726814038,0.152748180615,0.167749813045,
    0.182740680817,0.197724569486,0.212727858992,0.227712266626,
    0.242722186927,0.257740578549,0.272730613132,0.287749851447,
    0.302807253127,0.317909897629,0.333164876512,0.348417208457,
    0.363717555355,0.379021830365,0.39430254102,0.409403510223,
    0.424503833082,0.439703221214,0.455034147268,0.475266642259,
    0.494822408855,0.514358099005,0.53448350075,0.549791243926,
    0.564993335593,0.580114457875,0.595233122966,0.610524778841,
    0.625831283594,0.641129798524,0.656395058325,0.671658347301,
    0.686764177688,0.701824559728,0.716841998439,0.731832580826,
    0.74685884212,0.761877146393,0.776861271766,0.791847146503,
    0.806852809101,0.821843806167,0.836903306197,0.851969913481,
    0.873073700462,0.890743423327,0.916073608219,0.937085032849,
0.966089436802,0.983488965917,1.),.UNSPECIFIED.) CURVE() 
GEOMETRIC_REPRESENTATION_ITEM() RATIONAL_B_SPLINE_CURVE((1.,
    0.99999999999,1.000000000005,0.999999999998,1.,1.,1.,1.,1.,1.,1.,1.,
    1.,1.,1.,1.,1.,1.,1.,1.,1.,1.,1.,1.,1.,1.,1.,1.,1.,1.,1.,1.,1.,1.,1.
    ,1.,1.,1.,1.,1.,1.,1.,1.,1.,1.,1.,1.,1.,1.,1.,1.,1.,1.,1.,1.,1.,1.,
    1.,1.,0.999999999999,1.000000000002,0.999999999996,1.)) 
REPRESENTATION_ITEM('') );
#9031 = CARTESIAN_POINT('',(140.9618,-349.7222450676,109.56477112152));
#9032 = CARTESIAN_POINT('',(139.3469737637,-355.8283016574,
    110.5040386621));
#9033 = CARTESIAN_POINT('',(146.55711552643,-342.7361426048,
    108.40946383039));
#9034 = CARTESIAN_POINT('',(149.83248812156,-344.4637857972,
    108.44169940479));
#9035 = CARTESIAN_POINT('',(152.63844988999,-346.4023250249,
    108.5213214938));
#9036 = CARTESIAN_POINT('',(159.61432189493,-342.2284501679,
    107.68117286778));
#9037 = CARTESIAN_POINT('',(161.57498576671,-356.2374023408,
    109.66658571668));
#9038 = CARTESIAN_POINT('',(166.85069272796,-347.163699783,
    108.33824549942));
#9039 = CARTESIAN_POINT('',(170.05924171584,-342.3652520443,
    107.27643657942));
#9040 = CARTESIAN_POINT('',(175.2605606702,-342.6883209785,107.293420115
    ));
#9041 = CARTESIAN_POINT('',(179.44145366882,-342.3445659476,
    107.19697580812));
#9042 = CARTESIAN_POINT('',(183.74546905009,-342.2180933433,
    107.13446095273));
#9043 = CARTESIAN_POINT('',(188.02212458981,-342.0148349144,
    107.12106739851));
#9044 = CARTESIAN_POINT('',(192.29363155905,-342.0084667529,
    106.89309039169));
#9045 = CARTESIAN_POINT('',(196.58004983101,-341.9921387024,
    107.01769534165));
#9046 = CARTESIAN_POINT('',(200.85501156117,-341.8676615106,
    106.84739881536));
#9047 = CARTESIAN_POINT('',(205.12596544359,-341.9549771553,
    106.90874095003));
#9048 = CARTESIAN_POINT('',(209.41439322258,-342.0242642162,
    106.79702019875));
#9049 = CARTESIAN_POINT('',(213.69322367635,-341.9648442198,
    106.76119575114));
#9050 = CARTESIAN_POINT('',(217.96934112329,-342.1342062376,
    106.71152698075));
#9051 = CARTESIAN_POINT('',(222.26952895422,-342.3476915239,
    106.64403251992));
#9052 = CARTESIAN_POINT('',(226.5166643478,-342.2235997869,
    106.43573161234));
#9053 = CARTESIAN_POINT('',(230.80856684708,-342.2737994379,
    106.19680368785));
#9054 = CARTESIAN_POINT('',(235.07622110161,-342.448762397,
    106.05311273039));
#9055 = CARTESIAN_POINT('',(239.35488141397,-342.5124386683,
    105.98537551234));
#9056 = CARTESIAN_POINT('',(243.60389158591,-342.389308162,
    105.94919187391));
#9057 = CARTESIAN_POINT('',(247.90844854027,-342.5745892059,
    106.19038122933));
#9058 = CARTESIAN_POINT('',(252.2213347776,-343.0019343798,
    106.72708183834));
#9059 = CARTESIAN_POINT('',(256.41797633353,-343.6053189599,
    106.70306527434));
#9060 = CARTESIAN_POINT('',(261.49749220731,-343.924037854,
    108.91714337884));
#9061 = CARTESIAN_POINT('',(264.82846846707,-351.3365152754,
    103.71352782174));
#9062 = CARTESIAN_POINT('',(269.29986524939,-343.5844593615,
    105.5883268984));
#9063 = CARTESIAN_POINT('',(273.76120192934,-348.6383537504,
    103.56821628927));
#9064 = CARTESIAN_POINT('',(277.11561224167,-353.8309601111,
    109.44900593192));
#9065 = CARTESIAN_POINT('',(282.18739413143,-353.9284499575,
    107.61206523347));
#9066 = CARTESIAN_POINT('',(286.38362479911,-354.9180001527,
    107.58646348468));
#9067 = CARTESIAN_POINT('',(290.6929217221,-355.5158436285,
    107.08143204745));
#9068 = CARTESIAN_POINT('',(294.99728518776,-355.1231459635,
    107.06242641138));
#9069 = CARTESIAN_POINT('',(299.24599549207,-354.656117587,
    107.14134652008));
#9070 = CARTESIAN_POINT('',(303.52499017227,-354.420944293,
    107.14827931011));
#9071 = CARTESIAN_POINT('',(307.79622056725,-354.1241179395,
    107.38464227975));
#9072 = CARTESIAN_POINT('',(312.08441986464,-354.2611308885,
    107.45807842629));
#9073 = CARTESIAN_POINT('',(316.3318452167,-353.6334629001,
    107.76717452836));
#9074 = CARTESIAN_POINT('',(320.63289091038,-353.8946265229,
    107.76134108735));
#9075 = CARTESIAN_POINT('',(324.90801010291,-353.7248982041,
    107.8105717631));
#9076 = CARTESIAN_POINT('',(329.18807309953,-353.7863020843,
    107.82166441172));
#9077 = CARTESIAN_POINT('',(333.47733801931,-353.6750652067,
    107.87881447117));
#9078 = CARTESIAN_POINT('',(337.7470456075,-354.0789646389,
    107.7319143856));
#9079 = CARTESIAN_POINT('',(342.02123400371,-353.6923494064,
    107.77097937217));
#9080 = CARTESIAN_POINT('',(346.30443528757,-353.7561771251,
    107.83408086168));
#9081 = CARTESIAN_POINT('',(350.5884217255,-353.802714672,
    107.82759137435));
#9082 = CARTESIAN_POINT('',(354.84926238005,-353.28368705,
    107.93865764055));
#9083 = CARTESIAN_POINT('',(359.17649042862,-353.8770045434,
    107.85928252543));
#9084 = CARTESIAN_POINT('',(363.32021844008,-352.6511186762,
    108.07462916202));
#9085 = CARTESIAN_POINT('',(368.68503275418,-354.3849739602,
    107.80726947439));
#9086 = CARTESIAN_POINT('',(371.24903411287,-348.8730201765,
    108.78835072832));
#9087 = CARTESIAN_POINT('',(377.42638182418,-342.5720519425,
    109.86615065162));
#9088 = CARTESIAN_POINT('',(379.73562276372,-356.9903886388,
    108.01148134558));
#9089 = CARTESIAN_POINT('',(385.92015942773,-342.8373706932,
    109.98460177315));
#9090 = CARTESIAN_POINT('',(387.95796901408,-354.923769974,
    108.60714391145));
#9091 = CARTESIAN_POINT('',(392.55136708921,-356.671382289,
    108.59104484286));
#9092 = CARTESIAN_POINT('',(397.86107277384,-339.7492732186,
    110.91934172634));
#9093 = CARTESIAN_POINT('',(397.6403,-350.5178356677,109.53160061822));
#9094 = PCURVE('',#8848,#9095);
#9095 = DEFINITIONAL_REPRESENTATION('',(#9096),#9100);
#9096 = LINE('',#9097,#9098);
#9097 = CARTESIAN_POINT('',(35.,0.));
#9098 = VECTOR('',#9099,1.);
#9099 = DIRECTION('',(0.,1.));
#9100 = ( GEOMETRIC_REPRESENTATION_CONTEXT(2) 
PARAMETRIC_REPRESENTATION_CONTEXT() REPRESENTATION_CONTEXT('2D SPACE',''
  ) );
#9101 = PCURVE('',#9102,#9229);
#9102 = ( BOUNDED_SURFACE() B_SPLINE_SURFACE(1,3,(
    (#9103,#9104,#9105,#9106,#9107,#9108,#9109,#9110,#9111,#9112,#9113
      ,#9114,#9115,#9116,#9117,#9118,#9119,#9120,#9121,#9122,#9123,#9124
      ,#9125,#9126,#9127,#9128,#9129,#9130,#9131,#9132,#9133,#9134,#9135
      ,#9136,#9137,#9138,#9139,#9140,#9141,#9142,#9143,#9144,#9145,#9146
      ,#9147,#9148,#9149,#9150,#9151,#9152,#9153,#9154,#9155,#9156,#9157
      ,#9158,#9159,#9160,#9161,#9162,#9163,#9164,#9165)
    ,(#9166,#9167,#9168,#9169,#9170,#9171,#9172,#9173,#9174,#9175,#9176
      ,#9177,#9178,#9179,#9180,#9181,#9182,#9183,#9184,#9185,#9186,#9187
      ,#9188,#9189,#9190,#9191,#9192,#9193,#9194,#9195,#9196,#9197,#9198
      ,#9199,#9200,#9201,#9202,#9203,#9204,#9205,#9206,#9207,#9208,#9209
      ,#9210,#9211,#9212,#9213,#9214,#9215,#9216,#9217,#9218,#9219,#9220
      ,#9221,#9222,#9223,#9224,#9225,#9226,#9227,#9228
)),.UNSPECIFIED.,.F.,.F.,.F.) B_SPLINE_SURFACE_WITH_KNOTS((2,2),(4,1,1,1
    ,1,1,1,1,1,1,1,1,1,1,1,1,1,1,1,1,1,1,1,1,1,1,1,1,1,1,1,1,1,1,1,1,1,1
    ,1,1,1,1,1,1,1,1,1,1,1,1,1,1,1,1,1,1,1,1,1,1,4),(35.,36.),(0.,
    1.732138582393E-02,3.476147556169E-02,5.682134329819E-02,
    7.1962296323E-02,9.668171057498E-02,0.117312720082,0.137726814038,
    0.152748180615,0.167749813045,0.182740680817,0.197724569486,
    0.212727858992,0.227712266626,0.242722186927,0.257740578549,
    0.272730613132,0.287749851447,0.302807253127,0.317909897629,
    0.333164876512,0.348417208457,0.363717555355,0.379021830365,
    0.39430254102,0.409403510223,0.424503833082,0.439703221214,
    0.455034147268,0.475266642259,0.494822408855,0.514358099005,
    0.53448350075,0.549791243926,0.564993335593,0.580114457875,
    0.595233122966,0.610524778841,0.625831283594,0.641129798524,
    0.656395058325,0.671658347301,0.686764177688,0.701824559728,
    0.716841998439,0.731832580826,0.74685884212,0.761877146393,
    0.776861271766,0.791847146503,0.806852809101,0.821843806167,
    0.836903306197,0.851969913481,0.873073700462,0.890743423327,
    0.916073608219,0.937085032849,0.966089436802,0.983488965917,1.),
.UNSPECIFIED.) GEOMETRIC_REPRESENTATION_ITEM() RATIONAL_B_SPLINE_SURFACE
((
    (1.,0.99999999999,1.000000000005,0.999999999998,1.,1.,1.,1.,1.,1.,1.
      ,1.,1.,1.,1.,1.,1.,1.,1.,1.,1.,1.,1.,1.,1.,1.,1.,1.,1.,1.,1.,1.,1.
      ,1.,1.,1.,1.,1.,1.,1.,1.,1.,1.,1.,1.,1.,1.,1.,1.,1.,1.,1.,1.,1.,1.
      ,1.,1.,1.,1.,0.999999999999,1.000000000002,0.999999999996,1.)
    ,(1.,0.99999999999,1.000000000005,0.999999999998,1.,1.,1.,1.,1.,1.
      ,1.,1.,1.,1.,1.,1.,1.,1.,1.,1.,1.,1.,1.,1.,1.,1.,1.,1.,1.,1.,1.,1.
      ,1.,1.,1.,1.,1.,1.,1.,1.,1.,1.,1.,1.,1.,1.,1.,1.,1.,1.,1.,1.,1.,1.
      ,1.,1.,1.,1.,1.,0.999999999999,1.000000000002,0.999999999996,1.
))) REPRESENTATION_ITEM('') SURFACE() );
#9103 = CARTESIAN_POINT('',(140.9618,-349.7222450676,109.56477112152));
#9104 = CARTESIAN_POINT('',(139.3469737637,-355.8283016574,
    110.5040386621));
#9105 = CARTESIAN_POINT('',(146.55711552643,-342.7361426048,
    108.40946383039));
#9106 = CARTESIAN_POINT('',(149.83248812156,-344.4637857972,
    108.44169940479));
#9107 = CARTESIAN_POINT('',(152.63844988999,-346.4023250249,
    108.5213214938));
#9108 = CARTESIAN_POINT('',(159.61432189493,-342.2284501679,
    107.68117286778));
#9109 = CARTESIAN_POINT('',(161.57498576671,-356.2374023408,
    109.66658571668));
#9110 = CARTESIAN_POINT('',(166.85069272796,-347.163699783,
    108.33824549942));
#9111 = CARTESIAN_POINT('',(170.05924171584,-342.3652520443,
    107.27643657942));
#9112 = CARTESIAN_POINT('',(175.2605606702,-342.6883209785,107.293420115
    ));
#9113 = CARTESIAN_POINT('',(179.44145366882,-342.3445659476,
    107.19697580812));
#9114 = CARTESIAN_POINT('',(183.74546905009,-342.2180933433,
    107.13446095273));
#9115 = CARTESIAN_POINT('',(188.02212458981,-342.0148349144,
    107.12106739851));
#9116 = CARTESIAN_POINT('',(192.29363155905,-342.0084667529,
    106.89309039169));
#9117 = CARTESIAN_POINT('',(196.58004983101,-341.9921387024,
    107.01769534165));
#9118 = CARTESIAN_POINT('',(200.85501156117,-341.8676615106,
    106.84739881536));
#9119 = CARTESIAN_POINT('',(205.12596544359,-341.9549771553,
    106.90874095003));
#9120 = CARTESIAN_POINT('',(209.41439322258,-342.0242642162,
    106.79702019875));
#9121 = CARTESIAN_POINT('',(213.69322367635,-341.9648442198,
    106.76119575114));
#9122 = CARTESIAN_POINT('',(217.96934112329,-342.1342062376,
    106.71152698075));
#9123 = CARTESIAN_POINT('',(222.26952895422,-342.3476915239,
    106.64403251992));
#9124 = CARTESIAN_POINT('',(226.5166643478,-342.2235997869,
    106.43573161234));
#9125 = CARTESIAN_POINT('',(230.80856684708,-342.2737994379,
    106.19680368785));
#9126 = CARTESIAN_POINT('',(235.07622110161,-342.448762397,
    106.05311273039));
#9127 = CARTESIAN_POINT('',(239.35488141397,-342.5124386683,
    105.98537551234));
#9128 = CARTESIAN_POINT('',(243.60389158591,-342.389308162,
    105.94919187391));
#9129 = CARTESIAN_POINT('',(247.90844854027,-342.5745892059,
    106.19038122933));
#9130 = CARTESIAN_POINT('',(252.2213347776,-343.0019343798,
    106.72708183834));
#9131 = CARTESIAN_POINT('',(256.41797633353,-343.6053189599,
    106.70306527434));
#9132 = CARTESIAN_POINT('',(261.49749220731,-343.924037854,
    108.91714337884));
#9133 = CARTESIAN_POINT('',(264.82846846707,-351.3365152754,
    103.71352782174));
#9134 = CARTESIAN_POINT('',(269.29986524939,-343.5844593615,
    105.5883268984));
#9135 = CARTESIAN_POINT('',(273.76120192934,-348.6383537504,
    103.56821628927));
#9136 = CARTESIAN_POINT('',(277.11561224167,-353.8309601111,
    109.44900593192));
#9137 = CARTESIAN_POINT('',(282.18739413143,-353.9284499575,
    107.61206523347));
#9138 = CARTESIAN_POINT('',(286.38362479911,-354.9180001527,
    107.58646348468));
#9139 = CARTESIAN_POINT('',(290.6929217221,-355.5158436285,
    107.08143204745));
#9140 = CARTESIAN_POINT('',(294.99728518776,-355.1231459635,
    107.06242641138));
#9141 = CARTESIAN_POINT('',(299.24599549207,-354.656117587,
    107.14134652008));
#9142 = CARTESIAN_POINT('',(303.52499017227,-354.420944293,
    107.14827931011));
#9143 = CARTESIAN_POINT('',(307.79622056725,-354.1241179395,
    107.38464227975));
#9144 = CARTESIAN_POINT('',(312.08441986464,-354.2611308885,
    107.45807842629));
#9145 = CARTESIAN_POINT('',(316.3318452167,-353.6334629001,
    107.76717452836));
#9146 = CARTESIAN_POINT('',(320.63289091038,-353.8946265229,
    107.76134108735));
#9147 = CARTESIAN_POINT('',(324.90801010291,-353.7248982041,
    107.8105717631));
#9148 = CARTESIAN_POINT('',(329.18807309953,-353.7863020843,
    107.82166441172));
#9149 = CARTESIAN_POINT('',(333.47733801931,-353.6750652067,
    107.87881447117));
#9150 = CARTESIAN_POINT('',(337.7470456075,-354.0789646389,
    107.7319143856));
#9151 = CARTESIAN_POINT('',(342.02123400371,-353.6923494064,
    107.77097937217));
#9152 = CARTESIAN_POINT('',(346.30443528757,-353.7561771251,
    107.83408086168));
#9153 = CARTESIAN_POINT('',(350.5884217255,-353.802714672,
    107.82759137435));
#9154 = CARTESIAN_POINT('',(354.84926238005,-353.28368705,
    107.93865764055));
#9155 = CARTESIAN_POINT('',(359.17649042862,-353.8770045434,
    107.85928252543));
#9156 = CARTESIAN_POINT('',(363.32021844008,-352.6511186762,
    108.07462916202));
#9157 = CARTESIAN_POINT('',(368.68503275418,-354.3849739602,
    107.80726947439));
#9158 = CARTESIAN_POINT('',(371.24903411287,-348.8730201765,
    108.78835072832));
#9159 = CARTESIAN_POINT('',(377.42638182418,-342.5720519425,
    109.86615065162));
#9160 = CARTESIAN_POINT('',(379.73562276372,-356.9903886388,
    108.01148134558));
#9161 = CARTESIAN_POINT('',(385.92015942773,-342.8373706932,
    109.98460177315));
#9162 = CARTESIAN_POINT('',(387.95796901408,-354.923769974,
    108.60714391145));
#9163 = CARTESIAN_POINT('',(392.55136708921,-356.671382289,
    108.59104484286));
#9164 = CARTESIAN_POINT('',(397.86107277384,-339.7492732186,
    110.91934172634));
#9165 = CARTESIAN_POINT('',(397.6403,-350.5178356677,109.53160061822));
#9166 = CARTESIAN_POINT('',(140.9618,-349.501870302,109.53909794221));
#9167 = CARTESIAN_POINT('',(139.3469737637,-355.0467870165,
    110.47332443168));
#9168 = CARTESIAN_POINT('',(146.55711552643,-342.2861986707,
    108.34929175037));
#9169 = CARTESIAN_POINT('',(149.83248812156,-344.1616990445,
    108.4143220489));
#9170 = CARTESIAN_POINT('',(152.63844988999,-345.4758017289,
    108.4155327829));
#9171 = CARTESIAN_POINT('',(159.61432189493,-341.1205664999,
    107.48099591445));
#9172 = CARTESIAN_POINT('',(161.57498576671,-355.8913449041,
    109.59099237067));
#9173 = CARTESIAN_POINT('',(166.85069272796,-346.731948421,
    108.32436677692));
#9174 = CARTESIAN_POINT('',(170.05924171584,-340.992146293,
    107.0943391375));
#9175 = CARTESIAN_POINT('',(175.2605606702,-341.452747544,
    107.10629214108));
#9176 = CARTESIAN_POINT('',(179.44145366882,-341.0250129054,
    106.99752442559));
#9177 = CARTESIAN_POINT('',(183.74546905009,-340.8759176792,
    106.94356973019));
#9178 = CARTESIAN_POINT('',(188.02212458981,-340.6738764437,
    106.88233614228));
#9179 = CARTESIAN_POINT('',(192.29363155905,-340.624631299,
    106.77339669596));
#9180 = CARTESIAN_POINT('',(196.58004983101,-340.59149182,
    106.72826186608));
#9181 = CARTESIAN_POINT('',(200.85501156117,-340.5584700622,
    106.47240006425));
#9182 = CARTESIAN_POINT('',(205.12596544359,-340.5445718038,
    106.66216041489));
#9183 = CARTESIAN_POINT('',(209.41439322258,-340.6684328478,
    106.43925805782));
#9184 = CARTESIAN_POINT('',(213.69322367635,-340.6242274031,
    106.45051571329));
#9185 = CARTESIAN_POINT('',(217.96934112329,-340.8578193394,
    106.36743112293));
#9186 = CARTESIAN_POINT('',(222.26952895422,-341.1289705581,
    106.32662353628));
#9187 = CARTESIAN_POINT('',(226.5166643478,-341.0766659932,
    106.13325146024));
#9188 = CARTESIAN_POINT('',(230.80856684708,-341.20108513,
    105.90263201263));
#9189 = CARTESIAN_POINT('',(235.07622110161,-341.4565322949,
    105.75495871442));
#9190 = CARTESIAN_POINT('',(239.35488141397,-341.6050122891,
    105.66881828246));
#9191 = CARTESIAN_POINT('',(243.60389158591,-341.5765592865,
    105.62895735329));
#9192 = CARTESIAN_POINT('',(247.90844854027,-341.8286057318,
    105.91099267425));
#9193 = CARTESIAN_POINT('',(252.2213347776,-342.363575399,
    106.40538189015));
#9194 = CARTESIAN_POINT('',(256.41797633353,-342.9841243501,
    106.52102402961));
#9195 = CARTESIAN_POINT('',(261.49749220731,-343.4425230751,
    108.71461770797));
#9196 = CARTESIAN_POINT('',(264.82846846707,-350.4567244897,
    103.76681955053));
#9197 = CARTESIAN_POINT('',(269.29986524939,-343.0121378522,
    105.59155239513));
#9198 = CARTESIAN_POINT('',(273.76120192934,-347.7588404768,
    103.50204425531));
#9199 = CARTESIAN_POINT('',(277.11561224167,-353.3606277805,
    109.69247239806));
#9200 = CARTESIAN_POINT('',(282.18739413143,-353.3367216549,
    107.86677983291));
#9201 = CARTESIAN_POINT('',(286.38362479911,-354.271283907,
    107.89433564151));
#9202 = CARTESIAN_POINT('',(290.6929217221,-354.847889184,
    107.51974607684));
#9203 = CARTESIAN_POINT('',(294.99728518776,-354.3588080423,
    107.48988036724));
#9204 = CARTESIAN_POINT('',(299.24599549207,-353.7901119822,
    107.55928005039));
#9205 = CARTESIAN_POINT('',(303.52499017227,-353.4883529959,
    107.59574491688));
#9206 = CARTESIAN_POINT('',(307.79622056725,-353.0935611937,
    107.80340376121));
#9207 = CARTESIAN_POINT('',(312.08441986464,-353.1308297482,
    107.81739684307));
#9208 = CARTESIAN_POINT('',(316.3318452167,-352.4386263063,
    108.16610039197));
#9209 = CARTESIAN_POINT('',(320.63289091038,-352.613986077,
    108.10657534829));
#9210 = CARTESIAN_POINT('',(324.90801010291,-352.4009028593,
    108.19483412707));
#9211 = CARTESIAN_POINT('',(329.18807309953,-352.4120243352,
    108.13180459606));
#9212 = CARTESIAN_POINT('',(333.47733801931,-352.2816201873,
    108.21315009459));
#9213 = CARTESIAN_POINT('',(337.7470456075,-352.7380514406,
    108.03036034855));
#9214 = CARTESIAN_POINT('',(342.02123400371,-352.304842404,
    108.10727788028));
#9215 = CARTESIAN_POINT('',(346.30443528757,-352.3819686905,
    108.08295134916));
#9216 = CARTESIAN_POINT('',(350.5884217255,-352.4435488278,
    108.11122639037));
#9217 = CARTESIAN_POINT('',(354.84926238005,-351.9794079932,
    108.1752941403));
#9218 = CARTESIAN_POINT('',(359.17649042862,-352.5549722809,
    108.10145435466));
#9219 = CARTESIAN_POINT('',(363.32021844008,-351.4246463803,
    108.30130950061));
#9220 = CARTESIAN_POINT('',(368.68503275418,-353.1399913243,
    108.02561752997));
#9221 = CARTESIAN_POINT('',(371.24903411287,-347.9824481739,
    108.944752294));
#9222 = CARTESIAN_POINT('',(377.42638182418,-342.2830112007,
    109.90251255849));
#9223 = CARTESIAN_POINT('',(379.73562276372,-355.6760810615,
    108.27713569094));
#9224 = CARTESIAN_POINT('',(385.92015942773,-342.4769420221,
    110.02619709458));
#9225 = CARTESIAN_POINT('',(387.95796901408,-354.6336106287,
    108.64797490444));
#9226 = CARTESIAN_POINT('',(392.55136708921,-355.9386227009,
    108.70261388802));
#9227 = CARTESIAN_POINT('',(397.86107277384,-339.6502082901,
    110.87837420395));
#9228 = CARTESIAN_POINT('',(397.6403,-350.3415853836,109.55213187789));
#9229 = DEFINITIONAL_REPRESENTATION('',(#9230),#9234);
#9230 = LINE('',#9231,#9232);
#9231 = CARTESIAN_POINT('',(35.,0.));
#9232 = VECTOR('',#9233,1.);
#9233 = DIRECTION('',(0.,1.));
#9234 = ( GEOMETRIC_REPRESENTATION_CONTEXT(2) 
PARAMETRIC_REPRESENTATION_CONTEXT() REPRESENTATION_CONTEXT('2D SPACE',''
  ) );
#9235 = ORIENTED_EDGE('',*,*,#9236,.F.);
#9236 = EDGE_CURVE('',#8773,#9027,#9237,.T.);
#9237 = SURFACE_CURVE('',#9238,(#9241,#9248),.PCURVE_S1.);
#9238 = B_SPLINE_CURVE_WITH_KNOTS('',1,(#9239,#9240),.UNSPECIFIED.,.F.,
  .F.,(2,2),(34.,35.),.PIECEWISE_BEZIER_KNOTS.);
#9239 = CARTESIAN_POINT('',(397.6403,-350.6940859518,109.51106935856));
#9240 = CARTESIAN_POINT('',(397.6403,-350.5178356677,109.53160061822));
#9241 = PCURVE('',#8848,#9242);
#9242 = DEFINITIONAL_REPRESENTATION('',(#9243),#9247);
#9243 = LINE('',#9244,#9245);
#9244 = CARTESIAN_POINT('',(0.,1.));
#9245 = VECTOR('',#9246,1.);
#9246 = DIRECTION('',(1.,0.));
#9247 = ( GEOMETRIC_REPRESENTATION_CONTEXT(2) 
PARAMETRIC_REPRESENTATION_CONTEXT() REPRESENTATION_CONTEXT('2D SPACE',''
  ) );
#9248 = PCURVE('',#401,#9249);
#9249 = DEFINITIONAL_REPRESENTATION('',(#9250),#9253);
#9250 = B_SPLINE_CURVE_WITH_KNOTS('',1,(#9251,#9252),.UNSPECIFIED.,.F.,
  .F.,(2,2),(34.,35.),.PIECEWISE_BEZIER_KNOTS.);
#9251 = CARTESIAN_POINT('',(1.064652539353,-3.933282982871E-06));
#9252 = CARTESIAN_POINT('',(0.887210449461,-3.277735800111E-06));
#9253 = ( GEOMETRIC_REPRESENTATION_CONTEXT(2) 
PARAMETRIC_REPRESENTATION_CONTEXT() REPRESENTATION_CONTEXT('2D SPACE',''
  ) );
#9254 = ORIENTED_EDGE('',*,*,#8772,.F.);
#9255 = ADVANCED_FACE('',(#9256),#9102,.T.);
#9256 = FACE_BOUND('',#9257,.T.);
#9257 = EDGE_LOOP('',(#9258,#9279,#9489,#9508));
#9258 = ORIENTED_EDGE('',*,*,#9259,.T.);
#9259 = EDGE_CURVE('',#9006,#9260,#9262,.T.);
#9260 = VERTEX_POINT('',#9261);
#9261 = CARTESIAN_POINT('',(140.9618,-349.501870302,109.53909794221));
#9262 = SURFACE_CURVE('',#9263,(#9266,#9273),.PCURVE_S1.);
#9263 = B_SPLINE_CURVE_WITH_KNOTS('',1,(#9264,#9265),.UNSPECIFIED.,.F.,
  .F.,(2,2),(35.,36.),.PIECEWISE_BEZIER_KNOTS.);
#9264 = CARTESIAN_POINT('',(140.9618,-349.7222450676,109.56477112152));
#9265 = CARTESIAN_POINT('',(140.9618,-349.501870302,109.53909794221));
#9266 = PCURVE('',#9102,#9267);
#9267 = DEFINITIONAL_REPRESENTATION('',(#9268),#9272);
#9268 = LINE('',#9269,#9270);
#9269 = CARTESIAN_POINT('',(0.,0.));
#9270 = VECTOR('',#9271,1.);
#9271 = DIRECTION('',(1.,0.));
#9272 = ( GEOMETRIC_REPRESENTATION_CONTEXT(2) 
PARAMETRIC_REPRESENTATION_CONTEXT() REPRESENTATION_CONTEXT('2D SPACE',''
  ) );
#9273 = PCURVE('',#165,#9274);
#9274 = DEFINITIONAL_REPRESENTATION('',(#9275),#9278);
#9275 = B_SPLINE_CURVE_WITH_KNOTS('',1,(#9276,#9277),.UNSPECIFIED.,.F.,
  .F.,(2,2),(35.,36.),.PIECEWISE_BEZIER_KNOTS.);
#9276 = CARTESIAN_POINT('',(0.665561076514,7.81439347692E-03));
#9277 = CARTESIAN_POINT('',(0.443704517277,5.860797285877E-03));
#9278 = ( GEOMETRIC_REPRESENTATION_CONTEXT(2) 
PARAMETRIC_REPRESENTATION_CONTEXT() REPRESENTATION_CONTEXT('2D SPACE',''
  ) );
#9279 = ORIENTED_EDGE('',*,*,#9280,.T.);
#9280 = EDGE_CURVE('',#9260,#9281,#9283,.T.);
#9281 = VERTEX_POINT('',#9282);
#9282 = CARTESIAN_POINT('',(397.6403,-350.3415853836,109.55213187789));
#9283 = SURFACE_CURVE('',#9284,(#9348,#9355),.PCURVE_S1.);
#9284 = ( BOUNDED_CURVE() B_SPLINE_CURVE(3,(#9285,#9286,#9287,#9288,
    #9289,#9290,#9291,#9292,#9293,#9294,#9295,#9296,#9297,#9298,#9299,
    #9300,#9301,#9302,#9303,#9304,#9305,#9306,#9307,#9308,#9309,#9310,
    #9311,#9312,#9313,#9314,#9315,#9316,#9317,#9318,#9319,#9320,#9321,
    #9322,#9323,#9324,#9325,#9326,#9327,#9328,#9329,#9330,#9331,#9332,
    #9333,#9334,#9335,#9336,#9337,#9338,#9339,#9340,#9341,#9342,#9343,
    #9344,#9345,#9346,#9347),.UNSPECIFIED.,.F.,.F.) 
B_SPLINE_CURVE_WITH_KNOTS((4,1,1,1,1,1,1,1,1,1,1,1,1,1,1,1,1,1,1,1,1,1,1
    ,1,1,1,1,1,1,1,1,1,1,1,1,1,1,1,1,1,1,1,1,1,1,1,1,1,1,1,1,1,1,1,1,1,1
    ,1,1,1,4),(0.,1.732138582393E-02,3.476147556169E-02,
    5.682134329819E-02,7.1962296323E-02,9.668171057498E-02,
    0.117312720082,0.137726814038,0.152748180615,0.167749813045,
    0.182740680817,0.197724569486,0.212727858992,0.227712266626,
    0.242722186927,0.257740578549,0.272730613132,0.287749851447,
    0.302807253127,0.317909897629,0.333164876512,0.348417208457,
    0.363717555355,0.379021830365,0.39430254102,0.409403510223,
    0.424503833082,0.439703221214,0.455034147268,0.475266642259,
    0.494822408855,0.514358099005,0.53448350075,0.549791243926,
    0.564993335593,0.580114457875,0.595233122966,0.610524778841,
    0.625831283594,0.641129798524,0.656395058325,0.671658347301,
    0.686764177688,0.701824559728,0.716841998439,0.731832580826,
    0.74685884212,0.761877146393,0.776861271766,0.791847146503,
    0.806852809101,0.821843806167,0.836903306197,0.851969913481,
    0.873073700462,0.890743423327,0.916073608219,0.937085032849,
0.966089436802,0.983488965917,1.),.UNSPECIFIED.) CURVE() 
GEOMETRIC_REPRESENTATION_ITEM() RATIONAL_B_SPLINE_CURVE((1.,
    0.99999999999,1.000000000005,0.999999999998,1.,1.,1.,1.,1.,1.,1.,1.,
    1.,1.,1.,1.,1.,1.,1.,1.,1.,1.,1.,1.,1.,1.,1.,1.,1.,1.,1.,1.,1.,1.,1.
    ,1.,1.,1.,1.,1.,1.,1.,1.,1.,1.,1.,1.,1.,1.,1.,1.,1.,1.,1.,1.,1.,1.,
    1.,1.,0.999999999999,1.000000000002,0.999999999996,1.)) 
REPRESENTATION_ITEM('') );
#9285 = CARTESIAN_POINT('',(140.9618,-349.501870302,109.53909794221));
#9286 = CARTESIAN_POINT('',(139.3469737637,-355.0467870165,
    110.47332443168));
#9287 = CARTESIAN_POINT('',(146.55711552643,-342.2861986707,
    108.34929175037));
#9288 = CARTESIAN_POINT('',(149.83248812156,-344.1616990445,
    108.4143220489));
#9289 = CARTESIAN_POINT('',(152.63844988999,-345.4758017289,
    108.4155327829));
#9290 = CARTESIAN_POINT('',(159.61432189493,-341.1205664999,
    107.48099591445));
#9291 = CARTESIAN_POINT('',(161.57498576671,-355.8913449041,
    109.59099237067));
#9292 = CARTESIAN_POINT('',(166.85069272796,-346.731948421,
    108.32436677692));
#9293 = CARTESIAN_POINT('',(170.05924171584,-340.992146293,
    107.0943391375));
#9294 = CARTESIAN_POINT('',(175.2605606702,-341.452747544,
    107.10629214108));
#9295 = CARTESIAN_POINT('',(179.44145366882,-341.0250129054,
    106.99752442559));
#9296 = CARTESIAN_POINT('',(183.74546905009,-340.8759176792,
    106.94356973019));
#9297 = CARTESIAN_POINT('',(188.02212458981,-340.6738764437,
    106.88233614228));
#9298 = CARTESIAN_POINT('',(192.29363155905,-340.624631299,
    106.77339669596));
#9299 = CARTESIAN_POINT('',(196.58004983101,-340.59149182,
    106.72826186608));
#9300 = CARTESIAN_POINT('',(200.85501156117,-340.5584700622,
    106.47240006425));
#9301 = CARTESIAN_POINT('',(205.12596544359,-340.5445718038,
    106.66216041489));
#9302 = CARTESIAN_POINT('',(209.41439322258,-340.6684328478,
    106.43925805782));
#9303 = CARTESIAN_POINT('',(213.69322367635,-340.6242274031,
    106.45051571329));
#9304 = CARTESIAN_POINT('',(217.96934112329,-340.8578193394,
    106.36743112293));
#9305 = CARTESIAN_POINT('',(222.26952895422,-341.1289705581,
    106.32662353628));
#9306 = CARTESIAN_POINT('',(226.5166643478,-341.0766659932,
    106.13325146024));
#9307 = CARTESIAN_POINT('',(230.80856684708,-341.20108513,
    105.90263201263));
#9308 = CARTESIAN_POINT('',(235.07622110161,-341.4565322949,
    105.75495871442));
#9309 = CARTESIAN_POINT('',(239.35488141397,-341.6050122891,
    105.66881828246));
#9310 = CARTESIAN_POINT('',(243.60389158591,-341.5765592865,
    105.62895735329));
#9311 = CARTESIAN_POINT('',(247.90844854027,-341.8286057318,
    105.91099267425));
#9312 = CARTESIAN_POINT('',(252.2213347776,-342.363575399,
    106.40538189015));
#9313 = CARTESIAN_POINT('',(256.41797633353,-342.9841243501,
    106.52102402961));
#9314 = CARTESIAN_POINT('',(261.49749220731,-343.4425230751,
    108.71461770797));
#9315 = CARTESIAN_POINT('',(264.82846846707,-350.4567244897,
    103.76681955053));
#9316 = CARTESIAN_POINT('',(269.29986524939,-343.0121378522,
    105.59155239513));
#9317 = CARTESIAN_POINT('',(273.76120192934,-347.7588404768,
    103.50204425531));
#9318 = CARTESIAN_POINT('',(277.11561224167,-353.3606277805,
    109.69247239806));
#9319 = CARTESIAN_POINT('',(282.18739413143,-353.3367216549,
    107.86677983291));
#9320 = CARTESIAN_POINT('',(286.38362479911,-354.271283907,
    107.89433564151));
#9321 = CARTESIAN_POINT('',(290.6929217221,-354.847889184,
    107.51974607684));
#9322 = CARTESIAN_POINT('',(294.99728518776,-354.3588080423,
    107.48988036724));
#9323 = CARTESIAN_POINT('',(299.24599549207,-353.7901119822,
    107.55928005039));
#9324 = CARTESIAN_POINT('',(303.52499017227,-353.4883529959,
    107.59574491688));
#9325 = CARTESIAN_POINT('',(307.79622056725,-353.0935611937,
    107.80340376121));
#9326 = CARTESIAN_POINT('',(312.08441986464,-353.1308297482,
    107.81739684307));
#9327 = CARTESIAN_POINT('',(316.3318452167,-352.4386263063,
    108.16610039197));
#9328 = CARTESIAN_POINT('',(320.63289091038,-352.613986077,
    108.10657534829));
#9329 = CARTESIAN_POINT('',(324.90801010291,-352.4009028593,
    108.19483412707));
#9330 = CARTESIAN_POINT('',(329.18807309953,-352.4120243352,
    108.13180459606));
#9331 = CARTESIAN_POINT('',(333.47733801931,-352.2816201873,
    108.21315009459));
#9332 = CARTESIAN_POINT('',(337.7470456075,-352.7380514406,
    108.03036034855));
#9333 = CARTESIAN_POINT('',(342.02123400371,-352.304842404,
    108.10727788028));
#9334 = CARTESIAN_POINT('',(346.30443528757,-352.3819686905,
    108.08295134916));
#9335 = CARTESIAN_POINT('',(350.5884217255,-352.4435488278,
    108.11122639037));
#9336 = CARTESIAN_POINT('',(354.84926238005,-351.9794079932,
    108.1752941403));
#9337 = CARTESIAN_POINT('',(359.17649042862,-352.5549722809,
    108.10145435466));
#9338 = CARTESIAN_POINT('',(363.32021844008,-351.4246463803,
    108.30130950061));
#9339 = CARTESIAN_POINT('',(368.68503275418,-353.1399913243,
    108.02561752997));
#9340 = CARTESIAN_POINT('',(371.24903411287,-347.9824481739,
    108.944752294));
#9341 = CARTESIAN_POINT('',(377.42638182418,-342.2830112007,
    109.90251255849));
#9342 = CARTESIAN_POINT('',(379.73562276372,-355.6760810615,
    108.27713569094));
#9343 = CARTESIAN_POINT('',(385.92015942773,-342.4769420221,
    110.02619709458));
#9344 = CARTESIAN_POINT('',(387.95796901408,-354.6336106287,
    108.64797490444));
#9345 = CARTESIAN_POINT('',(392.55136708921,-355.9386227009,
    108.70261388802));
#9346 = CARTESIAN_POINT('',(397.86107277384,-339.6502082901,
    110.87837420395));
#9347 = CARTESIAN_POINT('',(397.6403,-350.3415853836,109.55213187789));
#9348 = PCURVE('',#9102,#9349);
#9349 = DEFINITIONAL_REPRESENTATION('',(#9350),#9354);
#9350 = LINE('',#9351,#9352);
#9351 = CARTESIAN_POINT('',(36.,0.));
#9352 = VECTOR('',#9353,1.);
#9353 = DIRECTION('',(0.,1.));
#9354 = ( GEOMETRIC_REPRESENTATION_CONTEXT(2) 
PARAMETRIC_REPRESENTATION_CONTEXT() REPRESENTATION_CONTEXT('2D SPACE',''
  ) );
#9355 = PCURVE('',#9356,#9483);
#9356 = ( BOUNDED_SURFACE() B_SPLINE_SURFACE(1,3,(
    (#9357,#9358,#9359,#9360,#9361,#9362,#9363,#9364,#9365,#9366,#9367
      ,#9368,#9369,#9370,#9371,#9372,#9373,#9374,#9375,#9376,#9377,#9378
      ,#9379,#9380,#9381,#9382,#9383,#9384,#9385,#9386,#9387,#9388,#9389
      ,#9390,#9391,#9392,#9393,#9394,#9395,#9396,#9397,#9398,#9399,#9400
      ,#9401,#9402,#9403,#9404,#9405,#9406,#9407,#9408,#9409,#9410,#9411
      ,#9412,#9413,#9414,#9415,#9416,#9417,#9418,#9419)
    ,(#9420,#9421,#9422,#9423,#9424,#9425,#9426,#9427,#9428,#9429,#9430
      ,#9431,#9432,#9433,#9434,#9435,#9436,#9437,#9438,#9439,#9440,#9441
      ,#9442,#9443,#9444,#9445,#9446,#9447,#9448,#9449,#9450,#9451,#9452
      ,#9453,#9454,#9455,#9456,#9457,#9458,#9459,#9460,#9461,#9462,#9463
      ,#9464,#9465,#9466,#9467,#9468,#9469,#9470,#9471,#9472,#9473,#9474
      ,#9475,#9476,#9477,#9478,#9479,#9480,#9481,#9482
)),.UNSPECIFIED.,.F.,.F.,.F.) B_SPLINE_SURFACE_WITH_KNOTS((2,2),(4,1,1,1
    ,1,1,1,1,1,1,1,1,1,1,1,1,1,1,1,1,1,1,1,1,1,1,1,1,1,1,1,1,1,1,1,1,1,1
    ,1,1,1,1,1,1,1,1,1,1,1,1,1,1,1,1,1,1,1,1,1,1,4),(36.,37.),(0.,
    1.732138582393E-02,3.476147556169E-02,5.682134329819E-02,
    7.1962296323E-02,9.668171057498E-02,0.117312720082,0.137726814038,
    0.152748180615,0.167749813045,0.182740680817,0.197724569486,
    0.212727858992,0.227712266626,0.242722186927,0.257740578549,
    0.272730613132,0.287749851447,0.302807253127,0.317909897629,
    0.333164876512,0.348417208457,0.363717555355,0.379021830365,
    0.39430254102,0.409403510223,0.424503833082,0.439703221214,
    0.455034147268,0.475266642259,0.494822408855,0.514358099005,
    0.53448350075,0.549791243926,0.564993335593,0.580114457875,
    0.595233122966,0.610524778841,0.625831283594,0.641129798524,
    0.656395058325,0.671658347301,0.686764177688,0.701824559728,
    0.716841998439,0.731832580826,0.74685884212,0.761877146393,
    0.776861271766,0.791847146503,0.806852809101,0.821843806167,
    0.836903306197,0.851969913481,0.873073700462,0.890743423327,
    0.916073608219,0.937085032849,0.966089436802,0.983488965917,1.),
.UNSPECIFIED.) GEOMETRIC_REPRESENTATION_ITEM() RATIONAL_B_SPLINE_SURFACE
((
    (1.,0.99999999999,1.000000000005,0.999999999998,1.,1.,1.,1.,1.,1.,1.
      ,1.,1.,1.,1.,1.,1.,1.,1.,1.,1.,1.,1.,1.,1.,1.,1.,1.,1.,1.,1.,1.,1.
      ,1.,1.,1.,1.,1.,1.,1.,1.,1.,1.,1.,1.,1.,1.,1.,1.,1.,1.,1.,1.,1.,1.
      ,1.,1.,1.,1.,0.999999999999,1.000000000002,0.999999999996,1.)
    ,(1.,0.99999999999,1.000000000005,0.999999999998,1.,1.,1.,1.,1.,1.
      ,1.,1.,1.,1.,1.,1.,1.,1.,1.,1.,1.,1.,1.,1.,1.,1.,1.,1.,1.,1.,1.,1.
      ,1.,1.,1.,1.,1.,1.,1.,1.,1.,1.,1.,1.,1.,1.,1.,1.,1.,1.,1.,1.,1.,1.
      ,1.,1.,1.,1.,1.,0.999999999999,1.000000000002,0.999999999996,1.
))) REPRESENTATION_ITEM('') SURFACE() );
#9357 = CARTESIAN_POINT('',(140.9618,-349.501870302,109.53909794221));
#9358 = CARTESIAN_POINT('',(139.3469737637,-355.0467870165,
    110.47332443168));
#9359 = CARTESIAN_POINT('',(146.55711552643,-342.2861986707,
    108.34929175037));
#9360 = CARTESIAN_POINT('',(149.83248812156,-344.1616990445,
    108.4143220489));
#9361 = CARTESIAN_POINT('',(152.63844988999,-345.4758017289,
    108.4155327829));
#9362 = CARTESIAN_POINT('',(159.61432189493,-341.1205664999,
    107.48099591445));
#9363 = CARTESIAN_POINT('',(161.57498576671,-355.8913449041,
    109.59099237067));
#9364 = CARTESIAN_POINT('',(166.85069272796,-346.731948421,
    108.32436677692));
#9365 = CARTESIAN_POINT('',(170.05924171584,-340.992146293,
    107.0943391375));
#9366 = CARTESIAN_POINT('',(175.2605606702,-341.452747544,
    107.10629214108));
#9367 = CARTESIAN_POINT('',(179.44145366882,-341.0250129054,
    106.99752442559));
#9368 = CARTESIAN_POINT('',(183.74546905009,-340.8759176792,
    106.94356973019));
#9369 = CARTESIAN_POINT('',(188.02212458981,-340.6738764437,
    106.88233614228));
#9370 = CARTESIAN_POINT('',(192.29363155905,-340.624631299,
    106.77339669596));
#9371 = CARTESIAN_POINT('',(196.58004983101,-340.59149182,
    106.72826186608));
#9372 = CARTESIAN_POINT('',(200.85501156117,-340.5584700622,
    106.47240006425));
#9373 = CARTESIAN_POINT('',(205.12596544359,-340.5445718038,
    106.66216041489));
#9374 = CARTESIAN_POINT('',(209.41439322258,-340.6684328478,
    106.43925805782));
#9375 = CARTESIAN_POINT('',(213.69322367635,-340.6242274031,
    106.45051571329));
#9376 = CARTESIAN_POINT('',(217.96934112329,-340.8578193394,
    106.36743112293));
#9377 = CARTESIAN_POINT('',(222.26952895422,-341.1289705581,
    106.32662353628));
#9378 = CARTESIAN_POINT('',(226.5166643478,-341.0766659932,
    106.13325146024));
#9379 = CARTESIAN_POINT('',(230.80856684708,-341.20108513,
    105.90263201263));
#9380 = CARTESIAN_POINT('',(235.07622110161,-341.4565322949,
    105.75495871442));
#9381 = CARTESIAN_POINT('',(239.35488141397,-341.6050122891,
    105.66881828246));
#9382 = CARTESIAN_POINT('',(243.60389158591,-341.5765592865,
    105.62895735329));
#9383 = CARTESIAN_POINT('',(247.90844854027,-341.8286057318,
    105.91099267425));
#9384 = CARTESIAN_POINT('',(252.2213347776,-342.363575399,
    106.40538189015));
#9385 = CARTESIAN_POINT('',(256.41797633353,-342.9841243501,
    106.52102402961));
#9386 = CARTESIAN_POINT('',(261.49749220731,-343.4425230751,
    108.71461770797));
#9387 = CARTESIAN_POINT('',(264.82846846707,-350.4567244897,
    103.76681955053));
#9388 = CARTESIAN_POINT('',(269.29986524939,-343.0121378522,
    105.59155239513));
#9389 = CARTESIAN_POINT('',(273.76120192934,-347.7588404768,
    103.50204425531));
#9390 = CARTESIAN_POINT('',(277.11561224167,-353.3606277805,
    109.69247239806));
#9391 = CARTESIAN_POINT('',(282.18739413143,-353.3367216549,
    107.86677983291));
#9392 = CARTESIAN_POINT('',(286.38362479911,-354.271283907,
    107.89433564151));
#9393 = CARTESIAN_POINT('',(290.6929217221,-354.847889184,
    107.51974607684));
#9394 = CARTESIAN_POINT('',(294.99728518776,-354.3588080423,
    107.48988036724));
#9395 = CARTESIAN_POINT('',(299.24599549207,-353.7901119822,
    107.55928005039));
#9396 = CARTESIAN_POINT('',(303.52499017227,-353.4883529959,
    107.59574491688));
#9397 = CARTESIAN_POINT('',(307.79622056725,-353.0935611937,
    107.80340376121));
#9398 = CARTESIAN_POINT('',(312.08441986464,-353.1308297482,
    107.81739684307));
#9399 = CARTESIAN_POINT('',(316.3318452167,-352.4386263063,
    108.16610039197));
#9400 = CARTESIAN_POINT('',(320.63289091038,-352.613986077,
    108.10657534829));
#9401 = CARTESIAN_POINT('',(324.90801010291,-352.4009028593,
    108.19483412707));
#9402 = CARTESIAN_POINT('',(329.18807309953,-352.4120243352,
    108.13180459606));
#9403 = CARTESIAN_POINT('',(333.47733801931,-352.2816201873,
    108.21315009459));
#9404 = CARTESIAN_POINT('',(337.7470456075,-352.7380514406,
    108.03036034855));
#9405 = CARTESIAN_POINT('',(342.02123400371,-352.304842404,
    108.10727788028));
#9406 = CARTESIAN_POINT('',(346.30443528757,-352.3819686905,
    108.08295134916));
#9407 = CARTESIAN_POINT('',(350.5884217255,-352.4435488278,
    108.11122639037));
#9408 = CARTESIAN_POINT('',(354.84926238005,-351.9794079932,
    108.1752941403));
#9409 = CARTESIAN_POINT('',(359.17649042862,-352.5549722809,
    108.10145435466));
#9410 = CARTESIAN_POINT('',(363.32021844008,-351.4246463803,
    108.30130950061));
#9411 = CARTESIAN_POINT('',(368.68503275418,-353.1399913243,
    108.02561752997));
#9412 = CARTESIAN_POINT('',(371.24903411287,-347.9824481739,
    108.944752294));
#9413 = CARTESIAN_POINT('',(377.42638182418,-342.2830112007,
    109.90251255849));
#9414 = CARTESIAN_POINT('',(379.73562276372,-355.6760810615,
    108.27713569094));
#9415 = CARTESIAN_POINT('',(385.92015942773,-342.4769420221,
    110.02619709458));
#9416 = CARTESIAN_POINT('',(387.95796901408,-354.6336106287,
    108.64797490444));
#9417 = CARTESIAN_POINT('',(392.55136708921,-355.9386227009,
    108.70261388802));
#9418 = CARTESIAN_POINT('',(397.86107277384,-339.6502082901,
    110.87837420395));
#9419 = CARTESIAN_POINT('',(397.6403,-350.3415853836,109.55213187789));
#9420 = CARTESIAN_POINT('',(140.9618,-349.2814955365,109.51342476289));
#9421 = CARTESIAN_POINT('',(139.3469737637,-354.2730544341,
    110.40391630955));
#9422 = CARTESIAN_POINT('',(146.55711552643,-341.8326655914,
    108.30743641465));
#9423 = CARTESIAN_POINT('',(149.83248812156,-343.8606457593,
    108.38097374554));
#9424 = CARTESIAN_POINT('',(152.63844988999,-344.5489434861,
    108.31966354705));
#9425 = CARTESIAN_POINT('',(159.61432189493,-340.0017236861,
    107.34958741225));
#9426 = CARTESIAN_POINT('',(161.57498576671,-355.5482548575,
    109.49675066499));
#9427 = CARTESIAN_POINT('',(166.85069272796,-346.2993983264,
    108.31564523513));
#9428 = CARTESIAN_POINT('',(170.05924171584,-339.6194166448,
    106.90938660729));
#9429 = CARTESIAN_POINT('',(175.2605606702,-340.218148029,
    106.91246104536));
#9430 = CARTESIAN_POINT('',(179.44145366882,-339.7055205768,
    106.79948146374));
#9431 = CARTESIAN_POINT('',(183.74546905009,-339.5325276721,
    106.75373794887));
#9432 = CARTESIAN_POINT('',(188.02212458981,-339.3377149569,
    106.63795972308));
#9433 = CARTESIAN_POINT('',(192.29363155905,-339.2444389484,
    106.5413200184));
#9434 = CARTESIAN_POINT('',(196.58004983101,-339.1862716679,
    106.47138244054));
#9435 = CARTESIAN_POINT('',(200.85501156117,-339.2247193574,
    106.28996262698));
#9436 = CARTESIAN_POINT('',(205.12596544359,-339.1557021277,
    106.29343008015));
#9437 = CARTESIAN_POINT('',(209.41439322258,-339.2767871783,
    106.23098488814));
#9438 = CARTESIAN_POINT('',(213.69322367635,-339.2829532074,
    106.26233113406));
#9439 = CARTESIAN_POINT('',(217.96934112329,-339.5715735943,
    106.03061187559));
#9440 = CARTESIAN_POINT('',(222.26952895422,-339.9097024621,
    106.01954073357));
#9441 = CARTESIAN_POINT('',(226.5166643478,-339.9301993172,
    105.82675791364));
#9442 = CARTESIAN_POINT('',(230.80856684708,-340.127058802,
    105.61408836484));
#9443 = CARTESIAN_POINT('',(235.07622110161,-340.4588277851,
    105.47474994241));
#9444 = CARTESIAN_POINT('',(239.35488141397,-340.6735400697,
    105.42834396955));
#9445 = CARTESIAN_POINT('',(243.60389158591,-340.7397244638,
    105.37126187341));
#9446 = CARTESIAN_POINT('',(247.90844854027,-341.0565843086,
    105.70160527586));
#9447 = CARTESIAN_POINT('',(252.2213347776,-341.6580253681,
    106.29376136295));
#9448 = CARTESIAN_POINT('',(256.41797633353,-342.3428144823,
    106.4437971659));
#9449 = CARTESIAN_POINT('',(261.49749220731,-342.9509931358,
    108.54106800962));
#9450 = CARTESIAN_POINT('',(264.82846846707,-349.6032159653,
    103.83601465638));
#9451 = CARTESIAN_POINT('',(269.29986524939,-343.2638577669,
    106.42118488978));
#9452 = CARTESIAN_POINT('',(273.76120192934,-346.9514828378,
    103.50876972969));
#9453 = CARTESIAN_POINT('',(277.11561224167,-352.8728823247,
    109.91343009413));
#9454 = CARTESIAN_POINT('',(282.18739413143,-352.7569811815,
    108.1478477643));
#9455 = CARTESIAN_POINT('',(286.38362479911,-353.6587600242,
    108.2594476657));
#9456 = CARTESIAN_POINT('',(290.6929217221,-354.1581146442,
    107.92188689708));
#9457 = CARTESIAN_POINT('',(294.99728518776,-353.5920077269,
    107.91174580213));
#9458 = CARTESIAN_POINT('',(299.24599549207,-352.9410029646,
    108.0094528925));
#9459 = CARTESIAN_POINT('',(303.52499017227,-352.5655533006,
    108.06724439589));
#9460 = CARTESIAN_POINT('',(307.79622056725,-352.056807192,
    108.20655359403));
#9461 = CARTESIAN_POINT('',(312.08441986464,-352.0029884043,
    108.18363071274));
#9462 = CARTESIAN_POINT('',(316.3318452167,-351.2401621223,108.553024487
    ));
#9463 = CARTESIAN_POINT('',(320.63289091038,-351.345265234,
    108.49243747441));
#9464 = CARTESIAN_POINT('',(324.90801010291,-351.0751368157,
    108.57332861526));
#9465 = CARTESIAN_POINT('',(329.18807309953,-351.0395661804,
    108.4492630856));
#9466 = CARTESIAN_POINT('',(333.47733801931,-350.8829898518,
    108.5252261281));
#9467 = CARTESIAN_POINT('',(337.7470456075,-351.3989336277,
    108.33668189365));
#9468 = CARTESIAN_POINT('',(342.02123400371,-350.9153456042,
    108.43436243338));
#9469 = CARTESIAN_POINT('',(346.30443528757,-351.0139134333,
    108.360750484));
#9470 = CARTESIAN_POINT('',(350.5884217255,-351.0827311645,
    108.3870949493));
#9471 = CARTESIAN_POINT('',(354.84926238005,-350.6755732525,
    108.41402183063));
#9472 = CARTESIAN_POINT('',(359.17649042862,-351.2328128856,
    108.34301994135));
#9473 = CARTESIAN_POINT('',(363.32021844008,-350.1982364776,
    108.52831522142));
#9474 = CARTESIAN_POINT('',(368.68503275418,-351.8948618866,
    108.24313550052));
#9475 = CARTESIAN_POINT('',(371.24903411287,-347.0925574141,
    109.10506245273));
#9476 = CARTESIAN_POINT('',(377.42638182418,-341.9940310618,
    109.93922363249));
#9477 = CARTESIAN_POINT('',(379.73562276372,-354.3617586293,
    108.54270442307));
#9478 = CARTESIAN_POINT('',(385.92015942773,-342.116518222,
    110.0678205721));
#9479 = CARTESIAN_POINT('',(387.95796901408,-354.3434525839,
    108.68881298209));
#9480 = CARTESIAN_POINT('',(392.55136708921,-355.2058587009,
    108.81415835437));
#9481 = CARTESIAN_POINT('',(397.86107277384,-339.5511529353,
    110.8374600938));
#9482 = CARTESIAN_POINT('',(397.6403,-350.1653350995,109.57266313756));
#9483 = DEFINITIONAL_REPRESENTATION('',(#9484),#9488);
#9484 = LINE('',#9485,#9486);
#9485 = CARTESIAN_POINT('',(36.,0.));
#9486 = VECTOR('',#9487,1.);
#9487 = DIRECTION('',(0.,1.));
#9488 = ( GEOMETRIC_REPRESENTATION_CONTEXT(2) 
PARAMETRIC_REPRESENTATION_CONTEXT() REPRESENTATION_CONTEXT('2D SPACE',''
  ) );
#9489 = ORIENTED_EDGE('',*,*,#9490,.F.);
#9490 = EDGE_CURVE('',#9027,#9281,#9491,.T.);
#9491 = SURFACE_CURVE('',#9492,(#9495,#9502),.PCURVE_S1.);
#9492 = B_SPLINE_CURVE_WITH_KNOTS('',1,(#9493,#9494),.UNSPECIFIED.,.F.,
  .F.,(2,2),(35.,36.),.PIECEWISE_BEZIER_KNOTS.);
#9493 = CARTESIAN_POINT('',(397.6403,-350.5178356677,109.53160061822));
#9494 = CARTESIAN_POINT('',(397.6403,-350.3415853836,109.55213187789));
#9495 = PCURVE('',#9102,#9496);
#9496 = DEFINITIONAL_REPRESENTATION('',(#9497),#9501);
#9497 = LINE('',#9498,#9499);
#9498 = CARTESIAN_POINT('',(0.,1.));
#9499 = VECTOR('',#9500,1.);
#9500 = DIRECTION('',(1.,0.));
#9501 = ( GEOMETRIC_REPRESENTATION_CONTEXT(2) 
PARAMETRIC_REPRESENTATION_CONTEXT() REPRESENTATION_CONTEXT('2D SPACE',''
  ) );
#9502 = PCURVE('',#401,#9503);
#9503 = DEFINITIONAL_REPRESENTATION('',(#9504),#9507);
#9504 = B_SPLINE_CURVE_WITH_KNOTS('',1,(#9505,#9506),.UNSPECIFIED.,.F.,
  .F.,(2,2),(35.,36.),.PIECEWISE_BEZIER_KNOTS.);
#9505 = CARTESIAN_POINT('',(0.887210449461,-3.277735800111E-06));
#9506 = CARTESIAN_POINT('',(0.709768359569,-2.622188645773E-06));
#9507 = ( GEOMETRIC_REPRESENTATION_CONTEXT(2) 
PARAMETRIC_REPRESENTATION_CONTEXT() REPRESENTATION_CONTEXT('2D SPACE',''
  ) );
#9508 = ORIENTED_EDGE('',*,*,#9026,.F.);
#9509 = ADVANCED_FACE('',(#9510),#9356,.T.);
#9510 = FACE_BOUND('',#9511,.T.);
#9511 = EDGE_LOOP('',(#9512,#9533,#9743,#9762));
#9512 = ORIENTED_EDGE('',*,*,#9513,.T.);
#9513 = EDGE_CURVE('',#9260,#9514,#9516,.T.);
#9514 = VERTEX_POINT('',#9515);
#9515 = CARTESIAN_POINT('',(140.9618,-349.2814955365,109.51342476289));
#9516 = SURFACE_CURVE('',#9517,(#9520,#9527),.PCURVE_S1.);
#9517 = B_SPLINE_CURVE_WITH_KNOTS('',1,(#9518,#9519),.UNSPECIFIED.,.F.,
  .F.,(2,2),(36.,37.),.PIECEWISE_BEZIER_KNOTS.);
#9518 = CARTESIAN_POINT('',(140.9618,-349.501870302,109.53909794221));
#9519 = CARTESIAN_POINT('',(140.9618,-349.2814955365,109.51342476289));
#9520 = PCURVE('',#9356,#9521);
#9521 = DEFINITIONAL_REPRESENTATION('',(#9522),#9526);
#9522 = LINE('',#9523,#9524);
#9523 = CARTESIAN_POINT('',(0.,0.));
#9524 = VECTOR('',#9525,1.);
#9525 = DIRECTION('',(1.,0.));
#9526 = ( GEOMETRIC_REPRESENTATION_CONTEXT(2) 
PARAMETRIC_REPRESENTATION_CONTEXT() REPRESENTATION_CONTEXT('2D SPACE',''
  ) );
#9527 = PCURVE('',#165,#9528);
#9528 = DEFINITIONAL_REPRESENTATION('',(#9529),#9532);
#9529 = B_SPLINE_CURVE_WITH_KNOTS('',1,(#9530,#9531),.UNSPECIFIED.,.F.,
  .F.,(2,2),(36.,37.),.PIECEWISE_BEZIER_KNOTS.);
#9530 = CARTESIAN_POINT('',(0.443704517277,5.860797285877E-03));
#9531 = CARTESIAN_POINT('',(0.22184795804,3.907201094805E-03));
#9532 = ( GEOMETRIC_REPRESENTATION_CONTEXT(2) 
PARAMETRIC_REPRESENTATION_CONTEXT() REPRESENTATION_CONTEXT('2D SPACE',''
  ) );
#9533 = ORIENTED_EDGE('',*,*,#9534,.T.);
#9534 = EDGE_CURVE('',#9514,#9535,#9537,.T.);
#9535 = VERTEX_POINT('',#9536);
#9536 = CARTESIAN_POINT('',(397.6403,-350.1653350995,109.57266313756));
#9537 = SURFACE_CURVE('',#9538,(#9602,#9609),.PCURVE_S1.);
#9538 = ( BOUNDED_CURVE() B_SPLINE_CURVE(3,(#9539,#9540,#9541,#9542,
    #9543,#9544,#9545,#9546,#9547,#9548,#9549,#9550,#9551,#9552,#9553,
    #9554,#9555,#9556,#9557,#9558,#9559,#9560,#9561,#9562,#9563,#9564,
    #9565,#9566,#9567,#9568,#9569,#9570,#9571,#9572,#9573,#9574,#9575,
    #9576,#9577,#9578,#9579,#9580,#9581,#9582,#9583,#9584,#9585,#9586,
    #9587,#9588,#9589,#9590,#9591,#9592,#9593,#9594,#9595,#9596,#9597,
    #9598,#9599,#9600,#9601),.UNSPECIFIED.,.F.,.F.) 
B_SPLINE_CURVE_WITH_KNOTS((4,1,1,1,1,1,1,1,1,1,1,1,1,1,1,1,1,1,1,1,1,1,1
    ,1,1,1,1,1,1,1,1,1,1,1,1,1,1,1,1,1,1,1,1,1,1,1,1,1,1,1,1,1,1,1,1,1,1
    ,1,1,1,4),(0.,1.732138582393E-02,3.476147556169E-02,
    5.682134329819E-02,7.1962296323E-02,9.668171057498E-02,
    0.117312720082,0.137726814038,0.152748180615,0.167749813045,
    0.182740680817,0.197724569486,0.212727858992,0.227712266626,
    0.242722186927,0.257740578549,0.272730613132,0.287749851447,
    0.302807253127,0.317909897629,0.333164876512,0.348417208457,
    0.363717555355,0.379021830365,0.39430254102,0.409403510223,
    0.424503833082,0.439703221214,0.455034147268,0.475266642259,
    0.494822408855,0.514358099005,0.53448350075,0.549791243926,
    0.564993335593,0.580114457875,0.595233122966,0.610524778841,
    0.625831283594,0.641129798524,0.656395058325,0.671658347301,
    0.686764177688,0.701824559728,0.716841998439,0.731832580826,
    0.74685884212,0.761877146393,0.776861271766,0.791847146503,
    0.806852809101,0.821843806167,0.836903306197,0.851969913481,
    0.873073700462,0.890743423327,0.916073608219,0.937085032849,
0.966089436802,0.983488965917,1.),.UNSPECIFIED.) CURVE() 
GEOMETRIC_REPRESENTATION_ITEM() RATIONAL_B_SPLINE_CURVE((1.,
    0.99999999999,1.000000000005,0.999999999998,1.,1.,1.,1.,1.,1.,1.,1.,
    1.,1.,1.,1.,1.,1.,1.,1.,1.,1.,1.,1.,1.,1.,1.,1.,1.,1.,1.,1.,1.,1.,1.
    ,1.,1.,1.,1.,1.,1.,1.,1.,1.,1.,1.,1.,1.,1.,1.,1.,1.,1.,1.,1.,1.,1.,
    1.,1.,0.999999999999,1.000000000002,0.999999999996,1.)) 
REPRESENTATION_ITEM('') );
#9539 = CARTESIAN_POINT('',(140.9618,-349.2814955365,109.51342476289));
#9540 = CARTESIAN_POINT('',(139.3469737637,-354.2730544341,
    110.40391630955));
#9541 = CARTESIAN_POINT('',(146.55711552643,-341.8326655914,
    108.30743641465));
#9542 = CARTESIAN_POINT('',(149.83248812156,-343.8606457593,
    108.38097374554));
#9543 = CARTESIAN_POINT('',(152.63844988999,-344.5489434861,
    108.31966354705));
#9544 = CARTESIAN_POINT('',(159.61432189493,-340.0017236861,
    107.34958741225));
#9545 = CARTESIAN_POINT('',(161.57498576671,-355.5482548575,
    109.49675066499));
#9546 = CARTESIAN_POINT('',(166.85069272796,-346.2993983264,
    108.31564523513));
#9547 = CARTESIAN_POINT('',(170.05924171584,-339.6194166448,
    106.90938660729));
#9548 = CARTESIAN_POINT('',(175.2605606702,-340.218148029,
    106.91246104536));
#9549 = CARTESIAN_POINT('',(179.44145366882,-339.7055205768,
    106.79948146374));
#9550 = CARTESIAN_POINT('',(183.74546905009,-339.5325276721,
    106.75373794887));
#9551 = CARTESIAN_POINT('',(188.02212458981,-339.3377149569,
    106.63795972308));
#9552 = CARTESIAN_POINT('',(192.29363155905,-339.2444389484,
    106.5413200184));
#9553 = CARTESIAN_POINT('',(196.58004983101,-339.1862716679,
    106.47138244054));
#9554 = CARTESIAN_POINT('',(200.85501156117,-339.2247193574,
    106.28996262698));
#9555 = CARTESIAN_POINT('',(205.12596544359,-339.1557021277,
    106.29343008015));
#9556 = CARTESIAN_POINT('',(209.41439322258,-339.2767871783,
    106.23098488814));
#9557 = CARTESIAN_POINT('',(213.69322367635,-339.2829532074,
    106.26233113406));
#9558 = CARTESIAN_POINT('',(217.96934112329,-339.5715735943,
    106.03061187559));
#9559 = CARTESIAN_POINT('',(222.26952895422,-339.9097024621,
    106.01954073357));
#9560 = CARTESIAN_POINT('',(226.5166643478,-339.9301993172,
    105.82675791364));
#9561 = CARTESIAN_POINT('',(230.80856684708,-340.127058802,
    105.61408836484));
#9562 = CARTESIAN_POINT('',(235.07622110161,-340.4588277851,
    105.47474994241));
#9563 = CARTESIAN_POINT('',(239.35488141397,-340.6735400697,
    105.42834396955));
#9564 = CARTESIAN_POINT('',(243.60389158591,-340.7397244638,
    105.37126187341));
#9565 = CARTESIAN_POINT('',(247.90844854027,-341.0565843086,
    105.70160527586));
#9566 = CARTESIAN_POINT('',(252.2213347776,-341.6580253681,
    106.29376136295));
#9567 = CARTESIAN_POINT('',(256.41797633353,-342.3428144823,
    106.4437971659));
#9568 = CARTESIAN_POINT('',(261.49749220731,-342.9509931358,
    108.54106800962));
#9569 = CARTESIAN_POINT('',(264.82846846707,-349.6032159653,
    103.83601465638));
#9570 = CARTESIAN_POINT('',(269.29986524939,-343.2638577669,
    106.42118488978));
#9571 = CARTESIAN_POINT('',(273.76120192934,-346.9514828378,
    103.50876972969));
#9572 = CARTESIAN_POINT('',(277.11561224167,-352.8728823247,
    109.91343009413));
#9573 = CARTESIAN_POINT('',(282.18739413143,-352.7569811815,
    108.1478477643));
#9574 = CARTESIAN_POINT('',(286.38362479911,-353.6587600242,
    108.2594476657));
#9575 = CARTESIAN_POINT('',(290.6929217221,-354.1581146442,
    107.92188689708));
#9576 = CARTESIAN_POINT('',(294.99728518776,-353.5920077269,
    107.91174580213));
#9577 = CARTESIAN_POINT('',(299.24599549207,-352.9410029646,
    108.0094528925));
#9578 = CARTESIAN_POINT('',(303.52499017227,-352.5655533006,
    108.06724439589));
#9579 = CARTESIAN_POINT('',(307.79622056725,-352.056807192,
    108.20655359403));
#9580 = CARTESIAN_POINT('',(312.08441986464,-352.0029884043,
    108.18363071274));
#9581 = CARTESIAN_POINT('',(316.3318452167,-351.2401621223,108.553024487
    ));
#9582 = CARTESIAN_POINT('',(320.63289091038,-351.345265234,
    108.49243747441));
#9583 = CARTESIAN_POINT('',(324.90801010291,-351.0751368157,
    108.57332861526));
#9584 = CARTESIAN_POINT('',(329.18807309953,-351.0395661804,
    108.4492630856));
#9585 = CARTESIAN_POINT('',(333.47733801931,-350.8829898518,
    108.5252261281));
#9586 = CARTESIAN_POINT('',(337.7470456075,-351.3989336277,
    108.33668189365));
#9587 = CARTESIAN_POINT('',(342.02123400371,-350.9153456042,
    108.43436243338));
#9588 = CARTESIAN_POINT('',(346.30443528757,-351.0139134333,
    108.360750484));
#9589 = CARTESIAN_POINT('',(350.5884217255,-351.0827311645,
    108.3870949493));
#9590 = CARTESIAN_POINT('',(354.84926238005,-350.6755732525,
    108.41402183063));
#9591 = CARTESIAN_POINT('',(359.17649042862,-351.2328128856,
    108.34301994135));
#9592 = CARTESIAN_POINT('',(363.32021844008,-350.1982364776,
    108.52831522142));
#9593 = CARTESIAN_POINT('',(368.68503275418,-351.8948618866,
    108.24313550052));
#9594 = CARTESIAN_POINT('',(371.24903411287,-347.0925574141,
    109.10506245273));
#9595 = CARTESIAN_POINT('',(377.42638182418,-341.9940310618,
    109.93922363249));
#9596 = CARTESIAN_POINT('',(379.73562276372,-354.3617586293,
    108.54270442307));
#9597 = CARTESIAN_POINT('',(385.92015942773,-342.116518222,
    110.0678205721));
#9598 = CARTESIAN_POINT('',(387.95796901408,-354.3434525839,
    108.68881298209));
#9599 = CARTESIAN_POINT('',(392.55136708921,-355.2058587009,
    108.81415835437));
#9600 = CARTESIAN_POINT('',(397.86107277384,-339.5511529353,
    110.8374600938));
#9601 = CARTESIAN_POINT('',(397.6403,-350.1653350995,109.57266313756));
#9602 = PCURVE('',#9356,#9603);
#9603 = DEFINITIONAL_REPRESENTATION('',(#9604),#9608);
#9604 = LINE('',#9605,#9606);
#9605 = CARTESIAN_POINT('',(37.,0.));
#9606 = VECTOR('',#9607,1.);
#9607 = DIRECTION('',(0.,1.));
#9608 = ( GEOMETRIC_REPRESENTATION_CONTEXT(2) 
PARAMETRIC_REPRESENTATION_CONTEXT() REPRESENTATION_CONTEXT('2D SPACE',''
  ) );
#9609 = PCURVE('',#9610,#9737);
#9610 = ( BOUNDED_SURFACE() B_SPLINE_SURFACE(1,3,(
    (#9611,#9612,#9613,#9614,#9615,#9616,#9617,#9618,#9619,#9620,#9621
      ,#9622,#9623,#9624,#9625,#9626,#9627,#9628,#9629,#9630,#9631,#9632
      ,#9633,#9634,#9635,#9636,#9637,#9638,#9639,#9640,#9641,#9642,#9643
      ,#9644,#9645,#9646,#9647,#9648,#9649,#9650,#9651,#9652,#9653,#9654
      ,#9655,#9656,#9657,#9658,#9659,#9660,#9661,#9662,#9663,#9664,#9665
      ,#9666,#9667,#9668,#9669,#9670,#9671,#9672,#9673)
    ,(#9674,#9675,#9676,#9677,#9678,#9679,#9680,#9681,#9682,#9683,#9684
      ,#9685,#9686,#9687,#9688,#9689,#9690,#9691,#9692,#9693,#9694,#9695
      ,#9696,#9697,#9698,#9699,#9700,#9701,#9702,#9703,#9704,#9705,#9706
      ,#9707,#9708,#9709,#9710,#9711,#9712,#9713,#9714,#9715,#9716,#9717
      ,#9718,#9719,#9720,#9721,#9722,#9723,#9724,#9725,#9726,#9727,#9728
      ,#9729,#9730,#9731,#9732,#9733,#9734,#9735,#9736
)),.UNSPECIFIED.,.F.,.F.,.F.) B_SPLINE_SURFACE_WITH_KNOTS((2,2),(4,1,1,1
    ,1,1,1,1,1,1,1,1,1,1,1,1,1,1,1,1,1,1,1,1,1,1,1,1,1,1,1,1,1,1,1,1,1,1
    ,1,1,1,1,1,1,1,1,1,1,1,1,1,1,1,1,1,1,1,1,1,1,4),(37.,38.),(0.,
    1.732138582393E-02,3.476147556169E-02,5.682134329819E-02,
    7.1962296323E-02,9.668171057498E-02,0.117312720082,0.137726814038,
    0.152748180615,0.167749813045,0.182740680817,0.197724569486,
    0.212727858992,0.227712266626,0.242722186927,0.257740578549,
    0.272730613132,0.287749851447,0.302807253127,0.317909897629,
    0.333164876512,0.348417208457,0.363717555355,0.379021830365,
    0.39430254102,0.409403510223,0.424503833082,0.439703221214,
    0.455034147268,0.475266642259,0.494822408855,0.514358099005,
    0.53448350075,0.549791243926,0.564993335593,0.580114457875,
    0.595233122966,0.610524778841,0.625831283594,0.641129798524,
    0.656395058325,0.671658347301,0.686764177688,0.701824559728,
    0.716841998439,0.731832580826,0.74685884212,0.761877146393,
    0.776861271766,0.791847146503,0.806852809101,0.821843806167,
    0.836903306197,0.851969913481,0.873073700462,0.890743423327,
    0.916073608219,0.937085032849,0.966089436802,0.983488965917,1.),
.UNSPECIFIED.) GEOMETRIC_REPRESENTATION_ITEM() RATIONAL_B_SPLINE_SURFACE
((
    (1.,0.99999999999,1.000000000005,0.999999999998,1.,1.,1.,1.,1.,1.,1.
      ,1.,1.,1.,1.,1.,1.,1.,1.,1.,1.,1.,1.,1.,1.,1.,1.,1.,1.,1.,1.,1.,1.
      ,1.,1.,1.,1.,1.,1.,1.,1.,1.,1.,1.,1.,1.,1.,1.,1.,1.,1.,1.,1.,1.,1.
      ,1.,1.,1.,1.,0.999999999999,1.000000000002,0.999999999996,1.)
    ,(1.,0.99999999999,1.000000000005,0.999999999998,1.,1.,1.,1.,1.,1.
      ,1.,1.,1.,1.,1.,1.,1.,1.,1.,1.,1.,1.,1.,1.,1.,1.,1.,1.,1.,1.,1.,1.
      ,1.,1.,1.,1.,1.,1.,1.,1.,1.,1.,1.,1.,1.,1.,1.,1.,1.,1.,1.,1.,1.,1.
      ,1.,1.,1.,1.,1.,0.999999999999,1.000000000002,0.999999999996,1.
))) REPRESENTATION_ITEM('') SURFACE() );
#9611 = CARTESIAN_POINT('',(140.9618,-349.2814955365,109.51342476289));
#9612 = CARTESIAN_POINT('',(139.3469737637,-354.2730544341,
    110.40391630955));
#9613 = CARTESIAN_POINT('',(146.55711552643,-341.8326655914,
    108.30743641465));
#9614 = CARTESIAN_POINT('',(149.83248812156,-343.8606457593,
    108.38097374554));
#9615 = CARTESIAN_POINT('',(152.63844988999,-344.5489434861,
    108.31966354705));
#9616 = CARTESIAN_POINT('',(159.61432189493,-340.0017236861,
    107.34958741225));
#9617 = CARTESIAN_POINT('',(161.57498576671,-355.5482548575,
    109.49675066499));
#9618 = CARTESIAN_POINT('',(166.85069272796,-346.2993983264,
    108.31564523513));
#9619 = CARTESIAN_POINT('',(170.05924171584,-339.6194166448,
    106.90938660729));
#9620 = CARTESIAN_POINT('',(175.2605606702,-340.218148029,
    106.91246104536));
#9621 = CARTESIAN_POINT('',(179.44145366882,-339.7055205768,
    106.79948146374));
#9622 = CARTESIAN_POINT('',(183.74546905009,-339.5325276721,
    106.75373794887));
#9623 = CARTESIAN_POINT('',(188.02212458981,-339.3377149569,
    106.63795972308));
#9624 = CARTESIAN_POINT('',(192.29363155905,-339.2444389484,
    106.5413200184));
#9625 = CARTESIAN_POINT('',(196.58004983101,-339.1862716679,
    106.47138244054));
#9626 = CARTESIAN_POINT('',(200.85501156117,-339.2247193574,
    106.28996262698));
#9627 = CARTESIAN_POINT('',(205.12596544359,-339.1557021277,
    106.29343008015));
#9628 = CARTESIAN_POINT('',(209.41439322258,-339.2767871783,
    106.23098488814));
#9629 = CARTESIAN_POINT('',(213.69322367635,-339.2829532074,
    106.26233113406));
#9630 = CARTESIAN_POINT('',(217.96934112329,-339.5715735943,
    106.03061187559));
#9631 = CARTESIAN_POINT('',(222.26952895422,-339.9097024621,
    106.01954073357));
#9632 = CARTESIAN_POINT('',(226.5166643478,-339.9301993172,
    105.82675791364));
#9633 = CARTESIAN_POINT('',(230.80856684708,-340.127058802,
    105.61408836484));
#9634 = CARTESIAN_POINT('',(235.07622110161,-340.4588277851,
    105.47474994241));
#9635 = CARTESIAN_POINT('',(239.35488141397,-340.6735400697,
    105.42834396955));
#9636 = CARTESIAN_POINT('',(243.60389158591,-340.7397244638,
    105.37126187341));
#9637 = CARTESIAN_POINT('',(247.90844854027,-341.0565843086,
    105.70160527586));
#9638 = CARTESIAN_POINT('',(252.2213347776,-341.6580253681,
    106.29376136295));
#9639 = CARTESIAN_POINT('',(256.41797633353,-342.3428144823,
    106.4437971659));
#9640 = CARTESIAN_POINT('',(261.49749220731,-342.9509931358,
    108.54106800962));
#9641 = CARTESIAN_POINT('',(264.82846846707,-349.6032159653,
    103.83601465638));
#9642 = CARTESIAN_POINT('',(269.29986524939,-343.2638577669,
    106.42118488978));
#9643 = CARTESIAN_POINT('',(273.76120192934,-346.9514828378,
    103.50876972969));
#9644 = CARTESIAN_POINT('',(277.11561224167,-352.8728823247,
    109.91343009413));
#9645 = CARTESIAN_POINT('',(282.18739413143,-352.7569811815,
    108.1478477643));
#9646 = CARTESIAN_POINT('',(286.38362479911,-353.6587600242,
    108.2594476657));
#9647 = CARTESIAN_POINT('',(290.6929217221,-354.1581146442,
    107.92188689708));
#9648 = CARTESIAN_POINT('',(294.99728518776,-353.5920077269,
    107.91174580213));
#9649 = CARTESIAN_POINT('',(299.24599549207,-352.9410029646,
    108.0094528925));
#9650 = CARTESIAN_POINT('',(303.52499017227,-352.5655533006,
    108.06724439589));
#9651 = CARTESIAN_POINT('',(307.79622056725,-352.056807192,
    108.20655359403));
#9652 = CARTESIAN_POINT('',(312.08441986464,-352.0029884043,
    108.18363071274));
#9653 = CARTESIAN_POINT('',(316.3318452167,-351.2401621223,108.553024487
    ));
#9654 = CARTESIAN_POINT('',(320.63289091038,-351.345265234,
    108.49243747441));
#9655 = CARTESIAN_POINT('',(324.90801010291,-351.0751368157,
    108.57332861526));
#9656 = CARTESIAN_POINT('',(329.18807309953,-351.0395661804,
    108.4492630856));
#9657 = CARTESIAN_POINT('',(333.47733801931,-350.8829898518,
    108.5252261281));
#9658 = CARTESIAN_POINT('',(337.7470456075,-351.3989336277,
    108.33668189365));
#9659 = CARTESIAN_POINT('',(342.02123400371,-350.9153456042,
    108.43436243338));
#9660 = CARTESIAN_POINT('',(346.30443528757,-351.0139134333,
    108.360750484));
#9661 = CARTESIAN_POINT('',(350.5884217255,-351.0827311645,
    108.3870949493));
#9662 = CARTESIAN_POINT('',(354.84926238005,-350.6755732525,
    108.41402183063));
#9663 = CARTESIAN_POINT('',(359.17649042862,-351.2328128856,
    108.34301994135));
#9664 = CARTESIAN_POINT('',(363.32021844008,-350.1982364776,
    108.52831522142));
#9665 = CARTESIAN_POINT('',(368.68503275418,-351.8948618866,
    108.24313550052));
#9666 = CARTESIAN_POINT('',(371.24903411287,-347.0925574141,
    109.10506245273));
#9667 = CARTESIAN_POINT('',(377.42638182418,-341.9940310618,
    109.93922363249));
#9668 = CARTESIAN_POINT('',(379.73562276372,-354.3617586293,
    108.54270442307));
#9669 = CARTESIAN_POINT('',(385.92015942773,-342.116518222,
    110.0678205721));
#9670 = CARTESIAN_POINT('',(387.95796901408,-354.3434525839,
    108.68881298209));
#9671 = CARTESIAN_POINT('',(392.55136708921,-355.2058587009,
    108.81415835437));
#9672 = CARTESIAN_POINT('',(397.86107277384,-339.5511529353,
    110.8374600938));
#9673 = CARTESIAN_POINT('',(397.6403,-350.1653350995,109.57266313756));
#9674 = CARTESIAN_POINT('',(140.9618,-349.061120771,109.48775158358));
#9675 = CARTESIAN_POINT('',(139.3469737637,-353.5041221002,
    110.40382961225));
#9676 = CARTESIAN_POINT('',(146.55711552643,-341.3766395186,
    108.23742384688));
#9677 = CARTESIAN_POINT('',(149.83248812156,-343.5590048865,
    108.37046031162));
#9678 = CARTESIAN_POINT('',(152.63844988999,-343.623709792,
    108.22227914488));
#9679 = CARTESIAN_POINT('',(159.61432189493,-338.8814344097,
    107.17970885784));
#9680 = CARTESIAN_POINT('',(161.57498576671,-355.209312312,
    109.68548206286));
#9681 = CARTESIAN_POINT('',(166.85069272796,-345.8660630656,
    108.23558491727));
#9682 = CARTESIAN_POINT('',(170.05924171584,-338.2460296029,
    106.7430505557));
#9683 = CARTESIAN_POINT('',(175.2605606702,-338.9860864559,
    106.69888751233));
#9684 = CARTESIAN_POINT('',(179.44145366882,-338.3831989984,
    106.62022338986));
#9685 = CARTESIAN_POINT('',(183.74546905009,-338.1978648439,
    106.50884981338));
#9686 = CARTESIAN_POINT('',(188.02212458981,-337.9954482317,
    106.43422779038));
#9687 = CARTESIAN_POINT('',(192.29363155905,-337.8596227978,
    106.33243247173));
#9688 = CARTESIAN_POINT('',(196.58004983101,-337.7835219998,
    106.21791321716));
#9689 = CARTESIAN_POINT('',(200.85501156117,-337.8731498133,
    106.14671219174));
#9690 = CARTESIAN_POINT('',(205.12596544359,-337.7545617053,
    106.03300502371));
#9691 = CARTESIAN_POINT('',(209.41439322258,-337.8706015255,
    105.97225534053));
#9692 = CARTESIAN_POINT('',(213.69322367635,-338.0686384547,
    105.86547244396));
#9693 = CARTESIAN_POINT('',(217.96934112329,-338.2486117977,
    105.76238303151));
#9694 = CARTESIAN_POINT('',(222.26952895422,-338.6996294836,
    105.69729627352));
#9695 = CARTESIAN_POINT('',(226.5166643478,-338.7690622919,
    105.57520187472));
#9696 = CARTESIAN_POINT('',(230.80856684708,-339.0395399013,
    105.38562779053));
#9697 = CARTESIAN_POINT('',(235.07622110161,-339.4458008261,
    105.26989250065));
#9698 = CARTESIAN_POINT('',(239.35488141397,-339.7418267152,
    105.19008504716));
#9699 = CARTESIAN_POINT('',(243.60389158591,-339.8802695024,
    105.22142213156));
#9700 = CARTESIAN_POINT('',(247.90844854027,-340.2768673711,
    105.60218251169));
#9701 = CARTESIAN_POINT('',(252.2213347776,-340.9576662834,
    106.1568111219));
#9702 = CARTESIAN_POINT('',(256.41797633353,-341.7461868511,
    106.56707509625));
#9703 = CARTESIAN_POINT('',(261.49749220731,-342.2225887541,
    108.26554138438));
#9704 = CARTESIAN_POINT('',(264.82846846707,-349.8228008618,
    104.9418221647));
#9705 = CARTESIAN_POINT('',(269.29986524939,-343.1583508202,
    106.90471513314));
#9706 = CARTESIAN_POINT('',(273.76120192934,-347.1607804885,
    104.52335894603));
#9707 = CARTESIAN_POINT('',(277.11561224167,-352.1967041521,
    109.96776452771));
#9708 = CARTESIAN_POINT('',(282.18739413143,-352.2168935893,
    108.4593919527));
#9709 = CARTESIAN_POINT('',(286.38362479911,-353.0530181707,
    108.64914601655));
#9710 = CARTESIAN_POINT('',(290.6929217221,-353.471142812,
    108.32434328621));
#9711 = CARTESIAN_POINT('',(294.99728518776,-352.8536265035,
    108.38603774819));
#9712 = CARTESIAN_POINT('',(299.24599549207,-352.0571448413,
    108.3912286551));
#9713 = CARTESIAN_POINT('',(303.52499017227,-351.6234630021,
    108.49424219715));
#9714 = CARTESIAN_POINT('',(307.79622056725,-351.0263454787,
    108.62079156003));
#9715 = CARTESIAN_POINT('',(312.08441986464,-350.9052050436,
    108.6327837834));
#9716 = CARTESIAN_POINT('',(316.3318452167,-350.0440529643,
    108.9488128523));
#9717 = CARTESIAN_POINT('',(320.63289091038,-350.077401758,
    108.88172697404));
#9718 = CARTESIAN_POINT('',(324.90801010291,-349.7436262411,
    108.92940282965));
#9719 = CARTESIAN_POINT('',(329.18807309953,-349.6916117552,
    108.86111598193));
#9720 = CARTESIAN_POINT('',(333.47733801931,-349.4776024326,
    108.81111705446));
#9721 = CARTESIAN_POINT('',(337.7470456075,-350.0622963045,
    108.65318119462));
#9722 = CARTESIAN_POINT('',(342.02123400371,-349.5226933005,
    108.74696137069));
#9723 = CARTESIAN_POINT('',(346.30443528757,-349.6559808554,
    108.68622123177));
#9724 = CARTESIAN_POINT('',(350.5884217255,-349.718439092,
    108.64624693726));
#9725 = CARTESIAN_POINT('',(354.84926238005,-349.3771808359,
    108.67988783944));
#9726 = CARTESIAN_POINT('',(359.17649042862,-349.9092135038,
    108.57749087474));
#9727 = CARTESIAN_POINT('',(363.32021844008,-348.9719670363,
    108.75559981616));
#9728 = CARTESIAN_POINT('',(368.68503275418,-350.6484769671,
    108.45501691484));
#9729 = CARTESIAN_POINT('',(371.24903411287,-346.2093034158,
    109.29589397973));
#9730 = CARTESIAN_POINT('',(377.42638182418,-341.7048064194,
    109.97735033327));
#9731 = CARTESIAN_POINT('',(379.73562276372,-353.047390292,
    108.80732804768));
#9732 = CARTESIAN_POINT('',(385.92015942773,-341.7561161527,
    110.10976743148));
#9733 = CARTESIAN_POINT('',(387.95796901408,-354.0532656161,
    108.72966731926));
#9734 = CARTESIAN_POINT('',(392.55136708921,-354.4731491407,
    108.92555950672));
#9735 = CARTESIAN_POINT('',(397.86107277384,-339.4519856989,
    110.79686957752));
#9736 = CARTESIAN_POINT('',(397.6403,-349.9890848154,109.59319439722));
#9737 = DEFINITIONAL_REPRESENTATION('',(#9738),#9742);
#9738 = LINE('',#9739,#9740);
#9739 = CARTESIAN_POINT('',(37.,0.));
#9740 = VECTOR('',#9741,1.);
#9741 = DIRECTION('',(0.,1.));
#9742 = ( GEOMETRIC_REPRESENTATION_CONTEXT(2) 
PARAMETRIC_REPRESENTATION_CONTEXT() REPRESENTATION_CONTEXT('2D SPACE',''
  ) );
#9743 = ORIENTED_EDGE('',*,*,#9744,.F.);
#9744 = EDGE_CURVE('',#9281,#9535,#9745,.T.);
#9745 = SURFACE_CURVE('',#9746,(#9749,#9756),.PCURVE_S1.);
#9746 = B_SPLINE_CURVE_WITH_KNOTS('',1,(#9747,#9748),.UNSPECIFIED.,.F.,
  .F.,(2,2),(36.,37.),.PIECEWISE_BEZIER_KNOTS.);
#9747 = CARTESIAN_POINT('',(397.6403,-350.3415853836,109.55213187789));
#9748 = CARTESIAN_POINT('',(397.6403,-350.1653350995,109.57266313756));
#9749 = PCURVE('',#9356,#9750);
#9750 = DEFINITIONAL_REPRESENTATION('',(#9751),#9755);
#9751 = LINE('',#9752,#9753);
#9752 = CARTESIAN_POINT('',(0.,1.));
#9753 = VECTOR('',#9754,1.);
#9754 = DIRECTION('',(1.,0.));
#9755 = ( GEOMETRIC_REPRESENTATION_CONTEXT(2) 
PARAMETRIC_REPRESENTATION_CONTEXT() REPRESENTATION_CONTEXT('2D SPACE',''
  ) );
#9756 = PCURVE('',#401,#9757);
#9757 = DEFINITIONAL_REPRESENTATION('',(#9758),#9761);
#9758 = B_SPLINE_CURVE_WITH_KNOTS('',1,(#9759,#9760),.UNSPECIFIED.,.F.,
  .F.,(2,2),(36.,37.),.PIECEWISE_BEZIER_KNOTS.);
#9759 = CARTESIAN_POINT('',(0.709768359569,-2.622188645773E-06));
#9760 = CARTESIAN_POINT('',(0.532326269677,-1.966641491435E-06));
#9761 = ( GEOMETRIC_REPRESENTATION_CONTEXT(2) 
PARAMETRIC_REPRESENTATION_CONTEXT() REPRESENTATION_CONTEXT('2D SPACE',''
  ) );
#9762 = ORIENTED_EDGE('',*,*,#9280,.F.);
#9763 = ADVANCED_FACE('',(#9764),#9610,.T.);
#9764 = FACE_BOUND('',#9765,.T.);
#9765 = EDGE_LOOP('',(#9766,#9787,#9997,#10016));
#9766 = ORIENTED_EDGE('',*,*,#9767,.T.);
#9767 = EDGE_CURVE('',#9514,#9768,#9770,.T.);
#9768 = VERTEX_POINT('',#9769);
#9769 = CARTESIAN_POINT('',(140.9618,-349.061120771,109.48775158358));
#9770 = SURFACE_CURVE('',#9771,(#9774,#9781),.PCURVE_S1.);
#9771 = B_SPLINE_CURVE_WITH_KNOTS('',1,(#9772,#9773),.UNSPECIFIED.,.F.,
  .F.,(2,2),(37.,38.),.PIECEWISE_BEZIER_KNOTS.);
#9772 = CARTESIAN_POINT('',(140.9618,-349.2814955365,109.51342476289));
#9773 = CARTESIAN_POINT('',(140.9618,-349.061120771,109.48775158358));
#9774 = PCURVE('',#9610,#9775);
#9775 = DEFINITIONAL_REPRESENTATION('',(#9776),#9780);
#9776 = LINE('',#9777,#9778);
#9777 = CARTESIAN_POINT('',(0.,0.));
#9778 = VECTOR('',#9779,1.);
#9779 = DIRECTION('',(1.,0.));
#9780 = ( GEOMETRIC_REPRESENTATION_CONTEXT(2) 
PARAMETRIC_REPRESENTATION_CONTEXT() REPRESENTATION_CONTEXT('2D SPACE',''
  ) );
#9781 = PCURVE('',#165,#9782);
#9782 = DEFINITIONAL_REPRESENTATION('',(#9783),#9786);
#9783 = B_SPLINE_CURVE_WITH_KNOTS('',1,(#9784,#9785),.UNSPECIFIED.,.F.,
  .F.,(2,2),(37.,38.),.PIECEWISE_BEZIER_KNOTS.);
#9784 = CARTESIAN_POINT('',(0.22184795804,3.907201094805E-03));
#9785 = CARTESIAN_POINT('',(-8.601197350799E-06,1.953604903719E-03));
#9786 = ( GEOMETRIC_REPRESENTATION_CONTEXT(2) 
PARAMETRIC_REPRESENTATION_CONTEXT() REPRESENTATION_CONTEXT('2D SPACE',''
  ) );
#9787 = ORIENTED_EDGE('',*,*,#9788,.T.);
#9788 = EDGE_CURVE('',#9768,#9789,#9791,.T.);
#9789 = VERTEX_POINT('',#9790);
#9790 = CARTESIAN_POINT('',(397.6403,-349.9890848154,109.59319439722));
#9791 = SURFACE_CURVE('',#9792,(#9856,#9863),.PCURVE_S1.);
#9792 = ( BOUNDED_CURVE() B_SPLINE_CURVE(3,(#9793,#9794,#9795,#9796,
    #9797,#9798,#9799,#9800,#9801,#9802,#9803,#9804,#9805,#9806,#9807,
    #9808,#9809,#9810,#9811,#9812,#9813,#9814,#9815,#9816,#9817,#9818,
    #9819,#9820,#9821,#9822,#9823,#9824,#9825,#9826,#9827,#9828,#9829,
    #9830,#9831,#9832,#9833,#9834,#9835,#9836,#9837,#9838,#9839,#9840,
    #9841,#9842,#9843,#9844,#9845,#9846,#9847,#9848,#9849,#9850,#9851,
    #9852,#9853,#9854,#9855),.UNSPECIFIED.,.F.,.F.) 
B_SPLINE_CURVE_WITH_KNOTS((4,1,1,1,1,1,1,1,1,1,1,1,1,1,1,1,1,1,1,1,1,1,1
    ,1,1,1,1,1,1,1,1,1,1,1,1,1,1,1,1,1,1,1,1,1,1,1,1,1,1,1,1,1,1,1,1,1,1
    ,1,1,1,4),(0.,1.732138582393E-02,3.476147556169E-02,
    5.682134329819E-02,7.1962296323E-02,9.668171057498E-02,
    0.117312720082,0.137726814038,0.152748180615,0.167749813045,
    0.182740680817,0.197724569486,0.212727858992,0.227712266626,
    0.242722186927,0.257740578549,0.272730613132,0.287749851447,
    0.302807253127,0.317909897629,0.333164876512,0.348417208457,
    0.363717555355,0.379021830365,0.39430254102,0.409403510223,
    0.424503833082,0.439703221214,0.455034147268,0.475266642259,
    0.494822408855,0.514358099005,0.53448350075,0.549791243926,
    0.564993335593,0.580114457875,0.595233122966,0.610524778841,
    0.625831283594,0.641129798524,0.656395058325,0.671658347301,
    0.686764177688,0.701824559728,0.716841998439,0.731832580826,
    0.74685884212,0.761877146393,0.776861271766,0.791847146503,
    0.806852809101,0.821843806167,0.836903306197,0.851969913481,
    0.873073700462,0.890743423327,0.916073608219,0.937085032849,
0.966089436802,0.983488965917,1.),.UNSPECIFIED.) CURVE() 
GEOMETRIC_REPRESENTATION_ITEM() RATIONAL_B_SPLINE_CURVE((1.,
    0.99999999999,1.000000000005,0.999999999998,1.,1.,1.,1.,1.,1.,1.,1.,
    1.,1.,1.,1.,1.,1.,1.,1.,1.,1.,1.,1.,1.,1.,1.,1.,1.,1.,1.,1.,1.,1.,1.
    ,1.,1.,1.,1.,1.,1.,1.,1.,1.,1.,1.,1.,1.,1.,1.,1.,1.,1.,1.,1.,1.,1.,
    1.,1.,0.999999999999,1.000000000002,0.999999999996,1.)) 
REPRESENTATION_ITEM('') );
#9793 = CARTESIAN_POINT('',(140.9618,-349.061120771,109.48775158358));
#9794 = CARTESIAN_POINT('',(139.3469737637,-353.5041221002,
    110.40382961225));
#9795 = CARTESIAN_POINT('',(146.55711552643,-341.3766395186,
    108.23742384688));
#9796 = CARTESIAN_POINT('',(149.83248812156,-343.5590048865,
    108.37046031162));
#9797 = CARTESIAN_POINT('',(152.63844988999,-343.623709792,
    108.22227914488));
#9798 = CARTESIAN_POINT('',(159.61432189493,-338.8814344097,
    107.17970885784));
#9799 = CARTESIAN_POINT('',(161.57498576671,-355.209312312,
    109.68548206286));
#9800 = CARTESIAN_POINT('',(166.85069272796,-345.8660630656,
    108.23558491727));
#9801 = CARTESIAN_POINT('',(170.05924171584,-338.2460296029,
    106.7430505557));
#9802 = CARTESIAN_POINT('',(175.2605606702,-338.9860864559,
    106.69888751233));
#9803 = CARTESIAN_POINT('',(179.44145366882,-338.3831989984,
    106.62022338986));
#9804 = CARTESIAN_POINT('',(183.74546905009,-338.1978648439,
    106.50884981338));
#9805 = CARTESIAN_POINT('',(188.02212458981,-337.9954482317,
    106.43422779038));
#9806 = CARTESIAN_POINT('',(192.29363155905,-337.8596227978,
    106.33243247173));
#9807 = CARTESIAN_POINT('',(196.58004983101,-337.7835219998,
    106.21791321716));
#9808 = CARTESIAN_POINT('',(200.85501156117,-337.8731498133,
    106.14671219174));
#9809 = CARTESIAN_POINT('',(205.12596544359,-337.7545617053,
    106.03300502371));
#9810 = CARTESIAN_POINT('',(209.41439322258,-337.8706015255,
    105.97225534053));
#9811 = CARTESIAN_POINT('',(213.69322367635,-338.0686384547,
    105.86547244396));
#9812 = CARTESIAN_POINT('',(217.96934112329,-338.2486117977,
    105.76238303151));
#9813 = CARTESIAN_POINT('',(222.26952895422,-338.6996294836,
    105.69729627352));
#9814 = CARTESIAN_POINT('',(226.5166643478,-338.7690622919,
    105.57520187472));
#9815 = CARTESIAN_POINT('',(230.80856684708,-339.0395399013,
    105.38562779053));
#9816 = CARTESIAN_POINT('',(235.07622110161,-339.4458008261,
    105.26989250065));
#9817 = CARTESIAN_POINT('',(239.35488141397,-339.7418267152,
    105.19008504716));
#9818 = CARTESIAN_POINT('',(243.60389158591,-339.8802695024,
    105.22142213156));
#9819 = CARTESIAN_POINT('',(247.90844854027,-340.2768673711,
    105.60218251169));
#9820 = CARTESIAN_POINT('',(252.2213347776,-340.9576662834,
    106.1568111219));
#9821 = CARTESIAN_POINT('',(256.41797633353,-341.7461868511,
    106.56707509625));
#9822 = CARTESIAN_POINT('',(261.49749220731,-342.2225887541,
    108.26554138438));
#9823 = CARTESIAN_POINT('',(264.82846846707,-349.8228008618,
    104.9418221647));
#9824 = CARTESIAN_POINT('',(269.29986524939,-343.1583508202,
    106.90471513314));
#9825 = CARTESIAN_POINT('',(273.76120192934,-347.1607804885,
    104.52335894603));
#9826 = CARTESIAN_POINT('',(277.11561224167,-352.1967041521,
    109.96776452771));
#9827 = CARTESIAN_POINT('',(282.18739413143,-352.2168935893,
    108.4593919527));
#9828 = CARTESIAN_POINT('',(286.38362479911,-353.0530181707,
    108.64914601655));
#9829 = CARTESIAN_POINT('',(290.6929217221,-353.471142812,
    108.32434328621));
#9830 = CARTESIAN_POINT('',(294.99728518776,-352.8536265035,
    108.38603774819));
#9831 = CARTESIAN_POINT('',(299.24599549207,-352.0571448413,
    108.3912286551));
#9832 = CARTESIAN_POINT('',(303.52499017227,-351.6234630021,
    108.49424219715));
#9833 = CARTESIAN_POINT('',(307.79622056725,-351.0263454787,
    108.62079156003));
#9834 = CARTESIAN_POINT('',(312.08441986464,-350.9052050436,
    108.6327837834));
#9835 = CARTESIAN_POINT('',(316.3318452167,-350.0440529643,
    108.9488128523));
#9836 = CARTESIAN_POINT('',(320.63289091038,-350.077401758,
    108.88172697404));
#9837 = CARTESIAN_POINT('',(324.90801010291,-349.7436262411,
    108.92940282965));
#9838 = CARTESIAN_POINT('',(329.18807309953,-349.6916117552,
    108.86111598193));
#9839 = CARTESIAN_POINT('',(333.47733801931,-349.4776024326,
    108.81111705446));
#9840 = CARTESIAN_POINT('',(337.7470456075,-350.0622963045,
    108.65318119462));
#9841 = CARTESIAN_POINT('',(342.02123400371,-349.5226933005,
    108.74696137069));
#9842 = CARTESIAN_POINT('',(346.30443528757,-349.6559808554,
    108.68622123177));
#9843 = CARTESIAN_POINT('',(350.5884217255,-349.718439092,
    108.64624693726));
#9844 = CARTESIAN_POINT('',(354.84926238005,-349.3771808359,
    108.67988783944));
#9845 = CARTESIAN_POINT('',(359.17649042862,-349.9092135038,
    108.57749087474));
#9846 = CARTESIAN_POINT('',(363.32021844008,-348.9719670363,
    108.75559981616));
#9847 = CARTESIAN_POINT('',(368.68503275418,-350.6484769671,
    108.45501691484));
#9848 = CARTESIAN_POINT('',(371.24903411287,-346.2093034158,
    109.29589397973));
#9849 = CARTESIAN_POINT('',(377.42638182418,-341.7048064194,
    109.97735033327));
#9850 = CARTESIAN_POINT('',(379.73562276372,-353.047390292,
    108.80732804768));
#9851 = CARTESIAN_POINT('',(385.92015942773,-341.7561161527,
    110.10976743148));
#9852 = CARTESIAN_POINT('',(387.95796901408,-354.0532656161,
    108.72966731926));
#9853 = CARTESIAN_POINT('',(392.55136708921,-354.4731491407,
    108.92555950672));
#9854 = CARTESIAN_POINT('',(397.86107277384,-339.4519856989,
    110.79686957752));
#9855 = CARTESIAN_POINT('',(397.6403,-349.9890848154,109.59319439722));
#9856 = PCURVE('',#9610,#9857);
#9857 = DEFINITIONAL_REPRESENTATION('',(#9858),#9862);
#9858 = LINE('',#9859,#9860);
#9859 = CARTESIAN_POINT('',(38.,0.));
#9860 = VECTOR('',#9861,1.);
#9861 = DIRECTION('',(0.,1.));
#9862 = ( GEOMETRIC_REPRESENTATION_CONTEXT(2) 
PARAMETRIC_REPRESENTATION_CONTEXT() REPRESENTATION_CONTEXT('2D SPACE',''
  ) );
#9863 = PCURVE('',#9864,#9991);
#9864 = ( BOUNDED_SURFACE() B_SPLINE_SURFACE(1,3,(
    (#9865,#9866,#9867,#9868,#9869,#9870,#9871,#9872,#9873,#9874,#9875
      ,#9876,#9877,#9878,#9879,#9880,#9881,#9882,#9883,#9884,#9885,#9886
      ,#9887,#9888,#9889,#9890,#9891,#9892,#9893,#9894,#9895,#9896,#9897
      ,#9898,#9899,#9900,#9901,#9902,#9903,#9904,#9905,#9906,#9907,#9908
      ,#9909,#9910,#9911,#9912,#9913,#9914,#9915,#9916,#9917,#9918,#9919
      ,#9920,#9921,#9922,#9923,#9924,#9925,#9926,#9927)
    ,(#9928,#9929,#9930,#9931,#9932,#9933,#9934,#9935,#9936,#9937,#9938
      ,#9939,#9940,#9941,#9942,#9943,#9944,#9945,#9946,#9947,#9948,#9949
      ,#9950,#9951,#9952,#9953,#9954,#9955,#9956,#9957,#9958,#9959,#9960
      ,#9961,#9962,#9963,#9964,#9965,#9966,#9967,#9968,#9969,#9970,#9971
      ,#9972,#9973,#9974,#9975,#9976,#9977,#9978,#9979,#9980,#9981,#9982
      ,#9983,#9984,#9985,#9986,#9987,#9988,#9989,#9990
)),.UNSPECIFIED.,.F.,.F.,.F.) B_SPLINE_SURFACE_WITH_KNOTS((2,2),(4,1,1,1
    ,1,1,1,1,1,1,1,1,1,1,1,1,1,1,1,1,1,1,1,1,1,1,1,1,1,1,1,1,1,1,1,1,1,1
    ,1,1,1,1,1,1,1,1,1,1,1,1,1,1,1,1,1,1,1,1,1,1,4),(38.,39.),(0.,
    1.732138582393E-02,3.476147556169E-02,5.682134329819E-02,
    7.1962296323E-02,9.668171057498E-02,0.117312720082,0.137726814038,
    0.152748180615,0.167749813045,0.182740680817,0.197724569486,
    0.212727858992,0.227712266626,0.242722186927,0.257740578549,
    0.272730613132,0.287749851447,0.302807253127,0.317909897629,
    0.333164876512,0.348417208457,0.363717555355,0.379021830365,
    0.39430254102,0.409403510223,0.424503833082,0.439703221214,
    0.455034147268,0.475266642259,0.494822408855,0.514358099005,
    0.53448350075,0.549791243926,0.564993335593,0.580114457875,
    0.595233122966,0.610524778841,0.625831283594,0.641129798524,
    0.656395058325,0.671658347301,0.686764177688,0.701824559728,
    0.716841998439,0.731832580826,0.74685884212,0.761877146393,
    0.776861271766,0.791847146503,0.806852809101,0.821843806167,
    0.836903306197,0.851969913481,0.873073700462,0.890743423327,
    0.916073608219,0.937085032849,0.966089436802,0.983488965917,1.),
.UNSPECIFIED.) GEOMETRIC_REPRESENTATION_ITEM() RATIONAL_B_SPLINE_SURFACE
((
    (1.,0.99999999999,1.000000000005,0.999999999998,1.,1.,1.,1.,1.,1.,1.
      ,1.,1.,1.,1.,1.,1.,1.,1.,1.,1.,1.,1.,1.,1.,1.,1.,1.,1.,1.,1.,1.,1.
      ,1.,1.,1.,1.,1.,1.,1.,1.,1.,1.,1.,1.,1.,1.,1.,1.,1.,1.,1.,1.,1.,1.
      ,1.,1.,1.,1.,0.999999999999,1.000000000002,0.999999999996,1.)
    ,(1.,0.99999999999,1.000000000005,0.999999999998,1.,1.,1.,1.,1.,1.
      ,1.,1.,1.,1.,1.,1.,1.,1.,1.,1.,1.,1.,1.,1.,1.,1.,1.,1.,1.,1.,1.,1.
      ,1.,1.,1.,1.,1.,1.,1.,1.,1.,1.,1.,1.,1.,1.,1.,1.,1.,1.,1.,1.,1.,1.
      ,1.,1.,1.,1.,1.,0.999999999999,1.000000000002,0.999999999996,1.
))) REPRESENTATION_ITEM('') SURFACE() );
#9865 = CARTESIAN_POINT('',(140.9618,-349.061120771,109.48775158358));
#9866 = CARTESIAN_POINT('',(139.3469737637,-353.5041221002,
    110.40382961225));
#9867 = CARTESIAN_POINT('',(146.55711552643,-341.3766395186,
    108.23742384688));
#9868 = CARTESIAN_POINT('',(149.83248812156,-343.5590048865,
    108.37046031162));
#9869 = CARTESIAN_POINT('',(152.63844988999,-343.623709792,
    108.22227914488));
#9870 = CARTESIAN_POINT('',(159.61432189493,-338.8814344097,
    107.17970885784));
#9871 = CARTESIAN_POINT('',(161.57498576671,-355.209312312,
    109.68548206286));
#9872 = CARTESIAN_POINT('',(166.85069272796,-345.8660630656,
    108.23558491727));
#9873 = CARTESIAN_POINT('',(170.05924171584,-338.2460296029,
    106.7430505557));
#9874 = CARTESIAN_POINT('',(175.2605606702,-338.9860864559,
    106.69888751233));
#9875 = CARTESIAN_POINT('',(179.44145366882,-338.3831989984,
    106.62022338986));
#9876 = CARTESIAN_POINT('',(183.74546905009,-338.1978648439,
    106.50884981338));
#9877 = CARTESIAN_POINT('',(188.02212458981,-337.9954482317,
    106.43422779038));
#9878 = CARTESIAN_POINT('',(192.29363155905,-337.8596227978,
    106.33243247173));
#9879 = CARTESIAN_POINT('',(196.58004983101,-337.7835219998,
    106.21791321716));
#9880 = CARTESIAN_POINT('',(200.85501156117,-337.8731498133,
    106.14671219174));
#9881 = CARTESIAN_POINT('',(205.12596544359,-337.7545617053,
    106.03300502371));
#9882 = CARTESIAN_POINT('',(209.41439322258,-337.8706015255,
    105.97225534053));
#9883 = CARTESIAN_POINT('',(213.69322367635,-338.0686384547,
    105.86547244396));
#9884 = CARTESIAN_POINT('',(217.96934112329,-338.2486117977,
    105.76238303151));
#9885 = CARTESIAN_POINT('',(222.26952895422,-338.6996294836,
    105.69729627352));
#9886 = CARTESIAN_POINT('',(226.5166643478,-338.7690622919,
    105.57520187472));
#9887 = CARTESIAN_POINT('',(230.80856684708,-339.0395399013,
    105.38562779053));
#9888 = CARTESIAN_POINT('',(235.07622110161,-339.4458008261,
    105.26989250065));
#9889 = CARTESIAN_POINT('',(239.35488141397,-339.7418267152,
    105.19008504716));
#9890 = CARTESIAN_POINT('',(243.60389158591,-339.8802695024,
    105.22142213156));
#9891 = CARTESIAN_POINT('',(247.90844854027,-340.2768673711,
    105.60218251169));
#9892 = CARTESIAN_POINT('',(252.2213347776,-340.9576662834,
    106.1568111219));
#9893 = CARTESIAN_POINT('',(256.41797633353,-341.7461868511,
    106.56707509625));
#9894 = CARTESIAN_POINT('',(261.49749220731,-342.2225887541,
    108.26554138438));
#9895 = CARTESIAN_POINT('',(264.82846846707,-349.8228008618,
    104.9418221647));
#9896 = CARTESIAN_POINT('',(269.29986524939,-343.1583508202,
    106.90471513314));
#9897 = CARTESIAN_POINT('',(273.76120192934,-347.1607804885,
    104.52335894603));
#9898 = CARTESIAN_POINT('',(277.11561224167,-352.1967041521,
    109.96776452771));
#9899 = CARTESIAN_POINT('',(282.18739413143,-352.2168935893,
    108.4593919527));
#9900 = CARTESIAN_POINT('',(286.38362479911,-353.0530181707,
    108.64914601655));
#9901 = CARTESIAN_POINT('',(290.6929217221,-353.471142812,
    108.32434328621));
#9902 = CARTESIAN_POINT('',(294.99728518776,-352.8536265035,
    108.38603774819));
#9903 = CARTESIAN_POINT('',(299.24599549207,-352.0571448413,
    108.3912286551));
#9904 = CARTESIAN_POINT('',(303.52499017227,-351.6234630021,
    108.49424219715));
#9905 = CARTESIAN_POINT('',(307.79622056725,-351.0263454787,
    108.62079156003));
#9906 = CARTESIAN_POINT('',(312.08441986464,-350.9052050436,
    108.6327837834));
#9907 = CARTESIAN_POINT('',(316.3318452167,-350.0440529643,
    108.9488128523));
#9908 = CARTESIAN_POINT('',(320.63289091038,-350.077401758,
    108.88172697404));
#9909 = CARTESIAN_POINT('',(324.90801010291,-349.7436262411,
    108.92940282965));
#9910 = CARTESIAN_POINT('',(329.18807309953,-349.6916117552,
    108.86111598193));
#9911 = CARTESIAN_POINT('',(333.47733801931,-349.4776024326,
    108.81111705446));
#9912 = CARTESIAN_POINT('',(337.7470456075,-350.0622963045,
    108.65318119462));
#9913 = CARTESIAN_POINT('',(342.02123400371,-349.5226933005,
    108.74696137069));
#9914 = CARTESIAN_POINT('',(346.30443528757,-349.6559808554,
    108.68622123177));
#9915 = CARTESIAN_POINT('',(350.5884217255,-349.718439092,
    108.64624693726));
#9916 = CARTESIAN_POINT('',(354.84926238005,-349.3771808359,
    108.67988783944));
#9917 = CARTESIAN_POINT('',(359.17649042862,-349.9092135038,
    108.57749087474));
#9918 = CARTESIAN_POINT('',(363.32021844008,-348.9719670363,
    108.75559981616));
#9919 = CARTESIAN_POINT('',(368.68503275418,-350.6484769671,
    108.45501691484));
#9920 = CARTESIAN_POINT('',(371.24903411287,-346.2093034158,
    109.29589397973));
#9921 = CARTESIAN_POINT('',(377.42638182418,-341.7048064194,
    109.97735033327));
#9922 = CARTESIAN_POINT('',(379.73562276372,-353.047390292,
    108.80732804768));
#9923 = CARTESIAN_POINT('',(385.92015942773,-341.7561161527,
    110.10976743148));
#9924 = CARTESIAN_POINT('',(387.95796901408,-354.0532656161,
    108.72966731926));
#9925 = CARTESIAN_POINT('',(392.55136708921,-354.4731491407,
    108.92555950672));
#9926 = CARTESIAN_POINT('',(397.86107277384,-339.4519856989,
    110.79686957752));
#9927 = CARTESIAN_POINT('',(397.6403,-349.9890848154,109.59319439722));
#9928 = CARTESIAN_POINT('',(140.9618,-348.8407460055,109.46207840426));
#9929 = CARTESIAN_POINT('',(139.3469737637,-352.7321973538,
    110.3436762044));
#9930 = CARTESIAN_POINT('',(146.55711552643,-340.9203086348,
    108.20006371808));
#9931 = CARTESIAN_POINT('',(149.83248812156,-343.2587553811,
    108.40043189734));
#9932 = CARTESIAN_POINT('',(152.63844988999,-342.6957438238,
    108.14574592057));
#9933 = CARTESIAN_POINT('',(159.61432189493,-337.7567561453,
    107.06769617369));
#9934 = CARTESIAN_POINT('',(161.57498576671,-354.8725735534,
    109.89113481728));
#9935 = CARTESIAN_POINT('',(166.85069272796,-345.4304133456,
    108.14695491106));
#9936 = CARTESIAN_POINT('',(170.05924171584,-336.8790700544,
    106.59320022979));
#9937 = CARTESIAN_POINT('',(175.2605606702,-337.7488440403,
    106.64217832241));
#9938 = CARTESIAN_POINT('',(179.44145366882,-337.0561710458,
    106.48509409358));
#9939 = CARTESIAN_POINT('',(183.74546905009,-336.8506870847,
    106.39800020698));
#9940 = CARTESIAN_POINT('',(188.02212458981,-336.6430110491,
    106.31122948968));
#9941 = CARTESIAN_POINT('',(192.29363155905,-336.4930655941,
    106.22306340868));
#9942 = CARTESIAN_POINT('',(196.58004983101,-336.3600430675,
    106.10013711901));
#9943 = CARTESIAN_POINT('',(200.85501156117,-336.548699313,
    106.04226272093));
#9944 = CARTESIAN_POINT('',(205.12596544359,-336.353132933,
    105.88459666555));
#9945 = CARTESIAN_POINT('',(209.41439322258,-336.5203857021,
    105.79387649535));
#9946 = CARTESIAN_POINT('',(213.69322367635,-336.703328049,
    105.69913864485));
#9947 = CARTESIAN_POINT('',(217.96934112329,-336.9257132548,
    105.59790356713));
#9948 = CARTESIAN_POINT('',(222.26952895422,-337.5472504936,
    105.71847172436));
#9949 = CARTESIAN_POINT('',(226.5166643478,-337.6084312669,
    105.49968694637));
#9950 = CARTESIAN_POINT('',(230.80856684708,-338.0811686235,
    105.57077688447));
#9951 = CARTESIAN_POINT('',(235.07622110161,-338.4425610525,
    105.3235207432));
#9952 = CARTESIAN_POINT('',(239.35488141397,-338.8513697129,
    105.3747545512));
#9953 = CARTESIAN_POINT('',(243.60389158591,-339.2251541776,
    105.6327968076));
#9954 = CARTESIAN_POINT('',(247.90844854027,-339.7833491585,
    106.06803000914));
#9955 = CARTESIAN_POINT('',(252.2213347776,-340.3870046959,
    106.43923027124));
#9956 = CARTESIAN_POINT('',(256.41797633353,-341.4596303864,
    107.16610123484));
#9957 = CARTESIAN_POINT('',(261.49749220731,-341.4134122047,
    107.9932801332));
#9958 = CARTESIAN_POINT('',(264.82846846707,-350.0656917869,
    106.04669582378));
#9959 = CARTESIAN_POINT('',(269.29986524939,-343.04641344,
    107.38847396466));
#9960 = CARTESIAN_POINT('',(273.76120192934,-347.3729498683,
    105.53795104226));
#9961 = CARTESIAN_POINT('',(277.11561224167,-351.5161570856,
    110.02186303322));
#9962 = CARTESIAN_POINT('',(282.18739413143,-351.7174297308,
    108.84196387738));
#9963 = CARTESIAN_POINT('',(286.38362479911,-352.4218269558,
    108.99599114207));
#9964 = CARTESIAN_POINT('',(290.6929217221,-352.7871135878,
    108.73388271308));
#9965 = CARTESIAN_POINT('',(294.99728518776,-352.13553874,
    108.88595420334));
#9966 = CARTESIAN_POINT('',(299.24599549207,-351.2380678612,
    108.89905430614));
#9967 = CARTESIAN_POINT('',(303.52499017227,-350.6716790686,
    108.90601000998));
#9968 = CARTESIAN_POINT('',(307.79622056725,-349.9995887876,
    109.0449242983));
#9969 = CARTESIAN_POINT('',(312.08441986464,-349.7809894784,
    109.01154798249));
#9970 = CARTESIAN_POINT('',(316.3318452167,-348.8573912611,
    109.37046719095));
#9971 = CARTESIAN_POINT('',(320.63289091038,-348.8117446377,
    109.27833164261));
#9972 = CARTESIAN_POINT('',(324.90801010291,-348.4258919274,
    109.33292578664));
#9973 = CARTESIAN_POINT('',(329.18807309953,-348.337640408,
    109.24996119656));
#9974 = CARTESIAN_POINT('',(333.47733801931,-348.0865432073,
    109.1558582205));
#9975 = CARTESIAN_POINT('',(337.7470456075,-348.7284567766,
    108.98200989291));
#9976 = CARTESIAN_POINT('',(342.02123400371,-348.1270668191,
    109.04645161964));
#9977 = CARTESIAN_POINT('',(346.30443528757,-348.2929219866,
    108.98834199446));
#9978 = CARTESIAN_POINT('',(350.5884217255,-348.3627665287,
    108.9457599298));
#9979 = CARTESIAN_POINT('',(354.84926238005,-348.081485266,
    108.96030184625));
#9980 = CARTESIAN_POINT('',(359.17649042862,-348.5843943061,
    108.80547635011));
#9981 = CARTESIAN_POINT('',(363.32021844008,-347.7456093206,
    108.98181843118));
#9982 = CARTESIAN_POINT('',(368.68503275418,-349.3995689793,
    108.65532807027));
#9983 = CARTESIAN_POINT('',(371.24903411287,-345.3398273464,
    109.55093361398));
#9984 = CARTESIAN_POINT('',(377.42638182418,-341.4122615424,
    110.00191547581));
#9985 = CARTESIAN_POINT('',(379.73562276372,-351.7238859219,
    109.01835859112));
#9986 = CARTESIAN_POINT('',(385.92015942773,-341.3987780844,
    110.1696284189));
#9987 = CARTESIAN_POINT('',(387.95796901408,-353.7635417516,
    108.77353262885));
#9988 = CARTESIAN_POINT('',(392.55136708921,-353.73842202,
    109.02451713171));
#9989 = CARTESIAN_POINT('',(397.86107277384,-339.3572603147,
    110.78359957608));
#9990 = CARTESIAN_POINT('',(397.6403,-349.8128345313,109.61372565689));
#9991 = DEFINITIONAL_REPRESENTATION('',(#9992),#9996);
#9992 = LINE('',#9993,#9994);
#9993 = CARTESIAN_POINT('',(38.,0.));
#9994 = VECTOR('',#9995,1.);
#9995 = DIRECTION('',(0.,1.));
#9996 = ( GEOMETRIC_REPRESENTATION_CONTEXT(2) 
PARAMETRIC_REPRESENTATION_CONTEXT() REPRESENTATION_CONTEXT('2D SPACE',''
  ) );
#9997 = ORIENTED_EDGE('',*,*,#9998,.F.);
#9998 = EDGE_CURVE('',#9535,#9789,#9999,.T.);
#9999 = SURFACE_CURVE('',#10000,(#10003,#10010),.PCURVE_S1.);
#10000 = B_SPLINE_CURVE_WITH_KNOTS('',1,(#10001,#10002),.UNSPECIFIED.,
  .F.,.F.,(2,2),(37.,38.),.PIECEWISE_BEZIER_KNOTS.);
#10001 = CARTESIAN_POINT('',(397.6403,-350.1653350995,109.57266313756));
#10002 = CARTESIAN_POINT('',(397.6403,-349.9890848154,109.59319439722));
#10003 = PCURVE('',#9610,#10004);
#10004 = DEFINITIONAL_REPRESENTATION('',(#10005),#10009);
#10005 = LINE('',#10006,#10007);
#10006 = CARTESIAN_POINT('',(0.,1.));
#10007 = VECTOR('',#10008,1.);
#10008 = DIRECTION('',(1.,0.));
#10009 = ( GEOMETRIC_REPRESENTATION_CONTEXT(2) 
PARAMETRIC_REPRESENTATION_CONTEXT() REPRESENTATION_CONTEXT('2D SPACE',''
  ) );
#10010 = PCURVE('',#401,#10011);
#10011 = DEFINITIONAL_REPRESENTATION('',(#10012),#10015);
#10012 = B_SPLINE_CURVE_WITH_KNOTS('',1,(#10013,#10014),.UNSPECIFIED.,
  .F.,.F.,(2,2),(37.,38.),.PIECEWISE_BEZIER_KNOTS.);
#10013 = CARTESIAN_POINT('',(0.532326269677,-1.966641491435E-06));
#10014 = CARTESIAN_POINT('',(0.354884179784,-1.311094308676E-06));
#10015 = ( GEOMETRIC_REPRESENTATION_CONTEXT(2) 
PARAMETRIC_REPRESENTATION_CONTEXT() REPRESENTATION_CONTEXT('2D SPACE',''
  ) );
#10016 = ORIENTED_EDGE('',*,*,#9534,.F.);
#10017 = ADVANCED_FACE('',(#10018),#9864,.T.);
#10018 = FACE_BOUND('',#10019,.T.);
#10019 = EDGE_LOOP('',(#10020,#10041,#10124,#10143));
#10020 = ORIENTED_EDGE('',*,*,#10021,.T.);
#10021 = EDGE_CURVE('',#9768,#10022,#10024,.T.);
#10022 = VERTEX_POINT('',#10023);
#10023 = CARTESIAN_POINT('',(140.9618,-348.8407460055,109.46207840426));
#10024 = SURFACE_CURVE('',#10025,(#10028,#10035),.PCURVE_S1.);
#10025 = B_SPLINE_CURVE_WITH_KNOTS('',1,(#10026,#10027),.UNSPECIFIED.,
  .F.,.F.,(2,2),(38.,39.),.PIECEWISE_BEZIER_KNOTS.);
#10026 = CARTESIAN_POINT('',(140.9618,-349.061120771,109.48775158358));
#10027 = CARTESIAN_POINT('',(140.9618,-348.8407460055,109.46207840426));
#10028 = PCURVE('',#9864,#10029);
#10029 = DEFINITIONAL_REPRESENTATION('',(#10030),#10034);
#10030 = LINE('',#10031,#10032);
#10031 = CARTESIAN_POINT('',(0.,0.));
#10032 = VECTOR('',#10033,1.);
#10033 = DIRECTION('',(1.,0.));
#10034 = ( GEOMETRIC_REPRESENTATION_CONTEXT(2) 
PARAMETRIC_REPRESENTATION_CONTEXT() REPRESENTATION_CONTEXT('2D SPACE',''
  ) );
#10035 = PCURVE('',#165,#10036);
#10036 = DEFINITIONAL_REPRESENTATION('',(#10037),#10040);
#10037 = B_SPLINE_CURVE_WITH_KNOTS('',1,(#10038,#10039),.UNSPECIFIED.,
  .F.,.F.,(2,2),(38.,39.),.PIECEWISE_BEZIER_KNOTS.);
#10038 = CARTESIAN_POINT('',(-8.601197350799E-06,1.953604903719E-03));
#10039 = CARTESIAN_POINT('',(-0.221865160434,8.712660815036E-09));
#10040 = ( GEOMETRIC_REPRESENTATION_CONTEXT(2) 
PARAMETRIC_REPRESENTATION_CONTEXT() REPRESENTATION_CONTEXT('2D SPACE',''
  ) );
#10041 = ORIENTED_EDGE('',*,*,#10042,.T.);
#10042 = EDGE_CURVE('',#10022,#10043,#10045,.T.);
#10043 = VERTEX_POINT('',#10044);
#10044 = CARTESIAN_POINT('',(397.6403,-349.8128345313,109.61372565689));
#10045 = SURFACE_CURVE('',#10046,(#10110,#10117),.PCURVE_S1.);
#10046 = ( BOUNDED_CURVE() B_SPLINE_CURVE(3,(#10047,#10048,#10049,#10050
    ,#10051,#10052,#10053,#10054,#10055,#10056,#10057,#10058,#10059,
    #10060,#10061,#10062,#10063,#10064,#10065,#10066,#10067,#10068,
    #10069,#10070,#10071,#10072,#10073,#10074,#10075,#10076,#10077,
    #10078,#10079,#10080,#10081,#10082,#10083,#10084,#10085,#10086,
    #10087,#10088,#10089,#10090,#10091,#10092,#10093,#10094,#10095,
    #10096,#10097,#10098,#10099,#10100,#10101,#10102,#10103,#10104,
    #10105,#10106,#10107,#10108,#10109),.UNSPECIFIED.,.F.,.F.) 
B_SPLINE_CURVE_WITH_KNOTS((4,1,1,1,1,1,1,1,1,1,1,1,1,1,1,1,1,1,1,1,1,1,1
    ,1,1,1,1,1,1,1,1,1,1,1,1,1,1,1,1,1,1,1,1,1,1,1,1,1,1,1,1,1,1,1,1,1,1
    ,1,1,1,4),(0.,1.732138582393E-02,3.476147556169E-02,
    5.682134329819E-02,7.1962296323E-02,9.668171057498E-02,
    0.117312720082,0.137726814038,0.152748180615,0.167749813045,
    0.182740680817,0.197724569486,0.212727858992,0.227712266626,
    0.242722186927,0.257740578549,0.272730613132,0.287749851447,
    0.302807253127,0.317909897629,0.333164876512,0.348417208457,
    0.363717555355,0.379021830365,0.39430254102,0.409403510223,
    0.424503833082,0.439703221214,0.455034147268,0.475266642259,
    0.494822408855,0.514358099005,0.53448350075,0.549791243926,
    0.564993335593,0.580114457875,0.595233122966,0.610524778841,
    0.625831283594,0.641129798524,0.656395058325,0.671658347301,
    0.686764177688,0.701824559728,0.716841998439,0.731832580826,
    0.74685884212,0.761877146393,0.776861271766,0.791847146503,
    0.806852809101,0.821843806167,0.836903306197,0.851969913481,
    0.873073700462,0.890743423327,0.916073608219,0.937085032849,
0.966089436802,0.983488965917,1.),.UNSPECIFIED.) CURVE() 
GEOMETRIC_REPRESENTATION_ITEM() RATIONAL_B_SPLINE_CURVE((1.,
    0.99999999999,1.000000000005,0.999999999998,1.,1.,1.,1.,1.,1.,1.,1.,
    1.,1.,1.,1.,1.,1.,1.,1.,1.,1.,1.,1.,1.,1.,1.,1.,1.,1.,1.,1.,1.,1.,1.
    ,1.,1.,1.,1.,1.,1.,1.,1.,1.,1.,1.,1.,1.,1.,1.,1.,1.,1.,1.,1.,1.,1.,
    1.,1.,0.999999999999,1.000000000002,0.999999999996,1.)) 
REPRESENTATION_ITEM('') );
#10047 = CARTESIAN_POINT('',(140.9618,-348.8407460055,109.46207840426));
#10048 = CARTESIAN_POINT('',(139.3469737637,-352.7321973538,
    110.3436762044));
#10049 = CARTESIAN_POINT('',(146.55711552643,-340.9203086348,
    108.20006371808));
#10050 = CARTESIAN_POINT('',(149.83248812156,-343.2587553811,
    108.40043189734));
#10051 = CARTESIAN_POINT('',(152.63844988999,-342.6957438238,
    108.14574592057));
#10052 = CARTESIAN_POINT('',(159.61432189493,-337.7567561453,
    107.06769617369));
#10053 = CARTESIAN_POINT('',(161.57498576671,-354.8725735534,
    109.89113481728));
#10054 = CARTESIAN_POINT('',(166.85069272796,-345.4304133456,
    108.14695491106));
#10055 = CARTESIAN_POINT('',(170.05924171584,-336.8790700544,
    106.59320022979));
#10056 = CARTESIAN_POINT('',(175.2605606702,-337.7488440403,
    106.64217832241));
#10057 = CARTESIAN_POINT('',(179.44145366882,-337.0561710458,
    106.48509409358));
#10058 = CARTESIAN_POINT('',(183.74546905009,-336.8506870847,
    106.39800020698));
#10059 = CARTESIAN_POINT('',(188.02212458981,-336.6430110491,
    106.31122948968));
#10060 = CARTESIAN_POINT('',(192.29363155905,-336.4930655941,
    106.22306340868));
#10061 = CARTESIAN_POINT('',(196.58004983101,-336.3600430675,
    106.10013711901));
#10062 = CARTESIAN_POINT('',(200.85501156117,-336.548699313,
    106.04226272093));
#10063 = CARTESIAN_POINT('',(205.12596544359,-336.353132933,
    105.88459666555));
#10064 = CARTESIAN_POINT('',(209.41439322258,-336.5203857021,
    105.79387649535));
#10065 = CARTESIAN_POINT('',(213.69322367635,-336.703328049,
    105.69913864485));
#10066 = CARTESIAN_POINT('',(217.96934112329,-336.9257132548,
    105.59790356713));
#10067 = CARTESIAN_POINT('',(222.26952895422,-337.5472504936,
    105.71847172436));
#10068 = CARTESIAN_POINT('',(226.5166643478,-337.6084312669,
    105.49968694637));
#10069 = CARTESIAN_POINT('',(230.80856684708,-338.0811686235,
    105.57077688447));
#10070 = CARTESIAN_POINT('',(235.07622110161,-338.4425610525,
    105.3235207432));
#10071 = CARTESIAN_POINT('',(239.35488141397,-338.8513697129,
    105.3747545512));
#10072 = CARTESIAN_POINT('',(243.60389158591,-339.2251541776,
    105.6327968076));
#10073 = CARTESIAN_POINT('',(247.90844854027,-339.7833491585,
    106.06803000914));
#10074 = CARTESIAN_POINT('',(252.2213347776,-340.3870046959,
    106.43923027124));
#10075 = CARTESIAN_POINT('',(256.41797633353,-341.4596303864,
    107.16610123484));
#10076 = CARTESIAN_POINT('',(261.49749220731,-341.4134122047,
    107.9932801332));
#10077 = CARTESIAN_POINT('',(264.82846846707,-350.0656917869,
    106.04669582378));
#10078 = CARTESIAN_POINT('',(269.29986524939,-343.04641344,
    107.38847396466));
#10079 = CARTESIAN_POINT('',(273.76120192934,-347.3729498683,
    105.53795104226));
#10080 = CARTESIAN_POINT('',(277.11561224167,-351.5161570856,
    110.02186303322));
#10081 = CARTESIAN_POINT('',(282.18739413143,-351.7174297308,
    108.84196387738));
#10082 = CARTESIAN_POINT('',(286.38362479911,-352.4218269558,
    108.99599114207));
#10083 = CARTESIAN_POINT('',(290.6929217221,-352.7871135878,
    108.73388271308));
#10084 = CARTESIAN_POINT('',(294.99728518776,-352.13553874,
    108.88595420334));
#10085 = CARTESIAN_POINT('',(299.24599549207,-351.2380678612,
    108.89905430614));
#10086 = CARTESIAN_POINT('',(303.52499017227,-350.6716790686,
    108.90601000998));
#10087 = CARTESIAN_POINT('',(307.79622056725,-349.9995887876,
    109.0449242983));
#10088 = CARTESIAN_POINT('',(312.08441986464,-349.7809894784,
    109.01154798249));
#10089 = CARTESIAN_POINT('',(316.3318452167,-348.8573912611,
    109.37046719095));
#10090 = CARTESIAN_POINT('',(320.63289091038,-348.8117446377,
    109.27833164261));
#10091 = CARTESIAN_POINT('',(324.90801010291,-348.4258919274,
    109.33292578664));
#10092 = CARTESIAN_POINT('',(329.18807309953,-348.337640408,
    109.24996119656));
#10093 = CARTESIAN_POINT('',(333.47733801931,-348.0865432073,
    109.1558582205));
#10094 = CARTESIAN_POINT('',(337.7470456075,-348.7284567766,
    108.98200989291));
#10095 = CARTESIAN_POINT('',(342.02123400371,-348.1270668191,
    109.04645161964));
#10096 = CARTESIAN_POINT('',(346.30443528757,-348.2929219866,
    108.98834199446));
#10097 = CARTESIAN_POINT('',(350.5884217255,-348.3627665287,
    108.9457599298));
#10098 = CARTESIAN_POINT('',(354.84926238005,-348.081485266,
    108.96030184625));
#10099 = CARTESIAN_POINT('',(359.17649042862,-348.5843943061,
    108.80547635011));
#10100 = CARTESIAN_POINT('',(363.32021844008,-347.7456093206,
    108.98181843118));
#10101 = CARTESIAN_POINT('',(368.68503275418,-349.3995689793,
    108.65532807027));
#10102 = CARTESIAN_POINT('',(371.24903411287,-345.3398273464,
    109.55093361398));
#10103 = CARTESIAN_POINT('',(377.42638182418,-341.4122615424,
    110.00191547581));
#10104 = CARTESIAN_POINT('',(379.73562276372,-351.7238859219,
    109.01835859112));
#10105 = CARTESIAN_POINT('',(385.92015942773,-341.3987780844,
    110.1696284189));
#10106 = CARTESIAN_POINT('',(387.95796901408,-353.7635417516,
    108.77353262885));
#10107 = CARTESIAN_POINT('',(392.55136708921,-353.73842202,
    109.02451713171));
#10108 = CARTESIAN_POINT('',(397.86107277384,-339.3572603147,
    110.78359957608));
#10109 = CARTESIAN_POINT('',(397.6403,-349.8128345313,109.61372565689));
#10110 = PCURVE('',#9864,#10111);
#10111 = DEFINITIONAL_REPRESENTATION('',(#10112),#10116);
#10112 = LINE('',#10113,#10114);
#10113 = CARTESIAN_POINT('',(39.,0.));
#10114 = VECTOR('',#10115,1.);
#10115 = DIRECTION('',(0.,1.));
#10116 = ( GEOMETRIC_REPRESENTATION_CONTEXT(2) 
PARAMETRIC_REPRESENTATION_CONTEXT() REPRESENTATION_CONTEXT('2D SPACE',''
  ) );
#10117 = PCURVE('',#486,#10118);
#10118 = DEFINITIONAL_REPRESENTATION('',(#10119),#10123);
#10119 = LINE('',#10120,#10121);
#10120 = CARTESIAN_POINT('',(39.,0.));
#10121 = VECTOR('',#10122,1.);
#10122 = DIRECTION('',(0.,1.));
#10123 = ( GEOMETRIC_REPRESENTATION_CONTEXT(2) 
PARAMETRIC_REPRESENTATION_CONTEXT() REPRESENTATION_CONTEXT('2D SPACE',''
  ) );
#10124 = ORIENTED_EDGE('',*,*,#10125,.F.);
#10125 = EDGE_CURVE('',#9789,#10043,#10126,.T.);
#10126 = SURFACE_CURVE('',#10127,(#10130,#10137),.PCURVE_S1.);
#10127 = B_SPLINE_CURVE_WITH_KNOTS('',1,(#10128,#10129),.UNSPECIFIED.,
  .F.,.F.,(2,2),(38.,39.),.PIECEWISE_BEZIER_KNOTS.);
#10128 = CARTESIAN_POINT('',(397.6403,-349.9890848154,109.59319439722));
#10129 = CARTESIAN_POINT('',(397.6403,-349.8128345313,109.61372565689));
#10130 = PCURVE('',#9864,#10131);
#10131 = DEFINITIONAL_REPRESENTATION('',(#10132),#10136);
#10132 = LINE('',#10133,#10134);
#10133 = CARTESIAN_POINT('',(0.,1.));
#10134 = VECTOR('',#10135,1.);
#10135 = DIRECTION('',(1.,0.));
#10136 = ( GEOMETRIC_REPRESENTATION_CONTEXT(2) 
PARAMETRIC_REPRESENTATION_CONTEXT() REPRESENTATION_CONTEXT('2D SPACE',''
  ) );
#10137 = PCURVE('',#401,#10138);
#10138 = DEFINITIONAL_REPRESENTATION('',(#10139),#10142);
#10139 = B_SPLINE_CURVE_WITH_KNOTS('',1,(#10140,#10141),.UNSPECIFIED.,
  .F.,.F.,(2,2),(38.,39.),.PIECEWISE_BEZIER_KNOTS.);
#10140 = CARTESIAN_POINT('',(0.354884179784,-1.311094308676E-06));
#10141 = CARTESIAN_POINT('',(0.177442089892,-6.555471827596E-07));
#10142 = ( GEOMETRIC_REPRESENTATION_CONTEXT(2) 
PARAMETRIC_REPRESENTATION_CONTEXT() REPRESENTATION_CONTEXT('2D SPACE',''
  ) );
#10143 = ORIENTED_EDGE('',*,*,#9788,.F.);
#10144 = ADVANCED_FACE('',(#10145),#486,.T.);
#10145 = FACE_BOUND('',#10146,.T.);
#10146 = EDGE_LOOP('',(#10147,#10166,#10167,#10186));
#10147 = ORIENTED_EDGE('',*,*,#10148,.T.);
#10148 = EDGE_CURVE('',#10022,#22,#10149,.T.);
#10149 = SURFACE_CURVE('',#10150,(#10153,#10160),.PCURVE_S1.);
#10150 = B_SPLINE_CURVE_WITH_KNOTS('',1,(#10151,#10152),.UNSPECIFIED.,
  .F.,.F.,(2,2),(39.,40.),.PIECEWISE_BEZIER_KNOTS.);
#10151 = CARTESIAN_POINT('',(140.9618,-348.8407460055,109.46207840426));
#10152 = CARTESIAN_POINT('',(140.9618,-349.0608861657,109.4896910697));
#10153 = PCURVE('',#486,#10154);
#10154 = DEFINITIONAL_REPRESENTATION('',(#10155),#10159);
#10155 = LINE('',#10156,#10157);
#10156 = CARTESIAN_POINT('',(0.,0.));
#10157 = VECTOR('',#10158,1.);
#10158 = DIRECTION('',(1.,0.));
#10159 = ( GEOMETRIC_REPRESENTATION_CONTEXT(2) 
PARAMETRIC_REPRESENTATION_CONTEXT() REPRESENTATION_CONTEXT('2D SPACE',''
  ) );
#10160 = PCURVE('',#165,#10161);
#10161 = DEFINITIONAL_REPRESENTATION('',(#10162),#10165);
#10162 = B_SPLINE_CURVE_WITH_KNOTS('',1,(#10163,#10164),.UNSPECIFIED.,
  .F.,.F.,(2,2),(39.,40.),.PIECEWISE_BEZIER_KNOTS.);
#10163 = CARTESIAN_POINT('',(-0.221865160434,8.712660815036E-09));
#10164 = CARTESIAN_POINT('',(0.,0.));
#10165 = ( GEOMETRIC_REPRESENTATION_CONTEXT(2) 
PARAMETRIC_REPRESENTATION_CONTEXT() REPRESENTATION_CONTEXT('2D SPACE',''
  ) );
#10166 = ORIENTED_EDGE('',*,*,#412,.T.);
#10167 = ORIENTED_EDGE('',*,*,#10168,.F.);
#10168 = EDGE_CURVE('',#10043,#387,#10169,.T.);
#10169 = SURFACE_CURVE('',#10170,(#10173,#10180),.PCURVE_S1.);
#10170 = B_SPLINE_CURVE_WITH_KNOTS('',1,(#10171,#10172),.UNSPECIFIED.,
  .F.,.F.,(2,2),(39.,40.),.PIECEWISE_BEZIER_KNOTS.);
#10171 = CARTESIAN_POINT('',(397.6403,-349.8128345313,109.61372565689));
#10172 = CARTESIAN_POINT('',(397.6403,-349.6365842472,109.63425691656));
#10173 = PCURVE('',#486,#10174);
#10174 = DEFINITIONAL_REPRESENTATION('',(#10175),#10179);
#10175 = LINE('',#10176,#10177);
#10176 = CARTESIAN_POINT('',(0.,1.));
#10177 = VECTOR('',#10178,1.);
#10178 = DIRECTION('',(1.,0.));
#10179 = ( GEOMETRIC_REPRESENTATION_CONTEXT(2) 
PARAMETRIC_REPRESENTATION_CONTEXT() REPRESENTATION_CONTEXT('2D SPACE',''
  ) );
#10180 = PCURVE('',#401,#10181);
#10181 = DEFINITIONAL_REPRESENTATION('',(#10182),#10185);
#10182 = B_SPLINE_CURVE_WITH_KNOTS('',1,(#10183,#10184),.UNSPECIFIED.,
  .F.,.F.,(2,2),(39.,40.),.PIECEWISE_BEZIER_KNOTS.);
#10183 = CARTESIAN_POINT('',(0.177442089892,-6.555471827596E-07));
#10184 = CARTESIAN_POINT('',(0.,0.));
#10185 = ( GEOMETRIC_REPRESENTATION_CONTEXT(2) 
PARAMETRIC_REPRESENTATION_CONTEXT() REPRESENTATION_CONTEXT('2D SPACE',''
  ) );
#10186 = ORIENTED_EDGE('',*,*,#10042,.F.);
#10187 = ADVANCED_FACE('',(#10188),#165,.F.);
#10188 = FACE_BOUND('',#10189,.T.);
#10189 = EDGE_LOOP('',(#10190,#10191,#10192,#10193,#10194,#10195,#10196,
    #10197,#10198,#10199,#10200,#10201,#10202,#10203,#10204,#10205,
    #10206,#10207,#10208,#10209,#10210,#10211,#10212,#10213,#10214,
    #10215,#10216,#10217,#10218,#10219,#10220,#10221,#10222,#10223,
    #10224,#10225,#10226,#10227,#10228,#10229));
#10190 = ORIENTED_EDGE('',*,*,#21,.F.);
#10191 = ORIENTED_EDGE('',*,*,#10148,.F.);
#10192 = ORIENTED_EDGE('',*,*,#10021,.F.);
#10193 = ORIENTED_EDGE('',*,*,#9767,.F.);
#10194 = ORIENTED_EDGE('',*,*,#9513,.F.);
#10195 = ORIENTED_EDGE('',*,*,#9259,.F.);
#10196 = ORIENTED_EDGE('',*,*,#9005,.F.);
#10197 = ORIENTED_EDGE('',*,*,#8751,.F.);
#10198 = ORIENTED_EDGE('',*,*,#8497,.F.);
#10199 = ORIENTED_EDGE('',*,*,#8243,.F.);
#10200 = ORIENTED_EDGE('',*,*,#7989,.F.);
#10201 = ORIENTED_EDGE('',*,*,#7735,.F.);
#10202 = ORIENTED_EDGE('',*,*,#7481,.F.);
#10203 = ORIENTED_EDGE('',*,*,#7227,.F.);
#10204 = ORIENTED_EDGE('',*,*,#6973,.F.);
#10205 = ORIENTED_EDGE('',*,*,#6719,.F.);
#10206 = ORIENTED_EDGE('',*,*,#6465,.F.);
#10207 = ORIENTED_EDGE('',*,*,#6211,.F.);
#10208 = ORIENTED_EDGE('',*,*,#5957,.F.);
#10209 = ORIENTED_EDGE('',*,*,#5703,.F.);
#10210 = ORIENTED_EDGE('',*,*,#5449,.F.);
#10211 = ORIENTED_EDGE('',*,*,#5195,.F.);
#10212 = ORIENTED_EDGE('',*,*,#4941,.F.);
#10213 = ORIENTED_EDGE('',*,*,#4687,.F.);
#10214 = ORIENTED_EDGE('',*,*,#4433,.F.);
#10215 = ORIENTED_EDGE('',*,*,#4179,.F.);
#10216 = ORIENTED_EDGE('',*,*,#3925,.F.);
#10217 = ORIENTED_EDGE('',*,*,#3671,.F.);
#10218 = ORIENTED_EDGE('',*,*,#3417,.F.);
#10219 = ORIENTED_EDGE('',*,*,#3163,.F.);
#10220 = ORIENTED_EDGE('',*,*,#2909,.F.);
#10221 = ORIENTED_EDGE('',*,*,#2655,.F.);
#10222 = ORIENTED_EDGE('',*,*,#2401,.F.);
#10223 = ORIENTED_EDGE('',*,*,#2147,.F.);
#10224 = ORIENTED_EDGE('',*,*,#1893,.F.);
#10225 = ORIENTED_EDGE('',*,*,#1639,.F.);
#10226 = ORIENTED_EDGE('',*,*,#1385,.F.);
#10227 = ORIENTED_EDGE('',*,*,#1131,.F.);
#10228 = ORIENTED_EDGE('',*,*,#877,.F.);
#10229 = ORIENTED_EDGE('',*,*,#623,.F.);
#10230 = ADVANCED_FACE('',(#10231),#401,.F.);
#10231 = FACE_BOUND('',#10232,.T.);
#10232 = EDGE_LOOP('',(#10233,#10234,#10235,#10236,#10237,#10238,#10239,
    #10240,#10241,#10242,#10243,#10244,#10245,#10246,#10247,#10248,
    #10249,#10250,#10251,#10252,#10253,#10254,#10255,#10256,#10257,
    #10258,#10259,#10260,#10261,#10262,#10263,#10264,#10265,#10266,
    #10267,#10268,#10269,#10270,#10271,#10272));
#10233 = ORIENTED_EDGE('',*,*,#386,.T.);
#10234 = ORIENTED_EDGE('',*,*,#854,.T.);
#10235 = ORIENTED_EDGE('',*,*,#1108,.T.);
#10236 = ORIENTED_EDGE('',*,*,#1362,.T.);
#10237 = ORIENTED_EDGE('',*,*,#1616,.T.);
#10238 = ORIENTED_EDGE('',*,*,#1870,.T.);
#10239 = ORIENTED_EDGE('',*,*,#2124,.T.);
#10240 = ORIENTED_EDGE('',*,*,#2378,.T.);
#10241 = ORIENTED_EDGE('',*,*,#2632,.T.);
#10242 = ORIENTED_EDGE('',*,*,#2886,.T.);
#10243 = ORIENTED_EDGE('',*,*,#3140,.T.);
#10244 = ORIENTED_EDGE('',*,*,#3394,.T.);
#10245 = ORIENTED_EDGE('',*,*,#3648,.T.);
#10246 = ORIENTED_EDGE('',*,*,#3902,.T.);
#10247 = ORIENTED_EDGE('',*,*,#4156,.T.);
#10248 = ORIENTED_EDGE('',*,*,#4410,.T.);
#10249 = ORIENTED_EDGE('',*,*,#4664,.T.);
#10250 = ORIENTED_EDGE('',*,*,#4918,.T.);
#10251 = ORIENTED_EDGE('',*,*,#5172,.T.);
#10252 = ORIENTED_EDGE('',*,*,#5426,.T.);
#10253 = ORIENTED_EDGE('',*,*,#5680,.T.);
#10254 = ORIENTED_EDGE('',*,*,#5934,.T.);
#10255 = ORIENTED_EDGE('',*,*,#6188,.T.);
#10256 = ORIENTED_EDGE('',*,*,#6442,.T.);
#10257 = ORIENTED_EDGE('',*,*,#6696,.T.);
#10258 = ORIENTED_EDGE('',*,*,#6950,.T.);
#10259 = ORIENTED_EDGE('',*,*,#7204,.T.);
#10260 = ORIENTED_EDGE('',*,*,#7458,.T.);
#10261 = ORIENTED_EDGE('',*,*,#7712,.T.);
#10262 = ORIENTED_EDGE('',*,*,#7966,.T.);
#10263 = ORIENTED_EDGE('',*,*,#8220,.T.);
#10264 = ORIENTED_EDGE('',*,*,#8474,.T.);
#10265 = ORIENTED_EDGE('',*,*,#8728,.T.);
#10266 = ORIENTED_EDGE('',*,*,#8982,.T.);
#10267 = ORIENTED_EDGE('',*,*,#9236,.T.);
#10268 = ORIENTED_EDGE('',*,*,#9490,.T.);
#10269 = ORIENTED_EDGE('',*,*,#9744,.T.);
#10270 = ORIENTED_EDGE('',*,*,#9998,.T.);
#10271 = ORIENTED_EDGE('',*,*,#10125,.T.);
#10272 = ORIENTED_EDGE('',*,*,#10168,.T.);
#10273 = ( GEOMETRIC_REPRESENTATION_CONTEXT(3) 
GLOBAL_UNCERTAINTY_ASSIGNED_CONTEXT((#10277)) 
GLOBAL_UNIT_ASSIGNED_CONTEXT((#10274,#10275,#10276)) 
REPRESENTATION_CONTEXT('Context #1',
  '3D Context with UNIT and UNCERTAINTY') );
#10274 = ( LENGTH_UNIT() NAMED_UNIT(*) SI_UNIT(.MILLI.,.METRE.) );
#10275 = ( NAMED_UNIT(*) PLANE_ANGLE_UNIT() SI_UNIT($,.RADIAN.) );
#10276 = ( NAMED_UNIT(*) SI_UNIT($,.STERADIAN.) SOLID_ANGLE_UNIT() );
#10277 = UNCERTAINTY_MEASURE_WITH_UNIT(LENGTH_MEASURE(1.E-07),#10274,
  'distance_accuracy_value','confusion accuracy');
#10278 = PRODUCT_RELATED_PRODUCT_CATEGORY('part',$,(#7));
ENDSEC;
END-ISO-10303-21;
