ISO-10303-21;
HEADER;
FILE_DESCRIPTION(('Open CASCADE Model'),'2;1');
FILE_NAME('Open CASCADE Shape Model','2026-09-01T21:32:53',('Author'),(
    'Open CASCADE'),'Open CASCADE STEP processor 7.8','Open CASCADE 7.8'
  ,'Unknown');
FILE_SCHEMA(('AUTOMOTIVE_DESIGN { 1 0 10303 214 1 1 1 1 }'));
ENDSEC;
DATA;
#1 = APPLICATION_PROTOCOL_DEFINITION('international standard',
  'automotive_design',2000,#2);
#2 = APPLICATION_CONTEXT(
  'core data for automotive mechanical design processes');
#3 = SHAPE_DEFINITION_REPRESENTATION(#4,#10);
#4 = PRODUCT_DEFINITION_SHAPE('','',#5);
#5 = PRODUCT_DEFINITION('design','',#6,#9);
#6 = PRODUCT_DEFINITION_FORMATION('','',#7);
#7 = PRODUCT('Open CASCADE STEP translator 7.8 23',
  'Open CASCADE STEP translator 7.8 23','',(#8));
#8 = PRODUCT_CONTEXT('',#2,'mechanical');
#9 = PRODUCT_DEFINITION_CONTEXT('part definition',#2,'design');
#10 = ADVANCED_BREP_SHAPE_REPRESENTATION('',(#11,#15),#10273);
#11 = AXIS2_PLACEMENT_3D('',#12,#13,#14);
#12 = CARTESIAN_POINT('',(0.,0.,0.));
#13 = DIRECTION('',(0.,0.,1.));
#14 = DIRECTION('',(1.,0.,-0.));
#15 = MANIFOLD_SOLID_BREP('',#16);
#16 = CLOSED_SHELL('',(#17,#619,#873,#1127,#1381,#1635,#1889,#2143,#2397
    ,#2651,#2905,#3159,#3413,#3667,#3921,#4175,#4429,#4683,#4937,#5191,
    #5445,#5699,#5953,#6207,#6461,#6715,#6969,#7223,#7477,#7731,#7985,
    #8239,#8493,#8747,#9001,#9255,#9509,#9763,#10017,#10144,#10187,
    #10230));
#17 = ADVANCED_FACE('',(#18),#31,.T.);
#18 = FACE_BOUND('',#19,.T.);
#19 = EDGE_LOOP('',(#20,#175,#385,#411));
#20 = ORIENTED_EDGE('',*,*,#21,.T.);
#21 = EDGE_CURVE('',#22,#24,#26,.T.);
#22 = VERTEX_POINT('',#23);
#23 = CARTESIAN_POINT('',(-679.0382,4.478244654048,69.128969582525));
#24 = VERTEX_POINT('',#25);
#25 = CARTESIAN_POINT('',(-679.0382,4.117244164427,69.307574088657));
#26 = SURFACE_CURVE('',#27,(#30,#164),.PCURVE_S1.);
#27 = B_SPLINE_CURVE_WITH_KNOTS('',1,(#28,#29),.UNSPECIFIED.,.F.,.F.,(2,
    2),(0.,1.),.PIECEWISE_BEZIER_KNOTS.);
#28 = CARTESIAN_POINT('',(-679.0382,4.478244654048,69.128969582525));
#29 = CARTESIAN_POINT('',(-679.0382,4.117244164427,69.307574088657));
#30 = PCURVE('',#31,#158);
#31 = ( BOUNDED_SURFACE() B_SPLINE_SURFACE(1,3,(
    (#32,#33,#34,#35,#36,#37,#38,#39,#40,#41,#42,#43,#44,#45,#46,#47,#48
      ,#49,#50,#51,#52,#53,#54,#55,#56,#57,#58,#59,#60,#61,#62,#63,#64
      ,#65,#66,#67,#68,#69,#70,#71,#72,#73,#74,#75,#76,#77,#78,#79,#80
      ,#81,#82,#83,#84,#85,#86,#87,#88,#89,#90,#91,#92,#93,#94)
    ,(#95,#96,#97,#98,#99,#100,#101,#102,#103,#104,#105,#106,#107,#108
      ,#109,#110,#111,#112,#113,#114,#115,#116,#117,#118,#119,#120,#121
      ,#122,#123,#124,#125,#126,#127,#128,#129,#130,#131,#132,#133,#134
      ,#135,#136,#137,#138,#139,#140,#141,#142,#143,#144,#145,#146,#147
      ,#148,#149,#150,#151,#152,#153,#154,#155,#156,#157
)),.UNSPECIFIED.,.F.,.F.,.F.) B_SPLINE_SURFACE_WITH_KNOTS((2,2),(4,1,1,1
    ,1,1,1,1,1,1,1,1,1,1,1,1,1,1,1,1,1,1,1,1,1,1,1,1,1,1,1,1,1,1,1,1,1,1
    ,1,1,1,1,1,1,1,1,1,1,1,1,1,1,1,1,1,1,1,1,1,1,4),(0.,1.),(0.,
    1.671164831231E-02,3.327803306227E-02,5.000925566809E-02,
    6.648034363626E-02,8.347574416348E-02,9.998031801332E-02,
    0.116453562429,0.133787455732,0.150582398826,0.167003889564,
    0.183421183117,0.199831572897,0.216243077967,0.232654966281,
    0.249069049,0.265493630469,0.281929899437,0.298422530809,
    0.314972313288,0.331595845732,0.348279560524,0.365009232075,
    0.38168560036,0.398277240471,0.414799735375,0.431302994143,
    0.448140075223,0.464749604184,0.481553115126,0.498808354232,
    0.516050152658,0.532842545742,0.550335828942,0.567153130692,
    0.583652514422,0.600175882991,0.616768685323,0.633448038712,
    0.650182180915,0.666869665762,0.683497438564,0.700056495454,
    0.716547762365,0.732983596882,0.749407921308,0.765822295641,
    0.782233728406,0.798646209918,0.81505724388,0.831476734885,
    0.847901722287,0.864693603231,0.881980563987,0.898448960139,
    0.915352013848,0.932295303855,0.949097785181,0.966200565614,
0.982806308198,1.),.UNSPECIFIED.) GEOMETRIC_REPRESENTATION_ITEM() 
RATIONAL_B_SPLINE_SURFACE((
    (1.,0.999999999979,1.00000000001,0.999999999997,1.000000000001,1.,1.
      ,1.,1.,1.,1.,1.,1.,1.,1.,1.,1.,1.,1.,1.,1.,1.,1.,1.,1.,1.,1.,1.,1.
      ,1.,1.,1.,1.,1.,1.,1.,1.,1.,1.,1.,1.,1.,1.,1.,1.,1.,1.,1.,1.,1.,1.
      ,1.,1.,1.,1.,1.,1.,1.,0.999999999998,1.000000000007,0.999999999976
      ,1.000000000054,1.)
    ,(1.,0.999999999979,1.00000000001,0.999999999997,1.000000000001,1.
      ,1.,1.,1.,1.,1.,1.,1.,1.,1.,1.,1.,1.,1.,1.,1.,1.,1.,1.,1.,1.,1.,1.
      ,1.,1.,1.,1.,1.,1.,1.,1.,1.,1.,1.,1.,1.,1.,1.,1.,1.,1.,1.,1.,1.,1.
      ,1.,1.,1.,1.,1.,1.,1.,1.,0.999999999998,1.000000000007
,0.999999999976,1.000000000054,1.
  ))) REPRESENTATION_ITEM('') SURFACE() );
#32 = CARTESIAN_POINT('',(-679.0382,4.478244654048,69.128969582525));
#33 = CARTESIAN_POINT('',(-677.9018430398,4.455279571802,69.066853341565
    ));
#34 = CARTESIAN_POINT('',(-674.6570379481,5.310337483967,68.929550784605
    ));
#35 = CARTESIAN_POINT('',(-670.4801286148,6.124887408606,68.721107624643
    ));
#36 = CARTESIAN_POINT('',(-666.2529876958,5.510230231882,68.66629970271)
  );
#37 = CARTESIAN_POINT('',(-661.8309289879,5.073358079644,68.563055782302
    ));
#38 = CARTESIAN_POINT('',(-657.7320144142,6.062650493462,68.230121968575
    ));
#39 = CARTESIAN_POINT('',(-653.3812140229,6.991077846956,67.911210685391
    ));
#40 = CARTESIAN_POINT('',(-648.9513854559,6.904046964708,67.754344607884
    ));
#41 = CARTESIAN_POINT('',(-644.9070855266,10.225144236003,
    67.102570092531));
#42 = CARTESIAN_POINT('',(-640.582063889,11.7742738608,66.721809240849)
  );
#43 = CARTESIAN_POINT('',(-636.2554682792,11.753412391916,
    66.636925722431));
#44 = CARTESIAN_POINT('',(-631.9824711096,12.022961033089,
    66.530146332563));
#45 = CARTESIAN_POINT('',(-627.7019615338,12.116841367392,
    66.453582805424));
#46 = CARTESIAN_POINT('',(-623.4245711463,12.207431142608,
    66.373275406973));
#47 = CARTESIAN_POINT('',(-619.1463832312,12.22951841745,66.290560934481
    ));
#48 = CARTESIAN_POINT('',(-614.8669156658,12.183697368267,
    66.225544812892));
#49 = CARTESIAN_POINT('',(-610.5898165078,12.096679758017,
    66.158196389595));
#50 = CARTESIAN_POINT('',(-606.3045105877,11.91840930131,66.128948453998
    ));
#51 = CARTESIAN_POINT('',(-602.0277566031,11.72432151506,66.088607551698
    ));
#52 = CARTESIAN_POINT('',(-597.7466019923,11.47928493166,66.087432728019
    ));
#53 = CARTESIAN_POINT('',(-593.4714143357,11.303439183282,
    66.144258021767));
#54 = CARTESIAN_POINT('',(-589.1936176105,11.070324380205,
    66.172289728729));
#55 = CARTESIAN_POINT('',(-584.9304153006,10.910935495356,
    66.243718562667));
#56 = CARTESIAN_POINT('',(-580.6563793824,10.617401454802,
    66.371097567949));
#57 = CARTESIAN_POINT('',(-576.3740763318,10.326074671412,
    66.549781314291));
#58 = CARTESIAN_POINT('',(-572.0987272234,9.731312441323,66.867719217358
    ));
#59 = CARTESIAN_POINT('',(-567.7524952784,9.503648158483,67.321209515317
    ));
#60 = CARTESIAN_POINT('',(-563.5775738445,7.40881967936,67.422743705848)
  );
#61 = CARTESIAN_POINT('',(-559.225311783,6.809721826417,67.643916875639)
  );
#62 = CARTESIAN_POINT('',(-554.9153030247,5.380763004316,67.53160405034)
  );
#63 = CARTESIAN_POINT('',(-550.6950514656,3.573260865821,68.029003439784
    ));
#64 = CARTESIAN_POINT('',(-546.5054520859,1.443954960783,68.164554777179
    ));
#65 = CARTESIAN_POINT('',(-542.014622175,1.047422007474,68.673427380634)
  );
#66 = CARTESIAN_POINT('',(-537.9789076762,-0.718903047038,
    68.901611531352));
#67 = CARTESIAN_POINT('',(-533.6216797195,-1.539085912602,
    69.480229947412));
#68 = CARTESIAN_POINT('',(-529.3043766466,-1.39722311794,69.315769528646
    ));
#69 = CARTESIAN_POINT('',(-525.0222934397,-1.111461711058,
    69.349344281854));
#70 = CARTESIAN_POINT('',(-520.7416746921,-0.53490208255,69.359338397379
    ));
#71 = CARTESIAN_POINT('',(-516.4671704399,0.157397550134,69.40450188106)
  );
#72 = CARTESIAN_POINT('',(-512.204407681,0.908872335813,69.481729715387)
  );
#73 = CARTESIAN_POINT('',(-507.9265429784,1.485921128818,69.5202352861)
  );
#74 = CARTESIAN_POINT('',(-503.6502824349,2.009966901297,69.648798072391
    ));
#75 = CARTESIAN_POINT('',(-499.3719688989,2.405103295739,69.50109780247)
  );
#76 = CARTESIAN_POINT('',(-495.0930022696,2.850296439042,69.375037711259
    ));
#77 = CARTESIAN_POINT('',(-490.8081538754,2.93347369467,69.205818947668)
  );
#78 = CARTESIAN_POINT('',(-486.5308534552,3.113207787334,69.104556697814
    ));
#79 = CARTESIAN_POINT('',(-482.2516859036,3.156475456482,68.998212736138
    ));
#80 = CARTESIAN_POINT('',(-477.9730655022,3.15035339257,68.901446386743)
  );
#81 = CARTESIAN_POINT('',(-473.6960456193,3.13761912421,68.817216883573)
  );
#82 = CARTESIAN_POINT('',(-469.4152062773,3.158492643431,68.759037176242
    ));
#83 = CARTESIAN_POINT('',(-465.1421872703,3.213586983801,68.704064754771
    ));
#84 = CARTESIAN_POINT('',(-460.8166932288,2.941803098824,68.604790971214
    ));
#85 = CARTESIAN_POINT('',(-456.4952571487,3.473672517705,68.685806775018
    ));
#86 = CARTESIAN_POINT('',(-452.4504000069,4.668835642081,68.860960137155
    ));
#87 = CARTESIAN_POINT('',(-447.9424683801,4.02492515998,68.817184616737)
  );
#88 = CARTESIAN_POINT('',(-443.7524033406,5.207079972014,69.007803000782
    ));
#89 = CARTESIAN_POINT('',(-439.4974420849,3.689250493921,68.89396155577)
  );
#90 = CARTESIAN_POINT('',(-435.1419433011,2.94895929501,68.866784893096)
  );
#91 = CARTESIAN_POINT('',(-430.9728274171,1.386381968323,68.769251755502
    ));
#92 = CARTESIAN_POINT('',(-426.6766705817,0.484247766215,68.719605364469
    ));
#93 = CARTESIAN_POINT('',(-423.4568555526,2.549904819873,68.926275060237
    ));
#94 = CARTESIAN_POINT('',(-422.3597,-0.271996543377,68.668869191882));
#95 = CARTESIAN_POINT('',(-679.0382,4.117244164427,69.307574088657));
#96 = CARTESIAN_POINT('',(-677.9018430398,3.891791778147,69.271744064533
    ));
#97 = CARTESIAN_POINT('',(-674.6570379481,4.885104281352,69.116764724784
    ));
#98 = CARTESIAN_POINT('',(-670.4801286148,5.51222645131,68.936289451298)
  );
#99 = CARTESIAN_POINT('',(-666.2529876958,4.855373474843,68.888697435878
    ));
#100 = CARTESIAN_POINT('',(-661.8309289879,4.465373596975,68.78317358596
    ));
#101 = CARTESIAN_POINT('',(-657.7320144142,5.215534699301,
    68.492212190318));
#102 = CARTESIAN_POINT('',(-653.3812140229,6.102347356244,68.19155057154
    ));
#103 = CARTESIAN_POINT('',(-648.9513854559,5.982860950098,68.05083353187
    ));
#104 = CARTESIAN_POINT('',(-644.9070855266,9.111470939974,
    67.441319488787));
#105 = CARTESIAN_POINT('',(-640.582063889,10.48238754698,67.103370853032
    ));
#106 = CARTESIAN_POINT('',(-636.2554682792,10.474109496534,
    67.02889322383));
#107 = CARTESIAN_POINT('',(-631.9824711096,10.708701087831,
    66.940082583683));
#108 = CARTESIAN_POINT('',(-627.7019615338,10.80125019541,66.87517043766
    ));
#109 = CARTESIAN_POINT('',(-623.4245711463,10.880705706241,
    66.810616274779));
#110 = CARTESIAN_POINT('',(-619.1463832312,10.89882783857,
    66.745202052958));
#111 = CARTESIAN_POINT('',(-614.8669156658,10.865447100118,
    66.695175595536));
#112 = CARTESIAN_POINT('',(-610.5898165078,10.805895701971,
    66.644238780445));
#113 = CARTESIAN_POINT('',(-606.3045105877,10.655560057874,
    66.625169267878));
#114 = CARTESIAN_POINT('',(-602.0277566031,10.530463777692,
    66.621605474883));
#115 = CARTESIAN_POINT('',(-597.7466019923,10.32754616194,
    66.542759109247));
#116 = CARTESIAN_POINT('',(-593.4714143357,10.278341057764,
    66.712568861457));
#117 = CARTESIAN_POINT('',(-589.1936176105,10.191749421913,
    66.822291492917));
#118 = CARTESIAN_POINT('',(-584.9304153006,10.16322075421,
    66.922524339774));
#119 = CARTESIAN_POINT('',(-580.6563793824,10.016783809235,
    67.098110316755));
#120 = CARTESIAN_POINT('',(-576.3740763318,9.851865815703,67.27544487709
    ));
#121 = CARTESIAN_POINT('',(-572.0987272234,9.35772649671,67.573563721253
    ));
#122 = CARTESIAN_POINT('',(-567.7524952784,9.157889654575,
    67.940968479065));
#123 = CARTESIAN_POINT('',(-563.5775738445,7.171187703915,
    68.074787349134));
#124 = CARTESIAN_POINT('',(-559.225311783,6.648303814287,68.259835006336
    ));
#125 = CARTESIAN_POINT('',(-554.9153030247,5.235619647864,
    68.212303375494));
#126 = CARTESIAN_POINT('',(-550.6950514656,3.624702880677,
    68.596072863266));
#127 = CARTESIAN_POINT('',(-546.5054520859,1.669846765409,
    68.735562019405));
#128 = CARTESIAN_POINT('',(-542.014622175,1.381441302643,69.139046140063
    ));
#129 = CARTESIAN_POINT('',(-537.9789076762,-0.2798522199,69.372052435083
    ));
#130 = CARTESIAN_POINT('',(-533.6216797195,-0.925351423772,
    69.862311317206));
#131 = CARTESIAN_POINT('',(-529.3043766466,-0.771685156073,
    69.807109876763));
#132 = CARTESIAN_POINT('',(-525.0222934397,-0.407913284242,
    69.872391893156));
#133 = CARTESIAN_POINT('',(-520.7416746921,0.249443129032,
    69.897334616058));
#134 = CARTESIAN_POINT('',(-516.4671704399,1.043654217892,
    69.925138085165));
#135 = CARTESIAN_POINT('',(-512.204407681,1.900464902703,69.967795682119
    ));
#136 = CARTESIAN_POINT('',(-507.9265429784,2.572660065622,69.97905426831
    ));
#137 = CARTESIAN_POINT('',(-503.6502824349,3.191634322387,
    70.062587210561));
#138 = CARTESIAN_POINT('',(-499.3719688989,3.633844473741,
    69.941228807742));
#139 = CARTESIAN_POINT('',(-495.0930022696,4.141492530712,
    69.793202486289));
#140 = CARTESIAN_POINT('',(-490.8081538754,4.252950730689,69.6091127034)
  );
#141 = CARTESIAN_POINT('',(-486.5308534552,4.457140777344,
    69.490874377207));
#142 = CARTESIAN_POINT('',(-482.2516859036,4.510016648176,69.36573908458
    ));
#143 = CARTESIAN_POINT('',(-477.9730655022,4.505170208191,
    69.250655972927));
#144 = CARTESIAN_POINT('',(-473.6960456193,4.476005421186,
    69.148033143232));
#145 = CARTESIAN_POINT('',(-469.4152062773,4.494480986653,
    69.076423800887));
#146 = CARTESIAN_POINT('',(-465.1421872703,4.517319389085,
    69.003138761858));
#147 = CARTESIAN_POINT('',(-460.8166932288,4.230657202505,
    68.887140728027));
#148 = CARTESIAN_POINT('',(-456.4952571487,4.663753356302,68.93817497477
    ));
#149 = CARTESIAN_POINT('',(-452.4504000069,5.662843918377,
    69.069068815538));
#150 = CARTESIAN_POINT('',(-447.9424683801,5.014045043024,
    69.011477328128));
#151 = CARTESIAN_POINT('',(-443.7524033406,6.043950724689,
    69.169327202004));
#152 = CARTESIAN_POINT('',(-439.4974420849,4.342338212917,
    69.018729828075));
#153 = CARTESIAN_POINT('',(-435.1419433011,3.566103323356,
    68.979698028968));
#154 = CARTESIAN_POINT('',(-430.9728274171,1.945872837614,
    68.871295683952));
#155 = CARTESIAN_POINT('',(-426.6766705817,0.885202160626,
    68.796061937199));
#156 = CARTESIAN_POINT('',(-423.4568555526,2.954664797839,
    68.998642198419));
#157 = CARTESIAN_POINT('',(-422.3597,0.109236167184,68.738199055399));
#158 = DEFINITIONAL_REPRESENTATION('',(#159),#163);
#159 = LINE('',#160,#161);
#160 = CARTESIAN_POINT('',(0.,0.));
#161 = VECTOR('',#162,1.);
#162 = DIRECTION('',(1.,0.));
#163 = ( GEOMETRIC_REPRESENTATION_CONTEXT(2) 
PARAMETRIC_REPRESENTATION_CONTEXT() REPRESENTATION_CONTEXT('2D SPACE',''
  ) );
#164 = PCURVE('',#165,#170);
#165 = PLANE('',#166);
#166 = AXIS2_PLACEMENT_3D('',#167,#168,#169);
#167 = CARTESIAN_POINT('',(-679.0382,4.478244654048,69.128969582525));
#168 = DIRECTION('',(1.,0.,0.));
#169 = DIRECTION('',(0.,-0.995875128507,9.073438389723E-02));
#170 = DEFINITIONAL_REPRESENTATION('',(#171),#174);
#171 = B_SPLINE_CURVE_WITH_KNOTS('',1,(#172,#173),.UNSPECIFIED.,.F.,.F.,
  (2,2),(0.,1.),.PIECEWISE_BEZIER_KNOTS.);
#172 = CARTESIAN_POINT('',(0.,0.));
#173 = CARTESIAN_POINT('',(0.375716978818,-0.145112628484));
#174 = ( GEOMETRIC_REPRESENTATION_CONTEXT(2) 
PARAMETRIC_REPRESENTATION_CONTEXT() REPRESENTATION_CONTEXT('2D SPACE',''
  ) );
#175 = ORIENTED_EDGE('',*,*,#176,.T.);
#176 = EDGE_CURVE('',#24,#177,#179,.T.);
#177 = VERTEX_POINT('',#178);
#178 = CARTESIAN_POINT('',(-422.3597,0.109236167184,68.738199055399));
#179 = SURFACE_CURVE('',#180,(#244,#251),.PCURVE_S1.);
#180 = ( BOUNDED_CURVE() B_SPLINE_CURVE(3,(#181,#182,#183,#184,#185,#186
    ,#187,#188,#189,#190,#191,#192,#193,#194,#195,#196,#197,#198,#199,
    #200,#201,#202,#203,#204,#205,#206,#207,#208,#209,#210,#211,#212,
    #213,#214,#215,#216,#217,#218,#219,#220,#221,#222,#223,#224,#225,
    #226,#227,#228,#229,#230,#231,#232,#233,#234,#235,#236,#237,#238,
    #239,#240,#241,#242,#243),.UNSPECIFIED.,.F.,.F.) 
B_SPLINE_CURVE_WITH_KNOTS((4,1,1,1,1,1,1,1,1,1,1,1,1,1,1,1,1,1,1,1,1,1,1
    ,1,1,1,1,1,1,1,1,1,1,1,1,1,1,1,1,1,1,1,1,1,1,1,1,1,1,1,1,1,1,1,1,1,1
    ,1,1,1,4),(0.,1.671164831231E-02,3.327803306227E-02,
    5.000925566809E-02,6.648034363626E-02,8.347574416348E-02,
    9.998031801332E-02,0.116453562429,0.133787455732,0.150582398826,
    0.167003889564,0.183421183117,0.199831572897,0.216243077967,
    0.232654966281,0.249069049,0.265493630469,0.281929899437,
    0.298422530809,0.314972313288,0.331595845732,0.348279560524,
    0.365009232075,0.38168560036,0.398277240471,0.414799735375,
    0.431302994143,0.448140075223,0.464749604184,0.481553115126,
    0.498808354232,0.516050152658,0.532842545742,0.550335828942,
    0.567153130692,0.583652514422,0.600175882991,0.616768685323,
    0.633448038712,0.650182180915,0.666869665762,0.683497438564,
    0.700056495454,0.716547762365,0.732983596882,0.749407921308,
    0.765822295641,0.782233728406,0.798646209918,0.81505724388,
    0.831476734885,0.847901722287,0.864693603231,0.881980563987,
    0.898448960139,0.915352013848,0.932295303855,0.949097785181,
0.966200565614,0.982806308198,1.),.UNSPECIFIED.) CURVE() 
GEOMETRIC_REPRESENTATION_ITEM() RATIONAL_B_SPLINE_CURVE((1.,
    0.999999999979,1.00000000001,0.999999999997,1.000000000001,1.,1.,1.,
    1.,1.,1.,1.,1.,1.,1.,1.,1.,1.,1.,1.,1.,1.,1.,1.,1.,1.,1.,1.,1.,1.,1.
    ,1.,1.,1.,1.,1.,1.,1.,1.,1.,1.,1.,1.,1.,1.,1.,1.,1.,1.,1.,1.,1.,1.,
    1.,1.,1.,1.,1.,0.999999999998,1.000000000007,0.999999999976,
1.000000000054,1.)) REPRESENTATION_ITEM('') );
#181 = CARTESIAN_POINT('',(-679.0382,4.117244164427,69.307574088657));
#182 = CARTESIAN_POINT('',(-677.9018430398,3.891791778147,
    69.271744064533));
#183 = CARTESIAN_POINT('',(-674.6570379481,4.885104281352,
    69.116764724784));
#184 = CARTESIAN_POINT('',(-670.4801286148,5.51222645131,68.936289451298
    ));
#185 = CARTESIAN_POINT('',(-666.2529876958,4.855373474843,
    68.888697435878));
#186 = CARTESIAN_POINT('',(-661.8309289879,4.465373596975,68.78317358596
    ));
#187 = CARTESIAN_POINT('',(-657.7320144142,5.215534699301,
    68.492212190318));
#188 = CARTESIAN_POINT('',(-653.3812140229,6.102347356244,68.19155057154
    ));
#189 = CARTESIAN_POINT('',(-648.9513854559,5.982860950098,68.05083353187
    ));
#190 = CARTESIAN_POINT('',(-644.9070855266,9.111470939974,
    67.441319488787));
#191 = CARTESIAN_POINT('',(-640.582063889,10.48238754698,67.103370853032
    ));
#192 = CARTESIAN_POINT('',(-636.2554682792,10.474109496534,
    67.02889322383));
#193 = CARTESIAN_POINT('',(-631.9824711096,10.708701087831,
    66.940082583683));
#194 = CARTESIAN_POINT('',(-627.7019615338,10.80125019541,66.87517043766
    ));
#195 = CARTESIAN_POINT('',(-623.4245711463,10.880705706241,
    66.810616274779));
#196 = CARTESIAN_POINT('',(-619.1463832312,10.89882783857,
    66.745202052958));
#197 = CARTESIAN_POINT('',(-614.8669156658,10.865447100118,
    66.695175595536));
#198 = CARTESIAN_POINT('',(-610.5898165078,10.805895701971,
    66.644238780445));
#199 = CARTESIAN_POINT('',(-606.3045105877,10.655560057874,
    66.625169267878));
#200 = CARTESIAN_POINT('',(-602.0277566031,10.530463777692,
    66.621605474883));
#201 = CARTESIAN_POINT('',(-597.7466019923,10.32754616194,
    66.542759109247));
#202 = CARTESIAN_POINT('',(-593.4714143357,10.278341057764,
    66.712568861457));
#203 = CARTESIAN_POINT('',(-589.1936176105,10.191749421913,
    66.822291492917));
#204 = CARTESIAN_POINT('',(-584.9304153006,10.16322075421,
    66.922524339774));
#205 = CARTESIAN_POINT('',(-580.6563793824,10.016783809235,
    67.098110316755));
#206 = CARTESIAN_POINT('',(-576.3740763318,9.851865815703,67.27544487709
    ));
#207 = CARTESIAN_POINT('',(-572.0987272234,9.35772649671,67.573563721253
    ));
#208 = CARTESIAN_POINT('',(-567.7524952784,9.157889654575,
    67.940968479065));
#209 = CARTESIAN_POINT('',(-563.5775738445,7.171187703915,
    68.074787349134));
#210 = CARTESIAN_POINT('',(-559.225311783,6.648303814287,68.259835006336
    ));
#211 = CARTESIAN_POINT('',(-554.9153030247,5.235619647864,
    68.212303375494));
#212 = CARTESIAN_POINT('',(-550.6950514656,3.624702880677,
    68.596072863266));
#213 = CARTESIAN_POINT('',(-546.5054520859,1.669846765409,
    68.735562019405));
#214 = CARTESIAN_POINT('',(-542.014622175,1.381441302643,69.139046140063
    ));
#215 = CARTESIAN_POINT('',(-537.9789076762,-0.2798522199,69.372052435083
    ));
#216 = CARTESIAN_POINT('',(-533.6216797195,-0.925351423772,
    69.862311317206));
#217 = CARTESIAN_POINT('',(-529.3043766466,-0.771685156073,
    69.807109876763));
#218 = CARTESIAN_POINT('',(-525.0222934397,-0.407913284242,
    69.872391893156));
#219 = CARTESIAN_POINT('',(-520.7416746921,0.249443129032,
    69.897334616058));
#220 = CARTESIAN_POINT('',(-516.4671704399,1.043654217892,
    69.925138085165));
#221 = CARTESIAN_POINT('',(-512.204407681,1.900464902703,69.967795682119
    ));
#222 = CARTESIAN_POINT('',(-507.9265429784,2.572660065622,69.97905426831
    ));
#223 = CARTESIAN_POINT('',(-503.6502824349,3.191634322387,
    70.062587210561));
#224 = CARTESIAN_POINT('',(-499.3719688989,3.633844473741,
    69.941228807742));
#225 = CARTESIAN_POINT('',(-495.0930022696,4.141492530712,
    69.793202486289));
#226 = CARTESIAN_POINT('',(-490.8081538754,4.252950730689,69.6091127034)
  );
#227 = CARTESIAN_POINT('',(-486.5308534552,4.457140777344,
    69.490874377207));
#228 = CARTESIAN_POINT('',(-482.2516859036,4.510016648176,69.36573908458
    ));
#229 = CARTESIAN_POINT('',(-477.9730655022,4.505170208191,
    69.250655972927));
#230 = CARTESIAN_POINT('',(-473.6960456193,4.476005421186,
    69.148033143232));
#231 = CARTESIAN_POINT('',(-469.4152062773,4.494480986653,
    69.076423800887));
#232 = CARTESIAN_POINT('',(-465.1421872703,4.517319389085,
    69.003138761858));
#233 = CARTESIAN_POINT('',(-460.8166932288,4.230657202505,
    68.887140728027));
#234 = CARTESIAN_POINT('',(-456.4952571487,4.663753356302,68.93817497477
    ));
#235 = CARTESIAN_POINT('',(-452.4504000069,5.662843918377,
    69.069068815538));
#236 = CARTESIAN_POINT('',(-447.9424683801,5.014045043024,
    69.011477328128));
#237 = CARTESIAN_POINT('',(-443.7524033406,6.043950724689,
    69.169327202004));
#238 = CARTESIAN_POINT('',(-439.4974420849,4.342338212917,
    69.018729828075));
#239 = CARTESIAN_POINT('',(-435.1419433011,3.566103323356,
    68.979698028968));
#240 = CARTESIAN_POINT('',(-430.9728274171,1.945872837614,
    68.871295683952));
#241 = CARTESIAN_POINT('',(-426.6766705817,0.885202160626,
    68.796061937199));
#242 = CARTESIAN_POINT('',(-423.4568555526,2.954664797839,
    68.998642198419));
#243 = CARTESIAN_POINT('',(-422.3597,0.109236167184,68.738199055399));
#244 = PCURVE('',#31,#245);
#245 = DEFINITIONAL_REPRESENTATION('',(#246),#250);
#246 = LINE('',#247,#248);
#247 = CARTESIAN_POINT('',(1.,0.));
#248 = VECTOR('',#249,1.);
#249 = DIRECTION('',(0.,1.));
#250 = ( GEOMETRIC_REPRESENTATION_CONTEXT(2) 
PARAMETRIC_REPRESENTATION_CONTEXT() REPRESENTATION_CONTEXT('2D SPACE',''
  ) );
#251 = PCURVE('',#252,#379);
#252 = ( BOUNDED_SURFACE() B_SPLINE_SURFACE(1,3,(
    (#253,#254,#255,#256,#257,#258,#259,#260,#261,#262,#263,#264,#265
      ,#266,#267,#268,#269,#270,#271,#272,#273,#274,#275,#276,#277,#278
      ,#279,#280,#281,#282,#283,#284,#285,#286,#287,#288,#289,#290,#291
      ,#292,#293,#294,#295,#296,#297,#298,#299,#300,#301,#302,#303,#304
      ,#305,#306,#307,#308,#309,#310,#311,#312,#313,#314,#315)
    ,(#316,#317,#318,#319,#320,#321,#322,#323,#324,#325,#326,#327,#328
      ,#329,#330,#331,#332,#333,#334,#335,#336,#337,#338,#339,#340,#341
      ,#342,#343,#344,#345,#346,#347,#348,#349,#350,#351,#352,#353,#354
      ,#355,#356,#357,#358,#359,#360,#361,#362,#363,#364,#365,#366,#367
      ,#368,#369,#370,#371,#372,#373,#374,#375,#376,#377,#378
)),.UNSPECIFIED.,.F.,.F.,.F.) B_SPLINE_SURFACE_WITH_KNOTS((2,2),(4,1,1,1
    ,1,1,1,1,1,1,1,1,1,1,1,1,1,1,1,1,1,1,1,1,1,1,1,1,1,1,1,1,1,1,1,1,1,1
    ,1,1,1,1,1,1,1,1,1,1,1,1,1,1,1,1,1,1,1,1,1,1,4),(1.,2.),(0.,
    1.671164831231E-02,3.327803306227E-02,5.000925566809E-02,
    6.648034363626E-02,8.347574416348E-02,9.998031801332E-02,
    0.116453562429,0.133787455732,0.150582398826,0.167003889564,
    0.183421183117,0.199831572897,0.216243077967,0.232654966281,
    0.249069049,0.265493630469,0.281929899437,0.298422530809,
    0.314972313288,0.331595845732,0.348279560524,0.365009232075,
    0.38168560036,0.398277240471,0.414799735375,0.431302994143,
    0.448140075223,0.464749604184,0.481553115126,0.498808354232,
    0.516050152658,0.532842545742,0.550335828942,0.567153130692,
    0.583652514422,0.600175882991,0.616768685323,0.633448038712,
    0.650182180915,0.666869665762,0.683497438564,0.700056495454,
    0.716547762365,0.732983596882,0.749407921308,0.765822295641,
    0.782233728406,0.798646209918,0.81505724388,0.831476734885,
    0.847901722287,0.864693603231,0.881980563987,0.898448960139,
    0.915352013848,0.932295303855,0.949097785181,0.966200565614,
0.982806308198,1.),.UNSPECIFIED.) GEOMETRIC_REPRESENTATION_ITEM() 
RATIONAL_B_SPLINE_SURFACE((
    (1.,0.999999999979,1.00000000001,0.999999999997,1.000000000001,1.,1.
      ,1.,1.,1.,1.,1.,1.,1.,1.,1.,1.,1.,1.,1.,1.,1.,1.,1.,1.,1.,1.,1.,1.
      ,1.,1.,1.,1.,1.,1.,1.,1.,1.,1.,1.,1.,1.,1.,1.,1.,1.,1.,1.,1.,1.,1.
      ,1.,1.,1.,1.,1.,1.,1.,0.999999999998,1.000000000007,0.999999999976
      ,1.000000000054,1.)
    ,(1.,0.999999999979,1.00000000001,0.999999999997,1.000000000001,1.
      ,1.,1.,1.,1.,1.,1.,1.,1.,1.,1.,1.,1.,1.,1.,1.,1.,1.,1.,1.,1.,1.,1.
      ,1.,1.,1.,1.,1.,1.,1.,1.,1.,1.,1.,1.,1.,1.,1.,1.,1.,1.,1.,1.,1.,1.
      ,1.,1.,1.,1.,1.,1.,1.,1.,0.999999999998,1.000000000007
,0.999999999976,1.000000000054,1.
  ))) REPRESENTATION_ITEM('') SURFACE() );
#253 = CARTESIAN_POINT('',(-679.0382,4.117244164427,69.307574088657));
#254 = CARTESIAN_POINT('',(-677.9018430398,3.891791778147,
    69.271744064533));
#255 = CARTESIAN_POINT('',(-674.6570379481,4.885104281352,
    69.116764724784));
#256 = CARTESIAN_POINT('',(-670.4801286148,5.51222645131,68.936289451298
    ));
#257 = CARTESIAN_POINT('',(-666.2529876958,4.855373474843,
    68.888697435878));
#258 = CARTESIAN_POINT('',(-661.8309289879,4.465373596975,68.78317358596
    ));
#259 = CARTESIAN_POINT('',(-657.7320144142,5.215534699301,
    68.492212190318));
#260 = CARTESIAN_POINT('',(-653.3812140229,6.102347356244,68.19155057154
    ));
#261 = CARTESIAN_POINT('',(-648.9513854559,5.982860950098,68.05083353187
    ));
#262 = CARTESIAN_POINT('',(-644.9070855266,9.111470939974,
    67.441319488787));
#263 = CARTESIAN_POINT('',(-640.582063889,10.48238754698,67.103370853032
    ));
#264 = CARTESIAN_POINT('',(-636.2554682792,10.474109496534,
    67.02889322383));
#265 = CARTESIAN_POINT('',(-631.9824711096,10.708701087831,
    66.940082583683));
#266 = CARTESIAN_POINT('',(-627.7019615338,10.80125019541,66.87517043766
    ));
#267 = CARTESIAN_POINT('',(-623.4245711463,10.880705706241,
    66.810616274779));
#268 = CARTESIAN_POINT('',(-619.1463832312,10.89882783857,
    66.745202052958));
#269 = CARTESIAN_POINT('',(-614.8669156658,10.865447100118,
    66.695175595536));
#270 = CARTESIAN_POINT('',(-610.5898165078,10.805895701971,
    66.644238780445));
#271 = CARTESIAN_POINT('',(-606.3045105877,10.655560057874,
    66.625169267878));
#272 = CARTESIAN_POINT('',(-602.0277566031,10.530463777692,
    66.621605474883));
#273 = CARTESIAN_POINT('',(-597.7466019923,10.32754616194,
    66.542759109247));
#274 = CARTESIAN_POINT('',(-593.4714143357,10.278341057764,
    66.712568861457));
#275 = CARTESIAN_POINT('',(-589.1936176105,10.191749421913,
    66.822291492917));
#276 = CARTESIAN_POINT('',(-584.9304153006,10.16322075421,
    66.922524339774));
#277 = CARTESIAN_POINT('',(-580.6563793824,10.016783809235,
    67.098110316755));
#278 = CARTESIAN_POINT('',(-576.3740763318,9.851865815703,67.27544487709
    ));
#279 = CARTESIAN_POINT('',(-572.0987272234,9.35772649671,67.573563721253
    ));
#280 = CARTESIAN_POINT('',(-567.7524952784,9.157889654575,
    67.940968479065));
#281 = CARTESIAN_POINT('',(-563.5775738445,7.171187703915,
    68.074787349134));
#282 = CARTESIAN_POINT('',(-559.225311783,6.648303814287,68.259835006336
    ));
#283 = CARTESIAN_POINT('',(-554.9153030247,5.235619647864,
    68.212303375494));
#284 = CARTESIAN_POINT('',(-550.6950514656,3.624702880677,
    68.596072863266));
#285 = CARTESIAN_POINT('',(-546.5054520859,1.669846765409,
    68.735562019405));
#286 = CARTESIAN_POINT('',(-542.014622175,1.381441302643,69.139046140063
    ));
#287 = CARTESIAN_POINT('',(-537.9789076762,-0.2798522199,69.372052435083
    ));
#288 = CARTESIAN_POINT('',(-533.6216797195,-0.925351423772,
    69.862311317206));
#289 = CARTESIAN_POINT('',(-529.3043766466,-0.771685156073,
    69.807109876763));
#290 = CARTESIAN_POINT('',(-525.0222934397,-0.407913284242,
    69.872391893156));
#291 = CARTESIAN_POINT('',(-520.7416746921,0.249443129032,
    69.897334616058));
#292 = CARTESIAN_POINT('',(-516.4671704399,1.043654217892,
    69.925138085165));
#293 = CARTESIAN_POINT('',(-512.204407681,1.900464902703,69.967795682119
    ));
#294 = CARTESIAN_POINT('',(-507.9265429784,2.572660065622,69.97905426831
    ));
#295 = CARTESIAN_POINT('',(-503.6502824349,3.191634322387,
    70.062587210561));
#296 = CARTESIAN_POINT('',(-499.3719688989,3.633844473741,
    69.941228807742));
#297 = CARTESIAN_POINT('',(-495.0930022696,4.141492530712,
    69.793202486289));
#298 = CARTESIAN_POINT('',(-490.8081538754,4.252950730689,69.6091127034)
  );
#299 = CARTESIAN_POINT('',(-486.5308534552,4.457140777344,
    69.490874377207));
#300 = CARTESIAN_POINT('',(-482.2516859036,4.510016648176,69.36573908458
    ));
#301 = CARTESIAN_POINT('',(-477.9730655022,4.505170208191,
    69.250655972927));
#302 = CARTESIAN_POINT('',(-473.6960456193,4.476005421186,
    69.148033143232));
#303 = CARTESIAN_POINT('',(-469.4152062773,4.494480986653,
    69.076423800887));
#304 = CARTESIAN_POINT('',(-465.1421872703,4.517319389085,
    69.003138761858));
#305 = CARTESIAN_POINT('',(-460.8166932288,4.230657202505,
    68.887140728027));
#306 = CARTESIAN_POINT('',(-456.4952571487,4.663753356302,68.93817497477
    ));
#307 = CARTESIAN_POINT('',(-452.4504000069,5.662843918377,
    69.069068815538));
#308 = CARTESIAN_POINT('',(-447.9424683801,5.014045043024,
    69.011477328128));
#309 = CARTESIAN_POINT('',(-443.7524033406,6.043950724689,
    69.169327202004));
#310 = CARTESIAN_POINT('',(-439.4974420849,4.342338212917,
    69.018729828075));
#311 = CARTESIAN_POINT('',(-435.1419433011,3.566103323356,
    68.979698028968));
#312 = CARTESIAN_POINT('',(-430.9728274171,1.945872837614,
    68.871295683952));
#313 = CARTESIAN_POINT('',(-426.6766705817,0.885202160626,
    68.796061937199));
#314 = CARTESIAN_POINT('',(-423.4568555526,2.954664797839,
    68.998642198419));
#315 = CARTESIAN_POINT('',(-422.3597,0.109236167184,68.738199055399));
#316 = CARTESIAN_POINT('',(-679.0382,3.739360914211,69.447815065843));
#317 = CARTESIAN_POINT('',(-677.9018430398,3.31435719819,69.438424115977
    ));
#318 = CARTESIAN_POINT('',(-674.6570379481,4.445653920629,69.26574451996
    ));
#319 = CARTESIAN_POINT('',(-670.4801286148,4.887554529598,69.11424910052
    ));
#320 = CARTESIAN_POINT('',(-666.2529876958,4.188928266283,
    69.074077237182));
#321 = CARTESIAN_POINT('',(-661.8309289879,3.845148007304,
    68.966201778228));
#322 = CARTESIAN_POINT('',(-657.7320144142,4.358018838744,
    68.718084139537));
#323 = CARTESIAN_POINT('',(-653.3812140229,5.202904702496,
    68.435848997345));
#324 = CARTESIAN_POINT('',(-648.9513854559,5.050825623732,
    68.311510357274));
#325 = CARTESIAN_POINT('',(-644.9070855266,7.987563782555,
    67.744585087356));
#326 = CARTESIAN_POINT('',(-640.582063889,9.180515004007,67.44959595325)
  );
#327 = CARTESIAN_POINT('',(-636.2554682792,9.184464990017,
    67.385617514454));
#328 = CARTESIAN_POINT('',(-631.9824711096,9.383920942948,
    67.314874340941));
#329 = CARTESIAN_POINT('',(-627.7019615338,9.474867289599,
    67.261698945295));
#330 = CARTESIAN_POINT('',(-623.4245711463,9.542897433844,67.21301351043
    ));
#331 = CARTESIAN_POINT('',(-619.1463832312,9.556677244732,
    67.165003338995));
#332 = CARTESIAN_POINT('',(-614.8669156658,9.535292479036,
    67.130211695979));
#333 = CARTESIAN_POINT('',(-610.5898165078,9.502566697791,
    67.095501554547));
#334 = CARTESIAN_POINT('',(-606.3045105877,9.379754495734,
    67.088192389017));
#335 = CARTESIAN_POINT('',(-602.0277566031,9.321824412797,
    67.116585946964));
#336 = CARTESIAN_POINT('',(-597.7466019923,9.163420715537,66.97962647044
    ));
#337 = CARTESIAN_POINT('',(-593.4714143357,9.23486538962,67.24609434722)
  );
#338 = CARTESIAN_POINT('',(-589.1936176105,9.264746803057,
    67.399054151959));
#339 = CARTESIAN_POINT('',(-584.9304153006,9.374997592053,
    67.572388924526));
#340 = CARTESIAN_POINT('',(-580.6563793824,9.364457634118,
    67.777366893918));
#341 = CARTESIAN_POINT('',(-576.3740763318,9.310923977423,
    67.955815062143));
#342 = CARTESIAN_POINT('',(-572.0987272234,8.904264342772,
    68.226730675929));
#343 = CARTESIAN_POINT('',(-567.7524952784,8.731433205377,
    68.510632215919));
#344 = CARTESIAN_POINT('',(-563.5775738445,6.873169840486,
    68.689135847543));
#345 = CARTESIAN_POINT('',(-559.225311783,6.426532943673,68.83804018311)
  );
#346 = CARTESIAN_POINT('',(-554.9153030247,5.057494512351,68.86902982527
    ));
#347 = CARTESIAN_POINT('',(-550.6950514656,3.655147662747,69.15416165863
    ));
#348 = CARTESIAN_POINT('',(-546.5054520859,1.891218796127,
    69.325847826223));
#349 = CARTESIAN_POINT('',(-542.014622175,1.70348818265,69.62001123133)
  );
#350 = CARTESIAN_POINT('',(-537.9789076762,0.154386311713,
    69.852441877961));
#351 = CARTESIAN_POINT('',(-533.6216797195,-0.322460582624,
    70.262058664978));
#352 = CARTESIAN_POINT('',(-529.3043766466,-0.149883801341,
    70.303536491526));
#353 = CARTESIAN_POINT('',(-525.0222934397,0.297398190425,
    70.392802012794));
#354 = CARTESIAN_POINT('',(-520.7416746921,1.036112930841,
    70.433733536613));
#355 = CARTESIAN_POINT('',(-516.4671704399,1.928104978938,
    70.447150590021));
#356 = CARTESIAN_POINT('',(-512.204407681,2.891101438363,70.460259920192
    ));
#357 = CARTESIAN_POINT('',(-507.9265429784,3.652337029169,
    70.455310032138));
#358 = CARTESIAN_POINT('',(-503.6502824349,4.364532134058,
    70.502743584473));
#359 = CARTESIAN_POINT('',(-499.3719688989,4.861314576613,
    70.384353598338));
#360 = CARTESIAN_POINT('',(-495.0930022696,5.429655260981,
    70.220658098527));
#361 = CARTESIAN_POINT('',(-490.8081538754,5.570062544165,
    70.020077254479));
#362 = CARTESIAN_POINT('',(-486.5308534552,5.798700693778,
    69.885344871319));
#363 = CARTESIAN_POINT('',(-482.2516859036,5.86134218953,69.74133252395)
  );
#364 = CARTESIAN_POINT('',(-477.9730655022,5.857865000429,
    69.607992612371));
#365 = CARTESIAN_POINT('',(-473.6960456193,5.812352475218,
    69.486990835761));
#366 = CARTESIAN_POINT('',(-469.4152062773,5.828502938584,
    69.401972874676));
#367 = CARTESIAN_POINT('',(-465.1421872703,5.819147153,69.310393725178)
  );
#368 = CARTESIAN_POINT('',(-460.8166932288,5.517685639815,
    69.177692438449));
#369 = CARTESIAN_POINT('',(-456.4952571487,5.852057932163,69.1987691245)
  );
#370 = CARTESIAN_POINT('',(-452.4504000069,6.655082513873,
    69.285450232598));
#371 = CARTESIAN_POINT('',(-447.9424683801,6.001496750124,
    69.214068558836));
#372 = CARTESIAN_POINT('',(-443.7524033406,6.879165816534,
    69.339197912603));
#373 = CARTESIAN_POINT('',(-439.4974420849,4.993749255778,
    69.151963428995));
#374 = CARTESIAN_POINT('',(-435.1419433011,4.181625232526,
    69.101130674935));
#375 = CARTESIAN_POINT('',(-430.9728274171,2.50372958609,68.981927498919
    ));
#376 = CARTESIAN_POINT('',(-426.6766705817,1.284398480649,
    68.881322584723));
#377 = CARTESIAN_POINT('',(-423.4568555526,3.357670138301,
    69.080003603094));
#378 = CARTESIAN_POINT('',(-422.3597,0.488721006811,68.816523852228));
#379 = DEFINITIONAL_REPRESENTATION('',(#380),#384);
#380 = LINE('',#381,#382);
#381 = CARTESIAN_POINT('',(1.,0.));
#382 = VECTOR('',#383,1.);
#383 = DIRECTION('',(0.,1.));
#384 = ( GEOMETRIC_REPRESENTATION_CONTEXT(2) 
PARAMETRIC_REPRESENTATION_CONTEXT() REPRESENTATION_CONTEXT('2D SPACE',''
  ) );
#385 = ORIENTED_EDGE('',*,*,#386,.F.);
#386 = EDGE_CURVE('',#387,#177,#389,.T.);
#387 = VERTEX_POINT('',#388);
#388 = CARTESIAN_POINT('',(-422.3597,-0.271996543377,68.668869191882));
#389 = SURFACE_CURVE('',#390,(#393,#400),.PCURVE_S1.);
#390 = B_SPLINE_CURVE_WITH_KNOTS('',1,(#391,#392),.UNSPECIFIED.,.F.,.F.,
  (2,2),(0.,1.),.PIECEWISE_BEZIER_KNOTS.);
#391 = CARTESIAN_POINT('',(-422.3597,-0.271996543377,68.668869191882));
#392 = CARTESIAN_POINT('',(-422.3597,0.109236167184,68.738199055399));
#393 = PCURVE('',#31,#394);
#394 = DEFINITIONAL_REPRESENTATION('',(#395),#399);
#395 = LINE('',#396,#397);
#396 = CARTESIAN_POINT('',(0.,1.));
#397 = VECTOR('',#398,1.);
#398 = DIRECTION('',(1.,0.));
#399 = ( GEOMETRIC_REPRESENTATION_CONTEXT(2) 
PARAMETRIC_REPRESENTATION_CONTEXT() REPRESENTATION_CONTEXT('2D SPACE',''
  ) );
#400 = PCURVE('',#401,#406);
#401 = PLANE('',#402);
#402 = AXIS2_PLACEMENT_3D('',#403,#404,#405);
#403 = CARTESIAN_POINT('',(-422.3597,-0.271996543377,68.668869191882));
#404 = DIRECTION('',(-1.,0.,0.));
#405 = DIRECTION('',(0.,-0.999435979365,3.358158946519E-02));
#406 = DEFINITIONAL_REPRESENTATION('',(#407),#410);
#407 = B_SPLINE_CURVE_WITH_KNOTS('',1,(#408,#409),.UNSPECIFIED.,.F.,.F.,
  (2,2),(0.,1.),.PIECEWISE_BEZIER_KNOTS.);
#408 = CARTESIAN_POINT('',(0.,0.));
#409 = CARTESIAN_POINT('',(-0.378689480431,8.209316042024E-02));
#410 = ( GEOMETRIC_REPRESENTATION_CONTEXT(2) 
PARAMETRIC_REPRESENTATION_CONTEXT() REPRESENTATION_CONTEXT('2D SPACE',''
  ) );
#411 = ORIENTED_EDGE('',*,*,#412,.F.);
#412 = EDGE_CURVE('',#22,#387,#413,.T.);
#413 = SURFACE_CURVE('',#414,(#478,#485),.PCURVE_S1.);
#414 = ( BOUNDED_CURVE() B_SPLINE_CURVE(3,(#415,#416,#417,#418,#419,#420
    ,#421,#422,#423,#424,#425,#426,#427,#428,#429,#430,#431,#432,#433,
    #434,#435,#436,#437,#438,#439,#440,#441,#442,#443,#444,#445,#446,
    #447,#448,#449,#450,#451,#452,#453,#454,#455,#456,#457,#458,#459,
    #460,#461,#462,#463,#464,#465,#466,#467,#468,#469,#470,#471,#472,
    #473,#474,#475,#476,#477),.UNSPECIFIED.,.F.,.F.) 
B_SPLINE_CURVE_WITH_KNOTS((4,1,1,1,1,1,1,1,1,1,1,1,1,1,1,1,1,1,1,1,1,1,1
    ,1,1,1,1,1,1,1,1,1,1,1,1,1,1,1,1,1,1,1,1,1,1,1,1,1,1,1,1,1,1,1,1,1,1
    ,1,1,1,4),(0.,1.671164831231E-02,3.327803306227E-02,
    5.000925566809E-02,6.648034363626E-02,8.347574416348E-02,
    9.998031801332E-02,0.116453562429,0.133787455732,0.150582398826,
    0.167003889564,0.183421183117,0.199831572897,0.216243077967,
    0.232654966281,0.249069049,0.265493630469,0.281929899437,
    0.298422530809,0.314972313288,0.331595845732,0.348279560524,
    0.365009232075,0.38168560036,0.398277240471,0.414799735375,
    0.431302994143,0.448140075223,0.464749604184,0.481553115126,
    0.498808354232,0.516050152658,0.532842545742,0.550335828942,
    0.567153130692,0.583652514422,0.600175882991,0.616768685323,
    0.633448038712,0.650182180915,0.666869665762,0.683497438564,
    0.700056495454,0.716547762365,0.732983596882,0.749407921308,
    0.765822295641,0.782233728406,0.798646209918,0.81505724388,
    0.831476734885,0.847901722287,0.864693603231,0.881980563987,
    0.898448960139,0.915352013848,0.932295303855,0.949097785181,
0.966200565614,0.982806308198,1.),.UNSPECIFIED.) CURVE() 
GEOMETRIC_REPRESENTATION_ITEM() RATIONAL_B_SPLINE_CURVE((1.,
    0.999999999979,1.00000000001,0.999999999997,1.000000000001,1.,1.,1.,
    1.,1.,1.,1.,1.,1.,1.,1.,1.,1.,1.,1.,1.,1.,1.,1.,1.,1.,1.,1.,1.,1.,1.
    ,1.,1.,1.,1.,1.,1.,1.,1.,1.,1.,1.,1.,1.,1.,1.,1.,1.,1.,1.,1.,1.,1.,
    1.,1.,1.,1.,1.,0.999999999998,1.000000000007,0.999999999976,
1.000000000054,1.)) REPRESENTATION_ITEM('') );
#415 = CARTESIAN_POINT('',(-679.0382,4.478244654048,69.128969582525));
#416 = CARTESIAN_POINT('',(-677.9018430398,4.455279571802,
    69.066853341565));
#417 = CARTESIAN_POINT('',(-674.6570379481,5.310337483967,
    68.929550784605));
#418 = CARTESIAN_POINT('',(-670.4801286148,6.124887408606,
    68.721107624643));
#419 = CARTESIAN_POINT('',(-666.2529876958,5.510230231882,68.66629970271
    ));
#420 = CARTESIAN_POINT('',(-661.8309289879,5.073358079644,
    68.563055782302));
#421 = CARTESIAN_POINT('',(-657.7320144142,6.062650493462,
    68.230121968575));
#422 = CARTESIAN_POINT('',(-653.3812140229,6.991077846956,
    67.911210685391));
#423 = CARTESIAN_POINT('',(-648.9513854559,6.904046964708,
    67.754344607884));
#424 = CARTESIAN_POINT('',(-644.9070855266,10.225144236003,
    67.102570092531));
#425 = CARTESIAN_POINT('',(-640.582063889,11.7742738608,66.721809240849)
  );
#426 = CARTESIAN_POINT('',(-636.2554682792,11.753412391916,
    66.636925722431));
#427 = CARTESIAN_POINT('',(-631.9824711096,12.022961033089,
    66.530146332563));
#428 = CARTESIAN_POINT('',(-627.7019615338,12.116841367392,
    66.453582805424));
#429 = CARTESIAN_POINT('',(-623.4245711463,12.207431142608,
    66.373275406973));
#430 = CARTESIAN_POINT('',(-619.1463832312,12.22951841745,
    66.290560934481));
#431 = CARTESIAN_POINT('',(-614.8669156658,12.183697368267,
    66.225544812892));
#432 = CARTESIAN_POINT('',(-610.5898165078,12.096679758017,
    66.158196389595));
#433 = CARTESIAN_POINT('',(-606.3045105877,11.91840930131,
    66.128948453998));
#434 = CARTESIAN_POINT('',(-602.0277566031,11.72432151506,
    66.088607551698));
#435 = CARTESIAN_POINT('',(-597.7466019923,11.47928493166,
    66.087432728019));
#436 = CARTESIAN_POINT('',(-593.4714143357,11.303439183282,
    66.144258021767));
#437 = CARTESIAN_POINT('',(-589.1936176105,11.070324380205,
    66.172289728729));
#438 = CARTESIAN_POINT('',(-584.9304153006,10.910935495356,
    66.243718562667));
#439 = CARTESIAN_POINT('',(-580.6563793824,10.617401454802,
    66.371097567949));
#440 = CARTESIAN_POINT('',(-576.3740763318,10.326074671412,
    66.549781314291));
#441 = CARTESIAN_POINT('',(-572.0987272234,9.731312441323,
    66.867719217358));
#442 = CARTESIAN_POINT('',(-567.7524952784,9.503648158483,
    67.321209515317));
#443 = CARTESIAN_POINT('',(-563.5775738445,7.40881967936,67.422743705848
    ));
#444 = CARTESIAN_POINT('',(-559.225311783,6.809721826417,67.643916875639
    ));
#445 = CARTESIAN_POINT('',(-554.9153030247,5.380763004316,67.53160405034
    ));
#446 = CARTESIAN_POINT('',(-550.6950514656,3.573260865821,
    68.029003439784));
#447 = CARTESIAN_POINT('',(-546.5054520859,1.443954960783,
    68.164554777179));
#448 = CARTESIAN_POINT('',(-542.014622175,1.047422007474,68.673427380634
    ));
#449 = CARTESIAN_POINT('',(-537.9789076762,-0.718903047038,
    68.901611531352));
#450 = CARTESIAN_POINT('',(-533.6216797195,-1.539085912602,
    69.480229947412));
#451 = CARTESIAN_POINT('',(-529.3043766466,-1.39722311794,
    69.315769528646));
#452 = CARTESIAN_POINT('',(-525.0222934397,-1.111461711058,
    69.349344281854));
#453 = CARTESIAN_POINT('',(-520.7416746921,-0.53490208255,
    69.359338397379));
#454 = CARTESIAN_POINT('',(-516.4671704399,0.157397550134,69.40450188106
    ));
#455 = CARTESIAN_POINT('',(-512.204407681,0.908872335813,69.481729715387
    ));
#456 = CARTESIAN_POINT('',(-507.9265429784,1.485921128818,69.5202352861)
  );
#457 = CARTESIAN_POINT('',(-503.6502824349,2.009966901297,
    69.648798072391));
#458 = CARTESIAN_POINT('',(-499.3719688989,2.405103295739,69.50109780247
    ));
#459 = CARTESIAN_POINT('',(-495.0930022696,2.850296439042,
    69.375037711259));
#460 = CARTESIAN_POINT('',(-490.8081538754,2.93347369467,69.205818947668
    ));
#461 = CARTESIAN_POINT('',(-486.5308534552,3.113207787334,
    69.104556697814));
#462 = CARTESIAN_POINT('',(-482.2516859036,3.156475456482,
    68.998212736138));
#463 = CARTESIAN_POINT('',(-477.9730655022,3.15035339257,68.901446386743
    ));
#464 = CARTESIAN_POINT('',(-473.6960456193,3.13761912421,68.817216883573
    ));
#465 = CARTESIAN_POINT('',(-469.4152062773,3.158492643431,
    68.759037176242));
#466 = CARTESIAN_POINT('',(-465.1421872703,3.213586983801,
    68.704064754771));
#467 = CARTESIAN_POINT('',(-460.8166932288,2.941803098824,
    68.604790971214));
#468 = CARTESIAN_POINT('',(-456.4952571487,3.473672517705,
    68.685806775018));
#469 = CARTESIAN_POINT('',(-452.4504000069,4.668835642081,
    68.860960137155));
#470 = CARTESIAN_POINT('',(-447.9424683801,4.02492515998,68.817184616737
    ));
#471 = CARTESIAN_POINT('',(-443.7524033406,5.207079972014,
    69.007803000782));
#472 = CARTESIAN_POINT('',(-439.4974420849,3.689250493921,68.89396155577
    ));
#473 = CARTESIAN_POINT('',(-435.1419433011,2.94895929501,68.866784893096
    ));
#474 = CARTESIAN_POINT('',(-430.9728274171,1.386381968323,
    68.769251755502));
#475 = CARTESIAN_POINT('',(-426.6766705817,0.484247766215,
    68.719605364469));
#476 = CARTESIAN_POINT('',(-423.4568555526,2.549904819873,
    68.926275060237));
#477 = CARTESIAN_POINT('',(-422.3597,-0.271996543377,68.668869191882));
#478 = PCURVE('',#31,#479);
#479 = DEFINITIONAL_REPRESENTATION('',(#480),#484);
#480 = LINE('',#481,#482);
#481 = CARTESIAN_POINT('',(0.,0.));
#482 = VECTOR('',#483,1.);
#483 = DIRECTION('',(0.,1.));
#484 = ( GEOMETRIC_REPRESENTATION_CONTEXT(2) 
PARAMETRIC_REPRESENTATION_CONTEXT() REPRESENTATION_CONTEXT('2D SPACE',''
  ) );
#485 = PCURVE('',#486,#613);
#486 = ( BOUNDED_SURFACE() B_SPLINE_SURFACE(1,3,(
    (#487,#488,#489,#490,#491,#492,#493,#494,#495,#496,#497,#498,#499
      ,#500,#501,#502,#503,#504,#505,#506,#507,#508,#509,#510,#511,#512
      ,#513,#514,#515,#516,#517,#518,#519,#520,#521,#522,#523,#524,#525
      ,#526,#527,#528,#529,#530,#531,#532,#533,#534,#535,#536,#537,#538
      ,#539,#540,#541,#542,#543,#544,#545,#546,#547,#548,#549)
    ,(#550,#551,#552,#553,#554,#555,#556,#557,#558,#559,#560,#561,#562
      ,#563,#564,#565,#566,#567,#568,#569,#570,#571,#572,#573,#574,#575
      ,#576,#577,#578,#579,#580,#581,#582,#583,#584,#585,#586,#587,#588
      ,#589,#590,#591,#592,#593,#594,#595,#596,#597,#598,#599,#600,#601
      ,#602,#603,#604,#605,#606,#607,#608,#609,#610,#611,#612
)),.UNSPECIFIED.,.F.,.F.,.F.) B_SPLINE_SURFACE_WITH_KNOTS((2,2),(4,1,1,1
    ,1,1,1,1,1,1,1,1,1,1,1,1,1,1,1,1,1,1,1,1,1,1,1,1,1,1,1,1,1,1,1,1,1,1
    ,1,1,1,1,1,1,1,1,1,1,1,1,1,1,1,1,1,1,1,1,1,1,4),(39.,40.),(0.,
    1.671164831231E-02,3.327803306227E-02,5.000925566809E-02,
    6.648034363626E-02,8.347574416348E-02,9.998031801332E-02,
    0.116453562429,0.133787455732,0.150582398826,0.167003889564,
    0.183421183117,0.199831572897,0.216243077967,0.232654966281,
    0.249069049,0.265493630469,0.281929899437,0.298422530809,
    0.314972313288,0.331595845732,0.348279560524,0.365009232075,
    0.38168560036,0.398277240471,0.414799735375,0.431302994143,
    0.448140075223,0.464749604184,0.481553115126,0.498808354232,
    0.516050152658,0.532842545742,0.550335828942,0.567153130692,
    0.583652514422,0.600175882991,0.616768685323,0.633448038712,
    0.650182180915,0.666869665762,0.683497438564,0.700056495454,
    0.716547762365,0.732983596882,0.749407921308,0.765822295641,
    0.782233728406,0.798646209918,0.81505724388,0.831476734885,
    0.847901722287,0.864693603231,0.881980563987,0.898448960139,
    0.915352013848,0.932295303855,0.949097785181,0.966200565614,
0.982806308198,1.),.UNSPECIFIED.) GEOMETRIC_REPRESENTATION_ITEM() 
RATIONAL_B_SPLINE_SURFACE((
    (1.,0.999999999979,1.00000000001,0.999999999997,1.000000000001,1.,1.
      ,1.,1.,1.,1.,1.,1.,1.,1.,1.,1.,1.,1.,1.,1.,1.,1.,1.,1.,1.,1.,1.,1.
      ,1.,1.,1.,1.,1.,1.,1.,1.,1.,1.,1.,1.,1.,1.,1.,1.,1.,1.,1.,1.,1.,1.
      ,1.,1.,1.,1.,1.,1.,1.,0.999999999998,1.000000000007,0.999999999976
      ,1.000000000054,1.)
    ,(1.,0.999999999979,1.00000000001,0.999999999997,1.000000000001,1.
      ,1.,1.,1.,1.,1.,1.,1.,1.,1.,1.,1.,1.,1.,1.,1.,1.,1.,1.,1.,1.,1.,1.
      ,1.,1.,1.,1.,1.,1.,1.,1.,1.,1.,1.,1.,1.,1.,1.,1.,1.,1.,1.,1.,1.,1.
      ,1.,1.,1.,1.,1.,1.,1.,1.,0.999999999998,1.000000000007
,0.999999999976,1.000000000054,1.
  ))) REPRESENTATION_ITEM('') SURFACE() );
#487 = CARTESIAN_POINT('',(-679.0382,4.738506246084,68.83904007173));
#488 = CARTESIAN_POINT('',(-677.9018430398,4.919720606113,
    68.729136880377));
#489 = CARTESIAN_POINT('',(-674.6570379481,5.627172757867,
    68.609217684246));
#490 = CARTESIAN_POINT('',(-670.4801286148,6.639138865593,
    68.360204457582));
#491 = CARTESIAN_POINT('',(-666.2529876958,6.068428899901,
    68.295327622699));
#492 = CARTESIAN_POINT('',(-661.8309289879,5.581529887516,
    68.197326064761));
#493 = CARTESIAN_POINT('',(-657.7320144142,6.820414650786,
    67.810785336844));
#494 = CARTESIAN_POINT('',(-653.3812140229,7.790017738358,67.47400505412
    ));
#495 = CARTESIAN_POINT('',(-648.9513854559,7.735256207556,
    67.300431398286));
#496 = CARTESIAN_POINT('',(-644.9070855266,11.25454629354,
    66.601989072621));
#497 = CARTESIAN_POINT('',(-640.582063889,12.985586413751,
    66.176163841592));
#498 = CARTESIAN_POINT('',(-636.2554682792,12.950344639469,
    66.081780376863));
#499 = CARTESIAN_POINT('',(-631.9824711096,13.254534817732,
    65.957118052527));
#500 = CARTESIAN_POINT('',(-627.7019615338,13.34852660331,
    65.869479444099));
#501 = CARTESIAN_POINT('',(-623.4245711463,13.449155530846,
    65.774093203794));
#502 = CARTESIAN_POINT('',(-619.1463832312,13.47334653946,
    65.674535703236));
#503 = CARTESIAN_POINT('',(-614.8669156658,13.413794859848,
    65.597168798783));
#504 = CARTESIAN_POINT('',(-610.5898165078,13.292966221121,
    65.50979110841));
#505 = CARTESIAN_POINT('',(-606.3045105877,13.096431081506,
    65.492149521694));
#506 = CARTESIAN_POINT('',(-602.0277566031,12.780136584478,
    65.34385136831));
#507 = CARTESIAN_POINT('',(-597.7466019923,12.669555267542,
    65.702883977032));
#508 = CARTESIAN_POINT('',(-593.4714143357,12.267425510064,
    65.518920806201));
#509 = CARTESIAN_POINT('',(-589.1936176105,11.896696117597,
    65.50368171723));
#510 = CARTESIAN_POINT('',(-584.9304153006,11.558008386179,
    65.479222261186));
#511 = CARTESIAN_POINT('',(-580.6563793824,11.122387066299,
    65.594106417507));
#512 = CARTESIAN_POINT('',(-576.3740763318,10.669629136852,
    65.768791979884));
#513 = CARTESIAN_POINT('',(-572.0987272234,10.035707097739,
    66.128934092197));
#514 = CARTESIAN_POINT('',(-567.7524952784,9.631775126295,
    66.670763188232));
#515 = CARTESIAN_POINT('',(-563.5775738445,7.494055396931,
    66.750837977796));
#516 = CARTESIAN_POINT('',(-559.225311783,6.828142493645,67.016597326262
    ));
#517 = CARTESIAN_POINT('',(-554.9153030247,5.413994793941,
    66.841224614027));
#518 = CARTESIAN_POINT('',(-550.6950514656,3.395398815462,
    67.465563697485));
#519 = CARTESIAN_POINT('',(-546.5054520859,1.25026327939,67.593604645658
    ));
#520 = CARTESIAN_POINT('',(-542.014622175,0.706371476551,68.205512497782
    ));
#521 = CARTESIAN_POINT('',(-537.9789076762,-1.166427987143,
    68.445836619939));
#522 = CARTESIAN_POINT('',(-533.6216797195,-2.173907567301,
    69.125376308796));
#523 = CARTESIAN_POINT('',(-529.3043766466,-2.047587198554,
    68.857297956916));
#524 = CARTESIAN_POINT('',(-525.0222934397,-1.855124834356,
    68.887768273469));
#525 = CARTESIAN_POINT('',(-520.7416746921,-1.364621173098,
    68.893180264119));
#526 = CARTESIAN_POINT('',(-516.4671704399,-0.765120297445,
    68.948915476262));
#527 = CARTESIAN_POINT('',(-512.204407681,-0.110055019645,69.05001395515
    ));
#528 = CARTESIAN_POINT('',(-507.9265429784,0.376882370479,
    69.108864603746));
#529 = CARTESIAN_POINT('',(-503.6502824349,0.819947643321,
    69.257359248645));
#530 = CARTESIAN_POINT('',(-499.3719688989,1.175307213914,
    69.064303451659));
#531 = CARTESIAN_POINT('',(-495.0930022696,1.556317443887,
    68.965337931539));
#532 = CARTESIAN_POINT('',(-490.8081538754,1.611857081144,
    68.809675883693));
#533 = CARTESIAN_POINT('',(-486.5308534552,1.767120727254,
    68.725785146609));
#534 = CARTESIAN_POINT('',(-482.2516859036,1.800927742007,
    68.638165816778));
#535 = CARTESIAN_POINT('',(-477.9730655022,1.79361645497,68.559767627518
    ));
#536 = CARTESIAN_POINT('',(-473.6960456193,1.79739021758,68.493945457492
    ));
#537 = CARTESIAN_POINT('',(-469.4152062773,1.820729348981,
    68.449214223498));
#538 = CARTESIAN_POINT('',(-465.1421872703,1.908138072972,
    68.412571577419));
#539 = CARTESIAN_POINT('',(-460.8166932288,1.651306386565,
    68.330041197108));
#540 = CARTESIAN_POINT('',(-456.4952571487,2.281998469125,
    68.441061316762));
#541 = CARTESIAN_POINT('',(-452.4504000069,3.673250994778,
    68.660520297139));
#542 = CARTESIAN_POINT('',(-447.9424683801,3.03432392483,68.630584091577
    ));
#543 = CARTESIAN_POINT('',(-443.7524033406,4.368749840031,
    68.854018227987));
#544 = CARTESIAN_POINT('',(-439.4974420849,3.034707748013,
    68.777049776075));
#545 = CARTESIAN_POINT('',(-435.1419433011,2.330418347827,
    68.761783878602));
#546 = CARTESIAN_POINT('',(-430.9728274171,0.825496618688,
    68.675175788989));
#547 = CARTESIAN_POINT('',(-426.6766705817,8.18283485871E-02,
    68.651318223245));
#548 = CARTESIAN_POINT('',(-423.4568555526,2.143720784333,
    68.862267767787));
#549 = CARTESIAN_POINT('',(-422.3597,-0.654649950089,68.607860755499));
#550 = CARTESIAN_POINT('',(-679.0382,4.478244654048,69.128969582525));
#551 = CARTESIAN_POINT('',(-677.9018430398,4.455279571802,
    69.066853341565));
#552 = CARTESIAN_POINT('',(-674.6570379481,5.310337483967,
    68.929550784605));
#553 = CARTESIAN_POINT('',(-670.4801286148,6.124887408606,
    68.721107624643));
#554 = CARTESIAN_POINT('',(-666.2529876958,5.510230231882,68.66629970271
    ));
#555 = CARTESIAN_POINT('',(-661.8309289879,5.073358079644,
    68.563055782302));
#556 = CARTESIAN_POINT('',(-657.7320144142,6.062650493462,
    68.230121968575));
#557 = CARTESIAN_POINT('',(-653.3812140229,6.991077846956,
    67.911210685391));
#558 = CARTESIAN_POINT('',(-648.9513854559,6.904046964708,
    67.754344607884));
#559 = CARTESIAN_POINT('',(-644.9070855266,10.225144236003,
    67.102570092531));
#560 = CARTESIAN_POINT('',(-640.582063889,11.7742738608,66.721809240849)
  );
#561 = CARTESIAN_POINT('',(-636.2554682792,11.753412391916,
    66.636925722431));
#562 = CARTESIAN_POINT('',(-631.9824711096,12.022961033089,
    66.530146332563));
#563 = CARTESIAN_POINT('',(-627.7019615338,12.116841367392,
    66.453582805424));
#564 = CARTESIAN_POINT('',(-623.4245711463,12.207431142608,
    66.373275406973));
#565 = CARTESIAN_POINT('',(-619.1463832312,12.22951841745,
    66.290560934481));
#566 = CARTESIAN_POINT('',(-614.8669156658,12.183697368267,
    66.225544812892));
#567 = CARTESIAN_POINT('',(-610.5898165078,12.096679758017,
    66.158196389595));
#568 = CARTESIAN_POINT('',(-606.3045105877,11.91840930131,
    66.128948453998));
#569 = CARTESIAN_POINT('',(-602.0277566031,11.72432151506,
    66.088607551698));
#570 = CARTESIAN_POINT('',(-597.7466019923,11.47928493166,
    66.087432728019));
#571 = CARTESIAN_POINT('',(-593.4714143357,11.303439183282,
    66.144258021767));
#572 = CARTESIAN_POINT('',(-589.1936176105,11.070324380205,
    66.172289728729));
#573 = CARTESIAN_POINT('',(-584.9304153006,10.910935495356,
    66.243718562667));
#574 = CARTESIAN_POINT('',(-580.6563793824,10.617401454802,
    66.371097567949));
#575 = CARTESIAN_POINT('',(-576.3740763318,10.326074671412,
    66.549781314291));
#576 = CARTESIAN_POINT('',(-572.0987272234,9.731312441323,
    66.867719217358));
#577 = CARTESIAN_POINT('',(-567.7524952784,9.503648158483,
    67.321209515317));
#578 = CARTESIAN_POINT('',(-563.5775738445,7.40881967936,67.422743705848
    ));
#579 = CARTESIAN_POINT('',(-559.225311783,6.809721826417,67.643916875639
    ));
#580 = CARTESIAN_POINT('',(-554.9153030247,5.380763004316,67.53160405034
    ));
#581 = CARTESIAN_POINT('',(-550.6950514656,3.573260865821,
    68.029003439784));
#582 = CARTESIAN_POINT('',(-546.5054520859,1.443954960783,
    68.164554777179));
#583 = CARTESIAN_POINT('',(-542.014622175,1.047422007474,68.673427380634
    ));
#584 = CARTESIAN_POINT('',(-537.9789076762,-0.718903047038,
    68.901611531352));
#585 = CARTESIAN_POINT('',(-533.6216797195,-1.539085912602,
    69.480229947412));
#586 = CARTESIAN_POINT('',(-529.3043766466,-1.39722311794,
    69.315769528646));
#587 = CARTESIAN_POINT('',(-525.0222934397,-1.111461711058,
    69.349344281854));
#588 = CARTESIAN_POINT('',(-520.7416746921,-0.53490208255,
    69.359338397379));
#589 = CARTESIAN_POINT('',(-516.4671704399,0.157397550134,69.40450188106
    ));
#590 = CARTESIAN_POINT('',(-512.204407681,0.908872335813,69.481729715387
    ));
#591 = CARTESIAN_POINT('',(-507.9265429784,1.485921128818,69.5202352861)
  );
#592 = CARTESIAN_POINT('',(-503.6502824349,2.009966901297,
    69.648798072391));
#593 = CARTESIAN_POINT('',(-499.3719688989,2.405103295739,69.50109780247
    ));
#594 = CARTESIAN_POINT('',(-495.0930022696,2.850296439042,
    69.375037711259));
#595 = CARTESIAN_POINT('',(-490.8081538754,2.93347369467,69.205818947668
    ));
#596 = CARTESIAN_POINT('',(-486.5308534552,3.113207787334,
    69.104556697814));
#597 = CARTESIAN_POINT('',(-482.2516859036,3.156475456482,
    68.998212736138));
#598 = CARTESIAN_POINT('',(-477.9730655022,3.15035339257,68.901446386743
    ));
#599 = CARTESIAN_POINT('',(-473.6960456193,3.13761912421,68.817216883573
    ));
#600 = CARTESIAN_POINT('',(-469.4152062773,3.158492643431,
    68.759037176242));
#601 = CARTESIAN_POINT('',(-465.1421872703,3.213586983801,
    68.704064754771));
#602 = CARTESIAN_POINT('',(-460.8166932288,2.941803098824,
    68.604790971214));
#603 = CARTESIAN_POINT('',(-456.4952571487,3.473672517705,
    68.685806775018));
#604 = CARTESIAN_POINT('',(-452.4504000069,4.668835642081,
    68.860960137155));
#605 = CARTESIAN_POINT('',(-447.9424683801,4.02492515998,68.817184616737
    ));
#606 = CARTESIAN_POINT('',(-443.7524033406,5.207079972014,
    69.007803000782));
#607 = CARTESIAN_POINT('',(-439.4974420849,3.689250493921,68.89396155577
    ));
#608 = CARTESIAN_POINT('',(-435.1419433011,2.94895929501,68.866784893096
    ));
#609 = CARTESIAN_POINT('',(-430.9728274171,1.386381968323,
    68.769251755502));
#610 = CARTESIAN_POINT('',(-426.6766705817,0.484247766215,
    68.719605364469));
#611 = CARTESIAN_POINT('',(-423.4568555526,2.549904819873,
    68.926275060237));
#612 = CARTESIAN_POINT('',(-422.3597,-0.271996543377,68.668869191882));
#613 = DEFINITIONAL_REPRESENTATION('',(#614),#618);
#614 = LINE('',#615,#616);
#615 = CARTESIAN_POINT('',(40.,0.));
#616 = VECTOR('',#617,1.);
#617 = DIRECTION('',(0.,1.));
#618 = ( GEOMETRIC_REPRESENTATION_CONTEXT(2) 
PARAMETRIC_REPRESENTATION_CONTEXT() REPRESENTATION_CONTEXT('2D SPACE',''
  ) );
#619 = ADVANCED_FACE('',(#620),#252,.T.);
#620 = FACE_BOUND('',#621,.T.);
#621 = EDGE_LOOP('',(#622,#643,#853,#872));
#622 = ORIENTED_EDGE('',*,*,#623,.T.);
#623 = EDGE_CURVE('',#24,#624,#626,.T.);
#624 = VERTEX_POINT('',#625);
#625 = CARTESIAN_POINT('',(-679.0382,3.739360914211,69.447815065843));
#626 = SURFACE_CURVE('',#627,(#630,#637),.PCURVE_S1.);
#627 = B_SPLINE_CURVE_WITH_KNOTS('',1,(#628,#629),.UNSPECIFIED.,.F.,.F.,
  (2,2),(1.,2.),.PIECEWISE_BEZIER_KNOTS.);
#628 = CARTESIAN_POINT('',(-679.0382,4.117244164427,69.307574088657));
#629 = CARTESIAN_POINT('',(-679.0382,3.739360914211,69.447815065843));
#630 = PCURVE('',#252,#631);
#631 = DEFINITIONAL_REPRESENTATION('',(#632),#636);
#632 = LINE('',#633,#634);
#633 = CARTESIAN_POINT('',(0.,0.));
#634 = VECTOR('',#635,1.);
#635 = DIRECTION('',(1.,0.));
#636 = ( GEOMETRIC_REPRESENTATION_CONTEXT(2) 
PARAMETRIC_REPRESENTATION_CONTEXT() REPRESENTATION_CONTEXT('2D SPACE',''
  ) );
#637 = PCURVE('',#165,#638);
#638 = DEFINITIONAL_REPRESENTATION('',(#639),#642);
#639 = B_SPLINE_CURVE_WITH_KNOTS('',1,(#640,#641),.UNSPECIFIED.,.F.,.F.,
  (2,2),(1.,2.),.PIECEWISE_BEZIER_KNOTS.);
#640 = CARTESIAN_POINT('',(0.375716978818,-0.145112628484));
#641 = CARTESIAN_POINT('',(0.764766187849,-0.250488125768));
#642 = ( GEOMETRIC_REPRESENTATION_CONTEXT(2) 
PARAMETRIC_REPRESENTATION_CONTEXT() REPRESENTATION_CONTEXT('2D SPACE',''
  ) );
#643 = ORIENTED_EDGE('',*,*,#644,.T.);
#644 = EDGE_CURVE('',#624,#645,#647,.T.);
#645 = VERTEX_POINT('',#646);
#646 = CARTESIAN_POINT('',(-422.3597,0.488721006811,68.816523852228));
#647 = SURFACE_CURVE('',#648,(#712,#719),.PCURVE_S1.);
#648 = ( BOUNDED_CURVE() B_SPLINE_CURVE(3,(#649,#650,#651,#652,#653,#654
    ,#655,#656,#657,#658,#659,#660,#661,#662,#663,#664,#665,#666,#667,
    #668,#669,#670,#671,#672,#673,#674,#675,#676,#677,#678,#679,#680,
    #681,#682,#683,#684,#685,#686,#687,#688,#689,#690,#691,#692,#693,
    #694,#695,#696,#697,#698,#699,#700,#701,#702,#703,#704,#705,#706,
    #707,#708,#709,#710,#711),.UNSPECIFIED.,.F.,.F.) 
B_SPLINE_CURVE_WITH_KNOTS((4,1,1,1,1,1,1,1,1,1,1,1,1,1,1,1,1,1,1,1,1,1,1
    ,1,1,1,1,1,1,1,1,1,1,1,1,1,1,1,1,1,1,1,1,1,1,1,1,1,1,1,1,1,1,1,1,1,1
    ,1,1,1,4),(0.,1.671164831231E-02,3.327803306227E-02,
    5.000925566809E-02,6.648034363626E-02,8.347574416348E-02,
    9.998031801332E-02,0.116453562429,0.133787455732,0.150582398826,
    0.167003889564,0.183421183117,0.199831572897,0.216243077967,
    0.232654966281,0.249069049,0.265493630469,0.281929899437,
    0.298422530809,0.314972313288,0.331595845732,0.348279560524,
    0.365009232075,0.38168560036,0.398277240471,0.414799735375,
    0.431302994143,0.448140075223,0.464749604184,0.481553115126,
    0.498808354232,0.516050152658,0.532842545742,0.550335828942,
    0.567153130692,0.583652514422,0.600175882991,0.616768685323,
    0.633448038712,0.650182180915,0.666869665762,0.683497438564,
    0.700056495454,0.716547762365,0.732983596882,0.749407921308,
    0.765822295641,0.782233728406,0.798646209918,0.81505724388,
    0.831476734885,0.847901722287,0.864693603231,0.881980563987,
    0.898448960139,0.915352013848,0.932295303855,0.949097785181,
0.966200565614,0.982806308198,1.),.UNSPECIFIED.) CURVE() 
GEOMETRIC_REPRESENTATION_ITEM() RATIONAL_B_SPLINE_CURVE((1.,
    0.999999999979,1.00000000001,0.999999999997,1.000000000001,1.,1.,1.,
    1.,1.,1.,1.,1.,1.,1.,1.,1.,1.,1.,1.,1.,1.,1.,1.,1.,1.,1.,1.,1.,1.,1.
    ,1.,1.,1.,1.,1.,1.,1.,1.,1.,1.,1.,1.,1.,1.,1.,1.,1.,1.,1.,1.,1.,1.,
    1.,1.,1.,1.,1.,0.999999999998,1.000000000007,0.999999999976,
1.000000000054,1.)) REPRESENTATION_ITEM('') );
#649 = CARTESIAN_POINT('',(-679.0382,3.739360914211,69.447815065843));
#650 = CARTESIAN_POINT('',(-677.9018430398,3.31435719819,69.438424115977
    ));
#651 = CARTESIAN_POINT('',(-674.6570379481,4.445653920629,69.26574451996
    ));
#652 = CARTESIAN_POINT('',(-670.4801286148,4.887554529598,69.11424910052
    ));
#653 = CARTESIAN_POINT('',(-666.2529876958,4.188928266283,
    69.074077237182));
#654 = CARTESIAN_POINT('',(-661.8309289879,3.845148007304,
    68.966201778228));
#655 = CARTESIAN_POINT('',(-657.7320144142,4.358018838744,
    68.718084139537));
#656 = CARTESIAN_POINT('',(-653.3812140229,5.202904702496,
    68.435848997345));
#657 = CARTESIAN_POINT('',(-648.9513854559,5.050825623732,
    68.311510357274));
#658 = CARTESIAN_POINT('',(-644.9070855266,7.987563782555,
    67.744585087356));
#659 = CARTESIAN_POINT('',(-640.582063889,9.180515004007,67.44959595325)
  );
#660 = CARTESIAN_POINT('',(-636.2554682792,9.184464990017,
    67.385617514454));
#661 = CARTESIAN_POINT('',(-631.9824711096,9.383920942948,
    67.314874340941));
#662 = CARTESIAN_POINT('',(-627.7019615338,9.474867289599,
    67.261698945295));
#663 = CARTESIAN_POINT('',(-623.4245711463,9.542897433844,67.21301351043
    ));
#664 = CARTESIAN_POINT('',(-619.1463832312,9.556677244732,
    67.165003338995));
#665 = CARTESIAN_POINT('',(-614.8669156658,9.535292479036,
    67.130211695979));
#666 = CARTESIAN_POINT('',(-610.5898165078,9.502566697791,
    67.095501554547));
#667 = CARTESIAN_POINT('',(-606.3045105877,9.379754495734,
    67.088192389017));
#668 = CARTESIAN_POINT('',(-602.0277566031,9.321824412797,
    67.116585946964));
#669 = CARTESIAN_POINT('',(-597.7466019923,9.163420715537,66.97962647044
    ));
#670 = CARTESIAN_POINT('',(-593.4714143357,9.23486538962,67.24609434722)
  );
#671 = CARTESIAN_POINT('',(-589.1936176105,9.264746803057,
    67.399054151959));
#672 = CARTESIAN_POINT('',(-584.9304153006,9.374997592053,
    67.572388924526));
#673 = CARTESIAN_POINT('',(-580.6563793824,9.364457634118,
    67.777366893918));
#674 = CARTESIAN_POINT('',(-576.3740763318,9.310923977423,
    67.955815062143));
#675 = CARTESIAN_POINT('',(-572.0987272234,8.904264342772,
    68.226730675929));
#676 = CARTESIAN_POINT('',(-567.7524952784,8.731433205377,
    68.510632215919));
#677 = CARTESIAN_POINT('',(-563.5775738445,6.873169840486,
    68.689135847543));
#678 = CARTESIAN_POINT('',(-559.225311783,6.426532943673,68.83804018311)
  );
#679 = CARTESIAN_POINT('',(-554.9153030247,5.057494512351,68.86902982527
    ));
#680 = CARTESIAN_POINT('',(-550.6950514656,3.655147662747,69.15416165863
    ));
#681 = CARTESIAN_POINT('',(-546.5054520859,1.891218796127,
    69.325847826223));
#682 = CARTESIAN_POINT('',(-542.014622175,1.70348818265,69.62001123133)
  );
#683 = CARTESIAN_POINT('',(-537.9789076762,0.154386311713,
    69.852441877961));
#684 = CARTESIAN_POINT('',(-533.6216797195,-0.322460582624,
    70.262058664978));
#685 = CARTESIAN_POINT('',(-529.3043766466,-0.149883801341,
    70.303536491526));
#686 = CARTESIAN_POINT('',(-525.0222934397,0.297398190425,
    70.392802012794));
#687 = CARTESIAN_POINT('',(-520.7416746921,1.036112930841,
    70.433733536613));
#688 = CARTESIAN_POINT('',(-516.4671704399,1.928104978938,
    70.447150590021));
#689 = CARTESIAN_POINT('',(-512.204407681,2.891101438363,70.460259920192
    ));
#690 = CARTESIAN_POINT('',(-507.9265429784,3.652337029169,
    70.455310032138));
#691 = CARTESIAN_POINT('',(-503.6502824349,4.364532134058,
    70.502743584473));
#692 = CARTESIAN_POINT('',(-499.3719688989,4.861314576613,
    70.384353598338));
#693 = CARTESIAN_POINT('',(-495.0930022696,5.429655260981,
    70.220658098527));
#694 = CARTESIAN_POINT('',(-490.8081538754,5.570062544165,
    70.020077254479));
#695 = CARTESIAN_POINT('',(-486.5308534552,5.798700693778,
    69.885344871319));
#696 = CARTESIAN_POINT('',(-482.2516859036,5.86134218953,69.74133252395)
  );
#697 = CARTESIAN_POINT('',(-477.9730655022,5.857865000429,
    69.607992612371));
#698 = CARTESIAN_POINT('',(-473.6960456193,5.812352475218,
    69.486990835761));
#699 = CARTESIAN_POINT('',(-469.4152062773,5.828502938584,
    69.401972874676));
#700 = CARTESIAN_POINT('',(-465.1421872703,5.819147153,69.310393725178)
  );
#701 = CARTESIAN_POINT('',(-460.8166932288,5.517685639815,
    69.177692438449));
#702 = CARTESIAN_POINT('',(-456.4952571487,5.852057932163,69.1987691245)
  );
#703 = CARTESIAN_POINT('',(-452.4504000069,6.655082513873,
    69.285450232598));
#704 = CARTESIAN_POINT('',(-447.9424683801,6.001496750124,
    69.214068558836));
#705 = CARTESIAN_POINT('',(-443.7524033406,6.879165816534,
    69.339197912603));
#706 = CARTESIAN_POINT('',(-439.4974420849,4.993749255778,
    69.151963428995));
#707 = CARTESIAN_POINT('',(-435.1419433011,4.181625232526,
    69.101130674935));
#708 = CARTESIAN_POINT('',(-430.9728274171,2.50372958609,68.981927498919
    ));
#709 = CARTESIAN_POINT('',(-426.6766705817,1.284398480649,
    68.881322584723));
#710 = CARTESIAN_POINT('',(-423.4568555526,3.357670138301,
    69.080003603094));
#711 = CARTESIAN_POINT('',(-422.3597,0.488721006811,68.816523852228));
#712 = PCURVE('',#252,#713);
#713 = DEFINITIONAL_REPRESENTATION('',(#714),#718);
#714 = LINE('',#715,#716);
#715 = CARTESIAN_POINT('',(2.,0.));
#716 = VECTOR('',#717,1.);
#717 = DIRECTION('',(0.,1.));
#718 = ( GEOMETRIC_REPRESENTATION_CONTEXT(2) 
PARAMETRIC_REPRESENTATION_CONTEXT() REPRESENTATION_CONTEXT('2D SPACE',''
  ) );
#719 = PCURVE('',#720,#847);
#720 = ( BOUNDED_SURFACE() B_SPLINE_SURFACE(1,3,(
    (#721,#722,#723,#724,#725,#726,#727,#728,#729,#730,#731,#732,#733
      ,#734,#735,#736,#737,#738,#739,#740,#741,#742,#743,#744,#745,#746
      ,#747,#748,#749,#750,#751,#752,#753,#754,#755,#756,#757,#758,#759
      ,#760,#761,#762,#763,#764,#765,#766,#767,#768,#769,#770,#771,#772
      ,#773,#774,#775,#776,#777,#778,#779,#780,#781,#782,#783)
    ,(#784,#785,#786,#787,#788,#789,#790,#791,#792,#793,#794,#795,#796
      ,#797,#798,#799,#800,#801,#802,#803,#804,#805,#806,#807,#808,#809
      ,#810,#811,#812,#813,#814,#815,#816,#817,#818,#819,#820,#821,#822
      ,#823,#824,#825,#826,#827,#828,#829,#830,#831,#832,#833,#834,#835
      ,#836,#837,#838,#839,#840,#841,#842,#843,#844,#845,#846
)),.UNSPECIFIED.,.F.,.F.,.F.) B_SPLINE_SURFACE_WITH_KNOTS((2,2),(4,1,1,1
    ,1,1,1,1,1,1,1,1,1,1,1,1,1,1,1,1,1,1,1,1,1,1,1,1,1,1,1,1,1,1,1,1,1,1
    ,1,1,1,1,1,1,1,1,1,1,1,1,1,1,1,1,1,1,1,1,1,1,4),(2.,3.),(0.,
    1.671164831231E-02,3.327803306227E-02,5.000925566809E-02,
    6.648034363626E-02,8.347574416348E-02,9.998031801332E-02,
    0.116453562429,0.133787455732,0.150582398826,0.167003889564,
    0.183421183117,0.199831572897,0.216243077967,0.232654966281,
    0.249069049,0.265493630469,0.281929899437,0.298422530809,
    0.314972313288,0.331595845732,0.348279560524,0.365009232075,
    0.38168560036,0.398277240471,0.414799735375,0.431302994143,
    0.448140075223,0.464749604184,0.481553115126,0.498808354232,
    0.516050152658,0.532842545742,0.550335828942,0.567153130692,
    0.583652514422,0.600175882991,0.616768685323,0.633448038712,
    0.650182180915,0.666869665762,0.683497438564,0.700056495454,
    0.716547762365,0.732983596882,0.749407921308,0.765822295641,
    0.782233728406,0.798646209918,0.81505724388,0.831476734885,
    0.847901722287,0.864693603231,0.881980563987,0.898448960139,
    0.915352013848,0.932295303855,0.949097785181,0.966200565614,
0.982806308198,1.),.UNSPECIFIED.) GEOMETRIC_REPRESENTATION_ITEM() 
RATIONAL_B_SPLINE_SURFACE((
    (1.,0.999999999979,1.00000000001,0.999999999997,1.000000000001,1.,1.
      ,1.,1.,1.,1.,1.,1.,1.,1.,1.,1.,1.,1.,1.,1.,1.,1.,1.,1.,1.,1.,1.,1.
      ,1.,1.,1.,1.,1.,1.,1.,1.,1.,1.,1.,1.,1.,1.,1.,1.,1.,1.,1.,1.,1.,1.
      ,1.,1.,1.,1.,1.,1.,1.,0.999999999998,1.000000000007,0.999999999976
      ,1.000000000054,1.)
    ,(1.,0.999999999979,1.00000000001,0.999999999997,1.000000000001,1.
      ,1.,1.,1.,1.,1.,1.,1.,1.,1.,1.,1.,1.,1.,1.,1.,1.,1.,1.,1.,1.,1.,1.
      ,1.,1.,1.,1.,1.,1.,1.,1.,1.,1.,1.,1.,1.,1.,1.,1.,1.,1.,1.,1.,1.,1.
      ,1.,1.,1.,1.,1.,1.,1.,1.,0.999999999998,1.000000000007
,0.999999999976,1.000000000054,1.
  ))) REPRESENTATION_ITEM('') SURFACE() );
#721 = CARTESIAN_POINT('',(-679.0382,3.739360914211,69.447815065843));
#722 = CARTESIAN_POINT('',(-677.9018430398,3.31435719819,69.438424115977
    ));
#723 = CARTESIAN_POINT('',(-674.6570379481,4.445653920629,69.26574451996
    ));
#724 = CARTESIAN_POINT('',(-670.4801286148,4.887554529598,69.11424910052
    ));
#725 = CARTESIAN_POINT('',(-666.2529876958,4.188928266283,
    69.074077237182));
#726 = CARTESIAN_POINT('',(-661.8309289879,3.845148007304,
    68.966201778228));
#727 = CARTESIAN_POINT('',(-657.7320144142,4.358018838744,
    68.718084139537));
#728 = CARTESIAN_POINT('',(-653.3812140229,5.202904702496,
    68.435848997345));
#729 = CARTESIAN_POINT('',(-648.9513854559,5.050825623732,
    68.311510357274));
#730 = CARTESIAN_POINT('',(-644.9070855266,7.987563782555,
    67.744585087356));
#731 = CARTESIAN_POINT('',(-640.582063889,9.180515004007,67.44959595325)
  );
#732 = CARTESIAN_POINT('',(-636.2554682792,9.184464990017,
    67.385617514454));
#733 = CARTESIAN_POINT('',(-631.9824711096,9.383920942948,
    67.314874340941));
#734 = CARTESIAN_POINT('',(-627.7019615338,9.474867289599,
    67.261698945295));
#735 = CARTESIAN_POINT('',(-623.4245711463,9.542897433844,67.21301351043
    ));
#736 = CARTESIAN_POINT('',(-619.1463832312,9.556677244732,
    67.165003338995));
#737 = CARTESIAN_POINT('',(-614.8669156658,9.535292479036,
    67.130211695979));
#738 = CARTESIAN_POINT('',(-610.5898165078,9.502566697791,
    67.095501554547));
#739 = CARTESIAN_POINT('',(-606.3045105877,9.379754495734,
    67.088192389017));
#740 = CARTESIAN_POINT('',(-602.0277566031,9.321824412797,
    67.116585946964));
#741 = CARTESIAN_POINT('',(-597.7466019923,9.163420715537,66.97962647044
    ));
#742 = CARTESIAN_POINT('',(-593.4714143357,9.23486538962,67.24609434722)
  );
#743 = CARTESIAN_POINT('',(-589.1936176105,9.264746803057,
    67.399054151959));
#744 = CARTESIAN_POINT('',(-584.9304153006,9.374997592053,
    67.572388924526));
#745 = CARTESIAN_POINT('',(-580.6563793824,9.364457634118,
    67.777366893918));
#746 = CARTESIAN_POINT('',(-576.3740763318,9.310923977423,
    67.955815062143));
#747 = CARTESIAN_POINT('',(-572.0987272234,8.904264342772,
    68.226730675929));
#748 = CARTESIAN_POINT('',(-567.7524952784,8.731433205377,
    68.510632215919));
#749 = CARTESIAN_POINT('',(-563.5775738445,6.873169840486,
    68.689135847543));
#750 = CARTESIAN_POINT('',(-559.225311783,6.426532943673,68.83804018311)
  );
#751 = CARTESIAN_POINT('',(-554.9153030247,5.057494512351,68.86902982527
    ));
#752 = CARTESIAN_POINT('',(-550.6950514656,3.655147662747,69.15416165863
    ));
#753 = CARTESIAN_POINT('',(-546.5054520859,1.891218796127,
    69.325847826223));
#754 = CARTESIAN_POINT('',(-542.014622175,1.70348818265,69.62001123133)
  );
#755 = CARTESIAN_POINT('',(-537.9789076762,0.154386311713,
    69.852441877961));
#756 = CARTESIAN_POINT('',(-533.6216797195,-0.322460582624,
    70.262058664978));
#757 = CARTESIAN_POINT('',(-529.3043766466,-0.149883801341,
    70.303536491526));
#758 = CARTESIAN_POINT('',(-525.0222934397,0.297398190425,
    70.392802012794));
#759 = CARTESIAN_POINT('',(-520.7416746921,1.036112930841,
    70.433733536613));
#760 = CARTESIAN_POINT('',(-516.4671704399,1.928104978938,
    70.447150590021));
#761 = CARTESIAN_POINT('',(-512.204407681,2.891101438363,70.460259920192
    ));
#762 = CARTESIAN_POINT('',(-507.9265429784,3.652337029169,
    70.455310032138));
#763 = CARTESIAN_POINT('',(-503.6502824349,4.364532134058,
    70.502743584473));
#764 = CARTESIAN_POINT('',(-499.3719688989,4.861314576613,
    70.384353598338));
#765 = CARTESIAN_POINT('',(-495.0930022696,5.429655260981,
    70.220658098527));
#766 = CARTESIAN_POINT('',(-490.8081538754,5.570062544165,
    70.020077254479));
#767 = CARTESIAN_POINT('',(-486.5308534552,5.798700693778,
    69.885344871319));
#768 = CARTESIAN_POINT('',(-482.2516859036,5.86134218953,69.74133252395)
  );
#769 = CARTESIAN_POINT('',(-477.9730655022,5.857865000429,
    69.607992612371));
#770 = CARTESIAN_POINT('',(-473.6960456193,5.812352475218,
    69.486990835761));
#771 = CARTESIAN_POINT('',(-469.4152062773,5.828502938584,
    69.401972874676));
#772 = CARTESIAN_POINT('',(-465.1421872703,5.819147153,69.310393725178)
  );
#773 = CARTESIAN_POINT('',(-460.8166932288,5.517685639815,
    69.177692438449));
#774 = CARTESIAN_POINT('',(-456.4952571487,5.852057932163,69.1987691245)
  );
#775 = CARTESIAN_POINT('',(-452.4504000069,6.655082513873,
    69.285450232598));
#776 = CARTESIAN_POINT('',(-447.9424683801,6.001496750124,
    69.214068558836));
#777 = CARTESIAN_POINT('',(-443.7524033406,6.879165816534,
    69.339197912603));
#778 = CARTESIAN_POINT('',(-439.4974420849,4.993749255778,
    69.151963428995));
#779 = CARTESIAN_POINT('',(-435.1419433011,4.181625232526,
    69.101130674935));
#780 = CARTESIAN_POINT('',(-430.9728274171,2.50372958609,68.981927498919
    ));
#781 = CARTESIAN_POINT('',(-426.6766705817,1.284398480649,
    68.881322584723));
#782 = CARTESIAN_POINT('',(-423.4568555526,3.357670138301,
    69.080003603094));
#783 = CARTESIAN_POINT('',(-422.3597,0.488721006811,68.816523852228));
#784 = CARTESIAN_POINT('',(-679.0382,3.354021032945,69.566212937899));
#785 = CARTESIAN_POINT('',(-677.9018430398,2.730681893417,69.58359891552
    ));
#786 = CARTESIAN_POINT('',(-674.6570379481,3.999795908801,
    69.393362441849));
#787 = CARTESIAN_POINT('',(-670.4801286148,4.257265567463,
    69.271293463819));
#788 = CARTESIAN_POINT('',(-666.2529876958,3.517012744296,69.23864542911
    ));
#789 = CARTESIAN_POINT('',(-661.8309289879,3.219159766613,
    69.128405836134));
#790 = CARTESIAN_POINT('',(-657.7320144142,3.49538188643,68.92350637894)
  );
#791 = CARTESIAN_POINT('',(-653.3812140229,4.298150632487,
    68.659797837743));
#792 = CARTESIAN_POINT('',(-648.9513854559,4.113351065427,
    68.551942394455));
#793 = CARTESIAN_POINT('',(-644.9070855266,6.858425743978,
    68.027778482825));
#794 = CARTESIAN_POINT('',(-640.582063889,7.873480520935,67.775848484628
    ));
#795 = CARTESIAN_POINT('',(-636.2554682792,7.889460883094,
    67.722414471521));
#796 = CARTESIAN_POINT('',(-631.9824711096,8.053666031424,
    67.669794108132));
#797 = CARTESIAN_POINT('',(-627.7019615338,8.142853494542,
    67.628398507761));
#798 = CARTESIAN_POINT('',(-623.4245711463,8.199291637972,
    67.595649402446));
#799 = CARTESIAN_POINT('',(-619.1463832312,8.208499428359,
    67.565075847996));
#800 = CARTESIAN_POINT('',(-614.8669156658,8.198910617181,
    67.545731340913));
#801 = CARTESIAN_POINT('',(-610.5898165078,8.192471632227,
    67.526835610659));
#802 = CARTESIAN_POINT('',(-606.3045105877,8.097643320056,
    67.533289621658));
#803 = CARTESIAN_POINT('',(-602.0277566031,8.103294966443,
    67.586706105637));
#804 = CARTESIAN_POINT('',(-597.7466019923,8.000430827999,
    67.418408539435));
#805 = CARTESIAN_POINT('',(-593.4714143357,8.165550598394,
    67.735454483482));
#806 = CARTESIAN_POINT('',(-589.1936176105,8.314635271213,
    67.952868084944));
#807 = CARTESIAN_POINT('',(-584.9304153006,8.545482720335,
    68.162769468274));
#808 = CARTESIAN_POINT('',(-580.6563793824,8.653860599947,
    68.396464647067));
#809 = CARTESIAN_POINT('',(-576.3740763318,8.704435110377,
    68.578958658184));
#810 = CARTESIAN_POINT('',(-572.0987272234,8.39287112497,68.838812305793
    ));
#811 = CARTESIAN_POINT('',(-567.7524952784,8.235086158954,
    69.025058802767));
#812 = CARTESIAN_POINT('',(-563.5775738445,6.517200889886,
    69.259917824268));
#813 = CARTESIAN_POINT('',(-559.225311783,6.168683091303,69.387955671095
    ));
#814 = CARTESIAN_POINT('',(-554.9153030247,4.854653866587,
    69.497997574941));
#815 = CARTESIAN_POINT('',(-550.6950514656,3.666177821827,
    69.711053488001));
#816 = CARTESIAN_POINT('',(-546.5054520859,2.126400299976,
    69.903537132474));
#817 = CARTESIAN_POINT('',(-542.014622175,2.023387763953,70.101484646767
    ));
#818 = CARTESIAN_POINT('',(-537.9789076762,0.585669147705,
    70.335287973329));
#819 = CARTESIAN_POINT('',(-533.6216797195,0.27082554989,70.672595802922
    ));
#820 = CARTESIAN_POINT('',(-529.3043766466,0.474761924549,
    70.791519024765));
#821 = CARTESIAN_POINT('',(-525.0222934397,0.984986830914,
    70.935941066335));
#822 = CARTESIAN_POINT('',(-520.7416746921,1.806400731089,
    70.993897056522));
#823 = CARTESIAN_POINT('',(-516.4671704399,2.791356874683,71.00853349024
    ));
#824 = CARTESIAN_POINT('',(-512.204407681,3.861627640125,70.995279137101
    ));
#825 = CARTESIAN_POINT('',(-507.9265429784,4.710753952018,
    70.971645725276));
#826 = CARTESIAN_POINT('',(-503.6502824349,5.512382892737,
    70.997556703098));
#827 = CARTESIAN_POINT('',(-499.3719688989,6.09128886928,70.824244288868
    ));
#828 = CARTESIAN_POINT('',(-495.0930022696,6.713252984723,
    70.660382390458));
#829 = CARTESIAN_POINT('',(-490.8081538754,6.884720272913,
    70.439245476756));
#830 = CARTESIAN_POINT('',(-486.5308534552,7.137436279815,
    70.289163038974));
#831 = CARTESIAN_POINT('',(-482.2516859036,7.210118605957,
    70.126017716901));
#832 = CARTESIAN_POINT('',(-477.9730655022,7.208090471008,
    69.974532440124));
#833 = CARTESIAN_POINT('',(-473.6960456193,7.146329912525,
    69.835156875319));
#834 = CARTESIAN_POINT('',(-469.4152062773,7.160235585182,
    69.736757656704));
#835 = CARTESIAN_POINT('',(-465.1421872703,7.118754335129,
    69.626904561557));
#836 = CARTESIAN_POINT('',(-460.8166932288,6.802581744368,
    69.477524378347));
#837 = CARTESIAN_POINT('',(-456.4952571487,7.038281224439,
    69.468669790292));
#838 = CARTESIAN_POINT('',(-452.4504000069,7.645232725801,
    69.511187436187));
#839 = CARTESIAN_POINT('',(-447.9424683801,6.986973619482,
    69.426045518083));
#840 = CARTESIAN_POINT('',(-443.7524033406,7.71240616497,69.518505082838
    ));
#841 = CARTESIAN_POINT('',(-439.4974420849,5.643129515777,
    69.294759783484));
#842 = CARTESIAN_POINT('',(-435.1419433011,4.795167841534,
    69.232181125306));
#843 = CARTESIAN_POINT('',(-430.9728274171,3.059575372621,
    69.102264107488));
#844 = CARTESIAN_POINT('',(-426.6766705817,1.681372966043,
    68.976560362523));
#845 = CARTESIAN_POINT('',(-423.4568555526,3.758407045664,
    69.171560182572));
#846 = CARTESIAN_POINT('',(-422.3597,0.865960210889,68.905017784453));
#847 = DEFINITIONAL_REPRESENTATION('',(#848),#852);
#848 = LINE('',#849,#850);
#849 = CARTESIAN_POINT('',(2.,0.));
#850 = VECTOR('',#851,1.);
#851 = DIRECTION('',(0.,1.));
#852 = ( GEOMETRIC_REPRESENTATION_CONTEXT(2) 
PARAMETRIC_REPRESENTATION_CONTEXT() REPRESENTATION_CONTEXT('2D SPACE',''
  ) );
#853 = ORIENTED_EDGE('',*,*,#854,.F.);
#854 = EDGE_CURVE('',#177,#645,#855,.T.);
#855 = SURFACE_CURVE('',#856,(#859,#866),.PCURVE_S1.);
#856 = B_SPLINE_CURVE_WITH_KNOTS('',1,(#857,#858),.UNSPECIFIED.,.F.,.F.,
  (2,2),(1.,2.),.PIECEWISE_BEZIER_KNOTS.);
#857 = CARTESIAN_POINT('',(-422.3597,0.109236167184,68.738199055399));
#858 = CARTESIAN_POINT('',(-422.3597,0.488721006811,68.816523852228));
#859 = PCURVE('',#252,#860);
#860 = DEFINITIONAL_REPRESENTATION('',(#861),#865);
#861 = LINE('',#862,#863);
#862 = CARTESIAN_POINT('',(0.,1.));
#863 = VECTOR('',#864,1.);
#864 = DIRECTION('',(1.,0.));
#865 = ( GEOMETRIC_REPRESENTATION_CONTEXT(2) 
PARAMETRIC_REPRESENTATION_CONTEXT() REPRESENTATION_CONTEXT('2D SPACE',''
  ) );
#866 = PCURVE('',#401,#867);
#867 = DEFINITIONAL_REPRESENTATION('',(#868),#871);
#868 = B_SPLINE_CURVE_WITH_KNOTS('',1,(#869,#870),.UNSPECIFIED.,.F.,.F.,
  (2,2),(1.,2.),.PIECEWISE_BEZIER_KNOTS.);
#869 = CARTESIAN_POINT('',(-0.378689480431,8.209316042024E-02));
#870 = CARTESIAN_POINT('',(-0.755330011605,0.173117484541));
#871 = ( GEOMETRIC_REPRESENTATION_CONTEXT(2) 
PARAMETRIC_REPRESENTATION_CONTEXT() REPRESENTATION_CONTEXT('2D SPACE',''
  ) );
#872 = ORIENTED_EDGE('',*,*,#176,.F.);
#873 = ADVANCED_FACE('',(#874),#720,.T.);
#874 = FACE_BOUND('',#875,.T.);
#875 = EDGE_LOOP('',(#876,#897,#1107,#1126));
#876 = ORIENTED_EDGE('',*,*,#877,.T.);
#877 = EDGE_CURVE('',#624,#878,#880,.T.);
#878 = VERTEX_POINT('',#879);
#879 = CARTESIAN_POINT('',(-679.0382,3.354021032945,69.566212937899));
#880 = SURFACE_CURVE('',#881,(#884,#891),.PCURVE_S1.);
#881 = B_SPLINE_CURVE_WITH_KNOTS('',1,(#882,#883),.UNSPECIFIED.,.F.,.F.,
  (2,2),(2.,3.),.PIECEWISE_BEZIER_KNOTS.);
#882 = CARTESIAN_POINT('',(-679.0382,3.739360914211,69.447815065843));
#883 = CARTESIAN_POINT('',(-679.0382,3.354021032945,69.566212937899));
#884 = PCURVE('',#720,#885);
#885 = DEFINITIONAL_REPRESENTATION('',(#886),#890);
#886 = LINE('',#887,#888);
#887 = CARTESIAN_POINT('',(0.,0.));
#888 = VECTOR('',#889,1.);
#889 = DIRECTION('',(1.,0.));
#890 = ( GEOMETRIC_REPRESENTATION_CONTEXT(2) 
PARAMETRIC_REPRESENTATION_CONTEXT() REPRESENTATION_CONTEXT('2D SPACE',''
  ) );
#891 = PCURVE('',#165,#892);
#892 = DEFINITIONAL_REPRESENTATION('',(#893),#896);
#893 = B_SPLINE_CURVE_WITH_KNOTS('',1,(#894,#895),.UNSPECIFIED.,.F.,.F.,
  (2,2),(2.,3.),.PIECEWISE_BEZIER_KNOTS.);
#894 = CARTESIAN_POINT('',(0.764766187849,-0.250488125768));
#895 = CARTESIAN_POINT('',(1.159259349599,-0.333434045099));
#896 = ( GEOMETRIC_REPRESENTATION_CONTEXT(2) 
PARAMETRIC_REPRESENTATION_CONTEXT() REPRESENTATION_CONTEXT('2D SPACE',''
  ) );
#897 = ORIENTED_EDGE('',*,*,#898,.T.);
#898 = EDGE_CURVE('',#878,#899,#901,.T.);
#899 = VERTEX_POINT('',#900);
#900 = CARTESIAN_POINT('',(-422.3597,0.865960210889,68.905017784453));
#901 = SURFACE_CURVE('',#902,(#966,#973),.PCURVE_S1.);
#902 = ( BOUNDED_CURVE() B_SPLINE_CURVE(3,(#903,#904,#905,#906,#907,#908
    ,#909,#910,#911,#912,#913,#914,#915,#916,#917,#918,#919,#920,#921,
    #922,#923,#924,#925,#926,#927,#928,#929,#930,#931,#932,#933,#934,
    #935,#936,#937,#938,#939,#940,#941,#942,#943,#944,#945,#946,#947,
    #948,#949,#950,#951,#952,#953,#954,#955,#956,#957,#958,#959,#960,
    #961,#962,#963,#964,#965),.UNSPECIFIED.,.F.,.F.) 
B_SPLINE_CURVE_WITH_KNOTS((4,1,1,1,1,1,1,1,1,1,1,1,1,1,1,1,1,1,1,1,1,1,1
    ,1,1,1,1,1,1,1,1,1,1,1,1,1,1,1,1,1,1,1,1,1,1,1,1,1,1,1,1,1,1,1,1,1,1
    ,1,1,1,4),(0.,1.671164831231E-02,3.327803306227E-02,
    5.000925566809E-02,6.648034363626E-02,8.347574416348E-02,
    9.998031801332E-02,0.116453562429,0.133787455732,0.150582398826,
    0.167003889564,0.183421183117,0.199831572897,0.216243077967,
    0.232654966281,0.249069049,0.265493630469,0.281929899437,
    0.298422530809,0.314972313288,0.331595845732,0.348279560524,
    0.365009232075,0.38168560036,0.398277240471,0.414799735375,
    0.431302994143,0.448140075223,0.464749604184,0.481553115126,
    0.498808354232,0.516050152658,0.532842545742,0.550335828942,
    0.567153130692,0.583652514422,0.600175882991,0.616768685323,
    0.633448038712,0.650182180915,0.666869665762,0.683497438564,
    0.700056495454,0.716547762365,0.732983596882,0.749407921308,
    0.765822295641,0.782233728406,0.798646209918,0.81505724388,
    0.831476734885,0.847901722287,0.864693603231,0.881980563987,
    0.898448960139,0.915352013848,0.932295303855,0.949097785181,
0.966200565614,0.982806308198,1.),.UNSPECIFIED.) CURVE() 
GEOMETRIC_REPRESENTATION_ITEM() RATIONAL_B_SPLINE_CURVE((1.,
    0.999999999979,1.00000000001,0.999999999997,1.000000000001,1.,1.,1.,
    1.,1.,1.,1.,1.,1.,1.,1.,1.,1.,1.,1.,1.,1.,1.,1.,1.,1.,1.,1.,1.,1.,1.
    ,1.,1.,1.,1.,1.,1.,1.,1.,1.,1.,1.,1.,1.,1.,1.,1.,1.,1.,1.,1.,1.,1.,
    1.,1.,1.,1.,1.,0.999999999998,1.000000000007,0.999999999976,
1.000000000054,1.)) REPRESENTATION_ITEM('') );
#903 = CARTESIAN_POINT('',(-679.0382,3.354021032945,69.566212937899));
#904 = CARTESIAN_POINT('',(-677.9018430398,2.730681893417,69.58359891552
    ));
#905 = CARTESIAN_POINT('',(-674.6570379481,3.999795908801,
    69.393362441849));
#906 = CARTESIAN_POINT('',(-670.4801286148,4.257265567463,
    69.271293463819));
#907 = CARTESIAN_POINT('',(-666.2529876958,3.517012744296,69.23864542911
    ));
#908 = CARTESIAN_POINT('',(-661.8309289879,3.219159766613,
    69.128405836134));
#909 = CARTESIAN_POINT('',(-657.7320144142,3.49538188643,68.92350637894)
  );
#910 = CARTESIAN_POINT('',(-653.3812140229,4.298150632487,
    68.659797837743));
#911 = CARTESIAN_POINT('',(-648.9513854559,4.113351065427,
    68.551942394455));
#912 = CARTESIAN_POINT('',(-644.9070855266,6.858425743978,
    68.027778482825));
#913 = CARTESIAN_POINT('',(-640.582063889,7.873480520935,67.775848484628
    ));
#914 = CARTESIAN_POINT('',(-636.2554682792,7.889460883094,
    67.722414471521));
#915 = CARTESIAN_POINT('',(-631.9824711096,8.053666031424,
    67.669794108132));
#916 = CARTESIAN_POINT('',(-627.7019615338,8.142853494542,
    67.628398507761));
#917 = CARTESIAN_POINT('',(-623.4245711463,8.199291637972,
    67.595649402446));
#918 = CARTESIAN_POINT('',(-619.1463832312,8.208499428359,
    67.565075847996));
#919 = CARTESIAN_POINT('',(-614.8669156658,8.198910617181,
    67.545731340913));
#920 = CARTESIAN_POINT('',(-610.5898165078,8.192471632227,
    67.526835610659));
#921 = CARTESIAN_POINT('',(-606.3045105877,8.097643320056,
    67.533289621658));
#922 = CARTESIAN_POINT('',(-602.0277566031,8.103294966443,
    67.586706105637));
#923 = CARTESIAN_POINT('',(-597.7466019923,8.000430827999,
    67.418408539435));
#924 = CARTESIAN_POINT('',(-593.4714143357,8.165550598394,
    67.735454483482));
#925 = CARTESIAN_POINT('',(-589.1936176105,8.314635271213,
    67.952868084944));
#926 = CARTESIAN_POINT('',(-584.9304153006,8.545482720335,
    68.162769468274));
#927 = CARTESIAN_POINT('',(-580.6563793824,8.653860599947,
    68.396464647067));
#928 = CARTESIAN_POINT('',(-576.3740763318,8.704435110377,
    68.578958658184));
#929 = CARTESIAN_POINT('',(-572.0987272234,8.39287112497,68.838812305793
    ));
#930 = CARTESIAN_POINT('',(-567.7524952784,8.235086158954,
    69.025058802767));
#931 = CARTESIAN_POINT('',(-563.5775738445,6.517200889886,
    69.259917824268));
#932 = CARTESIAN_POINT('',(-559.225311783,6.168683091303,69.387955671095
    ));
#933 = CARTESIAN_POINT('',(-554.9153030247,4.854653866587,
    69.497997574941));
#934 = CARTESIAN_POINT('',(-550.6950514656,3.666177821827,
    69.711053488001));
#935 = CARTESIAN_POINT('',(-546.5054520859,2.126400299976,
    69.903537132474));
#936 = CARTESIAN_POINT('',(-542.014622175,2.023387763953,70.101484646767
    ));
#937 = CARTESIAN_POINT('',(-537.9789076762,0.585669147705,
    70.335287973329));
#938 = CARTESIAN_POINT('',(-533.6216797195,0.27082554989,70.672595802922
    ));
#939 = CARTESIAN_POINT('',(-529.3043766466,0.474761924549,
    70.791519024765));
#940 = CARTESIAN_POINT('',(-525.0222934397,0.984986830914,
    70.935941066335));
#941 = CARTESIAN_POINT('',(-520.7416746921,1.806400731089,
    70.993897056522));
#942 = CARTESIAN_POINT('',(-516.4671704399,2.791356874683,71.00853349024
    ));
#943 = CARTESIAN_POINT('',(-512.204407681,3.861627640125,70.995279137101
    ));
#944 = CARTESIAN_POINT('',(-507.9265429784,4.710753952018,
    70.971645725276));
#945 = CARTESIAN_POINT('',(-503.6502824349,5.512382892737,
    70.997556703098));
#946 = CARTESIAN_POINT('',(-499.3719688989,6.09128886928,70.824244288868
    ));
#947 = CARTESIAN_POINT('',(-495.0930022696,6.713252984723,
    70.660382390458));
#948 = CARTESIAN_POINT('',(-490.8081538754,6.884720272913,
    70.439245476756));
#949 = CARTESIAN_POINT('',(-486.5308534552,7.137436279815,
    70.289163038974));
#950 = CARTESIAN_POINT('',(-482.2516859036,7.210118605957,
    70.126017716901));
#951 = CARTESIAN_POINT('',(-477.9730655022,7.208090471008,
    69.974532440124));
#952 = CARTESIAN_POINT('',(-473.6960456193,7.146329912525,
    69.835156875319));
#953 = CARTESIAN_POINT('',(-469.4152062773,7.160235585182,
    69.736757656704));
#954 = CARTESIAN_POINT('',(-465.1421872703,7.118754335129,
    69.626904561557));
#955 = CARTESIAN_POINT('',(-460.8166932288,6.802581744368,
    69.477524378347));
#956 = CARTESIAN_POINT('',(-456.4952571487,7.038281224439,
    69.468669790292));
#957 = CARTESIAN_POINT('',(-452.4504000069,7.645232725801,
    69.511187436187));
#958 = CARTESIAN_POINT('',(-447.9424683801,6.986973619482,
    69.426045518083));
#959 = CARTESIAN_POINT('',(-443.7524033406,7.71240616497,69.518505082838
    ));
#960 = CARTESIAN_POINT('',(-439.4974420849,5.643129515777,
    69.294759783484));
#961 = CARTESIAN_POINT('',(-435.1419433011,4.795167841534,
    69.232181125306));
#962 = CARTESIAN_POINT('',(-430.9728274171,3.059575372621,
    69.102264107488));
#963 = CARTESIAN_POINT('',(-426.6766705817,1.681372966043,
    68.976560362523));
#964 = CARTESIAN_POINT('',(-423.4568555526,3.758407045664,
    69.171560182572));
#965 = CARTESIAN_POINT('',(-422.3597,0.865960210889,68.905017784453));
#966 = PCURVE('',#720,#967);
#967 = DEFINITIONAL_REPRESENTATION('',(#968),#972);
#968 = LINE('',#969,#970);
#969 = CARTESIAN_POINT('',(3.,0.));
#970 = VECTOR('',#971,1.);
#971 = DIRECTION('',(0.,1.));
#972 = ( GEOMETRIC_REPRESENTATION_CONTEXT(2) 
PARAMETRIC_REPRESENTATION_CONTEXT() REPRESENTATION_CONTEXT('2D SPACE',''
  ) );
#973 = PCURVE('',#974,#1101);
#974 = ( BOUNDED_SURFACE() B_SPLINE_SURFACE(1,3,(
    (#975,#976,#977,#978,#979,#980,#981,#982,#983,#984,#985,#986,#987
      ,#988,#989,#990,#991,#992,#993,#994,#995,#996,#997,#998,#999,#1000
      ,#1001,#1002,#1003,#1004,#1005,#1006,#1007,#1008,#1009,#1010,#1011
      ,#1012,#1013,#1014,#1015,#1016,#1017,#1018,#1019,#1020,#1021,#1022
      ,#1023,#1024,#1025,#1026,#1027,#1028,#1029,#1030,#1031,#1032,#1033
      ,#1034,#1035,#1036,#1037)
    ,(#1038,#1039,#1040,#1041,#1042,#1043,#1044,#1045,#1046,#1047,#1048
      ,#1049,#1050,#1051,#1052,#1053,#1054,#1055,#1056,#1057,#1058,#1059
      ,#1060,#1061,#1062,#1063,#1064,#1065,#1066,#1067,#1068,#1069,#1070
      ,#1071,#1072,#1073,#1074,#1075,#1076,#1077,#1078,#1079,#1080,#1081
      ,#1082,#1083,#1084,#1085,#1086,#1087,#1088,#1089,#1090,#1091,#1092
      ,#1093,#1094,#1095,#1096,#1097,#1098,#1099,#1100
)),.UNSPECIFIED.,.F.,.F.,.F.) B_SPLINE_SURFACE_WITH_KNOTS((2,2),(4,1,1,1
    ,1,1,1,1,1,1,1,1,1,1,1,1,1,1,1,1,1,1,1,1,1,1,1,1,1,1,1,1,1,1,1,1,1,1
    ,1,1,1,1,1,1,1,1,1,1,1,1,1,1,1,1,1,1,1,1,1,1,4),(3.,4.),(0.,
    1.671164831231E-02,3.327803306227E-02,5.000925566809E-02,
    6.648034363626E-02,8.347574416348E-02,9.998031801332E-02,
    0.116453562429,0.133787455732,0.150582398826,0.167003889564,
    0.183421183117,0.199831572897,0.216243077967,0.232654966281,
    0.249069049,0.265493630469,0.281929899437,0.298422530809,
    0.314972313288,0.331595845732,0.348279560524,0.365009232075,
    0.38168560036,0.398277240471,0.414799735375,0.431302994143,
    0.448140075223,0.464749604184,0.481553115126,0.498808354232,
    0.516050152658,0.532842545742,0.550335828942,0.567153130692,
    0.583652514422,0.600175882991,0.616768685323,0.633448038712,
    0.650182180915,0.666869665762,0.683497438564,0.700056495454,
    0.716547762365,0.732983596882,0.749407921308,0.765822295641,
    0.782233728406,0.798646209918,0.81505724388,0.831476734885,
    0.847901722287,0.864693603231,0.881980563987,0.898448960139,
    0.915352013848,0.932295303855,0.949097785181,0.966200565614,
0.982806308198,1.),.UNSPECIFIED.) GEOMETRIC_REPRESENTATION_ITEM() 
RATIONAL_B_SPLINE_SURFACE((
    (1.,0.999999999979,1.00000000001,0.999999999997,1.000000000001,1.,1.
      ,1.,1.,1.,1.,1.,1.,1.,1.,1.,1.,1.,1.,1.,1.,1.,1.,1.,1.,1.,1.,1.,1.
      ,1.,1.,1.,1.,1.,1.,1.,1.,1.,1.,1.,1.,1.,1.,1.,1.,1.,1.,1.,1.,1.,1.
      ,1.,1.,1.,1.,1.,1.,1.,0.999999999998,1.000000000007,0.999999999976
      ,1.000000000054,1.)
    ,(1.,0.999999999979,1.00000000001,0.999999999997,1.000000000001,1.
      ,1.,1.,1.,1.,1.,1.,1.,1.,1.,1.,1.,1.,1.,1.,1.,1.,1.,1.,1.,1.,1.,1.
      ,1.,1.,1.,1.,1.,1.,1.,1.,1.,1.,1.,1.,1.,1.,1.,1.,1.,1.,1.,1.,1.,1.
      ,1.,1.,1.,1.,1.,1.,1.,1.,0.999999999998,1.000000000007
,0.999999999976,1.000000000054,1.
  ))) REPRESENTATION_ITEM('') SURFACE() );
#975 = CARTESIAN_POINT('',(-679.0382,3.354021032945,69.566212937899));
#976 = CARTESIAN_POINT('',(-677.9018430398,2.730681893417,69.58359891552
    ));
#977 = CARTESIAN_POINT('',(-674.6570379481,3.999795908801,
    69.393362441849));
#978 = CARTESIAN_POINT('',(-670.4801286148,4.257265567463,
    69.271293463819));
#979 = CARTESIAN_POINT('',(-666.2529876958,3.517012744296,69.23864542911
    ));
#980 = CARTESIAN_POINT('',(-661.8309289879,3.219159766613,
    69.128405836134));
#981 = CARTESIAN_POINT('',(-657.7320144142,3.49538188643,68.92350637894)
  );
#982 = CARTESIAN_POINT('',(-653.3812140229,4.298150632487,
    68.659797837743));
#983 = CARTESIAN_POINT('',(-648.9513854559,4.113351065427,
    68.551942394455));
#984 = CARTESIAN_POINT('',(-644.9070855266,6.858425743978,
    68.027778482825));
#985 = CARTESIAN_POINT('',(-640.582063889,7.873480520935,67.775848484628
    ));
#986 = CARTESIAN_POINT('',(-636.2554682792,7.889460883094,
    67.722414471521));
#987 = CARTESIAN_POINT('',(-631.9824711096,8.053666031424,
    67.669794108132));
#988 = CARTESIAN_POINT('',(-627.7019615338,8.142853494542,
    67.628398507761));
#989 = CARTESIAN_POINT('',(-623.4245711463,8.199291637972,
    67.595649402446));
#990 = CARTESIAN_POINT('',(-619.1463832312,8.208499428359,
    67.565075847996));
#991 = CARTESIAN_POINT('',(-614.8669156658,8.198910617181,
    67.545731340913));
#992 = CARTESIAN_POINT('',(-610.5898165078,8.192471632227,
    67.526835610659));
#993 = CARTESIAN_POINT('',(-606.3045105877,8.097643320056,
    67.533289621658));
#994 = CARTESIAN_POINT('',(-602.0277566031,8.103294966443,
    67.586706105637));
#995 = CARTESIAN_POINT('',(-597.7466019923,8.000430827999,
    67.418408539435));
#996 = CARTESIAN_POINT('',(-593.4714143357,8.165550598394,
    67.735454483482));
#997 = CARTESIAN_POINT('',(-589.1936176105,8.314635271213,
    67.952868084944));
#998 = CARTESIAN_POINT('',(-584.9304153006,8.545482720335,
    68.162769468274));
#999 = CARTESIAN_POINT('',(-580.6563793824,8.653860599947,
    68.396464647067));
#1000 = CARTESIAN_POINT('',(-576.3740763318,8.704435110377,
    68.578958658184));
#1001 = CARTESIAN_POINT('',(-572.0987272234,8.39287112497,
    68.838812305793));
#1002 = CARTESIAN_POINT('',(-567.7524952784,8.235086158954,
    69.025058802767));
#1003 = CARTESIAN_POINT('',(-563.5775738445,6.517200889886,
    69.259917824268));
#1004 = CARTESIAN_POINT('',(-559.225311783,6.168683091303,
    69.387955671095));
#1005 = CARTESIAN_POINT('',(-554.9153030247,4.854653866587,
    69.497997574941));
#1006 = CARTESIAN_POINT('',(-550.6950514656,3.666177821827,
    69.711053488001));
#1007 = CARTESIAN_POINT('',(-546.5054520859,2.126400299976,
    69.903537132474));
#1008 = CARTESIAN_POINT('',(-542.014622175,2.023387763953,
    70.101484646767));
#1009 = CARTESIAN_POINT('',(-537.9789076762,0.585669147705,
    70.335287973329));
#1010 = CARTESIAN_POINT('',(-533.6216797195,0.27082554989,
    70.672595802922));
#1011 = CARTESIAN_POINT('',(-529.3043766466,0.474761924549,
    70.791519024765));
#1012 = CARTESIAN_POINT('',(-525.0222934397,0.984986830914,
    70.935941066335));
#1013 = CARTESIAN_POINT('',(-520.7416746921,1.806400731089,
    70.993897056522));
#1014 = CARTESIAN_POINT('',(-516.4671704399,2.791356874683,
    71.00853349024));
#1015 = CARTESIAN_POINT('',(-512.204407681,3.861627640125,
    70.995279137101));
#1016 = CARTESIAN_POINT('',(-507.9265429784,4.710753952018,
    70.971645725276));
#1017 = CARTESIAN_POINT('',(-503.6502824349,5.512382892737,
    70.997556703098));
#1018 = CARTESIAN_POINT('',(-499.3719688989,6.09128886928,
    70.824244288868));
#1019 = CARTESIAN_POINT('',(-495.0930022696,6.713252984723,
    70.660382390458));
#1020 = CARTESIAN_POINT('',(-490.8081538754,6.884720272913,
    70.439245476756));
#1021 = CARTESIAN_POINT('',(-486.5308534552,7.137436279815,
    70.289163038974));
#1022 = CARTESIAN_POINT('',(-482.2516859036,7.210118605957,
    70.126017716901));
#1023 = CARTESIAN_POINT('',(-477.9730655022,7.208090471008,
    69.974532440124));
#1024 = CARTESIAN_POINT('',(-473.6960456193,7.146329912525,
    69.835156875319));
#1025 = CARTESIAN_POINT('',(-469.4152062773,7.160235585182,
    69.736757656704));
#1026 = CARTESIAN_POINT('',(-465.1421872703,7.118754335129,
    69.626904561557));
#1027 = CARTESIAN_POINT('',(-460.8166932288,6.802581744368,
    69.477524378347));
#1028 = CARTESIAN_POINT('',(-456.4952571487,7.038281224439,
    69.468669790292));
#1029 = CARTESIAN_POINT('',(-452.4504000069,7.645232725801,
    69.511187436187));
#1030 = CARTESIAN_POINT('',(-447.9424683801,6.986973619482,
    69.426045518083));
#1031 = CARTESIAN_POINT('',(-443.7524033406,7.71240616497,
    69.518505082838));
#1032 = CARTESIAN_POINT('',(-439.4974420849,5.643129515777,
    69.294759783484));
#1033 = CARTESIAN_POINT('',(-435.1419433011,4.795167841534,
    69.232181125306));
#1034 = CARTESIAN_POINT('',(-430.9728274171,3.059575372621,
    69.102264107488));
#1035 = CARTESIAN_POINT('',(-426.6766705817,1.681372966043,
    68.976560362523));
#1036 = CARTESIAN_POINT('',(-423.4568555526,3.758407045664,
    69.171560182572));
#1037 = CARTESIAN_POINT('',(-422.3597,0.865960210889,68.905017784453));
#1038 = CARTESIAN_POINT('',(-679.0382,2.964296566737,69.66932859851));
#1039 = CARTESIAN_POINT('',(-677.9018430398,2.14326686166,
    69.713738794272));
#1040 = CARTESIAN_POINT('',(-674.6570379481,3.550061274044,
    69.506039692786));
#1041 = CARTESIAN_POINT('',(-670.4801286148,3.623508055247,
    69.413746480107));
#1042 = CARTESIAN_POINT('',(-666.2529876958,2.841697611679,
    69.388694889149));
#1043 = CARTESIAN_POINT('',(-661.8309289879,2.58959049771,
    69.276072525713));
#1044 = CARTESIAN_POINT('',(-657.7320144142,2.629481351634,
    69.11468485147));
#1045 = CARTESIAN_POINT('',(-653.3812140229,3.389982461516,
    68.869523106241));
#1046 = CARTESIAN_POINT('',(-648.9513854559,3.172354820143,
    68.778217177724));
#1047 = CARTESIAN_POINT('',(-644.9070855266,5.725846715624,
    68.296888169307));
#1048 = CARTESIAN_POINT('',(-640.582063889,6.563017129761,
    68.088064648906));
#1049 = CARTESIAN_POINT('',(-636.2554682792,6.590890890974,
    68.045205836315));
#1050 = CARTESIAN_POINT('',(-631.9824711096,6.719757156299,
    68.010742252875));
#1051 = CARTESIAN_POINT('',(-627.7019615338,6.807074641141,
    67.981151821704));
#1052 = CARTESIAN_POINT('',(-623.4245711463,6.851802781636,
    67.964394053789));
#1053 = CARTESIAN_POINT('',(-619.1463832312,6.856268071603,
    67.951236658958));
#1054 = CARTESIAN_POINT('',(-614.8669156658,6.858362882208,
    67.947637435392));
#1055 = CARTESIAN_POINT('',(-610.5898165078,6.877733552306,
    67.94370227671));
#1056 = CARTESIAN_POINT('',(-606.3045105877,6.811597380299,
    67.96743103106));
#1057 = CARTESIAN_POINT('',(-602.0277566031,6.876893527806,
    68.033103561449));
#1058 = CARTESIAN_POINT('',(-597.7466019923,6.842689878865,
    67.881909233597));
#1059 = CARTESIAN_POINT('',(-593.4714143357,7.104525782155,
    68.239718288369));
#1060 = CARTESIAN_POINT('',(-589.1936176105,7.346456314643,
    68.484200920269));
#1061 = CARTESIAN_POINT('',(-584.9304153006,7.690174498255,
    68.727778507587));
#1062 = CARTESIAN_POINT('',(-580.6563793824,7.919140527078,
    69.000700361094));
#1063 = CARTESIAN_POINT('',(-576.3740763318,8.073282423736,
    69.179230421245));
#1064 = CARTESIAN_POINT('',(-572.0987272234,7.831072224801,
    69.398689407894));
#1065 = CARTESIAN_POINT('',(-567.7524952784,7.716518711372,
    69.520720537297));
#1066 = CARTESIAN_POINT('',(-563.5775738445,6.145939763014,
    69.815940453509));
#1067 = CARTESIAN_POINT('',(-559.225311783,5.901788511593,
    69.927778893453));
#1068 = CARTESIAN_POINT('',(-554.9153030247,4.637941485274,
    70.115768831254));
#1069 = CARTESIAN_POINT('',(-550.6950514656,3.684674934047,
    70.266195436296));
#1070 = CARTESIAN_POINT('',(-546.5054520859,2.340311481989,
    70.508209554031));
#1071 = CARTESIAN_POINT('',(-542.014622175,2.336223024857,
    70.593907969796));
#1072 = CARTESIAN_POINT('',(-537.9789076762,1.001121285646,
    70.839360930655));
#1073 = CARTESIAN_POINT('',(-533.6216797195,0.85181038233,
    71.099171781304));
#1074 = CARTESIAN_POINT('',(-529.3043766466,1.054936722086,
    71.336141666927));
#1075 = CARTESIAN_POINT('',(-525.0222934397,1.651802134426,
    71.505092996223));
#1076 = CARTESIAN_POINT('',(-520.7416746921,2.544867930621,
    71.59447937992));
#1077 = CARTESIAN_POINT('',(-516.4671704399,3.633582875978,
    71.594180498095));
#1078 = CARTESIAN_POINT('',(-512.204407681,4.808607085681,
    71.559014278994));
#1079 = CARTESIAN_POINT('',(-507.9265429784,5.771530665064,
    71.485606988429));
#1080 = CARTESIAN_POINT('',(-503.6502824349,6.665977884948,
    71.481214244217));
#1081 = CARTESIAN_POINT('',(-499.3719688989,7.314676135042,
    71.280513107591));
#1082 = CARTESIAN_POINT('',(-495.0930022696,7.993871811073,
    71.109252445918));
#1083 = CARTESIAN_POINT('',(-490.8081538754,8.195707257258,
    70.869571229571));
#1084 = CARTESIAN_POINT('',(-486.5308534552,8.47291819126,
    70.703669247987));
#1085 = CARTESIAN_POINT('',(-482.2516859036,8.555738981372,
    70.52157770474));
#1086 = CARTESIAN_POINT('',(-477.9730655022,8.555315469419,
    70.351949387272));
#1087 = CARTESIAN_POINT('',(-473.6960456193,8.477407066078,
    70.194242791322));
#1088 = CARTESIAN_POINT('',(-469.4152062773,8.489167105004,
    70.082486333867));
#1089 = CARTESIAN_POINT('',(-465.1421872703,8.41563789855,
    69.954387701103));
#1090 = CARTESIAN_POINT('',(-460.8166932288,8.084857506422,
    69.788358559824));
#1091 = CARTESIAN_POINT('',(-456.4952571487,8.2219364887,69.749608618899
    ));
#1092 = CARTESIAN_POINT('',(-452.4504000069,8.632781572973,
    69.748035799854));
#1093 = CARTESIAN_POINT('',(-447.9424683801,7.969981814063,
    69.649171923888));
#1094 = CARTESIAN_POINT('',(-443.7524033406,8.543153543689,
    69.709038627898));
#1095 = CARTESIAN_POINT('',(-439.4974420849,6.28989359202,69.44896874172
    ));
#1096 = CARTESIAN_POINT('',(-435.1419433011,5.406131654704,
    69.374743589795));
#1097 = CARTESIAN_POINT('',(-430.9728274171,3.612791867181,
    69.234172231776));
#1098 = CARTESIAN_POINT('',(-426.6766705817,2.075394941349,
    69.083612941603));
#1099 = CARTESIAN_POINT('',(-423.4568555526,4.156056050054,
    69.275222178751));
#1100 = CARTESIAN_POINT('',(-422.3597,1.24015628723,69.005576514826));
#1101 = DEFINITIONAL_REPRESENTATION('',(#1102),#1106);
#1102 = LINE('',#1103,#1104);
#1103 = CARTESIAN_POINT('',(3.,0.));
#1104 = VECTOR('',#1105,1.);
#1105 = DIRECTION('',(0.,1.));
#1106 = ( GEOMETRIC_REPRESENTATION_CONTEXT(2) 
PARAMETRIC_REPRESENTATION_CONTEXT() REPRESENTATION_CONTEXT('2D SPACE',''
  ) );
#1107 = ORIENTED_EDGE('',*,*,#1108,.F.);
#1108 = EDGE_CURVE('',#645,#899,#1109,.T.);
#1109 = SURFACE_CURVE('',#1110,(#1113,#1120),.PCURVE_S1.);
#1110 = B_SPLINE_CURVE_WITH_KNOTS('',1,(#1111,#1112),.UNSPECIFIED.,.F.,
  .F.,(2,2),(2.,3.),.PIECEWISE_BEZIER_KNOTS.);
#1111 = CARTESIAN_POINT('',(-422.3597,0.488721006811,68.816523852228));
#1112 = CARTESIAN_POINT('',(-422.3597,0.865960210889,68.905017784453));
#1113 = PCURVE('',#720,#1114);
#1114 = DEFINITIONAL_REPRESENTATION('',(#1115),#1119);
#1115 = LINE('',#1116,#1117);
#1116 = CARTESIAN_POINT('',(0.,1.));
#1117 = VECTOR('',#1118,1.);
#1118 = DIRECTION('',(1.,0.));
#1119 = ( GEOMETRIC_REPRESENTATION_CONTEXT(2) 
PARAMETRIC_REPRESENTATION_CONTEXT() REPRESENTATION_CONTEXT('2D SPACE',''
  ) );
#1120 = PCURVE('',#401,#1121);
#1121 = DEFINITIONAL_REPRESENTATION('',(#1122),#1125);
#1122 = B_SPLINE_CURVE_WITH_KNOTS('',1,(#1123,#1124),.UNSPECIFIED.,.F.,
  .F.,(2,2),(2.,3.),.PIECEWISE_BEZIER_KNOTS.);
#1123 = CARTESIAN_POINT('',(-0.755330011605,0.173117484541));
#1124 = CARTESIAN_POINT('',(-1.129384678085,0.274229796443));
#1125 = ( GEOMETRIC_REPRESENTATION_CONTEXT(2) 
PARAMETRIC_REPRESENTATION_CONTEXT() REPRESENTATION_CONTEXT('2D SPACE',''
  ) );
#1126 = ORIENTED_EDGE('',*,*,#644,.F.);
#1127 = ADVANCED_FACE('',(#1128),#974,.T.);
#1128 = FACE_BOUND('',#1129,.T.);
#1129 = EDGE_LOOP('',(#1130,#1151,#1361,#1380));
#1130 = ORIENTED_EDGE('',*,*,#1131,.T.);
#1131 = EDGE_CURVE('',#878,#1132,#1134,.T.);
#1132 = VERTEX_POINT('',#1133);
#1133 = CARTESIAN_POINT('',(-679.0382,2.964296566737,69.66932859851));
#1134 = SURFACE_CURVE('',#1135,(#1138,#1145),.PCURVE_S1.);
#1135 = B_SPLINE_CURVE_WITH_KNOTS('',1,(#1136,#1137),.UNSPECIFIED.,.F.,
  .F.,(2,2),(3.,4.),.PIECEWISE_BEZIER_KNOTS.);
#1136 = CARTESIAN_POINT('',(-679.0382,3.354021032945,69.566212937899));
#1137 = CARTESIAN_POINT('',(-679.0382,2.964296566737,69.66932859851));
#1138 = PCURVE('',#974,#1139);
#1139 = DEFINITIONAL_REPRESENTATION('',(#1140),#1144);
#1140 = LINE('',#1141,#1142);
#1141 = CARTESIAN_POINT('',(0.,0.));
#1142 = VECTOR('',#1143,1.);
#1143 = DIRECTION('',(1.,0.));
#1144 = ( GEOMETRIC_REPRESENTATION_CONTEXT(2) 
PARAMETRIC_REPRESENTATION_CONTEXT() REPRESENTATION_CONTEXT('2D SPACE',''
  ) );
#1145 = PCURVE('',#165,#1146);
#1146 = DEFINITIONAL_REPRESENTATION('',(#1147),#1150);
#1147 = B_SPLINE_CURVE_WITH_KNOTS('',1,(#1148,#1149),.UNSPECIFIED.,.F.,
  .F.,(2,2),(3.,4.),.PIECEWISE_BEZIER_KNOTS.);
#1148 = CARTESIAN_POINT('',(1.159259349599,-0.333434045099));
#1149 = CARTESIAN_POINT('',(1.556732388402,-0.40076295753));
#1150 = ( GEOMETRIC_REPRESENTATION_CONTEXT(2) 
PARAMETRIC_REPRESENTATION_CONTEXT() REPRESENTATION_CONTEXT('2D SPACE',''
  ) );
#1151 = ORIENTED_EDGE('',*,*,#1152,.T.);
#1152 = EDGE_CURVE('',#1132,#1153,#1155,.T.);
#1153 = VERTEX_POINT('',#1154);
#1154 = CARTESIAN_POINT('',(-422.3597,1.24015628723,69.005576514826));
#1155 = SURFACE_CURVE('',#1156,(#1220,#1227),.PCURVE_S1.);
#1156 = ( BOUNDED_CURVE() B_SPLINE_CURVE(3,(#1157,#1158,#1159,#1160,
    #1161,#1162,#1163,#1164,#1165,#1166,#1167,#1168,#1169,#1170,#1171,
    #1172,#1173,#1174,#1175,#1176,#1177,#1178,#1179,#1180,#1181,#1182,
    #1183,#1184,#1185,#1186,#1187,#1188,#1189,#1190,#1191,#1192,#1193,
    #1194,#1195,#1196,#1197,#1198,#1199,#1200,#1201,#1202,#1203,#1204,
    #1205,#1206,#1207,#1208,#1209,#1210,#1211,#1212,#1213,#1214,#1215,
    #1216,#1217,#1218,#1219),.UNSPECIFIED.,.F.,.F.) 
B_SPLINE_CURVE_WITH_KNOTS((4,1,1,1,1,1,1,1,1,1,1,1,1,1,1,1,1,1,1,1,1,1,1
    ,1,1,1,1,1,1,1,1,1,1,1,1,1,1,1,1,1,1,1,1,1,1,1,1,1,1,1,1,1,1,1,1,1,1
    ,1,1,1,4),(0.,1.671164831231E-02,3.327803306227E-02,
    5.000925566809E-02,6.648034363626E-02,8.347574416348E-02,
    9.998031801332E-02,0.116453562429,0.133787455732,0.150582398826,
    0.167003889564,0.183421183117,0.199831572897,0.216243077967,
    0.232654966281,0.249069049,0.265493630469,0.281929899437,
    0.298422530809,0.314972313288,0.331595845732,0.348279560524,
    0.365009232075,0.38168560036,0.398277240471,0.414799735375,
    0.431302994143,0.448140075223,0.464749604184,0.481553115126,
    0.498808354232,0.516050152658,0.532842545742,0.550335828942,
    0.567153130692,0.583652514422,0.600175882991,0.616768685323,
    0.633448038712,0.650182180915,0.666869665762,0.683497438564,
    0.700056495454,0.716547762365,0.732983596882,0.749407921308,
    0.765822295641,0.782233728406,0.798646209918,0.81505724388,
    0.831476734885,0.847901722287,0.864693603231,0.881980563987,
    0.898448960139,0.915352013848,0.932295303855,0.949097785181,
0.966200565614,0.982806308198,1.),.UNSPECIFIED.) CURVE() 
GEOMETRIC_REPRESENTATION_ITEM() RATIONAL_B_SPLINE_CURVE((1.,
    0.999999999979,1.00000000001,0.999999999997,1.000000000001,1.,1.,1.,
    1.,1.,1.,1.,1.,1.,1.,1.,1.,1.,1.,1.,1.,1.,1.,1.,1.,1.,1.,1.,1.,1.,1.
    ,1.,1.,1.,1.,1.,1.,1.,1.,1.,1.,1.,1.,1.,1.,1.,1.,1.,1.,1.,1.,1.,1.,
    1.,1.,1.,1.,1.,0.999999999998,1.000000000007,0.999999999976,
1.000000000054,1.)) REPRESENTATION_ITEM('') );
#1157 = CARTESIAN_POINT('',(-679.0382,2.964296566737,69.66932859851));
#1158 = CARTESIAN_POINT('',(-677.9018430398,2.14326686166,
    69.713738794272));
#1159 = CARTESIAN_POINT('',(-674.6570379481,3.550061274044,
    69.506039692786));
#1160 = CARTESIAN_POINT('',(-670.4801286148,3.623508055247,
    69.413746480107));
#1161 = CARTESIAN_POINT('',(-666.2529876958,2.841697611679,
    69.388694889149));
#1162 = CARTESIAN_POINT('',(-661.8309289879,2.58959049771,
    69.276072525713));
#1163 = CARTESIAN_POINT('',(-657.7320144142,2.629481351634,
    69.11468485147));
#1164 = CARTESIAN_POINT('',(-653.3812140229,3.389982461516,
    68.869523106241));
#1165 = CARTESIAN_POINT('',(-648.9513854559,3.172354820143,
    68.778217177724));
#1166 = CARTESIAN_POINT('',(-644.9070855266,5.725846715624,
    68.296888169307));
#1167 = CARTESIAN_POINT('',(-640.582063889,6.563017129761,
    68.088064648906));
#1168 = CARTESIAN_POINT('',(-636.2554682792,6.590890890974,
    68.045205836315));
#1169 = CARTESIAN_POINT('',(-631.9824711096,6.719757156299,
    68.010742252875));
#1170 = CARTESIAN_POINT('',(-627.7019615338,6.807074641141,
    67.981151821704));
#1171 = CARTESIAN_POINT('',(-623.4245711463,6.851802781636,
    67.964394053789));
#1172 = CARTESIAN_POINT('',(-619.1463832312,6.856268071603,
    67.951236658958));
#1173 = CARTESIAN_POINT('',(-614.8669156658,6.858362882208,
    67.947637435392));
#1174 = CARTESIAN_POINT('',(-610.5898165078,6.877733552306,
    67.94370227671));
#1175 = CARTESIAN_POINT('',(-606.3045105877,6.811597380299,
    67.96743103106));
#1176 = CARTESIAN_POINT('',(-602.0277566031,6.876893527806,
    68.033103561449));
#1177 = CARTESIAN_POINT('',(-597.7466019923,6.842689878865,
    67.881909233597));
#1178 = CARTESIAN_POINT('',(-593.4714143357,7.104525782155,
    68.239718288369));
#1179 = CARTESIAN_POINT('',(-589.1936176105,7.346456314643,
    68.484200920269));
#1180 = CARTESIAN_POINT('',(-584.9304153006,7.690174498255,
    68.727778507587));
#1181 = CARTESIAN_POINT('',(-580.6563793824,7.919140527078,
    69.000700361094));
#1182 = CARTESIAN_POINT('',(-576.3740763318,8.073282423736,
    69.179230421245));
#1183 = CARTESIAN_POINT('',(-572.0987272234,7.831072224801,
    69.398689407894));
#1184 = CARTESIAN_POINT('',(-567.7524952784,7.716518711372,
    69.520720537297));
#1185 = CARTESIAN_POINT('',(-563.5775738445,6.145939763014,
    69.815940453509));
#1186 = CARTESIAN_POINT('',(-559.225311783,5.901788511593,
    69.927778893453));
#1187 = CARTESIAN_POINT('',(-554.9153030247,4.637941485274,
    70.115768831254));
#1188 = CARTESIAN_POINT('',(-550.6950514656,3.684674934047,
    70.266195436296));
#1189 = CARTESIAN_POINT('',(-546.5054520859,2.340311481989,
    70.508209554031));
#1190 = CARTESIAN_POINT('',(-542.014622175,2.336223024857,
    70.593907969796));
#1191 = CARTESIAN_POINT('',(-537.9789076762,1.001121285646,
    70.839360930655));
#1192 = CARTESIAN_POINT('',(-533.6216797195,0.85181038233,
    71.099171781304));
#1193 = CARTESIAN_POINT('',(-529.3043766466,1.054936722086,
    71.336141666927));
#1194 = CARTESIAN_POINT('',(-525.0222934397,1.651802134426,
    71.505092996223));
#1195 = CARTESIAN_POINT('',(-520.7416746921,2.544867930621,
    71.59447937992));
#1196 = CARTESIAN_POINT('',(-516.4671704399,3.633582875978,
    71.594180498095));
#1197 = CARTESIAN_POINT('',(-512.204407681,4.808607085681,
    71.559014278994));
#1198 = CARTESIAN_POINT('',(-507.9265429784,5.771530665064,
    71.485606988429));
#1199 = CARTESIAN_POINT('',(-503.6502824349,6.665977884948,
    71.481214244217));
#1200 = CARTESIAN_POINT('',(-499.3719688989,7.314676135042,
    71.280513107591));
#1201 = CARTESIAN_POINT('',(-495.0930022696,7.993871811073,
    71.109252445918));
#1202 = CARTESIAN_POINT('',(-490.8081538754,8.195707257258,
    70.869571229571));
#1203 = CARTESIAN_POINT('',(-486.5308534552,8.47291819126,
    70.703669247987));
#1204 = CARTESIAN_POINT('',(-482.2516859036,8.555738981372,
    70.52157770474));
#1205 = CARTESIAN_POINT('',(-477.9730655022,8.555315469419,
    70.351949387272));
#1206 = CARTESIAN_POINT('',(-473.6960456193,8.477407066078,
    70.194242791322));
#1207 = CARTESIAN_POINT('',(-469.4152062773,8.489167105004,
    70.082486333867));
#1208 = CARTESIAN_POINT('',(-465.1421872703,8.41563789855,
    69.954387701103));
#1209 = CARTESIAN_POINT('',(-460.8166932288,8.084857506422,
    69.788358559824));
#1210 = CARTESIAN_POINT('',(-456.4952571487,8.2219364887,69.749608618899
    ));
#1211 = CARTESIAN_POINT('',(-452.4504000069,8.632781572973,
    69.748035799854));
#1212 = CARTESIAN_POINT('',(-447.9424683801,7.969981814063,
    69.649171923888));
#1213 = CARTESIAN_POINT('',(-443.7524033406,8.543153543689,
    69.709038627898));
#1214 = CARTESIAN_POINT('',(-439.4974420849,6.28989359202,69.44896874172
    ));
#1215 = CARTESIAN_POINT('',(-435.1419433011,5.406131654704,
    69.374743589795));
#1216 = CARTESIAN_POINT('',(-430.9728274171,3.612791867181,
    69.234172231776));
#1217 = CARTESIAN_POINT('',(-426.6766705817,2.075394941349,
    69.083612941603));
#1218 = CARTESIAN_POINT('',(-423.4568555526,4.156056050054,
    69.275222178751));
#1219 = CARTESIAN_POINT('',(-422.3597,1.24015628723,69.005576514826));
#1220 = PCURVE('',#974,#1221);
#1221 = DEFINITIONAL_REPRESENTATION('',(#1222),#1226);
#1222 = LINE('',#1223,#1224);
#1223 = CARTESIAN_POINT('',(4.,0.));
#1224 = VECTOR('',#1225,1.);
#1225 = DIRECTION('',(0.,1.));
#1226 = ( GEOMETRIC_REPRESENTATION_CONTEXT(2) 
PARAMETRIC_REPRESENTATION_CONTEXT() REPRESENTATION_CONTEXT('2D SPACE',''
  ) );
#1227 = PCURVE('',#1228,#1355);
#1228 = ( BOUNDED_SURFACE() B_SPLINE_SURFACE(1,3,(
    (#1229,#1230,#1231,#1232,#1233,#1234,#1235,#1236,#1237,#1238,#1239
      ,#1240,#1241,#1242,#1243,#1244,#1245,#1246,#1247,#1248,#1249,#1250
      ,#1251,#1252,#1253,#1254,#1255,#1256,#1257,#1258,#1259,#1260,#1261
      ,#1262,#1263,#1264,#1265,#1266,#1267,#1268,#1269,#1270,#1271,#1272
      ,#1273,#1274,#1275,#1276,#1277,#1278,#1279,#1280,#1281,#1282,#1283
      ,#1284,#1285,#1286,#1287,#1288,#1289,#1290,#1291)
    ,(#1292,#1293,#1294,#1295,#1296,#1297,#1298,#1299,#1300,#1301,#1302
      ,#1303,#1304,#1305,#1306,#1307,#1308,#1309,#1310,#1311,#1312,#1313
      ,#1314,#1315,#1316,#1317,#1318,#1319,#1320,#1321,#1322,#1323,#1324
      ,#1325,#1326,#1327,#1328,#1329,#1330,#1331,#1332,#1333,#1334,#1335
      ,#1336,#1337,#1338,#1339,#1340,#1341,#1342,#1343,#1344,#1345,#1346
      ,#1347,#1348,#1349,#1350,#1351,#1352,#1353,#1354
)),.UNSPECIFIED.,.F.,.F.,.F.) B_SPLINE_SURFACE_WITH_KNOTS((2,2),(4,1,1,1
    ,1,1,1,1,1,1,1,1,1,1,1,1,1,1,1,1,1,1,1,1,1,1,1,1,1,1,1,1,1,1,1,1,1,1
    ,1,1,1,1,1,1,1,1,1,1,1,1,1,1,1,1,1,1,1,1,1,1,4),(4.,5.),(0.,
    1.671164831231E-02,3.327803306227E-02,5.000925566809E-02,
    6.648034363626E-02,8.347574416348E-02,9.998031801332E-02,
    0.116453562429,0.133787455732,0.150582398826,0.167003889564,
    0.183421183117,0.199831572897,0.216243077967,0.232654966281,
    0.249069049,0.265493630469,0.281929899437,0.298422530809,
    0.314972313288,0.331595845732,0.348279560524,0.365009232075,
    0.38168560036,0.398277240471,0.414799735375,0.431302994143,
    0.448140075223,0.464749604184,0.481553115126,0.498808354232,
    0.516050152658,0.532842545742,0.550335828942,0.567153130692,
    0.583652514422,0.600175882991,0.616768685323,0.633448038712,
    0.650182180915,0.666869665762,0.683497438564,0.700056495454,
    0.716547762365,0.732983596882,0.749407921308,0.765822295641,
    0.782233728406,0.798646209918,0.81505724388,0.831476734885,
    0.847901722287,0.864693603231,0.881980563987,0.898448960139,
    0.915352013848,0.932295303855,0.949097785181,0.966200565614,
0.982806308198,1.),.UNSPECIFIED.) GEOMETRIC_REPRESENTATION_ITEM() 
RATIONAL_B_SPLINE_SURFACE((
    (1.,0.999999999979,1.00000000001,0.999999999997,1.000000000001,1.,1.
      ,1.,1.,1.,1.,1.,1.,1.,1.,1.,1.,1.,1.,1.,1.,1.,1.,1.,1.,1.,1.,1.,1.
      ,1.,1.,1.,1.,1.,1.,1.,1.,1.,1.,1.,1.,1.,1.,1.,1.,1.,1.,1.,1.,1.,1.
      ,1.,1.,1.,1.,1.,1.,1.,0.999999999998,1.000000000007,0.999999999976
      ,1.000000000054,1.)
    ,(1.,0.999999999979,1.00000000001,0.999999999997,1.000000000001,1.
      ,1.,1.,1.,1.,1.,1.,1.,1.,1.,1.,1.,1.,1.,1.,1.,1.,1.,1.,1.,1.,1.,1.
      ,1.,1.,1.,1.,1.,1.,1.,1.,1.,1.,1.,1.,1.,1.,1.,1.,1.,1.,1.,1.,1.,1.
      ,1.,1.,1.,1.,1.,1.,1.,1.,0.999999999998,1.000000000007
,0.999999999976,1.000000000054,1.
  ))) REPRESENTATION_ITEM('') SURFACE() );
#1229 = CARTESIAN_POINT('',(-679.0382,2.964296566737,69.66932859851));
#1230 = CARTESIAN_POINT('',(-677.9018430398,2.14326686166,
    69.713738794272));
#1231 = CARTESIAN_POINT('',(-674.6570379481,3.550061274044,
    69.506039692786));
#1232 = CARTESIAN_POINT('',(-670.4801286148,3.623508055247,
    69.413746480107));
#1233 = CARTESIAN_POINT('',(-666.2529876958,2.841697611679,
    69.388694889149));
#1234 = CARTESIAN_POINT('',(-661.8309289879,2.58959049771,
    69.276072525713));
#1235 = CARTESIAN_POINT('',(-657.7320144142,2.629481351634,
    69.11468485147));
#1236 = CARTESIAN_POINT('',(-653.3812140229,3.389982461516,
    68.869523106241));
#1237 = CARTESIAN_POINT('',(-648.9513854559,3.172354820143,
    68.778217177724));
#1238 = CARTESIAN_POINT('',(-644.9070855266,5.725846715624,
    68.296888169307));
#1239 = CARTESIAN_POINT('',(-640.582063889,6.563017129761,
    68.088064648906));
#1240 = CARTESIAN_POINT('',(-636.2554682792,6.590890890974,
    68.045205836315));
#1241 = CARTESIAN_POINT('',(-631.9824711096,6.719757156299,
    68.010742252875));
#1242 = CARTESIAN_POINT('',(-627.7019615338,6.807074641141,
    67.981151821704));
#1243 = CARTESIAN_POINT('',(-623.4245711463,6.851802781636,
    67.964394053789));
#1244 = CARTESIAN_POINT('',(-619.1463832312,6.856268071603,
    67.951236658958));
#1245 = CARTESIAN_POINT('',(-614.8669156658,6.858362882208,
    67.947637435392));
#1246 = CARTESIAN_POINT('',(-610.5898165078,6.877733552306,
    67.94370227671));
#1247 = CARTESIAN_POINT('',(-606.3045105877,6.811597380299,
    67.96743103106));
#1248 = CARTESIAN_POINT('',(-602.0277566031,6.876893527806,
    68.033103561449));
#1249 = CARTESIAN_POINT('',(-597.7466019923,6.842689878865,
    67.881909233597));
#1250 = CARTESIAN_POINT('',(-593.4714143357,7.104525782155,
    68.239718288369));
#1251 = CARTESIAN_POINT('',(-589.1936176105,7.346456314643,
    68.484200920269));
#1252 = CARTESIAN_POINT('',(-584.9304153006,7.690174498255,
    68.727778507587));
#1253 = CARTESIAN_POINT('',(-580.6563793824,7.919140527078,
    69.000700361094));
#1254 = CARTESIAN_POINT('',(-576.3740763318,8.073282423736,
    69.179230421245));
#1255 = CARTESIAN_POINT('',(-572.0987272234,7.831072224801,
    69.398689407894));
#1256 = CARTESIAN_POINT('',(-567.7524952784,7.716518711372,
    69.520720537297));
#1257 = CARTESIAN_POINT('',(-563.5775738445,6.145939763014,
    69.815940453509));
#1258 = CARTESIAN_POINT('',(-559.225311783,5.901788511593,
    69.927778893453));
#1259 = CARTESIAN_POINT('',(-554.9153030247,4.637941485274,
    70.115768831254));
#1260 = CARTESIAN_POINT('',(-550.6950514656,3.684674934047,
    70.266195436296));
#1261 = CARTESIAN_POINT('',(-546.5054520859,2.340311481989,
    70.508209554031));
#1262 = CARTESIAN_POINT('',(-542.014622175,2.336223024857,
    70.593907969796));
#1263 = CARTESIAN_POINT('',(-537.9789076762,1.001121285646,
    70.839360930655));
#1264 = CARTESIAN_POINT('',(-533.6216797195,0.85181038233,
    71.099171781304));
#1265 = CARTESIAN_POINT('',(-529.3043766466,1.054936722086,
    71.336141666927));
#1266 = CARTESIAN_POINT('',(-525.0222934397,1.651802134426,
    71.505092996223));
#1267 = CARTESIAN_POINT('',(-520.7416746921,2.544867930621,
    71.59447937992));
#1268 = CARTESIAN_POINT('',(-516.4671704399,3.633582875978,
    71.594180498095));
#1269 = CARTESIAN_POINT('',(-512.204407681,4.808607085681,
    71.559014278994));
#1270 = CARTESIAN_POINT('',(-507.9265429784,5.771530665064,
    71.485606988429));
#1271 = CARTESIAN_POINT('',(-503.6502824349,6.665977884948,
    71.481214244217));
#1272 = CARTESIAN_POINT('',(-499.3719688989,7.314676135042,
    71.280513107591));
#1273 = CARTESIAN_POINT('',(-495.0930022696,7.993871811073,
    71.109252445918));
#1274 = CARTESIAN_POINT('',(-490.8081538754,8.195707257258,
    70.869571229571));
#1275 = CARTESIAN_POINT('',(-486.5308534552,8.47291819126,
    70.703669247987));
#1276 = CARTESIAN_POINT('',(-482.2516859036,8.555738981372,
    70.52157770474));
#1277 = CARTESIAN_POINT('',(-477.9730655022,8.555315469419,
    70.351949387272));
#1278 = CARTESIAN_POINT('',(-473.6960456193,8.477407066078,
    70.194242791322));
#1279 = CARTESIAN_POINT('',(-469.4152062773,8.489167105004,
    70.082486333867));
#1280 = CARTESIAN_POINT('',(-465.1421872703,8.41563789855,
    69.954387701103));
#1281 = CARTESIAN_POINT('',(-460.8166932288,8.084857506422,
    69.788358559824));
#1282 = CARTESIAN_POINT('',(-456.4952571487,8.2219364887,69.749608618899
    ));
#1283 = CARTESIAN_POINT('',(-452.4504000069,8.632781572973,
    69.748035799854));
#1284 = CARTESIAN_POINT('',(-447.9424683801,7.969981814063,
    69.649171923888));
#1285 = CARTESIAN_POINT('',(-443.7524033406,8.543153543689,
    69.709038627898));
#1286 = CARTESIAN_POINT('',(-439.4974420849,6.28989359202,69.44896874172
    ));
#1287 = CARTESIAN_POINT('',(-435.1419433011,5.406131654704,
    69.374743589795));
#1288 = CARTESIAN_POINT('',(-430.9728274171,3.612791867181,
    69.234172231776));
#1289 = CARTESIAN_POINT('',(-426.6766705817,2.075394941349,
    69.083612941603));
#1290 = CARTESIAN_POINT('',(-423.4568555526,4.156056050054,
    69.275222178751));
#1291 = CARTESIAN_POINT('',(-422.3597,1.24015628723,69.005576514826));
#1292 = CARTESIAN_POINT('',(-679.0382,2.571602099419,69.76051434147));
#1293 = CARTESIAN_POINT('',(-677.9018430398,1.553300228898,
    69.832258907618));
#1294 = CARTESIAN_POINT('',(-674.6570379481,3.097635249688,
    69.607059539636));
#1295 = CARTESIAN_POINT('',(-670.4801286148,2.987280385162,
    69.544749472902));
#1296 = CARTESIAN_POINT('',(-666.2529876958,2.163950329652,
    69.527362539378));
#1297 = CARTESIAN_POINT('',(-661.8309289879,1.957459458058,
    69.412336834995));
#1298 = CARTESIAN_POINT('',(-657.7320144142,1.761190254713,
    69.294687887965));
#1299 = CARTESIAN_POINT('',(-653.3812140229,2.479306960117,
    69.068105942103));
#1300 = CARTESIAN_POINT('',(-648.9513854559,2.228758299487,
    68.993402713603));
#1301 = CARTESIAN_POINT('',(-644.9070855266,4.590706708253,
    68.554988145267));
#1302 = CARTESIAN_POINT('',(-640.582063889,5.249987479139,
    68.389317900115));
#1303 = CARTESIAN_POINT('',(-636.2554682792,5.289648776998,
    68.357057452023));
#1304 = CARTESIAN_POINT('',(-631.9824711096,5.383103416178,
    68.340775884284));
#1305 = CARTESIAN_POINT('',(-627.7019615338,5.468467884831,
    68.323019540394));
#1306 = CARTESIAN_POINT('',(-623.4245711463,5.501377717699,
    68.322259551594));
#1307 = CARTESIAN_POINT('',(-619.1463832312,5.501022952719,
    68.326637222785));
#1308 = CARTESIAN_POINT('',(-614.8669156658,5.51450418101,
    68.338508106058));
#1309 = CARTESIAN_POINT('',(-610.5898165078,5.560097113001,
    68.350755033457));
#1310 = CARTESIAN_POINT('',(-606.3045105877,5.520275931699,
    68.387426066539));
#1311 = CARTESIAN_POINT('',(-602.0277566031,5.653136474045,
    68.481892036422));
#1312 = CARTESIAN_POINT('',(-597.7466019923,5.656595749317,
    68.286123977836));
#1313 = CARTESIAN_POINT('',(-593.4714143357,6.009732379745,
    68.679398253353));
#1314 = CARTESIAN_POINT('',(-589.1936176105,6.342517921064,
    68.945779737661));
#1315 = CARTESIAN_POINT('',(-584.9304153006,6.7923080487,69.224863152575
    ));
#1316 = CARTESIAN_POINT('',(-580.6563793824,7.122771760832,
    69.513608037954));
#1317 = CARTESIAN_POINT('',(-576.3740763318,7.377365975487,
    69.711745126445));
#1318 = CARTESIAN_POINT('',(-572.0987272234,7.227979739008,
    69.91851733789));
#1319 = CARTESIAN_POINT('',(-567.7524952784,7.133132533182,
    69.945403694419));
#1320 = CARTESIAN_POINT('',(-563.5775738445,5.729800854457,
    70.324599321552));
#1321 = CARTESIAN_POINT('',(-559.225311783,5.602487652275,
    70.433712033384));
#1322 = CARTESIAN_POINT('',(-554.9153030247,4.42175238726,
    70.721642195724));
#1323 = CARTESIAN_POINT('',(-550.6950514656,3.671776258257,
    70.811643193811));
#1324 = CARTESIAN_POINT('',(-546.5054520859,2.548037869067,
    71.137065289321));
#1325 = CARTESIAN_POINT('',(-542.014622175,2.613842228298,
    71.126460552928));
#1326 = CARTESIAN_POINT('',(-537.9789076762,1.388837810745,
    71.378968744724));
#1327 = CARTESIAN_POINT('',(-533.6216797195,1.391796175141,
    71.575230408752));
#1328 = CARTESIAN_POINT('',(-529.3043766466,1.612740925482,
    71.905580165944));
#1329 = CARTESIAN_POINT('',(-525.0222934397,2.29123215778,
    72.102978783513));
#1330 = CARTESIAN_POINT('',(-520.7416746921,3.269048301908,
    72.213296955987));
#1331 = CARTESIAN_POINT('',(-516.4671704399,4.450858684534,
    72.21560670587));
#1332 = CARTESIAN_POINT('',(-512.204407681,5.734430827283,
    72.160992202932));
#1333 = CARTESIAN_POINT('',(-507.9265429784,6.808138550948,
    72.041876687907));
#1334 = CARTESIAN_POINT('',(-503.6502824349,7.794187642617,
    72.014558256064));
#1335 = CARTESIAN_POINT('',(-499.3719688989,8.538160658882,
    71.74068738911));
#1336 = CARTESIAN_POINT('',(-495.0930022696,9.268221164557,
    71.574359899746));
#1337 = CARTESIAN_POINT('',(-490.8081538754,9.502471604249,
    71.312958479839));
#1338 = CARTESIAN_POINT('',(-486.5308534552,9.803929094383,
    71.132178789939));
#1339 = CARTESIAN_POINT('',(-482.2516859036,9.897223482009,
    70.930970377138));
#1340 = CARTESIAN_POINT('',(-477.9730655022,9.898547247611,
    70.743313934405));
#1341 = CARTESIAN_POINT('',(-473.6960456193,9.804632512048,
    70.567301479795));
#1342 = CARTESIAN_POINT('',(-469.4152062773,9.814369331657,
    70.442227353147));
#1343 = CARTESIAN_POINT('',(-465.1421872703,9.708889175301,70.2959160845
    ));
#1344 = CARTESIAN_POINT('',(-460.8166932288,9.363630991165,
    70.113276643377));
#1345 = CARTESIAN_POINT('',(-456.4952571487,9.402146509792,
    70.044671440939));
#1346 = CARTESIAN_POINT('',(-452.4504000069,9.616814100708,
    69.99907587946));
#1347 = CARTESIAN_POINT('',(-447.9424683801,8.949639119815,
    69.886545096197));
#1348 = CARTESIAN_POINT('',(-443.7524033406,9.370497298593,
    69.913869559996));
#1349 = CARTESIAN_POINT('',(-439.4974420849,6.933011047615,
    69.61773552629));
#1350 = CARTESIAN_POINT('',(-435.1419433011,6.013474650165,
    69.531966470917));
#1351 = CARTESIAN_POINT('',(-430.9728274171,4.162253280552,
    69.380941722124));
#1352 = CARTESIAN_POINT('',(-426.6766705817,2.465099155644,
    69.205857784433));
#1353 = CARTESIAN_POINT('',(-423.4568555526,4.549180108951,
    69.394110349105));
#1354 = CARTESIAN_POINT('',(-422.3597,1.60983552922,69.121587347267));
#1355 = DEFINITIONAL_REPRESENTATION('',(#1356),#1360);
#1356 = LINE('',#1357,#1358);
#1357 = CARTESIAN_POINT('',(4.,0.));
#1358 = VECTOR('',#1359,1.);
#1359 = DIRECTION('',(0.,1.));
#1360 = ( GEOMETRIC_REPRESENTATION_CONTEXT(2) 
PARAMETRIC_REPRESENTATION_CONTEXT() REPRESENTATION_CONTEXT('2D SPACE',''
  ) );
#1361 = ORIENTED_EDGE('',*,*,#1362,.F.);
#1362 = EDGE_CURVE('',#899,#1153,#1363,.T.);
#1363 = SURFACE_CURVE('',#1364,(#1367,#1374),.PCURVE_S1.);
#1364 = B_SPLINE_CURVE_WITH_KNOTS('',1,(#1365,#1366),.UNSPECIFIED.,.F.,
  .F.,(2,2),(3.,4.),.PIECEWISE_BEZIER_KNOTS.);
#1365 = CARTESIAN_POINT('',(-422.3597,0.865960210889,68.905017784453));
#1366 = CARTESIAN_POINT('',(-422.3597,1.24015628723,69.005576514826));
#1367 = PCURVE('',#974,#1368);
#1368 = DEFINITIONAL_REPRESENTATION('',(#1369),#1373);
#1369 = LINE('',#1370,#1371);
#1370 = CARTESIAN_POINT('',(0.,1.));
#1371 = VECTOR('',#1372,1.);
#1372 = DIRECTION('',(1.,0.));
#1373 = ( GEOMETRIC_REPRESENTATION_CONTEXT(2) 
PARAMETRIC_REPRESENTATION_CONTEXT() REPRESENTATION_CONTEXT('2D SPACE',''
  ) );
#1374 = PCURVE('',#401,#1375);
#1375 = DEFINITIONAL_REPRESENTATION('',(#1376),#1379);
#1376 = B_SPLINE_CURVE_WITH_KNOTS('',1,(#1377,#1378),.UNSPECIFIED.,.F.,
  .F.,(2,2),(3.,4.),.PIECEWISE_BEZIER_KNOTS.);
#1377 = CARTESIAN_POINT('',(-1.129384678085,0.274229796443));
#1378 = CARTESIAN_POINT('',(-1.499992778118,0.387297908632));
#1379 = ( GEOMETRIC_REPRESENTATION_CONTEXT(2) 
PARAMETRIC_REPRESENTATION_CONTEXT() REPRESENTATION_CONTEXT('2D SPACE',''
  ) );
#1380 = ORIENTED_EDGE('',*,*,#898,.F.);
#1381 = ADVANCED_FACE('',(#1382),#1228,.T.);
#1382 = FACE_BOUND('',#1383,.T.);
#1383 = EDGE_LOOP('',(#1384,#1405,#1615,#1634));
#1384 = ORIENTED_EDGE('',*,*,#1385,.T.);
#1385 = EDGE_CURVE('',#1132,#1386,#1388,.T.);
#1386 = VERTEX_POINT('',#1387);
#1387 = CARTESIAN_POINT('',(-679.0382,2.571602099419,69.76051434147));
#1388 = SURFACE_CURVE('',#1389,(#1392,#1399),.PCURVE_S1.);
#1389 = B_SPLINE_CURVE_WITH_KNOTS('',1,(#1390,#1391),.UNSPECIFIED.,.F.,
  .F.,(2,2),(4.,5.),.PIECEWISE_BEZIER_KNOTS.);
#1390 = CARTESIAN_POINT('',(-679.0382,2.964296566737,69.66932859851));
#1391 = CARTESIAN_POINT('',(-679.0382,2.571602099419,69.76051434147));
#1392 = PCURVE('',#1228,#1393);
#1393 = DEFINITIONAL_REPRESENTATION('',(#1394),#1398);
#1394 = LINE('',#1395,#1396);
#1395 = CARTESIAN_POINT('',(0.,0.));
#1396 = VECTOR('',#1397,1.);
#1397 = DIRECTION('',(1.,0.));
#1398 = ( GEOMETRIC_REPRESENTATION_CONTEXT(2) 
PARAMETRIC_REPRESENTATION_CONTEXT() REPRESENTATION_CONTEXT('2D SPACE',''
  ) );
#1399 = PCURVE('',#165,#1400);
#1400 = DEFINITIONAL_REPRESENTATION('',(#1401),#1404);
#1401 = B_SPLINE_CURVE_WITH_KNOTS('',1,(#1402,#1403),.UNSPECIFIED.,.F.,
  .F.,(2,2),(4.,5.),.PIECEWISE_BEZIER_KNOTS.);
#1402 = CARTESIAN_POINT('',(1.556732388402,-0.40076295753));
#1403 = CARTESIAN_POINT('',(1.956080723714,-0.455941680466));
#1404 = ( GEOMETRIC_REPRESENTATION_CONTEXT(2) 
PARAMETRIC_REPRESENTATION_CONTEXT() REPRESENTATION_CONTEXT('2D SPACE',''
  ) );
#1405 = ORIENTED_EDGE('',*,*,#1406,.T.);
#1406 = EDGE_CURVE('',#1386,#1407,#1409,.T.);
#1407 = VERTEX_POINT('',#1408);
#1408 = CARTESIAN_POINT('',(-422.3597,1.60983552922,69.121587347267));
#1409 = SURFACE_CURVE('',#1410,(#1474,#1481),.PCURVE_S1.);
#1410 = ( BOUNDED_CURVE() B_SPLINE_CURVE(3,(#1411,#1412,#1413,#1414,
    #1415,#1416,#1417,#1418,#1419,#1420,#1421,#1422,#1423,#1424,#1425,
    #1426,#1427,#1428,#1429,#1430,#1431,#1432,#1433,#1434,#1435,#1436,
    #1437,#1438,#1439,#1440,#1441,#1442,#1443,#1444,#1445,#1446,#1447,
    #1448,#1449,#1450,#1451,#1452,#1453,#1454,#1455,#1456,#1457,#1458,
    #1459,#1460,#1461,#1462,#1463,#1464,#1465,#1466,#1467,#1468,#1469,
    #1470,#1471,#1472,#1473),.UNSPECIFIED.,.F.,.F.) 
B_SPLINE_CURVE_WITH_KNOTS((4,1,1,1,1,1,1,1,1,1,1,1,1,1,1,1,1,1,1,1,1,1,1
    ,1,1,1,1,1,1,1,1,1,1,1,1,1,1,1,1,1,1,1,1,1,1,1,1,1,1,1,1,1,1,1,1,1,1
    ,1,1,1,4),(0.,1.671164831231E-02,3.327803306227E-02,
    5.000925566809E-02,6.648034363626E-02,8.347574416348E-02,
    9.998031801332E-02,0.116453562429,0.133787455732,0.150582398826,
    0.167003889564,0.183421183117,0.199831572897,0.216243077967,
    0.232654966281,0.249069049,0.265493630469,0.281929899437,
    0.298422530809,0.314972313288,0.331595845732,0.348279560524,
    0.365009232075,0.38168560036,0.398277240471,0.414799735375,
    0.431302994143,0.448140075223,0.464749604184,0.481553115126,
    0.498808354232,0.516050152658,0.532842545742,0.550335828942,
    0.567153130692,0.583652514422,0.600175882991,0.616768685323,
    0.633448038712,0.650182180915,0.666869665762,0.683497438564,
    0.700056495454,0.716547762365,0.732983596882,0.749407921308,
    0.765822295641,0.782233728406,0.798646209918,0.81505724388,
    0.831476734885,0.847901722287,0.864693603231,0.881980563987,
    0.898448960139,0.915352013848,0.932295303855,0.949097785181,
0.966200565614,0.982806308198,1.),.UNSPECIFIED.) CURVE() 
GEOMETRIC_REPRESENTATION_ITEM() RATIONAL_B_SPLINE_CURVE((1.,
    0.999999999979,1.00000000001,0.999999999997,1.000000000001,1.,1.,1.,
    1.,1.,1.,1.,1.,1.,1.,1.,1.,1.,1.,1.,1.,1.,1.,1.,1.,1.,1.,1.,1.,1.,1.
    ,1.,1.,1.,1.,1.,1.,1.,1.,1.,1.,1.,1.,1.,1.,1.,1.,1.,1.,1.,1.,1.,1.,
    1.,1.,1.,1.,1.,0.999999999998,1.000000000007,0.999999999976,
1.000000000054,1.)) REPRESENTATION_ITEM('') );
#1411 = CARTESIAN_POINT('',(-679.0382,2.571602099419,69.76051434147));
#1412 = CARTESIAN_POINT('',(-677.9018430398,1.553300228898,
    69.832258907618));
#1413 = CARTESIAN_POINT('',(-674.6570379481,3.097635249688,
    69.607059539636));
#1414 = CARTESIAN_POINT('',(-670.4801286148,2.987280385162,
    69.544749472902));
#1415 = CARTESIAN_POINT('',(-666.2529876958,2.163950329652,
    69.527362539378));
#1416 = CARTESIAN_POINT('',(-661.8309289879,1.957459458058,
    69.412336834995));
#1417 = CARTESIAN_POINT('',(-657.7320144142,1.761190254713,
    69.294687887965));
#1418 = CARTESIAN_POINT('',(-653.3812140229,2.479306960117,
    69.068105942103));
#1419 = CARTESIAN_POINT('',(-648.9513854559,2.228758299487,
    68.993402713603));
#1420 = CARTESIAN_POINT('',(-644.9070855266,4.590706708253,
    68.554988145267));
#1421 = CARTESIAN_POINT('',(-640.582063889,5.249987479139,
    68.389317900115));
#1422 = CARTESIAN_POINT('',(-636.2554682792,5.289648776998,
    68.357057452023));
#1423 = CARTESIAN_POINT('',(-631.9824711096,5.383103416178,
    68.340775884284));
#1424 = CARTESIAN_POINT('',(-627.7019615338,5.468467884831,
    68.323019540394));
#1425 = CARTESIAN_POINT('',(-623.4245711463,5.501377717699,
    68.322259551594));
#1426 = CARTESIAN_POINT('',(-619.1463832312,5.501022952719,
    68.326637222785));
#1427 = CARTESIAN_POINT('',(-614.8669156658,5.51450418101,
    68.338508106058));
#1428 = CARTESIAN_POINT('',(-610.5898165078,5.560097113001,
    68.350755033457));
#1429 = CARTESIAN_POINT('',(-606.3045105877,5.520275931699,
    68.387426066539));
#1430 = CARTESIAN_POINT('',(-602.0277566031,5.653136474045,
    68.481892036422));
#1431 = CARTESIAN_POINT('',(-597.7466019923,5.656595749317,
    68.286123977836));
#1432 = CARTESIAN_POINT('',(-593.4714143357,6.009732379745,
    68.679398253353));
#1433 = CARTESIAN_POINT('',(-589.1936176105,6.342517921064,
    68.945779737661));
#1434 = CARTESIAN_POINT('',(-584.9304153006,6.7923080487,69.224863152575
    ));
#1435 = CARTESIAN_POINT('',(-580.6563793824,7.122771760832,
    69.513608037954));
#1436 = CARTESIAN_POINT('',(-576.3740763318,7.377365975487,
    69.711745126445));
#1437 = CARTESIAN_POINT('',(-572.0987272234,7.227979739008,
    69.91851733789));
#1438 = CARTESIAN_POINT('',(-567.7524952784,7.133132533182,
    69.945403694419));
#1439 = CARTESIAN_POINT('',(-563.5775738445,5.729800854457,
    70.324599321552));
#1440 = CARTESIAN_POINT('',(-559.225311783,5.602487652275,
    70.433712033384));
#1441 = CARTESIAN_POINT('',(-554.9153030247,4.42175238726,
    70.721642195724));
#1442 = CARTESIAN_POINT('',(-550.6950514656,3.671776258257,
    70.811643193811));
#1443 = CARTESIAN_POINT('',(-546.5054520859,2.548037869067,
    71.137065289321));
#1444 = CARTESIAN_POINT('',(-542.014622175,2.613842228298,
    71.126460552928));
#1445 = CARTESIAN_POINT('',(-537.9789076762,1.388837810745,
    71.378968744724));
#1446 = CARTESIAN_POINT('',(-533.6216797195,1.391796175141,
    71.575230408752));
#1447 = CARTESIAN_POINT('',(-529.3043766466,1.612740925482,
    71.905580165944));
#1448 = CARTESIAN_POINT('',(-525.0222934397,2.29123215778,
    72.102978783513));
#1449 = CARTESIAN_POINT('',(-520.7416746921,3.269048301908,
    72.213296955987));
#1450 = CARTESIAN_POINT('',(-516.4671704399,4.450858684534,
    72.21560670587));
#1451 = CARTESIAN_POINT('',(-512.204407681,5.734430827283,
    72.160992202932));
#1452 = CARTESIAN_POINT('',(-507.9265429784,6.808138550948,
    72.041876687907));
#1453 = CARTESIAN_POINT('',(-503.6502824349,7.794187642617,
    72.014558256064));
#1454 = CARTESIAN_POINT('',(-499.3719688989,8.538160658882,
    71.74068738911));
#1455 = CARTESIAN_POINT('',(-495.0930022696,9.268221164557,
    71.574359899746));
#1456 = CARTESIAN_POINT('',(-490.8081538754,9.502471604249,
    71.312958479839));
#1457 = CARTESIAN_POINT('',(-486.5308534552,9.803929094383,
    71.132178789939));
#1458 = CARTESIAN_POINT('',(-482.2516859036,9.897223482009,
    70.930970377138));
#1459 = CARTESIAN_POINT('',(-477.9730655022,9.898547247611,
    70.743313934405));
#1460 = CARTESIAN_POINT('',(-473.6960456193,9.804632512048,
    70.567301479795));
#1461 = CARTESIAN_POINT('',(-469.4152062773,9.814369331657,
    70.442227353147));
#1462 = CARTESIAN_POINT('',(-465.1421872703,9.708889175301,70.2959160845
    ));
#1463 = CARTESIAN_POINT('',(-460.8166932288,9.363630991165,
    70.113276643377));
#1464 = CARTESIAN_POINT('',(-456.4952571487,9.402146509792,
    70.044671440939));
#1465 = CARTESIAN_POINT('',(-452.4504000069,9.616814100708,
    69.99907587946));
#1466 = CARTESIAN_POINT('',(-447.9424683801,8.949639119815,
    69.886545096197));
#1467 = CARTESIAN_POINT('',(-443.7524033406,9.370497298593,
    69.913869559996));
#1468 = CARTESIAN_POINT('',(-439.4974420849,6.933011047615,
    69.61773552629));
#1469 = CARTESIAN_POINT('',(-435.1419433011,6.013474650165,
    69.531966470917));
#1470 = CARTESIAN_POINT('',(-430.9728274171,4.162253280552,
    69.380941722124));
#1471 = CARTESIAN_POINT('',(-426.6766705817,2.465099155644,
    69.205857784433));
#1472 = CARTESIAN_POINT('',(-423.4568555526,4.549180108951,
    69.394110349105));
#1473 = CARTESIAN_POINT('',(-422.3597,1.60983552922,69.121587347267));
#1474 = PCURVE('',#1228,#1475);
#1475 = DEFINITIONAL_REPRESENTATION('',(#1476),#1480);
#1476 = LINE('',#1477,#1478);
#1477 = CARTESIAN_POINT('',(5.,0.));
#1478 = VECTOR('',#1479,1.);
#1479 = DIRECTION('',(0.,1.));
#1480 = ( GEOMETRIC_REPRESENTATION_CONTEXT(2) 
PARAMETRIC_REPRESENTATION_CONTEXT() REPRESENTATION_CONTEXT('2D SPACE',''
  ) );
#1481 = PCURVE('',#1482,#1609);
#1482 = ( BOUNDED_SURFACE() B_SPLINE_SURFACE(1,3,(
    (#1483,#1484,#1485,#1486,#1487,#1488,#1489,#1490,#1491,#1492,#1493
      ,#1494,#1495,#1496,#1497,#1498,#1499,#1500,#1501,#1502,#1503,#1504
      ,#1505,#1506,#1507,#1508,#1509,#1510,#1511,#1512,#1513,#1514,#1515
      ,#1516,#1517,#1518,#1519,#1520,#1521,#1522,#1523,#1524,#1525,#1526
      ,#1527,#1528,#1529,#1530,#1531,#1532,#1533,#1534,#1535,#1536,#1537
      ,#1538,#1539,#1540,#1541,#1542,#1543,#1544,#1545)
    ,(#1546,#1547,#1548,#1549,#1550,#1551,#1552,#1553,#1554,#1555,#1556
      ,#1557,#1558,#1559,#1560,#1561,#1562,#1563,#1564,#1565,#1566,#1567
      ,#1568,#1569,#1570,#1571,#1572,#1573,#1574,#1575,#1576,#1577,#1578
      ,#1579,#1580,#1581,#1582,#1583,#1584,#1585,#1586,#1587,#1588,#1589
      ,#1590,#1591,#1592,#1593,#1594,#1595,#1596,#1597,#1598,#1599,#1600
      ,#1601,#1602,#1603,#1604,#1605,#1606,#1607,#1608
)),.UNSPECIFIED.,.F.,.F.,.F.) B_SPLINE_SURFACE_WITH_KNOTS((2,2),(4,1,1,1
    ,1,1,1,1,1,1,1,1,1,1,1,1,1,1,1,1,1,1,1,1,1,1,1,1,1,1,1,1,1,1,1,1,1,1
    ,1,1,1,1,1,1,1,1,1,1,1,1,1,1,1,1,1,1,1,1,1,1,4),(5.,6.),(0.,
    1.671164831231E-02,3.327803306227E-02,5.000925566809E-02,
    6.648034363626E-02,8.347574416348E-02,9.998031801332E-02,
    0.116453562429,0.133787455732,0.150582398826,0.167003889564,
    0.183421183117,0.199831572897,0.216243077967,0.232654966281,
    0.249069049,0.265493630469,0.281929899437,0.298422530809,
    0.314972313288,0.331595845732,0.348279560524,0.365009232075,
    0.38168560036,0.398277240471,0.414799735375,0.431302994143,
    0.448140075223,0.464749604184,0.481553115126,0.498808354232,
    0.516050152658,0.532842545742,0.550335828942,0.567153130692,
    0.583652514422,0.600175882991,0.616768685323,0.633448038712,
    0.650182180915,0.666869665762,0.683497438564,0.700056495454,
    0.716547762365,0.732983596882,0.749407921308,0.765822295641,
    0.782233728406,0.798646209918,0.81505724388,0.831476734885,
    0.847901722287,0.864693603231,0.881980563987,0.898448960139,
    0.915352013848,0.932295303855,0.949097785181,0.966200565614,
0.982806308198,1.),.UNSPECIFIED.) GEOMETRIC_REPRESENTATION_ITEM() 
RATIONAL_B_SPLINE_SURFACE((
    (1.,0.999999999979,1.00000000001,0.999999999997,1.000000000001,1.,1.
      ,1.,1.,1.,1.,1.,1.,1.,1.,1.,1.,1.,1.,1.,1.,1.,1.,1.,1.,1.,1.,1.,1.
      ,1.,1.,1.,1.,1.,1.,1.,1.,1.,1.,1.,1.,1.,1.,1.,1.,1.,1.,1.,1.,1.,1.
      ,1.,1.,1.,1.,1.,1.,1.,0.999999999998,1.000000000007,0.999999999976
      ,1.000000000054,1.)
    ,(1.,0.999999999979,1.00000000001,0.999999999997,1.000000000001,1.
      ,1.,1.,1.,1.,1.,1.,1.,1.,1.,1.,1.,1.,1.,1.,1.,1.,1.,1.,1.,1.,1.,1.
      ,1.,1.,1.,1.,1.,1.,1.,1.,1.,1.,1.,1.,1.,1.,1.,1.,1.,1.,1.,1.,1.,1.
      ,1.,1.,1.,1.,1.,1.,1.,1.,0.999999999998,1.000000000007
,0.999999999976,1.000000000054,1.
  ))) REPRESENTATION_ITEM('') SURFACE() );
#1483 = CARTESIAN_POINT('',(-679.0382,2.571602099419,69.76051434147));
#1484 = CARTESIAN_POINT('',(-677.9018430398,1.553300228898,
    69.832258907618));
#1485 = CARTESIAN_POINT('',(-674.6570379481,3.097635249688,
    69.607059539636));
#1486 = CARTESIAN_POINT('',(-670.4801286148,2.987280385162,
    69.544749472902));
#1487 = CARTESIAN_POINT('',(-666.2529876958,2.163950329652,
    69.527362539378));
#1488 = CARTESIAN_POINT('',(-661.8309289879,1.957459458058,
    69.412336834995));
#1489 = CARTESIAN_POINT('',(-657.7320144142,1.761190254713,
    69.294687887965));
#1490 = CARTESIAN_POINT('',(-653.3812140229,2.479306960117,
    69.068105942103));
#1491 = CARTESIAN_POINT('',(-648.9513854559,2.228758299487,
    68.993402713603));
#1492 = CARTESIAN_POINT('',(-644.9070855266,4.590706708253,
    68.554988145267));
#1493 = CARTESIAN_POINT('',(-640.582063889,5.249987479139,
    68.389317900115));
#1494 = CARTESIAN_POINT('',(-636.2554682792,5.289648776998,
    68.357057452023));
#1495 = CARTESIAN_POINT('',(-631.9824711096,5.383103416178,
    68.340775884284));
#1496 = CARTESIAN_POINT('',(-627.7019615338,5.468467884831,
    68.323019540394));
#1497 = CARTESIAN_POINT('',(-623.4245711463,5.501377717699,
    68.322259551594));
#1498 = CARTESIAN_POINT('',(-619.1463832312,5.501022952719,
    68.326637222785));
#1499 = CARTESIAN_POINT('',(-614.8669156658,5.51450418101,
    68.338508106058));
#1500 = CARTESIAN_POINT('',(-610.5898165078,5.560097113001,
    68.350755033457));
#1501 = CARTESIAN_POINT('',(-606.3045105877,5.520275931699,
    68.387426066539));
#1502 = CARTESIAN_POINT('',(-602.0277566031,5.653136474045,
    68.481892036422));
#1503 = CARTESIAN_POINT('',(-597.7466019923,5.656595749317,
    68.286123977836));
#1504 = CARTESIAN_POINT('',(-593.4714143357,6.009732379745,
    68.679398253353));
#1505 = CARTESIAN_POINT('',(-589.1936176105,6.342517921064,
    68.945779737661));
#1506 = CARTESIAN_POINT('',(-584.9304153006,6.7923080487,69.224863152575
    ));
#1507 = CARTESIAN_POINT('',(-580.6563793824,7.122771760832,
    69.513608037954));
#1508 = CARTESIAN_POINT('',(-576.3740763318,7.377365975487,
    69.711745126445));
#1509 = CARTESIAN_POINT('',(-572.0987272234,7.227979739008,
    69.91851733789));
#1510 = CARTESIAN_POINT('',(-567.7524952784,7.133132533182,
    69.945403694419));
#1511 = CARTESIAN_POINT('',(-563.5775738445,5.729800854457,
    70.324599321552));
#1512 = CARTESIAN_POINT('',(-559.225311783,5.602487652275,
    70.433712033384));
#1513 = CARTESIAN_POINT('',(-554.9153030247,4.42175238726,
    70.721642195724));
#1514 = CARTESIAN_POINT('',(-550.6950514656,3.671776258257,
    70.811643193811));
#1515 = CARTESIAN_POINT('',(-546.5054520859,2.548037869067,
    71.137065289321));
#1516 = CARTESIAN_POINT('',(-542.014622175,2.613842228298,
    71.126460552928));
#1517 = CARTESIAN_POINT('',(-537.9789076762,1.388837810745,
    71.378968744724));
#1518 = CARTESIAN_POINT('',(-533.6216797195,1.391796175141,
    71.575230408752));
#1519 = CARTESIAN_POINT('',(-529.3043766466,1.612740925482,
    71.905580165944));
#1520 = CARTESIAN_POINT('',(-525.0222934397,2.29123215778,
    72.102978783513));
#1521 = CARTESIAN_POINT('',(-520.7416746921,3.269048301908,
    72.213296955987));
#1522 = CARTESIAN_POINT('',(-516.4671704399,4.450858684534,
    72.21560670587));
#1523 = CARTESIAN_POINT('',(-512.204407681,5.734430827283,
    72.160992202932));
#1524 = CARTESIAN_POINT('',(-507.9265429784,6.808138550948,
    72.041876687907));
#1525 = CARTESIAN_POINT('',(-503.6502824349,7.794187642617,
    72.014558256064));
#1526 = CARTESIAN_POINT('',(-499.3719688989,8.538160658882,
    71.74068738911));
#1527 = CARTESIAN_POINT('',(-495.0930022696,9.268221164557,
    71.574359899746));
#1528 = CARTESIAN_POINT('',(-490.8081538754,9.502471604249,
    71.312958479839));
#1529 = CARTESIAN_POINT('',(-486.5308534552,9.803929094383,
    71.132178789939));
#1530 = CARTESIAN_POINT('',(-482.2516859036,9.897223482009,
    70.930970377138));
#1531 = CARTESIAN_POINT('',(-477.9730655022,9.898547247611,
    70.743313934405));
#1532 = CARTESIAN_POINT('',(-473.6960456193,9.804632512048,
    70.567301479795));
#1533 = CARTESIAN_POINT('',(-469.4152062773,9.814369331657,
    70.442227353147));
#1534 = CARTESIAN_POINT('',(-465.1421872703,9.708889175301,70.2959160845
    ));
#1535 = CARTESIAN_POINT('',(-460.8166932288,9.363630991165,
    70.113276643377));
#1536 = CARTESIAN_POINT('',(-456.4952571487,9.402146509792,
    70.044671440939));
#1537 = CARTESIAN_POINT('',(-452.4504000069,9.616814100708,
    69.99907587946));
#1538 = CARTESIAN_POINT('',(-447.9424683801,8.949639119815,
    69.886545096197));
#1539 = CARTESIAN_POINT('',(-443.7524033406,9.370497298593,
    69.913869559996));
#1540 = CARTESIAN_POINT('',(-439.4974420849,6.933011047615,
    69.61773552629));
#1541 = CARTESIAN_POINT('',(-435.1419433011,6.013474650165,
    69.531966470917));
#1542 = CARTESIAN_POINT('',(-430.9728274171,4.162253280552,
    69.380941722124));
#1543 = CARTESIAN_POINT('',(-426.6766705817,2.465099155644,
    69.205857784433));
#1544 = CARTESIAN_POINT('',(-423.4568555526,4.549180108951,
    69.394110349105));
#1545 = CARTESIAN_POINT('',(-422.3597,1.60983552922,69.121587347267));
#1546 = CARTESIAN_POINT('',(-679.0382,2.176699218274,69.841621257756));
#1547 = CARTESIAN_POINT('',(-677.9018430398,0.961388654256,
    69.940898621991));
#1548 = CARTESIAN_POINT('',(-674.6570379481,2.643176685833,
    69.698323210496));
#1549 = CARTESIAN_POINT('',(-670.4801286148,2.349154976477,
    69.666182147701));
#1550 = CARTESIAN_POINT('',(-666.2529876958,1.484319756444,
    69.65649112183));
#1551 = CARTESIAN_POINT('',(-661.8309289879,1.323347725865,
    69.539054779918));
#1552 = CARTESIAN_POINT('',(-657.7320144142,0.891003167634,
    69.465292532535));
#1553 = CARTESIAN_POINT('',(-653.3812140229,1.566634668458,
    69.257316063183));
#1554 = CARTESIAN_POINT('',(-648.9513854559,1.283079453787,
    69.199254208429));
#1555 = CARTESIAN_POINT('',(-644.9070855266,3.453494756864,
    68.803807555367));
#1556 = CARTESIAN_POINT('',(-640.582063889,3.934868535822,
    68.681323423074));
#1557 = CARTESIAN_POINT('',(-636.2554682792,3.986228399791,
    68.659679670751));
#1558 = CARTESIAN_POINT('',(-631.9824711096,4.044208903903,
    68.661602848033));
#1559 = CARTESIAN_POINT('',(-627.7019615338,4.127544611864,
    68.655692260939));
#1560 = CARTESIAN_POINT('',(-623.4245711463,4.148563908443,
    68.670979239384));
#1561 = CARTESIAN_POINT('',(-619.1463832312,4.143247863727,
    68.692823786853));
#1562 = CARTESIAN_POINT('',(-614.8669156658,4.168145840388,
    68.720557054592));
#1563 = CARTESIAN_POINT('',(-610.5898165078,4.239261802014,
    68.747680709268));
#1564 = CARTESIAN_POINT('',(-606.3045105877,4.227672377554,
    68.802370702416));
#1565 = CARTESIAN_POINT('',(-602.0277566031,4.420081790815,
    68.906840660206));
#1566 = CARTESIAN_POINT('',(-597.7466019923,4.490225801055,
    68.737333835987));
#1567 = CARTESIAN_POINT('',(-593.4714143357,4.910933962143,
    69.111324224223));
#1568 = CARTESIAN_POINT('',(-589.1936176105,5.331494095563,
    69.399993109439));
#1569 = CARTESIAN_POINT('',(-584.9304153006,5.881065886209,
    69.704312166387));
#1570 = CARTESIAN_POINT('',(-580.6563793824,6.311928267616,
    70.011829595684));
#1571 = CARTESIAN_POINT('',(-576.3740763318,6.655815848914,
    70.202895938522));
#1572 = CARTESIAN_POINT('',(-572.0987272234,6.591043179297,
    70.393548843188));
#1573 = CARTESIAN_POINT('',(-567.7524952784,6.530713562939,
    70.346553825987));
#1574 = CARTESIAN_POINT('',(-563.5775738445,5.296658725354,
    70.811163422463));
#1575 = CARTESIAN_POINT('',(-559.225311783,5.290703579449,
    70.923399717489));
#1576 = CARTESIAN_POINT('',(-554.9153030247,4.190822504701,
    71.305613536315));
#1577 = CARTESIAN_POINT('',(-550.6950514656,3.662962001503,
    71.372010503451));
#1578 = CARTESIAN_POINT('',(-546.5054520859,2.749830851005,
    71.767209469928));
#1579 = CARTESIAN_POINT('',(-542.014622175,2.897752662455,
    71.655087327962));
#1580 = CARTESIAN_POINT('',(-537.9789076762,1.76251197933,
    71.931880853794));
#1581 = CARTESIAN_POINT('',(-533.6216797195,1.905656390923,
    72.075568036672));
#1582 = CARTESIAN_POINT('',(-529.3043766466,2.12718378358,
    72.513422558233));
#1583 = CARTESIAN_POINT('',(-525.0222934397,2.876535362067,
    72.754394689147));
#1584 = CARTESIAN_POINT('',(-520.7416746921,3.924653230839,
    72.902044663318));
#1585 = CARTESIAN_POINT('',(-516.4671704399,5.217605230996,
    72.89334908492));
#1586 = CARTESIAN_POINT('',(-512.204407681,6.620755146169,72.80883288537
    ));
#1587 = CARTESIAN_POINT('',(-507.9265429784,7.820780689827,
    72.639422672756));
#1588 = CARTESIAN_POINT('',(-503.6502824349,8.911190281163,
    72.570281506983));
#1589 = CARTESIAN_POINT('',(-499.3719688989,9.75477032699,
    72.219249462439));
#1590 = CARTESIAN_POINT('',(-495.0930022696,10.535158440167,
    72.059115190792));
#1591 = CARTESIAN_POINT('',(-490.8081538754,10.802473086653,
    71.775819943703));
#1592 = CARTESIAN_POINT('',(-486.5308534552,11.128434889866,
    71.580343142146));
#1593 = CARTESIAN_POINT('',(-482.2516859036,11.232517991632,
    71.360089475613));
#1594 = CARTESIAN_POINT('',(-477.9730655022,11.235834428185,
    71.154489036328));
#1595 = CARTESIAN_POINT('',(-473.6960456193,11.126097697272,
    70.96023449387));
#1596 = CARTESIAN_POINT('',(-469.4152062773,11.133987080578,
    70.82189636459));
#1597 = CARTESIAN_POINT('',(-465.1421872703,10.996683792896,
    70.657428447499));
#1598 = CARTESIAN_POINT('',(-460.8166932288,10.637127343409,
    70.458239871771));
#1599 = CARTESIAN_POINT('',(-456.4952571487,10.577133421888,
    70.359854113546));
#1600 = CARTESIAN_POINT('',(-452.4504000069,10.595436101535,
    70.270394262448));
#1601 = CARTESIAN_POINT('',(-447.9424683801,9.924118488524,
    70.144270113929));
#1602 = CARTESIAN_POINT('',(-443.7524033406,10.192490083304,
    70.139243726087));
#1603 = CARTESIAN_POINT('',(-439.4974420849,7.570286009187,
    69.807344680772));
#1604 = CARTESIAN_POINT('',(-435.1419433011,6.614947714425,
    69.710207500663));
#1605 = CARTESIAN_POINT('',(-430.9728274171,4.705591491778,
    69.548936175089));
#1606 = CARTESIAN_POINT('',(-426.6766705817,2.847568046157,
    69.34979026254));
#1607 = CARTESIAN_POINT('',(-423.4568555526,4.93444727607,
    69.535035970395));
#1608 = CARTESIAN_POINT('',(-422.3597,1.971800294425,69.259647004824));
#1609 = DEFINITIONAL_REPRESENTATION('',(#1610),#1614);
#1610 = LINE('',#1611,#1612);
#1611 = CARTESIAN_POINT('',(5.,0.));
#1612 = VECTOR('',#1613,1.);
#1613 = DIRECTION('',(0.,1.));
#1614 = ( GEOMETRIC_REPRESENTATION_CONTEXT(2) 
PARAMETRIC_REPRESENTATION_CONTEXT() REPRESENTATION_CONTEXT('2D SPACE',''
  ) );
#1615 = ORIENTED_EDGE('',*,*,#1616,.F.);
#1616 = EDGE_CURVE('',#1153,#1407,#1617,.T.);
#1617 = SURFACE_CURVE('',#1618,(#1621,#1628),.PCURVE_S1.);
#1618 = B_SPLINE_CURVE_WITH_KNOTS('',1,(#1619,#1620),.UNSPECIFIED.,.F.,
  .F.,(2,2),(4.,5.),.PIECEWISE_BEZIER_KNOTS.);
#1619 = CARTESIAN_POINT('',(-422.3597,1.24015628723,69.005576514826));
#1620 = CARTESIAN_POINT('',(-422.3597,1.60983552922,69.121587347267));
#1621 = PCURVE('',#1228,#1622);
#1622 = DEFINITIONAL_REPRESENTATION('',(#1623),#1627);
#1623 = LINE('',#1624,#1625);
#1624 = CARTESIAN_POINT('',(0.,1.));
#1625 = VECTOR('',#1626,1.);
#1626 = DIRECTION('',(1.,0.));
#1627 = ( GEOMETRIC_REPRESENTATION_CONTEXT(2) 
PARAMETRIC_REPRESENTATION_CONTEXT() REPRESENTATION_CONTEXT('2D SPACE',''
  ) );
#1628 = PCURVE('',#401,#1629);
#1629 = DEFINITIONAL_REPRESENTATION('',(#1630),#1633);
#1630 = B_SPLINE_CURVE_WITH_KNOTS('',1,(#1631,#1632),.UNSPECIFIED.,.F.,
  .F.,(2,2),(4.,5.),.PIECEWISE_BEZIER_KNOTS.);
#1631 = CARTESIAN_POINT('',(-1.499992778118,0.387297908632));
#1632 = CARTESIAN_POINT('',(-1.865567685238,0.515657725108));
#1633 = ( GEOMETRIC_REPRESENTATION_CONTEXT(2) 
PARAMETRIC_REPRESENTATION_CONTEXT() REPRESENTATION_CONTEXT('2D SPACE',''
  ) );
#1634 = ORIENTED_EDGE('',*,*,#1152,.F.);
#1635 = ADVANCED_FACE('',(#1636),#1482,.T.);
#1636 = FACE_BOUND('',#1637,.T.);
#1637 = EDGE_LOOP('',(#1638,#1659,#1869,#1888));
#1638 = ORIENTED_EDGE('',*,*,#1639,.T.);
#1639 = EDGE_CURVE('',#1386,#1640,#1642,.T.);
#1640 = VERTEX_POINT('',#1641);
#1641 = CARTESIAN_POINT('',(-679.0382,2.176699218274,69.841621257756));
#1642 = SURFACE_CURVE('',#1643,(#1646,#1653),.PCURVE_S1.);
#1643 = B_SPLINE_CURVE_WITH_KNOTS('',1,(#1644,#1645),.UNSPECIFIED.,.F.,
  .F.,(2,2),(5.,6.),.PIECEWISE_BEZIER_KNOTS.);
#1644 = CARTESIAN_POINT('',(-679.0382,2.571602099419,69.76051434147));
#1645 = CARTESIAN_POINT('',(-679.0382,2.176699218274,69.841621257756));
#1646 = PCURVE('',#1482,#1647);
#1647 = DEFINITIONAL_REPRESENTATION('',(#1648),#1652);
#1648 = LINE('',#1649,#1650);
#1649 = CARTESIAN_POINT('',(0.,0.));
#1650 = VECTOR('',#1651,1.);
#1651 = DIRECTION('',(1.,0.));
#1652 = ( GEOMETRIC_REPRESENTATION_CONTEXT(2) 
PARAMETRIC_REPRESENTATION_CONTEXT() REPRESENTATION_CONTEXT('2D SPACE',''
  ) );
#1653 = PCURVE('',#165,#1654);
#1654 = DEFINITIONAL_REPRESENTATION('',(#1655),#1658);
#1655 = B_SPLINE_CURVE_WITH_KNOTS('',1,(#1656,#1657),.UNSPECIFIED.,.F.,
  .F.,(2,2),(5.,6.),.PIECEWISE_BEZIER_KNOTS.);
#1656 = CARTESIAN_POINT('',(1.956080723714,-0.455941680466));
#1657 = CARTESIAN_POINT('',(2.356713867301,-0.500882771525));
#1658 = ( GEOMETRIC_REPRESENTATION_CONTEXT(2) 
PARAMETRIC_REPRESENTATION_CONTEXT() REPRESENTATION_CONTEXT('2D SPACE',''
  ) );
#1659 = ORIENTED_EDGE('',*,*,#1660,.T.);
#1660 = EDGE_CURVE('',#1640,#1661,#1663,.T.);
#1661 = VERTEX_POINT('',#1662);
#1662 = CARTESIAN_POINT('',(-422.3597,1.971800294425,69.259647004824));
#1663 = SURFACE_CURVE('',#1664,(#1728,#1735),.PCURVE_S1.);
#1664 = ( BOUNDED_CURVE() B_SPLINE_CURVE(3,(#1665,#1666,#1667,#1668,
    #1669,#1670,#1671,#1672,#1673,#1674,#1675,#1676,#1677,#1678,#1679,
    #1680,#1681,#1682,#1683,#1684,#1685,#1686,#1687,#1688,#1689,#1690,
    #1691,#1692,#1693,#1694,#1695,#1696,#1697,#1698,#1699,#1700,#1701,
    #1702,#1703,#1704,#1705,#1706,#1707,#1708,#1709,#1710,#1711,#1712,
    #1713,#1714,#1715,#1716,#1717,#1718,#1719,#1720,#1721,#1722,#1723,
    #1724,#1725,#1726,#1727),.UNSPECIFIED.,.F.,.F.) 
B_SPLINE_CURVE_WITH_KNOTS((4,1,1,1,1,1,1,1,1,1,1,1,1,1,1,1,1,1,1,1,1,1,1
    ,1,1,1,1,1,1,1,1,1,1,1,1,1,1,1,1,1,1,1,1,1,1,1,1,1,1,1,1,1,1,1,1,1,1
    ,1,1,1,4),(0.,1.671164831231E-02,3.327803306227E-02,
    5.000925566809E-02,6.648034363626E-02,8.347574416348E-02,
    9.998031801332E-02,0.116453562429,0.133787455732,0.150582398826,
    0.167003889564,0.183421183117,0.199831572897,0.216243077967,
    0.232654966281,0.249069049,0.265493630469,0.281929899437,
    0.298422530809,0.314972313288,0.331595845732,0.348279560524,
    0.365009232075,0.38168560036,0.398277240471,0.414799735375,
    0.431302994143,0.448140075223,0.464749604184,0.481553115126,
    0.498808354232,0.516050152658,0.532842545742,0.550335828942,
    0.567153130692,0.583652514422,0.600175882991,0.616768685323,
    0.633448038712,0.650182180915,0.666869665762,0.683497438564,
    0.700056495454,0.716547762365,0.732983596882,0.749407921308,
    0.765822295641,0.782233728406,0.798646209918,0.81505724388,
    0.831476734885,0.847901722287,0.864693603231,0.881980563987,
    0.898448960139,0.915352013848,0.932295303855,0.949097785181,
0.966200565614,0.982806308198,1.),.UNSPECIFIED.) CURVE() 
GEOMETRIC_REPRESENTATION_ITEM() RATIONAL_B_SPLINE_CURVE((1.,
    0.999999999979,1.00000000001,0.999999999997,1.000000000001,1.,1.,1.,
    1.,1.,1.,1.,1.,1.,1.,1.,1.,1.,1.,1.,1.,1.,1.,1.,1.,1.,1.,1.,1.,1.,1.
    ,1.,1.,1.,1.,1.,1.,1.,1.,1.,1.,1.,1.,1.,1.,1.,1.,1.,1.,1.,1.,1.,1.,
    1.,1.,1.,1.,1.,0.999999999998,1.000000000007,0.999999999976,
1.000000000054,1.)) REPRESENTATION_ITEM('') );
#1665 = CARTESIAN_POINT('',(-679.0382,2.176699218274,69.841621257756));
#1666 = CARTESIAN_POINT('',(-677.9018430398,0.961388654256,
    69.940898621991));
#1667 = CARTESIAN_POINT('',(-674.6570379481,2.643176685833,
    69.698323210496));
#1668 = CARTESIAN_POINT('',(-670.4801286148,2.349154976477,
    69.666182147701));
#1669 = CARTESIAN_POINT('',(-666.2529876958,1.484319756444,
    69.65649112183));
#1670 = CARTESIAN_POINT('',(-661.8309289879,1.323347725865,
    69.539054779918));
#1671 = CARTESIAN_POINT('',(-657.7320144142,0.891003167634,
    69.465292532535));
#1672 = CARTESIAN_POINT('',(-653.3812140229,1.566634668458,
    69.257316063183));
#1673 = CARTESIAN_POINT('',(-648.9513854559,1.283079453787,
    69.199254208429));
#1674 = CARTESIAN_POINT('',(-644.9070855266,3.453494756864,
    68.803807555367));
#1675 = CARTESIAN_POINT('',(-640.582063889,3.934868535822,
    68.681323423074));
#1676 = CARTESIAN_POINT('',(-636.2554682792,3.986228399791,
    68.659679670751));
#1677 = CARTESIAN_POINT('',(-631.9824711096,4.044208903903,
    68.661602848033));
#1678 = CARTESIAN_POINT('',(-627.7019615338,4.127544611864,
    68.655692260939));
#1679 = CARTESIAN_POINT('',(-623.4245711463,4.148563908443,
    68.670979239384));
#1680 = CARTESIAN_POINT('',(-619.1463832312,4.143247863727,
    68.692823786853));
#1681 = CARTESIAN_POINT('',(-614.8669156658,4.168145840388,
    68.720557054592));
#1682 = CARTESIAN_POINT('',(-610.5898165078,4.239261802014,
    68.747680709268));
#1683 = CARTESIAN_POINT('',(-606.3045105877,4.227672377554,
    68.802370702416));
#1684 = CARTESIAN_POINT('',(-602.0277566031,4.420081790815,
    68.906840660206));
#1685 = CARTESIAN_POINT('',(-597.7466019923,4.490225801055,
    68.737333835987));
#1686 = CARTESIAN_POINT('',(-593.4714143357,4.910933962143,
    69.111324224223));
#1687 = CARTESIAN_POINT('',(-589.1936176105,5.331494095563,
    69.399993109439));
#1688 = CARTESIAN_POINT('',(-584.9304153006,5.881065886209,
    69.704312166387));
#1689 = CARTESIAN_POINT('',(-580.6563793824,6.311928267616,
    70.011829595684));
#1690 = CARTESIAN_POINT('',(-576.3740763318,6.655815848914,
    70.202895938522));
#1691 = CARTESIAN_POINT('',(-572.0987272234,6.591043179297,
    70.393548843188));
#1692 = CARTESIAN_POINT('',(-567.7524952784,6.530713562939,
    70.346553825987));
#1693 = CARTESIAN_POINT('',(-563.5775738445,5.296658725354,
    70.811163422463));
#1694 = CARTESIAN_POINT('',(-559.225311783,5.290703579449,
    70.923399717489));
#1695 = CARTESIAN_POINT('',(-554.9153030247,4.190822504701,
    71.305613536315));
#1696 = CARTESIAN_POINT('',(-550.6950514656,3.662962001503,
    71.372010503451));
#1697 = CARTESIAN_POINT('',(-546.5054520859,2.749830851005,
    71.767209469928));
#1698 = CARTESIAN_POINT('',(-542.014622175,2.897752662455,
    71.655087327962));
#1699 = CARTESIAN_POINT('',(-537.9789076762,1.76251197933,
    71.931880853794));
#1700 = CARTESIAN_POINT('',(-533.6216797195,1.905656390923,
    72.075568036672));
#1701 = CARTESIAN_POINT('',(-529.3043766466,2.12718378358,
    72.513422558233));
#1702 = CARTESIAN_POINT('',(-525.0222934397,2.876535362067,
    72.754394689147));
#1703 = CARTESIAN_POINT('',(-520.7416746921,3.924653230839,
    72.902044663318));
#1704 = CARTESIAN_POINT('',(-516.4671704399,5.217605230996,
    72.89334908492));
#1705 = CARTESIAN_POINT('',(-512.204407681,6.620755146169,72.80883288537
    ));
#1706 = CARTESIAN_POINT('',(-507.9265429784,7.820780689827,
    72.639422672756));
#1707 = CARTESIAN_POINT('',(-503.6502824349,8.911190281163,
    72.570281506983));
#1708 = CARTESIAN_POINT('',(-499.3719688989,9.75477032699,
    72.219249462439));
#1709 = CARTESIAN_POINT('',(-495.0930022696,10.535158440167,
    72.059115190792));
#1710 = CARTESIAN_POINT('',(-490.8081538754,10.802473086653,
    71.775819943703));
#1711 = CARTESIAN_POINT('',(-486.5308534552,11.128434889866,
    71.580343142146));
#1712 = CARTESIAN_POINT('',(-482.2516859036,11.232517991632,
    71.360089475613));
#1713 = CARTESIAN_POINT('',(-477.9730655022,11.235834428185,
    71.154489036328));
#1714 = CARTESIAN_POINT('',(-473.6960456193,11.126097697272,
    70.96023449387));
#1715 = CARTESIAN_POINT('',(-469.4152062773,11.133987080578,
    70.82189636459));
#1716 = CARTESIAN_POINT('',(-465.1421872703,10.996683792896,
    70.657428447499));
#1717 = CARTESIAN_POINT('',(-460.8166932288,10.637127343409,
    70.458239871771));
#1718 = CARTESIAN_POINT('',(-456.4952571487,10.577133421888,
    70.359854113546));
#1719 = CARTESIAN_POINT('',(-452.4504000069,10.595436101535,
    70.270394262448));
#1720 = CARTESIAN_POINT('',(-447.9424683801,9.924118488524,
    70.144270113929));
#1721 = CARTESIAN_POINT('',(-443.7524033406,10.192490083304,
    70.139243726087));
#1722 = CARTESIAN_POINT('',(-439.4974420849,7.570286009187,
    69.807344680772));
#1723 = CARTESIAN_POINT('',(-435.1419433011,6.614947714425,
    69.710207500663));
#1724 = CARTESIAN_POINT('',(-430.9728274171,4.705591491778,
    69.548936175089));
#1725 = CARTESIAN_POINT('',(-426.6766705817,2.847568046157,
    69.34979026254));
#1726 = CARTESIAN_POINT('',(-423.4568555526,4.93444727607,
    69.535035970395));
#1727 = CARTESIAN_POINT('',(-422.3597,1.971800294425,69.259647004824));
#1728 = PCURVE('',#1482,#1729);
#1729 = DEFINITIONAL_REPRESENTATION('',(#1730),#1734);
#1730 = LINE('',#1731,#1732);
#1731 = CARTESIAN_POINT('',(6.,0.));
#1732 = VECTOR('',#1733,1.);
#1733 = DIRECTION('',(0.,1.));
#1734 = ( GEOMETRIC_REPRESENTATION_CONTEXT(2) 
PARAMETRIC_REPRESENTATION_CONTEXT() REPRESENTATION_CONTEXT('2D SPACE',''
  ) );
#1735 = PCURVE('',#1736,#1863);
#1736 = ( BOUNDED_SURFACE() B_SPLINE_SURFACE(1,3,(
    (#1737,#1738,#1739,#1740,#1741,#1742,#1743,#1744,#1745,#1746,#1747
      ,#1748,#1749,#1750,#1751,#1752,#1753,#1754,#1755,#1756,#1757,#1758
      ,#1759,#1760,#1761,#1762,#1763,#1764,#1765,#1766,#1767,#1768,#1769
      ,#1770,#1771,#1772,#1773,#1774,#1775,#1776,#1777,#1778,#1779,#1780
      ,#1781,#1782,#1783,#1784,#1785,#1786,#1787,#1788,#1789,#1790,#1791
      ,#1792,#1793,#1794,#1795,#1796,#1797,#1798,#1799)
    ,(#1800,#1801,#1802,#1803,#1804,#1805,#1806,#1807,#1808,#1809,#1810
      ,#1811,#1812,#1813,#1814,#1815,#1816,#1817,#1818,#1819,#1820,#1821
      ,#1822,#1823,#1824,#1825,#1826,#1827,#1828,#1829,#1830,#1831,#1832
      ,#1833,#1834,#1835,#1836,#1837,#1838,#1839,#1840,#1841,#1842,#1843
      ,#1844,#1845,#1846,#1847,#1848,#1849,#1850,#1851,#1852,#1853,#1854
      ,#1855,#1856,#1857,#1858,#1859,#1860,#1861,#1862
)),.UNSPECIFIED.,.F.,.F.,.F.) B_SPLINE_SURFACE_WITH_KNOTS((2,2),(4,1,1,1
    ,1,1,1,1,1,1,1,1,1,1,1,1,1,1,1,1,1,1,1,1,1,1,1,1,1,1,1,1,1,1,1,1,1,1
    ,1,1,1,1,1,1,1,1,1,1,1,1,1,1,1,1,1,1,1,1,1,1,4),(6.,7.),(0.,
    1.671164831231E-02,3.327803306227E-02,5.000925566809E-02,
    6.648034363626E-02,8.347574416348E-02,9.998031801332E-02,
    0.116453562429,0.133787455732,0.150582398826,0.167003889564,
    0.183421183117,0.199831572897,0.216243077967,0.232654966281,
    0.249069049,0.265493630469,0.281929899437,0.298422530809,
    0.314972313288,0.331595845732,0.348279560524,0.365009232075,
    0.38168560036,0.398277240471,0.414799735375,0.431302994143,
    0.448140075223,0.464749604184,0.481553115126,0.498808354232,
    0.516050152658,0.532842545742,0.550335828942,0.567153130692,
    0.583652514422,0.600175882991,0.616768685323,0.633448038712,
    0.650182180915,0.666869665762,0.683497438564,0.700056495454,
    0.716547762365,0.732983596882,0.749407921308,0.765822295641,
    0.782233728406,0.798646209918,0.81505724388,0.831476734885,
    0.847901722287,0.864693603231,0.881980563987,0.898448960139,
    0.915352013848,0.932295303855,0.949097785181,0.966200565614,
0.982806308198,1.),.UNSPECIFIED.) GEOMETRIC_REPRESENTATION_ITEM() 
RATIONAL_B_SPLINE_SURFACE((
    (1.,0.999999999979,1.00000000001,0.999999999997,1.000000000001,1.,1.
      ,1.,1.,1.,1.,1.,1.,1.,1.,1.,1.,1.,1.,1.,1.,1.,1.,1.,1.,1.,1.,1.,1.
      ,1.,1.,1.,1.,1.,1.,1.,1.,1.,1.,1.,1.,1.,1.,1.,1.,1.,1.,1.,1.,1.,1.
      ,1.,1.,1.,1.,1.,1.,1.,0.999999999998,1.000000000007,0.999999999976
      ,1.000000000054,1.)
    ,(1.,0.999999999979,1.00000000001,0.999999999997,1.000000000001,1.
      ,1.,1.,1.,1.,1.,1.,1.,1.,1.,1.,1.,1.,1.,1.,1.,1.,1.,1.,1.,1.,1.,1.
      ,1.,1.,1.,1.,1.,1.,1.,1.,1.,1.,1.,1.,1.,1.,1.,1.,1.,1.,1.,1.,1.,1.
      ,1.,1.,1.,1.,1.,1.,1.,1.,0.999999999998,1.000000000007
,0.999999999976,1.000000000054,1.
  ))) REPRESENTATION_ITEM('') SURFACE() );
#1737 = CARTESIAN_POINT('',(-679.0382,2.176699218274,69.841621257756));
#1738 = CARTESIAN_POINT('',(-677.9018430398,0.961388654256,
    69.940898621991));
#1739 = CARTESIAN_POINT('',(-674.6570379481,2.643176685833,
    69.698323210496));
#1740 = CARTESIAN_POINT('',(-670.4801286148,2.349154976477,
    69.666182147701));
#1741 = CARTESIAN_POINT('',(-666.2529876958,1.484319756444,
    69.65649112183));
#1742 = CARTESIAN_POINT('',(-661.8309289879,1.323347725865,
    69.539054779918));
#1743 = CARTESIAN_POINT('',(-657.7320144142,0.891003167634,
    69.465292532535));
#1744 = CARTESIAN_POINT('',(-653.3812140229,1.566634668458,
    69.257316063183));
#1745 = CARTESIAN_POINT('',(-648.9513854559,1.283079453787,
    69.199254208429));
#1746 = CARTESIAN_POINT('',(-644.9070855266,3.453494756864,
    68.803807555367));
#1747 = CARTESIAN_POINT('',(-640.582063889,3.934868535822,
    68.681323423074));
#1748 = CARTESIAN_POINT('',(-636.2554682792,3.986228399791,
    68.659679670751));
#1749 = CARTESIAN_POINT('',(-631.9824711096,4.044208903903,
    68.661602848033));
#1750 = CARTESIAN_POINT('',(-627.7019615338,4.127544611864,
    68.655692260939));
#1751 = CARTESIAN_POINT('',(-623.4245711463,4.148563908443,
    68.670979239384));
#1752 = CARTESIAN_POINT('',(-619.1463832312,4.143247863727,
    68.692823786853));
#1753 = CARTESIAN_POINT('',(-614.8669156658,4.168145840388,
    68.720557054592));
#1754 = CARTESIAN_POINT('',(-610.5898165078,4.239261802014,
    68.747680709268));
#1755 = CARTESIAN_POINT('',(-606.3045105877,4.227672377554,
    68.802370702416));
#1756 = CARTESIAN_POINT('',(-602.0277566031,4.420081790815,
    68.906840660206));
#1757 = CARTESIAN_POINT('',(-597.7466019923,4.490225801055,
    68.737333835987));
#1758 = CARTESIAN_POINT('',(-593.4714143357,4.910933962143,
    69.111324224223));
#1759 = CARTESIAN_POINT('',(-589.1936176105,5.331494095563,
    69.399993109439));
#1760 = CARTESIAN_POINT('',(-584.9304153006,5.881065886209,
    69.704312166387));
#1761 = CARTESIAN_POINT('',(-580.6563793824,6.311928267616,
    70.011829595684));
#1762 = CARTESIAN_POINT('',(-576.3740763318,6.655815848914,
    70.202895938522));
#1763 = CARTESIAN_POINT('',(-572.0987272234,6.591043179297,
    70.393548843188));
#1764 = CARTESIAN_POINT('',(-567.7524952784,6.530713562939,
    70.346553825987));
#1765 = CARTESIAN_POINT('',(-563.5775738445,5.296658725354,
    70.811163422463));
#1766 = CARTESIAN_POINT('',(-559.225311783,5.290703579449,
    70.923399717489));
#1767 = CARTESIAN_POINT('',(-554.9153030247,4.190822504701,
    71.305613536315));
#1768 = CARTESIAN_POINT('',(-550.6950514656,3.662962001503,
    71.372010503451));
#1769 = CARTESIAN_POINT('',(-546.5054520859,2.749830851005,
    71.767209469928));
#1770 = CARTESIAN_POINT('',(-542.014622175,2.897752662455,
    71.655087327962));
#1771 = CARTESIAN_POINT('',(-537.9789076762,1.76251197933,
    71.931880853794));
#1772 = CARTESIAN_POINT('',(-533.6216797195,1.905656390923,
    72.075568036672));
#1773 = CARTESIAN_POINT('',(-529.3043766466,2.12718378358,
    72.513422558233));
#1774 = CARTESIAN_POINT('',(-525.0222934397,2.876535362067,
    72.754394689147));
#1775 = CARTESIAN_POINT('',(-520.7416746921,3.924653230839,
    72.902044663318));
#1776 = CARTESIAN_POINT('',(-516.4671704399,5.217605230996,
    72.89334908492));
#1777 = CARTESIAN_POINT('',(-512.204407681,6.620755146169,72.80883288537
    ));
#1778 = CARTESIAN_POINT('',(-507.9265429784,7.820780689827,
    72.639422672756));
#1779 = CARTESIAN_POINT('',(-503.6502824349,8.911190281163,
    72.570281506983));
#1780 = CARTESIAN_POINT('',(-499.3719688989,9.75477032699,
    72.219249462439));
#1781 = CARTESIAN_POINT('',(-495.0930022696,10.535158440167,
    72.059115190792));
#1782 = CARTESIAN_POINT('',(-490.8081538754,10.802473086653,
    71.775819943703));
#1783 = CARTESIAN_POINT('',(-486.5308534552,11.128434889866,
    71.580343142146));
#1784 = CARTESIAN_POINT('',(-482.2516859036,11.232517991632,
    71.360089475613));
#1785 = CARTESIAN_POINT('',(-477.9730655022,11.235834428185,
    71.154489036328));
#1786 = CARTESIAN_POINT('',(-473.6960456193,11.126097697272,
    70.96023449387));
#1787 = CARTESIAN_POINT('',(-469.4152062773,11.133987080578,
    70.82189636459));
#1788 = CARTESIAN_POINT('',(-465.1421872703,10.996683792896,
    70.657428447499));
#1789 = CARTESIAN_POINT('',(-460.8166932288,10.637127343409,
    70.458239871771));
#1790 = CARTESIAN_POINT('',(-456.4952571487,10.577133421888,
    70.359854113546));
#1791 = CARTESIAN_POINT('',(-452.4504000069,10.595436101535,
    70.270394262448));
#1792 = CARTESIAN_POINT('',(-447.9424683801,9.924118488524,
    70.144270113929));
#1793 = CARTESIAN_POINT('',(-443.7524033406,10.192490083304,
    70.139243726087));
#1794 = CARTESIAN_POINT('',(-439.4974420849,7.570286009187,
    69.807344680772));
#1795 = CARTESIAN_POINT('',(-435.1419433011,6.614947714425,
    69.710207500663));
#1796 = CARTESIAN_POINT('',(-430.9728274171,4.705591491778,
    69.548936175089));
#1797 = CARTESIAN_POINT('',(-426.6766705817,2.847568046157,
    69.34979026254));
#1798 = CARTESIAN_POINT('',(-423.4568555526,4.93444727607,
    69.535035970395));
#1799 = CARTESIAN_POINT('',(-422.3597,1.971800294425,69.259647004824));
#1800 = CARTESIAN_POINT('',(-679.0382,1.78007381919,69.913845365842));
#1801 = CARTESIAN_POINT('',(-677.9018430398,0.367934273623,
    70.04083981192));
#1802 = CARTESIAN_POINT('',(-674.6570379481,2.187083708744,69.7809508031
    ));
#1803 = CARTESIAN_POINT('',(-670.4801286148,1.709473861083,
    69.779139061709));
#1804 = CARTESIAN_POINT('',(-666.2529876958,0.803139011921,
    69.777178113057));
#1805 = CARTESIAN_POINT('',(-661.8309289879,0.687605515044,
    69.657320860547));
#1806 = CARTESIAN_POINT('',(-657.7320144142,1.922577673275E-02,
    69.62758624226));
#1807 = CARTESIAN_POINT('',(-653.3812140229,0.652281068952,
    69.438237237198));
#1808 = CARTESIAN_POINT('',(-648.9513854559,0.335639343727,
    69.396851343155));
#1809 = CARTESIAN_POINT('',(-644.9070855266,2.314516923164,
    69.044423450723));
#1810 = CARTESIAN_POINT('',(-640.582063889,2.617960142942,68.96515611602
    ));
#1811 = CARTESIAN_POINT('',(-636.2554682792,2.680940692949,
    68.954145314404));
#1812 = CARTESIAN_POINT('',(-631.9824711096,2.703389104445,
    68.97429070291));
#1813 = CARTESIAN_POINT('',(-627.7019615338,2.78463304453,
    68.980245650345));
#1814 = CARTESIAN_POINT('',(-623.4245711463,2.793682014794,
    69.011585938083));
#1815 = CARTESIAN_POINT('',(-619.1463832312,2.783336777793,
    69.050973911763));
#1816 = CARTESIAN_POINT('',(-614.8669156658,2.819464764011,
    69.094402792135));
#1817 = CARTESIAN_POINT('',(-610.5898165078,2.916285042739,
    69.13716342522));
#1818 = CARTESIAN_POINT('',(-606.3045105877,2.931636179682,
    69.207196781403));
#1819 = CARTESIAN_POINT('',(-602.0277566031,3.187707839829,
    69.331911496373));
#1820 = CARTESIAN_POINT('',(-597.7466019923,3.308174245411,
    69.15050863739));
#1821 = CARTESIAN_POINT('',(-593.4714143357,3.808151412817,
    69.535571288797));
#1822 = CARTESIAN_POINT('',(-589.1936176105,4.30801727407,
    69.827140883129));
#1823 = CARTESIAN_POINT('',(-584.9304153006,4.9440163057,70.136043957058
    ));
#1824 = CARTESIAN_POINT('',(-580.6563793824,5.464413504165,
    70.449441906567));
#1825 = CARTESIAN_POINT('',(-576.3740763318,5.890814689913,
    70.634139439907));
#1826 = CARTESIAN_POINT('',(-572.0987272234,5.912245392833,
    70.807377927843));
#1827 = CARTESIAN_POINT('',(-567.7524952784,5.882419398144,
    70.680737974647));
#1828 = CARTESIAN_POINT('',(-563.5775738445,4.83380206308,
    71.252084461956));
#1829 = CARTESIAN_POINT('',(-559.225311783,4.955665679327,
    71.387199381027));
#1830 = CARTESIAN_POINT('',(-554.9153030247,3.976440732498,
    71.875997158998));
#1831 = CARTESIAN_POINT('',(-550.6950514656,3.580307076806,
    71.956835480805));
#1832 = CARTESIAN_POINT('',(-546.5054520859,2.869299913326,
    72.451447554787));
#1833 = CARTESIAN_POINT('',(-542.014622175,3.045240179669,
    72.272120648078));
#1834 = CARTESIAN_POINT('',(-537.9789076762,2.020710806094,
    72.559449566883));
#1835 = CARTESIAN_POINT('',(-533.6216797195,2.263617377221,
    72.676135574698));
#1836 = CARTESIAN_POINT('',(-529.3043766466,2.565010338255,
    73.175313585047));
#1837 = CARTESIAN_POINT('',(-525.0222934397,3.391448961064,
    73.458931954957));
#1838 = CARTESIAN_POINT('',(-520.7416746921,4.543188222305,
    73.625447020867));
#1839 = CARTESIAN_POINT('',(-516.4671704399,5.924430729199,
    73.63157526519));
#1840 = CARTESIAN_POINT('',(-512.204407681,7.455018388759,
    73.523559986594));
#1841 = CARTESIAN_POINT('',(-507.9265429784,8.786274138196,
    73.301425632059));
#1842 = CARTESIAN_POINT('',(-503.6502824349,9.983064100442,
    73.201285799332));
#1843 = CARTESIAN_POINT('',(-499.3719688989,10.964828722303,
    72.720683275762));
#1844 = CARTESIAN_POINT('',(-495.0930022696,11.786403146736,
    72.581085852381));
#1845 = CARTESIAN_POINT('',(-490.8081538754,12.090136536521,
    72.272385141061));
#1846 = CARTESIAN_POINT('',(-486.5308534552,12.440482831672,
    72.063408434411));
#1847 = CARTESIAN_POINT('',(-482.2516859036,12.556071015081,
    71.824018127898));
#1848 = CARTESIAN_POINT('',(-477.9730655022,12.561769695816,
    71.60069452184));
#1849 = CARTESIAN_POINT('',(-473.6960456193,12.436535206856,
    71.388300397494));
#1850 = CARTESIAN_POINT('',(-469.4152062773,12.442881375603,
    71.236804819514));
#1851 = CARTESIAN_POINT('',(-465.1421872703,12.273958571103,
    71.054281018521));
#1852 = CARTESIAN_POINT('',(-460.8166932288,11.900406693648,
    70.838659679819));
#1853 = CARTESIAN_POINT('',(-456.4952571487,11.741931647293,
    70.710617166207));
#1854 = CARTESIAN_POINT('',(-452.4504000069,11.563320568665,
    70.577563149471));
#1855 = CARTESIAN_POINT('',(-447.9424683801,10.888243057319,
    70.43801803713));
#1856 = CARTESIAN_POINT('',(-443.7524033406,11.003592832151,
    70.401007484359));
#1857 = CARTESIAN_POINT('',(-439.4974420849,8.19522111931,
    70.034055241795));
#1858 = CARTESIAN_POINT('',(-435.1419433011,7.203855802632,
    69.925835846805));
#1859 = CARTESIAN_POINT('',(-430.9728274171,5.235554946111,
    69.754905627188));
#1860 = CARTESIAN_POINT('',(-426.6766705817,3.213824942791,
    69.532128063302));
#1861 = CARTESIAN_POINT('',(-423.4568555526,5.302087893518,
    69.713674271323));
#1862 = CARTESIAN_POINT('',(-422.3597,2.316171960208,69.436394158608));
#1863 = DEFINITIONAL_REPRESENTATION('',(#1864),#1868);
#1864 = LINE('',#1865,#1866);
#1865 = CARTESIAN_POINT('',(6.,0.));
#1866 = VECTOR('',#1867,1.);
#1867 = DIRECTION('',(0.,1.));
#1868 = ( GEOMETRIC_REPRESENTATION_CONTEXT(2) 
PARAMETRIC_REPRESENTATION_CONTEXT() REPRESENTATION_CONTEXT('2D SPACE',''
  ) );
#1869 = ORIENTED_EDGE('',*,*,#1870,.F.);
#1870 = EDGE_CURVE('',#1407,#1661,#1871,.T.);
#1871 = SURFACE_CURVE('',#1872,(#1875,#1882),.PCURVE_S1.);
#1872 = B_SPLINE_CURVE_WITH_KNOTS('',1,(#1873,#1874),.UNSPECIFIED.,.F.,
  .F.,(2,2),(5.,6.),.PIECEWISE_BEZIER_KNOTS.);
#1873 = CARTESIAN_POINT('',(-422.3597,1.60983552922,69.121587347267));
#1874 = CARTESIAN_POINT('',(-422.3597,1.971800294425,69.259647004824));
#1875 = PCURVE('',#1482,#1876);
#1876 = DEFINITIONAL_REPRESENTATION('',(#1877),#1881);
#1877 = LINE('',#1878,#1879);
#1878 = CARTESIAN_POINT('',(0.,1.));
#1879 = VECTOR('',#1880,1.);
#1880 = DIRECTION('',(1.,0.));
#1881 = ( GEOMETRIC_REPRESENTATION_CONTEXT(2) 
PARAMETRIC_REPRESENTATION_CONTEXT() REPRESENTATION_CONTEXT('2D SPACE',''
  ) );
#1882 = PCURVE('',#401,#1883);
#1883 = DEFINITIONAL_REPRESENTATION('',(#1884),#1887);
#1884 = B_SPLINE_CURVE_WITH_KNOTS('',1,(#1885,#1886),.UNSPECIFIED.,.F.,
  .F.,(2,2),(5.,6.),.PIECEWISE_BEZIER_KNOTS.);
#1885 = CARTESIAN_POINT('',(-1.865567685238,0.515657725108));
#1886 = CARTESIAN_POINT('',(-2.222692032104,0.665794866315));
#1887 = ( GEOMETRIC_REPRESENTATION_CONTEXT(2) 
PARAMETRIC_REPRESENTATION_CONTEXT() REPRESENTATION_CONTEXT('2D SPACE',''
  ) );
#1888 = ORIENTED_EDGE('',*,*,#1406,.F.);
#1889 = ADVANCED_FACE('',(#1890),#1736,.T.);
#1890 = FACE_BOUND('',#1891,.T.);
#1891 = EDGE_LOOP('',(#1892,#1913,#2123,#2142));
#1892 = ORIENTED_EDGE('',*,*,#1893,.T.);
#1893 = EDGE_CURVE('',#1640,#1894,#1896,.T.);
#1894 = VERTEX_POINT('',#1895);
#1895 = CARTESIAN_POINT('',(-679.0382,1.78007381919,69.913845365842));
#1896 = SURFACE_CURVE('',#1897,(#1900,#1907),.PCURVE_S1.);
#1897 = B_SPLINE_CURVE_WITH_KNOTS('',1,(#1898,#1899),.UNSPECIFIED.,.F.,
  .F.,(2,2),(6.,7.),.PIECEWISE_BEZIER_KNOTS.);
#1898 = CARTESIAN_POINT('',(-679.0382,2.176699218274,69.841621257756));
#1899 = CARTESIAN_POINT('',(-679.0382,1.78007381919,69.913845365842));
#1900 = PCURVE('',#1736,#1901);
#1901 = DEFINITIONAL_REPRESENTATION('',(#1902),#1906);
#1902 = LINE('',#1903,#1904);
#1903 = CARTESIAN_POINT('',(0.,0.));
#1904 = VECTOR('',#1905,1.);
#1905 = DIRECTION('',(1.,0.));
#1906 = ( GEOMETRIC_REPRESENTATION_CONTEXT(2) 
PARAMETRIC_REPRESENTATION_CONTEXT() REPRESENTATION_CONTEXT('2D SPACE',''
  ) );
#1907 = PCURVE('',#165,#1908);
#1908 = DEFINITIONAL_REPRESENTATION('',(#1909),#1912);
#1909 = B_SPLINE_CURVE_WITH_KNOTS('',1,(#1910,#1911),.UNSPECIFIED.,.F.,
  .F.,(2,2),(6.,7.),.PIECEWISE_BEZIER_KNOTS.);
#1910 = CARTESIAN_POINT('',(2.356713867301,-0.500882771525));
#1911 = CARTESIAN_POINT('',(2.758256447533,-0.536821403223));
#1912 = ( GEOMETRIC_REPRESENTATION_CONTEXT(2) 
PARAMETRIC_REPRESENTATION_CONTEXT() REPRESENTATION_CONTEXT('2D SPACE',''
  ) );
#1913 = ORIENTED_EDGE('',*,*,#1914,.T.);
#1914 = EDGE_CURVE('',#1894,#1915,#1917,.T.);
#1915 = VERTEX_POINT('',#1916);
#1916 = CARTESIAN_POINT('',(-422.3597,2.316171960208,69.436394158608));
#1917 = SURFACE_CURVE('',#1918,(#1982,#1989),.PCURVE_S1.);
#1918 = ( BOUNDED_CURVE() B_SPLINE_CURVE(3,(#1919,#1920,#1921,#1922,
    #1923,#1924,#1925,#1926,#1927,#1928,#1929,#1930,#1931,#1932,#1933,
    #1934,#1935,#1936,#1937,#1938,#1939,#1940,#1941,#1942,#1943,#1944,
    #1945,#1946,#1947,#1948,#1949,#1950,#1951,#1952,#1953,#1954,#1955,
    #1956,#1957,#1958,#1959,#1960,#1961,#1962,#1963,#1964,#1965,#1966,
    #1967,#1968,#1969,#1970,#1971,#1972,#1973,#1974,#1975,#1976,#1977,
    #1978,#1979,#1980,#1981),.UNSPECIFIED.,.F.,.F.) 
B_SPLINE_CURVE_WITH_KNOTS((4,1,1,1,1,1,1,1,1,1,1,1,1,1,1,1,1,1,1,1,1,1,1
    ,1,1,1,1,1,1,1,1,1,1,1,1,1,1,1,1,1,1,1,1,1,1,1,1,1,1,1,1,1,1,1,1,1,1
    ,1,1,1,4),(0.,1.671164831231E-02,3.327803306227E-02,
    5.000925566809E-02,6.648034363626E-02,8.347574416348E-02,
    9.998031801332E-02,0.116453562429,0.133787455732,0.150582398826,
    0.167003889564,0.183421183117,0.199831572897,0.216243077967,
    0.232654966281,0.249069049,0.265493630469,0.281929899437,
    0.298422530809,0.314972313288,0.331595845732,0.348279560524,
    0.365009232075,0.38168560036,0.398277240471,0.414799735375,
    0.431302994143,0.448140075223,0.464749604184,0.481553115126,
    0.498808354232,0.516050152658,0.532842545742,0.550335828942,
    0.567153130692,0.583652514422,0.600175882991,0.616768685323,
    0.633448038712,0.650182180915,0.666869665762,0.683497438564,
    0.700056495454,0.716547762365,0.732983596882,0.749407921308,
    0.765822295641,0.782233728406,0.798646209918,0.81505724388,
    0.831476734885,0.847901722287,0.864693603231,0.881980563987,
    0.898448960139,0.915352013848,0.932295303855,0.949097785181,
0.966200565614,0.982806308198,1.),.UNSPECIFIED.) CURVE() 
GEOMETRIC_REPRESENTATION_ITEM() RATIONAL_B_SPLINE_CURVE((1.,
    0.999999999979,1.00000000001,0.999999999997,1.000000000001,1.,1.,1.,
    1.,1.,1.,1.,1.,1.,1.,1.,1.,1.,1.,1.,1.,1.,1.,1.,1.,1.,1.,1.,1.,1.,1.
    ,1.,1.,1.,1.,1.,1.,1.,1.,1.,1.,1.,1.,1.,1.,1.,1.,1.,1.,1.,1.,1.,1.,
    1.,1.,1.,1.,1.,0.999999999998,1.000000000007,0.999999999976,
1.000000000054,1.)) REPRESENTATION_ITEM('') );
#1919 = CARTESIAN_POINT('',(-679.0382,1.78007381919,69.913845365842));
#1920 = CARTESIAN_POINT('',(-677.9018430398,0.367934273623,
    70.04083981192));
#1921 = CARTESIAN_POINT('',(-674.6570379481,2.187083708744,69.7809508031
    ));
#1922 = CARTESIAN_POINT('',(-670.4801286148,1.709473861083,
    69.779139061709));
#1923 = CARTESIAN_POINT('',(-666.2529876958,0.803139011921,
    69.777178113057));
#1924 = CARTESIAN_POINT('',(-661.8309289879,0.687605515044,
    69.657320860547));
#1925 = CARTESIAN_POINT('',(-657.7320144142,1.922577673275E-02,
    69.62758624226));
#1926 = CARTESIAN_POINT('',(-653.3812140229,0.652281068952,
    69.438237237198));
#1927 = CARTESIAN_POINT('',(-648.9513854559,0.335639343727,
    69.396851343155));
#1928 = CARTESIAN_POINT('',(-644.9070855266,2.314516923164,
    69.044423450723));
#1929 = CARTESIAN_POINT('',(-640.582063889,2.617960142942,68.96515611602
    ));
#1930 = CARTESIAN_POINT('',(-636.2554682792,2.680940692949,
    68.954145314404));
#1931 = CARTESIAN_POINT('',(-631.9824711096,2.703389104445,
    68.97429070291));
#1932 = CARTESIAN_POINT('',(-627.7019615338,2.78463304453,
    68.980245650345));
#1933 = CARTESIAN_POINT('',(-623.4245711463,2.793682014794,
    69.011585938083));
#1934 = CARTESIAN_POINT('',(-619.1463832312,2.783336777793,
    69.050973911763));
#1935 = CARTESIAN_POINT('',(-614.8669156658,2.819464764011,
    69.094402792135));
#1936 = CARTESIAN_POINT('',(-610.5898165078,2.916285042739,
    69.13716342522));
#1937 = CARTESIAN_POINT('',(-606.3045105877,2.931636179682,
    69.207196781403));
#1938 = CARTESIAN_POINT('',(-602.0277566031,3.187707839829,
    69.331911496373));
#1939 = CARTESIAN_POINT('',(-597.7466019923,3.308174245411,
    69.15050863739));
#1940 = CARTESIAN_POINT('',(-593.4714143357,3.808151412817,
    69.535571288797));
#1941 = CARTESIAN_POINT('',(-589.1936176105,4.30801727407,
    69.827140883129));
#1942 = CARTESIAN_POINT('',(-584.9304153006,4.9440163057,70.136043957058
    ));
#1943 = CARTESIAN_POINT('',(-580.6563793824,5.464413504165,
    70.449441906567));
#1944 = CARTESIAN_POINT('',(-576.3740763318,5.890814689913,
    70.634139439907));
#1945 = CARTESIAN_POINT('',(-572.0987272234,5.912245392833,
    70.807377927843));
#1946 = CARTESIAN_POINT('',(-567.7524952784,5.882419398144,
    70.680737974647));
#1947 = CARTESIAN_POINT('',(-563.5775738445,4.83380206308,
    71.252084461956));
#1948 = CARTESIAN_POINT('',(-559.225311783,4.955665679327,
    71.387199381027));
#1949 = CARTESIAN_POINT('',(-554.9153030247,3.976440732498,
    71.875997158998));
#1950 = CARTESIAN_POINT('',(-550.6950514656,3.580307076806,
    71.956835480805));
#1951 = CARTESIAN_POINT('',(-546.5054520859,2.869299913326,
    72.451447554787));
#1952 = CARTESIAN_POINT('',(-542.014622175,3.045240179669,
    72.272120648078));
#1953 = CARTESIAN_POINT('',(-537.9789076762,2.020710806094,
    72.559449566883));
#1954 = CARTESIAN_POINT('',(-533.6216797195,2.263617377221,
    72.676135574698));
#1955 = CARTESIAN_POINT('',(-529.3043766466,2.565010338255,
    73.175313585047));
#1956 = CARTESIAN_POINT('',(-525.0222934397,3.391448961064,
    73.458931954957));
#1957 = CARTESIAN_POINT('',(-520.7416746921,4.543188222305,
    73.625447020867));
#1958 = CARTESIAN_POINT('',(-516.4671704399,5.924430729199,
    73.63157526519));
#1959 = CARTESIAN_POINT('',(-512.204407681,7.455018388759,
    73.523559986594));
#1960 = CARTESIAN_POINT('',(-507.9265429784,8.786274138196,
    73.301425632059));
#1961 = CARTESIAN_POINT('',(-503.6502824349,9.983064100442,
    73.201285799332));
#1962 = CARTESIAN_POINT('',(-499.3719688989,10.964828722303,
    72.720683275762));
#1963 = CARTESIAN_POINT('',(-495.0930022696,11.786403146736,
    72.581085852381));
#1964 = CARTESIAN_POINT('',(-490.8081538754,12.090136536521,
    72.272385141061));
#1965 = CARTESIAN_POINT('',(-486.5308534552,12.440482831672,
    72.063408434411));
#1966 = CARTESIAN_POINT('',(-482.2516859036,12.556071015081,
    71.824018127898));
#1967 = CARTESIAN_POINT('',(-477.9730655022,12.561769695816,
    71.60069452184));
#1968 = CARTESIAN_POINT('',(-473.6960456193,12.436535206856,
    71.388300397494));
#1969 = CARTESIAN_POINT('',(-469.4152062773,12.442881375603,
    71.236804819514));
#1970 = CARTESIAN_POINT('',(-465.1421872703,12.273958571103,
    71.054281018521));
#1971 = CARTESIAN_POINT('',(-460.8166932288,11.900406693648,
    70.838659679819));
#1972 = CARTESIAN_POINT('',(-456.4952571487,11.741931647293,
    70.710617166207));
#1973 = CARTESIAN_POINT('',(-452.4504000069,11.563320568665,
    70.577563149471));
#1974 = CARTESIAN_POINT('',(-447.9424683801,10.888243057319,
    70.43801803713));
#1975 = CARTESIAN_POINT('',(-443.7524033406,11.003592832151,
    70.401007484359));
#1976 = CARTESIAN_POINT('',(-439.4974420849,8.19522111931,
    70.034055241795));
#1977 = CARTESIAN_POINT('',(-435.1419433011,7.203855802632,
    69.925835846805));
#1978 = CARTESIAN_POINT('',(-430.9728274171,5.235554946111,
    69.754905627188));
#1979 = CARTESIAN_POINT('',(-426.6766705817,3.213824942791,
    69.532128063302));
#1980 = CARTESIAN_POINT('',(-423.4568555526,5.302087893518,
    69.713674271323));
#1981 = CARTESIAN_POINT('',(-422.3597,2.316171960208,69.436394158608));
#1982 = PCURVE('',#1736,#1983);
#1983 = DEFINITIONAL_REPRESENTATION('',(#1984),#1988);
#1984 = LINE('',#1985,#1986);
#1985 = CARTESIAN_POINT('',(7.,0.));
#1986 = VECTOR('',#1987,1.);
#1987 = DIRECTION('',(0.,1.));
#1988 = ( GEOMETRIC_REPRESENTATION_CONTEXT(2) 
PARAMETRIC_REPRESENTATION_CONTEXT() REPRESENTATION_CONTEXT('2D SPACE',''
  ) );
#1989 = PCURVE('',#1990,#2117);
#1990 = ( BOUNDED_SURFACE() B_SPLINE_SURFACE(1,3,(
    (#1991,#1992,#1993,#1994,#1995,#1996,#1997,#1998,#1999,#2000,#2001
      ,#2002,#2003,#2004,#2005,#2006,#2007,#2008,#2009,#2010,#2011,#2012
      ,#2013,#2014,#2015,#2016,#2017,#2018,#2019,#2020,#2021,#2022,#2023
      ,#2024,#2025,#2026,#2027,#2028,#2029,#2030,#2031,#2032,#2033,#2034
      ,#2035,#2036,#2037,#2038,#2039,#2040,#2041,#2042,#2043,#2044,#2045
      ,#2046,#2047,#2048,#2049,#2050,#2051,#2052,#2053)
    ,(#2054,#2055,#2056,#2057,#2058,#2059,#2060,#2061,#2062,#2063,#2064
      ,#2065,#2066,#2067,#2068,#2069,#2070,#2071,#2072,#2073,#2074,#2075
      ,#2076,#2077,#2078,#2079,#2080,#2081,#2082,#2083,#2084,#2085,#2086
      ,#2087,#2088,#2089,#2090,#2091,#2092,#2093,#2094,#2095,#2096,#2097
      ,#2098,#2099,#2100,#2101,#2102,#2103,#2104,#2105,#2106,#2107,#2108
      ,#2109,#2110,#2111,#2112,#2113,#2114,#2115,#2116
)),.UNSPECIFIED.,.F.,.F.,.F.) B_SPLINE_SURFACE_WITH_KNOTS((2,2),(4,1,1,1
    ,1,1,1,1,1,1,1,1,1,1,1,1,1,1,1,1,1,1,1,1,1,1,1,1,1,1,1,1,1,1,1,1,1,1
    ,1,1,1,1,1,1,1,1,1,1,1,1,1,1,1,1,1,1,1,1,1,1,4),(7.,8.),(0.,
    1.671164831231E-02,3.327803306227E-02,5.000925566809E-02,
    6.648034363626E-02,8.347574416348E-02,9.998031801332E-02,
    0.116453562429,0.133787455732,0.150582398826,0.167003889564,
    0.183421183117,0.199831572897,0.216243077967,0.232654966281,
    0.249069049,0.265493630469,0.281929899437,0.298422530809,
    0.314972313288,0.331595845732,0.348279560524,0.365009232075,
    0.38168560036,0.398277240471,0.414799735375,0.431302994143,
    0.448140075223,0.464749604184,0.481553115126,0.498808354232,
    0.516050152658,0.532842545742,0.550335828942,0.567153130692,
    0.583652514422,0.600175882991,0.616768685323,0.633448038712,
    0.650182180915,0.666869665762,0.683497438564,0.700056495454,
    0.716547762365,0.732983596882,0.749407921308,0.765822295641,
    0.782233728406,0.798646209918,0.81505724388,0.831476734885,
    0.847901722287,0.864693603231,0.881980563987,0.898448960139,
    0.915352013848,0.932295303855,0.949097785181,0.966200565614,
0.982806308198,1.),.UNSPECIFIED.) GEOMETRIC_REPRESENTATION_ITEM() 
RATIONAL_B_SPLINE_SURFACE((
    (1.,0.999999999979,1.00000000001,0.999999999997,1.000000000001,1.,1.
      ,1.,1.,1.,1.,1.,1.,1.,1.,1.,1.,1.,1.,1.,1.,1.,1.,1.,1.,1.,1.,1.,1.
      ,1.,1.,1.,1.,1.,1.,1.,1.,1.,1.,1.,1.,1.,1.,1.,1.,1.,1.,1.,1.,1.,1.
      ,1.,1.,1.,1.,1.,1.,1.,0.999999999998,1.000000000007,0.999999999976
      ,1.000000000054,1.)
    ,(1.,0.999999999979,1.00000000001,0.999999999997,1.000000000001,1.
      ,1.,1.,1.,1.,1.,1.,1.,1.,1.,1.,1.,1.,1.,1.,1.,1.,1.,1.,1.,1.,1.,1.
      ,1.,1.,1.,1.,1.,1.,1.,1.,1.,1.,1.,1.,1.,1.,1.,1.,1.,1.,1.,1.,1.,1.
      ,1.,1.,1.,1.,1.,1.,1.,1.,0.999999999998,1.000000000007
,0.999999999976,1.000000000054,1.
  ))) REPRESENTATION_ITEM('') SURFACE() );
#1991 = CARTESIAN_POINT('',(-679.0382,1.78007381919,69.913845365842));
#1992 = CARTESIAN_POINT('',(-677.9018430398,0.367934273623,
    70.04083981192));
#1993 = CARTESIAN_POINT('',(-674.6570379481,2.187083708744,69.7809508031
    ));
#1994 = CARTESIAN_POINT('',(-670.4801286148,1.709473861083,
    69.779139061709));
#1995 = CARTESIAN_POINT('',(-666.2529876958,0.803139011921,
    69.777178113057));
#1996 = CARTESIAN_POINT('',(-661.8309289879,0.687605515044,
    69.657320860547));
#1997 = CARTESIAN_POINT('',(-657.7320144142,1.922577673275E-02,
    69.62758624226));
#1998 = CARTESIAN_POINT('',(-653.3812140229,0.652281068952,
    69.438237237198));
#1999 = CARTESIAN_POINT('',(-648.9513854559,0.335639343727,
    69.396851343155));
#2000 = CARTESIAN_POINT('',(-644.9070855266,2.314516923164,
    69.044423450723));
#2001 = CARTESIAN_POINT('',(-640.582063889,2.617960142942,68.96515611602
    ));
#2002 = CARTESIAN_POINT('',(-636.2554682792,2.680940692949,
    68.954145314404));
#2003 = CARTESIAN_POINT('',(-631.9824711096,2.703389104445,
    68.97429070291));
#2004 = CARTESIAN_POINT('',(-627.7019615338,2.78463304453,
    68.980245650345));
#2005 = CARTESIAN_POINT('',(-623.4245711463,2.793682014794,
    69.011585938083));
#2006 = CARTESIAN_POINT('',(-619.1463832312,2.783336777793,
    69.050973911763));
#2007 = CARTESIAN_POINT('',(-614.8669156658,2.819464764011,
    69.094402792135));
#2008 = CARTESIAN_POINT('',(-610.5898165078,2.916285042739,
    69.13716342522));
#2009 = CARTESIAN_POINT('',(-606.3045105877,2.931636179682,
    69.207196781403));
#2010 = CARTESIAN_POINT('',(-602.0277566031,3.187707839829,
    69.331911496373));
#2011 = CARTESIAN_POINT('',(-597.7466019923,3.308174245411,
    69.15050863739));
#2012 = CARTESIAN_POINT('',(-593.4714143357,3.808151412817,
    69.535571288797));
#2013 = CARTESIAN_POINT('',(-589.1936176105,4.30801727407,
    69.827140883129));
#2014 = CARTESIAN_POINT('',(-584.9304153006,4.9440163057,70.136043957058
    ));
#2015 = CARTESIAN_POINT('',(-580.6563793824,5.464413504165,
    70.449441906567));
#2016 = CARTESIAN_POINT('',(-576.3740763318,5.890814689913,
    70.634139439907));
#2017 = CARTESIAN_POINT('',(-572.0987272234,5.912245392833,
    70.807377927843));
#2018 = CARTESIAN_POINT('',(-567.7524952784,5.882419398144,
    70.680737974647));
#2019 = CARTESIAN_POINT('',(-563.5775738445,4.83380206308,
    71.252084461956));
#2020 = CARTESIAN_POINT('',(-559.225311783,4.955665679327,
    71.387199381027));
#2021 = CARTESIAN_POINT('',(-554.9153030247,3.976440732498,
    71.875997158998));
#2022 = CARTESIAN_POINT('',(-550.6950514656,3.580307076806,
    71.956835480805));
#2023 = CARTESIAN_POINT('',(-546.5054520859,2.869299913326,
    72.451447554787));
#2024 = CARTESIAN_POINT('',(-542.014622175,3.045240179669,
    72.272120648078));
#2025 = CARTESIAN_POINT('',(-537.9789076762,2.020710806094,
    72.559449566883));
#2026 = CARTESIAN_POINT('',(-533.6216797195,2.263617377221,
    72.676135574698));
#2027 = CARTESIAN_POINT('',(-529.3043766466,2.565010338255,
    73.175313585047));
#2028 = CARTESIAN_POINT('',(-525.0222934397,3.391448961064,
    73.458931954957));
#2029 = CARTESIAN_POINT('',(-520.7416746921,4.543188222305,
    73.625447020867));
#2030 = CARTESIAN_POINT('',(-516.4671704399,5.924430729199,
    73.63157526519));
#2031 = CARTESIAN_POINT('',(-512.204407681,7.455018388759,
    73.523559986594));
#2032 = CARTESIAN_POINT('',(-507.9265429784,8.786274138196,
    73.301425632059));
#2033 = CARTESIAN_POINT('',(-503.6502824349,9.983064100442,
    73.201285799332));
#2034 = CARTESIAN_POINT('',(-499.3719688989,10.964828722303,
    72.720683275762));
#2035 = CARTESIAN_POINT('',(-495.0930022696,11.786403146736,
    72.581085852381));
#2036 = CARTESIAN_POINT('',(-490.8081538754,12.090136536521,
    72.272385141061));
#2037 = CARTESIAN_POINT('',(-486.5308534552,12.440482831672,
    72.063408434411));
#2038 = CARTESIAN_POINT('',(-482.2516859036,12.556071015081,
    71.824018127898));
#2039 = CARTESIAN_POINT('',(-477.9730655022,12.561769695816,
    71.60069452184));
#2040 = CARTESIAN_POINT('',(-473.6960456193,12.436535206856,
    71.388300397494));
#2041 = CARTESIAN_POINT('',(-469.4152062773,12.442881375603,
    71.236804819514));
#2042 = CARTESIAN_POINT('',(-465.1421872703,12.273958571103,
    71.054281018521));
#2043 = CARTESIAN_POINT('',(-460.8166932288,11.900406693648,
    70.838659679819));
#2044 = CARTESIAN_POINT('',(-456.4952571487,11.741931647293,
    70.710617166207));
#2045 = CARTESIAN_POINT('',(-452.4504000069,11.563320568665,
    70.577563149471));
#2046 = CARTESIAN_POINT('',(-447.9424683801,10.888243057319,
    70.43801803713));
#2047 = CARTESIAN_POINT('',(-443.7524033406,11.003592832151,
    70.401007484359));
#2048 = CARTESIAN_POINT('',(-439.4974420849,8.19522111931,
    70.034055241795));
#2049 = CARTESIAN_POINT('',(-435.1419433011,7.203855802632,
    69.925835846805));
#2050 = CARTESIAN_POINT('',(-430.9728274171,5.235554946111,
    69.754905627188));
#2051 = CARTESIAN_POINT('',(-426.6766705817,3.213824942791,
    69.532128063302));
#2052 = CARTESIAN_POINT('',(-423.4568555526,5.302087893518,
    69.713674271323));
#2053 = CARTESIAN_POINT('',(-422.3597,2.316171960208,69.436394158608));
#2054 = CARTESIAN_POINT('',(-679.0382,1.382034995159,69.977828125052));
#2055 = CARTESIAN_POINT('',(-677.9018430398,-0.226806276206,
    70.132743778513));
#2056 = CARTESIAN_POINT('',(-674.6570379481,1.729611246556,
    69.855563842205));
#2057 = CARTESIAN_POINT('',(-670.4801286148,1.068452748438,
    69.884225808371));
#2058 = CARTESIAN_POINT('',(-666.2529876958,0.120617232619,
    69.890033135216));
#2059 = CARTESIAN_POINT('',(-661.8309289879,5.045270162136E-02,
    69.767741873503));
#2060 = CARTESIAN_POINT('',(-657.7320144142,-0.853953978139,
    69.782175222617));
#2061 = CARTESIAN_POINT('',(-653.3812140229,-0.263560816537,
    69.611473359014));
#2062 = CARTESIAN_POINT('',(-648.9513854559,-0.61336677278,
    69.586795959839));
#2063 = CARTESIAN_POINT('',(-644.9070855266,1.173957246837,
    69.277436926878));
#2064 = CARTESIAN_POINT('',(-640.582063889,1.299441289932,69.24141638209
    ));
#2065 = CARTESIAN_POINT('',(-636.2554682792,1.373970558346,
    69.241052604912));
#2066 = CARTESIAN_POINT('',(-631.9824711096,1.360832513248,
    69.279438035053));
#2067 = CARTESIAN_POINT('',(-627.7019615338,1.43992358278,
    69.297270335711));
#2068 = CARTESIAN_POINT('',(-623.4245711463,1.436937383287,
    69.344692563521));
#2069 = CARTESIAN_POINT('',(-619.1463832312,1.421463878986,
    69.401608446719));
#2070 = CARTESIAN_POINT('',(-614.8669156658,1.468782860378,
    69.46089889182));
#2071 = CARTESIAN_POINT('',(-610.5898165078,1.590976181217,
    69.518800494951));
#2072 = CARTESIAN_POINT('',(-606.3045105877,1.633941344107,
    69.60618249723));
#2073 = CARTESIAN_POINT('',(-602.0277566031,1.950480116284,
    69.743811644152));
#2074 = CARTESIAN_POINT('',(-597.7466019923,2.13241015873,
    69.578267134897));
#2075 = CARTESIAN_POINT('',(-593.4714143357,2.705656464657,
    69.962495375862));
#2076 = CARTESIAN_POINT('',(-589.1936176105,3.276748423313,
    70.238369536067));
#2077 = CARTESIAN_POINT('',(-584.9304153006,4.00159369531,
    70.559072008175));
#2078 = CARTESIAN_POINT('',(-580.6563793824,4.601133563503,
    70.854698293367));
#2079 = CARTESIAN_POINT('',(-576.3740763318,5.112410324799,
    71.03855144994));
#2080 = CARTESIAN_POINT('',(-572.0987272234,5.222155331486,
    71.199908869556));
#2081 = CARTESIAN_POINT('',(-567.7524952784,5.221780533328,
    70.992571150051));
#2082 = CARTESIAN_POINT('',(-563.5775738445,4.364299008345,
    71.677688489021));
#2083 = CARTESIAN_POINT('',(-559.225311783,4.605459835526,
    71.834253341364));
#2084 = CARTESIAN_POINT('',(-554.9153030247,3.786032206462,
    72.443123449266));
#2085 = CARTESIAN_POINT('',(-550.6950514656,3.36920610959,
    72.483858154856));
#2086 = CARTESIAN_POINT('',(-546.5054520859,2.70657318281,
    73.068184997854));
#2087 = CARTESIAN_POINT('',(-542.014622175,2.899320292951,
    72.836659791752));
#2088 = CARTESIAN_POINT('',(-537.9789076762,1.979900927015,
    73.151423557758));
#2089 = CARTESIAN_POINT('',(-533.6216797195,2.243208035706,
    73.238794557321));
#2090 = CARTESIAN_POINT('',(-529.3043766466,2.726955233055,
    73.890078443897));
#2091 = CARTESIAN_POINT('',(-525.0222934397,3.736796704224,
    74.269447515557));
#2092 = CARTESIAN_POINT('',(-520.7416746921,4.942298720831,
    74.477129655977));
#2093 = CARTESIAN_POINT('',(-516.4671704399,6.421351994726,
    74.504378374923));
#2094 = CARTESIAN_POINT('',(-512.204407681,8.081850785609,74.39004979552
    ));
#2095 = CARTESIAN_POINT('',(-507.9265429784,9.57987980143,
    74.129711470191));
#2096 = CARTESIAN_POINT('',(-503.6502824349,10.90383548707,
    73.981000146078));
#2097 = CARTESIAN_POINT('',(-499.3719688989,12.084942372398,
    73.374801820814));
#2098 = CARTESIAN_POINT('',(-495.0930022696,12.937289950274,
    73.25869708524));
#2099 = CARTESIAN_POINT('',(-490.8081538754,13.284817696956,
    72.926721709348));
#2100 = CARTESIAN_POINT('',(-486.5308534552,13.661427404755,
    72.705990231799));
#2101 = CARTESIAN_POINT('',(-482.2516859036,13.791276921973,
    72.448852475351));
#2102 = CARTESIAN_POINT('',(-477.9730655022,13.801278011444,
    72.208875632714));
#2103 = CARTESIAN_POINT('',(-473.6960456193,13.661749581632,
    71.978924200274));
#2104 = CARTESIAN_POINT('',(-469.4152062773,13.667904751164,
    71.81496187573));
#2105 = CARTESIAN_POINT('',(-465.1421872703,13.467842313906,
    71.614551279986));
#2106 = CARTESIAN_POINT('',(-460.8166932288,13.081460146715,
    71.38301947618));
#2107 = CARTESIAN_POINT('',(-456.4952571487,12.823226886218,
    71.224492091926));
#2108 = CARTESIAN_POINT('',(-452.4504000069,12.442211698515,
    71.043847182853));
#2109 = CARTESIAN_POINT('',(-447.9424683801,11.765015050921,
    70.891578993504));
#2110 = CARTESIAN_POINT('',(-443.7524033406,11.722593704625,
    70.818637878024));
#2111 = CARTESIAN_POINT('',(-439.4974420849,8.719746664514,
    70.40735623273));
#2112 = CARTESIAN_POINT('',(-435.1419433011,7.692258087354,
    70.28519440128));
#2113 = CARTESIAN_POINT('',(-430.9728274171,5.659896550471,
    70.101164184194));
#2114 = CARTESIAN_POINT('',(-426.6766705817,3.474664473935,
    69.832789747508));
#2115 = CARTESIAN_POINT('',(-423.4568555526,5.584331167448,
    69.989478442714));
#2116 = CARTESIAN_POINT('',(-422.3597,2.559134652607,69.721422357888));
#2117 = DEFINITIONAL_REPRESENTATION('',(#2118),#2122);
#2118 = LINE('',#2119,#2120);
#2119 = CARTESIAN_POINT('',(7.,0.));
#2120 = VECTOR('',#2121,1.);
#2121 = DIRECTION('',(0.,1.));
#2122 = ( GEOMETRIC_REPRESENTATION_CONTEXT(2) 
PARAMETRIC_REPRESENTATION_CONTEXT() REPRESENTATION_CONTEXT('2D SPACE',''
  ) );
#2123 = ORIENTED_EDGE('',*,*,#2124,.F.);
#2124 = EDGE_CURVE('',#1661,#1915,#2125,.T.);
#2125 = SURFACE_CURVE('',#2126,(#2129,#2136),.PCURVE_S1.);
#2126 = B_SPLINE_CURVE_WITH_KNOTS('',1,(#2127,#2128),.UNSPECIFIED.,.F.,
  .F.,(2,2),(6.,7.),.PIECEWISE_BEZIER_KNOTS.);
#2127 = CARTESIAN_POINT('',(-422.3597,1.971800294425,69.259647004824));
#2128 = CARTESIAN_POINT('',(-422.3597,2.316171960208,69.436394158608));
#2129 = PCURVE('',#1736,#2130);
#2130 = DEFINITIONAL_REPRESENTATION('',(#2131),#2135);
#2131 = LINE('',#2132,#2133);
#2132 = CARTESIAN_POINT('',(0.,1.));
#2133 = VECTOR('',#2134,1.);
#2134 = DIRECTION('',(1.,0.));
#2135 = ( GEOMETRIC_REPRESENTATION_CONTEXT(2) 
PARAMETRIC_REPRESENTATION_CONTEXT() REPRESENTATION_CONTEXT('2D SPACE',''
  ) );
#2136 = PCURVE('',#401,#2137);
#2137 = DEFINITIONAL_REPRESENTATION('',(#2138),#2141);
#2138 = B_SPLINE_CURVE_WITH_KNOTS('',1,(#2139,#2140),.UNSPECIFIED.,.F.,
  .F.,(2,2),(6.,7.),.PIECEWISE_BEZIER_KNOTS.);
#2139 = CARTESIAN_POINT('',(-2.222692032104,0.665794866315));
#2140 = CARTESIAN_POINT('',(-2.560934014805,0.854006878961));
#2141 = ( GEOMETRIC_REPRESENTATION_CONTEXT(2) 
PARAMETRIC_REPRESENTATION_CONTEXT() REPRESENTATION_CONTEXT('2D SPACE',''
  ) );
#2142 = ORIENTED_EDGE('',*,*,#1660,.F.);
#2143 = ADVANCED_FACE('',(#2144),#1990,.T.);
#2144 = FACE_BOUND('',#2145,.T.);
#2145 = EDGE_LOOP('',(#2146,#2167,#2377,#2396));
#2146 = ORIENTED_EDGE('',*,*,#2147,.T.);
#2147 = EDGE_CURVE('',#1894,#2148,#2150,.T.);
#2148 = VERTEX_POINT('',#2149);
#2149 = CARTESIAN_POINT('',(-679.0382,1.382034995159,69.977828125052));
#2150 = SURFACE_CURVE('',#2151,(#2154,#2161),.PCURVE_S1.);
#2151 = B_SPLINE_CURVE_WITH_KNOTS('',1,(#2152,#2153),.UNSPECIFIED.,.F.,
  .F.,(2,2),(7.,8.),.PIECEWISE_BEZIER_KNOTS.);
#2152 = CARTESIAN_POINT('',(-679.0382,1.78007381919,69.913845365842));
#2153 = CARTESIAN_POINT('',(-679.0382,1.382034995159,69.977828125052));
#2154 = PCURVE('',#1990,#2155);
#2155 = DEFINITIONAL_REPRESENTATION('',(#2156),#2160);
#2156 = LINE('',#2157,#2158);
#2157 = CARTESIAN_POINT('',(0.,0.));
#2158 = VECTOR('',#2159,1.);
#2159 = DIRECTION('',(1.,0.));
#2160 = ( GEOMETRIC_REPRESENTATION_CONTEXT(2) 
PARAMETRIC_REPRESENTATION_CONTEXT() REPRESENTATION_CONTEXT('2D SPACE',''
  ) );
#2161 = PCURVE('',#165,#2162);
#2162 = DEFINITIONAL_REPRESENTATION('',(#2163),#2166);
#2163 = B_SPLINE_CURVE_WITH_KNOTS('',1,(#2164,#2165),.UNSPECIFIED.,.F.,
  .F.,(2,2),(7.,8.),.PIECEWISE_BEZIER_KNOTS.);
#2164 = CARTESIAN_POINT('',(2.758256447533,-0.536821403223));
#2165 = CARTESIAN_POINT('',(3.160458848802,-0.564424434308));
#2166 = ( GEOMETRIC_REPRESENTATION_CONTEXT(2) 
PARAMETRIC_REPRESENTATION_CONTEXT() REPRESENTATION_CONTEXT('2D SPACE',''
  ) );
#2167 = ORIENTED_EDGE('',*,*,#2168,.T.);
#2168 = EDGE_CURVE('',#2148,#2169,#2171,.T.);
#2169 = VERTEX_POINT('',#2170);
#2170 = CARTESIAN_POINT('',(-422.3597,2.559134652607,69.721422357888));
#2171 = SURFACE_CURVE('',#2172,(#2236,#2243),.PCURVE_S1.);
#2172 = ( BOUNDED_CURVE() B_SPLINE_CURVE(3,(#2173,#2174,#2175,#2176,
    #2177,#2178,#2179,#2180,#2181,#2182,#2183,#2184,#2185,#2186,#2187,
    #2188,#2189,#2190,#2191,#2192,#2193,#2194,#2195,#2196,#2197,#2198,
    #2199,#2200,#2201,#2202,#2203,#2204,#2205,#2206,#2207,#2208,#2209,
    #2210,#2211,#2212,#2213,#2214,#2215,#2216,#2217,#2218,#2219,#2220,
    #2221,#2222,#2223,#2224,#2225,#2226,#2227,#2228,#2229,#2230,#2231,
    #2232,#2233,#2234,#2235),.UNSPECIFIED.,.F.,.F.) 
B_SPLINE_CURVE_WITH_KNOTS((4,1,1,1,1,1,1,1,1,1,1,1,1,1,1,1,1,1,1,1,1,1,1
    ,1,1,1,1,1,1,1,1,1,1,1,1,1,1,1,1,1,1,1,1,1,1,1,1,1,1,1,1,1,1,1,1,1,1
    ,1,1,1,4),(0.,1.671164831231E-02,3.327803306227E-02,
    5.000925566809E-02,6.648034363626E-02,8.347574416348E-02,
    9.998031801332E-02,0.116453562429,0.133787455732,0.150582398826,
    0.167003889564,0.183421183117,0.199831572897,0.216243077967,
    0.232654966281,0.249069049,0.265493630469,0.281929899437,
    0.298422530809,0.314972313288,0.331595845732,0.348279560524,
    0.365009232075,0.38168560036,0.398277240471,0.414799735375,
    0.431302994143,0.448140075223,0.464749604184,0.481553115126,
    0.498808354232,0.516050152658,0.532842545742,0.550335828942,
    0.567153130692,0.583652514422,0.600175882991,0.616768685323,
    0.633448038712,0.650182180915,0.666869665762,0.683497438564,
    0.700056495454,0.716547762365,0.732983596882,0.749407921308,
    0.765822295641,0.782233728406,0.798646209918,0.81505724388,
    0.831476734885,0.847901722287,0.864693603231,0.881980563987,
    0.898448960139,0.915352013848,0.932295303855,0.949097785181,
0.966200565614,0.982806308198,1.),.UNSPECIFIED.) CURVE() 
GEOMETRIC_REPRESENTATION_ITEM() RATIONAL_B_SPLINE_CURVE((1.,
    0.999999999979,1.00000000001,0.999999999997,1.000000000001,1.,1.,1.,
    1.,1.,1.,1.,1.,1.,1.,1.,1.,1.,1.,1.,1.,1.,1.,1.,1.,1.,1.,1.,1.,1.,1.
    ,1.,1.,1.,1.,1.,1.,1.,1.,1.,1.,1.,1.,1.,1.,1.,1.,1.,1.,1.,1.,1.,1.,
    1.,1.,1.,1.,1.,0.999999999998,1.000000000007,0.999999999976,
1.000000000054,1.)) REPRESENTATION_ITEM('') );
#2173 = CARTESIAN_POINT('',(-679.0382,1.382034995159,69.977828125052));
#2174 = CARTESIAN_POINT('',(-677.9018430398,-0.226806276206,
    70.132743778513));
#2175 = CARTESIAN_POINT('',(-674.6570379481,1.729611246556,
    69.855563842205));
#2176 = CARTESIAN_POINT('',(-670.4801286148,1.068452748438,
    69.884225808371));
#2177 = CARTESIAN_POINT('',(-666.2529876958,0.120617232619,
    69.890033135216));
#2178 = CARTESIAN_POINT('',(-661.8309289879,5.045270162136E-02,
    69.767741873503));
#2179 = CARTESIAN_POINT('',(-657.7320144142,-0.853953978139,
    69.782175222617));
#2180 = CARTESIAN_POINT('',(-653.3812140229,-0.263560816537,
    69.611473359014));
#2181 = CARTESIAN_POINT('',(-648.9513854559,-0.61336677278,
    69.586795959839));
#2182 = CARTESIAN_POINT('',(-644.9070855266,1.173957246837,
    69.277436926878));
#2183 = CARTESIAN_POINT('',(-640.582063889,1.299441289932,69.24141638209
    ));
#2184 = CARTESIAN_POINT('',(-636.2554682792,1.373970558346,
    69.241052604912));
#2185 = CARTESIAN_POINT('',(-631.9824711096,1.360832513248,
    69.279438035053));
#2186 = CARTESIAN_POINT('',(-627.7019615338,1.43992358278,
    69.297270335711));
#2187 = CARTESIAN_POINT('',(-623.4245711463,1.436937383287,
    69.344692563521));
#2188 = CARTESIAN_POINT('',(-619.1463832312,1.421463878986,
    69.401608446719));
#2189 = CARTESIAN_POINT('',(-614.8669156658,1.468782860378,
    69.46089889182));
#2190 = CARTESIAN_POINT('',(-610.5898165078,1.590976181217,
    69.518800494951));
#2191 = CARTESIAN_POINT('',(-606.3045105877,1.633941344107,
    69.60618249723));
#2192 = CARTESIAN_POINT('',(-602.0277566031,1.950480116284,
    69.743811644152));
#2193 = CARTESIAN_POINT('',(-597.7466019923,2.13241015873,
    69.578267134897));
#2194 = CARTESIAN_POINT('',(-593.4714143357,2.705656464657,
    69.962495375862));
#2195 = CARTESIAN_POINT('',(-589.1936176105,3.276748423313,
    70.238369536067));
#2196 = CARTESIAN_POINT('',(-584.9304153006,4.00159369531,
    70.559072008175));
#2197 = CARTESIAN_POINT('',(-580.6563793824,4.601133563503,
    70.854698293367));
#2198 = CARTESIAN_POINT('',(-576.3740763318,5.112410324799,
    71.03855144994));
#2199 = CARTESIAN_POINT('',(-572.0987272234,5.222155331486,
    71.199908869556));
#2200 = CARTESIAN_POINT('',(-567.7524952784,5.221780533328,
    70.992571150051));
#2201 = CARTESIAN_POINT('',(-563.5775738445,4.364299008345,
    71.677688489021));
#2202 = CARTESIAN_POINT('',(-559.225311783,4.605459835526,
    71.834253341364));
#2203 = CARTESIAN_POINT('',(-554.9153030247,3.786032206462,
    72.443123449266));
#2204 = CARTESIAN_POINT('',(-550.6950514656,3.36920610959,
    72.483858154856));
#2205 = CARTESIAN_POINT('',(-546.5054520859,2.70657318281,
    73.068184997854));
#2206 = CARTESIAN_POINT('',(-542.014622175,2.899320292951,
    72.836659791752));
#2207 = CARTESIAN_POINT('',(-537.9789076762,1.979900927015,
    73.151423557758));
#2208 = CARTESIAN_POINT('',(-533.6216797195,2.243208035706,
    73.238794557321));
#2209 = CARTESIAN_POINT('',(-529.3043766466,2.726955233055,
    73.890078443897));
#2210 = CARTESIAN_POINT('',(-525.0222934397,3.736796704224,
    74.269447515557));
#2211 = CARTESIAN_POINT('',(-520.7416746921,4.942298720831,
    74.477129655977));
#2212 = CARTESIAN_POINT('',(-516.4671704399,6.421351994726,
    74.504378374923));
#2213 = CARTESIAN_POINT('',(-512.204407681,8.081850785609,74.39004979552
    ));
#2214 = CARTESIAN_POINT('',(-507.9265429784,9.57987980143,
    74.129711470191));
#2215 = CARTESIAN_POINT('',(-503.6502824349,10.90383548707,
    73.981000146078));
#2216 = CARTESIAN_POINT('',(-499.3719688989,12.084942372398,
    73.374801820814));
#2217 = CARTESIAN_POINT('',(-495.0930022696,12.937289950274,
    73.25869708524));
#2218 = CARTESIAN_POINT('',(-490.8081538754,13.284817696956,
    72.926721709348));
#2219 = CARTESIAN_POINT('',(-486.5308534552,13.661427404755,
    72.705990231799));
#2220 = CARTESIAN_POINT('',(-482.2516859036,13.791276921973,
    72.448852475351));
#2221 = CARTESIAN_POINT('',(-477.9730655022,13.801278011444,
    72.208875632714));
#2222 = CARTESIAN_POINT('',(-473.6960456193,13.661749581632,
    71.978924200274));
#2223 = CARTESIAN_POINT('',(-469.4152062773,13.667904751164,
    71.81496187573));
#2224 = CARTESIAN_POINT('',(-465.1421872703,13.467842313906,
    71.614551279986));
#2225 = CARTESIAN_POINT('',(-460.8166932288,13.081460146715,
    71.38301947618));
#2226 = CARTESIAN_POINT('',(-456.4952571487,12.823226886218,
    71.224492091926));
#2227 = CARTESIAN_POINT('',(-452.4504000069,12.442211698515,
    71.043847182853));
#2228 = CARTESIAN_POINT('',(-447.9424683801,11.765015050921,
    70.891578993504));
#2229 = CARTESIAN_POINT('',(-443.7524033406,11.722593704625,
    70.818637878024));
#2230 = CARTESIAN_POINT('',(-439.4974420849,8.719746664514,
    70.40735623273));
#2231 = CARTESIAN_POINT('',(-435.1419433011,7.692258087354,
    70.28519440128));
#2232 = CARTESIAN_POINT('',(-430.9728274171,5.659896550471,
    70.101164184194));
#2233 = CARTESIAN_POINT('',(-426.6766705817,3.474664473935,
    69.832789747508));
#2234 = CARTESIAN_POINT('',(-423.4568555526,5.584331167448,
    69.989478442714));
#2235 = CARTESIAN_POINT('',(-422.3597,2.559134652607,69.721422357888));
#2236 = PCURVE('',#1990,#2237);
#2237 = DEFINITIONAL_REPRESENTATION('',(#2238),#2242);
#2238 = LINE('',#2239,#2240);
#2239 = CARTESIAN_POINT('',(8.,0.));
#2240 = VECTOR('',#2241,1.);
#2241 = DIRECTION('',(0.,1.));
#2242 = ( GEOMETRIC_REPRESENTATION_CONTEXT(2) 
PARAMETRIC_REPRESENTATION_CONTEXT() REPRESENTATION_CONTEXT('2D SPACE',''
  ) );
#2243 = PCURVE('',#2244,#2371);
#2244 = ( BOUNDED_SURFACE() B_SPLINE_SURFACE(1,3,(
    (#2245,#2246,#2247,#2248,#2249,#2250,#2251,#2252,#2253,#2254,#2255
      ,#2256,#2257,#2258,#2259,#2260,#2261,#2262,#2263,#2264,#2265,#2266
      ,#2267,#2268,#2269,#2270,#2271,#2272,#2273,#2274,#2275,#2276,#2277
      ,#2278,#2279,#2280,#2281,#2282,#2283,#2284,#2285,#2286,#2287,#2288
      ,#2289,#2290,#2291,#2292,#2293,#2294,#2295,#2296,#2297,#2298,#2299
      ,#2300,#2301,#2302,#2303,#2304,#2305,#2306,#2307)
    ,(#2308,#2309,#2310,#2311,#2312,#2313,#2314,#2315,#2316,#2317,#2318
      ,#2319,#2320,#2321,#2322,#2323,#2324,#2325,#2326,#2327,#2328,#2329
      ,#2330,#2331,#2332,#2333,#2334,#2335,#2336,#2337,#2338,#2339,#2340
      ,#2341,#2342,#2343,#2344,#2345,#2346,#2347,#2348,#2349,#2350,#2351
      ,#2352,#2353,#2354,#2355,#2356,#2357,#2358,#2359,#2360,#2361,#2362
      ,#2363,#2364,#2365,#2366,#2367,#2368,#2369,#2370
)),.UNSPECIFIED.,.F.,.F.,.F.) B_SPLINE_SURFACE_WITH_KNOTS((2,2),(4,1,1,1
    ,1,1,1,1,1,1,1,1,1,1,1,1,1,1,1,1,1,1,1,1,1,1,1,1,1,1,1,1,1,1,1,1,1,1
    ,1,1,1,1,1,1,1,1,1,1,1,1,1,1,1,1,1,1,1,1,1,1,4),(8.,9.),(0.,
    1.671164831231E-02,3.327803306227E-02,5.000925566809E-02,
    6.648034363626E-02,8.347574416348E-02,9.998031801332E-02,
    0.116453562429,0.133787455732,0.150582398826,0.167003889564,
    0.183421183117,0.199831572897,0.216243077967,0.232654966281,
    0.249069049,0.265493630469,0.281929899437,0.298422530809,
    0.314972313288,0.331595845732,0.348279560524,0.365009232075,
    0.38168560036,0.398277240471,0.414799735375,0.431302994143,
    0.448140075223,0.464749604184,0.481553115126,0.498808354232,
    0.516050152658,0.532842545742,0.550335828942,0.567153130692,
    0.583652514422,0.600175882991,0.616768685323,0.633448038712,
    0.650182180915,0.666869665762,0.683497438564,0.700056495454,
    0.716547762365,0.732983596882,0.749407921308,0.765822295641,
    0.782233728406,0.798646209918,0.81505724388,0.831476734885,
    0.847901722287,0.864693603231,0.881980563987,0.898448960139,
    0.915352013848,0.932295303855,0.949097785181,0.966200565614,
0.982806308198,1.),.UNSPECIFIED.) GEOMETRIC_REPRESENTATION_ITEM() 
RATIONAL_B_SPLINE_SURFACE((
    (1.,0.999999999979,1.00000000001,0.999999999997,1.000000000001,1.,1.
      ,1.,1.,1.,1.,1.,1.,1.,1.,1.,1.,1.,1.,1.,1.,1.,1.,1.,1.,1.,1.,1.,1.
      ,1.,1.,1.,1.,1.,1.,1.,1.,1.,1.,1.,1.,1.,1.,1.,1.,1.,1.,1.,1.,1.,1.
      ,1.,1.,1.,1.,1.,1.,1.,0.999999999998,1.000000000007,0.999999999976
      ,1.000000000054,1.)
    ,(1.,0.999999999979,1.00000000001,0.999999999997,1.000000000001,1.
      ,1.,1.,1.,1.,1.,1.,1.,1.,1.,1.,1.,1.,1.,1.,1.,1.,1.,1.,1.,1.,1.,1.
      ,1.,1.,1.,1.,1.,1.,1.,1.,1.,1.,1.,1.,1.,1.,1.,1.,1.,1.,1.,1.,1.,1.
      ,1.,1.,1.,1.,1.,1.,1.,1.,0.999999999998,1.000000000007
,0.999999999976,1.000000000054,1.
  ))) REPRESENTATION_ITEM('') SURFACE() );
#2245 = CARTESIAN_POINT('',(-679.0382,1.382034995159,69.977828125052));
#2246 = CARTESIAN_POINT('',(-677.9018430398,-0.226806276206,
    70.132743778513));
#2247 = CARTESIAN_POINT('',(-674.6570379481,1.729611246556,
    69.855563842205));
#2248 = CARTESIAN_POINT('',(-670.4801286148,1.068452748438,
    69.884225808371));
#2249 = CARTESIAN_POINT('',(-666.2529876958,0.120617232619,
    69.890033135216));
#2250 = CARTESIAN_POINT('',(-661.8309289879,5.045270162136E-02,
    69.767741873503));
#2251 = CARTESIAN_POINT('',(-657.7320144142,-0.853953978139,
    69.782175222617));
#2252 = CARTESIAN_POINT('',(-653.3812140229,-0.263560816537,
    69.611473359014));
#2253 = CARTESIAN_POINT('',(-648.9513854559,-0.61336677278,
    69.586795959839));
#2254 = CARTESIAN_POINT('',(-644.9070855266,1.173957246837,
    69.277436926878));
#2255 = CARTESIAN_POINT('',(-640.582063889,1.299441289932,69.24141638209
    ));
#2256 = CARTESIAN_POINT('',(-636.2554682792,1.373970558346,
    69.241052604912));
#2257 = CARTESIAN_POINT('',(-631.9824711096,1.360832513248,
    69.279438035053));
#2258 = CARTESIAN_POINT('',(-627.7019615338,1.43992358278,
    69.297270335711));
#2259 = CARTESIAN_POINT('',(-623.4245711463,1.436937383287,
    69.344692563521));
#2260 = CARTESIAN_POINT('',(-619.1463832312,1.421463878986,
    69.401608446719));
#2261 = CARTESIAN_POINT('',(-614.8669156658,1.468782860378,
    69.46089889182));
#2262 = CARTESIAN_POINT('',(-610.5898165078,1.590976181217,
    69.518800494951));
#2263 = CARTESIAN_POINT('',(-606.3045105877,1.633941344107,
    69.60618249723));
#2264 = CARTESIAN_POINT('',(-602.0277566031,1.950480116284,
    69.743811644152));
#2265 = CARTESIAN_POINT('',(-597.7466019923,2.13241015873,
    69.578267134897));
#2266 = CARTESIAN_POINT('',(-593.4714143357,2.705656464657,
    69.962495375862));
#2267 = CARTESIAN_POINT('',(-589.1936176105,3.276748423313,
    70.238369536067));
#2268 = CARTESIAN_POINT('',(-584.9304153006,4.00159369531,
    70.559072008175));
#2269 = CARTESIAN_POINT('',(-580.6563793824,4.601133563503,
    70.854698293367));
#2270 = CARTESIAN_POINT('',(-576.3740763318,5.112410324799,
    71.03855144994));
#2271 = CARTESIAN_POINT('',(-572.0987272234,5.222155331486,
    71.199908869556));
#2272 = CARTESIAN_POINT('',(-567.7524952784,5.221780533328,
    70.992571150051));
#2273 = CARTESIAN_POINT('',(-563.5775738445,4.364299008345,
    71.677688489021));
#2274 = CARTESIAN_POINT('',(-559.225311783,4.605459835526,
    71.834253341364));
#2275 = CARTESIAN_POINT('',(-554.9153030247,3.786032206462,
    72.443123449266));
#2276 = CARTESIAN_POINT('',(-550.6950514656,3.36920610959,
    72.483858154856));
#2277 = CARTESIAN_POINT('',(-546.5054520859,2.70657318281,
    73.068184997854));
#2278 = CARTESIAN_POINT('',(-542.014622175,2.899320292951,
    72.836659791752));
#2279 = CARTESIAN_POINT('',(-537.9789076762,1.979900927015,
    73.151423557758));
#2280 = CARTESIAN_POINT('',(-533.6216797195,2.243208035706,
    73.238794557321));
#2281 = CARTESIAN_POINT('',(-529.3043766466,2.726955233055,
    73.890078443897));
#2282 = CARTESIAN_POINT('',(-525.0222934397,3.736796704224,
    74.269447515557));
#2283 = CARTESIAN_POINT('',(-520.7416746921,4.942298720831,
    74.477129655977));
#2284 = CARTESIAN_POINT('',(-516.4671704399,6.421351994726,
    74.504378374923));
#2285 = CARTESIAN_POINT('',(-512.204407681,8.081850785609,74.39004979552
    ));
#2286 = CARTESIAN_POINT('',(-507.9265429784,9.57987980143,
    74.129711470191));
#2287 = CARTESIAN_POINT('',(-503.6502824349,10.90383548707,
    73.981000146078));
#2288 = CARTESIAN_POINT('',(-499.3719688989,12.084942372398,
    73.374801820814));
#2289 = CARTESIAN_POINT('',(-495.0930022696,12.937289950274,
    73.25869708524));
#2290 = CARTESIAN_POINT('',(-490.8081538754,13.284817696956,
    72.926721709348));
#2291 = CARTESIAN_POINT('',(-486.5308534552,13.661427404755,
    72.705990231799));
#2292 = CARTESIAN_POINT('',(-482.2516859036,13.791276921973,
    72.448852475351));
#2293 = CARTESIAN_POINT('',(-477.9730655022,13.801278011444,
    72.208875632714));
#2294 = CARTESIAN_POINT('',(-473.6960456193,13.661749581632,
    71.978924200274));
#2295 = CARTESIAN_POINT('',(-469.4152062773,13.667904751164,
    71.81496187573));
#2296 = CARTESIAN_POINT('',(-465.1421872703,13.467842313906,
    71.614551279986));
#2297 = CARTESIAN_POINT('',(-460.8166932288,13.081460146715,
    71.38301947618));
#2298 = CARTESIAN_POINT('',(-456.4952571487,12.823226886218,
    71.224492091926));
#2299 = CARTESIAN_POINT('',(-452.4504000069,12.442211698515,
    71.043847182853));
#2300 = CARTESIAN_POINT('',(-447.9424683801,11.765015050921,
    70.891578993504));
#2301 = CARTESIAN_POINT('',(-443.7524033406,11.722593704625,
    70.818637878024));
#2302 = CARTESIAN_POINT('',(-439.4974420849,8.719746664514,
    70.40735623273));
#2303 = CARTESIAN_POINT('',(-435.1419433011,7.692258087354,
    70.28519440128));
#2304 = CARTESIAN_POINT('',(-430.9728274171,5.659896550471,
    70.101164184194));
#2305 = CARTESIAN_POINT('',(-426.6766705817,3.474664473935,
    69.832789747508));
#2306 = CARTESIAN_POINT('',(-423.4568555526,5.584331167448,
    69.989478442714));
#2307 = CARTESIAN_POINT('',(-422.3597,2.559134652607,69.721422357888));
#2308 = CARTESIAN_POINT('',(-679.0382,0.982813396579,70.033961605948));
#2309 = CARTESIAN_POINT('',(-677.9018430398,-0.82264910321,
    70.216995011263));
#2310 = CARTESIAN_POINT('',(-674.6570379481,1.270952599565,
    69.922583739796));
#2311 = CARTESIAN_POINT('',(-670.4801286148,0.426254143647,
    69.981855567326));
#2312 = CARTESIAN_POINT('',(-666.2529876958,-0.563090472577,
    69.995461152443));
#2313 = CARTESIAN_POINT('',(-661.8309289879,-0.587946762242,
    69.87072533743));
#2314 = CARTESIAN_POINT('',(-657.7320144142,-1.72840146581,
    69.929449135712));
#2315 = CARTESIAN_POINT('',(-653.3812140229,-1.180753384767,
    69.777412650156));
#2316 = CARTESIAN_POINT('',(-648.9513854559,-1.563800952008,
    69.769472886072));
#2317 = CARTESIAN_POINT('',(-644.9070855266,3.194328172709E-02,
    69.503228142378));
#2318 = CARTESIAN_POINT('',(-640.582063889,-2.056549790664E-02,
    69.510482204432));
#2319 = CARTESIAN_POINT('',(-636.2554682792,6.544448296238E-02,
    69.52077844659));
#2320 = CARTESIAN_POINT('',(-631.9824711096,1.666700679115E-02,
    69.577420514552));
#2321 = CARTESIAN_POINT('',(-627.7019615338,9.354717363415E-02,
    69.607140959229));
#2322 = CARTESIAN_POINT('',(-623.4245711463,7.846309043106E-02,
    69.670672350201));
#2323 = CARTESIAN_POINT('',(-619.1463832312,5.776918619928E-02,
    69.745099417495));
#2324 = CARTESIAN_POINT('',(-614.8669156658,0.116233712833,
    69.820414292445));
#2325 = CARTESIAN_POINT('',(-610.5898165078,0.263517887956,
    69.892963620099));
#2326 = CARTESIAN_POINT('',(-606.3045105877,0.334618016666,
    69.99967856483));
#2327 = CARTESIAN_POINT('',(-602.0277566031,0.709038092456,
    70.142957259689));
#2328 = CARTESIAN_POINT('',(-597.7466019923,0.961336972359,
    70.020762466647));
#2329 = CARTESIAN_POINT('',(-593.4714143357,1.609058502977,
    70.403591156574));
#2330 = CARTESIAN_POINT('',(-589.1936176105,2.260947342248,
    70.682147195183));
#2331 = CARTESIAN_POINT('',(-584.9304153006,3.073068644423,
    71.011165963104));
#2332 = CARTESIAN_POINT('',(-580.6563793824,3.749217687226,
    71.286686891438));
#2333 = CARTESIAN_POINT('',(-576.3740763318,4.330167906743,
    71.436078405074));
#2334 = CARTESIAN_POINT('',(-572.0987272234,4.521143478793,
    71.570222653774));
#2335 = CARTESIAN_POINT('',(-567.7524952784,4.548672336755,
    71.282322336362));
#2336 = CARTESIAN_POINT('',(-563.5775738445,3.881112669449,
    72.077778217583));
#2337 = CARTESIAN_POINT('',(-559.225311783,4.247198854058,
    72.267180312164));
#2338 = CARTESIAN_POINT('',(-554.9153030247,3.606368463879,
    73.031555546232));
#2339 = CARTESIAN_POINT('',(-550.6950514656,3.134479930726,
    72.968972425495));
#2340 = CARTESIAN_POINT('',(-546.5054520859,2.505137951953,
    73.553136972654));
#2341 = CARTESIAN_POINT('',(-542.014622175,2.494377569621,
    73.160787393776));
#2342 = CARTESIAN_POINT('',(-537.9789076762,1.568003575663,
    73.541384655825));
#2343 = CARTESIAN_POINT('',(-533.6216797195,1.68506022178,
    73.537273205387));
#2344 = CARTESIAN_POINT('',(-529.3043766466,2.171408257748,
    74.306669671983));
#2345 = CARTESIAN_POINT('',(-525.0222934397,3.111862619844,
    74.719538239696));
#2346 = CARTESIAN_POINT('',(-520.7416746921,4.257091067534,
    74.882916043913));
#2347 = CARTESIAN_POINT('',(-516.4671704399,5.575094970989,
    74.790134295923));
#2348 = CARTESIAN_POINT('',(-512.204407681,7.080343473969,
    74.489070149833));
#2349 = CARTESIAN_POINT('',(-507.9265429784,8.476606000448,
    74.098774021479));
#2350 = CARTESIAN_POINT('',(-503.6502824349,9.724978045426,
    73.76925366866));
#2351 = CARTESIAN_POINT('',(-499.3719688989,10.81048391686,
    73.314391034055));
#2352 = CARTESIAN_POINT('',(-495.0930022696,11.620863388599,
    73.173787041581));
#2353 = CARTESIAN_POINT('',(-490.8081538754,11.941814185248,
    72.869692253691));
#2354 = CARTESIAN_POINT('',(-486.5308534552,12.299943095285,
    72.662891824336));
#2355 = CARTESIAN_POINT('',(-482.2516859036,12.424885002796,
    72.42567092947));
#2356 = CARTESIAN_POINT('',(-477.9730655022,12.438199583728,
    72.203901892924));
#2357 = CARTESIAN_POINT('',(-473.6960456193,12.319195321688,
    71.992450382571));
#2358 = CARTESIAN_POINT('',(-469.4152062773,12.331056023775,
    71.841919112463));
#2359 = CARTESIAN_POINT('',(-465.1421872703,12.167136557649,
    71.659751036049));
#2360 = CARTESIAN_POINT('',(-460.8166932288,11.799692260777,
    71.444834854055));
#2361 = CARTESIAN_POINT('',(-456.4952571487,11.646127752578,
    71.315961083714));
#2362 = CARTESIAN_POINT('',(-452.4504000069,11.471898517157,
    71.178200437593));
#2363 = CARTESIAN_POINT('',(-447.9424683801,10.804504657441,
    71.039207621992));
#2364 = CARTESIAN_POINT('',(-443.7524033406,10.92456592938,
    70.99738155442));
#2365 = CARTESIAN_POINT('',(-439.4974420849,8.122875567872,
    70.617144398806));
#2366 = CARTESIAN_POINT('',(-435.1419433011,7.139384403867,
    70.504621511022));
#2367 = CARTESIAN_POINT('',(-430.9728274171,5.169256554045,
    70.326401749866));
#2368 = CARTESIAN_POINT('',(-426.6766705817,3.171863821482,
    70.078186878413));
#2369 = CARTESIAN_POINT('',(-423.4568555526,5.310342540742,
    70.241228322725));
#2370 = CARTESIAN_POINT('',(-422.3597,2.288896045076,69.965563173302));
#2371 = DEFINITIONAL_REPRESENTATION('',(#2372),#2376);
#2372 = LINE('',#2373,#2374);
#2373 = CARTESIAN_POINT('',(8.,0.));
#2374 = VECTOR('',#2375,1.);
#2375 = DIRECTION('',(0.,1.));
#2376 = ( GEOMETRIC_REPRESENTATION_CONTEXT(2) 
PARAMETRIC_REPRESENTATION_CONTEXT() REPRESENTATION_CONTEXT('2D SPACE',''
  ) );
#2377 = ORIENTED_EDGE('',*,*,#2378,.F.);
#2378 = EDGE_CURVE('',#1915,#2169,#2379,.T.);
#2379 = SURFACE_CURVE('',#2380,(#2383,#2390),.PCURVE_S1.);
#2380 = B_SPLINE_CURVE_WITH_KNOTS('',1,(#2381,#2382),.UNSPECIFIED.,.F.,
  .F.,(2,2),(7.,8.),.PIECEWISE_BEZIER_KNOTS.);
#2381 = CARTESIAN_POINT('',(-422.3597,2.316171960208,69.436394158608));
#2382 = CARTESIAN_POINT('',(-422.3597,2.559134652607,69.721422357888));
#2383 = PCURVE('',#1990,#2384);
#2384 = DEFINITIONAL_REPRESENTATION('',(#2385),#2389);
#2385 = LINE('',#2386,#2387);
#2386 = CARTESIAN_POINT('',(0.,1.));
#2387 = VECTOR('',#2388,1.);
#2388 = DIRECTION('',(1.,0.));
#2389 = ( GEOMETRIC_REPRESENTATION_CONTEXT(2) 
PARAMETRIC_REPRESENTATION_CONTEXT() REPRESENTATION_CONTEXT('2D SPACE',''
  ) );
#2390 = PCURVE('',#401,#2391);
#2391 = DEFINITIONAL_REPRESENTATION('',(#2392),#2395);
#2392 = B_SPLINE_CURVE_WITH_KNOTS('',1,(#2393,#2394),.UNSPECIFIED.,.F.,
  .F.,(2,2),(7.,8.),.PIECEWISE_BEZIER_KNOTS.);
#2393 = CARTESIAN_POINT('',(-2.560934014805,0.854006878961));
#2394 = CARTESIAN_POINT('',(-2.794187971257,1.147033389847));
#2395 = ( GEOMETRIC_REPRESENTATION_CONTEXT(2) 
PARAMETRIC_REPRESENTATION_CONTEXT() REPRESENTATION_CONTEXT('2D SPACE',''
  ) );
#2396 = ORIENTED_EDGE('',*,*,#1914,.F.);
#2397 = ADVANCED_FACE('',(#2398),#2244,.T.);
#2398 = FACE_BOUND('',#2399,.T.);
#2399 = EDGE_LOOP('',(#2400,#2421,#2631,#2650));
#2400 = ORIENTED_EDGE('',*,*,#2401,.T.);
#2401 = EDGE_CURVE('',#2148,#2402,#2404,.T.);
#2402 = VERTEX_POINT('',#2403);
#2403 = CARTESIAN_POINT('',(-679.0382,0.982813396579,70.033961605948));
#2404 = SURFACE_CURVE('',#2405,(#2408,#2415),.PCURVE_S1.);
#2405 = B_SPLINE_CURVE_WITH_KNOTS('',1,(#2406,#2407),.UNSPECIFIED.,.F.,
  .F.,(2,2),(8.,9.),.PIECEWISE_BEZIER_KNOTS.);
#2406 = CARTESIAN_POINT('',(-679.0382,1.382034995159,69.977828125052));
#2407 = CARTESIAN_POINT('',(-679.0382,0.982813396579,70.033961605948));
#2408 = PCURVE('',#2244,#2409);
#2409 = DEFINITIONAL_REPRESENTATION('',(#2410),#2414);
#2410 = LINE('',#2411,#2412);
#2411 = CARTESIAN_POINT('',(0.,0.));
#2412 = VECTOR('',#2413,1.);
#2413 = DIRECTION('',(1.,0.));
#2414 = ( GEOMETRIC_REPRESENTATION_CONTEXT(2) 
PARAMETRIC_REPRESENTATION_CONTEXT() REPRESENTATION_CONTEXT('2D SPACE',''
  ) );
#2415 = PCURVE('',#165,#2416);
#2416 = DEFINITIONAL_REPRESENTATION('',(#2417),#2420);
#2417 = B_SPLINE_CURVE_WITH_KNOTS('',1,(#2418,#2419),.UNSPECIFIED.,.F.,
  .F.,(2,2),(8.,9.),.PIECEWISE_BEZIER_KNOTS.);
#2418 = CARTESIAN_POINT('',(3.160458848802,-0.564424434308));
#2419 = CARTESIAN_POINT('',(3.563126946396,-0.584103246023));
#2420 = ( GEOMETRIC_REPRESENTATION_CONTEXT(2) 
PARAMETRIC_REPRESENTATION_CONTEXT() REPRESENTATION_CONTEXT('2D SPACE',''
  ) );
#2421 = ORIENTED_EDGE('',*,*,#2422,.T.);
#2422 = EDGE_CURVE('',#2402,#2423,#2425,.T.);
#2423 = VERTEX_POINT('',#2424);
#2424 = CARTESIAN_POINT('',(-422.3597,2.288896045076,69.965563173302));
#2425 = SURFACE_CURVE('',#2426,(#2490,#2497),.PCURVE_S1.);
#2426 = ( BOUNDED_CURVE() B_SPLINE_CURVE(3,(#2427,#2428,#2429,#2430,
    #2431,#2432,#2433,#2434,#2435,#2436,#2437,#2438,#2439,#2440,#2441,
    #2442,#2443,#2444,#2445,#2446,#2447,#2448,#2449,#2450,#2451,#2452,
    #2453,#2454,#2455,#2456,#2457,#2458,#2459,#2460,#2461,#2462,#2463,
    #2464,#2465,#2466,#2467,#2468,#2469,#2470,#2471,#2472,#2473,#2474,
    #2475,#2476,#2477,#2478,#2479,#2480,#2481,#2482,#2483,#2484,#2485,
    #2486,#2487,#2488,#2489),.UNSPECIFIED.,.F.,.F.) 
B_SPLINE_CURVE_WITH_KNOTS((4,1,1,1,1,1,1,1,1,1,1,1,1,1,1,1,1,1,1,1,1,1,1
    ,1,1,1,1,1,1,1,1,1,1,1,1,1,1,1,1,1,1,1,1,1,1,1,1,1,1,1,1,1,1,1,1,1,1
    ,1,1,1,4),(0.,1.671164831231E-02,3.327803306227E-02,
    5.000925566809E-02,6.648034363626E-02,8.347574416348E-02,
    9.998031801332E-02,0.116453562429,0.133787455732,0.150582398826,
    0.167003889564,0.183421183117,0.199831572897,0.216243077967,
    0.232654966281,0.249069049,0.265493630469,0.281929899437,
    0.298422530809,0.314972313288,0.331595845732,0.348279560524,
    0.365009232075,0.38168560036,0.398277240471,0.414799735375,
    0.431302994143,0.448140075223,0.464749604184,0.481553115126,
    0.498808354232,0.516050152658,0.532842545742,0.550335828942,
    0.567153130692,0.583652514422,0.600175882991,0.616768685323,
    0.633448038712,0.650182180915,0.666869665762,0.683497438564,
    0.700056495454,0.716547762365,0.732983596882,0.749407921308,
    0.765822295641,0.782233728406,0.798646209918,0.81505724388,
    0.831476734885,0.847901722287,0.864693603231,0.881980563987,
    0.898448960139,0.915352013848,0.932295303855,0.949097785181,
0.966200565614,0.982806308198,1.),.UNSPECIFIED.) CURVE() 
GEOMETRIC_REPRESENTATION_ITEM() RATIONAL_B_SPLINE_CURVE((1.,
    0.999999999979,1.00000000001,0.999999999997,1.000000000001,1.,1.,1.,
    1.,1.,1.,1.,1.,1.,1.,1.,1.,1.,1.,1.,1.,1.,1.,1.,1.,1.,1.,1.,1.,1.,1.
    ,1.,1.,1.,1.,1.,1.,1.,1.,1.,1.,1.,1.,1.,1.,1.,1.,1.,1.,1.,1.,1.,1.,
    1.,1.,1.,1.,1.,0.999999999998,1.000000000007,0.999999999976,
1.000000000054,1.)) REPRESENTATION_ITEM('') );
#2427 = CARTESIAN_POINT('',(-679.0382,0.982813396579,70.033961605948));
#2428 = CARTESIAN_POINT('',(-677.9018430398,-0.82264910321,
    70.216995011263));
#2429 = CARTESIAN_POINT('',(-674.6570379481,1.270952599565,
    69.922583739796));
#2430 = CARTESIAN_POINT('',(-670.4801286148,0.426254143647,
    69.981855567326));
#2431 = CARTESIAN_POINT('',(-666.2529876958,-0.563090472577,
    69.995461152443));
#2432 = CARTESIAN_POINT('',(-661.8309289879,-0.587946762242,
    69.87072533743));
#2433 = CARTESIAN_POINT('',(-657.7320144142,-1.72840146581,
    69.929449135712));
#2434 = CARTESIAN_POINT('',(-653.3812140229,-1.180753384767,
    69.777412650156));
#2435 = CARTESIAN_POINT('',(-648.9513854559,-1.563800952008,
    69.769472886072));
#2436 = CARTESIAN_POINT('',(-644.9070855266,3.194328172709E-02,
    69.503228142378));
#2437 = CARTESIAN_POINT('',(-640.582063889,-2.056549790664E-02,
    69.510482204432));
#2438 = CARTESIAN_POINT('',(-636.2554682792,6.544448296238E-02,
    69.52077844659));
#2439 = CARTESIAN_POINT('',(-631.9824711096,1.666700679115E-02,
    69.577420514552));
#2440 = CARTESIAN_POINT('',(-627.7019615338,9.354717363415E-02,
    69.607140959229));
#2441 = CARTESIAN_POINT('',(-623.4245711463,7.846309043106E-02,
    69.670672350201));
#2442 = CARTESIAN_POINT('',(-619.1463832312,5.776918619928E-02,
    69.745099417495));
#2443 = CARTESIAN_POINT('',(-614.8669156658,0.116233712833,
    69.820414292445));
#2444 = CARTESIAN_POINT('',(-610.5898165078,0.263517887956,
    69.892963620099));
#2445 = CARTESIAN_POINT('',(-606.3045105877,0.334618016666,
    69.99967856483));
#2446 = CARTESIAN_POINT('',(-602.0277566031,0.709038092456,
    70.142957259689));
#2447 = CARTESIAN_POINT('',(-597.7466019923,0.961336972359,
    70.020762466647));
#2448 = CARTESIAN_POINT('',(-593.4714143357,1.609058502977,
    70.403591156574));
#2449 = CARTESIAN_POINT('',(-589.1936176105,2.260947342248,
    70.682147195183));
#2450 = CARTESIAN_POINT('',(-584.9304153006,3.073068644423,
    71.011165963104));
#2451 = CARTESIAN_POINT('',(-580.6563793824,3.749217687226,
    71.286686891438));
#2452 = CARTESIAN_POINT('',(-576.3740763318,4.330167906743,
    71.436078405074));
#2453 = CARTESIAN_POINT('',(-572.0987272234,4.521143478793,
    71.570222653774));
#2454 = CARTESIAN_POINT('',(-567.7524952784,4.548672336755,
    71.282322336362));
#2455 = CARTESIAN_POINT('',(-563.5775738445,3.881112669449,
    72.077778217583));
#2456 = CARTESIAN_POINT('',(-559.225311783,4.247198854058,
    72.267180312164));
#2457 = CARTESIAN_POINT('',(-554.9153030247,3.606368463879,
    73.031555546232));
#2458 = CARTESIAN_POINT('',(-550.6950514656,3.134479930726,
    72.968972425495));
#2459 = CARTESIAN_POINT('',(-546.5054520859,2.505137951953,
    73.553136972654));
#2460 = CARTESIAN_POINT('',(-542.014622175,2.494377569621,
    73.160787393776));
#2461 = CARTESIAN_POINT('',(-537.9789076762,1.568003575663,
    73.541384655825));
#2462 = CARTESIAN_POINT('',(-533.6216797195,1.68506022178,
    73.537273205387));
#2463 = CARTESIAN_POINT('',(-529.3043766466,2.171408257748,
    74.306669671983));
#2464 = CARTESIAN_POINT('',(-525.0222934397,3.111862619844,
    74.719538239696));
#2465 = CARTESIAN_POINT('',(-520.7416746921,4.257091067534,
    74.882916043913));
#2466 = CARTESIAN_POINT('',(-516.4671704399,5.575094970989,
    74.790134295923));
#2467 = CARTESIAN_POINT('',(-512.204407681,7.080343473969,
    74.489070149833));
#2468 = CARTESIAN_POINT('',(-507.9265429784,8.476606000448,
    74.098774021479));
#2469 = CARTESIAN_POINT('',(-503.6502824349,9.724978045426,
    73.76925366866));
#2470 = CARTESIAN_POINT('',(-499.3719688989,10.81048391686,
    73.314391034055));
#2471 = CARTESIAN_POINT('',(-495.0930022696,11.620863388599,
    73.173787041581));
#2472 = CARTESIAN_POINT('',(-490.8081538754,11.941814185248,
    72.869692253691));
#2473 = CARTESIAN_POINT('',(-486.5308534552,12.299943095285,
    72.662891824336));
#2474 = CARTESIAN_POINT('',(-482.2516859036,12.424885002796,
    72.42567092947));
#2475 = CARTESIAN_POINT('',(-477.9730655022,12.438199583728,
    72.203901892924));
#2476 = CARTESIAN_POINT('',(-473.6960456193,12.319195321688,
    71.992450382571));
#2477 = CARTESIAN_POINT('',(-469.4152062773,12.331056023775,
    71.841919112463));
#2478 = CARTESIAN_POINT('',(-465.1421872703,12.167136557649,
    71.659751036049));
#2479 = CARTESIAN_POINT('',(-460.8166932288,11.799692260777,
    71.444834854055));
#2480 = CARTESIAN_POINT('',(-456.4952571487,11.646127752578,
    71.315961083714));
#2481 = CARTESIAN_POINT('',(-452.4504000069,11.471898517157,
    71.178200437593));
#2482 = CARTESIAN_POINT('',(-447.9424683801,10.804504657441,
    71.039207621992));
#2483 = CARTESIAN_POINT('',(-443.7524033406,10.92456592938,
    70.99738155442));
#2484 = CARTESIAN_POINT('',(-439.4974420849,8.122875567872,
    70.617144398806));
#2485 = CARTESIAN_POINT('',(-435.1419433011,7.139384403867,
    70.504621511022));
#2486 = CARTESIAN_POINT('',(-430.9728274171,5.169256554045,
    70.326401749866));
#2487 = CARTESIAN_POINT('',(-426.6766705817,3.171863821482,
    70.078186878413));
#2488 = CARTESIAN_POINT('',(-423.4568555526,5.310342540742,
    70.241228322725));
#2489 = CARTESIAN_POINT('',(-422.3597,2.288896045076,69.965563173302));
#2490 = PCURVE('',#2244,#2491);
#2491 = DEFINITIONAL_REPRESENTATION('',(#2492),#2496);
#2492 = LINE('',#2493,#2494);
#2493 = CARTESIAN_POINT('',(9.,0.));
#2494 = VECTOR('',#2495,1.);
#2495 = DIRECTION('',(0.,1.));
#2496 = ( GEOMETRIC_REPRESENTATION_CONTEXT(2) 
PARAMETRIC_REPRESENTATION_CONTEXT() REPRESENTATION_CONTEXT('2D SPACE',''
  ) );
#2497 = PCURVE('',#2498,#2625);
#2498 = ( BOUNDED_SURFACE() B_SPLINE_SURFACE(1,3,(
    (#2499,#2500,#2501,#2502,#2503,#2504,#2505,#2506,#2507,#2508,#2509
      ,#2510,#2511,#2512,#2513,#2514,#2515,#2516,#2517,#2518,#2519,#2520
      ,#2521,#2522,#2523,#2524,#2525,#2526,#2527,#2528,#2529,#2530,#2531
      ,#2532,#2533,#2534,#2535,#2536,#2537,#2538,#2539,#2540,#2541,#2542
      ,#2543,#2544,#2545,#2546,#2547,#2548,#2549,#2550,#2551,#2552,#2553
      ,#2554,#2555,#2556,#2557,#2558,#2559,#2560,#2561)
    ,(#2562,#2563,#2564,#2565,#2566,#2567,#2568,#2569,#2570,#2571,#2572
      ,#2573,#2574,#2575,#2576,#2577,#2578,#2579,#2580,#2581,#2582,#2583
      ,#2584,#2585,#2586,#2587,#2588,#2589,#2590,#2591,#2592,#2593,#2594
      ,#2595,#2596,#2597,#2598,#2599,#2600,#2601,#2602,#2603,#2604,#2605
      ,#2606,#2607,#2608,#2609,#2610,#2611,#2612,#2613,#2614,#2615,#2616
      ,#2617,#2618,#2619,#2620,#2621,#2622,#2623,#2624
)),.UNSPECIFIED.,.F.,.F.,.F.) B_SPLINE_SURFACE_WITH_KNOTS((2,2),(4,1,1,1
    ,1,1,1,1,1,1,1,1,1,1,1,1,1,1,1,1,1,1,1,1,1,1,1,1,1,1,1,1,1,1,1,1,1,1
    ,1,1,1,1,1,1,1,1,1,1,1,1,1,1,1,1,1,1,1,1,1,1,4),(9.,10.),(0.,
    1.671164831231E-02,3.327803306227E-02,5.000925566809E-02,
    6.648034363626E-02,8.347574416348E-02,9.998031801332E-02,
    0.116453562429,0.133787455732,0.150582398826,0.167003889564,
    0.183421183117,0.199831572897,0.216243077967,0.232654966281,
    0.249069049,0.265493630469,0.281929899437,0.298422530809,
    0.314972313288,0.331595845732,0.348279560524,0.365009232075,
    0.38168560036,0.398277240471,0.414799735375,0.431302994143,
    0.448140075223,0.464749604184,0.481553115126,0.498808354232,
    0.516050152658,0.532842545742,0.550335828942,0.567153130692,
    0.583652514422,0.600175882991,0.616768685323,0.633448038712,
    0.650182180915,0.666869665762,0.683497438564,0.700056495454,
    0.716547762365,0.732983596882,0.749407921308,0.765822295641,
    0.782233728406,0.798646209918,0.81505724388,0.831476734885,
    0.847901722287,0.864693603231,0.881980563987,0.898448960139,
    0.915352013848,0.932295303855,0.949097785181,0.966200565614,
0.982806308198,1.),.UNSPECIFIED.) GEOMETRIC_REPRESENTATION_ITEM() 
RATIONAL_B_SPLINE_SURFACE((
    (1.,0.999999999979,1.00000000001,0.999999999997,1.000000000001,1.,1.
      ,1.,1.,1.,1.,1.,1.,1.,1.,1.,1.,1.,1.,1.,1.,1.,1.,1.,1.,1.,1.,1.,1.
      ,1.,1.,1.,1.,1.,1.,1.,1.,1.,1.,1.,1.,1.,1.,1.,1.,1.,1.,1.,1.,1.,1.
      ,1.,1.,1.,1.,1.,1.,1.,0.999999999998,1.000000000007,0.999999999976
      ,1.000000000054,1.)
    ,(1.,0.999999999979,1.00000000001,0.999999999997,1.000000000001,1.
      ,1.,1.,1.,1.,1.,1.,1.,1.,1.,1.,1.,1.,1.,1.,1.,1.,1.,1.,1.,1.,1.,1.
      ,1.,1.,1.,1.,1.,1.,1.,1.,1.,1.,1.,1.,1.,1.,1.,1.,1.,1.,1.,1.,1.,1.
      ,1.,1.,1.,1.,1.,1.,1.,1.,0.999999999998,1.000000000007
,0.999999999976,1.000000000054,1.
  ))) REPRESENTATION_ITEM('') SURFACE() );
#2499 = CARTESIAN_POINT('',(-679.0382,0.982813396579,70.033961605948));
#2500 = CARTESIAN_POINT('',(-677.9018430398,-0.82264910321,
    70.216995011263));
#2501 = CARTESIAN_POINT('',(-674.6570379481,1.270952599565,
    69.922583739796));
#2502 = CARTESIAN_POINT('',(-670.4801286148,0.426254143647,
    69.981855567326));
#2503 = CARTESIAN_POINT('',(-666.2529876958,-0.563090472577,
    69.995461152443));
#2504 = CARTESIAN_POINT('',(-661.8309289879,-0.587946762242,
    69.87072533743));
#2505 = CARTESIAN_POINT('',(-657.7320144142,-1.72840146581,
    69.929449135712));
#2506 = CARTESIAN_POINT('',(-653.3812140229,-1.180753384767,
    69.777412650156));
#2507 = CARTESIAN_POINT('',(-648.9513854559,-1.563800952008,
    69.769472886072));
#2508 = CARTESIAN_POINT('',(-644.9070855266,3.194328172709E-02,
    69.503228142378));
#2509 = CARTESIAN_POINT('',(-640.582063889,-2.056549790664E-02,
    69.510482204432));
#2510 = CARTESIAN_POINT('',(-636.2554682792,6.544448296238E-02,
    69.52077844659));
#2511 = CARTESIAN_POINT('',(-631.9824711096,1.666700679115E-02,
    69.577420514552));
#2512 = CARTESIAN_POINT('',(-627.7019615338,9.354717363415E-02,
    69.607140959229));
#2513 = CARTESIAN_POINT('',(-623.4245711463,7.846309043106E-02,
    69.670672350201));
#2514 = CARTESIAN_POINT('',(-619.1463832312,5.776918619928E-02,
    69.745099417495));
#2515 = CARTESIAN_POINT('',(-614.8669156658,0.116233712833,
    69.820414292445));
#2516 = CARTESIAN_POINT('',(-610.5898165078,0.263517887956,
    69.892963620099));
#2517 = CARTESIAN_POINT('',(-606.3045105877,0.334618016666,
    69.99967856483));
#2518 = CARTESIAN_POINT('',(-602.0277566031,0.709038092456,
    70.142957259689));
#2519 = CARTESIAN_POINT('',(-597.7466019923,0.961336972359,
    70.020762466647));
#2520 = CARTESIAN_POINT('',(-593.4714143357,1.609058502977,
    70.403591156574));
#2521 = CARTESIAN_POINT('',(-589.1936176105,2.260947342248,
    70.682147195183));
#2522 = CARTESIAN_POINT('',(-584.9304153006,3.073068644423,
    71.011165963104));
#2523 = CARTESIAN_POINT('',(-580.6563793824,3.749217687226,
    71.286686891438));
#2524 = CARTESIAN_POINT('',(-576.3740763318,4.330167906743,
    71.436078405074));
#2525 = CARTESIAN_POINT('',(-572.0987272234,4.521143478793,
    71.570222653774));
#2526 = CARTESIAN_POINT('',(-567.7524952784,4.548672336755,
    71.282322336362));
#2527 = CARTESIAN_POINT('',(-563.5775738445,3.881112669449,
    72.077778217583));
#2528 = CARTESIAN_POINT('',(-559.225311783,4.247198854058,
    72.267180312164));
#2529 = CARTESIAN_POINT('',(-554.9153030247,3.606368463879,
    73.031555546232));
#2530 = CARTESIAN_POINT('',(-550.6950514656,3.134479930726,
    72.968972425495));
#2531 = CARTESIAN_POINT('',(-546.5054520859,2.505137951953,
    73.553136972654));
#2532 = CARTESIAN_POINT('',(-542.014622175,2.494377569621,
    73.160787393776));
#2533 = CARTESIAN_POINT('',(-537.9789076762,1.568003575663,
    73.541384655825));
#2534 = CARTESIAN_POINT('',(-533.6216797195,1.68506022178,
    73.537273205387));
#2535 = CARTESIAN_POINT('',(-529.3043766466,2.171408257748,
    74.306669671983));
#2536 = CARTESIAN_POINT('',(-525.0222934397,3.111862619844,
    74.719538239696));
#2537 = CARTESIAN_POINT('',(-520.7416746921,4.257091067534,
    74.882916043913));
#2538 = CARTESIAN_POINT('',(-516.4671704399,5.575094970989,
    74.790134295923));
#2539 = CARTESIAN_POINT('',(-512.204407681,7.080343473969,
    74.489070149833));
#2540 = CARTESIAN_POINT('',(-507.9265429784,8.476606000448,
    74.098774021479));
#2541 = CARTESIAN_POINT('',(-503.6502824349,9.724978045426,
    73.76925366866));
#2542 = CARTESIAN_POINT('',(-499.3719688989,10.81048391686,
    73.314391034055));
#2543 = CARTESIAN_POINT('',(-495.0930022696,11.620863388599,
    73.173787041581));
#2544 = CARTESIAN_POINT('',(-490.8081538754,11.941814185248,
    72.869692253691));
#2545 = CARTESIAN_POINT('',(-486.5308534552,12.299943095285,
    72.662891824336));
#2546 = CARTESIAN_POINT('',(-482.2516859036,12.424885002796,
    72.42567092947));
#2547 = CARTESIAN_POINT('',(-477.9730655022,12.438199583728,
    72.203901892924));
#2548 = CARTESIAN_POINT('',(-473.6960456193,12.319195321688,
    71.992450382571));
#2549 = CARTESIAN_POINT('',(-469.4152062773,12.331056023775,
    71.841919112463));
#2550 = CARTESIAN_POINT('',(-465.1421872703,12.167136557649,
    71.659751036049));
#2551 = CARTESIAN_POINT('',(-460.8166932288,11.799692260777,
    71.444834854055));
#2552 = CARTESIAN_POINT('',(-456.4952571487,11.646127752578,
    71.315961083714));
#2553 = CARTESIAN_POINT('',(-452.4504000069,11.471898517157,
    71.178200437593));
#2554 = CARTESIAN_POINT('',(-447.9424683801,10.804504657441,
    71.039207621992));
#2555 = CARTESIAN_POINT('',(-443.7524033406,10.92456592938,
    70.99738155442));
#2556 = CARTESIAN_POINT('',(-439.4974420849,8.122875567872,
    70.617144398806));
#2557 = CARTESIAN_POINT('',(-435.1419433011,7.139384403867,
    70.504621511022));
#2558 = CARTESIAN_POINT('',(-430.9728274171,5.169256554045,
    70.326401749866));
#2559 = CARTESIAN_POINT('',(-426.6766705817,3.171863821482,
    70.078186878413));
#2560 = CARTESIAN_POINT('',(-423.4568555526,5.310342540742,
    70.241228322725));
#2561 = CARTESIAN_POINT('',(-422.3597,2.288896045076,69.965563173302));
#2562 = CARTESIAN_POINT('',(-679.0382,0.582578003788,70.082341299478));
#2563 = CARTESIAN_POINT('',(-677.9018430398,-1.419467335706,
    70.293659305016));
#2564 = CARTESIAN_POINT('',(-674.6570379481,0.811230326896,
    69.98205568529));
#2565 = CARTESIAN_POINT('',(-670.4801286148,-0.217026599523,
    70.072073586861));
#2566 = CARTESIAN_POINT('',(-666.2529876958,-1.247894566377,
    70.093508217018));
#2567 = CARTESIAN_POINT('',(-661.8309289879,-1.227498504936,
    69.96631622986));
#2568 = CARTESIAN_POINT('',(-657.7320144142,-2.604047541292,
    70.069453994338));
#2569 = CARTESIAN_POINT('',(-653.3812140229,-2.099228355822,
    69.936100189703));
#2570 = CARTESIAN_POINT('',(-648.9513854559,-2.515597598508,
    69.944926629832));
#2571 = CARTESIAN_POINT('',(-644.9070855266,-1.111469429815,
    69.721841527101));
#2572 = CARTESIAN_POINT('',(-640.582063889,-1.34201057834,
    69.772397583184));
#2573 = CARTESIAN_POINT('',(-636.2554682792,-1.244587046459,
    69.793366668171));
#2574 = CARTESIAN_POINT('',(-631.9824711096,-1.329058153934,
    69.868280499343));
#2575 = CARTESIAN_POINT('',(-627.7019615338,-1.254445430463,
    69.909903549253));
#2576 = CARTESIAN_POINT('',(-623.4245711463,-1.281694943378,
    69.9895556976));
#2577 = CARTESIAN_POINT('',(-619.1463832312,-1.307683368238,
    70.081533295994));
#2578 = CARTESIAN_POINT('',(-614.8669156658,-1.238184483141,
    70.172823416917));
#2579 = CARTESIAN_POINT('',(-610.5898165078,-1.065842147208,
    70.260316054308));
#2580 = CARTESIAN_POINT('',(-606.3045105877,-0.967013135162,
    70.385394481137));
#2581 = CARTESIAN_POINT('',(-602.0277566031,-0.53381422912,
    70.538127341831));
#2582 = CARTESIAN_POINT('',(-597.7466019923,-0.215300947918,
    70.445225196508));
#2583 = CARTESIAN_POINT('',(-593.4714143357,0.511285786426,
    70.839444332211));
#2584 = CARTESIAN_POINT('',(-589.1936176105,1.254570089081,
    71.147162519788));
#2585 = CARTESIAN_POINT('',(-584.9304153006,2.152949827001,
    71.478398932369));
#2586 = CARTESIAN_POINT('',(-580.6563793824,2.914085124665,
    71.750850317347));
#2587 = CARTESIAN_POINT('',(-576.3740763318,3.56752478267,
    71.871663249997));
#2588 = CARTESIAN_POINT('',(-572.0987272234,3.835932982015,
    71.970334607239));
#2589 = CARTESIAN_POINT('',(-567.7524952784,3.885944670436,
    71.591021148264));
#2590 = CARTESIAN_POINT('',(-563.5775738445,3.405865484098,
    72.493785803985));
#2591 = CARTESIAN_POINT('',(-559.225311783,3.888696468587,
    72.698934595825));
#2592 = CARTESIAN_POINT('',(-554.9153030247,3.424127811102,
    73.61710164558));
#2593 = CARTESIAN_POINT('',(-550.6950514656,2.899275865809,
    73.443425192759));
#2594 = CARTESIAN_POINT('',(-546.5054520859,2.298294905159,
    74.032921177904));
#2595 = CARTESIAN_POINT('',(-542.014622175,2.092567021861,
    73.423767407255));
#2596 = CARTESIAN_POINT('',(-537.9789076762,1.041812504081,
    73.732206354651));
#2597 = CARTESIAN_POINT('',(-533.6216797195,0.938680000149,
    73.48680632691));
#2598 = CARTESIAN_POINT('',(-529.3043766466,1.396940308451,
    74.251157136827));
#2599 = CARTESIAN_POINT('',(-525.0222934397,2.255403555469,
    74.587211235912));
#2600 = CARTESIAN_POINT('',(-520.7416746921,3.335978025225,
    74.696642786963));
#2601 = CARTESIAN_POINT('',(-516.4671704399,4.582380671072,
    74.518422313638));
#2602 = CARTESIAN_POINT('',(-512.204407681,6.020386096106,
    74.160301555806));
#2603 = CARTESIAN_POINT('',(-507.9265429784,7.345868568732,
    73.754586404116));
#2604 = CARTESIAN_POINT('',(-503.6502824349,8.53474341612,
    73.373541642563));
#2605 = CARTESIAN_POINT('',(-499.3719688989,9.533794748485,
    73.039241656837));
#2606 = CARTESIAN_POINT('',(-495.0930022696,10.295810721326,
    72.882224877841));
#2607 = CARTESIAN_POINT('',(-490.8081538754,10.587873754328,
    72.603929326272));
#2608 = CARTESIAN_POINT('',(-486.5308534552,10.92446026493,
    72.411775078489));
#2609 = CARTESIAN_POINT('',(-482.2516859036,11.041582642273,
    72.194527677217));
#2610 = CARTESIAN_POINT('',(-477.9730655022,11.055439568,71.991257425517
    ));
#2611 = CARTESIAN_POINT('',(-473.6960456193,10.954307218083,
    71.798609713548));
#2612 = CARTESIAN_POINT('',(-469.4152062773,10.969837323369,
    71.661747428265));
#2613 = CARTESIAN_POINT('',(-465.1421872703,10.839405339572,
    71.4982514796));
#2614 = CARTESIAN_POINT('',(-460.8166932288,10.488286815621,
    71.300384987793));
#2615 = CARTESIAN_POINT('',(-456.4952571487,10.434916155147,
    71.202116919609));
#2616 = CARTESIAN_POINT('',(-452.4504000069,10.458667385768,
    71.110174136198));
#2617 = CARTESIAN_POINT('',(-447.9424683801,9.798041195521,
    70.985377493574));
#2618 = CARTESIAN_POINT('',(-443.7524033406,10.072327533543,
    70.977780817536));
#2619 = CARTESIAN_POINT('',(-439.4974420849,7.458263621064,
    70.637845204633));
#2620 = CARTESIAN_POINT('',(-435.1419433011,6.513176573238,
    70.538592071958));
#2621 = CARTESIAN_POINT('',(-430.9728274171,4.602463091919,
    70.37258272169));
#2622 = CARTESIAN_POINT('',(-426.6766705817,2.769983618746,
    70.157725788952));
#2623 = CARTESIAN_POINT('',(-423.4568555526,4.912481908222,
    70.332940647579));
#2624 = CARTESIAN_POINT('',(-422.3597,1.91281228622,70.056681782837));
#2625 = DEFINITIONAL_REPRESENTATION('',(#2626),#2630);
#2626 = LINE('',#2627,#2628);
#2627 = CARTESIAN_POINT('',(9.,0.));
#2628 = VECTOR('',#2629,1.);
#2629 = DIRECTION('',(0.,1.));
#2630 = ( GEOMETRIC_REPRESENTATION_CONTEXT(2) 
PARAMETRIC_REPRESENTATION_CONTEXT() REPRESENTATION_CONTEXT('2D SPACE',''
  ) );
#2631 = ORIENTED_EDGE('',*,*,#2632,.F.);
#2632 = EDGE_CURVE('',#2169,#2423,#2633,.T.);
#2633 = SURFACE_CURVE('',#2634,(#2637,#2644),.PCURVE_S1.);
#2634 = B_SPLINE_CURVE_WITH_KNOTS('',1,(#2635,#2636),.UNSPECIFIED.,.F.,
  .F.,(2,2),(8.,9.),.PIECEWISE_BEZIER_KNOTS.);
#2635 = CARTESIAN_POINT('',(-422.3597,2.559134652607,69.721422357888));
#2636 = CARTESIAN_POINT('',(-422.3597,2.288896045076,69.965563173302));
#2637 = PCURVE('',#2244,#2638);
#2638 = DEFINITIONAL_REPRESENTATION('',(#2639),#2643);
#2639 = LINE('',#2640,#2641);
#2640 = CARTESIAN_POINT('',(0.,1.));
#2641 = VECTOR('',#2642,1.);
#2642 = DIRECTION('',(1.,0.));
#2643 = ( GEOMETRIC_REPRESENTATION_CONTEXT(2) 
PARAMETRIC_REPRESENTATION_CONTEXT() REPRESENTATION_CONTEXT('2D SPACE',''
  ) );
#2644 = PCURVE('',#401,#2645);
#2645 = DEFINITIONAL_REPRESENTATION('',(#2646),#2649);
#2646 = B_SPLINE_CURVE_WITH_KNOTS('',1,(#2647,#2648),.UNSPECIFIED.,.F.,
  .F.,(2,2),(8.,9.),.PIECEWISE_BEZIER_KNOTS.);
#2647 = CARTESIAN_POINT('',(-2.794187971257,1.147033389847));
#2648 = CARTESIAN_POINT('',(-2.515903147242,1.381961462827));
#2649 = ( GEOMETRIC_REPRESENTATION_CONTEXT(2) 
PARAMETRIC_REPRESENTATION_CONTEXT() REPRESENTATION_CONTEXT('2D SPACE',''
  ) );
#2650 = ORIENTED_EDGE('',*,*,#2168,.F.);
#2651 = ADVANCED_FACE('',(#2652),#2498,.T.);
#2652 = FACE_BOUND('',#2653,.T.);
#2653 = EDGE_LOOP('',(#2654,#2675,#2885,#2904));
#2654 = ORIENTED_EDGE('',*,*,#2655,.T.);
#2655 = EDGE_CURVE('',#2402,#2656,#2658,.T.);
#2656 = VERTEX_POINT('',#2657);
#2657 = CARTESIAN_POINT('',(-679.0382,0.582578003788,70.082341299478));
#2658 = SURFACE_CURVE('',#2659,(#2662,#2669),.PCURVE_S1.);
#2659 = B_SPLINE_CURVE_WITH_KNOTS('',1,(#2660,#2661),.UNSPECIFIED.,.F.,
  .F.,(2,2),(9.,10.),.PIECEWISE_BEZIER_KNOTS.);
#2660 = CARTESIAN_POINT('',(-679.0382,0.982813396579,70.033961605948));
#2661 = CARTESIAN_POINT('',(-679.0382,0.582578003788,70.082341299478));
#2662 = PCURVE('',#2498,#2663);
#2663 = DEFINITIONAL_REPRESENTATION('',(#2664),#2668);
#2664 = LINE('',#2665,#2666);
#2665 = CARTESIAN_POINT('',(0.,0.));
#2666 = VECTOR('',#2667,1.);
#2667 = DIRECTION('',(1.,0.));
#2668 = ( GEOMETRIC_REPRESENTATION_CONTEXT(2) 
PARAMETRIC_REPRESENTATION_CONTEXT() REPRESENTATION_CONTEXT('2D SPACE',''
  ) );
#2669 = PCURVE('',#165,#2670);
#2670 = DEFINITIONAL_REPRESENTATION('',(#2671),#2674);
#2671 = B_SPLINE_CURVE_WITH_KNOTS('',1,(#2672,#2673),.UNSPECIFIED.,.F.,
  .F.,(2,2),(9.,10.),.PIECEWISE_BEZIER_KNOTS.);
#2672 = CARTESIAN_POINT('',(3.563126946396,-0.584103246023));
#2673 = CARTESIAN_POINT('',(3.96610112131,-0.595968267756));
#2674 = ( GEOMETRIC_REPRESENTATION_CONTEXT(2) 
PARAMETRIC_REPRESENTATION_CONTEXT() REPRESENTATION_CONTEXT('2D SPACE',''
  ) );
#2675 = ORIENTED_EDGE('',*,*,#2676,.T.);
#2676 = EDGE_CURVE('',#2656,#2677,#2679,.T.);
#2677 = VERTEX_POINT('',#2678);
#2678 = CARTESIAN_POINT('',(-422.3597,1.91281228622,70.056681782837));
#2679 = SURFACE_CURVE('',#2680,(#2744,#2751),.PCURVE_S1.);
#2680 = ( BOUNDED_CURVE() B_SPLINE_CURVE(3,(#2681,#2682,#2683,#2684,
    #2685,#2686,#2687,#2688,#2689,#2690,#2691,#2692,#2693,#2694,#2695,
    #2696,#2697,#2698,#2699,#2700,#2701,#2702,#2703,#2704,#2705,#2706,
    #2707,#2708,#2709,#2710,#2711,#2712,#2713,#2714,#2715,#2716,#2717,
    #2718,#2719,#2720,#2721,#2722,#2723,#2724,#2725,#2726,#2727,#2728,
    #2729,#2730,#2731,#2732,#2733,#2734,#2735,#2736,#2737,#2738,#2739,
    #2740,#2741,#2742,#2743),.UNSPECIFIED.,.F.,.F.) 
B_SPLINE_CURVE_WITH_KNOTS((4,1,1,1,1,1,1,1,1,1,1,1,1,1,1,1,1,1,1,1,1,1,1
    ,1,1,1,1,1,1,1,1,1,1,1,1,1,1,1,1,1,1,1,1,1,1,1,1,1,1,1,1,1,1,1,1,1,1
    ,1,1,1,4),(0.,1.671164831231E-02,3.327803306227E-02,
    5.000925566809E-02,6.648034363626E-02,8.347574416348E-02,
    9.998031801332E-02,0.116453562429,0.133787455732,0.150582398826,
    0.167003889564,0.183421183117,0.199831572897,0.216243077967,
    0.232654966281,0.249069049,0.265493630469,0.281929899437,
    0.298422530809,0.314972313288,0.331595845732,0.348279560524,
    0.365009232075,0.38168560036,0.398277240471,0.414799735375,
    0.431302994143,0.448140075223,0.464749604184,0.481553115126,
    0.498808354232,0.516050152658,0.532842545742,0.550335828942,
    0.567153130692,0.583652514422,0.600175882991,0.616768685323,
    0.633448038712,0.650182180915,0.666869665762,0.683497438564,
    0.700056495454,0.716547762365,0.732983596882,0.749407921308,
    0.765822295641,0.782233728406,0.798646209918,0.81505724388,
    0.831476734885,0.847901722287,0.864693603231,0.881980563987,
    0.898448960139,0.915352013848,0.932295303855,0.949097785181,
0.966200565614,0.982806308198,1.),.UNSPECIFIED.) CURVE() 
GEOMETRIC_REPRESENTATION_ITEM() RATIONAL_B_SPLINE_CURVE((1.,
    0.999999999979,1.00000000001,0.999999999997,1.000000000001,1.,1.,1.,
    1.,1.,1.,1.,1.,1.,1.,1.,1.,1.,1.,1.,1.,1.,1.,1.,1.,1.,1.,1.,1.,1.,1.
    ,1.,1.,1.,1.,1.,1.,1.,1.,1.,1.,1.,1.,1.,1.,1.,1.,1.,1.,1.,1.,1.,1.,
    1.,1.,1.,1.,1.,0.999999999998,1.000000000007,0.999999999976,
1.000000000054,1.)) REPRESENTATION_ITEM('') );
#2681 = CARTESIAN_POINT('',(-679.0382,0.582578003788,70.082341299478));
#2682 = CARTESIAN_POINT('',(-677.9018430398,-1.419467335706,
    70.293659305016));
#2683 = CARTESIAN_POINT('',(-674.6570379481,0.811230326896,
    69.98205568529));
#2684 = CARTESIAN_POINT('',(-670.4801286148,-0.217026599523,
    70.072073586861));
#2685 = CARTESIAN_POINT('',(-666.2529876958,-1.247894566377,
    70.093508217018));
#2686 = CARTESIAN_POINT('',(-661.8309289879,-1.227498504936,
    69.96631622986));
#2687 = CARTESIAN_POINT('',(-657.7320144142,-2.604047541292,
    70.069453994338));
#2688 = CARTESIAN_POINT('',(-653.3812140229,-2.099228355822,
    69.936100189703));
#2689 = CARTESIAN_POINT('',(-648.9513854559,-2.515597598508,
    69.944926629832));
#2690 = CARTESIAN_POINT('',(-644.9070855266,-1.111469429815,
    69.721841527101));
#2691 = CARTESIAN_POINT('',(-640.582063889,-1.34201057834,
    69.772397583184));
#2692 = CARTESIAN_POINT('',(-636.2554682792,-1.244587046459,
    69.793366668171));
#2693 = CARTESIAN_POINT('',(-631.9824711096,-1.329058153934,
    69.868280499343));
#2694 = CARTESIAN_POINT('',(-627.7019615338,-1.254445430463,
    69.909903549253));
#2695 = CARTESIAN_POINT('',(-623.4245711463,-1.281694943378,
    69.9895556976));
#2696 = CARTESIAN_POINT('',(-619.1463832312,-1.307683368238,
    70.081533295994));
#2697 = CARTESIAN_POINT('',(-614.8669156658,-1.238184483141,
    70.172823416917));
#2698 = CARTESIAN_POINT('',(-610.5898165078,-1.065842147208,
    70.260316054308));
#2699 = CARTESIAN_POINT('',(-606.3045105877,-0.967013135162,
    70.385394481137));
#2700 = CARTESIAN_POINT('',(-602.0277566031,-0.53381422912,
    70.538127341831));
#2701 = CARTESIAN_POINT('',(-597.7466019923,-0.215300947918,
    70.445225196508));
#2702 = CARTESIAN_POINT('',(-593.4714143357,0.511285786426,
    70.839444332211));
#2703 = CARTESIAN_POINT('',(-589.1936176105,1.254570089081,
    71.147162519788));
#2704 = CARTESIAN_POINT('',(-584.9304153006,2.152949827001,
    71.478398932369));
#2705 = CARTESIAN_POINT('',(-580.6563793824,2.914085124665,
    71.750850317347));
#2706 = CARTESIAN_POINT('',(-576.3740763318,3.56752478267,
    71.871663249997));
#2707 = CARTESIAN_POINT('',(-572.0987272234,3.835932982015,
    71.970334607239));
#2708 = CARTESIAN_POINT('',(-567.7524952784,3.885944670436,
    71.591021148264));
#2709 = CARTESIAN_POINT('',(-563.5775738445,3.405865484098,
    72.493785803985));
#2710 = CARTESIAN_POINT('',(-559.225311783,3.888696468587,
    72.698934595825));
#2711 = CARTESIAN_POINT('',(-554.9153030247,3.424127811102,
    73.61710164558));
#2712 = CARTESIAN_POINT('',(-550.6950514656,2.899275865809,
    73.443425192759));
#2713 = CARTESIAN_POINT('',(-546.5054520859,2.298294905159,
    74.032921177904));
#2714 = CARTESIAN_POINT('',(-542.014622175,2.092567021861,
    73.423767407255));
#2715 = CARTESIAN_POINT('',(-537.9789076762,1.041812504081,
    73.732206354651));
#2716 = CARTESIAN_POINT('',(-533.6216797195,0.938680000149,
    73.48680632691));
#2717 = CARTESIAN_POINT('',(-529.3043766466,1.396940308451,
    74.251157136827));
#2718 = CARTESIAN_POINT('',(-525.0222934397,2.255403555469,
    74.587211235912));
#2719 = CARTESIAN_POINT('',(-520.7416746921,3.335978025225,
    74.696642786963));
#2720 = CARTESIAN_POINT('',(-516.4671704399,4.582380671072,
    74.518422313638));
#2721 = CARTESIAN_POINT('',(-512.204407681,6.020386096106,
    74.160301555806));
#2722 = CARTESIAN_POINT('',(-507.9265429784,7.345868568732,
    73.754586404116));
#2723 = CARTESIAN_POINT('',(-503.6502824349,8.53474341612,
    73.373541642563));
#2724 = CARTESIAN_POINT('',(-499.3719688989,9.533794748485,
    73.039241656837));
#2725 = CARTESIAN_POINT('',(-495.0930022696,10.295810721326,
    72.882224877841));
#2726 = CARTESIAN_POINT('',(-490.8081538754,10.587873754328,
    72.603929326272));
#2727 = CARTESIAN_POINT('',(-486.5308534552,10.92446026493,
    72.411775078489));
#2728 = CARTESIAN_POINT('',(-482.2516859036,11.041582642273,
    72.194527677217));
#2729 = CARTESIAN_POINT('',(-477.9730655022,11.055439568,71.991257425517
    ));
#2730 = CARTESIAN_POINT('',(-473.6960456193,10.954307218083,
    71.798609713548));
#2731 = CARTESIAN_POINT('',(-469.4152062773,10.969837323369,
    71.661747428265));
#2732 = CARTESIAN_POINT('',(-465.1421872703,10.839405339572,
    71.4982514796));
#2733 = CARTESIAN_POINT('',(-460.8166932288,10.488286815621,
    71.300384987793));
#2734 = CARTESIAN_POINT('',(-456.4952571487,10.434916155147,
    71.202116919609));
#2735 = CARTESIAN_POINT('',(-452.4504000069,10.458667385768,
    71.110174136198));
#2736 = CARTESIAN_POINT('',(-447.9424683801,9.798041195521,
    70.985377493574));
#2737 = CARTESIAN_POINT('',(-443.7524033406,10.072327533543,
    70.977780817536));
#2738 = CARTESIAN_POINT('',(-439.4974420849,7.458263621064,
    70.637845204633));
#2739 = CARTESIAN_POINT('',(-435.1419433011,6.513176573238,
    70.538592071958));
#2740 = CARTESIAN_POINT('',(-430.9728274171,4.602463091919,
    70.37258272169));
#2741 = CARTESIAN_POINT('',(-426.6766705817,2.769983618746,
    70.157725788952));
#2742 = CARTESIAN_POINT('',(-423.4568555526,4.912481908222,
    70.332940647579));
#2743 = CARTESIAN_POINT('',(-422.3597,1.91281228622,70.056681782837));
#2744 = PCURVE('',#2498,#2745);
#2745 = DEFINITIONAL_REPRESENTATION('',(#2746),#2750);
#2746 = LINE('',#2747,#2748);
#2747 = CARTESIAN_POINT('',(10.,0.));
#2748 = VECTOR('',#2749,1.);
#2749 = DIRECTION('',(0.,1.));
#2750 = ( GEOMETRIC_REPRESENTATION_CONTEXT(2) 
PARAMETRIC_REPRESENTATION_CONTEXT() REPRESENTATION_CONTEXT('2D SPACE',''
  ) );
#2751 = PCURVE('',#2752,#2879);
#2752 = ( BOUNDED_SURFACE() B_SPLINE_SURFACE(1,3,(
    (#2753,#2754,#2755,#2756,#2757,#2758,#2759,#2760,#2761,#2762,#2763
      ,#2764,#2765,#2766,#2767,#2768,#2769,#2770,#2771,#2772,#2773,#2774
      ,#2775,#2776,#2777,#2778,#2779,#2780,#2781,#2782,#2783,#2784,#2785
      ,#2786,#2787,#2788,#2789,#2790,#2791,#2792,#2793,#2794,#2795,#2796
      ,#2797,#2798,#2799,#2800,#2801,#2802,#2803,#2804,#2805,#2806,#2807
      ,#2808,#2809,#2810,#2811,#2812,#2813,#2814,#2815)
    ,(#2816,#2817,#2818,#2819,#2820,#2821,#2822,#2823,#2824,#2825,#2826
      ,#2827,#2828,#2829,#2830,#2831,#2832,#2833,#2834,#2835,#2836,#2837
      ,#2838,#2839,#2840,#2841,#2842,#2843,#2844,#2845,#2846,#2847,#2848
      ,#2849,#2850,#2851,#2852,#2853,#2854,#2855,#2856,#2857,#2858,#2859
      ,#2860,#2861,#2862,#2863,#2864,#2865,#2866,#2867,#2868,#2869,#2870
      ,#2871,#2872,#2873,#2874,#2875,#2876,#2877,#2878
)),.UNSPECIFIED.,.F.,.F.,.F.) B_SPLINE_SURFACE_WITH_KNOTS((2,2),(4,1,1,1
    ,1,1,1,1,1,1,1,1,1,1,1,1,1,1,1,1,1,1,1,1,1,1,1,1,1,1,1,1,1,1,1,1,1,1
    ,1,1,1,1,1,1,1,1,1,1,1,1,1,1,1,1,1,1,1,1,1,1,4),(10.,11.),(0.,
    1.671164831231E-02,3.327803306227E-02,5.000925566809E-02,
    6.648034363626E-02,8.347574416348E-02,9.998031801332E-02,
    0.116453562429,0.133787455732,0.150582398826,0.167003889564,
    0.183421183117,0.199831572897,0.216243077967,0.232654966281,
    0.249069049,0.265493630469,0.281929899437,0.298422530809,
    0.314972313288,0.331595845732,0.348279560524,0.365009232075,
    0.38168560036,0.398277240471,0.414799735375,0.431302994143,
    0.448140075223,0.464749604184,0.481553115126,0.498808354232,
    0.516050152658,0.532842545742,0.550335828942,0.567153130692,
    0.583652514422,0.600175882991,0.616768685323,0.633448038712,
    0.650182180915,0.666869665762,0.683497438564,0.700056495454,
    0.716547762365,0.732983596882,0.749407921308,0.765822295641,
    0.782233728406,0.798646209918,0.81505724388,0.831476734885,
    0.847901722287,0.864693603231,0.881980563987,0.898448960139,
    0.915352013848,0.932295303855,0.949097785181,0.966200565614,
0.982806308198,1.),.UNSPECIFIED.) GEOMETRIC_REPRESENTATION_ITEM() 
RATIONAL_B_SPLINE_SURFACE((
    (1.,0.999999999979,1.00000000001,0.999999999997,1.000000000001,1.,1.
      ,1.,1.,1.,1.,1.,1.,1.,1.,1.,1.,1.,1.,1.,1.,1.,1.,1.,1.,1.,1.,1.,1.
      ,1.,1.,1.,1.,1.,1.,1.,1.,1.,1.,1.,1.,1.,1.,1.,1.,1.,1.,1.,1.,1.,1.
      ,1.,1.,1.,1.,1.,1.,1.,0.999999999998,1.000000000007,0.999999999976
      ,1.000000000054,1.)
    ,(1.,0.999999999979,1.00000000001,0.999999999997,1.000000000001,1.
      ,1.,1.,1.,1.,1.,1.,1.,1.,1.,1.,1.,1.,1.,1.,1.,1.,1.,1.,1.,1.,1.,1.
      ,1.,1.,1.,1.,1.,1.,1.,1.,1.,1.,1.,1.,1.,1.,1.,1.,1.,1.,1.,1.,1.,1.
      ,1.,1.,1.,1.,1.,1.,1.,1.,0.999999999998,1.000000000007
,0.999999999976,1.000000000054,1.
  ))) REPRESENTATION_ITEM('') SURFACE() );
#2753 = CARTESIAN_POINT('',(-679.0382,0.582578003788,70.082341299478));
#2754 = CARTESIAN_POINT('',(-677.9018430398,-1.419467335706,
    70.293659305016));
#2755 = CARTESIAN_POINT('',(-674.6570379481,0.811230326896,
    69.98205568529));
#2756 = CARTESIAN_POINT('',(-670.4801286148,-0.217026599523,
    70.072073586861));
#2757 = CARTESIAN_POINT('',(-666.2529876958,-1.247894566377,
    70.093508217018));
#2758 = CARTESIAN_POINT('',(-661.8309289879,-1.227498504936,
    69.96631622986));
#2759 = CARTESIAN_POINT('',(-657.7320144142,-2.604047541292,
    70.069453994338));
#2760 = CARTESIAN_POINT('',(-653.3812140229,-2.099228355822,
    69.936100189703));
#2761 = CARTESIAN_POINT('',(-648.9513854559,-2.515597598508,
    69.944926629832));
#2762 = CARTESIAN_POINT('',(-644.9070855266,-1.111469429815,
    69.721841527101));
#2763 = CARTESIAN_POINT('',(-640.582063889,-1.34201057834,
    69.772397583184));
#2764 = CARTESIAN_POINT('',(-636.2554682792,-1.244587046459,
    69.793366668171));
#2765 = CARTESIAN_POINT('',(-631.9824711096,-1.329058153934,
    69.868280499343));
#2766 = CARTESIAN_POINT('',(-627.7019615338,-1.254445430463,
    69.909903549253));
#2767 = CARTESIAN_POINT('',(-623.4245711463,-1.281694943378,
    69.9895556976));
#2768 = CARTESIAN_POINT('',(-619.1463832312,-1.307683368238,
    70.081533295994));
#2769 = CARTESIAN_POINT('',(-614.8669156658,-1.238184483141,
    70.172823416917));
#2770 = CARTESIAN_POINT('',(-610.5898165078,-1.065842147208,
    70.260316054308));
#2771 = CARTESIAN_POINT('',(-606.3045105877,-0.967013135162,
    70.385394481137));
#2772 = CARTESIAN_POINT('',(-602.0277566031,-0.53381422912,
    70.538127341831));
#2773 = CARTESIAN_POINT('',(-597.7466019923,-0.215300947918,
    70.445225196508));
#2774 = CARTESIAN_POINT('',(-593.4714143357,0.511285786426,
    70.839444332211));
#2775 = CARTESIAN_POINT('',(-589.1936176105,1.254570089081,
    71.147162519788));
#2776 = CARTESIAN_POINT('',(-584.9304153006,2.152949827001,
    71.478398932369));
#2777 = CARTESIAN_POINT('',(-580.6563793824,2.914085124665,
    71.750850317347));
#2778 = CARTESIAN_POINT('',(-576.3740763318,3.56752478267,
    71.871663249997));
#2779 = CARTESIAN_POINT('',(-572.0987272234,3.835932982015,
    71.970334607239));
#2780 = CARTESIAN_POINT('',(-567.7524952784,3.885944670436,
    71.591021148264));
#2781 = CARTESIAN_POINT('',(-563.5775738445,3.405865484098,
    72.493785803985));
#2782 = CARTESIAN_POINT('',(-559.225311783,3.888696468587,
    72.698934595825));
#2783 = CARTESIAN_POINT('',(-554.9153030247,3.424127811102,
    73.61710164558));
#2784 = CARTESIAN_POINT('',(-550.6950514656,2.899275865809,
    73.443425192759));
#2785 = CARTESIAN_POINT('',(-546.5054520859,2.298294905159,
    74.032921177904));
#2786 = CARTESIAN_POINT('',(-542.014622175,2.092567021861,
    73.423767407255));
#2787 = CARTESIAN_POINT('',(-537.9789076762,1.041812504081,
    73.732206354651));
#2788 = CARTESIAN_POINT('',(-533.6216797195,0.938680000149,
    73.48680632691));
#2789 = CARTESIAN_POINT('',(-529.3043766466,1.396940308451,
    74.251157136827));
#2790 = CARTESIAN_POINT('',(-525.0222934397,2.255403555469,
    74.587211235912));
#2791 = CARTESIAN_POINT('',(-520.7416746921,3.335978025225,
    74.696642786963));
#2792 = CARTESIAN_POINT('',(-516.4671704399,4.582380671072,
    74.518422313638));
#2793 = CARTESIAN_POINT('',(-512.204407681,6.020386096106,
    74.160301555806));
#2794 = CARTESIAN_POINT('',(-507.9265429784,7.345868568732,
    73.754586404116));
#2795 = CARTESIAN_POINT('',(-503.6502824349,8.53474341612,
    73.373541642563));
#2796 = CARTESIAN_POINT('',(-499.3719688989,9.533794748485,
    73.039241656837));
#2797 = CARTESIAN_POINT('',(-495.0930022696,10.295810721326,
    72.882224877841));
#2798 = CARTESIAN_POINT('',(-490.8081538754,10.587873754328,
    72.603929326272));
#2799 = CARTESIAN_POINT('',(-486.5308534552,10.92446026493,
    72.411775078489));
#2800 = CARTESIAN_POINT('',(-482.2516859036,11.041582642273,
    72.194527677217));
#2801 = CARTESIAN_POINT('',(-477.9730655022,11.055439568,71.991257425517
    ));
#2802 = CARTESIAN_POINT('',(-473.6960456193,10.954307218083,
    71.798609713548));
#2803 = CARTESIAN_POINT('',(-469.4152062773,10.969837323369,
    71.661747428265));
#2804 = CARTESIAN_POINT('',(-465.1421872703,10.839405339572,
    71.4982514796));
#2805 = CARTESIAN_POINT('',(-460.8166932288,10.488286815621,
    71.300384987793));
#2806 = CARTESIAN_POINT('',(-456.4952571487,10.434916155147,
    71.202116919609));
#2807 = CARTESIAN_POINT('',(-452.4504000069,10.458667385768,
    71.110174136198));
#2808 = CARTESIAN_POINT('',(-447.9424683801,9.798041195521,
    70.985377493574));
#2809 = CARTESIAN_POINT('',(-443.7524033406,10.072327533543,
    70.977780817536));
#2810 = CARTESIAN_POINT('',(-439.4974420849,7.458263621064,
    70.637845204633));
#2811 = CARTESIAN_POINT('',(-435.1419433011,6.513176573238,
    70.538592071958));
#2812 = CARTESIAN_POINT('',(-430.9728274171,4.602463091919,
    70.37258272169));
#2813 = CARTESIAN_POINT('',(-426.6766705817,2.769983618746,
    70.157725788952));
#2814 = CARTESIAN_POINT('',(-423.4568555526,4.912481908222,
    70.332940647579));
#2815 = CARTESIAN_POINT('',(-422.3597,1.91281228622,70.056681782837));
#2816 = CARTESIAN_POINT('',(-679.0382,0.181460726291,70.122758847182));
#2817 = CARTESIAN_POINT('',(-677.9018430398,-2.017157400195,
    70.362611725688));
#2818 = CARTESIAN_POINT('',(-674.6570379481,0.350545267967,
    70.033865178883));
#2819 = CARTESIAN_POINT('',(-670.4801286148,-0.861313408359,
    70.154789615669));
#2820 = CARTESIAN_POINT('',(-666.2529876958,-1.933724385929,
    70.184091278435));
#2821 = CARTESIAN_POINT('',(-661.8309289879,-1.868128619362,
    70.054425952432));
#2822 = CARTESIAN_POINT('',(-657.7320144142,-3.480841032768,
    70.202127605002));
#2823 = CARTESIAN_POINT('',(-653.3812140229,-3.018936417671,
    70.087474081116));
#2824 = CARTESIAN_POINT('',(-648.9513854559,-3.468710513344,
    70.11309960664));
#2825 = CARTESIAN_POINT('',(-644.9070855266,-2.256244501929,
    69.933223799898));
#2826 = CARTESIAN_POINT('',(-640.582063889,-2.664863840073,
    70.027109737202));
#2827 = CARTESIAN_POINT('',(-636.2554682792,-2.556094122645,
    70.058764131288));
#2828 = CARTESIAN_POINT('',(-631.9824711096,-2.676314378672,
    70.151965564299));
#2829 = CARTESIAN_POINT('',(-627.7019615338,-2.604027126347,
    70.205502896123));
#2830 = CARTESIAN_POINT('',(-623.4245711463,-2.643507034021,
    70.301296986163));
#2831 = CARTESIAN_POINT('',(-619.1463832312,-2.674878060584,
    70.410827912064));
#2832 = CARTESIAN_POINT('',(-614.8669156658,-2.59440756307,
    70.518179327463));
#2833 = CARTESIAN_POINT('',(-610.5898165078,-2.397222873632,
    70.620403717052));
#2834 = CARTESIAN_POINT('',(-606.3045105877,-2.270387693461,
    70.764769817281));
#2835 = CARTESIAN_POINT('',(-602.0277566031,-1.780075623391,
    70.923658090591));
#2836 = CARTESIAN_POINT('',(-597.7466019923,-1.389881861604,
    70.872643448528));
#2837 = CARTESIAN_POINT('',(-593.4714143357,-0.582983965997,
    71.28155403442));
#2838 = CARTESIAN_POINT('',(-589.1936176105,0.247919872977,
    71.616451504027));
#2839 = CARTESIAN_POINT('',(-584.9304153006,1.231703289838,
    71.945194194964));
#2840 = CARTESIAN_POINT('',(-580.6563793824,2.076288815711,
    72.211162821588));
#2841 = CARTESIAN_POINT('',(-576.3740763318,2.810185283096,
    72.314368269734));
#2842 = CARTESIAN_POINT('',(-572.0987272234,3.132894138584,
    72.351132654773));
#2843 = CARTESIAN_POINT('',(-567.7524952784,3.27771895352,
    71.945684060965));
#2844 = CARTESIAN_POINT('',(-563.5775738445,2.706054359689,
    72.679651191314));
#2845 = CARTESIAN_POINT('',(-559.225311783,3.443387549688,
    73.034865022636));
#2846 = CARTESIAN_POINT('',(-554.9153030247,2.864943486798,
    73.819949292671));
#2847 = CARTESIAN_POINT('',(-550.6950514656,2.388406792084,
    73.611483211809));
#2848 = CARTESIAN_POINT('',(-546.5054520859,1.725473273153,
    74.129788561757));
#2849 = CARTESIAN_POINT('',(-542.014622175,1.620069189363,
    73.559304965902));
#2850 = CARTESIAN_POINT('',(-537.9789076762,0.292956575122,
    73.631871940793));
#2851 = CARTESIAN_POINT('',(-533.6216797195,0.255795137591,73.3882689335
    ));
#2852 = CARTESIAN_POINT('',(-529.3043766466,0.614843692501,
    74.092504294465));
#2853 = CARTESIAN_POINT('',(-525.0222934397,1.411824003108,
    74.369770452372));
#2854 = CARTESIAN_POINT('',(-520.7416746921,2.418702555686,
    74.437708567118));
#2855 = CARTESIAN_POINT('',(-516.4671704399,3.602766605317,
    74.187889363802));
#2856 = CARTESIAN_POINT('',(-512.204407681,4.969750376347,73.80159185398
    ));
#2857 = CARTESIAN_POINT('',(-507.9265429784,6.222072744198,
    73.385672075981));
#2858 = CARTESIAN_POINT('',(-503.6502824349,7.348823487244,
    72.964846072943));
#2859 = CARTESIAN_POINT('',(-499.3719688989,8.26752558741,
    72.721617555145));
#2860 = CARTESIAN_POINT('',(-495.0930022696,8.978643408465,
    72.555954012879));
#2861 = CARTESIAN_POINT('',(-490.8081538754,9.241680003884,
    72.301267054627));
#2862 = CARTESIAN_POINT('',(-486.5308534552,9.556043972363,
    72.124232044629));
#2863 = CARTESIAN_POINT('',(-482.2516859036,9.66484648339,
    71.926714557012));
#2864 = CARTESIAN_POINT('',(-477.9730655022,9.678759919317,
    71.741897038579));
#2865 = CARTESIAN_POINT('',(-473.6960456193,9.595090219566,
    71.567947767492));
#2866 = CARTESIAN_POINT('',(-469.4152062773,9.613942640341,
    71.444701428456));
#2867 = CARTESIAN_POINT('',(-465.1421872703,9.516631053851,
    71.299761832942));
#2868 = CARTESIAN_POINT('',(-460.8166932288,9.181427257995,
    71.118854459326));
#2869 = CARTESIAN_POINT('',(-456.4952571487,9.227760543318,
    71.050944212583));
#2870 = CARTESIAN_POINT('',(-452.4504000069,9.448639854286,
    71.004143731988));
#2871 = CARTESIAN_POINT('',(-447.9424683801,8.794239948879,
    70.89343261021));
#2872 = CARTESIAN_POINT('',(-443.7524033406,9.221883047187,
    70.919441448722));
#2873 = CARTESIAN_POINT('',(-439.4974420849,6.793560518084,
    70.618388233309));
#2874 = CARTESIAN_POINT('',(-435.1419433011,5.885877424951,
    70.531846095849));
#2875 = CARTESIAN_POINT('',(-430.9728274171,4.033723836436,
    70.377596388885));
#2876 = CARTESIAN_POINT('',(-426.6766705817,2.362496562988,
    70.19289711955));
#2877 = CARTESIAN_POINT('',(-423.4568555526,4.504891566919,
    70.376823062604));
#2878 = CARTESIAN_POINT('',(-422.3597,1.528068953352,70.101857918465));
#2879 = DEFINITIONAL_REPRESENTATION('',(#2880),#2884);
#2880 = LINE('',#2881,#2882);
#2881 = CARTESIAN_POINT('',(10.,0.));
#2882 = VECTOR('',#2883,1.);
#2883 = DIRECTION('',(0.,1.));
#2884 = ( GEOMETRIC_REPRESENTATION_CONTEXT(2) 
PARAMETRIC_REPRESENTATION_CONTEXT() REPRESENTATION_CONTEXT('2D SPACE',''
  ) );
#2885 = ORIENTED_EDGE('',*,*,#2886,.F.);
#2886 = EDGE_CURVE('',#2423,#2677,#2887,.T.);
#2887 = SURFACE_CURVE('',#2888,(#2891,#2898),.PCURVE_S1.);
#2888 = B_SPLINE_CURVE_WITH_KNOTS('',1,(#2889,#2890),.UNSPECIFIED.,.F.,
  .F.,(2,2),(9.,10.),.PIECEWISE_BEZIER_KNOTS.);
#2889 = CARTESIAN_POINT('',(-422.3597,2.288896045076,69.965563173302));
#2890 = CARTESIAN_POINT('',(-422.3597,1.91281228622,70.056681782837));
#2891 = PCURVE('',#2498,#2892);
#2892 = DEFINITIONAL_REPRESENTATION('',(#2893),#2897);
#2893 = LINE('',#2894,#2895);
#2894 = CARTESIAN_POINT('',(0.,1.));
#2895 = VECTOR('',#2896,1.);
#2896 = DIRECTION('',(1.,0.));
#2897 = ( GEOMETRIC_REPRESENTATION_CONTEXT(2) 
PARAMETRIC_REPRESENTATION_CONTEXT() REPRESENTATION_CONTEXT('2D SPACE',''
  ) );
#2898 = PCURVE('',#401,#2899);
#2899 = DEFINITIONAL_REPRESENTATION('',(#2900),#2903);
#2900 = B_SPLINE_CURVE_WITH_KNOTS('',1,(#2901,#2902),.UNSPECIFIED.,.F.,
  .F.,(2,2),(9.,10.),.PIECEWISE_BEZIER_KNOTS.);
#2901 = CARTESIAN_POINT('',(-2.515903147242,1.381961462827));
#2902 = CARTESIAN_POINT('',(-2.136971599648,1.460399189192));
#2903 = ( GEOMETRIC_REPRESENTATION_CONTEXT(2) 
PARAMETRIC_REPRESENTATION_CONTEXT() REPRESENTATION_CONTEXT('2D SPACE',''
  ) );
#2904 = ORIENTED_EDGE('',*,*,#2422,.F.);
#2905 = ADVANCED_FACE('',(#2906),#2752,.T.);
#2906 = FACE_BOUND('',#2907,.T.);
#2907 = EDGE_LOOP('',(#2908,#2929,#3139,#3158));
#2908 = ORIENTED_EDGE('',*,*,#2909,.T.);
#2909 = EDGE_CURVE('',#2656,#2910,#2912,.T.);
#2910 = VERTEX_POINT('',#2911);
#2911 = CARTESIAN_POINT('',(-679.0382,0.181460726291,70.122758847182));
#2912 = SURFACE_CURVE('',#2913,(#2916,#2923),.PCURVE_S1.);
#2913 = B_SPLINE_CURVE_WITH_KNOTS('',1,(#2914,#2915),.UNSPECIFIED.,.F.,
  .F.,(2,2),(10.,11.),.PIECEWISE_BEZIER_KNOTS.);
#2914 = CARTESIAN_POINT('',(-679.0382,0.582578003788,70.082341299478));
#2915 = CARTESIAN_POINT('',(-679.0382,0.181460726291,70.122758847182));
#2916 = PCURVE('',#2752,#2917);
#2917 = DEFINITIONAL_REPRESENTATION('',(#2918),#2922);
#2918 = LINE('',#2919,#2920);
#2919 = CARTESIAN_POINT('',(0.,0.));
#2920 = VECTOR('',#2921,1.);
#2921 = DIRECTION('',(1.,0.));
#2922 = ( GEOMETRIC_REPRESENTATION_CONTEXT(2) 
PARAMETRIC_REPRESENTATION_CONTEXT() REPRESENTATION_CONTEXT('2D SPACE',''
  ) );
#2923 = PCURVE('',#165,#2924);
#2924 = DEFINITIONAL_REPRESENTATION('',(#2925),#2928);
#2925 = B_SPLINE_CURVE_WITH_KNOTS('',1,(#2926,#2927),.UNSPECIFIED.,.F.,
  .F.,(2,2),(10.,11.),.PIECEWISE_BEZIER_KNOTS.);
#2926 = CARTESIAN_POINT('',(3.96610112131,-0.595968267756));
#2927 = CARTESIAN_POINT('',(4.369231102874,-0.599823969225));
#2928 = ( GEOMETRIC_REPRESENTATION_CONTEXT(2) 
PARAMETRIC_REPRESENTATION_CONTEXT() REPRESENTATION_CONTEXT('2D SPACE',''
  ) );
#2929 = ORIENTED_EDGE('',*,*,#2930,.T.);
#2930 = EDGE_CURVE('',#2910,#2931,#2933,.T.);
#2931 = VERTEX_POINT('',#2932);
#2932 = CARTESIAN_POINT('',(-422.3597,1.528068953352,70.101857918465));
#2933 = SURFACE_CURVE('',#2934,(#2998,#3005),.PCURVE_S1.);
#2934 = ( BOUNDED_CURVE() B_SPLINE_CURVE(3,(#2935,#2936,#2937,#2938,
    #2939,#2940,#2941,#2942,#2943,#2944,#2945,#2946,#2947,#2948,#2949,
    #2950,#2951,#2952,#2953,#2954,#2955,#2956,#2957,#2958,#2959,#2960,
    #2961,#2962,#2963,#2964,#2965,#2966,#2967,#2968,#2969,#2970,#2971,
    #2972,#2973,#2974,#2975,#2976,#2977,#2978,#2979,#2980,#2981,#2982,
    #2983,#2984,#2985,#2986,#2987,#2988,#2989,#2990,#2991,#2992,#2993,
    #2994,#2995,#2996,#2997),.UNSPECIFIED.,.F.,.F.) 
B_SPLINE_CURVE_WITH_KNOTS((4,1,1,1,1,1,1,1,1,1,1,1,1,1,1,1,1,1,1,1,1,1,1
    ,1,1,1,1,1,1,1,1,1,1,1,1,1,1,1,1,1,1,1,1,1,1,1,1,1,1,1,1,1,1,1,1,1,1
    ,1,1,1,4),(0.,1.671164831231E-02,3.327803306227E-02,
    5.000925566809E-02,6.648034363626E-02,8.347574416348E-02,
    9.998031801332E-02,0.116453562429,0.133787455732,0.150582398826,
    0.167003889564,0.183421183117,0.199831572897,0.216243077967,
    0.232654966281,0.249069049,0.265493630469,0.281929899437,
    0.298422530809,0.314972313288,0.331595845732,0.348279560524,
    0.365009232075,0.38168560036,0.398277240471,0.414799735375,
    0.431302994143,0.448140075223,0.464749604184,0.481553115126,
    0.498808354232,0.516050152658,0.532842545742,0.550335828942,
    0.567153130692,0.583652514422,0.600175882991,0.616768685323,
    0.633448038712,0.650182180915,0.666869665762,0.683497438564,
    0.700056495454,0.716547762365,0.732983596882,0.749407921308,
    0.765822295641,0.782233728406,0.798646209918,0.81505724388,
    0.831476734885,0.847901722287,0.864693603231,0.881980563987,
    0.898448960139,0.915352013848,0.932295303855,0.949097785181,
0.966200565614,0.982806308198,1.),.UNSPECIFIED.) CURVE() 
GEOMETRIC_REPRESENTATION_ITEM() RATIONAL_B_SPLINE_CURVE((1.,
    0.999999999979,1.00000000001,0.999999999997,1.000000000001,1.,1.,1.,
    1.,1.,1.,1.,1.,1.,1.,1.,1.,1.,1.,1.,1.,1.,1.,1.,1.,1.,1.,1.,1.,1.,1.
    ,1.,1.,1.,1.,1.,1.,1.,1.,1.,1.,1.,1.,1.,1.,1.,1.,1.,1.,1.,1.,1.,1.,
    1.,1.,1.,1.,1.,0.999999999998,1.000000000007,0.999999999976,
1.000000000054,1.)) REPRESENTATION_ITEM('') );
#2935 = CARTESIAN_POINT('',(-679.0382,0.181460726291,70.122758847182));
#2936 = CARTESIAN_POINT('',(-677.9018430398,-2.017157400195,
    70.362611725688));
#2937 = CARTESIAN_POINT('',(-674.6570379481,0.350545267967,
    70.033865178883));
#2938 = CARTESIAN_POINT('',(-670.4801286148,-0.861313408359,
    70.154789615669));
#2939 = CARTESIAN_POINT('',(-666.2529876958,-1.933724385929,
    70.184091278435));
#2940 = CARTESIAN_POINT('',(-661.8309289879,-1.868128619362,
    70.054425952432));
#2941 = CARTESIAN_POINT('',(-657.7320144142,-3.480841032768,
    70.202127605002));
#2942 = CARTESIAN_POINT('',(-653.3812140229,-3.018936417671,
    70.087474081116));
#2943 = CARTESIAN_POINT('',(-648.9513854559,-3.468710513344,
    70.11309960664));
#2944 = CARTESIAN_POINT('',(-644.9070855266,-2.256244501929,
    69.933223799898));
#2945 = CARTESIAN_POINT('',(-640.582063889,-2.664863840073,
    70.027109737202));
#2946 = CARTESIAN_POINT('',(-636.2554682792,-2.556094122645,
    70.058764131288));
#2947 = CARTESIAN_POINT('',(-631.9824711096,-2.676314378672,
    70.151965564299));
#2948 = CARTESIAN_POINT('',(-627.7019615338,-2.604027126347,
    70.205502896123));
#2949 = CARTESIAN_POINT('',(-623.4245711463,-2.643507034021,
    70.301296986163));
#2950 = CARTESIAN_POINT('',(-619.1463832312,-2.674878060584,
    70.410827912064));
#2951 = CARTESIAN_POINT('',(-614.8669156658,-2.59440756307,
    70.518179327463));
#2952 = CARTESIAN_POINT('',(-610.5898165078,-2.397222873632,
    70.620403717052));
#2953 = CARTESIAN_POINT('',(-606.3045105877,-2.270387693461,
    70.764769817281));
#2954 = CARTESIAN_POINT('',(-602.0277566031,-1.780075623391,
    70.923658090591));
#2955 = CARTESIAN_POINT('',(-597.7466019923,-1.389881861604,
    70.872643448528));
#2956 = CARTESIAN_POINT('',(-593.4714143357,-0.582983965997,
    71.28155403442));
#2957 = CARTESIAN_POINT('',(-589.1936176105,0.247919872977,
    71.616451504027));
#2958 = CARTESIAN_POINT('',(-584.9304153006,1.231703289838,
    71.945194194964));
#2959 = CARTESIAN_POINT('',(-580.6563793824,2.076288815711,
    72.211162821588));
#2960 = CARTESIAN_POINT('',(-576.3740763318,2.810185283096,
    72.314368269734));
#2961 = CARTESIAN_POINT('',(-572.0987272234,3.132894138584,
    72.351132654773));
#2962 = CARTESIAN_POINT('',(-567.7524952784,3.27771895352,
    71.945684060965));
#2963 = CARTESIAN_POINT('',(-563.5775738445,2.706054359689,
    72.679651191314));
#2964 = CARTESIAN_POINT('',(-559.225311783,3.443387549688,
    73.034865022636));
#2965 = CARTESIAN_POINT('',(-554.9153030247,2.864943486798,
    73.819949292671));
#2966 = CARTESIAN_POINT('',(-550.6950514656,2.388406792084,
    73.611483211809));
#2967 = CARTESIAN_POINT('',(-546.5054520859,1.725473273153,
    74.129788561757));
#2968 = CARTESIAN_POINT('',(-542.014622175,1.620069189363,
    73.559304965902));
#2969 = CARTESIAN_POINT('',(-537.9789076762,0.292956575122,
    73.631871940793));
#2970 = CARTESIAN_POINT('',(-533.6216797195,0.255795137591,73.3882689335
    ));
#2971 = CARTESIAN_POINT('',(-529.3043766466,0.614843692501,
    74.092504294465));
#2972 = CARTESIAN_POINT('',(-525.0222934397,1.411824003108,
    74.369770452372));
#2973 = CARTESIAN_POINT('',(-520.7416746921,2.418702555686,
    74.437708567118));
#2974 = CARTESIAN_POINT('',(-516.4671704399,3.602766605317,
    74.187889363802));
#2975 = CARTESIAN_POINT('',(-512.204407681,4.969750376347,73.80159185398
    ));
#2976 = CARTESIAN_POINT('',(-507.9265429784,6.222072744198,
    73.385672075981));
#2977 = CARTESIAN_POINT('',(-503.6502824349,7.348823487244,
    72.964846072943));
#2978 = CARTESIAN_POINT('',(-499.3719688989,8.26752558741,
    72.721617555145));
#2979 = CARTESIAN_POINT('',(-495.0930022696,8.978643408465,
    72.555954012879));
#2980 = CARTESIAN_POINT('',(-490.8081538754,9.241680003884,
    72.301267054627));
#2981 = CARTESIAN_POINT('',(-486.5308534552,9.556043972363,
    72.124232044629));
#2982 = CARTESIAN_POINT('',(-482.2516859036,9.66484648339,
    71.926714557012));
#2983 = CARTESIAN_POINT('',(-477.9730655022,9.678759919317,
    71.741897038579));
#2984 = CARTESIAN_POINT('',(-473.6960456193,9.595090219566,
    71.567947767492));
#2985 = CARTESIAN_POINT('',(-469.4152062773,9.613942640341,
    71.444701428456));
#2986 = CARTESIAN_POINT('',(-465.1421872703,9.516631053851,
    71.299761832942));
#2987 = CARTESIAN_POINT('',(-460.8166932288,9.181427257995,
    71.118854459326));
#2988 = CARTESIAN_POINT('',(-456.4952571487,9.227760543318,
    71.050944212583));
#2989 = CARTESIAN_POINT('',(-452.4504000069,9.448639854286,
    71.004143731988));
#2990 = CARTESIAN_POINT('',(-447.9424683801,8.794239948879,
    70.89343261021));
#2991 = CARTESIAN_POINT('',(-443.7524033406,9.221883047187,
    70.919441448722));
#2992 = CARTESIAN_POINT('',(-439.4974420849,6.793560518084,
    70.618388233309));
#2993 = CARTESIAN_POINT('',(-435.1419433011,5.885877424951,
    70.531846095849));
#2994 = CARTESIAN_POINT('',(-430.9728274171,4.033723836436,
    70.377596388885));
#2995 = CARTESIAN_POINT('',(-426.6766705817,2.362496562988,
    70.19289711955));
#2996 = CARTESIAN_POINT('',(-423.4568555526,4.504891566919,
    70.376823062604));
#2997 = CARTESIAN_POINT('',(-422.3597,1.528068953352,70.101857918465));
#2998 = PCURVE('',#2752,#2999);
#2999 = DEFINITIONAL_REPRESENTATION('',(#3000),#3004);
#3000 = LINE('',#3001,#3002);
#3001 = CARTESIAN_POINT('',(11.,0.));
#3002 = VECTOR('',#3003,1.);
#3003 = DIRECTION('',(0.,1.));
#3004 = ( GEOMETRIC_REPRESENTATION_CONTEXT(2) 
PARAMETRIC_REPRESENTATION_CONTEXT() REPRESENTATION_CONTEXT('2D SPACE',''
  ) );
#3005 = PCURVE('',#3006,#3133);
#3006 = ( BOUNDED_SURFACE() B_SPLINE_SURFACE(1,3,(
    (#3007,#3008,#3009,#3010,#3011,#3012,#3013,#3014,#3015,#3016,#3017
      ,#3018,#3019,#3020,#3021,#3022,#3023,#3024,#3025,#3026,#3027,#3028
      ,#3029,#3030,#3031,#3032,#3033,#3034,#3035,#3036,#3037,#3038,#3039
      ,#3040,#3041,#3042,#3043,#3044,#3045,#3046,#3047,#3048,#3049,#3050
      ,#3051,#3052,#3053,#3054,#3055,#3056,#3057,#3058,#3059,#3060,#3061
      ,#3062,#3063,#3064,#3065,#3066,#3067,#3068,#3069)
    ,(#3070,#3071,#3072,#3073,#3074,#3075,#3076,#3077,#3078,#3079,#3080
      ,#3081,#3082,#3083,#3084,#3085,#3086,#3087,#3088,#3089,#3090,#3091
      ,#3092,#3093,#3094,#3095,#3096,#3097,#3098,#3099,#3100,#3101,#3102
      ,#3103,#3104,#3105,#3106,#3107,#3108,#3109,#3110,#3111,#3112,#3113
      ,#3114,#3115,#3116,#3117,#3118,#3119,#3120,#3121,#3122,#3123,#3124
      ,#3125,#3126,#3127,#3128,#3129,#3130,#3131,#3132
)),.UNSPECIFIED.,.F.,.F.,.F.) B_SPLINE_SURFACE_WITH_KNOTS((2,2),(4,1,1,1
    ,1,1,1,1,1,1,1,1,1,1,1,1,1,1,1,1,1,1,1,1,1,1,1,1,1,1,1,1,1,1,1,1,1,1
    ,1,1,1,1,1,1,1,1,1,1,1,1,1,1,1,1,1,1,1,1,1,1,4),(11.,12.),(0.,
    1.671164831231E-02,3.327803306227E-02,5.000925566809E-02,
    6.648034363626E-02,8.347574416348E-02,9.998031801332E-02,
    0.116453562429,0.133787455732,0.150582398826,0.167003889564,
    0.183421183117,0.199831572897,0.216243077967,0.232654966281,
    0.249069049,0.265493630469,0.281929899437,0.298422530809,
    0.314972313288,0.331595845732,0.348279560524,0.365009232075,
    0.38168560036,0.398277240471,0.414799735375,0.431302994143,
    0.448140075223,0.464749604184,0.481553115126,0.498808354232,
    0.516050152658,0.532842545742,0.550335828942,0.567153130692,
    0.583652514422,0.600175882991,0.616768685323,0.633448038712,
    0.650182180915,0.666869665762,0.683497438564,0.700056495454,
    0.716547762365,0.732983596882,0.749407921308,0.765822295641,
    0.782233728406,0.798646209918,0.81505724388,0.831476734885,
    0.847901722287,0.864693603231,0.881980563987,0.898448960139,
    0.915352013848,0.932295303855,0.949097785181,0.966200565614,
0.982806308198,1.),.UNSPECIFIED.) GEOMETRIC_REPRESENTATION_ITEM() 
RATIONAL_B_SPLINE_SURFACE((
    (1.,0.999999999979,1.00000000001,0.999999999997,1.000000000001,1.,1.
      ,1.,1.,1.,1.,1.,1.,1.,1.,1.,1.,1.,1.,1.,1.,1.,1.,1.,1.,1.,1.,1.,1.
      ,1.,1.,1.,1.,1.,1.,1.,1.,1.,1.,1.,1.,1.,1.,1.,1.,1.,1.,1.,1.,1.,1.
      ,1.,1.,1.,1.,1.,1.,1.,0.999999999998,1.000000000007,0.999999999976
      ,1.000000000054,1.)
    ,(1.,0.999999999979,1.00000000001,0.999999999997,1.000000000001,1.
      ,1.,1.,1.,1.,1.,1.,1.,1.,1.,1.,1.,1.,1.,1.,1.,1.,1.,1.,1.,1.,1.,1.
      ,1.,1.,1.,1.,1.,1.,1.,1.,1.,1.,1.,1.,1.,1.,1.,1.,1.,1.,1.,1.,1.,1.
      ,1.,1.,1.,1.,1.,1.,1.,1.,0.999999999998,1.000000000007
,0.999999999976,1.000000000054,1.
  ))) REPRESENTATION_ITEM('') SURFACE() );
#3007 = CARTESIAN_POINT('',(-679.0382,0.181460726291,70.122758847182));
#3008 = CARTESIAN_POINT('',(-677.9018430398,-2.017157400195,
    70.362611725688));
#3009 = CARTESIAN_POINT('',(-674.6570379481,0.350545267967,
    70.033865178883));
#3010 = CARTESIAN_POINT('',(-670.4801286148,-0.861313408359,
    70.154789615669));
#3011 = CARTESIAN_POINT('',(-666.2529876958,-1.933724385929,
    70.184091278435));
#3012 = CARTESIAN_POINT('',(-661.8309289879,-1.868128619362,
    70.054425952432));
#3013 = CARTESIAN_POINT('',(-657.7320144142,-3.480841032768,
    70.202127605002));
#3014 = CARTESIAN_POINT('',(-653.3812140229,-3.018936417671,
    70.087474081116));
#3015 = CARTESIAN_POINT('',(-648.9513854559,-3.468710513344,
    70.11309960664));
#3016 = CARTESIAN_POINT('',(-644.9070855266,-2.256244501929,
    69.933223799898));
#3017 = CARTESIAN_POINT('',(-640.582063889,-2.664863840073,
    70.027109737202));
#3018 = CARTESIAN_POINT('',(-636.2554682792,-2.556094122645,
    70.058764131288));
#3019 = CARTESIAN_POINT('',(-631.9824711096,-2.676314378672,
    70.151965564299));
#3020 = CARTESIAN_POINT('',(-627.7019615338,-2.604027126347,
    70.205502896123));
#3021 = CARTESIAN_POINT('',(-623.4245711463,-2.643507034021,
    70.301296986163));
#3022 = CARTESIAN_POINT('',(-619.1463832312,-2.674878060584,
    70.410827912064));
#3023 = CARTESIAN_POINT('',(-614.8669156658,-2.59440756307,
    70.518179327463));
#3024 = CARTESIAN_POINT('',(-610.5898165078,-2.397222873632,
    70.620403717052));
#3025 = CARTESIAN_POINT('',(-606.3045105877,-2.270387693461,
    70.764769817281));
#3026 = CARTESIAN_POINT('',(-602.0277566031,-1.780075623391,
    70.923658090591));
#3027 = CARTESIAN_POINT('',(-597.7466019923,-1.389881861604,
    70.872643448528));
#3028 = CARTESIAN_POINT('',(-593.4714143357,-0.582983965997,
    71.28155403442));
#3029 = CARTESIAN_POINT('',(-589.1936176105,0.247919872977,
    71.616451504027));
#3030 = CARTESIAN_POINT('',(-584.9304153006,1.231703289838,
    71.945194194964));
#3031 = CARTESIAN_POINT('',(-580.6563793824,2.076288815711,
    72.211162821588));
#3032 = CARTESIAN_POINT('',(-576.3740763318,2.810185283096,
    72.314368269734));
#3033 = CARTESIAN_POINT('',(-572.0987272234,3.132894138584,
    72.351132654773));
#3034 = CARTESIAN_POINT('',(-567.7524952784,3.27771895352,
    71.945684060965));
#3035 = CARTESIAN_POINT('',(-563.5775738445,2.706054359689,
    72.679651191314));
#3036 = CARTESIAN_POINT('',(-559.225311783,3.443387549688,
    73.034865022636));
#3037 = CARTESIAN_POINT('',(-554.9153030247,2.864943486798,
    73.819949292671));
#3038 = CARTESIAN_POINT('',(-550.6950514656,2.388406792084,
    73.611483211809));
#3039 = CARTESIAN_POINT('',(-546.5054520859,1.725473273153,
    74.129788561757));
#3040 = CARTESIAN_POINT('',(-542.014622175,1.620069189363,
    73.559304965902));
#3041 = CARTESIAN_POINT('',(-537.9789076762,0.292956575122,
    73.631871940793));
#3042 = CARTESIAN_POINT('',(-533.6216797195,0.255795137591,73.3882689335
    ));
#3043 = CARTESIAN_POINT('',(-529.3043766466,0.614843692501,
    74.092504294465));
#3044 = CARTESIAN_POINT('',(-525.0222934397,1.411824003108,
    74.369770452372));
#3045 = CARTESIAN_POINT('',(-520.7416746921,2.418702555686,
    74.437708567118));
#3046 = CARTESIAN_POINT('',(-516.4671704399,3.602766605317,
    74.187889363802));
#3047 = CARTESIAN_POINT('',(-512.204407681,4.969750376347,73.80159185398
    ));
#3048 = CARTESIAN_POINT('',(-507.9265429784,6.222072744198,
    73.385672075981));
#3049 = CARTESIAN_POINT('',(-503.6502824349,7.348823487244,
    72.964846072943));
#3050 = CARTESIAN_POINT('',(-499.3719688989,8.26752558741,
    72.721617555145));
#3051 = CARTESIAN_POINT('',(-495.0930022696,8.978643408465,
    72.555954012879));
#3052 = CARTESIAN_POINT('',(-490.8081538754,9.241680003884,
    72.301267054627));
#3053 = CARTESIAN_POINT('',(-486.5308534552,9.556043972363,
    72.124232044629));
#3054 = CARTESIAN_POINT('',(-482.2516859036,9.66484648339,
    71.926714557012));
#3055 = CARTESIAN_POINT('',(-477.9730655022,9.678759919317,
    71.741897038579));
#3056 = CARTESIAN_POINT('',(-473.6960456193,9.595090219566,
    71.567947767492));
#3057 = CARTESIAN_POINT('',(-469.4152062773,9.613942640341,
    71.444701428456));
#3058 = CARTESIAN_POINT('',(-465.1421872703,9.516631053851,
    71.299761832942));
#3059 = CARTESIAN_POINT('',(-460.8166932288,9.181427257995,
    71.118854459326));
#3060 = CARTESIAN_POINT('',(-456.4952571487,9.227760543318,
    71.050944212583));
#3061 = CARTESIAN_POINT('',(-452.4504000069,9.448639854286,
    71.004143731988));
#3062 = CARTESIAN_POINT('',(-447.9424683801,8.794239948879,
    70.89343261021));
#3063 = CARTESIAN_POINT('',(-443.7524033406,9.221883047187,
    70.919441448722));
#3064 = CARTESIAN_POINT('',(-439.4974420849,6.793560518084,
    70.618388233309));
#3065 = CARTESIAN_POINT('',(-435.1419433011,5.885877424951,
    70.531846095849));
#3066 = CARTESIAN_POINT('',(-430.9728274171,4.033723836436,
    70.377596388885));
#3067 = CARTESIAN_POINT('',(-426.6766705817,2.362496562988,
    70.19289711955));
#3068 = CARTESIAN_POINT('',(-423.4568555526,4.504891566919,
    70.376823062604));
#3069 = CARTESIAN_POINT('',(-422.3597,1.528068953352,70.101857918465));
#3070 = CARTESIAN_POINT('',(-679.0382,-0.220409778293,70.154817818961));
#3071 = CARTESIAN_POINT('',(-677.9018430398,-2.615638242352,70.423435109
    ));
#3072 = CARTESIAN_POINT('',(-674.6570379481,-0.111024083924,
    70.077630917946));
#3073 = CARTESIAN_POINT('',(-670.4801286148,-1.506564004165,
    70.229599378463));
#3074 = CARTESIAN_POINT('',(-666.2529876958,-2.620546934823,
    70.266795614147));
#3075 = CARTESIAN_POINT('',(-661.8309289879,-2.509800949838,
    70.134645553452));
#3076 = CARTESIAN_POINT('',(-657.7320144142,-4.358783387021,
    70.32703070115));
#3077 = CARTESIAN_POINT('',(-653.3812140229,-3.93988575262,
    70.231095513595));
#3078 = CARTESIAN_POINT('',(-648.9513854559,-4.42315795265,
    70.273545086681));
#3079 = CARTESIAN_POINT('',(-644.9070855266,-3.402413464354,
    70.136936258344));
#3080 = CARTESIAN_POINT('',(-640.582063889,-3.98916443904,
    70.274191028316));
#3081 = CARTESIAN_POINT('',(-636.2554682792,-3.869119678221,
    70.316542608669));
#3082 = CARTESIAN_POINT('',(-631.9824711096,-4.025149044714,
    70.428049452937));
#3083 = CARTESIAN_POINT('',(-627.7019615338,-3.955248319714,
    70.493514214791));
#3084 = CARTESIAN_POINT('',(-623.4245711463,-4.007029811587,
    70.605469100347));
#3085 = CARTESIAN_POINT('',(-619.1463832312,-4.043869550381,
    70.732570184809));
#3086 = CARTESIAN_POINT('',(-614.8669156658,-3.952521448234,
    70.856020887134));
#3087 = CARTESIAN_POINT('',(-610.5898165078,-3.730619167674,
    70.972947130791));
#3088 = CARTESIAN_POINT('',(-606.3045105877,-3.575870343179,
    71.13684680629));
#3089 = CARTESIAN_POINT('',(-602.0277566031,-3.028758641764,
    71.301135521064));
#3090 = CARTESIAN_POINT('',(-597.7466019923,-2.566533874035,
    71.295053879507));
#3091 = CARTESIAN_POINT('',(-593.4714143357,-1.680121251105,
    71.717208129879));
#3092 = CARTESIAN_POINT('',(-589.1936176105,-0.759607070777,
    72.080384560098));
#3093 = CARTESIAN_POINT('',(-584.9304153006,0.313438677977,
    72.41467914911));
#3094 = CARTESIAN_POINT('',(-580.6563793824,1.24523747628,
    72.684250738778));
#3095 = CARTESIAN_POINT('',(-576.3740763318,2.052273553201,
    72.754985246934));
#3096 = CARTESIAN_POINT('',(-572.0987272234,2.440737231502,
    72.750088575732));
#3097 = CARTESIAN_POINT('',(-567.7524952784,2.658466197732,
    72.291403734833));
#3098 = CARTESIAN_POINT('',(-563.5775738445,2.056165677341,
    72.917551635483));
#3099 = CARTESIAN_POINT('',(-559.225311783,2.814199657078,
    73.186737347101));
#3100 = CARTESIAN_POINT('',(-554.9153030247,2.189766610931,
    73.911891358447));
#3101 = CARTESIAN_POINT('',(-550.6950514656,1.734453544714,
    73.630798373914));
#3102 = CARTESIAN_POINT('',(-546.5054520859,1.035840715457,
    74.078991587599));
#3103 = CARTESIAN_POINT('',(-542.014622175,0.966879143324,
    73.484141280452));
#3104 = CARTESIAN_POINT('',(-537.9789076762,-0.394776717446,
    73.502775421308));
#3105 = CARTESIAN_POINT('',(-533.6216797195,-0.41438597892,
    73.173176458357));
#3106 = CARTESIAN_POINT('',(-529.3043766466,-0.128427342117,
    73.810496518542));
#3107 = CARTESIAN_POINT('',(-525.0222934397,0.608356970804,
    74.024596792971));
#3108 = CARTESIAN_POINT('',(-520.7416746921,1.547890353575,
    74.043239529978));
#3109 = CARTESIAN_POINT('',(-516.4671704399,2.657871733923,
    73.771682290658));
#3110 = CARTESIAN_POINT('',(-512.204407681,3.942206255593,
    73.384031250291));
#3111 = CARTESIAN_POINT('',(-507.9265429784,5.112113362996,
    72.980087507039));
#3112 = CARTESIAN_POINT('',(-503.6502824349,6.167233041858,
    72.544965761331));
#3113 = CARTESIAN_POINT('',(-499.3719688989,7.007188787983,
    72.381431699254));
#3114 = CARTESIAN_POINT('',(-495.0930022696,7.666454582472,
    72.210062251222));
#3115 = CARTESIAN_POINT('',(-490.8081538754,7.900253379238,
    71.978111180356));
#3116 = CARTESIAN_POINT('',(-486.5308534552,8.192043173774,
    71.816352303103));
#3117 = CARTESIAN_POINT('',(-482.2516859036,8.292236259365,
    71.638447292256));
#3118 = CARTESIAN_POINT('',(-477.9730655022,8.305938644674,
    71.472044267693));
#3119 = CARTESIAN_POINT('',(-473.6960456193,8.239509458663,
    71.316735041725));
#3120 = CARTESIAN_POINT('',(-469.4152062773,8.261492735387,
    71.207069139084));
#3121 = CARTESIAN_POINT('',(-465.1421872703,8.197108591571,
    71.080629288551));
#3122 = CARTESIAN_POINT('',(-460.8166932288,7.877597565627,
    70.916632157116));
#3123 = CARTESIAN_POINT('',(-456.4952571487,8.023397468915,
    70.878972202349));
#3124 = CARTESIAN_POINT('',(-452.4504000069,8.441046098233,
    70.877030150301));
#3125 = CARTESIAN_POINT('',(-447.9424683801,7.792583350257,
    70.78034896772));
#3126 = CARTESIAN_POINT('',(-443.7524033406,8.373208791175,
    70.839760950142));
#3127 = CARTESIAN_POINT('',(-439.4974420849,6.129881061545,
    70.576983436945));
#3128 = CARTESIAN_POINT('',(-435.1419433011,5.25917261815,
    70.502932305429));
#3129 = CARTESIAN_POINT('',(-430.9728274171,3.465237942061,
    70.360147870019));
#3130 = CARTESIAN_POINT('',(-426.6766705817,1.953981715029,
    70.204176317842));
#3131 = CARTESIAN_POINT('',(-423.4568555526,4.094814149289,
    70.395506924674));
#3132 = CARTESIAN_POINT('',(-422.3597,1.141164082883,70.122431350146));
#3133 = DEFINITIONAL_REPRESENTATION('',(#3134),#3138);
#3134 = LINE('',#3135,#3136);
#3135 = CARTESIAN_POINT('',(11.,0.));
#3136 = VECTOR('',#3137,1.);
#3137 = DIRECTION('',(0.,1.));
#3138 = ( GEOMETRIC_REPRESENTATION_CONTEXT(2) 
PARAMETRIC_REPRESENTATION_CONTEXT() REPRESENTATION_CONTEXT('2D SPACE',''
  ) );
#3139 = ORIENTED_EDGE('',*,*,#3140,.F.);
#3140 = EDGE_CURVE('',#2677,#2931,#3141,.T.);
#3141 = SURFACE_CURVE('',#3142,(#3145,#3152),.PCURVE_S1.);
#3142 = B_SPLINE_CURVE_WITH_KNOTS('',1,(#3143,#3144),.UNSPECIFIED.,.F.,
  .F.,(2,2),(10.,11.),.PIECEWISE_BEZIER_KNOTS.);
#3143 = CARTESIAN_POINT('',(-422.3597,1.91281228622,70.056681782837));
#3144 = CARTESIAN_POINT('',(-422.3597,1.528068953352,70.101857918465));
#3145 = PCURVE('',#2752,#3146);
#3146 = DEFINITIONAL_REPRESENTATION('',(#3147),#3151);
#3147 = LINE('',#3148,#3149);
#3148 = CARTESIAN_POINT('',(0.,1.));
#3149 = VECTOR('',#3150,1.);
#3150 = DIRECTION('',(1.,0.));
#3151 = ( GEOMETRIC_REPRESENTATION_CONTEXT(2) 
PARAMETRIC_REPRESENTATION_CONTEXT() REPRESENTATION_CONTEXT('2D SPACE',''
  ) );
#3152 = PCURVE('',#401,#3153);
#3153 = DEFINITIONAL_REPRESENTATION('',(#3154),#3157);
#3154 = B_SPLINE_CURVE_WITH_KNOTS('',1,(#3155,#3156),.UNSPECIFIED.,.F.,
  .F.,(2,2),(10.,11.),.PIECEWISE_BEZIER_KNOTS.);
#3155 = CARTESIAN_POINT('',(-2.136971599648,1.460399189192));
#3156 = CARTESIAN_POINT('',(-1.750928183519,1.492629551893));
#3157 = ( GEOMETRIC_REPRESENTATION_CONTEXT(2) 
PARAMETRIC_REPRESENTATION_CONTEXT() REPRESENTATION_CONTEXT('2D SPACE',''
  ) );
#3158 = ORIENTED_EDGE('',*,*,#2676,.F.);
#3159 = ADVANCED_FACE('',(#3160),#3006,.T.);
#3160 = FACE_BOUND('',#3161,.T.);
#3161 = EDGE_LOOP('',(#3162,#3183,#3393,#3412));
#3162 = ORIENTED_EDGE('',*,*,#3163,.T.);
#3163 = EDGE_CURVE('',#2910,#3164,#3166,.T.);
#3164 = VERTEX_POINT('',#3165);
#3165 = CARTESIAN_POINT('',(-679.0382,-0.220409778293,70.154817818961));
#3166 = SURFACE_CURVE('',#3167,(#3170,#3177),.PCURVE_S1.);
#3167 = B_SPLINE_CURVE_WITH_KNOTS('',1,(#3168,#3169),.UNSPECIFIED.,.F.,
  .F.,(2,2),(11.,12.),.PIECEWISE_BEZIER_KNOTS.);
#3168 = CARTESIAN_POINT('',(-679.0382,0.181460726291,70.122758847182));
#3169 = CARTESIAN_POINT('',(-679.0382,-0.220409778293,70.154817818961));
#3170 = PCURVE('',#3006,#3171);
#3171 = DEFINITIONAL_REPRESENTATION('',(#3172),#3176);
#3172 = LINE('',#3173,#3174);
#3173 = CARTESIAN_POINT('',(0.,0.));
#3174 = VECTOR('',#3175,1.);
#3175 = DIRECTION('',(1.,0.));
#3176 = ( GEOMETRIC_REPRESENTATION_CONTEXT(2) 
PARAMETRIC_REPRESENTATION_CONTEXT() REPRESENTATION_CONTEXT('2D SPACE',''
  ) );
#3177 = PCURVE('',#165,#3178);
#3178 = DEFINITIONAL_REPRESENTATION('',(#3179),#3182);
#3179 = B_SPLINE_CURVE_WITH_KNOTS('',1,(#3180,#3181),.UNSPECIFIED.,.F.,
  .F.,(2,2),(11.,12.),.PIECEWISE_BEZIER_KNOTS.);
#3180 = CARTESIAN_POINT('',(4.369231102874,-0.599823969225));
#3181 = CARTESIAN_POINT('',(4.772352794322,-0.595287229225));
#3182 = ( GEOMETRIC_REPRESENTATION_CONTEXT(2) 
PARAMETRIC_REPRESENTATION_CONTEXT() REPRESENTATION_CONTEXT('2D SPACE',''
  ) );
#3183 = ORIENTED_EDGE('',*,*,#3184,.T.);
#3184 = EDGE_CURVE('',#3164,#3185,#3187,.T.);
#3185 = VERTEX_POINT('',#3186);
#3186 = CARTESIAN_POINT('',(-422.3597,1.141164082883,70.122431350146));
#3187 = SURFACE_CURVE('',#3188,(#3252,#3259),.PCURVE_S1.);
#3188 = ( BOUNDED_CURVE() B_SPLINE_CURVE(3,(#3189,#3190,#3191,#3192,
    #3193,#3194,#3195,#3196,#3197,#3198,#3199,#3200,#3201,#3202,#3203,
    #3204,#3205,#3206,#3207,#3208,#3209,#3210,#3211,#3212,#3213,#3214,
    #3215,#3216,#3217,#3218,#3219,#3220,#3221,#3222,#3223,#3224,#3225,
    #3226,#3227,#3228,#3229,#3230,#3231,#3232,#3233,#3234,#3235,#3236,
    #3237,#3238,#3239,#3240,#3241,#3242,#3243,#3244,#3245,#3246,#3247,
    #3248,#3249,#3250,#3251),.UNSPECIFIED.,.F.,.F.) 
B_SPLINE_CURVE_WITH_KNOTS((4,1,1,1,1,1,1,1,1,1,1,1,1,1,1,1,1,1,1,1,1,1,1
    ,1,1,1,1,1,1,1,1,1,1,1,1,1,1,1,1,1,1,1,1,1,1,1,1,1,1,1,1,1,1,1,1,1,1
    ,1,1,1,4),(0.,1.671164831231E-02,3.327803306227E-02,
    5.000925566809E-02,6.648034363626E-02,8.347574416348E-02,
    9.998031801332E-02,0.116453562429,0.133787455732,0.150582398826,
    0.167003889564,0.183421183117,0.199831572897,0.216243077967,
    0.232654966281,0.249069049,0.265493630469,0.281929899437,
    0.298422530809,0.314972313288,0.331595845732,0.348279560524,
    0.365009232075,0.38168560036,0.398277240471,0.414799735375,
    0.431302994143,0.448140075223,0.464749604184,0.481553115126,
    0.498808354232,0.516050152658,0.532842545742,0.550335828942,
    0.567153130692,0.583652514422,0.600175882991,0.616768685323,
    0.633448038712,0.650182180915,0.666869665762,0.683497438564,
    0.700056495454,0.716547762365,0.732983596882,0.749407921308,
    0.765822295641,0.782233728406,0.798646209918,0.81505724388,
    0.831476734885,0.847901722287,0.864693603231,0.881980563987,
    0.898448960139,0.915352013848,0.932295303855,0.949097785181,
0.966200565614,0.982806308198,1.),.UNSPECIFIED.) CURVE() 
GEOMETRIC_REPRESENTATION_ITEM() RATIONAL_B_SPLINE_CURVE((1.,
    0.999999999979,1.00000000001,0.999999999997,1.000000000001,1.,1.,1.,
    1.,1.,1.,1.,1.,1.,1.,1.,1.,1.,1.,1.,1.,1.,1.,1.,1.,1.,1.,1.,1.,1.,1.
    ,1.,1.,1.,1.,1.,1.,1.,1.,1.,1.,1.,1.,1.,1.,1.,1.,1.,1.,1.,1.,1.,1.,
    1.,1.,1.,1.,1.,0.999999999998,1.000000000007,0.999999999976,
1.000000000054,1.)) REPRESENTATION_ITEM('') );
#3189 = CARTESIAN_POINT('',(-679.0382,-0.220409778293,70.154817818961));
#3190 = CARTESIAN_POINT('',(-677.9018430398,-2.615638242352,70.423435109
    ));
#3191 = CARTESIAN_POINT('',(-674.6570379481,-0.111024083924,
    70.077630917946));
#3192 = CARTESIAN_POINT('',(-670.4801286148,-1.506564004165,
    70.229599378463));
#3193 = CARTESIAN_POINT('',(-666.2529876958,-2.620546934823,
    70.266795614147));
#3194 = CARTESIAN_POINT('',(-661.8309289879,-2.509800949838,
    70.134645553452));
#3195 = CARTESIAN_POINT('',(-657.7320144142,-4.358783387021,
    70.32703070115));
#3196 = CARTESIAN_POINT('',(-653.3812140229,-3.93988575262,
    70.231095513595));
#3197 = CARTESIAN_POINT('',(-648.9513854559,-4.42315795265,
    70.273545086681));
#3198 = CARTESIAN_POINT('',(-644.9070855266,-3.402413464354,
    70.136936258344));
#3199 = CARTESIAN_POINT('',(-640.582063889,-3.98916443904,
    70.274191028316));
#3200 = CARTESIAN_POINT('',(-636.2554682792,-3.869119678221,
    70.316542608669));
#3201 = CARTESIAN_POINT('',(-631.9824711096,-4.025149044714,
    70.428049452937));
#3202 = CARTESIAN_POINT('',(-627.7019615338,-3.955248319714,
    70.493514214791));
#3203 = CARTESIAN_POINT('',(-623.4245711463,-4.007029811587,
    70.605469100347));
#3204 = CARTESIAN_POINT('',(-619.1463832312,-4.043869550381,
    70.732570184809));
#3205 = CARTESIAN_POINT('',(-614.8669156658,-3.952521448234,
    70.856020887134));
#3206 = CARTESIAN_POINT('',(-610.5898165078,-3.730619167674,
    70.972947130791));
#3207 = CARTESIAN_POINT('',(-606.3045105877,-3.575870343179,
    71.13684680629));
#3208 = CARTESIAN_POINT('',(-602.0277566031,-3.028758641764,
    71.301135521064));
#3209 = CARTESIAN_POINT('',(-597.7466019923,-2.566533874035,
    71.295053879507));
#3210 = CARTESIAN_POINT('',(-593.4714143357,-1.680121251105,
    71.717208129879));
#3211 = CARTESIAN_POINT('',(-589.1936176105,-0.759607070777,
    72.080384560098));
#3212 = CARTESIAN_POINT('',(-584.9304153006,0.313438677977,
    72.41467914911));
#3213 = CARTESIAN_POINT('',(-580.6563793824,1.24523747628,
    72.684250738778));
#3214 = CARTESIAN_POINT('',(-576.3740763318,2.052273553201,
    72.754985246934));
#3215 = CARTESIAN_POINT('',(-572.0987272234,2.440737231502,
    72.750088575732));
#3216 = CARTESIAN_POINT('',(-567.7524952784,2.658466197732,
    72.291403734833));
#3217 = CARTESIAN_POINT('',(-563.5775738445,2.056165677341,
    72.917551635483));
#3218 = CARTESIAN_POINT('',(-559.225311783,2.814199657078,
    73.186737347101));
#3219 = CARTESIAN_POINT('',(-554.9153030247,2.189766610931,
    73.911891358447));
#3220 = CARTESIAN_POINT('',(-550.6950514656,1.734453544714,
    73.630798373914));
#3221 = CARTESIAN_POINT('',(-546.5054520859,1.035840715457,
    74.078991587599));
#3222 = CARTESIAN_POINT('',(-542.014622175,0.966879143324,
    73.484141280452));
#3223 = CARTESIAN_POINT('',(-537.9789076762,-0.394776717446,
    73.502775421308));
#3224 = CARTESIAN_POINT('',(-533.6216797195,-0.41438597892,
    73.173176458357));
#3225 = CARTESIAN_POINT('',(-529.3043766466,-0.128427342117,
    73.810496518542));
#3226 = CARTESIAN_POINT('',(-525.0222934397,0.608356970804,
    74.024596792971));
#3227 = CARTESIAN_POINT('',(-520.7416746921,1.547890353575,
    74.043239529978));
#3228 = CARTESIAN_POINT('',(-516.4671704399,2.657871733923,
    73.771682290658));
#3229 = CARTESIAN_POINT('',(-512.204407681,3.942206255593,
    73.384031250291));
#3230 = CARTESIAN_POINT('',(-507.9265429784,5.112113362996,
    72.980087507039));
#3231 = CARTESIAN_POINT('',(-503.6502824349,6.167233041858,
    72.544965761331));
#3232 = CARTESIAN_POINT('',(-499.3719688989,7.007188787983,
    72.381431699254));
#3233 = CARTESIAN_POINT('',(-495.0930022696,7.666454582472,
    72.210062251222));
#3234 = CARTESIAN_POINT('',(-490.8081538754,7.900253379238,
    71.978111180356));
#3235 = CARTESIAN_POINT('',(-486.5308534552,8.192043173774,
    71.816352303103));
#3236 = CARTESIAN_POINT('',(-482.2516859036,8.292236259365,
    71.638447292256));
#3237 = CARTESIAN_POINT('',(-477.9730655022,8.305938644674,
    71.472044267693));
#3238 = CARTESIAN_POINT('',(-473.6960456193,8.239509458663,
    71.316735041725));
#3239 = CARTESIAN_POINT('',(-469.4152062773,8.261492735387,
    71.207069139084));
#3240 = CARTESIAN_POINT('',(-465.1421872703,8.197108591571,
    71.080629288551));
#3241 = CARTESIAN_POINT('',(-460.8166932288,7.877597565627,
    70.916632157116));
#3242 = CARTESIAN_POINT('',(-456.4952571487,8.023397468915,
    70.878972202349));
#3243 = CARTESIAN_POINT('',(-452.4504000069,8.441046098233,
    70.877030150301));
#3244 = CARTESIAN_POINT('',(-447.9424683801,7.792583350257,
    70.78034896772));
#3245 = CARTESIAN_POINT('',(-443.7524033406,8.373208791175,
    70.839760950142));
#3246 = CARTESIAN_POINT('',(-439.4974420849,6.129881061545,
    70.576983436945));
#3247 = CARTESIAN_POINT('',(-435.1419433011,5.25917261815,
    70.502932305429));
#3248 = CARTESIAN_POINT('',(-430.9728274171,3.465237942061,
    70.360147870019));
#3249 = CARTESIAN_POINT('',(-426.6766705817,1.953981715029,
    70.204176317842));
#3250 = CARTESIAN_POINT('',(-423.4568555526,4.094814149289,
    70.395506924674));
#3251 = CARTESIAN_POINT('',(-422.3597,1.141164082883,70.122431350146));
#3252 = PCURVE('',#3006,#3253);
#3253 = DEFINITIONAL_REPRESENTATION('',(#3254),#3258);
#3254 = LINE('',#3255,#3256);
#3255 = CARTESIAN_POINT('',(12.,0.));
#3256 = VECTOR('',#3257,1.);
#3257 = DIRECTION('',(0.,1.));
#3258 = ( GEOMETRIC_REPRESENTATION_CONTEXT(2) 
PARAMETRIC_REPRESENTATION_CONTEXT() REPRESENTATION_CONTEXT('2D SPACE',''
  ) );
#3259 = PCURVE('',#3260,#3387);
#3260 = ( BOUNDED_SURFACE() B_SPLINE_SURFACE(1,3,(
    (#3261,#3262,#3263,#3264,#3265,#3266,#3267,#3268,#3269,#3270,#3271
      ,#3272,#3273,#3274,#3275,#3276,#3277,#3278,#3279,#3280,#3281,#3282
      ,#3283,#3284,#3285,#3286,#3287,#3288,#3289,#3290,#3291,#3292,#3293
      ,#3294,#3295,#3296,#3297,#3298,#3299,#3300,#3301,#3302,#3303,#3304
      ,#3305,#3306,#3307,#3308,#3309,#3310,#3311,#3312,#3313,#3314,#3315
      ,#3316,#3317,#3318,#3319,#3320,#3321,#3322,#3323)
    ,(#3324,#3325,#3326,#3327,#3328,#3329,#3330,#3331,#3332,#3333,#3334
      ,#3335,#3336,#3337,#3338,#3339,#3340,#3341,#3342,#3343,#3344,#3345
      ,#3346,#3347,#3348,#3349,#3350,#3351,#3352,#3353,#3354,#3355,#3356
      ,#3357,#3358,#3359,#3360,#3361,#3362,#3363,#3364,#3365,#3366,#3367
      ,#3368,#3369,#3370,#3371,#3372,#3373,#3374,#3375,#3376,#3377,#3378
      ,#3379,#3380,#3381,#3382,#3383,#3384,#3385,#3386
)),.UNSPECIFIED.,.F.,.F.,.F.) B_SPLINE_SURFACE_WITH_KNOTS((2,2),(4,1,1,1
    ,1,1,1,1,1,1,1,1,1,1,1,1,1,1,1,1,1,1,1,1,1,1,1,1,1,1,1,1,1,1,1,1,1,1
    ,1,1,1,1,1,1,1,1,1,1,1,1,1,1,1,1,1,1,1,1,1,1,4),(12.,13.),(0.,
    1.671164831231E-02,3.327803306227E-02,5.000925566809E-02,
    6.648034363626E-02,8.347574416348E-02,9.998031801332E-02,
    0.116453562429,0.133787455732,0.150582398826,0.167003889564,
    0.183421183117,0.199831572897,0.216243077967,0.232654966281,
    0.249069049,0.265493630469,0.281929899437,0.298422530809,
    0.314972313288,0.331595845732,0.348279560524,0.365009232075,
    0.38168560036,0.398277240471,0.414799735375,0.431302994143,
    0.448140075223,0.464749604184,0.481553115126,0.498808354232,
    0.516050152658,0.532842545742,0.550335828942,0.567153130692,
    0.583652514422,0.600175882991,0.616768685323,0.633448038712,
    0.650182180915,0.666869665762,0.683497438564,0.700056495454,
    0.716547762365,0.732983596882,0.749407921308,0.765822295641,
    0.782233728406,0.798646209918,0.81505724388,0.831476734885,
    0.847901722287,0.864693603231,0.881980563987,0.898448960139,
    0.915352013848,0.932295303855,0.949097785181,0.966200565614,
0.982806308198,1.),.UNSPECIFIED.) GEOMETRIC_REPRESENTATION_ITEM() 
RATIONAL_B_SPLINE_SURFACE((
    (1.,0.999999999979,1.00000000001,0.999999999997,1.000000000001,1.,1.
      ,1.,1.,1.,1.,1.,1.,1.,1.,1.,1.,1.,1.,1.,1.,1.,1.,1.,1.,1.,1.,1.,1.
      ,1.,1.,1.,1.,1.,1.,1.,1.,1.,1.,1.,1.,1.,1.,1.,1.,1.,1.,1.,1.,1.,1.
      ,1.,1.,1.,1.,1.,1.,1.,0.999999999998,1.000000000007,0.999999999976
      ,1.000000000054,1.)
    ,(1.,0.999999999979,1.00000000001,0.999999999997,1.000000000001,1.
      ,1.,1.,1.,1.,1.,1.,1.,1.,1.,1.,1.,1.,1.,1.,1.,1.,1.,1.,1.,1.,1.,1.
      ,1.,1.,1.,1.,1.,1.,1.,1.,1.,1.,1.,1.,1.,1.,1.,1.,1.,1.,1.,1.,1.,1.
      ,1.,1.,1.,1.,1.,1.,1.,1.,0.999999999998,1.000000000007
,0.999999999976,1.000000000054,1.
  ))) REPRESENTATION_ITEM('') SURFACE() );
#3261 = CARTESIAN_POINT('',(-679.0382,-0.220409778293,70.154817818961));
#3262 = CARTESIAN_POINT('',(-677.9018430398,-2.615638242352,70.423435109
    ));
#3263 = CARTESIAN_POINT('',(-674.6570379481,-0.111024083924,
    70.077630917946));
#3264 = CARTESIAN_POINT('',(-670.4801286148,-1.506564004165,
    70.229599378463));
#3265 = CARTESIAN_POINT('',(-666.2529876958,-2.620546934823,
    70.266795614147));
#3266 = CARTESIAN_POINT('',(-661.8309289879,-2.509800949838,
    70.134645553452));
#3267 = CARTESIAN_POINT('',(-657.7320144142,-4.358783387021,
    70.32703070115));
#3268 = CARTESIAN_POINT('',(-653.3812140229,-3.93988575262,
    70.231095513595));
#3269 = CARTESIAN_POINT('',(-648.9513854559,-4.42315795265,
    70.273545086681));
#3270 = CARTESIAN_POINT('',(-644.9070855266,-3.402413464354,
    70.136936258344));
#3271 = CARTESIAN_POINT('',(-640.582063889,-3.98916443904,
    70.274191028316));
#3272 = CARTESIAN_POINT('',(-636.2554682792,-3.869119678221,
    70.316542608669));
#3273 = CARTESIAN_POINT('',(-631.9824711096,-4.025149044714,
    70.428049452937));
#3274 = CARTESIAN_POINT('',(-627.7019615338,-3.955248319714,
    70.493514214791));
#3275 = CARTESIAN_POINT('',(-623.4245711463,-4.007029811587,
    70.605469100347));
#3276 = CARTESIAN_POINT('',(-619.1463832312,-4.043869550381,
    70.732570184809));
#3277 = CARTESIAN_POINT('',(-614.8669156658,-3.952521448234,
    70.856020887134));
#3278 = CARTESIAN_POINT('',(-610.5898165078,-3.730619167674,
    70.972947130791));
#3279 = CARTESIAN_POINT('',(-606.3045105877,-3.575870343179,
    71.13684680629));
#3280 = CARTESIAN_POINT('',(-602.0277566031,-3.028758641764,
    71.301135521064));
#3281 = CARTESIAN_POINT('',(-597.7466019923,-2.566533874035,
    71.295053879507));
#3282 = CARTESIAN_POINT('',(-593.4714143357,-1.680121251105,
    71.717208129879));
#3283 = CARTESIAN_POINT('',(-589.1936176105,-0.759607070777,
    72.080384560098));
#3284 = CARTESIAN_POINT('',(-584.9304153006,0.313438677977,
    72.41467914911));
#3285 = CARTESIAN_POINT('',(-580.6563793824,1.24523747628,
    72.684250738778));
#3286 = CARTESIAN_POINT('',(-576.3740763318,2.052273553201,
    72.754985246934));
#3287 = CARTESIAN_POINT('',(-572.0987272234,2.440737231502,
    72.750088575732));
#3288 = CARTESIAN_POINT('',(-567.7524952784,2.658466197732,
    72.291403734833));
#3289 = CARTESIAN_POINT('',(-563.5775738445,2.056165677341,
    72.917551635483));
#3290 = CARTESIAN_POINT('',(-559.225311783,2.814199657078,
    73.186737347101));
#3291 = CARTESIAN_POINT('',(-554.9153030247,2.189766610931,
    73.911891358447));
#3292 = CARTESIAN_POINT('',(-550.6950514656,1.734453544714,
    73.630798373914));
#3293 = CARTESIAN_POINT('',(-546.5054520859,1.035840715457,
    74.078991587599));
#3294 = CARTESIAN_POINT('',(-542.014622175,0.966879143324,
    73.484141280452));
#3295 = CARTESIAN_POINT('',(-537.9789076762,-0.394776717446,
    73.502775421308));
#3296 = CARTESIAN_POINT('',(-533.6216797195,-0.41438597892,
    73.173176458357));
#3297 = CARTESIAN_POINT('',(-529.3043766466,-0.128427342117,
    73.810496518542));
#3298 = CARTESIAN_POINT('',(-525.0222934397,0.608356970804,
    74.024596792971));
#3299 = CARTESIAN_POINT('',(-520.7416746921,1.547890353575,
    74.043239529978));
#3300 = CARTESIAN_POINT('',(-516.4671704399,2.657871733923,
    73.771682290658));
#3301 = CARTESIAN_POINT('',(-512.204407681,3.942206255593,
    73.384031250291));
#3302 = CARTESIAN_POINT('',(-507.9265429784,5.112113362996,
    72.980087507039));
#3303 = CARTESIAN_POINT('',(-503.6502824349,6.167233041858,
    72.544965761331));
#3304 = CARTESIAN_POINT('',(-499.3719688989,7.007188787983,
    72.381431699254));
#3305 = CARTESIAN_POINT('',(-495.0930022696,7.666454582472,
    72.210062251222));
#3306 = CARTESIAN_POINT('',(-490.8081538754,7.900253379238,
    71.978111180356));
#3307 = CARTESIAN_POINT('',(-486.5308534552,8.192043173774,
    71.816352303103));
#3308 = CARTESIAN_POINT('',(-482.2516859036,8.292236259365,
    71.638447292256));
#3309 = CARTESIAN_POINT('',(-477.9730655022,8.305938644674,
    71.472044267693));
#3310 = CARTESIAN_POINT('',(-473.6960456193,8.239509458663,
    71.316735041725));
#3311 = CARTESIAN_POINT('',(-469.4152062773,8.261492735387,
    71.207069139084));
#3312 = CARTESIAN_POINT('',(-465.1421872703,8.197108591571,
    71.080629288551));
#3313 = CARTESIAN_POINT('',(-460.8166932288,7.877597565627,
    70.916632157116));
#3314 = CARTESIAN_POINT('',(-456.4952571487,8.023397468915,
    70.878972202349));
#3315 = CARTESIAN_POINT('',(-452.4504000069,8.441046098233,
    70.877030150301));
#3316 = CARTESIAN_POINT('',(-447.9424683801,7.792583350257,
    70.78034896772));
#3317 = CARTESIAN_POINT('',(-443.7524033406,8.373208791175,
    70.839760950142));
#3318 = CARTESIAN_POINT('',(-439.4974420849,6.129881061545,
    70.576983436945));
#3319 = CARTESIAN_POINT('',(-435.1419433011,5.25917261815,
    70.502932305429));
#3320 = CARTESIAN_POINT('',(-430.9728274171,3.465237942061,
    70.360147870019));
#3321 = CARTESIAN_POINT('',(-426.6766705817,1.953981715029,
    70.204176317842));
#3322 = CARTESIAN_POINT('',(-423.4568555526,4.094814149289,
    70.395506924674));
#3323 = CARTESIAN_POINT('',(-422.3597,1.141164082883,70.122431350146));
#3324 = CARTESIAN_POINT('',(-679.0382,-0.62290313142,70.177736464213));
#3325 = CARTESIAN_POINT('',(-677.9018430398,-3.214826603544,
    70.475414671876));
#3326 = CARTESIAN_POINT('',(-674.6570379481,-0.573416602074,
    70.112570166625));
#3327 = CARTESIAN_POINT('',(-670.4801286148,-2.152753193808,
    70.295783755476));
#3328 = CARTESIAN_POINT('',(-666.2529876958,-3.308344905047,
    70.34092587752));
#3329 = CARTESIAN_POINT('',(-661.8309289879,-3.152498579427,
    70.20626473212));
#3330 = CARTESIAN_POINT('',(-657.7320144142,-5.237890814243,
    70.443529697017));
#3331 = CARTESIAN_POINT('',(-653.3812140229,-4.862101374963,
    70.366332704119));
#3332 = CARTESIAN_POINT('',(-648.9513854559,-5.378974519516,
    70.425645462274));
#3333 = CARTESIAN_POINT('',(-644.9070855266,-4.550027761607,
    70.332371215699));
#3334 = CARTESIAN_POINT('',(-640.582063889,-5.314976496056,
    70.513032997334));
#3335 = CARTESIAN_POINT('',(-636.2554682792,-5.183732978232,
    70.566094669424));
#3336 = CARTESIAN_POINT('',(-631.9824711096,-5.375637719894,
    70.695925730864));
#3337 = CARTESIAN_POINT('',(-627.7019615338,-5.308189981105,
    70.773330393683));
#3338 = CARTESIAN_POINT('',(-623.4245711463,-5.372349179598,
    70.901470901933));
#3339 = CARTESIAN_POINT('',(-619.1463832312,-5.414756045199,
    71.046140977321));
#3340 = CARTESIAN_POINT('',(-614.8669156658,-5.312612687186,
    71.185801391794));
#3341 = CARTESIAN_POINT('',(-610.5898165078,-5.06619750581,
    71.317135014644));
#3342 = CARTESIAN_POINT('',(-606.3045105877,-4.883369695738,
    71.501810819605));
#3343 = CARTESIAN_POINT('',(-602.0277566031,-4.280786278527,
    71.667017461025));
#3344 = CARTESIAN_POINT('',(-597.7466019923,-3.742428676056,
    71.72291467042));
#3345 = CARTESIAN_POINT('',(-593.4714143357,-2.779498301264,
    72.146794630254));
#3346 = CARTESIAN_POINT('',(-589.1936176105,-1.772862646778,
    72.528920096033));
#3347 = CARTESIAN_POINT('',(-584.9304153006,-0.603591555566,
    72.886304410637));
#3348 = CARTESIAN_POINT('',(-580.6563793824,0.413698108222,
    73.156536591382));
#3349 = CARTESIAN_POINT('',(-576.3740763318,1.290315476578,
    73.188494809298));
#3350 = CARTESIAN_POINT('',(-572.0987272234,1.737385595498,
    73.122481518898));
#3351 = CARTESIAN_POINT('',(-567.7524952784,2.028128584097,
    72.609023569421));
#3352 = CARTESIAN_POINT('',(-563.5775738445,1.393493318467,
    73.125370509074));
#3353 = CARTESIAN_POINT('',(-559.225311783,2.174246252055,
    73.310764026719));
#3354 = CARTESIAN_POINT('',(-554.9153030247,1.507039018147,
    73.984784830074));
#3355 = CARTESIAN_POINT('',(-550.6950514656,1.081481688956,
    73.641755469389));
#3356 = CARTESIAN_POINT('',(-546.5054520859,0.347722606968,
    74.016354295254));
#3357 = CARTESIAN_POINT('',(-542.014622175,0.320236233577,
    73.384671659588));
#3358 = CARTESIAN_POINT('',(-537.9789076762,-1.075701570596,
    73.348595692764));
#3359 = CARTESIAN_POINT('',(-533.6216797195,-1.077387638375,
    72.931015617639));
#3360 = CARTESIAN_POINT('',(-529.3043766466,-0.865941641847,
    73.509340647741));
#3361 = CARTESIAN_POINT('',(-525.0222934397,-0.190002430241,
    73.66718221031));
#3362 = CARTESIAN_POINT('',(-520.7416746921,0.678670076065,
    73.644459106467));
#3363 = CARTESIAN_POINT('',(-516.4671704399,1.716838796018,73.3457129257
    ));
#3364 = CARTESIAN_POINT('',(-512.204407681,2.919670685664,
    72.953206221225));
#3365 = CARTESIAN_POINT('',(-507.9265429784,4.008213880324,
    72.557242077401));
#3366 = CARTESIAN_POINT('',(-503.6502824349,4.989429907894,
    72.117165313214));
#3367 = CARTESIAN_POINT('',(-499.3719688989,5.751024381197,
    72.025649053627));
#3368 = CARTESIAN_POINT('',(-495.0930022696,6.357963557176,
    71.850533937995));
#3369 = CARTESIAN_POINT('',(-490.8081538754,6.562324176258,
    71.64072127921));
#3370 = CARTESIAN_POINT('',(-486.5308534552,6.831307378556,
    71.49433564111));
#3371 = CARTESIAN_POINT('',(-482.2516859036,6.922685630762,
    71.335959018971));
#3372 = CARTESIAN_POINT('',(-477.9730655022,6.935992239604,
    71.18794181035));
#3373 = CARTESIAN_POINT('',(-473.6960456193,6.886651034271,
    71.051234574365));
#3374 = CARTESIAN_POINT('',(-469.4152062773,6.911632727693,
    70.955123826445));
#3375 = CARTESIAN_POINT('',(-465.1421872703,6.880045955535,
    70.847150731286));
#3376 = CARTESIAN_POINT('',(-460.8166932288,6.576075972874,
    70.700032634845));
#3377 = CARTESIAN_POINT('',(-456.4952571487,6.82119002198,
    70.692570177516));
#3378 = CARTESIAN_POINT('',(-452.4504000069,7.435398445425,
    70.73536120401));
#3379 = CARTESIAN_POINT('',(-447.9424683801,6.792677015538,
    70.652676695578));
#3380 = CARTESIAN_POINT('',(-443.7524033406,7.526073748318,
    70.745335377308));
#3381 = CARTESIAN_POINT('',(-439.4974420849,5.467338159917,
    70.520426655888));
#3382 = CARTESIAN_POINT('',(-435.1419433011,4.633349717606,
    70.458710318753));
#3383 = CARTESIAN_POINT('',(-430.9728274171,2.897442579384,
    70.327319885924));
#3384 = CARTESIAN_POINT('',(-426.6766705817,1.545521097952,
    70.199300508127));
#3385 = CARTESIAN_POINT('',(-423.4568555526,3.684046308482,
    70.397088600586));
#3386 = CARTESIAN_POINT('',(-422.3597,0.753712641717,70.126320238732));
#3387 = DEFINITIONAL_REPRESENTATION('',(#3388),#3392);
#3388 = LINE('',#3389,#3390);
#3389 = CARTESIAN_POINT('',(12.,0.));
#3390 = VECTOR('',#3391,1.);
#3391 = DIRECTION('',(0.,1.));
#3392 = ( GEOMETRIC_REPRESENTATION_CONTEXT(2) 
PARAMETRIC_REPRESENTATION_CONTEXT() REPRESENTATION_CONTEXT('2D SPACE',''
  ) );
#3393 = ORIENTED_EDGE('',*,*,#3394,.F.);
#3394 = EDGE_CURVE('',#2931,#3185,#3395,.T.);
#3395 = SURFACE_CURVE('',#3396,(#3399,#3406),.PCURVE_S1.);
#3396 = B_SPLINE_CURVE_WITH_KNOTS('',1,(#3397,#3398),.UNSPECIFIED.,.F.,
  .F.,(2,2),(11.,12.),.PIECEWISE_BEZIER_KNOTS.);
#3397 = CARTESIAN_POINT('',(-422.3597,1.528068953352,70.101857918465));
#3398 = CARTESIAN_POINT('',(-422.3597,1.141164082883,70.122431350146));
#3399 = PCURVE('',#3006,#3400);
#3400 = DEFINITIONAL_REPRESENTATION('',(#3401),#3405);
#3401 = LINE('',#3402,#3403);
#3402 = CARTESIAN_POINT('',(0.,1.));
#3403 = VECTOR('',#3404,1.);
#3404 = DIRECTION('',(1.,0.));
#3405 = ( GEOMETRIC_REPRESENTATION_CONTEXT(2) 
PARAMETRIC_REPRESENTATION_CONTEXT() REPRESENTATION_CONTEXT('2D SPACE',''
  ) );
#3406 = PCURVE('',#401,#3407);
#3407 = DEFINITIONAL_REPRESENTATION('',(#3408),#3411);
#3408 = B_SPLINE_CURVE_WITH_KNOTS('',1,(#3409,#3410),.UNSPECIFIED.,.F.,
  .F.,(2,2),(11.,12.),.PIECEWISE_BEZIER_KNOTS.);
#3409 = CARTESIAN_POINT('',(-1.750928183519,1.492629551893));
#3410 = CARTESIAN_POINT('',(-1.363550646845,1.500198499212));
#3411 = ( GEOMETRIC_REPRESENTATION_CONTEXT(2) 
PARAMETRIC_REPRESENTATION_CONTEXT() REPRESENTATION_CONTEXT('2D SPACE',''
  ) );
#3412 = ORIENTED_EDGE('',*,*,#2930,.F.);
#3413 = ADVANCED_FACE('',(#3414),#3260,.T.);
#3414 = FACE_BOUND('',#3415,.T.);
#3415 = EDGE_LOOP('',(#3416,#3437,#3647,#3666));
#3416 = ORIENTED_EDGE('',*,*,#3417,.T.);
#3417 = EDGE_CURVE('',#3164,#3418,#3420,.T.);
#3418 = VERTEX_POINT('',#3419);
#3419 = CARTESIAN_POINT('',(-679.0382,-0.62290313142,70.177736464213));
#3420 = SURFACE_CURVE('',#3421,(#3424,#3431),.PCURVE_S1.);
#3421 = B_SPLINE_CURVE_WITH_KNOTS('',1,(#3422,#3423),.UNSPECIFIED.,.F.,
  .F.,(2,2),(12.,13.),.PIECEWISE_BEZIER_KNOTS.);
#3422 = CARTESIAN_POINT('',(-679.0382,-0.220409778293,70.154817818961));
#3423 = CARTESIAN_POINT('',(-679.0382,-0.62290313142,70.177736464213));
#3424 = PCURVE('',#3260,#3425);
#3425 = DEFINITIONAL_REPRESENTATION('',(#3426),#3430);
#3426 = LINE('',#3427,#3428);
#3427 = CARTESIAN_POINT('',(0.,0.));
#3428 = VECTOR('',#3429,1.);
#3429 = DIRECTION('',(1.,0.));
#3430 = ( GEOMETRIC_REPRESENTATION_CONTEXT(2) 
PARAMETRIC_REPRESENTATION_CONTEXT() REPRESENTATION_CONTEXT('2D SPACE',''
  ) );
#3431 = PCURVE('',#165,#3432);
#3432 = DEFINITIONAL_REPRESENTATION('',(#3433),#3436);
#3433 = B_SPLINE_CURVE_WITH_KNOTS('',1,(#3434,#3435),.UNSPECIFIED.,.F.,
  .F.,(2,2),(12.,13.),.PIECEWISE_BEZIER_KNOTS.);
#3434 = CARTESIAN_POINT('',(4.772352794322,-0.595287229225));
#3435 = CARTESIAN_POINT('',(5.175265423248,-0.581591351592));
#3436 = ( GEOMETRIC_REPRESENTATION_CONTEXT(2) 
PARAMETRIC_REPRESENTATION_CONTEXT() REPRESENTATION_CONTEXT('2D SPACE',''
  ) );
#3437 = ORIENTED_EDGE('',*,*,#3438,.T.);
#3438 = EDGE_CURVE('',#3418,#3439,#3441,.T.);
#3439 = VERTEX_POINT('',#3440);
#3440 = CARTESIAN_POINT('',(-422.3597,0.753712641717,70.126320238732));
#3441 = SURFACE_CURVE('',#3442,(#3506,#3513),.PCURVE_S1.);
#3442 = ( BOUNDED_CURVE() B_SPLINE_CURVE(3,(#3443,#3444,#3445,#3446,
    #3447,#3448,#3449,#3450,#3451,#3452,#3453,#3454,#3455,#3456,#3457,
    #3458,#3459,#3460,#3461,#3462,#3463,#3464,#3465,#3466,#3467,#3468,
    #3469,#3470,#3471,#3472,#3473,#3474,#3475,#3476,#3477,#3478,#3479,
    #3480,#3481,#3482,#3483,#3484,#3485,#3486,#3487,#3488,#3489,#3490,
    #3491,#3492,#3493,#3494,#3495,#3496,#3497,#3498,#3499,#3500,#3501,
    #3502,#3503,#3504,#3505),.UNSPECIFIED.,.F.,.F.) 
B_SPLINE_CURVE_WITH_KNOTS((4,1,1,1,1,1,1,1,1,1,1,1,1,1,1,1,1,1,1,1,1,1,1
    ,1,1,1,1,1,1,1,1,1,1,1,1,1,1,1,1,1,1,1,1,1,1,1,1,1,1,1,1,1,1,1,1,1,1
    ,1,1,1,4),(0.,1.671164831231E-02,3.327803306227E-02,
    5.000925566809E-02,6.648034363626E-02,8.347574416348E-02,
    9.998031801332E-02,0.116453562429,0.133787455732,0.150582398826,
    0.167003889564,0.183421183117,0.199831572897,0.216243077967,
    0.232654966281,0.249069049,0.265493630469,0.281929899437,
    0.298422530809,0.314972313288,0.331595845732,0.348279560524,
    0.365009232075,0.38168560036,0.398277240471,0.414799735375,
    0.431302994143,0.448140075223,0.464749604184,0.481553115126,
    0.498808354232,0.516050152658,0.532842545742,0.550335828942,
    0.567153130692,0.583652514422,0.600175882991,0.616768685323,
    0.633448038712,0.650182180915,0.666869665762,0.683497438564,
    0.700056495454,0.716547762365,0.732983596882,0.749407921308,
    0.765822295641,0.782233728406,0.798646209918,0.81505724388,
    0.831476734885,0.847901722287,0.864693603231,0.881980563987,
    0.898448960139,0.915352013848,0.932295303855,0.949097785181,
0.966200565614,0.982806308198,1.),.UNSPECIFIED.) CURVE() 
GEOMETRIC_REPRESENTATION_ITEM() RATIONAL_B_SPLINE_CURVE((1.,
    0.999999999979,1.00000000001,0.999999999997,1.000000000001,1.,1.,1.,
    1.,1.,1.,1.,1.,1.,1.,1.,1.,1.,1.,1.,1.,1.,1.,1.,1.,1.,1.,1.,1.,1.,1.
    ,1.,1.,1.,1.,1.,1.,1.,1.,1.,1.,1.,1.,1.,1.,1.,1.,1.,1.,1.,1.,1.,1.,
    1.,1.,1.,1.,1.,0.999999999998,1.000000000007,0.999999999976,
1.000000000054,1.)) REPRESENTATION_ITEM('') );
#3443 = CARTESIAN_POINT('',(-679.0382,-0.62290313142,70.177736464213));
#3444 = CARTESIAN_POINT('',(-677.9018430398,-3.214826603544,
    70.475414671876));
#3445 = CARTESIAN_POINT('',(-674.6570379481,-0.573416602074,
    70.112570166625));
#3446 = CARTESIAN_POINT('',(-670.4801286148,-2.152753193808,
    70.295783755476));
#3447 = CARTESIAN_POINT('',(-666.2529876958,-3.308344905047,
    70.34092587752));
#3448 = CARTESIAN_POINT('',(-661.8309289879,-3.152498579427,
    70.20626473212));
#3449 = CARTESIAN_POINT('',(-657.7320144142,-5.237890814243,
    70.443529697017));
#3450 = CARTESIAN_POINT('',(-653.3812140229,-4.862101374963,
    70.366332704119));
#3451 = CARTESIAN_POINT('',(-648.9513854559,-5.378974519516,
    70.425645462274));
#3452 = CARTESIAN_POINT('',(-644.9070855266,-4.550027761607,
    70.332371215699));
#3453 = CARTESIAN_POINT('',(-640.582063889,-5.314976496056,
    70.513032997334));
#3454 = CARTESIAN_POINT('',(-636.2554682792,-5.183732978232,
    70.566094669424));
#3455 = CARTESIAN_POINT('',(-631.9824711096,-5.375637719894,
    70.695925730864));
#3456 = CARTESIAN_POINT('',(-627.7019615338,-5.308189981105,
    70.773330393683));
#3457 = CARTESIAN_POINT('',(-623.4245711463,-5.372349179598,
    70.901470901933));
#3458 = CARTESIAN_POINT('',(-619.1463832312,-5.414756045199,
    71.046140977321));
#3459 = CARTESIAN_POINT('',(-614.8669156658,-5.312612687186,
    71.185801391794));
#3460 = CARTESIAN_POINT('',(-610.5898165078,-5.06619750581,
    71.317135014644));
#3461 = CARTESIAN_POINT('',(-606.3045105877,-4.883369695738,
    71.501810819605));
#3462 = CARTESIAN_POINT('',(-602.0277566031,-4.280786278527,
    71.667017461025));
#3463 = CARTESIAN_POINT('',(-597.7466019923,-3.742428676056,
    71.72291467042));
#3464 = CARTESIAN_POINT('',(-593.4714143357,-2.779498301264,
    72.146794630254));
#3465 = CARTESIAN_POINT('',(-589.1936176105,-1.772862646778,
    72.528920096033));
#3466 = CARTESIAN_POINT('',(-584.9304153006,-0.603591555566,
    72.886304410637));
#3467 = CARTESIAN_POINT('',(-580.6563793824,0.413698108222,
    73.156536591382));
#3468 = CARTESIAN_POINT('',(-576.3740763318,1.290315476578,
    73.188494809298));
#3469 = CARTESIAN_POINT('',(-572.0987272234,1.737385595498,
    73.122481518898));
#3470 = CARTESIAN_POINT('',(-567.7524952784,2.028128584097,
    72.609023569421));
#3471 = CARTESIAN_POINT('',(-563.5775738445,1.393493318467,
    73.125370509074));
#3472 = CARTESIAN_POINT('',(-559.225311783,2.174246252055,
    73.310764026719));
#3473 = CARTESIAN_POINT('',(-554.9153030247,1.507039018147,
    73.984784830074));
#3474 = CARTESIAN_POINT('',(-550.6950514656,1.081481688956,
    73.641755469389));
#3475 = CARTESIAN_POINT('',(-546.5054520859,0.347722606968,
    74.016354295254));
#3476 = CARTESIAN_POINT('',(-542.014622175,0.320236233577,
    73.384671659588));
#3477 = CARTESIAN_POINT('',(-537.9789076762,-1.075701570596,
    73.348595692764));
#3478 = CARTESIAN_POINT('',(-533.6216797195,-1.077387638375,
    72.931015617639));
#3479 = CARTESIAN_POINT('',(-529.3043766466,-0.865941641847,
    73.509340647741));
#3480 = CARTESIAN_POINT('',(-525.0222934397,-0.190002430241,
    73.66718221031));
#3481 = CARTESIAN_POINT('',(-520.7416746921,0.678670076065,
    73.644459106467));
#3482 = CARTESIAN_POINT('',(-516.4671704399,1.716838796018,73.3457129257
    ));
#3483 = CARTESIAN_POINT('',(-512.204407681,2.919670685664,
    72.953206221225));
#3484 = CARTESIAN_POINT('',(-507.9265429784,4.008213880324,
    72.557242077401));
#3485 = CARTESIAN_POINT('',(-503.6502824349,4.989429907894,
    72.117165313214));
#3486 = CARTESIAN_POINT('',(-499.3719688989,5.751024381197,
    72.025649053627));
#3487 = CARTESIAN_POINT('',(-495.0930022696,6.357963557176,
    71.850533937995));
#3488 = CARTESIAN_POINT('',(-490.8081538754,6.562324176258,
    71.64072127921));
#3489 = CARTESIAN_POINT('',(-486.5308534552,6.831307378556,
    71.49433564111));
#3490 = CARTESIAN_POINT('',(-482.2516859036,6.922685630762,
    71.335959018971));
#3491 = CARTESIAN_POINT('',(-477.9730655022,6.935992239604,
    71.18794181035));
#3492 = CARTESIAN_POINT('',(-473.6960456193,6.886651034271,
    71.051234574365));
#3493 = CARTESIAN_POINT('',(-469.4152062773,6.911632727693,
    70.955123826445));
#3494 = CARTESIAN_POINT('',(-465.1421872703,6.880045955535,
    70.847150731286));
#3495 = CARTESIAN_POINT('',(-460.8166932288,6.576075972874,
    70.700032634845));
#3496 = CARTESIAN_POINT('',(-456.4952571487,6.82119002198,
    70.692570177516));
#3497 = CARTESIAN_POINT('',(-452.4504000069,7.435398445425,
    70.73536120401));
#3498 = CARTESIAN_POINT('',(-447.9424683801,6.792677015538,
    70.652676695578));
#3499 = CARTESIAN_POINT('',(-443.7524033406,7.526073748318,
    70.745335377308));
#3500 = CARTESIAN_POINT('',(-439.4974420849,5.467338159917,
    70.520426655888));
#3501 = CARTESIAN_POINT('',(-435.1419433011,4.633349717606,
    70.458710318753));
#3502 = CARTESIAN_POINT('',(-430.9728274171,2.897442579384,
    70.327319885924));
#3503 = CARTESIAN_POINT('',(-426.6766705817,1.545521097952,
    70.199300508127));
#3504 = CARTESIAN_POINT('',(-423.4568555526,3.684046308482,
    70.397088600586));
#3505 = CARTESIAN_POINT('',(-422.3597,0.753712641717,70.126320238732));
#3506 = PCURVE('',#3260,#3507);
#3507 = DEFINITIONAL_REPRESENTATION('',(#3508),#3512);
#3508 = LINE('',#3509,#3510);
#3509 = CARTESIAN_POINT('',(13.,0.));
#3510 = VECTOR('',#3511,1.);
#3511 = DIRECTION('',(0.,1.));
#3512 = ( GEOMETRIC_REPRESENTATION_CONTEXT(2) 
PARAMETRIC_REPRESENTATION_CONTEXT() REPRESENTATION_CONTEXT('2D SPACE',''
  ) );
#3513 = PCURVE('',#3514,#3641);
#3514 = ( BOUNDED_SURFACE() B_SPLINE_SURFACE(1,3,(
    (#3515,#3516,#3517,#3518,#3519,#3520,#3521,#3522,#3523,#3524,#3525
      ,#3526,#3527,#3528,#3529,#3530,#3531,#3532,#3533,#3534,#3535,#3536
      ,#3537,#3538,#3539,#3540,#3541,#3542,#3543,#3544,#3545,#3546,#3547
      ,#3548,#3549,#3550,#3551,#3552,#3553,#3554,#3555,#3556,#3557,#3558
      ,#3559,#3560,#3561,#3562,#3563,#3564,#3565,#3566,#3567,#3568,#3569
      ,#3570,#3571,#3572,#3573,#3574,#3575,#3576,#3577)
    ,(#3578,#3579,#3580,#3581,#3582,#3583,#3584,#3585,#3586,#3587,#3588
      ,#3589,#3590,#3591,#3592,#3593,#3594,#3595,#3596,#3597,#3598,#3599
      ,#3600,#3601,#3602,#3603,#3604,#3605,#3606,#3607,#3608,#3609,#3610
      ,#3611,#3612,#3613,#3614,#3615,#3616,#3617,#3618,#3619,#3620,#3621
      ,#3622,#3623,#3624,#3625,#3626,#3627,#3628,#3629,#3630,#3631,#3632
      ,#3633,#3634,#3635,#3636,#3637,#3638,#3639,#3640
)),.UNSPECIFIED.,.F.,.F.,.F.) B_SPLINE_SURFACE_WITH_KNOTS((2,2),(4,1,1,1
    ,1,1,1,1,1,1,1,1,1,1,1,1,1,1,1,1,1,1,1,1,1,1,1,1,1,1,1,1,1,1,1,1,1,1
    ,1,1,1,1,1,1,1,1,1,1,1,1,1,1,1,1,1,1,1,1,1,1,4),(13.,14.),(0.,
    1.671164831231E-02,3.327803306227E-02,5.000925566809E-02,
    6.648034363626E-02,8.347574416348E-02,9.998031801332E-02,
    0.116453562429,0.133787455732,0.150582398826,0.167003889564,
    0.183421183117,0.199831572897,0.216243077967,0.232654966281,
    0.249069049,0.265493630469,0.281929899437,0.298422530809,
    0.314972313288,0.331595845732,0.348279560524,0.365009232075,
    0.38168560036,0.398277240471,0.414799735375,0.431302994143,
    0.448140075223,0.464749604184,0.481553115126,0.498808354232,
    0.516050152658,0.532842545742,0.550335828942,0.567153130692,
    0.583652514422,0.600175882991,0.616768685323,0.633448038712,
    0.650182180915,0.666869665762,0.683497438564,0.700056495454,
    0.716547762365,0.732983596882,0.749407921308,0.765822295641,
    0.782233728406,0.798646209918,0.81505724388,0.831476734885,
    0.847901722287,0.864693603231,0.881980563987,0.898448960139,
    0.915352013848,0.932295303855,0.949097785181,0.966200565614,
0.982806308198,1.),.UNSPECIFIED.) GEOMETRIC_REPRESENTATION_ITEM() 
RATIONAL_B_SPLINE_SURFACE((
    (1.,0.999999999979,1.00000000001,0.999999999997,1.000000000001,1.,1.
      ,1.,1.,1.,1.,1.,1.,1.,1.,1.,1.,1.,1.,1.,1.,1.,1.,1.,1.,1.,1.,1.,1.
      ,1.,1.,1.,1.,1.,1.,1.,1.,1.,1.,1.,1.,1.,1.,1.,1.,1.,1.,1.,1.,1.,1.
      ,1.,1.,1.,1.,1.,1.,1.,0.999999999998,1.000000000007,0.999999999976
      ,1.000000000054,1.)
    ,(1.,0.999999999979,1.00000000001,0.999999999997,1.000000000001,1.
      ,1.,1.,1.,1.,1.,1.,1.,1.,1.,1.,1.,1.,1.,1.,1.,1.,1.,1.,1.,1.,1.,1.
      ,1.,1.,1.,1.,1.,1.,1.,1.,1.,1.,1.,1.,1.,1.,1.,1.,1.,1.,1.,1.,1.,1.
      ,1.,1.,1.,1.,1.,1.,1.,1.,0.999999999998,1.000000000007
,0.999999999976,1.000000000054,1.
  ))) REPRESENTATION_ITEM('') SURFACE() );
#3515 = CARTESIAN_POINT('',(-679.0382,-0.62290313142,70.177736464213));
#3516 = CARTESIAN_POINT('',(-677.9018430398,-3.214826603544,
    70.475414671876));
#3517 = CARTESIAN_POINT('',(-674.6570379481,-0.573416602074,
    70.112570166625));
#3518 = CARTESIAN_POINT('',(-670.4801286148,-2.152753193808,
    70.295783755476));
#3519 = CARTESIAN_POINT('',(-666.2529876958,-3.308344905047,
    70.34092587752));
#3520 = CARTESIAN_POINT('',(-661.8309289879,-3.152498579427,
    70.20626473212));
#3521 = CARTESIAN_POINT('',(-657.7320144142,-5.237890814243,
    70.443529697017));
#3522 = CARTESIAN_POINT('',(-653.3812140229,-4.862101374963,
    70.366332704119));
#3523 = CARTESIAN_POINT('',(-648.9513854559,-5.378974519516,
    70.425645462274));
#3524 = CARTESIAN_POINT('',(-644.9070855266,-4.550027761607,
    70.332371215699));
#3525 = CARTESIAN_POINT('',(-640.582063889,-5.314976496056,
    70.513032997334));
#3526 = CARTESIAN_POINT('',(-636.2554682792,-5.183732978232,
    70.566094669424));
#3527 = CARTESIAN_POINT('',(-631.9824711096,-5.375637719894,
    70.695925730864));
#3528 = CARTESIAN_POINT('',(-627.7019615338,-5.308189981105,
    70.773330393683));
#3529 = CARTESIAN_POINT('',(-623.4245711463,-5.372349179598,
    70.901470901933));
#3530 = CARTESIAN_POINT('',(-619.1463832312,-5.414756045199,
    71.046140977321));
#3531 = CARTESIAN_POINT('',(-614.8669156658,-5.312612687186,
    71.185801391794));
#3532 = CARTESIAN_POINT('',(-610.5898165078,-5.06619750581,
    71.317135014644));
#3533 = CARTESIAN_POINT('',(-606.3045105877,-4.883369695738,
    71.501810819605));
#3534 = CARTESIAN_POINT('',(-602.0277566031,-4.280786278527,
    71.667017461025));
#3535 = CARTESIAN_POINT('',(-597.7466019923,-3.742428676056,
    71.72291467042));
#3536 = CARTESIAN_POINT('',(-593.4714143357,-2.779498301264,
    72.146794630254));
#3537 = CARTESIAN_POINT('',(-589.1936176105,-1.772862646778,
    72.528920096033));
#3538 = CARTESIAN_POINT('',(-584.9304153006,-0.603591555566,
    72.886304410637));
#3539 = CARTESIAN_POINT('',(-580.6563793824,0.413698108222,
    73.156536591382));
#3540 = CARTESIAN_POINT('',(-576.3740763318,1.290315476578,
    73.188494809298));
#3541 = CARTESIAN_POINT('',(-572.0987272234,1.737385595498,
    73.122481518898));
#3542 = CARTESIAN_POINT('',(-567.7524952784,2.028128584097,
    72.609023569421));
#3543 = CARTESIAN_POINT('',(-563.5775738445,1.393493318467,
    73.125370509074));
#3544 = CARTESIAN_POINT('',(-559.225311783,2.174246252055,
    73.310764026719));
#3545 = CARTESIAN_POINT('',(-554.9153030247,1.507039018147,
    73.984784830074));
#3546 = CARTESIAN_POINT('',(-550.6950514656,1.081481688956,
    73.641755469389));
#3547 = CARTESIAN_POINT('',(-546.5054520859,0.347722606968,
    74.016354295254));
#3548 = CARTESIAN_POINT('',(-542.014622175,0.320236233577,
    73.384671659588));
#3549 = CARTESIAN_POINT('',(-537.9789076762,-1.075701570596,
    73.348595692764));
#3550 = CARTESIAN_POINT('',(-533.6216797195,-1.077387638375,
    72.931015617639));
#3551 = CARTESIAN_POINT('',(-529.3043766466,-0.865941641847,
    73.509340647741));
#3552 = CARTESIAN_POINT('',(-525.0222934397,-0.190002430241,
    73.66718221031));
#3553 = CARTESIAN_POINT('',(-520.7416746921,0.678670076065,
    73.644459106467));
#3554 = CARTESIAN_POINT('',(-516.4671704399,1.716838796018,73.3457129257
    ));
#3555 = CARTESIAN_POINT('',(-512.204407681,2.919670685664,
    72.953206221225));
#3556 = CARTESIAN_POINT('',(-507.9265429784,4.008213880324,
    72.557242077401));
#3557 = CARTESIAN_POINT('',(-503.6502824349,4.989429907894,
    72.117165313214));
#3558 = CARTESIAN_POINT('',(-499.3719688989,5.751024381197,
    72.025649053627));
#3559 = CARTESIAN_POINT('',(-495.0930022696,6.357963557176,
    71.850533937995));
#3560 = CARTESIAN_POINT('',(-490.8081538754,6.562324176258,
    71.64072127921));
#3561 = CARTESIAN_POINT('',(-486.5308534552,6.831307378556,
    71.49433564111));
#3562 = CARTESIAN_POINT('',(-482.2516859036,6.922685630762,
    71.335959018971));
#3563 = CARTESIAN_POINT('',(-477.9730655022,6.935992239604,
    71.18794181035));
#3564 = CARTESIAN_POINT('',(-473.6960456193,6.886651034271,
    71.051234574365));
#3565 = CARTESIAN_POINT('',(-469.4152062773,6.911632727693,
    70.955123826445));
#3566 = CARTESIAN_POINT('',(-465.1421872703,6.880045955535,
    70.847150731286));
#3567 = CARTESIAN_POINT('',(-460.8166932288,6.576075972874,
    70.700032634845));
#3568 = CARTESIAN_POINT('',(-456.4952571487,6.82119002198,
    70.692570177516));
#3569 = CARTESIAN_POINT('',(-452.4504000069,7.435398445425,
    70.73536120401));
#3570 = CARTESIAN_POINT('',(-447.9424683801,6.792677015538,
    70.652676695578));
#3571 = CARTESIAN_POINT('',(-443.7524033406,7.526073748318,
    70.745335377308));
#3572 = CARTESIAN_POINT('',(-439.4974420849,5.467338159917,
    70.520426655888));
#3573 = CARTESIAN_POINT('',(-435.1419433011,4.633349717606,
    70.458710318753));
#3574 = CARTESIAN_POINT('',(-430.9728274171,2.897442579384,
    70.327319885924));
#3575 = CARTESIAN_POINT('',(-426.6766705817,1.545521097952,
    70.199300508127));
#3576 = CARTESIAN_POINT('',(-423.4568555526,3.684046308482,
    70.397088600586));
#3577 = CARTESIAN_POINT('',(-422.3597,0.753712641717,70.126320238732));
#3578 = CARTESIAN_POINT('',(-679.0382,-1.025852536646,70.190186009897));
#3579 = CARTESIAN_POINT('',(-677.9018430398,-3.814630142132,
    70.517308735062));
#3580 = CARTESIAN_POINT('',(-674.6570379481,-1.036558087725,
    70.137469141528));
#3581 = CARTESIAN_POINT('',(-670.4801286148,-2.799865584093,
    70.352176984764));
#3582 = CARTESIAN_POINT('',(-666.2529876958,-3.997117052929,
    70.405335950141));
#3583 = CARTESIAN_POINT('',(-661.8309289879,-3.796219204302,
    70.268135083841));
#3584 = CARTESIAN_POINT('',(-657.7320144142,-6.11822204589,
    70.550500831831));
#3585 = CARTESIAN_POINT('',(-653.3812140229,-5.785658478057,
    70.492057000007));
#3586 = CARTESIAN_POINT('',(-648.9513854559,-6.336254971017,
    70.568273409513));
#3587 = CARTESIAN_POINT('',(-644.9070855266,-5.699209095307,
    70.51840876452));
#3588 = CARTESIAN_POINT('',(-640.582063889,-6.642439855933,
    70.742523109679));
#3589 = CARTESIAN_POINT('',(-636.2554682792,-6.500083717693,
    70.806308543433));
#3590 = CARTESIAN_POINT('',(-631.9824711096,-6.727940802982,
    70.954485251838));
#3591 = CARTESIAN_POINT('',(-627.7019615338,-6.663022036474,
    71.043842927737));
#3592 = CARTESIAN_POINT('',(-623.4245711463,-6.739644777489,
    71.188198926855));
#3593 = CARTESIAN_POINT('',(-619.1463832312,-6.787735665772,
    71.350428157621));
#3594 = CARTESIAN_POINT('',(-614.8669156658,-6.674872463085,
    71.506452282113));
#3595 = CARTESIAN_POINT('',(-610.5898165078,-6.404242363746,
    71.65174759461));
#3596 = CARTESIAN_POINT('',(-606.3045105877,-6.192898362946,
    71.859020845123));
#3597 = CARTESIAN_POINT('',(-602.0277566031,-5.537280349806,
    72.018509417812));
#3598 = CARTESIAN_POINT('',(-597.7466019923,-4.914632974364,
    72.161532211853));
#3599 = CARTESIAN_POINT('',(-593.4714143357,-3.876452127121,
    72.584353292346));
#3600 = CARTESIAN_POINT('',(-589.1936176105,-2.787107958015,
    72.979177659221));
#3601 = CARTESIAN_POINT('',(-584.9304153006,-1.526082674452,
    73.349619950854));
#3602 = CARTESIAN_POINT('',(-580.6563793824,-0.426621368239,
    73.612795877664));
#3603 = CARTESIAN_POINT('',(-576.3740763318,0.523039539309,
    73.611385902219));
#3604 = CARTESIAN_POINT('',(-572.0987272234,1.026529941772,
    73.489017945188));
#3605 = CARTESIAN_POINT('',(-567.7524952784,1.400910066557,
    72.903309372696));
#3606 = CARTESIAN_POINT('',(-563.5775738445,0.698184424502,
    73.360148500583));
#3607 = CARTESIAN_POINT('',(-559.225311783,1.647532413239,
    73.302042220564));
#3608 = CARTESIAN_POINT('',(-554.9153030247,0.896523007096,
    73.968045932147));
#3609 = CARTESIAN_POINT('',(-550.6950514656,0.514302013424,
    73.544134562484));
#3610 = CARTESIAN_POINT('',(-546.5054520859,-0.259791623112,
    73.859812535781));
#3611 = CARTESIAN_POINT('',(-542.014622175,-0.204280639124,
    73.131213994028));
#3612 = CARTESIAN_POINT('',(-537.9789076762,-1.769311371784,
    73.181539574237));
#3613 = CARTESIAN_POINT('',(-533.6216797195,-1.707466582472,
    72.619874253637));
#3614 = CARTESIAN_POINT('',(-529.3043766466,-1.578360721658,
    73.148762326824));
#3615 = CARTESIAN_POINT('',(-525.0222934397,-0.961315136373,
    73.252547732095));
#3616 = CARTESIAN_POINT('',(-520.7416746921,-0.165358281364,
    73.197111459869));
#3617 = CARTESIAN_POINT('',(-516.4671704399,0.793472602254,
    72.885071000004));
#3618 = CARTESIAN_POINT('',(-512.204407681,1.906417693678,
    72.502589616329));
#3619 = CARTESIAN_POINT('',(-507.9265429784,2.911617264827,
    72.118082526359));
#3620 = CARTESIAN_POINT('',(-503.6502824349,3.815006270442,
    71.681394552053));
#3621 = CARTESIAN_POINT('',(-499.3719688989,4.498143901008,
    71.658210482352));
#3622 = CARTESIAN_POINT('',(-495.0930022696,5.052485773548,
    71.480264133031));
#3623 = CARTESIAN_POINT('',(-490.8081538754,5.227222523116,
    71.292286081895));
#3624 = CARTESIAN_POINT('',(-486.5308534552,5.473223955702,
    71.161304476597));
#3625 = CARTESIAN_POINT('',(-482.2516859036,5.555625116799,
    71.022400936313));
#3626 = CARTESIAN_POINT('',(-477.9730655022,5.56839293585,
    70.892742614333));
#3627 = CARTESIAN_POINT('',(-473.6960456193,5.536022583088,
    70.774606857019));
#3628 = CARTESIAN_POINT('',(-469.4152062773,5.563900071812,
    70.692030173091));
#3629 = CARTESIAN_POINT('',(-465.1421872703,5.565012576177,
    70.602496147865));
#3630 = CARTESIAN_POINT('',(-460.8166932288,5.276467355938,
    70.472230785976));
#3631 = CARTESIAN_POINT('',(-456.4952571487,5.620786264062,
    70.49492043748));
#3632 = CARTESIAN_POINT('',(-452.4504000069,6.431419919905,
    70.582331676297));
#3633 = CARTESIAN_POINT('',(-447.9424683801,5.794289137475,
    70.513617134427));
#3634 = CARTESIAN_POINT('',(-443.7524033406,6.68031863324,
    70.639400125292));
#3635 = CARTESIAN_POINT('',(-439.4974420849,4.805914123046,
    70.452142235178));
#3636 = CARTESIAN_POINT('',(-435.1419433011,4.008466922805,
    70.402697300213));
#3637 = CARTESIAN_POINT('',(-430.9728274171,2.330466530565,
    70.282608762963));
#3638 = CARTESIAN_POINT('',(-426.6766705817,1.137513657951,
    70.181964398186));
#3639 = CARTESIAN_POINT('',(-423.4568555526,3.273272444822,
    70.385639024354));
#3640 = CARTESIAN_POINT('',(-422.3597,0.366335048373,70.117447539134));
#3641 = DEFINITIONAL_REPRESENTATION('',(#3642),#3646);
#3642 = LINE('',#3643,#3644);
#3643 = CARTESIAN_POINT('',(13.,0.));
#3644 = VECTOR('',#3645,1.);
#3645 = DIRECTION('',(0.,1.));
#3646 = ( GEOMETRIC_REPRESENTATION_CONTEXT(2) 
PARAMETRIC_REPRESENTATION_CONTEXT() REPRESENTATION_CONTEXT('2D SPACE',''
  ) );
#3647 = ORIENTED_EDGE('',*,*,#3648,.F.);
#3648 = EDGE_CURVE('',#3185,#3439,#3649,.T.);
#3649 = SURFACE_CURVE('',#3650,(#3653,#3660),.PCURVE_S1.);
#3650 = B_SPLINE_CURVE_WITH_KNOTS('',1,(#3651,#3652),.UNSPECIFIED.,.F.,
  .F.,(2,2),(12.,13.),.PIECEWISE_BEZIER_KNOTS.);
#3651 = CARTESIAN_POINT('',(-422.3597,1.141164082883,70.122431350146));
#3652 = CARTESIAN_POINT('',(-422.3597,0.753712641717,70.126320238732));
#3653 = PCURVE('',#3260,#3654);
#3654 = DEFINITIONAL_REPRESENTATION('',(#3655),#3659);
#3655 = LINE('',#3656,#3657);
#3656 = CARTESIAN_POINT('',(0.,1.));
#3657 = VECTOR('',#3658,1.);
#3658 = DIRECTION('',(1.,0.));
#3659 = ( GEOMETRIC_REPRESENTATION_CONTEXT(2) 
PARAMETRIC_REPRESENTATION_CONTEXT() REPRESENTATION_CONTEXT('2D SPACE',''
  ) );
#3660 = PCURVE('',#401,#3661);
#3661 = DEFINITIONAL_REPRESENTATION('',(#3662),#3665);
#3662 = B_SPLINE_CURVE_WITH_KNOTS('',1,(#3663,#3664),.UNSPECIFIED.,.F.,
  .F.,(2,2),(12.,13.),.PIECEWISE_BEZIER_KNOTS.);
#3663 = CARTESIAN_POINT('',(-1.363550646845,1.500198499212));
#3664 = CARTESIAN_POINT('',(-0.976187141227,1.491073959149));
#3665 = ( GEOMETRIC_REPRESENTATION_CONTEXT(2) 
PARAMETRIC_REPRESENTATION_CONTEXT() REPRESENTATION_CONTEXT('2D SPACE',''
  ) );
#3666 = ORIENTED_EDGE('',*,*,#3184,.F.);
#3667 = ADVANCED_FACE('',(#3668),#3514,.T.);
#3668 = FACE_BOUND('',#3669,.T.);
#3669 = EDGE_LOOP('',(#3670,#3691,#3901,#3920));
#3670 = ORIENTED_EDGE('',*,*,#3671,.T.);
#3671 = EDGE_CURVE('',#3418,#3672,#3674,.T.);
#3672 = VERTEX_POINT('',#3673);
#3673 = CARTESIAN_POINT('',(-679.0382,-1.025852536646,70.190186009897));
#3674 = SURFACE_CURVE('',#3675,(#3678,#3685),.PCURVE_S1.);
#3675 = B_SPLINE_CURVE_WITH_KNOTS('',1,(#3676,#3677),.UNSPECIFIED.,.F.,
  .F.,(2,2),(13.,14.),.PIECEWISE_BEZIER_KNOTS.);
#3676 = CARTESIAN_POINT('',(-679.0382,-0.62290313142,70.177736464213));
#3677 = CARTESIAN_POINT('',(-679.0382,-1.025852536646,70.190186009897));
#3678 = PCURVE('',#3514,#3679);
#3679 = DEFINITIONAL_REPRESENTATION('',(#3680),#3684);
#3680 = LINE('',#3681,#3682);
#3681 = CARTESIAN_POINT('',(0.,0.));
#3682 = VECTOR('',#3683,1.);
#3683 = DIRECTION('',(1.,0.));
#3684 = ( GEOMETRIC_REPRESENTATION_CONTEXT(2) 
PARAMETRIC_REPRESENTATION_CONTEXT() REPRESENTATION_CONTEXT('2D SPACE',''
  ) );
#3685 = PCURVE('',#165,#3686);
#3686 = DEFINITIONAL_REPRESENTATION('',(#3687),#3690);
#3687 = B_SPLINE_CURVE_WITH_KNOTS('',1,(#3688,#3689),.UNSPECIFIED.,.F.,
  .F.,(2,2),(13.,14.),.PIECEWISE_BEZIER_KNOTS.);
#3688 = CARTESIAN_POINT('',(5.175265423248,-0.581591351592));
#3689 = CARTESIAN_POINT('',(5.577682315816,-0.557428178475));
#3690 = ( GEOMETRIC_REPRESENTATION_CONTEXT(2) 
PARAMETRIC_REPRESENTATION_CONTEXT() REPRESENTATION_CONTEXT('2D SPACE',''
  ) );
#3691 = ORIENTED_EDGE('',*,*,#3692,.T.);
#3692 = EDGE_CURVE('',#3672,#3693,#3695,.T.);
#3693 = VERTEX_POINT('',#3694);
#3694 = CARTESIAN_POINT('',(-422.3597,0.366335048373,70.117447539134));
#3695 = SURFACE_CURVE('',#3696,(#3760,#3767),.PCURVE_S1.);
#3696 = ( BOUNDED_CURVE() B_SPLINE_CURVE(3,(#3697,#3698,#3699,#3700,
    #3701,#3702,#3703,#3704,#3705,#3706,#3707,#3708,#3709,#3710,#3711,
    #3712,#3713,#3714,#3715,#3716,#3717,#3718,#3719,#3720,#3721,#3722,
    #3723,#3724,#3725,#3726,#3727,#3728,#3729,#3730,#3731,#3732,#3733,
    #3734,#3735,#3736,#3737,#3738,#3739,#3740,#3741,#3742,#3743,#3744,
    #3745,#3746,#3747,#3748,#3749,#3750,#3751,#3752,#3753,#3754,#3755,
    #3756,#3757,#3758,#3759),.UNSPECIFIED.,.F.,.F.) 
B_SPLINE_CURVE_WITH_KNOTS((4,1,1,1,1,1,1,1,1,1,1,1,1,1,1,1,1,1,1,1,1,1,1
    ,1,1,1,1,1,1,1,1,1,1,1,1,1,1,1,1,1,1,1,1,1,1,1,1,1,1,1,1,1,1,1,1,1,1
    ,1,1,1,4),(0.,1.671164831231E-02,3.327803306227E-02,
    5.000925566809E-02,6.648034363626E-02,8.347574416348E-02,
    9.998031801332E-02,0.116453562429,0.133787455732,0.150582398826,
    0.167003889564,0.183421183117,0.199831572897,0.216243077967,
    0.232654966281,0.249069049,0.265493630469,0.281929899437,
    0.298422530809,0.314972313288,0.331595845732,0.348279560524,
    0.365009232075,0.38168560036,0.398277240471,0.414799735375,
    0.431302994143,0.448140075223,0.464749604184,0.481553115126,
    0.498808354232,0.516050152658,0.532842545742,0.550335828942,
    0.567153130692,0.583652514422,0.600175882991,0.616768685323,
    0.633448038712,0.650182180915,0.666869665762,0.683497438564,
    0.700056495454,0.716547762365,0.732983596882,0.749407921308,
    0.765822295641,0.782233728406,0.798646209918,0.81505724388,
    0.831476734885,0.847901722287,0.864693603231,0.881980563987,
    0.898448960139,0.915352013848,0.932295303855,0.949097785181,
0.966200565614,0.982806308198,1.),.UNSPECIFIED.) CURVE() 
GEOMETRIC_REPRESENTATION_ITEM() RATIONAL_B_SPLINE_CURVE((1.,
    0.999999999979,1.00000000001,0.999999999997,1.000000000001,1.,1.,1.,
    1.,1.,1.,1.,1.,1.,1.,1.,1.,1.,1.,1.,1.,1.,1.,1.,1.,1.,1.,1.,1.,1.,1.
    ,1.,1.,1.,1.,1.,1.,1.,1.,1.,1.,1.,1.,1.,1.,1.,1.,1.,1.,1.,1.,1.,1.,
    1.,1.,1.,1.,1.,0.999999999998,1.000000000007,0.999999999976,
1.000000000054,1.)) REPRESENTATION_ITEM('') );
#3697 = CARTESIAN_POINT('',(-679.0382,-1.025852536646,70.190186009897));
#3698 = CARTESIAN_POINT('',(-677.9018430398,-3.814630142132,
    70.517308735062));
#3699 = CARTESIAN_POINT('',(-674.6570379481,-1.036558087725,
    70.137469141528));
#3700 = CARTESIAN_POINT('',(-670.4801286148,-2.799865584093,
    70.352176984764));
#3701 = CARTESIAN_POINT('',(-666.2529876958,-3.997117052929,
    70.405335950141));
#3702 = CARTESIAN_POINT('',(-661.8309289879,-3.796219204302,
    70.268135083841));
#3703 = CARTESIAN_POINT('',(-657.7320144142,-6.11822204589,
    70.550500831831));
#3704 = CARTESIAN_POINT('',(-653.3812140229,-5.785658478057,
    70.492057000007));
#3705 = CARTESIAN_POINT('',(-648.9513854559,-6.336254971017,
    70.568273409513));
#3706 = CARTESIAN_POINT('',(-644.9070855266,-5.699209095307,
    70.51840876452));
#3707 = CARTESIAN_POINT('',(-640.582063889,-6.642439855933,
    70.742523109679));
#3708 = CARTESIAN_POINT('',(-636.2554682792,-6.500083717693,
    70.806308543433));
#3709 = CARTESIAN_POINT('',(-631.9824711096,-6.727940802982,
    70.954485251838));
#3710 = CARTESIAN_POINT('',(-627.7019615338,-6.663022036474,
    71.043842927737));
#3711 = CARTESIAN_POINT('',(-623.4245711463,-6.739644777489,
    71.188198926855));
#3712 = CARTESIAN_POINT('',(-619.1463832312,-6.787735665772,
    71.350428157621));
#3713 = CARTESIAN_POINT('',(-614.8669156658,-6.674872463085,
    71.506452282113));
#3714 = CARTESIAN_POINT('',(-610.5898165078,-6.404242363746,
    71.65174759461));
#3715 = CARTESIAN_POINT('',(-606.3045105877,-6.192898362946,
    71.859020845123));
#3716 = CARTESIAN_POINT('',(-602.0277566031,-5.537280349806,
    72.018509417812));
#3717 = CARTESIAN_POINT('',(-597.7466019923,-4.914632974364,
    72.161532211853));
#3718 = CARTESIAN_POINT('',(-593.4714143357,-3.876452127121,
    72.584353292346));
#3719 = CARTESIAN_POINT('',(-589.1936176105,-2.787107958015,
    72.979177659221));
#3720 = CARTESIAN_POINT('',(-584.9304153006,-1.526082674452,
    73.349619950854));
#3721 = CARTESIAN_POINT('',(-580.6563793824,-0.426621368239,
    73.612795877664));
#3722 = CARTESIAN_POINT('',(-576.3740763318,0.523039539309,
    73.611385902219));
#3723 = CARTESIAN_POINT('',(-572.0987272234,1.026529941772,
    73.489017945188));
#3724 = CARTESIAN_POINT('',(-567.7524952784,1.400910066557,
    72.903309372696));
#3725 = CARTESIAN_POINT('',(-563.5775738445,0.698184424502,
    73.360148500583));
#3726 = CARTESIAN_POINT('',(-559.225311783,1.647532413239,
    73.302042220564));
#3727 = CARTESIAN_POINT('',(-554.9153030247,0.896523007096,
    73.968045932147));
#3728 = CARTESIAN_POINT('',(-550.6950514656,0.514302013424,
    73.544134562484));
#3729 = CARTESIAN_POINT('',(-546.5054520859,-0.259791623112,
    73.859812535781));
#3730 = CARTESIAN_POINT('',(-542.014622175,-0.204280639124,
    73.131213994028));
#3731 = CARTESIAN_POINT('',(-537.9789076762,-1.769311371784,
    73.181539574237));
#3732 = CARTESIAN_POINT('',(-533.6216797195,-1.707466582472,
    72.619874253637));
#3733 = CARTESIAN_POINT('',(-529.3043766466,-1.578360721658,
    73.148762326824));
#3734 = CARTESIAN_POINT('',(-525.0222934397,-0.961315136373,
    73.252547732095));
#3735 = CARTESIAN_POINT('',(-520.7416746921,-0.165358281364,
    73.197111459869));
#3736 = CARTESIAN_POINT('',(-516.4671704399,0.793472602254,
    72.885071000004));
#3737 = CARTESIAN_POINT('',(-512.204407681,1.906417693678,
    72.502589616329));
#3738 = CARTESIAN_POINT('',(-507.9265429784,2.911617264827,
    72.118082526359));
#3739 = CARTESIAN_POINT('',(-503.6502824349,3.815006270442,
    71.681394552053));
#3740 = CARTESIAN_POINT('',(-499.3719688989,4.498143901008,
    71.658210482352));
#3741 = CARTESIAN_POINT('',(-495.0930022696,5.052485773548,
    71.480264133031));
#3742 = CARTESIAN_POINT('',(-490.8081538754,5.227222523116,
    71.292286081895));
#3743 = CARTESIAN_POINT('',(-486.5308534552,5.473223955702,
    71.161304476597));
#3744 = CARTESIAN_POINT('',(-482.2516859036,5.555625116799,
    71.022400936313));
#3745 = CARTESIAN_POINT('',(-477.9730655022,5.56839293585,
    70.892742614333));
#3746 = CARTESIAN_POINT('',(-473.6960456193,5.536022583088,
    70.774606857019));
#3747 = CARTESIAN_POINT('',(-469.4152062773,5.563900071812,
    70.692030173091));
#3748 = CARTESIAN_POINT('',(-465.1421872703,5.565012576177,
    70.602496147865));
#3749 = CARTESIAN_POINT('',(-460.8166932288,5.276467355938,
    70.472230785976));
#3750 = CARTESIAN_POINT('',(-456.4952571487,5.620786264062,
    70.49492043748));
#3751 = CARTESIAN_POINT('',(-452.4504000069,6.431419919905,
    70.582331676297));
#3752 = CARTESIAN_POINT('',(-447.9424683801,5.794289137475,
    70.513617134427));
#3753 = CARTESIAN_POINT('',(-443.7524033406,6.68031863324,
    70.639400125292));
#3754 = CARTESIAN_POINT('',(-439.4974420849,4.805914123046,
    70.452142235178));
#3755 = CARTESIAN_POINT('',(-435.1419433011,4.008466922805,
    70.402697300213));
#3756 = CARTESIAN_POINT('',(-430.9728274171,2.330466530565,
    70.282608762963));
#3757 = CARTESIAN_POINT('',(-426.6766705817,1.137513657951,
    70.181964398186));
#3758 = CARTESIAN_POINT('',(-423.4568555526,3.273272444822,
    70.385639024354));
#3759 = CARTESIAN_POINT('',(-422.3597,0.366335048373,70.117447539134));
#3760 = PCURVE('',#3514,#3761);
#3761 = DEFINITIONAL_REPRESENTATION('',(#3762),#3766);
#3762 = LINE('',#3763,#3764);
#3763 = CARTESIAN_POINT('',(14.,0.));
#3764 = VECTOR('',#3765,1.);
#3765 = DIRECTION('',(0.,1.));
#3766 = ( GEOMETRIC_REPRESENTATION_CONTEXT(2) 
PARAMETRIC_REPRESENTATION_CONTEXT() REPRESENTATION_CONTEXT('2D SPACE',''
  ) );
#3767 = PCURVE('',#3768,#3895);
#3768 = ( BOUNDED_SURFACE() B_SPLINE_SURFACE(1,3,(
    (#3769,#3770,#3771,#3772,#3773,#3774,#3775,#3776,#3777,#3778,#3779
      ,#3780,#3781,#3782,#3783,#3784,#3785,#3786,#3787,#3788,#3789,#3790
      ,#3791,#3792,#3793,#3794,#3795,#3796,#3797,#3798,#3799,#3800,#3801
      ,#3802,#3803,#3804,#3805,#3806,#3807,#3808,#3809,#3810,#3811,#3812
      ,#3813,#3814,#3815,#3816,#3817,#3818,#3819,#3820,#3821,#3822,#3823
      ,#3824,#3825,#3826,#3827,#3828,#3829,#3830,#3831)
    ,(#3832,#3833,#3834,#3835,#3836,#3837,#3838,#3839,#3840,#3841,#3842
      ,#3843,#3844,#3845,#3846,#3847,#3848,#3849,#3850,#3851,#3852,#3853
      ,#3854,#3855,#3856,#3857,#3858,#3859,#3860,#3861,#3862,#3863,#3864
      ,#3865,#3866,#3867,#3868,#3869,#3870,#3871,#3872,#3873,#3874,#3875
      ,#3876,#3877,#3878,#3879,#3880,#3881,#3882,#3883,#3884,#3885,#3886
      ,#3887,#3888,#3889,#3890,#3891,#3892,#3893,#3894
)),.UNSPECIFIED.,.F.,.F.,.F.) B_SPLINE_SURFACE_WITH_KNOTS((2,2),(4,1,1,1
    ,1,1,1,1,1,1,1,1,1,1,1,1,1,1,1,1,1,1,1,1,1,1,1,1,1,1,1,1,1,1,1,1,1,1
    ,1,1,1,1,1,1,1,1,1,1,1,1,1,1,1,1,1,1,1,1,1,1,4),(14.,15.),(0.,
    1.671164831231E-02,3.327803306227E-02,5.000925566809E-02,
    6.648034363626E-02,8.347574416348E-02,9.998031801332E-02,
    0.116453562429,0.133787455732,0.150582398826,0.167003889564,
    0.183421183117,0.199831572897,0.216243077967,0.232654966281,
    0.249069049,0.265493630469,0.281929899437,0.298422530809,
    0.314972313288,0.331595845732,0.348279560524,0.365009232075,
    0.38168560036,0.398277240471,0.414799735375,0.431302994143,
    0.448140075223,0.464749604184,0.481553115126,0.498808354232,
    0.516050152658,0.532842545742,0.550335828942,0.567153130692,
    0.583652514422,0.600175882991,0.616768685323,0.633448038712,
    0.650182180915,0.666869665762,0.683497438564,0.700056495454,
    0.716547762365,0.732983596882,0.749407921308,0.765822295641,
    0.782233728406,0.798646209918,0.81505724388,0.831476734885,
    0.847901722287,0.864693603231,0.881980563987,0.898448960139,
    0.915352013848,0.932295303855,0.949097785181,0.966200565614,
0.982806308198,1.),.UNSPECIFIED.) GEOMETRIC_REPRESENTATION_ITEM() 
RATIONAL_B_SPLINE_SURFACE((
    (1.,0.999999999979,1.00000000001,0.999999999997,1.000000000001,1.,1.
      ,1.,1.,1.,1.,1.,1.,1.,1.,1.,1.,1.,1.,1.,1.,1.,1.,1.,1.,1.,1.,1.,1.
      ,1.,1.,1.,1.,1.,1.,1.,1.,1.,1.,1.,1.,1.,1.,1.,1.,1.,1.,1.,1.,1.,1.
      ,1.,1.,1.,1.,1.,1.,1.,0.999999999998,1.000000000007,0.999999999976
      ,1.000000000054,1.)
    ,(1.,0.999999999979,1.00000000001,0.999999999997,1.000000000001,1.
      ,1.,1.,1.,1.,1.,1.,1.,1.,1.,1.,1.,1.,1.,1.,1.,1.,1.,1.,1.,1.,1.,1.
      ,1.,1.,1.,1.,1.,1.,1.,1.,1.,1.,1.,1.,1.,1.,1.,1.,1.,1.,1.,1.,1.,1.
      ,1.,1.,1.,1.,1.,1.,1.,1.,0.999999999998,1.000000000007
,0.999999999976,1.000000000054,1.
  ))) REPRESENTATION_ITEM('') SURFACE() );
#3769 = CARTESIAN_POINT('',(-679.0382,-1.025852536646,70.190186009897));
#3770 = CARTESIAN_POINT('',(-677.9018430398,-3.814630142132,
    70.517308735062));
#3771 = CARTESIAN_POINT('',(-674.6570379481,-1.036558087725,
    70.137469141528));
#3772 = CARTESIAN_POINT('',(-670.4801286148,-2.799865584093,
    70.352176984764));
#3773 = CARTESIAN_POINT('',(-666.2529876958,-3.997117052929,
    70.405335950141));
#3774 = CARTESIAN_POINT('',(-661.8309289879,-3.796219204302,
    70.268135083841));
#3775 = CARTESIAN_POINT('',(-657.7320144142,-6.11822204589,
    70.550500831831));
#3776 = CARTESIAN_POINT('',(-653.3812140229,-5.785658478057,
    70.492057000007));
#3777 = CARTESIAN_POINT('',(-648.9513854559,-6.336254971017,
    70.568273409513));
#3778 = CARTESIAN_POINT('',(-644.9070855266,-5.699209095307,
    70.51840876452));
#3779 = CARTESIAN_POINT('',(-640.582063889,-6.642439855933,
    70.742523109679));
#3780 = CARTESIAN_POINT('',(-636.2554682792,-6.500083717693,
    70.806308543433));
#3781 = CARTESIAN_POINT('',(-631.9824711096,-6.727940802982,
    70.954485251838));
#3782 = CARTESIAN_POINT('',(-627.7019615338,-6.663022036474,
    71.043842927737));
#3783 = CARTESIAN_POINT('',(-623.4245711463,-6.739644777489,
    71.188198926855));
#3784 = CARTESIAN_POINT('',(-619.1463832312,-6.787735665772,
    71.350428157621));
#3785 = CARTESIAN_POINT('',(-614.8669156658,-6.674872463085,
    71.506452282113));
#3786 = CARTESIAN_POINT('',(-610.5898165078,-6.404242363746,
    71.65174759461));
#3787 = CARTESIAN_POINT('',(-606.3045105877,-6.192898362946,
    71.859020845123));
#3788 = CARTESIAN_POINT('',(-602.0277566031,-5.537280349806,
    72.018509417812));
#3789 = CARTESIAN_POINT('',(-597.7466019923,-4.914632974364,
    72.161532211853));
#3790 = CARTESIAN_POINT('',(-593.4714143357,-3.876452127121,
    72.584353292346));
#3791 = CARTESIAN_POINT('',(-589.1936176105,-2.787107958015,
    72.979177659221));
#3792 = CARTESIAN_POINT('',(-584.9304153006,-1.526082674452,
    73.349619950854));
#3793 = CARTESIAN_POINT('',(-580.6563793824,-0.426621368239,
    73.612795877664));
#3794 = CARTESIAN_POINT('',(-576.3740763318,0.523039539309,
    73.611385902219));
#3795 = CARTESIAN_POINT('',(-572.0987272234,1.026529941772,
    73.489017945188));
#3796 = CARTESIAN_POINT('',(-567.7524952784,1.400910066557,
    72.903309372696));
#3797 = CARTESIAN_POINT('',(-563.5775738445,0.698184424502,
    73.360148500583));
#3798 = CARTESIAN_POINT('',(-559.225311783,1.647532413239,
    73.302042220564));
#3799 = CARTESIAN_POINT('',(-554.9153030247,0.896523007096,
    73.968045932147));
#3800 = CARTESIAN_POINT('',(-550.6950514656,0.514302013424,
    73.544134562484));
#3801 = CARTESIAN_POINT('',(-546.5054520859,-0.259791623112,
    73.859812535781));
#3802 = CARTESIAN_POINT('',(-542.014622175,-0.204280639124,
    73.131213994028));
#3803 = CARTESIAN_POINT('',(-537.9789076762,-1.769311371784,
    73.181539574237));
#3804 = CARTESIAN_POINT('',(-533.6216797195,-1.707466582472,
    72.619874253637));
#3805 = CARTESIAN_POINT('',(-529.3043766466,-1.578360721658,
    73.148762326824));
#3806 = CARTESIAN_POINT('',(-525.0222934397,-0.961315136373,
    73.252547732095));
#3807 = CARTESIAN_POINT('',(-520.7416746921,-0.165358281364,
    73.197111459869));
#3808 = CARTESIAN_POINT('',(-516.4671704399,0.793472602254,
    72.885071000004));
#3809 = CARTESIAN_POINT('',(-512.204407681,1.906417693678,
    72.502589616329));
#3810 = CARTESIAN_POINT('',(-507.9265429784,2.911617264827,
    72.118082526359));
#3811 = CARTESIAN_POINT('',(-503.6502824349,3.815006270442,
    71.681394552053));
#3812 = CARTESIAN_POINT('',(-499.3719688989,4.498143901008,
    71.658210482352));
#3813 = CARTESIAN_POINT('',(-495.0930022696,5.052485773548,
    71.480264133031));
#3814 = CARTESIAN_POINT('',(-490.8081538754,5.227222523116,
    71.292286081895));
#3815 = CARTESIAN_POINT('',(-486.5308534552,5.473223955702,
    71.161304476597));
#3816 = CARTESIAN_POINT('',(-482.2516859036,5.555625116799,
    71.022400936313));
#3817 = CARTESIAN_POINT('',(-477.9730655022,5.56839293585,
    70.892742614333));
#3818 = CARTESIAN_POINT('',(-473.6960456193,5.536022583088,
    70.774606857019));
#3819 = CARTESIAN_POINT('',(-469.4152062773,5.563900071812,
    70.692030173091));
#3820 = CARTESIAN_POINT('',(-465.1421872703,5.565012576177,
    70.602496147865));
#3821 = CARTESIAN_POINT('',(-460.8166932288,5.276467355938,
    70.472230785976));
#3822 = CARTESIAN_POINT('',(-456.4952571487,5.620786264062,
    70.49492043748));
#3823 = CARTESIAN_POINT('',(-452.4504000069,6.431419919905,
    70.582331676297));
#3824 = CARTESIAN_POINT('',(-447.9424683801,5.794289137475,
    70.513617134427));
#3825 = CARTESIAN_POINT('',(-443.7524033406,6.68031863324,
    70.639400125292));
#3826 = CARTESIAN_POINT('',(-439.4974420849,4.805914123046,
    70.452142235178));
#3827 = CARTESIAN_POINT('',(-435.1419433011,4.008466922805,
    70.402697300213));
#3828 = CARTESIAN_POINT('',(-430.9728274171,2.330466530565,
    70.282608762963));
#3829 = CARTESIAN_POINT('',(-426.6766705817,1.137513657951,
    70.181964398186));
#3830 = CARTESIAN_POINT('',(-423.4568555526,3.273272444822,
    70.385639024354));
#3831 = CARTESIAN_POINT('',(-422.3597,0.366335048373,70.117447539134));
#3832 = CARTESIAN_POINT('',(-679.0382,-1.428986592768,70.19002126872));
#3833 = CARTESIAN_POINT('',(-677.9018430398,-4.414905559698,
    70.547055506584));
#3834 = CARTESIAN_POINT('',(-674.6570379481,-1.500333541816,
    70.150366007429));
#3835 = CARTESIAN_POINT('',(-670.4801286148,-3.44788409042,
    70.396861415642));
#3836 = CARTESIAN_POINT('',(-666.2529876958,-4.686873894815,
    70.458080626969));
#3837 = CARTESIAN_POINT('',(-661.8309289879,-4.440973483579,
    70.318295971161));
#3838 = CARTESIAN_POINT('',(-657.7320144142,-6.999886503433,
    70.646031263646));
#3839 = CARTESIAN_POINT('',(-653.3812140229,-6.710689848008,
    70.606381575797));
#3840 = CARTESIAN_POINT('',(-648.9513854559,-7.295162996184,
    70.699553494049));
#3841 = CARTESIAN_POINT('',(-644.9070855266,-6.850159541646,
    70.693220794373));
#3842 = CARTESIAN_POINT('',(-640.582063889,-7.971783566935,
    70.960858520795));
#3843 = CARTESIAN_POINT('',(-636.2554682792,-7.8184168782,
    71.035382498421));
#3844 = CARTESIAN_POINT('',(-631.9824711096,-8.082320448904,
    71.201932468191));
#3845 = CARTESIAN_POINT('',(-627.7019615338,-8.02002049182,
    71.303261059484));
#3846 = CARTESIAN_POINT('',(-623.4245711463,-8.109213644369,
    71.463859012253));
#3847 = CARTESIAN_POINT('',(-619.1463832312,-8.163114451743,
    71.643671480593));
#3848 = CARTESIAN_POINT('',(-614.8669156658,-8.039673094998,
    71.816106812328));
#3849 = CARTESIAN_POINT('',(-610.5898165078,-7.744988160212,
    71.975331619751));
#3850 = CARTESIAN_POINT('',(-606.3045105877,-7.505332727441,
    72.205492275248));
#3851 = CARTESIAN_POINT('',(-602.0277566031,-6.796858599507,
    72.358385355146));
#3852 = CARTESIAN_POINT('',(-597.7466019923,-6.090420940816,
    72.592081561612));
#3853 = CARTESIAN_POINT('',(-593.4714143357,-4.980937819033,
    73.004934009405));
#3854 = CARTESIAN_POINT('',(-589.1936176105,-3.810416275459,
    73.409902141956));
#3855 = CARTESIAN_POINT('',(-584.9304153006,-2.468888227517,
    73.77339683811));
#3856 = CARTESIAN_POINT('',(-580.6563793824,-1.294669564577,
    74.016204490715));
#3857 = CARTESIAN_POINT('',(-576.3740763318,-0.271842038278,
    73.975450449353));
#3858 = CARTESIAN_POINT('',(-572.0987272234,0.287435124429,
    73.798501247555));
#3859 = CARTESIAN_POINT('',(-567.7524952784,0.753393044702,
    73.136865302642));
#3860 = CARTESIAN_POINT('',(-563.5775738445,-3.039954707888E-02,
    73.573866119338));
#3861 = CARTESIAN_POINT('',(-559.225311783,1.184574084053,
    73.213020120523));
#3862 = CARTESIAN_POINT('',(-554.9153030247,0.327994123326,
    73.908042553025));
#3863 = CARTESIAN_POINT('',(-550.6950514656,3.277205880526E-03,
    73.390245452814));
#3864 = CARTESIAN_POINT('',(-546.5054520859,-0.817152626507,
    73.652571607993));
#3865 = CARTESIAN_POINT('',(-542.014622175,-0.657106102215,
    72.810491362934));
#3866 = CARTESIAN_POINT('',(-537.9789076762,-2.475328045772,
    73.014389660689));
#3867 = CARTESIAN_POINT('',(-533.6216797195,-2.321724582997,
    72.278988156807));
#3868 = CARTESIAN_POINT('',(-529.3043766466,-2.280631556362,
    72.769451322488));
#3869 = CARTESIAN_POINT('',(-525.0222934397,-1.722674055578,
    72.820582951218));
#3870 = CARTESIAN_POINT('',(-520.7416746921,-0.996275642223,
    72.725035686642));
#3871 = CARTESIAN_POINT('',(-516.4671704399,-0.122801663331,
    72.413560163515));
#3872 = CARTESIAN_POINT('',(-512.204407681,0.893140863895,
    72.056132206445));
#3873 = CARTESIAN_POINT('',(-507.9265429784,1.812001838288,
    71.688468043971));
#3874 = CARTESIAN_POINT('',(-503.6502824349,2.635476924008,
    71.260654800486));
#3875 = CARTESIAN_POINT('',(-499.3719688989,3.250227908746,
    71.275236268678));
#3876 = CARTESIAN_POINT('',(-495.0930022696,3.749039968493,
    71.102535611448));
#3877 = CARTESIAN_POINT('',(-490.8081538754,3.894717462151,
    70.934183378108));
#3878 = CARTESIAN_POINT('',(-486.5308534552,4.117396774874,
    70.819150864983));
#3879 = CARTESIAN_POINT('',(-482.2516859036,4.190736288264,
    70.699532974714));
#3880 = CARTESIAN_POINT('',(-477.9730655022,4.202831715707,
    70.588247676282));
#3881 = CARTESIAN_POINT('',(-473.6960456193,4.187338552901,
    70.488648498969));
#3882 = CARTESIAN_POINT('',(-469.4152062773,4.218025038126,
    70.419590611537));
#3883 = CARTESIAN_POINT('',(-465.1421872703,4.251756396677,
    70.348473715306));
#3884 = CARTESIAN_POINT('',(-460.8166932288,3.978539328035,
    70.235040142473));
#3885 = CARTESIAN_POINT('',(-456.4952571487,4.421976245025,
    70.287850587146));
#3886 = CARTESIAN_POINT('',(-452.4504000069,5.428936669873,
    70.419812635437));
#3887 = CARTESIAN_POINT('',(-447.9424683801,4.797272423357,
    70.365042557549));
#3888 = CARTESIAN_POINT('',(-443.7524033406,5.835831448426,
    70.523886733987));
#3889 = CARTESIAN_POINT('',(-439.4974420849,4.145580994438,
    70.374095968852));
#3890 = CARTESIAN_POINT('',(-435.1419433011,3.384544060507,
    70.336826423329));
#3891 = CARTESIAN_POINT('',(-430.9728274171,1.764368997742,
    70.227938907862));
#3892 = CARTESIAN_POINT('',(-426.6766705817,0.730151163076,
    70.154312854619));
#3893 = CARTESIAN_POINT('',(-423.4568555526,2.862828029184,
    70.363518325321));
#3894 = CARTESIAN_POINT('',(-422.3597,-2.065785484127E-02,
    70.097962044244));
#3895 = DEFINITIONAL_REPRESENTATION('',(#3896),#3900);
#3896 = LINE('',#3897,#3898);
#3897 = CARTESIAN_POINT('',(14.,0.));
#3898 = VECTOR('',#3899,1.);
#3899 = DIRECTION('',(0.,1.));
#3900 = ( GEOMETRIC_REPRESENTATION_CONTEXT(2) 
PARAMETRIC_REPRESENTATION_CONTEXT() REPRESENTATION_CONTEXT('2D SPACE',''
  ) );
#3901 = ORIENTED_EDGE('',*,*,#3902,.F.);
#3902 = EDGE_CURVE('',#3439,#3693,#3903,.T.);
#3903 = SURFACE_CURVE('',#3904,(#3907,#3914),.PCURVE_S1.);
#3904 = B_SPLINE_CURVE_WITH_KNOTS('',1,(#3905,#3906),.UNSPECIFIED.,.F.,
  .F.,(2,2),(13.,14.),.PIECEWISE_BEZIER_KNOTS.);
#3905 = CARTESIAN_POINT('',(-422.3597,0.753712641717,70.126320238732));
#3906 = CARTESIAN_POINT('',(-422.3597,0.366335048373,70.117447539134));
#3907 = PCURVE('',#3514,#3908);
#3908 = DEFINITIONAL_REPRESENTATION('',(#3909),#3913);
#3909 = LINE('',#3910,#3911);
#3910 = CARTESIAN_POINT('',(0.,1.));
#3911 = VECTOR('',#3912,1.);
#3912 = DIRECTION('',(1.,0.));
#3913 = ( GEOMETRIC_REPRESENTATION_CONTEXT(2) 
PARAMETRIC_REPRESENTATION_CONTEXT() REPRESENTATION_CONTEXT('2D SPACE',''
  ) );
#3914 = PCURVE('',#401,#3915);
#3915 = DEFINITIONAL_REPRESENTATION('',(#3916),#3919);
#3916 = B_SPLINE_CURVE_WITH_KNOTS('',1,(#3917,#3918),.UNSPECIFIED.,.F.,
  .F.,(2,2),(13.,14.),.PIECEWISE_BEZIER_KNOTS.);
#3917 = CARTESIAN_POINT('',(-0.976187141227,1.491073959149));
#3918 = CARTESIAN_POINT('',(-0.589325996195,1.469197508629));
#3919 = ( GEOMETRIC_REPRESENTATION_CONTEXT(2) 
PARAMETRIC_REPRESENTATION_CONTEXT() REPRESENTATION_CONTEXT('2D SPACE',''
  ) );
#3920 = ORIENTED_EDGE('',*,*,#3438,.F.);
#3921 = ADVANCED_FACE('',(#3922),#3768,.T.);
#3922 = FACE_BOUND('',#3923,.T.);
#3923 = EDGE_LOOP('',(#3924,#3945,#4155,#4174));
#3924 = ORIENTED_EDGE('',*,*,#3925,.T.);
#3925 = EDGE_CURVE('',#3672,#3926,#3928,.T.);
#3926 = VERTEX_POINT('',#3927);
#3927 = CARTESIAN_POINT('',(-679.0382,-1.428986592768,70.19002126872));
#3928 = SURFACE_CURVE('',#3929,(#3932,#3939),.PCURVE_S1.);
#3929 = B_SPLINE_CURVE_WITH_KNOTS('',1,(#3930,#3931),.UNSPECIFIED.,.F.,
  .F.,(2,2),(14.,15.),.PIECEWISE_BEZIER_KNOTS.);
#3930 = CARTESIAN_POINT('',(-679.0382,-1.025852536646,70.190186009897));
#3931 = CARTESIAN_POINT('',(-679.0382,-1.428986592768,70.19002126872));
#3932 = PCURVE('',#3768,#3933);
#3933 = DEFINITIONAL_REPRESENTATION('',(#3934),#3938);
#3934 = LINE('',#3935,#3936);
#3935 = CARTESIAN_POINT('',(0.,0.));
#3936 = VECTOR('',#3937,1.);
#3937 = DIRECTION('',(1.,0.));
#3938 = ( GEOMETRIC_REPRESENTATION_CONTEXT(2) 
PARAMETRIC_REPRESENTATION_CONTEXT() REPRESENTATION_CONTEXT('2D SPACE',''
  ) );
#3939 = PCURVE('',#165,#3940);
#3940 = DEFINITIONAL_REPRESENTATION('',(#3941),#3944);
#3941 = B_SPLINE_CURVE_WITH_KNOTS('',1,(#3942,#3943),.UNSPECIFIED.,.F.,
  .F.,(2,2),(14.,15.),.PIECEWISE_BEZIER_KNOTS.);
#3942 = CARTESIAN_POINT('',(5.577682315816,-0.557428178475));
#3943 = CARTESIAN_POINT('',(5.979138548073,-0.520685996624));
#3944 = ( GEOMETRIC_REPRESENTATION_CONTEXT(2) 
PARAMETRIC_REPRESENTATION_CONTEXT() REPRESENTATION_CONTEXT('2D SPACE',''
  ) );
#3945 = ORIENTED_EDGE('',*,*,#3946,.T.);
#3946 = EDGE_CURVE('',#3926,#3947,#3949,.T.);
#3947 = VERTEX_POINT('',#3948);
#3948 = CARTESIAN_POINT('',(-422.3597,-2.065785484127E-02,
    70.097962044244));
#3949 = SURFACE_CURVE('',#3950,(#4014,#4021),.PCURVE_S1.);
#3950 = ( BOUNDED_CURVE() B_SPLINE_CURVE(3,(#3951,#3952,#3953,#3954,
    #3955,#3956,#3957,#3958,#3959,#3960,#3961,#3962,#3963,#3964,#3965,
    #3966,#3967,#3968,#3969,#3970,#3971,#3972,#3973,#3974,#3975,#3976,
    #3977,#3978,#3979,#3980,#3981,#3982,#3983,#3984,#3985,#3986,#3987,
    #3988,#3989,#3990,#3991,#3992,#3993,#3994,#3995,#3996,#3997,#3998,
    #3999,#4000,#4001,#4002,#4003,#4004,#4005,#4006,#4007,#4008,#4009,
    #4010,#4011,#4012,#4013),.UNSPECIFIED.,.F.,.F.) 
B_SPLINE_CURVE_WITH_KNOTS((4,1,1,1,1,1,1,1,1,1,1,1,1,1,1,1,1,1,1,1,1,1,1
    ,1,1,1,1,1,1,1,1,1,1,1,1,1,1,1,1,1,1,1,1,1,1,1,1,1,1,1,1,1,1,1,1,1,1
    ,1,1,1,4),(0.,1.671164831231E-02,3.327803306227E-02,
    5.000925566809E-02,6.648034363626E-02,8.347574416348E-02,
    9.998031801332E-02,0.116453562429,0.133787455732,0.150582398826,
    0.167003889564,0.183421183117,0.199831572897,0.216243077967,
    0.232654966281,0.249069049,0.265493630469,0.281929899437,
    0.298422530809,0.314972313288,0.331595845732,0.348279560524,
    0.365009232075,0.38168560036,0.398277240471,0.414799735375,
    0.431302994143,0.448140075223,0.464749604184,0.481553115126,
    0.498808354232,0.516050152658,0.532842545742,0.550335828942,
    0.567153130692,0.583652514422,0.600175882991,0.616768685323,
    0.633448038712,0.650182180915,0.666869665762,0.683497438564,
    0.700056495454,0.716547762365,0.732983596882,0.749407921308,
    0.765822295641,0.782233728406,0.798646209918,0.81505724388,
    0.831476734885,0.847901722287,0.864693603231,0.881980563987,
    0.898448960139,0.915352013848,0.932295303855,0.949097785181,
0.966200565614,0.982806308198,1.),.UNSPECIFIED.) CURVE() 
GEOMETRIC_REPRESENTATION_ITEM() RATIONAL_B_SPLINE_CURVE((1.,
    0.999999999979,1.00000000001,0.999999999997,1.000000000001,1.,1.,1.,
    1.,1.,1.,1.,1.,1.,1.,1.,1.,1.,1.,1.,1.,1.,1.,1.,1.,1.,1.,1.,1.,1.,1.
    ,1.,1.,1.,1.,1.,1.,1.,1.,1.,1.,1.,1.,1.,1.,1.,1.,1.,1.,1.,1.,1.,1.,
    1.,1.,1.,1.,1.,0.999999999998,1.000000000007,0.999999999976,
1.000000000054,1.)) REPRESENTATION_ITEM('') );
#3951 = CARTESIAN_POINT('',(-679.0382,-1.428986592768,70.19002126872));
#3952 = CARTESIAN_POINT('',(-677.9018430398,-4.414905559698,
    70.547055506584));
#3953 = CARTESIAN_POINT('',(-674.6570379481,-1.500333541816,
    70.150366007429));
#3954 = CARTESIAN_POINT('',(-670.4801286148,-3.44788409042,
    70.396861415642));
#3955 = CARTESIAN_POINT('',(-666.2529876958,-4.686873894815,
    70.458080626969));
#3956 = CARTESIAN_POINT('',(-661.8309289879,-4.440973483579,
    70.318295971161));
#3957 = CARTESIAN_POINT('',(-657.7320144142,-6.999886503433,
    70.646031263646));
#3958 = CARTESIAN_POINT('',(-653.3812140229,-6.710689848008,
    70.606381575797));
#3959 = CARTESIAN_POINT('',(-648.9513854559,-7.295162996184,
    70.699553494049));
#3960 = CARTESIAN_POINT('',(-644.9070855266,-6.850159541646,
    70.693220794373));
#3961 = CARTESIAN_POINT('',(-640.582063889,-7.971783566935,
    70.960858520795));
#3962 = CARTESIAN_POINT('',(-636.2554682792,-7.8184168782,
    71.035382498421));
#3963 = CARTESIAN_POINT('',(-631.9824711096,-8.082320448904,
    71.201932468191));
#3964 = CARTESIAN_POINT('',(-627.7019615338,-8.02002049182,
    71.303261059484));
#3965 = CARTESIAN_POINT('',(-623.4245711463,-8.109213644369,
    71.463859012253));
#3966 = CARTESIAN_POINT('',(-619.1463832312,-8.163114451743,
    71.643671480593));
#3967 = CARTESIAN_POINT('',(-614.8669156658,-8.039673094998,
    71.816106812328));
#3968 = CARTESIAN_POINT('',(-610.5898165078,-7.744988160212,
    71.975331619751));
#3969 = CARTESIAN_POINT('',(-606.3045105877,-7.505332727441,
    72.205492275248));
#3970 = CARTESIAN_POINT('',(-602.0277566031,-6.796858599507,
    72.358385355146));
#3971 = CARTESIAN_POINT('',(-597.7466019923,-6.090420940816,
    72.592081561612));
#3972 = CARTESIAN_POINT('',(-593.4714143357,-4.980937819033,
    73.004934009405));
#3973 = CARTESIAN_POINT('',(-589.1936176105,-3.810416275459,
    73.409902141956));
#3974 = CARTESIAN_POINT('',(-584.9304153006,-2.468888227517,
    73.77339683811));
#3975 = CARTESIAN_POINT('',(-580.6563793824,-1.294669564577,
    74.016204490715));
#3976 = CARTESIAN_POINT('',(-576.3740763318,-0.271842038278,
    73.975450449353));
#3977 = CARTESIAN_POINT('',(-572.0987272234,0.287435124429,
    73.798501247555));
#3978 = CARTESIAN_POINT('',(-567.7524952784,0.753393044702,
    73.136865302642));
#3979 = CARTESIAN_POINT('',(-563.5775738445,-3.039954707888E-02,
    73.573866119338));
#3980 = CARTESIAN_POINT('',(-559.225311783,1.184574084053,
    73.213020120523));
#3981 = CARTESIAN_POINT('',(-554.9153030247,0.327994123326,
    73.908042553025));
#3982 = CARTESIAN_POINT('',(-550.6950514656,3.277205880526E-03,
    73.390245452814));
#3983 = CARTESIAN_POINT('',(-546.5054520859,-0.817152626507,
    73.652571607993));
#3984 = CARTESIAN_POINT('',(-542.014622175,-0.657106102215,
    72.810491362934));
#3985 = CARTESIAN_POINT('',(-537.9789076762,-2.475328045772,
    73.014389660689));
#3986 = CARTESIAN_POINT('',(-533.6216797195,-2.321724582997,
    72.278988156807));
#3987 = CARTESIAN_POINT('',(-529.3043766466,-2.280631556362,
    72.769451322488));
#3988 = CARTESIAN_POINT('',(-525.0222934397,-1.722674055578,
    72.820582951218));
#3989 = CARTESIAN_POINT('',(-520.7416746921,-0.996275642223,
    72.725035686642));
#3990 = CARTESIAN_POINT('',(-516.4671704399,-0.122801663331,
    72.413560163515));
#3991 = CARTESIAN_POINT('',(-512.204407681,0.893140863895,
    72.056132206445));
#3992 = CARTESIAN_POINT('',(-507.9265429784,1.812001838288,
    71.688468043971));
#3993 = CARTESIAN_POINT('',(-503.6502824349,2.635476924008,
    71.260654800486));
#3994 = CARTESIAN_POINT('',(-499.3719688989,3.250227908746,
    71.275236268678));
#3995 = CARTESIAN_POINT('',(-495.0930022696,3.749039968493,
    71.102535611448));
#3996 = CARTESIAN_POINT('',(-490.8081538754,3.894717462151,
    70.934183378108));
#3997 = CARTESIAN_POINT('',(-486.5308534552,4.117396774874,
    70.819150864983));
#3998 = CARTESIAN_POINT('',(-482.2516859036,4.190736288264,
    70.699532974714));
#3999 = CARTESIAN_POINT('',(-477.9730655022,4.202831715707,
    70.588247676282));
#4000 = CARTESIAN_POINT('',(-473.6960456193,4.187338552901,
    70.488648498969));
#4001 = CARTESIAN_POINT('',(-469.4152062773,4.218025038126,
    70.419590611537));
#4002 = CARTESIAN_POINT('',(-465.1421872703,4.251756396677,
    70.348473715306));
#4003 = CARTESIAN_POINT('',(-460.8166932288,3.978539328035,
    70.235040142473));
#4004 = CARTESIAN_POINT('',(-456.4952571487,4.421976245025,
    70.287850587146));
#4005 = CARTESIAN_POINT('',(-452.4504000069,5.428936669873,
    70.419812635437));
#4006 = CARTESIAN_POINT('',(-447.9424683801,4.797272423357,
    70.365042557549));
#4007 = CARTESIAN_POINT('',(-443.7524033406,5.835831448426,
    70.523886733987));
#4008 = CARTESIAN_POINT('',(-439.4974420849,4.145580994438,
    70.374095968852));
#4009 = CARTESIAN_POINT('',(-435.1419433011,3.384544060507,
    70.336826423329));
#4010 = CARTESIAN_POINT('',(-430.9728274171,1.764368997742,
    70.227938907862));
#4011 = CARTESIAN_POINT('',(-426.6766705817,0.730151163076,
    70.154312854619));
#4012 = CARTESIAN_POINT('',(-423.4568555526,2.862828029184,
    70.363518325321));
#4013 = CARTESIAN_POINT('',(-422.3597,-2.065785484127E-02,
    70.097962044244));
#4014 = PCURVE('',#3768,#4015);
#4015 = DEFINITIONAL_REPRESENTATION('',(#4016),#4020);
#4016 = LINE('',#4017,#4018);
#4017 = CARTESIAN_POINT('',(15.,0.));
#4018 = VECTOR('',#4019,1.);
#4019 = DIRECTION('',(0.,1.));
#4020 = ( GEOMETRIC_REPRESENTATION_CONTEXT(2) 
PARAMETRIC_REPRESENTATION_CONTEXT() REPRESENTATION_CONTEXT('2D SPACE',''
  ) );
#4021 = PCURVE('',#4022,#4149);
#4022 = ( BOUNDED_SURFACE() B_SPLINE_SURFACE(1,3,(
    (#4023,#4024,#4025,#4026,#4027,#4028,#4029,#4030,#4031,#4032,#4033
      ,#4034,#4035,#4036,#4037,#4038,#4039,#4040,#4041,#4042,#4043,#4044
      ,#4045,#4046,#4047,#4048,#4049,#4050,#4051,#4052,#4053,#4054,#4055
      ,#4056,#4057,#4058,#4059,#4060,#4061,#4062,#4063,#4064,#4065,#4066
      ,#4067,#4068,#4069,#4070,#4071,#4072,#4073,#4074,#4075,#4076,#4077
      ,#4078,#4079,#4080,#4081,#4082,#4083,#4084,#4085)
    ,(#4086,#4087,#4088,#4089,#4090,#4091,#4092,#4093,#4094,#4095,#4096
      ,#4097,#4098,#4099,#4100,#4101,#4102,#4103,#4104,#4105,#4106,#4107
      ,#4108,#4109,#4110,#4111,#4112,#4113,#4114,#4115,#4116,#4117,#4118
      ,#4119,#4120,#4121,#4122,#4123,#4124,#4125,#4126,#4127,#4128,#4129
      ,#4130,#4131,#4132,#4133,#4134,#4135,#4136,#4137,#4138,#4139,#4140
      ,#4141,#4142,#4143,#4144,#4145,#4146,#4147,#4148
)),.UNSPECIFIED.,.F.,.F.,.F.) B_SPLINE_SURFACE_WITH_KNOTS((2,2),(4,1,1,1
    ,1,1,1,1,1,1,1,1,1,1,1,1,1,1,1,1,1,1,1,1,1,1,1,1,1,1,1,1,1,1,1,1,1,1
    ,1,1,1,1,1,1,1,1,1,1,1,1,1,1,1,1,1,1,1,1,1,1,4),(15.,16.),(0.,
    1.671164831231E-02,3.327803306227E-02,5.000925566809E-02,
    6.648034363626E-02,8.347574416348E-02,9.998031801332E-02,
    0.116453562429,0.133787455732,0.150582398826,0.167003889564,
    0.183421183117,0.199831572897,0.216243077967,0.232654966281,
    0.249069049,0.265493630469,0.281929899437,0.298422530809,
    0.314972313288,0.331595845732,0.348279560524,0.365009232075,
    0.38168560036,0.398277240471,0.414799735375,0.431302994143,
    0.448140075223,0.464749604184,0.481553115126,0.498808354232,
    0.516050152658,0.532842545742,0.550335828942,0.567153130692,
    0.583652514422,0.600175882991,0.616768685323,0.633448038712,
    0.650182180915,0.666869665762,0.683497438564,0.700056495454,
    0.716547762365,0.732983596882,0.749407921308,0.765822295641,
    0.782233728406,0.798646209918,0.81505724388,0.831476734885,
    0.847901722287,0.864693603231,0.881980563987,0.898448960139,
    0.915352013848,0.932295303855,0.949097785181,0.966200565614,
0.982806308198,1.),.UNSPECIFIED.) GEOMETRIC_REPRESENTATION_ITEM() 
RATIONAL_B_SPLINE_SURFACE((
    (1.,0.999999999979,1.00000000001,0.999999999997,1.000000000001,1.,1.
      ,1.,1.,1.,1.,1.,1.,1.,1.,1.,1.,1.,1.,1.,1.,1.,1.,1.,1.,1.,1.,1.,1.
      ,1.,1.,1.,1.,1.,1.,1.,1.,1.,1.,1.,1.,1.,1.,1.,1.,1.,1.,1.,1.,1.,1.
      ,1.,1.,1.,1.,1.,1.,1.,0.999999999998,1.000000000007,0.999999999976
      ,1.000000000054,1.)
    ,(1.,0.999999999979,1.00000000001,0.999999999997,1.000000000001,1.
      ,1.,1.,1.,1.,1.,1.,1.,1.,1.,1.,1.,1.,1.,1.,1.,1.,1.,1.,1.,1.,1.,1.
      ,1.,1.,1.,1.,1.,1.,1.,1.,1.,1.,1.,1.,1.,1.,1.,1.,1.,1.,1.,1.,1.,1.
      ,1.,1.,1.,1.,1.,1.,1.,1.,0.999999999998,1.000000000007
,0.999999999976,1.000000000054,1.
  ))) REPRESENTATION_ITEM('') SURFACE() );
#4023 = CARTESIAN_POINT('',(-679.0382,-1.428986592768,70.19002126872));
#4024 = CARTESIAN_POINT('',(-677.9018430398,-4.414905559698,
    70.547055506584));
#4025 = CARTESIAN_POINT('',(-674.6570379481,-1.500333541816,
    70.150366007429));
#4026 = CARTESIAN_POINT('',(-670.4801286148,-3.44788409042,
    70.396861415642));
#4027 = CARTESIAN_POINT('',(-666.2529876958,-4.686873894815,
    70.458080626969));
#4028 = CARTESIAN_POINT('',(-661.8309289879,-4.440973483579,
    70.318295971161));
#4029 = CARTESIAN_POINT('',(-657.7320144142,-6.999886503433,
    70.646031263646));
#4030 = CARTESIAN_POINT('',(-653.3812140229,-6.710689848008,
    70.606381575797));
#4031 = CARTESIAN_POINT('',(-648.9513854559,-7.295162996184,
    70.699553494049));
#4032 = CARTESIAN_POINT('',(-644.9070855266,-6.850159541646,
    70.693220794373));
#4033 = CARTESIAN_POINT('',(-640.582063889,-7.971783566935,
    70.960858520795));
#4034 = CARTESIAN_POINT('',(-636.2554682792,-7.8184168782,
    71.035382498421));
#4035 = CARTESIAN_POINT('',(-631.9824711096,-8.082320448904,
    71.201932468191));
#4036 = CARTESIAN_POINT('',(-627.7019615338,-8.02002049182,
    71.303261059484));
#4037 = CARTESIAN_POINT('',(-623.4245711463,-8.109213644369,
    71.463859012253));
#4038 = CARTESIAN_POINT('',(-619.1463832312,-8.163114451743,
    71.643671480593));
#4039 = CARTESIAN_POINT('',(-614.8669156658,-8.039673094998,
    71.816106812328));
#4040 = CARTESIAN_POINT('',(-610.5898165078,-7.744988160212,
    71.975331619751));
#4041 = CARTESIAN_POINT('',(-606.3045105877,-7.505332727441,
    72.205492275248));
#4042 = CARTESIAN_POINT('',(-602.0277566031,-6.796858599507,
    72.358385355146));
#4043 = CARTESIAN_POINT('',(-597.7466019923,-6.090420940816,
    72.592081561612));
#4044 = CARTESIAN_POINT('',(-593.4714143357,-4.980937819033,
    73.004934009405));
#4045 = CARTESIAN_POINT('',(-589.1936176105,-3.810416275459,
    73.409902141956));
#4046 = CARTESIAN_POINT('',(-584.9304153006,-2.468888227517,
    73.77339683811));
#4047 = CARTESIAN_POINT('',(-580.6563793824,-1.294669564577,
    74.016204490715));
#4048 = CARTESIAN_POINT('',(-576.3740763318,-0.271842038278,
    73.975450449353));
#4049 = CARTESIAN_POINT('',(-572.0987272234,0.287435124429,
    73.798501247555));
#4050 = CARTESIAN_POINT('',(-567.7524952784,0.753393044702,
    73.136865302642));
#4051 = CARTESIAN_POINT('',(-563.5775738445,-3.039954707888E-02,
    73.573866119338));
#4052 = CARTESIAN_POINT('',(-559.225311783,1.184574084053,
    73.213020120523));
#4053 = CARTESIAN_POINT('',(-554.9153030247,0.327994123326,
    73.908042553025));
#4054 = CARTESIAN_POINT('',(-550.6950514656,3.277205880526E-03,
    73.390245452814));
#4055 = CARTESIAN_POINT('',(-546.5054520859,-0.817152626507,
    73.652571607993));
#4056 = CARTESIAN_POINT('',(-542.014622175,-0.657106102215,
    72.810491362934));
#4057 = CARTESIAN_POINT('',(-537.9789076762,-2.475328045772,
    73.014389660689));
#4058 = CARTESIAN_POINT('',(-533.6216797195,-2.321724582997,
    72.278988156807));
#4059 = CARTESIAN_POINT('',(-529.3043766466,-2.280631556362,
    72.769451322488));
#4060 = CARTESIAN_POINT('',(-525.0222934397,-1.722674055578,
    72.820582951218));
#4061 = CARTESIAN_POINT('',(-520.7416746921,-0.996275642223,
    72.725035686642));
#4062 = CARTESIAN_POINT('',(-516.4671704399,-0.122801663331,
    72.413560163515));
#4063 = CARTESIAN_POINT('',(-512.204407681,0.893140863895,
    72.056132206445));
#4064 = CARTESIAN_POINT('',(-507.9265429784,1.812001838288,
    71.688468043971));
#4065 = CARTESIAN_POINT('',(-503.6502824349,2.635476924008,
    71.260654800486));
#4066 = CARTESIAN_POINT('',(-499.3719688989,3.250227908746,
    71.275236268678));
#4067 = CARTESIAN_POINT('',(-495.0930022696,3.749039968493,
    71.102535611448));
#4068 = CARTESIAN_POINT('',(-490.8081538754,3.894717462151,
    70.934183378108));
#4069 = CARTESIAN_POINT('',(-486.5308534552,4.117396774874,
    70.819150864983));
#4070 = CARTESIAN_POINT('',(-482.2516859036,4.190736288264,
    70.699532974714));
#4071 = CARTESIAN_POINT('',(-477.9730655022,4.202831715707,
    70.588247676282));
#4072 = CARTESIAN_POINT('',(-473.6960456193,4.187338552901,
    70.488648498969));
#4073 = CARTESIAN_POINT('',(-469.4152062773,4.218025038126,
    70.419590611537));
#4074 = CARTESIAN_POINT('',(-465.1421872703,4.251756396677,
    70.348473715306));
#4075 = CARTESIAN_POINT('',(-460.8166932288,3.978539328035,
    70.235040142473));
#4076 = CARTESIAN_POINT('',(-456.4952571487,4.421976245025,
    70.287850587146));
#4077 = CARTESIAN_POINT('',(-452.4504000069,5.428936669873,
    70.419812635437));
#4078 = CARTESIAN_POINT('',(-447.9424683801,4.797272423357,
    70.365042557549));
#4079 = CARTESIAN_POINT('',(-443.7524033406,5.835831448426,
    70.523886733987));
#4080 = CARTESIAN_POINT('',(-439.4974420849,4.145580994438,
    70.374095968852));
#4081 = CARTESIAN_POINT('',(-435.1419433011,3.384544060507,
    70.336826423329));
#4082 = CARTESIAN_POINT('',(-430.9728274171,1.764368997742,
    70.227938907862));
#4083 = CARTESIAN_POINT('',(-426.6766705817,0.730151163076,
    70.154312854619));
#4084 = CARTESIAN_POINT('',(-423.4568555526,2.862828029184,
    70.363518325321));
#4085 = CARTESIAN_POINT('',(-422.3597,-2.065785484127E-02,
    70.097962044244));
#4086 = CARTESIAN_POINT('',(-679.0382,-1.831759553472,70.173398678688));
#4087 = CARTESIAN_POINT('',(-677.9018430398,-5.015340552349,
    70.561211467795));
#4088 = CARTESIAN_POINT('',(-674.6570379481,-1.964512430921,
    70.147652190752));
#4089 = CARTESIAN_POINT('',(-670.4801286148,-4.096755178988,
    70.426364365566));
#4090 = CARTESIAN_POINT('',(-666.2529876958,-5.377603938286,
    70.495762961932));
#4091 = CARTESIAN_POINT('',(-661.8309289879,-5.086748445136,
    70.353322765558));
#4092 = CARTESIAN_POINT('',(-657.7320144142,-7.883041714507,
    70.72691446002));
#4093 = CARTESIAN_POINT('',(-653.3812140229,-7.637399079459,
    70.706086341163));
#4094 = CARTESIAN_POINT('',(-648.9513854559,-8.25595463439,
    70.81630361541));
#4095 = CARTESIAN_POINT('',(-644.9070855266,-8.003215274694,
    70.853633196929));
#4096 = CARTESIAN_POINT('',(-640.582063889,-9.303398342314,
    71.164876812577));
#4097 = CARTESIAN_POINT('',(-636.2554682792,-9.139150865481,
    71.250157063613));
#4098 = CARTESIAN_POINT('',(-631.9824711096,-9.439226356608,
    71.435113096905));
#4099 = CARTESIAN_POINT('',(-627.7019615338,-9.379661068669,
    71.548434168743));
#4100 = CARTESIAN_POINT('',(-623.4245711463,-9.481563540474,
    71.725306588014));
#4101 = CARTESIAN_POINT('',(-619.1463832312,-9.541437179964,
    71.922729769944));
#4102 = CARTESIAN_POINT('',(-614.8669156658,-9.407598073856,
    72.111641665404));
#4103 = CARTESIAN_POINT('',(-610.5898165078,-9.089064784744,
    72.284731176592));
#4104 = CARTESIAN_POINT('',(-606.3045105877,-8.821346660172,
    72.538232150687));
#4105 = CARTESIAN_POINT('',(-602.0277566031,-8.06028338433,
    72.683092883972));
#4106 = CARTESIAN_POINT('',(-597.7466019923,-7.270523558986,
    73.013174666327));
#4107 = CARTESIAN_POINT('',(-593.4714143357,-6.092121091265,
    73.40629002493));
#4108 = CARTESIAN_POINT('',(-589.1936176105,-4.839348634935,
    73.825681732104));
#4109 = CARTESIAN_POINT('',(-584.9304153006,-3.415465358124,
    74.1871964842));
#4110 = CARTESIAN_POINT('',(-580.6563793824,-2.16610138783,
    74.411801701468));
#4111 = CARTESIAN_POINT('',(-576.3740763318,-1.073568201594,
    74.325877211253));
#4112 = CARTESIAN_POINT('',(-572.0987272234,-0.460952402779,
    74.071476665415));
#4113 = CARTESIAN_POINT('',(-567.7524952784,9.516316782788E-02,
    73.326860960368));
#4114 = CARTESIAN_POINT('',(-563.5775738445,-0.769805270216,
    73.745010630751));
#4115 = CARTESIAN_POINT('',(-559.225311783,0.712985258305,
    73.085281987827));
#4116 = CARTESIAN_POINT('',(-554.9153030247,-0.244269018452,
    73.820899213746));
#4117 = CARTESIAN_POINT('',(-550.6950514656,-0.508012107187,
    73.227368682705));
#4118 = CARTESIAN_POINT('',(-546.5054520859,-1.373816053968,
    73.443953361436));
#4119 = CARTESIAN_POINT('',(-542.014622175,-1.104481870449,
    72.476116908505));
#4120 = CARTESIAN_POINT('',(-537.9789076762,-3.176595629924,
    72.836089242984));
#4121 = CARTESIAN_POINT('',(-533.6216797195,-2.93111368187,
    71.925962490006));
#4122 = CARTESIAN_POINT('',(-529.3043766466,-2.979301426721,
    72.381766542851));
#4123 = CARTESIAN_POINT('',(-525.0222934397,-2.479808577059,
    72.380373899905));
#4124 = CARTESIAN_POINT('',(-520.7416746921,-1.828005788722,
    72.254465816199));
#4125 = CARTESIAN_POINT('',(-516.4671704399,-1.039363819758,
    71.943043239566));
#4126 = CARTESIAN_POINT('',(-512.204407681,-0.113314005207,
    71.590611825098));
#4127 = CARTESIAN_POINT('',(-507.9265429784,0.715547244578,
    71.250257756106));
#4128 = CARTESIAN_POINT('',(-503.6502824349,1.456974726631,
    70.839861613733));
#4129 = CARTESIAN_POINT('',(-499.3719688989,2.005288925975,
    70.882125782907));
#4130 = CARTESIAN_POINT('',(-495.0930022696,2.447828538554,
    70.717297336709));
#4131 = CARTESIAN_POINT('',(-490.8081538754,2.564451919057,
    70.567820362732));
#4132 = CARTESIAN_POINT('',(-486.5308534552,2.763640027942,
    70.46889603875));
#4133 = CARTESIAN_POINT('',(-482.2516859036,2.827808091994,
    70.368483497069));
#4134 = CARTESIAN_POINT('',(-477.9730655022,2.839123004835,
    70.275560056818));
#4135 = CARTESIAN_POINT('',(-473.6960456193,2.840422816396,
    70.194472477496));
#4136 = CARTESIAN_POINT('',(-469.4152062773,2.873842736245,
    70.138917827476));
#4137 = CARTESIAN_POINT('',(-465.1421872703,2.940123393081,
    70.086199003394));
#4138 = CARTESIAN_POINT('',(-460.8166932288,2.682150285475,
    69.989578246219));
#4139 = CARTESIAN_POINT('',(-456.4952571487,3.224633070985,
    70.072482211436));
#4140 = CARTESIAN_POINT('',(-452.4504000069,4.42784658049,
    70.248935770384));
#4141 = CARTESIAN_POINT('',(-447.9424683801,3.801541036158,
    70.208085135686));
#4142 = CARTESIAN_POINT('',(-443.7524033406,4.992553090608,
    70.399923720265));
#4143 = CARTESIAN_POINT('',(-439.4974420849,3.486330829599,
    70.287437441627));
#4144 = CARTESIAN_POINT('',(-435.1419433011,2.761597995026,
    70.262273531402));
#4145 = CARTESIAN_POINT('',(-430.9728274171,1.199189094756,
    70.164518456776));
#4146 = CARTESIAN_POINT('',(-426.6766705817,0.323555767142,
    70.117615727641));
#4147 = CARTESIAN_POINT('',(-423.4568555526,2.452921788725,
    70.332067550922));
#4148 = CARTESIAN_POINT('',(-422.3597,-0.407076498145,70.069233446692));
#4149 = DEFINITIONAL_REPRESENTATION('',(#4150),#4154);
#4150 = LINE('',#4151,#4152);
#4151 = CARTESIAN_POINT('',(15.,0.));
#4152 = VECTOR('',#4153,1.);
#4153 = DIRECTION('',(0.,1.));
#4154 = ( GEOMETRIC_REPRESENTATION_CONTEXT(2) 
PARAMETRIC_REPRESENTATION_CONTEXT() REPRESENTATION_CONTEXT('2D SPACE',''
  ) );
#4155 = ORIENTED_EDGE('',*,*,#4156,.F.);
#4156 = EDGE_CURVE('',#3693,#3947,#4157,.T.);
#4157 = SURFACE_CURVE('',#4158,(#4161,#4168),.PCURVE_S1.);
#4158 = B_SPLINE_CURVE_WITH_KNOTS('',1,(#4159,#4160),.UNSPECIFIED.,.F.,
  .F.,(2,2),(14.,15.),.PIECEWISE_BEZIER_KNOTS.);
#4159 = CARTESIAN_POINT('',(-422.3597,0.366335048373,70.117447539134));
#4160 = CARTESIAN_POINT('',(-422.3597,-2.065785484127E-02,
    70.097962044244));
#4161 = PCURVE('',#3768,#4162);
#4162 = DEFINITIONAL_REPRESENTATION('',(#4163),#4167);
#4163 = LINE('',#4164,#4165);
#4164 = CARTESIAN_POINT('',(0.,1.));
#4165 = VECTOR('',#4166,1.);
#4166 = DIRECTION('',(1.,0.));
#4167 = ( GEOMETRIC_REPRESENTATION_CONTEXT(2) 
PARAMETRIC_REPRESENTATION_CONTEXT() REPRESENTATION_CONTEXT('2D SPACE',''
  ) );
#4168 = PCURVE('',#401,#4169);
#4169 = DEFINITIONAL_REPRESENTATION('',(#4170),#4173);
#4170 = B_SPLINE_CURVE_WITH_KNOTS('',1,(#4171,#4172),.UNSPECIFIED.,.F.,
  .F.,(2,2),(14.,15.),.PIECEWISE_BEZIER_KNOTS.);
#4171 = CARTESIAN_POINT('',(-0.589325996195,1.469197508629));
#4172 = CARTESIAN_POINT('',(-0.203205718853,1.436727167159));
#4173 = ( GEOMETRIC_REPRESENTATION_CONTEXT(2) 
PARAMETRIC_REPRESENTATION_CONTEXT() REPRESENTATION_CONTEXT('2D SPACE',''
  ) );
#4174 = ORIENTED_EDGE('',*,*,#3692,.F.);
#4175 = ADVANCED_FACE('',(#4176),#4022,.T.);
#4176 = FACE_BOUND('',#4177,.T.);
#4177 = EDGE_LOOP('',(#4178,#4199,#4409,#4428));
#4178 = ORIENTED_EDGE('',*,*,#4179,.T.);
#4179 = EDGE_CURVE('',#3926,#4180,#4182,.T.);
#4180 = VERTEX_POINT('',#4181);
#4181 = CARTESIAN_POINT('',(-679.0382,-1.831759553472,70.173398678688));
#4182 = SURFACE_CURVE('',#4183,(#4186,#4193),.PCURVE_S1.);
#4183 = B_SPLINE_CURVE_WITH_KNOTS('',1,(#4184,#4185),.UNSPECIFIED.,.F.,
  .F.,(2,2),(15.,16.),.PIECEWISE_BEZIER_KNOTS.);
#4184 = CARTESIAN_POINT('',(-679.0382,-1.428986592768,70.19002126872));
#4185 = CARTESIAN_POINT('',(-679.0382,-1.831759553472,70.173398678688));
#4186 = PCURVE('',#4022,#4187);
#4187 = DEFINITIONAL_REPRESENTATION('',(#4188),#4192);
#4188 = LINE('',#4189,#4190);
#4189 = CARTESIAN_POINT('',(0.,0.));
#4190 = VECTOR('',#4191,1.);
#4191 = DIRECTION('',(1.,0.));
#4192 = ( GEOMETRIC_REPRESENTATION_CONTEXT(2) 
PARAMETRIC_REPRESENTATION_CONTEXT() REPRESENTATION_CONTEXT('2D SPACE',''
  ) );
#4193 = PCURVE('',#165,#4194);
#4194 = DEFINITIONAL_REPRESENTATION('',(#4195),#4198);
#4195 = B_SPLINE_CURVE_WITH_KNOTS('',1,(#4196,#4197),.UNSPECIFIED.,.F.,
  .F.,(2,2),(15.,16.),.PIECEWISE_BEZIER_KNOTS.);
#4196 = CARTESIAN_POINT('',(5.979138548073,-0.520685996624));
#4197 = CARTESIAN_POINT('',(6.378741881608,-0.4675866162));
#4198 = ( GEOMETRIC_REPRESENTATION_CONTEXT(2) 
PARAMETRIC_REPRESENTATION_CONTEXT() REPRESENTATION_CONTEXT('2D SPACE',''
  ) );
#4199 = ORIENTED_EDGE('',*,*,#4200,.T.);
#4200 = EDGE_CURVE('',#4180,#4201,#4203,.T.);
#4201 = VERTEX_POINT('',#4202);
#4202 = CARTESIAN_POINT('',(-422.3597,-0.407076498145,70.069233446692));
#4203 = SURFACE_CURVE('',#4204,(#4268,#4275),.PCURVE_S1.);
#4204 = ( BOUNDED_CURVE() B_SPLINE_CURVE(3,(#4205,#4206,#4207,#4208,
    #4209,#4210,#4211,#4212,#4213,#4214,#4215,#4216,#4217,#4218,#4219,
    #4220,#4221,#4222,#4223,#4224,#4225,#4226,#4227,#4228,#4229,#4230,
    #4231,#4232,#4233,#4234,#4235,#4236,#4237,#4238,#4239,#4240,#4241,
    #4242,#4243,#4244,#4245,#4246,#4247,#4248,#4249,#4250,#4251,#4252,
    #4253,#4254,#4255,#4256,#4257,#4258,#4259,#4260,#4261,#4262,#4263,
    #4264,#4265,#4266,#4267),.UNSPECIFIED.,.F.,.F.) 
B_SPLINE_CURVE_WITH_KNOTS((4,1,1,1,1,1,1,1,1,1,1,1,1,1,1,1,1,1,1,1,1,1,1
    ,1,1,1,1,1,1,1,1,1,1,1,1,1,1,1,1,1,1,1,1,1,1,1,1,1,1,1,1,1,1,1,1,1,1
    ,1,1,1,4),(0.,1.671164831231E-02,3.327803306227E-02,
    5.000925566809E-02,6.648034363626E-02,8.347574416348E-02,
    9.998031801332E-02,0.116453562429,0.133787455732,0.150582398826,
    0.167003889564,0.183421183117,0.199831572897,0.216243077967,
    0.232654966281,0.249069049,0.265493630469,0.281929899437,
    0.298422530809,0.314972313288,0.331595845732,0.348279560524,
    0.365009232075,0.38168560036,0.398277240471,0.414799735375,
    0.431302994143,0.448140075223,0.464749604184,0.481553115126,
    0.498808354232,0.516050152658,0.532842545742,0.550335828942,
    0.567153130692,0.583652514422,0.600175882991,0.616768685323,
    0.633448038712,0.650182180915,0.666869665762,0.683497438564,
    0.700056495454,0.716547762365,0.732983596882,0.749407921308,
    0.765822295641,0.782233728406,0.798646209918,0.81505724388,
    0.831476734885,0.847901722287,0.864693603231,0.881980563987,
    0.898448960139,0.915352013848,0.932295303855,0.949097785181,
0.966200565614,0.982806308198,1.),.UNSPECIFIED.) CURVE() 
GEOMETRIC_REPRESENTATION_ITEM() RATIONAL_B_SPLINE_CURVE((1.,
    0.999999999979,1.00000000001,0.999999999997,1.000000000001,1.,1.,1.,
    1.,1.,1.,1.,1.,1.,1.,1.,1.,1.,1.,1.,1.,1.,1.,1.,1.,1.,1.,1.,1.,1.,1.
    ,1.,1.,1.,1.,1.,1.,1.,1.,1.,1.,1.,1.,1.,1.,1.,1.,1.,1.,1.,1.,1.,1.,
    1.,1.,1.,1.,1.,0.999999999998,1.000000000007,0.999999999976,
1.000000000054,1.)) REPRESENTATION_ITEM('') );
#4205 = CARTESIAN_POINT('',(-679.0382,-1.831759553472,70.173398678688));
#4206 = CARTESIAN_POINT('',(-677.9018430398,-5.015340552349,
    70.561211467795));
#4207 = CARTESIAN_POINT('',(-674.6570379481,-1.964512430921,
    70.147652190752));
#4208 = CARTESIAN_POINT('',(-670.4801286148,-4.096755178988,
    70.426364365566));
#4209 = CARTESIAN_POINT('',(-666.2529876958,-5.377603938286,
    70.495762961932));
#4210 = CARTESIAN_POINT('',(-661.8309289879,-5.086748445136,
    70.353322765558));
#4211 = CARTESIAN_POINT('',(-657.7320144142,-7.883041714507,
    70.72691446002));
#4212 = CARTESIAN_POINT('',(-653.3812140229,-7.637399079459,
    70.706086341163));
#4213 = CARTESIAN_POINT('',(-648.9513854559,-8.25595463439,
    70.81630361541));
#4214 = CARTESIAN_POINT('',(-644.9070855266,-8.003215274694,
    70.853633196929));
#4215 = CARTESIAN_POINT('',(-640.582063889,-9.303398342314,
    71.164876812577));
#4216 = CARTESIAN_POINT('',(-636.2554682792,-9.139150865481,
    71.250157063613));
#4217 = CARTESIAN_POINT('',(-631.9824711096,-9.439226356608,
    71.435113096905));
#4218 = CARTESIAN_POINT('',(-627.7019615338,-9.379661068669,
    71.548434168743));
#4219 = CARTESIAN_POINT('',(-623.4245711463,-9.481563540474,
    71.725306588014));
#4220 = CARTESIAN_POINT('',(-619.1463832312,-9.541437179964,
    71.922729769944));
#4221 = CARTESIAN_POINT('',(-614.8669156658,-9.407598073856,
    72.111641665404));
#4222 = CARTESIAN_POINT('',(-610.5898165078,-9.089064784744,
    72.284731176592));
#4223 = CARTESIAN_POINT('',(-606.3045105877,-8.821346660172,
    72.538232150687));
#4224 = CARTESIAN_POINT('',(-602.0277566031,-8.06028338433,
    72.683092883972));
#4225 = CARTESIAN_POINT('',(-597.7466019923,-7.270523558986,
    73.013174666327));
#4226 = CARTESIAN_POINT('',(-593.4714143357,-6.092121091265,
    73.40629002493));
#4227 = CARTESIAN_POINT('',(-589.1936176105,-4.839348634935,
    73.825681732104));
#4228 = CARTESIAN_POINT('',(-584.9304153006,-3.415465358124,
    74.1871964842));
#4229 = CARTESIAN_POINT('',(-580.6563793824,-2.16610138783,
    74.411801701468));
#4230 = CARTESIAN_POINT('',(-576.3740763318,-1.073568201594,
    74.325877211253));
#4231 = CARTESIAN_POINT('',(-572.0987272234,-0.460952402779,
    74.071476665415));
#4232 = CARTESIAN_POINT('',(-567.7524952784,9.516316782788E-02,
    73.326860960368));
#4233 = CARTESIAN_POINT('',(-563.5775738445,-0.769805270216,
    73.745010630751));
#4234 = CARTESIAN_POINT('',(-559.225311783,0.712985258305,
    73.085281987827));
#4235 = CARTESIAN_POINT('',(-554.9153030247,-0.244269018452,
    73.820899213746));
#4236 = CARTESIAN_POINT('',(-550.6950514656,-0.508012107187,
    73.227368682705));
#4237 = CARTESIAN_POINT('',(-546.5054520859,-1.373816053968,
    73.443953361436));
#4238 = CARTESIAN_POINT('',(-542.014622175,-1.104481870449,
    72.476116908505));
#4239 = CARTESIAN_POINT('',(-537.9789076762,-3.176595629924,
    72.836089242984));
#4240 = CARTESIAN_POINT('',(-533.6216797195,-2.93111368187,
    71.925962490006));
#4241 = CARTESIAN_POINT('',(-529.3043766466,-2.979301426721,
    72.381766542851));
#4242 = CARTESIAN_POINT('',(-525.0222934397,-2.479808577059,
    72.380373899905));
#4243 = CARTESIAN_POINT('',(-520.7416746921,-1.828005788722,
    72.254465816199));
#4244 = CARTESIAN_POINT('',(-516.4671704399,-1.039363819758,
    71.943043239566));
#4245 = CARTESIAN_POINT('',(-512.204407681,-0.113314005207,
    71.590611825098));
#4246 = CARTESIAN_POINT('',(-507.9265429784,0.715547244578,
    71.250257756106));
#4247 = CARTESIAN_POINT('',(-503.6502824349,1.456974726631,
    70.839861613733));
#4248 = CARTESIAN_POINT('',(-499.3719688989,2.005288925975,
    70.882125782907));
#4249 = CARTESIAN_POINT('',(-495.0930022696,2.447828538554,
    70.717297336709));
#4250 = CARTESIAN_POINT('',(-490.8081538754,2.564451919057,
    70.567820362732));
#4251 = CARTESIAN_POINT('',(-486.5308534552,2.763640027942,
    70.46889603875));
#4252 = CARTESIAN_POINT('',(-482.2516859036,2.827808091994,
    70.368483497069));
#4253 = CARTESIAN_POINT('',(-477.9730655022,2.839123004835,
    70.275560056818));
#4254 = CARTESIAN_POINT('',(-473.6960456193,2.840422816396,
    70.194472477496));
#4255 = CARTESIAN_POINT('',(-469.4152062773,2.873842736245,
    70.138917827476));
#4256 = CARTESIAN_POINT('',(-465.1421872703,2.940123393081,
    70.086199003394));
#4257 = CARTESIAN_POINT('',(-460.8166932288,2.682150285475,
    69.989578246219));
#4258 = CARTESIAN_POINT('',(-456.4952571487,3.224633070985,
    70.072482211436));
#4259 = CARTESIAN_POINT('',(-452.4504000069,4.42784658049,
    70.248935770384));
#4260 = CARTESIAN_POINT('',(-447.9424683801,3.801541036158,
    70.208085135686));
#4261 = CARTESIAN_POINT('',(-443.7524033406,4.992553090608,
    70.399923720265));
#4262 = CARTESIAN_POINT('',(-439.4974420849,3.486330829599,
    70.287437441627));
#4263 = CARTESIAN_POINT('',(-435.1419433011,2.761597995026,
    70.262273531402));
#4264 = CARTESIAN_POINT('',(-430.9728274171,1.199189094756,
    70.164518456776));
#4265 = CARTESIAN_POINT('',(-426.6766705817,0.323555767142,
    70.117615727641));
#4266 = CARTESIAN_POINT('',(-423.4568555526,2.452921788725,
    70.332067550922));
#4267 = CARTESIAN_POINT('',(-422.3597,-0.407076498145,70.069233446692));
#4268 = PCURVE('',#4022,#4269);
#4269 = DEFINITIONAL_REPRESENTATION('',(#4270),#4274);
#4270 = LINE('',#4271,#4272);
#4271 = CARTESIAN_POINT('',(16.,0.));
#4272 = VECTOR('',#4273,1.);
#4273 = DIRECTION('',(0.,1.));
#4274 = ( GEOMETRIC_REPRESENTATION_CONTEXT(2) 
PARAMETRIC_REPRESENTATION_CONTEXT() REPRESENTATION_CONTEXT('2D SPACE',''
  ) );
#4275 = PCURVE('',#4276,#4403);
#4276 = ( BOUNDED_SURFACE() B_SPLINE_SURFACE(1,3,(
    (#4277,#4278,#4279,#4280,#4281,#4282,#4283,#4284,#4285,#4286,#4287
      ,#4288,#4289,#4290,#4291,#4292,#4293,#4294,#4295,#4296,#4297,#4298
      ,#4299,#4300,#4301,#4302,#4303,#4304,#4305,#4306,#4307,#4308,#4309
      ,#4310,#4311,#4312,#4313,#4314,#4315,#4316,#4317,#4318,#4319,#4320
      ,#4321,#4322,#4323,#4324,#4325,#4326,#4327,#4328,#4329,#4330,#4331
      ,#4332,#4333,#4334,#4335,#4336,#4337,#4338,#4339)
    ,(#4340,#4341,#4342,#4343,#4344,#4345,#4346,#4347,#4348,#4349,#4350
      ,#4351,#4352,#4353,#4354,#4355,#4356,#4357,#4358,#4359,#4360,#4361
      ,#4362,#4363,#4364,#4365,#4366,#4367,#4368,#4369,#4370,#4371,#4372
      ,#4373,#4374,#4375,#4376,#4377,#4378,#4379,#4380,#4381,#4382,#4383
      ,#4384,#4385,#4386,#4387,#4388,#4389,#4390,#4391,#4392,#4393,#4394
      ,#4395,#4396,#4397,#4398,#4399,#4400,#4401,#4402
)),.UNSPECIFIED.,.F.,.F.,.F.) B_SPLINE_SURFACE_WITH_KNOTS((2,2),(4,1,1,1
    ,1,1,1,1,1,1,1,1,1,1,1,1,1,1,1,1,1,1,1,1,1,1,1,1,1,1,1,1,1,1,1,1,1,1
    ,1,1,1,1,1,1,1,1,1,1,1,1,1,1,1,1,1,1,1,1,1,1,4),(16.,17.),(0.,
    1.671164831231E-02,3.327803306227E-02,5.000925566809E-02,
    6.648034363626E-02,8.347574416348E-02,9.998031801332E-02,
    0.116453562429,0.133787455732,0.150582398826,0.167003889564,
    0.183421183117,0.199831572897,0.216243077967,0.232654966281,
    0.249069049,0.265493630469,0.281929899437,0.298422530809,
    0.314972313288,0.331595845732,0.348279560524,0.365009232075,
    0.38168560036,0.398277240471,0.414799735375,0.431302994143,
    0.448140075223,0.464749604184,0.481553115126,0.498808354232,
    0.516050152658,0.532842545742,0.550335828942,0.567153130692,
    0.583652514422,0.600175882991,0.616768685323,0.633448038712,
    0.650182180915,0.666869665762,0.683497438564,0.700056495454,
    0.716547762365,0.732983596882,0.749407921308,0.765822295641,
    0.782233728406,0.798646209918,0.81505724388,0.831476734885,
    0.847901722287,0.864693603231,0.881980563987,0.898448960139,
    0.915352013848,0.932295303855,0.949097785181,0.966200565614,
0.982806308198,1.),.UNSPECIFIED.) GEOMETRIC_REPRESENTATION_ITEM() 
RATIONAL_B_SPLINE_SURFACE((
    (1.,0.999999999979,1.00000000001,0.999999999997,1.000000000001,1.,1.
      ,1.,1.,1.,1.,1.,1.,1.,1.,1.,1.,1.,1.,1.,1.,1.,1.,1.,1.,1.,1.,1.,1.
      ,1.,1.,1.,1.,1.,1.,1.,1.,1.,1.,1.,1.,1.,1.,1.,1.,1.,1.,1.,1.,1.,1.
      ,1.,1.,1.,1.,1.,1.,1.,0.999999999998,1.000000000007,0.999999999976
      ,1.000000000054,1.)
    ,(1.,0.999999999979,1.00000000001,0.999999999997,1.000000000001,1.
      ,1.,1.,1.,1.,1.,1.,1.,1.,1.,1.,1.,1.,1.,1.,1.,1.,1.,1.,1.,1.,1.,1.
      ,1.,1.,1.,1.,1.,1.,1.,1.,1.,1.,1.,1.,1.,1.,1.,1.,1.,1.,1.,1.,1.,1.
      ,1.,1.,1.,1.,1.,1.,1.,1.,0.999999999998,1.000000000007
,0.999999999976,1.000000000054,1.
  ))) REPRESENTATION_ITEM('') SURFACE() );
#4277 = CARTESIAN_POINT('',(-679.0382,-1.831759553472,70.173398678688));
#4278 = CARTESIAN_POINT('',(-677.9018430398,-5.015340552349,
    70.561211467795));
#4279 = CARTESIAN_POINT('',(-674.6570379481,-1.964512430921,
    70.147652190752));
#4280 = CARTESIAN_POINT('',(-670.4801286148,-4.096755178988,
    70.426364365566));
#4281 = CARTESIAN_POINT('',(-666.2529876958,-5.377603938286,
    70.495762961932));
#4282 = CARTESIAN_POINT('',(-661.8309289879,-5.086748445136,
    70.353322765558));
#4283 = CARTESIAN_POINT('',(-657.7320144142,-7.883041714507,
    70.72691446002));
#4284 = CARTESIAN_POINT('',(-653.3812140229,-7.637399079459,
    70.706086341163));
#4285 = CARTESIAN_POINT('',(-648.9513854559,-8.25595463439,
    70.81630361541));
#4286 = CARTESIAN_POINT('',(-644.9070855266,-8.003215274694,
    70.853633196929));
#4287 = CARTESIAN_POINT('',(-640.582063889,-9.303398342314,
    71.164876812577));
#4288 = CARTESIAN_POINT('',(-636.2554682792,-9.139150865481,
    71.250157063613));
#4289 = CARTESIAN_POINT('',(-631.9824711096,-9.439226356608,
    71.435113096905));
#4290 = CARTESIAN_POINT('',(-627.7019615338,-9.379661068669,
    71.548434168743));
#4291 = CARTESIAN_POINT('',(-623.4245711463,-9.481563540474,
    71.725306588014));
#4292 = CARTESIAN_POINT('',(-619.1463832312,-9.541437179964,
    71.922729769944));
#4293 = CARTESIAN_POINT('',(-614.8669156658,-9.407598073856,
    72.111641665404));
#4294 = CARTESIAN_POINT('',(-610.5898165078,-9.089064784744,
    72.284731176592));
#4295 = CARTESIAN_POINT('',(-606.3045105877,-8.821346660172,
    72.538232150687));
#4296 = CARTESIAN_POINT('',(-602.0277566031,-8.06028338433,
    72.683092883972));
#4297 = CARTESIAN_POINT('',(-597.7466019923,-7.270523558986,
    73.013174666327));
#4298 = CARTESIAN_POINT('',(-593.4714143357,-6.092121091265,
    73.40629002493));
#4299 = CARTESIAN_POINT('',(-589.1936176105,-4.839348634935,
    73.825681732104));
#4300 = CARTESIAN_POINT('',(-584.9304153006,-3.415465358124,
    74.1871964842));
#4301 = CARTESIAN_POINT('',(-580.6563793824,-2.16610138783,
    74.411801701468));
#4302 = CARTESIAN_POINT('',(-576.3740763318,-1.073568201594,
    74.325877211253));
#4303 = CARTESIAN_POINT('',(-572.0987272234,-0.460952402779,
    74.071476665415));
#4304 = CARTESIAN_POINT('',(-567.7524952784,9.516316782788E-02,
    73.326860960368));
#4305 = CARTESIAN_POINT('',(-563.5775738445,-0.769805270216,
    73.745010630751));
#4306 = CARTESIAN_POINT('',(-559.225311783,0.712985258305,
    73.085281987827));
#4307 = CARTESIAN_POINT('',(-554.9153030247,-0.244269018452,
    73.820899213746));
#4308 = CARTESIAN_POINT('',(-550.6950514656,-0.508012107187,
    73.227368682705));
#4309 = CARTESIAN_POINT('',(-546.5054520859,-1.373816053968,
    73.443953361436));
#4310 = CARTESIAN_POINT('',(-542.014622175,-1.104481870449,
    72.476116908505));
#4311 = CARTESIAN_POINT('',(-537.9789076762,-3.176595629924,
    72.836089242984));
#4312 = CARTESIAN_POINT('',(-533.6216797195,-2.93111368187,
    71.925962490006));
#4313 = CARTESIAN_POINT('',(-529.3043766466,-2.979301426721,
    72.381766542851));
#4314 = CARTESIAN_POINT('',(-525.0222934397,-2.479808577059,
    72.380373899905));
#4315 = CARTESIAN_POINT('',(-520.7416746921,-1.828005788722,
    72.254465816199));
#4316 = CARTESIAN_POINT('',(-516.4671704399,-1.039363819758,
    71.943043239566));
#4317 = CARTESIAN_POINT('',(-512.204407681,-0.113314005207,
    71.590611825098));
#4318 = CARTESIAN_POINT('',(-507.9265429784,0.715547244578,
    71.250257756106));
#4319 = CARTESIAN_POINT('',(-503.6502824349,1.456974726631,
    70.839861613733));
#4320 = CARTESIAN_POINT('',(-499.3719688989,2.005288925975,
    70.882125782907));
#4321 = CARTESIAN_POINT('',(-495.0930022696,2.447828538554,
    70.717297336709));
#4322 = CARTESIAN_POINT('',(-490.8081538754,2.564451919057,
    70.567820362732));
#4323 = CARTESIAN_POINT('',(-486.5308534552,2.763640027942,
    70.46889603875));
#4324 = CARTESIAN_POINT('',(-482.2516859036,2.827808091994,
    70.368483497069));
#4325 = CARTESIAN_POINT('',(-477.9730655022,2.839123004835,
    70.275560056818));
#4326 = CARTESIAN_POINT('',(-473.6960456193,2.840422816396,
    70.194472477496));
#4327 = CARTESIAN_POINT('',(-469.4152062773,2.873842736245,
    70.138917827476));
#4328 = CARTESIAN_POINT('',(-465.1421872703,2.940123393081,
    70.086199003394));
#4329 = CARTESIAN_POINT('',(-460.8166932288,2.682150285475,
    69.989578246219));
#4330 = CARTESIAN_POINT('',(-456.4952571487,3.224633070985,
    70.072482211436));
#4331 = CARTESIAN_POINT('',(-452.4504000069,4.42784658049,
    70.248935770384));
#4332 = CARTESIAN_POINT('',(-447.9424683801,3.801541036158,
    70.208085135686));
#4333 = CARTESIAN_POINT('',(-443.7524033406,4.992553090608,
    70.399923720265));
#4334 = CARTESIAN_POINT('',(-439.4974420849,3.486330829599,
    70.287437441627));
#4335 = CARTESIAN_POINT('',(-435.1419433011,2.761597995026,
    70.262273531402));
#4336 = CARTESIAN_POINT('',(-430.9728274171,1.199189094756,
    70.164518456776));
#4337 = CARTESIAN_POINT('',(-426.6766705817,0.323555767142,
    70.117615727641));
#4338 = CARTESIAN_POINT('',(-423.4568555526,2.452921788725,
    70.332067550922));
#4339 = CARTESIAN_POINT('',(-422.3597,-0.407076498145,70.069233446692));
#4340 = CARTESIAN_POINT('',(-679.0382,-2.232740326501,70.13254621545));
#4341 = CARTESIAN_POINT('',(-677.9018430398,-5.615099552983,
    70.55236202312));
#4342 = CARTESIAN_POINT('',(-674.6570379481,-2.428414680462,
    70.122155043334));
#4343 = CARTESIAN_POINT('',(-670.4801286148,-4.74621245747,
    70.433893954559));
#4344 = CARTESIAN_POINT('',(-666.2529876958,-6.06914309917,
    70.511644121819));
#4345 = CARTESIAN_POINT('',(-661.8309289879,-5.733366838542,
    70.366427192893));
#4346 = CARTESIAN_POINT('',(-657.7320144142,-8.767921709711,
    70.786597340147));
#4347 = CARTESIAN_POINT('',(-653.3812140229,-8.566110418817,
    70.784637528413));
#4348 = CARTESIAN_POINT('',(-648.9513854559,-9.219077232071,
    70.911967459033));
#4349 = CARTESIAN_POINT('',(-644.9070855266,-9.158981995307,
    70.993275257901));
#4350 = CARTESIAN_POINT('',(-640.582063889,-10.63799721822,
    71.348301838888));
#4351 = CARTESIAN_POINT('',(-636.2554682792,-10.46305363764,
    71.444358594738));
#4352 = CARTESIAN_POINT('',(-631.9824711096,-10.79948800546,
    71.647778271593));
#4353 = CARTESIAN_POINT('',(-627.7019615338,-10.74282497926,
    71.773121383218));
#4354 = CARTESIAN_POINT('',(-623.4245711463,-10.85763774095,
    71.966319696477));
#4355 = CARTESIAN_POINT('',(-619.1463832312,-10.92372425254,
    72.181383544849));
#4356 = CARTESIAN_POINT('',(-614.8669156658,-10.77972923672,
    72.386894995269));
#4357 = CARTESIAN_POINT('',(-610.5898165078,-10.4377038254,
    72.573616480628));
#4358 = CARTESIAN_POINT('',(-606.3045105877,-10.1420458847,
    72.851579599526));
#4359 = CARTESIAN_POINT('',(-602.0277566031,-9.329640764694,
    72.98450834359));
#4360 = CARTESIAN_POINT('',(-597.7466019923,-8.453959871794,
    73.425947564407));
#4361 = CARTESIAN_POINT('',(-593.4714143357,-7.216136104506,
    73.77370210006));
#4362 = CARTESIAN_POINT('',(-589.1936176105,-5.890575300727,
    74.185058283846));
#4363 = CARTESIAN_POINT('',(-584.9304153006,-4.394476881302,
    74.519855489034));
#4364 = CARTESIAN_POINT('',(-580.6563793824,-3.077443389727,
    74.69450081706));
#4365 = CARTESIAN_POINT('',(-576.3740763318,-1.912540500468,
    74.569331625786));
#4366 = CARTESIAN_POINT('',(-572.0987272234,-1.235602217775,
    74.241397383841));
#4367 = CARTESIAN_POINT('',(-567.7524952784,-0.592161955593,
    73.44396046015));
#4368 = CARTESIAN_POINT('',(-563.5775738445,-1.479370297279,
    73.817928143678));
#4369 = CARTESIAN_POINT('',(-559.225311783,0.250884992381,72.92254051671
    ));
#4370 = CARTESIAN_POINT('',(-554.9153030247,-0.740329251993,
    73.631415831074));
#4371 = CARTESIAN_POINT('',(-550.6950514656,-0.961374883135,
    72.997356482963));
#4372 = CARTESIAN_POINT('',(-546.5054520859,-1.854846683223,
    73.161065122922));
#4373 = CARTESIAN_POINT('',(-542.014622175,-1.52612852618,
    72.112121896647));
#4374 = CARTESIAN_POINT('',(-537.9789076762,-3.817177790538,
    72.591973764781));
#4375 = CARTESIAN_POINT('',(-533.6216797195,-3.551723056118,
    71.58019512746));
#4376 = CARTESIAN_POINT('',(-529.3043766466,-3.676833904202,
    71.994566684172));
#4377 = CARTESIAN_POINT('',(-525.0222934397,-3.237325835701,
    71.938570532234));
#4378 = CARTESIAN_POINT('',(-520.7416746921,-2.664485722355,
    71.793900418275));
#4379 = CARTESIAN_POINT('',(-516.4671704399,-1.960311213094,
    71.477263384596));
#4380 = CARTESIAN_POINT('',(-512.204407681,-1.11960507595,
    71.122247700512));
#4381 = CARTESIAN_POINT('',(-507.9265429784,-0.378853672139,
    70.807599660449));
#4382 = CARTESIAN_POINT('',(-503.6502824349,0.279334658069,
    70.417221154388));
#4383 = CARTESIAN_POINT('',(-499.3719688989,0.763193907488,
    70.48011346713));
#4384 = CARTESIAN_POINT('',(-495.0930022696,1.148723898223,
    70.324980309275));
#4385 = CARTESIAN_POINT('',(-490.8081538754,1.236309819104,
    70.193844938597));
#4386 = CARTESIAN_POINT('',(-486.5308534552,1.411846122603,
    70.111132068523));
#4387 = CARTESIAN_POINT('',(-482.2516859036,1.46674184231,
    70.029861457009));
#4388 = CARTESIAN_POINT('',(-477.9730655022,1.477176003741,69.9552858211
    ));
#4389 = CARTESIAN_POINT('',(-473.6960456193,1.495191609487,
    69.892686976739));
#4390 = CARTESIAN_POINT('',(-469.4152062773,1.531275175593,
    69.850620468398));
#4391 = CARTESIAN_POINT('',(-465.1421872703,1.630042042791,
    69.816281587109));
#4392 = CARTESIAN_POINT('',(-460.8166932288,1.387235728897,
    69.736455315531));
#4393 = CARTESIAN_POINT('',(-456.4952571487,2.02870141338,
    69.849427029835));
#4394 = CARTESIAN_POINT('',(-452.4504000069,3.428111828365,
    70.070312645511));
#4395 = CARTESIAN_POINT('',(-447.9424683801,2.807064640445,
    70.043365836832));
#4396 = CARTESIAN_POINT('',(-443.7524033406,4.150466854134,70.2681554978
    ));
#4397 = CARTESIAN_POINT('',(-439.4974420849,2.828174589239,
    70.192873311734));
#4398 = CARTESIAN_POINT('',(-435.1419433011,2.139654770927,
    70.179770069353));
#4399 = CARTESIAN_POINT('',(-430.9728274171,0.634967163768,
    70.093099508273));
#4400 = CARTESIAN_POINT('',(-426.6766705817,-8.217394198673E-02,
    70.072664139704));
#4401 = CARTESIAN_POINT('',(-423.4568555526,2.043713232173,
    70.29207409677));
#4402 = CARTESIAN_POINT('',(-422.3597,-0.792774031434,70.032044131386));
#4403 = DEFINITIONAL_REPRESENTATION('',(#4404),#4408);
#4404 = LINE('',#4405,#4406);
#4405 = CARTESIAN_POINT('',(16.,0.));
#4406 = VECTOR('',#4407,1.);
#4407 = DIRECTION('',(0.,1.));
#4408 = ( GEOMETRIC_REPRESENTATION_CONTEXT(2) 
PARAMETRIC_REPRESENTATION_CONTEXT() REPRESENTATION_CONTEXT('2D SPACE',''
  ) );
#4409 = ORIENTED_EDGE('',*,*,#4410,.F.);
#4410 = EDGE_CURVE('',#3947,#4201,#4411,.T.);
#4411 = SURFACE_CURVE('',#4412,(#4415,#4422),.PCURVE_S1.);
#4412 = B_SPLINE_CURVE_WITH_KNOTS('',1,(#4413,#4414),.UNSPECIFIED.,.F.,
  .F.,(2,2),(15.,16.),.PIECEWISE_BEZIER_KNOTS.);
#4413 = CARTESIAN_POINT('',(-422.3597,-2.065785484127E-02,
    70.097962044244));
#4414 = CARTESIAN_POINT('',(-422.3597,-0.407076498145,70.069233446692));
#4415 = PCURVE('',#4022,#4416);
#4416 = DEFINITIONAL_REPRESENTATION('',(#4417),#4421);
#4417 = LINE('',#4418,#4419);
#4418 = CARTESIAN_POINT('',(0.,1.));
#4419 = VECTOR('',#4420,1.);
#4420 = DIRECTION('',(1.,0.));
#4421 = ( GEOMETRIC_REPRESENTATION_CONTEXT(2) 
PARAMETRIC_REPRESENTATION_CONTEXT() REPRESENTATION_CONTEXT('2D SPACE',''
  ) );
#4422 = PCURVE('',#401,#4423);
#4423 = DEFINITIONAL_REPRESENTATION('',(#4424),#4427);
#4424 = B_SPLINE_CURVE_WITH_KNOTS('',1,(#4425,#4426),.UNSPECIFIED.,.F.,
  .F.,(2,2),(15.,16.),.PIECEWISE_BEZIER_KNOTS.);
#4425 = CARTESIAN_POINT('',(-0.203205718853,1.436727167159));
#4426 = CARTESIAN_POINT('',(0.182030224393,1.395038220888));
#4427 = ( GEOMETRIC_REPRESENTATION_CONTEXT(2) 
PARAMETRIC_REPRESENTATION_CONTEXT() REPRESENTATION_CONTEXT('2D SPACE',''
  ) );
#4428 = ORIENTED_EDGE('',*,*,#3946,.F.);
#4429 = ADVANCED_FACE('',(#4430),#4276,.T.);
#4430 = FACE_BOUND('',#4431,.T.);
#4431 = EDGE_LOOP('',(#4432,#4453,#4663,#4682));
#4432 = ORIENTED_EDGE('',*,*,#4433,.T.);
#4433 = EDGE_CURVE('',#4180,#4434,#4436,.T.);
#4434 = VERTEX_POINT('',#4435);
#4435 = CARTESIAN_POINT('',(-679.0382,-2.232740326501,70.13254621545));
#4436 = SURFACE_CURVE('',#4437,(#4440,#4447),.PCURVE_S1.);
#4437 = B_SPLINE_CURVE_WITH_KNOTS('',1,(#4438,#4439),.UNSPECIFIED.,.F.,
  .F.,(2,2),(16.,17.),.PIECEWISE_BEZIER_KNOTS.);
#4438 = CARTESIAN_POINT('',(-679.0382,-1.831759553472,70.173398678688));
#4439 = CARTESIAN_POINT('',(-679.0382,-2.232740326501,70.13254621545));
#4440 = PCURVE('',#4276,#4441);
#4441 = DEFINITIONAL_REPRESENTATION('',(#4442),#4446);
#4442 = LINE('',#4443,#4444);
#4443 = CARTESIAN_POINT('',(0.,0.));
#4444 = VECTOR('',#4445,1.);
#4445 = DIRECTION('',(1.,0.));
#4446 = ( GEOMETRIC_REPRESENTATION_CONTEXT(2) 
PARAMETRIC_REPRESENTATION_CONTEXT() REPRESENTATION_CONTEXT('2D SPACE',''
  ) );
#4447 = PCURVE('',#165,#4448);
#4448 = DEFINITIONAL_REPRESENTATION('',(#4449),#4452);
#4449 = B_SPLINE_CURVE_WITH_KNOTS('',1,(#4450,#4451),.UNSPECIFIED.,.F.,
  .F.,(2,2),(16.,17.),.PIECEWISE_BEZIER_KNOTS.);
#4450 = CARTESIAN_POINT('',(6.378741881608,-0.4675866162));
#4451 = CARTESIAN_POINT('',(6.774361937395,-0.390519920728));
#4452 = ( GEOMETRIC_REPRESENTATION_CONTEXT(2) 
PARAMETRIC_REPRESENTATION_CONTEXT() REPRESENTATION_CONTEXT('2D SPACE',''
  ) );
#4453 = ORIENTED_EDGE('',*,*,#4454,.T.);
#4454 = EDGE_CURVE('',#4434,#4455,#4457,.T.);
#4455 = VERTEX_POINT('',#4456);
#4456 = CARTESIAN_POINT('',(-422.3597,-0.792774031434,70.032044131386));
#4457 = SURFACE_CURVE('',#4458,(#4522,#4529),.PCURVE_S1.);
#4458 = ( BOUNDED_CURVE() B_SPLINE_CURVE(3,(#4459,#4460,#4461,#4462,
    #4463,#4464,#4465,#4466,#4467,#4468,#4469,#4470,#4471,#4472,#4473,
    #4474,#4475,#4476,#4477,#4478,#4479,#4480,#4481,#4482,#4483,#4484,
    #4485,#4486,#4487,#4488,#4489,#4490,#4491,#4492,#4493,#4494,#4495,
    #4496,#4497,#4498,#4499,#4500,#4501,#4502,#4503,#4504,#4505,#4506,
    #4507,#4508,#4509,#4510,#4511,#4512,#4513,#4514,#4515,#4516,#4517,
    #4518,#4519,#4520,#4521),.UNSPECIFIED.,.F.,.F.) 
B_SPLINE_CURVE_WITH_KNOTS((4,1,1,1,1,1,1,1,1,1,1,1,1,1,1,1,1,1,1,1,1,1,1
    ,1,1,1,1,1,1,1,1,1,1,1,1,1,1,1,1,1,1,1,1,1,1,1,1,1,1,1,1,1,1,1,1,1,1
    ,1,1,1,4),(0.,1.671164831231E-02,3.327803306227E-02,
    5.000925566809E-02,6.648034363626E-02,8.347574416348E-02,
    9.998031801332E-02,0.116453562429,0.133787455732,0.150582398826,
    0.167003889564,0.183421183117,0.199831572897,0.216243077967,
    0.232654966281,0.249069049,0.265493630469,0.281929899437,
    0.298422530809,0.314972313288,0.331595845732,0.348279560524,
    0.365009232075,0.38168560036,0.398277240471,0.414799735375,
    0.431302994143,0.448140075223,0.464749604184,0.481553115126,
    0.498808354232,0.516050152658,0.532842545742,0.550335828942,
    0.567153130692,0.583652514422,0.600175882991,0.616768685323,
    0.633448038712,0.650182180915,0.666869665762,0.683497438564,
    0.700056495454,0.716547762365,0.732983596882,0.749407921308,
    0.765822295641,0.782233728406,0.798646209918,0.81505724388,
    0.831476734885,0.847901722287,0.864693603231,0.881980563987,
    0.898448960139,0.915352013848,0.932295303855,0.949097785181,
0.966200565614,0.982806308198,1.),.UNSPECIFIED.) CURVE() 
GEOMETRIC_REPRESENTATION_ITEM() RATIONAL_B_SPLINE_CURVE((1.,
    0.999999999979,1.00000000001,0.999999999997,1.000000000001,1.,1.,1.,
    1.,1.,1.,1.,1.,1.,1.,1.,1.,1.,1.,1.,1.,1.,1.,1.,1.,1.,1.,1.,1.,1.,1.
    ,1.,1.,1.,1.,1.,1.,1.,1.,1.,1.,1.,1.,1.,1.,1.,1.,1.,1.,1.,1.,1.,1.,
    1.,1.,1.,1.,1.,0.999999999998,1.000000000007,0.999999999976,
1.000000000054,1.)) REPRESENTATION_ITEM('') );
#4459 = CARTESIAN_POINT('',(-679.0382,-2.232740326501,70.13254621545));
#4460 = CARTESIAN_POINT('',(-677.9018430398,-5.615099552983,
    70.55236202312));
#4461 = CARTESIAN_POINT('',(-674.6570379481,-2.428414680462,
    70.122155043334));
#4462 = CARTESIAN_POINT('',(-670.4801286148,-4.74621245747,
    70.433893954559));
#4463 = CARTESIAN_POINT('',(-666.2529876958,-6.06914309917,
    70.511644121819));
#4464 = CARTESIAN_POINT('',(-661.8309289879,-5.733366838542,
    70.366427192893));
#4465 = CARTESIAN_POINT('',(-657.7320144142,-8.767921709711,
    70.786597340147));
#4466 = CARTESIAN_POINT('',(-653.3812140229,-8.566110418817,
    70.784637528413));
#4467 = CARTESIAN_POINT('',(-648.9513854559,-9.219077232071,
    70.911967459033));
#4468 = CARTESIAN_POINT('',(-644.9070855266,-9.158981995307,
    70.993275257901));
#4469 = CARTESIAN_POINT('',(-640.582063889,-10.63799721822,
    71.348301838888));
#4470 = CARTESIAN_POINT('',(-636.2554682792,-10.46305363764,
    71.444358594738));
#4471 = CARTESIAN_POINT('',(-631.9824711096,-10.79948800546,
    71.647778271593));
#4472 = CARTESIAN_POINT('',(-627.7019615338,-10.74282497926,
    71.773121383218));
#4473 = CARTESIAN_POINT('',(-623.4245711463,-10.85763774095,
    71.966319696477));
#4474 = CARTESIAN_POINT('',(-619.1463832312,-10.92372425254,
    72.181383544849));
#4475 = CARTESIAN_POINT('',(-614.8669156658,-10.77972923672,
    72.386894995269));
#4476 = CARTESIAN_POINT('',(-610.5898165078,-10.4377038254,
    72.573616480628));
#4477 = CARTESIAN_POINT('',(-606.3045105877,-10.1420458847,
    72.851579599526));
#4478 = CARTESIAN_POINT('',(-602.0277566031,-9.329640764694,
    72.98450834359));
#4479 = CARTESIAN_POINT('',(-597.7466019923,-8.453959871794,
    73.425947564407));
#4480 = CARTESIAN_POINT('',(-593.4714143357,-7.216136104506,
    73.77370210006));
#4481 = CARTESIAN_POINT('',(-589.1936176105,-5.890575300727,
    74.185058283846));
#4482 = CARTESIAN_POINT('',(-584.9304153006,-4.394476881302,
    74.519855489034));
#4483 = CARTESIAN_POINT('',(-580.6563793824,-3.077443389727,
    74.69450081706));
#4484 = CARTESIAN_POINT('',(-576.3740763318,-1.912540500468,
    74.569331625786));
#4485 = CARTESIAN_POINT('',(-572.0987272234,-1.235602217775,
    74.241397383841));
#4486 = CARTESIAN_POINT('',(-567.7524952784,-0.592161955593,
    73.44396046015));
#4487 = CARTESIAN_POINT('',(-563.5775738445,-1.479370297279,
    73.817928143678));
#4488 = CARTESIAN_POINT('',(-559.225311783,0.250884992381,72.92254051671
    ));
#4489 = CARTESIAN_POINT('',(-554.9153030247,-0.740329251993,
    73.631415831074));
#4490 = CARTESIAN_POINT('',(-550.6950514656,-0.961374883135,
    72.997356482963));
#4491 = CARTESIAN_POINT('',(-546.5054520859,-1.854846683223,
    73.161065122922));
#4492 = CARTESIAN_POINT('',(-542.014622175,-1.52612852618,
    72.112121896647));
#4493 = CARTESIAN_POINT('',(-537.9789076762,-3.817177790538,
    72.591973764781));
#4494 = CARTESIAN_POINT('',(-533.6216797195,-3.551723056118,
    71.58019512746));
#4495 = CARTESIAN_POINT('',(-529.3043766466,-3.676833904202,
    71.994566684172));
#4496 = CARTESIAN_POINT('',(-525.0222934397,-3.237325835701,
    71.938570532234));
#4497 = CARTESIAN_POINT('',(-520.7416746921,-2.664485722355,
    71.793900418275));
#4498 = CARTESIAN_POINT('',(-516.4671704399,-1.960311213094,
    71.477263384596));
#4499 = CARTESIAN_POINT('',(-512.204407681,-1.11960507595,
    71.122247700512));
#4500 = CARTESIAN_POINT('',(-507.9265429784,-0.378853672139,
    70.807599660449));
#4501 = CARTESIAN_POINT('',(-503.6502824349,0.279334658069,
    70.417221154388));
#4502 = CARTESIAN_POINT('',(-499.3719688989,0.763193907488,
    70.48011346713));
#4503 = CARTESIAN_POINT('',(-495.0930022696,1.148723898223,
    70.324980309275));
#4504 = CARTESIAN_POINT('',(-490.8081538754,1.236309819104,
    70.193844938597));
#4505 = CARTESIAN_POINT('',(-486.5308534552,1.411846122603,
    70.111132068523));
#4506 = CARTESIAN_POINT('',(-482.2516859036,1.46674184231,
    70.029861457009));
#4507 = CARTESIAN_POINT('',(-477.9730655022,1.477176003741,69.9552858211
    ));
#4508 = CARTESIAN_POINT('',(-473.6960456193,1.495191609487,
    69.892686976739));
#4509 = CARTESIAN_POINT('',(-469.4152062773,1.531275175593,
    69.850620468398));
#4510 = CARTESIAN_POINT('',(-465.1421872703,1.630042042791,
    69.816281587109));
#4511 = CARTESIAN_POINT('',(-460.8166932288,1.387235728897,
    69.736455315531));
#4512 = CARTESIAN_POINT('',(-456.4952571487,2.02870141338,
    69.849427029835));
#4513 = CARTESIAN_POINT('',(-452.4504000069,3.428111828365,
    70.070312645511));
#4514 = CARTESIAN_POINT('',(-447.9424683801,2.807064640445,
    70.043365836832));
#4515 = CARTESIAN_POINT('',(-443.7524033406,4.150466854134,70.2681554978
    ));
#4516 = CARTESIAN_POINT('',(-439.4974420849,2.828174589239,
    70.192873311734));
#4517 = CARTESIAN_POINT('',(-435.1419433011,2.139654770927,
    70.179770069353));
#4518 = CARTESIAN_POINT('',(-430.9728274171,0.634967163768,
    70.093099508273));
#4519 = CARTESIAN_POINT('',(-426.6766705817,-8.217394198673E-02,
    70.072664139704));
#4520 = CARTESIAN_POINT('',(-423.4568555526,2.043713232173,
    70.29207409677));
#4521 = CARTESIAN_POINT('',(-422.3597,-0.792774031434,70.032044131386));
#4522 = PCURVE('',#4276,#4523);
#4523 = DEFINITIONAL_REPRESENTATION('',(#4524),#4528);
#4524 = LINE('',#4525,#4526);
#4525 = CARTESIAN_POINT('',(17.,0.));
#4526 = VECTOR('',#4527,1.);
#4527 = DIRECTION('',(0.,1.));
#4528 = ( GEOMETRIC_REPRESENTATION_CONTEXT(2) 
PARAMETRIC_REPRESENTATION_CONTEXT() REPRESENTATION_CONTEXT('2D SPACE',''
  ) );
#4529 = PCURVE('',#4530,#4657);
#4530 = ( BOUNDED_SURFACE() B_SPLINE_SURFACE(1,3,(
    (#4531,#4532,#4533,#4534,#4535,#4536,#4537,#4538,#4539,#4540,#4541
      ,#4542,#4543,#4544,#4545,#4546,#4547,#4548,#4549,#4550,#4551,#4552
      ,#4553,#4554,#4555,#4556,#4557,#4558,#4559,#4560,#4561,#4562,#4563
      ,#4564,#4565,#4566,#4567,#4568,#4569,#4570,#4571,#4572,#4573,#4574
      ,#4575,#4576,#4577,#4578,#4579,#4580,#4581,#4582,#4583,#4584,#4585
      ,#4586,#4587,#4588,#4589,#4590,#4591,#4592,#4593)
    ,(#4594,#4595,#4596,#4597,#4598,#4599,#4600,#4601,#4602,#4603,#4604
      ,#4605,#4606,#4607,#4608,#4609,#4610,#4611,#4612,#4613,#4614,#4615
      ,#4616,#4617,#4618,#4619,#4620,#4621,#4622,#4623,#4624,#4625,#4626
      ,#4627,#4628,#4629,#4630,#4631,#4632,#4633,#4634,#4635,#4636,#4637
      ,#4638,#4639,#4640,#4641,#4642,#4643,#4644,#4645,#4646,#4647,#4648
      ,#4649,#4650,#4651,#4652,#4653,#4654,#4655,#4656
)),.UNSPECIFIED.,.F.,.F.,.F.) B_SPLINE_SURFACE_WITH_KNOTS((2,2),(4,1,1,1
    ,1,1,1,1,1,1,1,1,1,1,1,1,1,1,1,1,1,1,1,1,1,1,1,1,1,1,1,1,1,1,1,1,1,1
    ,1,1,1,1,1,1,1,1,1,1,1,1,1,1,1,1,1,1,1,1,1,1,4),(17.,18.),(0.,
    1.671164831231E-02,3.327803306227E-02,5.000925566809E-02,
    6.648034363626E-02,8.347574416348E-02,9.998031801332E-02,
    0.116453562429,0.133787455732,0.150582398826,0.167003889564,
    0.183421183117,0.199831572897,0.216243077967,0.232654966281,
    0.249069049,0.265493630469,0.281929899437,0.298422530809,
    0.314972313288,0.331595845732,0.348279560524,0.365009232075,
    0.38168560036,0.398277240471,0.414799735375,0.431302994143,
    0.448140075223,0.464749604184,0.481553115126,0.498808354232,
    0.516050152658,0.532842545742,0.550335828942,0.567153130692,
    0.583652514422,0.600175882991,0.616768685323,0.633448038712,
    0.650182180915,0.666869665762,0.683497438564,0.700056495454,
    0.716547762365,0.732983596882,0.749407921308,0.765822295641,
    0.782233728406,0.798646209918,0.81505724388,0.831476734885,
    0.847901722287,0.864693603231,0.881980563987,0.898448960139,
    0.915352013848,0.932295303855,0.949097785181,0.966200565614,
0.982806308198,1.),.UNSPECIFIED.) GEOMETRIC_REPRESENTATION_ITEM() 
RATIONAL_B_SPLINE_SURFACE((
    (1.,0.999999999979,1.00000000001,0.999999999997,1.000000000001,1.,1.
      ,1.,1.,1.,1.,1.,1.,1.,1.,1.,1.,1.,1.,1.,1.,1.,1.,1.,1.,1.,1.,1.,1.
      ,1.,1.,1.,1.,1.,1.,1.,1.,1.,1.,1.,1.,1.,1.,1.,1.,1.,1.,1.,1.,1.,1.
      ,1.,1.,1.,1.,1.,1.,1.,0.999999999998,1.000000000007,0.999999999976
      ,1.000000000054,1.)
    ,(1.,0.999999999979,1.00000000001,0.999999999997,1.000000000001,1.
      ,1.,1.,1.,1.,1.,1.,1.,1.,1.,1.,1.,1.,1.,1.,1.,1.,1.,1.,1.,1.,1.,1.
      ,1.,1.,1.,1.,1.,1.,1.,1.,1.,1.,1.,1.,1.,1.,1.,1.,1.,1.,1.,1.,1.,1.
      ,1.,1.,1.,1.,1.,1.,1.,1.,0.999999999998,1.000000000007
,0.999999999976,1.000000000054,1.
  ))) REPRESENTATION_ITEM('') SURFACE() );
#4531 = CARTESIAN_POINT('',(-679.0382,-2.232740326501,70.13254621545));
#4532 = CARTESIAN_POINT('',(-677.9018430398,-5.615099552983,
    70.55236202312));
#4533 = CARTESIAN_POINT('',(-674.6570379481,-2.428414680462,
    70.122155043334));
#4534 = CARTESIAN_POINT('',(-670.4801286148,-4.74621245747,
    70.433893954559));
#4535 = CARTESIAN_POINT('',(-666.2529876958,-6.06914309917,
    70.511644121819));
#4536 = CARTESIAN_POINT('',(-661.8309289879,-5.733366838542,
    70.366427192893));
#4537 = CARTESIAN_POINT('',(-657.7320144142,-8.767921709711,
    70.786597340147));
#4538 = CARTESIAN_POINT('',(-653.3812140229,-8.566110418817,
    70.784637528413));
#4539 = CARTESIAN_POINT('',(-648.9513854559,-9.219077232071,
    70.911967459033));
#4540 = CARTESIAN_POINT('',(-644.9070855266,-9.158981995307,
    70.993275257901));
#4541 = CARTESIAN_POINT('',(-640.582063889,-10.63799721822,
    71.348301838888));
#4542 = CARTESIAN_POINT('',(-636.2554682792,-10.46305363764,
    71.444358594738));
#4543 = CARTESIAN_POINT('',(-631.9824711096,-10.79948800546,
    71.647778271593));
#4544 = CARTESIAN_POINT('',(-627.7019615338,-10.74282497926,
    71.773121383218));
#4545 = CARTESIAN_POINT('',(-623.4245711463,-10.85763774095,
    71.966319696477));
#4546 = CARTESIAN_POINT('',(-619.1463832312,-10.92372425254,
    72.181383544849));
#4547 = CARTESIAN_POINT('',(-614.8669156658,-10.77972923672,
    72.386894995269));
#4548 = CARTESIAN_POINT('',(-610.5898165078,-10.4377038254,
    72.573616480628));
#4549 = CARTESIAN_POINT('',(-606.3045105877,-10.1420458847,
    72.851579599526));
#4550 = CARTESIAN_POINT('',(-602.0277566031,-9.329640764694,
    72.98450834359));
#4551 = CARTESIAN_POINT('',(-597.7466019923,-8.453959871794,
    73.425947564407));
#4552 = CARTESIAN_POINT('',(-593.4714143357,-7.216136104506,
    73.77370210006));
#4553 = CARTESIAN_POINT('',(-589.1936176105,-5.890575300727,
    74.185058283846));
#4554 = CARTESIAN_POINT('',(-584.9304153006,-4.394476881302,
    74.519855489034));
#4555 = CARTESIAN_POINT('',(-580.6563793824,-3.077443389727,
    74.69450081706));
#4556 = CARTESIAN_POINT('',(-576.3740763318,-1.912540500468,
    74.569331625786));
#4557 = CARTESIAN_POINT('',(-572.0987272234,-1.235602217775,
    74.241397383841));
#4558 = CARTESIAN_POINT('',(-567.7524952784,-0.592161955593,
    73.44396046015));
#4559 = CARTESIAN_POINT('',(-563.5775738445,-1.479370297279,
    73.817928143678));
#4560 = CARTESIAN_POINT('',(-559.225311783,0.250884992381,72.92254051671
    ));
#4561 = CARTESIAN_POINT('',(-554.9153030247,-0.740329251993,
    73.631415831074));
#4562 = CARTESIAN_POINT('',(-550.6950514656,-0.961374883135,
    72.997356482963));
#4563 = CARTESIAN_POINT('',(-546.5054520859,-1.854846683223,
    73.161065122922));
#4564 = CARTESIAN_POINT('',(-542.014622175,-1.52612852618,
    72.112121896647));
#4565 = CARTESIAN_POINT('',(-537.9789076762,-3.817177790538,
    72.591973764781));
#4566 = CARTESIAN_POINT('',(-533.6216797195,-3.551723056118,
    71.58019512746));
#4567 = CARTESIAN_POINT('',(-529.3043766466,-3.676833904202,
    71.994566684172));
#4568 = CARTESIAN_POINT('',(-525.0222934397,-3.237325835701,
    71.938570532234));
#4569 = CARTESIAN_POINT('',(-520.7416746921,-2.664485722355,
    71.793900418275));
#4570 = CARTESIAN_POINT('',(-516.4671704399,-1.960311213094,
    71.477263384596));
#4571 = CARTESIAN_POINT('',(-512.204407681,-1.11960507595,
    71.122247700512));
#4572 = CARTESIAN_POINT('',(-507.9265429784,-0.378853672139,
    70.807599660449));
#4573 = CARTESIAN_POINT('',(-503.6502824349,0.279334658069,
    70.417221154388));
#4574 = CARTESIAN_POINT('',(-499.3719688989,0.763193907488,
    70.48011346713));
#4575 = CARTESIAN_POINT('',(-495.0930022696,1.148723898223,
    70.324980309275));
#4576 = CARTESIAN_POINT('',(-490.8081538754,1.236309819104,
    70.193844938597));
#4577 = CARTESIAN_POINT('',(-486.5308534552,1.411846122603,
    70.111132068523));
#4578 = CARTESIAN_POINT('',(-482.2516859036,1.46674184231,
    70.029861457009));
#4579 = CARTESIAN_POINT('',(-477.9730655022,1.477176003741,69.9552858211
    ));
#4580 = CARTESIAN_POINT('',(-473.6960456193,1.495191609487,
    69.892686976739));
#4581 = CARTESIAN_POINT('',(-469.4152062773,1.531275175593,
    69.850620468398));
#4582 = CARTESIAN_POINT('',(-465.1421872703,1.630042042791,
    69.816281587109));
#4583 = CARTESIAN_POINT('',(-460.8166932288,1.387235728897,
    69.736455315531));
#4584 = CARTESIAN_POINT('',(-456.4952571487,2.02870141338,
    69.849427029835));
#4585 = CARTESIAN_POINT('',(-452.4504000069,3.428111828365,
    70.070312645511));
#4586 = CARTESIAN_POINT('',(-447.9424683801,2.807064640445,
    70.043365836832));
#4587 = CARTESIAN_POINT('',(-443.7524033406,4.150466854134,70.2681554978
    ));
#4588 = CARTESIAN_POINT('',(-439.4974420849,2.828174589239,
    70.192873311734));
#4589 = CARTESIAN_POINT('',(-435.1419433011,2.139654770927,
    70.179770069353));
#4590 = CARTESIAN_POINT('',(-430.9728274171,0.634967163768,
    70.093099508273));
#4591 = CARTESIAN_POINT('',(-426.6766705817,-8.217394198673E-02,
    70.072664139704));
#4592 = CARTESIAN_POINT('',(-423.4568555526,2.043713232173,
    70.29207409677));
#4593 = CARTESIAN_POINT('',(-422.3597,-0.792774031434,70.032044131386));
#4594 = CARTESIAN_POINT('',(-679.0382,-2.626056246767,70.046299292327));
#4595 = CARTESIAN_POINT('',(-677.9018430398,-6.21057495942,
    70.501331283999));
#4596 = CARTESIAN_POINT('',(-674.6570379481,-2.889026445971,
    70.054637636983));
#4597 = CARTESIAN_POINT('',(-670.4801286148,-5.394679503783,
    70.401147938974));
#4598 = CARTESIAN_POINT('',(-666.2529876958,-6.760267310416,
    70.487692478142));
#4599 = CARTESIAN_POINT('',(-661.8309289879,-6.379520886707,
    70.339390144319));
#4600 = CARTESIAN_POINT('',(-657.7320144142,-9.65458742261,
    70.807873660631));
#4601 = CARTESIAN_POINT('',(-653.3812140229,-9.497127820227,
    70.824858356798));
#4602 = CARTESIAN_POINT('',(-648.9513854559,-10.18516621986,
    70.969593281016));
#4603 = CARTESIAN_POINT('',(-644.9070855266,-10.31862619992,
    71.095605708522));
#4604 = CARTESIAN_POINT('',(-640.582063889,-11.97708640927,
    71.494847289473));
#4605 = CARTESIAN_POINT('',(-636.2554682792,-11.79177058507,
    71.601702068448));
#4606 = CARTESIAN_POINT('',(-631.9824711096,-12.16492324709,
    71.823700604825));
#4607 = CARTESIAN_POINT('',(-627.7019615338,-12.11146544312,
    71.961111085789));
#4608 = CARTESIAN_POINT('',(-623.4245711463,-12.23955848554,
    72.17072229032));
#4609 = CARTESIAN_POINT('',(-619.1463832312,-12.3122913781,
    72.403479905812));
#4610 = CARTESIAN_POINT('',(-614.8669156658,-12.15857733686,
    72.625774378347));
#4611 = CARTESIAN_POINT('',(-610.5898165078,-11.79365853073,
    72.825785115111));
#4612 = CARTESIAN_POINT('',(-606.3045105877,-11.47037219998,
    73.129854296218));
#4613 = CARTESIAN_POINT('',(-602.0277566031,-10.60844185114,
    73.245105391967));
#4614 = CARTESIAN_POINT('',(-597.7466019923,-9.64361458699,
    73.819792352246));
#4615 = CARTESIAN_POINT('',(-593.4714143357,-8.348425376852,
    74.11132703473));
#4616 = CARTESIAN_POINT('',(-589.1936176105,-6.952821563827,
    74.508366950225));
#4617 = CARTESIAN_POINT('',(-584.9304153006,-5.387358685643,
    74.794635213402));
#4618 = CARTESIAN_POINT('',(-580.6563793824,-4.001874164369,
    74.918037522354));
#4619 = CARTESIAN_POINT('',(-576.3740763318,-2.7708172781,
    74.733214356544));
#4620 = CARTESIAN_POINT('',(-572.0987272234,-2.008376375603,
    74.332446606204));
#4621 = CARTESIAN_POINT('',(-567.7524952784,-1.349004539007,
    73.537792961614));
#4622 = CARTESIAN_POINT('',(-563.5775738445,-1.973910078088,
    73.619709997073));
#4623 = CARTESIAN_POINT('',(-559.225311783,-0.293738202114,
    72.794206489327));
#4624 = CARTESIAN_POINT('',(-554.9153030247,-1.045632460531,
    73.25311025305));
#4625 = CARTESIAN_POINT('',(-550.6950514656,-1.311328792063,
    72.632629563216));
#4626 = CARTESIAN_POINT('',(-546.5054520859,-2.132510945171,
    72.668888823929));
#4627 = CARTESIAN_POINT('',(-542.014622175,-2.035480923805,
    71.825280894963));
#4628 = CARTESIAN_POINT('',(-537.9789076762,-4.244592777022,
    72.127543030048));
#4629 = CARTESIAN_POINT('',(-533.6216797195,-4.221152180237,
    71.273837309843));
#4630 = CARTESIAN_POINT('',(-529.3043766466,-4.356099028831,
    71.585881515334));
#4631 = CARTESIAN_POINT('',(-525.0222934397,-3.999266021113,
    71.502299047709));
#4632 = CARTESIAN_POINT('',(-520.7416746921,-3.498124500742,
    71.329046294433));
#4633 = CARTESIAN_POINT('',(-516.4671704399,-2.880157162034,
    71.010934082604));
#4634 = CARTESIAN_POINT('',(-512.204407681,-2.125720849591,
    70.658286712924));
#4635 = CARTESIAN_POINT('',(-507.9265429784,-1.476248400434,
    70.369932484328));
#4636 = CARTESIAN_POINT('',(-503.6502824349,-0.898527624843,
    69.992032305304));
#4637 = CARTESIAN_POINT('',(-499.3719688989,-0.475886276884,
    70.06992292245));
#4638 = CARTESIAN_POINT('',(-495.0930022696,-0.148426924389,
    69.925927899877));
#4639 = CARTESIAN_POINT('',(-490.8081538754,-8.976605278639E-02,
    69.812702150142));
#4640 = CARTESIAN_POINT('',(-486.5308534552,6.194050917164E-02,
    69.746277277095));
#4641 = CARTESIAN_POINT('',(-482.2516859036,0.107475523085,
    69.684093235496));
#4642 = CARTESIAN_POINT('',(-477.9730655022,0.116932531897,
    69.627850322243));
#4643 = CARTESIAN_POINT('',(-473.6960456193,0.1515920523,69.58371929551)
  );
#4644 = CARTESIAN_POINT('',(-469.4152062773,0.190273387251,
    69.555126402646));
#4645 = CARTESIAN_POINT('',(-465.1421872703,0.321467830012,
    69.539151275828));
#4646 = CARTESIAN_POINT('',(-460.8166932288,9.375597211669E-02,
    69.47610264933));
#4647 = CARTESIAN_POINT('',(-456.4952571487,0.834147846915,
    69.619120701289));
#4648 = CARTESIAN_POINT('',(-452.4504000069,2.429709757722,
    69.884395636746));
#4649 = CARTESIAN_POINT('',(-447.9424683801,1.813828520336,
    69.871329782144));
#4650 = CARTESIAN_POINT('',(-443.7524033406,3.309572756474,
    70.129019687208));
#4651 = CARTESIAN_POINT('',(-439.4974420849,2.171143709595,
    70.090817116679));
#4652 = CARTESIAN_POINT('',(-435.1419433011,1.518759701642,
    70.089717899458));
#4653 = CARTESIAN_POINT('',(-430.9728274171,7.176148430295E-02,
    70.014080121232));
#4654 = CARTESIAN_POINT('',(-426.6766705817,-0.486929523965,
    70.019834291904));
#4655 = CARTESIAN_POINT('',(-423.4568555526,1.635359216417,
    70.243905235801));
#4656 = CARTESIAN_POINT('',(-422.3597,-1.177611831485,69.986813731563));
#4657 = DEFINITIONAL_REPRESENTATION('',(#4658),#4662);
#4658 = LINE('',#4659,#4660);
#4659 = CARTESIAN_POINT('',(17.,0.));
#4660 = VECTOR('',#4661,1.);
#4661 = DIRECTION('',(0.,1.));
#4662 = ( GEOMETRIC_REPRESENTATION_CONTEXT(2) 
PARAMETRIC_REPRESENTATION_CONTEXT() REPRESENTATION_CONTEXT('2D SPACE',''
  ) );
#4663 = ORIENTED_EDGE('',*,*,#4664,.F.);
#4664 = EDGE_CURVE('',#4201,#4455,#4665,.T.);
#4665 = SURFACE_CURVE('',#4666,(#4669,#4676),.PCURVE_S1.);
#4666 = B_SPLINE_CURVE_WITH_KNOTS('',1,(#4667,#4668),.UNSPECIFIED.,.F.,
  .F.,(2,2),(16.,17.),.PIECEWISE_BEZIER_KNOTS.);
#4667 = CARTESIAN_POINT('',(-422.3597,-0.407076498145,70.069233446692));
#4668 = CARTESIAN_POINT('',(-422.3597,-0.792774031434,70.032044131386));
#4669 = PCURVE('',#4276,#4670);
#4670 = DEFINITIONAL_REPRESENTATION('',(#4671),#4675);
#4671 = LINE('',#4672,#4673);
#4672 = CARTESIAN_POINT('',(0.,1.));
#4673 = VECTOR('',#4674,1.);
#4674 = DIRECTION('',(1.,0.));
#4675 = ( GEOMETRIC_REPRESENTATION_CONTEXT(2) 
PARAMETRIC_REPRESENTATION_CONTEXT() REPRESENTATION_CONTEXT('2D SPACE',''
  ) );
#4676 = PCURVE('',#401,#4677);
#4677 = DEFINITIONAL_REPRESENTATION('',(#4678),#4681);
#4678 = B_SPLINE_CURVE_WITH_KNOTS('',1,(#4679,#4680),.UNSPECIFIED.,.F.,
  .F.,(2,2),(16.,17.),.PIECEWISE_BEZIER_KNOTS.);
#4679 = CARTESIAN_POINT('',(0.182030224393,1.395038220888));
#4680 = CARTESIAN_POINT('',(0.566261339995,1.344917544902));
#4681 = ( GEOMETRIC_REPRESENTATION_CONTEXT(2) 
PARAMETRIC_REPRESENTATION_CONTEXT() REPRESENTATION_CONTEXT('2D SPACE',''
  ) );
#4682 = ORIENTED_EDGE('',*,*,#4200,.F.);
#4683 = ADVANCED_FACE('',(#4684),#4530,.T.);
#4684 = FACE_BOUND('',#4685,.T.);
#4685 = EDGE_LOOP('',(#4686,#4707,#4917,#4936));
#4686 = ORIENTED_EDGE('',*,*,#4687,.T.);
#4687 = EDGE_CURVE('',#4434,#4688,#4690,.T.);
#4688 = VERTEX_POINT('',#4689);
#4689 = CARTESIAN_POINT('',(-679.0382,-2.626056246767,70.046299292327));
#4690 = SURFACE_CURVE('',#4691,(#4694,#4701),.PCURVE_S1.);
#4691 = B_SPLINE_CURVE_WITH_KNOTS('',1,(#4692,#4693),.UNSPECIFIED.,.F.,
  .F.,(2,2),(17.,18.),.PIECEWISE_BEZIER_KNOTS.);
#4692 = CARTESIAN_POINT('',(-679.0382,-2.232740326501,70.13254621545));
#4693 = CARTESIAN_POINT('',(-679.0382,-2.626056246767,70.046299292327));
#4694 = PCURVE('',#4530,#4695);
#4695 = DEFINITIONAL_REPRESENTATION('',(#4696),#4700);
#4696 = LINE('',#4697,#4698);
#4697 = CARTESIAN_POINT('',(0.,0.));
#4698 = VECTOR('',#4699,1.);
#4699 = DIRECTION('',(1.,0.));
#4700 = ( GEOMETRIC_REPRESENTATION_CONTEXT(2) 
PARAMETRIC_REPRESENTATION_CONTEXT() REPRESENTATION_CONTEXT('2D SPACE',''
  ) );
#4701 = PCURVE('',#165,#4702);
#4702 = DEFINITIONAL_REPRESENTATION('',(#4703),#4706);
#4703 = B_SPLINE_CURVE_WITH_KNOTS('',1,(#4704,#4705),.UNSPECIFIED.,.F.,
  .F.,(2,2),(17.,18.),.PIECEWISE_BEZIER_KNOTS.);
#4704 = CARTESIAN_POINT('',(6.774361937395,-0.390519920728));
#4705 = CARTESIAN_POINT('',(7.1582299186,-0.268941477376));
#4706 = ( GEOMETRIC_REPRESENTATION_CONTEXT(2) 
PARAMETRIC_REPRESENTATION_CONTEXT() REPRESENTATION_CONTEXT('2D SPACE',''
  ) );
#4707 = ORIENTED_EDGE('',*,*,#4708,.T.);
#4708 = EDGE_CURVE('',#4688,#4709,#4711,.T.);
#4709 = VERTEX_POINT('',#4710);
#4710 = CARTESIAN_POINT('',(-422.3597,-1.177611831485,69.986813731563));
#4711 = SURFACE_CURVE('',#4712,(#4776,#4783),.PCURVE_S1.);
#4712 = ( BOUNDED_CURVE() B_SPLINE_CURVE(3,(#4713,#4714,#4715,#4716,
    #4717,#4718,#4719,#4720,#4721,#4722,#4723,#4724,#4725,#4726,#4727,
    #4728,#4729,#4730,#4731,#4732,#4733,#4734,#4735,#4736,#4737,#4738,
    #4739,#4740,#4741,#4742,#4743,#4744,#4745,#4746,#4747,#4748,#4749,
    #4750,#4751,#4752,#4753,#4754,#4755,#4756,#4757,#4758,#4759,#4760,
    #4761,#4762,#4763,#4764,#4765,#4766,#4767,#4768,#4769,#4770,#4771,
    #4772,#4773,#4774,#4775),.UNSPECIFIED.,.F.,.F.) 
B_SPLINE_CURVE_WITH_KNOTS((4,1,1,1,1,1,1,1,1,1,1,1,1,1,1,1,1,1,1,1,1,1,1
    ,1,1,1,1,1,1,1,1,1,1,1,1,1,1,1,1,1,1,1,1,1,1,1,1,1,1,1,1,1,1,1,1,1,1
    ,1,1,1,4),(0.,1.671164831231E-02,3.327803306227E-02,
    5.000925566809E-02,6.648034363626E-02,8.347574416348E-02,
    9.998031801332E-02,0.116453562429,0.133787455732,0.150582398826,
    0.167003889564,0.183421183117,0.199831572897,0.216243077967,
    0.232654966281,0.249069049,0.265493630469,0.281929899437,
    0.298422530809,0.314972313288,0.331595845732,0.348279560524,
    0.365009232075,0.38168560036,0.398277240471,0.414799735375,
    0.431302994143,0.448140075223,0.464749604184,0.481553115126,
    0.498808354232,0.516050152658,0.532842545742,0.550335828942,
    0.567153130692,0.583652514422,0.600175882991,0.616768685323,
    0.633448038712,0.650182180915,0.666869665762,0.683497438564,
    0.700056495454,0.716547762365,0.732983596882,0.749407921308,
    0.765822295641,0.782233728406,0.798646209918,0.81505724388,
    0.831476734885,0.847901722287,0.864693603231,0.881980563987,
    0.898448960139,0.915352013848,0.932295303855,0.949097785181,
0.966200565614,0.982806308198,1.),.UNSPECIFIED.) CURVE() 
GEOMETRIC_REPRESENTATION_ITEM() RATIONAL_B_SPLINE_CURVE((1.,
    0.999999999979,1.00000000001,0.999999999997,1.000000000001,1.,1.,1.,
    1.,1.,1.,1.,1.,1.,1.,1.,1.,1.,1.,1.,1.,1.,1.,1.,1.,1.,1.,1.,1.,1.,1.
    ,1.,1.,1.,1.,1.,1.,1.,1.,1.,1.,1.,1.,1.,1.,1.,1.,1.,1.,1.,1.,1.,1.,
    1.,1.,1.,1.,1.,0.999999999998,1.000000000007,0.999999999976,
1.000000000054,1.)) REPRESENTATION_ITEM('') );
#4713 = CARTESIAN_POINT('',(-679.0382,-2.626056246767,70.046299292327));
#4714 = CARTESIAN_POINT('',(-677.9018430398,-6.21057495942,
    70.501331283999));
#4715 = CARTESIAN_POINT('',(-674.6570379481,-2.889026445971,
    70.054637636983));
#4716 = CARTESIAN_POINT('',(-670.4801286148,-5.394679503783,
    70.401147938974));
#4717 = CARTESIAN_POINT('',(-666.2529876958,-6.760267310416,
    70.487692478142));
#4718 = CARTESIAN_POINT('',(-661.8309289879,-6.379520886707,
    70.339390144319));
#4719 = CARTESIAN_POINT('',(-657.7320144142,-9.65458742261,
    70.807873660631));
#4720 = CARTESIAN_POINT('',(-653.3812140229,-9.497127820227,
    70.824858356798));
#4721 = CARTESIAN_POINT('',(-648.9513854559,-10.18516621986,
    70.969593281016));
#4722 = CARTESIAN_POINT('',(-644.9070855266,-10.31862619992,
    71.095605708522));
#4723 = CARTESIAN_POINT('',(-640.582063889,-11.97708640927,
    71.494847289473));
#4724 = CARTESIAN_POINT('',(-636.2554682792,-11.79177058507,
    71.601702068448));
#4725 = CARTESIAN_POINT('',(-631.9824711096,-12.16492324709,
    71.823700604825));
#4726 = CARTESIAN_POINT('',(-627.7019615338,-12.11146544312,
    71.961111085789));
#4727 = CARTESIAN_POINT('',(-623.4245711463,-12.23955848554,
    72.17072229032));
#4728 = CARTESIAN_POINT('',(-619.1463832312,-12.3122913781,
    72.403479905812));
#4729 = CARTESIAN_POINT('',(-614.8669156658,-12.15857733686,
    72.625774378347));
#4730 = CARTESIAN_POINT('',(-610.5898165078,-11.79365853073,
    72.825785115111));
#4731 = CARTESIAN_POINT('',(-606.3045105877,-11.47037219998,
    73.129854296218));
#4732 = CARTESIAN_POINT('',(-602.0277566031,-10.60844185114,
    73.245105391967));
#4733 = CARTESIAN_POINT('',(-597.7466019923,-9.64361458699,
    73.819792352246));
#4734 = CARTESIAN_POINT('',(-593.4714143357,-8.348425376852,
    74.11132703473));
#4735 = CARTESIAN_POINT('',(-589.1936176105,-6.952821563827,
    74.508366950225));
#4736 = CARTESIAN_POINT('',(-584.9304153006,-5.387358685643,
    74.794635213402));
#4737 = CARTESIAN_POINT('',(-580.6563793824,-4.001874164369,
    74.918037522354));
#4738 = CARTESIAN_POINT('',(-576.3740763318,-2.7708172781,
    74.733214356544));
#4739 = CARTESIAN_POINT('',(-572.0987272234,-2.008376375603,
    74.332446606204));
#4740 = CARTESIAN_POINT('',(-567.7524952784,-1.349004539007,
    73.537792961614));
#4741 = CARTESIAN_POINT('',(-563.5775738445,-1.973910078088,
    73.619709997073));
#4742 = CARTESIAN_POINT('',(-559.225311783,-0.293738202114,
    72.794206489327));
#4743 = CARTESIAN_POINT('',(-554.9153030247,-1.045632460531,
    73.25311025305));
#4744 = CARTESIAN_POINT('',(-550.6950514656,-1.311328792063,
    72.632629563216));
#4745 = CARTESIAN_POINT('',(-546.5054520859,-2.132510945171,
    72.668888823929));
#4746 = CARTESIAN_POINT('',(-542.014622175,-2.035480923805,
    71.825280894963));
#4747 = CARTESIAN_POINT('',(-537.9789076762,-4.244592777022,
    72.127543030048));
#4748 = CARTESIAN_POINT('',(-533.6216797195,-4.221152180237,
    71.273837309843));
#4749 = CARTESIAN_POINT('',(-529.3043766466,-4.356099028831,
    71.585881515334));
#4750 = CARTESIAN_POINT('',(-525.0222934397,-3.999266021113,
    71.502299047709));
#4751 = CARTESIAN_POINT('',(-520.7416746921,-3.498124500742,
    71.329046294433));
#4752 = CARTESIAN_POINT('',(-516.4671704399,-2.880157162034,
    71.010934082604));
#4753 = CARTESIAN_POINT('',(-512.204407681,-2.125720849591,
    70.658286712924));
#4754 = CARTESIAN_POINT('',(-507.9265429784,-1.476248400434,
    70.369932484328));
#4755 = CARTESIAN_POINT('',(-503.6502824349,-0.898527624843,
    69.992032305304));
#4756 = CARTESIAN_POINT('',(-499.3719688989,-0.475886276884,
    70.06992292245));
#4757 = CARTESIAN_POINT('',(-495.0930022696,-0.148426924389,
    69.925927899877));
#4758 = CARTESIAN_POINT('',(-490.8081538754,-8.976605278639E-02,
    69.812702150142));
#4759 = CARTESIAN_POINT('',(-486.5308534552,6.194050917164E-02,
    69.746277277095));
#4760 = CARTESIAN_POINT('',(-482.2516859036,0.107475523085,
    69.684093235496));
#4761 = CARTESIAN_POINT('',(-477.9730655022,0.116932531897,
    69.627850322243));
#4762 = CARTESIAN_POINT('',(-473.6960456193,0.1515920523,69.58371929551)
  );
#4763 = CARTESIAN_POINT('',(-469.4152062773,0.190273387251,
    69.555126402646));
#4764 = CARTESIAN_POINT('',(-465.1421872703,0.321467830012,
    69.539151275828));
#4765 = CARTESIAN_POINT('',(-460.8166932288,9.375597211669E-02,
    69.47610264933));
#4766 = CARTESIAN_POINT('',(-456.4952571487,0.834147846915,
    69.619120701289));
#4767 = CARTESIAN_POINT('',(-452.4504000069,2.429709757722,
    69.884395636746));
#4768 = CARTESIAN_POINT('',(-447.9424683801,1.813828520336,
    69.871329782144));
#4769 = CARTESIAN_POINT('',(-443.7524033406,3.309572756474,
    70.129019687208));
#4770 = CARTESIAN_POINT('',(-439.4974420849,2.171143709595,
    70.090817116679));
#4771 = CARTESIAN_POINT('',(-435.1419433011,1.518759701642,
    70.089717899458));
#4772 = CARTESIAN_POINT('',(-430.9728274171,7.176148430295E-02,
    70.014080121232));
#4773 = CARTESIAN_POINT('',(-426.6766705817,-0.486929523965,
    70.019834291904));
#4774 = CARTESIAN_POINT('',(-423.4568555526,1.635359216417,
    70.243905235801));
#4775 = CARTESIAN_POINT('',(-422.3597,-1.177611831485,69.986813731563));
#4776 = PCURVE('',#4530,#4777);
#4777 = DEFINITIONAL_REPRESENTATION('',(#4778),#4782);
#4778 = LINE('',#4779,#4780);
#4779 = CARTESIAN_POINT('',(18.,0.));
#4780 = VECTOR('',#4781,1.);
#4781 = DIRECTION('',(0.,1.));
#4782 = ( GEOMETRIC_REPRESENTATION_CONTEXT(2) 
PARAMETRIC_REPRESENTATION_CONTEXT() REPRESENTATION_CONTEXT('2D SPACE',''
  ) );
#4783 = PCURVE('',#4784,#4911);
#4784 = ( BOUNDED_SURFACE() B_SPLINE_SURFACE(1,3,(
    (#4785,#4786,#4787,#4788,#4789,#4790,#4791,#4792,#4793,#4794,#4795
      ,#4796,#4797,#4798,#4799,#4800,#4801,#4802,#4803,#4804,#4805,#4806
      ,#4807,#4808,#4809,#4810,#4811,#4812,#4813,#4814,#4815,#4816,#4817
      ,#4818,#4819,#4820,#4821,#4822,#4823,#4824,#4825,#4826,#4827,#4828
      ,#4829,#4830,#4831,#4832,#4833,#4834,#4835,#4836,#4837,#4838,#4839
      ,#4840,#4841,#4842,#4843,#4844,#4845,#4846,#4847)
    ,(#4848,#4849,#4850,#4851,#4852,#4853,#4854,#4855,#4856,#4857,#4858
      ,#4859,#4860,#4861,#4862,#4863,#4864,#4865,#4866,#4867,#4868,#4869
      ,#4870,#4871,#4872,#4873,#4874,#4875,#4876,#4877,#4878,#4879,#4880
      ,#4881,#4882,#4883,#4884,#4885,#4886,#4887,#4888,#4889,#4890,#4891
      ,#4892,#4893,#4894,#4895,#4896,#4897,#4898,#4899,#4900,#4901,#4902
      ,#4903,#4904,#4905,#4906,#4907,#4908,#4909,#4910
)),.UNSPECIFIED.,.F.,.F.,.F.) B_SPLINE_SURFACE_WITH_KNOTS((2,2),(4,1,1,1
    ,1,1,1,1,1,1,1,1,1,1,1,1,1,1,1,1,1,1,1,1,1,1,1,1,1,1,1,1,1,1,1,1,1,1
    ,1,1,1,1,1,1,1,1,1,1,1,1,1,1,1,1,1,1,1,1,1,1,4),(18.,19.),(0.,
    1.671164831231E-02,3.327803306227E-02,5.000925566809E-02,
    6.648034363626E-02,8.347574416348E-02,9.998031801332E-02,
    0.116453562429,0.133787455732,0.150582398826,0.167003889564,
    0.183421183117,0.199831572897,0.216243077967,0.232654966281,
    0.249069049,0.265493630469,0.281929899437,0.298422530809,
    0.314972313288,0.331595845732,0.348279560524,0.365009232075,
    0.38168560036,0.398277240471,0.414799735375,0.431302994143,
    0.448140075223,0.464749604184,0.481553115126,0.498808354232,
    0.516050152658,0.532842545742,0.550335828942,0.567153130692,
    0.583652514422,0.600175882991,0.616768685323,0.633448038712,
    0.650182180915,0.666869665762,0.683497438564,0.700056495454,
    0.716547762365,0.732983596882,0.749407921308,0.765822295641,
    0.782233728406,0.798646209918,0.81505724388,0.831476734885,
    0.847901722287,0.864693603231,0.881980563987,0.898448960139,
    0.915352013848,0.932295303855,0.949097785181,0.966200565614,
0.982806308198,1.),.UNSPECIFIED.) GEOMETRIC_REPRESENTATION_ITEM() 
RATIONAL_B_SPLINE_SURFACE((
    (1.,0.999999999979,1.00000000001,0.999999999997,1.000000000001,1.,1.
      ,1.,1.,1.,1.,1.,1.,1.,1.,1.,1.,1.,1.,1.,1.,1.,1.,1.,1.,1.,1.,1.,1.
      ,1.,1.,1.,1.,1.,1.,1.,1.,1.,1.,1.,1.,1.,1.,1.,1.,1.,1.,1.,1.,1.,1.
      ,1.,1.,1.,1.,1.,1.,1.,0.999999999998,1.000000000007,0.999999999976
      ,1.000000000054,1.)
    ,(1.,0.999999999979,1.00000000001,0.999999999997,1.000000000001,1.
      ,1.,1.,1.,1.,1.,1.,1.,1.,1.,1.,1.,1.,1.,1.,1.,1.,1.,1.,1.,1.,1.,1.
      ,1.,1.,1.,1.,1.,1.,1.,1.,1.,1.,1.,1.,1.,1.,1.,1.,1.,1.,1.,1.,1.,1.
      ,1.,1.,1.,1.,1.,1.,1.,1.,0.999999999998,1.000000000007
,0.999999999976,1.000000000054,1.
  ))) REPRESENTATION_ITEM('') SURFACE() );
#4785 = CARTESIAN_POINT('',(-679.0382,-2.626056246767,70.046299292327));
#4786 = CARTESIAN_POINT('',(-677.9018430398,-6.21057495942,
    70.501331283999));
#4787 = CARTESIAN_POINT('',(-674.6570379481,-2.889026445971,
    70.054637636983));
#4788 = CARTESIAN_POINT('',(-670.4801286148,-5.394679503783,
    70.401147938974));
#4789 = CARTESIAN_POINT('',(-666.2529876958,-6.760267310416,
    70.487692478142));
#4790 = CARTESIAN_POINT('',(-661.8309289879,-6.379520886707,
    70.339390144319));
#4791 = CARTESIAN_POINT('',(-657.7320144142,-9.65458742261,
    70.807873660631));
#4792 = CARTESIAN_POINT('',(-653.3812140229,-9.497127820227,
    70.824858356798));
#4793 = CARTESIAN_POINT('',(-648.9513854559,-10.18516621986,
    70.969593281016));
#4794 = CARTESIAN_POINT('',(-644.9070855266,-10.31862619992,
    71.095605708522));
#4795 = CARTESIAN_POINT('',(-640.582063889,-11.97708640927,
    71.494847289473));
#4796 = CARTESIAN_POINT('',(-636.2554682792,-11.79177058507,
    71.601702068448));
#4797 = CARTESIAN_POINT('',(-631.9824711096,-12.16492324709,
    71.823700604825));
#4798 = CARTESIAN_POINT('',(-627.7019615338,-12.11146544312,
    71.961111085789));
#4799 = CARTESIAN_POINT('',(-623.4245711463,-12.23955848554,
    72.17072229032));
#4800 = CARTESIAN_POINT('',(-619.1463832312,-12.3122913781,
    72.403479905812));
#4801 = CARTESIAN_POINT('',(-614.8669156658,-12.15857733686,
    72.625774378347));
#4802 = CARTESIAN_POINT('',(-610.5898165078,-11.79365853073,
    72.825785115111));
#4803 = CARTESIAN_POINT('',(-606.3045105877,-11.47037219998,
    73.129854296218));
#4804 = CARTESIAN_POINT('',(-602.0277566031,-10.60844185114,
    73.245105391967));
#4805 = CARTESIAN_POINT('',(-597.7466019923,-9.64361458699,
    73.819792352246));
#4806 = CARTESIAN_POINT('',(-593.4714143357,-8.348425376852,
    74.11132703473));
#4807 = CARTESIAN_POINT('',(-589.1936176105,-6.952821563827,
    74.508366950225));
#4808 = CARTESIAN_POINT('',(-584.9304153006,-5.387358685643,
    74.794635213402));
#4809 = CARTESIAN_POINT('',(-580.6563793824,-4.001874164369,
    74.918037522354));
#4810 = CARTESIAN_POINT('',(-576.3740763318,-2.7708172781,
    74.733214356544));
#4811 = CARTESIAN_POINT('',(-572.0987272234,-2.008376375603,
    74.332446606204));
#4812 = CARTESIAN_POINT('',(-567.7524952784,-1.349004539007,
    73.537792961614));
#4813 = CARTESIAN_POINT('',(-563.5775738445,-1.973910078088,
    73.619709997073));
#4814 = CARTESIAN_POINT('',(-559.225311783,-0.293738202114,
    72.794206489327));
#4815 = CARTESIAN_POINT('',(-554.9153030247,-1.045632460531,
    73.25311025305));
#4816 = CARTESIAN_POINT('',(-550.6950514656,-1.311328792063,
    72.632629563216));
#4817 = CARTESIAN_POINT('',(-546.5054520859,-2.132510945171,
    72.668888823929));
#4818 = CARTESIAN_POINT('',(-542.014622175,-2.035480923805,
    71.825280894963));
#4819 = CARTESIAN_POINT('',(-537.9789076762,-4.244592777022,
    72.127543030048));
#4820 = CARTESIAN_POINT('',(-533.6216797195,-4.221152180237,
    71.273837309843));
#4821 = CARTESIAN_POINT('',(-529.3043766466,-4.356099028831,
    71.585881515334));
#4822 = CARTESIAN_POINT('',(-525.0222934397,-3.999266021113,
    71.502299047709));
#4823 = CARTESIAN_POINT('',(-520.7416746921,-3.498124500742,
    71.329046294433));
#4824 = CARTESIAN_POINT('',(-516.4671704399,-2.880157162034,
    71.010934082604));
#4825 = CARTESIAN_POINT('',(-512.204407681,-2.125720849591,
    70.658286712924));
#4826 = CARTESIAN_POINT('',(-507.9265429784,-1.476248400434,
    70.369932484328));
#4827 = CARTESIAN_POINT('',(-503.6502824349,-0.898527624843,
    69.992032305304));
#4828 = CARTESIAN_POINT('',(-499.3719688989,-0.475886276884,
    70.06992292245));
#4829 = CARTESIAN_POINT('',(-495.0930022696,-0.148426924389,
    69.925927899877));
#4830 = CARTESIAN_POINT('',(-490.8081538754,-8.976605278639E-02,
    69.812702150142));
#4831 = CARTESIAN_POINT('',(-486.5308534552,6.194050917164E-02,
    69.746277277095));
#4832 = CARTESIAN_POINT('',(-482.2516859036,0.107475523085,
    69.684093235496));
#4833 = CARTESIAN_POINT('',(-477.9730655022,0.116932531897,
    69.627850322243));
#4834 = CARTESIAN_POINT('',(-473.6960456193,0.1515920523,69.58371929551)
  );
#4835 = CARTESIAN_POINT('',(-469.4152062773,0.190273387251,
    69.555126402646));
#4836 = CARTESIAN_POINT('',(-465.1421872703,0.321467830012,
    69.539151275828));
#4837 = CARTESIAN_POINT('',(-460.8166932288,9.375597211669E-02,
    69.47610264933));
#4838 = CARTESIAN_POINT('',(-456.4952571487,0.834147846915,
    69.619120701289));
#4839 = CARTESIAN_POINT('',(-452.4504000069,2.429709757722,
    69.884395636746));
#4840 = CARTESIAN_POINT('',(-447.9424683801,1.813828520336,
    69.871329782144));
#4841 = CARTESIAN_POINT('',(-443.7524033406,3.309572756474,
    70.129019687208));
#4842 = CARTESIAN_POINT('',(-439.4974420849,2.171143709595,
    70.090817116679));
#4843 = CARTESIAN_POINT('',(-435.1419433011,1.518759701642,
    70.089717899458));
#4844 = CARTESIAN_POINT('',(-430.9728274171,7.176148430295E-02,
    70.014080121232));
#4845 = CARTESIAN_POINT('',(-426.6766705817,-0.486929523965,
    70.019834291904));
#4846 = CARTESIAN_POINT('',(-423.4568555526,1.635359216417,
    70.243905235801));
#4847 = CARTESIAN_POINT('',(-422.3597,-1.177611831485,69.986813731563));
#4848 = CARTESIAN_POINT('',(-679.0382,-2.915302125652,69.802597121428));
#4849 = CARTESIAN_POINT('',(-677.9018430398,-6.723219356354,
    70.280562470494));
#4850 = CARTESIAN_POINT('',(-674.6570379481,-3.264453514231,
    69.814328191185));
#4851 = CARTESIAN_POINT('',(-670.4801286148,-5.971234407883,
    70.182551771167));
#4852 = CARTESIAN_POINT('',(-666.2529876958,-7.383148488351,
    70.275157076513));
#4853 = CARTESIAN_POINT('',(-661.8309289879,-6.956007422097,
    70.125046864582));
#4854 = CARTESIAN_POINT('',(-657.7320144142,-10.48810951154,
    70.630795700117));
#4855 = CARTESIAN_POINT('',(-653.3812140229,-10.37889227709,
    70.666041273872));
#4856 = CARTESIAN_POINT('',(-648.9513854559,-11.10629428927,
    70.826427750163));
#4857 = CARTESIAN_POINT('',(-644.9070855266,-11.44251053664,
    70.993868303123));
#4858 = CARTESIAN_POINT('',(-640.582063889,-13.28701202856,
    71.435723365361));
#4859 = CARTESIAN_POINT('',(-636.2554682792,-13.09295957057,
    71.553191484201));
#4860 = CARTESIAN_POINT('',(-631.9824711096,-13.50548603542,
    71.793317534731));
#4861 = CARTESIAN_POINT('',(-627.7019615338,-13.45703150628,
    71.942599862151));
#4862 = CARTESIAN_POINT('',(-623.4245711463,-13.60065555147,
    72.168294659822));
#4863 = CARTESIAN_POINT('',(-619.1463832312,-13.68295338778,
    72.4186530776));
#4864 = CARTESIAN_POINT('',(-614.8669156658,-13.52070329697,
    72.656920927203));
#4865 = CARTESIAN_POINT('',(-610.5898165078,-13.14040053489,
    72.872390987986));
#4866 = CARTESIAN_POINT('',(-606.3045105877,-12.77430475112,
    73.193792664349));
#4867 = CARTESIAN_POINT('',(-602.0277566031,-11.9344690116,
    73.323818821011));
#4868 = CARTESIAN_POINT('',(-597.7466019923,-10.62751611673,
    73.91021197102));
#4869 = CARTESIAN_POINT('',(-593.4714143357,-9.363645669911,
    74.055256172288));
#4870 = CARTESIAN_POINT('',(-589.1936176105,-7.858092700148,
    74.324098510949));
#4871 = CARTESIAN_POINT('',(-584.9304153006,-6.211966463254,
    74.49106268226));
#4872 = CARTESIAN_POINT('',(-580.6563793824,-4.726599335797,
    74.543915716051));
#4873 = CARTESIAN_POINT('',(-576.3740763318,-3.484583619613,
    74.38439526464));
#4874 = CARTESIAN_POINT('',(-572.0987272234,-2.627236724366,
    73.937338672379));
#4875 = CARTESIAN_POINT('',(-567.7524952784,-1.98662176502,
    73.278167851924));
#4876 = CARTESIAN_POINT('',(-563.5775738445,-2.390230273777,
    73.187637332594));
#4877 = CARTESIAN_POINT('',(-559.225311783,-0.844688780648,
    72.586709457917));
#4878 = CARTESIAN_POINT('',(-554.9153030247,-1.347396439725,
    72.814158241993));
#4879 = CARTESIAN_POINT('',(-550.6950514656,-1.690853991257,
    72.295274678527));
#4880 = CARTESIAN_POINT('',(-546.5054520859,-2.432823763371,
    72.200885982628));
#4881 = CARTESIAN_POINT('',(-542.014622175,-2.583167564611,
    71.580692152628));
#4882 = CARTESIAN_POINT('',(-537.9789076762,-4.671244094303,
    71.670611781726));
#4883 = CARTESIAN_POINT('',(-533.6216797195,-4.902710553062,
    70.988971500819));
#4884 = CARTESIAN_POINT('',(-529.3043766466,-5.04626963005,
    71.198373745348));
#4885 = CARTESIAN_POINT('',(-525.0222934397,-4.776419780975,
    71.09518436424));
#4886 = CARTESIAN_POINT('',(-520.7416746921,-4.342674275708,
    70.884904657646));
#4887 = CARTESIAN_POINT('',(-516.4671704399,-3.8062275887,
    70.556055727971));
#4888 = CARTESIAN_POINT('',(-512.204407681,-3.139301456471,
    70.210789149178));
#4889 = CARTESIAN_POINT('',(-507.9265429784,-2.5725249852,
    69.926792833011));
#4890 = CARTESIAN_POINT('',(-503.6502824349,-2.072187279593,
    69.553301174719));
#4891 = CARTESIAN_POINT('',(-499.3719688989,-1.713098321733,
    69.654553896697));
#4892 = CARTESIAN_POINT('',(-495.0930022696,-1.443287138052,
    69.519411461637));
#4893 = CARTESIAN_POINT('',(-490.8081538754,-1.413834217208,
    69.424656659991));
#4894 = CARTESIAN_POINT('',(-486.5308534552,-1.286029153688,
    69.374329937348));
#4895 = CARTESIAN_POINT('',(-482.2516859036,-1.249970847089,
    69.33124785713));
#4896 = CARTESIAN_POINT('',(-477.9730655022,-1.241579022414,
    69.293303212259));
#4897 = CARTESIAN_POINT('',(-473.6960456193,-1.19034838256,
    69.267624075093));
#4898 = CARTESIAN_POINT('',(-469.4152062773,-1.149133967599,
    69.252488685009));
#4899 = CARTESIAN_POINT('',(-465.1421872703,-0.985569261187,
    69.254861533596));
#4900 = CARTESIAN_POINT('',(-460.8166932288,-1.198257804992,
    69.208573409441));
#4901 = CARTESIAN_POINT('',(-456.4952571487,-0.35899298695,
    69.381617074601));
#4902 = CARTESIAN_POINT('',(-452.4504000069,1.432684698781,
    69.691239543987));
#4903 = CARTESIAN_POINT('',(-447.9424683801,0.82187802323,
    69.692034182404));
#4904 = CARTESIAN_POINT('',(-443.7524033406,2.469924319145,
    69.982582282213));
#4905 = CARTESIAN_POINT('',(-439.4974420849,1.515310352795,
    69.981355299663));
#4906 = CARTESIAN_POINT('',(-435.1419433011,0.898991710854,
    69.992214607483));
#4907 = CARTESIAN_POINT('',(-430.9728274171,-0.490338350435,
    69.927551495277));
#4908 = CARTESIAN_POINT('',(-426.6766705817,-0.890593383689,
    69.959317364668));
#4909 = CARTESIAN_POINT('',(-423.4568555526,1.227991133962,
    70.18790196442));
#4910 = CARTESIAN_POINT('',(-422.3597,-1.561446716221,69.933741918365));
#4911 = DEFINITIONAL_REPRESENTATION('',(#4912),#4916);
#4912 = LINE('',#4913,#4914);
#4913 = CARTESIAN_POINT('',(18.,0.));
#4914 = VECTOR('',#4915,1.);
#4915 = DIRECTION('',(0.,1.));
#4916 = ( GEOMETRIC_REPRESENTATION_CONTEXT(2) 
PARAMETRIC_REPRESENTATION_CONTEXT() REPRESENTATION_CONTEXT('2D SPACE',''
  ) );
#4917 = ORIENTED_EDGE('',*,*,#4918,.F.);
#4918 = EDGE_CURVE('',#4455,#4709,#4919,.T.);
#4919 = SURFACE_CURVE('',#4920,(#4923,#4930),.PCURVE_S1.);
#4920 = B_SPLINE_CURVE_WITH_KNOTS('',1,(#4921,#4922),.UNSPECIFIED.,.F.,
  .F.,(2,2),(17.,18.),.PIECEWISE_BEZIER_KNOTS.);
#4921 = CARTESIAN_POINT('',(-422.3597,-0.792774031434,70.032044131386));
#4922 = CARTESIAN_POINT('',(-422.3597,-1.177611831485,69.986813731563));
#4923 = PCURVE('',#4530,#4924);
#4924 = DEFINITIONAL_REPRESENTATION('',(#4925),#4929);
#4925 = LINE('',#4926,#4927);
#4926 = CARTESIAN_POINT('',(0.,1.));
#4927 = VECTOR('',#4928,1.);
#4928 = DIRECTION('',(1.,0.));
#4929 = ( GEOMETRIC_REPRESENTATION_CONTEXT(2) 
PARAMETRIC_REPRESENTATION_CONTEXT() REPRESENTATION_CONTEXT('2D SPACE',''
  ) );
#4930 = PCURVE('',#401,#4931);
#4931 = DEFINITIONAL_REPRESENTATION('',(#4932),#4935);
#4932 = B_SPLINE_CURVE_WITH_KNOTS('',1,(#4933,#4934),.UNSPECIFIED.,.F.,
  .F.,(2,2),(17.,18.),.PIECEWISE_BEZIER_KNOTS.);
#4933 = CARTESIAN_POINT('',(0.566261339995,1.344917544902));
#4934 = CARTESIAN_POINT('',(0.949363174868,1.286789190946));
#4935 = ( GEOMETRIC_REPRESENTATION_CONTEXT(2) 
PARAMETRIC_REPRESENTATION_CONTEXT() REPRESENTATION_CONTEXT('2D SPACE',''
  ) );
#4936 = ORIENTED_EDGE('',*,*,#4454,.F.);
#4937 = ADVANCED_FACE('',(#4938),#4784,.T.);
#4938 = FACE_BOUND('',#4939,.T.);
#4939 = EDGE_LOOP('',(#4940,#4961,#5171,#5190));
#4940 = ORIENTED_EDGE('',*,*,#4941,.T.);
#4941 = EDGE_CURVE('',#4688,#4942,#4944,.T.);
#4942 = VERTEX_POINT('',#4943);
#4943 = CARTESIAN_POINT('',(-679.0382,-2.915302125652,69.802597121428));
#4944 = SURFACE_CURVE('',#4945,(#4948,#4955),.PCURVE_S1.);
#4945 = B_SPLINE_CURVE_WITH_KNOTS('',1,(#4946,#4947),.UNSPECIFIED.,.F.,
  .F.,(2,2),(18.,19.),.PIECEWISE_BEZIER_KNOTS.);
#4946 = CARTESIAN_POINT('',(-679.0382,-2.626056246767,70.046299292327));
#4947 = CARTESIAN_POINT('',(-679.0382,-2.915302125652,69.802597121428));
#4948 = PCURVE('',#4784,#4949);
#4949 = DEFINITIONAL_REPRESENTATION('',(#4950),#4954);
#4950 = LINE('',#4951,#4952);
#4951 = CARTESIAN_POINT('',(0.,0.));
#4952 = VECTOR('',#4953,1.);
#4953 = DIRECTION('',(1.,0.));
#4954 = ( GEOMETRIC_REPRESENTATION_CONTEXT(2) 
PARAMETRIC_REPRESENTATION_CONTEXT() REPRESENTATION_CONTEXT('2D SPACE',''
  ) );
#4955 = PCURVE('',#165,#4956);
#4956 = DEFINITIONAL_REPRESENTATION('',(#4957),#4960);
#4957 = B_SPLINE_CURVE_WITH_KNOTS('',1,(#4958,#4959),.UNSPECIFIED.,.F.,
  .F.,(2,2),(18.,19.),.PIECEWISE_BEZIER_KNOTS.);
#4958 = CARTESIAN_POINT('',(7.1582299186,-0.268941477376));
#4959 = CARTESIAN_POINT('',(7.424170529075,0.));
#4960 = ( GEOMETRIC_REPRESENTATION_CONTEXT(2) 
PARAMETRIC_REPRESENTATION_CONTEXT() REPRESENTATION_CONTEXT('2D SPACE',''
  ) );
#4961 = ORIENTED_EDGE('',*,*,#4962,.T.);
#4962 = EDGE_CURVE('',#4942,#4963,#4965,.T.);
#4963 = VERTEX_POINT('',#4964);
#4964 = CARTESIAN_POINT('',(-422.3597,-1.561446716221,69.933741918365));
#4965 = SURFACE_CURVE('',#4966,(#5030,#5037),.PCURVE_S1.);
#4966 = ( BOUNDED_CURVE() B_SPLINE_CURVE(3,(#4967,#4968,#4969,#4970,
    #4971,#4972,#4973,#4974,#4975,#4976,#4977,#4978,#4979,#4980,#4981,
    #4982,#4983,#4984,#4985,#4986,#4987,#4988,#4989,#4990,#4991,#4992,
    #4993,#4994,#4995,#4996,#4997,#4998,#4999,#5000,#5001,#5002,#5003,
    #5004,#5005,#5006,#5007,#5008,#5009,#5010,#5011,#5012,#5013,#5014,
    #5015,#5016,#5017,#5018,#5019,#5020,#5021,#5022,#5023,#5024,#5025,
    #5026,#5027,#5028,#5029),.UNSPECIFIED.,.F.,.F.) 
B_SPLINE_CURVE_WITH_KNOTS((4,1,1,1,1,1,1,1,1,1,1,1,1,1,1,1,1,1,1,1,1,1,1
    ,1,1,1,1,1,1,1,1,1,1,1,1,1,1,1,1,1,1,1,1,1,1,1,1,1,1,1,1,1,1,1,1,1,1
    ,1,1,1,4),(0.,1.671164831231E-02,3.327803306227E-02,
    5.000925566809E-02,6.648034363626E-02,8.347574416348E-02,
    9.998031801332E-02,0.116453562429,0.133787455732,0.150582398826,
    0.167003889564,0.183421183117,0.199831572897,0.216243077967,
    0.232654966281,0.249069049,0.265493630469,0.281929899437,
    0.298422530809,0.314972313288,0.331595845732,0.348279560524,
    0.365009232075,0.38168560036,0.398277240471,0.414799735375,
    0.431302994143,0.448140075223,0.464749604184,0.481553115126,
    0.498808354232,0.516050152658,0.532842545742,0.550335828942,
    0.567153130692,0.583652514422,0.600175882991,0.616768685323,
    0.633448038712,0.650182180915,0.666869665762,0.683497438564,
    0.700056495454,0.716547762365,0.732983596882,0.749407921308,
    0.765822295641,0.782233728406,0.798646209918,0.81505724388,
    0.831476734885,0.847901722287,0.864693603231,0.881980563987,
    0.898448960139,0.915352013848,0.932295303855,0.949097785181,
0.966200565614,0.982806308198,1.),.UNSPECIFIED.) CURVE() 
GEOMETRIC_REPRESENTATION_ITEM() RATIONAL_B_SPLINE_CURVE((1.,
    0.999999999979,1.00000000001,0.999999999997,1.000000000001,1.,1.,1.,
    1.,1.,1.,1.,1.,1.,1.,1.,1.,1.,1.,1.,1.,1.,1.,1.,1.,1.,1.,1.,1.,1.,1.
    ,1.,1.,1.,1.,1.,1.,1.,1.,1.,1.,1.,1.,1.,1.,1.,1.,1.,1.,1.,1.,1.,1.,
    1.,1.,1.,1.,1.,0.999999999998,1.000000000007,0.999999999976,
1.000000000054,1.)) REPRESENTATION_ITEM('') );
#4967 = CARTESIAN_POINT('',(-679.0382,-2.915302125652,69.802597121428));
#4968 = CARTESIAN_POINT('',(-677.9018430398,-6.723219356354,
    70.280562470494));
#4969 = CARTESIAN_POINT('',(-674.6570379481,-3.264453514231,
    69.814328191185));
#4970 = CARTESIAN_POINT('',(-670.4801286148,-5.971234407883,
    70.182551771167));
#4971 = CARTESIAN_POINT('',(-666.2529876958,-7.383148488351,
    70.275157076513));
#4972 = CARTESIAN_POINT('',(-661.8309289879,-6.956007422097,
    70.125046864582));
#4973 = CARTESIAN_POINT('',(-657.7320144142,-10.48810951154,
    70.630795700117));
#4974 = CARTESIAN_POINT('',(-653.3812140229,-10.37889227709,
    70.666041273872));
#4975 = CARTESIAN_POINT('',(-648.9513854559,-11.10629428927,
    70.826427750163));
#4976 = CARTESIAN_POINT('',(-644.9070855266,-11.44251053664,
    70.993868303123));
#4977 = CARTESIAN_POINT('',(-640.582063889,-13.28701202856,
    71.435723365361));
#4978 = CARTESIAN_POINT('',(-636.2554682792,-13.09295957057,
    71.553191484201));
#4979 = CARTESIAN_POINT('',(-631.9824711096,-13.50548603542,
    71.793317534731));
#4980 = CARTESIAN_POINT('',(-627.7019615338,-13.45703150628,
    71.942599862151));
#4981 = CARTESIAN_POINT('',(-623.4245711463,-13.60065555147,
    72.168294659822));
#4982 = CARTESIAN_POINT('',(-619.1463832312,-13.68295338778,
    72.4186530776));
#4983 = CARTESIAN_POINT('',(-614.8669156658,-13.52070329697,
    72.656920927203));
#4984 = CARTESIAN_POINT('',(-610.5898165078,-13.14040053489,
    72.872390987986));
#4985 = CARTESIAN_POINT('',(-606.3045105877,-12.77430475112,
    73.193792664349));
#4986 = CARTESIAN_POINT('',(-602.0277566031,-11.9344690116,
    73.323818821011));
#4987 = CARTESIAN_POINT('',(-597.7466019923,-10.62751611673,
    73.91021197102));
#4988 = CARTESIAN_POINT('',(-593.4714143357,-9.363645669911,
    74.055256172288));
#4989 = CARTESIAN_POINT('',(-589.1936176105,-7.858092700148,
    74.324098510949));
#4990 = CARTESIAN_POINT('',(-584.9304153006,-6.211966463254,
    74.49106268226));
#4991 = CARTESIAN_POINT('',(-580.6563793824,-4.726599335797,
    74.543915716051));
#4992 = CARTESIAN_POINT('',(-576.3740763318,-3.484583619613,
    74.38439526464));
#4993 = CARTESIAN_POINT('',(-572.0987272234,-2.627236724366,
    73.937338672379));
#4994 = CARTESIAN_POINT('',(-567.7524952784,-1.98662176502,
    73.278167851924));
#4995 = CARTESIAN_POINT('',(-563.5775738445,-2.390230273777,
    73.187637332594));
#4996 = CARTESIAN_POINT('',(-559.225311783,-0.844688780648,
    72.586709457917));
#4997 = CARTESIAN_POINT('',(-554.9153030247,-1.347396439725,
    72.814158241993));
#4998 = CARTESIAN_POINT('',(-550.6950514656,-1.690853991257,
    72.295274678527));
#4999 = CARTESIAN_POINT('',(-546.5054520859,-2.432823763371,
    72.200885982628));
#5000 = CARTESIAN_POINT('',(-542.014622175,-2.583167564611,
    71.580692152628));
#5001 = CARTESIAN_POINT('',(-537.9789076762,-4.671244094303,
    71.670611781726));
#5002 = CARTESIAN_POINT('',(-533.6216797195,-4.902710553062,
    70.988971500819));
#5003 = CARTESIAN_POINT('',(-529.3043766466,-5.04626963005,
    71.198373745348));
#5004 = CARTESIAN_POINT('',(-525.0222934397,-4.776419780975,
    71.09518436424));
#5005 = CARTESIAN_POINT('',(-520.7416746921,-4.342674275708,
    70.884904657646));
#5006 = CARTESIAN_POINT('',(-516.4671704399,-3.8062275887,
    70.556055727971));
#5007 = CARTESIAN_POINT('',(-512.204407681,-3.139301456471,
    70.210789149178));
#5008 = CARTESIAN_POINT('',(-507.9265429784,-2.5725249852,
    69.926792833011));
#5009 = CARTESIAN_POINT('',(-503.6502824349,-2.072187279593,
    69.553301174719));
#5010 = CARTESIAN_POINT('',(-499.3719688989,-1.713098321733,
    69.654553896697));
#5011 = CARTESIAN_POINT('',(-495.0930022696,-1.443287138052,
    69.519411461637));
#5012 = CARTESIAN_POINT('',(-490.8081538754,-1.413834217208,
    69.424656659991));
#5013 = CARTESIAN_POINT('',(-486.5308534552,-1.286029153688,
    69.374329937348));
#5014 = CARTESIAN_POINT('',(-482.2516859036,-1.249970847089,
    69.33124785713));
#5015 = CARTESIAN_POINT('',(-477.9730655022,-1.241579022414,
    69.293303212259));
#5016 = CARTESIAN_POINT('',(-473.6960456193,-1.19034838256,
    69.267624075093));
#5017 = CARTESIAN_POINT('',(-469.4152062773,-1.149133967599,
    69.252488685009));
#5018 = CARTESIAN_POINT('',(-465.1421872703,-0.985569261187,
    69.254861533596));
#5019 = CARTESIAN_POINT('',(-460.8166932288,-1.198257804992,
    69.208573409441));
#5020 = CARTESIAN_POINT('',(-456.4952571487,-0.35899298695,
    69.381617074601));
#5021 = CARTESIAN_POINT('',(-452.4504000069,1.432684698781,
    69.691239543987));
#5022 = CARTESIAN_POINT('',(-447.9424683801,0.82187802323,
    69.692034182404));
#5023 = CARTESIAN_POINT('',(-443.7524033406,2.469924319145,
    69.982582282213));
#5024 = CARTESIAN_POINT('',(-439.4974420849,1.515310352795,
    69.981355299663));
#5025 = CARTESIAN_POINT('',(-435.1419433011,0.898991710854,
    69.992214607483));
#5026 = CARTESIAN_POINT('',(-430.9728274171,-0.490338350435,
    69.927551495277));
#5027 = CARTESIAN_POINT('',(-426.6766705817,-0.890593383689,
    69.959317364668));
#5028 = CARTESIAN_POINT('',(-423.4568555526,1.227991133962,
    70.18790196442));
#5029 = CARTESIAN_POINT('',(-422.3597,-1.561446716221,69.933741918365));
#5030 = PCURVE('',#4784,#5031);
#5031 = DEFINITIONAL_REPRESENTATION('',(#5032),#5036);
#5032 = LINE('',#5033,#5034);
#5033 = CARTESIAN_POINT('',(19.,0.));
#5034 = VECTOR('',#5035,1.);
#5035 = DIRECTION('',(0.,1.));
#5036 = ( GEOMETRIC_REPRESENTATION_CONTEXT(2) 
PARAMETRIC_REPRESENTATION_CONTEXT() REPRESENTATION_CONTEXT('2D SPACE',''
  ) );
#5037 = PCURVE('',#5038,#5165);
#5038 = ( BOUNDED_SURFACE() B_SPLINE_SURFACE(1,3,(
    (#5039,#5040,#5041,#5042,#5043,#5044,#5045,#5046,#5047,#5048,#5049
      ,#5050,#5051,#5052,#5053,#5054,#5055,#5056,#5057,#5058,#5059,#5060
      ,#5061,#5062,#5063,#5064,#5065,#5066,#5067,#5068,#5069,#5070,#5071
      ,#5072,#5073,#5074,#5075,#5076,#5077,#5078,#5079,#5080,#5081,#5082
      ,#5083,#5084,#5085,#5086,#5087,#5088,#5089,#5090,#5091,#5092,#5093
      ,#5094,#5095,#5096,#5097,#5098,#5099,#5100,#5101)
    ,(#5102,#5103,#5104,#5105,#5106,#5107,#5108,#5109,#5110,#5111,#5112
      ,#5113,#5114,#5115,#5116,#5117,#5118,#5119,#5120,#5121,#5122,#5123
      ,#5124,#5125,#5126,#5127,#5128,#5129,#5130,#5131,#5132,#5133,#5134
      ,#5135,#5136,#5137,#5138,#5139,#5140,#5141,#5142,#5143,#5144,#5145
      ,#5146,#5147,#5148,#5149,#5150,#5151,#5152,#5153,#5154,#5155,#5156
      ,#5157,#5158,#5159,#5160,#5161,#5162,#5163,#5164
)),.UNSPECIFIED.,.F.,.F.,.F.) B_SPLINE_SURFACE_WITH_KNOTS((2,2),(4,1,1,1
    ,1,1,1,1,1,1,1,1,1,1,1,1,1,1,1,1,1,1,1,1,1,1,1,1,1,1,1,1,1,1,1,1,1,1
    ,1,1,1,1,1,1,1,1,1,1,1,1,1,1,1,1,1,1,1,1,1,1,4),(19.,20.),(0.,
    1.671164831231E-02,3.327803306227E-02,5.000925566809E-02,
    6.648034363626E-02,8.347574416348E-02,9.998031801332E-02,
    0.116453562429,0.133787455732,0.150582398826,0.167003889564,
    0.183421183117,0.199831572897,0.216243077967,0.232654966281,
    0.249069049,0.265493630469,0.281929899437,0.298422530809,
    0.314972313288,0.331595845732,0.348279560524,0.365009232075,
    0.38168560036,0.398277240471,0.414799735375,0.431302994143,
    0.448140075223,0.464749604184,0.481553115126,0.498808354232,
    0.516050152658,0.532842545742,0.550335828942,0.567153130692,
    0.583652514422,0.600175882991,0.616768685323,0.633448038712,
    0.650182180915,0.666869665762,0.683497438564,0.700056495454,
    0.716547762365,0.732983596882,0.749407921308,0.765822295641,
    0.782233728406,0.798646209918,0.81505724388,0.831476734885,
    0.847901722287,0.864693603231,0.881980563987,0.898448960139,
    0.915352013848,0.932295303855,0.949097785181,0.966200565614,
0.982806308198,1.),.UNSPECIFIED.) GEOMETRIC_REPRESENTATION_ITEM() 
RATIONAL_B_SPLINE_SURFACE((
    (1.,0.999999999979,1.00000000001,0.999999999997,1.000000000001,1.,1.
      ,1.,1.,1.,1.,1.,1.,1.,1.,1.,1.,1.,1.,1.,1.,1.,1.,1.,1.,1.,1.,1.,1.
      ,1.,1.,1.,1.,1.,1.,1.,1.,1.,1.,1.,1.,1.,1.,1.,1.,1.,1.,1.,1.,1.,1.
      ,1.,1.,1.,1.,1.,1.,1.,0.999999999998,1.000000000007,0.999999999976
      ,1.000000000054,1.)
    ,(1.,0.999999999979,1.00000000001,0.999999999997,1.000000000001,1.
      ,1.,1.,1.,1.,1.,1.,1.,1.,1.,1.,1.,1.,1.,1.,1.,1.,1.,1.,1.,1.,1.,1.
      ,1.,1.,1.,1.,1.,1.,1.,1.,1.,1.,1.,1.,1.,1.,1.,1.,1.,1.,1.,1.,1.,1.
      ,1.,1.,1.,1.,1.,1.,1.,1.,0.999999999998,1.000000000007
,0.999999999976,1.000000000054,1.
  ))) REPRESENTATION_ITEM('') SURFACE() );
#5039 = CARTESIAN_POINT('',(-679.0382,-2.915302125652,69.802597121428));
#5040 = CARTESIAN_POINT('',(-677.9018430398,-6.723219356354,
    70.280562470494));
#5041 = CARTESIAN_POINT('',(-674.6570379481,-3.264453514231,
    69.814328191185));
#5042 = CARTESIAN_POINT('',(-670.4801286148,-5.971234407883,
    70.182551771167));
#5043 = CARTESIAN_POINT('',(-666.2529876958,-7.383148488351,
    70.275157076513));
#5044 = CARTESIAN_POINT('',(-661.8309289879,-6.956007422097,
    70.125046864582));
#5045 = CARTESIAN_POINT('',(-657.7320144142,-10.48810951154,
    70.630795700117));
#5046 = CARTESIAN_POINT('',(-653.3812140229,-10.37889227709,
    70.666041273872));
#5047 = CARTESIAN_POINT('',(-648.9513854559,-11.10629428927,
    70.826427750163));
#5048 = CARTESIAN_POINT('',(-644.9070855266,-11.44251053664,
    70.993868303123));
#5049 = CARTESIAN_POINT('',(-640.582063889,-13.28701202856,
    71.435723365361));
#5050 = CARTESIAN_POINT('',(-636.2554682792,-13.09295957057,
    71.553191484201));
#5051 = CARTESIAN_POINT('',(-631.9824711096,-13.50548603542,
    71.793317534731));
#5052 = CARTESIAN_POINT('',(-627.7019615338,-13.45703150628,
    71.942599862151));
#5053 = CARTESIAN_POINT('',(-623.4245711463,-13.60065555147,
    72.168294659822));
#5054 = CARTESIAN_POINT('',(-619.1463832312,-13.68295338778,
    72.4186530776));
#5055 = CARTESIAN_POINT('',(-614.8669156658,-13.52070329697,
    72.656920927203));
#5056 = CARTESIAN_POINT('',(-610.5898165078,-13.14040053489,
    72.872390987986));
#5057 = CARTESIAN_POINT('',(-606.3045105877,-12.77430475112,
    73.193792664349));
#5058 = CARTESIAN_POINT('',(-602.0277566031,-11.9344690116,
    73.323818821011));
#5059 = CARTESIAN_POINT('',(-597.7466019923,-10.62751611673,
    73.91021197102));
#5060 = CARTESIAN_POINT('',(-593.4714143357,-9.363645669911,
    74.055256172288));
#5061 = CARTESIAN_POINT('',(-589.1936176105,-7.858092700148,
    74.324098510949));
#5062 = CARTESIAN_POINT('',(-584.9304153006,-6.211966463254,
    74.49106268226));
#5063 = CARTESIAN_POINT('',(-580.6563793824,-4.726599335797,
    74.543915716051));
#5064 = CARTESIAN_POINT('',(-576.3740763318,-3.484583619613,
    74.38439526464));
#5065 = CARTESIAN_POINT('',(-572.0987272234,-2.627236724366,
    73.937338672379));
#5066 = CARTESIAN_POINT('',(-567.7524952784,-1.98662176502,
    73.278167851924));
#5067 = CARTESIAN_POINT('',(-563.5775738445,-2.390230273777,
    73.187637332594));
#5068 = CARTESIAN_POINT('',(-559.225311783,-0.844688780648,
    72.586709457917));
#5069 = CARTESIAN_POINT('',(-554.9153030247,-1.347396439725,
    72.814158241993));
#5070 = CARTESIAN_POINT('',(-550.6950514656,-1.690853991257,
    72.295274678527));
#5071 = CARTESIAN_POINT('',(-546.5054520859,-2.432823763371,
    72.200885982628));
#5072 = CARTESIAN_POINT('',(-542.014622175,-2.583167564611,
    71.580692152628));
#5073 = CARTESIAN_POINT('',(-537.9789076762,-4.671244094303,
    71.670611781726));
#5074 = CARTESIAN_POINT('',(-533.6216797195,-4.902710553062,
    70.988971500819));
#5075 = CARTESIAN_POINT('',(-529.3043766466,-5.04626963005,
    71.198373745348));
#5076 = CARTESIAN_POINT('',(-525.0222934397,-4.776419780975,
    71.09518436424));
#5077 = CARTESIAN_POINT('',(-520.7416746921,-4.342674275708,
    70.884904657646));
#5078 = CARTESIAN_POINT('',(-516.4671704399,-3.8062275887,
    70.556055727971));
#5079 = CARTESIAN_POINT('',(-512.204407681,-3.139301456471,
    70.210789149178));
#5080 = CARTESIAN_POINT('',(-507.9265429784,-2.5725249852,
    69.926792833011));
#5081 = CARTESIAN_POINT('',(-503.6502824349,-2.072187279593,
    69.553301174719));
#5082 = CARTESIAN_POINT('',(-499.3719688989,-1.713098321733,
    69.654553896697));
#5083 = CARTESIAN_POINT('',(-495.0930022696,-1.443287138052,
    69.519411461637));
#5084 = CARTESIAN_POINT('',(-490.8081538754,-1.413834217208,
    69.424656659991));
#5085 = CARTESIAN_POINT('',(-486.5308534552,-1.286029153688,
    69.374329937348));
#5086 = CARTESIAN_POINT('',(-482.2516859036,-1.249970847089,
    69.33124785713));
#5087 = CARTESIAN_POINT('',(-477.9730655022,-1.241579022414,
    69.293303212259));
#5088 = CARTESIAN_POINT('',(-473.6960456193,-1.19034838256,
    69.267624075093));
#5089 = CARTESIAN_POINT('',(-469.4152062773,-1.149133967599,
    69.252488685009));
#5090 = CARTESIAN_POINT('',(-465.1421872703,-0.985569261187,
    69.254861533596));
#5091 = CARTESIAN_POINT('',(-460.8166932288,-1.198257804992,
    69.208573409441));
#5092 = CARTESIAN_POINT('',(-456.4952571487,-0.35899298695,
    69.381617074601));
#5093 = CARTESIAN_POINT('',(-452.4504000069,1.432684698781,
    69.691239543987));
#5094 = CARTESIAN_POINT('',(-447.9424683801,0.82187802323,
    69.692034182404));
#5095 = CARTESIAN_POINT('',(-443.7524033406,2.469924319145,
    69.982582282213));
#5096 = CARTESIAN_POINT('',(-439.4974420849,1.515310352795,
    69.981355299663));
#5097 = CARTESIAN_POINT('',(-435.1419433011,0.898991710854,
    69.992214607483));
#5098 = CARTESIAN_POINT('',(-430.9728274171,-0.490338350435,
    69.927551495277));
#5099 = CARTESIAN_POINT('',(-426.6766705817,-0.890593383689,
    69.959317364668));
#5100 = CARTESIAN_POINT('',(-423.4568555526,1.227991133962,
    70.18790196442));
#5101 = CARTESIAN_POINT('',(-422.3597,-1.561446716221,69.933741918365));
#5102 = CARTESIAN_POINT('',(-679.0382,-2.655040533617,69.512667610633));
#5103 = CARTESIAN_POINT('',(-677.9018430398,-6.258778321582,
    69.942846009251));
#5104 = CARTESIAN_POINT('',(-674.6570379481,-2.947618240556,
    69.493995090831));
#5105 = CARTESIAN_POINT('',(-670.4801286148,-5.456982950793,
    69.82164860417));
#5106 = CARTESIAN_POINT('',(-666.2529876958,-6.824949820515,
    69.904184996238));
#5107 = CARTESIAN_POINT('',(-661.8309289879,-6.447835613595,
    69.759317148025));
#5108 = CARTESIAN_POINT('',(-657.7320144142,-9.730345356607,
    70.211459064628));
#5109 = CARTESIAN_POINT('',(-653.3812140229,-9.579952377077,
    70.228835656158));
#5110 = CARTESIAN_POINT('',(-648.9513854559,-10.27508507924,
    70.372514488918));
#5111 = CARTESIAN_POINT('',(-644.9070855266,-10.41310835117,
    70.49328748454));
#5112 = CARTESIAN_POINT('',(-640.582063889,-12.07569993151,
    70.890077248685));
#5113 = CARTESIAN_POINT('',(-636.2554682792,-11.89602566229,
    70.998048752001));
#5114 = CARTESIAN_POINT('',(-631.9824711096,-12.27391845086,
    71.220279498021));
#5115 = CARTESIAN_POINT('',(-627.7019615338,-12.22532313993,
    71.358532899669));
#5116 = CARTESIAN_POINT('',(-623.4245711463,-12.35901749618,
    71.568976600134));
#5117 = CARTESIAN_POINT('',(-619.1463832312,-12.43880304052,
    71.803134911124));
#5118 = CARTESIAN_POINT('',(-614.8669156658,-12.29180886953,
    72.026651729865));
#5119 = CARTESIAN_POINT('',(-610.5898165078,-11.93961964703,
    72.231058288624));
#5120 = CARTESIAN_POINT('',(-606.3045105877,-11.61309364792,
    72.530539870864));
#5121 = CARTESIAN_POINT('',(-602.0277566031,-10.81558541887,
    72.678309441354));
#5122 = CARTESIAN_POINT('',(-597.7466019923,-9.673946590589,
    73.153182661176));
#5123 = CARTESIAN_POINT('',(-593.4714143357,-8.537409173383,
    73.252990343188));
#5124 = CARTESIAN_POINT('',(-589.1936176105,-7.199762464942,
    73.479951162559));
#5125 = CARTESIAN_POINT('',(-584.9304153006,-5.712061675617,
    73.624620188644));
#5126 = CARTESIAN_POINT('',(-580.6563793824,-4.365631761063,
    73.68762323506));
#5127 = CARTESIAN_POINT('',(-576.3740763318,-3.245422873495,
    73.577928977568));
#5128 = CARTESIAN_POINT('',(-572.0987272234,-2.414150625384,
    73.174165771339));
#5129 = CARTESIAN_POINT('',(-567.7524952784,-1.96107044299,
    72.668247639599));
#5130 = CARTESIAN_POINT('',(-563.5775738445,-2.313068677825,
    72.48877180871));
#5131 = CARTESIAN_POINT('',(-559.225311783,-1.058562700992,
    72.165670396775));
#5132 = CARTESIAN_POINT('',(-554.9153030247,-1.470312690607,
    72.254766160445));
#5133 = CARTESIAN_POINT('',(-550.6950514656,-2.03941977305,
    71.901257034589));
#5134 = CARTESIAN_POINT('',(-546.5054520859,-2.7412598354,
    71.748992934965));
#5135 = CARTESIAN_POINT('',(-542.014622175,-3.116556150137,
    71.310008638796));
#5136 = CARTESIAN_POINT('',(-537.9789076762,-5.085247867523,
    71.191880282449));
#5137 = CARTESIAN_POINT('',(-533.6216797195,-5.567514505964,
    70.675586869755));
#5138 = CARTESIAN_POINT('',(-529.3043766466,-5.721776156705,
    70.783426946891));
#5139 = CARTESIAN_POINT('',(-525.0222934397,-5.546467643766,
    70.675769007298));
#5140 = CARTESIAN_POINT('',(-520.7416746921,-5.193114306012,
    70.454377933071));
#5141 = CARTESIAN_POINT('',(-516.4671704399,-4.733709905135,
    70.102001351245));
#5142 = CARTESIAN_POINT('',(-512.204407681,-4.161236473478,
    69.777743817947));
#5143 = CARTESIAN_POINT('',(-507.9265429784,-3.666521086724,
    69.477968316605));
#5144 = CARTESIAN_POINT('',(-503.6502824349,-3.245810884321,
    69.116026227958));
#5145 = CARTESIAN_POINT('',(-499.3719688989,-2.947260427356,
    69.229965317798));
#5146 = CARTESIAN_POINT('',(-495.0930022696,-2.736102630607,
    69.106458963194));
#5147 = CARTESIAN_POINT('',(-490.8081538754,-2.735761910236,
    69.029383258121));
#5148 = CARTESIAN_POINT('',(-486.5308534552,-2.632032940661,
    68.995325585637));
#5149 = CARTESIAN_POINT('',(-482.2516859036,-2.605540864315,
    68.971263287931));
#5150 = CARTESIAN_POINT('',(-477.9730655022,-2.59830998403,
    68.951607746412));
#5151 = CARTESIAN_POINT('',(-473.6960456193,-2.530578890301,
    68.944357125121));
#5152 = CARTESIAN_POINT('',(-469.4152062773,-2.486896832832,
    68.942664532334));
#5153 = CARTESIAN_POINT('',(-465.1421872703,-2.291018287001,
    68.963368677698));
#5154 = CARTESIAN_POINT('',(-460.8166932288,-2.488754485695,
    68.933823547119));
#5155 = CARTESIAN_POINT('',(-456.4952571487,-1.550667044363,
    69.136871641024));
#5156 = CARTESIAN_POINT('',(-452.4504000069,0.437100053763,
    69.490799697636));
#5157 = CARTESIAN_POINT('',(-447.9424683801,-0.168723212599,
    69.505433658953));
#5158 = CARTESIAN_POINT('',(-443.7524033406,1.631594187584,
    69.828797508964));
#5159 = CARTESIAN_POINT('',(-439.4974420849,0.860767605891,
    69.864443520055));
#5160 = CARTESIAN_POINT('',(-435.1419433011,0.280450767231,
    69.887213593088));
#5161 = CARTESIAN_POINT('',(-430.9728274171,-1.051223713414,
    69.833475528273));
#5162 = CARTESIAN_POINT('',(-426.6766705817,-1.293012752443,
    69.891030225275));
#5163 = CARTESIAN_POINT('',(-423.4568555526,0.821806989107,
    70.123894667871));
#5164 = CARTESIAN_POINT('',(-422.3597,-1.944100122933,69.872733481982));
#5165 = DEFINITIONAL_REPRESENTATION('',(#5166),#5170);
#5166 = LINE('',#5167,#5168);
#5167 = CARTESIAN_POINT('',(19.,0.));
#5168 = VECTOR('',#5169,1.);
#5169 = DIRECTION('',(0.,1.));
#5170 = ( GEOMETRIC_REPRESENTATION_CONTEXT(2) 
PARAMETRIC_REPRESENTATION_CONTEXT() REPRESENTATION_CONTEXT('2D SPACE',''
  ) );
#5171 = ORIENTED_EDGE('',*,*,#5172,.F.);
#5172 = EDGE_CURVE('',#4709,#4963,#5173,.T.);
#5173 = SURFACE_CURVE('',#5174,(#5177,#5184),.PCURVE_S1.);
#5174 = B_SPLINE_CURVE_WITH_KNOTS('',1,(#5175,#5176),.UNSPECIFIED.,.F.,
  .F.,(2,2),(18.,19.),.PIECEWISE_BEZIER_KNOTS.);
#5175 = CARTESIAN_POINT('',(-422.3597,-1.177611831485,69.986813731563));
#5176 = CARTESIAN_POINT('',(-422.3597,-1.561446716221,69.933741918365));
#5177 = PCURVE('',#4784,#5178);
#5178 = DEFINITIONAL_REPRESENTATION('',(#5179),#5183);
#5179 = LINE('',#5180,#5181);
#5180 = CARTESIAN_POINT('',(0.,1.));
#5181 = VECTOR('',#5182,1.);
#5182 = DIRECTION('',(1.,0.));
#5183 = ( GEOMETRIC_REPRESENTATION_CONTEXT(2) 
PARAMETRIC_REPRESENTATION_CONTEXT() REPRESENTATION_CONTEXT('2D SPACE',''
  ) );
#5184 = PCURVE('',#401,#5185);
#5185 = DEFINITIONAL_REPRESENTATION('',(#5186),#5189);
#5186 = B_SPLINE_CURVE_WITH_KNOTS('',1,(#5187,#5188),.UNSPECIFIED.,.F.,
  .F.,(2,2),(18.,19.),.PIECEWISE_BEZIER_KNOTS.);
#5187 = CARTESIAN_POINT('',(0.949363174868,1.286789190946));
#5188 = CARTESIAN_POINT('',(1.331199332965,1.220857525824));
#5189 = ( GEOMETRIC_REPRESENTATION_CONTEXT(2) 
PARAMETRIC_REPRESENTATION_CONTEXT() REPRESENTATION_CONTEXT('2D SPACE',''
  ) );
#5190 = ORIENTED_EDGE('',*,*,#4708,.F.);
#5191 = ADVANCED_FACE('',(#5192),#5038,.T.);
#5192 = FACE_BOUND('',#5193,.T.);
#5193 = EDGE_LOOP('',(#5194,#5215,#5425,#5444));
#5194 = ORIENTED_EDGE('',*,*,#5195,.T.);
#5195 = EDGE_CURVE('',#4942,#5196,#5198,.T.);
#5196 = VERTEX_POINT('',#5197);
#5197 = CARTESIAN_POINT('',(-679.0382,-2.655040533617,69.512667610633));
#5198 = SURFACE_CURVE('',#5199,(#5202,#5209),.PCURVE_S1.);
#5199 = B_SPLINE_CURVE_WITH_KNOTS('',1,(#5200,#5201),.UNSPECIFIED.,.F.,
  .F.,(2,2),(19.,20.),.PIECEWISE_BEZIER_KNOTS.);
#5200 = CARTESIAN_POINT('',(-679.0382,-2.915302125652,69.802597121428));
#5201 = CARTESIAN_POINT('',(-679.0382,-2.655040533617,69.512667610633));
#5202 = PCURVE('',#5038,#5203);
#5203 = DEFINITIONAL_REPRESENTATION('',(#5204),#5208);
#5204 = LINE('',#5205,#5206);
#5205 = CARTESIAN_POINT('',(0.,0.));
#5206 = VECTOR('',#5207,1.);
#5207 = DIRECTION('',(1.,0.));
#5208 = ( GEOMETRIC_REPRESENTATION_CONTEXT(2) 
PARAMETRIC_REPRESENTATION_CONTEXT() REPRESENTATION_CONTEXT('2D SPACE',''
  ) );
#5209 = PCURVE('',#165,#5210);
#5210 = DEFINITIONAL_REPRESENTATION('',(#5211),#5214);
#5211 = B_SPLINE_CURVE_WITH_KNOTS('',1,(#5212,#5213),.UNSPECIFIED.,.F.,
  .F.,(2,2),(19.,20.),.PIECEWISE_BEZIER_KNOTS.);
#5212 = CARTESIAN_POINT('',(7.424170529075,0.));
#5213 = CARTESIAN_POINT('',(7.138675907125,0.265118913615));
#5214 = ( GEOMETRIC_REPRESENTATION_CONTEXT(2) 
PARAMETRIC_REPRESENTATION_CONTEXT() REPRESENTATION_CONTEXT('2D SPACE',''
  ) );
#5215 = ORIENTED_EDGE('',*,*,#5216,.T.);
#5216 = EDGE_CURVE('',#5196,#5217,#5219,.T.);
#5217 = VERTEX_POINT('',#5218);
#5218 = CARTESIAN_POINT('',(-422.3597,-1.944100122933,69.872733481982));
#5219 = SURFACE_CURVE('',#5220,(#5284,#5291),.PCURVE_S1.);
#5220 = ( BOUNDED_CURVE() B_SPLINE_CURVE(3,(#5221,#5222,#5223,#5224,
    #5225,#5226,#5227,#5228,#5229,#5230,#5231,#5232,#5233,#5234,#5235,
    #5236,#5237,#5238,#5239,#5240,#5241,#5242,#5243,#5244,#5245,#5246,
    #5247,#5248,#5249,#5250,#5251,#5252,#5253,#5254,#5255,#5256,#5257,
    #5258,#5259,#5260,#5261,#5262,#5263,#5264,#5265,#5266,#5267,#5268,
    #5269,#5270,#5271,#5272,#5273,#5274,#5275,#5276,#5277,#5278,#5279,
    #5280,#5281,#5282,#5283),.UNSPECIFIED.,.F.,.F.) 
B_SPLINE_CURVE_WITH_KNOTS((4,1,1,1,1,1,1,1,1,1,1,1,1,1,1,1,1,1,1,1,1,1,1
    ,1,1,1,1,1,1,1,1,1,1,1,1,1,1,1,1,1,1,1,1,1,1,1,1,1,1,1,1,1,1,1,1,1,1
    ,1,1,1,4),(0.,1.671164831231E-02,3.327803306227E-02,
    5.000925566809E-02,6.648034363626E-02,8.347574416348E-02,
    9.998031801332E-02,0.116453562429,0.133787455732,0.150582398826,
    0.167003889564,0.183421183117,0.199831572897,0.216243077967,
    0.232654966281,0.249069049,0.265493630469,0.281929899437,
    0.298422530809,0.314972313288,0.331595845732,0.348279560524,
    0.365009232075,0.38168560036,0.398277240471,0.414799735375,
    0.431302994143,0.448140075223,0.464749604184,0.481553115126,
    0.498808354232,0.516050152658,0.532842545742,0.550335828942,
    0.567153130692,0.583652514422,0.600175882991,0.616768685323,
    0.633448038712,0.650182180915,0.666869665762,0.683497438564,
    0.700056495454,0.716547762365,0.732983596882,0.749407921308,
    0.765822295641,0.782233728406,0.798646209918,0.81505724388,
    0.831476734885,0.847901722287,0.864693603231,0.881980563987,
    0.898448960139,0.915352013848,0.932295303855,0.949097785181,
0.966200565614,0.982806308198,1.),.UNSPECIFIED.) CURVE() 
GEOMETRIC_REPRESENTATION_ITEM() RATIONAL_B_SPLINE_CURVE((1.,
    0.999999999979,1.00000000001,0.999999999997,1.000000000001,1.,1.,1.,
    1.,1.,1.,1.,1.,1.,1.,1.,1.,1.,1.,1.,1.,1.,1.,1.,1.,1.,1.,1.,1.,1.,1.
    ,1.,1.,1.,1.,1.,1.,1.,1.,1.,1.,1.,1.,1.,1.,1.,1.,1.,1.,1.,1.,1.,1.,
    1.,1.,1.,1.,1.,0.999999999998,1.000000000007,0.999999999976,
1.000000000054,1.)) REPRESENTATION_ITEM('') );
#5221 = CARTESIAN_POINT('',(-679.0382,-2.655040533617,69.512667610633));
#5222 = CARTESIAN_POINT('',(-677.9018430398,-6.258778321582,
    69.942846009251));
#5223 = CARTESIAN_POINT('',(-674.6570379481,-2.947618240556,
    69.493995090831));
#5224 = CARTESIAN_POINT('',(-670.4801286148,-5.456982950793,
    69.82164860417));
#5225 = CARTESIAN_POINT('',(-666.2529876958,-6.824949820515,
    69.904184996238));
#5226 = CARTESIAN_POINT('',(-661.8309289879,-6.447835613595,
    69.759317148025));
#5227 = CARTESIAN_POINT('',(-657.7320144142,-9.730345356607,
    70.211459064628));
#5228 = CARTESIAN_POINT('',(-653.3812140229,-9.579952377077,
    70.228835656158));
#5229 = CARTESIAN_POINT('',(-648.9513854559,-10.27508507924,
    70.372514488918));
#5230 = CARTESIAN_POINT('',(-644.9070855266,-10.41310835117,
    70.49328748454));
#5231 = CARTESIAN_POINT('',(-640.582063889,-12.07569993151,
    70.890077248685));
#5232 = CARTESIAN_POINT('',(-636.2554682792,-11.89602566229,
    70.998048752001));
#5233 = CARTESIAN_POINT('',(-631.9824711096,-12.27391845086,
    71.220279498021));
#5234 = CARTESIAN_POINT('',(-627.7019615338,-12.22532313993,
    71.358532899669));
#5235 = CARTESIAN_POINT('',(-623.4245711463,-12.35901749618,
    71.568976600134));
#5236 = CARTESIAN_POINT('',(-619.1463832312,-12.43880304052,
    71.803134911124));
#5237 = CARTESIAN_POINT('',(-614.8669156658,-12.29180886953,
    72.026651729865));
#5238 = CARTESIAN_POINT('',(-610.5898165078,-11.93961964703,
    72.231058288624));
#5239 = CARTESIAN_POINT('',(-606.3045105877,-11.61309364792,
    72.530539870864));
#5240 = CARTESIAN_POINT('',(-602.0277566031,-10.81558541887,
    72.678309441354));
#5241 = CARTESIAN_POINT('',(-597.7466019923,-9.673946590589,
    73.153182661176));
#5242 = CARTESIAN_POINT('',(-593.4714143357,-8.537409173383,
    73.252990343188));
#5243 = CARTESIAN_POINT('',(-589.1936176105,-7.199762464942,
    73.479951162559));
#5244 = CARTESIAN_POINT('',(-584.9304153006,-5.712061675617,
    73.624620188644));
#5245 = CARTESIAN_POINT('',(-580.6563793824,-4.365631761063,
    73.68762323506));
#5246 = CARTESIAN_POINT('',(-576.3740763318,-3.245422873495,
    73.577928977568));
#5247 = CARTESIAN_POINT('',(-572.0987272234,-2.414150625384,
    73.174165771339));
#5248 = CARTESIAN_POINT('',(-567.7524952784,-1.96107044299,
    72.668247639599));
#5249 = CARTESIAN_POINT('',(-563.5775738445,-2.313068677825,
    72.48877180871));
#5250 = CARTESIAN_POINT('',(-559.225311783,-1.058562700992,
    72.165670396775));
#5251 = CARTESIAN_POINT('',(-554.9153030247,-1.470312690607,
    72.254766160445));
#5252 = CARTESIAN_POINT('',(-550.6950514656,-2.03941977305,
    71.901257034589));
#5253 = CARTESIAN_POINT('',(-546.5054520859,-2.7412598354,
    71.748992934965));
#5254 = CARTESIAN_POINT('',(-542.014622175,-3.116556150137,
    71.310008638796));
#5255 = CARTESIAN_POINT('',(-537.9789076762,-5.085247867523,
    71.191880282449));
#5256 = CARTESIAN_POINT('',(-533.6216797195,-5.567514505964,
    70.675586869755));
#5257 = CARTESIAN_POINT('',(-529.3043766466,-5.721776156705,
    70.783426946891));
#5258 = CARTESIAN_POINT('',(-525.0222934397,-5.546467643766,
    70.675769007298));
#5259 = CARTESIAN_POINT('',(-520.7416746921,-5.193114306012,
    70.454377933071));
#5260 = CARTESIAN_POINT('',(-516.4671704399,-4.733709905135,
    70.102001351245));
#5261 = CARTESIAN_POINT('',(-512.204407681,-4.161236473478,
    69.777743817947));
#5262 = CARTESIAN_POINT('',(-507.9265429784,-3.666521086724,
    69.477968316605));
#5263 = CARTESIAN_POINT('',(-503.6502824349,-3.245810884321,
    69.116026227958));
#5264 = CARTESIAN_POINT('',(-499.3719688989,-2.947260427356,
    69.229965317798));
#5265 = CARTESIAN_POINT('',(-495.0930022696,-2.736102630607,
    69.106458963194));
#5266 = CARTESIAN_POINT('',(-490.8081538754,-2.735761910236,
    69.029383258121));
#5267 = CARTESIAN_POINT('',(-486.5308534552,-2.632032940661,
    68.995325585637));
#5268 = CARTESIAN_POINT('',(-482.2516859036,-2.605540864315,
    68.971263287931));
#5269 = CARTESIAN_POINT('',(-477.9730655022,-2.59830998403,
    68.951607746412));
#5270 = CARTESIAN_POINT('',(-473.6960456193,-2.530578890301,
    68.944357125121));
#5271 = CARTESIAN_POINT('',(-469.4152062773,-2.486896832832,
    68.942664532334));
#5272 = CARTESIAN_POINT('',(-465.1421872703,-2.291018287001,
    68.963368677698));
#5273 = CARTESIAN_POINT('',(-460.8166932288,-2.488754485695,
    68.933823547119));
#5274 = CARTESIAN_POINT('',(-456.4952571487,-1.550667044363,
    69.136871641024));
#5275 = CARTESIAN_POINT('',(-452.4504000069,0.437100053763,
    69.490799697636));
#5276 = CARTESIAN_POINT('',(-447.9424683801,-0.168723212599,
    69.505433658953));
#5277 = CARTESIAN_POINT('',(-443.7524033406,1.631594187584,
    69.828797508964));
#5278 = CARTESIAN_POINT('',(-439.4974420849,0.860767605891,
    69.864443520055));
#5279 = CARTESIAN_POINT('',(-435.1419433011,0.280450767231,
    69.887213593088));
#5280 = CARTESIAN_POINT('',(-430.9728274171,-1.051223713414,
    69.833475528273));
#5281 = CARTESIAN_POINT('',(-426.6766705817,-1.293012752443,
    69.891030225275));
#5282 = CARTESIAN_POINT('',(-423.4568555526,0.821806989107,
    70.123894667871));
#5283 = CARTESIAN_POINT('',(-422.3597,-1.944100122933,69.872733481982));
#5284 = PCURVE('',#5038,#5285);
#5285 = DEFINITIONAL_REPRESENTATION('',(#5286),#5290);
#5286 = LINE('',#5287,#5288);
#5287 = CARTESIAN_POINT('',(20.,0.));
#5288 = VECTOR('',#5289,1.);
#5289 = DIRECTION('',(0.,1.));
#5290 = ( GEOMETRIC_REPRESENTATION_CONTEXT(2) 
PARAMETRIC_REPRESENTATION_CONTEXT() REPRESENTATION_CONTEXT('2D SPACE',''
  ) );
#5291 = PCURVE('',#5292,#5419);
#5292 = ( BOUNDED_SURFACE() B_SPLINE_SURFACE(1,3,(
    (#5293,#5294,#5295,#5296,#5297,#5298,#5299,#5300,#5301,#5302,#5303
      ,#5304,#5305,#5306,#5307,#5308,#5309,#5310,#5311,#5312,#5313,#5314
      ,#5315,#5316,#5317,#5318,#5319,#5320,#5321,#5322,#5323,#5324,#5325
      ,#5326,#5327,#5328,#5329,#5330,#5331,#5332,#5333,#5334,#5335,#5336
      ,#5337,#5338,#5339,#5340,#5341,#5342,#5343,#5344,#5345,#5346,#5347
      ,#5348,#5349,#5350,#5351,#5352,#5353,#5354,#5355)
    ,(#5356,#5357,#5358,#5359,#5360,#5361,#5362,#5363,#5364,#5365,#5366
      ,#5367,#5368,#5369,#5370,#5371,#5372,#5373,#5374,#5375,#5376,#5377
      ,#5378,#5379,#5380,#5381,#5382,#5383,#5384,#5385,#5386,#5387,#5388
      ,#5389,#5390,#5391,#5392,#5393,#5394,#5395,#5396,#5397,#5398,#5399
      ,#5400,#5401,#5402,#5403,#5404,#5405,#5406,#5407,#5408,#5409,#5410
      ,#5411,#5412,#5413,#5414,#5415,#5416,#5417,#5418
)),.UNSPECIFIED.,.F.,.F.,.F.) B_SPLINE_SURFACE_WITH_KNOTS((2,2),(4,1,1,1
    ,1,1,1,1,1,1,1,1,1,1,1,1,1,1,1,1,1,1,1,1,1,1,1,1,1,1,1,1,1,1,1,1,1,1
    ,1,1,1,1,1,1,1,1,1,1,1,1,1,1,1,1,1,1,1,1,1,1,4),(20.,21.),(0.,
    1.671164831231E-02,3.327803306227E-02,5.000925566809E-02,
    6.648034363626E-02,8.347574416348E-02,9.998031801332E-02,
    0.116453562429,0.133787455732,0.150582398826,0.167003889564,
    0.183421183117,0.199831572897,0.216243077967,0.232654966281,
    0.249069049,0.265493630469,0.281929899437,0.298422530809,
    0.314972313288,0.331595845732,0.348279560524,0.365009232075,
    0.38168560036,0.398277240471,0.414799735375,0.431302994143,
    0.448140075223,0.464749604184,0.481553115126,0.498808354232,
    0.516050152658,0.532842545742,0.550335828942,0.567153130692,
    0.583652514422,0.600175882991,0.616768685323,0.633448038712,
    0.650182180915,0.666869665762,0.683497438564,0.700056495454,
    0.716547762365,0.732983596882,0.749407921308,0.765822295641,
    0.782233728406,0.798646209918,0.81505724388,0.831476734885,
    0.847901722287,0.864693603231,0.881980563987,0.898448960139,
    0.915352013848,0.932295303855,0.949097785181,0.966200565614,
0.982806308198,1.),.UNSPECIFIED.) GEOMETRIC_REPRESENTATION_ITEM() 
RATIONAL_B_SPLINE_SURFACE((
    (1.,0.999999999979,1.00000000001,0.999999999997,1.000000000001,1.,1.
      ,1.,1.,1.,1.,1.,1.,1.,1.,1.,1.,1.,1.,1.,1.,1.,1.,1.,1.,1.,1.,1.,1.
      ,1.,1.,1.,1.,1.,1.,1.,1.,1.,1.,1.,1.,1.,1.,1.,1.,1.,1.,1.,1.,1.,1.
      ,1.,1.,1.,1.,1.,1.,1.,0.999999999998,1.000000000007,0.999999999976
      ,1.000000000054,1.)
    ,(1.,0.999999999979,1.00000000001,0.999999999997,1.000000000001,1.
      ,1.,1.,1.,1.,1.,1.,1.,1.,1.,1.,1.,1.,1.,1.,1.,1.,1.,1.,1.,1.,1.,1.
      ,1.,1.,1.,1.,1.,1.,1.,1.,1.,1.,1.,1.,1.,1.,1.,1.,1.,1.,1.,1.,1.,1.
      ,1.,1.,1.,1.,1.,1.,1.,1.,0.999999999998,1.000000000007
,0.999999999976,1.000000000054,1.
  ))) REPRESENTATION_ITEM('') SURFACE() );
#5293 = CARTESIAN_POINT('',(-679.0382,-2.655040533617,69.512667610633));
#5294 = CARTESIAN_POINT('',(-677.9018430398,-6.258778321582,
    69.942846009251));
#5295 = CARTESIAN_POINT('',(-674.6570379481,-2.947618240556,
    69.493995090831));
#5296 = CARTESIAN_POINT('',(-670.4801286148,-5.456982950793,
    69.82164860417));
#5297 = CARTESIAN_POINT('',(-666.2529876958,-6.824949820515,
    69.904184996238));
#5298 = CARTESIAN_POINT('',(-661.8309289879,-6.447835613595,
    69.759317148025));
#5299 = CARTESIAN_POINT('',(-657.7320144142,-9.730345356607,
    70.211459064628));
#5300 = CARTESIAN_POINT('',(-653.3812140229,-9.579952377077,
    70.228835656158));
#5301 = CARTESIAN_POINT('',(-648.9513854559,-10.27508507924,
    70.372514488918));
#5302 = CARTESIAN_POINT('',(-644.9070855266,-10.41310835117,
    70.49328748454));
#5303 = CARTESIAN_POINT('',(-640.582063889,-12.07569993151,
    70.890077248685));
#5304 = CARTESIAN_POINT('',(-636.2554682792,-11.89602566229,
    70.998048752001));
#5305 = CARTESIAN_POINT('',(-631.9824711096,-12.27391845086,
    71.220279498021));
#5306 = CARTESIAN_POINT('',(-627.7019615338,-12.22532313993,
    71.358532899669));
#5307 = CARTESIAN_POINT('',(-623.4245711463,-12.35901749618,
    71.568976600134));
#5308 = CARTESIAN_POINT('',(-619.1463832312,-12.43880304052,
    71.803134911124));
#5309 = CARTESIAN_POINT('',(-614.8669156658,-12.29180886953,
    72.026651729865));
#5310 = CARTESIAN_POINT('',(-610.5898165078,-11.93961964703,
    72.231058288624));
#5311 = CARTESIAN_POINT('',(-606.3045105877,-11.61309364792,
    72.530539870864));
#5312 = CARTESIAN_POINT('',(-602.0277566031,-10.81558541887,
    72.678309441354));
#5313 = CARTESIAN_POINT('',(-597.7466019923,-9.673946590589,
    73.153182661176));
#5314 = CARTESIAN_POINT('',(-593.4714143357,-8.537409173383,
    73.252990343188));
#5315 = CARTESIAN_POINT('',(-589.1936176105,-7.199762464942,
    73.479951162559));
#5316 = CARTESIAN_POINT('',(-584.9304153006,-5.712061675617,
    73.624620188644));
#5317 = CARTESIAN_POINT('',(-580.6563793824,-4.365631761063,
    73.68762323506));
#5318 = CARTESIAN_POINT('',(-576.3740763318,-3.245422873495,
    73.577928977568));
#5319 = CARTESIAN_POINT('',(-572.0987272234,-2.414150625384,
    73.174165771339));
#5320 = CARTESIAN_POINT('',(-567.7524952784,-1.96107044299,
    72.668247639599));
#5321 = CARTESIAN_POINT('',(-563.5775738445,-2.313068677825,
    72.48877180871));
#5322 = CARTESIAN_POINT('',(-559.225311783,-1.058562700992,
    72.165670396775));
#5323 = CARTESIAN_POINT('',(-554.9153030247,-1.470312690607,
    72.254766160445));
#5324 = CARTESIAN_POINT('',(-550.6950514656,-2.03941977305,
    71.901257034589));
#5325 = CARTESIAN_POINT('',(-546.5054520859,-2.7412598354,
    71.748992934965));
#5326 = CARTESIAN_POINT('',(-542.014622175,-3.116556150137,
    71.310008638796));
#5327 = CARTESIAN_POINT('',(-537.9789076762,-5.085247867523,
    71.191880282449));
#5328 = CARTESIAN_POINT('',(-533.6216797195,-5.567514505964,
    70.675586869755));
#5329 = CARTESIAN_POINT('',(-529.3043766466,-5.721776156705,
    70.783426946891));
#5330 = CARTESIAN_POINT('',(-525.0222934397,-5.546467643766,
    70.675769007298));
#5331 = CARTESIAN_POINT('',(-520.7416746921,-5.193114306012,
    70.454377933071));
#5332 = CARTESIAN_POINT('',(-516.4671704399,-4.733709905135,
    70.102001351245));
#5333 = CARTESIAN_POINT('',(-512.204407681,-4.161236473478,
    69.777743817947));
#5334 = CARTESIAN_POINT('',(-507.9265429784,-3.666521086724,
    69.477968316605));
#5335 = CARTESIAN_POINT('',(-503.6502824349,-3.245810884321,
    69.116026227958));
#5336 = CARTESIAN_POINT('',(-499.3719688989,-2.947260427356,
    69.229965317798));
#5337 = CARTESIAN_POINT('',(-495.0930022696,-2.736102630607,
    69.106458963194));
#5338 = CARTESIAN_POINT('',(-490.8081538754,-2.735761910236,
    69.029383258121));
#5339 = CARTESIAN_POINT('',(-486.5308534552,-2.632032940661,
    68.995325585637));
#5340 = CARTESIAN_POINT('',(-482.2516859036,-2.605540864315,
    68.971263287931));
#5341 = CARTESIAN_POINT('',(-477.9730655022,-2.59830998403,
    68.951607746412));
#5342 = CARTESIAN_POINT('',(-473.6960456193,-2.530578890301,
    68.944357125121));
#5343 = CARTESIAN_POINT('',(-469.4152062773,-2.486896832832,
    68.942664532334));
#5344 = CARTESIAN_POINT('',(-465.1421872703,-2.291018287001,
    68.963368677698));
#5345 = CARTESIAN_POINT('',(-460.8166932288,-2.488754485695,
    68.933823547119));
#5346 = CARTESIAN_POINT('',(-456.4952571487,-1.550667044363,
    69.136871641024));
#5347 = CARTESIAN_POINT('',(-452.4504000069,0.437100053763,
    69.490799697636));
#5348 = CARTESIAN_POINT('',(-447.9424683801,-0.168723212599,
    69.505433658953));
#5349 = CARTESIAN_POINT('',(-443.7524033406,1.631594187584,
    69.828797508964));
#5350 = CARTESIAN_POINT('',(-439.4974420849,0.860767605891,
    69.864443520055));
#5351 = CARTESIAN_POINT('',(-435.1419433011,0.280450767231,
    69.887213593088));
#5352 = CARTESIAN_POINT('',(-430.9728274171,-1.051223713414,
    69.833475528273));
#5353 = CARTESIAN_POINT('',(-426.6766705817,-1.293012752443,
    69.891030225275));
#5354 = CARTESIAN_POINT('',(-423.4568555526,0.821806989107,
    70.123894667871));
#5355 = CARTESIAN_POINT('',(-422.3597,-1.944100122933,69.872733481982));
#5356 = CARTESIAN_POINT('',(-679.0382,-2.294040043996,69.334063104501));
#5357 = CARTESIAN_POINT('',(-677.9018430398,-5.695290528218,
    69.73795528632));
#5358 = CARTESIAN_POINT('',(-674.6570379481,-2.522385037811,
    69.306781150625));
#5359 = CARTESIAN_POINT('',(-670.4801286148,-4.844321993518,
    69.606466777552));
#5360 = CARTESIAN_POINT('',(-666.2529876958,-6.170093063523,
    69.681787262946));
#5361 = CARTESIAN_POINT('',(-661.8309289879,-5.83985113072,
    69.539199344826));
#5362 = CARTESIAN_POINT('',(-657.7320144142,-8.883229563242,
    69.949368841131));
#5363 = CARTESIAN_POINT('',(-653.3812140229,-8.691221883493,
    69.948495776331));
#5364 = CARTESIAN_POINT('',(-648.9513854559,-9.353899075579,
    70.076025540846));
#5365 = CARTESIAN_POINT('',(-644.9070855266,-9.299435012482,
    70.154538182175));
#5366 = CARTESIAN_POINT('',(-640.582063889,-10.78381376972,
    70.508515301927));
#5367 = CARTESIAN_POINT('',(-636.2554682792,-10.61672221309,
    70.606082469373));
#5368 = CARTESIAN_POINT('',(-631.9824711096,-10.95966057321,
    70.810338696774));
#5369 = CARTESIAN_POINT('',(-627.7019615338,-10.90972425442,
    70.936962242419));
#5370 = CARTESIAN_POINT('',(-623.4245711463,-11.03232085009,
    71.131572374205));
#5371 = CARTESIAN_POINT('',(-619.1463832312,-11.1080050061,
    71.348730267676));
#5372 = CARTESIAN_POINT('',(-614.8669156658,-10.9739597987,
    71.556138041154));
#5373 = CARTESIAN_POINT('',(-610.5898165078,-10.64733679212,
    71.748314271276));
#5374 = CARTESIAN_POINT('',(-606.3045105877,-10.35585042192,
    72.021982018416));
#5375 = CARTESIAN_POINT('',(-602.0277566031,-9.600695617124,
    72.19159631709));
#5376 = CARTESIAN_POINT('',(-597.7466019923,-8.60114270645,
    72.524146023093));
#5377 = CARTESIAN_POINT('',(-593.4714143357,-7.566862490277,
    72.597755919044));
#5378 = CARTESIAN_POINT('',(-589.1936176105,-6.361403771954,
    72.768804701034));
#5379 = CARTESIAN_POINT('',(-584.9304153006,-5.00353022399,
    72.889096134877));
#5380 = CARTESIAN_POINT('',(-580.6563793824,-3.756771552831,
    72.959119045651));
#5381 = CARTESIAN_POINT('',(-576.3740763318,-2.757568644453,
    72.85432723299));
#5382 = CARTESIAN_POINT('',(-572.0987272234,-1.956762706139,
    72.525225551491));
#5383 = CARTESIAN_POINT('',(-567.7524952784,-1.563645011797,
    72.089066502226));
#5384 = CARTESIAN_POINT('',(-563.5775738445,-2.014061207613,
    71.881301721037));
#5385 = CARTESIAN_POINT('',(-559.225311783,-0.863959891474,
    71.577540938033));
#5386 = CARTESIAN_POINT('',(-554.9153030247,-1.289721727306,
    71.611407176949));
#5387 = CARTESIAN_POINT('',(-550.6950514656,-2.104580359231,
    71.316642800136));
#5388 = CARTESIAN_POINT('',(-546.5054520859,-2.958601993443,
    71.173925171469));
#5389 = CARTESIAN_POINT('',(-542.014622175,-3.453305847308,
    70.844338551781));
#5390 = CARTESIAN_POINT('',(-537.9789076762,-5.540217303652,
    70.743021702682));
#5391 = CARTESIAN_POINT('',(-533.6216797195,-6.211122735388,
    70.332256097792));
#5392 = CARTESIAN_POINT('',(-529.3043766466,-6.397278022854,
    70.364301584274));
#5393 = CARTESIAN_POINT('',(-525.0222934397,-6.307561944576,
    70.239248125963));
#5394 = CARTESIAN_POINT('',(-520.7416746921,-6.033368277148,
    70.002016425152));
#5395 = CARTESIAN_POINT('',(-516.4671704399,-5.65298991626,
    69.631246807457));
#5396 = CARTESIAN_POINT('',(-512.204407681,-5.163774491715,
    69.302356220116));
#5397 = CARTESIAN_POINT('',(-507.9265429784,-4.748156149537,
    68.999964316997));
#5398 = CARTESIAN_POINT('',(-503.6502824349,-4.37680080346,
    68.582970746471));
#5399 = CARTESIAN_POINT('',(-499.3719688989,-4.189496595537,
    68.821593931091));
#5400 = CARTESIAN_POINT('',(-495.0930022696,-4.023702439507,
    68.679830560738));
#5401 = CARTESIAN_POINT('',(-490.8081538754,-4.056200465251,
    68.628352377441));
#5402 = CARTESIAN_POINT('',(-486.5308534552,-3.975708540924,
    68.608402155511));
#5403 = CARTESIAN_POINT('',(-482.2516859036,-3.959150991823,
    68.603899175632));
#5404 = CARTESIAN_POINT('',(-477.9730655022,-3.953108328415,
    68.602354689326));
#5405 = CARTESIAN_POINT('',(-473.6960456193,-3.868970136168,
    68.613552512368));
#5406 = CARTESIAN_POINT('',(-469.4152062773,-3.822883849382,
    68.62527478545));
#5407 = CARTESIAN_POINT('',(-465.1421872703,-3.594751047691,
    68.664295507039));
#5408 = CARTESIAN_POINT('',(-460.8166932288,-3.777608491846,
    68.651473560768));
#5409 = CARTESIAN_POINT('',(-456.4952571487,-2.740747910234,
    68.884503505484));
#5410 = CARTESIAN_POINT('',(-452.4504000069,-0.556908215571,
    69.282691002773));
#5411 = CARTESIAN_POINT('',(-447.9424683801,-1.15784309738,
    69.311140951991));
#5412 = CARTESIAN_POINT('',(-443.7524033406,0.794723434823,
    69.667273306632));
#5413 = CARTESIAN_POINT('',(-439.4974420849,0.207679888997,
    69.739675247697));
#5414 = CARTESIAN_POINT('',(-435.1419433011,-0.336693269414,
    69.774300458526));
#5415 = CARTESIAN_POINT('',(-430.9728274171,-1.610714551364,
    69.731431594592));
#5416 = CARTESIAN_POINT('',(-426.6766705817,-1.693967261702,
    69.814573671781));
#5417 = CARTESIAN_POINT('',(-423.4568555526,0.41704726803,
    70.051527486646));
#5418 = CARTESIAN_POINT('',(-422.3597,-2.325332833493,69.803403618465));
#5419 = DEFINITIONAL_REPRESENTATION('',(#5420),#5424);
#5420 = LINE('',#5421,#5422);
#5421 = CARTESIAN_POINT('',(20.,0.));
#5422 = VECTOR('',#5423,1.);
#5423 = DIRECTION('',(0.,1.));
#5424 = ( GEOMETRIC_REPRESENTATION_CONTEXT(2) 
PARAMETRIC_REPRESENTATION_CONTEXT() REPRESENTATION_CONTEXT('2D SPACE',''
  ) );
#5425 = ORIENTED_EDGE('',*,*,#5426,.F.);
#5426 = EDGE_CURVE('',#4963,#5217,#5427,.T.);
#5427 = SURFACE_CURVE('',#5428,(#5431,#5438),.PCURVE_S1.);
#5428 = B_SPLINE_CURVE_WITH_KNOTS('',1,(#5429,#5430),.UNSPECIFIED.,.F.,
  .F.,(2,2),(19.,20.),.PIECEWISE_BEZIER_KNOTS.);
#5429 = CARTESIAN_POINT('',(-422.3597,-1.561446716221,69.933741918365));
#5430 = CARTESIAN_POINT('',(-422.3597,-1.944100122933,69.872733481982));
#5431 = PCURVE('',#5038,#5432);
#5432 = DEFINITIONAL_REPRESENTATION('',(#5433),#5437);
#5433 = LINE('',#5434,#5435);
#5434 = CARTESIAN_POINT('',(0.,1.));
#5435 = VECTOR('',#5436,1.);
#5436 = DIRECTION('',(1.,0.));
#5437 = ( GEOMETRIC_REPRESENTATION_CONTEXT(2) 
PARAMETRIC_REPRESENTATION_CONTEXT() REPRESENTATION_CONTEXT('2D SPACE',''
  ) );
#5438 = PCURVE('',#401,#5439);
#5439 = DEFINITIONAL_REPRESENTATION('',(#5440),#5443);
#5440 = B_SPLINE_CURVE_WITH_KNOTS('',1,(#5441,#5442),.UNSPECIFIED.,.F.,
  .F.,(2,2),(19.,20.),.PIECEWISE_BEZIER_KNOTS.);
#5441 = CARTESIAN_POINT('',(1.331199332965,1.220857525824));
#5442 = CARTESIAN_POINT('',(1.711588154995,1.147033389847));
#5443 = ( GEOMETRIC_REPRESENTATION_CONTEXT(2) 
PARAMETRIC_REPRESENTATION_CONTEXT() REPRESENTATION_CONTEXT('2D SPACE',''
  ) );
#5444 = ORIENTED_EDGE('',*,*,#4962,.F.);
#5445 = ADVANCED_FACE('',(#5446),#5292,.T.);
#5446 = FACE_BOUND('',#5447,.T.);
#5447 = EDGE_LOOP('',(#5448,#5469,#5679,#5698));
#5448 = ORIENTED_EDGE('',*,*,#5449,.T.);
#5449 = EDGE_CURVE('',#5196,#5450,#5452,.T.);
#5450 = VERTEX_POINT('',#5451);
#5451 = CARTESIAN_POINT('',(-679.0382,-2.294040043996,69.334063104501));
#5452 = SURFACE_CURVE('',#5453,(#5456,#5463),.PCURVE_S1.);
#5453 = B_SPLINE_CURVE_WITH_KNOTS('',1,(#5454,#5455),.UNSPECIFIED.,.F.,
  .F.,(2,2),(20.,21.),.PIECEWISE_BEZIER_KNOTS.);
#5454 = CARTESIAN_POINT('',(-679.0382,-2.655040533617,69.512667610633));
#5455 = CARTESIAN_POINT('',(-679.0382,-2.294040043996,69.334063104501));
#5456 = PCURVE('',#5292,#5457);
#5457 = DEFINITIONAL_REPRESENTATION('',(#5458),#5462);
#5458 = LINE('',#5459,#5460);
#5459 = CARTESIAN_POINT('',(0.,0.));
#5460 = VECTOR('',#5461,1.);
#5461 = DIRECTION('',(1.,0.));
#5462 = ( GEOMETRIC_REPRESENTATION_CONTEXT(2) 
PARAMETRIC_REPRESENTATION_CONTEXT() REPRESENTATION_CONTEXT('2D SPACE',''
  ) );
#5463 = PCURVE('',#165,#5464);
#5464 = DEFINITIONAL_REPRESENTATION('',(#5465),#5468);
#5465 = B_SPLINE_CURVE_WITH_KNOTS('',1,(#5466,#5467),.UNSPECIFIED.,.F.,
  .F.,(2,2),(20.,21.),.PIECEWISE_BEZIER_KNOTS.);
#5466 = CARTESIAN_POINT('',(7.138675907125,0.265118913615));
#5467 = CARTESIAN_POINT('',(6.762958928308,0.4102315421));
#5468 = ( GEOMETRIC_REPRESENTATION_CONTEXT(2) 
PARAMETRIC_REPRESENTATION_CONTEXT() REPRESENTATION_CONTEXT('2D SPACE',''
  ) );
#5469 = ORIENTED_EDGE('',*,*,#5470,.T.);
#5470 = EDGE_CURVE('',#5450,#5471,#5473,.T.);
#5471 = VERTEX_POINT('',#5472);
#5472 = CARTESIAN_POINT('',(-422.3597,-2.325332833493,69.803403618465));
#5473 = SURFACE_CURVE('',#5474,(#5538,#5545),.PCURVE_S1.);
#5474 = ( BOUNDED_CURVE() B_SPLINE_CURVE(3,(#5475,#5476,#5477,#5478,
    #5479,#5480,#5481,#5482,#5483,#5484,#5485,#5486,#5487,#5488,#5489,
    #5490,#5491,#5492,#5493,#5494,#5495,#5496,#5497,#5498,#5499,#5500,
    #5501,#5502,#5503,#5504,#5505,#5506,#5507,#5508,#5509,#5510,#5511,
    #5512,#5513,#5514,#5515,#5516,#5517,#5518,#5519,#5520,#5521,#5522,
    #5523,#5524,#5525,#5526,#5527,#5528,#5529,#5530,#5531,#5532,#5533,
    #5534,#5535,#5536,#5537),.UNSPECIFIED.,.F.,.F.) 
B_SPLINE_CURVE_WITH_KNOTS((4,1,1,1,1,1,1,1,1,1,1,1,1,1,1,1,1,1,1,1,1,1,1
    ,1,1,1,1,1,1,1,1,1,1,1,1,1,1,1,1,1,1,1,1,1,1,1,1,1,1,1,1,1,1,1,1,1,1
    ,1,1,1,4),(0.,1.671164831231E-02,3.327803306227E-02,
    5.000925566809E-02,6.648034363626E-02,8.347574416348E-02,
    9.998031801332E-02,0.116453562429,0.133787455732,0.150582398826,
    0.167003889564,0.183421183117,0.199831572897,0.216243077967,
    0.232654966281,0.249069049,0.265493630469,0.281929899437,
    0.298422530809,0.314972313288,0.331595845732,0.348279560524,
    0.365009232075,0.38168560036,0.398277240471,0.414799735375,
    0.431302994143,0.448140075223,0.464749604184,0.481553115126,
    0.498808354232,0.516050152658,0.532842545742,0.550335828942,
    0.567153130692,0.583652514422,0.600175882991,0.616768685323,
    0.633448038712,0.650182180915,0.666869665762,0.683497438564,
    0.700056495454,0.716547762365,0.732983596882,0.749407921308,
    0.765822295641,0.782233728406,0.798646209918,0.81505724388,
    0.831476734885,0.847901722287,0.864693603231,0.881980563987,
    0.898448960139,0.915352013848,0.932295303855,0.949097785181,
0.966200565614,0.982806308198,1.),.UNSPECIFIED.) CURVE() 
GEOMETRIC_REPRESENTATION_ITEM() RATIONAL_B_SPLINE_CURVE((1.,
    0.999999999979,1.00000000001,0.999999999997,1.000000000001,1.,1.,1.,
    1.,1.,1.,1.,1.,1.,1.,1.,1.,1.,1.,1.,1.,1.,1.,1.,1.,1.,1.,1.,1.,1.,1.
    ,1.,1.,1.,1.,1.,1.,1.,1.,1.,1.,1.,1.,1.,1.,1.,1.,1.,1.,1.,1.,1.,1.,
    1.,1.,1.,1.,1.,0.999999999998,1.000000000007,0.999999999976,
1.000000000054,1.)) REPRESENTATION_ITEM('') );
#5475 = CARTESIAN_POINT('',(-679.0382,-2.294040043996,69.334063104501));
#5476 = CARTESIAN_POINT('',(-677.9018430398,-5.695290528218,
    69.73795528632));
#5477 = CARTESIAN_POINT('',(-674.6570379481,-2.522385037811,
    69.306781150625));
#5478 = CARTESIAN_POINT('',(-670.4801286148,-4.844321993518,
    69.606466777552));
#5479 = CARTESIAN_POINT('',(-666.2529876958,-6.170093063523,
    69.681787262946));
#5480 = CARTESIAN_POINT('',(-661.8309289879,-5.83985113072,
    69.539199344826));
#5481 = CARTESIAN_POINT('',(-657.7320144142,-8.883229563242,
    69.949368841131));
#5482 = CARTESIAN_POINT('',(-653.3812140229,-8.691221883493,
    69.948495776331));
#5483 = CARTESIAN_POINT('',(-648.9513854559,-9.353899075579,
    70.076025540846));
#5484 = CARTESIAN_POINT('',(-644.9070855266,-9.299435012482,
    70.154538182175));
#5485 = CARTESIAN_POINT('',(-640.582063889,-10.78381376972,
    70.508515301927));
#5486 = CARTESIAN_POINT('',(-636.2554682792,-10.61672221309,
    70.606082469373));
#5487 = CARTESIAN_POINT('',(-631.9824711096,-10.95966057321,
    70.810338696774));
#5488 = CARTESIAN_POINT('',(-627.7019615338,-10.90972425442,
    70.936962242419));
#5489 = CARTESIAN_POINT('',(-623.4245711463,-11.03232085009,
    71.131572374205));
#5490 = CARTESIAN_POINT('',(-619.1463832312,-11.1080050061,
    71.348730267676));
#5491 = CARTESIAN_POINT('',(-614.8669156658,-10.9739597987,
    71.556138041154));
#5492 = CARTESIAN_POINT('',(-610.5898165078,-10.64733679212,
    71.748314271276));
#5493 = CARTESIAN_POINT('',(-606.3045105877,-10.35585042192,
    72.021982018416));
#5494 = CARTESIAN_POINT('',(-602.0277566031,-9.600695617124,
    72.19159631709));
#5495 = CARTESIAN_POINT('',(-597.7466019923,-8.60114270645,
    72.524146023093));
#5496 = CARTESIAN_POINT('',(-593.4714143357,-7.566862490277,
    72.597755919044));
#5497 = CARTESIAN_POINT('',(-589.1936176105,-6.361403771954,
    72.768804701034));
#5498 = CARTESIAN_POINT('',(-584.9304153006,-5.00353022399,
    72.889096134877));
#5499 = CARTESIAN_POINT('',(-580.6563793824,-3.756771552831,
    72.959119045651));
#5500 = CARTESIAN_POINT('',(-576.3740763318,-2.757568644453,
    72.85432723299));
#5501 = CARTESIAN_POINT('',(-572.0987272234,-1.956762706139,
    72.525225551491));
#5502 = CARTESIAN_POINT('',(-567.7524952784,-1.563645011797,
    72.089066502226));
#5503 = CARTESIAN_POINT('',(-563.5775738445,-2.014061207613,
    71.881301721037));
#5504 = CARTESIAN_POINT('',(-559.225311783,-0.863959891474,
    71.577540938033));
#5505 = CARTESIAN_POINT('',(-554.9153030247,-1.289721727306,
    71.611407176949));
#5506 = CARTESIAN_POINT('',(-550.6950514656,-2.104580359231,
    71.316642800136));
#5507 = CARTESIAN_POINT('',(-546.5054520859,-2.958601993443,
    71.173925171469));
#5508 = CARTESIAN_POINT('',(-542.014622175,-3.453305847308,
    70.844338551781));
#5509 = CARTESIAN_POINT('',(-537.9789076762,-5.540217303652,
    70.743021702682));
#5510 = CARTESIAN_POINT('',(-533.6216797195,-6.211122735388,
    70.332256097792));
#5511 = CARTESIAN_POINT('',(-529.3043766466,-6.397278022854,
    70.364301584274));
#5512 = CARTESIAN_POINT('',(-525.0222934397,-6.307561944576,
    70.239248125963));
#5513 = CARTESIAN_POINT('',(-520.7416746921,-6.033368277148,
    70.002016425152));
#5514 = CARTESIAN_POINT('',(-516.4671704399,-5.65298991626,
    69.631246807457));
#5515 = CARTESIAN_POINT('',(-512.204407681,-5.163774491715,
    69.302356220116));
#5516 = CARTESIAN_POINT('',(-507.9265429784,-4.748156149537,
    68.999964316997));
#5517 = CARTESIAN_POINT('',(-503.6502824349,-4.37680080346,
    68.582970746471));
#5518 = CARTESIAN_POINT('',(-499.3719688989,-4.189496595537,
    68.821593931091));
#5519 = CARTESIAN_POINT('',(-495.0930022696,-4.023702439507,
    68.679830560738));
#5520 = CARTESIAN_POINT('',(-490.8081538754,-4.056200465251,
    68.628352377441));
#5521 = CARTESIAN_POINT('',(-486.5308534552,-3.975708540924,
    68.608402155511));
#5522 = CARTESIAN_POINT('',(-482.2516859036,-3.959150991823,
    68.603899175632));
#5523 = CARTESIAN_POINT('',(-477.9730655022,-3.953108328415,
    68.602354689326));
#5524 = CARTESIAN_POINT('',(-473.6960456193,-3.868970136168,
    68.613552512368));
#5525 = CARTESIAN_POINT('',(-469.4152062773,-3.822883849382,
    68.62527478545));
#5526 = CARTESIAN_POINT('',(-465.1421872703,-3.594751047691,
    68.664295507039));
#5527 = CARTESIAN_POINT('',(-460.8166932288,-3.777608491846,
    68.651473560768));
#5528 = CARTESIAN_POINT('',(-456.4952571487,-2.740747910234,
    68.884503505484));
#5529 = CARTESIAN_POINT('',(-452.4504000069,-0.556908215571,
    69.282691002773));
#5530 = CARTESIAN_POINT('',(-447.9424683801,-1.15784309738,
    69.311140951991));
#5531 = CARTESIAN_POINT('',(-443.7524033406,0.794723434823,
    69.667273306632));
#5532 = CARTESIAN_POINT('',(-439.4974420849,0.207679888997,
    69.739675247697));
#5533 = CARTESIAN_POINT('',(-435.1419433011,-0.336693269414,
    69.774300458526));
#5534 = CARTESIAN_POINT('',(-430.9728274171,-1.610714551364,
    69.731431594592));
#5535 = CARTESIAN_POINT('',(-426.6766705817,-1.693967261702,
    69.814573671781));
#5536 = CARTESIAN_POINT('',(-423.4568555526,0.41704726803,
    70.051527486646));
#5537 = CARTESIAN_POINT('',(-422.3597,-2.325332833493,69.803403618465));
#5538 = PCURVE('',#5292,#5539);
#5539 = DEFINITIONAL_REPRESENTATION('',(#5540),#5544);
#5540 = LINE('',#5541,#5542);
#5541 = CARTESIAN_POINT('',(21.,0.));
#5542 = VECTOR('',#5543,1.);
#5543 = DIRECTION('',(0.,1.));
#5544 = ( GEOMETRIC_REPRESENTATION_CONTEXT(2) 
PARAMETRIC_REPRESENTATION_CONTEXT() REPRESENTATION_CONTEXT('2D SPACE',''
  ) );
#5545 = PCURVE('',#5546,#5673);
#5546 = ( BOUNDED_SURFACE() B_SPLINE_SURFACE(1,3,(
    (#5547,#5548,#5549,#5550,#5551,#5552,#5553,#5554,#5555,#5556,#5557
      ,#5558,#5559,#5560,#5561,#5562,#5563,#5564,#5565,#5566,#5567,#5568
      ,#5569,#5570,#5571,#5572,#5573,#5574,#5575,#5576,#5577,#5578,#5579
      ,#5580,#5581,#5582,#5583,#5584,#5585,#5586,#5587,#5588,#5589,#5590
      ,#5591,#5592,#5593,#5594,#5595,#5596,#5597,#5598,#5599,#5600,#5601
      ,#5602,#5603,#5604,#5605,#5606,#5607,#5608,#5609)
    ,(#5610,#5611,#5612,#5613,#5614,#5615,#5616,#5617,#5618,#5619,#5620
      ,#5621,#5622,#5623,#5624,#5625,#5626,#5627,#5628,#5629,#5630,#5631
      ,#5632,#5633,#5634,#5635,#5636,#5637,#5638,#5639,#5640,#5641,#5642
      ,#5643,#5644,#5645,#5646,#5647,#5648,#5649,#5650,#5651,#5652,#5653
      ,#5654,#5655,#5656,#5657,#5658,#5659,#5660,#5661,#5662,#5663,#5664
      ,#5665,#5666,#5667,#5668,#5669,#5670,#5671,#5672
)),.UNSPECIFIED.,.F.,.F.,.F.) B_SPLINE_SURFACE_WITH_KNOTS((2,2),(4,1,1,1
    ,1,1,1,1,1,1,1,1,1,1,1,1,1,1,1,1,1,1,1,1,1,1,1,1,1,1,1,1,1,1,1,1,1,1
    ,1,1,1,1,1,1,1,1,1,1,1,1,1,1,1,1,1,1,1,1,1,1,4),(21.,22.),(0.,
    1.671164831231E-02,3.327803306227E-02,5.000925566809E-02,
    6.648034363626E-02,8.347574416348E-02,9.998031801332E-02,
    0.116453562429,0.133787455732,0.150582398826,0.167003889564,
    0.183421183117,0.199831572897,0.216243077967,0.232654966281,
    0.249069049,0.265493630469,0.281929899437,0.298422530809,
    0.314972313288,0.331595845732,0.348279560524,0.365009232075,
    0.38168560036,0.398277240471,0.414799735375,0.431302994143,
    0.448140075223,0.464749604184,0.481553115126,0.498808354232,
    0.516050152658,0.532842545742,0.550335828942,0.567153130692,
    0.583652514422,0.600175882991,0.616768685323,0.633448038712,
    0.650182180915,0.666869665762,0.683497438564,0.700056495454,
    0.716547762365,0.732983596882,0.749407921308,0.765822295641,
    0.782233728406,0.798646209918,0.81505724388,0.831476734885,
    0.847901722287,0.864693603231,0.881980563987,0.898448960139,
    0.915352013848,0.932295303855,0.949097785181,0.966200565614,
0.982806308198,1.),.UNSPECIFIED.) GEOMETRIC_REPRESENTATION_ITEM() 
RATIONAL_B_SPLINE_SURFACE((
    (1.,0.999999999979,1.00000000001,0.999999999997,1.000000000001,1.,1.
      ,1.,1.,1.,1.,1.,1.,1.,1.,1.,1.,1.,1.,1.,1.,1.,1.,1.,1.,1.,1.,1.,1.
      ,1.,1.,1.,1.,1.,1.,1.,1.,1.,1.,1.,1.,1.,1.,1.,1.,1.,1.,1.,1.,1.,1.
      ,1.,1.,1.,1.,1.,1.,1.,0.999999999998,1.000000000007,0.999999999976
      ,1.000000000054,1.)
    ,(1.,0.999999999979,1.00000000001,0.999999999997,1.000000000001,1.
      ,1.,1.,1.,1.,1.,1.,1.,1.,1.,1.,1.,1.,1.,1.,1.,1.,1.,1.,1.,1.,1.,1.
      ,1.,1.,1.,1.,1.,1.,1.,1.,1.,1.,1.,1.,1.,1.,1.,1.,1.,1.,1.,1.,1.,1.
      ,1.,1.,1.,1.,1.,1.,1.,1.,0.999999999998,1.000000000007
,0.999999999976,1.000000000054,1.
  ))) REPRESENTATION_ITEM('') SURFACE() );
#5547 = CARTESIAN_POINT('',(-679.0382,-2.294040043996,69.334063104501));
#5548 = CARTESIAN_POINT('',(-677.9018430398,-5.695290528218,
    69.73795528632));
#5549 = CARTESIAN_POINT('',(-674.6570379481,-2.522385037811,
    69.306781150625));
#5550 = CARTESIAN_POINT('',(-670.4801286148,-4.844321993518,
    69.606466777552));
#5551 = CARTESIAN_POINT('',(-666.2529876958,-6.170093063523,
    69.681787262946));
#5552 = CARTESIAN_POINT('',(-661.8309289879,-5.83985113072,
    69.539199344826));
#5553 = CARTESIAN_POINT('',(-657.7320144142,-8.883229563242,
    69.949368841131));
#5554 = CARTESIAN_POINT('',(-653.3812140229,-8.691221883493,
    69.948495776331));
#5555 = CARTESIAN_POINT('',(-648.9513854559,-9.353899075579,
    70.076025540846));
#5556 = CARTESIAN_POINT('',(-644.9070855266,-9.299435012482,
    70.154538182175));
#5557 = CARTESIAN_POINT('',(-640.582063889,-10.78381376972,
    70.508515301927));
#5558 = CARTESIAN_POINT('',(-636.2554682792,-10.61672221309,
    70.606082469373));
#5559 = CARTESIAN_POINT('',(-631.9824711096,-10.95966057321,
    70.810338696774));
#5560 = CARTESIAN_POINT('',(-627.7019615338,-10.90972425442,
    70.936962242419));
#5561 = CARTESIAN_POINT('',(-623.4245711463,-11.03232085009,
    71.131572374205));
#5562 = CARTESIAN_POINT('',(-619.1463832312,-11.1080050061,
    71.348730267676));
#5563 = CARTESIAN_POINT('',(-614.8669156658,-10.9739597987,
    71.556138041154));
#5564 = CARTESIAN_POINT('',(-610.5898165078,-10.64733679212,
    71.748314271276));
#5565 = CARTESIAN_POINT('',(-606.3045105877,-10.35585042192,
    72.021982018416));
#5566 = CARTESIAN_POINT('',(-602.0277566031,-9.600695617124,
    72.19159631709));
#5567 = CARTESIAN_POINT('',(-597.7466019923,-8.60114270645,
    72.524146023093));
#5568 = CARTESIAN_POINT('',(-593.4714143357,-7.566862490277,
    72.597755919044));
#5569 = CARTESIAN_POINT('',(-589.1936176105,-6.361403771954,
    72.768804701034));
#5570 = CARTESIAN_POINT('',(-584.9304153006,-5.00353022399,
    72.889096134877));
#5571 = CARTESIAN_POINT('',(-580.6563793824,-3.756771552831,
    72.959119045651));
#5572 = CARTESIAN_POINT('',(-576.3740763318,-2.757568644453,
    72.85432723299));
#5573 = CARTESIAN_POINT('',(-572.0987272234,-1.956762706139,
    72.525225551491));
#5574 = CARTESIAN_POINT('',(-567.7524952784,-1.563645011797,
    72.089066502226));
#5575 = CARTESIAN_POINT('',(-563.5775738445,-2.014061207613,
    71.881301721037));
#5576 = CARTESIAN_POINT('',(-559.225311783,-0.863959891474,
    71.577540938033));
#5577 = CARTESIAN_POINT('',(-554.9153030247,-1.289721727306,
    71.611407176949));
#5578 = CARTESIAN_POINT('',(-550.6950514656,-2.104580359231,
    71.316642800136));
#5579 = CARTESIAN_POINT('',(-546.5054520859,-2.958601993443,
    71.173925171469));
#5580 = CARTESIAN_POINT('',(-542.014622175,-3.453305847308,
    70.844338551781));
#5581 = CARTESIAN_POINT('',(-537.9789076762,-5.540217303652,
    70.743021702682));
#5582 = CARTESIAN_POINT('',(-533.6216797195,-6.211122735388,
    70.332256097792));
#5583 = CARTESIAN_POINT('',(-529.3043766466,-6.397278022854,
    70.364301584274));
#5584 = CARTESIAN_POINT('',(-525.0222934397,-6.307561944576,
    70.239248125963));
#5585 = CARTESIAN_POINT('',(-520.7416746921,-6.033368277148,
    70.002016425152));
#5586 = CARTESIAN_POINT('',(-516.4671704399,-5.65298991626,
    69.631246807457));
#5587 = CARTESIAN_POINT('',(-512.204407681,-5.163774491715,
    69.302356220116));
#5588 = CARTESIAN_POINT('',(-507.9265429784,-4.748156149537,
    68.999964316997));
#5589 = CARTESIAN_POINT('',(-503.6502824349,-4.37680080346,
    68.582970746471));
#5590 = CARTESIAN_POINT('',(-499.3719688989,-4.189496595537,
    68.821593931091));
#5591 = CARTESIAN_POINT('',(-495.0930022696,-4.023702439507,
    68.679830560738));
#5592 = CARTESIAN_POINT('',(-490.8081538754,-4.056200465251,
    68.628352377441));
#5593 = CARTESIAN_POINT('',(-486.5308534552,-3.975708540924,
    68.608402155511));
#5594 = CARTESIAN_POINT('',(-482.2516859036,-3.959150991823,
    68.603899175632));
#5595 = CARTESIAN_POINT('',(-477.9730655022,-3.953108328415,
    68.602354689326));
#5596 = CARTESIAN_POINT('',(-473.6960456193,-3.868970136168,
    68.613552512368));
#5597 = CARTESIAN_POINT('',(-469.4152062773,-3.822883849382,
    68.62527478545));
#5598 = CARTESIAN_POINT('',(-465.1421872703,-3.594751047691,
    68.664295507039));
#5599 = CARTESIAN_POINT('',(-460.8166932288,-3.777608491846,
    68.651473560768));
#5600 = CARTESIAN_POINT('',(-456.4952571487,-2.740747910234,
    68.884503505484));
#5601 = CARTESIAN_POINT('',(-452.4504000069,-0.556908215571,
    69.282691002773));
#5602 = CARTESIAN_POINT('',(-447.9424683801,-1.15784309738,
    69.311140951991));
#5603 = CARTESIAN_POINT('',(-443.7524033406,0.794723434823,
    69.667273306632));
#5604 = CARTESIAN_POINT('',(-439.4974420849,0.207679888997,
    69.739675247697));
#5605 = CARTESIAN_POINT('',(-435.1419433011,-0.336693269414,
    69.774300458526));
#5606 = CARTESIAN_POINT('',(-430.9728274171,-1.610714551364,
    69.731431594592));
#5607 = CARTESIAN_POINT('',(-426.6766705817,-1.693967261702,
    69.814573671781));
#5608 = CARTESIAN_POINT('',(-423.4568555526,0.41704726803,
    70.051527486646));
#5609 = CARTESIAN_POINT('',(-422.3597,-2.325332833493,69.803403618465));
#5610 = CARTESIAN_POINT('',(-679.0382,-1.91615679378,69.193822127315));
#5611 = CARTESIAN_POINT('',(-677.9018430398,-5.117855948241,
    69.57127523497));
#5612 = CARTESIAN_POINT('',(-674.6570379481,-2.0829346771,
    69.157801355399));
#5613 = CARTESIAN_POINT('',(-670.4801286148,-4.219650071794,
    69.428507128365));
#5614 = CARTESIAN_POINT('',(-666.2529876958,-5.503647854998,
    69.496407461553));
#5615 = CARTESIAN_POINT('',(-661.8309289879,-5.219625540919,
    69.356171152876));
#5616 = CARTESIAN_POINT('',(-657.7320144142,-8.02571370318,
    69.723496890703));
#5617 = CARTESIAN_POINT('',(-653.3812140229,-7.791779227962,
    69.704197354886));
#5618 = CARTESIAN_POINT('',(-648.9513854559,-8.421863756006,
    69.815348698829));
#5619 = CARTESIAN_POINT('',(-644.9070855266,-8.175527828587,
    69.851272648364));
#5620 = CARTESIAN_POINT('',(-640.582063889,-9.481941321097,
    70.162289970942));
#5621 = CARTESIAN_POINT('',(-636.2554682792,-9.327077362899,
    70.24935901937));
#5622 = CARTESIAN_POINT('',(-631.9824711096,-9.634881711427,
    70.435543801162));
#5623 = CARTESIAN_POINT('',(-627.7019615338,-9.583336561816,
    70.550445442914));
#5624 = CARTESIAN_POINT('',(-623.4245711463,-9.694530444135,
    70.729131438658));
#5625 = CARTESIAN_POINT('',(-619.1463832312,-9.765787728385,
    70.929092085175));
#5626 = CARTESIAN_POINT('',(-614.8669156658,-9.644054149373,
    71.120492975352));
#5627 = CARTESIAN_POINT('',(-610.5898165078,-9.343077675607,
    71.29932647894));
#5628 = CARTESIAN_POINT('',(-606.3045105877,-9.083523796224,
    71.550449691822));
#5629 = CARTESIAN_POINT('',(-602.0277566031,-8.379004345748,
    71.728539783748));
#5630 = CARTESIAN_POINT('',(-597.7466019923,-7.486002025674,
    71.967465770247));
#5631 = CARTESIAN_POINT('',(-593.4714143357,-6.553523231795,
    72.00249233682));
#5632 = CARTESIAN_POINT('',(-589.1936176105,-5.474105656884,
    72.121741695234));
#5633 = CARTESIAN_POINT('',(-584.9304153006,-4.238981074671,
    72.208135926808));
#5634 = CARTESIAN_POINT('',(-580.6563793824,-3.101217028543,
    72.269115619175));
#5635 = CARTESIAN_POINT('',(-576.3740763318,-2.171587013532,
    72.202930452163));
#5636 = CARTESIAN_POINT('',(-572.0987272234,-1.443030838165,
    71.91609515107));
#5637 = CARTESIAN_POINT('',(-567.7524952784,-1.04875228095,
    71.590480506618));
#5638 = CARTESIAN_POINT('',(-563.5775738445,-1.633383578701,
    71.331081793493));
#5639 = CARTESIAN_POINT('',(-559.225311783,-0.58260222625,
    71.048550726886));
#5640 = CARTESIAN_POINT('',(-554.9153030247,-1.086334751631,
    70.980291077386));
#5641 = CARTESIAN_POINT('',(-550.6950514656,-2.116601368825,
    70.764842342913));
#5642 = CARTESIAN_POINT('',(-546.5054520859,-3.178599149425,
    70.573542374477));
#5643 = CARTESIAN_POINT('',(-542.014622175,-3.761502023914,
    70.346902300268));
#5644 = CARTESIAN_POINT('',(-537.9789076762,-5.965894773037,
    70.250676060638));
#5645 = CARTESIAN_POINT('',(-533.6216797195,-6.816423143581,
    69.936577538544));
#5646 = CARTESIAN_POINT('',(-529.3043766466,-7.029939951944,
    69.885476425141));
#5647 = CARTESIAN_POINT('',(-525.0222934397,-7.033306977506,
    69.751813766113));
#5648 = CARTESIAN_POINT('',(-520.7416746921,-6.847733441719,
    69.508339938536));
#5649 = CARTESIAN_POINT('',(-516.4671704399,-6.560798180334,
    69.145132014477));
#5650 = CARTESIAN_POINT('',(-512.204407681,-6.150727718962,
    68.794966150917));
#5651 = CARTESIAN_POINT('',(-507.9265429784,-5.815482254115,
    68.492553485782));
#5652 = CARTESIAN_POINT('',(-503.6502824349,-5.462521888467,
    67.949181920491));
#5653 = CARTESIAN_POINT('',(-499.3719688989,-5.440181123447,
    68.430031824888));
#5654 = CARTESIAN_POINT('',(-495.0930022696,-5.305678752769,
    68.238633997898));
#5655 = CARTESIAN_POINT('',(-490.8081538754,-5.374966308141,
    68.221061671243));
#5656 = CARTESIAN_POINT('',(-486.5308534552,-5.316825688974,
    68.212948207086));
#5657 = CARTESIAN_POINT('',(-482.2516859036,-5.310595118316,
    68.228569131461));
#5658 = CARTESIAN_POINT('',(-477.9730655022,-5.305771345964,
    68.244947473582));
#5659 = CARTESIAN_POINT('',(-473.6960456193,-5.205325703409,
    68.274613728939));
#5660 = CARTESIAN_POINT('',(-469.4152062773,-5.156903519138,
    68.299720642612));
#5661 = CARTESIAN_POINT('',(-465.1421872703,-4.896579422986,
    68.357041901684));
#5662 = CARTESIAN_POINT('',(-460.8166932288,-5.064636761377,
    68.360921477682));
#5663 = CARTESIAN_POINT('',(-456.4952571487,-3.929052533031,
    68.62390946001));
#5664 = CARTESIAN_POINT('',(-452.4504000069,-1.549146799021,
    69.066309558941));
#5665 = CARTESIAN_POINT('',(-447.9424683801,-2.145294807715,
    69.108549728527));
#5666 = CARTESIAN_POINT('',(-443.7524033406,-4.049165621442E-02,
    69.497402594019));
#5667 = CARTESIAN_POINT('',(-439.4974420849,-0.443731153813,
    69.606441647483));
#5668 = CARTESIAN_POINT('',(-435.1419433011,-0.952215179584,
    69.652867811729));
#5669 = CARTESIAN_POINT('',(-430.9728274171,-2.168571295855,
    69.620799782248));
#5670 = CARTESIAN_POINT('',(-426.6766705817,-2.093163596383,
    69.729313014778));
#5671 = CARTESIAN_POINT('',(-423.4568555526,1.404196036271E-02,
    69.970166103151));
#5672 = CARTESIAN_POINT('',(-422.3597,-2.70481767312,69.725078821635));
#5673 = DEFINITIONAL_REPRESENTATION('',(#5674),#5678);
#5674 = LINE('',#5675,#5676);
#5675 = CARTESIAN_POINT('',(21.,0.));
#5676 = VECTOR('',#5677,1.);
#5677 = DIRECTION('',(0.,1.));
#5678 = ( GEOMETRIC_REPRESENTATION_CONTEXT(2) 
PARAMETRIC_REPRESENTATION_CONTEXT() REPRESENTATION_CONTEXT('2D SPACE',''
  ) );
#5679 = ORIENTED_EDGE('',*,*,#5680,.F.);
#5680 = EDGE_CURVE('',#5217,#5471,#5681,.T.);
#5681 = SURFACE_CURVE('',#5682,(#5685,#5692),.PCURVE_S1.);
#5682 = B_SPLINE_CURVE_WITH_KNOTS('',1,(#5683,#5684),.UNSPECIFIED.,.F.,
  .F.,(2,2),(20.,21.),.PIECEWISE_BEZIER_KNOTS.);
#5683 = CARTESIAN_POINT('',(-422.3597,-1.944100122933,69.872733481982));
#5684 = CARTESIAN_POINT('',(-422.3597,-2.325332833493,69.803403618465));
#5685 = PCURVE('',#5292,#5686);
#5686 = DEFINITIONAL_REPRESENTATION('',(#5687),#5691);
#5687 = LINE('',#5688,#5689);
#5688 = CARTESIAN_POINT('',(0.,1.));
#5689 = VECTOR('',#5690,1.);
#5690 = DIRECTION('',(1.,0.));
#5691 = ( GEOMETRIC_REPRESENTATION_CONTEXT(2) 
PARAMETRIC_REPRESENTATION_CONTEXT() REPRESENTATION_CONTEXT('2D SPACE',''
  ) );
#5692 = PCURVE('',#401,#5693);
#5693 = DEFINITIONAL_REPRESENTATION('',(#5694),#5697);
#5694 = B_SPLINE_CURVE_WITH_KNOTS('',1,(#5695,#5696),.UNSPECIFIED.,.F.,
  .F.,(2,2),(20.,21.),.PIECEWISE_BEZIER_KNOTS.);
#5695 = CARTESIAN_POINT('',(1.711588154995,1.147033389847));
#5696 = CARTESIAN_POINT('',(2.090277635426,1.064940229427));
#5697 = ( GEOMETRIC_REPRESENTATION_CONTEXT(2) 
PARAMETRIC_REPRESENTATION_CONTEXT() REPRESENTATION_CONTEXT('2D SPACE',''
  ) );
#5698 = ORIENTED_EDGE('',*,*,#5216,.F.);
#5699 = ADVANCED_FACE('',(#5700),#5546,.T.);
#5700 = FACE_BOUND('',#5701,.T.);
#5701 = EDGE_LOOP('',(#5702,#5723,#5933,#5952));
#5702 = ORIENTED_EDGE('',*,*,#5703,.T.);
#5703 = EDGE_CURVE('',#5450,#5704,#5706,.T.);
#5704 = VERTEX_POINT('',#5705);
#5705 = CARTESIAN_POINT('',(-679.0382,-1.91615679378,69.193822127315));
#5706 = SURFACE_CURVE('',#5707,(#5710,#5717),.PCURVE_S1.);
#5707 = B_SPLINE_CURVE_WITH_KNOTS('',1,(#5708,#5709),.UNSPECIFIED.,.F.,
  .F.,(2,2),(21.,22.),.PIECEWISE_BEZIER_KNOTS.);
#5708 = CARTESIAN_POINT('',(-679.0382,-2.294040043996,69.334063104501));
#5709 = CARTESIAN_POINT('',(-679.0382,-1.91615679378,69.193822127315));
#5710 = PCURVE('',#5546,#5711);
#5711 = DEFINITIONAL_REPRESENTATION('',(#5712),#5716);
#5712 = LINE('',#5713,#5714);
#5713 = CARTESIAN_POINT('',(0.,0.));
#5714 = VECTOR('',#5715,1.);
#5715 = DIRECTION('',(1.,0.));
#5716 = ( GEOMETRIC_REPRESENTATION_CONTEXT(2) 
PARAMETRIC_REPRESENTATION_CONTEXT() REPRESENTATION_CONTEXT('2D SPACE',''
  ) );
#5717 = PCURVE('',#165,#5718);
#5718 = DEFINITIONAL_REPRESENTATION('',(#5719),#5722);
#5719 = B_SPLINE_CURVE_WITH_KNOTS('',1,(#5720,#5721),.UNSPECIFIED.,.F.,
  .F.,(2,2),(21.,22.),.PIECEWISE_BEZIER_KNOTS.);
#5720 = CARTESIAN_POINT('',(6.762958928308,0.4102315421));
#5721 = CARTESIAN_POINT('',(6.373909719276,0.515607039383));
#5722 = ( GEOMETRIC_REPRESENTATION_CONTEXT(2) 
PARAMETRIC_REPRESENTATION_CONTEXT() REPRESENTATION_CONTEXT('2D SPACE',''
  ) );
#5723 = ORIENTED_EDGE('',*,*,#5724,.T.);
#5724 = EDGE_CURVE('',#5704,#5725,#5727,.T.);
#5725 = VERTEX_POINT('',#5726);
#5726 = CARTESIAN_POINT('',(-422.3597,-2.70481767312,69.725078821635));
#5727 = SURFACE_CURVE('',#5728,(#5792,#5799),.PCURVE_S1.);
#5728 = ( BOUNDED_CURVE() B_SPLINE_CURVE(3,(#5729,#5730,#5731,#5732,
    #5733,#5734,#5735,#5736,#5737,#5738,#5739,#5740,#5741,#5742,#5743,
    #5744,#5745,#5746,#5747,#5748,#5749,#5750,#5751,#5752,#5753,#5754,
    #5755,#5756,#5757,#5758,#5759,#5760,#5761,#5762,#5763,#5764,#5765,
    #5766,#5767,#5768,#5769,#5770,#5771,#5772,#5773,#5774,#5775,#5776,
    #5777,#5778,#5779,#5780,#5781,#5782,#5783,#5784,#5785,#5786,#5787,
    #5788,#5789,#5790,#5791),.UNSPECIFIED.,.F.,.F.) 
B_SPLINE_CURVE_WITH_KNOTS((4,1,1,1,1,1,1,1,1,1,1,1,1,1,1,1,1,1,1,1,1,1,1
    ,1,1,1,1,1,1,1,1,1,1,1,1,1,1,1,1,1,1,1,1,1,1,1,1,1,1,1,1,1,1,1,1,1,1
    ,1,1,1,4),(0.,1.671164831231E-02,3.327803306227E-02,
    5.000925566809E-02,6.648034363626E-02,8.347574416348E-02,
    9.998031801332E-02,0.116453562429,0.133787455732,0.150582398826,
    0.167003889564,0.183421183117,0.199831572897,0.216243077967,
    0.232654966281,0.249069049,0.265493630469,0.281929899437,
    0.298422530809,0.314972313288,0.331595845732,0.348279560524,
    0.365009232075,0.38168560036,0.398277240471,0.414799735375,
    0.431302994143,0.448140075223,0.464749604184,0.481553115126,
    0.498808354232,0.516050152658,0.532842545742,0.550335828942,
    0.567153130692,0.583652514422,0.600175882991,0.616768685323,
    0.633448038712,0.650182180915,0.666869665762,0.683497438564,
    0.700056495454,0.716547762365,0.732983596882,0.749407921308,
    0.765822295641,0.782233728406,0.798646209918,0.81505724388,
    0.831476734885,0.847901722287,0.864693603231,0.881980563987,
    0.898448960139,0.915352013848,0.932295303855,0.949097785181,
0.966200565614,0.982806308198,1.),.UNSPECIFIED.) CURVE() 
GEOMETRIC_REPRESENTATION_ITEM() RATIONAL_B_SPLINE_CURVE((1.,
    0.999999999979,1.00000000001,0.999999999997,1.000000000001,1.,1.,1.,
    1.,1.,1.,1.,1.,1.,1.,1.,1.,1.,1.,1.,1.,1.,1.,1.,1.,1.,1.,1.,1.,1.,1.
    ,1.,1.,1.,1.,1.,1.,1.,1.,1.,1.,1.,1.,1.,1.,1.,1.,1.,1.,1.,1.,1.,1.,
    1.,1.,1.,1.,1.,0.999999999998,1.000000000007,0.999999999976,
1.000000000054,1.)) REPRESENTATION_ITEM('') );
#5729 = CARTESIAN_POINT('',(-679.0382,-1.91615679378,69.193822127315));
#5730 = CARTESIAN_POINT('',(-677.9018430398,-5.117855948241,
    69.57127523497));
#5731 = CARTESIAN_POINT('',(-674.6570379481,-2.0829346771,
    69.157801355399));
#5732 = CARTESIAN_POINT('',(-670.4801286148,-4.219650071794,
    69.428507128365));
#5733 = CARTESIAN_POINT('',(-666.2529876958,-5.503647854998,
    69.496407461553));
#5734 = CARTESIAN_POINT('',(-661.8309289879,-5.219625540919,
    69.356171152876));
#5735 = CARTESIAN_POINT('',(-657.7320144142,-8.02571370318,
    69.723496890703));
#5736 = CARTESIAN_POINT('',(-653.3812140229,-7.791779227962,
    69.704197354886));
#5737 = CARTESIAN_POINT('',(-648.9513854559,-8.421863756006,
    69.815348698829));
#5738 = CARTESIAN_POINT('',(-644.9070855266,-8.175527828587,
    69.851272648364));
#5739 = CARTESIAN_POINT('',(-640.582063889,-9.481941321097,
    70.162289970942));
#5740 = CARTESIAN_POINT('',(-636.2554682792,-9.327077362899,
    70.24935901937));
#5741 = CARTESIAN_POINT('',(-631.9824711096,-9.634881711427,
    70.435543801162));
#5742 = CARTESIAN_POINT('',(-627.7019615338,-9.583336561816,
    70.550445442914));
#5743 = CARTESIAN_POINT('',(-623.4245711463,-9.694530444135,
    70.729131438658));
#5744 = CARTESIAN_POINT('',(-619.1463832312,-9.765787728385,
    70.929092085175));
#5745 = CARTESIAN_POINT('',(-614.8669156658,-9.644054149373,
    71.120492975352));
#5746 = CARTESIAN_POINT('',(-610.5898165078,-9.343077675607,
    71.29932647894));
#5747 = CARTESIAN_POINT('',(-606.3045105877,-9.083523796224,
    71.550449691822));
#5748 = CARTESIAN_POINT('',(-602.0277566031,-8.379004345748,
    71.728539783748));
#5749 = CARTESIAN_POINT('',(-597.7466019923,-7.486002025674,
    71.967465770247));
#5750 = CARTESIAN_POINT('',(-593.4714143357,-6.553523231795,
    72.00249233682));
#5751 = CARTESIAN_POINT('',(-589.1936176105,-5.474105656884,
    72.121741695234));
#5752 = CARTESIAN_POINT('',(-584.9304153006,-4.238981074671,
    72.208135926808));
#5753 = CARTESIAN_POINT('',(-580.6563793824,-3.101217028543,
    72.269115619175));
#5754 = CARTESIAN_POINT('',(-576.3740763318,-2.171587013532,
    72.202930452163));
#5755 = CARTESIAN_POINT('',(-572.0987272234,-1.443030838165,
    71.91609515107));
#5756 = CARTESIAN_POINT('',(-567.7524952784,-1.04875228095,
    71.590480506618));
#5757 = CARTESIAN_POINT('',(-563.5775738445,-1.633383578701,
    71.331081793493));
#5758 = CARTESIAN_POINT('',(-559.225311783,-0.58260222625,
    71.048550726886));
#5759 = CARTESIAN_POINT('',(-554.9153030247,-1.086334751631,
    70.980291077386));
#5760 = CARTESIAN_POINT('',(-550.6950514656,-2.116601368825,
    70.764842342913));
#5761 = CARTESIAN_POINT('',(-546.5054520859,-3.178599149425,
    70.573542374477));
#5762 = CARTESIAN_POINT('',(-542.014622175,-3.761502023914,
    70.346902300268));
#5763 = CARTESIAN_POINT('',(-537.9789076762,-5.965894773037,
    70.250676060638));
#5764 = CARTESIAN_POINT('',(-533.6216797195,-6.816423143581,
    69.936577538544));
#5765 = CARTESIAN_POINT('',(-529.3043766466,-7.029939951944,
    69.885476425141));
#5766 = CARTESIAN_POINT('',(-525.0222934397,-7.033306977506,
    69.751813766113));
#5767 = CARTESIAN_POINT('',(-520.7416746921,-6.847733441719,
    69.508339938536));
#5768 = CARTESIAN_POINT('',(-516.4671704399,-6.560798180334,
    69.145132014477));
#5769 = CARTESIAN_POINT('',(-512.204407681,-6.150727718962,
    68.794966150917));
#5770 = CARTESIAN_POINT('',(-507.9265429784,-5.815482254115,
    68.492553485782));
#5771 = CARTESIAN_POINT('',(-503.6502824349,-5.462521888467,
    67.949181920491));
#5772 = CARTESIAN_POINT('',(-499.3719688989,-5.440181123447,
    68.430031824888));
#5773 = CARTESIAN_POINT('',(-495.0930022696,-5.305678752769,
    68.238633997898));
#5774 = CARTESIAN_POINT('',(-490.8081538754,-5.374966308141,
    68.221061671243));
#5775 = CARTESIAN_POINT('',(-486.5308534552,-5.316825688974,
    68.212948207086));
#5776 = CARTESIAN_POINT('',(-482.2516859036,-5.310595118316,
    68.228569131461));
#5777 = CARTESIAN_POINT('',(-477.9730655022,-5.305771345964,
    68.244947473582));
#5778 = CARTESIAN_POINT('',(-473.6960456193,-5.205325703409,
    68.274613728939));
#5779 = CARTESIAN_POINT('',(-469.4152062773,-5.156903519138,
    68.299720642612));
#5780 = CARTESIAN_POINT('',(-465.1421872703,-4.896579422986,
    68.357041901684));
#5781 = CARTESIAN_POINT('',(-460.8166932288,-5.064636761377,
    68.360921477682));
#5782 = CARTESIAN_POINT('',(-456.4952571487,-3.929052533031,
    68.62390946001));
#5783 = CARTESIAN_POINT('',(-452.4504000069,-1.549146799021,
    69.066309558941));
#5784 = CARTESIAN_POINT('',(-447.9424683801,-2.145294807715,
    69.108549728527));
#5785 = CARTESIAN_POINT('',(-443.7524033406,-4.049165621442E-02,
    69.497402594019));
#5786 = CARTESIAN_POINT('',(-439.4974420849,-0.443731153813,
    69.606441647483));
#5787 = CARTESIAN_POINT('',(-435.1419433011,-0.952215179584,
    69.652867811729));
#5788 = CARTESIAN_POINT('',(-430.9728274171,-2.168571295855,
    69.620799782248));
#5789 = CARTESIAN_POINT('',(-426.6766705817,-2.093163596383,
    69.729313014778));
#5790 = CARTESIAN_POINT('',(-423.4568555526,1.404196036271E-02,
    69.970166103151));
#5791 = CARTESIAN_POINT('',(-422.3597,-2.70481767312,69.725078821635));
#5792 = PCURVE('',#5546,#5793);
#5793 = DEFINITIONAL_REPRESENTATION('',(#5794),#5798);
#5794 = LINE('',#5795,#5796);
#5795 = CARTESIAN_POINT('',(22.,0.));
#5796 = VECTOR('',#5797,1.);
#5797 = DIRECTION('',(0.,1.));
#5798 = ( GEOMETRIC_REPRESENTATION_CONTEXT(2) 
PARAMETRIC_REPRESENTATION_CONTEXT() REPRESENTATION_CONTEXT('2D SPACE',''
  ) );
#5799 = PCURVE('',#5800,#5927);
#5800 = ( BOUNDED_SURFACE() B_SPLINE_SURFACE(1,3,(
    (#5801,#5802,#5803,#5804,#5805,#5806,#5807,#5808,#5809,#5810,#5811
      ,#5812,#5813,#5814,#5815,#5816,#5817,#5818,#5819,#5820,#5821,#5822
      ,#5823,#5824,#5825,#5826,#5827,#5828,#5829,#5830,#5831,#5832,#5833
      ,#5834,#5835,#5836,#5837,#5838,#5839,#5840,#5841,#5842,#5843,#5844
      ,#5845,#5846,#5847,#5848,#5849,#5850,#5851,#5852,#5853,#5854,#5855
      ,#5856,#5857,#5858,#5859,#5860,#5861,#5862,#5863)
    ,(#5864,#5865,#5866,#5867,#5868,#5869,#5870,#5871,#5872,#5873,#5874
      ,#5875,#5876,#5877,#5878,#5879,#5880,#5881,#5882,#5883,#5884,#5885
      ,#5886,#5887,#5888,#5889,#5890,#5891,#5892,#5893,#5894,#5895,#5896
      ,#5897,#5898,#5899,#5900,#5901,#5902,#5903,#5904,#5905,#5906,#5907
      ,#5908,#5909,#5910,#5911,#5912,#5913,#5914,#5915,#5916,#5917,#5918
      ,#5919,#5920,#5921,#5922,#5923,#5924,#5925,#5926
)),.UNSPECIFIED.,.F.,.F.,.F.) B_SPLINE_SURFACE_WITH_KNOTS((2,2),(4,1,1,1
    ,1,1,1,1,1,1,1,1,1,1,1,1,1,1,1,1,1,1,1,1,1,1,1,1,1,1,1,1,1,1,1,1,1,1
    ,1,1,1,1,1,1,1,1,1,1,1,1,1,1,1,1,1,1,1,1,1,1,4),(22.,23.),(0.,
    1.671164831231E-02,3.327803306227E-02,5.000925566809E-02,
    6.648034363626E-02,8.347574416348E-02,9.998031801332E-02,
    0.116453562429,0.133787455732,0.150582398826,0.167003889564,
    0.183421183117,0.199831572897,0.216243077967,0.232654966281,
    0.249069049,0.265493630469,0.281929899437,0.298422530809,
    0.314972313288,0.331595845732,0.348279560524,0.365009232075,
    0.38168560036,0.398277240471,0.414799735375,0.431302994143,
    0.448140075223,0.464749604184,0.481553115126,0.498808354232,
    0.516050152658,0.532842545742,0.550335828942,0.567153130692,
    0.583652514422,0.600175882991,0.616768685323,0.633448038712,
    0.650182180915,0.666869665762,0.683497438564,0.700056495454,
    0.716547762365,0.732983596882,0.749407921308,0.765822295641,
    0.782233728406,0.798646209918,0.81505724388,0.831476734885,
    0.847901722287,0.864693603231,0.881980563987,0.898448960139,
    0.915352013848,0.932295303855,0.949097785181,0.966200565614,
0.982806308198,1.),.UNSPECIFIED.) GEOMETRIC_REPRESENTATION_ITEM() 
RATIONAL_B_SPLINE_SURFACE((
    (1.,0.999999999979,1.00000000001,0.999999999997,1.000000000001,1.,1.
      ,1.,1.,1.,1.,1.,1.,1.,1.,1.,1.,1.,1.,1.,1.,1.,1.,1.,1.,1.,1.,1.,1.
      ,1.,1.,1.,1.,1.,1.,1.,1.,1.,1.,1.,1.,1.,1.,1.,1.,1.,1.,1.,1.,1.,1.
      ,1.,1.,1.,1.,1.,1.,1.,0.999999999998,1.000000000007,0.999999999976
      ,1.000000000054,1.)
    ,(1.,0.999999999979,1.00000000001,0.999999999997,1.000000000001,1.
      ,1.,1.,1.,1.,1.,1.,1.,1.,1.,1.,1.,1.,1.,1.,1.,1.,1.,1.,1.,1.,1.,1.
      ,1.,1.,1.,1.,1.,1.,1.,1.,1.,1.,1.,1.,1.,1.,1.,1.,1.,1.,1.,1.,1.,1.
      ,1.,1.,1.,1.,1.,1.,1.,1.,0.999999999998,1.000000000007
,0.999999999976,1.000000000054,1.
  ))) REPRESENTATION_ITEM('') SURFACE() );
#5801 = CARTESIAN_POINT('',(-679.0382,-1.91615679378,69.193822127315));
#5802 = CARTESIAN_POINT('',(-677.9018430398,-5.117855948241,
    69.57127523497));
#5803 = CARTESIAN_POINT('',(-674.6570379481,-2.0829346771,
    69.157801355399));
#5804 = CARTESIAN_POINT('',(-670.4801286148,-4.219650071794,
    69.428507128365));
#5805 = CARTESIAN_POINT('',(-666.2529876958,-5.503647854998,
    69.496407461553));
#5806 = CARTESIAN_POINT('',(-661.8309289879,-5.219625540919,
    69.356171152876));
#5807 = CARTESIAN_POINT('',(-657.7320144142,-8.02571370318,
    69.723496890703));
#5808 = CARTESIAN_POINT('',(-653.3812140229,-7.791779227962,
    69.704197354886));
#5809 = CARTESIAN_POINT('',(-648.9513854559,-8.421863756006,
    69.815348698829));
#5810 = CARTESIAN_POINT('',(-644.9070855266,-8.175527828587,
    69.851272648364));
#5811 = CARTESIAN_POINT('',(-640.582063889,-9.481941321097,
    70.162289970942));
#5812 = CARTESIAN_POINT('',(-636.2554682792,-9.327077362899,
    70.24935901937));
#5813 = CARTESIAN_POINT('',(-631.9824711096,-9.634881711427,
    70.435543801162));
#5814 = CARTESIAN_POINT('',(-627.7019615338,-9.583336561816,
    70.550445442914));
#5815 = CARTESIAN_POINT('',(-623.4245711463,-9.694530444135,
    70.729131438658));
#5816 = CARTESIAN_POINT('',(-619.1463832312,-9.765787728385,
    70.929092085175));
#5817 = CARTESIAN_POINT('',(-614.8669156658,-9.644054149373,
    71.120492975352));
#5818 = CARTESIAN_POINT('',(-610.5898165078,-9.343077675607,
    71.29932647894));
#5819 = CARTESIAN_POINT('',(-606.3045105877,-9.083523796224,
    71.550449691822));
#5820 = CARTESIAN_POINT('',(-602.0277566031,-8.379004345748,
    71.728539783748));
#5821 = CARTESIAN_POINT('',(-597.7466019923,-7.486002025674,
    71.967465770247));
#5822 = CARTESIAN_POINT('',(-593.4714143357,-6.553523231795,
    72.00249233682));
#5823 = CARTESIAN_POINT('',(-589.1936176105,-5.474105656884,
    72.121741695234));
#5824 = CARTESIAN_POINT('',(-584.9304153006,-4.238981074671,
    72.208135926808));
#5825 = CARTESIAN_POINT('',(-580.6563793824,-3.101217028543,
    72.269115619175));
#5826 = CARTESIAN_POINT('',(-576.3740763318,-2.171587013532,
    72.202930452163));
#5827 = CARTESIAN_POINT('',(-572.0987272234,-1.443030838165,
    71.91609515107));
#5828 = CARTESIAN_POINT('',(-567.7524952784,-1.04875228095,
    71.590480506618));
#5829 = CARTESIAN_POINT('',(-563.5775738445,-1.633383578701,
    71.331081793493));
#5830 = CARTESIAN_POINT('',(-559.225311783,-0.58260222625,
    71.048550726886));
#5831 = CARTESIAN_POINT('',(-554.9153030247,-1.086334751631,
    70.980291077386));
#5832 = CARTESIAN_POINT('',(-550.6950514656,-2.116601368825,
    70.764842342913));
#5833 = CARTESIAN_POINT('',(-546.5054520859,-3.178599149425,
    70.573542374477));
#5834 = CARTESIAN_POINT('',(-542.014622175,-3.761502023914,
    70.346902300268));
#5835 = CARTESIAN_POINT('',(-537.9789076762,-5.965894773037,
    70.250676060638));
#5836 = CARTESIAN_POINT('',(-533.6216797195,-6.816423143581,
    69.936577538544));
#5837 = CARTESIAN_POINT('',(-529.3043766466,-7.029939951944,
    69.885476425141));
#5838 = CARTESIAN_POINT('',(-525.0222934397,-7.033306977506,
    69.751813766113));
#5839 = CARTESIAN_POINT('',(-520.7416746921,-6.847733441719,
    69.508339938536));
#5840 = CARTESIAN_POINT('',(-516.4671704399,-6.560798180334,
    69.145132014477));
#5841 = CARTESIAN_POINT('',(-512.204407681,-6.150727718962,
    68.794966150917));
#5842 = CARTESIAN_POINT('',(-507.9265429784,-5.815482254115,
    68.492553485782));
#5843 = CARTESIAN_POINT('',(-503.6502824349,-5.462521888467,
    67.949181920491));
#5844 = CARTESIAN_POINT('',(-499.3719688989,-5.440181123447,
    68.430031824888));
#5845 = CARTESIAN_POINT('',(-495.0930022696,-5.305678752769,
    68.238633997898));
#5846 = CARTESIAN_POINT('',(-490.8081538754,-5.374966308141,
    68.221061671243));
#5847 = CARTESIAN_POINT('',(-486.5308534552,-5.316825688974,
    68.212948207086));
#5848 = CARTESIAN_POINT('',(-482.2516859036,-5.310595118316,
    68.228569131461));
#5849 = CARTESIAN_POINT('',(-477.9730655022,-5.305771345964,
    68.244947473582));
#5850 = CARTESIAN_POINT('',(-473.6960456193,-5.205325703409,
    68.274613728939));
#5851 = CARTESIAN_POINT('',(-469.4152062773,-5.156903519138,
    68.299720642612));
#5852 = CARTESIAN_POINT('',(-465.1421872703,-4.896579422986,
    68.357041901684));
#5853 = CARTESIAN_POINT('',(-460.8166932288,-5.064636761377,
    68.360921477682));
#5854 = CARTESIAN_POINT('',(-456.4952571487,-3.929052533031,
    68.62390946001));
#5855 = CARTESIAN_POINT('',(-452.4504000069,-1.549146799021,
    69.066309558941));
#5856 = CARTESIAN_POINT('',(-447.9424683801,-2.145294807715,
    69.108549728527));
#5857 = CARTESIAN_POINT('',(-443.7524033406,-4.049165621442E-02,
    69.497402594019));
#5858 = CARTESIAN_POINT('',(-439.4974420849,-0.443731153813,
    69.606441647483));
#5859 = CARTESIAN_POINT('',(-435.1419433011,-0.952215179584,
    69.652867811729));
#5860 = CARTESIAN_POINT('',(-430.9728274171,-2.168571295855,
    69.620799782248));
#5861 = CARTESIAN_POINT('',(-426.6766705817,-2.093163596383,
    69.729313014778));
#5862 = CARTESIAN_POINT('',(-423.4568555526,1.404196036271E-02,
    69.970166103151));
#5863 = CARTESIAN_POINT('',(-422.3597,-2.70481767312,69.725078821635));
#5864 = CARTESIAN_POINT('',(-679.0382,-1.530816912514,69.075424255259));
#5865 = CARTESIAN_POINT('',(-677.9018430398,-4.534180643839,
    69.426100435244));
#5866 = CARTESIAN_POINT('',(-674.6570379481,-1.637076665103,
    69.030183433589));
#5867 = CARTESIAN_POINT('',(-670.4801286148,-3.589361109699,
    69.271462765062));
#5868 = CARTESIAN_POINT('',(-666.2529876958,-4.831732333024,
    69.331839269565));
#5869 = CARTESIAN_POINT('',(-661.8309289879,-4.59363730014,
    69.193967095215));
#5870 = CARTESIAN_POINT('',(-657.7320144142,-7.163076751215,
    69.518074650358));
#5871 = CARTESIAN_POINT('',(-653.3812140229,-6.887025156693,
    69.480248517885));
#5872 = CARTESIAN_POINT('',(-648.9513854559,-7.484389202504,
    69.574916648708));
#5873 = CARTESIAN_POINT('',(-644.9070855266,-7.046389771283,
    69.568079303335));
#5874 = CARTESIAN_POINT('',(-640.582063889,-8.174906904759,
    69.836037259825));
#5875 = CARTESIAN_POINT('',(-636.2554682792,-8.032073012887,
    69.912562717044));
#5876 = CARTESIAN_POINT('',(-631.9824711096,-8.304627707445,
    70.080621589582));
#5877 = CARTESIAN_POINT('',(-627.7019615338,-8.251319381028,
    70.183754999637));
#5878 = CARTESIAN_POINT('',(-623.4245711463,-8.350937285305,
    70.346461509812));
#5879 = CARTESIAN_POINT('',(-619.1463832312,-8.417562746082,
    70.52914661372));
#5880 = CARTESIAN_POINT('',(-614.8669156658,-8.30784838681,
    70.704499021481));
#5881 = CARTESIAN_POINT('',(-610.5898165078,-8.032324735709,
    70.869764353148));
#5882 = CARTESIAN_POINT('',(-606.3045105877,-7.803873294279,
    71.098724837209));
#5883 = CARTESIAN_POINT('',(-602.0277566031,-7.151243203447,
    71.283284437531));
#5884 = CARTESIAN_POINT('',(-597.7466019923,-6.357659372467,
    71.435364230085));
#5885 = CARTESIAN_POINT('',(-593.4714143357,-5.51361992504,
    71.452064970968));
#5886 = CARTESIAN_POINT('',(-589.1936176105,-4.544164466384,
    71.524649447298));
#5887 = CARTESIAN_POINT('',(-584.9304153006,-3.419846078918,
    71.588963147679));
#5888 = CARTESIAN_POINT('',(-580.6563793824,-2.384657653824,
    71.644171228276));
#5889 = CARTESIAN_POINT('',(-576.3740763318,-1.54198574875,
    71.594859946874));
#5890 = CARTESIAN_POINT('',(-572.0987272234,-0.89658171831,
    71.335155623062));
#5891 = CARTESIAN_POINT('',(-567.7524952784,-0.517575705698,
    71.107765049981));
#5892 = CARTESIAN_POINT('',(-563.5775738445,-1.248706324519,
    70.786063327719));
#5893 = CARTESIAN_POINT('',(-559.225311783,-0.30512996186,
    70.516639742328));
#5894 = CARTESIAN_POINT('',(-554.9153030247,-0.878445215436,
    70.356262773932));
#5895 = CARTESIAN_POINT('',(-550.6950514656,-2.121479364698,
    70.215494597816));
#5896 = CARTESIAN_POINT('',(-546.5054520859,-3.394113282367,
    69.963997618721));
#5897 = CARTESIAN_POINT('',(-542.014622175,-4.060928987643,
    69.838219067472));
#5898 = CARTESIAN_POINT('',(-537.9789076762,-6.375956704495,
    69.737747530622));
#5899 = CARTESIAN_POINT('',(-533.6216797195,-7.399414658244,
    69.509647870283));
#5900 = CARTESIAN_POINT('',(-529.3043766466,-7.637794046794,
    69.371408176275));
#5901 = CARTESIAN_POINT('',(-525.0222934397,-7.730433235628,
    69.222179239443));
#5902 = CARTESIAN_POINT('',(-520.7416746921,-7.638579761481,
    68.980957900772));
#5903 = CARTESIAN_POINT('',(-516.4671704399,-7.448590208498,
    68.626027915141));
#5904 = CARTESIAN_POINT('',(-512.204407681,-7.130555922596,
    68.279414590983));
#5905 = CARTESIAN_POINT('',(-507.9265429784,-6.884937781608,
    67.991306775376));
#5906 = CARTESIAN_POINT('',(-503.6502824349,-6.583581725926,
    67.38367548213));
#5907 = CARTESIAN_POINT('',(-499.3719688989,-6.677289611859,
    68.008966167535));
#5908 = CARTESIAN_POINT('',(-495.0930022696,-6.587375283187,
    67.793893018918));
#5909 = CARTESIAN_POINT('',(-490.8081538754,-6.690132348837,
    67.803234733901));
#5910 = CARTESIAN_POINT('',(-486.5308534552,-6.655425204602,
    67.808770989853));
#5911 = CARTESIAN_POINT('',(-482.2516859036,-6.659407978014,
    67.843980101528));
#5912 = CARTESIAN_POINT('',(-477.9730655022,-6.65598705163,
    67.87838187911));
#5913 = CARTESIAN_POINT('',(-473.6960456193,-6.539305756972,
    67.926454592908));
#5914 = CARTESIAN_POINT('',(-469.4152062773,-6.488635464384,
    67.964934009923));
#5915 = CARTESIAN_POINT('',(-465.1421872703,-6.196186793003,
    68.040531561085));
#5916 = CARTESIAN_POINT('',(-460.8166932288,-6.349532814366,
    68.061089401728));
#5917 = CARTESIAN_POINT('',(-456.4952571487,-5.115275839739,
    68.354008832283));
#5918 = CARTESIAN_POINT('',(-452.4504000069,-2.539297007217,
    68.84057234557));
#5919 = CARTESIAN_POINT('',(-447.9424683801,-3.130771678177,
    68.896572771953));
#5920 = CARTESIAN_POINT('',(-443.7524033406,-0.873732003982,
    69.31809542294));
#5921 = CARTESIAN_POINT('',(-439.4974420849,-1.09311141536,
    69.463645293655));
#5922 = CARTESIAN_POINT('',(-435.1419433011,-1.565757783074,
    69.521817359555));
#5923 = CARTESIAN_POINT('',(-430.9728274171,-2.724417103069,
    69.50046318028));
#5924 = CARTESIAN_POINT('',(-426.6766705817,-2.490138006022,
    69.634075212842));
#5925 = CARTESIAN_POINT('',(-423.4568555526,-0.386695116439,
    69.878609577647));
#5926 = CARTESIAN_POINT('',(-422.3597,-3.082056877198,69.636584889411));
#5927 = DEFINITIONAL_REPRESENTATION('',(#5928),#5932);
#5928 = LINE('',#5929,#5930);
#5929 = CARTESIAN_POINT('',(22.,0.));
#5930 = VECTOR('',#5931,1.);
#5931 = DIRECTION('',(0.,1.));
#5932 = ( GEOMETRIC_REPRESENTATION_CONTEXT(2) 
PARAMETRIC_REPRESENTATION_CONTEXT() REPRESENTATION_CONTEXT('2D SPACE',''
  ) );
#5933 = ORIENTED_EDGE('',*,*,#5934,.F.);
#5934 = EDGE_CURVE('',#5471,#5725,#5935,.T.);
#5935 = SURFACE_CURVE('',#5936,(#5939,#5946),.PCURVE_S1.);
#5936 = B_SPLINE_CURVE_WITH_KNOTS('',1,(#5937,#5938),.UNSPECIFIED.,.F.,
  .F.,(2,2),(21.,22.),.PIECEWISE_BEZIER_KNOTS.);
#5937 = CARTESIAN_POINT('',(-422.3597,-2.325332833493,69.803403618465));
#5938 = CARTESIAN_POINT('',(-422.3597,-2.70481767312,69.725078821635));
#5939 = PCURVE('',#5546,#5940);
#5940 = DEFINITIONAL_REPRESENTATION('',(#5941),#5945);
#5941 = LINE('',#5942,#5943);
#5942 = CARTESIAN_POINT('',(0.,1.));
#5943 = VECTOR('',#5944,1.);
#5944 = DIRECTION('',(1.,0.));
#5945 = ( GEOMETRIC_REPRESENTATION_CONTEXT(2) 
PARAMETRIC_REPRESENTATION_CONTEXT() REPRESENTATION_CONTEXT('2D SPACE',''
  ) );
#5946 = PCURVE('',#401,#5947);
#5947 = DEFINITIONAL_REPRESENTATION('',(#5948),#5951);
#5948 = B_SPLINE_CURVE_WITH_KNOTS('',1,(#5949,#5950),.UNSPECIFIED.,.F.,
  .F.,(2,2),(21.,22.),.PIECEWISE_BEZIER_KNOTS.);
#5949 = CARTESIAN_POINT('',(2.090277635426,1.064940229427));
#5950 = CARTESIAN_POINT('',(2.4669181666,0.973915905306));
#5951 = ( GEOMETRIC_REPRESENTATION_CONTEXT(2) 
PARAMETRIC_REPRESENTATION_CONTEXT() REPRESENTATION_CONTEXT('2D SPACE',''
  ) );
#5952 = ORIENTED_EDGE('',*,*,#5470,.F.);
#5953 = ADVANCED_FACE('',(#5954),#5800,.T.);
#5954 = FACE_BOUND('',#5955,.T.);
#5955 = EDGE_LOOP('',(#5956,#5977,#6187,#6206));
#5956 = ORIENTED_EDGE('',*,*,#5957,.T.);
#5957 = EDGE_CURVE('',#5704,#5958,#5960,.T.);
#5958 = VERTEX_POINT('',#5959);
#5959 = CARTESIAN_POINT('',(-679.0382,-1.530816912514,69.075424255259));
#5960 = SURFACE_CURVE('',#5961,(#5964,#5971),.PCURVE_S1.);
#5961 = B_SPLINE_CURVE_WITH_KNOTS('',1,(#5962,#5963),.UNSPECIFIED.,.F.,
  .F.,(2,2),(22.,23.),.PIECEWISE_BEZIER_KNOTS.);
#5962 = CARTESIAN_POINT('',(-679.0382,-1.91615679378,69.193822127315));
#5963 = CARTESIAN_POINT('',(-679.0382,-1.530816912514,69.075424255259));
#5964 = PCURVE('',#5800,#5965);
#5965 = DEFINITIONAL_REPRESENTATION('',(#5966),#5970);
#5966 = LINE('',#5967,#5968);
#5967 = CARTESIAN_POINT('',(0.,0.));
#5968 = VECTOR('',#5969,1.);
#5969 = DIRECTION('',(1.,0.));
#5970 = ( GEOMETRIC_REPRESENTATION_CONTEXT(2) 
PARAMETRIC_REPRESENTATION_CONTEXT() REPRESENTATION_CONTEXT('2D SPACE',''
  ) );
#5971 = PCURVE('',#165,#5972);
#5972 = DEFINITIONAL_REPRESENTATION('',(#5973),#5976);
#5973 = B_SPLINE_CURVE_WITH_KNOTS('',1,(#5974,#5975),.UNSPECIFIED.,.F.,
  .F.,(2,2),(22.,23.),.PIECEWISE_BEZIER_KNOTS.);
#5974 = CARTESIAN_POINT('',(6.373909719276,0.515607039383));
#5975 = CARTESIAN_POINT('',(5.979416557526,0.598552958714));
#5976 = ( GEOMETRIC_REPRESENTATION_CONTEXT(2) 
PARAMETRIC_REPRESENTATION_CONTEXT() REPRESENTATION_CONTEXT('2D SPACE',''
  ) );
#5977 = ORIENTED_EDGE('',*,*,#5978,.T.);
#5978 = EDGE_CURVE('',#5958,#5979,#5981,.T.);
#5979 = VERTEX_POINT('',#5980);
#5980 = CARTESIAN_POINT('',(-422.3597,-3.082056877198,69.636584889411));
#5981 = SURFACE_CURVE('',#5982,(#6046,#6053),.PCURVE_S1.);
#5982 = ( BOUNDED_CURVE() B_SPLINE_CURVE(3,(#5983,#5984,#5985,#5986,
    #5987,#5988,#5989,#5990,#5991,#5992,#5993,#5994,#5995,#5996,#5997,
    #5998,#5999,#6000,#6001,#6002,#6003,#6004,#6005,#6006,#6007,#6008,
    #6009,#6010,#6011,#6012,#6013,#6014,#6015,#6016,#6017,#6018,#6019,
    #6020,#6021,#6022,#6023,#6024,#6025,#6026,#6027,#6028,#6029,#6030,
    #6031,#6032,#6033,#6034,#6035,#6036,#6037,#6038,#6039,#6040,#6041,
    #6042,#6043,#6044,#6045),.UNSPECIFIED.,.F.,.F.) 
B_SPLINE_CURVE_WITH_KNOTS((4,1,1,1,1,1,1,1,1,1,1,1,1,1,1,1,1,1,1,1,1,1,1
    ,1,1,1,1,1,1,1,1,1,1,1,1,1,1,1,1,1,1,1,1,1,1,1,1,1,1,1,1,1,1,1,1,1,1
    ,1,1,1,4),(0.,1.671164831231E-02,3.327803306227E-02,
    5.000925566809E-02,6.648034363626E-02,8.347574416348E-02,
    9.998031801332E-02,0.116453562429,0.133787455732,0.150582398826,
    0.167003889564,0.183421183117,0.199831572897,0.216243077967,
    0.232654966281,0.249069049,0.265493630469,0.281929899437,
    0.298422530809,0.314972313288,0.331595845732,0.348279560524,
    0.365009232075,0.38168560036,0.398277240471,0.414799735375,
    0.431302994143,0.448140075223,0.464749604184,0.481553115126,
    0.498808354232,0.516050152658,0.532842545742,0.550335828942,
    0.567153130692,0.583652514422,0.600175882991,0.616768685323,
    0.633448038712,0.650182180915,0.666869665762,0.683497438564,
    0.700056495454,0.716547762365,0.732983596882,0.749407921308,
    0.765822295641,0.782233728406,0.798646209918,0.81505724388,
    0.831476734885,0.847901722287,0.864693603231,0.881980563987,
    0.898448960139,0.915352013848,0.932295303855,0.949097785181,
0.966200565614,0.982806308198,1.),.UNSPECIFIED.) CURVE() 
GEOMETRIC_REPRESENTATION_ITEM() RATIONAL_B_SPLINE_CURVE((1.,
    0.999999999979,1.00000000001,0.999999999997,1.000000000001,1.,1.,1.,
    1.,1.,1.,1.,1.,1.,1.,1.,1.,1.,1.,1.,1.,1.,1.,1.,1.,1.,1.,1.,1.,1.,1.
    ,1.,1.,1.,1.,1.,1.,1.,1.,1.,1.,1.,1.,1.,1.,1.,1.,1.,1.,1.,1.,1.,1.,
    1.,1.,1.,1.,1.,0.999999999998,1.000000000007,0.999999999976,
1.000000000054,1.)) REPRESENTATION_ITEM('') );
#5983 = CARTESIAN_POINT('',(-679.0382,-1.530816912514,69.075424255259));
#5984 = CARTESIAN_POINT('',(-677.9018430398,-4.534180643839,
    69.426100435244));
#5985 = CARTESIAN_POINT('',(-674.6570379481,-1.637076665103,
    69.030183433589));
#5986 = CARTESIAN_POINT('',(-670.4801286148,-3.589361109699,
    69.271462765062));
#5987 = CARTESIAN_POINT('',(-666.2529876958,-4.831732333024,
    69.331839269565));
#5988 = CARTESIAN_POINT('',(-661.8309289879,-4.59363730014,
    69.193967095215));
#5989 = CARTESIAN_POINT('',(-657.7320144142,-7.163076751215,
    69.518074650358));
#5990 = CARTESIAN_POINT('',(-653.3812140229,-6.887025156693,
    69.480248517885));
#5991 = CARTESIAN_POINT('',(-648.9513854559,-7.484389202504,
    69.574916648708));
#5992 = CARTESIAN_POINT('',(-644.9070855266,-7.046389771283,
    69.568079303335));
#5993 = CARTESIAN_POINT('',(-640.582063889,-8.174906904759,
    69.836037259825));
#5994 = CARTESIAN_POINT('',(-636.2554682792,-8.032073012887,
    69.912562717044));
#5995 = CARTESIAN_POINT('',(-631.9824711096,-8.304627707445,
    70.080621589582));
#5996 = CARTESIAN_POINT('',(-627.7019615338,-8.251319381028,
    70.183754999637));
#5997 = CARTESIAN_POINT('',(-623.4245711463,-8.350937285305,
    70.346461509812));
#5998 = CARTESIAN_POINT('',(-619.1463832312,-8.417562746082,
    70.52914661372));
#5999 = CARTESIAN_POINT('',(-614.8669156658,-8.30784838681,
    70.704499021481));
#6000 = CARTESIAN_POINT('',(-610.5898165078,-8.032324735709,
    70.869764353148));
#6001 = CARTESIAN_POINT('',(-606.3045105877,-7.803873294279,
    71.098724837209));
#6002 = CARTESIAN_POINT('',(-602.0277566031,-7.151243203447,
    71.283284437531));
#6003 = CARTESIAN_POINT('',(-597.7466019923,-6.357659372467,
    71.435364230085));
#6004 = CARTESIAN_POINT('',(-593.4714143357,-5.51361992504,
    71.452064970968));
#6005 = CARTESIAN_POINT('',(-589.1936176105,-4.544164466384,
    71.524649447298));
#6006 = CARTESIAN_POINT('',(-584.9304153006,-3.419846078918,
    71.588963147679));
#6007 = CARTESIAN_POINT('',(-580.6563793824,-2.384657653824,
    71.644171228276));
#6008 = CARTESIAN_POINT('',(-576.3740763318,-1.54198574875,
    71.594859946874));
#6009 = CARTESIAN_POINT('',(-572.0987272234,-0.89658171831,
    71.335155623062));
#6010 = CARTESIAN_POINT('',(-567.7524952784,-0.517575705698,
    71.107765049981));
#6011 = CARTESIAN_POINT('',(-563.5775738445,-1.248706324519,
    70.786063327719));
#6012 = CARTESIAN_POINT('',(-559.225311783,-0.30512996186,
    70.516639742328));
#6013 = CARTESIAN_POINT('',(-554.9153030247,-0.878445215436,
    70.356262773932));
#6014 = CARTESIAN_POINT('',(-550.6950514656,-2.121479364698,
    70.215494597816));
#6015 = CARTESIAN_POINT('',(-546.5054520859,-3.394113282367,
    69.963997618721));
#6016 = CARTESIAN_POINT('',(-542.014622175,-4.060928987643,
    69.838219067472));
#6017 = CARTESIAN_POINT('',(-537.9789076762,-6.375956704495,
    69.737747530622));
#6018 = CARTESIAN_POINT('',(-533.6216797195,-7.399414658244,
    69.509647870283));
#6019 = CARTESIAN_POINT('',(-529.3043766466,-7.637794046794,
    69.371408176275));
#6020 = CARTESIAN_POINT('',(-525.0222934397,-7.730433235628,
    69.222179239443));
#6021 = CARTESIAN_POINT('',(-520.7416746921,-7.638579761481,
    68.980957900772));
#6022 = CARTESIAN_POINT('',(-516.4671704399,-7.448590208498,
    68.626027915141));
#6023 = CARTESIAN_POINT('',(-512.204407681,-7.130555922596,
    68.279414590983));
#6024 = CARTESIAN_POINT('',(-507.9265429784,-6.884937781608,
    67.991306775376));
#6025 = CARTESIAN_POINT('',(-503.6502824349,-6.583581725926,
    67.38367548213));
#6026 = CARTESIAN_POINT('',(-499.3719688989,-6.677289611859,
    68.008966167535));
#6027 = CARTESIAN_POINT('',(-495.0930022696,-6.587375283187,
    67.793893018918));
#6028 = CARTESIAN_POINT('',(-490.8081538754,-6.690132348837,
    67.803234733901));
#6029 = CARTESIAN_POINT('',(-486.5308534552,-6.655425204602,
    67.808770989853));
#6030 = CARTESIAN_POINT('',(-482.2516859036,-6.659407978014,
    67.843980101528));
#6031 = CARTESIAN_POINT('',(-477.9730655022,-6.65598705163,
    67.87838187911));
#6032 = CARTESIAN_POINT('',(-473.6960456193,-6.539305756972,
    67.926454592908));
#6033 = CARTESIAN_POINT('',(-469.4152062773,-6.488635464384,
    67.964934009923));
#6034 = CARTESIAN_POINT('',(-465.1421872703,-6.196186793003,
    68.040531561085));
#6035 = CARTESIAN_POINT('',(-460.8166932288,-6.349532814366,
    68.061089401728));
#6036 = CARTESIAN_POINT('',(-456.4952571487,-5.115275839739,
    68.354008832283));
#6037 = CARTESIAN_POINT('',(-452.4504000069,-2.539297007217,
    68.84057234557));
#6038 = CARTESIAN_POINT('',(-447.9424683801,-3.130771678177,
    68.896572771953));
#6039 = CARTESIAN_POINT('',(-443.7524033406,-0.873732003982,
    69.31809542294));
#6040 = CARTESIAN_POINT('',(-439.4974420849,-1.09311141536,
    69.463645293655));
#6041 = CARTESIAN_POINT('',(-435.1419433011,-1.565757783074,
    69.521817359555));
#6042 = CARTESIAN_POINT('',(-430.9728274171,-2.724417103069,
    69.50046318028));
#6043 = CARTESIAN_POINT('',(-426.6766705817,-2.490138006022,
    69.634075212842));
#6044 = CARTESIAN_POINT('',(-423.4568555526,-0.386695116439,
    69.878609577647));
#6045 = CARTESIAN_POINT('',(-422.3597,-3.082056877198,69.636584889411));
#6046 = PCURVE('',#5800,#6047);
#6047 = DEFINITIONAL_REPRESENTATION('',(#6048),#6052);
#6048 = LINE('',#6049,#6050);
#6049 = CARTESIAN_POINT('',(23.,0.));
#6050 = VECTOR('',#6051,1.);
#6051 = DIRECTION('',(0.,1.));
#6052 = ( GEOMETRIC_REPRESENTATION_CONTEXT(2) 
PARAMETRIC_REPRESENTATION_CONTEXT() REPRESENTATION_CONTEXT('2D SPACE',''
  ) );
#6053 = PCURVE('',#6054,#6181);
#6054 = ( BOUNDED_SURFACE() B_SPLINE_SURFACE(1,3,(
    (#6055,#6056,#6057,#6058,#6059,#6060,#6061,#6062,#6063,#6064,#6065
      ,#6066,#6067,#6068,#6069,#6070,#6071,#6072,#6073,#6074,#6075,#6076
      ,#6077,#6078,#6079,#6080,#6081,#6082,#6083,#6084,#6085,#6086,#6087
      ,#6088,#6089,#6090,#6091,#6092,#6093,#6094,#6095,#6096,#6097,#6098
      ,#6099,#6100,#6101,#6102,#6103,#6104,#6105,#6106,#6107,#6108,#6109
      ,#6110,#6111,#6112,#6113,#6114,#6115,#6116,#6117)
    ,(#6118,#6119,#6120,#6121,#6122,#6123,#6124,#6125,#6126,#6127,#6128
      ,#6129,#6130,#6131,#6132,#6133,#6134,#6135,#6136,#6137,#6138,#6139
      ,#6140,#6141,#6142,#6143,#6144,#6145,#6146,#6147,#6148,#6149,#6150
      ,#6151,#6152,#6153,#6154,#6155,#6156,#6157,#6158,#6159,#6160,#6161
      ,#6162,#6163,#6164,#6165,#6166,#6167,#6168,#6169,#6170,#6171,#6172
      ,#6173,#6174,#6175,#6176,#6177,#6178,#6179,#6180
)),.UNSPECIFIED.,.F.,.F.,.F.) B_SPLINE_SURFACE_WITH_KNOTS((2,2),(4,1,1,1
    ,1,1,1,1,1,1,1,1,1,1,1,1,1,1,1,1,1,1,1,1,1,1,1,1,1,1,1,1,1,1,1,1,1,1
    ,1,1,1,1,1,1,1,1,1,1,1,1,1,1,1,1,1,1,1,1,1,1,4),(23.,24.),(0.,
    1.671164831231E-02,3.327803306227E-02,5.000925566809E-02,
    6.648034363626E-02,8.347574416348E-02,9.998031801332E-02,
    0.116453562429,0.133787455732,0.150582398826,0.167003889564,
    0.183421183117,0.199831572897,0.216243077967,0.232654966281,
    0.249069049,0.265493630469,0.281929899437,0.298422530809,
    0.314972313288,0.331595845732,0.348279560524,0.365009232075,
    0.38168560036,0.398277240471,0.414799735375,0.431302994143,
    0.448140075223,0.464749604184,0.481553115126,0.498808354232,
    0.516050152658,0.532842545742,0.550335828942,0.567153130692,
    0.583652514422,0.600175882991,0.616768685323,0.633448038712,
    0.650182180915,0.666869665762,0.683497438564,0.700056495454,
    0.716547762365,0.732983596882,0.749407921308,0.765822295641,
    0.782233728406,0.798646209918,0.81505724388,0.831476734885,
    0.847901722287,0.864693603231,0.881980563987,0.898448960139,
    0.915352013848,0.932295303855,0.949097785181,0.966200565614,
0.982806308198,1.),.UNSPECIFIED.) GEOMETRIC_REPRESENTATION_ITEM() 
RATIONAL_B_SPLINE_SURFACE((
    (1.,0.999999999979,1.00000000001,0.999999999997,1.000000000001,1.,1.
      ,1.,1.,1.,1.,1.,1.,1.,1.,1.,1.,1.,1.,1.,1.,1.,1.,1.,1.,1.,1.,1.,1.
      ,1.,1.,1.,1.,1.,1.,1.,1.,1.,1.,1.,1.,1.,1.,1.,1.,1.,1.,1.,1.,1.,1.
      ,1.,1.,1.,1.,1.,1.,1.,0.999999999998,1.000000000007,0.999999999976
      ,1.000000000054,1.)
    ,(1.,0.999999999979,1.00000000001,0.999999999997,1.000000000001,1.
      ,1.,1.,1.,1.,1.,1.,1.,1.,1.,1.,1.,1.,1.,1.,1.,1.,1.,1.,1.,1.,1.,1.
      ,1.,1.,1.,1.,1.,1.,1.,1.,1.,1.,1.,1.,1.,1.,1.,1.,1.,1.,1.,1.,1.,1.
      ,1.,1.,1.,1.,1.,1.,1.,1.,0.999999999998,1.000000000007
,0.999999999976,1.000000000054,1.
  ))) REPRESENTATION_ITEM('') SURFACE() );
#6055 = CARTESIAN_POINT('',(-679.0382,-1.530816912514,69.075424255259));
#6056 = CARTESIAN_POINT('',(-677.9018430398,-4.534180643839,
    69.426100435244));
#6057 = CARTESIAN_POINT('',(-674.6570379481,-1.637076665103,
    69.030183433589));
#6058 = CARTESIAN_POINT('',(-670.4801286148,-3.589361109699,
    69.271462765062));
#6059 = CARTESIAN_POINT('',(-666.2529876958,-4.831732333024,
    69.331839269565));
#6060 = CARTESIAN_POINT('',(-661.8309289879,-4.59363730014,
    69.193967095215));
#6061 = CARTESIAN_POINT('',(-657.7320144142,-7.163076751215,
    69.518074650358));
#6062 = CARTESIAN_POINT('',(-653.3812140229,-6.887025156693,
    69.480248517885));
#6063 = CARTESIAN_POINT('',(-648.9513854559,-7.484389202504,
    69.574916648708));
#6064 = CARTESIAN_POINT('',(-644.9070855266,-7.046389771283,
    69.568079303335));
#6065 = CARTESIAN_POINT('',(-640.582063889,-8.174906904759,
    69.836037259825));
#6066 = CARTESIAN_POINT('',(-636.2554682792,-8.032073012887,
    69.912562717044));
#6067 = CARTESIAN_POINT('',(-631.9824711096,-8.304627707445,
    70.080621589582));
#6068 = CARTESIAN_POINT('',(-627.7019615338,-8.251319381028,
    70.183754999637));
#6069 = CARTESIAN_POINT('',(-623.4245711463,-8.350937285305,
    70.346461509812));
#6070 = CARTESIAN_POINT('',(-619.1463832312,-8.417562746082,
    70.52914661372));
#6071 = CARTESIAN_POINT('',(-614.8669156658,-8.30784838681,
    70.704499021481));
#6072 = CARTESIAN_POINT('',(-610.5898165078,-8.032324735709,
    70.869764353148));
#6073 = CARTESIAN_POINT('',(-606.3045105877,-7.803873294279,
    71.098724837209));
#6074 = CARTESIAN_POINT('',(-602.0277566031,-7.151243203447,
    71.283284437531));
#6075 = CARTESIAN_POINT('',(-597.7466019923,-6.357659372467,
    71.435364230085));
#6076 = CARTESIAN_POINT('',(-593.4714143357,-5.51361992504,
    71.452064970968));
#6077 = CARTESIAN_POINT('',(-589.1936176105,-4.544164466384,
    71.524649447298));
#6078 = CARTESIAN_POINT('',(-584.9304153006,-3.419846078918,
    71.588963147679));
#6079 = CARTESIAN_POINT('',(-580.6563793824,-2.384657653824,
    71.644171228276));
#6080 = CARTESIAN_POINT('',(-576.3740763318,-1.54198574875,
    71.594859946874));
#6081 = CARTESIAN_POINT('',(-572.0987272234,-0.89658171831,
    71.335155623062));
#6082 = CARTESIAN_POINT('',(-567.7524952784,-0.517575705698,
    71.107765049981));
#6083 = CARTESIAN_POINT('',(-563.5775738445,-1.248706324519,
    70.786063327719));
#6084 = CARTESIAN_POINT('',(-559.225311783,-0.30512996186,
    70.516639742328));
#6085 = CARTESIAN_POINT('',(-554.9153030247,-0.878445215436,
    70.356262773932));
#6086 = CARTESIAN_POINT('',(-550.6950514656,-2.121479364698,
    70.215494597816));
#6087 = CARTESIAN_POINT('',(-546.5054520859,-3.394113282367,
    69.963997618721));
#6088 = CARTESIAN_POINT('',(-542.014622175,-4.060928987643,
    69.838219067472));
#6089 = CARTESIAN_POINT('',(-537.9789076762,-6.375956704495,
    69.737747530622));
#6090 = CARTESIAN_POINT('',(-533.6216797195,-7.399414658244,
    69.509647870283));
#6091 = CARTESIAN_POINT('',(-529.3043766466,-7.637794046794,
    69.371408176275));
#6092 = CARTESIAN_POINT('',(-525.0222934397,-7.730433235628,
    69.222179239443));
#6093 = CARTESIAN_POINT('',(-520.7416746921,-7.638579761481,
    68.980957900772));
#6094 = CARTESIAN_POINT('',(-516.4671704399,-7.448590208498,
    68.626027915141));
#6095 = CARTESIAN_POINT('',(-512.204407681,-7.130555922596,
    68.279414590983));
#6096 = CARTESIAN_POINT('',(-507.9265429784,-6.884937781608,
    67.991306775376));
#6097 = CARTESIAN_POINT('',(-503.6502824349,-6.583581725926,
    67.38367548213));
#6098 = CARTESIAN_POINT('',(-499.3719688989,-6.677289611859,
    68.008966167535));
#6099 = CARTESIAN_POINT('',(-495.0930022696,-6.587375283187,
    67.793893018918));
#6100 = CARTESIAN_POINT('',(-490.8081538754,-6.690132348837,
    67.803234733901));
#6101 = CARTESIAN_POINT('',(-486.5308534552,-6.655425204602,
    67.808770989853));
#6102 = CARTESIAN_POINT('',(-482.2516859036,-6.659407978014,
    67.843980101528));
#6103 = CARTESIAN_POINT('',(-477.9730655022,-6.65598705163,
    67.87838187911));
#6104 = CARTESIAN_POINT('',(-473.6960456193,-6.539305756972,
    67.926454592908));
#6105 = CARTESIAN_POINT('',(-469.4152062773,-6.488635464384,
    67.964934009923));
#6106 = CARTESIAN_POINT('',(-465.1421872703,-6.196186793003,
    68.040531561085));
#6107 = CARTESIAN_POINT('',(-460.8166932288,-6.349532814366,
    68.061089401728));
#6108 = CARTESIAN_POINT('',(-456.4952571487,-5.115275839739,
    68.354008832283));
#6109 = CARTESIAN_POINT('',(-452.4504000069,-2.539297007217,
    68.84057234557));
#6110 = CARTESIAN_POINT('',(-447.9424683801,-3.130771678177,
    68.896572771953));
#6111 = CARTESIAN_POINT('',(-443.7524033406,-0.873732003982,
    69.31809542294));
#6112 = CARTESIAN_POINT('',(-439.4974420849,-1.09311141536,
    69.463645293655));
#6113 = CARTESIAN_POINT('',(-435.1419433011,-1.565757783074,
    69.521817359555));
#6114 = CARTESIAN_POINT('',(-430.9728274171,-2.724417103069,
    69.50046318028));
#6115 = CARTESIAN_POINT('',(-426.6766705817,-2.490138006022,
    69.634075212842));
#6116 = CARTESIAN_POINT('',(-423.4568555526,-0.386695116439,
    69.878609577647));
#6117 = CARTESIAN_POINT('',(-422.3597,-3.082056877198,69.636584889411));
#6118 = CARTESIAN_POINT('',(-679.0382,-1.141092446306,68.972308594648));
#6119 = CARTESIAN_POINT('',(-677.9018430398,-3.946765611465,
    69.295960556452));
#6120 = CARTESIAN_POINT('',(-674.6570379481,-1.18734203063,
    68.91750618267));
#6121 = CARTESIAN_POINT('',(-670.4801286148,-2.955603597405,
    69.129009748773));
#6122 = CARTESIAN_POINT('',(-666.2529876958,-4.156417200433,
    69.181789809509));
#6123 = CARTESIAN_POINT('',(-661.8309289879,-3.964068031211,
    69.0463004057));
#6124 = CARTESIAN_POINT('',(-657.7320144142,-6.297176216497,
    69.326896177581));
#6125 = CARTESIAN_POINT('',(-653.3812140229,-5.978856985447,
    69.270523250279));
#6126 = CARTESIAN_POINT('',(-648.9513854559,-6.543392958266,
    69.348641862037));
#6127 = CARTESIAN_POINT('',(-644.9070855266,-5.913810738855,
    69.298969630116));
#6128 = CARTESIAN_POINT('',(-640.582063889,-6.864443528102,
    69.523821048285));
#6129 = CARTESIAN_POINT('',(-636.2554682792,-6.733502967879,
    69.589771524412));
#6130 = CARTESIAN_POINT('',(-631.9824711096,-6.97071902977,
    69.739672802092));
#6131 = CARTESIAN_POINT('',(-627.7019615338,-6.915539791003,
    69.831004083569));
#6132 = CARTESIAN_POINT('',(-623.4245711463,-7.003451178372,
    69.977707908547));
#6133 = CARTESIAN_POINT('',(-619.1463832312,-7.065321127577,
    70.14301920705));
#6134 = CARTESIAN_POINT('',(-614.8669156658,-6.967338965227,
    70.302468208328));
#6135 = CARTESIAN_POINT('',(-610.5898165078,-6.717443524064,
    70.453363612958));
#6136 = CARTESIAN_POINT('',(-606.3045105877,-6.518362715845,
    70.662840706641));
#6137 = CARTESIAN_POINT('',(-602.0277566031,-5.922833252716,
    70.843425139018));
#6138 = CARTESIAN_POINT('',(-597.7466019923,-5.207456517047,
    70.947325350379));
#6139 = CARTESIAN_POINT('',(-593.4714143357,-4.453095384287,
    70.938611446946));
#6140 = CARTESIAN_POINT('',(-589.1936176105,-3.597191642879,
    70.959621742634));
#6141 = CARTESIAN_POINT('',(-584.9304153006,-2.577989643107,
    71.001309851019));
#6142 = CARTESIAN_POINT('',(-580.6563793824,-1.645142199144,
    71.043383423131));
#6143 = CARTESIAN_POINT('',(-576.3740763318,-0.878578402814,
    71.020012946926));
#6144 = CARTESIAN_POINT('',(-572.0987272234,-0.298413676876,
    70.814433553978));
#6145 = CARTESIAN_POINT('',(-567.7524952784,7.577924195437E-02,
    70.698618510741));
#6146 = CARTESIAN_POINT('',(-563.5775738445,-0.813859993509,
    70.302743062936));
#6147 = CARTESIAN_POINT('',(-559.225311783,1.636447719838E-02,
    70.039133500876));
#6148 = CARTESIAN_POINT('',(-554.9153030247,-0.64633635368,
    69.775834240335));
#6149 = CARTESIAN_POINT('',(-550.6950514656,-2.108987562377,
    69.656767107977));
#6150 = CARTESIAN_POINT('',(-546.5054520859,-3.603578015676,
    69.34148699922));
#6151 = CARTESIAN_POINT('',(-542.014622175,-4.336224181595,
    69.303979188882));
#6152 = CARTESIAN_POINT('',(-537.9789076762,-6.757990077183,
    69.194413897207));
#6153 = CARTESIAN_POINT('',(-533.6216797195,-7.931440117694,
    69.027770056912));
#6154 = CARTESIAN_POINT('',(-529.3043766466,-8.201734999857,
    68.811614947119));
#6155 = CARTESIAN_POINT('',(-525.0222934397,-8.383905632883,
    68.648342998822));
#6156 = CARTESIAN_POINT('',(-520.7416746921,-8.384026057374,
    68.39173674531));
#6157 = CARTESIAN_POINT('',(-516.4671704399,-8.303585771349,
    68.063572692955));
#6158 = CARTESIAN_POINT('',(-512.204407681,-8.099689164706,
    67.748669195868));
#6159 = CARTESIAN_POINT('',(-507.9265429784,-7.953680984602,
    67.491996223602));
#6160 = CARTESIAN_POINT('',(-503.6502824349,-7.723167721818,
    66.867323618547));
#6161 = CARTESIAN_POINT('',(-499.3719688989,-7.904407354863,
    67.561403570382));
#6162 = CARTESIAN_POINT('',(-495.0930022696,-7.866999973873,
    67.342702840643));
#6163 = CARTESIAN_POINT('',(-490.8081538754,-8.001385129947,
    67.373529299983));
#6164 = CARTESIAN_POINT('',(-486.5308534552,-7.99083596471,
    67.394098727206));
#6165 = CARTESIAN_POINT('',(-482.2516859036,-8.005047409648,
    67.448464587265));
#6166 = CARTESIAN_POINT('',(-477.9730655022,-8.00320694396,
    67.500953015342));
#6167 = CARTESIAN_POINT('',(-473.6960456193,-7.870384278568,
    67.567371869656));
#6168 = CARTESIAN_POINT('',(-469.4152062773,-7.817566617469,
    67.619204476865));
#6169 = CARTESIAN_POINT('',(-465.1421872703,-7.49307045467,
    67.713048650828));
#6170 = CARTESIAN_POINT('',(-460.8166932288,-7.63180854946,
    67.750255157328));
#6171 = CARTESIAN_POINT('',(-456.4952571487,-6.298931111535,
    68.073070021277));
#6172 = CARTESIAN_POINT('',(-452.4504000069,-3.526845852481,
    68.603723977388));
#6173 = CARTESIAN_POINT('',(-447.9424683801,-4.113779873179,
    68.67344636735));
#6174 = CARTESIAN_POINT('',(-443.7524033406,-1.704479382955,
    69.127561877623));
#6175 = CARTESIAN_POINT('',(-439.4974420849,-1.739875490166,
    69.309436335227));
#6176 = CARTESIAN_POINT('',(-435.1419433011,-2.176721601733,
    69.379254896084));
#6177 = CARTESIAN_POINT('',(-430.9728274171,-3.277633576953,
    69.368555052078));
#6178 = CARTESIAN_POINT('',(-426.6766705817,-2.884160057081,
    69.527022648117));
#6179 = CARTESIAN_POINT('',(-423.4568555526,-0.78434395139,
    69.774947549357));
#6180 = CARTESIAN_POINT('',(-422.3597,-3.45625295354,69.536026159038));
#6181 = DEFINITIONAL_REPRESENTATION('',(#6182),#6186);
#6182 = LINE('',#6183,#6184);
#6183 = CARTESIAN_POINT('',(23.,0.));
#6184 = VECTOR('',#6185,1.);
#6185 = DIRECTION('',(0.,1.));
#6186 = ( GEOMETRIC_REPRESENTATION_CONTEXT(2) 
PARAMETRIC_REPRESENTATION_CONTEXT() REPRESENTATION_CONTEXT('2D SPACE',''
  ) );
#6187 = ORIENTED_EDGE('',*,*,#6188,.F.);
#6188 = EDGE_CURVE('',#5725,#5979,#6189,.T.);
#6189 = SURFACE_CURVE('',#6190,(#6193,#6200),.PCURVE_S1.);
#6190 = B_SPLINE_CURVE_WITH_KNOTS('',1,(#6191,#6192),.UNSPECIFIED.,.F.,
  .F.,(2,2),(22.,23.),.PIECEWISE_BEZIER_KNOTS.);
#6191 = CARTESIAN_POINT('',(-422.3597,-2.70481767312,69.725078821635));
#6192 = CARTESIAN_POINT('',(-422.3597,-3.082056877198,69.636584889411));
#6193 = PCURVE('',#5800,#6194);
#6194 = DEFINITIONAL_REPRESENTATION('',(#6195),#6199);
#6195 = LINE('',#6196,#6197);
#6196 = CARTESIAN_POINT('',(0.,1.));
#6197 = VECTOR('',#6198,1.);
#6198 = DIRECTION('',(1.,0.));
#6199 = ( GEOMETRIC_REPRESENTATION_CONTEXT(2) 
PARAMETRIC_REPRESENTATION_CONTEXT() REPRESENTATION_CONTEXT('2D SPACE',''
  ) );
#6200 = PCURVE('',#401,#6201);
#6201 = DEFINITIONAL_REPRESENTATION('',(#6202),#6205);
#6202 = B_SPLINE_CURVE_WITH_KNOTS('',1,(#6203,#6204),.UNSPECIFIED.,.F.,
  .F.,(2,2),(22.,23.),.PIECEWISE_BEZIER_KNOTS.);
#6203 = CARTESIAN_POINT('',(2.4669181666,0.973915905306));
#6204 = CARTESIAN_POINT('',(2.84097283308,0.872803593404));
#6205 = ( GEOMETRIC_REPRESENTATION_CONTEXT(2) 
PARAMETRIC_REPRESENTATION_CONTEXT() REPRESENTATION_CONTEXT('2D SPACE',''
  ) );
#6206 = ORIENTED_EDGE('',*,*,#5724,.F.);
#6207 = ADVANCED_FACE('',(#6208),#6054,.T.);
#6208 = FACE_BOUND('',#6209,.T.);
#6209 = EDGE_LOOP('',(#6210,#6231,#6441,#6460));
#6210 = ORIENTED_EDGE('',*,*,#6211,.T.);
#6211 = EDGE_CURVE('',#5958,#6212,#6214,.T.);
#6212 = VERTEX_POINT('',#6213);
#6213 = CARTESIAN_POINT('',(-679.0382,-1.141092446306,68.972308594648));
#6214 = SURFACE_CURVE('',#6215,(#6218,#6225),.PCURVE_S1.);
#6215 = B_SPLINE_CURVE_WITH_KNOTS('',1,(#6216,#6217),.UNSPECIFIED.,.F.,
  .F.,(2,2),(23.,24.),.PIECEWISE_BEZIER_KNOTS.);
#6216 = CARTESIAN_POINT('',(-679.0382,-1.530816912514,69.075424255259));
#6217 = CARTESIAN_POINT('',(-679.0382,-1.141092446306,68.972308594648));
#6218 = PCURVE('',#6054,#6219);
#6219 = DEFINITIONAL_REPRESENTATION('',(#6220),#6224);
#6220 = LINE('',#6221,#6222);
#6221 = CARTESIAN_POINT('',(0.,0.));
#6222 = VECTOR('',#6223,1.);
#6223 = DIRECTION('',(1.,0.));
#6224 = ( GEOMETRIC_REPRESENTATION_CONTEXT(2) 
PARAMETRIC_REPRESENTATION_CONTEXT() REPRESENTATION_CONTEXT('2D SPACE',''
  ) );
#6225 = PCURVE('',#165,#6226);
#6226 = DEFINITIONAL_REPRESENTATION('',(#6227),#6230);
#6227 = B_SPLINE_CURVE_WITH_KNOTS('',1,(#6228,#6229),.UNSPECIFIED.,.F.,
  .F.,(2,2),(23.,24.),.PIECEWISE_BEZIER_KNOTS.);
#6228 = CARTESIAN_POINT('',(5.979416557526,0.598552958714));
#6229 = CARTESIAN_POINT('',(5.581943518723,0.665881871145));
#6230 = ( GEOMETRIC_REPRESENTATION_CONTEXT(2) 
PARAMETRIC_REPRESENTATION_CONTEXT() REPRESENTATION_CONTEXT('2D SPACE',''
  ) );
#6231 = ORIENTED_EDGE('',*,*,#6232,.T.);
#6232 = EDGE_CURVE('',#6212,#6233,#6235,.T.);
#6233 = VERTEX_POINT('',#6234);
#6234 = CARTESIAN_POINT('',(-422.3597,-3.45625295354,69.536026159038));
#6235 = SURFACE_CURVE('',#6236,(#6300,#6307),.PCURVE_S1.);
#6236 = ( BOUNDED_CURVE() B_SPLINE_CURVE(3,(#6237,#6238,#6239,#6240,
    #6241,#6242,#6243,#6244,#6245,#6246,#6247,#6248,#6249,#6250,#6251,
    #6252,#6253,#6254,#6255,#6256,#6257,#6258,#6259,#6260,#6261,#6262,
    #6263,#6264,#6265,#6266,#6267,#6268,#6269,#6270,#6271,#6272,#6273,
    #6274,#6275,#6276,#6277,#6278,#6279,#6280,#6281,#6282,#6283,#6284,
    #6285,#6286,#6287,#6288,#6289,#6290,#6291,#6292,#6293,#6294,#6295,
    #6296,#6297,#6298,#6299),.UNSPECIFIED.,.F.,.F.) 
B_SPLINE_CURVE_WITH_KNOTS((4,1,1,1,1,1,1,1,1,1,1,1,1,1,1,1,1,1,1,1,1,1,1
    ,1,1,1,1,1,1,1,1,1,1,1,1,1,1,1,1,1,1,1,1,1,1,1,1,1,1,1,1,1,1,1,1,1,1
    ,1,1,1,4),(0.,1.671164831231E-02,3.327803306227E-02,
    5.000925566809E-02,6.648034363626E-02,8.347574416348E-02,
    9.998031801332E-02,0.116453562429,0.133787455732,0.150582398826,
    0.167003889564,0.183421183117,0.199831572897,0.216243077967,
    0.232654966281,0.249069049,0.265493630469,0.281929899437,
    0.298422530809,0.314972313288,0.331595845732,0.348279560524,
    0.365009232075,0.38168560036,0.398277240471,0.414799735375,
    0.431302994143,0.448140075223,0.464749604184,0.481553115126,
    0.498808354232,0.516050152658,0.532842545742,0.550335828942,
    0.567153130692,0.583652514422,0.600175882991,0.616768685323,
    0.633448038712,0.650182180915,0.666869665762,0.683497438564,
    0.700056495454,0.716547762365,0.732983596882,0.749407921308,
    0.765822295641,0.782233728406,0.798646209918,0.81505724388,
    0.831476734885,0.847901722287,0.864693603231,0.881980563987,
    0.898448960139,0.915352013848,0.932295303855,0.949097785181,
0.966200565614,0.982806308198,1.),.UNSPECIFIED.) CURVE() 
GEOMETRIC_REPRESENTATION_ITEM() RATIONAL_B_SPLINE_CURVE((1.,
    0.999999999979,1.00000000001,0.999999999997,1.000000000001,1.,1.,1.,
    1.,1.,1.,1.,1.,1.,1.,1.,1.,1.,1.,1.,1.,1.,1.,1.,1.,1.,1.,1.,1.,1.,1.
    ,1.,1.,1.,1.,1.,1.,1.,1.,1.,1.,1.,1.,1.,1.,1.,1.,1.,1.,1.,1.,1.,1.,
    1.,1.,1.,1.,1.,0.999999999998,1.000000000007,0.999999999976,
1.000000000054,1.)) REPRESENTATION_ITEM('') );
#6237 = CARTESIAN_POINT('',(-679.0382,-1.141092446306,68.972308594648));
#6238 = CARTESIAN_POINT('',(-677.9018430398,-3.946765611465,
    69.295960556452));
#6239 = CARTESIAN_POINT('',(-674.6570379481,-1.18734203063,
    68.91750618267));
#6240 = CARTESIAN_POINT('',(-670.4801286148,-2.955603597405,
    69.129009748773));
#6241 = CARTESIAN_POINT('',(-666.2529876958,-4.156417200433,
    69.181789809509));
#6242 = CARTESIAN_POINT('',(-661.8309289879,-3.964068031211,
    69.0463004057));
#6243 = CARTESIAN_POINT('',(-657.7320144142,-6.297176216497,
    69.326896177581));
#6244 = CARTESIAN_POINT('',(-653.3812140229,-5.978856985447,
    69.270523250279));
#6245 = CARTESIAN_POINT('',(-648.9513854559,-6.543392958266,
    69.348641862037));
#6246 = CARTESIAN_POINT('',(-644.9070855266,-5.913810738855,
    69.298969630116));
#6247 = CARTESIAN_POINT('',(-640.582063889,-6.864443528102,
    69.523821048285));
#6248 = CARTESIAN_POINT('',(-636.2554682792,-6.733502967879,
    69.589771524412));
#6249 = CARTESIAN_POINT('',(-631.9824711096,-6.97071902977,
    69.739672802092));
#6250 = CARTESIAN_POINT('',(-627.7019615338,-6.915539791003,
    69.831004083569));
#6251 = CARTESIAN_POINT('',(-623.4245711463,-7.003451178372,
    69.977707908547));
#6252 = CARTESIAN_POINT('',(-619.1463832312,-7.065321127577,
    70.14301920705));
#6253 = CARTESIAN_POINT('',(-614.8669156658,-6.967338965227,
    70.302468208328));
#6254 = CARTESIAN_POINT('',(-610.5898165078,-6.717443524064,
    70.453363612958));
#6255 = CARTESIAN_POINT('',(-606.3045105877,-6.518362715845,
    70.662840706641));
#6256 = CARTESIAN_POINT('',(-602.0277566031,-5.922833252716,
    70.843425139018));
#6257 = CARTESIAN_POINT('',(-597.7466019923,-5.207456517047,
    70.947325350379));
#6258 = CARTESIAN_POINT('',(-593.4714143357,-4.453095384287,
    70.938611446946));
#6259 = CARTESIAN_POINT('',(-589.1936176105,-3.597191642879,
    70.959621742634));
#6260 = CARTESIAN_POINT('',(-584.9304153006,-2.577989643107,
    71.001309851019));
#6261 = CARTESIAN_POINT('',(-580.6563793824,-1.645142199144,
    71.043383423131));
#6262 = CARTESIAN_POINT('',(-576.3740763318,-0.878578402814,
    71.020012946926));
#6263 = CARTESIAN_POINT('',(-572.0987272234,-0.298413676876,
    70.814433553978));
#6264 = CARTESIAN_POINT('',(-567.7524952784,7.577924195437E-02,
    70.698618510741));
#6265 = CARTESIAN_POINT('',(-563.5775738445,-0.813859993509,
    70.302743062936));
#6266 = CARTESIAN_POINT('',(-559.225311783,1.636447719838E-02,
    70.039133500876));
#6267 = CARTESIAN_POINT('',(-554.9153030247,-0.64633635368,
    69.775834240335));
#6268 = CARTESIAN_POINT('',(-550.6950514656,-2.108987562377,
    69.656767107977));
#6269 = CARTESIAN_POINT('',(-546.5054520859,-3.603578015676,
    69.34148699922));
#6270 = CARTESIAN_POINT('',(-542.014622175,-4.336224181595,
    69.303979188882));
#6271 = CARTESIAN_POINT('',(-537.9789076762,-6.757990077183,
    69.194413897207));
#6272 = CARTESIAN_POINT('',(-533.6216797195,-7.931440117694,
    69.027770056912));
#6273 = CARTESIAN_POINT('',(-529.3043766466,-8.201734999857,
    68.811614947119));
#6274 = CARTESIAN_POINT('',(-525.0222934397,-8.383905632883,
    68.648342998822));
#6275 = CARTESIAN_POINT('',(-520.7416746921,-8.384026057374,
    68.39173674531));
#6276 = CARTESIAN_POINT('',(-516.4671704399,-8.303585771349,
    68.063572692955));
#6277 = CARTESIAN_POINT('',(-512.204407681,-8.099689164706,
    67.748669195868));
#6278 = CARTESIAN_POINT('',(-507.9265429784,-7.953680984602,
    67.491996223602));
#6279 = CARTESIAN_POINT('',(-503.6502824349,-7.723167721818,
    66.867323618547));
#6280 = CARTESIAN_POINT('',(-499.3719688989,-7.904407354863,
    67.561403570382));
#6281 = CARTESIAN_POINT('',(-495.0930022696,-7.866999973873,
    67.342702840643));
#6282 = CARTESIAN_POINT('',(-490.8081538754,-8.001385129947,
    67.373529299983));
#6283 = CARTESIAN_POINT('',(-486.5308534552,-7.99083596471,
    67.394098727206));
#6284 = CARTESIAN_POINT('',(-482.2516859036,-8.005047409648,
    67.448464587265));
#6285 = CARTESIAN_POINT('',(-477.9730655022,-8.00320694396,
    67.500953015342));
#6286 = CARTESIAN_POINT('',(-473.6960456193,-7.870384278568,
    67.567371869656));
#6287 = CARTESIAN_POINT('',(-469.4152062773,-7.817566617469,
    67.619204476865));
#6288 = CARTESIAN_POINT('',(-465.1421872703,-7.49307045467,
    67.713048650828));
#6289 = CARTESIAN_POINT('',(-460.8166932288,-7.63180854946,
    67.750255157328));
#6290 = CARTESIAN_POINT('',(-456.4952571487,-6.298931111535,
    68.073070021277));
#6291 = CARTESIAN_POINT('',(-452.4504000069,-3.526845852481,
    68.603723977388));
#6292 = CARTESIAN_POINT('',(-447.9424683801,-4.113779873179,
    68.67344636735));
#6293 = CARTESIAN_POINT('',(-443.7524033406,-1.704479382955,
    69.127561877623));
#6294 = CARTESIAN_POINT('',(-439.4974420849,-1.739875490166,
    69.309436335227));
#6295 = CARTESIAN_POINT('',(-435.1419433011,-2.176721601733,
    69.379254896084));
#6296 = CARTESIAN_POINT('',(-430.9728274171,-3.277633576953,
    69.368555052078));
#6297 = CARTESIAN_POINT('',(-426.6766705817,-2.884160057081,
    69.527022648117));
#6298 = CARTESIAN_POINT('',(-423.4568555526,-0.78434395139,
    69.774947549357));
#6299 = CARTESIAN_POINT('',(-422.3597,-3.45625295354,69.536026159038));
#6300 = PCURVE('',#6054,#6301);
#6301 = DEFINITIONAL_REPRESENTATION('',(#6302),#6306);
#6302 = LINE('',#6303,#6304);
#6303 = CARTESIAN_POINT('',(24.,0.));
#6304 = VECTOR('',#6305,1.);
#6305 = DIRECTION('',(0.,1.));
#6306 = ( GEOMETRIC_REPRESENTATION_CONTEXT(2) 
PARAMETRIC_REPRESENTATION_CONTEXT() REPRESENTATION_CONTEXT('2D SPACE',''
  ) );
#6307 = PCURVE('',#6308,#6435);
#6308 = ( BOUNDED_SURFACE() B_SPLINE_SURFACE(1,3,(
    (#6309,#6310,#6311,#6312,#6313,#6314,#6315,#6316,#6317,#6318,#6319
      ,#6320,#6321,#6322,#6323,#6324,#6325,#6326,#6327,#6328,#6329,#6330
      ,#6331,#6332,#6333,#6334,#6335,#6336,#6337,#6338,#6339,#6340,#6341
      ,#6342,#6343,#6344,#6345,#6346,#6347,#6348,#6349,#6350,#6351,#6352
      ,#6353,#6354,#6355,#6356,#6357,#6358,#6359,#6360,#6361,#6362,#6363
      ,#6364,#6365,#6366,#6367,#6368,#6369,#6370,#6371)
    ,(#6372,#6373,#6374,#6375,#6376,#6377,#6378,#6379,#6380,#6381,#6382
      ,#6383,#6384,#6385,#6386,#6387,#6388,#6389,#6390,#6391,#6392,#6393
      ,#6394,#6395,#6396,#6397,#6398,#6399,#6400,#6401,#6402,#6403,#6404
      ,#6405,#6406,#6407,#6408,#6409,#6410,#6411,#6412,#6413,#6414,#6415
      ,#6416,#6417,#6418,#6419,#6420,#6421,#6422,#6423,#6424,#6425,#6426
      ,#6427,#6428,#6429,#6430,#6431,#6432,#6433,#6434
)),.UNSPECIFIED.,.F.,.F.,.F.) B_SPLINE_SURFACE_WITH_KNOTS((2,2),(4,1,1,1
    ,1,1,1,1,1,1,1,1,1,1,1,1,1,1,1,1,1,1,1,1,1,1,1,1,1,1,1,1,1,1,1,1,1,1
    ,1,1,1,1,1,1,1,1,1,1,1,1,1,1,1,1,1,1,1,1,1,1,4),(24.,25.),(0.,
    1.671164831231E-02,3.327803306227E-02,5.000925566809E-02,
    6.648034363626E-02,8.347574416348E-02,9.998031801332E-02,
    0.116453562429,0.133787455732,0.150582398826,0.167003889564,
    0.183421183117,0.199831572897,0.216243077967,0.232654966281,
    0.249069049,0.265493630469,0.281929899437,0.298422530809,
    0.314972313288,0.331595845732,0.348279560524,0.365009232075,
    0.38168560036,0.398277240471,0.414799735375,0.431302994143,
    0.448140075223,0.464749604184,0.481553115126,0.498808354232,
    0.516050152658,0.532842545742,0.550335828942,0.567153130692,
    0.583652514422,0.600175882991,0.616768685323,0.633448038712,
    0.650182180915,0.666869665762,0.683497438564,0.700056495454,
    0.716547762365,0.732983596882,0.749407921308,0.765822295641,
    0.782233728406,0.798646209918,0.81505724388,0.831476734885,
    0.847901722287,0.864693603231,0.881980563987,0.898448960139,
    0.915352013848,0.932295303855,0.949097785181,0.966200565614,
0.982806308198,1.),.UNSPECIFIED.) GEOMETRIC_REPRESENTATION_ITEM() 
RATIONAL_B_SPLINE_SURFACE((
    (1.,0.999999999979,1.00000000001,0.999999999997,1.000000000001,1.,1.
      ,1.,1.,1.,1.,1.,1.,1.,1.,1.,1.,1.,1.,1.,1.,1.,1.,1.,1.,1.,1.,1.,1.
      ,1.,1.,1.,1.,1.,1.,1.,1.,1.,1.,1.,1.,1.,1.,1.,1.,1.,1.,1.,1.,1.,1.
      ,1.,1.,1.,1.,1.,1.,1.,0.999999999998,1.000000000007,0.999999999976
      ,1.000000000054,1.)
    ,(1.,0.999999999979,1.00000000001,0.999999999997,1.000000000001,1.
      ,1.,1.,1.,1.,1.,1.,1.,1.,1.,1.,1.,1.,1.,1.,1.,1.,1.,1.,1.,1.,1.,1.
      ,1.,1.,1.,1.,1.,1.,1.,1.,1.,1.,1.,1.,1.,1.,1.,1.,1.,1.,1.,1.,1.,1.
      ,1.,1.,1.,1.,1.,1.,1.,1.,0.999999999998,1.000000000007
,0.999999999976,1.000000000054,1.
  ))) REPRESENTATION_ITEM('') SURFACE() );
#6309 = CARTESIAN_POINT('',(-679.0382,-1.141092446306,68.972308594648));
#6310 = CARTESIAN_POINT('',(-677.9018430398,-3.946765611465,
    69.295960556452));
#6311 = CARTESIAN_POINT('',(-674.6570379481,-1.18734203063,
    68.91750618267));
#6312 = CARTESIAN_POINT('',(-670.4801286148,-2.955603597405,
    69.129009748773));
#6313 = CARTESIAN_POINT('',(-666.2529876958,-4.156417200433,
    69.181789809509));
#6314 = CARTESIAN_POINT('',(-661.8309289879,-3.964068031211,
    69.0463004057));
#6315 = CARTESIAN_POINT('',(-657.7320144142,-6.297176216497,
    69.326896177581));
#6316 = CARTESIAN_POINT('',(-653.3812140229,-5.978856985447,
    69.270523250279));
#6317 = CARTESIAN_POINT('',(-648.9513854559,-6.543392958266,
    69.348641862037));
#6318 = CARTESIAN_POINT('',(-644.9070855266,-5.913810738855,
    69.298969630116));
#6319 = CARTESIAN_POINT('',(-640.582063889,-6.864443528102,
    69.523821048285));
#6320 = CARTESIAN_POINT('',(-636.2554682792,-6.733502967879,
    69.589771524412));
#6321 = CARTESIAN_POINT('',(-631.9824711096,-6.97071902977,
    69.739672802092));
#6322 = CARTESIAN_POINT('',(-627.7019615338,-6.915539791003,
    69.831004083569));
#6323 = CARTESIAN_POINT('',(-623.4245711463,-7.003451178372,
    69.977707908547));
#6324 = CARTESIAN_POINT('',(-619.1463832312,-7.065321127577,
    70.14301920705));
#6325 = CARTESIAN_POINT('',(-614.8669156658,-6.967338965227,
    70.302468208328));
#6326 = CARTESIAN_POINT('',(-610.5898165078,-6.717443524064,
    70.453363612958));
#6327 = CARTESIAN_POINT('',(-606.3045105877,-6.518362715845,
    70.662840706641));
#6328 = CARTESIAN_POINT('',(-602.0277566031,-5.922833252716,
    70.843425139018));
#6329 = CARTESIAN_POINT('',(-597.7466019923,-5.207456517047,
    70.947325350379));
#6330 = CARTESIAN_POINT('',(-593.4714143357,-4.453095384287,
    70.938611446946));
#6331 = CARTESIAN_POINT('',(-589.1936176105,-3.597191642879,
    70.959621742634));
#6332 = CARTESIAN_POINT('',(-584.9304153006,-2.577989643107,
    71.001309851019));
#6333 = CARTESIAN_POINT('',(-580.6563793824,-1.645142199144,
    71.043383423131));
#6334 = CARTESIAN_POINT('',(-576.3740763318,-0.878578402814,
    71.020012946926));
#6335 = CARTESIAN_POINT('',(-572.0987272234,-0.298413676876,
    70.814433553978));
#6336 = CARTESIAN_POINT('',(-567.7524952784,7.577924195437E-02,
    70.698618510741));
#6337 = CARTESIAN_POINT('',(-563.5775738445,-0.813859993509,
    70.302743062936));
#6338 = CARTESIAN_POINT('',(-559.225311783,1.636447719838E-02,
    70.039133500876));
#6339 = CARTESIAN_POINT('',(-554.9153030247,-0.64633635368,
    69.775834240335));
#6340 = CARTESIAN_POINT('',(-550.6950514656,-2.108987562377,
    69.656767107977));
#6341 = CARTESIAN_POINT('',(-546.5054520859,-3.603578015676,
    69.34148699922));
#6342 = CARTESIAN_POINT('',(-542.014622175,-4.336224181595,
    69.303979188882));
#6343 = CARTESIAN_POINT('',(-537.9789076762,-6.757990077183,
    69.194413897207));
#6344 = CARTESIAN_POINT('',(-533.6216797195,-7.931440117694,
    69.027770056912));
#6345 = CARTESIAN_POINT('',(-529.3043766466,-8.201734999857,
    68.811614947119));
#6346 = CARTESIAN_POINT('',(-525.0222934397,-8.383905632883,
    68.648342998822));
#6347 = CARTESIAN_POINT('',(-520.7416746921,-8.384026057374,
    68.39173674531));
#6348 = CARTESIAN_POINT('',(-516.4671704399,-8.303585771349,
    68.063572692955));
#6349 = CARTESIAN_POINT('',(-512.204407681,-8.099689164706,
    67.748669195868));
#6350 = CARTESIAN_POINT('',(-507.9265429784,-7.953680984602,
    67.491996223602));
#6351 = CARTESIAN_POINT('',(-503.6502824349,-7.723167721818,
    66.867323618547));
#6352 = CARTESIAN_POINT('',(-499.3719688989,-7.904407354863,
    67.561403570382));
#6353 = CARTESIAN_POINT('',(-495.0930022696,-7.866999973873,
    67.342702840643));
#6354 = CARTESIAN_POINT('',(-490.8081538754,-8.001385129947,
    67.373529299983));
#6355 = CARTESIAN_POINT('',(-486.5308534552,-7.99083596471,
    67.394098727206));
#6356 = CARTESIAN_POINT('',(-482.2516859036,-8.005047409648,
    67.448464587265));
#6357 = CARTESIAN_POINT('',(-477.9730655022,-8.00320694396,
    67.500953015342));
#6358 = CARTESIAN_POINT('',(-473.6960456193,-7.870384278568,
    67.567371869656));
#6359 = CARTESIAN_POINT('',(-469.4152062773,-7.817566617469,
    67.619204476865));
#6360 = CARTESIAN_POINT('',(-465.1421872703,-7.49307045467,
    67.713048650828));
#6361 = CARTESIAN_POINT('',(-460.8166932288,-7.63180854946,
    67.750255157328));
#6362 = CARTESIAN_POINT('',(-456.4952571487,-6.298931111535,
    68.073070021277));
#6363 = CARTESIAN_POINT('',(-452.4504000069,-3.526845852481,
    68.603723977388));
#6364 = CARTESIAN_POINT('',(-447.9424683801,-4.113779873179,
    68.67344636735));
#6365 = CARTESIAN_POINT('',(-443.7524033406,-1.704479382955,
    69.127561877623));
#6366 = CARTESIAN_POINT('',(-439.4974420849,-1.739875490166,
    69.309436335227));
#6367 = CARTESIAN_POINT('',(-435.1419433011,-2.176721601733,
    69.379254896084));
#6368 = CARTESIAN_POINT('',(-430.9728274171,-3.277633576953,
    69.368555052078));
#6369 = CARTESIAN_POINT('',(-426.6766705817,-2.884160057081,
    69.527022648117));
#6370 = CARTESIAN_POINT('',(-423.4568555526,-0.78434395139,
    69.774947549357));
#6371 = CARTESIAN_POINT('',(-422.3597,-3.45625295354,69.536026159038));
#6372 = CARTESIAN_POINT('',(-679.0382,-0.748397978988,68.881122851688));
#6373 = CARTESIAN_POINT('',(-677.9018430398,-3.356798979149,
    69.177440443228));
#6374 = CARTESIAN_POINT('',(-674.6570379481,-0.734916006072,
    68.816486335758));
#6375 = CARTESIAN_POINT('',(-670.4801286148,-2.319375927368,
    68.998006756011));
#6376 = CARTESIAN_POINT('',(-666.2529876958,-3.478669918419,
    69.043122159212));
#6377 = CARTESIAN_POINT('',(-661.8309289879,-3.33193699146,
    68.910036096659));
#6378 = CARTESIAN_POINT('',(-657.7320144142,-5.428885119968,
    69.146893140169));
#6379 = CARTESIAN_POINT('',(-653.3812140229,-5.068181482627,
    69.071940417719));
#6380 = CARTESIAN_POINT('',(-648.9513854559,-5.599796443022,
    69.133456313581));
#6381 = CARTESIAN_POINT('',(-644.9070855266,-4.778670710386,
    69.040869703182));
#6382 = CARTESIAN_POINT('',(-640.582063889,-5.551413952664,
    69.222567622374));
#6383 = CARTESIAN_POINT('',(-636.2554682792,-5.432260580033,
    69.277920545097));
#6384 = CARTESIAN_POINT('',(-631.9824711096,-5.63406631211,
    69.409636794793));
#6385 = CARTESIAN_POINT('',(-627.7019615338,-5.57692922024,
    69.489145228516));
#6386 = CARTESIAN_POINT('',(-623.4245711463,-5.653040351655,
    69.619809327742));
#6387 = CARTESIAN_POINT('',(-619.1463832312,-5.710022870329,
    69.76774212073));
#6388 = CARTESIAN_POINT('',(-614.8669156658,-5.623678662074,
    69.911136520529));
#6389 = CARTESIAN_POINT('',(-610.5898165078,-5.399065906411,
    70.048033130815));
#6390 = CARTESIAN_POINT('',(-606.3045105877,-5.229813526317,
    70.236403778453));
#6391 = CARTESIAN_POINT('',(-602.0277566031,-4.688675530028,
    70.418804677063));
#6392 = CARTESIAN_POINT('',(-597.7466019923,-4.060396863458,
    70.452406274546));
#6393 = CARTESIAN_POINT('',(-593.4714143357,-3.39246766217,
    70.426879983301));
#6394 = CARTESIAN_POINT('',(-589.1936176105,-2.624703780256,
    70.426838842345));
#6395 = CARTESIAN_POINT('',(-584.9304153006,-1.713183696516,
    70.441752899079));
#6396 = CARTESIAN_POINT('',(-580.6563793824,-0.878251059129,
    70.479393705353));
#6397 = CARTESIAN_POINT('',(-576.3740763318,-0.192866617869,
    70.474572646638));
#6398 = CARTESIAN_POINT('',(-572.0987272234,0.312643984805,
    70.306535907648));
#6399 = CARTESIAN_POINT('',(-567.7524952784,0.659457415757,
    70.275769810743));
#6400 = CARTESIAN_POINT('',(-563.5775738445,-0.387486928173,
    69.807118990868));
#6401 = CARTESIAN_POINT('',(-559.225311783,0.328335023099,
    69.549004866899));
#6402 = CARTESIAN_POINT('',(-554.9153030247,-0.418617854929,
    69.184851682102));
#6403 = CARTESIAN_POINT('',(-550.6950514656,-2.098282840187,
    69.10853218385));
#6404 = CARTESIAN_POINT('',(-546.5054520859,-3.79558581249,
    68.699057129768));
#6405 = CARTESIAN_POINT('',(-542.014622175,-4.584829703484,
    68.74473463941));
#6406 = CARTESIAN_POINT('',(-537.9789076762,-7.092860025733,
    68.607671799189));
#6407 = CARTESIAN_POINT('',(-533.6216797195,-8.416985734832,
    68.502625917339));
#6408 = CARTESIAN_POINT('',(-529.3043766466,-8.697858867534,
    68.189178249566));
#6409 = CARTESIAN_POINT('',(-525.0222934397,-8.980882865591,
    68.014404243162));
#6410 = CARTESIAN_POINT('',(-520.7416746921,-9.090396520214,
    67.765749879313));
#6411 = CARTESIAN_POINT('',(-516.4671704399,-9.129869775518,
    67.461675555513));
#6412 = CARTESIAN_POINT('',(-512.204407681,-9.047764538814,
    67.197393764094));
#6413 = CARTESIAN_POINT('',(-507.9265429784,-9.018135682375,
    66.990472072018));
#6414 = CARTESIAN_POINT('',(-503.6502824349,-8.889835825056,
    66.426565686432));
#6415 = CARTESIAN_POINT('',(-499.3719688989,-9.117650746529,
    67.07657439885));
#6416 = CARTESIAN_POINT('',(-495.0930022696,-9.144078488823,
    66.884165673636));
#6417 = CARTESIAN_POINT('',(-490.8081538754,-9.307419795551,
    66.928385387072));
#6418 = CARTESIAN_POINT('',(-486.5308534552,-9.322042196794,
    66.966059427604));
#6419 = CARTESIAN_POINT('',(-482.2516859036,-9.346479595999,
    67.03894597147));
#6420 = CARTESIAN_POINT('',(-477.9730655022,-9.346452739677,
    67.109622214531));
#6421 = CARTESIAN_POINT('',(-473.6960456193,-9.197605968904,
    67.194304139727));
#6422 = CARTESIAN_POINT('',(-469.4152062773,-9.142769850911,
    67.25946588137));
#6423 = CARTESIAN_POINT('',(-465.1421872703,-8.78632146171,
    67.371519618115));
#6424 = CARTESIAN_POINT('',(-460.8166932288,-8.910582108213,
    67.425337251965));
#6425 = CARTESIAN_POINT('',(-456.4952571487,-7.479141111947,
    67.778007149387));
#6426 = CARTESIAN_POINT('',(-452.4504000069,-4.510878385432,
    68.352683910584));
#6427 = CARTESIAN_POINT('',(-447.9424683801,-5.093437177854,
    68.436073191576));
#6428 = CARTESIAN_POINT('',(-443.7524033406,-2.531823136863,
    68.92273094649));
#6429 = CARTESIAN_POINT('',(-439.4974420849,-2.382992950823,
    69.140669550313));
#6430 = CARTESIAN_POINT('',(-435.1419433011,-2.784064577976,
    69.222032015384));
#6431 = CARTESIAN_POINT('',(-430.9728274171,-3.827095062692,
    69.221785560379));
#6432 = CARTESIAN_POINT('',(-426.6766705817,-3.273864006241,
    69.404777810179));
#6433 = CARTESIAN_POINT('',(-423.4568555526,-1.177468603319,
    69.656059368071));
#6434 = CARTESIAN_POINT('',(-422.3597,-3.825932195529,69.420015326597));
#6435 = DEFINITIONAL_REPRESENTATION('',(#6436),#6440);
#6436 = LINE('',#6437,#6438);
#6437 = CARTESIAN_POINT('',(24.,0.));
#6438 = VECTOR('',#6439,1.);
#6439 = DIRECTION('',(0.,1.));
#6440 = ( GEOMETRIC_REPRESENTATION_CONTEXT(2) 
PARAMETRIC_REPRESENTATION_CONTEXT() REPRESENTATION_CONTEXT('2D SPACE',''
  ) );
#6441 = ORIENTED_EDGE('',*,*,#6442,.F.);
#6442 = EDGE_CURVE('',#5979,#6233,#6443,.T.);
#6443 = SURFACE_CURVE('',#6444,(#6447,#6454),.PCURVE_S1.);
#6444 = B_SPLINE_CURVE_WITH_KNOTS('',1,(#6445,#6446),.UNSPECIFIED.,.F.,
  .F.,(2,2),(23.,24.),.PIECEWISE_BEZIER_KNOTS.);
#6445 = CARTESIAN_POINT('',(-422.3597,-3.082056877198,69.636584889411));
#6446 = CARTESIAN_POINT('',(-422.3597,-3.45625295354,69.536026159038));
#6447 = PCURVE('',#6054,#6448);
#6448 = DEFINITIONAL_REPRESENTATION('',(#6449),#6453);
#6449 = LINE('',#6450,#6451);
#6450 = CARTESIAN_POINT('',(0.,1.));
#6451 = VECTOR('',#6452,1.);
#6452 = DIRECTION('',(1.,0.));
#6453 = ( GEOMETRIC_REPRESENTATION_CONTEXT(2) 
PARAMETRIC_REPRESENTATION_CONTEXT() REPRESENTATION_CONTEXT('2D SPACE',''
  ) );
#6454 = PCURVE('',#401,#6455);
#6455 = DEFINITIONAL_REPRESENTATION('',(#6456),#6459);
#6456 = B_SPLINE_CURVE_WITH_KNOTS('',1,(#6457,#6458),.UNSPECIFIED.,.F.,
  .F.,(2,2),(23.,24.),.PIECEWISE_BEZIER_KNOTS.);
#6457 = CARTESIAN_POINT('',(2.84097283308,0.872803593404));
#6458 = CARTESIAN_POINT('',(3.211580933113,0.759735481215));
#6459 = ( GEOMETRIC_REPRESENTATION_CONTEXT(2) 
PARAMETRIC_REPRESENTATION_CONTEXT() REPRESENTATION_CONTEXT('2D SPACE',''
  ) );
#6460 = ORIENTED_EDGE('',*,*,#5978,.F.);
#6461 = ADVANCED_FACE('',(#6462),#6308,.T.);
#6462 = FACE_BOUND('',#6463,.T.);
#6463 = EDGE_LOOP('',(#6464,#6485,#6695,#6714));
#6464 = ORIENTED_EDGE('',*,*,#6465,.T.);
#6465 = EDGE_CURVE('',#6212,#6466,#6468,.T.);
#6466 = VERTEX_POINT('',#6467);
#6467 = CARTESIAN_POINT('',(-679.0382,-0.748397978988,68.881122851688));
#6468 = SURFACE_CURVE('',#6469,(#6472,#6479),.PCURVE_S1.);
#6469 = B_SPLINE_CURVE_WITH_KNOTS('',1,(#6470,#6471),.UNSPECIFIED.,.F.,
  .F.,(2,2),(24.,25.),.PIECEWISE_BEZIER_KNOTS.);
#6470 = CARTESIAN_POINT('',(-679.0382,-1.141092446306,68.972308594648));
#6471 = CARTESIAN_POINT('',(-679.0382,-0.748397978988,68.881122851688));
#6472 = PCURVE('',#6308,#6473);
#6473 = DEFINITIONAL_REPRESENTATION('',(#6474),#6478);
#6474 = LINE('',#6475,#6476);
#6475 = CARTESIAN_POINT('',(0.,0.));
#6476 = VECTOR('',#6477,1.);
#6477 = DIRECTION('',(1.,0.));
#6478 = ( GEOMETRIC_REPRESENTATION_CONTEXT(2) 
PARAMETRIC_REPRESENTATION_CONTEXT() REPRESENTATION_CONTEXT('2D SPACE',''
  ) );
#6479 = PCURVE('',#165,#6480);
#6480 = DEFINITIONAL_REPRESENTATION('',(#6481),#6484);
#6481 = B_SPLINE_CURVE_WITH_KNOTS('',1,(#6482,#6483),.UNSPECIFIED.,.F.,
  .F.,(2,2),(24.,25.),.PIECEWISE_BEZIER_KNOTS.);
#6482 = CARTESIAN_POINT('',(5.581943518723,0.665881871145));
#6483 = CARTESIAN_POINT('',(5.182595183411,0.721060594081));
#6484 = ( GEOMETRIC_REPRESENTATION_CONTEXT(2) 
PARAMETRIC_REPRESENTATION_CONTEXT() REPRESENTATION_CONTEXT('2D SPACE',''
  ) );
#6485 = ORIENTED_EDGE('',*,*,#6486,.T.);
#6486 = EDGE_CURVE('',#6466,#6487,#6489,.T.);
#6487 = VERTEX_POINT('',#6488);
#6488 = CARTESIAN_POINT('',(-422.3597,-3.825932195529,69.420015326597));
#6489 = SURFACE_CURVE('',#6490,(#6554,#6561),.PCURVE_S1.);
#6490 = ( BOUNDED_CURVE() B_SPLINE_CURVE(3,(#6491,#6492,#6493,#6494,
    #6495,#6496,#6497,#6498,#6499,#6500,#6501,#6502,#6503,#6504,#6505,
    #6506,#6507,#6508,#6509,#6510,#6511,#6512,#6513,#6514,#6515,#6516,
    #6517,#6518,#6519,#6520,#6521,#6522,#6523,#6524,#6525,#6526,#6527,
    #6528,#6529,#6530,#6531,#6532,#6533,#6534,#6535,#6536,#6537,#6538,
    #6539,#6540,#6541,#6542,#6543,#6544,#6545,#6546,#6547,#6548,#6549,
    #6550,#6551,#6552,#6553),.UNSPECIFIED.,.F.,.F.) 
B_SPLINE_CURVE_WITH_KNOTS((4,1,1,1,1,1,1,1,1,1,1,1,1,1,1,1,1,1,1,1,1,1,1
    ,1,1,1,1,1,1,1,1,1,1,1,1,1,1,1,1,1,1,1,1,1,1,1,1,1,1,1,1,1,1,1,1,1,1
    ,1,1,1,4),(0.,1.671164831231E-02,3.327803306227E-02,
    5.000925566809E-02,6.648034363626E-02,8.347574416348E-02,
    9.998031801332E-02,0.116453562429,0.133787455732,0.150582398826,
    0.167003889564,0.183421183117,0.199831572897,0.216243077967,
    0.232654966281,0.249069049,0.265493630469,0.281929899437,
    0.298422530809,0.314972313288,0.331595845732,0.348279560524,
    0.365009232075,0.38168560036,0.398277240471,0.414799735375,
    0.431302994143,0.448140075223,0.464749604184,0.481553115126,
    0.498808354232,0.516050152658,0.532842545742,0.550335828942,
    0.567153130692,0.583652514422,0.600175882991,0.616768685323,
    0.633448038712,0.650182180915,0.666869665762,0.683497438564,
    0.700056495454,0.716547762365,0.732983596882,0.749407921308,
    0.765822295641,0.782233728406,0.798646209918,0.81505724388,
    0.831476734885,0.847901722287,0.864693603231,0.881980563987,
    0.898448960139,0.915352013848,0.932295303855,0.949097785181,
0.966200565614,0.982806308198,1.),.UNSPECIFIED.) CURVE() 
GEOMETRIC_REPRESENTATION_ITEM() RATIONAL_B_SPLINE_CURVE((1.,
    0.999999999979,1.00000000001,0.999999999997,1.000000000001,1.,1.,1.,
    1.,1.,1.,1.,1.,1.,1.,1.,1.,1.,1.,1.,1.,1.,1.,1.,1.,1.,1.,1.,1.,1.,1.
    ,1.,1.,1.,1.,1.,1.,1.,1.,1.,1.,1.,1.,1.,1.,1.,1.,1.,1.,1.,1.,1.,1.,
    1.,1.,1.,1.,1.,0.999999999998,1.000000000007,0.999999999976,
1.000000000054,1.)) REPRESENTATION_ITEM('') );
#6491 = CARTESIAN_POINT('',(-679.0382,-0.748397978988,68.881122851688));
#6492 = CARTESIAN_POINT('',(-677.9018430398,-3.356798979149,
    69.177440443228));
#6493 = CARTESIAN_POINT('',(-674.6570379481,-0.734916006072,
    68.816486335758));
#6494 = CARTESIAN_POINT('',(-670.4801286148,-2.319375927368,
    68.998006756011));
#6495 = CARTESIAN_POINT('',(-666.2529876958,-3.478669918419,
    69.043122159212));
#6496 = CARTESIAN_POINT('',(-661.8309289879,-3.33193699146,
    68.910036096659));
#6497 = CARTESIAN_POINT('',(-657.7320144142,-5.428885119968,
    69.146893140169));
#6498 = CARTESIAN_POINT('',(-653.3812140229,-5.068181482627,
    69.071940417719));
#6499 = CARTESIAN_POINT('',(-648.9513854559,-5.599796443022,
    69.133456313581));
#6500 = CARTESIAN_POINT('',(-644.9070855266,-4.778670710386,
    69.040869703182));
#6501 = CARTESIAN_POINT('',(-640.582063889,-5.551413952664,
    69.222567622374));
#6502 = CARTESIAN_POINT('',(-636.2554682792,-5.432260580033,
    69.277920545097));
#6503 = CARTESIAN_POINT('',(-631.9824711096,-5.63406631211,
    69.409636794793));
#6504 = CARTESIAN_POINT('',(-627.7019615338,-5.57692922024,
    69.489145228516));
#6505 = CARTESIAN_POINT('',(-623.4245711463,-5.653040351655,
    69.619809327742));
#6506 = CARTESIAN_POINT('',(-619.1463832312,-5.710022870329,
    69.76774212073));
#6507 = CARTESIAN_POINT('',(-614.8669156658,-5.623678662074,
    69.911136520529));
#6508 = CARTESIAN_POINT('',(-610.5898165078,-5.399065906411,
    70.048033130815));
#6509 = CARTESIAN_POINT('',(-606.3045105877,-5.229813526317,
    70.236403778453));
#6510 = CARTESIAN_POINT('',(-602.0277566031,-4.688675530028,
    70.418804677063));
#6511 = CARTESIAN_POINT('',(-597.7466019923,-4.060396863458,
    70.452406274546));
#6512 = CARTESIAN_POINT('',(-593.4714143357,-3.39246766217,
    70.426879983301));
#6513 = CARTESIAN_POINT('',(-589.1936176105,-2.624703780256,
    70.426838842345));
#6514 = CARTESIAN_POINT('',(-584.9304153006,-1.713183696516,
    70.441752899079));
#6515 = CARTESIAN_POINT('',(-580.6563793824,-0.878251059129,
    70.479393705353));
#6516 = CARTESIAN_POINT('',(-576.3740763318,-0.192866617869,
    70.474572646638));
#6517 = CARTESIAN_POINT('',(-572.0987272234,0.312643984805,
    70.306535907648));
#6518 = CARTESIAN_POINT('',(-567.7524952784,0.659457415757,
    70.275769810743));
#6519 = CARTESIAN_POINT('',(-563.5775738445,-0.387486928173,
    69.807118990868));
#6520 = CARTESIAN_POINT('',(-559.225311783,0.328335023099,
    69.549004866899));
#6521 = CARTESIAN_POINT('',(-554.9153030247,-0.418617854929,
    69.184851682102));
#6522 = CARTESIAN_POINT('',(-550.6950514656,-2.098282840187,
    69.10853218385));
#6523 = CARTESIAN_POINT('',(-546.5054520859,-3.79558581249,
    68.699057129768));
#6524 = CARTESIAN_POINT('',(-542.014622175,-4.584829703484,
    68.74473463941));
#6525 = CARTESIAN_POINT('',(-537.9789076762,-7.092860025733,
    68.607671799189));
#6526 = CARTESIAN_POINT('',(-533.6216797195,-8.416985734832,
    68.502625917339));
#6527 = CARTESIAN_POINT('',(-529.3043766466,-8.697858867534,
    68.189178249566));
#6528 = CARTESIAN_POINT('',(-525.0222934397,-8.980882865591,
    68.014404243162));
#6529 = CARTESIAN_POINT('',(-520.7416746921,-9.090396520214,
    67.765749879313));
#6530 = CARTESIAN_POINT('',(-516.4671704399,-9.129869775518,
    67.461675555513));
#6531 = CARTESIAN_POINT('',(-512.204407681,-9.047764538814,
    67.197393764094));
#6532 = CARTESIAN_POINT('',(-507.9265429784,-9.018135682375,
    66.990472072018));
#6533 = CARTESIAN_POINT('',(-503.6502824349,-8.889835825056,
    66.426565686432));
#6534 = CARTESIAN_POINT('',(-499.3719688989,-9.117650746529,
    67.07657439885));
#6535 = CARTESIAN_POINT('',(-495.0930022696,-9.144078488823,
    66.884165673636));
#6536 = CARTESIAN_POINT('',(-490.8081538754,-9.307419795551,
    66.928385387072));
#6537 = CARTESIAN_POINT('',(-486.5308534552,-9.322042196794,
    66.966059427604));
#6538 = CARTESIAN_POINT('',(-482.2516859036,-9.346479595999,
    67.03894597147));
#6539 = CARTESIAN_POINT('',(-477.9730655022,-9.346452739677,
    67.109622214531));
#6540 = CARTESIAN_POINT('',(-473.6960456193,-9.197605968904,
    67.194304139727));
#6541 = CARTESIAN_POINT('',(-469.4152062773,-9.142769850911,
    67.25946588137));
#6542 = CARTESIAN_POINT('',(-465.1421872703,-8.78632146171,
    67.371519618115));
#6543 = CARTESIAN_POINT('',(-460.8166932288,-8.910582108213,
    67.425337251965));
#6544 = CARTESIAN_POINT('',(-456.4952571487,-7.479141111947,
    67.778007149387));
#6545 = CARTESIAN_POINT('',(-452.4504000069,-4.510878385432,
    68.352683910584));
#6546 = CARTESIAN_POINT('',(-447.9424683801,-5.093437177854,
    68.436073191576));
#6547 = CARTESIAN_POINT('',(-443.7524033406,-2.531823136863,
    68.92273094649));
#6548 = CARTESIAN_POINT('',(-439.4974420849,-2.382992950823,
    69.140669550313));
#6549 = CARTESIAN_POINT('',(-435.1419433011,-2.784064577976,
    69.222032015384));
#6550 = CARTESIAN_POINT('',(-430.9728274171,-3.827095062692,
    69.221785560379));
#6551 = CARTESIAN_POINT('',(-426.6766705817,-3.273864006241,
    69.404777810179));
#6552 = CARTESIAN_POINT('',(-423.4568555526,-1.177468603319,
    69.656059368071));
#6553 = CARTESIAN_POINT('',(-422.3597,-3.825932195529,69.420015326597));
#6554 = PCURVE('',#6308,#6555);
#6555 = DEFINITIONAL_REPRESENTATION('',(#6556),#6560);
#6556 = LINE('',#6557,#6558);
#6557 = CARTESIAN_POINT('',(25.,0.));
#6558 = VECTOR('',#6559,1.);
#6559 = DIRECTION('',(0.,1.));
#6560 = ( GEOMETRIC_REPRESENTATION_CONTEXT(2) 
PARAMETRIC_REPRESENTATION_CONTEXT() REPRESENTATION_CONTEXT('2D SPACE',''
  ) );
#6561 = PCURVE('',#6562,#6689);
#6562 = ( BOUNDED_SURFACE() B_SPLINE_SURFACE(1,3,(
    (#6563,#6564,#6565,#6566,#6567,#6568,#6569,#6570,#6571,#6572,#6573
      ,#6574,#6575,#6576,#6577,#6578,#6579,#6580,#6581,#6582,#6583,#6584
      ,#6585,#6586,#6587,#6588,#6589,#6590,#6591,#6592,#6593,#6594,#6595
      ,#6596,#6597,#6598,#6599,#6600,#6601,#6602,#6603,#6604,#6605,#6606
      ,#6607,#6608,#6609,#6610,#6611,#6612,#6613,#6614,#6615,#6616,#6617
      ,#6618,#6619,#6620,#6621,#6622,#6623,#6624,#6625)
    ,(#6626,#6627,#6628,#6629,#6630,#6631,#6632,#6633,#6634,#6635,#6636
      ,#6637,#6638,#6639,#6640,#6641,#6642,#6643,#6644,#6645,#6646,#6647
      ,#6648,#6649,#6650,#6651,#6652,#6653,#6654,#6655,#6656,#6657,#6658
      ,#6659,#6660,#6661,#6662,#6663,#6664,#6665,#6666,#6667,#6668,#6669
      ,#6670,#6671,#6672,#6673,#6674,#6675,#6676,#6677,#6678,#6679,#6680
      ,#6681,#6682,#6683,#6684,#6685,#6686,#6687,#6688
)),.UNSPECIFIED.,.F.,.F.,.F.) B_SPLINE_SURFACE_WITH_KNOTS((2,2),(4,1,1,1
    ,1,1,1,1,1,1,1,1,1,1,1,1,1,1,1,1,1,1,1,1,1,1,1,1,1,1,1,1,1,1,1,1,1,1
    ,1,1,1,1,1,1,1,1,1,1,1,1,1,1,1,1,1,1,1,1,1,1,4),(25.,26.),(0.,
    1.671164831231E-02,3.327803306227E-02,5.000925566809E-02,
    6.648034363626E-02,8.347574416348E-02,9.998031801332E-02,
    0.116453562429,0.133787455732,0.150582398826,0.167003889564,
    0.183421183117,0.199831572897,0.216243077967,0.232654966281,
    0.249069049,0.265493630469,0.281929899437,0.298422530809,
    0.314972313288,0.331595845732,0.348279560524,0.365009232075,
    0.38168560036,0.398277240471,0.414799735375,0.431302994143,
    0.448140075223,0.464749604184,0.481553115126,0.498808354232,
    0.516050152658,0.532842545742,0.550335828942,0.567153130692,
    0.583652514422,0.600175882991,0.616768685323,0.633448038712,
    0.650182180915,0.666869665762,0.683497438564,0.700056495454,
    0.716547762365,0.732983596882,0.749407921308,0.765822295641,
    0.782233728406,0.798646209918,0.81505724388,0.831476734885,
    0.847901722287,0.864693603231,0.881980563987,0.898448960139,
    0.915352013848,0.932295303855,0.949097785181,0.966200565614,
0.982806308198,1.),.UNSPECIFIED.) GEOMETRIC_REPRESENTATION_ITEM() 
RATIONAL_B_SPLINE_SURFACE((
    (1.,0.999999999979,1.00000000001,0.999999999997,1.000000000001,1.,1.
      ,1.,1.,1.,1.,1.,1.,1.,1.,1.,1.,1.,1.,1.,1.,1.,1.,1.,1.,1.,1.,1.,1.
      ,1.,1.,1.,1.,1.,1.,1.,1.,1.,1.,1.,1.,1.,1.,1.,1.,1.,1.,1.,1.,1.,1.
      ,1.,1.,1.,1.,1.,1.,1.,0.999999999998,1.000000000007,0.999999999976
      ,1.000000000054,1.)
    ,(1.,0.999999999979,1.00000000001,0.999999999997,1.000000000001,1.
      ,1.,1.,1.,1.,1.,1.,1.,1.,1.,1.,1.,1.,1.,1.,1.,1.,1.,1.,1.,1.,1.,1.
      ,1.,1.,1.,1.,1.,1.,1.,1.,1.,1.,1.,1.,1.,1.,1.,1.,1.,1.,1.,1.,1.,1.
      ,1.,1.,1.,1.,1.,1.,1.,1.,0.999999999998,1.000000000007
,0.999999999976,1.000000000054,1.
  ))) REPRESENTATION_ITEM('') SURFACE() );
#6563 = CARTESIAN_POINT('',(-679.0382,-0.748397978988,68.881122851688));
#6564 = CARTESIAN_POINT('',(-677.9018430398,-3.356798979149,
    69.177440443228));
#6565 = CARTESIAN_POINT('',(-674.6570379481,-0.734916006072,
    68.816486335758));
#6566 = CARTESIAN_POINT('',(-670.4801286148,-2.319375927368,
    68.998006756011));
#6567 = CARTESIAN_POINT('',(-666.2529876958,-3.478669918419,
    69.043122159212));
#6568 = CARTESIAN_POINT('',(-661.8309289879,-3.33193699146,
    68.910036096659));
#6569 = CARTESIAN_POINT('',(-657.7320144142,-5.428885119968,
    69.146893140169));
#6570 = CARTESIAN_POINT('',(-653.3812140229,-5.068181482627,
    69.071940417719));
#6571 = CARTESIAN_POINT('',(-648.9513854559,-5.599796443022,
    69.133456313581));
#6572 = CARTESIAN_POINT('',(-644.9070855266,-4.778670710386,
    69.040869703182));
#6573 = CARTESIAN_POINT('',(-640.582063889,-5.551413952664,
    69.222567622374));
#6574 = CARTESIAN_POINT('',(-636.2554682792,-5.432260580033,
    69.277920545097));
#6575 = CARTESIAN_POINT('',(-631.9824711096,-5.63406631211,
    69.409636794793));
#6576 = CARTESIAN_POINT('',(-627.7019615338,-5.57692922024,
    69.489145228516));
#6577 = CARTESIAN_POINT('',(-623.4245711463,-5.653040351655,
    69.619809327742));
#6578 = CARTESIAN_POINT('',(-619.1463832312,-5.710022870329,
    69.76774212073));
#6579 = CARTESIAN_POINT('',(-614.8669156658,-5.623678662074,
    69.911136520529));
#6580 = CARTESIAN_POINT('',(-610.5898165078,-5.399065906411,
    70.048033130815));
#6581 = CARTESIAN_POINT('',(-606.3045105877,-5.229813526317,
    70.236403778453));
#6582 = CARTESIAN_POINT('',(-602.0277566031,-4.688675530028,
    70.418804677063));
#6583 = CARTESIAN_POINT('',(-597.7466019923,-4.060396863458,
    70.452406274546));
#6584 = CARTESIAN_POINT('',(-593.4714143357,-3.39246766217,
    70.426879983301));
#6585 = CARTESIAN_POINT('',(-589.1936176105,-2.624703780256,
    70.426838842345));
#6586 = CARTESIAN_POINT('',(-584.9304153006,-1.713183696516,
    70.441752899079));
#6587 = CARTESIAN_POINT('',(-580.6563793824,-0.878251059129,
    70.479393705353));
#6588 = CARTESIAN_POINT('',(-576.3740763318,-0.192866617869,
    70.474572646638));
#6589 = CARTESIAN_POINT('',(-572.0987272234,0.312643984805,
    70.306535907648));
#6590 = CARTESIAN_POINT('',(-567.7524952784,0.659457415757,
    70.275769810743));
#6591 = CARTESIAN_POINT('',(-563.5775738445,-0.387486928173,
    69.807118990868));
#6592 = CARTESIAN_POINT('',(-559.225311783,0.328335023099,
    69.549004866899));
#6593 = CARTESIAN_POINT('',(-554.9153030247,-0.418617854929,
    69.184851682102));
#6594 = CARTESIAN_POINT('',(-550.6950514656,-2.098282840187,
    69.10853218385));
#6595 = CARTESIAN_POINT('',(-546.5054520859,-3.79558581249,
    68.699057129768));
#6596 = CARTESIAN_POINT('',(-542.014622175,-4.584829703484,
    68.74473463941));
#6597 = CARTESIAN_POINT('',(-537.9789076762,-7.092860025733,
    68.607671799189));
#6598 = CARTESIAN_POINT('',(-533.6216797195,-8.416985734832,
    68.502625917339));
#6599 = CARTESIAN_POINT('',(-529.3043766466,-8.697858867534,
    68.189178249566));
#6600 = CARTESIAN_POINT('',(-525.0222934397,-8.980882865591,
    68.014404243162));
#6601 = CARTESIAN_POINT('',(-520.7416746921,-9.090396520214,
    67.765749879313));
#6602 = CARTESIAN_POINT('',(-516.4671704399,-9.129869775518,
    67.461675555513));
#6603 = CARTESIAN_POINT('',(-512.204407681,-9.047764538814,
    67.197393764094));
#6604 = CARTESIAN_POINT('',(-507.9265429784,-9.018135682375,
    66.990472072018));
#6605 = CARTESIAN_POINT('',(-503.6502824349,-8.889835825056,
    66.426565686432));
#6606 = CARTESIAN_POINT('',(-499.3719688989,-9.117650746529,
    67.07657439885));
#6607 = CARTESIAN_POINT('',(-495.0930022696,-9.144078488823,
    66.884165673636));
#6608 = CARTESIAN_POINT('',(-490.8081538754,-9.307419795551,
    66.928385387072));
#6609 = CARTESIAN_POINT('',(-486.5308534552,-9.322042196794,
    66.966059427604));
#6610 = CARTESIAN_POINT('',(-482.2516859036,-9.346479595999,
    67.03894597147));
#6611 = CARTESIAN_POINT('',(-477.9730655022,-9.346452739677,
    67.109622214531));
#6612 = CARTESIAN_POINT('',(-473.6960456193,-9.197605968904,
    67.194304139727));
#6613 = CARTESIAN_POINT('',(-469.4152062773,-9.142769850911,
    67.25946588137));
#6614 = CARTESIAN_POINT('',(-465.1421872703,-8.78632146171,
    67.371519618115));
#6615 = CARTESIAN_POINT('',(-460.8166932288,-8.910582108213,
    67.425337251965));
#6616 = CARTESIAN_POINT('',(-456.4952571487,-7.479141111947,
    67.778007149387));
#6617 = CARTESIAN_POINT('',(-452.4504000069,-4.510878385432,
    68.352683910584));
#6618 = CARTESIAN_POINT('',(-447.9424683801,-5.093437177854,
    68.436073191576));
#6619 = CARTESIAN_POINT('',(-443.7524033406,-2.531823136863,
    68.92273094649));
#6620 = CARTESIAN_POINT('',(-439.4974420849,-2.382992950823,
    69.140669550313));
#6621 = CARTESIAN_POINT('',(-435.1419433011,-2.784064577976,
    69.222032015384));
#6622 = CARTESIAN_POINT('',(-430.9728274171,-3.827095062692,
    69.221785560379));
#6623 = CARTESIAN_POINT('',(-426.6766705817,-3.273864006241,
    69.404777810179));
#6624 = CARTESIAN_POINT('',(-423.4568555526,-1.177468603319,
    69.656059368071));
#6625 = CARTESIAN_POINT('',(-422.3597,-3.825932195529,69.420015326597));
#6626 = CARTESIAN_POINT('',(-679.0382,-0.353495097843,68.800015935402));
#6627 = CARTESIAN_POINT('',(-677.9018430398,-2.764887404392,
    69.068800728831));
#6628 = CARTESIAN_POINT('',(-674.6570379481,-0.280457442269,
    68.72522266491));
#6629 = CARTESIAN_POINT('',(-670.4801286148,-1.68125051867,
    68.876574081206));
#6630 = CARTESIAN_POINT('',(-666.2529876958,-2.799039345211,
    68.913993576768));
#6631 = CARTESIAN_POINT('',(-661.8309289879,-2.697825259279,
    68.783318151713));
#6632 = CARTESIAN_POINT('',(-657.7320144142,-4.558698032845,
    68.976288495691));
#6633 = CARTESIAN_POINT('',(-653.3812140229,-4.15550919113,
    68.882730296309));
#6634 = CARTESIAN_POINT('',(-648.9513854559,-4.654117596707,
    68.927604820011));
#6635 = CARTESIAN_POINT('',(-644.9070855266,-3.641458761394,
    68.792050288186));
#6636 = CARTESIAN_POINT('',(-640.582063889,-4.236295000804,
    68.930562116861));
#6637 = CARTESIAN_POINT('',(-636.2554682792,-4.128840233944,
    68.975298262822));
#6638 = CARTESIAN_POINT('',(-631.9824711096,-4.295171683658,
    69.088810068287));
#6639 = CARTESIAN_POINT('',(-627.7019615338,-4.236006380689,
    69.156471622898));
#6640 = CARTESIAN_POINT('',(-623.4245711463,-4.300224924698,
    69.271092943439));
#6641 = CARTESIAN_POINT('',(-619.1463832312,-4.352253819174,
    69.401543226878));
#6642 = CARTESIAN_POINT('',(-614.8669156658,-4.277297778515,
    69.529133606628));
#6643 = CARTESIAN_POINT('',(-610.5898165078,-4.078314811666,
    69.65093547814));
#6644 = CARTESIAN_POINT('',(-606.3045105877,-3.936894974787,
    69.822102394534));
#6645 = CARTESIAN_POINT('',(-602.0277566031,-3.45680262073,
    69.991442768488));
#6646 = CARTESIAN_POINT('',(-597.7466019923,-2.88959163065,
    70.010253651833));
#6647 = CARTESIAN_POINT('',(-593.4714143357,-2.312329901768,
    69.952367210385));
#6648 = CARTESIAN_POINT('',(-589.1936176105,-1.63286966727,
    69.935501167252));
#6649 = CARTESIAN_POINT('',(-584.9304153006,-0.827638571171,
    69.919923011799));
#6650 = CARTESIAN_POINT('',(-580.6563793824,-8.947703705172E-02,
    69.944471392944));
#6651 = CARTESIAN_POINT('',(-576.3740763318,0.51153048821,
    69.951675399501));
#6652 = CARTESIAN_POINT('',(-572.0987272234,0.941424633485,
    69.819592571555));
#6653 = CARTESIAN_POINT('',(-567.7524952784,1.267060875482,
    69.883779118519));
#6654 = CARTESIAN_POINT('',(-563.5775738445,5.712808130678E-02,
    69.336144222677));
#6655 = CARTESIAN_POINT('',(-559.225311783,0.65057961756,69.071736747835
    ));
#6656 = CARTESIAN_POINT('',(-554.9153030247,-0.190654792871,
    68.606205709511));
#6657 = CARTESIAN_POINT('',(-550.6950514656,-2.068027660566,
    68.546142957685));
#6658 = CARTESIAN_POINT('',(-546.5054520859,-3.945593438023,
    68.023885425088));
#6659 = CARTESIAN_POINT('',(-542.014622175,-4.789590466822,
    68.152733047033));
#6660 = CARTESIAN_POINT('',(-537.9789076762,-7.380100324046,
    67.987460740729));
#6661 = CARTESIAN_POINT('',(-533.6216797195,-8.833357222988,
    67.924039543231));
#6662 = CARTESIAN_POINT('',(-529.3043766466,-9.159730028097,
    67.546553603968));
#6663 = CARTESIAN_POINT('',(-525.0222934397,-9.555478108291,
    67.360920959756));
#6664 = CARTESIAN_POINT('',(-520.7416746921,-9.771535670873,
    67.11254559751));
#6665 = CARTESIAN_POINT('',(-516.4671704399,-9.946332555955,
    66.852805311952));
#6666 = CARTESIAN_POINT('',(-512.204407681,-10.00186923352,
    66.659307732776));
#6667 = CARTESIAN_POINT('',(-507.9265429784,-10.07731995553,
    66.497033144932));
#6668 = CARTESIAN_POINT('',(-503.6502824349,-10.0880638785,
    66.088625894805));
#6669 = CARTESIAN_POINT('',(-499.3719688989,-10.31263077358,
    66.540018432154));
#6670 = CARTESIAN_POINT('',(-495.0930022696,-10.41677985202,
    66.414865187423));
#6671 = CARTESIAN_POINT('',(-490.8081538754,-10.60588016451,
    66.461391854236));
#6672 = CARTESIAN_POINT('',(-486.5308534552,-10.6469605341,
    66.519001192064));
#6673 = CARTESIAN_POINT('',(-482.2516859036,-10.68166361595,
    66.609530625559));
#6674 = CARTESIAN_POINT('',(-477.9730655022,-10.68376952577,
    66.69852649161));
#6675 = CARTESIAN_POINT('',(-473.6960456193,-10.51906322209,
    66.801349858096));
#6676 = CARTESIAN_POINT('',(-469.4152062773,-10.4623897262,
    66.879802571218));
#6677 = CARTESIAN_POINT('',(-465.1421872703,-10.07411550966,
    67.010005727777));
#6678 = CARTESIAN_POINT('',(-460.8166932288,-10.18407861676,
    67.080374442714));
#6679 = CARTESIAN_POINT('',(-456.4952571487,-8.654127980365,
    67.462824359526));
#6680 = CARTESIAN_POINT('',(-452.4504000069,-5.489500397279,
    68.081365557691));
#6681 = CARTESIAN_POINT('',(-447.9424683801,-6.067916544277,
    68.178348165752));
#6682 = CARTESIAN_POINT('',(-443.7524033406,-3.353815919522,
    68.69735678245));
#6683 = CARTESIAN_POINT('',(-439.4974420849,-3.020267922891,
    68.951060395836));
#6684 = CARTESIAN_POINT('',(-435.1419433011,-3.385537602386,
    69.043790983592));
#6685 = CARTESIAN_POINT('',(-430.9728274171,-4.37043342399,
    69.053791115669));
#6686 = CARTESIAN_POINT('',(-426.6766705817,-3.656332346935,
    69.260845301691));
#6687 = CARTESIAN_POINT('',(-423.4568555526,-1.562737000227,
    69.515133814761));
#6688 = CARTESIAN_POINT('',(-422.3597,-4.187896960734,69.28195566904));
#6689 = DEFINITIONAL_REPRESENTATION('',(#6690),#6694);
#6690 = LINE('',#6691,#6692);
#6691 = CARTESIAN_POINT('',(25.,0.));
#6692 = VECTOR('',#6693,1.);
#6693 = DIRECTION('',(0.,1.));
#6694 = ( GEOMETRIC_REPRESENTATION_CONTEXT(2) 
PARAMETRIC_REPRESENTATION_CONTEXT() REPRESENTATION_CONTEXT('2D SPACE',''
  ) );
#6695 = ORIENTED_EDGE('',*,*,#6696,.F.);
#6696 = EDGE_CURVE('',#6233,#6487,#6697,.T.);
#6697 = SURFACE_CURVE('',#6698,(#6701,#6708),.PCURVE_S1.);
#6698 = B_SPLINE_CURVE_WITH_KNOTS('',1,(#6699,#6700),.UNSPECIFIED.,.F.,
  .F.,(2,2),(24.,25.),.PIECEWISE_BEZIER_KNOTS.);
#6699 = CARTESIAN_POINT('',(-422.3597,-3.45625295354,69.536026159038));
#6700 = CARTESIAN_POINT('',(-422.3597,-3.825932195529,69.420015326597));
#6701 = PCURVE('',#6308,#6702);
#6702 = DEFINITIONAL_REPRESENTATION('',(#6703),#6707);
#6703 = LINE('',#6704,#6705);
#6704 = CARTESIAN_POINT('',(0.,1.));
#6705 = VECTOR('',#6706,1.);
#6706 = DIRECTION('',(1.,0.));
#6707 = ( GEOMETRIC_REPRESENTATION_CONTEXT(2) 
PARAMETRIC_REPRESENTATION_CONTEXT() REPRESENTATION_CONTEXT('2D SPACE',''
  ) );
#6708 = PCURVE('',#401,#6709);
#6709 = DEFINITIONAL_REPRESENTATION('',(#6710),#6713);
#6710 = B_SPLINE_CURVE_WITH_KNOTS('',1,(#6711,#6712),.UNSPECIFIED.,.F.,
  .F.,(2,2),(24.,25.),.PIECEWISE_BEZIER_KNOTS.);
#6711 = CARTESIAN_POINT('',(3.211580933113,0.759735481215));
#6712 = CARTESIAN_POINT('',(3.577155840233,0.631375664739));
#6713 = ( GEOMETRIC_REPRESENTATION_CONTEXT(2) 
PARAMETRIC_REPRESENTATION_CONTEXT() REPRESENTATION_CONTEXT('2D SPACE',''
  ) );
#6714 = ORIENTED_EDGE('',*,*,#6232,.F.);
#6715 = ADVANCED_FACE('',(#6716),#6562,.T.);
#6716 = FACE_BOUND('',#6717,.T.);
#6717 = EDGE_LOOP('',(#6718,#6739,#6949,#6968));
#6718 = ORIENTED_EDGE('',*,*,#6719,.T.);
#6719 = EDGE_CURVE('',#6466,#6720,#6722,.T.);
#6720 = VERTEX_POINT('',#6721);
#6721 = CARTESIAN_POINT('',(-679.0382,-0.353495097843,68.800015935402));
#6722 = SURFACE_CURVE('',#6723,(#6726,#6733),.PCURVE_S1.);
#6723 = B_SPLINE_CURVE_WITH_KNOTS('',1,(#6724,#6725),.UNSPECIFIED.,.F.,
  .F.,(2,2),(25.,26.),.PIECEWISE_BEZIER_KNOTS.);
#6724 = CARTESIAN_POINT('',(-679.0382,-0.748397978988,68.881122851688));
#6725 = CARTESIAN_POINT('',(-679.0382,-0.353495097843,68.800015935402));
#6726 = PCURVE('',#6562,#6727);
#6727 = DEFINITIONAL_REPRESENTATION('',(#6728),#6732);
#6728 = LINE('',#6729,#6730);
#6729 = CARTESIAN_POINT('',(0.,0.));
#6730 = VECTOR('',#6731,1.);
#6731 = DIRECTION('',(1.,0.));
#6732 = ( GEOMETRIC_REPRESENTATION_CONTEXT(2) 
PARAMETRIC_REPRESENTATION_CONTEXT() REPRESENTATION_CONTEXT('2D SPACE',''
  ) );
#6733 = PCURVE('',#165,#6734);
#6734 = DEFINITIONAL_REPRESENTATION('',(#6735),#6738);
#6735 = B_SPLINE_CURVE_WITH_KNOTS('',1,(#6736,#6737),.UNSPECIFIED.,.F.,
  .F.,(2,2),(25.,26.),.PIECEWISE_BEZIER_KNOTS.);
#6736 = CARTESIAN_POINT('',(5.182595183411,0.721060594081));
#6737 = CARTESIAN_POINT('',(4.781962039824,0.766001685141));
#6738 = ( GEOMETRIC_REPRESENTATION_CONTEXT(2) 
PARAMETRIC_REPRESENTATION_CONTEXT() REPRESENTATION_CONTEXT('2D SPACE',''
  ) );
#6739 = ORIENTED_EDGE('',*,*,#6740,.T.);
#6740 = EDGE_CURVE('',#6720,#6741,#6743,.T.);
#6741 = VERTEX_POINT('',#6742);
#6742 = CARTESIAN_POINT('',(-422.3597,-4.187896960734,69.28195566904));
#6743 = SURFACE_CURVE('',#6744,(#6808,#6815),.PCURVE_S1.);
#6744 = ( BOUNDED_CURVE() B_SPLINE_CURVE(3,(#6745,#6746,#6747,#6748,
    #6749,#6750,#6751,#6752,#6753,#6754,#6755,#6756,#6757,#6758,#6759,
    #6760,#6761,#6762,#6763,#6764,#6765,#6766,#6767,#6768,#6769,#6770,
    #6771,#6772,#6773,#6774,#6775,#6776,#6777,#6778,#6779,#6780,#6781,
    #6782,#6783,#6784,#6785,#6786,#6787,#6788,#6789,#6790,#6791,#6792,
    #6793,#6794,#6795,#6796,#6797,#6798,#6799,#6800,#6801,#6802,#6803,
    #6804,#6805,#6806,#6807),.UNSPECIFIED.,.F.,.F.) 
B_SPLINE_CURVE_WITH_KNOTS((4,1,1,1,1,1,1,1,1,1,1,1,1,1,1,1,1,1,1,1,1,1,1
    ,1,1,1,1,1,1,1,1,1,1,1,1,1,1,1,1,1,1,1,1,1,1,1,1,1,1,1,1,1,1,1,1,1,1
    ,1,1,1,4),(0.,1.671164831231E-02,3.327803306227E-02,
    5.000925566809E-02,6.648034363626E-02,8.347574416348E-02,
    9.998031801332E-02,0.116453562429,0.133787455732,0.150582398826,
    0.167003889564,0.183421183117,0.199831572897,0.216243077967,
    0.232654966281,0.249069049,0.265493630469,0.281929899437,
    0.298422530809,0.314972313288,0.331595845732,0.348279560524,
    0.365009232075,0.38168560036,0.398277240471,0.414799735375,
    0.431302994143,0.448140075223,0.464749604184,0.481553115126,
    0.498808354232,0.516050152658,0.532842545742,0.550335828942,
    0.567153130692,0.583652514422,0.600175882991,0.616768685323,
    0.633448038712,0.650182180915,0.666869665762,0.683497438564,
    0.700056495454,0.716547762365,0.732983596882,0.749407921308,
    0.765822295641,0.782233728406,0.798646209918,0.81505724388,
    0.831476734885,0.847901722287,0.864693603231,0.881980563987,
    0.898448960139,0.915352013848,0.932295303855,0.949097785181,
0.966200565614,0.982806308198,1.),.UNSPECIFIED.) CURVE() 
GEOMETRIC_REPRESENTATION_ITEM() RATIONAL_B_SPLINE_CURVE((1.,
    0.999999999979,1.00000000001,0.999999999997,1.000000000001,1.,1.,1.,
    1.,1.,1.,1.,1.,1.,1.,1.,1.,1.,1.,1.,1.,1.,1.,1.,1.,1.,1.,1.,1.,1.,1.
    ,1.,1.,1.,1.,1.,1.,1.,1.,1.,1.,1.,1.,1.,1.,1.,1.,1.,1.,1.,1.,1.,1.,
    1.,1.,1.,1.,1.,0.999999999998,1.000000000007,0.999999999976,
1.000000000054,1.)) REPRESENTATION_ITEM('') );
#6745 = CARTESIAN_POINT('',(-679.0382,-0.353495097843,68.800015935402));
#6746 = CARTESIAN_POINT('',(-677.9018430398,-2.764887404392,
    69.068800728831));
#6747 = CARTESIAN_POINT('',(-674.6570379481,-0.280457442269,
    68.72522266491));
#6748 = CARTESIAN_POINT('',(-670.4801286148,-1.68125051867,
    68.876574081206));
#6749 = CARTESIAN_POINT('',(-666.2529876958,-2.799039345211,
    68.913993576768));
#6750 = CARTESIAN_POINT('',(-661.8309289879,-2.697825259279,
    68.783318151713));
#6751 = CARTESIAN_POINT('',(-657.7320144142,-4.558698032845,
    68.976288495691));
#6752 = CARTESIAN_POINT('',(-653.3812140229,-4.15550919113,
    68.882730296309));
#6753 = CARTESIAN_POINT('',(-648.9513854559,-4.654117596707,
    68.927604820011));
#6754 = CARTESIAN_POINT('',(-644.9070855266,-3.641458761394,
    68.792050288186));
#6755 = CARTESIAN_POINT('',(-640.582063889,-4.236295000804,
    68.930562116861));
#6756 = CARTESIAN_POINT('',(-636.2554682792,-4.128840233944,
    68.975298262822));
#6757 = CARTESIAN_POINT('',(-631.9824711096,-4.295171683658,
    69.088810068287));
#6758 = CARTESIAN_POINT('',(-627.7019615338,-4.236006380689,
    69.156471622898));
#6759 = CARTESIAN_POINT('',(-623.4245711463,-4.300224924698,
    69.271092943439));
#6760 = CARTESIAN_POINT('',(-619.1463832312,-4.352253819174,
    69.401543226878));
#6761 = CARTESIAN_POINT('',(-614.8669156658,-4.277297778515,
    69.529133606628));
#6762 = CARTESIAN_POINT('',(-610.5898165078,-4.078314811666,
    69.65093547814));
#6763 = CARTESIAN_POINT('',(-606.3045105877,-3.936894974787,
    69.822102394534));
#6764 = CARTESIAN_POINT('',(-602.0277566031,-3.45680262073,
    69.991442768488));
#6765 = CARTESIAN_POINT('',(-597.7466019923,-2.88959163065,
    70.010253651833));
#6766 = CARTESIAN_POINT('',(-593.4714143357,-2.312329901768,
    69.952367210385));
#6767 = CARTESIAN_POINT('',(-589.1936176105,-1.63286966727,
    69.935501167252));
#6768 = CARTESIAN_POINT('',(-584.9304153006,-0.827638571171,
    69.919923011799));
#6769 = CARTESIAN_POINT('',(-580.6563793824,-8.947703705172E-02,
    69.944471392944));
#6770 = CARTESIAN_POINT('',(-576.3740763318,0.51153048821,
    69.951675399501));
#6771 = CARTESIAN_POINT('',(-572.0987272234,0.941424633485,
    69.819592571555));
#6772 = CARTESIAN_POINT('',(-567.7524952784,1.267060875482,
    69.883779118519));
#6773 = CARTESIAN_POINT('',(-563.5775738445,5.712808130678E-02,
    69.336144222677));
#6774 = CARTESIAN_POINT('',(-559.225311783,0.65057961756,69.071736747835
    ));
#6775 = CARTESIAN_POINT('',(-554.9153030247,-0.190654792871,
    68.606205709511));
#6776 = CARTESIAN_POINT('',(-550.6950514656,-2.068027660566,
    68.546142957685));
#6777 = CARTESIAN_POINT('',(-546.5054520859,-3.945593438023,
    68.023885425088));
#6778 = CARTESIAN_POINT('',(-542.014622175,-4.789590466822,
    68.152733047033));
#6779 = CARTESIAN_POINT('',(-537.9789076762,-7.380100324046,
    67.987460740729));
#6780 = CARTESIAN_POINT('',(-533.6216797195,-8.833357222988,
    67.924039543231));
#6781 = CARTESIAN_POINT('',(-529.3043766466,-9.159730028097,
    67.546553603968));
#6782 = CARTESIAN_POINT('',(-525.0222934397,-9.555478108291,
    67.360920959756));
#6783 = CARTESIAN_POINT('',(-520.7416746921,-9.771535670873,
    67.11254559751));
#6784 = CARTESIAN_POINT('',(-516.4671704399,-9.946332555955,
    66.852805311952));
#6785 = CARTESIAN_POINT('',(-512.204407681,-10.00186923352,
    66.659307732776));
#6786 = CARTESIAN_POINT('',(-507.9265429784,-10.07731995553,
    66.497033144932));
#6787 = CARTESIAN_POINT('',(-503.6502824349,-10.0880638785,
    66.088625894805));
#6788 = CARTESIAN_POINT('',(-499.3719688989,-10.31263077358,
    66.540018432154));
#6789 = CARTESIAN_POINT('',(-495.0930022696,-10.41677985202,
    66.414865187423));
#6790 = CARTESIAN_POINT('',(-490.8081538754,-10.60588016451,
    66.461391854236));
#6791 = CARTESIAN_POINT('',(-486.5308534552,-10.6469605341,
    66.519001192064));
#6792 = CARTESIAN_POINT('',(-482.2516859036,-10.68166361595,
    66.609530625559));
#6793 = CARTESIAN_POINT('',(-477.9730655022,-10.68376952577,
    66.69852649161));
#6794 = CARTESIAN_POINT('',(-473.6960456193,-10.51906322209,
    66.801349858096));
#6795 = CARTESIAN_POINT('',(-469.4152062773,-10.4623897262,
    66.879802571218));
#6796 = CARTESIAN_POINT('',(-465.1421872703,-10.07411550966,
    67.010005727777));
#6797 = CARTESIAN_POINT('',(-460.8166932288,-10.18407861676,
    67.080374442714));
#6798 = CARTESIAN_POINT('',(-456.4952571487,-8.654127980365,
    67.462824359526));
#6799 = CARTESIAN_POINT('',(-452.4504000069,-5.489500397279,
    68.081365557691));
#6800 = CARTESIAN_POINT('',(-447.9424683801,-6.067916544277,
    68.178348165752));
#6801 = CARTESIAN_POINT('',(-443.7524033406,-3.353815919522,
    68.69735678245));
#6802 = CARTESIAN_POINT('',(-439.4974420849,-3.020267922891,
    68.951060395836));
#6803 = CARTESIAN_POINT('',(-435.1419433011,-3.385537602386,
    69.043790983592));
#6804 = CARTESIAN_POINT('',(-430.9728274171,-4.37043342399,
    69.053791115669));
#6805 = CARTESIAN_POINT('',(-426.6766705817,-3.656332346935,
    69.260845301691));
#6806 = CARTESIAN_POINT('',(-423.4568555526,-1.562737000227,
    69.515133814761));
#6807 = CARTESIAN_POINT('',(-422.3597,-4.187896960734,69.28195566904));
#6808 = PCURVE('',#6562,#6809);
#6809 = DEFINITIONAL_REPRESENTATION('',(#6810),#6814);
#6810 = LINE('',#6811,#6812);
#6811 = CARTESIAN_POINT('',(26.,0.));
#6812 = VECTOR('',#6813,1.);
#6813 = DIRECTION('',(0.,1.));
#6814 = ( GEOMETRIC_REPRESENTATION_CONTEXT(2) 
PARAMETRIC_REPRESENTATION_CONTEXT() REPRESENTATION_CONTEXT('2D SPACE',''
  ) );
#6815 = PCURVE('',#6816,#6943);
#6816 = ( BOUNDED_SURFACE() B_SPLINE_SURFACE(1,3,(
    (#6817,#6818,#6819,#6820,#6821,#6822,#6823,#6824,#6825,#6826,#6827
      ,#6828,#6829,#6830,#6831,#6832,#6833,#6834,#6835,#6836,#6837,#6838
      ,#6839,#6840,#6841,#6842,#6843,#6844,#6845,#6846,#6847,#6848,#6849
      ,#6850,#6851,#6852,#6853,#6854,#6855,#6856,#6857,#6858,#6859,#6860
      ,#6861,#6862,#6863,#6864,#6865,#6866,#6867,#6868,#6869,#6870,#6871
      ,#6872,#6873,#6874,#6875,#6876,#6877,#6878,#6879)
    ,(#6880,#6881,#6882,#6883,#6884,#6885,#6886,#6887,#6888,#6889,#6890
      ,#6891,#6892,#6893,#6894,#6895,#6896,#6897,#6898,#6899,#6900,#6901
      ,#6902,#6903,#6904,#6905,#6906,#6907,#6908,#6909,#6910,#6911,#6912
      ,#6913,#6914,#6915,#6916,#6917,#6918,#6919,#6920,#6921,#6922,#6923
      ,#6924,#6925,#6926,#6927,#6928,#6929,#6930,#6931,#6932,#6933,#6934
      ,#6935,#6936,#6937,#6938,#6939,#6940,#6941,#6942
)),.UNSPECIFIED.,.F.,.F.,.F.) B_SPLINE_SURFACE_WITH_KNOTS((2,2),(4,1,1,1
    ,1,1,1,1,1,1,1,1,1,1,1,1,1,1,1,1,1,1,1,1,1,1,1,1,1,1,1,1,1,1,1,1,1,1
    ,1,1,1,1,1,1,1,1,1,1,1,1,1,1,1,1,1,1,1,1,1,1,4),(26.,27.),(0.,
    1.671164831231E-02,3.327803306227E-02,5.000925566809E-02,
    6.648034363626E-02,8.347574416348E-02,9.998031801332E-02,
    0.116453562429,0.133787455732,0.150582398826,0.167003889564,
    0.183421183117,0.199831572897,0.216243077967,0.232654966281,
    0.249069049,0.265493630469,0.281929899437,0.298422530809,
    0.314972313288,0.331595845732,0.348279560524,0.365009232075,
    0.38168560036,0.398277240471,0.414799735375,0.431302994143,
    0.448140075223,0.464749604184,0.481553115126,0.498808354232,
    0.516050152658,0.532842545742,0.550335828942,0.567153130692,
    0.583652514422,0.600175882991,0.616768685323,0.633448038712,
    0.650182180915,0.666869665762,0.683497438564,0.700056495454,
    0.716547762365,0.732983596882,0.749407921308,0.765822295641,
    0.782233728406,0.798646209918,0.81505724388,0.831476734885,
    0.847901722287,0.864693603231,0.881980563987,0.898448960139,
    0.915352013848,0.932295303855,0.949097785181,0.966200565614,
0.982806308198,1.),.UNSPECIFIED.) GEOMETRIC_REPRESENTATION_ITEM() 
RATIONAL_B_SPLINE_SURFACE((
    (1.,0.999999999979,1.00000000001,0.999999999997,1.000000000001,1.,1.
      ,1.,1.,1.,1.,1.,1.,1.,1.,1.,1.,1.,1.,1.,1.,1.,1.,1.,1.,1.,1.,1.,1.
      ,1.,1.,1.,1.,1.,1.,1.,1.,1.,1.,1.,1.,1.,1.,1.,1.,1.,1.,1.,1.,1.,1.
      ,1.,1.,1.,1.,1.,1.,1.,0.999999999998,1.000000000007,0.999999999976
      ,1.000000000054,1.)
    ,(1.,0.999999999979,1.00000000001,0.999999999997,1.000000000001,1.
      ,1.,1.,1.,1.,1.,1.,1.,1.,1.,1.,1.,1.,1.,1.,1.,1.,1.,1.,1.,1.,1.,1.
      ,1.,1.,1.,1.,1.,1.,1.,1.,1.,1.,1.,1.,1.,1.,1.,1.,1.,1.,1.,1.,1.,1.
      ,1.,1.,1.,1.,1.,1.,1.,1.,0.999999999998,1.000000000007
,0.999999999976,1.000000000054,1.
  ))) REPRESENTATION_ITEM('') SURFACE() );
#6817 = CARTESIAN_POINT('',(-679.0382,-0.353495097843,68.800015935402));
#6818 = CARTESIAN_POINT('',(-677.9018430398,-2.764887404392,
    69.068800728831));
#6819 = CARTESIAN_POINT('',(-674.6570379481,-0.280457442269,
    68.72522266491));
#6820 = CARTESIAN_POINT('',(-670.4801286148,-1.68125051867,
    68.876574081206));
#6821 = CARTESIAN_POINT('',(-666.2529876958,-2.799039345211,
    68.913993576768));
#6822 = CARTESIAN_POINT('',(-661.8309289879,-2.697825259279,
    68.783318151713));
#6823 = CARTESIAN_POINT('',(-657.7320144142,-4.558698032845,
    68.976288495691));
#6824 = CARTESIAN_POINT('',(-653.3812140229,-4.15550919113,
    68.882730296309));
#6825 = CARTESIAN_POINT('',(-648.9513854559,-4.654117596707,
    68.927604820011));
#6826 = CARTESIAN_POINT('',(-644.9070855266,-3.641458761394,
    68.792050288186));
#6827 = CARTESIAN_POINT('',(-640.582063889,-4.236295000804,
    68.930562116861));
#6828 = CARTESIAN_POINT('',(-636.2554682792,-4.128840233944,
    68.975298262822));
#6829 = CARTESIAN_POINT('',(-631.9824711096,-4.295171683658,
    69.088810068287));
#6830 = CARTESIAN_POINT('',(-627.7019615338,-4.236006380689,
    69.156471622898));
#6831 = CARTESIAN_POINT('',(-623.4245711463,-4.300224924698,
    69.271092943439));
#6832 = CARTESIAN_POINT('',(-619.1463832312,-4.352253819174,
    69.401543226878));
#6833 = CARTESIAN_POINT('',(-614.8669156658,-4.277297778515,
    69.529133606628));
#6834 = CARTESIAN_POINT('',(-610.5898165078,-4.078314811666,
    69.65093547814));
#6835 = CARTESIAN_POINT('',(-606.3045105877,-3.936894974787,
    69.822102394534));
#6836 = CARTESIAN_POINT('',(-602.0277566031,-3.45680262073,
    69.991442768488));
#6837 = CARTESIAN_POINT('',(-597.7466019923,-2.88959163065,
    70.010253651833));
#6838 = CARTESIAN_POINT('',(-593.4714143357,-2.312329901768,
    69.952367210385));
#6839 = CARTESIAN_POINT('',(-589.1936176105,-1.63286966727,
    69.935501167252));
#6840 = CARTESIAN_POINT('',(-584.9304153006,-0.827638571171,
    69.919923011799));
#6841 = CARTESIAN_POINT('',(-580.6563793824,-8.947703705172E-02,
    69.944471392944));
#6842 = CARTESIAN_POINT('',(-576.3740763318,0.51153048821,
    69.951675399501));
#6843 = CARTESIAN_POINT('',(-572.0987272234,0.941424633485,
    69.819592571555));
#6844 = CARTESIAN_POINT('',(-567.7524952784,1.267060875482,
    69.883779118519));
#6845 = CARTESIAN_POINT('',(-563.5775738445,5.712808130678E-02,
    69.336144222677));
#6846 = CARTESIAN_POINT('',(-559.225311783,0.65057961756,69.071736747835
    ));
#6847 = CARTESIAN_POINT('',(-554.9153030247,-0.190654792871,
    68.606205709511));
#6848 = CARTESIAN_POINT('',(-550.6950514656,-2.068027660566,
    68.546142957685));
#6849 = CARTESIAN_POINT('',(-546.5054520859,-3.945593438023,
    68.023885425088));
#6850 = CARTESIAN_POINT('',(-542.014622175,-4.789590466822,
    68.152733047033));
#6851 = CARTESIAN_POINT('',(-537.9789076762,-7.380100324046,
    67.987460740729));
#6852 = CARTESIAN_POINT('',(-533.6216797195,-8.833357222988,
    67.924039543231));
#6853 = CARTESIAN_POINT('',(-529.3043766466,-9.159730028097,
    67.546553603968));
#6854 = CARTESIAN_POINT('',(-525.0222934397,-9.555478108291,
    67.360920959756));
#6855 = CARTESIAN_POINT('',(-520.7416746921,-9.771535670873,
    67.11254559751));
#6856 = CARTESIAN_POINT('',(-516.4671704399,-9.946332555955,
    66.852805311952));
#6857 = CARTESIAN_POINT('',(-512.204407681,-10.00186923352,
    66.659307732776));
#6858 = CARTESIAN_POINT('',(-507.9265429784,-10.07731995553,
    66.497033144932));
#6859 = CARTESIAN_POINT('',(-503.6502824349,-10.0880638785,
    66.088625894805));
#6860 = CARTESIAN_POINT('',(-499.3719688989,-10.31263077358,
    66.540018432154));
#6861 = CARTESIAN_POINT('',(-495.0930022696,-10.41677985202,
    66.414865187423));
#6862 = CARTESIAN_POINT('',(-490.8081538754,-10.60588016451,
    66.461391854236));
#6863 = CARTESIAN_POINT('',(-486.5308534552,-10.6469605341,
    66.519001192064));
#6864 = CARTESIAN_POINT('',(-482.2516859036,-10.68166361595,
    66.609530625559));
#6865 = CARTESIAN_POINT('',(-477.9730655022,-10.68376952577,
    66.69852649161));
#6866 = CARTESIAN_POINT('',(-473.6960456193,-10.51906322209,
    66.801349858096));
#6867 = CARTESIAN_POINT('',(-469.4152062773,-10.4623897262,
    66.879802571218));
#6868 = CARTESIAN_POINT('',(-465.1421872703,-10.07411550966,
    67.010005727777));
#6869 = CARTESIAN_POINT('',(-460.8166932288,-10.18407861676,
    67.080374442714));
#6870 = CARTESIAN_POINT('',(-456.4952571487,-8.654127980365,
    67.462824359526));
#6871 = CARTESIAN_POINT('',(-452.4504000069,-5.489500397279,
    68.081365557691));
#6872 = CARTESIAN_POINT('',(-447.9424683801,-6.067916544277,
    68.178348165752));
#6873 = CARTESIAN_POINT('',(-443.7524033406,-3.353815919522,
    68.69735678245));
#6874 = CARTESIAN_POINT('',(-439.4974420849,-3.020267922891,
    68.951060395836));
#6875 = CARTESIAN_POINT('',(-435.1419433011,-3.385537602386,
    69.043790983592));
#6876 = CARTESIAN_POINT('',(-430.9728274171,-4.37043342399,
    69.053791115669));
#6877 = CARTESIAN_POINT('',(-426.6766705817,-3.656332346935,
    69.260845301691));
#6878 = CARTESIAN_POINT('',(-423.4568555526,-1.562737000227,
    69.515133814761));
#6879 = CARTESIAN_POINT('',(-422.3597,-4.187896960734,69.28195566904));
#6880 = CARTESIAN_POINT('',(-679.0382,4.313030124155E-02,68.727791827316
    ));
#6881 = CARTESIAN_POINT('',(-677.9018430398,-2.17143302324,
    68.968859538818));
#6882 = CARTESIAN_POINT('',(-674.6570379481,0.175635534582,
    68.642595072345));
#6883 = CARTESIAN_POINT('',(-670.4801286148,-1.04156940321,
    68.763617167188));
#6884 = CARTESIAN_POINT('',(-666.2529876958,-2.117858600707,
    68.793306585542));
#6885 = CARTESIAN_POINT('',(-661.8309289879,-2.062083048446,
    68.665052071087));
#6886 = CARTESIAN_POINT('',(-657.7320144142,-3.686920641967,
    68.813994785947));
#6887 = CARTESIAN_POINT('',(-653.3812140229,-3.241155591542,
    68.701809122364));
#6888 = CARTESIAN_POINT('',(-648.9513854559,-3.706677486955,
    68.730007685017));
#6889 = CARTESIAN_POINT('',(-644.9070855266,-2.502480926493,
    68.551434393876));
#6890 = CARTESIAN_POINT('',(-640.582063889,-2.919386612202,
    68.64672942019));
#6891 = CARTESIAN_POINT('',(-636.2554682792,-2.823552511516,
    68.680832632734));
#6892 = CARTESIAN_POINT('',(-631.9824711096,-2.95435194239,
    68.77612216277));
#6893 = CARTESIAN_POINT('',(-627.7019615338,-2.893094596269,
    68.831918422413));
#6894 = CARTESIAN_POINT('',(-623.4245711463,-2.945343841311,
    68.930485539598));
#6895 = CARTESIAN_POINT('',(-619.1463832312,-2.992339709051,
    69.043395733806));
#6896 = CARTESIAN_POINT('',(-614.8669156658,-2.928627993282,
    69.155278042822));
#6897 = CARTESIAN_POINT('',(-610.5898165078,-2.755295870769,
    69.261489471288));
#6898 = CARTESIAN_POINT('',(-606.3045105877,-2.641016550528,
    69.417139011027));
#6899 = CARTESIAN_POINT('',(-602.0277566031,-2.223836751363,
    69.566887056922));
#6900 = CARTESIAN_POINT('',(-597.7466019923,-1.709761588256,
    69.595145549887));
#6901 = CARTESIAN_POINT('',(-593.4714143357,-1.224186695859,
    69.497467894742));
#6902 = CARTESIAN_POINT('',(-589.1936176105,-0.639040989647,
    69.45226676168));
#6903 = CARTESIAN_POINT('',(-584.9304153006,5.78836078439E-02,
    69.397610455521));
#6904 = CARTESIAN_POINT('',(-580.6563793824,0.696232234703,
    69.40750921034));
#6905 = CARTESIAN_POINT('',(-576.3740763318,1.215506879399,
    69.428495343343));
#6906 = CARTESIAN_POINT('',(-572.0987272234,1.566214394733,
    69.32632201075));
#6907 = CARTESIAN_POINT('',(-567.7524952784,1.879571401243,
    69.50059984545));
#6908 = CARTESIAN_POINT('',(-563.5775738445,0.502435830674,
    68.869054847714));
#6909 = CARTESIAN_POINT('',(-559.225311783,0.981804448896,
    68.602863180725));
#6910 = CARTESIAN_POINT('',(-554.9153030247,2.925197080421E-02,
    68.037511225849));
#6911 = CARTESIAN_POINT('',(-550.6950514656,-1.99342408029,
    67.972733452838));
#6912 = CARTESIAN_POINT('',(-546.5054520859,-4.066935941459,
    67.335469980442));
#6913 = CARTESIAN_POINT('',(-542.014622175,-4.930056933745,
    67.530427362566));
#6914 = CARTESIAN_POINT('',(-537.9789076762,-7.60097851221,
    67.334048801739));
#6915 = CARTESIAN_POINT('',(-533.6216797195,-9.158853577132,
    67.300137357902));
#6916 = CARTESIAN_POINT('',(-529.3043766466,-9.548145994024,
    66.852812267593));
#6917 = CARTESIAN_POINT('',(-525.0222934397,-10.02564350584,
    66.626057313201));
#6918 = CARTESIAN_POINT('',(-520.7416746921,-10.37788757831,
    66.389908396926));
#6919 = CARTESIAN_POINT('',(-516.4671704399,-10.68321213243,
    66.159630332987));
#6920 = CARTESIAN_POINT('',(-512.204407681,-10.88076088664,
    66.022657768986));
#6921 = CARTESIAN_POINT('',(-507.9265429784,-11.09902057681,
    65.937844114775));
#6922 = CARTESIAN_POINT('',(-503.6502824349,-11.27758699382,
    65.779860948598));
#6923 = CARTESIAN_POINT('',(-499.3719688989,-11.49136015635,
    65.952775006201));
#6924 = CARTESIAN_POINT('',(-495.0930022696,-11.67637343373,
    65.91576194754));
#6925 = CARTESIAN_POINT('',(-490.8081538754,-11.89131142003,
    65.958712715956));
#6926 = CARTESIAN_POINT('',(-486.5308534552,-11.95960601369,
    66.037572545265));
#6927 = CARTESIAN_POINT('',(-482.2516859036,-12.0050566029,
    66.145163636127));
#6928 = CARTESIAN_POINT('',(-477.9730655022,-12.00974767491,
    66.2524384578));
#6929 = CARTESIAN_POINT('',(-473.6960456193,-11.82948924268,
    66.373252486318));
#6930 = CARTESIAN_POINT('',(-469.4152062773,-11.77128710114,
    66.464902552106));
#6931 = CARTESIAN_POINT('',(-465.1421872703,-11.35138946278,
    66.613150896855));
#6932 = CARTESIAN_POINT('',(-460.8166932288,-11.44735819344,
    66.699955254846));
#6933 = CARTESIAN_POINT('',(-456.4952571487,-9.818926142385,
    67.112061133361));
#6934 = CARTESIAN_POINT('',(-452.4504000069,-6.457384880826,
    67.77419671523));
#6935 = CARTESIAN_POINT('',(-447.9424683801,-7.03204110813,
    67.884600230462));
#6936 = CARTESIAN_POINT('',(-443.7524033406,-4.164918671672,
    68.435593027659));
#6937 = CARTESIAN_POINT('',(-439.4974420849,-3.645203024839,
    68.72434983316));
#6938 = CARTESIAN_POINT('',(-435.1419433011,-3.974445719946,
    68.828162640608));
#6939 = CARTESIAN_POINT('',(-430.9728274171,-4.900396768236,
    68.847821652522));
#6940 = CARTESIAN_POINT('',(-426.6766705817,-4.02258964678,
    69.078507541192));
#6941 = CARTESIAN_POINT('',(-423.4568555526,-1.93037671583,
    69.336495423819));
#6942 = CARTESIAN_POINT('',(-422.3597,-4.532268626518,69.105208515256));
#6943 = DEFINITIONAL_REPRESENTATION('',(#6944),#6948);
#6944 = LINE('',#6945,#6946);
#6945 = CARTESIAN_POINT('',(26.,0.));
#6946 = VECTOR('',#6947,1.);
#6947 = DIRECTION('',(0.,1.));
#6948 = ( GEOMETRIC_REPRESENTATION_CONTEXT(2) 
PARAMETRIC_REPRESENTATION_CONTEXT() REPRESENTATION_CONTEXT('2D SPACE',''
  ) );
#6949 = ORIENTED_EDGE('',*,*,#6950,.F.);
#6950 = EDGE_CURVE('',#6487,#6741,#6951,.T.);
#6951 = SURFACE_CURVE('',#6952,(#6955,#6962),.PCURVE_S1.);
#6952 = B_SPLINE_CURVE_WITH_KNOTS('',1,(#6953,#6954),.UNSPECIFIED.,.F.,
  .F.,(2,2),(25.,26.),.PIECEWISE_BEZIER_KNOTS.);
#6953 = CARTESIAN_POINT('',(-422.3597,-3.825932195529,69.420015326597));
#6954 = CARTESIAN_POINT('',(-422.3597,-4.187896960734,69.28195566904));
#6955 = PCURVE('',#6562,#6956);
#6956 = DEFINITIONAL_REPRESENTATION('',(#6957),#6961);
#6957 = LINE('',#6958,#6959);
#6958 = CARTESIAN_POINT('',(0.,1.));
#6959 = VECTOR('',#6960,1.);
#6960 = DIRECTION('',(1.,0.));
#6961 = ( GEOMETRIC_REPRESENTATION_CONTEXT(2) 
PARAMETRIC_REPRESENTATION_CONTEXT() REPRESENTATION_CONTEXT('2D SPACE',''
  ) );
#6962 = PCURVE('',#401,#6963);
#6963 = DEFINITIONAL_REPRESENTATION('',(#6964),#6967);
#6964 = B_SPLINE_CURVE_WITH_KNOTS('',1,(#6965,#6966),.UNSPECIFIED.,.F.,
  .F.,(2,2),(25.,26.),.PIECEWISE_BEZIER_KNOTS.);
#6965 = CARTESIAN_POINT('',(3.577155840233,0.631375664739));
#6966 = CARTESIAN_POINT('',(3.934280187099,0.481238523531));
#6967 = ( GEOMETRIC_REPRESENTATION_CONTEXT(2) 
PARAMETRIC_REPRESENTATION_CONTEXT() REPRESENTATION_CONTEXT('2D SPACE',''
  ) );
#6968 = ORIENTED_EDGE('',*,*,#6486,.F.);
#6969 = ADVANCED_FACE('',(#6970),#6816,.T.);
#6970 = FACE_BOUND('',#6971,.T.);
#6971 = EDGE_LOOP('',(#6972,#6993,#7203,#7222));
#6972 = ORIENTED_EDGE('',*,*,#6973,.T.);
#6973 = EDGE_CURVE('',#6720,#6974,#6976,.T.);
#6974 = VERTEX_POINT('',#6975);
#6975 = CARTESIAN_POINT('',(-679.0382,4.313030124155E-02,68.727791827316
    ));
#6976 = SURFACE_CURVE('',#6977,(#6980,#6987),.PCURVE_S1.);
#6977 = B_SPLINE_CURVE_WITH_KNOTS('',1,(#6978,#6979),.UNSPECIFIED.,.F.,
  .F.,(2,2),(26.,27.),.PIECEWISE_BEZIER_KNOTS.);
#6978 = CARTESIAN_POINT('',(-679.0382,-0.353495097843,68.800015935402));
#6979 = CARTESIAN_POINT('',(-679.0382,4.313030124155E-02,68.727791827316
    ));
#6980 = PCURVE('',#6816,#6981);
#6981 = DEFINITIONAL_REPRESENTATION('',(#6982),#6986);
#6982 = LINE('',#6983,#6984);
#6983 = CARTESIAN_POINT('',(0.,0.));
#6984 = VECTOR('',#6985,1.);
#6985 = DIRECTION('',(1.,0.));
#6986 = ( GEOMETRIC_REPRESENTATION_CONTEXT(2) 
PARAMETRIC_REPRESENTATION_CONTEXT() REPRESENTATION_CONTEXT('2D SPACE',''
  ) );
#6987 = PCURVE('',#165,#6988);
#6988 = DEFINITIONAL_REPRESENTATION('',(#6989),#6992);
#6989 = B_SPLINE_CURVE_WITH_KNOTS('',1,(#6990,#6991),.UNSPECIFIED.,.F.,
  .F.,(2,2),(26.,27.),.PIECEWISE_BEZIER_KNOTS.);
#6990 = CARTESIAN_POINT('',(4.781962039824,0.766001685141));
#6991 = CARTESIAN_POINT('',(4.380419459592,0.801940316838));
#6992 = ( GEOMETRIC_REPRESENTATION_CONTEXT(2) 
PARAMETRIC_REPRESENTATION_CONTEXT() REPRESENTATION_CONTEXT('2D SPACE',''
  ) );
#6993 = ORIENTED_EDGE('',*,*,#6994,.T.);
#6994 = EDGE_CURVE('',#6974,#6995,#6997,.T.);
#6995 = VERTEX_POINT('',#6996);
#6996 = CARTESIAN_POINT('',(-422.3597,-4.532268626518,69.105208515256));
#6997 = SURFACE_CURVE('',#6998,(#7062,#7069),.PCURVE_S1.);
#6998 = ( BOUNDED_CURVE() B_SPLINE_CURVE(3,(#6999,#7000,#7001,#7002,
    #7003,#7004,#7005,#7006,#7007,#7008,#7009,#7010,#7011,#7012,#7013,
    #7014,#7015,#7016,#7017,#7018,#7019,#7020,#7021,#7022,#7023,#7024,
    #7025,#7026,#7027,#7028,#7029,#7030,#7031,#7032,#7033,#7034,#7035,
    #7036,#7037,#7038,#7039,#7040,#7041,#7042,#7043,#7044,#7045,#7046,
    #7047,#7048,#7049,#7050,#7051,#7052,#7053,#7054,#7055,#7056,#7057,
    #7058,#7059,#7060,#7061),.UNSPECIFIED.,.F.,.F.) 
B_SPLINE_CURVE_WITH_KNOTS((4,1,1,1,1,1,1,1,1,1,1,1,1,1,1,1,1,1,1,1,1,1,1
    ,1,1,1,1,1,1,1,1,1,1,1,1,1,1,1,1,1,1,1,1,1,1,1,1,1,1,1,1,1,1,1,1,1,1
    ,1,1,1,4),(0.,1.671164831231E-02,3.327803306227E-02,
    5.000925566809E-02,6.648034363626E-02,8.347574416348E-02,
    9.998031801332E-02,0.116453562429,0.133787455732,0.150582398826,
    0.167003889564,0.183421183117,0.199831572897,0.216243077967,
    0.232654966281,0.249069049,0.265493630469,0.281929899437,
    0.298422530809,0.314972313288,0.331595845732,0.348279560524,
    0.365009232075,0.38168560036,0.398277240471,0.414799735375,
    0.431302994143,0.448140075223,0.464749604184,0.481553115126,
    0.498808354232,0.516050152658,0.532842545742,0.550335828942,
    0.567153130692,0.583652514422,0.600175882991,0.616768685323,
    0.633448038712,0.650182180915,0.666869665762,0.683497438564,
    0.700056495454,0.716547762365,0.732983596882,0.749407921308,
    0.765822295641,0.782233728406,0.798646209918,0.81505724388,
    0.831476734885,0.847901722287,0.864693603231,0.881980563987,
    0.898448960139,0.915352013848,0.932295303855,0.949097785181,
0.966200565614,0.982806308198,1.),.UNSPECIFIED.) CURVE() 
GEOMETRIC_REPRESENTATION_ITEM() RATIONAL_B_SPLINE_CURVE((1.,
    0.999999999979,1.00000000001,0.999999999997,1.000000000001,1.,1.,1.,
    1.,1.,1.,1.,1.,1.,1.,1.,1.,1.,1.,1.,1.,1.,1.,1.,1.,1.,1.,1.,1.,1.,1.
    ,1.,1.,1.,1.,1.,1.,1.,1.,1.,1.,1.,1.,1.,1.,1.,1.,1.,1.,1.,1.,1.,1.,
    1.,1.,1.,1.,1.,0.999999999998,1.000000000007,0.999999999976,
1.000000000054,1.)) REPRESENTATION_ITEM('') );
#6999 = CARTESIAN_POINT('',(-679.0382,4.313030124155E-02,68.727791827316
    ));
#7000 = CARTESIAN_POINT('',(-677.9018430398,-2.17143302324,
    68.968859538818));
#7001 = CARTESIAN_POINT('',(-674.6570379481,0.175635534582,
    68.642595072345));
#7002 = CARTESIAN_POINT('',(-670.4801286148,-1.04156940321,
    68.763617167188));
#7003 = CARTESIAN_POINT('',(-666.2529876958,-2.117858600707,
    68.793306585542));
#7004 = CARTESIAN_POINT('',(-661.8309289879,-2.062083048446,
    68.665052071087));
#7005 = CARTESIAN_POINT('',(-657.7320144142,-3.686920641967,
    68.813994785947));
#7006 = CARTESIAN_POINT('',(-653.3812140229,-3.241155591542,
    68.701809122364));
#7007 = CARTESIAN_POINT('',(-648.9513854559,-3.706677486955,
    68.730007685017));
#7008 = CARTESIAN_POINT('',(-644.9070855266,-2.502480926493,
    68.551434393876));
#7009 = CARTESIAN_POINT('',(-640.582063889,-2.919386612202,
    68.64672942019));
#7010 = CARTESIAN_POINT('',(-636.2554682792,-2.823552511516,
    68.680832632734));
#7011 = CARTESIAN_POINT('',(-631.9824711096,-2.95435194239,
    68.77612216277));
#7012 = CARTESIAN_POINT('',(-627.7019615338,-2.893094596269,
    68.831918422413));
#7013 = CARTESIAN_POINT('',(-623.4245711463,-2.945343841311,
    68.930485539598));
#7014 = CARTESIAN_POINT('',(-619.1463832312,-2.992339709051,
    69.043395733806));
#7015 = CARTESIAN_POINT('',(-614.8669156658,-2.928627993282,
    69.155278042822));
#7016 = CARTESIAN_POINT('',(-610.5898165078,-2.755295870769,
    69.261489471288));
#7017 = CARTESIAN_POINT('',(-606.3045105877,-2.641016550528,
    69.417139011027));
#7018 = CARTESIAN_POINT('',(-602.0277566031,-2.223836751363,
    69.566887056922));
#7019 = CARTESIAN_POINT('',(-597.7466019923,-1.709761588256,
    69.595145549887));
#7020 = CARTESIAN_POINT('',(-593.4714143357,-1.224186695859,
    69.497467894742));
#7021 = CARTESIAN_POINT('',(-589.1936176105,-0.639040989647,
    69.45226676168));
#7022 = CARTESIAN_POINT('',(-584.9304153006,5.78836078439E-02,
    69.397610455521));
#7023 = CARTESIAN_POINT('',(-580.6563793824,0.696232234703,
    69.40750921034));
#7024 = CARTESIAN_POINT('',(-576.3740763318,1.215506879399,
    69.428495343343));
#7025 = CARTESIAN_POINT('',(-572.0987272234,1.566214394733,
    69.32632201075));
#7026 = CARTESIAN_POINT('',(-567.7524952784,1.879571401243,
    69.50059984545));
#7027 = CARTESIAN_POINT('',(-563.5775738445,0.502435830674,
    68.869054847714));
#7028 = CARTESIAN_POINT('',(-559.225311783,0.981804448896,
    68.602863180725));
#7029 = CARTESIAN_POINT('',(-554.9153030247,2.925197080421E-02,
    68.037511225849));
#7030 = CARTESIAN_POINT('',(-550.6950514656,-1.99342408029,
    67.972733452838));
#7031 = CARTESIAN_POINT('',(-546.5054520859,-4.066935941459,
    67.335469980442));
#7032 = CARTESIAN_POINT('',(-542.014622175,-4.930056933745,
    67.530427362566));
#7033 = CARTESIAN_POINT('',(-537.9789076762,-7.60097851221,
    67.334048801739));
#7034 = CARTESIAN_POINT('',(-533.6216797195,-9.158853577132,
    67.300137357902));
#7035 = CARTESIAN_POINT('',(-529.3043766466,-9.548145994024,
    66.852812267593));
#7036 = CARTESIAN_POINT('',(-525.0222934397,-10.02564350584,
    66.626057313201));
#7037 = CARTESIAN_POINT('',(-520.7416746921,-10.37788757831,
    66.389908396926));
#7038 = CARTESIAN_POINT('',(-516.4671704399,-10.68321213243,
    66.159630332987));
#7039 = CARTESIAN_POINT('',(-512.204407681,-10.88076088664,
    66.022657768986));
#7040 = CARTESIAN_POINT('',(-507.9265429784,-11.09902057681,
    65.937844114775));
#7041 = CARTESIAN_POINT('',(-503.6502824349,-11.27758699382,
    65.779860948598));
#7042 = CARTESIAN_POINT('',(-499.3719688989,-11.49136015635,
    65.952775006201));
#7043 = CARTESIAN_POINT('',(-495.0930022696,-11.67637343373,
    65.91576194754));
#7044 = CARTESIAN_POINT('',(-490.8081538754,-11.89131142003,
    65.958712715956));
#7045 = CARTESIAN_POINT('',(-486.5308534552,-11.95960601369,
    66.037572545265));
#7046 = CARTESIAN_POINT('',(-482.2516859036,-12.0050566029,
    66.145163636127));
#7047 = CARTESIAN_POINT('',(-477.9730655022,-12.00974767491,
    66.2524384578));
#7048 = CARTESIAN_POINT('',(-473.6960456193,-11.82948924268,
    66.373252486318));
#7049 = CARTESIAN_POINT('',(-469.4152062773,-11.77128710114,
    66.464902552106));
#7050 = CARTESIAN_POINT('',(-465.1421872703,-11.35138946278,
    66.613150896855));
#7051 = CARTESIAN_POINT('',(-460.8166932288,-11.44735819344,
    66.699955254846));
#7052 = CARTESIAN_POINT('',(-456.4952571487,-9.818926142385,
    67.112061133361));
#7053 = CARTESIAN_POINT('',(-452.4504000069,-6.457384880826,
    67.77419671523));
#7054 = CARTESIAN_POINT('',(-447.9424683801,-7.03204110813,
    67.884600230462));
#7055 = CARTESIAN_POINT('',(-443.7524033406,-4.164918671672,
    68.435593027659));
#7056 = CARTESIAN_POINT('',(-439.4974420849,-3.645203024839,
    68.72434983316));
#7057 = CARTESIAN_POINT('',(-435.1419433011,-3.974445719946,
    68.828162640608));
#7058 = CARTESIAN_POINT('',(-430.9728274171,-4.900396768236,
    68.847821652522));
#7059 = CARTESIAN_POINT('',(-426.6766705817,-4.02258964678,
    69.078507541192));
#7060 = CARTESIAN_POINT('',(-423.4568555526,-1.93037671583,
    69.336495423819));
#7061 = CARTESIAN_POINT('',(-422.3597,-4.532268626518,69.105208515256));
#7062 = PCURVE('',#6816,#7063);
#7063 = DEFINITIONAL_REPRESENTATION('',(#7064),#7068);
#7064 = LINE('',#7065,#7066);
#7065 = CARTESIAN_POINT('',(27.,0.));
#7066 = VECTOR('',#7067,1.);
#7067 = DIRECTION('',(0.,1.));
#7068 = ( GEOMETRIC_REPRESENTATION_CONTEXT(2) 
PARAMETRIC_REPRESENTATION_CONTEXT() REPRESENTATION_CONTEXT('2D SPACE',''
  ) );
#7069 = PCURVE('',#7070,#7197);
#7070 = ( BOUNDED_SURFACE() B_SPLINE_SURFACE(1,3,(
    (#7071,#7072,#7073,#7074,#7075,#7076,#7077,#7078,#7079,#7080,#7081
      ,#7082,#7083,#7084,#7085,#7086,#7087,#7088,#7089,#7090,#7091,#7092
      ,#7093,#7094,#7095,#7096,#7097,#7098,#7099,#7100,#7101,#7102,#7103
      ,#7104,#7105,#7106,#7107,#7108,#7109,#7110,#7111,#7112,#7113,#7114
      ,#7115,#7116,#7117,#7118,#7119,#7120,#7121,#7122,#7123,#7124,#7125
      ,#7126,#7127,#7128,#7129,#7130,#7131,#7132,#7133)
    ,(#7134,#7135,#7136,#7137,#7138,#7139,#7140,#7141,#7142,#7143,#7144
      ,#7145,#7146,#7147,#7148,#7149,#7150,#7151,#7152,#7153,#7154,#7155
      ,#7156,#7157,#7158,#7159,#7160,#7161,#7162,#7163,#7164,#7165,#7166
      ,#7167,#7168,#7169,#7170,#7171,#7172,#7173,#7174,#7175,#7176,#7177
      ,#7178,#7179,#7180,#7181,#7182,#7183,#7184,#7185,#7186,#7187,#7188
      ,#7189,#7190,#7191,#7192,#7193,#7194,#7195,#7196
)),.UNSPECIFIED.,.F.,.F.,.F.) B_SPLINE_SURFACE_WITH_KNOTS((2,2),(4,1,1,1
    ,1,1,1,1,1,1,1,1,1,1,1,1,1,1,1,1,1,1,1,1,1,1,1,1,1,1,1,1,1,1,1,1,1,1
    ,1,1,1,1,1,1,1,1,1,1,1,1,1,1,1,1,1,1,1,1,1,1,4),(27.,28.),(0.,
    1.671164831231E-02,3.327803306227E-02,5.000925566809E-02,
    6.648034363626E-02,8.347574416348E-02,9.998031801332E-02,
    0.116453562429,0.133787455732,0.150582398826,0.167003889564,
    0.183421183117,0.199831572897,0.216243077967,0.232654966281,
    0.249069049,0.265493630469,0.281929899437,0.298422530809,
    0.314972313288,0.331595845732,0.348279560524,0.365009232075,
    0.38168560036,0.398277240471,0.414799735375,0.431302994143,
    0.448140075223,0.464749604184,0.481553115126,0.498808354232,
    0.516050152658,0.532842545742,0.550335828942,0.567153130692,
    0.583652514422,0.600175882991,0.616768685323,0.633448038712,
    0.650182180915,0.666869665762,0.683497438564,0.700056495454,
    0.716547762365,0.732983596882,0.749407921308,0.765822295641,
    0.782233728406,0.798646209918,0.81505724388,0.831476734885,
    0.847901722287,0.864693603231,0.881980563987,0.898448960139,
    0.915352013848,0.932295303855,0.949097785181,0.966200565614,
0.982806308198,1.),.UNSPECIFIED.) GEOMETRIC_REPRESENTATION_ITEM() 
RATIONAL_B_SPLINE_SURFACE((
    (1.,0.999999999979,1.00000000001,0.999999999997,1.000000000001,1.,1.
      ,1.,1.,1.,1.,1.,1.,1.,1.,1.,1.,1.,1.,1.,1.,1.,1.,1.,1.,1.,1.,1.,1.
      ,1.,1.,1.,1.,1.,1.,1.,1.,1.,1.,1.,1.,1.,1.,1.,1.,1.,1.,1.,1.,1.,1.
      ,1.,1.,1.,1.,1.,1.,1.,0.999999999998,1.000000000007,0.999999999976
      ,1.000000000054,1.)
    ,(1.,0.999999999979,1.00000000001,0.999999999997,1.000000000001,1.
      ,1.,1.,1.,1.,1.,1.,1.,1.,1.,1.,1.,1.,1.,1.,1.,1.,1.,1.,1.,1.,1.,1.
      ,1.,1.,1.,1.,1.,1.,1.,1.,1.,1.,1.,1.,1.,1.,1.,1.,1.,1.,1.,1.,1.,1.
      ,1.,1.,1.,1.,1.,1.,1.,1.,0.999999999998,1.000000000007
,0.999999999976,1.000000000054,1.
  ))) REPRESENTATION_ITEM('') SURFACE() );
#7071 = CARTESIAN_POINT('',(-679.0382,4.313030124155E-02,68.727791827316
    ));
#7072 = CARTESIAN_POINT('',(-677.9018430398,-2.17143302324,
    68.968859538818));
#7073 = CARTESIAN_POINT('',(-674.6570379481,0.175635534582,
    68.642595072345));
#7074 = CARTESIAN_POINT('',(-670.4801286148,-1.04156940321,
    68.763617167188));
#7075 = CARTESIAN_POINT('',(-666.2529876958,-2.117858600707,
    68.793306585542));
#7076 = CARTESIAN_POINT('',(-661.8309289879,-2.062083048446,
    68.665052071087));
#7077 = CARTESIAN_POINT('',(-657.7320144142,-3.686920641967,
    68.813994785947));
#7078 = CARTESIAN_POINT('',(-653.3812140229,-3.241155591542,
    68.701809122364));
#7079 = CARTESIAN_POINT('',(-648.9513854559,-3.706677486955,
    68.730007685017));
#7080 = CARTESIAN_POINT('',(-644.9070855266,-2.502480926493,
    68.551434393876));
#7081 = CARTESIAN_POINT('',(-640.582063889,-2.919386612202,
    68.64672942019));
#7082 = CARTESIAN_POINT('',(-636.2554682792,-2.823552511516,
    68.680832632734));
#7083 = CARTESIAN_POINT('',(-631.9824711096,-2.95435194239,
    68.77612216277));
#7084 = CARTESIAN_POINT('',(-627.7019615338,-2.893094596269,
    68.831918422413));
#7085 = CARTESIAN_POINT('',(-623.4245711463,-2.945343841311,
    68.930485539598));
#7086 = CARTESIAN_POINT('',(-619.1463832312,-2.992339709051,
    69.043395733806));
#7087 = CARTESIAN_POINT('',(-614.8669156658,-2.928627993282,
    69.155278042822));
#7088 = CARTESIAN_POINT('',(-610.5898165078,-2.755295870769,
    69.261489471288));
#7089 = CARTESIAN_POINT('',(-606.3045105877,-2.641016550528,
    69.417139011027));
#7090 = CARTESIAN_POINT('',(-602.0277566031,-2.223836751363,
    69.566887056922));
#7091 = CARTESIAN_POINT('',(-597.7466019923,-1.709761588256,
    69.595145549887));
#7092 = CARTESIAN_POINT('',(-593.4714143357,-1.224186695859,
    69.497467894742));
#7093 = CARTESIAN_POINT('',(-589.1936176105,-0.639040989647,
    69.45226676168));
#7094 = CARTESIAN_POINT('',(-584.9304153006,5.78836078439E-02,
    69.397610455521));
#7095 = CARTESIAN_POINT('',(-580.6563793824,0.696232234703,
    69.40750921034));
#7096 = CARTESIAN_POINT('',(-576.3740763318,1.215506879399,
    69.428495343343));
#7097 = CARTESIAN_POINT('',(-572.0987272234,1.566214394733,
    69.32632201075));
#7098 = CARTESIAN_POINT('',(-567.7524952784,1.879571401243,
    69.50059984545));
#7099 = CARTESIAN_POINT('',(-563.5775738445,0.502435830674,
    68.869054847714));
#7100 = CARTESIAN_POINT('',(-559.225311783,0.981804448896,
    68.602863180725));
#7101 = CARTESIAN_POINT('',(-554.9153030247,2.925197080421E-02,
    68.037511225849));
#7102 = CARTESIAN_POINT('',(-550.6950514656,-1.99342408029,
    67.972733452838));
#7103 = CARTESIAN_POINT('',(-546.5054520859,-4.066935941459,
    67.335469980442));
#7104 = CARTESIAN_POINT('',(-542.014622175,-4.930056933745,
    67.530427362566));
#7105 = CARTESIAN_POINT('',(-537.9789076762,-7.60097851221,
    67.334048801739));
#7106 = CARTESIAN_POINT('',(-533.6216797195,-9.158853577132,
    67.300137357902));
#7107 = CARTESIAN_POINT('',(-529.3043766466,-9.548145994024,
    66.852812267593));
#7108 = CARTESIAN_POINT('',(-525.0222934397,-10.02564350584,
    66.626057313201));
#7109 = CARTESIAN_POINT('',(-520.7416746921,-10.37788757831,
    66.389908396926));
#7110 = CARTESIAN_POINT('',(-516.4671704399,-10.68321213243,
    66.159630332987));
#7111 = CARTESIAN_POINT('',(-512.204407681,-10.88076088664,
    66.022657768986));
#7112 = CARTESIAN_POINT('',(-507.9265429784,-11.09902057681,
    65.937844114775));
#7113 = CARTESIAN_POINT('',(-503.6502824349,-11.27758699382,
    65.779860948598));
#7114 = CARTESIAN_POINT('',(-499.3719688989,-11.49136015635,
    65.952775006201));
#7115 = CARTESIAN_POINT('',(-495.0930022696,-11.67637343373,
    65.91576194754));
#7116 = CARTESIAN_POINT('',(-490.8081538754,-11.89131142003,
    65.958712715956));
#7117 = CARTESIAN_POINT('',(-486.5308534552,-11.95960601369,
    66.037572545265));
#7118 = CARTESIAN_POINT('',(-482.2516859036,-12.0050566029,
    66.145163636127));
#7119 = CARTESIAN_POINT('',(-477.9730655022,-12.00974767491,
    66.2524384578));
#7120 = CARTESIAN_POINT('',(-473.6960456193,-11.82948924268,
    66.373252486318));
#7121 = CARTESIAN_POINT('',(-469.4152062773,-11.77128710114,
    66.464902552106));
#7122 = CARTESIAN_POINT('',(-465.1421872703,-11.35138946278,
    66.613150896855));
#7123 = CARTESIAN_POINT('',(-460.8166932288,-11.44735819344,
    66.699955254846));
#7124 = CARTESIAN_POINT('',(-456.4952571487,-9.818926142385,
    67.112061133361));
#7125 = CARTESIAN_POINT('',(-452.4504000069,-6.457384880826,
    67.77419671523));
#7126 = CARTESIAN_POINT('',(-447.9424683801,-7.03204110813,
    67.884600230462));
#7127 = CARTESIAN_POINT('',(-443.7524033406,-4.164918671672,
    68.435593027659));
#7128 = CARTESIAN_POINT('',(-439.4974420849,-3.645203024839,
    68.72434983316));
#7129 = CARTESIAN_POINT('',(-435.1419433011,-3.974445719946,
    68.828162640608));
#7130 = CARTESIAN_POINT('',(-430.9728274171,-4.900396768236,
    68.847821652522));
#7131 = CARTESIAN_POINT('',(-426.6766705817,-4.02258964678,
    69.078507541192));
#7132 = CARTESIAN_POINT('',(-423.4568555526,-1.93037671583,
    69.336495423819));
#7133 = CARTESIAN_POINT('',(-422.3597,-4.532268626518,69.105208515256));
#7134 = CARTESIAN_POINT('',(-679.0382,0.441169125272,68.663809068106));
#7135 = CARTESIAN_POINT('',(-677.9018430398,-1.576692473993,
    68.876955572265));
#7136 = CARTESIAN_POINT('',(-674.6570379481,0.633107997038,
    68.567982033224));
#7137 = CARTESIAN_POINT('',(-670.4801286148,-0.40054829064,
    68.658530420525));
#7138 = CARTESIAN_POINT('',(-666.2529876958,-1.435336821377,
    68.680451563405));
#7139 = CARTESIAN_POINT('',(-661.8309289879,-1.424930235061,
    68.554631058042));
#7140 = CARTESIAN_POINT('',(-657.7320144142,-2.813740886972,
    68.659405805931));
#7141 = CARTESIAN_POINT('',(-653.3812140229,-2.325313706494,
    68.528572999317));
#7142 = CARTESIAN_POINT('',(-648.9513854559,-2.757671368767,
    68.540063073023));
#7143 = CARTESIAN_POINT('',(-644.9070855266,-1.361921256717,
    68.318420899441));
#7144 = CARTESIAN_POINT('',(-640.582063889,-1.600867735848,
    68.370469219259));
#7145 = CARTESIAN_POINT('',(-636.2554682792,-1.516582461951,
    68.393925104941));
#7146 = CARTESIAN_POINT('',(-631.9824711096,-1.611795033713,
    68.470975716497));
#7147 = CARTESIAN_POINT('',(-627.7019615338,-1.548386318928,
    68.514890432167));
#7148 = CARTESIAN_POINT('',(-623.4245711463,-1.588594789067,
    68.597391249428));
#7149 = CARTESIAN_POINT('',(-619.1463832312,-1.630483310006,
    68.692715159245));
#7150 = CARTESIAN_POINT('',(-614.8669156658,-1.577884485936,
    68.78895383717));
#7151 = CARTESIAN_POINT('',(-610.5898165078,-1.430217149304,
    68.879210237294));
#7152 = CARTESIAN_POINT('',(-606.3045105877,-1.342460912874,
    69.020555207922));
#7153 = CARTESIAN_POINT('',(-602.0277566031,-0.989838494184,
    69.145975666556));
#7154 = CARTESIAN_POINT('',(-597.7466019923,-0.521877076618,
    69.201206909027));
#7155 = CARTESIAN_POINT('',(-593.4714143357,-0.11416011294,
    69.088915946281));
#7156 = CARTESIAN_POINT('',(-589.1936176105,0.38031709993,69.02036865523
    ));
#7157 = CARTESIAN_POINT('',(-584.9304153006,0.983090809926,
    68.945139741031));
#7158 = CARTESIAN_POINT('',(-580.6563793824,1.519261969956,
    68.931818043435));
#7159 = CARTESIAN_POINT('',(-576.3740763318,1.953309850701,
    68.957816689463));
#7160 = CARTESIAN_POINT('',(-572.0987272234,2.209954293219,
    68.858147008696));
#7161 = CARTESIAN_POINT('',(-567.7524952784,2.507932634446,
    69.137416409457));
#7162 = CARTESIAN_POINT('',(-563.5775738445,0.947318917241,
    68.403887855837));
#7163 = CARTESIAN_POINT('',(-559.225311783,1.320389376265,
    68.135389277087));
#7164 = CARTESIAN_POINT('',(-554.9153030247,0.2193836119,67.461084510194
    ));
#7165 = CARTESIAN_POINT('',(-550.6950514656,-1.803994329742,
    67.429689162975));
#7166 = CARTESIAN_POINT('',(-546.5054520859,-3.978705780988,
    66.67909564143));
#7167 = CARTESIAN_POINT('',(-542.014622175,-4.854301712709,
    66.93390955163));
#7168 = CARTESIAN_POINT('',(-537.9789076762,-7.614982831226,
    66.703607940623));
#7169 = CARTESIAN_POINT('',(-533.6216797195,-9.228040639204,
    66.703382475821));
#7170 = CARTESIAN_POINT('',(-529.3043766466,-9.80336058073,
    66.14038374911));
#7171 = CARTESIAN_POINT('',(-525.0222934397,-10.45307965766,
    65.885738161901));
#7172 = CARTESIAN_POINT('',(-520.7416746921,-10.86994210929,
    65.653469026941));
#7173 = CARTESIAN_POINT('',(-516.4671704399,-11.33715152953,
    65.459885260816));
#7174 = CARTESIAN_POINT('',(-512.204407681,-11.65420234693,
    65.444158355137));
#7175 = CARTESIAN_POINT('',(-507.9265429784,-12.03084872362,
    65.442098945121));
#7176 = CARTESIAN_POINT('',(-503.6502824349,-12.4218650616,
    65.704440262524));
#7177 = CARTESIAN_POINT('',(-499.3719688989,-12.5519558675,
    65.111109015677));
#7178 = CARTESIAN_POINT('',(-495.0930022696,-12.84312118532,
    65.288130272846));
#7179 = CARTESIAN_POINT('',(-490.8081538754,-13.08175192314,
    65.29101337902));
#7180 = CARTESIAN_POINT('',(-486.5308534552,-13.18168577154,
    65.398567837516));
#7181 = CARTESIAN_POINT('',(-482.2516859036,-13.23995847715,
    65.519371249014));
#7182 = CARTESIAN_POINT('',(-477.9730655022,-13.24933745557,
    65.644514052042));
#7183 = CARTESIAN_POINT('',(-473.6960456193,-13.054681791,
    65.782559906024));
#7184 = CARTESIAN_POINT('',(-469.4152062773,-12.99631632782,
    65.886763933394));
#7185 = CARTESIAN_POINT('',(-465.1421872703,-12.5452716381,66.0528756961
    ));
#7186 = CARTESIAN_POINT('',(-460.8166932288,-12.62841207667,
    66.155596813962));
#7187 = CARTESIAN_POINT('',(-456.4952571487,-10.90022126094,
    66.598185828442));
#7188 = CARTESIAN_POINT('',(-452.4504000069,-7.336276041664,
    67.307912779201));
#7189 = CARTESIAN_POINT('',(-447.9424683801,-7.908813093058,
    67.431039247816));
#7190 = CARTESIAN_POINT('',(-443.7524033406,-4.883919547673,
    68.017962641017));
#7191 = CARTESIAN_POINT('',(-439.4974420849,-4.169728564751,
    68.351048840781));
#7192 = CARTESIAN_POINT('',(-435.1419433011,-4.462848022305,
    68.46880408496));
#7193 = CARTESIAN_POINT('',(-430.9728274171,-5.324738306849,
    68.501563101738));
#7194 = CARTESIAN_POINT('',(-426.6766705817,-4.283429418636,
    68.777845833735));
#7195 = CARTESIAN_POINT('',(-423.4568555526,-2.212619451386,
    69.060691304523));
#7196 = CARTESIAN_POINT('',(-422.3597,-4.775231318916,68.820180315976));
#7197 = DEFINITIONAL_REPRESENTATION('',(#7198),#7202);
#7198 = LINE('',#7199,#7200);
#7199 = CARTESIAN_POINT('',(27.,0.));
#7200 = VECTOR('',#7201,1.);
#7201 = DIRECTION('',(0.,1.));
#7202 = ( GEOMETRIC_REPRESENTATION_CONTEXT(2) 
PARAMETRIC_REPRESENTATION_CONTEXT() REPRESENTATION_CONTEXT('2D SPACE',''
  ) );
#7203 = ORIENTED_EDGE('',*,*,#7204,.F.);
#7204 = EDGE_CURVE('',#6741,#6995,#7205,.T.);
#7205 = SURFACE_CURVE('',#7206,(#7209,#7216),.PCURVE_S1.);
#7206 = B_SPLINE_CURVE_WITH_KNOTS('',1,(#7207,#7208),.UNSPECIFIED.,.F.,
  .F.,(2,2),(26.,27.),.PIECEWISE_BEZIER_KNOTS.);
#7207 = CARTESIAN_POINT('',(-422.3597,-4.187896960734,69.28195566904));
#7208 = CARTESIAN_POINT('',(-422.3597,-4.532268626518,69.105208515256));
#7209 = PCURVE('',#6816,#7210);
#7210 = DEFINITIONAL_REPRESENTATION('',(#7211),#7215);
#7211 = LINE('',#7212,#7213);
#7212 = CARTESIAN_POINT('',(0.,1.));
#7213 = VECTOR('',#7214,1.);
#7214 = DIRECTION('',(1.,0.));
#7215 = ( GEOMETRIC_REPRESENTATION_CONTEXT(2) 
PARAMETRIC_REPRESENTATION_CONTEXT() REPRESENTATION_CONTEXT('2D SPACE',''
  ) );
#7216 = PCURVE('',#401,#7217);
#7217 = DEFINITIONAL_REPRESENTATION('',(#7218),#7221);
#7218 = B_SPLINE_CURVE_WITH_KNOTS('',1,(#7219,#7220),.UNSPECIFIED.,.F.,
  .F.,(2,2),(26.,27.),.PIECEWISE_BEZIER_KNOTS.);
#7219 = CARTESIAN_POINT('',(3.934280187099,0.481238523531));
#7220 = CARTESIAN_POINT('',(4.2725221698,0.293026510886));
#7221 = ( GEOMETRIC_REPRESENTATION_CONTEXT(2) 
PARAMETRIC_REPRESENTATION_CONTEXT() REPRESENTATION_CONTEXT('2D SPACE',''
  ) );
#7222 = ORIENTED_EDGE('',*,*,#6740,.F.);
#7223 = ADVANCED_FACE('',(#7224),#7070,.T.);
#7224 = FACE_BOUND('',#7225,.T.);
#7225 = EDGE_LOOP('',(#7226,#7247,#7457,#7476));
#7226 = ORIENTED_EDGE('',*,*,#7227,.T.);
#7227 = EDGE_CURVE('',#6974,#7228,#7230,.T.);
#7228 = VERTEX_POINT('',#7229);
#7229 = CARTESIAN_POINT('',(-679.0382,0.441169125272,68.663809068106));
#7230 = SURFACE_CURVE('',#7231,(#7234,#7241),.PCURVE_S1.);
#7231 = B_SPLINE_CURVE_WITH_KNOTS('',1,(#7232,#7233),.UNSPECIFIED.,.F.,
  .F.,(2,2),(27.,28.),.PIECEWISE_BEZIER_KNOTS.);
#7232 = CARTESIAN_POINT('',(-679.0382,4.313030124155E-02,68.727791827316
    ));
#7233 = CARTESIAN_POINT('',(-679.0382,0.441169125272,68.663809068106));
#7234 = PCURVE('',#7070,#7235);
#7235 = DEFINITIONAL_REPRESENTATION('',(#7236),#7240);
#7236 = LINE('',#7237,#7238);
#7237 = CARTESIAN_POINT('',(0.,0.));
#7238 = VECTOR('',#7239,1.);
#7239 = DIRECTION('',(1.,0.));
#7240 = ( GEOMETRIC_REPRESENTATION_CONTEXT(2) 
PARAMETRIC_REPRESENTATION_CONTEXT() REPRESENTATION_CONTEXT('2D SPACE',''
  ) );
#7241 = PCURVE('',#165,#7242);
#7242 = DEFINITIONAL_REPRESENTATION('',(#7243),#7246);
#7243 = B_SPLINE_CURVE_WITH_KNOTS('',1,(#7244,#7245),.UNSPECIFIED.,.F.,
  .F.,(2,2),(27.,28.),.PIECEWISE_BEZIER_KNOTS.);
#7244 = CARTESIAN_POINT('',(4.380419459592,0.801940316838));
#7245 = CARTESIAN_POINT('',(3.978217058323,0.829543347923));
#7246 = ( GEOMETRIC_REPRESENTATION_CONTEXT(2) 
PARAMETRIC_REPRESENTATION_CONTEXT() REPRESENTATION_CONTEXT('2D SPACE',''
  ) );
#7247 = ORIENTED_EDGE('',*,*,#7248,.T.);
#7248 = EDGE_CURVE('',#7228,#7249,#7251,.T.);
#7249 = VERTEX_POINT('',#7250);
#7250 = CARTESIAN_POINT('',(-422.3597,-4.775231318916,68.820180315976));
#7251 = SURFACE_CURVE('',#7252,(#7316,#7323),.PCURVE_S1.);
#7252 = ( BOUNDED_CURVE() B_SPLINE_CURVE(3,(#7253,#7254,#7255,#7256,
    #7257,#7258,#7259,#7260,#7261,#7262,#7263,#7264,#7265,#7266,#7267,
    #7268,#7269,#7270,#7271,#7272,#7273,#7274,#7275,#7276,#7277,#7278,
    #7279,#7280,#7281,#7282,#7283,#7284,#7285,#7286,#7287,#7288,#7289,
    #7290,#7291,#7292,#7293,#7294,#7295,#7296,#7297,#7298,#7299,#7300,
    #7301,#7302,#7303,#7304,#7305,#7306,#7307,#7308,#7309,#7310,#7311,
    #7312,#7313,#7314,#7315),.UNSPECIFIED.,.F.,.F.) 
B_SPLINE_CURVE_WITH_KNOTS((4,1,1,1,1,1,1,1,1,1,1,1,1,1,1,1,1,1,1,1,1,1,1
    ,1,1,1,1,1,1,1,1,1,1,1,1,1,1,1,1,1,1,1,1,1,1,1,1,1,1,1,1,1,1,1,1,1,1
    ,1,1,1,4),(0.,1.671164831231E-02,3.327803306227E-02,
    5.000925566809E-02,6.648034363626E-02,8.347574416348E-02,
    9.998031801332E-02,0.116453562429,0.133787455732,0.150582398826,
    0.167003889564,0.183421183117,0.199831572897,0.216243077967,
    0.232654966281,0.249069049,0.265493630469,0.281929899437,
    0.298422530809,0.314972313288,0.331595845732,0.348279560524,
    0.365009232075,0.38168560036,0.398277240471,0.414799735375,
    0.431302994143,0.448140075223,0.464749604184,0.481553115126,
    0.498808354232,0.516050152658,0.532842545742,0.550335828942,
    0.567153130692,0.583652514422,0.600175882991,0.616768685323,
    0.633448038712,0.650182180915,0.666869665762,0.683497438564,
    0.700056495454,0.716547762365,0.732983596882,0.749407921308,
    0.765822295641,0.782233728406,0.798646209918,0.81505724388,
    0.831476734885,0.847901722287,0.864693603231,0.881980563987,
    0.898448960139,0.915352013848,0.932295303855,0.949097785181,
0.966200565614,0.982806308198,1.),.UNSPECIFIED.) CURVE() 
GEOMETRIC_REPRESENTATION_ITEM() RATIONAL_B_SPLINE_CURVE((1.,
    0.999999999979,1.00000000001,0.999999999997,1.000000000001,1.,1.,1.,
    1.,1.,1.,1.,1.,1.,1.,1.,1.,1.,1.,1.,1.,1.,1.,1.,1.,1.,1.,1.,1.,1.,1.
    ,1.,1.,1.,1.,1.,1.,1.,1.,1.,1.,1.,1.,1.,1.,1.,1.,1.,1.,1.,1.,1.,1.,
    1.,1.,1.,1.,1.,0.999999999998,1.000000000007,0.999999999976,
1.000000000054,1.)) REPRESENTATION_ITEM('') );
#7253 = CARTESIAN_POINT('',(-679.0382,0.441169125272,68.663809068106));
#7254 = CARTESIAN_POINT('',(-677.9018430398,-1.576692473993,
    68.876955572265));
#7255 = CARTESIAN_POINT('',(-674.6570379481,0.633107997038,
    68.567982033224));
#7256 = CARTESIAN_POINT('',(-670.4801286148,-0.40054829064,
    68.658530420525));
#7257 = CARTESIAN_POINT('',(-666.2529876958,-1.435336821377,
    68.680451563405));
#7258 = CARTESIAN_POINT('',(-661.8309289879,-1.424930235061,
    68.554631058042));
#7259 = CARTESIAN_POINT('',(-657.7320144142,-2.813740886972,
    68.659405805931));
#7260 = CARTESIAN_POINT('',(-653.3812140229,-2.325313706494,
    68.528572999317));
#7261 = CARTESIAN_POINT('',(-648.9513854559,-2.757671368767,
    68.540063073023));
#7262 = CARTESIAN_POINT('',(-644.9070855266,-1.361921256717,
    68.318420899441));
#7263 = CARTESIAN_POINT('',(-640.582063889,-1.600867735848,
    68.370469219259));
#7264 = CARTESIAN_POINT('',(-636.2554682792,-1.516582461951,
    68.393925104941));
#7265 = CARTESIAN_POINT('',(-631.9824711096,-1.611795033713,
    68.470975716497));
#7266 = CARTESIAN_POINT('',(-627.7019615338,-1.548386318928,
    68.514890432167));
#7267 = CARTESIAN_POINT('',(-623.4245711463,-1.588594789067,
    68.597391249428));
#7268 = CARTESIAN_POINT('',(-619.1463832312,-1.630483310006,
    68.692715159245));
#7269 = CARTESIAN_POINT('',(-614.8669156658,-1.577884485936,
    68.78895383717));
#7270 = CARTESIAN_POINT('',(-610.5898165078,-1.430217149304,
    68.879210237294));
#7271 = CARTESIAN_POINT('',(-606.3045105877,-1.342460912874,
    69.020555207922));
#7272 = CARTESIAN_POINT('',(-602.0277566031,-0.989838494184,
    69.145975666556));
#7273 = CARTESIAN_POINT('',(-597.7466019923,-0.521877076618,
    69.201206909027));
#7274 = CARTESIAN_POINT('',(-593.4714143357,-0.11416011294,
    69.088915946281));
#7275 = CARTESIAN_POINT('',(-589.1936176105,0.38031709993,69.02036865523
    ));
#7276 = CARTESIAN_POINT('',(-584.9304153006,0.983090809926,
    68.945139741031));
#7277 = CARTESIAN_POINT('',(-580.6563793824,1.519261969956,
    68.931818043435));
#7278 = CARTESIAN_POINT('',(-576.3740763318,1.953309850701,
    68.957816689463));
#7279 = CARTESIAN_POINT('',(-572.0987272234,2.209954293219,
    68.858147008696));
#7280 = CARTESIAN_POINT('',(-567.7524952784,2.507932634446,
    69.137416409457));
#7281 = CARTESIAN_POINT('',(-563.5775738445,0.947318917241,
    68.403887855837));
#7282 = CARTESIAN_POINT('',(-559.225311783,1.320389376265,
    68.135389277087));
#7283 = CARTESIAN_POINT('',(-554.9153030247,0.2193836119,67.461084510194
    ));
#7284 = CARTESIAN_POINT('',(-550.6950514656,-1.803994329742,
    67.429689162975));
#7285 = CARTESIAN_POINT('',(-546.5054520859,-3.978705780988,
    66.67909564143));
#7286 = CARTESIAN_POINT('',(-542.014622175,-4.854301712709,
    66.93390955163));
#7287 = CARTESIAN_POINT('',(-537.9789076762,-7.614982831226,
    66.703607940623));
#7288 = CARTESIAN_POINT('',(-533.6216797195,-9.228040639204,
    66.703382475821));
#7289 = CARTESIAN_POINT('',(-529.3043766466,-9.80336058073,
    66.14038374911));
#7290 = CARTESIAN_POINT('',(-525.0222934397,-10.45307965766,
    65.885738161901));
#7291 = CARTESIAN_POINT('',(-520.7416746921,-10.86994210929,
    65.653469026941));
#7292 = CARTESIAN_POINT('',(-516.4671704399,-11.33715152953,
    65.459885260816));
#7293 = CARTESIAN_POINT('',(-512.204407681,-11.65420234693,
    65.444158355137));
#7294 = CARTESIAN_POINT('',(-507.9265429784,-12.03084872362,
    65.442098945121));
#7295 = CARTESIAN_POINT('',(-503.6502824349,-12.4218650616,
    65.704440262524));
#7296 = CARTESIAN_POINT('',(-499.3719688989,-12.5519558675,
    65.111109015677));
#7297 = CARTESIAN_POINT('',(-495.0930022696,-12.84312118532,
    65.288130272846));
#7298 = CARTESIAN_POINT('',(-490.8081538754,-13.08175192314,
    65.29101337902));
#7299 = CARTESIAN_POINT('',(-486.5308534552,-13.18168577154,
    65.398567837516));
#7300 = CARTESIAN_POINT('',(-482.2516859036,-13.23995847715,
    65.519371249014));
#7301 = CARTESIAN_POINT('',(-477.9730655022,-13.24933745557,
    65.644514052042));
#7302 = CARTESIAN_POINT('',(-473.6960456193,-13.054681791,
    65.782559906024));
#7303 = CARTESIAN_POINT('',(-469.4152062773,-12.99631632782,
    65.886763933394));
#7304 = CARTESIAN_POINT('',(-465.1421872703,-12.5452716381,66.0528756961
    ));
#7305 = CARTESIAN_POINT('',(-460.8166932288,-12.62841207667,
    66.155596813962));
#7306 = CARTESIAN_POINT('',(-456.4952571487,-10.90022126094,
    66.598185828442));
#7307 = CARTESIAN_POINT('',(-452.4504000069,-7.336276041664,
    67.307912779201));
#7308 = CARTESIAN_POINT('',(-447.9424683801,-7.908813093058,
    67.431039247816));
#7309 = CARTESIAN_POINT('',(-443.7524033406,-4.883919547673,
    68.017962641017));
#7310 = CARTESIAN_POINT('',(-439.4974420849,-4.169728564751,
    68.351048840781));
#7311 = CARTESIAN_POINT('',(-435.1419433011,-4.462848022305,
    68.46880408496));
#7312 = CARTESIAN_POINT('',(-430.9728274171,-5.324738306849,
    68.501563101738));
#7313 = CARTESIAN_POINT('',(-426.6766705817,-4.283429418636,
    68.777845833735));
#7314 = CARTESIAN_POINT('',(-423.4568555526,-2.212619451386,
    69.060691304523));
#7315 = CARTESIAN_POINT('',(-422.3597,-4.775231318916,68.820180315976));
#7316 = PCURVE('',#7070,#7317);
#7317 = DEFINITIONAL_REPRESENTATION('',(#7318),#7322);
#7318 = LINE('',#7319,#7320);
#7319 = CARTESIAN_POINT('',(28.,0.));
#7320 = VECTOR('',#7321,1.);
#7321 = DIRECTION('',(0.,1.));
#7322 = ( GEOMETRIC_REPRESENTATION_CONTEXT(2) 
PARAMETRIC_REPRESENTATION_CONTEXT() REPRESENTATION_CONTEXT('2D SPACE',''
  ) );
#7323 = PCURVE('',#7324,#7451);
#7324 = ( BOUNDED_SURFACE() B_SPLINE_SURFACE(1,3,(
    (#7325,#7326,#7327,#7328,#7329,#7330,#7331,#7332,#7333,#7334,#7335
      ,#7336,#7337,#7338,#7339,#7340,#7341,#7342,#7343,#7344,#7345,#7346
      ,#7347,#7348,#7349,#7350,#7351,#7352,#7353,#7354,#7355,#7356,#7357
      ,#7358,#7359,#7360,#7361,#7362,#7363,#7364,#7365,#7366,#7367,#7368
      ,#7369,#7370,#7371,#7372,#7373,#7374,#7375,#7376,#7377,#7378,#7379
      ,#7380,#7381,#7382,#7383,#7384,#7385,#7386,#7387)
    ,(#7388,#7389,#7390,#7391,#7392,#7393,#7394,#7395,#7396,#7397,#7398
      ,#7399,#7400,#7401,#7402,#7403,#7404,#7405,#7406,#7407,#7408,#7409
      ,#7410,#7411,#7412,#7413,#7414,#7415,#7416,#7417,#7418,#7419,#7420
      ,#7421,#7422,#7423,#7424,#7425,#7426,#7427,#7428,#7429,#7430,#7431
      ,#7432,#7433,#7434,#7435,#7436,#7437,#7438,#7439,#7440,#7441,#7442
      ,#7443,#7444,#7445,#7446,#7447,#7448,#7449,#7450
)),.UNSPECIFIED.,.F.,.F.,.F.) B_SPLINE_SURFACE_WITH_KNOTS((2,2),(4,1,1,1
    ,1,1,1,1,1,1,1,1,1,1,1,1,1,1,1,1,1,1,1,1,1,1,1,1,1,1,1,1,1,1,1,1,1,1
    ,1,1,1,1,1,1,1,1,1,1,1,1,1,1,1,1,1,1,1,1,1,1,4),(28.,29.),(0.,
    1.671164831231E-02,3.327803306227E-02,5.000925566809E-02,
    6.648034363626E-02,8.347574416348E-02,9.998031801332E-02,
    0.116453562429,0.133787455732,0.150582398826,0.167003889564,
    0.183421183117,0.199831572897,0.216243077967,0.232654966281,
    0.249069049,0.265493630469,0.281929899437,0.298422530809,
    0.314972313288,0.331595845732,0.348279560524,0.365009232075,
    0.38168560036,0.398277240471,0.414799735375,0.431302994143,
    0.448140075223,0.464749604184,0.481553115126,0.498808354232,
    0.516050152658,0.532842545742,0.550335828942,0.567153130692,
    0.583652514422,0.600175882991,0.616768685323,0.633448038712,
    0.650182180915,0.666869665762,0.683497438564,0.700056495454,
    0.716547762365,0.732983596882,0.749407921308,0.765822295641,
    0.782233728406,0.798646209918,0.81505724388,0.831476734885,
    0.847901722287,0.864693603231,0.881980563987,0.898448960139,
    0.915352013848,0.932295303855,0.949097785181,0.966200565614,
0.982806308198,1.),.UNSPECIFIED.) GEOMETRIC_REPRESENTATION_ITEM() 
RATIONAL_B_SPLINE_SURFACE((
    (1.,0.999999999979,1.00000000001,0.999999999997,1.000000000001,1.,1.
      ,1.,1.,1.,1.,1.,1.,1.,1.,1.,1.,1.,1.,1.,1.,1.,1.,1.,1.,1.,1.,1.,1.
      ,1.,1.,1.,1.,1.,1.,1.,1.,1.,1.,1.,1.,1.,1.,1.,1.,1.,1.,1.,1.,1.,1.
      ,1.,1.,1.,1.,1.,1.,1.,0.999999999998,1.000000000007,0.999999999976
      ,1.000000000054,1.)
    ,(1.,0.999999999979,1.00000000001,0.999999999997,1.000000000001,1.
      ,1.,1.,1.,1.,1.,1.,1.,1.,1.,1.,1.,1.,1.,1.,1.,1.,1.,1.,1.,1.,1.,1.
      ,1.,1.,1.,1.,1.,1.,1.,1.,1.,1.,1.,1.,1.,1.,1.,1.,1.,1.,1.,1.,1.,1.
      ,1.,1.,1.,1.,1.,1.,1.,1.,0.999999999998,1.000000000007
,0.999999999976,1.000000000054,1.
  ))) REPRESENTATION_ITEM('') SURFACE() );
#7325 = CARTESIAN_POINT('',(-679.0382,0.441169125272,68.663809068106));
#7326 = CARTESIAN_POINT('',(-677.9018430398,-1.576692473993,
    68.876955572265));
#7327 = CARTESIAN_POINT('',(-674.6570379481,0.633107997038,
    68.567982033224));
#7328 = CARTESIAN_POINT('',(-670.4801286148,-0.40054829064,
    68.658530420525));
#7329 = CARTESIAN_POINT('',(-666.2529876958,-1.435336821377,
    68.680451563405));
#7330 = CARTESIAN_POINT('',(-661.8309289879,-1.424930235061,
    68.554631058042));
#7331 = CARTESIAN_POINT('',(-657.7320144142,-2.813740886972,
    68.659405805931));
#7332 = CARTESIAN_POINT('',(-653.3812140229,-2.325313706494,
    68.528572999317));
#7333 = CARTESIAN_POINT('',(-648.9513854559,-2.757671368767,
    68.540063073023));
#7334 = CARTESIAN_POINT('',(-644.9070855266,-1.361921256717,
    68.318420899441));
#7335 = CARTESIAN_POINT('',(-640.582063889,-1.600867735848,
    68.370469219259));
#7336 = CARTESIAN_POINT('',(-636.2554682792,-1.516582461951,
    68.393925104941));
#7337 = CARTESIAN_POINT('',(-631.9824711096,-1.611795033713,
    68.470975716497));
#7338 = CARTESIAN_POINT('',(-627.7019615338,-1.548386318928,
    68.514890432167));
#7339 = CARTESIAN_POINT('',(-623.4245711463,-1.588594789067,
    68.597391249428));
#7340 = CARTESIAN_POINT('',(-619.1463832312,-1.630483310006,
    68.692715159245));
#7341 = CARTESIAN_POINT('',(-614.8669156658,-1.577884485936,
    68.78895383717));
#7342 = CARTESIAN_POINT('',(-610.5898165078,-1.430217149304,
    68.879210237294));
#7343 = CARTESIAN_POINT('',(-606.3045105877,-1.342460912874,
    69.020555207922));
#7344 = CARTESIAN_POINT('',(-602.0277566031,-0.989838494184,
    69.145975666556));
#7345 = CARTESIAN_POINT('',(-597.7466019923,-0.521877076618,
    69.201206909027));
#7346 = CARTESIAN_POINT('',(-593.4714143357,-0.11416011294,
    69.088915946281));
#7347 = CARTESIAN_POINT('',(-589.1936176105,0.38031709993,69.02036865523
    ));
#7348 = CARTESIAN_POINT('',(-584.9304153006,0.983090809926,
    68.945139741031));
#7349 = CARTESIAN_POINT('',(-580.6563793824,1.519261969956,
    68.931818043435));
#7350 = CARTESIAN_POINT('',(-576.3740763318,1.953309850701,
    68.957816689463));
#7351 = CARTESIAN_POINT('',(-572.0987272234,2.209954293219,
    68.858147008696));
#7352 = CARTESIAN_POINT('',(-567.7524952784,2.507932634446,
    69.137416409457));
#7353 = CARTESIAN_POINT('',(-563.5775738445,0.947318917241,
    68.403887855837));
#7354 = CARTESIAN_POINT('',(-559.225311783,1.320389376265,
    68.135389277087));
#7355 = CARTESIAN_POINT('',(-554.9153030247,0.2193836119,67.461084510194
    ));
#7356 = CARTESIAN_POINT('',(-550.6950514656,-1.803994329742,
    67.429689162975));
#7357 = CARTESIAN_POINT('',(-546.5054520859,-3.978705780988,
    66.67909564143));
#7358 = CARTESIAN_POINT('',(-542.014622175,-4.854301712709,
    66.93390955163));
#7359 = CARTESIAN_POINT('',(-537.9789076762,-7.614982831226,
    66.703607940623));
#7360 = CARTESIAN_POINT('',(-533.6216797195,-9.228040639204,
    66.703382475821));
#7361 = CARTESIAN_POINT('',(-529.3043766466,-9.80336058073,
    66.14038374911));
#7362 = CARTESIAN_POINT('',(-525.0222934397,-10.45307965766,
    65.885738161901));
#7363 = CARTESIAN_POINT('',(-520.7416746921,-10.86994210929,
    65.653469026941));
#7364 = CARTESIAN_POINT('',(-516.4671704399,-11.33715152953,
    65.459885260816));
#7365 = CARTESIAN_POINT('',(-512.204407681,-11.65420234693,
    65.444158355137));
#7366 = CARTESIAN_POINT('',(-507.9265429784,-12.03084872362,
    65.442098945121));
#7367 = CARTESIAN_POINT('',(-503.6502824349,-12.4218650616,
    65.704440262524));
#7368 = CARTESIAN_POINT('',(-499.3719688989,-12.5519558675,
    65.111109015677));
#7369 = CARTESIAN_POINT('',(-495.0930022696,-12.84312118532,
    65.288130272846));
#7370 = CARTESIAN_POINT('',(-490.8081538754,-13.08175192314,
    65.29101337902));
#7371 = CARTESIAN_POINT('',(-486.5308534552,-13.18168577154,
    65.398567837516));
#7372 = CARTESIAN_POINT('',(-482.2516859036,-13.23995847715,
    65.519371249014));
#7373 = CARTESIAN_POINT('',(-477.9730655022,-13.24933745557,
    65.644514052042));
#7374 = CARTESIAN_POINT('',(-473.6960456193,-13.054681791,
    65.782559906024));
#7375 = CARTESIAN_POINT('',(-469.4152062773,-12.99631632782,
    65.886763933394));
#7376 = CARTESIAN_POINT('',(-465.1421872703,-12.5452716381,66.0528756961
    ));
#7377 = CARTESIAN_POINT('',(-460.8166932288,-12.62841207667,
    66.155596813962));
#7378 = CARTESIAN_POINT('',(-456.4952571487,-10.90022126094,
    66.598185828442));
#7379 = CARTESIAN_POINT('',(-452.4504000069,-7.336276041664,
    67.307912779201));
#7380 = CARTESIAN_POINT('',(-447.9424683801,-7.908813093058,
    67.431039247816));
#7381 = CARTESIAN_POINT('',(-443.7524033406,-4.883919547673,
    68.017962641017));
#7382 = CARTESIAN_POINT('',(-439.4974420849,-4.169728564751,
    68.351048840781));
#7383 = CARTESIAN_POINT('',(-435.1419433011,-4.462848022305,
    68.46880408496));
#7384 = CARTESIAN_POINT('',(-430.9728274171,-5.324738306849,
    68.501563101738));
#7385 = CARTESIAN_POINT('',(-426.6766705817,-4.283429418636,
    68.777845833735));
#7386 = CARTESIAN_POINT('',(-423.4568555526,-2.212619451386,
    69.060691304523));
#7387 = CARTESIAN_POINT('',(-422.3597,-4.775231318916,68.820180315976));
#7388 = CARTESIAN_POINT('',(-679.0382,0.840390723852,68.60767558721));
#7389 = CARTESIAN_POINT('',(-677.9018430398,-0.98084964683,
    68.79270433971));
#7390 = CARTESIAN_POINT('',(-674.6570379481,1.091766643956,
    68.500962135545));
#7391 = CARTESIAN_POINT('',(-670.4801286148,0.241650314168,
    68.560900661586));
#7392 = CARTESIAN_POINT('',(-666.2529876958,-0.751629116176,
    68.575023546201));
#7393 = CARTESIAN_POINT('',(-661.8309289879,-0.786530771236,
    68.451647594008));
#7394 = CARTESIAN_POINT('',(-657.7320144142,-1.939293399152,
    68.512131893252));
#7395 = CARTESIAN_POINT('',(-653.3812140229,-1.408121138803,
    68.362633706672));
#7396 = CARTESIAN_POINT('',(-648.9513854559,-1.807237187486,
    68.357386152517));
#7397 = CARTESIAN_POINT('',(-644.9070855266,-0.219907299612,
    68.092629661613));
#7398 = CARTESIAN_POINT('',(-640.582063889,-0.280860919484,
    68.101403476481));
#7399 = CARTESIAN_POINT('',(-636.2554682792,-0.208056490477,
    68.114198973435));
#7400 = CARTESIAN_POINT('',(-631.9824711096,-0.267629139322,
    68.172994319035));
#7401 = CARTESIAN_POINT('',(-627.7019615338,-0.202011357034,
    68.205015771934));
#7402 = CARTESIAN_POINT('',(-623.4245711463,-0.23011509443,
    68.271426529549));
#7403 = CARTESIAN_POINT('',(-619.1463832312,-0.266808778586,
    68.349167953818));
#7404 = CARTESIAN_POINT('',(-614.8669156658,-0.225260063665,
    68.429648394929));
#7405 = CARTESIAN_POINT('',(-610.5898165078,-0.103040068474,
    68.504262746519));
#7406 = CARTESIAN_POINT('',(-606.3045105877,-4.208575531191E-02,
    68.629992934503));
#7407 = CARTESIAN_POINT('',(-602.0277566031,0.247657384432,
    68.735823351718));
#7408 = CARTESIAN_POINT('',(-597.7466019923,0.664006283163,
    68.800020529833));
#7409 = CARTESIAN_POINT('',(-593.4714143357,0.995822008411,
    68.681520491468));
#7410 = CARTESIAN_POINT('',(-589.1936176105,1.402953713815,
    68.591789914038));
#7411 = CARTESIAN_POINT('',(-584.9304153006,1.910973178454,
    68.499040654019));
#7412 = CARTESIAN_POINT('',(-580.6563793824,2.358223385436,
    68.47808940546));
#7413 = CARTESIAN_POINT('',(-576.3740763318,2.712612947464,
    68.51826489558));
#7414 = CARTESIAN_POINT('',(-572.0987272234,2.880873813246,
    68.431157907647));
#7415 = CARTESIAN_POINT('',(-567.7524952784,3.157504557707,
    68.806140876991));
#7416 = CARTESIAN_POINT('',(-563.5775738445,1.415673296466,
    67.973527954382));
#7417 = CARTESIAN_POINT('',(-559.225311783,1.671528361984,
    67.689124005435));
#7418 = CARTESIAN_POINT('',(-554.9153030247,0.400600440017,
    66.870766399495));
#7419 = CARTESIAN_POINT('',(-550.6950514656,-1.567615290254,
    66.963906029362));
#7420 = CARTESIAN_POINT('',(-546.5054520859,-3.770521240435,
    66.189075827551));
#7421 = CARTESIAN_POINT('',(-542.014622175,-4.486299000763,
    66.573726817348));
#7422 = CARTESIAN_POINT('',(-537.9789076762,-7.281314851428,
    66.283098463315));
#7423 = CARTESIAN_POINT('',(-533.6216797195,-8.737173405289,
    66.392788755636));
#7424 = CARTESIAN_POINT('',(-529.3043766466,-9.290249169079,
    65.737850717719));
#7425 = CARTESIAN_POINT('',(-525.0222934397,-9.857605725797,
    65.507725232778));
#7426 = CARTESIAN_POINT('',(-520.7416746921,-10.16814182731,
    65.364703808714));
#7427 = CARTESIAN_POINT('',(-516.4671704399,-10.40079689117,
    65.32621989092));
#7428 = CARTESIAN_POINT('',(-512.204407681,-10.58604555297,
    65.454116625862));
#7429 = CARTESIAN_POINT('',(-507.9265429784,-10.87356966427,
    65.511402531222));
#7430 = CARTESIAN_POINT('',(-503.6502824349,-11.22748487471,
    65.827350625309));
#7431 = CARTESIAN_POINT('',(-499.3719688989,-11.28163098774,
    65.195176108456));
#7432 = CARTESIAN_POINT('',(-495.0930022696,-11.52559306617,
    65.366736142541));
#7433 = CARTESIAN_POINT('',(-490.8081538754,-11.739042929,65.34972834814
    ));
#7434 = CARTESIAN_POINT('',(-486.5308534552,-11.82012262244,
    65.441215048606));
#7435 = CARTESIAN_POINT('',(-482.2516859036,-11.87358767332,
    65.542673637273));
#7436 = CARTESIAN_POINT('',(-477.9730655022,-11.88625337003,
    65.64945541232));
#7437 = CARTESIAN_POINT('',(-473.6960456193,-11.71212904692,
    65.769042398982));
#7438 = CARTESIAN_POINT('',(-469.4152062773,-11.65946719406,
    65.859804371045));
#7439 = CARTESIAN_POINT('',(-465.1421872703,-11.24456599071,
    66.007676563055));
#7440 = CARTESIAN_POINT('',(-460.8166932288,-11.34664416086,
    66.093781265113));
#7441 = CARTESIAN_POINT('',(-456.4952571487,-9.723122135678,
    66.506716884487));
#7442 = CARTESIAN_POINT('',(-452.4504000069,-6.365962858109,
    67.173559512174));
#7443 = CARTESIAN_POINT('',(-447.9424683801,-6.948302700342,
    67.283410622666));
#7444 = CARTESIAN_POINT('',(-443.7524033406,-4.08589177156,
    67.839218963642));
#7445 = CARTESIAN_POINT('',(-439.4974420849,-3.572857470793,
    68.141260675236));
#7446 = CARTESIAN_POINT('',(-435.1419433011,-3.909974328962,
    68.249376974067));
#7447 = CARTESIAN_POINT('',(-430.9728274171,-4.834098347447,
    68.276325540169));
#7448 = CARTESIAN_POINT('',(-426.6766705817,-3.980628630559,
    68.532448687858));
#7449 = CARTESIAN_POINT('',(-423.4568555526,-1.938631128028,
    68.80894145799));
#7450 = CARTESIAN_POINT('',(-422.3597,-4.504992711385,68.576039500561));
#7451 = DEFINITIONAL_REPRESENTATION('',(#7452),#7456);
#7452 = LINE('',#7453,#7454);
#7453 = CARTESIAN_POINT('',(28.,0.));
#7454 = VECTOR('',#7455,1.);
#7455 = DIRECTION('',(0.,1.));
#7456 = ( GEOMETRIC_REPRESENTATION_CONTEXT(2) 
PARAMETRIC_REPRESENTATION_CONTEXT() REPRESENTATION_CONTEXT('2D SPACE',''
  ) );
#7457 = ORIENTED_EDGE('',*,*,#7458,.F.);
#7458 = EDGE_CURVE('',#6995,#7249,#7459,.T.);
#7459 = SURFACE_CURVE('',#7460,(#7463,#7470),.PCURVE_S1.);
#7460 = B_SPLINE_CURVE_WITH_KNOTS('',1,(#7461,#7462),.UNSPECIFIED.,.F.,
  .F.,(2,2),(27.,28.),.PIECEWISE_BEZIER_KNOTS.);
#7461 = CARTESIAN_POINT('',(-422.3597,-4.532268626518,69.105208515256));
#7462 = CARTESIAN_POINT('',(-422.3597,-4.775231318916,68.820180315976));
#7463 = PCURVE('',#7070,#7464);
#7464 = DEFINITIONAL_REPRESENTATION('',(#7465),#7469);
#7465 = LINE('',#7466,#7467);
#7466 = CARTESIAN_POINT('',(0.,1.));
#7467 = VECTOR('',#7468,1.);
#7468 = DIRECTION('',(1.,0.));
#7469 = ( GEOMETRIC_REPRESENTATION_CONTEXT(2) 
PARAMETRIC_REPRESENTATION_CONTEXT() REPRESENTATION_CONTEXT('2D SPACE',''
  ) );
#7470 = PCURVE('',#401,#7471);
#7471 = DEFINITIONAL_REPRESENTATION('',(#7472),#7475);
#7472 = B_SPLINE_CURVE_WITH_KNOTS('',1,(#7473,#7474),.UNSPECIFIED.,.F.,
  .F.,(2,2),(27.,28.),.PIECEWISE_BEZIER_KNOTS.);
#7473 = CARTESIAN_POINT('',(4.2725221698,0.293026510886));
#7474 = CARTESIAN_POINT('',(4.505776126252,-1.42108547152E-14));
#7475 = ( GEOMETRIC_REPRESENTATION_CONTEXT(2) 
PARAMETRIC_REPRESENTATION_CONTEXT() REPRESENTATION_CONTEXT('2D SPACE',''
  ) );
#7476 = ORIENTED_EDGE('',*,*,#6994,.F.);
#7477 = ADVANCED_FACE('',(#7478),#7324,.T.);
#7478 = FACE_BOUND('',#7479,.T.);
#7479 = EDGE_LOOP('',(#7480,#7501,#7711,#7730));
#7480 = ORIENTED_EDGE('',*,*,#7481,.T.);
#7481 = EDGE_CURVE('',#7228,#7482,#7484,.T.);
#7482 = VERTEX_POINT('',#7483);
#7483 = CARTESIAN_POINT('',(-679.0382,0.840390723852,68.60767558721));
#7484 = SURFACE_CURVE('',#7485,(#7488,#7495),.PCURVE_S1.);
#7485 = B_SPLINE_CURVE_WITH_KNOTS('',1,(#7486,#7487),.UNSPECIFIED.,.F.,
  .F.,(2,2),(28.,29.),.PIECEWISE_BEZIER_KNOTS.);
#7486 = CARTESIAN_POINT('',(-679.0382,0.441169125272,68.663809068106));
#7487 = CARTESIAN_POINT('',(-679.0382,0.840390723852,68.60767558721));
#7488 = PCURVE('',#7324,#7489);
#7489 = DEFINITIONAL_REPRESENTATION('',(#7490),#7494);
#7490 = LINE('',#7491,#7492);
#7491 = CARTESIAN_POINT('',(0.,0.));
#7492 = VECTOR('',#7493,1.);
#7493 = DIRECTION('',(1.,0.));
#7494 = ( GEOMETRIC_REPRESENTATION_CONTEXT(2) 
PARAMETRIC_REPRESENTATION_CONTEXT() REPRESENTATION_CONTEXT('2D SPACE',''
  ) );
#7495 = PCURVE('',#165,#7496);
#7496 = DEFINITIONAL_REPRESENTATION('',(#7497),#7500);
#7497 = B_SPLINE_CURVE_WITH_KNOTS('',1,(#7498,#7499),.UNSPECIFIED.,.F.,
  .F.,(2,2),(28.,29.),.PIECEWISE_BEZIER_KNOTS.);
#7498 = CARTESIAN_POINT('',(3.978217058323,0.829543347923));
#7499 = CARTESIAN_POINT('',(3.575548960729,0.849222159638));
#7500 = ( GEOMETRIC_REPRESENTATION_CONTEXT(2) 
PARAMETRIC_REPRESENTATION_CONTEXT() REPRESENTATION_CONTEXT('2D SPACE',''
  ) );
#7501 = ORIENTED_EDGE('',*,*,#7502,.T.);
#7502 = EDGE_CURVE('',#7482,#7503,#7505,.T.);
#7503 = VERTEX_POINT('',#7504);
#7504 = CARTESIAN_POINT('',(-422.3597,-4.504992711385,68.576039500561));
#7505 = SURFACE_CURVE('',#7506,(#7570,#7577),.PCURVE_S1.);
#7506 = ( BOUNDED_CURVE() B_SPLINE_CURVE(3,(#7507,#7508,#7509,#7510,
    #7511,#7512,#7513,#7514,#7515,#7516,#7517,#7518,#7519,#7520,#7521,
    #7522,#7523,#7524,#7525,#7526,#7527,#7528,#7529,#7530,#7531,#7532,
    #7533,#7534,#7535,#7536,#7537,#7538,#7539,#7540,#7541,#7542,#7543,
    #7544,#7545,#7546,#7547,#7548,#7549,#7550,#7551,#7552,#7553,#7554,
    #7555,#7556,#7557,#7558,#7559,#7560,#7561,#7562,#7563,#7564,#7565,
    #7566,#7567,#7568,#7569),.UNSPECIFIED.,.F.,.F.) 
B_SPLINE_CURVE_WITH_KNOTS((4,1,1,1,1,1,1,1,1,1,1,1,1,1,1,1,1,1,1,1,1,1,1
    ,1,1,1,1,1,1,1,1,1,1,1,1,1,1,1,1,1,1,1,1,1,1,1,1,1,1,1,1,1,1,1,1,1,1
    ,1,1,1,4),(0.,1.671164831231E-02,3.327803306227E-02,
    5.000925566809E-02,6.648034363626E-02,8.347574416348E-02,
    9.998031801332E-02,0.116453562429,0.133787455732,0.150582398826,
    0.167003889564,0.183421183117,0.199831572897,0.216243077967,
    0.232654966281,0.249069049,0.265493630469,0.281929899437,
    0.298422530809,0.314972313288,0.331595845732,0.348279560524,
    0.365009232075,0.38168560036,0.398277240471,0.414799735375,
    0.431302994143,0.448140075223,0.464749604184,0.481553115126,
    0.498808354232,0.516050152658,0.532842545742,0.550335828942,
    0.567153130692,0.583652514422,0.600175882991,0.616768685323,
    0.633448038712,0.650182180915,0.666869665762,0.683497438564,
    0.700056495454,0.716547762365,0.732983596882,0.749407921308,
    0.765822295641,0.782233728406,0.798646209918,0.81505724388,
    0.831476734885,0.847901722287,0.864693603231,0.881980563987,
    0.898448960139,0.915352013848,0.932295303855,0.949097785181,
0.966200565614,0.982806308198,1.),.UNSPECIFIED.) CURVE() 
GEOMETRIC_REPRESENTATION_ITEM() RATIONAL_B_SPLINE_CURVE((1.,
    0.999999999979,1.00000000001,0.999999999997,1.000000000001,1.,1.,1.,
    1.,1.,1.,1.,1.,1.,1.,1.,1.,1.,1.,1.,1.,1.,1.,1.,1.,1.,1.,1.,1.,1.,1.
    ,1.,1.,1.,1.,1.,1.,1.,1.,1.,1.,1.,1.,1.,1.,1.,1.,1.,1.,1.,1.,1.,1.,
    1.,1.,1.,1.,1.,0.999999999998,1.000000000007,0.999999999976,
1.000000000054,1.)) REPRESENTATION_ITEM('') );
#7507 = CARTESIAN_POINT('',(-679.0382,0.840390723852,68.60767558721));
#7508 = CARTESIAN_POINT('',(-677.9018430398,-0.98084964683,
    68.79270433971));
#7509 = CARTESIAN_POINT('',(-674.6570379481,1.091766643956,
    68.500962135545));
#7510 = CARTESIAN_POINT('',(-670.4801286148,0.241650314168,
    68.560900661586));
#7511 = CARTESIAN_POINT('',(-666.2529876958,-0.751629116176,
    68.575023546201));
#7512 = CARTESIAN_POINT('',(-661.8309289879,-0.786530771236,
    68.451647594008));
#7513 = CARTESIAN_POINT('',(-657.7320144142,-1.939293399152,
    68.512131893252));
#7514 = CARTESIAN_POINT('',(-653.3812140229,-1.408121138803,
    68.362633706672));
#7515 = CARTESIAN_POINT('',(-648.9513854559,-1.807237187486,
    68.357386152517));
#7516 = CARTESIAN_POINT('',(-644.9070855266,-0.219907299612,
    68.092629661613));
#7517 = CARTESIAN_POINT('',(-640.582063889,-0.280860919484,
    68.101403476481));
#7518 = CARTESIAN_POINT('',(-636.2554682792,-0.208056490477,
    68.114198973435));
#7519 = CARTESIAN_POINT('',(-631.9824711096,-0.267629139322,
    68.172994319035));
#7520 = CARTESIAN_POINT('',(-627.7019615338,-0.202011357034,
    68.205015771934));
#7521 = CARTESIAN_POINT('',(-623.4245711463,-0.23011509443,
    68.271426529549));
#7522 = CARTESIAN_POINT('',(-619.1463832312,-0.266808778586,
    68.349167953818));
#7523 = CARTESIAN_POINT('',(-614.8669156658,-0.225260063665,
    68.429648394929));
#7524 = CARTESIAN_POINT('',(-610.5898165078,-0.103040068474,
    68.504262746519));
#7525 = CARTESIAN_POINT('',(-606.3045105877,-4.208575531191E-02,
    68.629992934503));
#7526 = CARTESIAN_POINT('',(-602.0277566031,0.247657384432,
    68.735823351718));
#7527 = CARTESIAN_POINT('',(-597.7466019923,0.664006283163,
    68.800020529833));
#7528 = CARTESIAN_POINT('',(-593.4714143357,0.995822008411,
    68.681520491468));
#7529 = CARTESIAN_POINT('',(-589.1936176105,1.402953713815,
    68.591789914038));
#7530 = CARTESIAN_POINT('',(-584.9304153006,1.910973178454,
    68.499040654019));
#7531 = CARTESIAN_POINT('',(-580.6563793824,2.358223385436,
    68.47808940546));
#7532 = CARTESIAN_POINT('',(-576.3740763318,2.712612947464,
    68.51826489558));
#7533 = CARTESIAN_POINT('',(-572.0987272234,2.880873813246,
    68.431157907647));
#7534 = CARTESIAN_POINT('',(-567.7524952784,3.157504557707,
    68.806140876991));
#7535 = CARTESIAN_POINT('',(-563.5775738445,1.415673296466,
    67.973527954382));
#7536 = CARTESIAN_POINT('',(-559.225311783,1.671528361984,
    67.689124005435));
#7537 = CARTESIAN_POINT('',(-554.9153030247,0.400600440017,
    66.870766399495));
#7538 = CARTESIAN_POINT('',(-550.6950514656,-1.567615290254,
    66.963906029362));
#7539 = CARTESIAN_POINT('',(-546.5054520859,-3.770521240435,
    66.189075827551));
#7540 = CARTESIAN_POINT('',(-542.014622175,-4.486299000763,
    66.573726817348));
#7541 = CARTESIAN_POINT('',(-537.9789076762,-7.281314851428,
    66.283098463315));
#7542 = CARTESIAN_POINT('',(-533.6216797195,-8.737173405289,
    66.392788755636));
#7543 = CARTESIAN_POINT('',(-529.3043766466,-9.290249169079,
    65.737850717719));
#7544 = CARTESIAN_POINT('',(-525.0222934397,-9.857605725797,
    65.507725232778));
#7545 = CARTESIAN_POINT('',(-520.7416746921,-10.16814182731,
    65.364703808714));
#7546 = CARTESIAN_POINT('',(-516.4671704399,-10.40079689117,
    65.32621989092));
#7547 = CARTESIAN_POINT('',(-512.204407681,-10.58604555297,
    65.454116625862));
#7548 = CARTESIAN_POINT('',(-507.9265429784,-10.87356966427,
    65.511402531222));
#7549 = CARTESIAN_POINT('',(-503.6502824349,-11.22748487471,
    65.827350625309));
#7550 = CARTESIAN_POINT('',(-499.3719688989,-11.28163098774,
    65.195176108456));
#7551 = CARTESIAN_POINT('',(-495.0930022696,-11.52559306617,
    65.366736142541));
#7552 = CARTESIAN_POINT('',(-490.8081538754,-11.739042929,65.34972834814
    ));
#7553 = CARTESIAN_POINT('',(-486.5308534552,-11.82012262244,
    65.441215048606));
#7554 = CARTESIAN_POINT('',(-482.2516859036,-11.87358767332,
    65.542673637273));
#7555 = CARTESIAN_POINT('',(-477.9730655022,-11.88625337003,
    65.64945541232));
#7556 = CARTESIAN_POINT('',(-473.6960456193,-11.71212904692,
    65.769042398982));
#7557 = CARTESIAN_POINT('',(-469.4152062773,-11.65946719406,
    65.859804371045));
#7558 = CARTESIAN_POINT('',(-465.1421872703,-11.24456599071,
    66.007676563055));
#7559 = CARTESIAN_POINT('',(-460.8166932288,-11.34664416086,
    66.093781265113));
#7560 = CARTESIAN_POINT('',(-456.4952571487,-9.723122135678,
    66.506716884487));
#7561 = CARTESIAN_POINT('',(-452.4504000069,-6.365962858109,
    67.173559512174));
#7562 = CARTESIAN_POINT('',(-447.9424683801,-6.948302700342,
    67.283410622666));
#7563 = CARTESIAN_POINT('',(-443.7524033406,-4.08589177156,
    67.839218963642));
#7564 = CARTESIAN_POINT('',(-439.4974420849,-3.572857470793,
    68.141260675236));
#7565 = CARTESIAN_POINT('',(-435.1419433011,-3.909974328962,
    68.249376974067));
#7566 = CARTESIAN_POINT('',(-430.9728274171,-4.834098347447,
    68.276325540169));
#7567 = CARTESIAN_POINT('',(-426.6766705817,-3.980628630559,
    68.532448687858));
#7568 = CARTESIAN_POINT('',(-423.4568555526,-1.938631128028,
    68.80894145799));
#7569 = CARTESIAN_POINT('',(-422.3597,-4.504992711385,68.576039500561));
#7570 = PCURVE('',#7324,#7571);
#7571 = DEFINITIONAL_REPRESENTATION('',(#7572),#7576);
#7572 = LINE('',#7573,#7574);
#7573 = CARTESIAN_POINT('',(29.,0.));
#7574 = VECTOR('',#7575,1.);
#7575 = DIRECTION('',(0.,1.));
#7576 = ( GEOMETRIC_REPRESENTATION_CONTEXT(2) 
PARAMETRIC_REPRESENTATION_CONTEXT() REPRESENTATION_CONTEXT('2D SPACE',''
  ) );
#7577 = PCURVE('',#7578,#7705);
#7578 = ( BOUNDED_SURFACE() B_SPLINE_SURFACE(1,3,(
    (#7579,#7580,#7581,#7582,#7583,#7584,#7585,#7586,#7587,#7588,#7589
      ,#7590,#7591,#7592,#7593,#7594,#7595,#7596,#7597,#7598,#7599,#7600
      ,#7601,#7602,#7603,#7604,#7605,#7606,#7607,#7608,#7609,#7610,#7611
      ,#7612,#7613,#7614,#7615,#7616,#7617,#7618,#7619,#7620,#7621,#7622
      ,#7623,#7624,#7625,#7626,#7627,#7628,#7629,#7630,#7631,#7632,#7633
      ,#7634,#7635,#7636,#7637,#7638,#7639,#7640,#7641)
    ,(#7642,#7643,#7644,#7645,#7646,#7647,#7648,#7649,#7650,#7651,#7652
      ,#7653,#7654,#7655,#7656,#7657,#7658,#7659,#7660,#7661,#7662,#7663
      ,#7664,#7665,#7666,#7667,#7668,#7669,#7670,#7671,#7672,#7673,#7674
      ,#7675,#7676,#7677,#7678,#7679,#7680,#7681,#7682,#7683,#7684,#7685
      ,#7686,#7687,#7688,#7689,#7690,#7691,#7692,#7693,#7694,#7695,#7696
      ,#7697,#7698,#7699,#7700,#7701,#7702,#7703,#7704
)),.UNSPECIFIED.,.F.,.F.,.F.) B_SPLINE_SURFACE_WITH_KNOTS((2,2),(4,1,1,1
    ,1,1,1,1,1,1,1,1,1,1,1,1,1,1,1,1,1,1,1,1,1,1,1,1,1,1,1,1,1,1,1,1,1,1
    ,1,1,1,1,1,1,1,1,1,1,1,1,1,1,1,1,1,1,1,1,1,1,4),(29.,30.),(0.,
    1.671164831231E-02,3.327803306227E-02,5.000925566809E-02,
    6.648034363626E-02,8.347574416348E-02,9.998031801332E-02,
    0.116453562429,0.133787455732,0.150582398826,0.167003889564,
    0.183421183117,0.199831572897,0.216243077967,0.232654966281,
    0.249069049,0.265493630469,0.281929899437,0.298422530809,
    0.314972313288,0.331595845732,0.348279560524,0.365009232075,
    0.38168560036,0.398277240471,0.414799735375,0.431302994143,
    0.448140075223,0.464749604184,0.481553115126,0.498808354232,
    0.516050152658,0.532842545742,0.550335828942,0.567153130692,
    0.583652514422,0.600175882991,0.616768685323,0.633448038712,
    0.650182180915,0.666869665762,0.683497438564,0.700056495454,
    0.716547762365,0.732983596882,0.749407921308,0.765822295641,
    0.782233728406,0.798646209918,0.81505724388,0.831476734885,
    0.847901722287,0.864693603231,0.881980563987,0.898448960139,
    0.915352013848,0.932295303855,0.949097785181,0.966200565614,
0.982806308198,1.),.UNSPECIFIED.) GEOMETRIC_REPRESENTATION_ITEM() 
RATIONAL_B_SPLINE_SURFACE((
    (1.,0.999999999979,1.00000000001,0.999999999997,1.000000000001,1.,1.
      ,1.,1.,1.,1.,1.,1.,1.,1.,1.,1.,1.,1.,1.,1.,1.,1.,1.,1.,1.,1.,1.,1.
      ,1.,1.,1.,1.,1.,1.,1.,1.,1.,1.,1.,1.,1.,1.,1.,1.,1.,1.,1.,1.,1.,1.
      ,1.,1.,1.,1.,1.,1.,1.,0.999999999998,1.000000000007,0.999999999976
      ,1.000000000054,1.)
    ,(1.,0.999999999979,1.00000000001,0.999999999997,1.000000000001,1.
      ,1.,1.,1.,1.,1.,1.,1.,1.,1.,1.,1.,1.,1.,1.,1.,1.,1.,1.,1.,1.,1.,1.
      ,1.,1.,1.,1.,1.,1.,1.,1.,1.,1.,1.,1.,1.,1.,1.,1.,1.,1.,1.,1.,1.,1.
      ,1.,1.,1.,1.,1.,1.,1.,1.,0.999999999998,1.000000000007
,0.999999999976,1.000000000054,1.
  ))) REPRESENTATION_ITEM('') SURFACE() );
#7579 = CARTESIAN_POINT('',(-679.0382,0.840390723852,68.60767558721));
#7580 = CARTESIAN_POINT('',(-677.9018430398,-0.98084964683,
    68.79270433971));
#7581 = CARTESIAN_POINT('',(-674.6570379481,1.091766643956,
    68.500962135545));
#7582 = CARTESIAN_POINT('',(-670.4801286148,0.241650314168,
    68.560900661586));
#7583 = CARTESIAN_POINT('',(-666.2529876958,-0.751629116176,
    68.575023546201));
#7584 = CARTESIAN_POINT('',(-661.8309289879,-0.786530771236,
    68.451647594008));
#7585 = CARTESIAN_POINT('',(-657.7320144142,-1.939293399152,
    68.512131893252));
#7586 = CARTESIAN_POINT('',(-653.3812140229,-1.408121138803,
    68.362633706672));
#7587 = CARTESIAN_POINT('',(-648.9513854559,-1.807237187486,
    68.357386152517));
#7588 = CARTESIAN_POINT('',(-644.9070855266,-0.219907299612,
    68.092629661613));
#7589 = CARTESIAN_POINT('',(-640.582063889,-0.280860919484,
    68.101403476481));
#7590 = CARTESIAN_POINT('',(-636.2554682792,-0.208056490477,
    68.114198973435));
#7591 = CARTESIAN_POINT('',(-631.9824711096,-0.267629139322,
    68.172994319035));
#7592 = CARTESIAN_POINT('',(-627.7019615338,-0.202011357034,
    68.205015771934));
#7593 = CARTESIAN_POINT('',(-623.4245711463,-0.23011509443,
    68.271426529549));
#7594 = CARTESIAN_POINT('',(-619.1463832312,-0.266808778586,
    68.349167953818));
#7595 = CARTESIAN_POINT('',(-614.8669156658,-0.225260063665,
    68.429648394929));
#7596 = CARTESIAN_POINT('',(-610.5898165078,-0.103040068474,
    68.504262746519));
#7597 = CARTESIAN_POINT('',(-606.3045105877,-4.208575531191E-02,
    68.629992934503));
#7598 = CARTESIAN_POINT('',(-602.0277566031,0.247657384432,
    68.735823351718));
#7599 = CARTESIAN_POINT('',(-597.7466019923,0.664006283163,
    68.800020529833));
#7600 = CARTESIAN_POINT('',(-593.4714143357,0.995822008411,
    68.681520491468));
#7601 = CARTESIAN_POINT('',(-589.1936176105,1.402953713815,
    68.591789914038));
#7602 = CARTESIAN_POINT('',(-584.9304153006,1.910973178454,
    68.499040654019));
#7603 = CARTESIAN_POINT('',(-580.6563793824,2.358223385436,
    68.47808940546));
#7604 = CARTESIAN_POINT('',(-576.3740763318,2.712612947464,
    68.51826489558));
#7605 = CARTESIAN_POINT('',(-572.0987272234,2.880873813246,
    68.431157907647));
#7606 = CARTESIAN_POINT('',(-567.7524952784,3.157504557707,
    68.806140876991));
#7607 = CARTESIAN_POINT('',(-563.5775738445,1.415673296466,
    67.973527954382));
#7608 = CARTESIAN_POINT('',(-559.225311783,1.671528361984,
    67.689124005435));
#7609 = CARTESIAN_POINT('',(-554.9153030247,0.400600440017,
    66.870766399495));
#7610 = CARTESIAN_POINT('',(-550.6950514656,-1.567615290254,
    66.963906029362));
#7611 = CARTESIAN_POINT('',(-546.5054520859,-3.770521240435,
    66.189075827551));
#7612 = CARTESIAN_POINT('',(-542.014622175,-4.486299000763,
    66.573726817348));
#7613 = CARTESIAN_POINT('',(-537.9789076762,-7.281314851428,
    66.283098463315));
#7614 = CARTESIAN_POINT('',(-533.6216797195,-8.737173405289,
    66.392788755636));
#7615 = CARTESIAN_POINT('',(-529.3043766466,-9.290249169079,
    65.737850717719));
#7616 = CARTESIAN_POINT('',(-525.0222934397,-9.857605725797,
    65.507725232778));
#7617 = CARTESIAN_POINT('',(-520.7416746921,-10.16814182731,
    65.364703808714));
#7618 = CARTESIAN_POINT('',(-516.4671704399,-10.40079689117,
    65.32621989092));
#7619 = CARTESIAN_POINT('',(-512.204407681,-10.58604555297,
    65.454116625862));
#7620 = CARTESIAN_POINT('',(-507.9265429784,-10.87356966427,
    65.511402531222));
#7621 = CARTESIAN_POINT('',(-503.6502824349,-11.22748487471,
    65.827350625309));
#7622 = CARTESIAN_POINT('',(-499.3719688989,-11.28163098774,
    65.195176108456));
#7623 = CARTESIAN_POINT('',(-495.0930022696,-11.52559306617,
    65.366736142541));
#7624 = CARTESIAN_POINT('',(-490.8081538754,-11.739042929,65.34972834814
    ));
#7625 = CARTESIAN_POINT('',(-486.5308534552,-11.82012262244,
    65.441215048606));
#7626 = CARTESIAN_POINT('',(-482.2516859036,-11.87358767332,
    65.542673637273));
#7627 = CARTESIAN_POINT('',(-477.9730655022,-11.88625337003,
    65.64945541232));
#7628 = CARTESIAN_POINT('',(-473.6960456193,-11.71212904692,
    65.769042398982));
#7629 = CARTESIAN_POINT('',(-469.4152062773,-11.65946719406,
    65.859804371045));
#7630 = CARTESIAN_POINT('',(-465.1421872703,-11.24456599071,
    66.007676563055));
#7631 = CARTESIAN_POINT('',(-460.8166932288,-11.34664416086,
    66.093781265113));
#7632 = CARTESIAN_POINT('',(-456.4952571487,-9.723122135678,
    66.506716884487));
#7633 = CARTESIAN_POINT('',(-452.4504000069,-6.365962858109,
    67.173559512174));
#7634 = CARTESIAN_POINT('',(-447.9424683801,-6.948302700342,
    67.283410622666));
#7635 = CARTESIAN_POINT('',(-443.7524033406,-4.08589177156,
    67.839218963642));
#7636 = CARTESIAN_POINT('',(-439.4974420849,-3.572857470793,
    68.141260675236));
#7637 = CARTESIAN_POINT('',(-435.1419433011,-3.909974328962,
    68.249376974067));
#7638 = CARTESIAN_POINT('',(-430.9728274171,-4.834098347447,
    68.276325540169));
#7639 = CARTESIAN_POINT('',(-426.6766705817,-3.980628630559,
    68.532448687858));
#7640 = CARTESIAN_POINT('',(-423.4568555526,-1.938631128028,
    68.80894145799));
#7641 = CARTESIAN_POINT('',(-422.3597,-4.504992711385,68.576039500561));
#7642 = CARTESIAN_POINT('',(-679.0382,1.240626116643,68.55929589368));
#7643 = CARTESIAN_POINT('',(-677.9018430398,-0.384031414251,
    68.71604004582));
#7644 = CARTESIAN_POINT('',(-674.6570379481,1.551488916588,
    68.441490190115));
#7645 = CARTESIAN_POINT('',(-670.4801286148,0.884931057346,
    68.470682642029));
#7646 = CARTESIAN_POINT('',(-666.2529876958,-6.682502237218E-02,
    68.476976481651));
#7647 = CARTESIAN_POINT('',(-661.8309289879,-0.146979028567,
    68.356056701504));
#7648 = CARTESIAN_POINT('',(-657.7320144142,-1.06364732357,
    68.372127034906));
#7649 = CARTESIAN_POINT('',(-653.3812140229,-0.489646168109,
    68.203946166121));
#7650 = CARTESIAN_POINT('',(-648.9513854559,-0.855440539612,
    68.181932412581));
#7651 = CARTESIAN_POINT('',(-644.9070855266,0.923505406575,
    67.874016261986));
#7652 = CARTESIAN_POINT('',(-640.582063889,1.040584180031,
    67.839488150837));
#7653 = CARTESIAN_POINT('',(-636.2554682792,1.101974969433,
    67.841610558395));
#7654 = CARTESIAN_POINT('',(-631.9824711096,1.078096280912,
    67.882135056497));
#7655 = CARTESIAN_POINT('',(-627.7019615338,1.145980278924,
    67.902250487431));
#7656 = CARTESIAN_POINT('',(-623.4245711463,1.130046552899,
    67.952553239133));
#7657 = CARTESIAN_POINT('',(-619.1463832312,1.09863028891,
    68.012696539083));
#7658 = CARTESIAN_POINT('',(-614.8669156658,1.129208487318,
    68.077379416203));
#7659 = CARTESIAN_POINT('',(-610.5898165078,1.226131849707,
    68.136386753764));
#7660 = CARTESIAN_POINT('',(-606.3045105877,1.260249018004,
    68.246235305207));
#7661 = CARTESIAN_POINT('',(-602.0277566031,1.487869933188,
    68.333306375102));
#7662 = CARTESIAN_POINT('',(-597.7466019923,1.850551465117,
    68.403131235659));
#7663 = CARTESIAN_POINT('',(-593.4714143357,2.102473479477,
    68.267477324428));
#7664 = CARTESIAN_POINT('',(-589.1936176105,2.434567075904,
    68.180055604471));
#7665 = CARTESIAN_POINT('',(-584.9304153006,2.849969688436,
    68.069151793367));
#7666 = CARTESIAN_POINT('',(-580.6563793824,3.215123744686,
    68.057599266414));
#7667 = CARTESIAN_POINT('',(-576.3740763318,3.484404104482,
    68.102050814205));
#7668 = CARTESIAN_POINT('',(-572.0987272234,3.56934136067,
    68.034544568146));
#7669 = CARTESIAN_POINT('',(-567.7524952784,3.812075329648,
    68.48709545369));
#7670 = CARTESIAN_POINT('',(-563.5775738445,1.893147841141,
    67.548519681296));
#7671 = CARTESIAN_POINT('',(-559.225311783,2.028500428315,
    67.247111871377));
#7672 = CARTESIAN_POINT('',(-554.9153030247,0.591129821658,
    66.287112418401));
#7673 = CARTESIAN_POINT('',(-550.6950514656,-1.322187939449,
    66.513049313665));
#7674 = CARTESIAN_POINT('',(-546.5054520859,-3.557408697292,
    65.729333140051));
#7675 = CARTESIAN_POINT('',(-542.014622175,-4.0911686715,66.355710453459
    ));
#7676 = CARTESIAN_POINT('',(-537.9789076762,-6.763550908102,
    66.117890138381));
#7677 = CARTESIAN_POINT('',(-533.6216797195,-7.997015238698,
    66.485522784268));
#7678 = CARTESIAN_POINT('',(-529.3043766466,-8.520687598609,
    65.812883926533));
#7679 = CARTESIAN_POINT('',(-525.0222934397,-9.001335960712,
    65.628641474733));
#7680 = CARTESIAN_POINT('',(-520.7416746921,-9.237517590087,
    65.501869505996));
#7681 = CARTESIAN_POINT('',(-516.4671704399,-9.389949111775,
    65.548670748271));
#7682 = CARTESIAN_POINT('',(-512.204407681,-9.505438798403,
    65.702537258799));
#7683 = CARTESIAN_POINT('',(-507.9265429784,-9.721697281957,
    65.777954473956));
#7684 = CARTESIAN_POINT('',(-503.6502824349,-10.00309629287,
    66.095484597772));
#7685 = CARTESIAN_POINT('',(-499.3719688989,-10.01403672808,
    65.504298442402));
#7686 = CARTESIAN_POINT('',(-495.0930022696,-10.19811669476,
    65.649244845902));
#7687 = CARTESIAN_POINT('',(-490.8081538754,-10.38575051096,
    65.61791185111));
#7688 = CARTESIAN_POINT('',(-486.5308534552,-10.44446632503,
    65.691683828754));
#7689 = CARTESIAN_POINT('',(-482.2516859036,-10.49033177189,
    65.773990431959));
#7690 = CARTESIAN_POINT('',(-477.9730655022,-10.50348090567,
    65.862053379324));
#7691 = CARTESIAN_POINT('',(-473.6960456193,-10.34724427861,
    65.962895526589));
#7692 = CARTESIAN_POINT('',(-469.4152062773,-10.29824759955,
    66.039972715413));
#7693 = CARTESIAN_POINT('',(-465.1421872703,-9.916835012159,
    66.169177014223));
#7694 = CARTESIAN_POINT('',(-460.8166932288,-10.03523864998,
    66.238230885838));
#7695 = CARTESIAN_POINT('',(-456.4952571487,-8.511910556584,
    66.620561117283));
#7696 = CARTESIAN_POINT('',(-452.4504000069,-5.352731722197,
    67.241585795926));
#7697 = CARTESIAN_POINT('',(-447.9424683801,-5.941839238988,
    67.337240755873));
#7698 = CARTESIAN_POINT('',(-443.7524033406,-3.233653378106,
    67.85881969914));
#7699 = CARTESIAN_POINT('',(-439.4974420849,-2.908245513911,
    68.120559870096));
#7700 = CARTESIAN_POINT('',(-435.1419433011,-3.283766536178,
    68.215406411762));
#7701 = CARTESIAN_POINT('',(-430.9728274171,-4.267304742911,
    68.230144573163));
#7702 = CARTESIAN_POINT('',(-426.6766705817,-3.578748949542,
    68.452909759748));
#7703 = CARTESIAN_POINT('',(-423.4568555526,-1.540769328575,
    68.717229172421));
#7704 = CARTESIAN_POINT('',(-422.3597,-4.128908952529,68.484920891027));
#7705 = DEFINITIONAL_REPRESENTATION('',(#7706),#7710);
#7706 = LINE('',#7707,#7708);
#7707 = CARTESIAN_POINT('',(29.,0.));
#7708 = VECTOR('',#7709,1.);
#7709 = DIRECTION('',(0.,1.));
#7710 = ( GEOMETRIC_REPRESENTATION_CONTEXT(2) 
PARAMETRIC_REPRESENTATION_CONTEXT() REPRESENTATION_CONTEXT('2D SPACE',''
  ) );
#7711 = ORIENTED_EDGE('',*,*,#7712,.F.);
#7712 = EDGE_CURVE('',#7249,#7503,#7713,.T.);
#7713 = SURFACE_CURVE('',#7714,(#7717,#7724),.PCURVE_S1.);
#7714 = B_SPLINE_CURVE_WITH_KNOTS('',1,(#7715,#7716),.UNSPECIFIED.,.F.,
  .F.,(2,2),(28.,29.),.PIECEWISE_BEZIER_KNOTS.);
#7715 = CARTESIAN_POINT('',(-422.3597,-4.775231318916,68.820180315976));
#7716 = CARTESIAN_POINT('',(-422.3597,-4.504992711385,68.576039500561));
#7717 = PCURVE('',#7324,#7718);
#7718 = DEFINITIONAL_REPRESENTATION('',(#7719),#7723);
#7719 = LINE('',#7720,#7721);
#7720 = CARTESIAN_POINT('',(0.,1.));
#7721 = VECTOR('',#7722,1.);
#7722 = DIRECTION('',(1.,0.));
#7723 = ( GEOMETRIC_REPRESENTATION_CONTEXT(2) 
PARAMETRIC_REPRESENTATION_CONTEXT() REPRESENTATION_CONTEXT('2D SPACE',''
  ) );
#7724 = PCURVE('',#401,#7725);
#7725 = DEFINITIONAL_REPRESENTATION('',(#7726),#7729);
#7726 = B_SPLINE_CURVE_WITH_KNOTS('',1,(#7727,#7728),.UNSPECIFIED.,.F.,
  .F.,(2,2),(28.,29.),.PIECEWISE_BEZIER_KNOTS.);
#7727 = CARTESIAN_POINT('',(4.505776126252,-1.42108547152E-14));
#7728 = CARTESIAN_POINT('',(4.227491302237,-0.234928072981));
#7729 = ( GEOMETRIC_REPRESENTATION_CONTEXT(2) 
PARAMETRIC_REPRESENTATION_CONTEXT() REPRESENTATION_CONTEXT('2D SPACE',''
  ) );
#7730 = ORIENTED_EDGE('',*,*,#7248,.F.);
#7731 = ADVANCED_FACE('',(#7732),#7578,.T.);
#7732 = FACE_BOUND('',#7733,.T.);
#7733 = EDGE_LOOP('',(#7734,#7755,#7965,#7984));
#7734 = ORIENTED_EDGE('',*,*,#7735,.T.);
#7735 = EDGE_CURVE('',#7482,#7736,#7738,.T.);
#7736 = VERTEX_POINT('',#7737);
#7737 = CARTESIAN_POINT('',(-679.0382,1.240626116643,68.55929589368));
#7738 = SURFACE_CURVE('',#7739,(#7742,#7749),.PCURVE_S1.);
#7739 = B_SPLINE_CURVE_WITH_KNOTS('',1,(#7740,#7741),.UNSPECIFIED.,.F.,
  .F.,(2,2),(29.,30.),.PIECEWISE_BEZIER_KNOTS.);
#7740 = CARTESIAN_POINT('',(-679.0382,0.840390723852,68.60767558721));
#7741 = CARTESIAN_POINT('',(-679.0382,1.240626116643,68.55929589368));
#7742 = PCURVE('',#7578,#7743);
#7743 = DEFINITIONAL_REPRESENTATION('',(#7744),#7748);
#7744 = LINE('',#7745,#7746);
#7745 = CARTESIAN_POINT('',(0.,0.));
#7746 = VECTOR('',#7747,1.);
#7747 = DIRECTION('',(1.,0.));
#7748 = ( GEOMETRIC_REPRESENTATION_CONTEXT(2) 
PARAMETRIC_REPRESENTATION_CONTEXT() REPRESENTATION_CONTEXT('2D SPACE',''
  ) );
#7749 = PCURVE('',#165,#7750);
#7750 = DEFINITIONAL_REPRESENTATION('',(#7751),#7754);
#7751 = B_SPLINE_CURVE_WITH_KNOTS('',1,(#7752,#7753),.UNSPECIFIED.,.F.,
  .F.,(2,2),(29.,30.),.PIECEWISE_BEZIER_KNOTS.);
#7752 = CARTESIAN_POINT('',(3.575548960729,0.849222159638));
#7753 = CARTESIAN_POINT('',(3.172574785815,0.861087181371));
#7754 = ( GEOMETRIC_REPRESENTATION_CONTEXT(2) 
PARAMETRIC_REPRESENTATION_CONTEXT() REPRESENTATION_CONTEXT('2D SPACE',''
  ) );
#7755 = ORIENTED_EDGE('',*,*,#7756,.T.);
#7756 = EDGE_CURVE('',#7736,#7757,#7759,.T.);
#7757 = VERTEX_POINT('',#7758);
#7758 = CARTESIAN_POINT('',(-422.3597,-4.128908952529,68.484920891027));
#7759 = SURFACE_CURVE('',#7760,(#7824,#7831),.PCURVE_S1.);
#7760 = ( BOUNDED_CURVE() B_SPLINE_CURVE(3,(#7761,#7762,#7763,#7764,
    #7765,#7766,#7767,#7768,#7769,#7770,#7771,#7772,#7773,#7774,#7775,
    #7776,#7777,#7778,#7779,#7780,#7781,#7782,#7783,#7784,#7785,#7786,
    #7787,#7788,#7789,#7790,#7791,#7792,#7793,#7794,#7795,#7796,#7797,
    #7798,#7799,#7800,#7801,#7802,#7803,#7804,#7805,#7806,#7807,#7808,
    #7809,#7810,#7811,#7812,#7813,#7814,#7815,#7816,#7817,#7818,#7819,
    #7820,#7821,#7822,#7823),.UNSPECIFIED.,.F.,.F.) 
B_SPLINE_CURVE_WITH_KNOTS((4,1,1,1,1,1,1,1,1,1,1,1,1,1,1,1,1,1,1,1,1,1,1
    ,1,1,1,1,1,1,1,1,1,1,1,1,1,1,1,1,1,1,1,1,1,1,1,1,1,1,1,1,1,1,1,1,1,1
    ,1,1,1,4),(0.,1.671164831231E-02,3.327803306227E-02,
    5.000925566809E-02,6.648034363626E-02,8.347574416348E-02,
    9.998031801332E-02,0.116453562429,0.133787455732,0.150582398826,
    0.167003889564,0.183421183117,0.199831572897,0.216243077967,
    0.232654966281,0.249069049,0.265493630469,0.281929899437,
    0.298422530809,0.314972313288,0.331595845732,0.348279560524,
    0.365009232075,0.38168560036,0.398277240471,0.414799735375,
    0.431302994143,0.448140075223,0.464749604184,0.481553115126,
    0.498808354232,0.516050152658,0.532842545742,0.550335828942,
    0.567153130692,0.583652514422,0.600175882991,0.616768685323,
    0.633448038712,0.650182180915,0.666869665762,0.683497438564,
    0.700056495454,0.716547762365,0.732983596882,0.749407921308,
    0.765822295641,0.782233728406,0.798646209918,0.81505724388,
    0.831476734885,0.847901722287,0.864693603231,0.881980563987,
    0.898448960139,0.915352013848,0.932295303855,0.949097785181,
0.966200565614,0.982806308198,1.),.UNSPECIFIED.) CURVE() 
GEOMETRIC_REPRESENTATION_ITEM() RATIONAL_B_SPLINE_CURVE((1.,
    0.999999999979,1.00000000001,0.999999999997,1.000000000001,1.,1.,1.,
    1.,1.,1.,1.,1.,1.,1.,1.,1.,1.,1.,1.,1.,1.,1.,1.,1.,1.,1.,1.,1.,1.,1.
    ,1.,1.,1.,1.,1.,1.,1.,1.,1.,1.,1.,1.,1.,1.,1.,1.,1.,1.,1.,1.,1.,1.,
    1.,1.,1.,1.,1.,0.999999999998,1.000000000007,0.999999999976,
1.000000000054,1.)) REPRESENTATION_ITEM('') );
#7761 = CARTESIAN_POINT('',(-679.0382,1.240626116643,68.55929589368));
#7762 = CARTESIAN_POINT('',(-677.9018430398,-0.384031414251,
    68.71604004582));
#7763 = CARTESIAN_POINT('',(-674.6570379481,1.551488916588,
    68.441490190115));
#7764 = CARTESIAN_POINT('',(-670.4801286148,0.884931057346,
    68.470682642029));
#7765 = CARTESIAN_POINT('',(-666.2529876958,-6.682502237218E-02,
    68.476976481651));
#7766 = CARTESIAN_POINT('',(-661.8309289879,-0.146979028567,
    68.356056701504));
#7767 = CARTESIAN_POINT('',(-657.7320144142,-1.06364732357,
    68.372127034906));
#7768 = CARTESIAN_POINT('',(-653.3812140229,-0.489646168109,
    68.203946166121));
#7769 = CARTESIAN_POINT('',(-648.9513854559,-0.855440539612,
    68.181932412581));
#7770 = CARTESIAN_POINT('',(-644.9070855266,0.923505406575,
    67.874016261986));
#7771 = CARTESIAN_POINT('',(-640.582063889,1.040584180031,
    67.839488150837));
#7772 = CARTESIAN_POINT('',(-636.2554682792,1.101974969433,
    67.841610558395));
#7773 = CARTESIAN_POINT('',(-631.9824711096,1.078096280912,
    67.882135056497));
#7774 = CARTESIAN_POINT('',(-627.7019615338,1.145980278924,
    67.902250487431));
#7775 = CARTESIAN_POINT('',(-623.4245711463,1.130046552899,
    67.952553239133));
#7776 = CARTESIAN_POINT('',(-619.1463832312,1.09863028891,
    68.012696539083));
#7777 = CARTESIAN_POINT('',(-614.8669156658,1.129208487318,
    68.077379416203));
#7778 = CARTESIAN_POINT('',(-610.5898165078,1.226131849707,
    68.136386753764));
#7779 = CARTESIAN_POINT('',(-606.3045105877,1.260249018004,
    68.246235305207));
#7780 = CARTESIAN_POINT('',(-602.0277566031,1.487869933188,
    68.333306375102));
#7781 = CARTESIAN_POINT('',(-597.7466019923,1.850551465117,
    68.403131235659));
#7782 = CARTESIAN_POINT('',(-593.4714143357,2.102473479477,
    68.267477324428));
#7783 = CARTESIAN_POINT('',(-589.1936176105,2.434567075904,
    68.180055604471));
#7784 = CARTESIAN_POINT('',(-584.9304153006,2.849969688436,
    68.069151793367));
#7785 = CARTESIAN_POINT('',(-580.6563793824,3.215123744686,
    68.057599266414));
#7786 = CARTESIAN_POINT('',(-576.3740763318,3.484404104482,
    68.102050814205));
#7787 = CARTESIAN_POINT('',(-572.0987272234,3.56934136067,
    68.034544568146));
#7788 = CARTESIAN_POINT('',(-567.7524952784,3.812075329648,
    68.48709545369));
#7789 = CARTESIAN_POINT('',(-563.5775738445,1.893147841141,
    67.548519681296));
#7790 = CARTESIAN_POINT('',(-559.225311783,2.028500428315,
    67.247111871377));
#7791 = CARTESIAN_POINT('',(-554.9153030247,0.591129821658,
    66.287112418401));
#7792 = CARTESIAN_POINT('',(-550.6950514656,-1.322187939449,
    66.513049313665));
#7793 = CARTESIAN_POINT('',(-546.5054520859,-3.557408697292,
    65.729333140051));
#7794 = CARTESIAN_POINT('',(-542.014622175,-4.0911686715,66.355710453459
    ));
#7795 = CARTESIAN_POINT('',(-537.9789076762,-6.763550908102,
    66.117890138381));
#7796 = CARTESIAN_POINT('',(-533.6216797195,-7.997015238698,
    66.485522784268));
#7797 = CARTESIAN_POINT('',(-529.3043766466,-8.520687598609,
    65.812883926533));
#7798 = CARTESIAN_POINT('',(-525.0222934397,-9.001335960712,
    65.628641474733));
#7799 = CARTESIAN_POINT('',(-520.7416746921,-9.237517590087,
    65.501869505996));
#7800 = CARTESIAN_POINT('',(-516.4671704399,-9.389949111775,
    65.548670748271));
#7801 = CARTESIAN_POINT('',(-512.204407681,-9.505438798403,
    65.702537258799));
#7802 = CARTESIAN_POINT('',(-507.9265429784,-9.721697281957,
    65.777954473956));
#7803 = CARTESIAN_POINT('',(-503.6502824349,-10.00309629287,
    66.095484597772));
#7804 = CARTESIAN_POINT('',(-499.3719688989,-10.01403672808,
    65.504298442402));
#7805 = CARTESIAN_POINT('',(-495.0930022696,-10.19811669476,
    65.649244845902));
#7806 = CARTESIAN_POINT('',(-490.8081538754,-10.38575051096,
    65.61791185111));
#7807 = CARTESIAN_POINT('',(-486.5308534552,-10.44446632503,
    65.691683828754));
#7808 = CARTESIAN_POINT('',(-482.2516859036,-10.49033177189,
    65.773990431959));
#7809 = CARTESIAN_POINT('',(-477.9730655022,-10.50348090567,
    65.862053379324));
#7810 = CARTESIAN_POINT('',(-473.6960456193,-10.34724427861,
    65.962895526589));
#7811 = CARTESIAN_POINT('',(-469.4152062773,-10.29824759955,
    66.039972715413));
#7812 = CARTESIAN_POINT('',(-465.1421872703,-9.916835012159,
    66.169177014223));
#7813 = CARTESIAN_POINT('',(-460.8166932288,-10.03523864998,
    66.238230885838));
#7814 = CARTESIAN_POINT('',(-456.4952571487,-8.511910556584,
    66.620561117283));
#7815 = CARTESIAN_POINT('',(-452.4504000069,-5.352731722197,
    67.241585795926));
#7816 = CARTESIAN_POINT('',(-447.9424683801,-5.941839238988,
    67.337240755873));
#7817 = CARTESIAN_POINT('',(-443.7524033406,-3.233653378106,
    67.85881969914));
#7818 = CARTESIAN_POINT('',(-439.4974420849,-2.908245513911,
    68.120559870096));
#7819 = CARTESIAN_POINT('',(-435.1419433011,-3.283766536178,
    68.215406411762));
#7820 = CARTESIAN_POINT('',(-430.9728274171,-4.267304742911,
    68.230144573163));
#7821 = CARTESIAN_POINT('',(-426.6766705817,-3.578748949542,
    68.452909759748));
#7822 = CARTESIAN_POINT('',(-423.4568555526,-1.540769328575,
    68.717229172421));
#7823 = CARTESIAN_POINT('',(-422.3597,-4.128908952529,68.484920891027));
#7824 = PCURVE('',#7578,#7825);
#7825 = DEFINITIONAL_REPRESENTATION('',(#7826),#7830);
#7826 = LINE('',#7827,#7828);
#7827 = CARTESIAN_POINT('',(30.,0.));
#7828 = VECTOR('',#7829,1.);
#7829 = DIRECTION('',(0.,1.));
#7830 = ( GEOMETRIC_REPRESENTATION_CONTEXT(2) 
PARAMETRIC_REPRESENTATION_CONTEXT() REPRESENTATION_CONTEXT('2D SPACE',''
  ) );
#7831 = PCURVE('',#7832,#7959);
#7832 = ( BOUNDED_SURFACE() B_SPLINE_SURFACE(1,3,(
    (#7833,#7834,#7835,#7836,#7837,#7838,#7839,#7840,#7841,#7842,#7843
      ,#7844,#7845,#7846,#7847,#7848,#7849,#7850,#7851,#7852,#7853,#7854
      ,#7855,#7856,#7857,#7858,#7859,#7860,#7861,#7862,#7863,#7864,#7865
      ,#7866,#7867,#7868,#7869,#7870,#7871,#7872,#7873,#7874,#7875,#7876
      ,#7877,#7878,#7879,#7880,#7881,#7882,#7883,#7884,#7885,#7886,#7887
      ,#7888,#7889,#7890,#7891,#7892,#7893,#7894,#7895)
    ,(#7896,#7897,#7898,#7899,#7900,#7901,#7902,#7903,#7904,#7905,#7906
      ,#7907,#7908,#7909,#7910,#7911,#7912,#7913,#7914,#7915,#7916,#7917
      ,#7918,#7919,#7920,#7921,#7922,#7923,#7924,#7925,#7926,#7927,#7928
      ,#7929,#7930,#7931,#7932,#7933,#7934,#7935,#7936,#7937,#7938,#7939
      ,#7940,#7941,#7942,#7943,#7944,#7945,#7946,#7947,#7948,#7949,#7950
      ,#7951,#7952,#7953,#7954,#7955,#7956,#7957,#7958
)),.UNSPECIFIED.,.F.,.F.,.F.) B_SPLINE_SURFACE_WITH_KNOTS((2,2),(4,1,1,1
    ,1,1,1,1,1,1,1,1,1,1,1,1,1,1,1,1,1,1,1,1,1,1,1,1,1,1,1,1,1,1,1,1,1,1
    ,1,1,1,1,1,1,1,1,1,1,1,1,1,1,1,1,1,1,1,1,1,1,4),(30.,31.),(0.,
    1.671164831231E-02,3.327803306227E-02,5.000925566809E-02,
    6.648034363626E-02,8.347574416348E-02,9.998031801332E-02,
    0.116453562429,0.133787455732,0.150582398826,0.167003889564,
    0.183421183117,0.199831572897,0.216243077967,0.232654966281,
    0.249069049,0.265493630469,0.281929899437,0.298422530809,
    0.314972313288,0.331595845732,0.348279560524,0.365009232075,
    0.38168560036,0.398277240471,0.414799735375,0.431302994143,
    0.448140075223,0.464749604184,0.481553115126,0.498808354232,
    0.516050152658,0.532842545742,0.550335828942,0.567153130692,
    0.583652514422,0.600175882991,0.616768685323,0.633448038712,
    0.650182180915,0.666869665762,0.683497438564,0.700056495454,
    0.716547762365,0.732983596882,0.749407921308,0.765822295641,
    0.782233728406,0.798646209918,0.81505724388,0.831476734885,
    0.847901722287,0.864693603231,0.881980563987,0.898448960139,
    0.915352013848,0.932295303855,0.949097785181,0.966200565614,
0.982806308198,1.),.UNSPECIFIED.) GEOMETRIC_REPRESENTATION_ITEM() 
RATIONAL_B_SPLINE_SURFACE((
    (1.,0.999999999979,1.00000000001,0.999999999997,1.000000000001,1.,1.
      ,1.,1.,1.,1.,1.,1.,1.,1.,1.,1.,1.,1.,1.,1.,1.,1.,1.,1.,1.,1.,1.,1.
      ,1.,1.,1.,1.,1.,1.,1.,1.,1.,1.,1.,1.,1.,1.,1.,1.,1.,1.,1.,1.,1.,1.
      ,1.,1.,1.,1.,1.,1.,1.,0.999999999998,1.000000000007,0.999999999976
      ,1.000000000054,1.)
    ,(1.,0.999999999979,1.00000000001,0.999999999997,1.000000000001,1.
      ,1.,1.,1.,1.,1.,1.,1.,1.,1.,1.,1.,1.,1.,1.,1.,1.,1.,1.,1.,1.,1.,1.
      ,1.,1.,1.,1.,1.,1.,1.,1.,1.,1.,1.,1.,1.,1.,1.,1.,1.,1.,1.,1.,1.,1.
      ,1.,1.,1.,1.,1.,1.,1.,1.,0.999999999998,1.000000000007
,0.999999999976,1.000000000054,1.
  ))) REPRESENTATION_ITEM('') SURFACE() );
#7833 = CARTESIAN_POINT('',(-679.0382,1.240626116643,68.55929589368));
#7834 = CARTESIAN_POINT('',(-677.9018430398,-0.384031414251,
    68.71604004582));
#7835 = CARTESIAN_POINT('',(-674.6570379481,1.551488916588,
    68.441490190115));
#7836 = CARTESIAN_POINT('',(-670.4801286148,0.884931057346,
    68.470682642029));
#7837 = CARTESIAN_POINT('',(-666.2529876958,-6.682502237218E-02,
    68.476976481651));
#7838 = CARTESIAN_POINT('',(-661.8309289879,-0.146979028567,
    68.356056701504));
#7839 = CARTESIAN_POINT('',(-657.7320144142,-1.06364732357,
    68.372127034906));
#7840 = CARTESIAN_POINT('',(-653.3812140229,-0.489646168109,
    68.203946166121));
#7841 = CARTESIAN_POINT('',(-648.9513854559,-0.855440539612,
    68.181932412581));
#7842 = CARTESIAN_POINT('',(-644.9070855266,0.923505406575,
    67.874016261986));
#7843 = CARTESIAN_POINT('',(-640.582063889,1.040584180031,
    67.839488150837));
#7844 = CARTESIAN_POINT('',(-636.2554682792,1.101974969433,
    67.841610558395));
#7845 = CARTESIAN_POINT('',(-631.9824711096,1.078096280912,
    67.882135056497));
#7846 = CARTESIAN_POINT('',(-627.7019615338,1.145980278924,
    67.902250487431));
#7847 = CARTESIAN_POINT('',(-623.4245711463,1.130046552899,
    67.952553239133));
#7848 = CARTESIAN_POINT('',(-619.1463832312,1.09863028891,
    68.012696539083));
#7849 = CARTESIAN_POINT('',(-614.8669156658,1.129208487318,
    68.077379416203));
#7850 = CARTESIAN_POINT('',(-610.5898165078,1.226131849707,
    68.136386753764));
#7851 = CARTESIAN_POINT('',(-606.3045105877,1.260249018004,
    68.246235305207));
#7852 = CARTESIAN_POINT('',(-602.0277566031,1.487869933188,
    68.333306375102));
#7853 = CARTESIAN_POINT('',(-597.7466019923,1.850551465117,
    68.403131235659));
#7854 = CARTESIAN_POINT('',(-593.4714143357,2.102473479477,
    68.267477324428));
#7855 = CARTESIAN_POINT('',(-589.1936176105,2.434567075904,
    68.180055604471));
#7856 = CARTESIAN_POINT('',(-584.9304153006,2.849969688436,
    68.069151793367));
#7857 = CARTESIAN_POINT('',(-580.6563793824,3.215123744686,
    68.057599266414));
#7858 = CARTESIAN_POINT('',(-576.3740763318,3.484404104482,
    68.102050814205));
#7859 = CARTESIAN_POINT('',(-572.0987272234,3.56934136067,
    68.034544568146));
#7860 = CARTESIAN_POINT('',(-567.7524952784,3.812075329648,
    68.48709545369));
#7861 = CARTESIAN_POINT('',(-563.5775738445,1.893147841141,
    67.548519681296));
#7862 = CARTESIAN_POINT('',(-559.225311783,2.028500428315,
    67.247111871377));
#7863 = CARTESIAN_POINT('',(-554.9153030247,0.591129821658,
    66.287112418401));
#7864 = CARTESIAN_POINT('',(-550.6950514656,-1.322187939449,
    66.513049313665));
#7865 = CARTESIAN_POINT('',(-546.5054520859,-3.557408697292,
    65.729333140051));
#7866 = CARTESIAN_POINT('',(-542.014622175,-4.0911686715,66.355710453459
    ));
#7867 = CARTESIAN_POINT('',(-537.9789076762,-6.763550908102,
    66.117890138381));
#7868 = CARTESIAN_POINT('',(-533.6216797195,-7.997015238698,
    66.485522784268));
#7869 = CARTESIAN_POINT('',(-529.3043766466,-8.520687598609,
    65.812883926533));
#7870 = CARTESIAN_POINT('',(-525.0222934397,-9.001335960712,
    65.628641474733));
#7871 = CARTESIAN_POINT('',(-520.7416746921,-9.237517590087,
    65.501869505996));
#7872 = CARTESIAN_POINT('',(-516.4671704399,-9.389949111775,
    65.548670748271));
#7873 = CARTESIAN_POINT('',(-512.204407681,-9.505438798403,
    65.702537258799));
#7874 = CARTESIAN_POINT('',(-507.9265429784,-9.721697281957,
    65.777954473956));
#7875 = CARTESIAN_POINT('',(-503.6502824349,-10.00309629287,
    66.095484597772));
#7876 = CARTESIAN_POINT('',(-499.3719688989,-10.01403672808,
    65.504298442402));
#7877 = CARTESIAN_POINT('',(-495.0930022696,-10.19811669476,
    65.649244845902));
#7878 = CARTESIAN_POINT('',(-490.8081538754,-10.38575051096,
    65.61791185111));
#7879 = CARTESIAN_POINT('',(-486.5308534552,-10.44446632503,
    65.691683828754));
#7880 = CARTESIAN_POINT('',(-482.2516859036,-10.49033177189,
    65.773990431959));
#7881 = CARTESIAN_POINT('',(-477.9730655022,-10.50348090567,
    65.862053379324));
#7882 = CARTESIAN_POINT('',(-473.6960456193,-10.34724427861,
    65.962895526589));
#7883 = CARTESIAN_POINT('',(-469.4152062773,-10.29824759955,
    66.039972715413));
#7884 = CARTESIAN_POINT('',(-465.1421872703,-9.916835012159,
    66.169177014223));
#7885 = CARTESIAN_POINT('',(-460.8166932288,-10.03523864998,
    66.238230885838));
#7886 = CARTESIAN_POINT('',(-456.4952571487,-8.511910556584,
    66.620561117283));
#7887 = CARTESIAN_POINT('',(-452.4504000069,-5.352731722197,
    67.241585795926));
#7888 = CARTESIAN_POINT('',(-447.9424683801,-5.941839238988,
    67.337240755873));
#7889 = CARTESIAN_POINT('',(-443.7524033406,-3.233653378106,
    67.85881969914));
#7890 = CARTESIAN_POINT('',(-439.4974420849,-2.908245513911,
    68.120559870096));
#7891 = CARTESIAN_POINT('',(-435.1419433011,-3.283766536178,
    68.215406411762));
#7892 = CARTESIAN_POINT('',(-430.9728274171,-4.267304742911,
    68.230144573163));
#7893 = CARTESIAN_POINT('',(-426.6766705817,-3.578748949542,
    68.452909759748));
#7894 = CARTESIAN_POINT('',(-423.4568555526,-1.540769328575,
    68.717229172421));
#7895 = CARTESIAN_POINT('',(-422.3597,-4.128908952529,68.484920891027));
#7896 = CARTESIAN_POINT('',(-679.0382,1.64174339414,68.518878345976));
#7897 = CARTESIAN_POINT('',(-677.9018430398,0.213658650058,
    68.64708762504));
#7898 = CARTESIAN_POINT('',(-674.6570379481,2.0121739756,68.389680696574
    ));
#7899 = CARTESIAN_POINT('',(-670.4801286148,1.529217866156,
    68.387966613198));
#7900 = CARTESIAN_POINT('',(-666.2529876958,0.6190047972,68.386393420273
    ));
#7901 = CARTESIAN_POINT('',(-661.8309289879,0.493651085807,
    68.267946978798));
#7902 = CARTESIAN_POINT('',(-657.7320144142,-0.186853831898,
    68.239453424751));
#7903 = CARTESIAN_POINT('',(-653.3812140229,0.430061893036,
    68.052572272868));
#7904 = CARTESIAN_POINT('',(-648.9513854559,9.767237790535E-02,
    68.013759442782));
#7905 = CARTESIAN_POINT('',(-644.9070855266,2.068280468237,
    67.662633961865));
#7906 = CARTESIAN_POINT('',(-640.582063889,2.363437479011,
    67.584776094191));
#7907 = CARTESIAN_POINT('',(-636.2554682792,2.413481909941,
    67.576212740578));
#7908 = CARTESIAN_POINT('',(-631.9824711096,2.425353012188,
    67.598451315766));
#7909 = CARTESIAN_POINT('',(-627.7019615338,2.495560085085,
    67.606646200323));
#7910 = CARTESIAN_POINT('',(-623.4245711463,2.491865696823,
    67.640830389712));
#7911 = CARTESIAN_POINT('',(-619.1463832312,2.465798655906,
    67.683333101581));
#7912 = CARTESIAN_POINT('',(-614.8669156658,2.485529855893,67.7322804582
    ));
#7913 = CARTESIAN_POINT('',(-610.5898165078,2.557145387953,
    67.775339163924));
#7914 = CARTESIAN_POINT('',(-606.3045105877,2.564996984959,
    67.870450422842));
#7915 = CARTESIAN_POINT('',(-602.0277566031,2.72897871785,
    67.934305340884));
#7916 = CARTESIAN_POINT('',(-597.7466019923,3.044470501893,
    68.026267956355));
#7917 = CARTESIAN_POINT('',(-593.4714143357,3.211451198663,
    67.861125414143));
#7918 = CARTESIAN_POINT('',(-589.1936176105,3.461837572476,
    67.76333973109));
#7919 = CARTESIAN_POINT('',(-584.9304153006,3.790828954434,
    67.644991283122));
#7920 = CARTESIAN_POINT('',(-580.6563793824,4.068260955993,
    67.625370706917));
#7921 = CARTESIAN_POINT('',(-576.3740763318,4.25056106675,
    67.675893160258));
#7922 = CARTESIAN_POINT('',(-572.0987272234,4.274594444012,
    67.656308748013));
#7923 = CARTESIAN_POINT('',(-567.7524952784,4.423427904567,
    68.133162817916));
#7924 = CARTESIAN_POINT('',(-563.5775738445,2.579227007511,
    67.341453503054));
#7925 = CARTESIAN_POINT('',(-559.225311783,2.468451963675,66.89862424825
    ));
#7926 = CARTESIAN_POINT('',(-554.9153030247,1.146007839773,
    66.067217126731));
#7927 = CARTESIAN_POINT('',(-550.6950514656,-0.814217594304,
    66.359486066587));
#7928 = CARTESIAN_POINT('',(-546.5054520859,-2.998522316648,
    65.689469667564));
#7929 = CARTESIAN_POINT('',(-542.014622175,-3.615630060794,
    66.270752133301));
#7930 = CARTESIAN_POINT('',(-537.9789076762,-6.031284154379,
    66.296491101385));
#7931 = CARTESIAN_POINT('',(-533.6216797195,-7.328548362194,
    66.667529382723));
#7932 = CARTESIAN_POINT('',(-529.3043766466,-7.745344547136,
    66.019937934142));
#7933 = CARTESIAN_POINT('',(-525.0222934397,-8.153427165912,
    65.844121181573));
#7934 = CARTESIAN_POINT('',(-520.7416746921,-8.31648801282,
    65.76117023008));
#7935 = CARTESIAN_POINT('',(-516.4671704399,-8.393177943259,
    65.821722665705));
#7936 = CARTESIAN_POINT('',(-512.204407681,-8.432159120088,
    65.988268780057));
#7937 = CARTESIAN_POINT('',(-507.9265429784,-8.577834894097,
    66.079362535832));
#7938 = CARTESIAN_POINT('',(-503.6502824349,-8.784650637935,
    66.391287293816));
#7939 = CARTESIAN_POINT('',(-499.3719688989,-8.756428892779,
    65.851984961567));
#7940 = CARTESIAN_POINT('',(-495.0930022696,-8.87864122338,
    65.967504370913));
#7941 = CARTESIAN_POINT('',(-490.8081538754,-9.040173880593,
    65.922716072109));
#7942 = CARTESIAN_POINT('',(-486.5308534552,-9.075884835126,
    65.978653482573));
#7943 = CARTESIAN_POINT('',(-482.2516859036,-9.113639857245,
    66.041957118576));
#7944 = CARTESIAN_POINT('',(-477.9730655022,-9.126789401823,
    66.111372618399));
#7945 = CARTESIAN_POINT('',(-473.6960456193,-8.988030456382,
    66.193568497152));
#7946 = CARTESIAN_POINT('',(-469.4152062773,-8.942352065044,
    66.257015759833));
#7947 = CARTESIAN_POINT('',(-465.1421872703,-8.594060954547,
    66.367667452611));
#7948 = CARTESIAN_POINT('',(-460.8166932288,-8.728379029749,
    66.419761197035));
#7949 = CARTESIAN_POINT('',(-456.4952571487,-7.304754962311,
    66.771733885088));
#7950 = CARTESIAN_POINT('',(-452.4504000069,-4.342704186052,
    67.34761618455));
#7951 = CARTESIAN_POINT('',(-447.9424683801,-4.93803799416,
    67.429185643381));
#7952 = CARTESIAN_POINT('',(-443.7524033406,-2.383208889113,
    67.917159067084));
#7953 = CARTESIAN_POINT('',(-439.4974420849,-2.243542419614,
    68.140016840696));
#7954 = CARTESIAN_POINT('',(-435.1419433011,-2.65646735585,
    68.222152391618));
#7955 = CARTESIAN_POINT('',(-430.9728274171,-3.698565607838,
    68.225130891587));
#7956 = CARTESIAN_POINT('',(-426.6766705817,-3.171261452703,
    68.417738481911));
#7957 = CARTESIAN_POINT('',(-423.4568555526,-1.133179973836,
    68.67334663937));
#7958 = CARTESIAN_POINT('',(-422.3597,-3.744165619661,68.439744755399));
#7959 = DEFINITIONAL_REPRESENTATION('',(#7960),#7964);
#7960 = LINE('',#7961,#7962);
#7961 = CARTESIAN_POINT('',(30.,0.));
#7962 = VECTOR('',#7963,1.);
#7963 = DIRECTION('',(0.,1.));
#7964 = ( GEOMETRIC_REPRESENTATION_CONTEXT(2) 
PARAMETRIC_REPRESENTATION_CONTEXT() REPRESENTATION_CONTEXT('2D SPACE',''
  ) );
#7965 = ORIENTED_EDGE('',*,*,#7966,.F.);
#7966 = EDGE_CURVE('',#7503,#7757,#7967,.T.);
#7967 = SURFACE_CURVE('',#7968,(#7971,#7978),.PCURVE_S1.);
#7968 = B_SPLINE_CURVE_WITH_KNOTS('',1,(#7969,#7970),.UNSPECIFIED.,.F.,
  .F.,(2,2),(29.,30.),.PIECEWISE_BEZIER_KNOTS.);
#7969 = CARTESIAN_POINT('',(-422.3597,-4.504992711385,68.576039500561));
#7970 = CARTESIAN_POINT('',(-422.3597,-4.128908952529,68.484920891027));
#7971 = PCURVE('',#7578,#7972);
#7972 = DEFINITIONAL_REPRESENTATION('',(#7973),#7977);
#7973 = LINE('',#7974,#7975);
#7974 = CARTESIAN_POINT('',(0.,1.));
#7975 = VECTOR('',#7976,1.);
#7976 = DIRECTION('',(1.,0.));
#7977 = ( GEOMETRIC_REPRESENTATION_CONTEXT(2) 
PARAMETRIC_REPRESENTATION_CONTEXT() REPRESENTATION_CONTEXT('2D SPACE',''
  ) );
#7978 = PCURVE('',#401,#7979);
#7979 = DEFINITIONAL_REPRESENTATION('',(#7980),#7983);
#7980 = B_SPLINE_CURVE_WITH_KNOTS('',1,(#7981,#7982),.UNSPECIFIED.,.F.,
  .F.,(2,2),(29.,30.),.PIECEWISE_BEZIER_KNOTS.);
#7981 = CARTESIAN_POINT('',(4.227491302237,-0.234928072981));
#7982 = CARTESIAN_POINT('',(3.848559754643,-0.313365799345));
#7983 = ( GEOMETRIC_REPRESENTATION_CONTEXT(2) 
PARAMETRIC_REPRESENTATION_CONTEXT() REPRESENTATION_CONTEXT('2D SPACE',''
  ) );
#7984 = ORIENTED_EDGE('',*,*,#7502,.F.);
#7985 = ADVANCED_FACE('',(#7986),#7832,.T.);
#7986 = FACE_BOUND('',#7987,.T.);
#7987 = EDGE_LOOP('',(#7988,#8009,#8219,#8238));
#7988 = ORIENTED_EDGE('',*,*,#7989,.T.);
#7989 = EDGE_CURVE('',#7736,#7990,#7992,.T.);
#7990 = VERTEX_POINT('',#7991);
#7991 = CARTESIAN_POINT('',(-679.0382,1.64174339414,68.518878345976));
#7992 = SURFACE_CURVE('',#7993,(#7996,#8003),.PCURVE_S1.);
#7993 = B_SPLINE_CURVE_WITH_KNOTS('',1,(#7994,#7995),.UNSPECIFIED.,.F.,
  .F.,(2,2),(30.,31.),.PIECEWISE_BEZIER_KNOTS.);
#7994 = CARTESIAN_POINT('',(-679.0382,1.240626116643,68.55929589368));
#7995 = CARTESIAN_POINT('',(-679.0382,1.64174339414,68.518878345976));
#7996 = PCURVE('',#7832,#7997);
#7997 = DEFINITIONAL_REPRESENTATION('',(#7998),#8002);
#7998 = LINE('',#7999,#8000);
#7999 = CARTESIAN_POINT('',(0.,0.));
#8000 = VECTOR('',#8001,1.);
#8001 = DIRECTION('',(1.,0.));
#8002 = ( GEOMETRIC_REPRESENTATION_CONTEXT(2) 
PARAMETRIC_REPRESENTATION_CONTEXT() REPRESENTATION_CONTEXT('2D SPACE',''
  ) );
#8003 = PCURVE('',#165,#8004);
#8004 = DEFINITIONAL_REPRESENTATION('',(#8005),#8008);
#8005 = B_SPLINE_CURVE_WITH_KNOTS('',1,(#8006,#8007),.UNSPECIFIED.,.F.,
  .F.,(2,2),(30.,31.),.PIECEWISE_BEZIER_KNOTS.);
#8006 = CARTESIAN_POINT('',(3.172574785815,0.861087181371));
#8007 = CARTESIAN_POINT('',(2.769444804252,0.86494288284));
#8008 = ( GEOMETRIC_REPRESENTATION_CONTEXT(2) 
PARAMETRIC_REPRESENTATION_CONTEXT() REPRESENTATION_CONTEXT('2D SPACE',''
  ) );
#8009 = ORIENTED_EDGE('',*,*,#8010,.T.);
#8010 = EDGE_CURVE('',#7990,#8011,#8013,.T.);
#8011 = VERTEX_POINT('',#8012);
#8012 = CARTESIAN_POINT('',(-422.3597,-3.744165619661,68.439744755399));
#8013 = SURFACE_CURVE('',#8014,(#8078,#8085),.PCURVE_S1.);
#8014 = ( BOUNDED_CURVE() B_SPLINE_CURVE(3,(#8015,#8016,#8017,#8018,
    #8019,#8020,#8021,#8022,#8023,#8024,#8025,#8026,#8027,#8028,#8029,
    #8030,#8031,#8032,#8033,#8034,#8035,#8036,#8037,#8038,#8039,#8040,
    #8041,#8042,#8043,#8044,#8045,#8046,#8047,#8048,#8049,#8050,#8051,
    #8052,#8053,#8054,#8055,#8056,#8057,#8058,#8059,#8060,#8061,#8062,
    #8063,#8064,#8065,#8066,#8067,#8068,#8069,#8070,#8071,#8072,#8073,
    #8074,#8075,#8076,#8077),.UNSPECIFIED.,.F.,.F.) 
B_SPLINE_CURVE_WITH_KNOTS((4,1,1,1,1,1,1,1,1,1,1,1,1,1,1,1,1,1,1,1,1,1,1
    ,1,1,1,1,1,1,1,1,1,1,1,1,1,1,1,1,1,1,1,1,1,1,1,1,1,1,1,1,1,1,1,1,1,1
    ,1,1,1,4),(0.,1.671164831231E-02,3.327803306227E-02,
    5.000925566809E-02,6.648034363626E-02,8.347574416348E-02,
    9.998031801332E-02,0.116453562429,0.133787455732,0.150582398826,
    0.167003889564,0.183421183117,0.199831572897,0.216243077967,
    0.232654966281,0.249069049,0.265493630469,0.281929899437,
    0.298422530809,0.314972313288,0.331595845732,0.348279560524,
    0.365009232075,0.38168560036,0.398277240471,0.414799735375,
    0.431302994143,0.448140075223,0.464749604184,0.481553115126,
    0.498808354232,0.516050152658,0.532842545742,0.550335828942,
    0.567153130692,0.583652514422,0.600175882991,0.616768685323,
    0.633448038712,0.650182180915,0.666869665762,0.683497438564,
    0.700056495454,0.716547762365,0.732983596882,0.749407921308,
    0.765822295641,0.782233728406,0.798646209918,0.81505724388,
    0.831476734885,0.847901722287,0.864693603231,0.881980563987,
    0.898448960139,0.915352013848,0.932295303855,0.949097785181,
0.966200565614,0.982806308198,1.),.UNSPECIFIED.) CURVE() 
GEOMETRIC_REPRESENTATION_ITEM() RATIONAL_B_SPLINE_CURVE((1.,
    0.999999999979,1.00000000001,0.999999999997,1.000000000001,1.,1.,1.,
    1.,1.,1.,1.,1.,1.,1.,1.,1.,1.,1.,1.,1.,1.,1.,1.,1.,1.,1.,1.,1.,1.,1.
    ,1.,1.,1.,1.,1.,1.,1.,1.,1.,1.,1.,1.,1.,1.,1.,1.,1.,1.,1.,1.,1.,1.,
    1.,1.,1.,1.,1.,0.999999999998,1.000000000007,0.999999999976,
1.000000000054,1.)) REPRESENTATION_ITEM('') );
#8015 = CARTESIAN_POINT('',(-679.0382,1.64174339414,68.518878345976));
#8016 = CARTESIAN_POINT('',(-677.9018430398,0.213658650058,
    68.64708762504));
#8017 = CARTESIAN_POINT('',(-674.6570379481,2.0121739756,68.389680696574
    ));
#8018 = CARTESIAN_POINT('',(-670.4801286148,1.529217866156,
    68.387966613198));
#8019 = CARTESIAN_POINT('',(-666.2529876958,0.6190047972,68.386393420273
    ));
#8020 = CARTESIAN_POINT('',(-661.8309289879,0.493651085807,
    68.267946978798));
#8021 = CARTESIAN_POINT('',(-657.7320144142,-0.186853831898,
    68.239453424751));
#8022 = CARTESIAN_POINT('',(-653.3812140229,0.430061893036,
    68.052572272868));
#8023 = CARTESIAN_POINT('',(-648.9513854559,9.767237790535E-02,
    68.013759442782));
#8024 = CARTESIAN_POINT('',(-644.9070855266,2.068280468237,
    67.662633961865));
#8025 = CARTESIAN_POINT('',(-640.582063889,2.363437479011,
    67.584776094191));
#8026 = CARTESIAN_POINT('',(-636.2554682792,2.413481909941,
    67.576212740578));
#8027 = CARTESIAN_POINT('',(-631.9824711096,2.425353012188,
    67.598451315766));
#8028 = CARTESIAN_POINT('',(-627.7019615338,2.495560085085,
    67.606646200323));
#8029 = CARTESIAN_POINT('',(-623.4245711463,2.491865696823,
    67.640830389712));
#8030 = CARTESIAN_POINT('',(-619.1463832312,2.465798655906,
    67.683333101581));
#8031 = CARTESIAN_POINT('',(-614.8669156658,2.485529855893,67.7322804582
    ));
#8032 = CARTESIAN_POINT('',(-610.5898165078,2.557145387953,
    67.775339163924));
#8033 = CARTESIAN_POINT('',(-606.3045105877,2.564996984959,
    67.870450422842));
#8034 = CARTESIAN_POINT('',(-602.0277566031,2.72897871785,
    67.934305340884));
#8035 = CARTESIAN_POINT('',(-597.7466019923,3.044470501893,
    68.026267956355));
#8036 = CARTESIAN_POINT('',(-593.4714143357,3.211451198663,
    67.861125414143));
#8037 = CARTESIAN_POINT('',(-589.1936176105,3.461837572476,
    67.76333973109));
#8038 = CARTESIAN_POINT('',(-584.9304153006,3.790828954434,
    67.644991283122));
#8039 = CARTESIAN_POINT('',(-580.6563793824,4.068260955993,
    67.625370706917));
#8040 = CARTESIAN_POINT('',(-576.3740763318,4.25056106675,
    67.675893160258));
#8041 = CARTESIAN_POINT('',(-572.0987272234,4.274594444012,
    67.656308748013));
#8042 = CARTESIAN_POINT('',(-567.7524952784,4.423427904567,
    68.133162817916));
#8043 = CARTESIAN_POINT('',(-563.5775738445,2.579227007511,
    67.341453503054));
#8044 = CARTESIAN_POINT('',(-559.225311783,2.468451963675,66.89862424825
    ));
#8045 = CARTESIAN_POINT('',(-554.9153030247,1.146007839773,
    66.067217126731));
#8046 = CARTESIAN_POINT('',(-550.6950514656,-0.814217594304,
    66.359486066587));
#8047 = CARTESIAN_POINT('',(-546.5054520859,-2.998522316648,
    65.689469667564));
#8048 = CARTESIAN_POINT('',(-542.014622175,-3.615630060794,
    66.270752133301));
#8049 = CARTESIAN_POINT('',(-537.9789076762,-6.031284154379,
    66.296491101385));
#8050 = CARTESIAN_POINT('',(-533.6216797195,-7.328548362194,
    66.667529382723));
#8051 = CARTESIAN_POINT('',(-529.3043766466,-7.745344547136,
    66.019937934142));
#8052 = CARTESIAN_POINT('',(-525.0222934397,-8.153427165912,
    65.844121181573));
#8053 = CARTESIAN_POINT('',(-520.7416746921,-8.31648801282,
    65.76117023008));
#8054 = CARTESIAN_POINT('',(-516.4671704399,-8.393177943259,
    65.821722665705));
#8055 = CARTESIAN_POINT('',(-512.204407681,-8.432159120088,
    65.988268780057));
#8056 = CARTESIAN_POINT('',(-507.9265429784,-8.577834894097,
    66.079362535832));
#8057 = CARTESIAN_POINT('',(-503.6502824349,-8.784650637935,
    66.391287293816));
#8058 = CARTESIAN_POINT('',(-499.3719688989,-8.756428892779,
    65.851984961567));
#8059 = CARTESIAN_POINT('',(-495.0930022696,-8.87864122338,
    65.967504370913));
#8060 = CARTESIAN_POINT('',(-490.8081538754,-9.040173880593,
    65.922716072109));
#8061 = CARTESIAN_POINT('',(-486.5308534552,-9.075884835126,
    65.978653482573));
#8062 = CARTESIAN_POINT('',(-482.2516859036,-9.113639857245,
    66.041957118576));
#8063 = CARTESIAN_POINT('',(-477.9730655022,-9.126789401823,
    66.111372618399));
#8064 = CARTESIAN_POINT('',(-473.6960456193,-8.988030456382,
    66.193568497152));
#8065 = CARTESIAN_POINT('',(-469.4152062773,-8.942352065044,
    66.257015759833));
#8066 = CARTESIAN_POINT('',(-465.1421872703,-8.594060954547,
    66.367667452611));
#8067 = CARTESIAN_POINT('',(-460.8166932288,-8.728379029749,
    66.419761197035));
#8068 = CARTESIAN_POINT('',(-456.4952571487,-7.304754962311,
    66.771733885088));
#8069 = CARTESIAN_POINT('',(-452.4504000069,-4.342704186052,
    67.34761618455));
#8070 = CARTESIAN_POINT('',(-447.9424683801,-4.93803799416,
    67.429185643381));
#8071 = CARTESIAN_POINT('',(-443.7524033406,-2.383208889113,
    67.917159067084));
#8072 = CARTESIAN_POINT('',(-439.4974420849,-2.243542419614,
    68.140016840696));
#8073 = CARTESIAN_POINT('',(-435.1419433011,-2.65646735585,
    68.222152391618));
#8074 = CARTESIAN_POINT('',(-430.9728274171,-3.698565607838,
    68.225130891587));
#8075 = CARTESIAN_POINT('',(-426.6766705817,-3.171261452703,
    68.417738481911));
#8076 = CARTESIAN_POINT('',(-423.4568555526,-1.133179973836,
    68.67334663937));
#8077 = CARTESIAN_POINT('',(-422.3597,-3.744165619661,68.439744755399));
#8078 = PCURVE('',#7832,#8079);
#8079 = DEFINITIONAL_REPRESENTATION('',(#8080),#8084);
#8080 = LINE('',#8081,#8082);
#8081 = CARTESIAN_POINT('',(31.,0.));
#8082 = VECTOR('',#8083,1.);
#8083 = DIRECTION('',(0.,1.));
#8084 = ( GEOMETRIC_REPRESENTATION_CONTEXT(2) 
PARAMETRIC_REPRESENTATION_CONTEXT() REPRESENTATION_CONTEXT('2D SPACE',''
  ) );
#8085 = PCURVE('',#8086,#8213);
#8086 = ( BOUNDED_SURFACE() B_SPLINE_SURFACE(1,3,(
    (#8087,#8088,#8089,#8090,#8091,#8092,#8093,#8094,#8095,#8096,#8097
      ,#8098,#8099,#8100,#8101,#8102,#8103,#8104,#8105,#8106,#8107,#8108
      ,#8109,#8110,#8111,#8112,#8113,#8114,#8115,#8116,#8117,#8118,#8119
      ,#8120,#8121,#8122,#8123,#8124,#8125,#8126,#8127,#8128,#8129,#8130
      ,#8131,#8132,#8133,#8134,#8135,#8136,#8137,#8138,#8139,#8140,#8141
      ,#8142,#8143,#8144,#8145,#8146,#8147,#8148,#8149)
    ,(#8150,#8151,#8152,#8153,#8154,#8155,#8156,#8157,#8158,#8159,#8160
      ,#8161,#8162,#8163,#8164,#8165,#8166,#8167,#8168,#8169,#8170,#8171
      ,#8172,#8173,#8174,#8175,#8176,#8177,#8178,#8179,#8180,#8181,#8182
      ,#8183,#8184,#8185,#8186,#8187,#8188,#8189,#8190,#8191,#8192,#8193
      ,#8194,#8195,#8196,#8197,#8198,#8199,#8200,#8201,#8202,#8203,#8204
      ,#8205,#8206,#8207,#8208,#8209,#8210,#8211,#8212
)),.UNSPECIFIED.,.F.,.F.,.F.) B_SPLINE_SURFACE_WITH_KNOTS((2,2),(4,1,1,1
    ,1,1,1,1,1,1,1,1,1,1,1,1,1,1,1,1,1,1,1,1,1,1,1,1,1,1,1,1,1,1,1,1,1,1
    ,1,1,1,1,1,1,1,1,1,1,1,1,1,1,1,1,1,1,1,1,1,1,4),(31.,32.),(0.,
    1.671164831231E-02,3.327803306227E-02,5.000925566809E-02,
    6.648034363626E-02,8.347574416348E-02,9.998031801332E-02,
    0.116453562429,0.133787455732,0.150582398826,0.167003889564,
    0.183421183117,0.199831572897,0.216243077967,0.232654966281,
    0.249069049,0.265493630469,0.281929899437,0.298422530809,
    0.314972313288,0.331595845732,0.348279560524,0.365009232075,
    0.38168560036,0.398277240471,0.414799735375,0.431302994143,
    0.448140075223,0.464749604184,0.481553115126,0.498808354232,
    0.516050152658,0.532842545742,0.550335828942,0.567153130692,
    0.583652514422,0.600175882991,0.616768685323,0.633448038712,
    0.650182180915,0.666869665762,0.683497438564,0.700056495454,
    0.716547762365,0.732983596882,0.749407921308,0.765822295641,
    0.782233728406,0.798646209918,0.81505724388,0.831476734885,
    0.847901722287,0.864693603231,0.881980563987,0.898448960139,
    0.915352013848,0.932295303855,0.949097785181,0.966200565614,
0.982806308198,1.),.UNSPECIFIED.) GEOMETRIC_REPRESENTATION_ITEM() 
RATIONAL_B_SPLINE_SURFACE((
    (1.,0.999999999979,1.00000000001,0.999999999997,1.000000000001,1.,1.
      ,1.,1.,1.,1.,1.,1.,1.,1.,1.,1.,1.,1.,1.,1.,1.,1.,1.,1.,1.,1.,1.,1.
      ,1.,1.,1.,1.,1.,1.,1.,1.,1.,1.,1.,1.,1.,1.,1.,1.,1.,1.,1.,1.,1.,1.
      ,1.,1.,1.,1.,1.,1.,1.,0.999999999998,1.000000000007,0.999999999976
      ,1.000000000054,1.)
    ,(1.,0.999999999979,1.00000000001,0.999999999997,1.000000000001,1.
      ,1.,1.,1.,1.,1.,1.,1.,1.,1.,1.,1.,1.,1.,1.,1.,1.,1.,1.,1.,1.,1.,1.
      ,1.,1.,1.,1.,1.,1.,1.,1.,1.,1.,1.,1.,1.,1.,1.,1.,1.,1.,1.,1.,1.,1.
      ,1.,1.,1.,1.,1.,1.,1.,1.,0.999999999998,1.000000000007
,0.999999999976,1.000000000054,1.
  ))) REPRESENTATION_ITEM('') SURFACE() );
#8087 = CARTESIAN_POINT('',(-679.0382,1.64174339414,68.518878345976));
#8088 = CARTESIAN_POINT('',(-677.9018430398,0.213658650058,
    68.64708762504));
#8089 = CARTESIAN_POINT('',(-674.6570379481,2.0121739756,68.389680696574
    ));
#8090 = CARTESIAN_POINT('',(-670.4801286148,1.529217866156,
    68.387966613198));
#8091 = CARTESIAN_POINT('',(-666.2529876958,0.6190047972,68.386393420273
    ));
#8092 = CARTESIAN_POINT('',(-661.8309289879,0.493651085807,
    68.267946978798));
#8093 = CARTESIAN_POINT('',(-657.7320144142,-0.186853831898,
    68.239453424751));
#8094 = CARTESIAN_POINT('',(-653.3812140229,0.430061893036,
    68.052572272868));
#8095 = CARTESIAN_POINT('',(-648.9513854559,9.767237790535E-02,
    68.013759442782));
#8096 = CARTESIAN_POINT('',(-644.9070855266,2.068280468237,
    67.662633961865));
#8097 = CARTESIAN_POINT('',(-640.582063889,2.363437479011,
    67.584776094191));
#8098 = CARTESIAN_POINT('',(-636.2554682792,2.413481909941,
    67.576212740578));
#8099 = CARTESIAN_POINT('',(-631.9824711096,2.425353012188,
    67.598451315766));
#8100 = CARTESIAN_POINT('',(-627.7019615338,2.495560085085,
    67.606646200323));
#8101 = CARTESIAN_POINT('',(-623.4245711463,2.491865696823,
    67.640830389712));
#8102 = CARTESIAN_POINT('',(-619.1463832312,2.465798655906,
    67.683333101581));
#8103 = CARTESIAN_POINT('',(-614.8669156658,2.485529855893,67.7322804582
    ));
#8104 = CARTESIAN_POINT('',(-610.5898165078,2.557145387953,
    67.775339163924));
#8105 = CARTESIAN_POINT('',(-606.3045105877,2.564996984959,
    67.870450422842));
#8106 = CARTESIAN_POINT('',(-602.0277566031,2.72897871785,
    67.934305340884));
#8107 = CARTESIAN_POINT('',(-597.7466019923,3.044470501893,
    68.026267956355));
#8108 = CARTESIAN_POINT('',(-593.4714143357,3.211451198663,
    67.861125414143));
#8109 = CARTESIAN_POINT('',(-589.1936176105,3.461837572476,
    67.76333973109));
#8110 = CARTESIAN_POINT('',(-584.9304153006,3.790828954434,
    67.644991283122));
#8111 = CARTESIAN_POINT('',(-580.6563793824,4.068260955993,
    67.625370706917));
#8112 = CARTESIAN_POINT('',(-576.3740763318,4.25056106675,
    67.675893160258));
#8113 = CARTESIAN_POINT('',(-572.0987272234,4.274594444012,
    67.656308748013));
#8114 = CARTESIAN_POINT('',(-567.7524952784,4.423427904567,
    68.133162817916));
#8115 = CARTESIAN_POINT('',(-563.5775738445,2.579227007511,
    67.341453503054));
#8116 = CARTESIAN_POINT('',(-559.225311783,2.468451963675,66.89862424825
    ));
#8117 = CARTESIAN_POINT('',(-554.9153030247,1.146007839773,
    66.067217126731));
#8118 = CARTESIAN_POINT('',(-550.6950514656,-0.814217594304,
    66.359486066587));
#8119 = CARTESIAN_POINT('',(-546.5054520859,-2.998522316648,
    65.689469667564));
#8120 = CARTESIAN_POINT('',(-542.014622175,-3.615630060794,
    66.270752133301));
#8121 = CARTESIAN_POINT('',(-537.9789076762,-6.031284154379,
    66.296491101385));
#8122 = CARTESIAN_POINT('',(-533.6216797195,-7.328548362194,
    66.667529382723));
#8123 = CARTESIAN_POINT('',(-529.3043766466,-7.745344547136,
    66.019937934142));
#8124 = CARTESIAN_POINT('',(-525.0222934397,-8.153427165912,
    65.844121181573));
#8125 = CARTESIAN_POINT('',(-520.7416746921,-8.31648801282,
    65.76117023008));
#8126 = CARTESIAN_POINT('',(-516.4671704399,-8.393177943259,
    65.821722665705));
#8127 = CARTESIAN_POINT('',(-512.204407681,-8.432159120088,
    65.988268780057));
#8128 = CARTESIAN_POINT('',(-507.9265429784,-8.577834894097,
    66.079362535832));
#8129 = CARTESIAN_POINT('',(-503.6502824349,-8.784650637935,
    66.391287293816));
#8130 = CARTESIAN_POINT('',(-499.3719688989,-8.756428892779,
    65.851984961567));
#8131 = CARTESIAN_POINT('',(-495.0930022696,-8.87864122338,
    65.967504370913));
#8132 = CARTESIAN_POINT('',(-490.8081538754,-9.040173880593,
    65.922716072109));
#8133 = CARTESIAN_POINT('',(-486.5308534552,-9.075884835126,
    65.978653482573));
#8134 = CARTESIAN_POINT('',(-482.2516859036,-9.113639857245,
    66.041957118576));
#8135 = CARTESIAN_POINT('',(-477.9730655022,-9.126789401823,
    66.111372618399));
#8136 = CARTESIAN_POINT('',(-473.6960456193,-8.988030456382,
    66.193568497152));
#8137 = CARTESIAN_POINT('',(-469.4152062773,-8.942352065044,
    66.257015759833));
#8138 = CARTESIAN_POINT('',(-465.1421872703,-8.594060954547,
    66.367667452611));
#8139 = CARTESIAN_POINT('',(-460.8166932288,-8.728379029749,
    66.419761197035));
#8140 = CARTESIAN_POINT('',(-456.4952571487,-7.304754962311,
    66.771733885088));
#8141 = CARTESIAN_POINT('',(-452.4504000069,-4.342704186052,
    67.34761618455));
#8142 = CARTESIAN_POINT('',(-447.9424683801,-4.93803799416,
    67.429185643381));
#8143 = CARTESIAN_POINT('',(-443.7524033406,-2.383208889113,
    67.917159067084));
#8144 = CARTESIAN_POINT('',(-439.4974420849,-2.243542419614,
    68.140016840696));
#8145 = CARTESIAN_POINT('',(-435.1419433011,-2.65646735585,
    68.222152391618));
#8146 = CARTESIAN_POINT('',(-430.9728274171,-3.698565607838,
    68.225130891587));
#8147 = CARTESIAN_POINT('',(-426.6766705817,-3.171261452703,
    68.417738481911));
#8148 = CARTESIAN_POINT('',(-423.4568555526,-1.133179973836,
    68.67334663937));
#8149 = CARTESIAN_POINT('',(-422.3597,-3.744165619661,68.439744755399));
#8150 = CARTESIAN_POINT('',(-679.0382,2.043613898724,68.486819374197));
#8151 = CARTESIAN_POINT('',(-677.9018430398,0.812139492348,
    68.586264241778));
#8152 = CARTESIAN_POINT('',(-674.6570379481,2.473743327431,
    68.345914957492));
#8153 = CARTESIAN_POINT('',(-670.4801286148,2.174468461975,
    68.313156850401));
#8154 = CARTESIAN_POINT('',(-666.2529876958,1.305827346102,
    68.303689084595));
#8155 = CARTESIAN_POINT('',(-661.8309289879,1.135323416234,
    68.187727377646));
#8156 = CARTESIAN_POINT('',(-657.7320144142,0.691088522541,
    68.11455032911));
#8157 = CARTESIAN_POINT('',(-653.3812140229,1.351011227315,
    67.908950838565));
#8158 = CARTESIAN_POINT('',(-648.9513854559,1.052119819763,
    67.853313969693));
#8159 = CARTESIAN_POINT('',(-644.9070855266,3.21444942072,67.45892147632
    ));
#8160 = CARTESIAN_POINT('',(-640.582063889,3.687738113408,
    67.337694899641));
#8161 = CARTESIAN_POINT('',(-636.2554682792,3.726507336455,
    67.318433911438));
#8162 = CARTESIAN_POINT('',(-631.9824711096,3.77418816007,
    67.322368740379));
#8163 = CARTESIAN_POINT('',(-627.7019615338,3.846779480873,
    67.318629982361));
#8164 = CARTESIAN_POINT('',(-623.4245711463,3.855395183747,
    67.336676561851));
#8165 = CARTESIAN_POINT('',(-619.1463832312,3.834765103994,
    67.361522577782));
#8166 = CARTESIAN_POINT('',(-614.8669156658,3.843737237089,
    67.394693721498));
#8167 = CARTESIAN_POINT('',(-610.5898165078,3.890192398141,
    67.42184377878));
#8168 = CARTESIAN_POINT('',(-606.3045105877,3.87178607507,
    67.501934130624));
#8169 = CARTESIAN_POINT('',(-602.0277566031,3.972760371076,
    67.543469264083));
#8170 = CARTESIAN_POINT('',(-597.7466019923,4.239517698456,
    67.653993508229));
#8171 = CARTESIAN_POINT('',(-593.4714143357,4.324392256531,
    67.466144390624));
#8172 = CARTESIAN_POINT('',(-589.1936176105,4.493882810483,
    67.355984875874));
#8173 = CARTESIAN_POINT('',(-584.9304153006,4.736518383242,
    67.231061568844));
#8174 = CARTESIAN_POINT('',(-580.6563793824,4.923252813251,
    67.198243395098));
#8175 = CARTESIAN_POINT('',(-576.3740763318,5.027867496206,
    67.270246706073));
#8176 = CARTESIAN_POINT('',(-572.0987272234,4.985321539321,
    67.290931604595));
#8177 = CARTESIAN_POINT('',(-567.7524952784,5.050559413462,
    67.798896286388));
#8178 = CARTESIAN_POINT('',(-563.5775738445,3.230039902471,
    67.104707735193));
#8179 = CARTESIAN_POINT('',(-559.225311783,3.098489753268,66.74756454318
    ));
#8180 = CARTESIAN_POINT('',(-554.9153030247,1.822070626673,
    65.968668797672));
#8181 = CARTESIAN_POINT('',(-550.6950514656,-0.166459360729,
    66.35140571947));
#8182 = CARTESIAN_POINT('',(-546.5054520859,-2.311516654291,
    65.761555043428));
#8183 = CARTESIAN_POINT('',(-542.014622175,-2.97890164211,
    66.399694525572));
#8184 = CARTESIAN_POINT('',(-537.9789076762,-5.353623192234,
    66.461799657804));
#8185 = CARTESIAN_POINT('',(-533.6216797195,-6.663272722894,
    66.908261710547));
#8186 = CARTESIAN_POINT('',(-529.3043766466,-6.991216138574,
    66.280190122757));
#8187 = CARTESIAN_POINT('',(-525.0222934397,-7.330004006593,
    66.137349156707));
#8188 = CARTESIAN_POINT('',(-520.7416746921,-7.40500654836,
    66.046810678125));
#8189 = CARTESIAN_POINT('',(-516.4671704399,-7.407743302799,
    66.128903253192));
#8190 = CARTESIAN_POINT('',(-512.204407681,-7.365389283174,
    66.294851787618));
#8191 = CARTESIAN_POINT('',(-507.9265429784,-7.43820857505,
    66.39614340594));
#8192 = CARTESIAN_POINT('',(-503.6502824349,-7.567894463976,
    66.694855112356));
#8193 = CARTESIAN_POINT('',(-499.3719688989,-7.505456429466,
    66.223143850683));
#8194 = CARTESIAN_POINT('',(-495.0930022696,-7.563956893488,
    66.305142122435));
#8195 = CARTESIAN_POINT('',(-490.8081538754,-7.699414465552,
    66.248078777172));
#8196 = CARTESIAN_POINT('',(-486.5308534552,-7.711705430694,
    66.285942475897));
#8197 = CARTESIAN_POINT('',(-482.2516859036,-7.741077468611,
    66.330382601398));
#8198 = CARTESIAN_POINT('',(-477.9730655022,-7.753955309768,
    66.381182995021));
#8199 = CARTESIAN_POINT('',(-473.6960456193,-7.632453129574,
    66.444792581369));
#8200 = CARTESIAN_POINT('',(-469.4152062773,-7.589901239496,
    66.494645004293));
#8201 = CARTESIAN_POINT('',(-465.1421872703,-7.274538738888,
    66.586800812715));
#8202 = CARTESIAN_POINT('',(-460.8166932288,-7.424549269702,
    66.621983275392));
#8203 = CARTESIAN_POINT('',(-456.4952571487,-6.100391906838,
    66.943705957945));
#8204 = CARTESIAN_POINT('',(-452.4504000069,-3.335110425155,
    67.474729750161));
#8205 = CARTESIAN_POINT('',(-447.9424683801,-3.936381396785,
    67.542269290201));
#8206 = CARTESIAN_POINT('',(-443.7524033406,-1.534534633,67.996839564541
    ));
#8207 = CARTESIAN_POINT('',(-439.4974420849,-1.579862962217,
    68.18142163716));
#8208 = CARTESIAN_POINT('',(-435.1419433011,-2.029762552571,
    68.251066182745));
#8209 = CARTESIAN_POINT('',(-430.9728274171,-3.130079700129,
    68.242579407494));
#8210 = CARTESIAN_POINT('',(-426.6766705817,-2.762746653615,
    68.406459294532));
#8211 = CARTESIAN_POINT('',(-423.4568555526,-0.723102446891,
    68.654662752875));
#8212 = CARTESIAN_POINT('',(-422.3597,-3.357260749193,68.419171323718));
#8213 = DEFINITIONAL_REPRESENTATION('',(#8214),#8218);
#8214 = LINE('',#8215,#8216);
#8215 = CARTESIAN_POINT('',(31.,0.));
#8216 = VECTOR('',#8217,1.);
#8217 = DIRECTION('',(0.,1.));
#8218 = ( GEOMETRIC_REPRESENTATION_CONTEXT(2) 
PARAMETRIC_REPRESENTATION_CONTEXT() REPRESENTATION_CONTEXT('2D SPACE',''
  ) );
#8219 = ORIENTED_EDGE('',*,*,#8220,.F.);
#8220 = EDGE_CURVE('',#7757,#8011,#8221,.T.);
#8221 = SURFACE_CURVE('',#8222,(#8225,#8232),.PCURVE_S1.);
#8222 = B_SPLINE_CURVE_WITH_KNOTS('',1,(#8223,#8224),.UNSPECIFIED.,.F.,
  .F.,(2,2),(30.,31.),.PIECEWISE_BEZIER_KNOTS.);
#8223 = CARTESIAN_POINT('',(-422.3597,-4.128908952529,68.484920891027));
#8224 = CARTESIAN_POINT('',(-422.3597,-3.744165619661,68.439744755399));
#8225 = PCURVE('',#7832,#8226);
#8226 = DEFINITIONAL_REPRESENTATION('',(#8227),#8231);
#8227 = LINE('',#8228,#8229);
#8228 = CARTESIAN_POINT('',(0.,1.));
#8229 = VECTOR('',#8230,1.);
#8230 = DIRECTION('',(1.,0.));
#8231 = ( GEOMETRIC_REPRESENTATION_CONTEXT(2) 
PARAMETRIC_REPRESENTATION_CONTEXT() REPRESENTATION_CONTEXT('2D SPACE',''
  ) );
#8232 = PCURVE('',#401,#8233);
#8233 = DEFINITIONAL_REPRESENTATION('',(#8234),#8237);
#8234 = B_SPLINE_CURVE_WITH_KNOTS('',1,(#8235,#8236),.UNSPECIFIED.,.F.,
  .F.,(2,2),(30.,31.),.PIECEWISE_BEZIER_KNOTS.);
#8235 = CARTESIAN_POINT('',(3.848559754643,-0.313365799345));
#8236 = CARTESIAN_POINT('',(3.462516338514,-0.345596162047));
#8237 = ( GEOMETRIC_REPRESENTATION_CONTEXT(2) 
PARAMETRIC_REPRESENTATION_CONTEXT() REPRESENTATION_CONTEXT('2D SPACE',''
  ) );
#8238 = ORIENTED_EDGE('',*,*,#7756,.F.);
#8239 = ADVANCED_FACE('',(#8240),#8086,.T.);
#8240 = FACE_BOUND('',#8241,.T.);
#8241 = EDGE_LOOP('',(#8242,#8263,#8473,#8492));
#8242 = ORIENTED_EDGE('',*,*,#8243,.T.);
#8243 = EDGE_CURVE('',#7990,#8244,#8246,.T.);
#8244 = VERTEX_POINT('',#8245);
#8245 = CARTESIAN_POINT('',(-679.0382,2.043613898724,68.486819374197));
#8246 = SURFACE_CURVE('',#8247,(#8250,#8257),.PCURVE_S1.);
#8247 = B_SPLINE_CURVE_WITH_KNOTS('',1,(#8248,#8249),.UNSPECIFIED.,.F.,
  .F.,(2,2),(31.,32.),.PIECEWISE_BEZIER_KNOTS.);
#8248 = CARTESIAN_POINT('',(-679.0382,1.64174339414,68.518878345976));
#8249 = CARTESIAN_POINT('',(-679.0382,2.043613898724,68.486819374197));
#8250 = PCURVE('',#8086,#8251);
#8251 = DEFINITIONAL_REPRESENTATION('',(#8252),#8256);
#8252 = LINE('',#8253,#8254);
#8253 = CARTESIAN_POINT('',(0.,0.));
#8254 = VECTOR('',#8255,1.);
#8255 = DIRECTION('',(1.,0.));
#8256 = ( GEOMETRIC_REPRESENTATION_CONTEXT(2) 
PARAMETRIC_REPRESENTATION_CONTEXT() REPRESENTATION_CONTEXT('2D SPACE',''
  ) );
#8257 = PCURVE('',#165,#8258);
#8258 = DEFINITIONAL_REPRESENTATION('',(#8259),#8262);
#8259 = B_SPLINE_CURVE_WITH_KNOTS('',1,(#8260,#8261),.UNSPECIFIED.,.F.,
  .F.,(2,2),(31.,32.),.PIECEWISE_BEZIER_KNOTS.);
#8260 = CARTESIAN_POINT('',(2.769444804252,0.86494288284));
#8261 = CARTESIAN_POINT('',(2.366323112803,0.860406142841));
#8262 = ( GEOMETRIC_REPRESENTATION_CONTEXT(2) 
PARAMETRIC_REPRESENTATION_CONTEXT() REPRESENTATION_CONTEXT('2D SPACE',''
  ) );
#8263 = ORIENTED_EDGE('',*,*,#8264,.T.);
#8264 = EDGE_CURVE('',#8244,#8265,#8267,.T.);
#8265 = VERTEX_POINT('',#8266);
#8266 = CARTESIAN_POINT('',(-422.3597,-3.357260749193,68.419171323718));
#8267 = SURFACE_CURVE('',#8268,(#8332,#8339),.PCURVE_S1.);
#8268 = ( BOUNDED_CURVE() B_SPLINE_CURVE(3,(#8269,#8270,#8271,#8272,
    #8273,#8274,#8275,#8276,#8277,#8278,#8279,#8280,#8281,#8282,#8283,
    #8284,#8285,#8286,#8287,#8288,#8289,#8290,#8291,#8292,#8293,#8294,
    #8295,#8296,#8297,#8298,#8299,#8300,#8301,#8302,#8303,#8304,#8305,
    #8306,#8307,#8308,#8309,#8310,#8311,#8312,#8313,#8314,#8315,#8316,
    #8317,#8318,#8319,#8320,#8321,#8322,#8323,#8324,#8325,#8326,#8327,
    #8328,#8329,#8330,#8331),.UNSPECIFIED.,.F.,.F.) 
B_SPLINE_CURVE_WITH_KNOTS((4,1,1,1,1,1,1,1,1,1,1,1,1,1,1,1,1,1,1,1,1,1,1
    ,1,1,1,1,1,1,1,1,1,1,1,1,1,1,1,1,1,1,1,1,1,1,1,1,1,1,1,1,1,1,1,1,1,1
    ,1,1,1,4),(0.,1.671164831231E-02,3.327803306227E-02,
    5.000925566809E-02,6.648034363626E-02,8.347574416348E-02,
    9.998031801332E-02,0.116453562429,0.133787455732,0.150582398826,
    0.167003889564,0.183421183117,0.199831572897,0.216243077967,
    0.232654966281,0.249069049,0.265493630469,0.281929899437,
    0.298422530809,0.314972313288,0.331595845732,0.348279560524,
    0.365009232075,0.38168560036,0.398277240471,0.414799735375,
    0.431302994143,0.448140075223,0.464749604184,0.481553115126,
    0.498808354232,0.516050152658,0.532842545742,0.550335828942,
    0.567153130692,0.583652514422,0.600175882991,0.616768685323,
    0.633448038712,0.650182180915,0.666869665762,0.683497438564,
    0.700056495454,0.716547762365,0.732983596882,0.749407921308,
    0.765822295641,0.782233728406,0.798646209918,0.81505724388,
    0.831476734885,0.847901722287,0.864693603231,0.881980563987,
    0.898448960139,0.915352013848,0.932295303855,0.949097785181,
0.966200565614,0.982806308198,1.),.UNSPECIFIED.) CURVE() 
GEOMETRIC_REPRESENTATION_ITEM() RATIONAL_B_SPLINE_CURVE((1.,
    0.999999999979,1.00000000001,0.999999999997,1.000000000001,1.,1.,1.,
    1.,1.,1.,1.,1.,1.,1.,1.,1.,1.,1.,1.,1.,1.,1.,1.,1.,1.,1.,1.,1.,1.,1.
    ,1.,1.,1.,1.,1.,1.,1.,1.,1.,1.,1.,1.,1.,1.,1.,1.,1.,1.,1.,1.,1.,1.,
    1.,1.,1.,1.,1.,0.999999999998,1.000000000007,0.999999999976,
1.000000000054,1.)) REPRESENTATION_ITEM('') );
#8269 = CARTESIAN_POINT('',(-679.0382,2.043613898724,68.486819374197));
#8270 = CARTESIAN_POINT('',(-677.9018430398,0.812139492348,
    68.586264241778));
#8271 = CARTESIAN_POINT('',(-674.6570379481,2.473743327431,
    68.345914957492));
#8272 = CARTESIAN_POINT('',(-670.4801286148,2.174468461975,
    68.313156850401));
#8273 = CARTESIAN_POINT('',(-666.2529876958,1.305827346102,
    68.303689084595));
#8274 = CARTESIAN_POINT('',(-661.8309289879,1.135323416234,
    68.187727377646));
#8275 = CARTESIAN_POINT('',(-657.7320144142,0.691088522541,
    68.11455032911));
#8276 = CARTESIAN_POINT('',(-653.3812140229,1.351011227315,
    67.908950838565));
#8277 = CARTESIAN_POINT('',(-648.9513854559,1.052119819763,
    67.853313969693));
#8278 = CARTESIAN_POINT('',(-644.9070855266,3.21444942072,67.45892147632
    ));
#8279 = CARTESIAN_POINT('',(-640.582063889,3.687738113408,
    67.337694899641));
#8280 = CARTESIAN_POINT('',(-636.2554682792,3.726507336455,
    67.318433911438));
#8281 = CARTESIAN_POINT('',(-631.9824711096,3.77418816007,
    67.322368740379));
#8282 = CARTESIAN_POINT('',(-627.7019615338,3.846779480873,
    67.318629982361));
#8283 = CARTESIAN_POINT('',(-623.4245711463,3.855395183747,
    67.336676561851));
#8284 = CARTESIAN_POINT('',(-619.1463832312,3.834765103994,
    67.361522577782));
#8285 = CARTESIAN_POINT('',(-614.8669156658,3.843737237089,
    67.394693721498));
#8286 = CARTESIAN_POINT('',(-610.5898165078,3.890192398141,
    67.42184377878));
#8287 = CARTESIAN_POINT('',(-606.3045105877,3.87178607507,
    67.501934130624));
#8288 = CARTESIAN_POINT('',(-602.0277566031,3.972760371076,
    67.543469264083));
#8289 = CARTESIAN_POINT('',(-597.7466019923,4.239517698456,
    67.653993508229));
#8290 = CARTESIAN_POINT('',(-593.4714143357,4.324392256531,
    67.466144390624));
#8291 = CARTESIAN_POINT('',(-589.1936176105,4.493882810483,
    67.355984875874));
#8292 = CARTESIAN_POINT('',(-584.9304153006,4.736518383242,
    67.231061568844));
#8293 = CARTESIAN_POINT('',(-580.6563793824,4.923252813251,
    67.198243395098));
#8294 = CARTESIAN_POINT('',(-576.3740763318,5.027867496206,
    67.270246706073));
#8295 = CARTESIAN_POINT('',(-572.0987272234,4.985321539321,
    67.290931604595));
#8296 = CARTESIAN_POINT('',(-567.7524952784,5.050559413462,
    67.798896286388));
#8297 = CARTESIAN_POINT('',(-563.5775738445,3.230039902471,
    67.104707735193));
#8298 = CARTESIAN_POINT('',(-559.225311783,3.098489753268,66.74756454318
    ));
#8299 = CARTESIAN_POINT('',(-554.9153030247,1.822070626673,
    65.968668797672));
#8300 = CARTESIAN_POINT('',(-550.6950514656,-0.166459360729,
    66.35140571947));
#8301 = CARTESIAN_POINT('',(-546.5054520859,-2.311516654291,
    65.761555043428));
#8302 = CARTESIAN_POINT('',(-542.014622175,-2.97890164211,
    66.399694525572));
#8303 = CARTESIAN_POINT('',(-537.9789076762,-5.353623192234,
    66.461799657804));
#8304 = CARTESIAN_POINT('',(-533.6216797195,-6.663272722894,
    66.908261710547));
#8305 = CARTESIAN_POINT('',(-529.3043766466,-6.991216138574,
    66.280190122757));
#8306 = CARTESIAN_POINT('',(-525.0222934397,-7.330004006593,
    66.137349156707));
#8307 = CARTESIAN_POINT('',(-520.7416746921,-7.40500654836,
    66.046810678125));
#8308 = CARTESIAN_POINT('',(-516.4671704399,-7.407743302799,
    66.128903253192));
#8309 = CARTESIAN_POINT('',(-512.204407681,-7.365389283174,
    66.294851787618));
#8310 = CARTESIAN_POINT('',(-507.9265429784,-7.43820857505,
    66.39614340594));
#8311 = CARTESIAN_POINT('',(-503.6502824349,-7.567894463976,
    66.694855112356));
#8312 = CARTESIAN_POINT('',(-499.3719688989,-7.505456429466,
    66.223143850683));
#8313 = CARTESIAN_POINT('',(-495.0930022696,-7.563956893488,
    66.305142122435));
#8314 = CARTESIAN_POINT('',(-490.8081538754,-7.699414465552,
    66.248078777172));
#8315 = CARTESIAN_POINT('',(-486.5308534552,-7.711705430694,
    66.285942475897));
#8316 = CARTESIAN_POINT('',(-482.2516859036,-7.741077468611,
    66.330382601398));
#8317 = CARTESIAN_POINT('',(-477.9730655022,-7.753955309768,
    66.381182995021));
#8318 = CARTESIAN_POINT('',(-473.6960456193,-7.632453129574,
    66.444792581369));
#8319 = CARTESIAN_POINT('',(-469.4152062773,-7.589901239496,
    66.494645004293));
#8320 = CARTESIAN_POINT('',(-465.1421872703,-7.274538738888,
    66.586800812715));
#8321 = CARTESIAN_POINT('',(-460.8166932288,-7.424549269702,
    66.621983275392));
#8322 = CARTESIAN_POINT('',(-456.4952571487,-6.100391906838,
    66.943705957945));
#8323 = CARTESIAN_POINT('',(-452.4504000069,-3.335110425155,
    67.474729750161));
#8324 = CARTESIAN_POINT('',(-447.9424683801,-3.936381396785,
    67.542269290201));
#8325 = CARTESIAN_POINT('',(-443.7524033406,-1.534534633,67.996839564541
    ));
#8326 = CARTESIAN_POINT('',(-439.4974420849,-1.579862962217,
    68.18142163716));
#8327 = CARTESIAN_POINT('',(-435.1419433011,-2.029762552571,
    68.251066182745));
#8328 = CARTESIAN_POINT('',(-430.9728274171,-3.130079700129,
    68.242579407494));
#8329 = CARTESIAN_POINT('',(-426.6766705817,-2.762746653615,
    68.406459294532));
#8330 = CARTESIAN_POINT('',(-423.4568555526,-0.723102446891,
    68.654662752875));
#8331 = CARTESIAN_POINT('',(-422.3597,-3.357260749193,68.419171323718));
#8332 = PCURVE('',#8086,#8333);
#8333 = DEFINITIONAL_REPRESENTATION('',(#8334),#8338);
#8334 = LINE('',#8335,#8336);
#8335 = CARTESIAN_POINT('',(32.,0.));
#8336 = VECTOR('',#8337,1.);
#8337 = DIRECTION('',(0.,1.));
#8338 = ( GEOMETRIC_REPRESENTATION_CONTEXT(2) 
PARAMETRIC_REPRESENTATION_CONTEXT() REPRESENTATION_CONTEXT('2D SPACE',''
  ) );
#8339 = PCURVE('',#8340,#8467);
#8340 = ( BOUNDED_SURFACE() B_SPLINE_SURFACE(1,3,(
    (#8341,#8342,#8343,#8344,#8345,#8346,#8347,#8348,#8349,#8350,#8351
      ,#8352,#8353,#8354,#8355,#8356,#8357,#8358,#8359,#8360,#8361,#8362
      ,#8363,#8364,#8365,#8366,#8367,#8368,#8369,#8370,#8371,#8372,#8373
      ,#8374,#8375,#8376,#8377,#8378,#8379,#8380,#8381,#8382,#8383,#8384
      ,#8385,#8386,#8387,#8388,#8389,#8390,#8391,#8392,#8393,#8394,#8395
      ,#8396,#8397,#8398,#8399,#8400,#8401,#8402,#8403)
    ,(#8404,#8405,#8406,#8407,#8408,#8409,#8410,#8411,#8412,#8413,#8414
      ,#8415,#8416,#8417,#8418,#8419,#8420,#8421,#8422,#8423,#8424,#8425
      ,#8426,#8427,#8428,#8429,#8430,#8431,#8432,#8433,#8434,#8435,#8436
      ,#8437,#8438,#8439,#8440,#8441,#8442,#8443,#8444,#8445,#8446,#8447
      ,#8448,#8449,#8450,#8451,#8452,#8453,#8454,#8455,#8456,#8457,#8458
      ,#8459,#8460,#8461,#8462,#8463,#8464,#8465,#8466
)),.UNSPECIFIED.,.F.,.F.,.F.) B_SPLINE_SURFACE_WITH_KNOTS((2,2),(4,1,1,1
    ,1,1,1,1,1,1,1,1,1,1,1,1,1,1,1,1,1,1,1,1,1,1,1,1,1,1,1,1,1,1,1,1,1,1
    ,1,1,1,1,1,1,1,1,1,1,1,1,1,1,1,1,1,1,1,1,1,1,4),(32.,33.),(0.,
    1.671164831231E-02,3.327803306227E-02,5.000925566809E-02,
    6.648034363626E-02,8.347574416348E-02,9.998031801332E-02,
    0.116453562429,0.133787455732,0.150582398826,0.167003889564,
    0.183421183117,0.199831572897,0.216243077967,0.232654966281,
    0.249069049,0.265493630469,0.281929899437,0.298422530809,
    0.314972313288,0.331595845732,0.348279560524,0.365009232075,
    0.38168560036,0.398277240471,0.414799735375,0.431302994143,
    0.448140075223,0.464749604184,0.481553115126,0.498808354232,
    0.516050152658,0.532842545742,0.550335828942,0.567153130692,
    0.583652514422,0.600175882991,0.616768685323,0.633448038712,
    0.650182180915,0.666869665762,0.683497438564,0.700056495454,
    0.716547762365,0.732983596882,0.749407921308,0.765822295641,
    0.782233728406,0.798646209918,0.81505724388,0.831476734885,
    0.847901722287,0.864693603231,0.881980563987,0.898448960139,
    0.915352013848,0.932295303855,0.949097785181,0.966200565614,
0.982806308198,1.),.UNSPECIFIED.) GEOMETRIC_REPRESENTATION_ITEM() 
RATIONAL_B_SPLINE_SURFACE((
    (1.,0.999999999979,1.00000000001,0.999999999997,1.000000000001,1.,1.
      ,1.,1.,1.,1.,1.,1.,1.,1.,1.,1.,1.,1.,1.,1.,1.,1.,1.,1.,1.,1.,1.,1.
      ,1.,1.,1.,1.,1.,1.,1.,1.,1.,1.,1.,1.,1.,1.,1.,1.,1.,1.,1.,1.,1.,1.
      ,1.,1.,1.,1.,1.,1.,1.,0.999999999998,1.000000000007,0.999999999976
      ,1.000000000054,1.)
    ,(1.,0.999999999979,1.00000000001,0.999999999997,1.000000000001,1.
      ,1.,1.,1.,1.,1.,1.,1.,1.,1.,1.,1.,1.,1.,1.,1.,1.,1.,1.,1.,1.,1.,1.
      ,1.,1.,1.,1.,1.,1.,1.,1.,1.,1.,1.,1.,1.,1.,1.,1.,1.,1.,1.,1.,1.,1.
      ,1.,1.,1.,1.,1.,1.,1.,1.,0.999999999998,1.000000000007
,0.999999999976,1.000000000054,1.
  ))) REPRESENTATION_ITEM('') SURFACE() );
#8341 = CARTESIAN_POINT('',(-679.0382,2.043613898724,68.486819374197));
#8342 = CARTESIAN_POINT('',(-677.9018430398,0.812139492348,
    68.586264241778));
#8343 = CARTESIAN_POINT('',(-674.6570379481,2.473743327431,
    68.345914957492));
#8344 = CARTESIAN_POINT('',(-670.4801286148,2.174468461975,
    68.313156850401));
#8345 = CARTESIAN_POINT('',(-666.2529876958,1.305827346102,
    68.303689084595));
#8346 = CARTESIAN_POINT('',(-661.8309289879,1.135323416234,
    68.187727377646));
#8347 = CARTESIAN_POINT('',(-657.7320144142,0.691088522541,
    68.11455032911));
#8348 = CARTESIAN_POINT('',(-653.3812140229,1.351011227315,
    67.908950838565));
#8349 = CARTESIAN_POINT('',(-648.9513854559,1.052119819763,
    67.853313969693));
#8350 = CARTESIAN_POINT('',(-644.9070855266,3.21444942072,67.45892147632
    ));
#8351 = CARTESIAN_POINT('',(-640.582063889,3.687738113408,
    67.337694899641));
#8352 = CARTESIAN_POINT('',(-636.2554682792,3.726507336455,
    67.318433911438));
#8353 = CARTESIAN_POINT('',(-631.9824711096,3.77418816007,
    67.322368740379));
#8354 = CARTESIAN_POINT('',(-627.7019615338,3.846779480873,
    67.318629982361));
#8355 = CARTESIAN_POINT('',(-623.4245711463,3.855395183747,
    67.336676561851));
#8356 = CARTESIAN_POINT('',(-619.1463832312,3.834765103994,
    67.361522577782));
#8357 = CARTESIAN_POINT('',(-614.8669156658,3.843737237089,
    67.394693721498));
#8358 = CARTESIAN_POINT('',(-610.5898165078,3.890192398141,
    67.42184377878));
#8359 = CARTESIAN_POINT('',(-606.3045105877,3.87178607507,
    67.501934130624));
#8360 = CARTESIAN_POINT('',(-602.0277566031,3.972760371076,
    67.543469264083));
#8361 = CARTESIAN_POINT('',(-597.7466019923,4.239517698456,
    67.653993508229));
#8362 = CARTESIAN_POINT('',(-593.4714143357,4.324392256531,
    67.466144390624));
#8363 = CARTESIAN_POINT('',(-589.1936176105,4.493882810483,
    67.355984875874));
#8364 = CARTESIAN_POINT('',(-584.9304153006,4.736518383242,
    67.231061568844));
#8365 = CARTESIAN_POINT('',(-580.6563793824,4.923252813251,
    67.198243395098));
#8366 = CARTESIAN_POINT('',(-576.3740763318,5.027867496206,
    67.270246706073));
#8367 = CARTESIAN_POINT('',(-572.0987272234,4.985321539321,
    67.290931604595));
#8368 = CARTESIAN_POINT('',(-567.7524952784,5.050559413462,
    67.798896286388));
#8369 = CARTESIAN_POINT('',(-563.5775738445,3.230039902471,
    67.104707735193));
#8370 = CARTESIAN_POINT('',(-559.225311783,3.098489753268,66.74756454318
    ));
#8371 = CARTESIAN_POINT('',(-554.9153030247,1.822070626673,
    65.968668797672));
#8372 = CARTESIAN_POINT('',(-550.6950514656,-0.166459360729,
    66.35140571947));
#8373 = CARTESIAN_POINT('',(-546.5054520859,-2.311516654291,
    65.761555043428));
#8374 = CARTESIAN_POINT('',(-542.014622175,-2.97890164211,
    66.399694525572));
#8375 = CARTESIAN_POINT('',(-537.9789076762,-5.353623192234,
    66.461799657804));
#8376 = CARTESIAN_POINT('',(-533.6216797195,-6.663272722894,
    66.908261710547));
#8377 = CARTESIAN_POINT('',(-529.3043766466,-6.991216138574,
    66.280190122757));
#8378 = CARTESIAN_POINT('',(-525.0222934397,-7.330004006593,
    66.137349156707));
#8379 = CARTESIAN_POINT('',(-520.7416746921,-7.40500654836,
    66.046810678125));
#8380 = CARTESIAN_POINT('',(-516.4671704399,-7.407743302799,
    66.128903253192));
#8381 = CARTESIAN_POINT('',(-512.204407681,-7.365389283174,
    66.294851787618));
#8382 = CARTESIAN_POINT('',(-507.9265429784,-7.43820857505,
    66.39614340594));
#8383 = CARTESIAN_POINT('',(-503.6502824349,-7.567894463976,
    66.694855112356));
#8384 = CARTESIAN_POINT('',(-499.3719688989,-7.505456429466,
    66.223143850683));
#8385 = CARTESIAN_POINT('',(-495.0930022696,-7.563956893488,
    66.305142122435));
#8386 = CARTESIAN_POINT('',(-490.8081538754,-7.699414465552,
    66.248078777172));
#8387 = CARTESIAN_POINT('',(-486.5308534552,-7.711705430694,
    66.285942475897));
#8388 = CARTESIAN_POINT('',(-482.2516859036,-7.741077468611,
    66.330382601398));
#8389 = CARTESIAN_POINT('',(-477.9730655022,-7.753955309768,
    66.381182995021));
#8390 = CARTESIAN_POINT('',(-473.6960456193,-7.632453129574,
    66.444792581369));
#8391 = CARTESIAN_POINT('',(-469.4152062773,-7.589901239496,
    66.494645004293));
#8392 = CARTESIAN_POINT('',(-465.1421872703,-7.274538738888,
    66.586800812715));
#8393 = CARTESIAN_POINT('',(-460.8166932288,-7.424549269702,
    66.621983275392));
#8394 = CARTESIAN_POINT('',(-456.4952571487,-6.100391906838,
    66.943705957945));
#8395 = CARTESIAN_POINT('',(-452.4504000069,-3.335110425155,
    67.474729750161));
#8396 = CARTESIAN_POINT('',(-447.9424683801,-3.936381396785,
    67.542269290201));
#8397 = CARTESIAN_POINT('',(-443.7524033406,-1.534534633,67.996839564541
    ));
#8398 = CARTESIAN_POINT('',(-439.4974420849,-1.579862962217,
    68.18142163716));
#8399 = CARTESIAN_POINT('',(-435.1419433011,-2.029762552571,
    68.251066182745));
#8400 = CARTESIAN_POINT('',(-430.9728274171,-3.130079700129,
    68.242579407494));
#8401 = CARTESIAN_POINT('',(-426.6766705817,-2.762746653615,
    68.406459294532));
#8402 = CARTESIAN_POINT('',(-423.4568555526,-0.723102446891,
    68.654662752875));
#8403 = CARTESIAN_POINT('',(-422.3597,-3.357260749193,68.419171323718));
#8404 = CARTESIAN_POINT('',(-679.0382,2.446107251851,68.463900728945));
#8405 = CARTESIAN_POINT('',(-677.9018430398,1.411327853074,
    68.534284678832));
#8406 = CARTESIAN_POINT('',(-674.6570379481,2.936135845797,
    68.310975708848));
#8407 = CARTESIAN_POINT('',(-670.4801286148,2.820657651556,
    68.246972473366));
#8408 = CARTESIAN_POINT('',(-666.2529876958,1.993625316359,
    68.229558821274));
#8409 = CARTESIAN_POINT('',(-661.8309289879,1.778021045758,
    68.116108198794));
#8410 = CARTESIAN_POINT('',(-657.7320144142,1.570195950001,
    67.998051333941));
#8411 = CARTESIAN_POINT('',(-653.3812140229,2.273226848804,
    67.773713645523));
#8412 = CARTESIAN_POINT('',(-648.9513854559,2.007936389884,
    67.70121360369));
#8413 = CARTESIAN_POINT('',(-644.9070855266,4.362063705283,
    67.263486481581));
#8414 = CARTESIAN_POINT('',(-640.582063889,5.013550215642,
    67.098853063839));
#8415 = CARTESIAN_POINT('',(-636.2554682792,5.041120471748,
    67.068881365413));
#8416 = CARTESIAN_POINT('',(-631.9824711096,5.124677450201,
    67.054494274143));
#8417 = CARTESIAN_POINT('',(-627.7019615338,5.19971884809,
    67.038807044666));
#8418 = CARTESIAN_POINT('',(-623.4245711463,5.220723114625,
    67.040699987093));
#8419 = CARTESIAN_POINT('',(-619.1463832312,5.205619639152,
    67.047857629786));
#8420 = CARTESIAN_POINT('',(-614.8669156658,5.20394780102,
    67.065264756908));
#8421 = CARTESIAN_POINT('',(-610.5898165078,5.225324960263,
    67.076342606352));
#8422 = CARTESIAN_POINT('',(-606.3045105877,5.180952781515,
    67.141882263185));
#8423 = CARTESIAN_POINT('',(-602.0277566031,5.218532605545,
    67.159158453781));
#8424 = CARTESIAN_POINT('',(-597.7466019923,5.438889485676,
    67.295297624047));
#8425 = CARTESIAN_POINT('',(-593.4714143357,5.446591940374,
    67.093155830736));
#8426 = CARTESIAN_POINT('',(-589.1936176105,5.536561717005,
    66.975126911333));
#8427 = CARTESIAN_POINT('',(-584.9304153006,5.690778685929,
    66.838544698972));
#8428 = CARTESIAN_POINT('',(-580.6563793824,5.787686050324,
    66.794616594345));
#8429 = CARTESIAN_POINT('',(-576.3740763318,5.806700805897,
    66.869568276224));
#8430 = CARTESIAN_POINT('',(-572.0987272234,5.691588893226,
    66.916450529046));
#8431 = CARTESIAN_POINT('',(-567.7524952784,5.675959482525,
    67.464213223528));
#8432 = CARTESIAN_POINT('',(-563.5775738445,3.879274615265,
    66.866953381742));
#8433 = CARTESIAN_POINT('',(-559.225311783,3.727006788645,
    66.594722142613));
#8434 = CARTESIAN_POINT('',(-554.9153030247,2.50010218329,
    65.878549849362));
#8435 = CARTESIAN_POINT('',(-550.6950514656,0.485806606806,
    66.343023797075));
#8436 = CARTESIAN_POINT('',(-546.5054520859,-1.62877546289,
    65.84022474023));
#8437 = CARTESIAN_POINT('',(-542.014622175,-2.337609010342,
    66.518931033533));
#8438 = CARTESIAN_POINT('',(-537.9789076762,-4.68329823045,
    66.648212342523));
#8439 = CARTESIAN_POINT('',(-533.6216797195,-6.007725387879,
    67.176713492287));
#8440 = CARTESIAN_POINT('',(-529.3043766466,-6.252251278833,
    66.584414729587));
#8441 = CARTESIAN_POINT('',(-525.0222934397,-6.51836413826,
    66.467386141492));
#8442 = CARTESIAN_POINT('',(-520.7416746921,-6.517229989463,
    66.400001021728));
#8443 = CARTESIAN_POINT('',(-516.4671704399,-6.436573944289,
    66.480394279134));
#8444 = CARTESIAN_POINT('',(-512.204407681,-6.311036393768,
    66.641983711814));
#8445 = CARTESIAN_POINT('',(-507.9265429784,-6.307610955027,
    66.742395358071));
#8446 = CARTESIAN_POINT('',(-503.6502824349,-6.359288620574,
    67.027046362319));
#8447 = CARTESIAN_POINT('',(-499.3719688989,-6.257494523699,
    66.604386417191));
#8448 = CARTESIAN_POINT('',(-495.0930022696,-6.253279981972,
    66.657885615995));
#8449 = CARTESIAN_POINT('',(-490.8081538754,-6.362069691345,
    66.587282699467));
#8450 = CARTESIAN_POINT('',(-486.5308534552,-6.350813189296,
    66.607473541198));
#8451 = CARTESIAN_POINT('',(-482.2516859036,-6.371568740452,
    66.633000930382));
#8452 = CARTESIAN_POINT('',(-477.9730655022,-6.383997677544,
    66.665250604158));
#8453 = CARTESIAN_POINT('',(-473.6960456193,-6.279597713208,
    66.710302385407));
#8454 = CARTESIAN_POINT('',(-469.4152062773,-6.240040425427,
    66.746587814005));
#8455 = CARTESIAN_POINT('',(-465.1421872703,-5.957476318873,
    66.820280040497));
#8456 = CARTESIAN_POINT('',(-460.8166932288,-6.123027617677,
    66.838582613653));
#8457 = CARTESIAN_POINT('',(-456.4952571487,-4.89818447645,
    67.130108034256));
#8458 = CARTESIAN_POINT('',(-452.4504000069,-2.329462768229,
    67.616398683233));
#8459 = CARTESIAN_POINT('',(-447.9424683801,-2.936475062718,
    67.669941565922));
#8460 = CARTESIAN_POINT('',(-443.7524033406,-0.687399591754,
    68.091265136369));
#8461 = CARTESIAN_POINT('',(-439.4974420849,-0.917320053505,
    68.237978418611));
#8462 = CARTESIAN_POINT('',(-435.1419433011,-1.4039396787,
    68.295288168841));
#8463 = CARTESIAN_POINT('',(-430.9728274171,-2.562284237066,
    68.275407393525));
#8464 = CARTESIAN_POINT('',(-426.6766705817,-2.354286404306,
    68.411335097216));
#8465 = CARTESIAN_POINT('',(-423.4568555526,-0.312333783492,
    68.653081092677));
#8466 = CARTESIAN_POINT('',(-422.3597,-2.969809308026,68.415282435132));
#8467 = DEFINITIONAL_REPRESENTATION('',(#8468),#8472);
#8468 = LINE('',#8469,#8470);
#8469 = CARTESIAN_POINT('',(32.,0.));
#8470 = VECTOR('',#8471,1.);
#8471 = DIRECTION('',(0.,1.));
#8472 = ( GEOMETRIC_REPRESENTATION_CONTEXT(2) 
PARAMETRIC_REPRESENTATION_CONTEXT() REPRESENTATION_CONTEXT('2D SPACE',''
  ) );
#8473 = ORIENTED_EDGE('',*,*,#8474,.F.);
#8474 = EDGE_CURVE('',#8011,#8265,#8475,.T.);
#8475 = SURFACE_CURVE('',#8476,(#8479,#8486),.PCURVE_S1.);
#8476 = B_SPLINE_CURVE_WITH_KNOTS('',1,(#8477,#8478),.UNSPECIFIED.,.F.,
  .F.,(2,2),(31.,32.),.PIECEWISE_BEZIER_KNOTS.);
#8477 = CARTESIAN_POINT('',(-422.3597,-3.744165619661,68.439744755399));
#8478 = CARTESIAN_POINT('',(-422.3597,-3.357260749193,68.419171323718));
#8479 = PCURVE('',#8086,#8480);
#8480 = DEFINITIONAL_REPRESENTATION('',(#8481),#8485);
#8481 = LINE('',#8482,#8483);
#8482 = CARTESIAN_POINT('',(0.,1.));
#8483 = VECTOR('',#8484,1.);
#8484 = DIRECTION('',(1.,0.));
#8485 = ( GEOMETRIC_REPRESENTATION_CONTEXT(2) 
PARAMETRIC_REPRESENTATION_CONTEXT() REPRESENTATION_CONTEXT('2D SPACE',''
  ) );
#8486 = PCURVE('',#401,#8487);
#8487 = DEFINITIONAL_REPRESENTATION('',(#8488),#8491);
#8488 = B_SPLINE_CURVE_WITH_KNOTS('',1,(#8489,#8490),.UNSPECIFIED.,.F.,
  .F.,(2,2),(31.,32.),.PIECEWISE_BEZIER_KNOTS.);
#8489 = CARTESIAN_POINT('',(3.462516338514,-0.345596162047));
#8490 = CARTESIAN_POINT('',(3.07513880184,-0.353165109365));
#8491 = ( GEOMETRIC_REPRESENTATION_CONTEXT(2) 
PARAMETRIC_REPRESENTATION_CONTEXT() REPRESENTATION_CONTEXT('2D SPACE',''
  ) );
#8492 = ORIENTED_EDGE('',*,*,#8010,.F.);
#8493 = ADVANCED_FACE('',(#8494),#8340,.T.);
#8494 = FACE_BOUND('',#8495,.T.);
#8495 = EDGE_LOOP('',(#8496,#8517,#8727,#8746));
#8496 = ORIENTED_EDGE('',*,*,#8497,.T.);
#8497 = EDGE_CURVE('',#8244,#8498,#8500,.T.);
#8498 = VERTEX_POINT('',#8499);
#8499 = CARTESIAN_POINT('',(-679.0382,2.446107251851,68.463900728945));
#8500 = SURFACE_CURVE('',#8501,(#8504,#8511),.PCURVE_S1.);
#8501 = B_SPLINE_CURVE_WITH_KNOTS('',1,(#8502,#8503),.UNSPECIFIED.,.F.,
  .F.,(2,2),(32.,33.),.PIECEWISE_BEZIER_KNOTS.);
#8502 = CARTESIAN_POINT('',(-679.0382,2.043613898724,68.486819374197));
#8503 = CARTESIAN_POINT('',(-679.0382,2.446107251851,68.463900728945));
#8504 = PCURVE('',#8340,#8505);
#8505 = DEFINITIONAL_REPRESENTATION('',(#8506),#8510);
#8506 = LINE('',#8507,#8508);
#8507 = CARTESIAN_POINT('',(0.,0.));
#8508 = VECTOR('',#8509,1.);
#8509 = DIRECTION('',(1.,0.));
#8510 = ( GEOMETRIC_REPRESENTATION_CONTEXT(2) 
PARAMETRIC_REPRESENTATION_CONTEXT() REPRESENTATION_CONTEXT('2D SPACE',''
  ) );
#8511 = PCURVE('',#165,#8512);
#8512 = DEFINITIONAL_REPRESENTATION('',(#8513),#8516);
#8513 = B_SPLINE_CURVE_WITH_KNOTS('',1,(#8514,#8515),.UNSPECIFIED.,.F.,
  .F.,(2,2),(32.,33.),.PIECEWISE_BEZIER_KNOTS.);
#8514 = CARTESIAN_POINT('',(2.366323112803,0.860406142841));
#8515 = CARTESIAN_POINT('',(1.963410483878,0.846710265207));
#8516 = ( GEOMETRIC_REPRESENTATION_CONTEXT(2) 
PARAMETRIC_REPRESENTATION_CONTEXT() REPRESENTATION_CONTEXT('2D SPACE',''
  ) );
#8517 = ORIENTED_EDGE('',*,*,#8518,.T.);
#8518 = EDGE_CURVE('',#8498,#8519,#8521,.T.);
#8519 = VERTEX_POINT('',#8520);
#8520 = CARTESIAN_POINT('',(-422.3597,-2.969809308026,68.415282435132));
#8521 = SURFACE_CURVE('',#8522,(#8586,#8593),.PCURVE_S1.);
#8522 = ( BOUNDED_CURVE() B_SPLINE_CURVE(3,(#8523,#8524,#8525,#8526,
    #8527,#8528,#8529,#8530,#8531,#8532,#8533,#8534,#8535,#8536,#8537,
    #8538,#8539,#8540,#8541,#8542,#8543,#8544,#8545,#8546,#8547,#8548,
    #8549,#8550,#8551,#8552,#8553,#8554,#8555,#8556,#8557,#8558,#8559,
    #8560,#8561,#8562,#8563,#8564,#8565,#8566,#8567,#8568,#8569,#8570,
    #8571,#8572,#8573,#8574,#8575,#8576,#8577,#8578,#8579,#8580,#8581,
    #8582,#8583,#8584,#8585),.UNSPECIFIED.,.F.,.F.) 
B_SPLINE_CURVE_WITH_KNOTS((4,1,1,1,1,1,1,1,1,1,1,1,1,1,1,1,1,1,1,1,1,1,1
    ,1,1,1,1,1,1,1,1,1,1,1,1,1,1,1,1,1,1,1,1,1,1,1,1,1,1,1,1,1,1,1,1,1,1
    ,1,1,1,4),(0.,1.671164831231E-02,3.327803306227E-02,
    5.000925566809E-02,6.648034363626E-02,8.347574416348E-02,
    9.998031801332E-02,0.116453562429,0.133787455732,0.150582398826,
    0.167003889564,0.183421183117,0.199831572897,0.216243077967,
    0.232654966281,0.249069049,0.265493630469,0.281929899437,
    0.298422530809,0.314972313288,0.331595845732,0.348279560524,
    0.365009232075,0.38168560036,0.398277240471,0.414799735375,
    0.431302994143,0.448140075223,0.464749604184,0.481553115126,
    0.498808354232,0.516050152658,0.532842545742,0.550335828942,
    0.567153130692,0.583652514422,0.600175882991,0.616768685323,
    0.633448038712,0.650182180915,0.666869665762,0.683497438564,
    0.700056495454,0.716547762365,0.732983596882,0.749407921308,
    0.765822295641,0.782233728406,0.798646209918,0.81505724388,
    0.831476734885,0.847901722287,0.864693603231,0.881980563987,
    0.898448960139,0.915352013848,0.932295303855,0.949097785181,
0.966200565614,0.982806308198,1.),.UNSPECIFIED.) CURVE() 
GEOMETRIC_REPRESENTATION_ITEM() RATIONAL_B_SPLINE_CURVE((1.,
    0.999999999979,1.00000000001,0.999999999997,1.000000000001,1.,1.,1.,
    1.,1.,1.,1.,1.,1.,1.,1.,1.,1.,1.,1.,1.,1.,1.,1.,1.,1.,1.,1.,1.,1.,1.
    ,1.,1.,1.,1.,1.,1.,1.,1.,1.,1.,1.,1.,1.,1.,1.,1.,1.,1.,1.,1.,1.,1.,
    1.,1.,1.,1.,1.,0.999999999998,1.000000000007,0.999999999976,
1.000000000054,1.)) REPRESENTATION_ITEM('') );
#8523 = CARTESIAN_POINT('',(-679.0382,2.446107251851,68.463900728945));
#8524 = CARTESIAN_POINT('',(-677.9018430398,1.411327853074,
    68.534284678832));
#8525 = CARTESIAN_POINT('',(-674.6570379481,2.936135845797,
    68.310975708848));
#8526 = CARTESIAN_POINT('',(-670.4801286148,2.820657651556,
    68.246972473366));
#8527 = CARTESIAN_POINT('',(-666.2529876958,1.993625316359,
    68.229558821274));
#8528 = CARTESIAN_POINT('',(-661.8309289879,1.778021045758,
    68.116108198794));
#8529 = CARTESIAN_POINT('',(-657.7320144142,1.570195950001,
    67.998051333941));
#8530 = CARTESIAN_POINT('',(-653.3812140229,2.273226848804,
    67.773713645523));
#8531 = CARTESIAN_POINT('',(-648.9513854559,2.007936389884,
    67.70121360369));
#8532 = CARTESIAN_POINT('',(-644.9070855266,4.362063705283,
    67.263486481581));
#8533 = CARTESIAN_POINT('',(-640.582063889,5.013550215642,
    67.098853063839));
#8534 = CARTESIAN_POINT('',(-636.2554682792,5.041120471748,
    67.068881365413));
#8535 = CARTESIAN_POINT('',(-631.9824711096,5.124677450201,
    67.054494274143));
#8536 = CARTESIAN_POINT('',(-627.7019615338,5.19971884809,
    67.038807044666));
#8537 = CARTESIAN_POINT('',(-623.4245711463,5.220723114625,
    67.040699987093));
#8538 = CARTESIAN_POINT('',(-619.1463832312,5.205619639152,
    67.047857629786));
#8539 = CARTESIAN_POINT('',(-614.8669156658,5.20394780102,
    67.065264756908));
#8540 = CARTESIAN_POINT('',(-610.5898165078,5.225324960263,
    67.076342606352));
#8541 = CARTESIAN_POINT('',(-606.3045105877,5.180952781515,
    67.141882263185));
#8542 = CARTESIAN_POINT('',(-602.0277566031,5.218532605545,
    67.159158453781));
#8543 = CARTESIAN_POINT('',(-597.7466019923,5.438889485676,
    67.295297624047));
#8544 = CARTESIAN_POINT('',(-593.4714143357,5.446591940374,
    67.093155830736));
#8545 = CARTESIAN_POINT('',(-589.1936176105,5.536561717005,
    66.975126911333));
#8546 = CARTESIAN_POINT('',(-584.9304153006,5.690778685929,
    66.838544698972));
#8547 = CARTESIAN_POINT('',(-580.6563793824,5.787686050324,
    66.794616594345));
#8548 = CARTESIAN_POINT('',(-576.3740763318,5.806700805897,
    66.869568276224));
#8549 = CARTESIAN_POINT('',(-572.0987272234,5.691588893226,
    66.916450529046));
#8550 = CARTESIAN_POINT('',(-567.7524952784,5.675959482525,
    67.464213223528));
#8551 = CARTESIAN_POINT('',(-563.5775738445,3.879274615265,
    66.866953381742));
#8552 = CARTESIAN_POINT('',(-559.225311783,3.727006788645,
    66.594722142613));
#8553 = CARTESIAN_POINT('',(-554.9153030247,2.50010218329,
    65.878549849362));
#8554 = CARTESIAN_POINT('',(-550.6950514656,0.485806606806,
    66.343023797075));
#8555 = CARTESIAN_POINT('',(-546.5054520859,-1.62877546289,
    65.84022474023));
#8556 = CARTESIAN_POINT('',(-542.014622175,-2.337609010342,
    66.518931033533));
#8557 = CARTESIAN_POINT('',(-537.9789076762,-4.68329823045,
    66.648212342523));
#8558 = CARTESIAN_POINT('',(-533.6216797195,-6.007725387879,
    67.176713492287));
#8559 = CARTESIAN_POINT('',(-529.3043766466,-6.252251278833,
    66.584414729587));
#8560 = CARTESIAN_POINT('',(-525.0222934397,-6.51836413826,
    66.467386141492));
#8561 = CARTESIAN_POINT('',(-520.7416746921,-6.517229989463,
    66.400001021728));
#8562 = CARTESIAN_POINT('',(-516.4671704399,-6.436573944289,
    66.480394279134));
#8563 = CARTESIAN_POINT('',(-512.204407681,-6.311036393768,
    66.641983711814));
#8564 = CARTESIAN_POINT('',(-507.9265429784,-6.307610955027,
    66.742395358071));
#8565 = CARTESIAN_POINT('',(-503.6502824349,-6.359288620574,
    67.027046362319));
#8566 = CARTESIAN_POINT('',(-499.3719688989,-6.257494523699,
    66.604386417191));
#8567 = CARTESIAN_POINT('',(-495.0930022696,-6.253279981972,
    66.657885615995));
#8568 = CARTESIAN_POINT('',(-490.8081538754,-6.362069691345,
    66.587282699467));
#8569 = CARTESIAN_POINT('',(-486.5308534552,-6.350813189296,
    66.607473541198));
#8570 = CARTESIAN_POINT('',(-482.2516859036,-6.371568740452,
    66.633000930382));
#8571 = CARTESIAN_POINT('',(-477.9730655022,-6.383997677544,
    66.665250604158));
#8572 = CARTESIAN_POINT('',(-473.6960456193,-6.279597713208,
    66.710302385407));
#8573 = CARTESIAN_POINT('',(-469.4152062773,-6.240040425427,
    66.746587814005));
#8574 = CARTESIAN_POINT('',(-465.1421872703,-5.957476318873,
    66.820280040497));
#8575 = CARTESIAN_POINT('',(-460.8166932288,-6.123027617677,
    66.838582613653));
#8576 = CARTESIAN_POINT('',(-456.4952571487,-4.89818447645,
    67.130108034256));
#8577 = CARTESIAN_POINT('',(-452.4504000069,-2.329462768229,
    67.616398683233));
#8578 = CARTESIAN_POINT('',(-447.9424683801,-2.936475062718,
    67.669941565922));
#8579 = CARTESIAN_POINT('',(-443.7524033406,-0.687399591754,
    68.091265136369));
#8580 = CARTESIAN_POINT('',(-439.4974420849,-0.917320053505,
    68.237978418611));
#8581 = CARTESIAN_POINT('',(-435.1419433011,-1.4039396787,
    68.295288168841));
#8582 = CARTESIAN_POINT('',(-430.9728274171,-2.562284237066,
    68.275407393525));
#8583 = CARTESIAN_POINT('',(-426.6766705817,-2.354286404306,
    68.411335097216));
#8584 = CARTESIAN_POINT('',(-423.4568555526,-0.312333783492,
    68.653081092677));
#8585 = CARTESIAN_POINT('',(-422.3597,-2.969809308026,68.415282435132));
#8586 = PCURVE('',#8340,#8587);
#8587 = DEFINITIONAL_REPRESENTATION('',(#8588),#8592);
#8588 = LINE('',#8589,#8590);
#8589 = CARTESIAN_POINT('',(33.,0.));
#8590 = VECTOR('',#8591,1.);
#8591 = DIRECTION('',(0.,1.));
#8592 = ( GEOMETRIC_REPRESENTATION_CONTEXT(2) 
PARAMETRIC_REPRESENTATION_CONTEXT() REPRESENTATION_CONTEXT('2D SPACE',''
  ) );
#8593 = PCURVE('',#8594,#8721);
#8594 = ( BOUNDED_SURFACE() B_SPLINE_SURFACE(1,3,(
    (#8595,#8596,#8597,#8598,#8599,#8600,#8601,#8602,#8603,#8604,#8605
      ,#8606,#8607,#8608,#8609,#8610,#8611,#8612,#8613,#8614,#8615,#8616
      ,#8617,#8618,#8619,#8620,#8621,#8622,#8623,#8624,#8625,#8626,#8627
      ,#8628,#8629,#8630,#8631,#8632,#8633,#8634,#8635,#8636,#8637,#8638
      ,#8639,#8640,#8641,#8642,#8643,#8644,#8645,#8646,#8647,#8648,#8649
      ,#8650,#8651,#8652,#8653,#8654,#8655,#8656,#8657)
    ,(#8658,#8659,#8660,#8661,#8662,#8663,#8664,#8665,#8666,#8667,#8668
      ,#8669,#8670,#8671,#8672,#8673,#8674,#8675,#8676,#8677,#8678,#8679
      ,#8680,#8681,#8682,#8683,#8684,#8685,#8686,#8687,#8688,#8689,#8690
      ,#8691,#8692,#8693,#8694,#8695,#8696,#8697,#8698,#8699,#8700,#8701
      ,#8702,#8703,#8704,#8705,#8706,#8707,#8708,#8709,#8710,#8711,#8712
      ,#8713,#8714,#8715,#8716,#8717,#8718,#8719,#8720
)),.UNSPECIFIED.,.F.,.F.,.F.) B_SPLINE_SURFACE_WITH_KNOTS((2,2),(4,1,1,1
    ,1,1,1,1,1,1,1,1,1,1,1,1,1,1,1,1,1,1,1,1,1,1,1,1,1,1,1,1,1,1,1,1,1,1
    ,1,1,1,1,1,1,1,1,1,1,1,1,1,1,1,1,1,1,1,1,1,1,4),(33.,34.),(0.,
    1.671164831231E-02,3.327803306227E-02,5.000925566809E-02,
    6.648034363626E-02,8.347574416348E-02,9.998031801332E-02,
    0.116453562429,0.133787455732,0.150582398826,0.167003889564,
    0.183421183117,0.199831572897,0.216243077967,0.232654966281,
    0.249069049,0.265493630469,0.281929899437,0.298422530809,
    0.314972313288,0.331595845732,0.348279560524,0.365009232075,
    0.38168560036,0.398277240471,0.414799735375,0.431302994143,
    0.448140075223,0.464749604184,0.481553115126,0.498808354232,
    0.516050152658,0.532842545742,0.550335828942,0.567153130692,
    0.583652514422,0.600175882991,0.616768685323,0.633448038712,
    0.650182180915,0.666869665762,0.683497438564,0.700056495454,
    0.716547762365,0.732983596882,0.749407921308,0.765822295641,
    0.782233728406,0.798646209918,0.81505724388,0.831476734885,
    0.847901722287,0.864693603231,0.881980563987,0.898448960139,
    0.915352013848,0.932295303855,0.949097785181,0.966200565614,
0.982806308198,1.),.UNSPECIFIED.) GEOMETRIC_REPRESENTATION_ITEM() 
RATIONAL_B_SPLINE_SURFACE((
    (1.,0.999999999979,1.00000000001,0.999999999997,1.000000000001,1.,1.
      ,1.,1.,1.,1.,1.,1.,1.,1.,1.,1.,1.,1.,1.,1.,1.,1.,1.,1.,1.,1.,1.,1.
      ,1.,1.,1.,1.,1.,1.,1.,1.,1.,1.,1.,1.,1.,1.,1.,1.,1.,1.,1.,1.,1.,1.
      ,1.,1.,1.,1.,1.,1.,1.,0.999999999998,1.000000000007,0.999999999976
      ,1.000000000054,1.)
    ,(1.,0.999999999979,1.00000000001,0.999999999997,1.000000000001,1.
      ,1.,1.,1.,1.,1.,1.,1.,1.,1.,1.,1.,1.,1.,1.,1.,1.,1.,1.,1.,1.,1.,1.
      ,1.,1.,1.,1.,1.,1.,1.,1.,1.,1.,1.,1.,1.,1.,1.,1.,1.,1.,1.,1.,1.,1.
      ,1.,1.,1.,1.,1.,1.,1.,1.,0.999999999998,1.000000000007
,0.999999999976,1.000000000054,1.
  ))) REPRESENTATION_ITEM('') SURFACE() );
#8595 = CARTESIAN_POINT('',(-679.0382,2.446107251851,68.463900728945));
#8596 = CARTESIAN_POINT('',(-677.9018430398,1.411327853074,
    68.534284678832));
#8597 = CARTESIAN_POINT('',(-674.6570379481,2.936135845797,
    68.310975708848));
#8598 = CARTESIAN_POINT('',(-670.4801286148,2.820657651556,
    68.246972473366));
#8599 = CARTESIAN_POINT('',(-666.2529876958,1.993625316359,
    68.229558821274));
#8600 = CARTESIAN_POINT('',(-661.8309289879,1.778021045758,
    68.116108198794));
#8601 = CARTESIAN_POINT('',(-657.7320144142,1.570195950001,
    67.998051333941));
#8602 = CARTESIAN_POINT('',(-653.3812140229,2.273226848804,
    67.773713645523));
#8603 = CARTESIAN_POINT('',(-648.9513854559,2.007936389884,
    67.70121360369));
#8604 = CARTESIAN_POINT('',(-644.9070855266,4.362063705283,
    67.263486481581));
#8605 = CARTESIAN_POINT('',(-640.582063889,5.013550215642,
    67.098853063839));
#8606 = CARTESIAN_POINT('',(-636.2554682792,5.041120471748,
    67.068881365413));
#8607 = CARTESIAN_POINT('',(-631.9824711096,5.124677450201,
    67.054494274143));
#8608 = CARTESIAN_POINT('',(-627.7019615338,5.19971884809,
    67.038807044666));
#8609 = CARTESIAN_POINT('',(-623.4245711463,5.220723114625,
    67.040699987093));
#8610 = CARTESIAN_POINT('',(-619.1463832312,5.205619639152,
    67.047857629786));
#8611 = CARTESIAN_POINT('',(-614.8669156658,5.20394780102,
    67.065264756908));
#8612 = CARTESIAN_POINT('',(-610.5898165078,5.225324960263,
    67.076342606352));
#8613 = CARTESIAN_POINT('',(-606.3045105877,5.180952781515,
    67.141882263185));
#8614 = CARTESIAN_POINT('',(-602.0277566031,5.218532605545,
    67.159158453781));
#8615 = CARTESIAN_POINT('',(-597.7466019923,5.438889485676,
    67.295297624047));
#8616 = CARTESIAN_POINT('',(-593.4714143357,5.446591940374,
    67.093155830736));
#8617 = CARTESIAN_POINT('',(-589.1936176105,5.536561717005,
    66.975126911333));
#8618 = CARTESIAN_POINT('',(-584.9304153006,5.690778685929,
    66.838544698972));
#8619 = CARTESIAN_POINT('',(-580.6563793824,5.787686050324,
    66.794616594345));
#8620 = CARTESIAN_POINT('',(-576.3740763318,5.806700805897,
    66.869568276224));
#8621 = CARTESIAN_POINT('',(-572.0987272234,5.691588893226,
    66.916450529046));
#8622 = CARTESIAN_POINT('',(-567.7524952784,5.675959482525,
    67.464213223528));
#8623 = CARTESIAN_POINT('',(-563.5775738445,3.879274615265,
    66.866953381742));
#8624 = CARTESIAN_POINT('',(-559.225311783,3.727006788645,
    66.594722142613));
#8625 = CARTESIAN_POINT('',(-554.9153030247,2.50010218329,
    65.878549849362));
#8626 = CARTESIAN_POINT('',(-550.6950514656,0.485806606806,
    66.343023797075));
#8627 = CARTESIAN_POINT('',(-546.5054520859,-1.62877546289,
    65.84022474023));
#8628 = CARTESIAN_POINT('',(-542.014622175,-2.337609010342,
    66.518931033533));
#8629 = CARTESIAN_POINT('',(-537.9789076762,-4.68329823045,
    66.648212342523));
#8630 = CARTESIAN_POINT('',(-533.6216797195,-6.007725387879,
    67.176713492287));
#8631 = CARTESIAN_POINT('',(-529.3043766466,-6.252251278833,
    66.584414729587));
#8632 = CARTESIAN_POINT('',(-525.0222934397,-6.51836413826,
    66.467386141492));
#8633 = CARTESIAN_POINT('',(-520.7416746921,-6.517229989463,
    66.400001021728));
#8634 = CARTESIAN_POINT('',(-516.4671704399,-6.436573944289,
    66.480394279134));
#8635 = CARTESIAN_POINT('',(-512.204407681,-6.311036393768,
    66.641983711814));
#8636 = CARTESIAN_POINT('',(-507.9265429784,-6.307610955027,
    66.742395358071));
#8637 = CARTESIAN_POINT('',(-503.6502824349,-6.359288620574,
    67.027046362319));
#8638 = CARTESIAN_POINT('',(-499.3719688989,-6.257494523699,
    66.604386417191));
#8639 = CARTESIAN_POINT('',(-495.0930022696,-6.253279981972,
    66.657885615995));
#8640 = CARTESIAN_POINT('',(-490.8081538754,-6.362069691345,
    66.587282699467));
#8641 = CARTESIAN_POINT('',(-486.5308534552,-6.350813189296,
    66.607473541198));
#8642 = CARTESIAN_POINT('',(-482.2516859036,-6.371568740452,
    66.633000930382));
#8643 = CARTESIAN_POINT('',(-477.9730655022,-6.383997677544,
    66.665250604158));
#8644 = CARTESIAN_POINT('',(-473.6960456193,-6.279597713208,
    66.710302385407));
#8645 = CARTESIAN_POINT('',(-469.4152062773,-6.240040425427,
    66.746587814005));
#8646 = CARTESIAN_POINT('',(-465.1421872703,-5.957476318873,
    66.820280040497));
#8647 = CARTESIAN_POINT('',(-460.8166932288,-6.123027617677,
    66.838582613653));
#8648 = CARTESIAN_POINT('',(-456.4952571487,-4.89818447645,
    67.130108034256));
#8649 = CARTESIAN_POINT('',(-452.4504000069,-2.329462768229,
    67.616398683233));
#8650 = CARTESIAN_POINT('',(-447.9424683801,-2.936475062718,
    67.669941565922));
#8651 = CARTESIAN_POINT('',(-443.7524033406,-0.687399591754,
    68.091265136369));
#8652 = CARTESIAN_POINT('',(-439.4974420849,-0.917320053505,
    68.237978418611));
#8653 = CARTESIAN_POINT('',(-435.1419433011,-1.4039396787,
    68.295288168841));
#8654 = CARTESIAN_POINT('',(-430.9728274171,-2.562284237066,
    68.275407393525));
#8655 = CARTESIAN_POINT('',(-426.6766705817,-2.354286404306,
    68.411335097216));
#8656 = CARTESIAN_POINT('',(-423.4568555526,-0.312333783492,
    68.653081092677));
#8657 = CARTESIAN_POINT('',(-422.3597,-2.969809308026,68.415282435132));
#8658 = CARTESIAN_POINT('',(-679.0382,2.849056657077,68.451451183261));
#8659 = CARTESIAN_POINT('',(-677.9018430398,2.011131392496,
    68.492390615763));
#8660 = CARTESIAN_POINT('',(-674.6570379481,3.399277331066,
    68.286076733897));
#8661 = CARTESIAN_POINT('',(-670.4801286148,3.467770041938,
    68.190579244074));
#8662 = CARTESIAN_POINT('',(-666.2529876958,2.682397464236,
    68.165148748716));
#8663 = CARTESIAN_POINT('',(-661.8309289879,2.421741670556,
    68.054237846822));
#8664 = CARTESIAN_POINT('',(-657.7320144142,2.450527181968,
    67.891080200088));
#8665 = CARTESIAN_POINT('',(-653.3812140229,3.196783950735,
    67.647989346168));
#8666 = CARTESIAN_POINT('',(-648.9513854559,2.965216845814,
    67.558585669662));
#8667 = CARTESIAN_POINT('',(-644.9070855266,5.511245021712,
    67.077448881262));
#8668 = CARTESIAN_POINT('',(-640.582063889,6.341013637062,
    66.869363135005));
#8669 = CARTESIAN_POINT('',(-636.2554682792,6.357470987022,
    66.828666822923));
#8670 = CARTESIAN_POINT('',(-631.9824711096,6.476981370262,
    66.795937248858));
#8671 = CARTESIAN_POINT('',(-627.7019615338,6.554547780997,
    66.768285200038));
#8672 = CARTESIAN_POINT('',(-623.4245711463,6.588030366918,
    66.754006713329));
#8673 = CARTESIAN_POINT('',(-619.1463832312,6.578555761353,
    66.743440745816));
#8674 = CARTESIAN_POINT('',(-614.8669156658,6.566369982971,66.7450981298
    ));
#8675 = CARTESIAN_POINT('',(-610.5898165078,6.562763099275,
    66.739920908741));
#8676 = CARTESIAN_POINT('',(-606.3045105877,6.492750783829,
    66.791438952884));
#8677 = CARTESIAN_POINT('',(-602.0277566031,6.466512824938,
    66.782279849183));
#8678 = CARTESIAN_POINT('',(-597.7466019923,6.643046896719,
    66.95195804028));
#8679 = CARTESIAN_POINT('',(-593.4714143357,6.572595356317,
    66.732951733108));
#8680 = CARTESIAN_POINT('',(-589.1936176105,6.585927795156,
    66.61332166458));
#8681 = CARTESIAN_POINT('',(-584.9304153006,6.657612744087,
    66.47339162099));
#8682 = CARTESIAN_POINT('',(-580.6563793824,6.67021020574,
    66.426106782309));
#8683 = CARTESIAN_POINT('',(-576.3740763318,6.609155743076,
    66.516905789512));
#8684 = CARTESIAN_POINT('',(-572.0987272234,6.421612797673,
    66.590781460098));
#8685 = CARTESIAN_POINT('',(-567.7524952784,6.325012764939,
    67.180583349621));
#8686 = CARTESIAN_POINT('',(-563.5775738445,4.543213299406,
    66.661564800797));
#8687 = CARTESIAN_POINT('',(-559.225311783,4.363380297064,
    66.462767962732));
#8688 = CARTESIAN_POINT('',(-554.9153030247,3.180176555354,
    65.795496314161));
#8689 = CARTESIAN_POINT('',(-550.6950514656,1.140460036705,
    66.343133071701));
#8690 = CARTESIAN_POINT('',(-546.5054520859,-0.950665751641,
    65.929262040755));
#8691 = CARTESIAN_POINT('',(-542.014622175,-1.703278851738,
    66.656937700342));
#8692 = CARTESIAN_POINT('',(-537.9789076762,-4.019855949628,
    66.85228055917));
#8693 = CARTESIAN_POINT('',(-533.6216797195,-5.35852187609,
    67.46201488465));
#8694 = CARTESIAN_POINT('',(-529.3043766466,-5.522421287795,
    66.911033203787));
#8695 = CARTESIAN_POINT('',(-525.0222934397,-5.714180047427,
    66.814701723235));
#8696 = CARTESIAN_POINT('',(-520.7416746921,-5.634108200902,
    66.76572568073));
#8697 = CARTESIAN_POINT('',(-516.4671704399,-5.470404596104,
    66.84499591963));
#8698 = CARTESIAN_POINT('',(-512.204407681,-5.262357459978,
    67.003987979423));
#8699 = CARTESIAN_POINT('',(-507.9265429784,-5.181950103074,
    67.104441328605));
#8700 = CARTESIAN_POINT('',(-503.6502824349,-5.152824184556,
    67.367411397304));
#8701 = CARTESIAN_POINT('',(-499.3719688989,-5.013146237192,
    66.99723072648));
#8702 = CARTESIAN_POINT('',(-495.0930022696,-4.945528452255,
    67.021385040496));
#8703 = CARTESIAN_POINT('',(-490.8081538754,-5.027575957602,
    66.937528057398));
#8704 = CARTESIAN_POINT('',(-486.5308534552,-4.992567032039,
    66.940020142447));
#8705 = CARTESIAN_POINT('',(-482.2516859036,-5.004551811087,
    66.946688791958));
#8706 = CARTESIAN_POINT('',(-477.9730655022,-5.01638669537,
    66.960415026132));
#8707 = CARTESIAN_POINT('',(-473.6960456193,-4.928972390957,
    66.986939419561));
#8708 = CARTESIAN_POINT('',(-469.4152062773,-4.892306930759,
    67.00967896976));
#8709 = CARTESIAN_POINT('',(-465.1421872703,-4.642443164222,
    67.064935293009));
#8710 = CARTESIAN_POINT('',(-460.8166932288,-4.82341893907,
    67.066384278906));
#8711 = CARTESIAN_POINT('',(-456.4952571487,-3.697780735802,
    67.327757825659));
#8712 = CARTESIAN_POINT('',(-452.4504000069,-1.32548423821,
    67.769428197763));
#8713 = CARTESIAN_POINT('',(-447.9424683801,-1.9380871861,
    67.809001130618));
#8714 = CARTESIAN_POINT('',(-443.7524033406,0.158355524608,
    68.197200387488));
#8715 = CARTESIAN_POINT('',(-439.4974420849,-0.255896020293,
    68.306262839311));
#8716 = CARTESIAN_POINT('',(-435.1419433011,-0.779056870572,
    68.351301188308));
#8717 = CARTESIAN_POINT('',(-430.9728274171,-1.995308238282,
    68.320118512752));
#8718 = CARTESIAN_POINT('',(-426.6766705817,-1.946278781029,
    68.428671220897));
#8719 = CARTESIAN_POINT('',(-423.4568555526,9.843967023843E-02,
    68.664530638164));
#8720 = CARTESIAN_POINT('',(-422.3597,-2.582431714683,68.42415513473));
#8721 = DEFINITIONAL_REPRESENTATION('',(#8722),#8726);
#8722 = LINE('',#8723,#8724);
#8723 = CARTESIAN_POINT('',(33.,0.));
#8724 = VECTOR('',#8725,1.);
#8725 = DIRECTION('',(0.,1.));
#8726 = ( GEOMETRIC_REPRESENTATION_CONTEXT(2) 
PARAMETRIC_REPRESENTATION_CONTEXT() REPRESENTATION_CONTEXT('2D SPACE',''
  ) );
#8727 = ORIENTED_EDGE('',*,*,#8728,.F.);
#8728 = EDGE_CURVE('',#8265,#8519,#8729,.T.);
#8729 = SURFACE_CURVE('',#8730,(#8733,#8740),.PCURVE_S1.);
#8730 = B_SPLINE_CURVE_WITH_KNOTS('',1,(#8731,#8732),.UNSPECIFIED.,.F.,
  .F.,(2,2),(32.,33.),.PIECEWISE_BEZIER_KNOTS.);
#8731 = CARTESIAN_POINT('',(-422.3597,-3.357260749193,68.419171323718));
#8732 = CARTESIAN_POINT('',(-422.3597,-2.969809308026,68.415282435132));
#8733 = PCURVE('',#8340,#8734);
#8734 = DEFINITIONAL_REPRESENTATION('',(#8735),#8739);
#8735 = LINE('',#8736,#8737);
#8736 = CARTESIAN_POINT('',(0.,1.));
#8737 = VECTOR('',#8738,1.);
#8738 = DIRECTION('',(1.,0.));
#8739 = ( GEOMETRIC_REPRESENTATION_CONTEXT(2) 
PARAMETRIC_REPRESENTATION_CONTEXT() REPRESENTATION_CONTEXT('2D SPACE',''
  ) );
#8740 = PCURVE('',#401,#8741);
#8741 = DEFINITIONAL_REPRESENTATION('',(#8742),#8745);
#8742 = B_SPLINE_CURVE_WITH_KNOTS('',1,(#8743,#8744),.UNSPECIFIED.,.F.,
  .F.,(2,2),(32.,33.),.PIECEWISE_BEZIER_KNOTS.);
#8743 = CARTESIAN_POINT('',(3.07513880184,-0.353165109365));
#8744 = CARTESIAN_POINT('',(2.687775296222,-0.344040569303));
#8745 = ( GEOMETRIC_REPRESENTATION_CONTEXT(2) 
PARAMETRIC_REPRESENTATION_CONTEXT() REPRESENTATION_CONTEXT('2D SPACE',''
  ) );
#8746 = ORIENTED_EDGE('',*,*,#8264,.F.);
#8747 = ADVANCED_FACE('',(#8748),#8594,.T.);
#8748 = FACE_BOUND('',#8749,.T.);
#8749 = EDGE_LOOP('',(#8750,#8771,#8981,#9000));
#8750 = ORIENTED_EDGE('',*,*,#8751,.T.);
#8751 = EDGE_CURVE('',#8498,#8752,#8754,.T.);
#8752 = VERTEX_POINT('',#8753);
#8753 = CARTESIAN_POINT('',(-679.0382,2.849056657077,68.451451183261));
#8754 = SURFACE_CURVE('',#8755,(#8758,#8765),.PCURVE_S1.);
#8755 = B_SPLINE_CURVE_WITH_KNOTS('',1,(#8756,#8757),.UNSPECIFIED.,.F.,
  .F.,(2,2),(33.,34.),.PIECEWISE_BEZIER_KNOTS.);
#8756 = CARTESIAN_POINT('',(-679.0382,2.446107251851,68.463900728945));
#8757 = CARTESIAN_POINT('',(-679.0382,2.849056657077,68.451451183261));
#8758 = PCURVE('',#8594,#8759);
#8759 = DEFINITIONAL_REPRESENTATION('',(#8760),#8764);
#8760 = LINE('',#8761,#8762);
#8761 = CARTESIAN_POINT('',(0.,0.));
#8762 = VECTOR('',#8763,1.);
#8763 = DIRECTION('',(1.,0.));
#8764 = ( GEOMETRIC_REPRESENTATION_CONTEXT(2) 
PARAMETRIC_REPRESENTATION_CONTEXT() REPRESENTATION_CONTEXT('2D SPACE',''
  ) );
#8765 = PCURVE('',#165,#8766);
#8766 = DEFINITIONAL_REPRESENTATION('',(#8767),#8770);
#8767 = B_SPLINE_CURVE_WITH_KNOTS('',1,(#8768,#8769),.UNSPECIFIED.,.F.,
  .F.,(2,2),(33.,34.),.PIECEWISE_BEZIER_KNOTS.);
#8768 = CARTESIAN_POINT('',(1.963410483878,0.846710265207));
#8769 = CARTESIAN_POINT('',(1.560993591309,0.82254709209));
#8770 = ( GEOMETRIC_REPRESENTATION_CONTEXT(2) 
PARAMETRIC_REPRESENTATION_CONTEXT() REPRESENTATION_CONTEXT('2D SPACE',''
  ) );
#8771 = ORIENTED_EDGE('',*,*,#8772,.T.);
#8772 = EDGE_CURVE('',#8752,#8773,#8775,.T.);
#8773 = VERTEX_POINT('',#8774);
#8774 = CARTESIAN_POINT('',(-422.3597,-2.582431714683,68.42415513473));
#8775 = SURFACE_CURVE('',#8776,(#8840,#8847),.PCURVE_S1.);
#8776 = ( BOUNDED_CURVE() B_SPLINE_CURVE(3,(#8777,#8778,#8779,#8780,
    #8781,#8782,#8783,#8784,#8785,#8786,#8787,#8788,#8789,#8790,#8791,
    #8792,#8793,#8794,#8795,#8796,#8797,#8798,#8799,#8800,#8801,#8802,
    #8803,#8804,#8805,#8806,#8807,#8808,#8809,#8810,#8811,#8812,#8813,
    #8814,#8815,#8816,#8817,#8818,#8819,#8820,#8821,#8822,#8823,#8824,
    #8825,#8826,#8827,#8828,#8829,#8830,#8831,#8832,#8833,#8834,#8835,
    #8836,#8837,#8838,#8839),.UNSPECIFIED.,.F.,.F.) 
B_SPLINE_CURVE_WITH_KNOTS((4,1,1,1,1,1,1,1,1,1,1,1,1,1,1,1,1,1,1,1,1,1,1
    ,1,1,1,1,1,1,1,1,1,1,1,1,1,1,1,1,1,1,1,1,1,1,1,1,1,1,1,1,1,1,1,1,1,1
    ,1,1,1,4),(0.,1.671164831231E-02,3.327803306227E-02,
    5.000925566809E-02,6.648034363626E-02,8.347574416348E-02,
    9.998031801332E-02,0.116453562429,0.133787455732,0.150582398826,
    0.167003889564,0.183421183117,0.199831572897,0.216243077967,
    0.232654966281,0.249069049,0.265493630469,0.281929899437,
    0.298422530809,0.314972313288,0.331595845732,0.348279560524,
    0.365009232075,0.38168560036,0.398277240471,0.414799735375,
    0.431302994143,0.448140075223,0.464749604184,0.481553115126,
    0.498808354232,0.516050152658,0.532842545742,0.550335828942,
    0.567153130692,0.583652514422,0.600175882991,0.616768685323,
    0.633448038712,0.650182180915,0.666869665762,0.683497438564,
    0.700056495454,0.716547762365,0.732983596882,0.749407921308,
    0.765822295641,0.782233728406,0.798646209918,0.81505724388,
    0.831476734885,0.847901722287,0.864693603231,0.881980563987,
    0.898448960139,0.915352013848,0.932295303855,0.949097785181,
0.966200565614,0.982806308198,1.),.UNSPECIFIED.) CURVE() 
GEOMETRIC_REPRESENTATION_ITEM() RATIONAL_B_SPLINE_CURVE((1.,
    0.999999999979,1.00000000001,0.999999999997,1.000000000001,1.,1.,1.,
    1.,1.,1.,1.,1.,1.,1.,1.,1.,1.,1.,1.,1.,1.,1.,1.,1.,1.,1.,1.,1.,1.,1.
    ,1.,1.,1.,1.,1.,1.,1.,1.,1.,1.,1.,1.,1.,1.,1.,1.,1.,1.,1.,1.,1.,1.,
    1.,1.,1.,1.,1.,0.999999999998,1.000000000007,0.999999999976,
1.000000000054,1.)) REPRESENTATION_ITEM('') );
#8777 = CARTESIAN_POINT('',(-679.0382,2.849056657077,68.451451183261));
#8778 = CARTESIAN_POINT('',(-677.9018430398,2.011131392496,
    68.492390615763));
#8779 = CARTESIAN_POINT('',(-674.6570379481,3.399277331066,
    68.286076733897));
#8780 = CARTESIAN_POINT('',(-670.4801286148,3.467770041938,
    68.190579244074));
#8781 = CARTESIAN_POINT('',(-666.2529876958,2.682397464236,
    68.165148748716));
#8782 = CARTESIAN_POINT('',(-661.8309289879,2.421741670556,
    68.054237846822));
#8783 = CARTESIAN_POINT('',(-657.7320144142,2.450527181968,
    67.891080200088));
#8784 = CARTESIAN_POINT('',(-653.3812140229,3.196783950735,
    67.647989346168));
#8785 = CARTESIAN_POINT('',(-648.9513854559,2.965216845814,
    67.558585669662));
#8786 = CARTESIAN_POINT('',(-644.9070855266,5.511245021712,
    67.077448881262));
#8787 = CARTESIAN_POINT('',(-640.582063889,6.341013637062,
    66.869363135005));
#8788 = CARTESIAN_POINT('',(-636.2554682792,6.357470987022,
    66.828666822923));
#8789 = CARTESIAN_POINT('',(-631.9824711096,6.476981370262,
    66.795937248858));
#8790 = CARTESIAN_POINT('',(-627.7019615338,6.554547780997,
    66.768285200038));
#8791 = CARTESIAN_POINT('',(-623.4245711463,6.588030366918,
    66.754006713329));
#8792 = CARTESIAN_POINT('',(-619.1463832312,6.578555761353,
    66.743440745816));
#8793 = CARTESIAN_POINT('',(-614.8669156658,6.566369982971,66.7450981298
    ));
#8794 = CARTESIAN_POINT('',(-610.5898165078,6.562763099275,
    66.739920908741));
#8795 = CARTESIAN_POINT('',(-606.3045105877,6.492750783829,
    66.791438952884));
#8796 = CARTESIAN_POINT('',(-602.0277566031,6.466512824938,
    66.782279849183));
#8797 = CARTESIAN_POINT('',(-597.7466019923,6.643046896719,
    66.95195804028));
#8798 = CARTESIAN_POINT('',(-593.4714143357,6.572595356317,
    66.732951733108));
#8799 = CARTESIAN_POINT('',(-589.1936176105,6.585927795156,
    66.61332166458));
#8800 = CARTESIAN_POINT('',(-584.9304153006,6.657612744087,
    66.47339162099));
#8801 = CARTESIAN_POINT('',(-580.6563793824,6.67021020574,
    66.426106782309));
#8802 = CARTESIAN_POINT('',(-576.3740763318,6.609155743076,
    66.516905789512));
#8803 = CARTESIAN_POINT('',(-572.0987272234,6.421612797673,
    66.590781460098));
#8804 = CARTESIAN_POINT('',(-567.7524952784,6.325012764939,
    67.180583349621));
#8805 = CARTESIAN_POINT('',(-563.5775738445,4.543213299406,
    66.661564800797));
#8806 = CARTESIAN_POINT('',(-559.225311783,4.363380297064,
    66.462767962732));
#8807 = CARTESIAN_POINT('',(-554.9153030247,3.180176555354,
    65.795496314161));
#8808 = CARTESIAN_POINT('',(-550.6950514656,1.140460036705,
    66.343133071701));
#8809 = CARTESIAN_POINT('',(-546.5054520859,-0.950665751641,
    65.929262040755));
#8810 = CARTESIAN_POINT('',(-542.014622175,-1.703278851738,
    66.656937700342));
#8811 = CARTESIAN_POINT('',(-537.9789076762,-4.019855949628,
    66.85228055917));
#8812 = CARTESIAN_POINT('',(-533.6216797195,-5.35852187609,
    67.46201488465));
#8813 = CARTESIAN_POINT('',(-529.3043766466,-5.522421287795,
    66.911033203787));
#8814 = CARTESIAN_POINT('',(-525.0222934397,-5.714180047427,
    66.814701723235));
#8815 = CARTESIAN_POINT('',(-520.7416746921,-5.634108200902,
    66.76572568073));
#8816 = CARTESIAN_POINT('',(-516.4671704399,-5.470404596104,
    66.84499591963));
#8817 = CARTESIAN_POINT('',(-512.204407681,-5.262357459978,
    67.003987979423));
#8818 = CARTESIAN_POINT('',(-507.9265429784,-5.181950103074,
    67.104441328605));
#8819 = CARTESIAN_POINT('',(-503.6502824349,-5.152824184556,
    67.367411397304));
#8820 = CARTESIAN_POINT('',(-499.3719688989,-5.013146237192,
    66.99723072648));
#8821 = CARTESIAN_POINT('',(-495.0930022696,-4.945528452255,
    67.021385040496));
#8822 = CARTESIAN_POINT('',(-490.8081538754,-5.027575957602,
    66.937528057398));
#8823 = CARTESIAN_POINT('',(-486.5308534552,-4.992567032039,
    66.940020142447));
#8824 = CARTESIAN_POINT('',(-482.2516859036,-5.004551811087,
    66.946688791958));
#8825 = CARTESIAN_POINT('',(-477.9730655022,-5.01638669537,
    66.960415026132));
#8826 = CARTESIAN_POINT('',(-473.6960456193,-4.928972390957,
    66.986939419561));
#8827 = CARTESIAN_POINT('',(-469.4152062773,-4.892306930759,
    67.00967896976));
#8828 = CARTESIAN_POINT('',(-465.1421872703,-4.642443164222,
    67.064935293009));
#8829 = CARTESIAN_POINT('',(-460.8166932288,-4.82341893907,
    67.066384278906));
#8830 = CARTESIAN_POINT('',(-456.4952571487,-3.697780735802,
    67.327757825659));
#8831 = CARTESIAN_POINT('',(-452.4504000069,-1.32548423821,
    67.769428197763));
#8832 = CARTESIAN_POINT('',(-447.9424683801,-1.9380871861,
    67.809001130618));
#8833 = CARTESIAN_POINT('',(-443.7524033406,0.158355524608,
    68.197200387488));
#8834 = CARTESIAN_POINT('',(-439.4974420849,-0.255896020293,
    68.306262839311));
#8835 = CARTESIAN_POINT('',(-435.1419433011,-0.779056870572,
    68.351301188308));
#8836 = CARTESIAN_POINT('',(-430.9728274171,-1.995308238282,
    68.320118512752));
#8837 = CARTESIAN_POINT('',(-426.6766705817,-1.946278781029,
    68.428671220897));
#8838 = CARTESIAN_POINT('',(-423.4568555526,9.843967023843E-02,
    68.664530638164));
#8839 = CARTESIAN_POINT('',(-422.3597,-2.582431714683,68.42415513473));
#8840 = PCURVE('',#8594,#8841);
#8841 = DEFINITIONAL_REPRESENTATION('',(#8842),#8846);
#8842 = LINE('',#8843,#8844);
#8843 = CARTESIAN_POINT('',(34.,0.));
#8844 = VECTOR('',#8845,1.);
#8845 = DIRECTION('',(0.,1.));
#8846 = ( GEOMETRIC_REPRESENTATION_CONTEXT(2) 
PARAMETRIC_REPRESENTATION_CONTEXT() REPRESENTATION_CONTEXT('2D SPACE',''
  ) );
#8847 = PCURVE('',#8848,#8975);
#8848 = ( BOUNDED_SURFACE() B_SPLINE_SURFACE(1,3,(
    (#8849,#8850,#8851,#8852,#8853,#8854,#8855,#8856,#8857,#8858,#8859
      ,#8860,#8861,#8862,#8863,#8864,#8865,#8866,#8867,#8868,#8869,#8870
      ,#8871,#8872,#8873,#8874,#8875,#8876,#8877,#8878,#8879,#8880,#8881
      ,#8882,#8883,#8884,#8885,#8886,#8887,#8888,#8889,#8890,#8891,#8892
      ,#8893,#8894,#8895,#8896,#8897,#8898,#8899,#8900,#8901,#8902,#8903
      ,#8904,#8905,#8906,#8907,#8908,#8909,#8910,#8911)
    ,(#8912,#8913,#8914,#8915,#8916,#8917,#8918,#8919,#8920,#8921,#8922
      ,#8923,#8924,#8925,#8926,#8927,#8928,#8929,#8930,#8931,#8932,#8933
      ,#8934,#8935,#8936,#8937,#8938,#8939,#8940,#8941,#8942,#8943,#8944
      ,#8945,#8946,#8947,#8948,#8949,#8950,#8951,#8952,#8953,#8954,#8955
      ,#8956,#8957,#8958,#8959,#8960,#8961,#8962,#8963,#8964,#8965,#8966
      ,#8967,#8968,#8969,#8970,#8971,#8972,#8973,#8974
)),.UNSPECIFIED.,.F.,.F.,.F.) B_SPLINE_SURFACE_WITH_KNOTS((2,2),(4,1,1,1
    ,1,1,1,1,1,1,1,1,1,1,1,1,1,1,1,1,1,1,1,1,1,1,1,1,1,1,1,1,1,1,1,1,1,1
    ,1,1,1,1,1,1,1,1,1,1,1,1,1,1,1,1,1,1,1,1,1,1,4),(34.,35.),(0.,
    1.671164831231E-02,3.327803306227E-02,5.000925566809E-02,
    6.648034363626E-02,8.347574416348E-02,9.998031801332E-02,
    0.116453562429,0.133787455732,0.150582398826,0.167003889564,
    0.183421183117,0.199831572897,0.216243077967,0.232654966281,
    0.249069049,0.265493630469,0.281929899437,0.298422530809,
    0.314972313288,0.331595845732,0.348279560524,0.365009232075,
    0.38168560036,0.398277240471,0.414799735375,0.431302994143,
    0.448140075223,0.464749604184,0.481553115126,0.498808354232,
    0.516050152658,0.532842545742,0.550335828942,0.567153130692,
    0.583652514422,0.600175882991,0.616768685323,0.633448038712,
    0.650182180915,0.666869665762,0.683497438564,0.700056495454,
    0.716547762365,0.732983596882,0.749407921308,0.765822295641,
    0.782233728406,0.798646209918,0.81505724388,0.831476734885,
    0.847901722287,0.864693603231,0.881980563987,0.898448960139,
    0.915352013848,0.932295303855,0.949097785181,0.966200565614,
0.982806308198,1.),.UNSPECIFIED.) GEOMETRIC_REPRESENTATION_ITEM() 
RATIONAL_B_SPLINE_SURFACE((
    (1.,0.999999999979,1.00000000001,0.999999999997,1.000000000001,1.,1.
      ,1.,1.,1.,1.,1.,1.,1.,1.,1.,1.,1.,1.,1.,1.,1.,1.,1.,1.,1.,1.,1.,1.
      ,1.,1.,1.,1.,1.,1.,1.,1.,1.,1.,1.,1.,1.,1.,1.,1.,1.,1.,1.,1.,1.,1.
      ,1.,1.,1.,1.,1.,1.,1.,0.999999999998,1.000000000007,0.999999999976
      ,1.000000000054,1.)
    ,(1.,0.999999999979,1.00000000001,0.999999999997,1.000000000001,1.
      ,1.,1.,1.,1.,1.,1.,1.,1.,1.,1.,1.,1.,1.,1.,1.,1.,1.,1.,1.,1.,1.,1.
      ,1.,1.,1.,1.,1.,1.,1.,1.,1.,1.,1.,1.,1.,1.,1.,1.,1.,1.,1.,1.,1.,1.
      ,1.,1.,1.,1.,1.,1.,1.,1.,0.999999999998,1.000000000007
,0.999999999976,1.000000000054,1.
  ))) REPRESENTATION_ITEM('') SURFACE() );
#8849 = CARTESIAN_POINT('',(-679.0382,2.849056657077,68.451451183261));
#8850 = CARTESIAN_POINT('',(-677.9018430398,2.011131392496,
    68.492390615763));
#8851 = CARTESIAN_POINT('',(-674.6570379481,3.399277331066,
    68.286076733897));
#8852 = CARTESIAN_POINT('',(-670.4801286148,3.467770041938,
    68.190579244074));
#8853 = CARTESIAN_POINT('',(-666.2529876958,2.682397464236,
    68.165148748716));
#8854 = CARTESIAN_POINT('',(-661.8309289879,2.421741670556,
    68.054237846822));
#8855 = CARTESIAN_POINT('',(-657.7320144142,2.450527181968,
    67.891080200088));
#8856 = CARTESIAN_POINT('',(-653.3812140229,3.196783950735,
    67.647989346168));
#8857 = CARTESIAN_POINT('',(-648.9513854559,2.965216845814,
    67.558585669662));
#8858 = CARTESIAN_POINT('',(-644.9070855266,5.511245021712,
    67.077448881262));
#8859 = CARTESIAN_POINT('',(-640.582063889,6.341013637062,
    66.869363135005));
#8860 = CARTESIAN_POINT('',(-636.2554682792,6.357470987022,
    66.828666822923));
#8861 = CARTESIAN_POINT('',(-631.9824711096,6.476981370262,
    66.795937248858));
#8862 = CARTESIAN_POINT('',(-627.7019615338,6.554547780997,
    66.768285200038));
#8863 = CARTESIAN_POINT('',(-623.4245711463,6.588030366918,
    66.754006713329));
#8864 = CARTESIAN_POINT('',(-619.1463832312,6.578555761353,
    66.743440745816));
#8865 = CARTESIAN_POINT('',(-614.8669156658,6.566369982971,66.7450981298
    ));
#8866 = CARTESIAN_POINT('',(-610.5898165078,6.562763099275,
    66.739920908741));
#8867 = CARTESIAN_POINT('',(-606.3045105877,6.492750783829,
    66.791438952884));
#8868 = CARTESIAN_POINT('',(-602.0277566031,6.466512824938,
    66.782279849183));
#8869 = CARTESIAN_POINT('',(-597.7466019923,6.643046896719,
    66.95195804028));
#8870 = CARTESIAN_POINT('',(-593.4714143357,6.572595356317,
    66.732951733108));
#8871 = CARTESIAN_POINT('',(-589.1936176105,6.585927795156,
    66.61332166458));
#8872 = CARTESIAN_POINT('',(-584.9304153006,6.657612744087,
    66.47339162099));
#8873 = CARTESIAN_POINT('',(-580.6563793824,6.67021020574,
    66.426106782309));
#8874 = CARTESIAN_POINT('',(-576.3740763318,6.609155743076,
    66.516905789512));
#8875 = CARTESIAN_POINT('',(-572.0987272234,6.421612797673,
    66.590781460098));
#8876 = CARTESIAN_POINT('',(-567.7524952784,6.325012764939,
    67.180583349621));
#8877 = CARTESIAN_POINT('',(-563.5775738445,4.543213299406,
    66.661564800797));
#8878 = CARTESIAN_POINT('',(-559.225311783,4.363380297064,
    66.462767962732));
#8879 = CARTESIAN_POINT('',(-554.9153030247,3.180176555354,
    65.795496314161));
#8880 = CARTESIAN_POINT('',(-550.6950514656,1.140460036705,
    66.343133071701));
#8881 = CARTESIAN_POINT('',(-546.5054520859,-0.950665751641,
    65.929262040755));
#8882 = CARTESIAN_POINT('',(-542.014622175,-1.703278851738,
    66.656937700342));
#8883 = CARTESIAN_POINT('',(-537.9789076762,-4.019855949628,
    66.85228055917));
#8884 = CARTESIAN_POINT('',(-533.6216797195,-5.35852187609,
    67.46201488465));
#8885 = CARTESIAN_POINT('',(-529.3043766466,-5.522421287795,
    66.911033203787));
#8886 = CARTESIAN_POINT('',(-525.0222934397,-5.714180047427,
    66.814701723235));
#8887 = CARTESIAN_POINT('',(-520.7416746921,-5.634108200902,
    66.76572568073));
#8888 = CARTESIAN_POINT('',(-516.4671704399,-5.470404596104,
    66.84499591963));
#8889 = CARTESIAN_POINT('',(-512.204407681,-5.262357459978,
    67.003987979423));
#8890 = CARTESIAN_POINT('',(-507.9265429784,-5.181950103074,
    67.104441328605));
#8891 = CARTESIAN_POINT('',(-503.6502824349,-5.152824184556,
    67.367411397304));
#8892 = CARTESIAN_POINT('',(-499.3719688989,-5.013146237192,
    66.99723072648));
#8893 = CARTESIAN_POINT('',(-495.0930022696,-4.945528452255,
    67.021385040496));
#8894 = CARTESIAN_POINT('',(-490.8081538754,-5.027575957602,
    66.937528057398));
#8895 = CARTESIAN_POINT('',(-486.5308534552,-4.992567032039,
    66.940020142447));
#8896 = CARTESIAN_POINT('',(-482.2516859036,-5.004551811087,
    66.946688791958));
#8897 = CARTESIAN_POINT('',(-477.9730655022,-5.01638669537,
    66.960415026132));
#8898 = CARTESIAN_POINT('',(-473.6960456193,-4.928972390957,
    66.986939419561));
#8899 = CARTESIAN_POINT('',(-469.4152062773,-4.892306930759,
    67.00967896976));
#8900 = CARTESIAN_POINT('',(-465.1421872703,-4.642443164222,
    67.064935293009));
#8901 = CARTESIAN_POINT('',(-460.8166932288,-4.82341893907,
    67.066384278906));
#8902 = CARTESIAN_POINT('',(-456.4952571487,-3.697780735802,
    67.327757825659));
#8903 = CARTESIAN_POINT('',(-452.4504000069,-1.32548423821,
    67.769428197763));
#8904 = CARTESIAN_POINT('',(-447.9424683801,-1.9380871861,
    67.809001130618));
#8905 = CARTESIAN_POINT('',(-443.7524033406,0.158355524608,
    68.197200387488));
#8906 = CARTESIAN_POINT('',(-439.4974420849,-0.255896020293,
    68.306262839311));
#8907 = CARTESIAN_POINT('',(-435.1419433011,-0.779056870572,
    68.351301188308));
#8908 = CARTESIAN_POINT('',(-430.9728274171,-1.995308238282,
    68.320118512752));
#8909 = CARTESIAN_POINT('',(-426.6766705817,-1.946278781029,
    68.428671220897));
#8910 = CARTESIAN_POINT('',(-423.4568555526,9.843967023843E-02,
    68.664530638164));
#8911 = CARTESIAN_POINT('',(-422.3597,-2.582431714683,68.42415513473));
#8912 = CARTESIAN_POINT('',(-679.0382,3.252190713199,68.451615924438));
#8913 = CARTESIAN_POINT('',(-677.9018430398,2.611406809811,
    68.462643844274));
#8914 = CARTESIAN_POINT('',(-674.6570379481,3.863052785274,
    68.273179867985));
#8915 = CARTESIAN_POINT('',(-670.4801286148,4.115788548228,
    68.145894813182));
#8916 = CARTESIAN_POINT('',(-666.2529876958,3.372154306153,
    68.112404071956));
#8917 = CARTESIAN_POINT('',(-661.8309289879,3.066495949749,
    68.004076959247));
#8918 = CARTESIAN_POINT('',(-657.7320144142,3.332191639824,
    67.795549769249));
#8919 = CARTESIAN_POINT('',(-653.3812140229,4.12181531956,
    67.533664766861));
#8920 = CARTESIAN_POINT('',(-648.9513854559,3.924124875273,
    67.427305598527));
#8921 = CARTESIAN_POINT('',(-644.9070855266,6.662195451325,
    66.90263679917));
#8922 = CARTESIAN_POINT('',(-640.582063889,7.67035740767,66.651027910039
    ));
#8923 = CARTESIAN_POINT('',(-636.2554682792,7.675803930402,
    66.59959218984));
#8924 = CARTESIAN_POINT('',(-631.9824711096,7.831361826804,
    66.548492564084));
#8925 = CARTESIAN_POINT('',(-627.7019615338,7.911543212192,
    66.508857623828));
#8926 = CARTESIAN_POINT('',(-623.4245711463,7.957610521262,
    66.478381878826));
#8927 = CARTESIAN_POINT('',(-619.1463832312,7.953892418498,
    66.450065853975));
#8928 = CARTESIAN_POINT('',(-614.8669156658,7.931327907588,
    66.435934826727));
#8929 = CARTESIAN_POINT('',(-610.5898165078,7.902921279336,
    66.414501750002));
#8930 = CARTESIAN_POINT('',(-606.3045105877,7.807383033505,
    66.451831546483));
#8931 = CARTESIAN_POINT('',(-602.0277566031,7.717845281041,
    66.416652192254));
#8932 = CARTESIAN_POINT('',(-597.7466019923,7.849781933426,
    66.618056789456));
#8933 = CARTESIAN_POINT('',(-593.4714143357,7.703974306076,
    66.389827542157));
#8934 = CARTESIAN_POINT('',(-589.1936176105,7.641472943391,
    66.26781916244));
#8935 = CARTESIAN_POINT('',(-584.9304153006,7.630125207382,
    66.123454739192));
#8936 = CARTESIAN_POINT('',(-580.6563793824,7.559177106516,
    66.07417982324));
#8937 = CARTESIAN_POINT('',(-576.3740763318,7.420775133181,
    66.185100875646));
#8938 = CARTESIAN_POINT('',(-572.0987272234,7.163810845896,
    66.293954974055));
#8939 = CARTESIAN_POINT('',(-567.7524952784,6.982523446871,
    66.917580277091));
#8940 = CARTESIAN_POINT('',(-563.5775738445,5.216404053534,
    66.478098477005));
#8941 = CARTESIAN_POINT('',(-559.225311783,5.007812664227,66.35197135401
    ));
#8942 = CARTESIAN_POINT('',(-554.9153030247,3.865921239915,
    65.722993656197));
#8943 = CARTESIAN_POINT('',(-550.6950514656,1.790836354738,
    66.352864064594));
#8944 = CARTESIAN_POINT('',(-546.5054520859,-0.272745701235,
    66.021130078247));
#8945 = CARTESIAN_POINT('',(-542.014622175,-1.077560683332,
    66.816283441984));
#8946 = CARTESIAN_POINT('',(-537.9789076762,-3.368540256211,
    67.083129975341));
#8947 = CARTESIAN_POINT('',(-533.6216797195,-4.730512618332,
    67.793254356837));
#8948 = CARTESIAN_POINT('',(-529.3043766466,-4.812534436896,
    67.277720691629));
#8949 = CARTESIAN_POINT('',(-525.0222934397,-4.932395878059,
    67.208532202035));
#8950 = CARTESIAN_POINT('',(-520.7416746921,-4.766695607315,
    67.162761617403));
#8951 = CARTESIAN_POINT('',(-516.4671704399,-4.516982325049,
    67.237862888079));
#8952 = CARTESIAN_POINT('',(-512.204407681,-4.220882714027,
    67.386205021971));
#8953 = CARTESIAN_POINT('',(-507.9265429784,-4.060472424511,
    67.480170022197));
#8954 = CARTESIAN_POINT('',(-503.6502824349,-3.951651091628,
    67.724386164934));
#8955 = CARTESIAN_POINT('',(-499.3719688989,-3.770993791575,
    67.397185016103));
#8956 = CARTESIAN_POINT('',(-495.0930022696,-3.640546718444,
    67.394588538071));
#8957 = CARTESIAN_POINT('',(-490.8081538754,-3.695481549739,
    67.296840592788));
#8958 = CARTESIAN_POINT('',(-486.5308534552,-3.636629923171,
    67.281849893324));
#8959 = CARTESIAN_POINT('',(-482.2516859036,-3.639692424202,
    67.269643492068));
#8960 = CARTESIAN_POINT('',(-477.9730655022,-3.650817586387,
    67.264886722745));
#8961 = CARTESIAN_POINT('',(-473.6960456193,-3.580290474381,
    67.272904004555));
#8962 = CARTESIAN_POINT('',(-469.4152062773,-3.546431330466,
    67.282116862029));
#8963 = CARTESIAN_POINT('',(-465.1421872703,-3.329187136515,
    67.31895817276));
#8964 = CARTESIAN_POINT('',(-460.8166932288,-3.525490869501,
    67.303574799686));
#8965 = CARTESIAN_POINT('',(-456.4952571487,-2.498970728463,
    67.534827710328));
#8966 = CARTESIAN_POINT('',(-452.4504000069,-0.323000985015,
    67.931947229794));
#8967 = CARTESIAN_POINT('',(-447.9424683801,-0.941070473401,
    67.957575709925));
#8968 = CARTESIAN_POINT('',(-443.7524033406,1.002842711994,
    68.312713777961));
#8969 = CARTESIAN_POINT('',(-439.4974420849,0.404437099496,
    68.384309106496));
#8970 = CARTESIAN_POINT('',(-435.1419433011,-0.15513397562,
    68.417172062584));
#8971 = CARTESIAN_POINT('',(-430.9728274171,-1.429210828201,
    68.374788377496));
#8972 = CARTESIAN_POINT('',(-426.6766705817,-1.53891583652,
    68.456322729181));
#8973 = CARTESIAN_POINT('',(-423.4568555526,0.508883080182,
    68.686651416109));
#8974 = CARTESIAN_POINT('',(-422.3597,-2.195438811468,68.44364062962));
#8975 = DEFINITIONAL_REPRESENTATION('',(#8976),#8980);
#8976 = LINE('',#8977,#8978);
#8977 = CARTESIAN_POINT('',(34.,0.));
#8978 = VECTOR('',#8979,1.);
#8979 = DIRECTION('',(0.,1.));
#8980 = ( GEOMETRIC_REPRESENTATION_CONTEXT(2) 
PARAMETRIC_REPRESENTATION_CONTEXT() REPRESENTATION_CONTEXT('2D SPACE',''
  ) );
#8981 = ORIENTED_EDGE('',*,*,#8982,.F.);
#8982 = EDGE_CURVE('',#8519,#8773,#8983,.T.);
#8983 = SURFACE_CURVE('',#8984,(#8987,#8994),.PCURVE_S1.);
#8984 = B_SPLINE_CURVE_WITH_KNOTS('',1,(#8985,#8986),.UNSPECIFIED.,.F.,
  .F.,(2,2),(33.,34.),.PIECEWISE_BEZIER_KNOTS.);
#8985 = CARTESIAN_POINT('',(-422.3597,-2.969809308026,68.415282435132));
#8986 = CARTESIAN_POINT('',(-422.3597,-2.582431714683,68.42415513473));
#8987 = PCURVE('',#8594,#8988);
#8988 = DEFINITIONAL_REPRESENTATION('',(#8989),#8993);
#8989 = LINE('',#8990,#8991);
#8990 = CARTESIAN_POINT('',(0.,1.));
#8991 = VECTOR('',#8992,1.);
#8992 = DIRECTION('',(1.,0.));
#8993 = ( GEOMETRIC_REPRESENTATION_CONTEXT(2) 
PARAMETRIC_REPRESENTATION_CONTEXT() REPRESENTATION_CONTEXT('2D SPACE',''
  ) );
#8994 = PCURVE('',#401,#8995);
#8995 = DEFINITIONAL_REPRESENTATION('',(#8996),#8999);
#8996 = B_SPLINE_CURVE_WITH_KNOTS('',1,(#8997,#8998),.UNSPECIFIED.,.F.,
  .F.,(2,2),(33.,34.),.PIECEWISE_BEZIER_KNOTS.);
#8997 = CARTESIAN_POINT('',(2.687775296222,-0.344040569303));
#8998 = CARTESIAN_POINT('',(2.30091415119,-0.322164118782));
#8999 = ( GEOMETRIC_REPRESENTATION_CONTEXT(2) 
PARAMETRIC_REPRESENTATION_CONTEXT() REPRESENTATION_CONTEXT('2D SPACE',''
  ) );
#9000 = ORIENTED_EDGE('',*,*,#8518,.F.);
#9001 = ADVANCED_FACE('',(#9002),#8848,.T.);
#9002 = FACE_BOUND('',#9003,.T.);
#9003 = EDGE_LOOP('',(#9004,#9025,#9235,#9254));
#9004 = ORIENTED_EDGE('',*,*,#9005,.T.);
#9005 = EDGE_CURVE('',#8752,#9006,#9008,.T.);
#9006 = VERTEX_POINT('',#9007);
#9007 = CARTESIAN_POINT('',(-679.0382,3.252190713199,68.451615924438));
#9008 = SURFACE_CURVE('',#9009,(#9012,#9019),.PCURVE_S1.);
#9009 = B_SPLINE_CURVE_WITH_KNOTS('',1,(#9010,#9011),.UNSPECIFIED.,.F.,
  .F.,(2,2),(34.,35.),.PIECEWISE_BEZIER_KNOTS.);
#9010 = CARTESIAN_POINT('',(-679.0382,2.849056657077,68.451451183261));
#9011 = CARTESIAN_POINT('',(-679.0382,3.252190713199,68.451615924438));
#9012 = PCURVE('',#8848,#9013);
#9013 = DEFINITIONAL_REPRESENTATION('',(#9014),#9018);
#9014 = LINE('',#9015,#9016);
#9015 = CARTESIAN_POINT('',(0.,0.));
#9016 = VECTOR('',#9017,1.);
#9017 = DIRECTION('',(1.,0.));
#9018 = ( GEOMETRIC_REPRESENTATION_CONTEXT(2) 
PARAMETRIC_REPRESENTATION_CONTEXT() REPRESENTATION_CONTEXT('2D SPACE',''
  ) );
#9019 = PCURVE('',#165,#9020);
#9020 = DEFINITIONAL_REPRESENTATION('',(#9021),#9024);
#9021 = B_SPLINE_CURVE_WITH_KNOTS('',1,(#9022,#9023),.UNSPECIFIED.,.F.,
  .F.,(2,2),(34.,35.),.PIECEWISE_BEZIER_KNOTS.);
#9022 = CARTESIAN_POINT('',(1.560993591309,0.82254709209));
#9023 = CARTESIAN_POINT('',(1.159537359053,0.785804910239));
#9024 = ( GEOMETRIC_REPRESENTATION_CONTEXT(2) 
PARAMETRIC_REPRESENTATION_CONTEXT() REPRESENTATION_CONTEXT('2D SPACE',''
  ) );
#9025 = ORIENTED_EDGE('',*,*,#9026,.T.);
#9026 = EDGE_CURVE('',#9006,#9027,#9029,.T.);
#9027 = VERTEX_POINT('',#9028);
#9028 = CARTESIAN_POINT('',(-422.3597,-2.195438811468,68.44364062962));
#9029 = SURFACE_CURVE('',#9030,(#9094,#9101),.PCURVE_S1.);
#9030 = ( BOUNDED_CURVE() B_SPLINE_CURVE(3,(#9031,#9032,#9033,#9034,
    #9035,#9036,#9037,#9038,#9039,#9040,#9041,#9042,#9043,#9044,#9045,
    #9046,#9047,#9048,#9049,#9050,#9051,#9052,#9053,#9054,#9055,#9056,
    #9057,#9058,#9059,#9060,#9061,#9062,#9063,#9064,#9065,#9066,#9067,
    #9068,#9069,#9070,#9071,#9072,#9073,#9074,#9075,#9076,#9077,#9078,
    #9079,#9080,#9081,#9082,#9083,#9084,#9085,#9086,#9087,#9088,#9089,
    #9090,#9091,#9092,#9093),.UNSPECIFIED.,.F.,.F.) 
B_SPLINE_CURVE_WITH_KNOTS((4,1,1,1,1,1,1,1,1,1,1,1,1,1,1,1,1,1,1,1,1,1,1
    ,1,1,1,1,1,1,1,1,1,1,1,1,1,1,1,1,1,1,1,1,1,1,1,1,1,1,1,1,1,1,1,1,1,1
    ,1,1,1,4),(0.,1.671164831231E-02,3.327803306227E-02,
    5.000925566809E-02,6.648034363626E-02,8.347574416348E-02,
    9.998031801332E-02,0.116453562429,0.133787455732,0.150582398826,
    0.167003889564,0.183421183117,0.199831572897,0.216243077967,
    0.232654966281,0.249069049,0.265493630469,0.281929899437,
    0.298422530809,0.314972313288,0.331595845732,0.348279560524,
    0.365009232075,0.38168560036,0.398277240471,0.414799735375,
    0.431302994143,0.448140075223,0.464749604184,0.481553115126,
    0.498808354232,0.516050152658,0.532842545742,0.550335828942,
    0.567153130692,0.583652514422,0.600175882991,0.616768685323,
    0.633448038712,0.650182180915,0.666869665762,0.683497438564,
    0.700056495454,0.716547762365,0.732983596882,0.749407921308,
    0.765822295641,0.782233728406,0.798646209918,0.81505724388,
    0.831476734885,0.847901722287,0.864693603231,0.881980563987,
    0.898448960139,0.915352013848,0.932295303855,0.949097785181,
0.966200565614,0.982806308198,1.),.UNSPECIFIED.) CURVE() 
GEOMETRIC_REPRESENTATION_ITEM() RATIONAL_B_SPLINE_CURVE((1.,
    0.999999999979,1.00000000001,0.999999999997,1.000000000001,1.,1.,1.,
    1.,1.,1.,1.,1.,1.,1.,1.,1.,1.,1.,1.,1.,1.,1.,1.,1.,1.,1.,1.,1.,1.,1.
    ,1.,1.,1.,1.,1.,1.,1.,1.,1.,1.,1.,1.,1.,1.,1.,1.,1.,1.,1.,1.,1.,1.,
    1.,1.,1.,1.,1.,0.999999999998,1.000000000007,0.999999999976,
1.000000000054,1.)) REPRESENTATION_ITEM('') );
#9031 = CARTESIAN_POINT('',(-679.0382,3.252190713199,68.451615924438));
#9032 = CARTESIAN_POINT('',(-677.9018430398,2.611406809811,
    68.462643844274));
#9033 = CARTESIAN_POINT('',(-674.6570379481,3.863052785274,
    68.273179867985));
#9034 = CARTESIAN_POINT('',(-670.4801286148,4.115788548228,
    68.145894813182));
#9035 = CARTESIAN_POINT('',(-666.2529876958,3.372154306153,
    68.112404071956));
#9036 = CARTESIAN_POINT('',(-661.8309289879,3.066495949749,
    68.004076959247));
#9037 = CARTESIAN_POINT('',(-657.7320144142,3.332191639824,
    67.795549769249));
#9038 = CARTESIAN_POINT('',(-653.3812140229,4.12181531956,
    67.533664766861));
#9039 = CARTESIAN_POINT('',(-648.9513854559,3.924124875273,
    67.427305598527));
#9040 = CARTESIAN_POINT('',(-644.9070855266,6.662195451325,
    66.90263679917));
#9041 = CARTESIAN_POINT('',(-640.582063889,7.67035740767,66.651027910039
    ));
#9042 = CARTESIAN_POINT('',(-636.2554682792,7.675803930402,
    66.59959218984));
#9043 = CARTESIAN_POINT('',(-631.9824711096,7.831361826804,
    66.548492564084));
#9044 = CARTESIAN_POINT('',(-627.7019615338,7.911543212192,
    66.508857623828));
#9045 = CARTESIAN_POINT('',(-623.4245711463,7.957610521262,
    66.478381878826));
#9046 = CARTESIAN_POINT('',(-619.1463832312,7.953892418498,
    66.450065853975));
#9047 = CARTESIAN_POINT('',(-614.8669156658,7.931327907588,
    66.435934826727));
#9048 = CARTESIAN_POINT('',(-610.5898165078,7.902921279336,
    66.414501750002));
#9049 = CARTESIAN_POINT('',(-606.3045105877,7.807383033505,
    66.451831546483));
#9050 = CARTESIAN_POINT('',(-602.0277566031,7.717845281041,
    66.416652192254));
#9051 = CARTESIAN_POINT('',(-597.7466019923,7.849781933426,
    66.618056789456));
#9052 = CARTESIAN_POINT('',(-593.4714143357,7.703974306076,
    66.389827542157));
#9053 = CARTESIAN_POINT('',(-589.1936176105,7.641472943391,
    66.26781916244));
#9054 = CARTESIAN_POINT('',(-584.9304153006,7.630125207382,
    66.123454739192));
#9055 = CARTESIAN_POINT('',(-580.6563793824,7.559177106516,
    66.07417982324));
#9056 = CARTESIAN_POINT('',(-576.3740763318,7.420775133181,
    66.185100875646));
#9057 = CARTESIAN_POINT('',(-572.0987272234,7.163810845896,
    66.293954974055));
#9058 = CARTESIAN_POINT('',(-567.7524952784,6.982523446871,
    66.917580277091));
#9059 = CARTESIAN_POINT('',(-563.5775738445,5.216404053534,
    66.478098477005));
#9060 = CARTESIAN_POINT('',(-559.225311783,5.007812664227,66.35197135401
    ));
#9061 = CARTESIAN_POINT('',(-554.9153030247,3.865921239915,
    65.722993656197));
#9062 = CARTESIAN_POINT('',(-550.6950514656,1.790836354738,
    66.352864064594));
#9063 = CARTESIAN_POINT('',(-546.5054520859,-0.272745701235,
    66.021130078247));
#9064 = CARTESIAN_POINT('',(-542.014622175,-1.077560683332,
    66.816283441984));
#9065 = CARTESIAN_POINT('',(-537.9789076762,-3.368540256211,
    67.083129975341));
#9066 = CARTESIAN_POINT('',(-533.6216797195,-4.730512618332,
    67.793254356837));
#9067 = CARTESIAN_POINT('',(-529.3043766466,-4.812534436896,
    67.277720691629));
#9068 = CARTESIAN_POINT('',(-525.0222934397,-4.932395878059,
    67.208532202035));
#9069 = CARTESIAN_POINT('',(-520.7416746921,-4.766695607315,
    67.162761617403));
#9070 = CARTESIAN_POINT('',(-516.4671704399,-4.516982325049,
    67.237862888079));
#9071 = CARTESIAN_POINT('',(-512.204407681,-4.220882714027,
    67.386205021971));
#9072 = CARTESIAN_POINT('',(-507.9265429784,-4.060472424511,
    67.480170022197));
#9073 = CARTESIAN_POINT('',(-503.6502824349,-3.951651091628,
    67.724386164934));
#9074 = CARTESIAN_POINT('',(-499.3719688989,-3.770993791575,
    67.397185016103));
#9075 = CARTESIAN_POINT('',(-495.0930022696,-3.640546718444,
    67.394588538071));
#9076 = CARTESIAN_POINT('',(-490.8081538754,-3.695481549739,
    67.296840592788));
#9077 = CARTESIAN_POINT('',(-486.5308534552,-3.636629923171,
    67.281849893324));
#9078 = CARTESIAN_POINT('',(-482.2516859036,-3.639692424202,
    67.269643492068));
#9079 = CARTESIAN_POINT('',(-477.9730655022,-3.650817586387,
    67.264886722745));
#9080 = CARTESIAN_POINT('',(-473.6960456193,-3.580290474381,
    67.272904004555));
#9081 = CARTESIAN_POINT('',(-469.4152062773,-3.546431330466,
    67.282116862029));
#9082 = CARTESIAN_POINT('',(-465.1421872703,-3.329187136515,
    67.31895817276));
#9083 = CARTESIAN_POINT('',(-460.8166932288,-3.525490869501,
    67.303574799686));
#9084 = CARTESIAN_POINT('',(-456.4952571487,-2.498970728463,
    67.534827710328));
#9085 = CARTESIAN_POINT('',(-452.4504000069,-0.323000985015,
    67.931947229794));
#9086 = CARTESIAN_POINT('',(-447.9424683801,-0.941070473401,
    67.957575709925));
#9087 = CARTESIAN_POINT('',(-443.7524033406,1.002842711994,
    68.312713777961));
#9088 = CARTESIAN_POINT('',(-439.4974420849,0.404437099496,
    68.384309106496));
#9089 = CARTESIAN_POINT('',(-435.1419433011,-0.15513397562,
    68.417172062584));
#9090 = CARTESIAN_POINT('',(-430.9728274171,-1.429210828201,
    68.374788377496));
#9091 = CARTESIAN_POINT('',(-426.6766705817,-1.53891583652,
    68.456322729181));
#9092 = CARTESIAN_POINT('',(-423.4568555526,0.508883080182,
    68.686651416109));
#9093 = CARTESIAN_POINT('',(-422.3597,-2.195438811468,68.44364062962));
#9094 = PCURVE('',#8848,#9095);
#9095 = DEFINITIONAL_REPRESENTATION('',(#9096),#9100);
#9096 = LINE('',#9097,#9098);
#9097 = CARTESIAN_POINT('',(35.,0.));
#9098 = VECTOR('',#9099,1.);
#9099 = DIRECTION('',(0.,1.));
#9100 = ( GEOMETRIC_REPRESENTATION_CONTEXT(2) 
PARAMETRIC_REPRESENTATION_CONTEXT() REPRESENTATION_CONTEXT('2D SPACE',''
  ) );
#9101 = PCURVE('',#9102,#9229);
#9102 = ( BOUNDED_SURFACE() B_SPLINE_SURFACE(1,3,(
    (#9103,#9104,#9105,#9106,#9107,#9108,#9109,#9110,#9111,#9112,#9113
      ,#9114,#9115,#9116,#9117,#9118,#9119,#9120,#9121,#9122,#9123,#9124
      ,#9125,#9126,#9127,#9128,#9129,#9130,#9131,#9132,#9133,#9134,#9135
      ,#9136,#9137,#9138,#9139,#9140,#9141,#9142,#9143,#9144,#9145,#9146
      ,#9147,#9148,#9149,#9150,#9151,#9152,#9153,#9154,#9155,#9156,#9157
      ,#9158,#9159,#9160,#9161,#9162,#9163,#9164,#9165)
    ,(#9166,#9167,#9168,#9169,#9170,#9171,#9172,#9173,#9174,#9175,#9176
      ,#9177,#9178,#9179,#9180,#9181,#9182,#9183,#9184,#9185,#9186,#9187
      ,#9188,#9189,#9190,#9191,#9192,#9193,#9194,#9195,#9196,#9197,#9198
      ,#9199,#9200,#9201,#9202,#9203,#9204,#9205,#9206,#9207,#9208,#9209
      ,#9210,#9211,#9212,#9213,#9214,#9215,#9216,#9217,#9218,#9219,#9220
      ,#9221,#9222,#9223,#9224,#9225,#9226,#9227,#9228
)),.UNSPECIFIED.,.F.,.F.,.F.) B_SPLINE_SURFACE_WITH_KNOTS((2,2),(4,1,1,1
    ,1,1,1,1,1,1,1,1,1,1,1,1,1,1,1,1,1,1,1,1,1,1,1,1,1,1,1,1,1,1,1,1,1,1
    ,1,1,1,1,1,1,1,1,1,1,1,1,1,1,1,1,1,1,1,1,1,1,4),(35.,36.),(0.,
    1.671164831231E-02,3.327803306227E-02,5.000925566809E-02,
    6.648034363626E-02,8.347574416348E-02,9.998031801332E-02,
    0.116453562429,0.133787455732,0.150582398826,0.167003889564,
    0.183421183117,0.199831572897,0.216243077967,0.232654966281,
    0.249069049,0.265493630469,0.281929899437,0.298422530809,
    0.314972313288,0.331595845732,0.348279560524,0.365009232075,
    0.38168560036,0.398277240471,0.414799735375,0.431302994143,
    0.448140075223,0.464749604184,0.481553115126,0.498808354232,
    0.516050152658,0.532842545742,0.550335828942,0.567153130692,
    0.583652514422,0.600175882991,0.616768685323,0.633448038712,
    0.650182180915,0.666869665762,0.683497438564,0.700056495454,
    0.716547762365,0.732983596882,0.749407921308,0.765822295641,
    0.782233728406,0.798646209918,0.81505724388,0.831476734885,
    0.847901722287,0.864693603231,0.881980563987,0.898448960139,
    0.915352013848,0.932295303855,0.949097785181,0.966200565614,
0.982806308198,1.),.UNSPECIFIED.) GEOMETRIC_REPRESENTATION_ITEM() 
RATIONAL_B_SPLINE_SURFACE((
    (1.,0.999999999979,1.00000000001,0.999999999997,1.000000000001,1.,1.
      ,1.,1.,1.,1.,1.,1.,1.,1.,1.,1.,1.,1.,1.,1.,1.,1.,1.,1.,1.,1.,1.,1.
      ,1.,1.,1.,1.,1.,1.,1.,1.,1.,1.,1.,1.,1.,1.,1.,1.,1.,1.,1.,1.,1.,1.
      ,1.,1.,1.,1.,1.,1.,1.,0.999999999998,1.000000000007,0.999999999976
      ,1.000000000054,1.)
    ,(1.,0.999999999979,1.00000000001,0.999999999997,1.000000000001,1.
      ,1.,1.,1.,1.,1.,1.,1.,1.,1.,1.,1.,1.,1.,1.,1.,1.,1.,1.,1.,1.,1.,1.
      ,1.,1.,1.,1.,1.,1.,1.,1.,1.,1.,1.,1.,1.,1.,1.,1.,1.,1.,1.,1.,1.,1.
      ,1.,1.,1.,1.,1.,1.,1.,1.,0.999999999998,1.000000000007
,0.999999999976,1.000000000054,1.
  ))) REPRESENTATION_ITEM('') SURFACE() );
#9103 = CARTESIAN_POINT('',(-679.0382,3.252190713199,68.451615924438));
#9104 = CARTESIAN_POINT('',(-677.9018430398,2.611406809811,
    68.462643844274));
#9105 = CARTESIAN_POINT('',(-674.6570379481,3.863052785274,
    68.273179867985));
#9106 = CARTESIAN_POINT('',(-670.4801286148,4.115788548228,
    68.145894813182));
#9107 = CARTESIAN_POINT('',(-666.2529876958,3.372154306153,
    68.112404071956));
#9108 = CARTESIAN_POINT('',(-661.8309289879,3.066495949749,
    68.004076959247));
#9109 = CARTESIAN_POINT('',(-657.7320144142,3.332191639824,
    67.795549769249));
#9110 = CARTESIAN_POINT('',(-653.3812140229,4.12181531956,
    67.533664766861));
#9111 = CARTESIAN_POINT('',(-648.9513854559,3.924124875273,
    67.427305598527));
#9112 = CARTESIAN_POINT('',(-644.9070855266,6.662195451325,
    66.90263679917));
#9113 = CARTESIAN_POINT('',(-640.582063889,7.67035740767,66.651027910039
    ));
#9114 = CARTESIAN_POINT('',(-636.2554682792,7.675803930402,
    66.59959218984));
#9115 = CARTESIAN_POINT('',(-631.9824711096,7.831361826804,
    66.548492564084));
#9116 = CARTESIAN_POINT('',(-627.7019615338,7.911543212192,
    66.508857623828));
#9117 = CARTESIAN_POINT('',(-623.4245711463,7.957610521262,
    66.478381878826));
#9118 = CARTESIAN_POINT('',(-619.1463832312,7.953892418498,
    66.450065853975));
#9119 = CARTESIAN_POINT('',(-614.8669156658,7.931327907588,
    66.435934826727));
#9120 = CARTESIAN_POINT('',(-610.5898165078,7.902921279336,
    66.414501750002));
#9121 = CARTESIAN_POINT('',(-606.3045105877,7.807383033505,
    66.451831546483));
#9122 = CARTESIAN_POINT('',(-602.0277566031,7.717845281041,
    66.416652192254));
#9123 = CARTESIAN_POINT('',(-597.7466019923,7.849781933426,
    66.618056789456));
#9124 = CARTESIAN_POINT('',(-593.4714143357,7.703974306076,
    66.389827542157));
#9125 = CARTESIAN_POINT('',(-589.1936176105,7.641472943391,
    66.26781916244));
#9126 = CARTESIAN_POINT('',(-584.9304153006,7.630125207382,
    66.123454739192));
#9127 = CARTESIAN_POINT('',(-580.6563793824,7.559177106516,
    66.07417982324));
#9128 = CARTESIAN_POINT('',(-576.3740763318,7.420775133181,
    66.185100875646));
#9129 = CARTESIAN_POINT('',(-572.0987272234,7.163810845896,
    66.293954974055));
#9130 = CARTESIAN_POINT('',(-567.7524952784,6.982523446871,
    66.917580277091));
#9131 = CARTESIAN_POINT('',(-563.5775738445,5.216404053534,
    66.478098477005));
#9132 = CARTESIAN_POINT('',(-559.225311783,5.007812664227,66.35197135401
    ));
#9133 = CARTESIAN_POINT('',(-554.9153030247,3.865921239915,
    65.722993656197));
#9134 = CARTESIAN_POINT('',(-550.6950514656,1.790836354738,
    66.352864064594));
#9135 = CARTESIAN_POINT('',(-546.5054520859,-0.272745701235,
    66.021130078247));
#9136 = CARTESIAN_POINT('',(-542.014622175,-1.077560683332,
    66.816283441984));
#9137 = CARTESIAN_POINT('',(-537.9789076762,-3.368540256211,
    67.083129975341));
#9138 = CARTESIAN_POINT('',(-533.6216797195,-4.730512618332,
    67.793254356837));
#9139 = CARTESIAN_POINT('',(-529.3043766466,-4.812534436896,
    67.277720691629));
#9140 = CARTESIAN_POINT('',(-525.0222934397,-4.932395878059,
    67.208532202035));
#9141 = CARTESIAN_POINT('',(-520.7416746921,-4.766695607315,
    67.162761617403));
#9142 = CARTESIAN_POINT('',(-516.4671704399,-4.516982325049,
    67.237862888079));
#9143 = CARTESIAN_POINT('',(-512.204407681,-4.220882714027,
    67.386205021971));
#9144 = CARTESIAN_POINT('',(-507.9265429784,-4.060472424511,
    67.480170022197));
#9145 = CARTESIAN_POINT('',(-503.6502824349,-3.951651091628,
    67.724386164934));
#9146 = CARTESIAN_POINT('',(-499.3719688989,-3.770993791575,
    67.397185016103));
#9147 = CARTESIAN_POINT('',(-495.0930022696,-3.640546718444,
    67.394588538071));
#9148 = CARTESIAN_POINT('',(-490.8081538754,-3.695481549739,
    67.296840592788));
#9149 = CARTESIAN_POINT('',(-486.5308534552,-3.636629923171,
    67.281849893324));
#9150 = CARTESIAN_POINT('',(-482.2516859036,-3.639692424202,
    67.269643492068));
#9151 = CARTESIAN_POINT('',(-477.9730655022,-3.650817586387,
    67.264886722745));
#9152 = CARTESIAN_POINT('',(-473.6960456193,-3.580290474381,
    67.272904004555));
#9153 = CARTESIAN_POINT('',(-469.4152062773,-3.546431330466,
    67.282116862029));
#9154 = CARTESIAN_POINT('',(-465.1421872703,-3.329187136515,
    67.31895817276));
#9155 = CARTESIAN_POINT('',(-460.8166932288,-3.525490869501,
    67.303574799686));
#9156 = CARTESIAN_POINT('',(-456.4952571487,-2.498970728463,
    67.534827710328));
#9157 = CARTESIAN_POINT('',(-452.4504000069,-0.323000985015,
    67.931947229794));
#9158 = CARTESIAN_POINT('',(-447.9424683801,-0.941070473401,
    67.957575709925));
#9159 = CARTESIAN_POINT('',(-443.7524033406,1.002842711994,
    68.312713777961));
#9160 = CARTESIAN_POINT('',(-439.4974420849,0.404437099496,
    68.384309106496));
#9161 = CARTESIAN_POINT('',(-435.1419433011,-0.15513397562,
    68.417172062584));
#9162 = CARTESIAN_POINT('',(-430.9728274171,-1.429210828201,
    68.374788377496));
#9163 = CARTESIAN_POINT('',(-426.6766705817,-1.53891583652,
    68.456322729181));
#9164 = CARTESIAN_POINT('',(-423.4568555526,0.508883080182,
    68.686651416109));
#9165 = CARTESIAN_POINT('',(-422.3597,-2.195438811468,68.44364062962));
#9166 = CARTESIAN_POINT('',(-679.0382,3.654963673903,68.46823851447));
#9167 = CARTESIAN_POINT('',(-677.9018430398,3.211841802438,
    68.448487883115));
#9168 = CARTESIAN_POINT('',(-674.6570379481,4.327231674393,
    68.275893684645));
#9169 = CARTESIAN_POINT('',(-670.4801286148,4.764659636786,
    68.116391863242));
#9170 = CARTESIAN_POINT('',(-666.2529876958,4.062884349649,
    68.074721737074));
#9171 = CARTESIAN_POINT('',(-661.8309289879,3.712270911214,
    67.969050164546));
#9172 = CARTESIAN_POINT('',(-657.7320144142,4.215346851247,
    67.714666574037));
#9173 = CARTESIAN_POINT('',(-653.3812140229,5.048524549752,
    67.433959997305));
#9174 = CARTESIAN_POINT('',(-648.9513854559,4.884916518274,
    67.310555493128));
#9175 = CARTESIAN_POINT('',(-644.9070855266,7.81525116568,
    66.742224334397));
#9176 = CARTESIAN_POINT('',(-640.582063889,9.001972249658,
    66.447009839967));
#9177 = CARTESIAN_POINT('',(-636.2554682792,8.996537675043,
    66.384816817015));
#9178 = CARTESIAN_POINT('',(-631.9824711096,9.188268640373,
    66.315314950567));
#9179 = CARTESIAN_POINT('',(-627.7019615338,9.271180409567,
    66.263673265892));
#9180 = CARTESIAN_POINT('',(-623.4245711463,9.329973031049,
    66.216976288083));
#9181 = CARTESIAN_POINT('',(-619.1463832312,9.332168067974,
    66.17085086162));
#9182 = CARTESIAN_POINT('',(-614.8669156658,9.299428660224,
    66.140985041902));
#9183 = CARTESIAN_POINT('',(-610.5898165078,9.246341245599,
    66.10291648656));
#9184 = CARTESIAN_POINT('',(-606.3045105877,9.125853091472,
    66.12726695702));
#9185 = CARTESIAN_POINT('',(-602.0277566031,8.97205543449,
    66.061273488539));
#9186 = CARTESIAN_POINT('',(-597.7466019923,9.064467741333,
    66.312074861463));
#9187 = CARTESIAN_POINT('',(-593.4714143357,8.844371286881,
    66.076452106284));
#9188 = CARTESIAN_POINT('',(-589.1936176105,8.709310090883,
    65.96260849025));
#9189 = CARTESIAN_POINT('',(-584.9304153006,8.61647823974,
    65.816980141038));
#9190 = CARTESIAN_POINT('',(-580.6563793824,8.465655158984,
    65.772611005864));
#9191 = CARTESIAN_POINT('',(-576.3740763318,8.239884871142,
    65.877668774766));
#9192 = CARTESIAN_POINT('',(-572.0987272234,7.910229034693,
    66.010566580938));
#9193 = CARTESIAN_POINT('',(-567.7524952784,7.639937056462,
    66.654290162259));
#9194 = CARTESIAN_POINT('',(-563.5775738445,5.887327309927,
    66.288460344831));
#9195 = CARTESIAN_POINT('',(-559.225311783,5.643799535028,
    66.219686823817));
#9196 = CARTESIAN_POINT('',(-554.9153030247,4.550008785506,
    65.642530497722));
#9197 = CARTESIAN_POINT('',(-550.6950514656,2.43886377223,
    66.360463973353));
#9198 = CARTESIAN_POINT('',(-546.5054520859,0.402709025293,
    66.120851929052));
#9199 = CARTESIAN_POINT('',(-542.014622175,-0.448989205638,
    66.970903583741));
#9200 = CARTESIAN_POINT('',(-537.9789076762,-2.719967060946,
    67.319946735193));
#9201 = CARTESIAN_POINT('',(-533.6216797195,-4.10520498626,
    68.131155350089));
#9202 = CARTESIAN_POINT('',(-529.3043766466,-4.103927536822,
    67.646161199742));
#9203 = CARTESIAN_POINT('',(-525.0222934397,-4.157176186241,
    67.616759555517));
#9204 = CARTESIAN_POINT('',(-520.7416746921,-3.914143730585,
    67.592610256759));
#9205 = CARTESIAN_POINT('',(-516.4671704399,-3.572306485943,
    67.652295296955));
#9206 = CARTESIAN_POINT('',(-512.204407681,-3.189638254206,
    67.79375827458));
#9207 = CARTESIAN_POINT('',(-507.9265429784,-2.948229965067,
    67.877560500211));
#9208 = CARTESIAN_POINT('',(-503.6502824349,-2.75395089014,
    68.092910140103));
#9209 = CARTESIAN_POINT('',(-499.3719688989,-2.531167074937,
    67.804214350866));
#9210 = CARTESIAN_POINT('',(-495.0930022696,-2.337972919628,
    67.776117575816));
#9211 = CARTESIAN_POINT('',(-490.8081538754,-2.365580255966,
    67.664195327131));
#9212 = CARTESIAN_POINT('',(-486.5308534552,-2.282775670063,
    67.631839245557));
#9213 = CARTESIAN_POINT('',(-482.2516859036,-2.276790342677,
    67.600764070705));
#9214 = CARTESIAN_POINT('',(-477.9730655022,-2.287101878113,
    67.577555290818));
#9215 = CARTESIAN_POINT('',(-473.6960456193,-2.233376612649,
    67.567085130357));
#9216 = CARTESIAN_POINT('',(-469.4152062773,-2.202248526007,
    67.562788277749));
#9217 = CARTESIAN_POINT('',(-465.1421872703,-2.017554267553,
    67.581233251241));
#9218 = CARTESIAN_POINT('',(-460.8166932288,-2.229101790004,
    67.549036595344));
#9219 = CARTESIAN_POINT('',(-456.4952571487,-1.301627564715,
    67.75019611418));
#9220 = CARTESIAN_POINT('',(-452.4504000069,0.678089106852,
    68.102824087624));
#9221 = CARTESIAN_POINT('',(-447.9424683801,5.46609136849E-02,
    68.114533133732));
#9222 = CARTESIAN_POINT('',(-443.7524033406,1.84612106768,
    68.436676791185));
#9223 = CARTESIAN_POINT('',(-439.4974420849,1.063687272949,
    68.470967633743));
#9224 = CARTESIAN_POINT('',(-435.1419433011,0.467812057591,
    68.491724954916));
#9225 = CARTESIAN_POINT('',(-430.9728274171,-0.864030803815,
    68.438208826924));
#9226 = CARTESIAN_POINT('',(-426.6766705817,-1.13232088533,
    68.493019862264));
#9227 = CARTESIAN_POINT('',(-423.4568555526,0.918790315404,
    68.718102176844));
#9228 = CARTESIAN_POINT('',(-422.3597,-1.809020168164,68.472369227172));
#9229 = DEFINITIONAL_REPRESENTATION('',(#9230),#9234);
#9230 = LINE('',#9231,#9232);
#9231 = CARTESIAN_POINT('',(35.,0.));
#9232 = VECTOR('',#9233,1.);
#9233 = DIRECTION('',(0.,1.));
#9234 = ( GEOMETRIC_REPRESENTATION_CONTEXT(2) 
PARAMETRIC_REPRESENTATION_CONTEXT() REPRESENTATION_CONTEXT('2D SPACE',''
  ) );
#9235 = ORIENTED_EDGE('',*,*,#9236,.F.);
#9236 = EDGE_CURVE('',#8773,#9027,#9237,.T.);
#9237 = SURFACE_CURVE('',#9238,(#9241,#9248),.PCURVE_S1.);
#9238 = B_SPLINE_CURVE_WITH_KNOTS('',1,(#9239,#9240),.UNSPECIFIED.,.F.,
  .F.,(2,2),(34.,35.),.PIECEWISE_BEZIER_KNOTS.);
#9239 = CARTESIAN_POINT('',(-422.3597,-2.582431714683,68.42415513473));
#9240 = CARTESIAN_POINT('',(-422.3597,-2.195438811468,68.44364062962));
#9241 = PCURVE('',#8848,#9242);
#9242 = DEFINITIONAL_REPRESENTATION('',(#9243),#9247);
#9243 = LINE('',#9244,#9245);
#9244 = CARTESIAN_POINT('',(0.,1.));
#9245 = VECTOR('',#9246,1.);
#9246 = DIRECTION('',(1.,0.));
#9247 = ( GEOMETRIC_REPRESENTATION_CONTEXT(2) 
PARAMETRIC_REPRESENTATION_CONTEXT() REPRESENTATION_CONTEXT('2D SPACE',''
  ) );
#9248 = PCURVE('',#401,#9249);
#9249 = DEFINITIONAL_REPRESENTATION('',(#9250),#9253);
#9250 = B_SPLINE_CURVE_WITH_KNOTS('',1,(#9251,#9252),.UNSPECIFIED.,.F.,
  .F.,(2,2),(34.,35.),.PIECEWISE_BEZIER_KNOTS.);
#9251 = CARTESIAN_POINT('',(2.30091415119,-0.322164118782));
#9252 = CARTESIAN_POINT('',(1.914793873848,-0.289693777312));
#9253 = ( GEOMETRIC_REPRESENTATION_CONTEXT(2) 
PARAMETRIC_REPRESENTATION_CONTEXT() REPRESENTATION_CONTEXT('2D SPACE',''
  ) );
#9254 = ORIENTED_EDGE('',*,*,#8772,.F.);
#9255 = ADVANCED_FACE('',(#9256),#9102,.T.);
#9256 = FACE_BOUND('',#9257,.T.);
#9257 = EDGE_LOOP('',(#9258,#9279,#9489,#9508));
#9258 = ORIENTED_EDGE('',*,*,#9259,.T.);
#9259 = EDGE_CURVE('',#9006,#9260,#9262,.T.);
#9260 = VERTEX_POINT('',#9261);
#9261 = CARTESIAN_POINT('',(-679.0382,3.654963673903,68.46823851447));
#9262 = SURFACE_CURVE('',#9263,(#9266,#9273),.PCURVE_S1.);
#9263 = B_SPLINE_CURVE_WITH_KNOTS('',1,(#9264,#9265),.UNSPECIFIED.,.F.,
  .F.,(2,2),(35.,36.),.PIECEWISE_BEZIER_KNOTS.);
#9264 = CARTESIAN_POINT('',(-679.0382,3.252190713199,68.451615924438));
#9265 = CARTESIAN_POINT('',(-679.0382,3.654963673903,68.46823851447));
#9266 = PCURVE('',#9102,#9267);
#9267 = DEFINITIONAL_REPRESENTATION('',(#9268),#9272);
#9268 = LINE('',#9269,#9270);
#9269 = CARTESIAN_POINT('',(0.,0.));
#9270 = VECTOR('',#9271,1.);
#9271 = DIRECTION('',(1.,0.));
#9272 = ( GEOMETRIC_REPRESENTATION_CONTEXT(2) 
PARAMETRIC_REPRESENTATION_CONTEXT() REPRESENTATION_CONTEXT('2D SPACE',''
  ) );
#9273 = PCURVE('',#165,#9274);
#9274 = DEFINITIONAL_REPRESENTATION('',(#9275),#9278);
#9275 = B_SPLINE_CURVE_WITH_KNOTS('',1,(#9276,#9277),.UNSPECIFIED.,.F.,
  .F.,(2,2),(35.,36.),.PIECEWISE_BEZIER_KNOTS.);
#9276 = CARTESIAN_POINT('',(1.159537359053,0.785804910239));
#9277 = CARTESIAN_POINT('',(0.759934025517,0.732705529815));
#9278 = ( GEOMETRIC_REPRESENTATION_CONTEXT(2) 
PARAMETRIC_REPRESENTATION_CONTEXT() REPRESENTATION_CONTEXT('2D SPACE',''
  ) );
#9279 = ORIENTED_EDGE('',*,*,#9280,.T.);
#9280 = EDGE_CURVE('',#9260,#9281,#9283,.T.);
#9281 = VERTEX_POINT('',#9282);
#9282 = CARTESIAN_POINT('',(-422.3597,-1.809020168164,68.472369227172));
#9283 = SURFACE_CURVE('',#9284,(#9348,#9355),.PCURVE_S1.);
#9284 = ( BOUNDED_CURVE() B_SPLINE_CURVE(3,(#9285,#9286,#9287,#9288,
    #9289,#9290,#9291,#9292,#9293,#9294,#9295,#9296,#9297,#9298,#9299,
    #9300,#9301,#9302,#9303,#9304,#9305,#9306,#9307,#9308,#9309,#9310,
    #9311,#9312,#9313,#9314,#9315,#9316,#9317,#9318,#9319,#9320,#9321,
    #9322,#9323,#9324,#9325,#9326,#9327,#9328,#9329,#9330,#9331,#9332,
    #9333,#9334,#9335,#9336,#9337,#9338,#9339,#9340,#9341,#9342,#9343,
    #9344,#9345,#9346,#9347),.UNSPECIFIED.,.F.,.F.) 
B_SPLINE_CURVE_WITH_KNOTS((4,1,1,1,1,1,1,1,1,1,1,1,1,1,1,1,1,1,1,1,1,1,1
    ,1,1,1,1,1,1,1,1,1,1,1,1,1,1,1,1,1,1,1,1,1,1,1,1,1,1,1,1,1,1,1,1,1,1
    ,1,1,1,4),(0.,1.671164831231E-02,3.327803306227E-02,
    5.000925566809E-02,6.648034363626E-02,8.347574416348E-02,
    9.998031801332E-02,0.116453562429,0.133787455732,0.150582398826,
    0.167003889564,0.183421183117,0.199831572897,0.216243077967,
    0.232654966281,0.249069049,0.265493630469,0.281929899437,
    0.298422530809,0.314972313288,0.331595845732,0.348279560524,
    0.365009232075,0.38168560036,0.398277240471,0.414799735375,
    0.431302994143,0.448140075223,0.464749604184,0.481553115126,
    0.498808354232,0.516050152658,0.532842545742,0.550335828942,
    0.567153130692,0.583652514422,0.600175882991,0.616768685323,
    0.633448038712,0.650182180915,0.666869665762,0.683497438564,
    0.700056495454,0.716547762365,0.732983596882,0.749407921308,
    0.765822295641,0.782233728406,0.798646209918,0.81505724388,
    0.831476734885,0.847901722287,0.864693603231,0.881980563987,
    0.898448960139,0.915352013848,0.932295303855,0.949097785181,
0.966200565614,0.982806308198,1.),.UNSPECIFIED.) CURVE() 
GEOMETRIC_REPRESENTATION_ITEM() RATIONAL_B_SPLINE_CURVE((1.,
    0.999999999979,1.00000000001,0.999999999997,1.000000000001,1.,1.,1.,
    1.,1.,1.,1.,1.,1.,1.,1.,1.,1.,1.,1.,1.,1.,1.,1.,1.,1.,1.,1.,1.,1.,1.
    ,1.,1.,1.,1.,1.,1.,1.,1.,1.,1.,1.,1.,1.,1.,1.,1.,1.,1.,1.,1.,1.,1.,
    1.,1.,1.,1.,1.,0.999999999998,1.000000000007,0.999999999976,
1.000000000054,1.)) REPRESENTATION_ITEM('') );
#9285 = CARTESIAN_POINT('',(-679.0382,3.654963673903,68.46823851447));
#9286 = CARTESIAN_POINT('',(-677.9018430398,3.211841802438,
    68.448487883115));
#9287 = CARTESIAN_POINT('',(-674.6570379481,4.327231674393,
    68.275893684645));
#9288 = CARTESIAN_POINT('',(-670.4801286148,4.764659636786,
    68.116391863242));
#9289 = CARTESIAN_POINT('',(-666.2529876958,4.062884349649,
    68.074721737074));
#9290 = CARTESIAN_POINT('',(-661.8309289879,3.712270911214,
    67.969050164546));
#9291 = CARTESIAN_POINT('',(-657.7320144142,4.215346851247,
    67.714666574037));
#9292 = CARTESIAN_POINT('',(-653.3812140229,5.048524549752,
    67.433959997305));
#9293 = CARTESIAN_POINT('',(-648.9513854559,4.884916518274,
    67.310555493128));
#9294 = CARTESIAN_POINT('',(-644.9070855266,7.81525116568,
    66.742224334397));
#9295 = CARTESIAN_POINT('',(-640.582063889,9.001972249658,
    66.447009839967));
#9296 = CARTESIAN_POINT('',(-636.2554682792,8.996537675043,
    66.384816817015));
#9297 = CARTESIAN_POINT('',(-631.9824711096,9.188268640373,
    66.315314950567));
#9298 = CARTESIAN_POINT('',(-627.7019615338,9.271180409567,
    66.263673265892));
#9299 = CARTESIAN_POINT('',(-623.4245711463,9.329973031049,
    66.216976288083));
#9300 = CARTESIAN_POINT('',(-619.1463832312,9.332168067974,
    66.17085086162));
#9301 = CARTESIAN_POINT('',(-614.8669156658,9.299428660224,
    66.140985041902));
#9302 = CARTESIAN_POINT('',(-610.5898165078,9.246341245599,
    66.10291648656));
#9303 = CARTESIAN_POINT('',(-606.3045105877,9.125853091472,
    66.12726695702));
#9304 = CARTESIAN_POINT('',(-602.0277566031,8.97205543449,
    66.061273488539));
#9305 = CARTESIAN_POINT('',(-597.7466019923,9.064467741333,
    66.312074861463));
#9306 = CARTESIAN_POINT('',(-593.4714143357,8.844371286881,
    66.076452106284));
#9307 = CARTESIAN_POINT('',(-589.1936176105,8.709310090883,
    65.96260849025));
#9308 = CARTESIAN_POINT('',(-584.9304153006,8.61647823974,
    65.816980141038));
#9309 = CARTESIAN_POINT('',(-580.6563793824,8.465655158984,
    65.772611005864));
#9310 = CARTESIAN_POINT('',(-576.3740763318,8.239884871142,
    65.877668774766));
#9311 = CARTESIAN_POINT('',(-572.0987272234,7.910229034693,
    66.010566580938));
#9312 = CARTESIAN_POINT('',(-567.7524952784,7.639937056462,
    66.654290162259));
#9313 = CARTESIAN_POINT('',(-563.5775738445,5.887327309927,
    66.288460344831));
#9314 = CARTESIAN_POINT('',(-559.225311783,5.643799535028,
    66.219686823817));
#9315 = CARTESIAN_POINT('',(-554.9153030247,4.550008785506,
    65.642530497722));
#9316 = CARTESIAN_POINT('',(-550.6950514656,2.43886377223,
    66.360463973353));
#9317 = CARTESIAN_POINT('',(-546.5054520859,0.402709025293,
    66.120851929052));
#9318 = CARTESIAN_POINT('',(-542.014622175,-0.448989205638,
    66.970903583741));
#9319 = CARTESIAN_POINT('',(-537.9789076762,-2.719967060946,
    67.319946735193));
#9320 = CARTESIAN_POINT('',(-533.6216797195,-4.10520498626,
    68.131155350089));
#9321 = CARTESIAN_POINT('',(-529.3043766466,-4.103927536822,
    67.646161199742));
#9322 = CARTESIAN_POINT('',(-525.0222934397,-4.157176186241,
    67.616759555517));
#9323 = CARTESIAN_POINT('',(-520.7416746921,-3.914143730585,
    67.592610256759));
#9324 = CARTESIAN_POINT('',(-516.4671704399,-3.572306485943,
    67.652295296955));
#9325 = CARTESIAN_POINT('',(-512.204407681,-3.189638254206,
    67.79375827458));
#9326 = CARTESIAN_POINT('',(-507.9265429784,-2.948229965067,
    67.877560500211));
#9327 = CARTESIAN_POINT('',(-503.6502824349,-2.75395089014,
    68.092910140103));
#9328 = CARTESIAN_POINT('',(-499.3719688989,-2.531167074937,
    67.804214350866));
#9329 = CARTESIAN_POINT('',(-495.0930022696,-2.337972919628,
    67.776117575816));
#9330 = CARTESIAN_POINT('',(-490.8081538754,-2.365580255966,
    67.664195327131));
#9331 = CARTESIAN_POINT('',(-486.5308534552,-2.282775670063,
    67.631839245557));
#9332 = CARTESIAN_POINT('',(-482.2516859036,-2.276790342677,
    67.600764070705));
#9333 = CARTESIAN_POINT('',(-477.9730655022,-2.287101878113,
    67.577555290818));
#9334 = CARTESIAN_POINT('',(-473.6960456193,-2.233376612649,
    67.567085130357));
#9335 = CARTESIAN_POINT('',(-469.4152062773,-2.202248526007,
    67.562788277749));
#9336 = CARTESIAN_POINT('',(-465.1421872703,-2.017554267553,
    67.581233251241));
#9337 = CARTESIAN_POINT('',(-460.8166932288,-2.229101790004,
    67.549036595344));
#9338 = CARTESIAN_POINT('',(-456.4952571487,-1.301627564715,
    67.75019611418));
#9339 = CARTESIAN_POINT('',(-452.4504000069,0.678089106852,
    68.102824087624));
#9340 = CARTESIAN_POINT('',(-447.9424683801,5.46609136849E-02,
    68.114533133732));
#9341 = CARTESIAN_POINT('',(-443.7524033406,1.84612106768,
    68.436676791185));
#9342 = CARTESIAN_POINT('',(-439.4974420849,1.063687272949,
    68.470967633743));
#9343 = CARTESIAN_POINT('',(-435.1419433011,0.467812057591,
    68.491724954916));
#9344 = CARTESIAN_POINT('',(-430.9728274171,-0.864030803815,
    68.438208826924));
#9345 = CARTESIAN_POINT('',(-426.6766705817,-1.13232088533,
    68.493019862264));
#9346 = CARTESIAN_POINT('',(-423.4568555526,0.918790315404,
    68.718102176844));
#9347 = CARTESIAN_POINT('',(-422.3597,-1.809020168164,68.472369227172));
#9348 = PCURVE('',#9102,#9349);
#9349 = DEFINITIONAL_REPRESENTATION('',(#9350),#9354);
#9350 = LINE('',#9351,#9352);
#9351 = CARTESIAN_POINT('',(36.,0.));
#9352 = VECTOR('',#9353,1.);
#9353 = DIRECTION('',(0.,1.));
#9354 = ( GEOMETRIC_REPRESENTATION_CONTEXT(2) 
PARAMETRIC_REPRESENTATION_CONTEXT() REPRESENTATION_CONTEXT('2D SPACE',''
  ) );
#9355 = PCURVE('',#9356,#9483);
#9356 = ( BOUNDED_SURFACE() B_SPLINE_SURFACE(1,3,(
    (#9357,#9358,#9359,#9360,#9361,#9362,#9363,#9364,#9365,#9366,#9367
      ,#9368,#9369,#9370,#9371,#9372,#9373,#9374,#9375,#9376,#9377,#9378
      ,#9379,#9380,#9381,#9382,#9383,#9384,#9385,#9386,#9387,#9388,#9389
      ,#9390,#9391,#9392,#9393,#9394,#9395,#9396,#9397,#9398,#9399,#9400
      ,#9401,#9402,#9403,#9404,#9405,#9406,#9407,#9408,#9409,#9410,#9411
      ,#9412,#9413,#9414,#9415,#9416,#9417,#9418,#9419)
    ,(#9420,#9421,#9422,#9423,#9424,#9425,#9426,#9427,#9428,#9429,#9430
      ,#9431,#9432,#9433,#9434,#9435,#9436,#9437,#9438,#9439,#9440,#9441
      ,#9442,#9443,#9444,#9445,#9446,#9447,#9448,#9449,#9450,#9451,#9452
      ,#9453,#9454,#9455,#9456,#9457,#9458,#9459,#9460,#9461,#9462,#9463
      ,#9464,#9465,#9466,#9467,#9468,#9469,#9470,#9471,#9472,#9473,#9474
      ,#9475,#9476,#9477,#9478,#9479,#9480,#9481,#9482
)),.UNSPECIFIED.,.F.,.F.,.F.) B_SPLINE_SURFACE_WITH_KNOTS((2,2),(4,1,1,1
    ,1,1,1,1,1,1,1,1,1,1,1,1,1,1,1,1,1,1,1,1,1,1,1,1,1,1,1,1,1,1,1,1,1,1
    ,1,1,1,1,1,1,1,1,1,1,1,1,1,1,1,1,1,1,1,1,1,1,4),(36.,37.),(0.,
    1.671164831231E-02,3.327803306227E-02,5.000925566809E-02,
    6.648034363626E-02,8.347574416348E-02,9.998031801332E-02,
    0.116453562429,0.133787455732,0.150582398826,0.167003889564,
    0.183421183117,0.199831572897,0.216243077967,0.232654966281,
    0.249069049,0.265493630469,0.281929899437,0.298422530809,
    0.314972313288,0.331595845732,0.348279560524,0.365009232075,
    0.38168560036,0.398277240471,0.414799735375,0.431302994143,
    0.448140075223,0.464749604184,0.481553115126,0.498808354232,
    0.516050152658,0.532842545742,0.550335828942,0.567153130692,
    0.583652514422,0.600175882991,0.616768685323,0.633448038712,
    0.650182180915,0.666869665762,0.683497438564,0.700056495454,
    0.716547762365,0.732983596882,0.749407921308,0.765822295641,
    0.782233728406,0.798646209918,0.81505724388,0.831476734885,
    0.847901722287,0.864693603231,0.881980563987,0.898448960139,
    0.915352013848,0.932295303855,0.949097785181,0.966200565614,
0.982806308198,1.),.UNSPECIFIED.) GEOMETRIC_REPRESENTATION_ITEM() 
RATIONAL_B_SPLINE_SURFACE((
    (1.,0.999999999979,1.00000000001,0.999999999997,1.000000000001,1.,1.
      ,1.,1.,1.,1.,1.,1.,1.,1.,1.,1.,1.,1.,1.,1.,1.,1.,1.,1.,1.,1.,1.,1.
      ,1.,1.,1.,1.,1.,1.,1.,1.,1.,1.,1.,1.,1.,1.,1.,1.,1.,1.,1.,1.,1.,1.
      ,1.,1.,1.,1.,1.,1.,1.,0.999999999998,1.000000000007,0.999999999976
      ,1.000000000054,1.)
    ,(1.,0.999999999979,1.00000000001,0.999999999997,1.000000000001,1.
      ,1.,1.,1.,1.,1.,1.,1.,1.,1.,1.,1.,1.,1.,1.,1.,1.,1.,1.,1.,1.,1.,1.
      ,1.,1.,1.,1.,1.,1.,1.,1.,1.,1.,1.,1.,1.,1.,1.,1.,1.,1.,1.,1.,1.,1.
      ,1.,1.,1.,1.,1.,1.,1.,1.,0.999999999998,1.000000000007
,0.999999999976,1.000000000054,1.
  ))) REPRESENTATION_ITEM('') SURFACE() );
#9357 = CARTESIAN_POINT('',(-679.0382,3.654963673903,68.46823851447));
#9358 = CARTESIAN_POINT('',(-677.9018430398,3.211841802438,
    68.448487883115));
#9359 = CARTESIAN_POINT('',(-674.6570379481,4.327231674393,
    68.275893684645));
#9360 = CARTESIAN_POINT('',(-670.4801286148,4.764659636786,
    68.116391863242));
#9361 = CARTESIAN_POINT('',(-666.2529876958,4.062884349649,
    68.074721737074));
#9362 = CARTESIAN_POINT('',(-661.8309289879,3.712270911214,
    67.969050164546));
#9363 = CARTESIAN_POINT('',(-657.7320144142,4.215346851247,
    67.714666574037));
#9364 = CARTESIAN_POINT('',(-653.3812140229,5.048524549752,
    67.433959997305));
#9365 = CARTESIAN_POINT('',(-648.9513854559,4.884916518274,
    67.310555493128));
#9366 = CARTESIAN_POINT('',(-644.9070855266,7.81525116568,
    66.742224334397));
#9367 = CARTESIAN_POINT('',(-640.582063889,9.001972249658,
    66.447009839967));
#9368 = CARTESIAN_POINT('',(-636.2554682792,8.996537675043,
    66.384816817015));
#9369 = CARTESIAN_POINT('',(-631.9824711096,9.188268640373,
    66.315314950567));
#9370 = CARTESIAN_POINT('',(-627.7019615338,9.271180409567,
    66.263673265892));
#9371 = CARTESIAN_POINT('',(-623.4245711463,9.329973031049,
    66.216976288083));
#9372 = CARTESIAN_POINT('',(-619.1463832312,9.332168067974,
    66.17085086162));
#9373 = CARTESIAN_POINT('',(-614.8669156658,9.299428660224,
    66.140985041902));
#9374 = CARTESIAN_POINT('',(-610.5898165078,9.246341245599,
    66.10291648656));
#9375 = CARTESIAN_POINT('',(-606.3045105877,9.125853091472,
    66.12726695702));
#9376 = CARTESIAN_POINT('',(-602.0277566031,8.97205543449,
    66.061273488539));
#9377 = CARTESIAN_POINT('',(-597.7466019923,9.064467741333,
    66.312074861463));
#9378 = CARTESIAN_POINT('',(-593.4714143357,8.844371286881,
    66.076452106284));
#9379 = CARTESIAN_POINT('',(-589.1936176105,8.709310090883,
    65.96260849025));
#9380 = CARTESIAN_POINT('',(-584.9304153006,8.61647823974,
    65.816980141038));
#9381 = CARTESIAN_POINT('',(-580.6563793824,8.465655158984,
    65.772611005864));
#9382 = CARTESIAN_POINT('',(-576.3740763318,8.239884871142,
    65.877668774766));
#9383 = CARTESIAN_POINT('',(-572.0987272234,7.910229034693,
    66.010566580938));
#9384 = CARTESIAN_POINT('',(-567.7524952784,7.639937056462,
    66.654290162259));
#9385 = CARTESIAN_POINT('',(-563.5775738445,5.887327309927,
    66.288460344831));
#9386 = CARTESIAN_POINT('',(-559.225311783,5.643799535028,
    66.219686823817));
#9387 = CARTESIAN_POINT('',(-554.9153030247,4.550008785506,
    65.642530497722));
#9388 = CARTESIAN_POINT('',(-550.6950514656,2.43886377223,
    66.360463973353));
#9389 = CARTESIAN_POINT('',(-546.5054520859,0.402709025293,
    66.120851929052));
#9390 = CARTESIAN_POINT('',(-542.014622175,-0.448989205638,
    66.970903583741));
#9391 = CARTESIAN_POINT('',(-537.9789076762,-2.719967060946,
    67.319946735193));
#9392 = CARTESIAN_POINT('',(-533.6216797195,-4.10520498626,
    68.131155350089));
#9393 = CARTESIAN_POINT('',(-529.3043766466,-4.103927536822,
    67.646161199742));
#9394 = CARTESIAN_POINT('',(-525.0222934397,-4.157176186241,
    67.616759555517));
#9395 = CARTESIAN_POINT('',(-520.7416746921,-3.914143730585,
    67.592610256759));
#9396 = CARTESIAN_POINT('',(-516.4671704399,-3.572306485943,
    67.652295296955));
#9397 = CARTESIAN_POINT('',(-512.204407681,-3.189638254206,
    67.79375827458));
#9398 = CARTESIAN_POINT('',(-507.9265429784,-2.948229965067,
    67.877560500211));
#9399 = CARTESIAN_POINT('',(-503.6502824349,-2.75395089014,
    68.092910140103));
#9400 = CARTESIAN_POINT('',(-499.3719688989,-2.531167074937,
    67.804214350866));
#9401 = CARTESIAN_POINT('',(-495.0930022696,-2.337972919628,
    67.776117575816));
#9402 = CARTESIAN_POINT('',(-490.8081538754,-2.365580255966,
    67.664195327131));
#9403 = CARTESIAN_POINT('',(-486.5308534552,-2.282775670063,
    67.631839245557));
#9404 = CARTESIAN_POINT('',(-482.2516859036,-2.276790342677,
    67.600764070705));
#9405 = CARTESIAN_POINT('',(-477.9730655022,-2.287101878113,
    67.577555290818));
#9406 = CARTESIAN_POINT('',(-473.6960456193,-2.233376612649,
    67.567085130357));
#9407 = CARTESIAN_POINT('',(-469.4152062773,-2.202248526007,
    67.562788277749));
#9408 = CARTESIAN_POINT('',(-465.1421872703,-2.017554267553,
    67.581233251241));
#9409 = CARTESIAN_POINT('',(-460.8166932288,-2.229101790004,
    67.549036595344));
#9410 = CARTESIAN_POINT('',(-456.4952571487,-1.301627564715,
    67.75019611418));
#9411 = CARTESIAN_POINT('',(-452.4504000069,0.678089106852,
    68.102824087624));
#9412 = CARTESIAN_POINT('',(-447.9424683801,5.46609136849E-02,
    68.114533133732));
#9413 = CARTESIAN_POINT('',(-443.7524033406,1.84612106768,
    68.436676791185));
#9414 = CARTESIAN_POINT('',(-439.4974420849,1.063687272949,
    68.470967633743));
#9415 = CARTESIAN_POINT('',(-435.1419433011,0.467812057591,
    68.491724954916));
#9416 = CARTESIAN_POINT('',(-430.9728274171,-0.864030803815,
    68.438208826924));
#9417 = CARTESIAN_POINT('',(-426.6766705817,-1.13232088533,
    68.493019862264));
#9418 = CARTESIAN_POINT('',(-423.4568555526,0.918790315404,
    68.718102176844));
#9419 = CARTESIAN_POINT('',(-422.3597,-1.809020168164,68.472369227172));
#9420 = CARTESIAN_POINT('',(-679.0382,4.055944446932,68.509090977708));
#9421 = CARTESIAN_POINT('',(-677.9018430398,3.81160080288,
    68.457337327748));
#9422 = CARTESIAN_POINT('',(-674.6570379481,4.791133924023,
    68.30139083209));
#9423 = CARTESIAN_POINT('',(-670.4801286148,5.414116915238,
    68.108862274216));
#9424 = CARTESIAN_POINT('',(-666.2529876958,4.754423510564,
    68.058840577292));
#9425 = CARTESIAN_POINT('',(-661.8309289879,4.358889304527,
    67.955945736823));
#9426 = CARTESIAN_POINT('',(-657.7320144142,5.1002268468,67.654983695388
    ));
#9427 = CARTESIAN_POINT('',(-653.3812140229,5.977235887854,
    67.355408804724));
#9428 = CARTESIAN_POINT('',(-648.9513854559,5.848039120743,
    67.214891669815));
#9429 = CARTESIAN_POINT('',(-644.9070855266,8.97101786763,
    66.602582194252));
#9430 = CARTESIAN_POINT('',(-640.582063889,10.336571192071,
    66.263585095785));
#9431 = CARTESIAN_POINT('',(-636.2554682792,10.320440204941,
    66.19061425817));
#9432 = CARTESIAN_POINT('',(-631.9824711096,10.548531193704,
    66.102653612742));
#9433 = CARTESIAN_POINT('',(-627.7019615338,10.634340945883,
    66.038971737381));
#9434 = CARTESIAN_POINT('',(-623.4245711463,10.706059825826,
    65.976016605902));
#9435 = CARTESIAN_POINT('',(-619.1463832312,10.714408134171,
    65.911997680844));
#9436 = CARTESIAN_POINT('',(-614.8669156658,10.671735326701,
    65.866476216239));
#9437 = CARTESIAN_POINT('',(-610.5898165078,10.594324637302,
    65.811249852748));
#9438 = CARTESIAN_POINT('',(-606.3045105877,10.449004666076,
    65.824322627387));
#9439 = CARTESIAN_POINT('',(-602.0277566031,10.232212346757,
    65.720828704508));
#9440 = CARTESIAN_POINT('',(-597.7466019923,10.282434088047,
    66.045781890413));
#9441 = CARTESIAN_POINT('',(-593.4714143357,9.987880015452,
    65.767460019864));
#9442 = CARTESIAN_POINT('',(-589.1936176105,9.783405659842,
    65.679442932601));
#9443 = CARTESIAN_POINT('',(-584.9304153006,9.613702867361,
    65.54190411838));
#9444 = CARTESIAN_POINT('',(-580.6563793824,9.388288891516,
    65.517450395476));
#9445 = CARTESIAN_POINT('',(-576.3740763318,9.088379509038,
    65.657439155553));
#9446 = CARTESIAN_POINT('',(-572.0987272234,8.688836383593,
    65.831999022404));
#9447 = CARTESIAN_POINT('',(-567.7524952784,8.327588579564,
    66.487646833653));
#9448 = CARTESIAN_POINT('',(-563.5775738445,6.577647770981,
    66.186846675029));
#9449 = CARTESIAN_POINT('',(-559.225311783,6.12765339311,66.327948776128
    ));
#9450 = CARTESIAN_POINT('',(-554.9153030247,5.053255809297,
    65.775452160031));
#9451 = CARTESIAN_POINT('',(-550.6950514656,2.907230718144,
    66.555394448756));
#9452 = CARTESIAN_POINT('',(-546.5054520859,0.891678496808,
    66.407308236383));
#9453 = CARTESIAN_POINT('',(-542.014622175,-3.837979671524E-03,
    67.316409061898));
#9454 = CARTESIAN_POINT('',(-537.9789076762,-2.090013562783,
    67.579343679789));
#9455 = CARTESIAN_POINT('',(-533.6216797195,-3.479489230026,
    68.471878606728));
#9456 = CARTESIAN_POINT('',(-529.3043766466,-3.403554540046,
    68.029898113262));
#9457 = CARTESIAN_POINT('',(-525.0222934397,-3.389092997209,
    68.039107190502));
#9458 = CARTESIAN_POINT('',(-520.7416746921,-3.060837885457,
    68.022220966082));
#9459 = CARTESIAN_POINT('',(-516.4671704399,-2.631703059744,
    68.075081796093));
#9460 = CARTESIAN_POINT('',(-512.204407681,-2.162248102607,
    68.208413235366));
#9461 = CARTESIAN_POINT('',(-507.9265429784,-1.838924595264,
    68.283861837722));
#9462 = CARTESIAN_POINT('',(-503.6502824349,-1.556589370252,
    68.463927932072));
#9463 = CARTESIAN_POINT('',(-499.3719688989,-1.294323712149,
    68.219973346381));
#9464 = CARTESIAN_POINT('',(-495.0930022696,-1.037468764466,
    68.164771247677));
#9465 = CARTESIAN_POINT('',(-490.8081538754,-1.03781233685,
    68.039150203162));
#9466 = CARTESIAN_POINT('',(-486.5308534552,-0.930881599973,
    67.989341025567));
#9467 = CARTESIAN_POINT('',(-482.2516859036,-0.915750919776,
    67.939456332272));
#9468 = CARTESIAN_POINT('',(-477.9730655022,-0.925147688827,
    67.897810710801));
#9469 = CARTESIAN_POINT('',(-473.6960456193,-0.888147331631,
    67.868875672305));
#9470 = CARTESIAN_POINT('',(-469.4152062773,-0.859680449073,
    67.851084285412));
#9471 = CARTESIAN_POINT('',(-465.1421872703,-0.707473055574,
    67.851151029561));
#9472 = CARTESIAN_POINT('',(-460.8166932288,-0.934187195461,
    67.802159426679));
#9473 = CARTESIAN_POINT('',(-456.4952571487,-0.105695917764,
    67.973251323576));
#9474 = CARTESIAN_POINT('',(-452.4504000069,1.677823861838,
    68.281447205359));
#9475 = CARTESIAN_POINT('',(-447.9424683801,1.049137308183,
    68.279252434519));
#9476 = CARTESIAN_POINT('',(-443.7524033406,2.688207306195,
    68.568445013105));
#9477 = CARTESIAN_POINT('',(-439.4974420849,1.721843506399,
    68.565531763856));
#9478 = CARTESIAN_POINT('',(-435.1419433011,1.089755307248,
    68.574228416629));
#9479 = CARTESIAN_POINT('',(-430.9728274171,-0.299808968887,
    68.509627776563));
#9480 = CARTESIAN_POINT('',(-426.6766705817,-0.726590824314,
    68.537971446075));
#9481 = CARTESIAN_POINT('',(-423.4568555526,1.327998084892,
    68.75809564022));
#9482 = CARTESIAN_POINT('',(-422.3597,-1.423322634875,68.509558542478));
#9483 = DEFINITIONAL_REPRESENTATION('',(#9484),#9488);
#9484 = LINE('',#9485,#9486);
#9485 = CARTESIAN_POINT('',(36.,0.));
#9486 = VECTOR('',#9487,1.);
#9487 = DIRECTION('',(0.,1.));
#9488 = ( GEOMETRIC_REPRESENTATION_CONTEXT(2) 
PARAMETRIC_REPRESENTATION_CONTEXT() REPRESENTATION_CONTEXT('2D SPACE',''
  ) );
#9489 = ORIENTED_EDGE('',*,*,#9490,.F.);
#9490 = EDGE_CURVE('',#9027,#9281,#9491,.T.);
#9491 = SURFACE_CURVE('',#9492,(#9495,#9502),.PCURVE_S1.);
#9492 = B_SPLINE_CURVE_WITH_KNOTS('',1,(#9493,#9494),.UNSPECIFIED.,.F.,
  .F.,(2,2),(35.,36.),.PIECEWISE_BEZIER_KNOTS.);
#9493 = CARTESIAN_POINT('',(-422.3597,-2.195438811468,68.44364062962));
#9494 = CARTESIAN_POINT('',(-422.3597,-1.809020168164,68.472369227172));
#9495 = PCURVE('',#9102,#9496);
#9496 = DEFINITIONAL_REPRESENTATION('',(#9497),#9501);
#9497 = LINE('',#9498,#9499);
#9498 = CARTESIAN_POINT('',(0.,1.));
#9499 = VECTOR('',#9500,1.);
#9500 = DIRECTION('',(1.,0.));
#9501 = ( GEOMETRIC_REPRESENTATION_CONTEXT(2) 
PARAMETRIC_REPRESENTATION_CONTEXT() REPRESENTATION_CONTEXT('2D SPACE',''
  ) );
#9502 = PCURVE('',#401,#9503);
#9503 = DEFINITIONAL_REPRESENTATION('',(#9504),#9507);
#9504 = B_SPLINE_CURVE_WITH_KNOTS('',1,(#9505,#9506),.UNSPECIFIED.,.F.,
  .F.,(2,2),(35.,36.),.PIECEWISE_BEZIER_KNOTS.);
#9505 = CARTESIAN_POINT('',(1.914793873848,-0.289693777312));
#9506 = CARTESIAN_POINT('',(1.529557930602,-0.248004831041));
#9507 = ( GEOMETRIC_REPRESENTATION_CONTEXT(2) 
PARAMETRIC_REPRESENTATION_CONTEXT() REPRESENTATION_CONTEXT('2D SPACE',''
  ) );
#9508 = ORIENTED_EDGE('',*,*,#9026,.F.);
#9509 = ADVANCED_FACE('',(#9510),#9356,.T.);
#9510 = FACE_BOUND('',#9511,.T.);
#9511 = EDGE_LOOP('',(#9512,#9533,#9743,#9762));
#9512 = ORIENTED_EDGE('',*,*,#9513,.T.);
#9513 = EDGE_CURVE('',#9260,#9514,#9516,.T.);
#9514 = VERTEX_POINT('',#9515);
#9515 = CARTESIAN_POINT('',(-679.0382,4.055944446932,68.509090977708));
#9516 = SURFACE_CURVE('',#9517,(#9520,#9527),.PCURVE_S1.);
#9517 = B_SPLINE_CURVE_WITH_KNOTS('',1,(#9518,#9519),.UNSPECIFIED.,.F.,
  .F.,(2,2),(36.,37.),.PIECEWISE_BEZIER_KNOTS.);
#9518 = CARTESIAN_POINT('',(-679.0382,3.654963673903,68.46823851447));
#9519 = CARTESIAN_POINT('',(-679.0382,4.055944446932,68.509090977708));
#9520 = PCURVE('',#9356,#9521);
#9521 = DEFINITIONAL_REPRESENTATION('',(#9522),#9526);
#9522 = LINE('',#9523,#9524);
#9523 = CARTESIAN_POINT('',(0.,0.));
#9524 = VECTOR('',#9525,1.);
#9525 = DIRECTION('',(1.,0.));
#9526 = ( GEOMETRIC_REPRESENTATION_CONTEXT(2) 
PARAMETRIC_REPRESENTATION_CONTEXT() REPRESENTATION_CONTEXT('2D SPACE',''
  ) );
#9527 = PCURVE('',#165,#9528);
#9528 = DEFINITIONAL_REPRESENTATION('',(#9529),#9532);
#9529 = B_SPLINE_CURVE_WITH_KNOTS('',1,(#9530,#9531),.UNSPECIFIED.,.F.,
  .F.,(2,2),(36.,37.),.PIECEWISE_BEZIER_KNOTS.);
#9530 = CARTESIAN_POINT('',(0.759934025517,0.732705529815));
#9531 = CARTESIAN_POINT('',(0.364313969731,0.655638834343));
#9532 = ( GEOMETRIC_REPRESENTATION_CONTEXT(2) 
PARAMETRIC_REPRESENTATION_CONTEXT() REPRESENTATION_CONTEXT('2D SPACE',''
  ) );
#9533 = ORIENTED_EDGE('',*,*,#9534,.T.);
#9534 = EDGE_CURVE('',#9514,#9535,#9537,.T.);
#9535 = VERTEX_POINT('',#9536);
#9536 = CARTESIAN_POINT('',(-422.3597,-1.423322634875,68.509558542478));
#9537 = SURFACE_CURVE('',#9538,(#9602,#9609),.PCURVE_S1.);
#9538 = ( BOUNDED_CURVE() B_SPLINE_CURVE(3,(#9539,#9540,#9541,#9542,
    #9543,#9544,#9545,#9546,#9547,#9548,#9549,#9550,#9551,#9552,#9553,
    #9554,#9555,#9556,#9557,#9558,#9559,#9560,#9561,#9562,#9563,#9564,
    #9565,#9566,#9567,#9568,#9569,#9570,#9571,#9572,#9573,#9574,#9575,
    #9576,#9577,#9578,#9579,#9580,#9581,#9582,#9583,#9584,#9585,#9586,
    #9587,#9588,#9589,#9590,#9591,#9592,#9593,#9594,#9595,#9596,#9597,
    #9598,#9599,#9600,#9601),.UNSPECIFIED.,.F.,.F.) 
B_SPLINE_CURVE_WITH_KNOTS((4,1,1,1,1,1,1,1,1,1,1,1,1,1,1,1,1,1,1,1,1,1,1
    ,1,1,1,1,1,1,1,1,1,1,1,1,1,1,1,1,1,1,1,1,1,1,1,1,1,1,1,1,1,1,1,1,1,1
    ,1,1,1,4),(0.,1.671164831231E-02,3.327803306227E-02,
    5.000925566809E-02,6.648034363626E-02,8.347574416348E-02,
    9.998031801332E-02,0.116453562429,0.133787455732,0.150582398826,
    0.167003889564,0.183421183117,0.199831572897,0.216243077967,
    0.232654966281,0.249069049,0.265493630469,0.281929899437,
    0.298422530809,0.314972313288,0.331595845732,0.348279560524,
    0.365009232075,0.38168560036,0.398277240471,0.414799735375,
    0.431302994143,0.448140075223,0.464749604184,0.481553115126,
    0.498808354232,0.516050152658,0.532842545742,0.550335828942,
    0.567153130692,0.583652514422,0.600175882991,0.616768685323,
    0.633448038712,0.650182180915,0.666869665762,0.683497438564,
    0.700056495454,0.716547762365,0.732983596882,0.749407921308,
    0.765822295641,0.782233728406,0.798646209918,0.81505724388,
    0.831476734885,0.847901722287,0.864693603231,0.881980563987,
    0.898448960139,0.915352013848,0.932295303855,0.949097785181,
0.966200565614,0.982806308198,1.),.UNSPECIFIED.) CURVE() 
GEOMETRIC_REPRESENTATION_ITEM() RATIONAL_B_SPLINE_CURVE((1.,
    0.999999999979,1.00000000001,0.999999999997,1.000000000001,1.,1.,1.,
    1.,1.,1.,1.,1.,1.,1.,1.,1.,1.,1.,1.,1.,1.,1.,1.,1.,1.,1.,1.,1.,1.,1.
    ,1.,1.,1.,1.,1.,1.,1.,1.,1.,1.,1.,1.,1.,1.,1.,1.,1.,1.,1.,1.,1.,1.,
    1.,1.,1.,1.,1.,0.999999999998,1.000000000007,0.999999999976,
1.000000000054,1.)) REPRESENTATION_ITEM('') );
#9539 = CARTESIAN_POINT('',(-679.0382,4.055944446932,68.509090977708));
#9540 = CARTESIAN_POINT('',(-677.9018430398,3.81160080288,
    68.457337327748));
#9541 = CARTESIAN_POINT('',(-674.6570379481,4.791133924023,
    68.30139083209));
#9542 = CARTESIAN_POINT('',(-670.4801286148,5.414116915238,
    68.108862274216));
#9543 = CARTESIAN_POINT('',(-666.2529876958,4.754423510564,
    68.058840577292));
#9544 = CARTESIAN_POINT('',(-661.8309289879,4.358889304527,
    67.955945736823));
#9545 = CARTESIAN_POINT('',(-657.7320144142,5.1002268468,67.654983695388
    ));
#9546 = CARTESIAN_POINT('',(-653.3812140229,5.977235887854,
    67.355408804724));
#9547 = CARTESIAN_POINT('',(-648.9513854559,5.848039120743,
    67.214891669815));
#9548 = CARTESIAN_POINT('',(-644.9070855266,8.97101786763,
    66.602582194252));
#9549 = CARTESIAN_POINT('',(-640.582063889,10.336571192071,
    66.263585095785));
#9550 = CARTESIAN_POINT('',(-636.2554682792,10.320440204941,
    66.19061425817));
#9551 = CARTESIAN_POINT('',(-631.9824711096,10.548531193704,
    66.102653612742));
#9552 = CARTESIAN_POINT('',(-627.7019615338,10.634340945883,
    66.038971737381));
#9553 = CARTESIAN_POINT('',(-623.4245711463,10.706059825826,
    65.976016605902));
#9554 = CARTESIAN_POINT('',(-619.1463832312,10.714408134171,
    65.911997680844));
#9555 = CARTESIAN_POINT('',(-614.8669156658,10.671735326701,
    65.866476216239));
#9556 = CARTESIAN_POINT('',(-610.5898165078,10.594324637302,
    65.811249852748));
#9557 = CARTESIAN_POINT('',(-606.3045105877,10.449004666076,
    65.824322627387));
#9558 = CARTESIAN_POINT('',(-602.0277566031,10.232212346757,
    65.720828704508));
#9559 = CARTESIAN_POINT('',(-597.7466019923,10.282434088047,
    66.045781890413));
#9560 = CARTESIAN_POINT('',(-593.4714143357,9.987880015452,
    65.767460019864));
#9561 = CARTESIAN_POINT('',(-589.1936176105,9.783405659842,
    65.679442932601));
#9562 = CARTESIAN_POINT('',(-584.9304153006,9.613702867361,
    65.54190411838));
#9563 = CARTESIAN_POINT('',(-580.6563793824,9.388288891516,
    65.517450395476));
#9564 = CARTESIAN_POINT('',(-576.3740763318,9.088379509038,
    65.657439155553));
#9565 = CARTESIAN_POINT('',(-572.0987272234,8.688836383593,
    65.831999022404));
#9566 = CARTESIAN_POINT('',(-567.7524952784,8.327588579564,
    66.487646833653));
#9567 = CARTESIAN_POINT('',(-563.5775738445,6.577647770981,
    66.186846675029));
#9568 = CARTESIAN_POINT('',(-559.225311783,6.12765339311,66.327948776128
    ));
#9569 = CARTESIAN_POINT('',(-554.9153030247,5.053255809297,
    65.775452160031));
#9570 = CARTESIAN_POINT('',(-550.6950514656,2.907230718144,
    66.555394448756));
#9571 = CARTESIAN_POINT('',(-546.5054520859,0.891678496808,
    66.407308236383));
#9572 = CARTESIAN_POINT('',(-542.014622175,-3.837979671524E-03,
    67.316409061898));
#9573 = CARTESIAN_POINT('',(-537.9789076762,-2.090013562783,
    67.579343679789));
#9574 = CARTESIAN_POINT('',(-533.6216797195,-3.479489230026,
    68.471878606728));
#9575 = CARTESIAN_POINT('',(-529.3043766466,-3.403554540046,
    68.029898113262));
#9576 = CARTESIAN_POINT('',(-525.0222934397,-3.389092997209,
    68.039107190502));
#9577 = CARTESIAN_POINT('',(-520.7416746921,-3.060837885457,
    68.022220966082));
#9578 = CARTESIAN_POINT('',(-516.4671704399,-2.631703059744,
    68.075081796093));
#9579 = CARTESIAN_POINT('',(-512.204407681,-2.162248102607,
    68.208413235366));
#9580 = CARTESIAN_POINT('',(-507.9265429784,-1.838924595264,
    68.283861837722));
#9581 = CARTESIAN_POINT('',(-503.6502824349,-1.556589370252,
    68.463927932072));
#9582 = CARTESIAN_POINT('',(-499.3719688989,-1.294323712149,
    68.219973346381));
#9583 = CARTESIAN_POINT('',(-495.0930022696,-1.037468764466,
    68.164771247677));
#9584 = CARTESIAN_POINT('',(-490.8081538754,-1.03781233685,
    68.039150203162));
#9585 = CARTESIAN_POINT('',(-486.5308534552,-0.930881599973,
    67.989341025567));
#9586 = CARTESIAN_POINT('',(-482.2516859036,-0.915750919776,
    67.939456332272));
#9587 = CARTESIAN_POINT('',(-477.9730655022,-0.925147688827,
    67.897810710801));
#9588 = CARTESIAN_POINT('',(-473.6960456193,-0.888147331631,
    67.868875672305));
#9589 = CARTESIAN_POINT('',(-469.4152062773,-0.859680449073,
    67.851084285412));
#9590 = CARTESIAN_POINT('',(-465.1421872703,-0.707473055574,
    67.851151029561));
#9591 = CARTESIAN_POINT('',(-460.8166932288,-0.934187195461,
    67.802159426679));
#9592 = CARTESIAN_POINT('',(-456.4952571487,-0.105695917764,
    67.973251323576));
#9593 = CARTESIAN_POINT('',(-452.4504000069,1.677823861838,
    68.281447205359));
#9594 = CARTESIAN_POINT('',(-447.9424683801,1.049137308183,
    68.279252434519));
#9595 = CARTESIAN_POINT('',(-443.7524033406,2.688207306195,
    68.568445013105));
#9596 = CARTESIAN_POINT('',(-439.4974420849,1.721843506399,
    68.565531763856));
#9597 = CARTESIAN_POINT('',(-435.1419433011,1.089755307248,
    68.574228416629));
#9598 = CARTESIAN_POINT('',(-430.9728274171,-0.299808968887,
    68.509627776563));
#9599 = CARTESIAN_POINT('',(-426.6766705817,-0.726590824314,
    68.537971446075));
#9600 = CARTESIAN_POINT('',(-423.4568555526,1.327998084892,
    68.75809564022));
#9601 = CARTESIAN_POINT('',(-422.3597,-1.423322634875,68.509558542478));
#9602 = PCURVE('',#9356,#9603);
#9603 = DEFINITIONAL_REPRESENTATION('',(#9604),#9608);
#9604 = LINE('',#9605,#9606);
#9605 = CARTESIAN_POINT('',(37.,0.));
#9606 = VECTOR('',#9607,1.);
#9607 = DIRECTION('',(0.,1.));
#9608 = ( GEOMETRIC_REPRESENTATION_CONTEXT(2) 
PARAMETRIC_REPRESENTATION_CONTEXT() REPRESENTATION_CONTEXT('2D SPACE',''
  ) );
#9609 = PCURVE('',#9610,#9737);
#9610 = ( BOUNDED_SURFACE() B_SPLINE_SURFACE(1,3,(
    (#9611,#9612,#9613,#9614,#9615,#9616,#9617,#9618,#9619,#9620,#9621
      ,#9622,#9623,#9624,#9625,#9626,#9627,#9628,#9629,#9630,#9631,#9632
      ,#9633,#9634,#9635,#9636,#9637,#9638,#9639,#9640,#9641,#9642,#9643
      ,#9644,#9645,#9646,#9647,#9648,#9649,#9650,#9651,#9652,#9653,#9654
      ,#9655,#9656,#9657,#9658,#9659,#9660,#9661,#9662,#9663,#9664,#9665
      ,#9666,#9667,#9668,#9669,#9670,#9671,#9672,#9673)
    ,(#9674,#9675,#9676,#9677,#9678,#9679,#9680,#9681,#9682,#9683,#9684
      ,#9685,#9686,#9687,#9688,#9689,#9690,#9691,#9692,#9693,#9694,#9695
      ,#9696,#9697,#9698,#9699,#9700,#9701,#9702,#9703,#9704,#9705,#9706
      ,#9707,#9708,#9709,#9710,#9711,#9712,#9713,#9714,#9715,#9716,#9717
      ,#9718,#9719,#9720,#9721,#9722,#9723,#9724,#9725,#9726,#9727,#9728
      ,#9729,#9730,#9731,#9732,#9733,#9734,#9735,#9736
)),.UNSPECIFIED.,.F.,.F.,.F.) B_SPLINE_SURFACE_WITH_KNOTS((2,2),(4,1,1,1
    ,1,1,1,1,1,1,1,1,1,1,1,1,1,1,1,1,1,1,1,1,1,1,1,1,1,1,1,1,1,1,1,1,1,1
    ,1,1,1,1,1,1,1,1,1,1,1,1,1,1,1,1,1,1,1,1,1,1,4),(37.,38.),(0.,
    1.671164831231E-02,3.327803306227E-02,5.000925566809E-02,
    6.648034363626E-02,8.347574416348E-02,9.998031801332E-02,
    0.116453562429,0.133787455732,0.150582398826,0.167003889564,
    0.183421183117,0.199831572897,0.216243077967,0.232654966281,
    0.249069049,0.265493630469,0.281929899437,0.298422530809,
    0.314972313288,0.331595845732,0.348279560524,0.365009232075,
    0.38168560036,0.398277240471,0.414799735375,0.431302994143,
    0.448140075223,0.464749604184,0.481553115126,0.498808354232,
    0.516050152658,0.532842545742,0.550335828942,0.567153130692,
    0.583652514422,0.600175882991,0.616768685323,0.633448038712,
    0.650182180915,0.666869665762,0.683497438564,0.700056495454,
    0.716547762365,0.732983596882,0.749407921308,0.765822295641,
    0.782233728406,0.798646209918,0.81505724388,0.831476734885,
    0.847901722287,0.864693603231,0.881980563987,0.898448960139,
    0.915352013848,0.932295303855,0.949097785181,0.966200565614,
0.982806308198,1.),.UNSPECIFIED.) GEOMETRIC_REPRESENTATION_ITEM() 
RATIONAL_B_SPLINE_SURFACE((
    (1.,0.999999999979,1.00000000001,0.999999999997,1.000000000001,1.,1.
      ,1.,1.,1.,1.,1.,1.,1.,1.,1.,1.,1.,1.,1.,1.,1.,1.,1.,1.,1.,1.,1.,1.
      ,1.,1.,1.,1.,1.,1.,1.,1.,1.,1.,1.,1.,1.,1.,1.,1.,1.,1.,1.,1.,1.,1.
      ,1.,1.,1.,1.,1.,1.,1.,0.999999999998,1.000000000007,0.999999999976
      ,1.000000000054,1.)
    ,(1.,0.999999999979,1.00000000001,0.999999999997,1.000000000001,1.
      ,1.,1.,1.,1.,1.,1.,1.,1.,1.,1.,1.,1.,1.,1.,1.,1.,1.,1.,1.,1.,1.,1.
      ,1.,1.,1.,1.,1.,1.,1.,1.,1.,1.,1.,1.,1.,1.,1.,1.,1.,1.,1.,1.,1.,1.
      ,1.,1.,1.,1.,1.,1.,1.,1.,0.999999999998,1.000000000007
,0.999999999976,1.000000000054,1.
  ))) REPRESENTATION_ITEM('') SURFACE() );
#9611 = CARTESIAN_POINT('',(-679.0382,4.055944446932,68.509090977708));
#9612 = CARTESIAN_POINT('',(-677.9018430398,3.81160080288,
    68.457337327748));
#9613 = CARTESIAN_POINT('',(-674.6570379481,4.791133924023,
    68.30139083209));
#9614 = CARTESIAN_POINT('',(-670.4801286148,5.414116915238,
    68.108862274216));
#9615 = CARTESIAN_POINT('',(-666.2529876958,4.754423510564,
    68.058840577292));
#9616 = CARTESIAN_POINT('',(-661.8309289879,4.358889304527,
    67.955945736823));
#9617 = CARTESIAN_POINT('',(-657.7320144142,5.1002268468,67.654983695388
    ));
#9618 = CARTESIAN_POINT('',(-653.3812140229,5.977235887854,
    67.355408804724));
#9619 = CARTESIAN_POINT('',(-648.9513854559,5.848039120743,
    67.214891669815));
#9620 = CARTESIAN_POINT('',(-644.9070855266,8.97101786763,
    66.602582194252));
#9621 = CARTESIAN_POINT('',(-640.582063889,10.336571192071,
    66.263585095785));
#9622 = CARTESIAN_POINT('',(-636.2554682792,10.320440204941,
    66.19061425817));
#9623 = CARTESIAN_POINT('',(-631.9824711096,10.548531193704,
    66.102653612742));
#9624 = CARTESIAN_POINT('',(-627.7019615338,10.634340945883,
    66.038971737381));
#9625 = CARTESIAN_POINT('',(-623.4245711463,10.706059825826,
    65.976016605902));
#9626 = CARTESIAN_POINT('',(-619.1463832312,10.714408134171,
    65.911997680844));
#9627 = CARTESIAN_POINT('',(-614.8669156658,10.671735326701,
    65.866476216239));
#9628 = CARTESIAN_POINT('',(-610.5898165078,10.594324637302,
    65.811249852748));
#9629 = CARTESIAN_POINT('',(-606.3045105877,10.449004666076,
    65.824322627387));
#9630 = CARTESIAN_POINT('',(-602.0277566031,10.232212346757,
    65.720828704508));
#9631 = CARTESIAN_POINT('',(-597.7466019923,10.282434088047,
    66.045781890413));
#9632 = CARTESIAN_POINT('',(-593.4714143357,9.987880015452,
    65.767460019864));
#9633 = CARTESIAN_POINT('',(-589.1936176105,9.783405659842,
    65.679442932601));
#9634 = CARTESIAN_POINT('',(-584.9304153006,9.613702867361,
    65.54190411838));
#9635 = CARTESIAN_POINT('',(-580.6563793824,9.388288891516,
    65.517450395476));
#9636 = CARTESIAN_POINT('',(-576.3740763318,9.088379509038,
    65.657439155553));
#9637 = CARTESIAN_POINT('',(-572.0987272234,8.688836383593,
    65.831999022404));
#9638 = CARTESIAN_POINT('',(-567.7524952784,8.327588579564,
    66.487646833653));
#9639 = CARTESIAN_POINT('',(-563.5775738445,6.577647770981,
    66.186846675029));
#9640 = CARTESIAN_POINT('',(-559.225311783,6.12765339311,66.327948776128
    ));
#9641 = CARTESIAN_POINT('',(-554.9153030247,5.053255809297,
    65.775452160031));
#9642 = CARTESIAN_POINT('',(-550.6950514656,2.907230718144,
    66.555394448756));
#9643 = CARTESIAN_POINT('',(-546.5054520859,0.891678496808,
    66.407308236383));
#9644 = CARTESIAN_POINT('',(-542.014622175,-3.837979671524E-03,
    67.316409061898));
#9645 = CARTESIAN_POINT('',(-537.9789076762,-2.090013562783,
    67.579343679789));
#9646 = CARTESIAN_POINT('',(-533.6216797195,-3.479489230026,
    68.471878606728));
#9647 = CARTESIAN_POINT('',(-529.3043766466,-3.403554540046,
    68.029898113262));
#9648 = CARTESIAN_POINT('',(-525.0222934397,-3.389092997209,
    68.039107190502));
#9649 = CARTESIAN_POINT('',(-520.7416746921,-3.060837885457,
    68.022220966082));
#9650 = CARTESIAN_POINT('',(-516.4671704399,-2.631703059744,
    68.075081796093));
#9651 = CARTESIAN_POINT('',(-512.204407681,-2.162248102607,
    68.208413235366));
#9652 = CARTESIAN_POINT('',(-507.9265429784,-1.838924595264,
    68.283861837722));
#9653 = CARTESIAN_POINT('',(-503.6502824349,-1.556589370252,
    68.463927932072));
#9654 = CARTESIAN_POINT('',(-499.3719688989,-1.294323712149,
    68.219973346381));
#9655 = CARTESIAN_POINT('',(-495.0930022696,-1.037468764466,
    68.164771247677));
#9656 = CARTESIAN_POINT('',(-490.8081538754,-1.03781233685,
    68.039150203162));
#9657 = CARTESIAN_POINT('',(-486.5308534552,-0.930881599973,
    67.989341025567));
#9658 = CARTESIAN_POINT('',(-482.2516859036,-0.915750919776,
    67.939456332272));
#9659 = CARTESIAN_POINT('',(-477.9730655022,-0.925147688827,
    67.897810710801));
#9660 = CARTESIAN_POINT('',(-473.6960456193,-0.888147331631,
    67.868875672305));
#9661 = CARTESIAN_POINT('',(-469.4152062773,-0.859680449073,
    67.851084285412));
#9662 = CARTESIAN_POINT('',(-465.1421872703,-0.707473055574,
    67.851151029561));
#9663 = CARTESIAN_POINT('',(-460.8166932288,-0.934187195461,
    67.802159426679));
#9664 = CARTESIAN_POINT('',(-456.4952571487,-0.105695917764,
    67.973251323576));
#9665 = CARTESIAN_POINT('',(-452.4504000069,1.677823861838,
    68.281447205359));
#9666 = CARTESIAN_POINT('',(-447.9424683801,1.049137308183,
    68.279252434519));
#9667 = CARTESIAN_POINT('',(-443.7524033406,2.688207306195,
    68.568445013105));
#9668 = CARTESIAN_POINT('',(-439.4974420849,1.721843506399,
    68.565531763856));
#9669 = CARTESIAN_POINT('',(-435.1419433011,1.089755307248,
    68.574228416629));
#9670 = CARTESIAN_POINT('',(-430.9728274171,-0.299808968887,
    68.509627776563));
#9671 = CARTESIAN_POINT('',(-426.6766705817,-0.726590824314,
    68.537971446075));
#9672 = CARTESIAN_POINT('',(-423.4568555526,1.327998084892,
    68.75809564022));
#9673 = CARTESIAN_POINT('',(-422.3597,-1.423322634875,68.509558542478));
#9674 = CARTESIAN_POINT('',(-679.0382,4.449260367198,68.595337900831));
#9675 = CARTESIAN_POINT('',(-677.9018430398,4.407076209691,
    68.508368066797));
#9676 = CARTESIAN_POINT('',(-674.6570379481,5.25174568936,68.36890823848
    ));
#9677 = CARTESIAN_POINT('',(-670.4801286148,6.062583961597,
    68.141608289774));
#9678 = CARTESIAN_POINT('',(-666.2529876958,5.445547721801,
    68.082792221041));
#9679 = CARTESIAN_POINT('',(-661.8309289879,5.005043352681,
    67.982982785141));
#9680 = CARTESIAN_POINT('',(-657.7320144142,5.986892559755,
    67.633707375882));
#9681 = CARTESIAN_POINT('',(-653.3812140229,6.908253289057,
    67.315187972814));
#9682 = CARTESIAN_POINT('',(-648.9513854559,6.814128109327,
    67.157265861264));
#9683 = CARTESIAN_POINT('',(-644.9070855266,10.130662069185,
    66.500251691273));
#9684 = CARTESIAN_POINT('',(-640.582063889,11.675660394057,
    66.117039831778));
#9685 = CARTESIAN_POINT('',(-636.2554682792,11.649157112558,
    66.033270104806));
#9686 = CARTESIAN_POINT('',(-631.9824711096,11.913966583982,
    65.926733816911));
#9687 = CARTESIAN_POINT('',(-627.7019615338,12.002980855193,
    65.850972568629));
#9688 = CARTESIAN_POINT('',(-623.4245711463,12.087982640263,
    65.771649344019));
#9689 = CARTESIAN_POINT('',(-619.1463832312,12.102967534339,
    65.689769448451));
#9690 = CARTESIAN_POINT('',(-614.8669156658,12.050612270469,
    65.628089189949));
#9691 = CARTESIAN_POINT('',(-610.5898165078,11.950171588157,
    65.557241864522));
#9692 = CARTESIAN_POINT('',(-606.3045105877,11.777734019741,
    65.552927739199));
#9693 = CARTESIAN_POINT('',(-602.0277566031,11.509501356327,
    65.434420716864));
#9694 = CARTESIAN_POINT('',(-597.7466019923,11.477763739067,
    65.748807457301));
#9695 = CARTESIAN_POINT('',(-593.4714143357,11.147875096694,
    65.513351304042));
#9696 = CARTESIAN_POINT('',(-589.1936176105,10.863785405312,
    65.430143701151));
#9697 = CARTESIAN_POINT('',(-584.9304153006,10.624436426933,
    65.327312926884));
#9698 = CARTESIAN_POINT('',(-580.6563793824,10.32247747038,
    65.333620142522));
#9699 = CARTESIAN_POINT('',(-576.3740763318,9.946115703595,
    65.49037736089));
#9700 = CARTESIAN_POINT('',(-572.0987272234,9.459726576955,
    65.735766290452));
#9701 = CARTESIAN_POINT('',(-567.7524952784,9.06767188404,
    66.372666772548));
#9702 = CARTESIAN_POINT('',(-563.5775738445,7.105105907993,
    66.318601878975));
#9703 = CARTESIAN_POINT('',(-559.225311783,6.517828166446,
    66.579044745206));
#9704 = CARTESIAN_POINT('',(-554.9153030247,5.260558745975,66.2576293253
    ));
#9705 = CARTESIAN_POINT('',(-550.6950514656,3.147278276378,
    67.00602377437));
#9706 = CARTESIAN_POINT('',(-546.5054520859,1.076045277507,
    66.993904781592));
#9707 = CARTESIAN_POINT('',(-542.014622175,0.352450750208,
    67.757388390979));
#9708 = CARTESIAN_POINT('',(-537.9789076762,-1.626363697709,
    68.008684937002));
#9709 = CARTESIAN_POINT('',(-533.6216797195,-2.822973719889,
    68.792010154027));
#9710 = CARTESIAN_POINT('',(-529.3043766466,-2.715271908782,
    68.424963187904));
#9711 = CARTESIAN_POINT('',(-525.0222934397,-2.616849208656,68.453414124
    ));
#9712 = CARTESIAN_POINT('',(-520.7416746921,-2.204540809004,
    68.442395776849));
#9713 = CARTESIAN_POINT('',(-516.4671704399,-1.693164302391,
    68.504433955081));
#9714 = CARTESIAN_POINT('',(-512.204407681,-1.131996398928,
    68.621662197808));
#9715 = CARTESIAN_POINT('',(-507.9265429784,-0.732923092243,
    68.700196147623));
#9716 = CARTESIAN_POINT('',(-503.6502824349,-0.368661839516,
    68.860103913959));
#9717 = CARTESIAN_POINT('',(-499.3719688989,-5.792381814928E-02,
    68.637889772228));
#9718 = CARTESIAN_POINT('',(-495.0930022696,0.26039632929,
    68.561764785379));
#9719 = CARTESIAN_POINT('',(-490.8081538754,0.288072564163,
    68.420843461193));
#9720 = CARTESIAN_POINT('',(-486.5308534552,0.419075134597,
    68.354048461378));
#9721 = CARTESIAN_POINT('',(-482.2516859036,0.44350170785,
    68.285264019535));
#9722 = CARTESIAN_POINT('',(-477.9730655022,0.435099451658,
    68.225235634877));
#9723 = CARTESIAN_POINT('',(-473.6960456193,0.455451242639,
    68.177846186773));
#9724 = CARTESIAN_POINT('',(-469.4152062773,0.481321602764,
    68.146577591644));
#9725 = CARTESIAN_POINT('',(-465.1421872703,0.601101086617,
    68.128281544313));
#9726 = CARTESIAN_POINT('',(-460.8166932288,0.359292580688,
    68.062512037042));
#9727 = CARTESIAN_POINT('',(-456.4952571487,1.088857643292,
    68.203557667742));
#9728 = CARTESIAN_POINT('',(-452.4504000069,2.676225933831,
    68.467364210118));
#9729 = CARTESIAN_POINT('',(-447.9424683801,2.042373428063,
    68.451288490273));
#9730 = CARTESIAN_POINT('',(-443.7524033406,3.529101403394,
    68.707580823472));
#9731 = CARTESIAN_POINT('',(-439.4974420849,2.378874388111,
    68.66758795873));
#9732 = CARTESIAN_POINT('',(-435.1419433011,1.710650368736,
    68.664280587467));
#9733 = CARTESIAN_POINT('',(-430.9728274171,0.263396739927,
    68.588647159983));
#9734 = CARTESIAN_POINT('',(-426.6766705817,-0.321835349856,
    68.590801307161));
#9735 = CARTESIAN_POINT('',(-423.4568555526,1.73635234114,
    68.806264471469));
#9736 = CARTESIAN_POINT('',(-422.3597,-1.038484834824,68.554788942301));
#9737 = DEFINITIONAL_REPRESENTATION('',(#9738),#9742);
#9738 = LINE('',#9739,#9740);
#9739 = CARTESIAN_POINT('',(37.,0.));
#9740 = VECTOR('',#9741,1.);
#9741 = DIRECTION('',(0.,1.));
#9742 = ( GEOMETRIC_REPRESENTATION_CONTEXT(2) 
PARAMETRIC_REPRESENTATION_CONTEXT() REPRESENTATION_CONTEXT('2D SPACE',''
  ) );
#9743 = ORIENTED_EDGE('',*,*,#9744,.F.);
#9744 = EDGE_CURVE('',#9281,#9535,#9745,.T.);
#9745 = SURFACE_CURVE('',#9746,(#9749,#9756),.PCURVE_S1.);
#9746 = B_SPLINE_CURVE_WITH_KNOTS('',1,(#9747,#9748),.UNSPECIFIED.,.F.,
  .F.,(2,2),(36.,37.),.PIECEWISE_BEZIER_KNOTS.);
#9747 = CARTESIAN_POINT('',(-422.3597,-1.809020168164,68.472369227172));
#9748 = CARTESIAN_POINT('',(-422.3597,-1.423322634875,68.509558542478));
#9749 = PCURVE('',#9356,#9750);
#9750 = DEFINITIONAL_REPRESENTATION('',(#9751),#9755);
#9751 = LINE('',#9752,#9753);
#9752 = CARTESIAN_POINT('',(0.,1.));
#9753 = VECTOR('',#9754,1.);
#9754 = DIRECTION('',(1.,0.));
#9755 = ( GEOMETRIC_REPRESENTATION_CONTEXT(2) 
PARAMETRIC_REPRESENTATION_CONTEXT() REPRESENTATION_CONTEXT('2D SPACE',''
  ) );
#9756 = PCURVE('',#401,#9757);
#9757 = DEFINITIONAL_REPRESENTATION('',(#9758),#9761);
#9758 = B_SPLINE_CURVE_WITH_KNOTS('',1,(#9759,#9760),.UNSPECIFIED.,.F.,
  .F.,(2,2),(36.,37.),.PIECEWISE_BEZIER_KNOTS.);
#9759 = CARTESIAN_POINT('',(1.529557930602,-0.248004831041));
#9760 = CARTESIAN_POINT('',(1.145326815,-0.197884155055));
#9761 = ( GEOMETRIC_REPRESENTATION_CONTEXT(2) 
PARAMETRIC_REPRESENTATION_CONTEXT() REPRESENTATION_CONTEXT('2D SPACE',''
  ) );
#9762 = ORIENTED_EDGE('',*,*,#9280,.F.);
#9763 = ADVANCED_FACE('',(#9764),#9610,.T.);
#9764 = FACE_BOUND('',#9765,.T.);
#9765 = EDGE_LOOP('',(#9766,#9787,#9997,#10016));
#9766 = ORIENTED_EDGE('',*,*,#9767,.T.);
#9767 = EDGE_CURVE('',#9514,#9768,#9770,.T.);
#9768 = VERTEX_POINT('',#9769);
#9769 = CARTESIAN_POINT('',(-679.0382,4.449260367198,68.595337900831));
#9770 = SURFACE_CURVE('',#9771,(#9774,#9781),.PCURVE_S1.);
#9771 = B_SPLINE_CURVE_WITH_KNOTS('',1,(#9772,#9773),.UNSPECIFIED.,.F.,
  .F.,(2,2),(37.,38.),.PIECEWISE_BEZIER_KNOTS.);
#9772 = CARTESIAN_POINT('',(-679.0382,4.055944446932,68.509090977708));
#9773 = CARTESIAN_POINT('',(-679.0382,4.449260367198,68.595337900831));
#9774 = PCURVE('',#9610,#9775);
#9775 = DEFINITIONAL_REPRESENTATION('',(#9776),#9780);
#9776 = LINE('',#9777,#9778);
#9777 = CARTESIAN_POINT('',(0.,0.));
#9778 = VECTOR('',#9779,1.);
#9779 = DIRECTION('',(1.,0.));
#9780 = ( GEOMETRIC_REPRESENTATION_CONTEXT(2) 
PARAMETRIC_REPRESENTATION_CONTEXT() REPRESENTATION_CONTEXT('2D SPACE',''
  ) );
#9781 = PCURVE('',#165,#9782);
#9782 = DEFINITIONAL_REPRESENTATION('',(#9783),#9786);
#9783 = B_SPLINE_CURVE_WITH_KNOTS('',1,(#9784,#9785),.UNSPECIFIED.,.F.,
  .F.,(2,2),(37.,38.),.PIECEWISE_BEZIER_KNOTS.);
#9784 = CARTESIAN_POINT('',(0.364313969731,0.655638834343));
#9785 = CARTESIAN_POINT('',(-1.955401147504E-02,0.534060390992));
#9786 = ( GEOMETRIC_REPRESENTATION_CONTEXT(2) 
PARAMETRIC_REPRESENTATION_CONTEXT() REPRESENTATION_CONTEXT('2D SPACE',''
  ) );
#9787 = ORIENTED_EDGE('',*,*,#9788,.T.);
#9788 = EDGE_CURVE('',#9768,#9789,#9791,.T.);
#9789 = VERTEX_POINT('',#9790);
#9790 = CARTESIAN_POINT('',(-422.3597,-1.038484834824,68.554788942301));
#9791 = SURFACE_CURVE('',#9792,(#9856,#9863),.PCURVE_S1.);
#9792 = ( BOUNDED_CURVE() B_SPLINE_CURVE(3,(#9793,#9794,#9795,#9796,
    #9797,#9798,#9799,#9800,#9801,#9802,#9803,#9804,#9805,#9806,#9807,
    #9808,#9809,#9810,#9811,#9812,#9813,#9814,#9815,#9816,#9817,#9818,
    #9819,#9820,#9821,#9822,#9823,#9824,#9825,#9826,#9827,#9828,#9829,
    #9830,#9831,#9832,#9833,#9834,#9835,#9836,#9837,#9838,#9839,#9840,
    #9841,#9842,#9843,#9844,#9845,#9846,#9847,#9848,#9849,#9850,#9851,
    #9852,#9853,#9854,#9855),.UNSPECIFIED.,.F.,.F.) 
B_SPLINE_CURVE_WITH_KNOTS((4,1,1,1,1,1,1,1,1,1,1,1,1,1,1,1,1,1,1,1,1,1,1
    ,1,1,1,1,1,1,1,1,1,1,1,1,1,1,1,1,1,1,1,1,1,1,1,1,1,1,1,1,1,1,1,1,1,1
    ,1,1,1,4),(0.,1.671164831231E-02,3.327803306227E-02,
    5.000925566809E-02,6.648034363626E-02,8.347574416348E-02,
    9.998031801332E-02,0.116453562429,0.133787455732,0.150582398826,
    0.167003889564,0.183421183117,0.199831572897,0.216243077967,
    0.232654966281,0.249069049,0.265493630469,0.281929899437,
    0.298422530809,0.314972313288,0.331595845732,0.348279560524,
    0.365009232075,0.38168560036,0.398277240471,0.414799735375,
    0.431302994143,0.448140075223,0.464749604184,0.481553115126,
    0.498808354232,0.516050152658,0.532842545742,0.550335828942,
    0.567153130692,0.583652514422,0.600175882991,0.616768685323,
    0.633448038712,0.650182180915,0.666869665762,0.683497438564,
    0.700056495454,0.716547762365,0.732983596882,0.749407921308,
    0.765822295641,0.782233728406,0.798646209918,0.81505724388,
    0.831476734885,0.847901722287,0.864693603231,0.881980563987,
    0.898448960139,0.915352013848,0.932295303855,0.949097785181,
0.966200565614,0.982806308198,1.),.UNSPECIFIED.) CURVE() 
GEOMETRIC_REPRESENTATION_ITEM() RATIONAL_B_SPLINE_CURVE((1.,
    0.999999999979,1.00000000001,0.999999999997,1.000000000001,1.,1.,1.,
    1.,1.,1.,1.,1.,1.,1.,1.,1.,1.,1.,1.,1.,1.,1.,1.,1.,1.,1.,1.,1.,1.,1.
    ,1.,1.,1.,1.,1.,1.,1.,1.,1.,1.,1.,1.,1.,1.,1.,1.,1.,1.,1.,1.,1.,1.,
    1.,1.,1.,1.,1.,0.999999999998,1.000000000007,0.999999999976,
1.000000000054,1.)) REPRESENTATION_ITEM('') );
#9793 = CARTESIAN_POINT('',(-679.0382,4.449260367198,68.595337900831));
#9794 = CARTESIAN_POINT('',(-677.9018430398,4.407076209691,
    68.508368066797));
#9795 = CARTESIAN_POINT('',(-674.6570379481,5.25174568936,68.36890823848
    ));
#9796 = CARTESIAN_POINT('',(-670.4801286148,6.062583961597,
    68.141608289774));
#9797 = CARTESIAN_POINT('',(-666.2529876958,5.445547721801,
    68.082792221041));
#9798 = CARTESIAN_POINT('',(-661.8309289879,5.005043352681,
    67.982982785141));
#9799 = CARTESIAN_POINT('',(-657.7320144142,5.986892559755,
    67.633707375882));
#9800 = CARTESIAN_POINT('',(-653.3812140229,6.908253289057,
    67.315187972814));
#9801 = CARTESIAN_POINT('',(-648.9513854559,6.814128109327,
    67.157265861264));
#9802 = CARTESIAN_POINT('',(-644.9070855266,10.130662069185,
    66.500251691273));
#9803 = CARTESIAN_POINT('',(-640.582063889,11.675660394057,
    66.117039831778));
#9804 = CARTESIAN_POINT('',(-636.2554682792,11.649157112558,
    66.033270104806));
#9805 = CARTESIAN_POINT('',(-631.9824711096,11.913966583982,
    65.926733816911));
#9806 = CARTESIAN_POINT('',(-627.7019615338,12.002980855193,
    65.850972568629));
#9807 = CARTESIAN_POINT('',(-623.4245711463,12.087982640263,
    65.771649344019));
#9808 = CARTESIAN_POINT('',(-619.1463832312,12.102967534339,
    65.689769448451));
#9809 = CARTESIAN_POINT('',(-614.8669156658,12.050612270469,
    65.628089189949));
#9810 = CARTESIAN_POINT('',(-610.5898165078,11.950171588157,
    65.557241864522));
#9811 = CARTESIAN_POINT('',(-606.3045105877,11.777734019741,
    65.552927739199));
#9812 = CARTESIAN_POINT('',(-602.0277566031,11.509501356327,
    65.434420716864));
#9813 = CARTESIAN_POINT('',(-597.7466019923,11.477763739067,
    65.748807457301));
#9814 = CARTESIAN_POINT('',(-593.4714143357,11.147875096694,
    65.513351304042));
#9815 = CARTESIAN_POINT('',(-589.1936176105,10.863785405312,
    65.430143701151));
#9816 = CARTESIAN_POINT('',(-584.9304153006,10.624436426933,
    65.327312926884));
#9817 = CARTESIAN_POINT('',(-580.6563793824,10.32247747038,
    65.333620142522));
#9818 = CARTESIAN_POINT('',(-576.3740763318,9.946115703595,
    65.49037736089));
#9819 = CARTESIAN_POINT('',(-572.0987272234,9.459726576955,
    65.735766290452));
#9820 = CARTESIAN_POINT('',(-567.7524952784,9.06767188404,
    66.372666772548));
#9821 = CARTESIAN_POINT('',(-563.5775738445,7.105105907993,
    66.318601878975));
#9822 = CARTESIAN_POINT('',(-559.225311783,6.517828166446,
    66.579044745206));
#9823 = CARTESIAN_POINT('',(-554.9153030247,5.260558745975,66.2576293253
    ));
#9824 = CARTESIAN_POINT('',(-550.6950514656,3.147278276378,
    67.00602377437));
#9825 = CARTESIAN_POINT('',(-546.5054520859,1.076045277507,
    66.993904781592));
#9826 = CARTESIAN_POINT('',(-542.014622175,0.352450750208,
    67.757388390979));
#9827 = CARTESIAN_POINT('',(-537.9789076762,-1.626363697709,
    68.008684937002));
#9828 = CARTESIAN_POINT('',(-533.6216797195,-2.822973719889,
    68.792010154027));
#9829 = CARTESIAN_POINT('',(-529.3043766466,-2.715271908782,
    68.424963187904));
#9830 = CARTESIAN_POINT('',(-525.0222934397,-2.616849208656,68.453414124
    ));
#9831 = CARTESIAN_POINT('',(-520.7416746921,-2.204540809004,
    68.442395776849));
#9832 = CARTESIAN_POINT('',(-516.4671704399,-1.693164302391,
    68.504433955081));
#9833 = CARTESIAN_POINT('',(-512.204407681,-1.131996398928,
    68.621662197808));
#9834 = CARTESIAN_POINT('',(-507.9265429784,-0.732923092243,
    68.700196147623));
#9835 = CARTESIAN_POINT('',(-503.6502824349,-0.368661839516,
    68.860103913959));
#9836 = CARTESIAN_POINT('',(-499.3719688989,-5.792381814928E-02,
    68.637889772228));
#9837 = CARTESIAN_POINT('',(-495.0930022696,0.26039632929,
    68.561764785379));
#9838 = CARTESIAN_POINT('',(-490.8081538754,0.288072564163,
    68.420843461193));
#9839 = CARTESIAN_POINT('',(-486.5308534552,0.419075134597,
    68.354048461378));
#9840 = CARTESIAN_POINT('',(-482.2516859036,0.44350170785,
    68.285264019535));
#9841 = CARTESIAN_POINT('',(-477.9730655022,0.435099451658,
    68.225235634877));
#9842 = CARTESIAN_POINT('',(-473.6960456193,0.455451242639,
    68.177846186773));
#9843 = CARTESIAN_POINT('',(-469.4152062773,0.481321602764,
    68.146577591644));
#9844 = CARTESIAN_POINT('',(-465.1421872703,0.601101086617,
    68.128281544313));
#9845 = CARTESIAN_POINT('',(-460.8166932288,0.359292580688,
    68.062512037042));
#9846 = CARTESIAN_POINT('',(-456.4952571487,1.088857643292,
    68.203557667742));
#9847 = CARTESIAN_POINT('',(-452.4504000069,2.676225933831,
    68.467364210118));
#9848 = CARTESIAN_POINT('',(-447.9424683801,2.042373428063,
    68.451288490273));
#9849 = CARTESIAN_POINT('',(-443.7524033406,3.529101403394,
    68.707580823472));
#9850 = CARTESIAN_POINT('',(-439.4974420849,2.378874388111,
    68.66758795873));
#9851 = CARTESIAN_POINT('',(-435.1419433011,1.710650368736,
    68.664280587467));
#9852 = CARTESIAN_POINT('',(-430.9728274171,0.263396739927,
    68.588647159983));
#9853 = CARTESIAN_POINT('',(-426.6766705817,-0.321835349856,
    68.590801307161));
#9854 = CARTESIAN_POINT('',(-423.4568555526,1.73635234114,
    68.806264471469));
#9855 = CARTESIAN_POINT('',(-422.3597,-1.038484834824,68.554788942301));
#9856 = PCURVE('',#9610,#9857);
#9857 = DEFINITIONAL_REPRESENTATION('',(#9858),#9862);
#9858 = LINE('',#9859,#9860);
#9859 = CARTESIAN_POINT('',(38.,0.));
#9860 = VECTOR('',#9861,1.);
#9861 = DIRECTION('',(0.,1.));
#9862 = ( GEOMETRIC_REPRESENTATION_CONTEXT(2) 
PARAMETRIC_REPRESENTATION_CONTEXT() REPRESENTATION_CONTEXT('2D SPACE',''
  ) );
#9863 = PCURVE('',#9864,#9991);
#9864 = ( BOUNDED_SURFACE() B_SPLINE_SURFACE(1,3,(
    (#9865,#9866,#9867,#9868,#9869,#9870,#9871,#9872,#9873,#9874,#9875
      ,#9876,#9877,#9878,#9879,#9880,#9881,#9882,#9883,#9884,#9885,#9886
      ,#9887,#9888,#9889,#9890,#9891,#9892,#9893,#9894,#9895,#9896,#9897
      ,#9898,#9899,#9900,#9901,#9902,#9903,#9904,#9905,#9906,#9907,#9908
      ,#9909,#9910,#9911,#9912,#9913,#9914,#9915,#9916,#9917,#9918,#9919
      ,#9920,#9921,#9922,#9923,#9924,#9925,#9926,#9927)
    ,(#9928,#9929,#9930,#9931,#9932,#9933,#9934,#9935,#9936,#9937,#9938
      ,#9939,#9940,#9941,#9942,#9943,#9944,#9945,#9946,#9947,#9948,#9949
      ,#9950,#9951,#9952,#9953,#9954,#9955,#9956,#9957,#9958,#9959,#9960
      ,#9961,#9962,#9963,#9964,#9965,#9966,#9967,#9968,#9969,#9970,#9971
      ,#9972,#9973,#9974,#9975,#9976,#9977,#9978,#9979,#9980,#9981,#9982
      ,#9983,#9984,#9985,#9986,#9987,#9988,#9989,#9990
)),.UNSPECIFIED.,.F.,.F.,.F.) B_SPLINE_SURFACE_WITH_KNOTS((2,2),(4,1,1,1
    ,1,1,1,1,1,1,1,1,1,1,1,1,1,1,1,1,1,1,1,1,1,1,1,1,1,1,1,1,1,1,1,1,1,1
    ,1,1,1,1,1,1,1,1,1,1,1,1,1,1,1,1,1,1,1,1,1,1,4),(38.,39.),(0.,
    1.671164831231E-02,3.327803306227E-02,5.000925566809E-02,
    6.648034363626E-02,8.347574416348E-02,9.998031801332E-02,
    0.116453562429,0.133787455732,0.150582398826,0.167003889564,
    0.183421183117,0.199831572897,0.216243077967,0.232654966281,
    0.249069049,0.265493630469,0.281929899437,0.298422530809,
    0.314972313288,0.331595845732,0.348279560524,0.365009232075,
    0.38168560036,0.398277240471,0.414799735375,0.431302994143,
    0.448140075223,0.464749604184,0.481553115126,0.498808354232,
    0.516050152658,0.532842545742,0.550335828942,0.567153130692,
    0.583652514422,0.600175882991,0.616768685323,0.633448038712,
    0.650182180915,0.666869665762,0.683497438564,0.700056495454,
    0.716547762365,0.732983596882,0.749407921308,0.765822295641,
    0.782233728406,0.798646209918,0.81505724388,0.831476734885,
    0.847901722287,0.864693603231,0.881980563987,0.898448960139,
    0.915352013848,0.932295303855,0.949097785181,0.966200565614,
0.982806308198,1.),.UNSPECIFIED.) GEOMETRIC_REPRESENTATION_ITEM() 
RATIONAL_B_SPLINE_SURFACE((
    (1.,0.999999999979,1.00000000001,0.999999999997,1.000000000001,1.,1.
      ,1.,1.,1.,1.,1.,1.,1.,1.,1.,1.,1.,1.,1.,1.,1.,1.,1.,1.,1.,1.,1.,1.
      ,1.,1.,1.,1.,1.,1.,1.,1.,1.,1.,1.,1.,1.,1.,1.,1.,1.,1.,1.,1.,1.,1.
      ,1.,1.,1.,1.,1.,1.,1.,0.999999999998,1.000000000007,0.999999999976
      ,1.000000000054,1.)
    ,(1.,0.999999999979,1.00000000001,0.999999999997,1.000000000001,1.
      ,1.,1.,1.,1.,1.,1.,1.,1.,1.,1.,1.,1.,1.,1.,1.,1.,1.,1.,1.,1.,1.,1.
      ,1.,1.,1.,1.,1.,1.,1.,1.,1.,1.,1.,1.,1.,1.,1.,1.,1.,1.,1.,1.,1.,1.
      ,1.,1.,1.,1.,1.,1.,1.,1.,0.999999999998,1.000000000007
,0.999999999976,1.000000000054,1.
  ))) REPRESENTATION_ITEM('') SURFACE() );
#9865 = CARTESIAN_POINT('',(-679.0382,4.449260367198,68.595337900831));
#9866 = CARTESIAN_POINT('',(-677.9018430398,4.407076209691,
    68.508368066797));
#9867 = CARTESIAN_POINT('',(-674.6570379481,5.25174568936,68.36890823848
    ));
#9868 = CARTESIAN_POINT('',(-670.4801286148,6.062583961597,
    68.141608289774));
#9869 = CARTESIAN_POINT('',(-666.2529876958,5.445547721801,
    68.082792221041));
#9870 = CARTESIAN_POINT('',(-661.8309289879,5.005043352681,
    67.982982785141));
#9871 = CARTESIAN_POINT('',(-657.7320144142,5.986892559755,
    67.633707375882));
#9872 = CARTESIAN_POINT('',(-653.3812140229,6.908253289057,
    67.315187972814));
#9873 = CARTESIAN_POINT('',(-648.9513854559,6.814128109327,
    67.157265861264));
#9874 = CARTESIAN_POINT('',(-644.9070855266,10.130662069185,
    66.500251691273));
#9875 = CARTESIAN_POINT('',(-640.582063889,11.675660394057,
    66.117039831778));
#9876 = CARTESIAN_POINT('',(-636.2554682792,11.649157112558,
    66.033270104806));
#9877 = CARTESIAN_POINT('',(-631.9824711096,11.913966583982,
    65.926733816911));
#9878 = CARTESIAN_POINT('',(-627.7019615338,12.002980855193,
    65.850972568629));
#9879 = CARTESIAN_POINT('',(-623.4245711463,12.087982640263,
    65.771649344019));
#9880 = CARTESIAN_POINT('',(-619.1463832312,12.102967534339,
    65.689769448451));
#9881 = CARTESIAN_POINT('',(-614.8669156658,12.050612270469,
    65.628089189949));
#9882 = CARTESIAN_POINT('',(-610.5898165078,11.950171588157,
    65.557241864522));
#9883 = CARTESIAN_POINT('',(-606.3045105877,11.777734019741,
    65.552927739199));
#9884 = CARTESIAN_POINT('',(-602.0277566031,11.509501356327,
    65.434420716864));
#9885 = CARTESIAN_POINT('',(-597.7466019923,11.477763739067,
    65.748807457301));
#9886 = CARTESIAN_POINT('',(-593.4714143357,11.147875096694,
    65.513351304042));
#9887 = CARTESIAN_POINT('',(-589.1936176105,10.863785405312,
    65.430143701151));
#9888 = CARTESIAN_POINT('',(-584.9304153006,10.624436426933,
    65.327312926884));
#9889 = CARTESIAN_POINT('',(-580.6563793824,10.32247747038,
    65.333620142522));
#9890 = CARTESIAN_POINT('',(-576.3740763318,9.946115703595,
    65.49037736089));
#9891 = CARTESIAN_POINT('',(-572.0987272234,9.459726576955,
    65.735766290452));
#9892 = CARTESIAN_POINT('',(-567.7524952784,9.06767188404,
    66.372666772548));
#9893 = CARTESIAN_POINT('',(-563.5775738445,7.105105907993,
    66.318601878975));
#9894 = CARTESIAN_POINT('',(-559.225311783,6.517828166446,
    66.579044745206));
#9895 = CARTESIAN_POINT('',(-554.9153030247,5.260558745975,66.2576293253
    ));
#9896 = CARTESIAN_POINT('',(-550.6950514656,3.147278276378,
    67.00602377437));
#9897 = CARTESIAN_POINT('',(-546.5054520859,1.076045277507,
    66.993904781592));
#9898 = CARTESIAN_POINT('',(-542.014622175,0.352450750208,
    67.757388390979));
#9899 = CARTESIAN_POINT('',(-537.9789076762,-1.626363697709,
    68.008684937002));
#9900 = CARTESIAN_POINT('',(-533.6216797195,-2.822973719889,
    68.792010154027));
#9901 = CARTESIAN_POINT('',(-529.3043766466,-2.715271908782,
    68.424963187904));
#9902 = CARTESIAN_POINT('',(-525.0222934397,-2.616849208656,68.453414124
    ));
#9903 = CARTESIAN_POINT('',(-520.7416746921,-2.204540809004,
    68.442395776849));
#9904 = CARTESIAN_POINT('',(-516.4671704399,-1.693164302391,
    68.504433955081));
#9905 = CARTESIAN_POINT('',(-512.204407681,-1.131996398928,
    68.621662197808));
#9906 = CARTESIAN_POINT('',(-507.9265429784,-0.732923092243,
    68.700196147623));
#9907 = CARTESIAN_POINT('',(-503.6502824349,-0.368661839516,
    68.860103913959));
#9908 = CARTESIAN_POINT('',(-499.3719688989,-5.792381814928E-02,
    68.637889772228));
#9909 = CARTESIAN_POINT('',(-495.0930022696,0.26039632929,
    68.561764785379));
#9910 = CARTESIAN_POINT('',(-490.8081538754,0.288072564163,
    68.420843461193));
#9911 = CARTESIAN_POINT('',(-486.5308534552,0.419075134597,
    68.354048461378));
#9912 = CARTESIAN_POINT('',(-482.2516859036,0.44350170785,
    68.285264019535));
#9913 = CARTESIAN_POINT('',(-477.9730655022,0.435099451658,
    68.225235634877));
#9914 = CARTESIAN_POINT('',(-473.6960456193,0.455451242639,
    68.177846186773));
#9915 = CARTESIAN_POINT('',(-469.4152062773,0.481321602764,
    68.146577591644));
#9916 = CARTESIAN_POINT('',(-465.1421872703,0.601101086617,
    68.128281544313));
#9917 = CARTESIAN_POINT('',(-460.8166932288,0.359292580688,
    68.062512037042));
#9918 = CARTESIAN_POINT('',(-456.4952571487,1.088857643292,
    68.203557667742));
#9919 = CARTESIAN_POINT('',(-452.4504000069,2.676225933831,
    68.467364210118));
#9920 = CARTESIAN_POINT('',(-447.9424683801,2.042373428063,
    68.451288490273));
#9921 = CARTESIAN_POINT('',(-443.7524033406,3.529101403394,
    68.707580823472));
#9922 = CARTESIAN_POINT('',(-439.4974420849,2.378874388111,
    68.66758795873));
#9923 = CARTESIAN_POINT('',(-435.1419433011,1.710650368736,
    68.664280587467));
#9924 = CARTESIAN_POINT('',(-430.9728274171,0.263396739927,
    68.588647159983));
#9925 = CARTESIAN_POINT('',(-426.6766705817,-0.321835349856,
    68.590801307161));
#9926 = CARTESIAN_POINT('',(-423.4568555526,1.73635234114,
    68.806264471469));
#9927 = CARTESIAN_POINT('',(-422.3597,-1.038484834824,68.554788942301));
#9928 = CARTESIAN_POINT('',(-679.0382,4.738506246084,68.83904007173));
#9929 = CARTESIAN_POINT('',(-677.9018430398,4.919720606113,
    68.729136880377));
#9930 = CARTESIAN_POINT('',(-674.6570379481,5.627172757867,
    68.609217684246));
#9931 = CARTESIAN_POINT('',(-670.4801286148,6.639138865593,
    68.360204457582));
#9932 = CARTESIAN_POINT('',(-666.2529876958,6.068428899901,
    68.295327622699));
#9933 = CARTESIAN_POINT('',(-661.8309289879,5.581529887516,
    68.197326064761));
#9934 = CARTESIAN_POINT('',(-657.7320144142,6.820414650786,
    67.810785336844));
#9935 = CARTESIAN_POINT('',(-653.3812140229,7.790017738358,
    67.47400505412));
#9936 = CARTESIAN_POINT('',(-648.9513854559,7.735256207556,
    67.300431398286));
#9937 = CARTESIAN_POINT('',(-644.9070855266,11.25454629354,
    66.601989072621));
#9938 = CARTESIAN_POINT('',(-640.582063889,12.985586413751,
    66.176163841592));
#9939 = CARTESIAN_POINT('',(-636.2554682792,12.950344639469,
    66.081780376863));
#9940 = CARTESIAN_POINT('',(-631.9824711096,13.254534817732,
    65.957118052527));
#9941 = CARTESIAN_POINT('',(-627.7019615338,13.34852660331,
    65.869479444099));
#9942 = CARTESIAN_POINT('',(-623.4245711463,13.449155530846,
    65.774093203794));
#9943 = CARTESIAN_POINT('',(-619.1463832312,13.47334653946,
    65.674535703236));
#9944 = CARTESIAN_POINT('',(-614.8669156658,13.413794859848,
    65.597168798783));
#9945 = CARTESIAN_POINT('',(-610.5898165078,13.292966221121,
    65.50979110841));
#9946 = CARTESIAN_POINT('',(-606.3045105877,13.096431081506,
    65.492149521694));
#9947 = CARTESIAN_POINT('',(-602.0277566031,12.780136584478,
    65.34385136831));
#9948 = CARTESIAN_POINT('',(-597.7466019923,12.669555267542,
    65.702883977032));
#9949 = CARTESIAN_POINT('',(-593.4714143357,12.267425510064,
    65.518920806201));
#9950 = CARTESIAN_POINT('',(-589.1936176105,11.896696117597,
    65.50368171723));
#9951 = CARTESIAN_POINT('',(-584.9304153006,11.558008386179,
    65.479222261186));
#9952 = CARTESIAN_POINT('',(-580.6563793824,11.122387066299,
    65.594106417507));
#9953 = CARTESIAN_POINT('',(-576.3740763318,10.669629136852,
    65.768791979884));
#9954 = CARTESIAN_POINT('',(-572.0987272234,10.035707097739,
    66.128934092197));
#9955 = CARTESIAN_POINT('',(-567.7524952784,9.631775126295,
    66.670763188232));
#9956 = CARTESIAN_POINT('',(-563.5775738445,7.494055396931,
    66.750837977796));
#9957 = CARTESIAN_POINT('',(-559.225311783,6.828142493645,
    67.016597326262));
#9958 = CARTESIAN_POINT('',(-554.9153030247,5.413994793941,
    66.841224614027));
#9959 = CARTESIAN_POINT('',(-550.6950514656,3.395398815462,
    67.465563697485));
#9960 = CARTESIAN_POINT('',(-546.5054520859,1.25026327939,
    67.593604645658));
#9961 = CARTESIAN_POINT('',(-542.014622175,0.706371476551,
    68.205512497782));
#9962 = CARTESIAN_POINT('',(-537.9789076762,-1.166427987143,
    68.445836619939));
#9963 = CARTESIAN_POINT('',(-533.6216797195,-2.173907567301,
    69.125376308796));
#9964 = CARTESIAN_POINT('',(-529.3043766466,-2.047587198554,
    68.857297956916));
#9965 = CARTESIAN_POINT('',(-525.0222934397,-1.855124834356,
    68.887768273469));
#9966 = CARTESIAN_POINT('',(-520.7416746921,-1.364621173098,
    68.893180264119));
#9967 = CARTESIAN_POINT('',(-516.4671704399,-0.765120297445,
    68.948915476262));
#9968 = CARTESIAN_POINT('',(-512.204407681,-0.110055019645,
    69.05001395515));
#9969 = CARTESIAN_POINT('',(-507.9265429784,0.376882370479,
    69.108864603746));
#9970 = CARTESIAN_POINT('',(-503.6502824349,0.819947643321,
    69.257359248645));
#9971 = CARTESIAN_POINT('',(-499.3719688989,1.175307213914,
    69.064303451659));
#9972 = CARTESIAN_POINT('',(-495.0930022696,1.556317443887,
    68.965337931539));
#9973 = CARTESIAN_POINT('',(-490.8081538754,1.611857081144,
    68.809675883693));
#9974 = CARTESIAN_POINT('',(-486.5308534552,1.767120727254,
    68.725785146609));
#9975 = CARTESIAN_POINT('',(-482.2516859036,1.800927742007,
    68.638165816778));
#9976 = CARTESIAN_POINT('',(-477.9730655022,1.79361645497,
    68.559767627518));
#9977 = CARTESIAN_POINT('',(-473.6960456193,1.79739021758,
    68.493945457492));
#9978 = CARTESIAN_POINT('',(-469.4152062773,1.820729348981,
    68.449214223498));
#9979 = CARTESIAN_POINT('',(-465.1421872703,1.908138072972,
    68.412571577419));
#9980 = CARTESIAN_POINT('',(-460.8166932288,1.651306386565,
    68.330041197108));
#9981 = CARTESIAN_POINT('',(-456.4952571487,2.281998469125,
    68.441061316762));
#9982 = CARTESIAN_POINT('',(-452.4504000069,3.673250994778,
    68.660520297139));
#9983 = CARTESIAN_POINT('',(-447.9424683801,3.03432392483,
    68.630584091577));
#9984 = CARTESIAN_POINT('',(-443.7524033406,4.368749840031,
    68.854018227987));
#9985 = CARTESIAN_POINT('',(-439.4974420849,3.034707748013,
    68.777049776075));
#9986 = CARTESIAN_POINT('',(-435.1419433011,2.330418347827,
    68.761783878602));
#9987 = CARTESIAN_POINT('',(-430.9728274171,0.825496618688,
    68.675175788989));
#9988 = CARTESIAN_POINT('',(-426.6766705817,8.18283485871E-02,
    68.651318223245));
#9989 = CARTESIAN_POINT('',(-423.4568555526,2.143720784333,
    68.862267767787));
#9990 = CARTESIAN_POINT('',(-422.3597,-0.654649950089,68.607860755499));
#9991 = DEFINITIONAL_REPRESENTATION('',(#9992),#9996);
#9992 = LINE('',#9993,#9994);
#9993 = CARTESIAN_POINT('',(38.,0.));
#9994 = VECTOR('',#9995,1.);
#9995 = DIRECTION('',(0.,1.));
#9996 = ( GEOMETRIC_REPRESENTATION_CONTEXT(2) 
PARAMETRIC_REPRESENTATION_CONTEXT() REPRESENTATION_CONTEXT('2D SPACE',''
  ) );
#9997 = ORIENTED_EDGE('',*,*,#9998,.F.);
#9998 = EDGE_CURVE('',#9535,#9789,#9999,.T.);
#9999 = SURFACE_CURVE('',#10000,(#10003,#10010),.PCURVE_S1.);
#10000 = B_SPLINE_CURVE_WITH_KNOTS('',1,(#10001,#10002),.UNSPECIFIED.,
  .F.,.F.,(2,2),(37.,38.),.PIECEWISE_BEZIER_KNOTS.);
#10001 = CARTESIAN_POINT('',(-422.3597,-1.423322634875,68.509558542478)
  );
#10002 = CARTESIAN_POINT('',(-422.3597,-1.038484834824,68.554788942301)
  );
#10003 = PCURVE('',#9610,#10004);
#10004 = DEFINITIONAL_REPRESENTATION('',(#10005),#10009);
#10005 = LINE('',#10006,#10007);
#10006 = CARTESIAN_POINT('',(0.,1.));
#10007 = VECTOR('',#10008,1.);
#10008 = DIRECTION('',(1.,0.));
#10009 = ( GEOMETRIC_REPRESENTATION_CONTEXT(2) 
PARAMETRIC_REPRESENTATION_CONTEXT() REPRESENTATION_CONTEXT('2D SPACE',''
  ) );
#10010 = PCURVE('',#401,#10011);
#10011 = DEFINITIONAL_REPRESENTATION('',(#10012),#10015);
#10012 = B_SPLINE_CURVE_WITH_KNOTS('',1,(#10013,#10014),.UNSPECIFIED.,
  .F.,.F.,(2,2),(37.,38.),.PIECEWISE_BEZIER_KNOTS.);
#10013 = CARTESIAN_POINT('',(1.145326815,-0.197884155055));
#10014 = CARTESIAN_POINT('',(0.762224980127,-0.139755801099));
#10015 = ( GEOMETRIC_REPRESENTATION_CONTEXT(2) 
PARAMETRIC_REPRESENTATION_CONTEXT() REPRESENTATION_CONTEXT('2D SPACE',''
  ) );
#10016 = ORIENTED_EDGE('',*,*,#9534,.F.);
#10017 = ADVANCED_FACE('',(#10018),#9864,.T.);
#10018 = FACE_BOUND('',#10019,.T.);
#10019 = EDGE_LOOP('',(#10020,#10041,#10124,#10143));
#10020 = ORIENTED_EDGE('',*,*,#10021,.T.);
#10021 = EDGE_CURVE('',#9768,#10022,#10024,.T.);
#10022 = VERTEX_POINT('',#10023);
#10023 = CARTESIAN_POINT('',(-679.0382,4.738506246084,68.83904007173));
#10024 = SURFACE_CURVE('',#10025,(#10028,#10035),.PCURVE_S1.);
#10025 = B_SPLINE_CURVE_WITH_KNOTS('',1,(#10026,#10027),.UNSPECIFIED.,
  .F.,.F.,(2,2),(38.,39.),.PIECEWISE_BEZIER_KNOTS.);
#10026 = CARTESIAN_POINT('',(-679.0382,4.449260367198,68.595337900831));
#10027 = CARTESIAN_POINT('',(-679.0382,4.738506246084,68.83904007173));
#10028 = PCURVE('',#9864,#10029);
#10029 = DEFINITIONAL_REPRESENTATION('',(#10030),#10034);
#10030 = LINE('',#10031,#10032);
#10031 = CARTESIAN_POINT('',(0.,0.));
#10032 = VECTOR('',#10033,1.);
#10033 = DIRECTION('',(1.,0.));
#10034 = ( GEOMETRIC_REPRESENTATION_CONTEXT(2) 
PARAMETRIC_REPRESENTATION_CONTEXT() REPRESENTATION_CONTEXT('2D SPACE',''
  ) );
#10035 = PCURVE('',#165,#10036);
#10036 = DEFINITIONAL_REPRESENTATION('',(#10037),#10040);
#10037 = B_SPLINE_CURVE_WITH_KNOTS('',1,(#10038,#10039),.UNSPECIFIED.,
  .F.,.F.,(2,2),(38.,39.),.PIECEWISE_BEZIER_KNOTS.);
#10038 = CARTESIAN_POINT('',(-1.955401147504E-02,0.534060390992));
#10039 = CARTESIAN_POINT('',(-0.28549462195,0.265118913615));
#10040 = ( GEOMETRIC_REPRESENTATION_CONTEXT(2) 
PARAMETRIC_REPRESENTATION_CONTEXT() REPRESENTATION_CONTEXT('2D SPACE',''
  ) );
#10041 = ORIENTED_EDGE('',*,*,#10042,.T.);
#10042 = EDGE_CURVE('',#10022,#10043,#10045,.T.);
#10043 = VERTEX_POINT('',#10044);
#10044 = CARTESIAN_POINT('',(-422.3597,-0.654649950089,68.607860755499)
  );
#10045 = SURFACE_CURVE('',#10046,(#10110,#10117),.PCURVE_S1.);
#10046 = ( BOUNDED_CURVE() B_SPLINE_CURVE(3,(#10047,#10048,#10049,#10050
    ,#10051,#10052,#10053,#10054,#10055,#10056,#10057,#10058,#10059,
    #10060,#10061,#10062,#10063,#10064,#10065,#10066,#10067,#10068,
    #10069,#10070,#10071,#10072,#10073,#10074,#10075,#10076,#10077,
    #10078,#10079,#10080,#10081,#10082,#10083,#10084,#10085,#10086,
    #10087,#10088,#10089,#10090,#10091,#10092,#10093,#10094,#10095,
    #10096,#10097,#10098,#10099,#10100,#10101,#10102,#10103,#10104,
    #10105,#10106,#10107,#10108,#10109),.UNSPECIFIED.,.F.,.F.) 
B_SPLINE_CURVE_WITH_KNOTS((4,1,1,1,1,1,1,1,1,1,1,1,1,1,1,1,1,1,1,1,1,1,1
    ,1,1,1,1,1,1,1,1,1,1,1,1,1,1,1,1,1,1,1,1,1,1,1,1,1,1,1,1,1,1,1,1,1,1
    ,1,1,1,4),(0.,1.671164831231E-02,3.327803306227E-02,
    5.000925566809E-02,6.648034363626E-02,8.347574416348E-02,
    9.998031801332E-02,0.116453562429,0.133787455732,0.150582398826,
    0.167003889564,0.183421183117,0.199831572897,0.216243077967,
    0.232654966281,0.249069049,0.265493630469,0.281929899437,
    0.298422530809,0.314972313288,0.331595845732,0.348279560524,
    0.365009232075,0.38168560036,0.398277240471,0.414799735375,
    0.431302994143,0.448140075223,0.464749604184,0.481553115126,
    0.498808354232,0.516050152658,0.532842545742,0.550335828942,
    0.567153130692,0.583652514422,0.600175882991,0.616768685323,
    0.633448038712,0.650182180915,0.666869665762,0.683497438564,
    0.700056495454,0.716547762365,0.732983596882,0.749407921308,
    0.765822295641,0.782233728406,0.798646209918,0.81505724388,
    0.831476734885,0.847901722287,0.864693603231,0.881980563987,
    0.898448960139,0.915352013848,0.932295303855,0.949097785181,
0.966200565614,0.982806308198,1.),.UNSPECIFIED.) CURVE() 
GEOMETRIC_REPRESENTATION_ITEM() RATIONAL_B_SPLINE_CURVE((1.,
    0.999999999979,1.00000000001,0.999999999997,1.000000000001,1.,1.,1.,
    1.,1.,1.,1.,1.,1.,1.,1.,1.,1.,1.,1.,1.,1.,1.,1.,1.,1.,1.,1.,1.,1.,1.
    ,1.,1.,1.,1.,1.,1.,1.,1.,1.,1.,1.,1.,1.,1.,1.,1.,1.,1.,1.,1.,1.,1.,
    1.,1.,1.,1.,1.,0.999999999998,1.000000000007,0.999999999976,
1.000000000054,1.)) REPRESENTATION_ITEM('') );
#10047 = CARTESIAN_POINT('',(-679.0382,4.738506246084,68.83904007173));
#10048 = CARTESIAN_POINT('',(-677.9018430398,4.919720606113,
    68.729136880377));
#10049 = CARTESIAN_POINT('',(-674.6570379481,5.627172757867,
    68.609217684246));
#10050 = CARTESIAN_POINT('',(-670.4801286148,6.639138865593,
    68.360204457582));
#10051 = CARTESIAN_POINT('',(-666.2529876958,6.068428899901,
    68.295327622699));
#10052 = CARTESIAN_POINT('',(-661.8309289879,5.581529887516,
    68.197326064761));
#10053 = CARTESIAN_POINT('',(-657.7320144142,6.820414650786,
    67.810785336844));
#10054 = CARTESIAN_POINT('',(-653.3812140229,7.790017738358,
    67.47400505412));
#10055 = CARTESIAN_POINT('',(-648.9513854559,7.735256207556,
    67.300431398286));
#10056 = CARTESIAN_POINT('',(-644.9070855266,11.25454629354,
    66.601989072621));
#10057 = CARTESIAN_POINT('',(-640.582063889,12.985586413751,
    66.176163841592));
#10058 = CARTESIAN_POINT('',(-636.2554682792,12.950344639469,
    66.081780376863));
#10059 = CARTESIAN_POINT('',(-631.9824711096,13.254534817732,
    65.957118052527));
#10060 = CARTESIAN_POINT('',(-627.7019615338,13.34852660331,
    65.869479444099));
#10061 = CARTESIAN_POINT('',(-623.4245711463,13.449155530846,
    65.774093203794));
#10062 = CARTESIAN_POINT('',(-619.1463832312,13.47334653946,
    65.674535703236));
#10063 = CARTESIAN_POINT('',(-614.8669156658,13.413794859848,
    65.597168798783));
#10064 = CARTESIAN_POINT('',(-610.5898165078,13.292966221121,
    65.50979110841));
#10065 = CARTESIAN_POINT('',(-606.3045105877,13.096431081506,
    65.492149521694));
#10066 = CARTESIAN_POINT('',(-602.0277566031,12.780136584478,
    65.34385136831));
#10067 = CARTESIAN_POINT('',(-597.7466019923,12.669555267542,
    65.702883977032));
#10068 = CARTESIAN_POINT('',(-593.4714143357,12.267425510064,
    65.518920806201));
#10069 = CARTESIAN_POINT('',(-589.1936176105,11.896696117597,
    65.50368171723));
#10070 = CARTESIAN_POINT('',(-584.9304153006,11.558008386179,
    65.479222261186));
#10071 = CARTESIAN_POINT('',(-580.6563793824,11.122387066299,
    65.594106417507));
#10072 = CARTESIAN_POINT('',(-576.3740763318,10.669629136852,
    65.768791979884));
#10073 = CARTESIAN_POINT('',(-572.0987272234,10.035707097739,
    66.128934092197));
#10074 = CARTESIAN_POINT('',(-567.7524952784,9.631775126295,
    66.670763188232));
#10075 = CARTESIAN_POINT('',(-563.5775738445,7.494055396931,
    66.750837977796));
#10076 = CARTESIAN_POINT('',(-559.225311783,6.828142493645,
    67.016597326262));
#10077 = CARTESIAN_POINT('',(-554.9153030247,5.413994793941,
    66.841224614027));
#10078 = CARTESIAN_POINT('',(-550.6950514656,3.395398815462,
    67.465563697485));
#10079 = CARTESIAN_POINT('',(-546.5054520859,1.25026327939,
    67.593604645658));
#10080 = CARTESIAN_POINT('',(-542.014622175,0.706371476551,
    68.205512497782));
#10081 = CARTESIAN_POINT('',(-537.9789076762,-1.166427987143,
    68.445836619939));
#10082 = CARTESIAN_POINT('',(-533.6216797195,-2.173907567301,
    69.125376308796));
#10083 = CARTESIAN_POINT('',(-529.3043766466,-2.047587198554,
    68.857297956916));
#10084 = CARTESIAN_POINT('',(-525.0222934397,-1.855124834356,
    68.887768273469));
#10085 = CARTESIAN_POINT('',(-520.7416746921,-1.364621173098,
    68.893180264119));
#10086 = CARTESIAN_POINT('',(-516.4671704399,-0.765120297445,
    68.948915476262));
#10087 = CARTESIAN_POINT('',(-512.204407681,-0.110055019645,
    69.05001395515));
#10088 = CARTESIAN_POINT('',(-507.9265429784,0.376882370479,
    69.108864603746));
#10089 = CARTESIAN_POINT('',(-503.6502824349,0.819947643321,
    69.257359248645));
#10090 = CARTESIAN_POINT('',(-499.3719688989,1.175307213914,
    69.064303451659));
#10091 = CARTESIAN_POINT('',(-495.0930022696,1.556317443887,
    68.965337931539));
#10092 = CARTESIAN_POINT('',(-490.8081538754,1.611857081144,
    68.809675883693));
#10093 = CARTESIAN_POINT('',(-486.5308534552,1.767120727254,
    68.725785146609));
#10094 = CARTESIAN_POINT('',(-482.2516859036,1.800927742007,
    68.638165816778));
#10095 = CARTESIAN_POINT('',(-477.9730655022,1.79361645497,
    68.559767627518));
#10096 = CARTESIAN_POINT('',(-473.6960456193,1.79739021758,
    68.493945457492));
#10097 = CARTESIAN_POINT('',(-469.4152062773,1.820729348981,
    68.449214223498));
#10098 = CARTESIAN_POINT('',(-465.1421872703,1.908138072972,
    68.412571577419));
#10099 = CARTESIAN_POINT('',(-460.8166932288,1.651306386565,
    68.330041197108));
#10100 = CARTESIAN_POINT('',(-456.4952571487,2.281998469125,
    68.441061316762));
#10101 = CARTESIAN_POINT('',(-452.4504000069,3.673250994778,
    68.660520297139));
#10102 = CARTESIAN_POINT('',(-447.9424683801,3.03432392483,
    68.630584091577));
#10103 = CARTESIAN_POINT('',(-443.7524033406,4.368749840031,
    68.854018227987));
#10104 = CARTESIAN_POINT('',(-439.4974420849,3.034707748013,
    68.777049776075));
#10105 = CARTESIAN_POINT('',(-435.1419433011,2.330418347827,
    68.761783878602));
#10106 = CARTESIAN_POINT('',(-430.9728274171,0.825496618688,
    68.675175788989));
#10107 = CARTESIAN_POINT('',(-426.6766705817,8.18283485871E-02,
    68.651318223245));
#10108 = CARTESIAN_POINT('',(-423.4568555526,2.143720784333,
    68.862267767787));
#10109 = CARTESIAN_POINT('',(-422.3597,-0.654649950089,68.607860755499)
  );
#10110 = PCURVE('',#9864,#10111);
#10111 = DEFINITIONAL_REPRESENTATION('',(#10112),#10116);
#10112 = LINE('',#10113,#10114);
#10113 = CARTESIAN_POINT('',(39.,0.));
#10114 = VECTOR('',#10115,1.);
#10115 = DIRECTION('',(0.,1.));
#10116 = ( GEOMETRIC_REPRESENTATION_CONTEXT(2) 
PARAMETRIC_REPRESENTATION_CONTEXT() REPRESENTATION_CONTEXT('2D SPACE',''
  ) );
#10117 = PCURVE('',#486,#10118);
#10118 = DEFINITIONAL_REPRESENTATION('',(#10119),#10123);
#10119 = LINE('',#10120,#10121);
#10120 = CARTESIAN_POINT('',(39.,0.));
#10121 = VECTOR('',#10122,1.);
#10122 = DIRECTION('',(0.,1.));
#10123 = ( GEOMETRIC_REPRESENTATION_CONTEXT(2) 
PARAMETRIC_REPRESENTATION_CONTEXT() REPRESENTATION_CONTEXT('2D SPACE',''
  ) );
#10124 = ORIENTED_EDGE('',*,*,#10125,.F.);
#10125 = EDGE_CURVE('',#9789,#10043,#10126,.T.);
#10126 = SURFACE_CURVE('',#10127,(#10130,#10137),.PCURVE_S1.);
#10127 = B_SPLINE_CURVE_WITH_KNOTS('',1,(#10128,#10129),.UNSPECIFIED.,
  .F.,.F.,(2,2),(38.,39.),.PIECEWISE_BEZIER_KNOTS.);
#10128 = CARTESIAN_POINT('',(-422.3597,-1.038484834824,68.554788942301)
  );
#10129 = CARTESIAN_POINT('',(-422.3597,-0.654649950089,68.607860755499)
  );
#10130 = PCURVE('',#9864,#10131);
#10131 = DEFINITIONAL_REPRESENTATION('',(#10132),#10136);
#10132 = LINE('',#10133,#10134);
#10133 = CARTESIAN_POINT('',(0.,1.));
#10134 = VECTOR('',#10135,1.);
#10135 = DIRECTION('',(1.,0.));
#10136 = ( GEOMETRIC_REPRESENTATION_CONTEXT(2) 
PARAMETRIC_REPRESENTATION_CONTEXT() REPRESENTATION_CONTEXT('2D SPACE',''
  ) );
#10137 = PCURVE('',#401,#10138);
#10138 = DEFINITIONAL_REPRESENTATION('',(#10139),#10142);
#10139 = B_SPLINE_CURVE_WITH_KNOTS('',1,(#10140,#10141),.UNSPECIFIED.,
  .F.,.F.,(2,2),(38.,39.),.PIECEWISE_BEZIER_KNOTS.);
#10140 = CARTESIAN_POINT('',(0.762224980127,-0.139755801099));
#10141 = CARTESIAN_POINT('',(0.38038882203,-7.382413597753E-02));
#10142 = ( GEOMETRIC_REPRESENTATION_CONTEXT(2) 
PARAMETRIC_REPRESENTATION_CONTEXT() REPRESENTATION_CONTEXT('2D SPACE',''
  ) );
#10143 = ORIENTED_EDGE('',*,*,#9788,.F.);
#10144 = ADVANCED_FACE('',(#10145),#486,.T.);
#10145 = FACE_BOUND('',#10146,.T.);
#10146 = EDGE_LOOP('',(#10147,#10166,#10167,#10186));
#10147 = ORIENTED_EDGE('',*,*,#10148,.T.);
#10148 = EDGE_CURVE('',#10022,#22,#10149,.T.);
#10149 = SURFACE_CURVE('',#10150,(#10153,#10160),.PCURVE_S1.);
#10150 = B_SPLINE_CURVE_WITH_KNOTS('',1,(#10151,#10152),.UNSPECIFIED.,
  .F.,.F.,(2,2),(39.,40.),.PIECEWISE_BEZIER_KNOTS.);
#10151 = CARTESIAN_POINT('',(-679.0382,4.738506246084,68.83904007173));
#10152 = CARTESIAN_POINT('',(-679.0382,4.478244654048,69.128969582525));
#10153 = PCURVE('',#486,#10154);
#10154 = DEFINITIONAL_REPRESENTATION('',(#10155),#10159);
#10155 = LINE('',#10156,#10157);
#10156 = CARTESIAN_POINT('',(0.,0.));
#10157 = VECTOR('',#10158,1.);
#10158 = DIRECTION('',(1.,0.));
#10159 = ( GEOMETRIC_REPRESENTATION_CONTEXT(2) 
PARAMETRIC_REPRESENTATION_CONTEXT() REPRESENTATION_CONTEXT('2D SPACE',''
  ) );
#10160 = PCURVE('',#165,#10161);
#10161 = DEFINITIONAL_REPRESENTATION('',(#10162),#10165);
#10162 = B_SPLINE_CURVE_WITH_KNOTS('',1,(#10163,#10164),.UNSPECIFIED.,
  .F.,.F.,(2,2),(39.,40.),.PIECEWISE_BEZIER_KNOTS.);
#10163 = CARTESIAN_POINT('',(-0.28549462195,0.265118913615));
#10164 = CARTESIAN_POINT('',(0.,0.));
#10165 = ( GEOMETRIC_REPRESENTATION_CONTEXT(2) 
PARAMETRIC_REPRESENTATION_CONTEXT() REPRESENTATION_CONTEXT('2D SPACE',''
  ) );
#10166 = ORIENTED_EDGE('',*,*,#412,.T.);
#10167 = ORIENTED_EDGE('',*,*,#10168,.F.);
#10168 = EDGE_CURVE('',#10043,#387,#10169,.T.);
#10169 = SURFACE_CURVE('',#10170,(#10173,#10180),.PCURVE_S1.);
#10170 = B_SPLINE_CURVE_WITH_KNOTS('',1,(#10171,#10172),.UNSPECIFIED.,
  .F.,.F.,(2,2),(39.,40.),.PIECEWISE_BEZIER_KNOTS.);
#10171 = CARTESIAN_POINT('',(-422.3597,-0.654649950089,68.607860755499)
  );
#10172 = CARTESIAN_POINT('',(-422.3597,-0.271996543377,68.668869191882)
  );
#10173 = PCURVE('',#486,#10174);
#10174 = DEFINITIONAL_REPRESENTATION('',(#10175),#10179);
#10175 = LINE('',#10176,#10177);
#10176 = CARTESIAN_POINT('',(0.,1.));
#10177 = VECTOR('',#10178,1.);
#10178 = DIRECTION('',(1.,0.));
#10179 = ( GEOMETRIC_REPRESENTATION_CONTEXT(2) 
PARAMETRIC_REPRESENTATION_CONTEXT() REPRESENTATION_CONTEXT('2D SPACE',''
  ) );
#10180 = PCURVE('',#401,#10181);
#10181 = DEFINITIONAL_REPRESENTATION('',(#10182),#10185);
#10182 = B_SPLINE_CURVE_WITH_KNOTS('',1,(#10183,#10184),.UNSPECIFIED.,
  .F.,.F.,(2,2),(39.,40.),.PIECEWISE_BEZIER_KNOTS.);
#10183 = CARTESIAN_POINT('',(0.38038882203,-7.382413597753E-02));
#10184 = CARTESIAN_POINT('',(0.,0.));
#10185 = ( GEOMETRIC_REPRESENTATION_CONTEXT(2) 
PARAMETRIC_REPRESENTATION_CONTEXT() REPRESENTATION_CONTEXT('2D SPACE',''
  ) );
#10186 = ORIENTED_EDGE('',*,*,#10042,.F.);
#10187 = ADVANCED_FACE('',(#10188),#165,.F.);
#10188 = FACE_BOUND('',#10189,.T.);
#10189 = EDGE_LOOP('',(#10190,#10191,#10192,#10193,#10194,#10195,#10196,
    #10197,#10198,#10199,#10200,#10201,#10202,#10203,#10204,#10205,
    #10206,#10207,#10208,#10209,#10210,#10211,#10212,#10213,#10214,
    #10215,#10216,#10217,#10218,#10219,#10220,#10221,#10222,#10223,
    #10224,#10225,#10226,#10227,#10228,#10229));
#10190 = ORIENTED_EDGE('',*,*,#21,.F.);
#10191 = ORIENTED_EDGE('',*,*,#10148,.F.);
#10192 = ORIENTED_EDGE('',*,*,#10021,.F.);
#10193 = ORIENTED_EDGE('',*,*,#9767,.F.);
#10194 = ORIENTED_EDGE('',*,*,#9513,.F.);
#10195 = ORIENTED_EDGE('',*,*,#9259,.F.);
#10196 = ORIENTED_EDGE('',*,*,#9005,.F.);
#10197 = ORIENTED_EDGE('',*,*,#8751,.F.);
#10198 = ORIENTED_EDGE('',*,*,#8497,.F.);
#10199 = ORIENTED_EDGE('',*,*,#8243,.F.);
#10200 = ORIENTED_EDGE('',*,*,#7989,.F.);
#10201 = ORIENTED_EDGE('',*,*,#7735,.F.);
#10202 = ORIENTED_EDGE('',*,*,#7481,.F.);
#10203 = ORIENTED_EDGE('',*,*,#7227,.F.);
#10204 = ORIENTED_EDGE('',*,*,#6973,.F.);
#10205 = ORIENTED_EDGE('',*,*,#6719,.F.);
#10206 = ORIENTED_EDGE('',*,*,#6465,.F.);
#10207 = ORIENTED_EDGE('',*,*,#6211,.F.);
#10208 = ORIENTED_EDGE('',*,*,#5957,.F.);
#10209 = ORIENTED_EDGE('',*,*,#5703,.F.);
#10210 = ORIENTED_EDGE('',*,*,#5449,.F.);
#10211 = ORIENTED_EDGE('',*,*,#5195,.F.);
#10212 = ORIENTED_EDGE('',*,*,#4941,.F.);
#10213 = ORIENTED_EDGE('',*,*,#4687,.F.);
#10214 = ORIENTED_EDGE('',*,*,#4433,.F.);
#10215 = ORIENTED_EDGE('',*,*,#4179,.F.);
#10216 = ORIENTED_EDGE('',*,*,#3925,.F.);
#10217 = ORIENTED_EDGE('',*,*,#3671,.F.);
#10218 = ORIENTED_EDGE('',*,*,#3417,.F.);
#10219 = ORIENTED_EDGE('',*,*,#3163,.F.);
#10220 = ORIENTED_EDGE('',*,*,#2909,.F.);
#10221 = ORIENTED_EDGE('',*,*,#2655,.F.);
#10222 = ORIENTED_EDGE('',*,*,#2401,.F.);
#10223 = ORIENTED_EDGE('',*,*,#2147,.F.);
#10224 = ORIENTED_EDGE('',*,*,#1893,.F.);
#10225 = ORIENTED_EDGE('',*,*,#1639,.F.);
#10226 = ORIENTED_EDGE('',*,*,#1385,.F.);
#10227 = ORIENTED_EDGE('',*,*,#1131,.F.);
#10228 = ORIENTED_EDGE('',*,*,#877,.F.);
#10229 = ORIENTED_EDGE('',*,*,#623,.F.);
#10230 = ADVANCED_FACE('',(#10231),#401,.F.);
#10231 = FACE_BOUND('',#10232,.T.);
#10232 = EDGE_LOOP('',(#10233,#10234,#10235,#10236,#10237,#10238,#10239,
    #10240,#10241,#10242,#10243,#10244,#10245,#10246,#10247,#10248,
    #10249,#10250,#10251,#10252,#10253,#10254,#10255,#10256,#10257,
    #10258,#10259,#10260,#10261,#10262,#10263,#10264,#10265,#10266,
    #10267,#10268,#10269,#10270,#10271,#10272));
#10233 = ORIENTED_EDGE('',*,*,#386,.T.);
#10234 = ORIENTED_EDGE('',*,*,#854,.T.);
#10235 = ORIENTED_EDGE('',*,*,#1108,.T.);
#10236 = ORIENTED_EDGE('',*,*,#1362,.T.);
#10237 = ORIENTED_EDGE('',*,*,#1616,.T.);
#10238 = ORIENTED_EDGE('',*,*,#1870,.T.);
#10239 = ORIENTED_EDGE('',*,*,#2124,.T.);
#10240 = ORIENTED_EDGE('',*,*,#2378,.T.);
#10241 = ORIENTED_EDGE('',*,*,#2632,.T.);
#10242 = ORIENTED_EDGE('',*,*,#2886,.T.);
#10243 = ORIENTED_EDGE('',*,*,#3140,.T.);
#10244 = ORIENTED_EDGE('',*,*,#3394,.T.);
#10245 = ORIENTED_EDGE('',*,*,#3648,.T.);
#10246 = ORIENTED_EDGE('',*,*,#3902,.T.);
#10247 = ORIENTED_EDGE('',*,*,#4156,.T.);
#10248 = ORIENTED_EDGE('',*,*,#4410,.T.);
#10249 = ORIENTED_EDGE('',*,*,#4664,.T.);
#10250 = ORIENTED_EDGE('',*,*,#4918,.T.);
#10251 = ORIENTED_EDGE('',*,*,#5172,.T.);
#10252 = ORIENTED_EDGE('',*,*,#5426,.T.);
#10253 = ORIENTED_EDGE('',*,*,#5680,.T.);
#10254 = ORIENTED_EDGE('',*,*,#5934,.T.);
#10255 = ORIENTED_EDGE('',*,*,#6188,.T.);
#10256 = ORIENTED_EDGE('',*,*,#6442,.T.);
#10257 = ORIENTED_EDGE('',*,*,#6696,.T.);
#10258 = ORIENTED_EDGE('',*,*,#6950,.T.);
#10259 = ORIENTED_EDGE('',*,*,#7204,.T.);
#10260 = ORIENTED_EDGE('',*,*,#7458,.T.);
#10261 = ORIENTED_EDGE('',*,*,#7712,.T.);
#10262 = ORIENTED_EDGE('',*,*,#7966,.T.);
#10263 = ORIENTED_EDGE('',*,*,#8220,.T.);
#10264 = ORIENTED_EDGE('',*,*,#8474,.T.);
#10265 = ORIENTED_EDGE('',*,*,#8728,.T.);
#10266 = ORIENTED_EDGE('',*,*,#8982,.T.);
#10267 = ORIENTED_EDGE('',*,*,#9236,.T.);
#10268 = ORIENTED_EDGE('',*,*,#9490,.T.);
#10269 = ORIENTED_EDGE('',*,*,#9744,.T.);
#10270 = ORIENTED_EDGE('',*,*,#9998,.T.);
#10271 = ORIENTED_EDGE('',*,*,#10125,.T.);
#10272 = ORIENTED_EDGE('',*,*,#10168,.T.);
#10273 = ( GEOMETRIC_REPRESENTATION_CONTEXT(3) 
GLOBAL_UNCERTAINTY_ASSIGNED_CONTEXT((#10277)) 
GLOBAL_UNIT_ASSIGNED_CONTEXT((#10274,#10275,#10276)) 
REPRESENTATION_CONTEXT('Context #1',
  '3D Context with UNIT and UNCERTAINTY') );
#10274 = ( LENGTH_UNIT() NAMED_UNIT(*) SI_UNIT(.MILLI.,.METRE.) );
#10275 = ( NAMED_UNIT(*) PLANE_ANGLE_UNIT() SI_UNIT($,.RADIAN.) );
#10276 = ( NAMED_UNIT(*) SI_UNIT($,.STERADIAN.) SOLID_ANGLE_UNIT() );
#10277 = UNCERTAINTY_MEASURE_WITH_UNIT(LENGTH_MEASURE(1.E-07),#10274,
  'distance_accuracy_value','confusion accuracy');
#10278 = PRODUCT_RELATED_PRODUCT_CATEGORY('part',$,(#7));
ENDSEC;
END-ISO-10303-21;
