ISO-10303-21;
HEADER;
FILE_DESCRIPTION(('Open CASCADE Model'),'2;1');
FILE_NAME('Open CASCADE Shape Model','2026-09-01T20:37:50',('Author'),(
    'Open CASCADE'),'Open CASCADE STEP processor 7.8','Open CASCADE 7.8'
  ,'Unknown');
FILE_SCHEMA(('AUTOMOTIVE_DESIGN { 1 0 10303 214 1 1 1 1 }'));
ENDSEC;
DATA;
#1 = APPLICATION_PROTOCOL_DEFINITION('international standard',
  'automotive_design',2000,#2);
#2 = APPLICATION_CONTEXT(
  'core data for automotive mechanical design processes');
#3 = SHAPE_DEFINITION_REPRESENTATION(#4,#10);
#4 = PRODUCT_DEFINITION_SHAPE('','',#5);
#5 = PRODUCT_DEFINITION('design','',#6,#9);
#6 = PRODUCT_DEFINITION_FORMATION('','',#7);
#7 = PRODUCT('Open CASCADE STEP translator 7.8 22',
  'Open CASCADE STEP translator 7.8 22','',(#8));
#8 = PRODUCT_CONTEXT('',#2,'mechanical');
#9 = PRODUCT_DEFINITION_CONTEXT('part definition',#2,'design');
#10 = ADVANCED_BREP_SHAPE_REPRESENTATION('',(#11,#15),#10273);
#11 = AXIS2_PLACEMENT_3D('',#12,#13,#14);
#12 = CARTESIAN_POINT('',(0.,0.,0.));
#13 = DIRECTION('',(0.,0.,1.));
#14 = DIRECTION('',(1.,0.,-0.));
#15 = MANIFOLD_SOLID_BREP('',#16);
#16 = CLOSED_SHELL('',(#17,#619,#873,#1127,#1381,#1635,#1889,#2143,#2397
    ,#2651,#2905,#3159,#3413,#3667,#3921,#4175,#4429,#4683,#4937,#5191,
    #5445,#5699,#5953,#6207,#6461,#6715,#6969,#7223,#7477,#7731,#7985,
    #8239,#8493,#8747,#9001,#9255,#9509,#9763,#10017,#10144,#10187,
    #10230));
#17 = ADVANCED_FACE('',(#18),#31,.T.);
#18 = FACE_BOUND('',#19,.T.);
#19 = EDGE_LOOP('',(#20,#175,#385,#411));
#20 = ORIENTED_EDGE('',*,*,#21,.T.);
#21 = EDGE_CURVE('',#22,#24,#26,.T.);
#22 = VERTEX_POINT('',#23);
#23 = CARTESIAN_POINT('',(140.9618,354.74605632105,111.14891855916));
#24 = VERTEX_POINT('',#25);
#25 = CARTESIAN_POINT('',(140.9618,354.36106096395,111.12952548955));
#26 = SURFACE_CURVE('',#27,(#30,#164),.PCURVE_S1.);
#27 = B_SPLINE_CURVE_WITH_KNOTS('',1,(#28,#29),.UNSPECIFIED.,.F.,.F.,(2,
    2),(0.,1.),.PIECEWISE_BEZIER_KNOTS.);
#28 = CARTESIAN_POINT('',(140.9618,354.74605632105,111.14891855916));
#29 = CARTESIAN_POINT('',(140.9618,354.36106096395,111.12952548955));
#30 = PCURVE('',#31,#158);
#31 = ( BOUNDED_SURFACE() B_SPLINE_SURFACE(1,3,(
    (#32,#33,#34,#35,#36,#37,#38,#39,#40,#41,#42,#43,#44,#45,#46,#47,#48
      ,#49,#50,#51,#52,#53,#54,#55,#56,#57,#58,#59,#60,#61,#62,#63,#64
      ,#65,#66,#67,#68,#69,#70,#71,#72,#73,#74,#75,#76,#77,#78,#79,#80
      ,#81,#82,#83,#84,#85,#86,#87,#88,#89,#90,#91,#92,#93,#94)
    ,(#95,#96,#97,#98,#99,#100,#101,#102,#103,#104,#105,#106,#107,#108
      ,#109,#110,#111,#112,#113,#114,#115,#116,#117,#118,#119,#120,#121
      ,#122,#123,#124,#125,#126,#127,#128,#129,#130,#131,#132,#133,#134
      ,#135,#136,#137,#138,#139,#140,#141,#142,#143,#144,#145,#146,#147
      ,#148,#149,#150,#151,#152,#153,#154,#155,#156,#157
)),.UNSPECIFIED.,.F.,.F.,.F.) B_SPLINE_SURFACE_WITH_KNOTS((2,2),(4,1,1,1
    ,1,1,1,1,1,1,1,1,1,1,1,1,1,1,1,1,1,1,1,1,1,1,1,1,1,1,1,1,1,1,1,1,1,1
    ,1,1,1,1,1,1,1,1,1,1,1,1,1,1,1,1,1,1,1,1,1,1,4),(0.,1.),(0.,
    1.671834126768E-02,3.328707673398E-02,5.001744466419E-02,
    6.648650714478E-02,8.348892901119E-02,9.999486964001E-02,
    0.11646941087,0.133815549619,0.150618938677,0.167038735703,
    0.183454077407,0.199862498306,0.216272023155,0.232682039048,
    0.249094136,0.265517101832,0.28195250261,0.298446383618,
    0.315002877417,0.331625113939,0.348307612691,0.365035992875,
    0.381711213613,0.398301880653,0.414823418335,0.431326889702,
    0.448164125522,0.464772555536,0.481574851679,0.498833916597,
    0.516076325801,0.532869467448,0.550364700599,0.567182918644,
    0.58368017293,0.60020088702,0.616790522208,0.633466402799,
    0.650196996519,0.66688122827,0.683506031496,0.700063533111,
    0.716557401724,0.732992840875,0.749415744672,0.765827967007,
    0.78223726506,0.798647812608,0.815056815176,0.831475231221,
    0.84789937286,0.864694545606,0.881987572306,0.898456926779,
    0.91536479181,0.932301655256,0.949102498792,0.966203962862,
0.982810298735,1.),.UNSPECIFIED.) GEOMETRIC_REPRESENTATION_ITEM() 
RATIONAL_B_SPLINE_SURFACE((
    (1.,1.000000000007,0.999999999997,1.000000000001,1.,1.,1.,1.,1.,1.
      ,1.,1.,1.,1.,1.,1.,1.,1.,1.,1.,1.,1.,1.,1.,1.,1.,1.,1.,1.,1.,1.,1.
      ,1.,1.,1.,1.,1.,1.,1.,1.,1.,1.,1.,1.,1.,1.,1.,1.,1.,1.,1.,1.,1.,1.
      ,1.,1.,1.,1.,1.000000000001,0.999999999996,1.000000000014
      ,0.999999999969,1.)
    ,(1.,1.000000000007,0.999999999997,1.000000000001,1.,1.,1.,1.,1.,1.
      ,1.,1.,1.,1.,1.,1.,1.,1.,1.,1.,1.,1.,1.,1.,1.,1.,1.,1.,1.,1.,1.,1.
      ,1.,1.,1.,1.,1.,1.,1.,1.,1.,1.,1.,1.,1.,1.,1.,1.,1.,1.,1.,1.,1.,1.
      ,1.,1.,1.,1.,1.000000000001,0.999999999996,1.000000000014
,0.999999999969,1.))) REPRESENTATION_ITEM('') SURFACE() );
#32 = CARTESIAN_POINT('',(140.9618,354.74605632105,111.14891855916));
#33 = CARTESIAN_POINT('',(142.09540904743,354.93792319209,
    111.18937338868));
#34 = CARTESIAN_POINT('',(145.34352279277,355.63230884493,
    111.38528205067));
#35 = CARTESIAN_POINT('',(149.51920541273,356.64685010771,
    111.61321786693));
#36 = CARTESIAN_POINT('',(153.74675028087,356.08395727866,
    111.64031704779));
#37 = CARTESIAN_POINT('',(158.17058310233,355.59812022345,
    111.74038181795));
#38 = CARTESIAN_POINT('',(162.26698448152,356.84089080004,
    112.09656090925));
#39 = CARTESIAN_POINT('',(166.61873526807,357.81631042061,
    112.38800856021));
#40 = CARTESIAN_POINT('',(171.05025168138,357.77813463703,
    112.48856568494));
#41 = CARTESIAN_POINT('',(175.09238100893,361.30125676931,
    113.16357951284));
#42 = CARTESIAN_POINT('',(179.41643525083,363.04579655624,
    113.53087133597));
#43 = CARTESIAN_POINT('',(183.74465399728,363.01495056879,
    113.58321095812));
#44 = CARTESIAN_POINT('',(188.01748830499,363.32656029984,
    113.69777944727));
#45 = CARTESIAN_POINT('',(192.29804434258,363.41900481363,
    113.78469962707));
#46 = CARTESIAN_POINT('',(196.57544693057,363.52092123256,
    113.88784327923));
#47 = CARTESIAN_POINT('',(200.85359337877,363.54486816894,
    113.99119459132));
#48 = CARTESIAN_POINT('',(205.13313267918,363.50296105047,114.0959887557
    ));
#49 = CARTESIAN_POINT('',(209.41029445154,363.38993845389,
    114.19646222267));
#50 = CARTESIAN_POINT('',(213.69566833045,363.19025292794,
    114.26130121837));
#51 = CARTESIAN_POINT('',(217.97323994091,362.93896807504,114.3382038238
    ));
#52 = CARTESIAN_POINT('',(222.25201002744,362.6268148959,114.38283018209
    ));
#53 = CARTESIAN_POINT('',(226.52878947893,362.278958352,114.4579751257)
  );
#54 = CARTESIAN_POINT('',(230.80631705996,361.89359222249,
    114.50253813078));
#55 = CARTESIAN_POINT('',(235.06961741834,361.55883691151,
    114.51911490913));
#56 = CARTESIAN_POINT('',(239.34364675972,361.12216299313,114.4063343896
    ));
#57 = CARTESIAN_POINT('',(243.62590118763,360.6696902956,114.23109322394
    ));
#58 = CARTESIAN_POINT('',(247.90145862716,360.03566774639,
    113.87107769809));
#59 = CARTESIAN_POINT('',(252.24748803221,359.63178674708,
    113.32923030519));
#60 = CARTESIAN_POINT('',(256.42226459116,357.4941038617,113.24916773224
    ));
#61 = CARTESIAN_POINT('',(260.774587196,356.82818655314,112.98341730863)
  );
#62 = CARTESIAN_POINT('',(265.08553351846,355.41365473815,
    113.15873459135));
#63 = CARTESIAN_POINT('',(269.30435854157,353.39567093337,
    112.53447453633));
#64 = CARTESIAN_POINT('',(273.49463672784,351.25023078258,
    112.40638776573));
#65 = CARTESIAN_POINT('',(277.98553204283,350.70632834142,
    111.79446696012));
#66 = CARTESIAN_POINT('',(282.02098866206,348.83362572324,
    111.55418936008));
#67 = CARTESIAN_POINT('',(286.37785805657,347.82613294142,
    110.87463929205));
#68 = CARTESIAN_POINT('',(290.69560185407,347.95239953717,
    111.14270801599));
#69 = CARTESIAN_POINT('',(294.97762712103,348.14486654034,
    111.11216712087));
#70 = CARTESIAN_POINT('',(299.25829278307,348.63539790219,111.1070755363
    ));
#71 = CARTESIAN_POINT('',(303.53281780748,349.23478365024,
    111.05012098585));
#72 = CARTESIAN_POINT('',(307.79563331651,349.89030542251,
    110.95359129534));
#73 = CARTESIAN_POINT('',(312.07349323989,350.3755677307,110.8777400968)
  );
#74 = CARTESIAN_POINT('',(316.34983972698,350.82485295294,
    110.79234600139));
#75 = CARTESIAN_POINT('',(320.62873034613,351.15721359068,
    110.75132853376));
#76 = CARTESIAN_POINT('',(324.90645535717,351.49652348935,
    110.72230294314));
#77 = CARTESIAN_POINT('',(329.19177427478,351.5220951276,110.80019022322
    ));
#78 = CARTESIAN_POINT('',(333.46902839726,351.65905048218,110.8465211348
    ));
#79 = CARTESIAN_POINT('',(337.74832561117,351.68566958881,
    110.91544629037));
#80 = CARTESIAN_POINT('',(342.02697062847,351.68025809463,
    110.97634538588));
#81 = CARTESIAN_POINT('',(346.30391351544,351.68263506133,
    111.01517259612));
#82 = CARTESIAN_POINT('',(350.58496238288,351.7062280539,111.05166976385
    ));
#83 = CARTESIAN_POINT('',(354.8577723004,351.80151827306,111.06021066352
    ));
#84 = CARTESIAN_POINT('',(359.18388688825,351.54590864944,
    111.13609117151));
#85 = CARTESIAN_POINT('',(363.5052046971,352.18879227699,111.00402508276
    ));
#86 = CARTESIAN_POINT('',(367.54865046447,353.58213905962,110.7988393241
    ));
#87 = CARTESIAN_POINT('',(372.05847150757,352.93946213654,
    110.74893552247));
#88 = CARTESIAN_POINT('',(376.24564436291,354.26523477361,
    110.51501847321));
#89 = CARTESIAN_POINT('',(380.50353796332,352.96852756143,
    110.57330069138));
#90 = CARTESIAN_POINT('',(384.85798865987,352.25351617961,
    110.59302331997));
#91 = CARTESIAN_POINT('',(389.02722072527,350.73735051513,
    110.63781607724));
#92 = CARTESIAN_POINT('',(393.32393006004,350.02798938232,
    110.66321845724));
#93 = CARTESIAN_POINT('',(396.53994441614,352.10155162854,
    110.57554694883));
#94 = CARTESIAN_POINT('',(397.6403,349.30455815492,110.74412376616));
#95 = CARTESIAN_POINT('',(140.9618,354.36106096395,111.12952548955));
#96 = CARTESIAN_POINT('',(142.09540904743,354.35472840357,
    111.20435601967));
#97 = CARTESIAN_POINT('',(145.34352279277,355.18350219687,
    111.33658896226));
#98 = CARTESIAN_POINT('',(149.51920541273,356.01143894186,
    111.56671620671));
#99 = CARTESIAN_POINT('',(153.74675028087,355.40686332574,
    111.63139680415));
#100 = CARTESIAN_POINT('',(158.17058310233,354.96579971004,
    111.72428035392));
#101 = CARTESIAN_POINT('',(162.26698448152,355.96912528278,
    112.04493731318));
#102 = CARTESIAN_POINT('',(166.61873526807,356.89985265886,
    112.34165931094));
#103 = CARTESIAN_POINT('',(171.05025168138,356.8252338326,
    112.44195948102));
#104 = CARTESIAN_POINT('',(175.09238100893,360.14965057845,
    113.05579033432));
#105 = CARTESIAN_POINT('',(179.41643525083,361.7111422946,
    113.41699187566));
#106 = CARTESIAN_POINT('',(183.74465399728,361.69185165601,
    113.47638827342));
#107 = CARTESIAN_POINT('',(188.01748830499,361.96241592392,
    113.57850179908));
#108 = CARTESIAN_POINT('',(192.29804434258,362.05638832123,
    113.67162658015));
#109 = CARTESIAN_POINT('',(196.57544693057,362.14718193141,
    113.76723229258));
#110 = CARTESIAN_POINT('',(200.85359337877,362.17163983375,
    113.85951280453));
#111 = CARTESIAN_POINT('',(205.13313267918,362.12997676187,
    113.95291632952));
#112 = CARTESIAN_POINT('',(209.41029445154,362.03703595066,
    114.04401015639));
#113 = CARTESIAN_POINT('',(213.69566833045,361.87173471082,
    114.13393568685));
#114 = CARTESIAN_POINT('',(217.97323994091,361.66869009408,
    114.22551152654));
#115 = CARTESIAN_POINT('',(222.25201002744,361.43490735753,
    114.3428568633));
#116 = CARTESIAN_POINT('',(226.52878947893,361.1594363647,
    114.46193930294));
#117 = CARTESIAN_POINT('',(230.80631705996,360.86067358772,
    114.57650808608));
#118 = CARTESIAN_POINT('',(235.06961741834,360.62526756708,
    114.67090923379));
#119 = CARTESIAN_POINT('',(239.34364675972,360.32225343673,
    114.66685158907));
#120 = CARTESIAN_POINT('',(243.62590118763,359.94617698534,
    114.5095002213));
#121 = CARTESIAN_POINT('',(247.90145862716,359.45969061492,
    114.26424814932));
#122 = CARTESIAN_POINT('',(252.24748803221,359.0676829591,
    113.62732548074));
#123 = CARTESIAN_POINT('',(256.42226459116,357.10514815022,
    113.68140027265));
#124 = CARTESIAN_POINT('',(260.774587196,356.51787495391,113.42097293474
    ));
#125 = CARTESIAN_POINT('',(265.08553351846,355.26022586407,
    113.74233444588));
#126 = CARTESIAN_POINT('',(269.30435854157,353.1475474649,
    112.99400969725));
#127 = CARTESIAN_POINT('',(273.49463672784,351.07601277338,
    113.00608682831));
#128 = CARTESIAN_POINT('',(277.98553204283,350.35240079522,
    112.24258678913));
#129 = CARTESIAN_POINT('',(282.02098866206,348.37369637167,111.991345891
    ));
#130 = CARTESIAN_POINT('',(286.37785805657,347.17707706551,
    111.20800448191));
#131 = CARTESIAN_POINT('',(290.69560185407,347.28471479848,
    111.57504307265));
#132 = CARTESIAN_POINT('',(294.97762712103,347.38313827912,
    111.54651121648));
#133 = CARTESIAN_POINT('',(299.25829278307,347.79550151854,
    111.55789945693));
#134 = CARTESIAN_POINT('',(303.53281780748,348.30665421755,
    111.49445348845));
#135 = CARTESIAN_POINT('',(307.79563331651,348.86868386375,
    111.3825007373));
#136 = CARTESIAN_POINT('',(312.07349323989,349.26457025422,
    111.28433617176));
#137 = CARTESIAN_POINT('',(316.34983972698,349.6406624818,
    111.19729158106));
#138 = CARTESIAN_POINT('',(320.62873034613,349.90757451892,
    111.14921832143));
#139 = CARTESIAN_POINT('',(324.90645535717,350.19345911641,
    111.11340665783));
#140 = CARTESIAN_POINT('',(329.19177427478,350.18960887161,
    111.17269633655));
#141 = CARTESIAN_POINT('',(333.46902839726,350.30058306812,
    111.19961183864));
#142 = CARTESIAN_POINT('',(337.74832561117,350.31815540779,
    111.24824882735));
#143 = CARTESIAN_POINT('',(342.02697062847,350.31236538037,
    111.29128669678));
#144 = CARTESIAN_POINT('',(346.30391351544,350.3339620169,
    111.31724799265));
#145 = CARTESIAN_POINT('',(350.58496238288,350.35883116409,
    111.33354778326));
#146 = CARTESIAN_POINT('',(354.8577723004,350.48991077145,
    111.32758795902));
#147 = CARTESIAN_POINT('',(359.18388688825,350.25054802662,
    111.38300433412));
#148 = CARTESIAN_POINT('',(363.5052046971,350.99824161807,
    111.24056038967));
#149 = CARTESIAN_POINT('',(367.54865046447,352.58879743628,
    110.98750749795));
#150 = CARTESIAN_POINT('',(372.05847150757,351.95501261495,
    110.93262314173));
#151 = CARTESIAN_POINT('',(376.24564436291,353.43585683901,
    110.66576548197));
#152 = CARTESIAN_POINT('',(380.50353796332,352.32323209369,
    110.69308114923));
#153 = CARTESIAN_POINT('',(384.85798865987,351.64208319495,
    110.6797195558));
#154 = CARTESIAN_POINT('',(389.02722072527,350.18548828039,
    110.71300489226));
#155 = CARTESIAN_POINT('',(393.32393006004,349.63838555761,
    110.72436617343));
#156 = CARTESIAN_POINT('',(396.53994441614,351.70488359805,
    110.59895956667));
#157 = CARTESIAN_POINT('',(397.6403,348.93417542842,110.78928270455));
#158 = DEFINITIONAL_REPRESENTATION('',(#159),#163);
#159 = LINE('',#160,#161);
#160 = CARTESIAN_POINT('',(0.,0.));
#161 = VECTOR('',#162,1.);
#162 = DIRECTION('',(1.,0.));
#163 = ( GEOMETRIC_REPRESENTATION_CONTEXT(2) 
PARAMETRIC_REPRESENTATION_CONTEXT() REPRESENTATION_CONTEXT('2D SPACE',''
  ) );
#164 = PCURVE('',#165,#170);
#165 = PLANE('',#166);
#166 = AXIS2_PLACEMENT_3D('',#167,#168,#169);
#167 = CARTESIAN_POINT('',(140.9618,354.74605632105,111.14891855916));
#168 = DIRECTION('',(-1.,0.,0.));
#169 = DIRECTION('',(-0.,-0.991537879141,-0.129817696131));
#170 = DEFINITIONAL_REPRESENTATION('',(#171),#174);
#171 = B_SPLINE_CURVE_WITH_KNOTS('',1,(#172,#173),.UNSPECIFIED.,.F.,.F.,
  (2,2),(0.,1.),.PIECEWISE_BEZIER_KNOTS.);
#172 = CARTESIAN_POINT('',(0.,0.));
#173 = CARTESIAN_POINT('',(0.384255043468,3.075024716894E-02));
#174 = ( GEOMETRIC_REPRESENTATION_CONTEXT(2) 
PARAMETRIC_REPRESENTATION_CONTEXT() REPRESENTATION_CONTEXT('2D SPACE',''
  ) );
#175 = ORIENTED_EDGE('',*,*,#176,.T.);
#176 = EDGE_CURVE('',#24,#177,#179,.T.);
#177 = VERTEX_POINT('',#178);
#178 = CARTESIAN_POINT('',(397.6403,348.93417542842,110.78928270455));
#179 = SURFACE_CURVE('',#180,(#244,#251),.PCURVE_S1.);
#180 = ( BOUNDED_CURVE() B_SPLINE_CURVE(3,(#181,#182,#183,#184,#185,#186
    ,#187,#188,#189,#190,#191,#192,#193,#194,#195,#196,#197,#198,#199,
    #200,#201,#202,#203,#204,#205,#206,#207,#208,#209,#210,#211,#212,
    #213,#214,#215,#216,#217,#218,#219,#220,#221,#222,#223,#224,#225,
    #226,#227,#228,#229,#230,#231,#232,#233,#234,#235,#236,#237,#238,
    #239,#240,#241,#242,#243),.UNSPECIFIED.,.F.,.F.) 
B_SPLINE_CURVE_WITH_KNOTS((4,1,1,1,1,1,1,1,1,1,1,1,1,1,1,1,1,1,1,1,1,1,1
    ,1,1,1,1,1,1,1,1,1,1,1,1,1,1,1,1,1,1,1,1,1,1,1,1,1,1,1,1,1,1,1,1,1,1
    ,1,1,1,4),(0.,1.671834126768E-02,3.328707673398E-02,
    5.001744466419E-02,6.648650714478E-02,8.348892901119E-02,
    9.999486964001E-02,0.11646941087,0.133815549619,0.150618938677,
    0.167038735703,0.183454077407,0.199862498306,0.216272023155,
    0.232682039048,0.249094136,0.265517101832,0.28195250261,
    0.298446383618,0.315002877417,0.331625113939,0.348307612691,
    0.365035992875,0.381711213613,0.398301880653,0.414823418335,
    0.431326889702,0.448164125522,0.464772555536,0.481574851679,
    0.498833916597,0.516076325801,0.532869467448,0.550364700599,
    0.567182918644,0.58368017293,0.60020088702,0.616790522208,
    0.633466402799,0.650196996519,0.66688122827,0.683506031496,
    0.700063533111,0.716557401724,0.732992840875,0.749415744672,
    0.765827967007,0.78223726506,0.798647812608,0.815056815176,
    0.831475231221,0.84789937286,0.864694545606,0.881987572306,
    0.898456926779,0.91536479181,0.932301655256,0.949102498792,
0.966203962862,0.982810298735,1.),.UNSPECIFIED.) CURVE() 
GEOMETRIC_REPRESENTATION_ITEM() RATIONAL_B_SPLINE_CURVE((1.,
    1.000000000007,0.999999999997,1.000000000001,1.,1.,1.,1.,1.,1.,1.,1.
    ,1.,1.,1.,1.,1.,1.,1.,1.,1.,1.,1.,1.,1.,1.,1.,1.,1.,1.,1.,1.,1.,1.,
    1.,1.,1.,1.,1.,1.,1.,1.,1.,1.,1.,1.,1.,1.,1.,1.,1.,1.,1.,1.,1.,1.,1.
    ,1.,1.000000000001,0.999999999996,1.000000000014,0.999999999969,1.))
 REPRESENTATION_ITEM('') );
#181 = CARTESIAN_POINT('',(140.9618,354.36106096395,111.12952548955));
#182 = CARTESIAN_POINT('',(142.09540904743,354.35472840357,
    111.20435601967));
#183 = CARTESIAN_POINT('',(145.34352279277,355.18350219687,
    111.33658896226));
#184 = CARTESIAN_POINT('',(149.51920541273,356.01143894186,
    111.56671620671));
#185 = CARTESIAN_POINT('',(153.74675028087,355.40686332574,
    111.63139680415));
#186 = CARTESIAN_POINT('',(158.17058310233,354.96579971004,
    111.72428035392));
#187 = CARTESIAN_POINT('',(162.26698448152,355.96912528278,
    112.04493731318));
#188 = CARTESIAN_POINT('',(166.61873526807,356.89985265886,
    112.34165931094));
#189 = CARTESIAN_POINT('',(171.05025168138,356.8252338326,
    112.44195948102));
#190 = CARTESIAN_POINT('',(175.09238100893,360.14965057845,
    113.05579033432));
#191 = CARTESIAN_POINT('',(179.41643525083,361.7111422946,
    113.41699187566));
#192 = CARTESIAN_POINT('',(183.74465399728,361.69185165601,
    113.47638827342));
#193 = CARTESIAN_POINT('',(188.01748830499,361.96241592392,
    113.57850179908));
#194 = CARTESIAN_POINT('',(192.29804434258,362.05638832123,
    113.67162658015));
#195 = CARTESIAN_POINT('',(196.57544693057,362.14718193141,
    113.76723229258));
#196 = CARTESIAN_POINT('',(200.85359337877,362.17163983375,
    113.85951280453));
#197 = CARTESIAN_POINT('',(205.13313267918,362.12997676187,
    113.95291632952));
#198 = CARTESIAN_POINT('',(209.41029445154,362.03703595066,
    114.04401015639));
#199 = CARTESIAN_POINT('',(213.69566833045,361.87173471082,
    114.13393568685));
#200 = CARTESIAN_POINT('',(217.97323994091,361.66869009408,
    114.22551152654));
#201 = CARTESIAN_POINT('',(222.25201002744,361.43490735753,
    114.3428568633));
#202 = CARTESIAN_POINT('',(226.52878947893,361.1594363647,
    114.46193930294));
#203 = CARTESIAN_POINT('',(230.80631705996,360.86067358772,
    114.57650808608));
#204 = CARTESIAN_POINT('',(235.06961741834,360.62526756708,
    114.67090923379));
#205 = CARTESIAN_POINT('',(239.34364675972,360.32225343673,
    114.66685158907));
#206 = CARTESIAN_POINT('',(243.62590118763,359.94617698534,
    114.5095002213));
#207 = CARTESIAN_POINT('',(247.90145862716,359.45969061492,
    114.26424814932));
#208 = CARTESIAN_POINT('',(252.24748803221,359.0676829591,
    113.62732548074));
#209 = CARTESIAN_POINT('',(256.42226459116,357.10514815022,
    113.68140027265));
#210 = CARTESIAN_POINT('',(260.774587196,356.51787495391,113.42097293474
    ));
#211 = CARTESIAN_POINT('',(265.08553351846,355.26022586407,
    113.74233444588));
#212 = CARTESIAN_POINT('',(269.30435854157,353.1475474649,
    112.99400969725));
#213 = CARTESIAN_POINT('',(273.49463672784,351.07601277338,
    113.00608682831));
#214 = CARTESIAN_POINT('',(277.98553204283,350.35240079522,
    112.24258678913));
#215 = CARTESIAN_POINT('',(282.02098866206,348.37369637167,111.991345891
    ));
#216 = CARTESIAN_POINT('',(286.37785805657,347.17707706551,
    111.20800448191));
#217 = CARTESIAN_POINT('',(290.69560185407,347.28471479848,
    111.57504307265));
#218 = CARTESIAN_POINT('',(294.97762712103,347.38313827912,
    111.54651121648));
#219 = CARTESIAN_POINT('',(299.25829278307,347.79550151854,
    111.55789945693));
#220 = CARTESIAN_POINT('',(303.53281780748,348.30665421755,
    111.49445348845));
#221 = CARTESIAN_POINT('',(307.79563331651,348.86868386375,
    111.3825007373));
#222 = CARTESIAN_POINT('',(312.07349323989,349.26457025422,
    111.28433617176));
#223 = CARTESIAN_POINT('',(316.34983972698,349.6406624818,
    111.19729158106));
#224 = CARTESIAN_POINT('',(320.62873034613,349.90757451892,
    111.14921832143));
#225 = CARTESIAN_POINT('',(324.90645535717,350.19345911641,
    111.11340665783));
#226 = CARTESIAN_POINT('',(329.19177427478,350.18960887161,
    111.17269633655));
#227 = CARTESIAN_POINT('',(333.46902839726,350.30058306812,
    111.19961183864));
#228 = CARTESIAN_POINT('',(337.74832561117,350.31815540779,
    111.24824882735));
#229 = CARTESIAN_POINT('',(342.02697062847,350.31236538037,
    111.29128669678));
#230 = CARTESIAN_POINT('',(346.30391351544,350.3339620169,
    111.31724799265));
#231 = CARTESIAN_POINT('',(350.58496238288,350.35883116409,
    111.33354778326));
#232 = CARTESIAN_POINT('',(354.8577723004,350.48991077145,
    111.32758795902));
#233 = CARTESIAN_POINT('',(359.18388688825,350.25054802662,
    111.38300433412));
#234 = CARTESIAN_POINT('',(363.5052046971,350.99824161807,
    111.24056038967));
#235 = CARTESIAN_POINT('',(367.54865046447,352.58879743628,
    110.98750749795));
#236 = CARTESIAN_POINT('',(372.05847150757,351.95501261495,
    110.93262314173));
#237 = CARTESIAN_POINT('',(376.24564436291,353.43585683901,
    110.66576548197));
#238 = CARTESIAN_POINT('',(380.50353796332,352.32323209369,
    110.69308114923));
#239 = CARTESIAN_POINT('',(384.85798865987,351.64208319495,
    110.6797195558));
#240 = CARTESIAN_POINT('',(389.02722072527,350.18548828039,
    110.71300489226));
#241 = CARTESIAN_POINT('',(393.32393006004,349.63838555761,
    110.72436617343));
#242 = CARTESIAN_POINT('',(396.53994441614,351.70488359805,
    110.59895956667));
#243 = CARTESIAN_POINT('',(397.6403,348.93417542842,110.78928270455));
#244 = PCURVE('',#31,#245);
#245 = DEFINITIONAL_REPRESENTATION('',(#246),#250);
#246 = LINE('',#247,#248);
#247 = CARTESIAN_POINT('',(1.,0.));
#248 = VECTOR('',#249,1.);
#249 = DIRECTION('',(0.,1.));
#250 = ( GEOMETRIC_REPRESENTATION_CONTEXT(2) 
PARAMETRIC_REPRESENTATION_CONTEXT() REPRESENTATION_CONTEXT('2D SPACE',''
  ) );
#251 = PCURVE('',#252,#379);
#252 = ( BOUNDED_SURFACE() B_SPLINE_SURFACE(1,3,(
    (#253,#254,#255,#256,#257,#258,#259,#260,#261,#262,#263,#264,#265
      ,#266,#267,#268,#269,#270,#271,#272,#273,#274,#275,#276,#277,#278
      ,#279,#280,#281,#282,#283,#284,#285,#286,#287,#288,#289,#290,#291
      ,#292,#293,#294,#295,#296,#297,#298,#299,#300,#301,#302,#303,#304
      ,#305,#306,#307,#308,#309,#310,#311,#312,#313,#314,#315)
    ,(#316,#317,#318,#319,#320,#321,#322,#323,#324,#325,#326,#327,#328
      ,#329,#330,#331,#332,#333,#334,#335,#336,#337,#338,#339,#340,#341
      ,#342,#343,#344,#345,#346,#347,#348,#349,#350,#351,#352,#353,#354
      ,#355,#356,#357,#358,#359,#360,#361,#362,#363,#364,#365,#366,#367
      ,#368,#369,#370,#371,#372,#373,#374,#375,#376,#377,#378
)),.UNSPECIFIED.,.F.,.F.,.F.) B_SPLINE_SURFACE_WITH_KNOTS((2,2),(4,1,1,1
    ,1,1,1,1,1,1,1,1,1,1,1,1,1,1,1,1,1,1,1,1,1,1,1,1,1,1,1,1,1,1,1,1,1,1
    ,1,1,1,1,1,1,1,1,1,1,1,1,1,1,1,1,1,1,1,1,1,1,4),(1.,2.),(0.,
    1.671834126768E-02,3.328707673398E-02,5.001744466419E-02,
    6.648650714478E-02,8.348892901119E-02,9.999486964001E-02,
    0.11646941087,0.133815549619,0.150618938677,0.167038735703,
    0.183454077407,0.199862498306,0.216272023155,0.232682039048,
    0.249094136,0.265517101832,0.28195250261,0.298446383618,
    0.315002877417,0.331625113939,0.348307612691,0.365035992875,
    0.381711213613,0.398301880653,0.414823418335,0.431326889702,
    0.448164125522,0.464772555536,0.481574851679,0.498833916597,
    0.516076325801,0.532869467448,0.550364700599,0.567182918644,
    0.58368017293,0.60020088702,0.616790522208,0.633466402799,
    0.650196996519,0.66688122827,0.683506031496,0.700063533111,
    0.716557401724,0.732992840875,0.749415744672,0.765827967007,
    0.78223726506,0.798647812608,0.815056815176,0.831475231221,
    0.84789937286,0.864694545606,0.881987572306,0.898456926779,
    0.91536479181,0.932301655256,0.949102498792,0.966203962862,
0.982810298735,1.),.UNSPECIFIED.) GEOMETRIC_REPRESENTATION_ITEM() 
RATIONAL_B_SPLINE_SURFACE((
    (1.,1.000000000007,0.999999999997,1.000000000001,1.,1.,1.,1.,1.,1.
      ,1.,1.,1.,1.,1.,1.,1.,1.,1.,1.,1.,1.,1.,1.,1.,1.,1.,1.,1.,1.,1.,1.
      ,1.,1.,1.,1.,1.,1.,1.,1.,1.,1.,1.,1.,1.,1.,1.,1.,1.,1.,1.,1.,1.,1.
      ,1.,1.,1.,1.,1.000000000001,0.999999999996,1.000000000014
      ,0.999999999969,1.)
    ,(1.,1.000000000007,0.999999999997,1.000000000001,1.,1.,1.,1.,1.,1.
      ,1.,1.,1.,1.,1.,1.,1.,1.,1.,1.,1.,1.,1.,1.,1.,1.,1.,1.,1.,1.,1.,1.
      ,1.,1.,1.,1.,1.,1.,1.,1.,1.,1.,1.,1.,1.,1.,1.,1.,1.,1.,1.,1.,1.,1.
      ,1.,1.,1.,1.,1.000000000001,0.999999999996,1.000000000014
,0.999999999969,1.))) REPRESENTATION_ITEM('') SURFACE() );
#253 = CARTESIAN_POINT('',(140.9618,354.36106096395,111.12952548955));
#254 = CARTESIAN_POINT('',(142.09540904743,354.35472840357,
    111.20435601967));
#255 = CARTESIAN_POINT('',(145.34352279277,355.18350219687,
    111.33658896226));
#256 = CARTESIAN_POINT('',(149.51920541273,356.01143894186,
    111.56671620671));
#257 = CARTESIAN_POINT('',(153.74675028087,355.40686332574,
    111.63139680415));
#258 = CARTESIAN_POINT('',(158.17058310233,354.96579971004,
    111.72428035392));
#259 = CARTESIAN_POINT('',(162.26698448152,355.96912528278,
    112.04493731318));
#260 = CARTESIAN_POINT('',(166.61873526807,356.89985265886,
    112.34165931094));
#261 = CARTESIAN_POINT('',(171.05025168138,356.8252338326,
    112.44195948102));
#262 = CARTESIAN_POINT('',(175.09238100893,360.14965057845,
    113.05579033432));
#263 = CARTESIAN_POINT('',(179.41643525083,361.7111422946,
    113.41699187566));
#264 = CARTESIAN_POINT('',(183.74465399728,361.69185165601,
    113.47638827342));
#265 = CARTESIAN_POINT('',(188.01748830499,361.96241592392,
    113.57850179908));
#266 = CARTESIAN_POINT('',(192.29804434258,362.05638832123,
    113.67162658015));
#267 = CARTESIAN_POINT('',(196.57544693057,362.14718193141,
    113.76723229258));
#268 = CARTESIAN_POINT('',(200.85359337877,362.17163983375,
    113.85951280453));
#269 = CARTESIAN_POINT('',(205.13313267918,362.12997676187,
    113.95291632952));
#270 = CARTESIAN_POINT('',(209.41029445154,362.03703595066,
    114.04401015639));
#271 = CARTESIAN_POINT('',(213.69566833045,361.87173471082,
    114.13393568685));
#272 = CARTESIAN_POINT('',(217.97323994091,361.66869009408,
    114.22551152654));
#273 = CARTESIAN_POINT('',(222.25201002744,361.43490735753,
    114.3428568633));
#274 = CARTESIAN_POINT('',(226.52878947893,361.1594363647,
    114.46193930294));
#275 = CARTESIAN_POINT('',(230.80631705996,360.86067358772,
    114.57650808608));
#276 = CARTESIAN_POINT('',(235.06961741834,360.62526756708,
    114.67090923379));
#277 = CARTESIAN_POINT('',(239.34364675972,360.32225343673,
    114.66685158907));
#278 = CARTESIAN_POINT('',(243.62590118763,359.94617698534,
    114.5095002213));
#279 = CARTESIAN_POINT('',(247.90145862716,359.45969061492,
    114.26424814932));
#280 = CARTESIAN_POINT('',(252.24748803221,359.0676829591,
    113.62732548074));
#281 = CARTESIAN_POINT('',(256.42226459116,357.10514815022,
    113.68140027265));
#282 = CARTESIAN_POINT('',(260.774587196,356.51787495391,113.42097293474
    ));
#283 = CARTESIAN_POINT('',(265.08553351846,355.26022586407,
    113.74233444588));
#284 = CARTESIAN_POINT('',(269.30435854157,353.1475474649,
    112.99400969725));
#285 = CARTESIAN_POINT('',(273.49463672784,351.07601277338,
    113.00608682831));
#286 = CARTESIAN_POINT('',(277.98553204283,350.35240079522,
    112.24258678913));
#287 = CARTESIAN_POINT('',(282.02098866206,348.37369637167,111.991345891
    ));
#288 = CARTESIAN_POINT('',(286.37785805657,347.17707706551,
    111.20800448191));
#289 = CARTESIAN_POINT('',(290.69560185407,347.28471479848,
    111.57504307265));
#290 = CARTESIAN_POINT('',(294.97762712103,347.38313827912,
    111.54651121648));
#291 = CARTESIAN_POINT('',(299.25829278307,347.79550151854,
    111.55789945693));
#292 = CARTESIAN_POINT('',(303.53281780748,348.30665421755,
    111.49445348845));
#293 = CARTESIAN_POINT('',(307.79563331651,348.86868386375,
    111.3825007373));
#294 = CARTESIAN_POINT('',(312.07349323989,349.26457025422,
    111.28433617176));
#295 = CARTESIAN_POINT('',(316.34983972698,349.6406624818,
    111.19729158106));
#296 = CARTESIAN_POINT('',(320.62873034613,349.90757451892,
    111.14921832143));
#297 = CARTESIAN_POINT('',(324.90645535717,350.19345911641,
    111.11340665783));
#298 = CARTESIAN_POINT('',(329.19177427478,350.18960887161,
    111.17269633655));
#299 = CARTESIAN_POINT('',(333.46902839726,350.30058306812,
    111.19961183864));
#300 = CARTESIAN_POINT('',(337.74832561117,350.31815540779,
    111.24824882735));
#301 = CARTESIAN_POINT('',(342.02697062847,350.31236538037,
    111.29128669678));
#302 = CARTESIAN_POINT('',(346.30391351544,350.3339620169,
    111.31724799265));
#303 = CARTESIAN_POINT('',(350.58496238288,350.35883116409,
    111.33354778326));
#304 = CARTESIAN_POINT('',(354.8577723004,350.48991077145,
    111.32758795902));
#305 = CARTESIAN_POINT('',(359.18388688825,350.25054802662,
    111.38300433412));
#306 = CARTESIAN_POINT('',(363.5052046971,350.99824161807,
    111.24056038967));
#307 = CARTESIAN_POINT('',(367.54865046447,352.58879743628,
    110.98750749795));
#308 = CARTESIAN_POINT('',(372.05847150757,351.95501261495,
    110.93262314173));
#309 = CARTESIAN_POINT('',(376.24564436291,353.43585683901,
    110.66576548197));
#310 = CARTESIAN_POINT('',(380.50353796332,352.32323209369,
    110.69308114923));
#311 = CARTESIAN_POINT('',(384.85798865987,351.64208319495,
    110.6797195558));
#312 = CARTESIAN_POINT('',(389.02722072527,350.18548828039,
    110.71300489226));
#313 = CARTESIAN_POINT('',(393.32393006004,349.63838555761,
    110.72436617343));
#314 = CARTESIAN_POINT('',(396.53994441614,351.70488359805,
    110.59895956667));
#315 = CARTESIAN_POINT('',(397.6403,348.93417542842,110.78928270455));
#316 = CARTESIAN_POINT('',(140.9618,353.97615933139,111.09462450835));
#317 = CARTESIAN_POINT('',(142.09540904743,353.77101582961,
    111.20026949239));
#318 = CARTESIAN_POINT('',(145.34352279277,354.73577850709,
    111.27000743605));
#319 = CARTESIAN_POINT('',(149.51920541273,355.37733848164,
    111.49534903371));
#320 = CARTESIAN_POINT('',(153.74675028087,354.73094514353,
    111.59307936109));
#321 = CARTESIAN_POINT('',(158.17058310233,354.33466165032,
    111.68235054179));
#322 = CARTESIAN_POINT('',(162.26698448152,355.09775898928,
    111.97050227923));
#323 = CARTESIAN_POINT('',(166.61873526807,355.98420302718,
    112.2451446367));
#324 = CARTESIAN_POINT('',(171.05025168138,355.87319147189,
    112.34749921045));
#325 = CARTESIAN_POINT('',(175.09238100893,359.00172091495,
    112.87720619981));
#326 = CARTESIAN_POINT('',(179.41643525083,360.38186223433,
    113.21351016777));
#327 = CARTESIAN_POINT('',(183.74465399728,360.37165061154,
    113.26657459333));
#328 = CARTESIAN_POINT('',(188.01748830499,360.6042385558,
    113.36037338667));
#329 = CARTESIAN_POINT('',(192.29804434258,360.69338598802,
    113.46078742267));
#330 = CARTESIAN_POINT('',(196.57544693057,360.77061220153,
    113.55324622346));
#331 = CARTESIAN_POINT('',(200.85359337877,360.78232888858,
    113.63455994138));
#332 = CARTESIAN_POINT('',(205.13313267918,360.7747508354,
    113.69035877994));
#333 = CARTESIAN_POINT('',(209.41029445154,360.69777902122,
    113.77849887011));
#334 = CARTESIAN_POINT('',(213.69566833045,360.5607353322,
    113.83259549033));
#335 = CARTESIAN_POINT('',(217.97323994091,360.40576545538,
    113.92599691238));
#336 = CARTESIAN_POINT('',(222.25201002744,360.23569110391,
    114.04941039581));
#337 = CARTESIAN_POINT('',(226.52878947893,360.00048723617,
    114.20687818325));
#338 = CARTESIAN_POINT('',(230.80631705996,359.78001207106,
    114.32746518773));
#339 = CARTESIAN_POINT('',(235.06961741834,359.61460962086,
    114.45624966215));
#340 = CARTESIAN_POINT('',(239.34364675972,359.38804528233,
    114.48303965715));
#341 = CARTESIAN_POINT('',(243.62590118763,359.08844600765,
    114.34243373924));
#342 = CARTESIAN_POINT('',(247.90145862716,358.68880144018,
    114.16801776678));
#343 = CARTESIAN_POINT('',(252.24748803221,358.3276000509,
    113.51234501406));
#344 = CARTESIAN_POINT('',(256.42226459116,356.57768170442,
    113.81314705083));
#345 = CARTESIAN_POINT('',(260.774587196,356.12770169122,113.67207028165
    ));
#346 = CARTESIAN_POINT('',(265.08553351846,355.05293770754,
    114.22453213688));
#347 = CARTESIAN_POINT('',(269.30435854157,352.90749387917,
    113.44462714472));
#348 = CARTESIAN_POINT('',(273.49463672784,350.89164705377,
    113.59268447287));
#349 = CARTESIAN_POINT('',(277.98553204283,349.99610514141,
    112.68356152582));
#350 = CARTESIAN_POINT('',(282.02098866206,347.91005273493,
    112.42069172473));
#351 = CARTESIAN_POINT('',(286.37785805657,346.5205729437,
    111.52813708388));
#352 = CARTESIAN_POINT('',(290.69560185407,346.59643166194,
    111.97010733019));
#353 = CARTESIAN_POINT('',(294.97762712103,346.61089223447,
    111.96081208345));
#354 = CARTESIAN_POINT('',(299.25829278307,346.93922138321,
    111.97809839724));
#355 = CARTESIAN_POINT('',(303.53281780748,347.36805385401,
    111.92371422249));
#356 = CARTESIAN_POINT('',(307.79563331651,347.83866278799,
    111.79609176875));
#357 = CARTESIAN_POINT('',(312.07349323989,348.15770841275,
    111.69939962774));
#358 = CARTESIAN_POINT('',(316.34983972698,348.45592309878,
    111.59818315476));
#359 = CARTESIAN_POINT('',(320.62873034613,348.65933164129,
    111.54964357485));
#360 = CARTESIAN_POINT('',(324.90645535717,348.88364399481,
    111.48121554611));
#361 = CARTESIAN_POINT('',(329.19177427478,348.85170725049,
    111.52462215013));
#362 = CARTESIAN_POINT('',(333.46902839726,348.93773620749,
    111.53621192369));
#363 = CARTESIAN_POINT('',(337.74832561117,348.95004202378,
    111.5787179051));
#364 = CARTESIAN_POINT('',(342.02697062847,348.94094680842,
    111.59122623423));
#365 = CARTESIAN_POINT('',(346.30391351544,348.98408439535,
    111.61315906188));
#366 = CARTESIAN_POINT('',(350.58496238288,349.01105002022,
    111.6131009648));
#367 = CARTESIAN_POINT('',(354.8577723004,349.17727589884,
    111.58992905452));
#368 = CARTESIAN_POINT('',(359.18388688825,348.95382171299,
    111.62338021715));
#369 = CARTESIAN_POINT('',(363.5052046971,349.80535276566,
    111.46610685329));
#370 = CARTESIAN_POINT('',(367.54865046447,351.59383674357,
    111.16834834861));
#371 = CARTESIAN_POINT('',(372.05847150757,350.97059097729,
    111.11820867129));
#372 = CARTESIAN_POINT('',(376.24564436291,352.60610773773,
    110.81594973181));
#373 = CARTESIAN_POINT('',(380.50353796332,351.6770343168,
    110.81001998581));
#374 = CARTESIAN_POINT('',(384.85798865987,351.03222625987,
    110.77490109729));
#375 = CARTESIAN_POINT('',(389.02722072527,349.63525164458,
    110.79721780104));
#376 = CARTESIAN_POINT('',(393.32393006004,349.24773647089,
    110.78106499485));
#377 = CARTESIAN_POINT('',(396.53994441614,351.3093743436,
    110.62542328795));
#378 = CARTESIAN_POINT('',(397.6403,348.56363789308,110.83348002756));
#379 = DEFINITIONAL_REPRESENTATION('',(#380),#384);
#380 = LINE('',#381,#382);
#381 = CARTESIAN_POINT('',(1.,0.));
#382 = VECTOR('',#383,1.);
#383 = DIRECTION('',(0.,1.));
#384 = ( GEOMETRIC_REPRESENTATION_CONTEXT(2) 
PARAMETRIC_REPRESENTATION_CONTEXT() REPRESENTATION_CONTEXT('2D SPACE',''
  ) );
#385 = ORIENTED_EDGE('',*,*,#386,.F.);
#386 = EDGE_CURVE('',#387,#177,#389,.T.);
#387 = VERTEX_POINT('',#388);
#388 = CARTESIAN_POINT('',(397.6403,349.30455815492,110.74412376616));
#389 = SURFACE_CURVE('',#390,(#393,#400),.PCURVE_S1.);
#390 = B_SPLINE_CURVE_WITH_KNOTS('',1,(#391,#392),.UNSPECIFIED.,.F.,.F.,
  (2,2),(0.,1.),.PIECEWISE_BEZIER_KNOTS.);
#391 = CARTESIAN_POINT('',(397.6403,349.30455815492,110.74412376616));
#392 = CARTESIAN_POINT('',(397.6403,348.93417542842,110.78928270455));
#393 = PCURVE('',#31,#394);
#394 = DEFINITIONAL_REPRESENTATION('',(#395),#399);
#395 = LINE('',#396,#397);
#396 = CARTESIAN_POINT('',(0.,1.));
#397 = VECTOR('',#398,1.);
#398 = DIRECTION('',(1.,0.));
#399 = ( GEOMETRIC_REPRESENTATION_CONTEXT(2) 
PARAMETRIC_REPRESENTATION_CONTEXT() REPRESENTATION_CONTEXT('2D SPACE',''
  ) );
#400 = PCURVE('',#401,#406);
#401 = PLANE('',#402);
#402 = AXIS2_PLACEMENT_3D('',#403,#404,#405);
#403 = CARTESIAN_POINT('',(397.6403,349.30455815492,110.74412376616));
#404 = DIRECTION('',(1.,0.,0.));
#405 = DIRECTION('',(0.,-0.994516297462,0.104581710073));
#406 = DEFINITIONAL_REPRESENTATION('',(#407),#410);
#407 = B_SPLINE_CURVE_WITH_KNOTS('',1,(#408,#409),.UNSPECIFIED.,.F.,.F.,
  (2,2),(0.,1.),.PIECEWISE_BEZIER_KNOTS.);
#408 = CARTESIAN_POINT('',(0.,0.));
#409 = CARTESIAN_POINT('',(0.373074456799,-6.176041288114E-03));
#410 = ( GEOMETRIC_REPRESENTATION_CONTEXT(2) 
PARAMETRIC_REPRESENTATION_CONTEXT() REPRESENTATION_CONTEXT('2D SPACE',''
  ) );
#411 = ORIENTED_EDGE('',*,*,#412,.F.);
#412 = EDGE_CURVE('',#22,#387,#413,.T.);
#413 = SURFACE_CURVE('',#414,(#478,#485),.PCURVE_S1.);
#414 = ( BOUNDED_CURVE() B_SPLINE_CURVE(3,(#415,#416,#417,#418,#419,#420
    ,#421,#422,#423,#424,#425,#426,#427,#428,#429,#430,#431,#432,#433,
    #434,#435,#436,#437,#438,#439,#440,#441,#442,#443,#444,#445,#446,
    #447,#448,#449,#450,#451,#452,#453,#454,#455,#456,#457,#458,#459,
    #460,#461,#462,#463,#464,#465,#466,#467,#468,#469,#470,#471,#472,
    #473,#474,#475,#476,#477),.UNSPECIFIED.,.F.,.F.) 
B_SPLINE_CURVE_WITH_KNOTS((4,1,1,1,1,1,1,1,1,1,1,1,1,1,1,1,1,1,1,1,1,1,1
    ,1,1,1,1,1,1,1,1,1,1,1,1,1,1,1,1,1,1,1,1,1,1,1,1,1,1,1,1,1,1,1,1,1,1
    ,1,1,1,4),(0.,1.671834126768E-02,3.328707673398E-02,
    5.001744466419E-02,6.648650714478E-02,8.348892901119E-02,
    9.999486964001E-02,0.11646941087,0.133815549619,0.150618938677,
    0.167038735703,0.183454077407,0.199862498306,0.216272023155,
    0.232682039048,0.249094136,0.265517101832,0.28195250261,
    0.298446383618,0.315002877417,0.331625113939,0.348307612691,
    0.365035992875,0.381711213613,0.398301880653,0.414823418335,
    0.431326889702,0.448164125522,0.464772555536,0.481574851679,
    0.498833916597,0.516076325801,0.532869467448,0.550364700599,
    0.567182918644,0.58368017293,0.60020088702,0.616790522208,
    0.633466402799,0.650196996519,0.66688122827,0.683506031496,
    0.700063533111,0.716557401724,0.732992840875,0.749415744672,
    0.765827967007,0.78223726506,0.798647812608,0.815056815176,
    0.831475231221,0.84789937286,0.864694545606,0.881987572306,
    0.898456926779,0.91536479181,0.932301655256,0.949102498792,
0.966203962862,0.982810298735,1.),.UNSPECIFIED.) CURVE() 
GEOMETRIC_REPRESENTATION_ITEM() RATIONAL_B_SPLINE_CURVE((1.,
    1.000000000007,0.999999999997,1.000000000001,1.,1.,1.,1.,1.,1.,1.,1.
    ,1.,1.,1.,1.,1.,1.,1.,1.,1.,1.,1.,1.,1.,1.,1.,1.,1.,1.,1.,1.,1.,1.,
    1.,1.,1.,1.,1.,1.,1.,1.,1.,1.,1.,1.,1.,1.,1.,1.,1.,1.,1.,1.,1.,1.,1.
    ,1.,1.000000000001,0.999999999996,1.000000000014,0.999999999969,1.))
 REPRESENTATION_ITEM('') );
#415 = CARTESIAN_POINT('',(140.9618,354.74605632105,111.14891855916));
#416 = CARTESIAN_POINT('',(142.09540904743,354.93792319209,
    111.18937338868));
#417 = CARTESIAN_POINT('',(145.34352279277,355.63230884493,
    111.38528205067));
#418 = CARTESIAN_POINT('',(149.51920541273,356.64685010771,
    111.61321786693));
#419 = CARTESIAN_POINT('',(153.74675028087,356.08395727866,
    111.64031704779));
#420 = CARTESIAN_POINT('',(158.17058310233,355.59812022345,
    111.74038181795));
#421 = CARTESIAN_POINT('',(162.26698448152,356.84089080004,
    112.09656090925));
#422 = CARTESIAN_POINT('',(166.61873526807,357.81631042061,
    112.38800856021));
#423 = CARTESIAN_POINT('',(171.05025168138,357.77813463703,
    112.48856568494));
#424 = CARTESIAN_POINT('',(175.09238100893,361.30125676931,
    113.16357951284));
#425 = CARTESIAN_POINT('',(179.41643525083,363.04579655624,
    113.53087133597));
#426 = CARTESIAN_POINT('',(183.74465399728,363.01495056879,
    113.58321095812));
#427 = CARTESIAN_POINT('',(188.01748830499,363.32656029984,
    113.69777944727));
#428 = CARTESIAN_POINT('',(192.29804434258,363.41900481363,
    113.78469962707));
#429 = CARTESIAN_POINT('',(196.57544693057,363.52092123256,
    113.88784327923));
#430 = CARTESIAN_POINT('',(200.85359337877,363.54486816894,
    113.99119459132));
#431 = CARTESIAN_POINT('',(205.13313267918,363.50296105047,
    114.0959887557));
#432 = CARTESIAN_POINT('',(209.41029445154,363.38993845389,
    114.19646222267));
#433 = CARTESIAN_POINT('',(213.69566833045,363.19025292794,
    114.26130121837));
#434 = CARTESIAN_POINT('',(217.97323994091,362.93896807504,
    114.3382038238));
#435 = CARTESIAN_POINT('',(222.25201002744,362.6268148959,
    114.38283018209));
#436 = CARTESIAN_POINT('',(226.52878947893,362.278958352,114.4579751257)
  );
#437 = CARTESIAN_POINT('',(230.80631705996,361.89359222249,
    114.50253813078));
#438 = CARTESIAN_POINT('',(235.06961741834,361.55883691151,
    114.51911490913));
#439 = CARTESIAN_POINT('',(239.34364675972,361.12216299313,
    114.4063343896));
#440 = CARTESIAN_POINT('',(243.62590118763,360.6696902956,
    114.23109322394));
#441 = CARTESIAN_POINT('',(247.90145862716,360.03566774639,
    113.87107769809));
#442 = CARTESIAN_POINT('',(252.24748803221,359.63178674708,
    113.32923030519));
#443 = CARTESIAN_POINT('',(256.42226459116,357.4941038617,
    113.24916773224));
#444 = CARTESIAN_POINT('',(260.774587196,356.82818655314,112.98341730863
    ));
#445 = CARTESIAN_POINT('',(265.08553351846,355.41365473815,
    113.15873459135));
#446 = CARTESIAN_POINT('',(269.30435854157,353.39567093337,
    112.53447453633));
#447 = CARTESIAN_POINT('',(273.49463672784,351.25023078258,
    112.40638776573));
#448 = CARTESIAN_POINT('',(277.98553204283,350.70632834142,
    111.79446696012));
#449 = CARTESIAN_POINT('',(282.02098866206,348.83362572324,
    111.55418936008));
#450 = CARTESIAN_POINT('',(286.37785805657,347.82613294142,
    110.87463929205));
#451 = CARTESIAN_POINT('',(290.69560185407,347.95239953717,
    111.14270801599));
#452 = CARTESIAN_POINT('',(294.97762712103,348.14486654034,
    111.11216712087));
#453 = CARTESIAN_POINT('',(299.25829278307,348.63539790219,
    111.1070755363));
#454 = CARTESIAN_POINT('',(303.53281780748,349.23478365024,
    111.05012098585));
#455 = CARTESIAN_POINT('',(307.79563331651,349.89030542251,
    110.95359129534));
#456 = CARTESIAN_POINT('',(312.07349323989,350.3755677307,110.8777400968
    ));
#457 = CARTESIAN_POINT('',(316.34983972698,350.82485295294,
    110.79234600139));
#458 = CARTESIAN_POINT('',(320.62873034613,351.15721359068,
    110.75132853376));
#459 = CARTESIAN_POINT('',(324.90645535717,351.49652348935,
    110.72230294314));
#460 = CARTESIAN_POINT('',(329.19177427478,351.5220951276,
    110.80019022322));
#461 = CARTESIAN_POINT('',(333.46902839726,351.65905048218,
    110.8465211348));
#462 = CARTESIAN_POINT('',(337.74832561117,351.68566958881,
    110.91544629037));
#463 = CARTESIAN_POINT('',(342.02697062847,351.68025809463,
    110.97634538588));
#464 = CARTESIAN_POINT('',(346.30391351544,351.68263506133,
    111.01517259612));
#465 = CARTESIAN_POINT('',(350.58496238288,351.7062280539,
    111.05166976385));
#466 = CARTESIAN_POINT('',(354.8577723004,351.80151827306,
    111.06021066352));
#467 = CARTESIAN_POINT('',(359.18388688825,351.54590864944,
    111.13609117151));
#468 = CARTESIAN_POINT('',(363.5052046971,352.18879227699,
    111.00402508276));
#469 = CARTESIAN_POINT('',(367.54865046447,353.58213905962,
    110.7988393241));
#470 = CARTESIAN_POINT('',(372.05847150757,352.93946213654,
    110.74893552247));
#471 = CARTESIAN_POINT('',(376.24564436291,354.26523477361,
    110.51501847321));
#472 = CARTESIAN_POINT('',(380.50353796332,352.96852756143,
    110.57330069138));
#473 = CARTESIAN_POINT('',(384.85798865987,352.25351617961,
    110.59302331997));
#474 = CARTESIAN_POINT('',(389.02722072527,350.73735051513,
    110.63781607724));
#475 = CARTESIAN_POINT('',(393.32393006004,350.02798938232,
    110.66321845724));
#476 = CARTESIAN_POINT('',(396.53994441614,352.10155162854,
    110.57554694883));
#477 = CARTESIAN_POINT('',(397.6403,349.30455815492,110.74412376616));
#478 = PCURVE('',#31,#479);
#479 = DEFINITIONAL_REPRESENTATION('',(#480),#484);
#480 = LINE('',#481,#482);
#481 = CARTESIAN_POINT('',(0.,0.));
#482 = VECTOR('',#483,1.);
#483 = DIRECTION('',(0.,1.));
#484 = ( GEOMETRIC_REPRESENTATION_CONTEXT(2) 
PARAMETRIC_REPRESENTATION_CONTEXT() REPRESENTATION_CONTEXT('2D SPACE',''
  ) );
#485 = PCURVE('',#486,#613);
#486 = ( BOUNDED_SURFACE() B_SPLINE_SURFACE(1,3,(
    (#487,#488,#489,#490,#491,#492,#493,#494,#495,#496,#497,#498,#499
      ,#500,#501,#502,#503,#504,#505,#506,#507,#508,#509,#510,#511,#512
      ,#513,#514,#515,#516,#517,#518,#519,#520,#521,#522,#523,#524,#525
      ,#526,#527,#528,#529,#530,#531,#532,#533,#534,#535,#536,#537,#538
      ,#539,#540,#541,#542,#543,#544,#545,#546,#547,#548,#549)
    ,(#550,#551,#552,#553,#554,#555,#556,#557,#558,#559,#560,#561,#562
      ,#563,#564,#565,#566,#567,#568,#569,#570,#571,#572,#573,#574,#575
      ,#576,#577,#578,#579,#580,#581,#582,#583,#584,#585,#586,#587,#588
      ,#589,#590,#591,#592,#593,#594,#595,#596,#597,#598,#599,#600,#601
      ,#602,#603,#604,#605,#606,#607,#608,#609,#610,#611,#612
)),.UNSPECIFIED.,.F.,.F.,.F.) B_SPLINE_SURFACE_WITH_KNOTS((2,2),(4,1,1,1
    ,1,1,1,1,1,1,1,1,1,1,1,1,1,1,1,1,1,1,1,1,1,1,1,1,1,1,1,1,1,1,1,1,1,1
    ,1,1,1,1,1,1,1,1,1,1,1,1,1,1,1,1,1,1,1,1,1,1,4),(39.,40.),(0.,
    1.671834126768E-02,3.328707673398E-02,5.001744466419E-02,
    6.648650714478E-02,8.348892901119E-02,9.999486964001E-02,
    0.11646941087,0.133815549619,0.150618938677,0.167038735703,
    0.183454077407,0.199862498306,0.216272023155,0.232682039048,
    0.249094136,0.265517101832,0.28195250261,0.298446383618,
    0.315002877417,0.331625113939,0.348307612691,0.365035992875,
    0.381711213613,0.398301880653,0.414823418335,0.431326889702,
    0.448164125522,0.464772555536,0.481574851679,0.498833916597,
    0.516076325801,0.532869467448,0.550364700599,0.567182918644,
    0.58368017293,0.60020088702,0.616790522208,0.633466402799,
    0.650196996519,0.66688122827,0.683506031496,0.700063533111,
    0.716557401724,0.732992840875,0.749415744672,0.765827967007,
    0.78223726506,0.798647812608,0.815056815176,0.831475231221,
    0.84789937286,0.864694545606,0.881987572306,0.898456926779,
    0.91536479181,0.932301655256,0.949102498792,0.966203962862,
0.982810298735,1.),.UNSPECIFIED.) GEOMETRIC_REPRESENTATION_ITEM() 
RATIONAL_B_SPLINE_SURFACE((
    (1.,1.000000000007,0.999999999997,1.000000000001,1.,1.,1.,1.,1.,1.
      ,1.,1.,1.,1.,1.,1.,1.,1.,1.,1.,1.,1.,1.,1.,1.,1.,1.,1.,1.,1.,1.,1.
      ,1.,1.,1.,1.,1.,1.,1.,1.,1.,1.,1.,1.,1.,1.,1.,1.,1.,1.,1.,1.,1.,1.
      ,1.,1.,1.,1.,1.000000000001,0.999999999996,1.000000000014
      ,0.999999999969,1.)
    ,(1.,1.000000000007,0.999999999997,1.000000000001,1.,1.,1.,1.,1.,1.
      ,1.,1.,1.,1.,1.,1.,1.,1.,1.,1.,1.,1.,1.,1.,1.,1.,1.,1.,1.,1.,1.,1.
      ,1.,1.,1.,1.,1.,1.,1.,1.,1.,1.,1.,1.,1.,1.,1.,1.,1.,1.,1.,1.,1.,1.
      ,1.,1.,1.,1.,1.000000000001,0.999999999996,1.000000000014
,0.999999999969,1.))) REPRESENTATION_ITEM('') SURFACE() );
#487 = CARTESIAN_POINT('',(140.9618,354.36280862502,111.09869928495));
#488 = CARTESIAN_POINT('',(142.09540904743,354.35106823097,
    111.14074236717));
#489 = CARTESIAN_POINT('',(145.34352279277,355.18924659547,
    111.30803811868));
#490 = CARTESIAN_POINT('',(149.51920541273,356.01558020497,
    111.52392362516));
#491 = CARTESIAN_POINT('',(153.74675028087,355.40968086259,
    111.54267447725));
#492 = CARTESIAN_POINT('',(158.17058310233,354.97088514307,
    111.63089826366));
#493 = CARTESIAN_POINT('',(162.26698448152,355.97022638947,
    111.99803762059));
#494 = CARTESIAN_POINT('',(166.61873526807,356.89808024946,
    112.33647058685));
#495 = CARTESIAN_POINT('',(171.05025168138,356.82049646419,
    112.50644477302));
#496 = CARTESIAN_POINT('',(175.09238100893,360.14593319925,
    113.18857436973));
#497 = CARTESIAN_POINT('',(179.41643525083,361.70308129676,
    113.59002985038));
#498 = CARTESIAN_POINT('',(183.74465399728,361.68121407712,
    113.64066529209));
#499 = CARTESIAN_POINT('',(188.01748830499,361.95349372859,
    113.72869495044));
#500 = CARTESIAN_POINT('',(192.29804434258,362.04008876067,
    113.77468187322));
#501 = CARTESIAN_POINT('',(196.57544693057,362.12880540312,
    113.84385405447));
#502 = CARTESIAN_POINT('',(200.85359337877,362.14717372084,
    113.90943574011));
#503 = CARTESIAN_POINT('',(205.13313267918,362.11411312087,
    113.95516769872));
#504 = CARTESIAN_POINT('',(209.41029445154,362.03630367182,
    113.98292209077));
#505 = CARTESIAN_POINT('',(213.69566833045,361.86552475158,
    113.98343260889));
#506 = CARTESIAN_POINT('',(217.97323994091,361.70452162427,113.954267732
    ));
#507 = CARTESIAN_POINT('',(222.25201002744,361.48467610011,
    113.90101884103));
#508 = CARTESIAN_POINT('',(226.52878947893,361.30199339552,
    113.85885610858));
#509 = CARTESIAN_POINT('',(230.80631705996,361.07071411545,
    113.82687202143));
#510 = CARTESIAN_POINT('',(235.06961741834,360.91083052215,
    113.75650538214));
#511 = CARTESIAN_POINT('',(239.34364675972,360.6174270859,
    113.62884120043));
#512 = CARTESIAN_POINT('',(243.62590118763,360.32606861818,
    113.45023704249));
#513 = CARTESIAN_POINT('',(247.90145862716,359.73129548049,
    113.13225972548));
#514 = CARTESIAN_POINT('',(252.24748803221,359.5036545668,
    112.67879353881));
#515 = CARTESIAN_POINT('',(256.42226459116,357.40886828861,
    112.5772597235));
#516 = CARTESIAN_POINT('',(260.774587196,356.80976067683,112.35609529343
    ));
#517 = CARTESIAN_POINT('',(265.08553351846,355.38044057472,
    112.46836028162));
#518 = CARTESIAN_POINT('',(269.30435854157,353.5735205439,
    111.97102967062));
#519 = CARTESIAN_POINT('',(273.49463672784,351.44392515091,
    111.83543905484));
#520 = CARTESIAN_POINT('',(277.98553204283,351.04738424961,
    111.32655515701));
#521 = CARTESIAN_POINT('',(282.02098866206,349.28114463109,
    111.09840978155));
#522 = CARTESIAN_POINT('',(286.37785805657,348.46094462048,
    110.51978734496));
#523 = CARTESIAN_POINT('',(290.69560185407,348.60276325071,
    110.68423480836));
#524 = CARTESIAN_POINT('',(294.97762712103,348.88853517849,
    110.65060637085));
#525 = CARTESIAN_POINT('',(299.25829278307,349.46508729475,
    110.64085793449));
#526 = CARTESIAN_POINT('',(303.53281780748,350.15741089783,
    110.59475857271));
#527 = CARTESIAN_POINT('',(307.79563331651,350.90882330927,
    110.52103745821));
#528 = CARTESIAN_POINT('',(312.07349323989,351.48613159743,
    110.46948345555));
#529 = CARTESIAN_POINT('',(316.34983972698,352.00921714796,
    110.38935149602));
#530 = CARTESIAN_POINT('',(320.62873034613,352.40800235578,
    110.35739537906));
#531 = CARTESIAN_POINT('',(324.90645535717,352.8010898935,
    110.33496251095));
#532 = CARTESIAN_POINT('',(329.19177427478,352.85426604205,
    110.42675414461));
#533 = CARTESIAN_POINT('',(333.46902839726,353.01586299727,
    110.48527158129));
#534 = CARTESIAN_POINT('',(337.74832561117,353.05048879139,
    110.57171191079));
#535 = CARTESIAN_POINT('',(342.02697062847,353.04534955472,
    110.64965024143));
#536 = CARTESIAN_POINT('',(346.30391351544,353.02991283509,
    110.70718287295));
#537 = CARTESIAN_POINT('',(350.58496238288,353.05091222229,
    110.75777227789));
#538 = CARTESIAN_POINT('',(354.8577723004,353.11300583406,
    110.79180042102));
#539 = CARTESIAN_POINT('',(359.18388688825,352.8406443104,
    110.88600281048));
#540 = CARTESIAN_POINT('',(363.5052046971,353.37892067495,
    110.76522528055));
#541 = CARTESIAN_POINT('',(367.54865046447,354.57476199115,
    110.60644238407));
#542 = CARTESIAN_POINT('',(372.05847150757,353.92394404147,
    110.56537457005));
#543 = CARTESIAN_POINT('',(376.24564436291,355.09447555194,
    110.36344412759));
#544 = CARTESIAN_POINT('',(380.50353796332,353.61433875177,
    110.45669977038));
#545 = CARTESIAN_POINT('',(384.85798865987,352.86302613319,
    110.49445316219));
#546 = CARTESIAN_POINT('',(389.02722072527,351.28758785249,
    110.55259054809));
#547 = CARTESIAN_POINT('',(393.32393006004,350.41721564745,
    110.59973855715));
#548 = CARTESIAN_POINT('',(396.53994441614,352.4927317189,
    110.51823997424));
#549 = CARTESIAN_POINT('',(397.6403,349.67250661751,110.68392994117));
#550 = CARTESIAN_POINT('',(140.9618,354.74605632105,111.14891855916));
#551 = CARTESIAN_POINT('',(142.09540904743,354.93792319209,
    111.18937338868));
#552 = CARTESIAN_POINT('',(145.34352279277,355.63230884493,
    111.38528205067));
#553 = CARTESIAN_POINT('',(149.51920541273,356.64685010771,
    111.61321786693));
#554 = CARTESIAN_POINT('',(153.74675028087,356.08395727866,
    111.64031704779));
#555 = CARTESIAN_POINT('',(158.17058310233,355.59812022345,
    111.74038181795));
#556 = CARTESIAN_POINT('',(162.26698448152,356.84089080004,
    112.09656090925));
#557 = CARTESIAN_POINT('',(166.61873526807,357.81631042061,
    112.38800856021));
#558 = CARTESIAN_POINT('',(171.05025168138,357.77813463703,
    112.48856568494));
#559 = CARTESIAN_POINT('',(175.09238100893,361.30125676931,
    113.16357951284));
#560 = CARTESIAN_POINT('',(179.41643525083,363.04579655624,
    113.53087133597));
#561 = CARTESIAN_POINT('',(183.74465399728,363.01495056879,
    113.58321095812));
#562 = CARTESIAN_POINT('',(188.01748830499,363.32656029984,
    113.69777944727));
#563 = CARTESIAN_POINT('',(192.29804434258,363.41900481363,
    113.78469962707));
#564 = CARTESIAN_POINT('',(196.57544693057,363.52092123256,
    113.88784327923));
#565 = CARTESIAN_POINT('',(200.85359337877,363.54486816894,
    113.99119459132));
#566 = CARTESIAN_POINT('',(205.13313267918,363.50296105047,
    114.0959887557));
#567 = CARTESIAN_POINT('',(209.41029445154,363.38993845389,
    114.19646222267));
#568 = CARTESIAN_POINT('',(213.69566833045,363.19025292794,
    114.26130121837));
#569 = CARTESIAN_POINT('',(217.97323994091,362.93896807504,
    114.3382038238));
#570 = CARTESIAN_POINT('',(222.25201002744,362.6268148959,
    114.38283018209));
#571 = CARTESIAN_POINT('',(226.52878947893,362.278958352,114.4579751257)
  );
#572 = CARTESIAN_POINT('',(230.80631705996,361.89359222249,
    114.50253813078));
#573 = CARTESIAN_POINT('',(235.06961741834,361.55883691151,
    114.51911490913));
#574 = CARTESIAN_POINT('',(239.34364675972,361.12216299313,
    114.4063343896));
#575 = CARTESIAN_POINT('',(243.62590118763,360.6696902956,
    114.23109322394));
#576 = CARTESIAN_POINT('',(247.90145862716,360.03566774639,
    113.87107769809));
#577 = CARTESIAN_POINT('',(252.24748803221,359.63178674708,
    113.32923030519));
#578 = CARTESIAN_POINT('',(256.42226459116,357.4941038617,
    113.24916773224));
#579 = CARTESIAN_POINT('',(260.774587196,356.82818655314,112.98341730863
    ));
#580 = CARTESIAN_POINT('',(265.08553351846,355.41365473815,
    113.15873459135));
#581 = CARTESIAN_POINT('',(269.30435854157,353.39567093337,
    112.53447453633));
#582 = CARTESIAN_POINT('',(273.49463672784,351.25023078258,
    112.40638776573));
#583 = CARTESIAN_POINT('',(277.98553204283,350.70632834142,
    111.79446696012));
#584 = CARTESIAN_POINT('',(282.02098866206,348.83362572324,
    111.55418936008));
#585 = CARTESIAN_POINT('',(286.37785805657,347.82613294142,
    110.87463929205));
#586 = CARTESIAN_POINT('',(290.69560185407,347.95239953717,
    111.14270801599));
#587 = CARTESIAN_POINT('',(294.97762712103,348.14486654034,
    111.11216712087));
#588 = CARTESIAN_POINT('',(299.25829278307,348.63539790219,
    111.1070755363));
#589 = CARTESIAN_POINT('',(303.53281780748,349.23478365024,
    111.05012098585));
#590 = CARTESIAN_POINT('',(307.79563331651,349.89030542251,
    110.95359129534));
#591 = CARTESIAN_POINT('',(312.07349323989,350.3755677307,110.8777400968
    ));
#592 = CARTESIAN_POINT('',(316.34983972698,350.82485295294,
    110.79234600139));
#593 = CARTESIAN_POINT('',(320.62873034613,351.15721359068,
    110.75132853376));
#594 = CARTESIAN_POINT('',(324.90645535717,351.49652348935,
    110.72230294314));
#595 = CARTESIAN_POINT('',(329.19177427478,351.5220951276,
    110.80019022322));
#596 = CARTESIAN_POINT('',(333.46902839726,351.65905048218,
    110.8465211348));
#597 = CARTESIAN_POINT('',(337.74832561117,351.68566958881,
    110.91544629037));
#598 = CARTESIAN_POINT('',(342.02697062847,351.68025809463,
    110.97634538588));
#599 = CARTESIAN_POINT('',(346.30391351544,351.68263506133,
    111.01517259612));
#600 = CARTESIAN_POINT('',(350.58496238288,351.7062280539,
    111.05166976385));
#601 = CARTESIAN_POINT('',(354.8577723004,351.80151827306,
    111.06021066352));
#602 = CARTESIAN_POINT('',(359.18388688825,351.54590864944,
    111.13609117151));
#603 = CARTESIAN_POINT('',(363.5052046971,352.18879227699,
    111.00402508276));
#604 = CARTESIAN_POINT('',(367.54865046447,353.58213905962,
    110.7988393241));
#605 = CARTESIAN_POINT('',(372.05847150757,352.93946213654,
    110.74893552247));
#606 = CARTESIAN_POINT('',(376.24564436291,354.26523477361,
    110.51501847321));
#607 = CARTESIAN_POINT('',(380.50353796332,352.96852756143,
    110.57330069138));
#608 = CARTESIAN_POINT('',(384.85798865987,352.25351617961,
    110.59302331997));
#609 = CARTESIAN_POINT('',(389.02722072527,350.73735051513,
    110.63781607724));
#610 = CARTESIAN_POINT('',(393.32393006004,350.02798938232,
    110.66321845724));
#611 = CARTESIAN_POINT('',(396.53994441614,352.10155162854,
    110.57554694883));
#612 = CARTESIAN_POINT('',(397.6403,349.30455815492,110.74412376616));
#613 = DEFINITIONAL_REPRESENTATION('',(#614),#618);
#614 = LINE('',#615,#616);
#615 = CARTESIAN_POINT('',(40.,0.));
#616 = VECTOR('',#617,1.);
#617 = DIRECTION('',(0.,1.));
#618 = ( GEOMETRIC_REPRESENTATION_CONTEXT(2) 
PARAMETRIC_REPRESENTATION_CONTEXT() REPRESENTATION_CONTEXT('2D SPACE',''
  ) );
#619 = ADVANCED_FACE('',(#620),#252,.T.);
#620 = FACE_BOUND('',#621,.T.);
#621 = EDGE_LOOP('',(#622,#643,#853,#872));
#622 = ORIENTED_EDGE('',*,*,#623,.T.);
#623 = EDGE_CURVE('',#24,#624,#626,.T.);
#624 = VERTEX_POINT('',#625);
#625 = CARTESIAN_POINT('',(140.9618,353.97615933139,111.09462450835));
#626 = SURFACE_CURVE('',#627,(#630,#637),.PCURVE_S1.);
#627 = B_SPLINE_CURVE_WITH_KNOTS('',1,(#628,#629),.UNSPECIFIED.,.F.,.F.,
  (2,2),(1.,2.),.PIECEWISE_BEZIER_KNOTS.);
#628 = CARTESIAN_POINT('',(140.9618,354.36106096395,111.12952548955));
#629 = CARTESIAN_POINT('',(140.9618,353.97615933139,111.09462450835));
#630 = PCURVE('',#252,#631);
#631 = DEFINITIONAL_REPRESENTATION('',(#632),#636);
#632 = LINE('',#633,#634);
#633 = CARTESIAN_POINT('',(0.,0.));
#634 = VECTOR('',#635,1.);
#635 = DIRECTION('',(1.,0.));
#636 = ( GEOMETRIC_REPRESENTATION_CONTEXT(2) 
PARAMETRIC_REPRESENTATION_CONTEXT() REPRESENTATION_CONTEXT('2D SPACE',''
  ) );
#637 = PCURVE('',#165,#638);
#638 = DEFINITIONAL_REPRESENTATION('',(#639),#642);
#639 = B_SPLINE_CURVE_WITH_KNOTS('',1,(#640,#641),.UNSPECIFIED.,.F.,.F.,
  (2,2),(1.,2.),.PIECEWISE_BEZIER_KNOTS.);
#640 = CARTESIAN_POINT('',(0.384255043468,3.075024716894E-02));
#641 = CARTESIAN_POINT('',(0.770430356872,4.611164546915E-02));
#642 = ( GEOMETRIC_REPRESENTATION_CONTEXT(2) 
PARAMETRIC_REPRESENTATION_CONTEXT() REPRESENTATION_CONTEXT('2D SPACE',''
  ) );
#643 = ORIENTED_EDGE('',*,*,#644,.T.);
#644 = EDGE_CURVE('',#624,#645,#647,.T.);
#645 = VERTEX_POINT('',#646);
#646 = CARTESIAN_POINT('',(397.6403,348.56363789308,110.83348002756));
#647 = SURFACE_CURVE('',#648,(#712,#719),.PCURVE_S1.);
#648 = ( BOUNDED_CURVE() B_SPLINE_CURVE(3,(#649,#650,#651,#652,#653,#654
    ,#655,#656,#657,#658,#659,#660,#661,#662,#663,#664,#665,#666,#667,
    #668,#669,#670,#671,#672,#673,#674,#675,#676,#677,#678,#679,#680,
    #681,#682,#683,#684,#685,#686,#687,#688,#689,#690,#691,#692,#693,
    #694,#695,#696,#697,#698,#699,#700,#701,#702,#703,#704,#705,#706,
    #707,#708,#709,#710,#711),.UNSPECIFIED.,.F.,.F.) 
B_SPLINE_CURVE_WITH_KNOTS((4,1,1,1,1,1,1,1,1,1,1,1,1,1,1,1,1,1,1,1,1,1,1
    ,1,1,1,1,1,1,1,1,1,1,1,1,1,1,1,1,1,1,1,1,1,1,1,1,1,1,1,1,1,1,1,1,1,1
    ,1,1,1,4),(0.,1.671834126768E-02,3.328707673398E-02,
    5.001744466419E-02,6.648650714478E-02,8.348892901119E-02,
    9.999486964001E-02,0.11646941087,0.133815549619,0.150618938677,
    0.167038735703,0.183454077407,0.199862498306,0.216272023155,
    0.232682039048,0.249094136,0.265517101832,0.28195250261,
    0.298446383618,0.315002877417,0.331625113939,0.348307612691,
    0.365035992875,0.381711213613,0.398301880653,0.414823418335,
    0.431326889702,0.448164125522,0.464772555536,0.481574851679,
    0.498833916597,0.516076325801,0.532869467448,0.550364700599,
    0.567182918644,0.58368017293,0.60020088702,0.616790522208,
    0.633466402799,0.650196996519,0.66688122827,0.683506031496,
    0.700063533111,0.716557401724,0.732992840875,0.749415744672,
    0.765827967007,0.78223726506,0.798647812608,0.815056815176,
    0.831475231221,0.84789937286,0.864694545606,0.881987572306,
    0.898456926779,0.91536479181,0.932301655256,0.949102498792,
0.966203962862,0.982810298735,1.),.UNSPECIFIED.) CURVE() 
GEOMETRIC_REPRESENTATION_ITEM() RATIONAL_B_SPLINE_CURVE((1.,
    1.000000000007,0.999999999997,1.000000000001,1.,1.,1.,1.,1.,1.,1.,1.
    ,1.,1.,1.,1.,1.,1.,1.,1.,1.,1.,1.,1.,1.,1.,1.,1.,1.,1.,1.,1.,1.,1.,
    1.,1.,1.,1.,1.,1.,1.,1.,1.,1.,1.,1.,1.,1.,1.,1.,1.,1.,1.,1.,1.,1.,1.
    ,1.,1.000000000001,0.999999999996,1.000000000014,0.999999999969,1.))
 REPRESENTATION_ITEM('') );
#649 = CARTESIAN_POINT('',(140.9618,353.97615933139,111.09462450835));
#650 = CARTESIAN_POINT('',(142.09540904743,353.77101582961,
    111.20026949239));
#651 = CARTESIAN_POINT('',(145.34352279277,354.73577850709,
    111.27000743605));
#652 = CARTESIAN_POINT('',(149.51920541273,355.37733848164,
    111.49534903371));
#653 = CARTESIAN_POINT('',(153.74675028087,354.73094514353,
    111.59307936109));
#654 = CARTESIAN_POINT('',(158.17058310233,354.33466165032,
    111.68235054179));
#655 = CARTESIAN_POINT('',(162.26698448152,355.09775898928,
    111.97050227923));
#656 = CARTESIAN_POINT('',(166.61873526807,355.98420302718,
    112.2451446367));
#657 = CARTESIAN_POINT('',(171.05025168138,355.87319147189,
    112.34749921045));
#658 = CARTESIAN_POINT('',(175.09238100893,359.00172091495,
    112.87720619981));
#659 = CARTESIAN_POINT('',(179.41643525083,360.38186223433,
    113.21351016777));
#660 = CARTESIAN_POINT('',(183.74465399728,360.37165061154,
    113.26657459333));
#661 = CARTESIAN_POINT('',(188.01748830499,360.6042385558,
    113.36037338667));
#662 = CARTESIAN_POINT('',(192.29804434258,360.69338598802,
    113.46078742267));
#663 = CARTESIAN_POINT('',(196.57544693057,360.77061220153,
    113.55324622346));
#664 = CARTESIAN_POINT('',(200.85359337877,360.78232888858,
    113.63455994138));
#665 = CARTESIAN_POINT('',(205.13313267918,360.7747508354,
    113.69035877994));
#666 = CARTESIAN_POINT('',(209.41029445154,360.69777902122,
    113.77849887011));
#667 = CARTESIAN_POINT('',(213.69566833045,360.5607353322,
    113.83259549033));
#668 = CARTESIAN_POINT('',(217.97323994091,360.40576545538,
    113.92599691238));
#669 = CARTESIAN_POINT('',(222.25201002744,360.23569110391,
    114.04941039581));
#670 = CARTESIAN_POINT('',(226.52878947893,360.00048723617,
    114.20687818325));
#671 = CARTESIAN_POINT('',(230.80631705996,359.78001207106,
    114.32746518773));
#672 = CARTESIAN_POINT('',(235.06961741834,359.61460962086,
    114.45624966215));
#673 = CARTESIAN_POINT('',(239.34364675972,359.38804528233,
    114.48303965715));
#674 = CARTESIAN_POINT('',(243.62590118763,359.08844600765,
    114.34243373924));
#675 = CARTESIAN_POINT('',(247.90145862716,358.68880144018,
    114.16801776678));
#676 = CARTESIAN_POINT('',(252.24748803221,358.3276000509,
    113.51234501406));
#677 = CARTESIAN_POINT('',(256.42226459116,356.57768170442,
    113.81314705083));
#678 = CARTESIAN_POINT('',(260.774587196,356.12770169122,113.67207028165
    ));
#679 = CARTESIAN_POINT('',(265.08553351846,355.05293770754,
    114.22453213688));
#680 = CARTESIAN_POINT('',(269.30435854157,352.90749387917,
    113.44462714472));
#681 = CARTESIAN_POINT('',(273.49463672784,350.89164705377,
    113.59268447287));
#682 = CARTESIAN_POINT('',(277.98553204283,349.99610514141,
    112.68356152582));
#683 = CARTESIAN_POINT('',(282.02098866206,347.91005273493,
    112.42069172473));
#684 = CARTESIAN_POINT('',(286.37785805657,346.5205729437,
    111.52813708388));
#685 = CARTESIAN_POINT('',(290.69560185407,346.59643166194,
    111.97010733019));
#686 = CARTESIAN_POINT('',(294.97762712103,346.61089223447,
    111.96081208345));
#687 = CARTESIAN_POINT('',(299.25829278307,346.93922138321,
    111.97809839724));
#688 = CARTESIAN_POINT('',(303.53281780748,347.36805385401,
    111.92371422249));
#689 = CARTESIAN_POINT('',(307.79563331651,347.83866278799,
    111.79609176875));
#690 = CARTESIAN_POINT('',(312.07349323989,348.15770841275,
    111.69939962774));
#691 = CARTESIAN_POINT('',(316.34983972698,348.45592309878,
    111.59818315476));
#692 = CARTESIAN_POINT('',(320.62873034613,348.65933164129,
    111.54964357485));
#693 = CARTESIAN_POINT('',(324.90645535717,348.88364399481,
    111.48121554611));
#694 = CARTESIAN_POINT('',(329.19177427478,348.85170725049,
    111.52462215013));
#695 = CARTESIAN_POINT('',(333.46902839726,348.93773620749,
    111.53621192369));
#696 = CARTESIAN_POINT('',(337.74832561117,348.95004202378,
    111.5787179051));
#697 = CARTESIAN_POINT('',(342.02697062847,348.94094680842,
    111.59122623423));
#698 = CARTESIAN_POINT('',(346.30391351544,348.98408439535,
    111.61315906188));
#699 = CARTESIAN_POINT('',(350.58496238288,349.01105002022,
    111.6131009648));
#700 = CARTESIAN_POINT('',(354.8577723004,349.17727589884,
    111.58992905452));
#701 = CARTESIAN_POINT('',(359.18388688825,348.95382171299,
    111.62338021715));
#702 = CARTESIAN_POINT('',(363.5052046971,349.80535276566,
    111.46610685329));
#703 = CARTESIAN_POINT('',(367.54865046447,351.59383674357,
    111.16834834861));
#704 = CARTESIAN_POINT('',(372.05847150757,350.97059097729,
    111.11820867129));
#705 = CARTESIAN_POINT('',(376.24564436291,352.60610773773,
    110.81594973181));
#706 = CARTESIAN_POINT('',(380.50353796332,351.6770343168,
    110.81001998581));
#707 = CARTESIAN_POINT('',(384.85798865987,351.03222625987,
    110.77490109729));
#708 = CARTESIAN_POINT('',(389.02722072527,349.63525164458,
    110.79721780104));
#709 = CARTESIAN_POINT('',(393.32393006004,349.24773647089,
    110.78106499485));
#710 = CARTESIAN_POINT('',(396.53994441614,351.3093743436,
    110.62542328795));
#711 = CARTESIAN_POINT('',(397.6403,348.56363789308,110.83348002756));
#712 = PCURVE('',#252,#713);
#713 = DEFINITIONAL_REPRESENTATION('',(#714),#718);
#714 = LINE('',#715,#716);
#715 = CARTESIAN_POINT('',(2.,0.));
#716 = VECTOR('',#717,1.);
#717 = DIRECTION('',(0.,1.));
#718 = ( GEOMETRIC_REPRESENTATION_CONTEXT(2) 
PARAMETRIC_REPRESENTATION_CONTEXT() REPRESENTATION_CONTEXT('2D SPACE',''
  ) );
#719 = PCURVE('',#720,#847);
#720 = ( BOUNDED_SURFACE() B_SPLINE_SURFACE(1,3,(
    (#721,#722,#723,#724,#725,#726,#727,#728,#729,#730,#731,#732,#733
      ,#734,#735,#736,#737,#738,#739,#740,#741,#742,#743,#744,#745,#746
      ,#747,#748,#749,#750,#751,#752,#753,#754,#755,#756,#757,#758,#759
      ,#760,#761,#762,#763,#764,#765,#766,#767,#768,#769,#770,#771,#772
      ,#773,#774,#775,#776,#777,#778,#779,#780,#781,#782,#783)
    ,(#784,#785,#786,#787,#788,#789,#790,#791,#792,#793,#794,#795,#796
      ,#797,#798,#799,#800,#801,#802,#803,#804,#805,#806,#807,#808,#809
      ,#810,#811,#812,#813,#814,#815,#816,#817,#818,#819,#820,#821,#822
      ,#823,#824,#825,#826,#827,#828,#829,#830,#831,#832,#833,#834,#835
      ,#836,#837,#838,#839,#840,#841,#842,#843,#844,#845,#846
)),.UNSPECIFIED.,.F.,.F.,.F.) B_SPLINE_SURFACE_WITH_KNOTS((2,2),(4,1,1,1
    ,1,1,1,1,1,1,1,1,1,1,1,1,1,1,1,1,1,1,1,1,1,1,1,1,1,1,1,1,1,1,1,1,1,1
    ,1,1,1,1,1,1,1,1,1,1,1,1,1,1,1,1,1,1,1,1,1,1,4),(2.,3.),(0.,
    1.671834126768E-02,3.328707673398E-02,5.001744466419E-02,
    6.648650714478E-02,8.348892901119E-02,9.999486964001E-02,
    0.11646941087,0.133815549619,0.150618938677,0.167038735703,
    0.183454077407,0.199862498306,0.216272023155,0.232682039048,
    0.249094136,0.265517101832,0.28195250261,0.298446383618,
    0.315002877417,0.331625113939,0.348307612691,0.365035992875,
    0.381711213613,0.398301880653,0.414823418335,0.431326889702,
    0.448164125522,0.464772555536,0.481574851679,0.498833916597,
    0.516076325801,0.532869467448,0.550364700599,0.567182918644,
    0.58368017293,0.60020088702,0.616790522208,0.633466402799,
    0.650196996519,0.66688122827,0.683506031496,0.700063533111,
    0.716557401724,0.732992840875,0.749415744672,0.765827967007,
    0.78223726506,0.798647812608,0.815056815176,0.831475231221,
    0.84789937286,0.864694545606,0.881987572306,0.898456926779,
    0.91536479181,0.932301655256,0.949102498792,0.966203962862,
0.982810298735,1.),.UNSPECIFIED.) GEOMETRIC_REPRESENTATION_ITEM() 
RATIONAL_B_SPLINE_SURFACE((
    (1.,1.000000000007,0.999999999997,1.000000000001,1.,1.,1.,1.,1.,1.
      ,1.,1.,1.,1.,1.,1.,1.,1.,1.,1.,1.,1.,1.,1.,1.,1.,1.,1.,1.,1.,1.,1.
      ,1.,1.,1.,1.,1.,1.,1.,1.,1.,1.,1.,1.,1.,1.,1.,1.,1.,1.,1.,1.,1.,1.
      ,1.,1.,1.,1.,1.000000000001,0.999999999996,1.000000000014
      ,0.999999999969,1.)
    ,(1.,1.000000000007,0.999999999997,1.000000000001,1.,1.,1.,1.,1.,1.
      ,1.,1.,1.,1.,1.,1.,1.,1.,1.,1.,1.,1.,1.,1.,1.,1.,1.,1.,1.,1.,1.,1.
      ,1.,1.,1.,1.,1.,1.,1.,1.,1.,1.,1.,1.,1.,1.,1.,1.,1.,1.,1.,1.,1.,1.
      ,1.,1.,1.,1.,1.000000000001,0.999999999996,1.000000000014
,0.999999999969,1.))) REPRESENTATION_ITEM('') SURFACE() );
#721 = CARTESIAN_POINT('',(140.9618,353.97615933139,111.09462450835));
#722 = CARTESIAN_POINT('',(142.09540904743,353.77101582961,
    111.20026949239));
#723 = CARTESIAN_POINT('',(145.34352279277,354.73577850709,
    111.27000743605));
#724 = CARTESIAN_POINT('',(149.51920541273,355.37733848164,
    111.49534903371));
#725 = CARTESIAN_POINT('',(153.74675028087,354.73094514353,
    111.59307936109));
#726 = CARTESIAN_POINT('',(158.17058310233,354.33466165032,
    111.68235054179));
#727 = CARTESIAN_POINT('',(162.26698448152,355.09775898928,
    111.97050227923));
#728 = CARTESIAN_POINT('',(166.61873526807,355.98420302718,
    112.2451446367));
#729 = CARTESIAN_POINT('',(171.05025168138,355.87319147189,
    112.34749921045));
#730 = CARTESIAN_POINT('',(175.09238100893,359.00172091495,
    112.87720619981));
#731 = CARTESIAN_POINT('',(179.41643525083,360.38186223433,
    113.21351016777));
#732 = CARTESIAN_POINT('',(183.74465399728,360.37165061154,
    113.26657459333));
#733 = CARTESIAN_POINT('',(188.01748830499,360.6042385558,
    113.36037338667));
#734 = CARTESIAN_POINT('',(192.29804434258,360.69338598802,
    113.46078742267));
#735 = CARTESIAN_POINT('',(196.57544693057,360.77061220153,
    113.55324622346));
#736 = CARTESIAN_POINT('',(200.85359337877,360.78232888858,
    113.63455994138));
#737 = CARTESIAN_POINT('',(205.13313267918,360.7747508354,
    113.69035877994));
#738 = CARTESIAN_POINT('',(209.41029445154,360.69777902122,
    113.77849887011));
#739 = CARTESIAN_POINT('',(213.69566833045,360.5607353322,
    113.83259549033));
#740 = CARTESIAN_POINT('',(217.97323994091,360.40576545538,
    113.92599691238));
#741 = CARTESIAN_POINT('',(222.25201002744,360.23569110391,
    114.04941039581));
#742 = CARTESIAN_POINT('',(226.52878947893,360.00048723617,
    114.20687818325));
#743 = CARTESIAN_POINT('',(230.80631705996,359.78001207106,
    114.32746518773));
#744 = CARTESIAN_POINT('',(235.06961741834,359.61460962086,
    114.45624966215));
#745 = CARTESIAN_POINT('',(239.34364675972,359.38804528233,
    114.48303965715));
#746 = CARTESIAN_POINT('',(243.62590118763,359.08844600765,
    114.34243373924));
#747 = CARTESIAN_POINT('',(247.90145862716,358.68880144018,
    114.16801776678));
#748 = CARTESIAN_POINT('',(252.24748803221,358.3276000509,
    113.51234501406));
#749 = CARTESIAN_POINT('',(256.42226459116,356.57768170442,
    113.81314705083));
#750 = CARTESIAN_POINT('',(260.774587196,356.12770169122,113.67207028165
    ));
#751 = CARTESIAN_POINT('',(265.08553351846,355.05293770754,
    114.22453213688));
#752 = CARTESIAN_POINT('',(269.30435854157,352.90749387917,
    113.44462714472));
#753 = CARTESIAN_POINT('',(273.49463672784,350.89164705377,
    113.59268447287));
#754 = CARTESIAN_POINT('',(277.98553204283,349.99610514141,
    112.68356152582));
#755 = CARTESIAN_POINT('',(282.02098866206,347.91005273493,
    112.42069172473));
#756 = CARTESIAN_POINT('',(286.37785805657,346.5205729437,
    111.52813708388));
#757 = CARTESIAN_POINT('',(290.69560185407,346.59643166194,
    111.97010733019));
#758 = CARTESIAN_POINT('',(294.97762712103,346.61089223447,
    111.96081208345));
#759 = CARTESIAN_POINT('',(299.25829278307,346.93922138321,
    111.97809839724));
#760 = CARTESIAN_POINT('',(303.53281780748,347.36805385401,
    111.92371422249));
#761 = CARTESIAN_POINT('',(307.79563331651,347.83866278799,
    111.79609176875));
#762 = CARTESIAN_POINT('',(312.07349323989,348.15770841275,
    111.69939962774));
#763 = CARTESIAN_POINT('',(316.34983972698,348.45592309878,
    111.59818315476));
#764 = CARTESIAN_POINT('',(320.62873034613,348.65933164129,
    111.54964357485));
#765 = CARTESIAN_POINT('',(324.90645535717,348.88364399481,
    111.48121554611));
#766 = CARTESIAN_POINT('',(329.19177427478,348.85170725049,
    111.52462215013));
#767 = CARTESIAN_POINT('',(333.46902839726,348.93773620749,
    111.53621192369));
#768 = CARTESIAN_POINT('',(337.74832561117,348.95004202378,
    111.5787179051));
#769 = CARTESIAN_POINT('',(342.02697062847,348.94094680842,
    111.59122623423));
#770 = CARTESIAN_POINT('',(346.30391351544,348.98408439535,
    111.61315906188));
#771 = CARTESIAN_POINT('',(350.58496238288,349.01105002022,
    111.6131009648));
#772 = CARTESIAN_POINT('',(354.8577723004,349.17727589884,
    111.58992905452));
#773 = CARTESIAN_POINT('',(359.18388688825,348.95382171299,
    111.62338021715));
#774 = CARTESIAN_POINT('',(363.5052046971,349.80535276566,
    111.46610685329));
#775 = CARTESIAN_POINT('',(367.54865046447,351.59383674357,
    111.16834834861));
#776 = CARTESIAN_POINT('',(372.05847150757,350.97059097729,
    111.11820867129));
#777 = CARTESIAN_POINT('',(376.24564436291,352.60610773773,
    110.81594973181));
#778 = CARTESIAN_POINT('',(380.50353796332,351.6770343168,
    110.81001998581));
#779 = CARTESIAN_POINT('',(384.85798865987,351.03222625987,
    110.77490109729));
#780 = CARTESIAN_POINT('',(389.02722072527,349.63525164458,
    110.79721780104));
#781 = CARTESIAN_POINT('',(393.32393006004,349.24773647089,
    110.78106499485));
#782 = CARTESIAN_POINT('',(396.53994441614,351.3093743436,
    110.62542328795));
#783 = CARTESIAN_POINT('',(397.6403,348.56363789308,110.83348002756));
#784 = CARTESIAN_POINT('',(140.9618,353.59160995021,111.05556615077));
#785 = CARTESIAN_POINT('',(142.09540904743,353.18644120042,
    111.12626480028));
#786 = CARTESIAN_POINT('',(145.34352279277,354.28851964313,
    111.23001302214));
#787 = CARTESIAN_POINT('',(149.51920541273,354.74338439371,
    111.42584134331));
#788 = CARTESIAN_POINT('',(153.74675028087,354.05455195328,
    111.51169293964));
#789 = CARTESIAN_POINT('',(158.17058310233,353.70314487914,
    111.61024252358));
#790 = CARTESIAN_POINT('',(162.26698448152,354.22579743981,
    111.86398986568));
#791 = CARTESIAN_POINT('',(166.61873526807,355.06782612136,
    112.12143582822));
#792 = CARTESIAN_POINT('',(171.05025168138,354.92063257833,
    112.20926892727));
#793 = CARTESIAN_POINT('',(175.09238100893,357.85235088938,
    112.72019578801));
#794 = CARTESIAN_POINT('',(179.41643525083,359.05215758002,
    113.0091040276));
#795 = CARTESIAN_POINT('',(183.74465399728,359.05191124092,
    113.05549905666));
#796 = CARTESIAN_POINT('',(188.01748830499,359.24652898091,
    113.13598285215));
#797 = CARTESIAN_POINT('',(192.29804434258,359.33385229566,
    113.23969959229));
#798 = CARTESIAN_POINT('',(196.57544693057,359.40170393318,
    113.29633030387));
#799 = CARTESIAN_POINT('',(200.85359337877,359.40239061624,
    113.38485325094));
#800 = CARTESIAN_POINT('',(205.13313267918,359.40257191722,
    113.44945317202));
#801 = CARTESIAN_POINT('',(209.41029445154,359.34938854026,
    113.52161750339));
#802 = CARTESIAN_POINT('',(213.69566833045,359.23521796629,
    113.55076681853));
#803 = CARTESIAN_POINT('',(217.97323994091,359.12879525484,
    113.65664294565));
#804 = CARTESIAN_POINT('',(222.25201002744,359.02224091525,
    113.76395313467));
#805 = CARTESIAN_POINT('',(226.52878947893,358.85575861833,
    113.9030519043));
#806 = CARTESIAN_POINT('',(230.80631705996,358.70624473098,
    114.04290889079));
#807 = CARTESIAN_POINT('',(235.06961741834,358.61729750905,
    114.18154550885));
#808 = CARTESIAN_POINT('',(239.34364675972,358.46543544183,
    114.22778025914));
#809 = CARTESIAN_POINT('',(243.62590118763,358.23994472232,
    114.12223048127));
#810 = CARTESIAN_POINT('',(247.90145862716,357.91019895429,
    113.98944406965));
#811 = CARTESIAN_POINT('',(252.24748803221,357.63994882036,
    113.34570442571));
#812 = CARTESIAN_POINT('',(256.42226459116,355.88735688026,
    113.71152695126));
#813 = CARTESIAN_POINT('',(260.774587196,355.64384651769,113.78033045117
    ));
#814 = CARTESIAN_POINT('',(265.08553351846,354.54969188522,
    114.35746303203));
#815 = CARTESIAN_POINT('',(269.30435854157,352.43912631753,
    113.63954796185));
#816 = CARTESIAN_POINT('',(273.49463672784,350.40267901729,
    113.87914263563));
#817 = CARTESIAN_POINT('',(277.98553204283,349.5509513173,
    113.02906632781));
#818 = CARTESIAN_POINT('',(282.02098866206,347.28010107392,
    112.68008936326));
#819 = CARTESIAN_POINT('',(286.37785805657,345.89485979734,
    111.86885176827));
#820 = CARTESIAN_POINT('',(290.69560185407,345.89606238526,
    112.35384952162));
#821 = CARTESIAN_POINT('',(294.97762712103,345.84280203449,
    112.38314099887));
#822 = CARTESIAN_POINT('',(299.25829278307,346.08594665069,
    112.40777707732));
#823 = CARTESIAN_POINT('',(303.53281780748,346.42733670312,
    112.34624582891));
#824 = CARTESIAN_POINT('',(307.79563331651,346.81169797082,
    112.21170009311));
#825 = CARTESIAN_POINT('',(312.07349323989,347.04681947088,
    112.10215937018));
#826 = CARTESIAN_POINT('',(316.34983972698,347.26443335532,
    111.98234275992));
#827 = CARTESIAN_POINT('',(320.62873034613,347.40069105267,
    111.91665582267));
#828 = CARTESIAN_POINT('',(324.90645535717,347.57078573491,
    111.83739768973));
#829 = CARTESIAN_POINT('',(329.19177427478,347.51073244564,
    111.86465203438));
#830 = CARTESIAN_POINT('',(333.46902839726,347.57261678978,
    111.86448726802));
#831 = CARTESIAN_POINT('',(337.74832561117,347.57648622986,
    111.88685791606));
#832 = CARTESIAN_POINT('',(342.02697062847,347.56968243815,
    111.89106247652));
#833 = CARTESIAN_POINT('',(346.30391351544,347.63192141367,
    111.8983019703));
#834 = CARTESIAN_POINT('',(350.58496238288,347.66177264314,
    111.88536365273));
#835 = CARTESIAN_POINT('',(354.8577723004,347.86245781702,
    111.84189857415));
#836 = CARTESIAN_POINT('',(359.18388688825,347.65728361785,
    111.86450334361));
#837 = CARTESIAN_POINT('',(363.5052046971,348.61060040244,
    111.68278541803));
#838 = CARTESIAN_POINT('',(367.54865046447,350.59805818544,
    111.34511246579));
#839 = CARTESIAN_POINT('',(372.05847150757,349.9849748507,
    111.29780630519));
#840 = CARTESIAN_POINT('',(376.24564436291,351.77571226307,
    110.96347174332));
#841 = CARTESIAN_POINT('',(380.50353796332,351.02971839734,
    110.92189833351));
#842 = CARTESIAN_POINT('',(384.85798865987,350.42258347579,
    110.87125169451));
#843 = CARTESIAN_POINT('',(389.02722072527,349.08546697568,
    110.8840872173));
#844 = CARTESIAN_POINT('',(393.32393006004,348.8568928517,
    110.83764077944));
#845 = CARTESIAN_POINT('',(396.53994441614,350.91552095679,
    110.65997537145));
#846 = CARTESIAN_POINT('',(397.6403,348.19310035775,110.87767735057));
#847 = DEFINITIONAL_REPRESENTATION('',(#848),#852);
#848 = LINE('',#849,#850);
#849 = CARTESIAN_POINT('',(2.,0.));
#850 = VECTOR('',#851,1.);
#851 = DIRECTION('',(0.,1.));
#852 = ( GEOMETRIC_REPRESENTATION_CONTEXT(2) 
PARAMETRIC_REPRESENTATION_CONTEXT() REPRESENTATION_CONTEXT('2D SPACE',''
  ) );
#853 = ORIENTED_EDGE('',*,*,#854,.F.);
#854 = EDGE_CURVE('',#177,#645,#855,.T.);
#855 = SURFACE_CURVE('',#856,(#859,#866),.PCURVE_S1.);
#856 = B_SPLINE_CURVE_WITH_KNOTS('',1,(#857,#858),.UNSPECIFIED.,.F.,.F.,
  (2,2),(1.,2.),.PIECEWISE_BEZIER_KNOTS.);
#857 = CARTESIAN_POINT('',(397.6403,348.93417542842,110.78928270455));
#858 = CARTESIAN_POINT('',(397.6403,348.56363789308,110.83348002756));
#859 = PCURVE('',#252,#860);
#860 = DEFINITIONAL_REPRESENTATION('',(#861),#865);
#861 = LINE('',#862,#863);
#862 = CARTESIAN_POINT('',(0.,1.));
#863 = VECTOR('',#864,1.);
#864 = DIRECTION('',(1.,0.));
#865 = ( GEOMETRIC_REPRESENTATION_CONTEXT(2) 
PARAMETRIC_REPRESENTATION_CONTEXT() REPRESENTATION_CONTEXT('2D SPACE',''
  ) );
#866 = PCURVE('',#401,#867);
#867 = DEFINITIONAL_REPRESENTATION('',(#868),#871);
#868 = B_SPLINE_CURVE_WITH_KNOTS('',1,(#869,#870),.UNSPECIFIED.,.F.,.F.,
  (2,2),(1.,2.),.PIECEWISE_BEZIER_KNOTS.);
#869 = CARTESIAN_POINT('',(0.373074456799,-6.176041288114E-03));
#870 = CARTESIAN_POINT('',(0.746202306135,-1.137955023182E-02));
#871 = ( GEOMETRIC_REPRESENTATION_CONTEXT(2) 
PARAMETRIC_REPRESENTATION_CONTEXT() REPRESENTATION_CONTEXT('2D SPACE',''
  ) );
#872 = ORIENTED_EDGE('',*,*,#176,.F.);
#873 = ADVANCED_FACE('',(#874),#720,.T.);
#874 = FACE_BOUND('',#875,.T.);
#875 = EDGE_LOOP('',(#876,#897,#1107,#1126));
#876 = ORIENTED_EDGE('',*,*,#877,.T.);
#877 = EDGE_CURVE('',#624,#878,#880,.T.);
#878 = VERTEX_POINT('',#879);
#879 = CARTESIAN_POINT('',(140.9618,353.59160995021,111.05556615077));
#880 = SURFACE_CURVE('',#881,(#884,#891),.PCURVE_S1.);
#881 = B_SPLINE_CURVE_WITH_KNOTS('',1,(#882,#883),.UNSPECIFIED.,.F.,.F.,
  (2,2),(2.,3.),.PIECEWISE_BEZIER_KNOTS.);
#882 = CARTESIAN_POINT('',(140.9618,353.97615933139,111.09462450835));
#883 = CARTESIAN_POINT('',(140.9618,353.59160995021,111.05556615077));
#884 = PCURVE('',#720,#885);
#885 = DEFINITIONAL_REPRESENTATION('',(#886),#890);
#886 = LINE('',#887,#888);
#887 = CARTESIAN_POINT('',(0.,0.));
#888 = VECTOR('',#889,1.);
#889 = DIRECTION('',(1.,0.));
#890 = ( GEOMETRIC_REPRESENTATION_CONTEXT(2) 
PARAMETRIC_REPRESENTATION_CONTEXT() REPRESENTATION_CONTEXT('2D SPACE',''
  ) );
#891 = PCURVE('',#165,#892);
#892 = DEFINITIONAL_REPRESENTATION('',(#893),#896);
#893 = B_SPLINE_CURVE_WITH_KNOTS('',1,(#894,#895),.UNSPECIFIED.,.F.,.F.,
  (2,2),(2.,3.),.PIECEWISE_BEZIER_KNOTS.);
#894 = CARTESIAN_POINT('',(0.770430356872,4.611164546915E-02));
#895 = CARTESIAN_POINT('',(1.156796100707,5.730511914531E-02));
#896 = ( GEOMETRIC_REPRESENTATION_CONTEXT(2) 
PARAMETRIC_REPRESENTATION_CONTEXT() REPRESENTATION_CONTEXT('2D SPACE',''
  ) );
#897 = ORIENTED_EDGE('',*,*,#898,.T.);
#898 = EDGE_CURVE('',#878,#899,#901,.T.);
#899 = VERTEX_POINT('',#900);
#900 = CARTESIAN_POINT('',(397.6403,348.19310035775,110.87767735057));
#901 = SURFACE_CURVE('',#902,(#966,#973),.PCURVE_S1.);
#902 = ( BOUNDED_CURVE() B_SPLINE_CURVE(3,(#903,#904,#905,#906,#907,#908
    ,#909,#910,#911,#912,#913,#914,#915,#916,#917,#918,#919,#920,#921,
    #922,#923,#924,#925,#926,#927,#928,#929,#930,#931,#932,#933,#934,
    #935,#936,#937,#938,#939,#940,#941,#942,#943,#944,#945,#946,#947,
    #948,#949,#950,#951,#952,#953,#954,#955,#956,#957,#958,#959,#960,
    #961,#962,#963,#964,#965),.UNSPECIFIED.,.F.,.F.) 
B_SPLINE_CURVE_WITH_KNOTS((4,1,1,1,1,1,1,1,1,1,1,1,1,1,1,1,1,1,1,1,1,1,1
    ,1,1,1,1,1,1,1,1,1,1,1,1,1,1,1,1,1,1,1,1,1,1,1,1,1,1,1,1,1,1,1,1,1,1
    ,1,1,1,4),(0.,1.671834126768E-02,3.328707673398E-02,
    5.001744466419E-02,6.648650714478E-02,8.348892901119E-02,
    9.999486964001E-02,0.11646941087,0.133815549619,0.150618938677,
    0.167038735703,0.183454077407,0.199862498306,0.216272023155,
    0.232682039048,0.249094136,0.265517101832,0.28195250261,
    0.298446383618,0.315002877417,0.331625113939,0.348307612691,
    0.365035992875,0.381711213613,0.398301880653,0.414823418335,
    0.431326889702,0.448164125522,0.464772555536,0.481574851679,
    0.498833916597,0.516076325801,0.532869467448,0.550364700599,
    0.567182918644,0.58368017293,0.60020088702,0.616790522208,
    0.633466402799,0.650196996519,0.66688122827,0.683506031496,
    0.700063533111,0.716557401724,0.732992840875,0.749415744672,
    0.765827967007,0.78223726506,0.798647812608,0.815056815176,
    0.831475231221,0.84789937286,0.864694545606,0.881987572306,
    0.898456926779,0.91536479181,0.932301655256,0.949102498792,
0.966203962862,0.982810298735,1.),.UNSPECIFIED.) CURVE() 
GEOMETRIC_REPRESENTATION_ITEM() RATIONAL_B_SPLINE_CURVE((1.,
    1.000000000007,0.999999999997,1.000000000001,1.,1.,1.,1.,1.,1.,1.,1.
    ,1.,1.,1.,1.,1.,1.,1.,1.,1.,1.,1.,1.,1.,1.,1.,1.,1.,1.,1.,1.,1.,1.,
    1.,1.,1.,1.,1.,1.,1.,1.,1.,1.,1.,1.,1.,1.,1.,1.,1.,1.,1.,1.,1.,1.,1.
    ,1.,1.000000000001,0.999999999996,1.000000000014,0.999999999969,1.))
 REPRESENTATION_ITEM('') );
#903 = CARTESIAN_POINT('',(140.9618,353.59160995021,111.05556615077));
#904 = CARTESIAN_POINT('',(142.09540904743,353.18644120042,
    111.12626480028));
#905 = CARTESIAN_POINT('',(145.34352279277,354.28851964313,
    111.23001302214));
#906 = CARTESIAN_POINT('',(149.51920541273,354.74338439371,
    111.42584134331));
#907 = CARTESIAN_POINT('',(153.74675028087,354.05455195328,
    111.51169293964));
#908 = CARTESIAN_POINT('',(158.17058310233,353.70314487914,
    111.61024252358));
#909 = CARTESIAN_POINT('',(162.26698448152,354.22579743981,
    111.86398986568));
#910 = CARTESIAN_POINT('',(166.61873526807,355.06782612136,
    112.12143582822));
#911 = CARTESIAN_POINT('',(171.05025168138,354.92063257833,
    112.20926892727));
#912 = CARTESIAN_POINT('',(175.09238100893,357.85235088938,
    112.72019578801));
#913 = CARTESIAN_POINT('',(179.41643525083,359.05215758002,
    113.0091040276));
#914 = CARTESIAN_POINT('',(183.74465399728,359.05191124092,
    113.05549905666));
#915 = CARTESIAN_POINT('',(188.01748830499,359.24652898091,
    113.13598285215));
#916 = CARTESIAN_POINT('',(192.29804434258,359.33385229566,
    113.23969959229));
#917 = CARTESIAN_POINT('',(196.57544693057,359.40170393318,
    113.29633030387));
#918 = CARTESIAN_POINT('',(200.85359337877,359.40239061624,
    113.38485325094));
#919 = CARTESIAN_POINT('',(205.13313267918,359.40257191722,
    113.44945317202));
#920 = CARTESIAN_POINT('',(209.41029445154,359.34938854026,
    113.52161750339));
#921 = CARTESIAN_POINT('',(213.69566833045,359.23521796629,
    113.55076681853));
#922 = CARTESIAN_POINT('',(217.97323994091,359.12879525484,
    113.65664294565));
#923 = CARTESIAN_POINT('',(222.25201002744,359.02224091525,
    113.76395313467));
#924 = CARTESIAN_POINT('',(226.52878947893,358.85575861833,
    113.9030519043));
#925 = CARTESIAN_POINT('',(230.80631705996,358.70624473098,
    114.04290889079));
#926 = CARTESIAN_POINT('',(235.06961741834,358.61729750905,
    114.18154550885));
#927 = CARTESIAN_POINT('',(239.34364675972,358.46543544183,
    114.22778025914));
#928 = CARTESIAN_POINT('',(243.62590118763,358.23994472232,
    114.12223048127));
#929 = CARTESIAN_POINT('',(247.90145862716,357.91019895429,
    113.98944406965));
#930 = CARTESIAN_POINT('',(252.24748803221,357.63994882036,
    113.34570442571));
#931 = CARTESIAN_POINT('',(256.42226459116,355.88735688026,
    113.71152695126));
#932 = CARTESIAN_POINT('',(260.774587196,355.64384651769,113.78033045117
    ));
#933 = CARTESIAN_POINT('',(265.08553351846,354.54969188522,
    114.35746303203));
#934 = CARTESIAN_POINT('',(269.30435854157,352.43912631753,
    113.63954796185));
#935 = CARTESIAN_POINT('',(273.49463672784,350.40267901729,
    113.87914263563));
#936 = CARTESIAN_POINT('',(277.98553204283,349.5509513173,
    113.02906632781));
#937 = CARTESIAN_POINT('',(282.02098866206,347.28010107392,
    112.68008936326));
#938 = CARTESIAN_POINT('',(286.37785805657,345.89485979734,
    111.86885176827));
#939 = CARTESIAN_POINT('',(290.69560185407,345.89606238526,
    112.35384952162));
#940 = CARTESIAN_POINT('',(294.97762712103,345.84280203449,
    112.38314099887));
#941 = CARTESIAN_POINT('',(299.25829278307,346.08594665069,
    112.40777707732));
#942 = CARTESIAN_POINT('',(303.53281780748,346.42733670312,
    112.34624582891));
#943 = CARTESIAN_POINT('',(307.79563331651,346.81169797082,
    112.21170009311));
#944 = CARTESIAN_POINT('',(312.07349323989,347.04681947088,
    112.10215937018));
#945 = CARTESIAN_POINT('',(316.34983972698,347.26443335532,
    111.98234275992));
#946 = CARTESIAN_POINT('',(320.62873034613,347.40069105267,
    111.91665582267));
#947 = CARTESIAN_POINT('',(324.90645535717,347.57078573491,
    111.83739768973));
#948 = CARTESIAN_POINT('',(329.19177427478,347.51073244564,
    111.86465203438));
#949 = CARTESIAN_POINT('',(333.46902839726,347.57261678978,
    111.86448726802));
#950 = CARTESIAN_POINT('',(337.74832561117,347.57648622986,
    111.88685791606));
#951 = CARTESIAN_POINT('',(342.02697062847,347.56968243815,
    111.89106247652));
#952 = CARTESIAN_POINT('',(346.30391351544,347.63192141367,
    111.8983019703));
#953 = CARTESIAN_POINT('',(350.58496238288,347.66177264314,
    111.88536365273));
#954 = CARTESIAN_POINT('',(354.8577723004,347.86245781702,
    111.84189857415));
#955 = CARTESIAN_POINT('',(359.18388688825,347.65728361785,
    111.86450334361));
#956 = CARTESIAN_POINT('',(363.5052046971,348.61060040244,
    111.68278541803));
#957 = CARTESIAN_POINT('',(367.54865046447,350.59805818544,
    111.34511246579));
#958 = CARTESIAN_POINT('',(372.05847150757,349.9849748507,
    111.29780630519));
#959 = CARTESIAN_POINT('',(376.24564436291,351.77571226307,
    110.96347174332));
#960 = CARTESIAN_POINT('',(380.50353796332,351.02971839734,
    110.92189833351));
#961 = CARTESIAN_POINT('',(384.85798865987,350.42258347579,
    110.87125169451));
#962 = CARTESIAN_POINT('',(389.02722072527,349.08546697568,
    110.8840872173));
#963 = CARTESIAN_POINT('',(393.32393006004,348.8568928517,
    110.83764077944));
#964 = CARTESIAN_POINT('',(396.53994441614,350.91552095679,
    110.65997537145));
#965 = CARTESIAN_POINT('',(397.6403,348.19310035775,110.87767735057));
#966 = PCURVE('',#720,#967);
#967 = DEFINITIONAL_REPRESENTATION('',(#968),#972);
#968 = LINE('',#969,#970);
#969 = CARTESIAN_POINT('',(3.,0.));
#970 = VECTOR('',#971,1.);
#971 = DIRECTION('',(0.,1.));
#972 = ( GEOMETRIC_REPRESENTATION_CONTEXT(2) 
PARAMETRIC_REPRESENTATION_CONTEXT() REPRESENTATION_CONTEXT('2D SPACE',''
  ) );
#973 = PCURVE('',#974,#1101);
#974 = ( BOUNDED_SURFACE() B_SPLINE_SURFACE(1,3,(
    (#975,#976,#977,#978,#979,#980,#981,#982,#983,#984,#985,#986,#987
      ,#988,#989,#990,#991,#992,#993,#994,#995,#996,#997,#998,#999,#1000
      ,#1001,#1002,#1003,#1004,#1005,#1006,#1007,#1008,#1009,#1010,#1011
      ,#1012,#1013,#1014,#1015,#1016,#1017,#1018,#1019,#1020,#1021,#1022
      ,#1023,#1024,#1025,#1026,#1027,#1028,#1029,#1030,#1031,#1032,#1033
      ,#1034,#1035,#1036,#1037)
    ,(#1038,#1039,#1040,#1041,#1042,#1043,#1044,#1045,#1046,#1047,#1048
      ,#1049,#1050,#1051,#1052,#1053,#1054,#1055,#1056,#1057,#1058,#1059
      ,#1060,#1061,#1062,#1063,#1064,#1065,#1066,#1067,#1068,#1069,#1070
      ,#1071,#1072,#1073,#1074,#1075,#1076,#1077,#1078,#1079,#1080,#1081
      ,#1082,#1083,#1084,#1085,#1086,#1087,#1088,#1089,#1090,#1091,#1092
      ,#1093,#1094,#1095,#1096,#1097,#1098,#1099,#1100
)),.UNSPECIFIED.,.F.,.F.,.F.) B_SPLINE_SURFACE_WITH_KNOTS((2,2),(4,1,1,1
    ,1,1,1,1,1,1,1,1,1,1,1,1,1,1,1,1,1,1,1,1,1,1,1,1,1,1,1,1,1,1,1,1,1,1
    ,1,1,1,1,1,1,1,1,1,1,1,1,1,1,1,1,1,1,1,1,1,1,4),(3.,4.),(0.,
    1.671834126768E-02,3.328707673398E-02,5.001744466419E-02,
    6.648650714478E-02,8.348892901119E-02,9.999486964001E-02,
    0.11646941087,0.133815549619,0.150618938677,0.167038735703,
    0.183454077407,0.199862498306,0.216272023155,0.232682039048,
    0.249094136,0.265517101832,0.28195250261,0.298446383618,
    0.315002877417,0.331625113939,0.348307612691,0.365035992875,
    0.381711213613,0.398301880653,0.414823418335,0.431326889702,
    0.448164125522,0.464772555536,0.481574851679,0.498833916597,
    0.516076325801,0.532869467448,0.550364700599,0.567182918644,
    0.58368017293,0.60020088702,0.616790522208,0.633466402799,
    0.650196996519,0.66688122827,0.683506031496,0.700063533111,
    0.716557401724,0.732992840875,0.749415744672,0.765827967007,
    0.78223726506,0.798647812608,0.815056815176,0.831475231221,
    0.84789937286,0.864694545606,0.881987572306,0.898456926779,
    0.91536479181,0.932301655256,0.949102498792,0.966203962862,
0.982810298735,1.),.UNSPECIFIED.) GEOMETRIC_REPRESENTATION_ITEM() 
RATIONAL_B_SPLINE_SURFACE((
    (1.,1.000000000007,0.999999999997,1.000000000001,1.,1.,1.,1.,1.,1.
      ,1.,1.,1.,1.,1.,1.,1.,1.,1.,1.,1.,1.,1.,1.,1.,1.,1.,1.,1.,1.,1.,1.
      ,1.,1.,1.,1.,1.,1.,1.,1.,1.,1.,1.,1.,1.,1.,1.,1.,1.,1.,1.,1.,1.,1.
      ,1.,1.,1.,1.,1.000000000001,0.999999999996,1.000000000014
      ,0.999999999969,1.)
    ,(1.,1.000000000007,0.999999999997,1.000000000001,1.,1.,1.,1.,1.,1.
      ,1.,1.,1.,1.,1.,1.,1.,1.,1.,1.,1.,1.,1.,1.,1.,1.,1.,1.,1.,1.,1.,1.
      ,1.,1.,1.,1.,1.,1.,1.,1.,1.,1.,1.,1.,1.,1.,1.,1.,1.,1.,1.,1.,1.,1.
      ,1.,1.,1.,1.,1.000000000001,0.999999999996,1.000000000014
,0.999999999969,1.))) REPRESENTATION_ITEM('') SURFACE() );
#975 = CARTESIAN_POINT('',(140.9618,353.59160995021,111.05556615077));
#976 = CARTESIAN_POINT('',(142.09540904743,353.18644120042,
    111.12626480028));
#977 = CARTESIAN_POINT('',(145.34352279277,354.28851964313,
    111.23001302214));
#978 = CARTESIAN_POINT('',(149.51920541273,354.74338439371,
    111.42584134331));
#979 = CARTESIAN_POINT('',(153.74675028087,354.05455195328,
    111.51169293964));
#980 = CARTESIAN_POINT('',(158.17058310233,353.70314487914,
    111.61024252358));
#981 = CARTESIAN_POINT('',(162.26698448152,354.22579743981,
    111.86398986568));
#982 = CARTESIAN_POINT('',(166.61873526807,355.06782612136,
    112.12143582822));
#983 = CARTESIAN_POINT('',(171.05025168138,354.92063257833,
    112.20926892727));
#984 = CARTESIAN_POINT('',(175.09238100893,357.85235088938,
    112.72019578801));
#985 = CARTESIAN_POINT('',(179.41643525083,359.05215758002,
    113.0091040276));
#986 = CARTESIAN_POINT('',(183.74465399728,359.05191124092,
    113.05549905666));
#987 = CARTESIAN_POINT('',(188.01748830499,359.24652898091,
    113.13598285215));
#988 = CARTESIAN_POINT('',(192.29804434258,359.33385229566,
    113.23969959229));
#989 = CARTESIAN_POINT('',(196.57544693057,359.40170393318,
    113.29633030387));
#990 = CARTESIAN_POINT('',(200.85359337877,359.40239061624,
    113.38485325094));
#991 = CARTESIAN_POINT('',(205.13313267918,359.40257191722,
    113.44945317202));
#992 = CARTESIAN_POINT('',(209.41029445154,359.34938854026,
    113.52161750339));
#993 = CARTESIAN_POINT('',(213.69566833045,359.23521796629,
    113.55076681853));
#994 = CARTESIAN_POINT('',(217.97323994091,359.12879525484,
    113.65664294565));
#995 = CARTESIAN_POINT('',(222.25201002744,359.02224091525,
    113.76395313467));
#996 = CARTESIAN_POINT('',(226.52878947893,358.85575861833,
    113.9030519043));
#997 = CARTESIAN_POINT('',(230.80631705996,358.70624473098,
    114.04290889079));
#998 = CARTESIAN_POINT('',(235.06961741834,358.61729750905,
    114.18154550885));
#999 = CARTESIAN_POINT('',(239.34364675972,358.46543544183,
    114.22778025914));
#1000 = CARTESIAN_POINT('',(243.62590118763,358.23994472232,
    114.12223048127));
#1001 = CARTESIAN_POINT('',(247.90145862716,357.91019895429,
    113.98944406965));
#1002 = CARTESIAN_POINT('',(252.24748803221,357.63994882036,
    113.34570442571));
#1003 = CARTESIAN_POINT('',(256.42226459116,355.88735688026,
    113.71152695126));
#1004 = CARTESIAN_POINT('',(260.774587196,355.64384651769,
    113.78033045117));
#1005 = CARTESIAN_POINT('',(265.08553351846,354.54969188522,
    114.35746303203));
#1006 = CARTESIAN_POINT('',(269.30435854157,352.43912631753,
    113.63954796185));
#1007 = CARTESIAN_POINT('',(273.49463672784,350.40267901729,
    113.87914263563));
#1008 = CARTESIAN_POINT('',(277.98553204283,349.5509513173,
    113.02906632781));
#1009 = CARTESIAN_POINT('',(282.02098866206,347.28010107392,
    112.68008936326));
#1010 = CARTESIAN_POINT('',(286.37785805657,345.89485979734,
    111.86885176827));
#1011 = CARTESIAN_POINT('',(290.69560185407,345.89606238526,
    112.35384952162));
#1012 = CARTESIAN_POINT('',(294.97762712103,345.84280203449,
    112.38314099887));
#1013 = CARTESIAN_POINT('',(299.25829278307,346.08594665069,
    112.40777707732));
#1014 = CARTESIAN_POINT('',(303.53281780748,346.42733670312,
    112.34624582891));
#1015 = CARTESIAN_POINT('',(307.79563331651,346.81169797082,
    112.21170009311));
#1016 = CARTESIAN_POINT('',(312.07349323989,347.04681947088,
    112.10215937018));
#1017 = CARTESIAN_POINT('',(316.34983972698,347.26443335532,
    111.98234275992));
#1018 = CARTESIAN_POINT('',(320.62873034613,347.40069105267,
    111.91665582267));
#1019 = CARTESIAN_POINT('',(324.90645535717,347.57078573491,
    111.83739768973));
#1020 = CARTESIAN_POINT('',(329.19177427478,347.51073244564,
    111.86465203438));
#1021 = CARTESIAN_POINT('',(333.46902839726,347.57261678978,
    111.86448726802));
#1022 = CARTESIAN_POINT('',(337.74832561117,347.57648622986,
    111.88685791606));
#1023 = CARTESIAN_POINT('',(342.02697062847,347.56968243815,
    111.89106247652));
#1024 = CARTESIAN_POINT('',(346.30391351544,347.63192141367,
    111.8983019703));
#1025 = CARTESIAN_POINT('',(350.58496238288,347.66177264314,
    111.88536365273));
#1026 = CARTESIAN_POINT('',(354.8577723004,347.86245781702,
    111.84189857415));
#1027 = CARTESIAN_POINT('',(359.18388688825,347.65728361785,
    111.86450334361));
#1028 = CARTESIAN_POINT('',(363.5052046971,348.61060040244,
    111.68278541803));
#1029 = CARTESIAN_POINT('',(367.54865046447,350.59805818544,
    111.34511246579));
#1030 = CARTESIAN_POINT('',(372.05847150757,349.9849748507,
    111.29780630519));
#1031 = CARTESIAN_POINT('',(376.24564436291,351.77571226307,
    110.96347174332));
#1032 = CARTESIAN_POINT('',(380.50353796332,351.02971839734,
    110.92189833351));
#1033 = CARTESIAN_POINT('',(384.85798865987,350.42258347579,
    110.87125169451));
#1034 = CARTESIAN_POINT('',(389.02722072527,349.08546697568,
    110.8840872173));
#1035 = CARTESIAN_POINT('',(393.32393006004,348.8568928517,
    110.83764077944));
#1036 = CARTESIAN_POINT('',(396.53994441614,350.91552095679,
    110.65997537145));
#1037 = CARTESIAN_POINT('',(397.6403,348.19310035775,110.87767735057));
#1038 = CARTESIAN_POINT('',(140.9618,353.20712269223,111.01590388718));
#1039 = CARTESIAN_POINT('',(142.09540904743,352.60054489524,
    111.0591149843));
#1040 = CARTESIAN_POINT('',(145.34352279277,353.84231786154,
    111.18189566779));
#1041 = CARTESIAN_POINT('',(149.51920541273,354.11159023311,
    111.34117679228));
#1042 = CARTESIAN_POINT('',(153.74675028087,353.38000881457,
    111.41709882244));
#1043 = CARTESIAN_POINT('',(158.17058310233,353.07356946679,
    111.52443472136));
#1044 = CARTESIAN_POINT('',(162.26698448152,353.35568879693,
    111.74414945053));
#1045 = CARTESIAN_POINT('',(166.61873526807,354.15292709903,
    111.98850669562));
#1046 = CARTESIAN_POINT('',(171.05025168138,353.9673059643,
    112.07573593682));
#1047 = CARTESIAN_POINT('',(175.09238100893,356.70310144573,
    112.5636463073));
#1048 = CARTESIAN_POINT('',(179.41643525083,357.72143461844,
    112.80728824032));
#1049 = CARTESIAN_POINT('',(183.74465399728,357.73052442248,
    112.86882611023));
#1050 = CARTESIAN_POINT('',(188.01748830499,357.88827347284,
    112.92822840982));
#1051 = CARTESIAN_POINT('',(192.29804434258,357.9786979591,
    112.99699961706));
#1052 = CARTESIAN_POINT('',(196.57544693057,358.03262488532,
    113.04245127253));
#1053 = CARTESIAN_POINT('',(200.85359337877,358.03040333365,
    113.10718210464));
#1054 = CARTESIAN_POINT('',(205.13313267918,358.03920909661,
    113.13357448816));
#1055 = CARTESIAN_POINT('',(209.41029445154,358.01086830318,
    113.19480720013));
#1056 = CARTESIAN_POINT('',(213.69566833045,357.9147807425,
    113.23543758001));
#1057 = CARTESIAN_POINT('',(217.97323994091,357.86111370489,
    113.33013602333));
#1058 = CARTESIAN_POINT('',(222.25201002744,357.8111708711,
    113.45018436555));
#1059 = CARTESIAN_POINT('',(226.52878947893,357.71438438036,
    113.59177502165));
#1060 = CARTESIAN_POINT('',(230.80631705996,357.63867048486,
    113.73713325324));
#1061 = CARTESIAN_POINT('',(235.06961741834,357.63087446716,
    113.87522196696));
#1062 = CARTESIAN_POINT('',(239.34364675972,357.55897670634,
    113.92617126974));
#1063 = CARTESIAN_POINT('',(243.62590118763,357.42082951202,
    113.81480897401));
#1064 = CARTESIAN_POINT('',(247.90145862716,357.16378559627,
    113.70605377168));
#1065 = CARTESIAN_POINT('',(252.24748803221,356.982534529,
    113.08241500176));
#1066 = CARTESIAN_POINT('',(256.42226459116,355.21643354117,
    113.52188622948));
#1067 = CARTESIAN_POINT('',(260.774587196,355.0078586944,113.64804388518
    ));
#1068 = CARTESIAN_POINT('',(265.08553351846,353.86560269773,
    114.27701380276));
#1069 = CARTESIAN_POINT('',(269.30435854157,351.79109962054,
    113.64713630246));
#1070 = CARTESIAN_POINT('',(273.49463672784,349.72722461036,
    113.97886592479));
#1071 = CARTESIAN_POINT('',(277.98553204283,348.92238080959,
    113.1836890916));
#1072 = CARTESIAN_POINT('',(282.02098866206,346.63152635269,
    112.91690340901));
#1073 = CARTESIAN_POINT('',(286.37785805657,345.2695549653,
    112.20674456011));
#1074 = CARTESIAN_POINT('',(290.69560185407,345.18745931692,
    112.7222954439));
#1075 = CARTESIAN_POINT('',(294.97762712103,345.06757549425,
    112.79134989046));
#1076 = CARTESIAN_POINT('',(299.25829278307,345.23342474351,
    112.83769186643));
#1077 = CARTESIAN_POINT('',(303.53281780748,345.48255144127,
    112.76043016446));
#1078 = CARTESIAN_POINT('',(307.79563331651,345.78086280202,
    112.62018129736));
#1079 = CARTESIAN_POINT('',(312.07349323989,345.93305304687,
    112.49610259708));
#1080 = CARTESIAN_POINT('',(316.34983972698,346.07238385571,
    112.36365868945));
#1081 = CARTESIAN_POINT('',(320.62873034613,346.13988697162,
    112.27623572321));
#1082 = CARTESIAN_POINT('',(324.90645535717,346.25728936543,
    112.19197190665));
#1083 = CARTESIAN_POINT('',(329.19177427478,346.16804335502,
    112.19912879154));
#1084 = CARTESIAN_POINT('',(333.46902839726,346.20856508217,
    112.19717718336));
#1085 = CARTESIAN_POINT('',(337.74832561117,346.20241110403,
    112.19246552677));
#1086 = CARTESIAN_POINT('',(342.02697062847,346.19859308887,
    112.19138254119));
#1087 = CARTESIAN_POINT('',(346.30391351544,346.27880733026,
    112.17905762677));
#1088 = CARTESIAN_POINT('',(350.58496238288,346.31192864473,
    112.15493625473));
#1089 = CARTESIAN_POINT('',(354.8577723004,346.5466611104,
    112.08925944481));
#1090 = CARTESIAN_POINT('',(359.18388688825,346.36104029567,
    112.10704164215));
#1091 = CARTESIAN_POINT('',(363.5052046971,347.41566423107,
    111.89848617472));
#1092 = CARTESIAN_POINT('',(367.54865046447,349.60216578746,
    111.52120297355));
#1093 = CARTESIAN_POINT('',(372.05847150757,348.99922439383,
    111.47663798608));
#1094 = CARTESIAN_POINT('',(376.24564436291,350.94519686407,
    111.11030367013));
#1095 = CARTESIAN_POINT('',(380.50353796332,350.38224544593,
    111.03287539201));
#1096 = CARTESIAN_POINT('',(384.85798865987,349.81291736766,
    110.96746819471));
#1097 = CARTESIAN_POINT('',(389.02722072527,348.53569968913,
    110.97105671043));
#1098 = CARTESIAN_POINT('',(393.32393006004,348.46600332463,
    110.89395207574));
#1099 = CARTESIAN_POINT('',(396.53994441614,350.52176677177,
    110.69509903291));
#1100 = CARTESIAN_POINT('',(397.6403,347.82256282241,110.92187467358));
#1101 = DEFINITIONAL_REPRESENTATION('',(#1102),#1106);
#1102 = LINE('',#1103,#1104);
#1103 = CARTESIAN_POINT('',(3.,0.));
#1104 = VECTOR('',#1105,1.);
#1105 = DIRECTION('',(0.,1.));
#1106 = ( GEOMETRIC_REPRESENTATION_CONTEXT(2) 
PARAMETRIC_REPRESENTATION_CONTEXT() REPRESENTATION_CONTEXT('2D SPACE',''
  ) );
#1107 = ORIENTED_EDGE('',*,*,#1108,.F.);
#1108 = EDGE_CURVE('',#645,#899,#1109,.T.);
#1109 = SURFACE_CURVE('',#1110,(#1113,#1120),.PCURVE_S1.);
#1110 = B_SPLINE_CURVE_WITH_KNOTS('',1,(#1111,#1112),.UNSPECIFIED.,.F.,
  .F.,(2,2),(2.,3.),.PIECEWISE_BEZIER_KNOTS.);
#1111 = CARTESIAN_POINT('',(397.6403,348.56363789308,110.83348002756));
#1112 = CARTESIAN_POINT('',(397.6403,348.19310035775,110.87767735057));
#1113 = PCURVE('',#720,#1114);
#1114 = DEFINITIONAL_REPRESENTATION('',(#1115),#1119);
#1115 = LINE('',#1116,#1117);
#1116 = CARTESIAN_POINT('',(0.,1.));
#1117 = VECTOR('',#1118,1.);
#1118 = DIRECTION('',(1.,0.));
#1119 = ( GEOMETRIC_REPRESENTATION_CONTEXT(2) 
PARAMETRIC_REPRESENTATION_CONTEXT() REPRESENTATION_CONTEXT('2D SPACE',''
  ) );
#1120 = PCURVE('',#401,#1121);
#1121 = DEFINITIONAL_REPRESENTATION('',(#1122),#1125);
#1122 = B_SPLINE_CURVE_WITH_KNOTS('',1,(#1123,#1124),.UNSPECIFIED.,.F.,
  .F.,(2,2),(2.,3.),.PIECEWISE_BEZIER_KNOTS.);
#1123 = CARTESIAN_POINT('',(0.746202306135,-1.137955023182E-02));
#1124 = CARTESIAN_POINT('',(1.11933015547,-1.65830591755E-02));
#1125 = ( GEOMETRIC_REPRESENTATION_CONTEXT(2) 
PARAMETRIC_REPRESENTATION_CONTEXT() REPRESENTATION_CONTEXT('2D SPACE',''
  ) );
#1126 = ORIENTED_EDGE('',*,*,#644,.F.);
#1127 = ADVANCED_FACE('',(#1128),#974,.T.);
#1128 = FACE_BOUND('',#1129,.T.);
#1129 = EDGE_LOOP('',(#1130,#1151,#1361,#1380));
#1130 = ORIENTED_EDGE('',*,*,#1131,.T.);
#1131 = EDGE_CURVE('',#878,#1132,#1134,.T.);
#1132 = VERTEX_POINT('',#1133);
#1133 = CARTESIAN_POINT('',(140.9618,353.20712269223,111.01590388718));
#1134 = SURFACE_CURVE('',#1135,(#1138,#1145),.PCURVE_S1.);
#1135 = B_SPLINE_CURVE_WITH_KNOTS('',1,(#1136,#1137),.UNSPECIFIED.,.F.,
  .F.,(2,2),(3.,4.),.PIECEWISE_BEZIER_KNOTS.);
#1136 = CARTESIAN_POINT('',(140.9618,353.59160995021,111.05556615077));
#1137 = CARTESIAN_POINT('',(140.9618,353.20712269223,111.01590388718));
#1138 = PCURVE('',#974,#1139);
#1139 = DEFINITIONAL_REPRESENTATION('',(#1140),#1144);
#1140 = LINE('',#1141,#1142);
#1141 = CARTESIAN_POINT('',(0.,0.));
#1142 = VECTOR('',#1143,1.);
#1143 = DIRECTION('',(1.,0.));
#1144 = ( GEOMETRIC_REPRESENTATION_CONTEXT(2) 
PARAMETRIC_REPRESENTATION_CONTEXT() REPRESENTATION_CONTEXT('2D SPACE',''
  ) );
#1145 = PCURVE('',#165,#1146);
#1146 = DEFINITIONAL_REPRESENTATION('',(#1147),#1150);
#1147 = B_SPLINE_CURVE_WITH_KNOTS('',1,(#1148,#1149),.UNSPECIFIED.,.F.,
  .F.,(2,2),(3.,4.),.PIECEWISE_BEZIER_KNOTS.);
#1148 = CARTESIAN_POINT('',(1.156796100707,5.730511914531E-02));
#1149 = CARTESIAN_POINT('',(1.543178644726,6.789173244842E-02));
#1150 = ( GEOMETRIC_REPRESENTATION_CONTEXT(2) 
PARAMETRIC_REPRESENTATION_CONTEXT() REPRESENTATION_CONTEXT('2D SPACE',''
  ) );
#1151 = ORIENTED_EDGE('',*,*,#1152,.T.);
#1152 = EDGE_CURVE('',#1132,#1153,#1155,.T.);
#1153 = VERTEX_POINT('',#1154);
#1154 = CARTESIAN_POINT('',(397.6403,347.82256282241,110.92187467358));
#1155 = SURFACE_CURVE('',#1156,(#1220,#1227),.PCURVE_S1.);
#1156 = ( BOUNDED_CURVE() B_SPLINE_CURVE(3,(#1157,#1158,#1159,#1160,
    #1161,#1162,#1163,#1164,#1165,#1166,#1167,#1168,#1169,#1170,#1171,
    #1172,#1173,#1174,#1175,#1176,#1177,#1178,#1179,#1180,#1181,#1182,
    #1183,#1184,#1185,#1186,#1187,#1188,#1189,#1190,#1191,#1192,#1193,
    #1194,#1195,#1196,#1197,#1198,#1199,#1200,#1201,#1202,#1203,#1204,
    #1205,#1206,#1207,#1208,#1209,#1210,#1211,#1212,#1213,#1214,#1215,
    #1216,#1217,#1218,#1219),.UNSPECIFIED.,.F.,.F.) 
B_SPLINE_CURVE_WITH_KNOTS((4,1,1,1,1,1,1,1,1,1,1,1,1,1,1,1,1,1,1,1,1,1,1
    ,1,1,1,1,1,1,1,1,1,1,1,1,1,1,1,1,1,1,1,1,1,1,1,1,1,1,1,1,1,1,1,1,1,1
    ,1,1,1,4),(0.,1.671834126768E-02,3.328707673398E-02,
    5.001744466419E-02,6.648650714478E-02,8.348892901119E-02,
    9.999486964001E-02,0.11646941087,0.133815549619,0.150618938677,
    0.167038735703,0.183454077407,0.199862498306,0.216272023155,
    0.232682039048,0.249094136,0.265517101832,0.28195250261,
    0.298446383618,0.315002877417,0.331625113939,0.348307612691,
    0.365035992875,0.381711213613,0.398301880653,0.414823418335,
    0.431326889702,0.448164125522,0.464772555536,0.481574851679,
    0.498833916597,0.516076325801,0.532869467448,0.550364700599,
    0.567182918644,0.58368017293,0.60020088702,0.616790522208,
    0.633466402799,0.650196996519,0.66688122827,0.683506031496,
    0.700063533111,0.716557401724,0.732992840875,0.749415744672,
    0.765827967007,0.78223726506,0.798647812608,0.815056815176,
    0.831475231221,0.84789937286,0.864694545606,0.881987572306,
    0.898456926779,0.91536479181,0.932301655256,0.949102498792,
0.966203962862,0.982810298735,1.),.UNSPECIFIED.) CURVE() 
GEOMETRIC_REPRESENTATION_ITEM() RATIONAL_B_SPLINE_CURVE((1.,
    1.000000000007,0.999999999997,1.000000000001,1.,1.,1.,1.,1.,1.,1.,1.
    ,1.,1.,1.,1.,1.,1.,1.,1.,1.,1.,1.,1.,1.,1.,1.,1.,1.,1.,1.,1.,1.,1.,
    1.,1.,1.,1.,1.,1.,1.,1.,1.,1.,1.,1.,1.,1.,1.,1.,1.,1.,1.,1.,1.,1.,1.
    ,1.,1.000000000001,0.999999999996,1.000000000014,0.999999999969,1.))
 REPRESENTATION_ITEM('') );
#1157 = CARTESIAN_POINT('',(140.9618,353.20712269223,111.01590388718));
#1158 = CARTESIAN_POINT('',(142.09540904743,352.60054489524,
    111.0591149843));
#1159 = CARTESIAN_POINT('',(145.34352279277,353.84231786154,
    111.18189566779));
#1160 = CARTESIAN_POINT('',(149.51920541273,354.11159023311,
    111.34117679228));
#1161 = CARTESIAN_POINT('',(153.74675028087,353.38000881457,
    111.41709882244));
#1162 = CARTESIAN_POINT('',(158.17058310233,353.07356946679,
    111.52443472136));
#1163 = CARTESIAN_POINT('',(162.26698448152,353.35568879693,
    111.74414945053));
#1164 = CARTESIAN_POINT('',(166.61873526807,354.15292709903,
    111.98850669562));
#1165 = CARTESIAN_POINT('',(171.05025168138,353.9673059643,
    112.07573593682));
#1166 = CARTESIAN_POINT('',(175.09238100893,356.70310144573,
    112.5636463073));
#1167 = CARTESIAN_POINT('',(179.41643525083,357.72143461844,
    112.80728824032));
#1168 = CARTESIAN_POINT('',(183.74465399728,357.73052442248,
    112.86882611023));
#1169 = CARTESIAN_POINT('',(188.01748830499,357.88827347284,
    112.92822840982));
#1170 = CARTESIAN_POINT('',(192.29804434258,357.9786979591,
    112.99699961706));
#1171 = CARTESIAN_POINT('',(196.57544693057,358.03262488532,
    113.04245127253));
#1172 = CARTESIAN_POINT('',(200.85359337877,358.03040333365,
    113.10718210464));
#1173 = CARTESIAN_POINT('',(205.13313267918,358.03920909661,
    113.13357448816));
#1174 = CARTESIAN_POINT('',(209.41029445154,358.01086830318,
    113.19480720013));
#1175 = CARTESIAN_POINT('',(213.69566833045,357.9147807425,
    113.23543758001));
#1176 = CARTESIAN_POINT('',(217.97323994091,357.86111370489,
    113.33013602333));
#1177 = CARTESIAN_POINT('',(222.25201002744,357.8111708711,
    113.45018436555));
#1178 = CARTESIAN_POINT('',(226.52878947893,357.71438438036,
    113.59177502165));
#1179 = CARTESIAN_POINT('',(230.80631705996,357.63867048486,
    113.73713325324));
#1180 = CARTESIAN_POINT('',(235.06961741834,357.63087446716,
    113.87522196696));
#1181 = CARTESIAN_POINT('',(239.34364675972,357.55897670634,
    113.92617126974));
#1182 = CARTESIAN_POINT('',(243.62590118763,357.42082951202,
    113.81480897401));
#1183 = CARTESIAN_POINT('',(247.90145862716,357.16378559627,
    113.70605377168));
#1184 = CARTESIAN_POINT('',(252.24748803221,356.982534529,
    113.08241500176));
#1185 = CARTESIAN_POINT('',(256.42226459116,355.21643354117,
    113.52188622948));
#1186 = CARTESIAN_POINT('',(260.774587196,355.0078586944,113.64804388518
    ));
#1187 = CARTESIAN_POINT('',(265.08553351846,353.86560269773,
    114.27701380276));
#1188 = CARTESIAN_POINT('',(269.30435854157,351.79109962054,
    113.64713630246));
#1189 = CARTESIAN_POINT('',(273.49463672784,349.72722461036,
    113.97886592479));
#1190 = CARTESIAN_POINT('',(277.98553204283,348.92238080959,
    113.1836890916));
#1191 = CARTESIAN_POINT('',(282.02098866206,346.63152635269,
    112.91690340901));
#1192 = CARTESIAN_POINT('',(286.37785805657,345.2695549653,
    112.20674456011));
#1193 = CARTESIAN_POINT('',(290.69560185407,345.18745931692,
    112.7222954439));
#1194 = CARTESIAN_POINT('',(294.97762712103,345.06757549425,
    112.79134989046));
#1195 = CARTESIAN_POINT('',(299.25829278307,345.23342474351,
    112.83769186643));
#1196 = CARTESIAN_POINT('',(303.53281780748,345.48255144127,
    112.76043016446));
#1197 = CARTESIAN_POINT('',(307.79563331651,345.78086280202,
    112.62018129736));
#1198 = CARTESIAN_POINT('',(312.07349323989,345.93305304687,
    112.49610259708));
#1199 = CARTESIAN_POINT('',(316.34983972698,346.07238385571,
    112.36365868945));
#1200 = CARTESIAN_POINT('',(320.62873034613,346.13988697162,
    112.27623572321));
#1201 = CARTESIAN_POINT('',(324.90645535717,346.25728936543,
    112.19197190665));
#1202 = CARTESIAN_POINT('',(329.19177427478,346.16804335502,
    112.19912879154));
#1203 = CARTESIAN_POINT('',(333.46902839726,346.20856508217,
    112.19717718336));
#1204 = CARTESIAN_POINT('',(337.74832561117,346.20241110403,
    112.19246552677));
#1205 = CARTESIAN_POINT('',(342.02697062847,346.19859308887,
    112.19138254119));
#1206 = CARTESIAN_POINT('',(346.30391351544,346.27880733026,
    112.17905762677));
#1207 = CARTESIAN_POINT('',(350.58496238288,346.31192864473,
    112.15493625473));
#1208 = CARTESIAN_POINT('',(354.8577723004,346.5466611104,
    112.08925944481));
#1209 = CARTESIAN_POINT('',(359.18388688825,346.36104029567,
    112.10704164215));
#1210 = CARTESIAN_POINT('',(363.5052046971,347.41566423107,
    111.89848617472));
#1211 = CARTESIAN_POINT('',(367.54865046447,349.60216578746,
    111.52120297355));
#1212 = CARTESIAN_POINT('',(372.05847150757,348.99922439383,
    111.47663798608));
#1213 = CARTESIAN_POINT('',(376.24564436291,350.94519686407,
    111.11030367013));
#1214 = CARTESIAN_POINT('',(380.50353796332,350.38224544593,
    111.03287539201));
#1215 = CARTESIAN_POINT('',(384.85798865987,349.81291736766,
    110.96746819471));
#1216 = CARTESIAN_POINT('',(389.02722072527,348.53569968913,
    110.97105671043));
#1217 = CARTESIAN_POINT('',(393.32393006004,348.46600332463,
    110.89395207574));
#1218 = CARTESIAN_POINT('',(396.53994441614,350.52176677177,
    110.69509903291));
#1219 = CARTESIAN_POINT('',(397.6403,347.82256282241,110.92187467358));
#1220 = PCURVE('',#974,#1221);
#1221 = DEFINITIONAL_REPRESENTATION('',(#1222),#1226);
#1222 = LINE('',#1223,#1224);
#1223 = CARTESIAN_POINT('',(4.,0.));
#1224 = VECTOR('',#1225,1.);
#1225 = DIRECTION('',(0.,1.));
#1226 = ( GEOMETRIC_REPRESENTATION_CONTEXT(2) 
PARAMETRIC_REPRESENTATION_CONTEXT() REPRESENTATION_CONTEXT('2D SPACE',''
  ) );
#1227 = PCURVE('',#1228,#1355);
#1228 = ( BOUNDED_SURFACE() B_SPLINE_SURFACE(1,3,(
    (#1229,#1230,#1231,#1232,#1233,#1234,#1235,#1236,#1237,#1238,#1239
      ,#1240,#1241,#1242,#1243,#1244,#1245,#1246,#1247,#1248,#1249,#1250
      ,#1251,#1252,#1253,#1254,#1255,#1256,#1257,#1258,#1259,#1260,#1261
      ,#1262,#1263,#1264,#1265,#1266,#1267,#1268,#1269,#1270,#1271,#1272
      ,#1273,#1274,#1275,#1276,#1277,#1278,#1279,#1280,#1281,#1282,#1283
      ,#1284,#1285,#1286,#1287,#1288,#1289,#1290,#1291)
    ,(#1292,#1293,#1294,#1295,#1296,#1297,#1298,#1299,#1300,#1301,#1302
      ,#1303,#1304,#1305,#1306,#1307,#1308,#1309,#1310,#1311,#1312,#1313
      ,#1314,#1315,#1316,#1317,#1318,#1319,#1320,#1321,#1322,#1323,#1324
      ,#1325,#1326,#1327,#1328,#1329,#1330,#1331,#1332,#1333,#1334,#1335
      ,#1336,#1337,#1338,#1339,#1340,#1341,#1342,#1343,#1344,#1345,#1346
      ,#1347,#1348,#1349,#1350,#1351,#1352,#1353,#1354
)),.UNSPECIFIED.,.F.,.F.,.F.) B_SPLINE_SURFACE_WITH_KNOTS((2,2),(4,1,1,1
    ,1,1,1,1,1,1,1,1,1,1,1,1,1,1,1,1,1,1,1,1,1,1,1,1,1,1,1,1,1,1,1,1,1,1
    ,1,1,1,1,1,1,1,1,1,1,1,1,1,1,1,1,1,1,1,1,1,1,4),(4.,5.),(0.,
    1.671834126768E-02,3.328707673398E-02,5.001744466419E-02,
    6.648650714478E-02,8.348892901119E-02,9.999486964001E-02,
    0.11646941087,0.133815549619,0.150618938677,0.167038735703,
    0.183454077407,0.199862498306,0.216272023155,0.232682039048,
    0.249094136,0.265517101832,0.28195250261,0.298446383618,
    0.315002877417,0.331625113939,0.348307612691,0.365035992875,
    0.381711213613,0.398301880653,0.414823418335,0.431326889702,
    0.448164125522,0.464772555536,0.481574851679,0.498833916597,
    0.516076325801,0.532869467448,0.550364700599,0.567182918644,
    0.58368017293,0.60020088702,0.616790522208,0.633466402799,
    0.650196996519,0.66688122827,0.683506031496,0.700063533111,
    0.716557401724,0.732992840875,0.749415744672,0.765827967007,
    0.78223726506,0.798647812608,0.815056815176,0.831475231221,
    0.84789937286,0.864694545606,0.881987572306,0.898456926779,
    0.91536479181,0.932301655256,0.949102498792,0.966203962862,
0.982810298735,1.),.UNSPECIFIED.) GEOMETRIC_REPRESENTATION_ITEM() 
RATIONAL_B_SPLINE_SURFACE((
    (1.,1.000000000007,0.999999999997,1.000000000001,1.,1.,1.,1.,1.,1.
      ,1.,1.,1.,1.,1.,1.,1.,1.,1.,1.,1.,1.,1.,1.,1.,1.,1.,1.,1.,1.,1.,1.
      ,1.,1.,1.,1.,1.,1.,1.,1.,1.,1.,1.,1.,1.,1.,1.,1.,1.,1.,1.,1.,1.,1.
      ,1.,1.,1.,1.,1.000000000001,0.999999999996,1.000000000014
      ,0.999999999969,1.)
    ,(1.,1.000000000007,0.999999999997,1.000000000001,1.,1.,1.,1.,1.,1.
      ,1.,1.,1.,1.,1.,1.,1.,1.,1.,1.,1.,1.,1.,1.,1.,1.,1.,1.,1.,1.,1.,1.
      ,1.,1.,1.,1.,1.,1.,1.,1.,1.,1.,1.,1.,1.,1.,1.,1.,1.,1.,1.,1.,1.,1.
      ,1.,1.,1.,1.,1.000000000001,0.999999999996,1.000000000014
,0.999999999969,1.))) REPRESENTATION_ITEM('') SURFACE() );
#1229 = CARTESIAN_POINT('',(140.9618,353.20712269223,111.01590388718));
#1230 = CARTESIAN_POINT('',(142.09540904743,352.60054489524,
    111.0591149843));
#1231 = CARTESIAN_POINT('',(145.34352279277,353.84231786154,
    111.18189566779));
#1232 = CARTESIAN_POINT('',(149.51920541273,354.11159023311,
    111.34117679228));
#1233 = CARTESIAN_POINT('',(153.74675028087,353.38000881457,
    111.41709882244));
#1234 = CARTESIAN_POINT('',(158.17058310233,353.07356946679,
    111.52443472136));
#1235 = CARTESIAN_POINT('',(162.26698448152,353.35568879693,
    111.74414945053));
#1236 = CARTESIAN_POINT('',(166.61873526807,354.15292709903,
    111.98850669562));
#1237 = CARTESIAN_POINT('',(171.05025168138,353.9673059643,
    112.07573593682));
#1238 = CARTESIAN_POINT('',(175.09238100893,356.70310144573,
    112.5636463073));
#1239 = CARTESIAN_POINT('',(179.41643525083,357.72143461844,
    112.80728824032));
#1240 = CARTESIAN_POINT('',(183.74465399728,357.73052442248,
    112.86882611023));
#1241 = CARTESIAN_POINT('',(188.01748830499,357.88827347284,
    112.92822840982));
#1242 = CARTESIAN_POINT('',(192.29804434258,357.9786979591,
    112.99699961706));
#1243 = CARTESIAN_POINT('',(196.57544693057,358.03262488532,
    113.04245127253));
#1244 = CARTESIAN_POINT('',(200.85359337877,358.03040333365,
    113.10718210464));
#1245 = CARTESIAN_POINT('',(205.13313267918,358.03920909661,
    113.13357448816));
#1246 = CARTESIAN_POINT('',(209.41029445154,358.01086830318,
    113.19480720013));
#1247 = CARTESIAN_POINT('',(213.69566833045,357.9147807425,
    113.23543758001));
#1248 = CARTESIAN_POINT('',(217.97323994091,357.86111370489,
    113.33013602333));
#1249 = CARTESIAN_POINT('',(222.25201002744,357.8111708711,
    113.45018436555));
#1250 = CARTESIAN_POINT('',(226.52878947893,357.71438438036,
    113.59177502165));
#1251 = CARTESIAN_POINT('',(230.80631705996,357.63867048486,
    113.73713325324));
#1252 = CARTESIAN_POINT('',(235.06961741834,357.63087446716,
    113.87522196696));
#1253 = CARTESIAN_POINT('',(239.34364675972,357.55897670634,
    113.92617126974));
#1254 = CARTESIAN_POINT('',(243.62590118763,357.42082951202,
    113.81480897401));
#1255 = CARTESIAN_POINT('',(247.90145862716,357.16378559627,
    113.70605377168));
#1256 = CARTESIAN_POINT('',(252.24748803221,356.982534529,
    113.08241500176));
#1257 = CARTESIAN_POINT('',(256.42226459116,355.21643354117,
    113.52188622948));
#1258 = CARTESIAN_POINT('',(260.774587196,355.0078586944,113.64804388518
    ));
#1259 = CARTESIAN_POINT('',(265.08553351846,353.86560269773,
    114.27701380276));
#1260 = CARTESIAN_POINT('',(269.30435854157,351.79109962054,
    113.64713630246));
#1261 = CARTESIAN_POINT('',(273.49463672784,349.72722461036,
    113.97886592479));
#1262 = CARTESIAN_POINT('',(277.98553204283,348.92238080959,
    113.1836890916));
#1263 = CARTESIAN_POINT('',(282.02098866206,346.63152635269,
    112.91690340901));
#1264 = CARTESIAN_POINT('',(286.37785805657,345.2695549653,
    112.20674456011));
#1265 = CARTESIAN_POINT('',(290.69560185407,345.18745931692,
    112.7222954439));
#1266 = CARTESIAN_POINT('',(294.97762712103,345.06757549425,
    112.79134989046));
#1267 = CARTESIAN_POINT('',(299.25829278307,345.23342474351,
    112.83769186643));
#1268 = CARTESIAN_POINT('',(303.53281780748,345.48255144127,
    112.76043016446));
#1269 = CARTESIAN_POINT('',(307.79563331651,345.78086280202,
    112.62018129736));
#1270 = CARTESIAN_POINT('',(312.07349323989,345.93305304687,
    112.49610259708));
#1271 = CARTESIAN_POINT('',(316.34983972698,346.07238385571,
    112.36365868945));
#1272 = CARTESIAN_POINT('',(320.62873034613,346.13988697162,
    112.27623572321));
#1273 = CARTESIAN_POINT('',(324.90645535717,346.25728936543,
    112.19197190665));
#1274 = CARTESIAN_POINT('',(329.19177427478,346.16804335502,
    112.19912879154));
#1275 = CARTESIAN_POINT('',(333.46902839726,346.20856508217,
    112.19717718336));
#1276 = CARTESIAN_POINT('',(337.74832561117,346.20241110403,
    112.19246552677));
#1277 = CARTESIAN_POINT('',(342.02697062847,346.19859308887,
    112.19138254119));
#1278 = CARTESIAN_POINT('',(346.30391351544,346.27880733026,
    112.17905762677));
#1279 = CARTESIAN_POINT('',(350.58496238288,346.31192864473,
    112.15493625473));
#1280 = CARTESIAN_POINT('',(354.8577723004,346.5466611104,
    112.08925944481));
#1281 = CARTESIAN_POINT('',(359.18388688825,346.36104029567,
    112.10704164215));
#1282 = CARTESIAN_POINT('',(363.5052046971,347.41566423107,
    111.89848617472));
#1283 = CARTESIAN_POINT('',(367.54865046447,349.60216578746,
    111.52120297355));
#1284 = CARTESIAN_POINT('',(372.05847150757,348.99922439383,
    111.47663798608));
#1285 = CARTESIAN_POINT('',(376.24564436291,350.94519686407,
    111.11030367013));
#1286 = CARTESIAN_POINT('',(380.50353796332,350.38224544593,
    111.03287539201));
#1287 = CARTESIAN_POINT('',(384.85798865987,349.81291736766,
    110.96746819471));
#1288 = CARTESIAN_POINT('',(389.02722072527,348.53569968913,
    110.97105671043));
#1289 = CARTESIAN_POINT('',(393.32393006004,348.46600332463,
    110.89395207574));
#1290 = CARTESIAN_POINT('',(396.53994441614,350.52176677177,
    110.69509903291));
#1291 = CARTESIAN_POINT('',(397.6403,347.82256282241,110.92187467358));
#1292 = CARTESIAN_POINT('',(140.9618,352.82286906754,110.9739880388));
#1293 = CARTESIAN_POINT('',(142.09540904743,352.01439431963,
    110.99105116301));
#1294 = CARTESIAN_POINT('',(145.34352279277,353.39617783671,
    111.13358620904));
#1295 = CARTESIAN_POINT('',(149.51920541273,353.48100013768,
    111.24846180239));
#1296 = CARTESIAN_POINT('',(153.74675028087,352.70636342102,
    111.31625661184));
#1297 = CARTESIAN_POINT('',(158.17058310233,352.44448026389,
    111.43597836347));
#1298 = CARTESIAN_POINT('',(162.26698448152,352.48719252028,
    111.61347665238));
#1299 = CARTESIAN_POINT('',(166.61873526807,353.24086789032,
    111.83743476104));
#1300 = CARTESIAN_POINT('',(171.05025168138,353.01700630287,
    111.92315474691));
#1301 = CARTESIAN_POINT('',(175.09238100893,355.55887155798,
    112.37649810837));
#1302 = CARTESIAN_POINT('',(179.41643525083,356.39646794388,
    112.56907218038));
#1303 = CARTESIAN_POINT('',(183.74465399728,356.41657958643,
    112.64132303511));
#1304 = CARTESIAN_POINT('',(188.01748830499,356.53688504699,
    112.68361901206));
#1305 = CARTESIAN_POINT('',(192.29804434258,356.62403620774,
    112.74801298047));
#1306 = CARTESIAN_POINT('',(196.57544693057,356.66591141227,
    112.77695414207));
#1307 = CARTESIAN_POINT('',(200.85359337877,356.66034732988,
    112.82193822142));
#1308 = CARTESIAN_POINT('',(205.13313267918,356.67621231726,
    112.81768772818));
#1309 = CARTESIAN_POINT('',(209.41029445154,356.67167365456,
    112.87201413378));
#1310 = CARTESIAN_POINT('',(213.69566833045,356.59964596404,
    112.89856545533));
#1311 = CARTESIAN_POINT('',(217.97323994091,356.59752949937,
    112.98860607096));
#1312 = CARTESIAN_POINT('',(222.25201002744,356.6077220959,
    113.10978545225));
#1313 = CARTESIAN_POINT('',(226.52878947893,356.58211692279,
    113.25040206039));
#1314 = CARTESIAN_POINT('',(230.80631705996,356.58336433582,
    113.39115931414));
#1315 = CARTESIAN_POINT('',(235.06961741834,356.65829840677,
    113.52541108632));
#1316 = CARTESIAN_POINT('',(239.34364675972,356.67002739561,
    113.57421087267));
#1317 = CARTESIAN_POINT('',(243.62590118763,356.60920511721,
    113.48301282909));
#1318 = CARTESIAN_POINT('',(247.90145862716,356.42159210234,
    113.4092263643));
#1319 = CARTESIAN_POINT('',(252.24748803221,356.32502318684,
    112.81941251418));
#1320 = CARTESIAN_POINT('',(256.42226459116,354.54324288231,
    113.33841682366));
#1321 = CARTESIAN_POINT('',(260.774587196,354.36342539424,
    113.53724540187));
#1322 = CARTESIAN_POINT('',(265.08553351846,353.17985694489,
    114.20452315146));
#1323 = CARTESIAN_POINT('',(269.30435854157,351.14072388422,
    113.65685695483));
#1324 = CARTESIAN_POINT('',(273.49463672784,349.04930496248,
    114.07073531304));
#1325 = CARTESIAN_POINT('',(277.98553204283,348.29666359907,
    113.34303754382));
#1326 = CARTESIAN_POINT('',(282.02098866206,345.98020921476,
    113.14775027759));
#1327 = CARTESIAN_POINT('',(286.37785805657,344.64154843881,
    112.53797565229));
#1328 = CARTESIAN_POINT('',(290.69560185407,344.47757616477,
    113.0889879503));
#1329 = CARTESIAN_POINT('',(294.97762712103,344.28578518783,
    113.18516378595));
#1330 = CARTESIAN_POINT('',(299.25829278307,344.36603997473,
    113.23478812961));
#1331 = CARTESIAN_POINT('',(303.53281780748,344.52902778795,
    113.15307093362));
#1332 = CARTESIAN_POINT('',(307.79563331651,344.7397672113,
    113.00324435182));
#1333 = CARTESIAN_POINT('',(312.07349323989,344.81016335616,
    112.86868845795));
#1334 = CARTESIAN_POINT('',(316.34983972698,344.87644627867,
    112.73229620446));
#1335 = CARTESIAN_POINT('',(320.62873034613,344.87829808855,
    112.63293127031));
#1336 = CARTESIAN_POINT('',(324.90645535717,344.94278807513,
    112.54318598562));
#1337 = CARTESIAN_POINT('',(329.19177427478,344.82604348885,
    112.53665322047));
#1338 = CARTESIAN_POINT('',(333.46902839726,344.84124841667,
    112.51598855254));
#1339 = CARTESIAN_POINT('',(337.74832561117,344.82780375253,
    112.49500052004));
#1340 = CARTESIAN_POINT('',(342.02697062847,344.82597443673,
    112.48443783778));
#1341 = CARTESIAN_POINT('',(346.30391351544,344.92421460009,
    112.45277674398));
#1342 = CARTESIAN_POINT('',(350.58496238288,344.9600500666,
    112.41492887904));
#1343 = CARTESIAN_POINT('',(354.8577723004,345.23100430196,
    112.3369922801));
#1344 = CARTESIAN_POINT('',(359.18388688825,345.06427899903,
    112.34688727717));
#1345 = CARTESIAN_POINT('',(363.5052046971,346.22066990807,
    112.11382056594));
#1346 = CARTESIAN_POINT('',(367.54865046447,348.60611215248,
    111.69641718952));
#1347 = CARTESIAN_POINT('',(372.05847150757,348.01325533376,
    111.65425821972));
#1348 = CARTESIAN_POINT('',(376.24564436291,350.11479733226,
    111.25778740945));
#1349 = CARTESIAN_POINT('',(380.50353796332,349.73481856544,
    111.14411819739));
#1350 = CARTESIAN_POINT('',(384.85798865987,349.20323922395,
    111.06361574407));
#1351 = CARTESIAN_POINT('',(389.02722072527,347.98593356684,
    111.05803100984));
#1352 = CARTESIAN_POINT('',(393.32393006004,348.07512067438,
    110.95031006697));
#1353 = CARTESIAN_POINT('',(396.53994441614,350.12799504584,
    110.73010579321));
#1354 = CARTESIAN_POINT('',(397.6403,347.45202528707,110.96607199658));
#1355 = DEFINITIONAL_REPRESENTATION('',(#1356),#1360);
#1356 = LINE('',#1357,#1358);
#1357 = CARTESIAN_POINT('',(4.,0.));
#1358 = VECTOR('',#1359,1.);
#1359 = DIRECTION('',(0.,1.));
#1360 = ( GEOMETRIC_REPRESENTATION_CONTEXT(2) 
PARAMETRIC_REPRESENTATION_CONTEXT() REPRESENTATION_CONTEXT('2D SPACE',''
  ) );
#1361 = ORIENTED_EDGE('',*,*,#1362,.F.);
#1362 = EDGE_CURVE('',#899,#1153,#1363,.T.);
#1363 = SURFACE_CURVE('',#1364,(#1367,#1374),.PCURVE_S1.);
#1364 = B_SPLINE_CURVE_WITH_KNOTS('',1,(#1365,#1366),.UNSPECIFIED.,.F.,
  .F.,(2,2),(3.,4.),.PIECEWISE_BEZIER_KNOTS.);
#1365 = CARTESIAN_POINT('',(397.6403,348.19310035775,110.87767735057));
#1366 = CARTESIAN_POINT('',(397.6403,347.82256282241,110.92187467358));
#1367 = PCURVE('',#974,#1368);
#1368 = DEFINITIONAL_REPRESENTATION('',(#1369),#1373);
#1369 = LINE('',#1370,#1371);
#1370 = CARTESIAN_POINT('',(0.,1.));
#1371 = VECTOR('',#1372,1.);
#1372 = DIRECTION('',(1.,0.));
#1373 = ( GEOMETRIC_REPRESENTATION_CONTEXT(2) 
PARAMETRIC_REPRESENTATION_CONTEXT() REPRESENTATION_CONTEXT('2D SPACE',''
  ) );
#1374 = PCURVE('',#401,#1375);
#1375 = DEFINITIONAL_REPRESENTATION('',(#1376),#1379);
#1376 = B_SPLINE_CURVE_WITH_KNOTS('',1,(#1377,#1378),.UNSPECIFIED.,.F.,
  .F.,(2,2),(3.,4.),.PIECEWISE_BEZIER_KNOTS.);
#1377 = CARTESIAN_POINT('',(1.11933015547,-1.65830591755E-02));
#1378 = CARTESIAN_POINT('',(1.492458004806,-2.178656811921E-02));
#1379 = ( GEOMETRIC_REPRESENTATION_CONTEXT(2) 
PARAMETRIC_REPRESENTATION_CONTEXT() REPRESENTATION_CONTEXT('2D SPACE',''
  ) );
#1380 = ORIENTED_EDGE('',*,*,#898,.F.);
#1381 = ADVANCED_FACE('',(#1382),#1228,.T.);
#1382 = FACE_BOUND('',#1383,.T.);
#1383 = EDGE_LOOP('',(#1384,#1405,#1615,#1634));
#1384 = ORIENTED_EDGE('',*,*,#1385,.T.);
#1385 = EDGE_CURVE('',#1132,#1386,#1388,.T.);
#1386 = VERTEX_POINT('',#1387);
#1387 = CARTESIAN_POINT('',(140.9618,352.82286906754,110.9739880388));
#1388 = SURFACE_CURVE('',#1389,(#1392,#1399),.PCURVE_S1.);
#1389 = B_SPLINE_CURVE_WITH_KNOTS('',1,(#1390,#1391),.UNSPECIFIED.,.F.,
  .F.,(2,2),(4.,5.),.PIECEWISE_BEZIER_KNOTS.);
#1390 = CARTESIAN_POINT('',(140.9618,353.20712269223,111.01590388718));
#1391 = CARTESIAN_POINT('',(140.9618,352.82286906754,110.9739880388));
#1392 = PCURVE('',#1228,#1393);
#1393 = DEFINITIONAL_REPRESENTATION('',(#1394),#1398);
#1394 = LINE('',#1395,#1396);
#1395 = CARTESIAN_POINT('',(0.,0.));
#1396 = VECTOR('',#1397,1.);
#1397 = DIRECTION('',(1.,0.));
#1398 = ( GEOMETRIC_REPRESENTATION_CONTEXT(2) 
PARAMETRIC_REPRESENTATION_CONTEXT() REPRESENTATION_CONTEXT('2D SPACE',''
  ) );
#1399 = PCURVE('',#165,#1400);
#1400 = DEFINITIONAL_REPRESENTATION('',(#1401),#1404);
#1401 = B_SPLINE_CURVE_WITH_KNOTS('',1,(#1402,#1403),.UNSPECIFIED.,.F.,
  .F.,(2,2),(4.,5.),.PIECEWISE_BEZIER_KNOTS.);
#1402 = CARTESIAN_POINT('',(1.543178644726,6.789173244842E-02));
#1403 = CARTESIAN_POINT('',(1.929622087672,7.621350132355E-02));
#1404 = ( GEOMETRIC_REPRESENTATION_CONTEXT(2) 
PARAMETRIC_REPRESENTATION_CONTEXT() REPRESENTATION_CONTEXT('2D SPACE',''
  ) );
#1405 = ORIENTED_EDGE('',*,*,#1406,.T.);
#1406 = EDGE_CURVE('',#1386,#1407,#1409,.T.);
#1407 = VERTEX_POINT('',#1408);
#1408 = CARTESIAN_POINT('',(397.6403,347.45202528707,110.96607199658));
#1409 = SURFACE_CURVE('',#1410,(#1474,#1481),.PCURVE_S1.);
#1410 = ( BOUNDED_CURVE() B_SPLINE_CURVE(3,(#1411,#1412,#1413,#1414,
    #1415,#1416,#1417,#1418,#1419,#1420,#1421,#1422,#1423,#1424,#1425,
    #1426,#1427,#1428,#1429,#1430,#1431,#1432,#1433,#1434,#1435,#1436,
    #1437,#1438,#1439,#1440,#1441,#1442,#1443,#1444,#1445,#1446,#1447,
    #1448,#1449,#1450,#1451,#1452,#1453,#1454,#1455,#1456,#1457,#1458,
    #1459,#1460,#1461,#1462,#1463,#1464,#1465,#1466,#1467,#1468,#1469,
    #1470,#1471,#1472,#1473),.UNSPECIFIED.,.F.,.F.) 
B_SPLINE_CURVE_WITH_KNOTS((4,1,1,1,1,1,1,1,1,1,1,1,1,1,1,1,1,1,1,1,1,1,1
    ,1,1,1,1,1,1,1,1,1,1,1,1,1,1,1,1,1,1,1,1,1,1,1,1,1,1,1,1,1,1,1,1,1,1
    ,1,1,1,4),(0.,1.671834126768E-02,3.328707673398E-02,
    5.001744466419E-02,6.648650714478E-02,8.348892901119E-02,
    9.999486964001E-02,0.11646941087,0.133815549619,0.150618938677,
    0.167038735703,0.183454077407,0.199862498306,0.216272023155,
    0.232682039048,0.249094136,0.265517101832,0.28195250261,
    0.298446383618,0.315002877417,0.331625113939,0.348307612691,
    0.365035992875,0.381711213613,0.398301880653,0.414823418335,
    0.431326889702,0.448164125522,0.464772555536,0.481574851679,
    0.498833916597,0.516076325801,0.532869467448,0.550364700599,
    0.567182918644,0.58368017293,0.60020088702,0.616790522208,
    0.633466402799,0.650196996519,0.66688122827,0.683506031496,
    0.700063533111,0.716557401724,0.732992840875,0.749415744672,
    0.765827967007,0.78223726506,0.798647812608,0.815056815176,
    0.831475231221,0.84789937286,0.864694545606,0.881987572306,
    0.898456926779,0.91536479181,0.932301655256,0.949102498792,
0.966203962862,0.982810298735,1.),.UNSPECIFIED.) CURVE() 
GEOMETRIC_REPRESENTATION_ITEM() RATIONAL_B_SPLINE_CURVE((1.,
    1.000000000007,0.999999999997,1.000000000001,1.,1.,1.,1.,1.,1.,1.,1.
    ,1.,1.,1.,1.,1.,1.,1.,1.,1.,1.,1.,1.,1.,1.,1.,1.,1.,1.,1.,1.,1.,1.,
    1.,1.,1.,1.,1.,1.,1.,1.,1.,1.,1.,1.,1.,1.,1.,1.,1.,1.,1.,1.,1.,1.,1.
    ,1.,1.000000000001,0.999999999996,1.000000000014,0.999999999969,1.))
 REPRESENTATION_ITEM('') );
#1411 = CARTESIAN_POINT('',(140.9618,352.82286906754,110.9739880388));
#1412 = CARTESIAN_POINT('',(142.09540904743,352.01439431963,
    110.99105116301));
#1413 = CARTESIAN_POINT('',(145.34352279277,353.39617783671,
    111.13358620904));
#1414 = CARTESIAN_POINT('',(149.51920541273,353.48100013768,
    111.24846180239));
#1415 = CARTESIAN_POINT('',(153.74675028087,352.70636342102,
    111.31625661184));
#1416 = CARTESIAN_POINT('',(158.17058310233,352.44448026389,
    111.43597836347));
#1417 = CARTESIAN_POINT('',(162.26698448152,352.48719252028,
    111.61347665238));
#1418 = CARTESIAN_POINT('',(166.61873526807,353.24086789032,
    111.83743476104));
#1419 = CARTESIAN_POINT('',(171.05025168138,353.01700630287,
    111.92315474691));
#1420 = CARTESIAN_POINT('',(175.09238100893,355.55887155798,
    112.37649810837));
#1421 = CARTESIAN_POINT('',(179.41643525083,356.39646794388,
    112.56907218038));
#1422 = CARTESIAN_POINT('',(183.74465399728,356.41657958643,
    112.64132303511));
#1423 = CARTESIAN_POINT('',(188.01748830499,356.53688504699,
    112.68361901206));
#1424 = CARTESIAN_POINT('',(192.29804434258,356.62403620774,
    112.74801298047));
#1425 = CARTESIAN_POINT('',(196.57544693057,356.66591141227,
    112.77695414207));
#1426 = CARTESIAN_POINT('',(200.85359337877,356.66034732988,
    112.82193822142));
#1427 = CARTESIAN_POINT('',(205.13313267918,356.67621231726,
    112.81768772818));
#1428 = CARTESIAN_POINT('',(209.41029445154,356.67167365456,
    112.87201413378));
#1429 = CARTESIAN_POINT('',(213.69566833045,356.59964596404,
    112.89856545533));
#1430 = CARTESIAN_POINT('',(217.97323994091,356.59752949937,
    112.98860607096));
#1431 = CARTESIAN_POINT('',(222.25201002744,356.6077220959,
    113.10978545225));
#1432 = CARTESIAN_POINT('',(226.52878947893,356.58211692279,
    113.25040206039));
#1433 = CARTESIAN_POINT('',(230.80631705996,356.58336433582,
    113.39115931414));
#1434 = CARTESIAN_POINT('',(235.06961741834,356.65829840677,
    113.52541108632));
#1435 = CARTESIAN_POINT('',(239.34364675972,356.67002739561,
    113.57421087267));
#1436 = CARTESIAN_POINT('',(243.62590118763,356.60920511721,
    113.48301282909));
#1437 = CARTESIAN_POINT('',(247.90145862716,356.42159210234,
    113.4092263643));
#1438 = CARTESIAN_POINT('',(252.24748803221,356.32502318684,
    112.81941251418));
#1439 = CARTESIAN_POINT('',(256.42226459116,354.54324288231,
    113.33841682366));
#1440 = CARTESIAN_POINT('',(260.774587196,354.36342539424,
    113.53724540187));
#1441 = CARTESIAN_POINT('',(265.08553351846,353.17985694489,
    114.20452315146));
#1442 = CARTESIAN_POINT('',(269.30435854157,351.14072388422,
    113.65685695483));
#1443 = CARTESIAN_POINT('',(273.49463672784,349.04930496248,
    114.07073531304));
#1444 = CARTESIAN_POINT('',(277.98553204283,348.29666359907,
    113.34303754382));
#1445 = CARTESIAN_POINT('',(282.02098866206,345.98020921476,
    113.14775027759));
#1446 = CARTESIAN_POINT('',(286.37785805657,344.64154843881,
    112.53797565229));
#1447 = CARTESIAN_POINT('',(290.69560185407,344.47757616477,
    113.0889879503));
#1448 = CARTESIAN_POINT('',(294.97762712103,344.28578518783,
    113.18516378595));
#1449 = CARTESIAN_POINT('',(299.25829278307,344.36603997473,
    113.23478812961));
#1450 = CARTESIAN_POINT('',(303.53281780748,344.52902778795,
    113.15307093362));
#1451 = CARTESIAN_POINT('',(307.79563331651,344.7397672113,
    113.00324435182));
#1452 = CARTESIAN_POINT('',(312.07349323989,344.81016335616,
    112.86868845795));
#1453 = CARTESIAN_POINT('',(316.34983972698,344.87644627867,
    112.73229620446));
#1454 = CARTESIAN_POINT('',(320.62873034613,344.87829808855,
    112.63293127031));
#1455 = CARTESIAN_POINT('',(324.90645535717,344.94278807513,
    112.54318598562));
#1456 = CARTESIAN_POINT('',(329.19177427478,344.82604348885,
    112.53665322047));
#1457 = CARTESIAN_POINT('',(333.46902839726,344.84124841667,
    112.51598855254));
#1458 = CARTESIAN_POINT('',(337.74832561117,344.82780375253,
    112.49500052004));
#1459 = CARTESIAN_POINT('',(342.02697062847,344.82597443673,
    112.48443783778));
#1460 = CARTESIAN_POINT('',(346.30391351544,344.92421460009,
    112.45277674398));
#1461 = CARTESIAN_POINT('',(350.58496238288,344.9600500666,
    112.41492887904));
#1462 = CARTESIAN_POINT('',(354.8577723004,345.23100430196,
    112.3369922801));
#1463 = CARTESIAN_POINT('',(359.18388688825,345.06427899903,
    112.34688727717));
#1464 = CARTESIAN_POINT('',(363.5052046971,346.22066990807,
    112.11382056594));
#1465 = CARTESIAN_POINT('',(367.54865046447,348.60611215248,
    111.69641718952));
#1466 = CARTESIAN_POINT('',(372.05847150757,348.01325533376,
    111.65425821972));
#1467 = CARTESIAN_POINT('',(376.24564436291,350.11479733226,
    111.25778740945));
#1468 = CARTESIAN_POINT('',(380.50353796332,349.73481856544,
    111.14411819739));
#1469 = CARTESIAN_POINT('',(384.85798865987,349.20323922395,
    111.06361574407));
#1470 = CARTESIAN_POINT('',(389.02722072527,347.98593356684,
    111.05803100984));
#1471 = CARTESIAN_POINT('',(393.32393006004,348.07512067438,
    110.95031006697));
#1472 = CARTESIAN_POINT('',(396.53994441614,350.12799504584,
    110.73010579321));
#1473 = CARTESIAN_POINT('',(397.6403,347.45202528707,110.96607199658));
#1474 = PCURVE('',#1228,#1475);
#1475 = DEFINITIONAL_REPRESENTATION('',(#1476),#1480);
#1476 = LINE('',#1477,#1478);
#1477 = CARTESIAN_POINT('',(5.,0.));
#1478 = VECTOR('',#1479,1.);
#1479 = DIRECTION('',(0.,1.));
#1480 = ( GEOMETRIC_REPRESENTATION_CONTEXT(2) 
PARAMETRIC_REPRESENTATION_CONTEXT() REPRESENTATION_CONTEXT('2D SPACE',''
  ) );
#1481 = PCURVE('',#1482,#1609);
#1482 = ( BOUNDED_SURFACE() B_SPLINE_SURFACE(1,3,(
    (#1483,#1484,#1485,#1486,#1487,#1488,#1489,#1490,#1491,#1492,#1493
      ,#1494,#1495,#1496,#1497,#1498,#1499,#1500,#1501,#1502,#1503,#1504
      ,#1505,#1506,#1507,#1508,#1509,#1510,#1511,#1512,#1513,#1514,#1515
      ,#1516,#1517,#1518,#1519,#1520,#1521,#1522,#1523,#1524,#1525,#1526
      ,#1527,#1528,#1529,#1530,#1531,#1532,#1533,#1534,#1535,#1536,#1537
      ,#1538,#1539,#1540,#1541,#1542,#1543,#1544,#1545)
    ,(#1546,#1547,#1548,#1549,#1550,#1551,#1552,#1553,#1554,#1555,#1556
      ,#1557,#1558,#1559,#1560,#1561,#1562,#1563,#1564,#1565,#1566,#1567
      ,#1568,#1569,#1570,#1571,#1572,#1573,#1574,#1575,#1576,#1577,#1578
      ,#1579,#1580,#1581,#1582,#1583,#1584,#1585,#1586,#1587,#1588,#1589
      ,#1590,#1591,#1592,#1593,#1594,#1595,#1596,#1597,#1598,#1599,#1600
      ,#1601,#1602,#1603,#1604,#1605,#1606,#1607,#1608
)),.UNSPECIFIED.,.F.,.F.,.F.) B_SPLINE_SURFACE_WITH_KNOTS((2,2),(4,1,1,1
    ,1,1,1,1,1,1,1,1,1,1,1,1,1,1,1,1,1,1,1,1,1,1,1,1,1,1,1,1,1,1,1,1,1,1
    ,1,1,1,1,1,1,1,1,1,1,1,1,1,1,1,1,1,1,1,1,1,1,4),(5.,6.),(0.,
    1.671834126768E-02,3.328707673398E-02,5.001744466419E-02,
    6.648650714478E-02,8.348892901119E-02,9.999486964001E-02,
    0.11646941087,0.133815549619,0.150618938677,0.167038735703,
    0.183454077407,0.199862498306,0.216272023155,0.232682039048,
    0.249094136,0.265517101832,0.28195250261,0.298446383618,
    0.315002877417,0.331625113939,0.348307612691,0.365035992875,
    0.381711213613,0.398301880653,0.414823418335,0.431326889702,
    0.448164125522,0.464772555536,0.481574851679,0.498833916597,
    0.516076325801,0.532869467448,0.550364700599,0.567182918644,
    0.58368017293,0.60020088702,0.616790522208,0.633466402799,
    0.650196996519,0.66688122827,0.683506031496,0.700063533111,
    0.716557401724,0.732992840875,0.749415744672,0.765827967007,
    0.78223726506,0.798647812608,0.815056815176,0.831475231221,
    0.84789937286,0.864694545606,0.881987572306,0.898456926779,
    0.91536479181,0.932301655256,0.949102498792,0.966203962862,
0.982810298735,1.),.UNSPECIFIED.) GEOMETRIC_REPRESENTATION_ITEM() 
RATIONAL_B_SPLINE_SURFACE((
    (1.,1.000000000007,0.999999999997,1.000000000001,1.,1.,1.,1.,1.,1.
      ,1.,1.,1.,1.,1.,1.,1.,1.,1.,1.,1.,1.,1.,1.,1.,1.,1.,1.,1.,1.,1.,1.
      ,1.,1.,1.,1.,1.,1.,1.,1.,1.,1.,1.,1.,1.,1.,1.,1.,1.,1.,1.,1.,1.,1.
      ,1.,1.,1.,1.,1.000000000001,0.999999999996,1.000000000014
      ,0.999999999969,1.)
    ,(1.,1.000000000007,0.999999999997,1.000000000001,1.,1.,1.,1.,1.,1.
      ,1.,1.,1.,1.,1.,1.,1.,1.,1.,1.,1.,1.,1.,1.,1.,1.,1.,1.,1.,1.,1.,1.
      ,1.,1.,1.,1.,1.,1.,1.,1.,1.,1.,1.,1.,1.,1.,1.,1.,1.,1.,1.,1.,1.,1.
      ,1.,1.,1.,1.,1.000000000001,0.999999999996,1.000000000014
,0.999999999969,1.))) REPRESENTATION_ITEM('') SURFACE() );
#1483 = CARTESIAN_POINT('',(140.9618,352.82286906754,110.9739880388));
#1484 = CARTESIAN_POINT('',(142.09540904743,352.01439431963,
    110.99105116301));
#1485 = CARTESIAN_POINT('',(145.34352279277,353.39617783671,
    111.13358620904));
#1486 = CARTESIAN_POINT('',(149.51920541273,353.48100013768,
    111.24846180239));
#1487 = CARTESIAN_POINT('',(153.74675028087,352.70636342102,
    111.31625661184));
#1488 = CARTESIAN_POINT('',(158.17058310233,352.44448026389,
    111.43597836347));
#1489 = CARTESIAN_POINT('',(162.26698448152,352.48719252028,
    111.61347665238));
#1490 = CARTESIAN_POINT('',(166.61873526807,353.24086789032,
    111.83743476104));
#1491 = CARTESIAN_POINT('',(171.05025168138,353.01700630287,
    111.92315474691));
#1492 = CARTESIAN_POINT('',(175.09238100893,355.55887155798,
    112.37649810837));
#1493 = CARTESIAN_POINT('',(179.41643525083,356.39646794388,
    112.56907218038));
#1494 = CARTESIAN_POINT('',(183.74465399728,356.41657958643,
    112.64132303511));
#1495 = CARTESIAN_POINT('',(188.01748830499,356.53688504699,
    112.68361901206));
#1496 = CARTESIAN_POINT('',(192.29804434258,356.62403620774,
    112.74801298047));
#1497 = CARTESIAN_POINT('',(196.57544693057,356.66591141227,
    112.77695414207));
#1498 = CARTESIAN_POINT('',(200.85359337877,356.66034732988,
    112.82193822142));
#1499 = CARTESIAN_POINT('',(205.13313267918,356.67621231726,
    112.81768772818));
#1500 = CARTESIAN_POINT('',(209.41029445154,356.67167365456,
    112.87201413378));
#1501 = CARTESIAN_POINT('',(213.69566833045,356.59964596404,
    112.89856545533));
#1502 = CARTESIAN_POINT('',(217.97323994091,356.59752949937,
    112.98860607096));
#1503 = CARTESIAN_POINT('',(222.25201002744,356.6077220959,
    113.10978545225));
#1504 = CARTESIAN_POINT('',(226.52878947893,356.58211692279,
    113.25040206039));
#1505 = CARTESIAN_POINT('',(230.80631705996,356.58336433582,
    113.39115931414));
#1506 = CARTESIAN_POINT('',(235.06961741834,356.65829840677,
    113.52541108632));
#1507 = CARTESIAN_POINT('',(239.34364675972,356.67002739561,
    113.57421087267));
#1508 = CARTESIAN_POINT('',(243.62590118763,356.60920511721,
    113.48301282909));
#1509 = CARTESIAN_POINT('',(247.90145862716,356.42159210234,
    113.4092263643));
#1510 = CARTESIAN_POINT('',(252.24748803221,356.32502318684,
    112.81941251418));
#1511 = CARTESIAN_POINT('',(256.42226459116,354.54324288231,
    113.33841682366));
#1512 = CARTESIAN_POINT('',(260.774587196,354.36342539424,
    113.53724540187));
#1513 = CARTESIAN_POINT('',(265.08553351846,353.17985694489,
    114.20452315146));
#1514 = CARTESIAN_POINT('',(269.30435854157,351.14072388422,
    113.65685695483));
#1515 = CARTESIAN_POINT('',(273.49463672784,349.04930496248,
    114.07073531304));
#1516 = CARTESIAN_POINT('',(277.98553204283,348.29666359907,
    113.34303754382));
#1517 = CARTESIAN_POINT('',(282.02098866206,345.98020921476,
    113.14775027759));
#1518 = CARTESIAN_POINT('',(286.37785805657,344.64154843881,
    112.53797565229));
#1519 = CARTESIAN_POINT('',(290.69560185407,344.47757616477,
    113.0889879503));
#1520 = CARTESIAN_POINT('',(294.97762712103,344.28578518783,
    113.18516378595));
#1521 = CARTESIAN_POINT('',(299.25829278307,344.36603997473,
    113.23478812961));
#1522 = CARTESIAN_POINT('',(303.53281780748,344.52902778795,
    113.15307093362));
#1523 = CARTESIAN_POINT('',(307.79563331651,344.7397672113,
    113.00324435182));
#1524 = CARTESIAN_POINT('',(312.07349323989,344.81016335616,
    112.86868845795));
#1525 = CARTESIAN_POINT('',(316.34983972698,344.87644627867,
    112.73229620446));
#1526 = CARTESIAN_POINT('',(320.62873034613,344.87829808855,
    112.63293127031));
#1527 = CARTESIAN_POINT('',(324.90645535717,344.94278807513,
    112.54318598562));
#1528 = CARTESIAN_POINT('',(329.19177427478,344.82604348885,
    112.53665322047));
#1529 = CARTESIAN_POINT('',(333.46902839726,344.84124841667,
    112.51598855254));
#1530 = CARTESIAN_POINT('',(337.74832561117,344.82780375253,
    112.49500052004));
#1531 = CARTESIAN_POINT('',(342.02697062847,344.82597443673,
    112.48443783778));
#1532 = CARTESIAN_POINT('',(346.30391351544,344.92421460009,
    112.45277674398));
#1533 = CARTESIAN_POINT('',(350.58496238288,344.9600500666,
    112.41492887904));
#1534 = CARTESIAN_POINT('',(354.8577723004,345.23100430196,
    112.3369922801));
#1535 = CARTESIAN_POINT('',(359.18388688825,345.06427899903,
    112.34688727717));
#1536 = CARTESIAN_POINT('',(363.5052046971,346.22066990807,
    112.11382056594));
#1537 = CARTESIAN_POINT('',(367.54865046447,348.60611215248,
    111.69641718952));
#1538 = CARTESIAN_POINT('',(372.05847150757,348.01325533376,
    111.65425821972));
#1539 = CARTESIAN_POINT('',(376.24564436291,350.11479733226,
    111.25778740945));
#1540 = CARTESIAN_POINT('',(380.50353796332,349.73481856544,
    111.14411819739));
#1541 = CARTESIAN_POINT('',(384.85798865987,349.20323922395,
    111.06361574407));
#1542 = CARTESIAN_POINT('',(389.02722072527,347.98593356684,
    111.05803100984));
#1543 = CARTESIAN_POINT('',(393.32393006004,348.07512067438,
    110.95031006697));
#1544 = CARTESIAN_POINT('',(396.53994441614,350.12799504584,
    110.73010579321));
#1545 = CARTESIAN_POINT('',(397.6403,347.45202528707,110.96607199658));
#1546 = CARTESIAN_POINT('',(140.9618,352.43875829341,110.93071892875));
#1547 = CARTESIAN_POINT('',(142.09540904743,351.42889403654,
    110.91810012001));
#1548 = CARTESIAN_POINT('',(145.34352279277,352.94990807842,
    111.0859287135));
#1549 = CARTESIAN_POINT('',(149.51920541273,352.85054010625,
    111.15464431095));
#1550 = CARTESIAN_POINT('',(153.74675028087,352.03284390885,
    111.21428590679));
#1551 = CARTESIAN_POINT('',(158.17058310233,351.81526491116,
    111.34832784182));
#1552 = CARTESIAN_POINT('',(162.26698448152,351.61915521771,
    111.48005782626));
#1553 = CARTESIAN_POINT('',(166.61873526807,352.32931983158,
    111.68322752457));
#1554 = CARTESIAN_POINT('',(171.05025168138,352.06705742985,
    111.76865048133));
#1555 = CARTESIAN_POINT('',(175.09238100893,354.41530650538,
    112.18407792045));
#1556 = CARTESIAN_POINT('',(179.41643525083,355.07208510317,
    112.33156319712));
#1557 = CARTESIAN_POINT('',(183.74465399728,355.10453848646,
    112.38672148546));
#1558 = CARTESIAN_POINT('',(188.01748830499,355.18632262164,
    112.42298463178));
#1559 = CARTESIAN_POINT('',(192.29804434258,355.2723950993,
    112.47105068808));
#1560 = CARTESIAN_POINT('',(196.57544693057,355.30138778653,
    112.48702636327));
#1561 = CARTESIAN_POINT('',(200.85359337877,355.29326117204,
    112.50394360782));
#1562 = CARTESIAN_POINT('',(205.13313267918,355.31419493903,
    112.50026949435));
#1563 = CARTESIAN_POINT('',(209.41029445154,355.33647453027,
    112.52979639376));
#1564 = CARTESIAN_POINT('',(213.69566833045,355.28653725464,
    112.55287223184));
#1565 = CARTESIAN_POINT('',(217.97323994091,355.33648095476,
    112.63801943544));
#1566 = CARTESIAN_POINT('',(222.25201002744,355.40707074413,
    112.75935762456));
#1567 = CARTESIAN_POINT('',(226.52878947893,355.45516565711,
    112.89210864937));
#1568 = CARTESIAN_POINT('',(230.80631705996,355.53425323197,
    113.02883970159));
#1569 = CARTESIAN_POINT('',(235.06961741834,355.69139648068,
    113.16039548576));
#1570 = CARTESIAN_POINT('',(239.34364675972,355.78752197172,
    113.20566456403));
#1571 = CARTESIAN_POINT('',(243.62590118763,355.80674489721,
    113.13035987096));
#1572 = CARTESIAN_POINT('',(247.90145862716,355.69157281599,
    113.08355616039));
#1573 = CARTESIAN_POINT('',(252.24748803221,355.67596921332,
    112.53578332994));
#1574 = CARTESIAN_POINT('',(256.42226459116,353.8793042549,
    113.13302515949));
#1575 = CARTESIAN_POINT('',(260.774587196,353.72705117256,
    113.40528929456));
#1576 = CARTESIAN_POINT('',(265.08553351846,352.49978046013,
    114.12148280121));
#1577 = CARTESIAN_POINT('',(269.30435854157,350.48607142027,
    113.65695516982));
#1578 = CARTESIAN_POINT('',(273.49463672784,348.37119550417,
    114.15977406136));
#1579 = CARTESIAN_POINT('',(277.98553204283,347.66233413988,
    113.4810462712));
#1580 = CARTESIAN_POINT('',(282.02098866206,345.31676578272,
    113.35181660967));
#1581 = CARTESIAN_POINT('',(286.37785805657,343.99234806655,
    112.8232693762));
#1582 = CARTESIAN_POINT('',(290.69560185407,343.74774973564,
    113.41561098641));
#1583 = CARTESIAN_POINT('',(294.97762712103,343.48159509457,
    113.53246363366));
#1584 = CARTESIAN_POINT('',(299.25829278307,343.48294544554,
    113.60056982906));
#1585 = CARTESIAN_POINT('',(303.53281780748,343.56275892972,
    113.5174582188));
#1586 = CARTESIAN_POINT('',(307.79563331651,343.69146047351,
    113.36605044181));
#1587 = CARTESIAN_POINT('',(312.07349323989,343.68311650998,
    113.22775602211));
#1588 = CARTESIAN_POINT('',(316.34983972698,343.67512077793,
    113.08371371317));
#1589 = CARTESIAN_POINT('',(320.62873034613,343.61487210191,
    112.98478219079));
#1590 = CARTESIAN_POINT('',(324.90645535717,343.62709321341,
    112.89092235934));
#1591 = CARTESIAN_POINT('',(329.19177427478,343.48521062843,
    112.8789008223));
#1592 = CARTESIAN_POINT('',(333.46902839726,343.47457995827,
    112.83689648931));
#1593 = CARTESIAN_POINT('',(337.74832561117,343.45479778058,
    112.80387259968));
#1594 = CARTESIAN_POINT('',(342.02697062847,343.45163185229,
    112.76937381753));
#1595 = CARTESIAN_POINT('',(346.30391351544,343.56881269353,
    112.72237460422));
#1596 = CARTESIAN_POINT('',(350.58496238288,343.60702854121,
    112.66926414331));
#1597 = CARTESIAN_POINT('',(354.8577723004,343.91508472315,
    112.58337944083));
#1598 = CARTESIAN_POINT('',(359.18388688825,343.7659805295,
    112.57824897793));
#1599 = CARTESIAN_POINT('',(363.5052046971,345.02551762272,
    112.32804857887));
#1600 = CARTESIAN_POINT('',(367.54865046447,347.60951938724,
    111.86849103569));
#1601 = CARTESIAN_POINT('',(372.05847150757,347.02685397981,
    111.82929049932));
#1602 = CARTESIAN_POINT('',(376.24564436291,349.28390648568,
    111.40244009473));
#1603 = CARTESIAN_POINT('',(380.50353796332,349.08752537493,
    111.25570545019));
#1604 = CARTESIAN_POINT('',(384.85798865987,348.59338763357,
    111.15844393203));
#1605 = CARTESIAN_POINT('',(389.02722072527,347.43599627966,
    111.14373075176));
#1606 = CARTESIAN_POINT('',(393.32393006004,347.68436357329,
    111.00687272881));
#1607 = CARTESIAN_POINT('',(396.53994441614,349.73341377507,
    110.76019124041));
#1608 = CARTESIAN_POINT('',(397.6403,347.08128616073,111.0085532272));
#1609 = DEFINITIONAL_REPRESENTATION('',(#1610),#1614);
#1610 = LINE('',#1611,#1612);
#1611 = CARTESIAN_POINT('',(5.,0.));
#1612 = VECTOR('',#1613,1.);
#1613 = DIRECTION('',(0.,1.));
#1614 = ( GEOMETRIC_REPRESENTATION_CONTEXT(2) 
PARAMETRIC_REPRESENTATION_CONTEXT() REPRESENTATION_CONTEXT('2D SPACE',''
  ) );
#1615 = ORIENTED_EDGE('',*,*,#1616,.F.);
#1616 = EDGE_CURVE('',#1153,#1407,#1617,.T.);
#1617 = SURFACE_CURVE('',#1618,(#1621,#1628),.PCURVE_S1.);
#1618 = B_SPLINE_CURVE_WITH_KNOTS('',1,(#1619,#1620),.UNSPECIFIED.,.F.,
  .F.,(2,2),(4.,5.),.PIECEWISE_BEZIER_KNOTS.);
#1619 = CARTESIAN_POINT('',(397.6403,347.82256282241,110.92187467358));
#1620 = CARTESIAN_POINT('',(397.6403,347.45202528707,110.96607199658));
#1621 = PCURVE('',#1228,#1622);
#1622 = DEFINITIONAL_REPRESENTATION('',(#1623),#1627);
#1623 = LINE('',#1624,#1625);
#1624 = CARTESIAN_POINT('',(0.,1.));
#1625 = VECTOR('',#1626,1.);
#1626 = DIRECTION('',(1.,0.));
#1627 = ( GEOMETRIC_REPRESENTATION_CONTEXT(2) 
PARAMETRIC_REPRESENTATION_CONTEXT() REPRESENTATION_CONTEXT('2D SPACE',''
  ) );
#1628 = PCURVE('',#401,#1629);
#1629 = DEFINITIONAL_REPRESENTATION('',(#1630),#1633);
#1630 = B_SPLINE_CURVE_WITH_KNOTS('',1,(#1631,#1632),.UNSPECIFIED.,.F.,
  .F.,(2,2),(4.,5.),.PIECEWISE_BEZIER_KNOTS.);
#1631 = CARTESIAN_POINT('',(1.492458004806,-2.178656811921E-02));
#1632 = CARTESIAN_POINT('',(1.865585854142,-2.699007706292E-02));
#1633 = ( GEOMETRIC_REPRESENTATION_CONTEXT(2) 
PARAMETRIC_REPRESENTATION_CONTEXT() REPRESENTATION_CONTEXT('2D SPACE',''
  ) );
#1634 = ORIENTED_EDGE('',*,*,#1152,.F.);
#1635 = ADVANCED_FACE('',(#1636),#1482,.T.);
#1636 = FACE_BOUND('',#1637,.T.);
#1637 = EDGE_LOOP('',(#1638,#1659,#1869,#1888));
#1638 = ORIENTED_EDGE('',*,*,#1639,.T.);
#1639 = EDGE_CURVE('',#1386,#1640,#1642,.T.);
#1640 = VERTEX_POINT('',#1641);
#1641 = CARTESIAN_POINT('',(140.9618,352.43875829341,110.93071892875));
#1642 = SURFACE_CURVE('',#1643,(#1646,#1653),.PCURVE_S1.);
#1643 = B_SPLINE_CURVE_WITH_KNOTS('',1,(#1644,#1645),.UNSPECIFIED.,.F.,
  .F.,(2,2),(5.,6.),.PIECEWISE_BEZIER_KNOTS.);
#1644 = CARTESIAN_POINT('',(140.9618,352.82286906754,110.9739880388));
#1645 = CARTESIAN_POINT('',(140.9618,352.43875829341,110.93071892875));
#1646 = PCURVE('',#1482,#1647);
#1647 = DEFINITIONAL_REPRESENTATION('',(#1648),#1652);
#1648 = LINE('',#1649,#1650);
#1649 = CARTESIAN_POINT('',(0.,0.));
#1650 = VECTOR('',#1651,1.);
#1651 = DIRECTION('',(1.,0.));
#1652 = ( GEOMETRIC_REPRESENTATION_CONTEXT(2) 
PARAMETRIC_REPRESENTATION_CONTEXT() REPRESENTATION_CONTEXT('2D SPACE',''
  ) );
#1653 = PCURVE('',#165,#1654);
#1654 = DEFINITIONAL_REPRESENTATION('',(#1655),#1658);
#1655 = B_SPLINE_CURVE_WITH_KNOTS('',1,(#1656,#1657),.UNSPECIFIED.,.F.,
  .F.,(2,2),(5.,6.),.PIECEWISE_BEZIER_KNOTS.);
#1656 = CARTESIAN_POINT('',(1.929622087672,7.621350132355E-02));
#1657 = CARTESIAN_POINT('',(2.316099566186,8.317491547193E-02));
#1658 = ( GEOMETRIC_REPRESENTATION_CONTEXT(2) 
PARAMETRIC_REPRESENTATION_CONTEXT() REPRESENTATION_CONTEXT('2D SPACE',''
  ) );
#1659 = ORIENTED_EDGE('',*,*,#1660,.T.);
#1660 = EDGE_CURVE('',#1640,#1661,#1663,.T.);
#1661 = VERTEX_POINT('',#1662);
#1662 = CARTESIAN_POINT('',(397.6403,347.08128616073,111.0085532272));
#1663 = SURFACE_CURVE('',#1664,(#1728,#1735),.PCURVE_S1.);
#1664 = ( BOUNDED_CURVE() B_SPLINE_CURVE(3,(#1665,#1666,#1667,#1668,
    #1669,#1670,#1671,#1672,#1673,#1674,#1675,#1676,#1677,#1678,#1679,
    #1680,#1681,#1682,#1683,#1684,#1685,#1686,#1687,#1688,#1689,#1690,
    #1691,#1692,#1693,#1694,#1695,#1696,#1697,#1698,#1699,#1700,#1701,
    #1702,#1703,#1704,#1705,#1706,#1707,#1708,#1709,#1710,#1711,#1712,
    #1713,#1714,#1715,#1716,#1717,#1718,#1719,#1720,#1721,#1722,#1723,
    #1724,#1725,#1726,#1727),.UNSPECIFIED.,.F.,.F.) 
B_SPLINE_CURVE_WITH_KNOTS((4,1,1,1,1,1,1,1,1,1,1,1,1,1,1,1,1,1,1,1,1,1,1
    ,1,1,1,1,1,1,1,1,1,1,1,1,1,1,1,1,1,1,1,1,1,1,1,1,1,1,1,1,1,1,1,1,1,1
    ,1,1,1,4),(0.,1.671834126768E-02,3.328707673398E-02,
    5.001744466419E-02,6.648650714478E-02,8.348892901119E-02,
    9.999486964001E-02,0.11646941087,0.133815549619,0.150618938677,
    0.167038735703,0.183454077407,0.199862498306,0.216272023155,
    0.232682039048,0.249094136,0.265517101832,0.28195250261,
    0.298446383618,0.315002877417,0.331625113939,0.348307612691,
    0.365035992875,0.381711213613,0.398301880653,0.414823418335,
    0.431326889702,0.448164125522,0.464772555536,0.481574851679,
    0.498833916597,0.516076325801,0.532869467448,0.550364700599,
    0.567182918644,0.58368017293,0.60020088702,0.616790522208,
    0.633466402799,0.650196996519,0.66688122827,0.683506031496,
    0.700063533111,0.716557401724,0.732992840875,0.749415744672,
    0.765827967007,0.78223726506,0.798647812608,0.815056815176,
    0.831475231221,0.84789937286,0.864694545606,0.881987572306,
    0.898456926779,0.91536479181,0.932301655256,0.949102498792,
0.966203962862,0.982810298735,1.),.UNSPECIFIED.) CURVE() 
GEOMETRIC_REPRESENTATION_ITEM() RATIONAL_B_SPLINE_CURVE((1.,
    1.000000000007,0.999999999997,1.000000000001,1.,1.,1.,1.,1.,1.,1.,1.
    ,1.,1.,1.,1.,1.,1.,1.,1.,1.,1.,1.,1.,1.,1.,1.,1.,1.,1.,1.,1.,1.,1.,
    1.,1.,1.,1.,1.,1.,1.,1.,1.,1.,1.,1.,1.,1.,1.,1.,1.,1.,1.,1.,1.,1.,1.
    ,1.,1.000000000001,0.999999999996,1.000000000014,0.999999999969,1.))
 REPRESENTATION_ITEM('') );
#1665 = CARTESIAN_POINT('',(140.9618,352.43875829341,110.93071892875));
#1666 = CARTESIAN_POINT('',(142.09540904743,351.42889403654,
    110.91810012001));
#1667 = CARTESIAN_POINT('',(145.34352279277,352.94990807842,
    111.0859287135));
#1668 = CARTESIAN_POINT('',(149.51920541273,352.85054010625,
    111.15464431095));
#1669 = CARTESIAN_POINT('',(153.74675028087,352.03284390885,
    111.21428590679));
#1670 = CARTESIAN_POINT('',(158.17058310233,351.81526491116,
    111.34832784182));
#1671 = CARTESIAN_POINT('',(162.26698448152,351.61915521771,
    111.48005782626));
#1672 = CARTESIAN_POINT('',(166.61873526807,352.32931983158,
    111.68322752457));
#1673 = CARTESIAN_POINT('',(171.05025168138,352.06705742985,
    111.76865048133));
#1674 = CARTESIAN_POINT('',(175.09238100893,354.41530650538,
    112.18407792045));
#1675 = CARTESIAN_POINT('',(179.41643525083,355.07208510317,
    112.33156319712));
#1676 = CARTESIAN_POINT('',(183.74465399728,355.10453848646,
    112.38672148546));
#1677 = CARTESIAN_POINT('',(188.01748830499,355.18632262164,
    112.42298463178));
#1678 = CARTESIAN_POINT('',(192.29804434258,355.2723950993,
    112.47105068808));
#1679 = CARTESIAN_POINT('',(196.57544693057,355.30138778653,
    112.48702636327));
#1680 = CARTESIAN_POINT('',(200.85359337877,355.29326117204,
    112.50394360782));
#1681 = CARTESIAN_POINT('',(205.13313267918,355.31419493903,
    112.50026949435));
#1682 = CARTESIAN_POINT('',(209.41029445154,355.33647453027,
    112.52979639376));
#1683 = CARTESIAN_POINT('',(213.69566833045,355.28653725464,
    112.55287223184));
#1684 = CARTESIAN_POINT('',(217.97323994091,355.33648095476,
    112.63801943544));
#1685 = CARTESIAN_POINT('',(222.25201002744,355.40707074413,
    112.75935762456));
#1686 = CARTESIAN_POINT('',(226.52878947893,355.45516565711,
    112.89210864937));
#1687 = CARTESIAN_POINT('',(230.80631705996,355.53425323197,
    113.02883970159));
#1688 = CARTESIAN_POINT('',(235.06961741834,355.69139648068,
    113.16039548576));
#1689 = CARTESIAN_POINT('',(239.34364675972,355.78752197172,
    113.20566456403));
#1690 = CARTESIAN_POINT('',(243.62590118763,355.80674489721,
    113.13035987096));
#1691 = CARTESIAN_POINT('',(247.90145862716,355.69157281599,
    113.08355616039));
#1692 = CARTESIAN_POINT('',(252.24748803221,355.67596921332,
    112.53578332994));
#1693 = CARTESIAN_POINT('',(256.42226459116,353.8793042549,
    113.13302515949));
#1694 = CARTESIAN_POINT('',(260.774587196,353.72705117256,
    113.40528929456));
#1695 = CARTESIAN_POINT('',(265.08553351846,352.49978046013,
    114.12148280121));
#1696 = CARTESIAN_POINT('',(269.30435854157,350.48607142027,
    113.65695516982));
#1697 = CARTESIAN_POINT('',(273.49463672784,348.37119550417,
    114.15977406136));
#1698 = CARTESIAN_POINT('',(277.98553204283,347.66233413988,
    113.4810462712));
#1699 = CARTESIAN_POINT('',(282.02098866206,345.31676578272,
    113.35181660967));
#1700 = CARTESIAN_POINT('',(286.37785805657,343.99234806655,
    112.8232693762));
#1701 = CARTESIAN_POINT('',(290.69560185407,343.74774973564,
    113.41561098641));
#1702 = CARTESIAN_POINT('',(294.97762712103,343.48159509457,
    113.53246363366));
#1703 = CARTESIAN_POINT('',(299.25829278307,343.48294544554,
    113.60056982906));
#1704 = CARTESIAN_POINT('',(303.53281780748,343.56275892972,
    113.5174582188));
#1705 = CARTESIAN_POINT('',(307.79563331651,343.69146047351,
    113.36605044181));
#1706 = CARTESIAN_POINT('',(312.07349323989,343.68311650998,
    113.22775602211));
#1707 = CARTESIAN_POINT('',(316.34983972698,343.67512077793,
    113.08371371317));
#1708 = CARTESIAN_POINT('',(320.62873034613,343.61487210191,
    112.98478219079));
#1709 = CARTESIAN_POINT('',(324.90645535717,343.62709321341,
    112.89092235934));
#1710 = CARTESIAN_POINT('',(329.19177427478,343.48521062843,
    112.8789008223));
#1711 = CARTESIAN_POINT('',(333.46902839726,343.47457995827,
    112.83689648931));
#1712 = CARTESIAN_POINT('',(337.74832561117,343.45479778058,
    112.80387259968));
#1713 = CARTESIAN_POINT('',(342.02697062847,343.45163185229,
    112.76937381753));
#1714 = CARTESIAN_POINT('',(346.30391351544,343.56881269353,
    112.72237460422));
#1715 = CARTESIAN_POINT('',(350.58496238288,343.60702854121,
    112.66926414331));
#1716 = CARTESIAN_POINT('',(354.8577723004,343.91508472315,
    112.58337944083));
#1717 = CARTESIAN_POINT('',(359.18388688825,343.7659805295,
    112.57824897793));
#1718 = CARTESIAN_POINT('',(363.5052046971,345.02551762272,
    112.32804857887));
#1719 = CARTESIAN_POINT('',(367.54865046447,347.60951938724,
    111.86849103569));
#1720 = CARTESIAN_POINT('',(372.05847150757,347.02685397981,
    111.82929049932));
#1721 = CARTESIAN_POINT('',(376.24564436291,349.28390648568,
    111.40244009473));
#1722 = CARTESIAN_POINT('',(380.50353796332,349.08752537493,
    111.25570545019));
#1723 = CARTESIAN_POINT('',(384.85798865987,348.59338763357,
    111.15844393203));
#1724 = CARTESIAN_POINT('',(389.02722072527,347.43599627966,
    111.14373075176));
#1725 = CARTESIAN_POINT('',(393.32393006004,347.68436357329,
    111.00687272881));
#1726 = CARTESIAN_POINT('',(396.53994441614,349.73341377507,
    110.76019124041));
#1727 = CARTESIAN_POINT('',(397.6403,347.08128616073,111.0085532272));
#1728 = PCURVE('',#1482,#1729);
#1729 = DEFINITIONAL_REPRESENTATION('',(#1730),#1734);
#1730 = LINE('',#1731,#1732);
#1731 = CARTESIAN_POINT('',(6.,0.));
#1732 = VECTOR('',#1733,1.);
#1733 = DIRECTION('',(0.,1.));
#1734 = ( GEOMETRIC_REPRESENTATION_CONTEXT(2) 
PARAMETRIC_REPRESENTATION_CONTEXT() REPRESENTATION_CONTEXT('2D SPACE',''
  ) );
#1735 = PCURVE('',#1736,#1863);
#1736 = ( BOUNDED_SURFACE() B_SPLINE_SURFACE(1,3,(
    (#1737,#1738,#1739,#1740,#1741,#1742,#1743,#1744,#1745,#1746,#1747
      ,#1748,#1749,#1750,#1751,#1752,#1753,#1754,#1755,#1756,#1757,#1758
      ,#1759,#1760,#1761,#1762,#1763,#1764,#1765,#1766,#1767,#1768,#1769
      ,#1770,#1771,#1772,#1773,#1774,#1775,#1776,#1777,#1778,#1779,#1780
      ,#1781,#1782,#1783,#1784,#1785,#1786,#1787,#1788,#1789,#1790,#1791
      ,#1792,#1793,#1794,#1795,#1796,#1797,#1798,#1799)
    ,(#1800,#1801,#1802,#1803,#1804,#1805,#1806,#1807,#1808,#1809,#1810
      ,#1811,#1812,#1813,#1814,#1815,#1816,#1817,#1818,#1819,#1820,#1821
      ,#1822,#1823,#1824,#1825,#1826,#1827,#1828,#1829,#1830,#1831,#1832
      ,#1833,#1834,#1835,#1836,#1837,#1838,#1839,#1840,#1841,#1842,#1843
      ,#1844,#1845,#1846,#1847,#1848,#1849,#1850,#1851,#1852,#1853,#1854
      ,#1855,#1856,#1857,#1858,#1859,#1860,#1861,#1862
)),.UNSPECIFIED.,.F.,.F.,.F.) B_SPLINE_SURFACE_WITH_KNOTS((2,2),(4,1,1,1
    ,1,1,1,1,1,1,1,1,1,1,1,1,1,1,1,1,1,1,1,1,1,1,1,1,1,1,1,1,1,1,1,1,1,1
    ,1,1,1,1,1,1,1,1,1,1,1,1,1,1,1,1,1,1,1,1,1,1,4),(6.,7.),(0.,
    1.671834126768E-02,3.328707673398E-02,5.001744466419E-02,
    6.648650714478E-02,8.348892901119E-02,9.999486964001E-02,
    0.11646941087,0.133815549619,0.150618938677,0.167038735703,
    0.183454077407,0.199862498306,0.216272023155,0.232682039048,
    0.249094136,0.265517101832,0.28195250261,0.298446383618,
    0.315002877417,0.331625113939,0.348307612691,0.365035992875,
    0.381711213613,0.398301880653,0.414823418335,0.431326889702,
    0.448164125522,0.464772555536,0.481574851679,0.498833916597,
    0.516076325801,0.532869467448,0.550364700599,0.567182918644,
    0.58368017293,0.60020088702,0.616790522208,0.633466402799,
    0.650196996519,0.66688122827,0.683506031496,0.700063533111,
    0.716557401724,0.732992840875,0.749415744672,0.765827967007,
    0.78223726506,0.798647812608,0.815056815176,0.831475231221,
    0.84789937286,0.864694545606,0.881987572306,0.898456926779,
    0.91536479181,0.932301655256,0.949102498792,0.966203962862,
0.982810298735,1.),.UNSPECIFIED.) GEOMETRIC_REPRESENTATION_ITEM() 
RATIONAL_B_SPLINE_SURFACE((
    (1.,1.000000000007,0.999999999997,1.000000000001,1.,1.,1.,1.,1.,1.
      ,1.,1.,1.,1.,1.,1.,1.,1.,1.,1.,1.,1.,1.,1.,1.,1.,1.,1.,1.,1.,1.,1.
      ,1.,1.,1.,1.,1.,1.,1.,1.,1.,1.,1.,1.,1.,1.,1.,1.,1.,1.,1.,1.,1.,1.
      ,1.,1.,1.,1.,1.000000000001,0.999999999996,1.000000000014
      ,0.999999999969,1.)
    ,(1.,1.000000000007,0.999999999997,1.000000000001,1.,1.,1.,1.,1.,1.
      ,1.,1.,1.,1.,1.,1.,1.,1.,1.,1.,1.,1.,1.,1.,1.,1.,1.,1.,1.,1.,1.,1.
      ,1.,1.,1.,1.,1.,1.,1.,1.,1.,1.,1.,1.,1.,1.,1.,1.,1.,1.,1.,1.,1.,1.
      ,1.,1.,1.,1.,1.000000000001,0.999999999996,1.000000000014
,0.999999999969,1.))) REPRESENTATION_ITEM('') SURFACE() );
#1737 = CARTESIAN_POINT('',(140.9618,352.43875829341,110.93071892875));
#1738 = CARTESIAN_POINT('',(142.09540904743,351.42889403654,
    110.91810012001));
#1739 = CARTESIAN_POINT('',(145.34352279277,352.94990807842,
    111.0859287135));
#1740 = CARTESIAN_POINT('',(149.51920541273,352.85054010625,
    111.15464431095));
#1741 = CARTESIAN_POINT('',(153.74675028087,352.03284390885,
    111.21428590679));
#1742 = CARTESIAN_POINT('',(158.17058310233,351.81526491116,
    111.34832784182));
#1743 = CARTESIAN_POINT('',(162.26698448152,351.61915521771,
    111.48005782626));
#1744 = CARTESIAN_POINT('',(166.61873526807,352.32931983158,
    111.68322752457));
#1745 = CARTESIAN_POINT('',(171.05025168138,352.06705742985,
    111.76865048133));
#1746 = CARTESIAN_POINT('',(175.09238100893,354.41530650538,
    112.18407792045));
#1747 = CARTESIAN_POINT('',(179.41643525083,355.07208510317,
    112.33156319712));
#1748 = CARTESIAN_POINT('',(183.74465399728,355.10453848646,
    112.38672148546));
#1749 = CARTESIAN_POINT('',(188.01748830499,355.18632262164,
    112.42298463178));
#1750 = CARTESIAN_POINT('',(192.29804434258,355.2723950993,
    112.47105068808));
#1751 = CARTESIAN_POINT('',(196.57544693057,355.30138778653,
    112.48702636327));
#1752 = CARTESIAN_POINT('',(200.85359337877,355.29326117204,
    112.50394360782));
#1753 = CARTESIAN_POINT('',(205.13313267918,355.31419493903,
    112.50026949435));
#1754 = CARTESIAN_POINT('',(209.41029445154,355.33647453027,
    112.52979639376));
#1755 = CARTESIAN_POINT('',(213.69566833045,355.28653725464,
    112.55287223184));
#1756 = CARTESIAN_POINT('',(217.97323994091,355.33648095476,
    112.63801943544));
#1757 = CARTESIAN_POINT('',(222.25201002744,355.40707074413,
    112.75935762456));
#1758 = CARTESIAN_POINT('',(226.52878947893,355.45516565711,
    112.89210864937));
#1759 = CARTESIAN_POINT('',(230.80631705996,355.53425323197,
    113.02883970159));
#1760 = CARTESIAN_POINT('',(235.06961741834,355.69139648068,
    113.16039548576));
#1761 = CARTESIAN_POINT('',(239.34364675972,355.78752197172,
    113.20566456403));
#1762 = CARTESIAN_POINT('',(243.62590118763,355.80674489721,
    113.13035987096));
#1763 = CARTESIAN_POINT('',(247.90145862716,355.69157281599,
    113.08355616039));
#1764 = CARTESIAN_POINT('',(252.24748803221,355.67596921332,
    112.53578332994));
#1765 = CARTESIAN_POINT('',(256.42226459116,353.8793042549,
    113.13302515949));
#1766 = CARTESIAN_POINT('',(260.774587196,353.72705117256,
    113.40528929456));
#1767 = CARTESIAN_POINT('',(265.08553351846,352.49978046013,
    114.12148280121));
#1768 = CARTESIAN_POINT('',(269.30435854157,350.48607142027,
    113.65695516982));
#1769 = CARTESIAN_POINT('',(273.49463672784,348.37119550417,
    114.15977406136));
#1770 = CARTESIAN_POINT('',(277.98553204283,347.66233413988,
    113.4810462712));
#1771 = CARTESIAN_POINT('',(282.02098866206,345.31676578272,
    113.35181660967));
#1772 = CARTESIAN_POINT('',(286.37785805657,343.99234806655,
    112.8232693762));
#1773 = CARTESIAN_POINT('',(290.69560185407,343.74774973564,
    113.41561098641));
#1774 = CARTESIAN_POINT('',(294.97762712103,343.48159509457,
    113.53246363366));
#1775 = CARTESIAN_POINT('',(299.25829278307,343.48294544554,
    113.60056982906));
#1776 = CARTESIAN_POINT('',(303.53281780748,343.56275892972,
    113.5174582188));
#1777 = CARTESIAN_POINT('',(307.79563331651,343.69146047351,
    113.36605044181));
#1778 = CARTESIAN_POINT('',(312.07349323989,343.68311650998,
    113.22775602211));
#1779 = CARTESIAN_POINT('',(316.34983972698,343.67512077793,
    113.08371371317));
#1780 = CARTESIAN_POINT('',(320.62873034613,343.61487210191,
    112.98478219079));
#1781 = CARTESIAN_POINT('',(324.90645535717,343.62709321341,
    112.89092235934));
#1782 = CARTESIAN_POINT('',(329.19177427478,343.48521062843,
    112.8789008223));
#1783 = CARTESIAN_POINT('',(333.46902839726,343.47457995827,
    112.83689648931));
#1784 = CARTESIAN_POINT('',(337.74832561117,343.45479778058,
    112.80387259968));
#1785 = CARTESIAN_POINT('',(342.02697062847,343.45163185229,
    112.76937381753));
#1786 = CARTESIAN_POINT('',(346.30391351544,343.56881269353,
    112.72237460422));
#1787 = CARTESIAN_POINT('',(350.58496238288,343.60702854121,
    112.66926414331));
#1788 = CARTESIAN_POINT('',(354.8577723004,343.91508472315,
    112.58337944083));
#1789 = CARTESIAN_POINT('',(359.18388688825,343.7659805295,
    112.57824897793));
#1790 = CARTESIAN_POINT('',(363.5052046971,345.02551762272,
    112.32804857887));
#1791 = CARTESIAN_POINT('',(367.54865046447,347.60951938724,
    111.86849103569));
#1792 = CARTESIAN_POINT('',(372.05847150757,347.02685397981,
    111.82929049932));
#1793 = CARTESIAN_POINT('',(376.24564436291,349.28390648568,
    111.40244009473));
#1794 = CARTESIAN_POINT('',(380.50353796332,349.08752537493,
    111.25570545019));
#1795 = CARTESIAN_POINT('',(384.85798865987,348.59338763357,
    111.15844393203));
#1796 = CARTESIAN_POINT('',(389.02722072527,347.43599627966,
    111.14373075176));
#1797 = CARTESIAN_POINT('',(393.32393006004,347.68436357329,
    111.00687272881));
#1798 = CARTESIAN_POINT('',(396.53994441614,349.73341377507,
    110.76019124041));
#1799 = CARTESIAN_POINT('',(397.6403,347.08128616073,111.0085532272));
#1800 = CARTESIAN_POINT('',(140.9618,352.05497576647,110.8846695606));
#1801 = CARTESIAN_POINT('',(142.09540904743,350.84333676349,
    110.84612720679));
#1802 = CARTESIAN_POINT('',(145.34352279277,352.504034382,
    111.03468681459));
#1803 = CARTESIAN_POINT('',(149.51920541273,352.22025198744,
    111.05943931088));
#1804 = CARTESIAN_POINT('',(153.74675028087,351.35942003951,
    111.11146229593));
#1805 = CARTESIAN_POINT('',(158.17058310233,351.18654759652,
    111.25651754865));
#1806 = CARTESIAN_POINT('',(162.26698448152,350.75184990964,
    111.34206678751));
#1807 = CARTESIAN_POINT('',(166.61873526807,351.41844748438,
    111.52450502616));
#1808 = CARTESIAN_POINT('',(171.05025168138,351.11784333497,
    111.60945562907));
#1809 = CARTESIAN_POINT('',(175.09238100893,353.27228910865,
    111.98763693767));
#1810 = CARTESIAN_POINT('',(179.41643525083,353.74891830618,
    112.08760434178));
#1811 = CARTESIAN_POINT('',(183.74465399728,353.7926681789,
    112.13117415197));
#1812 = CARTESIAN_POINT('',(188.01748830499,353.83708851059,
    112.15583679035));
#1813 = CARTESIAN_POINT('',(192.29804434258,353.92154662831,
    112.19004433339));
#1814 = CARTESIAN_POINT('',(196.57544693057,353.93864252665,
    112.18874198665));
#1815 = CARTESIAN_POINT('',(200.85359337877,353.92454581635,
    112.19237456806));
#1816 = CARTESIAN_POINT('',(205.13313267918,353.95159725893,
    112.18461738558));
#1817 = CARTESIAN_POINT('',(209.41029445154,353.99990232338,
    112.19321900949));
#1818 = CARTESIAN_POINT('',(213.69566833045,353.97484755383,
    112.20286461806));
#1819 = CARTESIAN_POINT('',(217.97323994091,354.07755097894,
    112.28181064115));
#1820 = CARTESIAN_POINT('',(222.25201002744,354.2112289362,
    112.39308624779));
#1821 = CARTESIAN_POINT('',(226.52878947893,354.33201172565,
    112.52116195022));
#1822 = CARTESIAN_POINT('',(230.80631705996,354.49183101005,
    112.64743207521));
#1823 = CARTESIAN_POINT('',(235.06961741834,354.73706787516,
    112.76802550355));
#1824 = CARTESIAN_POINT('',(239.34364675972,354.92310762011,
    112.80199869008));
#1825 = CARTESIAN_POINT('',(243.62590118763,355.02790626881,
    112.72969165559));
#1826 = CARTESIAN_POINT('',(247.90145862716,354.9853100973,
    112.70907369262));
#1827 = CARTESIAN_POINT('',(252.24748803221,355.05056842294,
    112.20110105683));
#1828 = CARTESIAN_POINT('',(256.42226459116,353.23006996499,
    112.89526698944));
#1829 = CARTESIAN_POINT('',(260.774587196,353.09853340446,
    113.25244510047));
#1830 = CARTESIAN_POINT('',(265.08553351846,351.82174618141,
    114.03137814601));
#1831 = CARTESIAN_POINT('',(269.30435854157,349.83380695708,
    113.64856204644));
#1832 = CARTESIAN_POINT('',(273.49463672784,347.68845450907,114.23844523
    ));
#1833 = CARTESIAN_POINT('',(277.98553204283,347.02104218735,
    113.6002846924));
#1834 = CARTESIAN_POINT('',(282.02098866206,344.64643961827,
    113.53822733722));
#1835 = CARTESIAN_POINT('',(286.37785805657,343.33680401331,
    113.09171375207));
#1836 = CARTESIAN_POINT('',(290.69560185407,343.00878842997,
    113.71984024922));
#1837 = CARTESIAN_POINT('',(294.97762712103,342.66994930977,
    113.8624845508));
#1838 = CARTESIAN_POINT('',(299.25829278307,342.5951956148,
    113.95381802981));
#1839 = CARTESIAN_POINT('',(303.53281780748,342.59149203546,
    113.86873180502));
#1840 = CARTESIAN_POINT('',(307.79563331651,342.63747240372,
    113.71399573379));
#1841 = CARTESIAN_POINT('',(312.07349323989,342.55116029908,
    113.57098662442));
#1842 = CARTESIAN_POINT('',(316.34983972698,342.47155231923,
    113.4271171611));
#1843 = CARTESIAN_POINT('',(320.62873034613,342.34820919537,
    113.3244389133));
#1844 = CARTESIAN_POINT('',(324.90645535717,342.31094076246,
    113.2381324133));
#1845 = CARTESIAN_POINT('',(329.19177427478,342.14068147556,
    113.20535832794));
#1846 = CARTESIAN_POINT('',(333.46902839726,342.10722195839,
    113.15389039155));
#1847 = CARTESIAN_POINT('',(337.74832561117,342.08068179082,
    113.10741453299));
#1848 = CARTESIAN_POINT('',(342.02697062847,342.07703537068,
    113.05167154555));
#1849 = CARTESIAN_POINT('',(346.30391351544,342.21057041622,
    112.97869334584));
#1850 = CARTESIAN_POINT('',(350.58496238288,342.25454370729,
    112.92564713369));
#1851 = CARTESIAN_POINT('',(354.8577723004,342.59876808602,
    112.82740652898));
#1852 = CARTESIAN_POINT('',(359.18388688825,342.46736058711,
    112.80813465062));
#1853 = CARTESIAN_POINT('',(363.5052046971,343.82823462827,
    112.52667978415));
#1854 = CARTESIAN_POINT('',(367.54865046447,346.61126940311,
    112.02867965717));
#1855 = CARTESIAN_POINT('',(372.05847150757,346.03875804217,
    111.99208364149));
#1856 = CARTESIAN_POINT('',(376.24564436291,348.45113193844,
    111.53388871904));
#1857 = CARTESIAN_POINT('',(380.50353796332,348.43832533295,
    111.35304769965));
#1858 = CARTESIAN_POINT('',(384.85798865987,347.98364003898,
    111.25394959537));
#1859 = CARTESIAN_POINT('',(389.02722072527,346.88592841731,
    111.2283578541));
#1860 = CARTESIAN_POINT('',(393.32393006004,347.29223614717,
    111.05290606192));
#1861 = CARTESIAN_POINT('',(396.53994441614,349.34068224291,
    110.80419749841));
#1862 = CARTESIAN_POINT('',(397.6403,346.71026865862,111.04849903365));
#1863 = DEFINITIONAL_REPRESENTATION('',(#1864),#1868);
#1864 = LINE('',#1865,#1866);
#1865 = CARTESIAN_POINT('',(6.,0.));
#1866 = VECTOR('',#1867,1.);
#1867 = DIRECTION('',(0.,1.));
#1868 = ( GEOMETRIC_REPRESENTATION_CONTEXT(2) 
PARAMETRIC_REPRESENTATION_CONTEXT() REPRESENTATION_CONTEXT('2D SPACE',''
  ) );
#1869 = ORIENTED_EDGE('',*,*,#1870,.F.);
#1870 = EDGE_CURVE('',#1407,#1661,#1871,.T.);
#1871 = SURFACE_CURVE('',#1872,(#1875,#1882),.PCURVE_S1.);
#1872 = B_SPLINE_CURVE_WITH_KNOTS('',1,(#1873,#1874),.UNSPECIFIED.,.F.,
  .F.,(2,2),(5.,6.),.PIECEWISE_BEZIER_KNOTS.);
#1873 = CARTESIAN_POINT('',(397.6403,347.45202528707,110.96607199658));
#1874 = CARTESIAN_POINT('',(397.6403,347.08128616073,111.0085532272));
#1875 = PCURVE('',#1482,#1876);
#1876 = DEFINITIONAL_REPRESENTATION('',(#1877),#1881);
#1877 = LINE('',#1878,#1879);
#1878 = CARTESIAN_POINT('',(0.,1.));
#1879 = VECTOR('',#1880,1.);
#1880 = DIRECTION('',(1.,0.));
#1881 = ( GEOMETRIC_REPRESENTATION_CONTEXT(2) 
PARAMETRIC_REPRESENTATION_CONTEXT() REPRESENTATION_CONTEXT('2D SPACE',''
  ) );
#1882 = PCURVE('',#401,#1883);
#1883 = DEFINITIONAL_REPRESENTATION('',(#1884),#1887);
#1884 = B_SPLINE_CURVE_WITH_KNOTS('',1,(#1885,#1886),.UNSPECIFIED.,.F.,
  .F.,(2,2),(5.,6.),.PIECEWISE_BEZIER_KNOTS.);
#1885 = CARTESIAN_POINT('',(1.865585854142,-2.699007706292E-02));
#1886 = CARTESIAN_POINT('',(2.238734717138,-3.046582142431E-02));
#1887 = ( GEOMETRIC_REPRESENTATION_CONTEXT(2) 
PARAMETRIC_REPRESENTATION_CONTEXT() REPRESENTATION_CONTEXT('2D SPACE',''
  ) );
#1888 = ORIENTED_EDGE('',*,*,#1406,.F.);
#1889 = ADVANCED_FACE('',(#1890),#1736,.T.);
#1890 = FACE_BOUND('',#1891,.T.);
#1891 = EDGE_LOOP('',(#1892,#1913,#2123,#2142));
#1892 = ORIENTED_EDGE('',*,*,#1893,.T.);
#1893 = EDGE_CURVE('',#1640,#1894,#1896,.T.);
#1894 = VERTEX_POINT('',#1895);
#1895 = CARTESIAN_POINT('',(140.9618,352.05497576647,110.8846695606));
#1896 = SURFACE_CURVE('',#1897,(#1900,#1907),.PCURVE_S1.);
#1897 = B_SPLINE_CURVE_WITH_KNOTS('',1,(#1898,#1899),.UNSPECIFIED.,.F.,
  .F.,(2,2),(6.,7.),.PIECEWISE_BEZIER_KNOTS.);
#1898 = CARTESIAN_POINT('',(140.9618,352.43875829341,110.93071892875));
#1899 = CARTESIAN_POINT('',(140.9618,352.05497576647,110.8846695606));
#1900 = PCURVE('',#1736,#1901);
#1901 = DEFINITIONAL_REPRESENTATION('',(#1902),#1906);
#1902 = LINE('',#1903,#1904);
#1903 = CARTESIAN_POINT('',(0.,0.));
#1904 = VECTOR('',#1905,1.);
#1905 = DIRECTION('',(1.,0.));
#1906 = ( GEOMETRIC_REPRESENTATION_CONTEXT(2) 
PARAMETRIC_REPRESENTATION_CONTEXT() REPRESENTATION_CONTEXT('2D SPACE',''
  ) );
#1907 = PCURVE('',#165,#1908);
#1908 = DEFINITIONAL_REPRESENTATION('',(#1909),#1912);
#1909 = B_SPLINE_CURVE_WITH_KNOTS('',1,(#1910,#1911),.UNSPECIFIED.,.F.,
  .F.,(2,2),(6.,7.),.PIECEWISE_BEZIER_KNOTS.);
#1910 = CARTESIAN_POINT('',(2.316099566186,8.317491547193E-02));
#1911 = CARTESIAN_POINT('',(2.702612501878,8.733698610465E-02));
#1912 = ( GEOMETRIC_REPRESENTATION_CONTEXT(2) 
PARAMETRIC_REPRESENTATION_CONTEXT() REPRESENTATION_CONTEXT('2D SPACE',''
  ) );
#1913 = ORIENTED_EDGE('',*,*,#1914,.T.);
#1914 = EDGE_CURVE('',#1894,#1915,#1917,.T.);
#1915 = VERTEX_POINT('',#1916);
#1916 = CARTESIAN_POINT('',(397.6403,346.71026865862,111.04849903365));
#1917 = SURFACE_CURVE('',#1918,(#1982,#1989),.PCURVE_S1.);
#1918 = ( BOUNDED_CURVE() B_SPLINE_CURVE(3,(#1919,#1920,#1921,#1922,
    #1923,#1924,#1925,#1926,#1927,#1928,#1929,#1930,#1931,#1932,#1933,
    #1934,#1935,#1936,#1937,#1938,#1939,#1940,#1941,#1942,#1943,#1944,
    #1945,#1946,#1947,#1948,#1949,#1950,#1951,#1952,#1953,#1954,#1955,
    #1956,#1957,#1958,#1959,#1960,#1961,#1962,#1963,#1964,#1965,#1966,
    #1967,#1968,#1969,#1970,#1971,#1972,#1973,#1974,#1975,#1976,#1977,
    #1978,#1979,#1980,#1981),.UNSPECIFIED.,.F.,.F.) 
B_SPLINE_CURVE_WITH_KNOTS((4,1,1,1,1,1,1,1,1,1,1,1,1,1,1,1,1,1,1,1,1,1,1
    ,1,1,1,1,1,1,1,1,1,1,1,1,1,1,1,1,1,1,1,1,1,1,1,1,1,1,1,1,1,1,1,1,1,1
    ,1,1,1,4),(0.,1.671834126768E-02,3.328707673398E-02,
    5.001744466419E-02,6.648650714478E-02,8.348892901119E-02,
    9.999486964001E-02,0.11646941087,0.133815549619,0.150618938677,
    0.167038735703,0.183454077407,0.199862498306,0.216272023155,
    0.232682039048,0.249094136,0.265517101832,0.28195250261,
    0.298446383618,0.315002877417,0.331625113939,0.348307612691,
    0.365035992875,0.381711213613,0.398301880653,0.414823418335,
    0.431326889702,0.448164125522,0.464772555536,0.481574851679,
    0.498833916597,0.516076325801,0.532869467448,0.550364700599,
    0.567182918644,0.58368017293,0.60020088702,0.616790522208,
    0.633466402799,0.650196996519,0.66688122827,0.683506031496,
    0.700063533111,0.716557401724,0.732992840875,0.749415744672,
    0.765827967007,0.78223726506,0.798647812608,0.815056815176,
    0.831475231221,0.84789937286,0.864694545606,0.881987572306,
    0.898456926779,0.91536479181,0.932301655256,0.949102498792,
0.966203962862,0.982810298735,1.),.UNSPECIFIED.) CURVE() 
GEOMETRIC_REPRESENTATION_ITEM() RATIONAL_B_SPLINE_CURVE((1.,
    1.000000000007,0.999999999997,1.000000000001,1.,1.,1.,1.,1.,1.,1.,1.
    ,1.,1.,1.,1.,1.,1.,1.,1.,1.,1.,1.,1.,1.,1.,1.,1.,1.,1.,1.,1.,1.,1.,
    1.,1.,1.,1.,1.,1.,1.,1.,1.,1.,1.,1.,1.,1.,1.,1.,1.,1.,1.,1.,1.,1.,1.
    ,1.,1.000000000001,0.999999999996,1.000000000014,0.999999999969,1.))
 REPRESENTATION_ITEM('') );
#1919 = CARTESIAN_POINT('',(140.9618,352.05497576647,110.8846695606));
#1920 = CARTESIAN_POINT('',(142.09540904743,350.84333676349,
    110.84612720679));
#1921 = CARTESIAN_POINT('',(145.34352279277,352.504034382,
    111.03468681459));
#1922 = CARTESIAN_POINT('',(149.51920541273,352.22025198744,
    111.05943931088));
#1923 = CARTESIAN_POINT('',(153.74675028087,351.35942003951,
    111.11146229593));
#1924 = CARTESIAN_POINT('',(158.17058310233,351.18654759652,
    111.25651754865));
#1925 = CARTESIAN_POINT('',(162.26698448152,350.75184990964,
    111.34206678751));
#1926 = CARTESIAN_POINT('',(166.61873526807,351.41844748438,
    111.52450502616));
#1927 = CARTESIAN_POINT('',(171.05025168138,351.11784333497,
    111.60945562907));
#1928 = CARTESIAN_POINT('',(175.09238100893,353.27228910865,
    111.98763693767));
#1929 = CARTESIAN_POINT('',(179.41643525083,353.74891830618,
    112.08760434178));
#1930 = CARTESIAN_POINT('',(183.74465399728,353.7926681789,
    112.13117415197));
#1931 = CARTESIAN_POINT('',(188.01748830499,353.83708851059,
    112.15583679035));
#1932 = CARTESIAN_POINT('',(192.29804434258,353.92154662831,
    112.19004433339));
#1933 = CARTESIAN_POINT('',(196.57544693057,353.93864252665,
    112.18874198665));
#1934 = CARTESIAN_POINT('',(200.85359337877,353.92454581635,
    112.19237456806));
#1935 = CARTESIAN_POINT('',(205.13313267918,353.95159725893,
    112.18461738558));
#1936 = CARTESIAN_POINT('',(209.41029445154,353.99990232338,
    112.19321900949));
#1937 = CARTESIAN_POINT('',(213.69566833045,353.97484755383,
    112.20286461806));
#1938 = CARTESIAN_POINT('',(217.97323994091,354.07755097894,
    112.28181064115));
#1939 = CARTESIAN_POINT('',(222.25201002744,354.2112289362,
    112.39308624779));
#1940 = CARTESIAN_POINT('',(226.52878947893,354.33201172565,
    112.52116195022));
#1941 = CARTESIAN_POINT('',(230.80631705996,354.49183101005,
    112.64743207521));
#1942 = CARTESIAN_POINT('',(235.06961741834,354.73706787516,
    112.76802550355));
#1943 = CARTESIAN_POINT('',(239.34364675972,354.92310762011,
    112.80199869008));
#1944 = CARTESIAN_POINT('',(243.62590118763,355.02790626881,
    112.72969165559));
#1945 = CARTESIAN_POINT('',(247.90145862716,354.9853100973,
    112.70907369262));
#1946 = CARTESIAN_POINT('',(252.24748803221,355.05056842294,
    112.20110105683));
#1947 = CARTESIAN_POINT('',(256.42226459116,353.23006996499,
    112.89526698944));
#1948 = CARTESIAN_POINT('',(260.774587196,353.09853340446,
    113.25244510047));
#1949 = CARTESIAN_POINT('',(265.08553351846,351.82174618141,
    114.03137814601));
#1950 = CARTESIAN_POINT('',(269.30435854157,349.83380695708,
    113.64856204644));
#1951 = CARTESIAN_POINT('',(273.49463672784,347.68845450907,114.23844523
    ));
#1952 = CARTESIAN_POINT('',(277.98553204283,347.02104218735,
    113.6002846924));
#1953 = CARTESIAN_POINT('',(282.02098866206,344.64643961827,
    113.53822733722));
#1954 = CARTESIAN_POINT('',(286.37785805657,343.33680401331,
    113.09171375207));
#1955 = CARTESIAN_POINT('',(290.69560185407,343.00878842997,
    113.71984024922));
#1956 = CARTESIAN_POINT('',(294.97762712103,342.66994930977,
    113.8624845508));
#1957 = CARTESIAN_POINT('',(299.25829278307,342.5951956148,
    113.95381802981));
#1958 = CARTESIAN_POINT('',(303.53281780748,342.59149203546,
    113.86873180502));
#1959 = CARTESIAN_POINT('',(307.79563331651,342.63747240372,
    113.71399573379));
#1960 = CARTESIAN_POINT('',(312.07349323989,342.55116029908,
    113.57098662442));
#1961 = CARTESIAN_POINT('',(316.34983972698,342.47155231923,
    113.4271171611));
#1962 = CARTESIAN_POINT('',(320.62873034613,342.34820919537,
    113.3244389133));
#1963 = CARTESIAN_POINT('',(324.90645535717,342.31094076246,
    113.2381324133));
#1964 = CARTESIAN_POINT('',(329.19177427478,342.14068147556,
    113.20535832794));
#1965 = CARTESIAN_POINT('',(333.46902839726,342.10722195839,
    113.15389039155));
#1966 = CARTESIAN_POINT('',(337.74832561117,342.08068179082,
    113.10741453299));
#1967 = CARTESIAN_POINT('',(342.02697062847,342.07703537068,
    113.05167154555));
#1968 = CARTESIAN_POINT('',(346.30391351544,342.21057041622,
    112.97869334584));
#1969 = CARTESIAN_POINT('',(350.58496238288,342.25454370729,
    112.92564713369));
#1970 = CARTESIAN_POINT('',(354.8577723004,342.59876808602,
    112.82740652898));
#1971 = CARTESIAN_POINT('',(359.18388688825,342.46736058711,
    112.80813465062));
#1972 = CARTESIAN_POINT('',(363.5052046971,343.82823462827,
    112.52667978415));
#1973 = CARTESIAN_POINT('',(367.54865046447,346.61126940311,
    112.02867965717));
#1974 = CARTESIAN_POINT('',(372.05847150757,346.03875804217,
    111.99208364149));
#1975 = CARTESIAN_POINT('',(376.24564436291,348.45113193844,
    111.53388871904));
#1976 = CARTESIAN_POINT('',(380.50353796332,348.43832533295,
    111.35304769965));
#1977 = CARTESIAN_POINT('',(384.85798865987,347.98364003898,
    111.25394959537));
#1978 = CARTESIAN_POINT('',(389.02722072527,346.88592841731,
    111.2283578541));
#1979 = CARTESIAN_POINT('',(393.32393006004,347.29223614717,
    111.05290606192));
#1980 = CARTESIAN_POINT('',(396.53994441614,349.34068224291,
    110.80419749841));
#1981 = CARTESIAN_POINT('',(397.6403,346.71026865862,111.04849903365));
#1982 = PCURVE('',#1736,#1983);
#1983 = DEFINITIONAL_REPRESENTATION('',(#1984),#1988);
#1984 = LINE('',#1985,#1986);
#1985 = CARTESIAN_POINT('',(7.,0.));
#1986 = VECTOR('',#1987,1.);
#1987 = DIRECTION('',(0.,1.));
#1988 = ( GEOMETRIC_REPRESENTATION_CONTEXT(2) 
PARAMETRIC_REPRESENTATION_CONTEXT() REPRESENTATION_CONTEXT('2D SPACE',''
  ) );
#1989 = PCURVE('',#1990,#2117);
#1990 = ( BOUNDED_SURFACE() B_SPLINE_SURFACE(1,3,(
    (#1991,#1992,#1993,#1994,#1995,#1996,#1997,#1998,#1999,#2000,#2001
      ,#2002,#2003,#2004,#2005,#2006,#2007,#2008,#2009,#2010,#2011,#2012
      ,#2013,#2014,#2015,#2016,#2017,#2018,#2019,#2020,#2021,#2022,#2023
      ,#2024,#2025,#2026,#2027,#2028,#2029,#2030,#2031,#2032,#2033,#2034
      ,#2035,#2036,#2037,#2038,#2039,#2040,#2041,#2042,#2043,#2044,#2045
      ,#2046,#2047,#2048,#2049,#2050,#2051,#2052,#2053)
    ,(#2054,#2055,#2056,#2057,#2058,#2059,#2060,#2061,#2062,#2063,#2064
      ,#2065,#2066,#2067,#2068,#2069,#2070,#2071,#2072,#2073,#2074,#2075
      ,#2076,#2077,#2078,#2079,#2080,#2081,#2082,#2083,#2084,#2085,#2086
      ,#2087,#2088,#2089,#2090,#2091,#2092,#2093,#2094,#2095,#2096,#2097
      ,#2098,#2099,#2100,#2101,#2102,#2103,#2104,#2105,#2106,#2107,#2108
      ,#2109,#2110,#2111,#2112,#2113,#2114,#2115,#2116
)),.UNSPECIFIED.,.F.,.F.,.F.) B_SPLINE_SURFACE_WITH_KNOTS((2,2),(4,1,1,1
    ,1,1,1,1,1,1,1,1,1,1,1,1,1,1,1,1,1,1,1,1,1,1,1,1,1,1,1,1,1,1,1,1,1,1
    ,1,1,1,1,1,1,1,1,1,1,1,1,1,1,1,1,1,1,1,1,1,1,4),(7.,8.),(0.,
    1.671834126768E-02,3.328707673398E-02,5.001744466419E-02,
    6.648650714478E-02,8.348892901119E-02,9.999486964001E-02,
    0.11646941087,0.133815549619,0.150618938677,0.167038735703,
    0.183454077407,0.199862498306,0.216272023155,0.232682039048,
    0.249094136,0.265517101832,0.28195250261,0.298446383618,
    0.315002877417,0.331625113939,0.348307612691,0.365035992875,
    0.381711213613,0.398301880653,0.414823418335,0.431326889702,
    0.448164125522,0.464772555536,0.481574851679,0.498833916597,
    0.516076325801,0.532869467448,0.550364700599,0.567182918644,
    0.58368017293,0.60020088702,0.616790522208,0.633466402799,
    0.650196996519,0.66688122827,0.683506031496,0.700063533111,
    0.716557401724,0.732992840875,0.749415744672,0.765827967007,
    0.78223726506,0.798647812608,0.815056815176,0.831475231221,
    0.84789937286,0.864694545606,0.881987572306,0.898456926779,
    0.91536479181,0.932301655256,0.949102498792,0.966203962862,
0.982810298735,1.),.UNSPECIFIED.) GEOMETRIC_REPRESENTATION_ITEM() 
RATIONAL_B_SPLINE_SURFACE((
    (1.,1.000000000007,0.999999999997,1.000000000001,1.,1.,1.,1.,1.,1.
      ,1.,1.,1.,1.,1.,1.,1.,1.,1.,1.,1.,1.,1.,1.,1.,1.,1.,1.,1.,1.,1.,1.
      ,1.,1.,1.,1.,1.,1.,1.,1.,1.,1.,1.,1.,1.,1.,1.,1.,1.,1.,1.,1.,1.,1.
      ,1.,1.,1.,1.,1.000000000001,0.999999999996,1.000000000014
      ,0.999999999969,1.)
    ,(1.,1.000000000007,0.999999999997,1.000000000001,1.,1.,1.,1.,1.,1.
      ,1.,1.,1.,1.,1.,1.,1.,1.,1.,1.,1.,1.,1.,1.,1.,1.,1.,1.,1.,1.,1.,1.
      ,1.,1.,1.,1.,1.,1.,1.,1.,1.,1.,1.,1.,1.,1.,1.,1.,1.,1.,1.,1.,1.,1.
      ,1.,1.,1.,1.,1.000000000001,0.999999999996,1.000000000014
,0.999999999969,1.))) REPRESENTATION_ITEM('') SURFACE() );
#1991 = CARTESIAN_POINT('',(140.9618,352.05497576647,110.8846695606));
#1992 = CARTESIAN_POINT('',(142.09540904743,350.84333676349,
    110.84612720679));
#1993 = CARTESIAN_POINT('',(145.34352279277,352.504034382,
    111.03468681459));
#1994 = CARTESIAN_POINT('',(149.51920541273,352.22025198744,
    111.05943931088));
#1995 = CARTESIAN_POINT('',(153.74675028087,351.35942003951,
    111.11146229593));
#1996 = CARTESIAN_POINT('',(158.17058310233,351.18654759652,
    111.25651754865));
#1997 = CARTESIAN_POINT('',(162.26698448152,350.75184990964,
    111.34206678751));
#1998 = CARTESIAN_POINT('',(166.61873526807,351.41844748438,
    111.52450502616));
#1999 = CARTESIAN_POINT('',(171.05025168138,351.11784333497,
    111.60945562907));
#2000 = CARTESIAN_POINT('',(175.09238100893,353.27228910865,
    111.98763693767));
#2001 = CARTESIAN_POINT('',(179.41643525083,353.74891830618,
    112.08760434178));
#2002 = CARTESIAN_POINT('',(183.74465399728,353.7926681789,
    112.13117415197));
#2003 = CARTESIAN_POINT('',(188.01748830499,353.83708851059,
    112.15583679035));
#2004 = CARTESIAN_POINT('',(192.29804434258,353.92154662831,
    112.19004433339));
#2005 = CARTESIAN_POINT('',(196.57544693057,353.93864252665,
    112.18874198665));
#2006 = CARTESIAN_POINT('',(200.85359337877,353.92454581635,
    112.19237456806));
#2007 = CARTESIAN_POINT('',(205.13313267918,353.95159725893,
    112.18461738558));
#2008 = CARTESIAN_POINT('',(209.41029445154,353.99990232338,
    112.19321900949));
#2009 = CARTESIAN_POINT('',(213.69566833045,353.97484755383,
    112.20286461806));
#2010 = CARTESIAN_POINT('',(217.97323994091,354.07755097894,
    112.28181064115));
#2011 = CARTESIAN_POINT('',(222.25201002744,354.2112289362,
    112.39308624779));
#2012 = CARTESIAN_POINT('',(226.52878947893,354.33201172565,
    112.52116195022));
#2013 = CARTESIAN_POINT('',(230.80631705996,354.49183101005,
    112.64743207521));
#2014 = CARTESIAN_POINT('',(235.06961741834,354.73706787516,
    112.76802550355));
#2015 = CARTESIAN_POINT('',(239.34364675972,354.92310762011,
    112.80199869008));
#2016 = CARTESIAN_POINT('',(243.62590118763,355.02790626881,
    112.72969165559));
#2017 = CARTESIAN_POINT('',(247.90145862716,354.9853100973,
    112.70907369262));
#2018 = CARTESIAN_POINT('',(252.24748803221,355.05056842294,
    112.20110105683));
#2019 = CARTESIAN_POINT('',(256.42226459116,353.23006996499,
    112.89526698944));
#2020 = CARTESIAN_POINT('',(260.774587196,353.09853340446,
    113.25244510047));
#2021 = CARTESIAN_POINT('',(265.08553351846,351.82174618141,
    114.03137814601));
#2022 = CARTESIAN_POINT('',(269.30435854157,349.83380695708,
    113.64856204644));
#2023 = CARTESIAN_POINT('',(273.49463672784,347.68845450907,114.23844523
    ));
#2024 = CARTESIAN_POINT('',(277.98553204283,347.02104218735,
    113.6002846924));
#2025 = CARTESIAN_POINT('',(282.02098866206,344.64643961827,
    113.53822733722));
#2026 = CARTESIAN_POINT('',(286.37785805657,343.33680401331,
    113.09171375207));
#2027 = CARTESIAN_POINT('',(290.69560185407,343.00878842997,
    113.71984024922));
#2028 = CARTESIAN_POINT('',(294.97762712103,342.66994930977,
    113.8624845508));
#2029 = CARTESIAN_POINT('',(299.25829278307,342.5951956148,
    113.95381802981));
#2030 = CARTESIAN_POINT('',(303.53281780748,342.59149203546,
    113.86873180502));
#2031 = CARTESIAN_POINT('',(307.79563331651,342.63747240372,
    113.71399573379));
#2032 = CARTESIAN_POINT('',(312.07349323989,342.55116029908,
    113.57098662442));
#2033 = CARTESIAN_POINT('',(316.34983972698,342.47155231923,
    113.4271171611));
#2034 = CARTESIAN_POINT('',(320.62873034613,342.34820919537,
    113.3244389133));
#2035 = CARTESIAN_POINT('',(324.90645535717,342.31094076246,
    113.2381324133));
#2036 = CARTESIAN_POINT('',(329.19177427478,342.14068147556,
    113.20535832794));
#2037 = CARTESIAN_POINT('',(333.46902839726,342.10722195839,
    113.15389039155));
#2038 = CARTESIAN_POINT('',(337.74832561117,342.08068179082,
    113.10741453299));
#2039 = CARTESIAN_POINT('',(342.02697062847,342.07703537068,
    113.05167154555));
#2040 = CARTESIAN_POINT('',(346.30391351544,342.21057041622,
    112.97869334584));
#2041 = CARTESIAN_POINT('',(350.58496238288,342.25454370729,
    112.92564713369));
#2042 = CARTESIAN_POINT('',(354.8577723004,342.59876808602,
    112.82740652898));
#2043 = CARTESIAN_POINT('',(359.18388688825,342.46736058711,
    112.80813465062));
#2044 = CARTESIAN_POINT('',(363.5052046971,343.82823462827,
    112.52667978415));
#2045 = CARTESIAN_POINT('',(367.54865046447,346.61126940311,
    112.02867965717));
#2046 = CARTESIAN_POINT('',(372.05847150757,346.03875804217,
    111.99208364149));
#2047 = CARTESIAN_POINT('',(376.24564436291,348.45113193844,
    111.53388871904));
#2048 = CARTESIAN_POINT('',(380.50353796332,348.43832533295,
    111.35304769965));
#2049 = CARTESIAN_POINT('',(384.85798865987,347.98364003898,
    111.25394959537));
#2050 = CARTESIAN_POINT('',(389.02722072527,346.88592841731,
    111.2283578541));
#2051 = CARTESIAN_POINT('',(393.32393006004,347.29223614717,
    111.05290606192));
#2052 = CARTESIAN_POINT('',(396.53994441614,349.34068224291,
    110.80419749841));
#2053 = CARTESIAN_POINT('',(397.6403,346.71026865862,111.04849903365));
#2054 = CARTESIAN_POINT('',(140.9618,351.67126916996,110.83800387334));
#2055 = CARTESIAN_POINT('',(142.09540904743,350.25601083517,
    110.78719481683));
#2056 = CARTESIAN_POINT('',(145.34352279277,352.05950148109,
    110.97356389077));
#2057 = CARTESIAN_POINT('',(149.51920541273,351.59008488661,
    110.96332743911));
#2058 = CARTESIAN_POINT('',(153.74675028087,350.68591493261,
    111.00929325419));
#2059 = CARTESIAN_POINT('',(158.17058310233,350.55950550474,
    111.15235233533));
#2060 = CARTESIAN_POINT('',(162.26698448152,349.88571878735,
    111.19522682714));
#2061 = CARTESIAN_POINT('',(166.61873526807,350.50895851566,
    111.35618612477));
#2062 = CARTESIAN_POINT('',(171.05025168138,350.16986111835,
    111.44163412737));
#2063 = CARTESIAN_POINT('',(175.09238100893,352.13091620428,
    111.77931374637));
#2064 = CARTESIAN_POINT('',(179.41643525083,352.425943738,
    111.84345064411));
#2065 = CARTESIAN_POINT('',(183.74465399728,352.48091453537,
    111.87442845123));
#2066 = CARTESIAN_POINT('',(188.01748830499,352.48966940431,
    111.88023552795));
#2067 = CARTESIAN_POINT('',(192.29804434258,352.57210071974,
    111.90233928103));
#2068 = CARTESIAN_POINT('',(196.57544693057,352.57725207457,
    111.88399158381));
#2069 = CARTESIAN_POINT('',(200.85359337877,352.55631522895,
    111.87800767701));
#2070 = CARTESIAN_POINT('',(205.13313267918,352.59204468206,
    111.85607672121));
#2071 = CARTESIAN_POINT('',(209.41029445154,352.66262547263,
    111.85967700749));
#2072 = CARTESIAN_POINT('',(213.69566833045,352.66412378056,
    111.84971139777));
#2073 = CARTESIAN_POINT('',(217.97323994091,352.81919848947,
    111.92321058794));
#2074 = CARTESIAN_POINT('',(222.25201002744,353.02009161988,
    112.01212409836));
#2075 = CARTESIAN_POINT('',(226.52878947893,353.21801384878,
    112.12852282643));
#2076 = CARTESIAN_POINT('',(230.80631705996,353.46007006948,
    112.23944678611));
#2077 = CARTESIAN_POINT('',(235.06961741834,353.79130276348,
    112.35426426755));
#2078 = CARTESIAN_POINT('',(239.34364675972,354.06813659732,
    112.37482659108));
#2079 = CARTESIAN_POINT('',(243.62590118763,354.25059397438,
    112.32405701288));
#2080 = CARTESIAN_POINT('',(247.90145862716,354.27458770632,
    112.343694868));
#2081 = CARTESIAN_POINT('',(252.24748803221,354.42343618651,
    111.8668353404));
#2082 = CARTESIAN_POINT('',(256.42226459116,352.57925749624,
    112.65851741185));
#2083 = CARTESIAN_POINT('',(260.774587196,352.46849485649,
    113.10138342877));
#2084 = CARTESIAN_POINT('',(265.08553351846,351.14568109662,
    113.93284383873));
#2085 = CARTESIAN_POINT('',(269.30435854157,349.18605048386,
    113.64047060721));
#2086 = CARTESIAN_POINT('',(273.49463672784,347.00144917915,
    114.31053234009));
#2087 = CARTESIAN_POINT('',(277.98553204283,346.3843143945,
    113.72922874176));
#2088 = CARTESIAN_POINT('',(282.02098866206,343.96877757067,
    113.70353425912));
#2089 = CARTESIAN_POINT('',(286.37785805657,342.67153205614,
    113.332439799));
#2090 = CARTESIAN_POINT('',(290.69560185407,342.25466363828,
    113.98009747115));
#2091 = CARTESIAN_POINT('',(294.97762712103,341.84651995931,
    114.15569508542));
#2092 = CARTESIAN_POINT('',(299.25829278307,341.68374225547,
    114.23952241628));
#2093 = CARTESIAN_POINT('',(303.53281780748,341.60595475288,
    114.17567228934));
#2094 = CARTESIAN_POINT('',(307.79563331651,341.57108637383,
    114.02147659761));
#2095 = CARTESIAN_POINT('',(312.07349323989,341.41010501113,
    113.88443274044));
#2096 = CARTESIAN_POINT('',(316.34983972698,341.26009480197,
    113.74306048411));
#2097 = CARTESIAN_POINT('',(320.62873034613,341.07756750398,
    113.64969989246));
#2098 = CARTESIAN_POINT('',(324.90645535717,340.98862031917,
    113.55943449231));
#2099 = CARTESIAN_POINT('',(329.19177427478,340.7925461508,
    113.5165129581));
#2100 = CARTESIAN_POINT('',(333.46902839726,340.73545376691,
    113.45269172729));
#2101 = CARTESIAN_POINT('',(337.74832561117,340.70230455181,
    113.39168796463));
#2102 = CARTESIAN_POINT('',(342.02697062847,340.69720709162,
    113.30861258125));
#2103 = CARTESIAN_POINT('',(346.30391351544,340.8498407227,
    113.21911170438));
#2104 = CARTESIAN_POINT('',(350.58496238288,340.89674541062,
    113.15131319842));
#2105 = CARTESIAN_POINT('',(354.8577723004,341.27636061789,
    113.03580858861));
#2106 = CARTESIAN_POINT('',(359.18388688825,341.16310561727,
    113.00355526285));
#2107 = CARTESIAN_POINT('',(363.5052046971,342.62543936837,
    112.69057762627));
#2108 = CARTESIAN_POINT('',(367.54865046447,345.60976974361,
    112.16795249273));
#2109 = CARTESIAN_POINT('',(372.05847150757,345.04756795449,
    112.134524722));
#2110 = CARTESIAN_POINT('',(376.24564436291,347.61603328385,
    111.6495362155));
#2111 = CARTESIAN_POINT('',(380.50353796332,347.78768052542,
    111.44083741673));
#2112 = CARTESIAN_POINT('',(384.85798865987,347.37292195874,
    111.34294678027));
#2113 = CARTESIAN_POINT('',(389.02722072527,346.33452955218,
    111.30410245982));
#2114 = CARTESIAN_POINT('',(393.32393006004,346.89930752107,
    111.09329249734));
#2115 = CARTESIAN_POINT('',(396.53994441614,348.94891714153,
    110.85304307671));
#2116 = CARTESIAN_POINT('',(397.6403,346.33896306229,111.08568753868));
#2117 = DEFINITIONAL_REPRESENTATION('',(#2118),#2122);
#2118 = LINE('',#2119,#2120);
#2119 = CARTESIAN_POINT('',(7.,0.));
#2120 = VECTOR('',#2121,1.);
#2121 = DIRECTION('',(0.,1.));
#2122 = ( GEOMETRIC_REPRESENTATION_CONTEXT(2) 
PARAMETRIC_REPRESENTATION_CONTEXT() REPRESENTATION_CONTEXT('2D SPACE',''
  ) );
#2123 = ORIENTED_EDGE('',*,*,#2124,.F.);
#2124 = EDGE_CURVE('',#1661,#1915,#2125,.T.);
#2125 = SURFACE_CURVE('',#2126,(#2129,#2136),.PCURVE_S1.);
#2126 = B_SPLINE_CURVE_WITH_KNOTS('',1,(#2127,#2128),.UNSPECIFIED.,.F.,
  .F.,(2,2),(6.,7.),.PIECEWISE_BEZIER_KNOTS.);
#2127 = CARTESIAN_POINT('',(397.6403,347.08128616073,111.0085532272));
#2128 = CARTESIAN_POINT('',(397.6403,346.71026865862,111.04849903365));
#2129 = PCURVE('',#1736,#2130);
#2130 = DEFINITIONAL_REPRESENTATION('',(#2131),#2135);
#2131 = LINE('',#2132,#2133);
#2132 = CARTESIAN_POINT('',(0.,1.));
#2133 = VECTOR('',#2134,1.);
#2134 = DIRECTION('',(1.,0.));
#2135 = ( GEOMETRIC_REPRESENTATION_CONTEXT(2) 
PARAMETRIC_REPRESENTATION_CONTEXT() REPRESENTATION_CONTEXT('2D SPACE',''
  ) );
#2136 = PCURVE('',#401,#2137);
#2137 = DEFINITIONAL_REPRESENTATION('',(#2138),#2141);
#2138 = B_SPLINE_CURVE_WITH_KNOTS('',1,(#2139,#2140),.UNSPECIFIED.,.F.,
  .F.,(2,2),(6.,7.),.PIECEWISE_BEZIER_KNOTS.);
#2139 = CARTESIAN_POINT('',(2.238734717138,-3.046582142431E-02));
#2140 = CARTESIAN_POINT('',(2.611895270377,-3.139093211587E-02));
#2141 = ( GEOMETRIC_REPRESENTATION_CONTEXT(2) 
PARAMETRIC_REPRESENTATION_CONTEXT() REPRESENTATION_CONTEXT('2D SPACE',''
  ) );
#2142 = ORIENTED_EDGE('',*,*,#1660,.F.);
#2143 = ADVANCED_FACE('',(#2144),#1990,.T.);
#2144 = FACE_BOUND('',#2145,.T.);
#2145 = EDGE_LOOP('',(#2146,#2167,#2377,#2396));
#2146 = ORIENTED_EDGE('',*,*,#2147,.T.);
#2147 = EDGE_CURVE('',#1894,#2148,#2150,.T.);
#2148 = VERTEX_POINT('',#2149);
#2149 = CARTESIAN_POINT('',(140.9618,351.67126916996,110.83800387334));
#2150 = SURFACE_CURVE('',#2151,(#2154,#2161),.PCURVE_S1.);
#2151 = B_SPLINE_CURVE_WITH_KNOTS('',1,(#2152,#2153),.UNSPECIFIED.,.F.,
  .F.,(2,2),(7.,8.),.PIECEWISE_BEZIER_KNOTS.);
#2152 = CARTESIAN_POINT('',(140.9618,352.05497576647,110.8846695606));
#2153 = CARTESIAN_POINT('',(140.9618,351.67126916996,110.83800387334));
#2154 = PCURVE('',#1990,#2155);
#2155 = DEFINITIONAL_REPRESENTATION('',(#2156),#2160);
#2156 = LINE('',#2157,#2158);
#2157 = CARTESIAN_POINT('',(0.,0.));
#2158 = VECTOR('',#2159,1.);
#2159 = DIRECTION('',(1.,0.));
#2160 = ( GEOMETRIC_REPRESENTATION_CONTEXT(2) 
PARAMETRIC_REPRESENTATION_CONTEXT() REPRESENTATION_CONTEXT('2D SPACE',''
  ) );
#2161 = PCURVE('',#165,#2162);
#2162 = DEFINITIONAL_REPRESENTATION('',(#2163),#2166);
#2163 = B_SPLINE_CURVE_WITH_KNOTS('',1,(#2164,#2165),.UNSPECIFIED.,.F.,
  .F.,(2,2),(7.,8.),.PIECEWISE_BEZIER_KNOTS.);
#2164 = CARTESIAN_POINT('',(2.702612501878,8.733698610465E-02));
#2165 = CARTESIAN_POINT('',(3.089130158799,9.087809587372E-02));
#2166 = ( GEOMETRIC_REPRESENTATION_CONTEXT(2) 
PARAMETRIC_REPRESENTATION_CONTEXT() REPRESENTATION_CONTEXT('2D SPACE',''
  ) );
#2167 = ORIENTED_EDGE('',*,*,#2168,.T.);
#2168 = EDGE_CURVE('',#2148,#2169,#2171,.T.);
#2169 = VERTEX_POINT('',#2170);
#2170 = CARTESIAN_POINT('',(397.6403,346.33896306229,111.08568753868));
#2171 = SURFACE_CURVE('',#2172,(#2236,#2243),.PCURVE_S1.);
#2172 = ( BOUNDED_CURVE() B_SPLINE_CURVE(3,(#2173,#2174,#2175,#2176,
    #2177,#2178,#2179,#2180,#2181,#2182,#2183,#2184,#2185,#2186,#2187,
    #2188,#2189,#2190,#2191,#2192,#2193,#2194,#2195,#2196,#2197,#2198,
    #2199,#2200,#2201,#2202,#2203,#2204,#2205,#2206,#2207,#2208,#2209,
    #2210,#2211,#2212,#2213,#2214,#2215,#2216,#2217,#2218,#2219,#2220,
    #2221,#2222,#2223,#2224,#2225,#2226,#2227,#2228,#2229,#2230,#2231,
    #2232,#2233,#2234,#2235),.UNSPECIFIED.,.F.,.F.) 
B_SPLINE_CURVE_WITH_KNOTS((4,1,1,1,1,1,1,1,1,1,1,1,1,1,1,1,1,1,1,1,1,1,1
    ,1,1,1,1,1,1,1,1,1,1,1,1,1,1,1,1,1,1,1,1,1,1,1,1,1,1,1,1,1,1,1,1,1,1
    ,1,1,1,4),(0.,1.671834126768E-02,3.328707673398E-02,
    5.001744466419E-02,6.648650714478E-02,8.348892901119E-02,
    9.999486964001E-02,0.11646941087,0.133815549619,0.150618938677,
    0.167038735703,0.183454077407,0.199862498306,0.216272023155,
    0.232682039048,0.249094136,0.265517101832,0.28195250261,
    0.298446383618,0.315002877417,0.331625113939,0.348307612691,
    0.365035992875,0.381711213613,0.398301880653,0.414823418335,
    0.431326889702,0.448164125522,0.464772555536,0.481574851679,
    0.498833916597,0.516076325801,0.532869467448,0.550364700599,
    0.567182918644,0.58368017293,0.60020088702,0.616790522208,
    0.633466402799,0.650196996519,0.66688122827,0.683506031496,
    0.700063533111,0.716557401724,0.732992840875,0.749415744672,
    0.765827967007,0.78223726506,0.798647812608,0.815056815176,
    0.831475231221,0.84789937286,0.864694545606,0.881987572306,
    0.898456926779,0.91536479181,0.932301655256,0.949102498792,
0.966203962862,0.982810298735,1.),.UNSPECIFIED.) CURVE() 
GEOMETRIC_REPRESENTATION_ITEM() RATIONAL_B_SPLINE_CURVE((1.,
    1.000000000007,0.999999999997,1.000000000001,1.,1.,1.,1.,1.,1.,1.,1.
    ,1.,1.,1.,1.,1.,1.,1.,1.,1.,1.,1.,1.,1.,1.,1.,1.,1.,1.,1.,1.,1.,1.,
    1.,1.,1.,1.,1.,1.,1.,1.,1.,1.,1.,1.,1.,1.,1.,1.,1.,1.,1.,1.,1.,1.,1.
    ,1.,1.000000000001,0.999999999996,1.000000000014,0.999999999969,1.))
 REPRESENTATION_ITEM('') );
#2173 = CARTESIAN_POINT('',(140.9618,351.67126916996,110.83800387334));
#2174 = CARTESIAN_POINT('',(142.09540904743,350.25601083517,
    110.78719481683));
#2175 = CARTESIAN_POINT('',(145.34352279277,352.05950148109,
    110.97356389077));
#2176 = CARTESIAN_POINT('',(149.51920541273,351.59008488661,
    110.96332743911));
#2177 = CARTESIAN_POINT('',(153.74675028087,350.68591493261,
    111.00929325419));
#2178 = CARTESIAN_POINT('',(158.17058310233,350.55950550474,
    111.15235233533));
#2179 = CARTESIAN_POINT('',(162.26698448152,349.88571878735,
    111.19522682714));
#2180 = CARTESIAN_POINT('',(166.61873526807,350.50895851566,
    111.35618612477));
#2181 = CARTESIAN_POINT('',(171.05025168138,350.16986111835,
    111.44163412737));
#2182 = CARTESIAN_POINT('',(175.09238100893,352.13091620428,
    111.77931374637));
#2183 = CARTESIAN_POINT('',(179.41643525083,352.425943738,
    111.84345064411));
#2184 = CARTESIAN_POINT('',(183.74465399728,352.48091453537,
    111.87442845123));
#2185 = CARTESIAN_POINT('',(188.01748830499,352.48966940431,
    111.88023552795));
#2186 = CARTESIAN_POINT('',(192.29804434258,352.57210071974,
    111.90233928103));
#2187 = CARTESIAN_POINT('',(196.57544693057,352.57725207457,
    111.88399158381));
#2188 = CARTESIAN_POINT('',(200.85359337877,352.55631522895,
    111.87800767701));
#2189 = CARTESIAN_POINT('',(205.13313267918,352.59204468206,
    111.85607672121));
#2190 = CARTESIAN_POINT('',(209.41029445154,352.66262547263,
    111.85967700749));
#2191 = CARTESIAN_POINT('',(213.69566833045,352.66412378056,
    111.84971139777));
#2192 = CARTESIAN_POINT('',(217.97323994091,352.81919848947,
    111.92321058794));
#2193 = CARTESIAN_POINT('',(222.25201002744,353.02009161988,
    112.01212409836));
#2194 = CARTESIAN_POINT('',(226.52878947893,353.21801384878,
    112.12852282643));
#2195 = CARTESIAN_POINT('',(230.80631705996,353.46007006948,
    112.23944678611));
#2196 = CARTESIAN_POINT('',(235.06961741834,353.79130276348,
    112.35426426755));
#2197 = CARTESIAN_POINT('',(239.34364675972,354.06813659732,
    112.37482659108));
#2198 = CARTESIAN_POINT('',(243.62590118763,354.25059397438,
    112.32405701288));
#2199 = CARTESIAN_POINT('',(247.90145862716,354.27458770632,
    112.343694868));
#2200 = CARTESIAN_POINT('',(252.24748803221,354.42343618651,
    111.8668353404));
#2201 = CARTESIAN_POINT('',(256.42226459116,352.57925749624,
    112.65851741185));
#2202 = CARTESIAN_POINT('',(260.774587196,352.46849485649,
    113.10138342877));
#2203 = CARTESIAN_POINT('',(265.08553351846,351.14568109662,
    113.93284383873));
#2204 = CARTESIAN_POINT('',(269.30435854157,349.18605048386,
    113.64047060721));
#2205 = CARTESIAN_POINT('',(273.49463672784,347.00144917915,
    114.31053234009));
#2206 = CARTESIAN_POINT('',(277.98553204283,346.3843143945,
    113.72922874176));
#2207 = CARTESIAN_POINT('',(282.02098866206,343.96877757067,
    113.70353425912));
#2208 = CARTESIAN_POINT('',(286.37785805657,342.67153205614,
    113.332439799));
#2209 = CARTESIAN_POINT('',(290.69560185407,342.25466363828,
    113.98009747115));
#2210 = CARTESIAN_POINT('',(294.97762712103,341.84651995931,
    114.15569508542));
#2211 = CARTESIAN_POINT('',(299.25829278307,341.68374225547,
    114.23952241628));
#2212 = CARTESIAN_POINT('',(303.53281780748,341.60595475288,
    114.17567228934));
#2213 = CARTESIAN_POINT('',(307.79563331651,341.57108637383,
    114.02147659761));
#2214 = CARTESIAN_POINT('',(312.07349323989,341.41010501113,
    113.88443274044));
#2215 = CARTESIAN_POINT('',(316.34983972698,341.26009480197,
    113.74306048411));
#2216 = CARTESIAN_POINT('',(320.62873034613,341.07756750398,
    113.64969989246));
#2217 = CARTESIAN_POINT('',(324.90645535717,340.98862031917,
    113.55943449231));
#2218 = CARTESIAN_POINT('',(329.19177427478,340.7925461508,
    113.5165129581));
#2219 = CARTESIAN_POINT('',(333.46902839726,340.73545376691,
    113.45269172729));
#2220 = CARTESIAN_POINT('',(337.74832561117,340.70230455181,
    113.39168796463));
#2221 = CARTESIAN_POINT('',(342.02697062847,340.69720709162,
    113.30861258125));
#2222 = CARTESIAN_POINT('',(346.30391351544,340.8498407227,
    113.21911170438));
#2223 = CARTESIAN_POINT('',(350.58496238288,340.89674541062,
    113.15131319842));
#2224 = CARTESIAN_POINT('',(354.8577723004,341.27636061789,
    113.03580858861));
#2225 = CARTESIAN_POINT('',(359.18388688825,341.16310561727,
    113.00355526285));
#2226 = CARTESIAN_POINT('',(363.5052046971,342.62543936837,
    112.69057762627));
#2227 = CARTESIAN_POINT('',(367.54865046447,345.60976974361,
    112.16795249273));
#2228 = CARTESIAN_POINT('',(372.05847150757,345.04756795449,
    112.134524722));
#2229 = CARTESIAN_POINT('',(376.24564436291,347.61603328385,
    111.6495362155));
#2230 = CARTESIAN_POINT('',(380.50353796332,347.78768052542,
    111.44083741673));
#2231 = CARTESIAN_POINT('',(384.85798865987,347.37292195874,
    111.34294678027));
#2232 = CARTESIAN_POINT('',(389.02722072527,346.33452955218,
    111.30410245982));
#2233 = CARTESIAN_POINT('',(393.32393006004,346.89930752107,
    111.09329249734));
#2234 = CARTESIAN_POINT('',(396.53994441614,348.94891714153,
    110.85304307671));
#2235 = CARTESIAN_POINT('',(397.6403,346.33896306229,111.08568753868));
#2236 = PCURVE('',#1990,#2237);
#2237 = DEFINITIONAL_REPRESENTATION('',(#2238),#2242);
#2238 = LINE('',#2239,#2240);
#2239 = CARTESIAN_POINT('',(8.,0.));
#2240 = VECTOR('',#2241,1.);
#2241 = DIRECTION('',(0.,1.));
#2242 = ( GEOMETRIC_REPRESENTATION_CONTEXT(2) 
PARAMETRIC_REPRESENTATION_CONTEXT() REPRESENTATION_CONTEXT('2D SPACE',''
  ) );
#2243 = PCURVE('',#2244,#2371);
#2244 = ( BOUNDED_SURFACE() B_SPLINE_SURFACE(1,3,(
    (#2245,#2246,#2247,#2248,#2249,#2250,#2251,#2252,#2253,#2254,#2255
      ,#2256,#2257,#2258,#2259,#2260,#2261,#2262,#2263,#2264,#2265,#2266
      ,#2267,#2268,#2269,#2270,#2271,#2272,#2273,#2274,#2275,#2276,#2277
      ,#2278,#2279,#2280,#2281,#2282,#2283,#2284,#2285,#2286,#2287,#2288
      ,#2289,#2290,#2291,#2292,#2293,#2294,#2295,#2296,#2297,#2298,#2299
      ,#2300,#2301,#2302,#2303,#2304,#2305,#2306,#2307)
    ,(#2308,#2309,#2310,#2311,#2312,#2313,#2314,#2315,#2316,#2317,#2318
      ,#2319,#2320,#2321,#2322,#2323,#2324,#2325,#2326,#2327,#2328,#2329
      ,#2330,#2331,#2332,#2333,#2334,#2335,#2336,#2337,#2338,#2339,#2340
      ,#2341,#2342,#2343,#2344,#2345,#2346,#2347,#2348,#2349,#2350,#2351
      ,#2352,#2353,#2354,#2355,#2356,#2357,#2358,#2359,#2360,#2361,#2362
      ,#2363,#2364,#2365,#2366,#2367,#2368,#2369,#2370
)),.UNSPECIFIED.,.F.,.F.,.F.) B_SPLINE_SURFACE_WITH_KNOTS((2,2),(4,1,1,1
    ,1,1,1,1,1,1,1,1,1,1,1,1,1,1,1,1,1,1,1,1,1,1,1,1,1,1,1,1,1,1,1,1,1,1
    ,1,1,1,1,1,1,1,1,1,1,1,1,1,1,1,1,1,1,1,1,1,1,4),(8.,9.),(0.,
    1.671834126768E-02,3.328707673398E-02,5.001744466419E-02,
    6.648650714478E-02,8.348892901119E-02,9.999486964001E-02,
    0.11646941087,0.133815549619,0.150618938677,0.167038735703,
    0.183454077407,0.199862498306,0.216272023155,0.232682039048,
    0.249094136,0.265517101832,0.28195250261,0.298446383618,
    0.315002877417,0.331625113939,0.348307612691,0.365035992875,
    0.381711213613,0.398301880653,0.414823418335,0.431326889702,
    0.448164125522,0.464772555536,0.481574851679,0.498833916597,
    0.516076325801,0.532869467448,0.550364700599,0.567182918644,
    0.58368017293,0.60020088702,0.616790522208,0.633466402799,
    0.650196996519,0.66688122827,0.683506031496,0.700063533111,
    0.716557401724,0.732992840875,0.749415744672,0.765827967007,
    0.78223726506,0.798647812608,0.815056815176,0.831475231221,
    0.84789937286,0.864694545606,0.881987572306,0.898456926779,
    0.91536479181,0.932301655256,0.949102498792,0.966203962862,
0.982810298735,1.),.UNSPECIFIED.) GEOMETRIC_REPRESENTATION_ITEM() 
RATIONAL_B_SPLINE_SURFACE((
    (1.,1.000000000007,0.999999999997,1.000000000001,1.,1.,1.,1.,1.,1.
      ,1.,1.,1.,1.,1.,1.,1.,1.,1.,1.,1.,1.,1.,1.,1.,1.,1.,1.,1.,1.,1.,1.
      ,1.,1.,1.,1.,1.,1.,1.,1.,1.,1.,1.,1.,1.,1.,1.,1.,1.,1.,1.,1.,1.,1.
      ,1.,1.,1.,1.,1.000000000001,0.999999999996,1.000000000014
      ,0.999999999969,1.)
    ,(1.,1.000000000007,0.999999999997,1.000000000001,1.,1.,1.,1.,1.,1.
      ,1.,1.,1.,1.,1.,1.,1.,1.,1.,1.,1.,1.,1.,1.,1.,1.,1.,1.,1.,1.,1.,1.
      ,1.,1.,1.,1.,1.,1.,1.,1.,1.,1.,1.,1.,1.,1.,1.,1.,1.,1.,1.,1.,1.,1.
      ,1.,1.,1.,1.,1.000000000001,0.999999999996,1.000000000014
,0.999999999969,1.))) REPRESENTATION_ITEM('') SURFACE() );
#2245 = CARTESIAN_POINT('',(140.9618,351.67126916996,110.83800387334));
#2246 = CARTESIAN_POINT('',(142.09540904743,350.25601083517,
    110.78719481683));
#2247 = CARTESIAN_POINT('',(145.34352279277,352.05950148109,
    110.97356389077));
#2248 = CARTESIAN_POINT('',(149.51920541273,351.59008488661,
    110.96332743911));
#2249 = CARTESIAN_POINT('',(153.74675028087,350.68591493261,
    111.00929325419));
#2250 = CARTESIAN_POINT('',(158.17058310233,350.55950550474,
    111.15235233533));
#2251 = CARTESIAN_POINT('',(162.26698448152,349.88571878735,
    111.19522682714));
#2252 = CARTESIAN_POINT('',(166.61873526807,350.50895851566,
    111.35618612477));
#2253 = CARTESIAN_POINT('',(171.05025168138,350.16986111835,
    111.44163412737));
#2254 = CARTESIAN_POINT('',(175.09238100893,352.13091620428,
    111.77931374637));
#2255 = CARTESIAN_POINT('',(179.41643525083,352.425943738,
    111.84345064411));
#2256 = CARTESIAN_POINT('',(183.74465399728,352.48091453537,
    111.87442845123));
#2257 = CARTESIAN_POINT('',(188.01748830499,352.48966940431,
    111.88023552795));
#2258 = CARTESIAN_POINT('',(192.29804434258,352.57210071974,
    111.90233928103));
#2259 = CARTESIAN_POINT('',(196.57544693057,352.57725207457,
    111.88399158381));
#2260 = CARTESIAN_POINT('',(200.85359337877,352.55631522895,
    111.87800767701));
#2261 = CARTESIAN_POINT('',(205.13313267918,352.59204468206,
    111.85607672121));
#2262 = CARTESIAN_POINT('',(209.41029445154,352.66262547263,
    111.85967700749));
#2263 = CARTESIAN_POINT('',(213.69566833045,352.66412378056,
    111.84971139777));
#2264 = CARTESIAN_POINT('',(217.97323994091,352.81919848947,
    111.92321058794));
#2265 = CARTESIAN_POINT('',(222.25201002744,353.02009161988,
    112.01212409836));
#2266 = CARTESIAN_POINT('',(226.52878947893,353.21801384878,
    112.12852282643));
#2267 = CARTESIAN_POINT('',(230.80631705996,353.46007006948,
    112.23944678611));
#2268 = CARTESIAN_POINT('',(235.06961741834,353.79130276348,
    112.35426426755));
#2269 = CARTESIAN_POINT('',(239.34364675972,354.06813659732,
    112.37482659108));
#2270 = CARTESIAN_POINT('',(243.62590118763,354.25059397438,
    112.32405701288));
#2271 = CARTESIAN_POINT('',(247.90145862716,354.27458770632,
    112.343694868));
#2272 = CARTESIAN_POINT('',(252.24748803221,354.42343618651,
    111.8668353404));
#2273 = CARTESIAN_POINT('',(256.42226459116,352.57925749624,
    112.65851741185));
#2274 = CARTESIAN_POINT('',(260.774587196,352.46849485649,
    113.10138342877));
#2275 = CARTESIAN_POINT('',(265.08553351846,351.14568109662,
    113.93284383873));
#2276 = CARTESIAN_POINT('',(269.30435854157,349.18605048386,
    113.64047060721));
#2277 = CARTESIAN_POINT('',(273.49463672784,347.00144917915,
    114.31053234009));
#2278 = CARTESIAN_POINT('',(277.98553204283,346.3843143945,
    113.72922874176));
#2279 = CARTESIAN_POINT('',(282.02098866206,343.96877757067,
    113.70353425912));
#2280 = CARTESIAN_POINT('',(286.37785805657,342.67153205614,
    113.332439799));
#2281 = CARTESIAN_POINT('',(290.69560185407,342.25466363828,
    113.98009747115));
#2282 = CARTESIAN_POINT('',(294.97762712103,341.84651995931,
    114.15569508542));
#2283 = CARTESIAN_POINT('',(299.25829278307,341.68374225547,
    114.23952241628));
#2284 = CARTESIAN_POINT('',(303.53281780748,341.60595475288,
    114.17567228934));
#2285 = CARTESIAN_POINT('',(307.79563331651,341.57108637383,
    114.02147659761));
#2286 = CARTESIAN_POINT('',(312.07349323989,341.41010501113,
    113.88443274044));
#2287 = CARTESIAN_POINT('',(316.34983972698,341.26009480197,
    113.74306048411));
#2288 = CARTESIAN_POINT('',(320.62873034613,341.07756750398,
    113.64969989246));
#2289 = CARTESIAN_POINT('',(324.90645535717,340.98862031917,
    113.55943449231));
#2290 = CARTESIAN_POINT('',(329.19177427478,340.7925461508,
    113.5165129581));
#2291 = CARTESIAN_POINT('',(333.46902839726,340.73545376691,
    113.45269172729));
#2292 = CARTESIAN_POINT('',(337.74832561117,340.70230455181,
    113.39168796463));
#2293 = CARTESIAN_POINT('',(342.02697062847,340.69720709162,
    113.30861258125));
#2294 = CARTESIAN_POINT('',(346.30391351544,340.8498407227,
    113.21911170438));
#2295 = CARTESIAN_POINT('',(350.58496238288,340.89674541062,
    113.15131319842));
#2296 = CARTESIAN_POINT('',(354.8577723004,341.27636061789,
    113.03580858861));
#2297 = CARTESIAN_POINT('',(359.18388688825,341.16310561727,
    113.00355526285));
#2298 = CARTESIAN_POINT('',(363.5052046971,342.62543936837,
    112.69057762627));
#2299 = CARTESIAN_POINT('',(367.54865046447,345.60976974361,
    112.16795249273));
#2300 = CARTESIAN_POINT('',(372.05847150757,345.04756795449,
    112.134524722));
#2301 = CARTESIAN_POINT('',(376.24564436291,347.61603328385,
    111.6495362155));
#2302 = CARTESIAN_POINT('',(380.50353796332,347.78768052542,
    111.44083741673));
#2303 = CARTESIAN_POINT('',(384.85798865987,347.37292195874,
    111.34294678027));
#2304 = CARTESIAN_POINT('',(389.02722072527,346.33452955218,
    111.30410245982));
#2305 = CARTESIAN_POINT('',(393.32393006004,346.89930752107,
    111.09329249734));
#2306 = CARTESIAN_POINT('',(396.53994441614,348.94891714153,
    110.85304307671));
#2307 = CARTESIAN_POINT('',(397.6403,346.33896306229,111.08568753868));
#2308 = CARTESIAN_POINT('',(140.9618,351.28756257346,110.79133818607));
#2309 = CARTESIAN_POINT('',(142.09540904743,349.66890893647,
    110.72664732623));
#2310 = CARTESIAN_POINT('',(145.34352279277,351.6150944687,
    110.91152766362));
#2311 = CARTESIAN_POINT('',(149.51920541273,350.96003377538,
    110.8663768573));
#2312 = CARTESIAN_POINT('',(153.74675028087,350.01253294104,
    110.90623431433));
#2313 = CARTESIAN_POINT('',(158.17058310233,349.93256799796,
    111.04742685141));
#2314 = CARTESIAN_POINT('',(162.26698448152,349.01974959923,
    111.04721191591));
#2315 = CARTESIAN_POINT('',(166.61873526807,349.59942561675,
    111.18818518333));
#2316 = CARTESIAN_POINT('',(171.05025168138,349.22188537603,
    111.2737513938));
#2317 = CARTESIAN_POINT('',(175.09238100893,350.98955402594,
    111.57095529576));
#2318 = CARTESIAN_POINT('',(179.41643525083,351.10291220727,
    111.5995453221));
#2319 = CARTESIAN_POINT('',(183.74465399728,351.16937318783,
    111.61674628134));
#2320 = CARTESIAN_POINT('',(188.01748830499,351.1423235061,
    111.60430155137));
#2321 = CARTESIAN_POINT('',(192.29804434258,351.22301715935,
    111.6130623175));
#2322 = CARTESIAN_POINT('',(196.57544693057,351.21520644497,
    111.58202253443));
#2323 = CARTESIAN_POINT('',(200.85359337877,351.18792019113,
    111.56443547133));
#2324 = CARTESIAN_POINT('',(205.13313267918,351.23177366414,
    111.53041836074));
#2325 = CARTESIAN_POINT('',(209.41029445154,351.32713422596,
    111.52034458937));
#2326 = CARTESIAN_POINT('',(213.69566833045,351.35428184126,
    111.49407909996));
#2327 = CARTESIAN_POINT('',(217.97323994091,351.56299663829,
    111.55705659812));
#2328 = CARTESIAN_POINT('',(222.25201002744,351.83022301513,
    111.62640893317));
#2329 = CARTESIAN_POINT('',(226.52878947893,352.10794131988,
    111.72455734349));
#2330 = CARTESIAN_POINT('',(230.80631705996,352.43309410036,
    111.82208848508));
#2331 = CARTESIAN_POINT('',(235.06961741834,352.85036506753,
    111.93027546128));
#2332 = CARTESIAN_POINT('',(239.34364675972,353.21502095735,
    111.94255237546));
#2333 = CARTESIAN_POINT('',(243.62590118763,353.48443099853,
    111.89791132901));
#2334 = CARTESIAN_POINT('',(247.90145862716,353.56933909114,
    111.96545771617));
#2335 = CARTESIAN_POINT('',(252.24748803221,353.81208435272,
    111.51290203376));
#2336 = CARTESIAN_POINT('',(256.42226459116,351.893174729,
    112.45145152316));
#2337 = CARTESIAN_POINT('',(260.774587196,352.0285413134,112.75289512616
    ));
#2338 = CARTESIAN_POINT('',(265.08553351846,350.59079613211,
    113.71296771356));
#2339 = CARTESIAN_POINT('',(269.30435854157,348.67808288389,
    113.48689420935));
#2340 = CARTESIAN_POINT('',(273.49463672784,346.44256414138,
    114.27066932423));
#2341 = CARTESIAN_POINT('',(277.98553204283,345.90877316211,
    113.64427402808));
#2342 = CARTESIAN_POINT('',(282.02098866206,343.23651191846,
    113.88213181488));
#2343 = CARTESIAN_POINT('',(286.37785805657,342.00306614533,
    113.5144445596));
#2344 = CARTESIAN_POINT('',(290.69560185407,341.47932535977,
    114.18715556617));
#2345 = CARTESIAN_POINT('',(294.97762712103,340.99860496972,
    114.37115732763));
#2346 = CARTESIAN_POINT('',(299.25829278307,340.76273916468,
    114.4988871533));
#2347 = CARTESIAN_POINT('',(303.53281780748,340.60908704719,
    114.44848242002));
#2348 = CARTESIAN_POINT('',(307.79563331651,340.49816768483,
    114.30811274579));
#2349 = CARTESIAN_POINT('',(312.07349323989,340.26489855285,
    114.18248115873));
#2350 = CARTESIAN_POINT('',(316.34983972698,340.04663286593,
    114.05133147888));
#2351 = CARTESIAN_POINT('',(320.62873034613,339.80145807965,
    113.95114207707));
#2352 = CARTESIAN_POINT('',(324.90645535717,339.66086659882,
    113.85730734106));
#2353 = CARTESIAN_POINT('',(329.19177427478,339.43877834514,
    113.80278558125));
#2354 = CARTESIAN_POINT('',(333.46902839726,339.35856020038,
    113.72646768379));
#2355 = CARTESIAN_POINT('',(337.74832561117,339.31791983878,
    113.6468383958));
#2356 = CARTESIAN_POINT('',(342.02697062847,339.31657488721,
    113.56197618467));
#2357 = CARTESIAN_POINT('',(346.30391351544,339.48769169386,
    113.45241703507));
#2358 = CARTESIAN_POINT('',(350.58496238288,339.53810676752,
    113.37313496541));
#2359 = CARTESIAN_POINT('',(354.8577723004,339.95439130196,
    113.24679141098));
#2360 = CARTESIAN_POINT('',(359.18388688825,339.85971079848,
    113.20451043715));
#2361 = CARTESIAN_POINT('',(363.5052046971,341.42203312305,
    112.85075786616));
#2362 = CARTESIAN_POINT('',(367.54865046447,344.6088909857,
    112.31136641598));
#2363 = CARTESIAN_POINT('',(372.05847150757,344.05427963058,
    112.2633704949));
#2364 = CARTESIAN_POINT('',(376.24564436291,346.77993854242,
    111.75874650833));
#2365 = CARTESIAN_POINT('',(380.50353796332,347.13551135568,
    111.5183897803));
#2366 = CARTESIAN_POINT('',(384.85798865987,346.76090528631,
    111.42322183185));
#2367 = CARTESIAN_POINT('',(389.02722072527,345.78142789873,
    111.36855283189));
#2368 = CARTESIAN_POINT('',(393.32393006004,346.50569754474,
    111.12895532143));
#2369 = CARTESIAN_POINT('',(396.53994441614,348.5597461843,
    110.91868821205));
#2370 = CARTESIAN_POINT('',(397.6403,345.96756951162,111.12200180135));
#2371 = DEFINITIONAL_REPRESENTATION('',(#2372),#2376);
#2372 = LINE('',#2373,#2374);
#2373 = CARTESIAN_POINT('',(8.,0.));
#2374 = VECTOR('',#2375,1.);
#2375 = DIRECTION('',(0.,1.));
#2376 = ( GEOMETRIC_REPRESENTATION_CONTEXT(2) 
PARAMETRIC_REPRESENTATION_CONTEXT() REPRESENTATION_CONTEXT('2D SPACE',''
  ) );
#2377 = ORIENTED_EDGE('',*,*,#2378,.F.);
#2378 = EDGE_CURVE('',#1915,#2169,#2379,.T.);
#2379 = SURFACE_CURVE('',#2380,(#2383,#2390),.PCURVE_S1.);
#2380 = B_SPLINE_CURVE_WITH_KNOTS('',1,(#2381,#2382),.UNSPECIFIED.,.F.,
  .F.,(2,2),(7.,8.),.PIECEWISE_BEZIER_KNOTS.);
#2381 = CARTESIAN_POINT('',(397.6403,346.71026865862,111.04849903365));
#2382 = CARTESIAN_POINT('',(397.6403,346.33896306229,111.08568753868));
#2383 = PCURVE('',#1990,#2384);
#2384 = DEFINITIONAL_REPRESENTATION('',(#2385),#2389);
#2385 = LINE('',#2386,#2387);
#2386 = CARTESIAN_POINT('',(0.,1.));
#2387 = VECTOR('',#2388,1.);
#2388 = DIRECTION('',(1.,0.));
#2389 = ( GEOMETRIC_REPRESENTATION_CONTEXT(2) 
PARAMETRIC_REPRESENTATION_CONTEXT() REPRESENTATION_CONTEXT('2D SPACE',''
  ) );
#2390 = PCURVE('',#401,#2391);
#2391 = DEFINITIONAL_REPRESENTATION('',(#2392),#2395);
#2392 = B_SPLINE_CURVE_WITH_KNOTS('',1,(#2393,#2394),.UNSPECIFIED.,.F.,
  .F.,(2,2),(7.,8.),.PIECEWISE_BEZIER_KNOTS.);
#2393 = CARTESIAN_POINT('',(2.611895270377,-3.139093211587E-02));
#2394 = CARTESIAN_POINT('',(2.985053974715,-2.954373221866E-02));
#2395 = ( GEOMETRIC_REPRESENTATION_CONTEXT(2) 
PARAMETRIC_REPRESENTATION_CONTEXT() REPRESENTATION_CONTEXT('2D SPACE',''
  ) );
#2396 = ORIENTED_EDGE('',*,*,#1914,.F.);
#2397 = ADVANCED_FACE('',(#2398),#2244,.T.);
#2398 = FACE_BOUND('',#2399,.T.);
#2399 = EDGE_LOOP('',(#2400,#2421,#2631,#2650));
#2400 = ORIENTED_EDGE('',*,*,#2401,.T.);
#2401 = EDGE_CURVE('',#2148,#2402,#2404,.T.);
#2402 = VERTEX_POINT('',#2403);
#2403 = CARTESIAN_POINT('',(140.9618,351.28756257346,110.79133818607));
#2404 = SURFACE_CURVE('',#2405,(#2408,#2415),.PCURVE_S1.);
#2405 = B_SPLINE_CURVE_WITH_KNOTS('',1,(#2406,#2407),.UNSPECIFIED.,.F.,
  .F.,(2,2),(8.,9.),.PIECEWISE_BEZIER_KNOTS.);
#2406 = CARTESIAN_POINT('',(140.9618,351.67126916996,110.83800387334));
#2407 = CARTESIAN_POINT('',(140.9618,351.28756257346,110.79133818607));
#2408 = PCURVE('',#2244,#2409);
#2409 = DEFINITIONAL_REPRESENTATION('',(#2410),#2414);
#2410 = LINE('',#2411,#2412);
#2411 = CARTESIAN_POINT('',(0.,0.));
#2412 = VECTOR('',#2413,1.);
#2413 = DIRECTION('',(1.,0.));
#2414 = ( GEOMETRIC_REPRESENTATION_CONTEXT(2) 
PARAMETRIC_REPRESENTATION_CONTEXT() REPRESENTATION_CONTEXT('2D SPACE',''
  ) );
#2415 = PCURVE('',#165,#2416);
#2416 = DEFINITIONAL_REPRESENTATION('',(#2417),#2420);
#2417 = B_SPLINE_CURVE_WITH_KNOTS('',1,(#2418,#2419),.UNSPECIFIED.,.F.,
  .F.,(2,2),(8.,9.),.PIECEWISE_BEZIER_KNOTS.);
#2418 = CARTESIAN_POINT('',(3.089130158799,9.087809587372E-02));
#2419 = CARTESIAN_POINT('',(3.47564781572,9.441920564278E-02));
#2420 = ( GEOMETRIC_REPRESENTATION_CONTEXT(2) 
PARAMETRIC_REPRESENTATION_CONTEXT() REPRESENTATION_CONTEXT('2D SPACE',''
  ) );
#2421 = ORIENTED_EDGE('',*,*,#2422,.T.);
#2422 = EDGE_CURVE('',#2402,#2423,#2425,.T.);
#2423 = VERTEX_POINT('',#2424);
#2424 = CARTESIAN_POINT('',(397.6403,345.96756951162,111.12200180135));
#2425 = SURFACE_CURVE('',#2426,(#2490,#2497),.PCURVE_S1.);
#2426 = ( BOUNDED_CURVE() B_SPLINE_CURVE(3,(#2427,#2428,#2429,#2430,
    #2431,#2432,#2433,#2434,#2435,#2436,#2437,#2438,#2439,#2440,#2441,
    #2442,#2443,#2444,#2445,#2446,#2447,#2448,#2449,#2450,#2451,#2452,
    #2453,#2454,#2455,#2456,#2457,#2458,#2459,#2460,#2461,#2462,#2463,
    #2464,#2465,#2466,#2467,#2468,#2469,#2470,#2471,#2472,#2473,#2474,
    #2475,#2476,#2477,#2478,#2479,#2480,#2481,#2482,#2483,#2484,#2485,
    #2486,#2487,#2488,#2489),.UNSPECIFIED.,.F.,.F.) 
B_SPLINE_CURVE_WITH_KNOTS((4,1,1,1,1,1,1,1,1,1,1,1,1,1,1,1,1,1,1,1,1,1,1
    ,1,1,1,1,1,1,1,1,1,1,1,1,1,1,1,1,1,1,1,1,1,1,1,1,1,1,1,1,1,1,1,1,1,1
    ,1,1,1,4),(0.,1.671834126768E-02,3.328707673398E-02,
    5.001744466419E-02,6.648650714478E-02,8.348892901119E-02,
    9.999486964001E-02,0.11646941087,0.133815549619,0.150618938677,
    0.167038735703,0.183454077407,0.199862498306,0.216272023155,
    0.232682039048,0.249094136,0.265517101832,0.28195250261,
    0.298446383618,0.315002877417,0.331625113939,0.348307612691,
    0.365035992875,0.381711213613,0.398301880653,0.414823418335,
    0.431326889702,0.448164125522,0.464772555536,0.481574851679,
    0.498833916597,0.516076325801,0.532869467448,0.550364700599,
    0.567182918644,0.58368017293,0.60020088702,0.616790522208,
    0.633466402799,0.650196996519,0.66688122827,0.683506031496,
    0.700063533111,0.716557401724,0.732992840875,0.749415744672,
    0.765827967007,0.78223726506,0.798647812608,0.815056815176,
    0.831475231221,0.84789937286,0.864694545606,0.881987572306,
    0.898456926779,0.91536479181,0.932301655256,0.949102498792,
0.966203962862,0.982810298735,1.),.UNSPECIFIED.) CURVE() 
GEOMETRIC_REPRESENTATION_ITEM() RATIONAL_B_SPLINE_CURVE((1.,
    1.000000000007,0.999999999997,1.000000000001,1.,1.,1.,1.,1.,1.,1.,1.
    ,1.,1.,1.,1.,1.,1.,1.,1.,1.,1.,1.,1.,1.,1.,1.,1.,1.,1.,1.,1.,1.,1.,
    1.,1.,1.,1.,1.,1.,1.,1.,1.,1.,1.,1.,1.,1.,1.,1.,1.,1.,1.,1.,1.,1.,1.
    ,1.,1.000000000001,0.999999999996,1.000000000014,0.999999999969,1.))
 REPRESENTATION_ITEM('') );
#2427 = CARTESIAN_POINT('',(140.9618,351.28756257346,110.79133818607));
#2428 = CARTESIAN_POINT('',(142.09540904743,349.66890893647,
    110.72664732623));
#2429 = CARTESIAN_POINT('',(145.34352279277,351.6150944687,
    110.91152766362));
#2430 = CARTESIAN_POINT('',(149.51920541273,350.96003377538,
    110.8663768573));
#2431 = CARTESIAN_POINT('',(153.74675028087,350.01253294104,
    110.90623431433));
#2432 = CARTESIAN_POINT('',(158.17058310233,349.93256799796,
    111.04742685141));
#2433 = CARTESIAN_POINT('',(162.26698448152,349.01974959923,
    111.04721191591));
#2434 = CARTESIAN_POINT('',(166.61873526807,349.59942561675,
    111.18818518333));
#2435 = CARTESIAN_POINT('',(171.05025168138,349.22188537603,
    111.2737513938));
#2436 = CARTESIAN_POINT('',(175.09238100893,350.98955402594,
    111.57095529576));
#2437 = CARTESIAN_POINT('',(179.41643525083,351.10291220727,
    111.5995453221));
#2438 = CARTESIAN_POINT('',(183.74465399728,351.16937318783,
    111.61674628134));
#2439 = CARTESIAN_POINT('',(188.01748830499,351.1423235061,
    111.60430155137));
#2440 = CARTESIAN_POINT('',(192.29804434258,351.22301715935,
    111.6130623175));
#2441 = CARTESIAN_POINT('',(196.57544693057,351.21520644497,
    111.58202253443));
#2442 = CARTESIAN_POINT('',(200.85359337877,351.18792019113,
    111.56443547133));
#2443 = CARTESIAN_POINT('',(205.13313267918,351.23177366414,
    111.53041836074));
#2444 = CARTESIAN_POINT('',(209.41029445154,351.32713422596,
    111.52034458937));
#2445 = CARTESIAN_POINT('',(213.69566833045,351.35428184126,
    111.49407909996));
#2446 = CARTESIAN_POINT('',(217.97323994091,351.56299663829,
    111.55705659812));
#2447 = CARTESIAN_POINT('',(222.25201002744,351.83022301513,
    111.62640893317));
#2448 = CARTESIAN_POINT('',(226.52878947893,352.10794131988,
    111.72455734349));
#2449 = CARTESIAN_POINT('',(230.80631705996,352.43309410036,
    111.82208848508));
#2450 = CARTESIAN_POINT('',(235.06961741834,352.85036506753,
    111.93027546128));
#2451 = CARTESIAN_POINT('',(239.34364675972,353.21502095735,
    111.94255237546));
#2452 = CARTESIAN_POINT('',(243.62590118763,353.48443099853,
    111.89791132901));
#2453 = CARTESIAN_POINT('',(247.90145862716,353.56933909114,
    111.96545771617));
#2454 = CARTESIAN_POINT('',(252.24748803221,353.81208435272,
    111.51290203376));
#2455 = CARTESIAN_POINT('',(256.42226459116,351.893174729,
    112.45145152316));
#2456 = CARTESIAN_POINT('',(260.774587196,352.0285413134,112.75289512616
    ));
#2457 = CARTESIAN_POINT('',(265.08553351846,350.59079613211,
    113.71296771356));
#2458 = CARTESIAN_POINT('',(269.30435854157,348.67808288389,
    113.48689420935));
#2459 = CARTESIAN_POINT('',(273.49463672784,346.44256414138,
    114.27066932423));
#2460 = CARTESIAN_POINT('',(277.98553204283,345.90877316211,
    113.64427402808));
#2461 = CARTESIAN_POINT('',(282.02098866206,343.23651191846,
    113.88213181488));
#2462 = CARTESIAN_POINT('',(286.37785805657,342.00306614533,
    113.5144445596));
#2463 = CARTESIAN_POINT('',(290.69560185407,341.47932535977,
    114.18715556617));
#2464 = CARTESIAN_POINT('',(294.97762712103,340.99860496972,
    114.37115732763));
#2465 = CARTESIAN_POINT('',(299.25829278307,340.76273916468,
    114.4988871533));
#2466 = CARTESIAN_POINT('',(303.53281780748,340.60908704719,
    114.44848242002));
#2467 = CARTESIAN_POINT('',(307.79563331651,340.49816768483,
    114.30811274579));
#2468 = CARTESIAN_POINT('',(312.07349323989,340.26489855285,
    114.18248115873));
#2469 = CARTESIAN_POINT('',(316.34983972698,340.04663286593,
    114.05133147888));
#2470 = CARTESIAN_POINT('',(320.62873034613,339.80145807965,
    113.95114207707));
#2471 = CARTESIAN_POINT('',(324.90645535717,339.66086659882,
    113.85730734106));
#2472 = CARTESIAN_POINT('',(329.19177427478,339.43877834514,
    113.80278558125));
#2473 = CARTESIAN_POINT('',(333.46902839726,339.35856020038,
    113.72646768379));
#2474 = CARTESIAN_POINT('',(337.74832561117,339.31791983878,
    113.6468383958));
#2475 = CARTESIAN_POINT('',(342.02697062847,339.31657488721,
    113.56197618467));
#2476 = CARTESIAN_POINT('',(346.30391351544,339.48769169386,
    113.45241703507));
#2477 = CARTESIAN_POINT('',(350.58496238288,339.53810676752,
    113.37313496541));
#2478 = CARTESIAN_POINT('',(354.8577723004,339.95439130196,
    113.24679141098));
#2479 = CARTESIAN_POINT('',(359.18388688825,339.85971079848,
    113.20451043715));
#2480 = CARTESIAN_POINT('',(363.5052046971,341.42203312305,
    112.85075786616));
#2481 = CARTESIAN_POINT('',(367.54865046447,344.6088909857,
    112.31136641598));
#2482 = CARTESIAN_POINT('',(372.05847150757,344.05427963058,
    112.2633704949));
#2483 = CARTESIAN_POINT('',(376.24564436291,346.77993854242,
    111.75874650833));
#2484 = CARTESIAN_POINT('',(380.50353796332,347.13551135568,
    111.5183897803));
#2485 = CARTESIAN_POINT('',(384.85798865987,346.76090528631,
    111.42322183185));
#2486 = CARTESIAN_POINT('',(389.02722072527,345.78142789873,
    111.36855283189));
#2487 = CARTESIAN_POINT('',(393.32393006004,346.50569754474,
    111.12895532143));
#2488 = CARTESIAN_POINT('',(396.53994441614,348.5597461843,
    110.91868821205));
#2489 = CARTESIAN_POINT('',(397.6403,345.96756951162,111.12200180135));
#2490 = PCURVE('',#2244,#2491);
#2491 = DEFINITIONAL_REPRESENTATION('',(#2492),#2496);
#2492 = LINE('',#2493,#2494);
#2493 = CARTESIAN_POINT('',(9.,0.));
#2494 = VECTOR('',#2495,1.);
#2495 = DIRECTION('',(0.,1.));
#2496 = ( GEOMETRIC_REPRESENTATION_CONTEXT(2) 
PARAMETRIC_REPRESENTATION_CONTEXT() REPRESENTATION_CONTEXT('2D SPACE',''
  ) );
#2497 = PCURVE('',#2498,#2625);
#2498 = ( BOUNDED_SURFACE() B_SPLINE_SURFACE(1,3,(
    (#2499,#2500,#2501,#2502,#2503,#2504,#2505,#2506,#2507,#2508,#2509
      ,#2510,#2511,#2512,#2513,#2514,#2515,#2516,#2517,#2518,#2519,#2520
      ,#2521,#2522,#2523,#2524,#2525,#2526,#2527,#2528,#2529,#2530,#2531
      ,#2532,#2533,#2534,#2535,#2536,#2537,#2538,#2539,#2540,#2541,#2542
      ,#2543,#2544,#2545,#2546,#2547,#2548,#2549,#2550,#2551,#2552,#2553
      ,#2554,#2555,#2556,#2557,#2558,#2559,#2560,#2561)
    ,(#2562,#2563,#2564,#2565,#2566,#2567,#2568,#2569,#2570,#2571,#2572
      ,#2573,#2574,#2575,#2576,#2577,#2578,#2579,#2580,#2581,#2582,#2583
      ,#2584,#2585,#2586,#2587,#2588,#2589,#2590,#2591,#2592,#2593,#2594
      ,#2595,#2596,#2597,#2598,#2599,#2600,#2601,#2602,#2603,#2604,#2605
      ,#2606,#2607,#2608,#2609,#2610,#2611,#2612,#2613,#2614,#2615,#2616
      ,#2617,#2618,#2619,#2620,#2621,#2622,#2623,#2624
)),.UNSPECIFIED.,.F.,.F.,.F.) B_SPLINE_SURFACE_WITH_KNOTS((2,2),(4,1,1,1
    ,1,1,1,1,1,1,1,1,1,1,1,1,1,1,1,1,1,1,1,1,1,1,1,1,1,1,1,1,1,1,1,1,1,1
    ,1,1,1,1,1,1,1,1,1,1,1,1,1,1,1,1,1,1,1,1,1,1,4),(9.,10.),(0.,
    1.671834126768E-02,3.328707673398E-02,5.001744466419E-02,
    6.648650714478E-02,8.348892901119E-02,9.999486964001E-02,
    0.11646941087,0.133815549619,0.150618938677,0.167038735703,
    0.183454077407,0.199862498306,0.216272023155,0.232682039048,
    0.249094136,0.265517101832,0.28195250261,0.298446383618,
    0.315002877417,0.331625113939,0.348307612691,0.365035992875,
    0.381711213613,0.398301880653,0.414823418335,0.431326889702,
    0.448164125522,0.464772555536,0.481574851679,0.498833916597,
    0.516076325801,0.532869467448,0.550364700599,0.567182918644,
    0.58368017293,0.60020088702,0.616790522208,0.633466402799,
    0.650196996519,0.66688122827,0.683506031496,0.700063533111,
    0.716557401724,0.732992840875,0.749415744672,0.765827967007,
    0.78223726506,0.798647812608,0.815056815176,0.831475231221,
    0.84789937286,0.864694545606,0.881987572306,0.898456926779,
    0.91536479181,0.932301655256,0.949102498792,0.966203962862,
0.982810298735,1.),.UNSPECIFIED.) GEOMETRIC_REPRESENTATION_ITEM() 
RATIONAL_B_SPLINE_SURFACE((
    (1.,1.000000000007,0.999999999997,1.000000000001,1.,1.,1.,1.,1.,1.
      ,1.,1.,1.,1.,1.,1.,1.,1.,1.,1.,1.,1.,1.,1.,1.,1.,1.,1.,1.,1.,1.,1.
      ,1.,1.,1.,1.,1.,1.,1.,1.,1.,1.,1.,1.,1.,1.,1.,1.,1.,1.,1.,1.,1.,1.
      ,1.,1.,1.,1.,1.000000000001,0.999999999996,1.000000000014
      ,0.999999999969,1.)
    ,(1.,1.000000000007,0.999999999997,1.000000000001,1.,1.,1.,1.,1.,1.
      ,1.,1.,1.,1.,1.,1.,1.,1.,1.,1.,1.,1.,1.,1.,1.,1.,1.,1.,1.,1.,1.,1.
      ,1.,1.,1.,1.,1.,1.,1.,1.,1.,1.,1.,1.,1.,1.,1.,1.,1.,1.,1.,1.,1.,1.
      ,1.,1.,1.,1.,1.000000000001,0.999999999996,1.000000000014
,0.999999999969,1.))) REPRESENTATION_ITEM('') SURFACE() );
#2499 = CARTESIAN_POINT('',(140.9618,351.28756257346,110.79133818607));
#2500 = CARTESIAN_POINT('',(142.09540904743,349.66890893647,
    110.72664732623));
#2501 = CARTESIAN_POINT('',(145.34352279277,351.6150944687,
    110.91152766362));
#2502 = CARTESIAN_POINT('',(149.51920541273,350.96003377538,
    110.8663768573));
#2503 = CARTESIAN_POINT('',(153.74675028087,350.01253294104,
    110.90623431433));
#2504 = CARTESIAN_POINT('',(158.17058310233,349.93256799796,
    111.04742685141));
#2505 = CARTESIAN_POINT('',(162.26698448152,349.01974959923,
    111.04721191591));
#2506 = CARTESIAN_POINT('',(166.61873526807,349.59942561675,
    111.18818518333));
#2507 = CARTESIAN_POINT('',(171.05025168138,349.22188537603,
    111.2737513938));
#2508 = CARTESIAN_POINT('',(175.09238100893,350.98955402594,
    111.57095529576));
#2509 = CARTESIAN_POINT('',(179.41643525083,351.10291220727,
    111.5995453221));
#2510 = CARTESIAN_POINT('',(183.74465399728,351.16937318783,
    111.61674628134));
#2511 = CARTESIAN_POINT('',(188.01748830499,351.1423235061,
    111.60430155137));
#2512 = CARTESIAN_POINT('',(192.29804434258,351.22301715935,
    111.6130623175));
#2513 = CARTESIAN_POINT('',(196.57544693057,351.21520644497,
    111.58202253443));
#2514 = CARTESIAN_POINT('',(200.85359337877,351.18792019113,
    111.56443547133));
#2515 = CARTESIAN_POINT('',(205.13313267918,351.23177366414,
    111.53041836074));
#2516 = CARTESIAN_POINT('',(209.41029445154,351.32713422596,
    111.52034458937));
#2517 = CARTESIAN_POINT('',(213.69566833045,351.35428184126,
    111.49407909996));
#2518 = CARTESIAN_POINT('',(217.97323994091,351.56299663829,
    111.55705659812));
#2519 = CARTESIAN_POINT('',(222.25201002744,351.83022301513,
    111.62640893317));
#2520 = CARTESIAN_POINT('',(226.52878947893,352.10794131988,
    111.72455734349));
#2521 = CARTESIAN_POINT('',(230.80631705996,352.43309410036,
    111.82208848508));
#2522 = CARTESIAN_POINT('',(235.06961741834,352.85036506753,
    111.93027546128));
#2523 = CARTESIAN_POINT('',(239.34364675972,353.21502095735,
    111.94255237546));
#2524 = CARTESIAN_POINT('',(243.62590118763,353.48443099853,
    111.89791132901));
#2525 = CARTESIAN_POINT('',(247.90145862716,353.56933909114,
    111.96545771617));
#2526 = CARTESIAN_POINT('',(252.24748803221,353.81208435272,
    111.51290203376));
#2527 = CARTESIAN_POINT('',(256.42226459116,351.893174729,
    112.45145152316));
#2528 = CARTESIAN_POINT('',(260.774587196,352.0285413134,112.75289512616
    ));
#2529 = CARTESIAN_POINT('',(265.08553351846,350.59079613211,
    113.71296771356));
#2530 = CARTESIAN_POINT('',(269.30435854157,348.67808288389,
    113.48689420935));
#2531 = CARTESIAN_POINT('',(273.49463672784,346.44256414138,
    114.27066932423));
#2532 = CARTESIAN_POINT('',(277.98553204283,345.90877316211,
    113.64427402808));
#2533 = CARTESIAN_POINT('',(282.02098866206,343.23651191846,
    113.88213181488));
#2534 = CARTESIAN_POINT('',(286.37785805657,342.00306614533,
    113.5144445596));
#2535 = CARTESIAN_POINT('',(290.69560185407,341.47932535977,
    114.18715556617));
#2536 = CARTESIAN_POINT('',(294.97762712103,340.99860496972,
    114.37115732763));
#2537 = CARTESIAN_POINT('',(299.25829278307,340.76273916468,
    114.4988871533));
#2538 = CARTESIAN_POINT('',(303.53281780748,340.60908704719,
    114.44848242002));
#2539 = CARTESIAN_POINT('',(307.79563331651,340.49816768483,
    114.30811274579));
#2540 = CARTESIAN_POINT('',(312.07349323989,340.26489855285,
    114.18248115873));
#2541 = CARTESIAN_POINT('',(316.34983972698,340.04663286593,
    114.05133147888));
#2542 = CARTESIAN_POINT('',(320.62873034613,339.80145807965,
    113.95114207707));
#2543 = CARTESIAN_POINT('',(324.90645535717,339.66086659882,
    113.85730734106));
#2544 = CARTESIAN_POINT('',(329.19177427478,339.43877834514,
    113.80278558125));
#2545 = CARTESIAN_POINT('',(333.46902839726,339.35856020038,
    113.72646768379));
#2546 = CARTESIAN_POINT('',(337.74832561117,339.31791983878,
    113.6468383958));
#2547 = CARTESIAN_POINT('',(342.02697062847,339.31657488721,
    113.56197618467));
#2548 = CARTESIAN_POINT('',(346.30391351544,339.48769169386,
    113.45241703507));
#2549 = CARTESIAN_POINT('',(350.58496238288,339.53810676752,
    113.37313496541));
#2550 = CARTESIAN_POINT('',(354.8577723004,339.95439130196,
    113.24679141098));
#2551 = CARTESIAN_POINT('',(359.18388688825,339.85971079848,
    113.20451043715));
#2552 = CARTESIAN_POINT('',(363.5052046971,341.42203312305,
    112.85075786616));
#2553 = CARTESIAN_POINT('',(367.54865046447,344.6088909857,
    112.31136641598));
#2554 = CARTESIAN_POINT('',(372.05847150757,344.05427963058,
    112.2633704949));
#2555 = CARTESIAN_POINT('',(376.24564436291,346.77993854242,
    111.75874650833));
#2556 = CARTESIAN_POINT('',(380.50353796332,347.13551135568,
    111.5183897803));
#2557 = CARTESIAN_POINT('',(384.85798865987,346.76090528631,
    111.42322183185));
#2558 = CARTESIAN_POINT('',(389.02722072527,345.78142789873,
    111.36855283189));
#2559 = CARTESIAN_POINT('',(393.32393006004,346.50569754474,
    111.12895532143));
#2560 = CARTESIAN_POINT('',(396.53994441614,348.5597461843,
    110.91868821205));
#2561 = CARTESIAN_POINT('',(397.6403,345.96756951162,111.12200180135));
#2562 = CARTESIAN_POINT('',(140.9618,350.9038661416,110.74459454282));
#2563 = CARTESIAN_POINT('',(142.09540904743,349.08200691439,
    110.66496399049));
#2564 = CARTESIAN_POINT('',(145.34352279277,351.1706116427,
    110.84990002236));
#2565 = CARTESIAN_POINT('',(149.51920541273,350.32999699241,
    110.76933206253));
#2566 = CARTESIAN_POINT('',(153.74675028087,349.33917187473,
    110.8030587064));
#2567 = CARTESIAN_POINT('',(158.17058310233,349.30549857227,
    110.94325596066));
#2568 = CARTESIAN_POINT('',(162.26698448152,348.15368167144,
    110.89975419153));
#2569 = CARTESIAN_POINT('',(166.61873526807,348.68980807954,
    111.02069281461));
#2570 = CARTESIAN_POINT('',(171.05025168138,348.27364329584,
    111.10727853707));
#2571 = CARTESIAN_POINT('',(175.09238100893,349.8486493141,
    111.36039447623));
#2572 = CARTESIAN_POINT('',(179.41643525083,349.7802073789,
    111.35392481066));
#2573 = CARTESIAN_POINT('',(183.74465399728,349.85853804622,
    111.35570203856));
#2574 = CARTESIAN_POINT('',(188.01748830499,349.7954311666,
    111.32607441789));
#2575 = CARTESIAN_POINT('',(192.29804434258,349.87498389849,
    111.31891775728));
#2576 = CARTESIAN_POINT('',(196.57544693057,349.85212783652,
    111.28413460374));
#2577 = CARTESIAN_POINT('',(200.85359337877,349.82361336235,
    111.23495465765));
#2578 = CARTESIAN_POINT('',(205.13313267918,349.87389363529,
    111.19560775451));
#2579 = CARTESIAN_POINT('',(209.41029445154,349.99457735989,
    111.16979634322));
#2580 = CARTESIAN_POINT('',(213.69566833045,350.04702627956,
    111.12815701978));
#2581 = CARTESIAN_POINT('',(217.97323994091,350.31729835712,
    111.15760720135));
#2582 = CARTESIAN_POINT('',(222.25201002744,350.64513870639,
    111.22869452903));
#2583 = CARTESIAN_POINT('',(226.52878947893,351.00089302182,
    111.31073722097));
#2584 = CARTESIAN_POINT('',(230.80631705996,351.40158735664,
    111.41029415164));
#2585 = CARTESIAN_POINT('',(235.06961741834,351.91134038807,
    111.50040259726));
#2586 = CARTESIAN_POINT('',(239.34364675972,352.35812869326,
    111.52205814285));
#2587 = CARTESIAN_POINT('',(243.62590118763,352.71263768479,
    111.48169791952));
#2588 = CARTESIAN_POINT('',(247.90145862716,352.88087451685,
    111.56884624371));
#2589 = CARTESIAN_POINT('',(252.24748803221,353.15751345337,
    111.19385636423));
#2590 = CARTESIAN_POINT('',(256.42226459116,351.41569307603,
    112.02644697281));
#2591 = CARTESIAN_POINT('',(260.774587196,351.67157114339,
    112.31087933263));
#2592 = CARTESIAN_POINT('',(265.08553351846,350.40027774233,
    113.12931231894));
#2593 = CARTESIAN_POINT('',(269.30435854157,348.4326525013,
    113.03603398739));
#2594 = CARTESIAN_POINT('',(273.49463672784,346.22945228451,
    113.81092779601));
#2595 = CARTESIAN_POINT('',(277.98553204283,345.51363535224,
    113.42626492278));
#2596 = CARTESIAN_POINT('',(282.02098866206,342.71875512009,
    113.716916209));
#2597 = CARTESIAN_POINT('',(286.37785805657,341.26292073932,
    113.60716501225));
#2598 = CARTESIAN_POINT('',(290.69560185407,340.70976308811,
    114.26219538226));
#2599 = CARTESIAN_POINT('',(294.97762712103,340.14233226214,
    114.49206015002));
#2600 = CARTESIAN_POINT('',(299.25829278307,339.83213455937,
    114.63609742295));
#2601 = CARTESIAN_POINT('',(303.53281780748,339.59816717771,
    114.67076500277));
#2602 = CARTESIAN_POINT('',(307.79563331651,339.41783087967,
    114.55716218343));
#2603 = CARTESIAN_POINT('',(312.07349323989,339.11202026659,
    114.44669852857));
#2604 = CARTESIAN_POINT('',(316.34983972698,338.8259730779,
    114.32812975793));
#2605 = CARTESIAN_POINT('',(320.62873034613,338.52001703837,
    114.22813030305));
#2606 = CARTESIAN_POINT('',(324.90645535717,338.3284455426,
    114.13130186953));
#2607 = CARTESIAN_POINT('',(329.19177427478,338.07952142152,
    114.06056175925));
#2608 = CARTESIAN_POINT('',(333.46902839726,337.97496273932,
    113.96490278703));
#2609 = CARTESIAN_POINT('',(337.74832561117,337.93156299804,
    113.89033043492));
#2610 = CARTESIAN_POINT('',(342.02697062847,337.93229158301,
    113.79386965053));
#2611 = CARTESIAN_POINT('',(346.30391351544,338.1254171584,
    113.68468575289));
#2612 = CARTESIAN_POINT('',(350.58496238288,338.17963514415,
    113.59469070042));
#2613 = CARTESIAN_POINT('',(354.8577723004,338.63463561443,
    113.47099350686));
#2614 = CARTESIAN_POINT('',(359.18388688825,338.55601983528,
    113.40132848781));
#2615 = CARTESIAN_POINT('',(363.5052046971,340.22038036427,
    113.03156867682));
#2616 = CARTESIAN_POINT('',(367.54865046447,343.60860630419,
    112.42212233969));
#2617 = CARTESIAN_POINT('',(372.05847150757,343.06204219612,
    112.37446540965));
#2618 = CARTESIAN_POINT('',(376.24564436291,345.94399733993,
    111.84058106895));
#2619 = CARTESIAN_POINT('',(380.50353796332,346.48362976029,
    111.57277397451));
#2620 = CARTESIAN_POINT('',(384.85798865987,346.14915570463,
    111.46951170202));
#2621 = CARTESIAN_POINT('',(389.02722072527,345.22809070489,
    111.43325781907));
#2622 = CARTESIAN_POINT('',(393.32393006004,346.11171165779,
    111.1852536348));
#2623 = CARTESIAN_POINT('',(396.53994441614,348.17090340373,
    110.92595188491));
#2624 = CARTESIAN_POINT('',(397.6403,345.59593356068,111.15572445612));
#2625 = DEFINITIONAL_REPRESENTATION('',(#2626),#2630);
#2626 = LINE('',#2627,#2628);
#2627 = CARTESIAN_POINT('',(9.,0.));
#2628 = VECTOR('',#2629,1.);
#2629 = DIRECTION('',(0.,1.));
#2630 = ( GEOMETRIC_REPRESENTATION_CONTEXT(2) 
PARAMETRIC_REPRESENTATION_CONTEXT() REPRESENTATION_CONTEXT('2D SPACE',''
  ) );
#2631 = ORIENTED_EDGE('',*,*,#2632,.F.);
#2632 = EDGE_CURVE('',#2169,#2423,#2633,.T.);
#2633 = SURFACE_CURVE('',#2634,(#2637,#2644),.PCURVE_S1.);
#2634 = B_SPLINE_CURVE_WITH_KNOTS('',1,(#2635,#2636),.UNSPECIFIED.,.F.,
  .F.,(2,2),(8.,9.),.PIECEWISE_BEZIER_KNOTS.);
#2635 = CARTESIAN_POINT('',(397.6403,346.33896306229,111.08568753868));
#2636 = CARTESIAN_POINT('',(397.6403,345.96756951162,111.12200180135));
#2637 = PCURVE('',#2244,#2638);
#2638 = DEFINITIONAL_REPRESENTATION('',(#2639),#2643);
#2639 = LINE('',#2640,#2641);
#2640 = CARTESIAN_POINT('',(0.,1.));
#2641 = VECTOR('',#2642,1.);
#2642 = DIRECTION('',(1.,0.));
#2643 = ( GEOMETRIC_REPRESENTATION_CONTEXT(2) 
PARAMETRIC_REPRESENTATION_CONTEXT() REPRESENTATION_CONTEXT('2D SPACE',''
  ) );
#2644 = PCURVE('',#401,#2645);
#2645 = DEFINITIONAL_REPRESENTATION('',(#2646),#2649);
#2646 = B_SPLINE_CURVE_WITH_KNOTS('',1,(#2647,#2648),.UNSPECIFIED.,.F.,
  .F.,(2,2),(8.,9.),.PIECEWISE_BEZIER_KNOTS.);
#2647 = CARTESIAN_POINT('',(2.985053974715,-2.954373221866E-02));
#2648 = CARTESIAN_POINT('',(3.358208721319,-2.681788564348E-02));
#2649 = ( GEOMETRIC_REPRESENTATION_CONTEXT(2) 
PARAMETRIC_REPRESENTATION_CONTEXT() REPRESENTATION_CONTEXT('2D SPACE',''
  ) );
#2650 = ORIENTED_EDGE('',*,*,#2168,.F.);
#2651 = ADVANCED_FACE('',(#2652),#2498,.T.);
#2652 = FACE_BOUND('',#2653,.T.);
#2653 = EDGE_LOOP('',(#2654,#2675,#2885,#2904));
#2654 = ORIENTED_EDGE('',*,*,#2655,.T.);
#2655 = EDGE_CURVE('',#2402,#2656,#2658,.T.);
#2656 = VERTEX_POINT('',#2657);
#2657 = CARTESIAN_POINT('',(140.9618,350.9038661416,110.74459454282));
#2658 = SURFACE_CURVE('',#2659,(#2662,#2669),.PCURVE_S1.);
#2659 = B_SPLINE_CURVE_WITH_KNOTS('',1,(#2660,#2661),.UNSPECIFIED.,.F.,
  .F.,(2,2),(9.,10.),.PIECEWISE_BEZIER_KNOTS.);
#2660 = CARTESIAN_POINT('',(140.9618,351.28756257346,110.79133818607));
#2661 = CARTESIAN_POINT('',(140.9618,350.9038661416,110.74459454282));
#2662 = PCURVE('',#2498,#2663);
#2663 = DEFINITIONAL_REPRESENTATION('',(#2664),#2668);
#2664 = LINE('',#2665,#2666);
#2665 = CARTESIAN_POINT('',(0.,0.));
#2666 = VECTOR('',#2667,1.);
#2667 = DIRECTION('',(1.,0.));
#2668 = ( GEOMETRIC_REPRESENTATION_CONTEXT(2) 
PARAMETRIC_REPRESENTATION_CONTEXT() REPRESENTATION_CONTEXT('2D SPACE',''
  ) );
#2669 = PCURVE('',#165,#2670);
#2670 = DEFINITIONAL_REPRESENTATION('',(#2671),#2674);
#2671 = B_SPLINE_CURVE_WITH_KNOTS('',1,(#2672,#2673),.UNSPECIFIED.,.F.,
  .F.,(2,2),(9.,10.),.PIECEWISE_BEZIER_KNOTS.);
#2672 = CARTESIAN_POINT('',(3.47564781572,9.441920564278E-02));
#2673 = CARTESIAN_POINT('',(3.862165514079,9.788169954699E-02));
#2674 = ( GEOMETRIC_REPRESENTATION_CONTEXT(2) 
PARAMETRIC_REPRESENTATION_CONTEXT() REPRESENTATION_CONTEXT('2D SPACE',''
  ) );
#2675 = ORIENTED_EDGE('',*,*,#2676,.T.);
#2676 = EDGE_CURVE('',#2656,#2677,#2679,.T.);
#2677 = VERTEX_POINT('',#2678);
#2678 = CARTESIAN_POINT('',(397.6403,345.59593356068,111.15572445612));
#2679 = SURFACE_CURVE('',#2680,(#2744,#2751),.PCURVE_S1.);
#2680 = ( BOUNDED_CURVE() B_SPLINE_CURVE(3,(#2681,#2682,#2683,#2684,
    #2685,#2686,#2687,#2688,#2689,#2690,#2691,#2692,#2693,#2694,#2695,
    #2696,#2697,#2698,#2699,#2700,#2701,#2702,#2703,#2704,#2705,#2706,
    #2707,#2708,#2709,#2710,#2711,#2712,#2713,#2714,#2715,#2716,#2717,
    #2718,#2719,#2720,#2721,#2722,#2723,#2724,#2725,#2726,#2727,#2728,
    #2729,#2730,#2731,#2732,#2733,#2734,#2735,#2736,#2737,#2738,#2739,
    #2740,#2741,#2742,#2743),.UNSPECIFIED.,.F.,.F.) 
B_SPLINE_CURVE_WITH_KNOTS((4,1,1,1,1,1,1,1,1,1,1,1,1,1,1,1,1,1,1,1,1,1,1
    ,1,1,1,1,1,1,1,1,1,1,1,1,1,1,1,1,1,1,1,1,1,1,1,1,1,1,1,1,1,1,1,1,1,1
    ,1,1,1,4),(0.,1.671834126768E-02,3.328707673398E-02,
    5.001744466419E-02,6.648650714478E-02,8.348892901119E-02,
    9.999486964001E-02,0.11646941087,0.133815549619,0.150618938677,
    0.167038735703,0.183454077407,0.199862498306,0.216272023155,
    0.232682039048,0.249094136,0.265517101832,0.28195250261,
    0.298446383618,0.315002877417,0.331625113939,0.348307612691,
    0.365035992875,0.381711213613,0.398301880653,0.414823418335,
    0.431326889702,0.448164125522,0.464772555536,0.481574851679,
    0.498833916597,0.516076325801,0.532869467448,0.550364700599,
    0.567182918644,0.58368017293,0.60020088702,0.616790522208,
    0.633466402799,0.650196996519,0.66688122827,0.683506031496,
    0.700063533111,0.716557401724,0.732992840875,0.749415744672,
    0.765827967007,0.78223726506,0.798647812608,0.815056815176,
    0.831475231221,0.84789937286,0.864694545606,0.881987572306,
    0.898456926779,0.91536479181,0.932301655256,0.949102498792,
0.966203962862,0.982810298735,1.),.UNSPECIFIED.) CURVE() 
GEOMETRIC_REPRESENTATION_ITEM() RATIONAL_B_SPLINE_CURVE((1.,
    1.000000000007,0.999999999997,1.000000000001,1.,1.,1.,1.,1.,1.,1.,1.
    ,1.,1.,1.,1.,1.,1.,1.,1.,1.,1.,1.,1.,1.,1.,1.,1.,1.,1.,1.,1.,1.,1.,
    1.,1.,1.,1.,1.,1.,1.,1.,1.,1.,1.,1.,1.,1.,1.,1.,1.,1.,1.,1.,1.,1.,1.
    ,1.,1.000000000001,0.999999999996,1.000000000014,0.999999999969,1.))
 REPRESENTATION_ITEM('') );
#2681 = CARTESIAN_POINT('',(140.9618,350.9038661416,110.74459454282));
#2682 = CARTESIAN_POINT('',(142.09540904743,349.08200691439,
    110.66496399049));
#2683 = CARTESIAN_POINT('',(145.34352279277,351.1706116427,
    110.84990002236));
#2684 = CARTESIAN_POINT('',(149.51920541273,350.32999699241,
    110.76933206253));
#2685 = CARTESIAN_POINT('',(153.74675028087,349.33917187473,
    110.8030587064));
#2686 = CARTESIAN_POINT('',(158.17058310233,349.30549857227,
    110.94325596066));
#2687 = CARTESIAN_POINT('',(162.26698448152,348.15368167144,
    110.89975419153));
#2688 = CARTESIAN_POINT('',(166.61873526807,348.68980807954,
    111.02069281461));
#2689 = CARTESIAN_POINT('',(171.05025168138,348.27364329584,
    111.10727853707));
#2690 = CARTESIAN_POINT('',(175.09238100893,349.8486493141,
    111.36039447623));
#2691 = CARTESIAN_POINT('',(179.41643525083,349.7802073789,
    111.35392481066));
#2692 = CARTESIAN_POINT('',(183.74465399728,349.85853804622,
    111.35570203856));
#2693 = CARTESIAN_POINT('',(188.01748830499,349.7954311666,
    111.32607441789));
#2694 = CARTESIAN_POINT('',(192.29804434258,349.87498389849,
    111.31891775728));
#2695 = CARTESIAN_POINT('',(196.57544693057,349.85212783652,
    111.28413460374));
#2696 = CARTESIAN_POINT('',(200.85359337877,349.82361336235,
    111.23495465765));
#2697 = CARTESIAN_POINT('',(205.13313267918,349.87389363529,
    111.19560775451));
#2698 = CARTESIAN_POINT('',(209.41029445154,349.99457735989,
    111.16979634322));
#2699 = CARTESIAN_POINT('',(213.69566833045,350.04702627956,
    111.12815701978));
#2700 = CARTESIAN_POINT('',(217.97323994091,350.31729835712,
    111.15760720135));
#2701 = CARTESIAN_POINT('',(222.25201002744,350.64513870639,
    111.22869452903));
#2702 = CARTESIAN_POINT('',(226.52878947893,351.00089302182,
    111.31073722097));
#2703 = CARTESIAN_POINT('',(230.80631705996,351.40158735664,
    111.41029415164));
#2704 = CARTESIAN_POINT('',(235.06961741834,351.91134038807,
    111.50040259726));
#2705 = CARTESIAN_POINT('',(239.34364675972,352.35812869326,
    111.52205814285));
#2706 = CARTESIAN_POINT('',(243.62590118763,352.71263768479,
    111.48169791952));
#2707 = CARTESIAN_POINT('',(247.90145862716,352.88087451685,
    111.56884624371));
#2708 = CARTESIAN_POINT('',(252.24748803221,353.15751345337,
    111.19385636423));
#2709 = CARTESIAN_POINT('',(256.42226459116,351.41569307603,
    112.02644697281));
#2710 = CARTESIAN_POINT('',(260.774587196,351.67157114339,
    112.31087933263));
#2711 = CARTESIAN_POINT('',(265.08553351846,350.40027774233,
    113.12931231894));
#2712 = CARTESIAN_POINT('',(269.30435854157,348.4326525013,
    113.03603398739));
#2713 = CARTESIAN_POINT('',(273.49463672784,346.22945228451,
    113.81092779601));
#2714 = CARTESIAN_POINT('',(277.98553204283,345.51363535224,
    113.42626492278));
#2715 = CARTESIAN_POINT('',(282.02098866206,342.71875512009,
    113.716916209));
#2716 = CARTESIAN_POINT('',(286.37785805657,341.26292073932,
    113.60716501225));
#2717 = CARTESIAN_POINT('',(290.69560185407,340.70976308811,
    114.26219538226));
#2718 = CARTESIAN_POINT('',(294.97762712103,340.14233226214,
    114.49206015002));
#2719 = CARTESIAN_POINT('',(299.25829278307,339.83213455937,
    114.63609742295));
#2720 = CARTESIAN_POINT('',(303.53281780748,339.59816717771,
    114.67076500277));
#2721 = CARTESIAN_POINT('',(307.79563331651,339.41783087967,
    114.55716218343));
#2722 = CARTESIAN_POINT('',(312.07349323989,339.11202026659,
    114.44669852857));
#2723 = CARTESIAN_POINT('',(316.34983972698,338.8259730779,
    114.32812975793));
#2724 = CARTESIAN_POINT('',(320.62873034613,338.52001703837,
    114.22813030305));
#2725 = CARTESIAN_POINT('',(324.90645535717,338.3284455426,
    114.13130186953));
#2726 = CARTESIAN_POINT('',(329.19177427478,338.07952142152,
    114.06056175925));
#2727 = CARTESIAN_POINT('',(333.46902839726,337.97496273932,
    113.96490278703));
#2728 = CARTESIAN_POINT('',(337.74832561117,337.93156299804,
    113.89033043492));
#2729 = CARTESIAN_POINT('',(342.02697062847,337.93229158301,
    113.79386965053));
#2730 = CARTESIAN_POINT('',(346.30391351544,338.1254171584,
    113.68468575289));
#2731 = CARTESIAN_POINT('',(350.58496238288,338.17963514415,
    113.59469070042));
#2732 = CARTESIAN_POINT('',(354.8577723004,338.63463561443,
    113.47099350686));
#2733 = CARTESIAN_POINT('',(359.18388688825,338.55601983528,
    113.40132848781));
#2734 = CARTESIAN_POINT('',(363.5052046971,340.22038036427,
    113.03156867682));
#2735 = CARTESIAN_POINT('',(367.54865046447,343.60860630419,
    112.42212233969));
#2736 = CARTESIAN_POINT('',(372.05847150757,343.06204219612,
    112.37446540965));
#2737 = CARTESIAN_POINT('',(376.24564436291,345.94399733993,
    111.84058106895));
#2738 = CARTESIAN_POINT('',(380.50353796332,346.48362976029,
    111.57277397451));
#2739 = CARTESIAN_POINT('',(384.85798865987,346.14915570463,
    111.46951170202));
#2740 = CARTESIAN_POINT('',(389.02722072527,345.22809070489,
    111.43325781907));
#2741 = CARTESIAN_POINT('',(393.32393006004,346.11171165779,
    111.1852536348));
#2742 = CARTESIAN_POINT('',(396.53994441614,348.17090340373,
    110.92595188491));
#2743 = CARTESIAN_POINT('',(397.6403,345.59593356068,111.15572445612));
#2744 = PCURVE('',#2498,#2745);
#2745 = DEFINITIONAL_REPRESENTATION('',(#2746),#2750);
#2746 = LINE('',#2747,#2748);
#2747 = CARTESIAN_POINT('',(10.,0.));
#2748 = VECTOR('',#2749,1.);
#2749 = DIRECTION('',(0.,1.));
#2750 = ( GEOMETRIC_REPRESENTATION_CONTEXT(2) 
PARAMETRIC_REPRESENTATION_CONTEXT() REPRESENTATION_CONTEXT('2D SPACE',''
  ) );
#2751 = PCURVE('',#2752,#2879);
#2752 = ( BOUNDED_SURFACE() B_SPLINE_SURFACE(1,3,(
    (#2753,#2754,#2755,#2756,#2757,#2758,#2759,#2760,#2761,#2762,#2763
      ,#2764,#2765,#2766,#2767,#2768,#2769,#2770,#2771,#2772,#2773,#2774
      ,#2775,#2776,#2777,#2778,#2779,#2780,#2781,#2782,#2783,#2784,#2785
      ,#2786,#2787,#2788,#2789,#2790,#2791,#2792,#2793,#2794,#2795,#2796
      ,#2797,#2798,#2799,#2800,#2801,#2802,#2803,#2804,#2805,#2806,#2807
      ,#2808,#2809,#2810,#2811,#2812,#2813,#2814,#2815)
    ,(#2816,#2817,#2818,#2819,#2820,#2821,#2822,#2823,#2824,#2825,#2826
      ,#2827,#2828,#2829,#2830,#2831,#2832,#2833,#2834,#2835,#2836,#2837
      ,#2838,#2839,#2840,#2841,#2842,#2843,#2844,#2845,#2846,#2847,#2848
      ,#2849,#2850,#2851,#2852,#2853,#2854,#2855,#2856,#2857,#2858,#2859
      ,#2860,#2861,#2862,#2863,#2864,#2865,#2866,#2867,#2868,#2869,#2870
      ,#2871,#2872,#2873,#2874,#2875,#2876,#2877,#2878
)),.UNSPECIFIED.,.F.,.F.,.F.) B_SPLINE_SURFACE_WITH_KNOTS((2,2),(4,1,1,1
    ,1,1,1,1,1,1,1,1,1,1,1,1,1,1,1,1,1,1,1,1,1,1,1,1,1,1,1,1,1,1,1,1,1,1
    ,1,1,1,1,1,1,1,1,1,1,1,1,1,1,1,1,1,1,1,1,1,1,4),(10.,11.),(0.,
    1.671834126768E-02,3.328707673398E-02,5.001744466419E-02,
    6.648650714478E-02,8.348892901119E-02,9.999486964001E-02,
    0.11646941087,0.133815549619,0.150618938677,0.167038735703,
    0.183454077407,0.199862498306,0.216272023155,0.232682039048,
    0.249094136,0.265517101832,0.28195250261,0.298446383618,
    0.315002877417,0.331625113939,0.348307612691,0.365035992875,
    0.381711213613,0.398301880653,0.414823418335,0.431326889702,
    0.448164125522,0.464772555536,0.481574851679,0.498833916597,
    0.516076325801,0.532869467448,0.550364700599,0.567182918644,
    0.58368017293,0.60020088702,0.616790522208,0.633466402799,
    0.650196996519,0.66688122827,0.683506031496,0.700063533111,
    0.716557401724,0.732992840875,0.749415744672,0.765827967007,
    0.78223726506,0.798647812608,0.815056815176,0.831475231221,
    0.84789937286,0.864694545606,0.881987572306,0.898456926779,
    0.91536479181,0.932301655256,0.949102498792,0.966203962862,
0.982810298735,1.),.UNSPECIFIED.) GEOMETRIC_REPRESENTATION_ITEM() 
RATIONAL_B_SPLINE_SURFACE((
    (1.,1.000000000007,0.999999999997,1.000000000001,1.,1.,1.,1.,1.,1.
      ,1.,1.,1.,1.,1.,1.,1.,1.,1.,1.,1.,1.,1.,1.,1.,1.,1.,1.,1.,1.,1.,1.
      ,1.,1.,1.,1.,1.,1.,1.,1.,1.,1.,1.,1.,1.,1.,1.,1.,1.,1.,1.,1.,1.,1.
      ,1.,1.,1.,1.,1.000000000001,0.999999999996,1.000000000014
      ,0.999999999969,1.)
    ,(1.,1.000000000007,0.999999999997,1.000000000001,1.,1.,1.,1.,1.,1.
      ,1.,1.,1.,1.,1.,1.,1.,1.,1.,1.,1.,1.,1.,1.,1.,1.,1.,1.,1.,1.,1.,1.
      ,1.,1.,1.,1.,1.,1.,1.,1.,1.,1.,1.,1.,1.,1.,1.,1.,1.,1.,1.,1.,1.,1.
      ,1.,1.,1.,1.,1.000000000001,0.999999999996,1.000000000014
,0.999999999969,1.))) REPRESENTATION_ITEM('') SURFACE() );
#2753 = CARTESIAN_POINT('',(140.9618,350.9038661416,110.74459454282));
#2754 = CARTESIAN_POINT('',(142.09540904743,349.08200691439,
    110.66496399049));
#2755 = CARTESIAN_POINT('',(145.34352279277,351.1706116427,
    110.84990002236));
#2756 = CARTESIAN_POINT('',(149.51920541273,350.32999699241,
    110.76933206253));
#2757 = CARTESIAN_POINT('',(153.74675028087,349.33917187473,
    110.8030587064));
#2758 = CARTESIAN_POINT('',(158.17058310233,349.30549857227,
    110.94325596066));
#2759 = CARTESIAN_POINT('',(162.26698448152,348.15368167144,
    110.89975419153));
#2760 = CARTESIAN_POINT('',(166.61873526807,348.68980807954,
    111.02069281461));
#2761 = CARTESIAN_POINT('',(171.05025168138,348.27364329584,
    111.10727853707));
#2762 = CARTESIAN_POINT('',(175.09238100893,349.8486493141,
    111.36039447623));
#2763 = CARTESIAN_POINT('',(179.41643525083,349.7802073789,
    111.35392481066));
#2764 = CARTESIAN_POINT('',(183.74465399728,349.85853804622,
    111.35570203856));
#2765 = CARTESIAN_POINT('',(188.01748830499,349.7954311666,
    111.32607441789));
#2766 = CARTESIAN_POINT('',(192.29804434258,349.87498389849,
    111.31891775728));
#2767 = CARTESIAN_POINT('',(196.57544693057,349.85212783652,
    111.28413460374));
#2768 = CARTESIAN_POINT('',(200.85359337877,349.82361336235,
    111.23495465765));
#2769 = CARTESIAN_POINT('',(205.13313267918,349.87389363529,
    111.19560775451));
#2770 = CARTESIAN_POINT('',(209.41029445154,349.99457735989,
    111.16979634322));
#2771 = CARTESIAN_POINT('',(213.69566833045,350.04702627956,
    111.12815701978));
#2772 = CARTESIAN_POINT('',(217.97323994091,350.31729835712,
    111.15760720135));
#2773 = CARTESIAN_POINT('',(222.25201002744,350.64513870639,
    111.22869452903));
#2774 = CARTESIAN_POINT('',(226.52878947893,351.00089302182,
    111.31073722097));
#2775 = CARTESIAN_POINT('',(230.80631705996,351.40158735664,
    111.41029415164));
#2776 = CARTESIAN_POINT('',(235.06961741834,351.91134038807,
    111.50040259726));
#2777 = CARTESIAN_POINT('',(239.34364675972,352.35812869326,
    111.52205814285));
#2778 = CARTESIAN_POINT('',(243.62590118763,352.71263768479,
    111.48169791952));
#2779 = CARTESIAN_POINT('',(247.90145862716,352.88087451685,
    111.56884624371));
#2780 = CARTESIAN_POINT('',(252.24748803221,353.15751345337,
    111.19385636423));
#2781 = CARTESIAN_POINT('',(256.42226459116,351.41569307603,
    112.02644697281));
#2782 = CARTESIAN_POINT('',(260.774587196,351.67157114339,
    112.31087933263));
#2783 = CARTESIAN_POINT('',(265.08553351846,350.40027774233,
    113.12931231894));
#2784 = CARTESIAN_POINT('',(269.30435854157,348.4326525013,
    113.03603398739));
#2785 = CARTESIAN_POINT('',(273.49463672784,346.22945228451,
    113.81092779601));
#2786 = CARTESIAN_POINT('',(277.98553204283,345.51363535224,
    113.42626492278));
#2787 = CARTESIAN_POINT('',(282.02098866206,342.71875512009,
    113.716916209));
#2788 = CARTESIAN_POINT('',(286.37785805657,341.26292073932,
    113.60716501225));
#2789 = CARTESIAN_POINT('',(290.69560185407,340.70976308811,
    114.26219538226));
#2790 = CARTESIAN_POINT('',(294.97762712103,340.14233226214,
    114.49206015002));
#2791 = CARTESIAN_POINT('',(299.25829278307,339.83213455937,
    114.63609742295));
#2792 = CARTESIAN_POINT('',(303.53281780748,339.59816717771,
    114.67076500277));
#2793 = CARTESIAN_POINT('',(307.79563331651,339.41783087967,
    114.55716218343));
#2794 = CARTESIAN_POINT('',(312.07349323989,339.11202026659,
    114.44669852857));
#2795 = CARTESIAN_POINT('',(316.34983972698,338.8259730779,
    114.32812975793));
#2796 = CARTESIAN_POINT('',(320.62873034613,338.52001703837,
    114.22813030305));
#2797 = CARTESIAN_POINT('',(324.90645535717,338.3284455426,
    114.13130186953));
#2798 = CARTESIAN_POINT('',(329.19177427478,338.07952142152,
    114.06056175925));
#2799 = CARTESIAN_POINT('',(333.46902839726,337.97496273932,
    113.96490278703));
#2800 = CARTESIAN_POINT('',(337.74832561117,337.93156299804,
    113.89033043492));
#2801 = CARTESIAN_POINT('',(342.02697062847,337.93229158301,
    113.79386965053));
#2802 = CARTESIAN_POINT('',(346.30391351544,338.1254171584,
    113.68468575289));
#2803 = CARTESIAN_POINT('',(350.58496238288,338.17963514415,
    113.59469070042));
#2804 = CARTESIAN_POINT('',(354.8577723004,338.63463561443,
    113.47099350686));
#2805 = CARTESIAN_POINT('',(359.18388688825,338.55601983528,
    113.40132848781));
#2806 = CARTESIAN_POINT('',(363.5052046971,340.22038036427,
    113.03156867682));
#2807 = CARTESIAN_POINT('',(367.54865046447,343.60860630419,
    112.42212233969));
#2808 = CARTESIAN_POINT('',(372.05847150757,343.06204219612,
    112.37446540965));
#2809 = CARTESIAN_POINT('',(376.24564436291,345.94399733993,
    111.84058106895));
#2810 = CARTESIAN_POINT('',(380.50353796332,346.48362976029,
    111.57277397451));
#2811 = CARTESIAN_POINT('',(384.85798865987,346.14915570463,
    111.46951170202));
#2812 = CARTESIAN_POINT('',(389.02722072527,345.22809070489,
    111.43325781907));
#2813 = CARTESIAN_POINT('',(393.32393006004,346.11171165779,
    111.1852536348));
#2814 = CARTESIAN_POINT('',(396.53994441614,348.17090340373,
    110.92595188491));
#2815 = CARTESIAN_POINT('',(397.6403,345.59593356068,111.15572445612));
#2816 = CARTESIAN_POINT('',(140.9618,350.52030530713,110.69700231405));
#2817 = CARTESIAN_POINT('',(142.09540904743,348.49878611157,
    110.58148206364));
#2818 = CARTESIAN_POINT('',(145.34352279277,350.72600219754,
    110.78861434826));
#2819 = CARTESIAN_POINT('',(149.51920541273,349.69905556848,
    110.67709600272));
#2820 = CARTESIAN_POINT('',(153.74675028087,348.66557184636,
    110.70085982826));
#2821 = CARTESIAN_POINT('',(158.17058310233,348.67776352436,
    110.84260232338));
#2822 = CARTESIAN_POINT('',(162.26698448152,347.28748567545,
    110.75257196899));
#2823 = CARTESIAN_POINT('',(166.61873526807,347.77834781786,
    110.86383375864));
#2824 = CARTESIAN_POINT('',(171.05025168138,347.32579411016,
    110.93838125099));
#2825 = CARTESIAN_POINT('',(175.09238100893,348.70782053855,
    111.14965334258));
#2826 = CARTESIAN_POINT('',(179.41643525083,348.45964053432,
    111.09813467037));
#2827 = CARTESIAN_POINT('',(183.74465399728,348.54866361433,
    111.09000213209));
#2828 = CARTESIAN_POINT('',(188.01748830499,348.44934706299,
    111.04351697194));
#2829 = CARTESIAN_POINT('',(192.29804434258,348.52856888256,
    111.0166863312));
#2830 = CARTESIAN_POINT('',(196.57544693057,348.49278538926,
    110.9703646687));
#2831 = CARTESIAN_POINT('',(200.85359337877,348.46004859406,
    110.90248675865));
#2832 = CARTESIAN_POINT('',(205.13313267918,348.52078037996,
    110.8428246741));
#2833 = CARTESIAN_POINT('',(209.41029445154,348.66747828514,
    110.79843104507));
#2834 = CARTESIAN_POINT('',(213.69566833045,348.74691024311,
    110.73773875075));
#2835 = CARTESIAN_POINT('',(217.97323994091,349.0701789878,
    110.76053152956));
#2836 = CARTESIAN_POINT('',(222.25201002744,349.46183227276,
    110.82398337244));
#2837 = CARTESIAN_POINT('',(226.52878947893,349.89021352968,
    110.90429176638));
#2838 = CARTESIAN_POINT('',(230.80631705996,350.37913825063,
    110.9814597167));
#2839 = CARTESIAN_POINT('',(235.06961741834,350.98340825465,
    111.05437176483));
#2840 = CARTESIAN_POINT('',(239.34364675972,351.51918111149,
    111.06831149502));
#2841 = CARTESIAN_POINT('',(243.62590118763,351.95333096799,
    111.0421504097));
#2842 = CARTESIAN_POINT('',(247.90145862716,352.20995822392,
    111.14185825448));
#2843 = CARTESIAN_POINT('',(252.24748803221,352.50794124465,
    110.86258090044));
#2844 = CARTESIAN_POINT('',(256.42226459116,350.94733159497,
    111.59609046031));
#2845 = CARTESIAN_POINT('',(260.774587196,351.32043411673,
    111.86461071073));
#2846 = CARTESIAN_POINT('',(265.08553351846,350.21907207507,
    112.538991609));
#2847 = CARTESIAN_POINT('',(269.30435854157,348.19627084352,
    112.57024868921));
#2848 = CARTESIAN_POINT('',(273.49463672784,346.02126754325,
    113.32090930798));
#2849 = CARTESIAN_POINT('',(277.98553204283,345.14562920929,
    113.06608454252));
#2850 = CARTESIAN_POINT('',(282.02098866206,342.38508985973,
    113.2964031084));
#2851 = CARTESIAN_POINT('',(286.37785805657,340.77206458746,
    113.29657160031));
#2852 = CARTESIAN_POINT('',(290.69560185407,340.19664560953,
    113.85966055154));
#2853 = CARTESIAN_POINT('',(294.97762712103,339.54687772335,
    114.11406206633));
#2854 = CARTESIAN_POINT('',(299.25829278307,339.13027049297,
    114.34726942561));
#2855 = CARTESIAN_POINT('',(303.53281780748,338.66205812576,
    114.53733138726));
#2856 = CARTESIAN_POINT('',(307.79563331651,338.34875612865,
    114.56625325013));
#2857 = CARTESIAN_POINT('',(312.07349323989,337.95814605469,
    114.51922758613));
#2858 = CARTESIAN_POINT('',(316.34983972698,337.61895416093,
    114.4390725819));
#2859 = CARTESIAN_POINT('',(320.62873034613,337.29656065644,
    114.35659065812));
#2860 = CARTESIAN_POINT('',(324.90645535717,337.08807075178,
    114.29071253386));
#2861 = CARTESIAN_POINT('',(329.19177427478,336.83520720004,
    114.20282707448));
#2862 = CARTESIAN_POINT('',(333.46902839726,336.76255379845,
    114.11071451921));
#2863 = CARTESIAN_POINT('',(337.74832561117,336.72252086815,
    114.00639157515));
#2864 = CARTESIAN_POINT('',(342.02697062847,336.7194200571,
    113.8998987612));
#2865 = CARTESIAN_POINT('',(346.30391351544,336.92224658241,
    113.81042142784));
#2866 = CARTESIAN_POINT('',(350.58496238288,336.98630594387,
    113.71036115397));
#2867 = CARTESIAN_POINT('',(354.8577723004,337.4427438244,
    113.61308730482));
#2868 = CARTESIAN_POINT('',(359.18388688825,337.35781752207,
    113.55225023013));
#2869 = CARTESIAN_POINT('',(363.5052046971,339.08947346315,
    113.19053374408));
#2870 = CARTESIAN_POINT('',(367.54865046447,342.65363658186,
    112.48478692325));
#2871 = CARTESIAN_POINT('',(372.05847150757,342.08484967861,
    112.45542399142));
#2872 = CARTESIAN_POINT('',(376.24564436291,345.10797974187,
    111.8864882622));
#2873 = CARTESIAN_POINT('',(380.50353796332,345.83065226458,
    111.59873737771));
#2874 = CARTESIAN_POINT('',(384.85798865987,345.53652650845,
    111.47766314776));
#2875 = CARTESIAN_POINT('',(389.02722072527,344.67315970039,
    111.47881978794));
#2876 = CARTESIAN_POINT('',(393.32393006004,345.71706386083,
    111.24381888219));
#2877 = CARTESIAN_POINT('',(396.53994441614,347.7818918706,
    110.89115518216));
#2878 = CARTESIAN_POINT('',(397.6403,345.22336037939,111.17329586078));
#2879 = DEFINITIONAL_REPRESENTATION('',(#2880),#2884);
#2880 = LINE('',#2881,#2882);
#2881 = CARTESIAN_POINT('',(10.,0.));
#2882 = VECTOR('',#2883,1.);
#2883 = DIRECTION('',(0.,1.));
#2884 = ( GEOMETRIC_REPRESENTATION_CONTEXT(2) 
PARAMETRIC_REPRESENTATION_CONTEXT() REPRESENTATION_CONTEXT('2D SPACE',''
  ) );
#2885 = ORIENTED_EDGE('',*,*,#2886,.F.);
#2886 = EDGE_CURVE('',#2423,#2677,#2887,.T.);
#2887 = SURFACE_CURVE('',#2888,(#2891,#2898),.PCURVE_S1.);
#2888 = B_SPLINE_CURVE_WITH_KNOTS('',1,(#2889,#2890),.UNSPECIFIED.,.F.,
  .F.,(2,2),(9.,10.),.PIECEWISE_BEZIER_KNOTS.);
#2889 = CARTESIAN_POINT('',(397.6403,345.96756951162,111.12200180135));
#2890 = CARTESIAN_POINT('',(397.6403,345.59593356068,111.15572445612));
#2891 = PCURVE('',#2498,#2892);
#2892 = DEFINITIONAL_REPRESENTATION('',(#2893),#2897);
#2893 = LINE('',#2894,#2895);
#2894 = CARTESIAN_POINT('',(0.,1.));
#2895 = VECTOR('',#2896,1.);
#2896 = DIRECTION('',(1.,0.));
#2897 = ( GEOMETRIC_REPRESENTATION_CONTEXT(2) 
PARAMETRIC_REPRESENTATION_CONTEXT() REPRESENTATION_CONTEXT('2D SPACE',''
  ) );
#2898 = PCURVE('',#401,#2899);
#2899 = DEFINITIONAL_REPRESENTATION('',(#2900),#2903);
#2900 = B_SPLINE_CURVE_WITH_KNOTS('',1,(#2901,#2902),.UNSPECIFIED.,.F.,
  .F.,(2,2),(9.,10.),.PIECEWISE_BEZIER_KNOTS.);
#2901 = CARTESIAN_POINT('',(3.358208721319,-2.681788564348E-02));
#2902 = CARTESIAN_POINT('',(3.731333504159,-2.148929212828E-02));
#2903 = ( GEOMETRIC_REPRESENTATION_CONTEXT(2) 
PARAMETRIC_REPRESENTATION_CONTEXT() REPRESENTATION_CONTEXT('2D SPACE',''
  ) );
#2904 = ORIENTED_EDGE('',*,*,#2422,.F.);
#2905 = ADVANCED_FACE('',(#2906),#2752,.T.);
#2906 = FACE_BOUND('',#2907,.T.);
#2907 = EDGE_LOOP('',(#2908,#2929,#3139,#3158));
#2908 = ORIENTED_EDGE('',*,*,#2909,.T.);
#2909 = EDGE_CURVE('',#2656,#2910,#2912,.T.);
#2910 = VERTEX_POINT('',#2911);
#2911 = CARTESIAN_POINT('',(140.9618,350.52030530713,110.69700231405));
#2912 = SURFACE_CURVE('',#2913,(#2916,#2923),.PCURVE_S1.);
#2913 = B_SPLINE_CURVE_WITH_KNOTS('',1,(#2914,#2915),.UNSPECIFIED.,.F.,
  .F.,(2,2),(10.,11.),.PIECEWISE_BEZIER_KNOTS.);
#2914 = CARTESIAN_POINT('',(140.9618,350.9038661416,110.74459454282));
#2915 = CARTESIAN_POINT('',(140.9618,350.52030530713,110.69700231405));
#2916 = PCURVE('',#2752,#2917);
#2917 = DEFINITIONAL_REPRESENTATION('',(#2918),#2922);
#2918 = LINE('',#2919,#2920);
#2919 = CARTESIAN_POINT('',(0.,0.));
#2920 = VECTOR('',#2921,1.);
#2921 = DIRECTION('',(1.,0.));
#2922 = ( GEOMETRIC_REPRESENTATION_CONTEXT(2) 
PARAMETRIC_REPRESENTATION_CONTEXT() REPRESENTATION_CONTEXT('2D SPACE',''
  ) );
#2923 = PCURVE('',#165,#2924);
#2924 = DEFINITIONAL_REPRESENTATION('',(#2925),#2928);
#2925 = B_SPLINE_CURVE_WITH_KNOTS('',1,(#2926,#2927),.UNSPECIFIED.,.F.,
  .F.,(2,2),(10.,11.),.PIECEWISE_BEZIER_KNOTS.);
#2926 = CARTESIAN_POINT('',(3.862165514079,9.788169954699E-02));
#2927 = CARTESIAN_POINT('',(4.248658923901,0.100485185824));
#2928 = ( GEOMETRIC_REPRESENTATION_CONTEXT(2) 
PARAMETRIC_REPRESENTATION_CONTEXT() REPRESENTATION_CONTEXT('2D SPACE',''
  ) );
#2929 = ORIENTED_EDGE('',*,*,#2930,.T.);
#2930 = EDGE_CURVE('',#2910,#2931,#2933,.T.);
#2931 = VERTEX_POINT('',#2932);
#2932 = CARTESIAN_POINT('',(397.6403,345.22336037939,111.17329586078));
#2933 = SURFACE_CURVE('',#2934,(#2998,#3005),.PCURVE_S1.);
#2934 = ( BOUNDED_CURVE() B_SPLINE_CURVE(3,(#2935,#2936,#2937,#2938,
    #2939,#2940,#2941,#2942,#2943,#2944,#2945,#2946,#2947,#2948,#2949,
    #2950,#2951,#2952,#2953,#2954,#2955,#2956,#2957,#2958,#2959,#2960,
    #2961,#2962,#2963,#2964,#2965,#2966,#2967,#2968,#2969,#2970,#2971,
    #2972,#2973,#2974,#2975,#2976,#2977,#2978,#2979,#2980,#2981,#2982,
    #2983,#2984,#2985,#2986,#2987,#2988,#2989,#2990,#2991,#2992,#2993,
    #2994,#2995,#2996,#2997),.UNSPECIFIED.,.F.,.F.) 
B_SPLINE_CURVE_WITH_KNOTS((4,1,1,1,1,1,1,1,1,1,1,1,1,1,1,1,1,1,1,1,1,1,1
    ,1,1,1,1,1,1,1,1,1,1,1,1,1,1,1,1,1,1,1,1,1,1,1,1,1,1,1,1,1,1,1,1,1,1
    ,1,1,1,4),(0.,1.671834126768E-02,3.328707673398E-02,
    5.001744466419E-02,6.648650714478E-02,8.348892901119E-02,
    9.999486964001E-02,0.11646941087,0.133815549619,0.150618938677,
    0.167038735703,0.183454077407,0.199862498306,0.216272023155,
    0.232682039048,0.249094136,0.265517101832,0.28195250261,
    0.298446383618,0.315002877417,0.331625113939,0.348307612691,
    0.365035992875,0.381711213613,0.398301880653,0.414823418335,
    0.431326889702,0.448164125522,0.464772555536,0.481574851679,
    0.498833916597,0.516076325801,0.532869467448,0.550364700599,
    0.567182918644,0.58368017293,0.60020088702,0.616790522208,
    0.633466402799,0.650196996519,0.66688122827,0.683506031496,
    0.700063533111,0.716557401724,0.732992840875,0.749415744672,
    0.765827967007,0.78223726506,0.798647812608,0.815056815176,
    0.831475231221,0.84789937286,0.864694545606,0.881987572306,
    0.898456926779,0.91536479181,0.932301655256,0.949102498792,
0.966203962862,0.982810298735,1.),.UNSPECIFIED.) CURVE() 
GEOMETRIC_REPRESENTATION_ITEM() RATIONAL_B_SPLINE_CURVE((1.,
    1.000000000007,0.999999999997,1.000000000001,1.,1.,1.,1.,1.,1.,1.,1.
    ,1.,1.,1.,1.,1.,1.,1.,1.,1.,1.,1.,1.,1.,1.,1.,1.,1.,1.,1.,1.,1.,1.,
    1.,1.,1.,1.,1.,1.,1.,1.,1.,1.,1.,1.,1.,1.,1.,1.,1.,1.,1.,1.,1.,1.,1.
    ,1.,1.000000000001,0.999999999996,1.000000000014,0.999999999969,1.))
 REPRESENTATION_ITEM('') );
#2935 = CARTESIAN_POINT('',(140.9618,350.52030530713,110.69700231405));
#2936 = CARTESIAN_POINT('',(142.09540904743,348.49878611157,
    110.58148206364));
#2937 = CARTESIAN_POINT('',(145.34352279277,350.72600219754,
    110.78861434826));
#2938 = CARTESIAN_POINT('',(149.51920541273,349.69905556848,
    110.67709600272));
#2939 = CARTESIAN_POINT('',(153.74675028087,348.66557184636,
    110.70085982826));
#2940 = CARTESIAN_POINT('',(158.17058310233,348.67776352436,
    110.84260232338));
#2941 = CARTESIAN_POINT('',(162.26698448152,347.28748567545,
    110.75257196899));
#2942 = CARTESIAN_POINT('',(166.61873526807,347.77834781786,
    110.86383375864));
#2943 = CARTESIAN_POINT('',(171.05025168138,347.32579411016,
    110.93838125099));
#2944 = CARTESIAN_POINT('',(175.09238100893,348.70782053855,
    111.14965334258));
#2945 = CARTESIAN_POINT('',(179.41643525083,348.45964053432,
    111.09813467037));
#2946 = CARTESIAN_POINT('',(183.74465399728,348.54866361433,
    111.09000213209));
#2947 = CARTESIAN_POINT('',(188.01748830499,348.44934706299,
    111.04351697194));
#2948 = CARTESIAN_POINT('',(192.29804434258,348.52856888256,
    111.0166863312));
#2949 = CARTESIAN_POINT('',(196.57544693057,348.49278538926,
    110.9703646687));
#2950 = CARTESIAN_POINT('',(200.85359337877,348.46004859406,
    110.90248675865));
#2951 = CARTESIAN_POINT('',(205.13313267918,348.52078037996,
    110.8428246741));
#2952 = CARTESIAN_POINT('',(209.41029445154,348.66747828514,
    110.79843104507));
#2953 = CARTESIAN_POINT('',(213.69566833045,348.74691024311,
    110.73773875075));
#2954 = CARTESIAN_POINT('',(217.97323994091,349.0701789878,
    110.76053152956));
#2955 = CARTESIAN_POINT('',(222.25201002744,349.46183227276,
    110.82398337244));
#2956 = CARTESIAN_POINT('',(226.52878947893,349.89021352968,
    110.90429176638));
#2957 = CARTESIAN_POINT('',(230.80631705996,350.37913825063,
    110.9814597167));
#2958 = CARTESIAN_POINT('',(235.06961741834,350.98340825465,
    111.05437176483));
#2959 = CARTESIAN_POINT('',(239.34364675972,351.51918111149,
    111.06831149502));
#2960 = CARTESIAN_POINT('',(243.62590118763,351.95333096799,
    111.0421504097));
#2961 = CARTESIAN_POINT('',(247.90145862716,352.20995822392,
    111.14185825448));
#2962 = CARTESIAN_POINT('',(252.24748803221,352.50794124465,
    110.86258090044));
#2963 = CARTESIAN_POINT('',(256.42226459116,350.94733159497,
    111.59609046031));
#2964 = CARTESIAN_POINT('',(260.774587196,351.32043411673,
    111.86461071073));
#2965 = CARTESIAN_POINT('',(265.08553351846,350.21907207507,
    112.538991609));
#2966 = CARTESIAN_POINT('',(269.30435854157,348.19627084352,
    112.57024868921));
#2967 = CARTESIAN_POINT('',(273.49463672784,346.02126754325,
    113.32090930798));
#2968 = CARTESIAN_POINT('',(277.98553204283,345.14562920929,
    113.06608454252));
#2969 = CARTESIAN_POINT('',(282.02098866206,342.38508985973,
    113.2964031084));
#2970 = CARTESIAN_POINT('',(286.37785805657,340.77206458746,
    113.29657160031));
#2971 = CARTESIAN_POINT('',(290.69560185407,340.19664560953,
    113.85966055154));
#2972 = CARTESIAN_POINT('',(294.97762712103,339.54687772335,
    114.11406206633));
#2973 = CARTESIAN_POINT('',(299.25829278307,339.13027049297,
    114.34726942561));
#2974 = CARTESIAN_POINT('',(303.53281780748,338.66205812576,
    114.53733138726));
#2975 = CARTESIAN_POINT('',(307.79563331651,338.34875612865,
    114.56625325013));
#2976 = CARTESIAN_POINT('',(312.07349323989,337.95814605469,
    114.51922758613));
#2977 = CARTESIAN_POINT('',(316.34983972698,337.61895416093,
    114.4390725819));
#2978 = CARTESIAN_POINT('',(320.62873034613,337.29656065644,
    114.35659065812));
#2979 = CARTESIAN_POINT('',(324.90645535717,337.08807075178,
    114.29071253386));
#2980 = CARTESIAN_POINT('',(329.19177427478,336.83520720004,
    114.20282707448));
#2981 = CARTESIAN_POINT('',(333.46902839726,336.76255379845,
    114.11071451921));
#2982 = CARTESIAN_POINT('',(337.74832561117,336.72252086815,
    114.00639157515));
#2983 = CARTESIAN_POINT('',(342.02697062847,336.7194200571,
    113.8998987612));
#2984 = CARTESIAN_POINT('',(346.30391351544,336.92224658241,
    113.81042142784));
#2985 = CARTESIAN_POINT('',(350.58496238288,336.98630594387,
    113.71036115397));
#2986 = CARTESIAN_POINT('',(354.8577723004,337.4427438244,
    113.61308730482));
#2987 = CARTESIAN_POINT('',(359.18388688825,337.35781752207,
    113.55225023013));
#2988 = CARTESIAN_POINT('',(363.5052046971,339.08947346315,
    113.19053374408));
#2989 = CARTESIAN_POINT('',(367.54865046447,342.65363658186,
    112.48478692325));
#2990 = CARTESIAN_POINT('',(372.05847150757,342.08484967861,
    112.45542399142));
#2991 = CARTESIAN_POINT('',(376.24564436291,345.10797974187,
    111.8864882622));
#2992 = CARTESIAN_POINT('',(380.50353796332,345.83065226458,
    111.59873737771));
#2993 = CARTESIAN_POINT('',(384.85798865987,345.53652650845,
    111.47766314776));
#2994 = CARTESIAN_POINT('',(389.02722072527,344.67315970039,
    111.47881978794));
#2995 = CARTESIAN_POINT('',(393.32393006004,345.71706386083,
    111.24381888219));
#2996 = CARTESIAN_POINT('',(396.53994441614,347.7818918706,
    110.89115518216));
#2997 = CARTESIAN_POINT('',(397.6403,345.22336037939,111.17329586078));
#2998 = PCURVE('',#2752,#2999);
#2999 = DEFINITIONAL_REPRESENTATION('',(#3000),#3004);
#3000 = LINE('',#3001,#3002);
#3001 = CARTESIAN_POINT('',(11.,0.));
#3002 = VECTOR('',#3003,1.);
#3003 = DIRECTION('',(0.,1.));
#3004 = ( GEOMETRIC_REPRESENTATION_CONTEXT(2) 
PARAMETRIC_REPRESENTATION_CONTEXT() REPRESENTATION_CONTEXT('2D SPACE',''
  ) );
#3005 = PCURVE('',#3006,#3133);
#3006 = ( BOUNDED_SURFACE() B_SPLINE_SURFACE(1,3,(
    (#3007,#3008,#3009,#3010,#3011,#3012,#3013,#3014,#3015,#3016,#3017
      ,#3018,#3019,#3020,#3021,#3022,#3023,#3024,#3025,#3026,#3027,#3028
      ,#3029,#3030,#3031,#3032,#3033,#3034,#3035,#3036,#3037,#3038,#3039
      ,#3040,#3041,#3042,#3043,#3044,#3045,#3046,#3047,#3048,#3049,#3050
      ,#3051,#3052,#3053,#3054,#3055,#3056,#3057,#3058,#3059,#3060,#3061
      ,#3062,#3063,#3064,#3065,#3066,#3067,#3068,#3069)
    ,(#3070,#3071,#3072,#3073,#3074,#3075,#3076,#3077,#3078,#3079,#3080
      ,#3081,#3082,#3083,#3084,#3085,#3086,#3087,#3088,#3089,#3090,#3091
      ,#3092,#3093,#3094,#3095,#3096,#3097,#3098,#3099,#3100,#3101,#3102
      ,#3103,#3104,#3105,#3106,#3107,#3108,#3109,#3110,#3111,#3112,#3113
      ,#3114,#3115,#3116,#3117,#3118,#3119,#3120,#3121,#3122,#3123,#3124
      ,#3125,#3126,#3127,#3128,#3129,#3130,#3131,#3132
)),.UNSPECIFIED.,.F.,.F.,.F.) B_SPLINE_SURFACE_WITH_KNOTS((2,2),(4,1,1,1
    ,1,1,1,1,1,1,1,1,1,1,1,1,1,1,1,1,1,1,1,1,1,1,1,1,1,1,1,1,1,1,1,1,1,1
    ,1,1,1,1,1,1,1,1,1,1,1,1,1,1,1,1,1,1,1,1,1,1,4),(11.,12.),(0.,
    1.671834126768E-02,3.328707673398E-02,5.001744466419E-02,
    6.648650714478E-02,8.348892901119E-02,9.999486964001E-02,
    0.11646941087,0.133815549619,0.150618938677,0.167038735703,
    0.183454077407,0.199862498306,0.216272023155,0.232682039048,
    0.249094136,0.265517101832,0.28195250261,0.298446383618,
    0.315002877417,0.331625113939,0.348307612691,0.365035992875,
    0.381711213613,0.398301880653,0.414823418335,0.431326889702,
    0.448164125522,0.464772555536,0.481574851679,0.498833916597,
    0.516076325801,0.532869467448,0.550364700599,0.567182918644,
    0.58368017293,0.60020088702,0.616790522208,0.633466402799,
    0.650196996519,0.66688122827,0.683506031496,0.700063533111,
    0.716557401724,0.732992840875,0.749415744672,0.765827967007,
    0.78223726506,0.798647812608,0.815056815176,0.831475231221,
    0.84789937286,0.864694545606,0.881987572306,0.898456926779,
    0.91536479181,0.932301655256,0.949102498792,0.966203962862,
0.982810298735,1.),.UNSPECIFIED.) GEOMETRIC_REPRESENTATION_ITEM() 
RATIONAL_B_SPLINE_SURFACE((
    (1.,1.000000000007,0.999999999997,1.000000000001,1.,1.,1.,1.,1.,1.
      ,1.,1.,1.,1.,1.,1.,1.,1.,1.,1.,1.,1.,1.,1.,1.,1.,1.,1.,1.,1.,1.,1.
      ,1.,1.,1.,1.,1.,1.,1.,1.,1.,1.,1.,1.,1.,1.,1.,1.,1.,1.,1.,1.,1.,1.
      ,1.,1.,1.,1.,1.000000000001,0.999999999996,1.000000000014
      ,0.999999999969,1.)
    ,(1.,1.000000000007,0.999999999997,1.000000000001,1.,1.,1.,1.,1.,1.
      ,1.,1.,1.,1.,1.,1.,1.,1.,1.,1.,1.,1.,1.,1.,1.,1.,1.,1.,1.,1.,1.,1.
      ,1.,1.,1.,1.,1.,1.,1.,1.,1.,1.,1.,1.,1.,1.,1.,1.,1.,1.,1.,1.,1.,1.
      ,1.,1.,1.,1.,1.000000000001,0.999999999996,1.000000000014
,0.999999999969,1.))) REPRESENTATION_ITEM('') SURFACE() );
#3007 = CARTESIAN_POINT('',(140.9618,350.52030530713,110.69700231405));
#3008 = CARTESIAN_POINT('',(142.09540904743,348.49878611157,
    110.58148206364));
#3009 = CARTESIAN_POINT('',(145.34352279277,350.72600219754,
    110.78861434826));
#3010 = CARTESIAN_POINT('',(149.51920541273,349.69905556848,
    110.67709600272));
#3011 = CARTESIAN_POINT('',(153.74675028087,348.66557184636,
    110.70085982826));
#3012 = CARTESIAN_POINT('',(158.17058310233,348.67776352436,
    110.84260232338));
#3013 = CARTESIAN_POINT('',(162.26698448152,347.28748567545,
    110.75257196899));
#3014 = CARTESIAN_POINT('',(166.61873526807,347.77834781786,
    110.86383375864));
#3015 = CARTESIAN_POINT('',(171.05025168138,347.32579411016,
    110.93838125099));
#3016 = CARTESIAN_POINT('',(175.09238100893,348.70782053855,
    111.14965334258));
#3017 = CARTESIAN_POINT('',(179.41643525083,348.45964053432,
    111.09813467037));
#3018 = CARTESIAN_POINT('',(183.74465399728,348.54866361433,
    111.09000213209));
#3019 = CARTESIAN_POINT('',(188.01748830499,348.44934706299,
    111.04351697194));
#3020 = CARTESIAN_POINT('',(192.29804434258,348.52856888256,
    111.0166863312));
#3021 = CARTESIAN_POINT('',(196.57544693057,348.49278538926,
    110.9703646687));
#3022 = CARTESIAN_POINT('',(200.85359337877,348.46004859406,
    110.90248675865));
#3023 = CARTESIAN_POINT('',(205.13313267918,348.52078037996,
    110.8428246741));
#3024 = CARTESIAN_POINT('',(209.41029445154,348.66747828514,
    110.79843104507));
#3025 = CARTESIAN_POINT('',(213.69566833045,348.74691024311,
    110.73773875075));
#3026 = CARTESIAN_POINT('',(217.97323994091,349.0701789878,
    110.76053152956));
#3027 = CARTESIAN_POINT('',(222.25201002744,349.46183227276,
    110.82398337244));
#3028 = CARTESIAN_POINT('',(226.52878947893,349.89021352968,
    110.90429176638));
#3029 = CARTESIAN_POINT('',(230.80631705996,350.37913825063,
    110.9814597167));
#3030 = CARTESIAN_POINT('',(235.06961741834,350.98340825465,
    111.05437176483));
#3031 = CARTESIAN_POINT('',(239.34364675972,351.51918111149,
    111.06831149502));
#3032 = CARTESIAN_POINT('',(243.62590118763,351.95333096799,
    111.0421504097));
#3033 = CARTESIAN_POINT('',(247.90145862716,352.20995822392,
    111.14185825448));
#3034 = CARTESIAN_POINT('',(252.24748803221,352.50794124465,
    110.86258090044));
#3035 = CARTESIAN_POINT('',(256.42226459116,350.94733159497,
    111.59609046031));
#3036 = CARTESIAN_POINT('',(260.774587196,351.32043411673,
    111.86461071073));
#3037 = CARTESIAN_POINT('',(265.08553351846,350.21907207507,
    112.538991609));
#3038 = CARTESIAN_POINT('',(269.30435854157,348.19627084352,
    112.57024868921));
#3039 = CARTESIAN_POINT('',(273.49463672784,346.02126754325,
    113.32090930798));
#3040 = CARTESIAN_POINT('',(277.98553204283,345.14562920929,
    113.06608454252));
#3041 = CARTESIAN_POINT('',(282.02098866206,342.38508985973,
    113.2964031084));
#3042 = CARTESIAN_POINT('',(286.37785805657,340.77206458746,
    113.29657160031));
#3043 = CARTESIAN_POINT('',(290.69560185407,340.19664560953,
    113.85966055154));
#3044 = CARTESIAN_POINT('',(294.97762712103,339.54687772335,
    114.11406206633));
#3045 = CARTESIAN_POINT('',(299.25829278307,339.13027049297,
    114.34726942561));
#3046 = CARTESIAN_POINT('',(303.53281780748,338.66205812576,
    114.53733138726));
#3047 = CARTESIAN_POINT('',(307.79563331651,338.34875612865,
    114.56625325013));
#3048 = CARTESIAN_POINT('',(312.07349323989,337.95814605469,
    114.51922758613));
#3049 = CARTESIAN_POINT('',(316.34983972698,337.61895416093,
    114.4390725819));
#3050 = CARTESIAN_POINT('',(320.62873034613,337.29656065644,
    114.35659065812));
#3051 = CARTESIAN_POINT('',(324.90645535717,337.08807075178,
    114.29071253386));
#3052 = CARTESIAN_POINT('',(329.19177427478,336.83520720004,
    114.20282707448));
#3053 = CARTESIAN_POINT('',(333.46902839726,336.76255379845,
    114.11071451921));
#3054 = CARTESIAN_POINT('',(337.74832561117,336.72252086815,
    114.00639157515));
#3055 = CARTESIAN_POINT('',(342.02697062847,336.7194200571,
    113.8998987612));
#3056 = CARTESIAN_POINT('',(346.30391351544,336.92224658241,
    113.81042142784));
#3057 = CARTESIAN_POINT('',(350.58496238288,336.98630594387,
    113.71036115397));
#3058 = CARTESIAN_POINT('',(354.8577723004,337.4427438244,
    113.61308730482));
#3059 = CARTESIAN_POINT('',(359.18388688825,337.35781752207,
    113.55225023013));
#3060 = CARTESIAN_POINT('',(363.5052046971,339.08947346315,
    113.19053374408));
#3061 = CARTESIAN_POINT('',(367.54865046447,342.65363658186,
    112.48478692325));
#3062 = CARTESIAN_POINT('',(372.05847150757,342.08484967861,
    112.45542399142));
#3063 = CARTESIAN_POINT('',(376.24564436291,345.10797974187,
    111.8864882622));
#3064 = CARTESIAN_POINT('',(380.50353796332,345.83065226458,
    111.59873737771));
#3065 = CARTESIAN_POINT('',(384.85798865987,345.53652650845,
    111.47766314776));
#3066 = CARTESIAN_POINT('',(389.02722072527,344.67315970039,
    111.47881978794));
#3067 = CARTESIAN_POINT('',(393.32393006004,345.71706386083,
    111.24381888219));
#3068 = CARTESIAN_POINT('',(396.53994441614,347.7818918706,
    110.89115518216));
#3069 = CARTESIAN_POINT('',(397.6403,345.22336037939,111.17329586078));
#3070 = CARTESIAN_POINT('',(140.9618,350.13920232088,110.63423139546));
#3071 = CARTESIAN_POINT('',(142.09540904743,347.92109901019,
    110.46378922034));
#3072 = CARTESIAN_POINT('',(145.34352279277,350.28185199799,
    110.72447990413));
#3073 = CARTESIAN_POINT('',(149.51920541273,349.0698002718,
    110.57442676991));
#3074 = CARTESIAN_POINT('',(153.74675028087,347.99400817424,
    110.58608337317));
#3075 = CARTESIAN_POINT('',(158.17058310233,348.04962117399,
    110.74447489477));
#3076 = CARTESIAN_POINT('',(162.26698448152,346.42156749031,
    110.60369582516));
#3077 = CARTESIAN_POINT('',(166.61873526807,346.86692107368,
    110.70673428891));
#3078 = CARTESIAN_POINT('',(171.05025168138,346.37886361093,
    110.76467101574));
#3079 = CARTESIAN_POINT('',(175.09238100893,347.56747812525,
    110.93626262291));
#3080 = CARTESIAN_POINT('',(179.41643525083,347.13972362821,
    110.83899634412));
#3081 = CARTESIAN_POINT('',(183.74465399728,347.23903820576,
    110.82262531844));
#3082 = CARTESIAN_POINT('',(188.01748830499,347.10593648118,
    110.74907528835));
#3083 = CARTESIAN_POINT('',(192.29804434258,347.18337556878,
    110.70931347503));
#3084 = CARTESIAN_POINT('',(196.57544693057,347.13612757542,
    110.64532763738));
#3085 = CARTESIAN_POINT('',(200.85359337877,347.0990629986,
    110.55957913706));
#3086 = CARTESIAN_POINT('',(205.13313267918,347.16907709906,
    110.48288784241));
#3087 = CARTESIAN_POINT('',(209.41029445154,347.34058638732,
    110.4265496712));
#3088 = CARTESIAN_POINT('',(213.69566833045,347.44540991164,
    110.35076312449));
#3089 = CARTESIAN_POINT('',(217.97323994091,347.82211734494,
    110.36686923177));
#3090 = CARTESIAN_POINT('',(222.25201002744,348.27772177313,
    110.42269901435));
#3091 = CARTESIAN_POINT('',(226.52878947893,348.77916693583,
    110.49771974775));
#3092 = CARTESIAN_POINT('',(230.80631705996,349.36005451735,
    110.54902866133));
#3093 = CARTESIAN_POINT('',(235.06961741834,350.05812809684,
    110.60204339059));
#3094 = CARTESIAN_POINT('',(239.34364675972,350.69617144323,
    110.59258252547));
#3095 = CARTESIAN_POINT('',(243.62590118763,351.21552274786,
    110.57148125789));
#3096 = CARTESIAN_POINT('',(247.90145862716,351.56622203756,
    110.67368287111));
#3097 = CARTESIAN_POINT('',(252.24748803221,351.87957939048,
    110.49939823756));
#3098 = CARTESIAN_POINT('',(256.42226459116,350.50244208104,
    111.1309258168));
#3099 = CARTESIAN_POINT('',(260.774587196,350.9818495931,111.39713591268
    ));
#3100 = CARTESIAN_POINT('',(265.08553351846,350.02895565345,
    111.96255609363));
#3101 = CARTESIAN_POINT('',(269.30435854157,348.00683155409,
    112.02721190065));
#3102 = CARTESIAN_POINT('',(273.49463672784,345.93303810191,
    112.66453436985));
#3103 = CARTESIAN_POINT('',(277.98553204283,345.06987565276,
    112.4695695445));
#3104 = CARTESIAN_POINT('',(282.02098866206,342.39909300336,
    112.66595436321));
#3105 = CARTESIAN_POINT('',(286.37785805657,340.84124393302,
    112.69984112015));
#3106 = CARTESIAN_POINT('',(290.69560185407,340.4518378213,
    113.14716194749));
#3107 = CARTESIAN_POINT('',(294.97762712103,339.9743850758,
    113.37401303011));
#3108 = CARTESIAN_POINT('',(299.25829278307,339.62205026587,
    113.60981416745));
#3109 = CARTESIAN_POINT('',(303.53281780748,339.31702663379,
    113.84140370142));
#3110 = CARTESIAN_POINT('',(307.79563331651,339.11834750576,
    113.97347442593));
#3111 = CARTESIAN_POINT('',(312.07349323989,338.90428167596,
    114.07652746107));
#3112 = CARTESIAN_POINT('',(316.34983972698,338.71014643857,
    114.16681145111));
#3113 = CARTESIAN_POINT('',(320.62873034613,338.55409032058,
    114.24503514764));
#3114 = CARTESIAN_POINT('',(324.90645535717,338.39261663312,
    114.29787771131));
#3115 = CARTESIAN_POINT('',(329.19177427478,338.21600985641,
    114.27893794397));
#3116 = CARTESIAN_POINT('',(333.46902839726,338.16209782817,
    114.21815391223));
#3117 = CARTESIAN_POINT('',(337.74832561117,338.12570492533,
    114.11441643824));
#3118 = CARTESIAN_POINT('',(342.02697062847,338.11819664103,
    114.00925940832));
#3119 = CARTESIAN_POINT('',(346.30391351544,338.29906132228,
    113.91990835607));
#3120 = CARTESIAN_POINT('',(350.58496238288,338.35579726149,
    113.8469485993));
#3121 = CARTESIAN_POINT('',(354.8577723004,338.77333217314,
    113.73083414374));
#3122 = CARTESIAN_POINT('',(359.18388688825,338.67549516543,
    113.65759171573));
#3123 = CARTESIAN_POINT('',(363.5052046971,340.28019840035,
    113.22744272769));
#3124 = CARTESIAN_POINT('',(367.54865046447,343.62801237994,
    112.49776427173));
#3125 = CARTESIAN_POINT('',(372.05847150757,343.04513349719,
    112.38103111029));
#3126 = CARTESIAN_POINT('',(376.24564436291,345.92698656607,
    111.79666888447));
#3127 = CARTESIAN_POINT('',(380.50353796332,346.38995694642,
    111.48858225974));
#3128 = CARTESIAN_POINT('',(384.85798865987,346.09095439283,
    111.39206881424));
#3129 = CARTESIAN_POINT('',(389.02722072527,345.18922093214,
    111.40487003134));
#3130 = CARTESIAN_POINT('',(393.32393006004,346.03643758621,
    111.17750176222));
#3131 = CARTESIAN_POINT('',(396.53994441614,348.15175940155,
    110.8779682638));
#3132 = CARTESIAN_POINT('',(397.6403,345.52360935464,111.13055320438));
#3133 = DEFINITIONAL_REPRESENTATION('',(#3134),#3138);
#3134 = LINE('',#3135,#3136);
#3135 = CARTESIAN_POINT('',(11.,0.));
#3136 = VECTOR('',#3137,1.);
#3137 = DIRECTION('',(0.,1.));
#3138 = ( GEOMETRIC_REPRESENTATION_CONTEXT(2) 
PARAMETRIC_REPRESENTATION_CONTEXT() REPRESENTATION_CONTEXT('2D SPACE',''
  ) );
#3139 = ORIENTED_EDGE('',*,*,#3140,.F.);
#3140 = EDGE_CURVE('',#2677,#2931,#3141,.T.);
#3141 = SURFACE_CURVE('',#3142,(#3145,#3152),.PCURVE_S1.);
#3142 = B_SPLINE_CURVE_WITH_KNOTS('',1,(#3143,#3144),.UNSPECIFIED.,.F.,
  .F.,(2,2),(10.,11.),.PIECEWISE_BEZIER_KNOTS.);
#3143 = CARTESIAN_POINT('',(397.6403,345.59593356068,111.15572445612));
#3144 = CARTESIAN_POINT('',(397.6403,345.22336037939,111.17329586078));
#3145 = PCURVE('',#2752,#3146);
#3146 = DEFINITIONAL_REPRESENTATION('',(#3147),#3151);
#3147 = LINE('',#3148,#3149);
#3148 = CARTESIAN_POINT('',(0.,1.));
#3149 = VECTOR('',#3150,1.);
#3150 = DIRECTION('',(1.,0.));
#3151 = ( GEOMETRIC_REPRESENTATION_CONTEXT(2) 
PARAMETRIC_REPRESENTATION_CONTEXT() REPRESENTATION_CONTEXT('2D SPACE',''
  ) );
#3152 = PCURVE('',#401,#3153);
#3153 = DEFINITIONAL_REPRESENTATION('',(#3154),#3157);
#3154 = B_SPLINE_CURVE_WITH_KNOTS('',1,(#3155,#3156),.UNSPECIFIED.,.F.,
  .F.,(2,2),(10.,11.),.PIECEWISE_BEZIER_KNOTS.);
#3155 = CARTESIAN_POINT('',(3.731333504159,-2.148929212828E-02));
#3156 = CARTESIAN_POINT('',(4.103701252498,0.));
#3157 = ( GEOMETRIC_REPRESENTATION_CONTEXT(2) 
PARAMETRIC_REPRESENTATION_CONTEXT() REPRESENTATION_CONTEXT('2D SPACE',''
  ) );
#3158 = ORIENTED_EDGE('',*,*,#2676,.F.);
#3159 = ADVANCED_FACE('',(#3160),#3006,.T.);
#3160 = FACE_BOUND('',#3161,.T.);
#3161 = EDGE_LOOP('',(#3162,#3183,#3393,#3412));
#3162 = ORIENTED_EDGE('',*,*,#3163,.T.);
#3163 = EDGE_CURVE('',#2910,#3164,#3166,.T.);
#3164 = VERTEX_POINT('',#3165);
#3165 = CARTESIAN_POINT('',(140.9618,350.13920232088,110.63423139546));
#3166 = SURFACE_CURVE('',#3167,(#3170,#3177),.PCURVE_S1.);
#3167 = B_SPLINE_CURVE_WITH_KNOTS('',1,(#3168,#3169),.UNSPECIFIED.,.F.,
  .F.,(2,2),(11.,12.),.PIECEWISE_BEZIER_KNOTS.);
#3168 = CARTESIAN_POINT('',(140.9618,350.52030530713,110.69700231405));
#3169 = CARTESIAN_POINT('',(140.9618,350.13920232088,110.63423139546));
#3170 = PCURVE('',#3006,#3171);
#3171 = DEFINITIONAL_REPRESENTATION('',(#3172),#3176);
#3172 = LINE('',#3173,#3174);
#3173 = CARTESIAN_POINT('',(0.,0.));
#3174 = VECTOR('',#3175,1.);
#3175 = DIRECTION('',(1.,0.));
#3176 = ( GEOMETRIC_REPRESENTATION_CONTEXT(2) 
PARAMETRIC_REPRESENTATION_CONTEXT() REPRESENTATION_CONTEXT('2D SPACE',''
  ) );
#3177 = PCURVE('',#165,#3178);
#3178 = DEFINITIONAL_REPRESENTATION('',(#3179),#3182);
#3179 = B_SPLINE_CURVE_WITH_KNOTS('',1,(#3180,#3181),.UNSPECIFIED.,.F.,
  .F.,(2,2),(11.,12.),.PIECEWISE_BEZIER_KNOTS.);
#3180 = CARTESIAN_POINT('',(4.248658923901,0.100485185824));
#3181 = CARTESIAN_POINT('',(4.634685746659,8.771935399919E-02));
#3182 = ( GEOMETRIC_REPRESENTATION_CONTEXT(2) 
PARAMETRIC_REPRESENTATION_CONTEXT() REPRESENTATION_CONTEXT('2D SPACE',''
  ) );
#3183 = ORIENTED_EDGE('',*,*,#3184,.T.);
#3184 = EDGE_CURVE('',#3164,#3185,#3187,.T.);
#3185 = VERTEX_POINT('',#3186);
#3186 = CARTESIAN_POINT('',(397.6403,345.52360935464,111.13055320438));
#3187 = SURFACE_CURVE('',#3188,(#3252,#3259),.PCURVE_S1.);
#3188 = ( BOUNDED_CURVE() B_SPLINE_CURVE(3,(#3189,#3190,#3191,#3192,
    #3193,#3194,#3195,#3196,#3197,#3198,#3199,#3200,#3201,#3202,#3203,
    #3204,#3205,#3206,#3207,#3208,#3209,#3210,#3211,#3212,#3213,#3214,
    #3215,#3216,#3217,#3218,#3219,#3220,#3221,#3222,#3223,#3224,#3225,
    #3226,#3227,#3228,#3229,#3230,#3231,#3232,#3233,#3234,#3235,#3236,
    #3237,#3238,#3239,#3240,#3241,#3242,#3243,#3244,#3245,#3246,#3247,
    #3248,#3249,#3250,#3251),.UNSPECIFIED.,.F.,.F.) 
B_SPLINE_CURVE_WITH_KNOTS((4,1,1,1,1,1,1,1,1,1,1,1,1,1,1,1,1,1,1,1,1,1,1
    ,1,1,1,1,1,1,1,1,1,1,1,1,1,1,1,1,1,1,1,1,1,1,1,1,1,1,1,1,1,1,1,1,1,1
    ,1,1,1,4),(0.,1.671834126768E-02,3.328707673398E-02,
    5.001744466419E-02,6.648650714478E-02,8.348892901119E-02,
    9.999486964001E-02,0.11646941087,0.133815549619,0.150618938677,
    0.167038735703,0.183454077407,0.199862498306,0.216272023155,
    0.232682039048,0.249094136,0.265517101832,0.28195250261,
    0.298446383618,0.315002877417,0.331625113939,0.348307612691,
    0.365035992875,0.381711213613,0.398301880653,0.414823418335,
    0.431326889702,0.448164125522,0.464772555536,0.481574851679,
    0.498833916597,0.516076325801,0.532869467448,0.550364700599,
    0.567182918644,0.58368017293,0.60020088702,0.616790522208,
    0.633466402799,0.650196996519,0.66688122827,0.683506031496,
    0.700063533111,0.716557401724,0.732992840875,0.749415744672,
    0.765827967007,0.78223726506,0.798647812608,0.815056815176,
    0.831475231221,0.84789937286,0.864694545606,0.881987572306,
    0.898456926779,0.91536479181,0.932301655256,0.949102498792,
0.966203962862,0.982810298735,1.),.UNSPECIFIED.) CURVE() 
GEOMETRIC_REPRESENTATION_ITEM() RATIONAL_B_SPLINE_CURVE((1.,
    1.000000000007,0.999999999997,1.000000000001,1.,1.,1.,1.,1.,1.,1.,1.
    ,1.,1.,1.,1.,1.,1.,1.,1.,1.,1.,1.,1.,1.,1.,1.,1.,1.,1.,1.,1.,1.,1.,
    1.,1.,1.,1.,1.,1.,1.,1.,1.,1.,1.,1.,1.,1.,1.,1.,1.,1.,1.,1.,1.,1.,1.
    ,1.,1.000000000001,0.999999999996,1.000000000014,0.999999999969,1.))
 REPRESENTATION_ITEM('') );
#3189 = CARTESIAN_POINT('',(140.9618,350.13920232088,110.63423139546));
#3190 = CARTESIAN_POINT('',(142.09540904743,347.92109901019,
    110.46378922034));
#3191 = CARTESIAN_POINT('',(145.34352279277,350.28185199799,
    110.72447990413));
#3192 = CARTESIAN_POINT('',(149.51920541273,349.0698002718,
    110.57442676991));
#3193 = CARTESIAN_POINT('',(153.74675028087,347.99400817424,
    110.58608337317));
#3194 = CARTESIAN_POINT('',(158.17058310233,348.04962117399,
    110.74447489477));
#3195 = CARTESIAN_POINT('',(162.26698448152,346.42156749031,
    110.60369582516));
#3196 = CARTESIAN_POINT('',(166.61873526807,346.86692107368,
    110.70673428891));
#3197 = CARTESIAN_POINT('',(171.05025168138,346.37886361093,
    110.76467101574));
#3198 = CARTESIAN_POINT('',(175.09238100893,347.56747812525,
    110.93626262291));
#3199 = CARTESIAN_POINT('',(179.41643525083,347.13972362821,
    110.83899634412));
#3200 = CARTESIAN_POINT('',(183.74465399728,347.23903820576,
    110.82262531844));
#3201 = CARTESIAN_POINT('',(188.01748830499,347.10593648118,
    110.74907528835));
#3202 = CARTESIAN_POINT('',(192.29804434258,347.18337556878,
    110.70931347503));
#3203 = CARTESIAN_POINT('',(196.57544693057,347.13612757542,
    110.64532763738));
#3204 = CARTESIAN_POINT('',(200.85359337877,347.0990629986,
    110.55957913706));
#3205 = CARTESIAN_POINT('',(205.13313267918,347.16907709906,
    110.48288784241));
#3206 = CARTESIAN_POINT('',(209.41029445154,347.34058638732,
    110.4265496712));
#3207 = CARTESIAN_POINT('',(213.69566833045,347.44540991164,
    110.35076312449));
#3208 = CARTESIAN_POINT('',(217.97323994091,347.82211734494,
    110.36686923177));
#3209 = CARTESIAN_POINT('',(222.25201002744,348.27772177313,
    110.42269901435));
#3210 = CARTESIAN_POINT('',(226.52878947893,348.77916693583,
    110.49771974775));
#3211 = CARTESIAN_POINT('',(230.80631705996,349.36005451735,
    110.54902866133));
#3212 = CARTESIAN_POINT('',(235.06961741834,350.05812809684,
    110.60204339059));
#3213 = CARTESIAN_POINT('',(239.34364675972,350.69617144323,
    110.59258252547));
#3214 = CARTESIAN_POINT('',(243.62590118763,351.21552274786,
    110.57148125789));
#3215 = CARTESIAN_POINT('',(247.90145862716,351.56622203756,
    110.67368287111));
#3216 = CARTESIAN_POINT('',(252.24748803221,351.87957939048,
    110.49939823756));
#3217 = CARTESIAN_POINT('',(256.42226459116,350.50244208104,
    111.1309258168));
#3218 = CARTESIAN_POINT('',(260.774587196,350.9818495931,111.39713591268
    ));
#3219 = CARTESIAN_POINT('',(265.08553351846,350.02895565345,
    111.96255609363));
#3220 = CARTESIAN_POINT('',(269.30435854157,348.00683155409,
    112.02721190065));
#3221 = CARTESIAN_POINT('',(273.49463672784,345.93303810191,
    112.66453436985));
#3222 = CARTESIAN_POINT('',(277.98553204283,345.06987565276,
    112.4695695445));
#3223 = CARTESIAN_POINT('',(282.02098866206,342.39909300336,
    112.66595436321));
#3224 = CARTESIAN_POINT('',(286.37785805657,340.84124393302,
    112.69984112015));
#3225 = CARTESIAN_POINT('',(290.69560185407,340.4518378213,
    113.14716194749));
#3226 = CARTESIAN_POINT('',(294.97762712103,339.9743850758,
    113.37401303011));
#3227 = CARTESIAN_POINT('',(299.25829278307,339.62205026587,
    113.60981416745));
#3228 = CARTESIAN_POINT('',(303.53281780748,339.31702663379,
    113.84140370142));
#3229 = CARTESIAN_POINT('',(307.79563331651,339.11834750576,
    113.97347442593));
#3230 = CARTESIAN_POINT('',(312.07349323989,338.90428167596,
    114.07652746107));
#3231 = CARTESIAN_POINT('',(316.34983972698,338.71014643857,
    114.16681145111));
#3232 = CARTESIAN_POINT('',(320.62873034613,338.55409032058,
    114.24503514764));
#3233 = CARTESIAN_POINT('',(324.90645535717,338.39261663312,
    114.29787771131));
#3234 = CARTESIAN_POINT('',(329.19177427478,338.21600985641,
    114.27893794397));
#3235 = CARTESIAN_POINT('',(333.46902839726,338.16209782817,
    114.21815391223));
#3236 = CARTESIAN_POINT('',(337.74832561117,338.12570492533,
    114.11441643824));
#3237 = CARTESIAN_POINT('',(342.02697062847,338.11819664103,
    114.00925940832));
#3238 = CARTESIAN_POINT('',(346.30391351544,338.29906132228,
    113.91990835607));
#3239 = CARTESIAN_POINT('',(350.58496238288,338.35579726149,
    113.8469485993));
#3240 = CARTESIAN_POINT('',(354.8577723004,338.77333217314,
    113.73083414374));
#3241 = CARTESIAN_POINT('',(359.18388688825,338.67549516543,
    113.65759171573));
#3242 = CARTESIAN_POINT('',(363.5052046971,340.28019840035,
    113.22744272769));
#3243 = CARTESIAN_POINT('',(367.54865046447,343.62801237994,
    112.49776427173));
#3244 = CARTESIAN_POINT('',(372.05847150757,343.04513349719,
    112.38103111029));
#3245 = CARTESIAN_POINT('',(376.24564436291,345.92698656607,
    111.79666888447));
#3246 = CARTESIAN_POINT('',(380.50353796332,346.38995694642,
    111.48858225974));
#3247 = CARTESIAN_POINT('',(384.85798865987,346.09095439283,
    111.39206881424));
#3248 = CARTESIAN_POINT('',(389.02722072527,345.18922093214,
    111.40487003134));
#3249 = CARTESIAN_POINT('',(393.32393006004,346.03643758621,
    111.17750176222));
#3250 = CARTESIAN_POINT('',(396.53994441614,348.15175940155,
    110.8779682638));
#3251 = CARTESIAN_POINT('',(397.6403,345.52360935464,111.13055320438));
#3252 = PCURVE('',#3006,#3253);
#3253 = DEFINITIONAL_REPRESENTATION('',(#3254),#3258);
#3254 = LINE('',#3255,#3256);
#3255 = CARTESIAN_POINT('',(12.,0.));
#3256 = VECTOR('',#3257,1.);
#3257 = DIRECTION('',(0.,1.));
#3258 = ( GEOMETRIC_REPRESENTATION_CONTEXT(2) 
PARAMETRIC_REPRESENTATION_CONTEXT() REPRESENTATION_CONTEXT('2D SPACE',''
  ) );
#3259 = PCURVE('',#3260,#3387);
#3260 = ( BOUNDED_SURFACE() B_SPLINE_SURFACE(1,3,(
    (#3261,#3262,#3263,#3264,#3265,#3266,#3267,#3268,#3269,#3270,#3271
      ,#3272,#3273,#3274,#3275,#3276,#3277,#3278,#3279,#3280,#3281,#3282
      ,#3283,#3284,#3285,#3286,#3287,#3288,#3289,#3290,#3291,#3292,#3293
      ,#3294,#3295,#3296,#3297,#3298,#3299,#3300,#3301,#3302,#3303,#3304
      ,#3305,#3306,#3307,#3308,#3309,#3310,#3311,#3312,#3313,#3314,#3315
      ,#3316,#3317,#3318,#3319,#3320,#3321,#3322,#3323)
    ,(#3324,#3325,#3326,#3327,#3328,#3329,#3330,#3331,#3332,#3333,#3334
      ,#3335,#3336,#3337,#3338,#3339,#3340,#3341,#3342,#3343,#3344,#3345
      ,#3346,#3347,#3348,#3349,#3350,#3351,#3352,#3353,#3354,#3355,#3356
      ,#3357,#3358,#3359,#3360,#3361,#3362,#3363,#3364,#3365,#3366,#3367
      ,#3368,#3369,#3370,#3371,#3372,#3373,#3374,#3375,#3376,#3377,#3378
      ,#3379,#3380,#3381,#3382,#3383,#3384,#3385,#3386
)),.UNSPECIFIED.,.F.,.F.,.F.) B_SPLINE_SURFACE_WITH_KNOTS((2,2),(4,1,1,1
    ,1,1,1,1,1,1,1,1,1,1,1,1,1,1,1,1,1,1,1,1,1,1,1,1,1,1,1,1,1,1,1,1,1,1
    ,1,1,1,1,1,1,1,1,1,1,1,1,1,1,1,1,1,1,1,1,1,1,4),(12.,13.),(0.,
    1.671834126768E-02,3.328707673398E-02,5.001744466419E-02,
    6.648650714478E-02,8.348892901119E-02,9.999486964001E-02,
    0.11646941087,0.133815549619,0.150618938677,0.167038735703,
    0.183454077407,0.199862498306,0.216272023155,0.232682039048,
    0.249094136,0.265517101832,0.28195250261,0.298446383618,
    0.315002877417,0.331625113939,0.348307612691,0.365035992875,
    0.381711213613,0.398301880653,0.414823418335,0.431326889702,
    0.448164125522,0.464772555536,0.481574851679,0.498833916597,
    0.516076325801,0.532869467448,0.550364700599,0.567182918644,
    0.58368017293,0.60020088702,0.616790522208,0.633466402799,
    0.650196996519,0.66688122827,0.683506031496,0.700063533111,
    0.716557401724,0.732992840875,0.749415744672,0.765827967007,
    0.78223726506,0.798647812608,0.815056815176,0.831475231221,
    0.84789937286,0.864694545606,0.881987572306,0.898456926779,
    0.91536479181,0.932301655256,0.949102498792,0.966203962862,
0.982810298735,1.),.UNSPECIFIED.) GEOMETRIC_REPRESENTATION_ITEM() 
RATIONAL_B_SPLINE_SURFACE((
    (1.,1.000000000007,0.999999999997,1.000000000001,1.,1.,1.,1.,1.,1.
      ,1.,1.,1.,1.,1.,1.,1.,1.,1.,1.,1.,1.,1.,1.,1.,1.,1.,1.,1.,1.,1.,1.
      ,1.,1.,1.,1.,1.,1.,1.,1.,1.,1.,1.,1.,1.,1.,1.,1.,1.,1.,1.,1.,1.,1.
      ,1.,1.,1.,1.,1.000000000001,0.999999999996,1.000000000014
      ,0.999999999969,1.)
    ,(1.,1.000000000007,0.999999999997,1.000000000001,1.,1.,1.,1.,1.,1.
      ,1.,1.,1.,1.,1.,1.,1.,1.,1.,1.,1.,1.,1.,1.,1.,1.,1.,1.,1.,1.,1.,1.
      ,1.,1.,1.,1.,1.,1.,1.,1.,1.,1.,1.,1.,1.,1.,1.,1.,1.,1.,1.,1.,1.,1.
      ,1.,1.,1.,1.,1.000000000001,0.999999999996,1.000000000014
,0.999999999969,1.))) REPRESENTATION_ITEM('') SURFACE() );
#3261 = CARTESIAN_POINT('',(140.9618,350.13920232088,110.63423139546));
#3262 = CARTESIAN_POINT('',(142.09540904743,347.92109901019,
    110.46378922034));
#3263 = CARTESIAN_POINT('',(145.34352279277,350.28185199799,
    110.72447990413));
#3264 = CARTESIAN_POINT('',(149.51920541273,349.0698002718,
    110.57442676991));
#3265 = CARTESIAN_POINT('',(153.74675028087,347.99400817424,
    110.58608337317));
#3266 = CARTESIAN_POINT('',(158.17058310233,348.04962117399,
    110.74447489477));
#3267 = CARTESIAN_POINT('',(162.26698448152,346.42156749031,
    110.60369582516));
#3268 = CARTESIAN_POINT('',(166.61873526807,346.86692107368,
    110.70673428891));
#3269 = CARTESIAN_POINT('',(171.05025168138,346.37886361093,
    110.76467101574));
#3270 = CARTESIAN_POINT('',(175.09238100893,347.56747812525,
    110.93626262291));
#3271 = CARTESIAN_POINT('',(179.41643525083,347.13972362821,
    110.83899634412));
#3272 = CARTESIAN_POINT('',(183.74465399728,347.23903820576,
    110.82262531844));
#3273 = CARTESIAN_POINT('',(188.01748830499,347.10593648118,
    110.74907528835));
#3274 = CARTESIAN_POINT('',(192.29804434258,347.18337556878,
    110.70931347503));
#3275 = CARTESIAN_POINT('',(196.57544693057,347.13612757542,
    110.64532763738));
#3276 = CARTESIAN_POINT('',(200.85359337877,347.0990629986,
    110.55957913706));
#3277 = CARTESIAN_POINT('',(205.13313267918,347.16907709906,
    110.48288784241));
#3278 = CARTESIAN_POINT('',(209.41029445154,347.34058638732,
    110.4265496712));
#3279 = CARTESIAN_POINT('',(213.69566833045,347.44540991164,
    110.35076312449));
#3280 = CARTESIAN_POINT('',(217.97323994091,347.82211734494,
    110.36686923177));
#3281 = CARTESIAN_POINT('',(222.25201002744,348.27772177313,
    110.42269901435));
#3282 = CARTESIAN_POINT('',(226.52878947893,348.77916693583,
    110.49771974775));
#3283 = CARTESIAN_POINT('',(230.80631705996,349.36005451735,
    110.54902866133));
#3284 = CARTESIAN_POINT('',(235.06961741834,350.05812809684,
    110.60204339059));
#3285 = CARTESIAN_POINT('',(239.34364675972,350.69617144323,
    110.59258252547));
#3286 = CARTESIAN_POINT('',(243.62590118763,351.21552274786,
    110.57148125789));
#3287 = CARTESIAN_POINT('',(247.90145862716,351.56622203756,
    110.67368287111));
#3288 = CARTESIAN_POINT('',(252.24748803221,351.87957939048,
    110.49939823756));
#3289 = CARTESIAN_POINT('',(256.42226459116,350.50244208104,
    111.1309258168));
#3290 = CARTESIAN_POINT('',(260.774587196,350.9818495931,111.39713591268
    ));
#3291 = CARTESIAN_POINT('',(265.08553351846,350.02895565345,
    111.96255609363));
#3292 = CARTESIAN_POINT('',(269.30435854157,348.00683155409,
    112.02721190065));
#3293 = CARTESIAN_POINT('',(273.49463672784,345.93303810191,
    112.66453436985));
#3294 = CARTESIAN_POINT('',(277.98553204283,345.06987565276,
    112.4695695445));
#3295 = CARTESIAN_POINT('',(282.02098866206,342.39909300336,
    112.66595436321));
#3296 = CARTESIAN_POINT('',(286.37785805657,340.84124393302,
    112.69984112015));
#3297 = CARTESIAN_POINT('',(290.69560185407,340.4518378213,
    113.14716194749));
#3298 = CARTESIAN_POINT('',(294.97762712103,339.9743850758,
    113.37401303011));
#3299 = CARTESIAN_POINT('',(299.25829278307,339.62205026587,
    113.60981416745));
#3300 = CARTESIAN_POINT('',(303.53281780748,339.31702663379,
    113.84140370142));
#3301 = CARTESIAN_POINT('',(307.79563331651,339.11834750576,
    113.97347442593));
#3302 = CARTESIAN_POINT('',(312.07349323989,338.90428167596,
    114.07652746107));
#3303 = CARTESIAN_POINT('',(316.34983972698,338.71014643857,
    114.16681145111));
#3304 = CARTESIAN_POINT('',(320.62873034613,338.55409032058,
    114.24503514764));
#3305 = CARTESIAN_POINT('',(324.90645535717,338.39261663312,
    114.29787771131));
#3306 = CARTESIAN_POINT('',(329.19177427478,338.21600985641,
    114.27893794397));
#3307 = CARTESIAN_POINT('',(333.46902839726,338.16209782817,
    114.21815391223));
#3308 = CARTESIAN_POINT('',(337.74832561117,338.12570492533,
    114.11441643824));
#3309 = CARTESIAN_POINT('',(342.02697062847,338.11819664103,
    114.00925940832));
#3310 = CARTESIAN_POINT('',(346.30391351544,338.29906132228,
    113.91990835607));
#3311 = CARTESIAN_POINT('',(350.58496238288,338.35579726149,
    113.8469485993));
#3312 = CARTESIAN_POINT('',(354.8577723004,338.77333217314,
    113.73083414374));
#3313 = CARTESIAN_POINT('',(359.18388688825,338.67549516543,
    113.65759171573));
#3314 = CARTESIAN_POINT('',(363.5052046971,340.28019840035,
    113.22744272769));
#3315 = CARTESIAN_POINT('',(367.54865046447,343.62801237994,
    112.49776427173));
#3316 = CARTESIAN_POINT('',(372.05847150757,343.04513349719,
    112.38103111029));
#3317 = CARTESIAN_POINT('',(376.24564436291,345.92698656607,
    111.79666888447));
#3318 = CARTESIAN_POINT('',(380.50353796332,346.38995694642,
    111.48858225974));
#3319 = CARTESIAN_POINT('',(384.85798865987,346.09095439283,
    111.39206881424));
#3320 = CARTESIAN_POINT('',(389.02722072527,345.18922093214,
    111.40487003134));
#3321 = CARTESIAN_POINT('',(393.32393006004,346.03643758621,
    111.17750176222));
#3322 = CARTESIAN_POINT('',(396.53994441614,348.15175940155,
    110.8779682638));
#3323 = CARTESIAN_POINT('',(397.6403,345.52360935464,111.13055320438));
#3324 = CARTESIAN_POINT('',(140.9618,349.7580888982,110.5715405291));
#3325 = CARTESIAN_POINT('',(142.09540904743,347.34373937609,
    110.34413883029));
#3326 = CARTESIAN_POINT('',(145.34352279277,349.83757783371,
    110.66107320321));
#3327 = CARTESIAN_POINT('',(149.51920541273,348.4404465744,
    110.47247096984));
#3328 = CARTESIAN_POINT('',(153.74675028087,347.32236218984,
    110.47188342126));
#3329 = CARTESIAN_POINT('',(158.17058310233,347.42134401291,
    110.64719872353));
#3330 = CARTESIAN_POINT('',(162.26698448152,345.55593434676,
    110.45341389267));
#3331 = CARTESIAN_POINT('',(166.61873526807,345.95535975863,
    110.55041204082));
#3332 = CARTESIAN_POINT('',(171.05025168138,345.43369965476,
    110.58181054739));
#3333 = CARTESIAN_POINT('',(175.09238100893,346.42887611448,
    110.71420446406));
#3334 = CARTESIAN_POINT('',(179.41643525083,345.82085719016,
    110.57411393326));
#3335 = CARTESIAN_POINT('',(183.74465399728,345.93210878555,
    110.54286680618));
#3336 = CARTESIAN_POINT('',(188.01748830499,345.76449812636,
    110.44509327423));
#3337 = CARTESIAN_POINT('',(192.29804434258,345.83879915578,
    110.39947092709));
#3338 = CARTESIAN_POINT('',(196.57544693057,345.78103481352,
    110.3141756779));
#3339 = CARTESIAN_POINT('',(200.85359337877,345.73886889481,
    110.21288947781));
#3340 = CARTESIAN_POINT('',(205.13313267918,345.81645178953,
    110.12669120452));
#3341 = CARTESIAN_POINT('',(209.41029445154,346.01402977363,
    110.05333837731));
#3342 = CARTESIAN_POINT('',(213.69566833045,346.14346298331,
    109.96503190473));
#3343 = CARTESIAN_POINT('',(217.97323994091,346.57704662245,
    109.96645112799));
#3344 = CARTESIAN_POINT('',(222.25201002744,347.10113507601,
    110.0010894791));
#3345 = CARTESIAN_POINT('',(226.52878947893,347.69014614525,
    110.04457389893));
#3346 = CARTESIAN_POINT('',(230.80631705996,348.36646183383,
    110.06532229642));
#3347 = CARTESIAN_POINT('',(235.06961741834,349.17254324675,
    110.07985684079));
#3348 = CARTESIAN_POINT('',(239.34364675972,349.91047948329,
    110.05558694867));
#3349 = CARTESIAN_POINT('',(243.62590118763,350.51154183234,
    110.04830953168));
#3350 = CARTESIAN_POINT('',(247.90145862716,350.94143545001,
    110.18041294291));
#3351 = CARTESIAN_POINT('',(252.24748803221,351.26706819743,
    110.11621952154));
#3352 = CARTESIAN_POINT('',(256.42226459116,350.05712907068,
    110.66383818362));
#3353 = CARTESIAN_POINT('',(260.774587196,350.65062133234,
    110.92826242885));
#3354 = CARTESIAN_POINT('',(265.08553351846,349.80907493038,
    111.39385025382));
#3355 = CARTESIAN_POINT('',(269.30435854157,347.93220564872,
    111.45381185163));
#3356 = CARTESIAN_POINT('',(273.49463672784,346.05438330487,
    111.97611811127));
#3357 = CARTESIAN_POINT('',(277.98553204283,345.2103436907,
    111.84726594935));
#3358 = CARTESIAN_POINT('',(282.02098866206,342.6199682802,
    112.01253847346));
#3359 = CARTESIAN_POINT('',(286.37785805657,341.16673342931,
    112.07594954825));
#3360 = CARTESIAN_POINT('',(290.69560185407,340.84024610505,
    112.45339166128));
#3361 = CARTESIAN_POINT('',(294.97762712103,340.44457815106,
    112.63926399346));
#3362 = CARTESIAN_POINT('',(299.25829278307,340.22828908394,
    112.88674604775));
#3363 = CARTESIAN_POINT('',(303.53281780748,340.05432670355,
    113.14984732312));
#3364 = CARTESIAN_POINT('',(307.79563331651,339.99566629988,
    113.33076992331));
#3365 = CARTESIAN_POINT('',(312.07349323989,339.9318309107,
    113.53983094508));
#3366 = CARTESIAN_POINT('',(316.34983972698,339.87797389797,
    113.77458504164));
#3367 = CARTESIAN_POINT('',(320.62873034613,339.81331608508,
    113.96737750586));
#3368 = CARTESIAN_POINT('',(324.90645535717,339.72826489614,
    114.13053217387));
#3369 = CARTESIAN_POINT('',(329.19177427478,339.59310437814,
    114.21806283484));
#3370 = CARTESIAN_POINT('',(333.46902839726,339.5608936496,
    114.20141645846));
#3371 = CARTESIAN_POINT('',(337.74832561117,339.52810768526,
    114.11079866677));
#3372 = CARTESIAN_POINT('',(342.02697062847,339.5172430054,
    114.01707368077));
#3373 = CARTESIAN_POINT('',(346.30391351544,339.67721215243,
    113.91036846468));
#3374 = CARTESIAN_POINT('',(350.58496238288,339.72954139937,
    113.83724370695));
#3375 = CARTESIAN_POINT('',(354.8577723004,340.10920861707,
    113.70384622871));
#3376 = CARTESIAN_POINT('',(359.18388688825,339.99039192928,
    113.60342338265));
#3377 = CARTESIAN_POINT('',(363.5052046971,341.48782083559,
    113.13229995879));
#3378 = CARTESIAN_POINT('',(367.54865046447,344.63285358176,
    112.41125028079));
#3379 = CARTESIAN_POINT('',(372.05847150757,344.03695702793,
    112.24644688916));
#3380 = CARTESIAN_POINT('',(376.24564436291,346.76048075873,
    111.66967318218));
#3381 = CARTESIAN_POINT('',(380.50353796332,347.03790390829,
    111.37944115788));
#3382 = CARTESIAN_POINT('',(384.85798865987,346.70189418172,
    111.30274105042));
#3383 = CARTESIAN_POINT('',(389.02722072527,345.74038869511,
    111.32545079777));
#3384 = CARTESIAN_POINT('',(393.32393006004,346.42653307938,
    111.11552790132));
#3385 = CARTESIAN_POINT('',(396.53994441614,348.54519271616,
    110.84102999919));
#3386 = CARTESIAN_POINT('',(397.6403,345.89364792192,111.08248954332));
#3387 = DEFINITIONAL_REPRESENTATION('',(#3388),#3392);
#3388 = LINE('',#3389,#3390);
#3389 = CARTESIAN_POINT('',(12.,0.));
#3390 = VECTOR('',#3391,1.);
#3391 = DIRECTION('',(0.,1.));
#3392 = ( GEOMETRIC_REPRESENTATION_CONTEXT(2) 
PARAMETRIC_REPRESENTATION_CONTEXT() REPRESENTATION_CONTEXT('2D SPACE',''
  ) );
#3393 = ORIENTED_EDGE('',*,*,#3394,.F.);
#3394 = EDGE_CURVE('',#2931,#3185,#3395,.T.);
#3395 = SURFACE_CURVE('',#3396,(#3399,#3406),.PCURVE_S1.);
#3396 = B_SPLINE_CURVE_WITH_KNOTS('',1,(#3397,#3398),.UNSPECIFIED.,.F.,
  .F.,(2,2),(11.,12.),.PIECEWISE_BEZIER_KNOTS.);
#3397 = CARTESIAN_POINT('',(397.6403,345.22336037939,111.17329586078));
#3398 = CARTESIAN_POINT('',(397.6403,345.52360935464,111.13055320438));
#3399 = PCURVE('',#3006,#3400);
#3400 = DEFINITIONAL_REPRESENTATION('',(#3401),#3405);
#3401 = LINE('',#3402,#3403);
#3402 = CARTESIAN_POINT('',(0.,1.));
#3403 = VECTOR('',#3404,1.);
#3404 = DIRECTION('',(1.,0.));
#3405 = ( GEOMETRIC_REPRESENTATION_CONTEXT(2) 
PARAMETRIC_REPRESENTATION_CONTEXT() REPRESENTATION_CONTEXT('2D SPACE',''
  ) );
#3406 = PCURVE('',#401,#3407);
#3407 = DEFINITIONAL_REPRESENTATION('',(#3408),#3411);
#3408 = B_SPLINE_CURVE_WITH_KNOTS('',1,(#3409,#3410),.UNSPECIFIED.,.F.,
  .F.,(2,2),(11.,12.),.PIECEWISE_BEZIER_KNOTS.);
#3409 = CARTESIAN_POINT('',(4.103701252498,0.));
#3410 = CARTESIAN_POINT('',(3.80062865322,1.110771710495E-02));
#3411 = ( GEOMETRIC_REPRESENTATION_CONTEXT(2) 
PARAMETRIC_REPRESENTATION_CONTEXT() REPRESENTATION_CONTEXT('2D SPACE',''
  ) );
#3412 = ORIENTED_EDGE('',*,*,#2930,.F.);
#3413 = ADVANCED_FACE('',(#3414),#3260,.T.);
#3414 = FACE_BOUND('',#3415,.T.);
#3415 = EDGE_LOOP('',(#3416,#3437,#3647,#3666));
#3416 = ORIENTED_EDGE('',*,*,#3417,.T.);
#3417 = EDGE_CURVE('',#3164,#3418,#3420,.T.);
#3418 = VERTEX_POINT('',#3419);
#3419 = CARTESIAN_POINT('',(140.9618,349.7580888982,110.5715405291));
#3420 = SURFACE_CURVE('',#3421,(#3424,#3431),.PCURVE_S1.);
#3421 = B_SPLINE_CURVE_WITH_KNOTS('',1,(#3422,#3423),.UNSPECIFIED.,.F.,
  .F.,(2,2),(12.,13.),.PIECEWISE_BEZIER_KNOTS.);
#3422 = CARTESIAN_POINT('',(140.9618,350.13920232088,110.63423139546));
#3423 = CARTESIAN_POINT('',(140.9618,349.7580888982,110.5715405291));
#3424 = PCURVE('',#3260,#3425);
#3425 = DEFINITIONAL_REPRESENTATION('',(#3426),#3430);
#3426 = LINE('',#3427,#3428);
#3427 = CARTESIAN_POINT('',(0.,0.));
#3428 = VECTOR('',#3429,1.);
#3429 = DIRECTION('',(1.,0.));
#3430 = ( GEOMETRIC_REPRESENTATION_CONTEXT(2) 
PARAMETRIC_REPRESENTATION_CONTEXT() REPRESENTATION_CONTEXT('2D SPACE',''
  ) );
#3431 = PCURVE('',#165,#3432);
#3432 = DEFINITIONAL_REPRESENTATION('',(#3433),#3436);
#3433 = B_SPLINE_CURVE_WITH_KNOTS('',1,(#3434,#3435),.UNSPECIFIED.,.F.,
  .F.,(2,2),(12.,13.),.PIECEWISE_BEZIER_KNOTS.);
#3434 = CARTESIAN_POINT('',(4.634685746659,8.771935399919E-02));
#3435 = CARTESIAN_POINT('',(5.020712525334,7.503425182374E-02));
#3436 = ( GEOMETRIC_REPRESENTATION_CONTEXT(2) 
PARAMETRIC_REPRESENTATION_CONTEXT() REPRESENTATION_CONTEXT('2D SPACE',''
  ) );
#3437 = ORIENTED_EDGE('',*,*,#3438,.T.);
#3438 = EDGE_CURVE('',#3418,#3439,#3441,.T.);
#3439 = VERTEX_POINT('',#3440);
#3440 = CARTESIAN_POINT('',(397.6403,345.89364792192,111.08248954332));
#3441 = SURFACE_CURVE('',#3442,(#3506,#3513),.PCURVE_S1.);
#3442 = ( BOUNDED_CURVE() B_SPLINE_CURVE(3,(#3443,#3444,#3445,#3446,
    #3447,#3448,#3449,#3450,#3451,#3452,#3453,#3454,#3455,#3456,#3457,
    #3458,#3459,#3460,#3461,#3462,#3463,#3464,#3465,#3466,#3467,#3468,
    #3469,#3470,#3471,#3472,#3473,#3474,#3475,#3476,#3477,#3478,#3479,
    #3480,#3481,#3482,#3483,#3484,#3485,#3486,#3487,#3488,#3489,#3490,
    #3491,#3492,#3493,#3494,#3495,#3496,#3497,#3498,#3499,#3500,#3501,
    #3502,#3503,#3504,#3505),.UNSPECIFIED.,.F.,.F.) 
B_SPLINE_CURVE_WITH_KNOTS((4,1,1,1,1,1,1,1,1,1,1,1,1,1,1,1,1,1,1,1,1,1,1
    ,1,1,1,1,1,1,1,1,1,1,1,1,1,1,1,1,1,1,1,1,1,1,1,1,1,1,1,1,1,1,1,1,1,1
    ,1,1,1,4),(0.,1.671834126768E-02,3.328707673398E-02,
    5.001744466419E-02,6.648650714478E-02,8.348892901119E-02,
    9.999486964001E-02,0.11646941087,0.133815549619,0.150618938677,
    0.167038735703,0.183454077407,0.199862498306,0.216272023155,
    0.232682039048,0.249094136,0.265517101832,0.28195250261,
    0.298446383618,0.315002877417,0.331625113939,0.348307612691,
    0.365035992875,0.381711213613,0.398301880653,0.414823418335,
    0.431326889702,0.448164125522,0.464772555536,0.481574851679,
    0.498833916597,0.516076325801,0.532869467448,0.550364700599,
    0.567182918644,0.58368017293,0.60020088702,0.616790522208,
    0.633466402799,0.650196996519,0.66688122827,0.683506031496,
    0.700063533111,0.716557401724,0.732992840875,0.749415744672,
    0.765827967007,0.78223726506,0.798647812608,0.815056815176,
    0.831475231221,0.84789937286,0.864694545606,0.881987572306,
    0.898456926779,0.91536479181,0.932301655256,0.949102498792,
0.966203962862,0.982810298735,1.),.UNSPECIFIED.) CURVE() 
GEOMETRIC_REPRESENTATION_ITEM() RATIONAL_B_SPLINE_CURVE((1.,
    1.000000000007,0.999999999997,1.000000000001,1.,1.,1.,1.,1.,1.,1.,1.
    ,1.,1.,1.,1.,1.,1.,1.,1.,1.,1.,1.,1.,1.,1.,1.,1.,1.,1.,1.,1.,1.,1.,
    1.,1.,1.,1.,1.,1.,1.,1.,1.,1.,1.,1.,1.,1.,1.,1.,1.,1.,1.,1.,1.,1.,1.
    ,1.,1.000000000001,0.999999999996,1.000000000014,0.999999999969,1.))
 REPRESENTATION_ITEM('') );
#3443 = CARTESIAN_POINT('',(140.9618,349.7580888982,110.5715405291));
#3444 = CARTESIAN_POINT('',(142.09540904743,347.34373937609,
    110.34413883029));
#3445 = CARTESIAN_POINT('',(145.34352279277,349.83757783371,
    110.66107320321));
#3446 = CARTESIAN_POINT('',(149.51920541273,348.4404465744,
    110.47247096984));
#3447 = CARTESIAN_POINT('',(153.74675028087,347.32236218984,
    110.47188342126));
#3448 = CARTESIAN_POINT('',(158.17058310233,347.42134401291,
    110.64719872353));
#3449 = CARTESIAN_POINT('',(162.26698448152,345.55593434676,
    110.45341389267));
#3450 = CARTESIAN_POINT('',(166.61873526807,345.95535975863,
    110.55041204082));
#3451 = CARTESIAN_POINT('',(171.05025168138,345.43369965476,
    110.58181054739));
#3452 = CARTESIAN_POINT('',(175.09238100893,346.42887611448,
    110.71420446406));
#3453 = CARTESIAN_POINT('',(179.41643525083,345.82085719016,
    110.57411393326));
#3454 = CARTESIAN_POINT('',(183.74465399728,345.93210878555,
    110.54286680618));
#3455 = CARTESIAN_POINT('',(188.01748830499,345.76449812636,
    110.44509327423));
#3456 = CARTESIAN_POINT('',(192.29804434258,345.83879915578,
    110.39947092709));
#3457 = CARTESIAN_POINT('',(196.57544693057,345.78103481352,
    110.3141756779));
#3458 = CARTESIAN_POINT('',(200.85359337877,345.73886889481,
    110.21288947781));
#3459 = CARTESIAN_POINT('',(205.13313267918,345.81645178953,
    110.12669120452));
#3460 = CARTESIAN_POINT('',(209.41029445154,346.01402977363,
    110.05333837731));
#3461 = CARTESIAN_POINT('',(213.69566833045,346.14346298331,
    109.96503190473));
#3462 = CARTESIAN_POINT('',(217.97323994091,346.57704662245,
    109.96645112799));
#3463 = CARTESIAN_POINT('',(222.25201002744,347.10113507601,
    110.0010894791));
#3464 = CARTESIAN_POINT('',(226.52878947893,347.69014614525,
    110.04457389893));
#3465 = CARTESIAN_POINT('',(230.80631705996,348.36646183383,
    110.06532229642));
#3466 = CARTESIAN_POINT('',(235.06961741834,349.17254324675,
    110.07985684079));
#3467 = CARTESIAN_POINT('',(239.34364675972,349.91047948329,
    110.05558694867));
#3468 = CARTESIAN_POINT('',(243.62590118763,350.51154183234,
    110.04830953168));
#3469 = CARTESIAN_POINT('',(247.90145862716,350.94143545001,
    110.18041294291));
#3470 = CARTESIAN_POINT('',(252.24748803221,351.26706819743,
    110.11621952154));
#3471 = CARTESIAN_POINT('',(256.42226459116,350.05712907068,
    110.66383818362));
#3472 = CARTESIAN_POINT('',(260.774587196,350.65062133234,
    110.92826242885));
#3473 = CARTESIAN_POINT('',(265.08553351846,349.80907493038,
    111.39385025382));
#3474 = CARTESIAN_POINT('',(269.30435854157,347.93220564872,
    111.45381185163));
#3475 = CARTESIAN_POINT('',(273.49463672784,346.05438330487,
    111.97611811127));
#3476 = CARTESIAN_POINT('',(277.98553204283,345.2103436907,
    111.84726594935));
#3477 = CARTESIAN_POINT('',(282.02098866206,342.6199682802,
    112.01253847346));
#3478 = CARTESIAN_POINT('',(286.37785805657,341.16673342931,
    112.07594954825));
#3479 = CARTESIAN_POINT('',(290.69560185407,340.84024610505,
    112.45339166128));
#3480 = CARTESIAN_POINT('',(294.97762712103,340.44457815106,
    112.63926399346));
#3481 = CARTESIAN_POINT('',(299.25829278307,340.22828908394,
    112.88674604775));
#3482 = CARTESIAN_POINT('',(303.53281780748,340.05432670355,
    113.14984732312));
#3483 = CARTESIAN_POINT('',(307.79563331651,339.99566629988,
    113.33076992331));
#3484 = CARTESIAN_POINT('',(312.07349323989,339.9318309107,
    113.53983094508));
#3485 = CARTESIAN_POINT('',(316.34983972698,339.87797389797,
    113.77458504164));
#3486 = CARTESIAN_POINT('',(320.62873034613,339.81331608508,
    113.96737750586));
#3487 = CARTESIAN_POINT('',(324.90645535717,339.72826489614,
    114.13053217387));
#3488 = CARTESIAN_POINT('',(329.19177427478,339.59310437814,
    114.21806283484));
#3489 = CARTESIAN_POINT('',(333.46902839726,339.5608936496,
    114.20141645846));
#3490 = CARTESIAN_POINT('',(337.74832561117,339.52810768526,
    114.11079866677));
#3491 = CARTESIAN_POINT('',(342.02697062847,339.5172430054,
    114.01707368077));
#3492 = CARTESIAN_POINT('',(346.30391351544,339.67721215243,
    113.91036846468));
#3493 = CARTESIAN_POINT('',(350.58496238288,339.72954139937,
    113.83724370695));
#3494 = CARTESIAN_POINT('',(354.8577723004,340.10920861707,
    113.70384622871));
#3495 = CARTESIAN_POINT('',(359.18388688825,339.99039192928,
    113.60342338265));
#3496 = CARTESIAN_POINT('',(363.5052046971,341.48782083559,
    113.13229995879));
#3497 = CARTESIAN_POINT('',(367.54865046447,344.63285358176,
    112.41125028079));
#3498 = CARTESIAN_POINT('',(372.05847150757,344.03695702793,
    112.24644688916));
#3499 = CARTESIAN_POINT('',(376.24564436291,346.76048075873,
    111.66967318218));
#3500 = CARTESIAN_POINT('',(380.50353796332,347.03790390829,
    111.37944115788));
#3501 = CARTESIAN_POINT('',(384.85798865987,346.70189418172,
    111.30274105042));
#3502 = CARTESIAN_POINT('',(389.02722072527,345.74038869511,
    111.32545079777));
#3503 = CARTESIAN_POINT('',(393.32393006004,346.42653307938,
    111.11552790132));
#3504 = CARTESIAN_POINT('',(396.53994441614,348.54519271616,
    110.84102999919));
#3505 = CARTESIAN_POINT('',(397.6403,345.89364792192,111.08248954332));
#3506 = PCURVE('',#3260,#3507);
#3507 = DEFINITIONAL_REPRESENTATION('',(#3508),#3512);
#3508 = LINE('',#3509,#3510);
#3509 = CARTESIAN_POINT('',(13.,0.));
#3510 = VECTOR('',#3511,1.);
#3511 = DIRECTION('',(0.,1.));
#3512 = ( GEOMETRIC_REPRESENTATION_CONTEXT(2) 
PARAMETRIC_REPRESENTATION_CONTEXT() REPRESENTATION_CONTEXT('2D SPACE',''
  ) );
#3513 = PCURVE('',#3514,#3641);
#3514 = ( BOUNDED_SURFACE() B_SPLINE_SURFACE(1,3,(
    (#3515,#3516,#3517,#3518,#3519,#3520,#3521,#3522,#3523,#3524,#3525
      ,#3526,#3527,#3528,#3529,#3530,#3531,#3532,#3533,#3534,#3535,#3536
      ,#3537,#3538,#3539,#3540,#3541,#3542,#3543,#3544,#3545,#3546,#3547
      ,#3548,#3549,#3550,#3551,#3552,#3553,#3554,#3555,#3556,#3557,#3558
      ,#3559,#3560,#3561,#3562,#3563,#3564,#3565,#3566,#3567,#3568,#3569
      ,#3570,#3571,#3572,#3573,#3574,#3575,#3576,#3577)
    ,(#3578,#3579,#3580,#3581,#3582,#3583,#3584,#3585,#3586,#3587,#3588
      ,#3589,#3590,#3591,#3592,#3593,#3594,#3595,#3596,#3597,#3598,#3599
      ,#3600,#3601,#3602,#3603,#3604,#3605,#3606,#3607,#3608,#3609,#3610
      ,#3611,#3612,#3613,#3614,#3615,#3616,#3617,#3618,#3619,#3620,#3621
      ,#3622,#3623,#3624,#3625,#3626,#3627,#3628,#3629,#3630,#3631,#3632
      ,#3633,#3634,#3635,#3636,#3637,#3638,#3639,#3640
)),.UNSPECIFIED.,.F.,.F.,.F.) B_SPLINE_SURFACE_WITH_KNOTS((2,2),(4,1,1,1
    ,1,1,1,1,1,1,1,1,1,1,1,1,1,1,1,1,1,1,1,1,1,1,1,1,1,1,1,1,1,1,1,1,1,1
    ,1,1,1,1,1,1,1,1,1,1,1,1,1,1,1,1,1,1,1,1,1,1,4),(13.,14.),(0.,
    1.671834126768E-02,3.328707673398E-02,5.001744466419E-02,
    6.648650714478E-02,8.348892901119E-02,9.999486964001E-02,
    0.11646941087,0.133815549619,0.150618938677,0.167038735703,
    0.183454077407,0.199862498306,0.216272023155,0.232682039048,
    0.249094136,0.265517101832,0.28195250261,0.298446383618,
    0.315002877417,0.331625113939,0.348307612691,0.365035992875,
    0.381711213613,0.398301880653,0.414823418335,0.431326889702,
    0.448164125522,0.464772555536,0.481574851679,0.498833916597,
    0.516076325801,0.532869467448,0.550364700599,0.567182918644,
    0.58368017293,0.60020088702,0.616790522208,0.633466402799,
    0.650196996519,0.66688122827,0.683506031496,0.700063533111,
    0.716557401724,0.732992840875,0.749415744672,0.765827967007,
    0.78223726506,0.798647812608,0.815056815176,0.831475231221,
    0.84789937286,0.864694545606,0.881987572306,0.898456926779,
    0.91536479181,0.932301655256,0.949102498792,0.966203962862,
0.982810298735,1.),.UNSPECIFIED.) GEOMETRIC_REPRESENTATION_ITEM() 
RATIONAL_B_SPLINE_SURFACE((
    (1.,1.000000000007,0.999999999997,1.000000000001,1.,1.,1.,1.,1.,1.
      ,1.,1.,1.,1.,1.,1.,1.,1.,1.,1.,1.,1.,1.,1.,1.,1.,1.,1.,1.,1.,1.,1.
      ,1.,1.,1.,1.,1.,1.,1.,1.,1.,1.,1.,1.,1.,1.,1.,1.,1.,1.,1.,1.,1.,1.
      ,1.,1.,1.,1.,1.000000000001,0.999999999996,1.000000000014
      ,0.999999999969,1.)
    ,(1.,1.000000000007,0.999999999997,1.000000000001,1.,1.,1.,1.,1.,1.
      ,1.,1.,1.,1.,1.,1.,1.,1.,1.,1.,1.,1.,1.,1.,1.,1.,1.,1.,1.,1.,1.,1.
      ,1.,1.,1.,1.,1.,1.,1.,1.,1.,1.,1.,1.,1.,1.,1.,1.,1.,1.,1.,1.,1.,1.
      ,1.,1.,1.,1.,1.000000000001,0.999999999996,1.000000000014
,0.999999999969,1.))) REPRESENTATION_ITEM('') SURFACE() );
#3515 = CARTESIAN_POINT('',(140.9618,349.7580888982,110.5715405291));
#3516 = CARTESIAN_POINT('',(142.09540904743,347.34373937609,
    110.34413883029));
#3517 = CARTESIAN_POINT('',(145.34352279277,349.83757783371,
    110.66107320321));
#3518 = CARTESIAN_POINT('',(149.51920541273,348.4404465744,
    110.47247096984));
#3519 = CARTESIAN_POINT('',(153.74675028087,347.32236218984,
    110.47188342126));
#3520 = CARTESIAN_POINT('',(158.17058310233,347.42134401291,
    110.64719872353));
#3521 = CARTESIAN_POINT('',(162.26698448152,345.55593434676,
    110.45341389267));
#3522 = CARTESIAN_POINT('',(166.61873526807,345.95535975863,
    110.55041204082));
#3523 = CARTESIAN_POINT('',(171.05025168138,345.43369965476,
    110.58181054739));
#3524 = CARTESIAN_POINT('',(175.09238100893,346.42887611448,
    110.71420446406));
#3525 = CARTESIAN_POINT('',(179.41643525083,345.82085719016,
    110.57411393326));
#3526 = CARTESIAN_POINT('',(183.74465399728,345.93210878555,
    110.54286680618));
#3527 = CARTESIAN_POINT('',(188.01748830499,345.76449812636,
    110.44509327423));
#3528 = CARTESIAN_POINT('',(192.29804434258,345.83879915578,
    110.39947092709));
#3529 = CARTESIAN_POINT('',(196.57544693057,345.78103481352,
    110.3141756779));
#3530 = CARTESIAN_POINT('',(200.85359337877,345.73886889481,
    110.21288947781));
#3531 = CARTESIAN_POINT('',(205.13313267918,345.81645178953,
    110.12669120452));
#3532 = CARTESIAN_POINT('',(209.41029445154,346.01402977363,
    110.05333837731));
#3533 = CARTESIAN_POINT('',(213.69566833045,346.14346298331,
    109.96503190473));
#3534 = CARTESIAN_POINT('',(217.97323994091,346.57704662245,
    109.96645112799));
#3535 = CARTESIAN_POINT('',(222.25201002744,347.10113507601,
    110.0010894791));
#3536 = CARTESIAN_POINT('',(226.52878947893,347.69014614525,
    110.04457389893));
#3537 = CARTESIAN_POINT('',(230.80631705996,348.36646183383,
    110.06532229642));
#3538 = CARTESIAN_POINT('',(235.06961741834,349.17254324675,
    110.07985684079));
#3539 = CARTESIAN_POINT('',(239.34364675972,349.91047948329,
    110.05558694867));
#3540 = CARTESIAN_POINT('',(243.62590118763,350.51154183234,
    110.04830953168));
#3541 = CARTESIAN_POINT('',(247.90145862716,350.94143545001,
    110.18041294291));
#3542 = CARTESIAN_POINT('',(252.24748803221,351.26706819743,
    110.11621952154));
#3543 = CARTESIAN_POINT('',(256.42226459116,350.05712907068,
    110.66383818362));
#3544 = CARTESIAN_POINT('',(260.774587196,350.65062133234,
    110.92826242885));
#3545 = CARTESIAN_POINT('',(265.08553351846,349.80907493038,
    111.39385025382));
#3546 = CARTESIAN_POINT('',(269.30435854157,347.93220564872,
    111.45381185163));
#3547 = CARTESIAN_POINT('',(273.49463672784,346.05438330487,
    111.97611811127));
#3548 = CARTESIAN_POINT('',(277.98553204283,345.2103436907,
    111.84726594935));
#3549 = CARTESIAN_POINT('',(282.02098866206,342.6199682802,
    112.01253847346));
#3550 = CARTESIAN_POINT('',(286.37785805657,341.16673342931,
    112.07594954825));
#3551 = CARTESIAN_POINT('',(290.69560185407,340.84024610505,
    112.45339166128));
#3552 = CARTESIAN_POINT('',(294.97762712103,340.44457815106,
    112.63926399346));
#3553 = CARTESIAN_POINT('',(299.25829278307,340.22828908394,
    112.88674604775));
#3554 = CARTESIAN_POINT('',(303.53281780748,340.05432670355,
    113.14984732312));
#3555 = CARTESIAN_POINT('',(307.79563331651,339.99566629988,
    113.33076992331));
#3556 = CARTESIAN_POINT('',(312.07349323989,339.9318309107,
    113.53983094508));
#3557 = CARTESIAN_POINT('',(316.34983972698,339.87797389797,
    113.77458504164));
#3558 = CARTESIAN_POINT('',(320.62873034613,339.81331608508,
    113.96737750586));
#3559 = CARTESIAN_POINT('',(324.90645535717,339.72826489614,
    114.13053217387));
#3560 = CARTESIAN_POINT('',(329.19177427478,339.59310437814,
    114.21806283484));
#3561 = CARTESIAN_POINT('',(333.46902839726,339.5608936496,
    114.20141645846));
#3562 = CARTESIAN_POINT('',(337.74832561117,339.52810768526,
    114.11079866677));
#3563 = CARTESIAN_POINT('',(342.02697062847,339.5172430054,
    114.01707368077));
#3564 = CARTESIAN_POINT('',(346.30391351544,339.67721215243,
    113.91036846468));
#3565 = CARTESIAN_POINT('',(350.58496238288,339.72954139937,
    113.83724370695));
#3566 = CARTESIAN_POINT('',(354.8577723004,340.10920861707,
    113.70384622871));
#3567 = CARTESIAN_POINT('',(359.18388688825,339.99039192928,
    113.60342338265));
#3568 = CARTESIAN_POINT('',(363.5052046971,341.48782083559,
    113.13229995879));
#3569 = CARTESIAN_POINT('',(367.54865046447,344.63285358176,
    112.41125028079));
#3570 = CARTESIAN_POINT('',(372.05847150757,344.03695702793,
    112.24644688916));
#3571 = CARTESIAN_POINT('',(376.24564436291,346.76048075873,
    111.66967318218));
#3572 = CARTESIAN_POINT('',(380.50353796332,347.03790390829,
    111.37944115788));
#3573 = CARTESIAN_POINT('',(384.85798865987,346.70189418172,
    111.30274105042));
#3574 = CARTESIAN_POINT('',(389.02722072527,345.74038869511,
    111.32545079777));
#3575 = CARTESIAN_POINT('',(393.32393006004,346.42653307938,
    111.11552790132));
#3576 = CARTESIAN_POINT('',(396.53994441614,348.54519271616,
    110.84102999919));
#3577 = CARTESIAN_POINT('',(397.6403,345.89364792192,111.08248954332));
#3578 = CARTESIAN_POINT('',(140.9618,349.37696789606,110.50890780067));
#3579 = CARTESIAN_POINT('',(142.09540904743,346.76812965896,
    110.2130679279));
#3580 = CARTESIAN_POINT('',(145.34352279277,349.3938865622,
    110.59481665376));
#3581 = CARTESIAN_POINT('',(149.51920541273,347.81103104118,
    110.37163331462));
#3582 = CARTESIAN_POINT('',(153.74675028087,346.65076687466,
    110.35794793866));
#3583 = CARTESIAN_POINT('',(158.17058310233,346.79334080447,
    110.54941530089));
#3584 = CARTESIAN_POINT('',(162.26698448152,344.69134867589,
    110.29817873397));
#3585 = CARTESIAN_POINT('',(166.61873526807,345.04374206948,
    110.39566266084));
#3586 = CARTESIAN_POINT('',(171.05025168138,344.49023651595,
    110.39001188013));
#3587 = CARTESIAN_POINT('',(175.09238100893,345.29220393008,
    110.48279112554));
#3588 = CARTESIAN_POINT('',(179.41643525083,344.50430464531,
    110.29799141678));
#3589 = CARTESIAN_POINT('',(183.74465399728,344.62564290074,
    110.26040586818));
#3590 = CARTESIAN_POINT('',(188.01748830499,344.42168684852,
    110.14649651585));
#3591 = CARTESIAN_POINT('',(192.29804434258,344.4935391077,
    110.09241560605));
#3592 = CARTESIAN_POINT('',(196.57544693057,344.42500635697,
    109.98731340739));
#3593 = CARTESIAN_POINT('',(200.85359337877,344.3809247455,
    109.8600381655));
#3594 = CARTESIAN_POINT('',(205.13313267918,344.46815924791,
    109.75607860969));
#3595 = CARTESIAN_POINT('',(209.41029445154,344.69609161964,
    109.65094145987));
#3596 = CARTESIAN_POINT('',(213.69566833045,344.85276007769,
    109.54427511224));
#3597 = CARTESIAN_POINT('',(217.97323994091,345.34161419338,
    109.53564983929));
#3598 = CARTESIAN_POINT('',(222.25201002744,345.93126913475,
    109.55987018921));
#3599 = CARTESIAN_POINT('',(226.52878947893,346.60975168006,
    109.56981093987));
#3600 = CARTESIAN_POINT('',(230.80631705996,347.37469657771,
    109.5740520469));
#3601 = CARTESIAN_POINT('',(235.06961741834,348.28698011807,
    109.5580087807));
#3602 = CARTESIAN_POINT('',(239.34364675972,349.12171089632,
    109.52066958924));
#3603 = CARTESIAN_POINT('',(243.62590118763,349.80714331329,
    109.52541048882));
#3604 = CARTESIAN_POINT('',(247.90145862716,350.31265725182,
    109.69347278692));
#3605 = CARTESIAN_POINT('',(252.24748803221,350.65946429319,
    109.72422854268));
#3606 = CARTESIAN_POINT('',(256.42226459116,349.61250894912,
    110.19286548851));
#3607 = CARTESIAN_POINT('',(260.774587196,350.32837212896,
    110.45099388302));
#3608 = CARTESIAN_POINT('',(265.08553351846,349.58114073722,
    110.81519468299));
#3609 = CARTESIAN_POINT('',(269.30435854157,347.90192650487,
    110.89143077871));
#3610 = CARTESIAN_POINT('',(273.49463672784,346.2043943178,
    111.30094597682));
#3611 = CARTESIAN_POINT('',(277.98553204283,345.41510683472,
    111.25526662994));
#3612 = CARTESIAN_POINT('',(282.02098866206,342.90720476948,
    111.39232393458));
#3613 = CARTESIAN_POINT('',(286.37785805657,341.58309755946,
    111.49737020868));
#3614 = CARTESIAN_POINT('',(290.69560185407,341.30211081276,
    111.81074767872));
#3615 = CARTESIAN_POINT('',(294.97762712103,341.01919689176,
    111.98585825327));
#3616 = CARTESIAN_POINT('',(299.25829278307,340.90933052278,
    112.23324950418));
#3617 = CARTESIAN_POINT('',(303.53281780748,340.87115307698,
    112.54207477302));
#3618 = CARTESIAN_POINT('',(307.79563331651,340.94841068279,
    112.78857767086));
#3619 = CARTESIAN_POINT('',(312.07349323989,340.99607333355,
    113.06164701606));
#3620 = CARTESIAN_POINT('',(316.34983972698,341.05743784157,
    113.38003856125));
#3621 = CARTESIAN_POINT('',(320.62873034613,341.07791638304,
    113.64079121571));
#3622 = CARTESIAN_POINT('',(324.90645535717,341.05412087473,
    113.84462351364));
#3623 = CARTESIAN_POINT('',(329.19177427478,340.95220089406,
    113.97070226545));
#3624 = CARTESIAN_POINT('',(333.46902839726,340.94379987228,
    113.97598788126));
#3625 = CARTESIAN_POINT('',(337.74832561117,340.91715950188,
    113.90362812144));
#3626 = CARTESIAN_POINT('',(342.02697062847,340.90501084946,
    113.82989679399));
#3627 = CARTESIAN_POINT('',(346.30391351544,341.04418496247,
    113.72824260011));
#3628 = CARTESIAN_POINT('',(350.58496238288,341.092699978,
    113.66874109981));
#3629 = CARTESIAN_POINT('',(354.8577723004,341.43354838653,
    113.52643722886));
#3630 = CARTESIAN_POINT('',(359.18388688825,341.29247757213,
    113.41031659518));
#3631 = CARTESIAN_POINT('',(363.5052046971,342.68458876563,
    112.93513683719));
#3632 = CARTESIAN_POINT('',(367.54865046447,345.62978793995,
    112.24825021405));
#3633 = CARTESIAN_POINT('',(372.05847150757,345.02260749763,
    112.0686383337));
#3634 = CARTESIAN_POINT('',(376.24564436291,347.5913020444,
    111.5260033083));
#3635 = CARTESIAN_POINT('',(380.50353796332,347.68648594344,
    111.27430995529));
#3636 = CARTESIAN_POINT('',(384.85798865987,347.31272091688,
    111.21267213277));
#3637 = CARTESIAN_POINT('',(389.02722072527,346.29135913651,
    111.24489597088));
#3638 = CARTESIAN_POINT('',(393.32393006004,346.81750871714,
    111.05870532348));
#3639 = CARTESIAN_POINT('',(396.53994441614,348.93662742406,
    110.79238063096));
#3640 = CARTESIAN_POINT('',(397.6403,346.2636864892,111.03442588226));
#3641 = DEFINITIONAL_REPRESENTATION('',(#3642),#3646);
#3642 = LINE('',#3643,#3644);
#3643 = CARTESIAN_POINT('',(13.,0.));
#3644 = VECTOR('',#3645,1.);
#3645 = DIRECTION('',(0.,1.));
#3646 = ( GEOMETRIC_REPRESENTATION_CONTEXT(2) 
PARAMETRIC_REPRESENTATION_CONTEXT() REPRESENTATION_CONTEXT('2D SPACE',''
  ) );
#3647 = ORIENTED_EDGE('',*,*,#3648,.F.);
#3648 = EDGE_CURVE('',#3185,#3439,#3649,.T.);
#3649 = SURFACE_CURVE('',#3650,(#3653,#3660),.PCURVE_S1.);
#3650 = B_SPLINE_CURVE_WITH_KNOTS('',1,(#3651,#3652),.UNSPECIFIED.,.F.,
  .F.,(2,2),(12.,13.),.PIECEWISE_BEZIER_KNOTS.);
#3651 = CARTESIAN_POINT('',(397.6403,345.52360935464,111.13055320438));
#3652 = CARTESIAN_POINT('',(397.6403,345.89364792192,111.08248954332));
#3653 = PCURVE('',#3260,#3654);
#3654 = DEFINITIONAL_REPRESENTATION('',(#3655),#3659);
#3655 = LINE('',#3656,#3657);
#3656 = CARTESIAN_POINT('',(0.,1.));
#3657 = VECTOR('',#3658,1.);
#3658 = DIRECTION('',(1.,0.));
#3659 = ( GEOMETRIC_REPRESENTATION_CONTEXT(2) 
PARAMETRIC_REPRESENTATION_CONTEXT() REPRESENTATION_CONTEXT('2D SPACE',''
  ) );
#3660 = PCURVE('',#401,#3661);
#3661 = DEFINITIONAL_REPRESENTATION('',(#3662),#3665);
#3662 = B_SPLINE_CURVE_WITH_KNOTS('',1,(#3663,#3664),.UNSPECIFIED.,.F.,
  .F.,(2,2),(12.,13.),.PIECEWISE_BEZIER_KNOTS.);
#3663 = CARTESIAN_POINT('',(3.80062865322,1.110771710495E-02));
#3664 = CARTESIAN_POINT('',(3.427592687503,2.020854518486E-02));
#3665 = ( GEOMETRIC_REPRESENTATION_CONTEXT(2) 
PARAMETRIC_REPRESENTATION_CONTEXT() REPRESENTATION_CONTEXT('2D SPACE',''
  ) );
#3666 = ORIENTED_EDGE('',*,*,#3184,.F.);
#3667 = ADVANCED_FACE('',(#3668),#3514,.T.);
#3668 = FACE_BOUND('',#3669,.T.);
#3669 = EDGE_LOOP('',(#3670,#3691,#3901,#3920));
#3670 = ORIENTED_EDGE('',*,*,#3671,.T.);
#3671 = EDGE_CURVE('',#3418,#3672,#3674,.T.);
#3672 = VERTEX_POINT('',#3673);
#3673 = CARTESIAN_POINT('',(140.9618,349.37696789606,110.50890780067));
#3674 = SURFACE_CURVE('',#3675,(#3678,#3685),.PCURVE_S1.);
#3675 = B_SPLINE_CURVE_WITH_KNOTS('',1,(#3676,#3677),.UNSPECIFIED.,.F.,
  .F.,(2,2),(13.,14.),.PIECEWISE_BEZIER_KNOTS.);
#3676 = CARTESIAN_POINT('',(140.9618,349.7580888982,110.5715405291));
#3677 = CARTESIAN_POINT('',(140.9618,349.37696789606,110.50890780067));
#3678 = PCURVE('',#3514,#3679);
#3679 = DEFINITIONAL_REPRESENTATION('',(#3680),#3684);
#3680 = LINE('',#3681,#3682);
#3681 = CARTESIAN_POINT('',(0.,0.));
#3682 = VECTOR('',#3683,1.);
#3683 = DIRECTION('',(1.,0.));
#3684 = ( GEOMETRIC_REPRESENTATION_CONTEXT(2) 
PARAMETRIC_REPRESENTATION_CONTEXT() REPRESENTATION_CONTEXT('2D SPACE',''
  ) );
#3685 = PCURVE('',#165,#3686);
#3686 = DEFINITIONAL_REPRESENTATION('',(#3687),#3690);
#3687 = B_SPLINE_CURVE_WITH_KNOTS('',1,(#3688,#3689),.UNSPECIFIED.,.F.,
  .F.,(2,2),(13.,14.),.PIECEWISE_BEZIER_KNOTS.);
#3688 = CARTESIAN_POINT('',(5.020712525334,7.503425182374E-02));
#3689 = CARTESIAN_POINT('',(5.406739271993,6.240777955256E-02));
#3690 = ( GEOMETRIC_REPRESENTATION_CONTEXT(2) 
PARAMETRIC_REPRESENTATION_CONTEXT() REPRESENTATION_CONTEXT('2D SPACE',''
  ) );
#3691 = ORIENTED_EDGE('',*,*,#3692,.T.);
#3692 = EDGE_CURVE('',#3672,#3693,#3695,.T.);
#3693 = VERTEX_POINT('',#3694);
#3694 = CARTESIAN_POINT('',(397.6403,346.2636864892,111.03442588226));
#3695 = SURFACE_CURVE('',#3696,(#3760,#3767),.PCURVE_S1.);
#3696 = ( BOUNDED_CURVE() B_SPLINE_CURVE(3,(#3697,#3698,#3699,#3700,
    #3701,#3702,#3703,#3704,#3705,#3706,#3707,#3708,#3709,#3710,#3711,
    #3712,#3713,#3714,#3715,#3716,#3717,#3718,#3719,#3720,#3721,#3722,
    #3723,#3724,#3725,#3726,#3727,#3728,#3729,#3730,#3731,#3732,#3733,
    #3734,#3735,#3736,#3737,#3738,#3739,#3740,#3741,#3742,#3743,#3744,
    #3745,#3746,#3747,#3748,#3749,#3750,#3751,#3752,#3753,#3754,#3755,
    #3756,#3757,#3758,#3759),.UNSPECIFIED.,.F.,.F.) 
B_SPLINE_CURVE_WITH_KNOTS((4,1,1,1,1,1,1,1,1,1,1,1,1,1,1,1,1,1,1,1,1,1,1
    ,1,1,1,1,1,1,1,1,1,1,1,1,1,1,1,1,1,1,1,1,1,1,1,1,1,1,1,1,1,1,1,1,1,1
    ,1,1,1,4),(0.,1.671834126768E-02,3.328707673398E-02,
    5.001744466419E-02,6.648650714478E-02,8.348892901119E-02,
    9.999486964001E-02,0.11646941087,0.133815549619,0.150618938677,
    0.167038735703,0.183454077407,0.199862498306,0.216272023155,
    0.232682039048,0.249094136,0.265517101832,0.28195250261,
    0.298446383618,0.315002877417,0.331625113939,0.348307612691,
    0.365035992875,0.381711213613,0.398301880653,0.414823418335,
    0.431326889702,0.448164125522,0.464772555536,0.481574851679,
    0.498833916597,0.516076325801,0.532869467448,0.550364700599,
    0.567182918644,0.58368017293,0.60020088702,0.616790522208,
    0.633466402799,0.650196996519,0.66688122827,0.683506031496,
    0.700063533111,0.716557401724,0.732992840875,0.749415744672,
    0.765827967007,0.78223726506,0.798647812608,0.815056815176,
    0.831475231221,0.84789937286,0.864694545606,0.881987572306,
    0.898456926779,0.91536479181,0.932301655256,0.949102498792,
0.966203962862,0.982810298735,1.),.UNSPECIFIED.) CURVE() 
GEOMETRIC_REPRESENTATION_ITEM() RATIONAL_B_SPLINE_CURVE((1.,
    1.000000000007,0.999999999997,1.000000000001,1.,1.,1.,1.,1.,1.,1.,1.
    ,1.,1.,1.,1.,1.,1.,1.,1.,1.,1.,1.,1.,1.,1.,1.,1.,1.,1.,1.,1.,1.,1.,
    1.,1.,1.,1.,1.,1.,1.,1.,1.,1.,1.,1.,1.,1.,1.,1.,1.,1.,1.,1.,1.,1.,1.
    ,1.,1.000000000001,0.999999999996,1.000000000014,0.999999999969,1.))
 REPRESENTATION_ITEM('') );
#3697 = CARTESIAN_POINT('',(140.9618,349.37696789606,110.50890780067));
#3698 = CARTESIAN_POINT('',(142.09540904743,346.76812965896,
    110.2130679279));
#3699 = CARTESIAN_POINT('',(145.34352279277,349.3938865622,
    110.59481665376));
#3700 = CARTESIAN_POINT('',(149.51920541273,347.81103104118,
    110.37163331462));
#3701 = CARTESIAN_POINT('',(153.74675028087,346.65076687466,
    110.35794793866));
#3702 = CARTESIAN_POINT('',(158.17058310233,346.79334080447,
    110.54941530089));
#3703 = CARTESIAN_POINT('',(162.26698448152,344.69134867589,
    110.29817873397));
#3704 = CARTESIAN_POINT('',(166.61873526807,345.04374206948,
    110.39566266084));
#3705 = CARTESIAN_POINT('',(171.05025168138,344.49023651595,
    110.39001188013));
#3706 = CARTESIAN_POINT('',(175.09238100893,345.29220393008,
    110.48279112554));
#3707 = CARTESIAN_POINT('',(179.41643525083,344.50430464531,
    110.29799141678));
#3708 = CARTESIAN_POINT('',(183.74465399728,344.62564290074,
    110.26040586818));
#3709 = CARTESIAN_POINT('',(188.01748830499,344.42168684852,
    110.14649651585));
#3710 = CARTESIAN_POINT('',(192.29804434258,344.4935391077,
    110.09241560605));
#3711 = CARTESIAN_POINT('',(196.57544693057,344.42500635697,
    109.98731340739));
#3712 = CARTESIAN_POINT('',(200.85359337877,344.3809247455,
    109.8600381655));
#3713 = CARTESIAN_POINT('',(205.13313267918,344.46815924791,
    109.75607860969));
#3714 = CARTESIAN_POINT('',(209.41029445154,344.69609161964,
    109.65094145987));
#3715 = CARTESIAN_POINT('',(213.69566833045,344.85276007769,
    109.54427511224));
#3716 = CARTESIAN_POINT('',(217.97323994091,345.34161419338,
    109.53564983929));
#3717 = CARTESIAN_POINT('',(222.25201002744,345.93126913475,
    109.55987018921));
#3718 = CARTESIAN_POINT('',(226.52878947893,346.60975168006,
    109.56981093987));
#3719 = CARTESIAN_POINT('',(230.80631705996,347.37469657771,
    109.5740520469));
#3720 = CARTESIAN_POINT('',(235.06961741834,348.28698011807,
    109.5580087807));
#3721 = CARTESIAN_POINT('',(239.34364675972,349.12171089632,
    109.52066958924));
#3722 = CARTESIAN_POINT('',(243.62590118763,349.80714331329,
    109.52541048882));
#3723 = CARTESIAN_POINT('',(247.90145862716,350.31265725182,
    109.69347278692));
#3724 = CARTESIAN_POINT('',(252.24748803221,350.65946429319,
    109.72422854268));
#3725 = CARTESIAN_POINT('',(256.42226459116,349.61250894912,
    110.19286548851));
#3726 = CARTESIAN_POINT('',(260.774587196,350.32837212896,
    110.45099388302));
#3727 = CARTESIAN_POINT('',(265.08553351846,349.58114073722,
    110.81519468299));
#3728 = CARTESIAN_POINT('',(269.30435854157,347.90192650487,
    110.89143077871));
#3729 = CARTESIAN_POINT('',(273.49463672784,346.2043943178,
    111.30094597682));
#3730 = CARTESIAN_POINT('',(277.98553204283,345.41510683472,
    111.25526662994));
#3731 = CARTESIAN_POINT('',(282.02098866206,342.90720476948,
    111.39232393458));
#3732 = CARTESIAN_POINT('',(286.37785805657,341.58309755946,
    111.49737020868));
#3733 = CARTESIAN_POINT('',(290.69560185407,341.30211081276,
    111.81074767872));
#3734 = CARTESIAN_POINT('',(294.97762712103,341.01919689176,
    111.98585825327));
#3735 = CARTESIAN_POINT('',(299.25829278307,340.90933052278,
    112.23324950418));
#3736 = CARTESIAN_POINT('',(303.53281780748,340.87115307698,
    112.54207477302));
#3737 = CARTESIAN_POINT('',(307.79563331651,340.94841068279,
    112.78857767086));
#3738 = CARTESIAN_POINT('',(312.07349323989,340.99607333355,
    113.06164701606));
#3739 = CARTESIAN_POINT('',(316.34983972698,341.05743784157,
    113.38003856125));
#3740 = CARTESIAN_POINT('',(320.62873034613,341.07791638304,
    113.64079121571));
#3741 = CARTESIAN_POINT('',(324.90645535717,341.05412087473,
    113.84462351364));
#3742 = CARTESIAN_POINT('',(329.19177427478,340.95220089406,
    113.97070226545));
#3743 = CARTESIAN_POINT('',(333.46902839726,340.94379987228,
    113.97598788126));
#3744 = CARTESIAN_POINT('',(337.74832561117,340.91715950188,
    113.90362812144));
#3745 = CARTESIAN_POINT('',(342.02697062847,340.90501084946,
    113.82989679399));
#3746 = CARTESIAN_POINT('',(346.30391351544,341.04418496247,
    113.72824260011));
#3747 = CARTESIAN_POINT('',(350.58496238288,341.092699978,
    113.66874109981));
#3748 = CARTESIAN_POINT('',(354.8577723004,341.43354838653,
    113.52643722886));
#3749 = CARTESIAN_POINT('',(359.18388688825,341.29247757213,
    113.41031659518));
#3750 = CARTESIAN_POINT('',(363.5052046971,342.68458876563,
    112.93513683719));
#3751 = CARTESIAN_POINT('',(367.54865046447,345.62978793995,
    112.24825021405));
#3752 = CARTESIAN_POINT('',(372.05847150757,345.02260749763,
    112.0686383337));
#3753 = CARTESIAN_POINT('',(376.24564436291,347.5913020444,
    111.5260033083));
#3754 = CARTESIAN_POINT('',(380.50353796332,347.68648594344,
    111.27430995529));
#3755 = CARTESIAN_POINT('',(384.85798865987,347.31272091688,
    111.21267213277));
#3756 = CARTESIAN_POINT('',(389.02722072527,346.29135913651,
    111.24489597088));
#3757 = CARTESIAN_POINT('',(393.32393006004,346.81750871714,
    111.05870532348));
#3758 = CARTESIAN_POINT('',(396.53994441614,348.93662742406,
    110.79238063096));
#3759 = CARTESIAN_POINT('',(397.6403,346.2636864892,111.03442588226));
#3760 = PCURVE('',#3514,#3761);
#3761 = DEFINITIONAL_REPRESENTATION('',(#3762),#3766);
#3762 = LINE('',#3763,#3764);
#3763 = CARTESIAN_POINT('',(14.,0.));
#3764 = VECTOR('',#3765,1.);
#3765 = DIRECTION('',(0.,1.));
#3766 = ( GEOMETRIC_REPRESENTATION_CONTEXT(2) 
PARAMETRIC_REPRESENTATION_CONTEXT() REPRESENTATION_CONTEXT('2D SPACE',''
  ) );
#3767 = PCURVE('',#3768,#3895);
#3768 = ( BOUNDED_SURFACE() B_SPLINE_SURFACE(1,3,(
    (#3769,#3770,#3771,#3772,#3773,#3774,#3775,#3776,#3777,#3778,#3779
      ,#3780,#3781,#3782,#3783,#3784,#3785,#3786,#3787,#3788,#3789,#3790
      ,#3791,#3792,#3793,#3794,#3795,#3796,#3797,#3798,#3799,#3800,#3801
      ,#3802,#3803,#3804,#3805,#3806,#3807,#3808,#3809,#3810,#3811,#3812
      ,#3813,#3814,#3815,#3816,#3817,#3818,#3819,#3820,#3821,#3822,#3823
      ,#3824,#3825,#3826,#3827,#3828,#3829,#3830,#3831)
    ,(#3832,#3833,#3834,#3835,#3836,#3837,#3838,#3839,#3840,#3841,#3842
      ,#3843,#3844,#3845,#3846,#3847,#3848,#3849,#3850,#3851,#3852,#3853
      ,#3854,#3855,#3856,#3857,#3858,#3859,#3860,#3861,#3862,#3863,#3864
      ,#3865,#3866,#3867,#3868,#3869,#3870,#3871,#3872,#3873,#3874,#3875
      ,#3876,#3877,#3878,#3879,#3880,#3881,#3882,#3883,#3884,#3885,#3886
      ,#3887,#3888,#3889,#3890,#3891,#3892,#3893,#3894
)),.UNSPECIFIED.,.F.,.F.,.F.) B_SPLINE_SURFACE_WITH_KNOTS((2,2),(4,1,1,1
    ,1,1,1,1,1,1,1,1,1,1,1,1,1,1,1,1,1,1,1,1,1,1,1,1,1,1,1,1,1,1,1,1,1,1
    ,1,1,1,1,1,1,1,1,1,1,1,1,1,1,1,1,1,1,1,1,1,1,4),(14.,15.),(0.,
    1.671834126768E-02,3.328707673398E-02,5.001744466419E-02,
    6.648650714478E-02,8.348892901119E-02,9.999486964001E-02,
    0.11646941087,0.133815549619,0.150618938677,0.167038735703,
    0.183454077407,0.199862498306,0.216272023155,0.232682039048,
    0.249094136,0.265517101832,0.28195250261,0.298446383618,
    0.315002877417,0.331625113939,0.348307612691,0.365035992875,
    0.381711213613,0.398301880653,0.414823418335,0.431326889702,
    0.448164125522,0.464772555536,0.481574851679,0.498833916597,
    0.516076325801,0.532869467448,0.550364700599,0.567182918644,
    0.58368017293,0.60020088702,0.616790522208,0.633466402799,
    0.650196996519,0.66688122827,0.683506031496,0.700063533111,
    0.716557401724,0.732992840875,0.749415744672,0.765827967007,
    0.78223726506,0.798647812608,0.815056815176,0.831475231221,
    0.84789937286,0.864694545606,0.881987572306,0.898456926779,
    0.91536479181,0.932301655256,0.949102498792,0.966203962862,
0.982810298735,1.),.UNSPECIFIED.) GEOMETRIC_REPRESENTATION_ITEM() 
RATIONAL_B_SPLINE_SURFACE((
    (1.,1.000000000007,0.999999999997,1.000000000001,1.,1.,1.,1.,1.,1.
      ,1.,1.,1.,1.,1.,1.,1.,1.,1.,1.,1.,1.,1.,1.,1.,1.,1.,1.,1.,1.,1.,1.
      ,1.,1.,1.,1.,1.,1.,1.,1.,1.,1.,1.,1.,1.,1.,1.,1.,1.,1.,1.,1.,1.,1.
      ,1.,1.,1.,1.,1.000000000001,0.999999999996,1.000000000014
      ,0.999999999969,1.)
    ,(1.,1.000000000007,0.999999999997,1.000000000001,1.,1.,1.,1.,1.,1.
      ,1.,1.,1.,1.,1.,1.,1.,1.,1.,1.,1.,1.,1.,1.,1.,1.,1.,1.,1.,1.,1.,1.
      ,1.,1.,1.,1.,1.,1.,1.,1.,1.,1.,1.,1.,1.,1.,1.,1.,1.,1.,1.,1.,1.,1.
      ,1.,1.,1.,1.,1.000000000001,0.999999999996,1.000000000014
,0.999999999969,1.))) REPRESENTATION_ITEM('') SURFACE() );
#3769 = CARTESIAN_POINT('',(140.9618,349.37696789606,110.50890780067));
#3770 = CARTESIAN_POINT('',(142.09540904743,346.76812965896,
    110.2130679279));
#3771 = CARTESIAN_POINT('',(145.34352279277,349.3938865622,
    110.59481665376));
#3772 = CARTESIAN_POINT('',(149.51920541273,347.81103104118,
    110.37163331462));
#3773 = CARTESIAN_POINT('',(153.74675028087,346.65076687466,
    110.35794793866));
#3774 = CARTESIAN_POINT('',(158.17058310233,346.79334080447,
    110.54941530089));
#3775 = CARTESIAN_POINT('',(162.26698448152,344.69134867589,
    110.29817873397));
#3776 = CARTESIAN_POINT('',(166.61873526807,345.04374206948,
    110.39566266084));
#3777 = CARTESIAN_POINT('',(171.05025168138,344.49023651595,
    110.39001188013));
#3778 = CARTESIAN_POINT('',(175.09238100893,345.29220393008,
    110.48279112554));
#3779 = CARTESIAN_POINT('',(179.41643525083,344.50430464531,
    110.29799141678));
#3780 = CARTESIAN_POINT('',(183.74465399728,344.62564290074,
    110.26040586818));
#3781 = CARTESIAN_POINT('',(188.01748830499,344.42168684852,
    110.14649651585));
#3782 = CARTESIAN_POINT('',(192.29804434258,344.4935391077,
    110.09241560605));
#3783 = CARTESIAN_POINT('',(196.57544693057,344.42500635697,
    109.98731340739));
#3784 = CARTESIAN_POINT('',(200.85359337877,344.3809247455,
    109.8600381655));
#3785 = CARTESIAN_POINT('',(205.13313267918,344.46815924791,
    109.75607860969));
#3786 = CARTESIAN_POINT('',(209.41029445154,344.69609161964,
    109.65094145987));
#3787 = CARTESIAN_POINT('',(213.69566833045,344.85276007769,
    109.54427511224));
#3788 = CARTESIAN_POINT('',(217.97323994091,345.34161419338,
    109.53564983929));
#3789 = CARTESIAN_POINT('',(222.25201002744,345.93126913475,
    109.55987018921));
#3790 = CARTESIAN_POINT('',(226.52878947893,346.60975168006,
    109.56981093987));
#3791 = CARTESIAN_POINT('',(230.80631705996,347.37469657771,
    109.5740520469));
#3792 = CARTESIAN_POINT('',(235.06961741834,348.28698011807,
    109.5580087807));
#3793 = CARTESIAN_POINT('',(239.34364675972,349.12171089632,
    109.52066958924));
#3794 = CARTESIAN_POINT('',(243.62590118763,349.80714331329,
    109.52541048882));
#3795 = CARTESIAN_POINT('',(247.90145862716,350.31265725182,
    109.69347278692));
#3796 = CARTESIAN_POINT('',(252.24748803221,350.65946429319,
    109.72422854268));
#3797 = CARTESIAN_POINT('',(256.42226459116,349.61250894912,
    110.19286548851));
#3798 = CARTESIAN_POINT('',(260.774587196,350.32837212896,
    110.45099388302));
#3799 = CARTESIAN_POINT('',(265.08553351846,349.58114073722,
    110.81519468299));
#3800 = CARTESIAN_POINT('',(269.30435854157,347.90192650487,
    110.89143077871));
#3801 = CARTESIAN_POINT('',(273.49463672784,346.2043943178,
    111.30094597682));
#3802 = CARTESIAN_POINT('',(277.98553204283,345.41510683472,
    111.25526662994));
#3803 = CARTESIAN_POINT('',(282.02098866206,342.90720476948,
    111.39232393458));
#3804 = CARTESIAN_POINT('',(286.37785805657,341.58309755946,
    111.49737020868));
#3805 = CARTESIAN_POINT('',(290.69560185407,341.30211081276,
    111.81074767872));
#3806 = CARTESIAN_POINT('',(294.97762712103,341.01919689176,
    111.98585825327));
#3807 = CARTESIAN_POINT('',(299.25829278307,340.90933052278,
    112.23324950418));
#3808 = CARTESIAN_POINT('',(303.53281780748,340.87115307698,
    112.54207477302));
#3809 = CARTESIAN_POINT('',(307.79563331651,340.94841068279,
    112.78857767086));
#3810 = CARTESIAN_POINT('',(312.07349323989,340.99607333355,
    113.06164701606));
#3811 = CARTESIAN_POINT('',(316.34983972698,341.05743784157,
    113.38003856125));
#3812 = CARTESIAN_POINT('',(320.62873034613,341.07791638304,
    113.64079121571));
#3813 = CARTESIAN_POINT('',(324.90645535717,341.05412087473,
    113.84462351364));
#3814 = CARTESIAN_POINT('',(329.19177427478,340.95220089406,
    113.97070226545));
#3815 = CARTESIAN_POINT('',(333.46902839726,340.94379987228,
    113.97598788126));
#3816 = CARTESIAN_POINT('',(337.74832561117,340.91715950188,
    113.90362812144));
#3817 = CARTESIAN_POINT('',(342.02697062847,340.90501084946,
    113.82989679399));
#3818 = CARTESIAN_POINT('',(346.30391351544,341.04418496247,
    113.72824260011));
#3819 = CARTESIAN_POINT('',(350.58496238288,341.092699978,
    113.66874109981));
#3820 = CARTESIAN_POINT('',(354.8577723004,341.43354838653,
    113.52643722886));
#3821 = CARTESIAN_POINT('',(359.18388688825,341.29247757213,
    113.41031659518));
#3822 = CARTESIAN_POINT('',(363.5052046971,342.68458876563,
    112.93513683719));
#3823 = CARTESIAN_POINT('',(367.54865046447,345.62978793995,
    112.24825021405));
#3824 = CARTESIAN_POINT('',(372.05847150757,345.02260749763,
    112.0686383337));
#3825 = CARTESIAN_POINT('',(376.24564436291,347.5913020444,
    111.5260033083));
#3826 = CARTESIAN_POINT('',(380.50353796332,347.68648594344,
    111.27430995529));
#3827 = CARTESIAN_POINT('',(384.85798865987,347.31272091688,
    111.21267213277));
#3828 = CARTESIAN_POINT('',(389.02722072527,346.29135913651,
    111.24489597088));
#3829 = CARTESIAN_POINT('',(393.32393006004,346.81750871714,
    111.05870532348));
#3830 = CARTESIAN_POINT('',(396.53994441614,348.93662742406,
    110.79238063096));
#3831 = CARTESIAN_POINT('',(397.6403,346.2636864892,111.03442588226));
#3832 = CARTESIAN_POINT('',(140.9618,348.99516514308,110.45058245886));
#3833 = CARTESIAN_POINT('',(142.09540904743,346.18788035287,
    110.10621773894));
#3834 = CARTESIAN_POINT('',(145.34352279277,348.95164939213,
    110.52175238263));
#3835 = CARTESIAN_POINT('',(149.51920541273,347.18098924787,
    110.27440665701));
#3836 = CARTESIAN_POINT('',(153.74675028087,345.97825987656,
    110.24909063271));
#3837 = CARTESIAN_POINT('',(158.17058310233,346.16764670634,
    110.44042928226));
#3838 = CARTESIAN_POINT('',(162.26698448152,343.82777170626,
    110.13825179427));
#3839 = CARTESIAN_POINT('',(166.61873526807,344.13493492385,
    110.22737237084));
#3840 = CARTESIAN_POINT('',(171.05025168138,343.54792152421,
    110.19252329481));
#3841 = CARTESIAN_POINT('',(175.09238100893,344.15776031929,
    110.24054957299));
#3842 = CARTESIAN_POINT('',(179.41643525083,343.18746209855,
    110.02307437712));
#3843 = CARTESIAN_POINT('',(183.74465399728,343.31912119346,
    109.97738637637));
#3844 = CARTESIAN_POINT('',(188.01748830499,343.08038920731,
    109.84237332869));
#3845 = CARTESIAN_POINT('',(192.29804434258,343.1503204556,
    109.77668185986));
#3846 = CARTESIAN_POINT('',(196.57544693057,343.07120875675,
    109.65152573097));
#3847 = CARTESIAN_POINT('',(200.85359337877,343.02392577946,
    109.50240149819));
#3848 = CARTESIAN_POINT('',(205.13313267918,343.12510654178,
    109.36656880835));
#3849 = CARTESIAN_POINT('',(209.41029445154,343.37775198515,
    109.25019944357));
#3850 = CARTESIAN_POINT('',(213.69566833045,343.5655662898,
    109.11292889773));
#3851 = CARTESIAN_POINT('',(217.97323994091,344.11769198142,
    109.07678114638));
#3852 = CARTESIAN_POINT('',(222.25201002744,344.78142799713,
    109.07419299832));
#3853 = CARTESIAN_POINT('',(226.52878947893,345.54987002585,
    109.05558982616));
#3854 = CARTESIAN_POINT('',(230.80631705996,346.40200761079,
    109.04193945781));
#3855 = CARTESIAN_POINT('',(235.06961741834,347.42222835042,
    108.9982724975));
#3856 = CARTESIAN_POINT('',(239.34364675972,348.35480598835,
    108.95672774917));
#3857 = CARTESIAN_POINT('',(243.62590118763,349.12143518257,
    108.97995703264));
#3858 = CARTESIAN_POINT('',(247.90145862716,349.70160081182,
    109.18558118422));
#3859 = CARTESIAN_POINT('',(252.24748803221,350.07578597115,
    109.30137873278));
#3860 = CARTESIAN_POINT('',(256.42226459116,349.18613113781,
    109.6972434752));
#3861 = CARTESIAN_POINT('',(260.774587196,350.01639644968,
    109.96086408507));
#3862 = CARTESIAN_POINT('',(265.08553351846,349.35345221679,
    110.22420522244));
#3863 = CARTESIAN_POINT('',(269.30435854157,347.89119568195,
    110.34320139873));
#3864 = CARTESIAN_POINT('',(273.49463672784,346.39640570024,
    110.65851611716));
#3865 = CARTESIAN_POINT('',(277.98553204283,345.66371494259,
    110.69602418666));
#3866 = CARTESIAN_POINT('',(282.02098866206,343.24207023326,
    110.80557861723));
#3867 = CARTESIAN_POINT('',(286.37785805657,342.06863533443,
    110.9722297467));
#3868 = CARTESIAN_POINT('',(290.69560185407,341.79823374858,
    111.1883075387));
#3869 = CARTESIAN_POINT('',(294.97762712103,341.61617991486,
    111.35193980647));
#3870 = CARTESIAN_POINT('',(299.25829278307,341.61566943954,
    111.60718452861));
#3871 = CARTESIAN_POINT('',(303.53281780748,341.69755234634,
    111.94047091994));
#3872 = CARTESIAN_POINT('',(307.79563331651,341.89605468987,
    112.23620506388));
#3873 = CARTESIAN_POINT('',(312.07349323989,342.06213560774,
    112.56420053956));
#3874 = CARTESIAN_POINT('',(316.34983972698,342.21814617253,
    112.92415102665));
#3875 = CARTESIAN_POINT('',(320.62873034613,342.31328589909,
    113.21208512078));
#3876 = CARTESIAN_POINT('',(324.90645535717,342.35308638287,
    113.44365369551));
#3877 = CARTESIAN_POINT('',(329.19177427478,342.27847215016,
    113.58248987999));
#3878 = CARTESIAN_POINT('',(333.46902839726,342.29615070098,
    113.60684264297));
#3879 = CARTESIAN_POINT('',(337.74832561117,342.27876167999,
    113.5558055156));
#3880 = CARTESIAN_POINT('',(342.02697062847,342.26811214651,
    113.50433838267));
#3881 = CARTESIAN_POINT('',(346.30391351544,342.38943567969,
    113.41888862344));
#3882 = CARTESIAN_POINT('',(350.58496238288,342.43516511768,
    113.37267418432));
#3883 = CARTESIAN_POINT('',(354.8577723004,342.73815878981,
    113.23274966465));
#3884 = CARTESIAN_POINT('',(359.18388688825,342.57631995239,
    113.11371059545));
#3885 = CARTESIAN_POINT('',(363.5052046971,343.86829510641,
    112.66827662634));
#3886 = CARTESIAN_POINT('',(367.54865046447,346.61748132223,
    112.03373032999));
#3887 = CARTESIAN_POINT('',(372.05847150757,346.00387473793,
    111.86980795398));
#3888 = CARTESIAN_POINT('',(376.24564436291,348.42001121129,
    111.37173622024));
#3889 = CARTESIAN_POINT('',(380.50353796332,348.33561600365,
    111.17192941784));
#3890 = CARTESIAN_POINT('',(384.85798865987,347.92344648242,
    111.12209146938));
#3891 = CARTESIAN_POINT('',(389.02722072527,346.84217388438,
    111.1635756361));
#3892 = CARTESIAN_POINT('',(393.32393006004,347.20919018975,
    111.00536677247));
#3893 = CARTESIAN_POINT('',(396.53994441614,349.32645752914,
    110.7358087487));
#3894 = CARTESIAN_POINT('',(397.6403,346.63372505648,110.9863622212));
#3895 = DEFINITIONAL_REPRESENTATION('',(#3896),#3900);
#3896 = LINE('',#3897,#3898);
#3897 = CARTESIAN_POINT('',(14.,0.));
#3898 = VECTOR('',#3899,1.);
#3899 = DIRECTION('',(0.,1.));
#3900 = ( GEOMETRIC_REPRESENTATION_CONTEXT(2) 
PARAMETRIC_REPRESENTATION_CONTEXT() REPRESENTATION_CONTEXT('2D SPACE',''
  ) );
#3901 = ORIENTED_EDGE('',*,*,#3902,.F.);
#3902 = EDGE_CURVE('',#3439,#3693,#3903,.T.);
#3903 = SURFACE_CURVE('',#3904,(#3907,#3914),.PCURVE_S1.);
#3904 = B_SPLINE_CURVE_WITH_KNOTS('',1,(#3905,#3906),.UNSPECIFIED.,.F.,
  .F.,(2,2),(13.,14.),.PIECEWISE_BEZIER_KNOTS.);
#3905 = CARTESIAN_POINT('',(397.6403,345.89364792192,111.08248954332));
#3906 = CARTESIAN_POINT('',(397.6403,346.2636864892,111.03442588226));
#3907 = PCURVE('',#3514,#3908);
#3908 = DEFINITIONAL_REPRESENTATION('',(#3909),#3913);
#3909 = LINE('',#3910,#3911);
#3910 = CARTESIAN_POINT('',(0.,1.));
#3911 = VECTOR('',#3912,1.);
#3912 = DIRECTION('',(1.,0.));
#3913 = ( GEOMETRIC_REPRESENTATION_CONTEXT(2) 
PARAMETRIC_REPRESENTATION_CONTEXT() REPRESENTATION_CONTEXT('2D SPACE',''
  ) );
#3914 = PCURVE('',#401,#3915);
#3915 = DEFINITIONAL_REPRESENTATION('',(#3916),#3919);
#3916 = B_SPLINE_CURVE_WITH_KNOTS('',1,(#3917,#3918),.UNSPECIFIED.,.F.,
  .F.,(2,2),(13.,14.),.PIECEWISE_BEZIER_KNOTS.);
#3917 = CARTESIAN_POINT('',(3.427592687503,2.020854518486E-02));
#3918 = CARTESIAN_POINT('',(3.054556721785,2.930937326471E-02));
#3919 = ( GEOMETRIC_REPRESENTATION_CONTEXT(2) 
PARAMETRIC_REPRESENTATION_CONTEXT() REPRESENTATION_CONTEXT('2D SPACE',''
  ) );
#3920 = ORIENTED_EDGE('',*,*,#3438,.F.);
#3921 = ADVANCED_FACE('',(#3922),#3768,.T.);
#3922 = FACE_BOUND('',#3923,.T.);
#3923 = EDGE_LOOP('',(#3924,#3945,#4155,#4174));
#3924 = ORIENTED_EDGE('',*,*,#3925,.T.);
#3925 = EDGE_CURVE('',#3672,#3926,#3928,.T.);
#3926 = VERTEX_POINT('',#3927);
#3927 = CARTESIAN_POINT('',(140.9618,348.99516514308,110.45058245886));
#3928 = SURFACE_CURVE('',#3929,(#3932,#3939),.PCURVE_S1.);
#3929 = B_SPLINE_CURVE_WITH_KNOTS('',1,(#3930,#3931),.UNSPECIFIED.,.F.,
  .F.,(2,2),(14.,15.),.PIECEWISE_BEZIER_KNOTS.);
#3930 = CARTESIAN_POINT('',(140.9618,349.37696789606,110.50890780067));
#3931 = CARTESIAN_POINT('',(140.9618,348.99516514308,110.45058245886));
#3932 = PCURVE('',#3768,#3933);
#3933 = DEFINITIONAL_REPRESENTATION('',(#3934),#3938);
#3934 = LINE('',#3935,#3936);
#3935 = CARTESIAN_POINT('',(0.,0.));
#3936 = VECTOR('',#3937,1.);
#3937 = DIRECTION('',(1.,0.));
#3938 = ( GEOMETRIC_REPRESENTATION_CONTEXT(2) 
PARAMETRIC_REPRESENTATION_CONTEXT() REPRESENTATION_CONTEXT('2D SPACE',''
  ) );
#3939 = PCURVE('',#165,#3940);
#3940 = DEFINITIONAL_REPRESENTATION('',(#3941),#3944);
#3941 = B_SPLINE_CURVE_WITH_KNOTS('',1,(#3942,#3943),.UNSPECIFIED.,.F.,
  .F.,(2,2),(14.,15.),.PIECEWISE_BEZIER_KNOTS.);
#3942 = CARTESIAN_POINT('',(5.406739271993,6.240777955256E-02));
#3943 = CARTESIAN_POINT('',(5.792882825435,5.414074760564E-02));
#3944 = ( GEOMETRIC_REPRESENTATION_CONTEXT(2) 
PARAMETRIC_REPRESENTATION_CONTEXT() REPRESENTATION_CONTEXT('2D SPACE',''
  ) );
#3945 = ORIENTED_EDGE('',*,*,#3946,.T.);
#3946 = EDGE_CURVE('',#3926,#3947,#3949,.T.);
#3947 = VERTEX_POINT('',#3948);
#3948 = CARTESIAN_POINT('',(397.6403,346.63372505648,110.9863622212));
#3949 = SURFACE_CURVE('',#3950,(#4014,#4021),.PCURVE_S1.);
#3950 = ( BOUNDED_CURVE() B_SPLINE_CURVE(3,(#3951,#3952,#3953,#3954,
    #3955,#3956,#3957,#3958,#3959,#3960,#3961,#3962,#3963,#3964,#3965,
    #3966,#3967,#3968,#3969,#3970,#3971,#3972,#3973,#3974,#3975,#3976,
    #3977,#3978,#3979,#3980,#3981,#3982,#3983,#3984,#3985,#3986,#3987,
    #3988,#3989,#3990,#3991,#3992,#3993,#3994,#3995,#3996,#3997,#3998,
    #3999,#4000,#4001,#4002,#4003,#4004,#4005,#4006,#4007,#4008,#4009,
    #4010,#4011,#4012,#4013),.UNSPECIFIED.,.F.,.F.) 
B_SPLINE_CURVE_WITH_KNOTS((4,1,1,1,1,1,1,1,1,1,1,1,1,1,1,1,1,1,1,1,1,1,1
    ,1,1,1,1,1,1,1,1,1,1,1,1,1,1,1,1,1,1,1,1,1,1,1,1,1,1,1,1,1,1,1,1,1,1
    ,1,1,1,4),(0.,1.671834126768E-02,3.328707673398E-02,
    5.001744466419E-02,6.648650714478E-02,8.348892901119E-02,
    9.999486964001E-02,0.11646941087,0.133815549619,0.150618938677,
    0.167038735703,0.183454077407,0.199862498306,0.216272023155,
    0.232682039048,0.249094136,0.265517101832,0.28195250261,
    0.298446383618,0.315002877417,0.331625113939,0.348307612691,
    0.365035992875,0.381711213613,0.398301880653,0.414823418335,
    0.431326889702,0.448164125522,0.464772555536,0.481574851679,
    0.498833916597,0.516076325801,0.532869467448,0.550364700599,
    0.567182918644,0.58368017293,0.60020088702,0.616790522208,
    0.633466402799,0.650196996519,0.66688122827,0.683506031496,
    0.700063533111,0.716557401724,0.732992840875,0.749415744672,
    0.765827967007,0.78223726506,0.798647812608,0.815056815176,
    0.831475231221,0.84789937286,0.864694545606,0.881987572306,
    0.898456926779,0.91536479181,0.932301655256,0.949102498792,
0.966203962862,0.982810298735,1.),.UNSPECIFIED.) CURVE() 
GEOMETRIC_REPRESENTATION_ITEM() RATIONAL_B_SPLINE_CURVE((1.,
    1.000000000007,0.999999999997,1.000000000001,1.,1.,1.,1.,1.,1.,1.,1.
    ,1.,1.,1.,1.,1.,1.,1.,1.,1.,1.,1.,1.,1.,1.,1.,1.,1.,1.,1.,1.,1.,1.,
    1.,1.,1.,1.,1.,1.,1.,1.,1.,1.,1.,1.,1.,1.,1.,1.,1.,1.,1.,1.,1.,1.,1.
    ,1.,1.000000000001,0.999999999996,1.000000000014,0.999999999969,1.))
 REPRESENTATION_ITEM('') );
#3951 = CARTESIAN_POINT('',(140.9618,348.99516514308,110.45058245886));
#3952 = CARTESIAN_POINT('',(142.09540904743,346.18788035287,
    110.10621773894));
#3953 = CARTESIAN_POINT('',(145.34352279277,348.95164939213,
    110.52175238263));
#3954 = CARTESIAN_POINT('',(149.51920541273,347.18098924787,
    110.27440665701));
#3955 = CARTESIAN_POINT('',(153.74675028087,345.97825987656,
    110.24909063271));
#3956 = CARTESIAN_POINT('',(158.17058310233,346.16764670634,
    110.44042928226));
#3957 = CARTESIAN_POINT('',(162.26698448152,343.82777170626,
    110.13825179427));
#3958 = CARTESIAN_POINT('',(166.61873526807,344.13493492385,
    110.22737237084));
#3959 = CARTESIAN_POINT('',(171.05025168138,343.54792152421,
    110.19252329481));
#3960 = CARTESIAN_POINT('',(175.09238100893,344.15776031929,
    110.24054957299));
#3961 = CARTESIAN_POINT('',(179.41643525083,343.18746209855,
    110.02307437712));
#3962 = CARTESIAN_POINT('',(183.74465399728,343.31912119346,
    109.97738637637));
#3963 = CARTESIAN_POINT('',(188.01748830499,343.08038920731,
    109.84237332869));
#3964 = CARTESIAN_POINT('',(192.29804434258,343.1503204556,
    109.77668185986));
#3965 = CARTESIAN_POINT('',(196.57544693057,343.07120875675,
    109.65152573097));
#3966 = CARTESIAN_POINT('',(200.85359337877,343.02392577946,
    109.50240149819));
#3967 = CARTESIAN_POINT('',(205.13313267918,343.12510654178,
    109.36656880835));
#3968 = CARTESIAN_POINT('',(209.41029445154,343.37775198515,
    109.25019944357));
#3969 = CARTESIAN_POINT('',(213.69566833045,343.5655662898,
    109.11292889773));
#3970 = CARTESIAN_POINT('',(217.97323994091,344.11769198142,
    109.07678114638));
#3971 = CARTESIAN_POINT('',(222.25201002744,344.78142799713,
    109.07419299832));
#3972 = CARTESIAN_POINT('',(226.52878947893,345.54987002585,
    109.05558982616));
#3973 = CARTESIAN_POINT('',(230.80631705996,346.40200761079,
    109.04193945781));
#3974 = CARTESIAN_POINT('',(235.06961741834,347.42222835042,
    108.9982724975));
#3975 = CARTESIAN_POINT('',(239.34364675972,348.35480598835,
    108.95672774917));
#3976 = CARTESIAN_POINT('',(243.62590118763,349.12143518257,
    108.97995703264));
#3977 = CARTESIAN_POINT('',(247.90145862716,349.70160081182,
    109.18558118422));
#3978 = CARTESIAN_POINT('',(252.24748803221,350.07578597115,
    109.30137873278));
#3979 = CARTESIAN_POINT('',(256.42226459116,349.18613113781,
    109.6972434752));
#3980 = CARTESIAN_POINT('',(260.774587196,350.01639644968,
    109.96086408507));
#3981 = CARTESIAN_POINT('',(265.08553351846,349.35345221679,
    110.22420522244));
#3982 = CARTESIAN_POINT('',(269.30435854157,347.89119568195,
    110.34320139873));
#3983 = CARTESIAN_POINT('',(273.49463672784,346.39640570024,
    110.65851611716));
#3984 = CARTESIAN_POINT('',(277.98553204283,345.66371494259,
    110.69602418666));
#3985 = CARTESIAN_POINT('',(282.02098866206,343.24207023326,
    110.80557861723));
#3986 = CARTESIAN_POINT('',(286.37785805657,342.06863533443,
    110.9722297467));
#3987 = CARTESIAN_POINT('',(290.69560185407,341.79823374858,
    111.1883075387));
#3988 = CARTESIAN_POINT('',(294.97762712103,341.61617991486,
    111.35193980647));
#3989 = CARTESIAN_POINT('',(299.25829278307,341.61566943954,
    111.60718452861));
#3990 = CARTESIAN_POINT('',(303.53281780748,341.69755234634,
    111.94047091994));
#3991 = CARTESIAN_POINT('',(307.79563331651,341.89605468987,
    112.23620506388));
#3992 = CARTESIAN_POINT('',(312.07349323989,342.06213560774,
    112.56420053956));
#3993 = CARTESIAN_POINT('',(316.34983972698,342.21814617253,
    112.92415102665));
#3994 = CARTESIAN_POINT('',(320.62873034613,342.31328589909,
    113.21208512078));
#3995 = CARTESIAN_POINT('',(324.90645535717,342.35308638287,
    113.44365369551));
#3996 = CARTESIAN_POINT('',(329.19177427478,342.27847215016,
    113.58248987999));
#3997 = CARTESIAN_POINT('',(333.46902839726,342.29615070098,
    113.60684264297));
#3998 = CARTESIAN_POINT('',(337.74832561117,342.27876167999,
    113.5558055156));
#3999 = CARTESIAN_POINT('',(342.02697062847,342.26811214651,
    113.50433838267));
#4000 = CARTESIAN_POINT('',(346.30391351544,342.38943567969,
    113.41888862344));
#4001 = CARTESIAN_POINT('',(350.58496238288,342.43516511768,
    113.37267418432));
#4002 = CARTESIAN_POINT('',(354.8577723004,342.73815878981,
    113.23274966465));
#4003 = CARTESIAN_POINT('',(359.18388688825,342.57631995239,
    113.11371059545));
#4004 = CARTESIAN_POINT('',(363.5052046971,343.86829510641,
    112.66827662634));
#4005 = CARTESIAN_POINT('',(367.54865046447,346.61748132223,
    112.03373032999));
#4006 = CARTESIAN_POINT('',(372.05847150757,346.00387473793,
    111.86980795398));
#4007 = CARTESIAN_POINT('',(376.24564436291,348.42001121129,
    111.37173622024));
#4008 = CARTESIAN_POINT('',(380.50353796332,348.33561600365,
    111.17192941784));
#4009 = CARTESIAN_POINT('',(384.85798865987,347.92344648242,
    111.12209146938));
#4010 = CARTESIAN_POINT('',(389.02722072527,346.84217388438,
    111.1635756361));
#4011 = CARTESIAN_POINT('',(393.32393006004,347.20919018975,
    111.00536677247));
#4012 = CARTESIAN_POINT('',(396.53994441614,349.32645752914,
    110.7358087487));
#4013 = CARTESIAN_POINT('',(397.6403,346.63372505648,110.9863622212));
#4014 = PCURVE('',#3768,#4015);
#4015 = DEFINITIONAL_REPRESENTATION('',(#4016),#4020);
#4016 = LINE('',#4017,#4018);
#4017 = CARTESIAN_POINT('',(15.,0.));
#4018 = VECTOR('',#4019,1.);
#4019 = DIRECTION('',(0.,1.));
#4020 = ( GEOMETRIC_REPRESENTATION_CONTEXT(2) 
PARAMETRIC_REPRESENTATION_CONTEXT() REPRESENTATION_CONTEXT('2D SPACE',''
  ) );
#4021 = PCURVE('',#4022,#4149);
#4022 = ( BOUNDED_SURFACE() B_SPLINE_SURFACE(1,3,(
    (#4023,#4024,#4025,#4026,#4027,#4028,#4029,#4030,#4031,#4032,#4033
      ,#4034,#4035,#4036,#4037,#4038,#4039,#4040,#4041,#4042,#4043,#4044
      ,#4045,#4046,#4047,#4048,#4049,#4050,#4051,#4052,#4053,#4054,#4055
      ,#4056,#4057,#4058,#4059,#4060,#4061,#4062,#4063,#4064,#4065,#4066
      ,#4067,#4068,#4069,#4070,#4071,#4072,#4073,#4074,#4075,#4076,#4077
      ,#4078,#4079,#4080,#4081,#4082,#4083,#4084,#4085)
    ,(#4086,#4087,#4088,#4089,#4090,#4091,#4092,#4093,#4094,#4095,#4096
      ,#4097,#4098,#4099,#4100,#4101,#4102,#4103,#4104,#4105,#4106,#4107
      ,#4108,#4109,#4110,#4111,#4112,#4113,#4114,#4115,#4116,#4117,#4118
      ,#4119,#4120,#4121,#4122,#4123,#4124,#4125,#4126,#4127,#4128,#4129
      ,#4130,#4131,#4132,#4133,#4134,#4135,#4136,#4137,#4138,#4139,#4140
      ,#4141,#4142,#4143,#4144,#4145,#4146,#4147,#4148
)),.UNSPECIFIED.,.F.,.F.,.F.) B_SPLINE_SURFACE_WITH_KNOTS((2,2),(4,1,1,1
    ,1,1,1,1,1,1,1,1,1,1,1,1,1,1,1,1,1,1,1,1,1,1,1,1,1,1,1,1,1,1,1,1,1,1
    ,1,1,1,1,1,1,1,1,1,1,1,1,1,1,1,1,1,1,1,1,1,1,4),(15.,16.),(0.,
    1.671834126768E-02,3.328707673398E-02,5.001744466419E-02,
    6.648650714478E-02,8.348892901119E-02,9.999486964001E-02,
    0.11646941087,0.133815549619,0.150618938677,0.167038735703,
    0.183454077407,0.199862498306,0.216272023155,0.232682039048,
    0.249094136,0.265517101832,0.28195250261,0.298446383618,
    0.315002877417,0.331625113939,0.348307612691,0.365035992875,
    0.381711213613,0.398301880653,0.414823418335,0.431326889702,
    0.448164125522,0.464772555536,0.481574851679,0.498833916597,
    0.516076325801,0.532869467448,0.550364700599,0.567182918644,
    0.58368017293,0.60020088702,0.616790522208,0.633466402799,
    0.650196996519,0.66688122827,0.683506031496,0.700063533111,
    0.716557401724,0.732992840875,0.749415744672,0.765827967007,
    0.78223726506,0.798647812608,0.815056815176,0.831475231221,
    0.84789937286,0.864694545606,0.881987572306,0.898456926779,
    0.91536479181,0.932301655256,0.949102498792,0.966203962862,
0.982810298735,1.),.UNSPECIFIED.) GEOMETRIC_REPRESENTATION_ITEM() 
RATIONAL_B_SPLINE_SURFACE((
    (1.,1.000000000007,0.999999999997,1.000000000001,1.,1.,1.,1.,1.,1.
      ,1.,1.,1.,1.,1.,1.,1.,1.,1.,1.,1.,1.,1.,1.,1.,1.,1.,1.,1.,1.,1.,1.
      ,1.,1.,1.,1.,1.,1.,1.,1.,1.,1.,1.,1.,1.,1.,1.,1.,1.,1.,1.,1.,1.,1.
      ,1.,1.,1.,1.,1.000000000001,0.999999999996,1.000000000014
      ,0.999999999969,1.)
    ,(1.,1.000000000007,0.999999999997,1.000000000001,1.,1.,1.,1.,1.,1.
      ,1.,1.,1.,1.,1.,1.,1.,1.,1.,1.,1.,1.,1.,1.,1.,1.,1.,1.,1.,1.,1.,1.
      ,1.,1.,1.,1.,1.,1.,1.,1.,1.,1.,1.,1.,1.,1.,1.,1.,1.,1.,1.,1.,1.,1.
      ,1.,1.,1.,1.,1.000000000001,0.999999999996,1.000000000014
,0.999999999969,1.))) REPRESENTATION_ITEM('') SURFACE() );
#4023 = CARTESIAN_POINT('',(140.9618,348.99516514308,110.45058245886));
#4024 = CARTESIAN_POINT('',(142.09540904743,346.18788035287,
    110.10621773894));
#4025 = CARTESIAN_POINT('',(145.34352279277,348.95164939213,
    110.52175238263));
#4026 = CARTESIAN_POINT('',(149.51920541273,347.18098924787,
    110.27440665701));
#4027 = CARTESIAN_POINT('',(153.74675028087,345.97825987656,
    110.24909063271));
#4028 = CARTESIAN_POINT('',(158.17058310233,346.16764670634,
    110.44042928226));
#4029 = CARTESIAN_POINT('',(162.26698448152,343.82777170626,
    110.13825179427));
#4030 = CARTESIAN_POINT('',(166.61873526807,344.13493492385,
    110.22737237084));
#4031 = CARTESIAN_POINT('',(171.05025168138,343.54792152421,
    110.19252329481));
#4032 = CARTESIAN_POINT('',(175.09238100893,344.15776031929,
    110.24054957299));
#4033 = CARTESIAN_POINT('',(179.41643525083,343.18746209855,
    110.02307437712));
#4034 = CARTESIAN_POINT('',(183.74465399728,343.31912119346,
    109.97738637637));
#4035 = CARTESIAN_POINT('',(188.01748830499,343.08038920731,
    109.84237332869));
#4036 = CARTESIAN_POINT('',(192.29804434258,343.1503204556,
    109.77668185986));
#4037 = CARTESIAN_POINT('',(196.57544693057,343.07120875675,
    109.65152573097));
#4038 = CARTESIAN_POINT('',(200.85359337877,343.02392577946,
    109.50240149819));
#4039 = CARTESIAN_POINT('',(205.13313267918,343.12510654178,
    109.36656880835));
#4040 = CARTESIAN_POINT('',(209.41029445154,343.37775198515,
    109.25019944357));
#4041 = CARTESIAN_POINT('',(213.69566833045,343.5655662898,
    109.11292889773));
#4042 = CARTESIAN_POINT('',(217.97323994091,344.11769198142,
    109.07678114638));
#4043 = CARTESIAN_POINT('',(222.25201002744,344.78142799713,
    109.07419299832));
#4044 = CARTESIAN_POINT('',(226.52878947893,345.54987002585,
    109.05558982616));
#4045 = CARTESIAN_POINT('',(230.80631705996,346.40200761079,
    109.04193945781));
#4046 = CARTESIAN_POINT('',(235.06961741834,347.42222835042,
    108.9982724975));
#4047 = CARTESIAN_POINT('',(239.34364675972,348.35480598835,
    108.95672774917));
#4048 = CARTESIAN_POINT('',(243.62590118763,349.12143518257,
    108.97995703264));
#4049 = CARTESIAN_POINT('',(247.90145862716,349.70160081182,
    109.18558118422));
#4050 = CARTESIAN_POINT('',(252.24748803221,350.07578597115,
    109.30137873278));
#4051 = CARTESIAN_POINT('',(256.42226459116,349.18613113781,
    109.6972434752));
#4052 = CARTESIAN_POINT('',(260.774587196,350.01639644968,
    109.96086408507));
#4053 = CARTESIAN_POINT('',(265.08553351846,349.35345221679,
    110.22420522244));
#4054 = CARTESIAN_POINT('',(269.30435854157,347.89119568195,
    110.34320139873));
#4055 = CARTESIAN_POINT('',(273.49463672784,346.39640570024,
    110.65851611716));
#4056 = CARTESIAN_POINT('',(277.98553204283,345.66371494259,
    110.69602418666));
#4057 = CARTESIAN_POINT('',(282.02098866206,343.24207023326,
    110.80557861723));
#4058 = CARTESIAN_POINT('',(286.37785805657,342.06863533443,
    110.9722297467));
#4059 = CARTESIAN_POINT('',(290.69560185407,341.79823374858,
    111.1883075387));
#4060 = CARTESIAN_POINT('',(294.97762712103,341.61617991486,
    111.35193980647));
#4061 = CARTESIAN_POINT('',(299.25829278307,341.61566943954,
    111.60718452861));
#4062 = CARTESIAN_POINT('',(303.53281780748,341.69755234634,
    111.94047091994));
#4063 = CARTESIAN_POINT('',(307.79563331651,341.89605468987,
    112.23620506388));
#4064 = CARTESIAN_POINT('',(312.07349323989,342.06213560774,
    112.56420053956));
#4065 = CARTESIAN_POINT('',(316.34983972698,342.21814617253,
    112.92415102665));
#4066 = CARTESIAN_POINT('',(320.62873034613,342.31328589909,
    113.21208512078));
#4067 = CARTESIAN_POINT('',(324.90645535717,342.35308638287,
    113.44365369551));
#4068 = CARTESIAN_POINT('',(329.19177427478,342.27847215016,
    113.58248987999));
#4069 = CARTESIAN_POINT('',(333.46902839726,342.29615070098,
    113.60684264297));
#4070 = CARTESIAN_POINT('',(337.74832561117,342.27876167999,
    113.5558055156));
#4071 = CARTESIAN_POINT('',(342.02697062847,342.26811214651,
    113.50433838267));
#4072 = CARTESIAN_POINT('',(346.30391351544,342.38943567969,
    113.41888862344));
#4073 = CARTESIAN_POINT('',(350.58496238288,342.43516511768,
    113.37267418432));
#4074 = CARTESIAN_POINT('',(354.8577723004,342.73815878981,
    113.23274966465));
#4075 = CARTESIAN_POINT('',(359.18388688825,342.57631995239,
    113.11371059545));
#4076 = CARTESIAN_POINT('',(363.5052046971,343.86829510641,
    112.66827662634));
#4077 = CARTESIAN_POINT('',(367.54865046447,346.61748132223,
    112.03373032999));
#4078 = CARTESIAN_POINT('',(372.05847150757,346.00387473793,
    111.86980795398));
#4079 = CARTESIAN_POINT('',(376.24564436291,348.42001121129,
    111.37173622024));
#4080 = CARTESIAN_POINT('',(380.50353796332,348.33561600365,
    111.17192941784));
#4081 = CARTESIAN_POINT('',(384.85798865987,347.92344648242,
    111.12209146938));
#4082 = CARTESIAN_POINT('',(389.02722072527,346.84217388438,
    111.1635756361));
#4083 = CARTESIAN_POINT('',(393.32393006004,347.20919018975,
    111.00536677247));
#4084 = CARTESIAN_POINT('',(396.53994441614,349.32645752914,
    110.7358087487));
#4085 = CARTESIAN_POINT('',(397.6403,346.63372505648,110.9863622212));
#4086 = CARTESIAN_POINT('',(140.9618,348.6113248331,110.40513065545));
#4087 = CARTESIAN_POINT('',(142.09540904743,345.60310827538,
    110.02793352164));
#4088 = CARTESIAN_POINT('',(145.34352279277,348.50910459032,
    110.45063606437));
#4089 = CARTESIAN_POINT('',(149.51920541273,346.54959022764,
    110.18575413123));
#4090 = CARTESIAN_POINT('',(153.74675028087,345.30414392241,
    110.15039855995));
#4091 = CARTESIAN_POINT('',(158.17058310233,345.54239851695,
    110.32862832742));
#4092 = CARTESIAN_POINT('',(162.26698448152,342.96407081582,
    109.97909843933));
#4093 = CARTESIAN_POINT('',(166.61873526807,343.22618471703,
    110.05875615492));
#4094 = CARTESIAN_POINT('',(171.05025168138,342.60561437417,
    109.9950061645));
#4095 = CARTESIAN_POINT('',(175.09238100893,343.02334083361,
    109.9981850484));
#4096 = CARTESIAN_POINT('',(179.41643525083,341.87063011227,
    109.74810017336));
#4097 = CARTESIAN_POINT('',(183.74465399728,342.01264725325,
    109.69414394402));
#4098 = CARTESIAN_POINT('',(188.01748830499,341.73988696359,
    109.53497831535));
#4099 = CARTESIAN_POINT('',(192.29804434258,341.80777920367,
    109.4581236493));
#4100 = CARTESIAN_POINT('',(196.57544693057,341.71880691211,
    109.31049159008));
#4101 = CARTESIAN_POINT('',(200.85359337877,341.6658970722,
    109.14761090972));
#4102 = CARTESIAN_POINT('',(205.13313267918,341.78170928816,
    108.97769460611));
#4103 = CARTESIAN_POINT('',(209.41029445154,342.05837867529,
    108.85300750963));
#4104 = CARTESIAN_POINT('',(213.69566833045,342.27824487668,
    108.68304516863));
#4105 = CARTESIAN_POINT('',(217.97323994091,342.88929773177,
    108.6294987667));
#4106 = CARTESIAN_POINT('',(222.25201002744,343.63119883455,
    108.58816430923));
#4107 = CARTESIAN_POINT('',(226.52878947893,344.48934904833,
    108.54159560926));
#4108 = CARTESIAN_POINT('',(230.80631705996,345.45503354856,
    108.47705741299));
#4109 = CARTESIAN_POINT('',(235.06961741834,346.58037267539,
    108.41058011215));
#4110 = CARTESIAN_POINT('',(239.34364675972,347.615290952,
    108.35595052472));
#4111 = CARTESIAN_POINT('',(243.62590118763,348.45802782617,
    108.40510667807));
#4112 = CARTESIAN_POINT('',(247.90145862716,349.10343430845,
    108.66486344009));
#4113 = CARTESIAN_POINT('',(252.24748803221,349.48243065301,
    108.89223172222));
#4114 = CARTESIAN_POINT('',(256.42226459116,348.75128014888,
    109.21392503302));
#4115 = CARTESIAN_POINT('',(260.774587196,349.69489673572,
    109.48335708116));
#4116 = CARTESIAN_POINT('',(265.08553351846,349.12137433559,
    109.64376817912));
#4117 = CARTESIAN_POINT('',(269.30435854157,347.87867638624,
    109.78447892545));
#4118 = CARTESIAN_POINT('',(273.49463672784,346.60587408562,
    110.03600522567));
#4119 = CARTESIAN_POINT('',(277.98553204283,345.9390131436,
    110.16178669496));
#4120 = CARTESIAN_POINT('',(282.02098866206,343.62409933679,
    110.26224245383));
#4121 = CARTESIAN_POINT('',(286.37785805657,342.60065098366,
    110.4903520009));
#4122 = CARTESIAN_POINT('',(290.69560185407,342.36217668829,
    110.62852010141));
#4123 = CARTESIAN_POINT('',(294.97762712103,342.26964676116,
    110.77808856307));
#4124 = CARTESIAN_POINT('',(299.25829278307,342.36112815607,
    111.01801922139));
#4125 = CARTESIAN_POINT('',(303.53281780748,342.55249832533,
    111.37780583765));
#4126 = CARTESIAN_POINT('',(307.79563331651,342.86537319338,
    111.70624442635));
#4127 = CARTESIAN_POINT('',(312.07349323989,343.13019536358,
    112.0619764685));
#4128 = CARTESIAN_POINT('',(316.34983972698,343.3602731179,
    112.41861141795));
#4129 = CARTESIAN_POINT('',(320.62873034613,343.53099961946,
    112.72442355908));
#4130 = CARTESIAN_POINT('',(324.90645535717,343.61519394023,
    112.9374384695));
#4131 = CARTESIAN_POINT('',(329.19177427478,343.5676905391,
    113.08234435646));
#4132 = CARTESIAN_POINT('',(333.46902839726,343.60587472446,
    113.10414581725));
#4133 = CARTESIAN_POINT('',(337.74832561117,343.59817179579,
    113.06910429179));
#4134 = CARTESIAN_POINT('',(342.02697062847,343.59098419771,
    113.0389859569));
#4135 = CARTESIAN_POINT('',(346.30391351544,343.69702880425,
    112.97353830406));
#4136 = CARTESIAN_POINT('',(350.58496238288,343.74062546738,
    112.93936013955));
#4137 = CARTESIAN_POINT('',(354.8577723004,344.01036932115,
    112.81821432045));
#4138 = CARTESIAN_POINT('',(359.18388688825,343.8399168938,
    112.74337526903));
#4139 = CARTESIAN_POINT('',(363.5052046971,345.03754031011,
    112.34998901345));
#4140 = CARTESIAN_POINT('',(367.54865046447,347.59697592427,
    111.79031650668));
#4141 = CARTESIAN_POINT('',(372.05847150757,346.9828706047,
    111.66586678044));
#4142 = CARTESIAN_POINT('',(376.24564436291,349.25200971137,
    111.23147006845));
#4143 = CARTESIAN_POINT('',(380.50353796332,348.98390206316,
    111.06595833531));
#4144 = CARTESIAN_POINT('',(384.85798865987,348.53430396663,
    111.03207969562));
#4145 = CARTESIAN_POINT('',(389.02722072527,347.39332485873,
    111.08365466373));
#4146 = CARTESIAN_POINT('',(393.32393006004,347.59942963333,
    110.94600768886));
#4147 = CARTESIAN_POINT('',(396.53994441614,349.71955294893,
    110.69287282314));
#4148 = CARTESIAN_POINT('',(397.6403,347.00376362376,110.93829856014));
#4149 = DEFINITIONAL_REPRESENTATION('',(#4150),#4154);
#4150 = LINE('',#4151,#4152);
#4151 = CARTESIAN_POINT('',(15.,0.));
#4152 = VECTOR('',#4153,1.);
#4153 = DIRECTION('',(0.,1.));
#4154 = ( GEOMETRIC_REPRESENTATION_CONTEXT(2) 
PARAMETRIC_REPRESENTATION_CONTEXT() REPRESENTATION_CONTEXT('2D SPACE',''
  ) );
#4155 = ORIENTED_EDGE('',*,*,#4156,.F.);
#4156 = EDGE_CURVE('',#3693,#3947,#4157,.T.);
#4157 = SURFACE_CURVE('',#4158,(#4161,#4168),.PCURVE_S1.);
#4158 = B_SPLINE_CURVE_WITH_KNOTS('',1,(#4159,#4160),.UNSPECIFIED.,.F.,
  .F.,(2,2),(14.,15.),.PIECEWISE_BEZIER_KNOTS.);
#4159 = CARTESIAN_POINT('',(397.6403,346.2636864892,111.03442588226));
#4160 = CARTESIAN_POINT('',(397.6403,346.63372505648,110.9863622212));
#4161 = PCURVE('',#3768,#4162);
#4162 = DEFINITIONAL_REPRESENTATION('',(#4163),#4167);
#4163 = LINE('',#4164,#4165);
#4164 = CARTESIAN_POINT('',(0.,1.));
#4165 = VECTOR('',#4166,1.);
#4166 = DIRECTION('',(1.,0.));
#4167 = ( GEOMETRIC_REPRESENTATION_CONTEXT(2) 
PARAMETRIC_REPRESENTATION_CONTEXT() REPRESENTATION_CONTEXT('2D SPACE',''
  ) );
#4168 = PCURVE('',#401,#4169);
#4169 = DEFINITIONAL_REPRESENTATION('',(#4170),#4173);
#4170 = B_SPLINE_CURVE_WITH_KNOTS('',1,(#4171,#4172),.UNSPECIFIED.,.F.,
  .F.,(2,2),(14.,15.),.PIECEWISE_BEZIER_KNOTS.);
#4171 = CARTESIAN_POINT('',(3.054556721785,2.930937326471E-02));
#4172 = CARTESIAN_POINT('',(2.681520756068,3.841020134462E-02));
#4173 = ( GEOMETRIC_REPRESENTATION_CONTEXT(2) 
PARAMETRIC_REPRESENTATION_CONTEXT() REPRESENTATION_CONTEXT('2D SPACE',''
  ) );
#4174 = ORIENTED_EDGE('',*,*,#3692,.F.);
#4175 = ADVANCED_FACE('',(#4176),#4022,.T.);
#4176 = FACE_BOUND('',#4177,.T.);
#4177 = EDGE_LOOP('',(#4178,#4199,#4409,#4428));
#4178 = ORIENTED_EDGE('',*,*,#4179,.T.);
#4179 = EDGE_CURVE('',#3926,#4180,#4182,.T.);
#4180 = VERTEX_POINT('',#4181);
#4181 = CARTESIAN_POINT('',(140.9618,348.6113248331,110.40513065545));
#4182 = SURFACE_CURVE('',#4183,(#4186,#4193),.PCURVE_S1.);
#4183 = B_SPLINE_CURVE_WITH_KNOTS('',1,(#4184,#4185),.UNSPECIFIED.,.F.,
  .F.,(2,2),(15.,16.),.PIECEWISE_BEZIER_KNOTS.);
#4184 = CARTESIAN_POINT('',(140.9618,348.99516514308,110.45058245886));
#4185 = CARTESIAN_POINT('',(140.9618,348.6113248331,110.40513065545));
#4186 = PCURVE('',#4022,#4187);
#4187 = DEFINITIONAL_REPRESENTATION('',(#4188),#4192);
#4188 = LINE('',#4189,#4190);
#4189 = CARTESIAN_POINT('',(0.,0.));
#4190 = VECTOR('',#4191,1.);
#4191 = DIRECTION('',(1.,0.));
#4192 = ( GEOMETRIC_REPRESENTATION_CONTEXT(2) 
PARAMETRIC_REPRESENTATION_CONTEXT() REPRESENTATION_CONTEXT('2D SPACE',''
  ) );
#4193 = PCURVE('',#165,#4194);
#4194 = DEFINITIONAL_REPRESENTATION('',(#4195),#4198);
#4195 = B_SPLINE_CURVE_WITH_KNOTS('',1,(#4196,#4197),.UNSPECIFIED.,.F.,
  .F.,(2,2),(15.,16.),.PIECEWISE_BEZIER_KNOTS.);
#4196 = CARTESIAN_POINT('',(5.792882825435,5.414074760564E-02));
#4197 = CARTESIAN_POINT('',(6.179375480721,5.890282757272E-02));
#4198 = ( GEOMETRIC_REPRESENTATION_CONTEXT(2) 
PARAMETRIC_REPRESENTATION_CONTEXT() REPRESENTATION_CONTEXT('2D SPACE',''
  ) );
#4199 = ORIENTED_EDGE('',*,*,#4200,.T.);
#4200 = EDGE_CURVE('',#4180,#4201,#4203,.T.);
#4201 = VERTEX_POINT('',#4202);
#4202 = CARTESIAN_POINT('',(397.6403,347.00376362376,110.93829856014));
#4203 = SURFACE_CURVE('',#4204,(#4268,#4275),.PCURVE_S1.);
#4204 = ( BOUNDED_CURVE() B_SPLINE_CURVE(3,(#4205,#4206,#4207,#4208,
    #4209,#4210,#4211,#4212,#4213,#4214,#4215,#4216,#4217,#4218,#4219,
    #4220,#4221,#4222,#4223,#4224,#4225,#4226,#4227,#4228,#4229,#4230,
    #4231,#4232,#4233,#4234,#4235,#4236,#4237,#4238,#4239,#4240,#4241,
    #4242,#4243,#4244,#4245,#4246,#4247,#4248,#4249,#4250,#4251,#4252,
    #4253,#4254,#4255,#4256,#4257,#4258,#4259,#4260,#4261,#4262,#4263,
    #4264,#4265,#4266,#4267),.UNSPECIFIED.,.F.,.F.) 
B_SPLINE_CURVE_WITH_KNOTS((4,1,1,1,1,1,1,1,1,1,1,1,1,1,1,1,1,1,1,1,1,1,1
    ,1,1,1,1,1,1,1,1,1,1,1,1,1,1,1,1,1,1,1,1,1,1,1,1,1,1,1,1,1,1,1,1,1,1
    ,1,1,1,4),(0.,1.671834126768E-02,3.328707673398E-02,
    5.001744466419E-02,6.648650714478E-02,8.348892901119E-02,
    9.999486964001E-02,0.11646941087,0.133815549619,0.150618938677,
    0.167038735703,0.183454077407,0.199862498306,0.216272023155,
    0.232682039048,0.249094136,0.265517101832,0.28195250261,
    0.298446383618,0.315002877417,0.331625113939,0.348307612691,
    0.365035992875,0.381711213613,0.398301880653,0.414823418335,
    0.431326889702,0.448164125522,0.464772555536,0.481574851679,
    0.498833916597,0.516076325801,0.532869467448,0.550364700599,
    0.567182918644,0.58368017293,0.60020088702,0.616790522208,
    0.633466402799,0.650196996519,0.66688122827,0.683506031496,
    0.700063533111,0.716557401724,0.732992840875,0.749415744672,
    0.765827967007,0.78223726506,0.798647812608,0.815056815176,
    0.831475231221,0.84789937286,0.864694545606,0.881987572306,
    0.898456926779,0.91536479181,0.932301655256,0.949102498792,
0.966203962862,0.982810298735,1.),.UNSPECIFIED.) CURVE() 
GEOMETRIC_REPRESENTATION_ITEM() RATIONAL_B_SPLINE_CURVE((1.,
    1.000000000007,0.999999999997,1.000000000001,1.,1.,1.,1.,1.,1.,1.,1.
    ,1.,1.,1.,1.,1.,1.,1.,1.,1.,1.,1.,1.,1.,1.,1.,1.,1.,1.,1.,1.,1.,1.,
    1.,1.,1.,1.,1.,1.,1.,1.,1.,1.,1.,1.,1.,1.,1.,1.,1.,1.,1.,1.,1.,1.,1.
    ,1.,1.000000000001,0.999999999996,1.000000000014,0.999999999969,1.))
 REPRESENTATION_ITEM('') );
#4205 = CARTESIAN_POINT('',(140.9618,348.6113248331,110.40513065545));
#4206 = CARTESIAN_POINT('',(142.09540904743,345.60310827538,
    110.02793352164));
#4207 = CARTESIAN_POINT('',(145.34352279277,348.50910459032,
    110.45063606437));
#4208 = CARTESIAN_POINT('',(149.51920541273,346.54959022764,
    110.18575413123));
#4209 = CARTESIAN_POINT('',(153.74675028087,345.30414392241,
    110.15039855995));
#4210 = CARTESIAN_POINT('',(158.17058310233,345.54239851695,
    110.32862832742));
#4211 = CARTESIAN_POINT('',(162.26698448152,342.96407081582,
    109.97909843933));
#4212 = CARTESIAN_POINT('',(166.61873526807,343.22618471703,
    110.05875615492));
#4213 = CARTESIAN_POINT('',(171.05025168138,342.60561437417,
    109.9950061645));
#4214 = CARTESIAN_POINT('',(175.09238100893,343.02334083361,
    109.9981850484));
#4215 = CARTESIAN_POINT('',(179.41643525083,341.87063011227,
    109.74810017336));
#4216 = CARTESIAN_POINT('',(183.74465399728,342.01264725325,
    109.69414394402));
#4217 = CARTESIAN_POINT('',(188.01748830499,341.73988696359,
    109.53497831535));
#4218 = CARTESIAN_POINT('',(192.29804434258,341.80777920367,
    109.4581236493));
#4219 = CARTESIAN_POINT('',(196.57544693057,341.71880691211,
    109.31049159008));
#4220 = CARTESIAN_POINT('',(200.85359337877,341.6658970722,
    109.14761090972));
#4221 = CARTESIAN_POINT('',(205.13313267918,341.78170928816,
    108.97769460611));
#4222 = CARTESIAN_POINT('',(209.41029445154,342.05837867529,
    108.85300750963));
#4223 = CARTESIAN_POINT('',(213.69566833045,342.27824487668,
    108.68304516863));
#4224 = CARTESIAN_POINT('',(217.97323994091,342.88929773177,
    108.6294987667));
#4225 = CARTESIAN_POINT('',(222.25201002744,343.63119883455,
    108.58816430923));
#4226 = CARTESIAN_POINT('',(226.52878947893,344.48934904833,
    108.54159560926));
#4227 = CARTESIAN_POINT('',(230.80631705996,345.45503354856,
    108.47705741299));
#4228 = CARTESIAN_POINT('',(235.06961741834,346.58037267539,
    108.41058011215));
#4229 = CARTESIAN_POINT('',(239.34364675972,347.615290952,
    108.35595052472));
#4230 = CARTESIAN_POINT('',(243.62590118763,348.45802782617,
    108.40510667807));
#4231 = CARTESIAN_POINT('',(247.90145862716,349.10343430845,
    108.66486344009));
#4232 = CARTESIAN_POINT('',(252.24748803221,349.48243065301,
    108.89223172222));
#4233 = CARTESIAN_POINT('',(256.42226459116,348.75128014888,
    109.21392503302));
#4234 = CARTESIAN_POINT('',(260.774587196,349.69489673572,
    109.48335708116));
#4235 = CARTESIAN_POINT('',(265.08553351846,349.12137433559,
    109.64376817912));
#4236 = CARTESIAN_POINT('',(269.30435854157,347.87867638624,
    109.78447892545));
#4237 = CARTESIAN_POINT('',(273.49463672784,346.60587408562,
    110.03600522567));
#4238 = CARTESIAN_POINT('',(277.98553204283,345.9390131436,
    110.16178669496));
#4239 = CARTESIAN_POINT('',(282.02098866206,343.62409933679,
    110.26224245383));
#4240 = CARTESIAN_POINT('',(286.37785805657,342.60065098366,
    110.4903520009));
#4241 = CARTESIAN_POINT('',(290.69560185407,342.36217668829,
    110.62852010141));
#4242 = CARTESIAN_POINT('',(294.97762712103,342.26964676116,
    110.77808856307));
#4243 = CARTESIAN_POINT('',(299.25829278307,342.36112815607,
    111.01801922139));
#4244 = CARTESIAN_POINT('',(303.53281780748,342.55249832533,
    111.37780583765));
#4245 = CARTESIAN_POINT('',(307.79563331651,342.86537319338,
    111.70624442635));
#4246 = CARTESIAN_POINT('',(312.07349323989,343.13019536358,
    112.0619764685));
#4247 = CARTESIAN_POINT('',(316.34983972698,343.3602731179,
    112.41861141795));
#4248 = CARTESIAN_POINT('',(320.62873034613,343.53099961946,
    112.72442355908));
#4249 = CARTESIAN_POINT('',(324.90645535717,343.61519394023,
    112.9374384695));
#4250 = CARTESIAN_POINT('',(329.19177427478,343.5676905391,
    113.08234435646));
#4251 = CARTESIAN_POINT('',(333.46902839726,343.60587472446,
    113.10414581725));
#4252 = CARTESIAN_POINT('',(337.74832561117,343.59817179579,
    113.06910429179));
#4253 = CARTESIAN_POINT('',(342.02697062847,343.59098419771,
    113.0389859569));
#4254 = CARTESIAN_POINT('',(346.30391351544,343.69702880425,
    112.97353830406));
#4255 = CARTESIAN_POINT('',(350.58496238288,343.74062546738,
    112.93936013955));
#4256 = CARTESIAN_POINT('',(354.8577723004,344.01036932115,
    112.81821432045));
#4257 = CARTESIAN_POINT('',(359.18388688825,343.8399168938,
    112.74337526903));
#4258 = CARTESIAN_POINT('',(363.5052046971,345.03754031011,
    112.34998901345));
#4259 = CARTESIAN_POINT('',(367.54865046447,347.59697592427,
    111.79031650668));
#4260 = CARTESIAN_POINT('',(372.05847150757,346.9828706047,
    111.66586678044));
#4261 = CARTESIAN_POINT('',(376.24564436291,349.25200971137,
    111.23147006845));
#4262 = CARTESIAN_POINT('',(380.50353796332,348.98390206316,
    111.06595833531));
#4263 = CARTESIAN_POINT('',(384.85798865987,348.53430396663,
    111.03207969562));
#4264 = CARTESIAN_POINT('',(389.02722072527,347.39332485873,
    111.08365466373));
#4265 = CARTESIAN_POINT('',(393.32393006004,347.59942963333,
    110.94600768886));
#4266 = CARTESIAN_POINT('',(396.53994441614,349.71955294893,
    110.69287282314));
#4267 = CARTESIAN_POINT('',(397.6403,347.00376362376,110.93829856014));
#4268 = PCURVE('',#4022,#4269);
#4269 = DEFINITIONAL_REPRESENTATION('',(#4270),#4274);
#4270 = LINE('',#4271,#4272);
#4271 = CARTESIAN_POINT('',(16.,0.));
#4272 = VECTOR('',#4273,1.);
#4273 = DIRECTION('',(0.,1.));
#4274 = ( GEOMETRIC_REPRESENTATION_CONTEXT(2) 
PARAMETRIC_REPRESENTATION_CONTEXT() REPRESENTATION_CONTEXT('2D SPACE',''
  ) );
#4275 = PCURVE('',#4276,#4403);
#4276 = ( BOUNDED_SURFACE() B_SPLINE_SURFACE(1,3,(
    (#4277,#4278,#4279,#4280,#4281,#4282,#4283,#4284,#4285,#4286,#4287
      ,#4288,#4289,#4290,#4291,#4292,#4293,#4294,#4295,#4296,#4297,#4298
      ,#4299,#4300,#4301,#4302,#4303,#4304,#4305,#4306,#4307,#4308,#4309
      ,#4310,#4311,#4312,#4313,#4314,#4315,#4316,#4317,#4318,#4319,#4320
      ,#4321,#4322,#4323,#4324,#4325,#4326,#4327,#4328,#4329,#4330,#4331
      ,#4332,#4333,#4334,#4335,#4336,#4337,#4338,#4339)
    ,(#4340,#4341,#4342,#4343,#4344,#4345,#4346,#4347,#4348,#4349,#4350
      ,#4351,#4352,#4353,#4354,#4355,#4356,#4357,#4358,#4359,#4360,#4361
      ,#4362,#4363,#4364,#4365,#4366,#4367,#4368,#4369,#4370,#4371,#4372
      ,#4373,#4374,#4375,#4376,#4377,#4378,#4379,#4380,#4381,#4382,#4383
      ,#4384,#4385,#4386,#4387,#4388,#4389,#4390,#4391,#4392,#4393,#4394
      ,#4395,#4396,#4397,#4398,#4399,#4400,#4401,#4402
)),.UNSPECIFIED.,.F.,.F.,.F.) B_SPLINE_SURFACE_WITH_KNOTS((2,2),(4,1,1,1
    ,1,1,1,1,1,1,1,1,1,1,1,1,1,1,1,1,1,1,1,1,1,1,1,1,1,1,1,1,1,1,1,1,1,1
    ,1,1,1,1,1,1,1,1,1,1,1,1,1,1,1,1,1,1,1,1,1,1,4),(16.,17.),(0.,
    1.671834126768E-02,3.328707673398E-02,5.001744466419E-02,
    6.648650714478E-02,8.348892901119E-02,9.999486964001E-02,
    0.11646941087,0.133815549619,0.150618938677,0.167038735703,
    0.183454077407,0.199862498306,0.216272023155,0.232682039048,
    0.249094136,0.265517101832,0.28195250261,0.298446383618,
    0.315002877417,0.331625113939,0.348307612691,0.365035992875,
    0.381711213613,0.398301880653,0.414823418335,0.431326889702,
    0.448164125522,0.464772555536,0.481574851679,0.498833916597,
    0.516076325801,0.532869467448,0.550364700599,0.567182918644,
    0.58368017293,0.60020088702,0.616790522208,0.633466402799,
    0.650196996519,0.66688122827,0.683506031496,0.700063533111,
    0.716557401724,0.732992840875,0.749415744672,0.765827967007,
    0.78223726506,0.798647812608,0.815056815176,0.831475231221,
    0.84789937286,0.864694545606,0.881987572306,0.898456926779,
    0.91536479181,0.932301655256,0.949102498792,0.966203962862,
0.982810298735,1.),.UNSPECIFIED.) GEOMETRIC_REPRESENTATION_ITEM() 
RATIONAL_B_SPLINE_SURFACE((
    (1.,1.000000000007,0.999999999997,1.000000000001,1.,1.,1.,1.,1.,1.
      ,1.,1.,1.,1.,1.,1.,1.,1.,1.,1.,1.,1.,1.,1.,1.,1.,1.,1.,1.,1.,1.,1.
      ,1.,1.,1.,1.,1.,1.,1.,1.,1.,1.,1.,1.,1.,1.,1.,1.,1.,1.,1.,1.,1.,1.
      ,1.,1.,1.,1.,1.000000000001,0.999999999996,1.000000000014
      ,0.999999999969,1.)
    ,(1.,1.000000000007,0.999999999997,1.000000000001,1.,1.,1.,1.,1.,1.
      ,1.,1.,1.,1.,1.,1.,1.,1.,1.,1.,1.,1.,1.,1.,1.,1.,1.,1.,1.,1.,1.,1.
      ,1.,1.,1.,1.,1.,1.,1.,1.,1.,1.,1.,1.,1.,1.,1.,1.,1.,1.,1.,1.,1.,1.
      ,1.,1.,1.,1.,1.000000000001,0.999999999996,1.000000000014
,0.999999999969,1.))) REPRESENTATION_ITEM('') SURFACE() );
#4277 = CARTESIAN_POINT('',(140.9618,348.6113248331,110.40513065545));
#4278 = CARTESIAN_POINT('',(142.09540904743,345.60310827538,
    110.02793352164));
#4279 = CARTESIAN_POINT('',(145.34352279277,348.50910459032,
    110.45063606437));
#4280 = CARTESIAN_POINT('',(149.51920541273,346.54959022764,
    110.18575413123));
#4281 = CARTESIAN_POINT('',(153.74675028087,345.30414392241,
    110.15039855995));
#4282 = CARTESIAN_POINT('',(158.17058310233,345.54239851695,
    110.32862832742));
#4283 = CARTESIAN_POINT('',(162.26698448152,342.96407081582,
    109.97909843933));
#4284 = CARTESIAN_POINT('',(166.61873526807,343.22618471703,
    110.05875615492));
#4285 = CARTESIAN_POINT('',(171.05025168138,342.60561437417,
    109.9950061645));
#4286 = CARTESIAN_POINT('',(175.09238100893,343.02334083361,
    109.9981850484));
#4287 = CARTESIAN_POINT('',(179.41643525083,341.87063011227,
    109.74810017336));
#4288 = CARTESIAN_POINT('',(183.74465399728,342.01264725325,
    109.69414394402));
#4289 = CARTESIAN_POINT('',(188.01748830499,341.73988696359,
    109.53497831535));
#4290 = CARTESIAN_POINT('',(192.29804434258,341.80777920367,
    109.4581236493));
#4291 = CARTESIAN_POINT('',(196.57544693057,341.71880691211,
    109.31049159008));
#4292 = CARTESIAN_POINT('',(200.85359337877,341.6658970722,
    109.14761090972));
#4293 = CARTESIAN_POINT('',(205.13313267918,341.78170928816,
    108.97769460611));
#4294 = CARTESIAN_POINT('',(209.41029445154,342.05837867529,
    108.85300750963));
#4295 = CARTESIAN_POINT('',(213.69566833045,342.27824487668,
    108.68304516863));
#4296 = CARTESIAN_POINT('',(217.97323994091,342.88929773177,
    108.6294987667));
#4297 = CARTESIAN_POINT('',(222.25201002744,343.63119883455,
    108.58816430923));
#4298 = CARTESIAN_POINT('',(226.52878947893,344.48934904833,
    108.54159560926));
#4299 = CARTESIAN_POINT('',(230.80631705996,345.45503354856,
    108.47705741299));
#4300 = CARTESIAN_POINT('',(235.06961741834,346.58037267539,
    108.41058011215));
#4301 = CARTESIAN_POINT('',(239.34364675972,347.615290952,
    108.35595052472));
#4302 = CARTESIAN_POINT('',(243.62590118763,348.45802782617,
    108.40510667807));
#4303 = CARTESIAN_POINT('',(247.90145862716,349.10343430845,
    108.66486344009));
#4304 = CARTESIAN_POINT('',(252.24748803221,349.48243065301,
    108.89223172222));
#4305 = CARTESIAN_POINT('',(256.42226459116,348.75128014888,
    109.21392503302));
#4306 = CARTESIAN_POINT('',(260.774587196,349.69489673572,
    109.48335708116));
#4307 = CARTESIAN_POINT('',(265.08553351846,349.12137433559,
    109.64376817912));
#4308 = CARTESIAN_POINT('',(269.30435854157,347.87867638624,
    109.78447892545));
#4309 = CARTESIAN_POINT('',(273.49463672784,346.60587408562,
    110.03600522567));
#4310 = CARTESIAN_POINT('',(277.98553204283,345.9390131436,
    110.16178669496));
#4311 = CARTESIAN_POINT('',(282.02098866206,343.62409933679,
    110.26224245383));
#4312 = CARTESIAN_POINT('',(286.37785805657,342.60065098366,
    110.4903520009));
#4313 = CARTESIAN_POINT('',(290.69560185407,342.36217668829,
    110.62852010141));
#4314 = CARTESIAN_POINT('',(294.97762712103,342.26964676116,
    110.77808856307));
#4315 = CARTESIAN_POINT('',(299.25829278307,342.36112815607,
    111.01801922139));
#4316 = CARTESIAN_POINT('',(303.53281780748,342.55249832533,
    111.37780583765));
#4317 = CARTESIAN_POINT('',(307.79563331651,342.86537319338,
    111.70624442635));
#4318 = CARTESIAN_POINT('',(312.07349323989,343.13019536358,
    112.0619764685));
#4319 = CARTESIAN_POINT('',(316.34983972698,343.3602731179,
    112.41861141795));
#4320 = CARTESIAN_POINT('',(320.62873034613,343.53099961946,
    112.72442355908));
#4321 = CARTESIAN_POINT('',(324.90645535717,343.61519394023,
    112.9374384695));
#4322 = CARTESIAN_POINT('',(329.19177427478,343.5676905391,
    113.08234435646));
#4323 = CARTESIAN_POINT('',(333.46902839726,343.60587472446,
    113.10414581725));
#4324 = CARTESIAN_POINT('',(337.74832561117,343.59817179579,
    113.06910429179));
#4325 = CARTESIAN_POINT('',(342.02697062847,343.59098419771,
    113.0389859569));
#4326 = CARTESIAN_POINT('',(346.30391351544,343.69702880425,
    112.97353830406));
#4327 = CARTESIAN_POINT('',(350.58496238288,343.74062546738,
    112.93936013955));
#4328 = CARTESIAN_POINT('',(354.8577723004,344.01036932115,
    112.81821432045));
#4329 = CARTESIAN_POINT('',(359.18388688825,343.8399168938,
    112.74337526903));
#4330 = CARTESIAN_POINT('',(363.5052046971,345.03754031011,
    112.34998901345));
#4331 = CARTESIAN_POINT('',(367.54865046447,347.59697592427,
    111.79031650668));
#4332 = CARTESIAN_POINT('',(372.05847150757,346.9828706047,
    111.66586678044));
#4333 = CARTESIAN_POINT('',(376.24564436291,349.25200971137,
    111.23147006845));
#4334 = CARTESIAN_POINT('',(380.50353796332,348.98390206316,
    111.06595833531));
#4335 = CARTESIAN_POINT('',(384.85798865987,348.53430396663,
    111.03207969562));
#4336 = CARTESIAN_POINT('',(389.02722072527,347.39332485873,
    111.08365466373));
#4337 = CARTESIAN_POINT('',(393.32393006004,347.59942963333,
    110.94600768886));
#4338 = CARTESIAN_POINT('',(396.53994441614,349.71955294893,
    110.69287282314));
#4339 = CARTESIAN_POINT('',(397.6403,347.00376362376,110.93829856014));
#4340 = CARTESIAN_POINT('',(140.9618,348.22829971081,110.35601894985));
#4341 = CARTESIAN_POINT('',(142.09540904743,345.01854387418,
    109.95130155339));
#4342 = CARTESIAN_POINT('',(145.34352279277,348.06697992096,
    110.378442023));
#4343 = CARTESIAN_POINT('',(149.51920541273,345.91882733632,
    110.09407839867));
#4344 = CARTESIAN_POINT('',(153.74675028087,344.63115168415,
    110.04648696689));
#4345 = CARTESIAN_POINT('',(158.17058310233,344.91837359351,
    110.21103703646));
#4346 = CARTESIAN_POINT('',(162.26698448152,342.10069430515,
    109.81870197991));
#4347 = CARTESIAN_POINT('',(166.61873526807,342.31834210773,
    109.88440080716));
#4348 = CARTESIAN_POINT('',(171.05025168138,341.66376288033,
    109.79556604314));
#4349 = CARTESIAN_POINT('',(175.09238100893,341.88839446638,
    109.75833117001));
#4350 = CARTESIAN_POINT('',(179.41643525083,340.55245540107,
    109.47888135384));
#4351 = CARTESIAN_POINT('',(183.74465399728,340.70893805004,
    109.39981916886));
#4352 = CARTESIAN_POINT('',(188.01748830499,340.40040415129,
    109.22332812277));
#4353 = CARTESIAN_POINT('',(192.29804434258,340.46916302885,
    109.12470805104));
#4354 = CARTESIAN_POINT('',(196.57544693057,340.36955768133,
    108.95646192473));
#4355 = CARTESIAN_POINT('',(200.85359337877,340.31540607404,
    108.76486821333));
#4356 = CARTESIAN_POINT('',(205.13313267918,340.44196496791,
    108.5774436311));
#4357 = CARTESIAN_POINT('',(209.41029445154,340.74588611477,
    108.43299391095));
#4358 = CARTESIAN_POINT('',(213.69566833045,340.99865701321,
    108.23227944563));
#4359 = CARTESIAN_POINT('',(217.97323994091,341.677413438,
    108.14260409228));
#4360 = CARTESIAN_POINT('',(222.25201002744,342.4985523907,108.067299023
    ));
#4361 = CARTESIAN_POINT('',(226.52878947893,343.450601958,
    107.98814122021));
#4362 = CARTESIAN_POINT('',(230.80631705996,344.52478081014,
    107.88078016327));
#4363 = CARTESIAN_POINT('',(235.06961741834,345.76132140577,
    107.79118932094));
#4364 = CARTESIAN_POINT('',(239.34364675972,346.89870996281,
    107.73106431661));
#4365 = CARTESIAN_POINT('',(243.62590118763,347.82843238014,
    107.79702019206));
#4366 = CARTESIAN_POINT('',(247.90145862716,348.55698578039,
    108.08393075466));
#4367 = CARTESIAN_POINT('',(252.24748803221,348.95125401736,
    108.40951497656));
#4368 = CARTESIAN_POINT('',(256.42226459116,348.36659852315,
    108.66890847817));
#4369 = CARTESIAN_POINT('',(260.774587196,349.41741936417,
    108.95144409296));
#4370 = CARTESIAN_POINT('',(265.08553351846,348.91351316096,
    109.01973713049));
#4371 = CARTESIAN_POINT('',(269.30435854157,347.88352843182,
    109.23513270378));
#4372 = CARTESIAN_POINT('',(273.49463672784,346.82139164209,
    109.42646108006));
#4373 = CARTESIAN_POINT('',(277.98553204283,346.23844370789,
    109.65310593869));
#4374 = CARTESIAN_POINT('',(282.02098866206,344.03415658154,
    109.74931144993));
#4375 = CARTESIAN_POINT('',(286.37785805657,343.18363069341,
    110.0634188392));
#4376 = CARTESIAN_POINT('',(290.69560185407,342.97003745359,
    110.11446815674));
#4377 = CARTESIAN_POINT('',(294.97762712103,342.96675133848,
    110.24840130975));
#4378 = CARTESIAN_POINT('',(299.25829278307,343.15204706298,
    110.49083367885));
#4379 = CARTESIAN_POINT('',(303.53281780748,343.44001498129,
    110.85796343534));
#4380 = CARTESIAN_POINT('',(307.79563331651,343.84623125731,
    111.19345443795));
#4381 = CARTESIAN_POINT('',(312.07349323989,344.19582952547,
    111.55047240174));
#4382 = CARTESIAN_POINT('',(316.34983972698,344.49551839466,
    111.89116934907));
#4383 = CARTESIAN_POINT('',(320.62873034613,344.71551039276,
    112.16217225267));
#4384 = CARTESIAN_POINT('',(324.90645535717,344.84133177772,
    112.34802047681));
#4385 = CARTESIAN_POINT('',(329.19177427478,344.81615776691,
    112.48645906695));
#4386 = CARTESIAN_POINT('',(333.46902839726,344.87178615201,
    112.49828415662));
#4387 = CARTESIAN_POINT('',(337.74832561117,344.87398569756,
    112.47650941228));
#4388 = CARTESIAN_POINT('',(342.02697062847,344.87092291672,
    112.46518473411));
#4389 = CARTESIAN_POINT('',(346.30391351544,344.95886993744,
    112.41158170447));
#4390 = CARTESIAN_POINT('',(350.58496238288,344.99853452936,
    112.38320216322));
#4391 = CARTESIAN_POINT('',(354.8577723004,345.24325521932,
    112.30199511541));
#4392 = CARTESIAN_POINT('',(359.18388688825,345.06803875058,
    112.27231213472));
#4393 = CARTESIAN_POINT('',(363.5052046971,346.1812759089,
    111.96147338944));
#4394 = CARTESIAN_POINT('',(367.54865046447,348.56219336387,
    111.50266701058));
#4395 = CARTESIAN_POINT('',(372.05847150757,347.95743199912,
    111.44538951906));
#4396 = CARTESIAN_POINT('',(376.24564436291,350.08017869607,
    111.07448120276));
#4397 = CARTESIAN_POINT('',(380.50353796332,349.63335019492,
    110.96529537874));
#4398 = CARTESIAN_POINT('',(384.85798865987,349.14494756537,
    110.94109418073));
#4399 = CARTESIAN_POINT('',(389.02722072527,347.94414309755,
    111.00220070952));
#4400 = CARTESIAN_POINT('',(393.32393006004,347.99117531944,
    110.89357708571));
#4401 = CARTESIAN_POINT('',(396.53994441614,350.10922451366,
    110.63418944221));
#4402 = CARTESIAN_POINT('',(397.6403,347.37380219105,110.89023489908));
#4403 = DEFINITIONAL_REPRESENTATION('',(#4404),#4408);
#4404 = LINE('',#4405,#4406);
#4405 = CARTESIAN_POINT('',(16.,0.));
#4406 = VECTOR('',#4407,1.);
#4407 = DIRECTION('',(0.,1.));
#4408 = ( GEOMETRIC_REPRESENTATION_CONTEXT(2) 
PARAMETRIC_REPRESENTATION_CONTEXT() REPRESENTATION_CONTEXT('2D SPACE',''
  ) );
#4409 = ORIENTED_EDGE('',*,*,#4410,.F.);
#4410 = EDGE_CURVE('',#3947,#4201,#4411,.T.);
#4411 = SURFACE_CURVE('',#4412,(#4415,#4422),.PCURVE_S1.);
#4412 = B_SPLINE_CURVE_WITH_KNOTS('',1,(#4413,#4414),.UNSPECIFIED.,.F.,
  .F.,(2,2),(15.,16.),.PIECEWISE_BEZIER_KNOTS.);
#4413 = CARTESIAN_POINT('',(397.6403,346.63372505648,110.9863622212));
#4414 = CARTESIAN_POINT('',(397.6403,347.00376362376,110.93829856014));
#4415 = PCURVE('',#4022,#4416);
#4416 = DEFINITIONAL_REPRESENTATION('',(#4417),#4421);
#4417 = LINE('',#4418,#4419);
#4418 = CARTESIAN_POINT('',(0.,1.));
#4419 = VECTOR('',#4420,1.);
#4420 = DIRECTION('',(1.,0.));
#4421 = ( GEOMETRIC_REPRESENTATION_CONTEXT(2) 
PARAMETRIC_REPRESENTATION_CONTEXT() REPRESENTATION_CONTEXT('2D SPACE',''
  ) );
#4422 = PCURVE('',#401,#4423);
#4423 = DEFINITIONAL_REPRESENTATION('',(#4424),#4427);
#4424 = B_SPLINE_CURVE_WITH_KNOTS('',1,(#4425,#4426),.UNSPECIFIED.,.F.,
  .F.,(2,2),(15.,16.),.PIECEWISE_BEZIER_KNOTS.);
#4425 = CARTESIAN_POINT('',(2.681520756068,3.841020134462E-02));
#4426 = CARTESIAN_POINT('',(2.30848479035,4.75110294245E-02));
#4427 = ( GEOMETRIC_REPRESENTATION_CONTEXT(2) 
PARAMETRIC_REPRESENTATION_CONTEXT() REPRESENTATION_CONTEXT('2D SPACE',''
  ) );
#4428 = ORIENTED_EDGE('',*,*,#3946,.F.);
#4429 = ADVANCED_FACE('',(#4430),#4276,.T.);
#4430 = FACE_BOUND('',#4431,.T.);
#4431 = EDGE_LOOP('',(#4432,#4453,#4663,#4682));
#4432 = ORIENTED_EDGE('',*,*,#4433,.T.);
#4433 = EDGE_CURVE('',#4180,#4434,#4436,.T.);
#4434 = VERTEX_POINT('',#4435);
#4435 = CARTESIAN_POINT('',(140.9618,348.22829971081,110.35601894985));
#4436 = SURFACE_CURVE('',#4437,(#4440,#4447),.PCURVE_S1.);
#4437 = B_SPLINE_CURVE_WITH_KNOTS('',1,(#4438,#4439),.UNSPECIFIED.,.F.,
  .F.,(2,2),(16.,17.),.PIECEWISE_BEZIER_KNOTS.);
#4438 = CARTESIAN_POINT('',(140.9618,348.6113248331,110.40513065545));
#4439 = CARTESIAN_POINT('',(140.9618,348.22829971081,110.35601894985));
#4440 = PCURVE('',#4276,#4441);
#4441 = DEFINITIONAL_REPRESENTATION('',(#4442),#4446);
#4442 = LINE('',#4443,#4444);
#4443 = CARTESIAN_POINT('',(0.,0.));
#4444 = VECTOR('',#4445,1.);
#4445 = DIRECTION('',(1.,0.));
#4446 = ( GEOMETRIC_REPRESENTATION_CONTEXT(2) 
PARAMETRIC_REPRESENTATION_CONTEXT() REPRESENTATION_CONTEXT('2D SPACE',''
  ) );
#4447 = PCURVE('',#165,#4448);
#4448 = DEFINITIONAL_REPRESENTATION('',(#4449),#4452);
#4449 = B_SPLINE_CURVE_WITH_KNOTS('',1,(#4450,#4451),.UNSPECIFIED.,.F.,
  .F.,(2,2),(16.,17.),.PIECEWISE_BEZIER_KNOTS.);
#4450 = CARTESIAN_POINT('',(6.179375480721,5.890282757272E-02));
#4451 = CARTESIAN_POINT('',(6.56553496661,5.993015009723E-02));
#4452 = ( GEOMETRIC_REPRESENTATION_CONTEXT(2) 
PARAMETRIC_REPRESENTATION_CONTEXT() REPRESENTATION_CONTEXT('2D SPACE',''
  ) );
#4453 = ORIENTED_EDGE('',*,*,#4454,.T.);
#4454 = EDGE_CURVE('',#4434,#4455,#4457,.T.);
#4455 = VERTEX_POINT('',#4456);
#4456 = CARTESIAN_POINT('',(397.6403,347.37380219105,110.89023489908));
#4457 = SURFACE_CURVE('',#4458,(#4522,#4529),.PCURVE_S1.);
#4458 = ( BOUNDED_CURVE() B_SPLINE_CURVE(3,(#4459,#4460,#4461,#4462,
    #4463,#4464,#4465,#4466,#4467,#4468,#4469,#4470,#4471,#4472,#4473,
    #4474,#4475,#4476,#4477,#4478,#4479,#4480,#4481,#4482,#4483,#4484,
    #4485,#4486,#4487,#4488,#4489,#4490,#4491,#4492,#4493,#4494,#4495,
    #4496,#4497,#4498,#4499,#4500,#4501,#4502,#4503,#4504,#4505,#4506,
    #4507,#4508,#4509,#4510,#4511,#4512,#4513,#4514,#4515,#4516,#4517,
    #4518,#4519,#4520,#4521),.UNSPECIFIED.,.F.,.F.) 
B_SPLINE_CURVE_WITH_KNOTS((4,1,1,1,1,1,1,1,1,1,1,1,1,1,1,1,1,1,1,1,1,1,1
    ,1,1,1,1,1,1,1,1,1,1,1,1,1,1,1,1,1,1,1,1,1,1,1,1,1,1,1,1,1,1,1,1,1,1
    ,1,1,1,4),(0.,1.671834126768E-02,3.328707673398E-02,
    5.001744466419E-02,6.648650714478E-02,8.348892901119E-02,
    9.999486964001E-02,0.11646941087,0.133815549619,0.150618938677,
    0.167038735703,0.183454077407,0.199862498306,0.216272023155,
    0.232682039048,0.249094136,0.265517101832,0.28195250261,
    0.298446383618,0.315002877417,0.331625113939,0.348307612691,
    0.365035992875,0.381711213613,0.398301880653,0.414823418335,
    0.431326889702,0.448164125522,0.464772555536,0.481574851679,
    0.498833916597,0.516076325801,0.532869467448,0.550364700599,
    0.567182918644,0.58368017293,0.60020088702,0.616790522208,
    0.633466402799,0.650196996519,0.66688122827,0.683506031496,
    0.700063533111,0.716557401724,0.732992840875,0.749415744672,
    0.765827967007,0.78223726506,0.798647812608,0.815056815176,
    0.831475231221,0.84789937286,0.864694545606,0.881987572306,
    0.898456926779,0.91536479181,0.932301655256,0.949102498792,
0.966203962862,0.982810298735,1.),.UNSPECIFIED.) CURVE() 
GEOMETRIC_REPRESENTATION_ITEM() RATIONAL_B_SPLINE_CURVE((1.,
    1.000000000007,0.999999999997,1.000000000001,1.,1.,1.,1.,1.,1.,1.,1.
    ,1.,1.,1.,1.,1.,1.,1.,1.,1.,1.,1.,1.,1.,1.,1.,1.,1.,1.,1.,1.,1.,1.,
    1.,1.,1.,1.,1.,1.,1.,1.,1.,1.,1.,1.,1.,1.,1.,1.,1.,1.,1.,1.,1.,1.,1.
    ,1.,1.000000000001,0.999999999996,1.000000000014,0.999999999969,1.))
 REPRESENTATION_ITEM('') );
#4459 = CARTESIAN_POINT('',(140.9618,348.22829971081,110.35601894985));
#4460 = CARTESIAN_POINT('',(142.09540904743,345.01854387418,
    109.95130155339));
#4461 = CARTESIAN_POINT('',(145.34352279277,348.06697992096,
    110.378442023));
#4462 = CARTESIAN_POINT('',(149.51920541273,345.91882733632,
    110.09407839867));
#4463 = CARTESIAN_POINT('',(153.74675028087,344.63115168415,
    110.04648696689));
#4464 = CARTESIAN_POINT('',(158.17058310233,344.91837359351,
    110.21103703646));
#4465 = CARTESIAN_POINT('',(162.26698448152,342.10069430515,
    109.81870197991));
#4466 = CARTESIAN_POINT('',(166.61873526807,342.31834210773,
    109.88440080716));
#4467 = CARTESIAN_POINT('',(171.05025168138,341.66376288033,
    109.79556604314));
#4468 = CARTESIAN_POINT('',(175.09238100893,341.88839446638,
    109.75833117001));
#4469 = CARTESIAN_POINT('',(179.41643525083,340.55245540107,
    109.47888135384));
#4470 = CARTESIAN_POINT('',(183.74465399728,340.70893805004,
    109.39981916886));
#4471 = CARTESIAN_POINT('',(188.01748830499,340.40040415129,
    109.22332812277));
#4472 = CARTESIAN_POINT('',(192.29804434258,340.46916302885,
    109.12470805104));
#4473 = CARTESIAN_POINT('',(196.57544693057,340.36955768133,
    108.95646192473));
#4474 = CARTESIAN_POINT('',(200.85359337877,340.31540607404,
    108.76486821333));
#4475 = CARTESIAN_POINT('',(205.13313267918,340.44196496791,
    108.5774436311));
#4476 = CARTESIAN_POINT('',(209.41029445154,340.74588611477,
    108.43299391095));
#4477 = CARTESIAN_POINT('',(213.69566833045,340.99865701321,
    108.23227944563));
#4478 = CARTESIAN_POINT('',(217.97323994091,341.677413438,
    108.14260409228));
#4479 = CARTESIAN_POINT('',(222.25201002744,342.4985523907,108.067299023
    ));
#4480 = CARTESIAN_POINT('',(226.52878947893,343.450601958,
    107.98814122021));
#4481 = CARTESIAN_POINT('',(230.80631705996,344.52478081014,
    107.88078016327));
#4482 = CARTESIAN_POINT('',(235.06961741834,345.76132140577,
    107.79118932094));
#4483 = CARTESIAN_POINT('',(239.34364675972,346.89870996281,
    107.73106431661));
#4484 = CARTESIAN_POINT('',(243.62590118763,347.82843238014,
    107.79702019206));
#4485 = CARTESIAN_POINT('',(247.90145862716,348.55698578039,
    108.08393075466));
#4486 = CARTESIAN_POINT('',(252.24748803221,348.95125401736,
    108.40951497656));
#4487 = CARTESIAN_POINT('',(256.42226459116,348.36659852315,
    108.66890847817));
#4488 = CARTESIAN_POINT('',(260.774587196,349.41741936417,
    108.95144409296));
#4489 = CARTESIAN_POINT('',(265.08553351846,348.91351316096,
    109.01973713049));
#4490 = CARTESIAN_POINT('',(269.30435854157,347.88352843182,
    109.23513270378));
#4491 = CARTESIAN_POINT('',(273.49463672784,346.82139164209,
    109.42646108006));
#4492 = CARTESIAN_POINT('',(277.98553204283,346.23844370789,
    109.65310593869));
#4493 = CARTESIAN_POINT('',(282.02098866206,344.03415658154,
    109.74931144993));
#4494 = CARTESIAN_POINT('',(286.37785805657,343.18363069341,
    110.0634188392));
#4495 = CARTESIAN_POINT('',(290.69560185407,342.97003745359,
    110.11446815674));
#4496 = CARTESIAN_POINT('',(294.97762712103,342.96675133848,
    110.24840130975));
#4497 = CARTESIAN_POINT('',(299.25829278307,343.15204706298,
    110.49083367885));
#4498 = CARTESIAN_POINT('',(303.53281780748,343.44001498129,
    110.85796343534));
#4499 = CARTESIAN_POINT('',(307.79563331651,343.84623125731,
    111.19345443795));
#4500 = CARTESIAN_POINT('',(312.07349323989,344.19582952547,
    111.55047240174));
#4501 = CARTESIAN_POINT('',(316.34983972698,344.49551839466,
    111.89116934907));
#4502 = CARTESIAN_POINT('',(320.62873034613,344.71551039276,
    112.16217225267));
#4503 = CARTESIAN_POINT('',(324.90645535717,344.84133177772,
    112.34802047681));
#4504 = CARTESIAN_POINT('',(329.19177427478,344.81615776691,
    112.48645906695));
#4505 = CARTESIAN_POINT('',(333.46902839726,344.87178615201,
    112.49828415662));
#4506 = CARTESIAN_POINT('',(337.74832561117,344.87398569756,
    112.47650941228));
#4507 = CARTESIAN_POINT('',(342.02697062847,344.87092291672,
    112.46518473411));
#4508 = CARTESIAN_POINT('',(346.30391351544,344.95886993744,
    112.41158170447));
#4509 = CARTESIAN_POINT('',(350.58496238288,344.99853452936,
    112.38320216322));
#4510 = CARTESIAN_POINT('',(354.8577723004,345.24325521932,
    112.30199511541));
#4511 = CARTESIAN_POINT('',(359.18388688825,345.06803875058,
    112.27231213472));
#4512 = CARTESIAN_POINT('',(363.5052046971,346.1812759089,
    111.96147338944));
#4513 = CARTESIAN_POINT('',(367.54865046447,348.56219336387,
    111.50266701058));
#4514 = CARTESIAN_POINT('',(372.05847150757,347.95743199912,
    111.44538951906));
#4515 = CARTESIAN_POINT('',(376.24564436291,350.08017869607,
    111.07448120276));
#4516 = CARTESIAN_POINT('',(380.50353796332,349.63335019492,
    110.96529537874));
#4517 = CARTESIAN_POINT('',(384.85798865987,349.14494756537,
    110.94109418073));
#4518 = CARTESIAN_POINT('',(389.02722072527,347.94414309755,
    111.00220070952));
#4519 = CARTESIAN_POINT('',(393.32393006004,347.99117531944,
    110.89357708571));
#4520 = CARTESIAN_POINT('',(396.53994441614,350.10922451366,
    110.63418944221));
#4521 = CARTESIAN_POINT('',(397.6403,347.37380219105,110.89023489908));
#4522 = PCURVE('',#4276,#4523);
#4523 = DEFINITIONAL_REPRESENTATION('',(#4524),#4528);
#4524 = LINE('',#4525,#4526);
#4525 = CARTESIAN_POINT('',(17.,0.));
#4526 = VECTOR('',#4527,1.);
#4527 = DIRECTION('',(0.,1.));
#4528 = ( GEOMETRIC_REPRESENTATION_CONTEXT(2) 
PARAMETRIC_REPRESENTATION_CONTEXT() REPRESENTATION_CONTEXT('2D SPACE',''
  ) );
#4529 = PCURVE('',#4530,#4657);
#4530 = ( BOUNDED_SURFACE() B_SPLINE_SURFACE(1,3,(
    (#4531,#4532,#4533,#4534,#4535,#4536,#4537,#4538,#4539,#4540,#4541
      ,#4542,#4543,#4544,#4545,#4546,#4547,#4548,#4549,#4550,#4551,#4552
      ,#4553,#4554,#4555,#4556,#4557,#4558,#4559,#4560,#4561,#4562,#4563
      ,#4564,#4565,#4566,#4567,#4568,#4569,#4570,#4571,#4572,#4573,#4574
      ,#4575,#4576,#4577,#4578,#4579,#4580,#4581,#4582,#4583,#4584,#4585
      ,#4586,#4587,#4588,#4589,#4590,#4591,#4592,#4593)
    ,(#4594,#4595,#4596,#4597,#4598,#4599,#4600,#4601,#4602,#4603,#4604
      ,#4605,#4606,#4607,#4608,#4609,#4610,#4611,#4612,#4613,#4614,#4615
      ,#4616,#4617,#4618,#4619,#4620,#4621,#4622,#4623,#4624,#4625,#4626
      ,#4627,#4628,#4629,#4630,#4631,#4632,#4633,#4634,#4635,#4636,#4637
      ,#4638,#4639,#4640,#4641,#4642,#4643,#4644,#4645,#4646,#4647,#4648
      ,#4649,#4650,#4651,#4652,#4653,#4654,#4655,#4656
)),.UNSPECIFIED.,.F.,.F.,.F.) B_SPLINE_SURFACE_WITH_KNOTS((2,2),(4,1,1,1
    ,1,1,1,1,1,1,1,1,1,1,1,1,1,1,1,1,1,1,1,1,1,1,1,1,1,1,1,1,1,1,1,1,1,1
    ,1,1,1,1,1,1,1,1,1,1,1,1,1,1,1,1,1,1,1,1,1,1,4),(17.,18.),(0.,
    1.671834126768E-02,3.328707673398E-02,5.001744466419E-02,
    6.648650714478E-02,8.348892901119E-02,9.999486964001E-02,
    0.11646941087,0.133815549619,0.150618938677,0.167038735703,
    0.183454077407,0.199862498306,0.216272023155,0.232682039048,
    0.249094136,0.265517101832,0.28195250261,0.298446383618,
    0.315002877417,0.331625113939,0.348307612691,0.365035992875,
    0.381711213613,0.398301880653,0.414823418335,0.431326889702,
    0.448164125522,0.464772555536,0.481574851679,0.498833916597,
    0.516076325801,0.532869467448,0.550364700599,0.567182918644,
    0.58368017293,0.60020088702,0.616790522208,0.633466402799,
    0.650196996519,0.66688122827,0.683506031496,0.700063533111,
    0.716557401724,0.732992840875,0.749415744672,0.765827967007,
    0.78223726506,0.798647812608,0.815056815176,0.831475231221,
    0.84789937286,0.864694545606,0.881987572306,0.898456926779,
    0.91536479181,0.932301655256,0.949102498792,0.966203962862,
0.982810298735,1.),.UNSPECIFIED.) GEOMETRIC_REPRESENTATION_ITEM() 
RATIONAL_B_SPLINE_SURFACE((
    (1.,1.000000000007,0.999999999997,1.000000000001,1.,1.,1.,1.,1.,1.
      ,1.,1.,1.,1.,1.,1.,1.,1.,1.,1.,1.,1.,1.,1.,1.,1.,1.,1.,1.,1.,1.,1.
      ,1.,1.,1.,1.,1.,1.,1.,1.,1.,1.,1.,1.,1.,1.,1.,1.,1.,1.,1.,1.,1.,1.
      ,1.,1.,1.,1.,1.000000000001,0.999999999996,1.000000000014
      ,0.999999999969,1.)
    ,(1.,1.000000000007,0.999999999997,1.000000000001,1.,1.,1.,1.,1.,1.
      ,1.,1.,1.,1.,1.,1.,1.,1.,1.,1.,1.,1.,1.,1.,1.,1.,1.,1.,1.,1.,1.,1.
      ,1.,1.,1.,1.,1.,1.,1.,1.,1.,1.,1.,1.,1.,1.,1.,1.,1.,1.,1.,1.,1.,1.
      ,1.,1.,1.,1.,1.000000000001,0.999999999996,1.000000000014
,0.999999999969,1.))) REPRESENTATION_ITEM('') SURFACE() );
#4531 = CARTESIAN_POINT('',(140.9618,348.22829971081,110.35601894985));
#4532 = CARTESIAN_POINT('',(142.09540904743,345.01854387418,
    109.95130155339));
#4533 = CARTESIAN_POINT('',(145.34352279277,348.06697992096,
    110.378442023));
#4534 = CARTESIAN_POINT('',(149.51920541273,345.91882733632,
    110.09407839867));
#4535 = CARTESIAN_POINT('',(153.74675028087,344.63115168415,
    110.04648696689));
#4536 = CARTESIAN_POINT('',(158.17058310233,344.91837359351,
    110.21103703646));
#4537 = CARTESIAN_POINT('',(162.26698448152,342.10069430515,
    109.81870197991));
#4538 = CARTESIAN_POINT('',(166.61873526807,342.31834210773,
    109.88440080716));
#4539 = CARTESIAN_POINT('',(171.05025168138,341.66376288033,
    109.79556604314));
#4540 = CARTESIAN_POINT('',(175.09238100893,341.88839446638,
    109.75833117001));
#4541 = CARTESIAN_POINT('',(179.41643525083,340.55245540107,
    109.47888135384));
#4542 = CARTESIAN_POINT('',(183.74465399728,340.70893805004,
    109.39981916886));
#4543 = CARTESIAN_POINT('',(188.01748830499,340.40040415129,
    109.22332812277));
#4544 = CARTESIAN_POINT('',(192.29804434258,340.46916302885,
    109.12470805104));
#4545 = CARTESIAN_POINT('',(196.57544693057,340.36955768133,
    108.95646192473));
#4546 = CARTESIAN_POINT('',(200.85359337877,340.31540607404,
    108.76486821333));
#4547 = CARTESIAN_POINT('',(205.13313267918,340.44196496791,
    108.5774436311));
#4548 = CARTESIAN_POINT('',(209.41029445154,340.74588611477,
    108.43299391095));
#4549 = CARTESIAN_POINT('',(213.69566833045,340.99865701321,
    108.23227944563));
#4550 = CARTESIAN_POINT('',(217.97323994091,341.677413438,
    108.14260409228));
#4551 = CARTESIAN_POINT('',(222.25201002744,342.4985523907,108.067299023
    ));
#4552 = CARTESIAN_POINT('',(226.52878947893,343.450601958,
    107.98814122021));
#4553 = CARTESIAN_POINT('',(230.80631705996,344.52478081014,
    107.88078016327));
#4554 = CARTESIAN_POINT('',(235.06961741834,345.76132140577,
    107.79118932094));
#4555 = CARTESIAN_POINT('',(239.34364675972,346.89870996281,
    107.73106431661));
#4556 = CARTESIAN_POINT('',(243.62590118763,347.82843238014,
    107.79702019206));
#4557 = CARTESIAN_POINT('',(247.90145862716,348.55698578039,
    108.08393075466));
#4558 = CARTESIAN_POINT('',(252.24748803221,348.95125401736,
    108.40951497656));
#4559 = CARTESIAN_POINT('',(256.42226459116,348.36659852315,
    108.66890847817));
#4560 = CARTESIAN_POINT('',(260.774587196,349.41741936417,
    108.95144409296));
#4561 = CARTESIAN_POINT('',(265.08553351846,348.91351316096,
    109.01973713049));
#4562 = CARTESIAN_POINT('',(269.30435854157,347.88352843182,
    109.23513270378));
#4563 = CARTESIAN_POINT('',(273.49463672784,346.82139164209,
    109.42646108006));
#4564 = CARTESIAN_POINT('',(277.98553204283,346.23844370789,
    109.65310593869));
#4565 = CARTESIAN_POINT('',(282.02098866206,344.03415658154,
    109.74931144993));
#4566 = CARTESIAN_POINT('',(286.37785805657,343.18363069341,
    110.0634188392));
#4567 = CARTESIAN_POINT('',(290.69560185407,342.97003745359,
    110.11446815674));
#4568 = CARTESIAN_POINT('',(294.97762712103,342.96675133848,
    110.24840130975));
#4569 = CARTESIAN_POINT('',(299.25829278307,343.15204706298,
    110.49083367885));
#4570 = CARTESIAN_POINT('',(303.53281780748,343.44001498129,
    110.85796343534));
#4571 = CARTESIAN_POINT('',(307.79563331651,343.84623125731,
    111.19345443795));
#4572 = CARTESIAN_POINT('',(312.07349323989,344.19582952547,
    111.55047240174));
#4573 = CARTESIAN_POINT('',(316.34983972698,344.49551839466,
    111.89116934907));
#4574 = CARTESIAN_POINT('',(320.62873034613,344.71551039276,
    112.16217225267));
#4575 = CARTESIAN_POINT('',(324.90645535717,344.84133177772,
    112.34802047681));
#4576 = CARTESIAN_POINT('',(329.19177427478,344.81615776691,
    112.48645906695));
#4577 = CARTESIAN_POINT('',(333.46902839726,344.87178615201,
    112.49828415662));
#4578 = CARTESIAN_POINT('',(337.74832561117,344.87398569756,
    112.47650941228));
#4579 = CARTESIAN_POINT('',(342.02697062847,344.87092291672,
    112.46518473411));
#4580 = CARTESIAN_POINT('',(346.30391351544,344.95886993744,
    112.41158170447));
#4581 = CARTESIAN_POINT('',(350.58496238288,344.99853452936,
    112.38320216322));
#4582 = CARTESIAN_POINT('',(354.8577723004,345.24325521932,
    112.30199511541));
#4583 = CARTESIAN_POINT('',(359.18388688825,345.06803875058,
    112.27231213472));
#4584 = CARTESIAN_POINT('',(363.5052046971,346.1812759089,
    111.96147338944));
#4585 = CARTESIAN_POINT('',(367.54865046447,348.56219336387,
    111.50266701058));
#4586 = CARTESIAN_POINT('',(372.05847150757,347.95743199912,
    111.44538951906));
#4587 = CARTESIAN_POINT('',(376.24564436291,350.08017869607,
    111.07448120276));
#4588 = CARTESIAN_POINT('',(380.50353796332,349.63335019492,
    110.96529537874));
#4589 = CARTESIAN_POINT('',(384.85798865987,349.14494756537,
    110.94109418073));
#4590 = CARTESIAN_POINT('',(389.02722072527,347.94414309755,
    111.00220070952));
#4591 = CARTESIAN_POINT('',(393.32393006004,347.99117531944,
    110.89357708571));
#4592 = CARTESIAN_POINT('',(396.53994441614,350.10922451366,
    110.63418944221));
#4593 = CARTESIAN_POINT('',(397.6403,347.37380219105,110.89023489908));
#4594 = CARTESIAN_POINT('',(140.9618,347.8501429304,110.28513492452));
#4595 = CARTESIAN_POINT('',(142.09540904743,344.4320357559,
    109.91041836227));
#4596 = CARTESIAN_POINT('',(145.34352279277,347.62619353771,
    110.31564150096));
#4597 = CARTESIAN_POINT('',(149.51920541273,345.28812859907,
    110.01560512295));
#4598 = CARTESIAN_POINT('',(153.74675028087,343.9589676099,
    109.95338354022));
#4599 = CARTESIAN_POINT('',(158.17058310233,344.29626644226,
    110.09738638441));
#4600 = CARTESIAN_POINT('',(162.26698448152,341.23402307252,
    109.69205320381));
#4601 = CARTESIAN_POINT('',(166.61873526807,341.41287449042,
    109.69334660845));
#4602 = CARTESIAN_POINT('',(171.05025168138,340.7228388411,
    109.59326138124));
#4603 = CARTESIAN_POINT('',(175.09238100893,340.75354300139,
    109.51733036566));
#4604 = CARTESIAN_POINT('',(179.41643525083,339.23537679542,
    109.20459942492));
#4605 = CARTESIAN_POINT('',(183.74465399728,339.40512027789,
    109.10619809385));
#4606 = CARTESIAN_POINT('',(188.01748830499,339.06116104787,
    108.9107166219));
#4607 = CARTESIAN_POINT('',(192.29804434258,339.13058848781,
    108.79127051154));
#4608 = CARTESIAN_POINT('',(196.57544693057,339.02079426827,
    108.6003170865));
#4609 = CARTESIAN_POINT('',(200.85359337877,338.96708986037,
    108.37546182709));
#4610 = CARTESIAN_POINT('',(205.13313267918,339.10270791421,
    108.17488768114));
#4611 = CARTESIAN_POINT('',(209.41029445154,339.43945072588,
    107.99646817379));
#4612 = CARTESIAN_POINT('',(213.69566833045,339.72417438681,
    107.76781552662));
#4613 = CARTESIAN_POINT('',(217.97323994091,340.47271487134,
    107.63692920649));
#4614 = CARTESIAN_POINT('',(222.25201002744,341.37880442573,
    107.52212254775));
#4615 = CARTESIAN_POINT('',(226.52878947893,342.43850016776,
    107.38977935882));
#4616 = CARTESIAN_POINT('',(230.80631705996,343.63714923492,
    107.23455136531));
#4617 = CARTESIAN_POINT('',(235.06961741834,344.99686190338,
    107.11000590898));
#4618 = CARTESIAN_POINT('',(239.34364675972,346.24313220031,
    107.04112052124));
#4619 = CARTESIAN_POINT('',(243.62590118763,347.24245706149,
    107.14560701293));
#4620 = CARTESIAN_POINT('',(247.90145862716,348.04325380573,
    107.47480788787));
#4621 = CARTESIAN_POINT('',(252.24748803221,348.43636130018,
    107.91092758851));
#4622 = CARTESIAN_POINT('',(256.42226459116,347.98591698158,
    108.11869009504));
#4623 = CARTESIAN_POINT('',(260.774587196,349.13605648889,
    108.42245176508));
#4624 = CARTESIAN_POINT('',(265.08553351846,348.71015553866,
    108.38861792675));
#4625 = CARTESIAN_POINT('',(269.30435854157,347.89552328181,
    108.68333308573));
#4626 = CARTESIAN_POINT('',(273.49463672784,347.04139230797,
    108.82607891029));
#4627 = CARTESIAN_POINT('',(277.98553204283,346.54664361798,
    109.15567224361));
#4628 = CARTESIAN_POINT('',(282.02098866206,344.45982950309,
    109.25696372736));
#4629 = CARTESIAN_POINT('',(286.37785805657,343.78891752919,
    109.66773350639));
#4630 = CARTESIAN_POINT('',(290.69560185407,343.602710812,
    109.63566854016));
#4631 = CARTESIAN_POINT('',(294.97762712103,343.69245689824,
    109.76087963784));
#4632 = CARTESIAN_POINT('',(299.25829278307,343.96655169476,
    109.99748366597));
#4633 = CARTESIAN_POINT('',(303.53281780748,344.34729674074,
    110.37062210633));
#4634 = CARTESIAN_POINT('',(307.79563331651,344.83515369356,
    110.69065213495));
#4635 = CARTESIAN_POINT('',(312.07349323989,345.25584460258,
    111.0260200391));
#4636 = CARTESIAN_POINT('',(316.34983972698,345.60837410632,
    111.32061930158));
#4637 = CARTESIAN_POINT('',(320.62873034613,345.86556598071,
    111.53604808173));
#4638 = CARTESIAN_POINT('',(324.90645535717,346.01929058635,
    111.66806172545));
#4639 = CARTESIAN_POINT('',(329.19177427478,346.0135467622,
    111.79426349077));
#4640 = CARTESIAN_POINT('',(333.46902839726,346.08511091635,
    111.79275251654));
#4641 = CARTESIAN_POINT('',(337.74832561117,346.09997523905,
    111.7867105862));
#4642 = CARTESIAN_POINT('',(342.02697062847,346.10514608305,
    111.79711723097));
#4643 = CARTESIAN_POINT('',(346.30391351544,346.18703894935,
    111.7783603589));
#4644 = CARTESIAN_POINT('',(350.58496238288,346.23056299426,
    111.7704894589));
#4645 = CARTESIAN_POINT('',(354.8577723004,346.45745917146,
    111.74152311863));
#4646 = CARTESIAN_POINT('',(359.18388688825,346.28698645788,
    111.78184806903));
#4647 = CARTESIAN_POINT('',(363.5052046971,347.32621131655,
    111.57708692974));
#4648 = CARTESIAN_POINT('',(367.54865046447,349.52617188032,
    111.2140283121));
#4649 = CARTESIAN_POINT('',(372.05847150757,348.93217370704,
    111.22825511689));
#4650 = CARTESIAN_POINT('',(376.24564436291,350.91028848943,
    110.92661840758));
#4651 = CARTESIAN_POINT('',(380.50353796332,350.28287631446,
    110.8656077042));
#4652 = CARTESIAN_POINT('',(384.85798865987,349.75554576536,
    110.84977037424));
#4653 = CARTESIAN_POINT('',(389.02722072527,348.49506433529,
    110.92110853033));
#4654 = CARTESIAN_POINT('',(393.32393006004,348.38256079388,
    110.84005119459));
#4655 = CARTESIAN_POINT('',(396.53994441614,350.49969821177,
    110.57791052188));
#4656 = CARTESIAN_POINT('',(397.6403,347.74384075833,110.84217123802));
#4657 = DEFINITIONAL_REPRESENTATION('',(#4658),#4662);
#4658 = LINE('',#4659,#4660);
#4659 = CARTESIAN_POINT('',(17.,0.));
#4660 = VECTOR('',#4661,1.);
#4661 = DIRECTION('',(0.,1.));
#4662 = ( GEOMETRIC_REPRESENTATION_CONTEXT(2) 
PARAMETRIC_REPRESENTATION_CONTEXT() REPRESENTATION_CONTEXT('2D SPACE',''
  ) );
#4663 = ORIENTED_EDGE('',*,*,#4664,.F.);
#4664 = EDGE_CURVE('',#4201,#4455,#4665,.T.);
#4665 = SURFACE_CURVE('',#4666,(#4669,#4676),.PCURVE_S1.);
#4666 = B_SPLINE_CURVE_WITH_KNOTS('',1,(#4667,#4668),.UNSPECIFIED.,.F.,
  .F.,(2,2),(16.,17.),.PIECEWISE_BEZIER_KNOTS.);
#4667 = CARTESIAN_POINT('',(397.6403,347.00376362376,110.93829856014));
#4668 = CARTESIAN_POINT('',(397.6403,347.37380219105,110.89023489908));
#4669 = PCURVE('',#4276,#4670);
#4670 = DEFINITIONAL_REPRESENTATION('',(#4671),#4675);
#4671 = LINE('',#4672,#4673);
#4672 = CARTESIAN_POINT('',(0.,1.));
#4673 = VECTOR('',#4674,1.);
#4674 = DIRECTION('',(1.,0.));
#4675 = ( GEOMETRIC_REPRESENTATION_CONTEXT(2) 
PARAMETRIC_REPRESENTATION_CONTEXT() REPRESENTATION_CONTEXT('2D SPACE',''
  ) );
#4676 = PCURVE('',#401,#4677);
#4677 = DEFINITIONAL_REPRESENTATION('',(#4678),#4681);
#4678 = B_SPLINE_CURVE_WITH_KNOTS('',1,(#4679,#4680),.UNSPECIFIED.,.F.,
  .F.,(2,2),(16.,17.),.PIECEWISE_BEZIER_KNOTS.);
#4679 = CARTESIAN_POINT('',(2.30848479035,4.75110294245E-02));
#4680 = CARTESIAN_POINT('',(1.935448824633,5.661185750438E-02));
#4681 = ( GEOMETRIC_REPRESENTATION_CONTEXT(2) 
PARAMETRIC_REPRESENTATION_CONTEXT() REPRESENTATION_CONTEXT('2D SPACE',''
  ) );
#4682 = ORIENTED_EDGE('',*,*,#4200,.F.);
#4683 = ADVANCED_FACE('',(#4684),#4530,.T.);
#4684 = FACE_BOUND('',#4685,.T.);
#4685 = EDGE_LOOP('',(#4686,#4707,#4917,#4936));
#4686 = ORIENTED_EDGE('',*,*,#4687,.T.);
#4687 = EDGE_CURVE('',#4434,#4688,#4690,.T.);
#4688 = VERTEX_POINT('',#4689);
#4689 = CARTESIAN_POINT('',(140.9618,347.8501429304,110.28513492452));
#4690 = SURFACE_CURVE('',#4691,(#4694,#4701),.PCURVE_S1.);
#4691 = B_SPLINE_CURVE_WITH_KNOTS('',1,(#4692,#4693),.UNSPECIFIED.,.F.,
  .F.,(2,2),(17.,18.),.PIECEWISE_BEZIER_KNOTS.);
#4692 = CARTESIAN_POINT('',(140.9618,348.22829971081,110.35601894985));
#4693 = CARTESIAN_POINT('',(140.9618,347.8501429304,110.28513492452));
#4694 = PCURVE('',#4530,#4695);
#4695 = DEFINITIONAL_REPRESENTATION('',(#4696),#4700);
#4696 = LINE('',#4697,#4698);
#4697 = CARTESIAN_POINT('',(0.,0.));
#4698 = VECTOR('',#4699,1.);
#4699 = DIRECTION('',(1.,0.));
#4700 = ( GEOMETRIC_REPRESENTATION_CONTEXT(2) 
PARAMETRIC_REPRESENTATION_CONTEXT() REPRESENTATION_CONTEXT('2D SPACE',''
  ) );
#4701 = PCURVE('',#165,#4702);
#4702 = DEFINITIONAL_REPRESENTATION('',(#4703),#4706);
#4703 = B_SPLINE_CURVE_WITH_KNOTS('',1,(#4704,#4705),.UNSPECIFIED.,.F.,
  .F.,(2,2),(17.,18.),.PIECEWISE_BEZIER_KNOTS.);
#4704 = CARTESIAN_POINT('',(6.56553496661,5.993015009723E-02));
#4705 = CARTESIAN_POINT('',(6.949693739502,3.873739596848E-02));
#4706 = ( GEOMETRIC_REPRESENTATION_CONTEXT(2) 
PARAMETRIC_REPRESENTATION_CONTEXT() REPRESENTATION_CONTEXT('2D SPACE',''
  ) );
#4707 = ORIENTED_EDGE('',*,*,#4708,.T.);
#4708 = EDGE_CURVE('',#4688,#4709,#4711,.T.);
#4709 = VERTEX_POINT('',#4710);
#4710 = CARTESIAN_POINT('',(397.6403,347.74384075833,110.84217123802));
#4711 = SURFACE_CURVE('',#4712,(#4776,#4783),.PCURVE_S1.);
#4712 = ( BOUNDED_CURVE() B_SPLINE_CURVE(3,(#4713,#4714,#4715,#4716,
    #4717,#4718,#4719,#4720,#4721,#4722,#4723,#4724,#4725,#4726,#4727,
    #4728,#4729,#4730,#4731,#4732,#4733,#4734,#4735,#4736,#4737,#4738,
    #4739,#4740,#4741,#4742,#4743,#4744,#4745,#4746,#4747,#4748,#4749,
    #4750,#4751,#4752,#4753,#4754,#4755,#4756,#4757,#4758,#4759,#4760,
    #4761,#4762,#4763,#4764,#4765,#4766,#4767,#4768,#4769,#4770,#4771,
    #4772,#4773,#4774,#4775),.UNSPECIFIED.,.F.,.F.) 
B_SPLINE_CURVE_WITH_KNOTS((4,1,1,1,1,1,1,1,1,1,1,1,1,1,1,1,1,1,1,1,1,1,1
    ,1,1,1,1,1,1,1,1,1,1,1,1,1,1,1,1,1,1,1,1,1,1,1,1,1,1,1,1,1,1,1,1,1,1
    ,1,1,1,4),(0.,1.671834126768E-02,3.328707673398E-02,
    5.001744466419E-02,6.648650714478E-02,8.348892901119E-02,
    9.999486964001E-02,0.11646941087,0.133815549619,0.150618938677,
    0.167038735703,0.183454077407,0.199862498306,0.216272023155,
    0.232682039048,0.249094136,0.265517101832,0.28195250261,
    0.298446383618,0.315002877417,0.331625113939,0.348307612691,
    0.365035992875,0.381711213613,0.398301880653,0.414823418335,
    0.431326889702,0.448164125522,0.464772555536,0.481574851679,
    0.498833916597,0.516076325801,0.532869467448,0.550364700599,
    0.567182918644,0.58368017293,0.60020088702,0.616790522208,
    0.633466402799,0.650196996519,0.66688122827,0.683506031496,
    0.700063533111,0.716557401724,0.732992840875,0.749415744672,
    0.765827967007,0.78223726506,0.798647812608,0.815056815176,
    0.831475231221,0.84789937286,0.864694545606,0.881987572306,
    0.898456926779,0.91536479181,0.932301655256,0.949102498792,
0.966203962862,0.982810298735,1.),.UNSPECIFIED.) CURVE() 
GEOMETRIC_REPRESENTATION_ITEM() RATIONAL_B_SPLINE_CURVE((1.,
    1.000000000007,0.999999999997,1.000000000001,1.,1.,1.,1.,1.,1.,1.,1.
    ,1.,1.,1.,1.,1.,1.,1.,1.,1.,1.,1.,1.,1.,1.,1.,1.,1.,1.,1.,1.,1.,1.,
    1.,1.,1.,1.,1.,1.,1.,1.,1.,1.,1.,1.,1.,1.,1.,1.,1.,1.,1.,1.,1.,1.,1.
    ,1.,1.000000000001,0.999999999996,1.000000000014,0.999999999969,1.))
 REPRESENTATION_ITEM('') );
#4713 = CARTESIAN_POINT('',(140.9618,347.8501429304,110.28513492452));
#4714 = CARTESIAN_POINT('',(142.09540904743,344.4320357559,
    109.91041836227));
#4715 = CARTESIAN_POINT('',(145.34352279277,347.62619353771,
    110.31564150096));
#4716 = CARTESIAN_POINT('',(149.51920541273,345.28812859907,
    110.01560512295));
#4717 = CARTESIAN_POINT('',(153.74675028087,343.9589676099,
    109.95338354022));
#4718 = CARTESIAN_POINT('',(158.17058310233,344.29626644226,
    110.09738638441));
#4719 = CARTESIAN_POINT('',(162.26698448152,341.23402307252,
    109.69205320381));
#4720 = CARTESIAN_POINT('',(166.61873526807,341.41287449042,
    109.69334660845));
#4721 = CARTESIAN_POINT('',(171.05025168138,340.7228388411,
    109.59326138124));
#4722 = CARTESIAN_POINT('',(175.09238100893,340.75354300139,
    109.51733036566));
#4723 = CARTESIAN_POINT('',(179.41643525083,339.23537679542,
    109.20459942492));
#4724 = CARTESIAN_POINT('',(183.74465399728,339.40512027789,
    109.10619809385));
#4725 = CARTESIAN_POINT('',(188.01748830499,339.06116104787,
    108.9107166219));
#4726 = CARTESIAN_POINT('',(192.29804434258,339.13058848781,
    108.79127051154));
#4727 = CARTESIAN_POINT('',(196.57544693057,339.02079426827,
    108.6003170865));
#4728 = CARTESIAN_POINT('',(200.85359337877,338.96708986037,
    108.37546182709));
#4729 = CARTESIAN_POINT('',(205.13313267918,339.10270791421,
    108.17488768114));
#4730 = CARTESIAN_POINT('',(209.41029445154,339.43945072588,
    107.99646817379));
#4731 = CARTESIAN_POINT('',(213.69566833045,339.72417438681,
    107.76781552662));
#4732 = CARTESIAN_POINT('',(217.97323994091,340.47271487134,
    107.63692920649));
#4733 = CARTESIAN_POINT('',(222.25201002744,341.37880442573,
    107.52212254775));
#4734 = CARTESIAN_POINT('',(226.52878947893,342.43850016776,
    107.38977935882));
#4735 = CARTESIAN_POINT('',(230.80631705996,343.63714923492,
    107.23455136531));
#4736 = CARTESIAN_POINT('',(235.06961741834,344.99686190338,
    107.11000590898));
#4737 = CARTESIAN_POINT('',(239.34364675972,346.24313220031,
    107.04112052124));
#4738 = CARTESIAN_POINT('',(243.62590118763,347.24245706149,
    107.14560701293));
#4739 = CARTESIAN_POINT('',(247.90145862716,348.04325380573,
    107.47480788787));
#4740 = CARTESIAN_POINT('',(252.24748803221,348.43636130018,
    107.91092758851));
#4741 = CARTESIAN_POINT('',(256.42226459116,347.98591698158,
    108.11869009504));
#4742 = CARTESIAN_POINT('',(260.774587196,349.13605648889,
    108.42245176508));
#4743 = CARTESIAN_POINT('',(265.08553351846,348.71015553866,
    108.38861792675));
#4744 = CARTESIAN_POINT('',(269.30435854157,347.89552328181,
    108.68333308573));
#4745 = CARTESIAN_POINT('',(273.49463672784,347.04139230797,
    108.82607891029));
#4746 = CARTESIAN_POINT('',(277.98553204283,346.54664361798,
    109.15567224361));
#4747 = CARTESIAN_POINT('',(282.02098866206,344.45982950309,
    109.25696372736));
#4748 = CARTESIAN_POINT('',(286.37785805657,343.78891752919,
    109.66773350639));
#4749 = CARTESIAN_POINT('',(290.69560185407,343.602710812,
    109.63566854016));
#4750 = CARTESIAN_POINT('',(294.97762712103,343.69245689824,
    109.76087963784));
#4751 = CARTESIAN_POINT('',(299.25829278307,343.96655169476,
    109.99748366597));
#4752 = CARTESIAN_POINT('',(303.53281780748,344.34729674074,
    110.37062210633));
#4753 = CARTESIAN_POINT('',(307.79563331651,344.83515369356,
    110.69065213495));
#4754 = CARTESIAN_POINT('',(312.07349323989,345.25584460258,
    111.0260200391));
#4755 = CARTESIAN_POINT('',(316.34983972698,345.60837410632,
    111.32061930158));
#4756 = CARTESIAN_POINT('',(320.62873034613,345.86556598071,
    111.53604808173));
#4757 = CARTESIAN_POINT('',(324.90645535717,346.01929058635,
    111.66806172545));
#4758 = CARTESIAN_POINT('',(329.19177427478,346.0135467622,
    111.79426349077));
#4759 = CARTESIAN_POINT('',(333.46902839726,346.08511091635,
    111.79275251654));
#4760 = CARTESIAN_POINT('',(337.74832561117,346.09997523905,
    111.7867105862));
#4761 = CARTESIAN_POINT('',(342.02697062847,346.10514608305,
    111.79711723097));
#4762 = CARTESIAN_POINT('',(346.30391351544,346.18703894935,
    111.7783603589));
#4763 = CARTESIAN_POINT('',(350.58496238288,346.23056299426,
    111.7704894589));
#4764 = CARTESIAN_POINT('',(354.8577723004,346.45745917146,
    111.74152311863));
#4765 = CARTESIAN_POINT('',(359.18388688825,346.28698645788,
    111.78184806903));
#4766 = CARTESIAN_POINT('',(363.5052046971,347.32621131655,
    111.57708692974));
#4767 = CARTESIAN_POINT('',(367.54865046447,349.52617188032,
    111.2140283121));
#4768 = CARTESIAN_POINT('',(372.05847150757,348.93217370704,
    111.22825511689));
#4769 = CARTESIAN_POINT('',(376.24564436291,350.91028848943,
    110.92661840758));
#4770 = CARTESIAN_POINT('',(380.50353796332,350.28287631446,
    110.8656077042));
#4771 = CARTESIAN_POINT('',(384.85798865987,349.75554576536,
    110.84977037424));
#4772 = CARTESIAN_POINT('',(389.02722072527,348.49506433529,
    110.92110853033));
#4773 = CARTESIAN_POINT('',(393.32393006004,348.38256079388,
    110.84005119459));
#4774 = CARTESIAN_POINT('',(396.53994441614,350.49969821177,
    110.57791052188));
#4775 = CARTESIAN_POINT('',(397.6403,347.74384075833,110.84217123802));
#4776 = PCURVE('',#4530,#4777);
#4777 = DEFINITIONAL_REPRESENTATION('',(#4778),#4782);
#4778 = LINE('',#4779,#4780);
#4779 = CARTESIAN_POINT('',(18.,0.));
#4780 = VECTOR('',#4781,1.);
#4781 = DIRECTION('',(0.,1.));
#4782 = ( GEOMETRIC_REPRESENTATION_CONTEXT(2) 
PARAMETRIC_REPRESENTATION_CONTEXT() REPRESENTATION_CONTEXT('2D SPACE',''
  ) );
#4783 = PCURVE('',#4784,#4911);
#4784 = ( BOUNDED_SURFACE() B_SPLINE_SURFACE(1,3,(
    (#4785,#4786,#4787,#4788,#4789,#4790,#4791,#4792,#4793,#4794,#4795
      ,#4796,#4797,#4798,#4799,#4800,#4801,#4802,#4803,#4804,#4805,#4806
      ,#4807,#4808,#4809,#4810,#4811,#4812,#4813,#4814,#4815,#4816,#4817
      ,#4818,#4819,#4820,#4821,#4822,#4823,#4824,#4825,#4826,#4827,#4828
      ,#4829,#4830,#4831,#4832,#4833,#4834,#4835,#4836,#4837,#4838,#4839
      ,#4840,#4841,#4842,#4843,#4844,#4845,#4846,#4847)
    ,(#4848,#4849,#4850,#4851,#4852,#4853,#4854,#4855,#4856,#4857,#4858
      ,#4859,#4860,#4861,#4862,#4863,#4864,#4865,#4866,#4867,#4868,#4869
      ,#4870,#4871,#4872,#4873,#4874,#4875,#4876,#4877,#4878,#4879,#4880
      ,#4881,#4882,#4883,#4884,#4885,#4886,#4887,#4888,#4889,#4890,#4891
      ,#4892,#4893,#4894,#4895,#4896,#4897,#4898,#4899,#4900,#4901,#4902
      ,#4903,#4904,#4905,#4906,#4907,#4908,#4909,#4910
)),.UNSPECIFIED.,.F.,.F.,.F.) B_SPLINE_SURFACE_WITH_KNOTS((2,2),(4,1,1,1
    ,1,1,1,1,1,1,1,1,1,1,1,1,1,1,1,1,1,1,1,1,1,1,1,1,1,1,1,1,1,1,1,1,1,1
    ,1,1,1,1,1,1,1,1,1,1,1,1,1,1,1,1,1,1,1,1,1,1,4),(18.,19.),(0.,
    1.671834126768E-02,3.328707673398E-02,5.001744466419E-02,
    6.648650714478E-02,8.348892901119E-02,9.999486964001E-02,
    0.11646941087,0.133815549619,0.150618938677,0.167038735703,
    0.183454077407,0.199862498306,0.216272023155,0.232682039048,
    0.249094136,0.265517101832,0.28195250261,0.298446383618,
    0.315002877417,0.331625113939,0.348307612691,0.365035992875,
    0.381711213613,0.398301880653,0.414823418335,0.431326889702,
    0.448164125522,0.464772555536,0.481574851679,0.498833916597,
    0.516076325801,0.532869467448,0.550364700599,0.567182918644,
    0.58368017293,0.60020088702,0.616790522208,0.633466402799,
    0.650196996519,0.66688122827,0.683506031496,0.700063533111,
    0.716557401724,0.732992840875,0.749415744672,0.765827967007,
    0.78223726506,0.798647812608,0.815056815176,0.831475231221,
    0.84789937286,0.864694545606,0.881987572306,0.898456926779,
    0.91536479181,0.932301655256,0.949102498792,0.966203962862,
0.982810298735,1.),.UNSPECIFIED.) GEOMETRIC_REPRESENTATION_ITEM() 
RATIONAL_B_SPLINE_SURFACE((
    (1.,1.000000000007,0.999999999997,1.000000000001,1.,1.,1.,1.,1.,1.
      ,1.,1.,1.,1.,1.,1.,1.,1.,1.,1.,1.,1.,1.,1.,1.,1.,1.,1.,1.,1.,1.,1.
      ,1.,1.,1.,1.,1.,1.,1.,1.,1.,1.,1.,1.,1.,1.,1.,1.,1.,1.,1.,1.,1.,1.
      ,1.,1.,1.,1.,1.000000000001,0.999999999996,1.000000000014
      ,0.999999999969,1.)
    ,(1.,1.000000000007,0.999999999997,1.000000000001,1.,1.,1.,1.,1.,1.
      ,1.,1.,1.,1.,1.,1.,1.,1.,1.,1.,1.,1.,1.,1.,1.,1.,1.,1.,1.,1.,1.,1.
      ,1.,1.,1.,1.,1.,1.,1.,1.,1.,1.,1.,1.,1.,1.,1.,1.,1.,1.,1.,1.,1.,1.
      ,1.,1.,1.,1.,1.000000000001,0.999999999996,1.000000000014
,0.999999999969,1.))) REPRESENTATION_ITEM('') SURFACE() );
#4785 = CARTESIAN_POINT('',(140.9618,347.8501429304,110.28513492452));
#4786 = CARTESIAN_POINT('',(142.09540904743,344.4320357559,
    109.91041836227));
#4787 = CARTESIAN_POINT('',(145.34352279277,347.62619353771,
    110.31564150096));
#4788 = CARTESIAN_POINT('',(149.51920541273,345.28812859907,
    110.01560512295));
#4789 = CARTESIAN_POINT('',(153.74675028087,343.9589676099,
    109.95338354022));
#4790 = CARTESIAN_POINT('',(158.17058310233,344.29626644226,
    110.09738638441));
#4791 = CARTESIAN_POINT('',(162.26698448152,341.23402307252,
    109.69205320381));
#4792 = CARTESIAN_POINT('',(166.61873526807,341.41287449042,
    109.69334660845));
#4793 = CARTESIAN_POINT('',(171.05025168138,340.7228388411,
    109.59326138124));
#4794 = CARTESIAN_POINT('',(175.09238100893,340.75354300139,
    109.51733036566));
#4795 = CARTESIAN_POINT('',(179.41643525083,339.23537679542,
    109.20459942492));
#4796 = CARTESIAN_POINT('',(183.74465399728,339.40512027789,
    109.10619809385));
#4797 = CARTESIAN_POINT('',(188.01748830499,339.06116104787,
    108.9107166219));
#4798 = CARTESIAN_POINT('',(192.29804434258,339.13058848781,
    108.79127051154));
#4799 = CARTESIAN_POINT('',(196.57544693057,339.02079426827,
    108.6003170865));
#4800 = CARTESIAN_POINT('',(200.85359337877,338.96708986037,
    108.37546182709));
#4801 = CARTESIAN_POINT('',(205.13313267918,339.10270791421,
    108.17488768114));
#4802 = CARTESIAN_POINT('',(209.41029445154,339.43945072588,
    107.99646817379));
#4803 = CARTESIAN_POINT('',(213.69566833045,339.72417438681,
    107.76781552662));
#4804 = CARTESIAN_POINT('',(217.97323994091,340.47271487134,
    107.63692920649));
#4805 = CARTESIAN_POINT('',(222.25201002744,341.37880442573,
    107.52212254775));
#4806 = CARTESIAN_POINT('',(226.52878947893,342.43850016776,
    107.38977935882));
#4807 = CARTESIAN_POINT('',(230.80631705996,343.63714923492,
    107.23455136531));
#4808 = CARTESIAN_POINT('',(235.06961741834,344.99686190338,
    107.11000590898));
#4809 = CARTESIAN_POINT('',(239.34364675972,346.24313220031,
    107.04112052124));
#4810 = CARTESIAN_POINT('',(243.62590118763,347.24245706149,
    107.14560701293));
#4811 = CARTESIAN_POINT('',(247.90145862716,348.04325380573,
    107.47480788787));
#4812 = CARTESIAN_POINT('',(252.24748803221,348.43636130018,
    107.91092758851));
#4813 = CARTESIAN_POINT('',(256.42226459116,347.98591698158,
    108.11869009504));
#4814 = CARTESIAN_POINT('',(260.774587196,349.13605648889,
    108.42245176508));
#4815 = CARTESIAN_POINT('',(265.08553351846,348.71015553866,
    108.38861792675));
#4816 = CARTESIAN_POINT('',(269.30435854157,347.89552328181,
    108.68333308573));
#4817 = CARTESIAN_POINT('',(273.49463672784,347.04139230797,
    108.82607891029));
#4818 = CARTESIAN_POINT('',(277.98553204283,346.54664361798,
    109.15567224361));
#4819 = CARTESIAN_POINT('',(282.02098866206,344.45982950309,
    109.25696372736));
#4820 = CARTESIAN_POINT('',(286.37785805657,343.78891752919,
    109.66773350639));
#4821 = CARTESIAN_POINT('',(290.69560185407,343.602710812,
    109.63566854016));
#4822 = CARTESIAN_POINT('',(294.97762712103,343.69245689824,
    109.76087963784));
#4823 = CARTESIAN_POINT('',(299.25829278307,343.96655169476,
    109.99748366597));
#4824 = CARTESIAN_POINT('',(303.53281780748,344.34729674074,
    110.37062210633));
#4825 = CARTESIAN_POINT('',(307.79563331651,344.83515369356,
    110.69065213495));
#4826 = CARTESIAN_POINT('',(312.07349323989,345.25584460258,
    111.0260200391));
#4827 = CARTESIAN_POINT('',(316.34983972698,345.60837410632,
    111.32061930158));
#4828 = CARTESIAN_POINT('',(320.62873034613,345.86556598071,
    111.53604808173));
#4829 = CARTESIAN_POINT('',(324.90645535717,346.01929058635,
    111.66806172545));
#4830 = CARTESIAN_POINT('',(329.19177427478,346.0135467622,
    111.79426349077));
#4831 = CARTESIAN_POINT('',(333.46902839726,346.08511091635,
    111.79275251654));
#4832 = CARTESIAN_POINT('',(337.74832561117,346.09997523905,
    111.7867105862));
#4833 = CARTESIAN_POINT('',(342.02697062847,346.10514608305,
    111.79711723097));
#4834 = CARTESIAN_POINT('',(346.30391351544,346.18703894935,
    111.7783603589));
#4835 = CARTESIAN_POINT('',(350.58496238288,346.23056299426,
    111.7704894589));
#4836 = CARTESIAN_POINT('',(354.8577723004,346.45745917146,
    111.74152311863));
#4837 = CARTESIAN_POINT('',(359.18388688825,346.28698645788,
    111.78184806903));
#4838 = CARTESIAN_POINT('',(363.5052046971,347.32621131655,
    111.57708692974));
#4839 = CARTESIAN_POINT('',(367.54865046447,349.52617188032,
    111.2140283121));
#4840 = CARTESIAN_POINT('',(372.05847150757,348.93217370704,
    111.22825511689));
#4841 = CARTESIAN_POINT('',(376.24564436291,350.91028848943,
    110.92661840758));
#4842 = CARTESIAN_POINT('',(380.50353796332,350.28287631446,
    110.8656077042));
#4843 = CARTESIAN_POINT('',(384.85798865987,349.75554576536,
    110.84977037424));
#4844 = CARTESIAN_POINT('',(389.02722072527,348.49506433529,
    110.92110853033));
#4845 = CARTESIAN_POINT('',(393.32393006004,348.38256079388,
    110.84005119459));
#4846 = CARTESIAN_POINT('',(396.53994441614,350.49969821177,
    110.57791052188));
#4847 = CARTESIAN_POINT('',(397.6403,347.74384075833,110.84217123802));
#4848 = CARTESIAN_POINT('',(140.9618,347.47180339083,110.2160665946));
#4849 = CARTESIAN_POINT('',(142.09540904743,343.85795237424,
    109.78953792719));
#4850 = CARTESIAN_POINT('',(145.34352279277,347.18765396267,
    110.22508245194));
#4851 = CARTESIAN_POINT('',(149.51920541273,344.66123655349,
    109.90533400368));
#4852 = CARTESIAN_POINT('',(153.74675028087,343.29345440477,
    109.81671077786));
#4853 = CARTESIAN_POINT('',(158.17058310233,343.67931472682,
    109.94761305543));
#4854 = CARTESIAN_POINT('',(162.26698448152,340.37645263697,
    109.50416761246));
#4855 = CARTESIAN_POINT('',(166.61873526807,340.51053947174,
    109.49497710763));
#4856 = CARTESIAN_POINT('',(171.05025168138,339.78947192512,
    109.35706223567));
#4857 = CARTESIAN_POINT('',(175.09238100893,339.6251226399,
    109.2479806781));
#4858 = CARTESIAN_POINT('',(179.41643525083,337.92942521171,
    108.88231423721));
#4859 = CARTESIAN_POINT('',(183.74465399728,338.11016192962,
    108.77516715383));
#4860 = CARTESIAN_POINT('',(188.01748830499,337.73329570944,
    108.55306004865));
#4861 = CARTESIAN_POINT('',(192.29804434258,337.80128279382,
    108.42158513518));
#4862 = CARTESIAN_POINT('',(196.57544693057,337.68364336672,
    108.20348107136));
#4863 = CARTESIAN_POINT('',(200.85359337877,337.62823633177,
    107.95555861438));
#4864 = CARTESIAN_POINT('',(205.13313267918,337.7779672837,
    107.72766558337));
#4865 = CARTESIAN_POINT('',(209.41029445154,338.1443681545,
    107.52740099596));
#4866 = CARTESIAN_POINT('',(213.69566833045,338.47171580578,
    107.24800223733));
#4867 = CARTESIAN_POINT('',(217.97323994091,339.29500741992,
    107.07766528068));
#4868 = CARTESIAN_POINT('',(222.25201002744,340.29594712279,
    106.9126616279));
#4869 = CARTESIAN_POINT('',(226.52878947893,341.47065844768,
    106.72927108692));
#4870 = CARTESIAN_POINT('',(230.80631705996,342.79806202392,
    106.52482477171));
#4871 = CARTESIAN_POINT('',(235.06961741834,344.28852564695,
    106.37410217506));
#4872 = CARTESIAN_POINT('',(239.34364675972,345.63422087734,
    106.31271750203));
#4873 = CARTESIAN_POINT('',(243.62590118763,346.75461626579,
    106.42197801764));
#4874 = CARTESIAN_POINT('',(247.90145862716,347.58586418073,
    106.82587799617));
#4875 = CARTESIAN_POINT('',(252.24748803221,348.03893669285,
    107.3317440493));
#4876 = CARTESIAN_POINT('',(256.42226459116,347.68690624255,
    107.51122124557));
#4877 = CARTESIAN_POINT('',(260.774587196,348.94144781269,
    107.83432051201));
#4878 = CARTESIAN_POINT('',(265.08553351846,348.52958984625,
    107.74525925277));
#4879 = CARTESIAN_POINT('',(269.30435854157,347.96066084108,
    108.09871630774));
#4880 = CARTESIAN_POINT('',(273.49463672784,347.25873796799,
    108.25101176072));
#4881 = CARTESIAN_POINT('',(277.98553204283,346.88339789265,
    108.69000533022));
#4882 = CARTESIAN_POINT('',(282.02098866206,344.91479363977,
    108.8081017899));
#4883 = CARTESIAN_POINT('',(286.37785805657,344.43251309319,
    109.32439862378));
#4884 = CARTESIAN_POINT('',(290.69560185407,344.27821823509,
    109.21655585555));
#4885 = CARTESIAN_POINT('',(294.97762712103,344.45353433275,
    109.32432019015));
#4886 = CARTESIAN_POINT('',(299.25829278307,344.80686075788,
    109.54526611861));
#4887 = CARTESIAN_POINT('',(303.53281780748,345.26636780427,
    109.89932765033));
#4888 = CARTESIAN_POINT('',(307.79563331651,345.83847309739,
    110.21728401681));
#4889 = CARTESIAN_POINT('',(312.07349323989,346.33458082712,
    110.54051458916));
#4890 = CARTESIAN_POINT('',(316.34983972698,346.75012552427,
    110.81540062613));
#4891 = CARTESIAN_POINT('',(320.62873034613,347.06790506709,
    111.02442918936));
#4892 = CARTESIAN_POINT('',(324.90645535717,347.27827958181,
    111.16698731266));
#4893 = CARTESIAN_POINT('',(329.19177427478,347.2927515702,
    111.28775408798));
#4894 = CARTESIAN_POINT('',(333.46902839726,347.39796313167,
    111.32394735189));
#4895 = CARTESIAN_POINT('',(337.74832561117,347.42993729226,
    111.34923770029));
#4896 = CARTESIAN_POINT('',(342.02697062847,347.43827178372,
    111.383220552));
#4897 = CARTESIAN_POINT('',(346.30391351544,347.51170519459,
    111.40862014062));
#4898 = CARTESIAN_POINT('',(350.58496238288,347.55911139762,
    111.42656473572));
#4899 = CARTESIAN_POINT('',(354.8577723004,347.75495980432,
    111.42779528071));
#4900 = CARTESIAN_POINT('',(359.18388688825,347.5699789017,
    111.48604287172));
#4901 = CARTESIAN_POINT('',(363.5052046971,348.51383401181,
    111.33044085982));
#4902 = CARTESIAN_POINT('',(367.54865046447,350.51368461988,
    111.00588606902));
#4903 = CARTESIAN_POINT('',(372.05847150757,349.91902809823,
    111.05508732796));
#4904 = CARTESIAN_POINT('',(376.24564436291,351.73945829829,
    110.77678431473));
#4905 = CARTESIAN_POINT('',(380.50353796332,350.93277116074,
    110.76721840239));
#4906 = CARTESIAN_POINT('',(384.85798865987,350.36610124917,
    110.75827972294));
#4907 = CARTESIAN_POINT('',(389.02722072527,349.04577846421,
    110.8393534063));
#4908 = CARTESIAN_POINT('',(393.32393006004,348.7747979061,
    110.78927996556));
#4909 = CARTESIAN_POINT('',(396.53994441614,350.88824954604,
    110.51540867546));
#4910 = CARTESIAN_POINT('',(397.6403,348.11387932561,110.79410757696));
#4911 = DEFINITIONAL_REPRESENTATION('',(#4912),#4916);
#4912 = LINE('',#4913,#4914);
#4913 = CARTESIAN_POINT('',(18.,0.));
#4914 = VECTOR('',#4915,1.);
#4915 = DIRECTION('',(0.,1.));
#4916 = ( GEOMETRIC_REPRESENTATION_CONTEXT(2) 
PARAMETRIC_REPRESENTATION_CONTEXT() REPRESENTATION_CONTEXT('2D SPACE',''
  ) );
#4917 = ORIENTED_EDGE('',*,*,#4918,.F.);
#4918 = EDGE_CURVE('',#4455,#4709,#4919,.T.);
#4919 = SURFACE_CURVE('',#4920,(#4923,#4930),.PCURVE_S1.);
#4920 = B_SPLINE_CURVE_WITH_KNOTS('',1,(#4921,#4922),.UNSPECIFIED.,.F.,
  .F.,(2,2),(17.,18.),.PIECEWISE_BEZIER_KNOTS.);
#4921 = CARTESIAN_POINT('',(397.6403,347.37380219105,110.89023489908));
#4922 = CARTESIAN_POINT('',(397.6403,347.74384075833,110.84217123802));
#4923 = PCURVE('',#4530,#4924);
#4924 = DEFINITIONAL_REPRESENTATION('',(#4925),#4929);
#4925 = LINE('',#4926,#4927);
#4926 = CARTESIAN_POINT('',(0.,1.));
#4927 = VECTOR('',#4928,1.);
#4928 = DIRECTION('',(1.,0.));
#4929 = ( GEOMETRIC_REPRESENTATION_CONTEXT(2) 
PARAMETRIC_REPRESENTATION_CONTEXT() REPRESENTATION_CONTEXT('2D SPACE',''
  ) );
#4930 = PCURVE('',#401,#4931);
#4931 = DEFINITIONAL_REPRESENTATION('',(#4932),#4935);
#4932 = B_SPLINE_CURVE_WITH_KNOTS('',1,(#4933,#4934),.UNSPECIFIED.,.F.,
  .F.,(2,2),(17.,18.),.PIECEWISE_BEZIER_KNOTS.);
#4933 = CARTESIAN_POINT('',(1.935448824633,5.661185750438E-02));
#4934 = CARTESIAN_POINT('',(1.562412858915,6.571268558426E-02));
#4935 = ( GEOMETRIC_REPRESENTATION_CONTEXT(2) 
PARAMETRIC_REPRESENTATION_CONTEXT() REPRESENTATION_CONTEXT('2D SPACE',''
  ) );
#4936 = ORIENTED_EDGE('',*,*,#4454,.F.);
#4937 = ADVANCED_FACE('',(#4938),#4784,.T.);
#4938 = FACE_BOUND('',#4939,.T.);
#4939 = EDGE_LOOP('',(#4940,#4961,#5171,#5190));
#4940 = ORIENTED_EDGE('',*,*,#4941,.T.);
#4941 = EDGE_CURVE('',#4688,#4942,#4944,.T.);
#4942 = VERTEX_POINT('',#4943);
#4943 = CARTESIAN_POINT('',(140.9618,347.47180339083,110.2160665946));
#4944 = SURFACE_CURVE('',#4945,(#4948,#4955),.PCURVE_S1.);
#4945 = B_SPLINE_CURVE_WITH_KNOTS('',1,(#4946,#4947),.UNSPECIFIED.,.F.,
  .F.,(2,2),(18.,19.),.PIECEWISE_BEZIER_KNOTS.);
#4946 = CARTESIAN_POINT('',(140.9618,347.8501429304,110.28513492452));
#4947 = CARTESIAN_POINT('',(140.9618,347.47180339083,110.2160665946));
#4948 = PCURVE('',#4784,#4949);
#4949 = DEFINITIONAL_REPRESENTATION('',(#4950),#4954);
#4950 = LINE('',#4951,#4952);
#4951 = CARTESIAN_POINT('',(0.,0.));
#4952 = VECTOR('',#4953,1.);
#4953 = DIRECTION('',(1.,0.));
#4954 = ( GEOMETRIC_REPRESENTATION_CONTEXT(2) 
PARAMETRIC_REPRESENTATION_CONTEXT() REPRESENTATION_CONTEXT('2D SPACE',''
  ) );
#4955 = PCURVE('',#165,#4956);
#4956 = DEFINITIONAL_REPRESENTATION('',(#4957),#4960);
#4957 = B_SPLINE_CURVE_WITH_KNOTS('',1,(#4958,#4959),.UNSPECIFIED.,.F.,
  .F.,(2,2),(18.,19.),.PIECEWISE_BEZIER_KNOTS.);
#4958 = CARTESIAN_POINT('',(6.949693739502,3.873739596848E-02));
#4959 = CARTESIAN_POINT('',(7.333798015633,1.936869798423E-02));
#4960 = ( GEOMETRIC_REPRESENTATION_CONTEXT(2) 
PARAMETRIC_REPRESENTATION_CONTEXT() REPRESENTATION_CONTEXT('2D SPACE',''
  ) );
#4961 = ORIENTED_EDGE('',*,*,#4962,.T.);
#4962 = EDGE_CURVE('',#4942,#4963,#4965,.T.);
#4963 = VERTEX_POINT('',#4964);
#4964 = CARTESIAN_POINT('',(397.6403,348.11387932561,110.79410757696));
#4965 = SURFACE_CURVE('',#4966,(#5030,#5037),.PCURVE_S1.);
#4966 = ( BOUNDED_CURVE() B_SPLINE_CURVE(3,(#4967,#4968,#4969,#4970,
    #4971,#4972,#4973,#4974,#4975,#4976,#4977,#4978,#4979,#4980,#4981,
    #4982,#4983,#4984,#4985,#4986,#4987,#4988,#4989,#4990,#4991,#4992,
    #4993,#4994,#4995,#4996,#4997,#4998,#4999,#5000,#5001,#5002,#5003,
    #5004,#5005,#5006,#5007,#5008,#5009,#5010,#5011,#5012,#5013,#5014,
    #5015,#5016,#5017,#5018,#5019,#5020,#5021,#5022,#5023,#5024,#5025,
    #5026,#5027,#5028,#5029),.UNSPECIFIED.,.F.,.F.) 
B_SPLINE_CURVE_WITH_KNOTS((4,1,1,1,1,1,1,1,1,1,1,1,1,1,1,1,1,1,1,1,1,1,1
    ,1,1,1,1,1,1,1,1,1,1,1,1,1,1,1,1,1,1,1,1,1,1,1,1,1,1,1,1,1,1,1,1,1,1
    ,1,1,1,4),(0.,1.671834126768E-02,3.328707673398E-02,
    5.001744466419E-02,6.648650714478E-02,8.348892901119E-02,
    9.999486964001E-02,0.11646941087,0.133815549619,0.150618938677,
    0.167038735703,0.183454077407,0.199862498306,0.216272023155,
    0.232682039048,0.249094136,0.265517101832,0.28195250261,
    0.298446383618,0.315002877417,0.331625113939,0.348307612691,
    0.365035992875,0.381711213613,0.398301880653,0.414823418335,
    0.431326889702,0.448164125522,0.464772555536,0.481574851679,
    0.498833916597,0.516076325801,0.532869467448,0.550364700599,
    0.567182918644,0.58368017293,0.60020088702,0.616790522208,
    0.633466402799,0.650196996519,0.66688122827,0.683506031496,
    0.700063533111,0.716557401724,0.732992840875,0.749415744672,
    0.765827967007,0.78223726506,0.798647812608,0.815056815176,
    0.831475231221,0.84789937286,0.864694545606,0.881987572306,
    0.898456926779,0.91536479181,0.932301655256,0.949102498792,
0.966203962862,0.982810298735,1.),.UNSPECIFIED.) CURVE() 
GEOMETRIC_REPRESENTATION_ITEM() RATIONAL_B_SPLINE_CURVE((1.,
    1.000000000007,0.999999999997,1.000000000001,1.,1.,1.,1.,1.,1.,1.,1.
    ,1.,1.,1.,1.,1.,1.,1.,1.,1.,1.,1.,1.,1.,1.,1.,1.,1.,1.,1.,1.,1.,1.,
    1.,1.,1.,1.,1.,1.,1.,1.,1.,1.,1.,1.,1.,1.,1.,1.,1.,1.,1.,1.,1.,1.,1.
    ,1.,1.000000000001,0.999999999996,1.000000000014,0.999999999969,1.))
 REPRESENTATION_ITEM('') );
#4967 = CARTESIAN_POINT('',(140.9618,347.47180339083,110.2160665946));
#4968 = CARTESIAN_POINT('',(142.09540904743,343.85795237424,
    109.78953792719));
#4969 = CARTESIAN_POINT('',(145.34352279277,347.18765396267,
    110.22508245194));
#4970 = CARTESIAN_POINT('',(149.51920541273,344.66123655349,
    109.90533400368));
#4971 = CARTESIAN_POINT('',(153.74675028087,343.29345440477,
    109.81671077786));
#4972 = CARTESIAN_POINT('',(158.17058310233,343.67931472682,
    109.94761305543));
#4973 = CARTESIAN_POINT('',(162.26698448152,340.37645263697,
    109.50416761246));
#4974 = CARTESIAN_POINT('',(166.61873526807,340.51053947174,
    109.49497710763));
#4975 = CARTESIAN_POINT('',(171.05025168138,339.78947192512,
    109.35706223567));
#4976 = CARTESIAN_POINT('',(175.09238100893,339.6251226399,
    109.2479806781));
#4977 = CARTESIAN_POINT('',(179.41643525083,337.92942521171,
    108.88231423721));
#4978 = CARTESIAN_POINT('',(183.74465399728,338.11016192962,
    108.77516715383));
#4979 = CARTESIAN_POINT('',(188.01748830499,337.73329570944,
    108.55306004865));
#4980 = CARTESIAN_POINT('',(192.29804434258,337.80128279382,
    108.42158513518));
#4981 = CARTESIAN_POINT('',(196.57544693057,337.68364336672,
    108.20348107136));
#4982 = CARTESIAN_POINT('',(200.85359337877,337.62823633177,
    107.95555861438));
#4983 = CARTESIAN_POINT('',(205.13313267918,337.7779672837,
    107.72766558337));
#4984 = CARTESIAN_POINT('',(209.41029445154,338.1443681545,
    107.52740099596));
#4985 = CARTESIAN_POINT('',(213.69566833045,338.47171580578,
    107.24800223733));
#4986 = CARTESIAN_POINT('',(217.97323994091,339.29500741992,
    107.07766528068));
#4987 = CARTESIAN_POINT('',(222.25201002744,340.29594712279,
    106.9126616279));
#4988 = CARTESIAN_POINT('',(226.52878947893,341.47065844768,
    106.72927108692));
#4989 = CARTESIAN_POINT('',(230.80631705996,342.79806202392,
    106.52482477171));
#4990 = CARTESIAN_POINT('',(235.06961741834,344.28852564695,
    106.37410217506));
#4991 = CARTESIAN_POINT('',(239.34364675972,345.63422087734,
    106.31271750203));
#4992 = CARTESIAN_POINT('',(243.62590118763,346.75461626579,
    106.42197801764));
#4993 = CARTESIAN_POINT('',(247.90145862716,347.58586418073,
    106.82587799617));
#4994 = CARTESIAN_POINT('',(252.24748803221,348.03893669285,
    107.3317440493));
#4995 = CARTESIAN_POINT('',(256.42226459116,347.68690624255,
    107.51122124557));
#4996 = CARTESIAN_POINT('',(260.774587196,348.94144781269,
    107.83432051201));
#4997 = CARTESIAN_POINT('',(265.08553351846,348.52958984625,
    107.74525925277));
#4998 = CARTESIAN_POINT('',(269.30435854157,347.96066084108,
    108.09871630774));
#4999 = CARTESIAN_POINT('',(273.49463672784,347.25873796799,
    108.25101176072));
#5000 = CARTESIAN_POINT('',(277.98553204283,346.88339789265,
    108.69000533022));
#5001 = CARTESIAN_POINT('',(282.02098866206,344.91479363977,
    108.8081017899));
#5002 = CARTESIAN_POINT('',(286.37785805657,344.43251309319,
    109.32439862378));
#5003 = CARTESIAN_POINT('',(290.69560185407,344.27821823509,
    109.21655585555));
#5004 = CARTESIAN_POINT('',(294.97762712103,344.45353433275,
    109.32432019015));
#5005 = CARTESIAN_POINT('',(299.25829278307,344.80686075788,
    109.54526611861));
#5006 = CARTESIAN_POINT('',(303.53281780748,345.26636780427,
    109.89932765033));
#5007 = CARTESIAN_POINT('',(307.79563331651,345.83847309739,
    110.21728401681));
#5008 = CARTESIAN_POINT('',(312.07349323989,346.33458082712,
    110.54051458916));
#5009 = CARTESIAN_POINT('',(316.34983972698,346.75012552427,
    110.81540062613));
#5010 = CARTESIAN_POINT('',(320.62873034613,347.06790506709,
    111.02442918936));
#5011 = CARTESIAN_POINT('',(324.90645535717,347.27827958181,
    111.16698731266));
#5012 = CARTESIAN_POINT('',(329.19177427478,347.2927515702,
    111.28775408798));
#5013 = CARTESIAN_POINT('',(333.46902839726,347.39796313167,
    111.32394735189));
#5014 = CARTESIAN_POINT('',(337.74832561117,347.42993729226,
    111.34923770029));
#5015 = CARTESIAN_POINT('',(342.02697062847,347.43827178372,
    111.383220552));
#5016 = CARTESIAN_POINT('',(346.30391351544,347.51170519459,
    111.40862014062));
#5017 = CARTESIAN_POINT('',(350.58496238288,347.55911139762,
    111.42656473572));
#5018 = CARTESIAN_POINT('',(354.8577723004,347.75495980432,
    111.42779528071));
#5019 = CARTESIAN_POINT('',(359.18388688825,347.5699789017,
    111.48604287172));
#5020 = CARTESIAN_POINT('',(363.5052046971,348.51383401181,
    111.33044085982));
#5021 = CARTESIAN_POINT('',(367.54865046447,350.51368461988,
    111.00588606902));
#5022 = CARTESIAN_POINT('',(372.05847150757,349.91902809823,
    111.05508732796));
#5023 = CARTESIAN_POINT('',(376.24564436291,351.73945829829,
    110.77678431473));
#5024 = CARTESIAN_POINT('',(380.50353796332,350.93277116074,
    110.76721840239));
#5025 = CARTESIAN_POINT('',(384.85798865987,350.36610124917,
    110.75827972294));
#5026 = CARTESIAN_POINT('',(389.02722072527,349.04577846421,
    110.8393534063));
#5027 = CARTESIAN_POINT('',(393.32393006004,348.7747979061,
    110.78927996556));
#5028 = CARTESIAN_POINT('',(396.53994441614,350.88824954604,
    110.51540867546));
#5029 = CARTESIAN_POINT('',(397.6403,348.11387932561,110.79410757696));
#5030 = PCURVE('',#4784,#5031);
#5031 = DEFINITIONAL_REPRESENTATION('',(#5032),#5036);
#5032 = LINE('',#5033,#5034);
#5033 = CARTESIAN_POINT('',(19.,0.));
#5034 = VECTOR('',#5035,1.);
#5035 = DIRECTION('',(0.,1.));
#5036 = ( GEOMETRIC_REPRESENTATION_CONTEXT(2) 
PARAMETRIC_REPRESENTATION_CONTEXT() REPRESENTATION_CONTEXT('2D SPACE',''
  ) );
#5037 = PCURVE('',#5038,#5165);
#5038 = ( BOUNDED_SURFACE() B_SPLINE_SURFACE(1,3,(
    (#5039,#5040,#5041,#5042,#5043,#5044,#5045,#5046,#5047,#5048,#5049
      ,#5050,#5051,#5052,#5053,#5054,#5055,#5056,#5057,#5058,#5059,#5060
      ,#5061,#5062,#5063,#5064,#5065,#5066,#5067,#5068,#5069,#5070,#5071
      ,#5072,#5073,#5074,#5075,#5076,#5077,#5078,#5079,#5080,#5081,#5082
      ,#5083,#5084,#5085,#5086,#5087,#5088,#5089,#5090,#5091,#5092,#5093
      ,#5094,#5095,#5096,#5097,#5098,#5099,#5100,#5101)
    ,(#5102,#5103,#5104,#5105,#5106,#5107,#5108,#5109,#5110,#5111,#5112
      ,#5113,#5114,#5115,#5116,#5117,#5118,#5119,#5120,#5121,#5122,#5123
      ,#5124,#5125,#5126,#5127,#5128,#5129,#5130,#5131,#5132,#5133,#5134
      ,#5135,#5136,#5137,#5138,#5139,#5140,#5141,#5142,#5143,#5144,#5145
      ,#5146,#5147,#5148,#5149,#5150,#5151,#5152,#5153,#5154,#5155,#5156
      ,#5157,#5158,#5159,#5160,#5161,#5162,#5163,#5164
)),.UNSPECIFIED.,.F.,.F.,.F.) B_SPLINE_SURFACE_WITH_KNOTS((2,2),(4,1,1,1
    ,1,1,1,1,1,1,1,1,1,1,1,1,1,1,1,1,1,1,1,1,1,1,1,1,1,1,1,1,1,1,1,1,1,1
    ,1,1,1,1,1,1,1,1,1,1,1,1,1,1,1,1,1,1,1,1,1,1,4),(19.,20.),(0.,
    1.671834126768E-02,3.328707673398E-02,5.001744466419E-02,
    6.648650714478E-02,8.348892901119E-02,9.999486964001E-02,
    0.11646941087,0.133815549619,0.150618938677,0.167038735703,
    0.183454077407,0.199862498306,0.216272023155,0.232682039048,
    0.249094136,0.265517101832,0.28195250261,0.298446383618,
    0.315002877417,0.331625113939,0.348307612691,0.365035992875,
    0.381711213613,0.398301880653,0.414823418335,0.431326889702,
    0.448164125522,0.464772555536,0.481574851679,0.498833916597,
    0.516076325801,0.532869467448,0.550364700599,0.567182918644,
    0.58368017293,0.60020088702,0.616790522208,0.633466402799,
    0.650196996519,0.66688122827,0.683506031496,0.700063533111,
    0.716557401724,0.732992840875,0.749415744672,0.765827967007,
    0.78223726506,0.798647812608,0.815056815176,0.831475231221,
    0.84789937286,0.864694545606,0.881987572306,0.898456926779,
    0.91536479181,0.932301655256,0.949102498792,0.966203962862,
0.982810298735,1.),.UNSPECIFIED.) GEOMETRIC_REPRESENTATION_ITEM() 
RATIONAL_B_SPLINE_SURFACE((
    (1.,1.000000000007,0.999999999997,1.000000000001,1.,1.,1.,1.,1.,1.
      ,1.,1.,1.,1.,1.,1.,1.,1.,1.,1.,1.,1.,1.,1.,1.,1.,1.,1.,1.,1.,1.,1.
      ,1.,1.,1.,1.,1.,1.,1.,1.,1.,1.,1.,1.,1.,1.,1.,1.,1.,1.,1.,1.,1.,1.
      ,1.,1.,1.,1.,1.000000000001,0.999999999996,1.000000000014
      ,0.999999999969,1.)
    ,(1.,1.000000000007,0.999999999997,1.000000000001,1.,1.,1.,1.,1.,1.
      ,1.,1.,1.,1.,1.,1.,1.,1.,1.,1.,1.,1.,1.,1.,1.,1.,1.,1.,1.,1.,1.,1.
      ,1.,1.,1.,1.,1.,1.,1.,1.,1.,1.,1.,1.,1.,1.,1.,1.,1.,1.,1.,1.,1.,1.
      ,1.,1.,1.,1.,1.000000000001,0.999999999996,1.000000000014
,0.999999999969,1.))) REPRESENTATION_ITEM('') SURFACE() );
#5039 = CARTESIAN_POINT('',(140.9618,347.47180339083,110.2160665946));
#5040 = CARTESIAN_POINT('',(142.09540904743,343.85795237424,
    109.78953792719));
#5041 = CARTESIAN_POINT('',(145.34352279277,347.18765396267,
    110.22508245194));
#5042 = CARTESIAN_POINT('',(149.51920541273,344.66123655349,
    109.90533400368));
#5043 = CARTESIAN_POINT('',(153.74675028087,343.29345440477,
    109.81671077786));
#5044 = CARTESIAN_POINT('',(158.17058310233,343.67931472682,
    109.94761305543));
#5045 = CARTESIAN_POINT('',(162.26698448152,340.37645263697,
    109.50416761246));
#5046 = CARTESIAN_POINT('',(166.61873526807,340.51053947174,
    109.49497710763));
#5047 = CARTESIAN_POINT('',(171.05025168138,339.78947192512,
    109.35706223567));
#5048 = CARTESIAN_POINT('',(175.09238100893,339.6251226399,
    109.2479806781));
#5049 = CARTESIAN_POINT('',(179.41643525083,337.92942521171,
    108.88231423721));
#5050 = CARTESIAN_POINT('',(183.74465399728,338.11016192962,
    108.77516715383));
#5051 = CARTESIAN_POINT('',(188.01748830499,337.73329570944,
    108.55306004865));
#5052 = CARTESIAN_POINT('',(192.29804434258,337.80128279382,
    108.42158513518));
#5053 = CARTESIAN_POINT('',(196.57544693057,337.68364336672,
    108.20348107136));
#5054 = CARTESIAN_POINT('',(200.85359337877,337.62823633177,
    107.95555861438));
#5055 = CARTESIAN_POINT('',(205.13313267918,337.7779672837,
    107.72766558337));
#5056 = CARTESIAN_POINT('',(209.41029445154,338.1443681545,
    107.52740099596));
#5057 = CARTESIAN_POINT('',(213.69566833045,338.47171580578,
    107.24800223733));
#5058 = CARTESIAN_POINT('',(217.97323994091,339.29500741992,
    107.07766528068));
#5059 = CARTESIAN_POINT('',(222.25201002744,340.29594712279,
    106.9126616279));
#5060 = CARTESIAN_POINT('',(226.52878947893,341.47065844768,
    106.72927108692));
#5061 = CARTESIAN_POINT('',(230.80631705996,342.79806202392,
    106.52482477171));
#5062 = CARTESIAN_POINT('',(235.06961741834,344.28852564695,
    106.37410217506));
#5063 = CARTESIAN_POINT('',(239.34364675972,345.63422087734,
    106.31271750203));
#5064 = CARTESIAN_POINT('',(243.62590118763,346.75461626579,
    106.42197801764));
#5065 = CARTESIAN_POINT('',(247.90145862716,347.58586418073,
    106.82587799617));
#5066 = CARTESIAN_POINT('',(252.24748803221,348.03893669285,
    107.3317440493));
#5067 = CARTESIAN_POINT('',(256.42226459116,347.68690624255,
    107.51122124557));
#5068 = CARTESIAN_POINT('',(260.774587196,348.94144781269,
    107.83432051201));
#5069 = CARTESIAN_POINT('',(265.08553351846,348.52958984625,
    107.74525925277));
#5070 = CARTESIAN_POINT('',(269.30435854157,347.96066084108,
    108.09871630774));
#5071 = CARTESIAN_POINT('',(273.49463672784,347.25873796799,
    108.25101176072));
#5072 = CARTESIAN_POINT('',(277.98553204283,346.88339789265,
    108.69000533022));
#5073 = CARTESIAN_POINT('',(282.02098866206,344.91479363977,
    108.8081017899));
#5074 = CARTESIAN_POINT('',(286.37785805657,344.43251309319,
    109.32439862378));
#5075 = CARTESIAN_POINT('',(290.69560185407,344.27821823509,
    109.21655585555));
#5076 = CARTESIAN_POINT('',(294.97762712103,344.45353433275,
    109.32432019015));
#5077 = CARTESIAN_POINT('',(299.25829278307,344.80686075788,
    109.54526611861));
#5078 = CARTESIAN_POINT('',(303.53281780748,345.26636780427,
    109.89932765033));
#5079 = CARTESIAN_POINT('',(307.79563331651,345.83847309739,
    110.21728401681));
#5080 = CARTESIAN_POINT('',(312.07349323989,346.33458082712,
    110.54051458916));
#5081 = CARTESIAN_POINT('',(316.34983972698,346.75012552427,
    110.81540062613));
#5082 = CARTESIAN_POINT('',(320.62873034613,347.06790506709,
    111.02442918936));
#5083 = CARTESIAN_POINT('',(324.90645535717,347.27827958181,
    111.16698731266));
#5084 = CARTESIAN_POINT('',(329.19177427478,347.2927515702,
    111.28775408798));
#5085 = CARTESIAN_POINT('',(333.46902839726,347.39796313167,
    111.32394735189));
#5086 = CARTESIAN_POINT('',(337.74832561117,347.42993729226,
    111.34923770029));
#5087 = CARTESIAN_POINT('',(342.02697062847,347.43827178372,
    111.383220552));
#5088 = CARTESIAN_POINT('',(346.30391351544,347.51170519459,
    111.40862014062));
#5089 = CARTESIAN_POINT('',(350.58496238288,347.55911139762,
    111.42656473572));
#5090 = CARTESIAN_POINT('',(354.8577723004,347.75495980432,
    111.42779528071));
#5091 = CARTESIAN_POINT('',(359.18388688825,347.5699789017,
    111.48604287172));
#5092 = CARTESIAN_POINT('',(363.5052046971,348.51383401181,
    111.33044085982));
#5093 = CARTESIAN_POINT('',(367.54865046447,350.51368461988,
    111.00588606902));
#5094 = CARTESIAN_POINT('',(372.05847150757,349.91902809823,
    111.05508732796));
#5095 = CARTESIAN_POINT('',(376.24564436291,351.73945829829,
    110.77678431473));
#5096 = CARTESIAN_POINT('',(380.50353796332,350.93277116074,
    110.76721840239));
#5097 = CARTESIAN_POINT('',(384.85798865987,350.36610124917,
    110.75827972294));
#5098 = CARTESIAN_POINT('',(389.02722072527,349.04577846421,
    110.8393534063));
#5099 = CARTESIAN_POINT('',(393.32393006004,348.7747979061,
    110.78927996556));
#5100 = CARTESIAN_POINT('',(396.53994441614,350.88824954604,
    110.51540867546));
#5101 = CARTESIAN_POINT('',(397.6403,348.11387932561,110.79410757696));
#5102 = CARTESIAN_POINT('',(140.9618,347.09346385125,110.14699826468));
#5103 = CARTESIAN_POINT('',(142.09540904743,343.28554124634,
    109.67662366496));
#5104 = CARTESIAN_POINT('',(145.34352279277,346.74535367418,
    110.14706132174));
#5105 = CARTESIAN_POINT('',(149.51920541273,344.03367635176,
    109.79979427911));
#5106 = CARTESIAN_POINT('',(153.74675028087,342.62704144273,
    109.68603973853));
#5107 = CARTESIAN_POINT('',(158.17058310233,343.05929281504,
    109.80658391501));
#5108 = CARTESIAN_POINT('',(162.26698448152,339.524881655,
    109.31257638043));
#5109 = CARTESIAN_POINT('',(166.61873526807,339.63219897757,
    109.27030574986));
#5110 = CARTESIAN_POINT('',(171.05025168138,338.91170009539,
    109.07726137534));
#5111 = CARTESIAN_POINT('',(175.09238100893,338.57311325773,
    108.91946216196));
#5112 = CARTESIAN_POINT('',(179.41643525083,336.72812007731,
    108.48235118388));
#5113 = CARTESIAN_POINT('',(183.74465399728,336.91528947974,
    108.36248958021));
#5114 = CARTESIAN_POINT('',(188.01748830499,336.50943445507,
    108.10659225481));
#5115 = CARTESIAN_POINT('',(192.29804434258,336.5566989275,
    107.94545472172));
#5116 = CARTESIAN_POINT('',(196.57544693057,336.4194248507,
    107.69624132141));
#5117 = CARTESIAN_POINT('',(200.85359337877,336.34046332994,
    107.42515918387));
#5118 = CARTESIAN_POINT('',(205.13313267918,336.5315906914,
    107.16211125382));
#5119 = CARTESIAN_POINT('',(209.41029445154,336.92943097153,
    106.91733041473));
#5120 = CARTESIAN_POINT('',(213.69566833045,337.30084288952,
    106.61140797079));
#5121 = CARTESIAN_POINT('',(217.97323994091,338.20711737843,
    106.39729720743));
#5122 = CARTESIAN_POINT('',(222.25201002744,339.3339859082,
    106.16504773662));
#5123 = CARTESIAN_POINT('',(226.52878947893,340.6466781658,
    105.92447000261));
#5124 = CARTESIAN_POINT('',(230.80631705996,342.13912399897,
    105.68136002751));
#5125 = CARTESIAN_POINT('',(235.06961741834,343.78878389372,
    105.5074770653));
#5126 = CARTESIAN_POINT('',(239.34364675972,345.27321106448,
    105.45647399493));
#5127 = CARTESIAN_POINT('',(243.62590118763,346.51546599044,
    105.61549804906));
#5128 = CARTESIAN_POINT('',(247.90145862716,347.37277929215,
    106.06271241887));
#5129 = CARTESIAN_POINT('',(252.24748803221,348.01338744526,
    106.72182413211));
#5130 = CARTESIAN_POINT('',(256.42226459116,347.60974020795,
    106.81235256502));
#5131 = CARTESIAN_POINT('',(260.774587196,349.15531568212,
    107.41327653105));
#5132 = CARTESIAN_POINT('',(265.08553351846,348.65251734029,
    107.18586848485));
#5133 = CARTESIAN_POINT('',(269.30435854157,348.30921812443,
    107.70469570255));
#5134 = CARTESIAN_POINT('',(273.49463672784,347.56717776042,
    107.79912155039));
#5135 = CARTESIAN_POINT('',(277.98553204283,347.41678937254,
    108.41932233912));
#5136 = CARTESIAN_POINT('',(282.02098866206,345.3287936066,
    108.32936813532));
#5137 = CARTESIAN_POINT('',(286.37785805657,345.09730241378,
    109.01100966432));
#5138 = CARTESIAN_POINT('',(290.69560185407,344.95372749694,
    108.80161386287));
#5139 = CARTESIAN_POINT('',(294.97762712103,345.22358030677,
    108.90490006618));
#5140 = CARTESIAN_POINT('',(299.25829278307,345.65729794593,
    109.11475439481));
#5141 = CARTESIAN_POINT('',(303.53281780748,346.19385936144,
    109.44521852982));
#5142 = CARTESIAN_POINT('',(307.79563331651,346.86037325512,
    109.78444329045));
#5143 = CARTESIAN_POINT('',(312.07349323989,347.42871007369,
    110.09093010597));
#5144 = CARTESIAN_POINT('',(316.34983972698,347.92325955107,
    110.38094622097));
#5145 = CARTESIAN_POINT('',(320.62873034613,348.30390137821,
    110.58938080869));
#5146 = CARTESIAN_POINT('',(324.90645535717,348.57777750848,
    110.76369435994));
#5147 = CARTESIAN_POINT('',(329.19177427478,348.61810653005,
    110.89289996353));
#5148 = CARTESIAN_POINT('',(333.46902839726,348.75419483564,
    110.96032337169));
#5149 = CARTESIAN_POINT('',(337.74832561117,348.79277132694,
    110.99823797698));
#5150 = CARTESIAN_POINT('',(342.02697062847,348.80306482199,
    111.05493686616));
#5151 = CARTESIAN_POINT('',(346.30391351544,348.85784743084,
    111.09606785823));
#5152 = CARTESIAN_POINT('',(350.58496238288,348.90321007102,
    111.12924866773));
#5153 = CARTESIAN_POINT('',(354.8577723004,349.06464164256,
    111.15057710142));
#5154 = CARTESIAN_POINT('',(359.18388688825,348.86163604932,
    111.22006982312));
#5155 = CARTESIAN_POINT('',(363.5052046971,349.70591672377,
    111.1003411868));
#5156 = CARTESIAN_POINT('',(367.54865046447,351.50756545535,
    110.81930258564));
#5157 = CARTESIAN_POINT('',(372.05847150757,350.90586965224,
    110.88304900949));
#5158 = CARTESIAN_POINT('',(376.24564436291,352.57097228178,
    110.63617434748));
#5159 = CARTESIAN_POINT('',(380.50353796332,351.58210960757,
    110.66675094373));
#5160 = CARTESIAN_POINT('',(384.85798865987,350.97675204575,
    110.66713704201));
#5161 = CARTESIAN_POINT('',(389.02722072527,349.59668055141,
    110.75833270014));
#5162 = CARTESIAN_POINT('',(393.32393006004,349.16620839817,
    110.73530207805));
#5163 = CARTESIAN_POINT('',(396.53994441614,351.27867606948,
    110.46017738069));
#5164 = CARTESIAN_POINT('',(397.6403,348.48391789289,110.7460439159));
#5165 = DEFINITIONAL_REPRESENTATION('',(#5166),#5170);
#5166 = LINE('',#5167,#5168);
#5167 = CARTESIAN_POINT('',(19.,0.));
#5168 = VECTOR('',#5169,1.);
#5169 = DIRECTION('',(0.,1.));
#5170 = ( GEOMETRIC_REPRESENTATION_CONTEXT(2) 
PARAMETRIC_REPRESENTATION_CONTEXT() REPRESENTATION_CONTEXT('2D SPACE',''
  ) );
#5171 = ORIENTED_EDGE('',*,*,#5172,.F.);
#5172 = EDGE_CURVE('',#4709,#4963,#5173,.T.);
#5173 = SURFACE_CURVE('',#5174,(#5177,#5184),.PCURVE_S1.);
#5174 = B_SPLINE_CURVE_WITH_KNOTS('',1,(#5175,#5176),.UNSPECIFIED.,.F.,
  .F.,(2,2),(18.,19.),.PIECEWISE_BEZIER_KNOTS.);
#5175 = CARTESIAN_POINT('',(397.6403,347.74384075833,110.84217123802));
#5176 = CARTESIAN_POINT('',(397.6403,348.11387932561,110.79410757696));
#5177 = PCURVE('',#4784,#5178);
#5178 = DEFINITIONAL_REPRESENTATION('',(#5179),#5183);
#5179 = LINE('',#5180,#5181);
#5180 = CARTESIAN_POINT('',(0.,1.));
#5181 = VECTOR('',#5182,1.);
#5182 = DIRECTION('',(1.,0.));
#5183 = ( GEOMETRIC_REPRESENTATION_CONTEXT(2) 
PARAMETRIC_REPRESENTATION_CONTEXT() REPRESENTATION_CONTEXT('2D SPACE',''
  ) );
#5184 = PCURVE('',#401,#5185);
#5185 = DEFINITIONAL_REPRESENTATION('',(#5186),#5189);
#5186 = B_SPLINE_CURVE_WITH_KNOTS('',1,(#5187,#5188),.UNSPECIFIED.,.F.,
  .F.,(2,2),(18.,19.),.PIECEWISE_BEZIER_KNOTS.);
#5187 = CARTESIAN_POINT('',(1.562412858915,6.571268558426E-02));
#5188 = CARTESIAN_POINT('',(1.189376893198,7.481351366414E-02));
#5189 = ( GEOMETRIC_REPRESENTATION_CONTEXT(2) 
PARAMETRIC_REPRESENTATION_CONTEXT() REPRESENTATION_CONTEXT('2D SPACE',''
  ) );
#5190 = ORIENTED_EDGE('',*,*,#4708,.F.);
#5191 = ADVANCED_FACE('',(#5192),#5038,.T.);
#5192 = FACE_BOUND('',#5193,.T.);
#5193 = EDGE_LOOP('',(#5194,#5215,#5425,#5444));
#5194 = ORIENTED_EDGE('',*,*,#5195,.T.);
#5195 = EDGE_CURVE('',#4942,#5196,#5198,.T.);
#5196 = VERTEX_POINT('',#5197);
#5197 = CARTESIAN_POINT('',(140.9618,347.09346385125,110.14699826468));
#5198 = SURFACE_CURVE('',#5199,(#5202,#5209),.PCURVE_S1.);
#5199 = B_SPLINE_CURVE_WITH_KNOTS('',1,(#5200,#5201),.UNSPECIFIED.,.F.,
  .F.,(2,2),(19.,20.),.PIECEWISE_BEZIER_KNOTS.);
#5200 = CARTESIAN_POINT('',(140.9618,347.47180339083,110.2160665946));
#5201 = CARTESIAN_POINT('',(140.9618,347.09346385125,110.14699826468));
#5202 = PCURVE('',#5038,#5203);
#5203 = DEFINITIONAL_REPRESENTATION('',(#5204),#5208);
#5204 = LINE('',#5205,#5206);
#5205 = CARTESIAN_POINT('',(0.,0.));
#5206 = VECTOR('',#5207,1.);
#5207 = DIRECTION('',(1.,0.));
#5208 = ( GEOMETRIC_REPRESENTATION_CONTEXT(2) 
PARAMETRIC_REPRESENTATION_CONTEXT() REPRESENTATION_CONTEXT('2D SPACE',''
  ) );
#5209 = PCURVE('',#165,#5210);
#5210 = DEFINITIONAL_REPRESENTATION('',(#5211),#5214);
#5211 = B_SPLINE_CURVE_WITH_KNOTS('',1,(#5212,#5213),.UNSPECIFIED.,.F.,
  .F.,(2,2),(19.,20.),.PIECEWISE_BEZIER_KNOTS.);
#5212 = CARTESIAN_POINT('',(7.333798015633,1.936869798423E-02));
#5213 = CARTESIAN_POINT('',(7.717902291765,-1.42108547152E-14));
#5214 = ( GEOMETRIC_REPRESENTATION_CONTEXT(2) 
PARAMETRIC_REPRESENTATION_CONTEXT() REPRESENTATION_CONTEXT('2D SPACE',''
  ) );
#5215 = ORIENTED_EDGE('',*,*,#5216,.T.);
#5216 = EDGE_CURVE('',#5196,#5217,#5219,.T.);
#5217 = VERTEX_POINT('',#5218);
#5218 = CARTESIAN_POINT('',(397.6403,348.48391789289,110.7460439159));
#5219 = SURFACE_CURVE('',#5220,(#5284,#5291),.PCURVE_S1.);
#5220 = ( BOUNDED_CURVE() B_SPLINE_CURVE(3,(#5221,#5222,#5223,#5224,
    #5225,#5226,#5227,#5228,#5229,#5230,#5231,#5232,#5233,#5234,#5235,
    #5236,#5237,#5238,#5239,#5240,#5241,#5242,#5243,#5244,#5245,#5246,
    #5247,#5248,#5249,#5250,#5251,#5252,#5253,#5254,#5255,#5256,#5257,
    #5258,#5259,#5260,#5261,#5262,#5263,#5264,#5265,#5266,#5267,#5268,
    #5269,#5270,#5271,#5272,#5273,#5274,#5275,#5276,#5277,#5278,#5279,
    #5280,#5281,#5282,#5283),.UNSPECIFIED.,.F.,.F.) 
B_SPLINE_CURVE_WITH_KNOTS((4,1,1,1,1,1,1,1,1,1,1,1,1,1,1,1,1,1,1,1,1,1,1
    ,1,1,1,1,1,1,1,1,1,1,1,1,1,1,1,1,1,1,1,1,1,1,1,1,1,1,1,1,1,1,1,1,1,1
    ,1,1,1,4),(0.,1.671834126768E-02,3.328707673398E-02,
    5.001744466419E-02,6.648650714478E-02,8.348892901119E-02,
    9.999486964001E-02,0.11646941087,0.133815549619,0.150618938677,
    0.167038735703,0.183454077407,0.199862498306,0.216272023155,
    0.232682039048,0.249094136,0.265517101832,0.28195250261,
    0.298446383618,0.315002877417,0.331625113939,0.348307612691,
    0.365035992875,0.381711213613,0.398301880653,0.414823418335,
    0.431326889702,0.448164125522,0.464772555536,0.481574851679,
    0.498833916597,0.516076325801,0.532869467448,0.550364700599,
    0.567182918644,0.58368017293,0.60020088702,0.616790522208,
    0.633466402799,0.650196996519,0.66688122827,0.683506031496,
    0.700063533111,0.716557401724,0.732992840875,0.749415744672,
    0.765827967007,0.78223726506,0.798647812608,0.815056815176,
    0.831475231221,0.84789937286,0.864694545606,0.881987572306,
    0.898456926779,0.91536479181,0.932301655256,0.949102498792,
0.966203962862,0.982810298735,1.),.UNSPECIFIED.) CURVE() 
GEOMETRIC_REPRESENTATION_ITEM() RATIONAL_B_SPLINE_CURVE((1.,
    1.000000000007,0.999999999997,1.000000000001,1.,1.,1.,1.,1.,1.,1.,1.
    ,1.,1.,1.,1.,1.,1.,1.,1.,1.,1.,1.,1.,1.,1.,1.,1.,1.,1.,1.,1.,1.,1.,
    1.,1.,1.,1.,1.,1.,1.,1.,1.,1.,1.,1.,1.,1.,1.,1.,1.,1.,1.,1.,1.,1.,1.
    ,1.,1.000000000001,0.999999999996,1.000000000014,0.999999999969,1.))
 REPRESENTATION_ITEM('') );
#5221 = CARTESIAN_POINT('',(140.9618,347.09346385125,110.14699826468));
#5222 = CARTESIAN_POINT('',(142.09540904743,343.28554124634,
    109.67662366496));
#5223 = CARTESIAN_POINT('',(145.34352279277,346.74535367418,
    110.14706132174));
#5224 = CARTESIAN_POINT('',(149.51920541273,344.03367635176,
    109.79979427911));
#5225 = CARTESIAN_POINT('',(153.74675028087,342.62704144273,
    109.68603973853));
#5226 = CARTESIAN_POINT('',(158.17058310233,343.05929281504,
    109.80658391501));
#5227 = CARTESIAN_POINT('',(162.26698448152,339.524881655,
    109.31257638043));
#5228 = CARTESIAN_POINT('',(166.61873526807,339.63219897757,
    109.27030574986));
#5229 = CARTESIAN_POINT('',(171.05025168138,338.91170009539,
    109.07726137534));
#5230 = CARTESIAN_POINT('',(175.09238100893,338.57311325773,
    108.91946216196));
#5231 = CARTESIAN_POINT('',(179.41643525083,336.72812007731,
    108.48235118388));
#5232 = CARTESIAN_POINT('',(183.74465399728,336.91528947974,
    108.36248958021));
#5233 = CARTESIAN_POINT('',(188.01748830499,336.50943445507,
    108.10659225481));
#5234 = CARTESIAN_POINT('',(192.29804434258,336.5566989275,
    107.94545472172));
#5235 = CARTESIAN_POINT('',(196.57544693057,336.4194248507,
    107.69624132141));
#5236 = CARTESIAN_POINT('',(200.85359337877,336.34046332994,
    107.42515918387));
#5237 = CARTESIAN_POINT('',(205.13313267918,336.5315906914,
    107.16211125382));
#5238 = CARTESIAN_POINT('',(209.41029445154,336.92943097153,
    106.91733041473));
#5239 = CARTESIAN_POINT('',(213.69566833045,337.30084288952,
    106.61140797079));
#5240 = CARTESIAN_POINT('',(217.97323994091,338.20711737843,
    106.39729720743));
#5241 = CARTESIAN_POINT('',(222.25201002744,339.3339859082,
    106.16504773662));
#5242 = CARTESIAN_POINT('',(226.52878947893,340.6466781658,
    105.92447000261));
#5243 = CARTESIAN_POINT('',(230.80631705996,342.13912399897,
    105.68136002751));
#5244 = CARTESIAN_POINT('',(235.06961741834,343.78878389372,
    105.5074770653));
#5245 = CARTESIAN_POINT('',(239.34364675972,345.27321106448,
    105.45647399493));
#5246 = CARTESIAN_POINT('',(243.62590118763,346.51546599044,
    105.61549804906));
#5247 = CARTESIAN_POINT('',(247.90145862716,347.37277929215,
    106.06271241887));
#5248 = CARTESIAN_POINT('',(252.24748803221,348.01338744526,
    106.72182413211));
#5249 = CARTESIAN_POINT('',(256.42226459116,347.60974020795,
    106.81235256502));
#5250 = CARTESIAN_POINT('',(260.774587196,349.15531568212,
    107.41327653105));
#5251 = CARTESIAN_POINT('',(265.08553351846,348.65251734029,
    107.18586848485));
#5252 = CARTESIAN_POINT('',(269.30435854157,348.30921812443,
    107.70469570255));
#5253 = CARTESIAN_POINT('',(273.49463672784,347.56717776042,
    107.79912155039));
#5254 = CARTESIAN_POINT('',(277.98553204283,347.41678937254,
    108.41932233912));
#5255 = CARTESIAN_POINT('',(282.02098866206,345.3287936066,
    108.32936813532));
#5256 = CARTESIAN_POINT('',(286.37785805657,345.09730241378,
    109.01100966432));
#5257 = CARTESIAN_POINT('',(290.69560185407,344.95372749694,
    108.80161386287));
#5258 = CARTESIAN_POINT('',(294.97762712103,345.22358030677,
    108.90490006618));
#5259 = CARTESIAN_POINT('',(299.25829278307,345.65729794593,
    109.11475439481));
#5260 = CARTESIAN_POINT('',(303.53281780748,346.19385936144,
    109.44521852982));
#5261 = CARTESIAN_POINT('',(307.79563331651,346.86037325512,
    109.78444329045));
#5262 = CARTESIAN_POINT('',(312.07349323989,347.42871007369,
    110.09093010597));
#5263 = CARTESIAN_POINT('',(316.34983972698,347.92325955107,
    110.38094622097));
#5264 = CARTESIAN_POINT('',(320.62873034613,348.30390137821,
    110.58938080869));
#5265 = CARTESIAN_POINT('',(324.90645535717,348.57777750848,
    110.76369435994));
#5266 = CARTESIAN_POINT('',(329.19177427478,348.61810653005,
    110.89289996353));
#5267 = CARTESIAN_POINT('',(333.46902839726,348.75419483564,
    110.96032337169));
#5268 = CARTESIAN_POINT('',(337.74832561117,348.79277132694,
    110.99823797698));
#5269 = CARTESIAN_POINT('',(342.02697062847,348.80306482199,
    111.05493686616));
#5270 = CARTESIAN_POINT('',(346.30391351544,348.85784743084,
    111.09606785823));
#5271 = CARTESIAN_POINT('',(350.58496238288,348.90321007102,
    111.12924866773));
#5272 = CARTESIAN_POINT('',(354.8577723004,349.06464164256,
    111.15057710142));
#5273 = CARTESIAN_POINT('',(359.18388688825,348.86163604932,
    111.22006982312));
#5274 = CARTESIAN_POINT('',(363.5052046971,349.70591672377,
    111.1003411868));
#5275 = CARTESIAN_POINT('',(367.54865046447,351.50756545535,
    110.81930258564));
#5276 = CARTESIAN_POINT('',(372.05847150757,350.90586965224,
    110.88304900949));
#5277 = CARTESIAN_POINT('',(376.24564436291,352.57097228178,
    110.63617434748));
#5278 = CARTESIAN_POINT('',(380.50353796332,351.58210960757,
    110.66675094373));
#5279 = CARTESIAN_POINT('',(384.85798865987,350.97675204575,
    110.66713704201));
#5280 = CARTESIAN_POINT('',(389.02722072527,349.59668055141,
    110.75833270014));
#5281 = CARTESIAN_POINT('',(393.32393006004,349.16620839817,
    110.73530207805));
#5282 = CARTESIAN_POINT('',(396.53994441614,351.27867606948,
    110.46017738069));
#5283 = CARTESIAN_POINT('',(397.6403,348.48391789289,110.7460439159));
#5284 = PCURVE('',#5038,#5285);
#5285 = DEFINITIONAL_REPRESENTATION('',(#5286),#5290);
#5286 = LINE('',#5287,#5288);
#5287 = CARTESIAN_POINT('',(20.,0.));
#5288 = VECTOR('',#5289,1.);
#5289 = DIRECTION('',(0.,1.));
#5290 = ( GEOMETRIC_REPRESENTATION_CONTEXT(2) 
PARAMETRIC_REPRESENTATION_CONTEXT() REPRESENTATION_CONTEXT('2D SPACE',''
  ) );
#5291 = PCURVE('',#5292,#5419);
#5292 = ( BOUNDED_SURFACE() B_SPLINE_SURFACE(1,3,(
    (#5293,#5294,#5295,#5296,#5297,#5298,#5299,#5300,#5301,#5302,#5303
      ,#5304,#5305,#5306,#5307,#5308,#5309,#5310,#5311,#5312,#5313,#5314
      ,#5315,#5316,#5317,#5318,#5319,#5320,#5321,#5322,#5323,#5324,#5325
      ,#5326,#5327,#5328,#5329,#5330,#5331,#5332,#5333,#5334,#5335,#5336
      ,#5337,#5338,#5339,#5340,#5341,#5342,#5343,#5344,#5345,#5346,#5347
      ,#5348,#5349,#5350,#5351,#5352,#5353,#5354,#5355)
    ,(#5356,#5357,#5358,#5359,#5360,#5361,#5362,#5363,#5364,#5365,#5366
      ,#5367,#5368,#5369,#5370,#5371,#5372,#5373,#5374,#5375,#5376,#5377
      ,#5378,#5379,#5380,#5381,#5382,#5383,#5384,#5385,#5386,#5387,#5388
      ,#5389,#5390,#5391,#5392,#5393,#5394,#5395,#5396,#5397,#5398,#5399
      ,#5400,#5401,#5402,#5403,#5404,#5405,#5406,#5407,#5408,#5409,#5410
      ,#5411,#5412,#5413,#5414,#5415,#5416,#5417,#5418
)),.UNSPECIFIED.,.F.,.F.,.F.) B_SPLINE_SURFACE_WITH_KNOTS((2,2),(4,1,1,1
    ,1,1,1,1,1,1,1,1,1,1,1,1,1,1,1,1,1,1,1,1,1,1,1,1,1,1,1,1,1,1,1,1,1,1
    ,1,1,1,1,1,1,1,1,1,1,1,1,1,1,1,1,1,1,1,1,1,1,4),(20.,21.),(0.,
    1.671834126768E-02,3.328707673398E-02,5.001744466419E-02,
    6.648650714478E-02,8.348892901119E-02,9.999486964001E-02,
    0.11646941087,0.133815549619,0.150618938677,0.167038735703,
    0.183454077407,0.199862498306,0.216272023155,0.232682039048,
    0.249094136,0.265517101832,0.28195250261,0.298446383618,
    0.315002877417,0.331625113939,0.348307612691,0.365035992875,
    0.381711213613,0.398301880653,0.414823418335,0.431326889702,
    0.448164125522,0.464772555536,0.481574851679,0.498833916597,
    0.516076325801,0.532869467448,0.550364700599,0.567182918644,
    0.58368017293,0.60020088702,0.616790522208,0.633466402799,
    0.650196996519,0.66688122827,0.683506031496,0.700063533111,
    0.716557401724,0.732992840875,0.749415744672,0.765827967007,
    0.78223726506,0.798647812608,0.815056815176,0.831475231221,
    0.84789937286,0.864694545606,0.881987572306,0.898456926779,
    0.91536479181,0.932301655256,0.949102498792,0.966203962862,
0.982810298735,1.),.UNSPECIFIED.) GEOMETRIC_REPRESENTATION_ITEM() 
RATIONAL_B_SPLINE_SURFACE((
    (1.,1.000000000007,0.999999999997,1.000000000001,1.,1.,1.,1.,1.,1.
      ,1.,1.,1.,1.,1.,1.,1.,1.,1.,1.,1.,1.,1.,1.,1.,1.,1.,1.,1.,1.,1.,1.
      ,1.,1.,1.,1.,1.,1.,1.,1.,1.,1.,1.,1.,1.,1.,1.,1.,1.,1.,1.,1.,1.,1.
      ,1.,1.,1.,1.,1.000000000001,0.999999999996,1.000000000014
      ,0.999999999969,1.)
    ,(1.,1.000000000007,0.999999999997,1.000000000001,1.,1.,1.,1.,1.,1.
      ,1.,1.,1.,1.,1.,1.,1.,1.,1.,1.,1.,1.,1.,1.,1.,1.,1.,1.,1.,1.,1.,1.
      ,1.,1.,1.,1.,1.,1.,1.,1.,1.,1.,1.,1.,1.,1.,1.,1.,1.,1.,1.,1.,1.,1.
      ,1.,1.,1.,1.,1.000000000001,0.999999999996,1.000000000014
,0.999999999969,1.))) REPRESENTATION_ITEM('') SURFACE() );
#5293 = CARTESIAN_POINT('',(140.9618,347.09346385125,110.14699826468));
#5294 = CARTESIAN_POINT('',(142.09540904743,343.28554124634,
    109.67662366496));
#5295 = CARTESIAN_POINT('',(145.34352279277,346.74535367418,
    110.14706132174));
#5296 = CARTESIAN_POINT('',(149.51920541273,344.03367635176,
    109.79979427911));
#5297 = CARTESIAN_POINT('',(153.74675028087,342.62704144273,
    109.68603973853));
#5298 = CARTESIAN_POINT('',(158.17058310233,343.05929281504,
    109.80658391501));
#5299 = CARTESIAN_POINT('',(162.26698448152,339.524881655,
    109.31257638043));
#5300 = CARTESIAN_POINT('',(166.61873526807,339.63219897757,
    109.27030574986));
#5301 = CARTESIAN_POINT('',(171.05025168138,338.91170009539,
    109.07726137534));
#5302 = CARTESIAN_POINT('',(175.09238100893,338.57311325773,
    108.91946216196));
#5303 = CARTESIAN_POINT('',(179.41643525083,336.72812007731,
    108.48235118388));
#5304 = CARTESIAN_POINT('',(183.74465399728,336.91528947974,
    108.36248958021));
#5305 = CARTESIAN_POINT('',(188.01748830499,336.50943445507,
    108.10659225481));
#5306 = CARTESIAN_POINT('',(192.29804434258,336.5566989275,
    107.94545472172));
#5307 = CARTESIAN_POINT('',(196.57544693057,336.4194248507,
    107.69624132141));
#5308 = CARTESIAN_POINT('',(200.85359337877,336.34046332994,
    107.42515918387));
#5309 = CARTESIAN_POINT('',(205.13313267918,336.5315906914,
    107.16211125382));
#5310 = CARTESIAN_POINT('',(209.41029445154,336.92943097153,
    106.91733041473));
#5311 = CARTESIAN_POINT('',(213.69566833045,337.30084288952,
    106.61140797079));
#5312 = CARTESIAN_POINT('',(217.97323994091,338.20711737843,
    106.39729720743));
#5313 = CARTESIAN_POINT('',(222.25201002744,339.3339859082,
    106.16504773662));
#5314 = CARTESIAN_POINT('',(226.52878947893,340.6466781658,
    105.92447000261));
#5315 = CARTESIAN_POINT('',(230.80631705996,342.13912399897,
    105.68136002751));
#5316 = CARTESIAN_POINT('',(235.06961741834,343.78878389372,
    105.5074770653));
#5317 = CARTESIAN_POINT('',(239.34364675972,345.27321106448,
    105.45647399493));
#5318 = CARTESIAN_POINT('',(243.62590118763,346.51546599044,
    105.61549804906));
#5319 = CARTESIAN_POINT('',(247.90145862716,347.37277929215,
    106.06271241887));
#5320 = CARTESIAN_POINT('',(252.24748803221,348.01338744526,
    106.72182413211));
#5321 = CARTESIAN_POINT('',(256.42226459116,347.60974020795,
    106.81235256502));
#5322 = CARTESIAN_POINT('',(260.774587196,349.15531568212,
    107.41327653105));
#5323 = CARTESIAN_POINT('',(265.08553351846,348.65251734029,
    107.18586848485));
#5324 = CARTESIAN_POINT('',(269.30435854157,348.30921812443,
    107.70469570255));
#5325 = CARTESIAN_POINT('',(273.49463672784,347.56717776042,
    107.79912155039));
#5326 = CARTESIAN_POINT('',(277.98553204283,347.41678937254,
    108.41932233912));
#5327 = CARTESIAN_POINT('',(282.02098866206,345.3287936066,
    108.32936813532));
#5328 = CARTESIAN_POINT('',(286.37785805657,345.09730241378,
    109.01100966432));
#5329 = CARTESIAN_POINT('',(290.69560185407,344.95372749694,
    108.80161386287));
#5330 = CARTESIAN_POINT('',(294.97762712103,345.22358030677,
    108.90490006618));
#5331 = CARTESIAN_POINT('',(299.25829278307,345.65729794593,
    109.11475439481));
#5332 = CARTESIAN_POINT('',(303.53281780748,346.19385936144,
    109.44521852982));
#5333 = CARTESIAN_POINT('',(307.79563331651,346.86037325512,
    109.78444329045));
#5334 = CARTESIAN_POINT('',(312.07349323989,347.42871007369,
    110.09093010597));
#5335 = CARTESIAN_POINT('',(316.34983972698,347.92325955107,
    110.38094622097));
#5336 = CARTESIAN_POINT('',(320.62873034613,348.30390137821,
    110.58938080869));
#5337 = CARTESIAN_POINT('',(324.90645535717,348.57777750848,
    110.76369435994));
#5338 = CARTESIAN_POINT('',(329.19177427478,348.61810653005,
    110.89289996353));
#5339 = CARTESIAN_POINT('',(333.46902839726,348.75419483564,
    110.96032337169));
#5340 = CARTESIAN_POINT('',(337.74832561117,348.79277132694,
    110.99823797698));
#5341 = CARTESIAN_POINT('',(342.02697062847,348.80306482199,
    111.05493686616));
#5342 = CARTESIAN_POINT('',(346.30391351544,348.85784743084,
    111.09606785823));
#5343 = CARTESIAN_POINT('',(350.58496238288,348.90321007102,
    111.12924866773));
#5344 = CARTESIAN_POINT('',(354.8577723004,349.06464164256,
    111.15057710142));
#5345 = CARTESIAN_POINT('',(359.18388688825,348.86163604932,
    111.22006982312));
#5346 = CARTESIAN_POINT('',(363.5052046971,349.70591672377,
    111.1003411868));
#5347 = CARTESIAN_POINT('',(367.54865046447,351.50756545535,
    110.81930258564));
#5348 = CARTESIAN_POINT('',(372.05847150757,350.90586965224,
    110.88304900949));
#5349 = CARTESIAN_POINT('',(376.24564436291,352.57097228178,
    110.63617434748));
#5350 = CARTESIAN_POINT('',(380.50353796332,351.58210960757,
    110.66675094373));
#5351 = CARTESIAN_POINT('',(384.85798865987,350.97675204575,
    110.66713704201));
#5352 = CARTESIAN_POINT('',(389.02722072527,349.59668055141,
    110.75833270014));
#5353 = CARTESIAN_POINT('',(393.32393006004,349.16620839817,
    110.73530207805));
#5354 = CARTESIAN_POINT('',(396.53994441614,351.27867606948,
    110.46017738069));
#5355 = CARTESIAN_POINT('',(397.6403,348.48391789289,110.7460439159));
#5356 = CARTESIAN_POINT('',(140.9618,347.4643500966,110.19475234916));
#5357 = CARTESIAN_POINT('',(142.09540904743,343.83278888235,
    109.75035893099));
#5358 = CARTESIAN_POINT('',(145.34352279277,347.18581961286,
    110.20520824812));
#5359 = CARTESIAN_POINT('',(149.51920541273,344.65397937653,
    109.88863774485));
#5360 = CARTESIAN_POINT('',(153.74675028087,343.27147488112,
    109.77855797618));
#5361 = CARTESIAN_POINT('',(158.17058310233,343.65828936344,
    109.8961199554));
#5362 = CARTESIAN_POINT('',(162.26698448152,340.3644506656,
    109.45179585554));
#5363 = CARTESIAN_POINT('',(166.61873526807,340.52214477919,
    109.42056969789));
#5364 = CARTESIAN_POINT('',(171.05025168138,339.83384889613,
    109.2452576755));
#5365 = CARTESIAN_POINT('',(175.09238100893,339.7096186148,
    109.12929473153));
#5366 = CARTESIAN_POINT('',(179.41643525083,338.04637208148,
    108.72978223846));
#5367 = CARTESIAN_POINT('',(183.74465399728,338.22819364608,
    108.61351652154));
#5368 = CARTESIAN_POINT('',(188.01748830499,337.85774352474,
    108.37566917108));
#5369 = CARTESIAN_POINT('',(192.29804434258,337.90092074998,
    108.22165608464));
#5370 = CARTESIAN_POINT('',(196.57544693057,337.76709604539,
    107.9939325511));
#5371 = CARTESIAN_POINT('',(200.85359337877,337.69042808672,
    107.74438989597));
#5372 = CARTESIAN_POINT('',(205.13313267918,337.81714869703,
    107.48337647305));
#5373 = CARTESIAN_POINT('',(209.41029445154,338.18461899213,
    107.24455440237));
#5374 = CARTESIAN_POINT('',(213.69566833045,338.49853860905,
    106.89118154695));
#5375 = CARTESIAN_POINT('',(217.97323994091,339.35281212477,
    106.5858714854));
#5376 = CARTESIAN_POINT('',(222.25201002744,340.36653005436,
    106.22587548468));
#5377 = CARTESIAN_POINT('',(226.52878947893,341.64878977018,
    105.87637879443));
#5378 = CARTESIAN_POINT('',(230.80631705996,343.04792441913,
    105.49494368802));
#5379 = CARTESIAN_POINT('',(235.06961741834,344.61244765786,
    105.20447828525));
#5380 = CARTESIAN_POINT('',(239.34364675972,345.99818705327,
    105.08219948339));
#5381 = CARTESIAN_POINT('',(243.62590118763,347.22916548153,
    105.26671895911));
#5382 = CARTESIAN_POINT('',(247.90145862716,347.99165550055,
    105.66759515011));
#5383 = CARTESIAN_POINT('',(252.24748803221,348.65100142997,
    106.46220372133));
#5384 = CARTESIAN_POINT('',(256.42226459116,348.02606394488,
    106.38027828127));
#5385 = CARTESIAN_POINT('',(260.774587196,349.7062627663,107.20577627935
    ));
#5386 = CARTESIAN_POINT('',(265.08553351846,348.95426435413,
    106.74690235141));
#5387 = CARTESIAN_POINT('',(269.30435854157,348.68874940279,
    107.36734803929));
#5388 = CARTESIAN_POINT('',(273.49463672784,347.86749110672,
    107.33112001885));
#5389 = CARTESIAN_POINT('',(277.98553204283,347.96448029339,
    108.17473544822));
#5390 = CARTESIAN_POINT('',(282.02098866206,345.75544065179,
    107.872434254));
#5391 = CARTESIAN_POINT('',(286.37785805657,345.77884619613,
    108.72613945027));
#5392 = CARTESIAN_POINT('',(290.69560185407,345.64390065893,
    108.41411039308));
#5393 = CARTESIAN_POINT('',(294.97762712103,346.00073339877,
    108.49778354273));
#5394 = CARTESIAN_POINT('',(299.25829278307,346.50184102216,
    108.67061824788));
#5395 = CARTESIAN_POINT('',(303.53281780748,347.11995362714,
    108.99032129344));
#5396 = CARTESIAN_POINT('',(307.79563331651,347.87386431351,
    109.33701600579));
#5397 = CARTESIAN_POINT('',(312.07349323989,348.52532310858,
    109.64752974458));
#5398 = CARTESIAN_POINT('',(316.34983972698,349.09567523276,
    109.94318286366));
#5399 = CARTESIAN_POINT('',(320.62873034613,349.54574646957,
    110.17042631897));
#5400 = CARTESIAN_POINT('',(324.90645535717,349.87693679415,
    110.36148976349));
#5401 = CARTESIAN_POINT('',(329.19177427478,349.94498076437,
    110.50381565945));
#5402 = CARTESIAN_POINT('',(333.46902839726,350.11067380143,
    110.59868272449));
#5403 = CARTESIAN_POINT('',(337.74832561117,350.15928298669,
    110.6605550525));
#5404 = CARTESIAN_POINT('',(342.02697062847,350.16834979967,
    110.7291646353));
#5405 = CARTESIAN_POINT('',(346.30391351544,350.20553512676,
    110.7906274917));
#5406 = CARTESIAN_POINT('',(350.58496238288,350.24860425846,
    110.83796855938));
#5407 = CARTESIAN_POINT('',(354.8577723004,350.3756338563,
    110.87944343635));
#5408 = CARTESIAN_POINT('',(359.18388688825,350.15486886611,
    110.96205480735));
#5409 = CARTESIAN_POINT('',(363.5052046971,350.89905362832,
    110.87554573042));
#5410 = CARTESIAN_POINT('',(367.54865046447,352.50187730574,
    110.63526241049));
#5411 = CARTESIAN_POINT('',(372.05847150757,351.89325417014,
    110.71403813301));
#5412 = CARTESIAN_POINT('',(376.24564436291,353.4031167082,
    110.49898490537));
#5413 = CARTESIAN_POINT('',(380.50353796332,352.23134192723,
    110.56579015189));
#5414 = CARTESIAN_POINT('',(384.85798865987,351.58748997753,
    110.57655424753));
#5415 = CARTESIAN_POINT('',(389.02722072527,350.14763054275,
    110.67755764792));
#5416 = CARTESIAN_POINT('',(393.32393006004,349.55734849984,
    110.67983019645));
#5417 = CARTESIAN_POINT('',(396.53994441614,351.66972563412,
    110.40840213007));
#5418 = CARTESIAN_POINT('',(397.6403,348.85395646017,110.69798025484));
#5419 = DEFINITIONAL_REPRESENTATION('',(#5420),#5424);
#5420 = LINE('',#5421,#5422);
#5421 = CARTESIAN_POINT('',(20.,0.));
#5422 = VECTOR('',#5423,1.);
#5423 = DIRECTION('',(0.,1.));
#5424 = ( GEOMETRIC_REPRESENTATION_CONTEXT(2) 
PARAMETRIC_REPRESENTATION_CONTEXT() REPRESENTATION_CONTEXT('2D SPACE',''
  ) );
#5425 = ORIENTED_EDGE('',*,*,#5426,.F.);
#5426 = EDGE_CURVE('',#4963,#5217,#5427,.T.);
#5427 = SURFACE_CURVE('',#5428,(#5431,#5438),.PCURVE_S1.);
#5428 = B_SPLINE_CURVE_WITH_KNOTS('',1,(#5429,#5430),.UNSPECIFIED.,.F.,
  .F.,(2,2),(19.,20.),.PIECEWISE_BEZIER_KNOTS.);
#5429 = CARTESIAN_POINT('',(397.6403,348.11387932561,110.79410757696));
#5430 = CARTESIAN_POINT('',(397.6403,348.48391789289,110.7460439159));
#5431 = PCURVE('',#5038,#5432);
#5432 = DEFINITIONAL_REPRESENTATION('',(#5433),#5437);
#5433 = LINE('',#5434,#5435);
#5434 = CARTESIAN_POINT('',(0.,1.));
#5435 = VECTOR('',#5436,1.);
#5436 = DIRECTION('',(1.,0.));
#5437 = ( GEOMETRIC_REPRESENTATION_CONTEXT(2) 
PARAMETRIC_REPRESENTATION_CONTEXT() REPRESENTATION_CONTEXT('2D SPACE',''
  ) );
#5438 = PCURVE('',#401,#5439);
#5439 = DEFINITIONAL_REPRESENTATION('',(#5440),#5443);
#5440 = B_SPLINE_CURVE_WITH_KNOTS('',1,(#5441,#5442),.UNSPECIFIED.,.F.,
  .F.,(2,2),(19.,20.),.PIECEWISE_BEZIER_KNOTS.);
#5441 = CARTESIAN_POINT('',(1.189376893198,7.481351366414E-02));
#5442 = CARTESIAN_POINT('',(0.81634092748,8.391434174402E-02));
#5443 = ( GEOMETRIC_REPRESENTATION_CONTEXT(2) 
PARAMETRIC_REPRESENTATION_CONTEXT() REPRESENTATION_CONTEXT('2D SPACE',''
  ) );
#5444 = ORIENTED_EDGE('',*,*,#4962,.F.);
#5445 = ADVANCED_FACE('',(#5446),#5292,.T.);
#5446 = FACE_BOUND('',#5447,.T.);
#5447 = EDGE_LOOP('',(#5448,#5469,#5679,#5698));
#5448 = ORIENTED_EDGE('',*,*,#5449,.T.);
#5449 = EDGE_CURVE('',#5196,#5450,#5452,.T.);
#5450 = VERTEX_POINT('',#5451);
#5451 = CARTESIAN_POINT('',(140.9618,347.4643500966,110.19475234916));
#5452 = SURFACE_CURVE('',#5453,(#5456,#5463),.PCURVE_S1.);
#5453 = B_SPLINE_CURVE_WITH_KNOTS('',1,(#5454,#5455),.UNSPECIFIED.,.F.,
  .F.,(2,2),(20.,21.),.PIECEWISE_BEZIER_KNOTS.);
#5454 = CARTESIAN_POINT('',(140.9618,347.09346385125,110.14699826468));
#5455 = CARTESIAN_POINT('',(140.9618,347.4643500966,110.19475234916));
#5456 = PCURVE('',#5292,#5457);
#5457 = DEFINITIONAL_REPRESENTATION('',(#5458),#5462);
#5458 = LINE('',#5459,#5460);
#5459 = CARTESIAN_POINT('',(0.,0.));
#5460 = VECTOR('',#5461,1.);
#5461 = DIRECTION('',(1.,0.));
#5462 = ( GEOMETRIC_REPRESENTATION_CONTEXT(2) 
PARAMETRIC_REPRESENTATION_CONTEXT() REPRESENTATION_CONTEXT('2D SPACE',''
  ) );
#5463 = PCURVE('',#165,#5464);
#5464 = DEFINITIONAL_REPRESENTATION('',(#5465),#5468);
#5465 = B_SPLINE_CURVE_WITH_KNOTS('',1,(#5466,#5467),.UNSPECIFIED.,.F.,
  .F.,(2,2),(20.,21.),.PIECEWISE_BEZIER_KNOTS.);
#5466 = CARTESIAN_POINT('',(7.717902291765,-1.42108547152E-14));
#5467 = CARTESIAN_POINT('',(7.343955205418,-7.976142486399E-04));
#5468 = ( GEOMETRIC_REPRESENTATION_CONTEXT(2) 
PARAMETRIC_REPRESENTATION_CONTEXT() REPRESENTATION_CONTEXT('2D SPACE',''
  ) );
#5469 = ORIENTED_EDGE('',*,*,#5470,.T.);
#5470 = EDGE_CURVE('',#5450,#5471,#5473,.T.);
#5471 = VERTEX_POINT('',#5472);
#5472 = CARTESIAN_POINT('',(397.6403,348.85395646017,110.69798025484));
#5473 = SURFACE_CURVE('',#5474,(#5538,#5545),.PCURVE_S1.);
#5474 = ( BOUNDED_CURVE() B_SPLINE_CURVE(3,(#5475,#5476,#5477,#5478,
    #5479,#5480,#5481,#5482,#5483,#5484,#5485,#5486,#5487,#5488,#5489,
    #5490,#5491,#5492,#5493,#5494,#5495,#5496,#5497,#5498,#5499,#5500,
    #5501,#5502,#5503,#5504,#5505,#5506,#5507,#5508,#5509,#5510,#5511,
    #5512,#5513,#5514,#5515,#5516,#5517,#5518,#5519,#5520,#5521,#5522,
    #5523,#5524,#5525,#5526,#5527,#5528,#5529,#5530,#5531,#5532,#5533,
    #5534,#5535,#5536,#5537),.UNSPECIFIED.,.F.,.F.) 
B_SPLINE_CURVE_WITH_KNOTS((4,1,1,1,1,1,1,1,1,1,1,1,1,1,1,1,1,1,1,1,1,1,1
    ,1,1,1,1,1,1,1,1,1,1,1,1,1,1,1,1,1,1,1,1,1,1,1,1,1,1,1,1,1,1,1,1,1,1
    ,1,1,1,4),(0.,1.671834126768E-02,3.328707673398E-02,
    5.001744466419E-02,6.648650714478E-02,8.348892901119E-02,
    9.999486964001E-02,0.11646941087,0.133815549619,0.150618938677,
    0.167038735703,0.183454077407,0.199862498306,0.216272023155,
    0.232682039048,0.249094136,0.265517101832,0.28195250261,
    0.298446383618,0.315002877417,0.331625113939,0.348307612691,
    0.365035992875,0.381711213613,0.398301880653,0.414823418335,
    0.431326889702,0.448164125522,0.464772555536,0.481574851679,
    0.498833916597,0.516076325801,0.532869467448,0.550364700599,
    0.567182918644,0.58368017293,0.60020088702,0.616790522208,
    0.633466402799,0.650196996519,0.66688122827,0.683506031496,
    0.700063533111,0.716557401724,0.732992840875,0.749415744672,
    0.765827967007,0.78223726506,0.798647812608,0.815056815176,
    0.831475231221,0.84789937286,0.864694545606,0.881987572306,
    0.898456926779,0.91536479181,0.932301655256,0.949102498792,
0.966203962862,0.982810298735,1.),.UNSPECIFIED.) CURVE() 
GEOMETRIC_REPRESENTATION_ITEM() RATIONAL_B_SPLINE_CURVE((1.,
    1.000000000007,0.999999999997,1.000000000001,1.,1.,1.,1.,1.,1.,1.,1.
    ,1.,1.,1.,1.,1.,1.,1.,1.,1.,1.,1.,1.,1.,1.,1.,1.,1.,1.,1.,1.,1.,1.,
    1.,1.,1.,1.,1.,1.,1.,1.,1.,1.,1.,1.,1.,1.,1.,1.,1.,1.,1.,1.,1.,1.,1.
    ,1.,1.000000000001,0.999999999996,1.000000000014,0.999999999969,1.))
 REPRESENTATION_ITEM('') );
#5475 = CARTESIAN_POINT('',(140.9618,347.4643500966,110.19475234916));
#5476 = CARTESIAN_POINT('',(142.09540904743,343.83278888235,
    109.75035893099));
#5477 = CARTESIAN_POINT('',(145.34352279277,347.18581961286,
    110.20520824812));
#5478 = CARTESIAN_POINT('',(149.51920541273,344.65397937653,
    109.88863774485));
#5479 = CARTESIAN_POINT('',(153.74675028087,343.27147488112,
    109.77855797618));
#5480 = CARTESIAN_POINT('',(158.17058310233,343.65828936344,
    109.8961199554));
#5481 = CARTESIAN_POINT('',(162.26698448152,340.3644506656,
    109.45179585554));
#5482 = CARTESIAN_POINT('',(166.61873526807,340.52214477919,
    109.42056969789));
#5483 = CARTESIAN_POINT('',(171.05025168138,339.83384889613,
    109.2452576755));
#5484 = CARTESIAN_POINT('',(175.09238100893,339.7096186148,
    109.12929473153));
#5485 = CARTESIAN_POINT('',(179.41643525083,338.04637208148,
    108.72978223846));
#5486 = CARTESIAN_POINT('',(183.74465399728,338.22819364608,
    108.61351652154));
#5487 = CARTESIAN_POINT('',(188.01748830499,337.85774352474,
    108.37566917108));
#5488 = CARTESIAN_POINT('',(192.29804434258,337.90092074998,
    108.22165608464));
#5489 = CARTESIAN_POINT('',(196.57544693057,337.76709604539,
    107.9939325511));
#5490 = CARTESIAN_POINT('',(200.85359337877,337.69042808672,
    107.74438989597));
#5491 = CARTESIAN_POINT('',(205.13313267918,337.81714869703,
    107.48337647305));
#5492 = CARTESIAN_POINT('',(209.41029445154,338.18461899213,
    107.24455440237));
#5493 = CARTESIAN_POINT('',(213.69566833045,338.49853860905,
    106.89118154695));
#5494 = CARTESIAN_POINT('',(217.97323994091,339.35281212477,
    106.5858714854));
#5495 = CARTESIAN_POINT('',(222.25201002744,340.36653005436,
    106.22587548468));
#5496 = CARTESIAN_POINT('',(226.52878947893,341.64878977018,
    105.87637879443));
#5497 = CARTESIAN_POINT('',(230.80631705996,343.04792441913,
    105.49494368802));
#5498 = CARTESIAN_POINT('',(235.06961741834,344.61244765786,
    105.20447828525));
#5499 = CARTESIAN_POINT('',(239.34364675972,345.99818705327,
    105.08219948339));
#5500 = CARTESIAN_POINT('',(243.62590118763,347.22916548153,
    105.26671895911));
#5501 = CARTESIAN_POINT('',(247.90145862716,347.99165550055,
    105.66759515011));
#5502 = CARTESIAN_POINT('',(252.24748803221,348.65100142997,
    106.46220372133));
#5503 = CARTESIAN_POINT('',(256.42226459116,348.02606394488,
    106.38027828127));
#5504 = CARTESIAN_POINT('',(260.774587196,349.7062627663,107.20577627935
    ));
#5505 = CARTESIAN_POINT('',(265.08553351846,348.95426435413,
    106.74690235141));
#5506 = CARTESIAN_POINT('',(269.30435854157,348.68874940279,
    107.36734803929));
#5507 = CARTESIAN_POINT('',(273.49463672784,347.86749110672,
    107.33112001885));
#5508 = CARTESIAN_POINT('',(277.98553204283,347.96448029339,
    108.17473544822));
#5509 = CARTESIAN_POINT('',(282.02098866206,345.75544065179,
    107.872434254));
#5510 = CARTESIAN_POINT('',(286.37785805657,345.77884619613,
    108.72613945027));
#5511 = CARTESIAN_POINT('',(290.69560185407,345.64390065893,
    108.41411039308));
#5512 = CARTESIAN_POINT('',(294.97762712103,346.00073339877,
    108.49778354273));
#5513 = CARTESIAN_POINT('',(299.25829278307,346.50184102216,
    108.67061824788));
#5514 = CARTESIAN_POINT('',(303.53281780748,347.11995362714,
    108.99032129344));
#5515 = CARTESIAN_POINT('',(307.79563331651,347.87386431351,
    109.33701600579));
#5516 = CARTESIAN_POINT('',(312.07349323989,348.52532310858,
    109.64752974458));
#5517 = CARTESIAN_POINT('',(316.34983972698,349.09567523276,
    109.94318286366));
#5518 = CARTESIAN_POINT('',(320.62873034613,349.54574646957,
    110.17042631897));
#5519 = CARTESIAN_POINT('',(324.90645535717,349.87693679415,
    110.36148976349));
#5520 = CARTESIAN_POINT('',(329.19177427478,349.94498076437,
    110.50381565945));
#5521 = CARTESIAN_POINT('',(333.46902839726,350.11067380143,
    110.59868272449));
#5522 = CARTESIAN_POINT('',(337.74832561117,350.15928298669,
    110.6605550525));
#5523 = CARTESIAN_POINT('',(342.02697062847,350.16834979967,
    110.7291646353));
#5524 = CARTESIAN_POINT('',(346.30391351544,350.20553512676,
    110.7906274917));
#5525 = CARTESIAN_POINT('',(350.58496238288,350.24860425846,
    110.83796855938));
#5526 = CARTESIAN_POINT('',(354.8577723004,350.3756338563,
    110.87944343635));
#5527 = CARTESIAN_POINT('',(359.18388688825,350.15486886611,
    110.96205480735));
#5528 = CARTESIAN_POINT('',(363.5052046971,350.89905362832,
    110.87554573042));
#5529 = CARTESIAN_POINT('',(367.54865046447,352.50187730574,
    110.63526241049));
#5530 = CARTESIAN_POINT('',(372.05847150757,351.89325417014,
    110.71403813301));
#5531 = CARTESIAN_POINT('',(376.24564436291,353.4031167082,
    110.49898490537));
#5532 = CARTESIAN_POINT('',(380.50353796332,352.23134192723,
    110.56579015189));
#5533 = CARTESIAN_POINT('',(384.85798865987,351.58748997753,
    110.57655424753));
#5534 = CARTESIAN_POINT('',(389.02722072527,350.14763054275,
    110.67755764792));
#5535 = CARTESIAN_POINT('',(393.32393006004,349.55734849984,
    110.67983019645));
#5536 = CARTESIAN_POINT('',(396.53994441614,351.66972563412,
    110.40840213007));
#5537 = CARTESIAN_POINT('',(397.6403,348.85395646017,110.69798025484));
#5538 = PCURVE('',#5292,#5539);
#5539 = DEFINITIONAL_REPRESENTATION('',(#5540),#5544);
#5540 = LINE('',#5541,#5542);
#5541 = CARTESIAN_POINT('',(21.,0.));
#5542 = VECTOR('',#5543,1.);
#5543 = DIRECTION('',(0.,1.));
#5544 = ( GEOMETRIC_REPRESENTATION_CONTEXT(2) 
PARAMETRIC_REPRESENTATION_CONTEXT() REPRESENTATION_CONTEXT('2D SPACE',''
  ) );
#5545 = PCURVE('',#5546,#5673);
#5546 = ( BOUNDED_SURFACE() B_SPLINE_SURFACE(1,3,(
    (#5547,#5548,#5549,#5550,#5551,#5552,#5553,#5554,#5555,#5556,#5557
      ,#5558,#5559,#5560,#5561,#5562,#5563,#5564,#5565,#5566,#5567,#5568
      ,#5569,#5570,#5571,#5572,#5573,#5574,#5575,#5576,#5577,#5578,#5579
      ,#5580,#5581,#5582,#5583,#5584,#5585,#5586,#5587,#5588,#5589,#5590
      ,#5591,#5592,#5593,#5594,#5595,#5596,#5597,#5598,#5599,#5600,#5601
      ,#5602,#5603,#5604,#5605,#5606,#5607,#5608,#5609)
    ,(#5610,#5611,#5612,#5613,#5614,#5615,#5616,#5617,#5618,#5619,#5620
      ,#5621,#5622,#5623,#5624,#5625,#5626,#5627,#5628,#5629,#5630,#5631
      ,#5632,#5633,#5634,#5635,#5636,#5637,#5638,#5639,#5640,#5641,#5642
      ,#5643,#5644,#5645,#5646,#5647,#5648,#5649,#5650,#5651,#5652,#5653
      ,#5654,#5655,#5656,#5657,#5658,#5659,#5660,#5661,#5662,#5663,#5664
      ,#5665,#5666,#5667,#5668,#5669,#5670,#5671,#5672
)),.UNSPECIFIED.,.F.,.F.,.F.) B_SPLINE_SURFACE_WITH_KNOTS((2,2),(4,1,1,1
    ,1,1,1,1,1,1,1,1,1,1,1,1,1,1,1,1,1,1,1,1,1,1,1,1,1,1,1,1,1,1,1,1,1,1
    ,1,1,1,1,1,1,1,1,1,1,1,1,1,1,1,1,1,1,1,1,1,1,4),(21.,22.),(0.,
    1.671834126768E-02,3.328707673398E-02,5.001744466419E-02,
    6.648650714478E-02,8.348892901119E-02,9.999486964001E-02,
    0.11646941087,0.133815549619,0.150618938677,0.167038735703,
    0.183454077407,0.199862498306,0.216272023155,0.232682039048,
    0.249094136,0.265517101832,0.28195250261,0.298446383618,
    0.315002877417,0.331625113939,0.348307612691,0.365035992875,
    0.381711213613,0.398301880653,0.414823418335,0.431326889702,
    0.448164125522,0.464772555536,0.481574851679,0.498833916597,
    0.516076325801,0.532869467448,0.550364700599,0.567182918644,
    0.58368017293,0.60020088702,0.616790522208,0.633466402799,
    0.650196996519,0.66688122827,0.683506031496,0.700063533111,
    0.716557401724,0.732992840875,0.749415744672,0.765827967007,
    0.78223726506,0.798647812608,0.815056815176,0.831475231221,
    0.84789937286,0.864694545606,0.881987572306,0.898456926779,
    0.91536479181,0.932301655256,0.949102498792,0.966203962862,
0.982810298735,1.),.UNSPECIFIED.) GEOMETRIC_REPRESENTATION_ITEM() 
RATIONAL_B_SPLINE_SURFACE((
    (1.,1.000000000007,0.999999999997,1.000000000001,1.,1.,1.,1.,1.,1.
      ,1.,1.,1.,1.,1.,1.,1.,1.,1.,1.,1.,1.,1.,1.,1.,1.,1.,1.,1.,1.,1.,1.
      ,1.,1.,1.,1.,1.,1.,1.,1.,1.,1.,1.,1.,1.,1.,1.,1.,1.,1.,1.,1.,1.,1.
      ,1.,1.,1.,1.,1.000000000001,0.999999999996,1.000000000014
      ,0.999999999969,1.)
    ,(1.,1.000000000007,0.999999999997,1.000000000001,1.,1.,1.,1.,1.,1.
      ,1.,1.,1.,1.,1.,1.,1.,1.,1.,1.,1.,1.,1.,1.,1.,1.,1.,1.,1.,1.,1.,1.
      ,1.,1.,1.,1.,1.,1.,1.,1.,1.,1.,1.,1.,1.,1.,1.,1.,1.,1.,1.,1.,1.,1.
      ,1.,1.,1.,1.,1.000000000001,0.999999999996,1.000000000014
,0.999999999969,1.))) REPRESENTATION_ITEM('') SURFACE() );
#5547 = CARTESIAN_POINT('',(140.9618,347.4643500966,110.19475234916));
#5548 = CARTESIAN_POINT('',(142.09540904743,343.83278888235,
    109.75035893099));
#5549 = CARTESIAN_POINT('',(145.34352279277,347.18581961286,
    110.20520824812));
#5550 = CARTESIAN_POINT('',(149.51920541273,344.65397937653,
    109.88863774485));
#5551 = CARTESIAN_POINT('',(153.74675028087,343.27147488112,
    109.77855797618));
#5552 = CARTESIAN_POINT('',(158.17058310233,343.65828936344,
    109.8961199554));
#5553 = CARTESIAN_POINT('',(162.26698448152,340.3644506656,
    109.45179585554));
#5554 = CARTESIAN_POINT('',(166.61873526807,340.52214477919,
    109.42056969789));
#5555 = CARTESIAN_POINT('',(171.05025168138,339.83384889613,
    109.2452576755));
#5556 = CARTESIAN_POINT('',(175.09238100893,339.7096186148,
    109.12929473153));
#5557 = CARTESIAN_POINT('',(179.41643525083,338.04637208148,
    108.72978223846));
#5558 = CARTESIAN_POINT('',(183.74465399728,338.22819364608,
    108.61351652154));
#5559 = CARTESIAN_POINT('',(188.01748830499,337.85774352474,
    108.37566917108));
#5560 = CARTESIAN_POINT('',(192.29804434258,337.90092074998,
    108.22165608464));
#5561 = CARTESIAN_POINT('',(196.57544693057,337.76709604539,
    107.9939325511));
#5562 = CARTESIAN_POINT('',(200.85359337877,337.69042808672,
    107.74438989597));
#5563 = CARTESIAN_POINT('',(205.13313267918,337.81714869703,
    107.48337647305));
#5564 = CARTESIAN_POINT('',(209.41029445154,338.18461899213,
    107.24455440237));
#5565 = CARTESIAN_POINT('',(213.69566833045,338.49853860905,
    106.89118154695));
#5566 = CARTESIAN_POINT('',(217.97323994091,339.35281212477,
    106.5858714854));
#5567 = CARTESIAN_POINT('',(222.25201002744,340.36653005436,
    106.22587548468));
#5568 = CARTESIAN_POINT('',(226.52878947893,341.64878977018,
    105.87637879443));
#5569 = CARTESIAN_POINT('',(230.80631705996,343.04792441913,
    105.49494368802));
#5570 = CARTESIAN_POINT('',(235.06961741834,344.61244765786,
    105.20447828525));
#5571 = CARTESIAN_POINT('',(239.34364675972,345.99818705327,
    105.08219948339));
#5572 = CARTESIAN_POINT('',(243.62590118763,347.22916548153,
    105.26671895911));
#5573 = CARTESIAN_POINT('',(247.90145862716,347.99165550055,
    105.66759515011));
#5574 = CARTESIAN_POINT('',(252.24748803221,348.65100142997,
    106.46220372133));
#5575 = CARTESIAN_POINT('',(256.42226459116,348.02606394488,
    106.38027828127));
#5576 = CARTESIAN_POINT('',(260.774587196,349.7062627663,107.20577627935
    ));
#5577 = CARTESIAN_POINT('',(265.08553351846,348.95426435413,
    106.74690235141));
#5578 = CARTESIAN_POINT('',(269.30435854157,348.68874940279,
    107.36734803929));
#5579 = CARTESIAN_POINT('',(273.49463672784,347.86749110672,
    107.33112001885));
#5580 = CARTESIAN_POINT('',(277.98553204283,347.96448029339,
    108.17473544822));
#5581 = CARTESIAN_POINT('',(282.02098866206,345.75544065179,
    107.872434254));
#5582 = CARTESIAN_POINT('',(286.37785805657,345.77884619613,
    108.72613945027));
#5583 = CARTESIAN_POINT('',(290.69560185407,345.64390065893,
    108.41411039308));
#5584 = CARTESIAN_POINT('',(294.97762712103,346.00073339877,
    108.49778354273));
#5585 = CARTESIAN_POINT('',(299.25829278307,346.50184102216,
    108.67061824788));
#5586 = CARTESIAN_POINT('',(303.53281780748,347.11995362714,
    108.99032129344));
#5587 = CARTESIAN_POINT('',(307.79563331651,347.87386431351,
    109.33701600579));
#5588 = CARTESIAN_POINT('',(312.07349323989,348.52532310858,
    109.64752974458));
#5589 = CARTESIAN_POINT('',(316.34983972698,349.09567523276,
    109.94318286366));
#5590 = CARTESIAN_POINT('',(320.62873034613,349.54574646957,
    110.17042631897));
#5591 = CARTESIAN_POINT('',(324.90645535717,349.87693679415,
    110.36148976349));
#5592 = CARTESIAN_POINT('',(329.19177427478,349.94498076437,
    110.50381565945));
#5593 = CARTESIAN_POINT('',(333.46902839726,350.11067380143,
    110.59868272449));
#5594 = CARTESIAN_POINT('',(337.74832561117,350.15928298669,
    110.6605550525));
#5595 = CARTESIAN_POINT('',(342.02697062847,350.16834979967,
    110.7291646353));
#5596 = CARTESIAN_POINT('',(346.30391351544,350.20553512676,
    110.7906274917));
#5597 = CARTESIAN_POINT('',(350.58496238288,350.24860425846,
    110.83796855938));
#5598 = CARTESIAN_POINT('',(354.8577723004,350.3756338563,
    110.87944343635));
#5599 = CARTESIAN_POINT('',(359.18388688825,350.15486886611,
    110.96205480735));
#5600 = CARTESIAN_POINT('',(363.5052046971,350.89905362832,
    110.87554573042));
#5601 = CARTESIAN_POINT('',(367.54865046447,352.50187730574,
    110.63526241049));
#5602 = CARTESIAN_POINT('',(372.05847150757,351.89325417014,
    110.71403813301));
#5603 = CARTESIAN_POINT('',(376.24564436291,353.4031167082,
    110.49898490537));
#5604 = CARTESIAN_POINT('',(380.50353796332,352.23134192723,
    110.56579015189));
#5605 = CARTESIAN_POINT('',(384.85798865987,351.58748997753,
    110.57655424753));
#5606 = CARTESIAN_POINT('',(389.02722072527,350.14763054275,
    110.67755764792));
#5607 = CARTESIAN_POINT('',(393.32393006004,349.55734849984,
    110.67983019645));
#5608 = CARTESIAN_POINT('',(396.53994441614,351.66972563412,
    110.40840213007));
#5609 = CARTESIAN_POINT('',(397.6403,348.85395646017,110.69798025484));
#5610 = CARTESIAN_POINT('',(140.9618,347.84759779263,110.24497162337));
#5611 = CARTESIAN_POINT('',(142.09540904743,344.41796156126,
    109.8221695839));
#5612 = CARTESIAN_POINT('',(145.34352279277,347.63083362671,
    110.26360154933));
#5613 = CARTESIAN_POINT('',(149.51920541273,345.28561664181,
    109.97644705167));
#5614 = CARTESIAN_POINT('',(153.74675028087,343.94608667305,
    109.87462959453));
#5615 = CARTESIAN_POINT('',(158.17058310233,344.28686786337,
    109.99138896002));
#5616 = CARTESIAN_POINT('',(162.26698448152,341.23238745443,
    109.58765975061));
#5617 = CARTESIAN_POINT('',(166.61873526807,341.43290107409,
    109.58157313886));
#5618 = CARTESIAN_POINT('',(171.05025168138,340.78065340634,
    109.41942126295));
#5619 = CARTESIAN_POINT('',(175.09238100893,340.8497805933,
    109.34389862113));
#5620 = CARTESIAN_POINT('',(179.41643525083,339.36643730601,
    108.98871892252));
#5621 = CARTESIAN_POINT('',(183.74465399728,339.53985760003,
    108.87155394552));
#5622 = CARTESIAN_POINT('',(188.01748830499,339.20463904843,
    108.65417839822));
#5623 = CARTESIAN_POINT('',(192.29804434258,339.24988794398,
    108.51162221569));
#5624 = CARTESIAN_POINT('',(196.57544693057,339.1271617881,
    108.30371768368));
#5625 = CARTESIAN_POINT('',(200.85359337877,339.05557128398,
    108.06946061348));
#5626 = CARTESIAN_POINT('',(205.13313267918,339.17020165702,
    107.83797200371));
#5627 = CARTESIAN_POINT('',(209.41029445154,339.51367956024,
    107.60873791137));
#5628 = CARTESIAN_POINT('',(213.69566833045,339.8022529329,
    107.27058054553));
#5629 = CARTESIAN_POINT('',(217.97323994091,340.6061538004,
    106.96256113327));
#5630 = CARTESIAN_POINT('',(222.25201002744,341.56306576047,
    106.58842130406));
#5631 = CARTESIAN_POINT('',(226.52878947893,342.77922715784,
    106.22243981314));
#5632 = CARTESIAN_POINT('',(230.80631705996,344.11066940828,
    105.81598134706));
#5633 = CARTESIAN_POINT('',(235.06961741834,345.60519585655,
    105.47986499678));
#5634 = CARTESIAN_POINT('',(239.34364675972,346.9226528978,
    105.30557428322));
#5635 = CARTESIAN_POINT('',(243.62590118763,348.08743293163,
    105.43064471197));
#5636 = CARTESIAN_POINT('',(247.90145862716,348.7644297654,
    105.75863110501));
#5637 = CARTESIAN_POINT('',(252.24748803221,349.40784452691,
    106.55604071887));
#5638 = CARTESIAN_POINT('',(256.42226459116,348.52060891421,
    106.18206430152));
#5639 = CARTESIAN_POINT('',(260.774587196,350.2508834493,107.07744070834
    ));
#5640 = CARTESIAN_POINT('',(265.08553351846,349.25954860457,
    106.36857324489));
#5641 = CARTESIAN_POINT('',(269.30435854157,349.03871069782,
    107.00263364813));
#5642 = CARTESIAN_POINT('',(273.49463672784,348.14515523586,
    106.83894339377));
#5643 = CARTESIAN_POINT('',(277.98553204283,348.47383746909,
    107.88789693591));
#5644 = CARTESIAN_POINT('',(282.02098866206,346.18285102345,
    107.40800054606));
#5645 = CARTESIAN_POINT('',(286.37785805657,346.44826154964,
    108.41977822758));
#5646 = CARTESIAN_POINT('',(290.69560185407,346.32316805071,
    108.00542896922));
#5647 = CARTESIAN_POINT('',(294.97762712103,346.76267336003,
    108.06151179608));
#5648 = CARTESIAN_POINT('',(299.25829278307,347.33547163404,
    108.20576384225));
#5649 = CARTESIAN_POINT('',(303.53281780748,348.03982864468,
    108.52399430053));
#5650 = CARTESIAN_POINT('',(307.79563331651,348.87987100405,
    108.87304606349));
#5651 = CARTESIAN_POINT('',(312.07349323989,349.62312703555,
    109.20989662593));
#5652 = CARTESIAN_POINT('',(316.34983972698,350.27202386412,
    109.51786864299));
#5653 = CARTESIAN_POINT('',(320.62873034613,350.79045992896,
    109.76070460876));
#5654 = CARTESIAN_POINT('',(324.90645535717,351.18001717644,
    109.97231480827));
#5655 = CARTESIAN_POINT('',(329.19177427478,351.27972979996,
    110.14140105532));
#5656 = CARTESIAN_POINT('',(333.46902839726,351.47021798927,
    110.2498908241));
#5657 = CARTESIAN_POINT('',(337.74832561117,351.53059741223,
    110.34362614275));
#5658 = CARTESIAN_POINT('',(342.02697062847,351.53988898613,
    110.43113938032));
#5659 = CARTESIAN_POINT('',(346.30391351544,351.55854533137,
    110.50938312849));
#5660 = CARTESIAN_POINT('',(350.58496238288,351.59792250727,
    110.56511281627));
#5661 = CARTESIAN_POINT('',(354.8577723004,351.69074171212,
    110.62856006055));
#5662 = CARTESIAN_POINT('',(359.18388688825,351.45121197293,
    110.72036896036));
#5663 = CARTESIAN_POINT('',(363.5052046971,352.09386401288,
    110.65966211529));
#5664 = CARTESIAN_POINT('',(367.54865046447,353.49836957299,
    110.46361763103));
#5665 = CARTESIAN_POINT('',(372.05847150757,352.88244627978,
    110.55533383771));
#5666 = CARTESIAN_POINT('',(376.24564436291,354.2362041696,
    110.36769896209));
#5667 = CARTESIAN_POINT('',(380.50353796332,352.88069062108,
    110.46578190692));
#5668 = CARTESIAN_POINT('',(384.85798865987,352.19865034627,
    110.48884876909));
#5669 = CARTESIAN_POINT('',(389.02722072527,350.69860028841,
    110.59687922654));
#5670 = CARTESIAN_POINT('',(393.32393006004,349.94800984587,
    110.6212458979));
#5671 = CARTESIAN_POINT('',(396.53994441614,352.06192465316,
    110.36412216621));
#5672 = CARTESIAN_POINT('',(397.6403,349.22399502746,110.64991659379));
#5673 = DEFINITIONAL_REPRESENTATION('',(#5674),#5678);
#5674 = LINE('',#5675,#5676);
#5675 = CARTESIAN_POINT('',(21.,0.));
#5676 = VECTOR('',#5677,1.);
#5677 = DIRECTION('',(0.,1.));
#5678 = ( GEOMETRIC_REPRESENTATION_CONTEXT(2) 
PARAMETRIC_REPRESENTATION_CONTEXT() REPRESENTATION_CONTEXT('2D SPACE',''
  ) );
#5679 = ORIENTED_EDGE('',*,*,#5680,.F.);
#5680 = EDGE_CURVE('',#5217,#5471,#5681,.T.);
#5681 = SURFACE_CURVE('',#5682,(#5685,#5692),.PCURVE_S1.);
#5682 = B_SPLINE_CURVE_WITH_KNOTS('',1,(#5683,#5684),.UNSPECIFIED.,.F.,
  .F.,(2,2),(20.,21.),.PIECEWISE_BEZIER_KNOTS.);
#5683 = CARTESIAN_POINT('',(397.6403,348.48391789289,110.7460439159));
#5684 = CARTESIAN_POINT('',(397.6403,348.85395646017,110.69798025484));
#5685 = PCURVE('',#5292,#5686);
#5686 = DEFINITIONAL_REPRESENTATION('',(#5687),#5691);
#5687 = LINE('',#5688,#5689);
#5688 = CARTESIAN_POINT('',(0.,1.));
#5689 = VECTOR('',#5690,1.);
#5690 = DIRECTION('',(1.,0.));
#5691 = ( GEOMETRIC_REPRESENTATION_CONTEXT(2) 
PARAMETRIC_REPRESENTATION_CONTEXT() REPRESENTATION_CONTEXT('2D SPACE',''
  ) );
#5692 = PCURVE('',#401,#5693);
#5693 = DEFINITIONAL_REPRESENTATION('',(#5694),#5697);
#5694 = B_SPLINE_CURVE_WITH_KNOTS('',1,(#5695,#5696),.UNSPECIFIED.,.F.,
  .F.,(2,2),(20.,21.),.PIECEWISE_BEZIER_KNOTS.);
#5695 = CARTESIAN_POINT('',(0.81634092748,8.391434174402E-02));
#5696 = CARTESIAN_POINT('',(0.443304961763,9.30151698239E-02));
#5697 = ( GEOMETRIC_REPRESENTATION_CONTEXT(2) 
PARAMETRIC_REPRESENTATION_CONTEXT() REPRESENTATION_CONTEXT('2D SPACE',''
  ) );
#5698 = ORIENTED_EDGE('',*,*,#5216,.F.);
#5699 = ADVANCED_FACE('',(#5700),#5546,.T.);
#5700 = FACE_BOUND('',#5701,.T.);
#5701 = EDGE_LOOP('',(#5702,#5723,#5933,#5952));
#5702 = ORIENTED_EDGE('',*,*,#5703,.T.);
#5703 = EDGE_CURVE('',#5450,#5704,#5706,.T.);
#5704 = VERTEX_POINT('',#5705);
#5705 = CARTESIAN_POINT('',(140.9618,347.84759779263,110.24497162337));
#5706 = SURFACE_CURVE('',#5707,(#5710,#5717),.PCURVE_S1.);
#5707 = B_SPLINE_CURVE_WITH_KNOTS('',1,(#5708,#5709),.UNSPECIFIED.,.F.,
  .F.,(2,2),(21.,22.),.PIECEWISE_BEZIER_KNOTS.);
#5708 = CARTESIAN_POINT('',(140.9618,347.4643500966,110.19475234916));
#5709 = CARTESIAN_POINT('',(140.9618,347.84759779263,110.24497162337));
#5710 = PCURVE('',#5546,#5711);
#5711 = DEFINITIONAL_REPRESENTATION('',(#5712),#5716);
#5712 = LINE('',#5713,#5714);
#5713 = CARTESIAN_POINT('',(0.,0.));
#5714 = VECTOR('',#5715,1.);
#5715 = DIRECTION('',(1.,0.));
#5716 = ( GEOMETRIC_REPRESENTATION_CONTEXT(2) 
PARAMETRIC_REPRESENTATION_CONTEXT() REPRESENTATION_CONTEXT('2D SPACE',''
  ) );
#5717 = PCURVE('',#165,#5718);
#5718 = DEFINITIONAL_REPRESENTATION('',(#5719),#5722);
#5719 = B_SPLINE_CURVE_WITH_KNOTS('',1,(#5720,#5721),.UNSPECIFIED.,.F.,
  .F.,(2,2),(21.,22.),.PIECEWISE_BEZIER_KNOTS.);
#5720 = CARTESIAN_POINT('',(7.343955205418,-7.976142486399E-04));
#5721 = CARTESIAN_POINT('',(6.957431247238,-7.556345513393E-04));
#5722 = ( GEOMETRIC_REPRESENTATION_CONTEXT(2) 
PARAMETRIC_REPRESENTATION_CONTEXT() REPRESENTATION_CONTEXT('2D SPACE',''
  ) );
#5723 = ORIENTED_EDGE('',*,*,#5724,.T.);
#5724 = EDGE_CURVE('',#5704,#5725,#5727,.T.);
#5725 = VERTEX_POINT('',#5726);
#5726 = CARTESIAN_POINT('',(397.6403,349.22399502746,110.64991659379));
#5727 = SURFACE_CURVE('',#5728,(#5792,#5799),.PCURVE_S1.);
#5728 = ( BOUNDED_CURVE() B_SPLINE_CURVE(3,(#5729,#5730,#5731,#5732,
    #5733,#5734,#5735,#5736,#5737,#5738,#5739,#5740,#5741,#5742,#5743,
    #5744,#5745,#5746,#5747,#5748,#5749,#5750,#5751,#5752,#5753,#5754,
    #5755,#5756,#5757,#5758,#5759,#5760,#5761,#5762,#5763,#5764,#5765,
    #5766,#5767,#5768,#5769,#5770,#5771,#5772,#5773,#5774,#5775,#5776,
    #5777,#5778,#5779,#5780,#5781,#5782,#5783,#5784,#5785,#5786,#5787,
    #5788,#5789,#5790,#5791),.UNSPECIFIED.,.F.,.F.) 
B_SPLINE_CURVE_WITH_KNOTS((4,1,1,1,1,1,1,1,1,1,1,1,1,1,1,1,1,1,1,1,1,1,1
    ,1,1,1,1,1,1,1,1,1,1,1,1,1,1,1,1,1,1,1,1,1,1,1,1,1,1,1,1,1,1,1,1,1,1
    ,1,1,1,4),(0.,1.671834126768E-02,3.328707673398E-02,
    5.001744466419E-02,6.648650714478E-02,8.348892901119E-02,
    9.999486964001E-02,0.11646941087,0.133815549619,0.150618938677,
    0.167038735703,0.183454077407,0.199862498306,0.216272023155,
    0.232682039048,0.249094136,0.265517101832,0.28195250261,
    0.298446383618,0.315002877417,0.331625113939,0.348307612691,
    0.365035992875,0.381711213613,0.398301880653,0.414823418335,
    0.431326889702,0.448164125522,0.464772555536,0.481574851679,
    0.498833916597,0.516076325801,0.532869467448,0.550364700599,
    0.567182918644,0.58368017293,0.60020088702,0.616790522208,
    0.633466402799,0.650196996519,0.66688122827,0.683506031496,
    0.700063533111,0.716557401724,0.732992840875,0.749415744672,
    0.765827967007,0.78223726506,0.798647812608,0.815056815176,
    0.831475231221,0.84789937286,0.864694545606,0.881987572306,
    0.898456926779,0.91536479181,0.932301655256,0.949102498792,
0.966203962862,0.982810298735,1.),.UNSPECIFIED.) CURVE() 
GEOMETRIC_REPRESENTATION_ITEM() RATIONAL_B_SPLINE_CURVE((1.,
    1.000000000007,0.999999999997,1.000000000001,1.,1.,1.,1.,1.,1.,1.,1.
    ,1.,1.,1.,1.,1.,1.,1.,1.,1.,1.,1.,1.,1.,1.,1.,1.,1.,1.,1.,1.,1.,1.,
    1.,1.,1.,1.,1.,1.,1.,1.,1.,1.,1.,1.,1.,1.,1.,1.,1.,1.,1.,1.,1.,1.,1.
    ,1.,1.000000000001,0.999999999996,1.000000000014,0.999999999969,1.))
 REPRESENTATION_ITEM('') );
#5729 = CARTESIAN_POINT('',(140.9618,347.84759779263,110.24497162337));
#5730 = CARTESIAN_POINT('',(142.09540904743,344.41796156126,
    109.8221695839));
#5731 = CARTESIAN_POINT('',(145.34352279277,347.63083362671,
    110.26360154933));
#5732 = CARTESIAN_POINT('',(149.51920541273,345.28561664181,
    109.97644705167));
#5733 = CARTESIAN_POINT('',(153.74675028087,343.94608667305,
    109.87462959453));
#5734 = CARTESIAN_POINT('',(158.17058310233,344.28686786337,
    109.99138896002));
#5735 = CARTESIAN_POINT('',(162.26698448152,341.23238745443,
    109.58765975061));
#5736 = CARTESIAN_POINT('',(166.61873526807,341.43290107409,
    109.58157313886));
#5737 = CARTESIAN_POINT('',(171.05025168138,340.78065340634,
    109.41942126295));
#5738 = CARTESIAN_POINT('',(175.09238100893,340.8497805933,
    109.34389862113));
#5739 = CARTESIAN_POINT('',(179.41643525083,339.36643730601,
    108.98871892252));
#5740 = CARTESIAN_POINT('',(183.74465399728,339.53985760003,
    108.87155394552));
#5741 = CARTESIAN_POINT('',(188.01748830499,339.20463904843,
    108.65417839822));
#5742 = CARTESIAN_POINT('',(192.29804434258,339.24988794398,
    108.51162221569));
#5743 = CARTESIAN_POINT('',(196.57544693057,339.1271617881,
    108.30371768368));
#5744 = CARTESIAN_POINT('',(200.85359337877,339.05557128398,
    108.06946061348));
#5745 = CARTESIAN_POINT('',(205.13313267918,339.17020165702,
    107.83797200371));
#5746 = CARTESIAN_POINT('',(209.41029445154,339.51367956024,
    107.60873791137));
#5747 = CARTESIAN_POINT('',(213.69566833045,339.8022529329,
    107.27058054553));
#5748 = CARTESIAN_POINT('',(217.97323994091,340.6061538004,
    106.96256113327));
#5749 = CARTESIAN_POINT('',(222.25201002744,341.56306576047,
    106.58842130406));
#5750 = CARTESIAN_POINT('',(226.52878947893,342.77922715784,
    106.22243981314));
#5751 = CARTESIAN_POINT('',(230.80631705996,344.11066940828,
    105.81598134706));
#5752 = CARTESIAN_POINT('',(235.06961741834,345.60519585655,
    105.47986499678));
#5753 = CARTESIAN_POINT('',(239.34364675972,346.9226528978,
    105.30557428322));
#5754 = CARTESIAN_POINT('',(243.62590118763,348.08743293163,
    105.43064471197));
#5755 = CARTESIAN_POINT('',(247.90145862716,348.7644297654,
    105.75863110501));
#5756 = CARTESIAN_POINT('',(252.24748803221,349.40784452691,
    106.55604071887));
#5757 = CARTESIAN_POINT('',(256.42226459116,348.52060891421,
    106.18206430152));
#5758 = CARTESIAN_POINT('',(260.774587196,350.2508834493,107.07744070834
    ));
#5759 = CARTESIAN_POINT('',(265.08553351846,349.25954860457,
    106.36857324489));
#5760 = CARTESIAN_POINT('',(269.30435854157,349.03871069782,
    107.00263364813));
#5761 = CARTESIAN_POINT('',(273.49463672784,348.14515523586,
    106.83894339377));
#5762 = CARTESIAN_POINT('',(277.98553204283,348.47383746909,
    107.88789693591));
#5763 = CARTESIAN_POINT('',(282.02098866206,346.18285102345,
    107.40800054606));
#5764 = CARTESIAN_POINT('',(286.37785805657,346.44826154964,
    108.41977822758));
#5765 = CARTESIAN_POINT('',(290.69560185407,346.32316805071,
    108.00542896922));
#5766 = CARTESIAN_POINT('',(294.97762712103,346.76267336003,
    108.06151179608));
#5767 = CARTESIAN_POINT('',(299.25829278307,347.33547163404,
    108.20576384225));
#5768 = CARTESIAN_POINT('',(303.53281780748,348.03982864468,
    108.52399430053));
#5769 = CARTESIAN_POINT('',(307.79563331651,348.87987100405,
    108.87304606349));
#5770 = CARTESIAN_POINT('',(312.07349323989,349.62312703555,
    109.20989662593));
#5771 = CARTESIAN_POINT('',(316.34983972698,350.27202386412,
    109.51786864299));
#5772 = CARTESIAN_POINT('',(320.62873034613,350.79045992896,
    109.76070460876));
#5773 = CARTESIAN_POINT('',(324.90645535717,351.18001717644,
    109.97231480827));
#5774 = CARTESIAN_POINT('',(329.19177427478,351.27972979996,
    110.14140105532));
#5775 = CARTESIAN_POINT('',(333.46902839726,351.47021798927,
    110.2498908241));
#5776 = CARTESIAN_POINT('',(337.74832561117,351.53059741223,
    110.34362614275));
#5777 = CARTESIAN_POINT('',(342.02697062847,351.53988898613,
    110.43113938032));
#5778 = CARTESIAN_POINT('',(346.30391351544,351.55854533137,
    110.50938312849));
#5779 = CARTESIAN_POINT('',(350.58496238288,351.59792250727,
    110.56511281627));
#5780 = CARTESIAN_POINT('',(354.8577723004,351.69074171212,
    110.62856006055));
#5781 = CARTESIAN_POINT('',(359.18388688825,351.45121197293,
    110.72036896036));
#5782 = CARTESIAN_POINT('',(363.5052046971,352.09386401288,
    110.65966211529));
#5783 = CARTESIAN_POINT('',(367.54865046447,353.49836957299,
    110.46361763103));
#5784 = CARTESIAN_POINT('',(372.05847150757,352.88244627978,
    110.55533383771));
#5785 = CARTESIAN_POINT('',(376.24564436291,354.2362041696,
    110.36769896209));
#5786 = CARTESIAN_POINT('',(380.50353796332,352.88069062108,
    110.46578190692));
#5787 = CARTESIAN_POINT('',(384.85798865987,352.19865034627,
    110.48884876909));
#5788 = CARTESIAN_POINT('',(389.02722072527,350.69860028841,
    110.59687922654));
#5789 = CARTESIAN_POINT('',(393.32393006004,349.94800984587,
    110.6212458979));
#5790 = CARTESIAN_POINT('',(396.53994441614,352.06192465316,
    110.36412216621));
#5791 = CARTESIAN_POINT('',(397.6403,349.22399502746,110.64991659379));
#5792 = PCURVE('',#5546,#5793);
#5793 = DEFINITIONAL_REPRESENTATION('',(#5794),#5798);
#5794 = LINE('',#5795,#5796);
#5795 = CARTESIAN_POINT('',(22.,0.));
#5796 = VECTOR('',#5797,1.);
#5797 = DIRECTION('',(0.,1.));
#5798 = ( GEOMETRIC_REPRESENTATION_CONTEXT(2) 
PARAMETRIC_REPRESENTATION_CONTEXT() REPRESENTATION_CONTEXT('2D SPACE',''
  ) );
#5799 = PCURVE('',#5800,#5927);
#5800 = ( BOUNDED_SURFACE() B_SPLINE_SURFACE(1,3,(
    (#5801,#5802,#5803,#5804,#5805,#5806,#5807,#5808,#5809,#5810,#5811
      ,#5812,#5813,#5814,#5815,#5816,#5817,#5818,#5819,#5820,#5821,#5822
      ,#5823,#5824,#5825,#5826,#5827,#5828,#5829,#5830,#5831,#5832,#5833
      ,#5834,#5835,#5836,#5837,#5838,#5839,#5840,#5841,#5842,#5843,#5844
      ,#5845,#5846,#5847,#5848,#5849,#5850,#5851,#5852,#5853,#5854,#5855
      ,#5856,#5857,#5858,#5859,#5860,#5861,#5862,#5863)
    ,(#5864,#5865,#5866,#5867,#5868,#5869,#5870,#5871,#5872,#5873,#5874
      ,#5875,#5876,#5877,#5878,#5879,#5880,#5881,#5882,#5883,#5884,#5885
      ,#5886,#5887,#5888,#5889,#5890,#5891,#5892,#5893,#5894,#5895,#5896
      ,#5897,#5898,#5899,#5900,#5901,#5902,#5903,#5904,#5905,#5906,#5907
      ,#5908,#5909,#5910,#5911,#5912,#5913,#5914,#5915,#5916,#5917,#5918
      ,#5919,#5920,#5921,#5922,#5923,#5924,#5925,#5926
)),.UNSPECIFIED.,.F.,.F.,.F.) B_SPLINE_SURFACE_WITH_KNOTS((2,2),(4,1,1,1
    ,1,1,1,1,1,1,1,1,1,1,1,1,1,1,1,1,1,1,1,1,1,1,1,1,1,1,1,1,1,1,1,1,1,1
    ,1,1,1,1,1,1,1,1,1,1,1,1,1,1,1,1,1,1,1,1,1,1,4),(22.,23.),(0.,
    1.671834126768E-02,3.328707673398E-02,5.001744466419E-02,
    6.648650714478E-02,8.348892901119E-02,9.999486964001E-02,
    0.11646941087,0.133815549619,0.150618938677,0.167038735703,
    0.183454077407,0.199862498306,0.216272023155,0.232682039048,
    0.249094136,0.265517101832,0.28195250261,0.298446383618,
    0.315002877417,0.331625113939,0.348307612691,0.365035992875,
    0.381711213613,0.398301880653,0.414823418335,0.431326889702,
    0.448164125522,0.464772555536,0.481574851679,0.498833916597,
    0.516076325801,0.532869467448,0.550364700599,0.567182918644,
    0.58368017293,0.60020088702,0.616790522208,0.633466402799,
    0.650196996519,0.66688122827,0.683506031496,0.700063533111,
    0.716557401724,0.732992840875,0.749415744672,0.765827967007,
    0.78223726506,0.798647812608,0.815056815176,0.831475231221,
    0.84789937286,0.864694545606,0.881987572306,0.898456926779,
    0.91536479181,0.932301655256,0.949102498792,0.966203962862,
0.982810298735,1.),.UNSPECIFIED.) GEOMETRIC_REPRESENTATION_ITEM() 
RATIONAL_B_SPLINE_SURFACE((
    (1.,1.000000000007,0.999999999997,1.000000000001,1.,1.,1.,1.,1.,1.
      ,1.,1.,1.,1.,1.,1.,1.,1.,1.,1.,1.,1.,1.,1.,1.,1.,1.,1.,1.,1.,1.,1.
      ,1.,1.,1.,1.,1.,1.,1.,1.,1.,1.,1.,1.,1.,1.,1.,1.,1.,1.,1.,1.,1.,1.
      ,1.,1.,1.,1.,1.000000000001,0.999999999996,1.000000000014
      ,0.999999999969,1.)
    ,(1.,1.000000000007,0.999999999997,1.000000000001,1.,1.,1.,1.,1.,1.
      ,1.,1.,1.,1.,1.,1.,1.,1.,1.,1.,1.,1.,1.,1.,1.,1.,1.,1.,1.,1.,1.,1.
      ,1.,1.,1.,1.,1.,1.,1.,1.,1.,1.,1.,1.,1.,1.,1.,1.,1.,1.,1.,1.,1.,1.
      ,1.,1.,1.,1.,1.000000000001,0.999999999996,1.000000000014
,0.999999999969,1.))) REPRESENTATION_ITEM('') SURFACE() );
#5801 = CARTESIAN_POINT('',(140.9618,347.84759779263,110.24497162337));
#5802 = CARTESIAN_POINT('',(142.09540904743,344.41796156126,
    109.8221695839));
#5803 = CARTESIAN_POINT('',(145.34352279277,347.63083362671,
    110.26360154933));
#5804 = CARTESIAN_POINT('',(149.51920541273,345.28561664181,
    109.97644705167));
#5805 = CARTESIAN_POINT('',(153.74675028087,343.94608667305,
    109.87462959453));
#5806 = CARTESIAN_POINT('',(158.17058310233,344.28686786337,
    109.99138896002));
#5807 = CARTESIAN_POINT('',(162.26698448152,341.23238745443,
    109.58765975061));
#5808 = CARTESIAN_POINT('',(166.61873526807,341.43290107409,
    109.58157313886));
#5809 = CARTESIAN_POINT('',(171.05025168138,340.78065340634,
    109.41942126295));
#5810 = CARTESIAN_POINT('',(175.09238100893,340.8497805933,
    109.34389862113));
#5811 = CARTESIAN_POINT('',(179.41643525083,339.36643730601,
    108.98871892252));
#5812 = CARTESIAN_POINT('',(183.74465399728,339.53985760003,
    108.87155394552));
#5813 = CARTESIAN_POINT('',(188.01748830499,339.20463904843,
    108.65417839822));
#5814 = CARTESIAN_POINT('',(192.29804434258,339.24988794398,
    108.51162221569));
#5815 = CARTESIAN_POINT('',(196.57544693057,339.1271617881,
    108.30371768368));
#5816 = CARTESIAN_POINT('',(200.85359337877,339.05557128398,
    108.06946061348));
#5817 = CARTESIAN_POINT('',(205.13313267918,339.17020165702,
    107.83797200371));
#5818 = CARTESIAN_POINT('',(209.41029445154,339.51367956024,
    107.60873791137));
#5819 = CARTESIAN_POINT('',(213.69566833045,339.8022529329,
    107.27058054553));
#5820 = CARTESIAN_POINT('',(217.97323994091,340.6061538004,
    106.96256113327));
#5821 = CARTESIAN_POINT('',(222.25201002744,341.56306576047,
    106.58842130406));
#5822 = CARTESIAN_POINT('',(226.52878947893,342.77922715784,
    106.22243981314));
#5823 = CARTESIAN_POINT('',(230.80631705996,344.11066940828,
    105.81598134706));
#5824 = CARTESIAN_POINT('',(235.06961741834,345.60519585655,
    105.47986499678));
#5825 = CARTESIAN_POINT('',(239.34364675972,346.9226528978,
    105.30557428322));
#5826 = CARTESIAN_POINT('',(243.62590118763,348.08743293163,
    105.43064471197));
#5827 = CARTESIAN_POINT('',(247.90145862716,348.7644297654,
    105.75863110501));
#5828 = CARTESIAN_POINT('',(252.24748803221,349.40784452691,
    106.55604071887));
#5829 = CARTESIAN_POINT('',(256.42226459116,348.52060891421,
    106.18206430152));
#5830 = CARTESIAN_POINT('',(260.774587196,350.2508834493,107.07744070834
    ));
#5831 = CARTESIAN_POINT('',(265.08553351846,349.25954860457,
    106.36857324489));
#5832 = CARTESIAN_POINT('',(269.30435854157,349.03871069782,
    107.00263364813));
#5833 = CARTESIAN_POINT('',(273.49463672784,348.14515523586,
    106.83894339377));
#5834 = CARTESIAN_POINT('',(277.98553204283,348.47383746909,
    107.88789693591));
#5835 = CARTESIAN_POINT('',(282.02098866206,346.18285102345,
    107.40800054606));
#5836 = CARTESIAN_POINT('',(286.37785805657,346.44826154964,
    108.41977822758));
#5837 = CARTESIAN_POINT('',(290.69560185407,346.32316805071,
    108.00542896922));
#5838 = CARTESIAN_POINT('',(294.97762712103,346.76267336003,
    108.06151179608));
#5839 = CARTESIAN_POINT('',(299.25829278307,347.33547163404,
    108.20576384225));
#5840 = CARTESIAN_POINT('',(303.53281780748,348.03982864468,
    108.52399430053));
#5841 = CARTESIAN_POINT('',(307.79563331651,348.87987100405,
    108.87304606349));
#5842 = CARTESIAN_POINT('',(312.07349323989,349.62312703555,
    109.20989662593));
#5843 = CARTESIAN_POINT('',(316.34983972698,350.27202386412,
    109.51786864299));
#5844 = CARTESIAN_POINT('',(320.62873034613,350.79045992896,
    109.76070460876));
#5845 = CARTESIAN_POINT('',(324.90645535717,351.18001717644,
    109.97231480827));
#5846 = CARTESIAN_POINT('',(329.19177427478,351.27972979996,
    110.14140105532));
#5847 = CARTESIAN_POINT('',(333.46902839726,351.47021798927,
    110.2498908241));
#5848 = CARTESIAN_POINT('',(337.74832561117,351.53059741223,
    110.34362614275));
#5849 = CARTESIAN_POINT('',(342.02697062847,351.53988898613,
    110.43113938032));
#5850 = CARTESIAN_POINT('',(346.30391351544,351.55854533137,
    110.50938312849));
#5851 = CARTESIAN_POINT('',(350.58496238288,351.59792250727,
    110.56511281627));
#5852 = CARTESIAN_POINT('',(354.8577723004,351.69074171212,
    110.62856006055));
#5853 = CARTESIAN_POINT('',(359.18388688825,351.45121197293,
    110.72036896036));
#5854 = CARTESIAN_POINT('',(363.5052046971,352.09386401288,
    110.65966211529));
#5855 = CARTESIAN_POINT('',(367.54865046447,353.49836957299,
    110.46361763103));
#5856 = CARTESIAN_POINT('',(372.05847150757,352.88244627978,
    110.55533383771));
#5857 = CARTESIAN_POINT('',(376.24564436291,354.2362041696,
    110.36769896209));
#5858 = CARTESIAN_POINT('',(380.50353796332,352.88069062108,
    110.46578190692));
#5859 = CARTESIAN_POINT('',(384.85798865987,352.19865034627,
    110.48884876909));
#5860 = CARTESIAN_POINT('',(389.02722072527,350.69860028841,
    110.59687922654));
#5861 = CARTESIAN_POINT('',(393.32393006004,349.94800984587,
    110.6212458979));
#5862 = CARTESIAN_POINT('',(396.53994441614,352.06192465316,
    110.36412216621));
#5863 = CARTESIAN_POINT('',(397.6403,349.22399502746,110.64991659379));
#5864 = CARTESIAN_POINT('',(140.9618,348.23084548865,110.29519089758));
#5865 = CARTESIAN_POINT('',(142.09540904743,345.00217940413,
    109.90079132773));
#5866 = CARTESIAN_POINT('',(145.34352279277,348.07525945979,
    110.32613711711));
#5867 = CARTESIAN_POINT('',(149.51920541273,345.91673772202,
    110.06791608303));
#5868 = CARTESIAN_POINT('',(153.74675028087,344.62015049967,
    109.97458530011));
#5869 = CARTESIAN_POINT('',(158.17058310233,344.91495317575,
    110.09012957893));
#5870 = CARTESIAN_POINT('',(162.26698448152,342.09964024823,
    109.72844715393));
#5871 = CARTESIAN_POINT('',(166.61873526807,342.34385584097,
    109.7411598436));
#5872 = CARTESIAN_POINT('',(171.05025168138,341.72753292054,
    109.59331237889));
#5873 = CARTESIAN_POINT('',(175.09238100893,341.98939381601,
    109.561159048));
#5874 = CARTESIAN_POINT('',(179.41643525083,340.68656301196,
    109.2474577476));
#5875 = CARTESIAN_POINT('',(183.74465399728,340.84980970122,
    109.13769097654));
#5876 = CARTESIAN_POINT('',(188.01748830499,340.55029102567,
    108.93861851134));
#5877 = CARTESIAN_POINT('',(192.29804434258,340.59713242161,
    108.80965737843));
#5878 = CARTESIAN_POINT('',(196.57544693057,340.48635038315,
    108.61752612815));
#5879 = CARTESIAN_POINT('',(200.85359337877,340.41896619425,
    108.40245234618));
#5880 = CARTESIAN_POINT('',(205.13313267918,340.52342991294,
    108.19175621129));
#5881 = CARTESIAN_POINT('',(209.41029445154,340.84240699562,
    107.9743475443));
#5882 = CARTESIAN_POINT('',(213.69566833045,341.10470502249,
    107.6539982562));
#5883 = CARTESIAN_POINT('',(217.97323994091,341.85575062815,
    107.35113378842));
#5884 = CARTESIAN_POINT('',(222.25201002744,342.75184693989,
    106.97769537231));
#5885 = CARTESIAN_POINT('',(226.52878947893,343.90180429129,
    106.59618571948));
#5886 = CARTESIAN_POINT('',(230.80631705996,345.16228334383,
    106.17365281304));
#5887 = CARTESIAN_POINT('',(235.06961741834,346.58410359225,
    105.81297973124));
#5888 = CARTESIAN_POINT('',(239.34364675972,347.83402194967,
    105.5881517686));
#5889 = CARTESIAN_POINT('',(243.62590118763,348.92639828793,
    105.67413160864));
#5890 = CARTESIAN_POINT('',(247.90145862716,349.53907861051,
    105.92854077544));
#5891 = CARTESIAN_POINT('',(252.24748803221,350.09516805502,
    106.67314174968));
#5892 = CARTESIAN_POINT('',(256.42226459116,349.23017904697,
    106.25498734156));
#5893 = CARTESIAN_POINT('',(260.774587196,350.7129853318,106.91470088803
    ));
#5894 = CARTESIAN_POINT('',(265.08553351846,349.75560835777,
    106.17908277094));
#5895 = CARTESIAN_POINT('',(269.30435854157,349.49207381655,
    106.77262777441));
#5896 = CARTESIAN_POINT('',(273.49463672784,348.62618421754,
    106.55605346025));
#5897 = CARTESIAN_POINT('',(277.98553204283,348.89548695397,
    107.52390249693));
#5898 = CARTESIAN_POINT('',(282.02098866206,346.82343133734,
    107.16388476508));
#5899 = CARTESIAN_POINT('',(286.37785805657,347.06886868232,
    108.07401918732));
#5900 = CARTESIAN_POINT('',(290.69560185407,347.02069837423,
    107.61822862423));
#5901 = CARTESIAN_POINT('',(294.97762712103,347.52019110551,
    107.6197087306));
#5902 = CARTESIAN_POINT('',(299.25829278307,348.17194576236,
    107.74520101731));
#5903 = CARTESIAN_POINT('',(303.53281780748,348.96079468831,
    108.0582044615));
#5904 = CARTESIAN_POINT('',(307.79563331651,349.88609239365,
    108.40471942027));
#5905 = CARTESIAN_POINT('',(312.07349323989,350.71779058077,
    108.76709987452));
#5906 = CARTESIAN_POINT('',(316.34983972698,351.4486943427,
    109.09574418814));
#5907 = CARTESIAN_POINT('',(320.62873034613,352.03617078272,
    109.35678353361));
#5908 = CARTESIAN_POINT('',(324.90645535717,352.48596052491,
    109.59289657016));
#5909 = CARTESIAN_POINT('',(329.19177427478,352.62049754804,
    109.7981611047));
#5910 = CARTESIAN_POINT('',(333.46902839726,352.8320000499,
    109.90879489279));
#5911 = CARTESIAN_POINT('',(337.74832561117,352.90240474496,
    110.02885450289));
#5912 = CARTESIAN_POINT('',(342.02697062847,352.91161828979,
    110.13389757014));
#5913 = CARTESIAN_POINT('',(346.30391351544,352.91156794194,
    110.22785766948));
#5914 = CARTESIAN_POINT('',(350.58496238288,352.94810153666,
    110.29694734956));
#5915 = CARTESIAN_POINT('',(354.8577723004,353.00647005607,
    110.38096252419));
#5916 = CARTESIAN_POINT('',(359.18388688825,352.74828875861,
    110.48261753003));
#5917 = CARTESIAN_POINT('',(363.5052046971,353.28929584298,
    110.44710137146));
#5918 = CARTESIAN_POINT('',(367.54865046447,354.49582136858,
    110.29710464175));
#5919 = CARTESIAN_POINT('',(372.05847150757,353.87139925834,
    110.39535884827));
#5920 = CARTESIAN_POINT('',(376.24564436291,355.06938381539,
    110.23691499747));
#5921 = CARTESIAN_POINT('',(380.50353796332,353.5300153184,
    110.36564304675));
#5922 = CARTESIAN_POINT('',(384.85798865987,352.80981544083,
    110.40116880542));
#5923 = CARTESIAN_POINT('',(389.02722072527,351.24957565696,
    110.51623225208));
#5924 = CARTESIAN_POINT('',(393.32393006004,350.33864468197,
    110.5625142076));
#5925 = CARTESIAN_POINT('',(396.53994441614,352.45418409817,
    110.32017803159));
#5926 = CARTESIAN_POINT('',(397.6403,349.59403359474,110.60185293273));
#5927 = DEFINITIONAL_REPRESENTATION('',(#5928),#5932);
#5928 = LINE('',#5929,#5930);
#5929 = CARTESIAN_POINT('',(22.,0.));
#5930 = VECTOR('',#5931,1.);
#5931 = DIRECTION('',(0.,1.));
#5932 = ( GEOMETRIC_REPRESENTATION_CONTEXT(2) 
PARAMETRIC_REPRESENTATION_CONTEXT() REPRESENTATION_CONTEXT('2D SPACE',''
  ) );
#5933 = ORIENTED_EDGE('',*,*,#5934,.F.);
#5934 = EDGE_CURVE('',#5471,#5725,#5935,.T.);
#5935 = SURFACE_CURVE('',#5936,(#5939,#5946),.PCURVE_S1.);
#5936 = B_SPLINE_CURVE_WITH_KNOTS('',1,(#5937,#5938),.UNSPECIFIED.,.F.,
  .F.,(2,2),(21.,22.),.PIECEWISE_BEZIER_KNOTS.);
#5937 = CARTESIAN_POINT('',(397.6403,348.85395646017,110.69798025484));
#5938 = CARTESIAN_POINT('',(397.6403,349.22399502746,110.64991659379));
#5939 = PCURVE('',#5546,#5940);
#5940 = DEFINITIONAL_REPRESENTATION('',(#5941),#5945);
#5941 = LINE('',#5942,#5943);
#5942 = CARTESIAN_POINT('',(0.,1.));
#5943 = VECTOR('',#5944,1.);
#5944 = DIRECTION('',(1.,0.));
#5945 = ( GEOMETRIC_REPRESENTATION_CONTEXT(2) 
PARAMETRIC_REPRESENTATION_CONTEXT() REPRESENTATION_CONTEXT('2D SPACE',''
  ) );
#5946 = PCURVE('',#401,#5947);
#5947 = DEFINITIONAL_REPRESENTATION('',(#5948),#5951);
#5948 = B_SPLINE_CURVE_WITH_KNOTS('',1,(#5949,#5950),.UNSPECIFIED.,.F.,
  .F.,(2,2),(21.,22.),.PIECEWISE_BEZIER_KNOTS.);
#5949 = CARTESIAN_POINT('',(0.443304961763,9.30151698239E-02));
#5950 = CARTESIAN_POINT('',(7.0268996045E-02,0.102115997904));
#5951 = ( GEOMETRIC_REPRESENTATION_CONTEXT(2) 
PARAMETRIC_REPRESENTATION_CONTEXT() REPRESENTATION_CONTEXT('2D SPACE',''
  ) );
#5952 = ORIENTED_EDGE('',*,*,#5470,.F.);
#5953 = ADVANCED_FACE('',(#5954),#5800,.T.);
#5954 = FACE_BOUND('',#5955,.T.);
#5955 = EDGE_LOOP('',(#5956,#5977,#6187,#6206));
#5956 = ORIENTED_EDGE('',*,*,#5957,.T.);
#5957 = EDGE_CURVE('',#5704,#5958,#5960,.T.);
#5958 = VERTEX_POINT('',#5959);
#5959 = CARTESIAN_POINT('',(140.9618,348.23084548865,110.29519089758));
#5960 = SURFACE_CURVE('',#5961,(#5964,#5971),.PCURVE_S1.);
#5961 = B_SPLINE_CURVE_WITH_KNOTS('',1,(#5962,#5963),.UNSPECIFIED.,.F.,
  .F.,(2,2),(22.,23.),.PIECEWISE_BEZIER_KNOTS.);
#5962 = CARTESIAN_POINT('',(140.9618,347.84759779263,110.24497162337));
#5963 = CARTESIAN_POINT('',(140.9618,348.23084548865,110.29519089758));
#5964 = PCURVE('',#5800,#5965);
#5965 = DEFINITIONAL_REPRESENTATION('',(#5966),#5970);
#5966 = LINE('',#5967,#5968);
#5967 = CARTESIAN_POINT('',(0.,0.));
#5968 = VECTOR('',#5969,1.);
#5969 = DIRECTION('',(1.,0.));
#5970 = ( GEOMETRIC_REPRESENTATION_CONTEXT(2) 
PARAMETRIC_REPRESENTATION_CONTEXT() REPRESENTATION_CONTEXT('2D SPACE',''
  ) );
#5971 = PCURVE('',#165,#5972);
#5972 = DEFINITIONAL_REPRESENTATION('',(#5973),#5976);
#5973 = B_SPLINE_CURVE_WITH_KNOTS('',1,(#5974,#5975),.UNSPECIFIED.,.F.,
  .F.,(2,2),(22.,23.),.PIECEWISE_BEZIER_KNOTS.);
#5974 = CARTESIAN_POINT('',(6.957431247238,-7.556345513393E-04));
#5975 = CARTESIAN_POINT('',(6.570907289058,-7.136548540529E-04));
#5976 = ( GEOMETRIC_REPRESENTATION_CONTEXT(2) 
PARAMETRIC_REPRESENTATION_CONTEXT() REPRESENTATION_CONTEXT('2D SPACE',''
  ) );
#5977 = ORIENTED_EDGE('',*,*,#5978,.T.);
#5978 = EDGE_CURVE('',#5958,#5979,#5981,.T.);
#5979 = VERTEX_POINT('',#5980);
#5980 = CARTESIAN_POINT('',(397.6403,349.59403359474,110.60185293273));
#5981 = SURFACE_CURVE('',#5982,(#6046,#6053),.PCURVE_S1.);
#5982 = ( BOUNDED_CURVE() B_SPLINE_CURVE(3,(#5983,#5984,#5985,#5986,
    #5987,#5988,#5989,#5990,#5991,#5992,#5993,#5994,#5995,#5996,#5997,
    #5998,#5999,#6000,#6001,#6002,#6003,#6004,#6005,#6006,#6007,#6008,
    #6009,#6010,#6011,#6012,#6013,#6014,#6015,#6016,#6017,#6018,#6019,
    #6020,#6021,#6022,#6023,#6024,#6025,#6026,#6027,#6028,#6029,#6030,
    #6031,#6032,#6033,#6034,#6035,#6036,#6037,#6038,#6039,#6040,#6041,
    #6042,#6043,#6044,#6045),.UNSPECIFIED.,.F.,.F.) 
B_SPLINE_CURVE_WITH_KNOTS((4,1,1,1,1,1,1,1,1,1,1,1,1,1,1,1,1,1,1,1,1,1,1
    ,1,1,1,1,1,1,1,1,1,1,1,1,1,1,1,1,1,1,1,1,1,1,1,1,1,1,1,1,1,1,1,1,1,1
    ,1,1,1,4),(0.,1.671834126768E-02,3.328707673398E-02,
    5.001744466419E-02,6.648650714478E-02,8.348892901119E-02,
    9.999486964001E-02,0.11646941087,0.133815549619,0.150618938677,
    0.167038735703,0.183454077407,0.199862498306,0.216272023155,
    0.232682039048,0.249094136,0.265517101832,0.28195250261,
    0.298446383618,0.315002877417,0.331625113939,0.348307612691,
    0.365035992875,0.381711213613,0.398301880653,0.414823418335,
    0.431326889702,0.448164125522,0.464772555536,0.481574851679,
    0.498833916597,0.516076325801,0.532869467448,0.550364700599,
    0.567182918644,0.58368017293,0.60020088702,0.616790522208,
    0.633466402799,0.650196996519,0.66688122827,0.683506031496,
    0.700063533111,0.716557401724,0.732992840875,0.749415744672,
    0.765827967007,0.78223726506,0.798647812608,0.815056815176,
    0.831475231221,0.84789937286,0.864694545606,0.881987572306,
    0.898456926779,0.91536479181,0.932301655256,0.949102498792,
0.966203962862,0.982810298735,1.),.UNSPECIFIED.) CURVE() 
GEOMETRIC_REPRESENTATION_ITEM() RATIONAL_B_SPLINE_CURVE((1.,
    1.000000000007,0.999999999997,1.000000000001,1.,1.,1.,1.,1.,1.,1.,1.
    ,1.,1.,1.,1.,1.,1.,1.,1.,1.,1.,1.,1.,1.,1.,1.,1.,1.,1.,1.,1.,1.,1.,
    1.,1.,1.,1.,1.,1.,1.,1.,1.,1.,1.,1.,1.,1.,1.,1.,1.,1.,1.,1.,1.,1.,1.
    ,1.,1.000000000001,0.999999999996,1.000000000014,0.999999999969,1.))
 REPRESENTATION_ITEM('') );
#5983 = CARTESIAN_POINT('',(140.9618,348.23084548865,110.29519089758));
#5984 = CARTESIAN_POINT('',(142.09540904743,345.00217940413,
    109.90079132773));
#5985 = CARTESIAN_POINT('',(145.34352279277,348.07525945979,
    110.32613711711));
#5986 = CARTESIAN_POINT('',(149.51920541273,345.91673772202,
    110.06791608303));
#5987 = CARTESIAN_POINT('',(153.74675028087,344.62015049967,
    109.97458530011));
#5988 = CARTESIAN_POINT('',(158.17058310233,344.91495317575,
    110.09012957893));
#5989 = CARTESIAN_POINT('',(162.26698448152,342.09964024823,
    109.72844715393));
#5990 = CARTESIAN_POINT('',(166.61873526807,342.34385584097,
    109.7411598436));
#5991 = CARTESIAN_POINT('',(171.05025168138,341.72753292054,
    109.59331237889));
#5992 = CARTESIAN_POINT('',(175.09238100893,341.98939381601,
    109.561159048));
#5993 = CARTESIAN_POINT('',(179.41643525083,340.68656301196,
    109.2474577476));
#5994 = CARTESIAN_POINT('',(183.74465399728,340.84980970122,
    109.13769097654));
#5995 = CARTESIAN_POINT('',(188.01748830499,340.55029102567,
    108.93861851134));
#5996 = CARTESIAN_POINT('',(192.29804434258,340.59713242161,
    108.80965737843));
#5997 = CARTESIAN_POINT('',(196.57544693057,340.48635038315,
    108.61752612815));
#5998 = CARTESIAN_POINT('',(200.85359337877,340.41896619425,
    108.40245234618));
#5999 = CARTESIAN_POINT('',(205.13313267918,340.52342991294,
    108.19175621129));
#6000 = CARTESIAN_POINT('',(209.41029445154,340.84240699562,
    107.9743475443));
#6001 = CARTESIAN_POINT('',(213.69566833045,341.10470502249,
    107.6539982562));
#6002 = CARTESIAN_POINT('',(217.97323994091,341.85575062815,
    107.35113378842));
#6003 = CARTESIAN_POINT('',(222.25201002744,342.75184693989,
    106.97769537231));
#6004 = CARTESIAN_POINT('',(226.52878947893,343.90180429129,
    106.59618571948));
#6005 = CARTESIAN_POINT('',(230.80631705996,345.16228334383,
    106.17365281304));
#6006 = CARTESIAN_POINT('',(235.06961741834,346.58410359225,
    105.81297973124));
#6007 = CARTESIAN_POINT('',(239.34364675972,347.83402194967,
    105.5881517686));
#6008 = CARTESIAN_POINT('',(243.62590118763,348.92639828793,
    105.67413160864));
#6009 = CARTESIAN_POINT('',(247.90145862716,349.53907861051,
    105.92854077544));
#6010 = CARTESIAN_POINT('',(252.24748803221,350.09516805502,
    106.67314174968));
#6011 = CARTESIAN_POINT('',(256.42226459116,349.23017904697,
    106.25498734156));
#6012 = CARTESIAN_POINT('',(260.774587196,350.7129853318,106.91470088803
    ));
#6013 = CARTESIAN_POINT('',(265.08553351846,349.75560835777,
    106.17908277094));
#6014 = CARTESIAN_POINT('',(269.30435854157,349.49207381655,
    106.77262777441));
#6015 = CARTESIAN_POINT('',(273.49463672784,348.62618421754,
    106.55605346025));
#6016 = CARTESIAN_POINT('',(277.98553204283,348.89548695397,
    107.52390249693));
#6017 = CARTESIAN_POINT('',(282.02098866206,346.82343133734,
    107.16388476508));
#6018 = CARTESIAN_POINT('',(286.37785805657,347.06886868232,
    108.07401918732));
#6019 = CARTESIAN_POINT('',(290.69560185407,347.02069837423,
    107.61822862423));
#6020 = CARTESIAN_POINT('',(294.97762712103,347.52019110551,
    107.6197087306));
#6021 = CARTESIAN_POINT('',(299.25829278307,348.17194576236,
    107.74520101731));
#6022 = CARTESIAN_POINT('',(303.53281780748,348.96079468831,
    108.0582044615));
#6023 = CARTESIAN_POINT('',(307.79563331651,349.88609239365,
    108.40471942027));
#6024 = CARTESIAN_POINT('',(312.07349323989,350.71779058077,
    108.76709987452));
#6025 = CARTESIAN_POINT('',(316.34983972698,351.4486943427,
    109.09574418814));
#6026 = CARTESIAN_POINT('',(320.62873034613,352.03617078272,
    109.35678353361));
#6027 = CARTESIAN_POINT('',(324.90645535717,352.48596052491,
    109.59289657016));
#6028 = CARTESIAN_POINT('',(329.19177427478,352.62049754804,
    109.7981611047));
#6029 = CARTESIAN_POINT('',(333.46902839726,352.8320000499,
    109.90879489279));
#6030 = CARTESIAN_POINT('',(337.74832561117,352.90240474496,
    110.02885450289));
#6031 = CARTESIAN_POINT('',(342.02697062847,352.91161828979,
    110.13389757014));
#6032 = CARTESIAN_POINT('',(346.30391351544,352.91156794194,
    110.22785766948));
#6033 = CARTESIAN_POINT('',(350.58496238288,352.94810153666,
    110.29694734956));
#6034 = CARTESIAN_POINT('',(354.8577723004,353.00647005607,
    110.38096252419));
#6035 = CARTESIAN_POINT('',(359.18388688825,352.74828875861,
    110.48261753003));
#6036 = CARTESIAN_POINT('',(363.5052046971,353.28929584298,
    110.44710137146));
#6037 = CARTESIAN_POINT('',(367.54865046447,354.49582136858,
    110.29710464175));
#6038 = CARTESIAN_POINT('',(372.05847150757,353.87139925834,
    110.39535884827));
#6039 = CARTESIAN_POINT('',(376.24564436291,355.06938381539,
    110.23691499747));
#6040 = CARTESIAN_POINT('',(380.50353796332,353.5300153184,
    110.36564304675));
#6041 = CARTESIAN_POINT('',(384.85798865987,352.80981544083,
    110.40116880542));
#6042 = CARTESIAN_POINT('',(389.02722072527,351.24957565696,
    110.51623225208));
#6043 = CARTESIAN_POINT('',(393.32393006004,350.33864468197,
    110.5625142076));
#6044 = CARTESIAN_POINT('',(396.53994441614,352.45418409817,
    110.32017803159));
#6045 = CARTESIAN_POINT('',(397.6403,349.59403359474,110.60185293273));
#6046 = PCURVE('',#5800,#6047);
#6047 = DEFINITIONAL_REPRESENTATION('',(#6048),#6052);
#6048 = LINE('',#6049,#6050);
#6049 = CARTESIAN_POINT('',(23.,0.));
#6050 = VECTOR('',#6051,1.);
#6051 = DIRECTION('',(0.,1.));
#6052 = ( GEOMETRIC_REPRESENTATION_CONTEXT(2) 
PARAMETRIC_REPRESENTATION_CONTEXT() REPRESENTATION_CONTEXT('2D SPACE',''
  ) );
#6053 = PCURVE('',#6054,#6181);
#6054 = ( BOUNDED_SURFACE() B_SPLINE_SURFACE(1,3,(
    (#6055,#6056,#6057,#6058,#6059,#6060,#6061,#6062,#6063,#6064,#6065
      ,#6066,#6067,#6068,#6069,#6070,#6071,#6072,#6073,#6074,#6075,#6076
      ,#6077,#6078,#6079,#6080,#6081,#6082,#6083,#6084,#6085,#6086,#6087
      ,#6088,#6089,#6090,#6091,#6092,#6093,#6094,#6095,#6096,#6097,#6098
      ,#6099,#6100,#6101,#6102,#6103,#6104,#6105,#6106,#6107,#6108,#6109
      ,#6110,#6111,#6112,#6113,#6114,#6115,#6116,#6117)
    ,(#6118,#6119,#6120,#6121,#6122,#6123,#6124,#6125,#6126,#6127,#6128
      ,#6129,#6130,#6131,#6132,#6133,#6134,#6135,#6136,#6137,#6138,#6139
      ,#6140,#6141,#6142,#6143,#6144,#6145,#6146,#6147,#6148,#6149,#6150
      ,#6151,#6152,#6153,#6154,#6155,#6156,#6157,#6158,#6159,#6160,#6161
      ,#6162,#6163,#6164,#6165,#6166,#6167,#6168,#6169,#6170,#6171,#6172
      ,#6173,#6174,#6175,#6176,#6177,#6178,#6179,#6180
)),.UNSPECIFIED.,.F.,.F.,.F.) B_SPLINE_SURFACE_WITH_KNOTS((2,2),(4,1,1,1
    ,1,1,1,1,1,1,1,1,1,1,1,1,1,1,1,1,1,1,1,1,1,1,1,1,1,1,1,1,1,1,1,1,1,1
    ,1,1,1,1,1,1,1,1,1,1,1,1,1,1,1,1,1,1,1,1,1,1,4),(23.,24.),(0.,
    1.671834126768E-02,3.328707673398E-02,5.001744466419E-02,
    6.648650714478E-02,8.348892901119E-02,9.999486964001E-02,
    0.11646941087,0.133815549619,0.150618938677,0.167038735703,
    0.183454077407,0.199862498306,0.216272023155,0.232682039048,
    0.249094136,0.265517101832,0.28195250261,0.298446383618,
    0.315002877417,0.331625113939,0.348307612691,0.365035992875,
    0.381711213613,0.398301880653,0.414823418335,0.431326889702,
    0.448164125522,0.464772555536,0.481574851679,0.498833916597,
    0.516076325801,0.532869467448,0.550364700599,0.567182918644,
    0.58368017293,0.60020088702,0.616790522208,0.633466402799,
    0.650196996519,0.66688122827,0.683506031496,0.700063533111,
    0.716557401724,0.732992840875,0.749415744672,0.765827967007,
    0.78223726506,0.798647812608,0.815056815176,0.831475231221,
    0.84789937286,0.864694545606,0.881987572306,0.898456926779,
    0.91536479181,0.932301655256,0.949102498792,0.966203962862,
0.982810298735,1.),.UNSPECIFIED.) GEOMETRIC_REPRESENTATION_ITEM() 
RATIONAL_B_SPLINE_SURFACE((
    (1.,1.000000000007,0.999999999997,1.000000000001,1.,1.,1.,1.,1.,1.
      ,1.,1.,1.,1.,1.,1.,1.,1.,1.,1.,1.,1.,1.,1.,1.,1.,1.,1.,1.,1.,1.,1.
      ,1.,1.,1.,1.,1.,1.,1.,1.,1.,1.,1.,1.,1.,1.,1.,1.,1.,1.,1.,1.,1.,1.
      ,1.,1.,1.,1.,1.000000000001,0.999999999996,1.000000000014
      ,0.999999999969,1.)
    ,(1.,1.000000000007,0.999999999997,1.000000000001,1.,1.,1.,1.,1.,1.
      ,1.,1.,1.,1.,1.,1.,1.,1.,1.,1.,1.,1.,1.,1.,1.,1.,1.,1.,1.,1.,1.,1.
      ,1.,1.,1.,1.,1.,1.,1.,1.,1.,1.,1.,1.,1.,1.,1.,1.,1.,1.,1.,1.,1.,1.
      ,1.,1.,1.,1.,1.000000000001,0.999999999996,1.000000000014
,0.999999999969,1.))) REPRESENTATION_ITEM('') SURFACE() );
#6055 = CARTESIAN_POINT('',(140.9618,348.23084548865,110.29519089758));
#6056 = CARTESIAN_POINT('',(142.09540904743,345.00217940413,
    109.90079132773));
#6057 = CARTESIAN_POINT('',(145.34352279277,348.07525945979,
    110.32613711711));
#6058 = CARTESIAN_POINT('',(149.51920541273,345.91673772202,
    110.06791608303));
#6059 = CARTESIAN_POINT('',(153.74675028087,344.62015049967,
    109.97458530011));
#6060 = CARTESIAN_POINT('',(158.17058310233,344.91495317575,
    110.09012957893));
#6061 = CARTESIAN_POINT('',(162.26698448152,342.09964024823,
    109.72844715393));
#6062 = CARTESIAN_POINT('',(166.61873526807,342.34385584097,
    109.7411598436));
#6063 = CARTESIAN_POINT('',(171.05025168138,341.72753292054,
    109.59331237889));
#6064 = CARTESIAN_POINT('',(175.09238100893,341.98939381601,
    109.561159048));
#6065 = CARTESIAN_POINT('',(179.41643525083,340.68656301196,
    109.2474577476));
#6066 = CARTESIAN_POINT('',(183.74465399728,340.84980970122,
    109.13769097654));
#6067 = CARTESIAN_POINT('',(188.01748830499,340.55029102567,
    108.93861851134));
#6068 = CARTESIAN_POINT('',(192.29804434258,340.59713242161,
    108.80965737843));
#6069 = CARTESIAN_POINT('',(196.57544693057,340.48635038315,
    108.61752612815));
#6070 = CARTESIAN_POINT('',(200.85359337877,340.41896619425,
    108.40245234618));
#6071 = CARTESIAN_POINT('',(205.13313267918,340.52342991294,
    108.19175621129));
#6072 = CARTESIAN_POINT('',(209.41029445154,340.84240699562,
    107.9743475443));
#6073 = CARTESIAN_POINT('',(213.69566833045,341.10470502249,
    107.6539982562));
#6074 = CARTESIAN_POINT('',(217.97323994091,341.85575062815,
    107.35113378842));
#6075 = CARTESIAN_POINT('',(222.25201002744,342.75184693989,
    106.97769537231));
#6076 = CARTESIAN_POINT('',(226.52878947893,343.90180429129,
    106.59618571948));
#6077 = CARTESIAN_POINT('',(230.80631705996,345.16228334383,
    106.17365281304));
#6078 = CARTESIAN_POINT('',(235.06961741834,346.58410359225,
    105.81297973124));
#6079 = CARTESIAN_POINT('',(239.34364675972,347.83402194967,
    105.5881517686));
#6080 = CARTESIAN_POINT('',(243.62590118763,348.92639828793,
    105.67413160864));
#6081 = CARTESIAN_POINT('',(247.90145862716,349.53907861051,
    105.92854077544));
#6082 = CARTESIAN_POINT('',(252.24748803221,350.09516805502,
    106.67314174968));
#6083 = CARTESIAN_POINT('',(256.42226459116,349.23017904697,
    106.25498734156));
#6084 = CARTESIAN_POINT('',(260.774587196,350.7129853318,106.91470088803
    ));
#6085 = CARTESIAN_POINT('',(265.08553351846,349.75560835777,
    106.17908277094));
#6086 = CARTESIAN_POINT('',(269.30435854157,349.49207381655,
    106.77262777441));
#6087 = CARTESIAN_POINT('',(273.49463672784,348.62618421754,
    106.55605346025));
#6088 = CARTESIAN_POINT('',(277.98553204283,348.89548695397,
    107.52390249693));
#6089 = CARTESIAN_POINT('',(282.02098866206,346.82343133734,
    107.16388476508));
#6090 = CARTESIAN_POINT('',(286.37785805657,347.06886868232,
    108.07401918732));
#6091 = CARTESIAN_POINT('',(290.69560185407,347.02069837423,
    107.61822862423));
#6092 = CARTESIAN_POINT('',(294.97762712103,347.52019110551,
    107.6197087306));
#6093 = CARTESIAN_POINT('',(299.25829278307,348.17194576236,
    107.74520101731));
#6094 = CARTESIAN_POINT('',(303.53281780748,348.96079468831,
    108.0582044615));
#6095 = CARTESIAN_POINT('',(307.79563331651,349.88609239365,
    108.40471942027));
#6096 = CARTESIAN_POINT('',(312.07349323989,350.71779058077,
    108.76709987452));
#6097 = CARTESIAN_POINT('',(316.34983972698,351.4486943427,
    109.09574418814));
#6098 = CARTESIAN_POINT('',(320.62873034613,352.03617078272,
    109.35678353361));
#6099 = CARTESIAN_POINT('',(324.90645535717,352.48596052491,
    109.59289657016));
#6100 = CARTESIAN_POINT('',(329.19177427478,352.62049754804,
    109.7981611047));
#6101 = CARTESIAN_POINT('',(333.46902839726,352.8320000499,
    109.90879489279));
#6102 = CARTESIAN_POINT('',(337.74832561117,352.90240474496,
    110.02885450289));
#6103 = CARTESIAN_POINT('',(342.02697062847,352.91161828979,
    110.13389757014));
#6104 = CARTESIAN_POINT('',(346.30391351544,352.91156794194,
    110.22785766948));
#6105 = CARTESIAN_POINT('',(350.58496238288,352.94810153666,
    110.29694734956));
#6106 = CARTESIAN_POINT('',(354.8577723004,353.00647005607,
    110.38096252419));
#6107 = CARTESIAN_POINT('',(359.18388688825,352.74828875861,
    110.48261753003));
#6108 = CARTESIAN_POINT('',(363.5052046971,353.28929584298,
    110.44710137146));
#6109 = CARTESIAN_POINT('',(367.54865046447,354.49582136858,
    110.29710464175));
#6110 = CARTESIAN_POINT('',(372.05847150757,353.87139925834,
    110.39535884827));
#6111 = CARTESIAN_POINT('',(376.24564436291,355.06938381539,
    110.23691499747));
#6112 = CARTESIAN_POINT('',(380.50353796332,353.5300153184,
    110.36564304675));
#6113 = CARTESIAN_POINT('',(384.85798865987,352.80981544083,
    110.40116880542));
#6114 = CARTESIAN_POINT('',(389.02722072527,351.24957565696,
    110.51623225208));
#6115 = CARTESIAN_POINT('',(393.32393006004,350.33864468197,
    110.5625142076));
#6116 = CARTESIAN_POINT('',(396.53994441614,352.45418409817,
    110.32017803159));
#6117 = CARTESIAN_POINT('',(397.6403,349.59403359474,110.60185293273));
#6118 = CARTESIAN_POINT('',(140.9618,348.61409318467,110.34541017179));
#6119 = CARTESIAN_POINT('',(142.09540904743,345.58694311744,
    109.97527907624));
#6120 = CARTESIAN_POINT('',(145.34352279277,348.52020749057,
    110.38519004402));
#6121 = CARTESIAN_POINT('',(149.51920541273,346.5482290219,
    110.15677348482));
#6122 = CARTESIAN_POINT('',(153.74675028087,345.29462244965,
    110.0716865265));
#6123 = CARTESIAN_POINT('',(158.17058310233,345.54345974185,
    110.18603792221));
#6124 = CARTESIAN_POINT('',(162.26698448152,342.96722247127,
    109.86655776712));
#6125 = CARTESIAN_POINT('',(166.61873526807,343.25557816654,
    109.89692206638));
#6126 = CARTESIAN_POINT('',(171.05025168138,342.67394776755,
    109.7692615976));
#6127 = CARTESIAN_POINT('',(175.09238100893,343.12873736075,
    109.77954918693));
#6128 = CARTESIAN_POINT('',(179.41643525083,342.00689844816,
    109.50504392428));
#6129 = CARTESIAN_POINT('',(183.74465399728,342.15818544627,
    109.41084930044));
#6130 = CARTESIAN_POINT('',(188.01748830499,341.89373274252,
    109.23371836323));
#6131 = CARTESIAN_POINT('',(192.29804434258,341.94362211811,
    109.11110114995));
#6132 = CARTESIAN_POINT('',(196.57544693057,341.84453646925,
    108.93595095225));
#6133 = CARTESIAN_POINT('',(200.85359337877,341.78089408981,
    108.74248020402));
#6134 = CARTESIAN_POINT('',(205.13313267918,341.87580965108,
    108.54783242217));
#6135 = CARTESIAN_POINT('',(209.41029445154,342.16923218596,
    108.34619415821));
#6136 = CARTESIAN_POINT('',(213.69566833045,342.40586251329,
    108.04184256846));
#6137 = CARTESIAN_POINT('',(217.97323994091,343.10308894467,
    107.74696213003));
#6138 = CARTESIAN_POINT('',(222.25201002744,343.93630515358,
    107.37961019971));
#6139 = CARTESIAN_POINT('',(226.52878947893,345.011816629,107.0027103345
    ));
#6140 = CARTESIAN_POINT('',(230.80631705996,346.191531134,
    106.58804093766));
#6141 = CARTESIAN_POINT('',(235.06961741834,347.53059609956,
    106.22715140651));
#6142 = CARTESIAN_POINT('',(239.34364675972,348.70547569919,
    105.98364969269));
#6143 = CARTESIAN_POINT('',(243.62590118763,349.7281188844,
    106.02458503705));
#6144 = CARTESIAN_POINT('',(247.90145862716,350.28746503445,
    106.20150609236));
#6145 = CARTESIAN_POINT('',(252.24748803221,350.75339617709,
    106.86313816992));
#6146 = CARTESIAN_POINT('',(256.42226459116,349.96958887523,
    106.4261381737));
#6147 = CARTESIAN_POINT('',(260.774587196,351.18457654409,
    106.78696546926));
#6148 = CARTESIAN_POINT('',(265.08553351846,350.32787577079,
    106.09193552725));
#6149 = CARTESIAN_POINT('',(269.30435854157,350.00336188067,
    106.60975728905));
#6150 = CARTESIAN_POINT('',(273.49463672784,349.18284594795,
    106.34743321209));
#6151 = CARTESIAN_POINT('',(277.98553204283,349.3428647256,
    107.18952802449));
#6152 = CARTESIAN_POINT('',(282.02098866206,347.52469835467,
    106.98558515664));
#6153 = CARTESIAN_POINT('',(286.37785805657,347.67825898835,
    107.72100580412));
#6154 = CARTESIAN_POINT('',(290.69560185407,347.71936461967,
    107.23054153866));
#6155 = CARTESIAN_POINT('',(294.97762712103,348.27732743656,
    107.179502576));
#6156 = CARTESIAN_POINT('',(299.25829278307,349.00366651455,
    107.27462549246));
#6157 = CARTESIAN_POINT('',(303.53281780748,349.87738873663,
    107.58770830591));
#6158 = CARTESIAN_POINT('',(307.79563331651,350.89242811799,
    107.93912148767));
#6159 = CARTESIAN_POINT('',(312.07349323989,351.81469164935,
    108.32917839951));
#6160 = CARTESIAN_POINT('',(316.34983972698,352.62554461797,
    108.67388044986));
#6161 = CARTESIAN_POINT('',(320.62873034613,353.28725707339,
    108.96765093213));
#6162 = CARTESIAN_POINT('',(324.90645535717,353.79201326811,
    109.21493716647));
#6163 = CARTESIAN_POINT('',(329.19177427478,353.96112404494,
    109.45448869282));
#6164 = CARTESIAN_POINT('',(333.46902839726,354.19588309962,
    109.57645223086));
#6165 = CARTESIAN_POINT('',(337.74832561117,354.2745651782,
    109.71431654505));
#6166 = CARTESIAN_POINT('',(342.02697062847,354.28251398679,
    109.83283784319));
#6167 = CARTESIAN_POINT('',(346.30391351544,354.26395929668,
    109.94303325766));
#6168 = CARTESIAN_POINT('',(350.58496238288,354.29802665094,
    110.0274588793));
#6169 = CARTESIAN_POINT('',(354.8577723004,354.32084437521,
    110.12688564379));
#6170 = CARTESIAN_POINT('',(359.18388688825,354.04587196055,
    110.24733221721));
#6171 = CARTESIAN_POINT('',(363.5052046971,354.48485182805,
    110.23544560479));
#6172 = CARTESIAN_POINT('',(367.54865046447,355.49300726985,
    110.12849532319));
#6173 = CARTESIAN_POINT('',(372.05847150757,354.86003353108,
    110.23325050255));
#6174 = CARTESIAN_POINT('',(376.24564436291,355.90221127835,
    110.10372727959));
#6175 = CARTESIAN_POINT('',(380.50353796332,354.17902796798,
    110.2633849089));
#6176 = CARTESIAN_POINT('',(384.85798865987,353.4205418963,
    110.31050564397));
#6177 = CARTESIAN_POINT('',(389.02722072527,351.80058137549,
    110.43579208861));
#6178 = CARTESIAN_POINT('',(393.32393006004,350.72957745767,
    110.50580724798));
#6179 = CARTESIAN_POINT('',(396.53994441614,352.84569787407,
    110.27116609907));
#6180 = CARTESIAN_POINT('',(397.6403,349.96407216202,110.55378927167));
#6181 = DEFINITIONAL_REPRESENTATION('',(#6182),#6186);
#6182 = LINE('',#6183,#6184);
#6183 = CARTESIAN_POINT('',(23.,0.));
#6184 = VECTOR('',#6185,1.);
#6185 = DIRECTION('',(0.,1.));
#6186 = ( GEOMETRIC_REPRESENTATION_CONTEXT(2) 
PARAMETRIC_REPRESENTATION_CONTEXT() REPRESENTATION_CONTEXT('2D SPACE',''
  ) );
#6187 = ORIENTED_EDGE('',*,*,#6188,.F.);
#6188 = EDGE_CURVE('',#5725,#5979,#6189,.T.);
#6189 = SURFACE_CURVE('',#6190,(#6193,#6200),.PCURVE_S1.);
#6190 = B_SPLINE_CURVE_WITH_KNOTS('',1,(#6191,#6192),.UNSPECIFIED.,.F.,
  .F.,(2,2),(22.,23.),.PIECEWISE_BEZIER_KNOTS.);
#6191 = CARTESIAN_POINT('',(397.6403,349.22399502746,110.64991659379));
#6192 = CARTESIAN_POINT('',(397.6403,349.59403359474,110.60185293273));
#6193 = PCURVE('',#5800,#6194);
#6194 = DEFINITIONAL_REPRESENTATION('',(#6195),#6199);
#6195 = LINE('',#6196,#6197);
#6196 = CARTESIAN_POINT('',(0.,1.));
#6197 = VECTOR('',#6198,1.);
#6198 = DIRECTION('',(1.,0.));
#6199 = ( GEOMETRIC_REPRESENTATION_CONTEXT(2) 
PARAMETRIC_REPRESENTATION_CONTEXT() REPRESENTATION_CONTEXT('2D SPACE',''
  ) );
#6200 = PCURVE('',#401,#6201);
#6201 = DEFINITIONAL_REPRESENTATION('',(#6202),#6205);
#6202 = B_SPLINE_CURVE_WITH_KNOTS('',1,(#6203,#6204),.UNSPECIFIED.,.F.,
  .F.,(2,2),(22.,23.),.PIECEWISE_BEZIER_KNOTS.);
#6203 = CARTESIAN_POINT('',(7.0268996045E-02,0.102115997904));
#6204 = CARTESIAN_POINT('',(-0.302766969673,0.111216825984));
#6205 = ( GEOMETRIC_REPRESENTATION_CONTEXT(2) 
PARAMETRIC_REPRESENTATION_CONTEXT() REPRESENTATION_CONTEXT('2D SPACE',''
  ) );
#6206 = ORIENTED_EDGE('',*,*,#5724,.F.);
#6207 = ADVANCED_FACE('',(#6208),#6054,.T.);
#6208 = FACE_BOUND('',#6209,.T.);
#6209 = EDGE_LOOP('',(#6210,#6231,#6441,#6460));
#6210 = ORIENTED_EDGE('',*,*,#6211,.T.);
#6211 = EDGE_CURVE('',#5958,#6212,#6214,.T.);
#6212 = VERTEX_POINT('',#6213);
#6213 = CARTESIAN_POINT('',(140.9618,348.61409318467,110.34541017179));
#6214 = SURFACE_CURVE('',#6215,(#6218,#6225),.PCURVE_S1.);
#6215 = B_SPLINE_CURVE_WITH_KNOTS('',1,(#6216,#6217),.UNSPECIFIED.,.F.,
  .F.,(2,2),(23.,24.),.PIECEWISE_BEZIER_KNOTS.);
#6216 = CARTESIAN_POINT('',(140.9618,348.23084548865,110.29519089758));
#6217 = CARTESIAN_POINT('',(140.9618,348.61409318467,110.34541017179));
#6218 = PCURVE('',#6054,#6219);
#6219 = DEFINITIONAL_REPRESENTATION('',(#6220),#6224);
#6220 = LINE('',#6221,#6222);
#6221 = CARTESIAN_POINT('',(0.,0.));
#6222 = VECTOR('',#6223,1.);
#6223 = DIRECTION('',(1.,0.));
#6224 = ( GEOMETRIC_REPRESENTATION_CONTEXT(2) 
PARAMETRIC_REPRESENTATION_CONTEXT() REPRESENTATION_CONTEXT('2D SPACE',''
  ) );
#6225 = PCURVE('',#165,#6226);
#6226 = DEFINITIONAL_REPRESENTATION('',(#6227),#6230);
#6227 = B_SPLINE_CURVE_WITH_KNOTS('',1,(#6228,#6229),.UNSPECIFIED.,.F.,
  .F.,(2,2),(23.,24.),.PIECEWISE_BEZIER_KNOTS.);
#6228 = CARTESIAN_POINT('',(6.570907289058,-7.136548540529E-04));
#6229 = CARTESIAN_POINT('',(6.184383330878,-6.716751567666E-04));
#6230 = ( GEOMETRIC_REPRESENTATION_CONTEXT(2) 
PARAMETRIC_REPRESENTATION_CONTEXT() REPRESENTATION_CONTEXT('2D SPACE',''
  ) );
#6231 = ORIENTED_EDGE('',*,*,#6232,.T.);
#6232 = EDGE_CURVE('',#6212,#6233,#6235,.T.);
#6233 = VERTEX_POINT('',#6234);
#6234 = CARTESIAN_POINT('',(397.6403,349.96407216202,110.55378927167));
#6235 = SURFACE_CURVE('',#6236,(#6300,#6307),.PCURVE_S1.);
#6236 = ( BOUNDED_CURVE() B_SPLINE_CURVE(3,(#6237,#6238,#6239,#6240,
    #6241,#6242,#6243,#6244,#6245,#6246,#6247,#6248,#6249,#6250,#6251,
    #6252,#6253,#6254,#6255,#6256,#6257,#6258,#6259,#6260,#6261,#6262,
    #6263,#6264,#6265,#6266,#6267,#6268,#6269,#6270,#6271,#6272,#6273,
    #6274,#6275,#6276,#6277,#6278,#6279,#6280,#6281,#6282,#6283,#6284,
    #6285,#6286,#6287,#6288,#6289,#6290,#6291,#6292,#6293,#6294,#6295,
    #6296,#6297,#6298,#6299),.UNSPECIFIED.,.F.,.F.) 
B_SPLINE_CURVE_WITH_KNOTS((4,1,1,1,1,1,1,1,1,1,1,1,1,1,1,1,1,1,1,1,1,1,1
    ,1,1,1,1,1,1,1,1,1,1,1,1,1,1,1,1,1,1,1,1,1,1,1,1,1,1,1,1,1,1,1,1,1,1
    ,1,1,1,4),(0.,1.671834126768E-02,3.328707673398E-02,
    5.001744466419E-02,6.648650714478E-02,8.348892901119E-02,
    9.999486964001E-02,0.11646941087,0.133815549619,0.150618938677,
    0.167038735703,0.183454077407,0.199862498306,0.216272023155,
    0.232682039048,0.249094136,0.265517101832,0.28195250261,
    0.298446383618,0.315002877417,0.331625113939,0.348307612691,
    0.365035992875,0.381711213613,0.398301880653,0.414823418335,
    0.431326889702,0.448164125522,0.464772555536,0.481574851679,
    0.498833916597,0.516076325801,0.532869467448,0.550364700599,
    0.567182918644,0.58368017293,0.60020088702,0.616790522208,
    0.633466402799,0.650196996519,0.66688122827,0.683506031496,
    0.700063533111,0.716557401724,0.732992840875,0.749415744672,
    0.765827967007,0.78223726506,0.798647812608,0.815056815176,
    0.831475231221,0.84789937286,0.864694545606,0.881987572306,
    0.898456926779,0.91536479181,0.932301655256,0.949102498792,
0.966203962862,0.982810298735,1.),.UNSPECIFIED.) CURVE() 
GEOMETRIC_REPRESENTATION_ITEM() RATIONAL_B_SPLINE_CURVE((1.,
    1.000000000007,0.999999999997,1.000000000001,1.,1.,1.,1.,1.,1.,1.,1.
    ,1.,1.,1.,1.,1.,1.,1.,1.,1.,1.,1.,1.,1.,1.,1.,1.,1.,1.,1.,1.,1.,1.,
    1.,1.,1.,1.,1.,1.,1.,1.,1.,1.,1.,1.,1.,1.,1.,1.,1.,1.,1.,1.,1.,1.,1.
    ,1.,1.000000000001,0.999999999996,1.000000000014,0.999999999969,1.))
 REPRESENTATION_ITEM('') );
#6237 = CARTESIAN_POINT('',(140.9618,348.61409318467,110.34541017179));
#6238 = CARTESIAN_POINT('',(142.09540904743,345.58694311744,
    109.97527907624));
#6239 = CARTESIAN_POINT('',(145.34352279277,348.52020749057,
    110.38519004402));
#6240 = CARTESIAN_POINT('',(149.51920541273,346.5482290219,
    110.15677348482));
#6241 = CARTESIAN_POINT('',(153.74675028087,345.29462244965,
    110.0716865265));
#6242 = CARTESIAN_POINT('',(158.17058310233,345.54345974185,
    110.18603792221));
#6243 = CARTESIAN_POINT('',(162.26698448152,342.96722247127,
    109.86655776712));
#6244 = CARTESIAN_POINT('',(166.61873526807,343.25557816654,
    109.89692206638));
#6245 = CARTESIAN_POINT('',(171.05025168138,342.67394776755,
    109.7692615976));
#6246 = CARTESIAN_POINT('',(175.09238100893,343.12873736075,
    109.77954918693));
#6247 = CARTESIAN_POINT('',(179.41643525083,342.00689844816,
    109.50504392428));
#6248 = CARTESIAN_POINT('',(183.74465399728,342.15818544627,
    109.41084930044));
#6249 = CARTESIAN_POINT('',(188.01748830499,341.89373274252,
    109.23371836323));
#6250 = CARTESIAN_POINT('',(192.29804434258,341.94362211811,
    109.11110114995));
#6251 = CARTESIAN_POINT('',(196.57544693057,341.84453646925,
    108.93595095225));
#6252 = CARTESIAN_POINT('',(200.85359337877,341.78089408981,
    108.74248020402));
#6253 = CARTESIAN_POINT('',(205.13313267918,341.87580965108,
    108.54783242217));
#6254 = CARTESIAN_POINT('',(209.41029445154,342.16923218596,
    108.34619415821));
#6255 = CARTESIAN_POINT('',(213.69566833045,342.40586251329,
    108.04184256846));
#6256 = CARTESIAN_POINT('',(217.97323994091,343.10308894467,
    107.74696213003));
#6257 = CARTESIAN_POINT('',(222.25201002744,343.93630515358,
    107.37961019971));
#6258 = CARTESIAN_POINT('',(226.52878947893,345.011816629,107.0027103345
    ));
#6259 = CARTESIAN_POINT('',(230.80631705996,346.191531134,
    106.58804093766));
#6260 = CARTESIAN_POINT('',(235.06961741834,347.53059609956,
    106.22715140651));
#6261 = CARTESIAN_POINT('',(239.34364675972,348.70547569919,
    105.98364969269));
#6262 = CARTESIAN_POINT('',(243.62590118763,349.7281188844,
    106.02458503705));
#6263 = CARTESIAN_POINT('',(247.90145862716,350.28746503445,
    106.20150609236));
#6264 = CARTESIAN_POINT('',(252.24748803221,350.75339617709,
    106.86313816992));
#6265 = CARTESIAN_POINT('',(256.42226459116,349.96958887523,
    106.4261381737));
#6266 = CARTESIAN_POINT('',(260.774587196,351.18457654409,
    106.78696546926));
#6267 = CARTESIAN_POINT('',(265.08553351846,350.32787577079,
    106.09193552725));
#6268 = CARTESIAN_POINT('',(269.30435854157,350.00336188067,
    106.60975728905));
#6269 = CARTESIAN_POINT('',(273.49463672784,349.18284594795,
    106.34743321209));
#6270 = CARTESIAN_POINT('',(277.98553204283,349.3428647256,
    107.18952802449));
#6271 = CARTESIAN_POINT('',(282.02098866206,347.52469835467,
    106.98558515664));
#6272 = CARTESIAN_POINT('',(286.37785805657,347.67825898835,
    107.72100580412));
#6273 = CARTESIAN_POINT('',(290.69560185407,347.71936461967,
    107.23054153866));
#6274 = CARTESIAN_POINT('',(294.97762712103,348.27732743656,
    107.179502576));
#6275 = CARTESIAN_POINT('',(299.25829278307,349.00366651455,
    107.27462549246));
#6276 = CARTESIAN_POINT('',(303.53281780748,349.87738873663,
    107.58770830591));
#6277 = CARTESIAN_POINT('',(307.79563331651,350.89242811799,
    107.93912148767));
#6278 = CARTESIAN_POINT('',(312.07349323989,351.81469164935,
    108.32917839951));
#6279 = CARTESIAN_POINT('',(316.34983972698,352.62554461797,
    108.67388044986));
#6280 = CARTESIAN_POINT('',(320.62873034613,353.28725707339,
    108.96765093213));
#6281 = CARTESIAN_POINT('',(324.90645535717,353.79201326811,
    109.21493716647));
#6282 = CARTESIAN_POINT('',(329.19177427478,353.96112404494,
    109.45448869282));
#6283 = CARTESIAN_POINT('',(333.46902839726,354.19588309962,
    109.57645223086));
#6284 = CARTESIAN_POINT('',(337.74832561117,354.2745651782,
    109.71431654505));
#6285 = CARTESIAN_POINT('',(342.02697062847,354.28251398679,
    109.83283784319));
#6286 = CARTESIAN_POINT('',(346.30391351544,354.26395929668,
    109.94303325766));
#6287 = CARTESIAN_POINT('',(350.58496238288,354.29802665094,
    110.0274588793));
#6288 = CARTESIAN_POINT('',(354.8577723004,354.32084437521,
    110.12688564379));
#6289 = CARTESIAN_POINT('',(359.18388688825,354.04587196055,
    110.24733221721));
#6290 = CARTESIAN_POINT('',(363.5052046971,354.48485182805,
    110.23544560479));
#6291 = CARTESIAN_POINT('',(367.54865046447,355.49300726985,
    110.12849532319));
#6292 = CARTESIAN_POINT('',(372.05847150757,354.86003353108,
    110.23325050255));
#6293 = CARTESIAN_POINT('',(376.24564436291,355.90221127835,
    110.10372727959));
#6294 = CARTESIAN_POINT('',(380.50353796332,354.17902796798,
    110.2633849089));
#6295 = CARTESIAN_POINT('',(384.85798865987,353.4205418963,
    110.31050564397));
#6296 = CARTESIAN_POINT('',(389.02722072527,351.80058137549,
    110.43579208861));
#6297 = CARTESIAN_POINT('',(393.32393006004,350.72957745767,
    110.50580724798));
#6298 = CARTESIAN_POINT('',(396.53994441614,352.84569787407,
    110.27116609907));
#6299 = CARTESIAN_POINT('',(397.6403,349.96407216202,110.55378927167));
#6300 = PCURVE('',#6054,#6301);
#6301 = DEFINITIONAL_REPRESENTATION('',(#6302),#6306);
#6302 = LINE('',#6303,#6304);
#6303 = CARTESIAN_POINT('',(24.,0.));
#6304 = VECTOR('',#6305,1.);
#6305 = DIRECTION('',(0.,1.));
#6306 = ( GEOMETRIC_REPRESENTATION_CONTEXT(2) 
PARAMETRIC_REPRESENTATION_CONTEXT() REPRESENTATION_CONTEXT('2D SPACE',''
  ) );
#6307 = PCURVE('',#6308,#6435);
#6308 = ( BOUNDED_SURFACE() B_SPLINE_SURFACE(1,3,(
    (#6309,#6310,#6311,#6312,#6313,#6314,#6315,#6316,#6317,#6318,#6319
      ,#6320,#6321,#6322,#6323,#6324,#6325,#6326,#6327,#6328,#6329,#6330
      ,#6331,#6332,#6333,#6334,#6335,#6336,#6337,#6338,#6339,#6340,#6341
      ,#6342,#6343,#6344,#6345,#6346,#6347,#6348,#6349,#6350,#6351,#6352
      ,#6353,#6354,#6355,#6356,#6357,#6358,#6359,#6360,#6361,#6362,#6363
      ,#6364,#6365,#6366,#6367,#6368,#6369,#6370,#6371)
    ,(#6372,#6373,#6374,#6375,#6376,#6377,#6378,#6379,#6380,#6381,#6382
      ,#6383,#6384,#6385,#6386,#6387,#6388,#6389,#6390,#6391,#6392,#6393
      ,#6394,#6395,#6396,#6397,#6398,#6399,#6400,#6401,#6402,#6403,#6404
      ,#6405,#6406,#6407,#6408,#6409,#6410,#6411,#6412,#6413,#6414,#6415
      ,#6416,#6417,#6418,#6419,#6420,#6421,#6422,#6423,#6424,#6425,#6426
      ,#6427,#6428,#6429,#6430,#6431,#6432,#6433,#6434
)),.UNSPECIFIED.,.F.,.F.,.F.) B_SPLINE_SURFACE_WITH_KNOTS((2,2),(4,1,1,1
    ,1,1,1,1,1,1,1,1,1,1,1,1,1,1,1,1,1,1,1,1,1,1,1,1,1,1,1,1,1,1,1,1,1,1
    ,1,1,1,1,1,1,1,1,1,1,1,1,1,1,1,1,1,1,1,1,1,1,4),(24.,25.),(0.,
    1.671834126768E-02,3.328707673398E-02,5.001744466419E-02,
    6.648650714478E-02,8.348892901119E-02,9.999486964001E-02,
    0.11646941087,0.133815549619,0.150618938677,0.167038735703,
    0.183454077407,0.199862498306,0.216272023155,0.232682039048,
    0.249094136,0.265517101832,0.28195250261,0.298446383618,
    0.315002877417,0.331625113939,0.348307612691,0.365035992875,
    0.381711213613,0.398301880653,0.414823418335,0.431326889702,
    0.448164125522,0.464772555536,0.481574851679,0.498833916597,
    0.516076325801,0.532869467448,0.550364700599,0.567182918644,
    0.58368017293,0.60020088702,0.616790522208,0.633466402799,
    0.650196996519,0.66688122827,0.683506031496,0.700063533111,
    0.716557401724,0.732992840875,0.749415744672,0.765827967007,
    0.78223726506,0.798647812608,0.815056815176,0.831475231221,
    0.84789937286,0.864694545606,0.881987572306,0.898456926779,
    0.91536479181,0.932301655256,0.949102498792,0.966203962862,
0.982810298735,1.),.UNSPECIFIED.) GEOMETRIC_REPRESENTATION_ITEM() 
RATIONAL_B_SPLINE_SURFACE((
    (1.,1.000000000007,0.999999999997,1.000000000001,1.,1.,1.,1.,1.,1.
      ,1.,1.,1.,1.,1.,1.,1.,1.,1.,1.,1.,1.,1.,1.,1.,1.,1.,1.,1.,1.,1.,1.
      ,1.,1.,1.,1.,1.,1.,1.,1.,1.,1.,1.,1.,1.,1.,1.,1.,1.,1.,1.,1.,1.,1.
      ,1.,1.,1.,1.,1.000000000001,0.999999999996,1.000000000014
      ,0.999999999969,1.)
    ,(1.,1.000000000007,0.999999999997,1.000000000001,1.,1.,1.,1.,1.,1.
      ,1.,1.,1.,1.,1.,1.,1.,1.,1.,1.,1.,1.,1.,1.,1.,1.,1.,1.,1.,1.,1.,1.
      ,1.,1.,1.,1.,1.,1.,1.,1.,1.,1.,1.,1.,1.,1.,1.,1.,1.,1.,1.,1.,1.,1.
      ,1.,1.,1.,1.,1.000000000001,0.999999999996,1.000000000014
,0.999999999969,1.))) REPRESENTATION_ITEM('') SURFACE() );
#6309 = CARTESIAN_POINT('',(140.9618,348.61409318467,110.34541017179));
#6310 = CARTESIAN_POINT('',(142.09540904743,345.58694311744,
    109.97527907624));
#6311 = CARTESIAN_POINT('',(145.34352279277,348.52020749057,
    110.38519004402));
#6312 = CARTESIAN_POINT('',(149.51920541273,346.5482290219,
    110.15677348482));
#6313 = CARTESIAN_POINT('',(153.74675028087,345.29462244965,
    110.0716865265));
#6314 = CARTESIAN_POINT('',(158.17058310233,345.54345974185,
    110.18603792221));
#6315 = CARTESIAN_POINT('',(162.26698448152,342.96722247127,
    109.86655776712));
#6316 = CARTESIAN_POINT('',(166.61873526807,343.25557816654,
    109.89692206638));
#6317 = CARTESIAN_POINT('',(171.05025168138,342.67394776755,
    109.7692615976));
#6318 = CARTESIAN_POINT('',(175.09238100893,343.12873736075,
    109.77954918693));
#6319 = CARTESIAN_POINT('',(179.41643525083,342.00689844816,
    109.50504392428));
#6320 = CARTESIAN_POINT('',(183.74465399728,342.15818544627,
    109.41084930044));
#6321 = CARTESIAN_POINT('',(188.01748830499,341.89373274252,
    109.23371836323));
#6322 = CARTESIAN_POINT('',(192.29804434258,341.94362211811,
    109.11110114995));
#6323 = CARTESIAN_POINT('',(196.57544693057,341.84453646925,
    108.93595095225));
#6324 = CARTESIAN_POINT('',(200.85359337877,341.78089408981,
    108.74248020402));
#6325 = CARTESIAN_POINT('',(205.13313267918,341.87580965108,
    108.54783242217));
#6326 = CARTESIAN_POINT('',(209.41029445154,342.16923218596,
    108.34619415821));
#6327 = CARTESIAN_POINT('',(213.69566833045,342.40586251329,
    108.04184256846));
#6328 = CARTESIAN_POINT('',(217.97323994091,343.10308894467,
    107.74696213003));
#6329 = CARTESIAN_POINT('',(222.25201002744,343.93630515358,
    107.37961019971));
#6330 = CARTESIAN_POINT('',(226.52878947893,345.011816629,107.0027103345
    ));
#6331 = CARTESIAN_POINT('',(230.80631705996,346.191531134,
    106.58804093766));
#6332 = CARTESIAN_POINT('',(235.06961741834,347.53059609956,
    106.22715140651));
#6333 = CARTESIAN_POINT('',(239.34364675972,348.70547569919,
    105.98364969269));
#6334 = CARTESIAN_POINT('',(243.62590118763,349.7281188844,
    106.02458503705));
#6335 = CARTESIAN_POINT('',(247.90145862716,350.28746503445,
    106.20150609236));
#6336 = CARTESIAN_POINT('',(252.24748803221,350.75339617709,
    106.86313816992));
#6337 = CARTESIAN_POINT('',(256.42226459116,349.96958887523,
    106.4261381737));
#6338 = CARTESIAN_POINT('',(260.774587196,351.18457654409,
    106.78696546926));
#6339 = CARTESIAN_POINT('',(265.08553351846,350.32787577079,
    106.09193552725));
#6340 = CARTESIAN_POINT('',(269.30435854157,350.00336188067,
    106.60975728905));
#6341 = CARTESIAN_POINT('',(273.49463672784,349.18284594795,
    106.34743321209));
#6342 = CARTESIAN_POINT('',(277.98553204283,349.3428647256,
    107.18952802449));
#6343 = CARTESIAN_POINT('',(282.02098866206,347.52469835467,
    106.98558515664));
#6344 = CARTESIAN_POINT('',(286.37785805657,347.67825898835,
    107.72100580412));
#6345 = CARTESIAN_POINT('',(290.69560185407,347.71936461967,
    107.23054153866));
#6346 = CARTESIAN_POINT('',(294.97762712103,348.27732743656,
    107.179502576));
#6347 = CARTESIAN_POINT('',(299.25829278307,349.00366651455,
    107.27462549246));
#6348 = CARTESIAN_POINT('',(303.53281780748,349.87738873663,
    107.58770830591));
#6349 = CARTESIAN_POINT('',(307.79563331651,350.89242811799,
    107.93912148767));
#6350 = CARTESIAN_POINT('',(312.07349323989,351.81469164935,
    108.32917839951));
#6351 = CARTESIAN_POINT('',(316.34983972698,352.62554461797,
    108.67388044986));
#6352 = CARTESIAN_POINT('',(320.62873034613,353.28725707339,
    108.96765093213));
#6353 = CARTESIAN_POINT('',(324.90645535717,353.79201326811,
    109.21493716647));
#6354 = CARTESIAN_POINT('',(329.19177427478,353.96112404494,
    109.45448869282));
#6355 = CARTESIAN_POINT('',(333.46902839726,354.19588309962,
    109.57645223086));
#6356 = CARTESIAN_POINT('',(337.74832561117,354.2745651782,
    109.71431654505));
#6357 = CARTESIAN_POINT('',(342.02697062847,354.28251398679,
    109.83283784319));
#6358 = CARTESIAN_POINT('',(346.30391351544,354.26395929668,
    109.94303325766));
#6359 = CARTESIAN_POINT('',(350.58496238288,354.29802665094,
    110.0274588793));
#6360 = CARTESIAN_POINT('',(354.8577723004,354.32084437521,
    110.12688564379));
#6361 = CARTESIAN_POINT('',(359.18388688825,354.04587196055,
    110.24733221721));
#6362 = CARTESIAN_POINT('',(363.5052046971,354.48485182805,
    110.23544560479));
#6363 = CARTESIAN_POINT('',(367.54865046447,355.49300726985,
    110.12849532319));
#6364 = CARTESIAN_POINT('',(372.05847150757,354.86003353108,
    110.23325050255));
#6365 = CARTESIAN_POINT('',(376.24564436291,355.90221127835,
    110.10372727959));
#6366 = CARTESIAN_POINT('',(380.50353796332,354.17902796798,
    110.2633849089));
#6367 = CARTESIAN_POINT('',(384.85798865987,353.4205418963,
    110.31050564397));
#6368 = CARTESIAN_POINT('',(389.02722072527,351.80058137549,
    110.43579208861));
#6369 = CARTESIAN_POINT('',(393.32393006004,350.72957745767,
    110.50580724798));
#6370 = CARTESIAN_POINT('',(396.53994441614,352.84569787407,
    110.27116609907));
#6371 = CARTESIAN_POINT('',(397.6403,349.96407216202,110.55378927167));
#6372 = CARTESIAN_POINT('',(140.9618,348.9973408807,110.395629446));
#6373 = CARTESIAN_POINT('',(142.09540904743,346.17184186773,
    110.04891163975));
#6374 = CARTESIAN_POINT('',(145.34352279277,348.96515243662,
    110.44422814602));
#6375 = CARTESIAN_POINT('',(149.51920541273,347.17974610205,
    110.24545043746));
#6376 = CARTESIAN_POINT('',(153.74675028087,345.96916760544,
    110.16831721674));
#6377 = CARTESIAN_POINT('',(158.17058310233,346.17200655032,
    110.28166599949));
#6378 = CARTESIAN_POINT('',(162.26698448152,343.83493110515,
    110.00390727882));
#6379 = CARTESIAN_POINT('',(166.61873526807,344.16744121137,
    110.05180835451));
#6380 = CARTESIAN_POINT('',(171.05025168138,343.62196928814,
    109.93674665974));
#6381 = CARTESIAN_POINT('',(175.09238100893,344.27104620364,
    109.98250878583));
#6382 = CARTESIAN_POINT('',(179.41643525083,343.3301647063,
    109.74731051064));
#6383 = CARTESIAN_POINT('',(183.74465399728,343.47057150956,
    109.66394197774));
#6384 = CARTESIAN_POINT('',(188.01748830499,343.24216521378,
    109.50457211836));
#6385 = CARTESIAN_POINT('',(192.29804434258,343.29408012441,
    109.39381160032));
#6386 = CARTESIAN_POINT('',(196.57544693057,343.20662697695,
    109.23782593847));
#6387 = CARTESIAN_POINT('',(200.85359337877,343.14574519429,
    109.06934852545));
#6388 = CARTESIAN_POINT('',(205.13313267918,343.23252385612,
    108.88724629872));
#6389 = CARTESIAN_POINT('',(209.41029445154,343.49804082808,
    108.71040385612));
#6390 = CARTESIAN_POINT('',(213.69566833045,343.7072952776,
    108.42768147246));
#6391 = CARTESIAN_POINT('',(217.97323994091,344.34671996587,
    108.15303118652));
#6392 = CARTESIAN_POINT('',(222.25201002744,345.11641157385,
    107.79230877935));
#6393 = CARTESIAN_POINT('',(226.52878947893,346.11514149625,
    107.42810152701));
#6394 = CARTESIAN_POINT('',(230.80631705996,347.21515215613,
    107.01747037927));
#6395 = CARTESIAN_POINT('',(235.06961741834,348.47331776649,
    106.6512745201));
#6396 = CARTESIAN_POINT('',(239.34364675972,349.57354561508,
    106.38696590085));
#6397 = CARTESIAN_POINT('',(243.62590118763,350.52299495304,
    106.38867440176));
#6398 = CARTESIAN_POINT('',(247.90145862716,351.02655864813,
    106.5109804345));
#6399 = CARTESIAN_POINT('',(252.24748803221,351.40091147135,
    107.09669459603));
#6400 = CARTESIAN_POINT('',(256.42226459116,350.69817692065,
    106.63986217843));
#6401 = CARTESIAN_POINT('',(260.774587196,351.64753717003,
    106.69794651809));
#6402 = CARTESIAN_POINT('',(265.08553351846,350.89640970848,
    106.03192544395));
#6403 = CARTESIAN_POINT('',(269.30435854157,350.51438505703,
    106.45587621609));
#6404 = CARTESIAN_POINT('',(273.49463672784,349.74020535753,
    106.14018997803));
#6405 = CARTESIAN_POINT('',(277.98553204283,349.79569225964,
    106.86880569339));
#6406 = CARTESIAN_POINT('',(282.02098866206,348.2307144382,
    106.81843597075));
#6407 = CARTESIAN_POINT('',(286.37785805657,348.29251823745,
    107.38013198757));
#6408 = CARTESIAN_POINT('',(290.69560185407,348.42163194513,
    106.85122893755));
#6409 = CARTESIAN_POINT('',(294.97762712103,349.0386877548,106.747538222
    ));
#6410 = CARTESIAN_POINT('',(299.25829278307,349.83457619604,
    106.80255370215));
#6411 = CARTESIAN_POINT('',(303.53281780748,350.79368854538,
    107.11618220889));
#6412 = CARTESIAN_POINT('',(307.79563331651,351.90560952845,
    107.4927212642));
#6413 = CARTESIAN_POINT('',(312.07349323989,352.91466546814,
    107.89935236439));
#6414 = CARTESIAN_POINT('',(316.34983972698,353.80374873249,
    108.25392641614));
#6415 = CARTESIAN_POINT('',(320.62873034613,354.54010865115,
    108.58176960346));
#6416 = CARTESIAN_POINT('',(324.90645535717,355.09989397972,
    108.84100776292));
#6417 = CARTESIAN_POINT('',(329.19177427478,355.29661854484,
    109.0946354162));
#6418 = CARTESIAN_POINT('',(333.46902839726,355.55856210924,
    109.23993815174));
#6419 = CARTESIAN_POINT('',(337.74832561117,355.64718399653,
    109.40152661397));
#6420 = CARTESIAN_POINT('',(342.02697062847,355.6532648314,
    109.5310936794));
#6421 = CARTESIAN_POINT('',(346.30391351544,355.61695694516,
    109.66133703714));
#6422 = CARTESIAN_POINT('',(350.58496238288,355.64839799759,
    109.76024887651));
#6423 = CARTESIAN_POINT('',(354.8577723004,355.63555391327,
    109.87467302198));
#6424 = CARTESIAN_POINT('',(359.18388688825,355.34383009108,
    110.01402636598));
#6425 = CARTESIAN_POINT('',(363.5052046971,355.68098952308,
    110.02696934824));
#6426 = CARTESIAN_POINT('',(367.54865046447,356.48989252012,
    109.95806522022));
#6427 = CARTESIAN_POINT('',(372.05847150757,355.84860874678,
    110.07069133101));
#6428 = CARTESIAN_POINT('',(376.24564436291,356.73486629637,
    109.96944268699));
#6429 = CARTESIAN_POINT('',(380.50353796332,354.8279120779,
    110.16029035406));
#6430 = CARTESIAN_POINT('',(384.85798865987,354.03107865079,
    110.2186164495));
#6431 = CARTESIAN_POINT('',(389.02722072527,352.35159941284,
    110.35543209308));
#6432 = CARTESIAN_POINT('',(393.32393006004,351.12064224478,
    110.44995131438));
#6433 = CARTESIAN_POINT('',(396.53994441614,353.23688206112,
    110.22002889984));
#6434 = CARTESIAN_POINT('',(397.6403,350.3341107293,110.50572561061));
#6435 = DEFINITIONAL_REPRESENTATION('',(#6436),#6440);
#6436 = LINE('',#6437,#6438);
#6437 = CARTESIAN_POINT('',(24.,0.));
#6438 = VECTOR('',#6439,1.);
#6439 = DIRECTION('',(0.,1.));
#6440 = ( GEOMETRIC_REPRESENTATION_CONTEXT(2) 
PARAMETRIC_REPRESENTATION_CONTEXT() REPRESENTATION_CONTEXT('2D SPACE',''
  ) );
#6441 = ORIENTED_EDGE('',*,*,#6442,.F.);
#6442 = EDGE_CURVE('',#5979,#6233,#6443,.T.);
#6443 = SURFACE_CURVE('',#6444,(#6447,#6454),.PCURVE_S1.);
#6444 = B_SPLINE_CURVE_WITH_KNOTS('',1,(#6445,#6446),.UNSPECIFIED.,.F.,
  .F.,(2,2),(23.,24.),.PIECEWISE_BEZIER_KNOTS.);
#6445 = CARTESIAN_POINT('',(397.6403,349.59403359474,110.60185293273));
#6446 = CARTESIAN_POINT('',(397.6403,349.96407216202,110.55378927167));
#6447 = PCURVE('',#6054,#6448);
#6448 = DEFINITIONAL_REPRESENTATION('',(#6449),#6453);
#6449 = LINE('',#6450,#6451);
#6450 = CARTESIAN_POINT('',(0.,1.));
#6451 = VECTOR('',#6452,1.);
#6452 = DIRECTION('',(1.,0.));
#6453 = ( GEOMETRIC_REPRESENTATION_CONTEXT(2) 
PARAMETRIC_REPRESENTATION_CONTEXT() REPRESENTATION_CONTEXT('2D SPACE',''
  ) );
#6454 = PCURVE('',#401,#6455);
#6455 = DEFINITIONAL_REPRESENTATION('',(#6456),#6459);
#6456 = B_SPLINE_CURVE_WITH_KNOTS('',1,(#6457,#6458),.UNSPECIFIED.,.F.,
  .F.,(2,2),(23.,24.),.PIECEWISE_BEZIER_KNOTS.);
#6457 = CARTESIAN_POINT('',(-0.302766969673,0.111216825984));
#6458 = CARTESIAN_POINT('',(-0.67580293539,0.120317654064));
#6459 = ( GEOMETRIC_REPRESENTATION_CONTEXT(2) 
PARAMETRIC_REPRESENTATION_CONTEXT() REPRESENTATION_CONTEXT('2D SPACE',''
  ) );
#6460 = ORIENTED_EDGE('',*,*,#5978,.F.);
#6461 = ADVANCED_FACE('',(#6462),#6308,.T.);
#6462 = FACE_BOUND('',#6463,.T.);
#6463 = EDGE_LOOP('',(#6464,#6485,#6695,#6714));
#6464 = ORIENTED_EDGE('',*,*,#6465,.T.);
#6465 = EDGE_CURVE('',#6212,#6466,#6468,.T.);
#6466 = VERTEX_POINT('',#6467);
#6467 = CARTESIAN_POINT('',(140.9618,348.9973408807,110.395629446));
#6468 = SURFACE_CURVE('',#6469,(#6472,#6479),.PCURVE_S1.);
#6469 = B_SPLINE_CURVE_WITH_KNOTS('',1,(#6470,#6471),.UNSPECIFIED.,.F.,
  .F.,(2,2),(24.,25.),.PIECEWISE_BEZIER_KNOTS.);
#6470 = CARTESIAN_POINT('',(140.9618,348.61409318467,110.34541017179));
#6471 = CARTESIAN_POINT('',(140.9618,348.9973408807,110.395629446));
#6472 = PCURVE('',#6308,#6473);
#6473 = DEFINITIONAL_REPRESENTATION('',(#6474),#6478);
#6474 = LINE('',#6475,#6476);
#6475 = CARTESIAN_POINT('',(0.,0.));
#6476 = VECTOR('',#6477,1.);
#6477 = DIRECTION('',(1.,0.));
#6478 = ( GEOMETRIC_REPRESENTATION_CONTEXT(2) 
PARAMETRIC_REPRESENTATION_CONTEXT() REPRESENTATION_CONTEXT('2D SPACE',''
  ) );
#6479 = PCURVE('',#165,#6480);
#6480 = DEFINITIONAL_REPRESENTATION('',(#6481),#6484);
#6481 = B_SPLINE_CURVE_WITH_KNOTS('',1,(#6482,#6483),.UNSPECIFIED.,.F.,
  .F.,(2,2),(24.,25.),.PIECEWISE_BEZIER_KNOTS.);
#6482 = CARTESIAN_POINT('',(6.184383330878,-6.716751567666E-04));
#6483 = CARTESIAN_POINT('',(5.797859372698,-6.29695459466E-04));
#6484 = ( GEOMETRIC_REPRESENTATION_CONTEXT(2) 
PARAMETRIC_REPRESENTATION_CONTEXT() REPRESENTATION_CONTEXT('2D SPACE',''
  ) );
#6485 = ORIENTED_EDGE('',*,*,#6486,.T.);
#6486 = EDGE_CURVE('',#6466,#6487,#6489,.T.);
#6487 = VERTEX_POINT('',#6488);
#6488 = CARTESIAN_POINT('',(397.6403,350.3341107293,110.50572561061));
#6489 = SURFACE_CURVE('',#6490,(#6554,#6561),.PCURVE_S1.);
#6490 = ( BOUNDED_CURVE() B_SPLINE_CURVE(3,(#6491,#6492,#6493,#6494,
    #6495,#6496,#6497,#6498,#6499,#6500,#6501,#6502,#6503,#6504,#6505,
    #6506,#6507,#6508,#6509,#6510,#6511,#6512,#6513,#6514,#6515,#6516,
    #6517,#6518,#6519,#6520,#6521,#6522,#6523,#6524,#6525,#6526,#6527,
    #6528,#6529,#6530,#6531,#6532,#6533,#6534,#6535,#6536,#6537,#6538,
    #6539,#6540,#6541,#6542,#6543,#6544,#6545,#6546,#6547,#6548,#6549,
    #6550,#6551,#6552,#6553),.UNSPECIFIED.,.F.,.F.) 
B_SPLINE_CURVE_WITH_KNOTS((4,1,1,1,1,1,1,1,1,1,1,1,1,1,1,1,1,1,1,1,1,1,1
    ,1,1,1,1,1,1,1,1,1,1,1,1,1,1,1,1,1,1,1,1,1,1,1,1,1,1,1,1,1,1,1,1,1,1
    ,1,1,1,4),(0.,1.671834126768E-02,3.328707673398E-02,
    5.001744466419E-02,6.648650714478E-02,8.348892901119E-02,
    9.999486964001E-02,0.11646941087,0.133815549619,0.150618938677,
    0.167038735703,0.183454077407,0.199862498306,0.216272023155,
    0.232682039048,0.249094136,0.265517101832,0.28195250261,
    0.298446383618,0.315002877417,0.331625113939,0.348307612691,
    0.365035992875,0.381711213613,0.398301880653,0.414823418335,
    0.431326889702,0.448164125522,0.464772555536,0.481574851679,
    0.498833916597,0.516076325801,0.532869467448,0.550364700599,
    0.567182918644,0.58368017293,0.60020088702,0.616790522208,
    0.633466402799,0.650196996519,0.66688122827,0.683506031496,
    0.700063533111,0.716557401724,0.732992840875,0.749415744672,
    0.765827967007,0.78223726506,0.798647812608,0.815056815176,
    0.831475231221,0.84789937286,0.864694545606,0.881987572306,
    0.898456926779,0.91536479181,0.932301655256,0.949102498792,
0.966203962862,0.982810298735,1.),.UNSPECIFIED.) CURVE() 
GEOMETRIC_REPRESENTATION_ITEM() RATIONAL_B_SPLINE_CURVE((1.,
    1.000000000007,0.999999999997,1.000000000001,1.,1.,1.,1.,1.,1.,1.,1.
    ,1.,1.,1.,1.,1.,1.,1.,1.,1.,1.,1.,1.,1.,1.,1.,1.,1.,1.,1.,1.,1.,1.,
    1.,1.,1.,1.,1.,1.,1.,1.,1.,1.,1.,1.,1.,1.,1.,1.,1.,1.,1.,1.,1.,1.,1.
    ,1.,1.000000000001,0.999999999996,1.000000000014,0.999999999969,1.))
 REPRESENTATION_ITEM('') );
#6491 = CARTESIAN_POINT('',(140.9618,348.9973408807,110.395629446));
#6492 = CARTESIAN_POINT('',(142.09540904743,346.17184186773,
    110.04891163975));
#6493 = CARTESIAN_POINT('',(145.34352279277,348.96515243662,
    110.44422814602));
#6494 = CARTESIAN_POINT('',(149.51920541273,347.17974610205,
    110.24545043746));
#6495 = CARTESIAN_POINT('',(153.74675028087,345.96916760544,
    110.16831721674));
#6496 = CARTESIAN_POINT('',(158.17058310233,346.17200655032,
    110.28166599949));
#6497 = CARTESIAN_POINT('',(162.26698448152,343.83493110515,
    110.00390727882));
#6498 = CARTESIAN_POINT('',(166.61873526807,344.16744121137,
    110.05180835451));
#6499 = CARTESIAN_POINT('',(171.05025168138,343.62196928814,
    109.93674665974));
#6500 = CARTESIAN_POINT('',(175.09238100893,344.27104620364,
    109.98250878583));
#6501 = CARTESIAN_POINT('',(179.41643525083,343.3301647063,
    109.74731051064));
#6502 = CARTESIAN_POINT('',(183.74465399728,343.47057150956,
    109.66394197774));
#6503 = CARTESIAN_POINT('',(188.01748830499,343.24216521378,
    109.50457211836));
#6504 = CARTESIAN_POINT('',(192.29804434258,343.29408012441,
    109.39381160032));
#6505 = CARTESIAN_POINT('',(196.57544693057,343.20662697695,
    109.23782593847));
#6506 = CARTESIAN_POINT('',(200.85359337877,343.14574519429,
    109.06934852545));
#6507 = CARTESIAN_POINT('',(205.13313267918,343.23252385612,
    108.88724629872));
#6508 = CARTESIAN_POINT('',(209.41029445154,343.49804082808,
    108.71040385612));
#6509 = CARTESIAN_POINT('',(213.69566833045,343.7072952776,
    108.42768147246));
#6510 = CARTESIAN_POINT('',(217.97323994091,344.34671996587,
    108.15303118652));
#6511 = CARTESIAN_POINT('',(222.25201002744,345.11641157385,
    107.79230877935));
#6512 = CARTESIAN_POINT('',(226.52878947893,346.11514149625,
    107.42810152701));
#6513 = CARTESIAN_POINT('',(230.80631705996,347.21515215613,
    107.01747037927));
#6514 = CARTESIAN_POINT('',(235.06961741834,348.47331776649,
    106.6512745201));
#6515 = CARTESIAN_POINT('',(239.34364675972,349.57354561508,
    106.38696590085));
#6516 = CARTESIAN_POINT('',(243.62590118763,350.52299495304,
    106.38867440176));
#6517 = CARTESIAN_POINT('',(247.90145862716,351.02655864813,
    106.5109804345));
#6518 = CARTESIAN_POINT('',(252.24748803221,351.40091147135,
    107.09669459603));
#6519 = CARTESIAN_POINT('',(256.42226459116,350.69817692065,
    106.63986217843));
#6520 = CARTESIAN_POINT('',(260.774587196,351.64753717003,
    106.69794651809));
#6521 = CARTESIAN_POINT('',(265.08553351846,350.89640970848,
    106.03192544395));
#6522 = CARTESIAN_POINT('',(269.30435854157,350.51438505703,
    106.45587621609));
#6523 = CARTESIAN_POINT('',(273.49463672784,349.74020535753,
    106.14018997803));
#6524 = CARTESIAN_POINT('',(277.98553204283,349.79569225964,
    106.86880569339));
#6525 = CARTESIAN_POINT('',(282.02098866206,348.2307144382,
    106.81843597075));
#6526 = CARTESIAN_POINT('',(286.37785805657,348.29251823745,
    107.38013198757));
#6527 = CARTESIAN_POINT('',(290.69560185407,348.42163194513,
    106.85122893755));
#6528 = CARTESIAN_POINT('',(294.97762712103,349.0386877548,106.747538222
    ));
#6529 = CARTESIAN_POINT('',(299.25829278307,349.83457619604,
    106.80255370215));
#6530 = CARTESIAN_POINT('',(303.53281780748,350.79368854538,
    107.11618220889));
#6531 = CARTESIAN_POINT('',(307.79563331651,351.90560952845,
    107.4927212642));
#6532 = CARTESIAN_POINT('',(312.07349323989,352.91466546814,
    107.89935236439));
#6533 = CARTESIAN_POINT('',(316.34983972698,353.80374873249,
    108.25392641614));
#6534 = CARTESIAN_POINT('',(320.62873034613,354.54010865115,
    108.58176960346));
#6535 = CARTESIAN_POINT('',(324.90645535717,355.09989397972,
    108.84100776292));
#6536 = CARTESIAN_POINT('',(329.19177427478,355.29661854484,
    109.0946354162));
#6537 = CARTESIAN_POINT('',(333.46902839726,355.55856210924,
    109.23993815174));
#6538 = CARTESIAN_POINT('',(337.74832561117,355.64718399653,
    109.40152661397));
#6539 = CARTESIAN_POINT('',(342.02697062847,355.6532648314,
    109.5310936794));
#6540 = CARTESIAN_POINT('',(346.30391351544,355.61695694516,
    109.66133703714));
#6541 = CARTESIAN_POINT('',(350.58496238288,355.64839799759,
    109.76024887651));
#6542 = CARTESIAN_POINT('',(354.8577723004,355.63555391327,
    109.87467302198));
#6543 = CARTESIAN_POINT('',(359.18388688825,355.34383009108,
    110.01402636598));
#6544 = CARTESIAN_POINT('',(363.5052046971,355.68098952308,
    110.02696934824));
#6545 = CARTESIAN_POINT('',(367.54865046447,356.48989252012,
    109.95806522022));
#6546 = CARTESIAN_POINT('',(372.05847150757,355.84860874678,
    110.07069133101));
#6547 = CARTESIAN_POINT('',(376.24564436291,356.73486629637,
    109.96944268699));
#6548 = CARTESIAN_POINT('',(380.50353796332,354.8279120779,
    110.16029035406));
#6549 = CARTESIAN_POINT('',(384.85798865987,354.03107865079,
    110.2186164495));
#6550 = CARTESIAN_POINT('',(389.02722072527,352.35159941284,
    110.35543209308));
#6551 = CARTESIAN_POINT('',(393.32393006004,351.12064224478,
    110.44995131438));
#6552 = CARTESIAN_POINT('',(396.53994441614,353.23688206112,
    110.22002889984));
#6553 = CARTESIAN_POINT('',(397.6403,350.3341107293,110.50572561061));
#6554 = PCURVE('',#6308,#6555);
#6555 = DEFINITIONAL_REPRESENTATION('',(#6556),#6560);
#6556 = LINE('',#6557,#6558);
#6557 = CARTESIAN_POINT('',(25.,0.));
#6558 = VECTOR('',#6559,1.);
#6559 = DIRECTION('',(0.,1.));
#6560 = ( GEOMETRIC_REPRESENTATION_CONTEXT(2) 
PARAMETRIC_REPRESENTATION_CONTEXT() REPRESENTATION_CONTEXT('2D SPACE',''
  ) );
#6561 = PCURVE('',#6562,#6689);
#6562 = ( BOUNDED_SURFACE() B_SPLINE_SURFACE(1,3,(
    (#6563,#6564,#6565,#6566,#6567,#6568,#6569,#6570,#6571,#6572,#6573
      ,#6574,#6575,#6576,#6577,#6578,#6579,#6580,#6581,#6582,#6583,#6584
      ,#6585,#6586,#6587,#6588,#6589,#6590,#6591,#6592,#6593,#6594,#6595
      ,#6596,#6597,#6598,#6599,#6600,#6601,#6602,#6603,#6604,#6605,#6606
      ,#6607,#6608,#6609,#6610,#6611,#6612,#6613,#6614,#6615,#6616,#6617
      ,#6618,#6619,#6620,#6621,#6622,#6623,#6624,#6625)
    ,(#6626,#6627,#6628,#6629,#6630,#6631,#6632,#6633,#6634,#6635,#6636
      ,#6637,#6638,#6639,#6640,#6641,#6642,#6643,#6644,#6645,#6646,#6647
      ,#6648,#6649,#6650,#6651,#6652,#6653,#6654,#6655,#6656,#6657,#6658
      ,#6659,#6660,#6661,#6662,#6663,#6664,#6665,#6666,#6667,#6668,#6669
      ,#6670,#6671,#6672,#6673,#6674,#6675,#6676,#6677,#6678,#6679,#6680
      ,#6681,#6682,#6683,#6684,#6685,#6686,#6687,#6688
)),.UNSPECIFIED.,.F.,.F.,.F.) B_SPLINE_SURFACE_WITH_KNOTS((2,2),(4,1,1,1
    ,1,1,1,1,1,1,1,1,1,1,1,1,1,1,1,1,1,1,1,1,1,1,1,1,1,1,1,1,1,1,1,1,1,1
    ,1,1,1,1,1,1,1,1,1,1,1,1,1,1,1,1,1,1,1,1,1,1,4),(25.,26.),(0.,
    1.671834126768E-02,3.328707673398E-02,5.001744466419E-02,
    6.648650714478E-02,8.348892901119E-02,9.999486964001E-02,
    0.11646941087,0.133815549619,0.150618938677,0.167038735703,
    0.183454077407,0.199862498306,0.216272023155,0.232682039048,
    0.249094136,0.265517101832,0.28195250261,0.298446383618,
    0.315002877417,0.331625113939,0.348307612691,0.365035992875,
    0.381711213613,0.398301880653,0.414823418335,0.431326889702,
    0.448164125522,0.464772555536,0.481574851679,0.498833916597,
    0.516076325801,0.532869467448,0.550364700599,0.567182918644,
    0.58368017293,0.60020088702,0.616790522208,0.633466402799,
    0.650196996519,0.66688122827,0.683506031496,0.700063533111,
    0.716557401724,0.732992840875,0.749415744672,0.765827967007,
    0.78223726506,0.798647812608,0.815056815176,0.831475231221,
    0.84789937286,0.864694545606,0.881987572306,0.898456926779,
    0.91536479181,0.932301655256,0.949102498792,0.966203962862,
0.982810298735,1.),.UNSPECIFIED.) GEOMETRIC_REPRESENTATION_ITEM() 
RATIONAL_B_SPLINE_SURFACE((
    (1.,1.000000000007,0.999999999997,1.000000000001,1.,1.,1.,1.,1.,1.
      ,1.,1.,1.,1.,1.,1.,1.,1.,1.,1.,1.,1.,1.,1.,1.,1.,1.,1.,1.,1.,1.,1.
      ,1.,1.,1.,1.,1.,1.,1.,1.,1.,1.,1.,1.,1.,1.,1.,1.,1.,1.,1.,1.,1.,1.
      ,1.,1.,1.,1.,1.000000000001,0.999999999996,1.000000000014
      ,0.999999999969,1.)
    ,(1.,1.000000000007,0.999999999997,1.000000000001,1.,1.,1.,1.,1.,1.
      ,1.,1.,1.,1.,1.,1.,1.,1.,1.,1.,1.,1.,1.,1.,1.,1.,1.,1.,1.,1.,1.,1.
      ,1.,1.,1.,1.,1.,1.,1.,1.,1.,1.,1.,1.,1.,1.,1.,1.,1.,1.,1.,1.,1.,1.
      ,1.,1.,1.,1.,1.000000000001,0.999999999996,1.000000000014
,0.999999999969,1.))) REPRESENTATION_ITEM('') SURFACE() );
#6563 = CARTESIAN_POINT('',(140.9618,348.9973408807,110.395629446));
#6564 = CARTESIAN_POINT('',(142.09540904743,346.17184186773,
    110.04891163975));
#6565 = CARTESIAN_POINT('',(145.34352279277,348.96515243662,
    110.44422814602));
#6566 = CARTESIAN_POINT('',(149.51920541273,347.17974610205,
    110.24545043746));
#6567 = CARTESIAN_POINT('',(153.74675028087,345.96916760544,
    110.16831721674));
#6568 = CARTESIAN_POINT('',(158.17058310233,346.17200655032,
    110.28166599949));
#6569 = CARTESIAN_POINT('',(162.26698448152,343.83493110515,
    110.00390727882));
#6570 = CARTESIAN_POINT('',(166.61873526807,344.16744121137,
    110.05180835451));
#6571 = CARTESIAN_POINT('',(171.05025168138,343.62196928814,
    109.93674665974));
#6572 = CARTESIAN_POINT('',(175.09238100893,344.27104620364,
    109.98250878583));
#6573 = CARTESIAN_POINT('',(179.41643525083,343.3301647063,
    109.74731051064));
#6574 = CARTESIAN_POINT('',(183.74465399728,343.47057150956,
    109.66394197774));
#6575 = CARTESIAN_POINT('',(188.01748830499,343.24216521378,
    109.50457211836));
#6576 = CARTESIAN_POINT('',(192.29804434258,343.29408012441,
    109.39381160032));
#6577 = CARTESIAN_POINT('',(196.57544693057,343.20662697695,
    109.23782593847));
#6578 = CARTESIAN_POINT('',(200.85359337877,343.14574519429,
    109.06934852545));
#6579 = CARTESIAN_POINT('',(205.13313267918,343.23252385612,
    108.88724629872));
#6580 = CARTESIAN_POINT('',(209.41029445154,343.49804082808,
    108.71040385612));
#6581 = CARTESIAN_POINT('',(213.69566833045,343.7072952776,
    108.42768147246));
#6582 = CARTESIAN_POINT('',(217.97323994091,344.34671996587,
    108.15303118652));
#6583 = CARTESIAN_POINT('',(222.25201002744,345.11641157385,
    107.79230877935));
#6584 = CARTESIAN_POINT('',(226.52878947893,346.11514149625,
    107.42810152701));
#6585 = CARTESIAN_POINT('',(230.80631705996,347.21515215613,
    107.01747037927));
#6586 = CARTESIAN_POINT('',(235.06961741834,348.47331776649,
    106.6512745201));
#6587 = CARTESIAN_POINT('',(239.34364675972,349.57354561508,
    106.38696590085));
#6588 = CARTESIAN_POINT('',(243.62590118763,350.52299495304,
    106.38867440176));
#6589 = CARTESIAN_POINT('',(247.90145862716,351.02655864813,
    106.5109804345));
#6590 = CARTESIAN_POINT('',(252.24748803221,351.40091147135,
    107.09669459603));
#6591 = CARTESIAN_POINT('',(256.42226459116,350.69817692065,
    106.63986217843));
#6592 = CARTESIAN_POINT('',(260.774587196,351.64753717003,
    106.69794651809));
#6593 = CARTESIAN_POINT('',(265.08553351846,350.89640970848,
    106.03192544395));
#6594 = CARTESIAN_POINT('',(269.30435854157,350.51438505703,
    106.45587621609));
#6595 = CARTESIAN_POINT('',(273.49463672784,349.74020535753,
    106.14018997803));
#6596 = CARTESIAN_POINT('',(277.98553204283,349.79569225964,
    106.86880569339));
#6597 = CARTESIAN_POINT('',(282.02098866206,348.2307144382,
    106.81843597075));
#6598 = CARTESIAN_POINT('',(286.37785805657,348.29251823745,
    107.38013198757));
#6599 = CARTESIAN_POINT('',(290.69560185407,348.42163194513,
    106.85122893755));
#6600 = CARTESIAN_POINT('',(294.97762712103,349.0386877548,106.747538222
    ));
#6601 = CARTESIAN_POINT('',(299.25829278307,349.83457619604,
    106.80255370215));
#6602 = CARTESIAN_POINT('',(303.53281780748,350.79368854538,
    107.11618220889));
#6603 = CARTESIAN_POINT('',(307.79563331651,351.90560952845,
    107.4927212642));
#6604 = CARTESIAN_POINT('',(312.07349323989,352.91466546814,
    107.89935236439));
#6605 = CARTESIAN_POINT('',(316.34983972698,353.80374873249,
    108.25392641614));
#6606 = CARTESIAN_POINT('',(320.62873034613,354.54010865115,
    108.58176960346));
#6607 = CARTESIAN_POINT('',(324.90645535717,355.09989397972,
    108.84100776292));
#6608 = CARTESIAN_POINT('',(329.19177427478,355.29661854484,
    109.0946354162));
#6609 = CARTESIAN_POINT('',(333.46902839726,355.55856210924,
    109.23993815174));
#6610 = CARTESIAN_POINT('',(337.74832561117,355.64718399653,
    109.40152661397));
#6611 = CARTESIAN_POINT('',(342.02697062847,355.6532648314,
    109.5310936794));
#6612 = CARTESIAN_POINT('',(346.30391351544,355.61695694516,
    109.66133703714));
#6613 = CARTESIAN_POINT('',(350.58496238288,355.64839799759,
    109.76024887651));
#6614 = CARTESIAN_POINT('',(354.8577723004,355.63555391327,
    109.87467302198));
#6615 = CARTESIAN_POINT('',(359.18388688825,355.34383009108,
    110.01402636598));
#6616 = CARTESIAN_POINT('',(363.5052046971,355.68098952308,
    110.02696934824));
#6617 = CARTESIAN_POINT('',(367.54865046447,356.48989252012,
    109.95806522022));
#6618 = CARTESIAN_POINT('',(372.05847150757,355.84860874678,
    110.07069133101));
#6619 = CARTESIAN_POINT('',(376.24564436291,356.73486629637,
    109.96944268699));
#6620 = CARTESIAN_POINT('',(380.50353796332,354.8279120779,
    110.16029035406));
#6621 = CARTESIAN_POINT('',(384.85798865987,354.03107865079,
    110.2186164495));
#6622 = CARTESIAN_POINT('',(389.02722072527,352.35159941284,
    110.35543209308));
#6623 = CARTESIAN_POINT('',(393.32393006004,351.12064224478,
    110.44995131438));
#6624 = CARTESIAN_POINT('',(396.53994441614,353.23688206112,
    110.22002889984));
#6625 = CARTESIAN_POINT('',(397.6403,350.3341107293,110.50572561061));
#6626 = CARTESIAN_POINT('',(140.9618,349.38058857672,110.44584872021));
#6627 = CARTESIAN_POINT('',(142.09540904743,346.75723874723,
    110.11963308819));
#6628 = CARTESIAN_POINT('',(145.34352279277,349.40987170846,
    110.50458512413));
#6629 = CARTESIAN_POINT('',(149.51920541273,347.81131358185,
    110.3338328001));
#6630 = CARTESIAN_POINT('',(153.74675028087,346.64373899285,
    110.26479479207));
#6631 = CARTESIAN_POINT('',(158.17058310233,346.8003997733,
    110.37819095716));
#6632 = CARTESIAN_POINT('',(162.26698448152,344.70324260041,
    110.1377362394));
#6633 = CARTESIAN_POINT('',(166.61873526807,345.07964523115,
    110.20465546675));
#6634 = CARTESIAN_POINT('',(171.05025168138,344.57069057727,
    110.10029974592));
#6635 = CARTESIAN_POINT('',(175.09238100893,345.41414290705,
    110.18110189107));
#6636 = CARTESIAN_POINT('',(179.41643525083,344.6547533027,
    109.98240048033));
#6637 = CARTESIAN_POINT('',(183.74465399728,344.78367700688,
    109.91364714415));
#6638 = CARTESIAN_POINT('',(188.01748830499,344.59187511001,
    109.76923403338));
#6639 = CARTESIAN_POINT('',(192.29804434258,344.64531974064,
    109.67277899794));
#6640 = CARTESIAN_POINT('',(196.57544693057,344.56968058614,
    109.5354012704));
#6641 = CARTESIAN_POINT('',(200.85359337877,344.51137057087,
    109.39305220225));
#6642 = CARTESIAN_POINT('',(205.13313267918,344.58938697296,
    109.22573287437));
#6643 = CARTESIAN_POINT('',(209.41029445154,344.82677809965,
    109.07473180066));
#6644 = CARTESIAN_POINT('',(213.69566833045,345.00897602984,
    108.81250951148));
#6645 = CARTESIAN_POINT('',(217.97323994091,345.58953708017,
    108.56157530321));
#6646 = CARTESIAN_POINT('',(222.25201002744,346.29232302991,
    108.21553851113));
#6647 = CARTESIAN_POINT('',(226.52878947893,347.21109937392,
    107.86980663902));
#6648 = CARTESIAN_POINT('',(230.80631705996,348.22966580509,
    107.46661163144));
#6649 = CARTESIAN_POINT('',(235.06961741834,349.39573681725,
    107.11488857493));
#6650 = CARTESIAN_POINT('',(239.34364675972,350.41388363852,
    106.84314554708));
#6651 = CARTESIAN_POINT('',(243.62590118763,351.29026622209,
    106.81158692808));
#6652 = CARTESIAN_POINT('',(247.90145862716,351.73741287215,
    106.8775087378));
#6653 = CARTESIAN_POINT('',(252.24748803221,352.02812892367,
    107.39098106715));
#6654 = CARTESIAN_POINT('',(256.42226459116,351.39348796747,
    106.87464622353));
#6655 = CARTESIAN_POINT('',(260.774587196,352.17425268868,
    106.68922717275));
#6656 = CARTESIAN_POINT('',(265.08553351846,351.5069300232,
    106.01517758823));
#6657 = CARTESIAN_POINT('',(269.30435854157,351.08156304437,
    106.35826373648));
#6658 = CARTESIAN_POINT('',(273.49463672784,350.3477185452,
    105.98364624647));
#6659 = CARTESIAN_POINT('',(277.98553204283,350.32021009582,
    106.61534746398));
#6660 = CARTESIAN_POINT('',(282.02098866206,348.92432442214,
    106.65138117126));
#6661 = CARTESIAN_POINT('',(286.37785805657,348.92259650204,
    107.0690005565));
#6662 = CARTESIAN_POINT('',(290.69560185407,349.13404932693,
    106.49065352192));
#6663 = CARTESIAN_POINT('',(294.97762712103,349.80999707225,
    106.3328895678));
#6664 = CARTESIAN_POINT('',(299.25829278307,350.67861420372,
    106.35526405896));
#6665 = CARTESIAN_POINT('',(303.53281780748,351.71701536312,
    106.6553222973));
#6666 = CARTESIAN_POINT('',(307.79563331651,352.91900993527,
    107.04292020619));
#6667 = CARTESIAN_POINT('',(312.07349323989,354.01071826439,
    107.45716391334));
#6668 = CARTESIAN_POINT('',(316.34983972698,354.98019531478,
    107.82939685441));
#6669 = CARTESIAN_POINT('',(320.62873034613,355.78550575148,
    108.17264265458));
#6670 = CARTESIAN_POINT('',(324.90645535717,356.4044202605,
    108.45516081147));
#6671 = CARTESIAN_POINT('',(329.19177427478,356.63066426737,
    108.72889039461));
#6672 = CARTESIAN_POINT('',(333.46902839726,356.92044341957,
    108.89990388724));
#6673 = CARTESIAN_POINT('',(337.74832561117,357.01679990983,
    109.07754022307));
#6674 = CARTESIAN_POINT('',(342.02697062847,357.02467901049,
    109.23159527764));
#6675 = CARTESIAN_POINT('',(346.30391351544,356.97030425223,
    109.38185463021));
#6676 = CARTESIAN_POINT('',(350.58496238288,356.99920402751,
    109.49526964309));
#6677 = CARTESIAN_POINT('',(354.8577723004,356.95067171186,
    109.62465527342));
#6678 = CARTESIAN_POINT('',(359.18388688825,356.64221726288,
    109.78304301811));
#6679 = CARTESIAN_POINT('',(363.5052046971,356.87749789213,
    109.82032600974));
#6680 = CARTESIAN_POINT('',(367.54865046447,357.48650726315,
    109.78609389642));
#6681 = CARTESIAN_POINT('',(372.05847150757,356.83707573623,
    109.90744148646));
#6682 = CARTESIAN_POINT('',(376.24564436291,357.56738463122,
    109.83433163036));
#6683 = CARTESIAN_POINT('',(380.50353796332,355.47660935453,
    110.05605282528));
#6684 = CARTESIAN_POINT('',(384.85798865987,354.6416575477,
    110.12698527934));
#6685 = CARTESIAN_POINT('',(389.02722072527,352.90263953545,
    110.27520634984));
#6686 = CARTESIAN_POINT('',(393.32393006004,351.51158050138,
    110.39332446874));
#6687 = CARTESIAN_POINT('',(396.53994441614,353.62835803935,
    110.17066971394));
#6688 = CARTESIAN_POINT('',(397.6403,350.70414929658,110.45766194955));
#6689 = DEFINITIONAL_REPRESENTATION('',(#6690),#6694);
#6690 = LINE('',#6691,#6692);
#6691 = CARTESIAN_POINT('',(25.,0.));
#6692 = VECTOR('',#6693,1.);
#6693 = DIRECTION('',(0.,1.));
#6694 = ( GEOMETRIC_REPRESENTATION_CONTEXT(2) 
PARAMETRIC_REPRESENTATION_CONTEXT() REPRESENTATION_CONTEXT('2D SPACE',''
  ) );
#6695 = ORIENTED_EDGE('',*,*,#6696,.F.);
#6696 = EDGE_CURVE('',#6233,#6487,#6697,.T.);
#6697 = SURFACE_CURVE('',#6698,(#6701,#6708),.PCURVE_S1.);
#6698 = B_SPLINE_CURVE_WITH_KNOTS('',1,(#6699,#6700),.UNSPECIFIED.,.F.,
  .F.,(2,2),(24.,25.),.PIECEWISE_BEZIER_KNOTS.);
#6699 = CARTESIAN_POINT('',(397.6403,349.96407216202,110.55378927167));
#6700 = CARTESIAN_POINT('',(397.6403,350.3341107293,110.50572561061));
#6701 = PCURVE('',#6308,#6702);
#6702 = DEFINITIONAL_REPRESENTATION('',(#6703),#6707);
#6703 = LINE('',#6704,#6705);
#6704 = CARTESIAN_POINT('',(0.,1.));
#6705 = VECTOR('',#6706,1.);
#6706 = DIRECTION('',(1.,0.));
#6707 = ( GEOMETRIC_REPRESENTATION_CONTEXT(2) 
PARAMETRIC_REPRESENTATION_CONTEXT() REPRESENTATION_CONTEXT('2D SPACE',''
  ) );
#6708 = PCURVE('',#401,#6709);
#6709 = DEFINITIONAL_REPRESENTATION('',(#6710),#6713);
#6710 = B_SPLINE_CURVE_WITH_KNOTS('',1,(#6711,#6712),.UNSPECIFIED.,.F.,
  .F.,(2,2),(24.,25.),.PIECEWISE_BEZIER_KNOTS.);
#6711 = CARTESIAN_POINT('',(-0.67580293539,0.120317654064));
#6712 = CARTESIAN_POINT('',(-1.048838901108,0.129418482143));
#6713 = ( GEOMETRIC_REPRESENTATION_CONTEXT(2) 
PARAMETRIC_REPRESENTATION_CONTEXT() REPRESENTATION_CONTEXT('2D SPACE',''
  ) );
#6714 = ORIENTED_EDGE('',*,*,#6232,.F.);
#6715 = ADVANCED_FACE('',(#6716),#6562,.T.);
#6716 = FACE_BOUND('',#6717,.T.);
#6717 = EDGE_LOOP('',(#6718,#6739,#6949,#6968));
#6718 = ORIENTED_EDGE('',*,*,#6719,.T.);
#6719 = EDGE_CURVE('',#6466,#6720,#6722,.T.);
#6720 = VERTEX_POINT('',#6721);
#6721 = CARTESIAN_POINT('',(140.9618,349.38058857672,110.44584872021));
#6722 = SURFACE_CURVE('',#6723,(#6726,#6733),.PCURVE_S1.);
#6723 = B_SPLINE_CURVE_WITH_KNOTS('',1,(#6724,#6725),.UNSPECIFIED.,.F.,
  .F.,(2,2),(25.,26.),.PIECEWISE_BEZIER_KNOTS.);
#6724 = CARTESIAN_POINT('',(140.9618,348.9973408807,110.395629446));
#6725 = CARTESIAN_POINT('',(140.9618,349.38058857672,110.44584872021));
#6726 = PCURVE('',#6562,#6727);
#6727 = DEFINITIONAL_REPRESENTATION('',(#6728),#6732);
#6728 = LINE('',#6729,#6730);
#6729 = CARTESIAN_POINT('',(0.,0.));
#6730 = VECTOR('',#6731,1.);
#6731 = DIRECTION('',(1.,0.));
#6732 = ( GEOMETRIC_REPRESENTATION_CONTEXT(2) 
PARAMETRIC_REPRESENTATION_CONTEXT() REPRESENTATION_CONTEXT('2D SPACE',''
  ) );
#6733 = PCURVE('',#165,#6734);
#6734 = DEFINITIONAL_REPRESENTATION('',(#6735),#6738);
#6735 = B_SPLINE_CURVE_WITH_KNOTS('',1,(#6736,#6737),.UNSPECIFIED.,.F.,
  .F.,(2,2),(25.,26.),.PIECEWISE_BEZIER_KNOTS.);
#6736 = CARTESIAN_POINT('',(5.797859372698,-6.29695459466E-04));
#6737 = CARTESIAN_POINT('',(5.411335414518,-5.877157621654E-04));
#6738 = ( GEOMETRIC_REPRESENTATION_CONTEXT(2) 
PARAMETRIC_REPRESENTATION_CONTEXT() REPRESENTATION_CONTEXT('2D SPACE',''
  ) );
#6739 = ORIENTED_EDGE('',*,*,#6740,.T.);
#6740 = EDGE_CURVE('',#6720,#6741,#6743,.T.);
#6741 = VERTEX_POINT('',#6742);
#6742 = CARTESIAN_POINT('',(397.6403,350.70414929658,110.45766194955));
#6743 = SURFACE_CURVE('',#6744,(#6808,#6815),.PCURVE_S1.);
#6744 = ( BOUNDED_CURVE() B_SPLINE_CURVE(3,(#6745,#6746,#6747,#6748,
    #6749,#6750,#6751,#6752,#6753,#6754,#6755,#6756,#6757,#6758,#6759,
    #6760,#6761,#6762,#6763,#6764,#6765,#6766,#6767,#6768,#6769,#6770,
    #6771,#6772,#6773,#6774,#6775,#6776,#6777,#6778,#6779,#6780,#6781,
    #6782,#6783,#6784,#6785,#6786,#6787,#6788,#6789,#6790,#6791,#6792,
    #6793,#6794,#6795,#6796,#6797,#6798,#6799,#6800,#6801,#6802,#6803,
    #6804,#6805,#6806,#6807),.UNSPECIFIED.,.F.,.F.) 
B_SPLINE_CURVE_WITH_KNOTS((4,1,1,1,1,1,1,1,1,1,1,1,1,1,1,1,1,1,1,1,1,1,1
    ,1,1,1,1,1,1,1,1,1,1,1,1,1,1,1,1,1,1,1,1,1,1,1,1,1,1,1,1,1,1,1,1,1,1
    ,1,1,1,4),(0.,1.671834126768E-02,3.328707673398E-02,
    5.001744466419E-02,6.648650714478E-02,8.348892901119E-02,
    9.999486964001E-02,0.11646941087,0.133815549619,0.150618938677,
    0.167038735703,0.183454077407,0.199862498306,0.216272023155,
    0.232682039048,0.249094136,0.265517101832,0.28195250261,
    0.298446383618,0.315002877417,0.331625113939,0.348307612691,
    0.365035992875,0.381711213613,0.398301880653,0.414823418335,
    0.431326889702,0.448164125522,0.464772555536,0.481574851679,
    0.498833916597,0.516076325801,0.532869467448,0.550364700599,
    0.567182918644,0.58368017293,0.60020088702,0.616790522208,
    0.633466402799,0.650196996519,0.66688122827,0.683506031496,
    0.700063533111,0.716557401724,0.732992840875,0.749415744672,
    0.765827967007,0.78223726506,0.798647812608,0.815056815176,
    0.831475231221,0.84789937286,0.864694545606,0.881987572306,
    0.898456926779,0.91536479181,0.932301655256,0.949102498792,
0.966203962862,0.982810298735,1.),.UNSPECIFIED.) CURVE() 
GEOMETRIC_REPRESENTATION_ITEM() RATIONAL_B_SPLINE_CURVE((1.,
    1.000000000007,0.999999999997,1.000000000001,1.,1.,1.,1.,1.,1.,1.,1.
    ,1.,1.,1.,1.,1.,1.,1.,1.,1.,1.,1.,1.,1.,1.,1.,1.,1.,1.,1.,1.,1.,1.,
    1.,1.,1.,1.,1.,1.,1.,1.,1.,1.,1.,1.,1.,1.,1.,1.,1.,1.,1.,1.,1.,1.,1.
    ,1.,1.000000000001,0.999999999996,1.000000000014,0.999999999969,1.))
 REPRESENTATION_ITEM('') );
#6745 = CARTESIAN_POINT('',(140.9618,349.38058857672,110.44584872021));
#6746 = CARTESIAN_POINT('',(142.09540904743,346.75723874723,
    110.11963308819));
#6747 = CARTESIAN_POINT('',(145.34352279277,349.40987170846,
    110.50458512413));
#6748 = CARTESIAN_POINT('',(149.51920541273,347.81131358185,
    110.3338328001));
#6749 = CARTESIAN_POINT('',(153.74675028087,346.64373899285,
    110.26479479207));
#6750 = CARTESIAN_POINT('',(158.17058310233,346.8003997733,
    110.37819095716));
#6751 = CARTESIAN_POINT('',(162.26698448152,344.70324260041,
    110.1377362394));
#6752 = CARTESIAN_POINT('',(166.61873526807,345.07964523115,
    110.20465546675));
#6753 = CARTESIAN_POINT('',(171.05025168138,344.57069057727,
    110.10029974592));
#6754 = CARTESIAN_POINT('',(175.09238100893,345.41414290705,
    110.18110189107));
#6755 = CARTESIAN_POINT('',(179.41643525083,344.6547533027,
    109.98240048033));
#6756 = CARTESIAN_POINT('',(183.74465399728,344.78367700688,
    109.91364714415));
#6757 = CARTESIAN_POINT('',(188.01748830499,344.59187511001,
    109.76923403338));
#6758 = CARTESIAN_POINT('',(192.29804434258,344.64531974064,
    109.67277899794));
#6759 = CARTESIAN_POINT('',(196.57544693057,344.56968058614,
    109.5354012704));
#6760 = CARTESIAN_POINT('',(200.85359337877,344.51137057087,
    109.39305220225));
#6761 = CARTESIAN_POINT('',(205.13313267918,344.58938697296,
    109.22573287437));
#6762 = CARTESIAN_POINT('',(209.41029445154,344.82677809965,
    109.07473180066));
#6763 = CARTESIAN_POINT('',(213.69566833045,345.00897602984,
    108.81250951148));
#6764 = CARTESIAN_POINT('',(217.97323994091,345.58953708017,
    108.56157530321));
#6765 = CARTESIAN_POINT('',(222.25201002744,346.29232302991,
    108.21553851113));
#6766 = CARTESIAN_POINT('',(226.52878947893,347.21109937392,
    107.86980663902));
#6767 = CARTESIAN_POINT('',(230.80631705996,348.22966580509,
    107.46661163144));
#6768 = CARTESIAN_POINT('',(235.06961741834,349.39573681725,
    107.11488857493));
#6769 = CARTESIAN_POINT('',(239.34364675972,350.41388363852,
    106.84314554708));
#6770 = CARTESIAN_POINT('',(243.62590118763,351.29026622209,
    106.81158692808));
#6771 = CARTESIAN_POINT('',(247.90145862716,351.73741287215,
    106.8775087378));
#6772 = CARTESIAN_POINT('',(252.24748803221,352.02812892367,
    107.39098106715));
#6773 = CARTESIAN_POINT('',(256.42226459116,351.39348796747,
    106.87464622353));
#6774 = CARTESIAN_POINT('',(260.774587196,352.17425268868,
    106.68922717275));
#6775 = CARTESIAN_POINT('',(265.08553351846,351.5069300232,
    106.01517758823));
#6776 = CARTESIAN_POINT('',(269.30435854157,351.08156304437,
    106.35826373648));
#6777 = CARTESIAN_POINT('',(273.49463672784,350.3477185452,
    105.98364624647));
#6778 = CARTESIAN_POINT('',(277.98553204283,350.32021009582,
    106.61534746398));
#6779 = CARTESIAN_POINT('',(282.02098866206,348.92432442214,
    106.65138117126));
#6780 = CARTESIAN_POINT('',(286.37785805657,348.92259650204,
    107.0690005565));
#6781 = CARTESIAN_POINT('',(290.69560185407,349.13404932693,
    106.49065352192));
#6782 = CARTESIAN_POINT('',(294.97762712103,349.80999707225,
    106.3328895678));
#6783 = CARTESIAN_POINT('',(299.25829278307,350.67861420372,
    106.35526405896));
#6784 = CARTESIAN_POINT('',(303.53281780748,351.71701536312,
    106.6553222973));
#6785 = CARTESIAN_POINT('',(307.79563331651,352.91900993527,
    107.04292020619));
#6786 = CARTESIAN_POINT('',(312.07349323989,354.01071826439,
    107.45716391334));
#6787 = CARTESIAN_POINT('',(316.34983972698,354.98019531478,
    107.82939685441));
#6788 = CARTESIAN_POINT('',(320.62873034613,355.78550575148,
    108.17264265458));
#6789 = CARTESIAN_POINT('',(324.90645535717,356.4044202605,
    108.45516081147));
#6790 = CARTESIAN_POINT('',(329.19177427478,356.63066426737,
    108.72889039461));
#6791 = CARTESIAN_POINT('',(333.46902839726,356.92044341957,
    108.89990388724));
#6792 = CARTESIAN_POINT('',(337.74832561117,357.01679990983,
    109.07754022307));
#6793 = CARTESIAN_POINT('',(342.02697062847,357.02467901049,
    109.23159527764));
#6794 = CARTESIAN_POINT('',(346.30391351544,356.97030425223,
    109.38185463021));
#6795 = CARTESIAN_POINT('',(350.58496238288,356.99920402751,
    109.49526964309));
#6796 = CARTESIAN_POINT('',(354.8577723004,356.95067171186,
    109.62465527342));
#6797 = CARTESIAN_POINT('',(359.18388688825,356.64221726288,
    109.78304301811));
#6798 = CARTESIAN_POINT('',(363.5052046971,356.87749789213,
    109.82032600974));
#6799 = CARTESIAN_POINT('',(367.54865046447,357.48650726315,
    109.78609389642));
#6800 = CARTESIAN_POINT('',(372.05847150757,356.83707573623,
    109.90744148646));
#6801 = CARTESIAN_POINT('',(376.24564436291,357.56738463122,
    109.83433163036));
#6802 = CARTESIAN_POINT('',(380.50353796332,355.47660935453,
    110.05605282528));
#6803 = CARTESIAN_POINT('',(384.85798865987,354.6416575477,
    110.12698527934));
#6804 = CARTESIAN_POINT('',(389.02722072527,352.90263953545,
    110.27520634984));
#6805 = CARTESIAN_POINT('',(393.32393006004,351.51158050138,
    110.39332446874));
#6806 = CARTESIAN_POINT('',(396.53994441614,353.62835803935,
    110.17066971394));
#6807 = CARTESIAN_POINT('',(397.6403,350.70414929658,110.45766194955));
#6808 = PCURVE('',#6562,#6809);
#6809 = DEFINITIONAL_REPRESENTATION('',(#6810),#6814);
#6810 = LINE('',#6811,#6812);
#6811 = CARTESIAN_POINT('',(26.,0.));
#6812 = VECTOR('',#6813,1.);
#6813 = DIRECTION('',(0.,1.));
#6814 = ( GEOMETRIC_REPRESENTATION_CONTEXT(2) 
PARAMETRIC_REPRESENTATION_CONTEXT() REPRESENTATION_CONTEXT('2D SPACE',''
  ) );
#6815 = PCURVE('',#6816,#6943);
#6816 = ( BOUNDED_SURFACE() B_SPLINE_SURFACE(1,3,(
    (#6817,#6818,#6819,#6820,#6821,#6822,#6823,#6824,#6825,#6826,#6827
      ,#6828,#6829,#6830,#6831,#6832,#6833,#6834,#6835,#6836,#6837,#6838
      ,#6839,#6840,#6841,#6842,#6843,#6844,#6845,#6846,#6847,#6848,#6849
      ,#6850,#6851,#6852,#6853,#6854,#6855,#6856,#6857,#6858,#6859,#6860
      ,#6861,#6862,#6863,#6864,#6865,#6866,#6867,#6868,#6869,#6870,#6871
      ,#6872,#6873,#6874,#6875,#6876,#6877,#6878,#6879)
    ,(#6880,#6881,#6882,#6883,#6884,#6885,#6886,#6887,#6888,#6889,#6890
      ,#6891,#6892,#6893,#6894,#6895,#6896,#6897,#6898,#6899,#6900,#6901
      ,#6902,#6903,#6904,#6905,#6906,#6907,#6908,#6909,#6910,#6911,#6912
      ,#6913,#6914,#6915,#6916,#6917,#6918,#6919,#6920,#6921,#6922,#6923
      ,#6924,#6925,#6926,#6927,#6928,#6929,#6930,#6931,#6932,#6933,#6934
      ,#6935,#6936,#6937,#6938,#6939,#6940,#6941,#6942
)),.UNSPECIFIED.,.F.,.F.,.F.) B_SPLINE_SURFACE_WITH_KNOTS((2,2),(4,1,1,1
    ,1,1,1,1,1,1,1,1,1,1,1,1,1,1,1,1,1,1,1,1,1,1,1,1,1,1,1,1,1,1,1,1,1,1
    ,1,1,1,1,1,1,1,1,1,1,1,1,1,1,1,1,1,1,1,1,1,1,4),(26.,27.),(0.,
    1.671834126768E-02,3.328707673398E-02,5.001744466419E-02,
    6.648650714478E-02,8.348892901119E-02,9.999486964001E-02,
    0.11646941087,0.133815549619,0.150618938677,0.167038735703,
    0.183454077407,0.199862498306,0.216272023155,0.232682039048,
    0.249094136,0.265517101832,0.28195250261,0.298446383618,
    0.315002877417,0.331625113939,0.348307612691,0.365035992875,
    0.381711213613,0.398301880653,0.414823418335,0.431326889702,
    0.448164125522,0.464772555536,0.481574851679,0.498833916597,
    0.516076325801,0.532869467448,0.550364700599,0.567182918644,
    0.58368017293,0.60020088702,0.616790522208,0.633466402799,
    0.650196996519,0.66688122827,0.683506031496,0.700063533111,
    0.716557401724,0.732992840875,0.749415744672,0.765827967007,
    0.78223726506,0.798647812608,0.815056815176,0.831475231221,
    0.84789937286,0.864694545606,0.881987572306,0.898456926779,
    0.91536479181,0.932301655256,0.949102498792,0.966203962862,
0.982810298735,1.),.UNSPECIFIED.) GEOMETRIC_REPRESENTATION_ITEM() 
RATIONAL_B_SPLINE_SURFACE((
    (1.,1.000000000007,0.999999999997,1.000000000001,1.,1.,1.,1.,1.,1.
      ,1.,1.,1.,1.,1.,1.,1.,1.,1.,1.,1.,1.,1.,1.,1.,1.,1.,1.,1.,1.,1.,1.
      ,1.,1.,1.,1.,1.,1.,1.,1.,1.,1.,1.,1.,1.,1.,1.,1.,1.,1.,1.,1.,1.,1.
      ,1.,1.,1.,1.,1.000000000001,0.999999999996,1.000000000014
      ,0.999999999969,1.)
    ,(1.,1.000000000007,0.999999999997,1.000000000001,1.,1.,1.,1.,1.,1.
      ,1.,1.,1.,1.,1.,1.,1.,1.,1.,1.,1.,1.,1.,1.,1.,1.,1.,1.,1.,1.,1.,1.
      ,1.,1.,1.,1.,1.,1.,1.,1.,1.,1.,1.,1.,1.,1.,1.,1.,1.,1.,1.,1.,1.,1.
      ,1.,1.,1.,1.,1.000000000001,0.999999999996,1.000000000014
,0.999999999969,1.))) REPRESENTATION_ITEM('') SURFACE() );
#6817 = CARTESIAN_POINT('',(140.9618,349.38058857672,110.44584872021));
#6818 = CARTESIAN_POINT('',(142.09540904743,346.75723874723,
    110.11963308819));
#6819 = CARTESIAN_POINT('',(145.34352279277,349.40987170846,
    110.50458512413));
#6820 = CARTESIAN_POINT('',(149.51920541273,347.81131358185,
    110.3338328001));
#6821 = CARTESIAN_POINT('',(153.74675028087,346.64373899285,
    110.26479479207));
#6822 = CARTESIAN_POINT('',(158.17058310233,346.8003997733,
    110.37819095716));
#6823 = CARTESIAN_POINT('',(162.26698448152,344.70324260041,
    110.1377362394));
#6824 = CARTESIAN_POINT('',(166.61873526807,345.07964523115,
    110.20465546675));
#6825 = CARTESIAN_POINT('',(171.05025168138,344.57069057727,
    110.10029974592));
#6826 = CARTESIAN_POINT('',(175.09238100893,345.41414290705,
    110.18110189107));
#6827 = CARTESIAN_POINT('',(179.41643525083,344.6547533027,
    109.98240048033));
#6828 = CARTESIAN_POINT('',(183.74465399728,344.78367700688,
    109.91364714415));
#6829 = CARTESIAN_POINT('',(188.01748830499,344.59187511001,
    109.76923403338));
#6830 = CARTESIAN_POINT('',(192.29804434258,344.64531974064,
    109.67277899794));
#6831 = CARTESIAN_POINT('',(196.57544693057,344.56968058614,
    109.5354012704));
#6832 = CARTESIAN_POINT('',(200.85359337877,344.51137057087,
    109.39305220225));
#6833 = CARTESIAN_POINT('',(205.13313267918,344.58938697296,
    109.22573287437));
#6834 = CARTESIAN_POINT('',(209.41029445154,344.82677809965,
    109.07473180066));
#6835 = CARTESIAN_POINT('',(213.69566833045,345.00897602984,
    108.81250951148));
#6836 = CARTESIAN_POINT('',(217.97323994091,345.58953708017,
    108.56157530321));
#6837 = CARTESIAN_POINT('',(222.25201002744,346.29232302991,
    108.21553851113));
#6838 = CARTESIAN_POINT('',(226.52878947893,347.21109937392,
    107.86980663902));
#6839 = CARTESIAN_POINT('',(230.80631705996,348.22966580509,
    107.46661163144));
#6840 = CARTESIAN_POINT('',(235.06961741834,349.39573681725,
    107.11488857493));
#6841 = CARTESIAN_POINT('',(239.34364675972,350.41388363852,
    106.84314554708));
#6842 = CARTESIAN_POINT('',(243.62590118763,351.29026622209,
    106.81158692808));
#6843 = CARTESIAN_POINT('',(247.90145862716,351.73741287215,
    106.8775087378));
#6844 = CARTESIAN_POINT('',(252.24748803221,352.02812892367,
    107.39098106715));
#6845 = CARTESIAN_POINT('',(256.42226459116,351.39348796747,
    106.87464622353));
#6846 = CARTESIAN_POINT('',(260.774587196,352.17425268868,
    106.68922717275));
#6847 = CARTESIAN_POINT('',(265.08553351846,351.5069300232,
    106.01517758823));
#6848 = CARTESIAN_POINT('',(269.30435854157,351.08156304437,
    106.35826373648));
#6849 = CARTESIAN_POINT('',(273.49463672784,350.3477185452,
    105.98364624647));
#6850 = CARTESIAN_POINT('',(277.98553204283,350.32021009582,
    106.61534746398));
#6851 = CARTESIAN_POINT('',(282.02098866206,348.92432442214,
    106.65138117126));
#6852 = CARTESIAN_POINT('',(286.37785805657,348.92259650204,
    107.0690005565));
#6853 = CARTESIAN_POINT('',(290.69560185407,349.13404932693,
    106.49065352192));
#6854 = CARTESIAN_POINT('',(294.97762712103,349.80999707225,
    106.3328895678));
#6855 = CARTESIAN_POINT('',(299.25829278307,350.67861420372,
    106.35526405896));
#6856 = CARTESIAN_POINT('',(303.53281780748,351.71701536312,
    106.6553222973));
#6857 = CARTESIAN_POINT('',(307.79563331651,352.91900993527,
    107.04292020619));
#6858 = CARTESIAN_POINT('',(312.07349323989,354.01071826439,
    107.45716391334));
#6859 = CARTESIAN_POINT('',(316.34983972698,354.98019531478,
    107.82939685441));
#6860 = CARTESIAN_POINT('',(320.62873034613,355.78550575148,
    108.17264265458));
#6861 = CARTESIAN_POINT('',(324.90645535717,356.4044202605,
    108.45516081147));
#6862 = CARTESIAN_POINT('',(329.19177427478,356.63066426737,
    108.72889039461));
#6863 = CARTESIAN_POINT('',(333.46902839726,356.92044341957,
    108.89990388724));
#6864 = CARTESIAN_POINT('',(337.74832561117,357.01679990983,
    109.07754022307));
#6865 = CARTESIAN_POINT('',(342.02697062847,357.02467901049,
    109.23159527764));
#6866 = CARTESIAN_POINT('',(346.30391351544,356.97030425223,
    109.38185463021));
#6867 = CARTESIAN_POINT('',(350.58496238288,356.99920402751,
    109.49526964309));
#6868 = CARTESIAN_POINT('',(354.8577723004,356.95067171186,
    109.62465527342));
#6869 = CARTESIAN_POINT('',(359.18388688825,356.64221726288,
    109.78304301811));
#6870 = CARTESIAN_POINT('',(363.5052046971,356.87749789213,
    109.82032600974));
#6871 = CARTESIAN_POINT('',(367.54865046447,357.48650726315,
    109.78609389642));
#6872 = CARTESIAN_POINT('',(372.05847150757,356.83707573623,
    109.90744148646));
#6873 = CARTESIAN_POINT('',(376.24564436291,357.56738463122,
    109.83433163036));
#6874 = CARTESIAN_POINT('',(380.50353796332,355.47660935453,
    110.05605282528));
#6875 = CARTESIAN_POINT('',(384.85798865987,354.6416575477,
    110.12698527934));
#6876 = CARTESIAN_POINT('',(389.02722072527,352.90263953545,
    110.27520634984));
#6877 = CARTESIAN_POINT('',(393.32393006004,351.51158050138,
    110.39332446874));
#6878 = CARTESIAN_POINT('',(396.53994441614,353.62835803935,
    110.17066971394));
#6879 = CARTESIAN_POINT('',(397.6403,350.70414929658,110.45766194955));
#6880 = CARTESIAN_POINT('',(140.9618,349.76383627274,110.49606799442));
#6881 = CARTESIAN_POINT('',(142.09540904743,347.34319020913,
    110.18661190789));
#6882 = CARTESIAN_POINT('',(145.34352279277,349.85436348795,
    110.56647744249));
#6883 = CARTESIAN_POINT('',(149.51920541273,348.44285447442,
    110.42239425363));
#6884 = CARTESIAN_POINT('',(153.74675028087,347.31864811742,
    110.358994378));
#6885 = CARTESIAN_POINT('',(158.17058310233,347.42902766884,
    110.47312755873));
#6886 = CARTESIAN_POINT('',(162.26698448152,345.57183945719,
    110.26965719662));
#6887 = CARTESIAN_POINT('',(166.61873526807,345.99203903499,
    110.35615771293));
#6888 = CARTESIAN_POINT('',(171.05025168138,345.51993731717,
    110.26055103997));
#6889 = CARTESIAN_POINT('',(175.09238100893,346.55646873923,
    110.38394456661));
#6890 = CARTESIAN_POINT('',(179.41643525083,345.97891076511,
    110.21975150727));
#6891 = CARTESIAN_POINT('',(183.74465399728,346.09626783259,
    110.16613678512));
#6892 = CARTESIAN_POINT('',(188.01748830499,345.9410757857,
    110.03651138196));
#6893 = CARTESIAN_POINT('',(192.29804434258,345.99611116858,
    109.95451873249));
#6894 = CARTESIAN_POINT('',(196.57544693057,345.93203643291,
    109.83529029173));
#6895 = CARTESIAN_POINT('',(200.85359337877,345.88023547468,
    109.70472765299));
#6896 = CARTESIAN_POINT('',(205.13313267918,345.94669298621,
    109.56184550094));
#6897 = CARTESIAN_POINT('',(209.41029445154,346.1567343268,
    109.43390822748));
#6898 = CARTESIAN_POINT('',(213.69566833045,346.31314933294,
    109.18810346178));
#6899 = CARTESIAN_POINT('',(217.97323994091,346.83919504807,
    108.9487747059));
#6900 = CARTESIAN_POINT('',(222.25201002744,347.46887651076,
    108.63764576902));
#6901 = CARTESIAN_POINT('',(226.52878947893,348.31030196119,
    108.30094344599));
#6902 = CARTESIAN_POINT('',(230.80631705996,349.24296857596,
    107.91472974734));
#6903 = CARTESIAN_POINT('',(235.06961741834,350.31275408656,
    107.58662553972));
#6904 = CARTESIAN_POINT('',(239.34364675972,351.24542582146,
    107.31540149498));
#6905 = CARTESIAN_POINT('',(243.62590118763,352.05222382452,
    107.24510465278));
#6906 = CARTESIAN_POINT('',(247.90145862716,352.44076189308,
    107.24989709215));
#6907 = CARTESIAN_POINT('',(252.24748803221,352.65846672738,
    107.70860166328));
#6908 = CARTESIAN_POINT('',(256.42226459116,352.05615986751,
    107.08246891223));
#6909 = CARTESIAN_POINT('',(260.774587196,352.81420692336,
    106.81325516018));
#6910 = CARTESIAN_POINT('',(265.08553351846,352.18965941777,
    106.08805980188));
#6911 = CARTESIAN_POINT('',(269.30435854157,351.73453352627,
    106.36922983852));
#6912 = CARTESIAN_POINT('',(273.49463672784,351.03583634315,
    105.92100784923));
#6913 = CARTESIAN_POINT('',(277.98553204283,350.96685242099,
    106.51587603205));
#6914 = CARTESIAN_POINT('',(282.02098866206,349.60525052345,
    106.49720365527));
#6915 = CARTESIAN_POINT('',(286.37785805657,349.58559479522,
    106.8268462863));
#6916 = CARTESIAN_POINT('',(290.69560185407,349.87156304819,
    106.18950253635));
#6917 = CARTESIAN_POINT('',(294.97762712103,350.60835194672,
    105.97545725283));
#6918 = CARTESIAN_POINT('',(299.25829278307,351.54784756768,
    105.95655441693));
#6919 = CARTESIAN_POINT('',(303.53281780748,352.65799645646,
    106.22908764497));
#6920 = CARTESIAN_POINT('',(307.79563331651,353.94173950781,
    106.61308759177));
#6921 = CARTESIAN_POINT('',(312.07349323989,355.11390068597,
    107.03063226437));
#6922 = CARTESIAN_POINT('',(316.34983972698,356.16066414748,
    107.41527666711));
#6923 = CARTESIAN_POINT('',(320.62873034613,357.03180200277,
    107.76612344282));
#6924 = CARTESIAN_POINT('',(324.90645535717,357.70880141983,
    108.0686438547));
#6925 = CARTESIAN_POINT('',(329.19177427478,357.96487107969,
    108.36353685972));
#6926 = CARTESIAN_POINT('',(333.46902839726,358.28230051032,
    108.55927869344));
#6927 = CARTESIAN_POINT('',(337.74832561117,358.38548654169,
    108.74985892346));
#6928 = CARTESIAN_POINT('',(342.02697062847,358.3949979203,
    108.92712930892));
#6929 = CARTESIAN_POINT('',(346.30391351544,358.3225390996,
    109.09704039239));
#6930 = CARTESIAN_POINT('',(350.58496238288,358.34839801292,
    109.22249268526));
#6931 = CARTESIAN_POINT('',(354.8577723004,358.26467215305,
    109.3692000949));
#6932 = CARTESIAN_POINT('',(359.18388688825,357.9392192286,
    109.54488432512));
#6933 = CARTESIAN_POINT('',(363.5052046971,358.07285184829,
    109.60723217297));
#6934 = CARTESIAN_POINT('',(367.54865046447,358.48229413261,
    109.60948696607));
#6935 = CARTESIAN_POINT('',(372.05847150757,357.82505753994,
    109.7413077393));
#6936 = CARTESIAN_POINT('',(376.24564436291,358.39927380347,
    109.69555371776));
#6937 = CARTESIAN_POINT('',(380.50353796332,356.12503672718,
    109.95024490337));
#6938 = CARTESIAN_POINT('',(384.85798865987,355.25230307658,
    110.03574171997));
#6939 = CARTESIAN_POINT('',(389.02722072527,353.45368845451,
    110.19503208692));
#6940 = CARTESIAN_POINT('',(393.32393006004,351.90242099738,
    110.33612771845));
#6941 = CARTESIAN_POINT('',(396.53994441614,354.02006534451,
    110.12265892767));
#6942 = CARTESIAN_POINT('',(397.6403,351.07418786387,110.40959828849));
#6943 = DEFINITIONAL_REPRESENTATION('',(#6944),#6948);
#6944 = LINE('',#6945,#6946);
#6945 = CARTESIAN_POINT('',(26.,0.));
#6946 = VECTOR('',#6947,1.);
#6947 = DIRECTION('',(0.,1.));
#6948 = ( GEOMETRIC_REPRESENTATION_CONTEXT(2) 
PARAMETRIC_REPRESENTATION_CONTEXT() REPRESENTATION_CONTEXT('2D SPACE',''
  ) );
#6949 = ORIENTED_EDGE('',*,*,#6950,.F.);
#6950 = EDGE_CURVE('',#6487,#6741,#6951,.T.);
#6951 = SURFACE_CURVE('',#6952,(#6955,#6962),.PCURVE_S1.);
#6952 = B_SPLINE_CURVE_WITH_KNOTS('',1,(#6953,#6954),.UNSPECIFIED.,.F.,
  .F.,(2,2),(25.,26.),.PIECEWISE_BEZIER_KNOTS.);
#6953 = CARTESIAN_POINT('',(397.6403,350.3341107293,110.50572561061));
#6954 = CARTESIAN_POINT('',(397.6403,350.70414929658,110.45766194955));
#6955 = PCURVE('',#6562,#6956);
#6956 = DEFINITIONAL_REPRESENTATION('',(#6957),#6961);
#6957 = LINE('',#6958,#6959);
#6958 = CARTESIAN_POINT('',(0.,1.));
#6959 = VECTOR('',#6960,1.);
#6960 = DIRECTION('',(1.,0.));
#6961 = ( GEOMETRIC_REPRESENTATION_CONTEXT(2) 
PARAMETRIC_REPRESENTATION_CONTEXT() REPRESENTATION_CONTEXT('2D SPACE',''
  ) );
#6962 = PCURVE('',#401,#6963);
#6963 = DEFINITIONAL_REPRESENTATION('',(#6964),#6967);
#6964 = B_SPLINE_CURVE_WITH_KNOTS('',1,(#6965,#6966),.UNSPECIFIED.,.F.,
  .F.,(2,2),(25.,26.),.PIECEWISE_BEZIER_KNOTS.);
#6965 = CARTESIAN_POINT('',(-1.048838901108,0.129418482143));
#6966 = CARTESIAN_POINT('',(-1.421874866825,0.138519310223));
#6967 = ( GEOMETRIC_REPRESENTATION_CONTEXT(2) 
PARAMETRIC_REPRESENTATION_CONTEXT() REPRESENTATION_CONTEXT('2D SPACE',''
  ) );
#6968 = ORIENTED_EDGE('',*,*,#6486,.F.);
#6969 = ADVANCED_FACE('',(#6970),#6816,.T.);
#6970 = FACE_BOUND('',#6971,.T.);
#6971 = EDGE_LOOP('',(#6972,#6993,#7203,#7222));
#6972 = ORIENTED_EDGE('',*,*,#6973,.T.);
#6973 = EDGE_CURVE('',#6720,#6974,#6976,.T.);
#6974 = VERTEX_POINT('',#6975);
#6975 = CARTESIAN_POINT('',(140.9618,349.76383627274,110.49606799442));
#6976 = SURFACE_CURVE('',#6977,(#6980,#6987),.PCURVE_S1.);
#6977 = B_SPLINE_CURVE_WITH_KNOTS('',1,(#6978,#6979),.UNSPECIFIED.,.F.,
  .F.,(2,2),(26.,27.),.PIECEWISE_BEZIER_KNOTS.);
#6978 = CARTESIAN_POINT('',(140.9618,349.38058857672,110.44584872021));
#6979 = CARTESIAN_POINT('',(140.9618,349.76383627274,110.49606799442));
#6980 = PCURVE('',#6816,#6981);
#6981 = DEFINITIONAL_REPRESENTATION('',(#6982),#6986);
#6982 = LINE('',#6983,#6984);
#6983 = CARTESIAN_POINT('',(0.,0.));
#6984 = VECTOR('',#6985,1.);
#6985 = DIRECTION('',(1.,0.));
#6986 = ( GEOMETRIC_REPRESENTATION_CONTEXT(2) 
PARAMETRIC_REPRESENTATION_CONTEXT() REPRESENTATION_CONTEXT('2D SPACE',''
  ) );
#6987 = PCURVE('',#165,#6988);
#6988 = DEFINITIONAL_REPRESENTATION('',(#6989),#6992);
#6989 = B_SPLINE_CURVE_WITH_KNOTS('',1,(#6990,#6991),.UNSPECIFIED.,.F.,
  .F.,(2,2),(26.,27.),.PIECEWISE_BEZIER_KNOTS.);
#6990 = CARTESIAN_POINT('',(5.411335414518,-5.877157621654E-04));
#6991 = CARTESIAN_POINT('',(5.024811456339,-5.457360648649E-04));
#6992 = ( GEOMETRIC_REPRESENTATION_CONTEXT(2) 
PARAMETRIC_REPRESENTATION_CONTEXT() REPRESENTATION_CONTEXT('2D SPACE',''
  ) );
#6993 = ORIENTED_EDGE('',*,*,#6994,.T.);
#6994 = EDGE_CURVE('',#6974,#6995,#6997,.T.);
#6995 = VERTEX_POINT('',#6996);
#6996 = CARTESIAN_POINT('',(397.6403,351.07418786387,110.40959828849));
#6997 = SURFACE_CURVE('',#6998,(#7062,#7069),.PCURVE_S1.);
#6998 = ( BOUNDED_CURVE() B_SPLINE_CURVE(3,(#6999,#7000,#7001,#7002,
    #7003,#7004,#7005,#7006,#7007,#7008,#7009,#7010,#7011,#7012,#7013,
    #7014,#7015,#7016,#7017,#7018,#7019,#7020,#7021,#7022,#7023,#7024,
    #7025,#7026,#7027,#7028,#7029,#7030,#7031,#7032,#7033,#7034,#7035,
    #7036,#7037,#7038,#7039,#7040,#7041,#7042,#7043,#7044,#7045,#7046,
    #7047,#7048,#7049,#7050,#7051,#7052,#7053,#7054,#7055,#7056,#7057,
    #7058,#7059,#7060,#7061),.UNSPECIFIED.,.F.,.F.) 
B_SPLINE_CURVE_WITH_KNOTS((4,1,1,1,1,1,1,1,1,1,1,1,1,1,1,1,1,1,1,1,1,1,1
    ,1,1,1,1,1,1,1,1,1,1,1,1,1,1,1,1,1,1,1,1,1,1,1,1,1,1,1,1,1,1,1,1,1,1
    ,1,1,1,4),(0.,1.671834126768E-02,3.328707673398E-02,
    5.001744466419E-02,6.648650714478E-02,8.348892901119E-02,
    9.999486964001E-02,0.11646941087,0.133815549619,0.150618938677,
    0.167038735703,0.183454077407,0.199862498306,0.216272023155,
    0.232682039048,0.249094136,0.265517101832,0.28195250261,
    0.298446383618,0.315002877417,0.331625113939,0.348307612691,
    0.365035992875,0.381711213613,0.398301880653,0.414823418335,
    0.431326889702,0.448164125522,0.464772555536,0.481574851679,
    0.498833916597,0.516076325801,0.532869467448,0.550364700599,
    0.567182918644,0.58368017293,0.60020088702,0.616790522208,
    0.633466402799,0.650196996519,0.66688122827,0.683506031496,
    0.700063533111,0.716557401724,0.732992840875,0.749415744672,
    0.765827967007,0.78223726506,0.798647812608,0.815056815176,
    0.831475231221,0.84789937286,0.864694545606,0.881987572306,
    0.898456926779,0.91536479181,0.932301655256,0.949102498792,
0.966203962862,0.982810298735,1.),.UNSPECIFIED.) CURVE() 
GEOMETRIC_REPRESENTATION_ITEM() RATIONAL_B_SPLINE_CURVE((1.,
    1.000000000007,0.999999999997,1.000000000001,1.,1.,1.,1.,1.,1.,1.,1.
    ,1.,1.,1.,1.,1.,1.,1.,1.,1.,1.,1.,1.,1.,1.,1.,1.,1.,1.,1.,1.,1.,1.,
    1.,1.,1.,1.,1.,1.,1.,1.,1.,1.,1.,1.,1.,1.,1.,1.,1.,1.,1.,1.,1.,1.,1.
    ,1.,1.000000000001,0.999999999996,1.000000000014,0.999999999969,1.))
 REPRESENTATION_ITEM('') );
#6999 = CARTESIAN_POINT('',(140.9618,349.76383627274,110.49606799442));
#7000 = CARTESIAN_POINT('',(142.09540904743,347.34319020913,
    110.18661190789));
#7001 = CARTESIAN_POINT('',(145.34352279277,349.85436348795,
    110.56647744249));
#7002 = CARTESIAN_POINT('',(149.51920541273,348.44285447442,
    110.42239425363));
#7003 = CARTESIAN_POINT('',(153.74675028087,347.31864811742,
    110.358994378));
#7004 = CARTESIAN_POINT('',(158.17058310233,347.42902766884,
    110.47312755873));
#7005 = CARTESIAN_POINT('',(162.26698448152,345.57183945719,
    110.26965719662));
#7006 = CARTESIAN_POINT('',(166.61873526807,345.99203903499,
    110.35615771293));
#7007 = CARTESIAN_POINT('',(171.05025168138,345.51993731717,
    110.26055103997));
#7008 = CARTESIAN_POINT('',(175.09238100893,346.55646873923,
    110.38394456661));
#7009 = CARTESIAN_POINT('',(179.41643525083,345.97891076511,
    110.21975150727));
#7010 = CARTESIAN_POINT('',(183.74465399728,346.09626783259,
    110.16613678512));
#7011 = CARTESIAN_POINT('',(188.01748830499,345.9410757857,
    110.03651138196));
#7012 = CARTESIAN_POINT('',(192.29804434258,345.99611116858,
    109.95451873249));
#7013 = CARTESIAN_POINT('',(196.57544693057,345.93203643291,
    109.83529029173));
#7014 = CARTESIAN_POINT('',(200.85359337877,345.88023547468,
    109.70472765299));
#7015 = CARTESIAN_POINT('',(205.13313267918,345.94669298621,
    109.56184550094));
#7016 = CARTESIAN_POINT('',(209.41029445154,346.1567343268,
    109.43390822748));
#7017 = CARTESIAN_POINT('',(213.69566833045,346.31314933294,
    109.18810346178));
#7018 = CARTESIAN_POINT('',(217.97323994091,346.83919504807,
    108.9487747059));
#7019 = CARTESIAN_POINT('',(222.25201002744,347.46887651076,
    108.63764576902));
#7020 = CARTESIAN_POINT('',(226.52878947893,348.31030196119,
    108.30094344599));
#7021 = CARTESIAN_POINT('',(230.80631705996,349.24296857596,
    107.91472974734));
#7022 = CARTESIAN_POINT('',(235.06961741834,350.31275408656,
    107.58662553972));
#7023 = CARTESIAN_POINT('',(239.34364675972,351.24542582146,
    107.31540149498));
#7024 = CARTESIAN_POINT('',(243.62590118763,352.05222382452,
    107.24510465278));
#7025 = CARTESIAN_POINT('',(247.90145862716,352.44076189308,
    107.24989709215));
#7026 = CARTESIAN_POINT('',(252.24748803221,352.65846672738,
    107.70860166328));
#7027 = CARTESIAN_POINT('',(256.42226459116,352.05615986751,
    107.08246891223));
#7028 = CARTESIAN_POINT('',(260.774587196,352.81420692336,
    106.81325516018));
#7029 = CARTESIAN_POINT('',(265.08553351846,352.18965941777,
    106.08805980188));
#7030 = CARTESIAN_POINT('',(269.30435854157,351.73453352627,
    106.36922983852));
#7031 = CARTESIAN_POINT('',(273.49463672784,351.03583634315,
    105.92100784923));
#7032 = CARTESIAN_POINT('',(277.98553204283,350.96685242099,
    106.51587603205));
#7033 = CARTESIAN_POINT('',(282.02098866206,349.60525052345,
    106.49720365527));
#7034 = CARTESIAN_POINT('',(286.37785805657,349.58559479522,
    106.8268462863));
#7035 = CARTESIAN_POINT('',(290.69560185407,349.87156304819,
    106.18950253635));
#7036 = CARTESIAN_POINT('',(294.97762712103,350.60835194672,
    105.97545725283));
#7037 = CARTESIAN_POINT('',(299.25829278307,351.54784756768,
    105.95655441693));
#7038 = CARTESIAN_POINT('',(303.53281780748,352.65799645646,
    106.22908764497));
#7039 = CARTESIAN_POINT('',(307.79563331651,353.94173950781,
    106.61308759177));
#7040 = CARTESIAN_POINT('',(312.07349323989,355.11390068597,
    107.03063226437));
#7041 = CARTESIAN_POINT('',(316.34983972698,356.16066414748,
    107.41527666711));
#7042 = CARTESIAN_POINT('',(320.62873034613,357.03180200277,
    107.76612344282));
#7043 = CARTESIAN_POINT('',(324.90645535717,357.70880141983,
    108.0686438547));
#7044 = CARTESIAN_POINT('',(329.19177427478,357.96487107969,
    108.36353685972));
#7045 = CARTESIAN_POINT('',(333.46902839726,358.28230051032,
    108.55927869344));
#7046 = CARTESIAN_POINT('',(337.74832561117,358.38548654169,
    108.74985892346));
#7047 = CARTESIAN_POINT('',(342.02697062847,358.3949979203,
    108.92712930892));
#7048 = CARTESIAN_POINT('',(346.30391351544,358.3225390996,
    109.09704039239));
#7049 = CARTESIAN_POINT('',(350.58496238288,358.34839801292,
    109.22249268526));
#7050 = CARTESIAN_POINT('',(354.8577723004,358.26467215305,
    109.3692000949));
#7051 = CARTESIAN_POINT('',(359.18388688825,357.9392192286,
    109.54488432512));
#7052 = CARTESIAN_POINT('',(363.5052046971,358.07285184829,
    109.60723217297));
#7053 = CARTESIAN_POINT('',(367.54865046447,358.48229413261,
    109.60948696607));
#7054 = CARTESIAN_POINT('',(372.05847150757,357.82505753994,
    109.7413077393));
#7055 = CARTESIAN_POINT('',(376.24564436291,358.39927380347,
    109.69555371776));
#7056 = CARTESIAN_POINT('',(380.50353796332,356.12503672718,
    109.95024490337));
#7057 = CARTESIAN_POINT('',(384.85798865987,355.25230307658,
    110.03574171997));
#7058 = CARTESIAN_POINT('',(389.02722072527,353.45368845451,
    110.19503208692));
#7059 = CARTESIAN_POINT('',(393.32393006004,351.90242099738,
    110.33612771845));
#7060 = CARTESIAN_POINT('',(396.53994441614,354.02006534451,
    110.12265892767));
#7061 = CARTESIAN_POINT('',(397.6403,351.07418786387,110.40959828849));
#7062 = PCURVE('',#6816,#7063);
#7063 = DEFINITIONAL_REPRESENTATION('',(#7064),#7068);
#7064 = LINE('',#7065,#7066);
#7065 = CARTESIAN_POINT('',(27.,0.));
#7066 = VECTOR('',#7067,1.);
#7067 = DIRECTION('',(0.,1.));
#7068 = ( GEOMETRIC_REPRESENTATION_CONTEXT(2) 
PARAMETRIC_REPRESENTATION_CONTEXT() REPRESENTATION_CONTEXT('2D SPACE',''
  ) );
#7069 = PCURVE('',#7070,#7197);
#7070 = ( BOUNDED_SURFACE() B_SPLINE_SURFACE(1,3,(
    (#7071,#7072,#7073,#7074,#7075,#7076,#7077,#7078,#7079,#7080,#7081
      ,#7082,#7083,#7084,#7085,#7086,#7087,#7088,#7089,#7090,#7091,#7092
      ,#7093,#7094,#7095,#7096,#7097,#7098,#7099,#7100,#7101,#7102,#7103
      ,#7104,#7105,#7106,#7107,#7108,#7109,#7110,#7111,#7112,#7113,#7114
      ,#7115,#7116,#7117,#7118,#7119,#7120,#7121,#7122,#7123,#7124,#7125
      ,#7126,#7127,#7128,#7129,#7130,#7131,#7132,#7133)
    ,(#7134,#7135,#7136,#7137,#7138,#7139,#7140,#7141,#7142,#7143,#7144
      ,#7145,#7146,#7147,#7148,#7149,#7150,#7151,#7152,#7153,#7154,#7155
      ,#7156,#7157,#7158,#7159,#7160,#7161,#7162,#7163,#7164,#7165,#7166
      ,#7167,#7168,#7169,#7170,#7171,#7172,#7173,#7174,#7175,#7176,#7177
      ,#7178,#7179,#7180,#7181,#7182,#7183,#7184,#7185,#7186,#7187,#7188
      ,#7189,#7190,#7191,#7192,#7193,#7194,#7195,#7196
)),.UNSPECIFIED.,.F.,.F.,.F.) B_SPLINE_SURFACE_WITH_KNOTS((2,2),(4,1,1,1
    ,1,1,1,1,1,1,1,1,1,1,1,1,1,1,1,1,1,1,1,1,1,1,1,1,1,1,1,1,1,1,1,1,1,1
    ,1,1,1,1,1,1,1,1,1,1,1,1,1,1,1,1,1,1,1,1,1,1,4),(27.,28.),(0.,
    1.671834126768E-02,3.328707673398E-02,5.001744466419E-02,
    6.648650714478E-02,8.348892901119E-02,9.999486964001E-02,
    0.11646941087,0.133815549619,0.150618938677,0.167038735703,
    0.183454077407,0.199862498306,0.216272023155,0.232682039048,
    0.249094136,0.265517101832,0.28195250261,0.298446383618,
    0.315002877417,0.331625113939,0.348307612691,0.365035992875,
    0.381711213613,0.398301880653,0.414823418335,0.431326889702,
    0.448164125522,0.464772555536,0.481574851679,0.498833916597,
    0.516076325801,0.532869467448,0.550364700599,0.567182918644,
    0.58368017293,0.60020088702,0.616790522208,0.633466402799,
    0.650196996519,0.66688122827,0.683506031496,0.700063533111,
    0.716557401724,0.732992840875,0.749415744672,0.765827967007,
    0.78223726506,0.798647812608,0.815056815176,0.831475231221,
    0.84789937286,0.864694545606,0.881987572306,0.898456926779,
    0.91536479181,0.932301655256,0.949102498792,0.966203962862,
0.982810298735,1.),.UNSPECIFIED.) GEOMETRIC_REPRESENTATION_ITEM() 
RATIONAL_B_SPLINE_SURFACE((
    (1.,1.000000000007,0.999999999997,1.000000000001,1.,1.,1.,1.,1.,1.
      ,1.,1.,1.,1.,1.,1.,1.,1.,1.,1.,1.,1.,1.,1.,1.,1.,1.,1.,1.,1.,1.,1.
      ,1.,1.,1.,1.,1.,1.,1.,1.,1.,1.,1.,1.,1.,1.,1.,1.,1.,1.,1.,1.,1.,1.
      ,1.,1.,1.,1.,1.000000000001,0.999999999996,1.000000000014
      ,0.999999999969,1.)
    ,(1.,1.000000000007,0.999999999997,1.000000000001,1.,1.,1.,1.,1.,1.
      ,1.,1.,1.,1.,1.,1.,1.,1.,1.,1.,1.,1.,1.,1.,1.,1.,1.,1.,1.,1.,1.,1.
      ,1.,1.,1.,1.,1.,1.,1.,1.,1.,1.,1.,1.,1.,1.,1.,1.,1.,1.,1.,1.,1.,1.
      ,1.,1.,1.,1.,1.000000000001,0.999999999996,1.000000000014
,0.999999999969,1.))) REPRESENTATION_ITEM('') SURFACE() );
#7071 = CARTESIAN_POINT('',(140.9618,349.76383627274,110.49606799442));
#7072 = CARTESIAN_POINT('',(142.09540904743,347.34319020913,
    110.18661190789));
#7073 = CARTESIAN_POINT('',(145.34352279277,349.85436348795,
    110.56647744249));
#7074 = CARTESIAN_POINT('',(149.51920541273,348.44285447442,
    110.42239425363));
#7075 = CARTESIAN_POINT('',(153.74675028087,347.31864811742,
    110.358994378));
#7076 = CARTESIAN_POINT('',(158.17058310233,347.42902766884,
    110.47312755873));
#7077 = CARTESIAN_POINT('',(162.26698448152,345.57183945719,
    110.26965719662));
#7078 = CARTESIAN_POINT('',(166.61873526807,345.99203903499,
    110.35615771293));
#7079 = CARTESIAN_POINT('',(171.05025168138,345.51993731717,
    110.26055103997));
#7080 = CARTESIAN_POINT('',(175.09238100893,346.55646873923,
    110.38394456661));
#7081 = CARTESIAN_POINT('',(179.41643525083,345.97891076511,
    110.21975150727));
#7082 = CARTESIAN_POINT('',(183.74465399728,346.09626783259,
    110.16613678512));
#7083 = CARTESIAN_POINT('',(188.01748830499,345.9410757857,
    110.03651138196));
#7084 = CARTESIAN_POINT('',(192.29804434258,345.99611116858,
    109.95451873249));
#7085 = CARTESIAN_POINT('',(196.57544693057,345.93203643291,
    109.83529029173));
#7086 = CARTESIAN_POINT('',(200.85359337877,345.88023547468,
    109.70472765299));
#7087 = CARTESIAN_POINT('',(205.13313267918,345.94669298621,
    109.56184550094));
#7088 = CARTESIAN_POINT('',(209.41029445154,346.1567343268,
    109.43390822748));
#7089 = CARTESIAN_POINT('',(213.69566833045,346.31314933294,
    109.18810346178));
#7090 = CARTESIAN_POINT('',(217.97323994091,346.83919504807,
    108.9487747059));
#7091 = CARTESIAN_POINT('',(222.25201002744,347.46887651076,
    108.63764576902));
#7092 = CARTESIAN_POINT('',(226.52878947893,348.31030196119,
    108.30094344599));
#7093 = CARTESIAN_POINT('',(230.80631705996,349.24296857596,
    107.91472974734));
#7094 = CARTESIAN_POINT('',(235.06961741834,350.31275408656,
    107.58662553972));
#7095 = CARTESIAN_POINT('',(239.34364675972,351.24542582146,
    107.31540149498));
#7096 = CARTESIAN_POINT('',(243.62590118763,352.05222382452,
    107.24510465278));
#7097 = CARTESIAN_POINT('',(247.90145862716,352.44076189308,
    107.24989709215));
#7098 = CARTESIAN_POINT('',(252.24748803221,352.65846672738,
    107.70860166328));
#7099 = CARTESIAN_POINT('',(256.42226459116,352.05615986751,
    107.08246891223));
#7100 = CARTESIAN_POINT('',(260.774587196,352.81420692336,
    106.81325516018));
#7101 = CARTESIAN_POINT('',(265.08553351846,352.18965941777,
    106.08805980188));
#7102 = CARTESIAN_POINT('',(269.30435854157,351.73453352627,
    106.36922983852));
#7103 = CARTESIAN_POINT('',(273.49463672784,351.03583634315,
    105.92100784923));
#7104 = CARTESIAN_POINT('',(277.98553204283,350.96685242099,
    106.51587603205));
#7105 = CARTESIAN_POINT('',(282.02098866206,349.60525052345,
    106.49720365527));
#7106 = CARTESIAN_POINT('',(286.37785805657,349.58559479522,
    106.8268462863));
#7107 = CARTESIAN_POINT('',(290.69560185407,349.87156304819,
    106.18950253635));
#7108 = CARTESIAN_POINT('',(294.97762712103,350.60835194672,
    105.97545725283));
#7109 = CARTESIAN_POINT('',(299.25829278307,351.54784756768,
    105.95655441693));
#7110 = CARTESIAN_POINT('',(303.53281780748,352.65799645646,
    106.22908764497));
#7111 = CARTESIAN_POINT('',(307.79563331651,353.94173950781,
    106.61308759177));
#7112 = CARTESIAN_POINT('',(312.07349323989,355.11390068597,
    107.03063226437));
#7113 = CARTESIAN_POINT('',(316.34983972698,356.16066414748,
    107.41527666711));
#7114 = CARTESIAN_POINT('',(320.62873034613,357.03180200277,
    107.76612344282));
#7115 = CARTESIAN_POINT('',(324.90645535717,357.70880141983,
    108.0686438547));
#7116 = CARTESIAN_POINT('',(329.19177427478,357.96487107969,
    108.36353685972));
#7117 = CARTESIAN_POINT('',(333.46902839726,358.28230051032,
    108.55927869344));
#7118 = CARTESIAN_POINT('',(337.74832561117,358.38548654169,
    108.74985892346));
#7119 = CARTESIAN_POINT('',(342.02697062847,358.3949979203,
    108.92712930892));
#7120 = CARTESIAN_POINT('',(346.30391351544,358.3225390996,
    109.09704039239));
#7121 = CARTESIAN_POINT('',(350.58496238288,358.34839801292,
    109.22249268526));
#7122 = CARTESIAN_POINT('',(354.8577723004,358.26467215305,
    109.3692000949));
#7123 = CARTESIAN_POINT('',(359.18388688825,357.9392192286,
    109.54488432512));
#7124 = CARTESIAN_POINT('',(363.5052046971,358.07285184829,
    109.60723217297));
#7125 = CARTESIAN_POINT('',(367.54865046447,358.48229413261,
    109.60948696607));
#7126 = CARTESIAN_POINT('',(372.05847150757,357.82505753994,
    109.7413077393));
#7127 = CARTESIAN_POINT('',(376.24564436291,358.39927380347,
    109.69555371776));
#7128 = CARTESIAN_POINT('',(380.50353796332,356.12503672718,
    109.95024490337));
#7129 = CARTESIAN_POINT('',(384.85798865987,355.25230307658,
    110.03574171997));
#7130 = CARTESIAN_POINT('',(389.02722072527,353.45368845451,
    110.19503208692));
#7131 = CARTESIAN_POINT('',(393.32393006004,351.90242099738,
    110.33612771845));
#7132 = CARTESIAN_POINT('',(396.53994441614,354.02006534451,
    110.12265892767));
#7133 = CARTESIAN_POINT('',(397.6403,351.07418786387,110.40959828849));
#7134 = CARTESIAN_POINT('',(140.9618,350.14708396877,110.54628726863));
#7135 = CARTESIAN_POINT('',(142.09540904743,347.9294464585,
    110.25155072144));
#7136 = CARTESIAN_POINT('',(145.34352279277,350.29872955313,
    110.62921054388));
#7137 = CARTESIAN_POINT('',(149.51920541273,349.07438315367,
    110.51103971296));
#7138 = CARTESIAN_POINT('',(153.74675028087,347.99373390729,
    110.4520030763));
#7139 = CARTESIAN_POINT('',(158.17058310233,348.05777374441,
    110.56725969784));
#7140 = CARTESIAN_POINT('',(162.26698448152,346.44060134193,
    110.40049142224));
#7141 = CARTESIAN_POINT('',(166.61873526807,346.90447287176,
    110.50729242388));
#7142 = CARTESIAN_POINT('',(171.05025168138,346.46943298681,
    110.41922606342));
#7143 = CARTESIAN_POINT('',(175.09238100893,347.69830480069,
    110.58948951593));
#7144 = CARTESIAN_POINT('',(179.41643525083,347.30275115597,
    110.45877583457));
#7145 = CARTESIAN_POINT('',(183.74465399728,347.40857518786,
    110.420216638));
#7146 = CARTESIAN_POINT('',(188.01748830499,347.28988489741,
    110.30576456561));
#7147 = CARTESIAN_POINT('',(192.29804434258,347.34637505327,
    110.23894355261));
#7148 = CARTESIAN_POINT('',(196.57544693057,347.29451668639,
    110.13464200197));
#7149 = CARTESIAN_POINT('',(200.85359337877,347.24854146386,
    110.01849541414));
#7150 = CARTESIAN_POINT('',(205.13313267918,347.30552209515,
    109.89275205533));
#7151 = CARTESIAN_POINT('',(209.41029445154,347.49171470497,
    109.77715579882));
#7152 = CARTESIAN_POINT('',(213.69566833045,347.61705281395,
    109.56302128938));
#7153 = CARTESIAN_POINT('',(217.97323994091,348.08827757519,
    109.33567604633));
#7154 = CARTESIAN_POINT('',(222.25201002744,348.64544073985,
    109.05750882393));
#7155 = CARTESIAN_POINT('',(226.52878947893,349.40746604617,
    108.73728344888));
#7156 = CARTESIAN_POINT('',(230.80631705996,350.25048852742,
    108.37847810238));
#7157 = CARTESIAN_POINT('',(235.06961741834,351.23102023538,
    108.05615994089));
#7158 = CARTESIAN_POINT('',(239.34364675972,352.07647610086,
    107.78847610403));
#7159 = CARTESIAN_POINT('',(243.62590118763,352.81013610257,
    107.68572538593));
#7160 = CARTESIAN_POINT('',(247.90145862716,353.13291575587,
    107.64885006272));
#7161 = CARTESIAN_POINT('',(252.24748803221,353.27771979228,
    108.05432165761));
#7162 = CARTESIAN_POINT('',(256.42226459116,352.706048106,
    107.32037323166));
#7163 = CARTESIAN_POINT('',(260.774587196,353.44339543798,
    106.96512901339));
#7164 = CARTESIAN_POINT('',(265.08553351846,352.8648391637,
    106.17998889784));
#7165 = CARTESIAN_POINT('',(269.30435854157,352.38848479944,
    106.38855462381));
#7166 = CARTESIAN_POINT('',(273.49463672784,351.72546875127,
    105.87020958897));
#7167 = CARTESIAN_POINT('',(277.98553204283,351.62004196068,
    106.44071090622));
#7168 = CARTESIAN_POINT('',(282.02098866206,350.29298501642,
    106.36810913006));
#7169 = CARTESIAN_POINT('',(286.37785805657,350.25577259677,
    106.61176058539));
#7170 = CARTESIAN_POINT('',(290.69560185407,350.61483358239,
    105.90750037514));
#7171 = CARTESIAN_POINT('',(294.97762712103,351.41181425834,
    105.63026383139));
#7172 = CARTESIAN_POINT('',(299.25829278307,352.41867373378,
    105.56216424408));
#7173 = CARTESIAN_POINT('',(303.53281780748,353.60283620396,
    105.8125849089));
#7174 = CARTESIAN_POINT('',(307.79563331651,354.9694898708,
    106.19663297321));
#7175 = CARTESIAN_POINT('',(312.07349323989,356.22309759736,
    106.62093980042));
#7176 = CARTESIAN_POINT('',(316.34983972698,357.34508871668,
    107.0106411516));
#7177 = CARTESIAN_POINT('',(320.62873034613,358.28164570713,
    107.36939765663));
#7178 = CARTESIAN_POINT('',(324.90645535717,359.01256088109,
    107.67904616192));
#7179 = CARTESIAN_POINT('',(329.19177427478,359.29703644643,
    107.99035010481));
#7180 = CARTESIAN_POINT('',(333.46902839726,359.63994341861,
    108.20244982942));
#7181 = CARTESIAN_POINT('',(337.74832561117,359.75118340789,
    108.40875348011));
#7182 = CARTESIAN_POINT('',(342.02697062847,359.76167741293,
    108.60728499656));
#7183 = CARTESIAN_POINT('',(346.30391351544,359.67119780791,
    108.79533905645));
#7184 = CARTESIAN_POINT('',(350.58496238288,359.69303731912,
    108.92755927106));
#7185 = CARTESIAN_POINT('',(354.8577723004,359.57492840607,
    109.09493724461));
#7186 = CARTESIAN_POINT('',(359.18388688825,359.23346811193,
    109.291987046));
#7187 = CARTESIAN_POINT('',(363.5052046971,359.26505714447,
    109.37765671751));
#7188 = CARTESIAN_POINT('',(367.54865046447,359.4762841597,
    109.42331654914));
#7189 = CARTESIAN_POINT('',(372.05847150757,358.81260719777,
    109.57265915715));
#7190 = CARTESIAN_POINT('',(376.24564436291,359.23090523504,
    109.55528167365));
#7191 = CARTESIAN_POINT('',(380.50353796332,356.77346201277,
    109.84442373236));
#7192 = CARTESIAN_POINT('',(384.85798865987,355.86295107517,
    109.94451328538));
#7193 = CARTESIAN_POINT('',(389.02722072527,354.00472955156,
    110.11481040262));
#7194 = CARTESIAN_POINT('',(393.32393006004,352.29328977812,
    110.27910230129));
#7195 = CARTESIAN_POINT('',(396.53994441614,354.41170947507,
    110.07426549335));
#7196 = CARTESIAN_POINT('',(397.6403,351.44422643115,110.36153462743));
#7197 = DEFINITIONAL_REPRESENTATION('',(#7198),#7202);
#7198 = LINE('',#7199,#7200);
#7199 = CARTESIAN_POINT('',(27.,0.));
#7200 = VECTOR('',#7201,1.);
#7201 = DIRECTION('',(0.,1.));
#7202 = ( GEOMETRIC_REPRESENTATION_CONTEXT(2) 
PARAMETRIC_REPRESENTATION_CONTEXT() REPRESENTATION_CONTEXT('2D SPACE',''
  ) );
#7203 = ORIENTED_EDGE('',*,*,#7204,.F.);
#7204 = EDGE_CURVE('',#6741,#6995,#7205,.T.);
#7205 = SURFACE_CURVE('',#7206,(#7209,#7216),.PCURVE_S1.);
#7206 = B_SPLINE_CURVE_WITH_KNOTS('',1,(#7207,#7208),.UNSPECIFIED.,.F.,
  .F.,(2,2),(26.,27.),.PIECEWISE_BEZIER_KNOTS.);
#7207 = CARTESIAN_POINT('',(397.6403,350.70414929658,110.45766194955));
#7208 = CARTESIAN_POINT('',(397.6403,351.07418786387,110.40959828849));
#7209 = PCURVE('',#6816,#7210);
#7210 = DEFINITIONAL_REPRESENTATION('',(#7211),#7215);
#7211 = LINE('',#7212,#7213);
#7212 = CARTESIAN_POINT('',(0.,1.));
#7213 = VECTOR('',#7214,1.);
#7214 = DIRECTION('',(1.,0.));
#7215 = ( GEOMETRIC_REPRESENTATION_CONTEXT(2) 
PARAMETRIC_REPRESENTATION_CONTEXT() REPRESENTATION_CONTEXT('2D SPACE',''
  ) );
#7216 = PCURVE('',#401,#7217);
#7217 = DEFINITIONAL_REPRESENTATION('',(#7218),#7221);
#7218 = B_SPLINE_CURVE_WITH_KNOTS('',1,(#7219,#7220),.UNSPECIFIED.,.F.,
  .F.,(2,2),(26.,27.),.PIECEWISE_BEZIER_KNOTS.);
#7219 = CARTESIAN_POINT('',(-1.421874866825,0.138519310223));
#7220 = CARTESIAN_POINT('',(-1.794910832543,0.147620138303));
#7221 = ( GEOMETRIC_REPRESENTATION_CONTEXT(2) 
PARAMETRIC_REPRESENTATION_CONTEXT() REPRESENTATION_CONTEXT('2D SPACE',''
  ) );
#7222 = ORIENTED_EDGE('',*,*,#6740,.F.);
#7223 = ADVANCED_FACE('',(#7224),#7070,.T.);
#7224 = FACE_BOUND('',#7225,.T.);
#7225 = EDGE_LOOP('',(#7226,#7247,#7457,#7476));
#7226 = ORIENTED_EDGE('',*,*,#7227,.T.);
#7227 = EDGE_CURVE('',#6974,#7228,#7230,.T.);
#7228 = VERTEX_POINT('',#7229);
#7229 = CARTESIAN_POINT('',(140.9618,350.14708396877,110.54628726863));
#7230 = SURFACE_CURVE('',#7231,(#7234,#7241),.PCURVE_S1.);
#7231 = B_SPLINE_CURVE_WITH_KNOTS('',1,(#7232,#7233),.UNSPECIFIED.,.F.,
  .F.,(2,2),(27.,28.),.PIECEWISE_BEZIER_KNOTS.);
#7232 = CARTESIAN_POINT('',(140.9618,349.76383627274,110.49606799442));
#7233 = CARTESIAN_POINT('',(140.9618,350.14708396877,110.54628726863));
#7234 = PCURVE('',#7070,#7235);
#7235 = DEFINITIONAL_REPRESENTATION('',(#7236),#7240);
#7236 = LINE('',#7237,#7238);
#7237 = CARTESIAN_POINT('',(0.,0.));
#7238 = VECTOR('',#7239,1.);
#7239 = DIRECTION('',(1.,0.));
#7240 = ( GEOMETRIC_REPRESENTATION_CONTEXT(2) 
PARAMETRIC_REPRESENTATION_CONTEXT() REPRESENTATION_CONTEXT('2D SPACE',''
  ) );
#7241 = PCURVE('',#165,#7242);
#7242 = DEFINITIONAL_REPRESENTATION('',(#7243),#7246);
#7243 = B_SPLINE_CURVE_WITH_KNOTS('',1,(#7244,#7245),.UNSPECIFIED.,.F.,
  .F.,(2,2),(27.,28.),.PIECEWISE_BEZIER_KNOTS.);
#7244 = CARTESIAN_POINT('',(5.024811456339,-5.457360648649E-04));
#7245 = CARTESIAN_POINT('',(4.638287498159,-5.037563675643E-04));
#7246 = ( GEOMETRIC_REPRESENTATION_CONTEXT(2) 
PARAMETRIC_REPRESENTATION_CONTEXT() REPRESENTATION_CONTEXT('2D SPACE',''
  ) );
#7247 = ORIENTED_EDGE('',*,*,#7248,.T.);
#7248 = EDGE_CURVE('',#7228,#7249,#7251,.T.);
#7249 = VERTEX_POINT('',#7250);
#7250 = CARTESIAN_POINT('',(397.6403,351.44422643115,110.36153462743));
#7251 = SURFACE_CURVE('',#7252,(#7316,#7323),.PCURVE_S1.);
#7252 = ( BOUNDED_CURVE() B_SPLINE_CURVE(3,(#7253,#7254,#7255,#7256,
    #7257,#7258,#7259,#7260,#7261,#7262,#7263,#7264,#7265,#7266,#7267,
    #7268,#7269,#7270,#7271,#7272,#7273,#7274,#7275,#7276,#7277,#7278,
    #7279,#7280,#7281,#7282,#7283,#7284,#7285,#7286,#7287,#7288,#7289,
    #7290,#7291,#7292,#7293,#7294,#7295,#7296,#7297,#7298,#7299,#7300,
    #7301,#7302,#7303,#7304,#7305,#7306,#7307,#7308,#7309,#7310,#7311,
    #7312,#7313,#7314,#7315),.UNSPECIFIED.,.F.,.F.) 
B_SPLINE_CURVE_WITH_KNOTS((4,1,1,1,1,1,1,1,1,1,1,1,1,1,1,1,1,1,1,1,1,1,1
    ,1,1,1,1,1,1,1,1,1,1,1,1,1,1,1,1,1,1,1,1,1,1,1,1,1,1,1,1,1,1,1,1,1,1
    ,1,1,1,4),(0.,1.671834126768E-02,3.328707673398E-02,
    5.001744466419E-02,6.648650714478E-02,8.348892901119E-02,
    9.999486964001E-02,0.11646941087,0.133815549619,0.150618938677,
    0.167038735703,0.183454077407,0.199862498306,0.216272023155,
    0.232682039048,0.249094136,0.265517101832,0.28195250261,
    0.298446383618,0.315002877417,0.331625113939,0.348307612691,
    0.365035992875,0.381711213613,0.398301880653,0.414823418335,
    0.431326889702,0.448164125522,0.464772555536,0.481574851679,
    0.498833916597,0.516076325801,0.532869467448,0.550364700599,
    0.567182918644,0.58368017293,0.60020088702,0.616790522208,
    0.633466402799,0.650196996519,0.66688122827,0.683506031496,
    0.700063533111,0.716557401724,0.732992840875,0.749415744672,
    0.765827967007,0.78223726506,0.798647812608,0.815056815176,
    0.831475231221,0.84789937286,0.864694545606,0.881987572306,
    0.898456926779,0.91536479181,0.932301655256,0.949102498792,
0.966203962862,0.982810298735,1.),.UNSPECIFIED.) CURVE() 
GEOMETRIC_REPRESENTATION_ITEM() RATIONAL_B_SPLINE_CURVE((1.,
    1.000000000007,0.999999999997,1.000000000001,1.,1.,1.,1.,1.,1.,1.,1.
    ,1.,1.,1.,1.,1.,1.,1.,1.,1.,1.,1.,1.,1.,1.,1.,1.,1.,1.,1.,1.,1.,1.,
    1.,1.,1.,1.,1.,1.,1.,1.,1.,1.,1.,1.,1.,1.,1.,1.,1.,1.,1.,1.,1.,1.,1.
    ,1.,1.000000000001,0.999999999996,1.000000000014,0.999999999969,1.))
 REPRESENTATION_ITEM('') );
#7253 = CARTESIAN_POINT('',(140.9618,350.14708396877,110.54628726863));
#7254 = CARTESIAN_POINT('',(142.09540904743,347.9294464585,
    110.25155072144));
#7255 = CARTESIAN_POINT('',(145.34352279277,350.29872955313,
    110.62921054388));
#7256 = CARTESIAN_POINT('',(149.51920541273,349.07438315367,
    110.51103971296));
#7257 = CARTESIAN_POINT('',(153.74675028087,347.99373390729,
    110.4520030763));
#7258 = CARTESIAN_POINT('',(158.17058310233,348.05777374441,
    110.56725969784));
#7259 = CARTESIAN_POINT('',(162.26698448152,346.44060134193,
    110.40049142224));
#7260 = CARTESIAN_POINT('',(166.61873526807,346.90447287176,
    110.50729242388));
#7261 = CARTESIAN_POINT('',(171.05025168138,346.46943298681,
    110.41922606342));
#7262 = CARTESIAN_POINT('',(175.09238100893,347.69830480069,
    110.58948951593));
#7263 = CARTESIAN_POINT('',(179.41643525083,347.30275115597,
    110.45877583457));
#7264 = CARTESIAN_POINT('',(183.74465399728,347.40857518786,
    110.420216638));
#7265 = CARTESIAN_POINT('',(188.01748830499,347.28988489741,
    110.30576456561));
#7266 = CARTESIAN_POINT('',(192.29804434258,347.34637505327,
    110.23894355261));
#7267 = CARTESIAN_POINT('',(196.57544693057,347.29451668639,
    110.13464200197));
#7268 = CARTESIAN_POINT('',(200.85359337877,347.24854146386,
    110.01849541414));
#7269 = CARTESIAN_POINT('',(205.13313267918,347.30552209515,
    109.89275205533));
#7270 = CARTESIAN_POINT('',(209.41029445154,347.49171470497,
    109.77715579882));
#7271 = CARTESIAN_POINT('',(213.69566833045,347.61705281395,
    109.56302128938));
#7272 = CARTESIAN_POINT('',(217.97323994091,348.08827757519,
    109.33567604633));
#7273 = CARTESIAN_POINT('',(222.25201002744,348.64544073985,
    109.05750882393));
#7274 = CARTESIAN_POINT('',(226.52878947893,349.40746604617,
    108.73728344888));
#7275 = CARTESIAN_POINT('',(230.80631705996,350.25048852742,
    108.37847810238));
#7276 = CARTESIAN_POINT('',(235.06961741834,351.23102023538,
    108.05615994089));
#7277 = CARTESIAN_POINT('',(239.34364675972,352.07647610086,
    107.78847610403));
#7278 = CARTESIAN_POINT('',(243.62590118763,352.81013610257,
    107.68572538593));
#7279 = CARTESIAN_POINT('',(247.90145862716,353.13291575587,
    107.64885006272));
#7280 = CARTESIAN_POINT('',(252.24748803221,353.27771979228,
    108.05432165761));
#7281 = CARTESIAN_POINT('',(256.42226459116,352.706048106,
    107.32037323166));
#7282 = CARTESIAN_POINT('',(260.774587196,353.44339543798,
    106.96512901339));
#7283 = CARTESIAN_POINT('',(265.08553351846,352.8648391637,
    106.17998889784));
#7284 = CARTESIAN_POINT('',(269.30435854157,352.38848479944,
    106.38855462381));
#7285 = CARTESIAN_POINT('',(273.49463672784,351.72546875127,
    105.87020958897));
#7286 = CARTESIAN_POINT('',(277.98553204283,351.62004196068,
    106.44071090622));
#7287 = CARTESIAN_POINT('',(282.02098866206,350.29298501642,
    106.36810913006));
#7288 = CARTESIAN_POINT('',(286.37785805657,350.25577259677,
    106.61176058539));
#7289 = CARTESIAN_POINT('',(290.69560185407,350.61483358239,
    105.90750037514));
#7290 = CARTESIAN_POINT('',(294.97762712103,351.41181425834,
    105.63026383139));
#7291 = CARTESIAN_POINT('',(299.25829278307,352.41867373378,
    105.56216424408));
#7292 = CARTESIAN_POINT('',(303.53281780748,353.60283620396,
    105.8125849089));
#7293 = CARTESIAN_POINT('',(307.79563331651,354.9694898708,
    106.19663297321));
#7294 = CARTESIAN_POINT('',(312.07349323989,356.22309759736,
    106.62093980042));
#7295 = CARTESIAN_POINT('',(316.34983972698,357.34508871668,
    107.0106411516));
#7296 = CARTESIAN_POINT('',(320.62873034613,358.28164570713,
    107.36939765663));
#7297 = CARTESIAN_POINT('',(324.90645535717,359.01256088109,
    107.67904616192));
#7298 = CARTESIAN_POINT('',(329.19177427478,359.29703644643,
    107.99035010481));
#7299 = CARTESIAN_POINT('',(333.46902839726,359.63994341861,
    108.20244982942));
#7300 = CARTESIAN_POINT('',(337.74832561117,359.75118340789,
    108.40875348011));
#7301 = CARTESIAN_POINT('',(342.02697062847,359.76167741293,
    108.60728499656));
#7302 = CARTESIAN_POINT('',(346.30391351544,359.67119780791,
    108.79533905645));
#7303 = CARTESIAN_POINT('',(350.58496238288,359.69303731912,
    108.92755927106));
#7304 = CARTESIAN_POINT('',(354.8577723004,359.57492840607,
    109.09493724461));
#7305 = CARTESIAN_POINT('',(359.18388688825,359.23346811193,
    109.291987046));
#7306 = CARTESIAN_POINT('',(363.5052046971,359.26505714447,
    109.37765671751));
#7307 = CARTESIAN_POINT('',(367.54865046447,359.4762841597,
    109.42331654914));
#7308 = CARTESIAN_POINT('',(372.05847150757,358.81260719777,
    109.57265915715));
#7309 = CARTESIAN_POINT('',(376.24564436291,359.23090523504,
    109.55528167365));
#7310 = CARTESIAN_POINT('',(380.50353796332,356.77346201277,
    109.84442373236));
#7311 = CARTESIAN_POINT('',(384.85798865987,355.86295107517,
    109.94451328538));
#7312 = CARTESIAN_POINT('',(389.02722072527,354.00472955156,
    110.11481040262));
#7313 = CARTESIAN_POINT('',(393.32393006004,352.29328977812,
    110.27910230129));
#7314 = CARTESIAN_POINT('',(396.53994441614,354.41170947507,
    110.07426549335));
#7315 = CARTESIAN_POINT('',(397.6403,351.44422643115,110.36153462743));
#7316 = PCURVE('',#7070,#7317);
#7317 = DEFINITIONAL_REPRESENTATION('',(#7318),#7322);
#7318 = LINE('',#7319,#7320);
#7319 = CARTESIAN_POINT('',(28.,0.));
#7320 = VECTOR('',#7321,1.);
#7321 = DIRECTION('',(0.,1.));
#7322 = ( GEOMETRIC_REPRESENTATION_CONTEXT(2) 
PARAMETRIC_REPRESENTATION_CONTEXT() REPRESENTATION_CONTEXT('2D SPACE',''
  ) );
#7323 = PCURVE('',#7324,#7451);
#7324 = ( BOUNDED_SURFACE() B_SPLINE_SURFACE(1,3,(
    (#7325,#7326,#7327,#7328,#7329,#7330,#7331,#7332,#7333,#7334,#7335
      ,#7336,#7337,#7338,#7339,#7340,#7341,#7342,#7343,#7344,#7345,#7346
      ,#7347,#7348,#7349,#7350,#7351,#7352,#7353,#7354,#7355,#7356,#7357
      ,#7358,#7359,#7360,#7361,#7362,#7363,#7364,#7365,#7366,#7367,#7368
      ,#7369,#7370,#7371,#7372,#7373,#7374,#7375,#7376,#7377,#7378,#7379
      ,#7380,#7381,#7382,#7383,#7384,#7385,#7386,#7387)
    ,(#7388,#7389,#7390,#7391,#7392,#7393,#7394,#7395,#7396,#7397,#7398
      ,#7399,#7400,#7401,#7402,#7403,#7404,#7405,#7406,#7407,#7408,#7409
      ,#7410,#7411,#7412,#7413,#7414,#7415,#7416,#7417,#7418,#7419,#7420
      ,#7421,#7422,#7423,#7424,#7425,#7426,#7427,#7428,#7429,#7430,#7431
      ,#7432,#7433,#7434,#7435,#7436,#7437,#7438,#7439,#7440,#7441,#7442
      ,#7443,#7444,#7445,#7446,#7447,#7448,#7449,#7450
)),.UNSPECIFIED.,.F.,.F.,.F.) B_SPLINE_SURFACE_WITH_KNOTS((2,2),(4,1,1,1
    ,1,1,1,1,1,1,1,1,1,1,1,1,1,1,1,1,1,1,1,1,1,1,1,1,1,1,1,1,1,1,1,1,1,1
    ,1,1,1,1,1,1,1,1,1,1,1,1,1,1,1,1,1,1,1,1,1,1,4),(28.,29.),(0.,
    1.671834126768E-02,3.328707673398E-02,5.001744466419E-02,
    6.648650714478E-02,8.348892901119E-02,9.999486964001E-02,
    0.11646941087,0.133815549619,0.150618938677,0.167038735703,
    0.183454077407,0.199862498306,0.216272023155,0.232682039048,
    0.249094136,0.265517101832,0.28195250261,0.298446383618,
    0.315002877417,0.331625113939,0.348307612691,0.365035992875,
    0.381711213613,0.398301880653,0.414823418335,0.431326889702,
    0.448164125522,0.464772555536,0.481574851679,0.498833916597,
    0.516076325801,0.532869467448,0.550364700599,0.567182918644,
    0.58368017293,0.60020088702,0.616790522208,0.633466402799,
    0.650196996519,0.66688122827,0.683506031496,0.700063533111,
    0.716557401724,0.732992840875,0.749415744672,0.765827967007,
    0.78223726506,0.798647812608,0.815056815176,0.831475231221,
    0.84789937286,0.864694545606,0.881987572306,0.898456926779,
    0.91536479181,0.932301655256,0.949102498792,0.966203962862,
0.982810298735,1.),.UNSPECIFIED.) GEOMETRIC_REPRESENTATION_ITEM() 
RATIONAL_B_SPLINE_SURFACE((
    (1.,1.000000000007,0.999999999997,1.000000000001,1.,1.,1.,1.,1.,1.
      ,1.,1.,1.,1.,1.,1.,1.,1.,1.,1.,1.,1.,1.,1.,1.,1.,1.,1.,1.,1.,1.,1.
      ,1.,1.,1.,1.,1.,1.,1.,1.,1.,1.,1.,1.,1.,1.,1.,1.,1.,1.,1.,1.,1.,1.
      ,1.,1.,1.,1.,1.000000000001,0.999999999996,1.000000000014
      ,0.999999999969,1.)
    ,(1.,1.000000000007,0.999999999997,1.000000000001,1.,1.,1.,1.,1.,1.
      ,1.,1.,1.,1.,1.,1.,1.,1.,1.,1.,1.,1.,1.,1.,1.,1.,1.,1.,1.,1.,1.,1.
      ,1.,1.,1.,1.,1.,1.,1.,1.,1.,1.,1.,1.,1.,1.,1.,1.,1.,1.,1.,1.,1.,1.
      ,1.,1.,1.,1.,1.000000000001,0.999999999996,1.000000000014
,0.999999999969,1.))) REPRESENTATION_ITEM('') SURFACE() );
#7325 = CARTESIAN_POINT('',(140.9618,350.14708396877,110.54628726863));
#7326 = CARTESIAN_POINT('',(142.09540904743,347.9294464585,
    110.25155072144));
#7327 = CARTESIAN_POINT('',(145.34352279277,350.29872955313,
    110.62921054388));
#7328 = CARTESIAN_POINT('',(149.51920541273,349.07438315367,
    110.51103971296));
#7329 = CARTESIAN_POINT('',(153.74675028087,347.99373390729,
    110.4520030763));
#7330 = CARTESIAN_POINT('',(158.17058310233,348.05777374441,
    110.56725969784));
#7331 = CARTESIAN_POINT('',(162.26698448152,346.44060134193,
    110.40049142224));
#7332 = CARTESIAN_POINT('',(166.61873526807,346.90447287176,
    110.50729242388));
#7333 = CARTESIAN_POINT('',(171.05025168138,346.46943298681,
    110.41922606342));
#7334 = CARTESIAN_POINT('',(175.09238100893,347.69830480069,
    110.58948951593));
#7335 = CARTESIAN_POINT('',(179.41643525083,347.30275115597,
    110.45877583457));
#7336 = CARTESIAN_POINT('',(183.74465399728,347.40857518786,
    110.420216638));
#7337 = CARTESIAN_POINT('',(188.01748830499,347.28988489741,
    110.30576456561));
#7338 = CARTESIAN_POINT('',(192.29804434258,347.34637505327,
    110.23894355261));
#7339 = CARTESIAN_POINT('',(196.57544693057,347.29451668639,
    110.13464200197));
#7340 = CARTESIAN_POINT('',(200.85359337877,347.24854146386,
    110.01849541414));
#7341 = CARTESIAN_POINT('',(205.13313267918,347.30552209515,
    109.89275205533));
#7342 = CARTESIAN_POINT('',(209.41029445154,347.49171470497,
    109.77715579882));
#7343 = CARTESIAN_POINT('',(213.69566833045,347.61705281395,
    109.56302128938));
#7344 = CARTESIAN_POINT('',(217.97323994091,348.08827757519,
    109.33567604633));
#7345 = CARTESIAN_POINT('',(222.25201002744,348.64544073985,
    109.05750882393));
#7346 = CARTESIAN_POINT('',(226.52878947893,349.40746604617,
    108.73728344888));
#7347 = CARTESIAN_POINT('',(230.80631705996,350.25048852742,
    108.37847810238));
#7348 = CARTESIAN_POINT('',(235.06961741834,351.23102023538,
    108.05615994089));
#7349 = CARTESIAN_POINT('',(239.34364675972,352.07647610086,
    107.78847610403));
#7350 = CARTESIAN_POINT('',(243.62590118763,352.81013610257,
    107.68572538593));
#7351 = CARTESIAN_POINT('',(247.90145862716,353.13291575587,
    107.64885006272));
#7352 = CARTESIAN_POINT('',(252.24748803221,353.27771979228,
    108.05432165761));
#7353 = CARTESIAN_POINT('',(256.42226459116,352.706048106,
    107.32037323166));
#7354 = CARTESIAN_POINT('',(260.774587196,353.44339543798,
    106.96512901339));
#7355 = CARTESIAN_POINT('',(265.08553351846,352.8648391637,
    106.17998889784));
#7356 = CARTESIAN_POINT('',(269.30435854157,352.38848479944,
    106.38855462381));
#7357 = CARTESIAN_POINT('',(273.49463672784,351.72546875127,
    105.87020958897));
#7358 = CARTESIAN_POINT('',(277.98553204283,351.62004196068,
    106.44071090622));
#7359 = CARTESIAN_POINT('',(282.02098866206,350.29298501642,
    106.36810913006));
#7360 = CARTESIAN_POINT('',(286.37785805657,350.25577259677,
    106.61176058539));
#7361 = CARTESIAN_POINT('',(290.69560185407,350.61483358239,
    105.90750037514));
#7362 = CARTESIAN_POINT('',(294.97762712103,351.41181425834,
    105.63026383139));
#7363 = CARTESIAN_POINT('',(299.25829278307,352.41867373378,
    105.56216424408));
#7364 = CARTESIAN_POINT('',(303.53281780748,353.60283620396,
    105.8125849089));
#7365 = CARTESIAN_POINT('',(307.79563331651,354.9694898708,
    106.19663297321));
#7366 = CARTESIAN_POINT('',(312.07349323989,356.22309759736,
    106.62093980042));
#7367 = CARTESIAN_POINT('',(316.34983972698,357.34508871668,
    107.0106411516));
#7368 = CARTESIAN_POINT('',(320.62873034613,358.28164570713,
    107.36939765663));
#7369 = CARTESIAN_POINT('',(324.90645535717,359.01256088109,
    107.67904616192));
#7370 = CARTESIAN_POINT('',(329.19177427478,359.29703644643,
    107.99035010481));
#7371 = CARTESIAN_POINT('',(333.46902839726,359.63994341861,
    108.20244982942));
#7372 = CARTESIAN_POINT('',(337.74832561117,359.75118340789,
    108.40875348011));
#7373 = CARTESIAN_POINT('',(342.02697062847,359.76167741293,
    108.60728499656));
#7374 = CARTESIAN_POINT('',(346.30391351544,359.67119780791,
    108.79533905645));
#7375 = CARTESIAN_POINT('',(350.58496238288,359.69303731912,
    108.92755927106));
#7376 = CARTESIAN_POINT('',(354.8577723004,359.57492840607,
    109.09493724461));
#7377 = CARTESIAN_POINT('',(359.18388688825,359.23346811193,
    109.291987046));
#7378 = CARTESIAN_POINT('',(363.5052046971,359.26505714447,
    109.37765671751));
#7379 = CARTESIAN_POINT('',(367.54865046447,359.4762841597,
    109.42331654914));
#7380 = CARTESIAN_POINT('',(372.05847150757,358.81260719777,
    109.57265915715));
#7381 = CARTESIAN_POINT('',(376.24564436291,359.23090523504,
    109.55528167365));
#7382 = CARTESIAN_POINT('',(380.50353796332,356.77346201277,
    109.84442373236));
#7383 = CARTESIAN_POINT('',(384.85798865987,355.86295107517,
    109.94451328538));
#7384 = CARTESIAN_POINT('',(389.02722072527,354.00472955156,
    110.11481040262));
#7385 = CARTESIAN_POINT('',(393.32393006004,352.29328977812,
    110.27910230129));
#7386 = CARTESIAN_POINT('',(396.53994441614,354.41170947507,
    110.07426549335));
#7387 = CARTESIAN_POINT('',(397.6403,351.44422643115,110.36153462743));
#7388 = CARTESIAN_POINT('',(140.9618,350.53033166479,110.59650654284));
#7389 = CARTESIAN_POINT('',(142.09540904743,348.51564540518,
    110.31687879156));
#7390 = CARTESIAN_POINT('',(145.34352279277,350.74311918421,
    110.69178370465));
#7391 = CARTESIAN_POINT('',(149.51920541273,349.705914371,110.5996674359
    ));
#7392 = CARTESIAN_POINT('',(153.74675028087,348.66878558017,
    110.54524537857));
#7393 = CARTESIAN_POINT('',(158.17058310233,348.68649878383,
    110.66154126929));
#7394 = CARTESIAN_POINT('',(162.26698448152,347.30932605335,
    110.53156325072));
#7395 = CARTESIAN_POINT('',(166.61873526807,347.81691962124,
    110.65840373568));
#7396 = CARTESIAN_POINT('',(171.05025168138,347.41867909849,
    110.5792768474));
#7397 = CARTESIAN_POINT('',(175.09238100893,348.8401407009,
    110.79508187692));
#7398 = CARTESIAN_POINT('',(179.41643525083,348.62603565353,
    110.70057537672));
#7399 = CARTESIAN_POINT('',(183.74465399728,348.72224819271,
    110.66773922796));
#7400 = CARTESIAN_POINT('',(188.01748830499,348.6389245634,
    110.57383184371));
#7401 = CARTESIAN_POINT('',(192.29804434258,348.69730662004,
    110.51990069584));
#7402 = CARTESIAN_POINT('',(196.57544693057,348.65780198202,
    110.43027226435));
#7403 = CARTESIAN_POINT('',(200.85359337877,348.61666587387,
    110.33183870331));
#7404 = CARTESIAN_POINT('',(205.13313267918,348.66226237959,
    110.23229110741));
#7405 = CARTESIAN_POINT('',(209.41029445154,348.82724534723,
    110.11865408175));
#7406 = CARTESIAN_POINT('',(213.69566833045,348.92013014396,
    109.9413664112));
#7407 = CARTESIAN_POINT('',(217.97323994091,349.33166120792,
    109.73819130786));
#7408 = CARTESIAN_POINT('',(222.25201002744,349.8208172612,
    109.48034205912));
#7409 = CARTESIAN_POINT('',(226.52878947893,350.50152459943,
    109.18062805144));
#7410 = CARTESIAN_POINT('',(230.80631705996,351.25719581258,
    108.84743461146));
#7411 = CARTESIAN_POINT('',(235.06961741834,352.15225120778,
    108.52304410006));
#7412 = CARTESIAN_POINT('',(239.34364675972,352.91427588688,
    108.24876482278));
#7413 = CARTESIAN_POINT('',(243.62590118763,353.56747496064,
    108.1284369063));
#7414 = CARTESIAN_POINT('',(247.90145862716,353.83595205521,
    108.02964415776));
#7415 = CARTESIAN_POINT('',(252.24748803221,353.88594416243,
    108.40898670206));
#7416 = CARTESIAN_POINT('',(256.42226459116,353.40586277729,
    107.50623849875));
#7417 = CARTESIAN_POINT('',(260.774587196,353.88870644455,
    107.30105916719));
#7418 = CARTESIAN_POINT('',(265.08553351846,353.42403034416,
    106.38282040777));
#7419 = CARTESIAN_POINT('',(269.30435854157,352.89935063643,
    106.55662167111));
#7420 = CARTESIAN_POINT('',(273.49463672784,352.29828887993,
    105.9670768718));
#7421 = CARTESIAN_POINT('',(277.98553204283,352.09254240536,
    106.57624506792));
#7422 = CARTESIAN_POINT('',(282.02098866206,351.04183977749,
    106.26777798964));
#7423 = CARTESIAN_POINT('',(286.37785805657,350.93865620723,
    106.5132235407));
#7424 = CARTESIAN_POINT('',(290.69560185407,351.39692880549,
    105.74885607701));
#7425 = CARTESIAN_POINT('',(294.97762712103,352.25538798034,
    105.41279704639));
#7426 = CARTESIAN_POINT('',(299.25829278307,353.335968219,105.3033305308
    ));
#7427 = CARTESIAN_POINT('',(303.53281780748,354.58237598026,
    105.48167627997));
#7428 = CARTESIAN_POINT('',(307.79563331651,356.0204036789,
    105.83932869267));
#7429 = CARTESIAN_POINT('',(312.07349323989,357.34586358861,
    106.24680423107));
#7430 = CARTESIAN_POINT('',(316.34983972698,358.53483446584,
    106.62132078096));
#7431 = CARTESIAN_POINT('',(320.62873034613,359.53374236682,
    106.97991104141));
#7432 = CARTESIAN_POINT('',(324.90645535717,360.31793189449,
    107.29474945276));
#7433 = CARTESIAN_POINT('',(329.19177427478,360.63102923822,
    107.62310740629));
#7434 = CARTESIAN_POINT('',(333.46902839726,360.99808396631,
    107.84669242285));
#7435 = CARTESIAN_POINT('',(337.74832561117,361.11836629723,
    108.07472976079));
#7436 = CARTESIAN_POINT('',(342.02697062847,361.1292649071,
    108.29168248802));
#7437 = CARTESIAN_POINT('',(346.30391351544,361.02053966769,
    108.49676168798));
#7438 = CARTESIAN_POINT('',(350.58496238288,361.03983736776,
    108.64306192701));
#7439 = CARTESIAN_POINT('',(354.8577723004,360.88692329786,
    108.82862524337));
#7440 = CARTESIAN_POINT('',(359.18388688825,360.52752794138,
    109.03812554308));
#7441 = CARTESIAN_POINT('',(363.5052046971,360.45792194114,
    109.15133772109));
#7442 = CARTESIAN_POINT('',(367.54865046447,360.47117240127,
    109.24174697837));
#7443 = CARTESIAN_POINT('',(372.05847150757,359.79964997484,
    109.40149815844));
#7444 = CARTESIAN_POINT('',(376.24564436291,360.06295469667,
    109.41735879026));
#7445 = CARTESIAN_POINT('',(380.50353796332,357.42213466112,
    109.7400916392));
#7446 = CARTESIAN_POINT('',(384.85798865987,356.47363513784,
    109.853531428));
#7447 = CARTESIAN_POINT('',(389.02722072527,354.55575543461,
    110.03448891539));
#7448 = CARTESIAN_POINT('',(393.32393006004,352.68418386983,
    110.22223342182));
#7449 = CARTESIAN_POINT('',(396.53994441614,354.80330291731,
    110.02556263609));
#7450 = CARTESIAN_POINT('',(397.6403,351.81426499843,110.31347096637));
#7451 = DEFINITIONAL_REPRESENTATION('',(#7452),#7456);
#7452 = LINE('',#7453,#7454);
#7453 = CARTESIAN_POINT('',(28.,0.));
#7454 = VECTOR('',#7455,1.);
#7455 = DIRECTION('',(0.,1.));
#7456 = ( GEOMETRIC_REPRESENTATION_CONTEXT(2) 
PARAMETRIC_REPRESENTATION_CONTEXT() REPRESENTATION_CONTEXT('2D SPACE',''
  ) );
#7457 = ORIENTED_EDGE('',*,*,#7458,.F.);
#7458 = EDGE_CURVE('',#6995,#7249,#7459,.T.);
#7459 = SURFACE_CURVE('',#7460,(#7463,#7470),.PCURVE_S1.);
#7460 = B_SPLINE_CURVE_WITH_KNOTS('',1,(#7461,#7462),.UNSPECIFIED.,.F.,
  .F.,(2,2),(27.,28.),.PIECEWISE_BEZIER_KNOTS.);
#7461 = CARTESIAN_POINT('',(397.6403,351.07418786387,110.40959828849));
#7462 = CARTESIAN_POINT('',(397.6403,351.44422643115,110.36153462743));
#7463 = PCURVE('',#7070,#7464);
#7464 = DEFINITIONAL_REPRESENTATION('',(#7465),#7469);
#7465 = LINE('',#7466,#7467);
#7466 = CARTESIAN_POINT('',(0.,1.));
#7467 = VECTOR('',#7468,1.);
#7468 = DIRECTION('',(1.,0.));
#7469 = ( GEOMETRIC_REPRESENTATION_CONTEXT(2) 
PARAMETRIC_REPRESENTATION_CONTEXT() REPRESENTATION_CONTEXT('2D SPACE',''
  ) );
#7470 = PCURVE('',#401,#7471);
#7471 = DEFINITIONAL_REPRESENTATION('',(#7472),#7475);
#7472 = B_SPLINE_CURVE_WITH_KNOTS('',1,(#7473,#7474),.UNSPECIFIED.,.F.,
  .F.,(2,2),(27.,28.),.PIECEWISE_BEZIER_KNOTS.);
#7473 = CARTESIAN_POINT('',(-1.794910832543,0.147620138303));
#7474 = CARTESIAN_POINT('',(-2.16794679826,0.156720966383));
#7475 = ( GEOMETRIC_REPRESENTATION_CONTEXT(2) 
PARAMETRIC_REPRESENTATION_CONTEXT() REPRESENTATION_CONTEXT('2D SPACE',''
  ) );
#7476 = ORIENTED_EDGE('',*,*,#6994,.F.);
#7477 = ADVANCED_FACE('',(#7478),#7324,.T.);
#7478 = FACE_BOUND('',#7479,.T.);
#7479 = EDGE_LOOP('',(#7480,#7501,#7711,#7730));
#7480 = ORIENTED_EDGE('',*,*,#7481,.T.);
#7481 = EDGE_CURVE('',#7228,#7482,#7484,.T.);
#7482 = VERTEX_POINT('',#7483);
#7483 = CARTESIAN_POINT('',(140.9618,350.53033166479,110.59650654284));
#7484 = SURFACE_CURVE('',#7485,(#7488,#7495),.PCURVE_S1.);
#7485 = B_SPLINE_CURVE_WITH_KNOTS('',1,(#7486,#7487),.UNSPECIFIED.,.F.,
  .F.,(2,2),(28.,29.),.PIECEWISE_BEZIER_KNOTS.);
#7486 = CARTESIAN_POINT('',(140.9618,350.14708396877,110.54628726863));
#7487 = CARTESIAN_POINT('',(140.9618,350.53033166479,110.59650654284));
#7488 = PCURVE('',#7324,#7489);
#7489 = DEFINITIONAL_REPRESENTATION('',(#7490),#7494);
#7490 = LINE('',#7491,#7492);
#7491 = CARTESIAN_POINT('',(0.,0.));
#7492 = VECTOR('',#7493,1.);
#7493 = DIRECTION('',(1.,0.));
#7494 = ( GEOMETRIC_REPRESENTATION_CONTEXT(2) 
PARAMETRIC_REPRESENTATION_CONTEXT() REPRESENTATION_CONTEXT('2D SPACE',''
  ) );
#7495 = PCURVE('',#165,#7496);
#7496 = DEFINITIONAL_REPRESENTATION('',(#7497),#7500);
#7497 = B_SPLINE_CURVE_WITH_KNOTS('',1,(#7498,#7499),.UNSPECIFIED.,.F.,
  .F.,(2,2),(28.,29.),.PIECEWISE_BEZIER_KNOTS.);
#7498 = CARTESIAN_POINT('',(4.638287498159,-5.037563675643E-04));
#7499 = CARTESIAN_POINT('',(4.251763539979,-4.617766702779E-04));
#7500 = ( GEOMETRIC_REPRESENTATION_CONTEXT(2) 
PARAMETRIC_REPRESENTATION_CONTEXT() REPRESENTATION_CONTEXT('2D SPACE',''
  ) );
#7501 = ORIENTED_EDGE('',*,*,#7502,.T.);
#7502 = EDGE_CURVE('',#7482,#7503,#7505,.T.);
#7503 = VERTEX_POINT('',#7504);
#7504 = CARTESIAN_POINT('',(397.6403,351.81426499843,110.31347096637));
#7505 = SURFACE_CURVE('',#7506,(#7570,#7577),.PCURVE_S1.);
#7506 = ( BOUNDED_CURVE() B_SPLINE_CURVE(3,(#7507,#7508,#7509,#7510,
    #7511,#7512,#7513,#7514,#7515,#7516,#7517,#7518,#7519,#7520,#7521,
    #7522,#7523,#7524,#7525,#7526,#7527,#7528,#7529,#7530,#7531,#7532,
    #7533,#7534,#7535,#7536,#7537,#7538,#7539,#7540,#7541,#7542,#7543,
    #7544,#7545,#7546,#7547,#7548,#7549,#7550,#7551,#7552,#7553,#7554,
    #7555,#7556,#7557,#7558,#7559,#7560,#7561,#7562,#7563,#7564,#7565,
    #7566,#7567,#7568,#7569),.UNSPECIFIED.,.F.,.F.) 
B_SPLINE_CURVE_WITH_KNOTS((4,1,1,1,1,1,1,1,1,1,1,1,1,1,1,1,1,1,1,1,1,1,1
    ,1,1,1,1,1,1,1,1,1,1,1,1,1,1,1,1,1,1,1,1,1,1,1,1,1,1,1,1,1,1,1,1,1,1
    ,1,1,1,4),(0.,1.671834126768E-02,3.328707673398E-02,
    5.001744466419E-02,6.648650714478E-02,8.348892901119E-02,
    9.999486964001E-02,0.11646941087,0.133815549619,0.150618938677,
    0.167038735703,0.183454077407,0.199862498306,0.216272023155,
    0.232682039048,0.249094136,0.265517101832,0.28195250261,
    0.298446383618,0.315002877417,0.331625113939,0.348307612691,
    0.365035992875,0.381711213613,0.398301880653,0.414823418335,
    0.431326889702,0.448164125522,0.464772555536,0.481574851679,
    0.498833916597,0.516076325801,0.532869467448,0.550364700599,
    0.567182918644,0.58368017293,0.60020088702,0.616790522208,
    0.633466402799,0.650196996519,0.66688122827,0.683506031496,
    0.700063533111,0.716557401724,0.732992840875,0.749415744672,
    0.765827967007,0.78223726506,0.798647812608,0.815056815176,
    0.831475231221,0.84789937286,0.864694545606,0.881987572306,
    0.898456926779,0.91536479181,0.932301655256,0.949102498792,
0.966203962862,0.982810298735,1.),.UNSPECIFIED.) CURVE() 
GEOMETRIC_REPRESENTATION_ITEM() RATIONAL_B_SPLINE_CURVE((1.,
    1.000000000007,0.999999999997,1.000000000001,1.,1.,1.,1.,1.,1.,1.,1.
    ,1.,1.,1.,1.,1.,1.,1.,1.,1.,1.,1.,1.,1.,1.,1.,1.,1.,1.,1.,1.,1.,1.,
    1.,1.,1.,1.,1.,1.,1.,1.,1.,1.,1.,1.,1.,1.,1.,1.,1.,1.,1.,1.,1.,1.,1.
    ,1.,1.000000000001,0.999999999996,1.000000000014,0.999999999969,1.))
 REPRESENTATION_ITEM('') );
#7507 = CARTESIAN_POINT('',(140.9618,350.53033166479,110.59650654284));
#7508 = CARTESIAN_POINT('',(142.09540904743,348.51564540518,
    110.31687879156));
#7509 = CARTESIAN_POINT('',(145.34352279277,350.74311918421,
    110.69178370465));
#7510 = CARTESIAN_POINT('',(149.51920541273,349.705914371,110.5996674359
    ));
#7511 = CARTESIAN_POINT('',(153.74675028087,348.66878558017,
    110.54524537857));
#7512 = CARTESIAN_POINT('',(158.17058310233,348.68649878383,
    110.66154126929));
#7513 = CARTESIAN_POINT('',(162.26698448152,347.30932605335,
    110.53156325072));
#7514 = CARTESIAN_POINT('',(166.61873526807,347.81691962124,
    110.65840373568));
#7515 = CARTESIAN_POINT('',(171.05025168138,347.41867909849,
    110.5792768474));
#7516 = CARTESIAN_POINT('',(175.09238100893,348.8401407009,
    110.79508187692));
#7517 = CARTESIAN_POINT('',(179.41643525083,348.62603565353,
    110.70057537672));
#7518 = CARTESIAN_POINT('',(183.74465399728,348.72224819271,
    110.66773922796));
#7519 = CARTESIAN_POINT('',(188.01748830499,348.6389245634,
    110.57383184371));
#7520 = CARTESIAN_POINT('',(192.29804434258,348.69730662004,
    110.51990069584));
#7521 = CARTESIAN_POINT('',(196.57544693057,348.65780198202,
    110.43027226435));
#7522 = CARTESIAN_POINT('',(200.85359337877,348.61666587387,
    110.33183870331));
#7523 = CARTESIAN_POINT('',(205.13313267918,348.66226237959,
    110.23229110741));
#7524 = CARTESIAN_POINT('',(209.41029445154,348.82724534723,
    110.11865408175));
#7525 = CARTESIAN_POINT('',(213.69566833045,348.92013014396,
    109.9413664112));
#7526 = CARTESIAN_POINT('',(217.97323994091,349.33166120792,
    109.73819130786));
#7527 = CARTESIAN_POINT('',(222.25201002744,349.8208172612,
    109.48034205912));
#7528 = CARTESIAN_POINT('',(226.52878947893,350.50152459943,
    109.18062805144));
#7529 = CARTESIAN_POINT('',(230.80631705996,351.25719581258,
    108.84743461146));
#7530 = CARTESIAN_POINT('',(235.06961741834,352.15225120778,
    108.52304410006));
#7531 = CARTESIAN_POINT('',(239.34364675972,352.91427588688,
    108.24876482278));
#7532 = CARTESIAN_POINT('',(243.62590118763,353.56747496064,
    108.1284369063));
#7533 = CARTESIAN_POINT('',(247.90145862716,353.83595205521,
    108.02964415776));
#7534 = CARTESIAN_POINT('',(252.24748803221,353.88594416243,
    108.40898670206));
#7535 = CARTESIAN_POINT('',(256.42226459116,353.40586277729,
    107.50623849875));
#7536 = CARTESIAN_POINT('',(260.774587196,353.88870644455,
    107.30105916719));
#7537 = CARTESIAN_POINT('',(265.08553351846,353.42403034416,
    106.38282040777));
#7538 = CARTESIAN_POINT('',(269.30435854157,352.89935063643,
    106.55662167111));
#7539 = CARTESIAN_POINT('',(273.49463672784,352.29828887993,
    105.9670768718));
#7540 = CARTESIAN_POINT('',(277.98553204283,352.09254240536,
    106.57624506792));
#7541 = CARTESIAN_POINT('',(282.02098866206,351.04183977749,
    106.26777798964));
#7542 = CARTESIAN_POINT('',(286.37785805657,350.93865620723,
    106.5132235407));
#7543 = CARTESIAN_POINT('',(290.69560185407,351.39692880549,
    105.74885607701));
#7544 = CARTESIAN_POINT('',(294.97762712103,352.25538798034,
    105.41279704639));
#7545 = CARTESIAN_POINT('',(299.25829278307,353.335968219,105.3033305308
    ));
#7546 = CARTESIAN_POINT('',(303.53281780748,354.58237598026,
    105.48167627997));
#7547 = CARTESIAN_POINT('',(307.79563331651,356.0204036789,
    105.83932869267));
#7548 = CARTESIAN_POINT('',(312.07349323989,357.34586358861,
    106.24680423107));
#7549 = CARTESIAN_POINT('',(316.34983972698,358.53483446584,
    106.62132078096));
#7550 = CARTESIAN_POINT('',(320.62873034613,359.53374236682,
    106.97991104141));
#7551 = CARTESIAN_POINT('',(324.90645535717,360.31793189449,
    107.29474945276));
#7552 = CARTESIAN_POINT('',(329.19177427478,360.63102923822,
    107.62310740629));
#7553 = CARTESIAN_POINT('',(333.46902839726,360.99808396631,
    107.84669242285));
#7554 = CARTESIAN_POINT('',(337.74832561117,361.11836629723,
    108.07472976079));
#7555 = CARTESIAN_POINT('',(342.02697062847,361.1292649071,
    108.29168248802));
#7556 = CARTESIAN_POINT('',(346.30391351544,361.02053966769,
    108.49676168798));
#7557 = CARTESIAN_POINT('',(350.58496238288,361.03983736776,
    108.64306192701));
#7558 = CARTESIAN_POINT('',(354.8577723004,360.88692329786,
    108.82862524337));
#7559 = CARTESIAN_POINT('',(359.18388688825,360.52752794138,
    109.03812554308));
#7560 = CARTESIAN_POINT('',(363.5052046971,360.45792194114,
    109.15133772109));
#7561 = CARTESIAN_POINT('',(367.54865046447,360.47117240127,
    109.24174697837));
#7562 = CARTESIAN_POINT('',(372.05847150757,359.79964997484,
    109.40149815844));
#7563 = CARTESIAN_POINT('',(376.24564436291,360.06295469667,
    109.41735879026));
#7564 = CARTESIAN_POINT('',(380.50353796332,357.42213466112,
    109.7400916392));
#7565 = CARTESIAN_POINT('',(384.85798865987,356.47363513784,
    109.853531428));
#7566 = CARTESIAN_POINT('',(389.02722072527,354.55575543461,
    110.03448891539));
#7567 = CARTESIAN_POINT('',(393.32393006004,352.68418386983,
    110.22223342182));
#7568 = CARTESIAN_POINT('',(396.53994441614,354.80330291731,
    110.02556263609));
#7569 = CARTESIAN_POINT('',(397.6403,351.81426499843,110.31347096637));
#7570 = PCURVE('',#7324,#7571);
#7571 = DEFINITIONAL_REPRESENTATION('',(#7572),#7576);
#7572 = LINE('',#7573,#7574);
#7573 = CARTESIAN_POINT('',(29.,0.));
#7574 = VECTOR('',#7575,1.);
#7575 = DIRECTION('',(0.,1.));
#7576 = ( GEOMETRIC_REPRESENTATION_CONTEXT(2) 
PARAMETRIC_REPRESENTATION_CONTEXT() REPRESENTATION_CONTEXT('2D SPACE',''
  ) );
#7577 = PCURVE('',#7578,#7705);
#7578 = ( BOUNDED_SURFACE() B_SPLINE_SURFACE(1,3,(
    (#7579,#7580,#7581,#7582,#7583,#7584,#7585,#7586,#7587,#7588,#7589
      ,#7590,#7591,#7592,#7593,#7594,#7595,#7596,#7597,#7598,#7599,#7600
      ,#7601,#7602,#7603,#7604,#7605,#7606,#7607,#7608,#7609,#7610,#7611
      ,#7612,#7613,#7614,#7615,#7616,#7617,#7618,#7619,#7620,#7621,#7622
      ,#7623,#7624,#7625,#7626,#7627,#7628,#7629,#7630,#7631,#7632,#7633
      ,#7634,#7635,#7636,#7637,#7638,#7639,#7640,#7641)
    ,(#7642,#7643,#7644,#7645,#7646,#7647,#7648,#7649,#7650,#7651,#7652
      ,#7653,#7654,#7655,#7656,#7657,#7658,#7659,#7660,#7661,#7662,#7663
      ,#7664,#7665,#7666,#7667,#7668,#7669,#7670,#7671,#7672,#7673,#7674
      ,#7675,#7676,#7677,#7678,#7679,#7680,#7681,#7682,#7683,#7684,#7685
      ,#7686,#7687,#7688,#7689,#7690,#7691,#7692,#7693,#7694,#7695,#7696
      ,#7697,#7698,#7699,#7700,#7701,#7702,#7703,#7704
)),.UNSPECIFIED.,.F.,.F.,.F.) B_SPLINE_SURFACE_WITH_KNOTS((2,2),(4,1,1,1
    ,1,1,1,1,1,1,1,1,1,1,1,1,1,1,1,1,1,1,1,1,1,1,1,1,1,1,1,1,1,1,1,1,1,1
    ,1,1,1,1,1,1,1,1,1,1,1,1,1,1,1,1,1,1,1,1,1,1,4),(29.,30.),(0.,
    1.671834126768E-02,3.328707673398E-02,5.001744466419E-02,
    6.648650714478E-02,8.348892901119E-02,9.999486964001E-02,
    0.11646941087,0.133815549619,0.150618938677,0.167038735703,
    0.183454077407,0.199862498306,0.216272023155,0.232682039048,
    0.249094136,0.265517101832,0.28195250261,0.298446383618,
    0.315002877417,0.331625113939,0.348307612691,0.365035992875,
    0.381711213613,0.398301880653,0.414823418335,0.431326889702,
    0.448164125522,0.464772555536,0.481574851679,0.498833916597,
    0.516076325801,0.532869467448,0.550364700599,0.567182918644,
    0.58368017293,0.60020088702,0.616790522208,0.633466402799,
    0.650196996519,0.66688122827,0.683506031496,0.700063533111,
    0.716557401724,0.732992840875,0.749415744672,0.765827967007,
    0.78223726506,0.798647812608,0.815056815176,0.831475231221,
    0.84789937286,0.864694545606,0.881987572306,0.898456926779,
    0.91536479181,0.932301655256,0.949102498792,0.966203962862,
0.982810298735,1.),.UNSPECIFIED.) GEOMETRIC_REPRESENTATION_ITEM() 
RATIONAL_B_SPLINE_SURFACE((
    (1.,1.000000000007,0.999999999997,1.000000000001,1.,1.,1.,1.,1.,1.
      ,1.,1.,1.,1.,1.,1.,1.,1.,1.,1.,1.,1.,1.,1.,1.,1.,1.,1.,1.,1.,1.,1.
      ,1.,1.,1.,1.,1.,1.,1.,1.,1.,1.,1.,1.,1.,1.,1.,1.,1.,1.,1.,1.,1.,1.
      ,1.,1.,1.,1.,1.000000000001,0.999999999996,1.000000000014
      ,0.999999999969,1.)
    ,(1.,1.000000000007,0.999999999997,1.000000000001,1.,1.,1.,1.,1.,1.
      ,1.,1.,1.,1.,1.,1.,1.,1.,1.,1.,1.,1.,1.,1.,1.,1.,1.,1.,1.,1.,1.,1.
      ,1.,1.,1.,1.,1.,1.,1.,1.,1.,1.,1.,1.,1.,1.,1.,1.,1.,1.,1.,1.,1.,1.
      ,1.,1.,1.,1.,1.000000000001,0.999999999996,1.000000000014
,0.999999999969,1.))) REPRESENTATION_ITEM('') SURFACE() );
#7579 = CARTESIAN_POINT('',(140.9618,350.53033166479,110.59650654284));
#7580 = CARTESIAN_POINT('',(142.09540904743,348.51564540518,
    110.31687879156));
#7581 = CARTESIAN_POINT('',(145.34352279277,350.74311918421,
    110.69178370465));
#7582 = CARTESIAN_POINT('',(149.51920541273,349.705914371,110.5996674359
    ));
#7583 = CARTESIAN_POINT('',(153.74675028087,348.66878558017,
    110.54524537857));
#7584 = CARTESIAN_POINT('',(158.17058310233,348.68649878383,
    110.66154126929));
#7585 = CARTESIAN_POINT('',(162.26698448152,347.30932605335,
    110.53156325072));
#7586 = CARTESIAN_POINT('',(166.61873526807,347.81691962124,
    110.65840373568));
#7587 = CARTESIAN_POINT('',(171.05025168138,347.41867909849,
    110.5792768474));
#7588 = CARTESIAN_POINT('',(175.09238100893,348.8401407009,
    110.79508187692));
#7589 = CARTESIAN_POINT('',(179.41643525083,348.62603565353,
    110.70057537672));
#7590 = CARTESIAN_POINT('',(183.74465399728,348.72224819271,
    110.66773922796));
#7591 = CARTESIAN_POINT('',(188.01748830499,348.6389245634,
    110.57383184371));
#7592 = CARTESIAN_POINT('',(192.29804434258,348.69730662004,
    110.51990069584));
#7593 = CARTESIAN_POINT('',(196.57544693057,348.65780198202,
    110.43027226435));
#7594 = CARTESIAN_POINT('',(200.85359337877,348.61666587387,
    110.33183870331));
#7595 = CARTESIAN_POINT('',(205.13313267918,348.66226237959,
    110.23229110741));
#7596 = CARTESIAN_POINT('',(209.41029445154,348.82724534723,
    110.11865408175));
#7597 = CARTESIAN_POINT('',(213.69566833045,348.92013014396,
    109.9413664112));
#7598 = CARTESIAN_POINT('',(217.97323994091,349.33166120792,
    109.73819130786));
#7599 = CARTESIAN_POINT('',(222.25201002744,349.8208172612,
    109.48034205912));
#7600 = CARTESIAN_POINT('',(226.52878947893,350.50152459943,
    109.18062805144));
#7601 = CARTESIAN_POINT('',(230.80631705996,351.25719581258,
    108.84743461146));
#7602 = CARTESIAN_POINT('',(235.06961741834,352.15225120778,
    108.52304410006));
#7603 = CARTESIAN_POINT('',(239.34364675972,352.91427588688,
    108.24876482278));
#7604 = CARTESIAN_POINT('',(243.62590118763,353.56747496064,
    108.1284369063));
#7605 = CARTESIAN_POINT('',(247.90145862716,353.83595205521,
    108.02964415776));
#7606 = CARTESIAN_POINT('',(252.24748803221,353.88594416243,
    108.40898670206));
#7607 = CARTESIAN_POINT('',(256.42226459116,353.40586277729,
    107.50623849875));
#7608 = CARTESIAN_POINT('',(260.774587196,353.88870644455,
    107.30105916719));
#7609 = CARTESIAN_POINT('',(265.08553351846,353.42403034416,
    106.38282040777));
#7610 = CARTESIAN_POINT('',(269.30435854157,352.89935063643,
    106.55662167111));
#7611 = CARTESIAN_POINT('',(273.49463672784,352.29828887993,
    105.9670768718));
#7612 = CARTESIAN_POINT('',(277.98553204283,352.09254240536,
    106.57624506792));
#7613 = CARTESIAN_POINT('',(282.02098866206,351.04183977749,
    106.26777798964));
#7614 = CARTESIAN_POINT('',(286.37785805657,350.93865620723,
    106.5132235407));
#7615 = CARTESIAN_POINT('',(290.69560185407,351.39692880549,
    105.74885607701));
#7616 = CARTESIAN_POINT('',(294.97762712103,352.25538798034,
    105.41279704639));
#7617 = CARTESIAN_POINT('',(299.25829278307,353.335968219,105.3033305308
    ));
#7618 = CARTESIAN_POINT('',(303.53281780748,354.58237598026,
    105.48167627997));
#7619 = CARTESIAN_POINT('',(307.79563331651,356.0204036789,
    105.83932869267));
#7620 = CARTESIAN_POINT('',(312.07349323989,357.34586358861,
    106.24680423107));
#7621 = CARTESIAN_POINT('',(316.34983972698,358.53483446584,
    106.62132078096));
#7622 = CARTESIAN_POINT('',(320.62873034613,359.53374236682,
    106.97991104141));
#7623 = CARTESIAN_POINT('',(324.90645535717,360.31793189449,
    107.29474945276));
#7624 = CARTESIAN_POINT('',(329.19177427478,360.63102923822,
    107.62310740629));
#7625 = CARTESIAN_POINT('',(333.46902839726,360.99808396631,
    107.84669242285));
#7626 = CARTESIAN_POINT('',(337.74832561117,361.11836629723,
    108.07472976079));
#7627 = CARTESIAN_POINT('',(342.02697062847,361.1292649071,
    108.29168248802));
#7628 = CARTESIAN_POINT('',(346.30391351544,361.02053966769,
    108.49676168798));
#7629 = CARTESIAN_POINT('',(350.58496238288,361.03983736776,
    108.64306192701));
#7630 = CARTESIAN_POINT('',(354.8577723004,360.88692329786,
    108.82862524337));
#7631 = CARTESIAN_POINT('',(359.18388688825,360.52752794138,
    109.03812554308));
#7632 = CARTESIAN_POINT('',(363.5052046971,360.45792194114,
    109.15133772109));
#7633 = CARTESIAN_POINT('',(367.54865046447,360.47117240127,
    109.24174697837));
#7634 = CARTESIAN_POINT('',(372.05847150757,359.79964997484,
    109.40149815844));
#7635 = CARTESIAN_POINT('',(376.24564436291,360.06295469667,
    109.41735879026));
#7636 = CARTESIAN_POINT('',(380.50353796332,357.42213466112,
    109.7400916392));
#7637 = CARTESIAN_POINT('',(384.85798865987,356.47363513784,
    109.853531428));
#7638 = CARTESIAN_POINT('',(389.02722072527,354.55575543461,
    110.03448891539));
#7639 = CARTESIAN_POINT('',(393.32393006004,352.68418386983,
    110.22223342182));
#7640 = CARTESIAN_POINT('',(396.53994441614,354.80330291731,
    110.02556263609));
#7641 = CARTESIAN_POINT('',(397.6403,351.81426499843,110.31347096637));
#7642 = CARTESIAN_POINT('',(140.9618,350.91357936081,110.64672581705));
#7643 = CARTESIAN_POINT('',(142.09540904743,349.10073586353,
    110.38979650491));
#7644 = CARTESIAN_POINT('',(145.34352279277,351.18750574189,
    110.75441484032));
#7645 = CARTESIAN_POINT('',(149.51920541273,350.33722723236,
    110.68980275031));
#7646 = CARTESIAN_POINT('',(153.74675028087,349.34320661295,
    110.64283205073));
#7647 = CARTESIAN_POINT('',(158.17058310233,349.31475502714,
    110.75908397095));
#7648 = CARTESIAN_POINT('',(162.26698448152,348.17734056355,
    110.66743368416));
#7649 = CARTESIAN_POINT('',(166.61873526807,348.72943916425,
    110.80937917738));
#7650 = CARTESIAN_POINT('',(171.05025168138,348.36660175164,
    110.74702828374));
#7651 = CARTESIAN_POINT('',(175.09238100893,349.98150913159,
    111.00300424041));
#7652 = CARTESIAN_POINT('',(179.41643525083,349.94857091034,
    110.9464131416));
#7653 = CARTESIAN_POINT('',(183.74465399728,350.03530930275,
    110.91849505597));
#7654 = CARTESIAN_POINT('',(188.01748830499,349.98707702092,
    110.84669134805));
#7655 = CARTESIAN_POINT('',(192.29804434258,350.04831557307,
    110.80021498101));
#7656 = CARTESIAN_POINT('',(196.57544693057,350.0211136066,110.725890299
    ));
#7657 = CARTESIAN_POINT('',(200.85359337877,349.98406066801,
    110.64805996339));
#7658 = CARTESIAN_POINT('',(205.13313267918,350.01744049372,
    110.57739232583));
#7659 = CARTESIAN_POINT('',(209.41029445154,350.15788078133,
    110.47579729407));
#7660 = CARTESIAN_POINT('',(213.69566833045,350.22118465437,
    110.32695529916));
#7661 = CARTESIAN_POINT('',(217.97323994091,350.57464424461,
    110.14467426079));
#7662 = CARTESIAN_POINT('',(222.25201002744,350.99743904586,
    109.90175044922));
#7663 = CARTESIAN_POINT('',(226.52878947893,351.59930477985,
    109.61730381758));
#7664 = CARTESIAN_POINT('',(230.80631705996,352.26357128157,
    109.31222844213));
#7665 = CARTESIAN_POINT('',(235.06961741834,353.07237015916,
    108.99033634322));
#7666 = CARTESIAN_POINT('',(239.34364675972,353.74940785605,
    108.71291224756));
#7667 = CARTESIAN_POINT('',(243.62590118763,354.33011820319,
    108.5640264628));
#7668 = CARTESIAN_POINT('',(247.90145862716,354.52116047477,
    108.42975218564));
#7669 = CARTESIAN_POINT('',(252.24748803221,354.54867180964,
    108.71768620939));
#7670 = CARTESIAN_POINT('',(256.42226459116,353.88111726701,
    107.92224236315));
#7671 = CARTESIAN_POINT('',(260.774587196,354.24720687545,
    107.73281666251));
#7672 = CARTESIAN_POINT('',(265.08553351846,353.60625900376,
    106.96837092938));
#7673 = CARTESIAN_POINT('',(269.30435854157,353.13455783933,
    107.03107656066));
#7674 = CARTESIAN_POINT('',(273.49463672784,352.50513120878,
    106.44686052122));
#7675 = CARTESIAN_POINT('',(277.98553204283,352.49436069348,
    106.83921776621));
#7676 = CARTESIAN_POINT('',(282.02098866206,351.56802388394,
    106.45860753353));
#7677 = CARTESIAN_POINT('',(286.37785805657,351.68502295301,
    106.46276688496));
#7678 = CARTESIAN_POINT('',(290.69560185407,352.17140087952,
    105.69335092592));
#7679 = CARTESIAN_POINT('',(294.97762712103,353.11183728982,
    105.28043426169));
#7680 = CARTESIAN_POINT('',(299.25829278307,354.25710992355,
    105.11719968969));
#7681 = CARTESIAN_POINT('',(303.53281780748,355.57498119041,
    105.20943039553));
#7682 = CARTESIAN_POINT('',(307.79563331651,357.08076882911,
    105.51255767011));
#7683 = CARTESIAN_POINT('',(312.07349323989,358.47508947728,
    105.89519509021));
#7684 = CARTESIAN_POINT('',(316.34983972698,359.73068245777,
    106.25314917409));
#7685 = CARTESIAN_POINT('',(320.62873034613,360.78962873937,
    106.60261320425));
#7686 = CARTESIAN_POINT('',(324.90645535717,361.62415209417,
    106.91322822478));
#7687 = CARTESIAN_POINT('',(329.19177427478,361.96548374245,
    107.25771426461));
#7688 = CARTESIAN_POINT('',(333.46902839726,362.35635352436,
    107.49128400644));
#7689 = CARTESIAN_POINT('',(337.74832561117,362.48743576165,
    107.74920279052));
#7690 = CARTESIAN_POINT('',(342.02697062847,362.49775060869,
    107.98021708456));
#7691 = CARTESIAN_POINT('',(346.30391351544,362.37171114262,
    108.20676746595));
#7692 = CARTESIAN_POINT('',(350.58496238288,362.38795549187,
    108.36483778108));
#7693 = CARTESIAN_POINT('',(354.8577723004,362.20062208454,
    108.5703912475));
#7694 = CARTESIAN_POINT('',(359.18388688825,361.82149624238,
    108.78387816219));
#7695 = CARTESIAN_POINT('',(363.5052046971,361.65144472739,
    108.92829274522));
#7696 = CARTESIAN_POINT('',(367.54865046447,361.46610900786,
    109.06066610686));
#7697 = CARTESIAN_POINT('',(372.05847150757,360.78689034635,
    109.23150816669));
#7698 = CARTESIAN_POINT('',(376.24564436291,360.89513511441,
    109.28027489988));
#7699 = CARTESIAN_POINT('',(380.50353796332,358.07105473464,
    109.63724085531));
#7700 = CARTESIAN_POINT('',(384.85798865987,357.08443516854,
    109.76329862774));
#7701 = CARTESIAN_POINT('',(389.02722072527,355.10675163167,
    109.95399017356));
#7702 = CARTESIAN_POINT('',(393.32393006004,353.07508402149,
    110.16534693202));
#7703 = CARTESIAN_POINT('',(396.53994441614,355.19490275296,
    109.97702868867));
#7704 = CARTESIAN_POINT('',(397.6403,352.18430356571,110.26540730531));
#7705 = DEFINITIONAL_REPRESENTATION('',(#7706),#7710);
#7706 = LINE('',#7707,#7708);
#7707 = CARTESIAN_POINT('',(29.,0.));
#7708 = VECTOR('',#7709,1.);
#7709 = DIRECTION('',(0.,1.));
#7710 = ( GEOMETRIC_REPRESENTATION_CONTEXT(2) 
PARAMETRIC_REPRESENTATION_CONTEXT() REPRESENTATION_CONTEXT('2D SPACE',''
  ) );
#7711 = ORIENTED_EDGE('',*,*,#7712,.F.);
#7712 = EDGE_CURVE('',#7249,#7503,#7713,.T.);
#7713 = SURFACE_CURVE('',#7714,(#7717,#7724),.PCURVE_S1.);
#7714 = B_SPLINE_CURVE_WITH_KNOTS('',1,(#7715,#7716),.UNSPECIFIED.,.F.,
  .F.,(2,2),(28.,29.),.PIECEWISE_BEZIER_KNOTS.);
#7715 = CARTESIAN_POINT('',(397.6403,351.44422643115,110.36153462743));
#7716 = CARTESIAN_POINT('',(397.6403,351.81426499843,110.31347096637));
#7717 = PCURVE('',#7324,#7718);
#7718 = DEFINITIONAL_REPRESENTATION('',(#7719),#7723);
#7719 = LINE('',#7720,#7721);
#7720 = CARTESIAN_POINT('',(0.,1.));
#7721 = VECTOR('',#7722,1.);
#7722 = DIRECTION('',(1.,0.));
#7723 = ( GEOMETRIC_REPRESENTATION_CONTEXT(2) 
PARAMETRIC_REPRESENTATION_CONTEXT() REPRESENTATION_CONTEXT('2D SPACE',''
  ) );
#7724 = PCURVE('',#401,#7725);
#7725 = DEFINITIONAL_REPRESENTATION('',(#7726),#7729);
#7726 = B_SPLINE_CURVE_WITH_KNOTS('',1,(#7727,#7728),.UNSPECIFIED.,.F.,
  .F.,(2,2),(28.,29.),.PIECEWISE_BEZIER_KNOTS.);
#7727 = CARTESIAN_POINT('',(-2.16794679826,0.156720966383));
#7728 = CARTESIAN_POINT('',(-2.540982763978,0.165821794463));
#7729 = ( GEOMETRIC_REPRESENTATION_CONTEXT(2) 
PARAMETRIC_REPRESENTATION_CONTEXT() REPRESENTATION_CONTEXT('2D SPACE',''
  ) );
#7730 = ORIENTED_EDGE('',*,*,#7248,.F.);
#7731 = ADVANCED_FACE('',(#7732),#7578,.T.);
#7732 = FACE_BOUND('',#7733,.T.);
#7733 = EDGE_LOOP('',(#7734,#7755,#7965,#7984));
#7734 = ORIENTED_EDGE('',*,*,#7735,.T.);
#7735 = EDGE_CURVE('',#7482,#7736,#7738,.T.);
#7736 = VERTEX_POINT('',#7737);
#7737 = CARTESIAN_POINT('',(140.9618,350.91357936081,110.64672581705));
#7738 = SURFACE_CURVE('',#7739,(#7742,#7749),.PCURVE_S1.);
#7739 = B_SPLINE_CURVE_WITH_KNOTS('',1,(#7740,#7741),.UNSPECIFIED.,.F.,
  .F.,(2,2),(29.,30.),.PIECEWISE_BEZIER_KNOTS.);
#7740 = CARTESIAN_POINT('',(140.9618,350.53033166479,110.59650654284));
#7741 = CARTESIAN_POINT('',(140.9618,350.91357936081,110.64672581705));
#7742 = PCURVE('',#7578,#7743);
#7743 = DEFINITIONAL_REPRESENTATION('',(#7744),#7748);
#7744 = LINE('',#7745,#7746);
#7745 = CARTESIAN_POINT('',(0.,0.));
#7746 = VECTOR('',#7747,1.);
#7747 = DIRECTION('',(1.,0.));
#7748 = ( GEOMETRIC_REPRESENTATION_CONTEXT(2) 
PARAMETRIC_REPRESENTATION_CONTEXT() REPRESENTATION_CONTEXT('2D SPACE',''
  ) );
#7749 = PCURVE('',#165,#7750);
#7750 = DEFINITIONAL_REPRESENTATION('',(#7751),#7754);
#7751 = B_SPLINE_CURVE_WITH_KNOTS('',1,(#7752,#7753),.UNSPECIFIED.,.F.,
  .F.,(2,2),(29.,30.),.PIECEWISE_BEZIER_KNOTS.);
#7752 = CARTESIAN_POINT('',(4.251763539979,-4.617766702779E-04));
#7753 = CARTESIAN_POINT('',(3.865239581799,-4.197969729631E-04));
#7754 = ( GEOMETRIC_REPRESENTATION_CONTEXT(2) 
PARAMETRIC_REPRESENTATION_CONTEXT() REPRESENTATION_CONTEXT('2D SPACE',''
  ) );
#7755 = ORIENTED_EDGE('',*,*,#7756,.T.);
#7756 = EDGE_CURVE('',#7736,#7757,#7759,.T.);
#7757 = VERTEX_POINT('',#7758);
#7758 = CARTESIAN_POINT('',(397.6403,352.18430356571,110.26540730531));
#7759 = SURFACE_CURVE('',#7760,(#7824,#7831),.PCURVE_S1.);
#7760 = ( BOUNDED_CURVE() B_SPLINE_CURVE(3,(#7761,#7762,#7763,#7764,
    #7765,#7766,#7767,#7768,#7769,#7770,#7771,#7772,#7773,#7774,#7775,
    #7776,#7777,#7778,#7779,#7780,#7781,#7782,#7783,#7784,#7785,#7786,
    #7787,#7788,#7789,#7790,#7791,#7792,#7793,#7794,#7795,#7796,#7797,
    #7798,#7799,#7800,#7801,#7802,#7803,#7804,#7805,#7806,#7807,#7808,
    #7809,#7810,#7811,#7812,#7813,#7814,#7815,#7816,#7817,#7818,#7819,
    #7820,#7821,#7822,#7823),.UNSPECIFIED.,.F.,.F.) 
B_SPLINE_CURVE_WITH_KNOTS((4,1,1,1,1,1,1,1,1,1,1,1,1,1,1,1,1,1,1,1,1,1,1
    ,1,1,1,1,1,1,1,1,1,1,1,1,1,1,1,1,1,1,1,1,1,1,1,1,1,1,1,1,1,1,1,1,1,1
    ,1,1,1,4),(0.,1.671834126768E-02,3.328707673398E-02,
    5.001744466419E-02,6.648650714478E-02,8.348892901119E-02,
    9.999486964001E-02,0.11646941087,0.133815549619,0.150618938677,
    0.167038735703,0.183454077407,0.199862498306,0.216272023155,
    0.232682039048,0.249094136,0.265517101832,0.28195250261,
    0.298446383618,0.315002877417,0.331625113939,0.348307612691,
    0.365035992875,0.381711213613,0.398301880653,0.414823418335,
    0.431326889702,0.448164125522,0.464772555536,0.481574851679,
    0.498833916597,0.516076325801,0.532869467448,0.550364700599,
    0.567182918644,0.58368017293,0.60020088702,0.616790522208,
    0.633466402799,0.650196996519,0.66688122827,0.683506031496,
    0.700063533111,0.716557401724,0.732992840875,0.749415744672,
    0.765827967007,0.78223726506,0.798647812608,0.815056815176,
    0.831475231221,0.84789937286,0.864694545606,0.881987572306,
    0.898456926779,0.91536479181,0.932301655256,0.949102498792,
0.966203962862,0.982810298735,1.),.UNSPECIFIED.) CURVE() 
GEOMETRIC_REPRESENTATION_ITEM() RATIONAL_B_SPLINE_CURVE((1.,
    1.000000000007,0.999999999997,1.000000000001,1.,1.,1.,1.,1.,1.,1.,1.
    ,1.,1.,1.,1.,1.,1.,1.,1.,1.,1.,1.,1.,1.,1.,1.,1.,1.,1.,1.,1.,1.,1.,
    1.,1.,1.,1.,1.,1.,1.,1.,1.,1.,1.,1.,1.,1.,1.,1.,1.,1.,1.,1.,1.,1.,1.
    ,1.,1.000000000001,0.999999999996,1.000000000014,0.999999999969,1.))
 REPRESENTATION_ITEM('') );
#7761 = CARTESIAN_POINT('',(140.9618,350.91357936081,110.64672581705));
#7762 = CARTESIAN_POINT('',(142.09540904743,349.10073586353,
    110.38979650491));
#7763 = CARTESIAN_POINT('',(145.34352279277,351.18750574189,
    110.75441484032));
#7764 = CARTESIAN_POINT('',(149.51920541273,350.33722723236,
    110.68980275031));
#7765 = CARTESIAN_POINT('',(153.74675028087,349.34320661295,
    110.64283205073));
#7766 = CARTESIAN_POINT('',(158.17058310233,349.31475502714,
    110.75908397095));
#7767 = CARTESIAN_POINT('',(162.26698448152,348.17734056355,
    110.66743368416));
#7768 = CARTESIAN_POINT('',(166.61873526807,348.72943916425,
    110.80937917738));
#7769 = CARTESIAN_POINT('',(171.05025168138,348.36660175164,
    110.74702828374));
#7770 = CARTESIAN_POINT('',(175.09238100893,349.98150913159,
    111.00300424041));
#7771 = CARTESIAN_POINT('',(179.41643525083,349.94857091034,
    110.9464131416));
#7772 = CARTESIAN_POINT('',(183.74465399728,350.03530930275,
    110.91849505597));
#7773 = CARTESIAN_POINT('',(188.01748830499,349.98707702092,
    110.84669134805));
#7774 = CARTESIAN_POINT('',(192.29804434258,350.04831557307,
    110.80021498101));
#7775 = CARTESIAN_POINT('',(196.57544693057,350.0211136066,110.725890299
    ));
#7776 = CARTESIAN_POINT('',(200.85359337877,349.98406066801,
    110.64805996339));
#7777 = CARTESIAN_POINT('',(205.13313267918,350.01744049372,
    110.57739232583));
#7778 = CARTESIAN_POINT('',(209.41029445154,350.15788078133,
    110.47579729407));
#7779 = CARTESIAN_POINT('',(213.69566833045,350.22118465437,
    110.32695529916));
#7780 = CARTESIAN_POINT('',(217.97323994091,350.57464424461,
    110.14467426079));
#7781 = CARTESIAN_POINT('',(222.25201002744,350.99743904586,
    109.90175044922));
#7782 = CARTESIAN_POINT('',(226.52878947893,351.59930477985,
    109.61730381758));
#7783 = CARTESIAN_POINT('',(230.80631705996,352.26357128157,
    109.31222844213));
#7784 = CARTESIAN_POINT('',(235.06961741834,353.07237015916,
    108.99033634322));
#7785 = CARTESIAN_POINT('',(239.34364675972,353.74940785605,
    108.71291224756));
#7786 = CARTESIAN_POINT('',(243.62590118763,354.33011820319,
    108.5640264628));
#7787 = CARTESIAN_POINT('',(247.90145862716,354.52116047477,
    108.42975218564));
#7788 = CARTESIAN_POINT('',(252.24748803221,354.54867180964,
    108.71768620939));
#7789 = CARTESIAN_POINT('',(256.42226459116,353.88111726701,
    107.92224236315));
#7790 = CARTESIAN_POINT('',(260.774587196,354.24720687545,
    107.73281666251));
#7791 = CARTESIAN_POINT('',(265.08553351846,353.60625900376,
    106.96837092938));
#7792 = CARTESIAN_POINT('',(269.30435854157,353.13455783933,
    107.03107656066));
#7793 = CARTESIAN_POINT('',(273.49463672784,352.50513120878,
    106.44686052122));
#7794 = CARTESIAN_POINT('',(277.98553204283,352.49436069348,
    106.83921776621));
#7795 = CARTESIAN_POINT('',(282.02098866206,351.56802388394,
    106.45860753353));
#7796 = CARTESIAN_POINT('',(286.37785805657,351.68502295301,
    106.46276688496));
#7797 = CARTESIAN_POINT('',(290.69560185407,352.17140087952,
    105.69335092592));
#7798 = CARTESIAN_POINT('',(294.97762712103,353.11183728982,
    105.28043426169));
#7799 = CARTESIAN_POINT('',(299.25829278307,354.25710992355,
    105.11719968969));
#7800 = CARTESIAN_POINT('',(303.53281780748,355.57498119041,
    105.20943039553));
#7801 = CARTESIAN_POINT('',(307.79563331651,357.08076882911,
    105.51255767011));
#7802 = CARTESIAN_POINT('',(312.07349323989,358.47508947728,
    105.89519509021));
#7803 = CARTESIAN_POINT('',(316.34983972698,359.73068245777,
    106.25314917409));
#7804 = CARTESIAN_POINT('',(320.62873034613,360.78962873937,
    106.60261320425));
#7805 = CARTESIAN_POINT('',(324.90645535717,361.62415209417,
    106.91322822478));
#7806 = CARTESIAN_POINT('',(329.19177427478,361.96548374245,
    107.25771426461));
#7807 = CARTESIAN_POINT('',(333.46902839726,362.35635352436,
    107.49128400644));
#7808 = CARTESIAN_POINT('',(337.74832561117,362.48743576165,
    107.74920279052));
#7809 = CARTESIAN_POINT('',(342.02697062847,362.49775060869,
    107.98021708456));
#7810 = CARTESIAN_POINT('',(346.30391351544,362.37171114262,
    108.20676746595));
#7811 = CARTESIAN_POINT('',(350.58496238288,362.38795549187,
    108.36483778108));
#7812 = CARTESIAN_POINT('',(354.8577723004,362.20062208454,
    108.5703912475));
#7813 = CARTESIAN_POINT('',(359.18388688825,361.82149624238,
    108.78387816219));
#7814 = CARTESIAN_POINT('',(363.5052046971,361.65144472739,
    108.92829274522));
#7815 = CARTESIAN_POINT('',(367.54865046447,361.46610900786,
    109.06066610686));
#7816 = CARTESIAN_POINT('',(372.05847150757,360.78689034635,
    109.23150816669));
#7817 = CARTESIAN_POINT('',(376.24564436291,360.89513511441,
    109.28027489988));
#7818 = CARTESIAN_POINT('',(380.50353796332,358.07105473464,
    109.63724085531));
#7819 = CARTESIAN_POINT('',(384.85798865987,357.08443516854,
    109.76329862774));
#7820 = CARTESIAN_POINT('',(389.02722072527,355.10675163167,
    109.95399017356));
#7821 = CARTESIAN_POINT('',(393.32393006004,353.07508402149,
    110.16534693202));
#7822 = CARTESIAN_POINT('',(396.53994441614,355.19490275296,
    109.97702868867));
#7823 = CARTESIAN_POINT('',(397.6403,352.18430356571,110.26540730531));
#7824 = PCURVE('',#7578,#7825);
#7825 = DEFINITIONAL_REPRESENTATION('',(#7826),#7830);
#7826 = LINE('',#7827,#7828);
#7827 = CARTESIAN_POINT('',(30.,0.));
#7828 = VECTOR('',#7829,1.);
#7829 = DIRECTION('',(0.,1.));
#7830 = ( GEOMETRIC_REPRESENTATION_CONTEXT(2) 
PARAMETRIC_REPRESENTATION_CONTEXT() REPRESENTATION_CONTEXT('2D SPACE',''
  ) );
#7831 = PCURVE('',#7832,#7959);
#7832 = ( BOUNDED_SURFACE() B_SPLINE_SURFACE(1,3,(
    (#7833,#7834,#7835,#7836,#7837,#7838,#7839,#7840,#7841,#7842,#7843
      ,#7844,#7845,#7846,#7847,#7848,#7849,#7850,#7851,#7852,#7853,#7854
      ,#7855,#7856,#7857,#7858,#7859,#7860,#7861,#7862,#7863,#7864,#7865
      ,#7866,#7867,#7868,#7869,#7870,#7871,#7872,#7873,#7874,#7875,#7876
      ,#7877,#7878,#7879,#7880,#7881,#7882,#7883,#7884,#7885,#7886,#7887
      ,#7888,#7889,#7890,#7891,#7892,#7893,#7894,#7895)
    ,(#7896,#7897,#7898,#7899,#7900,#7901,#7902,#7903,#7904,#7905,#7906
      ,#7907,#7908,#7909,#7910,#7911,#7912,#7913,#7914,#7915,#7916,#7917
      ,#7918,#7919,#7920,#7921,#7922,#7923,#7924,#7925,#7926,#7927,#7928
      ,#7929,#7930,#7931,#7932,#7933,#7934,#7935,#7936,#7937,#7938,#7939
      ,#7940,#7941,#7942,#7943,#7944,#7945,#7946,#7947,#7948,#7949,#7950
      ,#7951,#7952,#7953,#7954,#7955,#7956,#7957,#7958
)),.UNSPECIFIED.,.F.,.F.,.F.) B_SPLINE_SURFACE_WITH_KNOTS((2,2),(4,1,1,1
    ,1,1,1,1,1,1,1,1,1,1,1,1,1,1,1,1,1,1,1,1,1,1,1,1,1,1,1,1,1,1,1,1,1,1
    ,1,1,1,1,1,1,1,1,1,1,1,1,1,1,1,1,1,1,1,1,1,1,4),(30.,31.),(0.,
    1.671834126768E-02,3.328707673398E-02,5.001744466419E-02,
    6.648650714478E-02,8.348892901119E-02,9.999486964001E-02,
    0.11646941087,0.133815549619,0.150618938677,0.167038735703,
    0.183454077407,0.199862498306,0.216272023155,0.232682039048,
    0.249094136,0.265517101832,0.28195250261,0.298446383618,
    0.315002877417,0.331625113939,0.348307612691,0.365035992875,
    0.381711213613,0.398301880653,0.414823418335,0.431326889702,
    0.448164125522,0.464772555536,0.481574851679,0.498833916597,
    0.516076325801,0.532869467448,0.550364700599,0.567182918644,
    0.58368017293,0.60020088702,0.616790522208,0.633466402799,
    0.650196996519,0.66688122827,0.683506031496,0.700063533111,
    0.716557401724,0.732992840875,0.749415744672,0.765827967007,
    0.78223726506,0.798647812608,0.815056815176,0.831475231221,
    0.84789937286,0.864694545606,0.881987572306,0.898456926779,
    0.91536479181,0.932301655256,0.949102498792,0.966203962862,
0.982810298735,1.),.UNSPECIFIED.) GEOMETRIC_REPRESENTATION_ITEM() 
RATIONAL_B_SPLINE_SURFACE((
    (1.,1.000000000007,0.999999999997,1.000000000001,1.,1.,1.,1.,1.,1.
      ,1.,1.,1.,1.,1.,1.,1.,1.,1.,1.,1.,1.,1.,1.,1.,1.,1.,1.,1.,1.,1.,1.
      ,1.,1.,1.,1.,1.,1.,1.,1.,1.,1.,1.,1.,1.,1.,1.,1.,1.,1.,1.,1.,1.,1.
      ,1.,1.,1.,1.,1.000000000001,0.999999999996,1.000000000014
      ,0.999999999969,1.)
    ,(1.,1.000000000007,0.999999999997,1.000000000001,1.,1.,1.,1.,1.,1.
      ,1.,1.,1.,1.,1.,1.,1.,1.,1.,1.,1.,1.,1.,1.,1.,1.,1.,1.,1.,1.,1.,1.
      ,1.,1.,1.,1.,1.,1.,1.,1.,1.,1.,1.,1.,1.,1.,1.,1.,1.,1.,1.,1.,1.,1.
      ,1.,1.,1.,1.,1.000000000001,0.999999999996,1.000000000014
,0.999999999969,1.))) REPRESENTATION_ITEM('') SURFACE() );
#7833 = CARTESIAN_POINT('',(140.9618,350.91357936081,110.64672581705));
#7834 = CARTESIAN_POINT('',(142.09540904743,349.10073586353,
    110.38979650491));
#7835 = CARTESIAN_POINT('',(145.34352279277,351.18750574189,
    110.75441484032));
#7836 = CARTESIAN_POINT('',(149.51920541273,350.33722723236,
    110.68980275031));
#7837 = CARTESIAN_POINT('',(153.74675028087,349.34320661295,
    110.64283205073));
#7838 = CARTESIAN_POINT('',(158.17058310233,349.31475502714,
    110.75908397095));
#7839 = CARTESIAN_POINT('',(162.26698448152,348.17734056355,
    110.66743368416));
#7840 = CARTESIAN_POINT('',(166.61873526807,348.72943916425,
    110.80937917738));
#7841 = CARTESIAN_POINT('',(171.05025168138,348.36660175164,
    110.74702828374));
#7842 = CARTESIAN_POINT('',(175.09238100893,349.98150913159,
    111.00300424041));
#7843 = CARTESIAN_POINT('',(179.41643525083,349.94857091034,
    110.9464131416));
#7844 = CARTESIAN_POINT('',(183.74465399728,350.03530930275,
    110.91849505597));
#7845 = CARTESIAN_POINT('',(188.01748830499,349.98707702092,
    110.84669134805));
#7846 = CARTESIAN_POINT('',(192.29804434258,350.04831557307,
    110.80021498101));
#7847 = CARTESIAN_POINT('',(196.57544693057,350.0211136066,110.725890299
    ));
#7848 = CARTESIAN_POINT('',(200.85359337877,349.98406066801,
    110.64805996339));
#7849 = CARTESIAN_POINT('',(205.13313267918,350.01744049372,
    110.57739232583));
#7850 = CARTESIAN_POINT('',(209.41029445154,350.15788078133,
    110.47579729407));
#7851 = CARTESIAN_POINT('',(213.69566833045,350.22118465437,
    110.32695529916));
#7852 = CARTESIAN_POINT('',(217.97323994091,350.57464424461,
    110.14467426079));
#7853 = CARTESIAN_POINT('',(222.25201002744,350.99743904586,
    109.90175044922));
#7854 = CARTESIAN_POINT('',(226.52878947893,351.59930477985,
    109.61730381758));
#7855 = CARTESIAN_POINT('',(230.80631705996,352.26357128157,
    109.31222844213));
#7856 = CARTESIAN_POINT('',(235.06961741834,353.07237015916,
    108.99033634322));
#7857 = CARTESIAN_POINT('',(239.34364675972,353.74940785605,
    108.71291224756));
#7858 = CARTESIAN_POINT('',(243.62590118763,354.33011820319,
    108.5640264628));
#7859 = CARTESIAN_POINT('',(247.90145862716,354.52116047477,
    108.42975218564));
#7860 = CARTESIAN_POINT('',(252.24748803221,354.54867180964,
    108.71768620939));
#7861 = CARTESIAN_POINT('',(256.42226459116,353.88111726701,
    107.92224236315));
#7862 = CARTESIAN_POINT('',(260.774587196,354.24720687545,
    107.73281666251));
#7863 = CARTESIAN_POINT('',(265.08553351846,353.60625900376,
    106.96837092938));
#7864 = CARTESIAN_POINT('',(269.30435854157,353.13455783933,
    107.03107656066));
#7865 = CARTESIAN_POINT('',(273.49463672784,352.50513120878,
    106.44686052122));
#7866 = CARTESIAN_POINT('',(277.98553204283,352.49436069348,
    106.83921776621));
#7867 = CARTESIAN_POINT('',(282.02098866206,351.56802388394,
    106.45860753353));
#7868 = CARTESIAN_POINT('',(286.37785805657,351.68502295301,
    106.46276688496));
#7869 = CARTESIAN_POINT('',(290.69560185407,352.17140087952,
    105.69335092592));
#7870 = CARTESIAN_POINT('',(294.97762712103,353.11183728982,
    105.28043426169));
#7871 = CARTESIAN_POINT('',(299.25829278307,354.25710992355,
    105.11719968969));
#7872 = CARTESIAN_POINT('',(303.53281780748,355.57498119041,
    105.20943039553));
#7873 = CARTESIAN_POINT('',(307.79563331651,357.08076882911,
    105.51255767011));
#7874 = CARTESIAN_POINT('',(312.07349323989,358.47508947728,
    105.89519509021));
#7875 = CARTESIAN_POINT('',(316.34983972698,359.73068245777,
    106.25314917409));
#7876 = CARTESIAN_POINT('',(320.62873034613,360.78962873937,
    106.60261320425));
#7877 = CARTESIAN_POINT('',(324.90645535717,361.62415209417,
    106.91322822478));
#7878 = CARTESIAN_POINT('',(329.19177427478,361.96548374245,
    107.25771426461));
#7879 = CARTESIAN_POINT('',(333.46902839726,362.35635352436,
    107.49128400644));
#7880 = CARTESIAN_POINT('',(337.74832561117,362.48743576165,
    107.74920279052));
#7881 = CARTESIAN_POINT('',(342.02697062847,362.49775060869,
    107.98021708456));
#7882 = CARTESIAN_POINT('',(346.30391351544,362.37171114262,
    108.20676746595));
#7883 = CARTESIAN_POINT('',(350.58496238288,362.38795549187,
    108.36483778108));
#7884 = CARTESIAN_POINT('',(354.8577723004,362.20062208454,
    108.5703912475));
#7885 = CARTESIAN_POINT('',(359.18388688825,361.82149624238,
    108.78387816219));
#7886 = CARTESIAN_POINT('',(363.5052046971,361.65144472739,
    108.92829274522));
#7887 = CARTESIAN_POINT('',(367.54865046447,361.46610900786,
    109.06066610686));
#7888 = CARTESIAN_POINT('',(372.05847150757,360.78689034635,
    109.23150816669));
#7889 = CARTESIAN_POINT('',(376.24564436291,360.89513511441,
    109.28027489988));
#7890 = CARTESIAN_POINT('',(380.50353796332,358.07105473464,
    109.63724085531));
#7891 = CARTESIAN_POINT('',(384.85798865987,357.08443516854,
    109.76329862774));
#7892 = CARTESIAN_POINT('',(389.02722072527,355.10675163167,
    109.95399017356));
#7893 = CARTESIAN_POINT('',(393.32393006004,353.07508402149,
    110.16534693202));
#7894 = CARTESIAN_POINT('',(396.53994441614,355.19490275296,
    109.97702868867));
#7895 = CARTESIAN_POINT('',(397.6403,352.18430356571,110.26540730531));
#7896 = CARTESIAN_POINT('',(140.9618,351.29682705684,110.69694509126));
#7897 = CARTESIAN_POINT('',(142.09540904743,349.68506778307,
    110.46784241279));
#7898 = CARTESIAN_POINT('',(145.34352279277,351.6317090417,
    110.81836936795));
#7899 = CARTESIAN_POINT('',(149.51920541273,350.96824881168,
    110.78194496047));
#7900 = CARTESIAN_POINT('',(153.74675028087,350.01732422654,
    110.74250178161));
#7901 = CARTESIAN_POINT('',(158.17058310233,349.94286438382,
    110.85772182418));
#7902 = CARTESIAN_POINT('',(162.26698448152,349.04458328081,
    110.80834361535));
#7903 = CARTESIAN_POINT('',(166.61873526807,349.64027372671,
    110.96939604361));
#7904 = CARTESIAN_POINT('',(171.05025168138,349.31261143501,
    110.92511671061));
#7905 = CARTESIAN_POINT('',(175.09238100893,351.12090175089,
    111.22157976293));
#7906 = CARTESIAN_POINT('',(179.41643525083,351.26777516783,
    111.20957352971));
#7907 = CARTESIAN_POINT('',(183.74465399728,351.34376233965,
    111.19208519874));
#7908 = CARTESIAN_POINT('',(188.01748830499,351.33135945657,
    111.13769271125));
#7909 = CARTESIAN_POINT('',(192.29804434258,351.39380649471,
    111.10568518424));
#7910 = CARTESIAN_POINT('',(196.57544693057,351.3778458162,
    111.0504849895));
#7911 = CARTESIAN_POINT('',(200.85359337877,351.34729089789,
    110.98289393135));
#7912 = CARTESIAN_POINT('',(205.13313267918,351.36840913967,
    110.93881283709));
#7913 = CARTESIAN_POINT('',(209.41029445154,351.47897104529,
    110.86467987269));
#7914 = CARTESIAN_POINT('',(213.69566833045,351.51794060078,
    110.72682599703));
#7915 = CARTESIAN_POINT('',(217.97323994091,351.81424829183,
    110.56190875031));
#7916 = CARTESIAN_POINT('',(222.25201002744,352.16902661265,
    110.33936517067));
#7917 = CARTESIAN_POINT('',(226.52878947893,352.69576708662,
    110.05971478735));
#7918 = CARTESIAN_POINT('',(230.80631705996,353.27940909411,
    109.75565202106));
#7919 = CARTESIAN_POINT('',(235.06961741834,354.00088506454,
    109.44252499267));
#7920 = CARTESIAN_POINT('',(239.34364675972,354.60132590906,
    109.14487534759));
#7921 = CARTESIAN_POINT('',(243.62590118763,355.11236002969,
    108.96156060203));
#7922 = CARTESIAN_POINT('',(247.90145862716,355.22217025805,
    108.80006176479));
#7923 = CARTESIAN_POINT('',(252.24748803221,355.22177991002,
    109.0074383092));
#7924 = CARTESIAN_POINT('',(256.42226459116,354.3643111793,
    108.32232790131));
#7925 = CARTESIAN_POINT('',(260.774587196,354.60546586192,
    108.16574668523));
#7926 = CARTESIAN_POINT('',(265.08553351846,353.78591069784,
    107.55680817588));
#7927 = CARTESIAN_POINT('',(269.30435854157,353.36928718334,
    107.51619295233));
#7928 = CARTESIAN_POINT('',(273.49463672784,352.70656647071,
    106.93181145788));
#7929 = CARTESIAN_POINT('',(277.98553204283,352.89930870361,
    107.16334209416));
#7930 = CARTESIAN_POINT('',(282.02098866206,351.97991727154,
    106.84857341548));
#7931 = CARTESIAN_POINT('',(286.37785805657,352.24316232892,
    106.76123915495));
#7932 = CARTESIAN_POINT('',(290.69560185407,352.72695269574,
    106.10995674362));
#7933 = CARTESIAN_POINT('',(294.97762712103,353.73675733185,
    105.73045947199));
#7934 = CARTESIAN_POINT('',(299.25829278307,354.94236354619,
    105.52323545721));
#7935 = CARTESIAN_POINT('',(303.53281780748,356.42106196079,
    105.49425214424));
#7936 = CARTESIAN_POINT('',(307.79563331651,358.08293489832,
    105.61507258455));
#7937 = CARTESIAN_POINT('',(312.07349323989,359.57592194077,
    105.85127032956));
#7938 = CARTESIAN_POINT('',(316.34983972698,360.91860477925,
    106.08959139396));
#7939 = CARTESIAN_POINT('',(320.62873034613,362.03048352335,
    106.36345001699));
#7940 = CARTESIAN_POINT('',(324.90645535717,362.94603331055,
    106.56128238445));
#7941 = CARTESIAN_POINT('',(329.19177427478,363.30206616244,
    106.89790124321));
#7942 = CARTESIAN_POINT('',(333.46902839726,363.70679222382,
    107.16101531677));
#7943 = CARTESIAN_POINT('',(337.74832561117,363.84769195367,
    107.42824512513));
#7944 = CARTESIAN_POINT('',(342.02697062847,363.85868661598,
    107.68540742375));
#7945 = CARTESIAN_POINT('',(346.30391351544,363.7161334347,
    107.93186884577));
#7946 = CARTESIAN_POINT('',(350.58496238288,363.72662432447,
    108.1080967883));
#7947 = CARTESIAN_POINT('',(354.8577723004,363.51254238998,
    108.3005648194));
#7948 = CARTESIAN_POINT('',(359.18388688825,363.11367683226,
    108.53525866201));
#7949 = CARTESIAN_POINT('',(363.5052046971,362.84222345177,
    108.70006166998));
#7950 = CARTESIAN_POINT('',(367.54865046447,362.45851537944,
    108.87236701903));
#7951 = CARTESIAN_POINT('',(372.05847150757,361.77135264283,
    109.05608921128));
#7952 = CARTESIAN_POINT('',(376.24564436291,361.72714729161,
    109.1393661431));
#7953 = CARTESIAN_POINT('',(380.50353796332,358.71895196229,
    109.52929494473));
#7954 = CARTESIAN_POINT('',(384.85798865987,357.69501570255,
    109.67153303987));
#7955 = CARTESIAN_POINT('',(389.02722072527,355.65790837711,
    109.87408365284));
#7956 = CARTESIAN_POINT('',(393.32393006004,353.46556402131,
    110.1075977168));
#7957 = CARTESIAN_POINT('',(396.53994441614,355.58740944835,
    109.93017005418));
#7958 = CARTESIAN_POINT('',(397.6403,352.55434213299,110.21734364425));
#7959 = DEFINITIONAL_REPRESENTATION('',(#7960),#7964);
#7960 = LINE('',#7961,#7962);
#7961 = CARTESIAN_POINT('',(30.,0.));
#7962 = VECTOR('',#7963,1.);
#7963 = DIRECTION('',(0.,1.));
#7964 = ( GEOMETRIC_REPRESENTATION_CONTEXT(2) 
PARAMETRIC_REPRESENTATION_CONTEXT() REPRESENTATION_CONTEXT('2D SPACE',''
  ) );
#7965 = ORIENTED_EDGE('',*,*,#7966,.F.);
#7966 = EDGE_CURVE('',#7503,#7757,#7967,.T.);
#7967 = SURFACE_CURVE('',#7968,(#7971,#7978),.PCURVE_S1.);
#7968 = B_SPLINE_CURVE_WITH_KNOTS('',1,(#7969,#7970),.UNSPECIFIED.,.F.,
  .F.,(2,2),(29.,30.),.PIECEWISE_BEZIER_KNOTS.);
#7969 = CARTESIAN_POINT('',(397.6403,351.81426499843,110.31347096637));
#7970 = CARTESIAN_POINT('',(397.6403,352.18430356571,110.26540730531));
#7971 = PCURVE('',#7578,#7972);
#7972 = DEFINITIONAL_REPRESENTATION('',(#7973),#7977);
#7973 = LINE('',#7974,#7975);
#7974 = CARTESIAN_POINT('',(0.,1.));
#7975 = VECTOR('',#7976,1.);
#7976 = DIRECTION('',(1.,0.));
#7977 = ( GEOMETRIC_REPRESENTATION_CONTEXT(2) 
PARAMETRIC_REPRESENTATION_CONTEXT() REPRESENTATION_CONTEXT('2D SPACE',''
  ) );
#7978 = PCURVE('',#401,#7979);
#7979 = DEFINITIONAL_REPRESENTATION('',(#7980),#7983);
#7980 = B_SPLINE_CURVE_WITH_KNOTS('',1,(#7981,#7982),.UNSPECIFIED.,.F.,
  .F.,(2,2),(29.,30.),.PIECEWISE_BEZIER_KNOTS.);
#7981 = CARTESIAN_POINT('',(-2.540982763978,0.165821794463));
#7982 = CARTESIAN_POINT('',(-2.914018729695,0.174922622543));
#7983 = ( GEOMETRIC_REPRESENTATION_CONTEXT(2) 
PARAMETRIC_REPRESENTATION_CONTEXT() REPRESENTATION_CONTEXT('2D SPACE',''
  ) );
#7984 = ORIENTED_EDGE('',*,*,#7502,.F.);
#7985 = ADVANCED_FACE('',(#7986),#7832,.T.);
#7986 = FACE_BOUND('',#7987,.T.);
#7987 = EDGE_LOOP('',(#7988,#8009,#8219,#8238));
#7988 = ORIENTED_EDGE('',*,*,#7989,.T.);
#7989 = EDGE_CURVE('',#7736,#7990,#7992,.T.);
#7990 = VERTEX_POINT('',#7991);
#7991 = CARTESIAN_POINT('',(140.9618,351.29682705684,110.69694509126));
#7992 = SURFACE_CURVE('',#7993,(#7996,#8003),.PCURVE_S1.);
#7993 = B_SPLINE_CURVE_WITH_KNOTS('',1,(#7994,#7995),.UNSPECIFIED.,.F.,
  .F.,(2,2),(30.,31.),.PIECEWISE_BEZIER_KNOTS.);
#7994 = CARTESIAN_POINT('',(140.9618,350.91357936081,110.64672581705));
#7995 = CARTESIAN_POINT('',(140.9618,351.29682705684,110.69694509126));
#7996 = PCURVE('',#7832,#7997);
#7997 = DEFINITIONAL_REPRESENTATION('',(#7998),#8002);
#7998 = LINE('',#7999,#8000);
#7999 = CARTESIAN_POINT('',(0.,0.));
#8000 = VECTOR('',#8001,1.);
#8001 = DIRECTION('',(1.,0.));
#8002 = ( GEOMETRIC_REPRESENTATION_CONTEXT(2) 
PARAMETRIC_REPRESENTATION_CONTEXT() REPRESENTATION_CONTEXT('2D SPACE',''
  ) );
#8003 = PCURVE('',#165,#8004);
#8004 = DEFINITIONAL_REPRESENTATION('',(#8005),#8008);
#8005 = B_SPLINE_CURVE_WITH_KNOTS('',1,(#8006,#8007),.UNSPECIFIED.,.F.,
  .F.,(2,2),(30.,31.),.PIECEWISE_BEZIER_KNOTS.);
#8006 = CARTESIAN_POINT('',(3.865239581799,-4.197969729631E-04));
#8007 = CARTESIAN_POINT('',(3.478715623619,-3.778172756768E-04));
#8008 = ( GEOMETRIC_REPRESENTATION_CONTEXT(2) 
PARAMETRIC_REPRESENTATION_CONTEXT() REPRESENTATION_CONTEXT('2D SPACE',''
  ) );
#8009 = ORIENTED_EDGE('',*,*,#8010,.T.);
#8010 = EDGE_CURVE('',#7990,#8011,#8013,.T.);
#8011 = VERTEX_POINT('',#8012);
#8012 = CARTESIAN_POINT('',(397.6403,352.55434213299,110.21734364425));
#8013 = SURFACE_CURVE('',#8014,(#8078,#8085),.PCURVE_S1.);
#8014 = ( BOUNDED_CURVE() B_SPLINE_CURVE(3,(#8015,#8016,#8017,#8018,
    #8019,#8020,#8021,#8022,#8023,#8024,#8025,#8026,#8027,#8028,#8029,
    #8030,#8031,#8032,#8033,#8034,#8035,#8036,#8037,#8038,#8039,#8040,
    #8041,#8042,#8043,#8044,#8045,#8046,#8047,#8048,#8049,#8050,#8051,
    #8052,#8053,#8054,#8055,#8056,#8057,#8058,#8059,#8060,#8061,#8062,
    #8063,#8064,#8065,#8066,#8067,#8068,#8069,#8070,#8071,#8072,#8073,
    #8074,#8075,#8076,#8077),.UNSPECIFIED.,.F.,.F.) 
B_SPLINE_CURVE_WITH_KNOTS((4,1,1,1,1,1,1,1,1,1,1,1,1,1,1,1,1,1,1,1,1,1,1
    ,1,1,1,1,1,1,1,1,1,1,1,1,1,1,1,1,1,1,1,1,1,1,1,1,1,1,1,1,1,1,1,1,1,1
    ,1,1,1,4),(0.,1.671834126768E-02,3.328707673398E-02,
    5.001744466419E-02,6.648650714478E-02,8.348892901119E-02,
    9.999486964001E-02,0.11646941087,0.133815549619,0.150618938677,
    0.167038735703,0.183454077407,0.199862498306,0.216272023155,
    0.232682039048,0.249094136,0.265517101832,0.28195250261,
    0.298446383618,0.315002877417,0.331625113939,0.348307612691,
    0.365035992875,0.381711213613,0.398301880653,0.414823418335,
    0.431326889702,0.448164125522,0.464772555536,0.481574851679,
    0.498833916597,0.516076325801,0.532869467448,0.550364700599,
    0.567182918644,0.58368017293,0.60020088702,0.616790522208,
    0.633466402799,0.650196996519,0.66688122827,0.683506031496,
    0.700063533111,0.716557401724,0.732992840875,0.749415744672,
    0.765827967007,0.78223726506,0.798647812608,0.815056815176,
    0.831475231221,0.84789937286,0.864694545606,0.881987572306,
    0.898456926779,0.91536479181,0.932301655256,0.949102498792,
0.966203962862,0.982810298735,1.),.UNSPECIFIED.) CURVE() 
GEOMETRIC_REPRESENTATION_ITEM() RATIONAL_B_SPLINE_CURVE((1.,
    1.000000000007,0.999999999997,1.000000000001,1.,1.,1.,1.,1.,1.,1.,1.
    ,1.,1.,1.,1.,1.,1.,1.,1.,1.,1.,1.,1.,1.,1.,1.,1.,1.,1.,1.,1.,1.,1.,
    1.,1.,1.,1.,1.,1.,1.,1.,1.,1.,1.,1.,1.,1.,1.,1.,1.,1.,1.,1.,1.,1.,1.
    ,1.,1.000000000001,0.999999999996,1.000000000014,0.999999999969,1.))
 REPRESENTATION_ITEM('') );
#8015 = CARTESIAN_POINT('',(140.9618,351.29682705684,110.69694509126));
#8016 = CARTESIAN_POINT('',(142.09540904743,349.68506778307,
    110.46784241279));
#8017 = CARTESIAN_POINT('',(145.34352279277,351.6317090417,
    110.81836936795));
#8018 = CARTESIAN_POINT('',(149.51920541273,350.96824881168,
    110.78194496047));
#8019 = CARTESIAN_POINT('',(153.74675028087,350.01732422654,
    110.74250178161));
#8020 = CARTESIAN_POINT('',(158.17058310233,349.94286438382,
    110.85772182418));
#8021 = CARTESIAN_POINT('',(162.26698448152,349.04458328081,
    110.80834361535));
#8022 = CARTESIAN_POINT('',(166.61873526807,349.64027372671,
    110.96939604361));
#8023 = CARTESIAN_POINT('',(171.05025168138,349.31261143501,
    110.92511671061));
#8024 = CARTESIAN_POINT('',(175.09238100893,351.12090175089,
    111.22157976293));
#8025 = CARTESIAN_POINT('',(179.41643525083,351.26777516783,
    111.20957352971));
#8026 = CARTESIAN_POINT('',(183.74465399728,351.34376233965,
    111.19208519874));
#8027 = CARTESIAN_POINT('',(188.01748830499,351.33135945657,
    111.13769271125));
#8028 = CARTESIAN_POINT('',(192.29804434258,351.39380649471,
    111.10568518424));
#8029 = CARTESIAN_POINT('',(196.57544693057,351.3778458162,
    111.0504849895));
#8030 = CARTESIAN_POINT('',(200.85359337877,351.34729089789,
    110.98289393135));
#8031 = CARTESIAN_POINT('',(205.13313267918,351.36840913967,
    110.93881283709));
#8032 = CARTESIAN_POINT('',(209.41029445154,351.47897104529,
    110.86467987269));
#8033 = CARTESIAN_POINT('',(213.69566833045,351.51794060078,
    110.72682599703));
#8034 = CARTESIAN_POINT('',(217.97323994091,351.81424829183,
    110.56190875031));
#8035 = CARTESIAN_POINT('',(222.25201002744,352.16902661265,
    110.33936517067));
#8036 = CARTESIAN_POINT('',(226.52878947893,352.69576708662,
    110.05971478735));
#8037 = CARTESIAN_POINT('',(230.80631705996,353.27940909411,
    109.75565202106));
#8038 = CARTESIAN_POINT('',(235.06961741834,354.00088506454,
    109.44252499267));
#8039 = CARTESIAN_POINT('',(239.34364675972,354.60132590906,
    109.14487534759));
#8040 = CARTESIAN_POINT('',(243.62590118763,355.11236002969,
    108.96156060203));
#8041 = CARTESIAN_POINT('',(247.90145862716,355.22217025805,
    108.80006176479));
#8042 = CARTESIAN_POINT('',(252.24748803221,355.22177991002,
    109.0074383092));
#8043 = CARTESIAN_POINT('',(256.42226459116,354.3643111793,
    108.32232790131));
#8044 = CARTESIAN_POINT('',(260.774587196,354.60546586192,
    108.16574668523));
#8045 = CARTESIAN_POINT('',(265.08553351846,353.78591069784,
    107.55680817588));
#8046 = CARTESIAN_POINT('',(269.30435854157,353.36928718334,
    107.51619295233));
#8047 = CARTESIAN_POINT('',(273.49463672784,352.70656647071,
    106.93181145788));
#8048 = CARTESIAN_POINT('',(277.98553204283,352.89930870361,
    107.16334209416));
#8049 = CARTESIAN_POINT('',(282.02098866206,351.97991727154,
    106.84857341548));
#8050 = CARTESIAN_POINT('',(286.37785805657,352.24316232892,
    106.76123915495));
#8051 = CARTESIAN_POINT('',(290.69560185407,352.72695269574,
    106.10995674362));
#8052 = CARTESIAN_POINT('',(294.97762712103,353.73675733185,
    105.73045947199));
#8053 = CARTESIAN_POINT('',(299.25829278307,354.94236354619,
    105.52323545721));
#8054 = CARTESIAN_POINT('',(303.53281780748,356.42106196079,
    105.49425214424));
#8055 = CARTESIAN_POINT('',(307.79563331651,358.08293489832,
    105.61507258455));
#8056 = CARTESIAN_POINT('',(312.07349323989,359.57592194077,
    105.85127032956));
#8057 = CARTESIAN_POINT('',(316.34983972698,360.91860477925,
    106.08959139396));
#8058 = CARTESIAN_POINT('',(320.62873034613,362.03048352335,
    106.36345001699));
#8059 = CARTESIAN_POINT('',(324.90645535717,362.94603331055,
    106.56128238445));
#8060 = CARTESIAN_POINT('',(329.19177427478,363.30206616244,
    106.89790124321));
#8061 = CARTESIAN_POINT('',(333.46902839726,363.70679222382,
    107.16101531677));
#8062 = CARTESIAN_POINT('',(337.74832561117,363.84769195367,
    107.42824512513));
#8063 = CARTESIAN_POINT('',(342.02697062847,363.85868661598,
    107.68540742375));
#8064 = CARTESIAN_POINT('',(346.30391351544,363.7161334347,
    107.93186884577));
#8065 = CARTESIAN_POINT('',(350.58496238288,363.72662432447,
    108.1080967883));
#8066 = CARTESIAN_POINT('',(354.8577723004,363.51254238998,
    108.3005648194));
#8067 = CARTESIAN_POINT('',(359.18388688825,363.11367683226,
    108.53525866201));
#8068 = CARTESIAN_POINT('',(363.5052046971,362.84222345177,
    108.70006166998));
#8069 = CARTESIAN_POINT('',(367.54865046447,362.45851537944,
    108.87236701903));
#8070 = CARTESIAN_POINT('',(372.05847150757,361.77135264283,
    109.05608921128));
#8071 = CARTESIAN_POINT('',(376.24564436291,361.72714729161,
    109.1393661431));
#8072 = CARTESIAN_POINT('',(380.50353796332,358.71895196229,
    109.52929494473));
#8073 = CARTESIAN_POINT('',(384.85798865987,357.69501570255,
    109.67153303987));
#8074 = CARTESIAN_POINT('',(389.02722072527,355.65790837711,
    109.87408365284));
#8075 = CARTESIAN_POINT('',(393.32393006004,353.46556402131,
    110.1075977168));
#8076 = CARTESIAN_POINT('',(396.53994441614,355.58740944835,
    109.93017005418));
#8077 = CARTESIAN_POINT('',(397.6403,352.55434213299,110.21734364425));
#8078 = PCURVE('',#7832,#8079);
#8079 = DEFINITIONAL_REPRESENTATION('',(#8080),#8084);
#8080 = LINE('',#8081,#8082);
#8081 = CARTESIAN_POINT('',(31.,0.));
#8082 = VECTOR('',#8083,1.);
#8083 = DIRECTION('',(0.,1.));
#8084 = ( GEOMETRIC_REPRESENTATION_CONTEXT(2) 
PARAMETRIC_REPRESENTATION_CONTEXT() REPRESENTATION_CONTEXT('2D SPACE',''
  ) );
#8085 = PCURVE('',#8086,#8213);
#8086 = ( BOUNDED_SURFACE() B_SPLINE_SURFACE(1,3,(
    (#8087,#8088,#8089,#8090,#8091,#8092,#8093,#8094,#8095,#8096,#8097
      ,#8098,#8099,#8100,#8101,#8102,#8103,#8104,#8105,#8106,#8107,#8108
      ,#8109,#8110,#8111,#8112,#8113,#8114,#8115,#8116,#8117,#8118,#8119
      ,#8120,#8121,#8122,#8123,#8124,#8125,#8126,#8127,#8128,#8129,#8130
      ,#8131,#8132,#8133,#8134,#8135,#8136,#8137,#8138,#8139,#8140,#8141
      ,#8142,#8143,#8144,#8145,#8146,#8147,#8148,#8149)
    ,(#8150,#8151,#8152,#8153,#8154,#8155,#8156,#8157,#8158,#8159,#8160
      ,#8161,#8162,#8163,#8164,#8165,#8166,#8167,#8168,#8169,#8170,#8171
      ,#8172,#8173,#8174,#8175,#8176,#8177,#8178,#8179,#8180,#8181,#8182
      ,#8183,#8184,#8185,#8186,#8187,#8188,#8189,#8190,#8191,#8192,#8193
      ,#8194,#8195,#8196,#8197,#8198,#8199,#8200,#8201,#8202,#8203,#8204
      ,#8205,#8206,#8207,#8208,#8209,#8210,#8211,#8212
)),.UNSPECIFIED.,.F.,.F.,.F.) B_SPLINE_SURFACE_WITH_KNOTS((2,2),(4,1,1,1
    ,1,1,1,1,1,1,1,1,1,1,1,1,1,1,1,1,1,1,1,1,1,1,1,1,1,1,1,1,1,1,1,1,1,1
    ,1,1,1,1,1,1,1,1,1,1,1,1,1,1,1,1,1,1,1,1,1,1,4),(31.,32.),(0.,
    1.671834126768E-02,3.328707673398E-02,5.001744466419E-02,
    6.648650714478E-02,8.348892901119E-02,9.999486964001E-02,
    0.11646941087,0.133815549619,0.150618938677,0.167038735703,
    0.183454077407,0.199862498306,0.216272023155,0.232682039048,
    0.249094136,0.265517101832,0.28195250261,0.298446383618,
    0.315002877417,0.331625113939,0.348307612691,0.365035992875,
    0.381711213613,0.398301880653,0.414823418335,0.431326889702,
    0.448164125522,0.464772555536,0.481574851679,0.498833916597,
    0.516076325801,0.532869467448,0.550364700599,0.567182918644,
    0.58368017293,0.60020088702,0.616790522208,0.633466402799,
    0.650196996519,0.66688122827,0.683506031496,0.700063533111,
    0.716557401724,0.732992840875,0.749415744672,0.765827967007,
    0.78223726506,0.798647812608,0.815056815176,0.831475231221,
    0.84789937286,0.864694545606,0.881987572306,0.898456926779,
    0.91536479181,0.932301655256,0.949102498792,0.966203962862,
0.982810298735,1.),.UNSPECIFIED.) GEOMETRIC_REPRESENTATION_ITEM() 
RATIONAL_B_SPLINE_SURFACE((
    (1.,1.000000000007,0.999999999997,1.000000000001,1.,1.,1.,1.,1.,1.
      ,1.,1.,1.,1.,1.,1.,1.,1.,1.,1.,1.,1.,1.,1.,1.,1.,1.,1.,1.,1.,1.,1.
      ,1.,1.,1.,1.,1.,1.,1.,1.,1.,1.,1.,1.,1.,1.,1.,1.,1.,1.,1.,1.,1.,1.
      ,1.,1.,1.,1.,1.000000000001,0.999999999996,1.000000000014
      ,0.999999999969,1.)
    ,(1.,1.000000000007,0.999999999997,1.000000000001,1.,1.,1.,1.,1.,1.
      ,1.,1.,1.,1.,1.,1.,1.,1.,1.,1.,1.,1.,1.,1.,1.,1.,1.,1.,1.,1.,1.,1.
      ,1.,1.,1.,1.,1.,1.,1.,1.,1.,1.,1.,1.,1.,1.,1.,1.,1.,1.,1.,1.,1.,1.
      ,1.,1.,1.,1.,1.000000000001,0.999999999996,1.000000000014
,0.999999999969,1.))) REPRESENTATION_ITEM('') SURFACE() );
#8087 = CARTESIAN_POINT('',(140.9618,351.29682705684,110.69694509126));
#8088 = CARTESIAN_POINT('',(142.09540904743,349.68506778307,
    110.46784241279));
#8089 = CARTESIAN_POINT('',(145.34352279277,351.6317090417,
    110.81836936795));
#8090 = CARTESIAN_POINT('',(149.51920541273,350.96824881168,
    110.78194496047));
#8091 = CARTESIAN_POINT('',(153.74675028087,350.01732422654,
    110.74250178161));
#8092 = CARTESIAN_POINT('',(158.17058310233,349.94286438382,
    110.85772182418));
#8093 = CARTESIAN_POINT('',(162.26698448152,349.04458328081,
    110.80834361535));
#8094 = CARTESIAN_POINT('',(166.61873526807,349.64027372671,
    110.96939604361));
#8095 = CARTESIAN_POINT('',(171.05025168138,349.31261143501,
    110.92511671061));
#8096 = CARTESIAN_POINT('',(175.09238100893,351.12090175089,
    111.22157976293));
#8097 = CARTESIAN_POINT('',(179.41643525083,351.26777516783,
    111.20957352971));
#8098 = CARTESIAN_POINT('',(183.74465399728,351.34376233965,
    111.19208519874));
#8099 = CARTESIAN_POINT('',(188.01748830499,351.33135945657,
    111.13769271125));
#8100 = CARTESIAN_POINT('',(192.29804434258,351.39380649471,
    111.10568518424));
#8101 = CARTESIAN_POINT('',(196.57544693057,351.3778458162,
    111.0504849895));
#8102 = CARTESIAN_POINT('',(200.85359337877,351.34729089789,
    110.98289393135));
#8103 = CARTESIAN_POINT('',(205.13313267918,351.36840913967,
    110.93881283709));
#8104 = CARTESIAN_POINT('',(209.41029445154,351.47897104529,
    110.86467987269));
#8105 = CARTESIAN_POINT('',(213.69566833045,351.51794060078,
    110.72682599703));
#8106 = CARTESIAN_POINT('',(217.97323994091,351.81424829183,
    110.56190875031));
#8107 = CARTESIAN_POINT('',(222.25201002744,352.16902661265,
    110.33936517067));
#8108 = CARTESIAN_POINT('',(226.52878947893,352.69576708662,
    110.05971478735));
#8109 = CARTESIAN_POINT('',(230.80631705996,353.27940909411,
    109.75565202106));
#8110 = CARTESIAN_POINT('',(235.06961741834,354.00088506454,
    109.44252499267));
#8111 = CARTESIAN_POINT('',(239.34364675972,354.60132590906,
    109.14487534759));
#8112 = CARTESIAN_POINT('',(243.62590118763,355.11236002969,
    108.96156060203));
#8113 = CARTESIAN_POINT('',(247.90145862716,355.22217025805,
    108.80006176479));
#8114 = CARTESIAN_POINT('',(252.24748803221,355.22177991002,
    109.0074383092));
#8115 = CARTESIAN_POINT('',(256.42226459116,354.3643111793,
    108.32232790131));
#8116 = CARTESIAN_POINT('',(260.774587196,354.60546586192,
    108.16574668523));
#8117 = CARTESIAN_POINT('',(265.08553351846,353.78591069784,
    107.55680817588));
#8118 = CARTESIAN_POINT('',(269.30435854157,353.36928718334,
    107.51619295233));
#8119 = CARTESIAN_POINT('',(273.49463672784,352.70656647071,
    106.93181145788));
#8120 = CARTESIAN_POINT('',(277.98553204283,352.89930870361,
    107.16334209416));
#8121 = CARTESIAN_POINT('',(282.02098866206,351.97991727154,
    106.84857341548));
#8122 = CARTESIAN_POINT('',(286.37785805657,352.24316232892,
    106.76123915495));
#8123 = CARTESIAN_POINT('',(290.69560185407,352.72695269574,
    106.10995674362));
#8124 = CARTESIAN_POINT('',(294.97762712103,353.73675733185,
    105.73045947199));
#8125 = CARTESIAN_POINT('',(299.25829278307,354.94236354619,
    105.52323545721));
#8126 = CARTESIAN_POINT('',(303.53281780748,356.42106196079,
    105.49425214424));
#8127 = CARTESIAN_POINT('',(307.79563331651,358.08293489832,
    105.61507258455));
#8128 = CARTESIAN_POINT('',(312.07349323989,359.57592194077,
    105.85127032956));
#8129 = CARTESIAN_POINT('',(316.34983972698,360.91860477925,
    106.08959139396));
#8130 = CARTESIAN_POINT('',(320.62873034613,362.03048352335,
    106.36345001699));
#8131 = CARTESIAN_POINT('',(324.90645535717,362.94603331055,
    106.56128238445));
#8132 = CARTESIAN_POINT('',(329.19177427478,363.30206616244,
    106.89790124321));
#8133 = CARTESIAN_POINT('',(333.46902839726,363.70679222382,
    107.16101531677));
#8134 = CARTESIAN_POINT('',(337.74832561117,363.84769195367,
    107.42824512513));
#8135 = CARTESIAN_POINT('',(342.02697062847,363.85868661598,
    107.68540742375));
#8136 = CARTESIAN_POINT('',(346.30391351544,363.7161334347,
    107.93186884577));
#8137 = CARTESIAN_POINT('',(350.58496238288,363.72662432447,
    108.1080967883));
#8138 = CARTESIAN_POINT('',(354.8577723004,363.51254238998,
    108.3005648194));
#8139 = CARTESIAN_POINT('',(359.18388688825,363.11367683226,
    108.53525866201));
#8140 = CARTESIAN_POINT('',(363.5052046971,362.84222345177,
    108.70006166998));
#8141 = CARTESIAN_POINT('',(367.54865046447,362.45851537944,
    108.87236701903));
#8142 = CARTESIAN_POINT('',(372.05847150757,361.77135264283,
    109.05608921128));
#8143 = CARTESIAN_POINT('',(376.24564436291,361.72714729161,
    109.1393661431));
#8144 = CARTESIAN_POINT('',(380.50353796332,358.71895196229,
    109.52929494473));
#8145 = CARTESIAN_POINT('',(384.85798865987,357.69501570255,
    109.67153303987));
#8146 = CARTESIAN_POINT('',(389.02722072527,355.65790837711,
    109.87408365284));
#8147 = CARTESIAN_POINT('',(393.32393006004,353.46556402131,
    110.1075977168));
#8148 = CARTESIAN_POINT('',(396.53994441614,355.58740944835,
    109.93017005418));
#8149 = CARTESIAN_POINT('',(397.6403,352.55434213299,110.21734364425));
#8150 = CARTESIAN_POINT('',(140.9618,351.68007475286,110.74716436548));
#8151 = CARTESIAN_POINT('',(142.09540904743,350.26877630112,
    110.54924709114));
#8152 = CARTESIAN_POINT('',(145.34352279277,352.07619499542,
    110.88080112046));
#8153 = CARTESIAN_POINT('',(149.51920541273,351.59920653023,
    110.8744308533));
#8154 = CARTESIAN_POINT('',(153.74675028087,350.69141194536,
    110.84233402448));
#8155 = CARTESIAN_POINT('',(158.17058310233,350.57115505184,
    110.95537743949));
#8156 = CARTESIAN_POINT('',(162.26698448152,349.91111316812,
    110.95311464524));
#8157 = CARTESIAN_POINT('',(166.61873526807,350.55088068167,
    111.13071794418));
#8158 = CARTESIAN_POINT('',(171.05025168138,350.25856013631,
    111.10382127453));
#8159 = CARTESIAN_POINT('',(175.09238100893,352.25902211207,
    111.44636358328));
#8160 = CARTESIAN_POINT('',(179.41643525083,352.58549870845,
    111.48015404539));
#8161 = CARTESIAN_POINT('',(183.74465399728,352.65106486845,
    111.47071599777));
#8162 = CARTESIAN_POINT('',(188.01748830499,352.67413314411,
    111.43576586487));
#8163 = CARTESIAN_POINT('',(192.29804434258,352.73740418006,
    111.41973676685));
#8164 = CARTESIAN_POINT('',(196.57544693057,352.73459461121,
    111.37552307493));
#8165 = CARTESIAN_POINT('',(200.85359337877,352.70648895844,
    111.33233606095));
#8166 = CARTESIAN_POINT('',(205.13313267918,352.71971396197,
    111.30045733149));
#8167 = CARTESIAN_POINT('',(209.41029445154,352.79893354218,
    111.25826954482));
#8168 = CARTESIAN_POINT('',(213.69566833045,352.81532547626,
    111.12669813475));
#8169 = CARTESIAN_POINT('',(217.97323994091,353.04889398484,
    110.99354598511));
#8170 = CARTESIAN_POINT('',(222.25201002744,353.34550436544,
    110.76180210257));
#8171 = CARTESIAN_POINT('',(226.52878947893,353.79807264404,
    110.48807283245));
#8172 = CARTESIAN_POINT('',(230.80631705996,354.31072913425,
    110.16649463769));
#8173 = CARTESIAN_POINT('',(235.06961741834,354.94329366704,
    109.86565626863));
#8174 = CARTESIAN_POINT('',(239.34364675972,355.4646089966,
    109.55010407569));
#8175 = CARTESIAN_POINT('',(243.62590118763,355.8907635386,
    109.36598040538));
#8176 = CARTESIAN_POINT('',(247.90145862716,355.91225810818,
    109.19258872652));
#8177 = CARTESIAN_POINT('',(252.24748803221,355.88241880029,
    109.31927214412));
#8178 = CARTESIAN_POINT('',(256.42226459116,354.83382146463,
    108.74792843383));
#8179 = CARTESIAN_POINT('',(260.774587196,354.95567054761,
    108.61280191739));
#8180 = CARTESIAN_POINT('',(265.08553351846,353.9763056525,
    108.12394329303));
#8181 = CARTESIAN_POINT('',(269.30435854157,353.58039369873,
    108.0432097017));
#8182 = CARTESIAN_POINT('',(273.49463672784,352.86929271275,
    107.54854911042));
#8183 = CARTESIAN_POINT('',(277.98553204283,353.04522706257,
    107.72787988279));
#8184 = CARTESIAN_POINT('',(282.02098866206,352.02072621349,
    107.44054994638));
#8185 = CARTESIAN_POINT('',(286.37785805657,352.26358353635,
    107.3238923069));
#8186 = CARTESIAN_POINT('',(290.69560185407,352.56500730414,
    106.82471472019));
#8187 = CARTESIAN_POINT('',(294.97762712103,353.39142635509,
    106.54098901064));
#8188 = CARTESIAN_POINT('',(299.25829278307,354.54319671672,
    106.37486263421));
#8189 = CARTESIAN_POINT('',(303.53281780748,355.92435436182,
    106.36726275941));
#8190 = CARTESIAN_POINT('',(307.79563331651,357.45530358451,
    106.48078621902));
#8191 = CARTESIAN_POINT('',(312.07349323989,358.78527711295,
    106.68243816483));
#8192 = CARTESIAN_POINT('',(316.34983972698,359.98683681742,
    106.85860711445));
#8193 = CARTESIAN_POINT('',(320.62873034613,360.95111625961,
    107.0572297756));
#8194 = CARTESIAN_POINT('',(324.90645535717,361.79084580509,
    107.21602742064));
#8195 = CARTESIAN_POINT('',(329.19177427478,362.0868493379,
    107.51472581866));
#8196 = CARTESIAN_POINT('',(333.46902839726,362.44189625683,
    107.71855574368));
#8197 = CARTESIAN_POINT('',(337.74832561117,362.54814633546,
    107.96169758823));
#8198 = CARTESIAN_POINT('',(342.02697062847,362.55590272181,
    108.19209557458));
#8199 = CARTESIAN_POINT('',(346.30391351544,362.42640099375,
    108.4146925848));
#8200 = CARTESIAN_POINT('',(350.58496238288,362.43146306336,
    108.55941336783));
#8201 = CARTESIAN_POINT('',(354.8577723004,362.25461331991,
    108.74048724052));
#8202 = CARTESIAN_POINT('',(359.18388688825,361.86991380606,
    108.95287432694));
#8203 = CARTESIAN_POINT('',(363.5052046971,361.6906578385,
    109.06603558116));
#8204 = CARTESIAN_POINT('',(367.54865046447,361.49337085038,
    109.15927912924));
#8205 = CARTESIAN_POINT('',(372.05847150757,360.8066834118,
    109.29971349822));
#8206 = CARTESIAN_POINT('',(376.24564436291,360.8887504167,
    109.3009315876));
#8207 = CARTESIAN_POINT('',(380.50353796332,358.13257084788,
    109.69891014177));
#8208 = CARTESIAN_POINT('',(384.85798865987,357.12674497188,
    109.79816209926));
#8209 = CARTESIAN_POINT('',(389.02722072527,355.14468146985,
    109.98757676349));
#8210 = CARTESIAN_POINT('',(393.32393006004,353.14968775438,
    110.23242033821));
#8211 = CARTESIAN_POINT('',(396.53994441614,355.21804768032,
    109.98865926374));
#8212 = CARTESIAN_POINT('',(397.6403,352.25913519202,110.33143830951));
#8213 = DEFINITIONAL_REPRESENTATION('',(#8214),#8218);
#8214 = LINE('',#8215,#8216);
#8215 = CARTESIAN_POINT('',(31.,0.));
#8216 = VECTOR('',#8217,1.);
#8217 = DIRECTION('',(0.,1.));
#8218 = ( GEOMETRIC_REPRESENTATION_CONTEXT(2) 
PARAMETRIC_REPRESENTATION_CONTEXT() REPRESENTATION_CONTEXT('2D SPACE',''
  ) );
#8219 = ORIENTED_EDGE('',*,*,#8220,.F.);
#8220 = EDGE_CURVE('',#7757,#8011,#8221,.T.);
#8221 = SURFACE_CURVE('',#8222,(#8225,#8232),.PCURVE_S1.);
#8222 = B_SPLINE_CURVE_WITH_KNOTS('',1,(#8223,#8224),.UNSPECIFIED.,.F.,
  .F.,(2,2),(30.,31.),.PIECEWISE_BEZIER_KNOTS.);
#8223 = CARTESIAN_POINT('',(397.6403,352.18430356571,110.26540730531));
#8224 = CARTESIAN_POINT('',(397.6403,352.55434213299,110.21734364425));
#8225 = PCURVE('',#7832,#8226);
#8226 = DEFINITIONAL_REPRESENTATION('',(#8227),#8231);
#8227 = LINE('',#8228,#8229);
#8228 = CARTESIAN_POINT('',(0.,1.));
#8229 = VECTOR('',#8230,1.);
#8230 = DIRECTION('',(1.,0.));
#8231 = ( GEOMETRIC_REPRESENTATION_CONTEXT(2) 
PARAMETRIC_REPRESENTATION_CONTEXT() REPRESENTATION_CONTEXT('2D SPACE',''
  ) );
#8232 = PCURVE('',#401,#8233);
#8233 = DEFINITIONAL_REPRESENTATION('',(#8234),#8237);
#8234 = B_SPLINE_CURVE_WITH_KNOTS('',1,(#8235,#8236),.UNSPECIFIED.,.F.,
  .F.,(2,2),(30.,31.),.PIECEWISE_BEZIER_KNOTS.);
#8235 = CARTESIAN_POINT('',(-2.914018729695,0.174922622543));
#8236 = CARTESIAN_POINT('',(-3.287054695413,0.184023450623));
#8237 = ( GEOMETRIC_REPRESENTATION_CONTEXT(2) 
PARAMETRIC_REPRESENTATION_CONTEXT() REPRESENTATION_CONTEXT('2D SPACE',''
  ) );
#8238 = ORIENTED_EDGE('',*,*,#7756,.F.);
#8239 = ADVANCED_FACE('',(#8240),#8086,.T.);
#8240 = FACE_BOUND('',#8241,.T.);
#8241 = EDGE_LOOP('',(#8242,#8263,#8473,#8492));
#8242 = ORIENTED_EDGE('',*,*,#8243,.T.);
#8243 = EDGE_CURVE('',#7990,#8244,#8246,.T.);
#8244 = VERTEX_POINT('',#8245);
#8245 = CARTESIAN_POINT('',(140.9618,351.68007475286,110.74716436548));
#8246 = SURFACE_CURVE('',#8247,(#8250,#8257),.PCURVE_S1.);
#8247 = B_SPLINE_CURVE_WITH_KNOTS('',1,(#8248,#8249),.UNSPECIFIED.,.F.,
  .F.,(2,2),(31.,32.),.PIECEWISE_BEZIER_KNOTS.);
#8248 = CARTESIAN_POINT('',(140.9618,351.29682705684,110.69694509126));
#8249 = CARTESIAN_POINT('',(140.9618,351.68007475286,110.74716436548));
#8250 = PCURVE('',#8086,#8251);
#8251 = DEFINITIONAL_REPRESENTATION('',(#8252),#8256);
#8252 = LINE('',#8253,#8254);
#8253 = CARTESIAN_POINT('',(0.,0.));
#8254 = VECTOR('',#8255,1.);
#8255 = DIRECTION('',(1.,0.));
#8256 = ( GEOMETRIC_REPRESENTATION_CONTEXT(2) 
PARAMETRIC_REPRESENTATION_CONTEXT() REPRESENTATION_CONTEXT('2D SPACE',''
  ) );
#8257 = PCURVE('',#165,#8258);
#8258 = DEFINITIONAL_REPRESENTATION('',(#8259),#8262);
#8259 = B_SPLINE_CURVE_WITH_KNOTS('',1,(#8260,#8261),.UNSPECIFIED.,.F.,
  .F.,(2,2),(31.,32.),.PIECEWISE_BEZIER_KNOTS.);
#8260 = CARTESIAN_POINT('',(3.478715623619,-3.778172756768E-04));
#8261 = CARTESIAN_POINT('',(3.092191665439,-3.35837578362E-04));
#8262 = ( GEOMETRIC_REPRESENTATION_CONTEXT(2) 
PARAMETRIC_REPRESENTATION_CONTEXT() REPRESENTATION_CONTEXT('2D SPACE',''
  ) );
#8263 = ORIENTED_EDGE('',*,*,#8264,.T.);
#8264 = EDGE_CURVE('',#8244,#8265,#8267,.T.);
#8265 = VERTEX_POINT('',#8266);
#8266 = CARTESIAN_POINT('',(397.6403,352.25913519202,110.33143830951));
#8267 = SURFACE_CURVE('',#8268,(#8332,#8339),.PCURVE_S1.);
#8268 = ( BOUNDED_CURVE() B_SPLINE_CURVE(3,(#8269,#8270,#8271,#8272,
    #8273,#8274,#8275,#8276,#8277,#8278,#8279,#8280,#8281,#8282,#8283,
    #8284,#8285,#8286,#8287,#8288,#8289,#8290,#8291,#8292,#8293,#8294,
    #8295,#8296,#8297,#8298,#8299,#8300,#8301,#8302,#8303,#8304,#8305,
    #8306,#8307,#8308,#8309,#8310,#8311,#8312,#8313,#8314,#8315,#8316,
    #8317,#8318,#8319,#8320,#8321,#8322,#8323,#8324,#8325,#8326,#8327,
    #8328,#8329,#8330,#8331),.UNSPECIFIED.,.F.,.F.) 
B_SPLINE_CURVE_WITH_KNOTS((4,1,1,1,1,1,1,1,1,1,1,1,1,1,1,1,1,1,1,1,1,1,1
    ,1,1,1,1,1,1,1,1,1,1,1,1,1,1,1,1,1,1,1,1,1,1,1,1,1,1,1,1,1,1,1,1,1,1
    ,1,1,1,4),(0.,1.671834126768E-02,3.328707673398E-02,
    5.001744466419E-02,6.648650714478E-02,8.348892901119E-02,
    9.999486964001E-02,0.11646941087,0.133815549619,0.150618938677,
    0.167038735703,0.183454077407,0.199862498306,0.216272023155,
    0.232682039048,0.249094136,0.265517101832,0.28195250261,
    0.298446383618,0.315002877417,0.331625113939,0.348307612691,
    0.365035992875,0.381711213613,0.398301880653,0.414823418335,
    0.431326889702,0.448164125522,0.464772555536,0.481574851679,
    0.498833916597,0.516076325801,0.532869467448,0.550364700599,
    0.567182918644,0.58368017293,0.60020088702,0.616790522208,
    0.633466402799,0.650196996519,0.66688122827,0.683506031496,
    0.700063533111,0.716557401724,0.732992840875,0.749415744672,
    0.765827967007,0.78223726506,0.798647812608,0.815056815176,
    0.831475231221,0.84789937286,0.864694545606,0.881987572306,
    0.898456926779,0.91536479181,0.932301655256,0.949102498792,
0.966203962862,0.982810298735,1.),.UNSPECIFIED.) CURVE() 
GEOMETRIC_REPRESENTATION_ITEM() RATIONAL_B_SPLINE_CURVE((1.,
    1.000000000007,0.999999999997,1.000000000001,1.,1.,1.,1.,1.,1.,1.,1.
    ,1.,1.,1.,1.,1.,1.,1.,1.,1.,1.,1.,1.,1.,1.,1.,1.,1.,1.,1.,1.,1.,1.,
    1.,1.,1.,1.,1.,1.,1.,1.,1.,1.,1.,1.,1.,1.,1.,1.,1.,1.,1.,1.,1.,1.,1.
    ,1.,1.000000000001,0.999999999996,1.000000000014,0.999999999969,1.))
 REPRESENTATION_ITEM('') );
#8269 = CARTESIAN_POINT('',(140.9618,351.68007475286,110.74716436548));
#8270 = CARTESIAN_POINT('',(142.09540904743,350.26877630112,
    110.54924709114));
#8271 = CARTESIAN_POINT('',(145.34352279277,352.07619499542,
    110.88080112046));
#8272 = CARTESIAN_POINT('',(149.51920541273,351.59920653023,
    110.8744308533));
#8273 = CARTESIAN_POINT('',(153.74675028087,350.69141194536,
    110.84233402448));
#8274 = CARTESIAN_POINT('',(158.17058310233,350.57115505184,
    110.95537743949));
#8275 = CARTESIAN_POINT('',(162.26698448152,349.91111316812,
    110.95311464524));
#8276 = CARTESIAN_POINT('',(166.61873526807,350.55088068167,
    111.13071794418));
#8277 = CARTESIAN_POINT('',(171.05025168138,350.25856013631,
    111.10382127453));
#8278 = CARTESIAN_POINT('',(175.09238100893,352.25902211207,
    111.44636358328));
#8279 = CARTESIAN_POINT('',(179.41643525083,352.58549870845,
    111.48015404539));
#8280 = CARTESIAN_POINT('',(183.74465399728,352.65106486845,
    111.47071599777));
#8281 = CARTESIAN_POINT('',(188.01748830499,352.67413314411,
    111.43576586487));
#8282 = CARTESIAN_POINT('',(192.29804434258,352.73740418006,
    111.41973676685));
#8283 = CARTESIAN_POINT('',(196.57544693057,352.73459461121,
    111.37552307493));
#8284 = CARTESIAN_POINT('',(200.85359337877,352.70648895844,
    111.33233606095));
#8285 = CARTESIAN_POINT('',(205.13313267918,352.71971396197,
    111.30045733149));
#8286 = CARTESIAN_POINT('',(209.41029445154,352.79893354218,
    111.25826954482));
#8287 = CARTESIAN_POINT('',(213.69566833045,352.81532547626,
    111.12669813475));
#8288 = CARTESIAN_POINT('',(217.97323994091,353.04889398484,
    110.99354598511));
#8289 = CARTESIAN_POINT('',(222.25201002744,353.34550436544,
    110.76180210257));
#8290 = CARTESIAN_POINT('',(226.52878947893,353.79807264404,
    110.48807283245));
#8291 = CARTESIAN_POINT('',(230.80631705996,354.31072913425,
    110.16649463769));
#8292 = CARTESIAN_POINT('',(235.06961741834,354.94329366704,
    109.86565626863));
#8293 = CARTESIAN_POINT('',(239.34364675972,355.4646089966,
    109.55010407569));
#8294 = CARTESIAN_POINT('',(243.62590118763,355.8907635386,
    109.36598040538));
#8295 = CARTESIAN_POINT('',(247.90145862716,355.91225810818,
    109.19258872652));
#8296 = CARTESIAN_POINT('',(252.24748803221,355.88241880029,
    109.31927214412));
#8297 = CARTESIAN_POINT('',(256.42226459116,354.83382146463,
    108.74792843383));
#8298 = CARTESIAN_POINT('',(260.774587196,354.95567054761,
    108.61280191739));
#8299 = CARTESIAN_POINT('',(265.08553351846,353.9763056525,
    108.12394329303));
#8300 = CARTESIAN_POINT('',(269.30435854157,353.58039369873,
    108.0432097017));
#8301 = CARTESIAN_POINT('',(273.49463672784,352.86929271275,
    107.54854911042));
#8302 = CARTESIAN_POINT('',(277.98553204283,353.04522706257,
    107.72787988279));
#8303 = CARTESIAN_POINT('',(282.02098866206,352.02072621349,
    107.44054994638));
#8304 = CARTESIAN_POINT('',(286.37785805657,352.26358353635,
    107.3238923069));
#8305 = CARTESIAN_POINT('',(290.69560185407,352.56500730414,
    106.82471472019));
#8306 = CARTESIAN_POINT('',(294.97762712103,353.39142635509,
    106.54098901064));
#8307 = CARTESIAN_POINT('',(299.25829278307,354.54319671672,
    106.37486263421));
#8308 = CARTESIAN_POINT('',(303.53281780748,355.92435436182,
    106.36726275941));
#8309 = CARTESIAN_POINT('',(307.79563331651,357.45530358451,
    106.48078621902));
#8310 = CARTESIAN_POINT('',(312.07349323989,358.78527711295,
    106.68243816483));
#8311 = CARTESIAN_POINT('',(316.34983972698,359.98683681742,
    106.85860711445));
#8312 = CARTESIAN_POINT('',(320.62873034613,360.95111625961,
    107.0572297756));
#8313 = CARTESIAN_POINT('',(324.90645535717,361.79084580509,
    107.21602742064));
#8314 = CARTESIAN_POINT('',(329.19177427478,362.0868493379,
    107.51472581866));
#8315 = CARTESIAN_POINT('',(333.46902839726,362.44189625683,
    107.71855574368));
#8316 = CARTESIAN_POINT('',(337.74832561117,362.54814633546,
    107.96169758823));
#8317 = CARTESIAN_POINT('',(342.02697062847,362.55590272181,
    108.19209557458));
#8318 = CARTESIAN_POINT('',(346.30391351544,362.42640099375,
    108.4146925848));
#8319 = CARTESIAN_POINT('',(350.58496238288,362.43146306336,
    108.55941336783));
#8320 = CARTESIAN_POINT('',(354.8577723004,362.25461331991,
    108.74048724052));
#8321 = CARTESIAN_POINT('',(359.18388688825,361.86991380606,
    108.95287432694));
#8322 = CARTESIAN_POINT('',(363.5052046971,361.6906578385,
    109.06603558116));
#8323 = CARTESIAN_POINT('',(367.54865046447,361.49337085038,
    109.15927912924));
#8324 = CARTESIAN_POINT('',(372.05847150757,360.8066834118,
    109.29971349822));
#8325 = CARTESIAN_POINT('',(376.24564436291,360.8887504167,
    109.3009315876));
#8326 = CARTESIAN_POINT('',(380.50353796332,358.13257084788,
    109.69891014177));
#8327 = CARTESIAN_POINT('',(384.85798865987,357.12674497188,
    109.79816209926));
#8328 = CARTESIAN_POINT('',(389.02722072527,355.14468146985,
    109.98757676349));
#8329 = CARTESIAN_POINT('',(393.32393006004,353.14968775438,
    110.23242033821));
#8330 = CARTESIAN_POINT('',(396.53994441614,355.21804768032,
    109.98865926374));
#8331 = CARTESIAN_POINT('',(397.6403,352.25913519202,110.33143830951));
#8332 = PCURVE('',#8086,#8333);
#8333 = DEFINITIONAL_REPRESENTATION('',(#8334),#8338);
#8334 = LINE('',#8335,#8336);
#8335 = CARTESIAN_POINT('',(32.,0.));
#8336 = VECTOR('',#8337,1.);
#8337 = DIRECTION('',(0.,1.));
#8338 = ( GEOMETRIC_REPRESENTATION_CONTEXT(2) 
PARAMETRIC_REPRESENTATION_CONTEXT() REPRESENTATION_CONTEXT('2D SPACE',''
  ) );
#8339 = PCURVE('',#8340,#8467);
#8340 = ( BOUNDED_SURFACE() B_SPLINE_SURFACE(1,3,(
    (#8341,#8342,#8343,#8344,#8345,#8346,#8347,#8348,#8349,#8350,#8351
      ,#8352,#8353,#8354,#8355,#8356,#8357,#8358,#8359,#8360,#8361,#8362
      ,#8363,#8364,#8365,#8366,#8367,#8368,#8369,#8370,#8371,#8372,#8373
      ,#8374,#8375,#8376,#8377,#8378,#8379,#8380,#8381,#8382,#8383,#8384
      ,#8385,#8386,#8387,#8388,#8389,#8390,#8391,#8392,#8393,#8394,#8395
      ,#8396,#8397,#8398,#8399,#8400,#8401,#8402,#8403)
    ,(#8404,#8405,#8406,#8407,#8408,#8409,#8410,#8411,#8412,#8413,#8414
      ,#8415,#8416,#8417,#8418,#8419,#8420,#8421,#8422,#8423,#8424,#8425
      ,#8426,#8427,#8428,#8429,#8430,#8431,#8432,#8433,#8434,#8435,#8436
      ,#8437,#8438,#8439,#8440,#8441,#8442,#8443,#8444,#8445,#8446,#8447
      ,#8448,#8449,#8450,#8451,#8452,#8453,#8454,#8455,#8456,#8457,#8458
      ,#8459,#8460,#8461,#8462,#8463,#8464,#8465,#8466
)),.UNSPECIFIED.,.F.,.F.,.F.) B_SPLINE_SURFACE_WITH_KNOTS((2,2),(4,1,1,1
    ,1,1,1,1,1,1,1,1,1,1,1,1,1,1,1,1,1,1,1,1,1,1,1,1,1,1,1,1,1,1,1,1,1,1
    ,1,1,1,1,1,1,1,1,1,1,1,1,1,1,1,1,1,1,1,1,1,1,4),(32.,33.),(0.,
    1.671834126768E-02,3.328707673398E-02,5.001744466419E-02,
    6.648650714478E-02,8.348892901119E-02,9.999486964001E-02,
    0.11646941087,0.133815549619,0.150618938677,0.167038735703,
    0.183454077407,0.199862498306,0.216272023155,0.232682039048,
    0.249094136,0.265517101832,0.28195250261,0.298446383618,
    0.315002877417,0.331625113939,0.348307612691,0.365035992875,
    0.381711213613,0.398301880653,0.414823418335,0.431326889702,
    0.448164125522,0.464772555536,0.481574851679,0.498833916597,
    0.516076325801,0.532869467448,0.550364700599,0.567182918644,
    0.58368017293,0.60020088702,0.616790522208,0.633466402799,
    0.650196996519,0.66688122827,0.683506031496,0.700063533111,
    0.716557401724,0.732992840875,0.749415744672,0.765827967007,
    0.78223726506,0.798647812608,0.815056815176,0.831475231221,
    0.84789937286,0.864694545606,0.881987572306,0.898456926779,
    0.91536479181,0.932301655256,0.949102498792,0.966203962862,
0.982810298735,1.),.UNSPECIFIED.) GEOMETRIC_REPRESENTATION_ITEM() 
RATIONAL_B_SPLINE_SURFACE((
    (1.,1.000000000007,0.999999999997,1.000000000001,1.,1.,1.,1.,1.,1.
      ,1.,1.,1.,1.,1.,1.,1.,1.,1.,1.,1.,1.,1.,1.,1.,1.,1.,1.,1.,1.,1.,1.
      ,1.,1.,1.,1.,1.,1.,1.,1.,1.,1.,1.,1.,1.,1.,1.,1.,1.,1.,1.,1.,1.,1.
      ,1.,1.,1.,1.,1.000000000001,0.999999999996,1.000000000014
      ,0.999999999969,1.)
    ,(1.,1.000000000007,0.999999999997,1.000000000001,1.,1.,1.,1.,1.,1.
      ,1.,1.,1.,1.,1.,1.,1.,1.,1.,1.,1.,1.,1.,1.,1.,1.,1.,1.,1.,1.,1.,1.
      ,1.,1.,1.,1.,1.,1.,1.,1.,1.,1.,1.,1.,1.,1.,1.,1.,1.,1.,1.,1.,1.,1.
      ,1.,1.,1.,1.,1.000000000001,0.999999999996,1.000000000014
,0.999999999969,1.))) REPRESENTATION_ITEM('') SURFACE() );
#8341 = CARTESIAN_POINT('',(140.9618,351.68007475286,110.74716436548));
#8342 = CARTESIAN_POINT('',(142.09540904743,350.26877630112,
    110.54924709114));
#8343 = CARTESIAN_POINT('',(145.34352279277,352.07619499542,
    110.88080112046));
#8344 = CARTESIAN_POINT('',(149.51920541273,351.59920653023,
    110.8744308533));
#8345 = CARTESIAN_POINT('',(153.74675028087,350.69141194536,
    110.84233402448));
#8346 = CARTESIAN_POINT('',(158.17058310233,350.57115505184,
    110.95537743949));
#8347 = CARTESIAN_POINT('',(162.26698448152,349.91111316812,
    110.95311464524));
#8348 = CARTESIAN_POINT('',(166.61873526807,350.55088068167,
    111.13071794418));
#8349 = CARTESIAN_POINT('',(171.05025168138,350.25856013631,
    111.10382127453));
#8350 = CARTESIAN_POINT('',(175.09238100893,352.25902211207,
    111.44636358328));
#8351 = CARTESIAN_POINT('',(179.41643525083,352.58549870845,
    111.48015404539));
#8352 = CARTESIAN_POINT('',(183.74465399728,352.65106486845,
    111.47071599777));
#8353 = CARTESIAN_POINT('',(188.01748830499,352.67413314411,
    111.43576586487));
#8354 = CARTESIAN_POINT('',(192.29804434258,352.73740418006,
    111.41973676685));
#8355 = CARTESIAN_POINT('',(196.57544693057,352.73459461121,
    111.37552307493));
#8356 = CARTESIAN_POINT('',(200.85359337877,352.70648895844,
    111.33233606095));
#8357 = CARTESIAN_POINT('',(205.13313267918,352.71971396197,
    111.30045733149));
#8358 = CARTESIAN_POINT('',(209.41029445154,352.79893354218,
    111.25826954482));
#8359 = CARTESIAN_POINT('',(213.69566833045,352.81532547626,
    111.12669813475));
#8360 = CARTESIAN_POINT('',(217.97323994091,353.04889398484,
    110.99354598511));
#8361 = CARTESIAN_POINT('',(222.25201002744,353.34550436544,
    110.76180210257));
#8362 = CARTESIAN_POINT('',(226.52878947893,353.79807264404,
    110.48807283245));
#8363 = CARTESIAN_POINT('',(230.80631705996,354.31072913425,
    110.16649463769));
#8364 = CARTESIAN_POINT('',(235.06961741834,354.94329366704,
    109.86565626863));
#8365 = CARTESIAN_POINT('',(239.34364675972,355.4646089966,
    109.55010407569));
#8366 = CARTESIAN_POINT('',(243.62590118763,355.8907635386,
    109.36598040538));
#8367 = CARTESIAN_POINT('',(247.90145862716,355.91225810818,
    109.19258872652));
#8368 = CARTESIAN_POINT('',(252.24748803221,355.88241880029,
    109.31927214412));
#8369 = CARTESIAN_POINT('',(256.42226459116,354.83382146463,
    108.74792843383));
#8370 = CARTESIAN_POINT('',(260.774587196,354.95567054761,
    108.61280191739));
#8371 = CARTESIAN_POINT('',(265.08553351846,353.9763056525,
    108.12394329303));
#8372 = CARTESIAN_POINT('',(269.30435854157,353.58039369873,
    108.0432097017));
#8373 = CARTESIAN_POINT('',(273.49463672784,352.86929271275,
    107.54854911042));
#8374 = CARTESIAN_POINT('',(277.98553204283,353.04522706257,
    107.72787988279));
#8375 = CARTESIAN_POINT('',(282.02098866206,352.02072621349,
    107.44054994638));
#8376 = CARTESIAN_POINT('',(286.37785805657,352.26358353635,
    107.3238923069));
#8377 = CARTESIAN_POINT('',(290.69560185407,352.56500730414,
    106.82471472019));
#8378 = CARTESIAN_POINT('',(294.97762712103,353.39142635509,
    106.54098901064));
#8379 = CARTESIAN_POINT('',(299.25829278307,354.54319671672,
    106.37486263421));
#8380 = CARTESIAN_POINT('',(303.53281780748,355.92435436182,
    106.36726275941));
#8381 = CARTESIAN_POINT('',(307.79563331651,357.45530358451,
    106.48078621902));
#8382 = CARTESIAN_POINT('',(312.07349323989,358.78527711295,
    106.68243816483));
#8383 = CARTESIAN_POINT('',(316.34983972698,359.98683681742,
    106.85860711445));
#8384 = CARTESIAN_POINT('',(320.62873034613,360.95111625961,
    107.0572297756));
#8385 = CARTESIAN_POINT('',(324.90645535717,361.79084580509,
    107.21602742064));
#8386 = CARTESIAN_POINT('',(329.19177427478,362.0868493379,
    107.51472581866));
#8387 = CARTESIAN_POINT('',(333.46902839726,362.44189625683,
    107.71855574368));
#8388 = CARTESIAN_POINT('',(337.74832561117,362.54814633546,
    107.96169758823));
#8389 = CARTESIAN_POINT('',(342.02697062847,362.55590272181,
    108.19209557458));
#8390 = CARTESIAN_POINT('',(346.30391351544,362.42640099375,
    108.4146925848));
#8391 = CARTESIAN_POINT('',(350.58496238288,362.43146306336,
    108.55941336783));
#8392 = CARTESIAN_POINT('',(354.8577723004,362.25461331991,
    108.74048724052));
#8393 = CARTESIAN_POINT('',(359.18388688825,361.86991380606,
    108.95287432694));
#8394 = CARTESIAN_POINT('',(363.5052046971,361.6906578385,
    109.06603558116));
#8395 = CARTESIAN_POINT('',(367.54865046447,361.49337085038,
    109.15927912924));
#8396 = CARTESIAN_POINT('',(372.05847150757,360.8066834118,
    109.29971349822));
#8397 = CARTESIAN_POINT('',(376.24564436291,360.8887504167,
    109.3009315876));
#8398 = CARTESIAN_POINT('',(380.50353796332,358.13257084788,
    109.69891014177));
#8399 = CARTESIAN_POINT('',(384.85798865987,357.12674497188,
    109.79816209926));
#8400 = CARTESIAN_POINT('',(389.02722072527,355.14468146985,
    109.98757676349));
#8401 = CARTESIAN_POINT('',(393.32393006004,353.14968775438,
    110.23242033821));
#8402 = CARTESIAN_POINT('',(396.53994441614,355.21804768032,
    109.98865926374));
#8403 = CARTESIAN_POINT('',(397.6403,352.25913519202,110.33143830951));
#8404 = CARTESIAN_POINT('',(140.9618,352.06332244888,110.79738363969));
#8405 = CARTESIAN_POINT('',(142.09540904743,350.85210267312,
    110.63231350634));
#8406 = CARTESIAN_POINT('',(145.34352279277,352.52085340875,
    110.94248260314));
#8407 = CARTESIAN_POINT('',(149.51920541273,352.23012791346,
    110.96707593358));
#8408 = CARTESIAN_POINT('',(153.74675028087,351.36547084973,
    110.94228714139));
#8409 = CARTESIAN_POINT('',(158.17058310233,351.19959582994,
    111.05239674471));
#8410 = CARTESIAN_POINT('',(162.26698448152,350.77705720622,
    111.10037041091));
#8411 = CARTESIAN_POINT('',(166.61873526807,351.46112588869,
    111.29457951945));
#8412 = CARTESIAN_POINT('',(171.05025168138,351.19962809884,
    111.3004771778));
#8413 = CARTESIAN_POINT('',(175.09238100893,353.39109876663,
    111.69330538551));
#8414 = CARTESIAN_POINT('',(179.41643525083,353.8923281281,
    111.78788740125));
#8415 = CARTESIAN_POINT('',(183.74465399728,353.9451719726,
    111.79334946973));
#8416 = CARTESIAN_POINT('',(188.01748830499,354.00179983061,
    111.78219795079));
#8417 = CARTESIAN_POINT('',(192.29804434258,354.06708887965,
    111.77677685484));
#8418 = CARTESIAN_POINT('',(196.57544693057,354.07435213944,
    111.75438244405));
#8419 = CARTESIAN_POINT('',(200.85359337877,354.05340855637,
    111.72081544735));
#8420 = CARTESIAN_POINT('',(205.13313267918,354.05829293511,
    111.70152272267));
#8421 = CARTESIAN_POINT('',(209.41029445154,354.11192527286,
    111.6752838247));
#8422 = CARTESIAN_POINT('',(213.69566833045,354.10487526045,
    111.55136227011));
#8423 = CARTESIAN_POINT('',(217.97323994091,354.28805731059,
    111.41386922502));
#8424 = CARTESIAN_POINT('',(222.25201002744,354.52574318225,
    111.1762564393));
#8425 = CARTESIAN_POINT('',(226.52878947893,354.90134680203,
    110.91197466288));
#8426 = CARTESIAN_POINT('',(230.80631705996,355.33407382287,
    110.59373533123));
#8427 = CARTESIAN_POINT('',(235.06961741834,355.88037823193,
    110.29736327675));
#8428 = CARTESIAN_POINT('',(239.34364675972,356.3121138296,
    109.98772287253));
#8429 = CARTESIAN_POINT('',(243.62590118763,356.65576734687,
    109.79722259298));
#8430 = CARTESIAN_POINT('',(247.90145862716,356.59105271536,
    109.60641617942));
#8431 = CARTESIAN_POINT('',(252.24748803221,356.53071346641,
    109.65345624703));
#8432 = CARTESIAN_POINT('',(256.42226459116,355.29668424074,
    109.18884662983));
#8433 = CARTESIAN_POINT('',(260.774587196,355.29071149854,
    109.07660145985));
#8434 = CARTESIAN_POINT('',(265.08553351846,354.19066164943,
    108.69433948765));
#8435 = CARTESIAN_POINT('',(269.30435854157,353.66307075616,
    108.62802544961));
#8436 = CARTESIAN_POINT('',(273.49463672784,352.7498211314,
    108.23278806495));
#8437 = CARTESIAN_POINT('',(277.98553204283,352.89773745443,
    108.34491141228));
#8438 = CARTESIAN_POINT('',(282.02098866206,351.7625296623,108.06811998)
  );
#8439 = CARTESIAN_POINT('',(286.37785805657,351.90563294171,
    107.92445943536));
#8440 = CARTESIAN_POINT('',(290.69560185407,352.12717785287,
    107.48659845644));
#8441 = CARTESIAN_POINT('',(294.97762712103,352.87652553125,
    107.24554793832));
#8442 = CARTESIAN_POINT('',(299.25829278307,353.92462103217,
    107.09818237299));
#8443 = CARTESIAN_POINT('',(303.53281780748,355.21768490785,
    107.10579888116));
#8444 = CARTESIAN_POINT('',(307.79563331651,356.62045656381,
    107.19435392071));
#8445 = CARTESIAN_POINT('',(312.07349323989,357.82194642445,
    107.3487459318));
#8446 = CARTESIAN_POINT('',(316.34983972698,358.90692981907,
    107.47363308773));
#8447 = CARTESIAN_POINT('',(320.62873034613,359.77082390996,
    107.61791161257));
#8448 = CARTESIAN_POINT('',(324.90645535717,360.53611800851,
    107.73805648096));
#8449 = CARTESIAN_POINT('',(329.19177427478,360.78709567919,
    107.98693990709));
#8450 = CARTESIAN_POINT('',(333.46902839726,361.11207848863,
    108.16713788952));
#8451 = CARTESIAN_POINT('',(337.74832561117,361.20545323557,
    108.38236923666));
#8452 = CARTESIAN_POINT('',(342.02697062847,361.2104247906,
    108.59109068743));
#8453 = CARTESIAN_POINT('',(346.30391351544,361.09496354959,
    108.7848010191));
#8454 = CARTESIAN_POINT('',(350.58496238288,361.10208766512,
    108.91581370561));
#8455 = CARTESIAN_POINT('',(354.8577723004,360.95814414942,
    109.07359976381));
#8456 = CARTESIAN_POINT('',(359.18388688825,360.5888296363,
    109.26656708601));
#8457 = CARTESIAN_POINT('',(363.5052046971,360.51098316947,
    109.34656393865));
#8458 = CARTESIAN_POINT('',(367.54865046447,360.50811822418,
    109.38202433889));
#8459 = CARTESIAN_POINT('',(372.05847150757,359.8262263537,
    109.4962930094));
#8460 = CARTESIAN_POINT('',(376.24564436291,360.062945085,
    109.46512804099));
#8461 = CARTESIAN_POINT('',(380.50353796332,357.48811442119,
    109.81632335314));
#8462 = CARTESIAN_POINT('',(384.85798865987,356.5158221789,
    109.88753913133));
#8463 = CARTESIAN_POINT('',(389.02722072527,354.59413457064,
    110.06977697759));
#8464 = CARTESIAN_POINT('',(393.32393006004,352.76192616353,
    110.29945586767));
#8465 = CARTESIAN_POINT('',(396.53994441614,354.8232648705,
    110.02897480492));
#8466 = CARTESIAN_POINT('',(397.6403,351.88845790809,110.37397134996));
#8467 = DEFINITIONAL_REPRESENTATION('',(#8468),#8472);
#8468 = LINE('',#8469,#8470);
#8469 = CARTESIAN_POINT('',(32.,0.));
#8470 = VECTOR('',#8471,1.);
#8471 = DIRECTION('',(0.,1.));
#8472 = ( GEOMETRIC_REPRESENTATION_CONTEXT(2) 
PARAMETRIC_REPRESENTATION_CONTEXT() REPRESENTATION_CONTEXT('2D SPACE',''
  ) );
#8473 = ORIENTED_EDGE('',*,*,#8474,.F.);
#8474 = EDGE_CURVE('',#8011,#8265,#8475,.T.);
#8475 = SURFACE_CURVE('',#8476,(#8479,#8486),.PCURVE_S1.);
#8476 = B_SPLINE_CURVE_WITH_KNOTS('',1,(#8477,#8478),.UNSPECIFIED.,.F.,
  .F.,(2,2),(31.,32.),.PIECEWISE_BEZIER_KNOTS.);
#8477 = CARTESIAN_POINT('',(397.6403,352.55434213299,110.21734364425));
#8478 = CARTESIAN_POINT('',(397.6403,352.25913519202,110.33143830951));
#8479 = PCURVE('',#8086,#8480);
#8480 = DEFINITIONAL_REPRESENTATION('',(#8481),#8485);
#8481 = LINE('',#8482,#8483);
#8482 = CARTESIAN_POINT('',(0.,1.));
#8483 = VECTOR('',#8484,1.);
#8484 = DIRECTION('',(1.,0.));
#8485 = ( GEOMETRIC_REPRESENTATION_CONTEXT(2) 
PARAMETRIC_REPRESENTATION_CONTEXT() REPRESENTATION_CONTEXT('2D SPACE',''
  ) );
#8486 = PCURVE('',#401,#8487);
#8487 = DEFINITIONAL_REPRESENTATION('',(#8488),#8491);
#8488 = B_SPLINE_CURVE_WITH_KNOTS('',1,(#8489,#8490),.UNSPECIFIED.,.F.,
  .F.,(2,2),(31.,32.),.PIECEWISE_BEZIER_KNOTS.);
#8489 = CARTESIAN_POINT('',(-3.287054695413,0.184023450623));
#8490 = CARTESIAN_POINT('',(-2.981534366284,0.101427693278));
#8491 = ( GEOMETRIC_REPRESENTATION_CONTEXT(2) 
PARAMETRIC_REPRESENTATION_CONTEXT() REPRESENTATION_CONTEXT('2D SPACE',''
  ) );
#8492 = ORIENTED_EDGE('',*,*,#8010,.F.);
#8493 = ADVANCED_FACE('',(#8494),#8340,.T.);
#8494 = FACE_BOUND('',#8495,.T.);
#8495 = EDGE_LOOP('',(#8496,#8517,#8727,#8746));
#8496 = ORIENTED_EDGE('',*,*,#8497,.T.);
#8497 = EDGE_CURVE('',#8244,#8498,#8500,.T.);
#8498 = VERTEX_POINT('',#8499);
#8499 = CARTESIAN_POINT('',(140.9618,352.06332244888,110.79738363969));
#8500 = SURFACE_CURVE('',#8501,(#8504,#8511),.PCURVE_S1.);
#8501 = B_SPLINE_CURVE_WITH_KNOTS('',1,(#8502,#8503),.UNSPECIFIED.,.F.,
  .F.,(2,2),(32.,33.),.PIECEWISE_BEZIER_KNOTS.);
#8502 = CARTESIAN_POINT('',(140.9618,351.68007475286,110.74716436548));
#8503 = CARTESIAN_POINT('',(140.9618,352.06332244888,110.79738363969));
#8504 = PCURVE('',#8340,#8505);
#8505 = DEFINITIONAL_REPRESENTATION('',(#8506),#8510);
#8506 = LINE('',#8507,#8508);
#8507 = CARTESIAN_POINT('',(0.,0.));
#8508 = VECTOR('',#8509,1.);
#8509 = DIRECTION('',(1.,0.));
#8510 = ( GEOMETRIC_REPRESENTATION_CONTEXT(2) 
PARAMETRIC_REPRESENTATION_CONTEXT() REPRESENTATION_CONTEXT('2D SPACE',''
  ) );
#8511 = PCURVE('',#165,#8512);
#8512 = DEFINITIONAL_REPRESENTATION('',(#8513),#8516);
#8513 = B_SPLINE_CURVE_WITH_KNOTS('',1,(#8514,#8515),.UNSPECIFIED.,.F.,
  .F.,(2,2),(32.,33.),.PIECEWISE_BEZIER_KNOTS.);
#8514 = CARTESIAN_POINT('',(3.092191665439,-3.35837578362E-04));
#8515 = CARTESIAN_POINT('',(2.705667707259,-2.938578810898E-04));
#8516 = ( GEOMETRIC_REPRESENTATION_CONTEXT(2) 
PARAMETRIC_REPRESENTATION_CONTEXT() REPRESENTATION_CONTEXT('2D SPACE',''
  ) );
#8517 = ORIENTED_EDGE('',*,*,#8518,.T.);
#8518 = EDGE_CURVE('',#8498,#8519,#8521,.T.);
#8519 = VERTEX_POINT('',#8520);
#8520 = CARTESIAN_POINT('',(397.6403,351.88845790809,110.37397134996));
#8521 = SURFACE_CURVE('',#8522,(#8586,#8593),.PCURVE_S1.);
#8522 = ( BOUNDED_CURVE() B_SPLINE_CURVE(3,(#8523,#8524,#8525,#8526,
    #8527,#8528,#8529,#8530,#8531,#8532,#8533,#8534,#8535,#8536,#8537,
    #8538,#8539,#8540,#8541,#8542,#8543,#8544,#8545,#8546,#8547,#8548,
    #8549,#8550,#8551,#8552,#8553,#8554,#8555,#8556,#8557,#8558,#8559,
    #8560,#8561,#8562,#8563,#8564,#8565,#8566,#8567,#8568,#8569,#8570,
    #8571,#8572,#8573,#8574,#8575,#8576,#8577,#8578,#8579,#8580,#8581,
    #8582,#8583,#8584,#8585),.UNSPECIFIED.,.F.,.F.) 
B_SPLINE_CURVE_WITH_KNOTS((4,1,1,1,1,1,1,1,1,1,1,1,1,1,1,1,1,1,1,1,1,1,1
    ,1,1,1,1,1,1,1,1,1,1,1,1,1,1,1,1,1,1,1,1,1,1,1,1,1,1,1,1,1,1,1,1,1,1
    ,1,1,1,4),(0.,1.671834126768E-02,3.328707673398E-02,
    5.001744466419E-02,6.648650714478E-02,8.348892901119E-02,
    9.999486964001E-02,0.11646941087,0.133815549619,0.150618938677,
    0.167038735703,0.183454077407,0.199862498306,0.216272023155,
    0.232682039048,0.249094136,0.265517101832,0.28195250261,
    0.298446383618,0.315002877417,0.331625113939,0.348307612691,
    0.365035992875,0.381711213613,0.398301880653,0.414823418335,
    0.431326889702,0.448164125522,0.464772555536,0.481574851679,
    0.498833916597,0.516076325801,0.532869467448,0.550364700599,
    0.567182918644,0.58368017293,0.60020088702,0.616790522208,
    0.633466402799,0.650196996519,0.66688122827,0.683506031496,
    0.700063533111,0.716557401724,0.732992840875,0.749415744672,
    0.765827967007,0.78223726506,0.798647812608,0.815056815176,
    0.831475231221,0.84789937286,0.864694545606,0.881987572306,
    0.898456926779,0.91536479181,0.932301655256,0.949102498792,
0.966203962862,0.982810298735,1.),.UNSPECIFIED.) CURVE() 
GEOMETRIC_REPRESENTATION_ITEM() RATIONAL_B_SPLINE_CURVE((1.,
    1.000000000007,0.999999999997,1.000000000001,1.,1.,1.,1.,1.,1.,1.,1.
    ,1.,1.,1.,1.,1.,1.,1.,1.,1.,1.,1.,1.,1.,1.,1.,1.,1.,1.,1.,1.,1.,1.,
    1.,1.,1.,1.,1.,1.,1.,1.,1.,1.,1.,1.,1.,1.,1.,1.,1.,1.,1.,1.,1.,1.,1.
    ,1.,1.000000000001,0.999999999996,1.000000000014,0.999999999969,1.))
 REPRESENTATION_ITEM('') );
#8523 = CARTESIAN_POINT('',(140.9618,352.06332244888,110.79738363969));
#8524 = CARTESIAN_POINT('',(142.09540904743,350.85210267312,
    110.63231350634));
#8525 = CARTESIAN_POINT('',(145.34352279277,352.52085340875,
    110.94248260314));
#8526 = CARTESIAN_POINT('',(149.51920541273,352.23012791346,
    110.96707593358));
#8527 = CARTESIAN_POINT('',(153.74675028087,351.36547084973,
    110.94228714139));
#8528 = CARTESIAN_POINT('',(158.17058310233,351.19959582994,
    111.05239674471));
#8529 = CARTESIAN_POINT('',(162.26698448152,350.77705720622,
    111.10037041091));
#8530 = CARTESIAN_POINT('',(166.61873526807,351.46112588869,
    111.29457951945));
#8531 = CARTESIAN_POINT('',(171.05025168138,351.19962809884,
    111.3004771778));
#8532 = CARTESIAN_POINT('',(175.09238100893,353.39109876663,
    111.69330538551));
#8533 = CARTESIAN_POINT('',(179.41643525083,353.8923281281,
    111.78788740125));
#8534 = CARTESIAN_POINT('',(183.74465399728,353.9451719726,
    111.79334946973));
#8535 = CARTESIAN_POINT('',(188.01748830499,354.00179983061,
    111.78219795079));
#8536 = CARTESIAN_POINT('',(192.29804434258,354.06708887965,
    111.77677685484));
#8537 = CARTESIAN_POINT('',(196.57544693057,354.07435213944,
    111.75438244405));
#8538 = CARTESIAN_POINT('',(200.85359337877,354.05340855637,
    111.72081544735));
#8539 = CARTESIAN_POINT('',(205.13313267918,354.05829293511,
    111.70152272267));
#8540 = CARTESIAN_POINT('',(209.41029445154,354.11192527286,
    111.6752838247));
#8541 = CARTESIAN_POINT('',(213.69566833045,354.10487526045,
    111.55136227011));
#8542 = CARTESIAN_POINT('',(217.97323994091,354.28805731059,
    111.41386922502));
#8543 = CARTESIAN_POINT('',(222.25201002744,354.52574318225,
    111.1762564393));
#8544 = CARTESIAN_POINT('',(226.52878947893,354.90134680203,
    110.91197466288));
#8545 = CARTESIAN_POINT('',(230.80631705996,355.33407382287,
    110.59373533123));
#8546 = CARTESIAN_POINT('',(235.06961741834,355.88037823193,
    110.29736327675));
#8547 = CARTESIAN_POINT('',(239.34364675972,356.3121138296,
    109.98772287253));
#8548 = CARTESIAN_POINT('',(243.62590118763,356.65576734687,
    109.79722259298));
#8549 = CARTESIAN_POINT('',(247.90145862716,356.59105271536,
    109.60641617942));
#8550 = CARTESIAN_POINT('',(252.24748803221,356.53071346641,
    109.65345624703));
#8551 = CARTESIAN_POINT('',(256.42226459116,355.29668424074,
    109.18884662983));
#8552 = CARTESIAN_POINT('',(260.774587196,355.29071149854,
    109.07660145985));
#8553 = CARTESIAN_POINT('',(265.08553351846,354.19066164943,
    108.69433948765));
#8554 = CARTESIAN_POINT('',(269.30435854157,353.66307075616,
    108.62802544961));
#8555 = CARTESIAN_POINT('',(273.49463672784,352.7498211314,
    108.23278806495));
#8556 = CARTESIAN_POINT('',(277.98553204283,352.89773745443,
    108.34491141228));
#8557 = CARTESIAN_POINT('',(282.02098866206,351.7625296623,108.06811998)
  );
#8558 = CARTESIAN_POINT('',(286.37785805657,351.90563294171,
    107.92445943536));
#8559 = CARTESIAN_POINT('',(290.69560185407,352.12717785287,
    107.48659845644));
#8560 = CARTESIAN_POINT('',(294.97762712103,352.87652553125,
    107.24554793832));
#8561 = CARTESIAN_POINT('',(299.25829278307,353.92462103217,
    107.09818237299));
#8562 = CARTESIAN_POINT('',(303.53281780748,355.21768490785,
    107.10579888116));
#8563 = CARTESIAN_POINT('',(307.79563331651,356.62045656381,
    107.19435392071));
#8564 = CARTESIAN_POINT('',(312.07349323989,357.82194642445,
    107.3487459318));
#8565 = CARTESIAN_POINT('',(316.34983972698,358.90692981907,
    107.47363308773));
#8566 = CARTESIAN_POINT('',(320.62873034613,359.77082390996,
    107.61791161257));
#8567 = CARTESIAN_POINT('',(324.90645535717,360.53611800851,
    107.73805648096));
#8568 = CARTESIAN_POINT('',(329.19177427478,360.78709567919,
    107.98693990709));
#8569 = CARTESIAN_POINT('',(333.46902839726,361.11207848863,
    108.16713788952));
#8570 = CARTESIAN_POINT('',(337.74832561117,361.20545323557,
    108.38236923666));
#8571 = CARTESIAN_POINT('',(342.02697062847,361.2104247906,
    108.59109068743));
#8572 = CARTESIAN_POINT('',(346.30391351544,361.09496354959,
    108.7848010191));
#8573 = CARTESIAN_POINT('',(350.58496238288,361.10208766512,
    108.91581370561));
#8574 = CARTESIAN_POINT('',(354.8577723004,360.95814414942,
    109.07359976381));
#8575 = CARTESIAN_POINT('',(359.18388688825,360.5888296363,
    109.26656708601));
#8576 = CARTESIAN_POINT('',(363.5052046971,360.51098316947,
    109.34656393865));
#8577 = CARTESIAN_POINT('',(367.54865046447,360.50811822418,
    109.38202433889));
#8578 = CARTESIAN_POINT('',(372.05847150757,359.8262263537,
    109.4962930094));
#8579 = CARTESIAN_POINT('',(376.24564436291,360.062945085,
    109.46512804099));
#8580 = CARTESIAN_POINT('',(380.50353796332,357.48811442119,
    109.81632335314));
#8581 = CARTESIAN_POINT('',(384.85798865987,356.5158221789,
    109.88753913133));
#8582 = CARTESIAN_POINT('',(389.02722072527,354.59413457064,
    110.06977697759));
#8583 = CARTESIAN_POINT('',(393.32393006004,352.76192616353,
    110.29945586767));
#8584 = CARTESIAN_POINT('',(396.53994441614,354.8232648705,
    110.02897480492));
#8585 = CARTESIAN_POINT('',(397.6403,351.88845790809,110.37397134996));
#8586 = PCURVE('',#8340,#8587);
#8587 = DEFINITIONAL_REPRESENTATION('',(#8588),#8592);
#8588 = LINE('',#8589,#8590);
#8589 = CARTESIAN_POINT('',(33.,0.));
#8590 = VECTOR('',#8591,1.);
#8591 = DIRECTION('',(0.,1.));
#8592 = ( GEOMETRIC_REPRESENTATION_CONTEXT(2) 
PARAMETRIC_REPRESENTATION_CONTEXT() REPRESENTATION_CONTEXT('2D SPACE',''
  ) );
#8593 = PCURVE('',#8594,#8721);
#8594 = ( BOUNDED_SURFACE() B_SPLINE_SURFACE(1,3,(
    (#8595,#8596,#8597,#8598,#8599,#8600,#8601,#8602,#8603,#8604,#8605
      ,#8606,#8607,#8608,#8609,#8610,#8611,#8612,#8613,#8614,#8615,#8616
      ,#8617,#8618,#8619,#8620,#8621,#8622,#8623,#8624,#8625,#8626,#8627
      ,#8628,#8629,#8630,#8631,#8632,#8633,#8634,#8635,#8636,#8637,#8638
      ,#8639,#8640,#8641,#8642,#8643,#8644,#8645,#8646,#8647,#8648,#8649
      ,#8650,#8651,#8652,#8653,#8654,#8655,#8656,#8657)
    ,(#8658,#8659,#8660,#8661,#8662,#8663,#8664,#8665,#8666,#8667,#8668
      ,#8669,#8670,#8671,#8672,#8673,#8674,#8675,#8676,#8677,#8678,#8679
      ,#8680,#8681,#8682,#8683,#8684,#8685,#8686,#8687,#8688,#8689,#8690
      ,#8691,#8692,#8693,#8694,#8695,#8696,#8697,#8698,#8699,#8700,#8701
      ,#8702,#8703,#8704,#8705,#8706,#8707,#8708,#8709,#8710,#8711,#8712
      ,#8713,#8714,#8715,#8716,#8717,#8718,#8719,#8720
)),.UNSPECIFIED.,.F.,.F.,.F.) B_SPLINE_SURFACE_WITH_KNOTS((2,2),(4,1,1,1
    ,1,1,1,1,1,1,1,1,1,1,1,1,1,1,1,1,1,1,1,1,1,1,1,1,1,1,1,1,1,1,1,1,1,1
    ,1,1,1,1,1,1,1,1,1,1,1,1,1,1,1,1,1,1,1,1,1,1,4),(33.,34.),(0.,
    1.671834126768E-02,3.328707673398E-02,5.001744466419E-02,
    6.648650714478E-02,8.348892901119E-02,9.999486964001E-02,
    0.11646941087,0.133815549619,0.150618938677,0.167038735703,
    0.183454077407,0.199862498306,0.216272023155,0.232682039048,
    0.249094136,0.265517101832,0.28195250261,0.298446383618,
    0.315002877417,0.331625113939,0.348307612691,0.365035992875,
    0.381711213613,0.398301880653,0.414823418335,0.431326889702,
    0.448164125522,0.464772555536,0.481574851679,0.498833916597,
    0.516076325801,0.532869467448,0.550364700599,0.567182918644,
    0.58368017293,0.60020088702,0.616790522208,0.633466402799,
    0.650196996519,0.66688122827,0.683506031496,0.700063533111,
    0.716557401724,0.732992840875,0.749415744672,0.765827967007,
    0.78223726506,0.798647812608,0.815056815176,0.831475231221,
    0.84789937286,0.864694545606,0.881987572306,0.898456926779,
    0.91536479181,0.932301655256,0.949102498792,0.966203962862,
0.982810298735,1.),.UNSPECIFIED.) GEOMETRIC_REPRESENTATION_ITEM() 
RATIONAL_B_SPLINE_SURFACE((
    (1.,1.000000000007,0.999999999997,1.000000000001,1.,1.,1.,1.,1.,1.
      ,1.,1.,1.,1.,1.,1.,1.,1.,1.,1.,1.,1.,1.,1.,1.,1.,1.,1.,1.,1.,1.,1.
      ,1.,1.,1.,1.,1.,1.,1.,1.,1.,1.,1.,1.,1.,1.,1.,1.,1.,1.,1.,1.,1.,1.
      ,1.,1.,1.,1.,1.000000000001,0.999999999996,1.000000000014
      ,0.999999999969,1.)
    ,(1.,1.000000000007,0.999999999997,1.000000000001,1.,1.,1.,1.,1.,1.
      ,1.,1.,1.,1.,1.,1.,1.,1.,1.,1.,1.,1.,1.,1.,1.,1.,1.,1.,1.,1.,1.,1.
      ,1.,1.,1.,1.,1.,1.,1.,1.,1.,1.,1.,1.,1.,1.,1.,1.,1.,1.,1.,1.,1.,1.
      ,1.,1.,1.,1.,1.000000000001,0.999999999996,1.000000000014
,0.999999999969,1.))) REPRESENTATION_ITEM('') SURFACE() );
#8595 = CARTESIAN_POINT('',(140.9618,352.06332244888,110.79738363969));
#8596 = CARTESIAN_POINT('',(142.09540904743,350.85210267312,
    110.63231350634));
#8597 = CARTESIAN_POINT('',(145.34352279277,352.52085340875,
    110.94248260314));
#8598 = CARTESIAN_POINT('',(149.51920541273,352.23012791346,
    110.96707593358));
#8599 = CARTESIAN_POINT('',(153.74675028087,351.36547084973,
    110.94228714139));
#8600 = CARTESIAN_POINT('',(158.17058310233,351.19959582994,
    111.05239674471));
#8601 = CARTESIAN_POINT('',(162.26698448152,350.77705720622,
    111.10037041091));
#8602 = CARTESIAN_POINT('',(166.61873526807,351.46112588869,
    111.29457951945));
#8603 = CARTESIAN_POINT('',(171.05025168138,351.19962809884,
    111.3004771778));
#8604 = CARTESIAN_POINT('',(175.09238100893,353.39109876663,
    111.69330538551));
#8605 = CARTESIAN_POINT('',(179.41643525083,353.8923281281,
    111.78788740125));
#8606 = CARTESIAN_POINT('',(183.74465399728,353.9451719726,
    111.79334946973));
#8607 = CARTESIAN_POINT('',(188.01748830499,354.00179983061,
    111.78219795079));
#8608 = CARTESIAN_POINT('',(192.29804434258,354.06708887965,
    111.77677685484));
#8609 = CARTESIAN_POINT('',(196.57544693057,354.07435213944,
    111.75438244405));
#8610 = CARTESIAN_POINT('',(200.85359337877,354.05340855637,
    111.72081544735));
#8611 = CARTESIAN_POINT('',(205.13313267918,354.05829293511,
    111.70152272267));
#8612 = CARTESIAN_POINT('',(209.41029445154,354.11192527286,
    111.6752838247));
#8613 = CARTESIAN_POINT('',(213.69566833045,354.10487526045,
    111.55136227011));
#8614 = CARTESIAN_POINT('',(217.97323994091,354.28805731059,
    111.41386922502));
#8615 = CARTESIAN_POINT('',(222.25201002744,354.52574318225,
    111.1762564393));
#8616 = CARTESIAN_POINT('',(226.52878947893,354.90134680203,
    110.91197466288));
#8617 = CARTESIAN_POINT('',(230.80631705996,355.33407382287,
    110.59373533123));
#8618 = CARTESIAN_POINT('',(235.06961741834,355.88037823193,
    110.29736327675));
#8619 = CARTESIAN_POINT('',(239.34364675972,356.3121138296,
    109.98772287253));
#8620 = CARTESIAN_POINT('',(243.62590118763,356.65576734687,
    109.79722259298));
#8621 = CARTESIAN_POINT('',(247.90145862716,356.59105271536,
    109.60641617942));
#8622 = CARTESIAN_POINT('',(252.24748803221,356.53071346641,
    109.65345624703));
#8623 = CARTESIAN_POINT('',(256.42226459116,355.29668424074,
    109.18884662983));
#8624 = CARTESIAN_POINT('',(260.774587196,355.29071149854,
    109.07660145985));
#8625 = CARTESIAN_POINT('',(265.08553351846,354.19066164943,
    108.69433948765));
#8626 = CARTESIAN_POINT('',(269.30435854157,353.66307075616,
    108.62802544961));
#8627 = CARTESIAN_POINT('',(273.49463672784,352.7498211314,
    108.23278806495));
#8628 = CARTESIAN_POINT('',(277.98553204283,352.89773745443,
    108.34491141228));
#8629 = CARTESIAN_POINT('',(282.02098866206,351.7625296623,108.06811998)
  );
#8630 = CARTESIAN_POINT('',(286.37785805657,351.90563294171,
    107.92445943536));
#8631 = CARTESIAN_POINT('',(290.69560185407,352.12717785287,
    107.48659845644));
#8632 = CARTESIAN_POINT('',(294.97762712103,352.87652553125,
    107.24554793832));
#8633 = CARTESIAN_POINT('',(299.25829278307,353.92462103217,
    107.09818237299));
#8634 = CARTESIAN_POINT('',(303.53281780748,355.21768490785,
    107.10579888116));
#8635 = CARTESIAN_POINT('',(307.79563331651,356.62045656381,
    107.19435392071));
#8636 = CARTESIAN_POINT('',(312.07349323989,357.82194642445,
    107.3487459318));
#8637 = CARTESIAN_POINT('',(316.34983972698,358.90692981907,
    107.47363308773));
#8638 = CARTESIAN_POINT('',(320.62873034613,359.77082390996,
    107.61791161257));
#8639 = CARTESIAN_POINT('',(324.90645535717,360.53611800851,
    107.73805648096));
#8640 = CARTESIAN_POINT('',(329.19177427478,360.78709567919,
    107.98693990709));
#8641 = CARTESIAN_POINT('',(333.46902839726,361.11207848863,
    108.16713788952));
#8642 = CARTESIAN_POINT('',(337.74832561117,361.20545323557,
    108.38236923666));
#8643 = CARTESIAN_POINT('',(342.02697062847,361.2104247906,
    108.59109068743));
#8644 = CARTESIAN_POINT('',(346.30391351544,361.09496354959,
    108.7848010191));
#8645 = CARTESIAN_POINT('',(350.58496238288,361.10208766512,
    108.91581370561));
#8646 = CARTESIAN_POINT('',(354.8577723004,360.95814414942,
    109.07359976381));
#8647 = CARTESIAN_POINT('',(359.18388688825,360.5888296363,
    109.26656708601));
#8648 = CARTESIAN_POINT('',(363.5052046971,360.51098316947,
    109.34656393865));
#8649 = CARTESIAN_POINT('',(367.54865046447,360.50811822418,
    109.38202433889));
#8650 = CARTESIAN_POINT('',(372.05847150757,359.8262263537,
    109.4962930094));
#8651 = CARTESIAN_POINT('',(376.24564436291,360.062945085,
    109.46512804099));
#8652 = CARTESIAN_POINT('',(380.50353796332,357.48811442119,
    109.81632335314));
#8653 = CARTESIAN_POINT('',(384.85798865987,356.5158221789,
    109.88753913133));
#8654 = CARTESIAN_POINT('',(389.02722072527,354.59413457064,
    110.06977697759));
#8655 = CARTESIAN_POINT('',(393.32393006004,352.76192616353,
    110.29945586767));
#8656 = CARTESIAN_POINT('',(396.53994441614,354.8232648705,
    110.02897480492));
#8657 = CARTESIAN_POINT('',(397.6403,351.88845790809,110.37397134996));
#8658 = CARTESIAN_POINT('',(140.9618,352.44657014491,110.8476029139));
#8659 = CARTESIAN_POINT('',(142.09540904743,351.4323972214,
    110.72919989491));
#8660 = CARTESIAN_POINT('',(145.34352279277,352.96688159385,
    110.99791657376));
#8661 = CARTESIAN_POINT('',(149.51920541273,352.86075568856,
    111.061072166));
#8662 = CARTESIAN_POINT('',(153.74675028087,352.03932105503,
    111.04314382874));
#8663 = CARTESIAN_POINT('',(158.17058310233,351.82915358516,
    111.14450189434));
#8664 = CARTESIAN_POINT('',(162.26698448152,351.63863584993,
    111.26684728252));
#8665 = CARTESIAN_POINT('',(166.61873526807,352.36071502674,
    111.50031412601));
#8666 = CARTESIAN_POINT('',(171.05025168138,352.11742156326,
    111.58040541535));
#8667 = CARTESIAN_POINT('',(175.09238100893,354.48699665385,
    112.06214817693));
#8668 = CARTESIAN_POINT('',(179.41643525083,355.15033368297,
    112.25924803709));
#8669 = CARTESIAN_POINT('',(183.74465399728,355.18387906102,
    112.29199696188));
#8670 = CARTESIAN_POINT('',(188.01748830499,355.26815983152,
    112.32037371502));
#8671 = CARTESIAN_POINT('',(192.29804434258,355.34060112765,
    112.30761723958));
#8672 = CARTESIAN_POINT('',(196.57544693057,355.36504514291,
    112.28389274251));
#8673 = CARTESIAN_POINT('',(200.85359337877,355.35740348877,
    112.23996390791));
#8674 = CARTESIAN_POINT('',(205.13313267918,355.36231808749,
    112.20751970586));
#8675 = CARTESIAN_POINT('',(209.41029445154,355.40438775693,
    112.15352820084));
#8676 = CARTESIAN_POINT('',(213.69566833045,355.38212706157,
    112.01219182477));
#8677 = CARTESIAN_POINT('',(217.97323994091,355.52003966135,
    111.8554303258));
#8678 = CARTESIAN_POINT('',(222.25201002744,355.69241974133,
    111.62298818458));
#8679 = CARTESIAN_POINT('',(226.52878947893,356.00006524574,
    111.34510814993));
#8680 = CARTESIAN_POINT('',(230.80631705996,356.34511942134,
    111.04762355288));
#8681 = CARTESIAN_POINT('',(235.06961741834,356.79161418166,
    110.77689935937));
#8682 = CARTESIAN_POINT('',(239.34364675972,357.1229582839,
    110.48592120779));
#8683 = CARTESIAN_POINT('',(243.62590118763,357.37731725046,
    110.28837996491));
#8684 = CARTESIAN_POINT('',(247.90145862716,357.22798677528,
    110.08144410086));
#8685 = CARTESIAN_POINT('',(252.24748803221,357.13313288497,
    110.0546068817));
#8686 = CARTESIAN_POINT('',(256.42226459116,355.72983143573,
    109.67540842995));
#8687 = CARTESIAN_POINT('',(260.774587196,355.60250081897,
    109.56628997901));
#8688 = CARTESIAN_POINT('',(265.08553351846,354.42156130278,
    109.27831843202));
#8689 = CARTESIAN_POINT('',(269.30435854157,353.6719117989,
    109.18838774978));
#8690 = CARTESIAN_POINT('',(273.49463672784,352.54802441271,
    108.86293234185));
#8691 = CARTESIAN_POINT('',(277.98553204283,352.61382391786,
    108.87353574941));
#8692 = CARTESIAN_POINT('',(282.02098866206,351.3888598694,
    108.62103479437));
#8693 = CARTESIAN_POINT('',(286.37785805657,351.3917802903,
    108.42479463895));
#8694 = CARTESIAN_POINT('',(290.69560185407,351.6127325528,
    108.09443556696));
#8695 = CARTESIAN_POINT('',(294.97762712103,352.29122798088,
    107.89697484097));
#8696 = CARTESIAN_POINT('',(299.25829278307,353.26900197312,
    107.78688758071));
#8697 = CARTESIAN_POINT('',(303.53281780748,354.45099409727,
    107.78370039903));
#8698 = CARTESIAN_POINT('',(307.79563331651,355.73392405425,
    107.84159956206));
#8699 = CARTESIAN_POINT('',(312.07349323989,356.81007210255,
    107.94850029492));
#8700 = CARTESIAN_POINT('',(316.34983972698,357.78707109348,
    108.0211578861));
#8701 = CARTESIAN_POINT('',(320.62873034613,358.56478219897,
    108.12686954873));
#8702 = CARTESIAN_POINT('',(324.90645535717,359.2602801686,
    108.20674505886));
#8703 = CARTESIAN_POINT('',(329.19177427478,359.47547332501,
    108.42549383698));
#8704 = CARTESIAN_POINT('',(333.46902839726,359.76808730082,
    108.57206358712));
#8705 = CARTESIAN_POINT('',(337.74832561117,359.85321638527,
    108.7723251704));
#8706 = CARTESIAN_POINT('',(342.02697062847,359.85379237338,
    108.95120484256));
#8707 = CARTESIAN_POINT('',(346.30391351544,359.75461114109,
    109.11999389132));
#8708 = CARTESIAN_POINT('',(350.58496238288,359.76204879346,
    109.23038863214));
#8709 = CARTESIAN_POINT('',(354.8577723004,359.65277093001,
    109.36788375602));
#8710 = CARTESIAN_POINT('',(359.18388688825,359.2976397882,
    109.54107108705));
#8711 = CARTESIAN_POINT('',(363.5052046971,359.32330893883,
    109.57418414578));
#8712 = CARTESIAN_POINT('',(367.54865046447,359.52187344485,
    109.5880809171));
#8713 = CARTESIAN_POINT('',(372.05847150757,358.84507123737,
    109.67576577299));
#8714 = CARTESIAN_POINT('',(376.24564436291,359.23867923873,
    109.62400716415));
#8715 = CARTESIAN_POINT('',(380.50353796332,356.84619326842,
    109.92747836806));
#8716 = CARTESIAN_POINT('',(384.85798865987,355.90822104316,
    109.99598891681));
#8717 = CARTESIAN_POINT('',(389.02722072527,354.04342689581,
    110.15391646604));
#8718 = CARTESIAN_POINT('',(393.32393006004,352.37241373543,
    110.34787653985));
#8719 = CARTESIAN_POINT('',(396.53994441614,354.43351077647,
    110.11925266934));
#8720 = CARTESIAN_POINT('',(397.6403,351.51796143596,110.41830073208));
#8721 = DEFINITIONAL_REPRESENTATION('',(#8722),#8726);
#8722 = LINE('',#8723,#8724);
#8723 = CARTESIAN_POINT('',(33.,0.));
#8724 = VECTOR('',#8725,1.);
#8725 = DIRECTION('',(0.,1.));
#8726 = ( GEOMETRIC_REPRESENTATION_CONTEXT(2) 
PARAMETRIC_REPRESENTATION_CONTEXT() REPRESENTATION_CONTEXT('2D SPACE',''
  ) );
#8727 = ORIENTED_EDGE('',*,*,#8728,.F.);
#8728 = EDGE_CURVE('',#8265,#8519,#8729,.T.);
#8729 = SURFACE_CURVE('',#8730,(#8733,#8740),.PCURVE_S1.);
#8730 = B_SPLINE_CURVE_WITH_KNOTS('',1,(#8731,#8732),.UNSPECIFIED.,.F.,
  .F.,(2,2),(32.,33.),.PIECEWISE_BEZIER_KNOTS.);
#8731 = CARTESIAN_POINT('',(397.6403,352.25913519202,110.33143830951));
#8732 = CARTESIAN_POINT('',(397.6403,351.88845790809,110.37397134996));
#8733 = PCURVE('',#8340,#8734);
#8734 = DEFINITIONAL_REPRESENTATION('',(#8735),#8739);
#8735 = LINE('',#8736,#8737);
#8736 = CARTESIAN_POINT('',(0.,1.));
#8737 = VECTOR('',#8738,1.);
#8738 = DIRECTION('',(1.,0.));
#8739 = ( GEOMETRIC_REPRESENTATION_CONTEXT(2) 
PARAMETRIC_REPRESENTATION_CONTEXT() REPRESENTATION_CONTEXT('2D SPACE',''
  ) );
#8740 = PCURVE('',#401,#8741);
#8741 = DEFINITIONAL_REPRESENTATION('',(#8742),#8745);
#8742 = B_SPLINE_CURVE_WITH_KNOTS('',1,(#8743,#8744),.UNSPECIFIED.,.F.,
  .F.,(2,2),(32.,33.),.PIECEWISE_BEZIER_KNOTS.);
#8743 = CARTESIAN_POINT('',(-2.981534366284,0.101427693278));
#8744 = CARTESIAN_POINT('',(-2.608441588215,9.789395561043E-02));
#8745 = ( GEOMETRIC_REPRESENTATION_CONTEXT(2) 
PARAMETRIC_REPRESENTATION_CONTEXT() REPRESENTATION_CONTEXT('2D SPACE',''
  ) );
#8746 = ORIENTED_EDGE('',*,*,#8264,.F.);
#8747 = ADVANCED_FACE('',(#8748),#8594,.T.);
#8748 = FACE_BOUND('',#8749,.T.);
#8749 = EDGE_LOOP('',(#8750,#8771,#8981,#9000));
#8750 = ORIENTED_EDGE('',*,*,#8751,.T.);
#8751 = EDGE_CURVE('',#8498,#8752,#8754,.T.);
#8752 = VERTEX_POINT('',#8753);
#8753 = CARTESIAN_POINT('',(140.9618,352.44657014491,110.8476029139));
#8754 = SURFACE_CURVE('',#8755,(#8758,#8765),.PCURVE_S1.);
#8755 = B_SPLINE_CURVE_WITH_KNOTS('',1,(#8756,#8757),.UNSPECIFIED.,.F.,
  .F.,(2,2),(33.,34.),.PIECEWISE_BEZIER_KNOTS.);
#8756 = CARTESIAN_POINT('',(140.9618,352.06332244888,110.79738363969));
#8757 = CARTESIAN_POINT('',(140.9618,352.44657014491,110.8476029139));
#8758 = PCURVE('',#8594,#8759);
#8759 = DEFINITIONAL_REPRESENTATION('',(#8760),#8764);
#8760 = LINE('',#8761,#8762);
#8761 = CARTESIAN_POINT('',(0.,0.));
#8762 = VECTOR('',#8763,1.);
#8763 = DIRECTION('',(1.,0.));
#8764 = ( GEOMETRIC_REPRESENTATION_CONTEXT(2) 
PARAMETRIC_REPRESENTATION_CONTEXT() REPRESENTATION_CONTEXT('2D SPACE',''
  ) );
#8765 = PCURVE('',#165,#8766);
#8766 = DEFINITIONAL_REPRESENTATION('',(#8767),#8770);
#8767 = B_SPLINE_CURVE_WITH_KNOTS('',1,(#8768,#8769),.UNSPECIFIED.,.F.,
  .F.,(2,2),(33.,34.),.PIECEWISE_BEZIER_KNOTS.);
#8768 = CARTESIAN_POINT('',(2.705667707259,-2.938578810898E-04));
#8769 = CARTESIAN_POINT('',(2.319143749079,-2.518781837892E-04));
#8770 = ( GEOMETRIC_REPRESENTATION_CONTEXT(2) 
PARAMETRIC_REPRESENTATION_CONTEXT() REPRESENTATION_CONTEXT('2D SPACE',''
  ) );
#8771 = ORIENTED_EDGE('',*,*,#8772,.T.);
#8772 = EDGE_CURVE('',#8752,#8773,#8775,.T.);
#8773 = VERTEX_POINT('',#8774);
#8774 = CARTESIAN_POINT('',(397.6403,351.51796143596,110.41830073208));
#8775 = SURFACE_CURVE('',#8776,(#8840,#8847),.PCURVE_S1.);
#8776 = ( BOUNDED_CURVE() B_SPLINE_CURVE(3,(#8777,#8778,#8779,#8780,
    #8781,#8782,#8783,#8784,#8785,#8786,#8787,#8788,#8789,#8790,#8791,
    #8792,#8793,#8794,#8795,#8796,#8797,#8798,#8799,#8800,#8801,#8802,
    #8803,#8804,#8805,#8806,#8807,#8808,#8809,#8810,#8811,#8812,#8813,
    #8814,#8815,#8816,#8817,#8818,#8819,#8820,#8821,#8822,#8823,#8824,
    #8825,#8826,#8827,#8828,#8829,#8830,#8831,#8832,#8833,#8834,#8835,
    #8836,#8837,#8838,#8839),.UNSPECIFIED.,.F.,.F.) 
B_SPLINE_CURVE_WITH_KNOTS((4,1,1,1,1,1,1,1,1,1,1,1,1,1,1,1,1,1,1,1,1,1,1
    ,1,1,1,1,1,1,1,1,1,1,1,1,1,1,1,1,1,1,1,1,1,1,1,1,1,1,1,1,1,1,1,1,1,1
    ,1,1,1,4),(0.,1.671834126768E-02,3.328707673398E-02,
    5.001744466419E-02,6.648650714478E-02,8.348892901119E-02,
    9.999486964001E-02,0.11646941087,0.133815549619,0.150618938677,
    0.167038735703,0.183454077407,0.199862498306,0.216272023155,
    0.232682039048,0.249094136,0.265517101832,0.28195250261,
    0.298446383618,0.315002877417,0.331625113939,0.348307612691,
    0.365035992875,0.381711213613,0.398301880653,0.414823418335,
    0.431326889702,0.448164125522,0.464772555536,0.481574851679,
    0.498833916597,0.516076325801,0.532869467448,0.550364700599,
    0.567182918644,0.58368017293,0.60020088702,0.616790522208,
    0.633466402799,0.650196996519,0.66688122827,0.683506031496,
    0.700063533111,0.716557401724,0.732992840875,0.749415744672,
    0.765827967007,0.78223726506,0.798647812608,0.815056815176,
    0.831475231221,0.84789937286,0.864694545606,0.881987572306,
    0.898456926779,0.91536479181,0.932301655256,0.949102498792,
0.966203962862,0.982810298735,1.),.UNSPECIFIED.) CURVE() 
GEOMETRIC_REPRESENTATION_ITEM() RATIONAL_B_SPLINE_CURVE((1.,
    1.000000000007,0.999999999997,1.000000000001,1.,1.,1.,1.,1.,1.,1.,1.
    ,1.,1.,1.,1.,1.,1.,1.,1.,1.,1.,1.,1.,1.,1.,1.,1.,1.,1.,1.,1.,1.,1.,
    1.,1.,1.,1.,1.,1.,1.,1.,1.,1.,1.,1.,1.,1.,1.,1.,1.,1.,1.,1.,1.,1.,1.
    ,1.,1.000000000001,0.999999999996,1.000000000014,0.999999999969,1.))
 REPRESENTATION_ITEM('') );
#8777 = CARTESIAN_POINT('',(140.9618,352.44657014491,110.8476029139));
#8778 = CARTESIAN_POINT('',(142.09540904743,351.4323972214,
    110.72919989491));
#8779 = CARTESIAN_POINT('',(145.34352279277,352.96688159385,
    110.99791657376));
#8780 = CARTESIAN_POINT('',(149.51920541273,352.86075568856,
    111.061072166));
#8781 = CARTESIAN_POINT('',(153.74675028087,352.03932105503,
    111.04314382874));
#8782 = CARTESIAN_POINT('',(158.17058310233,351.82915358516,
    111.14450189434));
#8783 = CARTESIAN_POINT('',(162.26698448152,351.63863584993,
    111.26684728252));
#8784 = CARTESIAN_POINT('',(166.61873526807,352.36071502674,
    111.50031412601));
#8785 = CARTESIAN_POINT('',(171.05025168138,352.11742156326,
    111.58040541535));
#8786 = CARTESIAN_POINT('',(175.09238100893,354.48699665385,
    112.06214817693));
#8787 = CARTESIAN_POINT('',(179.41643525083,355.15033368297,
    112.25924803709));
#8788 = CARTESIAN_POINT('',(183.74465399728,355.18387906102,
    112.29199696188));
#8789 = CARTESIAN_POINT('',(188.01748830499,355.26815983152,
    112.32037371502));
#8790 = CARTESIAN_POINT('',(192.29804434258,355.34060112765,
    112.30761723958));
#8791 = CARTESIAN_POINT('',(196.57544693057,355.36504514291,
    112.28389274251));
#8792 = CARTESIAN_POINT('',(200.85359337877,355.35740348877,
    112.23996390791));
#8793 = CARTESIAN_POINT('',(205.13313267918,355.36231808749,
    112.20751970586));
#8794 = CARTESIAN_POINT('',(209.41029445154,355.40438775693,
    112.15352820084));
#8795 = CARTESIAN_POINT('',(213.69566833045,355.38212706157,
    112.01219182477));
#8796 = CARTESIAN_POINT('',(217.97323994091,355.52003966135,
    111.8554303258));
#8797 = CARTESIAN_POINT('',(222.25201002744,355.69241974133,
    111.62298818458));
#8798 = CARTESIAN_POINT('',(226.52878947893,356.00006524574,
    111.34510814993));
#8799 = CARTESIAN_POINT('',(230.80631705996,356.34511942134,
    111.04762355288));
#8800 = CARTESIAN_POINT('',(235.06961741834,356.79161418166,
    110.77689935937));
#8801 = CARTESIAN_POINT('',(239.34364675972,357.1229582839,
    110.48592120779));
#8802 = CARTESIAN_POINT('',(243.62590118763,357.37731725046,
    110.28837996491));
#8803 = CARTESIAN_POINT('',(247.90145862716,357.22798677528,
    110.08144410086));
#8804 = CARTESIAN_POINT('',(252.24748803221,357.13313288497,
    110.0546068817));
#8805 = CARTESIAN_POINT('',(256.42226459116,355.72983143573,
    109.67540842995));
#8806 = CARTESIAN_POINT('',(260.774587196,355.60250081897,
    109.56628997901));
#8807 = CARTESIAN_POINT('',(265.08553351846,354.42156130278,
    109.27831843202));
#8808 = CARTESIAN_POINT('',(269.30435854157,353.6719117989,
    109.18838774978));
#8809 = CARTESIAN_POINT('',(273.49463672784,352.54802441271,
    108.86293234185));
#8810 = CARTESIAN_POINT('',(277.98553204283,352.61382391786,
    108.87353574941));
#8811 = CARTESIAN_POINT('',(282.02098866206,351.3888598694,
    108.62103479437));
#8812 = CARTESIAN_POINT('',(286.37785805657,351.3917802903,
    108.42479463895));
#8813 = CARTESIAN_POINT('',(290.69560185407,351.6127325528,
    108.09443556696));
#8814 = CARTESIAN_POINT('',(294.97762712103,352.29122798088,
    107.89697484097));
#8815 = CARTESIAN_POINT('',(299.25829278307,353.26900197312,
    107.78688758071));
#8816 = CARTESIAN_POINT('',(303.53281780748,354.45099409727,
    107.78370039903));
#8817 = CARTESIAN_POINT('',(307.79563331651,355.73392405425,
    107.84159956206));
#8818 = CARTESIAN_POINT('',(312.07349323989,356.81007210255,
    107.94850029492));
#8819 = CARTESIAN_POINT('',(316.34983972698,357.78707109348,
    108.0211578861));
#8820 = CARTESIAN_POINT('',(320.62873034613,358.56478219897,
    108.12686954873));
#8821 = CARTESIAN_POINT('',(324.90645535717,359.2602801686,
    108.20674505886));
#8822 = CARTESIAN_POINT('',(329.19177427478,359.47547332501,
    108.42549383698));
#8823 = CARTESIAN_POINT('',(333.46902839726,359.76808730082,
    108.57206358712));
#8824 = CARTESIAN_POINT('',(337.74832561117,359.85321638527,
    108.7723251704));
#8825 = CARTESIAN_POINT('',(342.02697062847,359.85379237338,
    108.95120484256));
#8826 = CARTESIAN_POINT('',(346.30391351544,359.75461114109,
    109.11999389132));
#8827 = CARTESIAN_POINT('',(350.58496238288,359.76204879346,
    109.23038863214));
#8828 = CARTESIAN_POINT('',(354.8577723004,359.65277093001,
    109.36788375602));
#8829 = CARTESIAN_POINT('',(359.18388688825,359.2976397882,
    109.54107108705));
#8830 = CARTESIAN_POINT('',(363.5052046971,359.32330893883,
    109.57418414578));
#8831 = CARTESIAN_POINT('',(367.54865046447,359.52187344485,
    109.5880809171));
#8832 = CARTESIAN_POINT('',(372.05847150757,358.84507123737,
    109.67576577299));
#8833 = CARTESIAN_POINT('',(376.24564436291,359.23867923873,
    109.62400716415));
#8834 = CARTESIAN_POINT('',(380.50353796332,356.84619326842,
    109.92747836806));
#8835 = CARTESIAN_POINT('',(384.85798865987,355.90822104316,
    109.99598891681));
#8836 = CARTESIAN_POINT('',(389.02722072527,354.04342689581,
    110.15391646604));
#8837 = CARTESIAN_POINT('',(393.32393006004,352.37241373543,
    110.34787653985));
#8838 = CARTESIAN_POINT('',(396.53994441614,354.43351077647,
    110.11925266934));
#8839 = CARTESIAN_POINT('',(397.6403,351.51796143596,110.41830073208));
#8840 = PCURVE('',#8594,#8841);
#8841 = DEFINITIONAL_REPRESENTATION('',(#8842),#8846);
#8842 = LINE('',#8843,#8844);
#8843 = CARTESIAN_POINT('',(34.,0.));
#8844 = VECTOR('',#8845,1.);
#8845 = DIRECTION('',(0.,1.));
#8846 = ( GEOMETRIC_REPRESENTATION_CONTEXT(2) 
PARAMETRIC_REPRESENTATION_CONTEXT() REPRESENTATION_CONTEXT('2D SPACE',''
  ) );
#8847 = PCURVE('',#8848,#8975);
#8848 = ( BOUNDED_SURFACE() B_SPLINE_SURFACE(1,3,(
    (#8849,#8850,#8851,#8852,#8853,#8854,#8855,#8856,#8857,#8858,#8859
      ,#8860,#8861,#8862,#8863,#8864,#8865,#8866,#8867,#8868,#8869,#8870
      ,#8871,#8872,#8873,#8874,#8875,#8876,#8877,#8878,#8879,#8880,#8881
      ,#8882,#8883,#8884,#8885,#8886,#8887,#8888,#8889,#8890,#8891,#8892
      ,#8893,#8894,#8895,#8896,#8897,#8898,#8899,#8900,#8901,#8902,#8903
      ,#8904,#8905,#8906,#8907,#8908,#8909,#8910,#8911)
    ,(#8912,#8913,#8914,#8915,#8916,#8917,#8918,#8919,#8920,#8921,#8922
      ,#8923,#8924,#8925,#8926,#8927,#8928,#8929,#8930,#8931,#8932,#8933
      ,#8934,#8935,#8936,#8937,#8938,#8939,#8940,#8941,#8942,#8943,#8944
      ,#8945,#8946,#8947,#8948,#8949,#8950,#8951,#8952,#8953,#8954,#8955
      ,#8956,#8957,#8958,#8959,#8960,#8961,#8962,#8963,#8964,#8965,#8966
      ,#8967,#8968,#8969,#8970,#8971,#8972,#8973,#8974
)),.UNSPECIFIED.,.F.,.F.,.F.) B_SPLINE_SURFACE_WITH_KNOTS((2,2),(4,1,1,1
    ,1,1,1,1,1,1,1,1,1,1,1,1,1,1,1,1,1,1,1,1,1,1,1,1,1,1,1,1,1,1,1,1,1,1
    ,1,1,1,1,1,1,1,1,1,1,1,1,1,1,1,1,1,1,1,1,1,1,4),(34.,35.),(0.,
    1.671834126768E-02,3.328707673398E-02,5.001744466419E-02,
    6.648650714478E-02,8.348892901119E-02,9.999486964001E-02,
    0.11646941087,0.133815549619,0.150618938677,0.167038735703,
    0.183454077407,0.199862498306,0.216272023155,0.232682039048,
    0.249094136,0.265517101832,0.28195250261,0.298446383618,
    0.315002877417,0.331625113939,0.348307612691,0.365035992875,
    0.381711213613,0.398301880653,0.414823418335,0.431326889702,
    0.448164125522,0.464772555536,0.481574851679,0.498833916597,
    0.516076325801,0.532869467448,0.550364700599,0.567182918644,
    0.58368017293,0.60020088702,0.616790522208,0.633466402799,
    0.650196996519,0.66688122827,0.683506031496,0.700063533111,
    0.716557401724,0.732992840875,0.749415744672,0.765827967007,
    0.78223726506,0.798647812608,0.815056815176,0.831475231221,
    0.84789937286,0.864694545606,0.881987572306,0.898456926779,
    0.91536479181,0.932301655256,0.949102498792,0.966203962862,
0.982810298735,1.),.UNSPECIFIED.) GEOMETRIC_REPRESENTATION_ITEM() 
RATIONAL_B_SPLINE_SURFACE((
    (1.,1.000000000007,0.999999999997,1.000000000001,1.,1.,1.,1.,1.,1.
      ,1.,1.,1.,1.,1.,1.,1.,1.,1.,1.,1.,1.,1.,1.,1.,1.,1.,1.,1.,1.,1.,1.
      ,1.,1.,1.,1.,1.,1.,1.,1.,1.,1.,1.,1.,1.,1.,1.,1.,1.,1.,1.,1.,1.,1.
      ,1.,1.,1.,1.,1.000000000001,0.999999999996,1.000000000014
      ,0.999999999969,1.)
    ,(1.,1.000000000007,0.999999999997,1.000000000001,1.,1.,1.,1.,1.,1.
      ,1.,1.,1.,1.,1.,1.,1.,1.,1.,1.,1.,1.,1.,1.,1.,1.,1.,1.,1.,1.,1.,1.
      ,1.,1.,1.,1.,1.,1.,1.,1.,1.,1.,1.,1.,1.,1.,1.,1.,1.,1.,1.,1.,1.,1.
      ,1.,1.,1.,1.,1.000000000001,0.999999999996,1.000000000014
,0.999999999969,1.))) REPRESENTATION_ITEM('') SURFACE() );
#8849 = CARTESIAN_POINT('',(140.9618,352.44657014491,110.8476029139));
#8850 = CARTESIAN_POINT('',(142.09540904743,351.4323972214,
    110.72919989491));
#8851 = CARTESIAN_POINT('',(145.34352279277,352.96688159385,
    110.99791657376));
#8852 = CARTESIAN_POINT('',(149.51920541273,352.86075568856,
    111.061072166));
#8853 = CARTESIAN_POINT('',(153.74675028087,352.03932105503,
    111.04314382874));
#8854 = CARTESIAN_POINT('',(158.17058310233,351.82915358516,
    111.14450189434));
#8855 = CARTESIAN_POINT('',(162.26698448152,351.63863584993,
    111.26684728252));
#8856 = CARTESIAN_POINT('',(166.61873526807,352.36071502674,
    111.50031412601));
#8857 = CARTESIAN_POINT('',(171.05025168138,352.11742156326,
    111.58040541535));
#8858 = CARTESIAN_POINT('',(175.09238100893,354.48699665385,
    112.06214817693));
#8859 = CARTESIAN_POINT('',(179.41643525083,355.15033368297,
    112.25924803709));
#8860 = CARTESIAN_POINT('',(183.74465399728,355.18387906102,
    112.29199696188));
#8861 = CARTESIAN_POINT('',(188.01748830499,355.26815983152,
    112.32037371502));
#8862 = CARTESIAN_POINT('',(192.29804434258,355.34060112765,
    112.30761723958));
#8863 = CARTESIAN_POINT('',(196.57544693057,355.36504514291,
    112.28389274251));
#8864 = CARTESIAN_POINT('',(200.85359337877,355.35740348877,
    112.23996390791));
#8865 = CARTESIAN_POINT('',(205.13313267918,355.36231808749,
    112.20751970586));
#8866 = CARTESIAN_POINT('',(209.41029445154,355.40438775693,
    112.15352820084));
#8867 = CARTESIAN_POINT('',(213.69566833045,355.38212706157,
    112.01219182477));
#8868 = CARTESIAN_POINT('',(217.97323994091,355.52003966135,
    111.8554303258));
#8869 = CARTESIAN_POINT('',(222.25201002744,355.69241974133,
    111.62298818458));
#8870 = CARTESIAN_POINT('',(226.52878947893,356.00006524574,
    111.34510814993));
#8871 = CARTESIAN_POINT('',(230.80631705996,356.34511942134,
    111.04762355288));
#8872 = CARTESIAN_POINT('',(235.06961741834,356.79161418166,
    110.77689935937));
#8873 = CARTESIAN_POINT('',(239.34364675972,357.1229582839,
    110.48592120779));
#8874 = CARTESIAN_POINT('',(243.62590118763,357.37731725046,
    110.28837996491));
#8875 = CARTESIAN_POINT('',(247.90145862716,357.22798677528,
    110.08144410086));
#8876 = CARTESIAN_POINT('',(252.24748803221,357.13313288497,
    110.0546068817));
#8877 = CARTESIAN_POINT('',(256.42226459116,355.72983143573,
    109.67540842995));
#8878 = CARTESIAN_POINT('',(260.774587196,355.60250081897,
    109.56628997901));
#8879 = CARTESIAN_POINT('',(265.08553351846,354.42156130278,
    109.27831843202));
#8880 = CARTESIAN_POINT('',(269.30435854157,353.6719117989,
    109.18838774978));
#8881 = CARTESIAN_POINT('',(273.49463672784,352.54802441271,
    108.86293234185));
#8882 = CARTESIAN_POINT('',(277.98553204283,352.61382391786,
    108.87353574941));
#8883 = CARTESIAN_POINT('',(282.02098866206,351.3888598694,
    108.62103479437));
#8884 = CARTESIAN_POINT('',(286.37785805657,351.3917802903,
    108.42479463895));
#8885 = CARTESIAN_POINT('',(290.69560185407,351.6127325528,
    108.09443556696));
#8886 = CARTESIAN_POINT('',(294.97762712103,352.29122798088,
    107.89697484097));
#8887 = CARTESIAN_POINT('',(299.25829278307,353.26900197312,
    107.78688758071));
#8888 = CARTESIAN_POINT('',(303.53281780748,354.45099409727,
    107.78370039903));
#8889 = CARTESIAN_POINT('',(307.79563331651,355.73392405425,
    107.84159956206));
#8890 = CARTESIAN_POINT('',(312.07349323989,356.81007210255,
    107.94850029492));
#8891 = CARTESIAN_POINT('',(316.34983972698,357.78707109348,
    108.0211578861));
#8892 = CARTESIAN_POINT('',(320.62873034613,358.56478219897,
    108.12686954873));
#8893 = CARTESIAN_POINT('',(324.90645535717,359.2602801686,
    108.20674505886));
#8894 = CARTESIAN_POINT('',(329.19177427478,359.47547332501,
    108.42549383698));
#8895 = CARTESIAN_POINT('',(333.46902839726,359.76808730082,
    108.57206358712));
#8896 = CARTESIAN_POINT('',(337.74832561117,359.85321638527,
    108.7723251704));
#8897 = CARTESIAN_POINT('',(342.02697062847,359.85379237338,
    108.95120484256));
#8898 = CARTESIAN_POINT('',(346.30391351544,359.75461114109,
    109.11999389132));
#8899 = CARTESIAN_POINT('',(350.58496238288,359.76204879346,
    109.23038863214));
#8900 = CARTESIAN_POINT('',(354.8577723004,359.65277093001,
    109.36788375602));
#8901 = CARTESIAN_POINT('',(359.18388688825,359.2976397882,
    109.54107108705));
#8902 = CARTESIAN_POINT('',(363.5052046971,359.32330893883,
    109.57418414578));
#8903 = CARTESIAN_POINT('',(367.54865046447,359.52187344485,
    109.5880809171));
#8904 = CARTESIAN_POINT('',(372.05847150757,358.84507123737,
    109.67576577299));
#8905 = CARTESIAN_POINT('',(376.24564436291,359.23867923873,
    109.62400716415));
#8906 = CARTESIAN_POINT('',(380.50353796332,356.84619326842,
    109.92747836806));
#8907 = CARTESIAN_POINT('',(384.85798865987,355.90822104316,
    109.99598891681));
#8908 = CARTESIAN_POINT('',(389.02722072527,354.04342689581,
    110.15391646604));
#8909 = CARTESIAN_POINT('',(393.32393006004,352.37241373543,
    110.34787653985));
#8910 = CARTESIAN_POINT('',(396.53994441614,354.43351077647,
    110.11925266934));
#8911 = CARTESIAN_POINT('',(397.6403,351.51796143596,110.41830073208));
#8912 = CARTESIAN_POINT('',(140.9618,352.82981784093,110.89782218811));
#8913 = CARTESIAN_POINT('',(142.09540904743,352.01703286212,
    110.8093967399));
#8914 = CARTESIAN_POINT('',(145.34352279277,353.41094206552,
    111.06091439933));
#8915 = CARTESIAN_POINT('',(149.51920541273,353.49182620029,
    111.15337016081));
#8916 = CARTESIAN_POINT('',(153.74675028087,352.71338675247,
    111.143157551));
#8917 = CARTESIAN_POINT('',(158.17058310233,352.4574215817,
    111.24161943291));
#8918 = CARTESIAN_POINT('',(162.26698448152,352.50528220293,111.41363535
    ));
#8919 = CARTESIAN_POINT('',(166.61873526807,353.25921264409,
    111.70521337281));
#8920 = CARTESIAN_POINT('',(171.05025168138,353.04123592594,
    111.83799578388));
#8921 = CARTESIAN_POINT('',(175.09238100893,355.59627399039,
    112.38879307393));
#8922 = CARTESIAN_POINT('',(179.41643525083,356.43263473785,
    112.65640792771));
#8923 = CARTESIAN_POINT('',(183.74465399728,356.4485589848,112.719709438
    ));
#8924 = CARTESIAN_POINT('',(188.01748830499,356.57464729506,
    112.74665678817));
#8925 = CARTESIAN_POINT('',(192.29804434258,356.65330628825,
    112.73075588441));
#8926 = CARTESIAN_POINT('',(196.57544693057,356.69256920102,
    112.71209487686));
#8927 = CARTESIAN_POINT('',(200.85359337877,356.69276991456,
    112.67234048724));
#8928 = CARTESIAN_POINT('',(205.13313267918,356.69391467615,
    112.63604953044));
#8929 = CARTESIAN_POINT('',(209.41029445154,356.71509588786,
    112.58010045966));
#8930 = CARTESIAN_POINT('',(213.69566833045,356.67324962527,
    112.43369537748));
#8931 = CARTESIAN_POINT('',(217.97323994091,356.75707110695,
    112.28138151197));
#8932 = CARTESIAN_POINT('',(222.25201002744,356.87495335268,
    112.0333587838));
#8933 = CARTESIAN_POINT('',(226.52878947893,357.09582168842,
    111.78312793503));
#8934 = CARTESIAN_POINT('',(230.80631705996,357.34879880572,
    111.50964923323));
#8935 = CARTESIAN_POINT('',(235.06961741834,357.68954947406,
    111.27386467124));
#8936 = CARTESIAN_POINT('',(239.34364675972,357.91930802379,
    110.99886062379));
#8937 = CARTESIAN_POINT('',(243.62590118763,358.07323869624,
    110.82088675291));
#8938 = CARTESIAN_POINT('',(247.90145862716,357.83107548725,
    110.60127195085));
#8939 = CARTESIAN_POINT('',(252.24748803221,357.7165199351,
    110.47928949121));
#8940 = CARTESIAN_POINT('',(256.42226459116,356.14597525038,
    110.18406523877));
#8941 = CARTESIAN_POINT('',(260.774587196,355.90180655965,110.0722246783
    ));
#8942 = CARTESIAN_POINT('',(265.08553351846,354.63772147918,
    109.88419689865));
#8943 = CARTESIAN_POINT('',(269.30435854157,353.68483679856,
    109.73383160905));
#8944 = CARTESIAN_POINT('',(273.49463672784,352.34029468209,
    109.49178780506));
#8945 = CARTESIAN_POINT('',(277.98553204283,352.33620140308,
    109.4060857893));
#8946 = CARTESIAN_POINT('',(282.02098866206,351.00114798796,
    109.1606455564));
#8947 = CARTESIAN_POINT('',(286.37785805657,350.8518035968,
    108.90085210989));
#8948 = CARTESIAN_POINT('',(290.69560185407,351.05492616511,
    108.66386917375));
#8949 = CARTESIAN_POINT('',(294.97762712103,351.65180325005,
    108.49487089844));
#8950 = CARTESIAN_POINT('',(299.25829278307,352.54480975914,
    108.40566656506));
#8951 = CARTESIAN_POINT('',(303.53281780748,353.63376523045,
    108.40527094984));
#8952 = CARTESIAN_POINT('',(307.79563331651,354.80792489765,
    108.44303769156));
#8953 = CARTESIAN_POINT('',(312.07349323989,355.77411091963,
    108.50677349644));
#8954 = CARTESIAN_POINT('',(316.34983972698,356.65645554329,
    108.54706469769));
#8955 = CARTESIAN_POINT('',(320.62873034613,357.35019707923,
    108.614618136));
#8956 = CARTESIAN_POINT('',(324.90645535717,357.9783069116,
    108.65950807124));
#8957 = CARTESIAN_POINT('',(329.19177427478,358.15762013928,
    108.84696802536));
#8958 = CARTESIAN_POINT('',(333.46902839726,358.42332802939,
    108.97390004507));
#8959 = CARTESIAN_POINT('',(337.74832561117,358.4990115796,
    109.15635245492));
#8960 = CARTESIAN_POINT('',(342.02697062847,358.49618427904,
    109.30722949116));
#8961 = CARTESIAN_POINT('',(346.30391351544,358.4139510911,
    109.45408369747));
#8962 = CARTESIAN_POINT('',(350.58496238288,358.421369793,
    109.54221167848));
#8963 = CARTESIAN_POINT('',(354.8577723004,358.34741988678,
    109.6630268538));
#8964 = CARTESIAN_POINT('',(359.18388688825,358.0041370753,
    109.80353783733));
#8965 = CARTESIAN_POINT('',(363.5052046971,358.14060171389,
    109.83084637775));
#8966 = CARTESIAN_POINT('',(367.54865046447,358.54012903759,
    109.81860718274));
#8967 = CARTESIAN_POINT('',(372.05847150757,357.86865457789,
    109.88100576168));
#8968 = CARTESIAN_POINT('',(376.24564436291,358.4177228224,
    109.80132758547));
#8969 = CARTESIAN_POINT('',(380.50353796332,356.20979325039,
    110.06944020814));
#8970 = CARTESIAN_POINT('',(384.85798865987,355.30025224524,
    110.10053287198));
#8971 = CARTESIAN_POINT('',(389.02722072527,353.49128230354,
    110.23019907075));
#8972 = CARTESIAN_POINT('',(393.32393006004,351.98471748402,
    110.40874723039));
#8973 = CARTESIAN_POINT('',(396.53994441614,354.03746368681,
    110.17090146068));
#8974 = CARTESIAN_POINT('',(397.6403,351.14744485553,110.46251360117));
#8975 = DEFINITIONAL_REPRESENTATION('',(#8976),#8980);
#8976 = LINE('',#8977,#8978);
#8977 = CARTESIAN_POINT('',(34.,0.));
#8978 = VECTOR('',#8979,1.);
#8979 = DIRECTION('',(0.,1.));
#8980 = ( GEOMETRIC_REPRESENTATION_CONTEXT(2) 
PARAMETRIC_REPRESENTATION_CONTEXT() REPRESENTATION_CONTEXT('2D SPACE',''
  ) );
#8981 = ORIENTED_EDGE('',*,*,#8982,.F.);
#8982 = EDGE_CURVE('',#8519,#8773,#8983,.T.);
#8983 = SURFACE_CURVE('',#8984,(#8987,#8994),.PCURVE_S1.);
#8984 = B_SPLINE_CURVE_WITH_KNOTS('',1,(#8985,#8986),.UNSPECIFIED.,.F.,
  .F.,(2,2),(33.,34.),.PIECEWISE_BEZIER_KNOTS.);
#8985 = CARTESIAN_POINT('',(397.6403,351.88845790809,110.37397134996));
#8986 = CARTESIAN_POINT('',(397.6403,351.51796143596,110.41830073208));
#8987 = PCURVE('',#8594,#8988);
#8988 = DEFINITIONAL_REPRESENTATION('',(#8989),#8993);
#8989 = LINE('',#8990,#8991);
#8990 = CARTESIAN_POINT('',(0.,1.));
#8991 = VECTOR('',#8992,1.);
#8992 = DIRECTION('',(1.,0.));
#8993 = ( GEOMETRIC_REPRESENTATION_CONTEXT(2) 
PARAMETRIC_REPRESENTATION_CONTEXT() REPRESENTATION_CONTEXT('2D SPACE',''
  ) );
#8994 = PCURVE('',#401,#8995);
#8995 = DEFINITIONAL_REPRESENTATION('',(#8996),#8999);
#8996 = B_SPLINE_CURVE_WITH_KNOTS('',1,(#8997,#8998),.UNSPECIFIED.,.F.,
  .F.,(2,2),(33.,34.),.PIECEWISE_BEZIER_KNOTS.);
#8997 = CARTESIAN_POINT('',(-2.608441588215,9.789395561043E-02));
#8998 = CARTESIAN_POINT('',(-2.235340765944,9.255481726828E-02));
#8999 = ( GEOMETRIC_REPRESENTATION_CONTEXT(2) 
PARAMETRIC_REPRESENTATION_CONTEXT() REPRESENTATION_CONTEXT('2D SPACE',''
  ) );
#9000 = ORIENTED_EDGE('',*,*,#8518,.F.);
#9001 = ADVANCED_FACE('',(#9002),#8848,.T.);
#9002 = FACE_BOUND('',#9003,.T.);
#9003 = EDGE_LOOP('',(#9004,#9025,#9235,#9254));
#9004 = ORIENTED_EDGE('',*,*,#9005,.T.);
#9005 = EDGE_CURVE('',#8752,#9006,#9008,.T.);
#9006 = VERTEX_POINT('',#9007);
#9007 = CARTESIAN_POINT('',(140.9618,352.82981784093,110.89782218811));
#9008 = SURFACE_CURVE('',#9009,(#9012,#9019),.PCURVE_S1.);
#9009 = B_SPLINE_CURVE_WITH_KNOTS('',1,(#9010,#9011),.UNSPECIFIED.,.F.,
  .F.,(2,2),(34.,35.),.PIECEWISE_BEZIER_KNOTS.);
#9010 = CARTESIAN_POINT('',(140.9618,352.44657014491,110.8476029139));
#9011 = CARTESIAN_POINT('',(140.9618,352.82981784093,110.89782218811));
#9012 = PCURVE('',#8848,#9013);
#9013 = DEFINITIONAL_REPRESENTATION('',(#9014),#9018);
#9014 = LINE('',#9015,#9016);
#9015 = CARTESIAN_POINT('',(0.,0.));
#9016 = VECTOR('',#9017,1.);
#9017 = DIRECTION('',(1.,0.));
#9018 = ( GEOMETRIC_REPRESENTATION_CONTEXT(2) 
PARAMETRIC_REPRESENTATION_CONTEXT() REPRESENTATION_CONTEXT('2D SPACE',''
  ) );
#9019 = PCURVE('',#165,#9020);
#9020 = DEFINITIONAL_REPRESENTATION('',(#9021),#9024);
#9021 = B_SPLINE_CURVE_WITH_KNOTS('',1,(#9022,#9023),.UNSPECIFIED.,.F.,
  .F.,(2,2),(34.,35.),.PIECEWISE_BEZIER_KNOTS.);
#9022 = CARTESIAN_POINT('',(2.319143749079,-2.518781837892E-04));
#9023 = CARTESIAN_POINT('',(1.932619790899,-2.098984864887E-04));
#9024 = ( GEOMETRIC_REPRESENTATION_CONTEXT(2) 
PARAMETRIC_REPRESENTATION_CONTEXT() REPRESENTATION_CONTEXT('2D SPACE',''
  ) );
#9025 = ORIENTED_EDGE('',*,*,#9026,.T.);
#9026 = EDGE_CURVE('',#9006,#9027,#9029,.T.);
#9027 = VERTEX_POINT('',#9028);
#9028 = CARTESIAN_POINT('',(397.6403,351.14744485553,110.46251360117));
#9029 = SURFACE_CURVE('',#9030,(#9094,#9101),.PCURVE_S1.);
#9030 = ( BOUNDED_CURVE() B_SPLINE_CURVE(3,(#9031,#9032,#9033,#9034,
    #9035,#9036,#9037,#9038,#9039,#9040,#9041,#9042,#9043,#9044,#9045,
    #9046,#9047,#9048,#9049,#9050,#9051,#9052,#9053,#9054,#9055,#9056,
    #9057,#9058,#9059,#9060,#9061,#9062,#9063,#9064,#9065,#9066,#9067,
    #9068,#9069,#9070,#9071,#9072,#9073,#9074,#9075,#9076,#9077,#9078,
    #9079,#9080,#9081,#9082,#9083,#9084,#9085,#9086,#9087,#9088,#9089,
    #9090,#9091,#9092,#9093),.UNSPECIFIED.,.F.,.F.) 
B_SPLINE_CURVE_WITH_KNOTS((4,1,1,1,1,1,1,1,1,1,1,1,1,1,1,1,1,1,1,1,1,1,1
    ,1,1,1,1,1,1,1,1,1,1,1,1,1,1,1,1,1,1,1,1,1,1,1,1,1,1,1,1,1,1,1,1,1,1
    ,1,1,1,4),(0.,1.671834126768E-02,3.328707673398E-02,
    5.001744466419E-02,6.648650714478E-02,8.348892901119E-02,
    9.999486964001E-02,0.11646941087,0.133815549619,0.150618938677,
    0.167038735703,0.183454077407,0.199862498306,0.216272023155,
    0.232682039048,0.249094136,0.265517101832,0.28195250261,
    0.298446383618,0.315002877417,0.331625113939,0.348307612691,
    0.365035992875,0.381711213613,0.398301880653,0.414823418335,
    0.431326889702,0.448164125522,0.464772555536,0.481574851679,
    0.498833916597,0.516076325801,0.532869467448,0.550364700599,
    0.567182918644,0.58368017293,0.60020088702,0.616790522208,
    0.633466402799,0.650196996519,0.66688122827,0.683506031496,
    0.700063533111,0.716557401724,0.732992840875,0.749415744672,
    0.765827967007,0.78223726506,0.798647812608,0.815056815176,
    0.831475231221,0.84789937286,0.864694545606,0.881987572306,
    0.898456926779,0.91536479181,0.932301655256,0.949102498792,
0.966203962862,0.982810298735,1.),.UNSPECIFIED.) CURVE() 
GEOMETRIC_REPRESENTATION_ITEM() RATIONAL_B_SPLINE_CURVE((1.,
    1.000000000007,0.999999999997,1.000000000001,1.,1.,1.,1.,1.,1.,1.,1.
    ,1.,1.,1.,1.,1.,1.,1.,1.,1.,1.,1.,1.,1.,1.,1.,1.,1.,1.,1.,1.,1.,1.,
    1.,1.,1.,1.,1.,1.,1.,1.,1.,1.,1.,1.,1.,1.,1.,1.,1.,1.,1.,1.,1.,1.,1.
    ,1.,1.000000000001,0.999999999996,1.000000000014,0.999999999969,1.))
 REPRESENTATION_ITEM('') );
#9031 = CARTESIAN_POINT('',(140.9618,352.82981784093,110.89782218811));
#9032 = CARTESIAN_POINT('',(142.09540904743,352.01703286212,
    110.8093967399));
#9033 = CARTESIAN_POINT('',(145.34352279277,353.41094206552,
    111.06091439933));
#9034 = CARTESIAN_POINT('',(149.51920541273,353.49182620029,
    111.15337016081));
#9035 = CARTESIAN_POINT('',(153.74675028087,352.71338675247,
    111.143157551));
#9036 = CARTESIAN_POINT('',(158.17058310233,352.4574215817,
    111.24161943291));
#9037 = CARTESIAN_POINT('',(162.26698448152,352.50528220293,111.41363535
    ));
#9038 = CARTESIAN_POINT('',(166.61873526807,353.25921264409,
    111.70521337281));
#9039 = CARTESIAN_POINT('',(171.05025168138,353.04123592594,
    111.83799578388));
#9040 = CARTESIAN_POINT('',(175.09238100893,355.59627399039,
    112.38879307393));
#9041 = CARTESIAN_POINT('',(179.41643525083,356.43263473785,
    112.65640792771));
#9042 = CARTESIAN_POINT('',(183.74465399728,356.4485589848,112.719709438
    ));
#9043 = CARTESIAN_POINT('',(188.01748830499,356.57464729506,
    112.74665678817));
#9044 = CARTESIAN_POINT('',(192.29804434258,356.65330628825,
    112.73075588441));
#9045 = CARTESIAN_POINT('',(196.57544693057,356.69256920102,
    112.71209487686));
#9046 = CARTESIAN_POINT('',(200.85359337877,356.69276991456,
    112.67234048724));
#9047 = CARTESIAN_POINT('',(205.13313267918,356.69391467615,
    112.63604953044));
#9048 = CARTESIAN_POINT('',(209.41029445154,356.71509588786,
    112.58010045966));
#9049 = CARTESIAN_POINT('',(213.69566833045,356.67324962527,
    112.43369537748));
#9050 = CARTESIAN_POINT('',(217.97323994091,356.75707110695,
    112.28138151197));
#9051 = CARTESIAN_POINT('',(222.25201002744,356.87495335268,
    112.0333587838));
#9052 = CARTESIAN_POINT('',(226.52878947893,357.09582168842,
    111.78312793503));
#9053 = CARTESIAN_POINT('',(230.80631705996,357.34879880572,
    111.50964923323));
#9054 = CARTESIAN_POINT('',(235.06961741834,357.68954947406,
    111.27386467124));
#9055 = CARTESIAN_POINT('',(239.34364675972,357.91930802379,
    110.99886062379));
#9056 = CARTESIAN_POINT('',(243.62590118763,358.07323869624,
    110.82088675291));
#9057 = CARTESIAN_POINT('',(247.90145862716,357.83107548725,
    110.60127195085));
#9058 = CARTESIAN_POINT('',(252.24748803221,357.7165199351,
    110.47928949121));
#9059 = CARTESIAN_POINT('',(256.42226459116,356.14597525038,
    110.18406523877));
#9060 = CARTESIAN_POINT('',(260.774587196,355.90180655965,110.0722246783
    ));
#9061 = CARTESIAN_POINT('',(265.08553351846,354.63772147918,
    109.88419689865));
#9062 = CARTESIAN_POINT('',(269.30435854157,353.68483679856,
    109.73383160905));
#9063 = CARTESIAN_POINT('',(273.49463672784,352.34029468209,
    109.49178780506));
#9064 = CARTESIAN_POINT('',(277.98553204283,352.33620140308,
    109.4060857893));
#9065 = CARTESIAN_POINT('',(282.02098866206,351.00114798796,
    109.1606455564));
#9066 = CARTESIAN_POINT('',(286.37785805657,350.8518035968,
    108.90085210989));
#9067 = CARTESIAN_POINT('',(290.69560185407,351.05492616511,
    108.66386917375));
#9068 = CARTESIAN_POINT('',(294.97762712103,351.65180325005,
    108.49487089844));
#9069 = CARTESIAN_POINT('',(299.25829278307,352.54480975914,
    108.40566656506));
#9070 = CARTESIAN_POINT('',(303.53281780748,353.63376523045,
    108.40527094984));
#9071 = CARTESIAN_POINT('',(307.79563331651,354.80792489765,
    108.44303769156));
#9072 = CARTESIAN_POINT('',(312.07349323989,355.77411091963,
    108.50677349644));
#9073 = CARTESIAN_POINT('',(316.34983972698,356.65645554329,
    108.54706469769));
#9074 = CARTESIAN_POINT('',(320.62873034613,357.35019707923,
    108.614618136));
#9075 = CARTESIAN_POINT('',(324.90645535717,357.9783069116,
    108.65950807124));
#9076 = CARTESIAN_POINT('',(329.19177427478,358.15762013928,
    108.84696802536));
#9077 = CARTESIAN_POINT('',(333.46902839726,358.42332802939,
    108.97390004507));
#9078 = CARTESIAN_POINT('',(337.74832561117,358.4990115796,
    109.15635245492));
#9079 = CARTESIAN_POINT('',(342.02697062847,358.49618427904,
    109.30722949116));
#9080 = CARTESIAN_POINT('',(346.30391351544,358.4139510911,
    109.45408369747));
#9081 = CARTESIAN_POINT('',(350.58496238288,358.421369793,
    109.54221167848));
#9082 = CARTESIAN_POINT('',(354.8577723004,358.34741988678,
    109.6630268538));
#9083 = CARTESIAN_POINT('',(359.18388688825,358.0041370753,
    109.80353783733));
#9084 = CARTESIAN_POINT('',(363.5052046971,358.14060171389,
    109.83084637775));
#9085 = CARTESIAN_POINT('',(367.54865046447,358.54012903759,
    109.81860718274));
#9086 = CARTESIAN_POINT('',(372.05847150757,357.86865457789,
    109.88100576168));
#9087 = CARTESIAN_POINT('',(376.24564436291,358.4177228224,
    109.80132758547));
#9088 = CARTESIAN_POINT('',(380.50353796332,356.20979325039,
    110.06944020814));
#9089 = CARTESIAN_POINT('',(384.85798865987,355.30025224524,
    110.10053287198));
#9090 = CARTESIAN_POINT('',(389.02722072527,353.49128230354,
    110.23019907075));
#9091 = CARTESIAN_POINT('',(393.32393006004,351.98471748402,
    110.40874723039));
#9092 = CARTESIAN_POINT('',(396.53994441614,354.03746368681,
    110.17090146068));
#9093 = CARTESIAN_POINT('',(397.6403,351.14744485553,110.46251360117));
#9094 = PCURVE('',#8848,#9095);
#9095 = DEFINITIONAL_REPRESENTATION('',(#9096),#9100);
#9096 = LINE('',#9097,#9098);
#9097 = CARTESIAN_POINT('',(35.,0.));
#9098 = VECTOR('',#9099,1.);
#9099 = DIRECTION('',(0.,1.));
#9100 = ( GEOMETRIC_REPRESENTATION_CONTEXT(2) 
PARAMETRIC_REPRESENTATION_CONTEXT() REPRESENTATION_CONTEXT('2D SPACE',''
  ) );
#9101 = PCURVE('',#9102,#9229);
#9102 = ( BOUNDED_SURFACE() B_SPLINE_SURFACE(1,3,(
    (#9103,#9104,#9105,#9106,#9107,#9108,#9109,#9110,#9111,#9112,#9113
      ,#9114,#9115,#9116,#9117,#9118,#9119,#9120,#9121,#9122,#9123,#9124
      ,#9125,#9126,#9127,#9128,#9129,#9130,#9131,#9132,#9133,#9134,#9135
      ,#9136,#9137,#9138,#9139,#9140,#9141,#9142,#9143,#9144,#9145,#9146
      ,#9147,#9148,#9149,#9150,#9151,#9152,#9153,#9154,#9155,#9156,#9157
      ,#9158,#9159,#9160,#9161,#9162,#9163,#9164,#9165)
    ,(#9166,#9167,#9168,#9169,#9170,#9171,#9172,#9173,#9174,#9175,#9176
      ,#9177,#9178,#9179,#9180,#9181,#9182,#9183,#9184,#9185,#9186,#9187
      ,#9188,#9189,#9190,#9191,#9192,#9193,#9194,#9195,#9196,#9197,#9198
      ,#9199,#9200,#9201,#9202,#9203,#9204,#9205,#9206,#9207,#9208,#9209
      ,#9210,#9211,#9212,#9213,#9214,#9215,#9216,#9217,#9218,#9219,#9220
      ,#9221,#9222,#9223,#9224,#9225,#9226,#9227,#9228
)),.UNSPECIFIED.,.F.,.F.,.F.) B_SPLINE_SURFACE_WITH_KNOTS((2,2),(4,1,1,1
    ,1,1,1,1,1,1,1,1,1,1,1,1,1,1,1,1,1,1,1,1,1,1,1,1,1,1,1,1,1,1,1,1,1,1
    ,1,1,1,1,1,1,1,1,1,1,1,1,1,1,1,1,1,1,1,1,1,1,4),(35.,36.),(0.,
    1.671834126768E-02,3.328707673398E-02,5.001744466419E-02,
    6.648650714478E-02,8.348892901119E-02,9.999486964001E-02,
    0.11646941087,0.133815549619,0.150618938677,0.167038735703,
    0.183454077407,0.199862498306,0.216272023155,0.232682039048,
    0.249094136,0.265517101832,0.28195250261,0.298446383618,
    0.315002877417,0.331625113939,0.348307612691,0.365035992875,
    0.381711213613,0.398301880653,0.414823418335,0.431326889702,
    0.448164125522,0.464772555536,0.481574851679,0.498833916597,
    0.516076325801,0.532869467448,0.550364700599,0.567182918644,
    0.58368017293,0.60020088702,0.616790522208,0.633466402799,
    0.650196996519,0.66688122827,0.683506031496,0.700063533111,
    0.716557401724,0.732992840875,0.749415744672,0.765827967007,
    0.78223726506,0.798647812608,0.815056815176,0.831475231221,
    0.84789937286,0.864694545606,0.881987572306,0.898456926779,
    0.91536479181,0.932301655256,0.949102498792,0.966203962862,
0.982810298735,1.),.UNSPECIFIED.) GEOMETRIC_REPRESENTATION_ITEM() 
RATIONAL_B_SPLINE_SURFACE((
    (1.,1.000000000007,0.999999999997,1.000000000001,1.,1.,1.,1.,1.,1.
      ,1.,1.,1.,1.,1.,1.,1.,1.,1.,1.,1.,1.,1.,1.,1.,1.,1.,1.,1.,1.,1.,1.
      ,1.,1.,1.,1.,1.,1.,1.,1.,1.,1.,1.,1.,1.,1.,1.,1.,1.,1.,1.,1.,1.,1.
      ,1.,1.,1.,1.,1.000000000001,0.999999999996,1.000000000014
      ,0.999999999969,1.)
    ,(1.,1.000000000007,0.999999999997,1.000000000001,1.,1.,1.,1.,1.,1.
      ,1.,1.,1.,1.,1.,1.,1.,1.,1.,1.,1.,1.,1.,1.,1.,1.,1.,1.,1.,1.,1.,1.
      ,1.,1.,1.,1.,1.,1.,1.,1.,1.,1.,1.,1.,1.,1.,1.,1.,1.,1.,1.,1.,1.,1.
      ,1.,1.,1.,1.,1.000000000001,0.999999999996,1.000000000014
,0.999999999969,1.))) REPRESENTATION_ITEM('') SURFACE() );
#9103 = CARTESIAN_POINT('',(140.9618,352.82981784093,110.89782218811));
#9104 = CARTESIAN_POINT('',(142.09540904743,352.01703286212,
    110.8093967399));
#9105 = CARTESIAN_POINT('',(145.34352279277,353.41094206552,
    111.06091439933));
#9106 = CARTESIAN_POINT('',(149.51920541273,353.49182620029,
    111.15337016081));
#9107 = CARTESIAN_POINT('',(153.74675028087,352.71338675247,
    111.143157551));
#9108 = CARTESIAN_POINT('',(158.17058310233,352.4574215817,
    111.24161943291));
#9109 = CARTESIAN_POINT('',(162.26698448152,352.50528220293,111.41363535
    ));
#9110 = CARTESIAN_POINT('',(166.61873526807,353.25921264409,
    111.70521337281));
#9111 = CARTESIAN_POINT('',(171.05025168138,353.04123592594,
    111.83799578388));
#9112 = CARTESIAN_POINT('',(175.09238100893,355.59627399039,
    112.38879307393));
#9113 = CARTESIAN_POINT('',(179.41643525083,356.43263473785,
    112.65640792771));
#9114 = CARTESIAN_POINT('',(183.74465399728,356.4485589848,112.719709438
    ));
#9115 = CARTESIAN_POINT('',(188.01748830499,356.57464729506,
    112.74665678817));
#9116 = CARTESIAN_POINT('',(192.29804434258,356.65330628825,
    112.73075588441));
#9117 = CARTESIAN_POINT('',(196.57544693057,356.69256920102,
    112.71209487686));
#9118 = CARTESIAN_POINT('',(200.85359337877,356.69276991456,
    112.67234048724));
#9119 = CARTESIAN_POINT('',(205.13313267918,356.69391467615,
    112.63604953044));
#9120 = CARTESIAN_POINT('',(209.41029445154,356.71509588786,
    112.58010045966));
#9121 = CARTESIAN_POINT('',(213.69566833045,356.67324962527,
    112.43369537748));
#9122 = CARTESIAN_POINT('',(217.97323994091,356.75707110695,
    112.28138151197));
#9123 = CARTESIAN_POINT('',(222.25201002744,356.87495335268,
    112.0333587838));
#9124 = CARTESIAN_POINT('',(226.52878947893,357.09582168842,
    111.78312793503));
#9125 = CARTESIAN_POINT('',(230.80631705996,357.34879880572,
    111.50964923323));
#9126 = CARTESIAN_POINT('',(235.06961741834,357.68954947406,
    111.27386467124));
#9127 = CARTESIAN_POINT('',(239.34364675972,357.91930802379,
    110.99886062379));
#9128 = CARTESIAN_POINT('',(243.62590118763,358.07323869624,
    110.82088675291));
#9129 = CARTESIAN_POINT('',(247.90145862716,357.83107548725,
    110.60127195085));
#9130 = CARTESIAN_POINT('',(252.24748803221,357.7165199351,
    110.47928949121));
#9131 = CARTESIAN_POINT('',(256.42226459116,356.14597525038,
    110.18406523877));
#9132 = CARTESIAN_POINT('',(260.774587196,355.90180655965,110.0722246783
    ));
#9133 = CARTESIAN_POINT('',(265.08553351846,354.63772147918,
    109.88419689865));
#9134 = CARTESIAN_POINT('',(269.30435854157,353.68483679856,
    109.73383160905));
#9135 = CARTESIAN_POINT('',(273.49463672784,352.34029468209,
    109.49178780506));
#9136 = CARTESIAN_POINT('',(277.98553204283,352.33620140308,
    109.4060857893));
#9137 = CARTESIAN_POINT('',(282.02098866206,351.00114798796,
    109.1606455564));
#9138 = CARTESIAN_POINT('',(286.37785805657,350.8518035968,
    108.90085210989));
#9139 = CARTESIAN_POINT('',(290.69560185407,351.05492616511,
    108.66386917375));
#9140 = CARTESIAN_POINT('',(294.97762712103,351.65180325005,
    108.49487089844));
#9141 = CARTESIAN_POINT('',(299.25829278307,352.54480975914,
    108.40566656506));
#9142 = CARTESIAN_POINT('',(303.53281780748,353.63376523045,
    108.40527094984));
#9143 = CARTESIAN_POINT('',(307.79563331651,354.80792489765,
    108.44303769156));
#9144 = CARTESIAN_POINT('',(312.07349323989,355.77411091963,
    108.50677349644));
#9145 = CARTESIAN_POINT('',(316.34983972698,356.65645554329,
    108.54706469769));
#9146 = CARTESIAN_POINT('',(320.62873034613,357.35019707923,
    108.614618136));
#9147 = CARTESIAN_POINT('',(324.90645535717,357.9783069116,
    108.65950807124));
#9148 = CARTESIAN_POINT('',(329.19177427478,358.15762013928,
    108.84696802536));
#9149 = CARTESIAN_POINT('',(333.46902839726,358.42332802939,
    108.97390004507));
#9150 = CARTESIAN_POINT('',(337.74832561117,358.4990115796,
    109.15635245492));
#9151 = CARTESIAN_POINT('',(342.02697062847,358.49618427904,
    109.30722949116));
#9152 = CARTESIAN_POINT('',(346.30391351544,358.4139510911,
    109.45408369747));
#9153 = CARTESIAN_POINT('',(350.58496238288,358.421369793,
    109.54221167848));
#9154 = CARTESIAN_POINT('',(354.8577723004,358.34741988678,
    109.6630268538));
#9155 = CARTESIAN_POINT('',(359.18388688825,358.0041370753,
    109.80353783733));
#9156 = CARTESIAN_POINT('',(363.5052046971,358.14060171389,
    109.83084637775));
#9157 = CARTESIAN_POINT('',(367.54865046447,358.54012903759,
    109.81860718274));
#9158 = CARTESIAN_POINT('',(372.05847150757,357.86865457789,
    109.88100576168));
#9159 = CARTESIAN_POINT('',(376.24564436291,358.4177228224,
    109.80132758547));
#9160 = CARTESIAN_POINT('',(380.50353796332,356.20979325039,
    110.06944020814));
#9161 = CARTESIAN_POINT('',(384.85798865987,355.30025224524,
    110.10053287198));
#9162 = CARTESIAN_POINT('',(389.02722072527,353.49128230354,
    110.23019907075));
#9163 = CARTESIAN_POINT('',(393.32393006004,351.98471748402,
    110.40874723039));
#9164 = CARTESIAN_POINT('',(396.53994441614,354.03746368681,
    110.17090146068));
#9165 = CARTESIAN_POINT('',(397.6403,351.14744485553,110.46251360117));
#9166 = CARTESIAN_POINT('',(140.9618,353.21306553695,110.94804146232));
#9167 = CARTESIAN_POINT('',(142.09540904743,352.60118479368,
    110.8889491426));
#9168 = CARTESIAN_POINT('',(145.34352279277,353.85522517004,
    111.12419388482));
#9169 = CARTESIAN_POINT('',(149.51920541273,354.12283561756,
    111.24563880764));
#9170 = CARTESIAN_POINT('',(153.74675028087,353.38747232115,
    111.24300356761));
#9171 = CARTESIAN_POINT('',(158.17058310233,353.08567026778,
    111.33943261777));
#9172 = CARTESIAN_POINT('',(162.26698448152,353.37198676928,
    111.55774471016));
#9173 = CARTESIAN_POINT('',(166.61873526807,354.16610944981,
    111.88309653337));
#9174 = CARTESIAN_POINT('',(171.05025168138,353.97787421792,
    112.05615511063));
#9175 = CARTESIAN_POINT('',(175.09238100893,356.71985310327,
    112.67287340218));
#9176 = CARTESIAN_POINT('',(179.41643525083,357.72947320516,
    113.00989231868));
#9177 = CARTESIAN_POINT('',(183.74465399728,357.72877418324,
    113.10413113955));
#9178 = CARTESIAN_POINT('',(188.01748830499,357.88823100558,
    113.15453405577));
#9179 = CARTESIAN_POINT('',(192.29804434258,357.96872652345,
    113.14768828107));
#9180 = CARTESIAN_POINT('',(196.57544693057,358.02137159465,
    113.13733080685));
#9181 = CARTESIAN_POINT('',(200.85359337877,358.02945218857,
    113.10123999225));
#9182 = CARTESIAN_POINT('',(205.13313267918,358.02541754708,
    113.06499360529));
#9183 = CARTESIAN_POINT('',(209.41029445154,358.02664347365,
    113.00465627904));
#9184 = CARTESIAN_POINT('',(213.69566833045,357.95894427816,
    112.869687446));
#9185 = CARTESIAN_POINT('',(217.97323994091,357.99261673207,
    112.71315382257));
#9186 = CARTESIAN_POINT('',(222.25201002744,358.03025154318,
    112.50079363194));
#9187 = CARTESIAN_POINT('',(226.52878947893,358.15750857288,
    112.28633000766));
#9188 = CARTESIAN_POINT('',(230.80631705996,358.31679979758,
    112.04126780255));
#9189 = CARTESIAN_POINT('',(235.06961741834,358.54490482166,
    111.83879751596));
#9190 = CARTESIAN_POINT('',(239.34364675972,358.6540147256,
    111.60311666979));
#9191 = CARTESIAN_POINT('',(243.62590118763,358.70439502072,
    111.42115341995));
#9192 = CARTESIAN_POINT('',(247.90145862716,358.39287099613,
    111.16114824225));
#9193 = CARTESIAN_POINT('',(252.24748803221,358.23508811093,
    110.97495101044));
#9194 = CARTESIAN_POINT('',(256.42226459116,356.51724041271,
    110.74008653069));
#9195 = CARTESIAN_POINT('',(260.774587196,356.16870673657,
    110.61204955846));
#9196 = CARTESIAN_POINT('',(265.08553351846,354.85440554203,
    110.50197051448));
#9197 = CARTESIAN_POINT('',(269.30435854157,353.6663655409,
    110.28897231786));
#9198 = CARTESIAN_POINT('',(273.49463672784,352.12637985833,
    110.09645971098));
#9199 = CARTESIAN_POINT('',(277.98553204283,352.02336224138,
    109.89850614019));
#9200 = CARTESIAN_POINT('',(282.02098866206,350.58570120457,
    109.66472240225));
#9201 = CARTESIAN_POINT('',(286.37785805657,350.27082706497,
    109.32742532353));
#9202 = CARTESIAN_POINT('',(290.69560185407,350.47475045212,
    109.20848996042));
#9203 = CARTESIAN_POINT('',(294.97762712103,350.98498733307,
    109.06402024615));
#9204 = CARTESIAN_POINT('',(299.25829278307,351.80635291341,
    109.00625873834));
#9205 = CARTESIAN_POINT('',(303.53281780748,352.79150257625,
    108.99088025741));
#9206 = CARTESIAN_POINT('',(307.79563331651,353.86108289302,
    109.00691416579));
#9207 = CARTESIAN_POINT('',(312.07349323989,354.71281876174,
    109.02020803039));
#9208 = CARTESIAN_POINT('',(316.34983972698,355.50476761115,
    109.03267485442));
#9209 = CARTESIAN_POINT('',(320.62873034613,356.1197145255,
    109.06363586891));
#9210 = CARTESIAN_POINT('',(324.90645535717,356.68841488415,
    109.09116924803));
#9211 = CARTESIAN_POINT('',(329.19177427478,356.83304239477,
    109.24591976668));
#9212 = CARTESIAN_POINT('',(333.46902839726,357.0749269903,
    109.36440504315));
#9213 = CARTESIAN_POINT('',(337.74832561117,357.13710447243,
    109.51182459875));
#9214 = CARTESIAN_POINT('',(342.02697062847,357.13539028833,
    109.65011478346));
#9215 = CARTESIAN_POINT('',(346.30391351544,357.06921808852,
    109.77273904173));
#9216 = CARTESIAN_POINT('',(350.58496238288,357.07985227251,
    109.85047708691));
#9217 = CARTESIAN_POINT('',(354.8577723004,357.03847254866,
    109.94381679597));
#9218 = CARTESIAN_POINT('',(359.18388688825,356.71489508852,
    110.08319967466));
#9219 = CARTESIAN_POINT('',(363.5052046971,356.94717109992,
    110.04592139171));
#9220 = CARTESIAN_POINT('',(367.54865046447,357.54819916138,
    110.00982472094));
#9221 = CARTESIAN_POINT('',(372.05847150757,356.88136374022,
    110.04287842248));
#9222 = CARTESIAN_POINT('',(376.24564436291,357.58592617546,
    109.93404337829));
#9223 = CARTESIAN_POINT('',(380.50353796332,355.55915136143,
    110.15371796632));
#9224 = CARTESIAN_POINT('',(384.85798865987,354.69147084933,
    110.19992234113));
#9225 = CARTESIAN_POINT('',(389.02722072527,352.93952707632,
    110.30547285045));
#9226 = CARTESIAN_POINT('',(393.32393006004,351.59005435044,
    110.44042680038));
#9227 = CARTESIAN_POINT('',(396.53994441614,353.6544554016,
    110.27358670822));
#9228 = CARTESIAN_POINT('',(397.6403,350.77686597382,110.50624792219));
#9229 = DEFINITIONAL_REPRESENTATION('',(#9230),#9234);
#9230 = LINE('',#9231,#9232);
#9231 = CARTESIAN_POINT('',(35.,0.));
#9232 = VECTOR('',#9233,1.);
#9233 = DIRECTION('',(0.,1.));
#9234 = ( GEOMETRIC_REPRESENTATION_CONTEXT(2) 
PARAMETRIC_REPRESENTATION_CONTEXT() REPRESENTATION_CONTEXT('2D SPACE',''
  ) );
#9235 = ORIENTED_EDGE('',*,*,#9236,.F.);
#9236 = EDGE_CURVE('',#8773,#9027,#9237,.T.);
#9237 = SURFACE_CURVE('',#9238,(#9241,#9248),.PCURVE_S1.);
#9238 = B_SPLINE_CURVE_WITH_KNOTS('',1,(#9239,#9240),.UNSPECIFIED.,.F.,
  .F.,(2,2),(34.,35.),.PIECEWISE_BEZIER_KNOTS.);
#9239 = CARTESIAN_POINT('',(397.6403,351.51796143596,110.41830073208));
#9240 = CARTESIAN_POINT('',(397.6403,351.14744485553,110.46251360117));
#9241 = PCURVE('',#8848,#9242);
#9242 = DEFINITIONAL_REPRESENTATION('',(#9243),#9247);
#9243 = LINE('',#9244,#9245);
#9244 = CARTESIAN_POINT('',(0.,1.));
#9245 = VECTOR('',#9246,1.);
#9246 = DIRECTION('',(1.,0.));
#9247 = ( GEOMETRIC_REPRESENTATION_CONTEXT(2) 
PARAMETRIC_REPRESENTATION_CONTEXT() REPRESENTATION_CONTEXT('2D SPACE',''
  ) );
#9248 = PCURVE('',#401,#9249);
#9249 = DEFINITIONAL_REPRESENTATION('',(#9250),#9253);
#9250 = B_SPLINE_CURVE_WITH_KNOTS('',1,(#9251,#9252),.UNSPECIFIED.,.F.,
  .F.,(2,2),(34.,35.),.PIECEWISE_BEZIER_KNOTS.);
#9251 = CARTESIAN_POINT('',(-2.235340765944,9.255481726828E-02));
#9252 = CARTESIAN_POINT('',(-1.862232130764,8.733365599073E-02));
#9253 = ( GEOMETRIC_REPRESENTATION_CONTEXT(2) 
PARAMETRIC_REPRESENTATION_CONTEXT() REPRESENTATION_CONTEXT('2D SPACE',''
  ) );
#9254 = ORIENTED_EDGE('',*,*,#8772,.F.);
#9255 = ADVANCED_FACE('',(#9256),#9102,.T.);
#9256 = FACE_BOUND('',#9257,.T.);
#9257 = EDGE_LOOP('',(#9258,#9279,#9489,#9508));
#9258 = ORIENTED_EDGE('',*,*,#9259,.T.);
#9259 = EDGE_CURVE('',#9006,#9260,#9262,.T.);
#9260 = VERTEX_POINT('',#9261);
#9261 = CARTESIAN_POINT('',(140.9618,353.21306553695,110.94804146232));
#9262 = SURFACE_CURVE('',#9263,(#9266,#9273),.PCURVE_S1.);
#9263 = B_SPLINE_CURVE_WITH_KNOTS('',1,(#9264,#9265),.UNSPECIFIED.,.F.,
  .F.,(2,2),(35.,36.),.PIECEWISE_BEZIER_KNOTS.);
#9264 = CARTESIAN_POINT('',(140.9618,352.82981784093,110.89782218811));
#9265 = CARTESIAN_POINT('',(140.9618,353.21306553695,110.94804146232));
#9266 = PCURVE('',#9102,#9267);
#9267 = DEFINITIONAL_REPRESENTATION('',(#9268),#9272);
#9268 = LINE('',#9269,#9270);
#9269 = CARTESIAN_POINT('',(0.,0.));
#9270 = VECTOR('',#9271,1.);
#9271 = DIRECTION('',(1.,0.));
#9272 = ( GEOMETRIC_REPRESENTATION_CONTEXT(2) 
PARAMETRIC_REPRESENTATION_CONTEXT() REPRESENTATION_CONTEXT('2D SPACE',''
  ) );
#9273 = PCURVE('',#165,#9274);
#9274 = DEFINITIONAL_REPRESENTATION('',(#9275),#9278);
#9275 = B_SPLINE_CURVE_WITH_KNOTS('',1,(#9276,#9277),.UNSPECIFIED.,.F.,
  .F.,(2,2),(35.,36.),.PIECEWISE_BEZIER_KNOTS.);
#9276 = CARTESIAN_POINT('',(1.932619790899,-2.098984864887E-04));
#9277 = CARTESIAN_POINT('',(1.54609583272,-1.679187891881E-04));
#9278 = ( GEOMETRIC_REPRESENTATION_CONTEXT(2) 
PARAMETRIC_REPRESENTATION_CONTEXT() REPRESENTATION_CONTEXT('2D SPACE',''
  ) );
#9279 = ORIENTED_EDGE('',*,*,#9280,.T.);
#9280 = EDGE_CURVE('',#9260,#9281,#9283,.T.);
#9281 = VERTEX_POINT('',#9282);
#9282 = CARTESIAN_POINT('',(397.6403,350.77686597382,110.50624792219));
#9283 = SURFACE_CURVE('',#9284,(#9348,#9355),.PCURVE_S1.);
#9284 = ( BOUNDED_CURVE() B_SPLINE_CURVE(3,(#9285,#9286,#9287,#9288,
    #9289,#9290,#9291,#9292,#9293,#9294,#9295,#9296,#9297,#9298,#9299,
    #9300,#9301,#9302,#9303,#9304,#9305,#9306,#9307,#9308,#9309,#9310,
    #9311,#9312,#9313,#9314,#9315,#9316,#9317,#9318,#9319,#9320,#9321,
    #9322,#9323,#9324,#9325,#9326,#9327,#9328,#9329,#9330,#9331,#9332,
    #9333,#9334,#9335,#9336,#9337,#9338,#9339,#9340,#9341,#9342,#9343,
    #9344,#9345,#9346,#9347),.UNSPECIFIED.,.F.,.F.) 
B_SPLINE_CURVE_WITH_KNOTS((4,1,1,1,1,1,1,1,1,1,1,1,1,1,1,1,1,1,1,1,1,1,1
    ,1,1,1,1,1,1,1,1,1,1,1,1,1,1,1,1,1,1,1,1,1,1,1,1,1,1,1,1,1,1,1,1,1,1
    ,1,1,1,4),(0.,1.671834126768E-02,3.328707673398E-02,
    5.001744466419E-02,6.648650714478E-02,8.348892901119E-02,
    9.999486964001E-02,0.11646941087,0.133815549619,0.150618938677,
    0.167038735703,0.183454077407,0.199862498306,0.216272023155,
    0.232682039048,0.249094136,0.265517101832,0.28195250261,
    0.298446383618,0.315002877417,0.331625113939,0.348307612691,
    0.365035992875,0.381711213613,0.398301880653,0.414823418335,
    0.431326889702,0.448164125522,0.464772555536,0.481574851679,
    0.498833916597,0.516076325801,0.532869467448,0.550364700599,
    0.567182918644,0.58368017293,0.60020088702,0.616790522208,
    0.633466402799,0.650196996519,0.66688122827,0.683506031496,
    0.700063533111,0.716557401724,0.732992840875,0.749415744672,
    0.765827967007,0.78223726506,0.798647812608,0.815056815176,
    0.831475231221,0.84789937286,0.864694545606,0.881987572306,
    0.898456926779,0.91536479181,0.932301655256,0.949102498792,
0.966203962862,0.982810298735,1.),.UNSPECIFIED.) CURVE() 
GEOMETRIC_REPRESENTATION_ITEM() RATIONAL_B_SPLINE_CURVE((1.,
    1.000000000007,0.999999999997,1.000000000001,1.,1.,1.,1.,1.,1.,1.,1.
    ,1.,1.,1.,1.,1.,1.,1.,1.,1.,1.,1.,1.,1.,1.,1.,1.,1.,1.,1.,1.,1.,1.,
    1.,1.,1.,1.,1.,1.,1.,1.,1.,1.,1.,1.,1.,1.,1.,1.,1.,1.,1.,1.,1.,1.,1.
    ,1.,1.000000000001,0.999999999996,1.000000000014,0.999999999969,1.))
 REPRESENTATION_ITEM('') );
#9285 = CARTESIAN_POINT('',(140.9618,353.21306553695,110.94804146232));
#9286 = CARTESIAN_POINT('',(142.09540904743,352.60118479368,
    110.8889491426));
#9287 = CARTESIAN_POINT('',(145.34352279277,353.85522517004,
    111.12419388482));
#9288 = CARTESIAN_POINT('',(149.51920541273,354.12283561756,
    111.24563880764));
#9289 = CARTESIAN_POINT('',(153.74675028087,353.38747232115,
    111.24300356761));
#9290 = CARTESIAN_POINT('',(158.17058310233,353.08567026778,
    111.33943261777));
#9291 = CARTESIAN_POINT('',(162.26698448152,353.37198676928,
    111.55774471016));
#9292 = CARTESIAN_POINT('',(166.61873526807,354.16610944981,
    111.88309653337));
#9293 = CARTESIAN_POINT('',(171.05025168138,353.97787421792,
    112.05615511063));
#9294 = CARTESIAN_POINT('',(175.09238100893,356.71985310327,
    112.67287340218));
#9295 = CARTESIAN_POINT('',(179.41643525083,357.72947320516,
    113.00989231868));
#9296 = CARTESIAN_POINT('',(183.74465399728,357.72877418324,
    113.10413113955));
#9297 = CARTESIAN_POINT('',(188.01748830499,357.88823100558,
    113.15453405577));
#9298 = CARTESIAN_POINT('',(192.29804434258,357.96872652345,
    113.14768828107));
#9299 = CARTESIAN_POINT('',(196.57544693057,358.02137159465,
    113.13733080685));
#9300 = CARTESIAN_POINT('',(200.85359337877,358.02945218857,
    113.10123999225));
#9301 = CARTESIAN_POINT('',(205.13313267918,358.02541754708,
    113.06499360529));
#9302 = CARTESIAN_POINT('',(209.41029445154,358.02664347365,
    113.00465627904));
#9303 = CARTESIAN_POINT('',(213.69566833045,357.95894427816,
    112.869687446));
#9304 = CARTESIAN_POINT('',(217.97323994091,357.99261673207,
    112.71315382257));
#9305 = CARTESIAN_POINT('',(222.25201002744,358.03025154318,
    112.50079363194));
#9306 = CARTESIAN_POINT('',(226.52878947893,358.15750857288,
    112.28633000766));
#9307 = CARTESIAN_POINT('',(230.80631705996,358.31679979758,
    112.04126780255));
#9308 = CARTESIAN_POINT('',(235.06961741834,358.54490482166,
    111.83879751596));
#9309 = CARTESIAN_POINT('',(239.34364675972,358.6540147256,
    111.60311666979));
#9310 = CARTESIAN_POINT('',(243.62590118763,358.70439502072,
    111.42115341995));
#9311 = CARTESIAN_POINT('',(247.90145862716,358.39287099613,
    111.16114824225));
#9312 = CARTESIAN_POINT('',(252.24748803221,358.23508811093,
    110.97495101044));
#9313 = CARTESIAN_POINT('',(256.42226459116,356.51724041271,
    110.74008653069));
#9314 = CARTESIAN_POINT('',(260.774587196,356.16870673657,
    110.61204955846));
#9315 = CARTESIAN_POINT('',(265.08553351846,354.85440554203,
    110.50197051448));
#9316 = CARTESIAN_POINT('',(269.30435854157,353.6663655409,
    110.28897231786));
#9317 = CARTESIAN_POINT('',(273.49463672784,352.12637985833,
    110.09645971098));
#9318 = CARTESIAN_POINT('',(277.98553204283,352.02336224138,
    109.89850614019));
#9319 = CARTESIAN_POINT('',(282.02098866206,350.58570120457,
    109.66472240225));
#9320 = CARTESIAN_POINT('',(286.37785805657,350.27082706497,
    109.32742532353));
#9321 = CARTESIAN_POINT('',(290.69560185407,350.47475045212,
    109.20848996042));
#9322 = CARTESIAN_POINT('',(294.97762712103,350.98498733307,
    109.06402024615));
#9323 = CARTESIAN_POINT('',(299.25829278307,351.80635291341,
    109.00625873834));
#9324 = CARTESIAN_POINT('',(303.53281780748,352.79150257625,
    108.99088025741));
#9325 = CARTESIAN_POINT('',(307.79563331651,353.86108289302,
    109.00691416579));
#9326 = CARTESIAN_POINT('',(312.07349323989,354.71281876174,
    109.02020803039));
#9327 = CARTESIAN_POINT('',(316.34983972698,355.50476761115,
    109.03267485442));
#9328 = CARTESIAN_POINT('',(320.62873034613,356.1197145255,
    109.06363586891));
#9329 = CARTESIAN_POINT('',(324.90645535717,356.68841488415,
    109.09116924803));
#9330 = CARTESIAN_POINT('',(329.19177427478,356.83304239477,
    109.24591976668));
#9331 = CARTESIAN_POINT('',(333.46902839726,357.0749269903,
    109.36440504315));
#9332 = CARTESIAN_POINT('',(337.74832561117,357.13710447243,
    109.51182459875));
#9333 = CARTESIAN_POINT('',(342.02697062847,357.13539028833,
    109.65011478346));
#9334 = CARTESIAN_POINT('',(346.30391351544,357.06921808852,
    109.77273904173));
#9335 = CARTESIAN_POINT('',(350.58496238288,357.07985227251,
    109.85047708691));
#9336 = CARTESIAN_POINT('',(354.8577723004,357.03847254866,
    109.94381679597));
#9337 = CARTESIAN_POINT('',(359.18388688825,356.71489508852,
    110.08319967466));
#9338 = CARTESIAN_POINT('',(363.5052046971,356.94717109992,
    110.04592139171));
#9339 = CARTESIAN_POINT('',(367.54865046447,357.54819916138,
    110.00982472094));
#9340 = CARTESIAN_POINT('',(372.05847150757,356.88136374022,
    110.04287842248));
#9341 = CARTESIAN_POINT('',(376.24564436291,357.58592617546,
    109.93404337829));
#9342 = CARTESIAN_POINT('',(380.50353796332,355.55915136143,
    110.15371796632));
#9343 = CARTESIAN_POINT('',(384.85798865987,354.69147084933,
    110.19992234113));
#9344 = CARTESIAN_POINT('',(389.02722072527,352.93952707632,
    110.30547285045));
#9345 = CARTESIAN_POINT('',(393.32393006004,351.59005435044,
    110.44042680038));
#9346 = CARTESIAN_POINT('',(396.53994441614,353.6544554016,
    110.27358670822));
#9347 = CARTESIAN_POINT('',(397.6403,350.77686597382,110.50624792219));
#9348 = PCURVE('',#9102,#9349);
#9349 = DEFINITIONAL_REPRESENTATION('',(#9350),#9354);
#9350 = LINE('',#9351,#9352);
#9351 = CARTESIAN_POINT('',(36.,0.));
#9352 = VECTOR('',#9353,1.);
#9353 = DIRECTION('',(0.,1.));
#9354 = ( GEOMETRIC_REPRESENTATION_CONTEXT(2) 
PARAMETRIC_REPRESENTATION_CONTEXT() REPRESENTATION_CONTEXT('2D SPACE',''
  ) );
#9355 = PCURVE('',#9356,#9483);
#9356 = ( BOUNDED_SURFACE() B_SPLINE_SURFACE(1,3,(
    (#9357,#9358,#9359,#9360,#9361,#9362,#9363,#9364,#9365,#9366,#9367
      ,#9368,#9369,#9370,#9371,#9372,#9373,#9374,#9375,#9376,#9377,#9378
      ,#9379,#9380,#9381,#9382,#9383,#9384,#9385,#9386,#9387,#9388,#9389
      ,#9390,#9391,#9392,#9393,#9394,#9395,#9396,#9397,#9398,#9399,#9400
      ,#9401,#9402,#9403,#9404,#9405,#9406,#9407,#9408,#9409,#9410,#9411
      ,#9412,#9413,#9414,#9415,#9416,#9417,#9418,#9419)
    ,(#9420,#9421,#9422,#9423,#9424,#9425,#9426,#9427,#9428,#9429,#9430
      ,#9431,#9432,#9433,#9434,#9435,#9436,#9437,#9438,#9439,#9440,#9441
      ,#9442,#9443,#9444,#9445,#9446,#9447,#9448,#9449,#9450,#9451,#9452
      ,#9453,#9454,#9455,#9456,#9457,#9458,#9459,#9460,#9461,#9462,#9463
      ,#9464,#9465,#9466,#9467,#9468,#9469,#9470,#9471,#9472,#9473,#9474
      ,#9475,#9476,#9477,#9478,#9479,#9480,#9481,#9482
)),.UNSPECIFIED.,.F.,.F.,.F.) B_SPLINE_SURFACE_WITH_KNOTS((2,2),(4,1,1,1
    ,1,1,1,1,1,1,1,1,1,1,1,1,1,1,1,1,1,1,1,1,1,1,1,1,1,1,1,1,1,1,1,1,1,1
    ,1,1,1,1,1,1,1,1,1,1,1,1,1,1,1,1,1,1,1,1,1,1,4),(36.,37.),(0.,
    1.671834126768E-02,3.328707673398E-02,5.001744466419E-02,
    6.648650714478E-02,8.348892901119E-02,9.999486964001E-02,
    0.11646941087,0.133815549619,0.150618938677,0.167038735703,
    0.183454077407,0.199862498306,0.216272023155,0.232682039048,
    0.249094136,0.265517101832,0.28195250261,0.298446383618,
    0.315002877417,0.331625113939,0.348307612691,0.365035992875,
    0.381711213613,0.398301880653,0.414823418335,0.431326889702,
    0.448164125522,0.464772555536,0.481574851679,0.498833916597,
    0.516076325801,0.532869467448,0.550364700599,0.567182918644,
    0.58368017293,0.60020088702,0.616790522208,0.633466402799,
    0.650196996519,0.66688122827,0.683506031496,0.700063533111,
    0.716557401724,0.732992840875,0.749415744672,0.765827967007,
    0.78223726506,0.798647812608,0.815056815176,0.831475231221,
    0.84789937286,0.864694545606,0.881987572306,0.898456926779,
    0.91536479181,0.932301655256,0.949102498792,0.966203962862,
0.982810298735,1.),.UNSPECIFIED.) GEOMETRIC_REPRESENTATION_ITEM() 
RATIONAL_B_SPLINE_SURFACE((
    (1.,1.000000000007,0.999999999997,1.000000000001,1.,1.,1.,1.,1.,1.
      ,1.,1.,1.,1.,1.,1.,1.,1.,1.,1.,1.,1.,1.,1.,1.,1.,1.,1.,1.,1.,1.,1.
      ,1.,1.,1.,1.,1.,1.,1.,1.,1.,1.,1.,1.,1.,1.,1.,1.,1.,1.,1.,1.,1.,1.
      ,1.,1.,1.,1.,1.000000000001,0.999999999996,1.000000000014
      ,0.999999999969,1.)
    ,(1.,1.000000000007,0.999999999997,1.000000000001,1.,1.,1.,1.,1.,1.
      ,1.,1.,1.,1.,1.,1.,1.,1.,1.,1.,1.,1.,1.,1.,1.,1.,1.,1.,1.,1.,1.,1.
      ,1.,1.,1.,1.,1.,1.,1.,1.,1.,1.,1.,1.,1.,1.,1.,1.,1.,1.,1.,1.,1.,1.
      ,1.,1.,1.,1.,1.000000000001,0.999999999996,1.000000000014
,0.999999999969,1.))) REPRESENTATION_ITEM('') SURFACE() );
#9357 = CARTESIAN_POINT('',(140.9618,353.21306553695,110.94804146232));
#9358 = CARTESIAN_POINT('',(142.09540904743,352.60118479368,
    110.8889491426));
#9359 = CARTESIAN_POINT('',(145.34352279277,353.85522517004,
    111.12419388482));
#9360 = CARTESIAN_POINT('',(149.51920541273,354.12283561756,
    111.24563880764));
#9361 = CARTESIAN_POINT('',(153.74675028087,353.38747232115,
    111.24300356761));
#9362 = CARTESIAN_POINT('',(158.17058310233,353.08567026778,
    111.33943261777));
#9363 = CARTESIAN_POINT('',(162.26698448152,353.37198676928,
    111.55774471016));
#9364 = CARTESIAN_POINT('',(166.61873526807,354.16610944981,
    111.88309653337));
#9365 = CARTESIAN_POINT('',(171.05025168138,353.97787421792,
    112.05615511063));
#9366 = CARTESIAN_POINT('',(175.09238100893,356.71985310327,
    112.67287340218));
#9367 = CARTESIAN_POINT('',(179.41643525083,357.72947320516,
    113.00989231868));
#9368 = CARTESIAN_POINT('',(183.74465399728,357.72877418324,
    113.10413113955));
#9369 = CARTESIAN_POINT('',(188.01748830499,357.88823100558,
    113.15453405577));
#9370 = CARTESIAN_POINT('',(192.29804434258,357.96872652345,
    113.14768828107));
#9371 = CARTESIAN_POINT('',(196.57544693057,358.02137159465,
    113.13733080685));
#9372 = CARTESIAN_POINT('',(200.85359337877,358.02945218857,
    113.10123999225));
#9373 = CARTESIAN_POINT('',(205.13313267918,358.02541754708,
    113.06499360529));
#9374 = CARTESIAN_POINT('',(209.41029445154,358.02664347365,
    113.00465627904));
#9375 = CARTESIAN_POINT('',(213.69566833045,357.95894427816,
    112.869687446));
#9376 = CARTESIAN_POINT('',(217.97323994091,357.99261673207,
    112.71315382257));
#9377 = CARTESIAN_POINT('',(222.25201002744,358.03025154318,
    112.50079363194));
#9378 = CARTESIAN_POINT('',(226.52878947893,358.15750857288,
    112.28633000766));
#9379 = CARTESIAN_POINT('',(230.80631705996,358.31679979758,
    112.04126780255));
#9380 = CARTESIAN_POINT('',(235.06961741834,358.54490482166,
    111.83879751596));
#9381 = CARTESIAN_POINT('',(239.34364675972,358.6540147256,
    111.60311666979));
#9382 = CARTESIAN_POINT('',(243.62590118763,358.70439502072,
    111.42115341995));
#9383 = CARTESIAN_POINT('',(247.90145862716,358.39287099613,
    111.16114824225));
#9384 = CARTESIAN_POINT('',(252.24748803221,358.23508811093,
    110.97495101044));
#9385 = CARTESIAN_POINT('',(256.42226459116,356.51724041271,
    110.74008653069));
#9386 = CARTESIAN_POINT('',(260.774587196,356.16870673657,
    110.61204955846));
#9387 = CARTESIAN_POINT('',(265.08553351846,354.85440554203,
    110.50197051448));
#9388 = CARTESIAN_POINT('',(269.30435854157,353.6663655409,
    110.28897231786));
#9389 = CARTESIAN_POINT('',(273.49463672784,352.12637985833,
    110.09645971098));
#9390 = CARTESIAN_POINT('',(277.98553204283,352.02336224138,
    109.89850614019));
#9391 = CARTESIAN_POINT('',(282.02098866206,350.58570120457,
    109.66472240225));
#9392 = CARTESIAN_POINT('',(286.37785805657,350.27082706497,
    109.32742532353));
#9393 = CARTESIAN_POINT('',(290.69560185407,350.47475045212,
    109.20848996042));
#9394 = CARTESIAN_POINT('',(294.97762712103,350.98498733307,
    109.06402024615));
#9395 = CARTESIAN_POINT('',(299.25829278307,351.80635291341,
    109.00625873834));
#9396 = CARTESIAN_POINT('',(303.53281780748,352.79150257625,
    108.99088025741));
#9397 = CARTESIAN_POINT('',(307.79563331651,353.86108289302,
    109.00691416579));
#9398 = CARTESIAN_POINT('',(312.07349323989,354.71281876174,
    109.02020803039));
#9399 = CARTESIAN_POINT('',(316.34983972698,355.50476761115,
    109.03267485442));
#9400 = CARTESIAN_POINT('',(320.62873034613,356.1197145255,
    109.06363586891));
#9401 = CARTESIAN_POINT('',(324.90645535717,356.68841488415,
    109.09116924803));
#9402 = CARTESIAN_POINT('',(329.19177427478,356.83304239477,
    109.24591976668));
#9403 = CARTESIAN_POINT('',(333.46902839726,357.0749269903,
    109.36440504315));
#9404 = CARTESIAN_POINT('',(337.74832561117,357.13710447243,
    109.51182459875));
#9405 = CARTESIAN_POINT('',(342.02697062847,357.13539028833,
    109.65011478346));
#9406 = CARTESIAN_POINT('',(346.30391351544,357.06921808852,
    109.77273904173));
#9407 = CARTESIAN_POINT('',(350.58496238288,357.07985227251,
    109.85047708691));
#9408 = CARTESIAN_POINT('',(354.8577723004,357.03847254866,
    109.94381679597));
#9409 = CARTESIAN_POINT('',(359.18388688825,356.71489508852,
    110.08319967466));
#9410 = CARTESIAN_POINT('',(363.5052046971,356.94717109992,
    110.04592139171));
#9411 = CARTESIAN_POINT('',(367.54865046447,357.54819916138,
    110.00982472094));
#9412 = CARTESIAN_POINT('',(372.05847150757,356.88136374022,
    110.04287842248));
#9413 = CARTESIAN_POINT('',(376.24564436291,357.58592617546,
    109.93404337829));
#9414 = CARTESIAN_POINT('',(380.50353796332,355.55915136143,
    110.15371796632));
#9415 = CARTESIAN_POINT('',(384.85798865987,354.69147084933,
    110.19992234113));
#9416 = CARTESIAN_POINT('',(389.02722072527,352.93952707632,
    110.30547285045));
#9417 = CARTESIAN_POINT('',(393.32393006004,351.59005435044,
    110.44042680038));
#9418 = CARTESIAN_POINT('',(396.53994441614,353.6544554016,
    110.27358670822));
#9419 = CARTESIAN_POINT('',(397.6403,350.77686597382,110.50624792219));
#9420 = CARTESIAN_POINT('',(140.9618,353.59631323298,110.99826073653));
#9421 = CARTESIAN_POINT('',(142.09540904743,353.18381195329,
    110.97620328093));
#9422 = CARTESIAN_POINT('',(145.34352279277,354.30019842099,
    111.18398633666));
#9423 = CARTESIAN_POINT('',(149.51920541273,354.7536929952,
    111.33867908375));
#9424 = CARTESIAN_POINT('',(153.74675028087,354.0614692621,
    111.34328357263));
#9425 = CARTESIAN_POINT('',(158.17058310233,353.71442003475,
    111.4347656149));
#9426 = CARTESIAN_POINT('',(162.26698448152,354.23672769975,
    111.71157840705));
#9427 = CARTESIAN_POINT('',(166.61873526807,355.06899491779,
    112.0779863091));
#9428 = CARTESIAN_POINT('',(171.05025168138,354.9128087261,112.280026535
    ));
#9429 = CARTESIAN_POINT('',(175.09238100893,357.8460137422,
    112.94230429707));
#9430 = CARTESIAN_POINT('',(179.41643525083,359.03392378499,
    113.32936386469));
#9431 = CARTESIAN_POINT('',(183.74465399728,359.02450939057,
    113.42071657413));
#9432 = CARTESIAN_POINT('',(188.01748830499,359.22615203392,
    113.46096455082));
#9433 = CARTESIAN_POINT('',(192.29804434258,359.31176213918,
    113.45311429867));
#9434 = CARTESIAN_POINT('',(196.57544693057,359.37834282562,
    113.45340121371));
#9435 = CARTESIAN_POINT('',(200.85359337877,359.39249400026,
    113.42965124817));
#9436 = CARTESIAN_POINT('',(205.13313267918,359.3807654983,
    113.40522420409));
#9437 = CARTESIAN_POINT('',(209.41029445154,359.35894383226,
    113.35491699782));
#9438 = CARTESIAN_POINT('',(213.69566833045,359.2588993261,
    113.25578883018));
#9439 = CARTESIAN_POINT('',(217.97323994091,359.23042295993,
    113.12805117761));
#9440 = CARTESIAN_POINT('',(222.25201002744,359.18806561252,
    112.95445670789));
#9441 = CARTESIAN_POINT('',(226.52878947893,359.22822171186,
    112.77167832977));
#9442 = CARTESIAN_POINT('',(230.80631705996,359.26653518396,
    112.59616163636));
#9443 = CARTESIAN_POINT('',(235.06961741834,359.37451977938,
    112.42888952565));
#9444 = CARTESIAN_POINT('',(239.34364675972,359.36458434583,
    112.22229119012));
#9445 = CARTESIAN_POINT('',(243.62590118763,359.31089109265,
    112.04427711049));
#9446 = CARTESIAN_POINT('',(247.90145862716,358.90425987232,
    111.77323298565));
#9447 = CARTESIAN_POINT('',(252.24748803221,358.73143629486,
    111.48937613195));
#9448 = CARTESIAN_POINT('',(256.42226459116,356.87321308364,
    111.31086761673));
#9449 = CARTESIAN_POINT('',(260.774587196,356.42656186385,
    111.16196693273));
#9450 = CARTESIAN_POINT('',(265.08553351846,355.05721886037,
    111.13093948333));
#9451 = CARTESIAN_POINT('',(269.30435854157,353.65536182144,
    110.84586507715));
#9452 = CARTESIAN_POINT('',(273.49463672784,351.89119499001,
    110.67414836093));
#9453 = CARTESIAN_POINT('',(277.98553204283,351.7034590015,
    110.37997702597));
#9454 = CARTESIAN_POINT('',(282.02098866206,350.15442311735,
    110.14757146791));
#9455 = CARTESIAN_POINT('',(286.37785805657,349.67755122291,
    109.7379625386));
#9456 = CARTESIAN_POINT('',(290.69560185407,349.85010295564,
    109.69646824281));
#9457 = CARTESIAN_POINT('',(294.97762712103,350.29740159096,
    109.60716607695));
#9458 = CARTESIAN_POINT('',(299.25829278307,351.03606154603,
    109.56639601116));
#9459 = CARTESIAN_POINT('',(303.53281780748,351.92826664875,
    109.55236146579));
#9460 = CARTESIAN_POINT('',(307.79563331651,352.89049710162,
    109.54156569608));
#9461 = CARTESIAN_POINT('',(312.07349323989,353.65461892366,
    109.5379085146));
#9462 = CARTESIAN_POINT('',(316.34983972698,354.35610596333,
    109.52242173678));
#9463 = CARTESIAN_POINT('',(320.62873034613,354.89272556504,
    109.5223086977));
#9464 = CARTESIAN_POINT('',(324.90645535717,355.39846917616,
    109.52367042449));
#9465 = CARTESIAN_POINT('',(329.19177427478,355.50941623973,
    109.64830031244));
#9466 = CARTESIAN_POINT('',(333.46902839726,355.72665104764,
    109.75470513517));
#9467 = CARTESIAN_POINT('',(337.74832561117,355.77621863201,
    109.87007694063));
#9468 = CARTESIAN_POINT('',(342.02697062847,355.77312671891,
    109.98744530035));
#9469 = CARTESIAN_POINT('',(346.30391351544,355.7237790964,
    110.08843982574));
#9470 = CARTESIAN_POINT('',(350.58496238288,355.73739403226,
    110.15486613135));
#9471 = CARTESIAN_POINT('',(354.8577723004,355.72962241645,
    110.22501236506));
#9472 = CARTESIAN_POINT('',(359.18388688825,355.42554279718,
    110.36238033739));
#9473 = CARTESIAN_POINT('',(363.5052046971,355.75409555196,
    110.26256488141));
#9474 = CARTESIAN_POINT('',(367.54865046447,356.55505499308,
    110.19585965725));
#9475 = CARTESIAN_POINT('',(372.05847150757,355.89340375565,
    110.20211409889));
#9476 = CARTESIAN_POINT('',(376.24564436291,356.75278969759,
    110.06042246581));
#9477 = CARTESIAN_POINT('',(380.50353796332,354.90693775019,
    110.22987954047));
#9478 = CARTESIAN_POINT('',(384.85798865987,354.08271951056,
    110.30202987277));
#9479 = CARTESIAN_POINT('',(389.02722072527,352.38880889946,
    110.38728417095));
#9480 = CARTESIAN_POINT('',(393.32393006004,351.19606054493,
    110.47490579108));
#9481 = CARTESIAN_POINT('',(396.53994441614,353.27328265959,
    110.39216140136));
#9482 = CARTESIAN_POINT('',(397.6403,350.40829902805,110.5626940059));
#9483 = DEFINITIONAL_REPRESENTATION('',(#9484),#9488);
#9484 = LINE('',#9485,#9486);
#9485 = CARTESIAN_POINT('',(36.,0.));
#9486 = VECTOR('',#9487,1.);
#9487 = DIRECTION('',(0.,1.));
#9488 = ( GEOMETRIC_REPRESENTATION_CONTEXT(2) 
PARAMETRIC_REPRESENTATION_CONTEXT() REPRESENTATION_CONTEXT('2D SPACE',''
  ) );
#9489 = ORIENTED_EDGE('',*,*,#9490,.F.);
#9490 = EDGE_CURVE('',#9027,#9281,#9491,.T.);
#9491 = SURFACE_CURVE('',#9492,(#9495,#9502),.PCURVE_S1.);
#9492 = B_SPLINE_CURVE_WITH_KNOTS('',1,(#9493,#9494),.UNSPECIFIED.,.F.,
  .F.,(2,2),(35.,36.),.PIECEWISE_BEZIER_KNOTS.);
#9493 = CARTESIAN_POINT('',(397.6403,351.14744485553,110.46251360117));
#9494 = CARTESIAN_POINT('',(397.6403,350.77686597382,110.50624792219));
#9495 = PCURVE('',#9102,#9496);
#9496 = DEFINITIONAL_REPRESENTATION('',(#9497),#9501);
#9497 = LINE('',#9498,#9499);
#9498 = CARTESIAN_POINT('',(0.,1.));
#9499 = VECTOR('',#9500,1.);
#9500 = DIRECTION('',(1.,0.));
#9501 = ( GEOMETRIC_REPRESENTATION_CONTEXT(2) 
PARAMETRIC_REPRESENTATION_CONTEXT() REPRESENTATION_CONTEXT('2D SPACE',''
  ) );
#9502 = PCURVE('',#401,#9503);
#9503 = DEFINITIONAL_REPRESENTATION('',(#9504),#9507);
#9504 = B_SPLINE_CURVE_WITH_KNOTS('',1,(#9505,#9506),.UNSPECIFIED.,.F.,
  .F.,(2,2),(35.,36.),.PIECEWISE_BEZIER_KNOTS.);
#9505 = CARTESIAN_POINT('',(-1.862232130764,8.733365599073E-02));
#9506 = CARTESIAN_POINT('',(-1.489111583326,8.259493414613E-02));
#9507 = ( GEOMETRIC_REPRESENTATION_CONTEXT(2) 
PARAMETRIC_REPRESENTATION_CONTEXT() REPRESENTATION_CONTEXT('2D SPACE',''
  ) );
#9508 = ORIENTED_EDGE('',*,*,#9026,.F.);
#9509 = ADVANCED_FACE('',(#9510),#9356,.T.);
#9510 = FACE_BOUND('',#9511,.T.);
#9511 = EDGE_LOOP('',(#9512,#9533,#9743,#9762));
#9512 = ORIENTED_EDGE('',*,*,#9513,.T.);
#9513 = EDGE_CURVE('',#9260,#9514,#9516,.T.);
#9514 = VERTEX_POINT('',#9515);
#9515 = CARTESIAN_POINT('',(140.9618,353.59631323298,110.99826073653));
#9516 = SURFACE_CURVE('',#9517,(#9520,#9527),.PCURVE_S1.);
#9517 = B_SPLINE_CURVE_WITH_KNOTS('',1,(#9518,#9519),.UNSPECIFIED.,.F.,
  .F.,(2,2),(36.,37.),.PIECEWISE_BEZIER_KNOTS.);
#9518 = CARTESIAN_POINT('',(140.9618,353.21306553695,110.94804146232));
#9519 = CARTESIAN_POINT('',(140.9618,353.59631323298,110.99826073653));
#9520 = PCURVE('',#9356,#9521);
#9521 = DEFINITIONAL_REPRESENTATION('',(#9522),#9526);
#9522 = LINE('',#9523,#9524);
#9523 = CARTESIAN_POINT('',(0.,0.));
#9524 = VECTOR('',#9525,1.);
#9525 = DIRECTION('',(1.,0.));
#9526 = ( GEOMETRIC_REPRESENTATION_CONTEXT(2) 
PARAMETRIC_REPRESENTATION_CONTEXT() REPRESENTATION_CONTEXT('2D SPACE',''
  ) );
#9527 = PCURVE('',#165,#9528);
#9528 = DEFINITIONAL_REPRESENTATION('',(#9529),#9532);
#9529 = B_SPLINE_CURVE_WITH_KNOTS('',1,(#9530,#9531),.UNSPECIFIED.,.F.,
  .F.,(2,2),(36.,37.),.PIECEWISE_BEZIER_KNOTS.);
#9530 = CARTESIAN_POINT('',(1.54609583272,-1.679187891881E-04));
#9531 = CARTESIAN_POINT('',(1.15957187454,-1.259390918875E-04));
#9532 = ( GEOMETRIC_REPRESENTATION_CONTEXT(2) 
PARAMETRIC_REPRESENTATION_CONTEXT() REPRESENTATION_CONTEXT('2D SPACE',''
  ) );
#9533 = ORIENTED_EDGE('',*,*,#9534,.T.);
#9534 = EDGE_CURVE('',#9514,#9535,#9537,.T.);
#9535 = VERTEX_POINT('',#9536);
#9536 = CARTESIAN_POINT('',(397.6403,350.40829902805,110.5626940059));
#9537 = SURFACE_CURVE('',#9538,(#9602,#9609),.PCURVE_S1.);
#9538 = ( BOUNDED_CURVE() B_SPLINE_CURVE(3,(#9539,#9540,#9541,#9542,
    #9543,#9544,#9545,#9546,#9547,#9548,#9549,#9550,#9551,#9552,#9553,
    #9554,#9555,#9556,#9557,#9558,#9559,#9560,#9561,#9562,#9563,#9564,
    #9565,#9566,#9567,#9568,#9569,#9570,#9571,#9572,#9573,#9574,#9575,
    #9576,#9577,#9578,#9579,#9580,#9581,#9582,#9583,#9584,#9585,#9586,
    #9587,#9588,#9589,#9590,#9591,#9592,#9593,#9594,#9595,#9596,#9597,
    #9598,#9599,#9600,#9601),.UNSPECIFIED.,.F.,.F.) 
B_SPLINE_CURVE_WITH_KNOTS((4,1,1,1,1,1,1,1,1,1,1,1,1,1,1,1,1,1,1,1,1,1,1
    ,1,1,1,1,1,1,1,1,1,1,1,1,1,1,1,1,1,1,1,1,1,1,1,1,1,1,1,1,1,1,1,1,1,1
    ,1,1,1,4),(0.,1.671834126768E-02,3.328707673398E-02,
    5.001744466419E-02,6.648650714478E-02,8.348892901119E-02,
    9.999486964001E-02,0.11646941087,0.133815549619,0.150618938677,
    0.167038735703,0.183454077407,0.199862498306,0.216272023155,
    0.232682039048,0.249094136,0.265517101832,0.28195250261,
    0.298446383618,0.315002877417,0.331625113939,0.348307612691,
    0.365035992875,0.381711213613,0.398301880653,0.414823418335,
    0.431326889702,0.448164125522,0.464772555536,0.481574851679,
    0.498833916597,0.516076325801,0.532869467448,0.550364700599,
    0.567182918644,0.58368017293,0.60020088702,0.616790522208,
    0.633466402799,0.650196996519,0.66688122827,0.683506031496,
    0.700063533111,0.716557401724,0.732992840875,0.749415744672,
    0.765827967007,0.78223726506,0.798647812608,0.815056815176,
    0.831475231221,0.84789937286,0.864694545606,0.881987572306,
    0.898456926779,0.91536479181,0.932301655256,0.949102498792,
0.966203962862,0.982810298735,1.),.UNSPECIFIED.) CURVE() 
GEOMETRIC_REPRESENTATION_ITEM() RATIONAL_B_SPLINE_CURVE((1.,
    1.000000000007,0.999999999997,1.000000000001,1.,1.,1.,1.,1.,1.,1.,1.
    ,1.,1.,1.,1.,1.,1.,1.,1.,1.,1.,1.,1.,1.,1.,1.,1.,1.,1.,1.,1.,1.,1.,
    1.,1.,1.,1.,1.,1.,1.,1.,1.,1.,1.,1.,1.,1.,1.,1.,1.,1.,1.,1.,1.,1.,1.
    ,1.,1.000000000001,0.999999999996,1.000000000014,0.999999999969,1.))
 REPRESENTATION_ITEM('') );
#9539 = CARTESIAN_POINT('',(140.9618,353.59631323298,110.99826073653));
#9540 = CARTESIAN_POINT('',(142.09540904743,353.18381195329,
    110.97620328093));
#9541 = CARTESIAN_POINT('',(145.34352279277,354.30019842099,
    111.18398633666));
#9542 = CARTESIAN_POINT('',(149.51920541273,354.7536929952,
    111.33867908375));
#9543 = CARTESIAN_POINT('',(153.74675028087,354.0614692621,
    111.34328357263));
#9544 = CARTESIAN_POINT('',(158.17058310233,353.71442003475,
    111.4347656149));
#9545 = CARTESIAN_POINT('',(162.26698448152,354.23672769975,
    111.71157840705));
#9546 = CARTESIAN_POINT('',(166.61873526807,355.06899491779,
    112.0779863091));
#9547 = CARTESIAN_POINT('',(171.05025168138,354.9128087261,112.280026535
    ));
#9548 = CARTESIAN_POINT('',(175.09238100893,357.8460137422,
    112.94230429707));
#9549 = CARTESIAN_POINT('',(179.41643525083,359.03392378499,
    113.32936386469));
#9550 = CARTESIAN_POINT('',(183.74465399728,359.02450939057,
    113.42071657413));
#9551 = CARTESIAN_POINT('',(188.01748830499,359.22615203392,
    113.46096455082));
#9552 = CARTESIAN_POINT('',(192.29804434258,359.31176213918,
    113.45311429867));
#9553 = CARTESIAN_POINT('',(196.57544693057,359.37834282562,
    113.45340121371));
#9554 = CARTESIAN_POINT('',(200.85359337877,359.39249400026,
    113.42965124817));
#9555 = CARTESIAN_POINT('',(205.13313267918,359.3807654983,
    113.40522420409));
#9556 = CARTESIAN_POINT('',(209.41029445154,359.35894383226,
    113.35491699782));
#9557 = CARTESIAN_POINT('',(213.69566833045,359.2588993261,
    113.25578883018));
#9558 = CARTESIAN_POINT('',(217.97323994091,359.23042295993,
    113.12805117761));
#9559 = CARTESIAN_POINT('',(222.25201002744,359.18806561252,
    112.95445670789));
#9560 = CARTESIAN_POINT('',(226.52878947893,359.22822171186,
    112.77167832977));
#9561 = CARTESIAN_POINT('',(230.80631705996,359.26653518396,
    112.59616163636));
#9562 = CARTESIAN_POINT('',(235.06961741834,359.37451977938,
    112.42888952565));
#9563 = CARTESIAN_POINT('',(239.34364675972,359.36458434583,
    112.22229119012));
#9564 = CARTESIAN_POINT('',(243.62590118763,359.31089109265,
    112.04427711049));
#9565 = CARTESIAN_POINT('',(247.90145862716,358.90425987232,
    111.77323298565));
#9566 = CARTESIAN_POINT('',(252.24748803221,358.73143629486,
    111.48937613195));
#9567 = CARTESIAN_POINT('',(256.42226459116,356.87321308364,
    111.31086761673));
#9568 = CARTESIAN_POINT('',(260.774587196,356.42656186385,
    111.16196693273));
#9569 = CARTESIAN_POINT('',(265.08553351846,355.05721886037,
    111.13093948333));
#9570 = CARTESIAN_POINT('',(269.30435854157,353.65536182144,
    110.84586507715));
#9571 = CARTESIAN_POINT('',(273.49463672784,351.89119499001,
    110.67414836093));
#9572 = CARTESIAN_POINT('',(277.98553204283,351.7034590015,
    110.37997702597));
#9573 = CARTESIAN_POINT('',(282.02098866206,350.15442311735,
    110.14757146791));
#9574 = CARTESIAN_POINT('',(286.37785805657,349.67755122291,
    109.7379625386));
#9575 = CARTESIAN_POINT('',(290.69560185407,349.85010295564,
    109.69646824281));
#9576 = CARTESIAN_POINT('',(294.97762712103,350.29740159096,
    109.60716607695));
#9577 = CARTESIAN_POINT('',(299.25829278307,351.03606154603,
    109.56639601116));
#9578 = CARTESIAN_POINT('',(303.53281780748,351.92826664875,
    109.55236146579));
#9579 = CARTESIAN_POINT('',(307.79563331651,352.89049710162,
    109.54156569608));
#9580 = CARTESIAN_POINT('',(312.07349323989,353.65461892366,
    109.5379085146));
#9581 = CARTESIAN_POINT('',(316.34983972698,354.35610596333,
    109.52242173678));
#9582 = CARTESIAN_POINT('',(320.62873034613,354.89272556504,
    109.5223086977));
#9583 = CARTESIAN_POINT('',(324.90645535717,355.39846917616,
    109.52367042449));
#9584 = CARTESIAN_POINT('',(329.19177427478,355.50941623973,
    109.64830031244));
#9585 = CARTESIAN_POINT('',(333.46902839726,355.72665104764,
    109.75470513517));
#9586 = CARTESIAN_POINT('',(337.74832561117,355.77621863201,
    109.87007694063));
#9587 = CARTESIAN_POINT('',(342.02697062847,355.77312671891,
    109.98744530035));
#9588 = CARTESIAN_POINT('',(346.30391351544,355.7237790964,
    110.08843982574));
#9589 = CARTESIAN_POINT('',(350.58496238288,355.73739403226,
    110.15486613135));
#9590 = CARTESIAN_POINT('',(354.8577723004,355.72962241645,
    110.22501236506));
#9591 = CARTESIAN_POINT('',(359.18388688825,355.42554279718,
    110.36238033739));
#9592 = CARTESIAN_POINT('',(363.5052046971,355.75409555196,
    110.26256488141));
#9593 = CARTESIAN_POINT('',(367.54865046447,356.55505499308,
    110.19585965725));
#9594 = CARTESIAN_POINT('',(372.05847150757,355.89340375565,
    110.20211409889));
#9595 = CARTESIAN_POINT('',(376.24564436291,356.75278969759,
    110.06042246581));
#9596 = CARTESIAN_POINT('',(380.50353796332,354.90693775019,
    110.22987954047));
#9597 = CARTESIAN_POINT('',(384.85798865987,354.08271951056,
    110.30202987277));
#9598 = CARTESIAN_POINT('',(389.02722072527,352.38880889946,
    110.38728417095));
#9599 = CARTESIAN_POINT('',(393.32393006004,351.19606054493,
    110.47490579108));
#9600 = CARTESIAN_POINT('',(396.53994441614,353.27328265959,
    110.39216140136));
#9601 = CARTESIAN_POINT('',(397.6403,350.40829902805,110.5626940059));
#9602 = PCURVE('',#9356,#9603);
#9603 = DEFINITIONAL_REPRESENTATION('',(#9604),#9608);
#9604 = LINE('',#9605,#9606);
#9605 = CARTESIAN_POINT('',(37.,0.));
#9606 = VECTOR('',#9607,1.);
#9607 = DIRECTION('',(0.,1.));
#9608 = ( GEOMETRIC_REPRESENTATION_CONTEXT(2) 
PARAMETRIC_REPRESENTATION_CONTEXT() REPRESENTATION_CONTEXT('2D SPACE',''
  ) );
#9609 = PCURVE('',#9610,#9737);
#9610 = ( BOUNDED_SURFACE() B_SPLINE_SURFACE(1,3,(
    (#9611,#9612,#9613,#9614,#9615,#9616,#9617,#9618,#9619,#9620,#9621
      ,#9622,#9623,#9624,#9625,#9626,#9627,#9628,#9629,#9630,#9631,#9632
      ,#9633,#9634,#9635,#9636,#9637,#9638,#9639,#9640,#9641,#9642,#9643
      ,#9644,#9645,#9646,#9647,#9648,#9649,#9650,#9651,#9652,#9653,#9654
      ,#9655,#9656,#9657,#9658,#9659,#9660,#9661,#9662,#9663,#9664,#9665
      ,#9666,#9667,#9668,#9669,#9670,#9671,#9672,#9673)
    ,(#9674,#9675,#9676,#9677,#9678,#9679,#9680,#9681,#9682,#9683,#9684
      ,#9685,#9686,#9687,#9688,#9689,#9690,#9691,#9692,#9693,#9694,#9695
      ,#9696,#9697,#9698,#9699,#9700,#9701,#9702,#9703,#9704,#9705,#9706
      ,#9707,#9708,#9709,#9710,#9711,#9712,#9713,#9714,#9715,#9716,#9717
      ,#9718,#9719,#9720,#9721,#9722,#9723,#9724,#9725,#9726,#9727,#9728
      ,#9729,#9730,#9731,#9732,#9733,#9734,#9735,#9736
)),.UNSPECIFIED.,.F.,.F.,.F.) B_SPLINE_SURFACE_WITH_KNOTS((2,2),(4,1,1,1
    ,1,1,1,1,1,1,1,1,1,1,1,1,1,1,1,1,1,1,1,1,1,1,1,1,1,1,1,1,1,1,1,1,1,1
    ,1,1,1,1,1,1,1,1,1,1,1,1,1,1,1,1,1,1,1,1,1,1,4),(37.,38.),(0.,
    1.671834126768E-02,3.328707673398E-02,5.001744466419E-02,
    6.648650714478E-02,8.348892901119E-02,9.999486964001E-02,
    0.11646941087,0.133815549619,0.150618938677,0.167038735703,
    0.183454077407,0.199862498306,0.216272023155,0.232682039048,
    0.249094136,0.265517101832,0.28195250261,0.298446383618,
    0.315002877417,0.331625113939,0.348307612691,0.365035992875,
    0.381711213613,0.398301880653,0.414823418335,0.431326889702,
    0.448164125522,0.464772555536,0.481574851679,0.498833916597,
    0.516076325801,0.532869467448,0.550364700599,0.567182918644,
    0.58368017293,0.60020088702,0.616790522208,0.633466402799,
    0.650196996519,0.66688122827,0.683506031496,0.700063533111,
    0.716557401724,0.732992840875,0.749415744672,0.765827967007,
    0.78223726506,0.798647812608,0.815056815176,0.831475231221,
    0.84789937286,0.864694545606,0.881987572306,0.898456926779,
    0.91536479181,0.932301655256,0.949102498792,0.966203962862,
0.982810298735,1.),.UNSPECIFIED.) GEOMETRIC_REPRESENTATION_ITEM() 
RATIONAL_B_SPLINE_SURFACE((
    (1.,1.000000000007,0.999999999997,1.000000000001,1.,1.,1.,1.,1.,1.
      ,1.,1.,1.,1.,1.,1.,1.,1.,1.,1.,1.,1.,1.,1.,1.,1.,1.,1.,1.,1.,1.,1.
      ,1.,1.,1.,1.,1.,1.,1.,1.,1.,1.,1.,1.,1.,1.,1.,1.,1.,1.,1.,1.,1.,1.
      ,1.,1.,1.,1.,1.000000000001,0.999999999996,1.000000000014
      ,0.999999999969,1.)
    ,(1.,1.000000000007,0.999999999997,1.000000000001,1.,1.,1.,1.,1.,1.
      ,1.,1.,1.,1.,1.,1.,1.,1.,1.,1.,1.,1.,1.,1.,1.,1.,1.,1.,1.,1.,1.,1.
      ,1.,1.,1.,1.,1.,1.,1.,1.,1.,1.,1.,1.,1.,1.,1.,1.,1.,1.,1.,1.,1.,1.
      ,1.,1.,1.,1.,1.000000000001,0.999999999996,1.000000000014
,0.999999999969,1.))) REPRESENTATION_ITEM('') SURFACE() );
#9611 = CARTESIAN_POINT('',(140.9618,353.59631323298,110.99826073653));
#9612 = CARTESIAN_POINT('',(142.09540904743,353.18381195329,
    110.97620328093));
#9613 = CARTESIAN_POINT('',(145.34352279277,354.30019842099,
    111.18398633666));
#9614 = CARTESIAN_POINT('',(149.51920541273,354.7536929952,
    111.33867908375));
#9615 = CARTESIAN_POINT('',(153.74675028087,354.0614692621,
    111.34328357263));
#9616 = CARTESIAN_POINT('',(158.17058310233,353.71442003475,
    111.4347656149));
#9617 = CARTESIAN_POINT('',(162.26698448152,354.23672769975,
    111.71157840705));
#9618 = CARTESIAN_POINT('',(166.61873526807,355.06899491779,
    112.0779863091));
#9619 = CARTESIAN_POINT('',(171.05025168138,354.9128087261,112.280026535
    ));
#9620 = CARTESIAN_POINT('',(175.09238100893,357.8460137422,
    112.94230429707));
#9621 = CARTESIAN_POINT('',(179.41643525083,359.03392378499,
    113.32936386469));
#9622 = CARTESIAN_POINT('',(183.74465399728,359.02450939057,
    113.42071657413));
#9623 = CARTESIAN_POINT('',(188.01748830499,359.22615203392,
    113.46096455082));
#9624 = CARTESIAN_POINT('',(192.29804434258,359.31176213918,
    113.45311429867));
#9625 = CARTESIAN_POINT('',(196.57544693057,359.37834282562,
    113.45340121371));
#9626 = CARTESIAN_POINT('',(200.85359337877,359.39249400026,
    113.42965124817));
#9627 = CARTESIAN_POINT('',(205.13313267918,359.3807654983,
    113.40522420409));
#9628 = CARTESIAN_POINT('',(209.41029445154,359.35894383226,
    113.35491699782));
#9629 = CARTESIAN_POINT('',(213.69566833045,359.2588993261,
    113.25578883018));
#9630 = CARTESIAN_POINT('',(217.97323994091,359.23042295993,
    113.12805117761));
#9631 = CARTESIAN_POINT('',(222.25201002744,359.18806561252,
    112.95445670789));
#9632 = CARTESIAN_POINT('',(226.52878947893,359.22822171186,
    112.77167832977));
#9633 = CARTESIAN_POINT('',(230.80631705996,359.26653518396,
    112.59616163636));
#9634 = CARTESIAN_POINT('',(235.06961741834,359.37451977938,
    112.42888952565));
#9635 = CARTESIAN_POINT('',(239.34364675972,359.36458434583,
    112.22229119012));
#9636 = CARTESIAN_POINT('',(243.62590118763,359.31089109265,
    112.04427711049));
#9637 = CARTESIAN_POINT('',(247.90145862716,358.90425987232,
    111.77323298565));
#9638 = CARTESIAN_POINT('',(252.24748803221,358.73143629486,
    111.48937613195));
#9639 = CARTESIAN_POINT('',(256.42226459116,356.87321308364,
    111.31086761673));
#9640 = CARTESIAN_POINT('',(260.774587196,356.42656186385,
    111.16196693273));
#9641 = CARTESIAN_POINT('',(265.08553351846,355.05721886037,
    111.13093948333));
#9642 = CARTESIAN_POINT('',(269.30435854157,353.65536182144,
    110.84586507715));
#9643 = CARTESIAN_POINT('',(273.49463672784,351.89119499001,
    110.67414836093));
#9644 = CARTESIAN_POINT('',(277.98553204283,351.7034590015,
    110.37997702597));
#9645 = CARTESIAN_POINT('',(282.02098866206,350.15442311735,
    110.14757146791));
#9646 = CARTESIAN_POINT('',(286.37785805657,349.67755122291,
    109.7379625386));
#9647 = CARTESIAN_POINT('',(290.69560185407,349.85010295564,
    109.69646824281));
#9648 = CARTESIAN_POINT('',(294.97762712103,350.29740159096,
    109.60716607695));
#9649 = CARTESIAN_POINT('',(299.25829278307,351.03606154603,
    109.56639601116));
#9650 = CARTESIAN_POINT('',(303.53281780748,351.92826664875,
    109.55236146579));
#9651 = CARTESIAN_POINT('',(307.79563331651,352.89049710162,
    109.54156569608));
#9652 = CARTESIAN_POINT('',(312.07349323989,353.65461892366,
    109.5379085146));
#9653 = CARTESIAN_POINT('',(316.34983972698,354.35610596333,
    109.52242173678));
#9654 = CARTESIAN_POINT('',(320.62873034613,354.89272556504,
    109.5223086977));
#9655 = CARTESIAN_POINT('',(324.90645535717,355.39846917616,
    109.52367042449));
#9656 = CARTESIAN_POINT('',(329.19177427478,355.50941623973,
    109.64830031244));
#9657 = CARTESIAN_POINT('',(333.46902839726,355.72665104764,
    109.75470513517));
#9658 = CARTESIAN_POINT('',(337.74832561117,355.77621863201,
    109.87007694063));
#9659 = CARTESIAN_POINT('',(342.02697062847,355.77312671891,
    109.98744530035));
#9660 = CARTESIAN_POINT('',(346.30391351544,355.7237790964,
    110.08843982574));
#9661 = CARTESIAN_POINT('',(350.58496238288,355.73739403226,
    110.15486613135));
#9662 = CARTESIAN_POINT('',(354.8577723004,355.72962241645,
    110.22501236506));
#9663 = CARTESIAN_POINT('',(359.18388688825,355.42554279718,
    110.36238033739));
#9664 = CARTESIAN_POINT('',(363.5052046971,355.75409555196,
    110.26256488141));
#9665 = CARTESIAN_POINT('',(367.54865046447,356.55505499308,
    110.19585965725));
#9666 = CARTESIAN_POINT('',(372.05847150757,355.89340375565,
    110.20211409889));
#9667 = CARTESIAN_POINT('',(376.24564436291,356.75278969759,
    110.06042246581));
#9668 = CARTESIAN_POINT('',(380.50353796332,354.90693775019,
    110.22987954047));
#9669 = CARTESIAN_POINT('',(384.85798865987,354.08271951056,
    110.30202987277));
#9670 = CARTESIAN_POINT('',(389.02722072527,352.38880889946,
    110.38728417095));
#9671 = CARTESIAN_POINT('',(393.32393006004,351.19606054493,
    110.47490579108));
#9672 = CARTESIAN_POINT('',(396.53994441614,353.27328265959,
    110.39216140136));
#9673 = CARTESIAN_POINT('',(397.6403,350.40829902805,110.5626940059));
#9674 = CARTESIAN_POINT('',(140.9618,353.979560929,111.04848001074));
#9675 = CARTESIAN_POINT('',(142.09540904743,353.76627916971,
    111.06348846008));
#9676 = CARTESIAN_POINT('',(145.34352279277,354.74524780707,
    111.24374791969));
#9677 = CARTESIAN_POINT('',(149.51920541273,355.3845214015,
    111.43178100096));
#9678 = CARTESIAN_POINT('',(153.74675028087,354.73550549232,
    111.44334695846));
#9679 = CARTESIAN_POINT('',(158.17058310233,354.34304186763,
    111.53089984851));
#9680 = CARTESIAN_POINT('',(162.26698448152,355.10195229995,
    111.86235169337));
#9681 = CARTESIAN_POINT('',(166.61873526807,355.98081663126,
    112.23203706173));
#9682 = CARTESIAN_POINT('',(171.05025168138,355.8627548673,
    112.43155263395));
#9683 = CARTESIAN_POINT('',(175.09238100893,358.99145947937,
    113.1131797333));
#9684 = CARTESIAN_POINT('',(179.41643525083,360.36263388554,
    113.5223186699));
#9685 = CARTESIAN_POINT('',(183.74465399728,360.34755132508,
    113.59558128494));
#9686 = CARTESIAN_POINT('',(188.01748830499,360.58373036236,
    113.65678565223));
#9687 = CARTESIAN_POINT('',(192.29804434258,360.66914820033,
    113.67407877204));
#9688 = CARTESIAN_POINT('',(196.57544693057,360.7457598458,
    113.70932797148));
#9689 = CARTESIAN_POINT('',(200.85359337877,360.76042524498,
    113.72862330233));
#9690 = CARTESIAN_POINT('',(205.13313267918,360.7398659486,
    113.72673979338));
#9691 = CARTESIAN_POINT('',(209.41029445154,360.68784235136,
    113.71260421225));
#9692 = CARTESIAN_POINT('',(213.69566833045,360.56537826806,
    113.62547588171));
#9693 = CARTESIAN_POINT('',(217.97323994091,360.46769188514,
    113.54492117698));
#9694 = CARTESIAN_POINT('',(222.25201002744,360.34449678255,
    113.41237087739));
#9695 = CARTESIAN_POINT('',(226.52878947893,360.27377546821,
    113.29952863314));
#9696 = CARTESIAN_POINT('',(230.80631705996,360.19297869023,
    113.17445197182));
#9697 = CARTESIAN_POINT('',(235.06961741834,360.1628918741,
    113.07834593838));
#9698 = CARTESIAN_POINT('',(239.34364675972,360.01686999966,
    112.9016563901));
#9699 = CARTESIAN_POINT('',(243.62590118763,359.85184369243,
    112.72461881945));
#9700 = CARTESIAN_POINT('',(247.90145862716,359.35771663654,
    112.42640528079));
#9701 = CARTESIAN_POINT('',(252.24748803221,359.15789419756,
    112.05903783446));
#9702 = CARTESIAN_POINT('',(256.42226459116,357.17123388327,
    111.92521584553));
#9703 = CARTESIAN_POINT('',(260.774587196,356.64833779213,
    111.74017449024));
#9704 = CARTESIAN_POINT('',(265.08553351846,355.23531869463,
    111.7876649426));
#9705 = CARTESIAN_POINT('',(269.30435854157,353.62494095527,
    111.4039556442));
#9706 = CARTESIAN_POINT('',(273.49463672784,351.66981978787,
    111.26443315682));
#9707 = CARTESIAN_POINT('',(277.98553204283,351.38140793187,
    110.86093918474));
#9708 = CARTESIAN_POINT('',(282.02098866206,349.72018990101,
    110.62796468358));
#9709 = CARTESIAN_POINT('',(286.37785805657,349.07466988417,
    110.13770842395));
#9710 = CARTESIAN_POINT('',(290.69560185407,349.22830109653,
    110.1928934635));
#9711 = CARTESIAN_POINT('',(294.97762712103,349.59208844941,
    110.12757259356));
#9712 = CARTESIAN_POINT('',(299.25829278307,350.24940617953,
    110.10280908704));
#9713 = CARTESIAN_POINT('',(303.53281780748,351.04376403048,
    110.07432042373));
#9714 = CARTESIAN_POINT('',(307.79563331651,351.90005478061,
    110.03423043781));
#9715 = CARTESIAN_POINT('',(312.07349323989,352.57421625794,
    110.01341849558));
#9716 = CARTESIAN_POINT('',(316.34983972698,353.18589594225,
    109.96534403474));
#9717 = CARTESIAN_POINT('',(320.62873034613,353.65526654378,
    109.95517013757));
#9718 = CARTESIAN_POINT('',(324.90645535717,354.10534930278,
    109.94663930178));
#9719 = CARTESIAN_POINT('',(329.19177427478,354.18611817145,
    110.052083911));
#9720 = CARTESIAN_POINT('',(333.46902839726,354.3734719088,
    110.12729019288));
#9721 = CARTESIAN_POINT('',(337.74832561117,354.41443478896,
    110.22379458385));
#9722 = CARTESIAN_POINT('',(342.02697062847,354.40873916324,
    110.31626107085));
#9723 = CARTESIAN_POINT('',(346.30391351544,354.37642100173,
    110.39604645749));
#9724 = CARTESIAN_POINT('',(350.58496238288,354.39342317837,
    110.45345893917));
#9725 = CARTESIAN_POINT('',(354.8577723004,354.42151887441,
    110.50960323967));
#9726 = CARTESIAN_POINT('',(359.18388688825,354.13443923335,
    110.63077155544));
#9727 = CARTESIAN_POINT('',(363.5052046971,354.56737345288,
    110.51815748771));
#9728 = CARTESIAN_POINT('',(367.54865046447,355.56574346322,
    110.40556735325));
#9729 = CARTESIAN_POINT('',(372.05847150757,354.90868534902,
    110.38329345929));
#9730 = CARTESIAN_POINT('',(376.24564436291,355.92371720613,
    110.21202854156));
#9731 = CARTESIAN_POINT('',(380.50353796332,354.26027294163,
    110.34090426302));
#9732 = CARTESIAN_POINT('',(384.85798865987,353.47262544846,
    110.39650982931));
#9733 = CARTESIAN_POINT('',(389.02722072527,351.83792747125,
    110.468062161));
#9734 = CARTESIAN_POINT('',(393.32393006004,350.80647185149,
    110.53641105976));
#9735 = CARTESIAN_POINT('',(396.53994441614,352.88371791137,
    110.45967404934));
#9736 = CARTESIAN_POINT('',(397.6403,350.04043950937,110.62360973748));
#9737 = DEFINITIONAL_REPRESENTATION('',(#9738),#9742);
#9738 = LINE('',#9739,#9740);
#9739 = CARTESIAN_POINT('',(37.,0.));
#9740 = VECTOR('',#9741,1.);
#9741 = DIRECTION('',(0.,1.));
#9742 = ( GEOMETRIC_REPRESENTATION_CONTEXT(2) 
PARAMETRIC_REPRESENTATION_CONTEXT() REPRESENTATION_CONTEXT('2D SPACE',''
  ) );
#9743 = ORIENTED_EDGE('',*,*,#9744,.F.);
#9744 = EDGE_CURVE('',#9281,#9535,#9745,.T.);
#9745 = SURFACE_CURVE('',#9746,(#9749,#9756),.PCURVE_S1.);
#9746 = B_SPLINE_CURVE_WITH_KNOTS('',1,(#9747,#9748),.UNSPECIFIED.,.F.,
  .F.,(2,2),(36.,37.),.PIECEWISE_BEZIER_KNOTS.);
#9747 = CARTESIAN_POINT('',(397.6403,350.77686597382,110.50624792219));
#9748 = CARTESIAN_POINT('',(397.6403,350.40829902805,110.5626940059));
#9749 = PCURVE('',#9356,#9750);
#9750 = DEFINITIONAL_REPRESENTATION('',(#9751),#9755);
#9751 = LINE('',#9752,#9753);
#9752 = CARTESIAN_POINT('',(0.,1.));
#9753 = VECTOR('',#9754,1.);
#9754 = DIRECTION('',(1.,0.));
#9755 = ( GEOMETRIC_REPRESENTATION_CONTEXT(2) 
PARAMETRIC_REPRESENTATION_CONTEXT() REPRESENTATION_CONTEXT('2D SPACE',''
  ) );
#9756 = PCURVE('',#401,#9757);
#9757 = DEFINITIONAL_REPRESENTATION('',(#9758),#9761);
#9758 = B_SPLINE_CURVE_WITH_KNOTS('',1,(#9759,#9760),.UNSPECIFIED.,.F.,
  .F.,(2,2),(36.,37.),.PIECEWISE_BEZIER_KNOTS.);
#9759 = CARTESIAN_POINT('',(-1.489111583326,8.259493414613E-02));
#9760 = CARTESIAN_POINT('',(-1.116662521096,6.500374543148E-02));
#9761 = ( GEOMETRIC_REPRESENTATION_CONTEXT(2) 
PARAMETRIC_REPRESENTATION_CONTEXT() REPRESENTATION_CONTEXT('2D SPACE',''
  ) );
#9762 = ORIENTED_EDGE('',*,*,#9280,.F.);
#9763 = ADVANCED_FACE('',(#9764),#9610,.T.);
#9764 = FACE_BOUND('',#9765,.T.);
#9765 = EDGE_LOOP('',(#9766,#9787,#9997,#10016));
#9766 = ORIENTED_EDGE('',*,*,#9767,.T.);
#9767 = EDGE_CURVE('',#9514,#9768,#9770,.T.);
#9768 = VERTEX_POINT('',#9769);
#9769 = CARTESIAN_POINT('',(140.9618,353.979560929,111.04848001074));
#9770 = SURFACE_CURVE('',#9771,(#9774,#9781),.PCURVE_S1.);
#9771 = B_SPLINE_CURVE_WITH_KNOTS('',1,(#9772,#9773),.UNSPECIFIED.,.F.,
  .F.,(2,2),(37.,38.),.PIECEWISE_BEZIER_KNOTS.);
#9772 = CARTESIAN_POINT('',(140.9618,353.59631323298,110.99826073653));
#9773 = CARTESIAN_POINT('',(140.9618,353.979560929,111.04848001074));
#9774 = PCURVE('',#9610,#9775);
#9775 = DEFINITIONAL_REPRESENTATION('',(#9776),#9780);
#9776 = LINE('',#9777,#9778);
#9777 = CARTESIAN_POINT('',(0.,0.));
#9778 = VECTOR('',#9779,1.);
#9779 = DIRECTION('',(1.,0.));
#9780 = ( GEOMETRIC_REPRESENTATION_CONTEXT(2) 
PARAMETRIC_REPRESENTATION_CONTEXT() REPRESENTATION_CONTEXT('2D SPACE',''
  ) );
#9781 = PCURVE('',#165,#9782);
#9782 = DEFINITIONAL_REPRESENTATION('',(#9783),#9786);
#9783 = B_SPLINE_CURVE_WITH_KNOTS('',1,(#9784,#9785),.UNSPECIFIED.,.F.,
  .F.,(2,2),(37.,38.),.PIECEWISE_BEZIER_KNOTS.);
#9784 = CARTESIAN_POINT('',(1.15957187454,-1.259390918875E-04));
#9785 = CARTESIAN_POINT('',(0.77304791636,-8.395939458694E-05));
#9786 = ( GEOMETRIC_REPRESENTATION_CONTEXT(2) 
PARAMETRIC_REPRESENTATION_CONTEXT() REPRESENTATION_CONTEXT('2D SPACE',''
  ) );
#9787 = ORIENTED_EDGE('',*,*,#9788,.T.);
#9788 = EDGE_CURVE('',#9768,#9789,#9791,.T.);
#9789 = VERTEX_POINT('',#9790);
#9790 = CARTESIAN_POINT('',(397.6403,350.04043950937,110.62360973748));
#9791 = SURFACE_CURVE('',#9792,(#9856,#9863),.PCURVE_S1.);
#9792 = ( BOUNDED_CURVE() B_SPLINE_CURVE(3,(#9793,#9794,#9795,#9796,
    #9797,#9798,#9799,#9800,#9801,#9802,#9803,#9804,#9805,#9806,#9807,
    #9808,#9809,#9810,#9811,#9812,#9813,#9814,#9815,#9816,#9817,#9818,
    #9819,#9820,#9821,#9822,#9823,#9824,#9825,#9826,#9827,#9828,#9829,
    #9830,#9831,#9832,#9833,#9834,#9835,#9836,#9837,#9838,#9839,#9840,
    #9841,#9842,#9843,#9844,#9845,#9846,#9847,#9848,#9849,#9850,#9851,
    #9852,#9853,#9854,#9855),.UNSPECIFIED.,.F.,.F.) 
B_SPLINE_CURVE_WITH_KNOTS((4,1,1,1,1,1,1,1,1,1,1,1,1,1,1,1,1,1,1,1,1,1,1
    ,1,1,1,1,1,1,1,1,1,1,1,1,1,1,1,1,1,1,1,1,1,1,1,1,1,1,1,1,1,1,1,1,1,1
    ,1,1,1,4),(0.,1.671834126768E-02,3.328707673398E-02,
    5.001744466419E-02,6.648650714478E-02,8.348892901119E-02,
    9.999486964001E-02,0.11646941087,0.133815549619,0.150618938677,
    0.167038735703,0.183454077407,0.199862498306,0.216272023155,
    0.232682039048,0.249094136,0.265517101832,0.28195250261,
    0.298446383618,0.315002877417,0.331625113939,0.348307612691,
    0.365035992875,0.381711213613,0.398301880653,0.414823418335,
    0.431326889702,0.448164125522,0.464772555536,0.481574851679,
    0.498833916597,0.516076325801,0.532869467448,0.550364700599,
    0.567182918644,0.58368017293,0.60020088702,0.616790522208,
    0.633466402799,0.650196996519,0.66688122827,0.683506031496,
    0.700063533111,0.716557401724,0.732992840875,0.749415744672,
    0.765827967007,0.78223726506,0.798647812608,0.815056815176,
    0.831475231221,0.84789937286,0.864694545606,0.881987572306,
    0.898456926779,0.91536479181,0.932301655256,0.949102498792,
0.966203962862,0.982810298735,1.),.UNSPECIFIED.) CURVE() 
GEOMETRIC_REPRESENTATION_ITEM() RATIONAL_B_SPLINE_CURVE((1.,
    1.000000000007,0.999999999997,1.000000000001,1.,1.,1.,1.,1.,1.,1.,1.
    ,1.,1.,1.,1.,1.,1.,1.,1.,1.,1.,1.,1.,1.,1.,1.,1.,1.,1.,1.,1.,1.,1.,
    1.,1.,1.,1.,1.,1.,1.,1.,1.,1.,1.,1.,1.,1.,1.,1.,1.,1.,1.,1.,1.,1.,1.
    ,1.,1.000000000001,0.999999999996,1.000000000014,0.999999999969,1.))
 REPRESENTATION_ITEM('') );
#9793 = CARTESIAN_POINT('',(140.9618,353.979560929,111.04848001074));
#9794 = CARTESIAN_POINT('',(142.09540904743,353.76627916971,
    111.06348846008));
#9795 = CARTESIAN_POINT('',(145.34352279277,354.74524780707,
    111.24374791969));
#9796 = CARTESIAN_POINT('',(149.51920541273,355.3845214015,
    111.43178100096));
#9797 = CARTESIAN_POINT('',(153.74675028087,354.73550549232,
    111.44334695846));
#9798 = CARTESIAN_POINT('',(158.17058310233,354.34304186763,
    111.53089984851));
#9799 = CARTESIAN_POINT('',(162.26698448152,355.10195229995,
    111.86235169337));
#9800 = CARTESIAN_POINT('',(166.61873526807,355.98081663126,
    112.23203706173));
#9801 = CARTESIAN_POINT('',(171.05025168138,355.8627548673,
    112.43155263395));
#9802 = CARTESIAN_POINT('',(175.09238100893,358.99145947937,
    113.1131797333));
#9803 = CARTESIAN_POINT('',(179.41643525083,360.36263388554,
    113.5223186699));
#9804 = CARTESIAN_POINT('',(183.74465399728,360.34755132508,
    113.59558128494));
#9805 = CARTESIAN_POINT('',(188.01748830499,360.58373036236,
    113.65678565223));
#9806 = CARTESIAN_POINT('',(192.29804434258,360.66914820033,
    113.67407877204));
#9807 = CARTESIAN_POINT('',(196.57544693057,360.7457598458,
    113.70932797148));
#9808 = CARTESIAN_POINT('',(200.85359337877,360.76042524498,
    113.72862330233));
#9809 = CARTESIAN_POINT('',(205.13313267918,360.7398659486,
    113.72673979338));
#9810 = CARTESIAN_POINT('',(209.41029445154,360.68784235136,
    113.71260421225));
#9811 = CARTESIAN_POINT('',(213.69566833045,360.56537826806,
    113.62547588171));
#9812 = CARTESIAN_POINT('',(217.97323994091,360.46769188514,
    113.54492117698));
#9813 = CARTESIAN_POINT('',(222.25201002744,360.34449678255,
    113.41237087739));
#9814 = CARTESIAN_POINT('',(226.52878947893,360.27377546821,
    113.29952863314));
#9815 = CARTESIAN_POINT('',(230.80631705996,360.19297869023,
    113.17445197182));
#9816 = CARTESIAN_POINT('',(235.06961741834,360.1628918741,
    113.07834593838));
#9817 = CARTESIAN_POINT('',(239.34364675972,360.01686999966,
    112.9016563901));
#9818 = CARTESIAN_POINT('',(243.62590118763,359.85184369243,
    112.72461881945));
#9819 = CARTESIAN_POINT('',(247.90145862716,359.35771663654,
    112.42640528079));
#9820 = CARTESIAN_POINT('',(252.24748803221,359.15789419756,
    112.05903783446));
#9821 = CARTESIAN_POINT('',(256.42226459116,357.17123388327,
    111.92521584553));
#9822 = CARTESIAN_POINT('',(260.774587196,356.64833779213,
    111.74017449024));
#9823 = CARTESIAN_POINT('',(265.08553351846,355.23531869463,
    111.7876649426));
#9824 = CARTESIAN_POINT('',(269.30435854157,353.62494095527,
    111.4039556442));
#9825 = CARTESIAN_POINT('',(273.49463672784,351.66981978787,
    111.26443315682));
#9826 = CARTESIAN_POINT('',(277.98553204283,351.38140793187,
    110.86093918474));
#9827 = CARTESIAN_POINT('',(282.02098866206,349.72018990101,
    110.62796468358));
#9828 = CARTESIAN_POINT('',(286.37785805657,349.07466988417,
    110.13770842395));
#9829 = CARTESIAN_POINT('',(290.69560185407,349.22830109653,
    110.1928934635));
#9830 = CARTESIAN_POINT('',(294.97762712103,349.59208844941,
    110.12757259356));
#9831 = CARTESIAN_POINT('',(299.25829278307,350.24940617953,
    110.10280908704));
#9832 = CARTESIAN_POINT('',(303.53281780748,351.04376403048,
    110.07432042373));
#9833 = CARTESIAN_POINT('',(307.79563331651,351.90005478061,
    110.03423043781));
#9834 = CARTESIAN_POINT('',(312.07349323989,352.57421625794,
    110.01341849558));
#9835 = CARTESIAN_POINT('',(316.34983972698,353.18589594225,
    109.96534403474));
#9836 = CARTESIAN_POINT('',(320.62873034613,353.65526654378,
    109.95517013757));
#9837 = CARTESIAN_POINT('',(324.90645535717,354.10534930278,
    109.94663930178));
#9838 = CARTESIAN_POINT('',(329.19177427478,354.18611817145,
    110.052083911));
#9839 = CARTESIAN_POINT('',(333.46902839726,354.3734719088,
    110.12729019288));
#9840 = CARTESIAN_POINT('',(337.74832561117,354.41443478896,
    110.22379458385));
#9841 = CARTESIAN_POINT('',(342.02697062847,354.40873916324,
    110.31626107085));
#9842 = CARTESIAN_POINT('',(346.30391351544,354.37642100173,
    110.39604645749));
#9843 = CARTESIAN_POINT('',(350.58496238288,354.39342317837,
    110.45345893917));
#9844 = CARTESIAN_POINT('',(354.8577723004,354.42151887441,
    110.50960323967));
#9845 = CARTESIAN_POINT('',(359.18388688825,354.13443923335,
    110.63077155544));
#9846 = CARTESIAN_POINT('',(363.5052046971,354.56737345288,
    110.51815748771));
#9847 = CARTESIAN_POINT('',(367.54865046447,355.56574346322,
    110.40556735325));
#9848 = CARTESIAN_POINT('',(372.05847150757,354.90868534902,
    110.38329345929));
#9849 = CARTESIAN_POINT('',(376.24564436291,355.92371720613,
    110.21202854156));
#9850 = CARTESIAN_POINT('',(380.50353796332,354.26027294163,
    110.34090426302));
#9851 = CARTESIAN_POINT('',(384.85798865987,353.47262544846,
    110.39650982931));
#9852 = CARTESIAN_POINT('',(389.02722072527,351.83792747125,
    110.468062161));
#9853 = CARTESIAN_POINT('',(393.32393006004,350.80647185149,
    110.53641105976));
#9854 = CARTESIAN_POINT('',(396.53994441614,352.88371791137,
    110.45967404934));
#9855 = CARTESIAN_POINT('',(397.6403,350.04043950937,110.62360973748));
#9856 = PCURVE('',#9610,#9857);
#9857 = DEFINITIONAL_REPRESENTATION('',(#9858),#9862);
#9858 = LINE('',#9859,#9860);
#9859 = CARTESIAN_POINT('',(38.,0.));
#9860 = VECTOR('',#9861,1.);
#9861 = DIRECTION('',(0.,1.));
#9862 = ( GEOMETRIC_REPRESENTATION_CONTEXT(2) 
PARAMETRIC_REPRESENTATION_CONTEXT() REPRESENTATION_CONTEXT('2D SPACE',''
  ) );
#9863 = PCURVE('',#9864,#9991);
#9864 = ( BOUNDED_SURFACE() B_SPLINE_SURFACE(1,3,(
    (#9865,#9866,#9867,#9868,#9869,#9870,#9871,#9872,#9873,#9874,#9875
      ,#9876,#9877,#9878,#9879,#9880,#9881,#9882,#9883,#9884,#9885,#9886
      ,#9887,#9888,#9889,#9890,#9891,#9892,#9893,#9894,#9895,#9896,#9897
      ,#9898,#9899,#9900,#9901,#9902,#9903,#9904,#9905,#9906,#9907,#9908
      ,#9909,#9910,#9911,#9912,#9913,#9914,#9915,#9916,#9917,#9918,#9919
      ,#9920,#9921,#9922,#9923,#9924,#9925,#9926,#9927)
    ,(#9928,#9929,#9930,#9931,#9932,#9933,#9934,#9935,#9936,#9937,#9938
      ,#9939,#9940,#9941,#9942,#9943,#9944,#9945,#9946,#9947,#9948,#9949
      ,#9950,#9951,#9952,#9953,#9954,#9955,#9956,#9957,#9958,#9959,#9960
      ,#9961,#9962,#9963,#9964,#9965,#9966,#9967,#9968,#9969,#9970,#9971
      ,#9972,#9973,#9974,#9975,#9976,#9977,#9978,#9979,#9980,#9981,#9982
      ,#9983,#9984,#9985,#9986,#9987,#9988,#9989,#9990
)),.UNSPECIFIED.,.F.,.F.,.F.) B_SPLINE_SURFACE_WITH_KNOTS((2,2),(4,1,1,1
    ,1,1,1,1,1,1,1,1,1,1,1,1,1,1,1,1,1,1,1,1,1,1,1,1,1,1,1,1,1,1,1,1,1,1
    ,1,1,1,1,1,1,1,1,1,1,1,1,1,1,1,1,1,1,1,1,1,1,4),(38.,39.),(0.,
    1.671834126768E-02,3.328707673398E-02,5.001744466419E-02,
    6.648650714478E-02,8.348892901119E-02,9.999486964001E-02,
    0.11646941087,0.133815549619,0.150618938677,0.167038735703,
    0.183454077407,0.199862498306,0.216272023155,0.232682039048,
    0.249094136,0.265517101832,0.28195250261,0.298446383618,
    0.315002877417,0.331625113939,0.348307612691,0.365035992875,
    0.381711213613,0.398301880653,0.414823418335,0.431326889702,
    0.448164125522,0.464772555536,0.481574851679,0.498833916597,
    0.516076325801,0.532869467448,0.550364700599,0.567182918644,
    0.58368017293,0.60020088702,0.616790522208,0.633466402799,
    0.650196996519,0.66688122827,0.683506031496,0.700063533111,
    0.716557401724,0.732992840875,0.749415744672,0.765827967007,
    0.78223726506,0.798647812608,0.815056815176,0.831475231221,
    0.84789937286,0.864694545606,0.881987572306,0.898456926779,
    0.91536479181,0.932301655256,0.949102498792,0.966203962862,
0.982810298735,1.),.UNSPECIFIED.) GEOMETRIC_REPRESENTATION_ITEM() 
RATIONAL_B_SPLINE_SURFACE((
    (1.,1.000000000007,0.999999999997,1.000000000001,1.,1.,1.,1.,1.,1.
      ,1.,1.,1.,1.,1.,1.,1.,1.,1.,1.,1.,1.,1.,1.,1.,1.,1.,1.,1.,1.,1.,1.
      ,1.,1.,1.,1.,1.,1.,1.,1.,1.,1.,1.,1.,1.,1.,1.,1.,1.,1.,1.,1.,1.,1.
      ,1.,1.,1.,1.,1.000000000001,0.999999999996,1.000000000014
      ,0.999999999969,1.)
    ,(1.,1.000000000007,0.999999999997,1.000000000001,1.,1.,1.,1.,1.,1.
      ,1.,1.,1.,1.,1.,1.,1.,1.,1.,1.,1.,1.,1.,1.,1.,1.,1.,1.,1.,1.,1.,1.
      ,1.,1.,1.,1.,1.,1.,1.,1.,1.,1.,1.,1.,1.,1.,1.,1.,1.,1.,1.,1.,1.,1.
      ,1.,1.,1.,1.,1.000000000001,0.999999999996,1.000000000014
,0.999999999969,1.))) REPRESENTATION_ITEM('') SURFACE() );
#9865 = CARTESIAN_POINT('',(140.9618,353.979560929,111.04848001074));
#9866 = CARTESIAN_POINT('',(142.09540904743,353.76627916971,
    111.06348846008));
#9867 = CARTESIAN_POINT('',(145.34352279277,354.74524780707,
    111.24374791969));
#9868 = CARTESIAN_POINT('',(149.51920541273,355.3845214015,
    111.43178100096));
#9869 = CARTESIAN_POINT('',(153.74675028087,354.73550549232,
    111.44334695846));
#9870 = CARTESIAN_POINT('',(158.17058310233,354.34304186763,
    111.53089984851));
#9871 = CARTESIAN_POINT('',(162.26698448152,355.10195229995,
    111.86235169337));
#9872 = CARTESIAN_POINT('',(166.61873526807,355.98081663126,
    112.23203706173));
#9873 = CARTESIAN_POINT('',(171.05025168138,355.8627548673,
    112.43155263395));
#9874 = CARTESIAN_POINT('',(175.09238100893,358.99145947937,
    113.1131797333));
#9875 = CARTESIAN_POINT('',(179.41643525083,360.36263388554,
    113.5223186699));
#9876 = CARTESIAN_POINT('',(183.74465399728,360.34755132508,
    113.59558128494));
#9877 = CARTESIAN_POINT('',(188.01748830499,360.58373036236,
    113.65678565223));
#9878 = CARTESIAN_POINT('',(192.29804434258,360.66914820033,
    113.67407877204));
#9879 = CARTESIAN_POINT('',(196.57544693057,360.7457598458,
    113.70932797148));
#9880 = CARTESIAN_POINT('',(200.85359337877,360.76042524498,
    113.72862330233));
#9881 = CARTESIAN_POINT('',(205.13313267918,360.7398659486,
    113.72673979338));
#9882 = CARTESIAN_POINT('',(209.41029445154,360.68784235136,
    113.71260421225));
#9883 = CARTESIAN_POINT('',(213.69566833045,360.56537826806,
    113.62547588171));
#9884 = CARTESIAN_POINT('',(217.97323994091,360.46769188514,
    113.54492117698));
#9885 = CARTESIAN_POINT('',(222.25201002744,360.34449678255,
    113.41237087739));
#9886 = CARTESIAN_POINT('',(226.52878947893,360.27377546821,
    113.29952863314));
#9887 = CARTESIAN_POINT('',(230.80631705996,360.19297869023,
    113.17445197182));
#9888 = CARTESIAN_POINT('',(235.06961741834,360.1628918741,
    113.07834593838));
#9889 = CARTESIAN_POINT('',(239.34364675972,360.01686999966,
    112.9016563901));
#9890 = CARTESIAN_POINT('',(243.62590118763,359.85184369243,
    112.72461881945));
#9891 = CARTESIAN_POINT('',(247.90145862716,359.35771663654,
    112.42640528079));
#9892 = CARTESIAN_POINT('',(252.24748803221,359.15789419756,
    112.05903783446));
#9893 = CARTESIAN_POINT('',(256.42226459116,357.17123388327,
    111.92521584553));
#9894 = CARTESIAN_POINT('',(260.774587196,356.64833779213,
    111.74017449024));
#9895 = CARTESIAN_POINT('',(265.08553351846,355.23531869463,
    111.7876649426));
#9896 = CARTESIAN_POINT('',(269.30435854157,353.62494095527,
    111.4039556442));
#9897 = CARTESIAN_POINT('',(273.49463672784,351.66981978787,
    111.26443315682));
#9898 = CARTESIAN_POINT('',(277.98553204283,351.38140793187,
    110.86093918474));
#9899 = CARTESIAN_POINT('',(282.02098866206,349.72018990101,
    110.62796468358));
#9900 = CARTESIAN_POINT('',(286.37785805657,349.07466988417,
    110.13770842395));
#9901 = CARTESIAN_POINT('',(290.69560185407,349.22830109653,
    110.1928934635));
#9902 = CARTESIAN_POINT('',(294.97762712103,349.59208844941,
    110.12757259356));
#9903 = CARTESIAN_POINT('',(299.25829278307,350.24940617953,
    110.10280908704));
#9904 = CARTESIAN_POINT('',(303.53281780748,351.04376403048,
    110.07432042373));
#9905 = CARTESIAN_POINT('',(307.79563331651,351.90005478061,
    110.03423043781));
#9906 = CARTESIAN_POINT('',(312.07349323989,352.57421625794,
    110.01341849558));
#9907 = CARTESIAN_POINT('',(316.34983972698,353.18589594225,
    109.96534403474));
#9908 = CARTESIAN_POINT('',(320.62873034613,353.65526654378,
    109.95517013757));
#9909 = CARTESIAN_POINT('',(324.90645535717,354.10534930278,
    109.94663930178));
#9910 = CARTESIAN_POINT('',(329.19177427478,354.18611817145,
    110.052083911));
#9911 = CARTESIAN_POINT('',(333.46902839726,354.3734719088,
    110.12729019288));
#9912 = CARTESIAN_POINT('',(337.74832561117,354.41443478896,
    110.22379458385));
#9913 = CARTESIAN_POINT('',(342.02697062847,354.40873916324,
    110.31626107085));
#9914 = CARTESIAN_POINT('',(346.30391351544,354.37642100173,
    110.39604645749));
#9915 = CARTESIAN_POINT('',(350.58496238288,354.39342317837,
    110.45345893917));
#9916 = CARTESIAN_POINT('',(354.8577723004,354.42151887441,
    110.50960323967));
#9917 = CARTESIAN_POINT('',(359.18388688825,354.13443923335,
    110.63077155544));
#9918 = CARTESIAN_POINT('',(363.5052046971,354.56737345288,
    110.51815748771));
#9919 = CARTESIAN_POINT('',(367.54865046447,355.56574346322,
    110.40556735325));
#9920 = CARTESIAN_POINT('',(372.05847150757,354.90868534902,
    110.38329345929));
#9921 = CARTESIAN_POINT('',(376.24564436291,355.92371720613,
    110.21202854156));
#9922 = CARTESIAN_POINT('',(380.50353796332,354.26027294163,
    110.34090426302));
#9923 = CARTESIAN_POINT('',(384.85798865987,353.47262544846,
    110.39650982931));
#9924 = CARTESIAN_POINT('',(389.02722072527,351.83792747125,
    110.468062161));
#9925 = CARTESIAN_POINT('',(393.32393006004,350.80647185149,
    110.53641105976));
#9926 = CARTESIAN_POINT('',(396.53994441614,352.88371791137,
    110.45967404934));
#9927 = CARTESIAN_POINT('',(397.6403,350.04043950937,110.62360973748));
#9928 = CARTESIAN_POINT('',(140.9618,354.36280862502,111.09869928495));
#9929 = CARTESIAN_POINT('',(142.09540904743,354.35106823097,
    111.14074236717));
#9930 = CARTESIAN_POINT('',(145.34352279277,355.18924659547,
    111.30803811868));
#9931 = CARTESIAN_POINT('',(149.51920541273,356.01558020497,
    111.52392362516));
#9932 = CARTESIAN_POINT('',(153.74675028087,355.40968086259,
    111.54267447725));
#9933 = CARTESIAN_POINT('',(158.17058310233,354.97088514307,
    111.63089826366));
#9934 = CARTESIAN_POINT('',(162.26698448152,355.97022638947,
    111.99803762059));
#9935 = CARTESIAN_POINT('',(166.61873526807,356.89808024946,
    112.33647058685));
#9936 = CARTESIAN_POINT('',(171.05025168138,356.82049646419,
    112.50644477302));
#9937 = CARTESIAN_POINT('',(175.09238100893,360.14593319925,
    113.18857436973));
#9938 = CARTESIAN_POINT('',(179.41643525083,361.70308129676,
    113.59002985038));
#9939 = CARTESIAN_POINT('',(183.74465399728,361.68121407712,
    113.64066529209));
#9940 = CARTESIAN_POINT('',(188.01748830499,361.95349372859,
    113.72869495044));
#9941 = CARTESIAN_POINT('',(192.29804434258,362.04008876067,
    113.77468187322));
#9942 = CARTESIAN_POINT('',(196.57544693057,362.12880540312,
    113.84385405447));
#9943 = CARTESIAN_POINT('',(200.85359337877,362.14717372084,
    113.90943574011));
#9944 = CARTESIAN_POINT('',(205.13313267918,362.11411312087,
    113.95516769872));
#9945 = CARTESIAN_POINT('',(209.41029445154,362.03630367182,
    113.98292209077));
#9946 = CARTESIAN_POINT('',(213.69566833045,361.86552475158,
    113.98343260889));
#9947 = CARTESIAN_POINT('',(217.97323994091,361.70452162427,
    113.954267732));
#9948 = CARTESIAN_POINT('',(222.25201002744,361.48467610011,
    113.90101884103));
#9949 = CARTESIAN_POINT('',(226.52878947893,361.30199339552,
    113.85885610858));
#9950 = CARTESIAN_POINT('',(230.80631705996,361.07071411545,
    113.82687202143));
#9951 = CARTESIAN_POINT('',(235.06961741834,360.91083052215,
    113.75650538214));
#9952 = CARTESIAN_POINT('',(239.34364675972,360.6174270859,
    113.62884120043));
#9953 = CARTESIAN_POINT('',(243.62590118763,360.32606861818,
    113.45023704249));
#9954 = CARTESIAN_POINT('',(247.90145862716,359.73129548049,
    113.13225972548));
#9955 = CARTESIAN_POINT('',(252.24748803221,359.5036545668,
    112.67879353881));
#9956 = CARTESIAN_POINT('',(256.42226459116,357.40886828861,
    112.5772597235));
#9957 = CARTESIAN_POINT('',(260.774587196,356.80976067683,
    112.35609529343));
#9958 = CARTESIAN_POINT('',(265.08553351846,355.38044057472,
    112.46836028162));
#9959 = CARTESIAN_POINT('',(269.30435854157,353.5735205439,
    111.97102967062));
#9960 = CARTESIAN_POINT('',(273.49463672784,351.44392515091,
    111.83543905484));
#9961 = CARTESIAN_POINT('',(277.98553204283,351.04738424961,
    111.32655515701));
#9962 = CARTESIAN_POINT('',(282.02098866206,349.28114463109,
    111.09840978155));
#9963 = CARTESIAN_POINT('',(286.37785805657,348.46094462048,
    110.51978734496));
#9964 = CARTESIAN_POINT('',(290.69560185407,348.60276325071,
    110.68423480836));
#9965 = CARTESIAN_POINT('',(294.97762712103,348.88853517849,
    110.65060637085));
#9966 = CARTESIAN_POINT('',(299.25829278307,349.46508729475,
    110.64085793449));
#9967 = CARTESIAN_POINT('',(303.53281780748,350.15741089783,
    110.59475857271));
#9968 = CARTESIAN_POINT('',(307.79563331651,350.90882330927,
    110.52103745821));
#9969 = CARTESIAN_POINT('',(312.07349323989,351.48613159743,
    110.46948345555));
#9970 = CARTESIAN_POINT('',(316.34983972698,352.00921714796,
    110.38935149602));
#9971 = CARTESIAN_POINT('',(320.62873034613,352.40800235578,
    110.35739537906));
#9972 = CARTESIAN_POINT('',(324.90645535717,352.8010898935,
    110.33496251095));
#9973 = CARTESIAN_POINT('',(329.19177427478,352.85426604205,
    110.42675414461));
#9974 = CARTESIAN_POINT('',(333.46902839726,353.01586299727,
    110.48527158129));
#9975 = CARTESIAN_POINT('',(337.74832561117,353.05048879139,
    110.57171191079));
#9976 = CARTESIAN_POINT('',(342.02697062847,353.04534955472,
    110.64965024143));
#9977 = CARTESIAN_POINT('',(346.30391351544,353.02991283509,
    110.70718287295));
#9978 = CARTESIAN_POINT('',(350.58496238288,353.05091222229,
    110.75777227789));
#9979 = CARTESIAN_POINT('',(354.8577723004,353.11300583406,
    110.79180042102));
#9980 = CARTESIAN_POINT('',(359.18388688825,352.8406443104,
    110.88600281048));
#9981 = CARTESIAN_POINT('',(363.5052046971,353.37892067495,
    110.76522528055));
#9982 = CARTESIAN_POINT('',(367.54865046447,354.57476199115,
    110.60644238407));
#9983 = CARTESIAN_POINT('',(372.05847150757,353.92394404147,
    110.56537457005));
#9984 = CARTESIAN_POINT('',(376.24564436291,355.09447555194,
    110.36344412759));
#9985 = CARTESIAN_POINT('',(380.50353796332,353.61433875177,
    110.45669977038));
#9986 = CARTESIAN_POINT('',(384.85798865987,352.86302613319,
    110.49445316219));
#9987 = CARTESIAN_POINT('',(389.02722072527,351.28758785249,
    110.55259054809));
#9988 = CARTESIAN_POINT('',(393.32393006004,350.41721564745,
    110.59973855715));
#9989 = CARTESIAN_POINT('',(396.53994441614,352.4927317189,
    110.51823997424));
#9990 = CARTESIAN_POINT('',(397.6403,349.67250661751,110.68392994117));
#9991 = DEFINITIONAL_REPRESENTATION('',(#9992),#9996);
#9992 = LINE('',#9993,#9994);
#9993 = CARTESIAN_POINT('',(38.,0.));
#9994 = VECTOR('',#9995,1.);
#9995 = DIRECTION('',(0.,1.));
#9996 = ( GEOMETRIC_REPRESENTATION_CONTEXT(2) 
PARAMETRIC_REPRESENTATION_CONTEXT() REPRESENTATION_CONTEXT('2D SPACE',''
  ) );
#9997 = ORIENTED_EDGE('',*,*,#9998,.F.);
#9998 = EDGE_CURVE('',#9535,#9789,#9999,.T.);
#9999 = SURFACE_CURVE('',#10000,(#10003,#10010),.PCURVE_S1.);
#10000 = B_SPLINE_CURVE_WITH_KNOTS('',1,(#10001,#10002),.UNSPECIFIED.,
  .F.,.F.,(2,2),(37.,38.),.PIECEWISE_BEZIER_KNOTS.);
#10001 = CARTESIAN_POINT('',(397.6403,350.40829902805,110.5626940059));
#10002 = CARTESIAN_POINT('',(397.6403,350.04043950937,110.62360973748));
#10003 = PCURVE('',#9610,#10004);
#10004 = DEFINITIONAL_REPRESENTATION('',(#10005),#10009);
#10005 = LINE('',#10006,#10007);
#10006 = CARTESIAN_POINT('',(0.,1.));
#10007 = VECTOR('',#10008,1.);
#10008 = DIRECTION('',(1.,0.));
#10009 = ( GEOMETRIC_REPRESENTATION_CONTEXT(2) 
PARAMETRIC_REPRESENTATION_CONTEXT() REPRESENTATION_CONTEXT('2D SPACE',''
  ) );
#10010 = PCURVE('',#401,#10011);
#10011 = DEFINITIONAL_REPRESENTATION('',(#10012),#10015);
#10012 = B_SPLINE_CURVE_WITH_KNOTS('',1,(#10013,#10014),.UNSPECIFIED.,
  .F.,.F.,(2,2),(37.,38.),.PIECEWISE_BEZIER_KNOTS.);
#10013 = CARTESIAN_POINT('',(-1.116662521096,6.500374543148E-02));
#10014 = CARTESIAN_POINT('',(-0.744449563212,4.289343513949E-02));
#10015 = ( GEOMETRIC_REPRESENTATION_CONTEXT(2) 
PARAMETRIC_REPRESENTATION_CONTEXT() REPRESENTATION_CONTEXT('2D SPACE',''
  ) );
#10016 = ORIENTED_EDGE('',*,*,#9534,.F.);
#10017 = ADVANCED_FACE('',(#10018),#9864,.T.);
#10018 = FACE_BOUND('',#10019,.T.);
#10019 = EDGE_LOOP('',(#10020,#10041,#10124,#10143));
#10020 = ORIENTED_EDGE('',*,*,#10021,.T.);
#10021 = EDGE_CURVE('',#9768,#10022,#10024,.T.);
#10022 = VERTEX_POINT('',#10023);
#10023 = CARTESIAN_POINT('',(140.9618,354.36280862502,111.09869928495));
#10024 = SURFACE_CURVE('',#10025,(#10028,#10035),.PCURVE_S1.);
#10025 = B_SPLINE_CURVE_WITH_KNOTS('',1,(#10026,#10027),.UNSPECIFIED.,
  .F.,.F.,(2,2),(38.,39.),.PIECEWISE_BEZIER_KNOTS.);
#10026 = CARTESIAN_POINT('',(140.9618,353.979560929,111.04848001074));
#10027 = CARTESIAN_POINT('',(140.9618,354.36280862502,111.09869928495));
#10028 = PCURVE('',#9864,#10029);
#10029 = DEFINITIONAL_REPRESENTATION('',(#10030),#10034);
#10030 = LINE('',#10031,#10032);
#10031 = CARTESIAN_POINT('',(0.,0.));
#10032 = VECTOR('',#10033,1.);
#10033 = DIRECTION('',(1.,0.));
#10034 = ( GEOMETRIC_REPRESENTATION_CONTEXT(2) 
PARAMETRIC_REPRESENTATION_CONTEXT() REPRESENTATION_CONTEXT('2D SPACE',''
  ) );
#10035 = PCURVE('',#165,#10036);
#10036 = DEFINITIONAL_REPRESENTATION('',(#10037),#10040);
#10037 = B_SPLINE_CURVE_WITH_KNOTS('',1,(#10038,#10039),.UNSPECIFIED.,
  .F.,.F.,(2,2),(38.,39.),.PIECEWISE_BEZIER_KNOTS.);
#10038 = CARTESIAN_POINT('',(0.77304791636,-8.395939458694E-05));
#10039 = CARTESIAN_POINT('',(0.38652395818,-4.197969730058E-05));
#10040 = ( GEOMETRIC_REPRESENTATION_CONTEXT(2) 
PARAMETRIC_REPRESENTATION_CONTEXT() REPRESENTATION_CONTEXT('2D SPACE',''
  ) );
#10041 = ORIENTED_EDGE('',*,*,#10042,.T.);
#10042 = EDGE_CURVE('',#10022,#10043,#10045,.T.);
#10043 = VERTEX_POINT('',#10044);
#10044 = CARTESIAN_POINT('',(397.6403,349.67250661751,110.68392994117));
#10045 = SURFACE_CURVE('',#10046,(#10110,#10117),.PCURVE_S1.);
#10046 = ( BOUNDED_CURVE() B_SPLINE_CURVE(3,(#10047,#10048,#10049,#10050
    ,#10051,#10052,#10053,#10054,#10055,#10056,#10057,#10058,#10059,
    #10060,#10061,#10062,#10063,#10064,#10065,#10066,#10067,#10068,
    #10069,#10070,#10071,#10072,#10073,#10074,#10075,#10076,#10077,
    #10078,#10079,#10080,#10081,#10082,#10083,#10084,#10085,#10086,
    #10087,#10088,#10089,#10090,#10091,#10092,#10093,#10094,#10095,
    #10096,#10097,#10098,#10099,#10100,#10101,#10102,#10103,#10104,
    #10105,#10106,#10107,#10108,#10109),.UNSPECIFIED.,.F.,.F.) 
B_SPLINE_CURVE_WITH_KNOTS((4,1,1,1,1,1,1,1,1,1,1,1,1,1,1,1,1,1,1,1,1,1,1
    ,1,1,1,1,1,1,1,1,1,1,1,1,1,1,1,1,1,1,1,1,1,1,1,1,1,1,1,1,1,1,1,1,1,1
    ,1,1,1,4),(0.,1.671834126768E-02,3.328707673398E-02,
    5.001744466419E-02,6.648650714478E-02,8.348892901119E-02,
    9.999486964001E-02,0.11646941087,0.133815549619,0.150618938677,
    0.167038735703,0.183454077407,0.199862498306,0.216272023155,
    0.232682039048,0.249094136,0.265517101832,0.28195250261,
    0.298446383618,0.315002877417,0.331625113939,0.348307612691,
    0.365035992875,0.381711213613,0.398301880653,0.414823418335,
    0.431326889702,0.448164125522,0.464772555536,0.481574851679,
    0.498833916597,0.516076325801,0.532869467448,0.550364700599,
    0.567182918644,0.58368017293,0.60020088702,0.616790522208,
    0.633466402799,0.650196996519,0.66688122827,0.683506031496,
    0.700063533111,0.716557401724,0.732992840875,0.749415744672,
    0.765827967007,0.78223726506,0.798647812608,0.815056815176,
    0.831475231221,0.84789937286,0.864694545606,0.881987572306,
    0.898456926779,0.91536479181,0.932301655256,0.949102498792,
0.966203962862,0.982810298735,1.),.UNSPECIFIED.) CURVE() 
GEOMETRIC_REPRESENTATION_ITEM() RATIONAL_B_SPLINE_CURVE((1.,
    1.000000000007,0.999999999997,1.000000000001,1.,1.,1.,1.,1.,1.,1.,1.
    ,1.,1.,1.,1.,1.,1.,1.,1.,1.,1.,1.,1.,1.,1.,1.,1.,1.,1.,1.,1.,1.,1.,
    1.,1.,1.,1.,1.,1.,1.,1.,1.,1.,1.,1.,1.,1.,1.,1.,1.,1.,1.,1.,1.,1.,1.
    ,1.,1.000000000001,0.999999999996,1.000000000014,0.999999999969,1.))
 REPRESENTATION_ITEM('') );
#10047 = CARTESIAN_POINT('',(140.9618,354.36280862502,111.09869928495));
#10048 = CARTESIAN_POINT('',(142.09540904743,354.35106823097,
    111.14074236717));
#10049 = CARTESIAN_POINT('',(145.34352279277,355.18924659547,
    111.30803811868));
#10050 = CARTESIAN_POINT('',(149.51920541273,356.01558020497,
    111.52392362516));
#10051 = CARTESIAN_POINT('',(153.74675028087,355.40968086259,
    111.54267447725));
#10052 = CARTESIAN_POINT('',(158.17058310233,354.97088514307,
    111.63089826366));
#10053 = CARTESIAN_POINT('',(162.26698448152,355.97022638947,
    111.99803762059));
#10054 = CARTESIAN_POINT('',(166.61873526807,356.89808024946,
    112.33647058685));
#10055 = CARTESIAN_POINT('',(171.05025168138,356.82049646419,
    112.50644477302));
#10056 = CARTESIAN_POINT('',(175.09238100893,360.14593319925,
    113.18857436973));
#10057 = CARTESIAN_POINT('',(179.41643525083,361.70308129676,
    113.59002985038));
#10058 = CARTESIAN_POINT('',(183.74465399728,361.68121407712,
    113.64066529209));
#10059 = CARTESIAN_POINT('',(188.01748830499,361.95349372859,
    113.72869495044));
#10060 = CARTESIAN_POINT('',(192.29804434258,362.04008876067,
    113.77468187322));
#10061 = CARTESIAN_POINT('',(196.57544693057,362.12880540312,
    113.84385405447));
#10062 = CARTESIAN_POINT('',(200.85359337877,362.14717372084,
    113.90943574011));
#10063 = CARTESIAN_POINT('',(205.13313267918,362.11411312087,
    113.95516769872));
#10064 = CARTESIAN_POINT('',(209.41029445154,362.03630367182,
    113.98292209077));
#10065 = CARTESIAN_POINT('',(213.69566833045,361.86552475158,
    113.98343260889));
#10066 = CARTESIAN_POINT('',(217.97323994091,361.70452162427,
    113.954267732));
#10067 = CARTESIAN_POINT('',(222.25201002744,361.48467610011,
    113.90101884103));
#10068 = CARTESIAN_POINT('',(226.52878947893,361.30199339552,
    113.85885610858));
#10069 = CARTESIAN_POINT('',(230.80631705996,361.07071411545,
    113.82687202143));
#10070 = CARTESIAN_POINT('',(235.06961741834,360.91083052215,
    113.75650538214));
#10071 = CARTESIAN_POINT('',(239.34364675972,360.6174270859,
    113.62884120043));
#10072 = CARTESIAN_POINT('',(243.62590118763,360.32606861818,
    113.45023704249));
#10073 = CARTESIAN_POINT('',(247.90145862716,359.73129548049,
    113.13225972548));
#10074 = CARTESIAN_POINT('',(252.24748803221,359.5036545668,
    112.67879353881));
#10075 = CARTESIAN_POINT('',(256.42226459116,357.40886828861,
    112.5772597235));
#10076 = CARTESIAN_POINT('',(260.774587196,356.80976067683,
    112.35609529343));
#10077 = CARTESIAN_POINT('',(265.08553351846,355.38044057472,
    112.46836028162));
#10078 = CARTESIAN_POINT('',(269.30435854157,353.5735205439,
    111.97102967062));
#10079 = CARTESIAN_POINT('',(273.49463672784,351.44392515091,
    111.83543905484));
#10080 = CARTESIAN_POINT('',(277.98553204283,351.04738424961,
    111.32655515701));
#10081 = CARTESIAN_POINT('',(282.02098866206,349.28114463109,
    111.09840978155));
#10082 = CARTESIAN_POINT('',(286.37785805657,348.46094462048,
    110.51978734496));
#10083 = CARTESIAN_POINT('',(290.69560185407,348.60276325071,
    110.68423480836));
#10084 = CARTESIAN_POINT('',(294.97762712103,348.88853517849,
    110.65060637085));
#10085 = CARTESIAN_POINT('',(299.25829278307,349.46508729475,
    110.64085793449));
#10086 = CARTESIAN_POINT('',(303.53281780748,350.15741089783,
    110.59475857271));
#10087 = CARTESIAN_POINT('',(307.79563331651,350.90882330927,
    110.52103745821));
#10088 = CARTESIAN_POINT('',(312.07349323989,351.48613159743,
    110.46948345555));
#10089 = CARTESIAN_POINT('',(316.34983972698,352.00921714796,
    110.38935149602));
#10090 = CARTESIAN_POINT('',(320.62873034613,352.40800235578,
    110.35739537906));
#10091 = CARTESIAN_POINT('',(324.90645535717,352.8010898935,
    110.33496251095));
#10092 = CARTESIAN_POINT('',(329.19177427478,352.85426604205,
    110.42675414461));
#10093 = CARTESIAN_POINT('',(333.46902839726,353.01586299727,
    110.48527158129));
#10094 = CARTESIAN_POINT('',(337.74832561117,353.05048879139,
    110.57171191079));
#10095 = CARTESIAN_POINT('',(342.02697062847,353.04534955472,
    110.64965024143));
#10096 = CARTESIAN_POINT('',(346.30391351544,353.02991283509,
    110.70718287295));
#10097 = CARTESIAN_POINT('',(350.58496238288,353.05091222229,
    110.75777227789));
#10098 = CARTESIAN_POINT('',(354.8577723004,353.11300583406,
    110.79180042102));
#10099 = CARTESIAN_POINT('',(359.18388688825,352.8406443104,
    110.88600281048));
#10100 = CARTESIAN_POINT('',(363.5052046971,353.37892067495,
    110.76522528055));
#10101 = CARTESIAN_POINT('',(367.54865046447,354.57476199115,
    110.60644238407));
#10102 = CARTESIAN_POINT('',(372.05847150757,353.92394404147,
    110.56537457005));
#10103 = CARTESIAN_POINT('',(376.24564436291,355.09447555194,
    110.36344412759));
#10104 = CARTESIAN_POINT('',(380.50353796332,353.61433875177,
    110.45669977038));
#10105 = CARTESIAN_POINT('',(384.85798865987,352.86302613319,
    110.49445316219));
#10106 = CARTESIAN_POINT('',(389.02722072527,351.28758785249,
    110.55259054809));
#10107 = CARTESIAN_POINT('',(393.32393006004,350.41721564745,
    110.59973855715));
#10108 = CARTESIAN_POINT('',(396.53994441614,352.4927317189,
    110.51823997424));
#10109 = CARTESIAN_POINT('',(397.6403,349.67250661751,110.68392994117));
#10110 = PCURVE('',#9864,#10111);
#10111 = DEFINITIONAL_REPRESENTATION('',(#10112),#10116);
#10112 = LINE('',#10113,#10114);
#10113 = CARTESIAN_POINT('',(39.,0.));
#10114 = VECTOR('',#10115,1.);
#10115 = DIRECTION('',(0.,1.));
#10116 = ( GEOMETRIC_REPRESENTATION_CONTEXT(2) 
PARAMETRIC_REPRESENTATION_CONTEXT() REPRESENTATION_CONTEXT('2D SPACE',''
  ) );
#10117 = PCURVE('',#486,#10118);
#10118 = DEFINITIONAL_REPRESENTATION('',(#10119),#10123);
#10119 = LINE('',#10120,#10121);
#10120 = CARTESIAN_POINT('',(39.,0.));
#10121 = VECTOR('',#10122,1.);
#10122 = DIRECTION('',(0.,1.));
#10123 = ( GEOMETRIC_REPRESENTATION_CONTEXT(2) 
PARAMETRIC_REPRESENTATION_CONTEXT() REPRESENTATION_CONTEXT('2D SPACE',''
  ) );
#10124 = ORIENTED_EDGE('',*,*,#10125,.F.);
#10125 = EDGE_CURVE('',#9789,#10043,#10126,.T.);
#10126 = SURFACE_CURVE('',#10127,(#10130,#10137),.PCURVE_S1.);
#10127 = B_SPLINE_CURVE_WITH_KNOTS('',1,(#10128,#10129),.UNSPECIFIED.,
  .F.,.F.,(2,2),(38.,39.),.PIECEWISE_BEZIER_KNOTS.);
#10128 = CARTESIAN_POINT('',(397.6403,350.04043950937,110.62360973748));
#10129 = CARTESIAN_POINT('',(397.6403,349.67250661751,110.68392994117));
#10130 = PCURVE('',#9864,#10131);
#10131 = DEFINITIONAL_REPRESENTATION('',(#10132),#10136);
#10132 = LINE('',#10133,#10134);
#10133 = CARTESIAN_POINT('',(0.,1.));
#10134 = VECTOR('',#10135,1.);
#10135 = DIRECTION('',(1.,0.));
#10136 = ( GEOMETRIC_REPRESENTATION_CONTEXT(2) 
PARAMETRIC_REPRESENTATION_CONTEXT() REPRESENTATION_CONTEXT('2D SPACE',''
  ) );
#10137 = PCURVE('',#401,#10138);
#10138 = DEFINITIONAL_REPRESENTATION('',(#10139),#10142);
#10139 = B_SPLINE_CURVE_WITH_KNOTS('',1,(#10140,#10141),.UNSPECIFIED.,
  .F.,.F.,(2,2),(38.,39.),.PIECEWISE_BEZIER_KNOTS.);
#10140 = CARTESIAN_POINT('',(-0.744449563212,4.289343513949E-02));
#10141 = CARTESIAN_POINT('',(-0.372225915831,2.138306052206E-02));
#10142 = ( GEOMETRIC_REPRESENTATION_CONTEXT(2) 
PARAMETRIC_REPRESENTATION_CONTEXT() REPRESENTATION_CONTEXT('2D SPACE',''
  ) );
#10143 = ORIENTED_EDGE('',*,*,#9788,.F.);
#10144 = ADVANCED_FACE('',(#10145),#486,.T.);
#10145 = FACE_BOUND('',#10146,.T.);
#10146 = EDGE_LOOP('',(#10147,#10166,#10167,#10186));
#10147 = ORIENTED_EDGE('',*,*,#10148,.T.);
#10148 = EDGE_CURVE('',#10022,#22,#10149,.T.);
#10149 = SURFACE_CURVE('',#10150,(#10153,#10160),.PCURVE_S1.);
#10150 = B_SPLINE_CURVE_WITH_KNOTS('',1,(#10151,#10152),.UNSPECIFIED.,
  .F.,.F.,(2,2),(39.,40.),.PIECEWISE_BEZIER_KNOTS.);
#10151 = CARTESIAN_POINT('',(140.9618,354.36280862502,111.09869928495));
#10152 = CARTESIAN_POINT('',(140.9618,354.74605632105,111.14891855916));
#10153 = PCURVE('',#486,#10154);
#10154 = DEFINITIONAL_REPRESENTATION('',(#10155),#10159);
#10155 = LINE('',#10156,#10157);
#10156 = CARTESIAN_POINT('',(0.,0.));
#10157 = VECTOR('',#10158,1.);
#10158 = DIRECTION('',(1.,0.));
#10159 = ( GEOMETRIC_REPRESENTATION_CONTEXT(2) 
PARAMETRIC_REPRESENTATION_CONTEXT() REPRESENTATION_CONTEXT('2D SPACE',''
  ) );
#10160 = PCURVE('',#165,#10161);
#10161 = DEFINITIONAL_REPRESENTATION('',(#10162),#10165);
#10162 = B_SPLINE_CURVE_WITH_KNOTS('',1,(#10163,#10164),.UNSPECIFIED.,
  .F.,.F.,(2,2),(39.,40.),.PIECEWISE_BEZIER_KNOTS.);
#10163 = CARTESIAN_POINT('',(0.38652395818,-4.197969730058E-05));
#10164 = CARTESIAN_POINT('',(0.,0.));
#10165 = ( GEOMETRIC_REPRESENTATION_CONTEXT(2) 
PARAMETRIC_REPRESENTATION_CONTEXT() REPRESENTATION_CONTEXT('2D SPACE',''
  ) );
#10166 = ORIENTED_EDGE('',*,*,#412,.T.);
#10167 = ORIENTED_EDGE('',*,*,#10168,.F.);
#10168 = EDGE_CURVE('',#10043,#387,#10169,.T.);
#10169 = SURFACE_CURVE('',#10170,(#10173,#10180),.PCURVE_S1.);
#10170 = B_SPLINE_CURVE_WITH_KNOTS('',1,(#10171,#10172),.UNSPECIFIED.,
  .F.,.F.,(2,2),(39.,40.),.PIECEWISE_BEZIER_KNOTS.);
#10171 = CARTESIAN_POINT('',(397.6403,349.67250661751,110.68392994117));
#10172 = CARTESIAN_POINT('',(397.6403,349.30455815492,110.74412376616));
#10173 = PCURVE('',#486,#10174);
#10174 = DEFINITIONAL_REPRESENTATION('',(#10175),#10179);
#10175 = LINE('',#10176,#10177);
#10176 = CARTESIAN_POINT('',(0.,1.));
#10177 = VECTOR('',#10178,1.);
#10178 = DIRECTION('',(1.,0.));
#10179 = ( GEOMETRIC_REPRESENTATION_CONTEXT(2) 
PARAMETRIC_REPRESENTATION_CONTEXT() REPRESENTATION_CONTEXT('2D SPACE',''
  ) );
#10180 = PCURVE('',#401,#10181);
#10181 = DEFINITIONAL_REPRESENTATION('',(#10182),#10185);
#10182 = B_SPLINE_CURVE_WITH_KNOTS('',1,(#10183,#10184),.UNSPECIFIED.,
  .F.,.F.,(2,2),(39.,40.),.PIECEWISE_BEZIER_KNOTS.);
#10183 = CARTESIAN_POINT('',(-0.372225915831,2.138306052206E-02));
#10184 = CARTESIAN_POINT('',(0.,0.));
#10185 = ( GEOMETRIC_REPRESENTATION_CONTEXT(2) 
PARAMETRIC_REPRESENTATION_CONTEXT() REPRESENTATION_CONTEXT('2D SPACE',''
  ) );
#10186 = ORIENTED_EDGE('',*,*,#10042,.F.);
#10187 = ADVANCED_FACE('',(#10188),#165,.T.);
#10188 = FACE_BOUND('',#10189,.T.);
#10189 = EDGE_LOOP('',(#10190,#10191,#10192,#10193,#10194,#10195,#10196,
    #10197,#10198,#10199,#10200,#10201,#10202,#10203,#10204,#10205,
    #10206,#10207,#10208,#10209,#10210,#10211,#10212,#10213,#10214,
    #10215,#10216,#10217,#10218,#10219,#10220,#10221,#10222,#10223,
    #10224,#10225,#10226,#10227,#10228,#10229));
#10190 = ORIENTED_EDGE('',*,*,#21,.F.);
#10191 = ORIENTED_EDGE('',*,*,#10148,.F.);
#10192 = ORIENTED_EDGE('',*,*,#10021,.F.);
#10193 = ORIENTED_EDGE('',*,*,#9767,.F.);
#10194 = ORIENTED_EDGE('',*,*,#9513,.F.);
#10195 = ORIENTED_EDGE('',*,*,#9259,.F.);
#10196 = ORIENTED_EDGE('',*,*,#9005,.F.);
#10197 = ORIENTED_EDGE('',*,*,#8751,.F.);
#10198 = ORIENTED_EDGE('',*,*,#8497,.F.);
#10199 = ORIENTED_EDGE('',*,*,#8243,.F.);
#10200 = ORIENTED_EDGE('',*,*,#7989,.F.);
#10201 = ORIENTED_EDGE('',*,*,#7735,.F.);
#10202 = ORIENTED_EDGE('',*,*,#7481,.F.);
#10203 = ORIENTED_EDGE('',*,*,#7227,.F.);
#10204 = ORIENTED_EDGE('',*,*,#6973,.F.);
#10205 = ORIENTED_EDGE('',*,*,#6719,.F.);
#10206 = ORIENTED_EDGE('',*,*,#6465,.F.);
#10207 = ORIENTED_EDGE('',*,*,#6211,.F.);
#10208 = ORIENTED_EDGE('',*,*,#5957,.F.);
#10209 = ORIENTED_EDGE('',*,*,#5703,.F.);
#10210 = ORIENTED_EDGE('',*,*,#5449,.F.);
#10211 = ORIENTED_EDGE('',*,*,#5195,.F.);
#10212 = ORIENTED_EDGE('',*,*,#4941,.F.);
#10213 = ORIENTED_EDGE('',*,*,#4687,.F.);
#10214 = ORIENTED_EDGE('',*,*,#4433,.F.);
#10215 = ORIENTED_EDGE('',*,*,#4179,.F.);
#10216 = ORIENTED_EDGE('',*,*,#3925,.F.);
#10217 = ORIENTED_EDGE('',*,*,#3671,.F.);
#10218 = ORIENTED_EDGE('',*,*,#3417,.F.);
#10219 = ORIENTED_EDGE('',*,*,#3163,.F.);
#10220 = ORIENTED_EDGE('',*,*,#2909,.F.);
#10221 = ORIENTED_EDGE('',*,*,#2655,.F.);
#10222 = ORIENTED_EDGE('',*,*,#2401,.F.);
#10223 = ORIENTED_EDGE('',*,*,#2147,.F.);
#10224 = ORIENTED_EDGE('',*,*,#1893,.F.);
#10225 = ORIENTED_EDGE('',*,*,#1639,.F.);
#10226 = ORIENTED_EDGE('',*,*,#1385,.F.);
#10227 = ORIENTED_EDGE('',*,*,#1131,.F.);
#10228 = ORIENTED_EDGE('',*,*,#877,.F.);
#10229 = ORIENTED_EDGE('',*,*,#623,.F.);
#10230 = ADVANCED_FACE('',(#10231),#401,.T.);
#10231 = FACE_BOUND('',#10232,.T.);
#10232 = EDGE_LOOP('',(#10233,#10234,#10235,#10236,#10237,#10238,#10239,
    #10240,#10241,#10242,#10243,#10244,#10245,#10246,#10247,#10248,
    #10249,#10250,#10251,#10252,#10253,#10254,#10255,#10256,#10257,
    #10258,#10259,#10260,#10261,#10262,#10263,#10264,#10265,#10266,
    #10267,#10268,#10269,#10270,#10271,#10272));
#10233 = ORIENTED_EDGE('',*,*,#386,.T.);
#10234 = ORIENTED_EDGE('',*,*,#854,.T.);
#10235 = ORIENTED_EDGE('',*,*,#1108,.T.);
#10236 = ORIENTED_EDGE('',*,*,#1362,.T.);
#10237 = ORIENTED_EDGE('',*,*,#1616,.T.);
#10238 = ORIENTED_EDGE('',*,*,#1870,.T.);
#10239 = ORIENTED_EDGE('',*,*,#2124,.T.);
#10240 = ORIENTED_EDGE('',*,*,#2378,.T.);
#10241 = ORIENTED_EDGE('',*,*,#2632,.T.);
#10242 = ORIENTED_EDGE('',*,*,#2886,.T.);
#10243 = ORIENTED_EDGE('',*,*,#3140,.T.);
#10244 = ORIENTED_EDGE('',*,*,#3394,.T.);
#10245 = ORIENTED_EDGE('',*,*,#3648,.T.);
#10246 = ORIENTED_EDGE('',*,*,#3902,.T.);
#10247 = ORIENTED_EDGE('',*,*,#4156,.T.);
#10248 = ORIENTED_EDGE('',*,*,#4410,.T.);
#10249 = ORIENTED_EDGE('',*,*,#4664,.T.);
#10250 = ORIENTED_EDGE('',*,*,#4918,.T.);
#10251 = ORIENTED_EDGE('',*,*,#5172,.T.);
#10252 = ORIENTED_EDGE('',*,*,#5426,.T.);
#10253 = ORIENTED_EDGE('',*,*,#5680,.T.);
#10254 = ORIENTED_EDGE('',*,*,#5934,.T.);
#10255 = ORIENTED_EDGE('',*,*,#6188,.T.);
#10256 = ORIENTED_EDGE('',*,*,#6442,.T.);
#10257 = ORIENTED_EDGE('',*,*,#6696,.T.);
#10258 = ORIENTED_EDGE('',*,*,#6950,.T.);
#10259 = ORIENTED_EDGE('',*,*,#7204,.T.);
#10260 = ORIENTED_EDGE('',*,*,#7458,.T.);
#10261 = ORIENTED_EDGE('',*,*,#7712,.T.);
#10262 = ORIENTED_EDGE('',*,*,#7966,.T.);
#10263 = ORIENTED_EDGE('',*,*,#8220,.T.);
#10264 = ORIENTED_EDGE('',*,*,#8474,.T.);
#10265 = ORIENTED_EDGE('',*,*,#8728,.T.);
#10266 = ORIENTED_EDGE('',*,*,#8982,.T.);
#10267 = ORIENTED_EDGE('',*,*,#9236,.T.);
#10268 = ORIENTED_EDGE('',*,*,#9490,.T.);
#10269 = ORIENTED_EDGE('',*,*,#9744,.T.);
#10270 = ORIENTED_EDGE('',*,*,#9998,.T.);
#10271 = ORIENTED_EDGE('',*,*,#10125,.T.);
#10272 = ORIENTED_EDGE('',*,*,#10168,.T.);
#10273 = ( GEOMETRIC_REPRESENTATION_CONTEXT(3) 
GLOBAL_UNCERTAINTY_ASSIGNED_CONTEXT((#10277)) 
GLOBAL_UNIT_ASSIGNED_CONTEXT((#10274,#10275,#10276)) 
REPRESENTATION_CONTEXT('Context #1',
  '3D Context with UNIT and UNCERTAINTY') );
#10274 = ( LENGTH_UNIT() NAMED_UNIT(*) SI_UNIT(.MILLI.,.METRE.) );
#10275 = ( NAMED_UNIT(*) PLANE_ANGLE_UNIT() SI_UNIT($,.RADIAN.) );
#10276 = ( NAMED_UNIT(*) SI_UNIT($,.STERADIAN.) SOLID_ANGLE_UNIT() );
#10277 = UNCERTAINTY_MEASURE_WITH_UNIT(LENGTH_MEASURE(1.E-07),#10274,
  'distance_accuracy_value','confusion accuracy');
#10278 = PRODUCT_RELATED_PRODUCT_CATEGORY('part',$,(#7));
ENDSEC;
END-ISO-10303-21;
