ISO-10303-21;
HEADER;
FILE_DESCRIPTION(('Open CASCADE Model'),'2;1');
FILE_NAME('Open CASCADE Shape Model','2026-09-01T22:04:06',('Author'),(
    'Open CASCADE'),'Open CASCADE STEP processor 7.8','Open CASCADE 7.8'
  ,'Unknown');
FILE_SCHEMA(('AUTOMOTIVE_DESIGN { 1 0 10303 214 1 1 1 1 }'));
ENDSEC;
DATA;
#1 = APPLICATION_PROTOCOL_DEFINITION('international standard',
  'automotive_design',2000,#2);
#2 = APPLICATION_CONTEXT(
  'core data for automotive mechanical design processes');
#3 = SHAPE_DEFINITION_REPRESENTATION(#4,#10);
#4 = PRODUCT_DEFINITION_SHAPE('','',#5);
#5 = PRODUCT_DEFINITION('design','',#6,#9);
#6 = PRODUCT_DEFINITION_FORMATION('','',#7);
#7 = PRODUCT('Open CASCADE STEP translator 7.8 3',
  'Open CASCADE STEP translator 7.8 3','',(#8));
#8 = PRODUCT_CONTEXT('',#2,'mechanical');
#9 = PRODUCT_DEFINITION_CONTEXT('part definition',#2,'design');
#10 = ADVANCED_BREP_SHAPE_REPRESENTATION('',(#11,#15),#6705);
#11 = AXIS2_PLACEMENT_3D('',#12,#13,#14);
#12 = CARTESIAN_POINT('',(0.,0.,0.));
#13 = DIRECTION('',(0.,0.,1.));
#14 = DIRECTION('',(1.,0.,-0.));
#15 = MANIFOLD_SOLID_BREP('',#16);
#16 = CLOSED_SHELL('',(#17,#307,#444,#581,#718,#855,#992,#1129,#1266,
    #1403,#1540,#1677,#1814,#1951,#2088,#2225,#2362,#2499,#2636,#2773,
    #2910,#3047,#3184,#3321,#3458,#3595,#3732,#3869,#4006,#4143,#4280,
    #4417,#4554,#4691,#4828,#4965,#5102,#5239,#5376,#5513,#5650,#5787,
    #5924,#6061,#6198,#6335,#6472,#6560,#6603,#6654));
#17 = ADVANCED_FACE('',(#18),#31,.T.);
#18 = FACE_BOUND('',#19,.T.);
#19 = EDGE_LOOP('',(#20,#97,#190,#216));
#20 = ORIENTED_EDGE('',*,*,#21,.T.);
#21 = EDGE_CURVE('',#22,#24,#26,.T.);
#22 = VERTEX_POINT('',#23);
#23 = CARTESIAN_POINT('',(-168.5533997154,-1.016098941764E+03,-5.));
#24 = VERTEX_POINT('',#25);
#25 = CARTESIAN_POINT('',(-175.6062859214,-1.0132543347E+03,-5.));
#26 = SURFACE_CURVE('',#27,(#30,#86),.PCURVE_S1.);
#27 = B_SPLINE_CURVE_WITH_KNOTS('',1,(#28,#29),.UNSPECIFIED.,.F.,.F.,(2,
    2),(0.,1.),.PIECEWISE_BEZIER_KNOTS.);
#28 = CARTESIAN_POINT('',(-168.5533997154,-1.016098941764E+03,-5.));
#29 = CARTESIAN_POINT('',(-175.6062859214,-1.0132543347E+03,-5.));
#30 = PCURVE('',#31,#80);
#31 = ( BOUNDED_SURFACE() B_SPLINE_SURFACE(1,3,(
    (#32,#33,#34,#35,#36,#37,#38,#39,#40,#41,#42,#43,#44,#45,#46,#47,#48
      ,#49,#50,#51,#52,#53,#54,#55)
    ,(#56,#57,#58,#59,#60,#61,#62,#63,#64,#65,#66,#67,#68,#69,#70,#71
      ,#72,#73,#74,#75,#76,#77,#78,#79
)),.UNSPECIFIED.,.F.,.F.,.F.) B_SPLINE_SURFACE_WITH_KNOTS((2,2),(4,1,1,1
    ,1,1,1,1,1,1,1,1,1,1,1,1,1,1,1,1,1,4),(0.,1.),(0.,8.351345992186E-02
    ,0.136371070752,0.186631466795,0.236892072307,0.287245985354,
    0.337546964594,0.387892568228,0.438269195911,0.488657983617,
    0.539039913424,0.589390615006,0.639739510443,0.690135953221,
    0.740567502215,0.791001192157,0.824625304057,0.849810563706,
    0.930093869668,0.935215837381,0.950554965611,1.),.UNSPECIFIED.) 
GEOMETRIC_REPRESENTATION_ITEM() RATIONAL_B_SPLINE_SURFACE((
    (1.,1.000000000051,0.999999999985,1.000000000003,0.999999999999,1.
      ,1.,1.,1.,1.,1.,1.,1.,1.,1.,1.,1.000000000001,0.999999999998
      ,1.000000000008,0.999999999937,1.000000000021,0.999999999406
      ,1.000000004078,1.)
    ,(1.,1.000000000051,0.999999999985,1.000000000003,0.999999999999,1.
      ,1.,1.,1.,1.,1.,1.,1.,1.,1.,1.,1.000000000001,0.999999999998
      ,1.000000000008,0.999999999937,1.000000000021,0.999999999406
,1.000000004078,1.))) REPRESENTATION_ITEM('') SURFACE() );
#32 = CARTESIAN_POINT('',(-168.5533997154,-1.016098941764E+03,-5.));
#33 = CARTESIAN_POINT('',(-163.8607410248,-999.7766753251,8.008717576553
    ));
#34 = CARTESIAN_POINT('',(-165.8603806537,-1.018211863198E+03,
    14.999325035651));
#35 = CARTESIAN_POINT('',(-176.7839339182,-1.020608220316E+03,
    29.781777604759));
#36 = CARTESIAN_POINT('',(-183.9533603044,-1.024013716587E+03,
    42.001176541587));
#37 = CARTESIAN_POINT('',(-191.5071889835,-1.027248990032E+03,
    54.014146905159));
#38 = CARTESIAN_POINT('',(-201.0450976757,-1.029342121509E+03,
    65.989969999267));
#39 = CARTESIAN_POINT('',(-208.7138806634,-1.032613993508E+03,
    78.007482310661));
#40 = CARTESIAN_POINT('',(-216.8659699111,-1.035586557228E+03,
    90.003188093923));
#41 = CARTESIAN_POINT('',(-224.87929956,-1.038631832862E+03,
    102.00152178571));
#42 = CARTESIAN_POINT('',(-232.9584830898,-1.04168190917E+03,
    113.99940139363));
#43 = CARTESIAN_POINT('',(-241.0880247007,-1.044763391583E+03,
    125.99554831415));
#44 = CARTESIAN_POINT('',(-249.2107199134,-1.047838700366E+03,
    138.00035642969));
#45 = CARTESIAN_POINT('',(-257.2880526313,-1.050946903867E+03,
    150.00331724818));
#46 = CARTESIAN_POINT('',(-265.594274672,-1.05391023524E+03,
    162.01546347963));
#47 = CARTESIAN_POINT('',(-273.8493408649,-1.056854869157E+03,
    173.95824023226));
#48 = CARTESIAN_POINT('',(-281.4705375041,-1.05945762481E+03,
    184.80040122606));
#49 = CARTESIAN_POINT('',(-286.9416528901,-1.061618356793E+03,
    193.04573531588));
#50 = CARTESIAN_POINT('',(-296.8560710108,-1.064174850302E+03,
    205.83993582621));
#51 = CARTESIAN_POINT('',(-285.546558027,-1.06462716481E+03,
    201.81943362341));
#52 = CARTESIAN_POINT('',(-297.6520815183,-1.065682456229E+03,
    206.71778633278));
#53 = CARTESIAN_POINT('',(-308.904395547,-1.066521429291E+03,
    210.78852743977));
#54 = CARTESIAN_POINT('',(-308.2995025421,-1.067673030547E+03,
    181.81436335833));
#55 = CARTESIAN_POINT('',(-323.4504071748,-1.067949310868E+03,207.7));
#56 = CARTESIAN_POINT('',(-175.6062859214,-1.0132543347E+03,-5.));
#57 = CARTESIAN_POINT('',(-172.8677828664,-999.6893902854,8.008717576553
    ));
#58 = CARTESIAN_POINT('',(-172.4140582523,-1.014383630877E+03,
    14.999325035651));
#59 = CARTESIAN_POINT('',(-183.8142950416,-1.018318495733E+03,
    29.781777604759));
#60 = CARTESIAN_POINT('',(-190.8343550436,-1.021765477934E+03,
    42.001176541587));
#61 = CARTESIAN_POINT('',(-198.1417991362,-1.024904046602E+03,
    54.014146905159));
#62 = CARTESIAN_POINT('',(-207.6970080689,-1.027555806948E+03,
    65.989969999267));
#63 = CARTESIAN_POINT('',(-215.1221040469,-1.030709931136E+03,
    78.007482310661));
#64 = CARTESIAN_POINT('',(-223.0977493497,-1.033727372012E+03,
    90.003188093923));
#65 = CARTESIAN_POINT('',(-230.9187237007,-1.036777147914E+03,
    102.00152178571));
#66 = CARTESIAN_POINT('',(-238.8045857981,-1.039830177247E+03,
    113.99940139363));
#67 = CARTESIAN_POINT('',(-246.7331669183,-1.0429203119E+03,
    125.99554831415));
#68 = CARTESIAN_POINT('',(-254.6586033255,-1.046012375278E+03,
    138.00035642969));
#69 = CARTESIAN_POINT('',(-262.5287704885,-1.049117934006E+03,
    150.00331724818));
#70 = CARTESIAN_POINT('',(-270.668451346,-1.052169346699E+03,
    162.01546347963));
#71 = CARTESIAN_POINT('',(-278.747336333,-1.055188152566E+03,
    173.95824023226));
#72 = CARTESIAN_POINT('',(-286.2678994391,-1.057947109664E+03,
    184.80040122606));
#73 = CARTESIAN_POINT('',(-291.5136631985,-1.060002107121E+03,
    193.04573531588));
#74 = CARTESIAN_POINT('',(-301.7315644279,-1.063378180272E+03,
    205.83993582621));
#75 = CARTESIAN_POINT('',(-289.1396395335,-1.063572575321E+03,
    201.81943362341));
#76 = CARTESIAN_POINT('',(-300.1917835863,-1.064936211262E+03,
    206.71778633278));
#77 = CARTESIAN_POINT('',(-310.7376491436,-1.06608120751E+03,
    210.78852743977));
#78 = CARTESIAN_POINT('',(-307.9566255865,-1.067091504102E+03,
    181.81436335833));
#79 = CARTESIAN_POINT('',(-323.7311619513,-1.067867021917E+03,207.7));
#80 = DEFINITIONAL_REPRESENTATION('',(#81),#85);
#81 = LINE('',#82,#83);
#82 = CARTESIAN_POINT('',(0.,0.));
#83 = VECTOR('',#84,1.);
#84 = DIRECTION('',(1.,0.));
#85 = ( GEOMETRIC_REPRESENTATION_CONTEXT(2) 
PARAMETRIC_REPRESENTATION_CONTEXT() REPRESENTATION_CONTEXT('2D SPACE',''
  ) );
#86 = PCURVE('',#87,#92);
#87 = PLANE('',#88);
#88 = AXIS2_PLACEMENT_3D('',#89,#90,#91);
#89 = CARTESIAN_POINT('',(-168.5533997154,-1.016098941764E+03,-5.));
#90 = DIRECTION('',(0.,0.,1.));
#91 = DIRECTION('',(-0.999813317819,-1.932173675908E-02,0.));
#92 = DEFINITIONAL_REPRESENTATION('',(#93),#96);
#93 = B_SPLINE_CURVE_WITH_KNOTS('',1,(#94,#95),.UNSPECIFIED.,.F.,.F.,(2,
    2),(0.,1.),.PIECEWISE_BEZIER_KNOTS.);
#94 = CARTESIAN_POINT('',(0.,0.));
#95 = CARTESIAN_POINT('',(6.996606809037,-2.980350036482));
#96 = ( GEOMETRIC_REPRESENTATION_CONTEXT(2) 
PARAMETRIC_REPRESENTATION_CONTEXT() REPRESENTATION_CONTEXT('2D SPACE',''
  ) );
#97 = ORIENTED_EDGE('',*,*,#98,.T.);
#98 = EDGE_CURVE('',#24,#99,#101,.T.);
#99 = VERTEX_POINT('',#100);
#100 = CARTESIAN_POINT('',(-323.7311619513,-1.067867021917E+03,207.7));
#101 = SURFACE_CURVE('',#102,(#127,#134),.PCURVE_S1.);
#102 = ( BOUNDED_CURVE() B_SPLINE_CURVE(3,(#103,#104,#105,#106,#107,#108
    ,#109,#110,#111,#112,#113,#114,#115,#116,#117,#118,#119,#120,#121,
    #122,#123,#124,#125,#126),.UNSPECIFIED.,.F.,.F.) 
B_SPLINE_CURVE_WITH_KNOTS((4,1,1,1,1,1,1,1,1,1,1,1,1,1,1,1,1,1,1,1,1,4),
  (0.,8.351345992186E-02,0.136371070752,0.186631466795,0.236892072307,
    0.287245985354,0.337546964594,0.387892568228,0.438269195911,
    0.488657983617,0.539039913424,0.589390615006,0.639739510443,
    0.690135953221,0.740567502215,0.791001192157,0.824625304057,
    0.849810563706,0.930093869668,0.935215837381,0.950554965611,1.),
.UNSPECIFIED.) CURVE() GEOMETRIC_REPRESENTATION_ITEM() 
RATIONAL_B_SPLINE_CURVE((1.,1.000000000051,0.999999999985,1.000000000003
    ,0.999999999999,1.,1.,1.,1.,1.,1.,1.,1.,1.,1.,1.,1.000000000001,
    0.999999999998,1.000000000008,0.999999999937,1.000000000021,
0.999999999406,1.000000004078,1.)) REPRESENTATION_ITEM('') );
#103 = CARTESIAN_POINT('',(-175.6062859214,-1.0132543347E+03,-5.));
#104 = CARTESIAN_POINT('',(-172.8677828664,-999.6893902854,
    8.008717576553));
#105 = CARTESIAN_POINT('',(-172.4140582523,-1.014383630877E+03,
    14.999325035651));
#106 = CARTESIAN_POINT('',(-183.8142950416,-1.018318495733E+03,
    29.781777604759));
#107 = CARTESIAN_POINT('',(-190.8343550436,-1.021765477934E+03,
    42.001176541587));
#108 = CARTESIAN_POINT('',(-198.1417991362,-1.024904046602E+03,
    54.014146905159));
#109 = CARTESIAN_POINT('',(-207.6970080689,-1.027555806948E+03,
    65.989969999267));
#110 = CARTESIAN_POINT('',(-215.1221040469,-1.030709931136E+03,
    78.007482310661));
#111 = CARTESIAN_POINT('',(-223.0977493497,-1.033727372012E+03,
    90.003188093923));
#112 = CARTESIAN_POINT('',(-230.9187237007,-1.036777147914E+03,
    102.00152178571));
#113 = CARTESIAN_POINT('',(-238.8045857981,-1.039830177247E+03,
    113.99940139363));
#114 = CARTESIAN_POINT('',(-246.7331669183,-1.0429203119E+03,
    125.99554831415));
#115 = CARTESIAN_POINT('',(-254.6586033255,-1.046012375278E+03,
    138.00035642969));
#116 = CARTESIAN_POINT('',(-262.5287704885,-1.049117934006E+03,
    150.00331724818));
#117 = CARTESIAN_POINT('',(-270.668451346,-1.052169346699E+03,
    162.01546347963));
#118 = CARTESIAN_POINT('',(-278.747336333,-1.055188152566E+03,
    173.95824023226));
#119 = CARTESIAN_POINT('',(-286.2678994391,-1.057947109664E+03,
    184.80040122606));
#120 = CARTESIAN_POINT('',(-291.5136631985,-1.060002107121E+03,
    193.04573531588));
#121 = CARTESIAN_POINT('',(-301.7315644279,-1.063378180272E+03,
    205.83993582621));
#122 = CARTESIAN_POINT('',(-289.1396395335,-1.063572575321E+03,
    201.81943362341));
#123 = CARTESIAN_POINT('',(-300.1917835863,-1.064936211262E+03,
    206.71778633278));
#124 = CARTESIAN_POINT('',(-310.7376491436,-1.06608120751E+03,
    210.78852743977));
#125 = CARTESIAN_POINT('',(-307.9566255865,-1.067091504102E+03,
    181.81436335833));
#126 = CARTESIAN_POINT('',(-323.7311619513,-1.067867021917E+03,207.7));
#127 = PCURVE('',#31,#128);
#128 = DEFINITIONAL_REPRESENTATION('',(#129),#133);
#129 = LINE('',#130,#131);
#130 = CARTESIAN_POINT('',(1.,0.));
#131 = VECTOR('',#132,1.);
#132 = DIRECTION('',(0.,1.));
#133 = ( GEOMETRIC_REPRESENTATION_CONTEXT(2) 
PARAMETRIC_REPRESENTATION_CONTEXT() REPRESENTATION_CONTEXT('2D SPACE',''
  ) );
#134 = PCURVE('',#135,#184);
#135 = ( BOUNDED_SURFACE() B_SPLINE_SURFACE(1,3,(
    (#136,#137,#138,#139,#140,#141,#142,#143,#144,#145,#146,#147,#148
      ,#149,#150,#151,#152,#153,#154,#155,#156,#157,#158,#159)
    ,(#160,#161,#162,#163,#164,#165,#166,#167,#168,#169,#170,#171,#172
      ,#173,#174,#175,#176,#177,#178,#179,#180,#181,#182,#183
)),.UNSPECIFIED.,.F.,.F.,.F.) B_SPLINE_SURFACE_WITH_KNOTS((2,2),(4,1,1,1
    ,1,1,1,1,1,1,1,1,1,1,1,1,1,1,1,1,1,4),(1.,2.),(0.,8.351345992186E-02
    ,0.136371070752,0.186631466795,0.236892072307,0.287245985354,
    0.337546964594,0.387892568228,0.438269195911,0.488657983617,
    0.539039913424,0.589390615006,0.639739510443,0.690135953221,
    0.740567502215,0.791001192157,0.824625304057,0.849810563706,
    0.930093869668,0.935215837381,0.950554965611,1.),.UNSPECIFIED.) 
GEOMETRIC_REPRESENTATION_ITEM() RATIONAL_B_SPLINE_SURFACE((
    (1.,1.000000000051,0.999999999985,1.000000000003,0.999999999999,1.
      ,1.,1.,1.,1.,1.,1.,1.,1.,1.,1.,1.000000000001,0.999999999998
      ,1.000000000008,0.999999999937,1.000000000021,0.999999999406
      ,1.000000004078,1.)
    ,(1.,1.000000000051,0.999999999985,1.000000000003,0.999999999999,1.
      ,1.,1.,1.,1.,1.,1.,1.,1.,1.,1.,1.000000000001,0.999999999998
      ,1.000000000008,0.999999999937,1.000000000021,0.999999999406
,1.000000004078,1.))) REPRESENTATION_ITEM('') SURFACE() );
#136 = CARTESIAN_POINT('',(-175.6062859214,-1.0132543347E+03,-5.));
#137 = CARTESIAN_POINT('',(-172.8677828664,-999.6893902854,
    8.008717576553));
#138 = CARTESIAN_POINT('',(-172.4140582523,-1.014383630877E+03,
    14.999325035651));
#139 = CARTESIAN_POINT('',(-183.8142950416,-1.018318495733E+03,
    29.781777604759));
#140 = CARTESIAN_POINT('',(-190.8343550436,-1.021765477934E+03,
    42.001176541587));
#141 = CARTESIAN_POINT('',(-198.1417991362,-1.024904046602E+03,
    54.014146905159));
#142 = CARTESIAN_POINT('',(-207.6970080689,-1.027555806948E+03,
    65.989969999267));
#143 = CARTESIAN_POINT('',(-215.1221040469,-1.030709931136E+03,
    78.007482310661));
#144 = CARTESIAN_POINT('',(-223.0977493497,-1.033727372012E+03,
    90.003188093923));
#145 = CARTESIAN_POINT('',(-230.9187237007,-1.036777147914E+03,
    102.00152178571));
#146 = CARTESIAN_POINT('',(-238.8045857981,-1.039830177247E+03,
    113.99940139363));
#147 = CARTESIAN_POINT('',(-246.7331669183,-1.0429203119E+03,
    125.99554831415));
#148 = CARTESIAN_POINT('',(-254.6586033255,-1.046012375278E+03,
    138.00035642969));
#149 = CARTESIAN_POINT('',(-262.5287704885,-1.049117934006E+03,
    150.00331724818));
#150 = CARTESIAN_POINT('',(-270.668451346,-1.052169346699E+03,
    162.01546347963));
#151 = CARTESIAN_POINT('',(-278.747336333,-1.055188152566E+03,
    173.95824023226));
#152 = CARTESIAN_POINT('',(-286.2678994391,-1.057947109664E+03,
    184.80040122606));
#153 = CARTESIAN_POINT('',(-291.5136631985,-1.060002107121E+03,
    193.04573531588));
#154 = CARTESIAN_POINT('',(-301.7315644279,-1.063378180272E+03,
    205.83993582621));
#155 = CARTESIAN_POINT('',(-289.1396395335,-1.063572575321E+03,
    201.81943362341));
#156 = CARTESIAN_POINT('',(-300.1917835863,-1.064936211262E+03,
    206.71778633278));
#157 = CARTESIAN_POINT('',(-310.7376491436,-1.06608120751E+03,
    210.78852743977));
#158 = CARTESIAN_POINT('',(-307.9566255865,-1.067091504102E+03,
    181.81436335833));
#159 = CARTESIAN_POINT('',(-323.7311619513,-1.067867021917E+03,207.7));
#160 = CARTESIAN_POINT('',(-182.9886488001,-1.011528762651E+03,-5.));
#161 = CARTESIAN_POINT('',(-180.2103171791,-995.8387133377,
    8.008717576553));
#162 = CARTESIAN_POINT('',(-179.8361470776,-1.012928950755E+03,
    14.999325035651));
#163 = CARTESIAN_POINT('',(-191.1350314747,-1.017188847925E+03,
    29.781777604759));
#164 = CARTESIAN_POINT('',(-197.969946249,-1.020497207526E+03,
    42.001176541587));
#165 = CARTESIAN_POINT('',(-205.0975187703,-1.023641439616E+03,
    54.014146905159));
#166 = CARTESIAN_POINT('',(-214.5152502203,-1.026592131101E+03,
    65.989969999267));
#167 = CARTESIAN_POINT('',(-221.7444541799,-1.029716747772E+03,
    78.007482310661));
#168 = CARTESIAN_POINT('',(-229.5437936231,-1.032794698716E+03,
    90.003188093923));
#169 = CARTESIAN_POINT('',(-237.183627306,-1.035877692573E+03,
    102.00152178571));
#170 = CARTESIAN_POINT('',(-244.8908604422,-1.038983576874E+03,
    113.99940139363));
#171 = CARTESIAN_POINT('',(-252.6418961558,-1.042118467148E+03,
    125.99554831415));
#172 = CARTESIAN_POINT('',(-260.3845582977,-1.045246743886E+03,
    138.00035642969));
#173 = CARTESIAN_POINT('',(-268.0707131302,-1.048382093726E+03,
    150.00331724818));
#174 = CARTESIAN_POINT('',(-276.0327892368,-1.051495782086E+03,
    162.01546347963));
#175 = CARTESIAN_POINT('',(-283.9339124678,-1.054601700616E+03,
    173.95824023226));
#176 = CARTESIAN_POINT('',(-291.3052108357,-1.057376357352E+03,
    184.80040122606));
#177 = CARTESIAN_POINT('',(-296.4089171079,-1.059623159492E+03,
    193.04573531588));
#178 = CARTESIAN_POINT('',(-306.5331137514,-1.062514657455E+03,
    205.83993582621));
#179 = CARTESIAN_POINT('',(-292.9184877861,-1.063196310922E+03,
    201.81943362341));
#180 = CARTESIAN_POINT('',(-302.8630777156,-1.064670723259E+03,
    206.71778633278));
#181 = CARTESIAN_POINT('',(-312.6166189827,-1.06583472537E+03,
    210.78852743977));
#182 = CARTESIAN_POINT('',(-307.937750213,-1.067507417146E+03,
    181.81436335833));
#183 = CARTESIAN_POINT('',(-324.0263629917,-1.067837558493E+03,207.7));
#184 = DEFINITIONAL_REPRESENTATION('',(#185),#189);
#185 = LINE('',#186,#187);
#186 = CARTESIAN_POINT('',(1.,0.));
#187 = VECTOR('',#188,1.);
#188 = DIRECTION('',(0.,1.));
#189 = ( GEOMETRIC_REPRESENTATION_CONTEXT(2) 
PARAMETRIC_REPRESENTATION_CONTEXT() REPRESENTATION_CONTEXT('2D SPACE',''
  ) );
#190 = ORIENTED_EDGE('',*,*,#191,.F.);
#191 = EDGE_CURVE('',#192,#99,#194,.T.);
#192 = VERTEX_POINT('',#193);
#193 = CARTESIAN_POINT('',(-323.4504071748,-1.067949310868E+03,207.7));
#194 = SURFACE_CURVE('',#195,(#198,#205),.PCURVE_S1.);
#195 = B_SPLINE_CURVE_WITH_KNOTS('',1,(#196,#197),.UNSPECIFIED.,.F.,.F.,
  (2,2),(0.,1.),.PIECEWISE_BEZIER_KNOTS.);
#196 = CARTESIAN_POINT('',(-323.4504071748,-1.067949310868E+03,207.7));
#197 = CARTESIAN_POINT('',(-323.7311619513,-1.067867021917E+03,207.7));
#198 = PCURVE('',#31,#199);
#199 = DEFINITIONAL_REPRESENTATION('',(#200),#204);
#200 = LINE('',#201,#202);
#201 = CARTESIAN_POINT('',(0.,1.));
#202 = VECTOR('',#203,1.);
#203 = DIRECTION('',(1.,0.));
#204 = ( GEOMETRIC_REPRESENTATION_CONTEXT(2) 
PARAMETRIC_REPRESENTATION_CONTEXT() REPRESENTATION_CONTEXT('2D SPACE',''
  ) );
#205 = PCURVE('',#206,#211);
#206 = PLANE('',#207);
#207 = AXIS2_PLACEMENT_3D('',#208,#209,#210);
#208 = CARTESIAN_POINT('',(-323.4504071748,-1.067949310868E+03,207.7));
#209 = DIRECTION('',(0.,0.,1.));
#210 = DIRECTION('',(-0.998749208373,-5.000018773966E-02,0.));
#211 = DEFINITIONAL_REPRESENTATION('',(#212),#215);
#212 = B_SPLINE_CURVE_WITH_KNOTS('',1,(#213,#214),.UNSPECIFIED.,.F.,.F.,
  (2,2),(0.,1.),.PIECEWISE_BEZIER_KNOTS.);
#213 = CARTESIAN_POINT('',(0.,0.));
#214 = CARTESIAN_POINT('',(0.276289147757,-9.622381544409E-02));
#215 = ( GEOMETRIC_REPRESENTATION_CONTEXT(2) 
PARAMETRIC_REPRESENTATION_CONTEXT() REPRESENTATION_CONTEXT('2D SPACE',''
  ) );
#216 = ORIENTED_EDGE('',*,*,#217,.F.);
#217 = EDGE_CURVE('',#22,#192,#218,.T.);
#218 = SURFACE_CURVE('',#219,(#244,#251),.PCURVE_S1.);
#219 = ( BOUNDED_CURVE() B_SPLINE_CURVE(3,(#220,#221,#222,#223,#224,#225
    ,#226,#227,#228,#229,#230,#231,#232,#233,#234,#235,#236,#237,#238,
    #239,#240,#241,#242,#243),.UNSPECIFIED.,.F.,.F.) 
B_SPLINE_CURVE_WITH_KNOTS((4,1,1,1,1,1,1,1,1,1,1,1,1,1,1,1,1,1,1,1,1,4),
  (0.,8.351345992186E-02,0.136371070752,0.186631466795,0.236892072307,
    0.287245985354,0.337546964594,0.387892568228,0.438269195911,
    0.488657983617,0.539039913424,0.589390615006,0.639739510443,
    0.690135953221,0.740567502215,0.791001192157,0.824625304057,
    0.849810563706,0.930093869668,0.935215837381,0.950554965611,1.),
.UNSPECIFIED.) CURVE() GEOMETRIC_REPRESENTATION_ITEM() 
RATIONAL_B_SPLINE_CURVE((1.,1.000000000051,0.999999999985,1.000000000003
    ,0.999999999999,1.,1.,1.,1.,1.,1.,1.,1.,1.,1.,1.,1.000000000001,
    0.999999999998,1.000000000008,0.999999999937,1.000000000021,
0.999999999406,1.000000004078,1.)) REPRESENTATION_ITEM('') );
#220 = CARTESIAN_POINT('',(-168.5533997154,-1.016098941764E+03,-5.));
#221 = CARTESIAN_POINT('',(-163.8607410248,-999.7766753251,
    8.008717576553));
#222 = CARTESIAN_POINT('',(-165.8603806537,-1.018211863198E+03,
    14.999325035651));
#223 = CARTESIAN_POINT('',(-176.7839339182,-1.020608220316E+03,
    29.781777604759));
#224 = CARTESIAN_POINT('',(-183.9533603044,-1.024013716587E+03,
    42.001176541587));
#225 = CARTESIAN_POINT('',(-191.5071889835,-1.027248990032E+03,
    54.014146905159));
#226 = CARTESIAN_POINT('',(-201.0450976757,-1.029342121509E+03,
    65.989969999267));
#227 = CARTESIAN_POINT('',(-208.7138806634,-1.032613993508E+03,
    78.007482310661));
#228 = CARTESIAN_POINT('',(-216.8659699111,-1.035586557228E+03,
    90.003188093923));
#229 = CARTESIAN_POINT('',(-224.87929956,-1.038631832862E+03,
    102.00152178571));
#230 = CARTESIAN_POINT('',(-232.9584830898,-1.04168190917E+03,
    113.99940139363));
#231 = CARTESIAN_POINT('',(-241.0880247007,-1.044763391583E+03,
    125.99554831415));
#232 = CARTESIAN_POINT('',(-249.2107199134,-1.047838700366E+03,
    138.00035642969));
#233 = CARTESIAN_POINT('',(-257.2880526313,-1.050946903867E+03,
    150.00331724818));
#234 = CARTESIAN_POINT('',(-265.594274672,-1.05391023524E+03,
    162.01546347963));
#235 = CARTESIAN_POINT('',(-273.8493408649,-1.056854869157E+03,
    173.95824023226));
#236 = CARTESIAN_POINT('',(-281.4705375041,-1.05945762481E+03,
    184.80040122606));
#237 = CARTESIAN_POINT('',(-286.9416528901,-1.061618356793E+03,
    193.04573531588));
#238 = CARTESIAN_POINT('',(-296.8560710108,-1.064174850302E+03,
    205.83993582621));
#239 = CARTESIAN_POINT('',(-285.546558027,-1.06462716481E+03,
    201.81943362341));
#240 = CARTESIAN_POINT('',(-297.6520815183,-1.065682456229E+03,
    206.71778633278));
#241 = CARTESIAN_POINT('',(-308.904395547,-1.066521429291E+03,
    210.78852743977));
#242 = CARTESIAN_POINT('',(-308.2995025421,-1.067673030547E+03,
    181.81436335833));
#243 = CARTESIAN_POINT('',(-323.4504071748,-1.067949310868E+03,207.7));
#244 = PCURVE('',#31,#245);
#245 = DEFINITIONAL_REPRESENTATION('',(#246),#250);
#246 = LINE('',#247,#248);
#247 = CARTESIAN_POINT('',(0.,0.));
#248 = VECTOR('',#249,1.);
#249 = DIRECTION('',(0.,1.));
#250 = ( GEOMETRIC_REPRESENTATION_CONTEXT(2) 
PARAMETRIC_REPRESENTATION_CONTEXT() REPRESENTATION_CONTEXT('2D SPACE',''
  ) );
#251 = PCURVE('',#252,#301);
#252 = ( BOUNDED_SURFACE() B_SPLINE_SURFACE(1,3,(
    (#253,#254,#255,#256,#257,#258,#259,#260,#261,#262,#263,#264,#265
      ,#266,#267,#268,#269,#270,#271,#272,#273,#274,#275,#276)
    ,(#277,#278,#279,#280,#281,#282,#283,#284,#285,#286,#287,#288,#289
      ,#290,#291,#292,#293,#294,#295,#296,#297,#298,#299,#300
)),.UNSPECIFIED.,.F.,.F.,.F.) B_SPLINE_SURFACE_WITH_KNOTS((2,2),(4,1,1,1
    ,1,1,1,1,1,1,1,1,1,1,1,1,1,1,1,1,1,4),(47.,48.),(0.,
    8.351345992186E-02,0.136371070752,0.186631466795,0.236892072307,
    0.287245985354,0.337546964594,0.387892568228,0.438269195911,
    0.488657983617,0.539039913424,0.589390615006,0.639739510443,
    0.690135953221,0.740567502215,0.791001192157,0.824625304057,
    0.849810563706,0.930093869668,0.935215837381,0.950554965611,1.),
.UNSPECIFIED.) GEOMETRIC_REPRESENTATION_ITEM() RATIONAL_B_SPLINE_SURFACE
((
    (1.,1.000000000051,0.999999999985,1.000000000003,0.999999999999,1.
      ,1.,1.,1.,1.,1.,1.,1.,1.,1.,1.,1.000000000001,0.999999999998
      ,1.000000000008,0.999999999937,1.000000000021,0.999999999406
      ,1.000000004078,1.)
    ,(1.,1.000000000051,0.999999999985,1.000000000003,0.999999999999,1.
      ,1.,1.,1.,1.,1.,1.,1.,1.,1.,1.,1.000000000001,0.999999999998
      ,1.000000000008,0.999999999937,1.000000000021,0.999999999406
,1.000000004078,1.))) REPRESENTATION_ITEM('') SURFACE() );
#253 = CARTESIAN_POINT('',(-163.4883556247,-1.021513142355E+03,-5.));
#254 = CARTESIAN_POINT('',(-149.3053527657,-1.000886550223E+03,
    8.008717576553));
#255 = CARTESIAN_POINT('',(-163.3366220416,-1.024946729979E+03,
    14.999325035651));
#256 = CARTESIAN_POINT('',(-171.5827206504,-1.025607553855E+03,
    29.781777604759));
#257 = CARTESIAN_POINT('',(-179.5808969504,-1.029364358914E+03,
    42.001176541587));
#258 = CARTESIAN_POINT('',(-187.8537875477,-1.032816289785E+03,
    54.014146905159));
#259 = CARTESIAN_POINT('',(-196.0439134338,-1.033879336027E+03,
    65.989969999267));
#260 = CARTESIAN_POINT('',(-204.4148324247,-1.037404263861E+03,
    78.007482310661));
#261 = CARTESIAN_POINT('',(-212.7296143438,-1.0402928204E+03,
    90.003188093923));
#262 = CARTESIAN_POINT('',(-221.061462652,-1.04335652695E+03,
    102.00152178571));
#263 = CARTESIAN_POINT('',(-229.3730487237,-1.046353438873E+03,
    113.99940139363));
#264 = CARTESIAN_POINT('',(-237.6331945029,-1.049309583775E+03,
    125.99554831415));
#265 = CARTESIAN_POINT('',(-245.9191833228,-1.052263953078E+03,
    138.00035642969));
#266 = CARTESIAN_POINT('',(-254.1746482597,-1.055273853195E+03,
    150.00331724818));
#267 = CARTESIAN_POINT('',(-262.533673583,-1.058065787766E+03,
    162.01546347963));
#268 = CARTESIAN_POINT('',(-270.8137334973,-1.060813268989E+03,
    173.95824023226));
#269 = CARTESIAN_POINT('',(-278.4801274368,-1.063277570065E+03,
    184.80040122606));
#270 = CARTESIAN_POINT('',(-283.9321259025,-1.065248427915E+03,
    193.04573531588));
#271 = CARTESIAN_POINT('',(-294.0493951768,-1.067875113947E+03,
    205.83993582621));
#272 = CARTESIAN_POINT('',(-284.1805898021,-1.06806967595E+03,
    201.81943362341));
#273 = CARTESIAN_POINT('',(-296.6822619441,-1.068113170932E+03,
    206.71778633278));
#274 = CARTESIAN_POINT('',(-308.1092575961,-1.068161734405E+03,
    210.78852743977));
#275 = CARTESIAN_POINT('',(-309.1010545572,-1.068144876056E+03,
    181.81436335833));
#276 = CARTESIAN_POINT('',(-323.3430860232,-1.068217839016E+03,207.7));
#277 = CARTESIAN_POINT('',(-168.5533997154,-1.016098941764E+03,-5.));
#278 = CARTESIAN_POINT('',(-163.8607410248,-999.7766753251,
    8.008717576553));
#279 = CARTESIAN_POINT('',(-165.8603806537,-1.018211863198E+03,
    14.999325035651));
#280 = CARTESIAN_POINT('',(-176.7839339182,-1.020608220316E+03,
    29.781777604759));
#281 = CARTESIAN_POINT('',(-183.9533603044,-1.024013716587E+03,
    42.001176541587));
#282 = CARTESIAN_POINT('',(-191.5071889835,-1.027248990032E+03,
    54.014146905159));
#283 = CARTESIAN_POINT('',(-201.0450976757,-1.029342121509E+03,
    65.989969999267));
#284 = CARTESIAN_POINT('',(-208.7138806634,-1.032613993508E+03,
    78.007482310661));
#285 = CARTESIAN_POINT('',(-216.8659699111,-1.035586557228E+03,
    90.003188093923));
#286 = CARTESIAN_POINT('',(-224.87929956,-1.038631832862E+03,
    102.00152178571));
#287 = CARTESIAN_POINT('',(-232.9584830898,-1.04168190917E+03,
    113.99940139363));
#288 = CARTESIAN_POINT('',(-241.0880247007,-1.044763391583E+03,
    125.99554831415));
#289 = CARTESIAN_POINT('',(-249.2107199134,-1.047838700366E+03,
    138.00035642969));
#290 = CARTESIAN_POINT('',(-257.2880526313,-1.050946903867E+03,
    150.00331724818));
#291 = CARTESIAN_POINT('',(-265.594274672,-1.05391023524E+03,
    162.01546347963));
#292 = CARTESIAN_POINT('',(-273.8493408649,-1.056854869157E+03,
    173.95824023226));
#293 = CARTESIAN_POINT('',(-281.4705375041,-1.05945762481E+03,
    184.80040122606));
#294 = CARTESIAN_POINT('',(-286.9416528901,-1.061618356793E+03,
    193.04573531588));
#295 = CARTESIAN_POINT('',(-296.8560710108,-1.064174850302E+03,
    205.83993582621));
#296 = CARTESIAN_POINT('',(-285.546558027,-1.06462716481E+03,
    201.81943362341));
#297 = CARTESIAN_POINT('',(-297.6520815183,-1.065682456229E+03,
    206.71778633278));
#298 = CARTESIAN_POINT('',(-308.904395547,-1.066521429291E+03,
    210.78852743977));
#299 = CARTESIAN_POINT('',(-308.2995025421,-1.067673030547E+03,
    181.81436335833));
#300 = CARTESIAN_POINT('',(-323.4504071748,-1.067949310868E+03,207.7));
#301 = DEFINITIONAL_REPRESENTATION('',(#302),#306);
#302 = LINE('',#303,#304);
#303 = CARTESIAN_POINT('',(48.,0.));
#304 = VECTOR('',#305,1.);
#305 = DIRECTION('',(0.,1.));
#306 = ( GEOMETRIC_REPRESENTATION_CONTEXT(2) 
PARAMETRIC_REPRESENTATION_CONTEXT() REPRESENTATION_CONTEXT('2D SPACE',''
  ) );
#307 = ADVANCED_FACE('',(#308),#135,.T.);
#308 = FACE_BOUND('',#309,.T.);
#309 = EDGE_LOOP('',(#310,#331,#424,#443));
#310 = ORIENTED_EDGE('',*,*,#311,.T.);
#311 = EDGE_CURVE('',#24,#312,#314,.T.);
#312 = VERTEX_POINT('',#313);
#313 = CARTESIAN_POINT('',(-182.9886488001,-1.011528762651E+03,-5.));
#314 = SURFACE_CURVE('',#315,(#318,#325),.PCURVE_S1.);
#315 = B_SPLINE_CURVE_WITH_KNOTS('',1,(#316,#317),.UNSPECIFIED.,.F.,.F.,
  (2,2),(1.,2.),.PIECEWISE_BEZIER_KNOTS.);
#316 = CARTESIAN_POINT('',(-175.6062859214,-1.0132543347E+03,-5.));
#317 = CARTESIAN_POINT('',(-182.9886488001,-1.011528762651E+03,-5.));
#318 = PCURVE('',#135,#319);
#319 = DEFINITIONAL_REPRESENTATION('',(#320),#324);
#320 = LINE('',#321,#322);
#321 = CARTESIAN_POINT('',(0.,0.));
#322 = VECTOR('',#323,1.);
#323 = DIRECTION('',(1.,0.));
#324 = ( GEOMETRIC_REPRESENTATION_CONTEXT(2) 
PARAMETRIC_REPRESENTATION_CONTEXT() REPRESENTATION_CONTEXT('2D SPACE',''
  ) );
#325 = PCURVE('',#87,#326);
#326 = DEFINITIONAL_REPRESENTATION('',(#327),#330);
#327 = B_SPLINE_CURVE_WITH_KNOTS('',1,(#328,#329),.UNSPECIFIED.,.F.,.F.,
  (2,2),(1.,2.),.PIECEWISE_BEZIER_KNOTS.);
#328 = CARTESIAN_POINT('',(6.996606809037,-2.980350036482));
#329 = CARTESIAN_POINT('',(14.344250483264,-4.848240024107));
#330 = ( GEOMETRIC_REPRESENTATION_CONTEXT(2) 
PARAMETRIC_REPRESENTATION_CONTEXT() REPRESENTATION_CONTEXT('2D SPACE',''
  ) );
#331 = ORIENTED_EDGE('',*,*,#332,.T.);
#332 = EDGE_CURVE('',#312,#333,#335,.T.);
#333 = VERTEX_POINT('',#334);
#334 = CARTESIAN_POINT('',(-324.0263629917,-1.067837558493E+03,207.7));
#335 = SURFACE_CURVE('',#336,(#361,#368),.PCURVE_S1.);
#336 = ( BOUNDED_CURVE() B_SPLINE_CURVE(3,(#337,#338,#339,#340,#341,#342
    ,#343,#344,#345,#346,#347,#348,#349,#350,#351,#352,#353,#354,#355,
    #356,#357,#358,#359,#360),.UNSPECIFIED.,.F.,.F.) 
B_SPLINE_CURVE_WITH_KNOTS((4,1,1,1,1,1,1,1,1,1,1,1,1,1,1,1,1,1,1,1,1,4),
  (0.,8.351345992186E-02,0.136371070752,0.186631466795,0.236892072307,
    0.287245985354,0.337546964594,0.387892568228,0.438269195911,
    0.488657983617,0.539039913424,0.589390615006,0.639739510443,
    0.690135953221,0.740567502215,0.791001192157,0.824625304057,
    0.849810563706,0.930093869668,0.935215837381,0.950554965611,1.),
.UNSPECIFIED.) CURVE() GEOMETRIC_REPRESENTATION_ITEM() 
RATIONAL_B_SPLINE_CURVE((1.,1.000000000051,0.999999999985,1.000000000003
    ,0.999999999999,1.,1.,1.,1.,1.,1.,1.,1.,1.,1.,1.,1.000000000001,
    0.999999999998,1.000000000008,0.999999999937,1.000000000021,
0.999999999406,1.000000004078,1.)) REPRESENTATION_ITEM('') );
#337 = CARTESIAN_POINT('',(-182.9886488001,-1.011528762651E+03,-5.));
#338 = CARTESIAN_POINT('',(-180.2103171791,-995.8387133377,
    8.008717576553));
#339 = CARTESIAN_POINT('',(-179.8361470776,-1.012928950755E+03,
    14.999325035651));
#340 = CARTESIAN_POINT('',(-191.1350314747,-1.017188847925E+03,
    29.781777604759));
#341 = CARTESIAN_POINT('',(-197.969946249,-1.020497207526E+03,
    42.001176541587));
#342 = CARTESIAN_POINT('',(-205.0975187703,-1.023641439616E+03,
    54.014146905159));
#343 = CARTESIAN_POINT('',(-214.5152502203,-1.026592131101E+03,
    65.989969999267));
#344 = CARTESIAN_POINT('',(-221.7444541799,-1.029716747772E+03,
    78.007482310661));
#345 = CARTESIAN_POINT('',(-229.5437936231,-1.032794698716E+03,
    90.003188093923));
#346 = CARTESIAN_POINT('',(-237.183627306,-1.035877692573E+03,
    102.00152178571));
#347 = CARTESIAN_POINT('',(-244.8908604422,-1.038983576874E+03,
    113.99940139363));
#348 = CARTESIAN_POINT('',(-252.6418961558,-1.042118467148E+03,
    125.99554831415));
#349 = CARTESIAN_POINT('',(-260.3845582977,-1.045246743886E+03,
    138.00035642969));
#350 = CARTESIAN_POINT('',(-268.0707131302,-1.048382093726E+03,
    150.00331724818));
#351 = CARTESIAN_POINT('',(-276.0327892368,-1.051495782086E+03,
    162.01546347963));
#352 = CARTESIAN_POINT('',(-283.9339124678,-1.054601700616E+03,
    173.95824023226));
#353 = CARTESIAN_POINT('',(-291.3052108357,-1.057376357352E+03,
    184.80040122606));
#354 = CARTESIAN_POINT('',(-296.4089171079,-1.059623159492E+03,
    193.04573531588));
#355 = CARTESIAN_POINT('',(-306.5331137514,-1.062514657455E+03,
    205.83993582621));
#356 = CARTESIAN_POINT('',(-292.9184877861,-1.063196310922E+03,
    201.81943362341));
#357 = CARTESIAN_POINT('',(-302.8630777156,-1.064670723259E+03,
    206.71778633278));
#358 = CARTESIAN_POINT('',(-312.6166189827,-1.06583472537E+03,
    210.78852743977));
#359 = CARTESIAN_POINT('',(-307.937750213,-1.067507417146E+03,
    181.81436335833));
#360 = CARTESIAN_POINT('',(-324.0263629917,-1.067837558493E+03,207.7));
#361 = PCURVE('',#135,#362);
#362 = DEFINITIONAL_REPRESENTATION('',(#363),#367);
#363 = LINE('',#364,#365);
#364 = CARTESIAN_POINT('',(2.,0.));
#365 = VECTOR('',#366,1.);
#366 = DIRECTION('',(0.,1.));
#367 = ( GEOMETRIC_REPRESENTATION_CONTEXT(2) 
PARAMETRIC_REPRESENTATION_CONTEXT() REPRESENTATION_CONTEXT('2D SPACE',''
  ) );
#368 = PCURVE('',#369,#418);
#369 = ( BOUNDED_SURFACE() B_SPLINE_SURFACE(1,3,(
    (#370,#371,#372,#373,#374,#375,#376,#377,#378,#379,#380,#381,#382
      ,#383,#384,#385,#386,#387,#388,#389,#390,#391,#392,#393)
    ,(#394,#395,#396,#397,#398,#399,#400,#401,#402,#403,#404,#405,#406
      ,#407,#408,#409,#410,#411,#412,#413,#414,#415,#416,#417
)),.UNSPECIFIED.,.F.,.F.,.F.) B_SPLINE_SURFACE_WITH_KNOTS((2,2),(4,1,1,1
    ,1,1,1,1,1,1,1,1,1,1,1,1,1,1,1,1,1,4),(2.,3.),(0.,8.351345992186E-02
    ,0.136371070752,0.186631466795,0.236892072307,0.287245985354,
    0.337546964594,0.387892568228,0.438269195911,0.488657983617,
    0.539039913424,0.589390615006,0.639739510443,0.690135953221,
    0.740567502215,0.791001192157,0.824625304057,0.849810563706,
    0.930093869668,0.935215837381,0.950554965611,1.),.UNSPECIFIED.) 
GEOMETRIC_REPRESENTATION_ITEM() RATIONAL_B_SPLINE_SURFACE((
    (1.,1.000000000051,0.999999999985,1.000000000003,0.999999999999,1.
      ,1.,1.,1.,1.,1.,1.,1.,1.,1.,1.,1.000000000001,0.999999999998
      ,1.000000000008,0.999999999937,1.000000000021,0.999999999406
      ,1.000000004078,1.)
    ,(1.,1.000000000051,0.999999999985,1.000000000003,0.999999999999,1.
      ,1.,1.,1.,1.,1.,1.,1.,1.,1.,1.,1.000000000001,0.999999999998
      ,1.000000000008,0.999999999937,1.000000000021,0.999999999406
,1.000000004078,1.))) REPRESENTATION_ITEM('') SURFACE() );
#370 = CARTESIAN_POINT('',(-182.9886488001,-1.011528762651E+03,-5.));
#371 = CARTESIAN_POINT('',(-180.2103171791,-995.8387133377,
    8.008717576553));
#372 = CARTESIAN_POINT('',(-179.8361470776,-1.012928950755E+03,
    14.999325035651));
#373 = CARTESIAN_POINT('',(-191.1350314747,-1.017188847925E+03,
    29.781777604759));
#374 = CARTESIAN_POINT('',(-197.969946249,-1.020497207526E+03,
    42.001176541587));
#375 = CARTESIAN_POINT('',(-205.0975187703,-1.023641439616E+03,
    54.014146905159));
#376 = CARTESIAN_POINT('',(-214.5152502203,-1.026592131101E+03,
    65.989969999267));
#377 = CARTESIAN_POINT('',(-221.7444541799,-1.029716747772E+03,
    78.007482310661));
#378 = CARTESIAN_POINT('',(-229.5437936231,-1.032794698716E+03,
    90.003188093923));
#379 = CARTESIAN_POINT('',(-237.183627306,-1.035877692573E+03,
    102.00152178571));
#380 = CARTESIAN_POINT('',(-244.8908604422,-1.038983576874E+03,
    113.99940139363));
#381 = CARTESIAN_POINT('',(-252.6418961558,-1.042118467148E+03,
    125.99554831415));
#382 = CARTESIAN_POINT('',(-260.3845582977,-1.045246743886E+03,
    138.00035642969));
#383 = CARTESIAN_POINT('',(-268.0707131302,-1.048382093726E+03,
    150.00331724818));
#384 = CARTESIAN_POINT('',(-276.0327892368,-1.051495782086E+03,
    162.01546347963));
#385 = CARTESIAN_POINT('',(-283.9339124678,-1.054601700616E+03,
    173.95824023226));
#386 = CARTESIAN_POINT('',(-291.3052108357,-1.057376357352E+03,
    184.80040122606));
#387 = CARTESIAN_POINT('',(-296.4089171079,-1.059623159492E+03,
    193.04573531588));
#388 = CARTESIAN_POINT('',(-306.5331137514,-1.062514657455E+03,
    205.83993582621));
#389 = CARTESIAN_POINT('',(-292.9184877861,-1.063196310922E+03,
    201.81943362341));
#390 = CARTESIAN_POINT('',(-302.8630777156,-1.064670723259E+03,
    206.71778633278));
#391 = CARTESIAN_POINT('',(-312.6166189827,-1.06583472537E+03,
    210.78852743977));
#392 = CARTESIAN_POINT('',(-307.937750213,-1.067507417146E+03,
    181.81436335833));
#393 = CARTESIAN_POINT('',(-324.0263629917,-1.067837558493E+03,207.7));
#394 = CARTESIAN_POINT('',(-190.5240697904,-1.010387904065E+03,-5.));
#395 = CARTESIAN_POINT('',(-188.0706469389,-992.3300733603,
    8.008717576553));
#396 = CARTESIAN_POINT('',(-187.3575545338,-1.012163831974E+03,
    14.999325035651));
#397 = CARTESIAN_POINT('',(-198.5217685088,-1.016556677792E+03,
    29.781777604759));
#398 = CARTESIAN_POINT('',(-205.1938417036,-1.019830510343E+03,
    42.001176541587));
#399 = CARTESIAN_POINT('',(-212.1402043395,-1.022997608956E+03,
    54.014146905159));
#400 = CARTESIAN_POINT('',(-221.3818913621,-1.026032920381E+03,
    65.989969999267));
#401 = CARTESIAN_POINT('',(-228.4222133239,-1.029150857273E+03,
    78.007482310661));
#402 = CARTESIAN_POINT('',(-236.0407960416,-1.03226949E+03,
    90.003188093923));
#403 = CARTESIAN_POINT('',(-243.4986759152,-1.035384778035E+03,
    102.00152178571));
#404 = CARTESIAN_POINT('',(-251.023260072,-1.038508929449E+03,
    113.99940139363));
#405 = CARTESIAN_POINT('',(-258.5926793225,-1.041653905653E+03,
    125.99554831415));
#406 = CARTESIAN_POINT('',(-266.1517314078,-1.044805437067E+03,
    138.00035642969));
#407 = CARTESIAN_POINT('',(-273.6537436346,-1.047960823417E+03,
    150.00331724818));
#408 = CARTESIAN_POINT('',(-281.4331899609,-1.051097289983E+03,
    162.01546347963));
#409 = CARTESIAN_POINT('',(-289.1483313844,-1.054227301757E+03,
    173.95824023226));
#410 = CARTESIAN_POINT('',(-296.3708241167,-1.057024407645E+03,
    184.80040122606));
#411 = CARTESIAN_POINT('',(-301.3096869947,-1.059261574735E+03,
    193.04573531588));
#412 = CARTESIAN_POINT('',(-311.4053462115,-1.062251432276E+03,
    205.83993582621));
#413 = CARTESIAN_POINT('',(-296.6816337659,-1.062663246937E+03,
    201.81943362341));
#414 = CARTESIAN_POINT('',(-305.523340466,-1.06429497358E+03,
    206.71778633278));
#415 = CARTESIAN_POINT('',(-314.5001182444,-1.06561932575E+03,
    210.78852743977));
#416 = CARTESIAN_POINT('',(-307.8333942219,-1.067167784387E+03,
    181.81436335833));
#417 = CARTESIAN_POINT('',(-324.3203677,-1.067796111598E+03,207.7));
#418 = DEFINITIONAL_REPRESENTATION('',(#419),#423);
#419 = LINE('',#420,#421);
#420 = CARTESIAN_POINT('',(2.,0.));
#421 = VECTOR('',#422,1.);
#422 = DIRECTION('',(0.,1.));
#423 = ( GEOMETRIC_REPRESENTATION_CONTEXT(2) 
PARAMETRIC_REPRESENTATION_CONTEXT() REPRESENTATION_CONTEXT('2D SPACE',''
  ) );
#424 = ORIENTED_EDGE('',*,*,#425,.F.);
#425 = EDGE_CURVE('',#99,#333,#426,.T.);
#426 = SURFACE_CURVE('',#427,(#430,#437),.PCURVE_S1.);
#427 = B_SPLINE_CURVE_WITH_KNOTS('',1,(#428,#429),.UNSPECIFIED.,.F.,.F.,
  (2,2),(1.,2.),.PIECEWISE_BEZIER_KNOTS.);
#428 = CARTESIAN_POINT('',(-323.7311619513,-1.067867021917E+03,207.7));
#429 = CARTESIAN_POINT('',(-324.0263629917,-1.067837558493E+03,207.7));
#430 = PCURVE('',#135,#431);
#431 = DEFINITIONAL_REPRESENTATION('',(#432),#436);
#432 = LINE('',#433,#434);
#433 = CARTESIAN_POINT('',(0.,1.));
#434 = VECTOR('',#435,1.);
#435 = DIRECTION('',(1.,0.));
#436 = ( GEOMETRIC_REPRESENTATION_CONTEXT(2) 
PARAMETRIC_REPRESENTATION_CONTEXT() REPRESENTATION_CONTEXT('2D SPACE',''
  ) );
#437 = PCURVE('',#206,#438);
#438 = DEFINITIONAL_REPRESENTATION('',(#439),#442);
#439 = B_SPLINE_CURVE_WITH_KNOTS('',1,(#440,#441),.UNSPECIFIED.,.F.,.F.,
  (2,2),(1.,2.),.PIECEWISE_BEZIER_KNOTS.);
#440 = CARTESIAN_POINT('',(0.276289147757,-9.622381544409E-02));
#441 = CARTESIAN_POINT('',(0.569647776396,-0.140410494484));
#442 = ( GEOMETRIC_REPRESENTATION_CONTEXT(2) 
PARAMETRIC_REPRESENTATION_CONTEXT() REPRESENTATION_CONTEXT('2D SPACE',''
  ) );
#443 = ORIENTED_EDGE('',*,*,#98,.F.);
#444 = ADVANCED_FACE('',(#445),#369,.T.);
#445 = FACE_BOUND('',#446,.T.);
#446 = EDGE_LOOP('',(#447,#468,#561,#580));
#447 = ORIENTED_EDGE('',*,*,#448,.T.);
#448 = EDGE_CURVE('',#312,#449,#451,.T.);
#449 = VERTEX_POINT('',#450);
#450 = CARTESIAN_POINT('',(-190.5240697904,-1.010387904065E+03,-5.));
#451 = SURFACE_CURVE('',#452,(#455,#462),.PCURVE_S1.);
#452 = B_SPLINE_CURVE_WITH_KNOTS('',1,(#453,#454),.UNSPECIFIED.,.F.,.F.,
  (2,2),(2.,3.),.PIECEWISE_BEZIER_KNOTS.);
#453 = CARTESIAN_POINT('',(-182.9886488001,-1.011528762651E+03,-5.));
#454 = CARTESIAN_POINT('',(-190.5240697904,-1.010387904065E+03,-5.));
#455 = PCURVE('',#369,#456);
#456 = DEFINITIONAL_REPRESENTATION('',(#457),#461);
#457 = LINE('',#458,#459);
#458 = CARTESIAN_POINT('',(0.,0.));
#459 = VECTOR('',#460,1.);
#460 = DIRECTION('',(1.,0.));
#461 = ( GEOMETRIC_REPRESENTATION_CONTEXT(2) 
PARAMETRIC_REPRESENTATION_CONTEXT() REPRESENTATION_CONTEXT('2D SPACE',''
  ) );
#462 = PCURVE('',#87,#463);
#463 = DEFINITIONAL_REPRESENTATION('',(#464),#467);
#464 = B_SPLINE_CURVE_WITH_KNOTS('',1,(#465,#466),.UNSPECIFIED.,.F.,.F.,
  (2,2),(2.,3.),.PIECEWISE_BEZIER_KNOTS.);
#465 = CARTESIAN_POINT('',(14.344250483264,-4.848240024107));
#466 = CARTESIAN_POINT('',(21.856221375442,-6.134483053718));
#467 = ( GEOMETRIC_REPRESENTATION_CONTEXT(2) 
PARAMETRIC_REPRESENTATION_CONTEXT() REPRESENTATION_CONTEXT('2D SPACE',''
  ) );
#468 = ORIENTED_EDGE('',*,*,#469,.T.);
#469 = EDGE_CURVE('',#449,#470,#472,.T.);
#470 = VERTEX_POINT('',#471);
#471 = CARTESIAN_POINT('',(-324.3203677,-1.067796111598E+03,207.7));
#472 = SURFACE_CURVE('',#473,(#498,#505),.PCURVE_S1.);
#473 = ( BOUNDED_CURVE() B_SPLINE_CURVE(3,(#474,#475,#476,#477,#478,#479
    ,#480,#481,#482,#483,#484,#485,#486,#487,#488,#489,#490,#491,#492,
    #493,#494,#495,#496,#497),.UNSPECIFIED.,.F.,.F.) 
B_SPLINE_CURVE_WITH_KNOTS((4,1,1,1,1,1,1,1,1,1,1,1,1,1,1,1,1,1,1,1,1,4),
  (0.,8.351345992186E-02,0.136371070752,0.186631466795,0.236892072307,
    0.287245985354,0.337546964594,0.387892568228,0.438269195911,
    0.488657983617,0.539039913424,0.589390615006,0.639739510443,
    0.690135953221,0.740567502215,0.791001192157,0.824625304057,
    0.849810563706,0.930093869668,0.935215837381,0.950554965611,1.),
.UNSPECIFIED.) CURVE() GEOMETRIC_REPRESENTATION_ITEM() 
RATIONAL_B_SPLINE_CURVE((1.,1.000000000051,0.999999999985,1.000000000003
    ,0.999999999999,1.,1.,1.,1.,1.,1.,1.,1.,1.,1.,1.,1.000000000001,
    0.999999999998,1.000000000008,0.999999999937,1.000000000021,
0.999999999406,1.000000004078,1.)) REPRESENTATION_ITEM('') );
#474 = CARTESIAN_POINT('',(-190.5240697904,-1.010387904065E+03,-5.));
#475 = CARTESIAN_POINT('',(-188.0706469389,-992.3300733603,
    8.008717576553));
#476 = CARTESIAN_POINT('',(-187.3575545338,-1.012163831974E+03,
    14.999325035651));
#477 = CARTESIAN_POINT('',(-198.5217685088,-1.016556677792E+03,
    29.781777604759));
#478 = CARTESIAN_POINT('',(-205.1938417036,-1.019830510343E+03,
    42.001176541587));
#479 = CARTESIAN_POINT('',(-212.1402043395,-1.022997608956E+03,
    54.014146905159));
#480 = CARTESIAN_POINT('',(-221.3818913621,-1.026032920381E+03,
    65.989969999267));
#481 = CARTESIAN_POINT('',(-228.4222133239,-1.029150857273E+03,
    78.007482310661));
#482 = CARTESIAN_POINT('',(-236.0407960416,-1.03226949E+03,
    90.003188093923));
#483 = CARTESIAN_POINT('',(-243.4986759152,-1.035384778035E+03,
    102.00152178571));
#484 = CARTESIAN_POINT('',(-251.023260072,-1.038508929449E+03,
    113.99940139363));
#485 = CARTESIAN_POINT('',(-258.5926793225,-1.041653905653E+03,
    125.99554831415));
#486 = CARTESIAN_POINT('',(-266.1517314078,-1.044805437067E+03,
    138.00035642969));
#487 = CARTESIAN_POINT('',(-273.6537436346,-1.047960823417E+03,
    150.00331724818));
#488 = CARTESIAN_POINT('',(-281.4331899609,-1.051097289983E+03,
    162.01546347963));
#489 = CARTESIAN_POINT('',(-289.1483313844,-1.054227301757E+03,
    173.95824023226));
#490 = CARTESIAN_POINT('',(-296.3708241167,-1.057024407645E+03,
    184.80040122606));
#491 = CARTESIAN_POINT('',(-301.3096869947,-1.059261574735E+03,
    193.04573531588));
#492 = CARTESIAN_POINT('',(-311.4053462115,-1.062251432276E+03,
    205.83993582621));
#493 = CARTESIAN_POINT('',(-296.6816337659,-1.062663246937E+03,
    201.81943362341));
#494 = CARTESIAN_POINT('',(-305.523340466,-1.06429497358E+03,
    206.71778633278));
#495 = CARTESIAN_POINT('',(-314.5001182444,-1.06561932575E+03,
    210.78852743977));
#496 = CARTESIAN_POINT('',(-307.8333942219,-1.067167784387E+03,
    181.81436335833));
#497 = CARTESIAN_POINT('',(-324.3203677,-1.067796111598E+03,207.7));
#498 = PCURVE('',#369,#499);
#499 = DEFINITIONAL_REPRESENTATION('',(#500),#504);
#500 = LINE('',#501,#502);
#501 = CARTESIAN_POINT('',(3.,0.));
#502 = VECTOR('',#503,1.);
#503 = DIRECTION('',(0.,1.));
#504 = ( GEOMETRIC_REPRESENTATION_CONTEXT(2) 
PARAMETRIC_REPRESENTATION_CONTEXT() REPRESENTATION_CONTEXT('2D SPACE',''
  ) );
#505 = PCURVE('',#506,#555);
#506 = ( BOUNDED_SURFACE() B_SPLINE_SURFACE(1,3,(
    (#507,#508,#509,#510,#511,#512,#513,#514,#515,#516,#517,#518,#519
      ,#520,#521,#522,#523,#524,#525,#526,#527,#528,#529,#530)
    ,(#531,#532,#533,#534,#535,#536,#537,#538,#539,#540,#541,#542,#543
      ,#544,#545,#546,#547,#548,#549,#550,#551,#552,#553,#554
)),.UNSPECIFIED.,.F.,.F.,.F.) B_SPLINE_SURFACE_WITH_KNOTS((2,2),(4,1,1,1
    ,1,1,1,1,1,1,1,1,1,1,1,1,1,1,1,1,1,4),(3.,4.),(0.,8.351345992186E-02
    ,0.136371070752,0.186631466795,0.236892072307,0.287245985354,
    0.337546964594,0.387892568228,0.438269195911,0.488657983617,
    0.539039913424,0.589390615006,0.639739510443,0.690135953221,
    0.740567502215,0.791001192157,0.824625304057,0.849810563706,
    0.930093869668,0.935215837381,0.950554965611,1.),.UNSPECIFIED.) 
GEOMETRIC_REPRESENTATION_ITEM() RATIONAL_B_SPLINE_SURFACE((
    (1.,1.000000000051,0.999999999985,1.000000000003,0.999999999999,1.
      ,1.,1.,1.,1.,1.,1.,1.,1.,1.,1.,1.000000000001,0.999999999998
      ,1.000000000008,0.999999999937,1.000000000021,0.999999999406
      ,1.000000004078,1.)
    ,(1.,1.000000000051,0.999999999985,1.000000000003,0.999999999999,1.
      ,1.,1.,1.,1.,1.,1.,1.,1.,1.,1.,1.000000000001,0.999999999998
      ,1.000000000008,0.999999999937,1.000000000021,0.999999999406
,1.000000004078,1.))) REPRESENTATION_ITEM('') SURFACE() );
#507 = CARTESIAN_POINT('',(-190.5240697904,-1.010387904065E+03,-5.));
#508 = CARTESIAN_POINT('',(-188.0706469389,-992.3300733603,
    8.008717576553));
#509 = CARTESIAN_POINT('',(-187.3575545338,-1.012163831974E+03,
    14.999325035651));
#510 = CARTESIAN_POINT('',(-198.5217685088,-1.016556677792E+03,
    29.781777604759));
#511 = CARTESIAN_POINT('',(-205.1938417036,-1.019830510343E+03,
    42.001176541587));
#512 = CARTESIAN_POINT('',(-212.1402043395,-1.022997608956E+03,
    54.014146905159));
#513 = CARTESIAN_POINT('',(-221.3818913621,-1.026032920381E+03,
    65.989969999267));
#514 = CARTESIAN_POINT('',(-228.4222133239,-1.029150857273E+03,
    78.007482310661));
#515 = CARTESIAN_POINT('',(-236.0407960416,-1.03226949E+03,
    90.003188093923));
#516 = CARTESIAN_POINT('',(-243.4986759152,-1.035384778035E+03,
    102.00152178571));
#517 = CARTESIAN_POINT('',(-251.023260072,-1.038508929449E+03,
    113.99940139363));
#518 = CARTESIAN_POINT('',(-258.5926793225,-1.041653905653E+03,
    125.99554831415));
#519 = CARTESIAN_POINT('',(-266.1517314078,-1.044805437067E+03,
    138.00035642969));
#520 = CARTESIAN_POINT('',(-273.6537436346,-1.047960823417E+03,
    150.00331724818));
#521 = CARTESIAN_POINT('',(-281.4331899609,-1.051097289983E+03,
    162.01546347963));
#522 = CARTESIAN_POINT('',(-289.1483313844,-1.054227301757E+03,
    173.95824023226));
#523 = CARTESIAN_POINT('',(-296.3708241167,-1.057024407645E+03,
    184.80040122606));
#524 = CARTESIAN_POINT('',(-301.3096869947,-1.059261574735E+03,
    193.04573531588));
#525 = CARTESIAN_POINT('',(-311.4053462115,-1.062251432276E+03,
    205.83993582621));
#526 = CARTESIAN_POINT('',(-296.6816337659,-1.062663246937E+03,
    201.81943362341));
#527 = CARTESIAN_POINT('',(-305.523340466,-1.06429497358E+03,
    206.71778633278));
#528 = CARTESIAN_POINT('',(-314.5001182444,-1.06561932575E+03,
    210.78852743977));
#529 = CARTESIAN_POINT('',(-307.8333942219,-1.067167784387E+03,
    181.81436335833));
#530 = CARTESIAN_POINT('',(-324.3203677,-1.067796111598E+03,207.7));
#531 = CARTESIAN_POINT('',(-197.998665084,-1.008926092239E+03,-5.));
#532 = CARTESIAN_POINT('',(-195.4262040727,-985.2937959116,
    8.008717576553));
#533 = CARTESIAN_POINT('',(-194.8980246919,-1.011649900121E+03,
    14.999325035651));
#534 = CARTESIAN_POINT('',(-205.9232253654,-1.016159531605E+03,
    29.781777604759));
#535 = CARTESIAN_POINT('',(-212.428998838,-1.01937720799E+03,
    42.001176541587));
#536 = CARTESIAN_POINT('',(-219.1980869303,-1.022605537859E+03,
    54.014146905159));
#537 = CARTESIAN_POINT('',(-228.261299488,-1.025729733717E+03,
    65.989969999267));
#538 = CARTESIAN_POINT('',(-235.1159238926,-1.028873465509E+03,
    78.007482310661));
#539 = CARTESIAN_POINT('',(-242.5517360715,-1.032016508468E+03,
    90.003188093923));
#540 = CARTESIAN_POINT('',(-249.8261228521,-1.035131928949E+03,
    102.00152178571));
#541 = CARTESIAN_POINT('',(-257.1675334487,-1.03825965313E+03,
    113.99940139363));
#542 = CARTESIAN_POINT('',(-264.5553198108,-1.041408307447E+03,
    125.99554831415));
#543 = CARTESIAN_POINT('',(-271.9290652337,-1.044554048672E+03,
    138.00035642969));
#544 = CARTESIAN_POINT('',(-279.2454447313,-1.047701009396E+03,
    150.00331724818));
#545 = CARTESIAN_POINT('',(-286.8412813296,-1.050847943759E+03,
    162.01546347963));
#546 = CARTESIAN_POINT('',(-294.3685407802,-1.053957114375E+03,
    173.95824023226));
#547 = CARTESIAN_POINT('',(-301.4408561432,-1.056791079557E+03,
    184.80040122606));
#548 = CARTESIAN_POINT('',(-306.2136751125,-1.058960005712E+03,
    193.04573531588));
#549 = CARTESIAN_POINT('',(-316.2788402308,-1.062221301987E+03,
    205.83993582621));
#550 = CARTESIAN_POINT('',(-300.4696968235,-1.062408005928E+03,
    201.81943362341));
#551 = CARTESIAN_POINT('',(-308.2011190761,-1.064114610954E+03,
    206.71778633278));
#552 = CARTESIAN_POINT('',(-316.3925300552,-1.065533808634E+03,
    210.78852743977));
#553 = CARTESIAN_POINT('',(-307.7528221492,-1.066881545226E+03,
    181.81436335833));
#554 = CARTESIAN_POINT('',(-324.6163031138,-1.067776259229E+03,207.7));
#555 = DEFINITIONAL_REPRESENTATION('',(#556),#560);
#556 = LINE('',#557,#558);
#557 = CARTESIAN_POINT('',(3.,0.));
#558 = VECTOR('',#559,1.);
#559 = DIRECTION('',(0.,1.));
#560 = ( GEOMETRIC_REPRESENTATION_CONTEXT(2) 
PARAMETRIC_REPRESENTATION_CONTEXT() REPRESENTATION_CONTEXT('2D SPACE',''
  ) );
#561 = ORIENTED_EDGE('',*,*,#562,.F.);
#562 = EDGE_CURVE('',#333,#470,#563,.T.);
#563 = SURFACE_CURVE('',#564,(#567,#574),.PCURVE_S1.);
#564 = B_SPLINE_CURVE_WITH_KNOTS('',1,(#565,#566),.UNSPECIFIED.,.F.,.F.,
  (2,2),(2.,3.),.PIECEWISE_BEZIER_KNOTS.);
#565 = CARTESIAN_POINT('',(-324.0263629917,-1.067837558493E+03,207.7));
#566 = CARTESIAN_POINT('',(-324.3203677,-1.067796111598E+03,207.7));
#567 = PCURVE('',#369,#568);
#568 = DEFINITIONAL_REPRESENTATION('',(#569),#573);
#569 = LINE('',#570,#571);
#570 = CARTESIAN_POINT('',(0.,1.));
#571 = VECTOR('',#572,1.);
#572 = DIRECTION('',(1.,0.));
#573 = ( GEOMETRIC_REPRESENTATION_CONTEXT(2) 
PARAMETRIC_REPRESENTATION_CONTEXT() REPRESENTATION_CONTEXT('2D SPACE',''
  ) );
#574 = PCURVE('',#206,#575);
#575 = DEFINITIONAL_REPRESENTATION('',(#576),#579);
#576 = B_SPLINE_CURVE_WITH_KNOTS('',1,(#577,#578),.UNSPECIFIED.,.F.,.F.,
  (2,2),(2.,3.),.PIECEWISE_BEZIER_KNOTS.);
#577 = CARTESIAN_POINT('',(0.569647776396,-0.140410494484));
#578 = CARTESIAN_POINT('',(0.861212393569,-0.196505838838));
#579 = ( GEOMETRIC_REPRESENTATION_CONTEXT(2) 
PARAMETRIC_REPRESENTATION_CONTEXT() REPRESENTATION_CONTEXT('2D SPACE',''
  ) );
#580 = ORIENTED_EDGE('',*,*,#332,.F.);
#581 = ADVANCED_FACE('',(#582),#506,.T.);
#582 = FACE_BOUND('',#583,.T.);
#583 = EDGE_LOOP('',(#584,#605,#698,#717));
#584 = ORIENTED_EDGE('',*,*,#585,.T.);
#585 = EDGE_CURVE('',#449,#586,#588,.T.);
#586 = VERTEX_POINT('',#587);
#587 = CARTESIAN_POINT('',(-197.998665084,-1.008926092239E+03,-5.));
#588 = SURFACE_CURVE('',#589,(#592,#599),.PCURVE_S1.);
#589 = B_SPLINE_CURVE_WITH_KNOTS('',1,(#590,#591),.UNSPECIFIED.,.F.,.F.,
  (2,2),(3.,4.),.PIECEWISE_BEZIER_KNOTS.);
#590 = CARTESIAN_POINT('',(-190.5240697904,-1.010387904065E+03,-5.));
#591 = CARTESIAN_POINT('',(-197.998665084,-1.008926092239E+03,-5.));
#592 = PCURVE('',#506,#593);
#593 = DEFINITIONAL_REPRESENTATION('',(#594),#598);
#594 = LINE('',#595,#596);
#595 = CARTESIAN_POINT('',(0.,0.));
#596 = VECTOR('',#597,1.);
#597 = DIRECTION('',(1.,0.));
#598 = ( GEOMETRIC_REPRESENTATION_CONTEXT(2) 
PARAMETRIC_REPRESENTATION_CONTEXT() REPRESENTATION_CONTEXT('2D SPACE',''
  ) );
#599 = PCURVE('',#87,#600);
#600 = DEFINITIONAL_REPRESENTATION('',(#601),#604);
#601 = B_SPLINE_CURVE_WITH_KNOTS('',1,(#602,#603),.UNSPECIFIED.,.F.,.F.,
  (2,2),(3.,4.),.PIECEWISE_BEZIER_KNOTS.);
#602 = CARTESIAN_POINT('',(21.856221375442,-6.134483053718));
#603 = CARTESIAN_POINT('',(29.301176551978,-7.740444147519));
#604 = ( GEOMETRIC_REPRESENTATION_CONTEXT(2) 
PARAMETRIC_REPRESENTATION_CONTEXT() REPRESENTATION_CONTEXT('2D SPACE',''
  ) );
#605 = ORIENTED_EDGE('',*,*,#606,.T.);
#606 = EDGE_CURVE('',#586,#607,#609,.T.);
#607 = VERTEX_POINT('',#608);
#608 = CARTESIAN_POINT('',(-324.6163031138,-1.067776259229E+03,207.7));
#609 = SURFACE_CURVE('',#610,(#635,#642),.PCURVE_S1.);
#610 = ( BOUNDED_CURVE() B_SPLINE_CURVE(3,(#611,#612,#613,#614,#615,#616
    ,#617,#618,#619,#620,#621,#622,#623,#624,#625,#626,#627,#628,#629,
    #630,#631,#632,#633,#634),.UNSPECIFIED.,.F.,.F.) 
B_SPLINE_CURVE_WITH_KNOTS((4,1,1,1,1,1,1,1,1,1,1,1,1,1,1,1,1,1,1,1,1,4),
  (0.,8.351345992186E-02,0.136371070752,0.186631466795,0.236892072307,
    0.287245985354,0.337546964594,0.387892568228,0.438269195911,
    0.488657983617,0.539039913424,0.589390615006,0.639739510443,
    0.690135953221,0.740567502215,0.791001192157,0.824625304057,
    0.849810563706,0.930093869668,0.935215837381,0.950554965611,1.),
.UNSPECIFIED.) CURVE() GEOMETRIC_REPRESENTATION_ITEM() 
RATIONAL_B_SPLINE_CURVE((1.,1.000000000051,0.999999999985,1.000000000003
    ,0.999999999999,1.,1.,1.,1.,1.,1.,1.,1.,1.,1.,1.,1.000000000001,
    0.999999999998,1.000000000008,0.999999999937,1.000000000021,
0.999999999406,1.000000004078,1.)) REPRESENTATION_ITEM('') );
#611 = CARTESIAN_POINT('',(-197.998665084,-1.008926092239E+03,-5.));
#612 = CARTESIAN_POINT('',(-195.4262040727,-985.2937959116,
    8.008717576553));
#613 = CARTESIAN_POINT('',(-194.8980246919,-1.011649900121E+03,
    14.999325035651));
#614 = CARTESIAN_POINT('',(-205.9232253654,-1.016159531605E+03,
    29.781777604759));
#615 = CARTESIAN_POINT('',(-212.428998838,-1.01937720799E+03,
    42.001176541587));
#616 = CARTESIAN_POINT('',(-219.1980869303,-1.022605537859E+03,
    54.014146905159));
#617 = CARTESIAN_POINT('',(-228.261299488,-1.025729733717E+03,
    65.989969999267));
#618 = CARTESIAN_POINT('',(-235.1159238926,-1.028873465509E+03,
    78.007482310661));
#619 = CARTESIAN_POINT('',(-242.5517360715,-1.032016508468E+03,
    90.003188093923));
#620 = CARTESIAN_POINT('',(-249.8261228521,-1.035131928949E+03,
    102.00152178571));
#621 = CARTESIAN_POINT('',(-257.1675334487,-1.03825965313E+03,
    113.99940139363));
#622 = CARTESIAN_POINT('',(-264.5553198108,-1.041408307447E+03,
    125.99554831415));
#623 = CARTESIAN_POINT('',(-271.9290652337,-1.044554048672E+03,
    138.00035642969));
#624 = CARTESIAN_POINT('',(-279.2454447313,-1.047701009396E+03,
    150.00331724818));
#625 = CARTESIAN_POINT('',(-286.8412813296,-1.050847943759E+03,
    162.01546347963));
#626 = CARTESIAN_POINT('',(-294.3685407802,-1.053957114375E+03,
    173.95824023226));
#627 = CARTESIAN_POINT('',(-301.4408561432,-1.056791079557E+03,
    184.80040122606));
#628 = CARTESIAN_POINT('',(-306.2136751125,-1.058960005712E+03,
    193.04573531588));
#629 = CARTESIAN_POINT('',(-316.2788402308,-1.062221301987E+03,
    205.83993582621));
#630 = CARTESIAN_POINT('',(-300.4696968235,-1.062408005928E+03,
    201.81943362341));
#631 = CARTESIAN_POINT('',(-308.2011190761,-1.064114610954E+03,
    206.71778633278));
#632 = CARTESIAN_POINT('',(-316.3925300552,-1.065533808634E+03,
    210.78852743977));
#633 = CARTESIAN_POINT('',(-307.7528221492,-1.066881545226E+03,
    181.81436335833));
#634 = CARTESIAN_POINT('',(-324.6163031138,-1.067776259229E+03,207.7));
#635 = PCURVE('',#506,#636);
#636 = DEFINITIONAL_REPRESENTATION('',(#637),#641);
#637 = LINE('',#638,#639);
#638 = CARTESIAN_POINT('',(4.,0.));
#639 = VECTOR('',#640,1.);
#640 = DIRECTION('',(0.,1.));
#641 = ( GEOMETRIC_REPRESENTATION_CONTEXT(2) 
PARAMETRIC_REPRESENTATION_CONTEXT() REPRESENTATION_CONTEXT('2D SPACE',''
  ) );
#642 = PCURVE('',#643,#692);
#643 = ( BOUNDED_SURFACE() B_SPLINE_SURFACE(1,3,(
    (#644,#645,#646,#647,#648,#649,#650,#651,#652,#653,#654,#655,#656
      ,#657,#658,#659,#660,#661,#662,#663,#664,#665,#666,#667)
    ,(#668,#669,#670,#671,#672,#673,#674,#675,#676,#677,#678,#679,#680
      ,#681,#682,#683,#684,#685,#686,#687,#688,#689,#690,#691
)),.UNSPECIFIED.,.F.,.F.,.F.) B_SPLINE_SURFACE_WITH_KNOTS((2,2),(4,1,1,1
    ,1,1,1,1,1,1,1,1,1,1,1,1,1,1,1,1,1,4),(4.,5.),(0.,8.351345992186E-02
    ,0.136371070752,0.186631466795,0.236892072307,0.287245985354,
    0.337546964594,0.387892568228,0.438269195911,0.488657983617,
    0.539039913424,0.589390615006,0.639739510443,0.690135953221,
    0.740567502215,0.791001192157,0.824625304057,0.849810563706,
    0.930093869668,0.935215837381,0.950554965611,1.),.UNSPECIFIED.) 
GEOMETRIC_REPRESENTATION_ITEM() RATIONAL_B_SPLINE_SURFACE((
    (1.,1.000000000051,0.999999999985,1.000000000003,0.999999999999,1.
      ,1.,1.,1.,1.,1.,1.,1.,1.,1.,1.,1.000000000001,0.999999999998
      ,1.000000000008,0.999999999937,1.000000000021,0.999999999406
      ,1.000000004078,1.)
    ,(1.,1.000000000051,0.999999999985,1.000000000003,0.999999999999,1.
      ,1.,1.,1.,1.,1.,1.,1.,1.,1.,1.,1.000000000001,0.999999999998
      ,1.000000000008,0.999999999937,1.000000000021,0.999999999406
,1.000000004078,1.))) REPRESENTATION_ITEM('') SURFACE() );
#644 = CARTESIAN_POINT('',(-197.998665084,-1.008926092239E+03,-5.));
#645 = CARTESIAN_POINT('',(-195.4262040727,-985.2937959116,
    8.008717576553));
#646 = CARTESIAN_POINT('',(-194.8980246919,-1.011649900121E+03,
    14.999325035651));
#647 = CARTESIAN_POINT('',(-205.9232253654,-1.016159531605E+03,
    29.781777604759));
#648 = CARTESIAN_POINT('',(-212.428998838,-1.01937720799E+03,
    42.001176541587));
#649 = CARTESIAN_POINT('',(-219.1980869303,-1.022605537859E+03,
    54.014146905159));
#650 = CARTESIAN_POINT('',(-228.261299488,-1.025729733717E+03,
    65.989969999267));
#651 = CARTESIAN_POINT('',(-235.1159238926,-1.028873465509E+03,
    78.007482310661));
#652 = CARTESIAN_POINT('',(-242.5517360715,-1.032016508468E+03,
    90.003188093923));
#653 = CARTESIAN_POINT('',(-249.8261228521,-1.035131928949E+03,
    102.00152178571));
#654 = CARTESIAN_POINT('',(-257.1675334487,-1.03825965313E+03,
    113.99940139363));
#655 = CARTESIAN_POINT('',(-264.5553198108,-1.041408307447E+03,
    125.99554831415));
#656 = CARTESIAN_POINT('',(-271.9290652337,-1.044554048672E+03,
    138.00035642969));
#657 = CARTESIAN_POINT('',(-279.2454447313,-1.047701009396E+03,
    150.00331724818));
#658 = CARTESIAN_POINT('',(-286.8412813296,-1.050847943759E+03,
    162.01546347963));
#659 = CARTESIAN_POINT('',(-294.3685407802,-1.053957114375E+03,
    173.95824023226));
#660 = CARTESIAN_POINT('',(-301.4408561432,-1.056791079557E+03,
    184.80040122606));
#661 = CARTESIAN_POINT('',(-306.2136751125,-1.058960005712E+03,
    193.04573531588));
#662 = CARTESIAN_POINT('',(-316.2788402308,-1.062221301987E+03,
    205.83993582621));
#663 = CARTESIAN_POINT('',(-300.4696968235,-1.062408005928E+03,
    201.81943362341));
#664 = CARTESIAN_POINT('',(-308.2011190761,-1.064114610954E+03,
    206.71778633278));
#665 = CARTESIAN_POINT('',(-316.3925300552,-1.065533808634E+03,
    210.78852743977));
#666 = CARTESIAN_POINT('',(-307.7528221492,-1.066881545226E+03,
    181.81436335833));
#667 = CARTESIAN_POINT('',(-324.6163031138,-1.067776259229E+03,207.7));
#668 = CARTESIAN_POINT('',(-205.5630172562,-1.009055112314E+03,-5.));
#669 = CARTESIAN_POINT('',(-203.3449338711,-988.3483600603,
    8.008717576553));
#670 = CARTESIAN_POINT('',(-202.442253137,-1.011165104084E+03,
    14.999325035651));
#671 = CARTESIAN_POINT('',(-213.335574936,-1.01597426323E+03,
    29.781777604759));
#672 = CARTESIAN_POINT('',(-219.6824763536,-1.019263242632E+03,
    42.001176541587));
#673 = CARTESIAN_POINT('',(-226.2685904339,-1.022448250313E+03,
    54.014146905159));
#674 = CARTESIAN_POINT('',(-235.149200343,-1.025617199844E+03,
    65.989969999267));
#675 = CARTESIAN_POINT('',(-241.8158251892,-1.028746415963E+03,
    78.007482310661));
#676 = CARTESIAN_POINT('',(-249.0678096585,-1.031894376577E+03,
    90.003188093923));
#677 = CARTESIAN_POINT('',(-256.1584873845,-1.035029258955E+03,
    102.00152178571));
#678 = CARTESIAN_POINT('',(-263.3165155727,-1.038194857157E+03,
    113.99940139363));
#679 = CARTESIAN_POINT('',(-270.5221808143,-1.041355224581E+03,
    125.99554831415));
#680 = CARTESIAN_POINT('',(-277.7110618715,-1.044523418896E+03,
    138.00035642969));
#681 = CARTESIAN_POINT('',(-284.8423272003,-1.04769184367E+03,
    150.00331724818));
#682 = CARTESIAN_POINT('',(-292.2539678483,-1.050854759221E+03,
    162.01546347963));
#683 = CARTESIAN_POINT('',(-299.5953171485,-1.054048892479E+03,
    173.95824023226));
#684 = CARTESIAN_POINT('',(-306.5149559188,-1.056769895962E+03,
    184.80040122606));
#685 = CARTESIAN_POINT('',(-311.1234017536,-1.05897565358E+03,
    193.04573531588));
#686 = CARTESIAN_POINT('',(-321.160741901,-1.062304860586E+03,
    205.83993582621));
#687 = CARTESIAN_POINT('',(-304.2616621594,-1.06215018448E+03,
    201.81943362341));
#688 = CARTESIAN_POINT('',(-310.8816620662,-1.063933547257E+03,
    206.71778633278));
#689 = CARTESIAN_POINT('',(-318.2873234186,-1.065453835564E+03,
    210.78852743977));
#690 = CARTESIAN_POINT('',(-307.6691795515,-1.066550797931E+03,
    181.81436335833));
#691 = CARTESIAN_POINT('',(-324.9125447659,-1.067756321897E+03,207.7));
#692 = DEFINITIONAL_REPRESENTATION('',(#693),#697);
#693 = LINE('',#694,#695);
#694 = CARTESIAN_POINT('',(4.,0.));
#695 = VECTOR('',#696,1.);
#696 = DIRECTION('',(0.,1.));
#697 = ( GEOMETRIC_REPRESENTATION_CONTEXT(2) 
PARAMETRIC_REPRESENTATION_CONTEXT() REPRESENTATION_CONTEXT('2D SPACE',''
  ) );
#698 = ORIENTED_EDGE('',*,*,#699,.F.);
#699 = EDGE_CURVE('',#470,#607,#700,.T.);
#700 = SURFACE_CURVE('',#701,(#704,#711),.PCURVE_S1.);
#701 = B_SPLINE_CURVE_WITH_KNOTS('',1,(#702,#703),.UNSPECIFIED.,.F.,.F.,
  (2,2),(3.,4.),.PIECEWISE_BEZIER_KNOTS.);
#702 = CARTESIAN_POINT('',(-324.3203677,-1.067796111598E+03,207.7));
#703 = CARTESIAN_POINT('',(-324.6163031138,-1.067776259229E+03,207.7));
#704 = PCURVE('',#506,#705);
#705 = DEFINITIONAL_REPRESENTATION('',(#706),#710);
#706 = LINE('',#707,#708);
#707 = CARTESIAN_POINT('',(0.,1.));
#708 = VECTOR('',#709,1.);
#709 = DIRECTION('',(1.,0.));
#710 = ( GEOMETRIC_REPRESENTATION_CONTEXT(2) 
PARAMETRIC_REPRESENTATION_CONTEXT() REPRESENTATION_CONTEXT('2D SPACE',''
  ) );
#711 = PCURVE('',#206,#712);
#712 = DEFINITIONAL_REPRESENTATION('',(#713),#716);
#713 = B_SPLINE_CURVE_WITH_KNOTS('',1,(#714,#715),.UNSPECIFIED.,.F.,.F.,
  (2,2),(3.,4.),.PIECEWISE_BEZIER_KNOTS.);
#714 = CARTESIAN_POINT('',(0.861212393569,-0.196505838838));
#715 = CARTESIAN_POINT('',(1.155785031674,-0.231130202462));
#716 = ( GEOMETRIC_REPRESENTATION_CONTEXT(2) 
PARAMETRIC_REPRESENTATION_CONTEXT() REPRESENTATION_CONTEXT('2D SPACE',''
  ) );
#717 = ORIENTED_EDGE('',*,*,#469,.F.);
#718 = ADVANCED_FACE('',(#719),#643,.T.);
#719 = FACE_BOUND('',#720,.T.);
#720 = EDGE_LOOP('',(#721,#742,#835,#854));
#721 = ORIENTED_EDGE('',*,*,#722,.T.);
#722 = EDGE_CURVE('',#586,#723,#725,.T.);
#723 = VERTEX_POINT('',#724);
#724 = CARTESIAN_POINT('',(-205.5630172562,-1.009055112314E+03,-5.));
#725 = SURFACE_CURVE('',#726,(#729,#736),.PCURVE_S1.);
#726 = B_SPLINE_CURVE_WITH_KNOTS('',1,(#727,#728),.UNSPECIFIED.,.F.,.F.,
  (2,2),(4.,5.),.PIECEWISE_BEZIER_KNOTS.);
#727 = CARTESIAN_POINT('',(-197.998665084,-1.008926092239E+03,-5.));
#728 = CARTESIAN_POINT('',(-205.5630172562,-1.009055112314E+03,-5.));
#729 = PCURVE('',#643,#730);
#730 = DEFINITIONAL_REPRESENTATION('',(#731),#735);
#731 = LINE('',#732,#733);
#732 = CARTESIAN_POINT('',(0.,0.));
#733 = VECTOR('',#734,1.);
#734 = DIRECTION('',(1.,0.));
#735 = ( GEOMETRIC_REPRESENTATION_CONTEXT(2) 
PARAMETRIC_REPRESENTATION_CONTEXT() REPRESENTATION_CONTEXT('2D SPACE',''
  ) );
#736 = PCURVE('',#87,#737);
#737 = DEFINITIONAL_REPRESENTATION('',(#738),#741);
#738 = B_SPLINE_CURVE_WITH_KNOTS('',1,(#739,#740),.UNSPECIFIED.,.F.,.F.,
  (2,2),(4.,5.),.PIECEWISE_BEZIER_KNOTS.);
#739 = CARTESIAN_POINT('',(29.301176551978,-7.740444147519));
#740 = CARTESIAN_POINT('',(36.866609486374,-7.757604580062));
#741 = ( GEOMETRIC_REPRESENTATION_CONTEXT(2) 
PARAMETRIC_REPRESENTATION_CONTEXT() REPRESENTATION_CONTEXT('2D SPACE',''
  ) );
#742 = ORIENTED_EDGE('',*,*,#743,.T.);
#743 = EDGE_CURVE('',#723,#744,#746,.T.);
#744 = VERTEX_POINT('',#745);
#745 = CARTESIAN_POINT('',(-324.9125447659,-1.067756321897E+03,207.7));
#746 = SURFACE_CURVE('',#747,(#772,#779),.PCURVE_S1.);
#747 = ( BOUNDED_CURVE() B_SPLINE_CURVE(3,(#748,#749,#750,#751,#752,#753
    ,#754,#755,#756,#757,#758,#759,#760,#761,#762,#763,#764,#765,#766,
    #767,#768,#769,#770,#771),.UNSPECIFIED.,.F.,.F.) 
B_SPLINE_CURVE_WITH_KNOTS((4,1,1,1,1,1,1,1,1,1,1,1,1,1,1,1,1,1,1,1,1,4),
  (0.,8.351345992186E-02,0.136371070752,0.186631466795,0.236892072307,
    0.287245985354,0.337546964594,0.387892568228,0.438269195911,
    0.488657983617,0.539039913424,0.589390615006,0.639739510443,
    0.690135953221,0.740567502215,0.791001192157,0.824625304057,
    0.849810563706,0.930093869668,0.935215837381,0.950554965611,1.),
.UNSPECIFIED.) CURVE() GEOMETRIC_REPRESENTATION_ITEM() 
RATIONAL_B_SPLINE_CURVE((1.,1.000000000051,0.999999999985,1.000000000003
    ,0.999999999999,1.,1.,1.,1.,1.,1.,1.,1.,1.,1.,1.,1.000000000001,
    0.999999999998,1.000000000008,0.999999999937,1.000000000021,
0.999999999406,1.000000004078,1.)) REPRESENTATION_ITEM('') );
#748 = CARTESIAN_POINT('',(-205.5630172562,-1.009055112314E+03,-5.));
#749 = CARTESIAN_POINT('',(-203.3449338711,-988.3483600603,
    8.008717576553));
#750 = CARTESIAN_POINT('',(-202.442253137,-1.011165104084E+03,
    14.999325035651));
#751 = CARTESIAN_POINT('',(-213.335574936,-1.01597426323E+03,
    29.781777604759));
#752 = CARTESIAN_POINT('',(-219.6824763536,-1.019263242632E+03,
    42.001176541587));
#753 = CARTESIAN_POINT('',(-226.2685904339,-1.022448250313E+03,
    54.014146905159));
#754 = CARTESIAN_POINT('',(-235.149200343,-1.025617199844E+03,
    65.989969999267));
#755 = CARTESIAN_POINT('',(-241.8158251892,-1.028746415963E+03,
    78.007482310661));
#756 = CARTESIAN_POINT('',(-249.0678096585,-1.031894376577E+03,
    90.003188093923));
#757 = CARTESIAN_POINT('',(-256.1584873845,-1.035029258955E+03,
    102.00152178571));
#758 = CARTESIAN_POINT('',(-263.3165155727,-1.038194857157E+03,
    113.99940139363));
#759 = CARTESIAN_POINT('',(-270.5221808143,-1.041355224581E+03,
    125.99554831415));
#760 = CARTESIAN_POINT('',(-277.7110618715,-1.044523418896E+03,
    138.00035642969));
#761 = CARTESIAN_POINT('',(-284.8423272003,-1.04769184367E+03,
    150.00331724818));
#762 = CARTESIAN_POINT('',(-292.2539678483,-1.050854759221E+03,
    162.01546347963));
#763 = CARTESIAN_POINT('',(-299.5953171485,-1.054048892479E+03,
    173.95824023226));
#764 = CARTESIAN_POINT('',(-306.5149559188,-1.056769895962E+03,
    184.80040122606));
#765 = CARTESIAN_POINT('',(-311.1234017536,-1.05897565358E+03,
    193.04573531588));
#766 = CARTESIAN_POINT('',(-321.160741901,-1.062304860586E+03,
    205.83993582621));
#767 = CARTESIAN_POINT('',(-304.2616621594,-1.06215018448E+03,
    201.81943362341));
#768 = CARTESIAN_POINT('',(-310.8816620662,-1.063933547257E+03,
    206.71778633278));
#769 = CARTESIAN_POINT('',(-318.2873234186,-1.065453835564E+03,
    210.78852743977));
#770 = CARTESIAN_POINT('',(-307.6691795515,-1.066550797931E+03,
    181.81436335833));
#771 = CARTESIAN_POINT('',(-324.9125447659,-1.067756321897E+03,207.7));
#772 = PCURVE('',#643,#773);
#773 = DEFINITIONAL_REPRESENTATION('',(#774),#778);
#774 = LINE('',#775,#776);
#775 = CARTESIAN_POINT('',(5.,0.));
#776 = VECTOR('',#777,1.);
#777 = DIRECTION('',(0.,1.));
#778 = ( GEOMETRIC_REPRESENTATION_CONTEXT(2) 
PARAMETRIC_REPRESENTATION_CONTEXT() REPRESENTATION_CONTEXT('2D SPACE',''
  ) );
#779 = PCURVE('',#780,#829);
#780 = ( BOUNDED_SURFACE() B_SPLINE_SURFACE(1,3,(
    (#781,#782,#783,#784,#785,#786,#787,#788,#789,#790,#791,#792,#793
      ,#794,#795,#796,#797,#798,#799,#800,#801,#802,#803,#804)
    ,(#805,#806,#807,#808,#809,#810,#811,#812,#813,#814,#815,#816,#817
      ,#818,#819,#820,#821,#822,#823,#824,#825,#826,#827,#828
)),.UNSPECIFIED.,.F.,.F.,.F.) B_SPLINE_SURFACE_WITH_KNOTS((2,2),(4,1,1,1
    ,1,1,1,1,1,1,1,1,1,1,1,1,1,1,1,1,1,4),(5.,6.),(0.,8.351345992186E-02
    ,0.136371070752,0.186631466795,0.236892072307,0.287245985354,
    0.337546964594,0.387892568228,0.438269195911,0.488657983617,
    0.539039913424,0.589390615006,0.639739510443,0.690135953221,
    0.740567502215,0.791001192157,0.824625304057,0.849810563706,
    0.930093869668,0.935215837381,0.950554965611,1.),.UNSPECIFIED.) 
GEOMETRIC_REPRESENTATION_ITEM() RATIONAL_B_SPLINE_SURFACE((
    (1.,1.000000000051,0.999999999985,1.000000000003,0.999999999999,1.
      ,1.,1.,1.,1.,1.,1.,1.,1.,1.,1.,1.000000000001,0.999999999998
      ,1.000000000008,0.999999999937,1.000000000021,0.999999999406
      ,1.000000004078,1.)
    ,(1.,1.000000000051,0.999999999985,1.000000000003,0.999999999999,1.
      ,1.,1.,1.,1.,1.,1.,1.,1.,1.,1.,1.000000000001,0.999999999998
      ,1.000000000008,0.999999999937,1.000000000021,0.999999999406
,1.000000004078,1.))) REPRESENTATION_ITEM('') SURFACE() );
#781 = CARTESIAN_POINT('',(-205.5630172562,-1.009055112314E+03,-5.));
#782 = CARTESIAN_POINT('',(-203.3449338711,-988.3483600603,
    8.008717576553));
#783 = CARTESIAN_POINT('',(-202.442253137,-1.011165104084E+03,
    14.999325035651));
#784 = CARTESIAN_POINT('',(-213.335574936,-1.01597426323E+03,
    29.781777604759));
#785 = CARTESIAN_POINT('',(-219.6824763536,-1.019263242632E+03,
    42.001176541587));
#786 = CARTESIAN_POINT('',(-226.2685904339,-1.022448250313E+03,
    54.014146905159));
#787 = CARTESIAN_POINT('',(-235.149200343,-1.025617199844E+03,
    65.989969999267));
#788 = CARTESIAN_POINT('',(-241.8158251892,-1.028746415963E+03,
    78.007482310661));
#789 = CARTESIAN_POINT('',(-249.0678096585,-1.031894376577E+03,
    90.003188093923));
#790 = CARTESIAN_POINT('',(-256.1584873845,-1.035029258955E+03,
    102.00152178571));
#791 = CARTESIAN_POINT('',(-263.3165155727,-1.038194857157E+03,
    113.99940139363));
#792 = CARTESIAN_POINT('',(-270.5221808143,-1.041355224581E+03,
    125.99554831415));
#793 = CARTESIAN_POINT('',(-277.7110618715,-1.044523418896E+03,
    138.00035642969));
#794 = CARTESIAN_POINT('',(-284.8423272003,-1.04769184367E+03,
    150.00331724818));
#795 = CARTESIAN_POINT('',(-292.2539678483,-1.050854759221E+03,
    162.01546347963));
#796 = CARTESIAN_POINT('',(-299.5953171485,-1.054048892479E+03,
    173.95824023226));
#797 = CARTESIAN_POINT('',(-306.5149559188,-1.056769895962E+03,
    184.80040122606));
#798 = CARTESIAN_POINT('',(-311.1234017536,-1.05897565358E+03,
    193.04573531588));
#799 = CARTESIAN_POINT('',(-321.160741901,-1.062304860586E+03,
    205.83993582621));
#800 = CARTESIAN_POINT('',(-304.2616621594,-1.06215018448E+03,
    201.81943362341));
#801 = CARTESIAN_POINT('',(-310.8816620662,-1.063933547257E+03,
    206.71778633278));
#802 = CARTESIAN_POINT('',(-318.2873234186,-1.065453835564E+03,
    210.78852743977));
#803 = CARTESIAN_POINT('',(-307.6691795515,-1.066550797931E+03,
    181.81436335833));
#804 = CARTESIAN_POINT('',(-324.9125447659,-1.067756321897E+03,207.7));
#805 = CARTESIAN_POINT('',(-213.1688753082,-1.009516454879E+03,-5.));
#806 = CARTESIAN_POINT('',(-211.4918336371,-990.3515423569,
    8.008717576553));
#807 = CARTESIAN_POINT('',(-209.9989931209,-1.011384147923E+03,
    14.999325035651));
#808 = CARTESIAN_POINT('',(-220.748010397,-1.01609937389E+03,
    29.781777604759));
#809 = CARTESIAN_POINT('',(-226.9362349278,-1.01933455699E+03,
    42.001176541587));
#810 = CARTESIAN_POINT('',(-233.3397733407,-1.022508744046E+03,
    54.014146905159));
#811 = CARTESIAN_POINT('',(-242.0377534103,-1.025732490622E+03,
    65.989969999267));
#812 = CARTESIAN_POINT('',(-248.5166945389,-1.028847958576E+03,
    78.007482310661));
#813 = CARTESIAN_POINT('',(-255.5853360058,-1.031990798758E+03,
    90.003188093923));
#814 = CARTESIAN_POINT('',(-262.4917276462,-1.035142949428E+03,
    102.00152178571));
#815 = CARTESIAN_POINT('',(-269.4662593968,-1.038304652198E+03,
    113.99940139363));
#816 = CARTESIAN_POINT('',(-276.4901092855,-1.041465807504E+03,
    125.99554831415));
#817 = CARTESIAN_POINT('',(-283.4939967413,-1.044623092535E+03,
    138.00035642969));
#818 = CARTESIAN_POINT('',(-290.4409160176,-1.047814236601E+03,
    150.00331724818));
#819 = CARTESIAN_POINT('',(-297.6659654387,-1.050876886455E+03,
    162.01546347963));
#820 = CARTESIAN_POINT('',(-304.8190005508,-1.054055515452E+03,
    173.95824023226));
#821 = CARTESIAN_POINT('',(-311.5923595938,-1.056879743295E+03,
    184.80040122606));
#822 = CARTESIAN_POINT('',(-316.0358780868,-1.059110147078E+03,
    193.04573531588));
#823 = CARTESIAN_POINT('',(-326.040611628,-1.062234725636E+03,
    205.83993582621));
#824 = CARTESIAN_POINT('',(-308.0551355108,-1.061958975483E+03,
    201.81943362341));
#825 = CARTESIAN_POINT('',(-313.563273506,-1.063799642895E+03,
    206.71778633278));
#826 = CARTESIAN_POINT('',(-320.1822816101,-1.065372335218E+03,
    210.78852743977));
#827 = CARTESIAN_POINT('',(-307.589601293,-1.066460699313E+03,
    181.81436335833));
#828 = CARTESIAN_POINT('',(-325.208903308,-1.067741527368E+03,207.7));
#829 = DEFINITIONAL_REPRESENTATION('',(#830),#834);
#830 = LINE('',#831,#832);
#831 = CARTESIAN_POINT('',(5.,0.));
#832 = VECTOR('',#833,1.);
#833 = DIRECTION('',(0.,1.));
#834 = ( GEOMETRIC_REPRESENTATION_CONTEXT(2) 
PARAMETRIC_REPRESENTATION_CONTEXT() REPRESENTATION_CONTEXT('2D SPACE',''
  ) );
#835 = ORIENTED_EDGE('',*,*,#836,.F.);
#836 = EDGE_CURVE('',#607,#744,#837,.T.);
#837 = SURFACE_CURVE('',#838,(#841,#848),.PCURVE_S1.);
#838 = B_SPLINE_CURVE_WITH_KNOTS('',1,(#839,#840),.UNSPECIFIED.,.F.,.F.,
  (2,2),(4.,5.),.PIECEWISE_BEZIER_KNOTS.);
#839 = CARTESIAN_POINT('',(-324.6163031138,-1.067776259229E+03,207.7));
#840 = CARTESIAN_POINT('',(-324.9125447659,-1.067756321897E+03,207.7));
#841 = PCURVE('',#643,#842);
#842 = DEFINITIONAL_REPRESENTATION('',(#843),#847);
#843 = LINE('',#844,#845);
#844 = CARTESIAN_POINT('',(0.,1.));
#845 = VECTOR('',#846,1.);
#846 = DIRECTION('',(1.,0.));
#847 = ( GEOMETRIC_REPRESENTATION_CONTEXT(2) 
PARAMETRIC_REPRESENTATION_CONTEXT() REPRESENTATION_CONTEXT('2D SPACE',''
  ) );
#848 = PCURVE('',#206,#849);
#849 = DEFINITIONAL_REPRESENTATION('',(#850),#853);
#850 = B_SPLINE_CURVE_WITH_KNOTS('',1,(#851,#852),.UNSPECIFIED.,.F.,.F.,
  (2,2),(4.,5.),.PIECEWISE_BEZIER_KNOTS.);
#851 = CARTESIAN_POINT('',(1.155785031674,-0.231130202462));
#852 = CARTESIAN_POINT('',(1.45065927682,-0.265854735512));
#853 = ( GEOMETRIC_REPRESENTATION_CONTEXT(2) 
PARAMETRIC_REPRESENTATION_CONTEXT() REPRESENTATION_CONTEXT('2D SPACE',''
  ) );
#854 = ORIENTED_EDGE('',*,*,#606,.F.);
#855 = ADVANCED_FACE('',(#856),#780,.T.);
#856 = FACE_BOUND('',#857,.T.);
#857 = EDGE_LOOP('',(#858,#879,#972,#991));
#858 = ORIENTED_EDGE('',*,*,#859,.T.);
#859 = EDGE_CURVE('',#723,#860,#862,.T.);
#860 = VERTEX_POINT('',#861);
#861 = CARTESIAN_POINT('',(-213.1688753082,-1.009516454879E+03,-5.));
#862 = SURFACE_CURVE('',#863,(#866,#873),.PCURVE_S1.);
#863 = B_SPLINE_CURVE_WITH_KNOTS('',1,(#864,#865),.UNSPECIFIED.,.F.,.F.,
  (2,2),(5.,6.),.PIECEWISE_BEZIER_KNOTS.);
#864 = CARTESIAN_POINT('',(-205.5630172562,-1.009055112314E+03,-5.));
#865 = CARTESIAN_POINT('',(-213.1688753082,-1.009516454879E+03,-5.));
#866 = PCURVE('',#780,#867);
#867 = DEFINITIONAL_REPRESENTATION('',(#868),#872);
#868 = LINE('',#869,#870);
#869 = CARTESIAN_POINT('',(0.,0.));
#870 = VECTOR('',#871,1.);
#871 = DIRECTION('',(1.,0.));
#872 = ( GEOMETRIC_REPRESENTATION_CONTEXT(2) 
PARAMETRIC_REPRESENTATION_CONTEXT() REPRESENTATION_CONTEXT('2D SPACE',''
  ) );
#873 = PCURVE('',#87,#874);
#874 = DEFINITIONAL_REPRESENTATION('',(#875),#878);
#875 = B_SPLINE_CURVE_WITH_KNOTS('',1,(#876,#877),.UNSPECIFIED.,.F.,.F.,
  (2,2),(5.,6.),.PIECEWISE_BEZIER_KNOTS.);
#876 = CARTESIAN_POINT('',(36.866609486374,-7.757604580062));
#877 = CARTESIAN_POINT('',(44.479961599801,-7.443306526116));
#878 = ( GEOMETRIC_REPRESENTATION_CONTEXT(2) 
PARAMETRIC_REPRESENTATION_CONTEXT() REPRESENTATION_CONTEXT('2D SPACE',''
  ) );
#879 = ORIENTED_EDGE('',*,*,#880,.T.);
#880 = EDGE_CURVE('',#860,#881,#883,.T.);
#881 = VERTEX_POINT('',#882);
#882 = CARTESIAN_POINT('',(-325.208903308,-1.067741527368E+03,207.7));
#883 = SURFACE_CURVE('',#884,(#909,#916),.PCURVE_S1.);
#884 = ( BOUNDED_CURVE() B_SPLINE_CURVE(3,(#885,#886,#887,#888,#889,#890
    ,#891,#892,#893,#894,#895,#896,#897,#898,#899,#900,#901,#902,#903,
    #904,#905,#906,#907,#908),.UNSPECIFIED.,.F.,.F.) 
B_SPLINE_CURVE_WITH_KNOTS((4,1,1,1,1,1,1,1,1,1,1,1,1,1,1,1,1,1,1,1,1,4),
  (0.,8.351345992186E-02,0.136371070752,0.186631466795,0.236892072307,
    0.287245985354,0.337546964594,0.387892568228,0.438269195911,
    0.488657983617,0.539039913424,0.589390615006,0.639739510443,
    0.690135953221,0.740567502215,0.791001192157,0.824625304057,
    0.849810563706,0.930093869668,0.935215837381,0.950554965611,1.),
.UNSPECIFIED.) CURVE() GEOMETRIC_REPRESENTATION_ITEM() 
RATIONAL_B_SPLINE_CURVE((1.,1.000000000051,0.999999999985,1.000000000003
    ,0.999999999999,1.,1.,1.,1.,1.,1.,1.,1.,1.,1.,1.,1.000000000001,
    0.999999999998,1.000000000008,0.999999999937,1.000000000021,
0.999999999406,1.000000004078,1.)) REPRESENTATION_ITEM('') );
#885 = CARTESIAN_POINT('',(-213.1688753082,-1.009516454879E+03,-5.));
#886 = CARTESIAN_POINT('',(-211.4918336371,-990.3515423569,
    8.008717576553));
#887 = CARTESIAN_POINT('',(-209.9989931209,-1.011384147923E+03,
    14.999325035651));
#888 = CARTESIAN_POINT('',(-220.748010397,-1.01609937389E+03,
    29.781777604759));
#889 = CARTESIAN_POINT('',(-226.9362349278,-1.01933455699E+03,
    42.001176541587));
#890 = CARTESIAN_POINT('',(-233.3397733407,-1.022508744046E+03,
    54.014146905159));
#891 = CARTESIAN_POINT('',(-242.0377534103,-1.025732490622E+03,
    65.989969999267));
#892 = CARTESIAN_POINT('',(-248.5166945389,-1.028847958576E+03,
    78.007482310661));
#893 = CARTESIAN_POINT('',(-255.5853360058,-1.031990798758E+03,
    90.003188093923));
#894 = CARTESIAN_POINT('',(-262.4917276462,-1.035142949428E+03,
    102.00152178571));
#895 = CARTESIAN_POINT('',(-269.4662593968,-1.038304652198E+03,
    113.99940139363));
#896 = CARTESIAN_POINT('',(-276.4901092855,-1.041465807504E+03,
    125.99554831415));
#897 = CARTESIAN_POINT('',(-283.4939967413,-1.044623092535E+03,
    138.00035642969));
#898 = CARTESIAN_POINT('',(-290.4409160176,-1.047814236601E+03,
    150.00331724818));
#899 = CARTESIAN_POINT('',(-297.6659654387,-1.050876886455E+03,
    162.01546347963));
#900 = CARTESIAN_POINT('',(-304.8190005508,-1.054055515452E+03,
    173.95824023226));
#901 = CARTESIAN_POINT('',(-311.5923595938,-1.056879743295E+03,
    184.80040122606));
#902 = CARTESIAN_POINT('',(-316.0358780868,-1.059110147078E+03,
    193.04573531588));
#903 = CARTESIAN_POINT('',(-326.040611628,-1.062234725636E+03,
    205.83993582621));
#904 = CARTESIAN_POINT('',(-308.0551355108,-1.061958975483E+03,
    201.81943362341));
#905 = CARTESIAN_POINT('',(-313.563273506,-1.063799642895E+03,
    206.71778633278));
#906 = CARTESIAN_POINT('',(-320.1822816101,-1.065372335218E+03,
    210.78852743977));
#907 = CARTESIAN_POINT('',(-307.589601293,-1.066460699313E+03,
    181.81436335833));
#908 = CARTESIAN_POINT('',(-325.208903308,-1.067741527368E+03,207.7));
#909 = PCURVE('',#780,#910);
#910 = DEFINITIONAL_REPRESENTATION('',(#911),#915);
#911 = LINE('',#912,#913);
#912 = CARTESIAN_POINT('',(6.,0.));
#913 = VECTOR('',#914,1.);
#914 = DIRECTION('',(0.,1.));
#915 = ( GEOMETRIC_REPRESENTATION_CONTEXT(2) 
PARAMETRIC_REPRESENTATION_CONTEXT() REPRESENTATION_CONTEXT('2D SPACE',''
  ) );
#916 = PCURVE('',#917,#966);
#917 = ( BOUNDED_SURFACE() B_SPLINE_SURFACE(1,3,(
    (#918,#919,#920,#921,#922,#923,#924,#925,#926,#927,#928,#929,#930
      ,#931,#932,#933,#934,#935,#936,#937,#938,#939,#940,#941)
    ,(#942,#943,#944,#945,#946,#947,#948,#949,#950,#951,#952,#953,#954
      ,#955,#956,#957,#958,#959,#960,#961,#962,#963,#964,#965
)),.UNSPECIFIED.,.F.,.F.,.F.) B_SPLINE_SURFACE_WITH_KNOTS((2,2),(4,1,1,1
    ,1,1,1,1,1,1,1,1,1,1,1,1,1,1,1,1,1,4),(6.,7.),(0.,8.351345992186E-02
    ,0.136371070752,0.186631466795,0.236892072307,0.287245985354,
    0.337546964594,0.387892568228,0.438269195911,0.488657983617,
    0.539039913424,0.589390615006,0.639739510443,0.690135953221,
    0.740567502215,0.791001192157,0.824625304057,0.849810563706,
    0.930093869668,0.935215837381,0.950554965611,1.),.UNSPECIFIED.) 
GEOMETRIC_REPRESENTATION_ITEM() RATIONAL_B_SPLINE_SURFACE((
    (1.,1.000000000051,0.999999999985,1.000000000003,0.999999999999,1.
      ,1.,1.,1.,1.,1.,1.,1.,1.,1.,1.,1.000000000001,0.999999999998
      ,1.000000000008,0.999999999937,1.000000000021,0.999999999406
      ,1.000000004078,1.)
    ,(1.,1.000000000051,0.999999999985,1.000000000003,0.999999999999,1.
      ,1.,1.,1.,1.,1.,1.,1.,1.,1.,1.,1.000000000001,0.999999999998
      ,1.000000000008,0.999999999937,1.000000000021,0.999999999406
,1.000000004078,1.))) REPRESENTATION_ITEM('') SURFACE() );
#918 = CARTESIAN_POINT('',(-213.1688753082,-1.009516454879E+03,-5.));
#919 = CARTESIAN_POINT('',(-211.4918336371,-990.3515423569,
    8.008717576553));
#920 = CARTESIAN_POINT('',(-209.9989931209,-1.011384147923E+03,
    14.999325035651));
#921 = CARTESIAN_POINT('',(-220.748010397,-1.01609937389E+03,
    29.781777604759));
#922 = CARTESIAN_POINT('',(-226.9362349278,-1.01933455699E+03,
    42.001176541587));
#923 = CARTESIAN_POINT('',(-233.3397733407,-1.022508744046E+03,
    54.014146905159));
#924 = CARTESIAN_POINT('',(-242.0377534103,-1.025732490622E+03,
    65.989969999267));
#925 = CARTESIAN_POINT('',(-248.5166945389,-1.028847958576E+03,
    78.007482310661));
#926 = CARTESIAN_POINT('',(-255.5853360058,-1.031990798758E+03,
    90.003188093923));
#927 = CARTESIAN_POINT('',(-262.4917276462,-1.035142949428E+03,
    102.00152178571));
#928 = CARTESIAN_POINT('',(-269.4662593968,-1.038304652198E+03,
    113.99940139363));
#929 = CARTESIAN_POINT('',(-276.4901092855,-1.041465807504E+03,
    125.99554831415));
#930 = CARTESIAN_POINT('',(-283.4939967413,-1.044623092535E+03,
    138.00035642969));
#931 = CARTESIAN_POINT('',(-290.4409160176,-1.047814236601E+03,
    150.00331724818));
#932 = CARTESIAN_POINT('',(-297.6659654387,-1.050876886455E+03,
    162.01546347963));
#933 = CARTESIAN_POINT('',(-304.8190005508,-1.054055515452E+03,
    173.95824023226));
#934 = CARTESIAN_POINT('',(-311.5923595938,-1.056879743295E+03,
    184.80040122606));
#935 = CARTESIAN_POINT('',(-316.0358780868,-1.059110147078E+03,
    193.04573531588));
#936 = CARTESIAN_POINT('',(-326.040611628,-1.062234725636E+03,
    205.83993582621));
#937 = CARTESIAN_POINT('',(-308.0551355108,-1.061958975483E+03,
    201.81943362341));
#938 = CARTESIAN_POINT('',(-313.563273506,-1.063799642895E+03,
    206.71778633278));
#939 = CARTESIAN_POINT('',(-320.1822816101,-1.065372335218E+03,
    210.78852743977));
#940 = CARTESIAN_POINT('',(-307.589601293,-1.066460699313E+03,
    181.81436335833));
#941 = CARTESIAN_POINT('',(-325.208903308,-1.067741527368E+03,207.7));
#942 = CARTESIAN_POINT('',(-220.7836155849,-1.009832458574E+03,-5.));
#943 = CARTESIAN_POINT('',(-219.6913770448,-991.3742504395,
    8.008717576553));
#944 = CARTESIAN_POINT('',(-217.5574224549,-1.011610004687E+03,
    14.999325035651));
#945 = CARTESIAN_POINT('',(-228.1604484394,-1.016217332447E+03,
    29.781777604759));
#946 = CARTESIAN_POINT('',(-234.1902076299,-1.019435142117E+03,
    42.001176541587));
#947 = CARTESIAN_POINT('',(-240.4110251229,-1.022613095979E+03,
    54.014146905159));
#948 = CARTESIAN_POINT('',(-248.9262615656,-1.025837625651E+03,
    65.989969999267));
#949 = CARTESIAN_POINT('',(-255.2176745859,-1.028946292411E+03,
    78.007482310661));
#950 = CARTESIAN_POINT('',(-262.1024639513,-1.032110249068E+03,
    90.003188093923));
#951 = CARTESIAN_POINT('',(-268.8249303785,-1.035258312949E+03,
    102.00152178571));
#952 = CARTESIAN_POINT('',(-275.616035241,-1.038415498491E+03,
    113.99940139363));
#953 = CARTESIAN_POINT('',(-282.4579472452,-1.041570514953E+03,
    125.99554831415));
#954 = CARTESIAN_POINT('',(-289.2759987223,-1.044699210688E+03,
    138.00035642969));
#955 = CARTESIAN_POINT('',(-296.0366227464,-1.04785700577E+03,
    150.00331724818));
#956 = CARTESIAN_POINT('',(-303.0804121055,-1.051009708662E+03,
    162.01546347963));
#957 = CARTESIAN_POINT('',(-310.0454998681,-1.054166207674E+03,
    173.95824023226));
#958 = CARTESIAN_POINT('',(-316.6692037454,-1.056968919106E+03,
    184.80040122606));
#959 = CARTESIAN_POINT('',(-320.9485780764,-1.059254416871E+03,
    193.04573531588));
#960 = CARTESIAN_POINT('',(-330.9195991018,-1.062127616319E+03,
    205.83993582621));
#961 = CARTESIAN_POINT('',(-311.8550150629,-1.062032987598E+03,
    201.81943362341));
#962 = CARTESIAN_POINT('',(-316.2493869152,-1.063852127577E+03,
    206.71778633278));
#963 = CARTESIAN_POINT('',(-322.0793710109,-1.065378965553E+03,
    210.78852743977));
#964 = CARTESIAN_POINT('',(-307.5172477479,-1.066670435068E+03,
    181.81436335833));
#965 = CARTESIAN_POINT('',(-325.5057577981,-1.067747265632E+03,207.7));
#966 = DEFINITIONAL_REPRESENTATION('',(#967),#971);
#967 = LINE('',#968,#969);
#968 = CARTESIAN_POINT('',(6.,0.));
#969 = VECTOR('',#970,1.);
#970 = DIRECTION('',(0.,1.));
#971 = ( GEOMETRIC_REPRESENTATION_CONTEXT(2) 
PARAMETRIC_REPRESENTATION_CONTEXT() REPRESENTATION_CONTEXT('2D SPACE',''
  ) );
#972 = ORIENTED_EDGE('',*,*,#973,.F.);
#973 = EDGE_CURVE('',#744,#881,#974,.T.);
#974 = SURFACE_CURVE('',#975,(#978,#985),.PCURVE_S1.);
#975 = B_SPLINE_CURVE_WITH_KNOTS('',1,(#976,#977),.UNSPECIFIED.,.F.,.F.,
  (2,2),(5.,6.),.PIECEWISE_BEZIER_KNOTS.);
#976 = CARTESIAN_POINT('',(-324.9125447659,-1.067756321897E+03,207.7));
#977 = CARTESIAN_POINT('',(-325.208903308,-1.067741527368E+03,207.7));
#978 = PCURVE('',#780,#979);
#979 = DEFINITIONAL_REPRESENTATION('',(#980),#984);
#980 = LINE('',#981,#982);
#981 = CARTESIAN_POINT('',(0.,1.));
#982 = VECTOR('',#983,1.);
#983 = DIRECTION('',(1.,0.));
#984 = ( GEOMETRIC_REPRESENTATION_CONTEXT(2) 
PARAMETRIC_REPRESENTATION_CONTEXT() REPRESENTATION_CONTEXT('2D SPACE',''
  ) );
#985 = PCURVE('',#206,#986);
#986 = DEFINITIONAL_REPRESENTATION('',(#987),#990);
#987 = B_SPLINE_CURVE_WITH_KNOTS('',1,(#988,#989),.UNSPECIFIED.,.F.,.F.,
  (2,2),(5.,6.),.PIECEWISE_BEZIER_KNOTS.);
#988 = CARTESIAN_POINT('',(1.45065927682,-0.265854735512));
#989 = CARTESIAN_POINT('',(1.745907406891,-0.295448743032));
#990 = ( GEOMETRIC_REPRESENTATION_CONTEXT(2) 
PARAMETRIC_REPRESENTATION_CONTEXT() REPRESENTATION_CONTEXT('2D SPACE',''
  ) );
#991 = ORIENTED_EDGE('',*,*,#743,.F.);
#992 = ADVANCED_FACE('',(#993),#917,.T.);
#993 = FACE_BOUND('',#994,.T.);
#994 = EDGE_LOOP('',(#995,#1016,#1109,#1128));
#995 = ORIENTED_EDGE('',*,*,#996,.T.);
#996 = EDGE_CURVE('',#860,#997,#999,.T.);
#997 = VERTEX_POINT('',#998);
#998 = CARTESIAN_POINT('',(-220.7836155849,-1.009832458574E+03,-5.));
#999 = SURFACE_CURVE('',#1000,(#1003,#1010),.PCURVE_S1.);
#1000 = B_SPLINE_CURVE_WITH_KNOTS('',1,(#1001,#1002),.UNSPECIFIED.,.F.,
  .F.,(2,2),(6.,7.),.PIECEWISE_BEZIER_KNOTS.);
#1001 = CARTESIAN_POINT('',(-213.1688753082,-1.009516454879E+03,-5.));
#1002 = CARTESIAN_POINT('',(-220.7836155849,-1.009832458574E+03,-5.));
#1003 = PCURVE('',#917,#1004);
#1004 = DEFINITIONAL_REPRESENTATION('',(#1005),#1009);
#1005 = LINE('',#1006,#1007);
#1006 = CARTESIAN_POINT('',(0.,0.));
#1007 = VECTOR('',#1008,1.);
#1008 = DIRECTION('',(1.,0.));
#1009 = ( GEOMETRIC_REPRESENTATION_CONTEXT(2) 
PARAMETRIC_REPRESENTATION_CONTEXT() REPRESENTATION_CONTEXT('2D SPACE',''
  ) );
#1010 = PCURVE('',#87,#1011);
#1011 = DEFINITIONAL_REPRESENTATION('',(#1012),#1015);
#1012 = B_SPLINE_CURVE_WITH_KNOTS('',1,(#1013,#1014),.UNSPECIFIED.,.F.,
  .F.,(2,2),(6.,7.),.PIECEWISE_BEZIER_KNOTS.);
#1013 = CARTESIAN_POINT('',(44.479961599801,-7.443306526116));
#1014 = CARTESIAN_POINT('',(52.099386080359,-7.274491831163));
#1015 = ( GEOMETRIC_REPRESENTATION_CONTEXT(2) 
PARAMETRIC_REPRESENTATION_CONTEXT() REPRESENTATION_CONTEXT('2D SPACE',''
  ) );
#1016 = ORIENTED_EDGE('',*,*,#1017,.T.);
#1017 = EDGE_CURVE('',#997,#1018,#1020,.T.);
#1018 = VERTEX_POINT('',#1019);
#1019 = CARTESIAN_POINT('',(-325.5057577981,-1.067747265632E+03,207.7));
#1020 = SURFACE_CURVE('',#1021,(#1046,#1053),.PCURVE_S1.);
#1021 = ( BOUNDED_CURVE() B_SPLINE_CURVE(3,(#1022,#1023,#1024,#1025,
    #1026,#1027,#1028,#1029,#1030,#1031,#1032,#1033,#1034,#1035,#1036,
    #1037,#1038,#1039,#1040,#1041,#1042,#1043,#1044,#1045),
.UNSPECIFIED.,.F.,.F.) B_SPLINE_CURVE_WITH_KNOTS((4,1,1,1,1,1,1,1,1,1,1,
    1,1,1,1,1,1,1,1,1,1,4),(0.,8.351345992186E-02,0.136371070752,
    0.186631466795,0.236892072307,0.287245985354,0.337546964594,
    0.387892568228,0.438269195911,0.488657983617,0.539039913424,
    0.589390615006,0.639739510443,0.690135953221,0.740567502215,
    0.791001192157,0.824625304057,0.849810563706,0.930093869668,
0.935215837381,0.950554965611,1.),.UNSPECIFIED.) CURVE() 
GEOMETRIC_REPRESENTATION_ITEM() RATIONAL_B_SPLINE_CURVE((1.,
    1.000000000051,0.999999999985,1.000000000003,0.999999999999,1.,1.,1.
    ,1.,1.,1.,1.,1.,1.,1.,1.,1.000000000001,0.999999999998,
    1.000000000008,0.999999999937,1.000000000021,0.999999999406,
1.000000004078,1.)) REPRESENTATION_ITEM('') );
#1022 = CARTESIAN_POINT('',(-220.7836155849,-1.009832458574E+03,-5.));
#1023 = CARTESIAN_POINT('',(-219.6913770448,-991.3742504395,
    8.008717576553));
#1024 = CARTESIAN_POINT('',(-217.5574224549,-1.011610004687E+03,
    14.999325035651));
#1025 = CARTESIAN_POINT('',(-228.1604484394,-1.016217332447E+03,
    29.781777604759));
#1026 = CARTESIAN_POINT('',(-234.1902076299,-1.019435142117E+03,
    42.001176541587));
#1027 = CARTESIAN_POINT('',(-240.4110251229,-1.022613095979E+03,
    54.014146905159));
#1028 = CARTESIAN_POINT('',(-248.9262615656,-1.025837625651E+03,
    65.989969999267));
#1029 = CARTESIAN_POINT('',(-255.2176745859,-1.028946292411E+03,
    78.007482310661));
#1030 = CARTESIAN_POINT('',(-262.1024639513,-1.032110249068E+03,
    90.003188093923));
#1031 = CARTESIAN_POINT('',(-268.8249303785,-1.035258312949E+03,
    102.00152178571));
#1032 = CARTESIAN_POINT('',(-275.616035241,-1.038415498491E+03,
    113.99940139363));
#1033 = CARTESIAN_POINT('',(-282.4579472452,-1.041570514953E+03,
    125.99554831415));
#1034 = CARTESIAN_POINT('',(-289.2759987223,-1.044699210688E+03,
    138.00035642969));
#1035 = CARTESIAN_POINT('',(-296.0366227464,-1.04785700577E+03,
    150.00331724818));
#1036 = CARTESIAN_POINT('',(-303.0804121055,-1.051009708662E+03,
    162.01546347963));
#1037 = CARTESIAN_POINT('',(-310.0454998681,-1.054166207674E+03,
    173.95824023226));
#1038 = CARTESIAN_POINT('',(-316.6692037454,-1.056968919106E+03,
    184.80040122606));
#1039 = CARTESIAN_POINT('',(-320.9485780764,-1.059254416871E+03,
    193.04573531588));
#1040 = CARTESIAN_POINT('',(-330.9195991018,-1.062127616319E+03,
    205.83993582621));
#1041 = CARTESIAN_POINT('',(-311.8550150629,-1.062032987598E+03,
    201.81943362341));
#1042 = CARTESIAN_POINT('',(-316.2493869152,-1.063852127577E+03,
    206.71778633278));
#1043 = CARTESIAN_POINT('',(-322.0793710109,-1.065378965553E+03,
    210.78852743977));
#1044 = CARTESIAN_POINT('',(-307.5172477479,-1.066670435068E+03,
    181.81436335833));
#1045 = CARTESIAN_POINT('',(-325.5057577981,-1.067747265632E+03,207.7));
#1046 = PCURVE('',#917,#1047);
#1047 = DEFINITIONAL_REPRESENTATION('',(#1048),#1052);
#1048 = LINE('',#1049,#1050);
#1049 = CARTESIAN_POINT('',(7.,0.));
#1050 = VECTOR('',#1051,1.);
#1051 = DIRECTION('',(0.,1.));
#1052 = ( GEOMETRIC_REPRESENTATION_CONTEXT(2) 
PARAMETRIC_REPRESENTATION_CONTEXT() REPRESENTATION_CONTEXT('2D SPACE',''
  ) );
#1053 = PCURVE('',#1054,#1103);
#1054 = ( BOUNDED_SURFACE() B_SPLINE_SURFACE(1,3,(
    (#1055,#1056,#1057,#1058,#1059,#1060,#1061,#1062,#1063,#1064,#1065
      ,#1066,#1067,#1068,#1069,#1070,#1071,#1072,#1073,#1074,#1075,#1076
      ,#1077,#1078)
    ,(#1079,#1080,#1081,#1082,#1083,#1084,#1085,#1086,#1087,#1088,#1089
      ,#1090,#1091,#1092,#1093,#1094,#1095,#1096,#1097,#1098,#1099,#1100
      ,#1101,#1102
)),.UNSPECIFIED.,.F.,.F.,.F.) B_SPLINE_SURFACE_WITH_KNOTS((2,2),(4,1,1,1
    ,1,1,1,1,1,1,1,1,1,1,1,1,1,1,1,1,1,4),(7.,8.),(0.,8.351345992186E-02
    ,0.136371070752,0.186631466795,0.236892072307,0.287245985354,
    0.337546964594,0.387892568228,0.438269195911,0.488657983617,
    0.539039913424,0.589390615006,0.639739510443,0.690135953221,
    0.740567502215,0.791001192157,0.824625304057,0.849810563706,
    0.930093869668,0.935215837381,0.950554965611,1.),.UNSPECIFIED.) 
GEOMETRIC_REPRESENTATION_ITEM() RATIONAL_B_SPLINE_SURFACE((
    (1.,1.000000000051,0.999999999985,1.000000000003,0.999999999999,1.
      ,1.,1.,1.,1.,1.,1.,1.,1.,1.,1.,1.000000000001,0.999999999998
      ,1.000000000008,0.999999999937,1.000000000021,0.999999999406
      ,1.000000004078,1.)
    ,(1.,1.000000000051,0.999999999985,1.000000000003,0.999999999999,1.
      ,1.,1.,1.,1.,1.,1.,1.,1.,1.,1.,1.000000000001,0.999999999998
      ,1.000000000008,0.999999999937,1.000000000021,0.999999999406
,1.000000004078,1.))) REPRESENTATION_ITEM('') SURFACE() );
#1055 = CARTESIAN_POINT('',(-220.7836155849,-1.009832458574E+03,-5.));
#1056 = CARTESIAN_POINT('',(-219.6913770448,-991.3742504395,
    8.008717576553));
#1057 = CARTESIAN_POINT('',(-217.5574224549,-1.011610004687E+03,
    14.999325035651));
#1058 = CARTESIAN_POINT('',(-228.1604484394,-1.016217332447E+03,
    29.781777604759));
#1059 = CARTESIAN_POINT('',(-234.1902076299,-1.019435142117E+03,
    42.001176541587));
#1060 = CARTESIAN_POINT('',(-240.4110251229,-1.022613095979E+03,
    54.014146905159));
#1061 = CARTESIAN_POINT('',(-248.9262615656,-1.025837625651E+03,
    65.989969999267));
#1062 = CARTESIAN_POINT('',(-255.2176745859,-1.028946292411E+03,
    78.007482310661));
#1063 = CARTESIAN_POINT('',(-262.1024639513,-1.032110249068E+03,
    90.003188093923));
#1064 = CARTESIAN_POINT('',(-268.8249303785,-1.035258312949E+03,
    102.00152178571));
#1065 = CARTESIAN_POINT('',(-275.616035241,-1.038415498491E+03,
    113.99940139363));
#1066 = CARTESIAN_POINT('',(-282.4579472452,-1.041570514953E+03,
    125.99554831415));
#1067 = CARTESIAN_POINT('',(-289.2759987223,-1.044699210688E+03,
    138.00035642969));
#1068 = CARTESIAN_POINT('',(-296.0366227464,-1.04785700577E+03,
    150.00331724818));
#1069 = CARTESIAN_POINT('',(-303.0804121055,-1.051009708662E+03,
    162.01546347963));
#1070 = CARTESIAN_POINT('',(-310.0454998681,-1.054166207674E+03,
    173.95824023226));
#1071 = CARTESIAN_POINT('',(-316.6692037454,-1.056968919106E+03,
    184.80040122606));
#1072 = CARTESIAN_POINT('',(-320.9485780764,-1.059254416871E+03,
    193.04573531588));
#1073 = CARTESIAN_POINT('',(-330.9195991018,-1.062127616319E+03,
    205.83993582621));
#1074 = CARTESIAN_POINT('',(-311.8550150629,-1.062032987598E+03,
    201.81943362341));
#1075 = CARTESIAN_POINT('',(-316.2493869152,-1.063852127577E+03,
    206.71778633278));
#1076 = CARTESIAN_POINT('',(-322.0793710109,-1.065378965553E+03,
    210.78852743977));
#1077 = CARTESIAN_POINT('',(-307.5172477479,-1.066670435068E+03,
    181.81436335833));
#1078 = CARTESIAN_POINT('',(-325.5057577981,-1.067747265632E+03,207.7));
#1079 = CARTESIAN_POINT('',(-228.3983558616,-1.010148462268E+03,-5.));
#1080 = CARTESIAN_POINT('',(-227.8853701089,-992.6447836011,
    8.008717576553));
#1081 = CARTESIAN_POINT('',(-225.1172446195,-1.011776845473E+03,
    14.999325035651));
#1082 = CARTESIAN_POINT('',(-235.573003109,-1.016323414175E+03,
    29.781777604759));
#1083 = CARTESIAN_POINT('',(-241.444143887,-1.019538080082E+03,
    42.001176541587));
#1084 = CARTESIAN_POINT('',(-247.4823086923,-1.022719672423E+03,
    54.014146905159));
#1085 = CARTESIAN_POINT('',(-255.8142624364,-1.025959501432E+03,
    65.989969999267));
#1086 = CARTESIAN_POINT('',(-261.9174345373,-1.029100360623E+03,
    78.007482310661));
#1087 = CARTESIAN_POINT('',(-268.6185957941,-1.032264338507E+03,
    90.003188093923));
#1088 = CARTESIAN_POINT('',(-275.1567857783,-1.035424393505E+03,
    102.00152178571));
#1089 = CARTESIAN_POINT('',(-281.7642939302,-1.038574729334E+03,
    113.99940139363));
#1090 = CARTESIAN_POINT('',(-288.4237505813,-1.041718534918E+03,
    125.99554831415));
#1091 = CARTESIAN_POINT('',(-295.0578015319,-1.044865393651E+03,
    138.00035642969));
#1092 = CARTESIAN_POINT('',(-301.6332263289,-1.04801020225E+03,
    150.00331724818));
#1093 = CARTESIAN_POINT('',(-308.4931908735,-1.051163574021E+03,
    162.01546347963));
#1094 = CARTESIAN_POINT('',(-315.2712270766,-1.054312251135E+03,
    173.95824023226));
#1095 = CARTESIAN_POINT('',(-321.7440874977,-1.057131921877E+03,
    184.80040122606));
#1096 = CARTESIAN_POINT('',(-325.8624204202,-1.059343737766E+03,
    193.04573531588));
#1097 = CARTESIAN_POINT('',(-335.7917875465,-1.062332596797E+03,
    205.83993582621));
#1098 = CARTESIAN_POINT('',(-315.6552673449,-1.062086431852E+03,
    201.81943362341));
#1099 = CARTESIAN_POINT('',(-318.9357682098,-1.063889893025E+03,
    206.71778633278));
#1100 = CARTESIAN_POINT('',(-323.9755686812,-1.06542523984E+03,
    210.78852743977));
#1101 = CARTESIAN_POINT('',(-307.4523889515,-1.066533222955E+03,
    181.81436335833));
#1102 = CARTESIAN_POINT('',(-325.8026397151,-1.067751477635E+03,207.7));
#1103 = DEFINITIONAL_REPRESENTATION('',(#1104),#1108);
#1104 = LINE('',#1105,#1106);
#1105 = CARTESIAN_POINT('',(7.,0.));
#1106 = VECTOR('',#1107,1.);
#1107 = DIRECTION('',(0.,1.));
#1108 = ( GEOMETRIC_REPRESENTATION_CONTEXT(2) 
PARAMETRIC_REPRESENTATION_CONTEXT() REPRESENTATION_CONTEXT('2D SPACE',''
  ) );
#1109 = ORIENTED_EDGE('',*,*,#1110,.F.);
#1110 = EDGE_CURVE('',#881,#1018,#1111,.T.);
#1111 = SURFACE_CURVE('',#1112,(#1115,#1122),.PCURVE_S1.);
#1112 = B_SPLINE_CURVE_WITH_KNOTS('',1,(#1113,#1114),.UNSPECIFIED.,.F.,
  .F.,(2,2),(6.,7.),.PIECEWISE_BEZIER_KNOTS.);
#1113 = CARTESIAN_POINT('',(-325.208903308,-1.067741527368E+03,207.7));
#1114 = CARTESIAN_POINT('',(-325.5057577981,-1.067747265632E+03,207.7));
#1115 = PCURVE('',#917,#1116);
#1116 = DEFINITIONAL_REPRESENTATION('',(#1117),#1121);
#1117 = LINE('',#1118,#1119);
#1118 = CARTESIAN_POINT('',(0.,1.));
#1119 = VECTOR('',#1120,1.);
#1120 = DIRECTION('',(1.,0.));
#1121 = ( GEOMETRIC_REPRESENTATION_CONTEXT(2) 
PARAMETRIC_REPRESENTATION_CONTEXT() REPRESENTATION_CONTEXT('2D SPACE',''
  ) );
#1122 = PCURVE('',#206,#1123);
#1123 = DEFINITIONAL_REPRESENTATION('',(#1124),#1127);
#1124 = B_SPLINE_CURVE_WITH_KNOTS('',1,(#1125,#1126),.UNSPECIFIED.,.F.,
  .F.,(2,2),(6.,7.),.PIECEWISE_BEZIER_KNOTS.);
#1125 = CARTESIAN_POINT('',(1.745907406891,-0.295448743032));
#1126 = CARTESIAN_POINT('',(2.042677508162,-0.304560436467));
#1127 = ( GEOMETRIC_REPRESENTATION_CONTEXT(2) 
PARAMETRIC_REPRESENTATION_CONTEXT() REPRESENTATION_CONTEXT('2D SPACE',''
  ) );
#1128 = ORIENTED_EDGE('',*,*,#880,.F.);
#1129 = ADVANCED_FACE('',(#1130),#1054,.T.);
#1130 = FACE_BOUND('',#1131,.T.);
#1131 = EDGE_LOOP('',(#1132,#1153,#1246,#1265));
#1132 = ORIENTED_EDGE('',*,*,#1133,.T.);
#1133 = EDGE_CURVE('',#997,#1134,#1136,.T.);
#1134 = VERTEX_POINT('',#1135);
#1135 = CARTESIAN_POINT('',(-228.3983558616,-1.010148462268E+03,-5.));
#1136 = SURFACE_CURVE('',#1137,(#1140,#1147),.PCURVE_S1.);
#1137 = B_SPLINE_CURVE_WITH_KNOTS('',1,(#1138,#1139),.UNSPECIFIED.,.F.,
  .F.,(2,2),(7.,8.),.PIECEWISE_BEZIER_KNOTS.);
#1138 = CARTESIAN_POINT('',(-220.7836155849,-1.009832458574E+03,-5.));
#1139 = CARTESIAN_POINT('',(-228.3983558616,-1.010148462268E+03,-5.));
#1140 = PCURVE('',#1054,#1141);
#1141 = DEFINITIONAL_REPRESENTATION('',(#1142),#1146);
#1142 = LINE('',#1143,#1144);
#1143 = CARTESIAN_POINT('',(0.,0.));
#1144 = VECTOR('',#1145,1.);
#1145 = DIRECTION('',(1.,0.));
#1146 = ( GEOMETRIC_REPRESENTATION_CONTEXT(2) 
PARAMETRIC_REPRESENTATION_CONTEXT() REPRESENTATION_CONTEXT('2D SPACE',''
  ) );
#1147 = PCURVE('',#87,#1148);
#1148 = DEFINITIONAL_REPRESENTATION('',(#1149),#1152);
#1149 = B_SPLINE_CURVE_WITH_KNOTS('',1,(#1150,#1151),.UNSPECIFIED.,.F.,
  .F.,(2,2),(7.,8.),.PIECEWISE_BEZIER_KNOTS.);
#1150 = CARTESIAN_POINT('',(52.099386080359,-7.274491831163));
#1151 = CARTESIAN_POINT('',(59.718810560917,-7.10567713621));
#1152 = ( GEOMETRIC_REPRESENTATION_CONTEXT(2) 
PARAMETRIC_REPRESENTATION_CONTEXT() REPRESENTATION_CONTEXT('2D SPACE',''
  ) );
#1153 = ORIENTED_EDGE('',*,*,#1154,.T.);
#1154 = EDGE_CURVE('',#1134,#1155,#1157,.T.);
#1155 = VERTEX_POINT('',#1156);
#1156 = CARTESIAN_POINT('',(-325.8026397151,-1.067751477635E+03,207.7));
#1157 = SURFACE_CURVE('',#1158,(#1183,#1190),.PCURVE_S1.);
#1158 = ( BOUNDED_CURVE() B_SPLINE_CURVE(3,(#1159,#1160,#1161,#1162,
    #1163,#1164,#1165,#1166,#1167,#1168,#1169,#1170,#1171,#1172,#1173,
    #1174,#1175,#1176,#1177,#1178,#1179,#1180,#1181,#1182),
.UNSPECIFIED.,.F.,.F.) B_SPLINE_CURVE_WITH_KNOTS((4,1,1,1,1,1,1,1,1,1,1,
    1,1,1,1,1,1,1,1,1,1,4),(0.,8.351345992186E-02,0.136371070752,
    0.186631466795,0.236892072307,0.287245985354,0.337546964594,
    0.387892568228,0.438269195911,0.488657983617,0.539039913424,
    0.589390615006,0.639739510443,0.690135953221,0.740567502215,
    0.791001192157,0.824625304057,0.849810563706,0.930093869668,
0.935215837381,0.950554965611,1.),.UNSPECIFIED.) CURVE() 
GEOMETRIC_REPRESENTATION_ITEM() RATIONAL_B_SPLINE_CURVE((1.,
    1.000000000051,0.999999999985,1.000000000003,0.999999999999,1.,1.,1.
    ,1.,1.,1.,1.,1.,1.,1.,1.,1.000000000001,0.999999999998,
    1.000000000008,0.999999999937,1.000000000021,0.999999999406,
1.000000004078,1.)) REPRESENTATION_ITEM('') );
#1159 = CARTESIAN_POINT('',(-228.3983558616,-1.010148462268E+03,-5.));
#1160 = CARTESIAN_POINT('',(-227.8853701089,-992.6447836011,
    8.008717576553));
#1161 = CARTESIAN_POINT('',(-225.1172446195,-1.011776845473E+03,
    14.999325035651));
#1162 = CARTESIAN_POINT('',(-235.573003109,-1.016323414175E+03,
    29.781777604759));
#1163 = CARTESIAN_POINT('',(-241.444143887,-1.019538080082E+03,
    42.001176541587));
#1164 = CARTESIAN_POINT('',(-247.4823086923,-1.022719672423E+03,
    54.014146905159));
#1165 = CARTESIAN_POINT('',(-255.8142624364,-1.025959501432E+03,
    65.989969999267));
#1166 = CARTESIAN_POINT('',(-261.9174345373,-1.029100360623E+03,
    78.007482310661));
#1167 = CARTESIAN_POINT('',(-268.6185957941,-1.032264338507E+03,
    90.003188093923));
#1168 = CARTESIAN_POINT('',(-275.1567857783,-1.035424393505E+03,
    102.00152178571));
#1169 = CARTESIAN_POINT('',(-281.7642939302,-1.038574729334E+03,
    113.99940139363));
#1170 = CARTESIAN_POINT('',(-288.4237505813,-1.041718534918E+03,
    125.99554831415));
#1171 = CARTESIAN_POINT('',(-295.0578015319,-1.044865393651E+03,
    138.00035642969));
#1172 = CARTESIAN_POINT('',(-301.6332263289,-1.04801020225E+03,
    150.00331724818));
#1173 = CARTESIAN_POINT('',(-308.4931908735,-1.051163574021E+03,
    162.01546347963));
#1174 = CARTESIAN_POINT('',(-315.2712270766,-1.054312251135E+03,
    173.95824023226));
#1175 = CARTESIAN_POINT('',(-321.7440874977,-1.057131921877E+03,
    184.80040122606));
#1176 = CARTESIAN_POINT('',(-325.8624204202,-1.059343737766E+03,
    193.04573531588));
#1177 = CARTESIAN_POINT('',(-335.7917875465,-1.062332596797E+03,
    205.83993582621));
#1178 = CARTESIAN_POINT('',(-315.6552673449,-1.062086431852E+03,
    201.81943362341));
#1179 = CARTESIAN_POINT('',(-318.9357682098,-1.063889893025E+03,
    206.71778633278));
#1180 = CARTESIAN_POINT('',(-323.9755686812,-1.06542523984E+03,
    210.78852743977));
#1181 = CARTESIAN_POINT('',(-307.4523889515,-1.066533222955E+03,
    181.81436335833));
#1182 = CARTESIAN_POINT('',(-325.8026397151,-1.067751477635E+03,207.7));
#1183 = PCURVE('',#1054,#1184);
#1184 = DEFINITIONAL_REPRESENTATION('',(#1185),#1189);
#1185 = LINE('',#1186,#1187);
#1186 = CARTESIAN_POINT('',(8.,0.));
#1187 = VECTOR('',#1188,1.);
#1188 = DIRECTION('',(0.,1.));
#1189 = ( GEOMETRIC_REPRESENTATION_CONTEXT(2) 
PARAMETRIC_REPRESENTATION_CONTEXT() REPRESENTATION_CONTEXT('2D SPACE',''
  ) );
#1190 = PCURVE('',#1191,#1240);
#1191 = ( BOUNDED_SURFACE() B_SPLINE_SURFACE(1,3,(
    (#1192,#1193,#1194,#1195,#1196,#1197,#1198,#1199,#1200,#1201,#1202
      ,#1203,#1204,#1205,#1206,#1207,#1208,#1209,#1210,#1211,#1212,#1213
      ,#1214,#1215)
    ,(#1216,#1217,#1218,#1219,#1220,#1221,#1222,#1223,#1224,#1225,#1226
      ,#1227,#1228,#1229,#1230,#1231,#1232,#1233,#1234,#1235,#1236,#1237
      ,#1238,#1239
)),.UNSPECIFIED.,.F.,.F.,.F.) B_SPLINE_SURFACE_WITH_KNOTS((2,2),(4,1,1,1
    ,1,1,1,1,1,1,1,1,1,1,1,1,1,1,1,1,1,4),(8.,9.),(0.,8.351345992186E-02
    ,0.136371070752,0.186631466795,0.236892072307,0.287245985354,
    0.337546964594,0.387892568228,0.438269195911,0.488657983617,
    0.539039913424,0.589390615006,0.639739510443,0.690135953221,
    0.740567502215,0.791001192157,0.824625304057,0.849810563706,
    0.930093869668,0.935215837381,0.950554965611,1.),.UNSPECIFIED.) 
GEOMETRIC_REPRESENTATION_ITEM() RATIONAL_B_SPLINE_SURFACE((
    (1.,1.000000000051,0.999999999985,1.000000000003,0.999999999999,1.
      ,1.,1.,1.,1.,1.,1.,1.,1.,1.,1.,1.000000000001,0.999999999998
      ,1.000000000008,0.999999999937,1.000000000021,0.999999999406
      ,1.000000004078,1.)
    ,(1.,1.000000000051,0.999999999985,1.000000000003,0.999999999999,1.
      ,1.,1.,1.,1.,1.,1.,1.,1.,1.,1.,1.000000000001,0.999999999998
      ,1.000000000008,0.999999999937,1.000000000021,0.999999999406
,1.000000004078,1.))) REPRESENTATION_ITEM('') SURFACE() );
#1192 = CARTESIAN_POINT('',(-228.3983558616,-1.010148462268E+03,-5.));
#1193 = CARTESIAN_POINT('',(-227.8853701089,-992.6447836011,
    8.008717576553));
#1194 = CARTESIAN_POINT('',(-225.1172446195,-1.011776845473E+03,
    14.999325035651));
#1195 = CARTESIAN_POINT('',(-235.573003109,-1.016323414175E+03,
    29.781777604759));
#1196 = CARTESIAN_POINT('',(-241.444143887,-1.019538080082E+03,
    42.001176541587));
#1197 = CARTESIAN_POINT('',(-247.4823086923,-1.022719672423E+03,
    54.014146905159));
#1198 = CARTESIAN_POINT('',(-255.8142624364,-1.025959501432E+03,
    65.989969999267));
#1199 = CARTESIAN_POINT('',(-261.9174345373,-1.029100360623E+03,
    78.007482310661));
#1200 = CARTESIAN_POINT('',(-268.6185957941,-1.032264338507E+03,
    90.003188093923));
#1201 = CARTESIAN_POINT('',(-275.1567857783,-1.035424393505E+03,
    102.00152178571));
#1202 = CARTESIAN_POINT('',(-281.7642939302,-1.038574729334E+03,
    113.99940139363));
#1203 = CARTESIAN_POINT('',(-288.4237505813,-1.041718534918E+03,
    125.99554831415));
#1204 = CARTESIAN_POINT('',(-295.0578015319,-1.044865393651E+03,
    138.00035642969));
#1205 = CARTESIAN_POINT('',(-301.6332263289,-1.04801020225E+03,
    150.00331724818));
#1206 = CARTESIAN_POINT('',(-308.4931908735,-1.051163574021E+03,
    162.01546347963));
#1207 = CARTESIAN_POINT('',(-315.2712270766,-1.054312251135E+03,
    173.95824023226));
#1208 = CARTESIAN_POINT('',(-321.7440874977,-1.057131921877E+03,
    184.80040122606));
#1209 = CARTESIAN_POINT('',(-325.8624204202,-1.059343737766E+03,
    193.04573531588));
#1210 = CARTESIAN_POINT('',(-335.7917875465,-1.062332596797E+03,
    205.83993582621));
#1211 = CARTESIAN_POINT('',(-315.6552673449,-1.062086431852E+03,
    201.81943362341));
#1212 = CARTESIAN_POINT('',(-318.9357682098,-1.063889893025E+03,
    206.71778633278));
#1213 = CARTESIAN_POINT('',(-323.9755686812,-1.06542523984E+03,
    210.78852743977));
#1214 = CARTESIAN_POINT('',(-307.4523889515,-1.066533222955E+03,
    181.81436335833));
#1215 = CARTESIAN_POINT('',(-325.8026397151,-1.067751477635E+03,207.7));
#1216 = CARTESIAN_POINT('',(-236.0136407096,-1.010450527783E+03,-5.));
#1217 = CARTESIAN_POINT('',(-236.057483056,-994.7889228243,
    8.008717576553));
#1218 = CARTESIAN_POINT('',(-232.6841917066,-1.0116692496E+03,
    14.999325035651));
#1219 = CARTESIAN_POINT('',(-242.9845713804,-1.016476268384E+03,
    29.781777604759));
#1220 = CARTESIAN_POINT('',(-248.6943796799,-1.01978705237E+03,
    42.001176541587));
#1221 = CARTESIAN_POINT('',(-254.5500775206,-1.022960324312E+03,
    54.014146905159));
#1222 = CARTESIAN_POINT('',(-262.6986746974,-1.026220700721E+03,
    65.989969999267));
#1223 = CARTESIAN_POINT('',(-268.6145892996,-1.029346587534E+03,
    78.007482310661));
#1224 = CARTESIAN_POINT('',(-275.1322443689,-1.032508534811E+03,
    90.003188093923));
#1225 = CARTESIAN_POINT('',(-281.4870041035,-1.035650712476E+03,
    102.00152178571));
#1226 = CARTESIAN_POINT('',(-287.9110570957,-1.038795877938E+03,
    113.99940139363));
#1227 = CARTESIAN_POINT('',(-294.3887848896,-1.041932898205E+03,
    125.99554831415));
#1228 = CARTESIAN_POINT('',(-300.8381299706,-1.045072720149E+03,
    138.00035642969));
#1229 = CARTESIAN_POINT('',(-307.2285014208,-1.048212734063E+03,
    150.00331724818));
#1230 = CARTESIAN_POINT('',(-313.9049511725,-1.051352484509E+03,
    162.01546347963));
#1231 = CARTESIAN_POINT('',(-320.4973048394,-1.054444120676E+03,
    173.95824023226));
#1232 = CARTESIAN_POINT('',(-326.8205014827,-1.057242889022E+03,
    184.80040122606));
#1233 = CARTESIAN_POINT('',(-330.7766591703,-1.059410971274E+03,
    193.04573531588));
#1234 = CARTESIAN_POINT('',(-340.6593251484,-1.062702147588E+03,
    205.83993582621));
#1235 = CARTESIAN_POINT('',(-319.4555387846,-1.062139238526E+03,
    201.81943362341));
#1236 = CARTESIAN_POINT('',(-321.6221604039,-1.063927259439E+03,
    206.71778633278));
#1237 = CARTESIAN_POINT('',(-325.8711315956,-1.065494355693E+03,
    210.78852743977));
#1238 = CARTESIAN_POINT('',(-307.3920006685,-1.066235205949E+03,
    181.81436335833));
#1239 = CARTESIAN_POINT('',(-326.0995216322,-1.067755689638E+03,207.7));
#1240 = DEFINITIONAL_REPRESENTATION('',(#1241),#1245);
#1241 = LINE('',#1242,#1243);
#1242 = CARTESIAN_POINT('',(8.,0.));
#1243 = VECTOR('',#1244,1.);
#1244 = DIRECTION('',(0.,1.));
#1245 = ( GEOMETRIC_REPRESENTATION_CONTEXT(2) 
PARAMETRIC_REPRESENTATION_CONTEXT() REPRESENTATION_CONTEXT('2D SPACE',''
  ) );
#1246 = ORIENTED_EDGE('',*,*,#1247,.F.);
#1247 = EDGE_CURVE('',#1018,#1155,#1248,.T.);
#1248 = SURFACE_CURVE('',#1249,(#1252,#1259),.PCURVE_S1.);
#1249 = B_SPLINE_CURVE_WITH_KNOTS('',1,(#1250,#1251),.UNSPECIFIED.,.F.,
  .F.,(2,2),(7.,8.),.PIECEWISE_BEZIER_KNOTS.);
#1250 = CARTESIAN_POINT('',(-325.5057577981,-1.067747265632E+03,207.7));
#1251 = CARTESIAN_POINT('',(-325.8026397151,-1.067751477635E+03,207.7));
#1252 = PCURVE('',#1054,#1253);
#1253 = DEFINITIONAL_REPRESENTATION('',(#1254),#1258);
#1254 = LINE('',#1255,#1256);
#1255 = CARTESIAN_POINT('',(0.,1.));
#1256 = VECTOR('',#1257,1.);
#1257 = DIRECTION('',(1.,0.));
#1258 = ( GEOMETRIC_REPRESENTATION_CONTEXT(2) 
PARAMETRIC_REPRESENTATION_CONTEXT() REPRESENTATION_CONTEXT('2D SPACE',''
  ) );
#1259 = PCURVE('',#206,#1260);
#1260 = DEFINITIONAL_REPRESENTATION('',(#1261),#1264);
#1261 = B_SPLINE_CURVE_WITH_KNOTS('',1,(#1262,#1263),.UNSPECIFIED.,.F.,
  .F.,(2,2),(7.,8.),.PIECEWISE_BEZIER_KNOTS.);
#1262 = CARTESIAN_POINT('',(2.042677508162,-0.304560436467));
#1263 = CARTESIAN_POINT('',(2.339398688749,-0.31519785328));
#1264 = ( GEOMETRIC_REPRESENTATION_CONTEXT(2) 
PARAMETRIC_REPRESENTATION_CONTEXT() REPRESENTATION_CONTEXT('2D SPACE',''
  ) );
#1265 = ORIENTED_EDGE('',*,*,#1017,.F.);
#1266 = ADVANCED_FACE('',(#1267),#1191,.T.);
#1267 = FACE_BOUND('',#1268,.T.);
#1268 = EDGE_LOOP('',(#1269,#1290,#1383,#1402));
#1269 = ORIENTED_EDGE('',*,*,#1270,.T.);
#1270 = EDGE_CURVE('',#1134,#1271,#1273,.T.);
#1271 = VERTEX_POINT('',#1272);
#1272 = CARTESIAN_POINT('',(-236.0136407096,-1.010450527783E+03,-5.));
#1273 = SURFACE_CURVE('',#1274,(#1277,#1284),.PCURVE_S1.);
#1274 = B_SPLINE_CURVE_WITH_KNOTS('',1,(#1275,#1276),.UNSPECIFIED.,.F.,
  .F.,(2,2),(8.,9.),.PIECEWISE_BEZIER_KNOTS.);
#1275 = CARTESIAN_POINT('',(-228.3983558616,-1.010148462268E+03,-5.));
#1276 = CARTESIAN_POINT('',(-236.0136407096,-1.010450527783E+03,-5.));
#1277 = PCURVE('',#1191,#1278);
#1278 = DEFINITIONAL_REPRESENTATION('',(#1279),#1283);
#1279 = LINE('',#1280,#1281);
#1280 = CARTESIAN_POINT('',(0.,0.));
#1281 = VECTOR('',#1282,1.);
#1282 = DIRECTION('',(1.,0.));
#1283 = ( GEOMETRIC_REPRESENTATION_CONTEXT(2) 
PARAMETRIC_REPRESENTATION_CONTEXT() REPRESENTATION_CONTEXT('2D SPACE',''
  ) );
#1284 = PCURVE('',#87,#1285);
#1285 = DEFINITIONAL_REPRESENTATION('',(#1286),#1289);
#1286 = B_SPLINE_CURVE_WITH_KNOTS('',1,(#1287,#1288),.UNSPECIFIED.,.F.,
  .F.,(2,2),(8.,9.),.PIECEWISE_BEZIER_KNOTS.);
#1287 = CARTESIAN_POINT('',(59.718810560917,-7.10567713621));
#1288 = CARTESIAN_POINT('',(67.338510201249,-6.950808540792));
#1289 = ( GEOMETRIC_REPRESENTATION_CONTEXT(2) 
PARAMETRIC_REPRESENTATION_CONTEXT() REPRESENTATION_CONTEXT('2D SPACE',''
  ) );
#1290 = ORIENTED_EDGE('',*,*,#1291,.T.);
#1291 = EDGE_CURVE('',#1271,#1292,#1294,.T.);
#1292 = VERTEX_POINT('',#1293);
#1293 = CARTESIAN_POINT('',(-326.0995216322,-1.067755689638E+03,207.7));
#1294 = SURFACE_CURVE('',#1295,(#1320,#1327),.PCURVE_S1.);
#1295 = ( BOUNDED_CURVE() B_SPLINE_CURVE(3,(#1296,#1297,#1298,#1299,
    #1300,#1301,#1302,#1303,#1304,#1305,#1306,#1307,#1308,#1309,#1310,
    #1311,#1312,#1313,#1314,#1315,#1316,#1317,#1318,#1319),
.UNSPECIFIED.,.F.,.F.) B_SPLINE_CURVE_WITH_KNOTS((4,1,1,1,1,1,1,1,1,1,1,
    1,1,1,1,1,1,1,1,1,1,4),(0.,8.351345992186E-02,0.136371070752,
    0.186631466795,0.236892072307,0.287245985354,0.337546964594,
    0.387892568228,0.438269195911,0.488657983617,0.539039913424,
    0.589390615006,0.639739510443,0.690135953221,0.740567502215,
    0.791001192157,0.824625304057,0.849810563706,0.930093869668,
0.935215837381,0.950554965611,1.),.UNSPECIFIED.) CURVE() 
GEOMETRIC_REPRESENTATION_ITEM() RATIONAL_B_SPLINE_CURVE((1.,
    1.000000000051,0.999999999985,1.000000000003,0.999999999999,1.,1.,1.
    ,1.,1.,1.,1.,1.,1.,1.,1.,1.000000000001,0.999999999998,
    1.000000000008,0.999999999937,1.000000000021,0.999999999406,
1.000000004078,1.)) REPRESENTATION_ITEM('') );
#1296 = CARTESIAN_POINT('',(-236.0136407096,-1.010450527783E+03,-5.));
#1297 = CARTESIAN_POINT('',(-236.057483056,-994.7889228243,
    8.008717576553));
#1298 = CARTESIAN_POINT('',(-232.6841917066,-1.0116692496E+03,
    14.999325035651));
#1299 = CARTESIAN_POINT('',(-242.9845713804,-1.016476268384E+03,
    29.781777604759));
#1300 = CARTESIAN_POINT('',(-248.6943796799,-1.01978705237E+03,
    42.001176541587));
#1301 = CARTESIAN_POINT('',(-254.5500775206,-1.022960324312E+03,
    54.014146905159));
#1302 = CARTESIAN_POINT('',(-262.6986746974,-1.026220700721E+03,
    65.989969999267));
#1303 = CARTESIAN_POINT('',(-268.6145892996,-1.029346587534E+03,
    78.007482310661));
#1304 = CARTESIAN_POINT('',(-275.1322443689,-1.032508534811E+03,
    90.003188093923));
#1305 = CARTESIAN_POINT('',(-281.4870041035,-1.035650712476E+03,
    102.00152178571));
#1306 = CARTESIAN_POINT('',(-287.9110570957,-1.038795877938E+03,
    113.99940139363));
#1307 = CARTESIAN_POINT('',(-294.3887848896,-1.041932898205E+03,
    125.99554831415));
#1308 = CARTESIAN_POINT('',(-300.8381299706,-1.045072720149E+03,
    138.00035642969));
#1309 = CARTESIAN_POINT('',(-307.2285014208,-1.048212734063E+03,
    150.00331724818));
#1310 = CARTESIAN_POINT('',(-313.9049511725,-1.051352484509E+03,
    162.01546347963));
#1311 = CARTESIAN_POINT('',(-320.4973048394,-1.054444120676E+03,
    173.95824023226));
#1312 = CARTESIAN_POINT('',(-326.8205014827,-1.057242889022E+03,
    184.80040122606));
#1313 = CARTESIAN_POINT('',(-330.7766591703,-1.059410971274E+03,
    193.04573531588));
#1314 = CARTESIAN_POINT('',(-340.6593251484,-1.062702147588E+03,
    205.83993582621));
#1315 = CARTESIAN_POINT('',(-319.4555387846,-1.062139238526E+03,
    201.81943362341));
#1316 = CARTESIAN_POINT('',(-321.6221604039,-1.063927259439E+03,
    206.71778633278));
#1317 = CARTESIAN_POINT('',(-325.8711315956,-1.065494355693E+03,
    210.78852743977));
#1318 = CARTESIAN_POINT('',(-307.3920006685,-1.066235205949E+03,
    181.81436335833));
#1319 = CARTESIAN_POINT('',(-326.0995216322,-1.067755689638E+03,207.7));
#1320 = PCURVE('',#1191,#1321);
#1321 = DEFINITIONAL_REPRESENTATION('',(#1322),#1326);
#1322 = LINE('',#1323,#1324);
#1323 = CARTESIAN_POINT('',(9.,0.));
#1324 = VECTOR('',#1325,1.);
#1325 = DIRECTION('',(0.,1.));
#1326 = ( GEOMETRIC_REPRESENTATION_CONTEXT(2) 
PARAMETRIC_REPRESENTATION_CONTEXT() REPRESENTATION_CONTEXT('2D SPACE',''
  ) );
#1327 = PCURVE('',#1328,#1377);
#1328 = ( BOUNDED_SURFACE() B_SPLINE_SURFACE(1,3,(
    (#1329,#1330,#1331,#1332,#1333,#1334,#1335,#1336,#1337,#1338,#1339
      ,#1340,#1341,#1342,#1343,#1344,#1345,#1346,#1347,#1348,#1349,#1350
      ,#1351,#1352)
    ,(#1353,#1354,#1355,#1356,#1357,#1358,#1359,#1360,#1361,#1362,#1363
      ,#1364,#1365,#1366,#1367,#1368,#1369,#1370,#1371,#1372,#1373,#1374
      ,#1375,#1376
)),.UNSPECIFIED.,.F.,.F.,.F.) B_SPLINE_SURFACE_WITH_KNOTS((2,2),(4,1,1,1
    ,1,1,1,1,1,1,1,1,1,1,1,1,1,1,1,1,1,4),(9.,10.),(0.,
    8.351345992186E-02,0.136371070752,0.186631466795,0.236892072307,
    0.287245985354,0.337546964594,0.387892568228,0.438269195911,
    0.488657983617,0.539039913424,0.589390615006,0.639739510443,
    0.690135953221,0.740567502215,0.791001192157,0.824625304057,
    0.849810563706,0.930093869668,0.935215837381,0.950554965611,1.),
.UNSPECIFIED.) GEOMETRIC_REPRESENTATION_ITEM() RATIONAL_B_SPLINE_SURFACE
((
    (1.,1.000000000051,0.999999999985,1.000000000003,0.999999999999,1.
      ,1.,1.,1.,1.,1.,1.,1.,1.,1.,1.,1.000000000001,0.999999999998
      ,1.000000000008,0.999999999937,1.000000000021,0.999999999406
      ,1.000000004078,1.)
    ,(1.,1.000000000051,0.999999999985,1.000000000003,0.999999999999,1.
      ,1.,1.,1.,1.,1.,1.,1.,1.,1.,1.,1.000000000001,0.999999999998
      ,1.000000000008,0.999999999937,1.000000000021,0.999999999406
,1.000000004078,1.))) REPRESENTATION_ITEM('') SURFACE() );
#1329 = CARTESIAN_POINT('',(-236.0136407096,-1.010450527783E+03,-5.));
#1330 = CARTESIAN_POINT('',(-236.057483056,-994.7889228243,
    8.008717576553));
#1331 = CARTESIAN_POINT('',(-232.6841917066,-1.0116692496E+03,
    14.999325035651));
#1332 = CARTESIAN_POINT('',(-242.9845713804,-1.016476268384E+03,
    29.781777604759));
#1333 = CARTESIAN_POINT('',(-248.6943796799,-1.01978705237E+03,
    42.001176541587));
#1334 = CARTESIAN_POINT('',(-254.5500775206,-1.022960324312E+03,
    54.014146905159));
#1335 = CARTESIAN_POINT('',(-262.6986746974,-1.026220700721E+03,
    65.989969999267));
#1336 = CARTESIAN_POINT('',(-268.6145892996,-1.029346587534E+03,
    78.007482310661));
#1337 = CARTESIAN_POINT('',(-275.1322443689,-1.032508534811E+03,
    90.003188093923));
#1338 = CARTESIAN_POINT('',(-281.4870041035,-1.035650712476E+03,
    102.00152178571));
#1339 = CARTESIAN_POINT('',(-287.9110570957,-1.038795877938E+03,
    113.99940139363));
#1340 = CARTESIAN_POINT('',(-294.3887848896,-1.041932898205E+03,
    125.99554831415));
#1341 = CARTESIAN_POINT('',(-300.8381299706,-1.045072720149E+03,
    138.00035642969));
#1342 = CARTESIAN_POINT('',(-307.2285014208,-1.048212734063E+03,
    150.00331724818));
#1343 = CARTESIAN_POINT('',(-313.9049511725,-1.051352484509E+03,
    162.01546347963));
#1344 = CARTESIAN_POINT('',(-320.4973048394,-1.054444120676E+03,
    173.95824023226));
#1345 = CARTESIAN_POINT('',(-326.8205014827,-1.057242889022E+03,
    184.80040122606));
#1346 = CARTESIAN_POINT('',(-330.7766591703,-1.059410971274E+03,
    193.04573531588));
#1347 = CARTESIAN_POINT('',(-340.6593251484,-1.062702147588E+03,
    205.83993582621));
#1348 = CARTESIAN_POINT('',(-319.4555387846,-1.062139238526E+03,
    201.81943362341));
#1349 = CARTESIAN_POINT('',(-321.6221604039,-1.063927259439E+03,
    206.71778633278));
#1350 = CARTESIAN_POINT('',(-325.8711315956,-1.065494355693E+03,
    210.78852743977));
#1351 = CARTESIAN_POINT('',(-307.3920006685,-1.066235205949E+03,
    181.81436335833));
#1352 = CARTESIAN_POINT('',(-326.0995216322,-1.067755689638E+03,207.7));
#1353 = CARTESIAN_POINT('',(-243.6298237808,-1.010729603474E+03,-5.));
#1354 = CARTESIAN_POINT('',(-244.2830941521,-995.1706715962,
    8.008717576553));
#1355 = CARTESIAN_POINT('',(-240.2402907985,-1.011927121412E+03,
    14.999325035651));
#1356 = CARTESIAN_POINT('',(-250.3928789685,-1.016743603402E+03,
    29.781777604759));
#1357 = CARTESIAN_POINT('',(-255.9442277555,-1.020053203993E+03,
    42.001176541587));
#1358 = CARTESIAN_POINT('',(-261.6173085318,-1.023220123527E+03,
    54.014146905159));
#1359 = CARTESIAN_POINT('',(-269.5832450328,-1.026476386646E+03,
    65.989969999267));
#1360 = CARTESIAN_POINT('',(-275.3116493934,-1.02959572774E+03,
    78.007482310661));
#1361 = CARTESIAN_POINT('',(-281.6463344782,-1.032740540158E+03,
    90.003188093923));
#1362 = CARTESIAN_POINT('',(-287.8171494999,-1.035879095885E+03,
    102.00152178571));
#1363 = CARTESIAN_POINT('',(-294.0578848114,-1.039015087957E+03,
    113.99940139363));
#1364 = CARTESIAN_POINT('',(-300.3536340067,-1.042152948924E+03,
    125.99554831415));
#1365 = CARTESIAN_POINT('',(-306.6198121777,-1.045235005538E+03,
    138.00035642969));
#1366 = CARTESIAN_POINT('',(-312.8243748993,-1.048381331578E+03,
    150.00331724818));
#1367 = CARTESIAN_POINT('',(-319.3164447213,-1.051526167014E+03,
    162.01546347963));
#1368 = CARTESIAN_POINT('',(-325.7195098343,-1.05467015475E+03,
    173.95824023226));
#1369 = CARTESIAN_POINT('',(-331.8918916158,-1.057489464195E+03,
    184.80040122606));
#1370 = CARTESIAN_POINT('',(-335.6817774562,-1.059716870668E+03,
    193.04573531588));
#1371 = CARTESIAN_POINT('',(-345.5373476123,-1.062810389903E+03,
    205.83993582621));
#1372 = CARTESIAN_POINT('',(-323.2558020985,-1.062192210778E+03,
    201.81943362341));
#1373 = CARTESIAN_POINT('',(-324.3085164127,-1.063965539913E+03,
    206.71778633278));
#1374 = CARTESIAN_POINT('',(-327.7684565898,-1.065519207408E+03,
    210.78852743977));
#1375 = CARTESIAN_POINT('',(-307.3192593451,-1.06624745335E+03,
    181.81436335833));
#1376 = CARTESIAN_POINT('',(-326.3964035493,-1.067759901641E+03,207.7));
#1377 = DEFINITIONAL_REPRESENTATION('',(#1378),#1382);
#1378 = LINE('',#1379,#1380);
#1379 = CARTESIAN_POINT('',(9.,0.));
#1380 = VECTOR('',#1381,1.);
#1381 = DIRECTION('',(0.,1.));
#1382 = ( GEOMETRIC_REPRESENTATION_CONTEXT(2) 
PARAMETRIC_REPRESENTATION_CONTEXT() REPRESENTATION_CONTEXT('2D SPACE',''
  ) );
#1383 = ORIENTED_EDGE('',*,*,#1384,.F.);
#1384 = EDGE_CURVE('',#1155,#1292,#1385,.T.);
#1385 = SURFACE_CURVE('',#1386,(#1389,#1396),.PCURVE_S1.);
#1386 = B_SPLINE_CURVE_WITH_KNOTS('',1,(#1387,#1388),.UNSPECIFIED.,.F.,
  .F.,(2,2),(8.,9.),.PIECEWISE_BEZIER_KNOTS.);
#1387 = CARTESIAN_POINT('',(-325.8026397151,-1.067751477635E+03,207.7));
#1388 = CARTESIAN_POINT('',(-326.0995216322,-1.067755689638E+03,207.7));
#1389 = PCURVE('',#1191,#1390);
#1390 = DEFINITIONAL_REPRESENTATION('',(#1391),#1395);
#1391 = LINE('',#1392,#1393);
#1392 = CARTESIAN_POINT('',(0.,1.));
#1393 = VECTOR('',#1394,1.);
#1394 = DIRECTION('',(1.,0.));
#1395 = ( GEOMETRIC_REPRESENTATION_CONTEXT(2) 
PARAMETRIC_REPRESENTATION_CONTEXT() REPRESENTATION_CONTEXT('2D SPACE',''
  ) );
#1396 = PCURVE('',#206,#1397);
#1397 = DEFINITIONAL_REPRESENTATION('',(#1398),#1401);
#1398 = B_SPLINE_CURVE_WITH_KNOTS('',1,(#1399,#1400),.UNSPECIFIED.,.F.,
  .F.,(2,2),(8.,9.),.PIECEWISE_BEZIER_KNOTS.);
#1399 = CARTESIAN_POINT('',(2.339398688749,-0.31519785328));
#1400 = CARTESIAN_POINT('',(2.636119869337,-0.325835270092));
#1401 = ( GEOMETRIC_REPRESENTATION_CONTEXT(2) 
PARAMETRIC_REPRESENTATION_CONTEXT() REPRESENTATION_CONTEXT('2D SPACE',''
  ) );
#1402 = ORIENTED_EDGE('',*,*,#1154,.F.);
#1403 = ADVANCED_FACE('',(#1404),#1328,.T.);
#1404 = FACE_BOUND('',#1405,.T.);
#1405 = EDGE_LOOP('',(#1406,#1427,#1520,#1539));
#1406 = ORIENTED_EDGE('',*,*,#1407,.T.);
#1407 = EDGE_CURVE('',#1271,#1408,#1410,.T.);
#1408 = VERTEX_POINT('',#1409);
#1409 = CARTESIAN_POINT('',(-243.6298237808,-1.010729603474E+03,-5.));
#1410 = SURFACE_CURVE('',#1411,(#1414,#1421),.PCURVE_S1.);
#1411 = B_SPLINE_CURVE_WITH_KNOTS('',1,(#1412,#1413),.UNSPECIFIED.,.F.,
  .F.,(2,2),(9.,10.),.PIECEWISE_BEZIER_KNOTS.);
#1412 = CARTESIAN_POINT('',(-236.0136407096,-1.010450527783E+03,-5.));
#1413 = CARTESIAN_POINT('',(-243.6298237808,-1.010729603474E+03,-5.));
#1414 = PCURVE('',#1328,#1415);
#1415 = DEFINITIONAL_REPRESENTATION('',(#1416),#1420);
#1416 = LINE('',#1417,#1418);
#1417 = CARTESIAN_POINT('',(0.,0.));
#1418 = VECTOR('',#1419,1.);
#1419 = DIRECTION('',(1.,0.));
#1420 = ( GEOMETRIC_REPRESENTATION_CONTEXT(2) 
PARAMETRIC_REPRESENTATION_CONTEXT() REPRESENTATION_CONTEXT('2D SPACE',''
  ) );
#1421 = PCURVE('',#87,#1422);
#1422 = DEFINITIONAL_REPRESENTATION('',(#1423),#1426);
#1423 = B_SPLINE_CURVE_WITH_KNOTS('',1,(#1424,#1425),.UNSPECIFIED.,.F.,
  .F.,(2,2),(9.,10.),.PIECEWISE_BEZIER_KNOTS.);
#1424 = CARTESIAN_POINT('',(67.338510201249,-6.950808540792));
#1425 = CARTESIAN_POINT('',(74.958663693871,-6.818942832468));
#1426 = ( GEOMETRIC_REPRESENTATION_CONTEXT(2) 
PARAMETRIC_REPRESENTATION_CONTEXT() REPRESENTATION_CONTEXT('2D SPACE',''
  ) );
#1427 = ORIENTED_EDGE('',*,*,#1428,.T.);
#1428 = EDGE_CURVE('',#1408,#1429,#1431,.T.);
#1429 = VERTEX_POINT('',#1430);
#1430 = CARTESIAN_POINT('',(-326.3964035493,-1.067759901641E+03,207.7));
#1431 = SURFACE_CURVE('',#1432,(#1457,#1464),.PCURVE_S1.);
#1432 = ( BOUNDED_CURVE() B_SPLINE_CURVE(3,(#1433,#1434,#1435,#1436,
    #1437,#1438,#1439,#1440,#1441,#1442,#1443,#1444,#1445,#1446,#1447,
    #1448,#1449,#1450,#1451,#1452,#1453,#1454,#1455,#1456),
.UNSPECIFIED.,.F.,.F.) B_SPLINE_CURVE_WITH_KNOTS((4,1,1,1,1,1,1,1,1,1,1,
    1,1,1,1,1,1,1,1,1,1,4),(0.,8.351345992186E-02,0.136371070752,
    0.186631466795,0.236892072307,0.287245985354,0.337546964594,
    0.387892568228,0.438269195911,0.488657983617,0.539039913424,
    0.589390615006,0.639739510443,0.690135953221,0.740567502215,
    0.791001192157,0.824625304057,0.849810563706,0.930093869668,
0.935215837381,0.950554965611,1.),.UNSPECIFIED.) CURVE() 
GEOMETRIC_REPRESENTATION_ITEM() RATIONAL_B_SPLINE_CURVE((1.,
    1.000000000051,0.999999999985,1.000000000003,0.999999999999,1.,1.,1.
    ,1.,1.,1.,1.,1.,1.,1.,1.,1.000000000001,0.999999999998,
    1.000000000008,0.999999999937,1.000000000021,0.999999999406,
1.000000004078,1.)) REPRESENTATION_ITEM('') );
#1433 = CARTESIAN_POINT('',(-243.6298237808,-1.010729603474E+03,-5.));
#1434 = CARTESIAN_POINT('',(-244.2830941521,-995.1706715962,
    8.008717576553));
#1435 = CARTESIAN_POINT('',(-240.2402907985,-1.011927121412E+03,
    14.999325035651));
#1436 = CARTESIAN_POINT('',(-250.3928789685,-1.016743603402E+03,
    29.781777604759));
#1437 = CARTESIAN_POINT('',(-255.9442277555,-1.020053203993E+03,
    42.001176541587));
#1438 = CARTESIAN_POINT('',(-261.6173085318,-1.023220123527E+03,
    54.014146905159));
#1439 = CARTESIAN_POINT('',(-269.5832450328,-1.026476386646E+03,
    65.989969999267));
#1440 = CARTESIAN_POINT('',(-275.3116493934,-1.02959572774E+03,
    78.007482310661));
#1441 = CARTESIAN_POINT('',(-281.6463344782,-1.032740540158E+03,
    90.003188093923));
#1442 = CARTESIAN_POINT('',(-287.8171494999,-1.035879095885E+03,
    102.00152178571));
#1443 = CARTESIAN_POINT('',(-294.0578848114,-1.039015087957E+03,
    113.99940139363));
#1444 = CARTESIAN_POINT('',(-300.3536340067,-1.042152948924E+03,
    125.99554831415));
#1445 = CARTESIAN_POINT('',(-306.6198121777,-1.045235005538E+03,
    138.00035642969));
#1446 = CARTESIAN_POINT('',(-312.8243748993,-1.048381331578E+03,
    150.00331724818));
#1447 = CARTESIAN_POINT('',(-319.3164447213,-1.051526167014E+03,
    162.01546347963));
#1448 = CARTESIAN_POINT('',(-325.7195098343,-1.05467015475E+03,
    173.95824023226));
#1449 = CARTESIAN_POINT('',(-331.8918916158,-1.057489464195E+03,
    184.80040122606));
#1450 = CARTESIAN_POINT('',(-335.6817774562,-1.059716870668E+03,
    193.04573531588));
#1451 = CARTESIAN_POINT('',(-345.5373476123,-1.062810389903E+03,
    205.83993582621));
#1452 = CARTESIAN_POINT('',(-323.2558020985,-1.062192210778E+03,
    201.81943362341));
#1453 = CARTESIAN_POINT('',(-324.3085164127,-1.063965539913E+03,
    206.71778633278));
#1454 = CARTESIAN_POINT('',(-327.7684565898,-1.065519207408E+03,
    210.78852743977));
#1455 = CARTESIAN_POINT('',(-307.3192593451,-1.06624745335E+03,
    181.81436335833));
#1456 = CARTESIAN_POINT('',(-326.3964035493,-1.067759901641E+03,207.7));
#1457 = PCURVE('',#1328,#1458);
#1458 = DEFINITIONAL_REPRESENTATION('',(#1459),#1463);
#1459 = LINE('',#1460,#1461);
#1460 = CARTESIAN_POINT('',(10.,0.));
#1461 = VECTOR('',#1462,1.);
#1462 = DIRECTION('',(0.,1.));
#1463 = ( GEOMETRIC_REPRESENTATION_CONTEXT(2) 
PARAMETRIC_REPRESENTATION_CONTEXT() REPRESENTATION_CONTEXT('2D SPACE',''
  ) );
#1464 = PCURVE('',#1465,#1514);
#1465 = ( BOUNDED_SURFACE() B_SPLINE_SURFACE(1,3,(
    (#1466,#1467,#1468,#1469,#1470,#1471,#1472,#1473,#1474,#1475,#1476
      ,#1477,#1478,#1479,#1480,#1481,#1482,#1483,#1484,#1485,#1486,#1487
      ,#1488,#1489)
    ,(#1490,#1491,#1492,#1493,#1494,#1495,#1496,#1497,#1498,#1499,#1500
      ,#1501,#1502,#1503,#1504,#1505,#1506,#1507,#1508,#1509,#1510,#1511
      ,#1512,#1513
)),.UNSPECIFIED.,.F.,.F.,.F.) B_SPLINE_SURFACE_WITH_KNOTS((2,2),(4,1,1,1
    ,1,1,1,1,1,1,1,1,1,1,1,1,1,1,1,1,1,4),(10.,11.),(0.,
    8.351345992186E-02,0.136371070752,0.186631466795,0.236892072307,
    0.287245985354,0.337546964594,0.387892568228,0.438269195911,
    0.488657983617,0.539039913424,0.589390615006,0.639739510443,
    0.690135953221,0.740567502215,0.791001192157,0.824625304057,
    0.849810563706,0.930093869668,0.935215837381,0.950554965611,1.),
.UNSPECIFIED.) GEOMETRIC_REPRESENTATION_ITEM() RATIONAL_B_SPLINE_SURFACE
((
    (1.,1.000000000051,0.999999999985,1.000000000003,0.999999999999,1.
      ,1.,1.,1.,1.,1.,1.,1.,1.,1.,1.,1.000000000001,0.999999999998
      ,1.000000000008,0.999999999937,1.000000000021,0.999999999406
      ,1.000000004078,1.)
    ,(1.,1.000000000051,0.999999999985,1.000000000003,0.999999999999,1.
      ,1.,1.,1.,1.,1.,1.,1.,1.,1.,1.,1.000000000001,0.999999999998
      ,1.000000000008,0.999999999937,1.000000000021,0.999999999406
,1.000000004078,1.))) REPRESENTATION_ITEM('') SURFACE() );
#1466 = CARTESIAN_POINT('',(-243.6298237808,-1.010729603474E+03,-5.));
#1467 = CARTESIAN_POINT('',(-244.2830941521,-995.1706715962,
    8.008717576553));
#1468 = CARTESIAN_POINT('',(-240.2402907985,-1.011927121412E+03,
    14.999325035651));
#1469 = CARTESIAN_POINT('',(-250.3928789685,-1.016743603402E+03,
    29.781777604759));
#1470 = CARTESIAN_POINT('',(-255.9442277555,-1.020053203993E+03,
    42.001176541587));
#1471 = CARTESIAN_POINT('',(-261.6173085318,-1.023220123527E+03,
    54.014146905159));
#1472 = CARTESIAN_POINT('',(-269.5832450328,-1.026476386646E+03,
    65.989969999267));
#1473 = CARTESIAN_POINT('',(-275.3116493934,-1.02959572774E+03,
    78.007482310661));
#1474 = CARTESIAN_POINT('',(-281.6463344782,-1.032740540158E+03,
    90.003188093923));
#1475 = CARTESIAN_POINT('',(-287.8171494999,-1.035879095885E+03,
    102.00152178571));
#1476 = CARTESIAN_POINT('',(-294.0578848114,-1.039015087957E+03,
    113.99940139363));
#1477 = CARTESIAN_POINT('',(-300.3536340067,-1.042152948924E+03,
    125.99554831415));
#1478 = CARTESIAN_POINT('',(-306.6198121777,-1.045235005538E+03,
    138.00035642969));
#1479 = CARTESIAN_POINT('',(-312.8243748993,-1.048381331578E+03,
    150.00331724818));
#1480 = CARTESIAN_POINT('',(-319.3164447213,-1.051526167014E+03,
    162.01546347963));
#1481 = CARTESIAN_POINT('',(-325.7195098343,-1.05467015475E+03,
    173.95824023226));
#1482 = CARTESIAN_POINT('',(-331.8918916158,-1.057489464195E+03,
    184.80040122606));
#1483 = CARTESIAN_POINT('',(-335.6817774562,-1.059716870668E+03,
    193.04573531588));
#1484 = CARTESIAN_POINT('',(-345.5373476123,-1.062810389903E+03,
    205.83993582621));
#1485 = CARTESIAN_POINT('',(-323.2558020985,-1.062192210778E+03,
    201.81943362341));
#1486 = CARTESIAN_POINT('',(-324.3085164127,-1.063965539913E+03,
    206.71778633278));
#1487 = CARTESIAN_POINT('',(-327.7684565898,-1.065519207408E+03,
    210.78852743977));
#1488 = CARTESIAN_POINT('',(-307.3192593451,-1.06624745335E+03,
    181.81436335833));
#1489 = CARTESIAN_POINT('',(-326.3964035493,-1.067759901641E+03,207.7));
#1490 = CARTESIAN_POINT('',(-251.2266230934,-1.011323299355E+03,-5.));
#1491 = CARTESIAN_POINT('',(-252.4536905905,-995.9380973171,
    8.008717576553));
#1492 = CARTESIAN_POINT('',(-247.779139197,-1.012580847736E+03,
    14.999325035651));
#1493 = CARTESIAN_POINT('',(-257.7968553745,-1.017115934701E+03,
    29.781777604759));
#1494 = CARTESIAN_POINT('',(-263.1940226647,-1.0203183205E+03,
    42.001176541587));
#1495 = CARTESIAN_POINT('',(-268.684230657,-1.023487808275E+03,
    54.014146905159));
#1496 = CARTESIAN_POINT('',(-276.4660147146,-1.026772017024E+03,
    65.989969999267));
#1497 = CARTESIAN_POINT('',(-282.0071927183,-1.029877118611E+03,
    78.007482310661));
#1498 = CARTESIAN_POINT('',(-288.1580392709,-1.033026639735E+03,
    90.003188093923));
#1499 = CARTESIAN_POINT('',(-294.1445212693,-1.036169291533E+03,
    102.00152178571));
#1500 = CARTESIAN_POINT('',(-300.2021853632,-1.039292607967E+03,
    113.99940139363));
#1501 = CARTESIAN_POINT('',(-306.3156442396,-1.042425324433E+03,
    125.99554831415));
#1502 = CARTESIAN_POINT('',(-312.3951059881,-1.045555927818E+03,
    138.00035642969));
#1503 = CARTESIAN_POINT('',(-318.4149712106,-1.0486858063E+03,
    150.00331724818));
#1504 = CARTESIAN_POINT('',(-324.7233563727,-1.05182396592E+03,
    162.01546347963));
#1505 = CARTESIAN_POINT('',(-330.9392663256,-1.054961868214E+03,
    173.95824023226));
#1506 = CARTESIAN_POINT('',(-336.9626116266,-1.057754866821E+03,
    184.80040122606));
#1507 = CARTESIAN_POINT('',(-340.5871493887,-1.060017173154E+03,
    193.04573531588));
#1508 = CARTESIAN_POINT('',(-350.4151501666,-1.062923483729E+03,
    205.83993582621));
#1509 = CARTESIAN_POINT('',(-327.0560633462,-1.0622452376E+03,
    201.81943362341));
#1510 = CARTESIAN_POINT('',(-326.9948739212,-1.064003784325E+03,
    206.71778633278));
#1511 = CARTESIAN_POINT('',(-329.6657235068,-1.06554542524E+03,
    210.78852743977));
#1512 = CARTESIAN_POINT('',(-307.2469222135,-1.066250200715E+03,
    181.81436335833));
#1513 = CARTESIAN_POINT('',(-326.6932854663,-1.067764113644E+03,207.7));
#1514 = DEFINITIONAL_REPRESENTATION('',(#1515),#1519);
#1515 = LINE('',#1516,#1517);
#1516 = CARTESIAN_POINT('',(10.,0.));
#1517 = VECTOR('',#1518,1.);
#1518 = DIRECTION('',(0.,1.));
#1519 = ( GEOMETRIC_REPRESENTATION_CONTEXT(2) 
PARAMETRIC_REPRESENTATION_CONTEXT() REPRESENTATION_CONTEXT('2D SPACE',''
  ) );
#1520 = ORIENTED_EDGE('',*,*,#1521,.F.);
#1521 = EDGE_CURVE('',#1292,#1429,#1522,.T.);
#1522 = SURFACE_CURVE('',#1523,(#1526,#1533),.PCURVE_S1.);
#1523 = B_SPLINE_CURVE_WITH_KNOTS('',1,(#1524,#1525),.UNSPECIFIED.,.F.,
  .F.,(2,2),(9.,10.),.PIECEWISE_BEZIER_KNOTS.);
#1524 = CARTESIAN_POINT('',(-326.0995216322,-1.067755689638E+03,207.7));
#1525 = CARTESIAN_POINT('',(-326.3964035493,-1.067759901641E+03,207.7));
#1526 = PCURVE('',#1328,#1527);
#1527 = DEFINITIONAL_REPRESENTATION('',(#1528),#1532);
#1528 = LINE('',#1529,#1530);
#1529 = CARTESIAN_POINT('',(0.,1.));
#1530 = VECTOR('',#1531,1.);
#1531 = DIRECTION('',(1.,0.));
#1532 = ( GEOMETRIC_REPRESENTATION_CONTEXT(2) 
PARAMETRIC_REPRESENTATION_CONTEXT() REPRESENTATION_CONTEXT('2D SPACE',''
  ) );
#1533 = PCURVE('',#206,#1534);
#1534 = DEFINITIONAL_REPRESENTATION('',(#1535),#1538);
#1535 = B_SPLINE_CURVE_WITH_KNOTS('',1,(#1536,#1537),.UNSPECIFIED.,.F.,
  .F.,(2,2),(9.,10.),.PIECEWISE_BEZIER_KNOTS.);
#1536 = CARTESIAN_POINT('',(2.636119869337,-0.325835270092));
#1537 = CARTESIAN_POINT('',(2.932841049925,-0.336472686905));
#1538 = ( GEOMETRIC_REPRESENTATION_CONTEXT(2) 
PARAMETRIC_REPRESENTATION_CONTEXT() REPRESENTATION_CONTEXT('2D SPACE',''
  ) );
#1539 = ORIENTED_EDGE('',*,*,#1291,.F.);
#1540 = ADVANCED_FACE('',(#1541),#1465,.T.);
#1541 = FACE_BOUND('',#1542,.T.);
#1542 = EDGE_LOOP('',(#1543,#1564,#1657,#1676));
#1543 = ORIENTED_EDGE('',*,*,#1544,.T.);
#1544 = EDGE_CURVE('',#1408,#1545,#1547,.T.);
#1545 = VERTEX_POINT('',#1546);
#1546 = CARTESIAN_POINT('',(-251.2266230934,-1.011323299355E+03,-5.));
#1547 = SURFACE_CURVE('',#1548,(#1551,#1558),.PCURVE_S1.);
#1548 = B_SPLINE_CURVE_WITH_KNOTS('',1,(#1549,#1550),.UNSPECIFIED.,.F.,
  .F.,(2,2),(10.,11.),.PIECEWISE_BEZIER_KNOTS.);
#1549 = CARTESIAN_POINT('',(-243.6298237808,-1.010729603474E+03,-5.));
#1550 = CARTESIAN_POINT('',(-251.2266230934,-1.011323299355E+03,-5.));
#1551 = PCURVE('',#1465,#1552);
#1552 = DEFINITIONAL_REPRESENTATION('',(#1553),#1557);
#1553 = LINE('',#1554,#1555);
#1554 = CARTESIAN_POINT('',(0.,0.));
#1555 = VECTOR('',#1556,1.);
#1556 = DIRECTION('',(1.,0.));
#1557 = ( GEOMETRIC_REPRESENTATION_CONTEXT(2) 
PARAMETRIC_REPRESENTATION_CONTEXT() REPRESENTATION_CONTEXT('2D SPACE',''
  ) );
#1558 = PCURVE('',#87,#1559);
#1559 = DEFINITIONAL_REPRESENTATION('',(#1560),#1563);
#1560 = B_SPLINE_CURVE_WITH_KNOTS('',1,(#1561,#1562),.UNSPECIFIED.,.F.,
  .F.,(2,2),(10.,11.),.PIECEWISE_BEZIER_KNOTS.);
#1561 = CARTESIAN_POINT('',(74.958663693871,-6.818942832468));
#1562 = CARTESIAN_POINT('',(82.565516054968,-6.372141140846));
#1563 = ( GEOMETRIC_REPRESENTATION_CONTEXT(2) 
PARAMETRIC_REPRESENTATION_CONTEXT() REPRESENTATION_CONTEXT('2D SPACE',''
  ) );
#1564 = ORIENTED_EDGE('',*,*,#1565,.T.);
#1565 = EDGE_CURVE('',#1545,#1566,#1568,.T.);
#1566 = VERTEX_POINT('',#1567);
#1567 = CARTESIAN_POINT('',(-326.6932854663,-1.067764113644E+03,207.7));
#1568 = SURFACE_CURVE('',#1569,(#1594,#1601),.PCURVE_S1.);
#1569 = ( BOUNDED_CURVE() B_SPLINE_CURVE(3,(#1570,#1571,#1572,#1573,
    #1574,#1575,#1576,#1577,#1578,#1579,#1580,#1581,#1582,#1583,#1584,
    #1585,#1586,#1587,#1588,#1589,#1590,#1591,#1592,#1593),
.UNSPECIFIED.,.F.,.F.) B_SPLINE_CURVE_WITH_KNOTS((4,1,1,1,1,1,1,1,1,1,1,
    1,1,1,1,1,1,1,1,1,1,4),(0.,8.351345992186E-02,0.136371070752,
    0.186631466795,0.236892072307,0.287245985354,0.337546964594,
    0.387892568228,0.438269195911,0.488657983617,0.539039913424,
    0.589390615006,0.639739510443,0.690135953221,0.740567502215,
    0.791001192157,0.824625304057,0.849810563706,0.930093869668,
0.935215837381,0.950554965611,1.),.UNSPECIFIED.) CURVE() 
GEOMETRIC_REPRESENTATION_ITEM() RATIONAL_B_SPLINE_CURVE((1.,
    1.000000000051,0.999999999985,1.000000000003,0.999999999999,1.,1.,1.
    ,1.,1.,1.,1.,1.,1.,1.,1.,1.000000000001,0.999999999998,
    1.000000000008,0.999999999937,1.000000000021,0.999999999406,
1.000000004078,1.)) REPRESENTATION_ITEM('') );
#1570 = CARTESIAN_POINT('',(-251.2266230934,-1.011323299355E+03,-5.));
#1571 = CARTESIAN_POINT('',(-252.4536905905,-995.9380973171,
    8.008717576553));
#1572 = CARTESIAN_POINT('',(-247.779139197,-1.012580847736E+03,
    14.999325035651));
#1573 = CARTESIAN_POINT('',(-257.7968553745,-1.017115934701E+03,
    29.781777604759));
#1574 = CARTESIAN_POINT('',(-263.1940226647,-1.0203183205E+03,
    42.001176541587));
#1575 = CARTESIAN_POINT('',(-268.684230657,-1.023487808275E+03,
    54.014146905159));
#1576 = CARTESIAN_POINT('',(-276.4660147146,-1.026772017024E+03,
    65.989969999267));
#1577 = CARTESIAN_POINT('',(-282.0071927183,-1.029877118611E+03,
    78.007482310661));
#1578 = CARTESIAN_POINT('',(-288.1580392709,-1.033026639735E+03,
    90.003188093923));
#1579 = CARTESIAN_POINT('',(-294.1445212693,-1.036169291533E+03,
    102.00152178571));
#1580 = CARTESIAN_POINT('',(-300.2021853632,-1.039292607967E+03,
    113.99940139363));
#1581 = CARTESIAN_POINT('',(-306.3156442396,-1.042425324433E+03,
    125.99554831415));
#1582 = CARTESIAN_POINT('',(-312.3951059881,-1.045555927818E+03,
    138.00035642969));
#1583 = CARTESIAN_POINT('',(-318.4149712106,-1.0486858063E+03,
    150.00331724818));
#1584 = CARTESIAN_POINT('',(-324.7233563727,-1.05182396592E+03,
    162.01546347963));
#1585 = CARTESIAN_POINT('',(-330.9392663256,-1.054961868214E+03,
    173.95824023226));
#1586 = CARTESIAN_POINT('',(-336.9626116266,-1.057754866821E+03,
    184.80040122606));
#1587 = CARTESIAN_POINT('',(-340.5871493887,-1.060017173154E+03,
    193.04573531588));
#1588 = CARTESIAN_POINT('',(-350.4151501666,-1.062923483729E+03,
    205.83993582621));
#1589 = CARTESIAN_POINT('',(-327.0560633462,-1.0622452376E+03,
    201.81943362341));
#1590 = CARTESIAN_POINT('',(-326.9948739212,-1.064003784325E+03,
    206.71778633278));
#1591 = CARTESIAN_POINT('',(-329.6657235068,-1.06554542524E+03,
    210.78852743977));
#1592 = CARTESIAN_POINT('',(-307.2469222135,-1.066250200715E+03,
    181.81436335833));
#1593 = CARTESIAN_POINT('',(-326.6932854663,-1.067764113644E+03,207.7));
#1594 = PCURVE('',#1465,#1595);
#1595 = DEFINITIONAL_REPRESENTATION('',(#1596),#1600);
#1596 = LINE('',#1597,#1598);
#1597 = CARTESIAN_POINT('',(11.,0.));
#1598 = VECTOR('',#1599,1.);
#1599 = DIRECTION('',(0.,1.));
#1600 = ( GEOMETRIC_REPRESENTATION_CONTEXT(2) 
PARAMETRIC_REPRESENTATION_CONTEXT() REPRESENTATION_CONTEXT('2D SPACE',''
  ) );
#1601 = PCURVE('',#1602,#1651);
#1602 = ( BOUNDED_SURFACE() B_SPLINE_SURFACE(1,3,(
    (#1603,#1604,#1605,#1606,#1607,#1608,#1609,#1610,#1611,#1612,#1613
      ,#1614,#1615,#1616,#1617,#1618,#1619,#1620,#1621,#1622,#1623,#1624
      ,#1625,#1626)
    ,(#1627,#1628,#1629,#1630,#1631,#1632,#1633,#1634,#1635,#1636,#1637
      ,#1638,#1639,#1640,#1641,#1642,#1643,#1644,#1645,#1646,#1647,#1648
      ,#1649,#1650
)),.UNSPECIFIED.,.F.,.F.,.F.) B_SPLINE_SURFACE_WITH_KNOTS((2,2),(4,1,1,1
    ,1,1,1,1,1,1,1,1,1,1,1,1,1,1,1,1,1,4),(11.,12.),(0.,
    8.351345992186E-02,0.136371070752,0.186631466795,0.236892072307,
    0.287245985354,0.337546964594,0.387892568228,0.438269195911,
    0.488657983617,0.539039913424,0.589390615006,0.639739510443,
    0.690135953221,0.740567502215,0.791001192157,0.824625304057,
    0.849810563706,0.930093869668,0.935215837381,0.950554965611,1.),
.UNSPECIFIED.) GEOMETRIC_REPRESENTATION_ITEM() RATIONAL_B_SPLINE_SURFACE
((
    (1.,1.000000000051,0.999999999985,1.000000000003,0.999999999999,1.
      ,1.,1.,1.,1.,1.,1.,1.,1.,1.,1.,1.000000000001,0.999999999998
      ,1.000000000008,0.999999999937,1.000000000021,0.999999999406
      ,1.000000004078,1.)
    ,(1.,1.000000000051,0.999999999985,1.000000000003,0.999999999999,1.
      ,1.,1.,1.,1.,1.,1.,1.,1.,1.,1.,1.000000000001,0.999999999998
      ,1.000000000008,0.999999999937,1.000000000021,0.999999999406
,1.000000004078,1.))) REPRESENTATION_ITEM('') SURFACE() );
#1603 = CARTESIAN_POINT('',(-251.2266230934,-1.011323299355E+03,-5.));
#1604 = CARTESIAN_POINT('',(-252.4536905905,-995.9380973171,
    8.008717576553));
#1605 = CARTESIAN_POINT('',(-247.779139197,-1.012580847736E+03,
    14.999325035651));
#1606 = CARTESIAN_POINT('',(-257.7968553745,-1.017115934701E+03,
    29.781777604759));
#1607 = CARTESIAN_POINT('',(-263.1940226647,-1.0203183205E+03,
    42.001176541587));
#1608 = CARTESIAN_POINT('',(-268.684230657,-1.023487808275E+03,
    54.014146905159));
#1609 = CARTESIAN_POINT('',(-276.4660147146,-1.026772017024E+03,
    65.989969999267));
#1610 = CARTESIAN_POINT('',(-282.0071927183,-1.029877118611E+03,
    78.007482310661));
#1611 = CARTESIAN_POINT('',(-288.1580392709,-1.033026639735E+03,
    90.003188093923));
#1612 = CARTESIAN_POINT('',(-294.1445212693,-1.036169291533E+03,
    102.00152178571));
#1613 = CARTESIAN_POINT('',(-300.2021853632,-1.039292607967E+03,
    113.99940139363));
#1614 = CARTESIAN_POINT('',(-306.3156442396,-1.042425324433E+03,
    125.99554831415));
#1615 = CARTESIAN_POINT('',(-312.3951059881,-1.045555927818E+03,
    138.00035642969));
#1616 = CARTESIAN_POINT('',(-318.4149712106,-1.0486858063E+03,
    150.00331724818));
#1617 = CARTESIAN_POINT('',(-324.7233563727,-1.05182396592E+03,
    162.01546347963));
#1618 = CARTESIAN_POINT('',(-330.9392663256,-1.054961868214E+03,
    173.95824023226));
#1619 = CARTESIAN_POINT('',(-336.9626116266,-1.057754866821E+03,
    184.80040122606));
#1620 = CARTESIAN_POINT('',(-340.5871493887,-1.060017173154E+03,
    193.04573531588));
#1621 = CARTESIAN_POINT('',(-350.4151501666,-1.062923483729E+03,
    205.83993582621));
#1622 = CARTESIAN_POINT('',(-327.0560633462,-1.0622452376E+03,
    201.81943362341));
#1623 = CARTESIAN_POINT('',(-326.9948739212,-1.064003784325E+03,
    206.71778633278));
#1624 = CARTESIAN_POINT('',(-329.6657235068,-1.06554542524E+03,
    210.78852743977));
#1625 = CARTESIAN_POINT('',(-307.2469222135,-1.066250200715E+03,
    181.81436335833));
#1626 = CARTESIAN_POINT('',(-326.6932854663,-1.067764113644E+03,207.7));
#1627 = CARTESIAN_POINT('',(-258.8194635435,-1.011981252025E+03,-5.));
#1628 = CARTESIAN_POINT('',(-260.5611119463,-997.9708462899,
    8.008717576553));
#1629 = CARTESIAN_POINT('',(-255.3278184272,-1.013010602752E+03,
    14.999325035651));
#1630 = CARTESIAN_POINT('',(-265.2003658752,-1.017499608609E+03,
    29.781777604759));
#1631 = CARTESIAN_POINT('',(-270.4383174944,-1.020705810921E+03,
    42.001176541587));
#1632 = CARTESIAN_POINT('',(-275.7462754799,-1.023863418824E+03,
    54.014146905159));
#1633 = CARTESIAN_POINT('',(-283.3456221527,-1.027137541757E+03,
    65.989969999267));
#1634 = CARTESIAN_POINT('',(-288.6994856429,-1.030231943677E+03,
    78.007482310661));
#1635 = CARTESIAN_POINT('',(-294.6669402834,-1.033375115246E+03,
    90.003188093923));
#1636 = CARTESIAN_POINT('',(-300.470922556,-1.036484940363E+03,
    102.00152178571));
#1637 = CARTESIAN_POINT('',(-306.3449716694,-1.039605280113E+03,
    113.99940139363));
#1638 = CARTESIAN_POINT('',(-312.2768968032,-1.042727069715E+03,
    125.99554831415));
#1639 = CARTESIAN_POINT('',(-318.1717299461,-1.045848892569E+03,
    138.00035642969));
#1640 = CARTESIAN_POINT('',(-324.0067423507,-1.048968820096E+03,
    150.00331724818));
#1641 = CARTESIAN_POINT('',(-330.1314394494,-1.052099424054E+03,
    162.01546347963));
#1642 = CARTESIAN_POINT('',(-336.1601674133,-1.055231961383E+03,
    173.95824023226));
#1643 = CARTESIAN_POINT('',(-342.0334026665,-1.058019028685E+03,
    184.80040122606));
#1644 = CARTESIAN_POINT('',(-345.4936406538,-1.060295779614E+03,
    193.04573531588));
#1645 = CARTESIAN_POINT('',(-355.2866856199,-1.063156595849E+03,
    205.83993582621));
#1646 = CARTESIAN_POINT('',(-330.8553665121,-1.062319294853E+03,
    201.81943362341));
#1647 = CARTESIAN_POINT('',(-329.6805605146,-1.064056760083E+03,
    206.71778633278));
#1648 = CARTESIAN_POINT('',(-331.5617371279,-1.065596609598E+03,
    210.78852743977));
#1649 = CARTESIAN_POINT('',(-307.1800056023,-1.066151655946E+03,
    181.81436335833));
#1650 = CARTESIAN_POINT('',(-326.9900916125,-1.067769984315E+03,207.7));
#1651 = DEFINITIONAL_REPRESENTATION('',(#1652),#1656);
#1652 = LINE('',#1653,#1654);
#1653 = CARTESIAN_POINT('',(11.,0.));
#1654 = VECTOR('',#1655,1.);
#1655 = DIRECTION('',(0.,1.));
#1656 = ( GEOMETRIC_REPRESENTATION_CONTEXT(2) 
PARAMETRIC_REPRESENTATION_CONTEXT() REPRESENTATION_CONTEXT('2D SPACE',''
  ) );
#1657 = ORIENTED_EDGE('',*,*,#1658,.F.);
#1658 = EDGE_CURVE('',#1429,#1566,#1659,.T.);
#1659 = SURFACE_CURVE('',#1660,(#1663,#1670),.PCURVE_S1.);
#1660 = B_SPLINE_CURVE_WITH_KNOTS('',1,(#1661,#1662),.UNSPECIFIED.,.F.,
  .F.,(2,2),(10.,11.),.PIECEWISE_BEZIER_KNOTS.);
#1661 = CARTESIAN_POINT('',(-326.3964035493,-1.067759901641E+03,207.7));
#1662 = CARTESIAN_POINT('',(-326.6932854663,-1.067764113644E+03,207.7));
#1663 = PCURVE('',#1465,#1664);
#1664 = DEFINITIONAL_REPRESENTATION('',(#1665),#1669);
#1665 = LINE('',#1666,#1667);
#1666 = CARTESIAN_POINT('',(0.,1.));
#1667 = VECTOR('',#1668,1.);
#1668 = DIRECTION('',(1.,0.));
#1669 = ( GEOMETRIC_REPRESENTATION_CONTEXT(2) 
PARAMETRIC_REPRESENTATION_CONTEXT() REPRESENTATION_CONTEXT('2D SPACE',''
  ) );
#1670 = PCURVE('',#206,#1671);
#1671 = DEFINITIONAL_REPRESENTATION('',(#1672),#1675);
#1672 = B_SPLINE_CURVE_WITH_KNOTS('',1,(#1673,#1674),.UNSPECIFIED.,.F.,
  .F.,(2,2),(10.,11.),.PIECEWISE_BEZIER_KNOTS.);
#1673 = CARTESIAN_POINT('',(2.932841049925,-0.336472686905));
#1674 = CARTESIAN_POINT('',(3.229562230513,-0.347110103718));
#1675 = ( GEOMETRIC_REPRESENTATION_CONTEXT(2) 
PARAMETRIC_REPRESENTATION_CONTEXT() REPRESENTATION_CONTEXT('2D SPACE',''
  ) );
#1676 = ORIENTED_EDGE('',*,*,#1428,.F.);
#1677 = ADVANCED_FACE('',(#1678),#1602,.T.);
#1678 = FACE_BOUND('',#1679,.T.);
#1679 = EDGE_LOOP('',(#1680,#1701,#1794,#1813));
#1680 = ORIENTED_EDGE('',*,*,#1681,.T.);
#1681 = EDGE_CURVE('',#1545,#1682,#1684,.T.);
#1682 = VERTEX_POINT('',#1683);
#1683 = CARTESIAN_POINT('',(-258.8194635435,-1.011981252025E+03,-5.));
#1684 = SURFACE_CURVE('',#1685,(#1688,#1695),.PCURVE_S1.);
#1685 = B_SPLINE_CURVE_WITH_KNOTS('',1,(#1686,#1687),.UNSPECIFIED.,.F.,
  .F.,(2,2),(11.,12.),.PIECEWISE_BEZIER_KNOTS.);
#1686 = CARTESIAN_POINT('',(-251.2266230934,-1.011323299355E+03,-5.));
#1687 = CARTESIAN_POINT('',(-258.8194635435,-1.011981252025E+03,-5.));
#1688 = PCURVE('',#1602,#1689);
#1689 = DEFINITIONAL_REPRESENTATION('',(#1690),#1694);
#1690 = LINE('',#1691,#1692);
#1691 = CARTESIAN_POINT('',(0.,0.));
#1692 = VECTOR('',#1693,1.);
#1693 = DIRECTION('',(1.,0.));
#1694 = ( GEOMETRIC_REPRESENTATION_CONTEXT(2) 
PARAMETRIC_REPRESENTATION_CONTEXT() REPRESENTATION_CONTEXT('2D SPACE',''
  ) );
#1695 = PCURVE('',#87,#1696);
#1696 = DEFINITIONAL_REPRESENTATION('',(#1697),#1700);
#1697 = B_SPLINE_CURVE_WITH_KNOTS('',1,(#1698,#1699),.UNSPECIFIED.,.F.,
  .F.,(2,2),(11.,12.),.PIECEWISE_BEZIER_KNOTS.);
#1698 = CARTESIAN_POINT('',(82.565516054968,-6.372141140846));
#1699 = CARTESIAN_POINT('',(90.169651845288,-5.861018162956));
#1700 = ( GEOMETRIC_REPRESENTATION_CONTEXT(2) 
PARAMETRIC_REPRESENTATION_CONTEXT() REPRESENTATION_CONTEXT('2D SPACE',''
  ) );
#1701 = ORIENTED_EDGE('',*,*,#1702,.T.);
#1702 = EDGE_CURVE('',#1682,#1703,#1705,.T.);
#1703 = VERTEX_POINT('',#1704);
#1704 = CARTESIAN_POINT('',(-326.9900916125,-1.067769984315E+03,207.7));
#1705 = SURFACE_CURVE('',#1706,(#1731,#1738),.PCURVE_S1.);
#1706 = ( BOUNDED_CURVE() B_SPLINE_CURVE(3,(#1707,#1708,#1709,#1710,
    #1711,#1712,#1713,#1714,#1715,#1716,#1717,#1718,#1719,#1720,#1721,
    #1722,#1723,#1724,#1725,#1726,#1727,#1728,#1729,#1730),
.UNSPECIFIED.,.F.,.F.) B_SPLINE_CURVE_WITH_KNOTS((4,1,1,1,1,1,1,1,1,1,1,
    1,1,1,1,1,1,1,1,1,1,4),(0.,8.351345992186E-02,0.136371070752,
    0.186631466795,0.236892072307,0.287245985354,0.337546964594,
    0.387892568228,0.438269195911,0.488657983617,0.539039913424,
    0.589390615006,0.639739510443,0.690135953221,0.740567502215,
    0.791001192157,0.824625304057,0.849810563706,0.930093869668,
0.935215837381,0.950554965611,1.),.UNSPECIFIED.) CURVE() 
GEOMETRIC_REPRESENTATION_ITEM() RATIONAL_B_SPLINE_CURVE((1.,
    1.000000000051,0.999999999985,1.000000000003,0.999999999999,1.,1.,1.
    ,1.,1.,1.,1.,1.,1.,1.,1.,1.000000000001,0.999999999998,
    1.000000000008,0.999999999937,1.000000000021,0.999999999406,
1.000000004078,1.)) REPRESENTATION_ITEM('') );
#1707 = CARTESIAN_POINT('',(-258.8194635435,-1.011981252025E+03,-5.));
#1708 = CARTESIAN_POINT('',(-260.5611119463,-997.9708462899,
    8.008717576553));
#1709 = CARTESIAN_POINT('',(-255.3278184272,-1.013010602752E+03,
    14.999325035651));
#1710 = CARTESIAN_POINT('',(-265.2003658752,-1.017499608609E+03,
    29.781777604759));
#1711 = CARTESIAN_POINT('',(-270.4383174944,-1.020705810921E+03,
    42.001176541587));
#1712 = CARTESIAN_POINT('',(-275.7462754799,-1.023863418824E+03,
    54.014146905159));
#1713 = CARTESIAN_POINT('',(-283.3456221527,-1.027137541757E+03,
    65.989969999267));
#1714 = CARTESIAN_POINT('',(-288.6994856429,-1.030231943677E+03,
    78.007482310661));
#1715 = CARTESIAN_POINT('',(-294.6669402834,-1.033375115246E+03,
    90.003188093923));
#1716 = CARTESIAN_POINT('',(-300.470922556,-1.036484940363E+03,
    102.00152178571));
#1717 = CARTESIAN_POINT('',(-306.3449716694,-1.039605280113E+03,
    113.99940139363));
#1718 = CARTESIAN_POINT('',(-312.2768968032,-1.042727069715E+03,
    125.99554831415));
#1719 = CARTESIAN_POINT('',(-318.1717299461,-1.045848892569E+03,
    138.00035642969));
#1720 = CARTESIAN_POINT('',(-324.0067423507,-1.048968820096E+03,
    150.00331724818));
#1721 = CARTESIAN_POINT('',(-330.1314394494,-1.052099424054E+03,
    162.01546347963));
#1722 = CARTESIAN_POINT('',(-336.1601674133,-1.055231961383E+03,
    173.95824023226));
#1723 = CARTESIAN_POINT('',(-342.0334026665,-1.058019028685E+03,
    184.80040122606));
#1724 = CARTESIAN_POINT('',(-345.4936406538,-1.060295779614E+03,
    193.04573531588));
#1725 = CARTESIAN_POINT('',(-355.2866856199,-1.063156595849E+03,
    205.83993582621));
#1726 = CARTESIAN_POINT('',(-330.8553665121,-1.062319294853E+03,
    201.81943362341));
#1727 = CARTESIAN_POINT('',(-329.6805605146,-1.064056760083E+03,
    206.71778633278));
#1728 = CARTESIAN_POINT('',(-331.5617371279,-1.065596609598E+03,
    210.78852743977));
#1729 = CARTESIAN_POINT('',(-307.1800056023,-1.066151655946E+03,
    181.81436335833));
#1730 = CARTESIAN_POINT('',(-326.9900916125,-1.067769984315E+03,207.7));
#1731 = PCURVE('',#1602,#1732);
#1732 = DEFINITIONAL_REPRESENTATION('',(#1733),#1737);
#1733 = LINE('',#1734,#1735);
#1734 = CARTESIAN_POINT('',(12.,0.));
#1735 = VECTOR('',#1736,1.);
#1736 = DIRECTION('',(0.,1.));
#1737 = ( GEOMETRIC_REPRESENTATION_CONTEXT(2) 
PARAMETRIC_REPRESENTATION_CONTEXT() REPRESENTATION_CONTEXT('2D SPACE',''
  ) );
#1738 = PCURVE('',#1739,#1788);
#1739 = ( BOUNDED_SURFACE() B_SPLINE_SURFACE(1,3,(
    (#1740,#1741,#1742,#1743,#1744,#1745,#1746,#1747,#1748,#1749,#1750
      ,#1751,#1752,#1753,#1754,#1755,#1756,#1757,#1758,#1759,#1760,#1761
      ,#1762,#1763)
    ,(#1764,#1765,#1766,#1767,#1768,#1769,#1770,#1771,#1772,#1773,#1774
      ,#1775,#1776,#1777,#1778,#1779,#1780,#1781,#1782,#1783,#1784,#1785
      ,#1786,#1787
)),.UNSPECIFIED.,.F.,.F.,.F.) B_SPLINE_SURFACE_WITH_KNOTS((2,2),(4,1,1,1
    ,1,1,1,1,1,1,1,1,1,1,1,1,1,1,1,1,1,4),(12.,13.),(0.,
    8.351345992186E-02,0.136371070752,0.186631466795,0.236892072307,
    0.287245985354,0.337546964594,0.387892568228,0.438269195911,
    0.488657983617,0.539039913424,0.589390615006,0.639739510443,
    0.690135953221,0.740567502215,0.791001192157,0.824625304057,
    0.849810563706,0.930093869668,0.935215837381,0.950554965611,1.),
.UNSPECIFIED.) GEOMETRIC_REPRESENTATION_ITEM() RATIONAL_B_SPLINE_SURFACE
((
    (1.,1.000000000051,0.999999999985,1.000000000003,0.999999999999,1.
      ,1.,1.,1.,1.,1.,1.,1.,1.,1.,1.,1.000000000001,0.999999999998
      ,1.000000000008,0.999999999937,1.000000000021,0.999999999406
      ,1.000000004078,1.)
    ,(1.,1.000000000051,0.999999999985,1.000000000003,0.999999999999,1.
      ,1.,1.,1.,1.,1.,1.,1.,1.,1.,1.,1.000000000001,0.999999999998
      ,1.000000000008,0.999999999937,1.000000000021,0.999999999406
,1.000000004078,1.))) REPRESENTATION_ITEM('') SURFACE() );
#1740 = CARTESIAN_POINT('',(-258.8194635435,-1.011981252025E+03,-5.));
#1741 = CARTESIAN_POINT('',(-260.5611119463,-997.9708462899,
    8.008717576553));
#1742 = CARTESIAN_POINT('',(-255.3278184272,-1.013010602752E+03,
    14.999325035651));
#1743 = CARTESIAN_POINT('',(-265.2003658752,-1.017499608609E+03,
    29.781777604759));
#1744 = CARTESIAN_POINT('',(-270.4383174944,-1.020705810921E+03,
    42.001176541587));
#1745 = CARTESIAN_POINT('',(-275.7462754799,-1.023863418824E+03,
    54.014146905159));
#1746 = CARTESIAN_POINT('',(-283.3456221527,-1.027137541757E+03,
    65.989969999267));
#1747 = CARTESIAN_POINT('',(-288.6994856429,-1.030231943677E+03,
    78.007482310661));
#1748 = CARTESIAN_POINT('',(-294.6669402834,-1.033375115246E+03,
    90.003188093923));
#1749 = CARTESIAN_POINT('',(-300.470922556,-1.036484940363E+03,
    102.00152178571));
#1750 = CARTESIAN_POINT('',(-306.3449716694,-1.039605280113E+03,
    113.99940139363));
#1751 = CARTESIAN_POINT('',(-312.2768968032,-1.042727069715E+03,
    125.99554831415));
#1752 = CARTESIAN_POINT('',(-318.1717299461,-1.045848892569E+03,
    138.00035642969));
#1753 = CARTESIAN_POINT('',(-324.0067423507,-1.048968820096E+03,
    150.00331724818));
#1754 = CARTESIAN_POINT('',(-330.1314394494,-1.052099424054E+03,
    162.01546347963));
#1755 = CARTESIAN_POINT('',(-336.1601674133,-1.055231961383E+03,
    173.95824023226));
#1756 = CARTESIAN_POINT('',(-342.0334026665,-1.058019028685E+03,
    184.80040122606));
#1757 = CARTESIAN_POINT('',(-345.4936406538,-1.060295779614E+03,
    193.04573531588));
#1758 = CARTESIAN_POINT('',(-355.2866856199,-1.063156595849E+03,
    205.83993582621));
#1759 = CARTESIAN_POINT('',(-330.8553665121,-1.062319294853E+03,
    201.81943362341));
#1760 = CARTESIAN_POINT('',(-329.6805605146,-1.064056760083E+03,
    206.71778633278));
#1761 = CARTESIAN_POINT('',(-331.5617371279,-1.065596609598E+03,
    210.78852743977));
#1762 = CARTESIAN_POINT('',(-307.1800056023,-1.066151655946E+03,
    181.81436335833));
#1763 = CARTESIAN_POINT('',(-326.9900916125,-1.067769984315E+03,207.7));
#1764 = CARTESIAN_POINT('',(-266.4208832304,-1.012527184563E+03,-5.));
#1765 = CARTESIAN_POINT('',(-268.721590344,-999.3106991207,
    8.008717576553));
#1766 = CARTESIAN_POINT('',(-262.8777295207,-1.013423947044E+03,
    14.999325035651));
#1767 = CARTESIAN_POINT('',(-272.6035078149,-1.017888848001E+03,
    29.781777604759));
#1768 = CARTESIAN_POINT('',(-277.6826733015,-1.021092514514E+03,
    42.001176541587));
#1769 = CARTESIAN_POINT('',(-282.808346168,-1.024238445188E+03,
    54.014146905159));
#1770 = CARTESIAN_POINT('',(-290.2252134526,-1.027503400139E+03,
    65.989969999267));
#1771 = CARTESIAN_POINT('',(-295.3918172295,-1.030586018783E+03,
    78.007482310661));
#1772 = CARTESIAN_POINT('',(-301.1770081166,-1.033701107243E+03,
    90.003188093923));
#1773 = CARTESIAN_POINT('',(-306.7970200887,-1.03680645659E+03,
    102.00152178571));
#1774 = CARTESIAN_POINT('',(-312.4878055378,-1.039916978377E+03,
    113.99940139363));
#1775 = CARTESIAN_POINT('',(-318.2382628202,-1.043026844028E+03,
    125.99554831415));
#1776 = CARTESIAN_POINT('',(-323.9478529293,-1.046150707883E+03,
    138.00035642969));
#1777 = CARTESIAN_POINT('',(-329.596934357,-1.04927849503E+03,
    150.00331724818));
#1778 = CARTESIAN_POINT('',(-335.5367763877,-1.052420693241E+03,
    162.01546347963));
#1779 = CARTESIAN_POINT('',(-341.3772480857,-1.055565163757E+03,
    173.95824023226));
#1780 = CARTESIAN_POINT('',(-347.0990609814,-1.058367683854E+03,
    184.80040122606));
#1781 = CARTESIAN_POINT('',(-350.4025293929,-1.060533672746E+03,
    193.04573531588));
#1782 = CARTESIAN_POINT('',(-360.1443828788,-1.063619774843E+03,
    205.83993582621));
#1783 = CARTESIAN_POINT('',(-334.644675819,-1.062612308559E+03,
    201.81943362341));
#1784 = CARTESIAN_POINT('',(-332.3592400767,-1.064263332513E+03,
    206.71778633278));
#1785 = CARTESIAN_POINT('',(-333.4521115045,-1.065760211461E+03,
    210.78852743977));
#1786 = CARTESIAN_POINT('',(-307.1179451334,-1.066024294578E+03,
    181.81436335833));
#1787 = CARTESIAN_POINT('',(-327.2861210508,-1.067792857559E+03,207.7));
#1788 = DEFINITIONAL_REPRESENTATION('',(#1789),#1793);
#1789 = LINE('',#1790,#1791);
#1790 = CARTESIAN_POINT('',(12.,0.));
#1791 = VECTOR('',#1792,1.);
#1792 = DIRECTION('',(0.,1.));
#1793 = ( GEOMETRIC_REPRESENTATION_CONTEXT(2) 
PARAMETRIC_REPRESENTATION_CONTEXT() REPRESENTATION_CONTEXT('2D SPACE',''
  ) );
#1794 = ORIENTED_EDGE('',*,*,#1795,.F.);
#1795 = EDGE_CURVE('',#1566,#1703,#1796,.T.);
#1796 = SURFACE_CURVE('',#1797,(#1800,#1807),.PCURVE_S1.);
#1797 = B_SPLINE_CURVE_WITH_KNOTS('',1,(#1798,#1799),.UNSPECIFIED.,.F.,
  .F.,(2,2),(11.,12.),.PIECEWISE_BEZIER_KNOTS.);
#1798 = CARTESIAN_POINT('',(-326.6932854663,-1.067764113644E+03,207.7));
#1799 = CARTESIAN_POINT('',(-326.9900916125,-1.067769984315E+03,207.7));
#1800 = PCURVE('',#1602,#1801);
#1801 = DEFINITIONAL_REPRESENTATION('',(#1802),#1806);
#1802 = LINE('',#1803,#1804);
#1803 = CARTESIAN_POINT('',(0.,1.));
#1804 = VECTOR('',#1805,1.);
#1805 = DIRECTION('',(1.,0.));
#1806 = ( GEOMETRIC_REPRESENTATION_CONTEXT(2) 
PARAMETRIC_REPRESENTATION_CONTEXT() REPRESENTATION_CONTEXT('2D SPACE',''
  ) );
#1807 = PCURVE('',#206,#1808);
#1808 = DEFINITIONAL_REPRESENTATION('',(#1809),#1812);
#1809 = B_SPLINE_CURVE_WITH_KNOTS('',1,(#1810,#1811),.UNSPECIFIED.,.F.,
  .F.,(2,2),(11.,12.),.PIECEWISE_BEZIER_KNOTS.);
#1810 = CARTESIAN_POINT('',(3.229562230513,-0.347110103718));
#1811 = CARTESIAN_POINT('',(3.526290668677,-0.356087138489));
#1812 = ( GEOMETRIC_REPRESENTATION_CONTEXT(2) 
PARAMETRIC_REPRESENTATION_CONTEXT() REPRESENTATION_CONTEXT('2D SPACE',''
  ) );
#1813 = ORIENTED_EDGE('',*,*,#1565,.F.);
#1814 = ADVANCED_FACE('',(#1815),#1739,.T.);
#1815 = FACE_BOUND('',#1816,.T.);
#1816 = EDGE_LOOP('',(#1817,#1838,#1931,#1950));
#1817 = ORIENTED_EDGE('',*,*,#1818,.T.);
#1818 = EDGE_CURVE('',#1682,#1819,#1821,.T.);
#1819 = VERTEX_POINT('',#1820);
#1820 = CARTESIAN_POINT('',(-266.4208832304,-1.012527184563E+03,-5.));
#1821 = SURFACE_CURVE('',#1822,(#1825,#1832),.PCURVE_S1.);
#1822 = B_SPLINE_CURVE_WITH_KNOTS('',1,(#1823,#1824),.UNSPECIFIED.,.F.,
  .F.,(2,2),(12.,13.),.PIECEWISE_BEZIER_KNOTS.);
#1823 = CARTESIAN_POINT('',(-258.8194635435,-1.011981252025E+03,-5.));
#1824 = CARTESIAN_POINT('',(-266.4208832304,-1.012527184563E+03,-5.));
#1825 = PCURVE('',#1739,#1826);
#1826 = DEFINITIONAL_REPRESENTATION('',(#1827),#1831);
#1827 = LINE('',#1828,#1829);
#1828 = CARTESIAN_POINT('',(0.,0.));
#1829 = VECTOR('',#1830,1.);
#1830 = DIRECTION('',(1.,0.));
#1831 = ( GEOMETRIC_REPRESENTATION_CONTEXT(2) 
PARAMETRIC_REPRESENTATION_CONTEXT() REPRESENTATION_CONTEXT('2D SPACE',''
  ) );
#1832 = PCURVE('',#87,#1833);
#1833 = DEFINITIONAL_REPRESENTATION('',(#1834),#1837);
#1834 = B_SPLINE_CURVE_WITH_KNOTS('',1,(#1835,#1836),.UNSPECIFIED.,.F.,
  .F.,(2,2),(12.,13.),.PIECEWISE_BEZIER_KNOTS.);
#1835 = CARTESIAN_POINT('',(90.169651845288,-5.861018162956));
#1836 = CARTESIAN_POINT('',(97.780200847351,-5.462060171037));
#1837 = ( GEOMETRIC_REPRESENTATION_CONTEXT(2) 
PARAMETRIC_REPRESENTATION_CONTEXT() REPRESENTATION_CONTEXT('2D SPACE',''
  ) );
#1838 = ORIENTED_EDGE('',*,*,#1839,.T.);
#1839 = EDGE_CURVE('',#1819,#1840,#1842,.T.);
#1840 = VERTEX_POINT('',#1841);
#1841 = CARTESIAN_POINT('',(-327.2861210508,-1.067792857559E+03,207.7));
#1842 = SURFACE_CURVE('',#1843,(#1868,#1875),.PCURVE_S1.);
#1843 = ( BOUNDED_CURVE() B_SPLINE_CURVE(3,(#1844,#1845,#1846,#1847,
    #1848,#1849,#1850,#1851,#1852,#1853,#1854,#1855,#1856,#1857,#1858,
    #1859,#1860,#1861,#1862,#1863,#1864,#1865,#1866,#1867),
.UNSPECIFIED.,.F.,.F.) B_SPLINE_CURVE_WITH_KNOTS((4,1,1,1,1,1,1,1,1,1,1,
    1,1,1,1,1,1,1,1,1,1,4),(0.,8.351345992186E-02,0.136371070752,
    0.186631466795,0.236892072307,0.287245985354,0.337546964594,
    0.387892568228,0.438269195911,0.488657983617,0.539039913424,
    0.589390615006,0.639739510443,0.690135953221,0.740567502215,
    0.791001192157,0.824625304057,0.849810563706,0.930093869668,
0.935215837381,0.950554965611,1.),.UNSPECIFIED.) CURVE() 
GEOMETRIC_REPRESENTATION_ITEM() RATIONAL_B_SPLINE_CURVE((1.,
    1.000000000051,0.999999999985,1.000000000003,0.999999999999,1.,1.,1.
    ,1.,1.,1.,1.,1.,1.,1.,1.,1.000000000001,0.999999999998,
    1.000000000008,0.999999999937,1.000000000021,0.999999999406,
1.000000004078,1.)) REPRESENTATION_ITEM('') );
#1844 = CARTESIAN_POINT('',(-266.4208832304,-1.012527184563E+03,-5.));
#1845 = CARTESIAN_POINT('',(-268.721590344,-999.3106991207,
    8.008717576553));
#1846 = CARTESIAN_POINT('',(-262.8777295207,-1.013423947044E+03,
    14.999325035651));
#1847 = CARTESIAN_POINT('',(-272.6035078149,-1.017888848001E+03,
    29.781777604759));
#1848 = CARTESIAN_POINT('',(-277.6826733015,-1.021092514514E+03,
    42.001176541587));
#1849 = CARTESIAN_POINT('',(-282.808346168,-1.024238445188E+03,
    54.014146905159));
#1850 = CARTESIAN_POINT('',(-290.2252134526,-1.027503400139E+03,
    65.989969999267));
#1851 = CARTESIAN_POINT('',(-295.3918172295,-1.030586018783E+03,
    78.007482310661));
#1852 = CARTESIAN_POINT('',(-301.1770081166,-1.033701107243E+03,
    90.003188093923));
#1853 = CARTESIAN_POINT('',(-306.7970200887,-1.03680645659E+03,
    102.00152178571));
#1854 = CARTESIAN_POINT('',(-312.4878055378,-1.039916978377E+03,
    113.99940139363));
#1855 = CARTESIAN_POINT('',(-318.2382628202,-1.043026844028E+03,
    125.99554831415));
#1856 = CARTESIAN_POINT('',(-323.9478529293,-1.046150707883E+03,
    138.00035642969));
#1857 = CARTESIAN_POINT('',(-329.596934357,-1.04927849503E+03,
    150.00331724818));
#1858 = CARTESIAN_POINT('',(-335.5367763877,-1.052420693241E+03,
    162.01546347963));
#1859 = CARTESIAN_POINT('',(-341.3772480857,-1.055565163757E+03,
    173.95824023226));
#1860 = CARTESIAN_POINT('',(-347.0990609814,-1.058367683854E+03,
    184.80040122606));
#1861 = CARTESIAN_POINT('',(-350.4025293929,-1.060533672746E+03,
    193.04573531588));
#1862 = CARTESIAN_POINT('',(-360.1443828788,-1.063619774843E+03,
    205.83993582621));
#1863 = CARTESIAN_POINT('',(-334.644675819,-1.062612308559E+03,
    201.81943362341));
#1864 = CARTESIAN_POINT('',(-332.3592400767,-1.064263332513E+03,
    206.71778633278));
#1865 = CARTESIAN_POINT('',(-333.4521115045,-1.065760211461E+03,
    210.78852743977));
#1866 = CARTESIAN_POINT('',(-307.1179451334,-1.066024294578E+03,
    181.81436335833));
#1867 = CARTESIAN_POINT('',(-327.2861210508,-1.067792857559E+03,207.7));
#1868 = PCURVE('',#1739,#1869);
#1869 = DEFINITIONAL_REPRESENTATION('',(#1870),#1874);
#1870 = LINE('',#1871,#1872);
#1871 = CARTESIAN_POINT('',(13.,0.));
#1872 = VECTOR('',#1873,1.);
#1873 = DIRECTION('',(0.,1.));
#1874 = ( GEOMETRIC_REPRESENTATION_CONTEXT(2) 
PARAMETRIC_REPRESENTATION_CONTEXT() REPRESENTATION_CONTEXT('2D SPACE',''
  ) );
#1875 = PCURVE('',#1876,#1925);
#1876 = ( BOUNDED_SURFACE() B_SPLINE_SURFACE(1,3,(
    (#1877,#1878,#1879,#1880,#1881,#1882,#1883,#1884,#1885,#1886,#1887
      ,#1888,#1889,#1890,#1891,#1892,#1893,#1894,#1895,#1896,#1897,#1898
      ,#1899,#1900)
    ,(#1901,#1902,#1903,#1904,#1905,#1906,#1907,#1908,#1909,#1910,#1911
      ,#1912,#1913,#1914,#1915,#1916,#1917,#1918,#1919,#1920,#1921,#1922
      ,#1923,#1924
)),.UNSPECIFIED.,.F.,.F.,.F.) B_SPLINE_SURFACE_WITH_KNOTS((2,2),(4,1,1,1
    ,1,1,1,1,1,1,1,1,1,1,1,1,1,1,1,1,1,4),(13.,14.),(0.,
    8.351345992186E-02,0.136371070752,0.186631466795,0.236892072307,
    0.287245985354,0.337546964594,0.387892568228,0.438269195911,
    0.488657983617,0.539039913424,0.589390615006,0.639739510443,
    0.690135953221,0.740567502215,0.791001192157,0.824625304057,
    0.849810563706,0.930093869668,0.935215837381,0.950554965611,1.),
.UNSPECIFIED.) GEOMETRIC_REPRESENTATION_ITEM() RATIONAL_B_SPLINE_SURFACE
((
    (1.,1.000000000051,0.999999999985,1.000000000003,0.999999999999,1.
      ,1.,1.,1.,1.,1.,1.,1.,1.,1.,1.,1.000000000001,0.999999999998
      ,1.000000000008,0.999999999937,1.000000000021,0.999999999406
      ,1.000000004078,1.)
    ,(1.,1.000000000051,0.999999999985,1.000000000003,0.999999999999,1.
      ,1.,1.,1.,1.,1.,1.,1.,1.,1.,1.,1.000000000001,0.999999999998
      ,1.000000000008,0.999999999937,1.000000000021,0.999999999406
,1.000000004078,1.))) REPRESENTATION_ITEM('') SURFACE() );
#1877 = CARTESIAN_POINT('',(-266.4208832304,-1.012527184563E+03,-5.));
#1878 = CARTESIAN_POINT('',(-268.721590344,-999.3106991207,
    8.008717576553));
#1879 = CARTESIAN_POINT('',(-262.8777295207,-1.013423947044E+03,
    14.999325035651));
#1880 = CARTESIAN_POINT('',(-272.6035078149,-1.017888848001E+03,
    29.781777604759));
#1881 = CARTESIAN_POINT('',(-277.6826733015,-1.021092514514E+03,
    42.001176541587));
#1882 = CARTESIAN_POINT('',(-282.808346168,-1.024238445188E+03,
    54.014146905159));
#1883 = CARTESIAN_POINT('',(-290.2252134526,-1.027503400139E+03,
    65.989969999267));
#1884 = CARTESIAN_POINT('',(-295.3918172295,-1.030586018783E+03,
    78.007482310661));
#1885 = CARTESIAN_POINT('',(-301.1770081166,-1.033701107243E+03,
    90.003188093923));
#1886 = CARTESIAN_POINT('',(-306.7970200887,-1.03680645659E+03,
    102.00152178571));
#1887 = CARTESIAN_POINT('',(-312.4878055378,-1.039916978377E+03,
    113.99940139363));
#1888 = CARTESIAN_POINT('',(-318.2382628202,-1.043026844028E+03,
    125.99554831415));
#1889 = CARTESIAN_POINT('',(-323.9478529293,-1.046150707883E+03,
    138.00035642969));
#1890 = CARTESIAN_POINT('',(-329.596934357,-1.04927849503E+03,
    150.00331724818));
#1891 = CARTESIAN_POINT('',(-335.5367763877,-1.052420693241E+03,
    162.01546347963));
#1892 = CARTESIAN_POINT('',(-341.3772480857,-1.055565163757E+03,
    173.95824023226));
#1893 = CARTESIAN_POINT('',(-347.0990609814,-1.058367683854E+03,
    184.80040122606));
#1894 = CARTESIAN_POINT('',(-350.4025293929,-1.060533672746E+03,
    193.04573531588));
#1895 = CARTESIAN_POINT('',(-360.1443828788,-1.063619774843E+03,
    205.83993582621));
#1896 = CARTESIAN_POINT('',(-334.644675819,-1.062612308559E+03,
    201.81943362341));
#1897 = CARTESIAN_POINT('',(-332.3592400767,-1.064263332513E+03,
    206.71778633278));
#1898 = CARTESIAN_POINT('',(-333.4521115045,-1.065760211461E+03,
    210.78852743977));
#1899 = CARTESIAN_POINT('',(-307.1179451334,-1.066024294578E+03,
    181.81436335833));
#1900 = CARTESIAN_POINT('',(-327.2861210508,-1.067792857559E+03,207.7));
#1901 = CARTESIAN_POINT('',(-274.0230696488,-1.013065597884E+03,-5.));
#1902 = CARTESIAN_POINT('',(-276.9356341144,-999.8050659652,
    8.008717576553));
#1903 = CARTESIAN_POINT('',(-270.4168183107,-1.014013736714E+03,
    14.999325035651));
#1904 = CARTESIAN_POINT('',(-280.0028184046,-1.018343470495E+03,
    29.781777604759));
#1905 = CARTESIAN_POINT('',(-284.9263108475,-1.021490983129E+03,
    42.001176541587));
#1906 = CARTESIAN_POINT('',(-289.8685046144,-1.024642451141E+03,
    54.014146905159));
#1907 = CARTESIAN_POINT('',(-297.1011293436,-1.027929033113E+03,
    65.989969999267));
#1908 = CARTESIAN_POINT('',(-302.0808354583,-1.03099155664E+03,
    78.007482310661));
#1909 = CARTESIAN_POINT('',(-307.6818749568,-1.034113030886E+03,
    90.003188093923));
#1910 = CARTESIAN_POINT('',(-313.1176197091,-1.037217830071E+03,
    102.00152178571));
#1911 = CARTESIAN_POINT('',(-318.6244710771,-1.040329740965E+03,
    113.99940139363));
#1912 = CARTESIAN_POINT('',(-324.1922898848,-1.043447526176E+03,
    125.99554831415));
#1913 = CARTESIAN_POINT('',(-329.717062738,-1.046564946466E+03,
    138.00035642969));
#1914 = CARTESIAN_POINT('',(-335.1819260421,-1.049672776035E+03,
    150.00331724818));
#1915 = CARTESIAN_POINT('',(-340.9371239659,-1.052822268156E+03,
    162.01546347963));
#1916 = CARTESIAN_POINT('',(-346.5963279858,-1.055866282735E+03,
    173.95824023226));
#1917 = CARTESIAN_POINT('',(-352.1685051434,-1.058655304446E+03,
    184.80040122606));
#1918 = CARTESIAN_POINT('',(-355.3119998993,-1.060762574149E+03,
    193.04573531588));
#1919 = CARTESIAN_POINT('',(-365.001574578,-1.064090768194E+03,
    205.83993582621));
#1920 = CARTESIAN_POINT('',(-338.4339912985,-1.062905222371E+03,
    201.81943362341));
#1921 = CARTESIAN_POINT('',(-335.0379194689,-1.064469909054E+03,
    206.71778633278));
#1922 = CARTESIAN_POINT('',(-335.3424555019,-1.065924240524E+03,
    210.78852743977));
#1923 = CARTESIAN_POINT('',(-307.0561052812,-1.065893814261E+03,
    181.81436335833));
#1924 = CARTESIAN_POINT('',(-327.5821504891,-1.067815730803E+03,207.7));
#1925 = DEFINITIONAL_REPRESENTATION('',(#1926),#1930);
#1926 = LINE('',#1927,#1928);
#1927 = CARTESIAN_POINT('',(13.,0.));
#1928 = VECTOR('',#1929,1.);
#1929 = DIRECTION('',(0.,1.));
#1930 = ( GEOMETRIC_REPRESENTATION_CONTEXT(2) 
PARAMETRIC_REPRESENTATION_CONTEXT() REPRESENTATION_CONTEXT('2D SPACE',''
  ) );
#1931 = ORIENTED_EDGE('',*,*,#1932,.F.);
#1932 = EDGE_CURVE('',#1703,#1840,#1933,.T.);
#1933 = SURFACE_CURVE('',#1934,(#1937,#1944),.PCURVE_S1.);
#1934 = B_SPLINE_CURVE_WITH_KNOTS('',1,(#1935,#1936),.UNSPECIFIED.,.F.,
  .F.,(2,2),(12.,13.),.PIECEWISE_BEZIER_KNOTS.);
#1935 = CARTESIAN_POINT('',(-326.9900916125,-1.067769984315E+03,207.7));
#1936 = CARTESIAN_POINT('',(-327.2861210508,-1.067792857559E+03,207.7));
#1937 = PCURVE('',#1739,#1938);
#1938 = DEFINITIONAL_REPRESENTATION('',(#1939),#1943);
#1939 = LINE('',#1940,#1941);
#1940 = CARTESIAN_POINT('',(0.,1.));
#1941 = VECTOR('',#1942,1.);
#1942 = DIRECTION('',(1.,0.));
#1943 = ( GEOMETRIC_REPRESENTATION_CONTEXT(2) 
PARAMETRIC_REPRESENTATION_CONTEXT() REPRESENTATION_CONTEXT('2D SPACE',''
  ) );
#1944 = PCURVE('',#206,#1945);
#1945 = DEFINITIONAL_REPRESENTATION('',(#1946),#1949);
#1946 = B_SPLINE_CURVE_WITH_KNOTS('',1,(#1947,#1948),.UNSPECIFIED.,.F.,
  .F.,(2,2),(12.,13.),.PIECEWISE_BEZIER_KNOTS.);
#1947 = CARTESIAN_POINT('',(3.526290668677,-0.356087138489));
#1948 = CARTESIAN_POINT('',(3.823093502353,-0.348044031624));
#1949 = ( GEOMETRIC_REPRESENTATION_CONTEXT(2) 
PARAMETRIC_REPRESENTATION_CONTEXT() REPRESENTATION_CONTEXT('2D SPACE',''
  ) );
#1950 = ORIENTED_EDGE('',*,*,#1702,.F.);
#1951 = ADVANCED_FACE('',(#1952),#1876,.T.);
#1952 = FACE_BOUND('',#1953,.T.);
#1953 = EDGE_LOOP('',(#1954,#1975,#2068,#2087));
#1954 = ORIENTED_EDGE('',*,*,#1955,.T.);
#1955 = EDGE_CURVE('',#1819,#1956,#1958,.T.);
#1956 = VERTEX_POINT('',#1957);
#1957 = CARTESIAN_POINT('',(-274.0230696488,-1.013065597884E+03,-5.));
#1958 = SURFACE_CURVE('',#1959,(#1962,#1969),.PCURVE_S1.);
#1959 = B_SPLINE_CURVE_WITH_KNOTS('',1,(#1960,#1961),.UNSPECIFIED.,.F.,
  .F.,(2,2),(13.,14.),.PIECEWISE_BEZIER_KNOTS.);
#1960 = CARTESIAN_POINT('',(-266.4208832304,-1.012527184563E+03,-5.));
#1961 = CARTESIAN_POINT('',(-274.0230696488,-1.013065597884E+03,-5.));
#1962 = PCURVE('',#1876,#1963);
#1963 = DEFINITIONAL_REPRESENTATION('',(#1964),#1968);
#1964 = LINE('',#1965,#1966);
#1965 = CARTESIAN_POINT('',(0.,0.));
#1966 = VECTOR('',#1967,1.);
#1967 = DIRECTION('',(1.,0.));
#1968 = ( GEOMETRIC_REPRESENTATION_CONTEXT(2) 
PARAMETRIC_REPRESENTATION_CONTEXT() REPRESENTATION_CONTEXT('2D SPACE',''
  ) );
#1969 = PCURVE('',#87,#1970);
#1970 = DEFINITIONAL_REPRESENTATION('',(#1971),#1974);
#1971 = B_SPLINE_CURVE_WITH_KNOTS('',1,(#1972,#1973),.UNSPECIFIED.,.F.,
  .F.,(2,2),(13.,14.),.PIECEWISE_BEZIER_KNOTS.);
#1972 = CARTESIAN_POINT('',(97.780200847351,-5.462060171037));
#1973 = CARTESIAN_POINT('',(105.39137115349,-5.070634807374));
#1974 = ( GEOMETRIC_REPRESENTATION_CONTEXT(2) 
PARAMETRIC_REPRESENTATION_CONTEXT() REPRESENTATION_CONTEXT('2D SPACE',''
  ) );
#1975 = ORIENTED_EDGE('',*,*,#1976,.T.);
#1976 = EDGE_CURVE('',#1956,#1977,#1979,.T.);
#1977 = VERTEX_POINT('',#1978);
#1978 = CARTESIAN_POINT('',(-327.5821504891,-1.067815730803E+03,207.7));
#1979 = SURFACE_CURVE('',#1980,(#2005,#2012),.PCURVE_S1.);
#1980 = ( BOUNDED_CURVE() B_SPLINE_CURVE(3,(#1981,#1982,#1983,#1984,
    #1985,#1986,#1987,#1988,#1989,#1990,#1991,#1992,#1993,#1994,#1995,
    #1996,#1997,#1998,#1999,#2000,#2001,#2002,#2003,#2004),
.UNSPECIFIED.,.F.,.F.) B_SPLINE_CURVE_WITH_KNOTS((4,1,1,1,1,1,1,1,1,1,1,
    1,1,1,1,1,1,1,1,1,1,4),(0.,8.351345992186E-02,0.136371070752,
    0.186631466795,0.236892072307,0.287245985354,0.337546964594,
    0.387892568228,0.438269195911,0.488657983617,0.539039913424,
    0.589390615006,0.639739510443,0.690135953221,0.740567502215,
    0.791001192157,0.824625304057,0.849810563706,0.930093869668,
0.935215837381,0.950554965611,1.),.UNSPECIFIED.) CURVE() 
GEOMETRIC_REPRESENTATION_ITEM() RATIONAL_B_SPLINE_CURVE((1.,
    1.000000000051,0.999999999985,1.000000000003,0.999999999999,1.,1.,1.
    ,1.,1.,1.,1.,1.,1.,1.,1.,1.000000000001,0.999999999998,
    1.000000000008,0.999999999937,1.000000000021,0.999999999406,
1.000000004078,1.)) REPRESENTATION_ITEM('') );
#1981 = CARTESIAN_POINT('',(-274.0230696488,-1.013065597884E+03,-5.));
#1982 = CARTESIAN_POINT('',(-276.9356341144,-999.8050659652,
    8.008717576553));
#1983 = CARTESIAN_POINT('',(-270.4168183107,-1.014013736714E+03,
    14.999325035651));
#1984 = CARTESIAN_POINT('',(-280.0028184046,-1.018343470495E+03,
    29.781777604759));
#1985 = CARTESIAN_POINT('',(-284.9263108475,-1.021490983129E+03,
    42.001176541587));
#1986 = CARTESIAN_POINT('',(-289.8685046144,-1.024642451141E+03,
    54.014146905159));
#1987 = CARTESIAN_POINT('',(-297.1011293436,-1.027929033113E+03,
    65.989969999267));
#1988 = CARTESIAN_POINT('',(-302.0808354583,-1.03099155664E+03,
    78.007482310661));
#1989 = CARTESIAN_POINT('',(-307.6818749568,-1.034113030886E+03,
    90.003188093923));
#1990 = CARTESIAN_POINT('',(-313.1176197091,-1.037217830071E+03,
    102.00152178571));
#1991 = CARTESIAN_POINT('',(-318.6244710771,-1.040329740965E+03,
    113.99940139363));
#1992 = CARTESIAN_POINT('',(-324.1922898848,-1.043447526176E+03,
    125.99554831415));
#1993 = CARTESIAN_POINT('',(-329.717062738,-1.046564946466E+03,
    138.00035642969));
#1994 = CARTESIAN_POINT('',(-335.1819260421,-1.049672776035E+03,
    150.00331724818));
#1995 = CARTESIAN_POINT('',(-340.9371239659,-1.052822268156E+03,
    162.01546347963));
#1996 = CARTESIAN_POINT('',(-346.5963279858,-1.055866282735E+03,
    173.95824023226));
#1997 = CARTESIAN_POINT('',(-352.1685051434,-1.058655304446E+03,
    184.80040122606));
#1998 = CARTESIAN_POINT('',(-355.3119998993,-1.060762574149E+03,
    193.04573531588));
#1999 = CARTESIAN_POINT('',(-365.001574578,-1.064090768194E+03,
    205.83993582621));
#2000 = CARTESIAN_POINT('',(-338.4339912985,-1.062905222371E+03,
    201.81943362341));
#2001 = CARTESIAN_POINT('',(-335.0379194689,-1.064469909054E+03,
    206.71778633278));
#2002 = CARTESIAN_POINT('',(-335.3424555019,-1.065924240524E+03,
    210.78852743977));
#2003 = CARTESIAN_POINT('',(-307.0561052812,-1.065893814261E+03,
    181.81436335833));
#2004 = CARTESIAN_POINT('',(-327.5821504891,-1.067815730803E+03,207.7));
#2005 = PCURVE('',#1876,#2006);
#2006 = DEFINITIONAL_REPRESENTATION('',(#2007),#2011);
#2007 = LINE('',#2008,#2009);
#2008 = CARTESIAN_POINT('',(14.,0.));
#2009 = VECTOR('',#2010,1.);
#2010 = DIRECTION('',(0.,1.));
#2011 = ( GEOMETRIC_REPRESENTATION_CONTEXT(2) 
PARAMETRIC_REPRESENTATION_CONTEXT() REPRESENTATION_CONTEXT('2D SPACE',''
  ) );
#2012 = PCURVE('',#2013,#2062);
#2013 = ( BOUNDED_SURFACE() B_SPLINE_SURFACE(1,3,(
    (#2014,#2015,#2016,#2017,#2018,#2019,#2020,#2021,#2022,#2023,#2024
      ,#2025,#2026,#2027,#2028,#2029,#2030,#2031,#2032,#2033,#2034,#2035
      ,#2036,#2037)
    ,(#2038,#2039,#2040,#2041,#2042,#2043,#2044,#2045,#2046,#2047,#2048
      ,#2049,#2050,#2051,#2052,#2053,#2054,#2055,#2056,#2057,#2058,#2059
      ,#2060,#2061
)),.UNSPECIFIED.,.F.,.F.,.F.) B_SPLINE_SURFACE_WITH_KNOTS((2,2),(4,1,1,1
    ,1,1,1,1,1,1,1,1,1,1,1,1,1,1,1,1,1,4),(14.,15.),(0.,
    8.351345992186E-02,0.136371070752,0.186631466795,0.236892072307,
    0.287245985354,0.337546964594,0.387892568228,0.438269195911,
    0.488657983617,0.539039913424,0.589390615006,0.639739510443,
    0.690135953221,0.740567502215,0.791001192157,0.824625304057,
    0.849810563706,0.930093869668,0.935215837381,0.950554965611,1.),
.UNSPECIFIED.) GEOMETRIC_REPRESENTATION_ITEM() RATIONAL_B_SPLINE_SURFACE
((
    (1.,1.000000000051,0.999999999985,1.000000000003,0.999999999999,1.
      ,1.,1.,1.,1.,1.,1.,1.,1.,1.,1.,1.000000000001,0.999999999998
      ,1.000000000008,0.999999999937,1.000000000021,0.999999999406
      ,1.000000004078,1.)
    ,(1.,1.000000000051,0.999999999985,1.000000000003,0.999999999999,1.
      ,1.,1.,1.,1.,1.,1.,1.,1.,1.,1.,1.000000000001,0.999999999998
      ,1.000000000008,0.999999999937,1.000000000021,0.999999999406
,1.000000004078,1.))) REPRESENTATION_ITEM('') SURFACE() );
#2014 = CARTESIAN_POINT('',(-274.0230696488,-1.013065597884E+03,-5.));
#2015 = CARTESIAN_POINT('',(-276.9356341144,-999.8050659652,
    8.008717576553));
#2016 = CARTESIAN_POINT('',(-270.4168183107,-1.014013736714E+03,
    14.999325035651));
#2017 = CARTESIAN_POINT('',(-280.0028184046,-1.018343470495E+03,
    29.781777604759));
#2018 = CARTESIAN_POINT('',(-284.9263108475,-1.021490983129E+03,
    42.001176541587));
#2019 = CARTESIAN_POINT('',(-289.8685046144,-1.024642451141E+03,
    54.014146905159));
#2020 = CARTESIAN_POINT('',(-297.1011293436,-1.027929033113E+03,
    65.989969999267));
#2021 = CARTESIAN_POINT('',(-302.0808354583,-1.03099155664E+03,
    78.007482310661));
#2022 = CARTESIAN_POINT('',(-307.6818749568,-1.034113030886E+03,
    90.003188093923));
#2023 = CARTESIAN_POINT('',(-313.1176197091,-1.037217830071E+03,
    102.00152178571));
#2024 = CARTESIAN_POINT('',(-318.6244710771,-1.040329740965E+03,
    113.99940139363));
#2025 = CARTESIAN_POINT('',(-324.1922898848,-1.043447526176E+03,
    125.99554831415));
#2026 = CARTESIAN_POINT('',(-329.717062738,-1.046564946466E+03,
    138.00035642969));
#2027 = CARTESIAN_POINT('',(-335.1819260421,-1.049672776035E+03,
    150.00331724818));
#2028 = CARTESIAN_POINT('',(-340.9371239659,-1.052822268156E+03,
    162.01546347963));
#2029 = CARTESIAN_POINT('',(-346.5963279858,-1.055866282735E+03,
    173.95824023226));
#2030 = CARTESIAN_POINT('',(-352.1685051434,-1.058655304446E+03,
    184.80040122606));
#2031 = CARTESIAN_POINT('',(-355.3119998993,-1.060762574149E+03,
    193.04573531588));
#2032 = CARTESIAN_POINT('',(-365.001574578,-1.064090768194E+03,
    205.83993582621));
#2033 = CARTESIAN_POINT('',(-338.4339912985,-1.062905222371E+03,
    201.81943362341));
#2034 = CARTESIAN_POINT('',(-335.0379194689,-1.064469909054E+03,
    206.71778633278));
#2035 = CARTESIAN_POINT('',(-335.3424555019,-1.065924240524E+03,
    210.78852743977));
#2036 = CARTESIAN_POINT('',(-307.0561052812,-1.065893814261E+03,
    181.81436335833));
#2037 = CARTESIAN_POINT('',(-327.5821504891,-1.067815730803E+03,207.7));
#2038 = CARTESIAN_POINT('',(-281.6230871085,-1.013634687006E+03,-5.));
#2039 = CARTESIAN_POINT('',(-285.091134096,-1.001152467185E+03,
    8.008717576553));
#2040 = CARTESIAN_POINT('',(-277.968704275,-1.014413648578E+03,
    14.999325035651));
#2041 = CARTESIAN_POINT('',(-287.3994236256,-1.01884129464E+03,
    29.781777604759));
#2042 = CARTESIAN_POINT('',(-292.1597175963,-1.022046957591E+03,
    42.001176541587));
#2043 = CARTESIAN_POINT('',(-296.9202591987,-1.025177485577E+03,
    54.014146905159));
#2044 = CARTESIAN_POINT('',(-303.9735380892,-1.028411671104E+03,
    65.989969999267));
#2045 = CARTESIAN_POINT('',(-308.7653265054,-1.0314713581E+03,
    78.007482310661));
#2046 = CARTESIAN_POINT('',(-314.1835629356,-1.034576987871E+03,
    90.003188093923));
#2047 = CARTESIAN_POINT('',(-319.4357994947,-1.037668896105E+03,
    102.00152178571));
#2048 = CARTESIAN_POINT('',(-324.7595384986,-1.040768654367E+03,
    113.99940139363));
#2049 = CARTESIAN_POINT('',(-330.1462071377,-1.043869581767E+03,
    125.99554831415));
#2050 = CARTESIAN_POINT('',(-335.4856937121,-1.046988525567E+03,
    138.00035642969));
#2051 = CARTESIAN_POINT('',(-340.7693438138,-1.050028306417E+03,
    150.00331724818));
#2052 = CARTESIAN_POINT('',(-346.3451444557,-1.053101818255E+03,
    162.01546347963));
#2053 = CARTESIAN_POINT('',(-351.8160576159,-1.056157301945E+03,
    173.95824023226));
#2054 = CARTESIAN_POINT('',(-357.2380622598,-1.058943868098E+03,
    184.80040122606));
#2055 = CARTESIAN_POINT('',(-360.2184507137,-1.061037090185E+03,
    193.04573531588));
#2056 = CARTESIAN_POINT('',(-369.8613865833,-1.064522179463E+03,
    205.83993582621));
#2057 = CARTESIAN_POINT('',(-342.2233103655,-1.063198086283E+03,
    201.81943362341));
#2058 = CARTESIAN_POINT('',(-337.7165879571,-1.064676648889E+03,
    206.71778633278));
#2059 = CARTESIAN_POINT('',(-337.2332929173,-1.066080856607E+03,
    210.78852743977));
#2060 = CARTESIAN_POINT('',(-306.9908137564,-1.065815196024E+03,
    181.81436335833));
#2061 = CARTESIAN_POINT('',(-327.8781799274,-1.067838604047E+03,207.7));
#2062 = DEFINITIONAL_REPRESENTATION('',(#2063),#2067);
#2063 = LINE('',#2064,#2065);
#2064 = CARTESIAN_POINT('',(14.,0.));
#2065 = VECTOR('',#2066,1.);
#2066 = DIRECTION('',(0.,1.));
#2067 = ( GEOMETRIC_REPRESENTATION_CONTEXT(2) 
PARAMETRIC_REPRESENTATION_CONTEXT() REPRESENTATION_CONTEXT('2D SPACE',''
  ) );
#2068 = ORIENTED_EDGE('',*,*,#2069,.F.);
#2069 = EDGE_CURVE('',#1840,#1977,#2070,.T.);
#2070 = SURFACE_CURVE('',#2071,(#2074,#2081),.PCURVE_S1.);
#2071 = B_SPLINE_CURVE_WITH_KNOTS('',1,(#2072,#2073),.UNSPECIFIED.,.F.,
  .F.,(2,2),(13.,14.),.PIECEWISE_BEZIER_KNOTS.);
#2072 = CARTESIAN_POINT('',(-327.2861210508,-1.067792857559E+03,207.7));
#2073 = CARTESIAN_POINT('',(-327.5821504891,-1.067815730803E+03,207.7));
#2074 = PCURVE('',#1876,#2075);
#2075 = DEFINITIONAL_REPRESENTATION('',(#2076),#2080);
#2076 = LINE('',#2077,#2078);
#2077 = CARTESIAN_POINT('',(0.,1.));
#2078 = VECTOR('',#2079,1.);
#2079 = DIRECTION('',(1.,0.));
#2080 = ( GEOMETRIC_REPRESENTATION_CONTEXT(2) 
PARAMETRIC_REPRESENTATION_CONTEXT() REPRESENTATION_CONTEXT('2D SPACE',''
  ) );
#2081 = PCURVE('',#206,#2082);
#2082 = DEFINITIONAL_REPRESENTATION('',(#2083),#2086);
#2083 = B_SPLINE_CURVE_WITH_KNOTS('',1,(#2084,#2085),.UNSPECIFIED.,.F.,
  .F.,(2,2),(13.,14.),.PIECEWISE_BEZIER_KNOTS.);
#2084 = CARTESIAN_POINT('',(3.823093502353,-0.348044031624));
#2085 = CARTESIAN_POINT('',(4.119896336028,-0.340000924759));
#2086 = ( GEOMETRIC_REPRESENTATION_CONTEXT(2) 
PARAMETRIC_REPRESENTATION_CONTEXT() REPRESENTATION_CONTEXT('2D SPACE',''
  ) );
#2087 = ORIENTED_EDGE('',*,*,#1839,.F.);
#2088 = ADVANCED_FACE('',(#2089),#2013,.T.);
#2089 = FACE_BOUND('',#2090,.T.);
#2090 = EDGE_LOOP('',(#2091,#2112,#2205,#2224));
#2091 = ORIENTED_EDGE('',*,*,#2092,.T.);
#2092 = EDGE_CURVE('',#1956,#2093,#2095,.T.);
#2093 = VERTEX_POINT('',#2094);
#2094 = CARTESIAN_POINT('',(-281.6230871085,-1.013634687006E+03,-5.));
#2095 = SURFACE_CURVE('',#2096,(#2099,#2106),.PCURVE_S1.);
#2096 = B_SPLINE_CURVE_WITH_KNOTS('',1,(#2097,#2098),.UNSPECIFIED.,.F.,
  .F.,(2,2),(14.,15.),.PIECEWISE_BEZIER_KNOTS.);
#2097 = CARTESIAN_POINT('',(-274.0230696488,-1.013065597884E+03,-5.));
#2098 = CARTESIAN_POINT('',(-281.6230871085,-1.013634687006E+03,-5.));
#2099 = PCURVE('',#2013,#2100);
#2100 = DEFINITIONAL_REPRESENTATION('',(#2101),#2105);
#2101 = LINE('',#2102,#2103);
#2102 = CARTESIAN_POINT('',(0.,0.));
#2103 = VECTOR('',#2104,1.);
#2104 = DIRECTION('',(1.,0.));
#2105 = ( GEOMETRIC_REPRESENTATION_CONTEXT(2) 
PARAMETRIC_REPRESENTATION_CONTEXT() REPRESENTATION_CONTEXT('2D SPACE',''
  ) );
#2106 = PCURVE('',#87,#2107);
#2107 = DEFINITIONAL_REPRESENTATION('',(#2108),#2111);
#2108 = B_SPLINE_CURVE_WITH_KNOTS('',1,(#2109,#2110),.UNSPECIFIED.,.F.,
  .F.,(2,2),(14.,15.),.PIECEWISE_BEZIER_KNOTS.);
#2109 = CARTESIAN_POINT('',(105.39137115349,-5.070634807374));
#2110 = CARTESIAN_POINT('',(113.00096561553,-4.648497460792));
#2111 = ( GEOMETRIC_REPRESENTATION_CONTEXT(2) 
PARAMETRIC_REPRESENTATION_CONTEXT() REPRESENTATION_CONTEXT('2D SPACE',''
  ) );
#2112 = ORIENTED_EDGE('',*,*,#2113,.T.);
#2113 = EDGE_CURVE('',#2093,#2114,#2116,.T.);
#2114 = VERTEX_POINT('',#2115);
#2115 = CARTESIAN_POINT('',(-327.8781799274,-1.067838604047E+03,207.7));
#2116 = SURFACE_CURVE('',#2117,(#2142,#2149),.PCURVE_S1.);
#2117 = ( BOUNDED_CURVE() B_SPLINE_CURVE(3,(#2118,#2119,#2120,#2121,
    #2122,#2123,#2124,#2125,#2126,#2127,#2128,#2129,#2130,#2131,#2132,
    #2133,#2134,#2135,#2136,#2137,#2138,#2139,#2140,#2141),
.UNSPECIFIED.,.F.,.F.) B_SPLINE_CURVE_WITH_KNOTS((4,1,1,1,1,1,1,1,1,1,1,
    1,1,1,1,1,1,1,1,1,1,4),(0.,8.351345992186E-02,0.136371070752,
    0.186631466795,0.236892072307,0.287245985354,0.337546964594,
    0.387892568228,0.438269195911,0.488657983617,0.539039913424,
    0.589390615006,0.639739510443,0.690135953221,0.740567502215,
    0.791001192157,0.824625304057,0.849810563706,0.930093869668,
0.935215837381,0.950554965611,1.),.UNSPECIFIED.) CURVE() 
GEOMETRIC_REPRESENTATION_ITEM() RATIONAL_B_SPLINE_CURVE((1.,
    1.000000000051,0.999999999985,1.000000000003,0.999999999999,1.,1.,1.
    ,1.,1.,1.,1.,1.,1.,1.,1.,1.000000000001,0.999999999998,
    1.000000000008,0.999999999937,1.000000000021,0.999999999406,
1.000000004078,1.)) REPRESENTATION_ITEM('') );
#2118 = CARTESIAN_POINT('',(-281.6230871085,-1.013634687006E+03,-5.));
#2119 = CARTESIAN_POINT('',(-285.091134096,-1.001152467185E+03,
    8.008717576553));
#2120 = CARTESIAN_POINT('',(-277.968704275,-1.014413648578E+03,
    14.999325035651));
#2121 = CARTESIAN_POINT('',(-287.3994236256,-1.01884129464E+03,
    29.781777604759));
#2122 = CARTESIAN_POINT('',(-292.1597175963,-1.022046957591E+03,
    42.001176541587));
#2123 = CARTESIAN_POINT('',(-296.9202591987,-1.025177485577E+03,
    54.014146905159));
#2124 = CARTESIAN_POINT('',(-303.9735380892,-1.028411671104E+03,
    65.989969999267));
#2125 = CARTESIAN_POINT('',(-308.7653265054,-1.0314713581E+03,
    78.007482310661));
#2126 = CARTESIAN_POINT('',(-314.1835629356,-1.034576987871E+03,
    90.003188093923));
#2127 = CARTESIAN_POINT('',(-319.4357994947,-1.037668896105E+03,
    102.00152178571));
#2128 = CARTESIAN_POINT('',(-324.7595384986,-1.040768654367E+03,
    113.99940139363));
#2129 = CARTESIAN_POINT('',(-330.1462071377,-1.043869581767E+03,
    125.99554831415));
#2130 = CARTESIAN_POINT('',(-335.4856937121,-1.046988525567E+03,
    138.00035642969));
#2131 = CARTESIAN_POINT('',(-340.7693438138,-1.050028306417E+03,
    150.00331724818));
#2132 = CARTESIAN_POINT('',(-346.3451444557,-1.053101818255E+03,
    162.01546347963));
#2133 = CARTESIAN_POINT('',(-351.8160576159,-1.056157301945E+03,
    173.95824023226));
#2134 = CARTESIAN_POINT('',(-357.2380622598,-1.058943868098E+03,
    184.80040122606));
#2135 = CARTESIAN_POINT('',(-360.2184507137,-1.061037090185E+03,
    193.04573531588));
#2136 = CARTESIAN_POINT('',(-369.8613865833,-1.064522179463E+03,
    205.83993582621));
#2137 = CARTESIAN_POINT('',(-342.2233103655,-1.063198086283E+03,
    201.81943362341));
#2138 = CARTESIAN_POINT('',(-337.7165879571,-1.064676648889E+03,
    206.71778633278));
#2139 = CARTESIAN_POINT('',(-337.2332929173,-1.066080856607E+03,
    210.78852743977));
#2140 = CARTESIAN_POINT('',(-306.9908137564,-1.065815196024E+03,
    181.81436335833));
#2141 = CARTESIAN_POINT('',(-327.8781799274,-1.067838604047E+03,207.7));
#2142 = PCURVE('',#2013,#2143);
#2143 = DEFINITIONAL_REPRESENTATION('',(#2144),#2148);
#2144 = LINE('',#2145,#2146);
#2145 = CARTESIAN_POINT('',(15.,0.));
#2146 = VECTOR('',#2147,1.);
#2147 = DIRECTION('',(0.,1.));
#2148 = ( GEOMETRIC_REPRESENTATION_CONTEXT(2) 
PARAMETRIC_REPRESENTATION_CONTEXT() REPRESENTATION_CONTEXT('2D SPACE',''
  ) );
#2149 = PCURVE('',#2150,#2199);
#2150 = ( BOUNDED_SURFACE() B_SPLINE_SURFACE(1,3,(
    (#2151,#2152,#2153,#2154,#2155,#2156,#2157,#2158,#2159,#2160,#2161
      ,#2162,#2163,#2164,#2165,#2166,#2167,#2168,#2169,#2170,#2171,#2172
      ,#2173,#2174)
    ,(#2175,#2176,#2177,#2178,#2179,#2180,#2181,#2182,#2183,#2184,#2185
      ,#2186,#2187,#2188,#2189,#2190,#2191,#2192,#2193,#2194,#2195,#2196
      ,#2197,#2198
)),.UNSPECIFIED.,.F.,.F.,.F.) B_SPLINE_SURFACE_WITH_KNOTS((2,2),(4,1,1,1
    ,1,1,1,1,1,1,1,1,1,1,1,1,1,1,1,1,1,4),(15.,16.),(0.,
    8.351345992186E-02,0.136371070752,0.186631466795,0.236892072307,
    0.287245985354,0.337546964594,0.387892568228,0.438269195911,
    0.488657983617,0.539039913424,0.589390615006,0.639739510443,
    0.690135953221,0.740567502215,0.791001192157,0.824625304057,
    0.849810563706,0.930093869668,0.935215837381,0.950554965611,1.),
.UNSPECIFIED.) GEOMETRIC_REPRESENTATION_ITEM() RATIONAL_B_SPLINE_SURFACE
((
    (1.,1.000000000051,0.999999999985,1.000000000003,0.999999999999,1.
      ,1.,1.,1.,1.,1.,1.,1.,1.,1.,1.,1.000000000001,0.999999999998
      ,1.000000000008,0.999999999937,1.000000000021,0.999999999406
      ,1.000000004078,1.)
    ,(1.,1.000000000051,0.999999999985,1.000000000003,0.999999999999,1.
      ,1.,1.,1.,1.,1.,1.,1.,1.,1.,1.,1.000000000001,0.999999999998
      ,1.000000000008,0.999999999937,1.000000000021,0.999999999406
,1.000000004078,1.))) REPRESENTATION_ITEM('') SURFACE() );
#2151 = CARTESIAN_POINT('',(-281.6230871085,-1.013634687006E+03,-5.));
#2152 = CARTESIAN_POINT('',(-285.091134096,-1.001152467185E+03,
    8.008717576553));
#2153 = CARTESIAN_POINT('',(-277.968704275,-1.014413648578E+03,
    14.999325035651));
#2154 = CARTESIAN_POINT('',(-287.3994236256,-1.01884129464E+03,
    29.781777604759));
#2155 = CARTESIAN_POINT('',(-292.1597175963,-1.022046957591E+03,
    42.001176541587));
#2156 = CARTESIAN_POINT('',(-296.9202591987,-1.025177485577E+03,
    54.014146905159));
#2157 = CARTESIAN_POINT('',(-303.9735380892,-1.028411671104E+03,
    65.989969999267));
#2158 = CARTESIAN_POINT('',(-308.7653265054,-1.0314713581E+03,
    78.007482310661));
#2159 = CARTESIAN_POINT('',(-314.1835629356,-1.034576987871E+03,
    90.003188093923));
#2160 = CARTESIAN_POINT('',(-319.4357994947,-1.037668896105E+03,
    102.00152178571));
#2161 = CARTESIAN_POINT('',(-324.7595384986,-1.040768654367E+03,
    113.99940139363));
#2162 = CARTESIAN_POINT('',(-330.1462071377,-1.043869581767E+03,
    125.99554831415));
#2163 = CARTESIAN_POINT('',(-335.4856937121,-1.046988525567E+03,
    138.00035642969));
#2164 = CARTESIAN_POINT('',(-340.7693438138,-1.050028306417E+03,
    150.00331724818));
#2165 = CARTESIAN_POINT('',(-346.3451444557,-1.053101818255E+03,
    162.01546347963));
#2166 = CARTESIAN_POINT('',(-351.8160576159,-1.056157301945E+03,
    173.95824023226));
#2167 = CARTESIAN_POINT('',(-357.2380622598,-1.058943868098E+03,
    184.80040122606));
#2168 = CARTESIAN_POINT('',(-360.2184507137,-1.061037090185E+03,
    193.04573531588));
#2169 = CARTESIAN_POINT('',(-369.8613865833,-1.064522179463E+03,
    205.83993582621));
#2170 = CARTESIAN_POINT('',(-342.2233103655,-1.063198086283E+03,
    201.81943362341));
#2171 = CARTESIAN_POINT('',(-337.7165879571,-1.064676648889E+03,
    206.71778633278));
#2172 = CARTESIAN_POINT('',(-337.2332929173,-1.066080856607E+03,
    210.78852743977));
#2173 = CARTESIAN_POINT('',(-306.9908137564,-1.065815196024E+03,
    181.81436335833));
#2174 = CARTESIAN_POINT('',(-327.8781799274,-1.067838604047E+03,207.7));
#2175 = CARTESIAN_POINT('',(-289.2231045681,-1.014203776128E+03,-5.));
#2176 = CARTESIAN_POINT('',(-293.2836011753,-1.001967807394E+03,
    8.008717576553));
#2177 = CARTESIAN_POINT('',(-285.5130007724,-1.014923703638E+03,
    14.999325035651));
#2178 = CARTESIAN_POINT('',(-294.7917072856,-1.019399407845E+03,
    29.781777604759));
#2179 = CARTESIAN_POINT('',(-299.3937314236,-1.022594301999E+03,
    42.001176541587));
#2180 = CARTESIAN_POINT('',(-303.973824345,-1.025687907911E+03,
    54.014146905159));
#2181 = CARTESIAN_POINT('',(-310.8454616284,-1.028900904656E+03,
    65.989969999267));
#2182 = CARTESIAN_POINT('',(-315.4499486404,-1.031949378213E+03,
    78.007482310661));
#2183 = CARTESIAN_POINT('',(-320.6852490818,-1.035040952389E+03,
    90.003188093923));
#2184 = CARTESIAN_POINT('',(-325.7539275541,-1.038120704862E+03,
    102.00152178571));
#2185 = CARTESIAN_POINT('',(-330.8948146951,-1.041204588822E+03,
    113.99940139363));
#2186 = CARTESIAN_POINT('',(-336.1019226397,-1.044261672199E+03,
    125.99554831415));
#2187 = CARTESIAN_POINT('',(-341.2588968175,-1.047335655506E+03,
    138.00035642969));
#2188 = CARTESIAN_POINT('',(-346.3552735979,-1.050401799296E+03,
    150.00331724818));
#2189 = CARTESIAN_POINT('',(-351.7461823077,-1.053484867076E+03,
    162.01546347963));
#2190 = CARTESIAN_POINT('',(-357.0261963446,-1.056585297431E+03,
    173.95824023226));
#2191 = CARTESIAN_POINT('',(-362.302982663,-1.059299724733E+03,
    184.80040122606));
#2192 = CARTESIAN_POINT('',(-365.1237359753,-1.061323463042E+03,
    193.04573531588));
#2193 = CARTESIAN_POINT('',(-374.7119871398,-1.06505730902E+03,
    205.83993582621));
#2194 = CARTESIAN_POINT('',(-346.0126609319,-1.063490634407E+03,
    201.81943362341));
#2195 = CARTESIAN_POINT('',(-340.3952801673,-1.064883108741E+03,
    206.71778633278));
#2196 = CARTESIAN_POINT('',(-339.1228122858,-1.066252680704E+03,
    210.78852743977));
#2197 = CARTESIAN_POINT('',(-306.9347945921,-1.065629650931E+03,
    181.81436335833));
#2198 = CARTESIAN_POINT('',(-328.1742093658,-1.067861477291E+03,207.7));
#2199 = DEFINITIONAL_REPRESENTATION('',(#2200),#2204);
#2200 = LINE('',#2201,#2202);
#2201 = CARTESIAN_POINT('',(15.,0.));
#2202 = VECTOR('',#2203,1.);
#2203 = DIRECTION('',(0.,1.));
#2204 = ( GEOMETRIC_REPRESENTATION_CONTEXT(2) 
PARAMETRIC_REPRESENTATION_CONTEXT() REPRESENTATION_CONTEXT('2D SPACE',''
  ) );
#2205 = ORIENTED_EDGE('',*,*,#2206,.F.);
#2206 = EDGE_CURVE('',#1977,#2114,#2207,.T.);
#2207 = SURFACE_CURVE('',#2208,(#2211,#2218),.PCURVE_S1.);
#2208 = B_SPLINE_CURVE_WITH_KNOTS('',1,(#2209,#2210),.UNSPECIFIED.,.F.,
  .F.,(2,2),(14.,15.),.PIECEWISE_BEZIER_KNOTS.);
#2209 = CARTESIAN_POINT('',(-327.5821504891,-1.067815730803E+03,207.7));
#2210 = CARTESIAN_POINT('',(-327.8781799274,-1.067838604047E+03,207.7));
#2211 = PCURVE('',#2013,#2212);
#2212 = DEFINITIONAL_REPRESENTATION('',(#2213),#2217);
#2213 = LINE('',#2214,#2215);
#2214 = CARTESIAN_POINT('',(0.,1.));
#2215 = VECTOR('',#2216,1.);
#2216 = DIRECTION('',(1.,0.));
#2217 = ( GEOMETRIC_REPRESENTATION_CONTEXT(2) 
PARAMETRIC_REPRESENTATION_CONTEXT() REPRESENTATION_CONTEXT('2D SPACE',''
  ) );
#2218 = PCURVE('',#206,#2219);
#2219 = DEFINITIONAL_REPRESENTATION('',(#2220),#2223);
#2220 = B_SPLINE_CURVE_WITH_KNOTS('',1,(#2221,#2222),.UNSPECIFIED.,.F.,
  .F.,(2,2),(14.,15.),.PIECEWISE_BEZIER_KNOTS.);
#2221 = CARTESIAN_POINT('',(4.119896336028,-0.340000924759));
#2222 = CARTESIAN_POINT('',(4.416699169704,-0.331957817894));
#2223 = ( GEOMETRIC_REPRESENTATION_CONTEXT(2) 
PARAMETRIC_REPRESENTATION_CONTEXT() REPRESENTATION_CONTEXT('2D SPACE',''
  ) );
#2224 = ORIENTED_EDGE('',*,*,#1976,.F.);
#2225 = ADVANCED_FACE('',(#2226),#2150,.T.);
#2226 = FACE_BOUND('',#2227,.T.);
#2227 = EDGE_LOOP('',(#2228,#2249,#2342,#2361));
#2228 = ORIENTED_EDGE('',*,*,#2229,.T.);
#2229 = EDGE_CURVE('',#2093,#2230,#2232,.T.);
#2230 = VERTEX_POINT('',#2231);
#2231 = CARTESIAN_POINT('',(-289.2231045681,-1.014203776128E+03,-5.));
#2232 = SURFACE_CURVE('',#2233,(#2236,#2243),.PCURVE_S1.);
#2233 = B_SPLINE_CURVE_WITH_KNOTS('',1,(#2234,#2235),.UNSPECIFIED.,.F.,
  .F.,(2,2),(15.,16.),.PIECEWISE_BEZIER_KNOTS.);
#2234 = CARTESIAN_POINT('',(-281.6230871085,-1.013634687006E+03,-5.));
#2235 = CARTESIAN_POINT('',(-289.2231045681,-1.014203776128E+03,-5.));
#2236 = PCURVE('',#2150,#2237);
#2237 = DEFINITIONAL_REPRESENTATION('',(#2238),#2242);
#2238 = LINE('',#2239,#2240);
#2239 = CARTESIAN_POINT('',(0.,0.));
#2240 = VECTOR('',#2241,1.);
#2241 = DIRECTION('',(1.,0.));
#2242 = ( GEOMETRIC_REPRESENTATION_CONTEXT(2) 
PARAMETRIC_REPRESENTATION_CONTEXT() REPRESENTATION_CONTEXT('2D SPACE',''
  ) );
#2243 = PCURVE('',#87,#2244);
#2244 = DEFINITIONAL_REPRESENTATION('',(#2245),#2248);
#2245 = B_SPLINE_CURVE_WITH_KNOTS('',1,(#2246,#2247),.UNSPECIFIED.,.F.,
  .F.,(2,2),(15.,16.),.PIECEWISE_BEZIER_KNOTS.);
#2246 = CARTESIAN_POINT('',(113.00096561553,-4.648497460792));
#2247 = CARTESIAN_POINT('',(120.61056007757,-4.22636011421));
#2248 = ( GEOMETRIC_REPRESENTATION_CONTEXT(2) 
PARAMETRIC_REPRESENTATION_CONTEXT() REPRESENTATION_CONTEXT('2D SPACE',''
  ) );
#2249 = ORIENTED_EDGE('',*,*,#2250,.T.);
#2250 = EDGE_CURVE('',#2230,#2251,#2253,.T.);
#2251 = VERTEX_POINT('',#2252);
#2252 = CARTESIAN_POINT('',(-328.1742093658,-1.067861477291E+03,207.7));
#2253 = SURFACE_CURVE('',#2254,(#2279,#2286),.PCURVE_S1.);
#2254 = ( BOUNDED_CURVE() B_SPLINE_CURVE(3,(#2255,#2256,#2257,#2258,
    #2259,#2260,#2261,#2262,#2263,#2264,#2265,#2266,#2267,#2268,#2269,
    #2270,#2271,#2272,#2273,#2274,#2275,#2276,#2277,#2278),
.UNSPECIFIED.,.F.,.F.) B_SPLINE_CURVE_WITH_KNOTS((4,1,1,1,1,1,1,1,1,1,1,
    1,1,1,1,1,1,1,1,1,1,4),(0.,8.351345992186E-02,0.136371070752,
    0.186631466795,0.236892072307,0.287245985354,0.337546964594,
    0.387892568228,0.438269195911,0.488657983617,0.539039913424,
    0.589390615006,0.639739510443,0.690135953221,0.740567502215,
    0.791001192157,0.824625304057,0.849810563706,0.930093869668,
0.935215837381,0.950554965611,1.),.UNSPECIFIED.) CURVE() 
GEOMETRIC_REPRESENTATION_ITEM() RATIONAL_B_SPLINE_CURVE((1.,
    1.000000000051,0.999999999985,1.000000000003,0.999999999999,1.,1.,1.
    ,1.,1.,1.,1.,1.,1.,1.,1.,1.000000000001,0.999999999998,
    1.000000000008,0.999999999937,1.000000000021,0.999999999406,
1.000000004078,1.)) REPRESENTATION_ITEM('') );
#2255 = CARTESIAN_POINT('',(-289.2231045681,-1.014203776128E+03,-5.));
#2256 = CARTESIAN_POINT('',(-293.2836011753,-1.001967807394E+03,
    8.008717576553));
#2257 = CARTESIAN_POINT('',(-285.5130007724,-1.014923703638E+03,
    14.999325035651));
#2258 = CARTESIAN_POINT('',(-294.7917072856,-1.019399407845E+03,
    29.781777604759));
#2259 = CARTESIAN_POINT('',(-299.3937314236,-1.022594301999E+03,
    42.001176541587));
#2260 = CARTESIAN_POINT('',(-303.973824345,-1.025687907911E+03,
    54.014146905159));
#2261 = CARTESIAN_POINT('',(-310.8454616284,-1.028900904656E+03,
    65.989969999267));
#2262 = CARTESIAN_POINT('',(-315.4499486404,-1.031949378213E+03,
    78.007482310661));
#2263 = CARTESIAN_POINT('',(-320.6852490818,-1.035040952389E+03,
    90.003188093923));
#2264 = CARTESIAN_POINT('',(-325.7539275541,-1.038120704862E+03,
    102.00152178571));
#2265 = CARTESIAN_POINT('',(-330.8948146951,-1.041204588822E+03,
    113.99940139363));
#2266 = CARTESIAN_POINT('',(-336.1019226397,-1.044261672199E+03,
    125.99554831415));
#2267 = CARTESIAN_POINT('',(-341.2588968175,-1.047335655506E+03,
    138.00035642969));
#2268 = CARTESIAN_POINT('',(-346.3552735979,-1.050401799296E+03,
    150.00331724818));
#2269 = CARTESIAN_POINT('',(-351.7461823077,-1.053484867076E+03,
    162.01546347963));
#2270 = CARTESIAN_POINT('',(-357.0261963446,-1.056585297431E+03,
    173.95824023226));
#2271 = CARTESIAN_POINT('',(-362.302982663,-1.059299724733E+03,
    184.80040122606));
#2272 = CARTESIAN_POINT('',(-365.1237359753,-1.061323463042E+03,
    193.04573531588));
#2273 = CARTESIAN_POINT('',(-374.7119871398,-1.06505730902E+03,
    205.83993582621));
#2274 = CARTESIAN_POINT('',(-346.0126609319,-1.063490634407E+03,
    201.81943362341));
#2275 = CARTESIAN_POINT('',(-340.3952801673,-1.064883108741E+03,
    206.71778633278));
#2276 = CARTESIAN_POINT('',(-339.1228122858,-1.066252680704E+03,
    210.78852743977));
#2277 = CARTESIAN_POINT('',(-306.9347945921,-1.065629650931E+03,
    181.81436335833));
#2278 = CARTESIAN_POINT('',(-328.1742093658,-1.067861477291E+03,207.7));
#2279 = PCURVE('',#2150,#2280);
#2280 = DEFINITIONAL_REPRESENTATION('',(#2281),#2285);
#2281 = LINE('',#2282,#2283);
#2282 = CARTESIAN_POINT('',(16.,0.));
#2283 = VECTOR('',#2284,1.);
#2284 = DIRECTION('',(0.,1.));
#2285 = ( GEOMETRIC_REPRESENTATION_CONTEXT(2) 
PARAMETRIC_REPRESENTATION_CONTEXT() REPRESENTATION_CONTEXT('2D SPACE',''
  ) );
#2286 = PCURVE('',#2287,#2336);
#2287 = ( BOUNDED_SURFACE() B_SPLINE_SURFACE(1,3,(
    (#2288,#2289,#2290,#2291,#2292,#2293,#2294,#2295,#2296,#2297,#2298
      ,#2299,#2300,#2301,#2302,#2303,#2304,#2305,#2306,#2307,#2308,#2309
      ,#2310,#2311)
    ,(#2312,#2313,#2314,#2315,#2316,#2317,#2318,#2319,#2320,#2321,#2322
      ,#2323,#2324,#2325,#2326,#2327,#2328,#2329,#2330,#2331,#2332,#2333
      ,#2334,#2335
)),.UNSPECIFIED.,.F.,.F.,.F.) B_SPLINE_SURFACE_WITH_KNOTS((2,2),(4,1,1,1
    ,1,1,1,1,1,1,1,1,1,1,1,1,1,1,1,1,1,4),(16.,17.),(0.,
    8.351345992186E-02,0.136371070752,0.186631466795,0.236892072307,
    0.287245985354,0.337546964594,0.387892568228,0.438269195911,
    0.488657983617,0.539039913424,0.589390615006,0.639739510443,
    0.690135953221,0.740567502215,0.791001192157,0.824625304057,
    0.849810563706,0.930093869668,0.935215837381,0.950554965611,1.),
.UNSPECIFIED.) GEOMETRIC_REPRESENTATION_ITEM() RATIONAL_B_SPLINE_SURFACE
((
    (1.,1.000000000051,0.999999999985,1.000000000003,0.999999999999,1.
      ,1.,1.,1.,1.,1.,1.,1.,1.,1.,1.,1.000000000001,0.999999999998
      ,1.000000000008,0.999999999937,1.000000000021,0.999999999406
      ,1.000000004078,1.)
    ,(1.,1.000000000051,0.999999999985,1.000000000003,0.999999999999,1.
      ,1.,1.,1.,1.,1.,1.,1.,1.,1.,1.,1.000000000001,0.999999999998
      ,1.000000000008,0.999999999937,1.000000000021,0.999999999406
,1.000000004078,1.))) REPRESENTATION_ITEM('') SURFACE() );
#2288 = CARTESIAN_POINT('',(-289.2231045681,-1.014203776128E+03,-5.));
#2289 = CARTESIAN_POINT('',(-293.2836011753,-1.001967807394E+03,
    8.008717576553));
#2290 = CARTESIAN_POINT('',(-285.5130007724,-1.014923703638E+03,
    14.999325035651));
#2291 = CARTESIAN_POINT('',(-294.7917072856,-1.019399407845E+03,
    29.781777604759));
#2292 = CARTESIAN_POINT('',(-299.3937314236,-1.022594301999E+03,
    42.001176541587));
#2293 = CARTESIAN_POINT('',(-303.973824345,-1.025687907911E+03,
    54.014146905159));
#2294 = CARTESIAN_POINT('',(-310.8454616284,-1.028900904656E+03,
    65.989969999267));
#2295 = CARTESIAN_POINT('',(-315.4499486404,-1.031949378213E+03,
    78.007482310661));
#2296 = CARTESIAN_POINT('',(-320.6852490818,-1.035040952389E+03,
    90.003188093923));
#2297 = CARTESIAN_POINT('',(-325.7539275541,-1.038120704862E+03,
    102.00152178571));
#2298 = CARTESIAN_POINT('',(-330.8948146951,-1.041204588822E+03,
    113.99940139363));
#2299 = CARTESIAN_POINT('',(-336.1019226397,-1.044261672199E+03,
    125.99554831415));
#2300 = CARTESIAN_POINT('',(-341.2588968175,-1.047335655506E+03,
    138.00035642969));
#2301 = CARTESIAN_POINT('',(-346.3552735979,-1.050401799296E+03,
    150.00331724818));
#2302 = CARTESIAN_POINT('',(-351.7461823077,-1.053484867076E+03,
    162.01546347963));
#2303 = CARTESIAN_POINT('',(-357.0261963446,-1.056585297431E+03,
    173.95824023226));
#2304 = CARTESIAN_POINT('',(-362.302982663,-1.059299724733E+03,
    184.80040122606));
#2305 = CARTESIAN_POINT('',(-365.1237359753,-1.061323463042E+03,
    193.04573531588));
#2306 = CARTESIAN_POINT('',(-374.7119871398,-1.06505730902E+03,
    205.83993582621));
#2307 = CARTESIAN_POINT('',(-346.0126609319,-1.063490634407E+03,
    201.81943362341));
#2308 = CARTESIAN_POINT('',(-340.3952801673,-1.064883108741E+03,
    206.71778633278));
#2309 = CARTESIAN_POINT('',(-339.1228122858,-1.066252680704E+03,
    210.78852743977));
#2310 = CARTESIAN_POINT('',(-306.9347945921,-1.065629650931E+03,
    181.81436335833));
#2311 = CARTESIAN_POINT('',(-328.1742093658,-1.067861477291E+03,207.7));
#2312 = CARTESIAN_POINT('',(-296.8231220278,-1.01477286525E+03,-5.));
#2313 = CARTESIAN_POINT('',(-301.4290501083,-1.003395614984E+03,
    8.008717576553));
#2314 = CARTESIAN_POINT('',(-293.0692196558,-1.015278912918E+03,
    14.999325035651));
#2315 = CARTESIAN_POINT('',(-302.1847196225,-1.019947067974E+03,
    29.781777604759));
#2316 = CARTESIAN_POINT('',(-306.6259131006,-1.02316300935E+03,
    42.001176541587));
#2317 = CARTESIAN_POINT('',(-311.0246589713,-1.026229690239E+03,
    54.014146905159));
#2318 = CARTESIAN_POINT('',(-317.7100780324,-1.029479492195E+03,
    65.989969999267));
#2319 = CARTESIAN_POINT('',(-322.1274410405,-1.032514072795E+03,
    78.007482310661));
#2320 = CARTESIAN_POINT('',(-327.1782037669,-1.035610841801E+03,
    90.003188093923));
#2321 = CARTESIAN_POINT('',(-332.063817266,-1.038674018424E+03,
    102.00152178571));
#2322 = CARTESIAN_POINT('',(-337.0252264729,-1.041703245979E+03,
    113.99940139363));
#2323 = CARTESIAN_POINT('',(-342.0493543849,-1.044767709538E+03,
    125.99554831415));
#2324 = CARTESIAN_POINT('',(-347.0228330987,-1.047817203096E+03,
    138.00035642969));
#2325 = CARTESIAN_POINT('',(-351.9337516412,-1.050881125924E+03,
    150.00331724818));
#2326 = CARTESIAN_POINT('',(-357.1447532204,-1.053904462995E+03,
    162.01546347963));
#2327 = CARTESIAN_POINT('',(-362.2417905676,-1.056928114202E+03,
    173.95824023226));
#2328 = CARTESIAN_POINT('',(-367.3573799455,-1.05978138101E+03,
    184.80040122606));
#2329 = CARTESIAN_POINT('',(-370.0120055545,-1.061829469013E+03,
    193.04573531588));
#2330 = CARTESIAN_POINT('',(-379.570505032,-1.065490323107E+03,
    205.83993582621));
#2331 = CARTESIAN_POINT('',(-349.8020467746,-1.06378270555E+03,
    201.81943362341));
#2332 = CARTESIAN_POINT('',(-343.0739313371,-1.065090105207E+03,
    206.71778633278));
#2333 = CARTESIAN_POINT('',(-341.0140532733,-1.06640209216E+03,
    210.78852743977));
#2334 = CARTESIAN_POINT('',(-306.8667607909,-1.065600494127E+03,
    181.81436335833));
#2335 = CARTESIAN_POINT('',(-328.4702388041,-1.067884350535E+03,207.7));
#2336 = DEFINITIONAL_REPRESENTATION('',(#2337),#2341);
#2337 = LINE('',#2338,#2339);
#2338 = CARTESIAN_POINT('',(16.,0.));
#2339 = VECTOR('',#2340,1.);
#2340 = DIRECTION('',(0.,1.));
#2341 = ( GEOMETRIC_REPRESENTATION_CONTEXT(2) 
PARAMETRIC_REPRESENTATION_CONTEXT() REPRESENTATION_CONTEXT('2D SPACE',''
  ) );
#2342 = ORIENTED_EDGE('',*,*,#2343,.F.);
#2343 = EDGE_CURVE('',#2114,#2251,#2344,.T.);
#2344 = SURFACE_CURVE('',#2345,(#2348,#2355),.PCURVE_S1.);
#2345 = B_SPLINE_CURVE_WITH_KNOTS('',1,(#2346,#2347),.UNSPECIFIED.,.F.,
  .F.,(2,2),(15.,16.),.PIECEWISE_BEZIER_KNOTS.);
#2346 = CARTESIAN_POINT('',(-327.8781799274,-1.067838604047E+03,207.7));
#2347 = CARTESIAN_POINT('',(-328.1742093658,-1.067861477291E+03,207.7));
#2348 = PCURVE('',#2150,#2349);
#2349 = DEFINITIONAL_REPRESENTATION('',(#2350),#2354);
#2350 = LINE('',#2351,#2352);
#2351 = CARTESIAN_POINT('',(0.,1.));
#2352 = VECTOR('',#2353,1.);
#2353 = DIRECTION('',(1.,0.));
#2354 = ( GEOMETRIC_REPRESENTATION_CONTEXT(2) 
PARAMETRIC_REPRESENTATION_CONTEXT() REPRESENTATION_CONTEXT('2D SPACE',''
  ) );
#2355 = PCURVE('',#206,#2356);
#2356 = DEFINITIONAL_REPRESENTATION('',(#2357),#2360);
#2357 = B_SPLINE_CURVE_WITH_KNOTS('',1,(#2358,#2359),.UNSPECIFIED.,.F.,
  .F.,(2,2),(15.,16.),.PIECEWISE_BEZIER_KNOTS.);
#2358 = CARTESIAN_POINT('',(4.416699169704,-0.331957817894));
#2359 = CARTESIAN_POINT('',(4.713502003379,-0.323914711029));
#2360 = ( GEOMETRIC_REPRESENTATION_CONTEXT(2) 
PARAMETRIC_REPRESENTATION_CONTEXT() REPRESENTATION_CONTEXT('2D SPACE',''
  ) );
#2361 = ORIENTED_EDGE('',*,*,#2113,.F.);
#2362 = ADVANCED_FACE('',(#2363),#2287,.T.);
#2363 = FACE_BOUND('',#2364,.T.);
#2364 = EDGE_LOOP('',(#2365,#2386,#2479,#2498));
#2365 = ORIENTED_EDGE('',*,*,#2366,.T.);
#2366 = EDGE_CURVE('',#2230,#2367,#2369,.T.);
#2367 = VERTEX_POINT('',#2368);
#2368 = CARTESIAN_POINT('',(-296.8231220278,-1.01477286525E+03,-5.));
#2369 = SURFACE_CURVE('',#2370,(#2373,#2380),.PCURVE_S1.);
#2370 = B_SPLINE_CURVE_WITH_KNOTS('',1,(#2371,#2372),.UNSPECIFIED.,.F.,
  .F.,(2,2),(16.,17.),.PIECEWISE_BEZIER_KNOTS.);
#2371 = CARTESIAN_POINT('',(-289.2231045681,-1.014203776128E+03,-5.));
#2372 = CARTESIAN_POINT('',(-296.8231220278,-1.01477286525E+03,-5.));
#2373 = PCURVE('',#2287,#2374);
#2374 = DEFINITIONAL_REPRESENTATION('',(#2375),#2379);
#2375 = LINE('',#2376,#2377);
#2376 = CARTESIAN_POINT('',(0.,0.));
#2377 = VECTOR('',#2378,1.);
#2378 = DIRECTION('',(1.,0.));
#2379 = ( GEOMETRIC_REPRESENTATION_CONTEXT(2) 
PARAMETRIC_REPRESENTATION_CONTEXT() REPRESENTATION_CONTEXT('2D SPACE',''
  ) );
#2380 = PCURVE('',#87,#2381);
#2381 = DEFINITIONAL_REPRESENTATION('',(#2382),#2385);
#2382 = B_SPLINE_CURVE_WITH_KNOTS('',1,(#2383,#2384),.UNSPECIFIED.,.F.,
  .F.,(2,2),(16.,17.),.PIECEWISE_BEZIER_KNOTS.);
#2383 = CARTESIAN_POINT('',(120.61056007757,-4.22636011421));
#2384 = CARTESIAN_POINT('',(128.22015453962,-3.804222767628));
#2385 = ( GEOMETRIC_REPRESENTATION_CONTEXT(2) 
PARAMETRIC_REPRESENTATION_CONTEXT() REPRESENTATION_CONTEXT('2D SPACE',''
  ) );
#2386 = ORIENTED_EDGE('',*,*,#2387,.T.);
#2387 = EDGE_CURVE('',#2367,#2388,#2390,.T.);
#2388 = VERTEX_POINT('',#2389);
#2389 = CARTESIAN_POINT('',(-328.4702388041,-1.067884350535E+03,207.7));
#2390 = SURFACE_CURVE('',#2391,(#2416,#2423),.PCURVE_S1.);
#2391 = ( BOUNDED_CURVE() B_SPLINE_CURVE(3,(#2392,#2393,#2394,#2395,
    #2396,#2397,#2398,#2399,#2400,#2401,#2402,#2403,#2404,#2405,#2406,
    #2407,#2408,#2409,#2410,#2411,#2412,#2413,#2414,#2415),
.UNSPECIFIED.,.F.,.F.) B_SPLINE_CURVE_WITH_KNOTS((4,1,1,1,1,1,1,1,1,1,1,
    1,1,1,1,1,1,1,1,1,1,4),(0.,8.351345992186E-02,0.136371070752,
    0.186631466795,0.236892072307,0.287245985354,0.337546964594,
    0.387892568228,0.438269195911,0.488657983617,0.539039913424,
    0.589390615006,0.639739510443,0.690135953221,0.740567502215,
    0.791001192157,0.824625304057,0.849810563706,0.930093869668,
0.935215837381,0.950554965611,1.),.UNSPECIFIED.) CURVE() 
GEOMETRIC_REPRESENTATION_ITEM() RATIONAL_B_SPLINE_CURVE((1.,
    1.000000000051,0.999999999985,1.000000000003,0.999999999999,1.,1.,1.
    ,1.,1.,1.,1.,1.,1.,1.,1.,1.000000000001,0.999999999998,
    1.000000000008,0.999999999937,1.000000000021,0.999999999406,
1.000000004078,1.)) REPRESENTATION_ITEM('') );
#2392 = CARTESIAN_POINT('',(-296.8231220278,-1.01477286525E+03,-5.));
#2393 = CARTESIAN_POINT('',(-301.4290501083,-1.003395614984E+03,
    8.008717576553));
#2394 = CARTESIAN_POINT('',(-293.0692196558,-1.015278912918E+03,
    14.999325035651));
#2395 = CARTESIAN_POINT('',(-302.1847196225,-1.019947067974E+03,
    29.781777604759));
#2396 = CARTESIAN_POINT('',(-306.6259131006,-1.02316300935E+03,
    42.001176541587));
#2397 = CARTESIAN_POINT('',(-311.0246589713,-1.026229690239E+03,
    54.014146905159));
#2398 = CARTESIAN_POINT('',(-317.7100780324,-1.029479492195E+03,
    65.989969999267));
#2399 = CARTESIAN_POINT('',(-322.1274410405,-1.032514072795E+03,
    78.007482310661));
#2400 = CARTESIAN_POINT('',(-327.1782037669,-1.035610841801E+03,
    90.003188093923));
#2401 = CARTESIAN_POINT('',(-332.063817266,-1.038674018424E+03,
    102.00152178571));
#2402 = CARTESIAN_POINT('',(-337.0252264729,-1.041703245979E+03,
    113.99940139363));
#2403 = CARTESIAN_POINT('',(-342.0493543849,-1.044767709538E+03,
    125.99554831415));
#2404 = CARTESIAN_POINT('',(-347.0228330987,-1.047817203096E+03,
    138.00035642969));
#2405 = CARTESIAN_POINT('',(-351.9337516412,-1.050881125924E+03,
    150.00331724818));
#2406 = CARTESIAN_POINT('',(-357.1447532204,-1.053904462995E+03,
    162.01546347963));
#2407 = CARTESIAN_POINT('',(-362.2417905676,-1.056928114202E+03,
    173.95824023226));
#2408 = CARTESIAN_POINT('',(-367.3573799455,-1.05978138101E+03,
    184.80040122606));
#2409 = CARTESIAN_POINT('',(-370.0120055545,-1.061829469013E+03,
    193.04573531588));
#2410 = CARTESIAN_POINT('',(-379.570505032,-1.065490323107E+03,
    205.83993582621));
#2411 = CARTESIAN_POINT('',(-349.8020467746,-1.06378270555E+03,
    201.81943362341));
#2412 = CARTESIAN_POINT('',(-343.0739313371,-1.065090105207E+03,
    206.71778633278));
#2413 = CARTESIAN_POINT('',(-341.0140532733,-1.06640209216E+03,
    210.78852743977));
#2414 = CARTESIAN_POINT('',(-306.8667607909,-1.065600494127E+03,
    181.81436335833));
#2415 = CARTESIAN_POINT('',(-328.4702388041,-1.067884350535E+03,207.7));
#2416 = PCURVE('',#2287,#2417);
#2417 = DEFINITIONAL_REPRESENTATION('',(#2418),#2422);
#2418 = LINE('',#2419,#2420);
#2419 = CARTESIAN_POINT('',(17.,0.));
#2420 = VECTOR('',#2421,1.);
#2421 = DIRECTION('',(0.,1.));
#2422 = ( GEOMETRIC_REPRESENTATION_CONTEXT(2) 
PARAMETRIC_REPRESENTATION_CONTEXT() REPRESENTATION_CONTEXT('2D SPACE',''
  ) );
#2423 = PCURVE('',#2424,#2473);
#2424 = ( BOUNDED_SURFACE() B_SPLINE_SURFACE(1,3,(
    (#2425,#2426,#2427,#2428,#2429,#2430,#2431,#2432,#2433,#2434,#2435
      ,#2436,#2437,#2438,#2439,#2440,#2441,#2442,#2443,#2444,#2445,#2446
      ,#2447,#2448)
    ,(#2449,#2450,#2451,#2452,#2453,#2454,#2455,#2456,#2457,#2458,#2459
      ,#2460,#2461,#2462,#2463,#2464,#2465,#2466,#2467,#2468,#2469,#2470
      ,#2471,#2472
)),.UNSPECIFIED.,.F.,.F.,.F.) B_SPLINE_SURFACE_WITH_KNOTS((2,2),(4,1,1,1
    ,1,1,1,1,1,1,1,1,1,1,1,1,1,1,1,1,1,4),(17.,18.),(0.,
    8.351345992186E-02,0.136371070752,0.186631466795,0.236892072307,
    0.287245985354,0.337546964594,0.387892568228,0.438269195911,
    0.488657983617,0.539039913424,0.589390615006,0.639739510443,
    0.690135953221,0.740567502215,0.791001192157,0.824625304057,
    0.849810563706,0.930093869668,0.935215837381,0.950554965611,1.),
.UNSPECIFIED.) GEOMETRIC_REPRESENTATION_ITEM() RATIONAL_B_SPLINE_SURFACE
((
    (1.,1.000000000051,0.999999999985,1.000000000003,0.999999999999,1.
      ,1.,1.,1.,1.,1.,1.,1.,1.,1.,1.,1.000000000001,0.999999999998
      ,1.000000000008,0.999999999937,1.000000000021,0.999999999406
      ,1.000000004078,1.)
    ,(1.,1.000000000051,0.999999999985,1.000000000003,0.999999999999,1.
      ,1.,1.,1.,1.,1.,1.,1.,1.,1.,1.,1.000000000001,0.999999999998
      ,1.000000000008,0.999999999937,1.000000000021,0.999999999406
,1.000000004078,1.))) REPRESENTATION_ITEM('') SURFACE() );
#2425 = CARTESIAN_POINT('',(-296.8231220278,-1.01477286525E+03,-5.));
#2426 = CARTESIAN_POINT('',(-301.4290501083,-1.003395614984E+03,
    8.008717576553));
#2427 = CARTESIAN_POINT('',(-293.0692196558,-1.015278912918E+03,
    14.999325035651));
#2428 = CARTESIAN_POINT('',(-302.1847196225,-1.019947067974E+03,
    29.781777604759));
#2429 = CARTESIAN_POINT('',(-306.6259131006,-1.02316300935E+03,
    42.001176541587));
#2430 = CARTESIAN_POINT('',(-311.0246589713,-1.026229690239E+03,
    54.014146905159));
#2431 = CARTESIAN_POINT('',(-317.7100780324,-1.029479492195E+03,
    65.989969999267));
#2432 = CARTESIAN_POINT('',(-322.1274410405,-1.032514072795E+03,
    78.007482310661));
#2433 = CARTESIAN_POINT('',(-327.1782037669,-1.035610841801E+03,
    90.003188093923));
#2434 = CARTESIAN_POINT('',(-332.063817266,-1.038674018424E+03,
    102.00152178571));
#2435 = CARTESIAN_POINT('',(-337.0252264729,-1.041703245979E+03,
    113.99940139363));
#2436 = CARTESIAN_POINT('',(-342.0493543849,-1.044767709538E+03,
    125.99554831415));
#2437 = CARTESIAN_POINT('',(-347.0228330987,-1.047817203096E+03,
    138.00035642969));
#2438 = CARTESIAN_POINT('',(-351.9337516412,-1.050881125924E+03,
    150.00331724818));
#2439 = CARTESIAN_POINT('',(-357.1447532204,-1.053904462995E+03,
    162.01546347963));
#2440 = CARTESIAN_POINT('',(-362.2417905676,-1.056928114202E+03,
    173.95824023226));
#2441 = CARTESIAN_POINT('',(-367.3573799455,-1.05978138101E+03,
    184.80040122606));
#2442 = CARTESIAN_POINT('',(-370.0120055545,-1.061829469013E+03,
    193.04573531588));
#2443 = CARTESIAN_POINT('',(-379.570505032,-1.065490323107E+03,
    205.83993582621));
#2444 = CARTESIAN_POINT('',(-349.8020467746,-1.06378270555E+03,
    201.81943362341));
#2445 = CARTESIAN_POINT('',(-343.0739313371,-1.065090105207E+03,
    206.71778633278));
#2446 = CARTESIAN_POINT('',(-341.0140532733,-1.06640209216E+03,
    210.78852743977));
#2447 = CARTESIAN_POINT('',(-306.8667607909,-1.065600494127E+03,
    181.81436335833));
#2448 = CARTESIAN_POINT('',(-328.4702388041,-1.067884350535E+03,207.7));
#2449 = CARTESIAN_POINT('',(-304.4238839348,-1.015331625273E+03,-5.));
#2450 = CARTESIAN_POINT('',(-309.5955022951,-1.004520309075E+03,
    8.008717576553));
#2451 = CARTESIAN_POINT('',(-300.6244377798,-1.015657372312E+03,
    14.999325035651));
#2452 = CARTESIAN_POINT('',(-309.5710364432,-1.020574365058E+03,
    29.781777604759));
#2453 = CARTESIAN_POINT('',(-313.8473701806,-1.023858671888E+03,
    42.001176541587));
#2454 = CARTESIAN_POINT('',(-318.065642654,-1.026891001545E+03,
    54.014146905159));
#2455 = CARTESIAN_POINT('',(-324.5701038259,-1.030114138865E+03,
    65.989969999267));
#2456 = CARTESIAN_POINT('',(-328.799731084,-1.033141459734E+03,
    78.007482310661));
#2457 = CARTESIAN_POINT('',(-333.6705356161,-1.036190500828E+03,
    90.003188093923));
#2458 = CARTESIAN_POINT('',(-338.3764832353,-1.039197240729E+03,
    102.00152178571));
#2459 = CARTESIAN_POINT('',(-343.1542524201,-1.04221924245E+03,
    113.99940139363));
#2460 = CARTESIAN_POINT('',(-347.9965790371,-1.045276795048E+03,
    125.99554831415));
#2461 = CARTESIAN_POINT('',(-352.7889808976,-1.048269253609E+03,
    138.00035642969));
#2462 = CARTESIAN_POINT('',(-357.5147191786,-1.051315726608E+03,
    150.00331724818));
#2463 = CARTESIAN_POINT('',(-362.5359079087,-1.054403384207E+03,
    162.01546347963));
#2464 = CARTESIAN_POINT('',(-367.4424574525,-1.057463754668E+03,
    173.95824023226));
#2465 = CARTESIAN_POINT('',(-372.4097141561,-1.060288296845E+03,
    184.80040122606));
#2466 = CARTESIAN_POINT('',(-374.9015172387,-1.06232180501E+03,
    193.04573531588));
#2467 = CARTESIAN_POINT('',(-384.422957552,-1.065987373086E+03,
    205.83993582621));
#2468 = CARTESIAN_POINT('',(-353.5671034281,-1.064297635453E+03,
    201.81943362341));
#2469 = CARTESIAN_POINT('',(-345.7354999916,-1.065453537439E+03,
    206.71778633278));
#2470 = CARTESIAN_POINT('',(-342.8957253327,-1.066640739753E+03,
    210.78852743977));
#2471 = CARTESIAN_POINT('',(-306.7815794419,-1.065717296554E+03,
    181.81436335833));
#2472 = CARTESIAN_POINT('',(-328.7643832512,-1.067924489736E+03,207.7));
#2473 = DEFINITIONAL_REPRESENTATION('',(#2474),#2478);
#2474 = LINE('',#2475,#2476);
#2475 = CARTESIAN_POINT('',(17.,0.));
#2476 = VECTOR('',#2477,1.);
#2477 = DIRECTION('',(0.,1.));
#2478 = ( GEOMETRIC_REPRESENTATION_CONTEXT(2) 
PARAMETRIC_REPRESENTATION_CONTEXT() REPRESENTATION_CONTEXT('2D SPACE',''
  ) );
#2479 = ORIENTED_EDGE('',*,*,#2480,.F.);
#2480 = EDGE_CURVE('',#2251,#2388,#2481,.T.);
#2481 = SURFACE_CURVE('',#2482,(#2485,#2492),.PCURVE_S1.);
#2482 = B_SPLINE_CURVE_WITH_KNOTS('',1,(#2483,#2484),.UNSPECIFIED.,.F.,
  .F.,(2,2),(16.,17.),.PIECEWISE_BEZIER_KNOTS.);
#2483 = CARTESIAN_POINT('',(-328.1742093658,-1.067861477291E+03,207.7));
#2484 = CARTESIAN_POINT('',(-328.4702388041,-1.067884350535E+03,207.7));
#2485 = PCURVE('',#2287,#2486);
#2486 = DEFINITIONAL_REPRESENTATION('',(#2487),#2491);
#2487 = LINE('',#2488,#2489);
#2488 = CARTESIAN_POINT('',(0.,1.));
#2489 = VECTOR('',#2490,1.);
#2490 = DIRECTION('',(1.,0.));
#2491 = ( GEOMETRIC_REPRESENTATION_CONTEXT(2) 
PARAMETRIC_REPRESENTATION_CONTEXT() REPRESENTATION_CONTEXT('2D SPACE',''
  ) );
#2492 = PCURVE('',#206,#2493);
#2493 = DEFINITIONAL_REPRESENTATION('',(#2494),#2497);
#2494 = B_SPLINE_CURVE_WITH_KNOTS('',1,(#2495,#2496),.UNSPECIFIED.,.F.,
  .F.,(2,2),(16.,17.),.PIECEWISE_BEZIER_KNOTS.);
#2495 = CARTESIAN_POINT('',(4.713502003379,-0.323914711029));
#2496 = CARTESIAN_POINT('',(5.010304837055,-0.315871604164));
#2497 = ( GEOMETRIC_REPRESENTATION_CONTEXT(2) 
PARAMETRIC_REPRESENTATION_CONTEXT() REPRESENTATION_CONTEXT('2D SPACE',''
  ) );
#2498 = ORIENTED_EDGE('',*,*,#2250,.F.);
#2499 = ADVANCED_FACE('',(#2500),#2424,.T.);
#2500 = FACE_BOUND('',#2501,.T.);
#2501 = EDGE_LOOP('',(#2502,#2523,#2616,#2635));
#2502 = ORIENTED_EDGE('',*,*,#2503,.T.);
#2503 = EDGE_CURVE('',#2367,#2504,#2506,.T.);
#2504 = VERTEX_POINT('',#2505);
#2505 = CARTESIAN_POINT('',(-304.4238839348,-1.015331625273E+03,-5.));
#2506 = SURFACE_CURVE('',#2507,(#2510,#2517),.PCURVE_S1.);
#2507 = B_SPLINE_CURVE_WITH_KNOTS('',1,(#2508,#2509),.UNSPECIFIED.,.F.,
  .F.,(2,2),(17.,18.),.PIECEWISE_BEZIER_KNOTS.);
#2508 = CARTESIAN_POINT('',(-296.8231220278,-1.01477286525E+03,-5.));
#2509 = CARTESIAN_POINT('',(-304.4238839348,-1.015331625273E+03,-5.));
#2510 = PCURVE('',#2424,#2511);
#2511 = DEFINITIONAL_REPRESENTATION('',(#2512),#2516);
#2512 = LINE('',#2513,#2514);
#2513 = CARTESIAN_POINT('',(0.,0.));
#2514 = VECTOR('',#2515,1.);
#2515 = DIRECTION('',(1.,0.));
#2516 = ( GEOMETRIC_REPRESENTATION_CONTEXT(2) 
PARAMETRIC_REPRESENTATION_CONTEXT() REPRESENTATION_CONTEXT('2D SPACE',''
  ) );
#2517 = PCURVE('',#87,#2518);
#2518 = DEFINITIONAL_REPRESENTATION('',(#2519),#2522);
#2519 = B_SPLINE_CURVE_WITH_KNOTS('',1,(#2520,#2521),.UNSPECIFIED.,.F.,
  .F.,(2,2),(17.,18.),.PIECEWISE_BEZIER_KNOTS.);
#2520 = CARTESIAN_POINT('',(128.22015453962,-3.804222767628));
#2521 = CARTESIAN_POINT('',(135.83029373384,-3.392426976032));
#2522 = ( GEOMETRIC_REPRESENTATION_CONTEXT(2) 
PARAMETRIC_REPRESENTATION_CONTEXT() REPRESENTATION_CONTEXT('2D SPACE',''
  ) );
#2523 = ORIENTED_EDGE('',*,*,#2524,.T.);
#2524 = EDGE_CURVE('',#2504,#2525,#2527,.T.);
#2525 = VERTEX_POINT('',#2526);
#2526 = CARTESIAN_POINT('',(-328.7643832512,-1.067924489736E+03,207.7));
#2527 = SURFACE_CURVE('',#2528,(#2553,#2560),.PCURVE_S1.);
#2528 = ( BOUNDED_CURVE() B_SPLINE_CURVE(3,(#2529,#2530,#2531,#2532,
    #2533,#2534,#2535,#2536,#2537,#2538,#2539,#2540,#2541,#2542,#2543,
    #2544,#2545,#2546,#2547,#2548,#2549,#2550,#2551,#2552),
.UNSPECIFIED.,.F.,.F.) B_SPLINE_CURVE_WITH_KNOTS((4,1,1,1,1,1,1,1,1,1,1,
    1,1,1,1,1,1,1,1,1,1,4),(0.,8.351345992186E-02,0.136371070752,
    0.186631466795,0.236892072307,0.287245985354,0.337546964594,
    0.387892568228,0.438269195911,0.488657983617,0.539039913424,
    0.589390615006,0.639739510443,0.690135953221,0.740567502215,
    0.791001192157,0.824625304057,0.849810563706,0.930093869668,
0.935215837381,0.950554965611,1.),.UNSPECIFIED.) CURVE() 
GEOMETRIC_REPRESENTATION_ITEM() RATIONAL_B_SPLINE_CURVE((1.,
    1.000000000051,0.999999999985,1.000000000003,0.999999999999,1.,1.,1.
    ,1.,1.,1.,1.,1.,1.,1.,1.,1.000000000001,0.999999999998,
    1.000000000008,0.999999999937,1.000000000021,0.999999999406,
1.000000004078,1.)) REPRESENTATION_ITEM('') );
#2529 = CARTESIAN_POINT('',(-304.4238839348,-1.015331625273E+03,-5.));
#2530 = CARTESIAN_POINT('',(-309.5955022951,-1.004520309075E+03,
    8.008717576553));
#2531 = CARTESIAN_POINT('',(-300.6244377798,-1.015657372312E+03,
    14.999325035651));
#2532 = CARTESIAN_POINT('',(-309.5710364432,-1.020574365058E+03,
    29.781777604759));
#2533 = CARTESIAN_POINT('',(-313.8473701806,-1.023858671888E+03,
    42.001176541587));
#2534 = CARTESIAN_POINT('',(-318.065642654,-1.026891001545E+03,
    54.014146905159));
#2535 = CARTESIAN_POINT('',(-324.5701038259,-1.030114138865E+03,
    65.989969999267));
#2536 = CARTESIAN_POINT('',(-328.799731084,-1.033141459734E+03,
    78.007482310661));
#2537 = CARTESIAN_POINT('',(-333.6705356161,-1.036190500828E+03,
    90.003188093923));
#2538 = CARTESIAN_POINT('',(-338.3764832353,-1.039197240729E+03,
    102.00152178571));
#2539 = CARTESIAN_POINT('',(-343.1542524201,-1.04221924245E+03,
    113.99940139363));
#2540 = CARTESIAN_POINT('',(-347.9965790371,-1.045276795048E+03,
    125.99554831415));
#2541 = CARTESIAN_POINT('',(-352.7889808976,-1.048269253609E+03,
    138.00035642969));
#2542 = CARTESIAN_POINT('',(-357.5147191786,-1.051315726608E+03,
    150.00331724818));
#2543 = CARTESIAN_POINT('',(-362.5359079087,-1.054403384207E+03,
    162.01546347963));
#2544 = CARTESIAN_POINT('',(-367.4424574525,-1.057463754668E+03,
    173.95824023226));
#2545 = CARTESIAN_POINT('',(-372.4097141561,-1.060288296845E+03,
    184.80040122606));
#2546 = CARTESIAN_POINT('',(-374.9015172387,-1.06232180501E+03,
    193.04573531588));
#2547 = CARTESIAN_POINT('',(-384.422957552,-1.065987373086E+03,
    205.83993582621));
#2548 = CARTESIAN_POINT('',(-353.5671034281,-1.064297635453E+03,
    201.81943362341));
#2549 = CARTESIAN_POINT('',(-345.7354999916,-1.065453537439E+03,
    206.71778633278));
#2550 = CARTESIAN_POINT('',(-342.8957253327,-1.066640739753E+03,
    210.78852743977));
#2551 = CARTESIAN_POINT('',(-306.7815794419,-1.065717296554E+03,
    181.81436335833));
#2552 = CARTESIAN_POINT('',(-328.7643832512,-1.067924489736E+03,207.7));
#2553 = PCURVE('',#2424,#2554);
#2554 = DEFINITIONAL_REPRESENTATION('',(#2555),#2559);
#2555 = LINE('',#2556,#2557);
#2556 = CARTESIAN_POINT('',(18.,0.));
#2557 = VECTOR('',#2558,1.);
#2558 = DIRECTION('',(0.,1.));
#2559 = ( GEOMETRIC_REPRESENTATION_CONTEXT(2) 
PARAMETRIC_REPRESENTATION_CONTEXT() REPRESENTATION_CONTEXT('2D SPACE',''
  ) );
#2560 = PCURVE('',#2561,#2610);
#2561 = ( BOUNDED_SURFACE() B_SPLINE_SURFACE(1,3,(
    (#2562,#2563,#2564,#2565,#2566,#2567,#2568,#2569,#2570,#2571,#2572
      ,#2573,#2574,#2575,#2576,#2577,#2578,#2579,#2580,#2581,#2582,#2583
      ,#2584,#2585)
    ,(#2586,#2587,#2588,#2589,#2590,#2591,#2592,#2593,#2594,#2595,#2596
      ,#2597,#2598,#2599,#2600,#2601,#2602,#2603,#2604,#2605,#2606,#2607
      ,#2608,#2609
)),.UNSPECIFIED.,.F.,.F.,.F.) B_SPLINE_SURFACE_WITH_KNOTS((2,2),(4,1,1,1
    ,1,1,1,1,1,1,1,1,1,1,1,1,1,1,1,1,1,4),(18.,19.),(0.,
    8.351345992186E-02,0.136371070752,0.186631466795,0.236892072307,
    0.287245985354,0.337546964594,0.387892568228,0.438269195911,
    0.488657983617,0.539039913424,0.589390615006,0.639739510443,
    0.690135953221,0.740567502215,0.791001192157,0.824625304057,
    0.849810563706,0.930093869668,0.935215837381,0.950554965611,1.),
.UNSPECIFIED.) GEOMETRIC_REPRESENTATION_ITEM() RATIONAL_B_SPLINE_SURFACE
((
    (1.,1.000000000051,0.999999999985,1.000000000003,0.999999999999,1.
      ,1.,1.,1.,1.,1.,1.,1.,1.,1.,1.,1.000000000001,0.999999999998
      ,1.000000000008,0.999999999937,1.000000000021,0.999999999406
      ,1.000000004078,1.)
    ,(1.,1.000000000051,0.999999999985,1.000000000003,0.999999999999,1.
      ,1.,1.,1.,1.,1.,1.,1.,1.,1.,1.,1.000000000001,0.999999999998
      ,1.000000000008,0.999999999937,1.000000000021,0.999999999406
,1.000000004078,1.))) REPRESENTATION_ITEM('') SURFACE() );
#2562 = CARTESIAN_POINT('',(-304.4238839348,-1.015331625273E+03,-5.));
#2563 = CARTESIAN_POINT('',(-309.5955022951,-1.004520309075E+03,
    8.008717576553));
#2564 = CARTESIAN_POINT('',(-300.6244377798,-1.015657372312E+03,
    14.999325035651));
#2565 = CARTESIAN_POINT('',(-309.5710364432,-1.020574365058E+03,
    29.781777604759));
#2566 = CARTESIAN_POINT('',(-313.8473701806,-1.023858671888E+03,
    42.001176541587));
#2567 = CARTESIAN_POINT('',(-318.065642654,-1.026891001545E+03,
    54.014146905159));
#2568 = CARTESIAN_POINT('',(-324.5701038259,-1.030114138865E+03,
    65.989969999267));
#2569 = CARTESIAN_POINT('',(-328.799731084,-1.033141459734E+03,
    78.007482310661));
#2570 = CARTESIAN_POINT('',(-333.6705356161,-1.036190500828E+03,
    90.003188093923));
#2571 = CARTESIAN_POINT('',(-338.3764832353,-1.039197240729E+03,
    102.00152178571));
#2572 = CARTESIAN_POINT('',(-343.1542524201,-1.04221924245E+03,
    113.99940139363));
#2573 = CARTESIAN_POINT('',(-347.9965790371,-1.045276795048E+03,
    125.99554831415));
#2574 = CARTESIAN_POINT('',(-352.7889808976,-1.048269253609E+03,
    138.00035642969));
#2575 = CARTESIAN_POINT('',(-357.5147191786,-1.051315726608E+03,
    150.00331724818));
#2576 = CARTESIAN_POINT('',(-362.5359079087,-1.054403384207E+03,
    162.01546347963));
#2577 = CARTESIAN_POINT('',(-367.4424574525,-1.057463754668E+03,
    173.95824023226));
#2578 = CARTESIAN_POINT('',(-372.4097141561,-1.060288296845E+03,
    184.80040122606));
#2579 = CARTESIAN_POINT('',(-374.9015172387,-1.06232180501E+03,
    193.04573531588));
#2580 = CARTESIAN_POINT('',(-384.422957552,-1.065987373086E+03,
    205.83993582621));
#2581 = CARTESIAN_POINT('',(-353.5671034281,-1.064297635453E+03,
    201.81943362341));
#2582 = CARTESIAN_POINT('',(-345.7354999916,-1.065453537439E+03,
    206.71778633278));
#2583 = CARTESIAN_POINT('',(-342.8957253327,-1.066640739753E+03,
    210.78852743977));
#2584 = CARTESIAN_POINT('',(-306.7815794419,-1.065717296554E+03,
    181.81436335833));
#2585 = CARTESIAN_POINT('',(-328.7643832512,-1.067924489736E+03,207.7));
#2586 = CARTESIAN_POINT('',(-312.0269607696,-1.015858266004E+03,-5.));
#2587 = CARTESIAN_POINT('',(-317.8184641575,-1.004858225117E+03,
    8.008717576553));
#2588 = CARTESIAN_POINT('',(-308.1710437874,-1.016159249205E+03,
    14.999325035651));
#2589 = CARTESIAN_POINT('',(-316.9529139177,-1.02125649808E+03,
    29.781777604759));
#2590 = CARTESIAN_POINT('',(-321.0696451293,-1.024543701572E+03,
    42.001176541587));
#2591 = CARTESIAN_POINT('',(-325.1077053736,-1.027541116272E+03,
    54.014146905159));
#2592 = CARTESIAN_POINT('',(-331.4287804846,-1.030763753169E+03,
    65.989969999267));
#2593 = CARTESIAN_POINT('',(-335.4763348328,-1.033720216038E+03,
    78.007482310661));
#2594 = CARTESIAN_POINT('',(-340.1661768132,-1.036732829058E+03,
    90.003188093923));
#2595 = CARTESIAN_POINT('',(-344.6882696111,-1.039730240404E+03,
    102.00152178571));
#2596 = CARTESIAN_POINT('',(-349.2817776172,-1.042751420927E+03,
    113.99940139363));
#2597 = CARTESIAN_POINT('',(-353.9412223673,-1.04580457493E+03,
    125.99554831415));
#2598 = CARTESIAN_POINT('',(-358.5438633219,-1.048846799458E+03,
    138.00035642969));
#2599 = CARTESIAN_POINT('',(-363.0847373427,-1.051884587515E+03,
    150.00331724818));
#2600 = CARTESIAN_POINT('',(-367.9230464661,-1.054952627221E+03,
    162.01546347963));
#2601 = CARTESIAN_POINT('',(-372.6427836939,-1.058000094876E+03,
    173.95824023226));
#2602 = CARTESIAN_POINT('',(-377.46143801,-1.060800346615E+03,
    184.80040122606));
#2603 = CARTESIAN_POINT('',(-379.7881673739,-1.062844895458E+03,
    193.04573531588));
#2604 = CARTESIAN_POINT('',(-389.289649665,-1.066329427785E+03,
    205.83993582621));
#2605 = CARTESIAN_POINT('',(-357.3289139138,-1.06483297778E+03,
    201.81943362341));
#2606 = CARTESIAN_POINT('',(-348.3947803705,-1.065831394728E+03,
    206.71778633278));
#2607 = CARTESIAN_POINT('',(-344.7783485114,-1.066863744433E+03,
    210.78852743977));
#2608 = CARTESIAN_POINT('',(-306.6786039016,-1.066013233258E+03,
    181.81436335833));
#2609 = CARTESIAN_POINT('',(-329.0582796949,-1.067966172939E+03,207.7));
#2610 = DEFINITIONAL_REPRESENTATION('',(#2611),#2615);
#2611 = LINE('',#2612,#2613);
#2612 = CARTESIAN_POINT('',(18.,0.));
#2613 = VECTOR('',#2614,1.);
#2614 = DIRECTION('',(0.,1.));
#2615 = ( GEOMETRIC_REPRESENTATION_CONTEXT(2) 
PARAMETRIC_REPRESENTATION_CONTEXT() REPRESENTATION_CONTEXT('2D SPACE',''
  ) );
#2616 = ORIENTED_EDGE('',*,*,#2617,.F.);
#2617 = EDGE_CURVE('',#2388,#2525,#2618,.T.);
#2618 = SURFACE_CURVE('',#2619,(#2622,#2629),.PCURVE_S1.);
#2619 = B_SPLINE_CURVE_WITH_KNOTS('',1,(#2620,#2621),.UNSPECIFIED.,.F.,
  .F.,(2,2),(17.,18.),.PIECEWISE_BEZIER_KNOTS.);
#2620 = CARTESIAN_POINT('',(-328.4702388041,-1.067884350535E+03,207.7));
#2621 = CARTESIAN_POINT('',(-328.7643832512,-1.067924489736E+03,207.7));
#2622 = PCURVE('',#2424,#2623);
#2623 = DEFINITIONAL_REPRESENTATION('',(#2624),#2628);
#2624 = LINE('',#2625,#2626);
#2625 = CARTESIAN_POINT('',(0.,1.));
#2626 = VECTOR('',#2627,1.);
#2627 = DIRECTION('',(1.,0.));
#2628 = ( GEOMETRIC_REPRESENTATION_CONTEXT(2) 
PARAMETRIC_REPRESENTATION_CONTEXT() REPRESENTATION_CONTEXT('2D SPACE',''
  ) );
#2629 = PCURVE('',#206,#2630);
#2630 = DEFINITIONAL_REPRESENTATION('',(#2631),#2634);
#2631 = B_SPLINE_CURVE_WITH_KNOTS('',1,(#2632,#2633),.UNSPECIFIED.,.F.,
  .F.,(2,2),(17.,18.),.PIECEWISE_BEZIER_KNOTS.);
#2632 = CARTESIAN_POINT('',(5.010304837055,-0.315871604164));
#2633 = CARTESIAN_POINT('',(5.306088338289,-0.290489886982));
#2634 = ( GEOMETRIC_REPRESENTATION_CONTEXT(2) 
PARAMETRIC_REPRESENTATION_CONTEXT() REPRESENTATION_CONTEXT('2D SPACE',''
  ) );
#2635 = ORIENTED_EDGE('',*,*,#2387,.F.);
#2636 = ADVANCED_FACE('',(#2637),#2561,.T.);
#2637 = FACE_BOUND('',#2638,.T.);
#2638 = EDGE_LOOP('',(#2639,#2660,#2753,#2772));
#2639 = ORIENTED_EDGE('',*,*,#2640,.T.);
#2640 = EDGE_CURVE('',#2504,#2641,#2643,.T.);
#2641 = VERTEX_POINT('',#2642);
#2642 = CARTESIAN_POINT('',(-312.0269607696,-1.015858266004E+03,-5.));
#2643 = SURFACE_CURVE('',#2644,(#2647,#2654),.PCURVE_S1.);
#2644 = B_SPLINE_CURVE_WITH_KNOTS('',1,(#2645,#2646),.UNSPECIFIED.,.F.,
  .F.,(2,2),(18.,19.),.PIECEWISE_BEZIER_KNOTS.);
#2645 = CARTESIAN_POINT('',(-304.4238839348,-1.015331625273E+03,-5.));
#2646 = CARTESIAN_POINT('',(-312.0269607696,-1.015858266004E+03,-5.));
#2647 = PCURVE('',#2561,#2648);
#2648 = DEFINITIONAL_REPRESENTATION('',(#2649),#2653);
#2649 = LINE('',#2650,#2651);
#2650 = CARTESIAN_POINT('',(0.,0.));
#2651 = VECTOR('',#2652,1.);
#2652 = DIRECTION('',(1.,0.));
#2653 = ( GEOMETRIC_REPRESENTATION_CONTEXT(2) 
PARAMETRIC_REPRESENTATION_CONTEXT() REPRESENTATION_CONTEXT('2D SPACE',''
  ) );
#2654 = PCURVE('',#87,#2655);
#2655 = DEFINITIONAL_REPRESENTATION('',(#2656),#2659);
#2656 = B_SPLINE_CURVE_WITH_KNOTS('',1,(#2657,#2658),.UNSPECIFIED.,.F.,
  .F.,(2,2),(18.,19.),.PIECEWISE_BEZIER_KNOTS.);
#2657 = CARTESIAN_POINT('',(135.83029373384,-3.392426976032));
#2658 = CARTESIAN_POINT('',(143.44212682326,-3.012789207922));
#2659 = ( GEOMETRIC_REPRESENTATION_CONTEXT(2) 
PARAMETRIC_REPRESENTATION_CONTEXT() REPRESENTATION_CONTEXT('2D SPACE',''
  ) );
#2660 = ORIENTED_EDGE('',*,*,#2661,.T.);
#2661 = EDGE_CURVE('',#2641,#2662,#2664,.T.);
#2662 = VERTEX_POINT('',#2663);
#2663 = CARTESIAN_POINT('',(-329.0582796949,-1.067966172939E+03,207.7));
#2664 = SURFACE_CURVE('',#2665,(#2690,#2697),.PCURVE_S1.);
#2665 = ( BOUNDED_CURVE() B_SPLINE_CURVE(3,(#2666,#2667,#2668,#2669,
    #2670,#2671,#2672,#2673,#2674,#2675,#2676,#2677,#2678,#2679,#2680,
    #2681,#2682,#2683,#2684,#2685,#2686,#2687,#2688,#2689),
.UNSPECIFIED.,.F.,.F.) B_SPLINE_CURVE_WITH_KNOTS((4,1,1,1,1,1,1,1,1,1,1,
    1,1,1,1,1,1,1,1,1,1,4),(0.,8.351345992186E-02,0.136371070752,
    0.186631466795,0.236892072307,0.287245985354,0.337546964594,
    0.387892568228,0.438269195911,0.488657983617,0.539039913424,
    0.589390615006,0.639739510443,0.690135953221,0.740567502215,
    0.791001192157,0.824625304057,0.849810563706,0.930093869668,
0.935215837381,0.950554965611,1.),.UNSPECIFIED.) CURVE() 
GEOMETRIC_REPRESENTATION_ITEM() RATIONAL_B_SPLINE_CURVE((1.,
    1.000000000051,0.999999999985,1.000000000003,0.999999999999,1.,1.,1.
    ,1.,1.,1.,1.,1.,1.,1.,1.,1.000000000001,0.999999999998,
    1.000000000008,0.999999999937,1.000000000021,0.999999999406,
1.000000004078,1.)) REPRESENTATION_ITEM('') );
#2666 = CARTESIAN_POINT('',(-312.0269607696,-1.015858266004E+03,-5.));
#2667 = CARTESIAN_POINT('',(-317.8184641575,-1.004858225117E+03,
    8.008717576553));
#2668 = CARTESIAN_POINT('',(-308.1710437874,-1.016159249205E+03,
    14.999325035651));
#2669 = CARTESIAN_POINT('',(-316.9529139177,-1.02125649808E+03,
    29.781777604759));
#2670 = CARTESIAN_POINT('',(-321.0696451293,-1.024543701572E+03,
    42.001176541587));
#2671 = CARTESIAN_POINT('',(-325.1077053736,-1.027541116272E+03,
    54.014146905159));
#2672 = CARTESIAN_POINT('',(-331.4287804846,-1.030763753169E+03,
    65.989969999267));
#2673 = CARTESIAN_POINT('',(-335.4763348328,-1.033720216038E+03,
    78.007482310661));
#2674 = CARTESIAN_POINT('',(-340.1661768132,-1.036732829058E+03,
    90.003188093923));
#2675 = CARTESIAN_POINT('',(-344.6882696111,-1.039730240404E+03,
    102.00152178571));
#2676 = CARTESIAN_POINT('',(-349.2817776172,-1.042751420927E+03,
    113.99940139363));
#2677 = CARTESIAN_POINT('',(-353.9412223673,-1.04580457493E+03,
    125.99554831415));
#2678 = CARTESIAN_POINT('',(-358.5438633219,-1.048846799458E+03,
    138.00035642969));
#2679 = CARTESIAN_POINT('',(-363.0847373427,-1.051884587515E+03,
    150.00331724818));
#2680 = CARTESIAN_POINT('',(-367.9230464661,-1.054952627221E+03,
    162.01546347963));
#2681 = CARTESIAN_POINT('',(-372.6427836939,-1.058000094876E+03,
    173.95824023226));
#2682 = CARTESIAN_POINT('',(-377.46143801,-1.060800346615E+03,
    184.80040122606));
#2683 = CARTESIAN_POINT('',(-379.7881673739,-1.062844895458E+03,
    193.04573531588));
#2684 = CARTESIAN_POINT('',(-389.289649665,-1.066329427785E+03,
    205.83993582621));
#2685 = CARTESIAN_POINT('',(-357.3289139138,-1.06483297778E+03,
    201.81943362341));
#2686 = CARTESIAN_POINT('',(-348.3947803705,-1.065831394728E+03,
    206.71778633278));
#2687 = CARTESIAN_POINT('',(-344.7783485114,-1.066863744433E+03,
    210.78852743977));
#2688 = CARTESIAN_POINT('',(-306.6786039016,-1.066013233258E+03,
    181.81436335833));
#2689 = CARTESIAN_POINT('',(-329.0582796949,-1.067966172939E+03,207.7));
#2690 = PCURVE('',#2561,#2691);
#2691 = DEFINITIONAL_REPRESENTATION('',(#2692),#2696);
#2692 = LINE('',#2693,#2694);
#2693 = CARTESIAN_POINT('',(19.,0.));
#2694 = VECTOR('',#2695,1.);
#2695 = DIRECTION('',(0.,1.));
#2696 = ( GEOMETRIC_REPRESENTATION_CONTEXT(2) 
PARAMETRIC_REPRESENTATION_CONTEXT() REPRESENTATION_CONTEXT('2D SPACE',''
  ) );
#2697 = PCURVE('',#2698,#2747);
#2698 = ( BOUNDED_SURFACE() B_SPLINE_SURFACE(1,3,(
    (#2699,#2700,#2701,#2702,#2703,#2704,#2705,#2706,#2707,#2708,#2709
      ,#2710,#2711,#2712,#2713,#2714,#2715,#2716,#2717,#2718,#2719,#2720
      ,#2721,#2722)
    ,(#2723,#2724,#2725,#2726,#2727,#2728,#2729,#2730,#2731,#2732,#2733
      ,#2734,#2735,#2736,#2737,#2738,#2739,#2740,#2741,#2742,#2743,#2744
      ,#2745,#2746
)),.UNSPECIFIED.,.F.,.F.,.F.) B_SPLINE_SURFACE_WITH_KNOTS((2,2),(4,1,1,1
    ,1,1,1,1,1,1,1,1,1,1,1,1,1,1,1,1,1,4),(19.,20.),(0.,
    8.351345992186E-02,0.136371070752,0.186631466795,0.236892072307,
    0.287245985354,0.337546964594,0.387892568228,0.438269195911,
    0.488657983617,0.539039913424,0.589390615006,0.639739510443,
    0.690135953221,0.740567502215,0.791001192157,0.824625304057,
    0.849810563706,0.930093869668,0.935215837381,0.950554965611,1.),
.UNSPECIFIED.) GEOMETRIC_REPRESENTATION_ITEM() RATIONAL_B_SPLINE_SURFACE
((
    (1.,1.000000000051,0.999999999985,1.000000000003,0.999999999999,1.
      ,1.,1.,1.,1.,1.,1.,1.,1.,1.,1.,1.000000000001,0.999999999998
      ,1.000000000008,0.999999999937,1.000000000021,0.999999999406
      ,1.000000004078,1.)
    ,(1.,1.000000000051,0.999999999985,1.000000000003,0.999999999999,1.
      ,1.,1.,1.,1.,1.,1.,1.,1.,1.,1.,1.000000000001,0.999999999998
      ,1.000000000008,0.999999999937,1.000000000021,0.999999999406
,1.000000004078,1.))) REPRESENTATION_ITEM('') SURFACE() );
#2699 = CARTESIAN_POINT('',(-312.0269607696,-1.015858266004E+03,-5.));
#2700 = CARTESIAN_POINT('',(-317.8184641575,-1.004858225117E+03,
    8.008717576553));
#2701 = CARTESIAN_POINT('',(-308.1710437874,-1.016159249205E+03,
    14.999325035651));
#2702 = CARTESIAN_POINT('',(-316.9529139177,-1.02125649808E+03,
    29.781777604759));
#2703 = CARTESIAN_POINT('',(-321.0696451293,-1.024543701572E+03,
    42.001176541587));
#2704 = CARTESIAN_POINT('',(-325.1077053736,-1.027541116272E+03,
    54.014146905159));
#2705 = CARTESIAN_POINT('',(-331.4287804846,-1.030763753169E+03,
    65.989969999267));
#2706 = CARTESIAN_POINT('',(-335.4763348328,-1.033720216038E+03,
    78.007482310661));
#2707 = CARTESIAN_POINT('',(-340.1661768132,-1.036732829058E+03,
    90.003188093923));
#2708 = CARTESIAN_POINT('',(-344.6882696111,-1.039730240404E+03,
    102.00152178571));
#2709 = CARTESIAN_POINT('',(-349.2817776172,-1.042751420927E+03,
    113.99940139363));
#2710 = CARTESIAN_POINT('',(-353.9412223673,-1.04580457493E+03,
    125.99554831415));
#2711 = CARTESIAN_POINT('',(-358.5438633219,-1.048846799458E+03,
    138.00035642969));
#2712 = CARTESIAN_POINT('',(-363.0847373427,-1.051884587515E+03,
    150.00331724818));
#2713 = CARTESIAN_POINT('',(-367.9230464661,-1.054952627221E+03,
    162.01546347963));
#2714 = CARTESIAN_POINT('',(-372.6427836939,-1.058000094876E+03,
    173.95824023226));
#2715 = CARTESIAN_POINT('',(-377.46143801,-1.060800346615E+03,
    184.80040122606));
#2716 = CARTESIAN_POINT('',(-379.7881673739,-1.062844895458E+03,
    193.04573531588));
#2717 = CARTESIAN_POINT('',(-389.289649665,-1.066329427785E+03,
    205.83993582621));
#2718 = CARTESIAN_POINT('',(-357.3289139138,-1.06483297778E+03,
    201.81943362341));
#2719 = CARTESIAN_POINT('',(-348.3947803705,-1.065831394728E+03,
    206.71778633278));
#2720 = CARTESIAN_POINT('',(-344.7783485114,-1.066863744433E+03,
    210.78852743977));
#2721 = CARTESIAN_POINT('',(-306.6786039016,-1.066013233258E+03,
    181.81436335833));
#2722 = CARTESIAN_POINT('',(-329.0582796949,-1.067966172939E+03,207.7));
#2723 = CARTESIAN_POINT('',(-319.6300376044,-1.016384906736E+03,-5.));
#2724 = CARTESIAN_POINT('',(-325.9528375995,-1.006265807453E+03,
    8.008717576553));
#2725 = CARTESIAN_POINT('',(-315.7371323388,-1.016426254456E+03,
    14.999325035651));
#2726 = CARTESIAN_POINT('',(-324.3424268175,-1.021845656142E+03,
    29.781777604759));
#2727 = CARTESIAN_POINT('',(-328.2853619407,-1.025289659564E+03,
    42.001176541587));
#2728 = CARTESIAN_POINT('',(-332.1396071781,-1.028289877567E+03,
    54.014146905159));
#2729 = CARTESIAN_POINT('',(-338.2820344367,-1.031467598392E+03,
    65.989969999267));
#2730 = CARTESIAN_POINT('',(-342.1418723975,-1.034413234775E+03,
    78.007482310661));
#2731 = CARTESIAN_POINT('',(-346.6502942906,-1.037397587607E+03,
    90.003188093923));
#2732 = CARTESIAN_POINT('',(-350.9955106657,-1.040315475753E+03,
    102.00152178571));
#2733 = CARTESIAN_POINT('',(-355.3961913831,-1.043420398252E+03,
    113.99940139363));
#2734 = CARTESIAN_POINT('',(-359.8794175482,-1.046408922013E+03,
    125.99554831415));
#2735 = CARTESIAN_POINT('',(-364.297731669,-1.049436940608E+03,
    138.00035642969));
#2736 = CARTESIAN_POINT('',(-368.6544839423,-1.052455465151E+03,
    150.00331724818));
#2737 = CARTESIAN_POINT('',(-373.310229322,-1.055501756801E+03,
    162.01546347963));
#2738 = CARTESIAN_POINT('',(-377.8424559232,-1.058542639505E+03,
    173.95824023226));
#2739 = CARTESIAN_POINT('',(-382.5159540387,-1.061285861805E+03,
    184.80040122606));
#2740 = CARTESIAN_POINT('',(-384.6765896727,-1.063347983932E+03,
    193.04573531588));
#2741 = CARTESIAN_POINT('',(-394.157693586,-1.066670393599E+03,
    205.83993582621));
#2742 = CARTESIAN_POINT('',(-361.075848213,-1.065470182167E+03,
    201.81943362341));
#2743 = CARTESIAN_POINT('',(-351.0436128104,-1.066280768323E+03,
    206.71778633278));
#2744 = CARTESIAN_POINT('',(-346.6558675486,-1.067123076921E+03,
    210.78852743977));
#2745 = CARTESIAN_POINT('',(-306.5599461339,-1.066406911224E+03,
    181.81436335833));
#2746 = CARTESIAN_POINT('',(-329.3510247513,-1.068015740524E+03,207.7));
#2747 = DEFINITIONAL_REPRESENTATION('',(#2748),#2752);
#2748 = LINE('',#2749,#2750);
#2749 = CARTESIAN_POINT('',(19.,0.));
#2750 = VECTOR('',#2751,1.);
#2751 = DIRECTION('',(0.,1.));
#2752 = ( GEOMETRIC_REPRESENTATION_CONTEXT(2) 
PARAMETRIC_REPRESENTATION_CONTEXT() REPRESENTATION_CONTEXT('2D SPACE',''
  ) );
#2753 = ORIENTED_EDGE('',*,*,#2754,.F.);
#2754 = EDGE_CURVE('',#2525,#2662,#2755,.T.);
#2755 = SURFACE_CURVE('',#2756,(#2759,#2766),.PCURVE_S1.);
#2756 = B_SPLINE_CURVE_WITH_KNOTS('',1,(#2757,#2758),.UNSPECIFIED.,.F.,
  .F.,(2,2),(18.,19.),.PIECEWISE_BEZIER_KNOTS.);
#2757 = CARTESIAN_POINT('',(-328.7643832512,-1.067924489736E+03,207.7));
#2758 = CARTESIAN_POINT('',(-329.0582796949,-1.067966172939E+03,207.7));
#2759 = PCURVE('',#2561,#2760);
#2760 = DEFINITIONAL_REPRESENTATION('',(#2761),#2765);
#2761 = LINE('',#2762,#2763);
#2762 = CARTESIAN_POINT('',(0.,1.));
#2763 = VECTOR('',#2764,1.);
#2764 = DIRECTION('',(1.,0.));
#2765 = ( GEOMETRIC_REPRESENTATION_CONTEXT(2) 
PARAMETRIC_REPRESENTATION_CONTEXT() REPRESENTATION_CONTEXT('2D SPACE',''
  ) );
#2766 = PCURVE('',#206,#2767);
#2767 = DEFINITIONAL_REPRESENTATION('',(#2768),#2771);
#2768 = B_SPLINE_CURVE_WITH_KNOTS('',1,(#2769,#2770),.UNSPECIFIED.,.F.,
  .F.,(2,2),(18.,19.),.PIECEWISE_BEZIER_KNOTS.);
#2769 = CARTESIAN_POINT('',(5.306088338289,-0.290489886982));
#2770 = CARTESIAN_POINT('',(5.601701346735,-0.263553698812));
#2771 = ( GEOMETRIC_REPRESENTATION_CONTEXT(2) 
PARAMETRIC_REPRESENTATION_CONTEXT() REPRESENTATION_CONTEXT('2D SPACE',''
  ) );
#2772 = ORIENTED_EDGE('',*,*,#2524,.F.);
#2773 = ADVANCED_FACE('',(#2774),#2698,.T.);
#2774 = FACE_BOUND('',#2775,.T.);
#2775 = EDGE_LOOP('',(#2776,#2797,#2890,#2909));
#2776 = ORIENTED_EDGE('',*,*,#2777,.T.);
#2777 = EDGE_CURVE('',#2641,#2778,#2780,.T.);
#2778 = VERTEX_POINT('',#2779);
#2779 = CARTESIAN_POINT('',(-319.6300376044,-1.016384906736E+03,-5.));
#2780 = SURFACE_CURVE('',#2781,(#2784,#2791),.PCURVE_S1.);
#2781 = B_SPLINE_CURVE_WITH_KNOTS('',1,(#2782,#2783),.UNSPECIFIED.,.F.,
  .F.,(2,2),(19.,20.),.PIECEWISE_BEZIER_KNOTS.);
#2782 = CARTESIAN_POINT('',(-312.0269607696,-1.015858266004E+03,-5.));
#2783 = CARTESIAN_POINT('',(-319.6300376044,-1.016384906736E+03,-5.));
#2784 = PCURVE('',#2698,#2785);
#2785 = DEFINITIONAL_REPRESENTATION('',(#2786),#2790);
#2786 = LINE('',#2787,#2788);
#2787 = CARTESIAN_POINT('',(0.,0.));
#2788 = VECTOR('',#2789,1.);
#2789 = DIRECTION('',(1.,0.));
#2790 = ( GEOMETRIC_REPRESENTATION_CONTEXT(2) 
PARAMETRIC_REPRESENTATION_CONTEXT() REPRESENTATION_CONTEXT('2D SPACE',''
  ) );
#2791 = PCURVE('',#87,#2792);
#2792 = DEFINITIONAL_REPRESENTATION('',(#2793),#2796);
#2793 = B_SPLINE_CURVE_WITH_KNOTS('',1,(#2794,#2795),.UNSPECIFIED.,.F.,
  .F.,(2,2),(19.,20.),.PIECEWISE_BEZIER_KNOTS.);
#2794 = CARTESIAN_POINT('',(143.44212682326,-3.012789207922));
#2795 = CARTESIAN_POINT('',(151.05395991268,-2.633151439813));
#2796 = ( GEOMETRIC_REPRESENTATION_CONTEXT(2) 
PARAMETRIC_REPRESENTATION_CONTEXT() REPRESENTATION_CONTEXT('2D SPACE',''
  ) );
#2797 = ORIENTED_EDGE('',*,*,#2798,.T.);
#2798 = EDGE_CURVE('',#2778,#2799,#2801,.T.);
#2799 = VERTEX_POINT('',#2800);
#2800 = CARTESIAN_POINT('',(-329.3510247513,-1.068015740524E+03,207.7));
#2801 = SURFACE_CURVE('',#2802,(#2827,#2834),.PCURVE_S1.);
#2802 = ( BOUNDED_CURVE() B_SPLINE_CURVE(3,(#2803,#2804,#2805,#2806,
    #2807,#2808,#2809,#2810,#2811,#2812,#2813,#2814,#2815,#2816,#2817,
    #2818,#2819,#2820,#2821,#2822,#2823,#2824,#2825,#2826),
.UNSPECIFIED.,.F.,.F.) B_SPLINE_CURVE_WITH_KNOTS((4,1,1,1,1,1,1,1,1,1,1,
    1,1,1,1,1,1,1,1,1,1,4),(0.,8.351345992186E-02,0.136371070752,
    0.186631466795,0.236892072307,0.287245985354,0.337546964594,
    0.387892568228,0.438269195911,0.488657983617,0.539039913424,
    0.589390615006,0.639739510443,0.690135953221,0.740567502215,
    0.791001192157,0.824625304057,0.849810563706,0.930093869668,
0.935215837381,0.950554965611,1.),.UNSPECIFIED.) CURVE() 
GEOMETRIC_REPRESENTATION_ITEM() RATIONAL_B_SPLINE_CURVE((1.,
    1.000000000051,0.999999999985,1.000000000003,0.999999999999,1.,1.,1.
    ,1.,1.,1.,1.,1.,1.,1.,1.,1.000000000001,0.999999999998,
    1.000000000008,0.999999999937,1.000000000021,0.999999999406,
1.000000004078,1.)) REPRESENTATION_ITEM('') );
#2803 = CARTESIAN_POINT('',(-319.6300376044,-1.016384906736E+03,-5.));
#2804 = CARTESIAN_POINT('',(-325.9528375995,-1.006265807453E+03,
    8.008717576553));
#2805 = CARTESIAN_POINT('',(-315.7371323388,-1.016426254456E+03,
    14.999325035651));
#2806 = CARTESIAN_POINT('',(-324.3424268175,-1.021845656142E+03,
    29.781777604759));
#2807 = CARTESIAN_POINT('',(-328.2853619407,-1.025289659564E+03,
    42.001176541587));
#2808 = CARTESIAN_POINT('',(-332.1396071781,-1.028289877567E+03,
    54.014146905159));
#2809 = CARTESIAN_POINT('',(-338.2820344367,-1.031467598392E+03,
    65.989969999267));
#2810 = CARTESIAN_POINT('',(-342.1418723975,-1.034413234775E+03,
    78.007482310661));
#2811 = CARTESIAN_POINT('',(-346.6502942906,-1.037397587607E+03,
    90.003188093923));
#2812 = CARTESIAN_POINT('',(-350.9955106657,-1.040315475753E+03,
    102.00152178571));
#2813 = CARTESIAN_POINT('',(-355.3961913831,-1.043420398252E+03,
    113.99940139363));
#2814 = CARTESIAN_POINT('',(-359.8794175482,-1.046408922013E+03,
    125.99554831415));
#2815 = CARTESIAN_POINT('',(-364.297731669,-1.049436940608E+03,
    138.00035642969));
#2816 = CARTESIAN_POINT('',(-368.6544839423,-1.052455465151E+03,
    150.00331724818));
#2817 = CARTESIAN_POINT('',(-373.310229322,-1.055501756801E+03,
    162.01546347963));
#2818 = CARTESIAN_POINT('',(-377.8424559232,-1.058542639505E+03,
    173.95824023226));
#2819 = CARTESIAN_POINT('',(-382.5159540387,-1.061285861805E+03,
    184.80040122606));
#2820 = CARTESIAN_POINT('',(-384.6765896727,-1.063347983932E+03,
    193.04573531588));
#2821 = CARTESIAN_POINT('',(-394.157693586,-1.066670393599E+03,
    205.83993582621));
#2822 = CARTESIAN_POINT('',(-361.075848213,-1.065470182167E+03,
    201.81943362341));
#2823 = CARTESIAN_POINT('',(-351.0436128104,-1.066280768323E+03,
    206.71778633278));
#2824 = CARTESIAN_POINT('',(-346.6558675486,-1.067123076921E+03,
    210.78852743977));
#2825 = CARTESIAN_POINT('',(-306.5599461339,-1.066406911224E+03,
    181.81436335833));
#2826 = CARTESIAN_POINT('',(-329.3510247513,-1.068015740524E+03,207.7));
#2827 = PCURVE('',#2698,#2828);
#2828 = DEFINITIONAL_REPRESENTATION('',(#2829),#2833);
#2829 = LINE('',#2830,#2831);
#2830 = CARTESIAN_POINT('',(20.,0.));
#2831 = VECTOR('',#2832,1.);
#2832 = DIRECTION('',(0.,1.));
#2833 = ( GEOMETRIC_REPRESENTATION_CONTEXT(2) 
PARAMETRIC_REPRESENTATION_CONTEXT() REPRESENTATION_CONTEXT('2D SPACE',''
  ) );
#2834 = PCURVE('',#2835,#2884);
#2835 = ( BOUNDED_SURFACE() B_SPLINE_SURFACE(1,3,(
    (#2836,#2837,#2838,#2839,#2840,#2841,#2842,#2843,#2844,#2845,#2846
      ,#2847,#2848,#2849,#2850,#2851,#2852,#2853,#2854,#2855,#2856,#2857
      ,#2858,#2859)
    ,(#2860,#2861,#2862,#2863,#2864,#2865,#2866,#2867,#2868,#2869,#2870
      ,#2871,#2872,#2873,#2874,#2875,#2876,#2877,#2878,#2879,#2880,#2881
      ,#2882,#2883
)),.UNSPECIFIED.,.F.,.F.,.F.) B_SPLINE_SURFACE_WITH_KNOTS((2,2),(4,1,1,1
    ,1,1,1,1,1,1,1,1,1,1,1,1,1,1,1,1,1,4),(20.,21.),(0.,
    8.351345992186E-02,0.136371070752,0.186631466795,0.236892072307,
    0.287245985354,0.337546964594,0.387892568228,0.438269195911,
    0.488657983617,0.539039913424,0.589390615006,0.639739510443,
    0.690135953221,0.740567502215,0.791001192157,0.824625304057,
    0.849810563706,0.930093869668,0.935215837381,0.950554965611,1.),
.UNSPECIFIED.) GEOMETRIC_REPRESENTATION_ITEM() RATIONAL_B_SPLINE_SURFACE
((
    (1.,1.000000000051,0.999999999985,1.000000000003,0.999999999999,1.
      ,1.,1.,1.,1.,1.,1.,1.,1.,1.,1.,1.000000000001,0.999999999998
      ,1.000000000008,0.999999999937,1.000000000021,0.999999999406
      ,1.000000004078,1.)
    ,(1.,1.000000000051,0.999999999985,1.000000000003,0.999999999999,1.
      ,1.,1.,1.,1.,1.,1.,1.,1.,1.,1.,1.000000000001,0.999999999998
      ,1.000000000008,0.999999999937,1.000000000021,0.999999999406
,1.000000004078,1.))) REPRESENTATION_ITEM('') SURFACE() );
#2836 = CARTESIAN_POINT('',(-319.6300376044,-1.016384906736E+03,-5.));
#2837 = CARTESIAN_POINT('',(-325.9528375995,-1.006265807453E+03,
    8.008717576553));
#2838 = CARTESIAN_POINT('',(-315.7371323388,-1.016426254456E+03,
    14.999325035651));
#2839 = CARTESIAN_POINT('',(-324.3424268175,-1.021845656142E+03,
    29.781777604759));
#2840 = CARTESIAN_POINT('',(-328.2853619407,-1.025289659564E+03,
    42.001176541587));
#2841 = CARTESIAN_POINT('',(-332.1396071781,-1.028289877567E+03,
    54.014146905159));
#2842 = CARTESIAN_POINT('',(-338.2820344367,-1.031467598392E+03,
    65.989969999267));
#2843 = CARTESIAN_POINT('',(-342.1418723975,-1.034413234775E+03,
    78.007482310661));
#2844 = CARTESIAN_POINT('',(-346.6502942906,-1.037397587607E+03,
    90.003188093923));
#2845 = CARTESIAN_POINT('',(-350.9955106657,-1.040315475753E+03,
    102.00152178571));
#2846 = CARTESIAN_POINT('',(-355.3961913831,-1.043420398252E+03,
    113.99940139363));
#2847 = CARTESIAN_POINT('',(-359.8794175482,-1.046408922013E+03,
    125.99554831415));
#2848 = CARTESIAN_POINT('',(-364.297731669,-1.049436940608E+03,
    138.00035642969));
#2849 = CARTESIAN_POINT('',(-368.6544839423,-1.052455465151E+03,
    150.00331724818));
#2850 = CARTESIAN_POINT('',(-373.310229322,-1.055501756801E+03,
    162.01546347963));
#2851 = CARTESIAN_POINT('',(-377.8424559232,-1.058542639505E+03,
    173.95824023226));
#2852 = CARTESIAN_POINT('',(-382.5159540387,-1.061285861805E+03,
    184.80040122606));
#2853 = CARTESIAN_POINT('',(-384.6765896727,-1.063347983932E+03,
    193.04573531588));
#2854 = CARTESIAN_POINT('',(-394.157693586,-1.066670393599E+03,
    205.83993582621));
#2855 = CARTESIAN_POINT('',(-361.075848213,-1.065470182167E+03,
    201.81943362341));
#2856 = CARTESIAN_POINT('',(-351.0436128104,-1.066280768323E+03,
    206.71778633278));
#2857 = CARTESIAN_POINT('',(-346.6558675486,-1.067123076921E+03,
    210.78852743977));
#2858 = CARTESIAN_POINT('',(-306.5599461339,-1.066406911224E+03,
    181.81436335833));
#2859 = CARTESIAN_POINT('',(-329.3510247513,-1.068015740524E+03,207.7));
#2860 = CARTESIAN_POINT('',(-327.2312940296,-1.01693443881E+03,-5.));
#2861 = CARTESIAN_POINT('',(-333.9919674646,-1.008665898682E+03,
    8.008717576553));
#2862 = CARTESIAN_POINT('',(-323.330645418,-1.016420754843E+03,
    14.999325035651));
#2863 = CARTESIAN_POINT('',(-331.7198951132,-1.022546738925E+03,
    29.781777604759));
#2864 = CARTESIAN_POINT('',(-335.4898385378,-1.026143547368E+03,
    42.001176541587));
#2865 = CARTESIAN_POINT('',(-339.1682618382,-1.029068114108E+03,
    54.014146905159));
#2866 = CARTESIAN_POINT('',(-345.1247544484,-1.032267282053E+03,
    65.989969999267));
#2867 = CARTESIAN_POINT('',(-348.8032454831,-1.035141011246E+03,
    78.007482310661));
#2868 = CARTESIAN_POINT('',(-353.1286659961,-1.038112116775E+03,
    90.003188093923));
#2869 = CARTESIAN_POINT('',(-357.2877883747,-1.041037375542E+03,
    102.00152178571));
#2870 = CARTESIAN_POINT('',(-361.514664918,-1.044052272729E+03,
    113.99940139363));
#2871 = CARTESIAN_POINT('',(-365.8145133142,-1.047042533373E+03,
    125.99554831415));
#2872 = CARTESIAN_POINT('',(-370.0505839297,-1.050036993634E+03,
    138.00035642969));
#2873 = CARTESIAN_POINT('',(-374.2246067604,-1.053022639502E+03,
    150.00331724818));
#2874 = CARTESIAN_POINT('',(-378.696923755,-1.056055784275E+03,
    162.01546347963));
#2875 = CARTESIAN_POINT('',(-383.0459285148,-1.059047143267E+03,
    173.95824023226));
#2876 = CARTESIAN_POINT('',(-387.570047903,-1.061775883857E+03,
    184.80040122606));
#2877 = CARTESIAN_POINT('',(-389.5669046961,-1.063831275779E+03,
    193.04573531588));
#2878 = CARTESIAN_POINT('',(-399.0168171471,-1.067104846425E+03,
    205.83993582621));
#2879 = CARTESIAN_POINT('',(-364.8324847123,-1.06604078768E+03,
    201.81943362341));
#2880 = CARTESIAN_POINT('',(-353.6992671487,-1.066683297674E+03,
    206.71778633278));
#2881 = CARTESIAN_POINT('',(-348.5354992692,-1.067372658955E+03,
    210.78852743977));
#2882 = CARTESIAN_POINT('',(-306.4599887746,-1.066639158494E+03,
    181.81436335833));
#2883 = CARTESIAN_POINT('',(-329.6445190893,-1.068060172525E+03,207.7));
#2884 = DEFINITIONAL_REPRESENTATION('',(#2885),#2889);
#2885 = LINE('',#2886,#2887);
#2886 = CARTESIAN_POINT('',(20.,0.));
#2887 = VECTOR('',#2888,1.);
#2888 = DIRECTION('',(0.,1.));
#2889 = ( GEOMETRIC_REPRESENTATION_CONTEXT(2) 
PARAMETRIC_REPRESENTATION_CONTEXT() REPRESENTATION_CONTEXT('2D SPACE',''
  ) );
#2890 = ORIENTED_EDGE('',*,*,#2891,.F.);
#2891 = EDGE_CURVE('',#2662,#2799,#2892,.T.);
#2892 = SURFACE_CURVE('',#2893,(#2896,#2903),.PCURVE_S1.);
#2893 = B_SPLINE_CURVE_WITH_KNOTS('',1,(#2894,#2895),.UNSPECIFIED.,.F.,
  .F.,(2,2),(19.,20.),.PIECEWISE_BEZIER_KNOTS.);
#2894 = CARTESIAN_POINT('',(-329.0582796949,-1.067966172939E+03,207.7));
#2895 = CARTESIAN_POINT('',(-329.3510247513,-1.068015740524E+03,207.7));
#2896 = PCURVE('',#2698,#2897);
#2897 = DEFINITIONAL_REPRESENTATION('',(#2898),#2902);
#2898 = LINE('',#2899,#2900);
#2899 = CARTESIAN_POINT('',(0.,1.));
#2900 = VECTOR('',#2901,1.);
#2901 = DIRECTION('',(1.,0.));
#2902 = ( GEOMETRIC_REPRESENTATION_CONTEXT(2) 
PARAMETRIC_REPRESENTATION_CONTEXT() REPRESENTATION_CONTEXT('2D SPACE',''
  ) );
#2903 = PCURVE('',#206,#2904);
#2904 = DEFINITIONAL_REPRESENTATION('',(#2905),#2908);
#2905 = B_SPLINE_CURVE_WITH_KNOTS('',1,(#2906,#2907),.UNSPECIFIED.,.F.,
  .F.,(2,2),(19.,20.),.PIECEWISE_BEZIER_KNOTS.);
#2906 = CARTESIAN_POINT('',(5.601701346735,-0.263553698812));
#2907 = CARTESIAN_POINT('',(5.896558628731,-0.228685419533));
#2908 = ( GEOMETRIC_REPRESENTATION_CONTEXT(2) 
PARAMETRIC_REPRESENTATION_CONTEXT() REPRESENTATION_CONTEXT('2D SPACE',''
  ) );
#2909 = ORIENTED_EDGE('',*,*,#2661,.F.);
#2910 = ADVANCED_FACE('',(#2911),#2835,.T.);
#2911 = FACE_BOUND('',#2912,.T.);
#2912 = EDGE_LOOP('',(#2913,#2934,#3027,#3046));
#2913 = ORIENTED_EDGE('',*,*,#2914,.T.);
#2914 = EDGE_CURVE('',#2778,#2915,#2917,.T.);
#2915 = VERTEX_POINT('',#2916);
#2916 = CARTESIAN_POINT('',(-327.2312940296,-1.01693443881E+03,-5.));
#2917 = SURFACE_CURVE('',#2918,(#2921,#2928),.PCURVE_S1.);
#2918 = B_SPLINE_CURVE_WITH_KNOTS('',1,(#2919,#2920),.UNSPECIFIED.,.F.,
  .F.,(2,2),(20.,21.),.PIECEWISE_BEZIER_KNOTS.);
#2919 = CARTESIAN_POINT('',(-319.6300376044,-1.016384906736E+03,-5.));
#2920 = CARTESIAN_POINT('',(-327.2312940296,-1.01693443881E+03,-5.));
#2921 = PCURVE('',#2835,#2922);
#2922 = DEFINITIONAL_REPRESENTATION('',(#2923),#2927);
#2923 = LINE('',#2924,#2925);
#2924 = CARTESIAN_POINT('',(0.,0.));
#2925 = VECTOR('',#2926,1.);
#2926 = DIRECTION('',(1.,0.));
#2927 = ( GEOMETRIC_REPRESENTATION_CONTEXT(2) 
PARAMETRIC_REPRESENTATION_CONTEXT() REPRESENTATION_CONTEXT('2D SPACE',''
  ) );
#2928 = PCURVE('',#87,#2929);
#2929 = DEFINITIONAL_REPRESENTATION('',(#2930),#2933);
#2930 = B_SPLINE_CURVE_WITH_KNOTS('',1,(#2931,#2932),.UNSPECIFIED.,.F.,
  .F.,(2,2),(20.,21.),.PIECEWISE_BEZIER_KNOTS.);
#2931 = CARTESIAN_POINT('',(151.05395991268,-2.633151439813));
#2932 = CARTESIAN_POINT('',(158.6644152329,-2.230591429188));
#2933 = ( GEOMETRIC_REPRESENTATION_CONTEXT(2) 
PARAMETRIC_REPRESENTATION_CONTEXT() REPRESENTATION_CONTEXT('2D SPACE',''
  ) );
#2934 = ORIENTED_EDGE('',*,*,#2935,.T.);
#2935 = EDGE_CURVE('',#2915,#2936,#2938,.T.);
#2936 = VERTEX_POINT('',#2937);
#2937 = CARTESIAN_POINT('',(-329.6445190893,-1.068060172525E+03,207.7));
#2938 = SURFACE_CURVE('',#2939,(#2964,#2971),.PCURVE_S1.);
#2939 = ( BOUNDED_CURVE() B_SPLINE_CURVE(3,(#2940,#2941,#2942,#2943,
    #2944,#2945,#2946,#2947,#2948,#2949,#2950,#2951,#2952,#2953,#2954,
    #2955,#2956,#2957,#2958,#2959,#2960,#2961,#2962,#2963),
.UNSPECIFIED.,.F.,.F.) B_SPLINE_CURVE_WITH_KNOTS((4,1,1,1,1,1,1,1,1,1,1,
    1,1,1,1,1,1,1,1,1,1,4),(0.,8.351345992186E-02,0.136371070752,
    0.186631466795,0.236892072307,0.287245985354,0.337546964594,
    0.387892568228,0.438269195911,0.488657983617,0.539039913424,
    0.589390615006,0.639739510443,0.690135953221,0.740567502215,
    0.791001192157,0.824625304057,0.849810563706,0.930093869668,
0.935215837381,0.950554965611,1.),.UNSPECIFIED.) CURVE() 
GEOMETRIC_REPRESENTATION_ITEM() RATIONAL_B_SPLINE_CURVE((1.,
    1.000000000051,0.999999999985,1.000000000003,0.999999999999,1.,1.,1.
    ,1.,1.,1.,1.,1.,1.,1.,1.,1.000000000001,0.999999999998,
    1.000000000008,0.999999999937,1.000000000021,0.999999999406,
1.000000004078,1.)) REPRESENTATION_ITEM('') );
#2940 = CARTESIAN_POINT('',(-327.2312940296,-1.01693443881E+03,-5.));
#2941 = CARTESIAN_POINT('',(-333.9919674646,-1.008665898682E+03,
    8.008717576553));
#2942 = CARTESIAN_POINT('',(-323.330645418,-1.016420754843E+03,
    14.999325035651));
#2943 = CARTESIAN_POINT('',(-331.7198951132,-1.022546738925E+03,
    29.781777604759));
#2944 = CARTESIAN_POINT('',(-335.4898385378,-1.026143547368E+03,
    42.001176541587));
#2945 = CARTESIAN_POINT('',(-339.1682618382,-1.029068114108E+03,
    54.014146905159));
#2946 = CARTESIAN_POINT('',(-345.1247544484,-1.032267282053E+03,
    65.989969999267));
#2947 = CARTESIAN_POINT('',(-348.8032454831,-1.035141011246E+03,
    78.007482310661));
#2948 = CARTESIAN_POINT('',(-353.1286659961,-1.038112116775E+03,
    90.003188093923));
#2949 = CARTESIAN_POINT('',(-357.2877883747,-1.041037375542E+03,
    102.00152178571));
#2950 = CARTESIAN_POINT('',(-361.514664918,-1.044052272729E+03,
    113.99940139363));
#2951 = CARTESIAN_POINT('',(-365.8145133142,-1.047042533373E+03,
    125.99554831415));
#2952 = CARTESIAN_POINT('',(-370.0505839297,-1.050036993634E+03,
    138.00035642969));
#2953 = CARTESIAN_POINT('',(-374.2246067604,-1.053022639502E+03,
    150.00331724818));
#2954 = CARTESIAN_POINT('',(-378.696923755,-1.056055784275E+03,
    162.01546347963));
#2955 = CARTESIAN_POINT('',(-383.0459285148,-1.059047143267E+03,
    173.95824023226));
#2956 = CARTESIAN_POINT('',(-387.570047903,-1.061775883857E+03,
    184.80040122606));
#2957 = CARTESIAN_POINT('',(-389.5669046961,-1.063831275779E+03,
    193.04573531588));
#2958 = CARTESIAN_POINT('',(-399.0168171471,-1.067104846425E+03,
    205.83993582621));
#2959 = CARTESIAN_POINT('',(-364.8324847123,-1.06604078768E+03,
    201.81943362341));
#2960 = CARTESIAN_POINT('',(-353.6992671487,-1.066683297674E+03,
    206.71778633278));
#2961 = CARTESIAN_POINT('',(-348.5354992692,-1.067372658955E+03,
    210.78852743977));
#2962 = CARTESIAN_POINT('',(-306.4599887746,-1.066639158494E+03,
    181.81436335833));
#2963 = CARTESIAN_POINT('',(-329.6445190893,-1.068060172525E+03,207.7));
#2964 = PCURVE('',#2835,#2965);
#2965 = DEFINITIONAL_REPRESENTATION('',(#2966),#2970);
#2966 = LINE('',#2967,#2968);
#2967 = CARTESIAN_POINT('',(21.,0.));
#2968 = VECTOR('',#2969,1.);
#2969 = DIRECTION('',(0.,1.));
#2970 = ( GEOMETRIC_REPRESENTATION_CONTEXT(2) 
PARAMETRIC_REPRESENTATION_CONTEXT() REPRESENTATION_CONTEXT('2D SPACE',''
  ) );
#2971 = PCURVE('',#2972,#3021);
#2972 = ( BOUNDED_SURFACE() B_SPLINE_SURFACE(1,3,(
    (#2973,#2974,#2975,#2976,#2977,#2978,#2979,#2980,#2981,#2982,#2983
      ,#2984,#2985,#2986,#2987,#2988,#2989,#2990,#2991,#2992,#2993,#2994
      ,#2995,#2996)
    ,(#2997,#2998,#2999,#3000,#3001,#3002,#3003,#3004,#3005,#3006,#3007
      ,#3008,#3009,#3010,#3011,#3012,#3013,#3014,#3015,#3016,#3017,#3018
      ,#3019,#3020
)),.UNSPECIFIED.,.F.,.F.,.F.) B_SPLINE_SURFACE_WITH_KNOTS((2,2),(4,1,1,1
    ,1,1,1,1,1,1,1,1,1,1,1,1,1,1,1,1,1,4),(21.,22.),(0.,
    8.351345992186E-02,0.136371070752,0.186631466795,0.236892072307,
    0.287245985354,0.337546964594,0.387892568228,0.438269195911,
    0.488657983617,0.539039913424,0.589390615006,0.639739510443,
    0.690135953221,0.740567502215,0.791001192157,0.824625304057,
    0.849810563706,0.930093869668,0.935215837381,0.950554965611,1.),
.UNSPECIFIED.) GEOMETRIC_REPRESENTATION_ITEM() RATIONAL_B_SPLINE_SURFACE
((
    (1.,1.000000000051,0.999999999985,1.000000000003,0.999999999999,1.
      ,1.,1.,1.,1.,1.,1.,1.,1.,1.,1.,1.000000000001,0.999999999998
      ,1.000000000008,0.999999999937,1.000000000021,0.999999999406
      ,1.000000004078,1.)
    ,(1.,1.000000000051,0.999999999985,1.000000000003,0.999999999999,1.
      ,1.,1.,1.,1.,1.,1.,1.,1.,1.,1.,1.000000000001,0.999999999998
      ,1.000000000008,0.999999999937,1.000000000021,0.999999999406
,1.000000004078,1.))) REPRESENTATION_ITEM('') SURFACE() );
#2973 = CARTESIAN_POINT('',(-327.2312940296,-1.01693443881E+03,-5.));
#2974 = CARTESIAN_POINT('',(-333.9919674646,-1.008665898682E+03,
    8.008717576553));
#2975 = CARTESIAN_POINT('',(-323.330645418,-1.016420754843E+03,
    14.999325035651));
#2976 = CARTESIAN_POINT('',(-331.7198951132,-1.022546738925E+03,
    29.781777604759));
#2977 = CARTESIAN_POINT('',(-335.4898385378,-1.026143547368E+03,
    42.001176541587));
#2978 = CARTESIAN_POINT('',(-339.1682618382,-1.029068114108E+03,
    54.014146905159));
#2979 = CARTESIAN_POINT('',(-345.1247544484,-1.032267282053E+03,
    65.989969999267));
#2980 = CARTESIAN_POINT('',(-348.8032454831,-1.035141011246E+03,
    78.007482310661));
#2981 = CARTESIAN_POINT('',(-353.1286659961,-1.038112116775E+03,
    90.003188093923));
#2982 = CARTESIAN_POINT('',(-357.2877883747,-1.041037375542E+03,
    102.00152178571));
#2983 = CARTESIAN_POINT('',(-361.514664918,-1.044052272729E+03,
    113.99940139363));
#2984 = CARTESIAN_POINT('',(-365.8145133142,-1.047042533373E+03,
    125.99554831415));
#2985 = CARTESIAN_POINT('',(-370.0505839297,-1.050036993634E+03,
    138.00035642969));
#2986 = CARTESIAN_POINT('',(-374.2246067604,-1.053022639502E+03,
    150.00331724818));
#2987 = CARTESIAN_POINT('',(-378.696923755,-1.056055784275E+03,
    162.01546347963));
#2988 = CARTESIAN_POINT('',(-383.0459285148,-1.059047143267E+03,
    173.95824023226));
#2989 = CARTESIAN_POINT('',(-387.570047903,-1.061775883857E+03,
    184.80040122606));
#2990 = CARTESIAN_POINT('',(-389.5669046961,-1.063831275779E+03,
    193.04573531588));
#2991 = CARTESIAN_POINT('',(-399.0168171471,-1.067104846425E+03,
    205.83993582621));
#2992 = CARTESIAN_POINT('',(-364.8324847123,-1.06604078768E+03,
    201.81943362341));
#2993 = CARTESIAN_POINT('',(-353.6992671487,-1.066683297674E+03,
    206.71778633278));
#2994 = CARTESIAN_POINT('',(-348.5354992692,-1.067372658955E+03,
    210.78852743977));
#2995 = CARTESIAN_POINT('',(-306.4599887746,-1.066639158494E+03,
    181.81436335833));
#2996 = CARTESIAN_POINT('',(-329.6445190893,-1.068060172525E+03,207.7));
#2997 = CARTESIAN_POINT('',(-334.822045333,-1.017616071017E+03,-5.));
#2998 = CARTESIAN_POINT('',(-341.5961158554,-1.015495813457E+03,
    8.008717576553));
#2999 = CARTESIAN_POINT('',(-331.0210528294,-1.01549441394E+03,
    14.999325035651));
#3000 = CARTESIAN_POINT('',(-339.0939303785,-1.023235935296E+03,
    29.781777604759));
#3001 = CARTESIAN_POINT('',(-342.6638723238,-1.027233519305E+03,
    42.001176541587));
#3002 = CARTESIAN_POINT('',(-346.1697319129,-1.030033309245E+03,
    54.014146905159));
#3003 = CARTESIAN_POINT('',(-351.9318454727,-1.033320936882E+03,
    65.989969999267));
#3004 = CARTESIAN_POINT('',(-355.4656502008,-1.035881450165E+03,
    78.007482310661));
#3005 = CARTESIAN_POINT('',(-359.6042628,-1.038846087188E+03,
    90.003188093923));
#3006 = CARTESIAN_POINT('',(-363.5884123399,-1.041674908871E+03,
    102.00152178571));
#3007 = CARTESIAN_POINT('',(-367.6331406566,-1.044686750365E+03,
    113.99940139363));
#3008 = CARTESIAN_POINT('',(-371.7449991885,-1.047714381952E+03,
    125.99554831415));
#3009 = CARTESIAN_POINT('',(-375.7930490209,-1.050726851021E+03,
    138.00035642969));
#3010 = CARTESIAN_POINT('',(-379.7840989792,-1.053684013055E+03,
    150.00331724818));
#3011 = CARTESIAN_POINT('',(-384.073769728,-1.056690978878E+03,
    162.01546347963));
#3012 = CARTESIAN_POINT('',(-388.2383892339,-1.05964875113E+03,
    173.95824023226));
#3013 = CARTESIAN_POINT('',(-392.6150313856,-1.062346633264E+03,
    184.80040122606));
#3014 = CARTESIAN_POINT('',(-394.4529809316,-1.064351655628E+03,
    193.04573531588));
#3015 = CARTESIAN_POINT('',(-403.8824200151,-1.067490744351E+03,
    205.83993582621));
#3016 = CARTESIAN_POINT('',(-368.5787554624,-1.066600859826E+03,
    201.81943362341));
#3017 = CARTESIAN_POINT('',(-356.3476380697,-1.067078423468E+03,
    206.71778633278));
#3018 = CARTESIAN_POINT('',(-350.4123938531,-1.067611607674E+03,
    210.78852743977));
#3019 = CARTESIAN_POINT('',(-306.3434007333,-1.066909067579E+03,
    181.81436335833));
#3020 = CARTESIAN_POINT('',(-329.9372124314,-1.068103775085E+03,207.7));
#3021 = DEFINITIONAL_REPRESENTATION('',(#3022),#3026);
#3022 = LINE('',#3023,#3024);
#3023 = CARTESIAN_POINT('',(21.,0.));
#3024 = VECTOR('',#3025,1.);
#3025 = DIRECTION('',(0.,1.));
#3026 = ( GEOMETRIC_REPRESENTATION_CONTEXT(2) 
PARAMETRIC_REPRESENTATION_CONTEXT() REPRESENTATION_CONTEXT('2D SPACE',''
  ) );
#3027 = ORIENTED_EDGE('',*,*,#3028,.F.);
#3028 = EDGE_CURVE('',#2799,#2936,#3029,.T.);
#3029 = SURFACE_CURVE('',#3030,(#3033,#3040),.PCURVE_S1.);
#3030 = B_SPLINE_CURVE_WITH_KNOTS('',1,(#3031,#3032),.UNSPECIFIED.,.F.,
  .F.,(2,2),(20.,21.),.PIECEWISE_BEZIER_KNOTS.);
#3031 = CARTESIAN_POINT('',(-329.3510247513,-1.068015740524E+03,207.7));
#3032 = CARTESIAN_POINT('',(-329.6445190893,-1.068060172525E+03,207.7));
#3033 = PCURVE('',#2835,#3034);
#3034 = DEFINITIONAL_REPRESENTATION('',(#3035),#3039);
#3035 = LINE('',#3036,#3037);
#3036 = CARTESIAN_POINT('',(0.,1.));
#3037 = VECTOR('',#3038,1.);
#3038 = DIRECTION('',(1.,0.));
#3039 = ( GEOMETRIC_REPRESENTATION_CONTEXT(2) 
PARAMETRIC_REPRESENTATION_CONTEXT() REPRESENTATION_CONTEXT('2D SPACE',''
  ) );
#3040 = PCURVE('',#206,#3041);
#3041 = DEFINITIONAL_REPRESENTATION('',(#3042),#3045);
#3042 = B_SPLINE_CURVE_WITH_KNOTS('',1,(#3043,#3044),.UNSPECIFIED.,.F.,
  .F.,(2,2),(20.,21.),.PIECEWISE_BEZIER_KNOTS.);
#3043 = CARTESIAN_POINT('',(5.896558628731,-0.228685419533));
#3044 = CARTESIAN_POINT('',(6.19190747477,-0.19898376605));
#3045 = ( GEOMETRIC_REPRESENTATION_CONTEXT(2) 
PARAMETRIC_REPRESENTATION_CONTEXT() REPRESENTATION_CONTEXT('2D SPACE',''
  ) );
#3046 = ORIENTED_EDGE('',*,*,#2798,.F.);
#3047 = ADVANCED_FACE('',(#3048),#2972,.T.);
#3048 = FACE_BOUND('',#3049,.T.);
#3049 = EDGE_LOOP('',(#3050,#3071,#3164,#3183));
#3050 = ORIENTED_EDGE('',*,*,#3051,.T.);
#3051 = EDGE_CURVE('',#2915,#3052,#3054,.T.);
#3052 = VERTEX_POINT('',#3053);
#3053 = CARTESIAN_POINT('',(-334.822045333,-1.017616071017E+03,-5.));
#3054 = SURFACE_CURVE('',#3055,(#3058,#3065),.PCURVE_S1.);
#3055 = B_SPLINE_CURVE_WITH_KNOTS('',1,(#3056,#3057),.UNSPECIFIED.,.F.,
  .F.,(2,2),(21.,22.),.PIECEWISE_BEZIER_KNOTS.);
#3056 = CARTESIAN_POINT('',(-327.2312940296,-1.01693443881E+03,-5.));
#3057 = CARTESIAN_POINT('',(-334.822045333,-1.017616071017E+03,-5.));
#3058 = PCURVE('',#2972,#3059);
#3059 = DEFINITIONAL_REPRESENTATION('',(#3060),#3064);
#3060 = LINE('',#3061,#3062);
#3061 = CARTESIAN_POINT('',(0.,0.));
#3062 = VECTOR('',#3063,1.);
#3063 = DIRECTION('',(1.,0.));
#3064 = ( GEOMETRIC_REPRESENTATION_CONTEXT(2) 
PARAMETRIC_REPRESENTATION_CONTEXT() REPRESENTATION_CONTEXT('2D SPACE',''
  ) );
#3065 = PCURVE('',#87,#3066);
#3066 = DEFINITIONAL_REPRESENTATION('',(#3067),#3070);
#3067 = B_SPLINE_CURVE_WITH_KNOTS('',1,(#3068,#3069),.UNSPECIFIED.,.F.,
  .F.,(2,2),(21.,22.),.PIECEWISE_BEZIER_KNOTS.);
#3068 = CARTESIAN_POINT('',(158.6644152329,-2.230591429188));
#3069 = CARTESIAN_POINT('',(166.26691979639,-1.695752969255));
#3070 = ( GEOMETRIC_REPRESENTATION_CONTEXT(2) 
PARAMETRIC_REPRESENTATION_CONTEXT() REPRESENTATION_CONTEXT('2D SPACE',''
  ) );
#3071 = ORIENTED_EDGE('',*,*,#3072,.T.);
#3072 = EDGE_CURVE('',#3052,#3073,#3075,.T.);
#3073 = VERTEX_POINT('',#3074);
#3074 = CARTESIAN_POINT('',(-329.9372124314,-1.068103775085E+03,207.7));
#3075 = SURFACE_CURVE('',#3076,(#3101,#3108),.PCURVE_S1.);
#3076 = ( BOUNDED_CURVE() B_SPLINE_CURVE(3,(#3077,#3078,#3079,#3080,
    #3081,#3082,#3083,#3084,#3085,#3086,#3087,#3088,#3089,#3090,#3091,
    #3092,#3093,#3094,#3095,#3096,#3097,#3098,#3099,#3100),
.UNSPECIFIED.,.F.,.F.) B_SPLINE_CURVE_WITH_KNOTS((4,1,1,1,1,1,1,1,1,1,1,
    1,1,1,1,1,1,1,1,1,1,4),(0.,8.351345992186E-02,0.136371070752,
    0.186631466795,0.236892072307,0.287245985354,0.337546964594,
    0.387892568228,0.438269195911,0.488657983617,0.539039913424,
    0.589390615006,0.639739510443,0.690135953221,0.740567502215,
    0.791001192157,0.824625304057,0.849810563706,0.930093869668,
0.935215837381,0.950554965611,1.),.UNSPECIFIED.) CURVE() 
GEOMETRIC_REPRESENTATION_ITEM() RATIONAL_B_SPLINE_CURVE((1.,
    1.000000000051,0.999999999985,1.000000000003,0.999999999999,1.,1.,1.
    ,1.,1.,1.,1.,1.,1.,1.,1.,1.000000000001,0.999999999998,
    1.000000000008,0.999999999937,1.000000000021,0.999999999406,
1.000000004078,1.)) REPRESENTATION_ITEM('') );
#3077 = CARTESIAN_POINT('',(-334.822045333,-1.017616071017E+03,-5.));
#3078 = CARTESIAN_POINT('',(-341.5961158554,-1.015495813457E+03,
    8.008717576553));
#3079 = CARTESIAN_POINT('',(-331.0210528294,-1.01549441394E+03,
    14.999325035651));
#3080 = CARTESIAN_POINT('',(-339.0939303785,-1.023235935296E+03,
    29.781777604759));
#3081 = CARTESIAN_POINT('',(-342.6638723238,-1.027233519305E+03,
    42.001176541587));
#3082 = CARTESIAN_POINT('',(-346.1697319129,-1.030033309245E+03,
    54.014146905159));
#3083 = CARTESIAN_POINT('',(-351.9318454727,-1.033320936882E+03,
    65.989969999267));
#3084 = CARTESIAN_POINT('',(-355.4656502008,-1.035881450165E+03,
    78.007482310661));
#3085 = CARTESIAN_POINT('',(-359.6042628,-1.038846087188E+03,
    90.003188093923));
#3086 = CARTESIAN_POINT('',(-363.5884123399,-1.041674908871E+03,
    102.00152178571));
#3087 = CARTESIAN_POINT('',(-367.6331406566,-1.044686750365E+03,
    113.99940139363));
#3088 = CARTESIAN_POINT('',(-371.7449991885,-1.047714381952E+03,
    125.99554831415));
#3089 = CARTESIAN_POINT('',(-375.7930490209,-1.050726851021E+03,
    138.00035642969));
#3090 = CARTESIAN_POINT('',(-379.7840989792,-1.053684013055E+03,
    150.00331724818));
#3091 = CARTESIAN_POINT('',(-384.073769728,-1.056690978878E+03,
    162.01546347963));
#3092 = CARTESIAN_POINT('',(-388.2383892339,-1.05964875113E+03,
    173.95824023226));
#3093 = CARTESIAN_POINT('',(-392.6150313856,-1.062346633264E+03,
    184.80040122606));
#3094 = CARTESIAN_POINT('',(-394.4529809316,-1.064351655628E+03,
    193.04573531588));
#3095 = CARTESIAN_POINT('',(-403.8824200151,-1.067490744351E+03,
    205.83993582621));
#3096 = CARTESIAN_POINT('',(-368.5787554624,-1.066600859826E+03,
    201.81943362341));
#3097 = CARTESIAN_POINT('',(-356.3476380697,-1.067078423468E+03,
    206.71778633278));
#3098 = CARTESIAN_POINT('',(-350.4123938531,-1.067611607674E+03,
    210.78852743977));
#3099 = CARTESIAN_POINT('',(-306.3434007333,-1.066909067579E+03,
    181.81436335833));
#3100 = CARTESIAN_POINT('',(-329.9372124314,-1.068103775085E+03,207.7));
#3101 = PCURVE('',#2972,#3102);
#3102 = DEFINITIONAL_REPRESENTATION('',(#3103),#3107);
#3103 = LINE('',#3104,#3105);
#3104 = CARTESIAN_POINT('',(22.,0.));
#3105 = VECTOR('',#3106,1.);
#3106 = DIRECTION('',(0.,1.));
#3107 = ( GEOMETRIC_REPRESENTATION_CONTEXT(2) 
PARAMETRIC_REPRESENTATION_CONTEXT() REPRESENTATION_CONTEXT('2D SPACE',''
  ) );
#3108 = PCURVE('',#3109,#3158);
#3109 = ( BOUNDED_SURFACE() B_SPLINE_SURFACE(1,3,(
    (#3110,#3111,#3112,#3113,#3114,#3115,#3116,#3117,#3118,#3119,#3120
      ,#3121,#3122,#3123,#3124,#3125,#3126,#3127,#3128,#3129,#3130,#3131
      ,#3132,#3133)
    ,(#3134,#3135,#3136,#3137,#3138,#3139,#3140,#3141,#3142,#3143,#3144
      ,#3145,#3146,#3147,#3148,#3149,#3150,#3151,#3152,#3153,#3154,#3155
      ,#3156,#3157
)),.UNSPECIFIED.,.F.,.F.,.F.) B_SPLINE_SURFACE_WITH_KNOTS((2,2),(4,1,1,1
    ,1,1,1,1,1,1,1,1,1,1,1,1,1,1,1,1,1,4),(22.,23.),(0.,
    8.351345992186E-02,0.136371070752,0.186631466795,0.236892072307,
    0.287245985354,0.337546964594,0.387892568228,0.438269195911,
    0.488657983617,0.539039913424,0.589390615006,0.639739510443,
    0.690135953221,0.740567502215,0.791001192157,0.824625304057,
    0.849810563706,0.930093869668,0.935215837381,0.950554965611,1.),
.UNSPECIFIED.) GEOMETRIC_REPRESENTATION_ITEM() RATIONAL_B_SPLINE_SURFACE
((
    (1.,1.000000000051,0.999999999985,1.000000000003,0.999999999999,1.
      ,1.,1.,1.,1.,1.,1.,1.,1.,1.,1.,1.000000000001,0.999999999998
      ,1.000000000008,0.999999999937,1.000000000021,0.999999999406
      ,1.000000004078,1.)
    ,(1.,1.000000000051,0.999999999985,1.000000000003,0.999999999999,1.
      ,1.,1.,1.,1.,1.,1.,1.,1.,1.,1.,1.000000000001,0.999999999998
      ,1.000000000008,0.999999999937,1.000000000021,0.999999999406
,1.000000004078,1.))) REPRESENTATION_ITEM('') SURFACE() );
#3110 = CARTESIAN_POINT('',(-334.822045333,-1.017616071017E+03,-5.));
#3111 = CARTESIAN_POINT('',(-341.5961158554,-1.015495813457E+03,
    8.008717576553));
#3112 = CARTESIAN_POINT('',(-331.0210528294,-1.01549441394E+03,
    14.999325035651));
#3113 = CARTESIAN_POINT('',(-339.0939303785,-1.023235935296E+03,
    29.781777604759));
#3114 = CARTESIAN_POINT('',(-342.6638723238,-1.027233519305E+03,
    42.001176541587));
#3115 = CARTESIAN_POINT('',(-346.1697319129,-1.030033309245E+03,
    54.014146905159));
#3116 = CARTESIAN_POINT('',(-351.9318454727,-1.033320936882E+03,
    65.989969999267));
#3117 = CARTESIAN_POINT('',(-355.4656502008,-1.035881450165E+03,
    78.007482310661));
#3118 = CARTESIAN_POINT('',(-359.6042628,-1.038846087188E+03,
    90.003188093923));
#3119 = CARTESIAN_POINT('',(-363.5884123399,-1.041674908871E+03,
    102.00152178571));
#3120 = CARTESIAN_POINT('',(-367.6331406566,-1.044686750365E+03,
    113.99940139363));
#3121 = CARTESIAN_POINT('',(-371.7449991885,-1.047714381952E+03,
    125.99554831415));
#3122 = CARTESIAN_POINT('',(-375.7930490209,-1.050726851021E+03,
    138.00035642969));
#3123 = CARTESIAN_POINT('',(-379.7840989792,-1.053684013055E+03,
    150.00331724818));
#3124 = CARTESIAN_POINT('',(-384.073769728,-1.056690978878E+03,
    162.01546347963));
#3125 = CARTESIAN_POINT('',(-388.2383892339,-1.05964875113E+03,
    173.95824023226));
#3126 = CARTESIAN_POINT('',(-392.6150313856,-1.062346633264E+03,
    184.80040122606));
#3127 = CARTESIAN_POINT('',(-394.4529809316,-1.064351655628E+03,
    193.04573531588));
#3128 = CARTESIAN_POINT('',(-403.8824200151,-1.067490744351E+03,
    205.83993582621));
#3129 = CARTESIAN_POINT('',(-368.5787554624,-1.066600859826E+03,
    201.81943362341));
#3130 = CARTESIAN_POINT('',(-356.3476380697,-1.067078423468E+03,
    206.71778633278));
#3131 = CARTESIAN_POINT('',(-350.4123938531,-1.067611607674E+03,
    210.78852743977));
#3132 = CARTESIAN_POINT('',(-306.3434007333,-1.066909067579E+03,
    181.81436335833));
#3133 = CARTESIAN_POINT('',(-329.9372124314,-1.068103775085E+03,207.7));
#3134 = CARTESIAN_POINT('',(-341.2841954298,-1.019437023889E+03,-5.));
#3135 = CARTESIAN_POINT('',(-338.6376875232,-1.019970063399E+03,
    8.008717576553));
#3136 = CARTESIAN_POINT('',(-340.3725700936,-1.01618405215E+03,
    14.999325035651));
#3137 = CARTESIAN_POINT('',(-344.6503653535,-1.025979086807E+03,
    29.781777604759));
#3138 = CARTESIAN_POINT('',(-348.7962762327,-1.029775675462E+03,
    42.001176541587));
#3139 = CARTESIAN_POINT('',(-352.7333080303,-1.032400849662E+03,
    54.014146905159));
#3140 = CARTESIAN_POINT('',(-356.4367984942,-1.036594571469E+03,
    65.989969999267));
#3141 = CARTESIAN_POINT('',(-360.4711423028,-1.038601781254E+03,
    78.007482310661));
#3142 = CARTESIAN_POINT('',(-364.448613253,-1.041293408898E+03,
    90.003188093923));
#3143 = CARTESIAN_POINT('',(-368.4657142171,-1.044186309846E+03,
    102.00152178571));
#3144 = CARTESIAN_POINT('',(-372.4095858221,-1.047083469486E+03,
    113.99940139363));
#3145 = CARTESIAN_POINT('',(-376.3784695535,-1.050068445826E+03,
    125.99554831415));
#3146 = CARTESIAN_POINT('',(-380.2801622015,-1.053000268634E+03,
    138.00035642969));
#3147 = CARTESIAN_POINT('',(-384.2784304177,-1.055838335019E+03,
    150.00331724818));
#3148 = CARTESIAN_POINT('',(-388.2250403417,-1.058940393258E+03,
    162.01546347963));
#3149 = CARTESIAN_POINT('',(-391.9985391181,-1.062021968324E+03,
    173.95824023226));
#3150 = CARTESIAN_POINT('',(-395.9703512084,-1.064859163172E+03,
    184.80040122606));
#3151 = CARTESIAN_POINT('',(-397.5582642007,-1.066948712472E+03,
    193.04573531588));
#3152 = CARTESIAN_POINT('',(-406.2373010613,-1.070500703665E+03,
    205.83993582621));
#3153 = CARTESIAN_POINT('',(-371.0737421974,-1.068905746295E+03,
    201.81943362341));
#3154 = CARTESIAN_POINT('',(-358.1102632404,-1.068707054128E+03,
    206.71778633278));
#3155 = CARTESIAN_POINT('',(-351.5462263577,-1.068775518539E+03,
    210.78852743977));
#3156 = CARTESIAN_POINT('',(-307.0700048766,-1.06677169709E+03,
    181.81436335833));
#3157 = CARTESIAN_POINT('',(-330.1318103416,-1.068283800657E+03,207.7));
#3158 = DEFINITIONAL_REPRESENTATION('',(#3159),#3163);
#3159 = LINE('',#3160,#3161);
#3160 = CARTESIAN_POINT('',(22.,0.));
#3161 = VECTOR('',#3162,1.);
#3162 = DIRECTION('',(0.,1.));
#3163 = ( GEOMETRIC_REPRESENTATION_CONTEXT(2) 
PARAMETRIC_REPRESENTATION_CONTEXT() REPRESENTATION_CONTEXT('2D SPACE',''
  ) );
#3164 = ORIENTED_EDGE('',*,*,#3165,.F.);
#3165 = EDGE_CURVE('',#2936,#3073,#3166,.T.);
#3166 = SURFACE_CURVE('',#3167,(#3170,#3177),.PCURVE_S1.);
#3167 = B_SPLINE_CURVE_WITH_KNOTS('',1,(#3168,#3169),.UNSPECIFIED.,.F.,
  .F.,(2,2),(21.,22.),.PIECEWISE_BEZIER_KNOTS.);
#3168 = CARTESIAN_POINT('',(-329.6445190893,-1.068060172525E+03,207.7));
#3169 = CARTESIAN_POINT('',(-329.9372124314,-1.068103775085E+03,207.7));
#3170 = PCURVE('',#2972,#3171);
#3171 = DEFINITIONAL_REPRESENTATION('',(#3172),#3176);
#3172 = LINE('',#3173,#3174);
#3173 = CARTESIAN_POINT('',(0.,1.));
#3174 = VECTOR('',#3175,1.);
#3175 = DIRECTION('',(1.,0.));
#3176 = ( GEOMETRIC_REPRESENTATION_CONTEXT(2) 
PARAMETRIC_REPRESENTATION_CONTEXT() REPRESENTATION_CONTEXT('2D SPACE',''
  ) );
#3177 = PCURVE('',#206,#3178);
#3178 = DEFINITIONAL_REPRESENTATION('',(#3179),#3182);
#3179 = B_SPLINE_CURVE_WITH_KNOTS('',1,(#3180,#3181),.UNSPECIFIED.,.F.,
  .F.,(2,2),(21.,22.),.PIECEWISE_BEZIER_KNOTS.);
#3180 = CARTESIAN_POINT('',(6.19190747477,-0.19898376605));
#3181 = CARTESIAN_POINT('',(6.486414854661,-0.170070465991));
#3182 = ( GEOMETRIC_REPRESENTATION_CONTEXT(2) 
PARAMETRIC_REPRESENTATION_CONTEXT() REPRESENTATION_CONTEXT('2D SPACE',''
  ) );
#3183 = ORIENTED_EDGE('',*,*,#2935,.F.);
#3184 = ADVANCED_FACE('',(#3185),#3109,.T.);
#3185 = FACE_BOUND('',#3186,.T.);
#3186 = EDGE_LOOP('',(#3187,#3208,#3301,#3320));
#3187 = ORIENTED_EDGE('',*,*,#3188,.T.);
#3188 = EDGE_CURVE('',#3052,#3189,#3191,.T.);
#3189 = VERTEX_POINT('',#3190);
#3190 = CARTESIAN_POINT('',(-341.2841954298,-1.019437023889E+03,-5.));
#3191 = SURFACE_CURVE('',#3192,(#3195,#3202),.PCURVE_S1.);
#3192 = B_SPLINE_CURVE_WITH_KNOTS('',1,(#3193,#3194),.UNSPECIFIED.,.F.,
  .F.,(2,2),(22.,23.),.PIECEWISE_BEZIER_KNOTS.);
#3193 = CARTESIAN_POINT('',(-334.822045333,-1.017616071017E+03,-5.));
#3194 = CARTESIAN_POINT('',(-341.2841954298,-1.019437023889E+03,-5.));
#3195 = PCURVE('',#3109,#3196);
#3196 = DEFINITIONAL_REPRESENTATION('',(#3197),#3201);
#3197 = LINE('',#3198,#3199);
#3198 = CARTESIAN_POINT('',(0.,0.));
#3199 = VECTOR('',#3200,1.);
#3200 = DIRECTION('',(1.,0.));
#3201 = ( GEOMETRIC_REPRESENTATION_CONTEXT(2) 
PARAMETRIC_REPRESENTATION_CONTEXT() REPRESENTATION_CONTEXT('2D SPACE',''
  ) );
#3202 = PCURVE('',#87,#3203);
#3203 = DEFINITIONAL_REPRESENTATION('',(#3204),#3207);
#3204 = B_SPLINE_CURVE_WITH_KNOTS('',1,(#3205,#3206),.UNSPECIFIED.,.F.,
  .F.,(2,2),(22.,23.),.PIECEWISE_BEZIER_KNOTS.);
#3205 = CARTESIAN_POINT('',(166.26691979639,-1.695752969255));
#3206 = CARTESIAN_POINT('',(172.76304749689,0.));
#3207 = ( GEOMETRIC_REPRESENTATION_CONTEXT(2) 
PARAMETRIC_REPRESENTATION_CONTEXT() REPRESENTATION_CONTEXT('2D SPACE',''
  ) );
#3208 = ORIENTED_EDGE('',*,*,#3209,.T.);
#3209 = EDGE_CURVE('',#3189,#3210,#3212,.T.);
#3210 = VERTEX_POINT('',#3211);
#3211 = CARTESIAN_POINT('',(-330.1318103416,-1.068283800657E+03,207.7));
#3212 = SURFACE_CURVE('',#3213,(#3238,#3245),.PCURVE_S1.);
#3213 = ( BOUNDED_CURVE() B_SPLINE_CURVE(3,(#3214,#3215,#3216,#3217,
    #3218,#3219,#3220,#3221,#3222,#3223,#3224,#3225,#3226,#3227,#3228,
    #3229,#3230,#3231,#3232,#3233,#3234,#3235,#3236,#3237),
.UNSPECIFIED.,.F.,.F.) B_SPLINE_CURVE_WITH_KNOTS((4,1,1,1,1,1,1,1,1,1,1,
    1,1,1,1,1,1,1,1,1,1,4),(0.,8.351345992186E-02,0.136371070752,
    0.186631466795,0.236892072307,0.287245985354,0.337546964594,
    0.387892568228,0.438269195911,0.488657983617,0.539039913424,
    0.589390615006,0.639739510443,0.690135953221,0.740567502215,
    0.791001192157,0.824625304057,0.849810563706,0.930093869668,
0.935215837381,0.950554965611,1.),.UNSPECIFIED.) CURVE() 
GEOMETRIC_REPRESENTATION_ITEM() RATIONAL_B_SPLINE_CURVE((1.,
    1.000000000051,0.999999999985,1.000000000003,0.999999999999,1.,1.,1.
    ,1.,1.,1.,1.,1.,1.,1.,1.,1.000000000001,0.999999999998,
    1.000000000008,0.999999999937,1.000000000021,0.999999999406,
1.000000004078,1.)) REPRESENTATION_ITEM('') );
#3214 = CARTESIAN_POINT('',(-341.2841954298,-1.019437023889E+03,-5.));
#3215 = CARTESIAN_POINT('',(-338.6376875232,-1.019970063399E+03,
    8.008717576553));
#3216 = CARTESIAN_POINT('',(-340.3725700936,-1.01618405215E+03,
    14.999325035651));
#3217 = CARTESIAN_POINT('',(-344.6503653535,-1.025979086807E+03,
    29.781777604759));
#3218 = CARTESIAN_POINT('',(-348.7962762327,-1.029775675462E+03,
    42.001176541587));
#3219 = CARTESIAN_POINT('',(-352.7333080303,-1.032400849662E+03,
    54.014146905159));
#3220 = CARTESIAN_POINT('',(-356.4367984942,-1.036594571469E+03,
    65.989969999267));
#3221 = CARTESIAN_POINT('',(-360.4711423028,-1.038601781254E+03,
    78.007482310661));
#3222 = CARTESIAN_POINT('',(-364.448613253,-1.041293408898E+03,
    90.003188093923));
#3223 = CARTESIAN_POINT('',(-368.4657142171,-1.044186309846E+03,
    102.00152178571));
#3224 = CARTESIAN_POINT('',(-372.4095858221,-1.047083469486E+03,
    113.99940139363));
#3225 = CARTESIAN_POINT('',(-376.3784695535,-1.050068445826E+03,
    125.99554831415));
#3226 = CARTESIAN_POINT('',(-380.2801622015,-1.053000268634E+03,
    138.00035642969));
#3227 = CARTESIAN_POINT('',(-384.2784304177,-1.055838335019E+03,
    150.00331724818));
#3228 = CARTESIAN_POINT('',(-388.2250403417,-1.058940393258E+03,
    162.01546347963));
#3229 = CARTESIAN_POINT('',(-391.9985391181,-1.062021968324E+03,
    173.95824023226));
#3230 = CARTESIAN_POINT('',(-395.9703512084,-1.064859163172E+03,
    184.80040122606));
#3231 = CARTESIAN_POINT('',(-397.5582642007,-1.066948712472E+03,
    193.04573531588));
#3232 = CARTESIAN_POINT('',(-406.2373010613,-1.070500703665E+03,
    205.83993582621));
#3233 = CARTESIAN_POINT('',(-371.0737421974,-1.068905746295E+03,
    201.81943362341));
#3234 = CARTESIAN_POINT('',(-358.1102632404,-1.068707054128E+03,
    206.71778633278));
#3235 = CARTESIAN_POINT('',(-351.5462263577,-1.068775518539E+03,
    210.78852743977));
#3236 = CARTESIAN_POINT('',(-307.0700048766,-1.06677169709E+03,
    181.81436335833));
#3237 = CARTESIAN_POINT('',(-330.1318103416,-1.068283800657E+03,207.7));
#3238 = PCURVE('',#3109,#3239);
#3239 = DEFINITIONAL_REPRESENTATION('',(#3240),#3244);
#3240 = LINE('',#3241,#3242);
#3241 = CARTESIAN_POINT('',(23.,0.));
#3242 = VECTOR('',#3243,1.);
#3243 = DIRECTION('',(0.,1.));
#3244 = ( GEOMETRIC_REPRESENTATION_CONTEXT(2) 
PARAMETRIC_REPRESENTATION_CONTEXT() REPRESENTATION_CONTEXT('2D SPACE',''
  ) );
#3245 = PCURVE('',#3246,#3295);
#3246 = ( BOUNDED_SURFACE() B_SPLINE_SURFACE(1,3,(
    (#3247,#3248,#3249,#3250,#3251,#3252,#3253,#3254,#3255,#3256,#3257
      ,#3258,#3259,#3260,#3261,#3262,#3263,#3264,#3265,#3266,#3267,#3268
      ,#3269,#3270)
    ,(#3271,#3272,#3273,#3274,#3275,#3276,#3277,#3278,#3279,#3280,#3281
      ,#3282,#3283,#3284,#3285,#3286,#3287,#3288,#3289,#3290,#3291,#3292
      ,#3293,#3294
)),.UNSPECIFIED.,.F.,.F.,.F.) B_SPLINE_SURFACE_WITH_KNOTS((2,2),(4,1,1,1
    ,1,1,1,1,1,1,1,1,1,1,1,1,1,1,1,1,1,4),(23.,24.),(0.,
    8.351345992186E-02,0.136371070752,0.186631466795,0.236892072307,
    0.287245985354,0.337546964594,0.387892568228,0.438269195911,
    0.488657983617,0.539039913424,0.589390615006,0.639739510443,
    0.690135953221,0.740567502215,0.791001192157,0.824625304057,
    0.849810563706,0.930093869668,0.935215837381,0.950554965611,1.),
.UNSPECIFIED.) GEOMETRIC_REPRESENTATION_ITEM() RATIONAL_B_SPLINE_SURFACE
((
    (1.,1.000000000051,0.999999999985,1.000000000003,0.999999999999,1.
      ,1.,1.,1.,1.,1.,1.,1.,1.,1.,1.,1.000000000001,0.999999999998
      ,1.000000000008,0.999999999937,1.000000000021,0.999999999406
      ,1.000000004078,1.)
    ,(1.,1.000000000051,0.999999999985,1.000000000003,0.999999999999,1.
      ,1.,1.,1.,1.,1.,1.,1.,1.,1.,1.,1.000000000001,0.999999999998
      ,1.000000000008,0.999999999937,1.000000000021,0.999999999406
,1.000000004078,1.))) REPRESENTATION_ITEM('') SURFACE() );
#3247 = CARTESIAN_POINT('',(-341.2841954298,-1.019437023889E+03,-5.));
#3248 = CARTESIAN_POINT('',(-338.6376875232,-1.019970063399E+03,
    8.008717576553));
#3249 = CARTESIAN_POINT('',(-340.3725700936,-1.01618405215E+03,
    14.999325035651));
#3250 = CARTESIAN_POINT('',(-344.6503653535,-1.025979086807E+03,
    29.781777604759));
#3251 = CARTESIAN_POINT('',(-348.7962762327,-1.029775675462E+03,
    42.001176541587));
#3252 = CARTESIAN_POINT('',(-352.7333080303,-1.032400849662E+03,
    54.014146905159));
#3253 = CARTESIAN_POINT('',(-356.4367984942,-1.036594571469E+03,
    65.989969999267));
#3254 = CARTESIAN_POINT('',(-360.4711423028,-1.038601781254E+03,
    78.007482310661));
#3255 = CARTESIAN_POINT('',(-364.448613253,-1.041293408898E+03,
    90.003188093923));
#3256 = CARTESIAN_POINT('',(-368.4657142171,-1.044186309846E+03,
    102.00152178571));
#3257 = CARTESIAN_POINT('',(-372.4095858221,-1.047083469486E+03,
    113.99940139363));
#3258 = CARTESIAN_POINT('',(-376.3784695535,-1.050068445826E+03,
    125.99554831415));
#3259 = CARTESIAN_POINT('',(-380.2801622015,-1.053000268634E+03,
    138.00035642969));
#3260 = CARTESIAN_POINT('',(-384.2784304177,-1.055838335019E+03,
    150.00331724818));
#3261 = CARTESIAN_POINT('',(-388.2250403417,-1.058940393258E+03,
    162.01546347963));
#3262 = CARTESIAN_POINT('',(-391.9985391181,-1.062021968324E+03,
    173.95824023226));
#3263 = CARTESIAN_POINT('',(-395.9703512084,-1.064859163172E+03,
    184.80040122606));
#3264 = CARTESIAN_POINT('',(-397.5582642007,-1.066948712472E+03,
    193.04573531588));
#3265 = CARTESIAN_POINT('',(-406.2373010613,-1.070500703665E+03,
    205.83993582621));
#3266 = CARTESIAN_POINT('',(-371.0737421974,-1.068905746295E+03,
    201.81943362341));
#3267 = CARTESIAN_POINT('',(-358.1102632404,-1.068707054128E+03,
    206.71778633278));
#3268 = CARTESIAN_POINT('',(-351.5462263577,-1.068775518539E+03,
    210.78852743977));
#3269 = CARTESIAN_POINT('',(-307.0700048766,-1.06677169709E+03,
    181.81436335833));
#3270 = CARTESIAN_POINT('',(-330.1318103416,-1.068283800657E+03,207.7));
#3271 = CARTESIAN_POINT('',(-334.6810795374,-1.021062633474E+03,-5.));
#3272 = CARTESIAN_POINT('',(-327.111124818,-1.012152874681E+03,
    8.008717576553));
#3273 = CARTESIAN_POINT('',(-335.4093185759,-1.020266318368E+03,
    14.999325035651));
#3274 = CARTESIAN_POINT('',(-337.3011890368,-1.027620261002E+03,
    29.781777604759));
#3275 = CARTESIAN_POINT('',(-342.6135149413,-1.032072304413E+03,
    42.001176541587));
#3276 = CARTESIAN_POINT('',(-347.3303141196,-1.035152896626E+03,
    54.014146905159));
#3277 = CARTESIAN_POINT('',(-349.5612625941,-1.037851523117E+03,
    65.989969999267));
#3278 = CARTESIAN_POINT('',(-354.2266452009,-1.040228520105E+03,
    78.007482310661));
#3279 = CARTESIAN_POINT('',(-358.3798177454,-1.043063765345E+03,
    90.003188093923));
#3280 = CARTESIAN_POINT('',(-362.6838436421,-1.04586244361E+03,
    102.00152178571));
#3281 = CARTESIAN_POINT('',(-366.9450354756,-1.048820774662E+03,
    113.99940139363));
#3282 = CARTESIAN_POINT('',(-371.1259721715,-1.051746617602E+03,
    125.99554831415));
#3283 = CARTESIAN_POINT('',(-375.2772342787,-1.054782098931E+03,
    138.00035642969));
#3284 = CARTESIAN_POINT('',(-379.4488737012,-1.057671735324E+03,
    150.00331724818));
#3285 = CARTESIAN_POINT('',(-383.461794537,-1.060629904422E+03,
    162.01546347963));
#3286 = CARTESIAN_POINT('',(-387.2770887202,-1.063554407502E+03,
    173.95824023226));
#3287 = CARTESIAN_POINT('',(-391.3077350479,-1.06623704875E+03,
    184.80040122606));
#3288 = CARTESIAN_POINT('',(-392.9846650888,-1.068216008209E+03,
    193.04573531588));
#3289 = CARTESIAN_POINT('',(-401.6446878103,-1.071489165228E+03,
    205.83993582621));
#3290 = CARTESIAN_POINT('',(-367.4871553761,-1.069853965918E+03,
    201.81943362341));
#3291 = CARTESIAN_POINT('',(-355.5749691835,-1.069377203976E+03,
    206.71778633278));
#3292 = CARTESIAN_POINT('',(-349.7570232714,-1.069217457009E+03,
    210.78852743977));
#3293 = CARTESIAN_POINT('',(-307.1286824638,-1.066971908602E+03,
    181.81436335833));
#3294 = CARTESIAN_POINT('',(-329.8516254881,-1.068357803346E+03,207.7));
#3295 = DEFINITIONAL_REPRESENTATION('',(#3296),#3300);
#3296 = LINE('',#3297,#3298);
#3297 = CARTESIAN_POINT('',(23.,0.));
#3298 = VECTOR('',#3299,1.);
#3299 = DIRECTION('',(0.,1.));
#3300 = ( GEOMETRIC_REPRESENTATION_CONTEXT(2) 
PARAMETRIC_REPRESENTATION_CONTEXT() REPRESENTATION_CONTEXT('2D SPACE',''
  ) );
#3301 = ORIENTED_EDGE('',*,*,#3302,.F.);
#3302 = EDGE_CURVE('',#3073,#3210,#3303,.T.);
#3303 = SURFACE_CURVE('',#3304,(#3307,#3314),.PCURVE_S1.);
#3304 = B_SPLINE_CURVE_WITH_KNOTS('',1,(#3305,#3306),.UNSPECIFIED.,.F.,
  .F.,(2,2),(22.,23.),.PIECEWISE_BEZIER_KNOTS.);
#3305 = CARTESIAN_POINT('',(-329.9372124314,-1.068103775085E+03,207.7));
#3306 = CARTESIAN_POINT('',(-330.1318103416,-1.068283800657E+03,207.7));
#3307 = PCURVE('',#3109,#3308);
#3308 = DEFINITIONAL_REPRESENTATION('',(#3309),#3313);
#3309 = LINE('',#3310,#3311);
#3310 = CARTESIAN_POINT('',(0.,1.));
#3311 = VECTOR('',#3312,1.);
#3312 = DIRECTION('',(1.,0.));
#3313 = ( GEOMETRIC_REPRESENTATION_CONTEXT(2) 
PARAMETRIC_REPRESENTATION_CONTEXT() REPRESENTATION_CONTEXT('2D SPACE',''
  ) );
#3314 = PCURVE('',#206,#3315);
#3315 = DEFINITIONAL_REPRESENTATION('',(#3316),#3319);
#3316 = B_SPLINE_CURVE_WITH_KNOTS('',1,(#3317,#3318),.UNSPECIFIED.,.F.,
  .F.,(2,2),(22.,23.),.PIECEWISE_BEZIER_KNOTS.);
#3317 = CARTESIAN_POINT('',(6.486414854661,-0.170070465991));
#3318 = CARTESIAN_POINT('',(6.689770675881,2.273736754432E-13));
#3319 = ( GEOMETRIC_REPRESENTATION_CONTEXT(2) 
PARAMETRIC_REPRESENTATION_CONTEXT() REPRESENTATION_CONTEXT('2D SPACE',''
  ) );
#3320 = ORIENTED_EDGE('',*,*,#3072,.F.);
#3321 = ADVANCED_FACE('',(#3322),#3246,.T.);
#3322 = FACE_BOUND('',#3323,.T.);
#3323 = EDGE_LOOP('',(#3324,#3345,#3438,#3457));
#3324 = ORIENTED_EDGE('',*,*,#3325,.T.);
#3325 = EDGE_CURVE('',#3189,#3326,#3328,.T.);
#3326 = VERTEX_POINT('',#3327);
#3327 = CARTESIAN_POINT('',(-334.6810795374,-1.021062633474E+03,-5.));
#3328 = SURFACE_CURVE('',#3329,(#3332,#3339),.PCURVE_S1.);
#3329 = B_SPLINE_CURVE_WITH_KNOTS('',1,(#3330,#3331),.UNSPECIFIED.,.F.,
  .F.,(2,2),(23.,24.),.PIECEWISE_BEZIER_KNOTS.);
#3330 = CARTESIAN_POINT('',(-341.2841954298,-1.019437023889E+03,-5.));
#3331 = CARTESIAN_POINT('',(-334.6810795374,-1.021062633474E+03,-5.));
#3332 = PCURVE('',#3246,#3333);
#3333 = DEFINITIONAL_REPRESENTATION('',(#3334),#3338);
#3334 = LINE('',#3335,#3336);
#3335 = CARTESIAN_POINT('',(0.,0.));
#3336 = VECTOR('',#3337,1.);
#3337 = DIRECTION('',(1.,0.));
#3338 = ( GEOMETRIC_REPRESENTATION_CONTEXT(2) 
PARAMETRIC_REPRESENTATION_CONTEXT() REPRESENTATION_CONTEXT('2D SPACE',''
  ) );
#3339 = PCURVE('',#87,#3340);
#3340 = DEFINITIONAL_REPRESENTATION('',(#3341),#3344);
#3341 = B_SPLINE_CURVE_WITH_KNOTS('',1,(#3342,#3343),.UNSPECIFIED.,.F.,
  .F.,(2,2),(23.,24.),.PIECEWISE_BEZIER_KNOTS.);
#3342 = CARTESIAN_POINT('',(172.76304749689,0.));
#3343 = CARTESIAN_POINT('',(166.19257388911,1.752889779983));
#3344 = ( GEOMETRIC_REPRESENTATION_CONTEXT(2) 
PARAMETRIC_REPRESENTATION_CONTEXT() REPRESENTATION_CONTEXT('2D SPACE',''
  ) );
#3345 = ORIENTED_EDGE('',*,*,#3346,.T.);
#3346 = EDGE_CURVE('',#3326,#3347,#3349,.T.);
#3347 = VERTEX_POINT('',#3348);
#3348 = CARTESIAN_POINT('',(-329.8516254881,-1.068357803346E+03,207.7));
#3349 = SURFACE_CURVE('',#3350,(#3375,#3382),.PCURVE_S1.);
#3350 = ( BOUNDED_CURVE() B_SPLINE_CURVE(3,(#3351,#3352,#3353,#3354,
    #3355,#3356,#3357,#3358,#3359,#3360,#3361,#3362,#3363,#3364,#3365,
    #3366,#3367,#3368,#3369,#3370,#3371,#3372,#3373,#3374),
.UNSPECIFIED.,.F.,.F.) B_SPLINE_CURVE_WITH_KNOTS((4,1,1,1,1,1,1,1,1,1,1,
    1,1,1,1,1,1,1,1,1,1,4),(0.,8.351345992186E-02,0.136371070752,
    0.186631466795,0.236892072307,0.287245985354,0.337546964594,
    0.387892568228,0.438269195911,0.488657983617,0.539039913424,
    0.589390615006,0.639739510443,0.690135953221,0.740567502215,
    0.791001192157,0.824625304057,0.849810563706,0.930093869668,
0.935215837381,0.950554965611,1.),.UNSPECIFIED.) CURVE() 
GEOMETRIC_REPRESENTATION_ITEM() RATIONAL_B_SPLINE_CURVE((1.,
    1.000000000051,0.999999999985,1.000000000003,0.999999999999,1.,1.,1.
    ,1.,1.,1.,1.,1.,1.,1.,1.,1.000000000001,0.999999999998,
    1.000000000008,0.999999999937,1.000000000021,0.999999999406,
1.000000004078,1.)) REPRESENTATION_ITEM('') );
#3351 = CARTESIAN_POINT('',(-334.6810795374,-1.021062633474E+03,-5.));
#3352 = CARTESIAN_POINT('',(-327.111124818,-1.012152874681E+03,
    8.008717576553));
#3353 = CARTESIAN_POINT('',(-335.4093185759,-1.020266318368E+03,
    14.999325035651));
#3354 = CARTESIAN_POINT('',(-337.3011890368,-1.027620261002E+03,
    29.781777604759));
#3355 = CARTESIAN_POINT('',(-342.6135149413,-1.032072304413E+03,
    42.001176541587));
#3356 = CARTESIAN_POINT('',(-347.3303141196,-1.035152896626E+03,
    54.014146905159));
#3357 = CARTESIAN_POINT('',(-349.5612625941,-1.037851523117E+03,
    65.989969999267));
#3358 = CARTESIAN_POINT('',(-354.2266452009,-1.040228520105E+03,
    78.007482310661));
#3359 = CARTESIAN_POINT('',(-358.3798177454,-1.043063765345E+03,
    90.003188093923));
#3360 = CARTESIAN_POINT('',(-362.6838436421,-1.04586244361E+03,
    102.00152178571));
#3361 = CARTESIAN_POINT('',(-366.9450354756,-1.048820774662E+03,
    113.99940139363));
#3362 = CARTESIAN_POINT('',(-371.1259721715,-1.051746617602E+03,
    125.99554831415));
#3363 = CARTESIAN_POINT('',(-375.2772342787,-1.054782098931E+03,
    138.00035642969));
#3364 = CARTESIAN_POINT('',(-379.4488737012,-1.057671735324E+03,
    150.00331724818));
#3365 = CARTESIAN_POINT('',(-383.461794537,-1.060629904422E+03,
    162.01546347963));
#3366 = CARTESIAN_POINT('',(-387.2770887202,-1.063554407502E+03,
    173.95824023226));
#3367 = CARTESIAN_POINT('',(-391.3077350479,-1.06623704875E+03,
    184.80040122606));
#3368 = CARTESIAN_POINT('',(-392.9846650888,-1.068216008209E+03,
    193.04573531588));
#3369 = CARTESIAN_POINT('',(-401.6446878103,-1.071489165228E+03,
    205.83993582621));
#3370 = CARTESIAN_POINT('',(-367.4871553761,-1.069853965918E+03,
    201.81943362341));
#3371 = CARTESIAN_POINT('',(-355.5749691835,-1.069377203976E+03,
    206.71778633278));
#3372 = CARTESIAN_POINT('',(-349.7570232714,-1.069217457009E+03,
    210.78852743977));
#3373 = CARTESIAN_POINT('',(-307.1286824638,-1.066971908602E+03,
    181.81436335833));
#3374 = CARTESIAN_POINT('',(-329.8516254881,-1.068357803346E+03,207.7));
#3375 = PCURVE('',#3246,#3376);
#3376 = DEFINITIONAL_REPRESENTATION('',(#3377),#3381);
#3377 = LINE('',#3378,#3379);
#3378 = CARTESIAN_POINT('',(24.,0.));
#3379 = VECTOR('',#3380,1.);
#3380 = DIRECTION('',(0.,1.));
#3381 = ( GEOMETRIC_REPRESENTATION_CONTEXT(2) 
PARAMETRIC_REPRESENTATION_CONTEXT() REPRESENTATION_CONTEXT('2D SPACE',''
  ) );
#3382 = PCURVE('',#3383,#3432);
#3383 = ( BOUNDED_SURFACE() B_SPLINE_SURFACE(1,3,(
    (#3384,#3385,#3386,#3387,#3388,#3389,#3390,#3391,#3392,#3393,#3394
      ,#3395,#3396,#3397,#3398,#3399,#3400,#3401,#3402,#3403,#3404,#3405
      ,#3406,#3407)
    ,(#3408,#3409,#3410,#3411,#3412,#3413,#3414,#3415,#3416,#3417,#3418
      ,#3419,#3420,#3421,#3422,#3423,#3424,#3425,#3426,#3427,#3428,#3429
      ,#3430,#3431
)),.UNSPECIFIED.,.F.,.F.,.F.) B_SPLINE_SURFACE_WITH_KNOTS((2,2),(4,1,1,1
    ,1,1,1,1,1,1,1,1,1,1,1,1,1,1,1,1,1,4),(24.,25.),(0.,
    8.351345992186E-02,0.136371070752,0.186631466795,0.236892072307,
    0.287245985354,0.337546964594,0.387892568228,0.438269195911,
    0.488657983617,0.539039913424,0.589390615006,0.639739510443,
    0.690135953221,0.740567502215,0.791001192157,0.824625304057,
    0.849810563706,0.930093869668,0.935215837381,0.950554965611,1.),
.UNSPECIFIED.) GEOMETRIC_REPRESENTATION_ITEM() RATIONAL_B_SPLINE_SURFACE
((
    (1.,1.000000000051,0.999999999985,1.000000000003,0.999999999999,1.
      ,1.,1.,1.,1.,1.,1.,1.,1.,1.,1.,1.000000000001,0.999999999998
      ,1.000000000008,0.999999999937,1.000000000021,0.999999999406
      ,1.000000004078,1.)
    ,(1.,1.000000000051,0.999999999985,1.000000000003,0.999999999999,1.
      ,1.,1.,1.,1.,1.,1.,1.,1.,1.,1.,1.000000000001,0.999999999998
      ,1.000000000008,0.999999999937,1.000000000021,0.999999999406
,1.000000004078,1.))) REPRESENTATION_ITEM('') SURFACE() );
#3384 = CARTESIAN_POINT('',(-334.6810795374,-1.021062633474E+03,-5.));
#3385 = CARTESIAN_POINT('',(-327.111124818,-1.012152874681E+03,
    8.008717576553));
#3386 = CARTESIAN_POINT('',(-335.4093185759,-1.020266318368E+03,
    14.999325035651));
#3387 = CARTESIAN_POINT('',(-337.3011890368,-1.027620261002E+03,
    29.781777604759));
#3388 = CARTESIAN_POINT('',(-342.6135149413,-1.032072304413E+03,
    42.001176541587));
#3389 = CARTESIAN_POINT('',(-347.3303141196,-1.035152896626E+03,
    54.014146905159));
#3390 = CARTESIAN_POINT('',(-349.5612625941,-1.037851523117E+03,
    65.989969999267));
#3391 = CARTESIAN_POINT('',(-354.2266452009,-1.040228520105E+03,
    78.007482310661));
#3392 = CARTESIAN_POINT('',(-358.3798177454,-1.043063765345E+03,
    90.003188093923));
#3393 = CARTESIAN_POINT('',(-362.6838436421,-1.04586244361E+03,
    102.00152178571));
#3394 = CARTESIAN_POINT('',(-366.9450354756,-1.048820774662E+03,
    113.99940139363));
#3395 = CARTESIAN_POINT('',(-371.1259721715,-1.051746617602E+03,
    125.99554831415));
#3396 = CARTESIAN_POINT('',(-375.2772342787,-1.054782098931E+03,
    138.00035642969));
#3397 = CARTESIAN_POINT('',(-379.4488737012,-1.057671735324E+03,
    150.00331724818));
#3398 = CARTESIAN_POINT('',(-383.461794537,-1.060629904422E+03,
    162.01546347963));
#3399 = CARTESIAN_POINT('',(-387.2770887202,-1.063554407502E+03,
    173.95824023226));
#3400 = CARTESIAN_POINT('',(-391.3077350479,-1.06623704875E+03,
    184.80040122606));
#3401 = CARTESIAN_POINT('',(-392.9846650888,-1.068216008209E+03,
    193.04573531588));
#3402 = CARTESIAN_POINT('',(-401.6446878103,-1.071489165228E+03,
    205.83993582621));
#3403 = CARTESIAN_POINT('',(-367.4871553761,-1.069853965918E+03,
    201.81943362341));
#3404 = CARTESIAN_POINT('',(-355.5749691835,-1.069377203976E+03,
    206.71778633278));
#3405 = CARTESIAN_POINT('',(-349.7570232714,-1.069217457009E+03,
    210.78852743977));
#3406 = CARTESIAN_POINT('',(-307.1286824638,-1.066971908602E+03,
    181.81436335833));
#3407 = CARTESIAN_POINT('',(-329.8516254881,-1.068357803346E+03,207.7));
#3408 = CARTESIAN_POINT('',(-327.1408064138,-1.022116195924E+03,-5.));
#3409 = CARTESIAN_POINT('',(-317.9630376019,-1.008288483415E+03,
    8.008717576553));
#3410 = CARTESIAN_POINT('',(-328.1574261445,-1.022406736275E+03,
    14.999325035651));
#3411 = CARTESIAN_POINT('',(-330.0365017421,-1.029086589071E+03,
    29.781777604759));
#3412 = CARTESIAN_POINT('',(-335.4213178572,-1.033048875389E+03,
    42.001176541587));
#3413 = CARTESIAN_POINT('',(-340.3105388491,-1.036001449643E+03,
    54.014146905159));
#3414 = CARTESIAN_POINT('',(-342.728413212,-1.038737041713E+03,
    65.989969999267));
#3415 = CARTESIAN_POINT('',(-347.6068440678,-1.041268379504E+03,
    78.007482310661));
#3416 = CARTESIAN_POINT('',(-351.9130287716,-1.043871222622E+03,
    90.003188093923));
#3417 = CARTESIAN_POINT('',(-356.4178088534,-1.046775969953E+03,
    102.00152178571));
#3418 = CARTESIAN_POINT('',(-360.8490266794,-1.049643750958E+03,
    113.99940139363));
#3419 = CARTESIAN_POINT('',(-365.2100226281,-1.052537538995E+03,
    125.99554831415));
#3420 = CARTESIAN_POINT('',(-369.5247193979,-1.055388929861E+03,
    138.00035642969));
#3421 = CARTESIAN_POINT('',(-373.8856207212,-1.058302038256E+03,
    150.00331724818));
#3422 = CARTESIAN_POINT('',(-378.0761065504,-1.06119318523E+03,
    162.01546347963));
#3423 = CARTESIAN_POINT('',(-382.0800071644,-1.064119505165E+03,
    173.95824023226));
#3424 = CARTESIAN_POINT('',(-386.2590366474,-1.066779598111E+03,
    184.80040122606));
#3425 = CARTESIAN_POINT('',(-388.1029114699,-1.068777801594E+03,
    193.04573531588));
#3426 = CARTESIAN_POINT('',(-396.7921288824,-1.071995753163E+03,
    205.83993582621));
#3427 = CARTESIAN_POINT('',(-363.7176729748,-1.070259530657E+03,
    201.81943362341));
#3428 = CARTESIAN_POINT('',(-352.9103214337,-1.069664065608E+03,
    206.71778633278));
#3429 = CARTESIAN_POINT('',(-347.8735031594,-1.069416418295E+03,
    210.78852743977));
#3430 = CARTESIAN_POINT('',(-307.2115645518,-1.066989070216E+03,
    181.81436335833));
#3431 = CARTESIAN_POINT('',(-329.5571405449,-1.068389495727E+03,207.7));
#3432 = DEFINITIONAL_REPRESENTATION('',(#3433),#3437);
#3433 = LINE('',#3434,#3435);
#3434 = CARTESIAN_POINT('',(24.,0.));
#3435 = VECTOR('',#3436,1.);
#3436 = DIRECTION('',(0.,1.));
#3437 = ( GEOMETRIC_REPRESENTATION_CONTEXT(2) 
PARAMETRIC_REPRESENTATION_CONTEXT() REPRESENTATION_CONTEXT('2D SPACE',''
  ) );
#3438 = ORIENTED_EDGE('',*,*,#3439,.F.);
#3439 = EDGE_CURVE('',#3210,#3347,#3440,.T.);
#3440 = SURFACE_CURVE('',#3441,(#3444,#3451),.PCURVE_S1.);
#3441 = B_SPLINE_CURVE_WITH_KNOTS('',1,(#3442,#3443),.UNSPECIFIED.,.F.,
  .F.,(2,2),(23.,24.),.PIECEWISE_BEZIER_KNOTS.);
#3442 = CARTESIAN_POINT('',(-330.1318103416,-1.068283800657E+03,207.7));
#3443 = CARTESIAN_POINT('',(-329.8516254881,-1.068357803346E+03,207.7));
#3444 = PCURVE('',#3246,#3445);
#3445 = DEFINITIONAL_REPRESENTATION('',(#3446),#3450);
#3446 = LINE('',#3447,#3448);
#3447 = CARTESIAN_POINT('',(0.,1.));
#3448 = VECTOR('',#3449,1.);
#3449 = DIRECTION('',(1.,0.));
#3450 = ( GEOMETRIC_REPRESENTATION_CONTEXT(2) 
PARAMETRIC_REPRESENTATION_CONTEXT() REPRESENTATION_CONTEXT('2D SPACE',''
  ) );
#3451 = PCURVE('',#206,#3452);
#3452 = DEFINITIONAL_REPRESENTATION('',(#3453),#3456);
#3453 = B_SPLINE_CURVE_WITH_KNOTS('',1,(#3454,#3455),.UNSPECIFIED.,.F.,
  .F.,(2,2),(23.,24.),.PIECEWISE_BEZIER_KNOTS.);
#3454 = CARTESIAN_POINT('',(6.689770675881,2.273736754432E-13));
#3455 = CARTESIAN_POINT('',(6.413636423655,8.791942240737E-02));
#3456 = ( GEOMETRIC_REPRESENTATION_CONTEXT(2) 
PARAMETRIC_REPRESENTATION_CONTEXT() REPRESENTATION_CONTEXT('2D SPACE',''
  ) );
#3457 = ORIENTED_EDGE('',*,*,#3209,.F.);
#3458 = ADVANCED_FACE('',(#3459),#3383,.T.);
#3459 = FACE_BOUND('',#3460,.T.);
#3460 = EDGE_LOOP('',(#3461,#3482,#3575,#3594));
#3461 = ORIENTED_EDGE('',*,*,#3462,.T.);
#3462 = EDGE_CURVE('',#3326,#3463,#3465,.T.);
#3463 = VERTEX_POINT('',#3464);
#3464 = CARTESIAN_POINT('',(-327.1408064138,-1.022116195924E+03,-5.));
#3465 = SURFACE_CURVE('',#3466,(#3469,#3476),.PCURVE_S1.);
#3466 = B_SPLINE_CURVE_WITH_KNOTS('',1,(#3467,#3468),.UNSPECIFIED.,.F.,
  .F.,(2,2),(24.,25.),.PIECEWISE_BEZIER_KNOTS.);
#3467 = CARTESIAN_POINT('',(-334.6810795374,-1.021062633474E+03,-5.));
#3468 = CARTESIAN_POINT('',(-327.1408064138,-1.022116195924E+03,-5.));
#3469 = PCURVE('',#3383,#3470);
#3470 = DEFINITIONAL_REPRESENTATION('',(#3471),#3475);
#3471 = LINE('',#3472,#3473);
#3472 = CARTESIAN_POINT('',(0.,0.));
#3473 = VECTOR('',#3474,1.);
#3474 = DIRECTION('',(1.,0.));
#3475 = ( GEOMETRIC_REPRESENTATION_CONTEXT(2) 
PARAMETRIC_REPRESENTATION_CONTEXT() REPRESENTATION_CONTEXT('2D SPACE',''
  ) );
#3476 = PCURVE('',#87,#3477);
#3477 = DEFINITIONAL_REPRESENTATION('',(#3478),#3481);
#3478 = B_SPLINE_CURVE_WITH_KNOTS('',1,(#3479,#3480),.UNSPECIFIED.,.F.,
  .F.,(2,2),(24.,25.),.PIECEWISE_BEZIER_KNOTS.);
#3479 = CARTESIAN_POINT('',(166.19257388911,1.752889779983));
#3480 = CARTESIAN_POINT('',(158.67406505643,2.951946720618));
#3481 = ( GEOMETRIC_REPRESENTATION_CONTEXT(2) 
PARAMETRIC_REPRESENTATION_CONTEXT() REPRESENTATION_CONTEXT('2D SPACE',''
  ) );
#3482 = ORIENTED_EDGE('',*,*,#3483,.T.);
#3483 = EDGE_CURVE('',#3463,#3484,#3486,.T.);
#3484 = VERTEX_POINT('',#3485);
#3485 = CARTESIAN_POINT('',(-329.5571405449,-1.068389495727E+03,207.7));
#3486 = SURFACE_CURVE('',#3487,(#3512,#3519),.PCURVE_S1.);
#3487 = ( BOUNDED_CURVE() B_SPLINE_CURVE(3,(#3488,#3489,#3490,#3491,
    #3492,#3493,#3494,#3495,#3496,#3497,#3498,#3499,#3500,#3501,#3502,
    #3503,#3504,#3505,#3506,#3507,#3508,#3509,#3510,#3511),
.UNSPECIFIED.,.F.,.F.) B_SPLINE_CURVE_WITH_KNOTS((4,1,1,1,1,1,1,1,1,1,1,
    1,1,1,1,1,1,1,1,1,1,4),(0.,8.351345992186E-02,0.136371070752,
    0.186631466795,0.236892072307,0.287245985354,0.337546964594,
    0.387892568228,0.438269195911,0.488657983617,0.539039913424,
    0.589390615006,0.639739510443,0.690135953221,0.740567502215,
    0.791001192157,0.824625304057,0.849810563706,0.930093869668,
0.935215837381,0.950554965611,1.),.UNSPECIFIED.) CURVE() 
GEOMETRIC_REPRESENTATION_ITEM() RATIONAL_B_SPLINE_CURVE((1.,
    1.000000000051,0.999999999985,1.000000000003,0.999999999999,1.,1.,1.
    ,1.,1.,1.,1.,1.,1.,1.,1.,1.000000000001,0.999999999998,
    1.000000000008,0.999999999937,1.000000000021,0.999999999406,
1.000000004078,1.)) REPRESENTATION_ITEM('') );
#3488 = CARTESIAN_POINT('',(-327.1408064138,-1.022116195924E+03,-5.));
#3489 = CARTESIAN_POINT('',(-317.9630376019,-1.008288483415E+03,
    8.008717576553));
#3490 = CARTESIAN_POINT('',(-328.1574261445,-1.022406736275E+03,
    14.999325035651));
#3491 = CARTESIAN_POINT('',(-330.0365017421,-1.029086589071E+03,
    29.781777604759));
#3492 = CARTESIAN_POINT('',(-335.4213178572,-1.033048875389E+03,
    42.001176541587));
#3493 = CARTESIAN_POINT('',(-340.3105388491,-1.036001449643E+03,
    54.014146905159));
#3494 = CARTESIAN_POINT('',(-342.728413212,-1.038737041713E+03,
    65.989969999267));
#3495 = CARTESIAN_POINT('',(-347.6068440678,-1.041268379504E+03,
    78.007482310661));
#3496 = CARTESIAN_POINT('',(-351.9130287716,-1.043871222622E+03,
    90.003188093923));
#3497 = CARTESIAN_POINT('',(-356.4178088534,-1.046775969953E+03,
    102.00152178571));
#3498 = CARTESIAN_POINT('',(-360.8490266794,-1.049643750958E+03,
    113.99940139363));
#3499 = CARTESIAN_POINT('',(-365.2100226281,-1.052537538995E+03,
    125.99554831415));
#3500 = CARTESIAN_POINT('',(-369.5247193979,-1.055388929861E+03,
    138.00035642969));
#3501 = CARTESIAN_POINT('',(-373.8856207212,-1.058302038256E+03,
    150.00331724818));
#3502 = CARTESIAN_POINT('',(-378.0761065504,-1.06119318523E+03,
    162.01546347963));
#3503 = CARTESIAN_POINT('',(-382.0800071644,-1.064119505165E+03,
    173.95824023226));
#3504 = CARTESIAN_POINT('',(-386.2590366474,-1.066779598111E+03,
    184.80040122606));
#3505 = CARTESIAN_POINT('',(-388.1029114699,-1.068777801594E+03,
    193.04573531588));
#3506 = CARTESIAN_POINT('',(-396.7921288824,-1.071995753163E+03,
    205.83993582621));
#3507 = CARTESIAN_POINT('',(-363.7176729748,-1.070259530657E+03,
    201.81943362341));
#3508 = CARTESIAN_POINT('',(-352.9103214337,-1.069664065608E+03,
    206.71778633278));
#3509 = CARTESIAN_POINT('',(-347.8735031594,-1.069416418295E+03,
    210.78852743977));
#3510 = CARTESIAN_POINT('',(-307.2115645518,-1.066989070216E+03,
    181.81436335833));
#3511 = CARTESIAN_POINT('',(-329.5571405449,-1.068389495727E+03,207.7));
#3512 = PCURVE('',#3383,#3513);
#3513 = DEFINITIONAL_REPRESENTATION('',(#3514),#3518);
#3514 = LINE('',#3515,#3516);
#3515 = CARTESIAN_POINT('',(25.,0.));
#3516 = VECTOR('',#3517,1.);
#3517 = DIRECTION('',(0.,1.));
#3518 = ( GEOMETRIC_REPRESENTATION_CONTEXT(2) 
PARAMETRIC_REPRESENTATION_CONTEXT() REPRESENTATION_CONTEXT('2D SPACE',''
  ) );
#3519 = PCURVE('',#3520,#3569);
#3520 = ( BOUNDED_SURFACE() B_SPLINE_SURFACE(1,3,(
    (#3521,#3522,#3523,#3524,#3525,#3526,#3527,#3528,#3529,#3530,#3531
      ,#3532,#3533,#3534,#3535,#3536,#3537,#3538,#3539,#3540,#3541,#3542
      ,#3543,#3544)
    ,(#3545,#3546,#3547,#3548,#3549,#3550,#3551,#3552,#3553,#3554,#3555
      ,#3556,#3557,#3558,#3559,#3560,#3561,#3562,#3563,#3564,#3565,#3566
      ,#3567,#3568
)),.UNSPECIFIED.,.F.,.F.,.F.) B_SPLINE_SURFACE_WITH_KNOTS((2,2),(4,1,1,1
    ,1,1,1,1,1,1,1,1,1,1,1,1,1,1,1,1,1,4),(25.,26.),(0.,
    8.351345992186E-02,0.136371070752,0.186631466795,0.236892072307,
    0.287245985354,0.337546964594,0.387892568228,0.438269195911,
    0.488657983617,0.539039913424,0.589390615006,0.639739510443,
    0.690135953221,0.740567502215,0.791001192157,0.824625304057,
    0.849810563706,0.930093869668,0.935215837381,0.950554965611,1.),
.UNSPECIFIED.) GEOMETRIC_REPRESENTATION_ITEM() RATIONAL_B_SPLINE_SURFACE
((
    (1.,1.000000000051,0.999999999985,1.000000000003,0.999999999999,1.
      ,1.,1.,1.,1.,1.,1.,1.,1.,1.,1.,1.000000000001,0.999999999998
      ,1.000000000008,0.999999999937,1.000000000021,0.999999999406
      ,1.000000004078,1.)
    ,(1.,1.000000000051,0.999999999985,1.000000000003,0.999999999999,1.
      ,1.,1.,1.,1.,1.,1.,1.,1.,1.,1.,1.000000000001,0.999999999998
      ,1.000000000008,0.999999999937,1.000000000021,0.999999999406
,1.000000004078,1.))) REPRESENTATION_ITEM('') SURFACE() );
#3521 = CARTESIAN_POINT('',(-327.1408064138,-1.022116195924E+03,-5.));
#3522 = CARTESIAN_POINT('',(-317.9630376019,-1.008288483415E+03,
    8.008717576553));
#3523 = CARTESIAN_POINT('',(-328.1574261445,-1.022406736275E+03,
    14.999325035651));
#3524 = CARTESIAN_POINT('',(-330.0365017421,-1.029086589071E+03,
    29.781777604759));
#3525 = CARTESIAN_POINT('',(-335.4213178572,-1.033048875389E+03,
    42.001176541587));
#3526 = CARTESIAN_POINT('',(-340.3105388491,-1.036001449643E+03,
    54.014146905159));
#3527 = CARTESIAN_POINT('',(-342.728413212,-1.038737041713E+03,
    65.989969999267));
#3528 = CARTESIAN_POINT('',(-347.6068440678,-1.041268379504E+03,
    78.007482310661));
#3529 = CARTESIAN_POINT('',(-351.9130287716,-1.043871222622E+03,
    90.003188093923));
#3530 = CARTESIAN_POINT('',(-356.4178088534,-1.046775969953E+03,
    102.00152178571));
#3531 = CARTESIAN_POINT('',(-360.8490266794,-1.049643750958E+03,
    113.99940139363));
#3532 = CARTESIAN_POINT('',(-365.2100226281,-1.052537538995E+03,
    125.99554831415));
#3533 = CARTESIAN_POINT('',(-369.5247193979,-1.055388929861E+03,
    138.00035642969));
#3534 = CARTESIAN_POINT('',(-373.8856207212,-1.058302038256E+03,
    150.00331724818));
#3535 = CARTESIAN_POINT('',(-378.0761065504,-1.06119318523E+03,
    162.01546347963));
#3536 = CARTESIAN_POINT('',(-382.0800071644,-1.064119505165E+03,
    173.95824023226));
#3537 = CARTESIAN_POINT('',(-386.2590366474,-1.066779598111E+03,
    184.80040122606));
#3538 = CARTESIAN_POINT('',(-388.1029114699,-1.068777801594E+03,
    193.04573531588));
#3539 = CARTESIAN_POINT('',(-396.7921288824,-1.071995753163E+03,
    205.83993582621));
#3540 = CARTESIAN_POINT('',(-363.7176729748,-1.070259530657E+03,
    201.81943362341));
#3541 = CARTESIAN_POINT('',(-352.9103214337,-1.069664065608E+03,
    206.71778633278));
#3542 = CARTESIAN_POINT('',(-347.8735031594,-1.069416418295E+03,
    210.78852743977));
#3543 = CARTESIAN_POINT('',(-307.2115645518,-1.066989070216E+03,
    181.81436335833));
#3544 = CARTESIAN_POINT('',(-329.5571405449,-1.068389495727E+03,207.7));
#3545 = CARTESIAN_POINT('',(-319.6028825225,-1.023174462398E+03,-5.));
#3546 = CARTESIAN_POINT('',(-309.7459094418,-1.008452601794E+03,
    8.008717576553));
#3547 = CARTESIAN_POINT('',(-320.7069856416,-1.023740062428E+03,
    14.999325035651));
#3548 = CARTESIAN_POINT('',(-322.6871424697,-1.030057173154E+03,
    29.781777604759));
#3549 = CARTESIAN_POINT('',(-328.2156238682,-1.033888497775E+03,
    42.001176541587));
#3550 = CARTESIAN_POINT('',(-333.2868228921,-1.036823246789E+03,
    54.014146905159));
#3551 = CARTESIAN_POINT('',(-335.8833513233,-1.039515554221E+03,
    65.989969999267));
#3552 = CARTESIAN_POINT('',(-340.9509949676,-1.042048511375E+03,
    78.007482310661));
#3553 = CARTESIAN_POINT('',(-345.4361810743,-1.044604459643E+03,
    90.003188093923));
#3554 = CARTESIAN_POINT('',(-350.1320055599,-1.04755551302E+03,
    102.00152178571));
#3555 = CARTESIAN_POINT('',(-354.7407494666,-1.050360004481E+03,
    113.99940139363));
#3556 = CARTESIAN_POINT('',(-359.2805812074,-1.053221066152E+03,
    125.99554831415));
#3557 = CARTESIAN_POINT('',(-363.7821988722,-1.056079135891E+03,
    138.00035642969));
#3558 = CARTESIAN_POINT('',(-368.3211230799,-1.058920385062E+03,
    150.00331724818));
#3559 = CARTESIAN_POINT('',(-372.6969646986,-1.061817330519E+03,
    162.01546347963));
#3560 = CARTESIAN_POINT('',(-376.8811203699,-1.064667761288E+03,
    173.95824023226));
#3561 = CARTESIAN_POINT('',(-381.2053833759,-1.067274141647E+03,
    184.80040122606));
#3562 = CARTESIAN_POINT('',(-383.2120925617,-1.069256984435E+03,
    193.04573531588));
#3563 = CARTESIAN_POINT('',(-391.9397842635,-1.072493614496E+03,
    205.83993582621));
#3564 = CARTESIAN_POINT('',(-359.9366339034,-1.070605890018E+03,
    201.81943362341));
#3565 = CARTESIAN_POINT('',(-350.2375181687,-1.069909007357E+03,
    206.71778633278));
#3566 = CARTESIAN_POINT('',(-345.986241038,-1.069596026501E+03,
    210.78852743977));
#3567 = CARTESIAN_POINT('',(-307.2806113296,-1.066936260342E+03,
    181.81436335833));
#3568 = CARTESIAN_POINT('',(-329.2617579877,-1.068416576462E+03,207.7));
#3569 = DEFINITIONAL_REPRESENTATION('',(#3570),#3574);
#3570 = LINE('',#3571,#3572);
#3571 = CARTESIAN_POINT('',(25.,0.));
#3572 = VECTOR('',#3573,1.);
#3573 = DIRECTION('',(0.,1.));
#3574 = ( GEOMETRIC_REPRESENTATION_CONTEXT(2) 
PARAMETRIC_REPRESENTATION_CONTEXT() REPRESENTATION_CONTEXT('2D SPACE',''
  ) );
#3575 = ORIENTED_EDGE('',*,*,#3576,.F.);
#3576 = EDGE_CURVE('',#3347,#3484,#3577,.T.);
#3577 = SURFACE_CURVE('',#3578,(#3581,#3588),.PCURVE_S1.);
#3578 = B_SPLINE_CURVE_WITH_KNOTS('',1,(#3579,#3580),.UNSPECIFIED.,.F.,
  .F.,(2,2),(24.,25.),.PIECEWISE_BEZIER_KNOTS.);
#3579 = CARTESIAN_POINT('',(-329.8516254881,-1.068357803346E+03,207.7));
#3580 = CARTESIAN_POINT('',(-329.5571405449,-1.068389495727E+03,207.7));
#3581 = PCURVE('',#3383,#3582);
#3582 = DEFINITIONAL_REPRESENTATION('',(#3583),#3587);
#3583 = LINE('',#3584,#3585);
#3584 = CARTESIAN_POINT('',(0.,1.));
#3585 = VECTOR('',#3586,1.);
#3586 = DIRECTION('',(1.,0.));
#3587 = ( GEOMETRIC_REPRESENTATION_CONTEXT(2) 
PARAMETRIC_REPRESENTATION_CONTEXT() REPRESENTATION_CONTEXT('2D SPACE',''
  ) );
#3588 = PCURVE('',#206,#3589);
#3589 = DEFINITIONAL_REPRESENTATION('',(#3590),#3593);
#3590 = B_SPLINE_CURVE_WITH_KNOTS('',1,(#3591,#3592),.UNSPECIFIED.,.F.,
  .F.,(2,2),(24.,25.),.PIECEWISE_BEZIER_KNOTS.);
#3591 = CARTESIAN_POINT('',(6.413636423655,8.791942240737E-02));
#3592 = CARTESIAN_POINT('',(6.121104444717,0.134296464576));
#3593 = ( GEOMETRIC_REPRESENTATION_CONTEXT(2) 
PARAMETRIC_REPRESENTATION_CONTEXT() REPRESENTATION_CONTEXT('2D SPACE',''
  ) );
#3594 = ORIENTED_EDGE('',*,*,#3346,.F.);
#3595 = ADVANCED_FACE('',(#3596),#3520,.T.);
#3596 = FACE_BOUND('',#3597,.T.);
#3597 = EDGE_LOOP('',(#3598,#3619,#3712,#3731));
#3598 = ORIENTED_EDGE('',*,*,#3599,.T.);
#3599 = EDGE_CURVE('',#3463,#3600,#3602,.T.);
#3600 = VERTEX_POINT('',#3601);
#3601 = CARTESIAN_POINT('',(-319.6028825225,-1.023174462398E+03,-5.));
#3602 = SURFACE_CURVE('',#3603,(#3606,#3613),.PCURVE_S1.);
#3603 = B_SPLINE_CURVE_WITH_KNOTS('',1,(#3604,#3605),.UNSPECIFIED.,.F.,
  .F.,(2,2),(25.,26.),.PIECEWISE_BEZIER_KNOTS.);
#3604 = CARTESIAN_POINT('',(-327.1408064138,-1.022116195924E+03,-5.));
#3605 = CARTESIAN_POINT('',(-319.6028825225,-1.023174462398E+03,-5.));
#3606 = PCURVE('',#3520,#3607);
#3607 = DEFINITIONAL_REPRESENTATION('',(#3608),#3612);
#3608 = LINE('',#3609,#3610);
#3609 = CARTESIAN_POINT('',(0.,0.));
#3610 = VECTOR('',#3611,1.);
#3611 = DIRECTION('',(1.,0.));
#3612 = ( GEOMETRIC_REPRESENTATION_CONTEXT(2) 
PARAMETRIC_REPRESENTATION_CONTEXT() REPRESENTATION_CONTEXT('2D SPACE',''
  ) );
#3613 = PCURVE('',#87,#3614);
#3614 = DEFINITIONAL_REPRESENTATION('',(#3615),#3618);
#3615 = B_SPLINE_CURVE_WITH_KNOTS('',1,(#3616,#3617),.UNSPECIFIED.,.F.,
  .F.,(2,2),(25.,26.),.PIECEWISE_BEZIER_KNOTS.);
#3616 = CARTESIAN_POINT('',(158.67406505643,2.951946720618));
#3617 = CARTESIAN_POINT('',(151.15799590744,4.155661416384));
#3618 = ( GEOMETRIC_REPRESENTATION_CONTEXT(2) 
PARAMETRIC_REPRESENTATION_CONTEXT() REPRESENTATION_CONTEXT('2D SPACE',''
  ) );
#3619 = ORIENTED_EDGE('',*,*,#3620,.T.);
#3620 = EDGE_CURVE('',#3600,#3621,#3623,.T.);
#3621 = VERTEX_POINT('',#3622);
#3622 = CARTESIAN_POINT('',(-329.2617579877,-1.068416576462E+03,207.7));
#3623 = SURFACE_CURVE('',#3624,(#3649,#3656),.PCURVE_S1.);
#3624 = ( BOUNDED_CURVE() B_SPLINE_CURVE(3,(#3625,#3626,#3627,#3628,
    #3629,#3630,#3631,#3632,#3633,#3634,#3635,#3636,#3637,#3638,#3639,
    #3640,#3641,#3642,#3643,#3644,#3645,#3646,#3647,#3648),
.UNSPECIFIED.,.F.,.F.) B_SPLINE_CURVE_WITH_KNOTS((4,1,1,1,1,1,1,1,1,1,1,
    1,1,1,1,1,1,1,1,1,1,4),(0.,8.351345992186E-02,0.136371070752,
    0.186631466795,0.236892072307,0.287245985354,0.337546964594,
    0.387892568228,0.438269195911,0.488657983617,0.539039913424,
    0.589390615006,0.639739510443,0.690135953221,0.740567502215,
    0.791001192157,0.824625304057,0.849810563706,0.930093869668,
0.935215837381,0.950554965611,1.),.UNSPECIFIED.) CURVE() 
GEOMETRIC_REPRESENTATION_ITEM() RATIONAL_B_SPLINE_CURVE((1.,
    1.000000000051,0.999999999985,1.000000000003,0.999999999999,1.,1.,1.
    ,1.,1.,1.,1.,1.,1.,1.,1.,1.000000000001,0.999999999998,
    1.000000000008,0.999999999937,1.000000000021,0.999999999406,
1.000000004078,1.)) REPRESENTATION_ITEM('') );
#3625 = CARTESIAN_POINT('',(-319.6028825225,-1.023174462398E+03,-5.));
#3626 = CARTESIAN_POINT('',(-309.7459094418,-1.008452601794E+03,
    8.008717576553));
#3627 = CARTESIAN_POINT('',(-320.7069856416,-1.023740062428E+03,
    14.999325035651));
#3628 = CARTESIAN_POINT('',(-322.6871424697,-1.030057173154E+03,
    29.781777604759));
#3629 = CARTESIAN_POINT('',(-328.2156238682,-1.033888497775E+03,
    42.001176541587));
#3630 = CARTESIAN_POINT('',(-333.2868228921,-1.036823246789E+03,
    54.014146905159));
#3631 = CARTESIAN_POINT('',(-335.8833513233,-1.039515554221E+03,
    65.989969999267));
#3632 = CARTESIAN_POINT('',(-340.9509949676,-1.042048511375E+03,
    78.007482310661));
#3633 = CARTESIAN_POINT('',(-345.4361810743,-1.044604459643E+03,
    90.003188093923));
#3634 = CARTESIAN_POINT('',(-350.1320055599,-1.04755551302E+03,
    102.00152178571));
#3635 = CARTESIAN_POINT('',(-354.7407494666,-1.050360004481E+03,
    113.99940139363));
#3636 = CARTESIAN_POINT('',(-359.2805812074,-1.053221066152E+03,
    125.99554831415));
#3637 = CARTESIAN_POINT('',(-363.7821988722,-1.056079135891E+03,
    138.00035642969));
#3638 = CARTESIAN_POINT('',(-368.3211230799,-1.058920385062E+03,
    150.00331724818));
#3639 = CARTESIAN_POINT('',(-372.6969646986,-1.061817330519E+03,
    162.01546347963));
#3640 = CARTESIAN_POINT('',(-376.8811203699,-1.064667761288E+03,
    173.95824023226));
#3641 = CARTESIAN_POINT('',(-381.2053833759,-1.067274141647E+03,
    184.80040122606));
#3642 = CARTESIAN_POINT('',(-383.2120925617,-1.069256984435E+03,
    193.04573531588));
#3643 = CARTESIAN_POINT('',(-391.9397842635,-1.072493614496E+03,
    205.83993582621));
#3644 = CARTESIAN_POINT('',(-359.9366339034,-1.070605890018E+03,
    201.81943362341));
#3645 = CARTESIAN_POINT('',(-350.2375181687,-1.069909007357E+03,
    206.71778633278));
#3646 = CARTESIAN_POINT('',(-345.986241038,-1.069596026501E+03,
    210.78852743977));
#3647 = CARTESIAN_POINT('',(-307.2806113296,-1.066936260342E+03,
    181.81436335833));
#3648 = CARTESIAN_POINT('',(-329.2617579877,-1.068416576462E+03,207.7));
#3649 = PCURVE('',#3520,#3650);
#3650 = DEFINITIONAL_REPRESENTATION('',(#3651),#3655);
#3651 = LINE('',#3652,#3653);
#3652 = CARTESIAN_POINT('',(26.,0.));
#3653 = VECTOR('',#3654,1.);
#3654 = DIRECTION('',(0.,1.));
#3655 = ( GEOMETRIC_REPRESENTATION_CONTEXT(2) 
PARAMETRIC_REPRESENTATION_CONTEXT() REPRESENTATION_CONTEXT('2D SPACE',''
  ) );
#3656 = PCURVE('',#3657,#3706);
#3657 = ( BOUNDED_SURFACE() B_SPLINE_SURFACE(1,3,(
    (#3658,#3659,#3660,#3661,#3662,#3663,#3664,#3665,#3666,#3667,#3668
      ,#3669,#3670,#3671,#3672,#3673,#3674,#3675,#3676,#3677,#3678,#3679
      ,#3680,#3681)
    ,(#3682,#3683,#3684,#3685,#3686,#3687,#3688,#3689,#3690,#3691,#3692
      ,#3693,#3694,#3695,#3696,#3697,#3698,#3699,#3700,#3701,#3702,#3703
      ,#3704,#3705
)),.UNSPECIFIED.,.F.,.F.,.F.) B_SPLINE_SURFACE_WITH_KNOTS((2,2),(4,1,1,1
    ,1,1,1,1,1,1,1,1,1,1,1,1,1,1,1,1,1,4),(26.,27.),(0.,
    8.351345992186E-02,0.136371070752,0.186631466795,0.236892072307,
    0.287245985354,0.337546964594,0.387892568228,0.438269195911,
    0.488657983617,0.539039913424,0.589390615006,0.639739510443,
    0.690135953221,0.740567502215,0.791001192157,0.824625304057,
    0.849810563706,0.930093869668,0.935215837381,0.950554965611,1.),
.UNSPECIFIED.) GEOMETRIC_REPRESENTATION_ITEM() RATIONAL_B_SPLINE_SURFACE
((
    (1.,1.000000000051,0.999999999985,1.000000000003,0.999999999999,1.
      ,1.,1.,1.,1.,1.,1.,1.,1.,1.,1.,1.000000000001,0.999999999998
      ,1.000000000008,0.999999999937,1.000000000021,0.999999999406
      ,1.000000004078,1.)
    ,(1.,1.000000000051,0.999999999985,1.000000000003,0.999999999999,1.
      ,1.,1.,1.,1.,1.,1.,1.,1.,1.,1.,1.000000000001,0.999999999998
      ,1.000000000008,0.999999999937,1.000000000021,0.999999999406
,1.000000004078,1.))) REPRESENTATION_ITEM('') SURFACE() );
#3658 = CARTESIAN_POINT('',(-319.6028825225,-1.023174462398E+03,-5.));
#3659 = CARTESIAN_POINT('',(-309.7459094418,-1.008452601794E+03,
    8.008717576553));
#3660 = CARTESIAN_POINT('',(-320.7069856416,-1.023740062428E+03,
    14.999325035651));
#3661 = CARTESIAN_POINT('',(-322.6871424697,-1.030057173154E+03,
    29.781777604759));
#3662 = CARTESIAN_POINT('',(-328.2156238682,-1.033888497775E+03,
    42.001176541587));
#3663 = CARTESIAN_POINT('',(-333.2868228921,-1.036823246789E+03,
    54.014146905159));
#3664 = CARTESIAN_POINT('',(-335.8833513233,-1.039515554221E+03,
    65.989969999267));
#3665 = CARTESIAN_POINT('',(-340.9509949676,-1.042048511375E+03,
    78.007482310661));
#3666 = CARTESIAN_POINT('',(-345.4361810743,-1.044604459643E+03,
    90.003188093923));
#3667 = CARTESIAN_POINT('',(-350.1320055599,-1.04755551302E+03,
    102.00152178571));
#3668 = CARTESIAN_POINT('',(-354.7407494666,-1.050360004481E+03,
    113.99940139363));
#3669 = CARTESIAN_POINT('',(-359.2805812074,-1.053221066152E+03,
    125.99554831415));
#3670 = CARTESIAN_POINT('',(-363.7821988722,-1.056079135891E+03,
    138.00035642969));
#3671 = CARTESIAN_POINT('',(-368.3211230799,-1.058920385062E+03,
    150.00331724818));
#3672 = CARTESIAN_POINT('',(-372.6969646986,-1.061817330519E+03,
    162.01546347963));
#3673 = CARTESIAN_POINT('',(-376.8811203699,-1.064667761288E+03,
    173.95824023226));
#3674 = CARTESIAN_POINT('',(-381.2053833759,-1.067274141647E+03,
    184.80040122606));
#3675 = CARTESIAN_POINT('',(-383.2120925617,-1.069256984435E+03,
    193.04573531588));
#3676 = CARTESIAN_POINT('',(-391.9397842635,-1.072493614496E+03,
    205.83993582621));
#3677 = CARTESIAN_POINT('',(-359.9366339034,-1.070605890018E+03,
    201.81943362341));
#3678 = CARTESIAN_POINT('',(-350.2375181687,-1.069909007357E+03,
    206.71778633278));
#3679 = CARTESIAN_POINT('',(-345.986241038,-1.069596026501E+03,
    210.78852743977));
#3680 = CARTESIAN_POINT('',(-307.2806113296,-1.066936260342E+03,
    181.81436335833));
#3681 = CARTESIAN_POINT('',(-329.2617579877,-1.068416576462E+03,207.7));
#3682 = CARTESIAN_POINT('',(-312.0970285207,-1.024495932609E+03,-5.));
#3683 = CARTESIAN_POINT('',(-301.6152507775,-1.009738162394E+03,
    8.008717576553));
#3684 = CARTESIAN_POINT('',(-313.2879861461,-1.02521992855E+03,
    14.999325035651));
#3685 = CARTESIAN_POINT('',(-315.3413507004,-1.031065550164E+03,
    29.781777604759));
#3686 = CARTESIAN_POINT('',(-320.9961938073,-1.034609836311E+03,
    42.001176541587));
#3687 = CARTESIAN_POINT('',(-326.2461320212,-1.03746673211E+03,
    54.014146905159));
#3688 = CARTESIAN_POINT('',(-329.0293666126,-1.040212453012E+03,
    65.989969999267));
#3689 = CARTESIAN_POINT('',(-334.2844942338,-1.042728365701E+03,
    78.007482310661));
#3690 = CARTESIAN_POINT('',(-338.9547894949,-1.045294095896E+03,
    90.003188093923));
#3691 = CARTESIAN_POINT('',(-343.8294108736,-1.048187761921E+03,
    102.00152178571));
#3692 = CARTESIAN_POINT('',(-348.6228475831,-1.050994566544E+03,
    113.99940139363));
#3693 = CARTESIAN_POINT('',(-353.3413482133,-1.053814796807E+03,
    125.99554831415));
#3694 = CARTESIAN_POINT('',(-358.0255495301,-1.05664107977E+03,
    138.00035642969));
#3695 = CARTESIAN_POINT('',(-362.7473922979,-1.059450995766E+03,
    150.00331724818));
#3696 = CARTESIAN_POINT('',(-367.3059326949,-1.062327714277E+03,
    162.01546347963));
#3697 = CARTESIAN_POINT('',(-371.6808059118,-1.065203501513E+03,
    173.95824023226));
#3698 = CARTESIAN_POINT('',(-376.1545410457,-1.067791657699E+03,
    184.80040122606));
#3699 = CARTESIAN_POINT('',(-378.3267719162,-1.069796009035E+03,
    193.04573531588));
#3700 = CARTESIAN_POINT('',(-387.0629309558,-1.072719572714E+03,
    205.83993582621));
#3701 = CARTESIAN_POINT('',(-356.168593043,-1.071102829863E+03,
    201.81943362341));
#3702 = CARTESIAN_POINT('',(-347.573860519,-1.070259898825E+03,
    206.71778633278));
#3703 = CARTESIAN_POINT('',(-344.0999618322,-1.069788734319E+03,
    210.78852743977));
#3704 = CARTESIAN_POINT('',(-307.3875667672,-1.067310708967E+03,
    181.81436335833));
#3705 = CARTESIAN_POINT('',(-328.9673762324,-1.068455254566E+03,207.7));
#3706 = DEFINITIONAL_REPRESENTATION('',(#3707),#3711);
#3707 = LINE('',#3708,#3709);
#3708 = CARTESIAN_POINT('',(26.,0.));
#3709 = VECTOR('',#3710,1.);
#3710 = DIRECTION('',(0.,1.));
#3711 = ( GEOMETRIC_REPRESENTATION_CONTEXT(2) 
PARAMETRIC_REPRESENTATION_CONTEXT() REPRESENTATION_CONTEXT('2D SPACE',''
  ) );
#3712 = ORIENTED_EDGE('',*,*,#3713,.F.);
#3713 = EDGE_CURVE('',#3484,#3621,#3714,.T.);
#3714 = SURFACE_CURVE('',#3715,(#3718,#3725),.PCURVE_S1.);
#3715 = B_SPLINE_CURVE_WITH_KNOTS('',1,(#3716,#3717),.UNSPECIFIED.,.F.,
  .F.,(2,2),(25.,26.),.PIECEWISE_BEZIER_KNOTS.);
#3716 = CARTESIAN_POINT('',(-329.5571405449,-1.068389495727E+03,207.7));
#3717 = CARTESIAN_POINT('',(-329.2617579877,-1.068416576462E+03,207.7));
#3718 = PCURVE('',#3520,#3719);
#3719 = DEFINITIONAL_REPRESENTATION('',(#3720),#3724);
#3720 = LINE('',#3721,#3722);
#3721 = CARTESIAN_POINT('',(0.,1.));
#3722 = VECTOR('',#3723,1.);
#3723 = DIRECTION('',(1.,0.));
#3724 = ( GEOMETRIC_REPRESENTATION_CONTEXT(2) 
PARAMETRIC_REPRESENTATION_CONTEXT() REPRESENTATION_CONTEXT('2D SPACE',''
  ) );
#3725 = PCURVE('',#206,#3726);
#3726 = DEFINITIONAL_REPRESENTATION('',(#3727),#3730);
#3727 = B_SPLINE_CURVE_WITH_KNOTS('',1,(#3728,#3729),.UNSPECIFIED.,.F.,
  .F.,(2,2),(25.,26.),.PIECEWISE_BEZIER_KNOTS.);
#3728 = CARTESIAN_POINT('',(6.121104444717,0.134296464576));
#3729 = CARTESIAN_POINT('',(5.827445391392,0.176112510653));
#3730 = ( GEOMETRIC_REPRESENTATION_CONTEXT(2) 
PARAMETRIC_REPRESENTATION_CONTEXT() REPRESENTATION_CONTEXT('2D SPACE',''
  ) );
#3731 = ORIENTED_EDGE('',*,*,#3483,.F.);
#3732 = ADVANCED_FACE('',(#3733),#3657,.T.);
#3733 = FACE_BOUND('',#3734,.T.);
#3734 = EDGE_LOOP('',(#3735,#3756,#3849,#3868));
#3735 = ORIENTED_EDGE('',*,*,#3736,.T.);
#3736 = EDGE_CURVE('',#3600,#3737,#3739,.T.);
#3737 = VERTEX_POINT('',#3738);
#3738 = CARTESIAN_POINT('',(-312.0970285207,-1.024495932609E+03,-5.));
#3739 = SURFACE_CURVE('',#3740,(#3743,#3750),.PCURVE_S1.);
#3740 = B_SPLINE_CURVE_WITH_KNOTS('',1,(#3741,#3742),.UNSPECIFIED.,.F.,
  .F.,(2,2),(26.,27.),.PIECEWISE_BEZIER_KNOTS.);
#3741 = CARTESIAN_POINT('',(-319.6028825225,-1.023174462398E+03,-5.));
#3742 = CARTESIAN_POINT('',(-312.0970285207,-1.024495932609E+03,-5.));
#3743 = PCURVE('',#3657,#3744);
#3744 = DEFINITIONAL_REPRESENTATION('',(#3745),#3749);
#3745 = LINE('',#3746,#3747);
#3746 = CARTESIAN_POINT('',(0.,0.));
#3747 = VECTOR('',#3748,1.);
#3748 = DIRECTION('',(1.,0.));
#3749 = ( GEOMETRIC_REPRESENTATION_CONTEXT(2) 
PARAMETRIC_REPRESENTATION_CONTEXT() REPRESENTATION_CONTEXT('2D SPACE',''
  ) );
#3750 = PCURVE('',#87,#3751);
#3751 = DEFINITIONAL_REPRESENTATION('',(#3752),#3755);
#3752 = B_SPLINE_CURVE_WITH_KNOTS('',1,(#3753,#3754),.UNSPECIFIED.,.F.,
  .F.,(2,2),(26.,27.),.PIECEWISE_BEZIER_KNOTS.);
#3753 = CARTESIAN_POINT('',(151.15799590744,4.155661416384));
#3754 = CARTESIAN_POINT('',(143.67907621434,5.621911067793));
#3755 = ( GEOMETRIC_REPRESENTATION_CONTEXT(2) 
PARAMETRIC_REPRESENTATION_CONTEXT() REPRESENTATION_CONTEXT('2D SPACE',''
  ) );
#3756 = ORIENTED_EDGE('',*,*,#3757,.T.);
#3757 = EDGE_CURVE('',#3737,#3758,#3760,.T.);
#3758 = VERTEX_POINT('',#3759);
#3759 = CARTESIAN_POINT('',(-328.9673762324,-1.068455254566E+03,207.7));
#3760 = SURFACE_CURVE('',#3761,(#3786,#3793),.PCURVE_S1.);
#3761 = ( BOUNDED_CURVE() B_SPLINE_CURVE(3,(#3762,#3763,#3764,#3765,
    #3766,#3767,#3768,#3769,#3770,#3771,#3772,#3773,#3774,#3775,#3776,
    #3777,#3778,#3779,#3780,#3781,#3782,#3783,#3784,#3785),
.UNSPECIFIED.,.F.,.F.) B_SPLINE_CURVE_WITH_KNOTS((4,1,1,1,1,1,1,1,1,1,1,
    1,1,1,1,1,1,1,1,1,1,4),(0.,8.351345992186E-02,0.136371070752,
    0.186631466795,0.236892072307,0.287245985354,0.337546964594,
    0.387892568228,0.438269195911,0.488657983617,0.539039913424,
    0.589390615006,0.639739510443,0.690135953221,0.740567502215,
    0.791001192157,0.824625304057,0.849810563706,0.930093869668,
0.935215837381,0.950554965611,1.),.UNSPECIFIED.) CURVE() 
GEOMETRIC_REPRESENTATION_ITEM() RATIONAL_B_SPLINE_CURVE((1.,
    1.000000000051,0.999999999985,1.000000000003,0.999999999999,1.,1.,1.
    ,1.,1.,1.,1.,1.,1.,1.,1.,1.000000000001,0.999999999998,
    1.000000000008,0.999999999937,1.000000000021,0.999999999406,
1.000000004078,1.)) REPRESENTATION_ITEM('') );
#3762 = CARTESIAN_POINT('',(-312.0970285207,-1.024495932609E+03,-5.));
#3763 = CARTESIAN_POINT('',(-301.6152507775,-1.009738162394E+03,
    8.008717576553));
#3764 = CARTESIAN_POINT('',(-313.2879861461,-1.02521992855E+03,
    14.999325035651));
#3765 = CARTESIAN_POINT('',(-315.3413507004,-1.031065550164E+03,
    29.781777604759));
#3766 = CARTESIAN_POINT('',(-320.9961938073,-1.034609836311E+03,
    42.001176541587));
#3767 = CARTESIAN_POINT('',(-326.2461320212,-1.03746673211E+03,
    54.014146905159));
#3768 = CARTESIAN_POINT('',(-329.0293666126,-1.040212453012E+03,
    65.989969999267));
#3769 = CARTESIAN_POINT('',(-334.2844942338,-1.042728365701E+03,
    78.007482310661));
#3770 = CARTESIAN_POINT('',(-338.9547894949,-1.045294095896E+03,
    90.003188093923));
#3771 = CARTESIAN_POINT('',(-343.8294108736,-1.048187761921E+03,
    102.00152178571));
#3772 = CARTESIAN_POINT('',(-348.6228475831,-1.050994566544E+03,
    113.99940139363));
#3773 = CARTESIAN_POINT('',(-353.3413482133,-1.053814796807E+03,
    125.99554831415));
#3774 = CARTESIAN_POINT('',(-358.0255495301,-1.05664107977E+03,
    138.00035642969));
#3775 = CARTESIAN_POINT('',(-362.7473922979,-1.059450995766E+03,
    150.00331724818));
#3776 = CARTESIAN_POINT('',(-367.3059326949,-1.062327714277E+03,
    162.01546347963));
#3777 = CARTESIAN_POINT('',(-371.6808059118,-1.065203501513E+03,
    173.95824023226));
#3778 = CARTESIAN_POINT('',(-376.1545410457,-1.067791657699E+03,
    184.80040122606));
#3779 = CARTESIAN_POINT('',(-378.3267719162,-1.069796009035E+03,
    193.04573531588));
#3780 = CARTESIAN_POINT('',(-387.0629309558,-1.072719572714E+03,
    205.83993582621));
#3781 = CARTESIAN_POINT('',(-356.168593043,-1.071102829863E+03,
    201.81943362341));
#3782 = CARTESIAN_POINT('',(-347.573860519,-1.070259898825E+03,
    206.71778633278));
#3783 = CARTESIAN_POINT('',(-344.0999618322,-1.069788734319E+03,
    210.78852743977));
#3784 = CARTESIAN_POINT('',(-307.3875667672,-1.067310708967E+03,
    181.81436335833));
#3785 = CARTESIAN_POINT('',(-328.9673762324,-1.068455254566E+03,207.7));
#3786 = PCURVE('',#3657,#3787);
#3787 = DEFINITIONAL_REPRESENTATION('',(#3788),#3792);
#3788 = LINE('',#3789,#3790);
#3789 = CARTESIAN_POINT('',(27.,0.));
#3790 = VECTOR('',#3791,1.);
#3791 = DIRECTION('',(0.,1.));
#3792 = ( GEOMETRIC_REPRESENTATION_CONTEXT(2) 
PARAMETRIC_REPRESENTATION_CONTEXT() REPRESENTATION_CONTEXT('2D SPACE',''
  ) );
#3793 = PCURVE('',#3794,#3843);
#3794 = ( BOUNDED_SURFACE() B_SPLINE_SURFACE(1,3,(
    (#3795,#3796,#3797,#3798,#3799,#3800,#3801,#3802,#3803,#3804,#3805
      ,#3806,#3807,#3808,#3809,#3810,#3811,#3812,#3813,#3814,#3815,#3816
      ,#3817,#3818)
    ,(#3819,#3820,#3821,#3822,#3823,#3824,#3825,#3826,#3827,#3828,#3829
      ,#3830,#3831,#3832,#3833,#3834,#3835,#3836,#3837,#3838,#3839,#3840
      ,#3841,#3842
)),.UNSPECIFIED.,.F.,.F.,.F.) B_SPLINE_SURFACE_WITH_KNOTS((2,2),(4,1,1,1
    ,1,1,1,1,1,1,1,1,1,1,1,1,1,1,1,1,1,4),(27.,28.),(0.,
    8.351345992186E-02,0.136371070752,0.186631466795,0.236892072307,
    0.287245985354,0.337546964594,0.387892568228,0.438269195911,
    0.488657983617,0.539039913424,0.589390615006,0.639739510443,
    0.690135953221,0.740567502215,0.791001192157,0.824625304057,
    0.849810563706,0.930093869668,0.935215837381,0.950554965611,1.),
.UNSPECIFIED.) GEOMETRIC_REPRESENTATION_ITEM() RATIONAL_B_SPLINE_SURFACE
((
    (1.,1.000000000051,0.999999999985,1.000000000003,0.999999999999,1.
      ,1.,1.,1.,1.,1.,1.,1.,1.,1.,1.,1.000000000001,0.999999999998
      ,1.000000000008,0.999999999937,1.000000000021,0.999999999406
      ,1.000000004078,1.)
    ,(1.,1.000000000051,0.999999999985,1.000000000003,0.999999999999,1.
      ,1.,1.,1.,1.,1.,1.,1.,1.,1.,1.,1.000000000001,0.999999999998
      ,1.000000000008,0.999999999937,1.000000000021,0.999999999406
,1.000000004078,1.))) REPRESENTATION_ITEM('') SURFACE() );
#3795 = CARTESIAN_POINT('',(-312.0970285207,-1.024495932609E+03,-5.));
#3796 = CARTESIAN_POINT('',(-301.6152507775,-1.009738162394E+03,
    8.008717576553));
#3797 = CARTESIAN_POINT('',(-313.2879861461,-1.02521992855E+03,
    14.999325035651));
#3798 = CARTESIAN_POINT('',(-315.3413507004,-1.031065550164E+03,
    29.781777604759));
#3799 = CARTESIAN_POINT('',(-320.9961938073,-1.034609836311E+03,
    42.001176541587));
#3800 = CARTESIAN_POINT('',(-326.2461320212,-1.03746673211E+03,
    54.014146905159));
#3801 = CARTESIAN_POINT('',(-329.0293666126,-1.040212453012E+03,
    65.989969999267));
#3802 = CARTESIAN_POINT('',(-334.2844942338,-1.042728365701E+03,
    78.007482310661));
#3803 = CARTESIAN_POINT('',(-338.9547894949,-1.045294095896E+03,
    90.003188093923));
#3804 = CARTESIAN_POINT('',(-343.8294108736,-1.048187761921E+03,
    102.00152178571));
#3805 = CARTESIAN_POINT('',(-348.6228475831,-1.050994566544E+03,
    113.99940139363));
#3806 = CARTESIAN_POINT('',(-353.3413482133,-1.053814796807E+03,
    125.99554831415));
#3807 = CARTESIAN_POINT('',(-358.0255495301,-1.05664107977E+03,
    138.00035642969));
#3808 = CARTESIAN_POINT('',(-362.7473922979,-1.059450995766E+03,
    150.00331724818));
#3809 = CARTESIAN_POINT('',(-367.3059326949,-1.062327714277E+03,
    162.01546347963));
#3810 = CARTESIAN_POINT('',(-371.6808059118,-1.065203501513E+03,
    173.95824023226));
#3811 = CARTESIAN_POINT('',(-376.1545410457,-1.067791657699E+03,
    184.80040122606));
#3812 = CARTESIAN_POINT('',(-378.3267719162,-1.069796009035E+03,
    193.04573531588));
#3813 = CARTESIAN_POINT('',(-387.0629309558,-1.072719572714E+03,
    205.83993582621));
#3814 = CARTESIAN_POINT('',(-356.168593043,-1.071102829863E+03,
    201.81943362341));
#3815 = CARTESIAN_POINT('',(-347.573860519,-1.070259898825E+03,
    206.71778633278));
#3816 = CARTESIAN_POINT('',(-344.0999618322,-1.069788734319E+03,
    210.78852743977));
#3817 = CARTESIAN_POINT('',(-307.3875667672,-1.067310708967E+03,
    181.81436335833));
#3818 = CARTESIAN_POINT('',(-328.9673762324,-1.068455254566E+03,207.7));
#3819 = CARTESIAN_POINT('',(-304.5911745188,-1.02581740282E+03,-5.));
#3820 = CARTESIAN_POINT('',(-293.9611401038,-1.015246689225E+03,
    8.008717576553));
#3821 = CARTESIAN_POINT('',(-305.7526168703,-1.025644745375E+03,
    14.999325035651));
#3822 = CARTESIAN_POINT('',(-307.9787855799,-1.031975353458E+03,
    29.781777604759));
#3823 = CARTESIAN_POINT('',(-313.7725172286,-1.035283409237E+03,
    42.001176541587));
#3824 = CARTESIAN_POINT('',(-319.1853900575,-1.037882004315E+03,
    54.014146905159));
#3825 = CARTESIAN_POINT('',(-322.1695305028,-1.040856086241E+03,
    65.989969999267));
#3826 = CARTESIAN_POINT('',(-327.6063290268,-1.043288218959E+03,
    78.007482310661));
#3827 = CARTESIAN_POINT('',(-332.4624376699,-1.045874776723E+03,
    90.003188093923));
#3828 = CARTESIAN_POINT('',(-337.5195783241,-1.048743402777E+03,
    102.00152178571));
#3829 = CARTESIAN_POINT('',(-342.4954021796,-1.051529471421E+03,
    113.99940139363));
#3830 = CARTESIAN_POINT('',(-347.395656857,-1.054340268171E+03,
    125.99554831415));
#3831 = CARTESIAN_POINT('',(-352.2645272462,-1.057156367395E+03,
    138.00035642969));
#3832 = CARTESIAN_POINT('',(-357.1707262305,-1.059949262808E+03,
    150.00331724818));
#3833 = CARTESIAN_POINT('',(-361.9113702507,-1.06279728448E+03,
    162.01546347963));
#3834 = CARTESIAN_POINT('',(-366.4737770559,-1.065668642541E+03,
    173.95824023226));
#3835 = CARTESIAN_POINT('',(-371.0971335849,-1.068243951494E+03,
    184.80040122606));
#3836 = CARTESIAN_POINT('',(-373.4362135289,-1.070275641161E+03,
    193.04573531588));
#3837 = CARTESIAN_POINT('',(-382.2002671131,-1.073109615796E+03,
    205.83993582621));
#3838 = CARTESIAN_POINT('',(-352.3948784903,-1.071554127972E+03,
    201.81943362341));
#3839 = CARTESIAN_POINT('',(-344.906209385,-1.070578627481E+03,
    206.71778633278));
#3840 = CARTESIAN_POINT('',(-342.2137647751,-1.06998956217E+03,
    210.78852743977));
#3841 = CARTESIAN_POINT('',(-307.4744188434,-1.067471501321E+03,
    181.81436335833));
#3842 = CARTESIAN_POINT('',(-328.6725584909,-1.068490436469E+03,207.7));
#3843 = DEFINITIONAL_REPRESENTATION('',(#3844),#3848);
#3844 = LINE('',#3845,#3846);
#3845 = CARTESIAN_POINT('',(27.,0.));
#3846 = VECTOR('',#3847,1.);
#3847 = DIRECTION('',(0.,1.));
#3848 = ( GEOMETRIC_REPRESENTATION_CONTEXT(2) 
PARAMETRIC_REPRESENTATION_CONTEXT() REPRESENTATION_CONTEXT('2D SPACE',''
  ) );
#3849 = ORIENTED_EDGE('',*,*,#3850,.F.);
#3850 = EDGE_CURVE('',#3621,#3758,#3851,.T.);
#3851 = SURFACE_CURVE('',#3852,(#3855,#3862),.PCURVE_S1.);
#3852 = B_SPLINE_CURVE_WITH_KNOTS('',1,(#3853,#3854),.UNSPECIFIED.,.F.,
  .F.,(2,2),(26.,27.),.PIECEWISE_BEZIER_KNOTS.);
#3853 = CARTESIAN_POINT('',(-329.2617579877,-1.068416576462E+03,207.7));
#3854 = CARTESIAN_POINT('',(-328.9673762324,-1.068455254566E+03,207.7));
#3855 = PCURVE('',#3657,#3856);
#3856 = DEFINITIONAL_REPRESENTATION('',(#3857),#3861);
#3857 = LINE('',#3858,#3859);
#3858 = CARTESIAN_POINT('',(0.,1.));
#3859 = VECTOR('',#3860,1.);
#3860 = DIRECTION('',(1.,0.));
#3861 = ( GEOMETRIC_REPRESENTATION_CONTEXT(2) 
PARAMETRIC_REPRESENTATION_CONTEXT() REPRESENTATION_CONTEXT('2D SPACE',''
  ) );
#3862 = PCURVE('',#206,#3863);
#3863 = DEFINITIONAL_REPRESENTATION('',(#3864),#3867);
#3864 = B_SPLINE_CURVE_WITH_KNOTS('',1,(#3865,#3866),.UNSPECIFIED.,.F.,
  .F.,(2,2),(26.,27.),.PIECEWISE_BEZIER_KNOTS.);
#3865 = CARTESIAN_POINT('',(5.827445391392,0.176112510653));
#3866 = CARTESIAN_POINT('',(5.535365758747,0.229461379802));
#3867 = ( GEOMETRIC_REPRESENTATION_CONTEXT(2) 
PARAMETRIC_REPRESENTATION_CONTEXT() REPRESENTATION_CONTEXT('2D SPACE',''
  ) );
#3868 = ORIENTED_EDGE('',*,*,#3620,.F.);
#3869 = ADVANCED_FACE('',(#3870),#3794,.T.);
#3870 = FACE_BOUND('',#3871,.T.);
#3871 = EDGE_LOOP('',(#3872,#3893,#3986,#4005));
#3872 = ORIENTED_EDGE('',*,*,#3873,.T.);
#3873 = EDGE_CURVE('',#3737,#3874,#3876,.T.);
#3874 = VERTEX_POINT('',#3875);
#3875 = CARTESIAN_POINT('',(-304.5911745188,-1.02581740282E+03,-5.));
#3876 = SURFACE_CURVE('',#3877,(#3880,#3887),.PCURVE_S1.);
#3877 = B_SPLINE_CURVE_WITH_KNOTS('',1,(#3878,#3879),.UNSPECIFIED.,.F.,
  .F.,(2,2),(27.,28.),.PIECEWISE_BEZIER_KNOTS.);
#3878 = CARTESIAN_POINT('',(-312.0970285207,-1.024495932609E+03,-5.));
#3879 = CARTESIAN_POINT('',(-304.5911745188,-1.02581740282E+03,-5.));
#3880 = PCURVE('',#3794,#3881);
#3881 = DEFINITIONAL_REPRESENTATION('',(#3882),#3886);
#3882 = LINE('',#3883,#3884);
#3883 = CARTESIAN_POINT('',(0.,0.));
#3884 = VECTOR('',#3885,1.);
#3885 = DIRECTION('',(1.,0.));
#3886 = ( GEOMETRIC_REPRESENTATION_CONTEXT(2) 
PARAMETRIC_REPRESENTATION_CONTEXT() REPRESENTATION_CONTEXT('2D SPACE',''
  ) );
#3887 = PCURVE('',#87,#3888);
#3888 = DEFINITIONAL_REPRESENTATION('',(#3889),#3892);
#3889 = B_SPLINE_CURVE_WITH_KNOTS('',1,(#3890,#3891),.UNSPECIFIED.,.F.,
  .F.,(2,2),(27.,28.),.PIECEWISE_BEZIER_KNOTS.);
#3890 = CARTESIAN_POINT('',(143.67907621434,5.621911067793));
#3891 = CARTESIAN_POINT('',(136.20015652123,7.088160719203));
#3892 = ( GEOMETRIC_REPRESENTATION_CONTEXT(2) 
PARAMETRIC_REPRESENTATION_CONTEXT() REPRESENTATION_CONTEXT('2D SPACE',''
  ) );
#3893 = ORIENTED_EDGE('',*,*,#3894,.T.);
#3894 = EDGE_CURVE('',#3874,#3895,#3897,.T.);
#3895 = VERTEX_POINT('',#3896);
#3896 = CARTESIAN_POINT('',(-328.6725584909,-1.068490436469E+03,207.7));
#3897 = SURFACE_CURVE('',#3898,(#3923,#3930),.PCURVE_S1.);
#3898 = ( BOUNDED_CURVE() B_SPLINE_CURVE(3,(#3899,#3900,#3901,#3902,
    #3903,#3904,#3905,#3906,#3907,#3908,#3909,#3910,#3911,#3912,#3913,
    #3914,#3915,#3916,#3917,#3918,#3919,#3920,#3921,#3922),
.UNSPECIFIED.,.F.,.F.) B_SPLINE_CURVE_WITH_KNOTS((4,1,1,1,1,1,1,1,1,1,1,
    1,1,1,1,1,1,1,1,1,1,4),(0.,8.351345992186E-02,0.136371070752,
    0.186631466795,0.236892072307,0.287245985354,0.337546964594,
    0.387892568228,0.438269195911,0.488657983617,0.539039913424,
    0.589390615006,0.639739510443,0.690135953221,0.740567502215,
    0.791001192157,0.824625304057,0.849810563706,0.930093869668,
0.935215837381,0.950554965611,1.),.UNSPECIFIED.) CURVE() 
GEOMETRIC_REPRESENTATION_ITEM() RATIONAL_B_SPLINE_CURVE((1.,
    1.000000000051,0.999999999985,1.000000000003,0.999999999999,1.,1.,1.
    ,1.,1.,1.,1.,1.,1.,1.,1.,1.000000000001,0.999999999998,
    1.000000000008,0.999999999937,1.000000000021,0.999999999406,
1.000000004078,1.)) REPRESENTATION_ITEM('') );
#3899 = CARTESIAN_POINT('',(-304.5911745188,-1.02581740282E+03,-5.));
#3900 = CARTESIAN_POINT('',(-293.9611401038,-1.015246689225E+03,
    8.008717576553));
#3901 = CARTESIAN_POINT('',(-305.7526168703,-1.025644745375E+03,
    14.999325035651));
#3902 = CARTESIAN_POINT('',(-307.9787855799,-1.031975353458E+03,
    29.781777604759));
#3903 = CARTESIAN_POINT('',(-313.7725172286,-1.035283409237E+03,
    42.001176541587));
#3904 = CARTESIAN_POINT('',(-319.1853900575,-1.037882004315E+03,
    54.014146905159));
#3905 = CARTESIAN_POINT('',(-322.1695305028,-1.040856086241E+03,
    65.989969999267));
#3906 = CARTESIAN_POINT('',(-327.6063290268,-1.043288218959E+03,
    78.007482310661));
#3907 = CARTESIAN_POINT('',(-332.4624376699,-1.045874776723E+03,
    90.003188093923));
#3908 = CARTESIAN_POINT('',(-337.5195783241,-1.048743402777E+03,
    102.00152178571));
#3909 = CARTESIAN_POINT('',(-342.4954021796,-1.051529471421E+03,
    113.99940139363));
#3910 = CARTESIAN_POINT('',(-347.395656857,-1.054340268171E+03,
    125.99554831415));
#3911 = CARTESIAN_POINT('',(-352.2645272462,-1.057156367395E+03,
    138.00035642969));
#3912 = CARTESIAN_POINT('',(-357.1707262305,-1.059949262808E+03,
    150.00331724818));
#3913 = CARTESIAN_POINT('',(-361.9113702507,-1.06279728448E+03,
    162.01546347963));
#3914 = CARTESIAN_POINT('',(-366.4737770559,-1.065668642541E+03,
    173.95824023226));
#3915 = CARTESIAN_POINT('',(-371.0971335849,-1.068243951494E+03,
    184.80040122606));
#3916 = CARTESIAN_POINT('',(-373.4362135289,-1.070275641161E+03,
    193.04573531588));
#3917 = CARTESIAN_POINT('',(-382.2002671131,-1.073109615796E+03,
    205.83993582621));
#3918 = CARTESIAN_POINT('',(-352.3948784903,-1.071554127972E+03,
    201.81943362341));
#3919 = CARTESIAN_POINT('',(-344.906209385,-1.070578627481E+03,
    206.71778633278));
#3920 = CARTESIAN_POINT('',(-342.2137647751,-1.06998956217E+03,
    210.78852743977));
#3921 = CARTESIAN_POINT('',(-307.4744188434,-1.067471501321E+03,
    181.81436335833));
#3922 = CARTESIAN_POINT('',(-328.6725584909,-1.068490436469E+03,207.7));
#3923 = PCURVE('',#3794,#3924);
#3924 = DEFINITIONAL_REPRESENTATION('',(#3925),#3929);
#3925 = LINE('',#3926,#3927);
#3926 = CARTESIAN_POINT('',(28.,0.));
#3927 = VECTOR('',#3928,1.);
#3928 = DIRECTION('',(0.,1.));
#3929 = ( GEOMETRIC_REPRESENTATION_CONTEXT(2) 
PARAMETRIC_REPRESENTATION_CONTEXT() REPRESENTATION_CONTEXT('2D SPACE',''
  ) );
#3930 = PCURVE('',#3931,#3980);
#3931 = ( BOUNDED_SURFACE() B_SPLINE_SURFACE(1,3,(
    (#3932,#3933,#3934,#3935,#3936,#3937,#3938,#3939,#3940,#3941,#3942
      ,#3943,#3944,#3945,#3946,#3947,#3948,#3949,#3950,#3951,#3952,#3953
      ,#3954,#3955)
    ,(#3956,#3957,#3958,#3959,#3960,#3961,#3962,#3963,#3964,#3965,#3966
      ,#3967,#3968,#3969,#3970,#3971,#3972,#3973,#3974,#3975,#3976,#3977
      ,#3978,#3979
)),.UNSPECIFIED.,.F.,.F.,.F.) B_SPLINE_SURFACE_WITH_KNOTS((2,2),(4,1,1,1
    ,1,1,1,1,1,1,1,1,1,1,1,1,1,1,1,1,1,4),(28.,29.),(0.,
    8.351345992186E-02,0.136371070752,0.186631466795,0.236892072307,
    0.287245985354,0.337546964594,0.387892568228,0.438269195911,
    0.488657983617,0.539039913424,0.589390615006,0.639739510443,
    0.690135953221,0.740567502215,0.791001192157,0.824625304057,
    0.849810563706,0.930093869668,0.935215837381,0.950554965611,1.),
.UNSPECIFIED.) GEOMETRIC_REPRESENTATION_ITEM() RATIONAL_B_SPLINE_SURFACE
((
    (1.,1.000000000051,0.999999999985,1.000000000003,0.999999999999,1.
      ,1.,1.,1.,1.,1.,1.,1.,1.,1.,1.,1.000000000001,0.999999999998
      ,1.000000000008,0.999999999937,1.000000000021,0.999999999406
      ,1.000000004078,1.)
    ,(1.,1.000000000051,0.999999999985,1.000000000003,0.999999999999,1.
      ,1.,1.,1.,1.,1.,1.,1.,1.,1.,1.,1.000000000001,0.999999999998
      ,1.000000000008,0.999999999937,1.000000000021,0.999999999406
,1.000000004078,1.))) REPRESENTATION_ITEM('') SURFACE() );
#3932 = CARTESIAN_POINT('',(-304.5911745188,-1.02581740282E+03,-5.));
#3933 = CARTESIAN_POINT('',(-293.9611401038,-1.015246689225E+03,
    8.008717576553));
#3934 = CARTESIAN_POINT('',(-305.7526168703,-1.025644745375E+03,
    14.999325035651));
#3935 = CARTESIAN_POINT('',(-307.9787855799,-1.031975353458E+03,
    29.781777604759));
#3936 = CARTESIAN_POINT('',(-313.7725172286,-1.035283409237E+03,
    42.001176541587));
#3937 = CARTESIAN_POINT('',(-319.1853900575,-1.037882004315E+03,
    54.014146905159));
#3938 = CARTESIAN_POINT('',(-322.1695305028,-1.040856086241E+03,
    65.989969999267));
#3939 = CARTESIAN_POINT('',(-327.6063290268,-1.043288218959E+03,
    78.007482310661));
#3940 = CARTESIAN_POINT('',(-332.4624376699,-1.045874776723E+03,
    90.003188093923));
#3941 = CARTESIAN_POINT('',(-337.5195783241,-1.048743402777E+03,
    102.00152178571));
#3942 = CARTESIAN_POINT('',(-342.4954021796,-1.051529471421E+03,
    113.99940139363));
#3943 = CARTESIAN_POINT('',(-347.395656857,-1.054340268171E+03,
    125.99554831415));
#3944 = CARTESIAN_POINT('',(-352.2645272462,-1.057156367395E+03,
    138.00035642969));
#3945 = CARTESIAN_POINT('',(-357.1707262305,-1.059949262808E+03,
    150.00331724818));
#3946 = CARTESIAN_POINT('',(-361.9113702507,-1.06279728448E+03,
    162.01546347963));
#3947 = CARTESIAN_POINT('',(-366.4737770559,-1.065668642541E+03,
    173.95824023226));
#3948 = CARTESIAN_POINT('',(-371.0971335849,-1.068243951494E+03,
    184.80040122606));
#3949 = CARTESIAN_POINT('',(-373.4362135289,-1.070275641161E+03,
    193.04573531588));
#3950 = CARTESIAN_POINT('',(-382.2002671131,-1.073109615796E+03,
    205.83993582621));
#3951 = CARTESIAN_POINT('',(-352.3948784903,-1.071554127972E+03,
    201.81943362341));
#3952 = CARTESIAN_POINT('',(-344.906209385,-1.070578627481E+03,
    206.71778633278));
#3953 = CARTESIAN_POINT('',(-342.2137647751,-1.06998956217E+03,
    210.78852743977));
#3954 = CARTESIAN_POINT('',(-307.4744188434,-1.067471501321E+03,
    181.81436335833));
#3955 = CARTESIAN_POINT('',(-328.6725584909,-1.068490436469E+03,207.7));
#3956 = CARTESIAN_POINT('',(-297.085320517,-1.027138873032E+03,-5.));
#3957 = CARTESIAN_POINT('',(-286.1305928229,-1.018292363729E+03,
    8.008717576553));
#3958 = CARTESIAN_POINT('',(-298.2704541023,-1.026798197319E+03,
    14.999325035651));
#3959 = CARTESIAN_POINT('',(-300.6011651467,-1.032704554947E+03,
    29.781777604759));
#3960 = CARTESIAN_POINT('',(-306.5496311226,-1.035959917279E+03,
    42.001176541587));
#3961 = CARTESIAN_POINT('',(-312.1445277432,-1.03854632491E+03,
    54.014146905159));
#3962 = CARTESIAN_POINT('',(-315.3039295466,-1.041427965949E+03,
    65.989969999267));
#3963 = CARTESIAN_POINT('',(-320.9313508353,-1.043886130997E+03,
    78.007482310661));
#3964 = CARTESIAN_POINT('',(-325.9693697618,-1.046446822941E+03,
    90.003188093923));
#3965 = CARTESIAN_POINT('',(-331.2094194429,-1.049295479967E+03,
    102.00152178571));
#3966 = CARTESIAN_POINT('',(-336.3680934892,-1.052065831461E+03,
    113.99940139363));
#3967 = CARTESIAN_POINT('',(-341.449745074,-1.054863483512E+03,
    125.99554831415));
#3968 = CARTESIAN_POINT('',(-346.5013809164,-1.057647618204E+03,
    138.00035642969));
#3969 = CARTESIAN_POINT('',(-351.5916735814,-1.060420617632E+03,
    150.00331724818));
#3970 = CARTESIAN_POINT('',(-356.515908884,-1.063258022646E+03,
    162.01546347963));
#3971 = CARTESIAN_POINT('',(-361.2635573143,-1.066098286744E+03,
    173.95824023226));
#3972 = CARTESIAN_POINT('',(-366.0353848048,-1.068645009393E+03,
    184.80040122606));
#3973 = CARTESIAN_POINT('',(-368.5381362125,-1.070677643668E+03,
    193.04573531588));
#3974 = CARTESIAN_POINT('',(-377.3363630203,-1.073458786247E+03,
    205.83993582621));
#3975 = CARTESIAN_POINT('',(-348.6197063694,-1.071991716688E+03,
    201.81943362341));
#3976 = CARTESIAN_POINT('',(-342.2375051361,-1.07088742411E+03,
    206.71778633278));
#3977 = CARTESIAN_POINT('',(-340.3271303233,-1.07018234133E+03,
    210.78852743977));
#3978 = CARTESIAN_POINT('',(-307.5592219416,-1.067640296506E+03,
    181.81436335833));
#3979 = CARTESIAN_POINT('',(-328.3776253508,-1.068524522853E+03,207.7));
#3980 = DEFINITIONAL_REPRESENTATION('',(#3981),#3985);
#3981 = LINE('',#3982,#3983);
#3982 = CARTESIAN_POINT('',(28.,0.));
#3983 = VECTOR('',#3984,1.);
#3984 = DIRECTION('',(0.,1.));
#3985 = ( GEOMETRIC_REPRESENTATION_CONTEXT(2) 
PARAMETRIC_REPRESENTATION_CONTEXT() REPRESENTATION_CONTEXT('2D SPACE',''
  ) );
#3986 = ORIENTED_EDGE('',*,*,#3987,.F.);
#3987 = EDGE_CURVE('',#3758,#3895,#3988,.T.);
#3988 = SURFACE_CURVE('',#3989,(#3992,#3999),.PCURVE_S1.);
#3989 = B_SPLINE_CURVE_WITH_KNOTS('',1,(#3990,#3991),.UNSPECIFIED.,.F.,
  .F.,(2,2),(27.,28.),.PIECEWISE_BEZIER_KNOTS.);
#3990 = CARTESIAN_POINT('',(-328.9673762324,-1.068455254566E+03,207.7));
#3991 = CARTESIAN_POINT('',(-328.6725584909,-1.068490436469E+03,207.7));
#3992 = PCURVE('',#3794,#3993);
#3993 = DEFINITIONAL_REPRESENTATION('',(#3994),#3998);
#3994 = LINE('',#3995,#3996);
#3995 = CARTESIAN_POINT('',(0.,1.));
#3996 = VECTOR('',#3997,1.);
#3997 = DIRECTION('',(1.,0.));
#3998 = ( GEOMETRIC_REPRESENTATION_CONTEXT(2) 
PARAMETRIC_REPRESENTATION_CONTEXT() REPRESENTATION_CONTEXT('2D SPACE',''
  ) );
#3999 = PCURVE('',#206,#4000);
#4000 = DEFINITIONAL_REPRESENTATION('',(#4001),#4004);
#4001 = B_SPLINE_CURVE_WITH_KNOTS('',1,(#4002,#4003),.UNSPECIFIED.,.F.,
  .F.,(2,2),(27.,28.),.PIECEWISE_BEZIER_KNOTS.);
#4002 = CARTESIAN_POINT('',(5.535365758747,0.229461379802));
#4003 = CARTESIAN_POINT('',(5.24267587451,0.279340219608));
#4004 = ( GEOMETRIC_REPRESENTATION_CONTEXT(2) 
PARAMETRIC_REPRESENTATION_CONTEXT() REPRESENTATION_CONTEXT('2D SPACE',''
  ) );
#4005 = ORIENTED_EDGE('',*,*,#3757,.F.);
#4006 = ADVANCED_FACE('',(#4007),#3931,.T.);
#4007 = FACE_BOUND('',#4008,.T.);
#4008 = EDGE_LOOP('',(#4009,#4030,#4123,#4142));
#4009 = ORIENTED_EDGE('',*,*,#4010,.T.);
#4010 = EDGE_CURVE('',#3874,#4011,#4013,.T.);
#4011 = VERTEX_POINT('',#4012);
#4012 = CARTESIAN_POINT('',(-297.085320517,-1.027138873032E+03,-5.));
#4013 = SURFACE_CURVE('',#4014,(#4017,#4024),.PCURVE_S1.);
#4014 = B_SPLINE_CURVE_WITH_KNOTS('',1,(#4015,#4016),.UNSPECIFIED.,.F.,
  .F.,(2,2),(28.,29.),.PIECEWISE_BEZIER_KNOTS.);
#4015 = CARTESIAN_POINT('',(-304.5911745188,-1.02581740282E+03,-5.));
#4016 = CARTESIAN_POINT('',(-297.085320517,-1.027138873032E+03,-5.));
#4017 = PCURVE('',#3931,#4018);
#4018 = DEFINITIONAL_REPRESENTATION('',(#4019),#4023);
#4019 = LINE('',#4020,#4021);
#4020 = CARTESIAN_POINT('',(0.,0.));
#4021 = VECTOR('',#4022,1.);
#4022 = DIRECTION('',(1.,0.));
#4023 = ( GEOMETRIC_REPRESENTATION_CONTEXT(2) 
PARAMETRIC_REPRESENTATION_CONTEXT() REPRESENTATION_CONTEXT('2D SPACE',''
  ) );
#4024 = PCURVE('',#87,#4025);
#4025 = DEFINITIONAL_REPRESENTATION('',(#4026),#4029);
#4026 = B_SPLINE_CURVE_WITH_KNOTS('',1,(#4027,#4028),.UNSPECIFIED.,.F.,
  .F.,(2,2),(28.,29.),.PIECEWISE_BEZIER_KNOTS.);
#4027 = CARTESIAN_POINT('',(136.20015652123,7.088160719203));
#4028 = CARTESIAN_POINT('',(128.72123682813,8.554410370612));
#4029 = ( GEOMETRIC_REPRESENTATION_CONTEXT(2) 
PARAMETRIC_REPRESENTATION_CONTEXT() REPRESENTATION_CONTEXT('2D SPACE',''
  ) );
#4030 = ORIENTED_EDGE('',*,*,#4031,.T.);
#4031 = EDGE_CURVE('',#4011,#4032,#4034,.T.);
#4032 = VERTEX_POINT('',#4033);
#4033 = CARTESIAN_POINT('',(-328.3776253508,-1.068524522853E+03,207.7));
#4034 = SURFACE_CURVE('',#4035,(#4060,#4067),.PCURVE_S1.);
#4035 = ( BOUNDED_CURVE() B_SPLINE_CURVE(3,(#4036,#4037,#4038,#4039,
    #4040,#4041,#4042,#4043,#4044,#4045,#4046,#4047,#4048,#4049,#4050,
    #4051,#4052,#4053,#4054,#4055,#4056,#4057,#4058,#4059),
.UNSPECIFIED.,.F.,.F.) B_SPLINE_CURVE_WITH_KNOTS((4,1,1,1,1,1,1,1,1,1,1,
    1,1,1,1,1,1,1,1,1,1,4),(0.,8.351345992186E-02,0.136371070752,
    0.186631466795,0.236892072307,0.287245985354,0.337546964594,
    0.387892568228,0.438269195911,0.488657983617,0.539039913424,
    0.589390615006,0.639739510443,0.690135953221,0.740567502215,
    0.791001192157,0.824625304057,0.849810563706,0.930093869668,
0.935215837381,0.950554965611,1.),.UNSPECIFIED.) CURVE() 
GEOMETRIC_REPRESENTATION_ITEM() RATIONAL_B_SPLINE_CURVE((1.,
    1.000000000051,0.999999999985,1.000000000003,0.999999999999,1.,1.,1.
    ,1.,1.,1.,1.,1.,1.,1.,1.,1.000000000001,0.999999999998,
    1.000000000008,0.999999999937,1.000000000021,0.999999999406,
1.000000004078,1.)) REPRESENTATION_ITEM('') );
#4036 = CARTESIAN_POINT('',(-297.085320517,-1.027138873032E+03,-5.));
#4037 = CARTESIAN_POINT('',(-286.1305928229,-1.018292363729E+03,
    8.008717576553));
#4038 = CARTESIAN_POINT('',(-298.2704541023,-1.026798197319E+03,
    14.999325035651));
#4039 = CARTESIAN_POINT('',(-300.6011651467,-1.032704554947E+03,
    29.781777604759));
#4040 = CARTESIAN_POINT('',(-306.5496311226,-1.035959917279E+03,
    42.001176541587));
#4041 = CARTESIAN_POINT('',(-312.1445277432,-1.03854632491E+03,
    54.014146905159));
#4042 = CARTESIAN_POINT('',(-315.3039295466,-1.041427965949E+03,
    65.989969999267));
#4043 = CARTESIAN_POINT('',(-320.9313508353,-1.043886130997E+03,
    78.007482310661));
#4044 = CARTESIAN_POINT('',(-325.9693697618,-1.046446822941E+03,
    90.003188093923));
#4045 = CARTESIAN_POINT('',(-331.2094194429,-1.049295479967E+03,
    102.00152178571));
#4046 = CARTESIAN_POINT('',(-336.3680934892,-1.052065831461E+03,
    113.99940139363));
#4047 = CARTESIAN_POINT('',(-341.449745074,-1.054863483512E+03,
    125.99554831415));
#4048 = CARTESIAN_POINT('',(-346.5013809164,-1.057647618204E+03,
    138.00035642969));
#4049 = CARTESIAN_POINT('',(-351.5916735814,-1.060420617632E+03,
    150.00331724818));
#4050 = CARTESIAN_POINT('',(-356.515908884,-1.063258022646E+03,
    162.01546347963));
#4051 = CARTESIAN_POINT('',(-361.2635573143,-1.066098286744E+03,
    173.95824023226));
#4052 = CARTESIAN_POINT('',(-366.0353848048,-1.068645009393E+03,
    184.80040122606));
#4053 = CARTESIAN_POINT('',(-368.5381362125,-1.070677643668E+03,
    193.04573531588));
#4054 = CARTESIAN_POINT('',(-377.3363630203,-1.073458786247E+03,
    205.83993582621));
#4055 = CARTESIAN_POINT('',(-348.6197063694,-1.071991716688E+03,
    201.81943362341));
#4056 = CARTESIAN_POINT('',(-342.2375051361,-1.07088742411E+03,
    206.71778633278));
#4057 = CARTESIAN_POINT('',(-340.3271303233,-1.07018234133E+03,
    210.78852743977));
#4058 = CARTESIAN_POINT('',(-307.5592219416,-1.067640296506E+03,
    181.81436335833));
#4059 = CARTESIAN_POINT('',(-328.3776253508,-1.068524522853E+03,207.7));
#4060 = PCURVE('',#3931,#4061);
#4061 = DEFINITIONAL_REPRESENTATION('',(#4062),#4066);
#4062 = LINE('',#4063,#4064);
#4063 = CARTESIAN_POINT('',(29.,0.));
#4064 = VECTOR('',#4065,1.);
#4065 = DIRECTION('',(0.,1.));
#4066 = ( GEOMETRIC_REPRESENTATION_CONTEXT(2) 
PARAMETRIC_REPRESENTATION_CONTEXT() REPRESENTATION_CONTEXT('2D SPACE',''
  ) );
#4067 = PCURVE('',#4068,#4117);
#4068 = ( BOUNDED_SURFACE() B_SPLINE_SURFACE(1,3,(
    (#4069,#4070,#4071,#4072,#4073,#4074,#4075,#4076,#4077,#4078,#4079
      ,#4080,#4081,#4082,#4083,#4084,#4085,#4086,#4087,#4088,#4089,#4090
      ,#4091,#4092)
    ,(#4093,#4094,#4095,#4096,#4097,#4098,#4099,#4100,#4101,#4102,#4103
      ,#4104,#4105,#4106,#4107,#4108,#4109,#4110,#4111,#4112,#4113,#4114
      ,#4115,#4116
)),.UNSPECIFIED.,.F.,.F.,.F.) B_SPLINE_SURFACE_WITH_KNOTS((2,2),(4,1,1,1
    ,1,1,1,1,1,1,1,1,1,1,1,1,1,1,1,1,1,4),(29.,30.),(0.,
    8.351345992186E-02,0.136371070752,0.186631466795,0.236892072307,
    0.287245985354,0.337546964594,0.387892568228,0.438269195911,
    0.488657983617,0.539039913424,0.589390615006,0.639739510443,
    0.690135953221,0.740567502215,0.791001192157,0.824625304057,
    0.849810563706,0.930093869668,0.935215837381,0.950554965611,1.),
.UNSPECIFIED.) GEOMETRIC_REPRESENTATION_ITEM() RATIONAL_B_SPLINE_SURFACE
((
    (1.,1.000000000051,0.999999999985,1.000000000003,0.999999999999,1.
      ,1.,1.,1.,1.,1.,1.,1.,1.,1.,1.,1.000000000001,0.999999999998
      ,1.000000000008,0.999999999937,1.000000000021,0.999999999406
      ,1.000000004078,1.)
    ,(1.,1.000000000051,0.999999999985,1.000000000003,0.999999999999,1.
      ,1.,1.,1.,1.,1.,1.,1.,1.,1.,1.,1.000000000001,0.999999999998
      ,1.000000000008,0.999999999937,1.000000000021,0.999999999406
,1.000000004078,1.))) REPRESENTATION_ITEM('') SURFACE() );
#4069 = CARTESIAN_POINT('',(-297.085320517,-1.027138873032E+03,-5.));
#4070 = CARTESIAN_POINT('',(-286.1305928229,-1.018292363729E+03,
    8.008717576553));
#4071 = CARTESIAN_POINT('',(-298.2704541023,-1.026798197319E+03,
    14.999325035651));
#4072 = CARTESIAN_POINT('',(-300.6011651467,-1.032704554947E+03,
    29.781777604759));
#4073 = CARTESIAN_POINT('',(-306.5496311226,-1.035959917279E+03,
    42.001176541587));
#4074 = CARTESIAN_POINT('',(-312.1445277432,-1.03854632491E+03,
    54.014146905159));
#4075 = CARTESIAN_POINT('',(-315.3039295466,-1.041427965949E+03,
    65.989969999267));
#4076 = CARTESIAN_POINT('',(-320.9313508353,-1.043886130997E+03,
    78.007482310661));
#4077 = CARTESIAN_POINT('',(-325.9693697618,-1.046446822941E+03,
    90.003188093923));
#4078 = CARTESIAN_POINT('',(-331.2094194429,-1.049295479967E+03,
    102.00152178571));
#4079 = CARTESIAN_POINT('',(-336.3680934892,-1.052065831461E+03,
    113.99940139363));
#4080 = CARTESIAN_POINT('',(-341.449745074,-1.054863483512E+03,
    125.99554831415));
#4081 = CARTESIAN_POINT('',(-346.5013809164,-1.057647618204E+03,
    138.00035642969));
#4082 = CARTESIAN_POINT('',(-351.5916735814,-1.060420617632E+03,
    150.00331724818));
#4083 = CARTESIAN_POINT('',(-356.515908884,-1.063258022646E+03,
    162.01546347963));
#4084 = CARTESIAN_POINT('',(-361.2635573143,-1.066098286744E+03,
    173.95824023226));
#4085 = CARTESIAN_POINT('',(-366.0353848048,-1.068645009393E+03,
    184.80040122606));
#4086 = CARTESIAN_POINT('',(-368.5381362125,-1.070677643668E+03,
    193.04573531588));
#4087 = CARTESIAN_POINT('',(-377.3363630203,-1.073458786247E+03,
    205.83993582621));
#4088 = CARTESIAN_POINT('',(-348.6197063694,-1.071991716688E+03,
    201.81943362341));
#4089 = CARTESIAN_POINT('',(-342.2375051361,-1.07088742411E+03,
    206.71778633278));
#4090 = CARTESIAN_POINT('',(-340.3271303233,-1.07018234133E+03,
    210.78852743977));
#4091 = CARTESIAN_POINT('',(-307.5592219416,-1.067640296506E+03,
    181.81436335833));
#4092 = CARTESIAN_POINT('',(-328.3776253508,-1.068524522853E+03,207.7));
#4093 = CARTESIAN_POINT('',(-289.5292001033,-1.028051438933E+03,-5.));
#4094 = CARTESIAN_POINT('',(-278.2848327488,-1.022371422898E+03,
    8.008717576553));
#4095 = CARTESIAN_POINT('',(-290.7149890436,-1.027097498786E+03,
    14.999325035651));
#4096 = CARTESIAN_POINT('',(-293.2024577281,-1.033169577197E+03,
    29.781777604759));
#4097 = CARTESIAN_POINT('',(-299.3220027856,-1.036581042286E+03,
    42.001176541587));
#4098 = CARTESIAN_POINT('',(-305.0964546604,-1.039125383416E+03,
    54.014146905159));
#4099 = CARTESIAN_POINT('',(-308.4310447653,-1.041907427442E+03,
    65.989969999267));
#4100 = CARTESIAN_POINT('',(-314.2630497169,-1.044561838706E+03,
    78.007482310661));
#4101 = CARTESIAN_POINT('',(-319.4721735913,-1.046966704247E+03,
    90.003188093923));
#4102 = CARTESIAN_POINT('',(-324.896564864,-1.049813199194E+03,
    102.00152178571));
#4103 = CARTESIAN_POINT('',(-330.2392740787,-1.052583215683E+03,
    113.99940139363));
#4104 = CARTESIAN_POINT('',(-335.501993091,-1.055365472933E+03,
    125.99554831415));
#4105 = CARTESIAN_POINT('',(-340.7380481523,-1.058136633539E+03,
    138.00035642969));
#4106 = CARTESIAN_POINT('',(-346.0127515686,-1.060893650772E+03,
    150.00331724818));
#4107 = CARTESIAN_POINT('',(-351.1201111296,-1.063714279079E+03,
    162.01546347963));
#4108 = CARTESIAN_POINT('',(-356.0545532431,-1.066544189755E+03,
    173.95824023226));
#4109 = CARTESIAN_POINT('',(-360.9751847899,-1.069059925762E+03,
    184.80040122606));
#4110 = CARTESIAN_POINT('',(-363.6407701365,-1.071098733088E+03,
    193.04573531588));
#4111 = CARTESIAN_POINT('',(-372.4693638071,-1.073716093253E+03,
    205.83993582621));
#4112 = CARTESIAN_POINT('',(-344.8289607527,-1.072265694623E+03,
    201.81943362341));
#4113 = CARTESIAN_POINT('',(-339.557857003,-1.071081281619E+03,
    206.71778633278));
#4114 = CARTESIAN_POINT('',(-338.4345630654,-1.07030401738E+03,
    210.78852743977));
#4115 = CARTESIAN_POINT('',(-307.6316877282,-1.067740549198E+03,
    181.81436335833));
#4116 = CARTESIAN_POINT('',(-328.0814851355,-1.068545914125E+03,207.7));
#4117 = DEFINITIONAL_REPRESENTATION('',(#4118),#4122);
#4118 = LINE('',#4119,#4120);
#4119 = CARTESIAN_POINT('',(29.,0.));
#4120 = VECTOR('',#4121,1.);
#4121 = DIRECTION('',(0.,1.));
#4122 = ( GEOMETRIC_REPRESENTATION_CONTEXT(2) 
PARAMETRIC_REPRESENTATION_CONTEXT() REPRESENTATION_CONTEXT('2D SPACE',''
  ) );
#4123 = ORIENTED_EDGE('',*,*,#4124,.F.);
#4124 = EDGE_CURVE('',#3895,#4032,#4125,.T.);
#4125 = SURFACE_CURVE('',#4126,(#4129,#4136),.PCURVE_S1.);
#4126 = B_SPLINE_CURVE_WITH_KNOTS('',1,(#4127,#4128),.UNSPECIFIED.,.F.,
  .F.,(2,2),(28.,29.),.PIECEWISE_BEZIER_KNOTS.);
#4127 = CARTESIAN_POINT('',(-328.6725584909,-1.068490436469E+03,207.7));
#4128 = CARTESIAN_POINT('',(-328.3776253508,-1.068524522853E+03,207.7));
#4129 = PCURVE('',#3931,#4130);
#4130 = DEFINITIONAL_REPRESENTATION('',(#4131),#4135);
#4131 = LINE('',#4132,#4133);
#4132 = CARTESIAN_POINT('',(0.,1.));
#4133 = VECTOR('',#4134,1.);
#4134 = DIRECTION('',(1.,0.));
#4135 = ( GEOMETRIC_REPRESENTATION_CONTEXT(2) 
PARAMETRIC_REPRESENTATION_CONTEXT() REPRESENTATION_CONTEXT('2D SPACE',''
  ) );
#4136 = PCURVE('',#206,#4137);
#4137 = DEFINITIONAL_REPRESENTATION('',(#4138),#4141);
#4138 = B_SPLINE_CURVE_WITH_KNOTS('',1,(#4139,#4140),.UNSPECIFIED.,.F.,
  .F.,(2,2),(28.,29.),.PIECEWISE_BEZIER_KNOTS.);
#4139 = CARTESIAN_POINT('',(5.24267587451,0.279340219608));
#4140 = CARTESIAN_POINT('',(4.949815959987,0.328130681264));
#4141 = ( GEOMETRIC_REPRESENTATION_CONTEXT(2) 
PARAMETRIC_REPRESENTATION_CONTEXT() REPRESENTATION_CONTEXT('2D SPACE',''
  ) );
#4142 = ORIENTED_EDGE('',*,*,#3894,.F.);
#4143 = ADVANCED_FACE('',(#4144),#4068,.T.);
#4144 = FACE_BOUND('',#4145,.T.);
#4145 = EDGE_LOOP('',(#4146,#4167,#4260,#4279));
#4146 = ORIENTED_EDGE('',*,*,#4147,.T.);
#4147 = EDGE_CURVE('',#4011,#4148,#4150,.T.);
#4148 = VERTEX_POINT('',#4149);
#4149 = CARTESIAN_POINT('',(-289.5292001033,-1.028051438933E+03,-5.));
#4150 = SURFACE_CURVE('',#4151,(#4154,#4161),.PCURVE_S1.);
#4151 = B_SPLINE_CURVE_WITH_KNOTS('',1,(#4152,#4153),.UNSPECIFIED.,.F.,
  .F.,(2,2),(29.,30.),.PIECEWISE_BEZIER_KNOTS.);
#4152 = CARTESIAN_POINT('',(-297.085320517,-1.027138873032E+03,-5.));
#4153 = CARTESIAN_POINT('',(-289.5292001033,-1.028051438933E+03,-5.));
#4154 = PCURVE('',#4068,#4155);
#4155 = DEFINITIONAL_REPRESENTATION('',(#4156),#4160);
#4156 = LINE('',#4157,#4158);
#4157 = CARTESIAN_POINT('',(0.,0.));
#4158 = VECTOR('',#4159,1.);
#4159 = DIRECTION('',(1.,0.));
#4160 = ( GEOMETRIC_REPRESENTATION_CONTEXT(2) 
PARAMETRIC_REPRESENTATION_CONTEXT() REPRESENTATION_CONTEXT('2D SPACE',''
  ) );
#4161 = PCURVE('',#87,#4162);
#4162 = DEFINITIONAL_REPRESENTATION('',(#4163),#4166);
#4163 = B_SPLINE_CURVE_WITH_KNOTS('',1,(#4164,#4165),.UNSPECIFIED.,.F.,
  .F.,(2,2),(29.,30.),.PIECEWISE_BEZIER_KNOTS.);
#4164 = CARTESIAN_POINT('',(128.72123682813,8.554410370612));
#4165 = CARTESIAN_POINT('',(121.1841593656,9.612803282306));
#4166 = ( GEOMETRIC_REPRESENTATION_CONTEXT(2) 
PARAMETRIC_REPRESENTATION_CONTEXT() REPRESENTATION_CONTEXT('2D SPACE',''
  ) );
#4167 = ORIENTED_EDGE('',*,*,#4168,.T.);
#4168 = EDGE_CURVE('',#4148,#4169,#4171,.T.);
#4169 = VERTEX_POINT('',#4170);
#4170 = CARTESIAN_POINT('',(-328.0814851355,-1.068545914125E+03,207.7));
#4171 = SURFACE_CURVE('',#4172,(#4197,#4204),.PCURVE_S1.);
#4172 = ( BOUNDED_CURVE() B_SPLINE_CURVE(3,(#4173,#4174,#4175,#4176,
    #4177,#4178,#4179,#4180,#4181,#4182,#4183,#4184,#4185,#4186,#4187,
    #4188,#4189,#4190,#4191,#4192,#4193,#4194,#4195,#4196),
.UNSPECIFIED.,.F.,.F.) B_SPLINE_CURVE_WITH_KNOTS((4,1,1,1,1,1,1,1,1,1,1,
    1,1,1,1,1,1,1,1,1,1,4),(0.,8.351345992186E-02,0.136371070752,
    0.186631466795,0.236892072307,0.287245985354,0.337546964594,
    0.387892568228,0.438269195911,0.488657983617,0.539039913424,
    0.589390615006,0.639739510443,0.690135953221,0.740567502215,
    0.791001192157,0.824625304057,0.849810563706,0.930093869668,
0.935215837381,0.950554965611,1.),.UNSPECIFIED.) CURVE() 
GEOMETRIC_REPRESENTATION_ITEM() RATIONAL_B_SPLINE_CURVE((1.,
    1.000000000051,0.999999999985,1.000000000003,0.999999999999,1.,1.,1.
    ,1.,1.,1.,1.,1.,1.,1.,1.,1.000000000001,0.999999999998,
    1.000000000008,0.999999999937,1.000000000021,0.999999999406,
1.000000004078,1.)) REPRESENTATION_ITEM('') );
#4173 = CARTESIAN_POINT('',(-289.5292001033,-1.028051438933E+03,-5.));
#4174 = CARTESIAN_POINT('',(-278.2848327488,-1.022371422898E+03,
    8.008717576553));
#4175 = CARTESIAN_POINT('',(-290.7149890436,-1.027097498786E+03,
    14.999325035651));
#4176 = CARTESIAN_POINT('',(-293.2024577281,-1.033169577197E+03,
    29.781777604759));
#4177 = CARTESIAN_POINT('',(-299.3220027856,-1.036581042286E+03,
    42.001176541587));
#4178 = CARTESIAN_POINT('',(-305.0964546604,-1.039125383416E+03,
    54.014146905159));
#4179 = CARTESIAN_POINT('',(-308.4310447653,-1.041907427442E+03,
    65.989969999267));
#4180 = CARTESIAN_POINT('',(-314.2630497169,-1.044561838706E+03,
    78.007482310661));
#4181 = CARTESIAN_POINT('',(-319.4721735913,-1.046966704247E+03,
    90.003188093923));
#4182 = CARTESIAN_POINT('',(-324.896564864,-1.049813199194E+03,
    102.00152178571));
#4183 = CARTESIAN_POINT('',(-330.2392740787,-1.052583215683E+03,
    113.99940139363));
#4184 = CARTESIAN_POINT('',(-335.501993091,-1.055365472933E+03,
    125.99554831415));
#4185 = CARTESIAN_POINT('',(-340.7380481523,-1.058136633539E+03,
    138.00035642969));
#4186 = CARTESIAN_POINT('',(-346.0127515686,-1.060893650772E+03,
    150.00331724818));
#4187 = CARTESIAN_POINT('',(-351.1201111296,-1.063714279079E+03,
    162.01546347963));
#4188 = CARTESIAN_POINT('',(-356.0545532431,-1.066544189755E+03,
    173.95824023226));
#4189 = CARTESIAN_POINT('',(-360.9751847899,-1.069059925762E+03,
    184.80040122606));
#4190 = CARTESIAN_POINT('',(-363.6407701365,-1.071098733088E+03,
    193.04573531588));
#4191 = CARTESIAN_POINT('',(-372.4693638071,-1.073716093253E+03,
    205.83993582621));
#4192 = CARTESIAN_POINT('',(-344.8289607527,-1.072265694623E+03,
    201.81943362341));
#4193 = CARTESIAN_POINT('',(-339.557857003,-1.071081281619E+03,
    206.71778633278));
#4194 = CARTESIAN_POINT('',(-338.4345630654,-1.07030401738E+03,
    210.78852743977));
#4195 = CARTESIAN_POINT('',(-307.6316877282,-1.067740549198E+03,
    181.81436335833));
#4196 = CARTESIAN_POINT('',(-328.0814851355,-1.068545914125E+03,207.7));
#4197 = PCURVE('',#4068,#4198);
#4198 = DEFINITIONAL_REPRESENTATION('',(#4199),#4203);
#4199 = LINE('',#4200,#4201);
#4200 = CARTESIAN_POINT('',(30.,0.));
#4201 = VECTOR('',#4202,1.);
#4202 = DIRECTION('',(0.,1.));
#4203 = ( GEOMETRIC_REPRESENTATION_CONTEXT(2) 
PARAMETRIC_REPRESENTATION_CONTEXT() REPRESENTATION_CONTEXT('2D SPACE',''
  ) );
#4204 = PCURVE('',#4205,#4254);
#4205 = ( BOUNDED_SURFACE() B_SPLINE_SURFACE(1,3,(
    (#4206,#4207,#4208,#4209,#4210,#4211,#4212,#4213,#4214,#4215,#4216
      ,#4217,#4218,#4219,#4220,#4221,#4222,#4223,#4224,#4225,#4226,#4227
      ,#4228,#4229)
    ,(#4230,#4231,#4232,#4233,#4234,#4235,#4236,#4237,#4238,#4239,#4240
      ,#4241,#4242,#4243,#4244,#4245,#4246,#4247,#4248,#4249,#4250,#4251
      ,#4252,#4253
)),.UNSPECIFIED.,.F.,.F.,.F.) B_SPLINE_SURFACE_WITH_KNOTS((2,2),(4,1,1,1
    ,1,1,1,1,1,1,1,1,1,1,1,1,1,1,1,1,1,4),(30.,31.),(0.,
    8.351345992186E-02,0.136371070752,0.186631466795,0.236892072307,
    0.287245985354,0.337546964594,0.387892568228,0.438269195911,
    0.488657983617,0.539039913424,0.589390615006,0.639739510443,
    0.690135953221,0.740567502215,0.791001192157,0.824625304057,
    0.849810563706,0.930093869668,0.935215837381,0.950554965611,1.),
.UNSPECIFIED.) GEOMETRIC_REPRESENTATION_ITEM() RATIONAL_B_SPLINE_SURFACE
((
    (1.,1.000000000051,0.999999999985,1.000000000003,0.999999999999,1.
      ,1.,1.,1.,1.,1.,1.,1.,1.,1.,1.,1.000000000001,0.999999999998
      ,1.000000000008,0.999999999937,1.000000000021,0.999999999406
      ,1.000000004078,1.)
    ,(1.,1.000000000051,0.999999999985,1.000000000003,0.999999999999,1.
      ,1.,1.,1.,1.,1.,1.,1.,1.,1.,1.,1.000000000001,0.999999999998
      ,1.000000000008,0.999999999937,1.000000000021,0.999999999406
,1.000000004078,1.))) REPRESENTATION_ITEM('') SURFACE() );
#4206 = CARTESIAN_POINT('',(-289.5292001033,-1.028051438933E+03,-5.));
#4207 = CARTESIAN_POINT('',(-278.2848327488,-1.022371422898E+03,
    8.008717576553));
#4208 = CARTESIAN_POINT('',(-290.7149890436,-1.027097498786E+03,
    14.999325035651));
#4209 = CARTESIAN_POINT('',(-293.2024577281,-1.033169577197E+03,
    29.781777604759));
#4210 = CARTESIAN_POINT('',(-299.3220027856,-1.036581042286E+03,
    42.001176541587));
#4211 = CARTESIAN_POINT('',(-305.0964546604,-1.039125383416E+03,
    54.014146905159));
#4212 = CARTESIAN_POINT('',(-308.4310447653,-1.041907427442E+03,
    65.989969999267));
#4213 = CARTESIAN_POINT('',(-314.2630497169,-1.044561838706E+03,
    78.007482310661));
#4214 = CARTESIAN_POINT('',(-319.4721735913,-1.046966704247E+03,
    90.003188093923));
#4215 = CARTESIAN_POINT('',(-324.896564864,-1.049813199194E+03,
    102.00152178571));
#4216 = CARTESIAN_POINT('',(-330.2392740787,-1.052583215683E+03,
    113.99940139363));
#4217 = CARTESIAN_POINT('',(-335.501993091,-1.055365472933E+03,
    125.99554831415));
#4218 = CARTESIAN_POINT('',(-340.7380481523,-1.058136633539E+03,
    138.00035642969));
#4219 = CARTESIAN_POINT('',(-346.0127515686,-1.060893650772E+03,
    150.00331724818));
#4220 = CARTESIAN_POINT('',(-351.1201111296,-1.063714279079E+03,
    162.01546347963));
#4221 = CARTESIAN_POINT('',(-356.0545532431,-1.066544189755E+03,
    173.95824023226));
#4222 = CARTESIAN_POINT('',(-360.9751847899,-1.069059925762E+03,
    184.80040122606));
#4223 = CARTESIAN_POINT('',(-363.6407701365,-1.071098733088E+03,
    193.04573531588));
#4224 = CARTESIAN_POINT('',(-372.4693638071,-1.073716093253E+03,
    205.83993582621));
#4225 = CARTESIAN_POINT('',(-344.8289607527,-1.072265694623E+03,
    201.81943362341));
#4226 = CARTESIAN_POINT('',(-339.557857003,-1.071081281619E+03,
    206.71778633278));
#4227 = CARTESIAN_POINT('',(-338.4345630654,-1.07030401738E+03,
    210.78852743977));
#4228 = CARTESIAN_POINT('',(-307.6316877282,-1.067740549198E+03,
    181.81436335833));
#4229 = CARTESIAN_POINT('',(-328.0814851355,-1.068545914125E+03,207.7));
#4230 = CARTESIAN_POINT('',(-281.9267621823,-1.028587223847E+03,-5.));
#4231 = CARTESIAN_POINT('',(-269.8342846325,-1.020121148777E+03,
    8.008717576553));
#4232 = CARTESIAN_POINT('',(-283.2292230703,-1.028297025056E+03,
    14.999325035651));
#4233 = CARTESIAN_POINT('',(-285.819860775,-1.033838290489E+03,
    29.781777604759));
#4234 = CARTESIAN_POINT('',(-292.0849299799,-1.037092283523E+03,
    42.001176541587));
#4235 = CARTESIAN_POINT('',(-298.0448781035,-1.039661743813E+03,
    54.014146905159));
#4236 = CARTESIAN_POINT('',(-301.5595502676,-1.042402003599E+03,
    65.989969999267));
#4237 = CARTESIAN_POINT('',(-307.5765000685,-1.045017316253E+03,
    78.007482310661));
#4238 = CARTESIAN_POINT('',(-312.9919652396,-1.047688631134E+03,
    90.003188093923));
#4239 = CARTESIAN_POINT('',(-318.5717621991,-1.050182917925E+03,
    102.00152178571));
#4240 = CARTESIAN_POINT('',(-324.1051229864,-1.053031598694E+03,
    113.99940139363));
#4241 = CARTESIAN_POINT('',(-329.5470657898,-1.055774832846E+03,
    125.99554831415));
#4242 = CARTESIAN_POINT('',(-334.9693638339,-1.058556614485E+03,
    138.00035642969));
#4243 = CARTESIAN_POINT('',(-340.4291640881,-1.06130703539E+03,
    150.00331724818));
#4244 = CARTESIAN_POINT('',(-345.7219870868,-1.064138753963E+03,
    162.01546347963));
#4245 = CARTESIAN_POINT('',(-350.8464068153,-1.066992108699E+03,
    173.95824023226));
#4246 = CARTESIAN_POINT('',(-355.916737459,-1.069496005163E+03,
    184.80040122606));
#4247 = CARTESIAN_POINT('',(-358.7525908427,-1.071606413306E+03,
    193.04573531588));
#4248 = CARTESIAN_POINT('',(-367.5991984358,-1.074006514548E+03,
    205.83993582621));
#4249 = CARTESIAN_POINT('',(-341.0381878088,-1.072539169589E+03,
    201.81943362341));
#4250 = CARTESIAN_POINT('',(-336.8782296607,-1.071275182934E+03,
    206.71778633278));
#4251 = CARTESIAN_POINT('',(-336.5411824972,-1.070426751636E+03,
    210.78852743977));
#4252 = CARTESIAN_POINT('',(-307.7098158418,-1.067832752272E+03,
    181.81436335833));
#4253 = CARTESIAN_POINT('',(-327.7853449201,-1.068567305396E+03,207.7));
#4254 = DEFINITIONAL_REPRESENTATION('',(#4255),#4259);
#4255 = LINE('',#4256,#4257);
#4256 = CARTESIAN_POINT('',(30.,0.));
#4257 = VECTOR('',#4258,1.);
#4258 = DIRECTION('',(0.,1.));
#4259 = ( GEOMETRIC_REPRESENTATION_CONTEXT(2) 
PARAMETRIC_REPRESENTATION_CONTEXT() REPRESENTATION_CONTEXT('2D SPACE',''
  ) );
#4260 = ORIENTED_EDGE('',*,*,#4261,.F.);
#4261 = EDGE_CURVE('',#4032,#4169,#4262,.T.);
#4262 = SURFACE_CURVE('',#4263,(#4266,#4273),.PCURVE_S1.);
#4263 = B_SPLINE_CURVE_WITH_KNOTS('',1,(#4264,#4265),.UNSPECIFIED.,.F.,
  .F.,(2,2),(29.,30.),.PIECEWISE_BEZIER_KNOTS.);
#4264 = CARTESIAN_POINT('',(-328.3776253508,-1.068524522853E+03,207.7));
#4265 = CARTESIAN_POINT('',(-328.0814851355,-1.068545914125E+03,207.7));
#4266 = PCURVE('',#4068,#4267);
#4267 = DEFINITIONAL_REPRESENTATION('',(#4268),#4272);
#4268 = LINE('',#4269,#4270);
#4269 = CARTESIAN_POINT('',(0.,1.));
#4270 = VECTOR('',#4271,1.);
#4271 = DIRECTION('',(1.,0.));
#4272 = ( GEOMETRIC_REPRESENTATION_CONTEXT(2) 
PARAMETRIC_REPRESENTATION_CONTEXT() REPRESENTATION_CONTEXT('2D SPACE',''
  ) );
#4273 = PCURVE('',#206,#4274);
#4274 = DEFINITIONAL_REPRESENTATION('',(#4275),#4278);
#4275 = B_SPLINE_CURVE_WITH_KNOTS('',1,(#4276,#4277),.UNSPECIFIED.,.F.,
  .F.,(2,2),(29.,30.),.PIECEWISE_BEZIER_KNOTS.);
#4276 = CARTESIAN_POINT('',(4.949815959987,0.328130681264));
#4277 = CARTESIAN_POINT('',(4.655115721933,0.364302263157));
#4278 = ( GEOMETRIC_REPRESENTATION_CONTEXT(2) 
PARAMETRIC_REPRESENTATION_CONTEXT() REPRESENTATION_CONTEXT('2D SPACE',''
  ) );
#4279 = ORIENTED_EDGE('',*,*,#4031,.F.);
#4280 = ADVANCED_FACE('',(#4281),#4205,.T.);
#4281 = FACE_BOUND('',#4282,.T.);
#4282 = EDGE_LOOP('',(#4283,#4304,#4397,#4416));
#4283 = ORIENTED_EDGE('',*,*,#4284,.T.);
#4284 = EDGE_CURVE('',#4148,#4285,#4287,.T.);
#4285 = VERTEX_POINT('',#4286);
#4286 = CARTESIAN_POINT('',(-281.9267621823,-1.028587223847E+03,-5.));
#4287 = SURFACE_CURVE('',#4288,(#4291,#4298),.PCURVE_S1.);
#4288 = B_SPLINE_CURVE_WITH_KNOTS('',1,(#4289,#4290),.UNSPECIFIED.,.F.,
  .F.,(2,2),(30.,31.),.PIECEWISE_BEZIER_KNOTS.);
#4289 = CARTESIAN_POINT('',(-289.5292001033,-1.028051438933E+03,-5.));
#4290 = CARTESIAN_POINT('',(-281.9267621823,-1.028587223847E+03,-5.));
#4291 = PCURVE('',#4205,#4292);
#4292 = DEFINITIONAL_REPRESENTATION('',(#4293),#4297);
#4293 = LINE('',#4294,#4295);
#4294 = CARTESIAN_POINT('',(0.,0.));
#4295 = VECTOR('',#4296,1.);
#4296 = DIRECTION('',(1.,0.));
#4297 = ( GEOMETRIC_REPRESENTATION_CONTEXT(2) 
PARAMETRIC_REPRESENTATION_CONTEXT() REPRESENTATION_CONTEXT('2D SPACE',''
  ) );
#4298 = PCURVE('',#87,#4299);
#4299 = DEFINITIONAL_REPRESENTATION('',(#4300),#4303);
#4300 = B_SPLINE_CURVE_WITH_KNOTS('',1,(#4301,#4302),.UNSPECIFIED.,.F.,
  .F.,(2,2),(30.,31.),.PIECEWISE_BEZIER_KNOTS.);
#4301 = CARTESIAN_POINT('',(121.1841593656,9.612803282306));
#4302 = CARTESIAN_POINT('',(113.59349297939,10.295380478986));
#4303 = ( GEOMETRIC_REPRESENTATION_CONTEXT(2) 
PARAMETRIC_REPRESENTATION_CONTEXT() REPRESENTATION_CONTEXT('2D SPACE',''
  ) );
#4304 = ORIENTED_EDGE('',*,*,#4305,.T.);
#4305 = EDGE_CURVE('',#4285,#4306,#4308,.T.);
#4306 = VERTEX_POINT('',#4307);
#4307 = CARTESIAN_POINT('',(-327.7853449201,-1.068567305396E+03,207.7));
#4308 = SURFACE_CURVE('',#4309,(#4334,#4341),.PCURVE_S1.);
#4309 = ( BOUNDED_CURVE() B_SPLINE_CURVE(3,(#4310,#4311,#4312,#4313,
    #4314,#4315,#4316,#4317,#4318,#4319,#4320,#4321,#4322,#4323,#4324,
    #4325,#4326,#4327,#4328,#4329,#4330,#4331,#4332,#4333),
.UNSPECIFIED.,.F.,.F.) B_SPLINE_CURVE_WITH_KNOTS((4,1,1,1,1,1,1,1,1,1,1,
    1,1,1,1,1,1,1,1,1,1,4),(0.,8.351345992186E-02,0.136371070752,
    0.186631466795,0.236892072307,0.287245985354,0.337546964594,
    0.387892568228,0.438269195911,0.488657983617,0.539039913424,
    0.589390615006,0.639739510443,0.690135953221,0.740567502215,
    0.791001192157,0.824625304057,0.849810563706,0.930093869668,
0.935215837381,0.950554965611,1.),.UNSPECIFIED.) CURVE() 
GEOMETRIC_REPRESENTATION_ITEM() RATIONAL_B_SPLINE_CURVE((1.,
    1.000000000051,0.999999999985,1.000000000003,0.999999999999,1.,1.,1.
    ,1.,1.,1.,1.,1.,1.,1.,1.,1.000000000001,0.999999999998,
    1.000000000008,0.999999999937,1.000000000021,0.999999999406,
1.000000004078,1.)) REPRESENTATION_ITEM('') );
#4310 = CARTESIAN_POINT('',(-281.9267621823,-1.028587223847E+03,-5.));
#4311 = CARTESIAN_POINT('',(-269.8342846325,-1.020121148777E+03,
    8.008717576553));
#4312 = CARTESIAN_POINT('',(-283.2292230703,-1.028297025056E+03,
    14.999325035651));
#4313 = CARTESIAN_POINT('',(-285.819860775,-1.033838290489E+03,
    29.781777604759));
#4314 = CARTESIAN_POINT('',(-292.0849299799,-1.037092283523E+03,
    42.001176541587));
#4315 = CARTESIAN_POINT('',(-298.0448781035,-1.039661743813E+03,
    54.014146905159));
#4316 = CARTESIAN_POINT('',(-301.5595502676,-1.042402003599E+03,
    65.989969999267));
#4317 = CARTESIAN_POINT('',(-307.5765000685,-1.045017316253E+03,
    78.007482310661));
#4318 = CARTESIAN_POINT('',(-312.9919652396,-1.047688631134E+03,
    90.003188093923));
#4319 = CARTESIAN_POINT('',(-318.5717621991,-1.050182917925E+03,
    102.00152178571));
#4320 = CARTESIAN_POINT('',(-324.1051229864,-1.053031598694E+03,
    113.99940139363));
#4321 = CARTESIAN_POINT('',(-329.5470657898,-1.055774832846E+03,
    125.99554831415));
#4322 = CARTESIAN_POINT('',(-334.9693638339,-1.058556614485E+03,
    138.00035642969));
#4323 = CARTESIAN_POINT('',(-340.4291640881,-1.06130703539E+03,
    150.00331724818));
#4324 = CARTESIAN_POINT('',(-345.7219870868,-1.064138753963E+03,
    162.01546347963));
#4325 = CARTESIAN_POINT('',(-350.8464068153,-1.066992108699E+03,
    173.95824023226));
#4326 = CARTESIAN_POINT('',(-355.916737459,-1.069496005163E+03,
    184.80040122606));
#4327 = CARTESIAN_POINT('',(-358.7525908427,-1.071606413306E+03,
    193.04573531588));
#4328 = CARTESIAN_POINT('',(-367.5991984358,-1.074006514548E+03,
    205.83993582621));
#4329 = CARTESIAN_POINT('',(-341.0381878088,-1.072539169589E+03,
    201.81943362341));
#4330 = CARTESIAN_POINT('',(-336.8782296607,-1.071275182934E+03,
    206.71778633278));
#4331 = CARTESIAN_POINT('',(-336.5411824972,-1.070426751636E+03,
    210.78852743977));
#4332 = CARTESIAN_POINT('',(-307.7098158418,-1.067832752272E+03,
    181.81436335833));
#4333 = CARTESIAN_POINT('',(-327.7853449201,-1.068567305396E+03,207.7));
#4334 = PCURVE('',#4205,#4335);
#4335 = DEFINITIONAL_REPRESENTATION('',(#4336),#4340);
#4336 = LINE('',#4337,#4338);
#4337 = CARTESIAN_POINT('',(31.,0.));
#4338 = VECTOR('',#4339,1.);
#4339 = DIRECTION('',(0.,1.));
#4340 = ( GEOMETRIC_REPRESENTATION_CONTEXT(2) 
PARAMETRIC_REPRESENTATION_CONTEXT() REPRESENTATION_CONTEXT('2D SPACE',''
  ) );
#4341 = PCURVE('',#4342,#4391);
#4342 = ( BOUNDED_SURFACE() B_SPLINE_SURFACE(1,3,(
    (#4343,#4344,#4345,#4346,#4347,#4348,#4349,#4350,#4351,#4352,#4353
      ,#4354,#4355,#4356,#4357,#4358,#4359,#4360,#4361,#4362,#4363,#4364
      ,#4365,#4366)
    ,(#4367,#4368,#4369,#4370,#4371,#4372,#4373,#4374,#4375,#4376,#4377
      ,#4378,#4379,#4380,#4381,#4382,#4383,#4384,#4385,#4386,#4387,#4388
      ,#4389,#4390
)),.UNSPECIFIED.,.F.,.F.,.F.) B_SPLINE_SURFACE_WITH_KNOTS((2,2),(4,1,1,1
    ,1,1,1,1,1,1,1,1,1,1,1,1,1,1,1,1,1,4),(31.,32.),(0.,
    8.351345992186E-02,0.136371070752,0.186631466795,0.236892072307,
    0.287245985354,0.337546964594,0.387892568228,0.438269195911,
    0.488657983617,0.539039913424,0.589390615006,0.639739510443,
    0.690135953221,0.740567502215,0.791001192157,0.824625304057,
    0.849810563706,0.930093869668,0.935215837381,0.950554965611,1.),
.UNSPECIFIED.) GEOMETRIC_REPRESENTATION_ITEM() RATIONAL_B_SPLINE_SURFACE
((
    (1.,1.000000000051,0.999999999985,1.000000000003,0.999999999999,1.
      ,1.,1.,1.,1.,1.,1.,1.,1.,1.,1.,1.000000000001,0.999999999998
      ,1.000000000008,0.999999999937,1.000000000021,0.999999999406
      ,1.000000004078,1.)
    ,(1.,1.000000000051,0.999999999985,1.000000000003,0.999999999999,1.
      ,1.,1.,1.,1.,1.,1.,1.,1.,1.,1.,1.000000000001,0.999999999998
      ,1.000000000008,0.999999999937,1.000000000021,0.999999999406
,1.000000004078,1.))) REPRESENTATION_ITEM('') SURFACE() );
#4343 = CARTESIAN_POINT('',(-281.9267621823,-1.028587223847E+03,-5.));
#4344 = CARTESIAN_POINT('',(-269.8342846325,-1.020121148777E+03,
    8.008717576553));
#4345 = CARTESIAN_POINT('',(-283.2292230703,-1.028297025056E+03,
    14.999325035651));
#4346 = CARTESIAN_POINT('',(-285.819860775,-1.033838290489E+03,
    29.781777604759));
#4347 = CARTESIAN_POINT('',(-292.0849299799,-1.037092283523E+03,
    42.001176541587));
#4348 = CARTESIAN_POINT('',(-298.0448781035,-1.039661743813E+03,
    54.014146905159));
#4349 = CARTESIAN_POINT('',(-301.5595502676,-1.042402003599E+03,
    65.989969999267));
#4350 = CARTESIAN_POINT('',(-307.5765000685,-1.045017316253E+03,
    78.007482310661));
#4351 = CARTESIAN_POINT('',(-312.9919652396,-1.047688631134E+03,
    90.003188093923));
#4352 = CARTESIAN_POINT('',(-318.5717621991,-1.050182917925E+03,
    102.00152178571));
#4353 = CARTESIAN_POINT('',(-324.1051229864,-1.053031598694E+03,
    113.99940139363));
#4354 = CARTESIAN_POINT('',(-329.5470657898,-1.055774832846E+03,
    125.99554831415));
#4355 = CARTESIAN_POINT('',(-334.9693638339,-1.058556614485E+03,
    138.00035642969));
#4356 = CARTESIAN_POINT('',(-340.4291640881,-1.06130703539E+03,
    150.00331724818));
#4357 = CARTESIAN_POINT('',(-345.7219870868,-1.064138753963E+03,
    162.01546347963));
#4358 = CARTESIAN_POINT('',(-350.8464068153,-1.066992108699E+03,
    173.95824023226));
#4359 = CARTESIAN_POINT('',(-355.916737459,-1.069496005163E+03,
    184.80040122606));
#4360 = CARTESIAN_POINT('',(-358.7525908427,-1.071606413306E+03,
    193.04573531588));
#4361 = CARTESIAN_POINT('',(-367.5991984358,-1.074006514548E+03,
    205.83993582621));
#4362 = CARTESIAN_POINT('',(-341.0381878088,-1.072539169589E+03,
    201.81943362341));
#4363 = CARTESIAN_POINT('',(-336.8782296607,-1.071275182934E+03,
    206.71778633278));
#4364 = CARTESIAN_POINT('',(-336.5411824972,-1.070426751636E+03,
    210.78852743977));
#4365 = CARTESIAN_POINT('',(-307.7098158418,-1.067832752272E+03,
    181.81436335833));
#4366 = CARTESIAN_POINT('',(-327.7853449201,-1.068567305396E+03,207.7));
#4367 = CARTESIAN_POINT('',(-274.3236307778,-1.029113066855E+03,-5.));
#4368 = CARTESIAN_POINT('',(-261.5401006702,-1.019634180849E+03,
    8.008717576553));
#4369 = CARTESIAN_POINT('',(-275.7039114375,-1.029048774636E+03,
    14.999325035651));
#4370 = CARTESIAN_POINT('',(-278.4320922668,-1.03444477356E+03,
    29.781777604759));
#4371 = CARTESIAN_POINT('',(-284.8494636112,-1.037616256707E+03,
    42.001176541587));
#4372 = CARTESIAN_POINT('',(-290.9910465788,-1.040169547639E+03,
    54.014146905159));
#4373 = CARTESIAN_POINT('',(-294.6879756052,-1.042896023086E+03,
    65.989969999267));
#4374 = CARTESIAN_POINT('',(-300.8925222514,-1.045503530839E+03,
    78.007482310661));
#4375 = CARTESIAN_POINT('',(-306.4891141525,-1.048139586352E+03,
    90.003188093923));
#4376 = CARTESIAN_POINT('',(-312.2634388047,-1.050751273669E+03,
    102.00152178571));
#4377 = CARTESIAN_POINT('',(-317.9665440536,-1.053426652445E+03,
    113.99940139363));
#4378 = CARTESIAN_POINT('',(-323.5933701498,-1.056198867675E+03,
    125.99554831415));
#4379 = CARTESIAN_POINT('',(-329.1995062187,-1.058961618566E+03,
    138.00035642969));
#4380 = CARTESIAN_POINT('',(-334.8427012353,-1.061682087741E+03,
    150.00331724818));
#4381 = CARTESIAN_POINT('',(-340.3225006425,-1.064543543793E+03,
    162.01546347963));
#4382 = CARTESIAN_POINT('',(-345.6405589232,-1.067465769502E+03,
    173.95824023226));
#4383 = CARTESIAN_POINT('',(-350.8599612106,-1.069951701329E+03,
    184.80040122606));
#4384 = CARTESIAN_POINT('',(-353.8681326272,-1.072156871077E+03,
    193.04573531588));
#4385 = CARTESIAN_POINT('',(-362.721190235,-1.07421119402E+03,
    205.83993582621));
#4386 = CARTESIAN_POINT('',(-337.2509135785,-1.072852261002E+03,
    201.81943362341));
#4387 = CARTESIAN_POINT('',(-334.2010718809,-1.071497050695E+03,
    206.71778633278));
#4388 = CARTESIAN_POINT('',(-334.6478196243,-1.070550095306E+03,
    210.78852743977));
#4389 = CARTESIAN_POINT('',(-307.7998839019,-1.068057318813E+03,
    181.81436335833));
#4390 = CARTESIAN_POINT('',(-327.4894743313,-1.068591750781E+03,207.7));
#4391 = DEFINITIONAL_REPRESENTATION('',(#4392),#4396);
#4392 = LINE('',#4393,#4394);
#4393 = CARTESIAN_POINT('',(31.,0.));
#4394 = VECTOR('',#4395,1.);
#4395 = DIRECTION('',(0.,1.));
#4396 = ( GEOMETRIC_REPRESENTATION_CONTEXT(2) 
PARAMETRIC_REPRESENTATION_CONTEXT() REPRESENTATION_CONTEXT('2D SPACE',''
  ) );
#4397 = ORIENTED_EDGE('',*,*,#4398,.F.);
#4398 = EDGE_CURVE('',#4169,#4306,#4399,.T.);
#4399 = SURFACE_CURVE('',#4400,(#4403,#4410),.PCURVE_S1.);
#4400 = B_SPLINE_CURVE_WITH_KNOTS('',1,(#4401,#4402),.UNSPECIFIED.,.F.,
  .F.,(2,2),(30.,31.),.PIECEWISE_BEZIER_KNOTS.);
#4401 = CARTESIAN_POINT('',(-328.0814851355,-1.068545914125E+03,207.7));
#4402 = CARTESIAN_POINT('',(-327.7853449201,-1.068567305396E+03,207.7));
#4403 = PCURVE('',#4205,#4404);
#4404 = DEFINITIONAL_REPRESENTATION('',(#4405),#4409);
#4405 = LINE('',#4406,#4407);
#4406 = CARTESIAN_POINT('',(0.,1.));
#4407 = VECTOR('',#4408,1.);
#4408 = DIRECTION('',(1.,0.));
#4409 = ( GEOMETRIC_REPRESENTATION_CONTEXT(2) 
PARAMETRIC_REPRESENTATION_CONTEXT() REPRESENTATION_CONTEXT('2D SPACE',''
  ) );
#4410 = PCURVE('',#206,#4411);
#4411 = DEFINITIONAL_REPRESENTATION('',(#4412),#4415);
#4412 = B_SPLINE_CURVE_WITH_KNOTS('',1,(#4413,#4414),.UNSPECIFIED.,.F.,
  .F.,(2,2),(30.,31.),.PIECEWISE_BEZIER_KNOTS.);
#4413 = CARTESIAN_POINT('',(4.655115721933,0.364302263157));
#4414 = CARTESIAN_POINT('',(4.360415483879,0.40047384505));
#4415 = ( GEOMETRIC_REPRESENTATION_CONTEXT(2) 
PARAMETRIC_REPRESENTATION_CONTEXT() REPRESENTATION_CONTEXT('2D SPACE',''
  ) );
#4416 = ORIENTED_EDGE('',*,*,#4168,.F.);
#4417 = ADVANCED_FACE('',(#4418),#4342,.T.);
#4418 = FACE_BOUND('',#4419,.T.);
#4419 = EDGE_LOOP('',(#4420,#4441,#4534,#4553));
#4420 = ORIENTED_EDGE('',*,*,#4421,.T.);
#4421 = EDGE_CURVE('',#4285,#4422,#4424,.T.);
#4422 = VERTEX_POINT('',#4423);
#4423 = CARTESIAN_POINT('',(-274.3236307778,-1.029113066855E+03,-5.));
#4424 = SURFACE_CURVE('',#4425,(#4428,#4435),.PCURVE_S1.);
#4425 = B_SPLINE_CURVE_WITH_KNOTS('',1,(#4426,#4427),.UNSPECIFIED.,.F.,
  .F.,(2,2),(31.,32.),.PIECEWISE_BEZIER_KNOTS.);
#4426 = CARTESIAN_POINT('',(-281.9267621823,-1.028587223847E+03,-5.));
#4427 = CARTESIAN_POINT('',(-274.3236307778,-1.029113066855E+03,-5.));
#4428 = PCURVE('',#4342,#4429);
#4429 = DEFINITIONAL_REPRESENTATION('',(#4430),#4434);
#4430 = LINE('',#4431,#4432);
#4431 = CARTESIAN_POINT('',(0.,0.));
#4432 = VECTOR('',#4433,1.);
#4433 = DIRECTION('',(1.,0.));
#4434 = ( GEOMETRIC_REPRESENTATION_CONTEXT(2) 
PARAMETRIC_REPRESENTATION_CONTEXT() REPRESENTATION_CONTEXT('2D SPACE',''
  ) );
#4435 = PCURVE('',#87,#4436);
#4436 = DEFINITIONAL_REPRESENTATION('',(#4437),#4440);
#4437 = B_SPLINE_CURVE_WITH_KNOTS('',1,(#4438,#4439),.UNSPECIFIED.,.F.,
  .F.,(2,2),(31.,32.),.PIECEWISE_BEZIER_KNOTS.);
#4438 = CARTESIAN_POINT('',(113.59349297939,10.295380478986));
#4439 = CARTESIAN_POINT('',(106.00194114422,10.968031024624));
#4440 = ( GEOMETRIC_REPRESENTATION_CONTEXT(2) 
PARAMETRIC_REPRESENTATION_CONTEXT() REPRESENTATION_CONTEXT('2D SPACE',''
  ) );
#4441 = ORIENTED_EDGE('',*,*,#4442,.T.);
#4442 = EDGE_CURVE('',#4422,#4443,#4445,.T.);
#4443 = VERTEX_POINT('',#4444);
#4444 = CARTESIAN_POINT('',(-327.4894743313,-1.068591750781E+03,207.7));
#4445 = SURFACE_CURVE('',#4446,(#4471,#4478),.PCURVE_S1.);
#4446 = ( BOUNDED_CURVE() B_SPLINE_CURVE(3,(#4447,#4448,#4449,#4450,
    #4451,#4452,#4453,#4454,#4455,#4456,#4457,#4458,#4459,#4460,#4461,
    #4462,#4463,#4464,#4465,#4466,#4467,#4468,#4469,#4470),
.UNSPECIFIED.,.F.,.F.) B_SPLINE_CURVE_WITH_KNOTS((4,1,1,1,1,1,1,1,1,1,1,
    1,1,1,1,1,1,1,1,1,1,4),(0.,8.351345992186E-02,0.136371070752,
    0.186631466795,0.236892072307,0.287245985354,0.337546964594,
    0.387892568228,0.438269195911,0.488657983617,0.539039913424,
    0.589390615006,0.639739510443,0.690135953221,0.740567502215,
    0.791001192157,0.824625304057,0.849810563706,0.930093869668,
0.935215837381,0.950554965611,1.),.UNSPECIFIED.) CURVE() 
GEOMETRIC_REPRESENTATION_ITEM() RATIONAL_B_SPLINE_CURVE((1.,
    1.000000000051,0.999999999985,1.000000000003,0.999999999999,1.,1.,1.
    ,1.,1.,1.,1.,1.,1.,1.,1.,1.000000000001,0.999999999998,
    1.000000000008,0.999999999937,1.000000000021,0.999999999406,
1.000000004078,1.)) REPRESENTATION_ITEM('') );
#4447 = CARTESIAN_POINT('',(-274.3236307778,-1.029113066855E+03,-5.));
#4448 = CARTESIAN_POINT('',(-261.5401006702,-1.019634180849E+03,
    8.008717576553));
#4449 = CARTESIAN_POINT('',(-275.7039114375,-1.029048774636E+03,
    14.999325035651));
#4450 = CARTESIAN_POINT('',(-278.4320922668,-1.03444477356E+03,
    29.781777604759));
#4451 = CARTESIAN_POINT('',(-284.8494636112,-1.037616256707E+03,
    42.001176541587));
#4452 = CARTESIAN_POINT('',(-290.9910465788,-1.040169547639E+03,
    54.014146905159));
#4453 = CARTESIAN_POINT('',(-294.6879756052,-1.042896023086E+03,
    65.989969999267));
#4454 = CARTESIAN_POINT('',(-300.8925222514,-1.045503530839E+03,
    78.007482310661));
#4455 = CARTESIAN_POINT('',(-306.4891141525,-1.048139586352E+03,
    90.003188093923));
#4456 = CARTESIAN_POINT('',(-312.2634388047,-1.050751273669E+03,
    102.00152178571));
#4457 = CARTESIAN_POINT('',(-317.9665440536,-1.053426652445E+03,
    113.99940139363));
#4458 = CARTESIAN_POINT('',(-323.5933701498,-1.056198867675E+03,
    125.99554831415));
#4459 = CARTESIAN_POINT('',(-329.1995062187,-1.058961618566E+03,
    138.00035642969));
#4460 = CARTESIAN_POINT('',(-334.8427012353,-1.061682087741E+03,
    150.00331724818));
#4461 = CARTESIAN_POINT('',(-340.3225006425,-1.064543543793E+03,
    162.01546347963));
#4462 = CARTESIAN_POINT('',(-345.6405589232,-1.067465769502E+03,
    173.95824023226));
#4463 = CARTESIAN_POINT('',(-350.8599612106,-1.069951701329E+03,
    184.80040122606));
#4464 = CARTESIAN_POINT('',(-353.8681326272,-1.072156871077E+03,
    193.04573531588));
#4465 = CARTESIAN_POINT('',(-362.721190235,-1.07421119402E+03,
    205.83993582621));
#4466 = CARTESIAN_POINT('',(-337.2509135785,-1.072852261002E+03,
    201.81943362341));
#4467 = CARTESIAN_POINT('',(-334.2010718809,-1.071497050695E+03,
    206.71778633278));
#4468 = CARTESIAN_POINT('',(-334.6478196243,-1.070550095306E+03,
    210.78852743977));
#4469 = CARTESIAN_POINT('',(-307.7998839019,-1.068057318813E+03,
    181.81436335833));
#4470 = CARTESIAN_POINT('',(-327.4894743313,-1.068591750781E+03,207.7));
#4471 = PCURVE('',#4342,#4472);
#4472 = DEFINITIONAL_REPRESENTATION('',(#4473),#4477);
#4473 = LINE('',#4474,#4475);
#4474 = CARTESIAN_POINT('',(32.,0.));
#4475 = VECTOR('',#4476,1.);
#4476 = DIRECTION('',(0.,1.));
#4477 = ( GEOMETRIC_REPRESENTATION_CONTEXT(2) 
PARAMETRIC_REPRESENTATION_CONTEXT() REPRESENTATION_CONTEXT('2D SPACE',''
  ) );
#4478 = PCURVE('',#4479,#4528);
#4479 = ( BOUNDED_SURFACE() B_SPLINE_SURFACE(1,3,(
    (#4480,#4481,#4482,#4483,#4484,#4485,#4486,#4487,#4488,#4489,#4490
      ,#4491,#4492,#4493,#4494,#4495,#4496,#4497,#4498,#4499,#4500,#4501
      ,#4502,#4503)
    ,(#4504,#4505,#4506,#4507,#4508,#4509,#4510,#4511,#4512,#4513,#4514
      ,#4515,#4516,#4517,#4518,#4519,#4520,#4521,#4522,#4523,#4524,#4525
      ,#4526,#4527
)),.UNSPECIFIED.,.F.,.F.,.F.) B_SPLINE_SURFACE_WITH_KNOTS((2,2),(4,1,1,1
    ,1,1,1,1,1,1,1,1,1,1,1,1,1,1,1,1,1,4),(32.,33.),(0.,
    8.351345992186E-02,0.136371070752,0.186631466795,0.236892072307,
    0.287245985354,0.337546964594,0.387892568228,0.438269195911,
    0.488657983617,0.539039913424,0.589390615006,0.639739510443,
    0.690135953221,0.740567502215,0.791001192157,0.824625304057,
    0.849810563706,0.930093869668,0.935215837381,0.950554965611,1.),
.UNSPECIFIED.) GEOMETRIC_REPRESENTATION_ITEM() RATIONAL_B_SPLINE_SURFACE
((
    (1.,1.000000000051,0.999999999985,1.000000000003,0.999999999999,1.
      ,1.,1.,1.,1.,1.,1.,1.,1.,1.,1.,1.000000000001,0.999999999998
      ,1.000000000008,0.999999999937,1.000000000021,0.999999999406
      ,1.000000004078,1.)
    ,(1.,1.000000000051,0.999999999985,1.000000000003,0.999999999999,1.
      ,1.,1.,1.,1.,1.,1.,1.,1.,1.,1.,1.000000000001,0.999999999998
      ,1.000000000008,0.999999999937,1.000000000021,0.999999999406
,1.000000004078,1.))) REPRESENTATION_ITEM('') SURFACE() );
#4480 = CARTESIAN_POINT('',(-274.3236307778,-1.029113066855E+03,-5.));
#4481 = CARTESIAN_POINT('',(-261.5401006702,-1.019634180849E+03,
    8.008717576553));
#4482 = CARTESIAN_POINT('',(-275.7039114375,-1.029048774636E+03,
    14.999325035651));
#4483 = CARTESIAN_POINT('',(-278.4320922668,-1.03444477356E+03,
    29.781777604759));
#4484 = CARTESIAN_POINT('',(-284.8494636112,-1.037616256707E+03,
    42.001176541587));
#4485 = CARTESIAN_POINT('',(-290.9910465788,-1.040169547639E+03,
    54.014146905159));
#4486 = CARTESIAN_POINT('',(-294.6879756052,-1.042896023086E+03,
    65.989969999267));
#4487 = CARTESIAN_POINT('',(-300.8925222514,-1.045503530839E+03,
    78.007482310661));
#4488 = CARTESIAN_POINT('',(-306.4891141525,-1.048139586352E+03,
    90.003188093923));
#4489 = CARTESIAN_POINT('',(-312.2634388047,-1.050751273669E+03,
    102.00152178571));
#4490 = CARTESIAN_POINT('',(-317.9665440536,-1.053426652445E+03,
    113.99940139363));
#4491 = CARTESIAN_POINT('',(-323.5933701498,-1.056198867675E+03,
    125.99554831415));
#4492 = CARTESIAN_POINT('',(-329.1995062187,-1.058961618566E+03,
    138.00035642969));
#4493 = CARTESIAN_POINT('',(-334.8427012353,-1.061682087741E+03,
    150.00331724818));
#4494 = CARTESIAN_POINT('',(-340.3225006425,-1.064543543793E+03,
    162.01546347963));
#4495 = CARTESIAN_POINT('',(-345.6405589232,-1.067465769502E+03,
    173.95824023226));
#4496 = CARTESIAN_POINT('',(-350.8599612106,-1.069951701329E+03,
    184.80040122606));
#4497 = CARTESIAN_POINT('',(-353.8681326272,-1.072156871077E+03,
    193.04573531588));
#4498 = CARTESIAN_POINT('',(-362.721190235,-1.07421119402E+03,
    205.83993582621));
#4499 = CARTESIAN_POINT('',(-337.2509135785,-1.072852261002E+03,
    201.81943362341));
#4500 = CARTESIAN_POINT('',(-334.2010718809,-1.071497050695E+03,
    206.71778633278));
#4501 = CARTESIAN_POINT('',(-334.6478196243,-1.070550095306E+03,
    210.78852743977));
#4502 = CARTESIAN_POINT('',(-307.7998839019,-1.068057318813E+03,
    181.81436335833));
#4503 = CARTESIAN_POINT('',(-327.4894743313,-1.068591750781E+03,207.7));
#4504 = CARTESIAN_POINT('',(-266.7204309942,-1.029637929568E+03,-5.));
#4505 = CARTESIAN_POINT('',(-253.3291255482,-1.020103644461E+03,
    8.008717576553));
#4506 = CARTESIAN_POINT('',(-268.1619547471,-1.029618740883E+03,
    14.999325035651));
#4507 = CARTESIAN_POINT('',(-271.0334266835,-1.03490524812E+03,
    29.781777604759));
#4508 = CARTESIAN_POINT('',(-277.6075778557,-1.038037947132E+03,
    42.001176541587));
#4509 = CARTESIAN_POINT('',(-283.9308967698,-1.040576017171E+03,
    54.014146905159));
#4510 = CARTESIAN_POINT('',(-287.8095473723,-1.04328047713E+03,
    65.989969999267));
#4511 = CARTESIAN_POINT('',(-294.2026941225,-1.045898023309E+03,
    78.007482310661));
#4512 = CARTESIAN_POINT('',(-299.9831881729,-1.048535404132E+03,
    90.003188093923));
#4513 = CARTESIAN_POINT('',(-305.9424738131,-1.051156868421E+03,
    102.00152178571));
#4514 = CARTESIAN_POINT('',(-311.828397736,-1.053817743056E+03,
    113.99940139363));
#4515 = CARTESIAN_POINT('',(-317.6364854583,-1.056575490288E+03,
    125.99554831415));
#4516 = CARTESIAN_POINT('',(-323.4267565518,-1.059322810395E+03,
    138.00035642969));
#4517 = CARTESIAN_POINT('',(-329.2545331323,-1.062028869027E+03,
    150.00331724818));
#4518 = CARTESIAN_POINT('',(-334.9183652059,-1.064888817887E+03,
    162.01546347963));
#4519 = CARTESIAN_POINT('',(-340.4206460807,-1.067751593349E+03,
    173.95824023226));
#4520 = CARTESIAN_POINT('',(-345.7918750575,-1.070255402149E+03,
    184.80040122606));
#4521 = CARTESIAN_POINT('',(-348.9616826391,-1.072400251304E+03,
    193.04573531588));
#4522 = CARTESIAN_POINT('',(-357.8615271208,-1.074674062276E+03,
    205.83993582621));
#4523 = CARTESIAN_POINT('',(-333.4709170882,-1.073247812462E+03,
    201.81943362341));
#4524 = CARTESIAN_POINT('',(-331.5289523271,-1.071775792778E+03,
    206.71778633278));
#4525 = CARTESIAN_POINT('',(-332.7603103948,-1.070748804835E+03,
    210.78852743977));
#4526 = CARTESIAN_POINT('',(-307.8741066845,-1.068038967269E+03,
    181.81436335833));
#4527 = CARTESIAN_POINT('',(-327.1941668266,-1.068622574332E+03,207.7));
#4528 = DEFINITIONAL_REPRESENTATION('',(#4529),#4533);
#4529 = LINE('',#4530,#4531);
#4530 = CARTESIAN_POINT('',(32.,0.));
#4531 = VECTOR('',#4532,1.);
#4532 = DIRECTION('',(0.,1.));
#4533 = ( GEOMETRIC_REPRESENTATION_CONTEXT(2) 
PARAMETRIC_REPRESENTATION_CONTEXT() REPRESENTATION_CONTEXT('2D SPACE',''
  ) );
#4534 = ORIENTED_EDGE('',*,*,#4535,.F.);
#4535 = EDGE_CURVE('',#4306,#4443,#4536,.T.);
#4536 = SURFACE_CURVE('',#4537,(#4540,#4547),.PCURVE_S1.);
#4537 = B_SPLINE_CURVE_WITH_KNOTS('',1,(#4538,#4539),.UNSPECIFIED.,.F.,
  .F.,(2,2),(31.,32.),.PIECEWISE_BEZIER_KNOTS.);
#4538 = CARTESIAN_POINT('',(-327.7853449201,-1.068567305396E+03,207.7));
#4539 = CARTESIAN_POINT('',(-327.4894743313,-1.068591750781E+03,207.7));
#4540 = PCURVE('',#4342,#4541);
#4541 = DEFINITIONAL_REPRESENTATION('',(#4542),#4546);
#4542 = LINE('',#4543,#4544);
#4543 = CARTESIAN_POINT('',(0.,1.));
#4544 = VECTOR('',#4545,1.);
#4545 = DIRECTION('',(1.,0.));
#4546 = ( GEOMETRIC_REPRESENTATION_CONTEXT(2) 
PARAMETRIC_REPRESENTATION_CONTEXT() REPRESENTATION_CONTEXT('2D SPACE',''
  ) );
#4547 = PCURVE('',#206,#4548);
#4548 = DEFINITIONAL_REPRESENTATION('',(#4549),#4552);
#4549 = B_SPLINE_CURVE_WITH_KNOTS('',1,(#4550,#4551),.UNSPECIFIED.,.F.,
  .F.,(2,2),(31.,32.),.PIECEWISE_BEZIER_KNOTS.);
#4550 = CARTESIAN_POINT('',(4.360415483879,0.40047384505));
#4551 = CARTESIAN_POINT('',(4.066137241334,0.439682238868));
#4552 = ( GEOMETRIC_REPRESENTATION_CONTEXT(2) 
PARAMETRIC_REPRESENTATION_CONTEXT() REPRESENTATION_CONTEXT('2D SPACE',''
  ) );
#4553 = ORIENTED_EDGE('',*,*,#4305,.F.);
#4554 = ADVANCED_FACE('',(#4555),#4479,.T.);
#4555 = FACE_BOUND('',#4556,.T.);
#4556 = EDGE_LOOP('',(#4557,#4578,#4671,#4690));
#4557 = ORIENTED_EDGE('',*,*,#4558,.T.);
#4558 = EDGE_CURVE('',#4422,#4559,#4561,.T.);
#4559 = VERTEX_POINT('',#4560);
#4560 = CARTESIAN_POINT('',(-266.7204309942,-1.029637929568E+03,-5.));
#4561 = SURFACE_CURVE('',#4562,(#4565,#4572),.PCURVE_S1.);
#4562 = B_SPLINE_CURVE_WITH_KNOTS('',1,(#4563,#4564),.UNSPECIFIED.,.F.,
  .F.,(2,2),(32.,33.),.PIECEWISE_BEZIER_KNOTS.);
#4563 = CARTESIAN_POINT('',(-274.3236307778,-1.029113066855E+03,-5.));
#4564 = CARTESIAN_POINT('',(-266.7204309942,-1.029637929568E+03,-5.));
#4565 = PCURVE('',#4479,#4566);
#4566 = DEFINITIONAL_REPRESENTATION('',(#4567),#4571);
#4567 = LINE('',#4568,#4569);
#4568 = CARTESIAN_POINT('',(0.,0.));
#4569 = VECTOR('',#4570,1.);
#4570 = DIRECTION('',(1.,0.));
#4571 = ( GEOMETRIC_REPRESENTATION_CONTEXT(2) 
PARAMETRIC_REPRESENTATION_CONTEXT() REPRESENTATION_CONTEXT('2D SPACE',''
  ) );
#4572 = PCURVE('',#87,#4573);
#4573 = DEFINITIONAL_REPRESENTATION('',(#4574),#4577);
#4574 = B_SPLINE_CURVE_WITH_KNOTS('',1,(#4575,#4576),.UNSPECIFIED.,.F.,
  .F.,(2,2),(32.,33.),.PIECEWISE_BEZIER_KNOTS.);
#4575 = CARTESIAN_POINT('',(106.00194114422,10.968031024624));
#4576 = CARTESIAN_POINT('',(98.410302001756,11.639702779847));
#4577 = ( GEOMETRIC_REPRESENTATION_CONTEXT(2) 
PARAMETRIC_REPRESENTATION_CONTEXT() REPRESENTATION_CONTEXT('2D SPACE',''
  ) );
#4578 = ORIENTED_EDGE('',*,*,#4579,.T.);
#4579 = EDGE_CURVE('',#4559,#4580,#4582,.T.);
#4580 = VERTEX_POINT('',#4581);
#4581 = CARTESIAN_POINT('',(-327.1941668266,-1.068622574332E+03,207.7));
#4582 = SURFACE_CURVE('',#4583,(#4608,#4615),.PCURVE_S1.);
#4583 = ( BOUNDED_CURVE() B_SPLINE_CURVE(3,(#4584,#4585,#4586,#4587,
    #4588,#4589,#4590,#4591,#4592,#4593,#4594,#4595,#4596,#4597,#4598,
    #4599,#4600,#4601,#4602,#4603,#4604,#4605,#4606,#4607),
.UNSPECIFIED.,.F.,.F.) B_SPLINE_CURVE_WITH_KNOTS((4,1,1,1,1,1,1,1,1,1,1,
    1,1,1,1,1,1,1,1,1,1,4),(0.,8.351345992186E-02,0.136371070752,
    0.186631466795,0.236892072307,0.287245985354,0.337546964594,
    0.387892568228,0.438269195911,0.488657983617,0.539039913424,
    0.589390615006,0.639739510443,0.690135953221,0.740567502215,
    0.791001192157,0.824625304057,0.849810563706,0.930093869668,
0.935215837381,0.950554965611,1.),.UNSPECIFIED.) CURVE() 
GEOMETRIC_REPRESENTATION_ITEM() RATIONAL_B_SPLINE_CURVE((1.,
    1.000000000051,0.999999999985,1.000000000003,0.999999999999,1.,1.,1.
    ,1.,1.,1.,1.,1.,1.,1.,1.,1.000000000001,0.999999999998,
    1.000000000008,0.999999999937,1.000000000021,0.999999999406,
1.000000004078,1.)) REPRESENTATION_ITEM('') );
#4584 = CARTESIAN_POINT('',(-266.7204309942,-1.029637929568E+03,-5.));
#4585 = CARTESIAN_POINT('',(-253.3291255482,-1.020103644461E+03,
    8.008717576553));
#4586 = CARTESIAN_POINT('',(-268.1619547471,-1.029618740883E+03,
    14.999325035651));
#4587 = CARTESIAN_POINT('',(-271.0334266835,-1.03490524812E+03,
    29.781777604759));
#4588 = CARTESIAN_POINT('',(-277.6075778557,-1.038037947132E+03,
    42.001176541587));
#4589 = CARTESIAN_POINT('',(-283.9308967698,-1.040576017171E+03,
    54.014146905159));
#4590 = CARTESIAN_POINT('',(-287.8095473723,-1.04328047713E+03,
    65.989969999267));
#4591 = CARTESIAN_POINT('',(-294.2026941225,-1.045898023309E+03,
    78.007482310661));
#4592 = CARTESIAN_POINT('',(-299.9831881729,-1.048535404132E+03,
    90.003188093923));
#4593 = CARTESIAN_POINT('',(-305.9424738131,-1.051156868421E+03,
    102.00152178571));
#4594 = CARTESIAN_POINT('',(-311.828397736,-1.053817743056E+03,
    113.99940139363));
#4595 = CARTESIAN_POINT('',(-317.6364854583,-1.056575490288E+03,
    125.99554831415));
#4596 = CARTESIAN_POINT('',(-323.4267565518,-1.059322810395E+03,
    138.00035642969));
#4597 = CARTESIAN_POINT('',(-329.2545331323,-1.062028869027E+03,
    150.00331724818));
#4598 = CARTESIAN_POINT('',(-334.9183652059,-1.064888817887E+03,
    162.01546347963));
#4599 = CARTESIAN_POINT('',(-340.4206460807,-1.067751593349E+03,
    173.95824023226));
#4600 = CARTESIAN_POINT('',(-345.7918750575,-1.070255402149E+03,
    184.80040122606));
#4601 = CARTESIAN_POINT('',(-348.9616826391,-1.072400251304E+03,
    193.04573531588));
#4602 = CARTESIAN_POINT('',(-357.8615271208,-1.074674062276E+03,
    205.83993582621));
#4603 = CARTESIAN_POINT('',(-333.4709170882,-1.073247812462E+03,
    201.81943362341));
#4604 = CARTESIAN_POINT('',(-331.5289523271,-1.071775792778E+03,
    206.71778633278));
#4605 = CARTESIAN_POINT('',(-332.7603103948,-1.070748804835E+03,
    210.78852743977));
#4606 = CARTESIAN_POINT('',(-307.8741066845,-1.068038967269E+03,
    181.81436335833));
#4607 = CARTESIAN_POINT('',(-327.1941668266,-1.068622574332E+03,207.7));
#4608 = PCURVE('',#4479,#4609);
#4609 = DEFINITIONAL_REPRESENTATION('',(#4610),#4614);
#4610 = LINE('',#4611,#4612);
#4611 = CARTESIAN_POINT('',(33.,0.));
#4612 = VECTOR('',#4613,1.);
#4613 = DIRECTION('',(0.,1.));
#4614 = ( GEOMETRIC_REPRESENTATION_CONTEXT(2) 
PARAMETRIC_REPRESENTATION_CONTEXT() REPRESENTATION_CONTEXT('2D SPACE',''
  ) );
#4615 = PCURVE('',#4616,#4665);
#4616 = ( BOUNDED_SURFACE() B_SPLINE_SURFACE(1,3,(
    (#4617,#4618,#4619,#4620,#4621,#4622,#4623,#4624,#4625,#4626,#4627
      ,#4628,#4629,#4630,#4631,#4632,#4633,#4634,#4635,#4636,#4637,#4638
      ,#4639,#4640)
    ,(#4641,#4642,#4643,#4644,#4645,#4646,#4647,#4648,#4649,#4650,#4651
      ,#4652,#4653,#4654,#4655,#4656,#4657,#4658,#4659,#4660,#4661,#4662
      ,#4663,#4664
)),.UNSPECIFIED.,.F.,.F.,.F.) B_SPLINE_SURFACE_WITH_KNOTS((2,2),(4,1,1,1
    ,1,1,1,1,1,1,1,1,1,1,1,1,1,1,1,1,1,4),(33.,34.),(0.,
    8.351345992186E-02,0.136371070752,0.186631466795,0.236892072307,
    0.287245985354,0.337546964594,0.387892568228,0.438269195911,
    0.488657983617,0.539039913424,0.589390615006,0.639739510443,
    0.690135953221,0.740567502215,0.791001192157,0.824625304057,
    0.849810563706,0.930093869668,0.935215837381,0.950554965611,1.),
.UNSPECIFIED.) GEOMETRIC_REPRESENTATION_ITEM() RATIONAL_B_SPLINE_SURFACE
((
    (1.,1.000000000051,0.999999999985,1.000000000003,0.999999999999,1.
      ,1.,1.,1.,1.,1.,1.,1.,1.,1.,1.,1.000000000001,0.999999999998
      ,1.000000000008,0.999999999937,1.000000000021,0.999999999406
      ,1.000000004078,1.)
    ,(1.,1.000000000051,0.999999999985,1.000000000003,0.999999999999,1.
      ,1.,1.,1.,1.,1.,1.,1.,1.,1.,1.,1.000000000001,0.999999999998
      ,1.000000000008,0.999999999937,1.000000000021,0.999999999406
,1.000000004078,1.))) REPRESENTATION_ITEM('') SURFACE() );
#4617 = CARTESIAN_POINT('',(-266.7204309942,-1.029637929568E+03,-5.));
#4618 = CARTESIAN_POINT('',(-253.3291255482,-1.020103644461E+03,
    8.008717576553));
#4619 = CARTESIAN_POINT('',(-268.1619547471,-1.029618740883E+03,
    14.999325035651));
#4620 = CARTESIAN_POINT('',(-271.0334266835,-1.03490524812E+03,
    29.781777604759));
#4621 = CARTESIAN_POINT('',(-277.6075778557,-1.038037947132E+03,
    42.001176541587));
#4622 = CARTESIAN_POINT('',(-283.9308967698,-1.040576017171E+03,
    54.014146905159));
#4623 = CARTESIAN_POINT('',(-287.8095473723,-1.04328047713E+03,
    65.989969999267));
#4624 = CARTESIAN_POINT('',(-294.2026941225,-1.045898023309E+03,
    78.007482310661));
#4625 = CARTESIAN_POINT('',(-299.9831881729,-1.048535404132E+03,
    90.003188093923));
#4626 = CARTESIAN_POINT('',(-305.9424738131,-1.051156868421E+03,
    102.00152178571));
#4627 = CARTESIAN_POINT('',(-311.828397736,-1.053817743056E+03,
    113.99940139363));
#4628 = CARTESIAN_POINT('',(-317.6364854583,-1.056575490288E+03,
    125.99554831415));
#4629 = CARTESIAN_POINT('',(-323.4267565518,-1.059322810395E+03,
    138.00035642969));
#4630 = CARTESIAN_POINT('',(-329.2545331323,-1.062028869027E+03,
    150.00331724818));
#4631 = CARTESIAN_POINT('',(-334.9183652059,-1.064888817887E+03,
    162.01546347963));
#4632 = CARTESIAN_POINT('',(-340.4206460807,-1.067751593349E+03,
    173.95824023226));
#4633 = CARTESIAN_POINT('',(-345.7918750575,-1.070255402149E+03,
    184.80040122606));
#4634 = CARTESIAN_POINT('',(-348.9616826391,-1.072400251304E+03,
    193.04573531588));
#4635 = CARTESIAN_POINT('',(-357.8615271208,-1.074674062276E+03,
    205.83993582621));
#4636 = CARTESIAN_POINT('',(-333.4709170882,-1.073247812462E+03,
    201.81943362341));
#4637 = CARTESIAN_POINT('',(-331.5289523271,-1.071775792778E+03,
    206.71778633278));
#4638 = CARTESIAN_POINT('',(-332.7603103948,-1.070748804835E+03,
    210.78852743977));
#4639 = CARTESIAN_POINT('',(-307.8741066845,-1.068038967269E+03,
    181.81436335833));
#4640 = CARTESIAN_POINT('',(-327.1941668266,-1.068622574332E+03,207.7));
#4641 = CARTESIAN_POINT('',(-259.1172312107,-1.030162792281E+03,-5.));
#4642 = CARTESIAN_POINT('',(-245.11229095,-1.020510452977E+03,
    8.008717576553));
#4643 = CARTESIAN_POINT('',(-260.6225605352,-1.030219639832E+03,
    14.999325035651));
#4644 = CARTESIAN_POINT('',(-263.6325898463,-1.035335084542E+03,
    29.781777604759));
#4645 = CARTESIAN_POINT('',(-270.3625837268,-1.038413368796E+03,
    42.001176541587));
#4646 = CARTESIAN_POINT('',(-276.8688656671,-1.040951589162E+03,
    54.014146905159));
#4647 = CARTESIAN_POINT('',(-280.9300382665,-1.04364792356E+03,
    65.989969999267));
#4648 = CARTESIAN_POINT('',(-287.5105159152,-1.046254999887E+03,
    78.007482310661));
#4649 = CARTESIAN_POINT('',(-293.4742375092,-1.048882884649E+03,
    90.003188093923));
#4650 = CARTESIAN_POINT('',(-299.6172922694,-1.051495929367E+03,
    102.00152178571));
#4651 = CARTESIAN_POINT('',(-305.686466537,-1.054146819605E+03,
    113.99940139363));
#4652 = CARTESIAN_POINT('',(-311.6761396102,-1.056894611805E+03,
    125.99554831415));
#4653 = CARTESIAN_POINT('',(-317.6510327449,-1.059633110981E+03,
    138.00035642969));
#4654 = CARTESIAN_POINT('',(-323.6634705417,-1.06232521918E+03,
    150.00331724818));
#4655 = CARTESIAN_POINT('',(-329.5091766209,-1.065140666917E+03,
    162.01546347963));
#4656 = CARTESIAN_POINT('',(-335.1975875047,-1.06797650648E+03,
    173.95824023226));
#4657 = CARTESIAN_POINT('',(-340.7201446831,-1.070494673314E+03,
    184.80040122606));
#4658 = CARTESIAN_POINT('',(-344.0480126883,-1.072536857055E+03,
    193.04573531588));
#4659 = CARTESIAN_POINT('',(-353.0044315788,-1.075164359398E+03,
    205.83993582621));
#4660 = CARTESIAN_POINT('',(-329.6886154275,-1.073617443859E+03,
    201.81943362341));
#4661 = CARTESIAN_POINT('',(-328.8551857164,-1.072035934752E+03,
    206.71778633278));
#4662 = CARTESIAN_POINT('',(-330.8725937517,-1.070945680353E+03,
    210.78852743977));
#4663 = CARTESIAN_POINT('',(-307.941771134,-1.067943200841E+03,
    181.81436335833));
#4664 = CARTESIAN_POINT('',(-326.8986794581,-1.068651369039E+03,207.7));
#4665 = DEFINITIONAL_REPRESENTATION('',(#4666),#4670);
#4666 = LINE('',#4667,#4668);
#4667 = CARTESIAN_POINT('',(33.,0.));
#4668 = VECTOR('',#4669,1.);
#4669 = DIRECTION('',(0.,1.));
#4670 = ( GEOMETRIC_REPRESENTATION_CONTEXT(2) 
PARAMETRIC_REPRESENTATION_CONTEXT() REPRESENTATION_CONTEXT('2D SPACE',''
  ) );
#4671 = ORIENTED_EDGE('',*,*,#4672,.F.);
#4672 = EDGE_CURVE('',#4443,#4580,#4673,.T.);
#4673 = SURFACE_CURVE('',#4674,(#4677,#4684),.PCURVE_S1.);
#4674 = B_SPLINE_CURVE_WITH_KNOTS('',1,(#4675,#4676),.UNSPECIFIED.,.F.,
  .F.,(2,2),(32.,33.),.PIECEWISE_BEZIER_KNOTS.);
#4675 = CARTESIAN_POINT('',(-327.4894743313,-1.068591750781E+03,207.7));
#4676 = CARTESIAN_POINT('',(-327.1941668266,-1.068622574332E+03,207.7));
#4677 = PCURVE('',#4479,#4678);
#4678 = DEFINITIONAL_REPRESENTATION('',(#4679),#4683);
#4679 = LINE('',#4680,#4681);
#4680 = CARTESIAN_POINT('',(0.,1.));
#4681 = VECTOR('',#4682,1.);
#4682 = DIRECTION('',(1.,0.));
#4683 = ( GEOMETRIC_REPRESENTATION_CONTEXT(2) 
PARAMETRIC_REPRESENTATION_CONTEXT() REPRESENTATION_CONTEXT('2D SPACE',''
  ) );
#4684 = PCURVE('',#206,#4685);
#4685 = DEFINITIONAL_REPRESENTATION('',(#4686),#4689);
#4686 = B_SPLINE_CURVE_WITH_KNOTS('',1,(#4687,#4688),.UNSPECIFIED.,.F.,
  .F.,(2,2),(32.,33.),.PIECEWISE_BEZIER_KNOTS.);
#4687 = CARTESIAN_POINT('',(4.066137241334,0.439682238868));
#4688 = CARTESIAN_POINT('',(3.772740288107,0.485232666782));
#4689 = ( GEOMETRIC_REPRESENTATION_CONTEXT(2) 
PARAMETRIC_REPRESENTATION_CONTEXT() REPRESENTATION_CONTEXT('2D SPACE',''
  ) );
#4690 = ORIENTED_EDGE('',*,*,#4442,.F.);
#4691 = ADVANCED_FACE('',(#4692),#4616,.T.);
#4692 = FACE_BOUND('',#4693,.T.);
#4693 = EDGE_LOOP('',(#4694,#4715,#4808,#4827));
#4694 = ORIENTED_EDGE('',*,*,#4695,.T.);
#4695 = EDGE_CURVE('',#4559,#4696,#4698,.T.);
#4696 = VERTEX_POINT('',#4697);
#4697 = CARTESIAN_POINT('',(-259.1172312107,-1.030162792281E+03,-5.));
#4698 = SURFACE_CURVE('',#4699,(#4702,#4709),.PCURVE_S1.);
#4699 = B_SPLINE_CURVE_WITH_KNOTS('',1,(#4700,#4701),.UNSPECIFIED.,.F.,
  .F.,(2,2),(33.,34.),.PIECEWISE_BEZIER_KNOTS.);
#4700 = CARTESIAN_POINT('',(-266.7204309942,-1.029637929568E+03,-5.));
#4701 = CARTESIAN_POINT('',(-259.1172312107,-1.030162792281E+03,-5.));
#4702 = PCURVE('',#4616,#4703);
#4703 = DEFINITIONAL_REPRESENTATION('',(#4704),#4708);
#4704 = LINE('',#4705,#4706);
#4705 = CARTESIAN_POINT('',(0.,0.));
#4706 = VECTOR('',#4707,1.);
#4707 = DIRECTION('',(1.,0.));
#4708 = ( GEOMETRIC_REPRESENTATION_CONTEXT(2) 
PARAMETRIC_REPRESENTATION_CONTEXT() REPRESENTATION_CONTEXT('2D SPACE',''
  ) );
#4709 = PCURVE('',#87,#4710);
#4710 = DEFINITIONAL_REPRESENTATION('',(#4711),#4714);
#4711 = B_SPLINE_CURVE_WITH_KNOTS('',1,(#4712,#4713),.UNSPECIFIED.,.F.,
  .F.,(2,2),(33.,34.),.PIECEWISE_BEZIER_KNOTS.);
#4712 = CARTESIAN_POINT('',(98.410302001756,11.639702779847));
#4713 = CARTESIAN_POINT('',(90.818662859292,12.311374535071));
#4714 = ( GEOMETRIC_REPRESENTATION_CONTEXT(2) 
PARAMETRIC_REPRESENTATION_CONTEXT() REPRESENTATION_CONTEXT('2D SPACE',''
  ) );
#4715 = ORIENTED_EDGE('',*,*,#4716,.T.);
#4716 = EDGE_CURVE('',#4696,#4717,#4719,.T.);
#4717 = VERTEX_POINT('',#4718);
#4718 = CARTESIAN_POINT('',(-326.8986794581,-1.068651369039E+03,207.7));
#4719 = SURFACE_CURVE('',#4720,(#4745,#4752),.PCURVE_S1.);
#4720 = ( BOUNDED_CURVE() B_SPLINE_CURVE(3,(#4721,#4722,#4723,#4724,
    #4725,#4726,#4727,#4728,#4729,#4730,#4731,#4732,#4733,#4734,#4735,
    #4736,#4737,#4738,#4739,#4740,#4741,#4742,#4743,#4744),
.UNSPECIFIED.,.F.,.F.) B_SPLINE_CURVE_WITH_KNOTS((4,1,1,1,1,1,1,1,1,1,1,
    1,1,1,1,1,1,1,1,1,1,4),(0.,8.351345992186E-02,0.136371070752,
    0.186631466795,0.236892072307,0.287245985354,0.337546964594,
    0.387892568228,0.438269195911,0.488657983617,0.539039913424,
    0.589390615006,0.639739510443,0.690135953221,0.740567502215,
    0.791001192157,0.824625304057,0.849810563706,0.930093869668,
0.935215837381,0.950554965611,1.),.UNSPECIFIED.) CURVE() 
GEOMETRIC_REPRESENTATION_ITEM() RATIONAL_B_SPLINE_CURVE((1.,
    1.000000000051,0.999999999985,1.000000000003,0.999999999999,1.,1.,1.
    ,1.,1.,1.,1.,1.,1.,1.,1.,1.000000000001,0.999999999998,
    1.000000000008,0.999999999937,1.000000000021,0.999999999406,
1.000000004078,1.)) REPRESENTATION_ITEM('') );
#4721 = CARTESIAN_POINT('',(-259.1172312107,-1.030162792281E+03,-5.));
#4722 = CARTESIAN_POINT('',(-245.11229095,-1.020510452977E+03,
    8.008717576553));
#4723 = CARTESIAN_POINT('',(-260.6225605352,-1.030219639832E+03,
    14.999325035651));
#4724 = CARTESIAN_POINT('',(-263.6325898463,-1.035335084542E+03,
    29.781777604759));
#4725 = CARTESIAN_POINT('',(-270.3625837268,-1.038413368796E+03,
    42.001176541587));
#4726 = CARTESIAN_POINT('',(-276.8688656671,-1.040951589162E+03,
    54.014146905159));
#4727 = CARTESIAN_POINT('',(-280.9300382665,-1.04364792356E+03,
    65.989969999267));
#4728 = CARTESIAN_POINT('',(-287.5105159152,-1.046254999887E+03,
    78.007482310661));
#4729 = CARTESIAN_POINT('',(-293.4742375092,-1.048882884649E+03,
    90.003188093923));
#4730 = CARTESIAN_POINT('',(-299.6172922694,-1.051495929367E+03,
    102.00152178571));
#4731 = CARTESIAN_POINT('',(-305.686466537,-1.054146819605E+03,
    113.99940139363));
#4732 = CARTESIAN_POINT('',(-311.6761396102,-1.056894611805E+03,
    125.99554831415));
#4733 = CARTESIAN_POINT('',(-317.6510327449,-1.059633110981E+03,
    138.00035642969));
#4734 = CARTESIAN_POINT('',(-323.6634705417,-1.06232521918E+03,
    150.00331724818));
#4735 = CARTESIAN_POINT('',(-329.5091766209,-1.065140666917E+03,
    162.01546347963));
#4736 = CARTESIAN_POINT('',(-335.1975875047,-1.06797650648E+03,
    173.95824023226));
#4737 = CARTESIAN_POINT('',(-340.7201446831,-1.070494673314E+03,
    184.80040122606));
#4738 = CARTESIAN_POINT('',(-344.0480126883,-1.072536857055E+03,
    193.04573531588));
#4739 = CARTESIAN_POINT('',(-353.0044315788,-1.075164359398E+03,
    205.83993582621));
#4740 = CARTESIAN_POINT('',(-329.6886154275,-1.073617443859E+03,
    201.81943362341));
#4741 = CARTESIAN_POINT('',(-328.8551857164,-1.072035934752E+03,
    206.71778633278));
#4742 = CARTESIAN_POINT('',(-330.8725937517,-1.070945680353E+03,
    210.78852743977));
#4743 = CARTESIAN_POINT('',(-307.941771134,-1.067943200841E+03,
    181.81436335833));
#4744 = CARTESIAN_POINT('',(-326.8986794581,-1.068651369039E+03,207.7));
#4745 = PCURVE('',#4616,#4746);
#4746 = DEFINITIONAL_REPRESENTATION('',(#4747),#4751);
#4747 = LINE('',#4748,#4749);
#4748 = CARTESIAN_POINT('',(34.,0.));
#4749 = VECTOR('',#4750,1.);
#4750 = DIRECTION('',(0.,1.));
#4751 = ( GEOMETRIC_REPRESENTATION_CONTEXT(2) 
PARAMETRIC_REPRESENTATION_CONTEXT() REPRESENTATION_CONTEXT('2D SPACE',''
  ) );
#4752 = PCURVE('',#4753,#4802);
#4753 = ( BOUNDED_SURFACE() B_SPLINE_SURFACE(1,3,(
    (#4754,#4755,#4756,#4757,#4758,#4759,#4760,#4761,#4762,#4763,#4764
      ,#4765,#4766,#4767,#4768,#4769,#4770,#4771,#4772,#4773,#4774,#4775
      ,#4776,#4777)
    ,(#4778,#4779,#4780,#4781,#4782,#4783,#4784,#4785,#4786,#4787,#4788
      ,#4789,#4790,#4791,#4792,#4793,#4794,#4795,#4796,#4797,#4798,#4799
      ,#4800,#4801
)),.UNSPECIFIED.,.F.,.F.,.F.) B_SPLINE_SURFACE_WITH_KNOTS((2,2),(4,1,1,1
    ,1,1,1,1,1,1,1,1,1,1,1,1,1,1,1,1,1,4),(34.,35.),(0.,
    8.351345992186E-02,0.136371070752,0.186631466795,0.236892072307,
    0.287245985354,0.337546964594,0.387892568228,0.438269195911,
    0.488657983617,0.539039913424,0.589390615006,0.639739510443,
    0.690135953221,0.740567502215,0.791001192157,0.824625304057,
    0.849810563706,0.930093869668,0.935215837381,0.950554965611,1.),
.UNSPECIFIED.) GEOMETRIC_REPRESENTATION_ITEM() RATIONAL_B_SPLINE_SURFACE
((
    (1.,1.000000000051,0.999999999985,1.000000000003,0.999999999999,1.
      ,1.,1.,1.,1.,1.,1.,1.,1.,1.,1.,1.000000000001,0.999999999998
      ,1.000000000008,0.999999999937,1.000000000021,0.999999999406
      ,1.000000004078,1.)
    ,(1.,1.000000000051,0.999999999985,1.000000000003,0.999999999999,1.
      ,1.,1.,1.,1.,1.,1.,1.,1.,1.,1.,1.000000000001,0.999999999998
      ,1.000000000008,0.999999999937,1.000000000021,0.999999999406
,1.000000004078,1.))) REPRESENTATION_ITEM('') SURFACE() );
#4754 = CARTESIAN_POINT('',(-259.1172312107,-1.030162792281E+03,-5.));
#4755 = CARTESIAN_POINT('',(-245.11229095,-1.020510452977E+03,
    8.008717576553));
#4756 = CARTESIAN_POINT('',(-260.6225605352,-1.030219639832E+03,
    14.999325035651));
#4757 = CARTESIAN_POINT('',(-263.6325898463,-1.035335084542E+03,
    29.781777604759));
#4758 = CARTESIAN_POINT('',(-270.3625837268,-1.038413368796E+03,
    42.001176541587));
#4759 = CARTESIAN_POINT('',(-276.8688656671,-1.040951589162E+03,
    54.014146905159));
#4760 = CARTESIAN_POINT('',(-280.9300382665,-1.04364792356E+03,
    65.989969999267));
#4761 = CARTESIAN_POINT('',(-287.5105159152,-1.046254999887E+03,
    78.007482310661));
#4762 = CARTESIAN_POINT('',(-293.4742375092,-1.048882884649E+03,
    90.003188093923));
#4763 = CARTESIAN_POINT('',(-299.6172922694,-1.051495929367E+03,
    102.00152178571));
#4764 = CARTESIAN_POINT('',(-305.686466537,-1.054146819605E+03,
    113.99940139363));
#4765 = CARTESIAN_POINT('',(-311.6761396102,-1.056894611805E+03,
    125.99554831415));
#4766 = CARTESIAN_POINT('',(-317.6510327449,-1.059633110981E+03,
    138.00035642969));
#4767 = CARTESIAN_POINT('',(-323.6634705417,-1.06232521918E+03,
    150.00331724818));
#4768 = CARTESIAN_POINT('',(-329.5091766209,-1.065140666917E+03,
    162.01546347963));
#4769 = CARTESIAN_POINT('',(-335.1975875047,-1.06797650648E+03,
    173.95824023226));
#4770 = CARTESIAN_POINT('',(-340.7201446831,-1.070494673314E+03,
    184.80040122606));
#4771 = CARTESIAN_POINT('',(-344.0480126883,-1.072536857055E+03,
    193.04573531588));
#4772 = CARTESIAN_POINT('',(-353.0044315788,-1.075164359398E+03,
    205.83993582621));
#4773 = CARTESIAN_POINT('',(-329.6886154275,-1.073617443859E+03,
    201.81943362341));
#4774 = CARTESIAN_POINT('',(-328.8551857164,-1.072035934752E+03,
    206.71778633278));
#4775 = CARTESIAN_POINT('',(-330.8725937517,-1.070945680353E+03,
    210.78852743977));
#4776 = CARTESIAN_POINT('',(-307.941771134,-1.067943200841E+03,
    181.81436335833));
#4777 = CARTESIAN_POINT('',(-326.8986794581,-1.068651369039E+03,207.7));
#4778 = CARTESIAN_POINT('',(-251.5140314271,-1.030687654994E+03,-5.));
#4779 = CARTESIAN_POINT('',(-236.9248746557,-1.021435434518E+03,
    8.008717576553));
#4780 = CARTESIAN_POINT('',(-253.0763011117,-1.030699787201E+03,
    14.999325035651));
#4781 = CARTESIAN_POINT('',(-256.2300483259,-1.035734533311E+03,
    29.781777604759));
#4782 = CARTESIAN_POINT('',(-263.1179769094,-1.038795635011E+03,
    42.001176541587));
#4783 = CARTESIAN_POINT('',(-269.8069544208,-1.041329537526E+03,
    54.014146905159));
#4784 = CARTESIAN_POINT('',(-274.050483704,-1.044014483903E+03,
    65.989969999267));
#4785 = CARTESIAN_POINT('',(-280.8183996788,-1.046613144509E+03,
    78.007482310661));
#4786 = CARTESIAN_POINT('',(-286.9653655685,-1.049231837039E+03,
    90.003188093923));
#4787 = CARTESIAN_POINT('',(-293.2920848711,-1.051834499152E+03,
    102.00152178571));
#4788 = CARTESIAN_POINT('',(-299.5445983398,-1.054477105321E+03,
    113.99940139363));
#4789 = CARTESIAN_POINT('',(-305.7155677085,-1.057209389708E+03,
    125.99554831415));
#4790 = CARTESIAN_POINT('',(-311.8740583955,-1.059919224158E+03,
    138.00035642969));
#4791 = CARTESIAN_POINT('',(-318.0716124393,-1.062606456836E+03,
    150.00331724818));
#4792 = CARTESIAN_POINT('',(-324.100804676,-1.065410491642E+03,
    162.01546347963));
#4793 = CARTESIAN_POINT('',(-329.9764238397,-1.068241565335E+03,
    173.95824023226));
#4794 = CARTESIAN_POINT('',(-335.6482618379,-1.070737822461E+03,
    184.80040122606));
#4795 = CARTESIAN_POINT('',(-339.138368092,-1.072748553887E+03,
    193.04573531588));
#4796 = CARTESIAN_POINT('',(-348.1308635134,-1.075366753128E+03,
    205.83993582621));
#4797 = CARTESIAN_POINT('',(-325.8981356945,-1.07389511018E+03,
    201.81943362341));
#4798 = CARTESIAN_POINT('',(-326.1756847478,-1.072231678692E+03,
    206.71778633278));
#4799 = CARTESIAN_POINT('',(-328.9795311794,-1.071067018736E+03,
    210.78852743977));
#4800 = CARTESIAN_POINT('',(-308.0184903745,-1.068056649802E+03,
    181.81436335833));
#4801 = CARTESIAN_POINT('',(-326.6025550394,-1.068672977886E+03,207.7));
#4802 = DEFINITIONAL_REPRESENTATION('',(#4803),#4807);
#4803 = LINE('',#4804,#4805);
#4804 = CARTESIAN_POINT('',(34.,0.));
#4805 = VECTOR('',#4806,1.);
#4806 = DIRECTION('',(0.,1.));
#4807 = ( GEOMETRIC_REPRESENTATION_CONTEXT(2) 
PARAMETRIC_REPRESENTATION_CONTEXT() REPRESENTATION_CONTEXT('2D SPACE',''
  ) );
#4808 = ORIENTED_EDGE('',*,*,#4809,.F.);
#4809 = EDGE_CURVE('',#4580,#4717,#4810,.T.);
#4810 = SURFACE_CURVE('',#4811,(#4814,#4821),.PCURVE_S1.);
#4811 = B_SPLINE_CURVE_WITH_KNOTS('',1,(#4812,#4813),.UNSPECIFIED.,.F.,
  .F.,(2,2),(33.,34.),.PIECEWISE_BEZIER_KNOTS.);
#4812 = CARTESIAN_POINT('',(-327.1941668266,-1.068622574332E+03,207.7));
#4813 = CARTESIAN_POINT('',(-326.8986794581,-1.068651369039E+03,207.7));
#4814 = PCURVE('',#4616,#4815);
#4815 = DEFINITIONAL_REPRESENTATION('',(#4816),#4820);
#4816 = LINE('',#4817,#4818);
#4817 = CARTESIAN_POINT('',(0.,1.));
#4818 = VECTOR('',#4819,1.);
#4819 = DIRECTION('',(1.,0.));
#4820 = ( GEOMETRIC_REPRESENTATION_CONTEXT(2) 
PARAMETRIC_REPRESENTATION_CONTEXT() REPRESENTATION_CONTEXT('2D SPACE',''
  ) );
#4821 = PCURVE('',#206,#4822);
#4822 = DEFINITIONAL_REPRESENTATION('',(#4823),#4826);
#4823 = B_SPLINE_CURVE_WITH_KNOTS('',1,(#4824,#4825),.UNSPECIFIED.,.F.,
  .F.,(2,2),(33.,34.),.PIECEWISE_BEZIER_KNOTS.);
#4824 = CARTESIAN_POINT('',(3.772740288107,0.485232666782));
#4825 = CARTESIAN_POINT('',(3.479062253548,0.528765781675));
#4826 = ( GEOMETRIC_REPRESENTATION_CONTEXT(2) 
PARAMETRIC_REPRESENTATION_CONTEXT() REPRESENTATION_CONTEXT('2D SPACE',''
  ) );
#4827 = ORIENTED_EDGE('',*,*,#4579,.F.);
#4828 = ADVANCED_FACE('',(#4829),#4753,.T.);
#4829 = FACE_BOUND('',#4830,.T.);
#4830 = EDGE_LOOP('',(#4831,#4852,#4945,#4964));
#4831 = ORIENTED_EDGE('',*,*,#4832,.T.);
#4832 = EDGE_CURVE('',#4696,#4833,#4835,.T.);
#4833 = VERTEX_POINT('',#4834);
#4834 = CARTESIAN_POINT('',(-251.5140314271,-1.030687654994E+03,-5.));
#4835 = SURFACE_CURVE('',#4836,(#4839,#4846),.PCURVE_S1.);
#4836 = B_SPLINE_CURVE_WITH_KNOTS('',1,(#4837,#4838),.UNSPECIFIED.,.F.,
  .F.,(2,2),(34.,35.),.PIECEWISE_BEZIER_KNOTS.);
#4837 = CARTESIAN_POINT('',(-259.1172312107,-1.030162792281E+03,-5.));
#4838 = CARTESIAN_POINT('',(-251.5140314271,-1.030687654994E+03,-5.));
#4839 = PCURVE('',#4753,#4840);
#4840 = DEFINITIONAL_REPRESENTATION('',(#4841),#4845);
#4841 = LINE('',#4842,#4843);
#4842 = CARTESIAN_POINT('',(0.,0.));
#4843 = VECTOR('',#4844,1.);
#4844 = DIRECTION('',(1.,0.));
#4845 = ( GEOMETRIC_REPRESENTATION_CONTEXT(2) 
PARAMETRIC_REPRESENTATION_CONTEXT() REPRESENTATION_CONTEXT('2D SPACE',''
  ) );
#4846 = PCURVE('',#87,#4847);
#4847 = DEFINITIONAL_REPRESENTATION('',(#4848),#4851);
#4848 = B_SPLINE_CURVE_WITH_KNOTS('',1,(#4849,#4850),.UNSPECIFIED.,.F.,
  .F.,(2,2),(34.,35.),.PIECEWISE_BEZIER_KNOTS.);
#4849 = CARTESIAN_POINT('',(90.818662859292,12.311374535071));
#4850 = CARTESIAN_POINT('',(83.227023716828,12.983046290295));
#4851 = ( GEOMETRIC_REPRESENTATION_CONTEXT(2) 
PARAMETRIC_REPRESENTATION_CONTEXT() REPRESENTATION_CONTEXT('2D SPACE',''
  ) );
#4852 = ORIENTED_EDGE('',*,*,#4853,.T.);
#4853 = EDGE_CURVE('',#4833,#4854,#4856,.T.);
#4854 = VERTEX_POINT('',#4855);
#4855 = CARTESIAN_POINT('',(-326.6025550394,-1.068672977886E+03,207.7));
#4856 = SURFACE_CURVE('',#4857,(#4882,#4889),.PCURVE_S1.);
#4857 = ( BOUNDED_CURVE() B_SPLINE_CURVE(3,(#4858,#4859,#4860,#4861,
    #4862,#4863,#4864,#4865,#4866,#4867,#4868,#4869,#4870,#4871,#4872,
    #4873,#4874,#4875,#4876,#4877,#4878,#4879,#4880,#4881),
.UNSPECIFIED.,.F.,.F.) B_SPLINE_CURVE_WITH_KNOTS((4,1,1,1,1,1,1,1,1,1,1,
    1,1,1,1,1,1,1,1,1,1,4),(0.,8.351345992186E-02,0.136371070752,
    0.186631466795,0.236892072307,0.287245985354,0.337546964594,
    0.387892568228,0.438269195911,0.488657983617,0.539039913424,
    0.589390615006,0.639739510443,0.690135953221,0.740567502215,
    0.791001192157,0.824625304057,0.849810563706,0.930093869668,
0.935215837381,0.950554965611,1.),.UNSPECIFIED.) CURVE() 
GEOMETRIC_REPRESENTATION_ITEM() RATIONAL_B_SPLINE_CURVE((1.,
    1.000000000051,0.999999999985,1.000000000003,0.999999999999,1.,1.,1.
    ,1.,1.,1.,1.,1.,1.,1.,1.,1.000000000001,0.999999999998,
    1.000000000008,0.999999999937,1.000000000021,0.999999999406,
1.000000004078,1.)) REPRESENTATION_ITEM('') );
#4858 = CARTESIAN_POINT('',(-251.5140314271,-1.030687654994E+03,-5.));
#4859 = CARTESIAN_POINT('',(-236.9248746557,-1.021435434518E+03,
    8.008717576553));
#4860 = CARTESIAN_POINT('',(-253.0763011117,-1.030699787201E+03,
    14.999325035651));
#4861 = CARTESIAN_POINT('',(-256.2300483259,-1.035734533311E+03,
    29.781777604759));
#4862 = CARTESIAN_POINT('',(-263.1179769094,-1.038795635011E+03,
    42.001176541587));
#4863 = CARTESIAN_POINT('',(-269.8069544208,-1.041329537526E+03,
    54.014146905159));
#4864 = CARTESIAN_POINT('',(-274.050483704,-1.044014483903E+03,
    65.989969999267));
#4865 = CARTESIAN_POINT('',(-280.8183996788,-1.046613144509E+03,
    78.007482310661));
#4866 = CARTESIAN_POINT('',(-286.9653655685,-1.049231837039E+03,
    90.003188093923));
#4867 = CARTESIAN_POINT('',(-293.2920848711,-1.051834499152E+03,
    102.00152178571));
#4868 = CARTESIAN_POINT('',(-299.5445983398,-1.054477105321E+03,
    113.99940139363));
#4869 = CARTESIAN_POINT('',(-305.7155677085,-1.057209389708E+03,
    125.99554831415));
#4870 = CARTESIAN_POINT('',(-311.8740583955,-1.059919224158E+03,
    138.00035642969));
#4871 = CARTESIAN_POINT('',(-318.0716124393,-1.062606456836E+03,
    150.00331724818));
#4872 = CARTESIAN_POINT('',(-324.100804676,-1.065410491642E+03,
    162.01546347963));
#4873 = CARTESIAN_POINT('',(-329.9764238397,-1.068241565335E+03,
    173.95824023226));
#4874 = CARTESIAN_POINT('',(-335.6482618379,-1.070737822461E+03,
    184.80040122606));
#4875 = CARTESIAN_POINT('',(-339.138368092,-1.072748553887E+03,
    193.04573531588));
#4876 = CARTESIAN_POINT('',(-348.1308635134,-1.075366753128E+03,
    205.83993582621));
#4877 = CARTESIAN_POINT('',(-325.8981356945,-1.07389511018E+03,
    201.81943362341));
#4878 = CARTESIAN_POINT('',(-326.1756847478,-1.072231678692E+03,
    206.71778633278));
#4879 = CARTESIAN_POINT('',(-328.9795311794,-1.071067018736E+03,
    210.78852743977));
#4880 = CARTESIAN_POINT('',(-308.0184903745,-1.068056649802E+03,
    181.81436335833));
#4881 = CARTESIAN_POINT('',(-326.6025550394,-1.068672977886E+03,207.7));
#4882 = PCURVE('',#4753,#4883);
#4883 = DEFINITIONAL_REPRESENTATION('',(#4884),#4888);
#4884 = LINE('',#4885,#4886);
#4885 = CARTESIAN_POINT('',(35.,0.));
#4886 = VECTOR('',#4887,1.);
#4887 = DIRECTION('',(0.,1.));
#4888 = ( GEOMETRIC_REPRESENTATION_CONTEXT(2) 
PARAMETRIC_REPRESENTATION_CONTEXT() REPRESENTATION_CONTEXT('2D SPACE',''
  ) );
#4889 = PCURVE('',#4890,#4939);
#4890 = ( BOUNDED_SURFACE() B_SPLINE_SURFACE(1,3,(
    (#4891,#4892,#4893,#4894,#4895,#4896,#4897,#4898,#4899,#4900,#4901
      ,#4902,#4903,#4904,#4905,#4906,#4907,#4908,#4909,#4910,#4911,#4912
      ,#4913,#4914)
    ,(#4915,#4916,#4917,#4918,#4919,#4920,#4921,#4922,#4923,#4924,#4925
      ,#4926,#4927,#4928,#4929,#4930,#4931,#4932,#4933,#4934,#4935,#4936
      ,#4937,#4938
)),.UNSPECIFIED.,.F.,.F.,.F.) B_SPLINE_SURFACE_WITH_KNOTS((2,2),(4,1,1,1
    ,1,1,1,1,1,1,1,1,1,1,1,1,1,1,1,1,1,4),(35.,36.),(0.,
    8.351345992186E-02,0.136371070752,0.186631466795,0.236892072307,
    0.287245985354,0.337546964594,0.387892568228,0.438269195911,
    0.488657983617,0.539039913424,0.589390615006,0.639739510443,
    0.690135953221,0.740567502215,0.791001192157,0.824625304057,
    0.849810563706,0.930093869668,0.935215837381,0.950554965611,1.),
.UNSPECIFIED.) GEOMETRIC_REPRESENTATION_ITEM() RATIONAL_B_SPLINE_SURFACE
((
    (1.,1.000000000051,0.999999999985,1.000000000003,0.999999999999,1.
      ,1.,1.,1.,1.,1.,1.,1.,1.,1.,1.,1.000000000001,0.999999999998
      ,1.000000000008,0.999999999937,1.000000000021,0.999999999406
      ,1.000000004078,1.)
    ,(1.,1.000000000051,0.999999999985,1.000000000003,0.999999999999,1.
      ,1.,1.,1.,1.,1.,1.,1.,1.,1.,1.,1.000000000001,0.999999999998
      ,1.000000000008,0.999999999937,1.000000000021,0.999999999406
,1.000000004078,1.))) REPRESENTATION_ITEM('') SURFACE() );
#4891 = CARTESIAN_POINT('',(-251.5140314271,-1.030687654994E+03,-5.));
#4892 = CARTESIAN_POINT('',(-236.9248746557,-1.021435434518E+03,
    8.008717576553));
#4893 = CARTESIAN_POINT('',(-253.0763011117,-1.030699787201E+03,
    14.999325035651));
#4894 = CARTESIAN_POINT('',(-256.2300483259,-1.035734533311E+03,
    29.781777604759));
#4895 = CARTESIAN_POINT('',(-263.1179769094,-1.038795635011E+03,
    42.001176541587));
#4896 = CARTESIAN_POINT('',(-269.8069544208,-1.041329537526E+03,
    54.014146905159));
#4897 = CARTESIAN_POINT('',(-274.050483704,-1.044014483903E+03,
    65.989969999267));
#4898 = CARTESIAN_POINT('',(-280.8183996788,-1.046613144509E+03,
    78.007482310661));
#4899 = CARTESIAN_POINT('',(-286.9653655685,-1.049231837039E+03,
    90.003188093923));
#4900 = CARTESIAN_POINT('',(-293.2920848711,-1.051834499152E+03,
    102.00152178571));
#4901 = CARTESIAN_POINT('',(-299.5445983398,-1.054477105321E+03,
    113.99940139363));
#4902 = CARTESIAN_POINT('',(-305.7155677085,-1.057209389708E+03,
    125.99554831415));
#4903 = CARTESIAN_POINT('',(-311.8740583955,-1.059919224158E+03,
    138.00035642969));
#4904 = CARTESIAN_POINT('',(-318.0716124393,-1.062606456836E+03,
    150.00331724818));
#4905 = CARTESIAN_POINT('',(-324.100804676,-1.065410491642E+03,
    162.01546347963));
#4906 = CARTESIAN_POINT('',(-329.9764238397,-1.068241565335E+03,
    173.95824023226));
#4907 = CARTESIAN_POINT('',(-335.6482618379,-1.070737822461E+03,
    184.80040122606));
#4908 = CARTESIAN_POINT('',(-339.138368092,-1.072748553887E+03,
    193.04573531588));
#4909 = CARTESIAN_POINT('',(-348.1308635134,-1.075366753128E+03,
    205.83993582621));
#4910 = CARTESIAN_POINT('',(-325.8981356945,-1.07389511018E+03,
    201.81943362341));
#4911 = CARTESIAN_POINT('',(-326.1756847478,-1.072231678692E+03,
    206.71778633278));
#4912 = CARTESIAN_POINT('',(-328.9795311794,-1.071067018736E+03,
    210.78852743977));
#4913 = CARTESIAN_POINT('',(-308.0184903745,-1.068056649802E+03,
    181.81436335833));
#4914 = CARTESIAN_POINT('',(-326.6025550394,-1.068672977886E+03,207.7));
#4915 = CARTESIAN_POINT('',(-243.8999985316,-1.030988677317E+03,-5.));
#4916 = CARTESIAN_POINT('',(-228.6525834275,-1.020482526881E+03,
    8.008717576553));
#4917 = CARTESIAN_POINT('',(-245.5348491169,-1.031312388374E+03,
    14.999325035651));
#4918 = CARTESIAN_POINT('',(-248.8244060129,-1.03606839281E+03,
    29.781777604759));
#4919 = CARTESIAN_POINT('',(-255.8675685381,-1.039044560018E+03,
    42.001176541587));
#4920 = CARTESIAN_POINT('',(-262.7400449479,-1.041593085403E+03,
    54.014146905159));
#4921 = CARTESIAN_POINT('',(-267.1655461109,-1.044260311186E+03,
    65.989969999267));
#4922 = CARTESIAN_POINT('',(-274.121830203,-1.046871021218E+03,
    78.007482310661));
#4923 = CARTESIAN_POINT('',(-280.4526541544,-1.049494730375E+03,
    90.003188093923));
#4924 = CARTESIAN_POINT('',(-286.9638793849,-1.052105338703E+03,
    102.00152178571));
#4925 = CARTESIAN_POINT('',(-293.4003728319,-1.054756794466E+03,
    113.99940139363));
#4926 = CARTESIAN_POINT('',(-299.7528939319,-1.057479324278E+03,
    125.99554831415));
#4927 = CARTESIAN_POINT('',(-306.0965012036,-1.060191401102E+03,
    138.00035642969));
#4928 = CARTESIAN_POINT('',(-312.4796301476,-1.062884858512E+03,
    150.00331724818));
#4929 = CARTESIAN_POINT('',(-318.6918104955,-1.065666695115E+03,
    162.01546347963));
#4930 = CARTESIAN_POINT('',(-324.7530277406,-1.068457651818E+03,
    173.95824023226));
#4931 = CARTESIAN_POINT('',(-330.5750088241,-1.070950894125E+03,
    184.80040122606));
#4932 = CARTESIAN_POINT('',(-334.2277593517,-1.072939148977E+03,
    193.04573531588));
#4933 = CARTESIAN_POINT('',(-343.2598297272,-1.075624788568E+03,
    205.83993582621));
#4934 = CARTESIAN_POINT('',(-322.1060180515,-1.074148375713E+03,
    201.81943362341));
#4935 = CARTESIAN_POINT('',(-323.4950323257,-1.072410264901E+03,
    206.71778633278));
#4936 = CARTESIAN_POINT('',(-327.0862569423,-1.071187792358E+03,
    210.78852743977));
#4937 = CARTESIAN_POINT('',(-308.0910455289,-1.068090064843E+03,
    181.81436335833));
#4938 = CARTESIAN_POINT('',(-326.3063044293,-1.068692711471E+03,207.7));
#4939 = DEFINITIONAL_REPRESENTATION('',(#4940),#4944);
#4940 = LINE('',#4941,#4942);
#4941 = CARTESIAN_POINT('',(35.,0.));
#4942 = VECTOR('',#4943,1.);
#4943 = DIRECTION('',(0.,1.));
#4944 = ( GEOMETRIC_REPRESENTATION_CONTEXT(2) 
PARAMETRIC_REPRESENTATION_CONTEXT() REPRESENTATION_CONTEXT('2D SPACE',''
  ) );
#4945 = ORIENTED_EDGE('',*,*,#4946,.F.);
#4946 = EDGE_CURVE('',#4717,#4854,#4947,.T.);
#4947 = SURFACE_CURVE('',#4948,(#4951,#4958),.PCURVE_S1.);
#4948 = B_SPLINE_CURVE_WITH_KNOTS('',1,(#4949,#4950),.UNSPECIFIED.,.F.,
  .F.,(2,2),(34.,35.),.PIECEWISE_BEZIER_KNOTS.);
#4949 = CARTESIAN_POINT('',(-326.8986794581,-1.068651369039E+03,207.7));
#4950 = CARTESIAN_POINT('',(-326.6025550394,-1.068672977886E+03,207.7));
#4951 = PCURVE('',#4753,#4952);
#4952 = DEFINITIONAL_REPRESENTATION('',(#4953),#4957);
#4953 = LINE('',#4954,#4955);
#4954 = CARTESIAN_POINT('',(0.,1.));
#4955 = VECTOR('',#4956,1.);
#4956 = DIRECTION('',(1.,0.));
#4957 = ( GEOMETRIC_REPRESENTATION_CONTEXT(2) 
PARAMETRIC_REPRESENTATION_CONTEXT() REPRESENTATION_CONTEXT('2D SPACE',''
  ) );
#4958 = PCURVE('',#206,#4959);
#4959 = DEFINITIONAL_REPRESENTATION('',(#4960),#4963);
#4960 = B_SPLINE_CURVE_WITH_KNOTS('',1,(#4961,#4962),.UNSPECIFIED.,.F.,
  .F.,(2,2),(34.,35.),.PIECEWISE_BEZIER_KNOTS.);
#4961 = CARTESIAN_POINT('',(3.479062253548,0.528765781675));
#4962 = CARTESIAN_POINT('',(3.184388671135,0.565153876896));
#4963 = ( GEOMETRIC_REPRESENTATION_CONTEXT(2) 
PARAMETRIC_REPRESENTATION_CONTEXT() REPRESENTATION_CONTEXT('2D SPACE',''
  ) );
#4964 = ORIENTED_EDGE('',*,*,#4716,.F.);
#4965 = ADVANCED_FACE('',(#4966),#4890,.T.);
#4966 = FACE_BOUND('',#4967,.T.);
#4967 = EDGE_LOOP('',(#4968,#4989,#5082,#5101));
#4968 = ORIENTED_EDGE('',*,*,#4969,.T.);
#4969 = EDGE_CURVE('',#4833,#4970,#4972,.T.);
#4970 = VERTEX_POINT('',#4971);
#4971 = CARTESIAN_POINT('',(-243.8999985316,-1.030988677317E+03,-5.));
#4972 = SURFACE_CURVE('',#4973,(#4976,#4983),.PCURVE_S1.);
#4973 = B_SPLINE_CURVE_WITH_KNOTS('',1,(#4974,#4975),.UNSPECIFIED.,.F.,
  .F.,(2,2),(35.,36.),.PIECEWISE_BEZIER_KNOTS.);
#4974 = CARTESIAN_POINT('',(-251.5140314271,-1.030687654994E+03,-5.));
#4975 = CARTESIAN_POINT('',(-243.8999985316,-1.030988677317E+03,-5.));
#4976 = PCURVE('',#4890,#4977);
#4977 = DEFINITIONAL_REPRESENTATION('',(#4978),#4982);
#4978 = LINE('',#4979,#4980);
#4979 = CARTESIAN_POINT('',(0.,0.));
#4980 = VECTOR('',#4981,1.);
#4981 = DIRECTION('',(1.,0.));
#4982 = ( GEOMETRIC_REPRESENTATION_CONTEXT(2) 
PARAMETRIC_REPRESENTATION_CONTEXT() REPRESENTATION_CONTEXT('2D SPACE',''
  ) );
#4983 = PCURVE('',#87,#4984);
#4984 = DEFINITIONAL_REPRESENTATION('',(#4985),#4988);
#4985 = B_SPLINE_CURVE_WITH_KNOTS('',1,(#4986,#4987),.UNSPECIFIED.,.F.,
  .F.,(2,2),(35.,36.),.PIECEWISE_BEZIER_KNOTS.);
#4986 = CARTESIAN_POINT('',(83.227023716828,12.983046290295));
#4987 = CARTESIAN_POINT('',(75.620228499622,13.431128757324));
#4988 = ( GEOMETRIC_REPRESENTATION_CONTEXT(2) 
PARAMETRIC_REPRESENTATION_CONTEXT() REPRESENTATION_CONTEXT('2D SPACE',''
  ) );
#4989 = ORIENTED_EDGE('',*,*,#4990,.T.);
#4990 = EDGE_CURVE('',#4970,#4991,#4993,.T.);
#4991 = VERTEX_POINT('',#4992);
#4992 = CARTESIAN_POINT('',(-326.3063044293,-1.068692711471E+03,207.7));
#4993 = SURFACE_CURVE('',#4994,(#5019,#5026),.PCURVE_S1.);
#4994 = ( BOUNDED_CURVE() B_SPLINE_CURVE(3,(#4995,#4996,#4997,#4998,
    #4999,#5000,#5001,#5002,#5003,#5004,#5005,#5006,#5007,#5008,#5009,
    #5010,#5011,#5012,#5013,#5014,#5015,#5016,#5017,#5018),
.UNSPECIFIED.,.F.,.F.) B_SPLINE_CURVE_WITH_KNOTS((4,1,1,1,1,1,1,1,1,1,1,
    1,1,1,1,1,1,1,1,1,1,4),(0.,8.351345992186E-02,0.136371070752,
    0.186631466795,0.236892072307,0.287245985354,0.337546964594,
    0.387892568228,0.438269195911,0.488657983617,0.539039913424,
    0.589390615006,0.639739510443,0.690135953221,0.740567502215,
    0.791001192157,0.824625304057,0.849810563706,0.930093869668,
0.935215837381,0.950554965611,1.),.UNSPECIFIED.) CURVE() 
GEOMETRIC_REPRESENTATION_ITEM() RATIONAL_B_SPLINE_CURVE((1.,
    1.000000000051,0.999999999985,1.000000000003,0.999999999999,1.,1.,1.
    ,1.,1.,1.,1.,1.,1.,1.,1.,1.000000000001,0.999999999998,
    1.000000000008,0.999999999937,1.000000000021,0.999999999406,
1.000000004078,1.)) REPRESENTATION_ITEM('') );
#4995 = CARTESIAN_POINT('',(-243.8999985316,-1.030988677317E+03,-5.));
#4996 = CARTESIAN_POINT('',(-228.6525834275,-1.020482526881E+03,
    8.008717576553));
#4997 = CARTESIAN_POINT('',(-245.5348491169,-1.031312388374E+03,
    14.999325035651));
#4998 = CARTESIAN_POINT('',(-248.8244060129,-1.03606839281E+03,
    29.781777604759));
#4999 = CARTESIAN_POINT('',(-255.8675685381,-1.039044560018E+03,
    42.001176541587));
#5000 = CARTESIAN_POINT('',(-262.7400449479,-1.041593085403E+03,
    54.014146905159));
#5001 = CARTESIAN_POINT('',(-267.1655461109,-1.044260311186E+03,
    65.989969999267));
#5002 = CARTESIAN_POINT('',(-274.121830203,-1.046871021218E+03,
    78.007482310661));
#5003 = CARTESIAN_POINT('',(-280.4526541544,-1.049494730375E+03,
    90.003188093923));
#5004 = CARTESIAN_POINT('',(-286.9638793849,-1.052105338703E+03,
    102.00152178571));
#5005 = CARTESIAN_POINT('',(-293.4003728319,-1.054756794466E+03,
    113.99940139363));
#5006 = CARTESIAN_POINT('',(-299.7528939319,-1.057479324278E+03,
    125.99554831415));
#5007 = CARTESIAN_POINT('',(-306.0965012036,-1.060191401102E+03,
    138.00035642969));
#5008 = CARTESIAN_POINT('',(-312.4796301476,-1.062884858512E+03,
    150.00331724818));
#5009 = CARTESIAN_POINT('',(-318.6918104955,-1.065666695115E+03,
    162.01546347963));
#5010 = CARTESIAN_POINT('',(-324.7530277406,-1.068457651818E+03,
    173.95824023226));
#5011 = CARTESIAN_POINT('',(-330.5750088241,-1.070950894125E+03,
    184.80040122606));
#5012 = CARTESIAN_POINT('',(-334.2277593517,-1.072939148977E+03,
    193.04573531588));
#5013 = CARTESIAN_POINT('',(-343.2598297272,-1.075624788568E+03,
    205.83993582621));
#5014 = CARTESIAN_POINT('',(-322.1060180515,-1.074148375713E+03,
    201.81943362341));
#5015 = CARTESIAN_POINT('',(-323.4950323257,-1.072410264901E+03,
    206.71778633278));
#5016 = CARTESIAN_POINT('',(-327.0862569423,-1.071187792358E+03,
    210.78852743977));
#5017 = CARTESIAN_POINT('',(-308.0910455289,-1.068090064843E+03,
    181.81436335833));
#5018 = CARTESIAN_POINT('',(-326.3063044293,-1.068692711471E+03,207.7));
#5019 = PCURVE('',#4890,#5020);
#5020 = DEFINITIONAL_REPRESENTATION('',(#5021),#5025);
#5021 = LINE('',#5022,#5023);
#5022 = CARTESIAN_POINT('',(36.,0.));
#5023 = VECTOR('',#5024,1.);
#5024 = DIRECTION('',(0.,1.));
#5025 = ( GEOMETRIC_REPRESENTATION_CONTEXT(2) 
PARAMETRIC_REPRESENTATION_CONTEXT() REPRESENTATION_CONTEXT('2D SPACE',''
  ) );
#5026 = PCURVE('',#5027,#5076);
#5027 = ( BOUNDED_SURFACE() B_SPLINE_SURFACE(1,3,(
    (#5028,#5029,#5030,#5031,#5032,#5033,#5034,#5035,#5036,#5037,#5038
      ,#5039,#5040,#5041,#5042,#5043,#5044,#5045,#5046,#5047,#5048,#5049
      ,#5050,#5051)
    ,(#5052,#5053,#5054,#5055,#5056,#5057,#5058,#5059,#5060,#5061,#5062
      ,#5063,#5064,#5065,#5066,#5067,#5068,#5069,#5070,#5071,#5072,#5073
      ,#5074,#5075
)),.UNSPECIFIED.,.F.,.F.,.F.) B_SPLINE_SURFACE_WITH_KNOTS((2,2),(4,1,1,1
    ,1,1,1,1,1,1,1,1,1,1,1,1,1,1,1,1,1,4),(36.,37.),(0.,
    8.351345992186E-02,0.136371070752,0.186631466795,0.236892072307,
    0.287245985354,0.337546964594,0.387892568228,0.438269195911,
    0.488657983617,0.539039913424,0.589390615006,0.639739510443,
    0.690135953221,0.740567502215,0.791001192157,0.824625304057,
    0.849810563706,0.930093869668,0.935215837381,0.950554965611,1.),
.UNSPECIFIED.) GEOMETRIC_REPRESENTATION_ITEM() RATIONAL_B_SPLINE_SURFACE
((
    (1.,1.000000000051,0.999999999985,1.000000000003,0.999999999999,1.
      ,1.,1.,1.,1.,1.,1.,1.,1.,1.,1.,1.000000000001,0.999999999998
      ,1.000000000008,0.999999999937,1.000000000021,0.999999999406
      ,1.000000004078,1.)
    ,(1.,1.000000000051,0.999999999985,1.000000000003,0.999999999999,1.
      ,1.,1.,1.,1.,1.,1.,1.,1.,1.,1.,1.000000000001,0.999999999998
      ,1.000000000008,0.999999999937,1.000000000021,0.999999999406
,1.000000004078,1.))) REPRESENTATION_ITEM('') SURFACE() );
#5028 = CARTESIAN_POINT('',(-243.8999985316,-1.030988677317E+03,-5.));
#5029 = CARTESIAN_POINT('',(-228.6525834275,-1.020482526881E+03,
    8.008717576553));
#5030 = CARTESIAN_POINT('',(-245.5348491169,-1.031312388374E+03,
    14.999325035651));
#5031 = CARTESIAN_POINT('',(-248.8244060129,-1.03606839281E+03,
    29.781777604759));
#5032 = CARTESIAN_POINT('',(-255.8675685381,-1.039044560018E+03,
    42.001176541587));
#5033 = CARTESIAN_POINT('',(-262.7400449479,-1.041593085403E+03,
    54.014146905159));
#5034 = CARTESIAN_POINT('',(-267.1655461109,-1.044260311186E+03,
    65.989969999267));
#5035 = CARTESIAN_POINT('',(-274.121830203,-1.046871021218E+03,
    78.007482310661));
#5036 = CARTESIAN_POINT('',(-280.4526541544,-1.049494730375E+03,
    90.003188093923));
#5037 = CARTESIAN_POINT('',(-286.9638793849,-1.052105338703E+03,
    102.00152178571));
#5038 = CARTESIAN_POINT('',(-293.4003728319,-1.054756794466E+03,
    113.99940139363));
#5039 = CARTESIAN_POINT('',(-299.7528939319,-1.057479324278E+03,
    125.99554831415));
#5040 = CARTESIAN_POINT('',(-306.0965012036,-1.060191401102E+03,
    138.00035642969));
#5041 = CARTESIAN_POINT('',(-312.4796301476,-1.062884858512E+03,
    150.00331724818));
#5042 = CARTESIAN_POINT('',(-318.6918104955,-1.065666695115E+03,
    162.01546347963));
#5043 = CARTESIAN_POINT('',(-324.7530277406,-1.068457651818E+03,
    173.95824023226));
#5044 = CARTESIAN_POINT('',(-330.5750088241,-1.070950894125E+03,
    184.80040122606));
#5045 = CARTESIAN_POINT('',(-334.2277593517,-1.072939148977E+03,
    193.04573531588));
#5046 = CARTESIAN_POINT('',(-343.2598297272,-1.075624788568E+03,
    205.83993582621));
#5047 = CARTESIAN_POINT('',(-322.1060180515,-1.074148375713E+03,
    201.81943362341));
#5048 = CARTESIAN_POINT('',(-323.4950323257,-1.072410264901E+03,
    206.71778633278));
#5049 = CARTESIAN_POINT('',(-327.0862569423,-1.071187792358E+03,
    210.78852743977));
#5050 = CARTESIAN_POINT('',(-308.0910455289,-1.068090064843E+03,
    181.81436335833));
#5051 = CARTESIAN_POINT('',(-326.3063044293,-1.068692711471E+03,207.7));
#5052 = CARTESIAN_POINT('',(-236.2816626162,-1.031201011246E+03,-5.));
#5053 = CARTESIAN_POINT('',(-220.3939631366,-1.019856697997E+03,
    8.008717576553));
#5054 = CARTESIAN_POINT('',(-237.9833510571,-1.031708567975E+03,
    14.999325035651));
#5055 = CARTESIAN_POINT('',(-241.4166725566,-1.036353986386E+03,
    29.781777604759));
#5056 = CARTESIAN_POINT('',(-248.616821357,-1.039284803542E+03,
    42.001176541587));
#5057 = CARTESIAN_POINT('',(-255.6723507817,-1.041840052834E+03,
    54.014146905159));
#5058 = CARTESIAN_POINT('',(-260.2806090604,-1.044505906354E+03,
    65.989969999267));
#5059 = CARTESIAN_POINT('',(-267.424303441,-1.047107302363E+03,
    78.007482310661));
#5060 = CARTESIAN_POINT('',(-273.9386865365,-1.049730047894E+03,
    90.003188093923));
#5061 = CARTESIAN_POINT('',(-280.6341214004,-1.052344254223E+03,
    102.00152178571));
#5062 = CARTESIAN_POINT('',(-287.2539076159,-1.054986058994E+03,
    113.99940139363));
#5063 = CARTESIAN_POINT('',(-293.7881867748,-1.057702609836E+03,
    125.99554831415));
#5064 = CARTESIAN_POINT('',(-300.3164867081,-1.060407301603E+03,
    138.00035642969));
#5065 = CARTESIAN_POINT('',(-306.884783242,-1.063098898009E+03,
    150.00331724818));
#5066 = CARTESIAN_POINT('',(-313.2807040859,-1.065873381214E+03,
    162.01546347963));
#5067 = CARTESIAN_POINT('',(-319.5287284805,-1.068643782466E+03,
    173.95824023226));
#5068 = CARTESIAN_POINT('',(-325.5018372421,-1.071167172798E+03,
    184.80040122606));
#5069 = CARTESIAN_POINT('',(-329.3170013665,-1.073126185439E+03,
    193.04573531588));
#5070 = CARTESIAN_POINT('',(-338.3890630236,-1.075887956768E+03,
    205.83993582621));
#5071 = CARTESIAN_POINT('',(-318.3126198389,-1.074382609794E+03,
    201.81943362341));
#5072 = CARTESIAN_POINT('',(-320.8134795719,-1.072575467954E+03,
    206.71778633278));
#5073 = CARTESIAN_POINT('',(-325.1925732365,-1.071302670331E+03,
    210.78852743977));
#5074 = CARTESIAN_POINT('',(-308.162040415,-1.068098965917E+03,
    181.81436335833));
#5075 = CARTESIAN_POINT('',(-326.0099546762,-1.068710971741E+03,207.7));
#5076 = DEFINITIONAL_REPRESENTATION('',(#5077),#5081);
#5077 = LINE('',#5078,#5079);
#5078 = CARTESIAN_POINT('',(36.,0.));
#5079 = VECTOR('',#5080,1.);
#5080 = DIRECTION('',(0.,1.));
#5081 = ( GEOMETRIC_REPRESENTATION_CONTEXT(2) 
PARAMETRIC_REPRESENTATION_CONTEXT() REPRESENTATION_CONTEXT('2D SPACE',''
  ) );
#5082 = ORIENTED_EDGE('',*,*,#5083,.F.);
#5083 = EDGE_CURVE('',#4854,#4991,#5084,.T.);
#5084 = SURFACE_CURVE('',#5085,(#5088,#5095),.PCURVE_S1.);
#5085 = B_SPLINE_CURVE_WITH_KNOTS('',1,(#5086,#5087),.UNSPECIFIED.,.F.,
  .F.,(2,2),(35.,36.),.PIECEWISE_BEZIER_KNOTS.);
#5086 = CARTESIAN_POINT('',(-326.6025550394,-1.068672977886E+03,207.7));
#5087 = CARTESIAN_POINT('',(-326.3063044293,-1.068692711471E+03,207.7));
#5088 = PCURVE('',#4890,#5089);
#5089 = DEFINITIONAL_REPRESENTATION('',(#5090),#5094);
#5090 = LINE('',#5091,#5092);
#5091 = CARTESIAN_POINT('',(0.,1.));
#5092 = VECTOR('',#5093,1.);
#5093 = DIRECTION('',(1.,0.));
#5094 = ( GEOMETRIC_REPRESENTATION_CONTEXT(2) 
PARAMETRIC_REPRESENTATION_CONTEXT() REPRESENTATION_CONTEXT('2D SPACE',''
  ) );
#5095 = PCURVE('',#206,#5096);
#5096 = DEFINITIONAL_REPRESENTATION('',(#5097),#5100);
#5097 = B_SPLINE_CURVE_WITH_KNOTS('',1,(#5098,#5099),.UNSPECIFIED.,.F.,
  .F.,(2,2),(35.,36.),.PIECEWISE_BEZIER_KNOTS.);
#5098 = CARTESIAN_POINT('',(3.184388671135,0.565153876896));
#5099 = CARTESIAN_POINT('',(2.889495291845,0.599675364905));
#5100 = ( GEOMETRIC_REPRESENTATION_CONTEXT(2) 
PARAMETRIC_REPRESENTATION_CONTEXT() REPRESENTATION_CONTEXT('2D SPACE',''
  ) );
#5101 = ORIENTED_EDGE('',*,*,#4853,.F.);
#5102 = ADVANCED_FACE('',(#5103),#5027,.T.);
#5103 = FACE_BOUND('',#5104,.T.);
#5104 = EDGE_LOOP('',(#5105,#5126,#5219,#5238));
#5105 = ORIENTED_EDGE('',*,*,#5106,.T.);
#5106 = EDGE_CURVE('',#4970,#5107,#5109,.T.);
#5107 = VERTEX_POINT('',#5108);
#5108 = CARTESIAN_POINT('',(-236.2816626162,-1.031201011246E+03,-5.));
#5109 = SURFACE_CURVE('',#5110,(#5113,#5120),.PCURVE_S1.);
#5110 = B_SPLINE_CURVE_WITH_KNOTS('',1,(#5111,#5112),.UNSPECIFIED.,.F.,
  .F.,(2,2),(36.,37.),.PIECEWISE_BEZIER_KNOTS.);
#5111 = CARTESIAN_POINT('',(-243.8999985316,-1.030988677317E+03,-5.));
#5112 = CARTESIAN_POINT('',(-236.2816626162,-1.031201011246E+03,-5.));
#5113 = PCURVE('',#5027,#5114);
#5114 = DEFINITIONAL_REPRESENTATION('',(#5115),#5119);
#5115 = LINE('',#5116,#5117);
#5116 = CARTESIAN_POINT('',(0.,0.));
#5117 = VECTOR('',#5118,1.);
#5118 = DIRECTION('',(1.,0.));
#5119 = ( GEOMETRIC_REPRESENTATION_CONTEXT(2) 
PARAMETRIC_REPRESENTATION_CONTEXT() REPRESENTATION_CONTEXT('2D SPACE',''
  ) );
#5120 = PCURVE('',#87,#5121);
#5121 = DEFINITIONAL_REPRESENTATION('',(#5122),#5125);
#5122 = B_SPLINE_CURVE_WITH_KNOTS('',1,(#5123,#5124),.UNSPECIFIED.,.F.,
  .F.,(2,2),(36.,37.),.PIECEWISE_BEZIER_KNOTS.);
#5123 = CARTESIAN_POINT('',(75.620228499622,13.431128757324));
#5124 = CARTESIAN_POINT('',(68.007417452118,13.79062252802));
#5125 = ( GEOMETRIC_REPRESENTATION_CONTEXT(2) 
PARAMETRIC_REPRESENTATION_CONTEXT() REPRESENTATION_CONTEXT('2D SPACE',''
  ) );
#5126 = ORIENTED_EDGE('',*,*,#5127,.T.);
#5127 = EDGE_CURVE('',#5107,#5128,#5130,.T.);
#5128 = VERTEX_POINT('',#5129);
#5129 = CARTESIAN_POINT('',(-326.0099546762,-1.068710971741E+03,207.7));
#5130 = SURFACE_CURVE('',#5131,(#5156,#5163),.PCURVE_S1.);
#5131 = ( BOUNDED_CURVE() B_SPLINE_CURVE(3,(#5132,#5133,#5134,#5135,
    #5136,#5137,#5138,#5139,#5140,#5141,#5142,#5143,#5144,#5145,#5146,
    #5147,#5148,#5149,#5150,#5151,#5152,#5153,#5154,#5155),
.UNSPECIFIED.,.F.,.F.) B_SPLINE_CURVE_WITH_KNOTS((4,1,1,1,1,1,1,1,1,1,1,
    1,1,1,1,1,1,1,1,1,1,4),(0.,8.351345992186E-02,0.136371070752,
    0.186631466795,0.236892072307,0.287245985354,0.337546964594,
    0.387892568228,0.438269195911,0.488657983617,0.539039913424,
    0.589390615006,0.639739510443,0.690135953221,0.740567502215,
    0.791001192157,0.824625304057,0.849810563706,0.930093869668,
0.935215837381,0.950554965611,1.),.UNSPECIFIED.) CURVE() 
GEOMETRIC_REPRESENTATION_ITEM() RATIONAL_B_SPLINE_CURVE((1.,
    1.000000000051,0.999999999985,1.000000000003,0.999999999999,1.,1.,1.
    ,1.,1.,1.,1.,1.,1.,1.,1.,1.000000000001,0.999999999998,
    1.000000000008,0.999999999937,1.000000000021,0.999999999406,
1.000000004078,1.)) REPRESENTATION_ITEM('') );
#5132 = CARTESIAN_POINT('',(-236.2816626162,-1.031201011246E+03,-5.));
#5133 = CARTESIAN_POINT('',(-220.3939631366,-1.019856697997E+03,
    8.008717576553));
#5134 = CARTESIAN_POINT('',(-237.9833510571,-1.031708567975E+03,
    14.999325035651));
#5135 = CARTESIAN_POINT('',(-241.4166725566,-1.036353986386E+03,
    29.781777604759));
#5136 = CARTESIAN_POINT('',(-248.616821357,-1.039284803542E+03,
    42.001176541587));
#5137 = CARTESIAN_POINT('',(-255.6723507817,-1.041840052834E+03,
    54.014146905159));
#5138 = CARTESIAN_POINT('',(-260.2806090604,-1.044505906354E+03,
    65.989969999267));
#5139 = CARTESIAN_POINT('',(-267.424303441,-1.047107302363E+03,
    78.007482310661));
#5140 = CARTESIAN_POINT('',(-273.9386865365,-1.049730047894E+03,
    90.003188093923));
#5141 = CARTESIAN_POINT('',(-280.6341214004,-1.052344254223E+03,
    102.00152178571));
#5142 = CARTESIAN_POINT('',(-287.2539076159,-1.054986058994E+03,
    113.99940139363));
#5143 = CARTESIAN_POINT('',(-293.7881867748,-1.057702609836E+03,
    125.99554831415));
#5144 = CARTESIAN_POINT('',(-300.3164867081,-1.060407301603E+03,
    138.00035642969));
#5145 = CARTESIAN_POINT('',(-306.884783242,-1.063098898009E+03,
    150.00331724818));
#5146 = CARTESIAN_POINT('',(-313.2807040859,-1.065873381214E+03,
    162.01546347963));
#5147 = CARTESIAN_POINT('',(-319.5287284805,-1.068643782466E+03,
    173.95824023226));
#5148 = CARTESIAN_POINT('',(-325.5018372421,-1.071167172798E+03,
    184.80040122606));
#5149 = CARTESIAN_POINT('',(-329.3170013665,-1.073126185439E+03,
    193.04573531588));
#5150 = CARTESIAN_POINT('',(-338.3890630236,-1.075887956768E+03,
    205.83993582621));
#5151 = CARTESIAN_POINT('',(-318.3126198389,-1.074382609794E+03,
    201.81943362341));
#5152 = CARTESIAN_POINT('',(-320.8134795719,-1.072575467954E+03,
    206.71778633278));
#5153 = CARTESIAN_POINT('',(-325.1925732365,-1.071302670331E+03,
    210.78852743977));
#5154 = CARTESIAN_POINT('',(-308.162040415,-1.068098965917E+03,
    181.81436335833));
#5155 = CARTESIAN_POINT('',(-326.0099546762,-1.068710971741E+03,207.7));
#5156 = PCURVE('',#5027,#5157);
#5157 = DEFINITIONAL_REPRESENTATION('',(#5158),#5162);
#5158 = LINE('',#5159,#5160);
#5159 = CARTESIAN_POINT('',(37.,0.));
#5160 = VECTOR('',#5161,1.);
#5161 = DIRECTION('',(0.,1.));
#5162 = ( GEOMETRIC_REPRESENTATION_CONTEXT(2) 
PARAMETRIC_REPRESENTATION_CONTEXT() REPRESENTATION_CONTEXT('2D SPACE',''
  ) );
#5163 = PCURVE('',#5164,#5213);
#5164 = ( BOUNDED_SURFACE() B_SPLINE_SURFACE(1,3,(
    (#5165,#5166,#5167,#5168,#5169,#5170,#5171,#5172,#5173,#5174,#5175
      ,#5176,#5177,#5178,#5179,#5180,#5181,#5182,#5183,#5184,#5185,#5186
      ,#5187,#5188)
    ,(#5189,#5190,#5191,#5192,#5193,#5194,#5195,#5196,#5197,#5198,#5199
      ,#5200,#5201,#5202,#5203,#5204,#5205,#5206,#5207,#5208,#5209,#5210
      ,#5211,#5212
)),.UNSPECIFIED.,.F.,.F.,.F.) B_SPLINE_SURFACE_WITH_KNOTS((2,2),(4,1,1,1
    ,1,1,1,1,1,1,1,1,1,1,1,1,1,1,1,1,1,4),(37.,38.),(0.,
    8.351345992186E-02,0.136371070752,0.186631466795,0.236892072307,
    0.287245985354,0.337546964594,0.387892568228,0.438269195911,
    0.488657983617,0.539039913424,0.589390615006,0.639739510443,
    0.690135953221,0.740567502215,0.791001192157,0.824625304057,
    0.849810563706,0.930093869668,0.935215837381,0.950554965611,1.),
.UNSPECIFIED.) GEOMETRIC_REPRESENTATION_ITEM() RATIONAL_B_SPLINE_SURFACE
((
    (1.,1.000000000051,0.999999999985,1.000000000003,0.999999999999,1.
      ,1.,1.,1.,1.,1.,1.,1.,1.,1.,1.,1.000000000001,0.999999999998
      ,1.000000000008,0.999999999937,1.000000000021,0.999999999406
      ,1.000000004078,1.)
    ,(1.,1.000000000051,0.999999999985,1.000000000003,0.999999999999,1.
      ,1.,1.,1.,1.,1.,1.,1.,1.,1.,1.,1.000000000001,0.999999999998
      ,1.000000000008,0.999999999937,1.000000000021,0.999999999406
,1.000000004078,1.))) REPRESENTATION_ITEM('') SURFACE() );
#5165 = CARTESIAN_POINT('',(-236.2816626162,-1.031201011246E+03,-5.));
#5166 = CARTESIAN_POINT('',(-220.3939631366,-1.019856697997E+03,
    8.008717576553));
#5167 = CARTESIAN_POINT('',(-237.9833510571,-1.031708567975E+03,
    14.999325035651));
#5168 = CARTESIAN_POINT('',(-241.4166725566,-1.036353986386E+03,
    29.781777604759));
#5169 = CARTESIAN_POINT('',(-248.616821357,-1.039284803542E+03,
    42.001176541587));
#5170 = CARTESIAN_POINT('',(-255.6723507817,-1.041840052834E+03,
    54.014146905159));
#5171 = CARTESIAN_POINT('',(-260.2806090604,-1.044505906354E+03,
    65.989969999267));
#5172 = CARTESIAN_POINT('',(-267.424303441,-1.047107302363E+03,
    78.007482310661));
#5173 = CARTESIAN_POINT('',(-273.9386865365,-1.049730047894E+03,
    90.003188093923));
#5174 = CARTESIAN_POINT('',(-280.6341214004,-1.052344254223E+03,
    102.00152178571));
#5175 = CARTESIAN_POINT('',(-287.2539076159,-1.054986058994E+03,
    113.99940139363));
#5176 = CARTESIAN_POINT('',(-293.7881867748,-1.057702609836E+03,
    125.99554831415));
#5177 = CARTESIAN_POINT('',(-300.3164867081,-1.060407301603E+03,
    138.00035642969));
#5178 = CARTESIAN_POINT('',(-306.884783242,-1.063098898009E+03,
    150.00331724818));
#5179 = CARTESIAN_POINT('',(-313.2807040859,-1.065873381214E+03,
    162.01546347963));
#5180 = CARTESIAN_POINT('',(-319.5287284805,-1.068643782466E+03,
    173.95824023226));
#5181 = CARTESIAN_POINT('',(-325.5018372421,-1.071167172798E+03,
    184.80040122606));
#5182 = CARTESIAN_POINT('',(-329.3170013665,-1.073126185439E+03,
    193.04573531588));
#5183 = CARTESIAN_POINT('',(-338.3890630236,-1.075887956768E+03,
    205.83993582621));
#5184 = CARTESIAN_POINT('',(-318.3126198389,-1.074382609794E+03,
    201.81943362341));
#5185 = CARTESIAN_POINT('',(-320.8134795719,-1.072575467954E+03,
    206.71778633278));
#5186 = CARTESIAN_POINT('',(-325.1925732365,-1.071302670331E+03,
    210.78852743977));
#5187 = CARTESIAN_POINT('',(-308.162040415,-1.068098965917E+03,
    181.81436335833));
#5188 = CARTESIAN_POINT('',(-326.0099546762,-1.068710971741E+03,207.7));
#5189 = CARTESIAN_POINT('',(-228.6633267009,-1.031413345174E+03,-5.));
#5190 = CARTESIAN_POINT('',(-212.1421898644,-1.019322344809E+03,
    8.008717576553));
#5191 = CARTESIAN_POINT('',(-230.4305422978,-1.032093520764E+03,
    14.999325035651));
#5192 = CARTESIAN_POINT('',(-234.0079390411,-1.036613016858E+03,
    29.781777604759));
#5193 = CARTESIAN_POINT('',(-241.366206093,-1.039527100516E+03,
    42.001176541587));
#5194 = CARTESIAN_POINT('',(-248.6048669806,-1.042093544181E+03,
    54.014146905159));
#5195 = CARTESIAN_POINT('',(-253.3949748147,-1.044727634292E+03,
    65.989969999267));
#5196 = CARTESIAN_POINT('',(-260.7273667431,-1.047360688824E+03,
    78.007482310661));
#5197 = CARTESIAN_POINT('',(-267.4249983942,-1.049972792264E+03,
    90.003188093923));
#5198 = CARTESIAN_POINT('',(-274.3042945535,-1.052581338227E+03,
    102.00152178571));
#5199 = CARTESIAN_POINT('',(-281.1074382199,-1.055215218633E+03,
    113.99940139363));
#5200 = CARTESIAN_POINT('',(-287.8235651625,-1.057928145469E+03,
    125.99554831415));
#5201 = CARTESIAN_POINT('',(-294.5366846339,-1.060628861976E+03,
    138.00035642969));
#5202 = CARTESIAN_POINT('',(-301.2899447472,-1.063313001492E+03,
    150.00331724818));
#5203 = CARTESIAN_POINT('',(-307.8695315432,-1.066078910363E+03,
    162.01546347963));
#5204 = CARTESIAN_POINT('',(-314.304767395,-1.068848682501E+03,
    173.95824023226));
#5205 = CARTESIAN_POINT('',(-320.4274976606,-1.071344518419E+03,
    184.80040122606));
#5206 = CARTESIAN_POINT('',(-324.4053669198,-1.07328008149E+03,
    193.04573531588));
#5207 = CARTESIAN_POINT('',(-333.5184947506,-1.076167074543E+03,
    205.83993582621));
#5208 = CARTESIAN_POINT('',(-314.5192233214,-1.074616886467E+03,
    201.81943362341));
#5209 = CARTESIAN_POINT('',(-318.1319255208,-1.072740597761E+03,
    206.71778633278));
#5210 = CARTESIAN_POINT('',(-323.2989403376,-1.071420747667E+03,
    210.78852743977));
#5211 = CARTESIAN_POINT('',(-308.2326815651,-1.068085510551E+03,
    181.81436335833));
#5212 = CARTESIAN_POINT('',(-325.7136049231,-1.068729232011E+03,207.7));
#5213 = DEFINITIONAL_REPRESENTATION('',(#5214),#5218);
#5214 = LINE('',#5215,#5216);
#5215 = CARTESIAN_POINT('',(37.,0.));
#5216 = VECTOR('',#5217,1.);
#5217 = DIRECTION('',(0.,1.));
#5218 = ( GEOMETRIC_REPRESENTATION_CONTEXT(2) 
PARAMETRIC_REPRESENTATION_CONTEXT() REPRESENTATION_CONTEXT('2D SPACE',''
  ) );
#5219 = ORIENTED_EDGE('',*,*,#5220,.F.);
#5220 = EDGE_CURVE('',#4991,#5128,#5221,.T.);
#5221 = SURFACE_CURVE('',#5222,(#5225,#5232),.PCURVE_S1.);
#5222 = B_SPLINE_CURVE_WITH_KNOTS('',1,(#5223,#5224),.UNSPECIFIED.,.F.,
  .F.,(2,2),(36.,37.),.PIECEWISE_BEZIER_KNOTS.);
#5223 = CARTESIAN_POINT('',(-326.3063044293,-1.068692711471E+03,207.7));
#5224 = CARTESIAN_POINT('',(-326.0099546762,-1.068710971741E+03,207.7));
#5225 = PCURVE('',#5027,#5226);
#5226 = DEFINITIONAL_REPRESENTATION('',(#5227),#5231);
#5227 = LINE('',#5228,#5229);
#5228 = CARTESIAN_POINT('',(0.,1.));
#5229 = VECTOR('',#5230,1.);
#5230 = DIRECTION('',(1.,0.));
#5231 = ( GEOMETRIC_REPRESENTATION_CONTEXT(2) 
PARAMETRIC_REPRESENTATION_CONTEXT() REPRESENTATION_CONTEXT('2D SPACE',''
  ) );
#5232 = PCURVE('',#206,#5233);
#5233 = DEFINITIONAL_REPRESENTATION('',(#5234),#5237);
#5234 = B_SPLINE_CURVE_WITH_KNOTS('',1,(#5235,#5236),.UNSPECIFIED.,.F.,
  .F.,(2,2),(36.,37.),.PIECEWISE_BEZIER_KNOTS.);
#5235 = CARTESIAN_POINT('',(2.889495291845,0.599675364905));
#5236 = CARTESIAN_POINT('',(2.594429227424,0.632730338406));
#5237 = ( GEOMETRIC_REPRESENTATION_CONTEXT(2) 
PARAMETRIC_REPRESENTATION_CONTEXT() REPRESENTATION_CONTEXT('2D SPACE',''
  ) );
#5238 = ORIENTED_EDGE('',*,*,#4990,.F.);
#5239 = ADVANCED_FACE('',(#5240),#5164,.T.);
#5240 = FACE_BOUND('',#5241,.T.);
#5241 = EDGE_LOOP('',(#5242,#5263,#5356,#5375));
#5242 = ORIENTED_EDGE('',*,*,#5243,.T.);
#5243 = EDGE_CURVE('',#5107,#5244,#5246,.T.);
#5244 = VERTEX_POINT('',#5245);
#5245 = CARTESIAN_POINT('',(-228.6633267009,-1.031413345174E+03,-5.));
#5246 = SURFACE_CURVE('',#5247,(#5250,#5257),.PCURVE_S1.);
#5247 = B_SPLINE_CURVE_WITH_KNOTS('',1,(#5248,#5249),.UNSPECIFIED.,.F.,
  .F.,(2,2),(37.,38.),.PIECEWISE_BEZIER_KNOTS.);
#5248 = CARTESIAN_POINT('',(-236.2816626162,-1.031201011246E+03,-5.));
#5249 = CARTESIAN_POINT('',(-228.6633267009,-1.031413345174E+03,-5.));
#5250 = PCURVE('',#5164,#5251);
#5251 = DEFINITIONAL_REPRESENTATION('',(#5252),#5256);
#5252 = LINE('',#5253,#5254);
#5253 = CARTESIAN_POINT('',(0.,0.));
#5254 = VECTOR('',#5255,1.);
#5255 = DIRECTION('',(1.,0.));
#5256 = ( GEOMETRIC_REPRESENTATION_CONTEXT(2) 
PARAMETRIC_REPRESENTATION_CONTEXT() REPRESENTATION_CONTEXT('2D SPACE',''
  ) );
#5257 = PCURVE('',#87,#5258);
#5258 = DEFINITIONAL_REPRESENTATION('',(#5259),#5262);
#5259 = B_SPLINE_CURVE_WITH_KNOTS('',1,(#5260,#5261),.UNSPECIFIED.,.F.,
  .F.,(2,2),(37.,38.),.PIECEWISE_BEZIER_KNOTS.);
#5260 = CARTESIAN_POINT('',(68.007417452118,13.79062252802));
#5261 = CARTESIAN_POINT('',(60.394606404615,14.150116298716));
#5262 = ( GEOMETRIC_REPRESENTATION_CONTEXT(2) 
PARAMETRIC_REPRESENTATION_CONTEXT() REPRESENTATION_CONTEXT('2D SPACE',''
  ) );
#5263 = ORIENTED_EDGE('',*,*,#5264,.T.);
#5264 = EDGE_CURVE('',#5244,#5265,#5267,.T.);
#5265 = VERTEX_POINT('',#5266);
#5266 = CARTESIAN_POINT('',(-325.7136049231,-1.068729232011E+03,207.7));
#5267 = SURFACE_CURVE('',#5268,(#5293,#5300),.PCURVE_S1.);
#5268 = ( BOUNDED_CURVE() B_SPLINE_CURVE(3,(#5269,#5270,#5271,#5272,
    #5273,#5274,#5275,#5276,#5277,#5278,#5279,#5280,#5281,#5282,#5283,
    #5284,#5285,#5286,#5287,#5288,#5289,#5290,#5291,#5292),
.UNSPECIFIED.,.F.,.F.) B_SPLINE_CURVE_WITH_KNOTS((4,1,1,1,1,1,1,1,1,1,1,
    1,1,1,1,1,1,1,1,1,1,4),(0.,8.351345992186E-02,0.136371070752,
    0.186631466795,0.236892072307,0.287245985354,0.337546964594,
    0.387892568228,0.438269195911,0.488657983617,0.539039913424,
    0.589390615006,0.639739510443,0.690135953221,0.740567502215,
    0.791001192157,0.824625304057,0.849810563706,0.930093869668,
0.935215837381,0.950554965611,1.),.UNSPECIFIED.) CURVE() 
GEOMETRIC_REPRESENTATION_ITEM() RATIONAL_B_SPLINE_CURVE((1.,
    1.000000000051,0.999999999985,1.000000000003,0.999999999999,1.,1.,1.
    ,1.,1.,1.,1.,1.,1.,1.,1.,1.000000000001,0.999999999998,
    1.000000000008,0.999999999937,1.000000000021,0.999999999406,
1.000000004078,1.)) REPRESENTATION_ITEM('') );
#5269 = CARTESIAN_POINT('',(-228.6633267009,-1.031413345174E+03,-5.));
#5270 = CARTESIAN_POINT('',(-212.1421898644,-1.019322344809E+03,
    8.008717576553));
#5271 = CARTESIAN_POINT('',(-230.4305422978,-1.032093520764E+03,
    14.999325035651));
#5272 = CARTESIAN_POINT('',(-234.0079390411,-1.036613016858E+03,
    29.781777604759));
#5273 = CARTESIAN_POINT('',(-241.366206093,-1.039527100516E+03,
    42.001176541587));
#5274 = CARTESIAN_POINT('',(-248.6048669806,-1.042093544181E+03,
    54.014146905159));
#5275 = CARTESIAN_POINT('',(-253.3949748147,-1.044727634292E+03,
    65.989969999267));
#5276 = CARTESIAN_POINT('',(-260.7273667431,-1.047360688824E+03,
    78.007482310661));
#5277 = CARTESIAN_POINT('',(-267.4249983942,-1.049972792264E+03,
    90.003188093923));
#5278 = CARTESIAN_POINT('',(-274.3042945535,-1.052581338227E+03,
    102.00152178571));
#5279 = CARTESIAN_POINT('',(-281.1074382199,-1.055215218633E+03,
    113.99940139363));
#5280 = CARTESIAN_POINT('',(-287.8235651625,-1.057928145469E+03,
    125.99554831415));
#5281 = CARTESIAN_POINT('',(-294.5366846339,-1.060628861976E+03,
    138.00035642969));
#5282 = CARTESIAN_POINT('',(-301.2899447472,-1.063313001492E+03,
    150.00331724818));
#5283 = CARTESIAN_POINT('',(-307.8695315432,-1.066078910363E+03,
    162.01546347963));
#5284 = CARTESIAN_POINT('',(-314.304767395,-1.068848682501E+03,
    173.95824023226));
#5285 = CARTESIAN_POINT('',(-320.4274976606,-1.071344518419E+03,
    184.80040122606));
#5286 = CARTESIAN_POINT('',(-324.4053669198,-1.07328008149E+03,
    193.04573531588));
#5287 = CARTESIAN_POINT('',(-333.5184947506,-1.076167074543E+03,
    205.83993582621));
#5288 = CARTESIAN_POINT('',(-314.5192233214,-1.074616886467E+03,
    201.81943362341));
#5289 = CARTESIAN_POINT('',(-318.1319255208,-1.072740597761E+03,
    206.71778633278));
#5290 = CARTESIAN_POINT('',(-323.2989403376,-1.071420747667E+03,
    210.78852743977));
#5291 = CARTESIAN_POINT('',(-308.2326815651,-1.068085510551E+03,
    181.81436335833));
#5292 = CARTESIAN_POINT('',(-325.7136049231,-1.068729232011E+03,207.7));
#5293 = PCURVE('',#5164,#5294);
#5294 = DEFINITIONAL_REPRESENTATION('',(#5295),#5299);
#5295 = LINE('',#5296,#5297);
#5296 = CARTESIAN_POINT('',(38.,0.));
#5297 = VECTOR('',#5298,1.);
#5298 = DIRECTION('',(0.,1.));
#5299 = ( GEOMETRIC_REPRESENTATION_CONTEXT(2) 
PARAMETRIC_REPRESENTATION_CONTEXT() REPRESENTATION_CONTEXT('2D SPACE',''
  ) );
#5300 = PCURVE('',#5301,#5350);
#5301 = ( BOUNDED_SURFACE() B_SPLINE_SURFACE(1,3,(
    (#5302,#5303,#5304,#5305,#5306,#5307,#5308,#5309,#5310,#5311,#5312
      ,#5313,#5314,#5315,#5316,#5317,#5318,#5319,#5320,#5321,#5322,#5323
      ,#5324,#5325)
    ,(#5326,#5327,#5328,#5329,#5330,#5331,#5332,#5333,#5334,#5335,#5336
      ,#5337,#5338,#5339,#5340,#5341,#5342,#5343,#5344,#5345,#5346,#5347
      ,#5348,#5349
)),.UNSPECIFIED.,.F.,.F.,.F.) B_SPLINE_SURFACE_WITH_KNOTS((2,2),(4,1,1,1
    ,1,1,1,1,1,1,1,1,1,1,1,1,1,1,1,1,1,4),(38.,39.),(0.,
    8.351345992186E-02,0.136371070752,0.186631466795,0.236892072307,
    0.287245985354,0.337546964594,0.387892568228,0.438269195911,
    0.488657983617,0.539039913424,0.589390615006,0.639739510443,
    0.690135953221,0.740567502215,0.791001192157,0.824625304057,
    0.849810563706,0.930093869668,0.935215837381,0.950554965611,1.),
.UNSPECIFIED.) GEOMETRIC_REPRESENTATION_ITEM() RATIONAL_B_SPLINE_SURFACE
((
    (1.,1.000000000051,0.999999999985,1.000000000003,0.999999999999,1.
      ,1.,1.,1.,1.,1.,1.,1.,1.,1.,1.,1.000000000001,0.999999999998
      ,1.000000000008,0.999999999937,1.000000000021,0.999999999406
      ,1.000000004078,1.)
    ,(1.,1.000000000051,0.999999999985,1.000000000003,0.999999999999,1.
      ,1.,1.,1.,1.,1.,1.,1.,1.,1.,1.,1.000000000001,0.999999999998
      ,1.000000000008,0.999999999937,1.000000000021,0.999999999406
,1.000000004078,1.))) REPRESENTATION_ITEM('') SURFACE() );
#5302 = CARTESIAN_POINT('',(-228.6633267009,-1.031413345174E+03,-5.));
#5303 = CARTESIAN_POINT('',(-212.1421898644,-1.019322344809E+03,
    8.008717576553));
#5304 = CARTESIAN_POINT('',(-230.4305422978,-1.032093520764E+03,
    14.999325035651));
#5305 = CARTESIAN_POINT('',(-234.0079390411,-1.036613016858E+03,
    29.781777604759));
#5306 = CARTESIAN_POINT('',(-241.366206093,-1.039527100516E+03,
    42.001176541587));
#5307 = CARTESIAN_POINT('',(-248.6048669806,-1.042093544181E+03,
    54.014146905159));
#5308 = CARTESIAN_POINT('',(-253.3949748147,-1.044727634292E+03,
    65.989969999267));
#5309 = CARTESIAN_POINT('',(-260.7273667431,-1.047360688824E+03,
    78.007482310661));
#5310 = CARTESIAN_POINT('',(-267.4249983942,-1.049972792264E+03,
    90.003188093923));
#5311 = CARTESIAN_POINT('',(-274.3042945535,-1.052581338227E+03,
    102.00152178571));
#5312 = CARTESIAN_POINT('',(-281.1074382199,-1.055215218633E+03,
    113.99940139363));
#5313 = CARTESIAN_POINT('',(-287.8235651625,-1.057928145469E+03,
    125.99554831415));
#5314 = CARTESIAN_POINT('',(-294.5366846339,-1.060628861976E+03,
    138.00035642969));
#5315 = CARTESIAN_POINT('',(-301.2899447472,-1.063313001492E+03,
    150.00331724818));
#5316 = CARTESIAN_POINT('',(-307.8695315432,-1.066078910363E+03,
    162.01546347963));
#5317 = CARTESIAN_POINT('',(-314.304767395,-1.068848682501E+03,
    173.95824023226));
#5318 = CARTESIAN_POINT('',(-320.4274976606,-1.071344518419E+03,
    184.80040122606));
#5319 = CARTESIAN_POINT('',(-324.4053669198,-1.07328008149E+03,
    193.04573531588));
#5320 = CARTESIAN_POINT('',(-333.5184947506,-1.076167074543E+03,
    205.83993582621));
#5321 = CARTESIAN_POINT('',(-314.5192233214,-1.074616886467E+03,
    201.81943362341));
#5322 = CARTESIAN_POINT('',(-318.1319255208,-1.072740597761E+03,
    206.71778633278));
#5323 = CARTESIAN_POINT('',(-323.2989403376,-1.071420747667E+03,
    210.78852743977));
#5324 = CARTESIAN_POINT('',(-308.2326815651,-1.068085510551E+03,
    181.81436335833));
#5325 = CARTESIAN_POINT('',(-325.7136049231,-1.068729232011E+03,207.7));
#5326 = CARTESIAN_POINT('',(-221.0449907856,-1.031625679103E+03,-5.));
#5327 = CARTESIAN_POINT('',(-203.8815884114,-1.018394371809E+03,
    8.008717576553));
#5328 = CARTESIAN_POINT('',(-222.8805508788,-1.03259928114E+03,
    14.999325035651));
#5329 = CARTESIAN_POINT('',(-226.598126363,-1.036834033206E+03,
    29.781777604759));
#5330 = CARTESIAN_POINT('',(-234.1134015655,-1.039695718022E+03,
    42.001176541587));
#5331 = CARTESIAN_POINT('',(-241.5353285564,-1.042281316275E+03,
    54.014146905159));
#5332 = CARTESIAN_POINT('',(-246.5068721805,-1.044858465136E+03,
    65.989969999267));
#5333 = CARTESIAN_POINT('',(-254.027045976,-1.04749727387E+03,
    78.007482310661));
#5334 = CARTESIAN_POINT('',(-260.9085391183,-1.050120401614E+03,
    90.003188093923));
#5335 = CARTESIAN_POINT('',(-267.9720086925,-1.052731084535E+03,
    102.00152178571));
#5336 = CARTESIAN_POINT('',(-274.958519674,-1.055341753459E+03,
    113.99940139363));
#5337 = CARTESIAN_POINT('',(-281.8571585402,-1.058082571106E+03,
    125.99554831415));
#5338 = CARTESIAN_POINT('',(-288.7554286431,-1.060792975859E+03,
    138.00035642969));
#5339 = CARTESIAN_POINT('',(-295.6944866147,-1.063502761323E+03,
    150.00331724818));
#5340 = CARTESIAN_POINT('',(-302.4574587948,-1.06624805313E+03,
    162.01546347963));
#5341 = CARTESIAN_POINT('',(-309.0791735119,-1.068986907226E+03,
    173.95824023226));
#5342 = CARTESIAN_POINT('',(-315.3519403688,-1.071477968269E+03,
    184.80040122606));
#5343 = CARTESIAN_POINT('',(-319.4918344358,-1.073351971781E+03,
    193.04573531588));
#5344 = CARTESIAN_POINT('',(-328.6440981064,-1.076352665652E+03,
    205.83993582621));
#5345 = CARTESIAN_POINT('',(-310.7258484985,-1.074851827826E+03,
    201.81943362341));
#5346 = CARTESIAN_POINT('',(-315.4503784794,-1.072905854203E+03,
    206.71778633278));
#5347 = CARTESIAN_POINT('',(-321.4048408796,-1.071528698845E+03,
    210.78852743977));
#5348 = CARTESIAN_POINT('',(-308.3066182828,-1.068143827487E+03,
    181.81436335833));
#5349 = CARTESIAN_POINT('',(-325.4172551699,-1.068747492281E+03,207.7));
#5350 = DEFINITIONAL_REPRESENTATION('',(#5351),#5355);
#5351 = LINE('',#5352,#5353);
#5352 = CARTESIAN_POINT('',(38.,0.));
#5353 = VECTOR('',#5354,1.);
#5354 = DIRECTION('',(0.,1.));
#5355 = ( GEOMETRIC_REPRESENTATION_CONTEXT(2) 
PARAMETRIC_REPRESENTATION_CONTEXT() REPRESENTATION_CONTEXT('2D SPACE',''
  ) );
#5356 = ORIENTED_EDGE('',*,*,#5357,.F.);
#5357 = EDGE_CURVE('',#5128,#5265,#5358,.T.);
#5358 = SURFACE_CURVE('',#5359,(#5362,#5369),.PCURVE_S1.);
#5359 = B_SPLINE_CURVE_WITH_KNOTS('',1,(#5360,#5361),.UNSPECIFIED.,.F.,
  .F.,(2,2),(37.,38.),.PIECEWISE_BEZIER_KNOTS.);
#5360 = CARTESIAN_POINT('',(-326.0099546762,-1.068710971741E+03,207.7));
#5361 = CARTESIAN_POINT('',(-325.7136049231,-1.068729232011E+03,207.7));
#5362 = PCURVE('',#5164,#5363);
#5363 = DEFINITIONAL_REPRESENTATION('',(#5364),#5368);
#5364 = LINE('',#5365,#5366);
#5365 = CARTESIAN_POINT('',(0.,1.));
#5366 = VECTOR('',#5367,1.);
#5367 = DIRECTION('',(1.,0.));
#5368 = ( GEOMETRIC_REPRESENTATION_CONTEXT(2) 
PARAMETRIC_REPRESENTATION_CONTEXT() REPRESENTATION_CONTEXT('2D SPACE',''
  ) );
#5369 = PCURVE('',#206,#5370);
#5370 = DEFINITIONAL_REPRESENTATION('',(#5371),#5374);
#5371 = B_SPLINE_CURVE_WITH_KNOTS('',1,(#5372,#5373),.UNSPECIFIED.,.F.,
  .F.,(2,2),(37.,38.),.PIECEWISE_BEZIER_KNOTS.);
#5372 = CARTESIAN_POINT('',(2.594429227424,0.632730338406));
#5373 = CARTESIAN_POINT('',(2.299363163003,0.665785311906));
#5374 = ( GEOMETRIC_REPRESENTATION_CONTEXT(2) 
PARAMETRIC_REPRESENTATION_CONTEXT() REPRESENTATION_CONTEXT('2D SPACE',''
  ) );
#5375 = ORIENTED_EDGE('',*,*,#5127,.F.);
#5376 = ADVANCED_FACE('',(#5377),#5301,.T.);
#5377 = FACE_BOUND('',#5378,.T.);
#5378 = EDGE_LOOP('',(#5379,#5400,#5493,#5512));
#5379 = ORIENTED_EDGE('',*,*,#5380,.T.);
#5380 = EDGE_CURVE('',#5244,#5381,#5383,.T.);
#5381 = VERTEX_POINT('',#5382);
#5382 = CARTESIAN_POINT('',(-221.0449907856,-1.031625679103E+03,-5.));
#5383 = SURFACE_CURVE('',#5384,(#5387,#5394),.PCURVE_S1.);
#5384 = B_SPLINE_CURVE_WITH_KNOTS('',1,(#5385,#5386),.UNSPECIFIED.,.F.,
  .F.,(2,2),(38.,39.),.PIECEWISE_BEZIER_KNOTS.);
#5385 = CARTESIAN_POINT('',(-228.6633267009,-1.031413345174E+03,-5.));
#5386 = CARTESIAN_POINT('',(-221.0449907856,-1.031625679103E+03,-5.));
#5387 = PCURVE('',#5301,#5388);
#5388 = DEFINITIONAL_REPRESENTATION('',(#5389),#5393);
#5389 = LINE('',#5390,#5391);
#5390 = CARTESIAN_POINT('',(0.,0.));
#5391 = VECTOR('',#5392,1.);
#5392 = DIRECTION('',(1.,0.));
#5393 = ( GEOMETRIC_REPRESENTATION_CONTEXT(2) 
PARAMETRIC_REPRESENTATION_CONTEXT() REPRESENTATION_CONTEXT('2D SPACE',''
  ) );
#5394 = PCURVE('',#87,#5395);
#5395 = DEFINITIONAL_REPRESENTATION('',(#5396),#5399);
#5396 = B_SPLINE_CURVE_WITH_KNOTS('',1,(#5397,#5398),.UNSPECIFIED.,.F.,
  .F.,(2,2),(38.,39.),.PIECEWISE_BEZIER_KNOTS.);
#5397 = CARTESIAN_POINT('',(60.394606404615,14.150116298716));
#5398 = CARTESIAN_POINT('',(52.781795357112,14.509610069412));
#5399 = ( GEOMETRIC_REPRESENTATION_CONTEXT(2) 
PARAMETRIC_REPRESENTATION_CONTEXT() REPRESENTATION_CONTEXT('2D SPACE',''
  ) );
#5400 = ORIENTED_EDGE('',*,*,#5401,.T.);
#5401 = EDGE_CURVE('',#5381,#5402,#5404,.T.);
#5402 = VERTEX_POINT('',#5403);
#5403 = CARTESIAN_POINT('',(-325.4172551699,-1.068747492281E+03,207.7));
#5404 = SURFACE_CURVE('',#5405,(#5430,#5437),.PCURVE_S1.);
#5405 = ( BOUNDED_CURVE() B_SPLINE_CURVE(3,(#5406,#5407,#5408,#5409,
    #5410,#5411,#5412,#5413,#5414,#5415,#5416,#5417,#5418,#5419,#5420,
    #5421,#5422,#5423,#5424,#5425,#5426,#5427,#5428,#5429),
.UNSPECIFIED.,.F.,.F.) B_SPLINE_CURVE_WITH_KNOTS((4,1,1,1,1,1,1,1,1,1,1,
    1,1,1,1,1,1,1,1,1,1,4),(0.,8.351345992186E-02,0.136371070752,
    0.186631466795,0.236892072307,0.287245985354,0.337546964594,
    0.387892568228,0.438269195911,0.488657983617,0.539039913424,
    0.589390615006,0.639739510443,0.690135953221,0.740567502215,
    0.791001192157,0.824625304057,0.849810563706,0.930093869668,
0.935215837381,0.950554965611,1.),.UNSPECIFIED.) CURVE() 
GEOMETRIC_REPRESENTATION_ITEM() RATIONAL_B_SPLINE_CURVE((1.,
    1.000000000051,0.999999999985,1.000000000003,0.999999999999,1.,1.,1.
    ,1.,1.,1.,1.,1.,1.,1.,1.,1.000000000001,0.999999999998,
    1.000000000008,0.999999999937,1.000000000021,0.999999999406,
1.000000004078,1.)) REPRESENTATION_ITEM('') );
#5406 = CARTESIAN_POINT('',(-221.0449907856,-1.031625679103E+03,-5.));
#5407 = CARTESIAN_POINT('',(-203.8815884114,-1.018394371809E+03,
    8.008717576553));
#5408 = CARTESIAN_POINT('',(-222.8805508788,-1.03259928114E+03,
    14.999325035651));
#5409 = CARTESIAN_POINT('',(-226.598126363,-1.036834033206E+03,
    29.781777604759));
#5410 = CARTESIAN_POINT('',(-234.1134015655,-1.039695718022E+03,
    42.001176541587));
#5411 = CARTESIAN_POINT('',(-241.5353285564,-1.042281316275E+03,
    54.014146905159));
#5412 = CARTESIAN_POINT('',(-246.5068721805,-1.044858465136E+03,
    65.989969999267));
#5413 = CARTESIAN_POINT('',(-254.027045976,-1.04749727387E+03,
    78.007482310661));
#5414 = CARTESIAN_POINT('',(-260.9085391183,-1.050120401614E+03,
    90.003188093923));
#5415 = CARTESIAN_POINT('',(-267.9720086925,-1.052731084535E+03,
    102.00152178571));
#5416 = CARTESIAN_POINT('',(-274.958519674,-1.055341753459E+03,
    113.99940139363));
#5417 = CARTESIAN_POINT('',(-281.8571585402,-1.058082571106E+03,
    125.99554831415));
#5418 = CARTESIAN_POINT('',(-288.7554286431,-1.060792975859E+03,
    138.00035642969));
#5419 = CARTESIAN_POINT('',(-295.6944866147,-1.063502761323E+03,
    150.00331724818));
#5420 = CARTESIAN_POINT('',(-302.4574587948,-1.06624805313E+03,
    162.01546347963));
#5421 = CARTESIAN_POINT('',(-309.0791735119,-1.068986907226E+03,
    173.95824023226));
#5422 = CARTESIAN_POINT('',(-315.3519403688,-1.071477968269E+03,
    184.80040122606));
#5423 = CARTESIAN_POINT('',(-319.4918344358,-1.073351971781E+03,
    193.04573531588));
#5424 = CARTESIAN_POINT('',(-328.6440981064,-1.076352665652E+03,
    205.83993582621));
#5425 = CARTESIAN_POINT('',(-310.7258484985,-1.074851827826E+03,
    201.81943362341));
#5426 = CARTESIAN_POINT('',(-315.4503784794,-1.072905854203E+03,
    206.71778633278));
#5427 = CARTESIAN_POINT('',(-321.4048408796,-1.071528698845E+03,
    210.78852743977));
#5428 = CARTESIAN_POINT('',(-308.3066182828,-1.068143827487E+03,
    181.81436335833));
#5429 = CARTESIAN_POINT('',(-325.4172551699,-1.068747492281E+03,207.7));
#5430 = PCURVE('',#5301,#5431);
#5431 = DEFINITIONAL_REPRESENTATION('',(#5432),#5436);
#5432 = LINE('',#5433,#5434);
#5433 = CARTESIAN_POINT('',(39.,0.));
#5434 = VECTOR('',#5435,1.);
#5435 = DIRECTION('',(0.,1.));
#5436 = ( GEOMETRIC_REPRESENTATION_CONTEXT(2) 
PARAMETRIC_REPRESENTATION_CONTEXT() REPRESENTATION_CONTEXT('2D SPACE',''
  ) );
#5437 = PCURVE('',#5438,#5487);
#5438 = ( BOUNDED_SURFACE() B_SPLINE_SURFACE(1,3,(
    (#5439,#5440,#5441,#5442,#5443,#5444,#5445,#5446,#5447,#5448,#5449
      ,#5450,#5451,#5452,#5453,#5454,#5455,#5456,#5457,#5458,#5459,#5460
      ,#5461,#5462)
    ,(#5463,#5464,#5465,#5466,#5467,#5468,#5469,#5470,#5471,#5472,#5473
      ,#5474,#5475,#5476,#5477,#5478,#5479,#5480,#5481,#5482,#5483,#5484
      ,#5485,#5486
)),.UNSPECIFIED.,.F.,.F.,.F.) B_SPLINE_SURFACE_WITH_KNOTS((2,2),(4,1,1,1
    ,1,1,1,1,1,1,1,1,1,1,1,1,1,1,1,1,1,4),(39.,40.),(0.,
    8.351345992186E-02,0.136371070752,0.186631466795,0.236892072307,
    0.287245985354,0.337546964594,0.387892568228,0.438269195911,
    0.488657983617,0.539039913424,0.589390615006,0.639739510443,
    0.690135953221,0.740567502215,0.791001192157,0.824625304057,
    0.849810563706,0.930093869668,0.935215837381,0.950554965611,1.),
.UNSPECIFIED.) GEOMETRIC_REPRESENTATION_ITEM() RATIONAL_B_SPLINE_SURFACE
((
    (1.,1.000000000051,0.999999999985,1.000000000003,0.999999999999,1.
      ,1.,1.,1.,1.,1.,1.,1.,1.,1.,1.,1.000000000001,0.999999999998
      ,1.000000000008,0.999999999937,1.000000000021,0.999999999406
      ,1.000000004078,1.)
    ,(1.,1.000000000051,0.999999999985,1.000000000003,0.999999999999,1.
      ,1.,1.,1.,1.,1.,1.,1.,1.,1.,1.,1.000000000001,0.999999999998
      ,1.000000000008,0.999999999937,1.000000000021,0.999999999406
,1.000000004078,1.))) REPRESENTATION_ITEM('') SURFACE() );
#5439 = CARTESIAN_POINT('',(-221.0449907856,-1.031625679103E+03,-5.));
#5440 = CARTESIAN_POINT('',(-203.8815884114,-1.018394371809E+03,
    8.008717576553));
#5441 = CARTESIAN_POINT('',(-222.8805508788,-1.03259928114E+03,
    14.999325035651));
#5442 = CARTESIAN_POINT('',(-226.598126363,-1.036834033206E+03,
    29.781777604759));
#5443 = CARTESIAN_POINT('',(-234.1134015655,-1.039695718022E+03,
    42.001176541587));
#5444 = CARTESIAN_POINT('',(-241.5353285564,-1.042281316275E+03,
    54.014146905159));
#5445 = CARTESIAN_POINT('',(-246.5068721805,-1.044858465136E+03,
    65.989969999267));
#5446 = CARTESIAN_POINT('',(-254.027045976,-1.04749727387E+03,
    78.007482310661));
#5447 = CARTESIAN_POINT('',(-260.9085391183,-1.050120401614E+03,
    90.003188093923));
#5448 = CARTESIAN_POINT('',(-267.9720086925,-1.052731084535E+03,
    102.00152178571));
#5449 = CARTESIAN_POINT('',(-274.958519674,-1.055341753459E+03,
    113.99940139363));
#5450 = CARTESIAN_POINT('',(-281.8571585402,-1.058082571106E+03,
    125.99554831415));
#5451 = CARTESIAN_POINT('',(-288.7554286431,-1.060792975859E+03,
    138.00035642969));
#5452 = CARTESIAN_POINT('',(-295.6944866147,-1.063502761323E+03,
    150.00331724818));
#5453 = CARTESIAN_POINT('',(-302.4574587948,-1.06624805313E+03,
    162.01546347963));
#5454 = CARTESIAN_POINT('',(-309.0791735119,-1.068986907226E+03,
    173.95824023226));
#5455 = CARTESIAN_POINT('',(-315.3519403688,-1.071477968269E+03,
    184.80040122606));
#5456 = CARTESIAN_POINT('',(-319.4918344358,-1.073351971781E+03,
    193.04573531588));
#5457 = CARTESIAN_POINT('',(-328.6440981064,-1.076352665652E+03,
    205.83993582621));
#5458 = CARTESIAN_POINT('',(-310.7258484985,-1.074851827826E+03,
    201.81943362341));
#5459 = CARTESIAN_POINT('',(-315.4503784794,-1.072905854203E+03,
    206.71778633278));
#5460 = CARTESIAN_POINT('',(-321.4048408796,-1.071528698845E+03,
    210.78852743977));
#5461 = CARTESIAN_POINT('',(-308.3066182828,-1.068143827487E+03,
    181.81436335833));
#5462 = CARTESIAN_POINT('',(-325.4172551699,-1.068747492281E+03,207.7));
#5463 = CARTESIAN_POINT('',(-213.4266548702,-1.031838013032E+03,-5.));
#5464 = CARTESIAN_POINT('',(-195.6686928172,-1.019230313265E+03,
    8.008717576553));
#5465 = CARTESIAN_POINT('',(-215.3188806814,-1.032671041255E+03,
    14.999325035651));
#5466 = CARTESIAN_POINT('',(-219.1866961771,-1.036999822152E+03,
    29.781777604759));
#5467 = CARTESIAN_POINT('',(-226.861161529,-1.039885000065E+03,
    42.001176541587));
#5468 = CARTESIAN_POINT('',(-234.4651119633,-1.042440342082E+03,
    54.014146905159));
#5469 = CARTESIAN_POINT('',(-239.6188941725,-1.044994195513E+03,
    65.989969999267));
#5470 = CARTESIAN_POINT('',(-247.326904333,-1.04764298264E+03,
    78.007482310661));
#5471 = CARTESIAN_POINT('',(-254.3912374912,-1.05022655674E+03,
    90.003188093923));
#5472 = CARTESIAN_POINT('',(-261.6381141225,-1.05280226279E+03,
    102.00152178571));
#5473 = CARTESIAN_POINT('',(-268.8082759902,-1.055419328472E+03,
    113.99940139363));
#5474 = CARTESIAN_POINT('',(-275.8887224657,-1.058155905064E+03,
    125.99554831415));
#5475 = CARTESIAN_POINT('',(-282.9718112306,-1.060863375372E+03,
    138.00035642969));
#5476 = CARTESIAN_POINT('',(-290.0958346625,-1.063559128892E+03,
    150.00331724818));
#5477 = CARTESIAN_POINT('',(-297.0427334497,-1.066309776203E+03,
    162.01546347963));
#5478 = CARTESIAN_POINT('',(-303.8514966239,-1.069041044189E+03,
    173.95824023226));
#5479 = CARTESIAN_POINT('',(-310.2750376987,-1.071556472145E+03,
    184.80040122606));
#5480 = CARTESIAN_POINT('',(-314.576705337,-1.0733535558E+03,
    193.04573531588));
#5481 = CARTESIAN_POINT('',(-323.7726684362,-1.076670722654E+03,
    205.83993582621));
#5482 = CARTESIAN_POINT('',(-306.931868339,-1.075060273253E+03,
    201.81943362341));
#5483 = CARTESIAN_POINT('',(-312.768402341,-1.073052320451E+03,
    206.71778633278));
#5484 = CARTESIAN_POINT('',(-319.5109842476,-1.07164772346E+03,
    210.78852743977));
#5485 = CARTESIAN_POINT('',(-308.3767756286,-1.068033606136E+03,
    181.81436335833));
#5486 = CARTESIAN_POINT('',(-325.1208590777,-1.068763724354E+03,207.7));
#5487 = DEFINITIONAL_REPRESENTATION('',(#5488),#5492);
#5488 = LINE('',#5489,#5490);
#5489 = CARTESIAN_POINT('',(39.,0.));
#5490 = VECTOR('',#5491,1.);
#5491 = DIRECTION('',(0.,1.));
#5492 = ( GEOMETRIC_REPRESENTATION_CONTEXT(2) 
PARAMETRIC_REPRESENTATION_CONTEXT() REPRESENTATION_CONTEXT('2D SPACE',''
  ) );
#5493 = ORIENTED_EDGE('',*,*,#5494,.F.);
#5494 = EDGE_CURVE('',#5265,#5402,#5495,.T.);
#5495 = SURFACE_CURVE('',#5496,(#5499,#5506),.PCURVE_S1.);
#5496 = B_SPLINE_CURVE_WITH_KNOTS('',1,(#5497,#5498),.UNSPECIFIED.,.F.,
  .F.,(2,2),(38.,39.),.PIECEWISE_BEZIER_KNOTS.);
#5497 = CARTESIAN_POINT('',(-325.7136049231,-1.068729232011E+03,207.7));
#5498 = CARTESIAN_POINT('',(-325.4172551699,-1.068747492281E+03,207.7));
#5499 = PCURVE('',#5301,#5500);
#5500 = DEFINITIONAL_REPRESENTATION('',(#5501),#5505);
#5501 = LINE('',#5502,#5503);
#5502 = CARTESIAN_POINT('',(0.,1.));
#5503 = VECTOR('',#5504,1.);
#5504 = DIRECTION('',(1.,0.));
#5505 = ( GEOMETRIC_REPRESENTATION_CONTEXT(2) 
PARAMETRIC_REPRESENTATION_CONTEXT() REPRESENTATION_CONTEXT('2D SPACE',''
  ) );
#5506 = PCURVE('',#206,#5507);
#5507 = DEFINITIONAL_REPRESENTATION('',(#5508),#5511);
#5508 = B_SPLINE_CURVE_WITH_KNOTS('',1,(#5509,#5510),.UNSPECIFIED.,.F.,
  .F.,(2,2),(38.,39.),.PIECEWISE_BEZIER_KNOTS.);
#5509 = CARTESIAN_POINT('',(2.299363163003,0.665785311906));
#5510 = CARTESIAN_POINT('',(2.004297098583,0.698840285407));
#5511 = ( GEOMETRIC_REPRESENTATION_CONTEXT(2) 
PARAMETRIC_REPRESENTATION_CONTEXT() REPRESENTATION_CONTEXT('2D SPACE',''
  ) );
#5512 = ORIENTED_EDGE('',*,*,#5264,.F.);
#5513 = ADVANCED_FACE('',(#5514),#5438,.T.);
#5514 = FACE_BOUND('',#5515,.T.);
#5515 = EDGE_LOOP('',(#5516,#5537,#5630,#5649));
#5516 = ORIENTED_EDGE('',*,*,#5517,.T.);
#5517 = EDGE_CURVE('',#5381,#5518,#5520,.T.);
#5518 = VERTEX_POINT('',#5519);
#5519 = CARTESIAN_POINT('',(-213.4266548702,-1.031838013032E+03,-5.));
#5520 = SURFACE_CURVE('',#5521,(#5524,#5531),.PCURVE_S1.);
#5521 = B_SPLINE_CURVE_WITH_KNOTS('',1,(#5522,#5523),.UNSPECIFIED.,.F.,
  .F.,(2,2),(39.,40.),.PIECEWISE_BEZIER_KNOTS.);
#5522 = CARTESIAN_POINT('',(-221.0449907856,-1.031625679103E+03,-5.));
#5523 = CARTESIAN_POINT('',(-213.4266548702,-1.031838013032E+03,-5.));
#5524 = PCURVE('',#5438,#5525);
#5525 = DEFINITIONAL_REPRESENTATION('',(#5526),#5530);
#5526 = LINE('',#5527,#5528);
#5527 = CARTESIAN_POINT('',(0.,0.));
#5528 = VECTOR('',#5529,1.);
#5529 = DIRECTION('',(1.,0.));
#5530 = ( GEOMETRIC_REPRESENTATION_CONTEXT(2) 
PARAMETRIC_REPRESENTATION_CONTEXT() REPRESENTATION_CONTEXT('2D SPACE',''
  ) );
#5531 = PCURVE('',#87,#5532);
#5532 = DEFINITIONAL_REPRESENTATION('',(#5533),#5536);
#5533 = B_SPLINE_CURVE_WITH_KNOTS('',1,(#5534,#5535),.UNSPECIFIED.,.F.,
  .F.,(2,2),(39.,40.),.PIECEWISE_BEZIER_KNOTS.);
#5534 = CARTESIAN_POINT('',(52.781795357112,14.509610069412));
#5535 = CARTESIAN_POINT('',(45.168984309609,14.869103840108));
#5536 = ( GEOMETRIC_REPRESENTATION_CONTEXT(2) 
PARAMETRIC_REPRESENTATION_CONTEXT() REPRESENTATION_CONTEXT('2D SPACE',''
  ) );
#5537 = ORIENTED_EDGE('',*,*,#5538,.T.);
#5538 = EDGE_CURVE('',#5518,#5539,#5541,.T.);
#5539 = VERTEX_POINT('',#5540);
#5540 = CARTESIAN_POINT('',(-325.1208590777,-1.068763724354E+03,207.7));
#5541 = SURFACE_CURVE('',#5542,(#5567,#5574),.PCURVE_S1.);
#5542 = ( BOUNDED_CURVE() B_SPLINE_CURVE(3,(#5543,#5544,#5545,#5546,
    #5547,#5548,#5549,#5550,#5551,#5552,#5553,#5554,#5555,#5556,#5557,
    #5558,#5559,#5560,#5561,#5562,#5563,#5564,#5565,#5566),
.UNSPECIFIED.,.F.,.F.) B_SPLINE_CURVE_WITH_KNOTS((4,1,1,1,1,1,1,1,1,1,1,
    1,1,1,1,1,1,1,1,1,1,4),(0.,8.351345992186E-02,0.136371070752,
    0.186631466795,0.236892072307,0.287245985354,0.337546964594,
    0.387892568228,0.438269195911,0.488657983617,0.539039913424,
    0.589390615006,0.639739510443,0.690135953221,0.740567502215,
    0.791001192157,0.824625304057,0.849810563706,0.930093869668,
0.935215837381,0.950554965611,1.),.UNSPECIFIED.) CURVE() 
GEOMETRIC_REPRESENTATION_ITEM() RATIONAL_B_SPLINE_CURVE((1.,
    1.000000000051,0.999999999985,1.000000000003,0.999999999999,1.,1.,1.
    ,1.,1.,1.,1.,1.,1.,1.,1.,1.000000000001,0.999999999998,
    1.000000000008,0.999999999937,1.000000000021,0.999999999406,
1.000000004078,1.)) REPRESENTATION_ITEM('') );
#5543 = CARTESIAN_POINT('',(-213.4266548702,-1.031838013032E+03,-5.));
#5544 = CARTESIAN_POINT('',(-195.6686928172,-1.019230313265E+03,
    8.008717576553));
#5545 = CARTESIAN_POINT('',(-215.3188806814,-1.032671041255E+03,
    14.999325035651));
#5546 = CARTESIAN_POINT('',(-219.1866961771,-1.036999822152E+03,
    29.781777604759));
#5547 = CARTESIAN_POINT('',(-226.861161529,-1.039885000065E+03,
    42.001176541587));
#5548 = CARTESIAN_POINT('',(-234.4651119633,-1.042440342082E+03,
    54.014146905159));
#5549 = CARTESIAN_POINT('',(-239.6188941725,-1.044994195513E+03,
    65.989969999267));
#5550 = CARTESIAN_POINT('',(-247.326904333,-1.04764298264E+03,
    78.007482310661));
#5551 = CARTESIAN_POINT('',(-254.3912374912,-1.05022655674E+03,
    90.003188093923));
#5552 = CARTESIAN_POINT('',(-261.6381141225,-1.05280226279E+03,
    102.00152178571));
#5553 = CARTESIAN_POINT('',(-268.8082759902,-1.055419328472E+03,
    113.99940139363));
#5554 = CARTESIAN_POINT('',(-275.8887224657,-1.058155905064E+03,
    125.99554831415));
#5555 = CARTESIAN_POINT('',(-282.9718112306,-1.060863375372E+03,
    138.00035642969));
#5556 = CARTESIAN_POINT('',(-290.0958346625,-1.063559128892E+03,
    150.00331724818));
#5557 = CARTESIAN_POINT('',(-297.0427334497,-1.066309776203E+03,
    162.01546347963));
#5558 = CARTESIAN_POINT('',(-303.8514966239,-1.069041044189E+03,
    173.95824023226));
#5559 = CARTESIAN_POINT('',(-310.2750376987,-1.071556472145E+03,
    184.80040122606));
#5560 = CARTESIAN_POINT('',(-314.576705337,-1.0733535558E+03,
    193.04573531588));
#5561 = CARTESIAN_POINT('',(-323.7726684362,-1.076670722654E+03,
    205.83993582621));
#5562 = CARTESIAN_POINT('',(-306.931868339,-1.075060273253E+03,
    201.81943362341));
#5563 = CARTESIAN_POINT('',(-312.768402341,-1.073052320451E+03,
    206.71778633278));
#5564 = CARTESIAN_POINT('',(-319.5109842476,-1.07164772346E+03,
    210.78852743977));
#5565 = CARTESIAN_POINT('',(-308.3767756286,-1.068033606136E+03,
    181.81436335833));
#5566 = CARTESIAN_POINT('',(-325.1208590777,-1.068763724354E+03,207.7));
#5567 = PCURVE('',#5438,#5568);
#5568 = DEFINITIONAL_REPRESENTATION('',(#5569),#5573);
#5569 = LINE('',#5570,#5571);
#5570 = CARTESIAN_POINT('',(40.,0.));
#5571 = VECTOR('',#5572,1.);
#5572 = DIRECTION('',(0.,1.));
#5573 = ( GEOMETRIC_REPRESENTATION_CONTEXT(2) 
PARAMETRIC_REPRESENTATION_CONTEXT() REPRESENTATION_CONTEXT('2D SPACE',''
  ) );
#5574 = PCURVE('',#5575,#5624);
#5575 = ( BOUNDED_SURFACE() B_SPLINE_SURFACE(1,3,(
    (#5576,#5577,#5578,#5579,#5580,#5581,#5582,#5583,#5584,#5585,#5586
      ,#5587,#5588,#5589,#5590,#5591,#5592,#5593,#5594,#5595,#5596,#5597
      ,#5598,#5599)
    ,(#5600,#5601,#5602,#5603,#5604,#5605,#5606,#5607,#5608,#5609,#5610
      ,#5611,#5612,#5613,#5614,#5615,#5616,#5617,#5618,#5619,#5620,#5621
      ,#5622,#5623
)),.UNSPECIFIED.,.F.,.F.,.F.) B_SPLINE_SURFACE_WITH_KNOTS((2,2),(4,1,1,1
    ,1,1,1,1,1,1,1,1,1,1,1,1,1,1,1,1,1,4),(40.,41.),(0.,
    8.351345992186E-02,0.136371070752,0.186631466795,0.236892072307,
    0.287245985354,0.337546964594,0.387892568228,0.438269195911,
    0.488657983617,0.539039913424,0.589390615006,0.639739510443,
    0.690135953221,0.740567502215,0.791001192157,0.824625304057,
    0.849810563706,0.930093869668,0.935215837381,0.950554965611,1.),
.UNSPECIFIED.) GEOMETRIC_REPRESENTATION_ITEM() RATIONAL_B_SPLINE_SURFACE
((
    (1.,1.000000000051,0.999999999985,1.000000000003,0.999999999999,1.
      ,1.,1.,1.,1.,1.,1.,1.,1.,1.,1.,1.000000000001,0.999999999998
      ,1.000000000008,0.999999999937,1.000000000021,0.999999999406
      ,1.000000004078,1.)
    ,(1.,1.000000000051,0.999999999985,1.000000000003,0.999999999999,1.
      ,1.,1.,1.,1.,1.,1.,1.,1.,1.,1.,1.000000000001,0.999999999998
      ,1.000000000008,0.999999999937,1.000000000021,0.999999999406
,1.000000004078,1.))) REPRESENTATION_ITEM('') SURFACE() );
#5576 = CARTESIAN_POINT('',(-213.4266548702,-1.031838013032E+03,-5.));
#5577 = CARTESIAN_POINT('',(-195.6686928172,-1.019230313265E+03,
    8.008717576553));
#5578 = CARTESIAN_POINT('',(-215.3188806814,-1.032671041255E+03,
    14.999325035651));
#5579 = CARTESIAN_POINT('',(-219.1866961771,-1.036999822152E+03,
    29.781777604759));
#5580 = CARTESIAN_POINT('',(-226.861161529,-1.039885000065E+03,
    42.001176541587));
#5581 = CARTESIAN_POINT('',(-234.4651119633,-1.042440342082E+03,
    54.014146905159));
#5582 = CARTESIAN_POINT('',(-239.6188941725,-1.044994195513E+03,
    65.989969999267));
#5583 = CARTESIAN_POINT('',(-247.326904333,-1.04764298264E+03,
    78.007482310661));
#5584 = CARTESIAN_POINT('',(-254.3912374912,-1.05022655674E+03,
    90.003188093923));
#5585 = CARTESIAN_POINT('',(-261.6381141225,-1.05280226279E+03,
    102.00152178571));
#5586 = CARTESIAN_POINT('',(-268.8082759902,-1.055419328472E+03,
    113.99940139363));
#5587 = CARTESIAN_POINT('',(-275.8887224657,-1.058155905064E+03,
    125.99554831415));
#5588 = CARTESIAN_POINT('',(-282.9718112306,-1.060863375372E+03,
    138.00035642969));
#5589 = CARTESIAN_POINT('',(-290.0958346625,-1.063559128892E+03,
    150.00331724818));
#5590 = CARTESIAN_POINT('',(-297.0427334497,-1.066309776203E+03,
    162.01546347963));
#5591 = CARTESIAN_POINT('',(-303.8514966239,-1.069041044189E+03,
    173.95824023226));
#5592 = CARTESIAN_POINT('',(-310.2750376987,-1.071556472145E+03,
    184.80040122606));
#5593 = CARTESIAN_POINT('',(-314.576705337,-1.0733535558E+03,
    193.04573531588));
#5594 = CARTESIAN_POINT('',(-323.7726684362,-1.076670722654E+03,
    205.83993582621));
#5595 = CARTESIAN_POINT('',(-306.931868339,-1.075060273253E+03,
    201.81943362341));
#5596 = CARTESIAN_POINT('',(-312.768402341,-1.073052320451E+03,
    206.71778633278));
#5597 = CARTESIAN_POINT('',(-319.5109842476,-1.07164772346E+03,
    210.78852743977));
#5598 = CARTESIAN_POINT('',(-308.3767756286,-1.068033606136E+03,
    181.81436335833));
#5599 = CARTESIAN_POINT('',(-325.1208590777,-1.068763724354E+03,207.7));
#5600 = CARTESIAN_POINT('',(-205.8064330531,-1.031947336535E+03,-5.));
#5601 = CARTESIAN_POINT('',(-187.4624101867,-1.021717060549E+03,
    8.008717576553));
#5602 = CARTESIAN_POINT('',(-207.7520970999,-1.032244323891E+03,
    14.999325035651));
#5603 = CARTESIAN_POINT('',(-211.7755014764,-1.036931953552E+03,
    29.781777604759));
#5604 = CARTESIAN_POINT('',(-219.6093788481,-1.040003193274E+03,
    42.001176541587));
#5605 = CARTESIAN_POINT('',(-227.3947862903,-1.042549713678E+03,
    54.014146905159));
#5606 = CARTESIAN_POINT('',(-232.7319331121,-1.045059151882E+03,
    65.989969999267));
#5607 = CARTESIAN_POINT('',(-240.6260073006,-1.047701344176E+03,
    78.007482310661));
#5608 = CARTESIAN_POINT('',(-247.8734379474,-1.050313512529E+03,
    90.003188093923));
#5609 = CARTESIAN_POINT('',(-255.3043480657,-1.052878152643E+03,
    102.00152178571));
#5610 = CARTESIAN_POINT('',(-262.6580164411,-1.055497267049E+03,
    113.99940139363));
#5611 = CARTESIAN_POINT('',(-269.9202074656,-1.058221861349E+03,
    125.99554831415));
#5612 = CARTESIAN_POINT('',(-277.1880767182,-1.060923727481E+03,
    138.00035642969));
#5613 = CARTESIAN_POINT('',(-284.4972203921,-1.063618540831E+03,
    150.00331724818));
#5614 = CARTESIAN_POINT('',(-291.6279454023,-1.066366830124E+03,
    162.01546347963));
#5615 = CARTESIAN_POINT('',(-298.6238719048,-1.06909678751E+03,
    173.95824023226));
#5616 = CARTESIAN_POINT('',(-305.1977844865,-1.071613961403E+03,
    184.80040122606));
#5617 = CARTESIAN_POINT('',(-309.6626287843,-1.073426675507E+03,
    193.04573531588));
#5618 = CARTESIAN_POINT('',(-318.8961831507,-1.07665303014E+03,
    205.83993582621));
#5619 = CARTESIAN_POINT('',(-303.1335190785,-1.074928059608E+03,
    201.81943362341));
#5620 = CARTESIAN_POINT('',(-310.0833597397,-1.072959655122E+03,
    206.71778633278));
#5621 = CARTESIAN_POINT('',(-317.6148318002,-1.07159643205E+03,
    210.78852743977));
#5622 = CARTESIAN_POINT('',(-308.4478695586,-1.067935924163E+03,
    181.81436335833));
#5623 = CARTESIAN_POINT('',(-324.8241234663,-1.068753497399E+03,207.7));
#5624 = DEFINITIONAL_REPRESENTATION('',(#5625),#5629);
#5625 = LINE('',#5626,#5627);
#5626 = CARTESIAN_POINT('',(40.,0.));
#5627 = VECTOR('',#5628,1.);
#5628 = DIRECTION('',(0.,1.));
#5629 = ( GEOMETRIC_REPRESENTATION_CONTEXT(2) 
PARAMETRIC_REPRESENTATION_CONTEXT() REPRESENTATION_CONTEXT('2D SPACE',''
  ) );
#5630 = ORIENTED_EDGE('',*,*,#5631,.F.);
#5631 = EDGE_CURVE('',#5402,#5539,#5632,.T.);
#5632 = SURFACE_CURVE('',#5633,(#5636,#5643),.PCURVE_S1.);
#5633 = B_SPLINE_CURVE_WITH_KNOTS('',1,(#5634,#5635),.UNSPECIFIED.,.F.,
  .F.,(2,2),(39.,40.),.PIECEWISE_BEZIER_KNOTS.);
#5634 = CARTESIAN_POINT('',(-325.4172551699,-1.068747492281E+03,207.7));
#5635 = CARTESIAN_POINT('',(-325.1208590777,-1.068763724354E+03,207.7));
#5636 = PCURVE('',#5438,#5637);
#5637 = DEFINITIONAL_REPRESENTATION('',(#5638),#5642);
#5638 = LINE('',#5639,#5640);
#5639 = CARTESIAN_POINT('',(0.,1.));
#5640 = VECTOR('',#5641,1.);
#5641 = DIRECTION('',(1.,0.));
#5642 = ( GEOMETRIC_REPRESENTATION_CONTEXT(2) 
PARAMETRIC_REPRESENTATION_CONTEXT() REPRESENTATION_CONTEXT('2D SPACE',''
  ) );
#5643 = PCURVE('',#206,#5644);
#5644 = DEFINITIONAL_REPRESENTATION('',(#5645),#5648);
#5645 = B_SPLINE_CURVE_WITH_KNOTS('',1,(#5646,#5647),.UNSPECIFIED.,.F.,
  .F.,(2,2),(39.,40.),.PIECEWISE_BEZIER_KNOTS.);
#5646 = CARTESIAN_POINT('',(2.004297098583,0.698840285407));
#5647 = CARTESIAN_POINT('',(1.709083342791,0.729871916566));
#5648 = ( GEOMETRIC_REPRESENTATION_CONTEXT(2) 
PARAMETRIC_REPRESENTATION_CONTEXT() REPRESENTATION_CONTEXT('2D SPACE',''
  ) );
#5649 = ORIENTED_EDGE('',*,*,#5401,.F.);
#5650 = ADVANCED_FACE('',(#5651),#5575,.T.);
#5651 = FACE_BOUND('',#5652,.T.);
#5652 = EDGE_LOOP('',(#5653,#5674,#5767,#5786));
#5653 = ORIENTED_EDGE('',*,*,#5654,.T.);
#5654 = EDGE_CURVE('',#5518,#5655,#5657,.T.);
#5655 = VERTEX_POINT('',#5656);
#5656 = CARTESIAN_POINT('',(-205.8064330531,-1.031947336535E+03,-5.));
#5657 = SURFACE_CURVE('',#5658,(#5661,#5668),.PCURVE_S1.);
#5658 = B_SPLINE_CURVE_WITH_KNOTS('',1,(#5659,#5660),.UNSPECIFIED.,.F.,
  .F.,(2,2),(40.,41.),.PIECEWISE_BEZIER_KNOTS.);
#5659 = CARTESIAN_POINT('',(-213.4266548702,-1.031838013032E+03,-5.));
#5660 = CARTESIAN_POINT('',(-205.8064330531,-1.031947336535E+03,-5.));
#5661 = PCURVE('',#5575,#5662);
#5662 = DEFINITIONAL_REPRESENTATION('',(#5663),#5667);
#5663 = LINE('',#5664,#5665);
#5664 = CARTESIAN_POINT('',(0.,0.));
#5665 = VECTOR('',#5666,1.);
#5666 = DIRECTION('',(1.,0.));
#5667 = ( GEOMETRIC_REPRESENTATION_CONTEXT(2) 
PARAMETRIC_REPRESENTATION_CONTEXT() REPRESENTATION_CONTEXT('2D SPACE',''
  ) );
#5668 = PCURVE('',#87,#5669);
#5669 = DEFINITIONAL_REPRESENTATION('',(#5670),#5673);
#5670 = B_SPLINE_CURVE_WITH_KNOTS('',1,(#5671,#5672),.UNSPECIFIED.,.F.,
  .F.,(2,2),(40.,41.),.PIECEWISE_BEZIER_KNOTS.);
#5671 = CARTESIAN_POINT('',(45.168984309609,14.869103840108));
#5672 = CARTESIAN_POINT('',(37.552297372058,15.125642855319));
#5673 = ( GEOMETRIC_REPRESENTATION_CONTEXT(2) 
PARAMETRIC_REPRESENTATION_CONTEXT() REPRESENTATION_CONTEXT('2D SPACE',''
  ) );
#5674 = ORIENTED_EDGE('',*,*,#5675,.T.);
#5675 = EDGE_CURVE('',#5655,#5676,#5678,.T.);
#5676 = VERTEX_POINT('',#5677);
#5677 = CARTESIAN_POINT('',(-324.8241234663,-1.068753497399E+03,207.7));
#5678 = SURFACE_CURVE('',#5679,(#5704,#5711),.PCURVE_S1.);
#5679 = ( BOUNDED_CURVE() B_SPLINE_CURVE(3,(#5680,#5681,#5682,#5683,
    #5684,#5685,#5686,#5687,#5688,#5689,#5690,#5691,#5692,#5693,#5694,
    #5695,#5696,#5697,#5698,#5699,#5700,#5701,#5702,#5703),
.UNSPECIFIED.,.F.,.F.) B_SPLINE_CURVE_WITH_KNOTS((4,1,1,1,1,1,1,1,1,1,1,
    1,1,1,1,1,1,1,1,1,1,4),(0.,8.351345992186E-02,0.136371070752,
    0.186631466795,0.236892072307,0.287245985354,0.337546964594,
    0.387892568228,0.438269195911,0.488657983617,0.539039913424,
    0.589390615006,0.639739510443,0.690135953221,0.740567502215,
    0.791001192157,0.824625304057,0.849810563706,0.930093869668,
0.935215837381,0.950554965611,1.),.UNSPECIFIED.) CURVE() 
GEOMETRIC_REPRESENTATION_ITEM() RATIONAL_B_SPLINE_CURVE((1.,
    1.000000000051,0.999999999985,1.000000000003,0.999999999999,1.,1.,1.
    ,1.,1.,1.,1.,1.,1.,1.,1.,1.000000000001,0.999999999998,
    1.000000000008,0.999999999937,1.000000000021,0.999999999406,
1.000000004078,1.)) REPRESENTATION_ITEM('') );
#5680 = CARTESIAN_POINT('',(-205.8064330531,-1.031947336535E+03,-5.));
#5681 = CARTESIAN_POINT('',(-187.4624101867,-1.021717060549E+03,
    8.008717576553));
#5682 = CARTESIAN_POINT('',(-207.7520970999,-1.032244323891E+03,
    14.999325035651));
#5683 = CARTESIAN_POINT('',(-211.7755014764,-1.036931953552E+03,
    29.781777604759));
#5684 = CARTESIAN_POINT('',(-219.6093788481,-1.040003193274E+03,
    42.001176541587));
#5685 = CARTESIAN_POINT('',(-227.3947862903,-1.042549713678E+03,
    54.014146905159));
#5686 = CARTESIAN_POINT('',(-232.7319331121,-1.045059151882E+03,
    65.989969999267));
#5687 = CARTESIAN_POINT('',(-240.6260073006,-1.047701344176E+03,
    78.007482310661));
#5688 = CARTESIAN_POINT('',(-247.8734379474,-1.050313512529E+03,
    90.003188093923));
#5689 = CARTESIAN_POINT('',(-255.3043480657,-1.052878152643E+03,
    102.00152178571));
#5690 = CARTESIAN_POINT('',(-262.6580164411,-1.055497267049E+03,
    113.99940139363));
#5691 = CARTESIAN_POINT('',(-269.9202074656,-1.058221861349E+03,
    125.99554831415));
#5692 = CARTESIAN_POINT('',(-277.1880767182,-1.060923727481E+03,
    138.00035642969));
#5693 = CARTESIAN_POINT('',(-284.4972203921,-1.063618540831E+03,
    150.00331724818));
#5694 = CARTESIAN_POINT('',(-291.6279454023,-1.066366830124E+03,
    162.01546347963));
#5695 = CARTESIAN_POINT('',(-298.6238719048,-1.06909678751E+03,
    173.95824023226));
#5696 = CARTESIAN_POINT('',(-305.1977844865,-1.071613961403E+03,
    184.80040122606));
#5697 = CARTESIAN_POINT('',(-309.6626287843,-1.073426675507E+03,
    193.04573531588));
#5698 = CARTESIAN_POINT('',(-318.8961831507,-1.07665303014E+03,
    205.83993582621));
#5699 = CARTESIAN_POINT('',(-303.1335190785,-1.074928059608E+03,
    201.81943362341));
#5700 = CARTESIAN_POINT('',(-310.0833597397,-1.072959655122E+03,
    206.71778633278));
#5701 = CARTESIAN_POINT('',(-317.6148318002,-1.07159643205E+03,
    210.78852743977));
#5702 = CARTESIAN_POINT('',(-308.4478695586,-1.067935924163E+03,
    181.81436335833));
#5703 = CARTESIAN_POINT('',(-324.8241234663,-1.068753497399E+03,207.7));
#5704 = PCURVE('',#5575,#5705);
#5705 = DEFINITIONAL_REPRESENTATION('',(#5706),#5710);
#5706 = LINE('',#5707,#5708);
#5707 = CARTESIAN_POINT('',(41.,0.));
#5708 = VECTOR('',#5709,1.);
#5709 = DIRECTION('',(0.,1.));
#5710 = ( GEOMETRIC_REPRESENTATION_CONTEXT(2) 
PARAMETRIC_REPRESENTATION_CONTEXT() REPRESENTATION_CONTEXT('2D SPACE',''
  ) );
#5711 = PCURVE('',#5712,#5761);
#5712 = ( BOUNDED_SURFACE() B_SPLINE_SURFACE(1,3,(
    (#5713,#5714,#5715,#5716,#5717,#5718,#5719,#5720,#5721,#5722,#5723
      ,#5724,#5725,#5726,#5727,#5728,#5729,#5730,#5731,#5732,#5733,#5734
      ,#5735,#5736)
    ,(#5737,#5738,#5739,#5740,#5741,#5742,#5743,#5744,#5745,#5746,#5747
      ,#5748,#5749,#5750,#5751,#5752,#5753,#5754,#5755,#5756,#5757,#5758
      ,#5759,#5760
)),.UNSPECIFIED.,.F.,.F.,.F.) B_SPLINE_SURFACE_WITH_KNOTS((2,2),(4,1,1,1
    ,1,1,1,1,1,1,1,1,1,1,1,1,1,1,1,1,1,4),(41.,42.),(0.,
    8.351345992186E-02,0.136371070752,0.186631466795,0.236892072307,
    0.287245985354,0.337546964594,0.387892568228,0.438269195911,
    0.488657983617,0.539039913424,0.589390615006,0.639739510443,
    0.690135953221,0.740567502215,0.791001192157,0.824625304057,
    0.849810563706,0.930093869668,0.935215837381,0.950554965611,1.),
.UNSPECIFIED.) GEOMETRIC_REPRESENTATION_ITEM() RATIONAL_B_SPLINE_SURFACE
((
    (1.,1.000000000051,0.999999999985,1.000000000003,0.999999999999,1.
      ,1.,1.,1.,1.,1.,1.,1.,1.,1.,1.,1.000000000001,0.999999999998
      ,1.000000000008,0.999999999937,1.000000000021,0.999999999406
      ,1.000000004078,1.)
    ,(1.,1.000000000051,0.999999999985,1.000000000003,0.999999999999,1.
      ,1.,1.,1.,1.,1.,1.,1.,1.,1.,1.,1.000000000001,0.999999999998
      ,1.000000000008,0.999999999937,1.000000000021,0.999999999406
,1.000000004078,1.))) REPRESENTATION_ITEM('') SURFACE() );
#5713 = CARTESIAN_POINT('',(-205.8064330531,-1.031947336535E+03,-5.));
#5714 = CARTESIAN_POINT('',(-187.4624101867,-1.021717060549E+03,
    8.008717576553));
#5715 = CARTESIAN_POINT('',(-207.7520970999,-1.032244323891E+03,
    14.999325035651));
#5716 = CARTESIAN_POINT('',(-211.7755014764,-1.036931953552E+03,
    29.781777604759));
#5717 = CARTESIAN_POINT('',(-219.6093788481,-1.040003193274E+03,
    42.001176541587));
#5718 = CARTESIAN_POINT('',(-227.3947862903,-1.042549713678E+03,
    54.014146905159));
#5719 = CARTESIAN_POINT('',(-232.7319331121,-1.045059151882E+03,
    65.989969999267));
#5720 = CARTESIAN_POINT('',(-240.6260073006,-1.047701344176E+03,
    78.007482310661));
#5721 = CARTESIAN_POINT('',(-247.8734379474,-1.050313512529E+03,
    90.003188093923));
#5722 = CARTESIAN_POINT('',(-255.3043480657,-1.052878152643E+03,
    102.00152178571));
#5723 = CARTESIAN_POINT('',(-262.6580164411,-1.055497267049E+03,
    113.99940139363));
#5724 = CARTESIAN_POINT('',(-269.9202074656,-1.058221861349E+03,
    125.99554831415));
#5725 = CARTESIAN_POINT('',(-277.1880767182,-1.060923727481E+03,
    138.00035642969));
#5726 = CARTESIAN_POINT('',(-284.4972203921,-1.063618540831E+03,
    150.00331724818));
#5727 = CARTESIAN_POINT('',(-291.6279454023,-1.066366830124E+03,
    162.01546347963));
#5728 = CARTESIAN_POINT('',(-298.6238719048,-1.06909678751E+03,
    173.95824023226));
#5729 = CARTESIAN_POINT('',(-305.1977844865,-1.071613961403E+03,
    184.80040122606));
#5730 = CARTESIAN_POINT('',(-309.6626287843,-1.073426675507E+03,
    193.04573531588));
#5731 = CARTESIAN_POINT('',(-318.8961831507,-1.07665303014E+03,
    205.83993582621));
#5732 = CARTESIAN_POINT('',(-303.1335190785,-1.074928059608E+03,
    201.81943362341));
#5733 = CARTESIAN_POINT('',(-310.0833597397,-1.072959655122E+03,
    206.71778633278));
#5734 = CARTESIAN_POINT('',(-317.6148318002,-1.07159643205E+03,
    210.78852743977));
#5735 = CARTESIAN_POINT('',(-308.4478695586,-1.067935924163E+03,
    181.81436335833));
#5736 = CARTESIAN_POINT('',(-324.8241234663,-1.068753497399E+03,207.7));
#5737 = CARTESIAN_POINT('',(-198.202719878,-1.031431374519E+03,-5.));
#5738 = CARTESIAN_POINT('',(-179.3588432198,-1.018468959546E+03,
    8.008717576553));
#5739 = CARTESIAN_POINT('',(-200.1863570066,-1.032303591112E+03,
    14.999325035651));
#5740 = CARTESIAN_POINT('',(-204.3660452646,-1.036705317678E+03,
    29.781777604759));
#5741 = CARTESIAN_POINT('',(-212.3632508006,-1.039643075938E+03,
    42.001176541587));
#5742 = CARTESIAN_POINT('',(-220.329628458,-1.042240544518E+03,
    54.014146905159));
#5743 = CARTESIAN_POINT('',(-225.846895252,-1.044814216228E+03,
    65.989969999267));
#5744 = CARTESIAN_POINT('',(-233.9291418449,-1.047447887864E+03,
    78.007482310661));
#5745 = CARTESIAN_POINT('',(-241.3596439051,-1.050071591429E+03,
    90.003188093923));
#5746 = CARTESIAN_POINT('',(-248.9737704752,-1.052689205101E+03,
    102.00152178571));
#5747 = CARTESIAN_POINT('',(-256.5103591678,-1.055342417206E+03,
    113.99940139363));
#5748 = CARTESIAN_POINT('',(-263.953937509,-1.058098761729E+03,
    125.99554831415));
#5749 = CARTESIAN_POINT('',(-271.4065471968,-1.060828264891E+03,
    138.00035642969));
#5750 = CARTESIAN_POINT('',(-278.8994503931,-1.063559390775E+03,
    150.00331724818));
#5751 = CARTESIAN_POINT('',(-286.2212953439,-1.06621591416E+03,
    162.01546347963));
#5752 = CARTESIAN_POINT('',(-293.3986891468,-1.069045044457E+03,
    173.95824023226));
#5753 = CARTESIAN_POINT('',(-300.1229561096,-1.071541051743E+03,
    184.80040122606));
#5754 = CARTESIAN_POINT('',(-304.7508929829,-1.073455559119E+03,
    193.04573531588));
#5755 = CARTESIAN_POINT('',(-314.0191524323,-1.076402984461E+03,
    205.83993582621));
#5756 = CARTESIAN_POINT('',(-299.3351651291,-1.074796752806E+03,
    201.81943362341));
#5757 = CARTESIAN_POINT('',(-307.3983207139,-1.072867550974E+03,
    206.71778633278));
#5758 = CARTESIAN_POINT('',(-315.7185394206,-1.07151295401E+03,
    210.78852743977));
#5759 = CARTESIAN_POINT('',(-308.5199377229,-1.06806484709E+03,
    181.81436335833));
#5760 = CARTESIAN_POINT('',(-324.527387855,-1.068743270443E+03,207.7));
#5761 = DEFINITIONAL_REPRESENTATION('',(#5762),#5766);
#5762 = LINE('',#5763,#5764);
#5763 = CARTESIAN_POINT('',(41.,0.));
#5764 = VECTOR('',#5765,1.);
#5765 = DIRECTION('',(0.,1.));
#5766 = ( GEOMETRIC_REPRESENTATION_CONTEXT(2) 
PARAMETRIC_REPRESENTATION_CONTEXT() REPRESENTATION_CONTEXT('2D SPACE',''
  ) );
#5767 = ORIENTED_EDGE('',*,*,#5768,.F.);
#5768 = EDGE_CURVE('',#5539,#5676,#5769,.T.);
#5769 = SURFACE_CURVE('',#5770,(#5773,#5780),.PCURVE_S1.);
#5770 = B_SPLINE_CURVE_WITH_KNOTS('',1,(#5771,#5772),.UNSPECIFIED.,.F.,
  .F.,(2,2),(40.,41.),.PIECEWISE_BEZIER_KNOTS.);
#5771 = CARTESIAN_POINT('',(-325.1208590777,-1.068763724354E+03,207.7));
#5772 = CARTESIAN_POINT('',(-324.8241234663,-1.068753497399E+03,207.7));
#5773 = PCURVE('',#5575,#5774);
#5774 = DEFINITIONAL_REPRESENTATION('',(#5775),#5779);
#5775 = LINE('',#5776,#5777);
#5776 = CARTESIAN_POINT('',(0.,1.));
#5777 = VECTOR('',#5778,1.);
#5778 = DIRECTION('',(1.,0.));
#5779 = ( GEOMETRIC_REPRESENTATION_CONTEXT(2) 
PARAMETRIC_REPRESENTATION_CONTEXT() REPRESENTATION_CONTEXT('2D SPACE',''
  ) );
#5780 = PCURVE('',#206,#5781);
#5781 = DEFINITIONAL_REPRESENTATION('',(#5782),#5785);
#5782 = B_SPLINE_CURVE_WITH_KNOTS('',1,(#5783,#5784),.UNSPECIFIED.,.F.,
  .F.,(2,2),(40.,41.),.PIECEWISE_BEZIER_KNOTS.);
#5783 = CARTESIAN_POINT('',(1.709083342791,0.729871916566));
#5784 = CARTESIAN_POINT('',(1.412207536185,0.734494588683));
#5785 = ( GEOMETRIC_REPRESENTATION_CONTEXT(2) 
PARAMETRIC_REPRESENTATION_CONTEXT() REPRESENTATION_CONTEXT('2D SPACE',''
  ) );
#5786 = ORIENTED_EDGE('',*,*,#5538,.F.);
#5787 = ADVANCED_FACE('',(#5788),#5712,.T.);
#5788 = FACE_BOUND('',#5789,.T.);
#5789 = EDGE_LOOP('',(#5790,#5811,#5904,#5923));
#5790 = ORIENTED_EDGE('',*,*,#5791,.T.);
#5791 = EDGE_CURVE('',#5655,#5792,#5794,.T.);
#5792 = VERTEX_POINT('',#5793);
#5793 = CARTESIAN_POINT('',(-198.202719878,-1.031431374519E+03,-5.));
#5794 = SURFACE_CURVE('',#5795,(#5798,#5805),.PCURVE_S1.);
#5795 = B_SPLINE_CURVE_WITH_KNOTS('',1,(#5796,#5797),.UNSPECIFIED.,.F.,
  .F.,(2,2),(41.,42.),.PIECEWISE_BEZIER_KNOTS.);
#5796 = CARTESIAN_POINT('',(-205.8064330531,-1.031947336535E+03,-5.));
#5797 = CARTESIAN_POINT('',(-198.202719878,-1.031431374519E+03,-5.));
#5798 = PCURVE('',#5712,#5799);
#5799 = DEFINITIONAL_REPRESENTATION('',(#5800),#5804);
#5800 = LINE('',#5801,#5802);
#5801 = CARTESIAN_POINT('',(0.,0.));
#5802 = VECTOR('',#5803,1.);
#5803 = DIRECTION('',(1.,0.));
#5804 = ( GEOMETRIC_REPRESENTATION_CONTEXT(2) 
PARAMETRIC_REPRESENTATION_CONTEXT() REPRESENTATION_CONTEXT('2D SPACE',''
  ) );
#5805 = PCURVE('',#87,#5806);
#5806 = DEFINITIONAL_REPRESENTATION('',(#5807),#5810);
#5807 = B_SPLINE_CURVE_WITH_KNOTS('',1,(#5808,#5809),.UNSPECIFIED.,.F.,
  .F.,(2,2),(41.,42.),.PIECEWISE_BEZIER_KNOTS.);
#5808 = CARTESIAN_POINT('',(37.552297372058,15.125642855319));
#5809 = CARTESIAN_POINT('',(29.940034392453,14.756694103839));
#5810 = ( GEOMETRIC_REPRESENTATION_CONTEXT(2) 
PARAMETRIC_REPRESENTATION_CONTEXT() REPRESENTATION_CONTEXT('2D SPACE',''
  ) );
#5811 = ORIENTED_EDGE('',*,*,#5812,.T.);
#5812 = EDGE_CURVE('',#5792,#5813,#5815,.T.);
#5813 = VERTEX_POINT('',#5814);
#5814 = CARTESIAN_POINT('',(-324.527387855,-1.068743270443E+03,207.7));
#5815 = SURFACE_CURVE('',#5816,(#5841,#5848),.PCURVE_S1.);
#5816 = ( BOUNDED_CURVE() B_SPLINE_CURVE(3,(#5817,#5818,#5819,#5820,
    #5821,#5822,#5823,#5824,#5825,#5826,#5827,#5828,#5829,#5830,#5831,
    #5832,#5833,#5834,#5835,#5836,#5837,#5838,#5839,#5840),
.UNSPECIFIED.,.F.,.F.) B_SPLINE_CURVE_WITH_KNOTS((4,1,1,1,1,1,1,1,1,1,1,
    1,1,1,1,1,1,1,1,1,1,4),(0.,8.351345992186E-02,0.136371070752,
    0.186631466795,0.236892072307,0.287245985354,0.337546964594,
    0.387892568228,0.438269195911,0.488657983617,0.539039913424,
    0.589390615006,0.639739510443,0.690135953221,0.740567502215,
    0.791001192157,0.824625304057,0.849810563706,0.930093869668,
0.935215837381,0.950554965611,1.),.UNSPECIFIED.) CURVE() 
GEOMETRIC_REPRESENTATION_ITEM() RATIONAL_B_SPLINE_CURVE((1.,
    1.000000000051,0.999999999985,1.000000000003,0.999999999999,1.,1.,1.
    ,1.,1.,1.,1.,1.,1.,1.,1.,1.000000000001,0.999999999998,
    1.000000000008,0.999999999937,1.000000000021,0.999999999406,
1.000000004078,1.)) REPRESENTATION_ITEM('') );
#5817 = CARTESIAN_POINT('',(-198.202719878,-1.031431374519E+03,-5.));
#5818 = CARTESIAN_POINT('',(-179.3588432198,-1.018468959546E+03,
    8.008717576553));
#5819 = CARTESIAN_POINT('',(-200.1863570066,-1.032303591112E+03,
    14.999325035651));
#5820 = CARTESIAN_POINT('',(-204.3660452646,-1.036705317678E+03,
    29.781777604759));
#5821 = CARTESIAN_POINT('',(-212.3632508006,-1.039643075938E+03,
    42.001176541587));
#5822 = CARTESIAN_POINT('',(-220.329628458,-1.042240544518E+03,
    54.014146905159));
#5823 = CARTESIAN_POINT('',(-225.846895252,-1.044814216228E+03,
    65.989969999267));
#5824 = CARTESIAN_POINT('',(-233.9291418449,-1.047447887864E+03,
    78.007482310661));
#5825 = CARTESIAN_POINT('',(-241.3596439051,-1.050071591429E+03,
    90.003188093923));
#5826 = CARTESIAN_POINT('',(-248.9737704752,-1.052689205101E+03,
    102.00152178571));
#5827 = CARTESIAN_POINT('',(-256.5103591678,-1.055342417206E+03,
    113.99940139363));
#5828 = CARTESIAN_POINT('',(-263.953937509,-1.058098761729E+03,
    125.99554831415));
#5829 = CARTESIAN_POINT('',(-271.4065471968,-1.060828264891E+03,
    138.00035642969));
#5830 = CARTESIAN_POINT('',(-278.8994503931,-1.063559390775E+03,
    150.00331724818));
#5831 = CARTESIAN_POINT('',(-286.2212953439,-1.06621591416E+03,
    162.01546347963));
#5832 = CARTESIAN_POINT('',(-293.3986891468,-1.069045044457E+03,
    173.95824023226));
#5833 = CARTESIAN_POINT('',(-300.1229561096,-1.071541051743E+03,
    184.80040122606));
#5834 = CARTESIAN_POINT('',(-304.7508929829,-1.073455559119E+03,
    193.04573531588));
#5835 = CARTESIAN_POINT('',(-314.0191524323,-1.076402984461E+03,
    205.83993582621));
#5836 = CARTESIAN_POINT('',(-299.3351651291,-1.074796752806E+03,
    201.81943362341));
#5837 = CARTESIAN_POINT('',(-307.3983207139,-1.072867550974E+03,
    206.71778633278));
#5838 = CARTESIAN_POINT('',(-315.7185394206,-1.07151295401E+03,
    210.78852743977));
#5839 = CARTESIAN_POINT('',(-308.5199377229,-1.06806484709E+03,
    181.81436335833));
#5840 = CARTESIAN_POINT('',(-324.527387855,-1.068743270443E+03,207.7));
#5841 = PCURVE('',#5712,#5842);
#5842 = DEFINITIONAL_REPRESENTATION('',(#5843),#5847);
#5843 = LINE('',#5844,#5845);
#5844 = CARTESIAN_POINT('',(42.,0.));
#5845 = VECTOR('',#5846,1.);
#5846 = DIRECTION('',(0.,1.));
#5847 = ( GEOMETRIC_REPRESENTATION_CONTEXT(2) 
PARAMETRIC_REPRESENTATION_CONTEXT() REPRESENTATION_CONTEXT('2D SPACE',''
  ) );
#5848 = PCURVE('',#5849,#5898);
#5849 = ( BOUNDED_SURFACE() B_SPLINE_SURFACE(1,3,(
    (#5850,#5851,#5852,#5853,#5854,#5855,#5856,#5857,#5858,#5859,#5860
      ,#5861,#5862,#5863,#5864,#5865,#5866,#5867,#5868,#5869,#5870,#5871
      ,#5872,#5873)
    ,(#5874,#5875,#5876,#5877,#5878,#5879,#5880,#5881,#5882,#5883,#5884
      ,#5885,#5886,#5887,#5888,#5889,#5890,#5891,#5892,#5893,#5894,#5895
      ,#5896,#5897
)),.UNSPECIFIED.,.F.,.F.,.F.) B_SPLINE_SURFACE_WITH_KNOTS((2,2),(4,1,1,1
    ,1,1,1,1,1,1,1,1,1,1,1,1,1,1,1,1,1,4),(42.,43.),(0.,
    8.351345992186E-02,0.136371070752,0.186631466795,0.236892072307,
    0.287245985354,0.337546964594,0.387892568228,0.438269195911,
    0.488657983617,0.539039913424,0.589390615006,0.639739510443,
    0.690135953221,0.740567502215,0.791001192157,0.824625304057,
    0.849810563706,0.930093869668,0.935215837381,0.950554965611,1.),
.UNSPECIFIED.) GEOMETRIC_REPRESENTATION_ITEM() RATIONAL_B_SPLINE_SURFACE
((
    (1.,1.000000000051,0.999999999985,1.000000000003,0.999999999999,1.
      ,1.,1.,1.,1.,1.,1.,1.,1.,1.,1.,1.000000000001,0.999999999998
      ,1.000000000008,0.999999999937,1.000000000021,0.999999999406
      ,1.000000004078,1.)
    ,(1.,1.000000000051,0.999999999985,1.000000000003,0.999999999999,1.
      ,1.,1.,1.,1.,1.,1.,1.,1.,1.,1.,1.000000000001,0.999999999998
      ,1.000000000008,0.999999999937,1.000000000021,0.999999999406
,1.000000004078,1.))) REPRESENTATION_ITEM('') SURFACE() );
#5850 = CARTESIAN_POINT('',(-198.202719878,-1.031431374519E+03,-5.));
#5851 = CARTESIAN_POINT('',(-179.3588432198,-1.018468959546E+03,
    8.008717576553));
#5852 = CARTESIAN_POINT('',(-200.1863570066,-1.032303591112E+03,
    14.999325035651));
#5853 = CARTESIAN_POINT('',(-204.3660452646,-1.036705317678E+03,
    29.781777604759));
#5854 = CARTESIAN_POINT('',(-212.3632508006,-1.039643075938E+03,
    42.001176541587));
#5855 = CARTESIAN_POINT('',(-220.329628458,-1.042240544518E+03,
    54.014146905159));
#5856 = CARTESIAN_POINT('',(-225.846895252,-1.044814216228E+03,
    65.989969999267));
#5857 = CARTESIAN_POINT('',(-233.9291418449,-1.047447887864E+03,
    78.007482310661));
#5858 = CARTESIAN_POINT('',(-241.3596439051,-1.050071591429E+03,
    90.003188093923));
#5859 = CARTESIAN_POINT('',(-248.9737704752,-1.052689205101E+03,
    102.00152178571));
#5860 = CARTESIAN_POINT('',(-256.5103591678,-1.055342417206E+03,
    113.99940139363));
#5861 = CARTESIAN_POINT('',(-263.953937509,-1.058098761729E+03,
    125.99554831415));
#5862 = CARTESIAN_POINT('',(-271.4065471968,-1.060828264891E+03,
    138.00035642969));
#5863 = CARTESIAN_POINT('',(-278.8994503931,-1.063559390775E+03,
    150.00331724818));
#5864 = CARTESIAN_POINT('',(-286.2212953439,-1.06621591416E+03,
    162.01546347963));
#5865 = CARTESIAN_POINT('',(-293.3986891468,-1.069045044457E+03,
    173.95824023226));
#5866 = CARTESIAN_POINT('',(-300.1229561096,-1.071541051743E+03,
    184.80040122606));
#5867 = CARTESIAN_POINT('',(-304.7508929829,-1.073455559119E+03,
    193.04573531588));
#5868 = CARTESIAN_POINT('',(-314.0191524323,-1.076402984461E+03,
    205.83993582621));
#5869 = CARTESIAN_POINT('',(-299.3351651291,-1.074796752806E+03,
    201.81943362341));
#5870 = CARTESIAN_POINT('',(-307.3983207139,-1.072867550974E+03,
    206.71778633278));
#5871 = CARTESIAN_POINT('',(-315.7185394206,-1.07151295401E+03,
    210.78852743977));
#5872 = CARTESIAN_POINT('',(-308.5199377229,-1.06806484709E+03,
    181.81436335833));
#5873 = CARTESIAN_POINT('',(-324.527387855,-1.068743270443E+03,207.7));
#5874 = CARTESIAN_POINT('',(-190.5996098523,-1.030905213181E+03,-5.));
#5875 = CARTESIAN_POINT('',(-171.2934471844,-1.015968162247E+03,
    8.008717576553));
#5876 = CARTESIAN_POINT('',(-192.6036513596,-1.032307197245E+03,
    14.999325035651));
#5877 = CARTESIAN_POINT('',(-196.9735070844,-1.036148707121E+03,
    29.781777604759));
#5878 = CARTESIAN_POINT('',(-205.138508686,-1.039027409052E+03,
    42.001176541587));
#5879 = CARTESIAN_POINT('',(-213.2821767848,-1.041724708978E+03,
    54.014146905159));
#5880 = CARTESIAN_POINT('',(-218.982941268,-1.044250660639E+03,
    65.989969999267));
#5881 = CARTESIAN_POINT('',(-227.2486580845,-1.046965773421E+03,
    78.007482310661));
#5882 = CARTESIAN_POINT('',(-234.860563062,-1.049621432569E+03,
    90.003188093923));
#5883 = CARTESIAN_POINT('',(-242.6545788112,-1.052300213844E+03,
    102.00152178571));
#5884 = CARTESIAN_POINT('',(-250.3690977953,-1.055024511148E+03,
    113.99940139363));
#5885 = CARTESIAN_POINT('',(-257.9953525391,-1.057771140259E+03,
    125.99554831415));
#5886 = CARTESIAN_POINT('',(-265.6316434706,-1.060514268371E+03,
    138.00035642969));
#5887 = CARTESIAN_POINT('',(-273.3097272233,-1.06325394738E+03,
    150.00331724818));
#5888 = CARTESIAN_POINT('',(-280.8090018964,-1.066008633998E+03,
    162.01546347963));
#5889 = CARTESIAN_POINT('',(-288.1844232368,-1.068692765567E+03,
    173.95824023226));
#5890 = CARTESIAN_POINT('',(-295.0663176245,-1.071086379627E+03,
    184.80040122606));
#5891 = CARTESIAN_POINT('',(-299.8440637727,-1.073173562125E+03,
    193.04573531588));
#5892 = CARTESIAN_POINT('',(-309.1632546497,-1.075941525844E+03,
    205.83993582621));
#5893 = CARTESIAN_POINT('',(-295.5402327763,-1.07459766495E+03,
    201.81943362341));
#5894 = CARTESIAN_POINT('',(-304.7156850497,-1.072726944998E+03,
    206.71778633278));
#5895 = CARTESIAN_POINT('',(-313.8264802617,-1.071383044504E+03,
    210.78852743977));
#5896 = CARTESIAN_POINT('',(-308.5743531434,-1.068281037612E+03,
    181.81436335833));
#5897 = CARTESIAN_POINT('',(-324.230923046,-1.06872766971E+03,207.7));
#5898 = DEFINITIONAL_REPRESENTATION('',(#5899),#5903);
#5899 = LINE('',#5900,#5901);
#5900 = CARTESIAN_POINT('',(42.,0.));
#5901 = VECTOR('',#5902,1.);
#5902 = DIRECTION('',(0.,1.));
#5903 = ( GEOMETRIC_REPRESENTATION_CONTEXT(2) 
PARAMETRIC_REPRESENTATION_CONTEXT() REPRESENTATION_CONTEXT('2D SPACE',''
  ) );
#5904 = ORIENTED_EDGE('',*,*,#5905,.F.);
#5905 = EDGE_CURVE('',#5676,#5813,#5906,.T.);
#5906 = SURFACE_CURVE('',#5907,(#5910,#5917),.PCURVE_S1.);
#5907 = B_SPLINE_CURVE_WITH_KNOTS('',1,(#5908,#5909),.UNSPECIFIED.,.F.,
  .F.,(2,2),(41.,42.),.PIECEWISE_BEZIER_KNOTS.);
#5908 = CARTESIAN_POINT('',(-324.8241234663,-1.068753497399E+03,207.7));
#5909 = CARTESIAN_POINT('',(-324.527387855,-1.068743270443E+03,207.7));
#5910 = PCURVE('',#5712,#5911);
#5911 = DEFINITIONAL_REPRESENTATION('',(#5912),#5916);
#5912 = LINE('',#5913,#5914);
#5913 = CARTESIAN_POINT('',(0.,1.));
#5914 = VECTOR('',#5915,1.);
#5915 = DIRECTION('',(1.,0.));
#5916 = ( GEOMETRIC_REPRESENTATION_CONTEXT(2) 
PARAMETRIC_REPRESENTATION_CONTEXT() REPRESENTATION_CONTEXT('2D SPACE',''
  ) );
#5917 = PCURVE('',#206,#5918);
#5918 = DEFINITIONAL_REPRESENTATION('',(#5919),#5922);
#5919 = B_SPLINE_CURVE_WITH_KNOTS('',1,(#5920,#5921),.UNSPECIFIED.,.F.,
  .F.,(2,2),(41.,42.),.PIECEWISE_BEZIER_KNOTS.);
#5920 = CARTESIAN_POINT('',(1.412207536185,0.734494588683));
#5921 = CARTESIAN_POINT('',(1.115331729578,0.739117260801));
#5922 = ( GEOMETRIC_REPRESENTATION_CONTEXT(2) 
PARAMETRIC_REPRESENTATION_CONTEXT() REPRESENTATION_CONTEXT('2D SPACE',''
  ) );
#5923 = ORIENTED_EDGE('',*,*,#5675,.F.);
#5924 = ADVANCED_FACE('',(#5925),#5849,.T.);
#5925 = FACE_BOUND('',#5926,.T.);
#5926 = EDGE_LOOP('',(#5927,#5948,#6041,#6060));
#5927 = ORIENTED_EDGE('',*,*,#5928,.T.);
#5928 = EDGE_CURVE('',#5792,#5929,#5931,.T.);
#5929 = VERTEX_POINT('',#5930);
#5930 = CARTESIAN_POINT('',(-190.5996098523,-1.030905213181E+03,-5.));
#5931 = SURFACE_CURVE('',#5932,(#5935,#5942),.PCURVE_S1.);
#5932 = B_SPLINE_CURVE_WITH_KNOTS('',1,(#5933,#5934),.UNSPECIFIED.,.F.,
  .F.,(2,2),(42.,43.),.PIECEWISE_BEZIER_KNOTS.);
#5933 = CARTESIAN_POINT('',(-198.202719878,-1.031431374519E+03,-5.));
#5934 = CARTESIAN_POINT('',(-190.5996098523,-1.030905213181E+03,-5.));
#5935 = PCURVE('',#5849,#5936);
#5936 = DEFINITIONAL_REPRESENTATION('',(#5937),#5941);
#5937 = LINE('',#5938,#5939);
#5938 = CARTESIAN_POINT('',(0.,0.));
#5939 = VECTOR('',#5940,1.);
#5940 = DIRECTION('',(1.,0.));
#5941 = ( GEOMETRIC_REPRESENTATION_CONTEXT(2) 
PARAMETRIC_REPRESENTATION_CONTEXT() REPRESENTATION_CONTEXT('2D SPACE',''
  ) );
#5942 = PCURVE('',#87,#5943);
#5943 = DEFINITIONAL_REPRESENTATION('',(#5944),#5947);
#5944 = B_SPLINE_CURVE_WITH_KNOTS('',1,(#5945,#5946),.UNSPECIFIED.,.F.,
  .F.,(2,2),(42.,43.),.PIECEWISE_BEZIER_KNOTS.);
#5945 = CARTESIAN_POINT('',(29.940034392453,14.756694103839));
#5946 = CARTESIAN_POINT('',(22.328177381043,14.377536281802));
#5947 = ( GEOMETRIC_REPRESENTATION_CONTEXT(2) 
PARAMETRIC_REPRESENTATION_CONTEXT() REPRESENTATION_CONTEXT('2D SPACE',''
  ) );
#5948 = ORIENTED_EDGE('',*,*,#5949,.T.);
#5949 = EDGE_CURVE('',#5929,#5950,#5952,.T.);
#5950 = VERTEX_POINT('',#5951);
#5951 = CARTESIAN_POINT('',(-324.230923046,-1.06872766971E+03,207.7));
#5952 = SURFACE_CURVE('',#5953,(#5978,#5985),.PCURVE_S1.);
#5953 = ( BOUNDED_CURVE() B_SPLINE_CURVE(3,(#5954,#5955,#5956,#5957,
    #5958,#5959,#5960,#5961,#5962,#5963,#5964,#5965,#5966,#5967,#5968,
    #5969,#5970,#5971,#5972,#5973,#5974,#5975,#5976,#5977),
.UNSPECIFIED.,.F.,.F.) B_SPLINE_CURVE_WITH_KNOTS((4,1,1,1,1,1,1,1,1,1,1,
    1,1,1,1,1,1,1,1,1,1,4),(0.,8.351345992186E-02,0.136371070752,
    0.186631466795,0.236892072307,0.287245985354,0.337546964594,
    0.387892568228,0.438269195911,0.488657983617,0.539039913424,
    0.589390615006,0.639739510443,0.690135953221,0.740567502215,
    0.791001192157,0.824625304057,0.849810563706,0.930093869668,
0.935215837381,0.950554965611,1.),.UNSPECIFIED.) CURVE() 
GEOMETRIC_REPRESENTATION_ITEM() RATIONAL_B_SPLINE_CURVE((1.,
    1.000000000051,0.999999999985,1.000000000003,0.999999999999,1.,1.,1.
    ,1.,1.,1.,1.,1.,1.,1.,1.,1.000000000001,0.999999999998,
    1.000000000008,0.999999999937,1.000000000021,0.999999999406,
1.000000004078,1.)) REPRESENTATION_ITEM('') );
#5954 = CARTESIAN_POINT('',(-190.5996098523,-1.030905213181E+03,-5.));
#5955 = CARTESIAN_POINT('',(-171.2934471844,-1.015968162247E+03,
    8.008717576553));
#5956 = CARTESIAN_POINT('',(-192.6036513596,-1.032307197245E+03,
    14.999325035651));
#5957 = CARTESIAN_POINT('',(-196.9735070844,-1.036148707121E+03,
    29.781777604759));
#5958 = CARTESIAN_POINT('',(-205.138508686,-1.039027409052E+03,
    42.001176541587));
#5959 = CARTESIAN_POINT('',(-213.2821767848,-1.041724708978E+03,
    54.014146905159));
#5960 = CARTESIAN_POINT('',(-218.982941268,-1.044250660639E+03,
    65.989969999267));
#5961 = CARTESIAN_POINT('',(-227.2486580845,-1.046965773421E+03,
    78.007482310661));
#5962 = CARTESIAN_POINT('',(-234.860563062,-1.049621432569E+03,
    90.003188093923));
#5963 = CARTESIAN_POINT('',(-242.6545788112,-1.052300213844E+03,
    102.00152178571));
#5964 = CARTESIAN_POINT('',(-250.3690977953,-1.055024511148E+03,
    113.99940139363));
#5965 = CARTESIAN_POINT('',(-257.9953525391,-1.057771140259E+03,
    125.99554831415));
#5966 = CARTESIAN_POINT('',(-265.6316434706,-1.060514268371E+03,
    138.00035642969));
#5967 = CARTESIAN_POINT('',(-273.3097272233,-1.06325394738E+03,
    150.00331724818));
#5968 = CARTESIAN_POINT('',(-280.8090018964,-1.066008633998E+03,
    162.01546347963));
#5969 = CARTESIAN_POINT('',(-288.1844232368,-1.068692765567E+03,
    173.95824023226));
#5970 = CARTESIAN_POINT('',(-295.0663176245,-1.071086379627E+03,
    184.80040122606));
#5971 = CARTESIAN_POINT('',(-299.8440637727,-1.073173562125E+03,
    193.04573531588));
#5972 = CARTESIAN_POINT('',(-309.1632546497,-1.075941525844E+03,
    205.83993582621));
#5973 = CARTESIAN_POINT('',(-295.5402327763,-1.07459766495E+03,
    201.81943362341));
#5974 = CARTESIAN_POINT('',(-304.7156850497,-1.072726944998E+03,
    206.71778633278));
#5975 = CARTESIAN_POINT('',(-313.8264802617,-1.071383044504E+03,
    210.78852743977));
#5976 = CARTESIAN_POINT('',(-308.5743531434,-1.068281037612E+03,
    181.81436335833));
#5977 = CARTESIAN_POINT('',(-324.230923046,-1.06872766971E+03,207.7));
#5978 = PCURVE('',#5849,#5979);
#5979 = DEFINITIONAL_REPRESENTATION('',(#5980),#5984);
#5980 = LINE('',#5981,#5982);
#5981 = CARTESIAN_POINT('',(43.,0.));
#5982 = VECTOR('',#5983,1.);
#5983 = DIRECTION('',(0.,1.));
#5984 = ( GEOMETRIC_REPRESENTATION_CONTEXT(2) 
PARAMETRIC_REPRESENTATION_CONTEXT() REPRESENTATION_CONTEXT('2D SPACE',''
  ) );
#5985 = PCURVE('',#5986,#6035);
#5986 = ( BOUNDED_SURFACE() B_SPLINE_SURFACE(1,3,(
    (#5987,#5988,#5989,#5990,#5991,#5992,#5993,#5994,#5995,#5996,#5997
      ,#5998,#5999,#6000,#6001,#6002,#6003,#6004,#6005,#6006,#6007,#6008
      ,#6009,#6010)
    ,(#6011,#6012,#6013,#6014,#6015,#6016,#6017,#6018,#6019,#6020,#6021
      ,#6022,#6023,#6024,#6025,#6026,#6027,#6028,#6029,#6030,#6031,#6032
      ,#6033,#6034
)),.UNSPECIFIED.,.F.,.F.,.F.) B_SPLINE_SURFACE_WITH_KNOTS((2,2),(4,1,1,1
    ,1,1,1,1,1,1,1,1,1,1,1,1,1,1,1,1,1,4),(43.,44.),(0.,
    8.351345992186E-02,0.136371070752,0.186631466795,0.236892072307,
    0.287245985354,0.337546964594,0.387892568228,0.438269195911,
    0.488657983617,0.539039913424,0.589390615006,0.639739510443,
    0.690135953221,0.740567502215,0.791001192157,0.824625304057,
    0.849810563706,0.930093869668,0.935215837381,0.950554965611,1.),
.UNSPECIFIED.) GEOMETRIC_REPRESENTATION_ITEM() RATIONAL_B_SPLINE_SURFACE
((
    (1.,1.000000000051,0.999999999985,1.000000000003,0.999999999999,1.
      ,1.,1.,1.,1.,1.,1.,1.,1.,1.,1.,1.000000000001,0.999999999998
      ,1.000000000008,0.999999999937,1.000000000021,0.999999999406
      ,1.000000004078,1.)
    ,(1.,1.000000000051,0.999999999985,1.000000000003,0.999999999999,1.
      ,1.,1.,1.,1.,1.,1.,1.,1.,1.,1.,1.000000000001,0.999999999998
      ,1.000000000008,0.999999999937,1.000000000021,0.999999999406
,1.000000004078,1.))) REPRESENTATION_ITEM('') SURFACE() );
#5987 = CARTESIAN_POINT('',(-190.5996098523,-1.030905213181E+03,-5.));
#5988 = CARTESIAN_POINT('',(-171.2934471844,-1.015968162247E+03,
    8.008717576553));
#5989 = CARTESIAN_POINT('',(-192.6036513596,-1.032307197245E+03,
    14.999325035651));
#5990 = CARTESIAN_POINT('',(-196.9735070844,-1.036148707121E+03,
    29.781777604759));
#5991 = CARTESIAN_POINT('',(-205.138508686,-1.039027409052E+03,
    42.001176541587));
#5992 = CARTESIAN_POINT('',(-213.2821767848,-1.041724708978E+03,
    54.014146905159));
#5993 = CARTESIAN_POINT('',(-218.982941268,-1.044250660639E+03,
    65.989969999267));
#5994 = CARTESIAN_POINT('',(-227.2486580845,-1.046965773421E+03,
    78.007482310661));
#5995 = CARTESIAN_POINT('',(-234.860563062,-1.049621432569E+03,
    90.003188093923));
#5996 = CARTESIAN_POINT('',(-242.6545788112,-1.052300213844E+03,
    102.00152178571));
#5997 = CARTESIAN_POINT('',(-250.3690977953,-1.055024511148E+03,
    113.99940139363));
#5998 = CARTESIAN_POINT('',(-257.9953525391,-1.057771140259E+03,
    125.99554831415));
#5999 = CARTESIAN_POINT('',(-265.6316434706,-1.060514268371E+03,
    138.00035642969));
#6000 = CARTESIAN_POINT('',(-273.3097272233,-1.06325394738E+03,
    150.00331724818));
#6001 = CARTESIAN_POINT('',(-280.8090018964,-1.066008633998E+03,
    162.01546347963));
#6002 = CARTESIAN_POINT('',(-288.1844232368,-1.068692765567E+03,
    173.95824023226));
#6003 = CARTESIAN_POINT('',(-295.0663176245,-1.071086379627E+03,
    184.80040122606));
#6004 = CARTESIAN_POINT('',(-299.8440637727,-1.073173562125E+03,
    193.04573531588));
#6005 = CARTESIAN_POINT('',(-309.1632546497,-1.075941525844E+03,
    205.83993582621));
#6006 = CARTESIAN_POINT('',(-295.5402327763,-1.07459766495E+03,
    201.81943362341));
#6007 = CARTESIAN_POINT('',(-304.7156850497,-1.072726944998E+03,
    206.71778633278));
#6008 = CARTESIAN_POINT('',(-313.8264802617,-1.071383044504E+03,
    210.78852743977));
#6009 = CARTESIAN_POINT('',(-308.5743531434,-1.068281037612E+03,
    181.81436335833));
#6010 = CARTESIAN_POINT('',(-324.230923046,-1.06872766971E+03,207.7));
#6011 = CARTESIAN_POINT('',(-183.0141881777,-1.03020364923E+03,-5.));
#6012 = CARTESIAN_POINT('',(-163.2522437978,-1.013687010924E+03,
    8.008717576553));
#6013 = CARTESIAN_POINT('',(-185.0329487628,-1.032070078693E+03,
    14.999325035651));
#6014 = CARTESIAN_POINT('',(-189.6070358541,-1.03533735313E+03,
    29.781777604759));
#6015 = CARTESIAN_POINT('',(-197.9315374427,-1.038191134638E+03,
    42.001176541587));
#6016 = CARTESIAN_POINT('',(-206.2460048397,-1.041011946808E+03,
    54.014146905159));
#6017 = CARTESIAN_POINT('',(-212.1362942319,-1.043494510953E+03,
    65.989969999267));
#6018 = CARTESIAN_POINT('',(-220.5791829326,-1.046315904763E+03,
    78.007482310661));
#6019 = CARTESIAN_POINT('',(-228.3680622998,-1.049044455715E+03,
    90.003188093923));
#6020 = CARTESIAN_POINT('',(-236.3427276423,-1.051767277674E+03,
    102.00152178571));
#6021 = CARTESIAN_POINT('',(-244.2406853946,-1.054500996836E+03,
    113.99940139363));
#6022 = CARTESIAN_POINT('',(-252.0491351868,-1.057251711148E+03,
    125.99554831415));
#6023 = CARTESIAN_POINT('',(-259.8704950326,-1.060000209344E+03,
    138.00035642969));
#6024 = CARTESIAN_POINT('',(-267.7339043374,-1.062746232247E+03,
    150.00331724818));
#6025 = CARTESIAN_POINT('',(-275.4170777981,-1.065506248999E+03,
    162.01546347963));
#6026 = CARTESIAN_POINT('',(-282.9757250169,-1.068259727159E+03,
    173.95824023226));
#6027 = CARTESIAN_POINT('',(-290.0020375005,-1.070737859656E+03,
    184.80040122606));
#6028 = CARTESIAN_POINT('',(-294.9560088279,-1.072673937974E+03,
    193.04573531588));
#6029 = CARTESIAN_POINT('',(-304.3085258176,-1.075467322743E+03,
    205.83993582621));
#6030 = CARTESIAN_POINT('',(-291.7479250727,-1.074385935163E+03,
    201.81943362341));
#6031 = CARTESIAN_POINT('',(-302.0349958108,-1.072576247377E+03,
    206.71778633278));
#6032 = CARTESIAN_POINT('',(-311.9346164955,-1.071257476917E+03,
    210.78852743977));
#6033 = CARTESIAN_POINT('',(-308.6367043007,-1.068420423896E+03,
    181.81436335833));
#6034 = CARTESIAN_POINT('',(-323.9346694913,-1.068710995799E+03,207.7));
#6035 = DEFINITIONAL_REPRESENTATION('',(#6036),#6040);
#6036 = LINE('',#6037,#6038);
#6037 = CARTESIAN_POINT('',(43.,0.));
#6038 = VECTOR('',#6039,1.);
#6039 = DIRECTION('',(0.,1.));
#6040 = ( GEOMETRIC_REPRESENTATION_CONTEXT(2) 
PARAMETRIC_REPRESENTATION_CONTEXT() REPRESENTATION_CONTEXT('2D SPACE',''
  ) );
#6041 = ORIENTED_EDGE('',*,*,#6042,.F.);
#6042 = EDGE_CURVE('',#5813,#5950,#6043,.T.);
#6043 = SURFACE_CURVE('',#6044,(#6047,#6054),.PCURVE_S1.);
#6044 = B_SPLINE_CURVE_WITH_KNOTS('',1,(#6045,#6046),.UNSPECIFIED.,.F.,
  .F.,(2,2),(42.,43.),.PIECEWISE_BEZIER_KNOTS.);
#6045 = CARTESIAN_POINT('',(-324.527387855,-1.068743270443E+03,207.7));
#6046 = CARTESIAN_POINT('',(-324.230923046,-1.06872766971E+03,207.7));
#6047 = PCURVE('',#5849,#6048);
#6048 = DEFINITIONAL_REPRESENTATION('',(#6049),#6053);
#6049 = LINE('',#6050,#6051);
#6050 = CARTESIAN_POINT('',(0.,1.));
#6051 = VECTOR('',#6052,1.);
#6052 = DIRECTION('',(1.,0.));
#6053 = ( GEOMETRIC_REPRESENTATION_CONTEXT(2) 
PARAMETRIC_REPRESENTATION_CONTEXT() REPRESENTATION_CONTEXT('2D SPACE',''
  ) );
#6054 = PCURVE('',#206,#6055);
#6055 = DEFINITIONAL_REPRESENTATION('',(#6056),#6059);
#6056 = B_SPLINE_CURVE_WITH_KNOTS('',1,(#6057,#6058),.UNSPECIFIED.,.F.,
  .F.,(2,2),(42.,43.),.PIECEWISE_BEZIER_KNOTS.);
#6057 = CARTESIAN_POINT('',(1.115331729578,0.739117260801));
#6058 = CARTESIAN_POINT('',(0.818457696694,0.738359337143));
#6059 = ( GEOMETRIC_REPRESENTATION_CONTEXT(2) 
PARAMETRIC_REPRESENTATION_CONTEXT() REPRESENTATION_CONTEXT('2D SPACE',''
  ) );
#6060 = ORIENTED_EDGE('',*,*,#5812,.F.);
#6061 = ADVANCED_FACE('',(#6062),#5986,.T.);
#6062 = FACE_BOUND('',#6063,.T.);
#6063 = EDGE_LOOP('',(#6064,#6085,#6178,#6197));
#6064 = ORIENTED_EDGE('',*,*,#6065,.T.);
#6065 = EDGE_CURVE('',#5929,#6066,#6068,.T.);
#6066 = VERTEX_POINT('',#6067);
#6067 = CARTESIAN_POINT('',(-183.0141881777,-1.03020364923E+03,-5.));
#6068 = SURFACE_CURVE('',#6069,(#6072,#6079),.PCURVE_S1.);
#6069 = B_SPLINE_CURVE_WITH_KNOTS('',1,(#6070,#6071),.UNSPECIFIED.,.F.,
  .F.,(2,2),(43.,44.),.PIECEWISE_BEZIER_KNOTS.);
#6070 = CARTESIAN_POINT('',(-190.5996098523,-1.030905213181E+03,-5.));
#6071 = CARTESIAN_POINT('',(-183.0141881777,-1.03020364923E+03,-5.));
#6072 = PCURVE('',#5986,#6073);
#6073 = DEFINITIONAL_REPRESENTATION('',(#6074),#6078);
#6074 = LINE('',#6075,#6076);
#6075 = CARTESIAN_POINT('',(0.,0.));
#6076 = VECTOR('',#6077,1.);
#6077 = DIRECTION('',(1.,0.));
#6078 = ( GEOMETRIC_REPRESENTATION_CONTEXT(2) 
PARAMETRIC_REPRESENTATION_CONTEXT() REPRESENTATION_CONTEXT('2D SPACE',''
  ) );
#6079 = PCURVE('',#87,#6080);
#6080 = DEFINITIONAL_REPRESENTATION('',(#6081),#6084);
#6081 = B_SPLINE_CURVE_WITH_KNOTS('',1,(#6082,#6083),.UNSPECIFIED.,.F.,
  .F.,(2,2),(43.,44.),.PIECEWISE_BEZIER_KNOTS.);
#6082 = CARTESIAN_POINT('',(22.328177381043,14.377536281802));
#6083 = CARTESIAN_POINT('',(14.730616335588,13.822666820427));
#6084 = ( GEOMETRIC_REPRESENTATION_CONTEXT(2) 
PARAMETRIC_REPRESENTATION_CONTEXT() REPRESENTATION_CONTEXT('2D SPACE',''
  ) );
#6085 = ORIENTED_EDGE('',*,*,#6086,.T.);
#6086 = EDGE_CURVE('',#6066,#6087,#6089,.T.);
#6087 = VERTEX_POINT('',#6088);
#6088 = CARTESIAN_POINT('',(-323.9346694913,-1.068710995799E+03,207.7));
#6089 = SURFACE_CURVE('',#6090,(#6115,#6122),.PCURVE_S1.);
#6090 = ( BOUNDED_CURVE() B_SPLINE_CURVE(3,(#6091,#6092,#6093,#6094,
    #6095,#6096,#6097,#6098,#6099,#6100,#6101,#6102,#6103,#6104,#6105,
    #6106,#6107,#6108,#6109,#6110,#6111,#6112,#6113,#6114),
.UNSPECIFIED.,.F.,.F.) B_SPLINE_CURVE_WITH_KNOTS((4,1,1,1,1,1,1,1,1,1,1,
    1,1,1,1,1,1,1,1,1,1,4),(0.,8.351345992186E-02,0.136371070752,
    0.186631466795,0.236892072307,0.287245985354,0.337546964594,
    0.387892568228,0.438269195911,0.488657983617,0.539039913424,
    0.589390615006,0.639739510443,0.690135953221,0.740567502215,
    0.791001192157,0.824625304057,0.849810563706,0.930093869668,
0.935215837381,0.950554965611,1.),.UNSPECIFIED.) CURVE() 
GEOMETRIC_REPRESENTATION_ITEM() RATIONAL_B_SPLINE_CURVE((1.,
    1.000000000051,0.999999999985,1.000000000003,0.999999999999,1.,1.,1.
    ,1.,1.,1.,1.,1.,1.,1.,1.,1.000000000001,0.999999999998,
    1.000000000008,0.999999999937,1.000000000021,0.999999999406,
1.000000004078,1.)) REPRESENTATION_ITEM('') );
#6091 = CARTESIAN_POINT('',(-183.0141881777,-1.03020364923E+03,-5.));
#6092 = CARTESIAN_POINT('',(-163.2522437978,-1.013687010924E+03,
    8.008717576553));
#6093 = CARTESIAN_POINT('',(-185.0329487628,-1.032070078693E+03,
    14.999325035651));
#6094 = CARTESIAN_POINT('',(-189.6070358541,-1.03533735313E+03,
    29.781777604759));
#6095 = CARTESIAN_POINT('',(-197.9315374427,-1.038191134638E+03,
    42.001176541587));
#6096 = CARTESIAN_POINT('',(-206.2460048397,-1.041011946808E+03,
    54.014146905159));
#6097 = CARTESIAN_POINT('',(-212.1362942319,-1.043494510953E+03,
    65.989969999267));
#6098 = CARTESIAN_POINT('',(-220.5791829326,-1.046315904763E+03,
    78.007482310661));
#6099 = CARTESIAN_POINT('',(-228.3680622998,-1.049044455715E+03,
    90.003188093923));
#6100 = CARTESIAN_POINT('',(-236.3427276423,-1.051767277674E+03,
    102.00152178571));
#6101 = CARTESIAN_POINT('',(-244.2406853946,-1.054500996836E+03,
    113.99940139363));
#6102 = CARTESIAN_POINT('',(-252.0491351868,-1.057251711148E+03,
    125.99554831415));
#6103 = CARTESIAN_POINT('',(-259.8704950326,-1.060000209344E+03,
    138.00035642969));
#6104 = CARTESIAN_POINT('',(-267.7339043374,-1.062746232247E+03,
    150.00331724818));
#6105 = CARTESIAN_POINT('',(-275.4170777981,-1.065506248999E+03,
    162.01546347963));
#6106 = CARTESIAN_POINT('',(-282.9757250169,-1.068259727159E+03,
    173.95824023226));
#6107 = CARTESIAN_POINT('',(-290.0020375005,-1.070737859656E+03,
    184.80040122606));
#6108 = CARTESIAN_POINT('',(-294.9560088279,-1.072673937974E+03,
    193.04573531588));
#6109 = CARTESIAN_POINT('',(-304.3085258176,-1.075467322743E+03,
    205.83993582621));
#6110 = CARTESIAN_POINT('',(-291.7479250727,-1.074385935163E+03,
    201.81943362341));
#6111 = CARTESIAN_POINT('',(-302.0349958108,-1.072576247377E+03,
    206.71778633278));
#6112 = CARTESIAN_POINT('',(-311.9346164955,-1.071257476917E+03,
    210.78852743977));
#6113 = CARTESIAN_POINT('',(-308.6367043007,-1.068420423896E+03,
    181.81436335833));
#6114 = CARTESIAN_POINT('',(-323.9346694913,-1.068710995799E+03,207.7));
#6115 = PCURVE('',#5986,#6116);
#6116 = DEFINITIONAL_REPRESENTATION('',(#6117),#6121);
#6117 = LINE('',#6118,#6119);
#6118 = CARTESIAN_POINT('',(44.,0.));
#6119 = VECTOR('',#6120,1.);
#6120 = DIRECTION('',(0.,1.));
#6121 = ( GEOMETRIC_REPRESENTATION_CONTEXT(2) 
PARAMETRIC_REPRESENTATION_CONTEXT() REPRESENTATION_CONTEXT('2D SPACE',''
  ) );
#6122 = PCURVE('',#6123,#6172);
#6123 = ( BOUNDED_SURFACE() B_SPLINE_SURFACE(1,3,(
    (#6124,#6125,#6126,#6127,#6128,#6129,#6130,#6131,#6132,#6133,#6134
      ,#6135,#6136,#6137,#6138,#6139,#6140,#6141,#6142,#6143,#6144,#6145
      ,#6146,#6147)
    ,(#6148,#6149,#6150,#6151,#6152,#6153,#6154,#6155,#6156,#6157,#6158
      ,#6159,#6160,#6161,#6162,#6163,#6164,#6165,#6166,#6167,#6168,#6169
      ,#6170,#6171
)),.UNSPECIFIED.,.F.,.F.,.F.) B_SPLINE_SURFACE_WITH_KNOTS((2,2),(4,1,1,1
    ,1,1,1,1,1,1,1,1,1,1,1,1,1,1,1,1,1,4),(44.,45.),(0.,
    8.351345992186E-02,0.136371070752,0.186631466795,0.236892072307,
    0.287245985354,0.337546964594,0.387892568228,0.438269195911,
    0.488657983617,0.539039913424,0.589390615006,0.639739510443,
    0.690135953221,0.740567502215,0.791001192157,0.824625304057,
    0.849810563706,0.930093869668,0.935215837381,0.950554965611,1.),
.UNSPECIFIED.) GEOMETRIC_REPRESENTATION_ITEM() RATIONAL_B_SPLINE_SURFACE
((
    (1.,1.000000000051,0.999999999985,1.000000000003,0.999999999999,1.
      ,1.,1.,1.,1.,1.,1.,1.,1.,1.,1.,1.000000000001,0.999999999998
      ,1.000000000008,0.999999999937,1.000000000021,0.999999999406
      ,1.000000004078,1.)
    ,(1.,1.000000000051,0.999999999985,1.000000000003,0.999999999999,1.
      ,1.,1.,1.,1.,1.,1.,1.,1.,1.,1.,1.000000000001,0.999999999998
      ,1.000000000008,0.999999999937,1.000000000021,0.999999999406
,1.000000004078,1.))) REPRESENTATION_ITEM('') SURFACE() );
#6124 = CARTESIAN_POINT('',(-183.0141881777,-1.03020364923E+03,-5.));
#6125 = CARTESIAN_POINT('',(-163.2522437978,-1.013687010924E+03,
    8.008717576553));
#6126 = CARTESIAN_POINT('',(-185.0329487628,-1.032070078693E+03,
    14.999325035651));
#6127 = CARTESIAN_POINT('',(-189.6070358541,-1.03533735313E+03,
    29.781777604759));
#6128 = CARTESIAN_POINT('',(-197.9315374427,-1.038191134638E+03,
    42.001176541587));
#6129 = CARTESIAN_POINT('',(-206.2460048397,-1.041011946808E+03,
    54.014146905159));
#6130 = CARTESIAN_POINT('',(-212.1362942319,-1.043494510953E+03,
    65.989969999267));
#6131 = CARTESIAN_POINT('',(-220.5791829326,-1.046315904763E+03,
    78.007482310661));
#6132 = CARTESIAN_POINT('',(-228.3680622998,-1.049044455715E+03,
    90.003188093923));
#6133 = CARTESIAN_POINT('',(-236.3427276423,-1.051767277674E+03,
    102.00152178571));
#6134 = CARTESIAN_POINT('',(-244.2406853946,-1.054500996836E+03,
    113.99940139363));
#6135 = CARTESIAN_POINT('',(-252.0491351868,-1.057251711148E+03,
    125.99554831415));
#6136 = CARTESIAN_POINT('',(-259.8704950326,-1.060000209344E+03,
    138.00035642969));
#6137 = CARTESIAN_POINT('',(-267.7339043374,-1.062746232247E+03,
    150.00331724818));
#6138 = CARTESIAN_POINT('',(-275.4170777981,-1.065506248999E+03,
    162.01546347963));
#6139 = CARTESIAN_POINT('',(-282.9757250169,-1.068259727159E+03,
    173.95824023226));
#6140 = CARTESIAN_POINT('',(-290.0020375005,-1.070737859656E+03,
    184.80040122606));
#6141 = CARTESIAN_POINT('',(-294.9560088279,-1.072673937974E+03,
    193.04573531588));
#6142 = CARTESIAN_POINT('',(-304.3085258176,-1.075467322743E+03,
    205.83993582621));
#6143 = CARTESIAN_POINT('',(-291.7479250727,-1.074385935163E+03,
    201.81943362341));
#6144 = CARTESIAN_POINT('',(-302.0349958108,-1.072576247377E+03,
    206.71778633278));
#6145 = CARTESIAN_POINT('',(-311.9346164955,-1.071257476917E+03,
    210.78852743977));
#6146 = CARTESIAN_POINT('',(-308.6367043007,-1.068420423896E+03,
    181.81436335833));
#6147 = CARTESIAN_POINT('',(-323.9346694913,-1.068710995799E+03,207.7));
#6148 = CARTESIAN_POINT('',(-175.5276776273,-1.028776663738E+03,-5.));
#6149 = CARTESIAN_POINT('',(-155.7547765984,-1.008725142192E+03,
    8.008717576553));
#6150 = CARTESIAN_POINT('',(-177.4546306512,-1.031516370695E+03,
    14.999325035651));
#6151 = CARTESIAN_POINT('',(-182.3194141026,-1.034013603263E+03,
    29.781777604759));
#6152 = CARTESIAN_POINT('',(-190.8028569771,-1.036865088022E+03,
    42.001176541587));
#6153 = CARTESIAN_POINT('',(-199.2751339398,-1.039845678951E+03,
    54.014146905159));
#6154 = CARTESIAN_POINT('',(-205.3851844231,-1.042166691762E+03,
    65.989969999267));
#6155 = CARTESIAN_POINT('',(-213.9950633443,-1.045110045623E+03,
    78.007482310661));
#6156 = CARTESIAN_POINT('',(-221.9613695604,-1.047886460417E+03,
    90.003188093923));
#6157 = CARTESIAN_POINT('',(-230.1072287347,-1.050704038785E+03,
    102.00152178571));
#6158 = CARTESIAN_POINT('',(-238.180128069,-1.053505968234E+03,
    113.99940139363));
#6159 = CARTESIAN_POINT('',(-246.1648908297,-1.056305700428E+03,
    125.99554831415));
#6160 = CARTESIAN_POINT('',(-254.1652743275,-1.059104707669E+03,
    138.00035642969));
#6161 = CARTESIAN_POINT('',(-262.206158754,-1.06191447558E+03,
    150.00331724818));
#6162 = CARTESIAN_POINT('',(-270.0715774436,-1.06468954009E+03,
    162.01546347963));
#6163 = CARTESIAN_POINT('',(-277.812271945,-1.067468101828E+03,
    173.95824023226));
#6164 = CARTESIAN_POINT('',(-284.9989713116,-1.069909391921E+03,
    184.80040122606));
#6165 = CARTESIAN_POINT('',(-290.1019717555,-1.071903915248E+03,
    193.04573531588));
#6166 = CARTESIAN_POINT('',(-299.5780101792,-1.074346148248E+03,
    205.83993582621));
#6167 = CARTESIAN_POINT('',(-287.9953943123,-1.073807527633E+03,
    201.81943362341));
#6168 = CARTESIAN_POINT('',(-299.3823613322,-1.072167196615E+03,
    206.71778633278));
#6169 = CARTESIAN_POINT('',(-310.073611097,-1.070916226557E+03,
    210.78852743977));
#6170 = CARTESIAN_POINT('',(-308.6216895183,-1.068795692075E+03,
    181.81436335833));
#6171 = CARTESIAN_POINT('',(-323.6415389649,-1.068665690951E+03,207.7));
#6172 = DEFINITIONAL_REPRESENTATION('',(#6173),#6177);
#6173 = LINE('',#6174,#6175);
#6174 = CARTESIAN_POINT('',(44.,0.));
#6175 = VECTOR('',#6176,1.);
#6176 = DIRECTION('',(0.,1.));
#6177 = ( GEOMETRIC_REPRESENTATION_CONTEXT(2) 
PARAMETRIC_REPRESENTATION_CONTEXT() REPRESENTATION_CONTEXT('2D SPACE',''
  ) );
#6178 = ORIENTED_EDGE('',*,*,#6179,.F.);
#6179 = EDGE_CURVE('',#5950,#6087,#6180,.T.);
#6180 = SURFACE_CURVE('',#6181,(#6184,#6191),.PCURVE_S1.);
#6181 = B_SPLINE_CURVE_WITH_KNOTS('',1,(#6182,#6183),.UNSPECIFIED.,.F.,
  .F.,(2,2),(43.,44.),.PIECEWISE_BEZIER_KNOTS.);
#6182 = CARTESIAN_POINT('',(-324.230923046,-1.06872766971E+03,207.7));
#6183 = CARTESIAN_POINT('',(-323.9346694913,-1.068710995799E+03,207.7));
#6184 = PCURVE('',#5986,#6185);
#6185 = DEFINITIONAL_REPRESENTATION('',(#6186),#6190);
#6186 = LINE('',#6187,#6188);
#6187 = CARTESIAN_POINT('',(0.,1.));
#6188 = VECTOR('',#6189,1.);
#6189 = DIRECTION('',(1.,0.));
#6190 = ( GEOMETRIC_REPRESENTATION_CONTEXT(2) 
PARAMETRIC_REPRESENTATION_CONTEXT() REPRESENTATION_CONTEXT('2D SPACE',''
  ) );
#6191 = PCURVE('',#206,#6192);
#6192 = DEFINITIONAL_REPRESENTATION('',(#6193),#6196);
#6193 = B_SPLINE_CURVE_WITH_KNOTS('',1,(#6194,#6195),.UNSPECIFIED.,.F.,
  .F.,(2,2),(43.,44.),.PIECEWISE_BEZIER_KNOTS.);
#6194 = CARTESIAN_POINT('',(0.818457696694,0.738359337143));
#6195 = CARTESIAN_POINT('',(0.521740994749,0.736519015711));
#6196 = ( GEOMETRIC_REPRESENTATION_CONTEXT(2) 
PARAMETRIC_REPRESENTATION_CONTEXT() REPRESENTATION_CONTEXT('2D SPACE',''
  ) );
#6197 = ORIENTED_EDGE('',*,*,#5949,.F.);
#6198 = ADVANCED_FACE('',(#6199),#6123,.T.);
#6199 = FACE_BOUND('',#6200,.T.);
#6200 = EDGE_LOOP('',(#6201,#6222,#6315,#6334));
#6201 = ORIENTED_EDGE('',*,*,#6202,.T.);
#6202 = EDGE_CURVE('',#6066,#6203,#6205,.T.);
#6203 = VERTEX_POINT('',#6204);
#6204 = CARTESIAN_POINT('',(-175.5276776273,-1.028776663738E+03,-5.));
#6205 = SURFACE_CURVE('',#6206,(#6209,#6216),.PCURVE_S1.);
#6206 = B_SPLINE_CURVE_WITH_KNOTS('',1,(#6207,#6208),.UNSPECIFIED.,.F.,
  .F.,(2,2),(44.,45.),.PIECEWISE_BEZIER_KNOTS.);
#6207 = CARTESIAN_POINT('',(-183.0141881777,-1.03020364923E+03,-5.));
#6208 = CARTESIAN_POINT('',(-175.5276776273,-1.028776663738E+03,-5.));
#6209 = PCURVE('',#6123,#6210);
#6210 = DEFINITIONAL_REPRESENTATION('',(#6211),#6215);
#6211 = LINE('',#6212,#6213);
#6212 = CARTESIAN_POINT('',(0.,0.));
#6213 = VECTOR('',#6214,1.);
#6214 = DIRECTION('',(1.,0.));
#6215 = ( GEOMETRIC_REPRESENTATION_CONTEXT(2) 
PARAMETRIC_REPRESENTATION_CONTEXT() REPRESENTATION_CONTEXT('2D SPACE',''
  ) );
#6216 = PCURVE('',#87,#6217);
#6217 = DEFINITIONAL_REPRESENTATION('',(#6218),#6221);
#6218 = B_SPLINE_CURVE_WITH_KNOTS('',1,(#6219,#6220),.UNSPECIFIED.,.F.,
  .F.,(2,2),(44.,45.),.PIECEWISE_BEZIER_KNOTS.);
#6219 = CARTESIAN_POINT('',(14.730616335588,13.822666820427));
#6220 = CARTESIAN_POINT('',(7.217931545182,12.540600107595));
#6221 = ( GEOMETRIC_REPRESENTATION_CONTEXT(2) 
PARAMETRIC_REPRESENTATION_CONTEXT() REPRESENTATION_CONTEXT('2D SPACE',''
  ) );
#6222 = ORIENTED_EDGE('',*,*,#6223,.T.);
#6223 = EDGE_CURVE('',#6203,#6224,#6226,.T.);
#6224 = VERTEX_POINT('',#6225);
#6225 = CARTESIAN_POINT('',(-323.6415389649,-1.068665690951E+03,207.7));
#6226 = SURFACE_CURVE('',#6227,(#6252,#6259),.PCURVE_S1.);
#6227 = ( BOUNDED_CURVE() B_SPLINE_CURVE(3,(#6228,#6229,#6230,#6231,
    #6232,#6233,#6234,#6235,#6236,#6237,#6238,#6239,#6240,#6241,#6242,
    #6243,#6244,#6245,#6246,#6247,#6248,#6249,#6250,#6251),
.UNSPECIFIED.,.F.,.F.) B_SPLINE_CURVE_WITH_KNOTS((4,1,1,1,1,1,1,1,1,1,1,
    1,1,1,1,1,1,1,1,1,1,4),(0.,8.351345992186E-02,0.136371070752,
    0.186631466795,0.236892072307,0.287245985354,0.337546964594,
    0.387892568228,0.438269195911,0.488657983617,0.539039913424,
    0.589390615006,0.639739510443,0.690135953221,0.740567502215,
    0.791001192157,0.824625304057,0.849810563706,0.930093869668,
0.935215837381,0.950554965611,1.),.UNSPECIFIED.) CURVE() 
GEOMETRIC_REPRESENTATION_ITEM() RATIONAL_B_SPLINE_CURVE((1.,
    1.000000000051,0.999999999985,1.000000000003,0.999999999999,1.,1.,1.
    ,1.,1.,1.,1.,1.,1.,1.,1.,1.000000000001,0.999999999998,
    1.000000000008,0.999999999937,1.000000000021,0.999999999406,
1.000000004078,1.)) REPRESENTATION_ITEM('') );
#6228 = CARTESIAN_POINT('',(-175.5276776273,-1.028776663738E+03,-5.));
#6229 = CARTESIAN_POINT('',(-155.7547765984,-1.008725142192E+03,
    8.008717576553));
#6230 = CARTESIAN_POINT('',(-177.4546306512,-1.031516370695E+03,
    14.999325035651));
#6231 = CARTESIAN_POINT('',(-182.3194141026,-1.034013603263E+03,
    29.781777604759));
#6232 = CARTESIAN_POINT('',(-190.8028569771,-1.036865088022E+03,
    42.001176541587));
#6233 = CARTESIAN_POINT('',(-199.2751339398,-1.039845678951E+03,
    54.014146905159));
#6234 = CARTESIAN_POINT('',(-205.3851844231,-1.042166691762E+03,
    65.989969999267));
#6235 = CARTESIAN_POINT('',(-213.9950633443,-1.045110045623E+03,
    78.007482310661));
#6236 = CARTESIAN_POINT('',(-221.9613695604,-1.047886460417E+03,
    90.003188093923));
#6237 = CARTESIAN_POINT('',(-230.1072287347,-1.050704038785E+03,
    102.00152178571));
#6238 = CARTESIAN_POINT('',(-238.180128069,-1.053505968234E+03,
    113.99940139363));
#6239 = CARTESIAN_POINT('',(-246.1648908297,-1.056305700428E+03,
    125.99554831415));
#6240 = CARTESIAN_POINT('',(-254.1652743275,-1.059104707669E+03,
    138.00035642969));
#6241 = CARTESIAN_POINT('',(-262.206158754,-1.06191447558E+03,
    150.00331724818));
#6242 = CARTESIAN_POINT('',(-270.0715774436,-1.06468954009E+03,
    162.01546347963));
#6243 = CARTESIAN_POINT('',(-277.812271945,-1.067468101828E+03,
    173.95824023226));
#6244 = CARTESIAN_POINT('',(-284.9989713116,-1.069909391921E+03,
    184.80040122606));
#6245 = CARTESIAN_POINT('',(-290.1019717555,-1.071903915248E+03,
    193.04573531588));
#6246 = CARTESIAN_POINT('',(-299.5780101792,-1.074346148248E+03,
    205.83993582621));
#6247 = CARTESIAN_POINT('',(-287.9953943123,-1.073807527633E+03,
    201.81943362341));
#6248 = CARTESIAN_POINT('',(-299.3823613322,-1.072167196615E+03,
    206.71778633278));
#6249 = CARTESIAN_POINT('',(-310.073611097,-1.070916226557E+03,
    210.78852743977));
#6250 = CARTESIAN_POINT('',(-308.6216895183,-1.068795692075E+03,
    181.81436335833));
#6251 = CARTESIAN_POINT('',(-323.6415389649,-1.068665690951E+03,207.7));
#6252 = PCURVE('',#6123,#6253);
#6253 = DEFINITIONAL_REPRESENTATION('',(#6254),#6258);
#6254 = LINE('',#6255,#6256);
#6255 = CARTESIAN_POINT('',(45.,0.));
#6256 = VECTOR('',#6257,1.);
#6257 = DIRECTION('',(0.,1.));
#6258 = ( GEOMETRIC_REPRESENTATION_CONTEXT(2) 
PARAMETRIC_REPRESENTATION_CONTEXT() REPRESENTATION_CONTEXT('2D SPACE',''
  ) );
#6259 = PCURVE('',#6260,#6309);
#6260 = ( BOUNDED_SURFACE() B_SPLINE_SURFACE(1,3,(
    (#6261,#6262,#6263,#6264,#6265,#6266,#6267,#6268,#6269,#6270,#6271
      ,#6272,#6273,#6274,#6275,#6276,#6277,#6278,#6279,#6280,#6281,#6282
      ,#6283,#6284)
    ,(#6285,#6286,#6287,#6288,#6289,#6290,#6291,#6292,#6293,#6294,#6295
      ,#6296,#6297,#6298,#6299,#6300,#6301,#6302,#6303,#6304,#6305,#6306
      ,#6307,#6308
)),.UNSPECIFIED.,.F.,.F.,.F.) B_SPLINE_SURFACE_WITH_KNOTS((2,2),(4,1,1,1
    ,1,1,1,1,1,1,1,1,1,1,1,1,1,1,1,1,1,4),(45.,46.),(0.,
    8.351345992186E-02,0.136371070752,0.186631466795,0.236892072307,
    0.287245985354,0.337546964594,0.387892568228,0.438269195911,
    0.488657983617,0.539039913424,0.589390615006,0.639739510443,
    0.690135953221,0.740567502215,0.791001192157,0.824625304057,
    0.849810563706,0.930093869668,0.935215837381,0.950554965611,1.),
.UNSPECIFIED.) GEOMETRIC_REPRESENTATION_ITEM() RATIONAL_B_SPLINE_SURFACE
((
    (1.,1.000000000051,0.999999999985,1.000000000003,0.999999999999,1.
      ,1.,1.,1.,1.,1.,1.,1.,1.,1.,1.,1.000000000001,0.999999999998
      ,1.000000000008,0.999999999937,1.000000000021,0.999999999406
      ,1.000000004078,1.)
    ,(1.,1.000000000051,0.999999999985,1.000000000003,0.999999999999,1.
      ,1.,1.,1.,1.,1.,1.,1.,1.,1.,1.,1.000000000001,0.999999999998
      ,1.000000000008,0.999999999937,1.000000000021,0.999999999406
,1.000000004078,1.))) REPRESENTATION_ITEM('') SURFACE() );
#6261 = CARTESIAN_POINT('',(-175.5276776273,-1.028776663738E+03,-5.));
#6262 = CARTESIAN_POINT('',(-155.7547765984,-1.008725142192E+03,
    8.008717576553));
#6263 = CARTESIAN_POINT('',(-177.4546306512,-1.031516370695E+03,
    14.999325035651));
#6264 = CARTESIAN_POINT('',(-182.3194141026,-1.034013603263E+03,
    29.781777604759));
#6265 = CARTESIAN_POINT('',(-190.8028569771,-1.036865088022E+03,
    42.001176541587));
#6266 = CARTESIAN_POINT('',(-199.2751339398,-1.039845678951E+03,
    54.014146905159));
#6267 = CARTESIAN_POINT('',(-205.3851844231,-1.042166691762E+03,
    65.989969999267));
#6268 = CARTESIAN_POINT('',(-213.9950633443,-1.045110045623E+03,
    78.007482310661));
#6269 = CARTESIAN_POINT('',(-221.9613695604,-1.047886460417E+03,
    90.003188093923));
#6270 = CARTESIAN_POINT('',(-230.1072287347,-1.050704038785E+03,
    102.00152178571));
#6271 = CARTESIAN_POINT('',(-238.180128069,-1.053505968234E+03,
    113.99940139363));
#6272 = CARTESIAN_POINT('',(-246.1648908297,-1.056305700428E+03,
    125.99554831415));
#6273 = CARTESIAN_POINT('',(-254.1652743275,-1.059104707669E+03,
    138.00035642969));
#6274 = CARTESIAN_POINT('',(-262.206158754,-1.06191447558E+03,
    150.00331724818));
#6275 = CARTESIAN_POINT('',(-270.0715774436,-1.06468954009E+03,
    162.01546347963));
#6276 = CARTESIAN_POINT('',(-277.812271945,-1.067468101828E+03,
    173.95824023226));
#6277 = CARTESIAN_POINT('',(-284.9989713116,-1.069909391921E+03,
    184.80040122606));
#6278 = CARTESIAN_POINT('',(-290.1019717555,-1.071903915248E+03,
    193.04573531588));
#6279 = CARTESIAN_POINT('',(-299.5780101792,-1.074346148248E+03,
    205.83993582621));
#6280 = CARTESIAN_POINT('',(-287.9953943123,-1.073807527633E+03,
    201.81943362341));
#6281 = CARTESIAN_POINT('',(-299.3823613322,-1.072167196615E+03,
    206.71778633278));
#6282 = CARTESIAN_POINT('',(-310.073611097,-1.070916226557E+03,
    210.78852743977));
#6283 = CARTESIAN_POINT('',(-308.6216895183,-1.068795692075E+03,
    181.81436335833));
#6284 = CARTESIAN_POINT('',(-323.6415389649,-1.068665690951E+03,207.7));
#6285 = CARTESIAN_POINT('',(-168.2675460001,-1.026685495379E+03,-5.));
#6286 = CARTESIAN_POINT('',(-148.2230939086,-1.006370175934E+03,
    8.008717576553));
#6287 = CARTESIAN_POINT('',(-170.1287183279,-1.029653206998E+03,
    14.999325035651));
#6288 = CARTESIAN_POINT('',(-175.3463567499,-1.031588033771E+03,
    29.781777604759));
#6289 = CARTESIAN_POINT('',(-183.9153295389,-1.034647760156E+03,
    42.001176541587));
#6290 = CARTESIAN_POINT('',(-192.5581630855,-1.037694633318E+03,
    54.014146905159));
#6291 = CARTESIAN_POINT('',(-199.0292142129,-1.039595681917E+03,
    65.989969999267));
#6292 = CARTESIAN_POINT('',(-207.7589501097,-1.04273969917E+03,
    78.007482310661));
#6293 = CARTESIAN_POINT('',(-215.9216000441,-1.045525536484E+03,
    90.003188093923));
#6294 = CARTESIAN_POINT('',(-224.2424399652,-1.048405880958E+03,
    102.00152178571));
#6295 = CARTESIAN_POINT('',(-232.4920263479,-1.051264949553E+03,
    113.99940139363));
#6296 = CARTESIAN_POINT('',(-240.6331085135,-1.054151858926E+03,
    125.99554831415));
#6297 = CARTESIAN_POINT('',(-248.8206928822,-1.056991857327E+03,
    138.00035642969));
#6298 = CARTESIAN_POINT('',(-257.0669014361,-1.059820213034E+03,
    150.00331724818));
#6299 = CARTESIAN_POINT('',(-265.1568321112,-1.062552645594E+03,
    162.01546347963));
#6300 = CARTESIAN_POINT('',(-273.1425992568,-1.065246537914E+03,
    173.95824023226));
#6301 = CARTESIAN_POINT('',(-280.4957069411,-1.067705166516E+03,
    184.80040122606));
#6302 = CARTESIAN_POINT('',(-285.8518028778,-1.069542013866E+03,
    193.04573531588));
#6303 = CARTESIAN_POINT('',(-295.1632330278,-1.072513094873E+03,
    205.83993582621));
#6304 = CARTESIAN_POINT('',(-284.9050306984,-1.071770164572E+03,
    201.81943362341));
#6305 = CARTESIAN_POINT('',(-297.1971103895,-1.070727633372E+03,
    206.71778633278));
#6306 = CARTESIAN_POINT('',(-308.4730232526,-1.070005251708E+03,
    210.78852743977));
#6307 = CARTESIAN_POINT('',(-309.0798946199,-1.068098248865E+03,
    181.81436335833));
#6308 = CARTESIAN_POINT('',(-323.3999375177,-1.068506793103E+03,207.7));
#6309 = DEFINITIONAL_REPRESENTATION('',(#6310),#6314);
#6310 = LINE('',#6311,#6312);
#6311 = CARTESIAN_POINT('',(45.,0.));
#6312 = VECTOR('',#6313,1.);
#6313 = DIRECTION('',(0.,1.));
#6314 = ( GEOMETRIC_REPRESENTATION_CONTEXT(2) 
PARAMETRIC_REPRESENTATION_CONTEXT() REPRESENTATION_CONTEXT('2D SPACE',''
  ) );
#6315 = ORIENTED_EDGE('',*,*,#6316,.F.);
#6316 = EDGE_CURVE('',#6087,#6224,#6317,.T.);
#6317 = SURFACE_CURVE('',#6318,(#6321,#6328),.PCURVE_S1.);
#6318 = B_SPLINE_CURVE_WITH_KNOTS('',1,(#6319,#6320),.UNSPECIFIED.,.F.,
  .F.,(2,2),(44.,45.),.PIECEWISE_BEZIER_KNOTS.);
#6319 = CARTESIAN_POINT('',(-323.9346694913,-1.068710995799E+03,207.7));
#6320 = CARTESIAN_POINT('',(-323.6415389649,-1.068665690951E+03,207.7));
#6321 = PCURVE('',#6123,#6322);
#6322 = DEFINITIONAL_REPRESENTATION('',(#6323),#6327);
#6323 = LINE('',#6324,#6325);
#6324 = CARTESIAN_POINT('',(0.,1.));
#6325 = VECTOR('',#6326,1.);
#6326 = DIRECTION('',(1.,0.));
#6327 = ( GEOMETRIC_REPRESENTATION_CONTEXT(2) 
PARAMETRIC_REPRESENTATION_CONTEXT() REPRESENTATION_CONTEXT('2D SPACE',''
  ) );
#6328 = PCURVE('',#206,#6329);
#6329 = DEFINITIONAL_REPRESENTATION('',(#6330),#6333);
#6330 = B_SPLINE_CURVE_WITH_KNOTS('',1,(#6331,#6332),.UNSPECIFIED.,.F.,
  .F.,(2,2),(44.,45.),.PIECEWISE_BEZIER_KNOTS.);
#6331 = CARTESIAN_POINT('',(0.521740994749,0.736519015711));
#6332 = CARTESIAN_POINT('',(0.22671186266,0.705927415676));
#6333 = ( GEOMETRIC_REPRESENTATION_CONTEXT(2) 
PARAMETRIC_REPRESENTATION_CONTEXT() REPRESENTATION_CONTEXT('2D SPACE',''
  ) );
#6334 = ORIENTED_EDGE('',*,*,#6086,.F.);
#6335 = ADVANCED_FACE('',(#6336),#6260,.T.);
#6336 = FACE_BOUND('',#6337,.T.);
#6337 = EDGE_LOOP('',(#6338,#6359,#6452,#6471));
#6338 = ORIENTED_EDGE('',*,*,#6339,.T.);
#6339 = EDGE_CURVE('',#6203,#6340,#6342,.T.);
#6340 = VERTEX_POINT('',#6341);
#6341 = CARTESIAN_POINT('',(-168.2675460001,-1.026685495379E+03,-5.));
#6342 = SURFACE_CURVE('',#6343,(#6346,#6353),.PCURVE_S1.);
#6343 = B_SPLINE_CURVE_WITH_KNOTS('',1,(#6344,#6345),.UNSPECIFIED.,.F.,
  .F.,(2,2),(45.,46.),.PIECEWISE_BEZIER_KNOTS.);
#6344 = CARTESIAN_POINT('',(-175.5276776273,-1.028776663738E+03,-5.));
#6345 = CARTESIAN_POINT('',(-168.2675460001,-1.026685495379E+03,-5.));
#6346 = PCURVE('',#6260,#6347);
#6347 = DEFINITIONAL_REPRESENTATION('',(#6348),#6352);
#6348 = LINE('',#6349,#6350);
#6349 = CARTESIAN_POINT('',(0.,0.));
#6350 = VECTOR('',#6351,1.);
#6351 = DIRECTION('',(1.,0.));
#6352 = ( GEOMETRIC_REPRESENTATION_CONTEXT(2) 
PARAMETRIC_REPRESENTATION_CONTEXT() REPRESENTATION_CONTEXT('2D SPACE',''
  ) );
#6353 = PCURVE('',#87,#6354);
#6354 = DEFINITIONAL_REPRESENTATION('',(#6355),#6358);
#6355 = B_SPLINE_CURVE_WITH_KNOTS('',1,(#6356,#6357),.UNSPECIFIED.,.F.,
  .F.,(2,2),(45.,46.),.PIECEWISE_BEZIER_KNOTS.);
#6356 = CARTESIAN_POINT('',(7.217931545182,12.540600107595));
#6357 = CARTESIAN_POINT('',(-8.124974929214E-02,10.590100484274));
#6358 = ( GEOMETRIC_REPRESENTATION_CONTEXT(2) 
PARAMETRIC_REPRESENTATION_CONTEXT() REPRESENTATION_CONTEXT('2D SPACE',''
  ) );
#6359 = ORIENTED_EDGE('',*,*,#6360,.T.);
#6360 = EDGE_CURVE('',#6340,#6361,#6363,.T.);
#6361 = VERTEX_POINT('',#6362);
#6362 = CARTESIAN_POINT('',(-323.3999375177,-1.068506793103E+03,207.7));
#6363 = SURFACE_CURVE('',#6364,(#6389,#6396),.PCURVE_S1.);
#6364 = ( BOUNDED_CURVE() B_SPLINE_CURVE(3,(#6365,#6366,#6367,#6368,
    #6369,#6370,#6371,#6372,#6373,#6374,#6375,#6376,#6377,#6378,#6379,
    #6380,#6381,#6382,#6383,#6384,#6385,#6386,#6387,#6388),
.UNSPECIFIED.,.F.,.F.) B_SPLINE_CURVE_WITH_KNOTS((4,1,1,1,1,1,1,1,1,1,1,
    1,1,1,1,1,1,1,1,1,1,4),(0.,8.351345992186E-02,0.136371070752,
    0.186631466795,0.236892072307,0.287245985354,0.337546964594,
    0.387892568228,0.438269195911,0.488657983617,0.539039913424,
    0.589390615006,0.639739510443,0.690135953221,0.740567502215,
    0.791001192157,0.824625304057,0.849810563706,0.930093869668,
0.935215837381,0.950554965611,1.),.UNSPECIFIED.) CURVE() 
GEOMETRIC_REPRESENTATION_ITEM() RATIONAL_B_SPLINE_CURVE((1.,
    1.000000000051,0.999999999985,1.000000000003,0.999999999999,1.,1.,1.
    ,1.,1.,1.,1.,1.,1.,1.,1.,1.000000000001,0.999999999998,
    1.000000000008,0.999999999937,1.000000000021,0.999999999406,
1.000000004078,1.)) REPRESENTATION_ITEM('') );
#6365 = CARTESIAN_POINT('',(-168.2675460001,-1.026685495379E+03,-5.));
#6366 = CARTESIAN_POINT('',(-148.2230939086,-1.006370175934E+03,
    8.008717576553));
#6367 = CARTESIAN_POINT('',(-170.1287183279,-1.029653206998E+03,
    14.999325035651));
#6368 = CARTESIAN_POINT('',(-175.3463567499,-1.031588033771E+03,
    29.781777604759));
#6369 = CARTESIAN_POINT('',(-183.9153295389,-1.034647760156E+03,
    42.001176541587));
#6370 = CARTESIAN_POINT('',(-192.5581630855,-1.037694633318E+03,
    54.014146905159));
#6371 = CARTESIAN_POINT('',(-199.0292142129,-1.039595681917E+03,
    65.989969999267));
#6372 = CARTESIAN_POINT('',(-207.7589501097,-1.04273969917E+03,
    78.007482310661));
#6373 = CARTESIAN_POINT('',(-215.9216000441,-1.045525536484E+03,
    90.003188093923));
#6374 = CARTESIAN_POINT('',(-224.2424399652,-1.048405880958E+03,
    102.00152178571));
#6375 = CARTESIAN_POINT('',(-232.4920263479,-1.051264949553E+03,
    113.99940139363));
#6376 = CARTESIAN_POINT('',(-240.6331085135,-1.054151858926E+03,
    125.99554831415));
#6377 = CARTESIAN_POINT('',(-248.8206928822,-1.056991857327E+03,
    138.00035642969));
#6378 = CARTESIAN_POINT('',(-257.0669014361,-1.059820213034E+03,
    150.00331724818));
#6379 = CARTESIAN_POINT('',(-265.1568321112,-1.062552645594E+03,
    162.01546347963));
#6380 = CARTESIAN_POINT('',(-273.1425992568,-1.065246537914E+03,
    173.95824023226));
#6381 = CARTESIAN_POINT('',(-280.4957069411,-1.067705166516E+03,
    184.80040122606));
#6382 = CARTESIAN_POINT('',(-285.8518028778,-1.069542013866E+03,
    193.04573531588));
#6383 = CARTESIAN_POINT('',(-295.1632330278,-1.072513094873E+03,
    205.83993582621));
#6384 = CARTESIAN_POINT('',(-284.9050306984,-1.071770164572E+03,
    201.81943362341));
#6385 = CARTESIAN_POINT('',(-297.1971103895,-1.070727633372E+03,
    206.71778633278));
#6386 = CARTESIAN_POINT('',(-308.4730232526,-1.070005251708E+03,
    210.78852743977));
#6387 = CARTESIAN_POINT('',(-309.0798946199,-1.068098248865E+03,
    181.81436335833));
#6388 = CARTESIAN_POINT('',(-323.3999375177,-1.068506793103E+03,207.7));
#6389 = PCURVE('',#6260,#6390);
#6390 = DEFINITIONAL_REPRESENTATION('',(#6391),#6395);
#6391 = LINE('',#6392,#6393);
#6392 = CARTESIAN_POINT('',(46.,0.));
#6393 = VECTOR('',#6394,1.);
#6394 = DIRECTION('',(0.,1.));
#6395 = ( GEOMETRIC_REPRESENTATION_CONTEXT(2) 
PARAMETRIC_REPRESENTATION_CONTEXT() REPRESENTATION_CONTEXT('2D SPACE',''
  ) );
#6396 = PCURVE('',#6397,#6446);
#6397 = ( BOUNDED_SURFACE() B_SPLINE_SURFACE(1,3,(
    (#6398,#6399,#6400,#6401,#6402,#6403,#6404,#6405,#6406,#6407,#6408
      ,#6409,#6410,#6411,#6412,#6413,#6414,#6415,#6416,#6417,#6418,#6419
      ,#6420,#6421)
    ,(#6422,#6423,#6424,#6425,#6426,#6427,#6428,#6429,#6430,#6431,#6432
      ,#6433,#6434,#6435,#6436,#6437,#6438,#6439,#6440,#6441,#6442,#6443
      ,#6444,#6445
)),.UNSPECIFIED.,.F.,.F.,.F.) B_SPLINE_SURFACE_WITH_KNOTS((2,2),(4,1,1,1
    ,1,1,1,1,1,1,1,1,1,1,1,1,1,1,1,1,1,4),(46.,47.),(0.,
    8.351345992186E-02,0.136371070752,0.186631466795,0.236892072307,
    0.287245985354,0.337546964594,0.387892568228,0.438269195911,
    0.488657983617,0.539039913424,0.589390615006,0.639739510443,
    0.690135953221,0.740567502215,0.791001192157,0.824625304057,
    0.849810563706,0.930093869668,0.935215837381,0.950554965611,1.),
.UNSPECIFIED.) GEOMETRIC_REPRESENTATION_ITEM() RATIONAL_B_SPLINE_SURFACE
((
    (1.,1.000000000051,0.999999999985,1.000000000003,0.999999999999,1.
      ,1.,1.,1.,1.,1.,1.,1.,1.,1.,1.,1.000000000001,0.999999999998
      ,1.000000000008,0.999999999937,1.000000000021,0.999999999406
      ,1.000000004078,1.)
    ,(1.,1.000000000051,0.999999999985,1.000000000003,0.999999999999,1.
      ,1.,1.,1.,1.,1.,1.,1.,1.,1.,1.,1.000000000001,0.999999999998
      ,1.000000000008,0.999999999937,1.000000000021,0.999999999406
,1.000000004078,1.))) REPRESENTATION_ITEM('') SURFACE() );
#6398 = CARTESIAN_POINT('',(-168.2675460001,-1.026685495379E+03,-5.));
#6399 = CARTESIAN_POINT('',(-148.2230939086,-1.006370175934E+03,
    8.008717576553));
#6400 = CARTESIAN_POINT('',(-170.1287183279,-1.029653206998E+03,
    14.999325035651));
#6401 = CARTESIAN_POINT('',(-175.3463567499,-1.031588033771E+03,
    29.781777604759));
#6402 = CARTESIAN_POINT('',(-183.9153295389,-1.034647760156E+03,
    42.001176541587));
#6403 = CARTESIAN_POINT('',(-192.5581630855,-1.037694633318E+03,
    54.014146905159));
#6404 = CARTESIAN_POINT('',(-199.0292142129,-1.039595681917E+03,
    65.989969999267));
#6405 = CARTESIAN_POINT('',(-207.7589501097,-1.04273969917E+03,
    78.007482310661));
#6406 = CARTESIAN_POINT('',(-215.9216000441,-1.045525536484E+03,
    90.003188093923));
#6407 = CARTESIAN_POINT('',(-224.2424399652,-1.048405880958E+03,
    102.00152178571));
#6408 = CARTESIAN_POINT('',(-232.4920263479,-1.051264949553E+03,
    113.99940139363));
#6409 = CARTESIAN_POINT('',(-240.6331085135,-1.054151858926E+03,
    125.99554831415));
#6410 = CARTESIAN_POINT('',(-248.8206928822,-1.056991857327E+03,
    138.00035642969));
#6411 = CARTESIAN_POINT('',(-257.0669014361,-1.059820213034E+03,
    150.00331724818));
#6412 = CARTESIAN_POINT('',(-265.1568321112,-1.062552645594E+03,
    162.01546347963));
#6413 = CARTESIAN_POINT('',(-273.1425992568,-1.065246537914E+03,
    173.95824023226));
#6414 = CARTESIAN_POINT('',(-280.4957069411,-1.067705166516E+03,
    184.80040122606));
#6415 = CARTESIAN_POINT('',(-285.8518028778,-1.069542013866E+03,
    193.04573531588));
#6416 = CARTESIAN_POINT('',(-295.1632330278,-1.072513094873E+03,
    205.83993582621));
#6417 = CARTESIAN_POINT('',(-284.9050306984,-1.071770164572E+03,
    201.81943362341));
#6418 = CARTESIAN_POINT('',(-297.1971103895,-1.070727633372E+03,
    206.71778633278));
#6419 = CARTESIAN_POINT('',(-308.4730232526,-1.070005251708E+03,
    210.78852743977));
#6420 = CARTESIAN_POINT('',(-309.0798946199,-1.068098248865E+03,
    181.81436335833));
#6421 = CARTESIAN_POINT('',(-323.3999375177,-1.068506793103E+03,207.7));
#6422 = CARTESIAN_POINT('',(-163.4883556247,-1.021513142355E+03,-5.));
#6423 = CARTESIAN_POINT('',(-149.3053527657,-1.000886550223E+03,
    8.008717576553));
#6424 = CARTESIAN_POINT('',(-163.3366220416,-1.024946729979E+03,
    14.999325035651));
#6425 = CARTESIAN_POINT('',(-171.5827206504,-1.025607553855E+03,
    29.781777604759));
#6426 = CARTESIAN_POINT('',(-179.5808969504,-1.029364358914E+03,
    42.001176541587));
#6427 = CARTESIAN_POINT('',(-187.8537875477,-1.032816289785E+03,
    54.014146905159));
#6428 = CARTESIAN_POINT('',(-196.0439134338,-1.033879336027E+03,
    65.989969999267));
#6429 = CARTESIAN_POINT('',(-204.4148324247,-1.037404263861E+03,
    78.007482310661));
#6430 = CARTESIAN_POINT('',(-212.7296143438,-1.0402928204E+03,
    90.003188093923));
#6431 = CARTESIAN_POINT('',(-221.061462652,-1.04335652695E+03,
    102.00152178571));
#6432 = CARTESIAN_POINT('',(-229.3730487237,-1.046353438873E+03,
    113.99940139363));
#6433 = CARTESIAN_POINT('',(-237.6331945029,-1.049309583775E+03,
    125.99554831415));
#6434 = CARTESIAN_POINT('',(-245.9191833228,-1.052263953078E+03,
    138.00035642969));
#6435 = CARTESIAN_POINT('',(-254.1746482597,-1.055273853195E+03,
    150.00331724818));
#6436 = CARTESIAN_POINT('',(-262.533673583,-1.058065787766E+03,
    162.01546347963));
#6437 = CARTESIAN_POINT('',(-270.8137334973,-1.060813268989E+03,
    173.95824023226));
#6438 = CARTESIAN_POINT('',(-278.4801274368,-1.063277570065E+03,
    184.80040122606));
#6439 = CARTESIAN_POINT('',(-283.9321259025,-1.065248427915E+03,
    193.04573531588));
#6440 = CARTESIAN_POINT('',(-294.0493951768,-1.067875113947E+03,
    205.83993582621));
#6441 = CARTESIAN_POINT('',(-284.1805898021,-1.06806967595E+03,
    201.81943362341));
#6442 = CARTESIAN_POINT('',(-296.6822619441,-1.068113170932E+03,
    206.71778633278));
#6443 = CARTESIAN_POINT('',(-308.1092575961,-1.068161734405E+03,
    210.78852743977));
#6444 = CARTESIAN_POINT('',(-309.1010545572,-1.068144876056E+03,
    181.81436335833));
#6445 = CARTESIAN_POINT('',(-323.3430860232,-1.068217839016E+03,207.7));
#6446 = DEFINITIONAL_REPRESENTATION('',(#6447),#6451);
#6447 = LINE('',#6448,#6449);
#6448 = CARTESIAN_POINT('',(46.,0.));
#6449 = VECTOR('',#6450,1.);
#6450 = DIRECTION('',(0.,1.));
#6451 = ( GEOMETRIC_REPRESENTATION_CONTEXT(2) 
PARAMETRIC_REPRESENTATION_CONTEXT() REPRESENTATION_CONTEXT('2D SPACE',''
  ) );
#6452 = ORIENTED_EDGE('',*,*,#6453,.F.);
#6453 = EDGE_CURVE('',#6224,#6361,#6454,.T.);
#6454 = SURFACE_CURVE('',#6455,(#6458,#6465),.PCURVE_S1.);
#6455 = B_SPLINE_CURVE_WITH_KNOTS('',1,(#6456,#6457),.UNSPECIFIED.,.F.,
  .F.,(2,2),(45.,46.),.PIECEWISE_BEZIER_KNOTS.);
#6456 = CARTESIAN_POINT('',(-323.6415389649,-1.068665690951E+03,207.7));
#6457 = CARTESIAN_POINT('',(-323.3999375177,-1.068506793103E+03,207.7));
#6458 = PCURVE('',#6260,#6459);
#6459 = DEFINITIONAL_REPRESENTATION('',(#6460),#6464);
#6460 = LINE('',#6461,#6462);
#6461 = CARTESIAN_POINT('',(0.,1.));
#6462 = VECTOR('',#6463,1.);
#6463 = DIRECTION('',(1.,0.));
#6464 = ( GEOMETRIC_REPRESENTATION_CONTEXT(2) 
PARAMETRIC_REPRESENTATION_CONTEXT() REPRESENTATION_CONTEXT('2D SPACE',''
  ) );
#6465 = PCURVE('',#206,#6466);
#6466 = DEFINITIONAL_REPRESENTATION('',(#6467),#6470);
#6467 = B_SPLINE_CURVE_WITH_KNOTS('',1,(#6468,#6469),.UNSPECIFIED.,.F.,
  .F.,(2,2),(45.,46.),.PIECEWISE_BEZIER_KNOTS.);
#6468 = CARTESIAN_POINT('',(0.22671186266,0.705927415676));
#6469 = CARTESIAN_POINT('',(-2.253231372106E-02,0.559308433535));
#6470 = ( GEOMETRIC_REPRESENTATION_CONTEXT(2) 
PARAMETRIC_REPRESENTATION_CONTEXT() REPRESENTATION_CONTEXT('2D SPACE',''
  ) );
#6471 = ORIENTED_EDGE('',*,*,#6223,.F.);
#6472 = ADVANCED_FACE('',(#6473),#6397,.T.);
#6473 = FACE_BOUND('',#6474,.T.);
#6474 = EDGE_LOOP('',(#6475,#6496,#6540,#6559));
#6475 = ORIENTED_EDGE('',*,*,#6476,.T.);
#6476 = EDGE_CURVE('',#6340,#6477,#6479,.T.);
#6477 = VERTEX_POINT('',#6478);
#6478 = CARTESIAN_POINT('',(-163.4883556247,-1.021513142355E+03,-5.));
#6479 = SURFACE_CURVE('',#6480,(#6483,#6490),.PCURVE_S1.);
#6480 = B_SPLINE_CURVE_WITH_KNOTS('',1,(#6481,#6482),.UNSPECIFIED.,.F.,
  .F.,(2,2),(46.,47.),.PIECEWISE_BEZIER_KNOTS.);
#6481 = CARTESIAN_POINT('',(-168.2675460001,-1.026685495379E+03,-5.));
#6482 = CARTESIAN_POINT('',(-163.4883556247,-1.021513142355E+03,-5.));
#6483 = PCURVE('',#6397,#6484);
#6484 = DEFINITIONAL_REPRESENTATION('',(#6485),#6489);
#6485 = LINE('',#6486,#6487);
#6486 = CARTESIAN_POINT('',(0.,0.));
#6487 = VECTOR('',#6488,1.);
#6488 = DIRECTION('',(1.,0.));
#6489 = ( GEOMETRIC_REPRESENTATION_CONTEXT(2) 
PARAMETRIC_REPRESENTATION_CONTEXT() REPRESENTATION_CONTEXT('2D SPACE',''
  ) );
#6490 = PCURVE('',#87,#6491);
#6491 = DEFINITIONAL_REPRESENTATION('',(#6492),#6495);
#6492 = B_SPLINE_CURVE_WITH_KNOTS('',1,(#6493,#6494),.UNSPECIFIED.,.F.,
  .F.,(2,2),(46.,47.),.PIECEWISE_BEZIER_KNOTS.);
#6493 = CARTESIAN_POINT('',(-8.124974929214E-02,10.590100484274));
#6494 = CARTESIAN_POINT('',(-4.959486778576,5.511055305598));
#6495 = ( GEOMETRIC_REPRESENTATION_CONTEXT(2) 
PARAMETRIC_REPRESENTATION_CONTEXT() REPRESENTATION_CONTEXT('2D SPACE',''
  ) );
#6496 = ORIENTED_EDGE('',*,*,#6497,.T.);
#6497 = EDGE_CURVE('',#6477,#6498,#6500,.T.);
#6498 = VERTEX_POINT('',#6499);
#6499 = CARTESIAN_POINT('',(-323.3430860232,-1.068217839016E+03,207.7));
#6500 = SURFACE_CURVE('',#6501,(#6526,#6533),.PCURVE_S1.);
#6501 = ( BOUNDED_CURVE() B_SPLINE_CURVE(3,(#6502,#6503,#6504,#6505,
    #6506,#6507,#6508,#6509,#6510,#6511,#6512,#6513,#6514,#6515,#6516,
    #6517,#6518,#6519,#6520,#6521,#6522,#6523,#6524,#6525),
.UNSPECIFIED.,.F.,.F.) B_SPLINE_CURVE_WITH_KNOTS((4,1,1,1,1,1,1,1,1,1,1,
    1,1,1,1,1,1,1,1,1,1,4),(0.,8.351345992186E-02,0.136371070752,
    0.186631466795,0.236892072307,0.287245985354,0.337546964594,
    0.387892568228,0.438269195911,0.488657983617,0.539039913424,
    0.589390615006,0.639739510443,0.690135953221,0.740567502215,
    0.791001192157,0.824625304057,0.849810563706,0.930093869668,
0.935215837381,0.950554965611,1.),.UNSPECIFIED.) CURVE() 
GEOMETRIC_REPRESENTATION_ITEM() RATIONAL_B_SPLINE_CURVE((1.,
    1.000000000051,0.999999999985,1.000000000003,0.999999999999,1.,1.,1.
    ,1.,1.,1.,1.,1.,1.,1.,1.,1.000000000001,0.999999999998,
    1.000000000008,0.999999999937,1.000000000021,0.999999999406,
1.000000004078,1.)) REPRESENTATION_ITEM('') );
#6502 = CARTESIAN_POINT('',(-163.4883556247,-1.021513142355E+03,-5.));
#6503 = CARTESIAN_POINT('',(-149.3053527657,-1.000886550223E+03,
    8.008717576553));
#6504 = CARTESIAN_POINT('',(-163.3366220416,-1.024946729979E+03,
    14.999325035651));
#6505 = CARTESIAN_POINT('',(-171.5827206504,-1.025607553855E+03,
    29.781777604759));
#6506 = CARTESIAN_POINT('',(-179.5808969504,-1.029364358914E+03,
    42.001176541587));
#6507 = CARTESIAN_POINT('',(-187.8537875477,-1.032816289785E+03,
    54.014146905159));
#6508 = CARTESIAN_POINT('',(-196.0439134338,-1.033879336027E+03,
    65.989969999267));
#6509 = CARTESIAN_POINT('',(-204.4148324247,-1.037404263861E+03,
    78.007482310661));
#6510 = CARTESIAN_POINT('',(-212.7296143438,-1.0402928204E+03,
    90.003188093923));
#6511 = CARTESIAN_POINT('',(-221.061462652,-1.04335652695E+03,
    102.00152178571));
#6512 = CARTESIAN_POINT('',(-229.3730487237,-1.046353438873E+03,
    113.99940139363));
#6513 = CARTESIAN_POINT('',(-237.6331945029,-1.049309583775E+03,
    125.99554831415));
#6514 = CARTESIAN_POINT('',(-245.9191833228,-1.052263953078E+03,
    138.00035642969));
#6515 = CARTESIAN_POINT('',(-254.1746482597,-1.055273853195E+03,
    150.00331724818));
#6516 = CARTESIAN_POINT('',(-262.533673583,-1.058065787766E+03,
    162.01546347963));
#6517 = CARTESIAN_POINT('',(-270.8137334973,-1.060813268989E+03,
    173.95824023226));
#6518 = CARTESIAN_POINT('',(-278.4801274368,-1.063277570065E+03,
    184.80040122606));
#6519 = CARTESIAN_POINT('',(-283.9321259025,-1.065248427915E+03,
    193.04573531588));
#6520 = CARTESIAN_POINT('',(-294.0493951768,-1.067875113947E+03,
    205.83993582621));
#6521 = CARTESIAN_POINT('',(-284.1805898021,-1.06806967595E+03,
    201.81943362341));
#6522 = CARTESIAN_POINT('',(-296.6822619441,-1.068113170932E+03,
    206.71778633278));
#6523 = CARTESIAN_POINT('',(-308.1092575961,-1.068161734405E+03,
    210.78852743977));
#6524 = CARTESIAN_POINT('',(-309.1010545572,-1.068144876056E+03,
    181.81436335833));
#6525 = CARTESIAN_POINT('',(-323.3430860232,-1.068217839016E+03,207.7));
#6526 = PCURVE('',#6397,#6527);
#6527 = DEFINITIONAL_REPRESENTATION('',(#6528),#6532);
#6528 = LINE('',#6529,#6530);
#6529 = CARTESIAN_POINT('',(47.,0.));
#6530 = VECTOR('',#6531,1.);
#6531 = DIRECTION('',(0.,1.));
#6532 = ( GEOMETRIC_REPRESENTATION_CONTEXT(2) 
PARAMETRIC_REPRESENTATION_CONTEXT() REPRESENTATION_CONTEXT('2D SPACE',''
  ) );
#6533 = PCURVE('',#252,#6534);
#6534 = DEFINITIONAL_REPRESENTATION('',(#6535),#6539);
#6535 = LINE('',#6536,#6537);
#6536 = CARTESIAN_POINT('',(47.,0.));
#6537 = VECTOR('',#6538,1.);
#6538 = DIRECTION('',(0.,1.));
#6539 = ( GEOMETRIC_REPRESENTATION_CONTEXT(2) 
PARAMETRIC_REPRESENTATION_CONTEXT() REPRESENTATION_CONTEXT('2D SPACE',''
  ) );
#6540 = ORIENTED_EDGE('',*,*,#6541,.F.);
#6541 = EDGE_CURVE('',#6361,#6498,#6542,.T.);
#6542 = SURFACE_CURVE('',#6543,(#6546,#6553),.PCURVE_S1.);
#6543 = B_SPLINE_CURVE_WITH_KNOTS('',1,(#6544,#6545),.UNSPECIFIED.,.F.,
  .F.,(2,2),(46.,47.),.PIECEWISE_BEZIER_KNOTS.);
#6544 = CARTESIAN_POINT('',(-323.3999375177,-1.068506793103E+03,207.7));
#6545 = CARTESIAN_POINT('',(-323.3430860232,-1.068217839016E+03,207.7));
#6546 = PCURVE('',#6397,#6547);
#6547 = DEFINITIONAL_REPRESENTATION('',(#6548),#6552);
#6548 = LINE('',#6549,#6550);
#6549 = CARTESIAN_POINT('',(0.,1.));
#6550 = VECTOR('',#6551,1.);
#6551 = DIRECTION('',(1.,0.));
#6552 = ( GEOMETRIC_REPRESENTATION_CONTEXT(2) 
PARAMETRIC_REPRESENTATION_CONTEXT() REPRESENTATION_CONTEXT('2D SPACE',''
  ) );
#6553 = PCURVE('',#206,#6554);
#6554 = DEFINITIONAL_REPRESENTATION('',(#6555),#6558);
#6555 = B_SPLINE_CURVE_WITH_KNOTS('',1,(#6556,#6557),.UNSPECIFIED.,.F.,
  .F.,(2,2),(46.,47.),.PIECEWISE_BEZIER_KNOTS.);
#6556 = CARTESIAN_POINT('',(-2.253231372106E-02,0.559308433535));
#6557 = CARTESIAN_POINT('',(-9.376045738139E-02,0.273558353608));
#6558 = ( GEOMETRIC_REPRESENTATION_CONTEXT(2) 
PARAMETRIC_REPRESENTATION_CONTEXT() REPRESENTATION_CONTEXT('2D SPACE',''
  ) );
#6559 = ORIENTED_EDGE('',*,*,#6360,.F.);
#6560 = ADVANCED_FACE('',(#6561),#252,.T.);
#6561 = FACE_BOUND('',#6562,.T.);
#6562 = EDGE_LOOP('',(#6563,#6582,#6583,#6602));
#6563 = ORIENTED_EDGE('',*,*,#6564,.T.);
#6564 = EDGE_CURVE('',#6477,#22,#6565,.T.);
#6565 = SURFACE_CURVE('',#6566,(#6569,#6576),.PCURVE_S1.);
#6566 = B_SPLINE_CURVE_WITH_KNOTS('',1,(#6567,#6568),.UNSPECIFIED.,.F.,
  .F.,(2,2),(47.,48.),.PIECEWISE_BEZIER_KNOTS.);
#6567 = CARTESIAN_POINT('',(-163.4883556247,-1.021513142355E+03,-5.));
#6568 = CARTESIAN_POINT('',(-168.5533997154,-1.016098941764E+03,-5.));
#6569 = PCURVE('',#252,#6570);
#6570 = DEFINITIONAL_REPRESENTATION('',(#6571),#6575);
#6571 = LINE('',#6572,#6573);
#6572 = CARTESIAN_POINT('',(0.,0.));
#6573 = VECTOR('',#6574,1.);
#6574 = DIRECTION('',(1.,0.));
#6575 = ( GEOMETRIC_REPRESENTATION_CONTEXT(2) 
PARAMETRIC_REPRESENTATION_CONTEXT() REPRESENTATION_CONTEXT('2D SPACE',''
  ) );
#6576 = PCURVE('',#87,#6577);
#6577 = DEFINITIONAL_REPRESENTATION('',(#6578),#6581);
#6578 = B_SPLINE_CURVE_WITH_KNOTS('',1,(#6579,#6580),.UNSPECIFIED.,.F.,
  .F.,(2,2),(47.,48.),.PIECEWISE_BEZIER_KNOTS.);
#6579 = CARTESIAN_POINT('',(-4.959486778576,5.511055305598));
#6580 = CARTESIAN_POINT('',(0.,0.));
#6581 = ( GEOMETRIC_REPRESENTATION_CONTEXT(2) 
PARAMETRIC_REPRESENTATION_CONTEXT() REPRESENTATION_CONTEXT('2D SPACE',''
  ) );
#6582 = ORIENTED_EDGE('',*,*,#217,.T.);
#6583 = ORIENTED_EDGE('',*,*,#6584,.F.);
#6584 = EDGE_CURVE('',#6498,#192,#6585,.T.);
#6585 = SURFACE_CURVE('',#6586,(#6589,#6596),.PCURVE_S1.);
#6586 = B_SPLINE_CURVE_WITH_KNOTS('',1,(#6587,#6588),.UNSPECIFIED.,.F.,
  .F.,(2,2),(47.,48.),.PIECEWISE_BEZIER_KNOTS.);
#6587 = CARTESIAN_POINT('',(-323.3430860232,-1.068217839016E+03,207.7));
#6588 = CARTESIAN_POINT('',(-323.4504071748,-1.067949310868E+03,207.7));
#6589 = PCURVE('',#252,#6590);
#6590 = DEFINITIONAL_REPRESENTATION('',(#6591),#6595);
#6591 = LINE('',#6592,#6593);
#6592 = CARTESIAN_POINT('',(0.,1.));
#6593 = VECTOR('',#6594,1.);
#6594 = DIRECTION('',(1.,0.));
#6595 = ( GEOMETRIC_REPRESENTATION_CONTEXT(2) 
PARAMETRIC_REPRESENTATION_CONTEXT() REPRESENTATION_CONTEXT('2D SPACE',''
  ) );
#6596 = PCURVE('',#206,#6597);
#6597 = DEFINITIONAL_REPRESENTATION('',(#6598),#6601);
#6598 = B_SPLINE_CURVE_WITH_KNOTS('',1,(#6599,#6600),.UNSPECIFIED.,.F.,
  .F.,(2,2),(47.,48.),.PIECEWISE_BEZIER_KNOTS.);
#6599 = CARTESIAN_POINT('',(-9.376045738139E-02,0.273558353608));
#6600 = CARTESIAN_POINT('',(0.,0.));
#6601 = ( GEOMETRIC_REPRESENTATION_CONTEXT(2) 
PARAMETRIC_REPRESENTATION_CONTEXT() REPRESENTATION_CONTEXT('2D SPACE',''
  ) );
#6602 = ORIENTED_EDGE('',*,*,#6497,.F.);
#6603 = ADVANCED_FACE('',(#6604),#87,.F.);
#6604 = FACE_BOUND('',#6605,.T.);
#6605 = EDGE_LOOP('',(#6606,#6607,#6608,#6609,#6610,#6611,#6612,#6613,
    #6614,#6615,#6616,#6617,#6618,#6619,#6620,#6621,#6622,#6623,#6624,
    #6625,#6626,#6627,#6628,#6629,#6630,#6631,#6632,#6633,#6634,#6635,
    #6636,#6637,#6638,#6639,#6640,#6641,#6642,#6643,#6644,#6645,#6646,
    #6647,#6648,#6649,#6650,#6651,#6652,#6653));
#6606 = ORIENTED_EDGE('',*,*,#21,.F.);
#6607 = ORIENTED_EDGE('',*,*,#6564,.F.);
#6608 = ORIENTED_EDGE('',*,*,#6476,.F.);
#6609 = ORIENTED_EDGE('',*,*,#6339,.F.);
#6610 = ORIENTED_EDGE('',*,*,#6202,.F.);
#6611 = ORIENTED_EDGE('',*,*,#6065,.F.);
#6612 = ORIENTED_EDGE('',*,*,#5928,.F.);
#6613 = ORIENTED_EDGE('',*,*,#5791,.F.);
#6614 = ORIENTED_EDGE('',*,*,#5654,.F.);
#6615 = ORIENTED_EDGE('',*,*,#5517,.F.);
#6616 = ORIENTED_EDGE('',*,*,#5380,.F.);
#6617 = ORIENTED_EDGE('',*,*,#5243,.F.);
#6618 = ORIENTED_EDGE('',*,*,#5106,.F.);
#6619 = ORIENTED_EDGE('',*,*,#4969,.F.);
#6620 = ORIENTED_EDGE('',*,*,#4832,.F.);
#6621 = ORIENTED_EDGE('',*,*,#4695,.F.);
#6622 = ORIENTED_EDGE('',*,*,#4558,.F.);
#6623 = ORIENTED_EDGE('',*,*,#4421,.F.);
#6624 = ORIENTED_EDGE('',*,*,#4284,.F.);
#6625 = ORIENTED_EDGE('',*,*,#4147,.F.);
#6626 = ORIENTED_EDGE('',*,*,#4010,.F.);
#6627 = ORIENTED_EDGE('',*,*,#3873,.F.);
#6628 = ORIENTED_EDGE('',*,*,#3736,.F.);
#6629 = ORIENTED_EDGE('',*,*,#3599,.F.);
#6630 = ORIENTED_EDGE('',*,*,#3462,.F.);
#6631 = ORIENTED_EDGE('',*,*,#3325,.F.);
#6632 = ORIENTED_EDGE('',*,*,#3188,.F.);
#6633 = ORIENTED_EDGE('',*,*,#3051,.F.);
#6634 = ORIENTED_EDGE('',*,*,#2914,.F.);
#6635 = ORIENTED_EDGE('',*,*,#2777,.F.);
#6636 = ORIENTED_EDGE('',*,*,#2640,.F.);
#6637 = ORIENTED_EDGE('',*,*,#2503,.F.);
#6638 = ORIENTED_EDGE('',*,*,#2366,.F.);
#6639 = ORIENTED_EDGE('',*,*,#2229,.F.);
#6640 = ORIENTED_EDGE('',*,*,#2092,.F.);
#6641 = ORIENTED_EDGE('',*,*,#1955,.F.);
#6642 = ORIENTED_EDGE('',*,*,#1818,.F.);
#6643 = ORIENTED_EDGE('',*,*,#1681,.F.);
#6644 = ORIENTED_EDGE('',*,*,#1544,.F.);
#6645 = ORIENTED_EDGE('',*,*,#1407,.F.);
#6646 = ORIENTED_EDGE('',*,*,#1270,.F.);
#6647 = ORIENTED_EDGE('',*,*,#1133,.F.);
#6648 = ORIENTED_EDGE('',*,*,#996,.F.);
#6649 = ORIENTED_EDGE('',*,*,#859,.F.);
#6650 = ORIENTED_EDGE('',*,*,#722,.F.);
#6651 = ORIENTED_EDGE('',*,*,#585,.F.);
#6652 = ORIENTED_EDGE('',*,*,#448,.F.);
#6653 = ORIENTED_EDGE('',*,*,#311,.F.);
#6654 = ADVANCED_FACE('',(#6655),#206,.T.);
#6655 = FACE_BOUND('',#6656,.T.);
#6656 = EDGE_LOOP('',(#6657,#6658,#6659,#6660,#6661,#6662,#6663,#6664,
    #6665,#6666,#6667,#6668,#6669,#6670,#6671,#6672,#6673,#6674,#6675,
    #6676,#6677,#6678,#6679,#6680,#6681,#6682,#6683,#6684,#6685,#6686,
    #6687,#6688,#6689,#6690,#6691,#6692,#6693,#6694,#6695,#6696,#6697,
    #6698,#6699,#6700,#6701,#6702,#6703,#6704));
#6657 = ORIENTED_EDGE('',*,*,#191,.T.);
#6658 = ORIENTED_EDGE('',*,*,#425,.T.);
#6659 = ORIENTED_EDGE('',*,*,#562,.T.);
#6660 = ORIENTED_EDGE('',*,*,#699,.T.);
#6661 = ORIENTED_EDGE('',*,*,#836,.T.);
#6662 = ORIENTED_EDGE('',*,*,#973,.T.);
#6663 = ORIENTED_EDGE('',*,*,#1110,.T.);
#6664 = ORIENTED_EDGE('',*,*,#1247,.T.);
#6665 = ORIENTED_EDGE('',*,*,#1384,.T.);
#6666 = ORIENTED_EDGE('',*,*,#1521,.T.);
#6667 = ORIENTED_EDGE('',*,*,#1658,.T.);
#6668 = ORIENTED_EDGE('',*,*,#1795,.T.);
#6669 = ORIENTED_EDGE('',*,*,#1932,.T.);
#6670 = ORIENTED_EDGE('',*,*,#2069,.T.);
#6671 = ORIENTED_EDGE('',*,*,#2206,.T.);
#6672 = ORIENTED_EDGE('',*,*,#2343,.T.);
#6673 = ORIENTED_EDGE('',*,*,#2480,.T.);
#6674 = ORIENTED_EDGE('',*,*,#2617,.T.);
#6675 = ORIENTED_EDGE('',*,*,#2754,.T.);
#6676 = ORIENTED_EDGE('',*,*,#2891,.T.);
#6677 = ORIENTED_EDGE('',*,*,#3028,.T.);
#6678 = ORIENTED_EDGE('',*,*,#3165,.T.);
#6679 = ORIENTED_EDGE('',*,*,#3302,.T.);
#6680 = ORIENTED_EDGE('',*,*,#3439,.T.);
#6681 = ORIENTED_EDGE('',*,*,#3576,.T.);
#6682 = ORIENTED_EDGE('',*,*,#3713,.T.);
#6683 = ORIENTED_EDGE('',*,*,#3850,.T.);
#6684 = ORIENTED_EDGE('',*,*,#3987,.T.);
#6685 = ORIENTED_EDGE('',*,*,#4124,.T.);
#6686 = ORIENTED_EDGE('',*,*,#4261,.T.);
#6687 = ORIENTED_EDGE('',*,*,#4398,.T.);
#6688 = ORIENTED_EDGE('',*,*,#4535,.T.);
#6689 = ORIENTED_EDGE('',*,*,#4672,.T.);
#6690 = ORIENTED_EDGE('',*,*,#4809,.T.);
#6691 = ORIENTED_EDGE('',*,*,#4946,.T.);
#6692 = ORIENTED_EDGE('',*,*,#5083,.T.);
#6693 = ORIENTED_EDGE('',*,*,#5220,.T.);
#6694 = ORIENTED_EDGE('',*,*,#5357,.T.);
#6695 = ORIENTED_EDGE('',*,*,#5494,.T.);
#6696 = ORIENTED_EDGE('',*,*,#5631,.T.);
#6697 = ORIENTED_EDGE('',*,*,#5768,.T.);
#6698 = ORIENTED_EDGE('',*,*,#5905,.T.);
#6699 = ORIENTED_EDGE('',*,*,#6042,.T.);
#6700 = ORIENTED_EDGE('',*,*,#6179,.T.);
#6701 = ORIENTED_EDGE('',*,*,#6316,.T.);
#6702 = ORIENTED_EDGE('',*,*,#6453,.T.);
#6703 = ORIENTED_EDGE('',*,*,#6541,.T.);
#6704 = ORIENTED_EDGE('',*,*,#6584,.T.);
#6705 = ( GEOMETRIC_REPRESENTATION_CONTEXT(3) 
GLOBAL_UNCERTAINTY_ASSIGNED_CONTEXT((#6709)) 
GLOBAL_UNIT_ASSIGNED_CONTEXT((#6706,#6707,#6708)) REPRESENTATION_CONTEXT
('Context #1','3D Context with UNIT and UNCERTAINTY') );
#6706 = ( LENGTH_UNIT() NAMED_UNIT(*) SI_UNIT(.MILLI.,.METRE.) );
#6707 = ( NAMED_UNIT(*) PLANE_ANGLE_UNIT() SI_UNIT($,.RADIAN.) );
#6708 = ( NAMED_UNIT(*) SI_UNIT($,.STERADIAN.) SOLID_ANGLE_UNIT() );
#6709 = UNCERTAINTY_MEASURE_WITH_UNIT(LENGTH_MEASURE(1.E-07),#6706,
  'distance_accuracy_value','confusion accuracy');
#6710 = PRODUCT_RELATED_PRODUCT_CATEGORY('part',$,(#7));
ENDSEC;
END-ISO-10303-21;
