
______  __   __    ___ 
| ___ \ \ \ / /   /   |
| |_/ /  \ V /   / /| |
|  __/   /   \  / /_| |
| |     / /^\ \ \___  |
\_|     \/   \/     |_/

px4 starting.

INFO  [px4] startup script: /bin/sh etc/init.d-posix/rcS 0
INFO  [init] found model autostart file as SYS_AUTOSTART=4023
INFO  [param] selected parameter default file parameters.bson
INFO  [param] importing from 'parameters.bson'
INFO  [parameters] BSON document size 517 bytes, decoded 517 bytes (INT32:16, FLOAT:9)
INFO  [param] selected parameter backup file parameters_backup.bson
INFO  [dataman] data manager file './dataman' size is 7872608 bytes
INFO  [init] Gazebo simulator
INFO  [init] starting gazebo with world: /home/umran/PX4-Autopilot/Tools/simulation/gz/worlds/default.sdf
WARN  [init] PX4_GZ_MODEL_POSE not set, spawning at origin.
[1;33mWarning [Utils.cc:132][0m [/sdf/model[@name="tiltrotor_tailplane"]/link[@name="base_link"]/sensor[@name="imu_sensor"]/gz_frame_id:/home/umran/PX4-Autopilot/Tools/simulation/gz/models/tiltrotor_indi/model.sdf:L168]: XML Element[gz_frame_id], child of element[sensor], not defined in SDF. Copying[gz_frame_id] as children of [sensor].
[1;33mWarning [Utils.cc:132][0m [/sdf/model[@name="tiltrotor_tailplane"]/link[@name="base_link"]/sensor[@name="air_pressure_sensor"]/gz_frame_id:/home/umran/PX4-Autopilot/Tools/simulation/gz/models/tiltrotor_indi/model.sdf:L227]: XML Element[gz_frame_id], child of element[sensor], not defined in SDF. Copying[gz_frame_id] as children of [sensor].
[1;33mWarning [Utils.cc:132][0m [/sdf/model[@name="tiltrotor_tailplane"]/link[@name="base_link"]/sensor[@name="magnetometer_sensor"]/gz_frame_id:/home/umran/PX4-Autopilot/Tools/simulation/gz/models/tiltrotor_indi/model.sdf:L240]: XML Element[gz_frame_id], child of element[sensor], not defined in SDF. Copying[gz_frame_id] as children of [sensor].
[1;33mWarning [Utils.cc:132][0m [/sdf/model[@name="tiltrotor_tailplane"]/link[@name="base_link"]/sensor[@name="navsat_sensor"]/gz_frame_id:/home/umran/PX4-Autopilot/Tools/simulation/gz/models/tiltrotor_indi/model.sdf:L262]: XML Element[gz_frame_id], child of element[sensor], not defined in SDF. Copying[gz_frame_id] as children of [sensor].
INFO  [lockstep_scheduler] setting initial absolute time to 8000 us
INFO  [gz_bridge] world: default, model name: tiltrotor_indi_0, simulation model: tiltrotor_indi
INFO  [gz_bridge] Requested Model Position: 0,0,0,0,0,0
INFO  [gz_bridge] Model position z is less or equal 0.0, moving upwards
WARN  [vehicle_angular_velocity] no gyro selected, using sensor_gyro:0 1310988
INFO  [commander] LED: open /dev/led0 failed (22)
INFO  [tone_alarm] home set
INFO  [uxrce_dds_client] init UDP agent IP:127.0.0.1, port:8888
INFO  [mavlink] mode: Normal, data rate: 4000000 B/s on udp port 18570 remote port 14550
INFO  [mavlink] mode: Onboard, data rate: 4000000 B/s on udp port 14580 remote port 14540
INFO  [mavlink] mode: Onboard, data rate: 4000 B/s on udp port 14280 remote port 14030
INFO  [mavlink] mode: Gimbal, data rate: 400000 B/s on udp port 13030 remote port 13280
INFO  [logger] logger started (mode=all)
INFO  [logger] logging 10 topics from logger_topics.txt
INFO  [logger] Start file log (type: full)
INFO  [logger] [logger] ./log/2026-07-29/10_42_07.ulg	
INFO  [logger] Opened full log file: ./log/2026-07-29/10_42_07.ulg
INFO  [mavlink] MAVLink only on localhost (set param MAV_{i}_BROADCAST = 1 to enable network)
INFO  [mavlink] MAVLink only on localhost (set param MAV_{i}_BROADCAST = 1 to enable network)
INFO  [px4] Startup script returned successfully
INFO  [commander] [32mReady for takeoff![0m
INFO  [commander] Armed by internal command	
INFO  [tone_alarm] arming warning
INFO  [mc_indi_tiltrotor] T0dbg1 G0=[-0.256 0.227 0.019 0.162 -0.987] nu_des=[-0.00 -0.00 -0.25 -2.96 -0.24]
INFO  [mc_indi_tiltrotor] T0dbg2 Ws34=[0.1 20.0] Wu0=1.0 du0=0.0935 dmin0=-18.3233 dmax0=26.6767
INFO  [mc_indi_tiltrotor] T2dbg1 G2=[0.000 -0.650 0.060 0.000 -1.000] G5=[-0.744 -0.868 -0.000 12.403 0.000]
INFO  [mc_indi_tiltrotor] T2dbg2 Wu25=[1.0 1000000.0] du25=[0.0794 0.0000] dmax25=[32.5965 0.0120] nu_yaw=-0.252
INFO  [mc_indi_tiltrotor] WRdbg0 Wu0=1 lo0=-18.32 du0=0.0935 pin0=0.002 a0=[0.004 -0.001 -0.000 -0.000 0.089]
INFO  [mc_indi_tiltrotor] WRdbg1 Wu1=1 lo1=-18.32 du1=0.1049 pin1=0.019 a1=[-0.004 -0.001 0.000 -0.000 0.091]
INFO  [mc_indi_tiltrotor] YWdbg nu2=-0.252 ach2=-0.056 r=0.00 wsp2=-0.50 ddelta=[0.0120 -0.0000 0.0000]
INFO  [commander] Takeoff detected	
INFO  [mc_indi_tiltrotor] T0dbg1 G0=[-0.257 0.227 0.011 0.193 -0.981] nu_des=[0.05 0.09 -0.28 -3.54 0.08]
INFO  [mc_indi_tiltrotor] T0dbg2 Ws34=[0.1 20.0] Wu0=1.0 du0=-0.0644 dmin0=-18.0621 dmax0=26.9379
INFO  [mc_indi_tiltrotor] T2dbg1 G2=[-0.000 -0.650 0.060 0.001 -1.000] G5=[-0.789 -0.909 -0.001 13.150 0.017]
INFO  [mc_indi_tiltrotor] T2dbg2 Wu25=[1.0 1000000.0] du25=[-0.1061 -0.0013] dmax25=[31.8504 0.0120] nu_yaw=-0.282
INFO  [mc_indi_tiltrotor] WRdbg0 Wu0=1 lo0=-18.06 du0=-0.0644 pin0=0.008 a0=[-0.090 0.048 -0.000 -0.000 -0.031]
INFO  [mc_indi_tiltrotor] WRdbg1 Wu1=1 lo1=-19.32 du1=0.1269 pin1=0.020 a1=[0.089 0.050 0.000 -0.000 -0.032]
INFO  [mc_indi_tiltrotor] pos_hold: holding x=-0.15 y=0.60
INFO  [mc_indi_tiltrotor] YWdbg nu2=0.262 ach2=0.004 r=-0.26 wsp2=0.09 ddelta=[0.0120 0.0120 -0.0048]
INFO  [mc_indi_tiltrotor] T0dbg1 G0=[-0.257 0.228 0.005 0.216 -0.976] nu_des=[0.02 -0.05 0.27 -2.58 0.72]
INFO  [mc_indi_tiltrotor] T0dbg2 Ws34=[0.1 20.0] Wu0=1.0 du0=-0.3269 dmin0=-21.5230 dmax0=23.4770
INFO  [mc_indi_tiltrotor] T2dbg1 G2=[-0.001 -0.651 0.060 0.009 -1.000] G5=[-0.921 -0.986 -0.008 15.358 0.137]
INFO  [mc_indi_tiltrotor] T2dbg2 Wu25=[1.0 9.0] du25=[-0.1224 -0.0009] dmax25=[29.6418 0.0120] nu_yaw=0.265
INFO  [mc_indi_tiltrotor] WRdbg0 Wu0=1 lo0=-21.52 du0=-0.3269 pin0=0.000 a0=[-0.035 -0.032 0.007 0.001 -0.267]
INFO  [mc_indi_tiltrotor] WRdbg1 Wu1=1 lo1=-21.91 du1=-0.3218 pin1=-0.043 a1=[0.033 -0.028 -0.013 -0.003 -0.268]
INFO  [mc_indi_tiltrotor] T0dbg1 G0=[-0.257 0.227 0.013 0.186 -0.983] nu_des=[0.01 -0.03 0.05 -1.94 0.01]
INFO  [mc_indi_tiltrotor] T0dbg2 Ws34=[0.1 20.0] Wu0=1.0 du0=-0.0424 dmin0=-18.8601 dmax0=26.1399
INFO  [mc_indi_tiltrotor] T2dbg1 G2=[-0.000 -0.650 0.060 0.005 -1.000] G5=[-0.846 -0.936 -0.005 14.094 0.077]
INFO  [mc_indi_tiltrotor] T2dbg2 Wu25=[1.0 9.0] du25=[0.0123 -0.0007] dmax25=[30.9057 0.0120] nu_yaw=0.046
INFO  [mc_indi_tiltrotor] WRdbg0 Wu0=1 lo0=-18.86 du0=-0.0424 pin0=0.000 a0=[-0.013 -0.018 0.003 -0.012 -0.003]
INFO  [mc_indi_tiltrotor] WRdbg1 Wu1=1 lo1=-19.30 du1=-0.0183 pin1=0.000 a1=[0.014 -0.013 -0.014 -0.002 -0.004]
INFO  [mc_indi_tiltrotor] YWdbg nu2=-0.062 ach2=0.001 r=0.23 wsp2=0.40 ddelta=[0.0120 0.0120 -0.0024]
INFO  [mc_indi_tiltrotor] T0dbg1 G0=[-0.257 0.227 0.015 0.177 -0.984] nu_des=[0.16 0.07 -0.05 -1.44 0.41]
INFO  [mc_indi_tiltrotor] T0dbg2 Ws34=[0.1 20.0] Wu0=1.0 du0=-0.4063 dmin0=-18.3034 dmax0=26.6966
INFO  [mc_indi_tiltrotor] T2dbg1 G2=[-0.000 -0.650 0.060 0.002 -1.000] G5=[-0.885 -1.012 -0.002 14.753 0.032]
INFO  [mc_indi_tiltrotor] T2dbg2 Wu25=[1.0 1000000.0] du25=[-0.1552 -0.0022] dmax25=[30.2469 0.0120] nu_yaw=-0.048
INFO  [mc_indi_tiltrotor] WRdbg0 Wu0=1 lo0=-18.30 du0=-0.4063 pin0=0.028 a0=[-0.323 0.040 -0.000 -0.000 -0.152]
INFO  [mc_indi_tiltrotor] WRdbg1 Wu1=1 lo1=-20.10 du1=0.1962 pin1=-0.011 a1=[0.321 0.041 0.000 -0.000 -0.155]
INFO  [mc_indi_tiltrotor] T0dbg1 G0=[-0.257 0.228 0.007 0.208 -0.978] nu_des=[-0.01 0.02 -0.07 -1.67 0.08]
INFO  [mc_indi_tiltrotor] T0dbg2 Ws34=[0.1 20.0] Wu0=1.0 du0=-0.0028 dmin0=-18.7389 dmax0=26.2611
INFO  [mc_indi_tiltrotor] T2dbg1 G2=[-0.000 -0.650 0.060 0.004 -1.000] G5=[-0.789 -0.890 -0.003 13.146 0.046]
INFO  [mc_indi_tiltrotor] T2dbg2 Wu25=[1.0 9.0] du25=[-0.0486 -0.0010] dmax25=[31.8535 0.0120] nu_yaw=-0.072
INFO  [mc_indi_tiltrotor] WRdbg0 Wu0=1 lo0=-18.74 du0=-0.0028 pin0=0.000 a0=[0.016 0.016 -0.002 -0.011 -0.021]
INFO  [mc_indi_tiltrotor] WRdbg1 Wu1=1 lo1=-19.08 du1=-0.0121 pin1=0.000 a1=[-0.018 0.010 0.026 0.001 -0.031]
INFO  [mc_indi_tiltrotor] YWdbg nu2=0.037 ach2=0.001 r=0.11 wsp2=-0.11 ddelta=[0.0120 0.0120 -0.0013]
INFO  [mc_indi_tiltrotor] T0dbg1 G0=[-0.257 0.228 0.006 0.210 -0.978] nu_des=[-0.08 0.11 0.07 -1.23 0.15]
INFO  [mc_indi_tiltrotor] T0dbg2 Ws34=[0.1 20.0] Wu0=1.0 du0=0.1512 dmin0=-18.0947 dmax0=26.9053
INFO  [mc_indi_tiltrotor] T2dbg1 G2=[-0.000 -0.650 0.060 0.001 -1.000] G5=[-0.808 -0.933 -0.001 13.469 0.016]
INFO  [mc_indi_tiltrotor] T2dbg2 Wu25=[1.0 9.0] du25=[-0.1853 0.0030] dmax25=[31.5314 0.0120] nu_yaw=0.067
INFO  [mc_indi_tiltrotor] WRdbg0 Wu0=1 lo0=-18.09 du0=0.1512 pin0=-0.028 a0=[0.145 0.072 0.019 0.000 -0.056]
INFO  [mc_indi_tiltrotor] WRdbg1 Wu1=1 lo1=-19.71 du1=-0.1583 pin1=0.007 a1=[-0.134 0.055 -0.030 -0.000 -0.056]
INFO  [mc_indi_tiltrotor] T0dbg1 G0=[-0.257 0.227 0.011 0.191 -0.982] nu_des=[-0.01 -0.03 0.00 -0.99 0.02]
INFO  [mc_indi_tiltrotor] T0dbg2 Ws34=[0.1 20.0] Wu0=1.0 du0=-0.0203 dmin0=-19.0877 dmax0=25.9123
INFO  [mc_indi_tiltrotor] T2dbg1 G2=[-0.000 -0.650 0.060 0.002 -1.000] G5=[-0.833 -0.952 -0.002 13.883 0.031]
INFO  [mc_indi_tiltrotor] T2dbg2 Wu25=[1.0 9.0] du25=[0.0157 0.0005] dmax25=[31.1169 0.0120] nu_yaw=0.001
INFO  [mc_indi_tiltrotor] WRdbg0 Wu0=1 lo0=-19.09 du0=-0.0203 pin0=0.000 a0=[0.013 -0.023 0.000 -0.006 -0.005]
INFO  [mc_indi_tiltrotor] WRdbg1 Wu1=1 lo1=-19.30 du1=-0.0330 pin1=0.000 a1=[-0.014 -0.014 -0.000 0.002 -0.006]
INFO  [mc_indi_tiltrotor] YWdbg nu2=0.009 ach2=0.010 r=-0.11 wsp2=-0.11 ddelta=[-0.0028 -0.0007 -0.0007]
INFO  [mc_indi_tiltrotor] T0dbg1 G0=[-0.257 0.227 0.014 0.181 -0.983] nu_des=[0.02 -0.01 0.02 -0.68 -0.01]
INFO  [mc_indi_tiltrotor] T0dbg2 Ws34=[0.1 20.0] Wu0=1.0 du0=-0.0288 dmin0=-18.8550 dmax0=26.1450
INFO  [mc_indi_tiltrotor] T2dbg1 G2=[-0.000 -0.650 0.060 0.001 -1.000] G5=[-0.860 -0.998 -0.001 14.332 0.008]
INFO  [mc_indi_tiltrotor] T2dbg2 Wu25=[1.0 1000000.0] du25=[0.0106 -0.0006] dmax25=[30.6683 0.0120] nu_yaw=0.021
INFO  [mc_indi_tiltrotor] WRdbg0 Wu0=1 lo0=-18.85 du0=-0.0288 pin0=0.000 a0=[-0.024 -0.005 0.001 -0.004 0.003]
INFO  [mc_indi_tiltrotor] WRdbg1 Wu1=1 lo1=-19.60 du1=0.0188 pin1=-0.001 a1=[0.026 -0.003 -0.008 0.002 0.004]
INFO  [mc_indi_tiltrotor] T0dbg1 G0=[-0.257 0.227 0.015 0.175 -0.985] nu_des=[0.01 0.07 0.04 -0.80 0.18]
INFO  [mc_indi_tiltrotor] T0dbg2 Ws34=[0.1 20.0] Wu0=1.0 du0=-0.0153 dmin0=-18.5867 dmax0=26.4133
INFO  [mc_indi_tiltrotor] T2dbg1 G2=[-0.000 -0.650 0.060 0.003 -1.000] G5=[-0.819 -0.930 -0.002 13.650 0.039]
INFO  [mc_indi_tiltrotor] T2dbg2 Wu25=[1.0 9.0] du25=[-0.1077 -0.0011] dmax25=[31.3503 0.0120] nu_yaw=0.040
INFO  [mc_indi_tiltrotor] WRdbg0 Wu0=1 lo0=-18.59 du0=-0.0153 pin0=0.024 a0=[-0.013 0.043 -0.003 0.000 -0.066]
INFO  [mc_indi_tiltrotor] WRdbg1 Wu1=1 lo1=-19.54 du1=-0.0394 pin1=-0.010 a1=[0.012 0.037 -0.012 -0.001 -0.066]
INFO  [mc_indi_tiltrotor] YWdbg nu2=-0.009 ach2=-0.008 r=-0.06 wsp2=0.03 ddelta=[-0.0026 -0.0043 -0.0005]
INFO  [mc_indi_tiltrotor] T0dbg1 G0=[-0.257 0.227 0.016 0.171 -0.985] nu_des=[-0.01 -0.01 -0.02 -0.90 -0.02]
INFO  [mc_indi_tiltrotor] T0dbg2 Ws34=[0.1 20.0] Wu0=1.0 du0=0.0136 dmin0=-18.8419 dmax0=26.1581
INFO  [mc_indi_tiltrotor] T2dbg1 G2=[-0.000 -0.650 0.060 0.002 -1.000] G5=[-0.776 -0.892 -0.001 12.937 0.022]
INFO  [mc_indi_tiltrotor] T2dbg2 Wu25=[1.0 9.0] du25=[-0.0003 0.0002] dmax25=[32.0626 0.0120] nu_yaw=-0.016
INFO  [mc_indi_tiltrotor] WRdbg0 Wu0=1 lo0=-18.84 du0=0.0136 pin0=0.000 a0=[0.022 -0.007 -0.001 -0.005 0.005]
INFO  [mc_indi_tiltrotor] WRdbg1 Wu1=1 lo1=-19.15 du1=-0.0144 pin1=0.000 a1=[-0.023 -0.004 0.006 0.001 0.006]
INFO  [mc_indi_tiltrotor] T0dbg1 G0=[-0.257 0.227 0.017 0.167 -0.986] nu_des=[-0.02 -0.14 -0.04 -0.59 -0.03]
INFO  [mc_indi_tiltrotor] T0dbg2 Ws34=[0.1 20.0] Wu0=1.0 du0=-0.0514 dmin0=-19.5232 dmax0=25.4768
INFO  [mc_indi_tiltrotor] T2dbg1 G2=[-0.000 -0.650 0.060 0.002 -1.000] G5=[-0.811 -0.931 -0.001 13.510 0.023]
INFO  [mc_indi_tiltrotor] T2dbg2 Wu25=[1.0 9.0] du25=[0.1515 0.0033] dmax25=[31.4900 0.0120] nu_yaw=-0.035
INFO  [mc_indi_tiltrotor] WRdbg0 Wu0=1 lo0=-19.52 du0=-0.0514 pin0=-0.018 a0=[0.039 -0.083 0.002 0.000 0.009]
INFO  [mc_indi_tiltrotor] WRdbg1 Wu1=1 lo1=-19.38 du1=-0.0788 pin1=0.010 a1=[-0.036 -0.073 0.011 -0.001 0.009]
INFO  [mc_indi_tiltrotor] YWdbg nu2=-0.052 ach2=-0.050 r=0.03 wsp2=-0.08 ddelta=[0.0077 -0.0025 -0.0009]
INFO  [mc_indi_tiltrotor] T0dbg1 G0=[-0.257 0.227 0.012 0.188 -0.982] nu_des=[0.01 0.51 -0.04 -0.75 0.20]
INFO  [mc_indi_tiltrotor] T0dbg2 Ws34=[0.1 20.0] Wu0=1.0 du0=0.2208 dmin0=-18.9435 dmax0=26.0565
INFO  [mc_indi_tiltrotor] T2dbg1 G2=[-0.000 -0.650 0.060 0.002 -1.000] G5=[-0.860 -0.983 -0.002 14.338 0.032]
INFO  [mc_indi_tiltrotor] T2dbg2 Wu25=[1.0 1000000.0] du25=[-0.6013 -0.0022] dmax25=[30.6615 0.0120] nu_yaw=-0.038
INFO  [mc_indi_tiltrotor] WRdbg0 Wu0=1 lo0=-18.94 du0=0.2208 pin0=0.030 a0=[-0.024 0.290 -0.000 -0.000 -0.075]
INFO  [mc_indi_tiltrotor] WRdbg1 Wu1=1 lo1=-19.12 du1=0.2237 pin1=-0.020 a1=[0.024 0.298 0.000 -0.000 -0.077]
INFO  [mc_indi_tiltrotor] T0dbg1 G0=[-0.257 0.227 0.013 0.184 -0.983] nu_des=[-0.00 0.04 0.02 -0.62 -0.01]
INFO  [mc_indi_tiltrotor] T0dbg2 Ws34=[0.1 20.0] Wu0=1.0 du0=0.0344 dmin0=-18.8299 dmax0=26.1701
INFO  [mc_indi_tiltrotor] T2dbg1 G2=[-0.000 -0.650 0.060 0.000 -1.000] G5=[-0.863 -1.003 -0.000 14.376 0.005]
INFO  [mc_indi_tiltrotor] T2dbg2 Wu25=[1.0 1000000.0] du25=[-0.0450 -0.0003] dmax25=[30.6239 0.0120] nu_yaw=0.024
INFO  [mc_indi_tiltrotor] WRdbg0 Wu0=1 lo0=-18.83 du0=0.0344 pin0=0.000 a0=[0.002 0.031 0.001 -0.004 0.004]
INFO  [mc_indi_tiltrotor] WRdbg1 Wu1=1 lo1=-19.67 du1=0.0140 pin1=-0.001 a1=[-0.002 0.019 -0.010 0.002 0.005]
INFO  [mc_indi_tiltrotor] YWdbg nu2=0.053 ach2=0.049 r=-0.13 wsp2=-0.06 ddelta=[0.0003 0.0115 -0.0002]
INFO  [mc_indi_tiltrotor] T0dbg1 G0=[-0.257 0.227 0.010 0.194 -0.981] nu_des=[0.01 0.02 0.05 -1.04 0.17]
INFO  [mc_indi_tiltrotor] T0dbg2 Ws34=[0.1 20.0] Wu0=1.0 du0=-0.0502 dmin0=-16.9636 dmax0=28.0364
INFO  [mc_indi_tiltrotor] T2dbg1 G2=[-0.000 -0.650 0.060 0.002 -1.000] G5=[-0.737 -0.847 -0.001 12.288 0.021]
INFO  [mc_indi_tiltrotor] T2dbg2 Wu25=[1.0 9.0] du25=[-0.0505 -0.0001] dmax25=[32.7123 0.0120] nu_yaw=0.050
INFO  [mc_indi_tiltrotor] WRdbg0 Wu0=1 lo0=-16.96 du0=-0.0502 pin0=0.000 a0=[-0.009 0.012 0.003 -0.006 -0.050]
INFO  [mc_indi_tiltrotor] WRdbg1 Wu1=1 lo1=-17.83 du1=-0.0660 pin1=0.000 a1=[0.010 0.008 -0.018 0.001 -0.067]
INFO  [mc_indi_tiltrotor] T0dbg1 G0=[-0.257 0.227 0.014 0.180 -0.984] nu_des=[-0.01 0.01 -0.01 -0.95 -0.04]
INFO  [mc_indi_tiltrotor] T0dbg2 Ws34=[0.1 20.0] Wu0=1.0 du0=0.0294 dmin0=-17.3052 dmax0=27.6948
INFO  [mc_indi_tiltrotor] T2dbg1 G2=[-0.000 -0.650 0.060 0.001 -1.000] G5=[-0.710 -0.819 -0.001 11.826 0.013]
INFO  [mc_indi_tiltrotor] T2dbg2 Wu25=[1.0 9.0] du25=[-0.0108 -0.0002] dmax25=[33.1738 0.0120] nu_yaw=-0.007
INFO  [mc_indi_tiltrotor] WRdbg0 Wu0=1 lo0=-17.31 du0=0.0294 pin0=0.000 a0=[0.017 0.006 -0.001 -0.005 0.013]
INFO  [mc_indi_tiltrotor] WRdbg1 Wu1=1 lo1=-17.44 du1=0.0054 pin1=0.000 a1=[-0.018 0.004 0.003 0.000 0.016]
INFO  [mc_indi_tiltrotor] YWdbg nu2=-0.027 ach2=-0.026 r=0.00 wsp2=0.03 ddelta=[0.0010 -0.0041 -0.0008]
INFO  [mc_indi_tiltrotor] T0dbg1 G0=[-0.257 0.227 0.016 0.174 -0.985] nu_des=[-0.01 -0.03 -0.02 -0.67 -0.03]
INFO  [mc_indi_tiltrotor] T0dbg2 Ws34=[0.1 20.0] Wu0=1.0 du0=0.0008 dmin0=-18.1006 dmax0=26.8994
INFO  [mc_indi_tiltrotor] T2dbg1 G2=[-0.000 -0.650 0.060 0.001 -1.000] G5=[-0.750 -0.869 -0.001 12.495 0.009]
INFO  [mc_indi_tiltrotor] T2dbg2 Wu25=[1.0 9.0] du25=[0.0261 0.0004] dmax25=[32.5047 0.0120] nu_yaw=-0.022
INFO  [mc_indi_tiltrotor] WRdbg0 Wu0=1 lo0=-18.10 du0=0.0008 pin0=0.000 a0=[0.017 -0.021 -0.002 -0.003 0.010]
INFO  [mc_indi_tiltrotor] WRdbg1 Wu1=1 lo1=-17.98 du1=-0.0088 pin1=0.000 a1=[-0.017 -0.014 0.008 0.001 0.013]
INFO  [mc_indi_tiltrotor] T0dbg1 G0=[-0.257 0.227 0.014 0.182 -0.983] nu_des=[-0.00 -0.08 -0.05 -0.49 0.02]
INFO  [mc_indi_tiltrotor] T0dbg2 Ws34=[0.1 20.0] Wu0=1.0 du0=-0.0601 dmin0=-17.7590 dmax0=27.2410
INFO  [mc_indi_tiltrotor] T2dbg1 G2=[-0.000 -0.650 0.060 0.000 -1.000] G5=[-0.775 -0.903 -0.000 12.919 0.002]
INFO  [mc_indi_tiltrotor] T2dbg2 Wu25=[1.0 9.0] du25=[0.0830 0.0012] dmax25=[32.0811 0.0120] nu_yaw=-0.045
INFO  [mc_indi_tiltrotor] WRdbg0 Wu0=1 lo0=-17.76 du0=-0.0601 pin0=-0.016 a0=[0.009 -0.049 0.005 0.000 -0.009]
INFO  [mc_indi_tiltrotor] WRdbg1 Wu1=1 lo1=-18.16 du1=-0.0393 pin1=0.008 a1=[-0.008 -0.044 0.014 -0.000 -0.009]
INFO  [mc_indi_tiltrotor] YWdbg nu2=0.023 ach2=0.023 r=0.02 wsp2=-0.04 ddelta=[-0.0070 -0.0019 -0.0002]
INFO  [mc_indi_tiltrotor] T0dbg1 G0=[-0.257 0.227 0.013 0.184 -0.983] nu_des=[-0.01 0.01 0.03 -0.50 -0.02]
INFO  [mc_indi_tiltrotor] T0dbg2 Ws34=[0.1 20.0] Wu0=1.0 du0=0.0222 dmin0=-17.9148 dmax0=27.0852
INFO  [mc_indi_tiltrotor] T2dbg1 G2=[-0.000 -0.650 0.060 0.000 -1.000] G5=[-0.796 -0.927 -0.000 13.266 0.002]
INFO  [mc_indi_tiltrotor] T2dbg2 Wu25=[1.0 9.0] du25=[-0.0139 0.0000] dmax25=[31.7340 0.0120] nu_yaw=0.029
INFO  [mc_indi_tiltrotor] WRdbg0 Wu0=1 lo0=-17.91 du0=0.0222 pin0=0.000 a0=[0.008 0.008 0.002 -0.003 0.007]
INFO  [mc_indi_tiltrotor] WRdbg1 Wu1=1 lo1=-18.68 du1=-0.0045 pin1=0.000 a1=[-0.008 0.005 -0.011 0.001 0.009]
INFO  [mc_indi_tiltrotor] T0dbg1 G0=[-0.257 0.227 0.015 0.175 -0.985] nu_des=[-0.00 0.06 0.01 -0.63 0.04]
INFO  [mc_indi_tiltrotor] T0dbg2 Ws34=[0.1 20.0] Wu0=1.0 du0=0.0239 dmin0=-18.2363 dmax0=26.7637
INFO  [mc_indi_tiltrotor] T2dbg1 G2=[-0.000 -0.650 0.060 0.000 -1.000] G5=[-0.782 -0.909 -0.000 13.037 0.006]
INFO  [mc_indi_tiltrotor] T2dbg2 Wu25=[1.0 1000000.0] du25=[-0.0660 -0.0004] dmax25=[31.9633 0.0120] nu_yaw=0.006
INFO  [mc_indi_tiltrotor] WRdbg0 Wu0=1 lo0=-18.24 du0=0.0239 pin0=0.000 a0=[0.001 0.040 0.000 -0.003 -0.014]
INFO  [mc_indi_tiltrotor] WRdbg1 Wu1=1 lo1=-18.74 du1=0.0064 pin1=-0.001 a1=[-0.001 0.026 -0.002 0.002 -0.018]
INFO  [mc_indi_tiltrotor] YWdbg nu2=0.008 ach2=0.009 r=-0.05 wsp2=0.01 ddelta=[0.0001 0.0025 -0.0002]
INFO  [mc_indi_tiltrotor] T0dbg1 G0=[-0.256 0.227 0.018 0.164 -0.986] nu_des=[0.00 -0.06 0.02 -0.58 -0.00]
INFO  [mc_indi_tiltrotor] T0dbg2 Ws34=[0.1 20.0] Wu0=1.0 du0=-0.0453 dmin0=-18.6207 dmax0=26.3793
INFO  [mc_indi_tiltrotor] T2dbg1 G2=[-0.000 -0.650 0.060 0.000 -1.000] G5=[-0.768 -0.895 -0.000 12.798 0.001]
INFO  [mc_indi_tiltrotor] T2dbg2 Wu25=[1.0 9.0] du25=[0.0524 0.0007] dmax25=[32.2020 0.0120] nu_yaw=0.018
INFO  [mc_indi_tiltrotor] WRdbg0 Wu0=1 lo0=-18.62 du0=-0.0453 pin0=0.000 a0=[-0.002 -0.043 0.002 -0.003 0.001]
INFO  [mc_indi_tiltrotor] WRdbg1 Wu1=1 lo1=-18.99 du1=-0.0285 pin1=0.000 a1=[0.002 -0.027 -0.007 0.001 0.002]
INFO  [mc_indi_tiltrotor] T0dbg1 G0=[-0.256 0.227 0.019 0.159 -0.987] nu_des=[-0.00 -0.01 -0.03 -0.33 0.03]
INFO  [mc_indi_tiltrotor] T0dbg2 Ws34=[0.1 20.0] Wu0=1.0 du0=-0.0172 dmin0=-18.6271 dmax0=26.3729
INFO  [mc_indi_tiltrotor] T2dbg1 G2=[-0.000 -0.650 0.060 0.000 -1.000] G5=[-0.783 -0.912 -0.000 13.057 0.003]
INFO  [mc_indi_tiltrotor] T2dbg2 Wu25=[1.0 9.0] du25=[0.0023 0.0001] dmax25=[31.9428 0.0120] nu_yaw=-0.028
INFO  [mc_indi_tiltrotor] WRdbg0 Wu0=1 lo0=-18.63 du0=-0.0172 pin0=0.000 a0=[0.008 -0.009 -0.003 -0.001 -0.011]
INFO  [mc_indi_tiltrotor] WRdbg1 Wu1=1 lo1=-19.03 du1=-0.0153 pin1=0.000 a1=[-0.007 -0.005 0.011 0.001 -0.014]
INFO  [mc_indi_tiltrotor] YWdbg nu2=-0.026 ach2=-0.023 r=0.07 wsp2=0.02 ddelta=[0.0120 0.0097 -0.0007]
INFO  [mc_indi_tiltrotor] T0dbg1 G0=[-0.257 0.227 0.015 0.175 -0.985] nu_des=[0.00 -0.02 -0.01 -0.38 0.01]
INFO  [mc_indi_tiltrotor] T0dbg2 Ws34=[0.1 20.0] Wu0=1.0 du0=-0.0240 dmin0=-18.2235 dmax0=26.7765
INFO  [mc_indi_tiltrotor] T2dbg1 G2=[-0.000 -0.650 0.060 0.001 -1.000] G5=[-0.795 -0.924 -0.000 13.257 0.007]
INFO  [mc_indi_tiltrotor] T2dbg2 Wu25=[1.0 9.0] du25=[0.0154 -0.0002] dmax25=[31.7425 0.0120] nu_yaw=-0.014
INFO  [mc_indi_tiltrotor] WRdbg0 Wu0=1 lo0=-18.22 du0=-0.0240 pin0=0.000 a0=[-0.004 -0.014 -0.001 -0.002 -0.003]
INFO  [mc_indi_tiltrotor] WRdbg1 Wu1=1 lo1=-18.80 du1=-0.0019 pin1=0.000 a1=[0.004 -0.008 0.006 0.001 -0.004]
INFO  [mc_indi_tiltrotor] T0dbg1 G0=[-0.257 0.227 0.014 0.182 -0.983] nu_des=[0.00 -0.01 0.00 -0.49 -0.00]
INFO  [mc_indi_tiltrotor] T0dbg2 Ws34=[0.1 20.0] Wu0=1.0 du0=-0.0113 dmin0=-18.3779 dmax0=26.6221
INFO  [mc_indi_tiltrotor] T2dbg1 G2=[-0.000 -0.650 0.060 0.000 -1.000] G5=[-0.806 -0.936 -0.000 13.433 0.006]
INFO  [mc_indi_tiltrotor] T2dbg2 Wu25=[1.0 9.0] du25=[0.0090 -0.0001] dmax25=[31.5672 0.0120] nu_yaw=0.004
INFO  [mc_indi_tiltrotor] WRdbg0 Wu0=1 lo0=-18.38 du0=-0.0113 pin0=-0.003 a0=[-0.002 -0.007 -0.000 0.000 0.000]
INFO  [mc_indi_tiltrotor] WRdbg1 Wu1=1 lo1=-18.85 du1=-0.0037 pin1=0.002 a1=[0.002 -0.006 -0.001 -0.001 0.000]
INFO  [mc_indi_tiltrotor] YWdbg nu2=0.028 ach2=0.027 r=-0.02 wsp2=-0.02 ddelta=[0.0008 0.0071 -0.0001]
INFO  [mc_indi_tiltrotor] T0dbg1 G0=[-0.257 0.227 0.015 0.176 -0.984] nu_des=[0.01 0.03 0.05 -0.53 0.04]
INFO  [mc_indi_tiltrotor] T0dbg2 Ws34=[0.1 20.0] Wu0=1.0 du0=-0.0136 dmin0=-18.4440 dmax0=26.5560
INFO  [mc_indi_tiltrotor] T2dbg1 G2=[-0.000 -0.650 0.060 0.000 -1.000] G5=[-0.786 -0.917 -0.000 13.104 0.001]
INFO  [mc_indi_tiltrotor] T2dbg2 Wu25=[1.0 1000000.0] du25=[-0.0324 -0.0000] dmax25=[31.8963 0.0120] nu_yaw=0.046
INFO  [mc_indi_tiltrotor] WRdbg0 Wu0=1 lo0=-18.44 du0=-0.0136 pin0=0.000 a0=[-0.020 0.019 0.003 -0.003 -0.013]
INFO  [mc_indi_tiltrotor] WRdbg1 Wu1=1 lo1=-18.85 du1=-0.0007 pin1=-0.000 a1=[0.021 0.012 -0.018 0.002 -0.017]
INFO  [mc_indi_tiltrotor] T0dbg1 G0=[-0.256 0.227 0.018 0.165 -0.986] nu_des=[-0.01 0.00 0.01 -0.54 -0.04]
INFO  [mc_indi_tiltrotor] T0dbg2 Ws34=[0.1 20.0] Wu0=1.0 du0=0.0235 dmin0=-18.7476 dmax0=26.2524
INFO  [mc_indi_tiltrotor] T2dbg1 G2=[-0.000 -0.650 0.060 0.000 -1.000] G5=[-0.778 -0.906 -0.000 12.960 0.003]
INFO  [mc_indi_tiltrotor] T2dbg2 Wu25=[1.0 9.0] du25=[-0.0024 0.0001] dmax25=[32.0397 0.0120] nu_yaw=0.015
INFO  [mc_indi_tiltrotor] WRdbg0 Wu0=1 lo0=-18.75 du0=0.0235 pin0=0.000 a0=[0.011 0.001 0.001 -0.003 0.012]
INFO  [mc_indi_tiltrotor] WRdbg1 Wu1=1 lo1=-19.10 du1=0.0001 pin1=0.000 a1=[-0.011 0.001 -0.005 0.001 0.015]
INFO  [mc_indi_tiltrotor] YWdbg nu2=-0.039 ach2=-0.035 r=0.02 wsp2=0.04 ddelta=[-0.0004 -0.0083 -0.0004]
INFO  [mc_indi_tiltrotor] T0dbg1 G0=[-0.256 0.227 0.019 0.159 -0.987] nu_des=[-0.01 -0.00 -0.06 -3.04 0.01]
INFO  [mc_indi_tiltrotor] T0dbg2 Ws34=[0.1 20.0] Wu0=1.0 du0=0.0128 dmin0=-18.5695 dmax0=26.4305
INFO  [mc_indi_tiltrotor] T2dbg1 G2=[-0.000 -0.650 0.060 0.000 -1.000] G5=[-0.804 -0.937 -0.000 13.408 0.003]
INFO  [mc_indi_tiltrotor] T2dbg2 Wu25=[1.0 1000000.0] du25=[0.0078 -0.0002] dmax25=[31.5925 0.0120] nu_yaw=-0.060
INFO  [mc_indi_tiltrotor] WRdbg0 Wu0=1 lo0=-18.57 du0=0.0128 pin0=-0.007 a0=[0.024 -0.003 0.001 -0.000 -0.003]
INFO  [mc_indi_tiltrotor] WRdbg1 Wu1=1 lo1=-19.19 du1=-0.0065 pin1=0.005 a1=[-0.023 -0.003 0.018 -0.001 -0.003]
INFO  [mc_indi_tiltrotor] T0dbg1 G0=[-0.257 0.227 0.015 0.178 -0.984] nu_des=[-0.00 0.01 -0.03 -2.66 0.02]
INFO  [mc_indi_tiltrotor] T0dbg2 Ws34=[0.1 20.0] Wu0=1.0 du0=0.0051 dmin0=-18.5701 dmax0=26.4299
INFO  [mc_indi_tiltrotor] T2dbg1 G2=[-0.000 -0.650 0.060 0.000 -1.000] G5=[-0.798 -0.931 -0.000 13.302 0.000]
INFO  [mc_indi_tiltrotor] T2dbg2 Wu25=[1.0 1000000.0] du25=[-0.0065 -0.0000] dmax25=[31.6981 0.0120] nu_yaw=-0.026
INFO  [mc_indi_tiltrotor] WRdbg0 Wu0=1 lo0=-18.57 du0=0.0051 pin0=-0.001 a0=[0.008 0.003 0.002 -0.000 -0.007]
INFO  [mc_indi_tiltrotor] WRdbg1 Wu1=1 lo1=-19.04 du1=-0.0040 pin1=0.001 a1=[-0.008 0.003 0.008 -0.001 -0.007]
INFO  [mc_indi_tiltrotor] YWdbg nu2=-0.002 ach2=-0.001 r=0.02 wsp2=-0.04 ddelta=[-0.0003 -0.0002 -0.0000]
INFO  [mc_indi_tiltrotor] T0dbg1 G0=[-0.257 0.227 0.014 0.180 -0.984] nu_des=[-0.01 0.01 0.01 -2.04 0.03]
INFO  [mc_indi_tiltrotor] T0dbg2 Ws34=[0.1 20.0] Wu0=1.0 du0=0.0031 dmin0=-18.5328 dmax0=26.4672
INFO  [mc_indi_tiltrotor] T2dbg1 G2=[-0.000 -0.650 0.060 0.000 -1.000] G5=[-0.798 -0.931 -0.000 13.302 0.000]
INFO  [mc_indi_tiltrotor] T2dbg2 Wu25=[1.0 1000000.0] du25=[-0.0157 -0.0000] dmax25=[31.6979 0.0120] nu_yaw=0.009
INFO  [mc_indi_tiltrotor] WRdbg0 Wu0=1 lo0=-18.53 du0=0.0031 pin0=-0.000 a0=[0.011 0.003 -0.001 -0.000 -0.010]
INFO  [mc_indi_tiltrotor] WRdbg1 Wu1=1 lo1=-19.01 du1=-0.0209 pin1=0.000 a1=[-0.011 0.003 -0.003 -0.001 -0.010]
INFO  [mc_indi_tiltrotor] T0dbg1 G0=[-0.257 0.227 0.017 0.170 -0.985] nu_des=[0.00 -0.02 0.01 -1.18 0.02]
INFO  [mc_indi_tiltrotor] T0dbg2 Ws34=[0.1 20.0] Wu0=1.0 du0=-0.0227 dmin0=-18.3710 dmax0=26.6290
INFO  [mc_indi_tiltrotor] T2dbg1 G2=[-0.000 -0.650 0.060 0.000 -1.000] G5=[-0.796 -0.928 -0.000 13.258 0.001]
INFO  [mc_indi_tiltrotor] T2dbg2 Wu25=[1.0 1000000.0] du25=[0.0127 -0.0001] dmax25=[31.7415 0.0120] nu_yaw=0.011
INFO  [mc_indi_tiltrotor] WRdbg0 Wu0=1 lo0=-18.37 du0=-0.0227 pin0=-0.001 a0=[-0.000 -0.011 -0.001 -0.000 -0.009]
INFO  [mc_indi_tiltrotor] WRdbg1 Wu1=1 lo1=-18.91 du1=-0.0226 pin1=0.001 a1=[0.000 -0.011 -0.003 -0.000 -0.009]
INFO  [mc_indi_tiltrotor] YWdbg nu2=0.009 ach2=0.008 r=-0.04 wsp2=-0.01 ddelta=[-0.0017 -0.0003 0.0002]
INFO  [mc_indi_tiltrotor] T0dbg1 G0=[-0.256 0.227 0.018 0.164 -0.986] nu_des=[-0.00 -0.01 -0.00 -0.42 0.04]
INFO  [mc_indi_tiltrotor] T0dbg2 Ws34=[0.1 20.0] Wu0=1.0 du0=-0.0150 dmin0=-18.3816 dmax0=26.6184
INFO  [mc_indi_tiltrotor] T2dbg1 G2=[-0.000 -0.650 0.060 0.000 -1.000] G5=[-0.798 -0.930 -0.000 13.294 0.001]
INFO  [mc_indi_tiltrotor] T2dbg2 Wu25=[1.0 9.0] du25=[-0.0034 0.0001] dmax25=[31.7064 0.0120] nu_yaw=-0.002
INFO  [mc_indi_tiltrotor] WRdbg0 Wu0=1 lo0=-18.38 du0=-0.0150 pin0=-0.001 a0=[0.004 -0.004 0.000 0.000 -0.015]
INFO  [mc_indi_tiltrotor] WRdbg1 Wu1=1 lo1=-18.89 du1=-0.0209 pin1=0.001 a1=[-0.004 -0.003 0.001 -0.000 -0.015]
INFO  [mc_indi_tiltrotor] T0dbg1 G0=[-0.257 0.227 0.017 0.167 -0.986] nu_des=[-0.01 0.00 -0.00 0.18 -0.00]
INFO  [mc_indi_tiltrotor] T0dbg2 Ws34=[0.1 20.0] Wu0=1.0 du0=0.0118 dmin0=-18.3182 dmax0=26.6818
INFO  [mc_indi_tiltrotor] T2dbg1 G2=[-0.000 -0.650 0.060 0.000 -1.000] G5=[-0.797 -0.928 -0.000 13.291 0.004]
INFO  [mc_indi_tiltrotor] T2dbg2 Wu25=[1.0 9.0] du25=[-0.0030 0.0004] dmax25=[31.7092 0.0120] nu_yaw=-0.003
INFO  [mc_indi_tiltrotor] WRdbg0 Wu0=1 lo0=-18.32 du0=0.0118 pin0=0.000 a0=[0.009 0.002 -0.000 0.001 0.001]
INFO  [mc_indi_tiltrotor] WRdbg1 Wu1=1 lo1=-18.84 du1=-0.0066 pin1=0.000 a1=[-0.009 0.001 0.001 -0.000 0.001]
INFO  [mc_indi_tiltrotor] YWdbg nu2=-0.023 ach2=-0.023 r=0.02 wsp2=0.01 ddelta=[0.0058 0.0010 0.0002]
INFO  [mc_indi_tiltrotor] T0dbg1 G0=[-0.257 0.227 0.014 0.180 -0.984] nu_des=[0.00 0.01 -0.01 0.57 0.06]
INFO  [mc_indi_tiltrotor] T0dbg2 Ws34=[0.1 20.0] Wu0=1.0 du0=-0.0200 dmin0=-18.3346 dmax0=26.6654
INFO  [mc_indi_tiltrotor] T2dbg1 G2=[-0.000 -0.650 0.060 0.001 -1.000] G5=[-0.805 -0.932 -0.001 13.419 0.011]
INFO  [mc_indi_tiltrotor] T2dbg2 Wu25=[1.0 9.0] du25=[-0.0103 0.0001] dmax25=[31.5805 0.0120] nu_yaw=-0.011
INFO  [mc_indi_tiltrotor] WRdbg0 Wu0=1 lo0=-18.33 du0=-0.0200 pin0=0.000 a0=[-0.008 0.004 -0.001 0.003 -0.019]
INFO  [mc_indi_tiltrotor] WRdbg1 Wu1=1 lo1=-18.83 du1=-0.0115 pin1=0.000 a1=[0.008 0.003 0.004 -0.001 -0.025]
INFO  [mc_indi_tiltrotor] T0dbg1 G0=[-0.257 0.227 0.011 0.191 -0.982] nu_des=[0.01 0.28 0.01 0.74 0.17]
INFO  [mc_indi_tiltrotor] T0dbg2 Ws34=[0.1 20.0] Wu0=1.0 du0=0.1118 dmin0=-18.2013 dmax0=26.7987
INFO  [mc_indi_tiltrotor] T2dbg1 G2=[-0.000 -0.650 0.060 0.002 -1.000] G5=[-0.801 -0.919 -0.001 13.344 0.024]
INFO  [mc_indi_tiltrotor] T2dbg2 Wu25=[1.0 1000000.0] du25=[-0.3357 -0.0018] dmax25=[31.6564 0.0120] nu_yaw=0.010
INFO  [mc_indi_tiltrotor] WRdbg0 Wu0=1 lo0=-18.20 du0=0.1118 pin0=0.029 a0=[-0.014 0.161 0.000 0.000 -0.065]
INFO  [mc_indi_tiltrotor] WRdbg1 Wu1=1 lo1=-18.71 du1=0.0969 pin1=-0.016 a1=[0.014 0.165 -0.000 0.000 -0.066]
INFO  [mc_indi_tiltrotor] YWdbg nu2=0.002 ach2=0.002 r=-0.02 wsp2=-0.00 ddelta=[0.0039 0.0050 -0.0004]
INFO  [mc_indi_tiltrotor] T0dbg1 G0=[-0.257 0.228 0.008 0.204 -0.979] nu_des=[0.01 -0.11 0.00 0.83 0.16]
INFO  [mc_indi_tiltrotor] T0dbg2 Ws34=[0.1 20.0] Wu0=1.0 du0=-0.1311 dmin0=-18.2379 dmax0=26.7621
INFO  [mc_indi_tiltrotor] T2dbg1 G2=[-0.000 -0.650 0.060 0.002 -1.000] G5=[-0.793 -0.903 -0.002 13.210 0.033]
INFO  [mc_indi_tiltrotor] T2dbg2 Wu25=[1.0 9.0] du25=[0.0979 0.0025] dmax25=[31.7895 0.0120] nu_yaw=0.000
INFO  [mc_indi_tiltrotor] WRdbg0 Wu0=1 lo0=-18.24 du0=-0.1311 pin0=0.000 a0=[-0.011 -0.082 0.000 0.005 -0.043]
INFO  [mc_indi_tiltrotor] WRdbg1 Wu1=1 lo1=-18.66 du1=-0.1051 pin1=0.000 a1=[0.012 -0.055 -0.000 -0.000 -0.062]
INFO  [mc_indi_tiltrotor] T0dbg1 G0=[-0.257 0.228 0.002 0.224 -0.975] nu_des=[0.01 -0.05 -0.00 0.81 0.08]
INFO  [mc_indi_tiltrotor] T0dbg2 Ws34=[0.1 20.0] Wu0=1.0 du0=-0.0623 dmin0=-18.1130 dmax0=26.8870
INFO  [mc_indi_tiltrotor] T2dbg1 G2=[-0.000 -0.650 0.060 0.003 -1.000] G5=[-0.793 -0.899 -0.002 13.214 0.040]
INFO  [mc_indi_tiltrotor] T2dbg2 Wu25=[1.0 9.0] du25=[0.0463 0.0010] dmax25=[31.7858 0.0120] nu_yaw=-0.003
INFO  [mc_indi_tiltrotor] WRdbg0 Wu0=1 lo0=-18.11 du0=-0.0623 pin0=0.000 a0=[-0.015 -0.033 -0.000 0.006 -0.020]
INFO  [mc_indi_tiltrotor] WRdbg1 Wu1=1 lo1=-18.53 du1=-0.0365 pin1=0.000 a1=[0.018 -0.024 0.001 0.000 -0.032]
INFO  [mc_indi_tiltrotor] YWdbg nu2=0.008 ach2=0.008 r=0.01 wsp2=0.00 ddelta=[0.0094 0.0119 -0.0010]
INFO  [mc_indi_tiltrotor] T0dbg1 G0=[-0.257 0.228 -0.004 0.248 -0.969] nu_des=[0.01 0.10 0.00 0.73 0.11]
INFO  [mc_indi_tiltrotor] T0dbg2 Ws34=[0.1 20.0] Wu0=1.0 du0=0.0255 dmin0=-17.8945 dmax0=27.1055
INFO  [mc_indi_tiltrotor] T2dbg1 G2=[-0.000 -0.650 0.060 0.004 -1.000] G5=[-0.802 -0.903 -0.003 13.366 0.050]
INFO  [mc_indi_tiltrotor] T2dbg2 Wu25=[1.0 8.9] du25=[-0.1103 -0.0018] dmax25=[31.6342 0.0120] nu_yaw=0.004
INFO  [mc_indi_tiltrotor] WRdbg0 Wu0=1 lo0=-17.89 du0=0.0255 pin0=0.037 a0=[-0.025 0.054 -0.001 -0.000 -0.040]
INFO  [mc_indi_tiltrotor] WRdbg1 Wu1=1 lo1=-18.28 du1=0.0322 pin1=0.001 a1=[0.023 0.049 -0.001 0.001 -0.040]
INFO  [mc_indi_tiltrotor] T0dbg1 G0=[-0.257 0.228 -0.012 0.280 -0.960] nu_des=[0.01 -0.14 -0.00 0.35 0.22]
INFO  [mc_indi_tiltrotor] T0dbg2 Ws34=[0.1 20.0] Wu0=1.0 du0=-0.1381 dmin0=-17.6661 dmax0=27.3339
INFO  [mc_indi_tiltrotor] T2dbg1 G2=[-0.000 -0.650 0.060 0.003 -1.000] G5=[-0.800 -0.904 -0.003 13.329 0.045]
INFO  [mc_indi_tiltrotor] T2dbg2 Wu25=[1.0 8.9] du25=[0.1199 0.0032] dmax25=[31.6707 0.0120] nu_yaw=-0.002
INFO  [mc_indi_tiltrotor] WRdbg0 Wu0=1 lo0=-17.67 du0=-0.1381 pin0=0.044 a0=[-0.012 -0.088 -0.000 -0.000 -0.082]
INFO  [mc_indi_tiltrotor] WRdbg1 Wu1=1 lo1=-17.95 du1=-0.1342 pin1=0.009 a1=[0.011 -0.072 0.000 0.000 -0.083]
INFO  [mc_indi_tiltrotor] YWdbg nu2=0.001 ach2=-0.000 r=0.00 wsp2=-0.00 ddelta=[0.0063 0.0064 -0.0002]
INFO  [mc_indi_tiltrotor] T0dbg1 G0=[-0.256 0.228 -0.021 0.311 -0.950] nu_des=[0.01 0.08 -0.02 0.19 0.23]
INFO  [mc_indi_tiltrotor] T0dbg2 Ws34=[0.1 20.0] Wu0=1.0 du0=-0.0031 dmin0=-17.0884 dmax0=27.9116
INFO  [mc_indi_tiltrotor] T2dbg1 G2=[-0.000 -0.650 0.060 0.004 -1.000] G5=[-0.816 -0.917 -0.003 13.598 0.054]
INFO  [mc_indi_tiltrotor] T2dbg2 Wu25=[1.0 8.9] du25=[-0.1215 -0.0012] dmax25=[31.4020 0.0120] nu_yaw=-0.019
INFO  [mc_indi_tiltrotor] WRdbg0 Wu0=1 lo0=-17.09 du0=-0.0031 pin0=0.049 a0=[-0.010 0.049 -0.006 -0.000 -0.086]
INFO  [mc_indi_tiltrotor] WRdbg1 Wu1=1 lo1=-17.30 du1=-0.0201 pin1=0.014 a1=[0.009 0.041 0.001 0.000 -0.086]
INFO  [mc_indi_tiltrotor] T0dbg1 G0=[-0.255 0.227 -0.030 0.347 -0.938] nu_des=[0.00 0.21 -0.03 -0.19 0.20]
INFO  [mc_indi_tiltrotor] T0dbg2 Ws34=[0.1 20.0] Wu0=1.0 du0=0.0843 dmin0=-16.7480 dmax0=28.2520
INFO  [mc_indi_tiltrotor] T2dbg1 G2=[-0.000 -0.650 0.060 0.004 -1.000] G5=[-0.788 -0.885 -0.003 13.134 0.053]
INFO  [mc_indi_tiltrotor] T2dbg2 Wu25=[1.0 8.8] du25=[-0.2741 -0.0040] dmax25=[31.8661 0.0120] nu_yaw=-0.027
INFO  [mc_indi_tiltrotor] WRdbg0 Wu0=1 lo0=-16.75 du0=0.0843 pin0=0.000 a0=[-0.001 0.103 0.003 -0.001 -0.018]
INFO  [mc_indi_tiltrotor] WRdbg1 Wu1=1 lo1=-16.83 du1=0.0547 pin1=0.000 a1=[0.002 0.105 0.002 -0.001 -0.054]
INFO  [mc_indi_tiltrotor] YWdbg nu2=-0.012 ach2=0.007 r=0.02 wsp2=-0.02 ddelta=[0.0120 0.0120 0.0007]
INFO  [mc_indi_tiltrotor] T0dbg1 G0=[-0.254 0.226 -0.040 0.381 -0.925] nu_des=[0.01 -0.06 -0.02 -0.43 0.25]
INFO  [mc_indi_tiltrotor] T0dbg2 Ws34=[0.1 20.0] Wu0=1.0 du0=-0.0840 dmin0=-16.3935 dmax0=28.6065
INFO  [mc_indi_tiltrotor] T2dbg1 G2=[-0.000 -0.650 0.060 0.003 -1.000] G5=[-0.755 -0.852 -0.003 12.584 0.044]
INFO  [mc_indi_tiltrotor] T2dbg2 Wu25=[1.0 8.8] du25=[0.0241 0.0011] dmax25=[32.4159 0.0120] nu_yaw=-0.017
INFO  [mc_indi_tiltrotor] WRdbg0 Wu0=1 lo0=-16.39 du0=-0.0840 pin0=0.064 a0=[-0.018 -0.035 -0.000 0.000 -0.096]
INFO  [mc_indi_tiltrotor] WRdbg1 Wu1=1 lo1=-16.34 du1=-0.0815 pin1=0.027 a1=[0.016 -0.031 0.000 -0.000 -0.094]
INFO  [mc_indi_tiltrotor] T0dbg1 G0=[-0.253 0.225 -0.048 0.411 -0.912] nu_des=[0.02 -0.10 -0.01 -1.11 0.22]
INFO  [mc_indi_tiltrotor] T0dbg2 Ws34=[0.1 20.0] Wu0=1.0 du0=-0.1131 dmin0=-15.9389 dmax0=29.0611
INFO  [mc_indi_tiltrotor] T2dbg1 G2=[-0.000 -0.650 0.060 0.004 -1.000] G5=[-0.754 -0.849 -0.003 12.563 0.047]
INFO  [mc_indi_tiltrotor] T2dbg2 Wu25=[1.0 8.8] du25=[0.0743 0.0007] dmax25=[32.4369 0.0120] nu_yaw=-0.011
INFO  [mc_indi_tiltrotor] WRdbg0 Wu0=1 lo0=-15.94 du0=-0.1131 pin0=0.070 a0=[-0.038 -0.059 -0.000 0.000 -0.086]
INFO  [mc_indi_tiltrotor] WRdbg1 Wu1=1 lo1=-15.78 du1=-0.0698 pin1=0.033 a1=[0.035 -0.053 0.000 -0.001 -0.083]
INFO  [mc_indi_tiltrotor] YWdbg nu2=-0.022 ach2=0.014 r=0.01 wsp2=-0.03 ddelta=[0.0120 0.0120 0.0027]
INFO  [mc_indi_tiltrotor] T0dbg1 G0=[-0.251 0.224 -0.056 0.441 -0.898] nu_des=[0.01 -0.10 -0.01 -0.96 0.17]
INFO  [mc_indi_tiltrotor] T0dbg2 Ws34=[0.1 20.0] Wu0=1.0 du0=-0.0900 dmin0=-15.3496 dmax0=29.6504
INFO  [mc_indi_tiltrotor] T2dbg1 G2=[-0.000 -0.650 0.060 0.004 -1.000] G5=[-0.752 -0.847 -0.003 12.539 0.048]
INFO  [mc_indi_tiltrotor] T2dbg2 Wu25=[1.0 8.7] du25=[0.0874 0.0013] dmax25=[32.4609 0.0120] nu_yaw=-0.015
INFO  [mc_indi_tiltrotor] WRdbg0 Wu0=1 lo0=-15.35 du0=-0.0900 pin0=0.072 a0=[-0.026 -0.067 -0.005 0.000 -0.064]
INFO  [mc_indi_tiltrotor] WRdbg1 Wu1=1 lo1=-15.14 du1=-0.0712 pin1=0.034 a1=[0.023 -0.060 -0.006 -0.001 -0.061]
INFO  [mc_indi_tiltrotor] T0dbg1 G0=[-0.249 0.222 -0.064 0.469 -0.883] nu_des=[0.01 0.15 -0.03 -0.68 0.19]
INFO  [mc_indi_tiltrotor] T0dbg2 Ws34=[0.1 20.0] Wu0=1.0 du0=0.0247 dmin0=-14.8128 dmax0=30.1872
INFO  [mc_indi_tiltrotor] T2dbg1 G2=[-0.000 -0.650 0.060 0.004 -1.000] G5=[-0.766 -0.859 -0.003 12.772 0.054]
INFO  [mc_indi_tiltrotor] T2dbg2 Wu25=[1.0 8.7] du25=[-0.2045 -0.0038] dmax25=[32.2275 0.0120] nu_yaw=-0.027
INFO  [mc_indi_tiltrotor] WRdbg0 Wu0=1 lo0=-14.81 du0=0.0247 pin0=0.000 a0=[-0.018 0.045 0.007 -0.004 -0.005]
INFO  [mc_indi_tiltrotor] WRdbg1 Wu1=1 lo1=-14.52 du1=0.0433 pin1=0.000 a1=[0.027 0.061 -0.005 -0.003 -0.037]
INFO  [mc_indi_tiltrotor] YWdbg nu2=-0.032 ach2=-0.029 r=0.01 wsp2=-0.04 ddelta=[0.0020 0.0007 -0.0048]
INFO  [mc_indi_tiltrotor] T0dbg1 G0=[-0.247 0.221 -0.072 0.497 -0.868] nu_des=[0.01 0.31 -0.04 -0.23 0.19]
INFO  [mc_indi_tiltrotor] T0dbg2 Ws34=[0.1 20.0] Wu0=1.0 du0=0.0825 dmin0=-14.1096 dmax0=30.8904
INFO  [mc_indi_tiltrotor] T2dbg1 G2=[-0.000 -0.650 0.060 0.005 -1.000] G5=[-0.786 -0.875 -0.004 13.098 0.065]
INFO  [mc_indi_tiltrotor] T2dbg2 Wu25=[1.0 1000000.0] du25=[-0.3989 -0.0050] dmax25=[31.9015 0.0120] nu_yaw=-0.040
INFO  [mc_indi_tiltrotor] WRdbg0 Wu0=1 lo0=-14.11 du0=0.0825 pin0=0.005 a0=[-0.009 0.080 0.012 -0.001 -0.003]
INFO  [mc_indi_tiltrotor] WRdbg1 Wu1=1 lo1=-13.74 du1=0.0940 pin1=-0.010 a1=[0.013 0.137 -0.011 -0.001 -0.035]
INFO  [mc_indi_tiltrotor] T0dbg1 G0=[-0.244 0.219 -0.080 0.523 -0.852] nu_des=[0.01 -0.23 -0.03 0.27 0.35]
INFO  [mc_indi_tiltrotor] T0dbg2 Ws34=[0.1 20.0] Wu0=1.0 du0=-0.2292 dmin0=-13.4900 dmax0=31.5100
INFO  [mc_indi_tiltrotor] T2dbg1 G2=[-0.000 -0.650 0.060 0.005 -1.000] G5=[-0.794 -0.880 -0.004 13.226 0.070]
INFO  [mc_indi_tiltrotor] T2dbg2 Wu25=[1.0 8.6] du25=[0.1759 0.0043] dmax25=[31.7739 0.0120] nu_yaw=-0.026
INFO  [mc_indi_tiltrotor] WRdbg0 Wu0=1 lo0=-13.49 du0=-0.2292 pin0=0.083 a0=[-0.020 -0.149 0.000 -0.000 -0.143]
INFO  [mc_indi_tiltrotor] WRdbg1 Wu1=1 lo1=-13.07 du1=-0.2016 pin1=0.045 a1=[0.017 -0.128 -0.000 0.000 -0.136]
INFO  [mc_indi_tiltrotor] YWdbg nu2=-0.029 ach2=0.026 r=0.01 wsp2=-0.05 ddelta=[0.0120 0.0120 0.0057]
INFO  [mc_indi_tiltrotor] T0dbg1 G0=[-0.242 0.217 -0.088 0.551 -0.835] nu_des=[0.00 -0.22 -0.02 0.99 0.33]
INFO  [mc_indi_tiltrotor] T0dbg2 Ws34=[0.1 20.0] Wu0=1.0 du0=-0.2089 dmin0=-12.6710 dmax0=32.3290
INFO  [mc_indi_tiltrotor] T2dbg1 G2=[-0.000 -0.650 0.060 0.006 -1.000] G5=[-0.780 -0.859 -0.005 12.993 0.078]
INFO  [mc_indi_tiltrotor] T2dbg2 Wu25=[1.0 8.5] du25=[0.1668 0.0047] dmax25=[32.0067 0.0120] nu_yaw=-0.022
INFO  [mc_indi_tiltrotor] WRdbg0 Wu0=1 lo0=-12.67 du0=-0.2089 pin0=0.084 a0=[-0.008 -0.145 0.000 -0.000 -0.140]
INFO  [mc_indi_tiltrotor] WRdbg1 Wu1=1 lo1=-12.17 du1=-0.2022 pin1=0.046 a1=[0.007 -0.124 -0.001 0.001 -0.131]
INFO  [mc_indi_tiltrotor] T0dbg1 G0=[-0.239 0.214 -0.096 0.579 -0.816] nu_des=[0.00 -0.02 -0.04 1.91 0.32]
INFO  [mc_indi_tiltrotor] T0dbg2 Ws34=[0.1 20.0] Wu0=1.0 du0=-0.0722 dmin0=-11.6844 dmax0=33.3156
INFO  [mc_indi_tiltrotor] T2dbg1 G2=[-0.000 -0.650 0.060 0.007 -1.000] G5=[-0.766 -0.834 -0.006 12.772 0.092]
INFO  [mc_indi_tiltrotor] T2dbg2 Wu25=[1.0 8.5] du25=[-0.0507 0.0007] dmax25=[32.2276 0.0120] nu_yaw=-0.038
INFO  [mc_indi_tiltrotor] WRdbg0 Wu0=1 lo0=-11.68 du0=-0.0722 pin0=0.083 a0=[-0.009 -0.011 0.001 -0.001 -0.135]
INFO  [mc_indi_tiltrotor] WRdbg1 Wu1=1 lo1=-11.13 du1=-0.0797 pin1=0.047 a1=[0.008 -0.009 -0.001 0.002 -0.126]
INFO  [mc_indi_tiltrotor] YWdbg nu2=-0.037 ach2=0.009 r=0.01 wsp2=-0.06 ddelta=[0.0120 0.0120 0.0014]
INFO  [mc_indi_tiltrotor] T0dbg1 G0=[-0.235 0.211 -0.104 0.606 -0.796] nu_des=[0.00 0.31 -0.05 2.79 0.24]
INFO  [mc_indi_tiltrotor] T0dbg2 Ws34=[0.1 20.0] Wu0=1.0 du0=0.0936 dmin0=-10.8918 dmax0=34.1082
INFO  [mc_indi_tiltrotor] T2dbg1 G2=[-0.001 -0.651 0.060 0.009 -1.000] G5=[-0.736 -0.790 -0.006 12.263 0.106]
INFO  [mc_indi_tiltrotor] T2dbg2 Wu25=[1.0 8.4] du25=[-0.4161 -0.0046] dmax25=[32.7368 0.0120] nu_yaw=-0.049
INFO  [mc_indi_tiltrotor] WRdbg0 Wu0=1 lo0=-10.89 du0=0.0936 pin0=0.000 a0=[-0.001 0.065 0.022 0.012 -0.004]
INFO  [mc_indi_tiltrotor] WRdbg1 Wu1=1 lo1=-10.28 du1=0.0720 pin1=0.000 a1=[0.002 0.118 -0.022 0.011 -0.036]
INFO  [mc_indi_tiltrotor] T0dbg1 G0=[-0.232 0.209 -0.111 0.631 -0.776] nu_des=[0.01 0.29 -0.04 3.65 0.22]
INFO  [mc_indi_tiltrotor] T0dbg2 Ws34=[0.1 20.0] Wu0=1.0 du0=0.0703 dmin0=-10.2253 dmax0=34.7747
INFO  [mc_indi_tiltrotor] T2dbg1 G2=[-0.001 -0.651 0.060 0.011 -1.000] G5=[-0.719 -0.749 -0.008 11.977 0.137]
INFO  [mc_indi_tiltrotor] T2dbg2 Wu25=[1.0 8.3] du25=[-0.3818 -0.0045] dmax25=[33.0226 0.0120] nu_yaw=-0.040
INFO  [mc_indi_tiltrotor] WRdbg0 Wu0=1 lo0=-10.23 du0=0.0703 pin0=0.000 a0=[-0.017 0.057 0.019 0.015 -0.004]
INFO  [mc_indi_tiltrotor] WRdbg1 Wu1=1 lo1=-9.54 du1=0.0942 pin1=0.000 a1=[0.024 0.108 -0.019 0.014 -0.033]
INFO  [mc_indi_tiltrotor] YWdbg nu2=-0.045 ach2=-0.039 r=0.01 wsp2=-0.06 ddelta=[0.0062 0.0008 -0.0020]
INFO  [mc_indi_tiltrotor] T0dbg1 G0=[-0.228 0.205 -0.119 0.657 -0.754] nu_des=[0.01 -0.17 -0.02 4.74 0.28]
INFO  [mc_indi_tiltrotor] T0dbg2 Ws34=[0.1 20.0] Wu0=1.0 du0=-0.1939 dmin0=-9.3581 dmax0=35.6419
INFO  [mc_indi_tiltrotor] T2dbg1 G2=[-0.001 -0.651 0.060 0.015 -1.000] G5=[-0.675 -0.677 -0.010 11.247 0.169]
INFO  [mc_indi_tiltrotor] T2dbg2 Wu25=[1.0 8.3] du25=[0.1216 0.0036] dmax25=[33.7519 0.0120] nu_yaw=-0.022
INFO  [mc_indi_tiltrotor] WRdbg0 Wu0=1 lo0=-9.36 du0=-0.1939 pin0=0.082 a0=[-0.024 -0.123 0.000 -0.002 -0.128]
INFO  [mc_indi_tiltrotor] WRdbg1 Wu1=1 lo1=-8.65 du1=-0.1518 pin1=0.047 a1=[0.019 -0.104 -0.001 0.003 -0.116]
INFO  [mc_indi_tiltrotor] T0dbg1 G0=[-0.226 0.204 -0.123 0.669 -0.744] nu_des=[-0.00 1.69 -0.04 2.48 2.50]
INFO  [mc_indi_tiltrotor] T0dbg2 Ws34=[0.1 20.0] Wu0=1.0 du0=0.1715 dmin0=-11.3075 dmax0=33.6925
INFO  [mc_indi_tiltrotor] T2dbg1 G2=[-0.001 -0.651 0.060 0.016 -1.000] G5=[-0.585 -0.583 -0.009 9.750 0.154]
INFO  [mc_indi_tiltrotor] T2dbg2 Wu25=[1.0 1000000.0] du25=[-2.5413 -0.0120] dmax25=[35.2492 0.0120] nu_yaw=-0.036
INFO  [mc_indi_tiltrotor] WRdbg0 Wu0=1 lo0=-11.31 du0=0.1715 pin0=0.112 a0=[0.007 1.202 0.000 0.000 -1.149]
INFO  [mc_indi_tiltrotor] WRdbg1 Wu1=1 lo1=-10.28 du1=0.0707 pin1=0.039 a1=[-0.006 1.084 -0.000 0.000 -1.046]
INFO  [mc_indi_tiltrotor] YWdbg nu2=0.254 ach2=0.592 r=0.03 wsp2=-0.09 ddelta=[0.0120 0.0120 0.0120]
INFO  [mc_indi_tiltrotor] T0dbg1 G0=[-0.225 0.203 -0.124 0.672 -0.740] nu_des=[0.01 0.77 0.09 -1.05 2.64]
INFO  [mc_indi_tiltrotor] T0dbg2 Ws34=[0.1 20.0] Wu0=1.0 du0=-0.5582 dmin0=-14.3444 dmax0=30.6556
INFO  [mc_indi_tiltrotor] T2dbg1 G2=[-0.001 -0.651 0.060 0.013 -1.000] G5=[-0.771 -0.791 -0.010 12.843 0.166]
INFO  [mc_indi_tiltrotor] T2dbg2 Wu25=[1.0 1000000.0] du25=[-1.5718 -0.0120] dmax25=[32.1556 0.0120] nu_yaw=0.086
INFO  [mc_indi_tiltrotor] WRdbg0 Wu0=1 lo0=-14.34 du0=-0.5582 pin0=0.145 a0=[-0.034 0.552 -0.000 -0.000 -1.221]
INFO  [mc_indi_tiltrotor] WRdbg1 Wu1=1 lo1=-13.09 du1=-0.5323 pin1=0.050 a1=[0.029 0.499 0.000 -0.000 -1.111]
INFO  [mc_indi_tiltrotor] T0dbg1 G0=[-0.225 0.203 -0.125 0.677 -0.736] nu_des=[0.00 -4.10 0.06 4.25 3.27]
INFO  [mc_indi_tiltrotor] T0dbg2 Ws34=[0.1 20.0] Wu0=1.0 du0=-4.3888 dmin0=-9.4113 dmax0=35.5887
INFO  [mc_indi_tiltrotor] T2dbg1 G2=[-0.001 -0.651 0.060 0.012 -1.000] G5=[-1.034 -1.076 -0.012 17.225 0.200]
INFO  [mc_indi_tiltrotor] T2dbg2 Wu25=[1.0 1000000.0] du25=[3.5440 0.0120] dmax25=[27.7738 0.0120] nu_yaw=0.061
INFO  [mc_indi_tiltrotor] WRdbg0 Wu0=1 lo0=-9.41 du0=-4.3888 pin0=0.069 a0=[-0.002 -2.938 -0.000 0.000 -1.518]
INFO  [mc_indi_tiltrotor] WRdbg1 Wu1=1 lo1=-8.54 du1=-3.9504 pin1=0.085 a1=[0.002 -2.656 0.000 0.000 -1.381]
INFO  [mc_indi_tiltrotor] YWdbg nu2=-0.226 ach2=-0.404 r=0.03 wsp2=-0.11 ddelta=[-0.0120 -0.0120 -0.0115]
INFO  [mc_indi_tiltrotor] T0dbg1 G0=[-0.224 0.202 -0.126 0.679 -0.735] nu_des=[0.00 5.10 -0.23 6.77 2.32]
INFO  [mc_indi_tiltrotor] T0dbg2 Ws34=[0.1 20.0] Wu0=1.0 du0=2.5310 dmin0=-7.1499 dmax0=36.0000
INFO  [mc_indi_tiltrotor] T2dbg1 G2=[-0.001 -0.651 0.060 0.011 -1.000] G5=[-0.944 -0.992 -0.010 15.733 0.168]
INFO  [mc_indi_tiltrotor] T2dbg2 Wu25=[1.0 1000000.0] du25=[-6.2457 -0.0107] dmax25=[29.2658 0.0120] nu_yaw=-0.225
INFO  [mc_indi_tiltrotor] WRdbg0 Wu0=1 lo0=-7.15 du0=2.5310 pin0=-0.052 a0=[-0.003 3.667 0.000 0.000 -1.081]
INFO  [mc_indi_tiltrotor] WRdbg1 Wu1=1 lo1=-6.39 du1=2.2742 pin1=-0.067 a1=[0.002 3.326 -0.000 0.000 -0.987]
INFO  [mc_indi_tiltrotor] T0dbg1 G0=[-0.224 0.202 -0.127 0.682 -0.732] nu_des=[0.00 -0.68 0.06 3.16 2.33]
INFO  [mc_indi_tiltrotor] T0dbg2 Ws34=[0.1 20.0] Wu0=1.0 du0=-1.4977 dmin0=-10.2785 dmax0=34.7215
INFO  [mc_indi_tiltrotor] T2dbg1 G2=[-0.001 -0.651 0.060 0.009 -1.000] G5=[-0.709 -0.756 -0.007 11.818 0.109]
INFO  [mc_indi_tiltrotor] T2dbg2 Wu25=[1.0 1000000.0] du25=[0.0737 0.0120] dmax25=[33.1816 0.0120] nu_yaw=0.058
INFO  [mc_indi_tiltrotor] WRdbg0 Wu0=1 lo0=-10.28 du0=-1.4977 pin0=0.084 a0=[-0.006 -0.487 -0.000 0.000 -1.088]
INFO  [mc_indi_tiltrotor] WRdbg1 Wu1=1 lo1=-9.24 du1=-1.3480 pin1=0.082 a1=[0.006 -0.443 0.000 0.000 -0.993]
INFO  [mc_indi_tiltrotor] YWdbg nu2=0.150 ach2=0.585 r=0.00 wsp2=-0.12 ddelta=[0.0120 0.0120 0.0120]
INFO  [mc_indi_tiltrotor] T0dbg1 G0=[-0.223 0.201 -0.129 0.688 -0.726] nu_des=[-0.01 -0.49 -0.09 7.66 2.98]
INFO  [mc_indi_tiltrotor] T0dbg2 Ws34=[0.1 20.0] Wu0=1.0 du0=-1.7072 dmin0=-6.1551 dmax0=36.0000
INFO  [mc_indi_tiltrotor] T2dbg1 G2=[-0.001 -0.651 0.060 0.012 -1.000] G5=[-1.171 -1.220 -0.014 19.523 0.225]
INFO  [mc_indi_tiltrotor] T2dbg2 Wu25=[1.0 1000000.0] du25=[-0.3357 0.0120] dmax25=[25.4757 0.0120] nu_yaw=-0.090
INFO  [mc_indi_tiltrotor] WRdbg0 Wu0=1 lo0=-6.16 du0=-1.7072 pin0=0.038 a0=[0.017 -0.356 0.000 0.000 -1.407]
INFO  [mc_indi_tiltrotor] WRdbg1 Wu1=1 lo1=-5.52 du1=-1.5464 pin1=0.075 a1=[-0.015 -0.323 -0.000 0.000 -1.284]
INFO  [mc_indi_tiltrotor] T0dbg1 G0=[-0.222 0.200 -0.130 0.692 -0.722] nu_des=[0.01 5.40 -0.20 4.88 2.98]
INFO  [mc_indi_tiltrotor] T0dbg2 Ws34=[0.1 20.0] Wu0=1.0 du0=2.4529 dmin0=-8.5743 dmax0=36.0000
INFO  [mc_indi_tiltrotor] T2dbg1 G2=[-0.001 -0.651 0.060 0.010 -1.000] G5=[-0.909 -0.957 -0.010 15.149 0.159]
INFO  [mc_indi_tiltrotor] T2dbg2 Wu25=[1.0 1000000.0] du25=[-6.7613 -0.0105] dmax25=[29.8500 0.0120] nu_yaw=-0.204
INFO  [mc_indi_tiltrotor] WRdbg0 Wu0=1 lo0=-8.57 du0=2.4529 pin0=-0.069 a0=[-0.014 3.947 0.000 0.000 -1.411]
INFO  [mc_indi_tiltrotor] WRdbg1 Wu1=1 lo1=-7.60 du1=2.2280 pin1=-0.078 a1=[0.013 3.581 -0.000 0.000 -1.288]
INFO  [mc_indi_tiltrotor] YWdbg nu2=-0.160 ach2=-0.464 r=0.02 wsp2=-0.12 ddelta=[-0.0120 -0.0120 -0.0101]
INFO  [mc_indi_tiltrotor] T0dbg1 G0=[-0.221 0.200 -0.131 0.697 -0.717] nu_des=[-0.00 -5.34 0.15 4.86 2.63]
INFO  [mc_indi_tiltrotor] T0dbg2 Ws34=[0.1 20.0] Wu0=1.0 du0=-5.1063 dmin0=-8.4706 dmax0=36.0000
INFO  [mc_indi_tiltrotor] T2dbg1 G2=[-0.001 -0.651 0.060 0.010 -1.000] G5=[-0.873 -0.921 -0.009 14.542 0.149]
INFO  [mc_indi_tiltrotor] T2dbg2 Wu25=[1.0 1000000.0] du25=[5.0522 0.0120] dmax25=[30.4575 0.0120] nu_yaw=0.154
INFO  [mc_indi_tiltrotor] WRdbg0 Wu0=1 lo0=-8.47 du0=-5.1063 pin0=0.068 a0=[0.003 -3.925 -0.000 0.000 -1.252]
INFO  [mc_indi_tiltrotor] WRdbg1 Wu1=1 lo1=-7.55 du1=-4.6251 pin1=0.082 a1=[-0.003 -3.561 0.000 0.000 -1.143]
INFO  [mc_indi_tiltrotor] T0dbg1 G0=[-0.220 0.199 -0.133 0.703 -0.711] nu_des=[-0.01 4.58 -0.26 8.10 2.08]
INFO  [mc_indi_tiltrotor] T0dbg2 Ws34=[0.1 20.0] Wu0=1.0 du0=2.3720 dmin0=-5.6262 dmax0=36.0000
INFO  [mc_indi_tiltrotor] T2dbg1 G2=[-0.001 -0.651 0.060 0.011 -1.000] G5=[-1.090 -1.139 -0.012 18.160 0.204]
INFO  [mc_indi_tiltrotor] T2dbg2 Wu25=[1.0 1000000.0] du25=[-5.5838 -0.0112] dmax25=[26.8385 0.0120] nu_yaw=-0.263
INFO  [mc_indi_tiltrotor] WRdbg0 Wu0=1 lo0=-5.63 du0=2.3720 pin0=-0.038 a0=[0.019 3.390 0.000 0.000 -0.999]
INFO  [mc_indi_tiltrotor] WRdbg1 Wu1=1 lo1=-4.96 du1=2.0762 pin1=-0.070 a1=[-0.016 3.074 -0.000 0.000 -0.911]
INFO  [mc_indi_tiltrotor] YWdbg nu2=-0.215 ach2=-0.301 r=0.01 wsp2=-0.13 ddelta=[-0.0120 -0.0120 -0.0115]
INFO  [mc_indi_tiltrotor] T0dbg1 G0=[-0.219 0.198 -0.134 0.706 -0.708] nu_des=[-0.00 0.20 0.03 2.89 2.52]
INFO  [mc_indi_tiltrotor] T0dbg2 Ws34=[0.1 20.0] Wu0=1.0 du0=-0.9724 dmin0=-9.9508 dmax0=35.0492
INFO  [mc_indi_tiltrotor] T2dbg1 G2=[-0.001 -0.651 0.060 0.009 -1.000] G5=[-0.709 -0.756 -0.007 11.820 0.110]
INFO  [mc_indi_tiltrotor] T2dbg2 Wu25=[1.0 8.1] du25=[-0.9380 0.0037] dmax25=[33.1795 0.0120] nu_yaw=0.026
INFO  [mc_indi_tiltrotor] WRdbg0 Wu0=1 lo0=-9.95 du0=-0.9724 pin0=0.100 a0=[0.001 0.151 -0.001 -0.001 -1.222]
INFO  [mc_indi_tiltrotor] WRdbg1 Wu1=1 lo1=-8.90 du1=-0.9058 pin1=0.065 a1=[-0.001 0.127 0.002 0.002 -1.101]
INFO  [mc_indi_tiltrotor] T0dbg1 G0=[-0.218 0.197 -0.136 0.711 -0.703] nu_des=[-0.00 -3.81 0.05 6.63 3.16]
INFO  [mc_indi_tiltrotor] T0dbg2 Ws34=[0.1 20.0] Wu0=1.0 du0=-4.3251 dmin0=-6.7064 dmax0=36.0000
INFO  [mc_indi_tiltrotor] T2dbg1 G2=[-0.001 -0.651 0.060 0.011 -1.000] G5=[-1.072 -1.123 -0.012 17.873 0.198]
INFO  [mc_indi_tiltrotor] T2dbg2 Wu25=[1.0 1000000.0] du25=[3.2080 0.0120] dmax25=[27.1258 0.0120] nu_yaw=0.047
INFO  [mc_indi_tiltrotor] WRdbg0 Wu0=1 lo0=-6.71 du0=-4.3251 pin0=0.050 a0=[0.011 -2.853 -0.000 0.000 -1.532]
INFO  [mc_indi_tiltrotor] WRdbg1 Wu1=1 lo1=-5.98 du1=-3.9151 pin1=0.081 a1=[-0.009 -2.588 0.000 0.000 -1.399]
INFO  [mc_indi_tiltrotor] YWdbg nu2=0.120 ach2=0.368 r=0.01 wsp2=-0.15 ddelta=[0.0120 0.0120 0.0120]
INFO  [mc_indi_tiltrotor] T0dbg1 G0=[-0.217 0.197 -0.137 0.716 -0.698] nu_des=[0.00 5.47 -0.28 7.03 2.34]
INFO  [mc_indi_tiltrotor] T0dbg2 Ws34=[0.1 20.0] Wu0=1.0 du0=2.9293 dmin0=-6.3344 dmax0=36.0000
INFO  [mc_indi_tiltrotor] T2dbg1 G2=[-0.001 -0.651 0.060 0.011 -1.000] G5=[-1.056 -1.107 -0.012 17.602 0.193]
INFO  [mc_indi_tiltrotor] T2dbg2 Wu25=[1.0 1000000.0] du25=[-6.6159 -0.0110] dmax25=[27.3972 0.0120] nu_yaw=-0.276
INFO  [mc_indi_tiltrotor] WRdbg0 Wu0=1 lo0=-6.33 du0=2.9293 pin0=-0.049 a0=[-0.000 4.119 0.000 0.000 -1.142]
INFO  [mc_indi_tiltrotor] WRdbg1 Wu1=1 lo1=-5.60 du1=2.6200 pin1=-0.076 a1=[0.000 3.738 -0.000 0.000 -1.042]
INFO  [mc_indi_tiltrotor] T0dbg1 G0=[-0.217 0.196 -0.138 0.718 -0.696] nu_des=[-0.00 -2.02 0.07 2.51 2.21]
INFO  [mc_indi_tiltrotor] T0dbg2 Ws34=[0.1 20.0] Wu0=1.0 du0=-2.5055 dmin0=-9.9887 dmax0=35.0113
INFO  [mc_indi_tiltrotor] T2dbg1 G2=[-0.001 -0.651 0.060 0.010 -1.000] G5=[-0.744 -0.791 -0.007 12.394 0.118]
INFO  [mc_indi_tiltrotor] T2dbg2 Wu25=[1.0 1000000.0] du25=[1.5436 0.0120] dmax25=[32.6056 0.0120] nu_yaw=0.068
INFO  [mc_indi_tiltrotor] WRdbg0 Wu0=1 lo0=-9.99 du0=-2.5055 pin0=0.091 a0=[0.009 -1.523 -0.000 0.000 -1.083]
INFO  [mc_indi_tiltrotor] WRdbg1 Wu1=1 lo1=-8.89 du1=-2.2887 pin1=0.095 a1=[-0.008 -1.386 0.000 0.000 -0.990]
INFO  [mc_indi_tiltrotor] YWdbg nu2=-0.286 ach2=-0.596 r=0.02 wsp2=-0.16 ddelta=[-0.0120 -0.0120 -0.0110]
INFO  [mc_indi_tiltrotor] T0dbg1 G0=[-0.216 0.195 -0.139 0.722 -0.692] nu_des=[0.01 -2.21 -0.04 7.76 3.31]
INFO  [mc_indi_tiltrotor] T0dbg2 Ws34=[0.1 20.0] Wu0=1.0 du0=-3.2882 dmin0=-5.6143 dmax0=36.0000
INFO  [mc_indi_tiltrotor] T2dbg1 G2=[-0.001 -0.651 0.060 0.012 -1.000] G5=[-1.179 -1.228 -0.014 19.658 0.228]
INFO  [mc_indi_tiltrotor] T2dbg2 Wu25=[1.0 1000000.0] du25=[1.4106 0.0120] dmax25=[25.3412 0.0120] nu_yaw=-0.041
INFO  [mc_indi_tiltrotor] WRdbg0 Wu0=1 lo0=-5.61 du0=-3.2882 pin0=0.038 a0=[-0.013 -1.681 0.000 0.000 -1.633]
INFO  [mc_indi_tiltrotor] WRdbg1 Wu1=1 lo1=-4.97 du1=-2.9314 pin1=0.080 a1=[0.011 -1.528 -0.000 0.000 -1.495]
INFO  [mc_indi_tiltrotor] T0dbg1 G0=[-0.216 0.195 -0.140 0.726 -0.688] nu_des=[0.00 6.06 -0.29 6.52 2.62]
INFO  [mc_indi_tiltrotor] T0dbg2 Ws34=[0.1 20.0] Wu0=1.0 du0=3.2683 dmin0=-6.5768 dmax0=36.0000
INFO  [mc_indi_tiltrotor] T2dbg1 G2=[-0.001 -0.651 0.060 0.011 -1.000] G5=[-1.050 -1.101 -0.012 17.506 0.192]
INFO  [mc_indi_tiltrotor] T2dbg2 Wu25=[1.0 1000000.0] du25=[-7.3365 -0.0110] dmax25=[27.4931 0.0120] nu_yaw=-0.290
INFO  [mc_indi_tiltrotor] WRdbg0 Wu0=1 lo0=-6.58 du0=3.2683 pin0=-0.053 a0=[-0.011 4.631 0.000 0.000 -1.298]
INFO  [mc_indi_tiltrotor] WRdbg1 Wu1=1 lo1=-5.85 du1=2.9538 pin1=-0.081 a1=[0.010 4.213 -0.000 0.000 -1.189]
INFO  [mc_indi_tiltrotor] YWdbg nu2=0.072 ach2=0.475 r=-0.00 wsp2=-0.17 ddelta=[0.0120 0.0120 0.0120]
INFO  [mc_indi_tiltrotor] T0dbg1 G0=[-0.215 0.195 -0.141 0.728 -0.686] nu_des=[0.01 -2.27 0.07 2.32 2.05]
INFO  [mc_indi_tiltrotor] T0dbg2 Ws34=[0.1 20.0] Wu0=1.0 du0=-2.6980 dmin0=-9.8962 dmax0=35.1038
INFO  [mc_indi_tiltrotor] T2dbg1 G2=[-0.001 -0.651 0.060 0.010 -1.000] G5=[-0.738 -0.784 -0.007 12.304 0.118]
INFO  [mc_indi_tiltrotor] T2dbg2 Wu25=[1.0 1000000.0] du25=[1.8598 0.0120] dmax25=[32.6959 0.0120] nu_yaw=0.074
INFO  [mc_indi_tiltrotor] WRdbg0 Wu0=1 lo0=-9.90 du0=-2.6980 pin0=0.093 a0=[-0.029 -1.742 -0.000 0.000 -1.019]
INFO  [mc_indi_tiltrotor] WRdbg1 Wu1=1 lo1=-8.81 du1=-2.3991 pin1=0.099 a1=[0.026 -1.589 0.000 0.000 -0.935]
INFO  [mc_indi_tiltrotor] T0dbg1 G0=[-0.214 0.194 -0.142 0.732 -0.681] nu_des=[0.00 -3.37 -0.01 6.98 3.30]
INFO  [mc_indi_tiltrotor] T0dbg2 Ws34=[0.1 20.0] Wu0=1.0 du0=-4.2009 dmin0=-6.1241 dmax0=36.0000
INFO  [mc_indi_tiltrotor] T2dbg1 G2=[-0.001 -0.651 0.060 0.011 -1.000] G5=[-1.120 -1.169 -0.013 18.663 0.211]
INFO  [mc_indi_tiltrotor] T2dbg2 Wu25=[1.0 1000000.0] du25=[2.6564 0.0120] dmax25=[26.3355 0.0120] nu_yaw=-0.006
INFO  [mc_indi_tiltrotor] WRdbg0 Wu0=1 lo0=-6.12 du0=-4.2009 pin0=0.047 a0=[-0.002 -2.598 0.000 0.000 -1.648]
INFO  [mc_indi_tiltrotor] WRdbg1 Wu1=1 lo1=-5.39 du1=-3.7941 pin1=0.085 a1=[0.001 -2.369 -0.000 0.000 -1.512]
INFO  [mc_indi_tiltrotor] YWdbg nu2=-0.211 ach2=-0.509 r=0.02 wsp2=-0.19 ddelta=[-0.0120 -0.0120 -0.0106]
INFO  [mc_indi_tiltrotor] T0dbg1 G0=[-0.214 0.193 -0.143 0.734 -0.679] nu_des=[-0.00 5.88 -0.26 5.37 2.86]
INFO  [mc_indi_tiltrotor] T0dbg2 Ws34=[0.1 20.0] Wu0=1.0 du0=3.0575 dmin0=-7.3682 dmax0=36.0000
INFO  [mc_indi_tiltrotor] T2dbg1 G2=[-0.001 -0.651 0.060 0.011 -1.000] G5=[-0.971 -1.017 -0.011 16.186 0.179]
INFO  [mc_indi_tiltrotor] T2dbg2 Wu25=[1.0 1000000.0] du25=[-7.1982 -0.0110] dmax25=[28.8131 0.0120] nu_yaw=-0.263
INFO  [mc_indi_tiltrotor] WRdbg0 Wu0=1 lo0=-7.37 du0=3.0575 pin0=-0.065 a0=[0.011 4.545 0.000 0.000 -1.434]
INFO  [mc_indi_tiltrotor] WRdbg1 Wu1=1 lo1=-6.50 du1=2.7367 pin1=-0.087 a1=[-0.010 4.152 -0.000 0.000 -1.318]
INFO  [mc_indi_tiltrotor] T0dbg1 G0=[-0.213 0.193 -0.143 0.736 -0.677] nu_des=[-0.01 -5.15 0.11 3.40 2.21]
INFO  [mc_indi_tiltrotor] T0dbg2 Ws34=[0.1 20.0] Wu0=1.0 du0=-4.9959 dmin0=-8.8551 dmax0=36.0000
INFO  [mc_indi_tiltrotor] T2dbg1 G2=[-0.001 -0.651 0.060 0.010 -1.000] G5=[-0.792 -0.835 -0.008 13.197 0.136]
INFO  [mc_indi_tiltrotor] T2dbg2 Wu25=[1.0 1000000.0] du25=[4.9015 0.0120] dmax25=[31.8025 0.0120] nu_yaw=0.108
INFO  [mc_indi_tiltrotor] WRdbg0 Wu0=1 lo0=-8.86 du0=-4.9959 pin0=0.083 a0=[0.026 -3.993 -0.000 0.000 -1.112]
INFO  [mc_indi_tiltrotor] WRdbg1 Wu1=1 lo1=-7.87 du1=-4.6063 pin1=0.097 a1=[-0.023 -3.656 0.000 0.000 -1.024]
INFO  [mc_indi_tiltrotor] YWdbg nu2=-0.163 ach2=-0.022 r=0.00 wsp2=-0.20 ddelta=[0.0120 0.0120 -0.0020]
INFO  [mc_indi_tiltrotor] T0dbg1 G0=[-0.213 0.192 -0.145 0.740 -0.673] nu_des=[-0.00 0.35 -0.18 8.59 2.84]
INFO  [mc_indi_tiltrotor] T0dbg2 Ws34=[0.1 20.0] Wu0=1.0 du0=-1.1050 dmin0=-4.7531 dmax0=36.0000
INFO  [mc_indi_tiltrotor] T2dbg1 G2=[-0.001 -0.651 0.060 0.012 -1.000] G5=[-1.203 -1.246 -0.015 20.043 0.242]
INFO  [mc_indi_tiltrotor] T2dbg2 Wu25=[1.0 7.9] du25=[-1.2097 -0.0011] dmax25=[24.9558 0.0120] nu_yaw=-0.182
INFO  [mc_indi_tiltrotor] WRdbg0 Wu0=1 lo0=-4.75 du0=-1.1050 pin0=0.053 a0=[0.005 0.286 0.020 -0.010 -1.459]
INFO  [mc_indi_tiltrotor] WRdbg1 Wu1=1 lo1=-4.18 du1=-1.0477 pin1=0.037 a1=[-0.004 0.216 -0.039 0.019 -1.277]
INFO  [mc_indi_tiltrotor] T0dbg1 G0=[-0.212 0.192 -0.145 0.742 -0.670] nu_des=[0.00 5.22 -0.23 -10.57 2.88]
INFO  [mc_indi_tiltrotor] T0dbg2 Ws34=[0.1 20.0] Wu0=1.0 du0=2.5522 dmin0=-7.9436 dmax0=36.0000
INFO  [mc_indi_tiltrotor] T2dbg1 G2=[-0.001 -0.651 0.060 0.010 -1.000] G5=[-0.929 -0.984 -0.009 15.478 0.153]
INFO  [mc_indi_tiltrotor] T2dbg2 Wu25=[1.0 1000000.0] du25=[-6.4920 -0.0099] dmax25=[29.5213 0.0120] nu_yaw=-0.228
INFO  [mc_indi_tiltrotor] WRdbg0 Wu0=1 lo0=-7.94 du0=2.5522 pin0=-0.075 a0=[-0.003 4.091 0.000 -0.000 -1.461]
INFO  [mc_indi_tiltrotor] WRdbg1 Wu1=1 lo1=-7.05 du1=2.3170 pin1=-0.091 a1=[0.003 3.753 -0.000 -0.000 -1.347]
INFO  [mc_indi_tiltrotor] YWdbg nu2=-0.038 ach2=-0.060 r=0.02 wsp2=-0.21 ddelta=[0.0120 0.0120 -0.0088]
INFO  [mc_indi_tiltrotor] T0dbg1 G0=[-0.211 0.191 -0.147 0.746 -0.665] nu_des=[-0.01 -4.88 0.09 -11.93 2.05]
INFO  [mc_indi_tiltrotor] T0dbg2 Ws34=[0.1 20.0] Wu0=1.0 du0=-4.7904 dmin0=-8.9430 dmax0=36.0000
INFO  [mc_indi_tiltrotor] T2dbg1 G2=[-0.001 -0.651 0.060 0.009 -1.000] G5=[-0.801 -0.853 -0.007 13.352 0.125]
INFO  [mc_indi_tiltrotor] T2dbg2 Wu25=[1.0 1000000.0] du25=[4.6394 0.0120] dmax25=[31.6469 0.0120] nu_yaw=0.089
INFO  [mc_indi_tiltrotor] WRdbg0 Wu0=1 lo0=-8.94 du0=-4.7904 pin0=0.087 a0=[0.013 -3.842 -0.000 -0.000 -1.048]
INFO  [mc_indi_tiltrotor] WRdbg1 Wu1=1 lo1=-7.91 du1=-4.4044 pin1=0.102 a1=[-0.012 -3.527 0.000 -0.000 -0.967]
INFO  [mc_indi_tiltrotor] T0dbg1 G0=[-0.210 0.190 -0.148 0.751 -0.661] nu_des=[0.01 -0.18 -0.15 -6.73 2.71]
INFO  [mc_indi_tiltrotor] T0dbg2 Ws34=[0.1 20.0] Wu0=1.0 du0=-1.5000 dmin0=-4.9227 dmax0=36.0000
INFO  [mc_indi_tiltrotor] T2dbg1 G2=[-0.001 -0.651 0.060 0.011 -1.000] G5=[-1.183 -1.242 -0.013 19.715 0.212]
INFO  [mc_indi_tiltrotor] T2dbg2 Wu25=[1.0 7.8] du25=[-0.6143 0.0031] dmax25=[25.2836 0.0120] nu_yaw=-0.152
INFO  [mc_indi_tiltrotor] WRdbg0 Wu0=1 lo0=-4.92 du0=-1.5000 pin0=0.057 a0=[-0.011 -0.152 0.017 0.007 -1.419]
INFO  [mc_indi_tiltrotor] WRdbg1 Wu1=1 lo1=-4.30 du1=-1.3573 pin1=0.040 a1=[0.008 -0.115 -0.035 -0.015 -1.240]
INFO  [mc_indi_tiltrotor] YWdbg nu2=-0.238 ach2=-0.228 r=0.01 wsp2=-0.22 ddelta=[-0.0120 -0.0120 -0.0110]
INFO  [mc_indi_tiltrotor] T0dbg1 G0=[-0.210 0.190 -0.149 0.754 -0.657] nu_des=[0.00 5.59 -0.25 -10.66 2.85]
INFO  [mc_indi_tiltrotor] T0dbg2 Ws34=[0.1 20.0] Wu0=1.0 du0=2.9017 dmin0=-7.8349 dmax0=36.0000
INFO  [mc_indi_tiltrotor] T2dbg1 G2=[-0.001 -0.651 0.060 0.010 -1.000] G5=[-0.947 -1.005 -0.009 15.781 0.154]
INFO  [mc_indi_tiltrotor] T2dbg2 Wu25=[1.0 1000000.0] du25=[-6.8668 -0.0098] dmax25=[29.2186 0.0120] nu_yaw=-0.254
INFO  [mc_indi_tiltrotor] WRdbg0 Wu0=1 lo0=-7.83 du0=2.9017 pin0=-0.077 a0=[-0.002 4.454 0.000 -0.000 -1.473]
INFO  [mc_indi_tiltrotor] WRdbg1 Wu1=1 lo1=-6.96 du1=2.6387 pin1=-0.094 a1=[0.001 4.093 -0.000 -0.000 -1.361]
INFO  [mc_indi_tiltrotor] T0dbg1 G0=[-0.209 0.189 -0.150 0.757 -0.654] nu_des=[-0.01 -3.56 0.05 -12.53 1.96]
INFO  [mc_indi_tiltrotor] T0dbg2 Ws34=[0.1 20.0] Wu0=1.0 du0=-3.7596 dmin0=-9.1811 dmax0=35.8189
INFO  [mc_indi_tiltrotor] T2dbg1 G2=[-0.001 -0.651 0.060 0.009 -1.000] G5=[-0.772 -0.825 -0.007 12.859 0.115]
INFO  [mc_indi_tiltrotor] T2dbg2 Wu25=[1.0 1000000.0] du25=[3.2446 0.0120] dmax25=[32.1408 0.0120] nu_yaw=0.051
INFO  [mc_indi_tiltrotor] WRdbg0 Wu0=1 lo0=-9.18 du0=-3.7596 pin0=0.094 a0=[0.018 -2.855 -0.000 -0.000 -1.016]
INFO  [mc_indi_tiltrotor] WRdbg1 Wu1=1 lo1=-8.19 du1=-3.4754 pin1=0.108 a1=[-0.016 -2.627 0.000 -0.000 -0.940]
INFO  [mc_indi_tiltrotor] YWdbg nu2=0.029 ach2=0.213 r=0.01 wsp2=-0.24 ddelta=[0.0120 0.0120 0.0120]
INFO  [mc_indi_tiltrotor] T0dbg1 G0=[-0.208 0.188 -0.151 0.761 -0.648] nu_des=[0.00 -2.00 -0.10 -7.58 2.96]
INFO  [mc_indi_tiltrotor] T0dbg2 Ws34=[0.1 20.0] Wu0=1.0 du0=-3.1267 dmin0=-5.4672 dmax0=36.0000
INFO  [mc_indi_tiltrotor] T2dbg1 G2=[-0.001 -0.651 0.060 0.010 -1.000] G5=[-1.161 -1.223 -0.012 19.347 0.202]
INFO  [mc_indi_tiltrotor] T2dbg2 Wu25=[1.0 1000000.0] du25=[1.2487 0.0120] dmax25=[25.6523 0.0120] nu_yaw=-0.101
INFO  [mc_indi_tiltrotor] WRdbg0 Wu0=1 lo0=-5.47 du0=-3.1267 pin0=0.044 a0=[-0.006 -1.616 0.000 -0.000 -1.549]
INFO  [mc_indi_tiltrotor] WRdbg1 Wu1=1 lo1=-4.77 du1=-2.8234 pin1=0.090 a1=[0.005 -1.486 -0.000 -0.000 -1.432]
INFO  [mc_indi_tiltrotor] T0dbg1 G0=[-0.207 0.188 -0.153 0.765 -0.644] nu_des=[0.00 5.43 -0.32 -7.59 2.34]
INFO  [mc_indi_tiltrotor] T0dbg2 Ws34=[0.1 20.0] Wu0=1.0 du0=3.1178 dmin0=-5.4433 dmax0=36.0000
INFO  [mc_indi_tiltrotor] T2dbg1 G2=[-0.001 -0.651 0.060 0.010 -1.000] G5=[-1.112 -1.172 -0.012 18.538 0.193]
INFO  [mc_indi_tiltrotor] T2dbg2 Wu25=[1.0 1000000.0] du25=[-6.5221 -0.0104] dmax25=[26.4607 0.0120] nu_yaw=-0.319
INFO  [mc_indi_tiltrotor] WRdbg0 Wu0=1 lo0=-5.44 du0=3.1178 pin0=-0.048 a0=[-0.007 4.406 0.000 -0.000 -1.234]
INFO  [mc_indi_tiltrotor] WRdbg1 Wu1=1 lo1=-4.75 du1=2.8356 pin1=-0.084 a1=[0.007 4.054 -0.000 -0.000 -1.141]
INFO  [mc_indi_tiltrotor] YWdbg nu2=-0.203 ach2=-0.074 r=0.01 wsp2=-0.25 ddelta=[0.0120 0.0120 -0.0113]
INFO  [mc_indi_tiltrotor] T0dbg1 G0=[-0.206 0.187 -0.153 0.768 -0.641] nu_des=[-0.00 1.64 -0.06 -13.27 2.68]
INFO  [mc_indi_tiltrotor] T0dbg2 Ws34=[0.1 20.0] Wu0=1.0 du0=0.0448 dmin0=-9.5332 dmax0=35.4668
INFO  [mc_indi_tiltrotor] T2dbg1 G2=[-0.001 -0.651 0.060 0.009 -1.000] G5=[-0.771 -0.826 -0.007 12.857 0.114]
INFO  [mc_indi_tiltrotor] T2dbg2 Wu25=[1.0 1000000.0] du25=[-2.5346 -0.0089] dmax25=[32.1427 0.0120] nu_yaw=-0.063
INFO  [mc_indi_tiltrotor] WRdbg0 Wu0=1 lo0=-9.53 du0=0.0448 pin0=0.126 a0=[0.000 1.333 0.000 -0.000 -1.414]
INFO  [mc_indi_tiltrotor] WRdbg1 Wu1=1 lo1=-8.51 du1=-0.0159 pin1=0.066 a1=[-0.000 1.228 -0.000 -0.000 -1.310]
INFO  [mc_indi_tiltrotor] T0dbg1 G0=[-0.205 0.186 -0.155 0.772 -0.636] nu_des=[0.00 -5.17 0.04 -10.18 2.83]
INFO  [mc_indi_tiltrotor] T0dbg2 Ws34=[0.1 20.0] Wu0=1.0 du0=-5.6841 dmin0=-7.2308 dmax0=36.0000
INFO  [mc_indi_tiltrotor] T2dbg1 G2=[-0.001 -0.651 0.060 0.010 -1.000] G5=[-0.960 -1.015 -0.010 15.995 0.161]
INFO  [mc_indi_tiltrotor] T2dbg2 Wu25=[1.0 1000000.0] du25=[4.6726 0.0120] dmax25=[29.0041 0.0120] nu_yaw=0.044
INFO  [mc_indi_tiltrotor] WRdbg0 Wu0=1 lo0=-7.23 du0=-5.6841 pin0=0.071 a0=[-0.000 -4.248 -0.000 -0.000 -1.508]
INFO  [mc_indi_tiltrotor] WRdbg1 Wu1=1 lo1=-6.41 du1=-5.2087 pin1=0.102 a1=[0.000 -3.914 0.000 -0.000 -1.397]
INFO  [mc_indi_tiltrotor] YWdbg nu2=-0.046 ach2=-0.029 r=0.02 wsp2=-0.26 ddelta=[0.0120 0.0120 -0.0088]
INFO  [mc_indi_tiltrotor] T0dbg1 G0=[-0.204 0.185 -0.156 0.776 -0.631] nu_des=[0.01 3.26 -0.28 -6.22 2.15]
INFO  [mc_indi_tiltrotor] T0dbg2 Ws34=[0.1 20.0] Wu0=1.0 du0=1.4828 dmin0=-4.3591 dmax0=36.0000
INFO  [mc_indi_tiltrotor] T2dbg1 G2=[-0.001 -0.651 0.060 0.011 -1.000] G5=[-1.156 -1.213 -0.013 19.265 0.209]
INFO  [mc_indi_tiltrotor] T2dbg2 Wu25=[1.0 1000000.0] du25=[-4.1305 -0.0109] dmax25=[25.7337 0.0120] nu_yaw=-0.285
INFO  [mc_indi_tiltrotor] WRdbg0 Wu0=1 lo0=-4.36 du0=1.4828 pin0=-0.035 a0=[-0.023 2.693 0.000 -0.000 -1.152]
INFO  [mc_indi_tiltrotor] WRdbg1 Wu1=1 lo1=-3.76 du1=1.3568 pin1=-0.079 a1=[0.021 2.484 -0.000 -0.000 -1.069]
INFO  [mc_indi_tiltrotor] T0dbg1 G0=[-0.204 0.185 -0.157 0.777 -0.629] nu_des=[-0.01 4.06 -0.18 -12.75 3.19]
INFO  [mc_indi_tiltrotor] T0dbg2 Ws34=[0.1 20.0] Wu0=1.0 du0=1.5691 dmin0=-9.0045 dmax0=35.9955
INFO  [mc_indi_tiltrotor] T2dbg1 G2=[-0.001 -0.651 0.060 0.009 -1.000] G5=[-0.826 -0.881 -0.008 13.764 0.127]
INFO  [mc_indi_tiltrotor] T2dbg2 Wu25=[1.0 1000000.0] du25=[-5.3227 -0.0092] dmax25=[31.2357 0.0120] nu_yaw=-0.183
INFO  [mc_indi_tiltrotor] WRdbg0 Wu0=1 lo0=-9.00 du0=1.5691 pin0=-0.101 a0=[0.015 3.369 0.000 -0.000 -1.714]
INFO  [mc_indi_tiltrotor] WRdbg1 Wu1=1 lo1=-8.00 du1=1.3976 pin1=-0.110 a1=[-0.014 3.113 -0.000 -0.000 -1.592]
INFO  [mc_indi_tiltrotor] YWdbg nu2=-0.228 ach2=-0.121 r=0.00 wsp2=-0.28 ddelta=[0.0120 0.0120 -0.0112]
INFO  [mc_indi_tiltrotor] T0dbg1 G0=[-0.203 0.184 -0.158 0.781 -0.625] nu_des=[0.01 -5.06 0.04 -10.82 2.48]
INFO  [mc_indi_tiltrotor] T0dbg2 Ws34=[0.1 20.0] Wu0=1.0 du0=-5.4995 dmin0=-7.5988 dmax0=36.0000
INFO  [mc_indi_tiltrotor] T2dbg1 G2=[-0.001 -0.651 0.060 0.009 -1.000] G5=[-0.908 -0.966 -0.009 15.126 0.144]
INFO  [mc_indi_tiltrotor] T2dbg2 Wu25=[1.0 1000000.0] du25=[4.6436 0.0120] dmax25=[29.8732 0.0120] nu_yaw=0.037
INFO  [mc_indi_tiltrotor] WRdbg0 Wu0=1 lo0=-7.60 du0=-5.4995 pin0=0.079 a0=[-0.015 -4.222 -0.000 -0.000 -1.342]
INFO  [mc_indi_tiltrotor] WRdbg1 Wu1=1 lo1=-6.70 du1=-5.0319 pin1=0.107 a1=[0.013 -3.905 0.000 -0.000 -1.248]
INFO  [mc_indi_tiltrotor] T0dbg1 G0=[-0.202 0.183 -0.159 0.785 -0.620] nu_des=[0.02 3.16 -0.27 -5.78 2.13]
INFO  [mc_indi_tiltrotor] T0dbg2 Ws34=[0.1 20.0] Wu0=1.0 du0=1.4163 dmin0=-3.9784 dmax0=36.0000
INFO  [mc_indi_tiltrotor] T2dbg1 G2=[-0.001 -0.651 0.060 0.011 -1.000] G5=[-1.146 -1.201 -0.013 19.105 0.209]
INFO  [mc_indi_tiltrotor] T2dbg2 Wu25=[1.0 1000000.0] du25=[-4.0160 -0.0109] dmax25=[25.8939 0.0120] nu_yaw=-0.271
INFO  [mc_indi_tiltrotor] WRdbg0 Wu0=1 lo0=-3.98 du0=1.4163 pin0=-0.032 a0=[-0.045 2.655 0.000 -0.000 -1.163]
INFO  [mc_indi_tiltrotor] WRdbg1 Wu1=1 lo1=-3.42 du1=1.3365 pin1=-0.078 a1=[0.041 2.455 -0.000 -0.000 -1.081]
INFO  [mc_indi_tiltrotor] YWdbg nu2=-0.002 ach2=0.203 r=0.01 wsp2=-0.29 ddelta=[0.0120 0.0120 0.0120]
INFO  [mc_indi_tiltrotor] T0dbg1 G0=[-0.202 0.183 -0.160 0.786 -0.618] nu_des=[-0.01 4.00 -0.19 -12.86 3.06]
INFO  [mc_indi_tiltrotor] T0dbg2 Ws34=[0.1 20.0] Wu0=1.0 du0=1.6069 dmin0=-8.8973 dmax0=36.0000
INFO  [mc_indi_tiltrotor] T2dbg1 G2=[-0.001 -0.651 0.060 0.009 -1.000] G5=[-0.816 -0.870 -0.008 13.605 0.127]
INFO  [mc_indi_tiltrotor] T2dbg2 Wu25=[1.0 1000000.0] du25=[-5.2054 -0.0093] dmax25=[31.3949 0.0120] nu_yaw=-0.189
INFO  [mc_indi_tiltrotor] WRdbg0 Wu0=1 lo0=-8.90 du0=1.6069 pin0=-0.103 a0=[0.017 3.367 0.000 -0.000 -1.674]
INFO  [mc_indi_tiltrotor] WRdbg1 Wu1=1 lo1=-7.99 du1=1.4308 pin1=-0.113 a1=[-0.016 3.118 -0.000 -0.000 -1.558]
INFO  [mc_indi_tiltrotor] T0dbg1 G0=[-0.201 0.182 -0.161 0.790 -0.613] nu_des=[-0.00 -5.06 0.02 -10.57 2.49]
INFO  [mc_indi_tiltrotor] T0dbg2 Ws34=[0.1 20.0] Wu0=1.0 du0=-5.5792 dmin0=-7.2916 dmax0=36.0000
INFO  [mc_indi_tiltrotor] T2dbg1 G2=[-0.001 -0.651 0.060 0.009 -1.000] G5=[-0.905 -0.964 -0.009 15.089 0.142]
INFO  [mc_indi_tiltrotor] T2dbg2 Wu25=[1.0 1000000.0] du25=[4.6239 0.0120] dmax25=[29.9103 0.0120] nu_yaw=0.016
INFO  [mc_indi_tiltrotor] WRdbg0 Wu0=1 lo0=-7.29 du0=-5.5792 pin0=0.078 a0=[0.005 -4.295 -0.000 -0.000 -1.368]
INFO  [mc_indi_tiltrotor] WRdbg1 Wu1=1 lo1=-6.45 du1=-5.1505 pin1=0.108 a1=[-0.005 -3.980 0.000 -0.000 -1.274]
INFO  [mc_indi_tiltrotor] YWdbg nu2=-0.328 ach2=-0.381 r=0.01 wsp2=-0.31 ddelta=[-0.0120 -0.0120 -0.0107]
INFO  [mc_indi_tiltrotor] T0dbg1 G0=[-0.200 0.181 -0.162 0.794 -0.608] nu_des=[0.00 2.49 -0.28 -5.82 2.32]
INFO  [mc_indi_tiltrotor] T0dbg2 Ws34=[0.1 20.0] Wu0=1.0 du0=0.7929 dmin0=-3.9507 dmax0=36.0000
INFO  [mc_indi_tiltrotor] T2dbg1 G2=[-0.001 -0.651 0.060 0.011 -1.000] G5=[-1.152 -1.207 -0.013 19.206 0.212]
INFO  [mc_indi_tiltrotor] T2dbg2 Wu25=[1.0 1000000.0] du25=[-3.3510 -0.0110] dmax25=[25.7924 0.0120] nu_yaw=-0.280
INFO  [mc_indi_tiltrotor] WRdbg0 Wu0=1 lo0=-3.95 du0=0.7929 pin0=-0.032 a0=[-0.012 2.123 0.000 -0.000 -1.286]
INFO  [mc_indi_tiltrotor] WRdbg1 Wu1=1 lo1=-3.39 du1=0.6998 pin1=-0.080 a1=[0.011 1.968 -0.000 -0.000 -1.199]
INFO  [mc_indi_tiltrotor] T0dbg1 G0=[-0.199 0.181 -0.162 0.795 -0.606] nu_des=[0.00 4.34 -0.21 -12.81 3.15]
INFO  [mc_indi_tiltrotor] T0dbg2 Ws34=[0.1 20.0] Wu0=1.0 du0=1.8674 dmin0=-8.7370 dmax0=36.0000
INFO  [mc_indi_tiltrotor] T2dbg1 G2=[-0.001 -0.651 0.060 0.009 -1.000] G5=[-0.828 -0.882 -0.008 13.794 0.128]
INFO  [mc_indi_tiltrotor] T2dbg2 Wu25=[1.0 1000000.0] du25=[-5.5955 -0.0093] dmax25=[31.2059 0.0120] nu_yaw=-0.206
INFO  [mc_indi_tiltrotor] WRdbg0 Wu0=1 lo0=-8.74 du0=1.8674 pin0=-0.104 a0=[-0.001 3.723 0.000 -0.000 -1.750]
INFO  [mc_indi_tiltrotor] WRdbg1 Wu1=1 lo1=-7.81 du1=1.7080 pin1=-0.116 a1=[0.001 3.456 -0.000 -0.000 -1.633]
INFO  [mc_indi_tiltrotor] YWdbg nu2=0.024 ach2=0.402 r=0.01 wsp2=-0.33 ddelta=[0.0120 0.0120 0.0120]
INFO  [mc_indi_tiltrotor] T0dbg1 G0=[-0.198 0.180 -0.164 0.799 -0.602] nu_des=[0.01 -5.13 0.04 -12.11 2.38]
INFO  [mc_indi_tiltrotor] T0dbg2 Ws34=[0.1 20.0] Wu0=1.0 du0=-5.7020 dmin0=-8.2379 dmax0=36.0000
INFO  [mc_indi_tiltrotor] T2dbg1 G2=[-0.001 -0.651 0.060 0.009 -1.000] G5=[-0.827 -0.882 -0.008 13.784 0.127]
INFO  [mc_indi_tiltrotor] T2dbg2 Wu25=[1.0 1000000.0] du25=[4.7115 0.0120] dmax25=[31.2151 0.0120] nu_yaw=0.043
INFO  [mc_indi_tiltrotor] WRdbg0 Wu0=1 lo0=-8.24 du0=-5.7020 pin0=0.095 a0=[-0.036 -4.427 -0.000 -0.000 -1.334]
INFO  [mc_indi_tiltrotor] WRdbg1 Wu1=1 lo1=-7.31 du1=-5.2059 pin1=0.119 a1=[0.033 -4.112 0.000 -0.000 -1.245]
INFO  [mc_indi_tiltrotor] T0dbg1 G0=[-0.197 0.179 -0.165 0.802 -0.597] nu_des=[0.02 1.25 -0.25 -6.00 2.52]
INFO  [mc_indi_tiltrotor] T0dbg2 Ws34=[0.1 20.0] Wu0=1.0 du0=-0.2973 dmin0=-4.0327 dmax0=36.0000
INFO  [mc_indi_tiltrotor] T2dbg1 G2=[-0.001 -0.651 0.060 0.011 -1.000] G5=[-1.161 -1.214 -0.013 19.355 0.217]
INFO  [mc_indi_tiltrotor] T2dbg2 Wu25=[1.0 1000000.0] du25=[-2.0816 -0.0112] dmax25=[25.6440 0.0120] nu_yaw=-0.254
INFO  [mc_indi_tiltrotor] WRdbg0 Wu0=1 lo0=-4.03 du0=-0.2973 pin0=0.075 a0=[-0.040 1.086 0.000 -0.000 -1.418]
INFO  [mc_indi_tiltrotor] WRdbg1 Wu1=1 lo1=-3.43 du1=-0.2821 pin1=-0.001 a1=[0.036 1.008 -0.000 -0.000 -1.325]
INFO  [mc_indi_tiltrotor] YWdbg nu2=-0.340 ach2=-0.480 r=0.02 wsp2=-0.34 ddelta=[-0.0120 -0.0120 -0.0104]
INFO  [mc_indi_tiltrotor] T0dbg1 G0=[-0.197 0.179 -0.165 0.804 -0.594] nu_des=[-0.00 5.51 -0.28 -11.25 2.99]
INFO  [mc_indi_tiltrotor] T0dbg2 Ws34=[0.1 20.0] Wu0=1.0 du0=3.0207 dmin0=-7.5342 dmax0=36.0000
INFO  [mc_indi_tiltrotor] T2dbg1 G2=[-0.001 -0.651 0.060 0.010 -1.000] G5=[-0.901 -0.956 -0.009 15.012 0.146]
INFO  [mc_indi_tiltrotor] T2dbg2 Wu25=[1.0 1000000.0] du25=[-6.7667 -0.0097] dmax25=[29.9869 0.0120] nu_yaw=-0.285
INFO  [mc_indi_tiltrotor] WRdbg0 Wu0=1 lo0=-7.53 du0=3.0207 pin0=-0.090 a0=[0.001 4.803 0.000 -0.000 -1.694]
INFO  [mc_indi_tiltrotor] WRdbg1 Wu1=1 lo1=-6.75 du1=2.7738 pin1=-0.111 a1=[-0.001 4.471 -0.000 -0.000 -1.585]
INFO  [mc_indi_tiltrotor] T0dbg1 G0=[-0.196 0.178 -0.166 0.807 -0.591] nu_des=[-0.03 -4.08 -0.01 -13.42 2.09]
INFO  [mc_indi_tiltrotor] T0dbg2 Ws34=[0.1 20.0] Wu0=1.0 du0=-4.5775 dmin0=-8.9099 dmax0=36.0000
INFO  [mc_indi_tiltrotor] T2dbg1 G2=[-0.001 -0.651 0.060 0.009 -1.000] G5=[-0.753 -0.806 -0.007 12.556 0.113]
INFO  [mc_indi_tiltrotor] T2dbg2 Wu25=[1.0 1000000.0] du25=[3.6774 0.0120] dmax25=[32.4440 0.0120] nu_yaw=-0.014
INFO  [mc_indi_tiltrotor] WRdbg0 Wu0=1 lo0=-8.91 du0=-4.5775 pin0=0.109 a0=[0.084 -3.580 0.000 -0.000 -1.190]
INFO  [mc_indi_tiltrotor] WRdbg1 Wu1=1 lo1=-8.12 du1=-4.3976 pin1=0.130 a1=[-0.076 -3.337 -0.000 -0.000 -1.114]
INFO  [mc_indi_tiltrotor] YWdbg nu2=-0.019 ach2=0.387 r=0.01 wsp2=-0.36 ddelta=[0.0120 0.0120 0.0120]
INFO  [mc_indi_tiltrotor] T0dbg1 G0=[-0.195 0.177 -0.168 0.811 -0.585] nu_des=[0.02 -0.89 -0.18 -6.26 3.07]
INFO  [mc_indi_tiltrotor] T0dbg2 Ws34=[0.1 20.0] Wu0=1.0 du0=-2.5725 dmin0=-4.1494 dmax0=36.0000
INFO  [mc_indi_tiltrotor] T2dbg1 G2=[-0.001 -0.651 0.060 0.011 -1.000] G5=[-1.147 -1.202 -0.013 19.117 0.209]
INFO  [mc_indi_tiltrotor] T2dbg2 Wu25=[1.0 1000000.0] du25=[-0.0250 0.0120] dmax25=[25.8823 0.0120] nu_yaw=-0.185
INFO  [mc_indi_tiltrotor] WRdbg0 Wu0=1 lo0=-4.15 du0=-2.5725 pin0=0.036 a0=[-0.059 -0.788 0.000 -0.000 -1.762]
INFO  [mc_indi_tiltrotor] WRdbg1 Wu1=1 lo1=-3.55 du1=-2.2403 pin1=0.091 a1=[0.054 -0.734 -0.000 -0.000 -1.651]
INFO  [mc_indi_tiltrotor] T0dbg1 G0=[-0.194 0.177 -0.168 0.813 -0.583] nu_des=[0.02 5.88 -0.30 -10.77 2.85]
INFO  [mc_indi_tiltrotor] T0dbg2 Ws34=[0.1 20.0] Wu0=1.0 du0=3.4516 dmin0=-7.0641 dmax0=36.0000
INFO  [mc_indi_tiltrotor] T2dbg1 G2=[-0.001 -0.651 0.060 0.010 -1.000] G5=[-0.935 -0.990 -0.009 15.591 0.156]
INFO  [mc_indi_tiltrotor] T2dbg2 Wu25=[1.0 1000000.0] du25=[-7.1025 -0.0100] dmax25=[29.4085 0.0120] nu_yaw=-0.298
INFO  [mc_indi_tiltrotor] WRdbg0 Wu0=1 lo0=-7.06 du0=3.4516 pin0=-0.085 a0=[-0.042 5.219 0.000 -0.000 -1.640]
INFO  [mc_indi_tiltrotor] WRdbg1 Wu1=1 lo1=-6.40 du1=3.2564 pin1=-0.112 a1=[0.039 4.867 -0.000 -0.000 -1.537]
INFO  [mc_indi_tiltrotor] YWdbg nu2=-0.359 ach2=-0.502 r=0.02 wsp2=-0.38 ddelta=[-0.0120 -0.0120 -0.0105]
INFO  [mc_indi_tiltrotor] T0dbg1 G0=[-0.194 0.176 -0.169 0.815 -0.579] nu_des=[-0.01 -3.27 -0.04 -14.12 1.94]
INFO  [mc_indi_tiltrotor] T0dbg2 Ws34=[0.1 20.0] Wu0=1.0 du0=-3.8952 dmin0=-9.3312 dmax0=35.6688
INFO  [mc_indi_tiltrotor] T2dbg1 G2=[-0.001 -0.651 0.060 0.009 -1.000] G5=[-0.708 -0.757 -0.006 11.798 0.107]
INFO  [mc_indi_tiltrotor] T2dbg2 Wu25=[1.0 1000000.0] du25=[2.8585 0.0120] dmax25=[33.2014 0.0120] nu_yaw=-0.036
INFO  [mc_indi_tiltrotor] WRdbg0 Wu0=1 lo0=-9.33 du0=-3.8952 pin0=0.119 a0=[0.031 -2.922 0.000 -0.000 -1.123]
INFO  [mc_indi_tiltrotor] WRdbg1 Wu1=1 lo1=-8.37 du1=-3.6726 pin1=0.136 a1=[-0.028 -2.727 -0.000 -0.000 -1.053]
INFO  [mc_indi_tiltrotor] T0dbg1 G0=[-0.193 0.175 -0.170 0.819 -0.574] nu_des=[0.01 -1.68 -0.19 -6.77 3.26]
INFO  [mc_indi_tiltrotor] T0dbg2 Ws34=[0.1 20.0] Wu0=1.0 du0=-3.3903 dmin0=-4.4088 dmax0=36.0000
INFO  [mc_indi_tiltrotor] T2dbg1 G2=[-0.001 -0.651 0.060 0.011 -1.000] G5=[-1.140 -1.193 -0.013 19.000 0.211]
INFO  [mc_indi_tiltrotor] T2dbg2 Wu25=[1.0 1000000.0] du25=[0.7391 0.0120] dmax25=[25.9990 0.0120] nu_yaw=-0.187
INFO  [mc_indi_tiltrotor] WRdbg0 Wu0=1 lo0=-4.41 du0=-3.3903 pin0=0.042 a0=[-0.025 -1.508 0.000 -0.000 -1.899]
INFO  [mc_indi_tiltrotor] WRdbg1 Wu1=1 lo1=-3.83 du1=-3.0713 pin1=0.096 a1=[0.023 -1.408 -0.000 -0.000 -1.782]
INFO  [mc_indi_tiltrotor] YWdbg nu2=-0.038 ach2=0.417 r=0.01 wsp2=-0.40 ddelta=[0.0120 0.0120 0.0120]
INFO  [mc_indi_tiltrotor] T0dbg1 G0=[-0.192 0.175 -0.171 0.821 -0.571] nu_des=[-0.01 5.98 -0.36 -10.25 3.01]
INFO  [mc_indi_tiltrotor] T0dbg2 Ws34=[0.1 20.0] Wu0=1.0 du0=3.5934 dmin0=-6.6861 dmax0=36.0000
INFO  [mc_indi_tiltrotor] T2dbg1 G2=[-0.001 -0.651 0.060 0.010 -1.000] G5=[-0.936 -0.992 -0.009 15.603 0.154]
INFO  [mc_indi_tiltrotor] T2dbg2 Wu25=[1.0 1000000.0] du25=[-7.2473 -0.0099] dmax25=[29.3965 0.0120] nu_yaw=-0.358
INFO  [mc_indi_tiltrotor] WRdbg0 Wu0=1 lo0=-6.69 du0=3.5934 pin0=-0.082 a0=[0.035 5.404 0.000 -0.000 -1.763]
INFO  [mc_indi_tiltrotor] WRdbg1 Wu1=1 lo1=-5.96 du1=3.2507 pin1=-0.110 a1=[-0.032 5.049 -0.000 -0.000 -1.656]
INFO  [mc_indi_tiltrotor] T0dbg1 G0=[-0.191 0.174 -0.172 0.823 -0.568] nu_des=[-0.00 -0.95 -0.08 -14.81 2.32]
INFO  [mc_indi_tiltrotor] T0dbg2 Ws34=[0.1 20.0] Wu0=1.0 du0=-2.0944 dmin0=-9.6989 dmax0=35.3011
INFO  [mc_indi_tiltrotor] T2dbg1 G2=[-0.001 -0.651 0.060 0.009 -1.000] G5=[-0.679 -0.727 -0.006 11.315 0.100]
INFO  [mc_indi_tiltrotor] T2dbg2 Wu25=[1.0 1000000.0] du25=[0.2823 0.0120] dmax25=[33.6843 0.0120] nu_yaw=-0.081
INFO  [mc_indi_tiltrotor] WRdbg0 Wu0=1 lo0=-9.70 du0=-2.0944 pin0=0.129 a0=[0.006 -0.863 0.000 -0.000 -1.367]
INFO  [mc_indi_tiltrotor] WRdbg1 Wu1=1 lo1=-8.67 du1=-1.9527 pin1=0.143 a1=[-0.006 -0.806 -0.000 -0.000 -1.283]
INFO  [mc_indi_tiltrotor] YWdbg nu2=-0.388 ach2=-0.546 r=0.02 wsp2=-0.41 ddelta=[-0.0120 -0.0120 -0.0105]
INFO  [mc_indi_tiltrotor] T0dbg1 G0=[-0.190 0.173 -0.173 0.827 -0.563] nu_des=[0.01 -3.85 -0.11 -7.86 3.42]
INFO  [mc_indi_tiltrotor] T0dbg2 Ws34=[0.1 20.0] Wu0=1000000.0 du0=-5.0925 dmin0=-5.0925 dmax0=36.0000
INFO  [mc_indi_tiltrotor] T2dbg1 G2=[-0.001 -0.651 0.060 0.010 -1.000] G5=[-1.037 -1.093 -0.011 17.280 0.180]
INFO  [mc_indi_tiltrotor] T2dbg2 Wu25=[1.0 1000000.0] du25=[3.2378 0.0120] dmax25=[27.7187 0.0120] nu_yaw=-0.107
INFO  [mc_indi_tiltrotor] WRdbg0 Wu0=1000000 lo0=-5.09 du0=-5.0925 pin0=-5.092 a0=[-0.000 -0.000 0.000 -0.000 -0.000]
INFO  [mc_indi_tiltrotor] WRdbg1 Wu1=1000000 lo1=-4.45 du1=-4.4465 pin1=-4.447 a1=[0.000 -0.000 -0.000 -0.000 -0.000]
INFO  [mc_indi_tiltrotor] T0dbg1 G0=[-0.189 0.173 -0.174 0.830 -0.558] nu_des=[-0.00 5.58 -0.38 -6.89 2.42]
INFO  [mc_indi_tiltrotor] T0dbg2 Ws34=[0.1 20.0] Wu0=1.0 du0=3.6578 dmin0=-4.3970 dmax0=36.0000
INFO  [mc_indi_tiltrotor] T2dbg1 G2=[-0.001 -0.651 0.060 0.011 -1.000] G5=[-1.008 -1.061 -0.011 16.796 0.177]
INFO  [mc_indi_tiltrotor] T2dbg2 Wu25=[1.0 1000000.0] du25=[-6.6204 -0.0105] dmax25=[28.2027 0.0120] nu_yaw=-0.381
INFO  [mc_indi_tiltrotor] WRdbg0 Wu0=1 lo0=-4.40 du0=3.6578 pin0=-0.049 a0=[0.007 5.144 0.000 -0.000 -1.444]
INFO  [mc_indi_tiltrotor] WRdbg1 Wu1=1 lo1=-3.90 du1=3.3561 pin1=-0.090 a1=[-0.006 4.811 -0.000 -0.000 -1.358]
INFO  [mc_indi_tiltrotor] YWdbg nu2=-0.040 ach2=0.452 r=0.01 wsp2=-0.43 ddelta=[0.0120 0.0120 0.0120]
INFO  [mc_indi_tiltrotor] T0dbg1 G0=[-0.189 0.172 -0.174 0.831 -0.556] nu_des=[0.00 1.83 -0.15 -14.88 2.87]
INFO  [mc_indi_tiltrotor] T0dbg2 Ws34=[0.1 20.0] Wu0=1.0 du0=0.1112 dmin0=-9.6493 dmax0=35.3507
INFO  [mc_indi_tiltrotor] T2dbg1 G2=[-0.001 -0.651 0.060 0.009 -1.000] G5=[-0.668 -0.713 -0.006 11.138 0.102]
INFO  [mc_indi_tiltrotor] T2dbg2 Wu25=[1.0 1000000.0] du25=[-2.7958 -0.0092] dmax25=[33.8617 0.0120] nu_yaw=-0.154
INFO  [mc_indi_tiltrotor] WRdbg0 Wu0=1 lo0=-9.65 du0=0.1112 pin0=0.155 a0=[-0.010 1.689 0.000 -0.000 -1.723]
INFO  [mc_indi_tiltrotor] WRdbg1 Wu1=1 lo1=-8.56 du1=0.0666 pin1=0.097 a1=[0.009 1.582 -0.000 -0.000 -1.622]
INFO  [mc_indi_tiltrotor] T0dbg1 G0=[-0.188 0.171 -0.176 0.835 -0.551] nu_des=[0.00 -4.91 -0.07 -9.63 3.00]
INFO  [mc_indi_tiltrotor] T0dbg2 Ws34=[0.1 20.0] Wu0=1000000.0 du0=-6.1803 dmin0=-6.1803 dmax0=36.0000
INFO  [mc_indi_tiltrotor] T2dbg1 G2=[-0.001 -0.651 0.060 0.010 -1.000] G5=[-0.931 -0.985 -0.009 15.517 0.156]
INFO  [mc_indi_tiltrotor] T2dbg2 Wu25=[1.0 1000000.0] du25=[4.3498 0.0120] dmax25=[29.4826 0.0120] nu_yaw=-0.070
INFO  [mc_indi_tiltrotor] WRdbg0 Wu0=1000000 lo0=-6.18 du0=-6.1803 pin0=-6.180 a0=[-0.000 -0.000 0.000 -0.000 -0.000]
INFO  [mc_indi_tiltrotor] WRdbg1 Wu1=1000000 lo1=-5.44 du1=-5.4367 pin1=-5.437 a1=[0.000 -0.000 -0.000 -0.000 -0.000]
INFO  [mc_indi_tiltrotor] YWdbg nu2=-0.438 ach2=-0.609 r=0.02 wsp2=-0.45 ddelta=[-0.0120 -0.0120 -0.0104]
INFO  [mc_indi_tiltrotor] T0dbg1 G0=[-0.186 0.170 -0.177 0.839 -0.545] nu_des=[0.01 2.60 -0.33 -5.49 2.58]
INFO  [mc_indi_tiltrotor] T0dbg2 Ws34=[0.1 20.0] Wu0=1.0 du0=0.8032 dmin0=-3.4532 dmax0=36.0000
INFO  [mc_indi_tiltrotor] T2dbg1 G2=[-0.001 -0.651 0.060 0.011 -1.000] G5=[-1.087 -1.136 -0.012 18.118 0.204]
INFO  [mc_indi_tiltrotor] T2dbg2 Wu25=[1.0 1000000.0] du25=[-3.5431 -0.0113] dmax25=[26.8809 0.0120] nu_yaw=-0.333
INFO  [mc_indi_tiltrotor] WRdbg0 Wu0=1 lo0=-3.45 du0=0.8032 pin0=-0.034 a0=[-0.039 2.453 0.000 -0.000 -1.577]
INFO  [mc_indi_tiltrotor] WRdbg1 Wu1=1 lo1=-2.99 du1=0.7603 pin1=-0.086 a1=[0.035 2.296 -0.000 -0.000 -1.485]
INFO  [mc_indi_tiltrotor] T0dbg1 G0=[-0.186 0.170 -0.178 0.841 -0.542] nu_des=[-0.01 5.29 -0.32 -13.00 3.34]
INFO  [mc_indi_tiltrotor] T0dbg2 Ws34=[0.1 20.0] Wu0=1.0 du0=2.8702 dmin0=-8.2961 dmax0=36.0000
INFO  [mc_indi_tiltrotor] T2dbg1 G2=[-0.001 -0.651 0.060 0.010 -1.000] G5=[-0.790 -0.838 -0.008 13.163 0.129]
INFO  [mc_indi_tiltrotor] T2dbg2 Wu25=[1.0 1000000.0] du25=[-6.6101 -0.0098] dmax25=[31.8362 0.0120] nu_yaw=-0.323
INFO  [mc_indi_tiltrotor] WRdbg0 Wu0=1 lo0=-8.30 du0=2.8702 pin0=-0.117 a0=[0.026 5.008 0.000 -0.000 -2.047]
INFO  [mc_indi_tiltrotor] WRdbg1 Wu1=1 lo1=-7.37 du1=2.6066 pin1=-0.133 a1=[-0.024 4.691 -0.000 -0.000 -1.927]
INFO  [mc_indi_tiltrotor] YWdbg nu2=-0.009 ach2=0.475 r=0.01 wsp2=-0.46 ddelta=[0.0120 0.0120 0.0120]
INFO  [mc_indi_tiltrotor] T0dbg1 G0=[-0.185 0.169 -0.179 0.843 -0.537] nu_des=[0.03 -4.88 -0.02 -13.40 2.29]
INFO  [mc_indi_tiltrotor] T0dbg2 Ws34=[0.1 20.0] Wu0=1.0 du0=-6.0200 dmin0=-8.5675 dmax0=36.0000
INFO  [mc_indi_tiltrotor] T2dbg1 G2=[-0.001 -0.651 0.060 0.010 -1.000] G5=[-0.696 -0.740 -0.007 11.607 0.111]
INFO  [mc_indi_tiltrotor] T2dbg2 Wu25=[1.0 1000000.0] du25=[4.3727 0.0120] dmax25=[33.3927 0.0120] nu_yaw=-0.022
INFO  [mc_indi_tiltrotor] WRdbg0 Wu0=1 lo0=-8.57 du0=-6.0200 pin0=0.121 a0=[-0.072 -4.652 0.000 -0.000 -1.418]
INFO  [mc_indi_tiltrotor] WRdbg1 Wu1=1 lo1=-7.53 du1=-5.4929 pin1=0.140 a1=[0.066 -4.363 -0.000 -0.000 -1.336]
INFO  [mc_indi_tiltrotor] T0dbg1 G0=[-0.184 0.168 -0.180 0.847 -0.531] nu_des=[0.02 -1.04 -0.24 -6.43 3.78]
INFO  [mc_indi_tiltrotor] T0dbg2 Ws34=[0.1 20.0] Wu0=1.0 du0=-3.3668 dmin0=-4.0075 dmax0=36.0000
INFO  [mc_indi_tiltrotor] T2dbg1 G2=[-0.001 -0.651 0.060 0.011 -1.000] G5=[-1.102 -1.151 -0.012 18.359 0.206]
INFO  [mc_indi_tiltrotor] T2dbg2 Wu25=[1.0 1000000.0] du25=[-0.1389 0.0120] dmax25=[26.6403 0.0120] nu_yaw=-0.243
INFO  [mc_indi_tiltrotor] WRdbg0 Wu0=1 lo0=-4.01 du0=-3.3668 pin0=0.042 a0=[-0.057 -0.996 0.000 -0.000 -2.356]
INFO  [mc_indi_tiltrotor] WRdbg1 Wu1=1 lo1=-3.50 du1=-3.0027 pin1=0.099 a1=[0.052 -0.933 -0.000 -0.000 -2.221]
INFO  [mc_indi_tiltrotor] YWdbg nu2=-0.418 ach2=-0.501 r=0.02 wsp2=-0.48 ddelta=[-0.0120 -0.0120 -0.0106]
INFO  [mc_indi_tiltrotor] T0dbg1 G0=[-0.183 0.167 -0.181 0.850 -0.526] nu_des=[-0.00 4.37 -0.40 -5.95 2.37]
INFO  [mc_indi_tiltrotor] T0dbg2 Ws34=[0.1 20.0] Wu0=1.0 du0=2.7159 dmin0=-3.7189 dmax0=36.0000
INFO  [mc_indi_tiltrotor] T2dbg1 G2=[-0.001 -0.651 0.060 0.011 -1.000] G5=[-1.032 -1.081 -0.011 17.206 0.190]
INFO  [mc_indi_tiltrotor] T2dbg2 Wu25=[1.0 1000000.0] du25=[-5.3149 -0.0110] dmax25=[27.7931 0.0120] nu_yaw=-0.403
INFO  [mc_indi_tiltrotor] WRdbg0 Wu0=1 lo0=-3.72 du0=2.7159 pin0=-0.041 a0=[0.007 4.242 0.000 -0.000 -1.492]
INFO  [mc_indi_tiltrotor] WRdbg1 Wu1=1 lo1=-3.19 du1=2.4714 pin1=-0.089 a1=[-0.006 3.973 -0.000 -0.000 -1.406]
INFO  [mc_indi_tiltrotor] T0dbg1 G0=[-0.182 0.166 -0.182 0.852 -0.523] nu_des=[-0.02 2.56 -0.22 -16.06 3.27]
INFO  [mc_indi_tiltrotor] T0dbg2 Ws34=[0.1 20.0] Wu0=1.0 du0=0.3399 dmin0=-9.9147 dmax0=35.0853
INFO  [mc_indi_tiltrotor] T2dbg1 G2=[-0.001 -0.651 0.060 0.009 -1.000] G5=[-0.781 -0.833 -0.007 13.016 0.120]
INFO  [mc_indi_tiltrotor] T2dbg2 Wu25=[1.0 1000000.0] du25=[-3.7326 -0.0092] dmax25=[31.9836 0.0120] nu_yaw=-0.216
INFO  [mc_indi_tiltrotor] WRdbg0 Wu0=1 lo0=-9.91 du0=0.3399 pin0=-0.134 a0=[0.050 2.340 -0.054 -0.005 -1.857]
INFO  [mc_indi_tiltrotor] WRdbg1 Wu1=1 lo1=-9.18 du1=0.2844 pin1=-0.065 a1=[-0.004 1.438 -0.306 -0.029 -0.750]
INFO  [mc_indi_tiltrotor] YWdbg nu2=-0.037 ach2=0.457 r=0.01 wsp2=-0.49 ddelta=[0.0120 0.0120 0.0120]
INFO  [mc_indi_tiltrotor] T0dbg1 G0=[-0.181 0.165 -0.183 0.855 -0.518] nu_des=[0.01 -5.89 -0.01 -12.20 2.88]
INFO  [mc_indi_tiltrotor] T0dbg2 Ws34=[0.1 20.0] Wu0=1.0 du0=-7.3527 dmin0=-7.6856 dmax0=36.0000
INFO  [mc_indi_tiltrotor] T2dbg1 G2=[-0.001 -0.651 0.060 0.010 -1.000] G5=[-0.788 -0.836 -0.008 13.134 0.128]
INFO  [mc_indi_tiltrotor] T2dbg2 Wu25=[1.0 1000000.0] du25=[5.3018 0.0120] dmax25=[31.8651 0.0120] nu_yaw=-0.012
INFO  [mc_indi_tiltrotor] WRdbg0 Wu0=1 lo0=-7.69 du0=-7.3527 pin0=-4.940 a0=[-0.058 -1.792 0.000 -0.000 -0.563]
INFO  [mc_indi_tiltrotor] WRdbg1 Wu1=1000000 lo1=-6.71 du1=-6.7148 pin1=-6.715 a1=[0.000 -0.000 -0.000 -0.000 -0.000]
INFO  [mc_indi_tiltrotor] T0dbg1 G0=[-0.180 0.164 -0.184 0.859 -0.512] nu_des=[0.02 -1.91 -0.23 -6.62 4.55]
INFO  [mc_indi_tiltrotor] T0dbg2 Ws34=[0.1 20.0] Wu0=1000000.0 du0=-4.0808 dmin0=-4.0808 dmax0=36.0000
INFO  [mc_indi_tiltrotor] T2dbg1 G2=[-0.001 -0.651 0.060 0.011 -1.000] G5=[-1.113 -1.166 -0.012 18.554 0.205]
INFO  [mc_indi_tiltrotor] T2dbg2 Wu25=[1.0 1000000.0] du25=[0.8931 0.0120] dmax25=[26.4451 0.0120] nu_yaw=-0.226
INFO  [mc_indi_tiltrotor] WRdbg0 Wu0=1000000 lo0=-4.08 du0=-4.0808 pin0=-4.081 a0=[-0.000 -0.000 0.000 -0.000 -0.000]
INFO  [mc_indi_tiltrotor] WRdbg1 Wu1=1000000 lo1=-3.54 du1=-3.5355 pin1=-3.535 a1=[0.000 -0.000 -0.000 -0.000 -0.000]
INFO  [mc_indi_tiltrotor] YWdbg nu2=-0.468 ach2=-0.542 r=0.02 wsp2=-0.50 ddelta=[-0.0120 -0.0120 -0.0107]
INFO  [mc_indi_tiltrotor] T0dbg1 G0=[-0.178 0.163 -0.185 0.862 -0.506] nu_des=[-0.01 2.66 -0.36 -5.81 2.55]
INFO  [mc_indi_tiltrotor] T0dbg2 Ws34=[0.1 20.0] Wu0=1.0 du0=0.9870 dmin0=-3.5535 dmax0=36.0000
INFO  [mc_indi_tiltrotor] T2dbg1 G2=[-0.001 -0.651 0.060 0.011 -1.000] G5=[-1.081 -1.129 -0.012 18.024 0.205]
INFO  [mc_indi_tiltrotor] T2dbg2 Wu25=[1.0 1000000.0] du25=[-3.5876 -0.0114] dmax25=[26.9752 0.0120] nu_yaw=-0.364
INFO  [mc_indi_tiltrotor] WRdbg0 Wu0=1 lo0=-3.55 du0=0.9870 pin0=-0.040 a0=[0.017 2.670 0.000 -0.000 -1.660]
INFO  [mc_indi_tiltrotor] WRdbg1 Wu1=1 lo1=-3.08 du1=0.8256 pin1=-0.094 a1=[-0.015 2.496 -0.000 -0.000 -1.561]
INFO  [mc_indi_tiltrotor] T0dbg1 G0=[-0.178 0.163 -0.186 0.864 -0.503] nu_des=[-0.01 6.03 -0.40 -12.21 3.34]
INFO  [mc_indi_tiltrotor] T0dbg2 Ws34=[0.1 20.0] Wu0=1.0 du0=3.8137 dmin0=-7.5288 dmax0=36.0000
INFO  [mc_indi_tiltrotor] T2dbg1 G2=[-0.001 -0.651 0.060 0.010 -1.000] G5=[-0.853 -0.904 -0.008 14.225 0.142]
INFO  [mc_indi_tiltrotor] T2dbg2 Wu25=[1.0 1000000.0] du25=[-7.3469 -0.0100] dmax25=[30.7747 0.0120] nu_yaw=-0.396
INFO  [mc_indi_tiltrotor] WRdbg0 Wu0=1 lo0=-7.53 du0=3.8137 pin0=-0.115 a0=[0.031 6.081 0.000 -0.000 -2.183]
INFO  [mc_indi_tiltrotor] WRdbg1 Wu1=1 lo1=-6.71 du1=3.4679 pin1=-0.138 a1=[-0.029 5.687 -0.000 -0.000 -2.052]
INFO  [mc_indi_tiltrotor] YWdbg nu2=-0.199 ach2=-0.204 r=0.02 wsp2=-0.50 ddelta=[-0.0120 -0.0037 -0.0093]
INFO  [mc_indi_tiltrotor] T0dbg1 G0=[-0.177 0.162 -0.187 0.866 -0.500] nu_des=[0.01 -2.31 -0.05 -17.28 2.24]
INFO  [mc_indi_tiltrotor] T0dbg2 Ws34=[0.1 20.0] Wu0=1.0 du0=-3.6663 dmin0=-10.6986 dmax0=34.3014
INFO  [mc_indi_tiltrotor] T2dbg1 G2=[-0.001 -0.651 0.060 0.009 -1.000] G5=[-0.605 -0.648 -0.005 10.076 0.089]
INFO  [mc_indi_tiltrotor] T2dbg2 Wu25=[1.0 1000000.0] du25=[1.6736 0.0120] dmax25=[34.9238 0.0120] nu_yaw=-0.053
INFO  [mc_indi_tiltrotor] WRdbg0 Wu0=1 lo0=-10.70 du0=-3.6663 pin0=0.173 a0=[-0.025 -2.339 0.000 -0.000 -1.476]
INFO  [mc_indi_tiltrotor] WRdbg1 Wu1=1 lo1=-9.52 du1=-3.3728 pin1=0.180 a1=[0.023 -2.188 -0.000 -0.000 -1.387]
INFO  [mc_indi_tiltrotor] T0dbg1 G0=[-0.176 0.161 -0.188 0.869 -0.494] nu_des=[0.02 -5.50 -0.02 -12.20 2.79]
INFO  [mc_indi_tiltrotor] T0dbg2 Ws34=[0.1 20.0] Wu0=1.0 du0=-7.2449 dmin0=-7.5632 dmax0=36.0000
INFO  [mc_indi_tiltrotor] T2dbg1 G2=[-0.001 -0.651 0.060 0.010 -1.000] G5=[-0.809 -0.859 -0.008 13.478 0.129]
INFO  [mc_indi_tiltrotor] T2dbg2 Wu25=[1.0 1000000.0] du25=[4.8704 0.0120] dmax25=[31.5215 0.0120] nu_yaw=-0.020
INFO  [mc_indi_tiltrotor] WRdbg0 Wu0=1 lo0=-7.56 du0=-7.2449 pin0=-4.884 a0=[-0.094 -1.709 0.000 -0.000 -0.557]
INFO  [mc_indi_tiltrotor] WRdbg1 Wu1=1000000 lo1=-6.58 du1=-6.5753 pin1=-6.575 a1=[0.000 -0.000 -0.000 -0.000 -0.000]
INFO  [mc_indi_tiltrotor] YWdbg nu2=-0.097 ach2=0.451 r=0.00 wsp2=-0.50 ddelta=[0.0120 0.0120 0.0120]
INFO  [mc_indi_tiltrotor] T0dbg1 G0=[-0.174 0.160 -0.189 0.873 -0.488] nu_des=[0.02 0.58 -0.26 -5.92 3.30]
INFO  [mc_indi_tiltrotor] T0dbg2 Ws34=[0.1 20.0] Wu0=1.0 du0=-1.5925 dmin0=-3.6055 dmax0=36.0000
INFO  [mc_indi_tiltrotor] T2dbg1 G2=[-0.001 -0.651 0.060 0.012 -1.000] G5=[-1.091 -1.134 -0.013 18.176 0.213]
INFO  [mc_indi_tiltrotor] T2dbg2 Wu25=[1.0 1000000.0] du25=[-1.6583 -0.0117] dmax25=[26.8227 0.0120] nu_yaw=-0.264
INFO  [mc_indi_tiltrotor] WRdbg0 Wu0=1 lo0=-3.61 du0=-1.5925 pin0=0.086 a0=[-0.059 0.596 0.000 -0.000 -2.216]
INFO  [mc_indi_tiltrotor] WRdbg1 Wu1=1 lo1=-3.05 du1=-1.4693 pin1=0.003 a1=[0.053 0.557 -0.000 -0.000 -2.082]
INFO  [mc_indi_tiltrotor] T0dbg1 G0=[-0.173 0.159 -0.190 0.875 -0.483] nu_des=[-0.01 5.78 -0.37 -13.01 3.08]
INFO  [mc_indi_tiltrotor] T0dbg2 Ws34=[0.1 20.0] Wu0=1.0 du0=3.8255 dmin0=-7.9777 dmax0=36.0000
INFO  [mc_indi_tiltrotor] T2dbg1 G2=[-0.001 -0.651 0.060 0.010 -1.000] G5=[-0.832 -0.879 -0.008 13.859 0.140]
INFO  [mc_indi_tiltrotor] T2dbg2 Wu25=[1.0 1000000.0] du25=[-6.9761 -0.0101] dmax25=[31.1400 0.0120] nu_yaw=-0.369
INFO  [mc_indi_tiltrotor] WRdbg0 Wu0=1 lo0=-7.98 du0=3.8255 pin0=-0.129 a0=[0.018 6.020 0.000 -0.000 -2.084]
INFO  [mc_indi_tiltrotor] WRdbg1 Wu1=1 lo1=-6.97 du1=3.5019 pin1=-0.149 a1=[-0.017 5.625 -0.000 -0.000 -1.957]
INFO  [mc_indi_tiltrotor] YWdbg nu2=-0.267 ach2=-0.367 r=0.02 wsp2=-0.50 ddelta=[-0.0120 -0.0120 -0.0096]
INFO  [mc_indi_tiltrotor] T0dbg1 G0=[-0.172 0.158 -0.191 0.878 -0.479] nu_des=[-0.02 2.39 -0.23 -18.11 3.30]
INFO  [mc_indi_tiltrotor] T0dbg2 Ws34=[0.1 20.0] Wu0=1.0 du0=0.3181 dmin0=-11.0670 dmax0=33.9330
INFO  [mc_indi_tiltrotor] T2dbg1 G2=[-0.001 -0.651 0.060 0.010 -1.000] G5=[-0.721 -0.765 -0.007 12.024 0.117]
INFO  [mc_indi_tiltrotor] T2dbg2 Wu25=[1.0 1000000.0] du25=[-3.5316 -0.0098] dmax25=[32.9758 0.0120] nu_yaw=-0.230
INFO  [mc_indi_tiltrotor] WRdbg0 Wu0=1 lo0=-11.07 du0=0.3181 pin0=0.056 a0=[0.001 0.739 0.328 -0.035 -0.771]
INFO  [mc_indi_tiltrotor] WRdbg1 Wu1=1 lo1=-9.77 du1=0.2855 pin1=0.114 a1=[-0.061 2.064 0.052 -0.006 -1.878]
INFO  [mc_indi_tiltrotor] T0dbg1 G0=[-0.171 0.157 -0.192 0.881 -0.473] nu_des=[-0.02 -4.01 -0.06 -16.93 2.12]
INFO  [mc_indi_tiltrotor] T0dbg2 Ws34=[0.1 20.0] Wu0=1.0 du0=-5.4950 dmin0=-10.2387 dmax0=34.7613
INFO  [mc_indi_tiltrotor] T2dbg1 G2=[-0.001 -0.651 0.060 0.009 -1.000] G5=[-0.725 -0.772 -0.007 12.086 0.113]
INFO  [mc_indi_tiltrotor] T2dbg2 Wu25=[1.0 1000000.0] du25=[3.4316 0.0120] dmax25=[32.9134 0.0120] nu_yaw=-0.064
INFO  [mc_indi_tiltrotor] WRdbg0 Wu0=1 lo0=-10.24 du0=-5.4950 pin0=0.174 a0=[0.046 -4.255 0.000 -0.000 -1.460]
INFO  [mc_indi_tiltrotor] WRdbg1 Wu1=1 lo1=-9.16 du1=-5.2008 pin1=0.191 a1=[-0.042 -3.978 -0.000 -0.000 -1.372]
INFO  [mc_indi_tiltrotor] YWdbg nu2=-0.017 ach2=0.502 r=0.00 wsp2=-0.50 ddelta=[0.0120 0.0120 0.0120]
INFO  [mc_indi_tiltrotor] T0dbg1 G0=[-0.170 0.156 -0.193 0.885 -0.466] nu_des=[0.02 -1.70 -0.22 -7.14 3.96]
INFO  [mc_indi_tiltrotor] T0dbg2 Ws34=[0.1 20.0] Wu0=1000000.0 du0=-4.2641 dmin0=-4.2641 dmax0=36.0000
INFO  [mc_indi_tiltrotor] T2dbg1 G2=[-0.001 -0.651 0.060 0.012 -1.000] G5=[-1.128 -1.174 -0.013 18.803 0.218]
INFO  [mc_indi_tiltrotor] T2dbg2 Wu25=[1.0 1000000.0] du25=[0.5964 0.0120] dmax25=[26.1960 0.0120] nu_yaw=-0.215
INFO  [mc_indi_tiltrotor] WRdbg0 Wu0=1000000 lo0=-4.26 du0=-4.2641 pin0=-4.264 a0=[-0.000 -0.000 0.000 -0.000 -0.000]
INFO  [mc_indi_tiltrotor] WRdbg1 Wu1=1000000 lo1=-3.69 du1=-3.6862 pin1=-3.686 a1=[0.000 -0.000 -0.000 -0.000 -0.000]
INFO  [mc_indi_tiltrotor] T0dbg1 G0=[-0.169 0.155 -0.194 0.887 -0.461] nu_des=[-0.01 5.45 -0.42 -7.54 2.76]
INFO  [mc_indi_tiltrotor] T0dbg2 Ws34=[0.1 20.0] Wu0=1.0 du0=3.9370 dmin0=-4.5259 dmax0=36.0000
INFO  [mc_indi_tiltrotor] T2dbg1 G2=[-0.001 -0.651 0.060 0.011 -1.000] G5=[-1.071 -1.119 -0.012 17.850 0.200]
INFO  [mc_indi_tiltrotor] T2dbg2 Wu25=[1.0 1000000.0] du25=[-6.4948 -0.0112] dmax25=[27.1492 0.0120] nu_yaw=-0.423
INFO  [mc_indi_tiltrotor] WRdbg0 Wu0=1 lo0=-4.53 du0=3.9370 pin0=-0.065 a0=[0.032 5.909 0.000 -0.000 -1.939]
INFO  [mc_indi_tiltrotor] WRdbg1 Wu1=1 lo1=-3.88 du1=3.5525 pin1=-0.117 a1=[-0.029 5.520 -0.000 -0.000 -1.822]
INFO  [mc_indi_tiltrotor] YWdbg nu2=-0.117 ach2=-0.133 r=0.01 wsp2=-0.50 ddelta=[0.0120 0.0120 -0.0095]
INFO  [mc_indi_tiltrotor] T0dbg1 G0=[-0.168 0.154 -0.195 0.889 -0.458] nu_des=[-0.00 2.31 -0.22 -15.65 3.26]
INFO  [mc_indi_tiltrotor] T0dbg2 Ws34=[0.1 20.0] Wu0=1.0 du0=0.2869 dmin0=-9.4882 dmax0=35.5118
INFO  [mc_indi_tiltrotor] T2dbg1 G2=[-0.001 -0.651 0.060 0.009 -1.000] G5=[-0.697 -0.743 -0.007 11.615 0.108]
INFO  [mc_indi_tiltrotor] T2dbg2 Wu25=[1.0 1000000.0] du25=[-3.4341 -0.0093] dmax25=[33.3841 0.0120] nu_yaw=-0.222
INFO  [mc_indi_tiltrotor] WRdbg0 Wu0=1 lo0=-9.49 du0=0.2869 pin0=0.048 a0=[0.000 0.721 0.314 -0.030 -0.765]
INFO  [mc_indi_tiltrotor] WRdbg1 Wu1=1 lo1=-8.25 du1=0.2917 pin1=0.100 a1=[-0.004 2.072 0.051 -0.005 -1.922]
INFO  [mc_indi_tiltrotor] T0dbg1 G0=[-0.166 0.153 -0.196 0.893 -0.451] nu_des=[0.02 -5.50 -0.03 -15.23 2.38]
INFO  [mc_indi_tiltrotor] T0dbg2 Ws34=[0.1 20.0] Wu0=1.0 du0=-7.6743 dmin0=-9.1694 dmax0=35.8306
INFO  [mc_indi_tiltrotor] T2dbg1 G2=[-0.001 -0.651 0.060 0.010 -1.000] G5=[-0.717 -0.758 -0.007 11.951 0.121]
INFO  [mc_indi_tiltrotor] T2dbg2 Wu25=[1.0 1000000.0] du25=[4.8255 0.0120] dmax25=[33.0485 0.0120] nu_yaw=-0.028
INFO  [mc_indi_tiltrotor] WRdbg0 Wu0=1 lo0=-9.17 du0=-7.6743 pin0=0.164 a0=[-0.051 -6.083 0.000 -0.000 -1.704]
INFO  [mc_indi_tiltrotor] WRdbg1 Wu1=1 lo1=-8.00 du1=-7.0692 pin1=0.182 a1=[0.047 -5.694 -0.000 -0.000 -1.603]
INFO  [mc_indi_tiltrotor] YWdbg nu2=-0.127 ach2=0.340 r=0.00 wsp2=-0.50 ddelta=[0.0120 0.0120 0.0120]
INFO  [mc_indi_tiltrotor] T0dbg1 G0=[-0.165 0.152 -0.197 0.895 -0.445] nu_des=[0.01 -5.25 -0.07 -10.44 3.54]
INFO  [mc_indi_tiltrotor] T0dbg2 Ws34=[0.1 20.0] Wu0=1000000.0 du0=-6.2230 dmin0=-6.2230 dmax0=36.0000
INFO  [mc_indi_tiltrotor] T2dbg1 G2=[-0.001 -0.651 0.060 0.010 -1.000] G5=[-0.932 -0.985 -0.009 15.526 0.157]
INFO  [mc_indi_tiltrotor] T2dbg2 Wu25=[1.0 1000000.0] du25=[5.1439 0.0120] dmax25=[29.4730 0.0120] nu_yaw=-0.066
INFO  [mc_indi_tiltrotor] WRdbg0 Wu0=1000000 lo0=-6.22 du0=-6.2230 pin0=-6.223 a0=[-0.000 -0.000 0.000 -0.000 -0.000]
INFO  [mc_indi_tiltrotor] WRdbg1 Wu1=1000000 lo1=-5.42 du1=-5.4210 pin1=-5.421 a1=[0.000 -0.000 -0.000 -0.000 -0.000]
INFO  [mc_indi_tiltrotor] T0dbg1 G0=[-0.163 0.150 -0.198 0.899 -0.438] nu_des=[-0.00 1.68 -0.35 -5.24 3.74]
INFO  [mc_indi_tiltrotor] T0dbg2 Ws34=[0.1 20.0] Wu0=1.0 du0=-0.7481 dmin0=-3.0523 dmax0=36.0000
INFO  [mc_indi_tiltrotor] T2dbg1 G2=[-0.001 -0.651 0.060 0.011 -1.000] G5=[-1.105 -1.154 -0.012 18.411 0.208]
INFO  [mc_indi_tiltrotor] T2dbg2 Wu25=[1.0 1000000.0] du25=[-2.9530 -0.0113] dmax25=[26.5882 0.0120] nu_yaw=-0.346
INFO  [mc_indi_tiltrotor] WRdbg0 Wu0=1 lo0=-3.05 du0=-0.7481 pin0=0.083 a0=[0.008 1.905 0.000 -0.000 -2.745]
INFO  [mc_indi_tiltrotor] WRdbg1 Wu1=1 lo1=-2.62 du1=-0.8084 pin1=-0.001 a1=[-0.007 1.784 -0.000 -0.000 -2.585]
INFO  [mc_indi_tiltrotor] YWdbg nu2=-0.460 ach2=-0.541 r=0.02 wsp2=-0.50 ddelta=[-0.0120 -0.0120 -0.0108]
INFO  [mc_indi_tiltrotor] T0dbg1 G0=[-0.162 0.149 -0.199 0.901 -0.434] nu_des=[-0.02 5.57 -0.38 -12.58 3.47]
INFO  [mc_indi_tiltrotor] T0dbg2 Ws34=[0.1 20.0] Wu0=1.0 du0=3.6983 dmin0=-7.4467 dmax0=36.0000
INFO  [mc_indi_tiltrotor] T2dbg1 G2=[-0.001 -0.651 0.060 0.010 -1.000] G5=[-0.805 -0.851 -0.008 13.410 0.135]
INFO  [mc_indi_tiltrotor] T2dbg2 Wu25=[1.0 1000000.0] du25=[-6.8355 -0.0101] dmax25=[31.5890 0.0120] nu_yaw=-0.377
INFO  [mc_indi_tiltrotor] WRdbg0 Wu0=1 lo0=-7.45 du0=3.6983 pin0=-0.137 a0=[0.051 6.358 0.000 -0.000 -2.573]
INFO  [mc_indi_tiltrotor] WRdbg1 Wu1=1 lo1=-6.54 du1=3.3309 pin1=-0.160 a1=[-0.046 5.962 -0.000 -0.000 -2.425]
INFO  [mc_indi_tiltrotor] T0dbg1 G0=[-0.162 0.149 -0.200 0.903 -0.429] nu_des=[-0.00 0.19 -0.14 -19.31 2.34]
INFO  [mc_indi_tiltrotor] T0dbg2 Ws34=[0.1 20.0] Wu0=1.0 du0=-1.2863 dmin0=-11.4235 dmax0=33.5765
INFO  [mc_indi_tiltrotor] T2dbg1 G2=[-0.001 -0.651 0.060 0.009 -1.000] G5=[-0.659 -0.702 -0.006 10.989 0.103]
INFO  [mc_indi_tiltrotor] T2dbg2 Wu25=[1.0 1000000.0] du25=[-0.9484 -0.0094] dmax25=[34.0102 0.0120] nu_yaw=-0.139
INFO  [mc_indi_tiltrotor] WRdbg0 Wu0=1 lo0=-11.42 du0=-1.2863 pin0=0.247 a0=[0.004 0.216 0.000 -0.000 -1.753]
INFO  [mc_indi_tiltrotor] WRdbg1 Wu1=1 lo1=-10.10 du1=-1.2822 pin1=0.172 a1=[-0.004 0.202 -0.000 -0.000 -1.653]
INFO  [mc_indi_tiltrotor] YWdbg nu2=-0.026 ach2=0.454 r=-0.01 wsp2=-0.50 ddelta=[0.0120 0.0120 0.0120]
INFO  [mc_indi_tiltrotor] T0dbg1 G0=[-0.160 0.147 -0.201 0.907 -0.422] nu_des=[0.03 -5.53 -0.02 -10.05 3.02]
INFO  [mc_indi_tiltrotor] T0dbg2 Ws34=[0.1 20.0] Wu0=1000000.0 du0=-6.0033 dmin0=-6.0033 dmax0=36.0000
INFO  [mc_indi_tiltrotor] T2dbg1 G2=[-0.001 -0.651 0.060 0.011 -1.000] G5=[-0.775 -0.816 -0.008 12.921 0.136]
INFO  [mc_indi_tiltrotor] T2dbg2 Wu25=[1.0 1000000.0] du25=[5.7888 0.0120] dmax25=[32.0783 0.0120] nu_yaw=-0.020
INFO  [mc_indi_tiltrotor] WRdbg0 Wu0=1000000 lo0=-6.00 du0=-6.0033 pin0=-6.003 a0=[-0.000 -0.000 0.000 -0.000 -0.000]
INFO  [mc_indi_tiltrotor] WRdbg1 Wu1=1000000 lo1=-5.06 du1=-5.0555 pin1=-5.056 a1=[0.000 -0.000 -0.000 -0.000 -0.000]
INFO  [mc_indi_tiltrotor] T0dbg1 G0=[-0.158 0.146 -0.203 0.910 -0.414] nu_des=[0.02 -4.91 -0.07 -10.85 3.85]
INFO  [mc_indi_tiltrotor] T0dbg2 Ws34=[0.1 20.0] Wu0=1000000.0 du0=-6.3670 dmin0=-6.3670 dmax0=36.0000
INFO  [mc_indi_tiltrotor] T2dbg1 G2=[-0.001 -0.651 0.060 0.010 -1.000] G5=[-0.960 -1.013 -0.010 15.998 0.165]
INFO  [mc_indi_tiltrotor] T2dbg2 Wu25=[1.0 1000000.0] du25=[4.6741 0.0120] dmax25=[29.0008 0.0120] nu_yaw=-0.070
INFO  [mc_indi_tiltrotor] WRdbg0 Wu0=1000000 lo0=-6.37 du0=-6.3670 pin0=-6.367 a0=[-0.000 -0.000 0.000 -0.000 -0.000]
INFO  [mc_indi_tiltrotor] WRdbg1 Wu1=1000000 lo1=-5.51 du1=-5.5124 pin1=-5.512 a1=[0.000 -0.000 -0.000 -0.000 -0.000]
INFO  [mc_indi_tiltrotor] YWdbg nu2=-0.427 ach2=-0.405 r=0.01 wsp2=-0.50 ddelta=[-0.0120 -0.0120 -0.0110]
INFO  [mc_indi_tiltrotor] T0dbg1 G0=[-0.156 0.144 -0.204 0.914 -0.406] nu_des=[0.01 3.26 -0.33 -4.80 4.03]
INFO  [mc_indi_tiltrotor] T0dbg2 Ws34=[0.1 20.0] Wu0=1.0 du0=0.7232 dmin0=-2.7501 dmax0=36.0000
INFO  [mc_indi_tiltrotor] T2dbg1 G2=[-0.001 -0.651 0.060 0.011 -1.000] G5=[-1.069 -1.115 -0.012 17.818 0.203]
INFO  [mc_indi_tiltrotor] T2dbg2 Wu25=[1.0 1000000.0] du25=[-4.6524 -0.0114] dmax25=[27.1813 0.0120] nu_yaw=-0.334
INFO  [mc_indi_tiltrotor] WRdbg0 Wu0=1 lo0=-2.75 du0=0.7232 pin0=-0.023 a0=[-0.033 3.929 0.000 -0.000 -3.150]
INFO  [mc_indi_tiltrotor] WRdbg1 Wu1=1 lo1=-2.34 du1=0.7212 pin1=-0.021 a1=[0.030 3.674 -0.000 -0.000 -2.962]
INFO  [mc_indi_tiltrotor] T0dbg1 G0=[-0.155 0.143 -0.205 0.916 -0.402] nu_des=[-0.02 5.87 -0.39 -13.77 3.16]
INFO  [mc_indi_tiltrotor] T0dbg2 Ws34=[0.1 20.0] Wu0=1.0 du0=4.5381 dmin0=-8.0352 dmax0=36.0000
INFO  [mc_indi_tiltrotor] T2dbg1 G2=[-0.001 -0.651 0.060 0.010 -1.000] G5=[-0.846 -0.895 -0.008 14.099 0.141]
INFO  [mc_indi_tiltrotor] T2dbg2 Wu25=[1.0 1000000.0] du25=[-6.9990 -0.0100] dmax25=[30.8998 0.0120] nu_yaw=-0.390
INFO  [mc_indi_tiltrotor] WRdbg0 Wu0=1 lo0=-8.04 du0=4.5381 pin0=-0.162 a0=[0.052 7.146 0.000 -0.000 -2.497]
INFO  [mc_indi_tiltrotor] WRdbg1 Wu1=1 lo1=-7.01 du1=4.1126 pin1=-0.184 a1=[-0.048 6.697 -0.000 -0.000 -2.352]
INFO  [mc_indi_tiltrotor] YWdbg nu2=-0.070 ach2=0.184 r=0.02 wsp2=-0.50 ddelta=[0.0120 0.0120 0.0120]
INFO  [mc_indi_tiltrotor] T0dbg1 G0=[-0.154 0.142 -0.206 0.918 -0.397] nu_des=[0.00 -3.57 -0.07 -17.38 2.32]
INFO  [mc_indi_tiltrotor] T0dbg2 Ws34=[0.1 20.0] Wu0=1.0 du0=-6.0374 dmin0=-10.1606 dmax0=34.8394
INFO  [mc_indi_tiltrotor] T2dbg1 G2=[-0.001 -0.651 0.060 0.009 -1.000] G5=[-0.654 -0.698 -0.006 10.896 0.100]
INFO  [mc_indi_tiltrotor] T2dbg2 Wu25=[1.0 1000000.0] du25=[2.7882 0.0120] dmax25=[34.1031 0.0120] nu_yaw=-0.065
INFO  [mc_indi_tiltrotor] WRdbg0 Wu0=1 lo0=-10.16 du0=-6.0374 pin0=0.213 a0=[-0.009 -4.390 0.000 -0.000 -1.851]
INFO  [mc_indi_tiltrotor] WRdbg1 Wu1=1 lo1=-8.87 du1=-5.6266 pin1=0.224 a1=[0.009 -4.115 -0.000 -0.000 -1.743]
INFO  [mc_indi_tiltrotor] T0dbg1 G0=[-0.153 0.141 -0.207 0.921 -0.391] nu_des=[0.02 -4.91 -0.04 -10.63 3.85]
INFO  [mc_indi_tiltrotor] T0dbg2 Ws34=[0.1 20.0] Wu0=1000000.0 du0=-6.1658 dmin0=-6.1658 dmax0=36.0000
INFO  [mc_indi_tiltrotor] T2dbg1 G2=[-0.001 -0.651 0.060 0.010 -1.000] G5=[-0.982 -1.034 -0.010 16.369 0.172]
INFO  [mc_indi_tiltrotor] T2dbg2 Wu25=[1.0 1000000.0] du25=[4.8381 0.0120] dmax25=[28.6300 0.0120] nu_yaw=-0.043
INFO  [mc_indi_tiltrotor] WRdbg0 Wu0=1000000 lo0=-6.17 du0=-6.1658 pin0=-6.166 a0=[-0.000 -0.000 0.000 -0.000 -0.000]
INFO  [mc_indi_tiltrotor] WRdbg1 Wu1=1000000 lo1=-5.31 du1=-5.3120 pin1=-5.312 a1=[0.000 -0.000 -0.000 -0.000 -0.000]
INFO  [mc_indi_tiltrotor] YWdbg nu2=-0.408 ach2=-0.484 r=0.02 wsp2=-0.50 ddelta=[-0.0120 -0.0120 -0.0112]
INFO  [mc_indi_tiltrotor] T0dbg1 G0=[-0.151 0.140 -0.208 0.923 -0.384] nu_des=[0.01 2.84 -0.35 -6.51 3.19]
INFO  [mc_indi_tiltrotor] T0dbg2 Ws34=[0.1 20.0] Wu0=1.0 du0=0.8921 dmin0=-3.6973 dmax0=36.0000
INFO  [mc_indi_tiltrotor] T2dbg1 G2=[-0.001 -0.651 0.060 0.011 -1.000] G5=[-1.098 -1.147 -0.012 18.294 0.206]
INFO  [mc_indi_tiltrotor] T2dbg2 Wu25=[1.0 1000000.0] du25=[-3.9528 -0.0112] dmax25=[26.7044 0.0120] nu_yaw=-0.347
INFO  [mc_indi_tiltrotor] WRdbg0 Wu0=1 lo0=-3.70 du0=0.8921 pin0=-0.063 a0=[-0.026 3.596 0.000 -0.000 -2.616]
INFO  [mc_indi_tiltrotor] WRdbg1 Wu1=1 lo1=-3.19 du1=0.8036 pin1=-0.126 a1=[0.024 3.371 -0.000 -0.000 -2.465]
INFO  [mc_indi_tiltrotor] T0dbg1 G0=[-0.150 0.139 -0.209 0.925 -0.379] nu_des=[-0.03 6.40 -0.43 -11.83 3.34]
INFO  [mc_indi_tiltrotor] T0dbg2 Ws34=[0.1 20.0] Wu0=1.0 du0=5.3818 dmin0=-6.7950 dmax0=36.0000
INFO  [mc_indi_tiltrotor] T2dbg1 G2=[-0.001 -0.651 0.060 0.010 -1.000] G5=[-0.959 -1.014 -0.010 15.987 0.162]
INFO  [mc_indi_tiltrotor] T2dbg2 Wu25=[1.0 1000000.0] du25=[-7.5517 -0.0101] dmax25=[29.0122 0.0120] nu_yaw=-0.432
INFO  [mc_indi_tiltrotor] WRdbg0 Wu0=1 lo0=-6.79 du0=5.3818 pin0=-0.142 a0=[0.104 8.185 0.000 -0.000 -2.766]
INFO  [mc_indi_tiltrotor] WRdbg1 Wu1=1 lo1=-5.93 du1=4.7978 pin1=-0.177 a1=[-0.095 7.679 -0.000 -0.000 -2.608]
INFO  [mc_indi_tiltrotor] YWdbg nu2=-0.137 ach2=-0.046 r=0.02 wsp2=-0.50 ddelta=[0.0120 0.0120 -0.0089]
INFO  [mc_indi_tiltrotor] T0dbg1 G0=[-0.149 0.138 -0.210 0.928 -0.373] nu_des=[-0.01 2.51 -0.19 -18.87 3.15]
INFO  [mc_indi_tiltrotor] T0dbg2 Ws34=[0.1 20.0] Wu0=1.0 du0=0.3799 dmin0=-10.9076 dmax0=34.0924
INFO  [mc_indi_tiltrotor] T2dbg1 G2=[-0.001 -0.651 0.060 0.010 -1.000] G5=[-0.749 -0.795 -0.007 12.488 0.121]
INFO  [mc_indi_tiltrotor] T2dbg2 Wu25=[1.0 1000000.0] du25=[-3.6275 -0.0097] dmax25=[32.5115 0.0120] nu_yaw=-0.194
INFO  [mc_indi_tiltrotor] WRdbg0 Wu0=1 lo0=-10.91 du0=0.3799 pin0=-0.212 a0=[0.028 2.912 -0.052 -0.007 -2.288]
INFO  [mc_indi_tiltrotor] WRdbg1 Wu1=1 lo1=-9.48 du1=0.2975 pin1=-0.073 a1=[0.001 1.331 -0.272 -0.037 -0.652]
INFO  [mc_indi_tiltrotor] T0dbg1 G0=[-0.148 0.137 -0.211 0.930 -0.367] nu_des=[0.01 -5.68 -0.03 -13.90 2.73]
INFO  [mc_indi_tiltrotor] T0dbg2 Ws34=[0.1 20.0] Wu0=1000000.0 du0=-8.0385 dmin0=-8.0385 dmax0=36.0000
INFO  [mc_indi_tiltrotor] T2dbg1 G2=[-0.001 -0.651 0.060 0.010 -1.000] G5=[-0.807 -0.854 -0.008 13.454 0.134]
INFO  [mc_indi_tiltrotor] T2dbg2 Wu25=[1.0 1000000.0] du25=[5.4084 0.0120] dmax25=[31.5453 0.0120] nu_yaw=-0.027
INFO  [mc_indi_tiltrotor] WRdbg0 Wu0=1000000 lo0=-8.04 du0=-8.0385 pin0=-8.039 a0=[-0.000 -0.000 0.000 -0.000 -0.000]
INFO  [mc_indi_tiltrotor] WRdbg1 Wu1=1000000 lo1=-6.88 du1=-6.8768 pin1=-6.877 a1=[0.000 -0.000 -0.000 -0.000 -0.000]
INFO  [mc_indi_tiltrotor] YWdbg nu2=-0.353 ach2=-0.227 r=0.01 wsp2=-0.50 ddelta=[0.0120 0.0120 -0.0114]
INFO  [mc_indi_tiltrotor] T0dbg1 G0=[-0.146 0.135 -0.212 0.933 -0.360] nu_des=[0.02 -5.61 -0.03 -10.89 4.01]
INFO  [mc_indi_tiltrotor] T0dbg2 Ws34=[0.1 20.0] Wu0=1000000.0 du0=-6.2406 dmin0=-6.2406 dmax0=36.0000
INFO  [mc_indi_tiltrotor] T2dbg1 G2=[-0.001 -0.651 0.060 0.010 -1.000] G5=[-0.919 -0.970 -0.009 15.309 0.156]
INFO  [mc_indi_tiltrotor] T2dbg2 Wu25=[1.0 1000000.0] du25=[5.9631 0.0120] dmax25=[29.6907 0.0120] nu_yaw=-0.032
INFO  [mc_indi_tiltrotor] WRdbg0 Wu0=1000000 lo0=-6.24 du0=-6.2406 pin0=-6.241 a0=[-0.000 -0.000 0.000 -0.000 -0.000]
INFO  [mc_indi_tiltrotor] WRdbg1 Wu1=1000000 lo1=-5.35 du1=-5.3545 pin1=-5.354 a1=[0.000 -0.000 -0.000 -0.000 -0.000]
INFO  [mc_indi_tiltrotor] T0dbg1 G0=[-0.144 0.134 -0.213 0.936 -0.353] nu_des=[-0.02 1.98 -0.36 -5.63 4.44]
INFO  [mc_indi_tiltrotor] T0dbg2 Ws34=[0.1 20.0] Wu0=1.0 du0=-1.0396 dmin0=-3.1516 dmax0=36.0000
INFO  [mc_indi_tiltrotor] T2dbg1 G2=[-0.001 -0.651 0.060 0.011 -1.000] G5=[-1.127 -1.178 -0.013 18.776 0.210]
INFO  [mc_indi_tiltrotor] T2dbg2 Wu25=[1.0 1000000.0] du25=[-3.5249 -0.0112] dmax25=[26.2229 0.0120] nu_yaw=-0.357
INFO  [mc_indi_tiltrotor] WRdbg0 Wu0=1 lo0=-3.15 du0=-1.0396 pin0=0.104 a0=[0.072 2.688 0.000 -0.000 -3.904]
INFO  [mc_indi_tiltrotor] WRdbg1 Wu1=1 lo1=-2.69 du1=-1.2260 pin1=0.007 a1=[-0.066 2.538 -0.000 -0.000 -3.704]
INFO  [mc_indi_tiltrotor] YWdbg nu2=-0.129 ach2=-0.025 r=0.02 wsp2=-0.50 ddelta=[0.0120 0.0120 -0.0089]
INFO  [mc_indi_tiltrotor] T0dbg1 G0=[-0.143 0.133 -0.214 0.938 -0.347] nu_des=[-0.02 6.02 -0.43 -11.96 3.28]
INFO  [mc_indi_tiltrotor] T0dbg2 Ws34=[0.1 20.0] Wu0=1.0 du0=5.2663 dmin0=-6.8247 dmax0=36.0000
INFO  [mc_indi_tiltrotor] T2dbg1 G2=[-0.001 -0.651 0.060 0.010 -1.000] G5=[-0.910 -0.964 -0.009 15.168 0.150]
INFO  [mc_indi_tiltrotor] T2dbg2 Wu25=[1.0 1000000.0] du25=[-7.0947 -0.0099] dmax25=[29.8309 0.0120] nu_yaw=-0.430
INFO  [mc_indi_tiltrotor] WRdbg0 Wu0=1 lo0=-6.82 du0=5.2663 pin0=-0.157 a0=[0.075 8.272 0.000 -0.000 -2.924]
INFO  [mc_indi_tiltrotor] WRdbg1 Wu1=1 lo1=-5.85 du1=4.7827 pin1=-0.190 a1=[-0.070 7.819 -0.001 -0.000 -2.777]
INFO  [mc_indi_tiltrotor] T0dbg1 G0=[-0.142 0.131 -0.215 0.940 -0.341] nu_des=[-0.03 4.89 -0.34 -12.66 3.29]
INFO  [mc_indi_tiltrotor] T0dbg2 Ws34=[0.1 20.0] Wu0=1.0 du0=3.7886 dmin0=-7.2373 dmax0=36.0000
INFO  [mc_indi_tiltrotor] T2dbg1 G2=[-0.001 -0.651 0.060 0.010 -1.000] G5=[-0.774 -0.821 -0.008 12.901 0.126]
INFO  [mc_indi_tiltrotor] T2dbg2 Wu25=[1.0 1000000.0] du25=[-5.9864 -0.0098] dmax25=[32.0982 0.0120] nu_yaw=-0.338
INFO  [mc_indi_tiltrotor] WRdbg0 Wu0=1 lo0=-7.24 du0=3.7886 pin0=-0.174 a0=[0.120 6.821 0.000 -0.000 -2.978]
INFO  [mc_indi_tiltrotor] WRdbg1 Wu1=1 lo1=-6.18 du1=3.3172 pin1=-0.195 a1=[-0.111 6.454 -0.000 -0.000 -2.831]
INFO  [mc_indi_tiltrotor] YWdbg nu2=-0.148 ach2=0.292 r=0.00 wsp2=-0.50 ddelta=[0.0120 0.0120 0.0120]
INFO  [commander] Disarmed by internal command	
INFO  [tone_alarm] notify neutral
WARN  [health_and_arming_checks] Preflight Fail: vertical velocity unstable
INFO  [logger] closed logfile, bytes written: 7896024
