
______  __   __    ___ 
| ___ \ \ \ / /   /   |
| |_/ /  \ V /   / /| |
|  __/   /   \  / /_| |
| |     / /^\ \ \___  |
\_|     \/   \/     |_/

px4 starting.

INFO  [px4] startup script: /bin/sh etc/init.d-posix/rcS 0
INFO  [init] found model autostart file as SYS_AUTOSTART=4023
INFO  [param] selected parameter default file parameters.bson
INFO  [param] importing from 'parameters.bson'
INFO  [parameters] BSON document size 404 bytes, decoded 404 bytes (INT32:14, FLOAT:6)
INFO  [param] selected parameter backup file parameters_backup.bson
INFO  [dataman] data manager file './dataman' size is 7872608 bytes
INFO  [init] Gazebo simulator
INFO  [init] starting gazebo with world: /home/umran/PX4-Autopilot/Tools/simulation/gz/worlds/default.sdf
WARN  [init] PX4_GZ_MODEL_POSE not set, spawning at origin.
[1;33mWarning [Utils.cc:132][0m [/sdf/model[@name="tiltrotor_tailplane"]/link[@name="base_link"]/sensor[@name="imu_sensor"]/gz_frame_id:/home/umran/PX4-Autopilot/Tools/simulation/gz/models/tiltrotor_indi/model.sdf:L177]: XML Element[gz_frame_id], child of element[sensor], not defined in SDF. Copying[gz_frame_id] as children of [sensor].
[1;33mWarning [Utils.cc:132][0m [/sdf/model[@name="tiltrotor_tailplane"]/link[@name="base_link"]/sensor[@name="air_pressure_sensor"]/gz_frame_id:/home/umran/PX4-Autopilot/Tools/simulation/gz/models/tiltrotor_indi/model.sdf:L236]: XML Element[gz_frame_id], child of element[sensor], not defined in SDF. Copying[gz_frame_id] as children of [sensor].
[1;33mWarning [Utils.cc:132][0m [/sdf/model[@name="tiltrotor_tailplane"]/link[@name="base_link"]/sensor[@name="magnetometer_sensor"]/gz_frame_id:/home/umran/PX4-Autopilot/Tools/simulation/gz/models/tiltrotor_indi/model.sdf:L249]: XML Element[gz_frame_id], child of element[sensor], not defined in SDF. Copying[gz_frame_id] as children of [sensor].
[1;33mWarning [Utils.cc:132][0m [/sdf/model[@name="tiltrotor_tailplane"]/link[@name="base_link"]/sensor[@name="navsat_sensor"]/gz_frame_id:/home/umran/PX4-Autopilot/Tools/simulation/gz/models/tiltrotor_indi/model.sdf:L271]: XML Element[gz_frame_id], child of element[sensor], not defined in SDF. Copying[gz_frame_id] as children of [sensor].
INFO  [lockstep_scheduler] setting initial absolute time to 8000 us
INFO  [gz_bridge] world: default, model name: tiltrotor_indi_0, simulation model: tiltrotor_indi
INFO  [gz_bridge] Requested Model Position: 0,0,0,0,0,0
INFO  [gz_bridge] Model position z is less or equal 0.0, moving upwards
[1;33mWarning [Utils.cc:132][0m [/sdf/model[@name="tiltrotor_tailplane"]/link[@name="base_link"]/sensor[@name="imu_sensor"]/gz_frame_id:<data-string>:L186]: XML Element[gz_frame_id], child of element[sensor], not defined in SDF. Copying[gz_frame_id] as children of [sensor].
[1;33mWarning [Utils.cc:132][0m [/sdf/model[@name="tiltrotor_tailplane"]/link[@name="base_link"]/sensor[@name="air_pressure_sensor"]/gz_frame_id:<data-string>:L199]: XML Element[gz_frame_id], child of element[sensor], not defined in SDF. Copying[gz_frame_id] as children of [sensor].
[1;33mWarning [Utils.cc:132][0m [/sdf/model[@name="tiltrotor_tailplane"]/link[@name="base_link"]/sensor[@name="magnetometer_sensor"]/gz_frame_id:<data-string>:L221]: XML Element[gz_frame_id], child of element[sensor], not defined in SDF. Copying[gz_frame_id] as children of [sensor].
[1;33mWarning [Utils.cc:132][0m [/sdf/model[@name="tiltrotor_tailplane"]/link[@name="base_link"]/sensor[@name="navsat_sensor"]/gz_frame_id:<data-string>:L226]: XML Element[gz_frame_id], child of element[sensor], not defined in SDF. Copying[gz_frame_id] as children of [sensor].
WARN  [vehicle_angular_velocity] no gyro selected, using sensor_gyro:0 1310988
INFO  [commander] LED: open /dev/led0 failed (22)
INFO  [tone_alarm] home set
INFO  [uxrce_dds_client] init UDP agent IP:127.0.0.1, port:8888
INFO  [mavlink] mode: Normal, data rate: 4000000 B/s on udp port 18570 remote port 14550
INFO  [mavlink] mode: Onboard, data rate: 4000000 B/s on udp port 14580 remote port 14540
INFO  [mavlink] mode: Onboard, data rate: 4000 B/s on udp port 14280 remote port 14030
INFO  [mavlink] mode: Gimbal, data rate: 400000 B/s on udp port 13030 remote port 13280
INFO  [logger] logger started (mode=all)
INFO  [logger] logging 11 topics from logger_topics.txt
INFO  [logger] Start file log (type: full)
INFO  [logger] [logger] ./log/2026-08-03/07_55_59.ulg	
INFO  [logger] Opened full log file: ./log/2026-08-03/07_55_59.ulg
INFO  [mavlink] MAVLink only on localhost (set param MAV_{i}_BROADCAST = 1 to enable network)
INFO  [mavlink] MAVLink only on localhost (set param MAV_{i}_BROADCAST = 1 to enable network)
INFO  [px4] Startup script returned successfully
INFO  [commander] [32mReady for takeoff![0m
INFO  [commander] Armed by internal command	
INFO  [tone_alarm] arming warning
INFO  [mc_indi_tiltrotor] T0dbg1 G0=[-0.256 0.227 0.019 0.162 -0.987] nu_des=[0.01 -0.02 -0.25 -2.96 -0.24]
INFO  [mc_indi_tiltrotor] T0dbg2 Ws34=[0.1 20.0] Wu0=1.0 du0=0.0680 dmin0=-18.3233 dmax0=26.6767
INFO  [mc_indi_tiltrotor] T2dbg1 G2=[0.000 -0.650 0.060 0.000 -1.000] G5=[-0.744 -0.868 -0.000 12.403 0.000]
INFO  [mc_indi_tiltrotor] T2dbg2 Wu25=[1.0 1000000.0] du25=[0.1000 0.0000] dmax25=[32.5965 0.0120] nu_yaw=-0.251
INFO  [mc_indi_tiltrotor] WRdbg0 Wu0=1 lo0=-18.32 du0=0.0680 pin0=0.002 a0=[-0.011 -0.012 -0.000 -0.000 0.089]
INFO  [mc_indi_tiltrotor] WRdbg1 Wu1=1 lo1=-18.32 du1=0.1095 pin1=0.019 a1=[0.011 -0.012 0.000 -0.000 0.091]
INFO  [mc_indi_tiltrotor] YWdbg nu2=-0.251 ach2=-0.056 r=0.00 wsp2=-0.50 ddelta=[0.0120 -0.0000 0.0000]
INFO  [commander] Takeoff detected	
INFO  [mc_indi_tiltrotor] T0dbg1 G0=[-0.257 0.227 0.012 0.188 -0.982] nu_des=[0.01 0.06 -0.27 -3.51 0.11]
INFO  [mc_indi_tiltrotor] T0dbg2 Ws34=[0.1 20.0] Wu0=1.0 du0=-0.0222 dmin0=-18.0190 dmax0=26.9810
INFO  [mc_indi_tiltrotor] T2dbg1 G2=[-0.000 -0.650 0.060 0.005 -1.000] G5=[-0.753 -0.839 -0.004 12.557 0.062]
INFO  [mc_indi_tiltrotor] T2dbg2 Wu25=[1.0 1000000.0] du25=[-0.0827 -0.0049] dmax25=[32.4426 0.0120] nu_yaw=-0.275
INFO  [mc_indi_tiltrotor] WRdbg0 Wu0=1 lo0=-18.02 du0=-0.0222 pin0=0.007 a0=[-0.024 0.035 -0.000 -0.000 -0.041]
INFO  [mc_indi_tiltrotor] WRdbg1 Wu1=1 lo1=-19.65 du1=0.0348 pin1=0.018 a1=[0.024 0.035 0.000 -0.000 -0.042]
INFO  [mc_indi_tiltrotor] pos_hold: holding x=0.01 y=-0.20
INFO  [mc_indi_tiltrotor] T0dbg1 G0=[-0.257 0.228 0.006 0.210 -0.978] nu_des=[0.02 0.01 0.33 -2.59 0.72]
INFO  [mc_indi_tiltrotor] T0dbg2 Ws34=[0.1 20.0] Wu0=1.0 du0=-0.2885 dmin0=-21.9506 dmax0=23.0494
INFO  [mc_indi_tiltrotor] T2dbg1 G2=[-0.001 -0.651 0.060 0.011 -1.000] G5=[-0.863 -0.903 -0.010 14.379 0.159]
INFO  [mc_indi_tiltrotor] T2dbg2 Wu25=[1.0 9.0] du25=[-0.1999 -0.0036] dmax25=[30.6200 0.0120] nu_yaw=0.328
INFO  [mc_indi_tiltrotor] WRdbg0 Wu0=1 lo0=-21.95 du0=-0.2885 pin0=0.002 a0=[-0.038 0.009 0.007 0.001 -0.270]
INFO  [mc_indi_tiltrotor] WRdbg1 Wu1=1 lo1=-22.48 du1=-0.2897 pin1=-0.045 a1=[0.036 0.008 -0.015 -0.002 -0.271]
INFO  [mc_indi_tiltrotor] YWdbg nu2=0.328 ach2=0.137 r=-0.33 wsp2=0.11 ddelta=[-0.0120 0.0120 -0.0036]
INFO  [mc_indi_tiltrotor] T0dbg1 G0=[-0.257 0.227 0.016 0.171 -0.985] nu_des=[0.00 -0.02 0.06 -1.83 -0.00]
INFO  [mc_indi_tiltrotor] T0dbg2 Ws34=[0.1 20.0] Wu0=1.0 du0=-0.0265 dmin0=-19.2706 dmax0=25.7294
INFO  [mc_indi_tiltrotor] T2dbg1 G2=[-0.000 -0.650 0.060 0.005 -1.000] G5=[-0.800 -0.890 -0.004 13.334 0.066]
INFO  [mc_indi_tiltrotor] T2dbg2 Wu25=[1.0 9.0] du25=[0.0130 -0.0003] dmax25=[31.6655 0.0120] nu_yaw=0.061
INFO  [mc_indi_tiltrotor] WRdbg0 Wu0=1 lo0=-19.27 du0=-0.0265 pin0=-0.022 a0=[-0.008 -0.015 0.018 0.000 0.001]
INFO  [mc_indi_tiltrotor] WRdbg1 Wu1=1 lo1=-19.73 du1=-0.0235 pin1=-0.002 a1=[0.008 -0.012 -0.017 -0.001 0.001]
INFO  [mc_indi_tiltrotor] T0dbg1 G0=[-0.256 0.227 0.019 0.162 -0.987] nu_des=[-0.01 0.41 -0.07 -1.42 0.42]
INFO  [mc_indi_tiltrotor] T0dbg2 Ws34=[0.1 20.0] Wu0=1.0 du0=0.1291 dmin0=-18.8665 dmax0=26.1335
INFO  [mc_indi_tiltrotor] T2dbg1 G2=[-0.000 -0.650 0.060 0.002 -1.000] G5=[-0.805 -0.922 -0.002 13.423 0.028]
INFO  [mc_indi_tiltrotor] T2dbg2 Wu25=[1.0 1000000.0] du25=[-0.5388 -0.0021] dmax25=[31.5765 0.0120] nu_yaw=-0.068
INFO  [mc_indi_tiltrotor] WRdbg0 Wu0=1 lo0=-18.87 du0=0.1291 pin0=0.026 a0=[0.028 0.233 -0.000 -0.000 -0.157]
INFO  [mc_indi_tiltrotor] WRdbg1 Wu1=1 lo1=-21.16 du1=0.0387 pin1=-0.010 a1=[-0.028 0.235 0.000 -0.000 -0.159]
INFO  [mc_indi_tiltrotor] YWdbg nu2=-0.068 ach2=-0.025 r=0.26 wsp2=0.42 ddelta=[0.0120 0.0120 -0.0021]
INFO  [mc_indi_tiltrotor] T0dbg1 G0=[-0.257 0.227 0.010 0.195 -0.981] nu_des=[-0.01 0.08 -0.07 -1.65 0.10]
INFO  [mc_indi_tiltrotor] T0dbg2 Ws34=[0.1 20.0] Wu0=1.0 du0=0.0257 dmin0=-19.3203 dmax0=25.6797
INFO  [mc_indi_tiltrotor] T2dbg1 G2=[-0.000 -0.650 0.060 0.004 -1.000] G5=[-0.737 -0.830 -0.003 12.280 0.046]
INFO  [mc_indi_tiltrotor] T2dbg2 Wu25=[1.0 9.0] du25=[-0.1060 -0.0018] dmax25=[32.7201 0.0120] nu_yaw=-0.069
INFO  [mc_indi_tiltrotor] WRdbg0 Wu0=1 lo0=-19.32 du0=0.0257 pin0=0.000 a0=[0.012 0.056 -0.003 -0.011 -0.029]
INFO  [mc_indi_tiltrotor] WRdbg1 Wu1=1 lo1=-19.43 du1=0.0088 pin1=0.000 a1=[-0.013 0.038 0.024 0.001 -0.040]
INFO  [mc_indi_tiltrotor] T0dbg1 G0=[-0.257 0.227 0.010 0.195 -0.981] nu_des=[0.02 -0.01 0.02 -1.30 -0.05]
INFO  [mc_indi_tiltrotor] T0dbg2 Ws34=[0.1 20.0] Wu0=1.0 du0=-0.0266 dmin0=-19.2972 dmax0=25.7028
INFO  [mc_indi_tiltrotor] T2dbg1 G2=[-0.000 -0.650 0.060 0.001 -1.000] G5=[-0.724 -0.839 -0.001 12.071 0.009]
INFO  [mc_indi_tiltrotor] T2dbg2 Wu25=[1.0 1000000.0] du25=[0.0189 -0.0007] dmax25=[32.9291 0.0120] nu_yaw=0.016
INFO  [mc_indi_tiltrotor] WRdbg0 Wu0=1 lo0=-19.30 du0=-0.0266 pin0=0.000 a0=[-0.024 -0.010 0.001 -0.009 0.014]
INFO  [mc_indi_tiltrotor] WRdbg1 Wu1=1 lo1=-19.64 du1=0.0361 pin1=-0.001 a1=[0.027 -0.006 -0.006 0.003 0.020]
INFO  [mc_indi_tiltrotor] YWdbg nu2=0.017 ach2=0.023 r=0.16 wsp2=-0.06 ddelta=[0.0031 0.0086 -0.0007]
INFO  [mc_indi_tiltrotor] T0dbg1 G0=[-0.257 0.227 0.012 0.187 -0.982] nu_des=[0.01 -0.11 0.00 -1.15 0.08]
INFO  [mc_indi_tiltrotor] T0dbg2 Ws34=[0.1 20.0] Wu0=1.0 du0=-0.1210 dmin0=-19.3765 dmax0=25.6235
INFO  [mc_indi_tiltrotor] T2dbg1 G2=[-0.000 -0.650 0.060 0.003 -1.000] G5=[-0.790 -0.900 -0.002 13.174 0.034]
INFO  [mc_indi_tiltrotor] T2dbg2 Wu25=[1.0 9.0] du25=[0.0846 0.0008] dmax25=[31.8263 0.0120] nu_yaw=0.004
INFO  [mc_indi_tiltrotor] WRdbg0 Wu0=1 lo0=-19.38 du0=-0.1210 pin0=0.000 a0=[-0.013 -0.078 0.000 -0.007 -0.023]
INFO  [mc_indi_tiltrotor] WRdbg1 Wu1=1 lo1=-19.86 du1=-0.0640 pin1=0.000 a1=[0.014 -0.048 -0.001 0.002 -0.031]
INFO  [mc_indi_tiltrotor] YWdbg nu2=0.019 ach2=0.019 r=-0.08 wsp2=-0.06 ddelta=[-0.0033 0.0010 -0.0008]
INFO  [mc_indi_tiltrotor] T0dbg1 G0=[-0.257 0.227 0.016 0.173 -0.985] nu_des=[0.01 0.01 0.02 -0.71 -0.01]
INFO  [mc_indi_tiltrotor] T0dbg2 Ws34=[0.1 20.0] Wu0=1.0 du0=0.0008 dmin0=-19.1310 dmax0=25.8690
INFO  [mc_indi_tiltrotor] T2dbg1 G2=[-0.000 -0.650 0.060 0.002 -1.000] G5=[-0.815 -0.937 -0.001 13.582 0.021]
INFO  [mc_indi_tiltrotor] T2dbg2 Wu25=[1.0 9.0] du25=[-0.0116 -0.0007] dmax25=[31.4175 0.0120] nu_yaw=0.020
INFO  [mc_indi_tiltrotor] WRdbg0 Wu0=1 lo0=-19.13 du0=0.0008 pin0=0.000 a0=[-0.009 0.008 0.002 -0.004 0.004]
INFO  [mc_indi_tiltrotor] WRdbg1 Wu1=1 lo1=-19.78 du1=0.0120 pin1=0.000 a1=[0.009 0.005 -0.008 0.001 0.005]
INFO  [mc_indi_tiltrotor] T0dbg1 G0=[-0.257 0.227 0.017 0.170 -0.986] nu_des=[-0.01 -0.04 0.05 -0.84 0.28]
INFO  [mc_indi_tiltrotor] T0dbg2 Ws34=[0.1 20.0] Wu0=1.0 du0=-0.0998 dmin0=-19.3741 dmax0=25.6259
INFO  [mc_indi_tiltrotor] T2dbg1 G2=[-0.000 -0.650 0.060 0.002 -1.000] G5=[-0.780 -0.897 -0.001 13.006 0.020]
INFO  [mc_indi_tiltrotor] T2dbg2 Wu25=[1.0 9.0] du25=[-0.0259 0.0020] dmax25=[31.9941 0.0120] nu_yaw=0.050
INFO  [mc_indi_tiltrotor] WRdbg0 Wu0=1 lo0=-19.37 du0=-0.0998 pin0=0.000 a0=[0.015 -0.027 0.004 -0.004 -0.087]
INFO  [mc_indi_tiltrotor] WRdbg1 Wu1=1 lo1=-20.11 du1=-0.1601 pin1=0.000 a1=[-0.015 -0.017 -0.018 0.001 -0.111]
INFO  [mc_indi_tiltrotor] YWdbg nu2=0.004 ach2=0.004 r=-0.02 wsp2=0.04 ddelta=[-0.0033 -0.0024 -0.0002]
INFO  [mc_indi_tiltrotor] T0dbg1 G0=[-0.256 0.227 0.018 0.165 -0.986] nu_des=[-0.01 0.01 0.01 -0.89 0.00]
INFO  [mc_indi_tiltrotor] T0dbg2 Ws34=[0.1 20.0] Wu0=1.0 du0=0.0115 dmin0=-19.1904 dmax0=25.8096
INFO  [mc_indi_tiltrotor] T2dbg1 G2=[-0.000 -0.650 0.060 0.001 -1.000] G5=[-0.735 -0.848 -0.001 12.243 0.014]
INFO  [mc_indi_tiltrotor] T2dbg2 Wu25=[1.0 9.0] du25=[-0.0157 -0.0001] dmax25=[32.7574 0.0120] nu_yaw=0.010
INFO  [mc_indi_tiltrotor] WRdbg0 Wu0=1 lo0=-19.19 du0=0.0115 pin0=0.000 a0=[0.011 0.004 0.001 -0.005 -0.000]
INFO  [mc_indi_tiltrotor] WRdbg1 Wu1=1 lo1=-19.44 du1=-0.0120 pin1=0.000 a1=[-0.012 0.003 -0.003 0.001 -0.001]
INFO  [mc_indi_tiltrotor] T0dbg1 G0=[-0.256 0.227 0.019 0.160 -0.987] nu_des=[-0.09 0.17 -0.03 -0.57 0.00]
INFO  [mc_indi_tiltrotor] T0dbg2 Ws34=[0.1 20.0] Wu0=1.0 du0=0.2519 dmin0=-19.2328 dmax0=25.7672
INFO  [mc_indi_tiltrotor] T2dbg1 G2=[-0.000 -0.650 0.060 0.001 -1.000] G5=[-0.759 -0.877 -0.001 12.651 0.013]
INFO  [mc_indi_tiltrotor] T2dbg2 Wu25=[1.0 9.0] du25=[-0.1954 0.0016] dmax25=[32.3487 0.0120] nu_yaw=-0.033
INFO  [mc_indi_tiltrotor] WRdbg0 Wu0=1 lo0=-19.23 du0=0.2519 pin0=0.000 a0=[0.138 0.121 -0.003 -0.003 -0.001]
INFO  [mc_indi_tiltrotor] WRdbg1 Wu1=1 lo1=-19.64 du1=-0.0522 pin1=0.000 a1=[-0.138 0.074 0.012 0.001 -0.002]
INFO  [mc_indi_tiltrotor] YWdbg nu2=-0.037 ach2=-0.036 r=0.05 wsp2=-0.05 ddelta=[0.0022 -0.0052 -0.0003]
INFO  [mc_indi_tiltrotor] T0dbg1 G0=[-0.257 0.227 0.016 0.172 -0.985] nu_des=[0.00 -0.03 -0.03 -0.60 0.03]
INFO  [mc_indi_tiltrotor] T0dbg2 Ws34=[0.1 20.0] Wu0=1.0 du0=-0.0402 dmin0=-19.5489 dmax0=25.4511
INFO  [mc_indi_tiltrotor] T2dbg1 G2=[-0.000 -0.650 0.060 0.001 -1.000] G5=[-0.799 -0.920 -0.001 13.323 0.019]
INFO  [mc_indi_tiltrotor] T2dbg2 Wu25=[1.0 9.0] du25=[0.0224 -0.0001] dmax25=[31.6769 0.0120] nu_yaw=-0.032
INFO  [mc_indi_tiltrotor] WRdbg0 Wu0=1 lo0=-19.55 du0=-0.0402 pin0=-0.010 a0=[-0.001 -0.019 0.002 0.000 -0.013]
INFO  [mc_indi_tiltrotor] WRdbg1 Wu1=1 lo1=-19.81 du1=-0.0133 pin1=0.006 a1=[0.001 -0.016 0.010 -0.001 -0.013]
INFO  [mc_indi_tiltrotor] T0dbg1 G0=[-0.257 0.227 0.015 0.177 -0.984] nu_des=[0.00 0.01 0.03 -0.61 -0.01]
INFO  [mc_indi_tiltrotor] T0dbg2 Ws34=[0.1 20.0] Wu0=1.0 du0=0.0037 dmin0=-19.1105 dmax0=25.8895
INFO  [mc_indi_tiltrotor] T2dbg1 G2=[-0.000 -0.650 0.060 0.000 -1.000] G5=[-0.816 -0.950 -0.000 13.596 0.003]
INFO  [mc_indi_tiltrotor] T2dbg2 Wu25=[1.0 1000000.0] du25=[-0.0140 -0.0002] dmax25=[31.4041 0.0120] nu_yaw=0.031
INFO  [mc_indi_tiltrotor] WRdbg0 Wu0=1 lo0=-19.11 du0=0.0037 pin0=0.000 a0=[-0.006 0.008 0.002 -0.004 0.002]
INFO  [mc_indi_tiltrotor] WRdbg1 Wu1=1 lo1=-19.99 du1=0.0029 pin1=-0.000 a1=[0.006 0.005 -0.013 0.002 0.003]
INFO  [mc_indi_tiltrotor] YWdbg nu2=0.075 ach2=0.066 r=-0.10 wsp2=-0.05 ddelta=[-0.0120 -0.0011 0.0039]
INFO  [mc_indi_tiltrotor] T0dbg1 G0=[-0.257 0.227 0.017 0.168 -0.986] nu_des=[0.00 -0.01 0.05 -0.72 0.25]
INFO  [mc_indi_tiltrotor] T0dbg2 Ws34=[0.1 20.0] Wu0=1.0 du0=-0.0892 dmin0=-19.2284 dmax0=25.7716
INFO  [mc_indi_tiltrotor] T2dbg1 G2=[-0.000 -0.650 0.060 0.003 -1.000] G5=[-0.774 -0.878 -0.002 12.897 0.038]
INFO  [mc_indi_tiltrotor] T2dbg2 Wu25=[1.0 9.0] du25=[-0.0381 0.0010] dmax25=[32.1033 0.0120] nu_yaw=0.051
INFO  [mc_indi_tiltrotor] WRdbg0 Wu0=1 lo0=-19.23 du0=-0.0892 pin0=0.000 a0=[-0.002 -0.010 0.005 -0.004 -0.078]
INFO  [mc_indi_tiltrotor] WRdbg1 Wu1=1 lo1=-20.20 du1=-0.1207 pin1=0.000 a1=[0.002 -0.006 -0.019 0.001 -0.099]
INFO  [mc_indi_tiltrotor] T0dbg1 G0=[-0.256 0.227 0.020 0.159 -0.987] nu_des=[-0.00 0.01 0.01 -0.70 0.02]
INFO  [mc_indi_tiltrotor] T0dbg2 Ws34=[0.1 20.0] Wu0=1.0 du0=0.0062 dmin0=-19.1556 dmax0=25.8444
INFO  [mc_indi_tiltrotor] T2dbg1 G2=[-0.000 -0.650 0.060 0.003 -1.000] G5=[-0.742 -0.838 -0.003 12.364 0.042]
INFO  [mc_indi_tiltrotor] T2dbg2 Wu25=[1.0 9.0] du25=[-0.0233 -0.0002] dmax25=[32.6358 0.0120] nu_yaw=0.014
INFO  [mc_indi_tiltrotor] WRdbg0 Wu0=1 lo0=-19.16 du0=0.0062 pin0=0.000 a0=[0.005 0.010 0.002 -0.003 -0.007]
INFO  [mc_indi_tiltrotor] WRdbg1 Wu1=1 lo1=-19.38 du1=-0.0115 pin1=0.000 a1=[-0.005 0.006 -0.005 0.001 -0.008]
INFO  [mc_indi_tiltrotor] YWdbg nu2=-0.034 ach2=-0.033 r=0.01 wsp2=0.02 ddelta=[-0.0028 -0.0100 -0.0000]
INFO  [mc_indi_tiltrotor] T0dbg1 G0=[-0.256 0.227 0.019 0.159 -0.987] nu_des=[-0.01 -0.00 -0.04 -0.60 -0.06]
INFO  [mc_indi_tiltrotor] T0dbg2 Ws34=[0.1 20.0] Wu0=1.0 du0=0.0361 dmin0=-19.6562 dmax0=25.3438
INFO  [mc_indi_tiltrotor] T2dbg1 G2=[-0.000 -0.650 0.060 0.003 -1.000] G5=[-0.774 -0.880 -0.002 12.907 0.036]
INFO  [mc_indi_tiltrotor] T2dbg2 Wu25=[1.0 9.0] du25=[0.0047 0.0000] dmax25=[32.0930 0.0120] nu_yaw=-0.035
INFO  [mc_indi_tiltrotor] WRdbg0 Wu0=1 lo0=-19.66 du0=0.0361 pin0=0.000 a0=[0.024 -0.002 -0.004 -0.003 0.021]
INFO  [mc_indi_tiltrotor] WRdbg1 Wu1=1 lo1=-19.59 du1=0.0144 pin1=0.000 a1=[-0.024 -0.001 0.013 0.001 0.025]
INFO  [mc_indi_tiltrotor] T0dbg1 G0=[-0.257 0.227 0.016 0.172 -0.985] nu_des=[0.00 -0.01 -0.03 -0.57 0.04]
INFO  [mc_indi_tiltrotor] T0dbg2 Ws34=[0.1 20.0] Wu0=1.0 du0=-0.0337 dmin0=-19.5383 dmax0=25.4617
INFO  [mc_indi_tiltrotor] T2dbg1 G2=[-0.000 -0.650 0.060 0.002 -1.000] G5=[-0.802 -0.921 -0.001 13.372 0.023]
INFO  [mc_indi_tiltrotor] T2dbg2 Wu25=[1.0 9.0] du25=[0.0053 -0.0006] dmax25=[31.6280 0.0120] nu_yaw=-0.030
INFO  [mc_indi_tiltrotor] WRdbg0 Wu0=1 lo0=-19.54 du0=-0.0337 pin0=0.000 a0=[-0.007 -0.010 -0.002 -0.003 -0.012]
INFO  [mc_indi_tiltrotor] WRdbg1 Wu1=1 lo1=-19.80 du1=-0.0005 pin1=0.000 a1=[0.007 -0.005 0.012 0.001 -0.015]
INFO  [mc_indi_tiltrotor] YWdbg nu2=0.027 ach2=0.026 r=-0.01 wsp2=-0.05 ddelta=[-0.0064 -0.0012 -0.0001]
INFO  [mc_indi_tiltrotor] T0dbg1 G0=[-0.257 0.227 0.015 0.176 -0.984] nu_des=[0.01 0.00 0.03 -0.58 -0.03]
INFO  [mc_indi_tiltrotor] T0dbg2 Ws34=[0.1 20.0] Wu0=1.0 du0=0.0032 dmin0=-19.1431 dmax0=25.8569
INFO  [mc_indi_tiltrotor] T2dbg1 G2=[-0.000 -0.650 0.060 0.000 -1.000] G5=[-0.812 -0.945 -0.000 13.535 0.003]
INFO  [mc_indi_tiltrotor] T2dbg2 Wu25=[1.0 1000000.0] du25=[-0.0028 -0.0003] dmax25=[31.4649 0.0120] nu_yaw=0.030
INFO  [mc_indi_tiltrotor] WRdbg0 Wu0=1 lo0=-19.14 du0=0.0032 pin0=0.000 a0=[-0.008 0.004 0.002 -0.003 0.009]
INFO  [mc_indi_tiltrotor] WRdbg1 Wu1=1 lo1=-20.05 du1=0.0121 pin1=-0.000 a1=[0.009 0.002 -0.012 0.002 0.012]
INFO  [mc_indi_tiltrotor] T0dbg1 G0=[-0.256 0.227 0.018 0.166 -0.986] nu_des=[-0.01 -0.11 0.04 -0.69 0.31]
INFO  [mc_indi_tiltrotor] T0dbg2 Ws34=[0.1 20.0] Wu0=1.0 du0=-0.1605 dmin0=-19.2161 dmax0=25.7839
INFO  [mc_indi_tiltrotor] T2dbg1 G2=[-0.000 -0.650 0.060 0.004 -1.000] G5=[-0.771 -0.869 -0.003 12.855 0.047]
INFO  [mc_indi_tiltrotor] T2dbg2 Wu25=[1.0 9.0] du25=[0.0321 0.0030] dmax25=[32.1447 0.0120] nu_yaw=0.038
INFO  [mc_indi_tiltrotor] WRdbg0 Wu0=1 lo0=-19.22 du0=-0.1605 pin0=0.000 a0=[0.015 -0.077 0.004 -0.004 -0.098]
INFO  [mc_indi_tiltrotor] WRdbg1 Wu1=1 lo1=-20.12 du1=-0.1989 pin1=0.000 a1=[-0.015 -0.046 -0.014 0.001 -0.124]
INFO  [mc_indi_tiltrotor] YWdbg nu2=-0.016 ach2=-0.016 r=-0.06 wsp2=0.01 ddelta=[0.0027 -0.0002 -0.0005]
INFO  [mc_indi_tiltrotor] T0dbg1 G0=[-0.256 0.227 0.019 0.160 -0.987] nu_des=[-0.01 -0.00 -0.01 -0.72 0.02]
INFO  [mc_indi_tiltrotor] T0dbg2 Ws34=[0.1 20.0] Wu0=1.0 du0=0.0092 dmin0=-19.0877 dmax0=25.9123
INFO  [mc_indi_tiltrotor] T2dbg1 G2=[-0.000 -0.650 0.060 0.004 -1.000] G5=[-0.742 -0.833 -0.003 12.360 0.050]
INFO  [mc_indi_tiltrotor] T2dbg2 Wu25=[1.0 9.0] du25=[-0.0116 0.0003] dmax25=[32.6395 0.0120] nu_yaw=-0.008
INFO  [mc_indi_tiltrotor] WRdbg0 Wu0=1 lo0=-19.09 du0=0.0092 pin0=0.000 a0=[0.019 -0.001 -0.001 -0.003 -0.005]
INFO  [mc_indi_tiltrotor] WRdbg1 Wu1=1 lo1=-19.35 du1=-0.0225 pin1=0.000 a1=[-0.020 -0.001 0.003 0.001 -0.006]
INFO  [mc_indi_tiltrotor] T0dbg1 G0=[-0.256 0.227 0.019 0.162 -0.987] nu_des=[-0.01 0.01 -0.02 -0.60 -0.02]
INFO  [mc_indi_tiltrotor] T0dbg2 Ws34=[0.1 20.0] Wu0=1.0 du0=0.0240 dmin0=-19.6806 dmax0=25.3194
INFO  [mc_indi_tiltrotor] T2dbg1 G2=[-0.000 -0.650 0.060 0.004 -1.000] G5=[-0.787 -0.887 -0.003 13.121 0.048]
INFO  [mc_indi_tiltrotor] T2dbg2 Wu25=[1.0 9.0] du25=[-0.0164 -0.0003] dmax25=[31.8784 0.0120] nu_yaw=-0.025
INFO  [mc_indi_tiltrotor] WRdbg0 Wu0=1 lo0=-19.68 du0=0.0240 pin0=0.000 a0=[0.015 0.009 -0.002 -0.003 0.005]
INFO  [mc_indi_tiltrotor] WRdbg1 Wu1=1 lo1=-19.60 du1=0.0066 pin1=0.000 a1=[-0.015 0.005 0.009 0.001 0.006]
INFO  [mc_indi_tiltrotor] YWdbg nu2=-0.027 ach2=-0.026 r=0.05 wsp2=-0.03 ddelta=[0.0106 0.0073 -0.0022]
INFO  [mc_indi_tiltrotor] T0dbg1 G0=[-0.257 0.227 0.015 0.175 -0.985] nu_des=[0.02 0.05 -0.00 -0.65 0.07]
INFO  [mc_indi_tiltrotor] T0dbg2 Ws34=[0.1 20.0] Wu0=1.0 du0=-0.0273 dmin0=-19.6076 dmax0=25.3924
INFO  [mc_indi_tiltrotor] T2dbg1 G2=[-0.000 -0.650 0.060 0.002 -1.000] G5=[-0.799 -0.912 -0.002 13.321 0.032]
INFO  [mc_indi_tiltrotor] T2dbg2 Wu25=[1.0 9.0] du25=[-0.0485 -0.0021] dmax25=[31.6786 0.0120] nu_yaw=-0.003
INFO  [mc_indi_tiltrotor] WRdbg0 Wu0=1 lo0=-19.61 du0=-0.0273 pin0=0.000 a0=[-0.036 0.034 -0.000 -0.004 -0.022]
INFO  [mc_indi_tiltrotor] WRdbg1 Wu1=1 lo1=-19.80 du1=0.0312 pin1=0.000 a1=[0.037 0.020 0.001 0.001 -0.028]
INFO  [mc_indi_tiltrotor] T0dbg1 G0=[-0.257 0.227 0.017 0.169 -0.986] nu_des=[0.01 0.05 0.03 -0.51 0.01]
INFO  [mc_indi_tiltrotor] T0dbg2 Ws34=[0.1 20.0] Wu0=1.0 du0=0.0257 dmin0=-19.2338 dmax0=25.7662
INFO  [mc_indi_tiltrotor] T2dbg1 G2=[-0.000 -0.650 0.060 0.000 -1.000] G5=[-0.805 -0.936 -0.000 13.424 0.006]
INFO  [mc_indi_tiltrotor] T2dbg2 Wu25=[1.0 1000000.0] du25=[-0.0530 -0.0004] dmax25=[31.5755 0.0120] nu_yaw=0.030
INFO  [mc_indi_tiltrotor] WRdbg0 Wu0=1 lo0=-19.23 du0=0.0257 pin0=0.000 a0=[-0.010 0.038 0.003 -0.003 -0.003]
INFO  [mc_indi_tiltrotor] WRdbg1 Wu1=1 lo1=-20.09 du1=0.0199 pin1=-0.001 a1=[0.011 0.024 -0.012 0.002 -0.003]
INFO  [mc_indi_tiltrotor] YWdbg nu2=0.051 ach2=0.043 r=-0.06 wsp2=-0.01 ddelta=[-0.0120 -0.0055 0.0036]
INFO  [mc_indi_tiltrotor] T0dbg1 G0=[-0.256 0.227 0.019 0.163 -0.987] nu_des=[-0.01 0.03 0.03 -0.58 0.16]
INFO  [mc_indi_tiltrotor] T0dbg2 Ws34=[0.1 20.0] Wu0=1.0 du0=-0.0164 dmin0=-19.0180 dmax0=25.9820
INFO  [mc_indi_tiltrotor] T2dbg1 G2=[-0.000 -0.650 0.060 0.004 -1.000] G5=[-0.767 -0.862 -0.003 12.786 0.051]
INFO  [mc_indi_tiltrotor] T2dbg2 Wu25=[1.0 9.0] du25=[-0.0631 0.0007] dmax25=[32.2143 0.0120] nu_yaw=0.028
INFO  [mc_indi_tiltrotor] WRdbg0 Wu0=1 lo0=-19.02 du0=-0.0164 pin0=0.000 a0=[0.017 0.019 0.003 -0.003 -0.052]
INFO  [mc_indi_tiltrotor] WRdbg1 Wu1=1 lo1=-19.82 du1=-0.0794 pin1=0.000 a1=[-0.017 0.011 -0.011 0.001 -0.064]
INFO  [mc_indi_tiltrotor] T0dbg1 G0=[-0.256 0.227 0.021 0.155 -0.988] nu_des=[0.00 0.02 0.00 -0.49 0.02]
INFO  [mc_indi_tiltrotor] T0dbg2 Ws34=[0.1 20.0] Wu0=1.0 du0=0.0012 dmin0=-18.9869 dmax0=26.0131
INFO  [mc_indi_tiltrotor] T2dbg1 G2=[-0.000 -0.650 0.060 0.005 -1.000] G5=[-0.747 -0.834 -0.003 12.442 0.056]
INFO  [mc_indi_tiltrotor] T2dbg2 Wu25=[1.0 9.0] du25=[-0.0264 -0.0007] dmax25=[32.5580 0.0120] nu_yaw=0.000
INFO  [mc_indi_tiltrotor] WRdbg0 Wu0=1 lo0=-18.99 du0=0.0012 pin0=0.000 a0=[-0.005 0.016 0.000 -0.002 -0.007]
INFO  [mc_indi_tiltrotor] WRdbg1 Wu1=1 lo1=-19.25 du1=0.0066 pin1=0.000 a1=[0.005 0.010 -0.000 0.001 -0.009]
INFO  [mc_indi_tiltrotor] YWdbg nu2=-0.039 ach2=-0.038 r=0.04 wsp2=0.01 ddelta=[0.0002 -0.0077 -0.0000]
INFO  [mc_indi_tiltrotor] T0dbg1 G0=[-0.256 0.227 0.020 0.159 -0.987] nu_des=[-0.01 -0.01 -0.03 -0.42 -0.01]
INFO  [mc_indi_tiltrotor] T0dbg2 Ws34=[0.1 20.0] Wu0=1.0 du0=0.0069 dmin0=-19.5623 dmax0=25.4377
INFO  [mc_indi_tiltrotor] T2dbg1 G2=[-0.000 -0.650 0.060 0.005 -1.000] G5=[-0.790 -0.883 -0.004 13.172 0.060]
INFO  [mc_indi_tiltrotor] T2dbg2 Wu25=[1.0 9.0] du25=[0.0073 0.0003] dmax25=[31.8277 0.0120] nu_yaw=-0.034
INFO  [mc_indi_tiltrotor] WRdbg0 Wu0=1 lo0=-19.56 du0=0.0069 pin0=-0.012 a0=[0.024 -0.008 0.001 0.000 0.002]
INFO  [mc_indi_tiltrotor] WRdbg1 Wu1=1 lo1=-19.61 du1=-0.0090 pin1=0.008 a1=[-0.022 -0.007 0.010 -0.000 0.002]
INFO  [mc_indi_tiltrotor] T0dbg1 G0=[-0.257 0.227 0.016 0.173 -0.985] nu_des=[0.01 0.01 -0.03 -0.56 0.02]
INFO  [mc_indi_tiltrotor] T0dbg2 Ws34=[0.1 20.0] Wu0=1.0 du0=-0.0197 dmin0=-19.4723 dmax0=25.5277
INFO  [mc_indi_tiltrotor] T2dbg1 G2=[-0.000 -0.650 0.060 0.003 -1.000] G5=[-0.800 -0.905 -0.003 13.340 0.044]
INFO  [mc_indi_tiltrotor] T2dbg2 Wu25=[1.0 9.0] du25=[-0.0080 -0.0010] dmax25=[31.6602 0.0120] nu_yaw=-0.027
INFO  [mc_indi_tiltrotor] WRdbg0 Wu0=1 lo0=-19.47 du0=-0.0197 pin0=0.000 a0=[-0.011 0.004 -0.002 -0.003 -0.007]
INFO  [mc_indi_tiltrotor] WRdbg1 Wu1=1 lo1=-19.76 du1=0.0156 pin1=0.000 a1=[0.011 0.002 0.010 0.001 -0.010]
INFO  [mc_indi_tiltrotor] YWdbg nu2=0.042 ach2=0.042 r=-0.02 wsp2=-0.05 ddelta=[-0.0035 0.0054 -0.0011]
INFO  [mc_indi_tiltrotor] T0dbg1 G0=[-0.257 0.227 0.016 0.172 -0.985] nu_des=[0.01 -0.04 0.04 -0.62 0.03]
INFO  [mc_indi_tiltrotor] T0dbg2 Ws34=[0.1 20.0] Wu0=1.0 du0=-0.0614 dmin0=-19.3573 dmax0=25.6427
INFO  [mc_indi_tiltrotor] T2dbg1 G2=[-0.000 -0.650 0.060 0.001 -1.000] G5=[-0.801 -0.924 -0.001 13.346 0.015]
INFO  [mc_indi_tiltrotor] T2dbg2 Wu25=[1.0 9.0] du25=[0.0330 -0.0001] dmax25=[31.6538 0.0120] nu_yaw=0.042
INFO  [mc_indi_tiltrotor] WRdbg0 Wu0=1 lo0=-19.36 du0=-0.0614 pin0=0.000 a0=[-0.023 -0.030 0.003 -0.003 -0.009]
INFO  [mc_indi_tiltrotor] WRdbg1 Wu1=1 lo1=-20.08 du1=-0.0204 pin1=0.000 a1=[0.023 -0.017 -0.016 0.001 -0.011]
INFO  [mc_indi_tiltrotor] T0dbg1 G0=[-0.256 0.227 0.018 0.166 -0.986] nu_des=[0.02 -0.01 0.03 -0.71 0.12]
INFO  [mc_indi_tiltrotor] T0dbg2 Ws34=[0.1 20.0] Wu0=1.0 du0=-0.0709 dmin0=-18.9689 dmax0=26.0311
INFO  [mc_indi_tiltrotor] T2dbg1 G2=[-0.000 -0.650 0.060 0.004 -1.000] G5=[-0.760 -0.853 -0.003 12.661 0.051]
INFO  [mc_indi_tiltrotor] T2dbg2 Wu25=[1.0 9.0] du25=[-0.0093 -0.0004] dmax25=[32.3386 0.0120] nu_yaw=0.034
INFO  [mc_indi_tiltrotor] WRdbg0 Wu0=1 lo0=-18.97 du0=-0.0709 pin0=0.000 a0=[-0.025 -0.009 0.003 -0.004 -0.037]
INFO  [mc_indi_tiltrotor] WRdbg1 Wu1=1 lo1=-19.73 du1=-0.0376 pin1=0.000 a1=[0.025 -0.005 -0.012 0.001 -0.047]
INFO  [mc_indi_tiltrotor] YWdbg nu2=-0.009 ach2=-0.010 r=-0.04 wsp2=0.03 ddelta=[-0.0041 -0.0067 0.0007]
INFO  [mc_indi_tiltrotor] T0dbg1 G0=[-0.256 0.227 0.020 0.159 -0.987] nu_des=[-0.02 -0.00 -0.03 -0.58 -0.00]
INFO  [mc_indi_tiltrotor] T0dbg2 Ws34=[0.1 20.0] Wu0=1.0 du0=0.0311 dmin0=-18.9826 dmax0=26.0174
INFO  [mc_indi_tiltrotor] T2dbg1 G2=[-0.000 -0.650 0.060 0.004 -1.000] G5=[-0.746 -0.837 -0.003 12.427 0.050]
INFO  [mc_indi_tiltrotor] T2dbg2 Wu25=[1.0 9.0] du25=[-0.0087 0.0008] dmax25=[32.5731 0.0120] nu_yaw=-0.026
INFO  [mc_indi_tiltrotor] WRdbg0 Wu0=1 lo0=-18.98 du0=0.0311 pin0=0.000 a0=[0.040 -0.003 -0.003 -0.003 0.000]
INFO  [mc_indi_tiltrotor] WRdbg1 Wu1=1 lo1=-19.26 du1=-0.0307 pin1=0.000 a1=[-0.040 -0.002 0.010 0.001 0.001]
INFO  [mc_indi_tiltrotor] T0dbg1 G0=[-0.256 0.227 0.019 0.160 -0.987] nu_des=[-0.01 0.00 -0.04 -0.44 -0.01]
INFO  [mc_indi_tiltrotor] T0dbg2 Ws34=[0.1 20.0] Wu0=1.0 du0=0.0127 dmin0=-19.5815 dmax0=25.4185
INFO  [mc_indi_tiltrotor] T2dbg1 G2=[-0.000 -0.650 0.060 0.004 -1.000] G5=[-0.797 -0.894 -0.003 13.282 0.055]
INFO  [mc_indi_tiltrotor] T2dbg2 Wu25=[1.0 9.0] du25=[-0.0067 -0.0002] dmax25=[31.7175 0.0120] nu_yaw=-0.036
INFO  [mc_indi_tiltrotor] WRdbg0 Wu0=1 lo0=-19.58 du0=0.0127 pin0=0.000 a0=[0.014 0.002 -0.003 -0.002 0.002]
INFO  [mc_indi_tiltrotor] WRdbg1 Wu1=1 lo1=-19.61 du1=0.0053 pin1=0.000 a1=[-0.014 0.001 0.014 0.001 0.003]
INFO  [mc_indi_tiltrotor] YWdbg nu2=-0.001 ach2=-0.001 r=0.05 wsp2=-0.02 ddelta=[-0.0017 -0.0018 -0.0004]
INFO  [mc_indi_tiltrotor] T0dbg1 G0=[-0.257 0.227 0.016 0.172 -0.985] nu_des=[0.01 -0.00 -0.00 -0.57 0.00]
INFO  [mc_indi_tiltrotor] T0dbg2 Ws34=[0.1 20.0] Wu0=1.0 du0=-0.0145 dmin0=-19.5304 dmax0=25.4696
INFO  [mc_indi_tiltrotor] T2dbg1 G2=[-0.000 -0.650 0.060 0.003 -1.000] G5=[-0.798 -0.909 -0.002 13.305 0.035]
INFO  [mc_indi_tiltrotor] T2dbg2 Wu25=[1.0 9.0] du25=[0.0015 -0.0006] dmax25=[31.6948 0.0120] nu_yaw=-0.004
INFO  [mc_indi_tiltrotor] WRdbg0 Wu0=1 lo0=-19.53 du0=-0.0145 pin0=0.000 a0=[-0.009 -0.002 -0.000 -0.003 -0.000]
INFO  [mc_indi_tiltrotor] WRdbg1 Wu1=1 lo1=-19.79 du1=0.0108 pin1=0.000 a1=[0.009 -0.001 0.002 0.001 -0.000]
INFO  [mc_indi_tiltrotor] T0dbg1 G0=[-0.256 0.227 0.018 0.166 -0.986] nu_des=[0.01 -0.03 0.03 -0.45 0.00]
INFO  [mc_indi_tiltrotor] T0dbg2 Ws34=[0.1 20.0] Wu0=1.0 du0=-0.0414 dmin0=-19.2851 dmax0=25.7149
INFO  [mc_indi_tiltrotor] T2dbg1 G2=[-0.000 -0.650 0.060 0.001 -1.000] G5=[-0.798 -0.924 -0.001 13.300 0.011]
INFO  [mc_indi_tiltrotor] T2dbg2 Wu25=[1.0 9.0] du25=[0.0262 -0.0003] dmax25=[31.6996 0.0120] nu_yaw=0.029
INFO  [mc_indi_tiltrotor] WRdbg0 Wu0=1 lo0=-19.29 du0=-0.0414 pin0=0.000 a0=[-0.020 -0.020 0.003 -0.002 -0.001]
INFO  [mc_indi_tiltrotor] WRdbg1 Wu1=1 lo1=-20.07 du1=-0.0034 pin1=0.000 a1=[0.020 -0.012 -0.011 0.001 -0.001]
INFO  [mc_indi_tiltrotor] YWdbg nu2=0.007 ach2=0.007 r=-0.05 wsp2=-0.01 ddelta=[-0.0024 -0.0009 -0.0002]
INFO  [mc_indi_tiltrotor] T0dbg1 G0=[-0.256 0.227 0.020 0.158 -0.987] nu_des=[0.00 0.00 0.02 -0.40 -0.01]
INFO  [mc_indi_tiltrotor] T0dbg2 Ws34=[0.1 20.0] Wu0=1.0 du0=0.0049 dmin0=-19.2954 dmax0=25.7046
INFO  [mc_indi_tiltrotor] T2dbg1 G2=[-0.000 -0.650 0.060 0.000 -1.000] G5=[-0.796 -0.925 -0.000 13.271 0.006]
INFO  [mc_indi_tiltrotor] T2dbg2 Wu25=[1.0 9.0] du25=[-0.0030 -0.0002] dmax25=[31.7293 0.0120] nu_yaw=0.017
INFO  [mc_indi_tiltrotor] WRdbg0 Wu0=1 lo0=-19.30 du0=0.0049 pin0=0.000 a0=[-0.001 0.002 0.002 -0.002 0.005]
INFO  [mc_indi_tiltrotor] WRdbg1 Wu1=1 lo1=-20.11 du1=0.0021 pin1=0.000 a1=[0.001 0.001 -0.006 0.001 0.006]
INFO  [mc_indi_tiltrotor] T0dbg1 G0=[-0.256 0.227 0.021 0.152 -0.988] nu_des=[-0.00 -0.01 -0.01 -0.22 0.02]
INFO  [mc_indi_tiltrotor] T0dbg2 Ws34=[0.1 20.0] Wu0=1.0 du0=-0.0109 dmin0=-19.4566 dmax0=25.5434
INFO  [mc_indi_tiltrotor] T2dbg1 G2=[-0.000 -0.650 0.060 0.001 -1.000] G5=[-0.795 -0.920 -0.001 13.252 0.012]
INFO  [mc_indi_tiltrotor] T2dbg2 Wu25=[1.0 9.0] du25=[0.0020 -0.0000] dmax25=[31.7476 0.0120] nu_yaw=-0.010
INFO  [mc_indi_tiltrotor] WRdbg0 Wu0=1 lo0=-19.46 du0=-0.0109 pin0=0.000 a0=[0.001 -0.005 -0.001 -0.001 -0.005]
INFO  [mc_indi_tiltrotor] WRdbg1 Wu1=1 lo1=-19.93 du1=-0.0060 pin1=0.000 a1=[-0.001 -0.003 0.004 0.000 -0.006]
INFO  [mc_indi_tiltrotor] YWdbg nu2=-0.026 ach2=-0.026 r=0.02 wsp2=0.02 ddelta=[0.0037 -0.0014 -0.0001]
INFO  [mc_indi_tiltrotor] T0dbg1 G0=[-0.256 0.227 0.020 0.158 -0.987] nu_des=[-0.00 0.01 -0.04 -0.24 0.02]
INFO  [mc_indi_tiltrotor] T0dbg2 Ws34=[0.1 20.0] Wu0=1.0 du0=0.0029 dmin0=-19.5724 dmax0=25.4276
INFO  [mc_indi_tiltrotor] T2dbg1 G2=[-0.000 -0.650 0.060 0.002 -1.000] G5=[-0.794 -0.913 -0.001 13.239 0.021]
INFO  [mc_indi_tiltrotor] T2dbg2 Wu25=[1.0 9.0] du25=[-0.0037 -0.0001] dmax25=[31.7613 0.0120] nu_yaw=-0.039
INFO  [mc_indi_tiltrotor] WRdbg0 Wu0=1 lo0=-19.57 du0=0.0029 pin0=-0.001 a0=[0.008 0.003 0.001 0.000 -0.008]
INFO  [mc_indi_tiltrotor] WRdbg1 Wu1=1 lo1=-19.70 du1=-0.0001 pin1=0.001 a1=[-0.007 0.003 0.012 -0.000 -0.008]
INFO  [mc_indi_tiltrotor] T0dbg1 G0=[-0.257 0.227 0.016 0.172 -0.985] nu_des=[0.00 0.01 -0.02 -0.48 0.02]
INFO  [mc_indi_tiltrotor] T0dbg2 Ws34=[0.1 20.0] Wu0=1.0 du0=-0.0022 dmin0=-19.4964 dmax0=25.5036
INFO  [mc_indi_tiltrotor] T2dbg1 G2=[-0.000 -0.650 0.060 0.001 -1.000] G5=[-0.799 -0.925 -0.001 13.310 0.010]
INFO  [mc_indi_tiltrotor] T2dbg2 Wu25=[1.0 9.0] du25=[-0.0114 -0.0005] dmax25=[31.6903 0.0120] nu_yaw=-0.024
INFO  [mc_indi_tiltrotor] WRdbg0 Wu0=1 lo0=-19.50 du0=-0.0022 pin0=-0.001 a0=[-0.001 0.006 0.002 0.000 -0.008]
INFO  [mc_indi_tiltrotor] WRdbg1 Wu1=1 lo1=-19.77 du1=0.0056 pin1=0.001 a1=[0.001 0.005 0.007 -0.000 -0.008]
INFO  [mc_indi_tiltrotor] YWdbg nu2=0.008 ach2=0.008 r=0.01 wsp2=-0.04 ddelta=[-0.0015 0.0003 -0.0001]
INFO  [mc_indi_tiltrotor] T0dbg1 G0=[-0.257 0.227 0.015 0.176 -0.984] nu_des=[0.00 0.00 0.01 -0.52 0.00]
INFO  [mc_indi_tiltrotor] T0dbg2 Ws34=[0.1 20.0] Wu0=1.0 du0=-0.0024 dmin0=-19.2673 dmax0=25.7327
INFO  [mc_indi_tiltrotor] T2dbg1 G2=[-0.000 -0.650 0.060 0.000 -1.000] G5=[-0.796 -0.928 -0.000 13.267 0.001]
INFO  [mc_indi_tiltrotor] T2dbg2 Wu25=[1.0 1000000.0] du25=[-0.0066 -0.0001] dmax25=[31.7335 0.0120] nu_yaw=0.010
INFO  [mc_indi_tiltrotor] WRdbg0 Wu0=1 lo0=-19.27 du0=-0.0024 pin0=0.000 a0=[-0.002 0.002 0.001 -0.003 -0.000]
INFO  [mc_indi_tiltrotor] WRdbg1 Wu1=1 lo1=-19.98 du1=0.0012 pin1=-0.000 a1=[0.002 0.001 -0.004 0.002 -0.000]
INFO  [mc_indi_tiltrotor] T0dbg1 G0=[-0.256 0.227 0.019 0.163 -0.987] nu_des=[0.00 -0.02 0.04 -0.41 0.02]
INFO  [mc_indi_tiltrotor] T0dbg2 Ws34=[0.1 20.0] Wu0=1.0 du0=-0.0294 dmin0=-19.3232 dmax0=25.6768
INFO  [mc_indi_tiltrotor] T2dbg1 G2=[-0.000 -0.650 0.060 0.000 -1.000] G5=[-0.794 -0.926 -0.000 13.232 0.001]
INFO  [mc_indi_tiltrotor] T2dbg2 Wu25=[1.0 9.0] du25=[0.0134 0.0003] dmax25=[31.7681 0.0120] nu_yaw=0.044
INFO  [mc_indi_tiltrotor] WRdbg0 Wu0=1 lo0=-19.32 du0=-0.0294 pin0=0.000 a0=[-0.008 -0.017 0.004 -0.002 -0.007]
INFO  [mc_indi_tiltrotor] WRdbg1 Wu1=1 lo1=-20.11 du1=-0.0270 pin1=0.000 a1=[0.007 -0.010 -0.017 0.001 -0.009]
INFO  [mc_indi_tiltrotor] YWdbg nu2=0.007 ach2=0.006 r=-0.05 wsp2=0.02 ddelta=[-0.0039 -0.0028 0.0005]
INFO  [mc_indi_tiltrotor] T0dbg1 G0=[-0.256 0.227 0.021 0.153 -0.988] nu_des=[0.00 0.03 0.00 -0.32 -0.00]
INFO  [mc_indi_tiltrotor] T0dbg2 Ws34=[0.1 20.0] Wu0=1.0 du0=0.0172 dmin0=-19.4055 dmax0=25.5945
INFO  [mc_indi_tiltrotor] T2dbg1 G2=[-0.000 -0.650 0.060 0.001 -1.000] G5=[-0.794 -0.921 -0.001 13.234 0.008]
INFO  [mc_indi_tiltrotor] T2dbg2 Wu25=[1.0 9.0] du25=[-0.0251 -0.0006] dmax25=[31.7656 0.0120] nu_yaw=0.000
INFO  [mc_indi_tiltrotor] WRdbg0 Wu0=1 lo0=-19.41 du0=0.0172 pin0=0.000 a0=[-0.000 0.018 0.000 -0.001 0.000]
INFO  [mc_indi_tiltrotor] WRdbg1 Wu1=1 lo1=-19.93 du1=0.0119 pin1=0.000 a1=[0.000 0.011 -0.000 0.001 0.001]
INFO  [mc_indi_tiltrotor] T0dbg1 G0=[-0.256 0.227 0.021 0.152 -0.988] nu_des=[-0.00 -0.01 -0.01 -0.16 0.03]
INFO  [mc_indi_tiltrotor] T0dbg2 Ws34=[0.1 20.0] Wu0=1.0 du0=-0.0106 dmin0=-19.5114 dmax0=25.4886
INFO  [mc_indi_tiltrotor] T2dbg1 G2=[-0.000 -0.650 0.060 0.001 -1.000] G5=[-0.795 -0.917 -0.001 13.255 0.016]
INFO  [mc_indi_tiltrotor] T2dbg2 Wu25=[1.0 9.0] du25=[0.0013 0.0003] dmax25=[31.7447 0.0120] nu_yaw=-0.012
INFO  [mc_indi_tiltrotor] WRdbg0 Wu0=1 lo0=-19.51 du0=-0.0106 pin0=0.000 a0=[0.008 -0.007 -0.001 -0.001 -0.009]
INFO  [mc_indi_tiltrotor] WRdbg1 Wu1=1 lo1=-19.74 du1=-0.0168 pin1=0.000 a1=[-0.007 -0.004 0.005 0.000 -0.011]
INFO  [mc_indi_tiltrotor] YWdbg nu2=-0.024 ach2=-0.023 r=0.06 wsp2=0.01 ddelta=[0.0063 0.0022 -0.0009]
INFO  [mc_indi_tiltrotor] T0dbg1 G0=[-0.257 0.227 0.017 0.168 -0.986] nu_des=[-0.00 0.01 -0.01 -0.42 0.00]
INFO  [mc_indi_tiltrotor] T0dbg2 Ws34=[0.1 20.0] Wu0=1.0 du0=0.0111 dmin0=-19.4558 dmax0=25.5442
INFO  [mc_indi_tiltrotor] T2dbg1 G2=[-0.000 -0.650 0.060 0.001 -1.000] G5=[-0.795 -0.922 -0.001 13.246 0.009]
INFO  [mc_indi_tiltrotor] T2dbg2 Wu25=[1.0 9.0] du25=[-0.0136 -0.0002] dmax25=[31.7539 0.0120] nu_yaw=-0.013
INFO  [mc_indi_tiltrotor] WRdbg0 Wu0=1 lo0=-19.46 du0=0.0111 pin0=-0.003 a0=[0.009 0.006 0.001 0.000 -0.001]
INFO  [mc_indi_tiltrotor] WRdbg1 Wu1=1 lo1=-19.78 du1=0.0012 pin1=0.002 a1=[-0.008 0.005 0.004 -0.000 -0.001]
INFO  [mc_indi_tiltrotor] T0dbg1 G0=[-0.257 0.227 0.015 0.175 -0.985] nu_des=[0.00 0.01 0.00 -0.52 -0.00]
INFO  [mc_indi_tiltrotor] T0dbg2 Ws34=[0.1 20.0] Wu0=1.0 du0=-0.0039 dmin0=-19.3986 dmax0=25.6014
INFO  [mc_indi_tiltrotor] T2dbg1 G2=[-0.000 -0.650 0.060 0.000 -1.000] G5=[-0.794 -0.926 -0.000 13.240 0.001]
INFO  [mc_indi_tiltrotor] T2dbg2 Wu25=[1.0 1000000.0] du25=[-0.0089 -0.0001] dmax25=[31.7597 0.0120] nu_yaw=0.002
INFO  [mc_indi_tiltrotor] WRdbg0 Wu0=1 lo0=-19.40 du0=-0.0039 pin0=0.000 a0=[-0.008 0.006 0.000 -0.003 0.001]
INFO  [mc_indi_tiltrotor] WRdbg1 Wu1=1 lo1=-19.98 du1=0.0129 pin1=-0.000 a1=[0.008 0.004 -0.001 0.002 0.001]
INFO  [mc_indi_tiltrotor] YWdbg nu2=0.026 ach2=0.025 r=-0.02 wsp2=-0.03 ddelta=[-0.0039 0.0012 -0.0001]
INFO  [mc_indi_tiltrotor] T0dbg1 G0=[-0.256 0.227 0.018 0.165 -0.986] nu_des=[0.01 -0.01 0.04 -0.36 -0.00]
INFO  [mc_indi_tiltrotor] T0dbg2 Ws34=[0.1 20.0] Wu0=1.0 du0=-0.0154 dmin0=-19.3829 dmax0=25.6171
INFO  [mc_indi_tiltrotor] T2dbg1 G2=[-0.000 -0.650 0.060 0.000 -1.000] G5=[-0.796 -0.927 -0.000 13.259 0.001]
INFO  [mc_indi_tiltrotor] T2dbg2 Wu25=[1.0 1000000.0] du25=[0.0049 -0.0001] dmax25=[31.7411 0.0120] nu_yaw=0.039
INFO  [mc_indi_tiltrotor] WRdbg0 Wu0=1 lo0=-19.38 du0=-0.0154 pin0=0.000 a0=[-0.015 -0.004 0.004 -0.002 0.001]
INFO  [mc_indi_tiltrotor] WRdbg1 Wu1=1 lo1=-20.04 du1=-0.0004 pin1=-0.000 a1=[0.015 -0.002 -0.016 0.001 0.002]
INFO  [mc_indi_tiltrotor] T0dbg1 G0=[-0.256 0.227 0.021 0.154 -0.988] nu_des=[-0.00 0.02 0.01 -0.32 0.02]
INFO  [mc_indi_tiltrotor] T0dbg2 Ws34=[0.1 20.0] Wu0=1.0 du0=0.0155 dmin0=-19.3921 dmax0=25.6079
INFO  [mc_indi_tiltrotor] T2dbg1 G2=[-0.000 -0.650 0.060 0.000 -1.000] G5=[-0.797 -0.928 -0.000 13.286 0.004]
INFO  [mc_indi_tiltrotor] T2dbg2 Wu25=[1.0 9.0] du25=[-0.0277 -0.0001] dmax25=[31.7142 0.0120] nu_yaw=0.005
INFO  [mc_indi_tiltrotor] WRdbg0 Wu0=1 lo0=-19.39 du0=0.0155 pin0=0.000 a0=[0.008 0.015 0.001 -0.001 -0.007]
INFO  [mc_indi_tiltrotor] WRdbg1 Wu1=1 lo1=-19.96 du1=-0.0083 pin1=0.000 a1=[-0.008 0.009 -0.002 0.001 -0.008]
INFO  [mc_indi_tiltrotor] YWdbg nu2=-0.001 ach2=-0.001 r=-0.01 wsp2=0.03 ddelta=[-0.0000 -0.0002 -0.0002]
INFO  [mc_indi_tiltrotor] T0dbg1 G0=[-0.256 0.227 0.022 0.150 -0.989] nu_des=[-0.01 -0.00 -0.01 -0.17 0.01]
INFO  [mc_indi_tiltrotor] T0dbg2 Ws34=[0.1 20.0] Wu0=1.0 du0=0.0062 dmin0=-19.5172 dmax0=25.4828
INFO  [mc_indi_tiltrotor] T2dbg1 G2=[-0.000 -0.650 0.060 0.001 -1.000] G5=[-0.797 -0.925 -0.000 13.292 0.008]
INFO  [mc_indi_tiltrotor] T2dbg2 Wu25=[1.0 9.0] du25=[-0.0046 0.0002] dmax25=[31.7084 0.0120] nu_yaw=-0.005
INFO  [mc_indi_tiltrotor] WRdbg0 Wu0=1 lo0=-19.52 du0=0.0062 pin0=0.000 a0=[0.010 -0.000 -0.001 -0.001 -0.002]
INFO  [mc_indi_tiltrotor] WRdbg1 Wu1=1 lo1=-19.82 du1=-0.0097 pin1=0.000 a1=[-0.010 -0.000 0.002 0.000 -0.003]
INFO  [mc_indi_tiltrotor] T0dbg1 G0=[-0.256 0.227 0.019 0.161 -0.987] nu_des=[0.01 -0.02 -0.04 -0.27 0.06]
INFO  [mc_indi_tiltrotor] T0dbg2 Ws34=[0.1 20.0] Wu0=1.0 du0=-0.0400 dmin0=-19.4698 dmax0=25.5302
INFO  [mc_indi_tiltrotor] T2dbg1 G2=[-0.000 -0.650 0.060 0.001 -1.000] G5=[-0.803 -0.932 -0.000 13.384 0.007]
INFO  [mc_indi_tiltrotor] T2dbg2 Wu25=[1.0 9.0] du25=[0.0123 -0.0003] dmax25=[31.6163 0.0120] nu_yaw=-0.043
INFO  [mc_indi_tiltrotor] WRdbg0 Wu0=1 lo0=-19.47 du0=-0.0400 pin0=-0.001 a0=[-0.010 -0.009 0.002 0.000 -0.022]
INFO  [mc_indi_tiltrotor] WRdbg1 Wu1=1 lo1=-19.79 du1=-0.0072 pin1=0.001 a1=[0.009 -0.008 0.013 -0.000 -0.022]
INFO  [mc_indi_tiltrotor] YWdbg nu2=-0.031 ach2=-0.029 r=0.05 wsp2=-0.01 ddelta=[0.0051 -0.0007 -0.0002]
INFO  [mc_indi_tiltrotor] T0dbg1 G0=[-0.257 0.227 0.015 0.176 -0.984] nu_des=[0.02 0.00 0.02 -0.63 0.07]
INFO  [mc_indi_tiltrotor] T0dbg2 Ws34=[0.1 20.0] Wu0=1.0 du0=-0.0472 dmin0=-19.5201 dmax0=25.4799
INFO  [mc_indi_tiltrotor] T2dbg1 G2=[-0.000 -0.650 0.060 0.000 -1.000] G5=[-0.789 -0.918 -0.000 13.145 0.003]
INFO  [mc_indi_tiltrotor] T2dbg2 Wu25=[1.0 1000000.0] du25=[-0.0129 -0.0002] dmax25=[31.8546 0.0120] nu_yaw=0.017
INFO  [mc_indi_tiltrotor] WRdbg0 Wu0=1 lo0=-19.52 du0=-0.0472 pin0=0.000 a0=[-0.028 0.003 0.001 -0.004 -0.020]
INFO  [mc_indi_tiltrotor] WRdbg1 Wu1=1 lo1=-19.94 du1=-0.0006 pin1=-0.000 a1=[0.029 0.002 -0.007 0.002 -0.027]
INFO  [mc_indi_tiltrotor] T0dbg1 G0=[-0.256 0.227 0.018 0.163 -0.987] nu_des=[0.01 0.07 0.03 -0.46 0.01]
INFO  [mc_indi_tiltrotor] T0dbg2 Ws34=[0.1 20.0] Wu0=1.0 du0=0.0375 dmin0=-19.3720 dmax0=25.6280
INFO  [mc_indi_tiltrotor] T2dbg1 G2=[-0.000 -0.650 0.060 0.000 -1.000] G5=[-0.793 -0.924 -0.000 13.213 0.001]
INFO  [mc_indi_tiltrotor] T2dbg2 Wu25=[1.0 1000000.0] du25=[-0.0681 -0.0001] dmax25=[31.7872 0.0120] nu_yaw=0.031
INFO  [mc_indi_tiltrotor] WRdbg0 Wu0=1 lo0=-19.37 du0=0.0375 pin0=0.000 a0=[-0.012 0.050 0.003 -0.002 -0.002]
INFO  [mc_indi_tiltrotor] WRdbg1 Wu1=1 lo1=-19.95 du1=0.0294 pin1=-0.000 a1=[0.012 0.032 -0.013 0.001 -0.003]
INFO  [mc_indi_tiltrotor] YWdbg nu2=0.016 ach2=0.017 r=-0.04 wsp2=0.01 ddelta=[-0.0011 0.0026 -0.0001]
INFO  [mc_indi_tiltrotor] T0dbg1 G0=[-0.256 0.227 0.021 0.153 -0.988] nu_des=[-0.00 0.03 -0.00 -0.33 0.02]
INFO  [mc_indi_tiltrotor] T0dbg2 Ws34=[0.1 20.0] Wu0=1.0 du0=0.0113 dmin0=-19.2999 dmax0=25.7001
INFO  [mc_indi_tiltrotor] T2dbg1 G2=[-0.000 -0.650 0.060 0.000 -1.000] G5=[-0.803 -0.934 -0.000 13.376 0.003]
INFO  [mc_indi_tiltrotor] T2dbg2 Wu25=[1.0 1000000.0] du25=[-0.0290 -0.0002] dmax25=[31.6239 0.0120] nu_yaw=-0.004
INFO  [mc_indi_tiltrotor] WRdbg0 Wu0=1 lo0=-19.30 du0=0.0113 pin0=0.000 a0=[0.000 0.018 -0.000 -0.002 -0.005]
INFO  [mc_indi_tiltrotor] WRdbg1 Wu1=1 lo1=-19.95 du1=0.0067 pin1=-0.000 a1=[-0.000 0.012 0.002 0.001 -0.007]
INFO  [mc_indi_tiltrotor] T0dbg1 G0=[-0.256 0.227 0.021 0.152 -0.988] nu_des=[-0.00 -0.00 -0.02 -0.20 0.01]
INFO  [mc_indi_tiltrotor] T0dbg2 Ws34=[0.1 20.0] Wu0=1.0 du0=-0.0068 dmin0=-19.4947 dmax0=25.5053
INFO  [mc_indi_tiltrotor] T2dbg1 G2=[-0.000 -0.650 0.060 0.000 -1.000] G5=[-0.798 -0.926 -0.000 13.294 0.007]
INFO  [mc_indi_tiltrotor] T2dbg2 Wu25=[1.0 9.0] du25=[-0.0007 -0.0001] dmax25=[31.7058 0.0120] nu_yaw=-0.024
INFO  [mc_indi_tiltrotor] WRdbg0 Wu0=1 lo0=-19.49 du0=-0.0068 pin0=0.000 a0=[0.004 -0.002 -0.003 -0.001 -0.004]
INFO  [mc_indi_tiltrotor] WRdbg1 Wu1=1 lo1=-19.86 du1=-0.0005 pin1=0.000 a1=[-0.003 -0.001 0.009 0.000 -0.005]
INFO  [mc_indi_tiltrotor] YWdbg nu2=-0.043 ach2=-0.040 r=0.05 wsp2=0.01 ddelta=[0.0081 -0.0008 0.0007]
INFO  [mc_indi_tiltrotor] T0dbg1 G0=[-0.257 0.227 0.017 0.167 -0.986] nu_des=[-0.00 -0.00 -0.01 -0.43 0.01]
INFO  [mc_indi_tiltrotor] T0dbg2 Ws34=[0.1 20.0] Wu0=1.0 du0=-0.0030 dmin0=-19.5615 dmax0=25.4385
INFO  [mc_indi_tiltrotor] T2dbg1 G2=[-0.000 -0.650 0.060 0.000 -1.000] G5=[-0.792 -0.921 -0.000 13.198 0.004]
INFO  [mc_indi_tiltrotor] T2dbg2 Wu25=[1.0 9.0] du25=[-0.0048 -0.0001] dmax25=[31.8023 0.0120] nu_yaw=-0.008
INFO  [mc_indi_tiltrotor] WRdbg0 Wu0=1 lo0=-19.56 du0=-0.0030 pin0=0.000 a0=[0.004 -0.001 -0.001 -0.002 -0.003]
INFO  [mc_indi_tiltrotor] WRdbg1 Wu1=1 lo1=-19.91 du1=-0.0043 pin1=0.000 a1=[-0.004 -0.000 0.003 0.001 -0.004]
INFO  [mc_indi_tiltrotor] T0dbg1 G0=[-0.257 0.227 0.017 0.170 -0.985] nu_des=[-0.00 -0.01 -0.01 -0.42 0.02]
INFO  [mc_indi_tiltrotor] T0dbg2 Ws34=[0.1 20.0] Wu0=1.0 du0=-0.0109 dmin0=-19.4157 dmax0=25.5843
INFO  [mc_indi_tiltrotor] T2dbg1 G2=[-0.000 -0.650 0.060 0.000 -1.000] G5=[-0.794 -0.926 -0.000 13.241 0.001]
INFO  [mc_indi_tiltrotor] T2dbg2 Wu25=[1.0 1000000.0] du25=[0.0079 -0.0001] dmax25=[31.7593 0.0120] nu_yaw=-0.006
INFO  [mc_indi_tiltrotor] WRdbg0 Wu0=1 lo0=-19.42 du0=-0.0109 pin0=-0.000 a0=[0.001 -0.005 0.000 -0.000 -0.006]
INFO  [mc_indi_tiltrotor] WRdbg1 Wu1=1 lo1=-19.90 du1=-0.0103 pin1=0.000 a1=[-0.001 -0.005 0.002 -0.000 -0.006]
INFO  [mc_indi_tiltrotor] YWdbg nu2=-0.001 ach2=-0.001 r=0.00 wsp2=-0.03 ddelta=[0.0002 -0.0001 -0.0000]
INFO  [mc_indi_tiltrotor] T0dbg1 G0=[-0.257 0.227 0.015 0.175 -0.985] nu_des=[0.00 0.00 -0.00 -0.49 0.01]
INFO  [mc_indi_tiltrotor] T0dbg2 Ws34=[0.1 20.0] Wu0=1.0 du0=-0.0099 dmin0=-19.2912 dmax0=25.7088
INFO  [mc_indi_tiltrotor] T2dbg1 G2=[-0.000 -0.650 0.060 0.000 -1.000] G5=[-0.798 -0.931 -0.000 13.307 0.001]
INFO  [mc_indi_tiltrotor] T2dbg2 Wu25=[1.0 1000000.0] du25=[-0.0064 -0.0000] dmax25=[31.6927 0.0120] nu_yaw=-0.004
INFO  [mc_indi_tiltrotor] WRdbg0 Wu0=1 lo0=-19.29 du0=-0.0099 pin0=-0.000 a0=[-0.007 0.002 0.000 -0.000 -0.005]
INFO  [mc_indi_tiltrotor] WRdbg1 Wu1=1 lo1=-19.92 du1=0.0038 pin1=0.000 a1=[0.006 0.002 0.001 -0.000 -0.005]
INFO  [mc_indi_tiltrotor] T0dbg1 G0=[-0.257 0.227 0.016 0.172 -0.985] nu_des=[0.00 0.01 0.01 -0.45 0.00]
INFO  [mc_indi_tiltrotor] T0dbg2 Ws34=[0.1 20.0] Wu0=1.0 du0=0.0015 dmin0=-19.3858 dmax0=25.6142
INFO  [mc_indi_tiltrotor] T2dbg1 G2=[-0.000 -0.650 0.060 0.000 -1.000] G5=[-0.796 -0.928 -0.000 13.261 0.001]
INFO  [mc_indi_tiltrotor] T2dbg2 Wu25=[1.0 1000000.0] du25=[-0.0095 -0.0001] dmax25=[31.7386 0.0120] nu_yaw=0.012
INFO  [mc_indi_tiltrotor] WRdbg0 Wu0=1 lo0=-19.39 du0=0.0015 pin0=0.000 a0=[-0.000 0.004 0.001 -0.003 -0.001]
INFO  [mc_indi_tiltrotor] WRdbg1 Wu1=1 lo1=-19.92 du1=-0.0010 pin1=-0.000 a1=[0.000 0.002 -0.005 0.002 -0.001]
INFO  [mc_indi_tiltrotor] YWdbg nu2=0.023 ach2=0.023 r=-0.04 wsp2=-0.00 ddelta=[-0.0036 0.0010 -0.0001]
INFO  [mc_indi_tiltrotor] T0dbg1 G0=[-0.256 0.227 0.019 0.159 -0.987] nu_des=[0.00 -0.11 0.03 -0.34 0.03]
INFO  [mc_indi_tiltrotor] T0dbg2 Ws34=[0.1 20.0] Wu0=1.0 du0=-0.0944 dmin0=-19.5058 dmax0=25.4942
INFO  [mc_indi_tiltrotor] T2dbg1 G2=[-0.000 -0.650 0.060 0.000 -1.000] G5=[-0.792 -0.922 -0.000 13.204 0.003]
INFO  [mc_indi_tiltrotor] T2dbg2 Wu25=[1.0 9.0] du25=[0.0915 0.0015] dmax25=[31.7961 0.0120] nu_yaw=0.028
INFO  [mc_indi_tiltrotor] WRdbg0 Wu0=1 lo0=-19.51 du0=-0.0944 pin0=-0.010 a0=[-0.009 -0.063 -0.001 0.000 -0.012]
INFO  [mc_indi_tiltrotor] WRdbg1 Wu1=1 lo1=-19.91 du1=-0.0611 pin1=0.007 a1=[0.008 -0.055 -0.008 -0.000 -0.012]
INFO  [mc_indi_tiltrotor] T0dbg1 G0=[-0.256 0.227 0.021 0.152 -0.988] nu_des=[0.00 -0.00 0.00 -0.24 0.01]
INFO  [mc_indi_tiltrotor] T0dbg2 Ws34=[0.1 20.0] Wu0=1.0 du0=-0.0086 dmin0=-19.4431 dmax0=25.5569
INFO  [mc_indi_tiltrotor] T2dbg1 G2=[-0.000 -0.650 0.060 0.000 -1.000] G5=[-0.794 -0.925 -0.000 13.239 0.003]
INFO  [mc_indi_tiltrotor] T2dbg2 Wu25=[1.0 9.0] du25=[-0.0009 -0.0002] dmax25=[31.7608 0.0120] nu_yaw=0.002
INFO  [mc_indi_tiltrotor] WRdbg0 Wu0=1 lo0=-19.44 du0=-0.0086 pin0=0.000 a0=[-0.004 -0.001 0.000 -0.001 -0.003]
INFO  [mc_indi_tiltrotor] WRdbg1 Wu1=1 lo1=-19.82 du1=-0.0009 pin1=0.000 a1=[0.003 -0.001 -0.001 0.001 -0.003]
INFO  [mc_indi_tiltrotor] YWdbg nu2=-0.008 ach2=-0.007 r=0.01 wsp2=0.04 ddelta=[0.0012 -0.0001 -0.0001]
INFO  [mc_indi_tiltrotor] T0dbg1 G0=[-0.256 0.227 0.021 0.152 -0.988] nu_des=[-0.01 -0.00 -0.01 -0.17 0.01]
INFO  [mc_indi_tiltrotor] T0dbg2 Ws34=[0.1 20.0] Wu0=1.0 du0=0.0076 dmin0=-19.2971 dmax0=25.7029
INFO  [mc_indi_tiltrotor] T2dbg1 G2=[-0.000 -0.650 0.060 0.000 -1.000] G5=[-0.797 -0.929 -0.000 13.279 0.001]
INFO  [mc_indi_tiltrotor] T2dbg2 Wu25=[1.0 9.0] du25=[-0.0031 0.0004] dmax25=[31.7208 0.0120] nu_yaw=-0.013
INFO  [mc_indi_tiltrotor] WRdbg0 Wu0=1 lo0=-19.30 du0=0.0076 pin0=0.000 a0=[0.016 -0.003 -0.001 -0.001 -0.003]
INFO  [mc_indi_tiltrotor] WRdbg1 Wu1=1 lo1=-19.83 du1=-0.0161 pin1=0.000 a1=[-0.016 -0.002 0.005 0.000 -0.004]
INFO  [mc_indi_tiltrotor] T0dbg1 G0=[-0.256 0.227 0.019 0.163 -0.987] nu_des=[-0.01 -0.01 -0.04 -0.27 0.13]
INFO  [mc_indi_tiltrotor] T0dbg2 Ws34=[0.1 20.0] Wu0=1.0 du0=-0.0406 dmin0=-19.3291 dmax0=25.6709
INFO  [mc_indi_tiltrotor] T2dbg1 G2=[-0.000 -0.650 0.060 0.000 -1.000] G5=[-0.803 -0.934 -0.000 13.378 0.004]
INFO  [mc_indi_tiltrotor] T2dbg2 Wu25=[1.0 9.0] du25=[-0.0117 0.0005] dmax25=[31.6215 0.0120] nu_yaw=-0.036
INFO  [mc_indi_tiltrotor] WRdbg0 Wu0=1 lo0=-19.33 du0=-0.0406 pin0=-0.001 a0=[0.012 -0.006 0.002 0.000 -0.047]
INFO  [mc_indi_tiltrotor] WRdbg1 Wu1=1 lo1=-19.86 du1=-0.0513 pin1=0.001 a1=[-0.011 -0.005 0.011 -0.000 -0.047]
INFO  [mc_indi_tiltrotor] YWdbg nu2=0.015 ach2=0.012 r=0.02 wsp2=-0.02 ddelta=[0.0012 0.0020 0.0013]
INFO  [mc_indi_tiltrotor] T0dbg1 G0=[-0.257 0.227 0.012 0.187 -0.982] nu_des=[0.00 -0.00 0.02 -0.90 0.09]
INFO  [mc_indi_tiltrotor] T0dbg2 Ws34=[0.1 20.0] Wu0=1.0 du0=-0.0351 dmin0=-17.4996 dmax0=27.5004
INFO  [mc_indi_tiltrotor] T2dbg1 G2=[-0.000 -0.650 0.060 0.000 -1.000] G5=[-0.703 -0.816 -0.000 11.712 0.006]
INFO  [mc_indi_tiltrotor] T2dbg2 Wu25=[1.0 9.0] du25=[-0.0191 0.0000] dmax25=[33.2879 0.0120] nu_yaw=0.024
INFO  [mc_indi_tiltrotor] WRdbg0 Wu0=1 lo0=-17.50 du0=-0.0351 pin0=0.000 a0=[-0.001 -0.002 0.001 -0.005 -0.028]
INFO  [mc_indi_tiltrotor] WRdbg1 Wu1=1 lo1=-17.91 du1=-0.0452 pin1=0.000 a1=[0.001 -0.002 -0.009 0.001 -0.037]
INFO  [mc_indi_tiltrotor] T0dbg1 G0=[-0.257 0.227 0.017 0.170 -0.985] nu_des=[-0.01 -0.02 0.02 -0.64 -0.03]
INFO  [mc_indi_tiltrotor] T0dbg2 Ws34=[0.1 20.0] Wu0=1.0 du0=0.0071 dmin0=-17.5834 dmax0=27.4166
INFO  [mc_indi_tiltrotor] T2dbg1 G2=[-0.000 -0.650 0.060 0.000 -1.000] G5=[-0.704 -0.819 -0.000 11.728 0.002]
INFO  [mc_indi_tiltrotor] T2dbg2 Wu25=[1.0 9.0] du25=[0.0151 0.0004] dmax25=[33.2722 0.0120] nu_yaw=0.016
INFO  [mc_indi_tiltrotor] WRdbg0 Wu0=1 lo0=-17.58 du0=0.0071 pin0=0.000 a0=[0.012 -0.013 0.001 -0.003 0.009]
INFO  [mc_indi_tiltrotor] WRdbg1 Wu1=1 lo1=-17.94 du1=-0.0146 pin1=0.000 a1=[-0.013 -0.009 -0.006 0.001 0.012]
INFO  [mc_indi_tiltrotor] YWdbg nu2=-0.009 ach2=-0.009 r=-0.02 wsp2=0.02 ddelta=[-0.0019 -0.0039 -0.0001]
INFO  [mc_indi_tiltrotor] T0dbg1 G0=[-0.256 0.227 0.019 0.162 -0.987] nu_des=[-0.01 -0.01 -0.03 -0.38 -0.01]
INFO  [mc_indi_tiltrotor] T0dbg2 Ws34=[0.1 20.0] Wu0=1.0 du0=0.0075 dmin0=-17.9783 dmax0=27.0217
INFO  [mc_indi_tiltrotor] T2dbg1 G2=[-0.000 -0.650 0.060 0.000 -1.000] G5=[-0.718 -0.837 -0.000 11.975 0.002]
INFO  [mc_indi_tiltrotor] T2dbg2 Wu25=[1.0 9.0] du25=[0.0085 0.0004] dmax25=[33.0253 0.0120] nu_yaw=-0.028
INFO  [mc_indi_tiltrotor] WRdbg0 Wu0=1 lo0=-17.98 du0=0.0075 pin0=0.000 a0=[0.021 -0.011 -0.003 -0.002 0.002]
INFO  [mc_indi_tiltrotor] WRdbg1 Wu1=1 lo1=-18.39 du1=-0.0141 pin1=0.000 a1=[-0.021 -0.007 0.010 0.001 0.002]
INFO  [mc_indi_tiltrotor] T0dbg1 G0=[-0.256 0.227 0.019 0.162 -0.987] nu_des=[0.00 -0.00 -0.01 -0.27 -0.01]
INFO  [mc_indi_tiltrotor] T0dbg2 Ws34=[0.1 20.0] Wu0=1.0 du0=-0.0055 dmin0=-18.3103 dmax0=26.6897
INFO  [mc_indi_tiltrotor] T2dbg1 G2=[-0.000 -0.650 0.060 0.000 -1.000] G5=[-0.736 -0.856 -0.000 12.259 0.003]
INFO  [mc_indi_tiltrotor] T2dbg2 Wu25=[1.0 1000000.0] du25=[0.0052 -0.0002] dmax25=[32.7409 0.0120] nu_yaw=-0.007
INFO  [mc_indi_tiltrotor] WRdbg0 Wu0=1 lo0=-18.31 du0=-0.0055 pin0=0.000 a0=[-0.006 -0.002 -0.001 -0.001 0.004]
INFO  [mc_indi_tiltrotor] WRdbg1 Wu1=1 lo1=-18.70 du1=0.0132 pin1=-0.000 a1=[0.006 -0.001 0.003 0.001 0.005]
INFO  [mc_indi_tiltrotor] YWdbg nu2=-0.011 ach2=-0.010 r=0.02 wsp2=-0.01 ddelta=[0.0026 0.0008 -0.0001]
INFO  [mc_indi_tiltrotor] T0dbg1 G0=[-0.256 0.227 0.018 0.164 -0.986] nu_des=[0.01 0.00 0.00 -0.23 -0.02]
INFO  [mc_indi_tiltrotor] T0dbg2 Ws34=[0.1 20.0] Wu0=1.0 du0=-0.0059 dmin0=-18.3545 dmax0=26.6455
INFO  [mc_indi_tiltrotor] T2dbg1 G2=[-0.000 -0.650 0.060 0.000 -1.000] G5=[-0.736 -0.858 -0.000 12.268 0.001]
INFO  [mc_indi_tiltrotor] T2dbg2 Wu25=[1.0 1000000.0] du25=[0.0056 -0.0001] dmax25=[32.7324 0.0120] nu_yaw=0.002
INFO  [mc_indi_tiltrotor] WRdbg0 Wu0=1 lo0=-18.35 du0=-0.0059 pin0=0.000 a0=[-0.013 0.000 0.000 -0.001 0.008]
INFO  [mc_indi_tiltrotor] WRdbg1 Wu1=1 lo1=-18.84 du1=0.0232 pin1=-0.000 a1=[0.013 0.000 -0.001 0.001 0.010]
INFO  [mc_indi_tiltrotor] T0dbg1 G0=[-0.256 0.227 0.019 0.160 -0.987] nu_des=[0.00 0.01 0.01 -0.16 0.00]
INFO  [mc_indi_tiltrotor] T0dbg2 Ws34=[0.1 20.0] Wu0=1.0 du0=0.0042 dmin0=-18.4740 dmax0=26.5260
INFO  [mc_indi_tiltrotor] T2dbg1 G2=[-0.000 -0.650 0.060 0.000 -1.000] G5=[-0.737 -0.859 -0.000 12.287 0.001]
INFO  [mc_indi_tiltrotor] T2dbg2 Wu25=[1.0 1000000.0] du25=[-0.0096 -0.0001] dmax25=[32.7133 0.0120] nu_yaw=0.011
INFO  [mc_indi_tiltrotor] WRdbg0 Wu0=1 lo0=-18.47 du0=0.0042 pin0=0.000 a0=[-0.002 0.006 0.001 -0.001 -0.001]
INFO  [mc_indi_tiltrotor] WRdbg1 Wu1=1 lo1=-18.97 du1=0.0005 pin1=-0.000 a1=[0.002 0.004 -0.004 0.001 -0.001]
INFO  [mc_indi_tiltrotor] YWdbg nu2=0.016 ach2=0.015 r=-0.03 wsp2=-0.01 ddelta=[-0.0009 0.0025 -0.0001]
INFO  [mc_indi_tiltrotor] T0dbg1 G0=[-0.256 0.227 0.021 0.154 -0.988] nu_des=[0.01 -0.02 0.01 -0.16 0.01]
INFO  [mc_indi_tiltrotor] T0dbg2 Ws34=[0.1 20.0] Wu0=1.0 du0=-0.0380 dmin0=-18.5265 dmax0=26.4735
INFO  [mc_indi_tiltrotor] T2dbg1 G2=[-0.000 -0.650 0.060 0.000 -1.000] G5=[-0.738 -0.859 -0.000 12.307 0.004]
INFO  [mc_indi_tiltrotor] T2dbg2 Wu25=[1.0 9.0] du25=[0.0240 -0.0002] dmax25=[32.6933 0.0120] nu_yaw=0.009
INFO  [mc_indi_tiltrotor] WRdbg0 Wu0=1 lo0=-18.53 du0=-0.0380 pin0=0.000 a0=[-0.017 -0.018 0.001 -0.001 -0.003]
INFO  [mc_indi_tiltrotor] WRdbg1 Wu1=1 lo1=-18.99 du1=-0.0006 pin1=0.000 a1=[0.017 -0.011 -0.003 0.000 -0.004]
INFO  [mc_indi_tiltrotor] T0dbg1 G0=[-0.256 0.227 0.022 0.151 -0.989] nu_des=[-0.01 -0.00 -0.01 -0.08 -0.00]
INFO  [mc_indi_tiltrotor] T0dbg2 Ws34=[0.1 20.0] Wu0=1.0 du0=0.0101 dmin0=-18.6646 dmax0=26.3354
INFO  [mc_indi_tiltrotor] T2dbg1 G2=[-0.000 -0.650 0.060 0.000 -1.000] G5=[-0.750 -0.873 -0.000 12.500 0.003]
INFO  [mc_indi_tiltrotor] T2dbg2 Wu25=[1.0 9.0] du25=[-0.0010 0.0003] dmax25=[32.5002 0.0120] nu_yaw=-0.007
INFO  [mc_indi_tiltrotor] WRdbg0 Wu0=1 lo0=-18.66 du0=0.0101 pin0=0.000 a0=[0.012 -0.002 -0.001 -0.000 0.001]
INFO  [mc_indi_tiltrotor] WRdbg1 Wu1=1 lo1=-19.15 du1=-0.0093 pin1=0.000 a1=[-0.012 -0.001 0.003 0.000 0.001]
INFO  [mc_indi_tiltrotor] YWdbg nu2=-0.013 ach2=-0.013 r=0.02 wsp2=0.02 ddelta=[0.0014 -0.0012 0.0001]
INFO  [mc_indi_tiltrotor] T0dbg1 G0=[-0.256 0.227 0.020 0.156 -0.988] nu_des=[-0.00 0.00 -0.04 -0.07 0.01]
INFO  [mc_indi_tiltrotor] T0dbg2 Ws34=[0.1 20.0] Wu0=1.0 du0=0.0003 dmin0=-18.7677 dmax0=26.2323
INFO  [mc_indi_tiltrotor] T2dbg1 G2=[-0.000 -0.650 0.060 0.000 -1.000] G5=[-0.758 -0.881 -0.000 12.627 0.004]
INFO  [mc_indi_tiltrotor] T2dbg2 Wu25=[1.0 1000000.0] du25=[0.0037 -0.0003] dmax25=[32.3728 0.0120] nu_yaw=-0.039
INFO  [mc_indi_tiltrotor] WRdbg0 Wu0=1 lo0=-18.77 du0=0.0003 pin0=-0.002 a0=[0.003 0.001 0.001 -0.000 -0.002]
INFO  [mc_indi_tiltrotor] WRdbg1 Wu1=1 lo1=-19.24 du1=0.0090 pin1=0.001 a1=[-0.003 0.001 0.012 -0.000 -0.002]
INFO  [mc_indi_tiltrotor] T0dbg1 G0=[-0.256 0.227 0.018 0.166 -0.986] nu_des=[-0.00 -0.00 0.02 -0.36 -0.03]
INFO  [mc_indi_tiltrotor] T0dbg2 Ws34=[0.1 20.0] Wu0=1.0 du0=0.0076 dmin0=-18.7739 dmax0=26.2261
INFO  [mc_indi_tiltrotor] T2dbg1 G2=[-0.000 -0.650 0.060 0.000 -1.000] G5=[-0.750 -0.871 -0.000 12.495 0.005]
INFO  [mc_indi_tiltrotor] T2dbg2 Wu25=[1.0 9.0] du25=[0.0034 -0.0000] dmax25=[32.5052 0.0120] nu_yaw=0.023
INFO  [mc_indi_tiltrotor] WRdbg0 Wu0=1 lo0=-18.77 du0=0.0076 pin0=0.000 a0=[0.000 -0.002 0.002 -0.002 0.009]
INFO  [mc_indi_tiltrotor] WRdbg1 Wu1=1 lo1=-19.18 du1=0.0013 pin1=0.000 a1=[-0.000 -0.001 -0.009 0.001 0.011]
INFO  [mc_indi_tiltrotor] YWdbg nu2=0.030 ach2=0.030 r=-0.02 wsp2=-0.01 ddelta=[-0.0030 0.0033 -0.0002]
INFO  [mc_indi_tiltrotor] T0dbg1 G0=[-0.256 0.227 0.020 0.158 -0.987] nu_des=[0.00 0.02 0.02 -0.35 0.00]
INFO  [mc_indi_tiltrotor] T0dbg2 Ws34=[0.1 20.0] Wu0=1.0 du0=0.0075 dmin0=-18.7689 dmax0=26.2311
INFO  [mc_indi_tiltrotor] T2dbg1 G2=[-0.000 -0.650 0.060 0.000 -1.000] G5=[-0.747 -0.870 -0.000 12.442 0.002]
INFO  [mc_indi_tiltrotor] T2dbg2 Wu25=[1.0 1000000.0] du25=[-0.0181 -0.0001] dmax25=[32.5580 0.0120] nu_yaw=0.024
INFO  [mc_indi_tiltrotor] WRdbg0 Wu0=1 lo0=-18.77 du0=0.0075 pin0=0.000 a0=[-0.004 0.011 0.003 -0.002 -0.001]
INFO  [mc_indi_tiltrotor] WRdbg1 Wu1=1 lo1=-19.25 du1=0.0007 pin1=-0.000 a1=[0.004 0.007 -0.009 0.001 -0.001]
INFO  [mc_indi_tiltrotor] T0dbg1 G0=[-0.256 0.227 0.020 0.158 -0.987] nu_des=[-0.00 -0.01 -0.03 -0.27 -0.02]
INFO  [mc_indi_tiltrotor] T0dbg2 Ws34=[0.1 20.0] Wu0=1.0 du0=0.0042 dmin0=-18.7636 dmax0=26.2364
INFO  [mc_indi_tiltrotor] T2dbg1 G2=[-0.000 -0.650 0.060 0.000 -1.000] G5=[-0.755 -0.878 -0.000 12.575 0.003]
INFO  [mc_indi_tiltrotor] T2dbg2 Wu25=[1.0 9.0] du25=[0.0099 -0.0001] dmax25=[32.4245 0.0120] nu_yaw=-0.028
INFO  [mc_indi_tiltrotor] WRdbg0 Wu0=1 lo0=-18.76 du0=0.0042 pin0=0.000 a0=[0.007 -0.006 -0.003 -0.001 0.008]
INFO  [mc_indi_tiltrotor] WRdbg1 Wu1=1 lo1=-19.32 du1=0.0103 pin1=0.000 a1=[-0.007 -0.004 0.011 0.001 0.010]
INFO  [mc_indi_tiltrotor] YWdbg nu2=-0.037 ach2=-0.036 r=0.03 wsp2=0.01 ddelta=[0.0037 -0.0039 -0.0001]
INFO  [mc_indi_tiltrotor] T0dbg1 G0=[-0.257 0.227 0.017 0.169 -0.986] nu_des=[0.01 -0.02 0.01 -0.40 0.03]
INFO  [mc_indi_tiltrotor] T0dbg2 Ws34=[0.1 20.0] Wu0=1.0 du0=-0.0480 dmin0=-18.8079 dmax0=26.1921
INFO  [mc_indi_tiltrotor] T2dbg1 G2=[-0.000 -0.650 0.060 0.000 -1.000] G5=[-0.753 -0.876 -0.000 12.556 0.005]
INFO  [mc_indi_tiltrotor] T2dbg2 Wu25=[1.0 1000000.0] du25=[0.0167 -0.0004] dmax25=[32.4439 0.0120] nu_yaw=0.010
INFO  [mc_indi_tiltrotor] WRdbg0 Wu0=1 lo0=-18.81 du0=-0.0480 pin0=0.000 a0=[-0.021 -0.015 0.001 -0.002 -0.010]
INFO  [mc_indi_tiltrotor] WRdbg1 Wu1=1 lo1=-19.30 du1=-0.0048 pin1=-0.001 a1=[0.022 -0.010 -0.004 0.001 -0.013]
INFO  [mc_indi_tiltrotor] T0dbg1 G0=[-0.256 0.227 0.019 0.161 -0.987] nu_des=[-0.00 0.02 0.02 -0.28 -0.00]
INFO  [mc_indi_tiltrotor] T0dbg2 Ws34=[0.1 20.0] Wu0=1.0 du0=0.0223 dmin0=-18.8484 dmax0=26.1516
INFO  [mc_indi_tiltrotor] T2dbg1 G2=[-0.000 -0.650 0.060 0.000 -1.000] G5=[-0.751 -0.875 -0.000 12.523 0.002]
INFO  [mc_indi_tiltrotor] T2dbg2 Wu25=[1.0 9.0] du25=[-0.0207 0.0000] dmax25=[32.4768 0.0120] nu_yaw=0.019
INFO  [mc_indi_tiltrotor] WRdbg0 Wu0=1 lo0=-18.85 du0=0.0223 pin0=0.000 a0=[0.007 0.013 0.002 -0.001 0.001]
INFO  [mc_indi_tiltrotor] WRdbg1 Wu1=1 lo1=-19.28 du1=-0.0050 pin1=0.000 a1=[-0.007 0.007 -0.007 0.001 0.002]
INFO  [mc_indi_tiltrotor] YWdbg nu2=0.023 ach2=0.023 r=-0.03 wsp2=-0.00 ddelta=[-0.0022 0.0027 -0.0001]
INFO  [mc_indi_tiltrotor] T0dbg1 G0=[-0.256 0.227 0.021 0.153 -0.988] nu_des=[0.00 0.00 0.02 -0.25 0.03]
INFO  [mc_indi_tiltrotor] T0dbg2 Ws34=[0.1 20.0] Wu0=1.0 du0=-0.0141 dmin0=-18.8518 dmax0=26.1482
INFO  [mc_indi_tiltrotor] T2dbg1 G2=[-0.000 -0.650 0.060 0.000 -1.000] G5=[-0.754 -0.878 -0.000 12.561 0.002]
INFO  [mc_indi_tiltrotor] T2dbg2 Wu25=[1.0 9.0] du25=[-0.0075 -0.0001] dmax25=[32.4393 0.0120] nu_yaw=0.020
INFO  [mc_indi_tiltrotor] WRdbg0 Wu0=1 lo0=-18.85 du0=-0.0141 pin0=0.000 a0=[-0.007 0.001 0.002 -0.001 -0.009]
INFO  [mc_indi_tiltrotor] WRdbg1 Wu1=1 lo1=-19.31 du1=-0.0099 pin1=0.000 a1=[0.007 0.001 -0.007 0.000 -0.011]
INFO  [mc_indi_tiltrotor] T0dbg1 G0=[-0.256 0.226 0.022 0.149 -0.989] nu_des=[0.00 -0.00 0.00 -0.21 -0.02]
INFO  [mc_indi_tiltrotor] T0dbg2 Ws34=[0.1 20.0] Wu0=1.0 du0=-0.0039 dmin0=-18.7807 dmax0=26.2193
INFO  [mc_indi_tiltrotor] T2dbg1 G2=[-0.000 -0.650 0.060 0.000 -1.000] G5=[-0.752 -0.876 -0.000 12.527 0.002]
INFO  [mc_indi_tiltrotor] T2dbg2 Wu25=[1.0 1000000.0] du25=[0.0064 -0.0002] dmax25=[32.4726 0.0120] nu_yaw=0.002
INFO  [mc_indi_tiltrotor] WRdbg0 Wu0=1 lo0=-18.78 du0=-0.0039 pin0=0.000 a0=[-0.005 -0.003 0.000 -0.001 0.005]
INFO  [mc_indi_tiltrotor] WRdbg1 Wu1=1 lo1=-19.23 du1=0.0085 pin1=-0.000 a1=[0.005 -0.002 -0.001 0.001 0.006]
INFO  [mc_indi_tiltrotor] YWdbg nu2=-0.012 ach2=-0.011 r=0.01 wsp2=0.03 ddelta=[0.0009 -0.0013 -0.0002]
INFO  [mc_indi_tiltrotor] T0dbg1 G0=[-0.256 0.227 0.022 0.150 -0.989] nu_des=[-0.00 -0.00 -0.03 -0.13 0.01]
INFO  [mc_indi_tiltrotor] T0dbg2 Ws34=[0.1 20.0] Wu0=1.0 du0=-0.0029 dmin0=-18.8507 dmax0=26.1493
INFO  [mc_indi_tiltrotor] T2dbg1 G2=[-0.000 -0.650 0.060 0.000 -1.000] G5=[-0.755 -0.879 -0.000 12.591 0.003]
INFO  [mc_indi_tiltrotor] T2dbg2 Wu25=[1.0 9.0] du25=[-0.0026 -0.0001] dmax25=[32.4092 0.0120] nu_yaw=-0.028
INFO  [mc_indi_tiltrotor] WRdbg0 Wu0=1 lo0=-18.85 du0=-0.0029 pin0=0.000 a0=[0.005 -0.000 -0.003 -0.001 -0.004]
INFO  [mc_indi_tiltrotor] WRdbg1 Wu1=1 lo1=-19.30 du1=0.0011 pin1=0.000 a1=[-0.005 -0.000 0.011 0.000 -0.005]
INFO  [mc_indi_tiltrotor] T0dbg1 G0=[-0.256 0.227 0.018 0.166 -0.986] nu_des=[0.02 -0.00 -0.01 -0.34 0.03]
INFO  [mc_indi_tiltrotor] T0dbg2 Ws34=[0.1 20.0] Wu0=1.0 du0=-0.0399 dmin0=-18.8254 dmax0=26.1746
INFO  [mc_indi_tiltrotor] T2dbg1 G2=[-0.000 -0.650 0.060 0.001 -1.000] G5=[-0.749 -0.869 -0.000 12.486 0.007]
INFO  [mc_indi_tiltrotor] T2dbg2 Wu25=[1.0 1000000.0] du25=[0.0033 -0.0006] dmax25=[32.5137 0.0120] nu_yaw=-0.008
INFO  [mc_indi_tiltrotor] WRdbg0 Wu0=1 lo0=-18.83 du0=-0.0399 pin0=0.000 a0=[-0.025 -0.003 -0.001 -0.002 -0.009]
INFO  [mc_indi_tiltrotor] WRdbg1 Wu1=1 lo1=-19.29 du1=0.0156 pin1=-0.001 a1=[0.026 -0.002 0.003 0.001 -0.012]
INFO  [mc_indi_tiltrotor] YWdbg nu2=-0.000 ach2=-0.000 r=0.03 wsp2=-0.03 ddelta=[-0.0014 -0.0015 -0.0001]
INFO  [mc_indi_tiltrotor] T0dbg1 G0=[-0.256 0.227 0.018 0.165 -0.986] nu_des=[0.00 0.00 -0.00 -0.23 -0.00]
INFO  [mc_indi_tiltrotor] T0dbg2 Ws34=[0.1 20.0] Wu0=1.0 du0=-0.0013 dmin0=-18.8130 dmax0=26.1870
INFO  [mc_indi_tiltrotor] T2dbg1 G2=[-0.000 -0.650 0.060 0.000 -1.000] G5=[-0.756 -0.879 -0.000 12.603 0.005]
INFO  [mc_indi_tiltrotor] T2dbg2 Wu25=[1.0 9.0] du25=[-0.0038 -0.0003] dmax25=[32.3969 0.0120] nu_yaw=-0.003
INFO  [mc_indi_tiltrotor] WRdbg0 Wu0=1 lo0=-18.81 du0=-0.0013 pin0=0.000 a0=[-0.003 0.003 -0.000 -0.001 0.000]
INFO  [mc_indi_tiltrotor] WRdbg1 Wu1=1 lo1=-19.28 du1=0.0061 pin1=0.000 a1=[0.003 0.001 0.001 0.001 0.000]
INFO  [mc_indi_tiltrotor] T0dbg1 G0=[-0.256 0.227 0.019 0.159 -0.987] nu_des=[0.00 0.03 0.03 -0.19 0.01]
INFO  [mc_indi_tiltrotor] T0dbg2 Ws34=[0.1 20.0] Wu0=1.0 du0=0.0125 dmin0=-18.8566 dmax0=26.1434
INFO  [mc_indi_tiltrotor] T2dbg1 G2=[-0.000 -0.650 0.060 0.000 -1.000] G5=[-0.755 -0.880 -0.000 12.582 0.002]
INFO  [mc_indi_tiltrotor] T2dbg2 Wu25=[1.0 1000000.0] du25=[-0.0294 -0.0001] dmax25=[32.4177 0.0120] nu_yaw=0.030
INFO  [mc_indi_tiltrotor] WRdbg0 Wu0=1 lo0=-18.86 du0=0.0125 pin0=0.000 a0=[-0.008 0.021 0.003 -0.001 -0.003]
INFO  [mc_indi_tiltrotor] WRdbg1 Wu1=1 lo1=-19.35 du1=0.0051 pin1=-0.000 a1=[0.008 0.013 -0.012 0.001 -0.004]
INFO  [mc_indi_tiltrotor] YWdbg nu2=0.019 ach2=0.019 r=-0.04 wsp2=-0.01 ddelta=[-0.0014 0.0026 -0.0002]
INFO  [mc_indi_tiltrotor] T0dbg1 G0=[-0.256 0.227 0.021 0.152 -0.988] nu_des=[0.01 0.00 0.02 -0.19 -0.01]
INFO  [mc_indi_tiltrotor] T0dbg2 Ws34=[0.1 20.0] Wu0=1.0 du0=-0.0098 dmin0=-18.9291 dmax0=26.0709
INFO  [mc_indi_tiltrotor] T2dbg1 G2=[-0.000 -0.650 0.060 0.000 -1.000] G5=[-0.758 -0.883 -0.000 12.628 0.002]
INFO  [mc_indi_tiltrotor] T2dbg2 Wu25=[1.0 1000000.0] du25=[-0.0010 -0.0001] dmax25=[32.3721 0.0120] nu_yaw=0.020
INFO  [mc_indi_tiltrotor] WRdbg0 Wu0=1 lo0=-18.93 du0=-0.0098 pin0=0.000 a0=[-0.017 0.003 0.003 -0.001 0.002]
INFO  [mc_indi_tiltrotor] WRdbg1 Wu1=1 lo1=-19.43 du1=0.0145 pin1=-0.000 a1=[0.017 0.002 -0.008 0.001 0.003]
INFO  [mc_indi_tiltrotor] T0dbg1 G0=[-0.256 0.226 0.022 0.148 -0.989] nu_des=[-0.00 0.01 0.00 -0.11 0.03]
INFO  [mc_indi_tiltrotor] T0dbg2 Ws34=[0.1 20.0] Wu0=1.0 du0=0.0010 dmin0=-19.1083 dmax0=25.8917
INFO  [mc_indi_tiltrotor] T2dbg1 G2=[-0.000 -0.650 0.060 0.000 -1.000] G5=[-0.764 -0.888 -0.000 12.728 0.005]
INFO  [mc_indi_tiltrotor] T2dbg2 Wu25=[1.0 9.0] du25=[-0.0178 0.0000] dmax25=[32.2725 0.0120] nu_yaw=0.002
INFO  [mc_indi_tiltrotor] WRdbg0 Wu0=1 lo0=-19.11 du0=0.0010 pin0=0.000 a0=[0.004 0.008 0.000 -0.000 -0.011]
INFO  [mc_indi_tiltrotor] WRdbg1 Wu1=1 lo1=-19.49 du1=-0.0133 pin1=0.000 a1=[-0.004 0.004 -0.001 0.000 -0.013]
INFO  [mc_indi_tiltrotor] YWdbg nu2=-0.027 ach2=-0.026 r=0.02 wsp2=0.02 ddelta=[0.0037 -0.0016 -0.0002]
INFO  [mc_indi_tiltrotor] T0dbg1 G0=[-0.256 0.227 0.019 0.160 -0.987] nu_des=[-0.00 -0.06 -0.04 -0.18 0.05]
INFO  [mc_indi_tiltrotor] T0dbg2 Ws34=[0.1 20.0] Wu0=1.0 du0=-0.0514 dmin0=-18.8267 dmax0=26.1733
INFO  [mc_indi_tiltrotor] T2dbg1 G2=[-0.000 -0.650 0.060 0.001 -1.000] G5=[-0.759 -0.881 -0.000 12.648 0.007]
INFO  [mc_indi_tiltrotor] T2dbg2 Wu25=[1.0 9.0] du25=[0.0583 0.0011] dmax25=[32.3523 0.0120] nu_yaw=-0.041
INFO  [mc_indi_tiltrotor] WRdbg0 Wu0=1 lo0=-18.83 du0=-0.0514 pin0=-0.004 a0=[0.005 -0.035 0.001 0.000 -0.020]
INFO  [mc_indi_tiltrotor] WRdbg1 Wu1=1 lo1=-19.20 du1=-0.0407 pin1=0.003 a1=[-0.005 -0.030 0.012 -0.000 -0.020]
INFO  [mc_indi_tiltrotor] T0dbg1 G0=[-0.257 0.227 0.017 0.168 -0.986] nu_des=[0.01 -0.00 -0.01 -0.27 0.02]
INFO  [mc_indi_tiltrotor] T0dbg2 Ws34=[0.1 20.0] Wu0=1.0 du0=-0.0261 dmin0=-18.7286 dmax0=26.2714
INFO  [mc_indi_tiltrotor] T2dbg1 G2=[-0.000 -0.650 0.060 0.000 -1.000] G5=[-0.752 -0.876 -0.000 12.538 0.002]
INFO  [mc_indi_tiltrotor] T2dbg2 Wu25=[1.0 1000000.0] du25=[0.0036 -0.0002] dmax25=[32.4620 0.0120] nu_yaw=-0.007
INFO  [mc_indi_tiltrotor] WRdbg0 Wu0=1 lo0=-18.73 du0=-0.0261 pin0=0.000 a0=[-0.016 -0.003 -0.001 -0.001 -0.005]
INFO  [mc_indi_tiltrotor] WRdbg1 Wu1=1 lo1=-19.27 du1=0.0109 pin1=-0.000 a1=[0.016 -0.002 0.003 0.001 -0.007]
INFO  [mc_indi_tiltrotor] YWdbg nu2=-0.007 ach2=-0.006 r=0.01 wsp2=-0.03 ddelta=[0.0010 0.0000 -0.0002]
INFO  [mc_indi_tiltrotor] T0dbg1 G0=[-0.257 0.227 0.017 0.168 -0.986] nu_des=[0.00 -0.01 0.01 -0.26 0.00]
INFO  [mc_indi_tiltrotor] T0dbg2 Ws34=[0.1 20.0] Wu0=1.0 du0=-0.0101 dmin0=-18.6807 dmax0=26.3193
INFO  [mc_indi_tiltrotor] T2dbg1 G2=[-0.000 -0.650 0.060 0.000 -1.000] G5=[-0.753 -0.878 -0.000 12.550 0.002]
INFO  [mc_indi_tiltrotor] T2dbg2 Wu25=[1.0 9.0] du25=[0.0036 -0.0001] dmax25=[32.4495 0.0120] nu_yaw=0.008
INFO  [mc_indi_tiltrotor] WRdbg0 Wu0=1 lo0=-18.68 du0=-0.0101 pin0=0.000 a0=[-0.003 -0.004 0.001 -0.001 -0.001]
INFO  [mc_indi_tiltrotor] WRdbg1 Wu1=1 lo1=-19.28 du1=-0.0035 pin1=0.000 a1=[0.003 -0.003 -0.003 0.001 -0.002]
INFO  [mc_indi_tiltrotor] T0dbg1 G0=[-0.256 0.227 0.019 0.159 -0.987] nu_des=[0.01 0.01 0.03 -0.18 0.01]
INFO  [mc_indi_tiltrotor] T0dbg2 Ws34=[0.1 20.0] Wu0=1.0 du0=-0.0017 dmin0=-18.7928 dmax0=26.2072
INFO  [mc_indi_tiltrotor] T2dbg1 G2=[-0.000 -0.650 0.060 0.000 -1.000] G5=[-0.752 -0.875 -0.000 12.530 0.003]
INFO  [mc_indi_tiltrotor] T2dbg2 Wu25=[1.0 9.0] du25=[-0.0117 -0.0002] dmax25=[32.4698 0.0120] nu_yaw=0.032
INFO  [mc_indi_tiltrotor] WRdbg0 Wu0=1 lo0=-18.79 du0=-0.0017 pin0=0.000 a0=[-0.008 0.007 0.003 -0.001 -0.003]
INFO  [mc_indi_tiltrotor] WRdbg1 Wu1=1 lo1=-19.25 du1=-0.0038 pin1=0.000 a1=[0.008 0.004 -0.013 0.000 -0.004]
INFO  [mc_indi_tiltrotor] YWdbg nu2=0.015 ach2=0.015 r=-0.04 wsp2=0.00 ddelta=[-0.0023 0.0008 0.0000]
INFO  [mc_indi_tiltrotor] T0dbg1 G0=[-0.256 0.227 0.021 0.152 -0.988] nu_des=[-0.01 -0.00 0.01 -0.17 0.01]
INFO  [mc_indi_tiltrotor] T0dbg2 Ws34=[0.1 20.0] Wu0=1.0 du0=0.0107 dmin0=-18.9175 dmax0=26.0825
INFO  [mc_indi_tiltrotor] T2dbg1 G2=[-0.000 -0.650 0.060 0.000 -1.000] G5=[-0.754 -0.877 -0.000 12.566 0.004]
INFO  [mc_indi_tiltrotor] T2dbg2 Wu25=[1.0 9.0] du25=[-0.0061 0.0004] dmax25=[32.4339 0.0120] nu_yaw=0.013
INFO  [mc_indi_tiltrotor] WRdbg0 Wu0=1 lo0=-18.92 du0=0.0107 pin0=0.000 a0=[0.012 -0.000 0.002 -0.001 -0.002]
INFO  [mc_indi_tiltrotor] WRdbg1 Wu1=1 lo1=-19.23 du1=-0.0183 pin1=0.000 a1=[-0.011 -0.000 -0.005 0.000 -0.002]
INFO  [mc_indi_tiltrotor] T0dbg1 G0=[-0.256 0.227 0.022 0.151 -0.989] nu_des=[-0.00 -0.00 -0.00 -0.12 0.02]
INFO  [mc_indi_tiltrotor] T0dbg2 Ws34=[0.1 20.0] Wu0=1.0 du0=-0.0034 dmin0=-18.9514 dmax0=26.0486
INFO  [mc_indi_tiltrotor] T2dbg1 G2=[-0.000 -0.650 0.060 0.000 -1.000] G5=[-0.759 -0.884 -0.000 12.643 0.002]
INFO  [mc_indi_tiltrotor] T2dbg2 Wu25=[1.0 9.0] du25=[-0.0013 0.0002] dmax25=[32.3573 0.0120] nu_yaw=-0.002
INFO  [mc_indi_tiltrotor] WRdbg0 Wu0=1 lo0=-18.95 du0=-0.0034 pin0=0.000 a0=[0.006 -0.003 -0.000 -0.001 -0.005]
INFO  [mc_indi_tiltrotor] WRdbg1 Wu1=1 lo1=-19.38 du1=-0.0123 pin1=0.000 a1=[-0.005 -0.002 0.001 0.000 -0.006]
INFO  [mc_indi_tiltrotor] YWdbg nu2=-0.009 ach2=-0.008 r=0.02 wsp2=0.02 ddelta=[0.0020 0.0004 -0.0001]
INFO  [mc_indi_tiltrotor] T0dbg1 G0=[-0.256 0.227 0.020 0.156 -0.988] nu_des=[0.00 -0.01 -0.03 -0.16 0.02]
INFO  [mc_indi_tiltrotor] T0dbg2 Ws34=[0.1 20.0] Wu0=1.0 du0=-0.0225 dmin0=-18.6940 dmax0=26.3060
INFO  [mc_indi_tiltrotor] T2dbg1 G2=[-0.000 -0.650 0.060 0.000 -1.000] G5=[-0.753 -0.878 -0.000 12.555 0.002]
INFO  [mc_indi_tiltrotor] T2dbg2 Wu25=[1.0 1000000.0] du25=[0.0090 -0.0002] dmax25=[32.4452 0.0120] nu_yaw=-0.026
INFO  [mc_indi_tiltrotor] WRdbg0 Wu0=1 lo0=-18.69 du0=-0.0225 pin0=0.000 a0=[-0.003 -0.009 -0.003 -0.001 -0.006]
INFO  [mc_indi_tiltrotor] WRdbg1 Wu1=1 lo1=-19.30 du1=0.0003 pin1=-0.000 a1=[0.003 -0.006 0.010 0.001 -0.008]
INFO  [mc_indi_tiltrotor] T0dbg1 G0=[-0.257 0.227 0.017 0.167 -0.986] nu_des=[-0.01 -0.01 -0.01 -0.29 0.01]
INFO  [mc_indi_tiltrotor] T0dbg2 Ws34=[0.1 20.0] Wu0=1.0 du0=-0.0038 dmin0=-18.7685 dmax0=26.2315
INFO  [mc_indi_tiltrotor] T2dbg1 G2=[-0.000 -0.650 0.060 0.000 -1.000] G5=[-0.754 -0.876 -0.000 12.561 0.004]
INFO  [mc_indi_tiltrotor] T2dbg2 Wu25=[1.0 9.0] du25=[0.0106 0.0004] dmax25=[32.4394 0.0120] nu_yaw=-0.011
INFO  [mc_indi_tiltrotor] WRdbg0 Wu0=1 lo0=-18.77 du0=-0.0038 pin0=-0.004 a0=[0.012 -0.008 0.001 0.000 -0.005]
INFO  [mc_indi_tiltrotor] WRdbg1 Wu1=1 lo1=-19.31 du1=-0.0174 pin1=0.002 a1=[-0.011 -0.007 0.003 -0.000 -0.005]
INFO  [mc_indi_tiltrotor] YWdbg nu2=-0.016 ach2=-0.015 r=0.03 wsp2=-0.03 ddelta=[0.0026 -0.0006 0.0001]
INFO  [mc_indi_tiltrotor] T0dbg1 G0=[-0.257 0.227 0.016 0.173 -0.985] nu_des=[0.00 -0.01 0.03 -0.46 0.01]
INFO  [mc_indi_tiltrotor] T0dbg2 Ws34=[0.1 20.0] Wu0=1.0 du0=-0.0101 dmin0=-18.8927 dmax0=26.1073
INFO  [mc_indi_tiltrotor] T2dbg1 G2=[-0.000 -0.650 0.060 0.000 -1.000] G5=[-0.752 -0.874 -0.000 12.528 0.004]
INFO  [mc_indi_tiltrotor] T2dbg2 Wu25=[1.0 9.0] du25=[-0.0002 0.0000] dmax25=[32.4718 0.0120] nu_yaw=0.026
INFO  [mc_indi_tiltrotor] WRdbg0 Wu0=1 lo0=-18.89 du0=-0.0101 pin0=0.000 a0=[-0.002 -0.005 0.002 -0.002 -0.003]
INFO  [mc_indi_tiltrotor] WRdbg1 Wu1=1 lo1=-19.24 du1=-0.0140 pin1=0.000 a1=[0.002 -0.003 -0.010 0.001 -0.004]
INFO  [mc_indi_tiltrotor] T0dbg1 G0=[-0.256 0.227 0.019 0.160 -0.987] nu_des=[0.01 0.18 0.03 -0.36 0.04]
INFO  [mc_indi_tiltrotor] T0dbg2 Ws34=[0.1 20.0] Wu0=1.0 du0=0.0834 dmin0=-18.9130 dmax0=26.0870
INFO  [mc_indi_tiltrotor] T2dbg1 G2=[-0.000 -0.650 0.060 0.000 -1.000] G5=[-0.757 -0.881 -0.000 12.611 0.003]
INFO  [mc_indi_tiltrotor] T2dbg2 Wu25=[1.0 1000000.0] du25=[-0.1929 -0.0002] dmax25=[32.3887 0.0120] nu_yaw=0.027
INFO  [mc_indi_tiltrotor] WRdbg0 Wu0=1 lo0=-18.91 du0=0.0834 pin0=0.021 a0=[-0.022 0.100 -0.001 -0.000 -0.016]
INFO  [mc_indi_tiltrotor] WRdbg1 Wu1=1 lo1=-19.33 du1=0.0812 pin1=-0.014 a1=[0.021 0.099 -0.008 -0.000 -0.016]
INFO  [mc_indi_tiltrotor] YWdbg nu2=0.020 ach2=0.019 r=-0.05 wsp2=0.01 ddelta=[-0.0053 -0.0017 0.0005]
INFO  [mc_indi_tiltrotor] T0dbg1 G0=[-0.256 0.227 0.020 0.156 -0.988] nu_des=[0.00 0.01 -0.01 -0.43 0.06]
INFO  [mc_indi_tiltrotor] T0dbg2 Ws34=[0.1 20.0] Wu0=1.0 du0=-0.0171 dmin0=-18.8289 dmax0=26.1711
INFO  [mc_indi_tiltrotor] T2dbg1 G2=[-0.000 -0.650 0.060 0.000 -1.000] G5=[-0.753 -0.876 -0.000 12.543 0.004]
INFO  [mc_indi_tiltrotor] T2dbg2 Wu25=[1.0 1000000.0] du25=[-0.0233 -0.0003] dmax25=[32.4566 0.0120] nu_yaw=-0.014
INFO  [mc_indi_tiltrotor] WRdbg0 Wu0=1 lo0=-18.83 du0=-0.0171 pin0=0.000 a0=[-0.005 0.009 -0.002 -0.002 -0.018]
INFO  [mc_indi_tiltrotor] WRdbg1 Wu1=1 lo1=-19.36 du1=-0.0057 pin1=-0.001 a1=[0.005 0.006 0.005 0.001 -0.022]
INFO  [mc_indi_tiltrotor] T0dbg1 G0=[-0.256 0.227 0.019 0.161 -0.987] nu_des=[-0.01 -0.03 -0.03 -0.29 0.00]
INFO  [mc_indi_tiltrotor] T0dbg2 Ws34=[0.1 20.0] Wu0=1.0 du0=-0.0201 dmin0=-18.9184 dmax0=26.0816
INFO  [mc_indi_tiltrotor] T2dbg1 G2=[-0.000 -0.650 0.060 0.000 -1.000] G5=[-0.760 -0.884 -0.000 12.663 0.004]
INFO  [mc_indi_tiltrotor] T2dbg2 Wu25=[1.0 9.0] du25=[0.0286 0.0004] dmax25=[32.3368 0.0120] nu_yaw=-0.028
INFO  [mc_indi_tiltrotor] WRdbg0 Wu0=1 lo0=-18.92 du0=-0.0201 pin0=-0.012 a0=[0.012 -0.020 0.001 0.000 -0.001]
INFO  [mc_indi_tiltrotor] WRdbg1 Wu1=1 lo1=-19.46 du1=-0.0138 pin1=0.008 a1=[-0.011 -0.018 0.008 -0.000 -0.001]
INFO  [mc_indi_tiltrotor] YWdbg nu2=-0.033 ach2=-0.033 r=0.05 wsp2=0.01 ddelta=[0.0045 -0.0028 0.0010]
INFO  [mc_indi_tiltrotor] T0dbg1 G0=[-0.257 0.227 0.017 0.169 -0.986] nu_des=[0.00 0.01 -0.01 -0.35 0.01]
INFO  [mc_indi_tiltrotor] T0dbg2 Ws34=[0.1 20.0] Wu0=1.0 du0=-0.0012 dmin0=-18.9492 dmax0=26.0508
INFO  [mc_indi_tiltrotor] T2dbg1 G2=[-0.000 -0.650 0.060 0.001 -1.000] G5=[-0.760 -0.882 -0.000 12.666 0.006]
INFO  [mc_indi_tiltrotor] T2dbg2 Wu25=[1.0 9.0] du25=[-0.0110 -0.0004] dmax25=[32.3343 0.0120] nu_yaw=-0.006
INFO  [mc_indi_tiltrotor] WRdbg0 Wu0=1 lo0=-18.95 du0=-0.0012 pin0=0.000 a0=[-0.002 0.006 -0.000 -0.002 -0.003]
INFO  [mc_indi_tiltrotor] WRdbg1 Wu1=1 lo1=-19.33 du1=0.0051 pin1=0.000 a1=[0.002 0.003 0.002 0.001 -0.004]
INFO  [mc_indi_tiltrotor] T0dbg1 G0=[-0.257 0.227 0.016 0.174 -0.985] nu_des=[-0.01 0.00 0.00 -0.40 0.01]
INFO  [mc_indi_tiltrotor] T0dbg2 Ws34=[0.1 20.0] Wu0=1.0 du0=0.0094 dmin0=-18.8365 dmax0=26.1635
INFO  [mc_indi_tiltrotor] T2dbg1 G2=[-0.000 -0.650 0.060 0.000 -1.000] G5=[-0.752 -0.876 -0.000 12.534 0.002]
INFO  [mc_indi_tiltrotor] T2dbg2 Wu25=[1.0 9.0] du25=[-0.0081 0.0003] dmax25=[32.4658 0.0120] nu_yaw=0.003
INFO  [mc_indi_tiltrotor] WRdbg0 Wu0=1 lo0=-18.84 du0=0.0094 pin0=-0.001 a0=[0.014 0.001 -0.000 0.000 -0.005]
INFO  [mc_indi_tiltrotor] WRdbg1 Wu1=1 lo1=-19.20 du1=-0.0183 pin1=0.000 a1=[-0.013 0.001 -0.001 -0.000 -0.005]
INFO  [mc_indi_tiltrotor] YWdbg nu2=0.000 ach2=0.000 r=-0.00 wsp2=-0.03 ddelta=[-0.0006 -0.0004 -0.0001]
INFO  [mc_indi_tiltrotor] T0dbg1 G0=[-0.257 0.227 0.017 0.168 -0.986] nu_des=[0.00 0.01 0.03 -0.31 -0.03]
INFO  [mc_indi_tiltrotor] T0dbg2 Ws34=[0.1 20.0] Wu0=1.0 du0=0.0206 dmin0=-18.8611 dmax0=26.1389
INFO  [mc_indi_tiltrotor] T2dbg1 G2=[-0.000 -0.650 0.060 0.000 -1.000] G5=[-0.753 -0.878 -0.000 12.544 0.001]
INFO  [mc_indi_tiltrotor] T2dbg2 Wu25=[1.0 1000000.0] du25=[-0.0091 -0.0001] dmax25=[32.4556 0.0120] nu_yaw=0.033
INFO  [mc_indi_tiltrotor] WRdbg0 Wu0=1 lo0=-18.86 du0=0.0206 pin0=0.000 a0=[-0.000 0.009 0.003 -0.002 0.011]
INFO  [mc_indi_tiltrotor] WRdbg1 Wu1=1 lo1=-19.36 du1=0.0068 pin1=-0.000 a1=[0.000 0.005 -0.013 0.001 0.014]
INFO  [mc_indi_tiltrotor] T0dbg1 G0=[-0.256 0.227 0.021 0.155 -0.988] nu_des=[0.01 -0.22 0.04 -0.33 0.05]
INFO  [mc_indi_tiltrotor] T0dbg2 Ws34=[0.1 20.0] Wu0=1.0 du0=-0.1820 dmin0=-18.7911 dmax0=26.2089
INFO  [mc_indi_tiltrotor] T2dbg1 G2=[-0.000 -0.650 0.060 0.000 -1.000] G5=[-0.752 -0.877 -0.000 12.539 0.002]
INFO  [mc_indi_tiltrotor] T2dbg2 Wu25=[1.0 9.0] du25=[0.2103 0.0029] dmax25=[32.4613 0.0120] nu_yaw=0.036
INFO  [mc_indi_tiltrotor] WRdbg0 Wu0=1 lo0=-18.79 du0=-0.1820 pin0=-0.019 a0=[-0.014 -0.133 0.001 0.000 -0.017]
INFO  [mc_indi_tiltrotor] WRdbg1 Wu1=1 lo1=-19.46 du1=-0.1149 pin1=0.011 a1=[0.013 -0.121 -0.001 -0.000 -0.017]
INFO  [mc_indi_tiltrotor] YWdbg nu2=0.000 ach2=-0.000 r=-0.04 wsp2=0.03 ddelta=[-0.0004 -0.0004 -0.0001]
INFO  [mc_indi_tiltrotor] T0dbg1 G0=[-0.256 0.227 0.020 0.156 -0.988] nu_des=[-0.01 -0.06 -0.02 -0.24 0.02]
INFO  [mc_indi_tiltrotor] T0dbg2 Ws34=[0.1 20.0] Wu0=1.0 du0=-0.0416 dmin0=-18.7332 dmax0=26.2668
INFO  [mc_indi_tiltrotor] T2dbg1 G2=[-0.000 -0.650 0.060 0.001 -1.000] G5=[-0.750 -0.868 -0.001 12.504 0.011]
INFO  [mc_indi_tiltrotor] T2dbg2 Wu25=[1.0 9.0] du25=[0.0472 0.0010] dmax25=[32.4962 0.0120] nu_yaw=-0.023
INFO  [mc_indi_tiltrotor] WRdbg0 Wu0=1 lo0=-18.73 du0=-0.0416 pin0=0.000 a0=[0.014 -0.044 -0.002 -0.001 -0.008]
INFO  [mc_indi_tiltrotor] WRdbg1 Wu1=1 lo1=-19.14 du1=-0.0394 pin1=0.000 a1=[-0.013 -0.026 0.009 0.001 -0.009]
INFO  [mc_indi_tiltrotor] T0dbg1 G0=[-0.257 0.227 0.018 0.167 -0.986] nu_des=[-0.00 -0.01 0.00 -0.38 -0.04]
INFO  [mc_indi_tiltrotor] T0dbg2 Ws34=[0.1 20.0] Wu0=1.0 du0=0.0061 dmin0=-18.9244 dmax0=26.0756
INFO  [mc_indi_tiltrotor] T2dbg1 G2=[-0.000 -0.650 0.060 0.001 -1.000] G5=[-0.756 -0.877 -0.001 12.604 0.009]
INFO  [mc_indi_tiltrotor] T2dbg2 Wu25=[1.0 9.0] du25=[0.0143 0.0001] dmax25=[32.3959 0.0120] nu_yaw=0.004
INFO  [mc_indi_tiltrotor] WRdbg0 Wu0=1 lo0=-18.92 du0=0.0061 pin0=0.000 a0=[0.005 -0.009 0.000 -0.002 0.012]
INFO  [mc_indi_tiltrotor] WRdbg1 Wu1=1 lo1=-19.33 du1=0.0042 pin1=0.000 a1=[-0.005 -0.005 -0.002 0.001 0.015]
INFO  [mc_indi_tiltrotor] YWdbg nu2=0.016 ach2=0.016 r=0.03 wsp2=0.01 ddelta=[-0.0032 -0.0000 -0.0000]
INFO  [mc_indi_tiltrotor] T0dbg1 G0=[-0.256 0.227 0.019 0.159 -0.987] nu_des=[0.01 0.03 0.01 -0.23 0.00]
INFO  [mc_indi_tiltrotor] T0dbg2 Ws34=[0.1 20.0] Wu0=1.0 du0=0.0102 dmin0=-19.0438 dmax0=25.9562
INFO  [mc_indi_tiltrotor] T2dbg1 G2=[-0.000 -0.650 0.060 0.000 -1.000] G5=[-0.759 -0.883 -0.000 12.658 0.005]
INFO  [mc_indi_tiltrotor] T2dbg2 Wu25=[1.0 1000000.0] du25=[-0.0261 -0.0004] dmax25=[32.3421 0.0120] nu_yaw=0.010
INFO  [mc_indi_tiltrotor] WRdbg0 Wu0=1 lo0=-19.04 du0=0.0102 pin0=0.000 a0=[-0.010 0.020 0.001 -0.001 -0.001]
INFO  [mc_indi_tiltrotor] WRdbg1 Wu1=1 lo1=-19.40 du1=0.0176 pin1=-0.001 a1=[0.010 0.012 -0.004 0.001 -0.001]
INFO  [mc_indi_tiltrotor] T0dbg1 G0=[-0.256 0.227 0.020 0.156 -0.988] nu_des=[-0.00 0.01 0.01 -0.27 0.00]
INFO  [mc_indi_tiltrotor] T0dbg2 Ws34=[0.1 20.0] Wu0=1.0 du0=0.0128 dmin0=-18.9841 dmax0=26.0159
INFO  [mc_indi_tiltrotor] T2dbg1 G2=[-0.000 -0.650 0.060 0.000 -1.000] G5=[-0.756 -0.880 -0.000 12.597 0.003]
INFO  [mc_indi_tiltrotor] T2dbg2 Wu25=[1.0 9.0] du25=[-0.0150 -0.0001] dmax25=[32.4028 0.0120] nu_yaw=0.008
INFO  [mc_indi_tiltrotor] WRdbg0 Wu0=1 lo0=-18.98 du0=0.0128 pin0=0.000 a0=[0.004 0.009 0.001 -0.001 -0.000]
INFO  [mc_indi_tiltrotor] WRdbg1 Wu1=1 lo1=-19.44 du1=-0.0020 pin1=0.000 a1=[-0.004 0.005 -0.003 0.001 -0.000]
INFO  [mc_indi_tiltrotor] YWdbg nu2=0.010 ach2=0.010 r=-0.02 wsp2=0.01 ddelta=[-0.0013 0.0010 -0.0001]
INFO  [mc_indi_tiltrotor] T0dbg1 G0=[-0.256 0.227 0.022 0.151 -0.989] nu_des=[0.00 0.00 0.01 -0.19 0.00]
INFO  [mc_indi_tiltrotor] T0dbg2 Ws34=[0.1 20.0] Wu0=1.0 du0=-0.0034 dmin0=-18.8794 dmax0=26.1206
INFO  [mc_indi_tiltrotor] T2dbg1 G2=[-0.000 -0.650 0.060 0.000 -1.000] G5=[-0.760 -0.886 -0.000 12.673 0.002]
INFO  [mc_indi_tiltrotor] T2dbg2 Wu25=[1.0 1000000.0] du25=[-0.0037 -0.0001] dmax25=[32.3271 0.0120] nu_yaw=0.006
INFO  [mc_indi_tiltrotor] WRdbg0 Wu0=1 lo0=-18.88 du0=-0.0034 pin0=0.000 a0=[-0.004 0.002 0.001 -0.001 -0.001]
INFO  [mc_indi_tiltrotor] WRdbg1 Wu1=1 lo1=-19.46 du1=0.0027 pin1=-0.000 a1=[0.004 0.001 -0.002 0.001 -0.001]
INFO  [mc_indi_tiltrotor] T0dbg1 G0=[-0.256 0.227 0.022 0.150 -0.989] nu_des=[-0.00 -0.00 -0.01 -0.16 0.03]
INFO  [mc_indi_tiltrotor] T0dbg2 Ws34=[0.1 20.0] Wu0=1.0 du0=-0.0061 dmin0=-18.7101 dmax0=26.2899
INFO  [mc_indi_tiltrotor] T2dbg1 G2=[-0.000 -0.650 0.060 0.000 -1.000] G5=[-0.757 -0.881 -0.000 12.621 0.003]
INFO  [mc_indi_tiltrotor] T2dbg2 Wu25=[1.0 9.0] du25=[-0.0035 0.0002] dmax25=[32.3792 0.0120] nu_yaw=-0.006
INFO  [mc_indi_tiltrotor] WRdbg0 Wu0=1 lo0=-18.71 du0=-0.0061 pin0=0.000 a0=[0.008 -0.003 -0.001 -0.001 -0.009]
INFO  [mc_indi_tiltrotor] WRdbg1 Wu1=1 lo1=-19.30 du1=-0.0172 pin1=0.000 a1=[-0.007 -0.002 0.002 0.000 -0.011]
INFO  [mc_indi_tiltrotor] YWdbg nu2=-0.011 ach2=-0.011 r=0.02 wsp2=0.02 ddelta=[0.0019 -0.0005 0.0001]
INFO  [mc_indi_tiltrotor] T0dbg1 G0=[-0.256 0.227 0.020 0.156 -0.988] nu_des=[-0.01 -0.01 -0.04 -0.12 -0.01]
INFO  [mc_indi_tiltrotor] T0dbg2 Ws34=[0.1 20.0] Wu0=1.0 du0=0.0216 dmin0=-18.7069 dmax0=26.2931
INFO  [mc_indi_tiltrotor] T2dbg1 G2=[-0.000 -0.650 0.060 0.001 -1.000] G5=[-0.751 -0.870 -0.001 12.510 0.008]
INFO  [mc_indi_tiltrotor] T2dbg2 Wu25=[1.0 9.0] du25=[0.0068 0.0006] dmax25=[32.4900 0.0120] nu_yaw=-0.037
INFO  [mc_indi_tiltrotor] WRdbg0 Wu0=1 lo0=-18.71 du0=0.0216 pin0=-0.007 a0=[0.029 -0.004 0.001 0.000 0.003]
INFO  [mc_indi_tiltrotor] WRdbg1 Wu1=1 lo1=-19.08 du1=-0.0104 pin1=0.005 a1=[-0.027 -0.003 0.011 -0.000 0.003]
INFO  [mc_indi_tiltrotor] T0dbg1 G0=[-0.257 0.227 0.017 0.170 -0.985] nu_des=[0.01 0.08 -0.03 -3.22 0.03]
INFO  [mc_indi_tiltrotor] T0dbg2 Ws34=[0.1 20.0] Wu0=1.0 du0=0.0126 dmin0=-18.8533 dmax0=26.1467
INFO  [mc_indi_tiltrotor] T2dbg1 G2=[-0.000 -0.650 0.060 0.001 -1.000] G5=[-0.755 -0.875 -0.001 12.579 0.008]
INFO  [mc_indi_tiltrotor] T2dbg2 Wu25=[1.0 1000000.0] du25=[-0.0906 -0.0007] dmax25=[32.4208 0.0120] nu_yaw=-0.029
INFO  [mc_indi_tiltrotor] WRdbg0 Wu0=1 lo0=-18.85 du0=0.0126 pin0=-0.000 a0=[-0.019 0.042 0.002 -0.000 -0.012]
INFO  [mc_indi_tiltrotor] WRdbg1 Wu1=1 lo1=-19.16 du1=0.0554 pin1=-0.001 a1=[0.018 0.042 0.009 -0.001 -0.012]
INFO  [mc_indi_tiltrotor] YWdbg nu2=-0.023 ach2=-0.019 r=0.04 wsp2=-0.04 ddelta=[0.0034 -0.0003 -0.0003]
INFO  [mc_indi_tiltrotor] T0dbg1 G0=[-0.257 0.227 0.016 0.174 -0.985] nu_des=[-0.00 0.01 0.00 -2.21 -0.00]
INFO  [mc_indi_tiltrotor] T0dbg2 Ws34=[0.1 20.0] Wu0=1.0 du0=0.0079 dmin0=-18.8020 dmax0=26.1980
INFO  [mc_indi_tiltrotor] T2dbg1 G2=[-0.000 -0.650 0.060 0.000 -1.000] G5=[-0.750 -0.874 -0.000 12.493 0.000]
INFO  [mc_indi_tiltrotor] T2dbg2 Wu25=[1.0 1000000.0] du25=[-0.0164 -0.0000] dmax25=[32.5067 0.0120] nu_yaw=0.005
INFO  [mc_indi_tiltrotor] WRdbg0 Wu0=1 lo0=-18.80 du0=0.0079 pin0=-0.000 a0=[0.001 0.007 -0.000 -0.000 0.000]
INFO  [mc_indi_tiltrotor] WRdbg1 Wu1=1 lo1=-19.36 du1=0.0045 pin1=-0.000 a1=[-0.001 0.007 -0.001 -0.001 0.000]
INFO  [mc_indi_tiltrotor] T0dbg1 G0=[-0.256 0.227 0.018 0.164 -0.986] nu_des=[-0.00 -0.01 0.03 -1.00 0.00]
INFO  [mc_indi_tiltrotor] T0dbg2 Ws34=[0.1 20.0] Wu0=1.0 du0=-0.0035 dmin0=-18.8168 dmax0=26.1832
INFO  [mc_indi_tiltrotor] T2dbg1 G2=[-0.000 -0.650 0.060 0.000 -1.000] G5=[-0.755 -0.881 -0.000 12.588 0.000]
INFO  [mc_indi_tiltrotor] T2dbg2 Wu25=[1.0 9.0] du25=[0.0037 0.0002] dmax25=[32.4118 0.0120] nu_yaw=0.031
INFO  [mc_indi_tiltrotor] WRdbg0 Wu0=1 lo0=-18.82 du0=-0.0035 pin0=-0.000 a0=[0.006 -0.006 -0.001 0.000 -0.002]
INFO  [mc_indi_tiltrotor] WRdbg1 Wu1=1 lo1=-19.35 du1=-0.0232 pin1=0.000 a1=[-0.005 -0.006 -0.009 -0.001 -0.002]
INFO  [mc_indi_tiltrotor] YWdbg nu2=0.019 ach2=0.019 r=-0.05 wsp2=-0.02 ddelta=[-0.0039 -0.0005 0.0003]
INFO  [mc_indi_tiltrotor] T0dbg1 G0=[-0.256 0.227 0.021 0.154 -0.988] nu_des=[0.01 0.01 0.01 0.15 -0.00]
INFO  [mc_indi_tiltrotor] T0dbg2 Ws34=[0.1 20.0] Wu0=1.0 du0=-0.0020 dmin0=-18.8749 dmax0=26.1251
INFO  [mc_indi_tiltrotor] T2dbg1 G2=[-0.000 -0.650 0.060 0.000 -1.000] G5=[-0.761 -0.886 -0.000 12.690 0.003]
INFO  [mc_indi_tiltrotor] T2dbg2 Wu25=[1.0 9.0] du25=[-0.0014 -0.0002] dmax25=[32.3097 0.0120] nu_yaw=0.012
INFO  [mc_indi_tiltrotor] WRdbg0 Wu0=1 lo0=-18.87 du0=-0.0020 pin0=0.000 a0=[-0.009 0.004 0.001 0.001 0.001]
INFO  [mc_indi_tiltrotor] WRdbg1 Wu1=1 lo1=-19.37 du1=0.0072 pin1=0.000 a1=[0.009 0.002 -0.005 -0.000 0.001]
INFO  [mc_indi_tiltrotor] T0dbg1 G0=[-0.256 0.227 0.020 0.158 -0.987] nu_des=[0.01 0.01 0.01 0.95 0.06]
INFO  [mc_indi_tiltrotor] T0dbg2 Ws34=[0.1 20.0] Wu0=1.0 du0=-0.0119 dmin0=-18.7578 dmax0=26.2422
INFO  [mc_indi_tiltrotor] T2dbg1 G2=[-0.000 -0.650 0.060 0.001 -1.000] G5=[-0.762 -0.883 -0.001 12.703 0.010]
INFO  [mc_indi_tiltrotor] T2dbg2 Wu25=[1.0 9.0] du25=[-0.0132 0.0003] dmax25=[32.2974 0.0120] nu_yaw=0.013
INFO  [mc_indi_tiltrotor] WRdbg0 Wu0=1 lo0=-18.76 du0=-0.0119 pin0=0.000 a0=[-0.009 0.009 0.001 0.004 -0.018]
INFO  [mc_indi_tiltrotor] WRdbg1 Wu1=1 lo1=-19.26 du1=-0.0145 pin1=0.000 a1=[0.009 0.006 -0.005 -0.002 -0.022]
INFO  [mc_indi_tiltrotor] YWdbg nu2=-0.004 ach2=-0.004 r=0.01 wsp2=0.04 ddelta=[0.0054 0.0046 0.0000]
INFO  [mc_indi_tiltrotor] T0dbg1 G0=[-0.257 0.227 0.015 0.177 -0.984] nu_des=[0.00 -0.21 -0.02 1.38 0.12]
INFO  [mc_indi_tiltrotor] T0dbg2 Ws34=[0.1 20.0] Wu0=1.0 du0=-0.1887 dmin0=-18.7026 dmax0=26.2974
INFO  [mc_indi_tiltrotor] T2dbg1 G2=[-0.000 -0.650 0.060 0.002 -1.000] G5=[-0.764 -0.873 -0.002 12.730 0.028]
INFO  [mc_indi_tiltrotor] T2dbg2 Wu25=[1.0 9.0] du25=[0.1937 0.0040] dmax25=[32.2703 0.0120] nu_yaw=-0.017
INFO  [mc_indi_tiltrotor] WRdbg0 Wu0=1 lo0=-18.70 du0=-0.1887 pin0=0.000 a0=[-0.005 -0.153 -0.001 0.008 -0.036]
INFO  [mc_indi_tiltrotor] WRdbg1 Wu1=1 lo1=-19.13 du1=-0.1343 pin1=0.000 a1=[0.006 -0.097 0.006 -0.002 -0.047]
INFO  [mc_indi_tiltrotor] T0dbg1 G0=[-0.257 0.228 0.008 0.203 -0.979] nu_des=[0.01 0.23 0.00 1.47 0.17]
INFO  [mc_indi_tiltrotor] T0dbg2 Ws34=[0.1 20.0] Wu0=1.0 du0=0.0791 dmin0=-18.6751 dmax0=26.3249
INFO  [mc_indi_tiltrotor] T2dbg1 G2=[-0.000 -0.650 0.060 0.003 -1.000] G5=[-0.756 -0.857 -0.002 12.604 0.038]
INFO  [mc_indi_tiltrotor] T2dbg2 Wu25=[1.0 1000000.0] du25=[-0.2761 -0.0030] dmax25=[32.3958 0.0120] nu_yaw=0.003
INFO  [mc_indi_tiltrotor] WRdbg0 Wu0=1 lo0=-18.68 du0=0.0791 pin0=0.034 a0=[-0.023 0.133 0.000 0.000 -0.065]
INFO  [mc_indi_tiltrotor] WRdbg1 Wu1=1 lo1=-19.09 du1=0.0808 pin1=-0.011 a1=[0.022 0.135 -0.000 0.000 -0.066]
INFO  [mc_indi_tiltrotor] YWdbg nu2=0.017 ach2=-0.002 r=0.02 wsp2=0.02 ddelta=[0.0120 0.0120 -0.0006]
INFO  [mc_indi_tiltrotor] T0dbg1 G0=[-0.257 0.228 -0.000 0.234 -0.972] nu_des=[0.01 0.03 0.02 1.33 0.08]
INFO  [mc_indi_tiltrotor] T0dbg2 Ws34=[0.1 20.0] Wu0=1.0 du0=-0.0036 dmin0=-18.6324 dmax0=26.3676
INFO  [mc_indi_tiltrotor] T2dbg1 G2=[-0.000 -0.650 0.060 0.003 -1.000] G5=[-0.731 -0.828 -0.002 12.175 0.037]
INFO  [mc_indi_tiltrotor] T2dbg2 Wu25=[1.0 8.9] du25=[-0.0274 -0.0001] dmax25=[32.8249 0.0120] nu_yaw=0.018
INFO  [mc_indi_tiltrotor] WRdbg0 Wu0=1 lo0=-18.63 du0=-0.0036 pin0=0.000 a0=[-0.015 0.019 0.000 0.010 -0.017]
INFO  [mc_indi_tiltrotor] WRdbg1 Wu1=1 lo1=-18.94 du1=0.0031 pin1=0.000 a1=[0.019 0.015 -0.005 0.002 -0.028]
INFO  [mc_indi_tiltrotor] T0dbg1 G0=[-0.257 0.228 -0.008 0.264 -0.965] nu_des=[0.01 0.00 0.02 1.21 0.15]
INFO  [mc_indi_tiltrotor] T0dbg2 Ws34=[0.1 20.0] Wu0=1.0 du0=-0.0280 dmin0=-18.5544 dmax0=26.4456
INFO  [mc_indi_tiltrotor] T2dbg1 G2=[-0.000 -0.650 0.060 0.003 -1.000] G5=[-0.717 -0.813 -0.002 11.951 0.037]
INFO  [mc_indi_tiltrotor] T2dbg2 Wu25=[1.0 8.9] du25=[-0.0174 0.0005] dmax25=[33.0490 0.0120] nu_yaw=0.015
INFO  [mc_indi_tiltrotor] WRdbg0 Wu0=1 lo0=-18.55 du0=-0.0280 pin0=0.042 a0=[-0.013 0.003 -0.006 0.000 -0.053]
INFO  [mc_indi_tiltrotor] WRdbg1 Wu1=1 lo1=-18.74 du1=-0.0317 pin1=0.011 a1=[0.012 0.003 -0.005 0.001 -0.054]
INFO  [mc_indi_tiltrotor] YWdbg nu2=0.009 ach2=0.008 r=0.01 wsp2=0.02 ddelta=[0.0093 0.0120 -0.0007]
INFO  [mc_indi_tiltrotor] T0dbg1 G0=[-0.257 0.228 -0.017 0.299 -0.954] nu_des=[0.01 0.06 0.01 0.92 0.23]
INFO  [mc_indi_tiltrotor] T0dbg2 Ws34=[0.1 20.0] Wu0=1.0 du0=-0.0103 dmin0=-18.4652 dmax0=26.5348
INFO  [mc_indi_tiltrotor] T2dbg1 G2=[-0.000 -0.650 0.060 0.003 -1.000] G5=[-0.695 -0.789 -0.002 11.581 0.033]
INFO  [mc_indi_tiltrotor] T2dbg2 Wu25=[1.0 8.9] du25=[-0.0966 -0.0006] dmax25=[33.4189 0.0120] nu_yaw=0.009
INFO  [mc_indi_tiltrotor] WRdbg0 Wu0=1 lo0=-18.47 du0=-0.0103 pin0=0.052 a0=[-0.010 0.035 0.000 -0.000 -0.088]
INFO  [mc_indi_tiltrotor] WRdbg1 Wu1=1 lo1=-18.56 du1=-0.0244 pin1=0.021 a1=[0.009 0.032 -0.000 0.001 -0.087]
INFO  [mc_indi_tiltrotor] T0dbg1 G0=[-0.256 0.227 -0.027 0.334 -0.943] nu_des=[0.01 0.14 -0.02 -0.23 0.25]
INFO  [mc_indi_tiltrotor] T0dbg2 Ws34=[0.1 20.0] Wu0=1.0 du0=0.0378 dmin0=-18.0694 dmax0=26.9306
INFO  [mc_indi_tiltrotor] T2dbg1 G2=[-0.000 -0.650 0.060 0.003 -1.000] G5=[-0.701 -0.791 -0.002 11.683 0.041]
INFO  [mc_indi_tiltrotor] T2dbg2 Wu25=[1.0 8.8] du25=[-0.1965 -0.0026] dmax25=[33.3168 0.0120] nu_yaw=-0.020
INFO  [mc_indi_tiltrotor] WRdbg0 Wu0=1 lo0=-18.07 du0=0.0378 pin0=0.000 a0=[-0.009 0.067 0.002 -0.002 -0.020]
INFO  [mc_indi_tiltrotor] WRdbg1 Wu1=1 lo1=-18.08 du1=0.0244 pin1=0.000 a1=[0.013 0.069 0.000 -0.001 -0.057]
INFO  [mc_indi_tiltrotor] YWdbg nu2=-0.012 ach2=-0.010 r=0.01 wsp2=0.00 ddelta=[0.0064 0.0087 -0.0035]
INFO  [mc_indi_tiltrotor] T0dbg1 G0=[-0.255 0.227 -0.036 0.366 -0.930] nu_des=[0.01 -0.08 -0.00 -0.37 0.21]
INFO  [mc_indi_tiltrotor] T0dbg2 Ws34=[0.1 20.0] Wu0=1.0 du0=-0.0792 dmin0=-18.0444 dmax0=26.9556
INFO  [mc_indi_tiltrotor] T2dbg1 G2=[-0.000 -0.650 0.060 0.003 -1.000] G5=[-0.669 -0.757 -0.002 11.153 0.036]
INFO  [mc_indi_tiltrotor] T2dbg2 Wu25=[1.0 8.8] du25=[0.0631 0.0013] dmax25=[33.8467 0.0120] nu_yaw=-0.002
INFO  [mc_indi_tiltrotor] WRdbg0 Wu0=1 lo0=-18.04 du0=-0.0792 pin0=0.068 a0=[-0.014 -0.050 -0.000 0.000 -0.083]
INFO  [mc_indi_tiltrotor] WRdbg1 Wu1=1 lo1=-17.94 du1=-0.0766 pin1=0.037 a1=[0.013 -0.045 0.000 -0.000 -0.082]
INFO  [mc_indi_tiltrotor] T0dbg1 G0=[-0.253 0.226 -0.045 0.400 -0.917] nu_des=[0.01 0.16 -0.03 -0.09 0.27]
INFO  [mc_indi_tiltrotor] T0dbg2 Ws34=[0.1 20.0] Wu0=1.0 du0=0.0402 dmin0=-17.3689 dmax0=27.6311
INFO  [mc_indi_tiltrotor] T2dbg1 G2=[-0.000 -0.650 0.060 0.004 -1.000] G5=[-0.676 -0.759 -0.003 11.272 0.046]
INFO  [mc_indi_tiltrotor] T2dbg2 Wu25=[1.0 8.7] du25=[-0.2244 -0.0030] dmax25=[33.7282 0.0120] nu_yaw=-0.026
INFO  [mc_indi_tiltrotor] WRdbg0 Wu0=1 lo0=-17.37 du0=0.0402 pin0=0.000 a0=[-0.011 0.056 0.005 -0.001 -0.010]
INFO  [mc_indi_tiltrotor] WRdbg1 Wu1=1 lo1=-17.19 du1=0.0325 pin1=0.000 a1=[0.014 0.068 -0.004 -0.000 -0.046]
INFO  [mc_indi_tiltrotor] YWdbg nu2=-0.009 ach2=-0.007 r=0.01 wsp2=-0.02 ddelta=[0.0048 0.0084 -0.0040]
INFO  [mc_indi_tiltrotor] T0dbg1 G0=[-0.252 0.224 -0.053 0.429 -0.903] nu_des=[0.00 0.06 -0.01 -0.36 0.24]
INFO  [mc_indi_tiltrotor] T0dbg2 Ws34=[0.1 20.0] Wu0=1.0 du0=0.0058 dmin0=-16.9663 dmax0=28.0337
INFO  [mc_indi_tiltrotor] T2dbg1 G2=[-0.000 -0.650 0.060 0.004 -1.000] G5=[-0.656 -0.739 -0.002 10.932 0.040]
INFO  [mc_indi_tiltrotor] T2dbg2 Wu25=[1.0 8.7] du25=[-0.1030 -0.0011] dmax25=[34.0682 0.0120] nu_yaw=-0.007
INFO  [mc_indi_tiltrotor] WRdbg0 Wu0=1 lo0=-16.97 du0=0.0058 pin0=0.000 a0=[-0.006 0.018 0.002 -0.002 -0.006]
INFO  [mc_indi_tiltrotor] WRdbg1 Wu1=1 lo1=-16.74 du1=-0.0081 pin1=0.000 a1=[0.008 0.024 -0.001 -0.002 -0.036]
INFO  [mc_indi_tiltrotor] T0dbg1 G0=[-0.250 0.223 -0.062 0.459 -0.888] nu_des=[0.01 -0.22 -0.02 -0.66 0.35]
INFO  [mc_indi_tiltrotor] T0dbg2 Ws34=[0.1 20.0] Wu0=1.0 du0=-0.2125 dmin0=-16.0552 dmax0=28.9448
INFO  [mc_indi_tiltrotor] T2dbg1 G2=[-0.000 -0.650 0.060 0.004 -1.000] G5=[-0.654 -0.736 -0.002 10.892 0.040]
INFO  [mc_indi_tiltrotor] T2dbg2 Wu25=[1.0 8.6] du25=[0.1793 0.0036] dmax25=[34.1076 0.0120] nu_yaw=-0.017
INFO  [mc_indi_tiltrotor] WRdbg0 Wu0=1 lo0=-16.06 du0=-0.2125 pin0=0.082 a0=[-0.014 -0.141 0.000 0.000 -0.139]
INFO  [mc_indi_tiltrotor] WRdbg1 Wu1=1 lo1=-15.76 du1=-0.1968 pin1=0.053 a1=[0.013 -0.128 -0.000 -0.000 -0.135]
INFO  [mc_indi_tiltrotor] YWdbg nu2=-0.016 ach2=0.009 r=0.01 wsp2=-0.03 ddelta=[0.0120 0.0120 0.0017]
INFO  [mc_indi_tiltrotor] T0dbg1 G0=[-0.247 0.221 -0.070 0.488 -0.873] nu_des=[-0.00 -0.11 -0.02 -0.70 0.37]
INFO  [mc_indi_tiltrotor] T0dbg2 Ws34=[0.1 20.0] Wu0=1.0 du0=-0.1346 dmin0=-15.0179 dmax0=29.9821
INFO  [mc_indi_tiltrotor] T2dbg1 G2=[-0.000 -0.650 0.060 0.004 -1.000] G5=[-0.661 -0.744 -0.002 11.017 0.041]
INFO  [mc_indi_tiltrotor] T2dbg2 Wu25=[1.0 8.6] du25=[0.0510 0.0022] dmax25=[33.9834 0.0120] nu_yaw=-0.019
INFO  [mc_indi_tiltrotor] WRdbg0 Wu0=1 lo0=-15.02 du0=-0.1346 pin0=0.084 a0=[0.005 -0.074 0.000 0.000 -0.150]
INFO  [mc_indi_tiltrotor] WRdbg1 Wu1=1 lo1=-14.68 du1=-0.1593 pin1=0.056 a1=[-0.004 -0.066 -0.000 -0.000 -0.144]
INFO  [mc_indi_tiltrotor] T0dbg1 G0=[-0.245 0.219 -0.078 0.517 -0.856] nu_des=[0.00 0.31 -0.02 -0.56 0.27]
INFO  [mc_indi_tiltrotor] T0dbg2 Ws34=[0.1 20.0] Wu0=1.0 du0=0.0659 dmin0=-13.9598 dmax0=31.0402
INFO  [mc_indi_tiltrotor] T2dbg1 G2=[-0.000 -0.650 0.060 0.004 -1.000] G5=[-0.649 -0.731 -0.002 10.815 0.040]
INFO  [mc_indi_tiltrotor] T2dbg2 Wu25=[1.0 1000000.0] du25=[-0.4176 -0.0037] dmax25=[34.1846 0.0120] nu_yaw=-0.024
INFO  [mc_indi_tiltrotor] WRdbg0 Wu0=1 lo0=-13.96 du0=0.0659 pin0=0.003 a0=[-0.007 0.068 0.009 -0.003 -0.005]
INFO  [mc_indi_tiltrotor] WRdbg1 Wu1=1 lo1=-13.55 du1=0.0790 pin1=-0.006 a1=[0.009 0.120 -0.010 -0.002 -0.032]
INFO  [mc_indi_tiltrotor] YWdbg nu2=-0.022 ach2=0.007 r=0.01 wsp2=-0.04 ddelta=[0.0120 0.0120 0.0008]
INFO  [mc_indi_tiltrotor] T0dbg1 G0=[-0.243 0.217 -0.085 0.543 -0.840] nu_des=[-0.00 0.14 -0.02 -0.33 0.28]
INFO  [mc_indi_tiltrotor] T0dbg2 Ws34=[0.1 20.0] Wu0=1.0 du0=0.0329 dmin0=-13.0077 dmax0=31.9923
INFO  [mc_indi_tiltrotor] T2dbg1 G2=[-0.000 -0.650 0.060 0.004 -1.000] G5=[-0.665 -0.746 -0.003 11.081 0.046]
INFO  [mc_indi_tiltrotor] T2dbg2 Wu25=[1.0 8.5] du25=[-0.2119 -0.0024] dmax25=[33.9189 0.0120] nu_yaw=-0.021
INFO  [mc_indi_tiltrotor] WRdbg0 Wu0=1 lo0=-13.01 du0=0.0329 pin0=0.000 a0=[0.000 0.031 0.009 -0.002 -0.005]
INFO  [mc_indi_tiltrotor] WRdbg1 Wu1=1 lo1=-12.57 du1=0.0046 pin1=0.000 a1=[-0.000 0.048 -0.009 -0.001 -0.032]
INFO  [mc_indi_tiltrotor] T0dbg1 G0=[-0.240 0.215 -0.092 0.567 -0.824] nu_des=[0.01 -0.14 -0.02 -0.03 0.28]
INFO  [mc_indi_tiltrotor] T0dbg2 Ws34=[0.1 20.0] Wu0=1.0 du0=-0.1419 dmin0=-12.1350 dmax0=32.8650
INFO  [mc_indi_tiltrotor] T2dbg1 G2=[-0.000 -0.650 0.060 0.004 -1.000] G5=[-0.670 -0.752 -0.003 11.166 0.045]
INFO  [mc_indi_tiltrotor] T2dbg2 Wu25=[1.0 8.4] du25=[0.0902 0.0018] dmax25=[33.8343 0.0120] nu_yaw=-0.023
INFO  [mc_indi_tiltrotor] WRdbg0 Wu0=1 lo0=-12.13 du0=-0.1419 pin0=0.085 a0=[-0.014 -0.091 0.000 0.000 -0.122]
INFO  [mc_indi_tiltrotor] WRdbg1 Wu1=1 lo1=-11.65 du1=-0.1265 pin1=0.058 a1=[0.012 -0.081 -0.001 -0.000 -0.115]
INFO  [mc_indi_tiltrotor] YWdbg nu2=-0.016 ach2=0.006 r=0.01 wsp2=-0.05 ddelta=[0.0120 0.0120 0.0010]
INFO  [mc_indi_tiltrotor] T0dbg1 G0=[-0.237 0.213 -0.100 0.593 -0.805] nu_des=[0.01 -0.09 -0.03 0.57 0.35]
INFO  [mc_indi_tiltrotor] T0dbg2 Ws34=[0.1 20.0] Wu0=1.0 du0=-0.1476 dmin0=-11.0085 dmax0=33.9915
INFO  [mc_indi_tiltrotor] T2dbg1 G2=[-0.000 -0.650 0.060 0.004 -1.000] G5=[-0.664 -0.745 -0.003 11.075 0.047]
INFO  [mc_indi_tiltrotor] T2dbg2 Wu25=[1.0 8.4] du25=[0.0210 0.0012] dmax25=[33.9254 0.0120] nu_yaw=-0.030
INFO  [mc_indi_tiltrotor] WRdbg0 Wu0=1 lo0=-11.01 du0=-0.1476 pin0=0.082 a0=[-0.014 -0.063 0.000 -0.000 -0.153]
INFO  [mc_indi_tiltrotor] WRdbg1 Wu1=1 lo1=-10.51 du1=-0.1316 pin1=0.056 a1=[0.012 -0.056 -0.001 0.000 -0.144]
INFO  [mc_indi_tiltrotor] T0dbg1 G0=[-0.235 0.211 -0.105 0.611 -0.792] nu_des=[-0.01 2.64 -0.12 0.95 1.25]
INFO  [mc_indi_tiltrotor] T0dbg2 Ws34=[0.1 20.0] Wu0=1.0 du0=1.1809 dmin0=-10.3494 dmax0=34.6506
INFO  [mc_indi_tiltrotor] T2dbg1 G2=[-0.000 -0.650 0.060 0.006 -1.000] G5=[-0.688 -0.757 -0.004 11.469 0.071]
INFO  [mc_indi_tiltrotor] T2dbg2 Wu25=[1.0 1000000.0] du25=[-3.2766 -0.0062] dmax25=[33.5304 0.0120] nu_yaw=-0.121
INFO  [mc_indi_tiltrotor] WRdbg0 Wu0=1 lo0=-10.35 du0=1.1809 pin0=-0.075 a0=[0.015 1.793 0.000 0.000 -0.552]
INFO  [mc_indi_tiltrotor] WRdbg1 Wu1=1 lo1=-9.76 du1=1.0873 pin1=-0.067 a1=[-0.013 1.689 -0.000 0.000 -0.522]
INFO  [mc_indi_tiltrotor] YWdbg nu2=-0.112 ach2=0.005 r=0.02 wsp2=-0.06 ddelta=[0.0120 0.0120 0.0031]
INFO  [mc_indi_tiltrotor] T0dbg1 G0=[-0.234 0.210 -0.106 0.615 -0.789] nu_des=[-0.01 5.04 -0.15 -1.36 2.52]
INFO  [mc_indi_tiltrotor] T0dbg2 Ws34=[0.1 20.0] Wu0=1.0 du0=2.2575 dmin0=-12.3739 dmax0=32.6261
INFO  [mc_indi_tiltrotor] T2dbg1 G2=[-0.001 -0.651 0.060 0.009 -1.000] G5=[-0.828 -0.882 -0.008 13.804 0.130]
INFO  [mc_indi_tiltrotor] T2dbg2 Wu25=[1.0 1000000.0] du25=[-6.2635 -0.0094] dmax25=[31.1955 0.0120] nu_yaw=-0.153
INFO  [mc_indi_tiltrotor] WRdbg0 Wu0=1 lo0=-12.37 du0=2.2575 pin0=-0.087 a0=[0.029 3.429 0.000 -0.000 -1.114]
INFO  [mc_indi_tiltrotor] WRdbg1 Wu1=1 lo1=-11.61 du1=2.0581 pin1=-0.089 a1=[-0.027 3.227 -0.000 -0.000 -1.054]
INFO  [mc_indi_tiltrotor] T0dbg1 G0=[-0.234 0.210 -0.107 0.617 -0.787] nu_des=[-0.00 -3.18 0.10 -2.02 2.03]
INFO  [mc_indi_tiltrotor] T0dbg2 Ws34=[0.1 20.0] Wu0=1.0 du0=-2.9745 dmin0=-12.8472 dmax0=32.1528
INFO  [mc_indi_tiltrotor] T2dbg1 G2=[-0.001 -0.651 0.060 0.009 -1.000] G5=[-0.675 -0.720 -0.006 11.253 0.105]
INFO  [mc_indi_tiltrotor] T2dbg2 Wu25=[1.0 1000000.0] du25=[2.9263 0.0120] dmax25=[33.7470 0.0120] nu_yaw=0.097
INFO  [mc_indi_tiltrotor] WRdbg0 Wu0=1 lo0=-12.85 du0=-2.9745 pin0=0.091 a0=[0.008 -2.173 -0.000 -0.000 -0.901]
INFO  [mc_indi_tiltrotor] WRdbg1 Wu1=1 lo1=-12.09 du1=-2.8169 pin1=0.094 a1=[-0.008 -2.049 0.000 -0.000 -0.854]
INFO  [mc_indi_tiltrotor] YWdbg nu2=-0.220 ach2=-0.428 r=0.02 wsp2=-0.08 ddelta=[-0.0120 -0.0120 -0.0107]
INFO  [mc_indi_tiltrotor] T0dbg1 G0=[-0.233 0.209 -0.109 0.624 -0.781] nu_des=[0.00 1.12 -0.13 4.99 2.46]
INFO  [mc_indi_tiltrotor] T0dbg2 Ws34=[0.1 20.0] Wu0=1.0 du0=-0.2652 dmin0=-6.2300 dmax0=36.0000
INFO  [mc_indi_tiltrotor] T2dbg1 G2=[-0.001 -0.651 0.060 0.012 -1.000] G5=[-0.990 -1.029 -0.012 16.502 0.195]
INFO  [mc_indi_tiltrotor] T2dbg2 Wu25=[1.0 1000000.0] du25=[-1.9097 -0.0118] dmax25=[28.4973 0.0120] nu_yaw=-0.127
INFO  [mc_indi_tiltrotor] WRdbg0 Wu0=1 lo0=-6.23 du0=-0.2652 pin0=0.066 a0=[-0.008 0.772 0.000 0.000 -1.096]
INFO  [mc_indi_tiltrotor] WRdbg1 Wu1=1 lo1=-5.77 du1=-0.3018 pin1=0.003 a1=[0.007 0.727 -0.000 0.000 -1.039]
INFO  [mc_indi_tiltrotor] T0dbg1 G0=[-0.232 0.209 -0.110 0.628 -0.778] nu_des=[0.00 3.42 -0.07 1.55 2.87]
INFO  [mc_indi_tiltrotor] T0dbg2 Ws34=[0.1 20.0] Wu0=1.0 du0=1.0288 dmin0=-9.3375 dmax0=35.6625
INFO  [mc_indi_tiltrotor] T2dbg1 G2=[-0.001 -0.651 0.060 0.010 -1.000] G5=[-0.650 -0.690 -0.006 10.840 0.106]
INFO  [mc_indi_tiltrotor] T2dbg2 Wu25=[1.0 1000000.0] du25=[-4.5685 -0.0098] dmax25=[34.1593 0.0120] nu_yaw=-0.072
INFO  [mc_indi_tiltrotor] WRdbg0 Wu0=1 lo0=-9.34 du0=1.0288 pin0=-0.046 a0=[-0.005 2.363 0.000 0.000 -1.283]
INFO  [mc_indi_tiltrotor] WRdbg1 Wu1=1 lo1=-8.69 du1=1.0299 pin1=0.014 a1=[0.005 2.229 -0.000 0.000 -1.217]
INFO  [mc_indi_tiltrotor] YWdbg nu2=-0.021 ach2=0.213 r=0.00 wsp2=-0.10 ddelta=[0.0120 0.0120 0.0120]
INFO  [mc_indi_tiltrotor] T0dbg1 G0=[-0.232 0.208 -0.112 0.632 -0.775] nu_des=[-0.00 -4.59 0.12 1.88 2.28]
INFO  [mc_indi_tiltrotor] T0dbg2 Ws34=[0.1 20.0] Wu0=1.0 du0=-4.1334 dmin0=-8.9513 dmax0=36.0000
INFO  [mc_indi_tiltrotor] T2dbg1 G2=[-0.001 -0.651 0.060 0.010 -1.000] G5=[-0.673 -0.712 -0.007 11.211 0.112]
INFO  [mc_indi_tiltrotor] T2dbg2 Wu25=[1.0 1000000.0] du25=[4.3773 0.0120] dmax25=[33.7887 0.0120] nu_yaw=0.117
INFO  [mc_indi_tiltrotor] WRdbg0 Wu0=1 lo0=-8.95 du0=-4.1334 pin0=0.063 a0=[0.011 -3.182 -0.000 0.000 -1.025]
INFO  [mc_indi_tiltrotor] WRdbg1 Wu1=1 lo1=-8.30 du1=-3.9107 pin1=0.076 a1=[-0.010 -3.004 0.000 0.000 -0.974]
INFO  [mc_indi_tiltrotor] T0dbg1 G0=[-0.231 0.208 -0.113 0.638 -0.770] nu_des=[0.00 -1.74 -0.06 5.57 3.11]
INFO  [mc_indi_tiltrotor] T0dbg2 Ws34=[0.1 20.0] Wu0=1.0 du0=-2.5943 dmin0=-5.5191 dmax0=36.0000
INFO  [mc_indi_tiltrotor] T2dbg1 G2=[-0.001 -0.651 0.060 0.012 -1.000] G5=[-0.993 -1.034 -0.011 16.546 0.190]
INFO  [mc_indi_tiltrotor] T2dbg2 Wu25=[1.0 1000000.0] du25=[1.0011 0.0120] dmax25=[28.4530 0.0120] nu_yaw=-0.060
INFO  [mc_indi_tiltrotor] WRdbg0 Wu0=1 lo0=-5.52 du0=-2.5943 pin0=0.030 a0=[-0.007 -1.211 0.000 0.000 -1.406]
INFO  [mc_indi_tiltrotor] WRdbg1 Wu1=1 lo1=-5.08 du1=-2.4046 pin1=0.067 a1=[0.007 -1.143 -0.000 0.000 -1.336]
INFO  [mc_indi_tiltrotor] YWdbg nu2=-0.222 ach2=-0.500 r=0.02 wsp2=-0.12 ddelta=[-0.0120 -0.0120 -0.0108]
INFO  [mc_indi_tiltrotor] T0dbg1 G0=[-0.230 0.207 -0.115 0.643 -0.766] nu_des=[0.01 5.09 -0.21 4.42 2.23]
INFO  [mc_indi_tiltrotor] T0dbg2 Ws34=[0.1 20.0] Wu0=1.0 du0=2.4940 dmin0=-6.4899 dmax0=36.0000
INFO  [mc_indi_tiltrotor] T2dbg1 G2=[-0.001 -0.651 0.060 0.011 -1.000] G5=[-0.795 -0.836 -0.008 13.250 0.141]
INFO  [mc_indi_tiltrotor] T2dbg2 Wu25=[1.0 1000000.0] du25=[-6.2042 -0.0107] dmax25=[31.7491 0.0120] nu_yaw=-0.206
INFO  [mc_indi_tiltrotor] WRdbg0 Wu0=1 lo0=-6.49 du0=2.4940 pin0=-0.044 a0=[-0.015 3.562 0.000 0.000 -1.010]
INFO  [mc_indi_tiltrotor] WRdbg1 Wu1=1 lo1=-6.02 du1=2.3534 pin1=-0.065 a1=[0.013 3.365 -0.000 0.000 -0.960]
INFO  [mc_indi_tiltrotor] T0dbg1 G0=[-0.230 0.207 -0.116 0.646 -0.763] nu_des=[0.00 -1.66 0.04 1.29 2.24]
INFO  [mc_indi_tiltrotor] T0dbg2 Ws34=[0.1 20.0] Wu0=1.0 du0=-2.1289 dmin0=-9.1925 dmax0=35.8075
INFO  [mc_indi_tiltrotor] T2dbg1 G2=[-0.001 -0.651 0.060 0.009 -1.000] G5=[-0.530 -0.565 -0.005 8.826 0.082]
INFO  [mc_indi_tiltrotor] T2dbg2 Wu25=[1.0 1000000.0] du25=[1.1773 0.0120] dmax25=[36.0000 0.0120] nu_yaw=0.043
INFO  [mc_indi_tiltrotor] WRdbg0 Wu0=1 lo0=-9.19 du0=-2.1289 pin0=0.070 a0=[-0.008 -1.169 -0.000 0.000 -1.022]
INFO  [mc_indi_tiltrotor] WRdbg1 Wu1=1 lo1=-8.51 du1=-1.9935 pin1=0.077 a1=[0.008 -1.106 0.000 0.000 -0.973]
INFO  [mc_indi_tiltrotor] YWdbg nu2=0.053 ach2=0.380 r=0.00 wsp2=-0.14 ddelta=[0.0120 0.0120 0.0120]
INFO  [mc_indi_tiltrotor] T0dbg1 G0=[-0.229 0.206 -0.117 0.650 -0.760] nu_des=[0.00 -5.09 0.08 3.12 2.69]
INFO  [mc_indi_tiltrotor] T0dbg2 Ws34=[0.1 20.0] Wu0=1.0 du0=-4.7716 dmin0=-7.4974 dmax0=36.0000
INFO  [mc_indi_tiltrotor] T2dbg1 G2=[-0.001 -0.651 0.060 0.011 -1.000] G5=[-0.762 -0.802 -0.008 12.703 0.134]
INFO  [mc_indi_tiltrotor] T2dbg2 Wu25=[1.0 1000000.0] du25=[4.7766 0.0120] dmax25=[32.2959 0.0120] nu_yaw=0.084
INFO  [mc_indi_tiltrotor] WRdbg0 Wu0=1 lo0=-7.50 du0=-4.7716 pin0=0.053 a0=[-0.002 -3.591 -0.000 0.000 -1.231]
INFO  [mc_indi_tiltrotor] WRdbg1 Wu1=1 lo1=-6.93 du1=-4.4948 pin1=0.075 a1=[0.002 -3.400 0.000 0.000 -1.173]
INFO  [mc_indi_tiltrotor] T0dbg1 G0=[-0.228 0.206 -0.118 0.655 -0.756] nu_des=[0.01 0.28 -0.15 5.95 2.51]
INFO  [mc_indi_tiltrotor] T0dbg2 Ws34=[0.1 20.0] Wu0=1.0 du0=-0.9310 dmin0=-4.9817 dmax0=36.0000
INFO  [mc_indi_tiltrotor] T2dbg1 G2=[-0.001 -0.651 0.060 0.012 -1.000] G5=[-0.979 -1.016 -0.012 16.315 0.193]
INFO  [mc_indi_tiltrotor] T2dbg2 Wu25=[1.0 8.1] du25=[-1.0276 -0.0007] dmax25=[28.6842 0.0120] nu_yaw=-0.150
INFO  [mc_indi_tiltrotor] WRdbg0 Wu0=1 lo0=-4.98 du0=-0.9310 pin0=0.044 a0=[-0.020 0.210 0.008 -0.004 -1.169]
INFO  [mc_indi_tiltrotor] WRdbg1 Wu1=1 lo1=-4.58 du1=-0.8590 pin1=0.033 a1=[0.017 0.172 -0.016 0.009 -1.073]
INFO  [mc_indi_tiltrotor] YWdbg nu2=-0.237 ach2=-0.337 r=0.01 wsp2=-0.15 ddelta=[-0.0120 -0.0120 -0.0115]
INFO  [mc_indi_tiltrotor] T0dbg1 G0=[-0.228 0.205 -0.119 0.658 -0.753] nu_des=[0.02 4.87 -0.23 4.52 1.98]
INFO  [mc_indi_tiltrotor] T0dbg2 Ws34=[0.1 20.0] Wu0=1.0 du0=2.4745 dmin0=-6.1690 dmax0=36.0000
INFO  [mc_indi_tiltrotor] T2dbg1 G2=[-0.001 -0.651 0.060 0.011 -1.000] G5=[-0.864 -0.905 -0.010 14.406 0.159]
INFO  [mc_indi_tiltrotor] T2dbg2 Wu25=[1.0 1000000.0] du25=[-5.8839 -0.0110] dmax25=[30.5929 0.0120] nu_yaw=-0.235
INFO  [mc_indi_tiltrotor] WRdbg0 Wu0=1 lo0=-6.17 du0=2.4745 pin0=-0.042 a0=[-0.037 3.468 0.000 0.000 -0.915]
INFO  [mc_indi_tiltrotor] WRdbg1 Wu1=1 lo1=-5.68 du1=2.3796 pin1=-0.069 a1=[0.034 3.287 -0.000 0.000 -0.873]
INFO  [mc_indi_tiltrotor] T0dbg1 G0=[-0.227 0.205 -0.120 0.661 -0.751] nu_des=[0.00 3.92 -0.13 0.92 2.85]
INFO  [mc_indi_tiltrotor] T0dbg2 Ws34=[0.1 20.0] Wu0=1.0 du0=1.3968 dmin0=-9.1636 dmax0=35.8364
INFO  [mc_indi_tiltrotor] T2dbg1 G2=[-0.001 -0.651 0.060 0.010 -1.000] G5=[-0.665 -0.705 -0.007 11.078 0.109]
INFO  [mc_indi_tiltrotor] T2dbg2 Wu25=[1.0 1000000.0] du25=[-5.1062 -0.0098] dmax25=[33.9217 0.0120] nu_yaw=-0.125
INFO  [mc_indi_tiltrotor] WRdbg0 Wu0=1 lo0=-9.16 du0=1.3968 pin0=-0.073 a0=[-0.006 2.796 0.000 0.000 -1.320]
INFO  [mc_indi_tiltrotor] WRdbg1 Wu1=1 lo1=-8.48 du1=1.3172 pin1=-0.083 a1=[0.006 2.654 -0.000 0.000 -1.260]
INFO  [mc_indi_tiltrotor] YWdbg nu2=-0.125 ach2=-0.347 r=0.02 wsp2=-0.17 ddelta=[-0.0120 -0.0120 -0.0098]
INFO  [mc_indi_tiltrotor] T0dbg1 G0=[-0.227 0.204 -0.121 0.663 -0.748] nu_des=[-0.00 -3.83 0.06 0.69 2.06]
INFO  [mc_indi_tiltrotor] T0dbg2 Ws34=[0.1 20.0] Wu0=1.0 du0=-3.6245 dmin0=-9.2985 dmax0=35.7015
INFO  [mc_indi_tiltrotor] T2dbg1 G2=[-0.001 -0.651 0.060 0.010 -1.000] G5=[-0.599 -0.635 -0.006 9.984 0.098]
INFO  [mc_indi_tiltrotor] T2dbg2 Wu25=[1.0 1000000.0] du25=[3.5735 0.0120] dmax25=[35.0154 0.0120] nu_yaw=0.057
INFO  [mc_indi_tiltrotor] WRdbg0 Wu0=1 lo0=-9.30 du0=-3.6245 pin0=0.074 a0=[0.002 -2.741 -0.000 0.000 -0.959]
INFO  [mc_indi_tiltrotor] WRdbg1 Wu1=1 lo1=-8.59 du1=-3.4382 pin1=0.087 a1=[-0.001 -2.607 0.000 0.000 -0.917]
INFO  [mc_indi_tiltrotor] YWdbg nu2=0.075 ach2=0.420 r=0.01 wsp2=-0.19 ddelta=[0.0120 0.0120 0.0120]
INFO  [mc_indi_tiltrotor] T0dbg1 G0=[-0.226 0.204 -0.122 0.667 -0.745] nu_des=[0.01 -4.31 0.01 3.19 2.93]
INFO  [mc_indi_tiltrotor] T0dbg2 Ws34=[0.1 20.0] Wu0=1.0 du0=-4.4391 dmin0=-7.1321 dmax0=36.0000
INFO  [mc_indi_tiltrotor] T2dbg1 G2=[-0.001 -0.651 0.060 0.011 -1.000] G5=[-0.890 -0.934 -0.010 14.827 0.161]
INFO  [mc_indi_tiltrotor] T2dbg2 Wu25=[1.0 1000000.0] du25=[3.8356 0.0120] dmax25=[30.1722 0.0120] nu_yaw=0.011
INFO  [mc_indi_tiltrotor] WRdbg0 Wu0=1 lo0=-7.13 du0=-4.4391 pin0=0.050 a0=[-0.022 -3.102 -0.000 0.000 -1.365]
INFO  [mc_indi_tiltrotor] WRdbg1 Wu1=1 lo1=-6.55 du1=-4.1549 pin1=0.082 a1=[0.021 -2.952 0.000 0.000 -1.307]
INFO  [mc_indi_tiltrotor] T0dbg1 G0=[-0.226 0.203 -0.123 0.671 -0.741] nu_des=[0.01 1.36 -0.20 5.06 2.18]
INFO  [mc_indi_tiltrotor] T0dbg2 Ws34=[0.1 20.0] Wu0=1.0 du0=-0.0004 dmin0=-5.5245 dmax0=36.0000
INFO  [mc_indi_tiltrotor] T2dbg1 G2=[-0.001 -0.651 0.060 0.012 -1.000] G5=[-1.018 -1.059 -0.012 16.972 0.198]
INFO  [mc_indi_tiltrotor] T2dbg2 Wu25=[1.0 1000000.0] du25=[-2.0925 -0.0117] dmax25=[28.0272 0.0120] nu_yaw=-0.198
INFO  [mc_indi_tiltrotor] WRdbg0 Wu0=1 lo0=-5.52 du0=-0.0004 pin0=0.068 a0=[-0.032 0.984 0.000 0.000 -1.019]
INFO  [mc_indi_tiltrotor] WRdbg1 Wu1=1 lo1=-5.04 du1=-0.0042 pin1=0.006 a1=[0.030 0.937 -0.000 0.000 -0.977]
INFO  [mc_indi_tiltrotor] YWdbg nu2=-0.182 ach2=-0.052 r=0.01 wsp2=-0.21 ddelta=[0.0120 0.0120 -0.0069]
INFO  [mc_indi_tiltrotor] T0dbg1 G0=[-0.225 0.203 -0.124 0.674 -0.739] nu_des=[0.01 5.50 -0.26 3.10 2.26]
INFO  [mc_indi_tiltrotor] T0dbg2 Ws34=[0.1 20.0] Wu0=1.0 du0=2.8534 dmin0=-7.0686 dmax0=36.0000
INFO  [mc_indi_tiltrotor] T2dbg1 G2=[-0.001 -0.651 0.060 0.011 -1.000] G5=[-0.903 -0.949 -0.010 15.045 0.160]
INFO  [mc_indi_tiltrotor] T2dbg2 Wu25=[1.0 1000000.0] du25=[-6.6397 -0.0107] dmax25=[29.9537 0.0120] nu_yaw=-0.262
INFO  [mc_indi_tiltrotor] WRdbg0 Wu0=1 lo0=-7.07 du0=2.8534 pin0=-0.052 a0=[-0.023 3.990 0.000 0.000 -1.061]
INFO  [mc_indi_tiltrotor] WRdbg1 Wu1=1 lo1=-6.55 du1=2.7281 pin1=-0.081 a1=[0.022 3.805 -0.000 0.000 -1.018]
INFO  [mc_indi_tiltrotor] T0dbg1 G0=[-0.225 0.203 -0.125 0.676 -0.737] nu_des=[-0.01 3.30 -0.11 -0.35 2.67]
INFO  [mc_indi_tiltrotor] T0dbg2 Ws34=[0.1 20.0] Wu0=1.0 du0=1.0755 dmin0=-9.8146 dmax0=35.1854
INFO  [mc_indi_tiltrotor] T2dbg1 G2=[-0.001 -0.651 0.060 0.010 -1.000] G5=[-0.713 -0.758 -0.007 11.885 0.114]
INFO  [mc_indi_tiltrotor] T2dbg2 Wu25=[1.0 1000000.0] du25=[-4.3722 -0.0096] dmax25=[33.1146 0.0120] nu_yaw=-0.113
INFO  [mc_indi_tiltrotor] WRdbg0 Wu0=1 lo0=-9.81 du0=1.0755 pin0=-0.083 a0=[0.021 2.396 0.000 -0.000 -1.259]
INFO  [mc_indi_tiltrotor] WRdbg1 Wu1=1 lo1=-9.14 du1=0.9646 pin1=-0.095 a1=[-0.020 2.290 -0.000 -0.000 -1.210]
INFO  [mc_indi_tiltrotor] YWdbg nu2=-0.258 ach2=-0.477 r=0.02 wsp2=-0.23 ddelta=[-0.0120 -0.0120 -0.0106]
INFO  [mc_indi_tiltrotor] T0dbg1 G0=[-0.224 0.202 -0.126 0.680 -0.733] nu_des=[-0.01 -3.65 0.03 -0.65 2.07]
INFO  [mc_indi_tiltrotor] T0dbg2 Ws34=[0.1 20.0] Wu0=1.0 du0=-3.5411 dmin0=-9.9899 dmax0=35.0101
INFO  [mc_indi_tiltrotor] T2dbg1 G2=[-0.001 -0.651 0.060 0.010 -1.000] G5=[-0.690 -0.733 -0.007 11.496 0.110]
INFO  [mc_indi_tiltrotor] T2dbg2 Wu25=[1.0 1000000.0] du25=[3.3567 0.0120] dmax25=[33.5030 0.0120] nu_yaw=0.029
INFO  [mc_indi_tiltrotor] WRdbg0 Wu0=1 lo0=-9.99 du0=-3.5411 pin0=0.083 a0=[0.017 -2.662 -0.000 -0.000 -0.979]
INFO  [mc_indi_tiltrotor] WRdbg1 Wu1=1 lo1=-9.27 du1=-3.4019 pin1=0.102 a1=[-0.016 -2.546 0.000 -0.000 -0.941]
INFO  [mc_indi_tiltrotor] T0dbg1 G0=[-0.223 0.202 -0.127 0.684 -0.730] nu_des=[0.00 -4.22 -0.02 2.26 2.92]
INFO  [mc_indi_tiltrotor] T0dbg2 Ws34=[0.1 20.0] Wu0=1.0 du0=-4.4376 dmin0=-7.6119 dmax0=36.0000
INFO  [mc_indi_tiltrotor] T2dbg1 G2=[-0.001 -0.651 0.060 0.011 -1.000] G5=[-0.986 -1.037 -0.010 16.428 0.174]
INFO  [mc_indi_tiltrotor] T2dbg2 Wu25=[1.0 1000000.0] du25=[3.7158 0.0120] dmax25=[28.5706 0.0120] nu_yaw=-0.022
INFO  [mc_indi_tiltrotor] WRdbg0 Wu0=1 lo0=-7.61 du0=-4.4376 pin0=0.056 a0=[-0.007 -3.097 0.000 0.000 -1.390]
INFO  [mc_indi_tiltrotor] WRdbg1 Wu1=1 lo1=-6.95 du1=-4.2030 pin1=0.094 a1=[0.006 -2.965 -0.000 0.000 -1.339]
INFO  [mc_indi_tiltrotor] YWdbg nu2=-0.028 ach2=0.009 r=0.02 wsp2=-0.25 ddelta=[0.0120 0.0120 0.0120]
INFO  [mc_indi_tiltrotor] T0dbg1 G0=[-0.223 0.201 -0.128 0.688 -0.726] nu_des=[0.01 0.63 -0.19 4.23 2.43]
INFO  [mc_indi_tiltrotor] T0dbg2 Ws34=[0.1 20.0] Wu0=1.0 du0=-0.6326 dmin0=-5.9848 dmax0=36.0000
INFO  [mc_indi_tiltrotor] T2dbg1 G2=[-0.001 -0.651 0.060 0.012 -1.000] G5=[-1.116 -1.162 -0.013 18.592 0.214]
INFO  [mc_indi_tiltrotor] T2dbg2 Wu25=[1.0 1000000.0] du25=[-1.3769 -0.0115] dmax25=[26.4068 0.0120] nu_yaw=-0.186
INFO  [mc_indi_tiltrotor] WRdbg0 Wu0=1 lo0=-5.98 du0=-0.6326 pin0=0.076 a0=[-0.014 0.467 0.000 0.000 -1.162]
INFO  [mc_indi_tiltrotor] WRdbg1 Wu1=1 lo1=-5.43 du1=-0.6506 pin1=0.009 a1=[0.013 0.447 -0.000 0.000 -1.120]
INFO  [mc_indi_tiltrotor] T0dbg1 G0=[-0.222 0.200 -0.129 0.691 -0.723] nu_des=[0.00 4.89 -0.27 3.26 2.01]
INFO  [mc_indi_tiltrotor] T0dbg2 Ws34=[0.1 20.0] Wu0=1.0 du0=2.5995 dmin0=-6.7013 dmax0=36.0000
INFO  [mc_indi_tiltrotor] T2dbg1 G2=[-0.001 -0.651 0.060 0.011 -1.000] G5=[-1.004 -1.057 -0.011 16.739 0.177]
INFO  [mc_indi_tiltrotor] T2dbg2 Wu25=[1.0 1000000.0] du25=[-5.8934 -0.0106] dmax25=[28.2604 0.0120] nu_yaw=-0.268
INFO  [mc_indi_tiltrotor] WRdbg0 Wu0=1 lo0=-6.70 du0=2.5995 pin0=-0.051 a0=[-0.008 3.624 0.000 0.000 -0.966]
INFO  [mc_indi_tiltrotor] WRdbg1 Wu1=1 lo1=-6.15 du1=2.4660 pin1=-0.086 a1=[0.008 3.477 -0.000 0.000 -0.932]
INFO  [mc_indi_tiltrotor] YWdbg nu2=-0.033 ach2=0.293 r=0.00 wsp2=-0.27 ddelta=[0.0120 0.0120 0.0120]
INFO  [mc_indi_tiltrotor] T0dbg1 G0=[-0.222 0.200 -0.130 0.694 -0.720] nu_des=[-0.00 3.76 -0.16 -0.43 2.76]
INFO  [mc_indi_tiltrotor] T0dbg2 Ws34=[0.1 20.0] Wu0=1.0 du0=1.3843 dmin0=-9.5308 dmax0=35.4692
INFO  [mc_indi_tiltrotor] T2dbg1 G2=[-0.001 -0.651 0.060 0.010 -1.000] G5=[-0.798 -0.848 -0.008 13.295 0.127]
INFO  [mc_indi_tiltrotor] T2dbg2 Wu25=[1.0 1000000.0] du25=[-4.8954 -0.0095] dmax25=[31.7046 0.0120] nu_yaw=-0.159
INFO  [mc_indi_tiltrotor] WRdbg0 Wu0=1 lo0=-9.53 du0=1.3843 pin0=-0.083 a0=[0.006 2.794 0.000 -0.000 -1.332]
INFO  [mc_indi_tiltrotor] WRdbg1 Wu1=1 lo1=-8.82 du1=1.2901 pin1=-0.102 a1=[-0.005 2.683 -0.000 -0.000 -1.286]
INFO  [mc_indi_tiltrotor] T0dbg1 G0=[-0.221 0.200 -0.131 0.697 -0.717] nu_des=[-0.01 -2.40 -0.01 -1.14 1.84]
INFO  [mc_indi_tiltrotor] T0dbg2 Ws34=[0.1 20.0] Wu0=1.0 du0=-2.5776 dmin0=-10.0426 dmax0=34.9574
INFO  [mc_indi_tiltrotor] T2dbg1 G2=[-0.001 -0.651 0.060 0.009 -1.000] G5=[-0.728 -0.778 -0.007 12.140 0.110]
INFO  [mc_indi_tiltrotor] T2dbg2 Wu25=[1.0 1000000.0] du25=[2.0637 0.0120] dmax25=[32.8593 0.0120] nu_yaw=-0.009
INFO  [mc_indi_tiltrotor] WRdbg0 Wu0=1 lo0=-10.04 du0=-2.5776 pin0=0.088 a0=[0.018 -1.793 0.000 -0.000 -0.890]
INFO  [mc_indi_tiltrotor] WRdbg1 Wu1=1 lo1=-9.27 du1=-2.4921 pin1=0.111 a1=[-0.017 -1.726 -0.000 -0.000 -0.860]
INFO  [mc_indi_tiltrotor] YWdbg nu2=-0.283 ach2=-0.311 r=0.02 wsp2=-0.29 ddelta=[-0.0120 -0.0120 -0.0108]
INFO  [mc_indi_tiltrotor] T0dbg1 G0=[-0.220 0.199 -0.133 0.702 -0.713] nu_des=[-0.00 -4.40 -0.03 1.85 2.79]
INFO  [mc_indi_tiltrotor] T0dbg2 Ws34=[0.1 20.0] Wu0=1.0 du0=-4.5817 dmin0=-7.6643 dmax0=36.0000
INFO  [mc_indi_tiltrotor] T2dbg1 G2=[-0.001 -0.651 0.060 0.010 -1.000] G5=[-1.006 -1.065 -0.010 16.775 0.168]
INFO  [mc_indi_tiltrotor] T2dbg2 Wu25=[1.0 1000000.0] du25=[3.9201 0.0120] dmax25=[28.2244 0.0120] nu_yaw=-0.028
INFO  [mc_indi_tiltrotor] WRdbg0 Wu0=1 lo0=-7.66 du0=-4.5817 pin0=0.060 a0=[0.010 -3.296 0.000 0.000 -1.355]
INFO  [mc_indi_tiltrotor] WRdbg1 Wu1=1 lo1=-7.02 du1=-4.3928 pin1=0.102 a1=[-0.009 -3.173 -0.000 0.000 -1.312]
INFO  [mc_indi_tiltrotor] T0dbg1 G0=[-0.219 0.198 -0.134 0.706 -0.708] nu_des=[0.01 0.45 -0.21 4.28 2.43]
INFO  [mc_indi_tiltrotor] T0dbg2 Ws34=[0.1 20.0] Wu0=1.0 du0=-0.8050 dmin0=-5.7607 dmax0=36.0000
INFO  [mc_indi_tiltrotor] T2dbg1 G2=[-0.001 -0.651 0.060 0.011 -1.000] G5=[-1.177 -1.228 -0.013 19.610 0.223]
INFO  [mc_indi_tiltrotor] T2dbg2 Wu25=[1.0 7.9] du25=[-1.1895 -0.0087] dmax25=[25.3884 0.0120] nu_yaw=-0.207
INFO  [mc_indi_tiltrotor] WRdbg0 Wu0=1 lo0=-5.76 du0=-0.8050 pin0=0.060 a0=[-0.025 0.362 0.021 -0.004 -1.218]
INFO  [mc_indi_tiltrotor] WRdbg1 Wu1=1 lo1=-5.18 du1=-0.7798 pin1=0.046 a1=[0.020 0.282 -0.045 0.010 -1.093]
INFO  [mc_indi_tiltrotor] YWdbg nu2=-0.179 ach2=-0.326 r=0.02 wsp2=-0.31 ddelta=[-0.0120 -0.0120 -0.0095]
INFO  [mc_indi_tiltrotor] T0dbg1 G0=[-0.219 0.198 -0.135 0.709 -0.705] nu_des=[0.00 4.92 -0.29 2.59 1.99]
INFO  [mc_indi_tiltrotor] T0dbg2 Ws34=[0.1 20.0] Wu0=1.0 du0=2.6829 dmin0=-7.0141 dmax0=36.0000
INFO  [mc_indi_tiltrotor] T2dbg1 G2=[-0.001 -0.651 0.060 0.010 -1.000] G5=[-1.081 -1.138 -0.011 18.010 0.188]
INFO  [mc_indi_tiltrotor] T2dbg2 Wu25=[1.0 1000000.0] du25=[-5.9014 -0.0104] dmax25=[26.9890 0.0120] nu_yaw=-0.288
INFO  [mc_indi_tiltrotor] WRdbg0 Wu0=1 lo0=-7.01 du0=2.6829 pin0=-0.056 a0=[-0.011 3.727 0.000 0.000 -0.977]
INFO  [mc_indi_tiltrotor] WRdbg1 Wu1=1 lo1=-6.35 du1=2.5628 pin1=-0.095 a1=[0.011 3.595 -0.000 0.000 -0.947]
INFO  [mc_indi_tiltrotor] T0dbg1 G0=[-0.218 0.197 -0.136 0.712 -0.702] nu_des=[-0.01 3.80 -0.20 -1.07 2.79]
INFO  [mc_indi_tiltrotor] T0dbg2 Ws34=[0.1 20.0] Wu0=1.0 du0=1.4407 dmin0=-9.6924 dmax0=35.3076
INFO  [mc_indi_tiltrotor] T2dbg1 G2=[-0.001 -0.651 0.060 0.009 -1.000] G5=[-0.891 -0.949 -0.008 14.857 0.140]
INFO  [mc_indi_tiltrotor] T2dbg2 Wu25=[1.0 1000000.0] du25=[-4.9395 -0.0094] dmax25=[30.1422 0.0120] nu_yaw=-0.199
INFO  [mc_indi_tiltrotor] WRdbg0 Wu0=1 lo0=-9.69 du0=1.4407 pin0=-0.089 a0=[0.014 2.889 0.000 -0.000 -1.374]
INFO  [mc_indi_tiltrotor] WRdbg1 Wu1=1 lo1=-8.95 du1=1.3310 pin1=-0.112 a1=[-0.013 2.790 -0.000 -0.000 -1.333]
INFO  [mc_indi_tiltrotor] YWdbg nu2=-0.019 ach2=0.330 r=0.01 wsp2=-0.33 ddelta=[0.0120 0.0120 0.0120]
INFO  [mc_indi_tiltrotor] T0dbg1 G0=[-0.218 0.197 -0.137 0.715 -0.699] nu_des=[-0.00 -2.77 -0.03 -1.76 1.85]
INFO  [mc_indi_tiltrotor] T0dbg2 Ws34=[0.1 20.0] Wu0=1.0 du0=-2.9268 dmin0=-10.1827 dmax0=34.8173
INFO  [mc_indi_tiltrotor] T2dbg1 G2=[-0.001 -0.651 0.060 0.009 -1.000] G5=[-0.821 -0.877 -0.008 13.691 0.125]
INFO  [mc_indi_tiltrotor] T2dbg2 Wu25=[1.0 1000000.0] du25=[2.4387 0.0120] dmax25=[31.3087 0.0120] nu_yaw=-0.029
INFO  [mc_indi_tiltrotor] WRdbg0 Wu0=1 lo0=-10.18 du0=-2.9268 pin0=0.093 a0=[0.008 -2.114 0.000 -0.000 -0.914]
INFO  [mc_indi_tiltrotor] WRdbg1 Wu1=1 lo1=-9.36 du1=-2.8177 pin1=0.122 a1=[-0.008 -2.044 -0.000 -0.000 -0.888]
INFO  [mc_indi_tiltrotor] T0dbg1 G0=[-0.217 0.196 -0.138 0.719 -0.694] nu_des=[0.00 -4.28 -0.08 1.68 2.59]
INFO  [mc_indi_tiltrotor] T0dbg2 Ws34=[0.1 20.0] Wu0=1.0 du0=-4.5125 dmin0=-7.5609 dmax0=36.0000
INFO  [mc_indi_tiltrotor] T2dbg1 G2=[-0.001 -0.651 0.060 0.010 -1.000] G5=[-1.081 -1.143 -0.011 18.018 0.182]
INFO  [mc_indi_tiltrotor] T2dbg2 Wu25=[1.0 1000000.0] du25=[3.8272 0.0120] dmax25=[26.9809 0.0120] nu_yaw=-0.078
INFO  [mc_indi_tiltrotor] WRdbg0 Wu0=1 lo0=-7.56 du0=-4.5125 pin0=0.062 a0=[-0.001 -3.285 0.000 0.000 -1.289]
INFO  [mc_indi_tiltrotor] WRdbg1 Wu1=1 lo1=-6.86 du1=-4.3206 pin1=0.109 a1=[0.001 -3.177 -0.000 0.000 -1.253]
INFO  [mc_indi_tiltrotor] YWdbg nu2=-0.212 ach2=0.007 r=0.01 wsp2=-0.35 ddelta=[0.0120 0.0120 0.0120]
INFO  [mc_indi_tiltrotor] T0dbg1 G0=[-0.216 0.195 -0.140 0.724 -0.690] nu_des=[0.02 0.76 -0.23 4.36 2.42]
INFO  [mc_indi_tiltrotor] T0dbg2 Ws34=[0.1 20.0] Wu0=1.0 du0=-0.5919 dmin0=-5.5339 dmax0=36.0000
INFO  [mc_indi_tiltrotor] T2dbg1 G2=[-0.001 -0.651 0.060 0.011 -1.000] G5=[-1.240 -1.294 -0.014 20.673 0.236]
INFO  [mc_indi_tiltrotor] T2dbg2 Wu25=[1.0 1000000.0] du25=[-1.5213 -0.0114] dmax25=[24.3256 0.0120] nu_yaw=-0.225
INFO  [mc_indi_tiltrotor] WRdbg0 Wu0=1 lo0=-5.53 du0=-0.5919 pin0=0.080 a0=[-0.052 0.591 0.000 0.000 -1.210]
INFO  [mc_indi_tiltrotor] WRdbg1 Wu1=1 lo1=-4.92 du1=-0.5494 pin1=0.006 a1=[0.050 0.571 -0.000 0.000 -1.177]
INFO  [mc_indi_tiltrotor] T0dbg1 G0=[-0.215 0.195 -0.141 0.727 -0.687] nu_des=[0.00 4.93 -0.31 3.65 2.09]
INFO  [mc_indi_tiltrotor] T0dbg2 Ws34=[0.1 20.0] Wu0=1.0 du0=2.7129 dmin0=-6.2062 dmax0=36.0000
INFO  [mc_indi_tiltrotor] T2dbg1 G2=[-0.001 -0.651 0.060 0.010 -1.000] G5=[-1.136 -1.198 -0.012 18.939 0.197]
INFO  [mc_indi_tiltrotor] T2dbg2 Wu25=[1.0 1000000.0] du25=[-5.9266 -0.0104] dmax25=[26.0601 0.0120] nu_yaw=-0.311
INFO  [mc_indi_tiltrotor] WRdbg0 Wu0=1 lo0=-6.21 du0=2.7129 pin0=-0.050 a0=[-0.009 3.826 0.000 0.000 -1.054]
INFO  [mc_indi_tiltrotor] WRdbg1 Wu1=1 lo1=-5.61 du1=2.5932 pin1=-0.095 a1=[0.009 3.705 -0.000 0.000 -1.026]
INFO  [mc_indi_tiltrotor] YWdbg nu2=-0.279 ach2=-0.413 r=0.02 wsp2=-0.37 ddelta=[-0.0120 -0.0120 -0.0099]
INFO  [mc_indi_tiltrotor] T0dbg1 G0=[-0.215 0.194 -0.141 0.729 -0.684] nu_des=[-0.01 3.81 -0.21 -0.49 2.81]
INFO  [mc_indi_tiltrotor] T0dbg2 Ws34=[0.1 20.0] Wu0=1.0 du0=1.4710 dmin0=-9.3608 dmax0=35.6392
INFO  [mc_indi_tiltrotor] T2dbg1 G2=[-0.001 -0.651 0.060 0.010 -1.000] G5=[-0.932 -0.991 -0.009 15.537 0.148]
INFO  [mc_indi_tiltrotor] T2dbg2 Wu25=[1.0 1000000.0] du25=[-4.9430 -0.0095] dmax25=[29.4625 0.0120] nu_yaw=-0.209
INFO  [mc_indi_tiltrotor] WRdbg0 Wu0=1 lo0=-9.36 du0=1.4710 pin0=-0.090 a0=[0.018 2.962 0.000 -0.000 -1.420]
INFO  [mc_indi_tiltrotor] WRdbg1 Wu1=1 lo1=-8.64 du1=1.3533 pin1=-0.118 a1=[-0.018 2.872 -0.000 -0.000 -1.384]
INFO  [mc_indi_tiltrotor] T0dbg1 G0=[-0.214 0.194 -0.142 0.733 -0.680] nu_des=[-0.01 -1.96 -0.09 -0.44 2.13]
INFO  [mc_indi_tiltrotor] T0dbg2 Ws34=[0.1 20.0] Wu0=1.0 du0=-2.5079 dmin0=-9.4998 dmax0=35.5002
INFO  [mc_indi_tiltrotor] T2dbg1 G2=[-0.001 -0.651 0.060 0.009 -1.000] G5=[-0.828 -0.885 -0.007 13.803 0.125]
INFO  [mc_indi_tiltrotor] T2dbg2 Wu25=[1.0 1000000.0] du25=[1.4677 0.0120] dmax25=[31.1967 0.0120] nu_yaw=-0.087
INFO  [mc_indi_tiltrotor] WRdbg0 Wu0=1 lo0=-9.50 du0=-2.5079 pin0=0.091 a0=[0.015 -1.533 0.000 -0.000 -1.081]
INFO  [mc_indi_tiltrotor] WRdbg1 Wu1=1 lo1=-8.73 du1=-2.4331 pin1=0.123 a1=[-0.015 -1.487 -0.000 -0.000 -1.054]
INFO  [mc_indi_tiltrotor] YWdbg nu2=-0.077 ach2=0.161 r=0.01 wsp2=-0.38 ddelta=[0.0120 0.0120 0.0120]
INFO  [mc_indi_tiltrotor] T0dbg1 G0=[-0.213 0.193 -0.144 0.737 -0.675] nu_des=[0.01 -4.36 -0.08 3.65 2.62]
INFO  [mc_indi_tiltrotor] T0dbg2 Ws34=[0.1 20.0] Wu0=1.0 du0=-4.7402 dmin0=-6.6970 dmax0=36.0000
INFO  [mc_indi_tiltrotor] T2dbg1 G2=[-0.001 -0.651 0.060 0.010 -1.000] G5=[-1.066 -1.125 -0.011 17.766 0.182]
INFO  [mc_indi_tiltrotor] T2dbg2 Wu25=[1.0 1000000.0] du25=[3.8773 0.0120] dmax25=[27.2333 0.0120] nu_yaw=-0.079
INFO  [mc_indi_tiltrotor] WRdbg0 Wu0=1 lo0=-6.70 du0=-4.7402 pin0=0.056 a0=[-0.025 -3.432 0.000 0.000 -1.340]
INFO  [mc_indi_tiltrotor] WRdbg1 Wu1=1 lo1=-6.02 du1=-4.5081 pin1=0.105 a1=[0.024 -3.330 -0.000 0.000 -1.307]
INFO  [mc_indi_tiltrotor] T0dbg1 G0=[-0.212 0.192 -0.145 0.741 -0.671] nu_des=[0.03 0.40 -0.24 6.70 2.46]
INFO  [mc_indi_tiltrotor] T0dbg2 Ws34=[0.1 20.0] Wu0=1.0 du0=-0.9435 dmin0=-4.6646 dmax0=36.0000
INFO  [mc_indi_tiltrotor] T2dbg1 G2=[-0.001 -0.651 0.060 0.011 -1.000] G5=[-1.212 -1.264 -0.014 20.204 0.231]
INFO  [mc_indi_tiltrotor] T2dbg2 Wu25=[1.0 7.7] du25=[-1.1474 -0.0096] dmax25=[24.7947 0.0120] nu_yaw=-0.239
INFO  [mc_indi_tiltrotor] WRdbg0 Wu0=1 lo0=-4.66 du0=-0.9435 pin0=0.054 a0=[-0.056 0.335 0.031 -0.007 -1.299]
INFO  [mc_indi_tiltrotor] WRdbg1 Wu1=1 lo1=-4.09 du1=-0.8547 pin1=0.042 a1=[0.042 0.259 -0.067 0.016 -1.147]
INFO  [mc_indi_tiltrotor] YWdbg nu2=-0.149 ach2=0.177 r=0.00 wsp2=-0.40 ddelta=[0.0120 0.0120 0.0120]
INFO  [mc_indi_tiltrotor] T0dbg1 G0=[-0.212 0.192 -0.146 0.744 -0.668] nu_des=[0.01 4.77 -0.33 5.29 2.10]
INFO  [mc_indi_tiltrotor] T0dbg2 Ws34=[0.1 20.0] Wu0=1.0 du0=2.6475 dmin0=-5.8114 dmax0=36.0000
INFO  [mc_indi_tiltrotor] T2dbg1 G2=[-0.001 -0.651 0.060 0.010 -1.000] G5=[-1.107 -1.167 -0.012 18.451 0.192]
INFO  [mc_indi_tiltrotor] T2dbg2 Wu25=[1.0 1000000.0] du25=[-5.7440 -0.0104] dmax25=[26.5481 0.0120] nu_yaw=-0.332
INFO  [mc_indi_tiltrotor] WRdbg0 Wu0=1 lo0=-5.81 du0=2.6475 pin0=-0.050 a0=[-0.016 3.797 0.000 0.000 -1.084]
INFO  [mc_indi_tiltrotor] WRdbg1 Wu1=1 lo1=-5.24 du1=2.5502 pin1=-0.095 a1=[0.015 3.689 -0.000 0.000 -1.059]
INFO  [mc_indi_tiltrotor] T0dbg1 G0=[-0.211 0.191 -0.147 0.748 -0.664] nu_des=[-0.00 5.08 -0.30 3.16 2.62]
INFO  [mc_indi_tiltrotor] T0dbg2 Ws34=[0.1 20.0] Wu0=1.0 du0=2.6417 dmin0=-7.4621 dmax0=36.0000
INFO  [mc_indi_tiltrotor] T2dbg1 G2=[-0.001 -0.651 0.060 0.010 -1.000] G5=[-0.987 -1.047 -0.010 16.447 0.161]
INFO  [mc_indi_tiltrotor] T2dbg2 Wu25=[1.0 1000000.0] du25=[-6.2325 -0.0098] dmax25=[28.5525 0.0120] nu_yaw=-0.301
INFO  [mc_indi_tiltrotor] WRdbg0 Wu0=1 lo0=-7.46 du0=2.6417 pin0=-0.072 a0=[0.008 4.061 0.000 0.000 -1.355]
INFO  [mc_indi_tiltrotor] WRdbg1 Wu1=1 lo1=-6.83 du1=2.5067 pin1=-0.107 a1=[-0.008 3.946 -0.000 0.000 -1.324]
INFO  [mc_indi_tiltrotor] YWdbg nu2=-0.324 ach2=-0.250 r=0.01 wsp2=-0.41 ddelta=[-0.0120 -0.0120 -0.0114]
INFO  [mc_indi_tiltrotor] T0dbg1 G0=[-0.210 0.190 -0.148 0.751 -0.661] nu_des=[-0.02 0.54 -0.15 0.35 2.33]
INFO  [mc_indi_tiltrotor] T0dbg2 Ws34=[0.1 20.0] Wu0=1.0 du0=-0.6158 dmin0=-9.5817 dmax0=35.4183
INFO  [mc_indi_tiltrotor] T2dbg1 G2=[-0.001 -0.651 0.060 0.009 -1.000] G5=[-0.821 -0.874 -0.008 13.677 0.128]
INFO  [mc_indi_tiltrotor] T2dbg2 Wu25=[1.0 1000000.0] du25=[-1.2559 -0.0094] dmax25=[31.3227 0.0120] nu_yaw=-0.147
INFO  [mc_indi_tiltrotor] WRdbg0 Wu0=1 lo0=-9.58 du0=-0.6158 pin0=0.123 a0=[0.039 0.433 0.000 0.000 -1.211]
INFO  [mc_indi_tiltrotor] WRdbg1 Wu1=1 lo1=-8.86 du1=-0.7249 pin1=0.074 a1=[-0.038 0.421 -0.000 0.000 -1.182]
INFO  [mc_indi_tiltrotor] T0dbg1 G0=[-0.209 0.190 -0.149 0.754 -0.657] nu_des=[0.00 -4.62 -0.06 1.97 1.88]
INFO  [mc_indi_tiltrotor] T0dbg2 Ws34=[0.1 20.0] Wu0=1.0 du0=-4.6370 dmin0=-8.6234 dmax0=36.0000
INFO  [mc_indi_tiltrotor] T2dbg1 G2=[-0.001 -0.651 0.060 0.010 -1.000] G5=[-0.904 -0.961 -0.009 15.060 0.143]
INFO  [mc_indi_tiltrotor] T2dbg2 Wu25=[1.0 1000000.0] du25=[4.3678 0.0120] dmax25=[29.9395 0.0120] nu_yaw=-0.059
INFO  [mc_indi_tiltrotor] WRdbg0 Wu0=1 lo0=-8.62 du0=-4.6370 pin0=0.086 a0=[-0.008 -3.731 0.000 0.000 -0.984]
INFO  [mc_indi_tiltrotor] WRdbg1 Wu1=1 lo1=-7.87 du1=-4.4561 pin1=0.125 a1=[0.007 -3.627 -0.000 0.000 -0.961]
INFO  [mc_indi_tiltrotor] YWdbg nu2=-0.268 ach2=-0.386 r=0.02 wsp2=-0.43 ddelta=[-0.0120 -0.0120 -0.0100]
INFO  [mc_indi_tiltrotor] T0dbg1 G0=[-0.208 0.189 -0.151 0.759 -0.652] nu_des=[0.02 -3.21 -0.14 6.07 2.87]
INFO  [mc_indi_tiltrotor] T0dbg2 Ws34=[0.1 20.0] Wu0=1.0 du0=-4.1078 dmin0=-5.8920 dmax0=36.0000
INFO  [mc_indi_tiltrotor] T2dbg1 G2=[-0.001 -0.651 0.060 0.011 -1.000] G5=[-1.160 -1.217 -0.013 19.341 0.210]
INFO  [mc_indi_tiltrotor] T2dbg2 Wu25=[1.0 1000000.0] du25=[2.5474 0.0120] dmax25=[25.6580 0.0120] nu_yaw=-0.140
INFO  [mc_indi_tiltrotor] WRdbg0 Wu0=1 lo0=-5.89 du0=-4.1078 pin0=0.050 a0=[-0.037 -2.611 0.000 0.000 -1.510]
INFO  [mc_indi_tiltrotor] WRdbg1 Wu1=1 lo1=-5.26 du1=-3.8694 pin1=0.106 a1=[0.036 -2.536 -0.000 0.000 -1.475]
INFO  [mc_indi_tiltrotor] T0dbg1 G0=[-0.207 0.188 -0.152 0.763 -0.646] nu_des=[0.03 2.26 -0.30 8.17 2.01]
INFO  [mc_indi_tiltrotor] T0dbg2 Ws34=[0.1 20.0] Wu0=1.0 du0=0.6703 dmin0=-4.6083 dmax0=36.0000
INFO  [mc_indi_tiltrotor] T2dbg1 G2=[-0.001 -0.651 0.060 0.011 -1.000] G5=[-1.198 -1.253 -0.013 19.972 0.223]
INFO  [mc_indi_tiltrotor] T2dbg2 Wu25=[1.0 1000000.0] du25=[-3.0157 -0.0112] dmax25=[25.0270 0.0120] nu_yaw=-0.299
INFO  [mc_indi_tiltrotor] WRdbg0 Wu0=1 lo0=-4.61 du0=0.6703 pin0=-0.036 a0=[-0.077 1.847 0.000 0.000 -1.065]
INFO  [mc_indi_tiltrotor] WRdbg1 Wu1=1 lo1=-4.02 du1=0.7365 pin1=-0.091 a1=[0.074 1.793 -0.000 0.000 -1.040]
INFO  [mc_indi_tiltrotor] YWdbg nu2=-0.117 ach2=0.091 r=0.01 wsp2=-0.44 ddelta=[0.0120 0.0120 0.0120]
INFO  [mc_indi_tiltrotor] T0dbg1 G0=[-0.207 0.187 -0.153 0.766 -0.643] nu_des=[0.01 5.23 -0.34 6.24 2.18]
INFO  [mc_indi_tiltrotor] T0dbg2 Ws34=[0.1 20.0] Wu0=1.0 du0=3.0610 dmin0=-5.9743 dmax0=36.0000
INFO  [mc_indi_tiltrotor] T2dbg1 G2=[-0.001 -0.651 0.060 0.011 -1.000] G5=[-1.093 -1.150 -0.012 18.222 0.193]
INFO  [mc_indi_tiltrotor] T2dbg2 Wu25=[1.0 1000000.0] du25=[-6.2365 -0.0106] dmax25=[26.7765 0.0120] nu_yaw=-0.344
INFO  [mc_indi_tiltrotor] WRdbg0 Wu0=1 lo0=-5.97 du0=3.0610 pin0=-0.056 a0=[-0.023 4.298 0.000 0.000 -1.159]
INFO  [mc_indi_tiltrotor] WRdbg1 Wu1=1 lo1=-5.38 du1=2.9608 pin1=-0.101 a1=[0.022 4.172 -0.000 0.000 -1.131]
INFO  [mc_indi_tiltrotor] T0dbg1 G0=[-0.206 0.187 -0.154 0.769 -0.640] nu_des=[-0.00 4.40 -0.27 3.05 2.70]
INFO  [mc_indi_tiltrotor] T0dbg2 Ws34=[0.1 20.0] Wu0=1.0 du0=2.1046 dmin0=-8.0969 dmax0=36.0000
INFO  [mc_indi_tiltrotor] T2dbg1 G2=[-0.001 -0.651 0.060 0.010 -1.000] G5=[-0.921 -0.976 -0.009 15.357 0.153]
INFO  [mc_indi_tiltrotor] T2dbg2 Wu25=[1.0 1000000.0] du25=[-5.5185 -0.0100] dmax25=[29.6418 0.0120] nu_yaw=-0.269
INFO  [mc_indi_tiltrotor] WRdbg0 Wu0=1 lo0=-8.10 du0=2.1046 pin0=-0.086 a0=[0.004 3.632 0.000 0.000 -1.445]
INFO  [mc_indi_tiltrotor] WRdbg1 Wu1=1 lo1=-7.49 du1=1.9918 pin1=-0.119 a1=[-0.004 3.524 -0.000 0.000 -1.410]
INFO  [mc_indi_tiltrotor] YWdbg nu2=-0.083 ach2=0.336 r=0.01 wsp2=-0.46 ddelta=[0.0120 0.0120 0.0120]
INFO  [mc_indi_tiltrotor] T0dbg1 G0=[-0.205 0.186 -0.155 0.772 -0.635] nu_des=[-0.02 0.47 -0.16 1.29 2.16]
INFO  [mc_indi_tiltrotor] T0dbg2 Ws34=[0.1 20.0] Wu0=1.0 du0=-0.6011 dmin0=-9.3022 dmax0=35.6978
INFO  [mc_indi_tiltrotor] T2dbg1 G2=[-0.001 -0.651 0.060 0.009 -1.000] G5=[-0.804 -0.857 -0.007 13.395 0.124]
INFO  [mc_indi_tiltrotor] T2dbg2 Wu25=[1.0 1000000.0] du25=[-1.1363 -0.0092] dmax25=[31.6046 0.0120] nu_yaw=-0.163
INFO  [mc_indi_tiltrotor] WRdbg0 Wu0=1 lo0=-9.30 du0=-0.6011 pin0=0.127 a0=[0.041 0.391 0.000 0.000 -1.161]
INFO  [mc_indi_tiltrotor] WRdbg1 Wu1=1 lo1=-8.57 du1=-0.7126 pin1=0.078 a1=[-0.039 0.379 -0.000 0.000 -1.131]
INFO  [mc_indi_tiltrotor] T0dbg1 G0=[-0.204 0.185 -0.156 0.776 -0.631] nu_des=[0.00 -3.94 -0.09 1.79 1.77]
INFO  [mc_indi_tiltrotor] T0dbg2 Ws34=[0.1 20.0] Wu0=1.0 du0=-4.1572 dmin0=-8.9434 dmax0=36.0000
INFO  [mc_indi_tiltrotor] T2dbg1 G2=[-0.001 -0.651 0.060 0.010 -1.000] G5=[-0.820 -0.869 -0.008 13.663 0.134]
INFO  [mc_indi_tiltrotor] T2dbg2 Wu25=[1.0 1000000.0] du25=[3.6527 0.0120] dmax25=[31.3368 0.0120] nu_yaw=-0.091
INFO  [mc_indi_tiltrotor] WRdbg0 Wu0=1 lo0=-8.94 du0=-4.1572 pin0=0.098 a0=[-0.004 -3.293 0.000 0.000 -0.959]
INFO  [mc_indi_tiltrotor] WRdbg1 Wu1=1 lo1=-8.17 du1=-3.9874 pin1=0.131 a1=[0.004 -3.189 -0.000 0.000 -0.933]
INFO  [mc_indi_tiltrotor] YWdbg nu2=-0.201 ach2=0.131 r=0.00 wsp2=-0.47 ddelta=[0.0120 0.0120 0.0120]
INFO  [mc_indi_tiltrotor] T0dbg1 G0=[-0.203 0.184 -0.157 0.780 -0.626] nu_des=[0.00 -4.34 -0.11 4.99 2.55]
INFO  [mc_indi_tiltrotor] T0dbg2 Ws34=[0.1 20.0] Wu0=1.0 du0=-4.9687 dmin0=-6.7658 dmax0=36.0000
INFO  [mc_indi_tiltrotor] T2dbg1 G2=[-0.001 -0.651 0.060 0.011 -1.000] G5=[-1.032 -1.085 -0.011 17.193 0.182]
INFO  [mc_indi_tiltrotor] T2dbg2 Wu25=[1.0 1000000.0] du25=[3.8179 0.0120] dmax25=[27.8057 0.0120] nu_yaw=-0.109
INFO  [mc_indi_tiltrotor] WRdbg0 Wu0=1 lo0=-6.77 du0=-4.9687 pin0=0.068 a0=[-0.001 -3.647 0.000 0.000 -1.389]
INFO  [mc_indi_tiltrotor] WRdbg1 Wu1=1 lo1=-6.04 du1=-4.7597 pin1=0.115 a1=[0.001 -3.526 -0.000 0.000 -1.350]
INFO  [mc_indi_tiltrotor] T0dbg1 G0=[-0.202 0.184 -0.159 0.784 -0.621] nu_des=[0.02 -1.87 -0.22 7.63 2.88]
INFO  [mc_indi_tiltrotor] T0dbg2 Ws34=[0.1 20.0] Wu0=1.0 du0=-3.1792 dmin0=-4.9303 dmax0=36.0000
INFO  [mc_indi_tiltrotor] T2dbg1 G2=[-0.001 -0.651 0.060 0.011 -1.000] G5=[-1.183 -1.236 -0.013 19.717 0.222]
INFO  [mc_indi_tiltrotor] T2dbg2 Wu25=[1.0 1000000.0] du25=[1.0855 0.0120] dmax25=[25.2816 0.0120] nu_yaw=-0.223
INFO  [mc_indi_tiltrotor] WRdbg0 Wu0=1 lo0=-4.93 du0=-3.1792 pin0=0.042 a0=[-0.056 -1.583 0.000 0.000 -1.583]
INFO  [mc_indi_tiltrotor] WRdbg1 Wu1=1 lo1=-4.33 du1=-2.9102 pin1=0.101 a1=[0.054 -1.528 -0.000 0.000 -1.537]
INFO  [mc_indi_tiltrotor] YWdbg nu2=-0.341 ach2=-0.249 r=0.01 wsp2=-0.48 ddelta=[-0.0120 -0.0120 -0.0115]
INFO  [mc_indi_tiltrotor] T0dbg1 G0=[-0.201 0.183 -0.160 0.788 -0.616] nu_des=[0.02 1.77 -0.35 9.37 2.12]
INFO  [mc_indi_tiltrotor] T0dbg2 Ws34=[0.1 20.0] Wu0=1.0 du0=0.3574 dmin0=-3.7121 dmax0=36.0000
INFO  [mc_indi_tiltrotor] T2dbg1 G2=[-0.001 -0.651 0.060 0.012 -1.000] G5=[-1.215 -1.260 -0.014 20.246 0.241]
INFO  [mc_indi_tiltrotor] T2dbg2 Wu25=[1.0 1000000.0] du25=[-2.5202 -0.0119] dmax25=[24.7523 0.0120] nu_yaw=-0.353
INFO  [mc_indi_tiltrotor] WRdbg0 Wu0=1 lo0=-3.71 du0=0.3574 pin0=0.058 a0=[-0.042 1.511 0.000 0.000 -1.170]
INFO  [mc_indi_tiltrotor] WRdbg1 Wu1=1 lo1=-3.23 du1=0.2867 pin1=-0.076 a1=[0.041 1.456 -0.000 0.000 -1.135]
INFO  [mc_indi_tiltrotor] T0dbg1 G0=[-0.200 0.182 -0.161 0.791 -0.612] nu_des=[0.02 4.54 -0.38 7.82 2.14]
INFO  [mc_indi_tiltrotor] T0dbg2 Ws34=[0.1 20.0] Wu0=1.0 du0=2.6100 dmin0=-4.7597 dmax0=36.0000
INFO  [mc_indi_tiltrotor] T2dbg1 G2=[-0.001 -0.651 0.060 0.011 -1.000] G5=[-1.136 -1.187 -0.013 18.936 0.213]
INFO  [mc_indi_tiltrotor] T2dbg2 Wu25=[1.0 1000000.0] du25=[-5.4700 -0.0113] dmax25=[26.0626 0.0120] nu_yaw=-0.384
INFO  [mc_indi_tiltrotor] WRdbg0 Wu0=1 lo0=-4.76 du0=2.6100 pin0=-0.043 a0=[-0.053 3.893 0.000 0.000 -1.187]
INFO  [mc_indi_tiltrotor] WRdbg1 Wu1=1 lo1=-4.20 du1=2.5514 pin1=-0.096 a1=[0.050 3.747 -0.000 0.000 -1.149]
INFO  [mc_indi_tiltrotor] YWdbg nu2=-0.360 ach2=-0.311 r=0.01 wsp2=-0.50 ddelta=[-0.0120 -0.0120 -0.0110]
INFO  [mc_indi_tiltrotor] T0dbg1 G0=[-0.200 0.181 -0.162 0.794 -0.608] nu_des=[0.02 5.08 -0.38 7.06 2.17]
INFO  [mc_indi_tiltrotor] T0dbg2 Ws34=[0.1 20.0] Wu0=1.0 du0=3.0631 dmin0=-5.2352 dmax0=36.0000
INFO  [mc_indi_tiltrotor] T2dbg1 G2=[-0.001 -0.651 0.060 0.011 -1.000] G5=[-1.082 -1.136 -0.012 18.031 0.194]
INFO  [mc_indi_tiltrotor] T2dbg2 Wu25=[1.0 1000000.0] du25=[-6.0495 -0.0108] dmax25=[26.9682 0.0120] nu_yaw=-0.380
INFO  [mc_indi_tiltrotor] WRdbg0 Wu0=1 lo0=-5.24 du0=3.0631 pin0=-0.052 a0=[-0.049 4.376 0.000 0.000 -1.211]
INFO  [mc_indi_tiltrotor] WRdbg1 Wu1=1 lo1=-4.69 du1=2.9857 pin1=-0.099 a1=[0.047 4.210 -0.000 0.000 -1.172]
INFO  [mc_indi_tiltrotor] T0dbg1 G0=[-0.199 0.181 -0.163 0.797 -0.604] nu_des=[-0.01 4.56 -0.29 3.07 2.81]
INFO  [mc_indi_tiltrotor] T0dbg2 Ws34=[0.1 20.0] Wu0=1.0 du0=2.2917 dmin0=-7.8288 dmax0=36.0000
INFO  [mc_indi_tiltrotor] T2dbg1 G2=[-0.001 -0.651 0.060 0.010 -1.000] G5=[-0.905 -0.955 -0.009 15.079 0.154]
INFO  [mc_indi_tiltrotor] T2dbg2 Wu25=[1.0 1000000.0] du25=[-5.7065 -0.0102] dmax25=[29.9197 0.0120] nu_yaw=-0.285
INFO  [mc_indi_tiltrotor] WRdbg0 Wu0=1 lo0=-7.83 du0=2.2917 pin0=-0.091 a0=[0.015 3.948 0.000 0.000 -1.580]
INFO  [mc_indi_tiltrotor] WRdbg1 Wu1=1 lo1=-7.20 du1=2.1305 pin1=-0.123 a1=[-0.014 3.795 -0.000 0.000 -1.527]
INFO  [mc_indi_tiltrotor] YWdbg nu2=-0.374 ach2=-0.392 r=0.01 wsp2=-0.50 ddelta=[-0.0120 -0.0120 -0.0103]
INFO  [mc_indi_tiltrotor] T0dbg1 G0=[-0.198 0.180 -0.164 0.800 -0.601] nu_des=[-0.01 4.58 -0.31 2.98 2.68]
INFO  [mc_indi_tiltrotor] T0dbg2 Ws34=[0.1 20.0] Wu0=1.0 du0=2.3946 dmin0=-7.8934 dmax0=36.0000
INFO  [mc_indi_tiltrotor] T2dbg1 G2=[-0.001 -0.651 0.060 0.009 -1.000] G5=[-0.907 -0.966 -0.009 15.115 0.142]
INFO  [mc_indi_tiltrotor] T2dbg2 Wu25=[1.0 1000000.0] du25=[-5.6855 -0.0094] dmax25=[29.8848 0.0120] nu_yaw=-0.307
INFO  [mc_indi_tiltrotor] WRdbg0 Wu0=1 lo0=-7.89 du0=2.3946 pin0=-0.094 a0=[0.016 3.986 0.000 0.000 -1.513]
INFO  [mc_indi_tiltrotor] WRdbg1 Wu1=1 lo1=-7.22 du1=2.2325 pin1=-0.122 a1=[-0.015 3.831 -0.000 0.000 -1.461]
INFO  [mc_indi_tiltrotor] T0dbg1 G0=[-0.197 0.179 -0.165 0.802 -0.597] nu_des=[-0.00 4.50 -0.30 2.95 2.61]
INFO  [mc_indi_tiltrotor] T0dbg2 Ws34=[0.1 20.0] Wu0=1.0 du0=2.3688 dmin0=-7.9028 dmax0=36.0000
INFO  [mc_indi_tiltrotor] T2dbg1 G2=[-0.001 -0.651 0.060 0.009 -1.000] G5=[-0.908 -0.968 -0.008 15.128 0.139]
INFO  [mc_indi_tiltrotor] T2dbg2 Wu25=[1.0 1000000.0] du25=[-5.5799 -0.0092] dmax25=[29.8714 0.0120] nu_yaw=-0.304
INFO  [mc_indi_tiltrotor] WRdbg0 Wu0=1 lo0=-7.90 du0=2.3688 pin0=-0.096 a0=[0.008 3.938 0.000 0.000 -1.482]
INFO  [mc_indi_tiltrotor] WRdbg1 Wu1=1 lo1=-7.20 du1=2.2231 pin1=-0.122 a1=[-0.008 3.784 -0.000 0.000 -1.431]
INFO  [mc_indi_tiltrotor] YWdbg nu2=-0.350 ach2=-0.201 r=0.01 wsp2=-0.50 ddelta=[-0.0120 -0.0120 -0.0109]
INFO  [mc_indi_tiltrotor] T0dbg1 G0=[-0.197 0.179 -0.166 0.805 -0.593] nu_des=[-0.00 4.55 -0.31 2.19 2.78]
INFO  [mc_indi_tiltrotor] T0dbg2 Ws34=[0.1 20.0] Wu0=1.0 du0=2.3208 dmin0=-8.3503 dmax0=36.0000
INFO  [mc_indi_tiltrotor] T2dbg1 G2=[-0.001 -0.651 0.060 0.010 -1.000] G5=[-0.924 -0.982 -0.009 15.395 0.148]
INFO  [mc_indi_tiltrotor] T2dbg2 Wu25=[1.0 1000000.0] du25=[-5.6796 -0.0096] dmax25=[29.6040 0.0120] nu_yaw=-0.308
INFO  [mc_indi_tiltrotor] WRdbg0 Wu0=1 lo0=-8.35 du0=2.3208 pin0=-0.102 a0=[0.007 3.999 0.000 0.000 -1.584]
INFO  [mc_indi_tiltrotor] WRdbg1 Wu1=1 lo1=-7.65 du1=2.1742 pin1=-0.131 a1=[-0.007 3.841 -0.000 0.000 -1.529]
INFO  [mc_indi_tiltrotor] T0dbg1 G0=[-0.196 0.178 -0.167 0.808 -0.590] nu_des=[0.00 4.59 -0.31 2.38 2.80]
INFO  [mc_indi_tiltrotor] T0dbg2 Ws34=[0.1 20.0] Wu0=1.0 du0=2.3546 dmin0=-8.2082 dmax0=36.0000
INFO  [mc_indi_tiltrotor] T2dbg1 G2=[-0.001 -0.651 0.060 0.009 -1.000] G5=[-0.930 -0.991 -0.009 15.497 0.144]
INFO  [mc_indi_tiltrotor] T2dbg2 Wu25=[1.0 1000000.0] du25=[-5.7301 -0.0093] dmax25=[29.5026 0.0120] nu_yaw=-0.311
INFO  [mc_indi_tiltrotor] WRdbg0 Wu0=1 lo0=-8.21 du0=2.3546 pin0=-0.101 a0=[-0.001 4.059 0.000 0.000 -1.603]
INFO  [mc_indi_tiltrotor] WRdbg1 Wu1=1 lo1=-7.50 du1=2.2228 pin1=-0.129 a1=[0.001 3.898 -0.000 0.000 -1.547]
INFO  [mc_indi_tiltrotor] YWdbg nu2=-0.257 ach2=0.068 r=0.01 wsp2=-0.50 ddelta=[0.0120 0.0120 0.0120]
INFO  [mc_indi_tiltrotor] T0dbg1 G0=[-0.195 0.178 -0.167 0.810 -0.586] nu_des=[-0.01 4.47 -0.31 2.24 2.72]
INFO  [mc_indi_tiltrotor] T0dbg2 Ws34=[0.1 20.0] Wu0=1.0 du0=2.3306 dmin0=-8.2660 dmax0=36.0000
INFO  [mc_indi_tiltrotor] T2dbg1 G2=[-0.001 -0.651 0.060 0.009 -1.000] G5=[-0.932 -0.994 -0.009 15.532 0.143]
INFO  [mc_indi_tiltrotor] T2dbg2 Wu25=[1.0 1000000.0] du25=[-5.5759 -0.0092] dmax25=[29.4674 0.0120] nu_yaw=-0.308
INFO  [mc_indi_tiltrotor] WRdbg0 Wu0=1 lo0=-8.27 du0=2.3306 pin0=-0.103 a0=[0.024 3.974 0.000 0.000 -1.565]
INFO  [mc_indi_tiltrotor] WRdbg1 Wu1=1 lo1=-7.56 du1=2.1521 pin1=-0.131 a1=[-0.023 3.815 -0.000 0.000 -1.509]
INFO  [mc_indi_tiltrotor] T0dbg1 G0=[-0.194 0.177 -0.168 0.813 -0.582] nu_des=[0.00 4.41 -0.31 2.49 2.63]
INFO  [mc_indi_tiltrotor] T0dbg2 Ws34=[0.1 20.0] Wu0=1.0 du0=2.3105 dmin0=-8.1026 dmax0=36.0000
INFO  [mc_indi_tiltrotor] T2dbg1 G2=[-0.001 -0.651 0.060 0.009 -1.000] G5=[-0.929 -0.991 -0.009 15.479 0.142]
INFO  [mc_indi_tiltrotor] T2dbg2 Wu25=[1.0 1000000.0] du25=[-5.4846 -0.0092] dmax25=[29.5208 0.0120] nu_yaw=-0.308
INFO  [mc_indi_tiltrotor] WRdbg0 Wu0=1 lo0=-8.10 du0=2.3105 pin0=-0.102 a0=[-0.004 3.942 0.000 0.000 -1.525]
INFO  [mc_indi_tiltrotor] WRdbg1 Wu1=1 lo1=-7.37 du1=2.1867 pin1=-0.129 a1=[0.004 3.783 -0.000 0.000 -1.471]
INFO  [mc_indi_tiltrotor] YWdbg nu2=-0.197 ach2=0.186 r=0.01 wsp2=-0.50 ddelta=[0.0120 0.0120 0.0120]
INFO  [mc_indi_tiltrotor] T0dbg1 G0=[-0.194 0.176 -0.169 0.815 -0.579] nu_des=[-0.01 3.59 -0.27 0.76 2.70]
INFO  [mc_indi_tiltrotor] T0dbg2 Ws34=[0.1 20.0] Wu0=1.0 du0=1.5644 dmin0=-9.1944 dmax0=35.8056
INFO  [mc_indi_tiltrotor] T2dbg1 G2=[-0.001 -0.651 0.060 0.010 -1.000] G5=[-0.882 -0.938 -0.008 14.702 0.141]
INFO  [mc_indi_tiltrotor] T2dbg2 Wu25=[1.0 1000000.0] du25=[-4.6348 -0.0096] dmax25=[30.2976 0.0120] nu_yaw=-0.267
INFO  [mc_indi_tiltrotor] WRdbg0 Wu0=1 lo0=-9.19 du0=1.5644 pin0=-0.119 a0=[0.035 3.219 0.000 0.000 -1.571]
INFO  [mc_indi_tiltrotor] WRdbg1 Wu1=1 lo1=-8.39 du1=1.3959 pin1=-0.144 a1=[-0.033 3.087 -0.000 0.000 -1.514]
INFO  [mc_indi_tiltrotor] T0dbg1 G0=[-0.193 0.175 -0.170 0.819 -0.574] nu_des=[-0.02 -0.86 -0.14 0.22 1.93]
INFO  [mc_indi_tiltrotor] T0dbg2 Ws34=[0.1 20.0] Wu0=1.0 du0=-1.7412 dmin0=-9.5376 dmax0=35.4624
INFO  [mc_indi_tiltrotor] T2dbg1 G2=[-0.001 -0.651 0.060 0.009 -1.000] G5=[-0.807 -0.861 -0.008 13.455 0.125]
INFO  [mc_indi_tiltrotor] T2dbg2 Wu25=[1.0 1000000.0] du25=[0.3084 0.0120] dmax25=[31.5440 0.0120] nu_yaw=-0.144
INFO  [mc_indi_tiltrotor] WRdbg0 Wu0=1 lo0=-9.54 du0=-1.7412 pin0=0.123 a0=[0.045 -0.779 0.000 0.000 -1.131]
INFO  [mc_indi_tiltrotor] WRdbg1 Wu1=1 lo1=-8.67 du1=-1.7235 pin1=0.153 a1=[-0.043 -0.745 -0.000 0.000 -1.088]
INFO  [mc_indi_tiltrotor] YWdbg nu2=-0.318 ach2=-0.119 r=0.01 wsp2=-0.50 ddelta=[0.0120 0.0120 -0.0118]
INFO  [mc_indi_tiltrotor] T0dbg1 G0=[-0.192 0.175 -0.171 0.822 -0.569] nu_des=[-0.01 -4.42 -0.09 2.01 1.88]
INFO  [mc_indi_tiltrotor] T0dbg2 Ws34=[0.1 20.0] Wu0=1.0 du0=-4.9975 dmin0=-8.3603 dmax0=36.0000
INFO  [mc_indi_tiltrotor] T2dbg1 G2=[-0.001 -0.651 0.060 0.010 -1.000] G5=[-0.888 -0.942 -0.009 14.797 0.144]
INFO  [mc_indi_tiltrotor] T2dbg2 Wu25=[1.0 1000000.0] du25=[4.0535 0.0120] dmax25=[30.2028 0.0120] nu_yaw=-0.095
INFO  [mc_indi_tiltrotor] WRdbg0 Wu0=1 lo0=-8.36 du0=-4.9975 pin0=0.106 a0=[0.025 -4.022 0.000 0.000 -1.107]
INFO  [mc_indi_tiltrotor] WRdbg1 Wu1=1 lo1=-7.53 du1=-4.7886 pin1=0.142 a1=[-0.024 -3.843 -0.000 0.000 -1.063]
INFO  [mc_indi_tiltrotor] T0dbg1 G0=[-0.191 0.174 -0.172 0.825 -0.564] nu_des=[-0.00 -4.93 -0.09 2.97 2.33]
INFO  [mc_indi_tiltrotor] T0dbg2 Ws34=[0.1 20.0] Wu0=1.0 du0=-5.8119 dmin0=-7.7294 dmax0=36.0000
INFO  [mc_indi_tiltrotor] T2dbg1 G2=[-0.001 -0.651 0.060 0.010 -1.000] G5=[-0.979 -1.033 -0.010 16.319 0.168]
INFO  [mc_indi_tiltrotor] T2dbg2 Wu25=[1.0 1000000.0] du25=[4.4415 0.0120] dmax25=[28.6801 0.0120] nu_yaw=-0.087
INFO  [mc_indi_tiltrotor] WRdbg0 Wu0=1 lo0=-7.73 du0=-5.8119 pin0=0.096 a0=[0.000 -4.523 0.000 0.000 -1.385]
INFO  [mc_indi_tiltrotor] WRdbg1 Wu1=1 lo1=-6.89 du1=-5.5060 pin1=0.138 a1=[-0.000 -4.315 -0.000 0.000 -1.329]
INFO  [mc_indi_tiltrotor] YWdbg nu2=-0.306 ach2=-0.084 r=0.01 wsp2=-0.50 ddelta=[0.0120 0.0120 -0.0113]
INFO  [mc_indi_tiltrotor] T0dbg1 G0=[-0.190 0.173 -0.173 0.828 -0.561] nu_des=[0.01 -4.72 -0.09 3.03 2.28]
INFO  [mc_indi_tiltrotor] T0dbg2 Ws34=[0.1 20.0] Wu0=1.0 du0=-5.6386 dmin0=-7.6844 dmax0=36.0000
INFO  [mc_indi_tiltrotor] T2dbg1 G2=[-0.001 -0.651 0.060 0.009 -1.000] G5=[-0.971 -1.033 -0.009 16.175 0.152]
INFO  [mc_indi_tiltrotor] T2dbg2 Wu25=[1.0 1000000.0] du25=[4.2341 0.0120] dmax25=[28.8241 0.0120] nu_yaw=-0.088
INFO  [mc_indi_tiltrotor] WRdbg0 Wu0=1 lo0=-7.68 du0=-5.6386 pin0=0.096 a0=[-0.020 -4.355 0.000 0.000 -1.360]
INFO  [mc_indi_tiltrotor] WRdbg1 Wu1=1 lo1=-6.83 du1=-5.3025 pin1=0.138 a1=[0.019 -4.155 -0.000 0.000 -1.304]
INFO  [mc_indi_tiltrotor] T0dbg1 G0=[-0.189 0.172 -0.174 0.831 -0.556] nu_des=[0.01 -4.37 -0.12 4.88 2.58]
INFO  [mc_indi_tiltrotor] T0dbg2 Ws34=[0.1 20.0] Wu0=1.0 du0=-5.5498 dmin0=-6.4760 dmax0=36.0000
INFO  [mc_indi_tiltrotor] T2dbg1 G2=[-0.001 -0.651 0.060 0.010 -1.000] G5=[-1.046 -1.105 -0.011 17.436 0.178]
INFO  [mc_indi_tiltrotor] T2dbg2 Wu25=[1.0 1000000.0] du25=[3.7601 0.0120] dmax25=[27.5628 0.0120] nu_yaw=-0.116
INFO  [mc_indi_tiltrotor] WRdbg0 Wu0=1 lo0=-6.48 du0=-5.5498 pin0=0.078 a0=[-0.015 -4.061 0.000 0.000 -1.552]
INFO  [mc_indi_tiltrotor] WRdbg1 Wu1=1 lo1=-5.69 du1=-5.2133 pin1=0.126 a1=[0.014 -3.867 -0.000 0.000 -1.486]
INFO  [mc_indi_tiltrotor] YWdbg nu2=-0.333 ach2=-0.149 r=0.01 wsp2=-0.50 ddelta=[0.0120 -0.0120 -0.0118]
INFO  [mc_indi_tiltrotor] T0dbg1 G0=[-0.188 0.171 -0.176 0.834 -0.551] nu_des=[0.00 -2.13 -0.22 7.43 2.76]
INFO  [mc_indi_tiltrotor] T0dbg2 Ws34=[0.1 20.0] Wu0=1.0 du0=-3.6233 dmin0=-4.8119 dmax0=36.0000
INFO  [mc_indi_tiltrotor] T2dbg1 G2=[-0.001 -0.651 0.060 0.011 -1.000] G5=[-1.192 -1.246 -0.013 19.871 0.223]
INFO  [mc_indi_tiltrotor] T2dbg2 Wu25=[1.0 1000000.0] du25=[1.3397 0.0120] dmax25=[25.1274 0.0120] nu_yaw=-0.216
INFO  [mc_indi_tiltrotor] WRdbg0 Wu0=1 lo0=-4.81 du0=-3.6233 pin0=0.050 a0=[-0.010 -1.989 0.000 0.000 -1.674]
INFO  [mc_indi_tiltrotor] WRdbg1 Wu1=1 lo1=-4.14 du1=-3.3704 pin1=0.111 a1=[0.010 -1.891 -0.000 0.000 -1.601]
INFO  [mc_indi_tiltrotor] T0dbg1 G0=[-0.187 0.171 -0.176 0.837 -0.547] nu_des=[0.02 -0.73 -0.26 7.91 2.54]
INFO  [mc_indi_tiltrotor] T0dbg2 Ws34=[0.1 20.0] Wu0=1.0 du0=-2.2574 dmin0=-4.5195 dmax0=36.0000
INFO  [mc_indi_tiltrotor] T2dbg1 G2=[-0.001 -0.651 0.060 0.011 -1.000] G5=[-1.213 -1.272 -0.013 20.218 0.221]
INFO  [mc_indi_tiltrotor] T2dbg2 Wu25=[1.0 1000000.0] du25=[-0.0567 0.0120] dmax25=[24.7805 0.0120] nu_yaw=-0.260
INFO  [mc_indi_tiltrotor] WRdbg0 Wu0=1 lo0=-4.52 du0=-2.2574 pin0=0.046 a0=[-0.066 -0.686 0.000 0.000 -1.552]
INFO  [mc_indi_tiltrotor] WRdbg1 Wu1=1 lo1=-3.82 du1=-1.9642 pin1=0.108 a1=[0.061 -0.651 -0.000 0.000 -1.482]
INFO  [mc_indi_tiltrotor] YWdbg nu2=-0.298 ach2=-0.064 r=0.01 wsp2=-0.50 ddelta=[0.0120 0.0120 -0.0110]
INFO  [mc_indi_tiltrotor] T0dbg1 G0=[-0.186 0.170 -0.177 0.840 -0.543] nu_des=[0.02 -1.29 -0.24 8.13 2.54]
INFO  [mc_indi_tiltrotor] T0dbg2 Ws34=[0.1 20.0] Wu0=1.0 du0=-2.7888 dmin0=-4.3771 dmax0=36.0000
INFO  [mc_indi_tiltrotor] T2dbg1 G2=[-0.001 -0.651 0.060 0.011 -1.000] G5=[-1.213 -1.274 -0.013 20.213 0.216]
INFO  [mc_indi_tiltrotor] T2dbg2 Wu25=[1.0 1000000.0] du25=[0.5331 0.0120] dmax25=[24.7854 0.0120] nu_yaw=-0.243
INFO  [mc_indi_tiltrotor] WRdbg0 Wu0=1 lo0=-4.38 du0=-2.7888 pin0=0.044 a0=[-0.052 -1.224 0.000 0.000 -1.556]
INFO  [mc_indi_tiltrotor] WRdbg1 Wu1=1 lo1=-3.68 du1=-2.4925 pin1=0.107 a1=[0.049 -1.163 -0.000 0.000 -1.486]
INFO  [mc_indi_tiltrotor] T0dbg1 G0=[-0.185 0.169 -0.178 0.842 -0.539] nu_des=[0.02 -1.02 -0.26 8.29 2.56]
INFO  [mc_indi_tiltrotor] T0dbg2 Ws34=[0.1 20.0] Wu0=1.0 du0=-2.5517 dmin0=-4.2691 dmax0=36.0000
INFO  [mc_indi_tiltrotor] T2dbg1 G2=[-0.001 -0.651 0.060 0.011 -1.000] G5=[-1.206 -1.269 -0.013 20.097 0.211]
INFO  [mc_indi_tiltrotor] T2dbg2 Wu25=[1.0 1000000.0] du25=[0.2339 0.0120] dmax25=[24.9021 0.0120] nu_yaw=-0.261
INFO  [mc_indi_tiltrotor] WRdbg0 Wu0=1 lo0=-4.27 du0=-2.5517 pin0=0.043 a0=[-0.047 -0.968 0.000 0.000 -1.580]
INFO  [mc_indi_tiltrotor] WRdbg1 Wu1=1 lo1=-3.58 du1=-2.2765 pin1=0.106 a1=[0.044 -0.919 -0.000 0.000 -1.508]
INFO  [mc_indi_tiltrotor] YWdbg nu2=-0.204 ach2=0.195 r=0.01 wsp2=-0.50 ddelta=[0.0120 0.0120 0.0120]
INFO  [mc_indi_tiltrotor] T0dbg1 G0=[-0.185 0.169 -0.179 0.844 -0.536] nu_des=[0.03 -1.72 -0.24 8.16 2.71]
INFO  [mc_indi_tiltrotor] T0dbg2 Ws34=[0.1 20.0] Wu0=1.0 du0=-3.3739 dmin0=-4.3366 dmax0=36.0000
INFO  [mc_indi_tiltrotor] T2dbg1 G2=[-0.001 -0.651 0.060 0.010 -1.000] G5=[-1.218 -1.283 -0.013 20.300 0.213]
INFO  [mc_indi_tiltrotor] T2dbg2 Wu25=[1.0 1000000.0] du25=[0.9143 0.0120] dmax25=[24.6989 0.0120] nu_yaw=-0.242
INFO  [mc_indi_tiltrotor] WRdbg0 Wu0=1 lo0=-4.34 du0=-3.3739 pin0=0.045 a0=[-0.089 -1.646 0.000 0.000 -1.683]
INFO  [mc_indi_tiltrotor] WRdbg1 Wu1=1 lo1=-3.64 du1=-2.9756 pin1=0.108 a1=[0.084 -1.562 -0.000 0.000 -1.605]
INFO  [mc_indi_tiltrotor] T0dbg1 G0=[-0.184 0.168 -0.180 0.848 -0.531] nu_des=[0.03 1.34 -0.31 8.98 2.17]
INFO  [mc_indi_tiltrotor] T0dbg2 Ws34=[0.1 20.0] Wu0=1.0 du0=-0.0917 dmin0=-3.7551 dmax0=36.0000
INFO  [mc_indi_tiltrotor] T2dbg1 G2=[-0.001 -0.651 0.060 0.012 -1.000] G5=[-1.209 -1.254 -0.014 20.143 0.240]
INFO  [mc_indi_tiltrotor] T2dbg2 Wu25=[1.0 1000000.0] du25=[-2.0767 -0.0119] dmax25=[24.8557 0.0120] nu_yaw=-0.305
INFO  [mc_indi_tiltrotor] WRdbg0 Wu0=1 lo0=-3.76 du0=-0.0917 pin0=0.069 a0=[-0.095 1.292 0.000 0.000 -1.358]
INFO  [mc_indi_tiltrotor] WRdbg1 Wu1=1 lo1=-3.17 du1=-0.0661 pin1=-0.084 a1=[0.089 1.223 -0.000 0.000 -1.293]
INFO  [mc_indi_tiltrotor] YWdbg nu2=-0.222 ach2=0.155 r=0.01 wsp2=-0.50 ddelta=[0.0120 0.0120 0.0120]
INFO  [mc_indi_tiltrotor] T0dbg1 G0=[-0.183 0.167 -0.181 0.850 -0.526] nu_des=[0.03 4.00 -0.37 8.16 1.83]
INFO  [mc_indi_tiltrotor] T0dbg2 Ws34=[0.1 20.0] Wu0=1.0 du0=2.6002 dmin0=-4.2523 dmax0=36.0000
INFO  [mc_indi_tiltrotor] T2dbg1 G2=[-0.001 -0.651 0.060 0.011 -1.000] G5=[-1.168 -1.220 -0.013 19.473 0.220]
INFO  [mc_indi_tiltrotor] T2dbg2 Wu25=[1.0 1000000.0] du25=[-4.7453 -0.0113] dmax25=[25.5257 0.0120] nu_yaw=-0.373
INFO  [mc_indi_tiltrotor] WRdbg0 Wu0=1 lo0=-4.25 du0=2.6002 pin0=-0.047 a0=[-0.082 3.883 0.000 0.000 -1.154]
INFO  [mc_indi_tiltrotor] WRdbg1 Wu1=1 lo1=-3.67 du1=2.5455 pin1=-0.104 a1=[0.076 3.671 -0.000 0.000 -1.097]
INFO  [mc_indi_tiltrotor] T0dbg1 G0=[-0.182 0.166 -0.182 0.853 -0.523] nu_des=[0.01 4.78 -0.39 7.01 1.93]
INFO  [mc_indi_tiltrotor] T0dbg2 Ws34=[0.1 20.0] Wu0=1.0 du0=3.3557 dmin0=-4.9687 dmax0=36.0000
INFO  [mc_indi_tiltrotor] T2dbg1 G2=[-0.001 -0.651 0.060 0.010 -1.000] G5=[-1.138 -1.199 -0.012 18.964 0.197]
INFO  [mc_indi_tiltrotor] T2dbg2 Wu25=[1.0 1000000.0] du25=[-5.5913 -0.0104] dmax25=[26.0354 0.0120] nu_yaw=-0.395
INFO  [mc_indi_tiltrotor] WRdbg0 Wu0=1 lo0=-4.97 du0=3.3557 pin0=-0.062 a0=[-0.034 4.673 0.000 0.000 -1.222]
INFO  [mc_indi_tiltrotor] WRdbg1 Wu1=1 lo1=-4.32 du1=3.1750 pin1=-0.110 a1=[0.031 4.415 -0.000 0.000 -1.160]
INFO  [mc_indi_tiltrotor] YWdbg nu2=-0.195 ach2=0.201 r=0.01 wsp2=-0.50 ddelta=[0.0120 0.0120 0.0120]
INFO  [mc_indi_tiltrotor] T0dbg1 G0=[-0.181 0.165 -0.183 0.855 -0.519] nu_des=[0.01 4.74 -0.36 6.66 1.89]
INFO  [mc_indi_tiltrotor] T0dbg2 Ws34=[0.1 20.0] Wu0=1.0 du0=3.3455 dmin0=-5.1891 dmax0=36.0000
INFO  [mc_indi_tiltrotor] T2dbg1 G2=[-0.001 -0.651 0.060 0.010 -1.000] G5=[-1.144 -1.210 -0.011 19.059 0.191]
INFO  [mc_indi_tiltrotor] T2dbg2 Wu25=[1.0 1000000.0] du25=[-5.5297 -0.0100] dmax25=[25.9404 0.0120] nu_yaw=-0.362
INFO  [mc_indi_tiltrotor] WRdbg0 Wu0=1 lo0=-5.19 du0=3.3455 pin0=-0.067 a0=[-0.041 4.657 0.000 0.000 -1.204]
INFO  [mc_indi_tiltrotor] WRdbg1 Wu1=1 lo1=-4.50 du1=3.1817 pin1=-0.112 a1=[0.038 4.399 -0.000 0.000 -1.143]
INFO  [mc_indi_tiltrotor] T0dbg1 G0=[-0.180 0.165 -0.183 0.857 -0.515] nu_des=[0.02 4.69 -0.37 6.47 1.88]
INFO  [mc_indi_tiltrotor] T0dbg2 Ws34=[0.1 20.0] Wu0=1.0 du0=3.3281 dmin0=-5.2940 dmax0=36.0000
INFO  [mc_indi_tiltrotor] T2dbg1 G2=[-0.001 -0.651 0.060 0.010 -1.000] G5=[-1.145 -1.212 -0.011 19.086 0.190]
INFO  [mc_indi_tiltrotor] T2dbg2 Wu25=[1.0 1000000.0] du25=[-5.4799 -0.0100] dmax25=[25.9130 0.0120] nu_yaw=-0.370
INFO  [mc_indi_tiltrotor] WRdbg0 Wu0=1 lo0=-5.29 du0=3.3281 pin0=-0.069 a0=[-0.044 4.646 0.000 0.000 -1.204]
INFO  [mc_indi_tiltrotor] WRdbg1 Wu1=1 lo1=-4.60 du1=3.1699 pin1=-0.115 a1=[0.041 4.386 -0.000 0.000 -1.142]
INFO  [mc_indi_tiltrotor] YWdbg nu2=-0.125 ach2=0.338 r=0.01 wsp2=-0.50 ddelta=[0.0120 0.0120 0.0120]
INFO  [mc_indi_tiltrotor] T0dbg1 G0=[-0.179 0.164 -0.184 0.860 -0.510] nu_des=[0.01 5.17 -0.36 4.18 2.46]
INFO  [mc_indi_tiltrotor] T0dbg2 Ws34=[0.1 20.0] Wu0=1.0 du0=3.4383 dmin0=-6.6396 dmax0=36.0000
INFO  [mc_indi_tiltrotor] T2dbg1 G2=[-0.001 -0.651 0.060 0.010 -1.000] G5=[-1.089 -1.147 -0.011 18.156 0.190]
INFO  [mc_indi_tiltrotor] T2dbg2 Wu25=[1.0 1000000.0] du25=[-6.1690 -0.0105] dmax25=[26.8434 0.0120] nu_yaw=-0.358
INFO  [mc_indi_tiltrotor] WRdbg0 Wu0=1 lo0=-6.64 du0=3.4383 pin0=-0.093 a0=[-0.033 5.157 0.000 0.000 -1.593]
INFO  [mc_indi_tiltrotor] WRdbg1 Wu1=1 lo1=-5.94 du1=3.2424 pin1=-0.136 a1=[0.030 4.857 -0.000 0.000 -1.508]
INFO  [mc_indi_tiltrotor] T0dbg1 G0=[-0.178 0.163 -0.185 0.862 -0.506] nu_des=[-0.01 4.53 -0.33 0.76 2.71]
INFO  [mc_indi_tiltrotor] T0dbg2 Ws34=[0.1 20.0] Wu0=1.0 du0=2.6699 dmin0=-8.7670 dmax0=36.0000
INFO  [mc_indi_tiltrotor] T2dbg1 G2=[-0.001 -0.651 0.060 0.010 -1.000] G5=[-1.008 -1.067 -0.010 16.808 0.169]
INFO  [mc_indi_tiltrotor] T2dbg2 Wu25=[1.0 1000000.0] du25=[-5.5853 -0.0100] dmax25=[28.1911 0.0120] nu_yaw=-0.328
INFO  [mc_indi_tiltrotor] WRdbg0 Wu0=1 lo0=-8.77 du0=2.6699 pin0=-0.133 a0=[0.024 4.545 0.000 0.000 -1.766]
INFO  [mc_indi_tiltrotor] WRdbg1 Wu1=1 lo1=-7.83 du1=2.4202 pin1=-0.162 a1=[-0.022 4.274 -0.000 0.000 -1.669]
INFO  [mc_indi_tiltrotor] YWdbg nu2=-0.137 ach2=0.298 r=0.01 wsp2=-0.50 ddelta=[0.0120 0.0120 0.0120]
INFO  [mc_indi_tiltrotor] T0dbg1 G0=[-0.177 0.162 -0.186 0.865 -0.502] nu_des=[-0.01 5.02 -0.34 2.03 2.82]
INFO  [mc_indi_tiltrotor] T0dbg2 Ws34=[0.1 20.0] Wu0=1.0 du0=3.1257 dmin0=-7.8763 dmax0=36.0000
INFO  [mc_indi_tiltrotor] T2dbg1 G2=[-0.001 -0.651 0.060 0.010 -1.000] G5=[-1.045 -1.108 -0.010 17.418 0.172]
INFO  [mc_indi_tiltrotor] T2dbg2 Wu25=[1.0 1000000.0] du25=[-6.1204 -0.0099] dmax25=[27.5809 0.0120] nu_yaw=-0.339
INFO  [mc_indi_tiltrotor] WRdbg0 Wu0=1 lo0=-7.88 du0=3.1257 pin0=-0.119 a0=[0.022 5.072 0.000 0.000 -1.849]
INFO  [mc_indi_tiltrotor] WRdbg1 Wu1=1 lo1=-7.19 du1=2.8452 pin1=-0.154 a1=[-0.020 4.764 -0.000 0.000 -1.745]
INFO  [mc_indi_tiltrotor] T0dbg1 G0=[-0.176 0.161 -0.187 0.868 -0.497] nu_des=[-0.02 4.33 -0.31 0.07 2.86]
INFO  [mc_indi_tiltrotor] T0dbg2 Ws34=[0.1 20.0] Wu0=1.0 du0=2.4314 dmin0=-9.0914 dmax0=35.9086
INFO  [mc_indi_tiltrotor] T2dbg1 G2=[-0.001 -0.651 0.060 0.010 -1.000] G5=[-0.995 -1.049 -0.010 16.577 0.171]
INFO  [mc_indi_tiltrotor] T2dbg2 Wu25=[1.0 1000000.0] du25=[-5.4251 -0.0103] dmax25=[28.4216 0.0120] nu_yaw=-0.310
INFO  [mc_indi_tiltrotor] WRdbg0 Wu0=1 lo0=-9.09 du0=2.4314 pin0=-0.142 a0=[0.051 4.411 0.000 0.000 -1.889]
INFO  [mc_indi_tiltrotor] WRdbg1 Wu1=1 lo1=-8.22 du1=2.1360 pin1=-0.172 a1=[-0.047 4.135 -0.000 0.000 -1.781]
INFO  [mc_indi_tiltrotor] YWdbg nu2=-0.120 ach2=0.370 r=0.01 wsp2=-0.50 ddelta=[0.0120 0.0120 0.0120]
INFO  [mc_indi_tiltrotor] T0dbg1 G0=[-0.176 0.161 -0.188 0.870 -0.493] nu_des=[-0.04 1.38 -0.19 -1.37 2.33]
INFO  [mc_indi_tiltrotor] T0dbg2 Ws34=[0.1 20.0] Wu0=1.0 du0=0.1629 dmin0=-10.0136 dmax0=34.9864
INFO  [mc_indi_tiltrotor] T2dbg1 G2=[-0.001 -0.651 0.060 0.010 -1.000] G5=[-0.919 -0.973 -0.009 15.312 0.151]
INFO  [mc_indi_tiltrotor] T2dbg2 Wu25=[1.0 1000000.0] du25=[-2.1533 -0.0099] dmax25=[29.6868 0.0120] nu_yaw=-0.190
INFO  [mc_indi_tiltrotor] WRdbg0 Wu0=1 lo0=-10.01 du0=0.1629 pin0=0.192 a0=[0.104 1.416 0.000 -0.000 -1.549]
INFO  [mc_indi_tiltrotor] WRdbg1 Wu1=1 lo1=-8.97 du1=-0.1149 pin1=0.112 a1=[-0.095 1.326 -0.000 -0.000 -1.457]
INFO  [mc_indi_tiltrotor] T0dbg1 G0=[-0.175 0.160 -0.189 0.872 -0.489] nu_des=[-0.03 0.36 -0.17 -0.97 2.00]
INFO  [mc_indi_tiltrotor] T0dbg2 Ws34=[0.1 20.0] Wu0=1.0 du0=-0.6722 dmin0=-9.9454 dmax0=35.0546
INFO  [mc_indi_tiltrotor] T2dbg1 G2=[-0.001 -0.651 0.060 0.009 -1.000] G5=[-0.908 -0.974 -0.008 15.139 0.133]
INFO  [mc_indi_tiltrotor] T2dbg2 Wu25=[1.0 1000000.0] du25=[-0.9952 -0.0088] dmax25=[29.8604 0.0120] nu_yaw=-0.172
INFO  [mc_indi_tiltrotor] WRdbg0 Wu0=1 lo0=-9.95 du0=-0.6722 pin0=0.190 a0=[0.100 0.375 0.000 -0.000 -1.337]
INFO  [mc_indi_tiltrotor] WRdbg1 Wu1=1 lo1=-8.85 du1=-0.8815 pin1=0.116 a1=[-0.091 0.351 -0.000 -0.000 -1.257]
INFO  [mc_indi_tiltrotor] YWdbg nu2=-0.108 ach2=0.359 r=0.00 wsp2=-0.50 ddelta=[0.0120 0.0120 0.0120]
INFO  [mc_indi_tiltrotor] T0dbg1 G0=[-0.174 0.159 -0.189 0.874 -0.486] nu_des=[-0.02 0.46 -0.18 -1.02 2.06]
INFO  [mc_indi_tiltrotor] T0dbg2 Ws34=[0.1 20.0] Wu0=1.0 du0=-0.6539 dmin0=-10.1174 dmax0=34.8826
INFO  [mc_indi_tiltrotor] T2dbg1 G2=[-0.001 -0.651 0.060 0.009 -1.000] G5=[-0.920 -0.988 -0.008 15.332 0.131]
INFO  [mc_indi_tiltrotor] T2dbg2 Wu25=[1.0 1000000.0] du25=[-1.1137 -0.0085] dmax25=[29.6675 0.0120] nu_yaw=-0.180
INFO  [mc_indi_tiltrotor] WRdbg0 Wu0=1 lo0=-10.12 du0=-0.6539 pin0=0.195 a0=[0.064 0.475 0.000 -0.000 -1.388]
INFO  [mc_indi_tiltrotor] WRdbg1 Wu1=1 lo1=-8.99 du1=-0.7974 pin1=0.120 a1=[-0.058 0.445 -0.000 -0.000 -1.304]
INFO  [mc_indi_tiltrotor] T0dbg1 G0=[-0.173 0.159 -0.190 0.876 -0.482] nu_des=[-0.03 0.51 -0.18 -1.26 2.09]
INFO  [mc_indi_tiltrotor] T0dbg2 Ws34=[0.1 20.0] Wu0=1.0 du0=-0.6082 dmin0=-10.4188 dmax0=34.5812
INFO  [mc_indi_tiltrotor] T2dbg1 G2=[-0.001 -0.651 0.060 0.008 -1.000] G5=[-0.955 -1.026 -0.008 15.911 0.135]
INFO  [mc_indi_tiltrotor] T2dbg2 Wu25=[1.0 1000000.0] du25=[-1.1718 -0.0085] dmax25=[29.0882 0.0120] nu_yaw=-0.176
INFO  [mc_indi_tiltrotor] WRdbg0 Wu0=1 lo0=-10.42 du0=-0.6082 pin0=0.202 a0=[0.078 0.528 0.000 -0.000 -1.417]
INFO  [mc_indi_tiltrotor] WRdbg1 Wu1=1 lo1=-9.21 du1=-0.7836 pin1=0.124 a1=[-0.071 0.494 -0.000 -0.000 -1.330]
INFO  [mc_indi_tiltrotor] YWdbg nu2=-0.078 ach2=0.360 r=0.01 wsp2=-0.50 ddelta=[0.0120 0.0120 0.0120]
INFO  [mc_indi_tiltrotor] T0dbg1 G0=[-0.172 0.158 -0.191 0.879 -0.478] nu_des=[-0.02 0.42 -0.17 -1.18 2.07]
INFO  [mc_indi_tiltrotor] T0dbg2 Ws34=[0.1 20.0] Wu0=1.0 du0=-0.7007 dmin0=-10.5299 dmax0=34.4701
INFO  [mc_indi_tiltrotor] T2dbg1 G2=[-0.001 -0.651 0.060 0.008 -1.000] G5=[-0.967 -1.040 -0.008 16.122 0.137]
INFO  [mc_indi_tiltrotor] T2dbg2 Wu25=[1.0 1000000.0] du25=[-1.0845 -0.0085] dmax25=[28.8770 0.0120] nu_yaw=-0.174
INFO  [mc_indi_tiltrotor] WRdbg0 Wu0=1 lo0=-10.53 du0=-0.7007 pin0=0.206 a0=[0.063 0.447 0.000 -0.000 -1.417]
INFO  [mc_indi_tiltrotor] WRdbg1 Wu1=1 lo1=-9.27 du1=-0.8433 pin1=0.126 a1=[-0.057 0.417 -0.000 -0.000 -1.330]
INFO  [mc_indi_tiltrotor] T0dbg1 G0=[-0.171 0.157 -0.192 0.881 -0.474] nu_des=[-0.03 0.60 -0.17 -1.18 2.17]
INFO  [mc_indi_tiltrotor] T0dbg2 Ws34=[0.1 20.0] Wu0=1.0 du0=-0.5720 dmin0=-10.6359 dmax0=34.3641
INFO  [mc_indi_tiltrotor] T2dbg1 G2=[-0.001 -0.651 0.060 0.008 -1.000] G5=[-0.989 -1.063 -0.008 16.475 0.140]
INFO  [mc_indi_tiltrotor] T2dbg2 Wu25=[1.0 1000000.0] du25=[-1.2910 -0.0085] dmax25=[28.5240 0.0120] nu_yaw=-0.172
INFO  [mc_indi_tiltrotor] WRdbg0 Wu0=1 lo0=-10.64 du0=-0.5720 pin0=0.211 a0=[0.075 0.631 0.000 -0.000 -1.489]
INFO  [mc_indi_tiltrotor] WRdbg1 Wu1=1 lo1=-9.41 du1=-0.7471 pin1=0.129 a1=[-0.069 0.590 -0.000 -0.000 -1.397]
INFO  [mc_indi_tiltrotor] YWdbg nu2=-0.122 ach2=0.114 r=0.01 wsp2=-0.50 ddelta=[0.0120 0.0120 0.0120]
INFO  [mc_indi_tiltrotor] T0dbg1 G0=[-0.170 0.156 -0.193 0.883 -0.470] nu_des=[-0.02 0.43 -0.18 -1.09 2.00]
INFO  [mc_indi_tiltrotor] T0dbg2 Ws34=[0.1 20.0] Wu0=1.0 du0=-0.6355 dmin0=-10.7504 dmax0=34.2496
INFO  [mc_indi_tiltrotor] T2dbg1 G2=[-0.001 -0.651 0.060 0.008 -1.000] G5=[-1.013 -1.089 -0.009 16.890 0.143]
INFO  [mc_indi_tiltrotor] T2dbg2 Wu25=[1.0 1000000.0] du25=[-1.0680 -0.0085] dmax25=[28.1095 0.0120] nu_yaw=-0.179
INFO  [mc_indi_tiltrotor] WRdbg0 Wu0=1 lo0=-10.75 du0=-0.6355 pin0=0.215 a0=[0.073 0.461 0.000 -0.000 -1.385]
INFO  [mc_indi_tiltrotor] WRdbg1 Wu1=1 lo1=-9.44 du1=-0.8038 pin1=0.131 a1=[-0.067 0.430 -0.000 -0.000 -1.298]
INFO  [mc_indi_tiltrotor] T0dbg1 G0=[-0.170 0.156 -0.193 0.885 -0.466] nu_des=[-0.02 0.41 -0.18 -1.24 2.05]
INFO  [mc_indi_tiltrotor] T0dbg2 Ws34=[0.1 20.0] Wu0=1.0 du0=-0.6993 dmin0=-10.8135 dmax0=34.1865
INFO  [mc_indi_tiltrotor] T2dbg1 G2=[-0.001 -0.651 0.060 0.008 -1.000] G5=[-1.037 -1.115 -0.009 17.284 0.146]
INFO  [mc_indi_tiltrotor] T2dbg2 Wu25=[1.0 1000000.0] du25=[-1.0665 -0.0085] dmax25=[27.7150 0.0120] nu_yaw=-0.179
INFO  [mc_indi_tiltrotor] WRdbg0 Wu0=1 lo0=-10.81 du0=-0.6993 pin0=0.218 a0=[0.067 0.445 0.000 -0.000 -1.429]
INFO  [mc_indi_tiltrotor] WRdbg1 Wu1=1 lo1=-9.49 du1=-0.8527 pin1=0.132 a1=[-0.061 0.415 -0.000 -0.000 -1.339]
INFO  [mc_indi_tiltrotor] YWdbg nu2=-0.225 ach2=-0.220 r=0.02 wsp2=-0.50 ddelta=[-0.0120 -0.0120 -0.0087]
INFO  [mc_indi_tiltrotor] T0dbg1 G0=[-0.169 0.155 -0.194 0.887 -0.462] nu_des=[-0.03 0.34 -0.17 -0.86 1.98]
INFO  [mc_indi_tiltrotor] T0dbg2 Ws34=[0.1 20.0] Wu0=1.0 du0=-0.7207 dmin0=-10.7160 dmax0=34.2840
INFO  [mc_indi_tiltrotor] T2dbg1 G2=[-0.001 -0.651 0.060 0.008 -1.000] G5=[-1.064 -1.143 -0.009 17.727 0.150]
INFO  [mc_indi_tiltrotor] T2dbg2 Wu25=[1.0 1000000.0] du25=[-0.9717 -0.0085] dmax25=[27.2725 0.0120] nu_yaw=-0.172
INFO  [mc_indi_tiltrotor] WRdbg0 Wu0=1 lo0=-10.72 du0=-0.7207 pin0=0.219 a0=[0.076 0.372 0.000 -0.000 -1.388]
INFO  [mc_indi_tiltrotor] WRdbg1 Wu1=1 lo1=-9.40 du1=-0.8912 pin1=0.131 a1=[-0.069 0.347 -0.000 -0.000 -1.300]
INFO  [mc_indi_tiltrotor] T0dbg1 G0=[-0.168 0.154 -0.195 0.889 -0.458] nu_des=[-0.02 0.39 -0.17 -0.37 2.02]
INFO  [mc_indi_tiltrotor] T0dbg2 Ws34=[0.1 20.0] Wu0=1.0 du0=-0.7154 dmin0=-10.5435 dmax0=34.4565
INFO  [mc_indi_tiltrotor] T2dbg1 G2=[-0.001 -0.651 0.060 0.008 -1.000] G5=[-1.080 -1.161 -0.009 18.006 0.153]
INFO  [mc_indi_tiltrotor] T2dbg2 Wu25=[1.0 1000000.0] du25=[-1.0303 -0.0085] dmax25=[26.9934 0.0120] nu_yaw=-0.167
INFO  [mc_indi_tiltrotor] WRdbg0 Wu0=1 lo0=-10.54 du0=-0.7154 pin0=0.218 a0=[0.074 0.421 0.000 -0.000 -1.428]
INFO  [mc_indi_tiltrotor] WRdbg1 Wu1=1 lo1=-9.25 du1=-0.8824 pin1=0.129 a1=[-0.067 0.392 -0.000 -0.000 -1.337]
INFO  [mc_indi_tiltrotor] YWdbg nu2=-0.313 ach2=-0.394 r=0.02 wsp2=-0.50 ddelta=[-0.0120 -0.0120 -0.0092]
INFO  [mc_indi_tiltrotor] T0dbg1 G0=[-0.167 0.153 -0.196 0.891 -0.454] nu_des=[-0.03 0.33 -0.18 -0.21 2.01]
INFO  [mc_indi_tiltrotor] T0dbg2 Ws34=[0.1 20.0] Wu0=1.0 du0=-0.7722 dmin0=-10.6102 dmax0=34.3898
INFO  [mc_indi_tiltrotor] T2dbg1 G2=[-0.001 -0.651 0.060 0.008 -1.000] G5=[-1.092 -1.174 -0.009 18.200 0.154]
INFO  [mc_indi_tiltrotor] T2dbg2 Wu25=[1.0 1000000.0] du25=[-0.9654 -0.0085] dmax25=[26.7991 0.0120] nu_yaw=-0.177
INFO  [mc_indi_tiltrotor] WRdbg0 Wu0=1 lo0=-10.61 du0=-0.7722 pin0=0.221 a0=[0.080 0.357 0.000 -0.000 -1.431]
INFO  [mc_indi_tiltrotor] WRdbg1 Wu1=1 lo1=-9.24 du1=-0.9476 pin1=0.130 a1=[-0.073 0.333 -0.000 -0.000 -1.338]
INFO  [mc_indi_tiltrotor] T0dbg1 G0=[-0.166 0.153 -0.196 0.893 -0.450] nu_des=[-0.03 0.41 -0.18 -0.20 1.94]
INFO  [mc_indi_tiltrotor] T0dbg2 Ws34=[0.1 20.0] Wu0=1.0 du0=-0.6256 dmin0=-10.7289 dmax0=34.2711
INFO  [mc_indi_tiltrotor] T2dbg1 G2=[-0.001 -0.651 0.060 0.008 -1.000] G5=[-1.109 -1.192 -0.009 18.482 0.157]
INFO  [mc_indi_tiltrotor] T2dbg2 Wu25=[1.0 1000000.0] du25=[-1.0301 -0.0085] dmax25=[26.5177 0.0120] nu_yaw=-0.181
INFO  [mc_indi_tiltrotor] WRdbg0 Wu0=1 lo0=-10.73 du0=-0.6256 pin0=0.226 a0=[0.090 0.453 0.000 -0.000 -1.395]
INFO  [mc_indi_tiltrotor] WRdbg1 Wu1=1 lo1=-9.37 du1=-0.8295 pin1=0.134 a1=[-0.081 0.422 -0.000 -0.000 -1.304]
INFO  [mc_indi_tiltrotor] YWdbg nu2=-0.358 ach2=-0.424 r=0.02 wsp2=-0.50 ddelta=[-0.0120 -0.0120 -0.0097]
INFO  [mc_indi_tiltrotor] T0dbg1 G0=[-0.165 0.152 -0.197 0.895 -0.446] nu_des=[-0.03 0.35 -0.18 0.12 2.03]
INFO  [mc_indi_tiltrotor] T0dbg2 Ws34=[0.1 20.0] Wu0=1.0 du0=-0.7680 dmin0=-10.6373 dmax0=34.3627
INFO  [mc_indi_tiltrotor] T2dbg1 G2=[-0.001 -0.651 0.060 0.008 -1.000] G5=[-1.125 -1.209 -0.010 18.743 0.159]
INFO  [mc_indi_tiltrotor] T2dbg2 Wu25=[1.0 1000000.0] du25=[-0.9954 -0.0085] dmax25=[26.2559 0.0120] nu_yaw=-0.177
INFO  [mc_indi_tiltrotor] WRdbg0 Wu0=1 lo0=-10.64 du0=-0.7680 pin0=0.227 a0=[0.091 0.385 0.000 0.000 -1.470]
INFO  [mc_indi_tiltrotor] WRdbg1 Wu1=1 lo1=-9.33 du1=-0.9639 pin1=0.134 a1=[-0.082 0.358 -0.000 0.000 -1.373]
INFO  [mc_indi_tiltrotor] T0dbg1 G0=[-0.164 0.151 -0.198 0.898 -0.441] nu_des=[-0.04 -3.28 -0.11 0.90 1.66]
INFO  [mc_indi_tiltrotor] T0dbg2 Ws34=[0.1 20.0] Wu0=1.0 du0=-4.5895 dmin0=-10.2408 dmax0=34.7592
INFO  [mc_indi_tiltrotor] T2dbg1 G2=[-0.001 -0.651 0.060 0.010 -1.000] G5=[-1.139 -1.211 -0.011 18.986 0.181]
INFO  [mc_indi_tiltrotor] T2dbg2 Wu25=[1.0 1000000.0] du25=[2.7943 0.0120] dmax25=[26.0130 0.0120] nu_yaw=-0.110
INFO  [mc_indi_tiltrotor] WRdbg0 Wu0=1 lo0=-10.24 du0=-4.5895 pin0=0.180 a0=[0.129 -3.690 0.000 0.000 -1.208]
INFO  [mc_indi_tiltrotor] WRdbg1 Wu1=1 lo1=-8.90 du1=-4.4463 pin1=0.221 a1=[-0.116 -3.424 -0.000 0.000 -1.126]
INFO  [mc_indi_tiltrotor] YWdbg nu2=-0.348 ach2=-0.437 r=0.02 wsp2=-0.50 ddelta=[-0.0120 -0.0120 -0.0105]
INFO  [mc_indi_tiltrotor] T0dbg1 G0=[-0.163 0.150 -0.199 0.900 -0.435] nu_des=[-0.01 -4.36 -0.11 6.13 2.60]
INFO  [mc_indi_tiltrotor] T0dbg2 Ws34=[0.1 20.0] Wu0=1.0 du0=-6.5104 dmin0=-7.1605 dmax0=36.0000
INFO  [mc_indi_tiltrotor] T2dbg1 G2=[-0.001 -0.651 0.060 0.011 -1.000] G5=[-1.385 -1.450 -0.015 23.078 0.254]
INFO  [mc_indi_tiltrotor] T2dbg2 Wu25=[1.0 1000000.0] du25=[3.6570 0.0120] dmax25=[21.9203 0.0120] nu_yaw=-0.106
INFO  [mc_indi_tiltrotor] WRdbg0 Wu0=1 lo0=-7.16 du0=-6.5104 pin0=-4.590 a0=[0.057 -1.432 0.000 0.000 -0.546]
INFO  [mc_indi_tiltrotor] WRdbg1 Wu1=1000000 lo1=-5.94 du1=-5.9389 pin1=-5.939 a1=[-0.000 -0.000 -0.000 0.000 -0.000]
INFO  [mc_indi_tiltrotor] T0dbg1 G0=[-0.161 0.149 -0.200 0.903 -0.429] nu_des=[0.04 0.89 -0.29 10.27 2.07]
INFO  [mc_indi_tiltrotor] T0dbg2 Ws34=[0.1 20.0] Wu0=1.0 du0=-0.5028 dmin0=-4.6408 dmax0=36.0000
INFO  [mc_indi_tiltrotor] T2dbg1 G2=[-0.001 -0.651 0.060 0.012 -1.000] G5=[-1.524 -1.575 -0.019 25.408 0.314]
INFO  [mc_indi_tiltrotor] T2dbg2 Wu25=[1.0 1000000.0] du25=[-1.5773 -0.0120] dmax25=[19.5904 0.0120] nu_yaw=-0.291
INFO  [mc_indi_tiltrotor] WRdbg0 Wu0=1 lo0=-4.64 du0=-0.5028 pin0=0.127 a0=[-0.110 1.025 0.000 0.000 -1.545]
INFO  [mc_indi_tiltrotor] WRdbg1 Wu1=1 lo1=-3.69 du1=-0.3919 pin1=-0.003 a1=[0.099 0.944 -0.000 0.000 -1.432]
INFO  [mc_indi_tiltrotor] YWdbg nu2=-0.132 ach2=0.145 r=0.02 wsp2=-0.50 ddelta=[0.0120 0.0120 0.0120]
INFO  [mc_indi_tiltrotor] T0dbg1 G0=[-0.160 0.148 -0.201 0.906 -0.424] nu_des=[0.03 5.19 -0.37 7.14 2.27]
INFO  [mc_indi_tiltrotor] T0dbg2 Ws34=[0.1 20.0] Wu0=1.0 du0=4.1022 dmin0=-6.3959 dmax0=36.0000
INFO  [mc_indi_tiltrotor] T2dbg1 G2=[-0.001 -0.651 0.060 0.012 -1.000] G5=[-1.449 -1.507 -0.017 24.143 0.282]
INFO  [mc_indi_tiltrotor] T2dbg2 Wu25=[1.0 1000000.0] du25=[-6.0298 -0.0117] dmax25=[20.8556 0.0120] nu_yaw=-0.366
INFO  [mc_indi_tiltrotor] WRdbg0 Wu0=1 lo0=-6.40 du0=4.1022 pin0=-0.102 a0=[-0.102 6.014 0.000 0.000 -1.709]
INFO  [mc_indi_tiltrotor] WRdbg1 Wu1=1 lo1=-5.48 du1=3.8590 pin1=-0.174 a1=[0.090 5.521 -0.000 0.000 -1.578]
INFO  [mc_indi_tiltrotor] T0dbg1 G0=[-0.160 0.147 -0.202 0.907 -0.420] nu_des=[-0.02 3.81 -0.29 0.93 2.55]
INFO  [mc_indi_tiltrotor] T0dbg2 Ws34=[0.1 20.0] Wu0=1.0 du0=2.3882 dmin0=-10.1056 dmax0=34.8944
INFO  [mc_indi_tiltrotor] T2dbg1 G2=[-0.001 -0.651 0.060 0.010 -1.000] G5=[-1.303 -1.372 -0.014 21.712 0.228]
INFO  [mc_indi_tiltrotor] T2dbg2 Wu25=[1.0 1000000.0] du25=[-4.7425 -0.0105] dmax25=[23.2864 0.0120] nu_yaw=-0.291
INFO  [mc_indi_tiltrotor] WRdbg0 Wu0=1 lo0=-10.11 du0=2.3882 pin0=-0.187 a0=[0.054 4.451 0.000 0.000 -1.929]
INFO  [mc_indi_tiltrotor] WRdbg1 Wu1=1 lo1=-8.77 du1=2.0289 pin1=-0.225 a1=[-0.048 4.080 -0.000 0.000 -1.778]
INFO  [mc_indi_tiltrotor] YWdbg nu2=-0.127 ach2=0.349 r=0.01 wsp2=-0.50 ddelta=[0.0120 0.0120 0.0120]
INFO  [mc_indi_tiltrotor] T0dbg1 G0=[-0.158 0.146 -0.202 0.910 -0.416] nu_des=[-0.03 -1.89 -0.12 -1.10 1.61]
INFO  [mc_indi_tiltrotor] T0dbg2 Ws34=[0.1 20.0] Wu0=1.0 du0=-3.1490 dmin0=-11.4009 dmax0=33.5991
INFO  [mc_indi_tiltrotor] T2dbg1 G2=[-0.001 -0.651 0.060 0.010 -1.000] G5=[-1.230 -1.302 -0.012 20.500 0.205]
INFO  [mc_indi_tiltrotor] T2dbg2 Wu25=[1.0 1000000.0] du25=[1.3789 0.0120] dmax25=[24.4994 0.0120] nu_yaw=-0.125
INFO  [mc_indi_tiltrotor] WRdbg0 Wu0=1 lo0=-11.40 du0=-3.1490 pin0=0.214 a0=[0.097 -2.228 0.000 -0.000 -1.233]
INFO  [mc_indi_tiltrotor] WRdbg1 Wu1=1 lo1=-9.72 du1=-3.0043 pin1=0.250 a1=[-0.086 -2.036 -0.000 -0.000 -1.132]
INFO  [mc_indi_tiltrotor] T0dbg1 G0=[-0.157 0.145 -0.203 0.912 -0.410] nu_des=[0.00 -4.39 -0.08 4.70 2.50]
INFO  [mc_indi_tiltrotor] T0dbg2 Ws34=[0.1 20.0] Wu0=1.0 du0=-7.0150 dmin0=-8.0003 dmax0=36.0000
INFO  [mc_indi_tiltrotor] T2dbg1 G2=[-0.001 -0.651 0.060 0.011 -1.000] G5=[-1.497 -1.567 -0.017 24.958 0.277]
INFO  [mc_indi_tiltrotor] T2dbg2 Wu25=[1.0 1000000.0] du25=[3.5717 0.0120] dmax25=[20.0408 0.0120] nu_yaw=-0.083
INFO  [mc_indi_tiltrotor] WRdbg0 Wu0=1 lo0=-8.00 du0=-7.0150 pin0=0.138 a0=[-0.003 -5.219 0.000 0.000 -1.931]
INFO  [mc_indi_tiltrotor] WRdbg1 Wu1=1 lo1=-6.51 du1=-6.3259 pin1=0.204 a1=[0.003 -4.761 -0.000 0.000 -1.771]
INFO  [mc_indi_tiltrotor] YWdbg nu2=-0.338 ach2=-0.296 r=0.01 wsp2=-0.50 ddelta=[-0.0120 -0.0120 -0.0118]
INFO  [mc_indi_tiltrotor] T0dbg1 G0=[-0.156 0.144 -0.204 0.915 -0.405] nu_des=[0.05 -0.09 -0.26 10.64 2.51]
INFO  [mc_indi_tiltrotor] T0dbg2 Ws34=[0.1 20.0] Wu0=1.0 du0=-2.1573 dmin0=-4.3818 dmax0=36.0000
INFO  [mc_indi_tiltrotor] T2dbg1 G2=[-0.001 -0.651 0.060 0.012 -1.000] G5=[-1.658 -1.712 -0.021 27.639 0.342]
INFO  [mc_indi_tiltrotor] T2dbg2 Wu25=[1.0 1000000.0] du25=[-0.7859 0.0120] dmax25=[17.3586 0.0120] nu_yaw=-0.257
INFO  [mc_indi_tiltrotor] WRdbg0 Wu0=1 lo0=-4.38 du0=-2.1573 pin0=0.057 a0=[-0.149 -0.105 0.000 0.000 -1.961]
INFO  [mc_indi_tiltrotor] WRdbg1 Wu1=1 lo1=-3.41 du1=-1.6070 pin1=0.152 a1=[0.130 -0.096 -0.000 0.000 -1.793]
INFO  [mc_indi_tiltrotor] T0dbg1 G0=[-0.155 0.143 -0.205 0.917 -0.399] nu_des=[0.05 4.62 -0.37 7.80 2.09]
INFO  [mc_indi_tiltrotor] T0dbg2 Ws34=[0.1 20.0] Wu0=1.0 du0=3.7187 dmin0=-6.0145 dmax0=36.0000
INFO  [mc_indi_tiltrotor] T2dbg1 G2=[-0.001 -0.651 0.060 0.012 -1.000] G5=[-1.562 -1.625 -0.018 26.032 0.303]
INFO  [mc_indi_tiltrotor] T2dbg2 Wu25=[1.0 1000000.0] du25=[-5.3678 -0.0116] dmax25=[18.9660 0.0120] nu_yaw=-0.365
INFO  [mc_indi_tiltrotor] WRdbg0 Wu0=1 lo0=-6.01 du0=3.7187 pin0=-0.098 a0=[-0.155 5.615 0.000 0.000 -1.643]
INFO  [mc_indi_tiltrotor] WRdbg1 Wu1=1 lo1=-4.97 du1=3.5473 pin1=-0.176 a1=[0.135 5.085 -0.000 0.000 -1.497]
INFO  [mc_indi_tiltrotor] YWdbg nu2=-0.276 ach2=-0.343 r=0.02 wsp2=-0.50 ddelta=[-0.0120 -0.0120 -0.0104]
INFO  [mc_indi_tiltrotor] T0dbg1 G0=[-0.154 0.142 -0.206 0.918 -0.396] nu_des=[-0.03 3.55 -0.29 0.04 2.58]
INFO  [mc_indi_tiltrotor] T0dbg2 Ws34=[0.1 20.0] Wu0=1.0 du0=2.1827 dmin0=-10.5457 dmax0=34.4543
INFO  [mc_indi_tiltrotor] T2dbg1 G2=[-0.001 -0.651 0.060 0.010 -1.000] G5=[-1.381 -1.457 -0.014 23.015 0.238]
INFO  [mc_indi_tiltrotor] T2dbg2 Wu25=[1.0 1000000.0] du25=[-4.4773 -0.0103] dmax25=[21.9835 0.0120] nu_yaw=-0.293
INFO  [mc_indi_tiltrotor] WRdbg0 Wu0=1 lo0=-10.55 du0=2.1827 pin0=-0.208 a0=[0.098 4.342 0.000 0.000 -2.050]
INFO  [mc_indi_tiltrotor] WRdbg1 Wu1=1 lo1=-9.10 du1=1.7343 pin1=-0.243 a1=[-0.085 3.926 -0.000 0.000 -1.863]
INFO  [mc_indi_tiltrotor] T0dbg1 G0=[-0.153 0.141 -0.207 0.920 -0.391] nu_des=[-0.04 -1.97 -0.14 -1.13 1.62]
INFO  [mc_indi_tiltrotor] T0dbg2 Ws34=[0.1 20.0] Wu0=1.0 du0=-3.3743 dmin0=-11.3434 dmax0=33.6566
INFO  [mc_indi_tiltrotor] T2dbg1 G2=[-0.001 -0.651 0.060 0.010 -1.000] G5=[-1.313 -1.388 -0.013 21.880 0.221]
INFO  [mc_indi_tiltrotor] T2dbg2 Wu25=[1.0 1000000.0] du25=[1.4370 0.0120] dmax25=[23.1189 0.0120] nu_yaw=-0.136
INFO  [mc_indi_tiltrotor] WRdbg0 Wu0=1 lo0=-11.34 du0=-3.3743 pin0=0.225 a0=[0.131 -2.435 0.000 -0.000 -1.296]
INFO  [mc_indi_tiltrotor] WRdbg1 Wu1=1 lo1=-9.56 du1=-3.2227 pin1=0.262 a1=[-0.114 -2.196 -0.000 -0.000 -1.175]
INFO  [mc_indi_tiltrotor] YWdbg nu2=-0.062 ach2=0.482 r=0.01 wsp2=-0.50 ddelta=[0.0120 0.0120 0.0120]
INFO  [mc_indi_tiltrotor] T0dbg1 G0=[-0.152 0.140 -0.208 0.923 -0.385] nu_des=[-0.01 -4.79 -0.06 1.88 2.20]
INFO  [mc_indi_tiltrotor] T0dbg2 Ws34=[0.1 20.0] Wu0=1.0 du0=-7.5429 dmin0=-9.6309 dmax0=35.3691
INFO  [mc_indi_tiltrotor] T2dbg1 G2=[-0.001 -0.651 0.060 0.010 -1.000] G5=[-1.506 -1.590 -0.015 25.107 0.257]
INFO  [mc_indi_tiltrotor] T2dbg2 Wu25=[1.0 1000000.0] du25=[4.0449 0.0120] dmax25=[19.8914 0.0120] nu_yaw=-0.057
INFO  [mc_indi_tiltrotor] WRdbg0 Wu0=1 lo0=-9.63 du0=-7.5429 pin0=0.184 a0=[0.045 -5.989 0.000 0.000 -1.784]
INFO  [mc_indi_tiltrotor] WRdbg1 Wu1=1 lo1=-7.85 du1=-6.7925 pin1=0.240 a1=[-0.039 -5.383 -0.000 0.000 -1.611]
INFO  [mc_indi_tiltrotor] T0dbg1 G0=[-0.151 0.139 -0.208 0.925 -0.380] nu_des=[0.02 -1.55 -0.20 8.31 2.53]
INFO  [mc_indi_tiltrotor] T0dbg2 Ws34=[0.1 20.0] Wu0=1.0 du0=-4.0143 dmin0=-5.7882 dmax0=36.0000
INFO  [mc_indi_tiltrotor] T2dbg1 G2=[-0.001 -0.651 0.060 0.011 -1.000] G5=[-1.738 -1.812 -0.020 28.960 0.332]
INFO  [mc_indi_tiltrotor] T2dbg2 Wu25=[1.0 1000000.0] du25=[0.6621 0.0120] dmax25=[16.0386 0.0120] nu_yaw=-0.204
INFO  [mc_indi_tiltrotor] WRdbg0 Wu0=1 lo0=-5.79 du0=-4.0143 pin0=0.093 a0=[-0.071 -1.961 0.000 0.000 -2.075]
INFO  [mc_indi_tiltrotor] WRdbg1 Wu1=1 lo1=-4.49 du1=-3.3941 pin1=0.185 a1=[0.062 -1.764 -0.000 0.000 -1.877]
INFO  [mc_indi_tiltrotor] YWdbg nu2=-0.204 ach2=0.221 r=0.01 wsp2=-0.50 ddelta=[0.0120 0.0120 0.0120]
INFO  [mc_indi_tiltrotor] T0dbg1 G0=[-0.150 0.138 -0.209 0.926 -0.377] nu_des=[0.06 4.09 -0.34 8.64 1.89]
INFO  [mc_indi_tiltrotor] T0dbg2 Ws34=[0.1 20.0] Wu0=1.0 du0=3.3699 dmin0=-5.4995 dmax0=36.0000
INFO  [mc_indi_tiltrotor] T2dbg1 G2=[-0.001 -0.651 0.060 0.012 -1.000] G5=[-1.742 -1.810 -0.021 29.034 0.343]
INFO  [mc_indi_tiltrotor] T2dbg2 Wu25=[1.0 1000000.0] du25=[-4.7380 -0.0118] dmax25=[15.9636 0.0120] nu_yaw=-0.338
INFO  [mc_indi_tiltrotor] WRdbg0 Wu0=1 lo0=-5.50 du0=3.3699 pin0=-0.088 a0=[-0.190 5.203 0.000 0.000 -1.556]
INFO  [mc_indi_tiltrotor] WRdbg1 Wu1=1 lo1=-4.38 du1=3.2588 pin1=-0.183 a1=[0.164 4.687 -0.000 0.000 -1.409]
INFO  [mc_indi_tiltrotor] T0dbg1 G0=[-0.150 0.138 -0.209 0.927 -0.376] nu_des=[-0.02 3.24 -0.28 -1.20 2.46]
INFO  [mc_indi_tiltrotor] T0dbg2 Ws34=[0.1 20.0] Wu0=1.0 du0=1.9224 dmin0=-11.2919 dmax0=33.7081
INFO  [mc_indi_tiltrotor] T2dbg1 G2=[-0.001 -0.651 0.060 0.010 -1.000] G5=[-1.532 -1.622 -0.015 25.532 0.254]
INFO  [mc_indi_tiltrotor] T2dbg2 Wu25=[1.0 1000000.0] du25=[-4.1146 -0.0099] dmax25=[19.4671 0.0120] nu_yaw=-0.281
INFO  [mc_indi_tiltrotor] WRdbg0 Wu0=1 lo0=-11.29 du0=1.9224 pin0=-0.235 a0=[0.056 4.138 0.000 -0.000 -2.037]
INFO  [mc_indi_tiltrotor] WRdbg1 Wu1=1 lo1=-9.47 du1=1.5731 pin1=-0.270 a1=[-0.049 3.743 -0.000 -0.000 -1.851]
INFO  [mc_indi_tiltrotor] YWdbg nu2=-0.323 ach2=-0.438 r=0.02 wsp2=-0.50 ddelta=[-0.0120 -0.0120 -0.0102]
INFO  [mc_indi_tiltrotor] T0dbg1 G0=[-0.149 0.138 -0.210 0.928 -0.373] nu_des=[-0.00 -3.83 -0.07 6.45 2.54]
INFO  [mc_indi_tiltrotor] T0dbg2 Ws34=[0.1 20.0] Wu0=1.0 du0=-6.2027 dmin0=-6.9257 dmax0=36.0000
INFO  [mc_indi_tiltrotor] T2dbg1 G2=[-0.001 -0.651 0.060 0.011 -1.000] G5=[-1.718 -1.796 -0.019 28.638 0.320]
INFO  [mc_indi_tiltrotor] T2dbg2 Wu25=[1.0 1000000.0] du25=[3.2455 0.0120] dmax25=[16.3599 0.0120] nu_yaw=-0.073
INFO  [mc_indi_tiltrotor] WRdbg0 Wu0=1 lo0=-6.93 du0=-6.2027 pin0=-4.321 a0=[0.022 -1.337 0.000 0.000 -0.567]
INFO  [mc_indi_tiltrotor] WRdbg1 Wu1=1000000 lo1=-5.34 du1=-5.3353 pin1=-5.335 a1=[-0.000 -0.000 -0.000 0.000 -0.000]
INFO  [mc_indi_tiltrotor] T0dbg1 G0=[-0.148 0.137 -0.210 0.929 -0.369] nu_des=[0.02 4.32 -0.37 7.12 1.67]
INFO  [mc_indi_tiltrotor] T0dbg2 Ws34=[0.1 20.0] Wu0=1.0 du0=4.0025 dmin0=-6.4165 dmax0=36.0000
INFO  [mc_indi_tiltrotor] T2dbg1 G2=[-0.001 -0.651 0.060 0.011 -1.000] G5=[-1.760 -1.842 -0.019 29.334 0.325]
INFO  [mc_indi_tiltrotor] T2dbg2 Wu25=[1.0 1000000.0] du25=[-4.8779 -0.0111] dmax25=[15.6644 0.0120] nu_yaw=-0.368
INFO  [mc_indi_tiltrotor] WRdbg0 Wu0=1 lo0=-6.42 du0=4.0025 pin0=-0.115 a0=[-0.076 5.598 0.000 0.000 -1.405]
INFO  [mc_indi_tiltrotor] WRdbg1 Wu1=1 lo1=-5.09 du1=3.6776 pin1=-0.200 a1=[0.067 5.098 -0.000 0.000 -1.287]
INFO  [mc_indi_tiltrotor] YWdbg nu2=-0.269 ach2=0.011 r=0.01 wsp2=-0.50 ddelta=[0.0120 0.0120 -0.0119]
INFO  [mc_indi_tiltrotor] T0dbg1 G0=[-0.148 0.137 -0.210 0.930 -0.369] nu_des=[-0.02 -2.17 -0.09 -0.70 1.76]
INFO  [mc_indi_tiltrotor] T0dbg2 Ws34=[0.1 20.0] Wu0=1.0 du0=-4.0015 dmin0=-11.0585 dmax0=33.9415
INFO  [mc_indi_tiltrotor] T2dbg1 G2=[-0.001 -0.651 0.060 0.010 -1.000] G5=[-1.484 -1.570 -0.015 24.727 0.248]
INFO  [mc_indi_tiltrotor] T2dbg2 Wu25=[1.0 1000000.0] du25=[1.5502 0.0120] dmax25=[20.2721 0.0120] nu_yaw=-0.089
INFO  [mc_indi_tiltrotor] WRdbg0 Wu0=1 lo0=-11.06 du0=-4.0015 pin0=0.230 a0=[0.081 -2.826 0.000 -0.000 -1.486]
INFO  [mc_indi_tiltrotor] WRdbg1 Wu1=1 lo1=-9.04 du1=-3.7474 pin1=0.284 a1=[-0.072 -2.591 -0.000 -0.000 -1.369]
INFO  [mc_indi_tiltrotor] T0dbg1 G0=[-0.147 0.136 -0.211 0.931 -0.364] nu_des=[0.03 -1.23 -0.22 8.52 2.41]
INFO  [mc_indi_tiltrotor] T0dbg2 Ws34=[0.1 20.0] Wu0=1.0 du0=-3.6666 dmin0=-5.5886 dmax0=36.0000
INFO  [mc_indi_tiltrotor] T2dbg1 G2=[-0.001 -0.651 0.060 0.012 -1.000] G5=[-1.828 -1.898 -0.022 30.459 0.360]
INFO  [mc_indi_tiltrotor] T2dbg2 Wu25=[1.0 1000000.0] du25=[0.3547 0.0120] dmax25=[14.5392 0.0120] nu_yaw=-0.223
INFO  [mc_indi_tiltrotor] WRdbg0 Wu0=1 lo0=-5.59 du0=-3.6666 pin0=0.092 a0=[-0.090 -1.616 0.000 0.000 -2.053]
INFO  [mc_indi_tiltrotor] WRdbg1 Wu1=1 lo1=-4.31 du1=-3.1008 pin1=0.199 a1=[0.080 -1.484 -0.000 0.000 -1.896]
INFO  [mc_indi_tiltrotor] YWdbg nu2=-0.112 ach2=0.323 r=0.02 wsp2=-0.50 ddelta=[0.0120 0.0120 0.0120]
INFO  [mc_indi_tiltrotor] T0dbg1 G0=[-0.147 0.136 -0.211 0.932 -0.363] nu_des=[-0.03 4.12 -0.34 2.21 2.52]
INFO  [mc_indi_tiltrotor] T0dbg2 Ws34=[0.1 20.0] Wu0=1.0 du0=3.2066 dmin0=-9.2330 dmax0=35.7670
INFO  [mc_indi_tiltrotor] T2dbg1 G2=[-0.001 -0.651 0.060 0.010 -1.000] G5=[-1.606 -1.695 -0.017 26.775 0.276]
INFO  [mc_indi_tiltrotor] T2dbg2 Wu25=[1.0 1000000.0] du25=[-4.9841 -0.0103] dmax25=[18.2236 0.0120] nu_yaw=-0.341
INFO  [mc_indi_tiltrotor] WRdbg0 Wu0=1 lo0=-9.23 du0=3.2066 pin0=-0.192 a0=[0.115 5.440 0.000 0.000 -2.156]
INFO  [mc_indi_tiltrotor] WRdbg1 Wu1=1 lo1=-7.59 du1=2.6689 pin1=-0.252 a1=[-0.103 5.026 -0.000 0.000 -2.001]
INFO  [mc_indi_tiltrotor] T0dbg1 G0=[-0.146 0.135 -0.212 0.933 -0.360] nu_des=[-0.04 -3.72 -0.15 -1.39 1.55]
INFO  [mc_indi_tiltrotor] T0dbg2 Ws34=[0.1 20.0] Wu0=1.0 du0=-5.8777 dmin0=-11.2011 dmax0=33.7989
INFO  [mc_indi_tiltrotor] T2dbg1 G2=[-0.001 -0.651 0.060 0.010 -1.000] G5=[-1.522 -1.609 -0.015 25.361 0.256]
INFO  [mc_indi_tiltrotor] T2dbg2 Wu25=[1.0 1000000.0] du25=[3.1369 0.0120] dmax25=[19.6373 0.0120] nu_yaw=-0.147
INFO  [mc_indi_tiltrotor] WRdbg0 Wu0=1 lo0=-11.20 du0=-5.8777 pin0=0.240 a0=[0.154 -4.939 0.000 -0.000 -1.333]
INFO  [mc_indi_tiltrotor] WRdbg1 Wu1=1 lo1=-9.52 du1=-5.6548 pin1=0.307 a1=[-0.139 -4.580 -0.000 -0.000 -1.242]
INFO  [mc_indi_tiltrotor] YWdbg nu2=-0.357 ach2=-0.427 r=0.02 wsp2=-0.50 ddelta=[-0.0120 -0.0120 -0.0113]
INFO  [mc_indi_tiltrotor] T0dbg1 G0=[-0.145 0.134 -0.212 0.935 -0.355] nu_des=[0.04 -1.14 -0.18 10.09 3.08]
INFO  [mc_indi_tiltrotor] T0dbg2 Ws34=[0.1 20.0] Wu0=1.0 du0=-4.2229 dmin0=-4.5758 dmax0=36.0000
INFO  [mc_indi_tiltrotor] T2dbg1 G2=[-0.001 -0.651 0.060 0.012 -1.000] G5=[-1.835 -1.906 -0.022 30.576 0.361]
INFO  [mc_indi_tiltrotor] T2dbg2 Wu25=[1.0 1000000.0] du25=[0.0328 0.0120] dmax25=[14.4221 0.0120] nu_yaw=-0.176
INFO  [mc_indi_tiltrotor] WRdbg0 Wu0=1 lo0=-4.58 du0=-4.2229 pin0=-2.903 a0=[-0.216 -0.406 0.000 0.000 -0.698]
INFO  [mc_indi_tiltrotor] WRdbg1 Wu1=1000000 lo1=-3.57 du1=-3.5687 pin1=-3.569 a1=[0.000 -0.000 -0.000 0.000 -0.000]
INFO  [mc_indi_tiltrotor] T0dbg1 G0=[-0.144 0.134 -0.213 0.936 -0.352] nu_des=[0.06 3.84 -0.33 9.15 1.63]
INFO  [mc_indi_tiltrotor] T0dbg2 Ws34=[0.1 20.0] Wu0=1.0 du0=3.4714 dmin0=-5.0940 dmax0=36.0000
INFO  [mc_indi_tiltrotor] T2dbg1 G2=[-0.001 -0.651 0.060 0.011 -1.000] G5=[-1.790 -1.872 -0.020 29.840 0.333]
INFO  [mc_indi_tiltrotor] T2dbg2 Wu25=[1.0 1000000.0] du25=[-4.3608 -0.0112] dmax25=[15.1586 0.0120] nu_yaw=-0.334
INFO  [mc_indi_tiltrotor] WRdbg0 Wu0=1 lo0=-5.09 du0=3.4714 pin0=-0.089 a0=[-0.212 5.210 0.000 0.000 -1.438]
INFO  [mc_indi_tiltrotor] WRdbg1 Wu1=1 lo1=-4.08 du1=3.5172 pin1=-0.194 a1=[0.193 4.869 -0.000 0.000 -1.351]
INFO  [mc_indi_tiltrotor] YWdbg nu2=-0.213 ach2=-0.058 r=0.02 wsp2=-0.50 ddelta=[0.0120 0.0120 0.0120]
INFO  [mc_indi_tiltrotor] T0dbg1 G0=[-0.144 0.133 -0.213 0.937 -0.350] nu_des=[-0.03 3.55 -0.28 2.22 2.91]
INFO  [mc_indi_tiltrotor] T0dbg2 Ws34=[0.1 20.0] Wu0=1.0 du0=2.1789 dmin0=-9.3188 dmax0=35.6812
INFO  [mc_indi_tiltrotor] T2dbg1 G2=[-0.001 -0.651 0.060 0.011 -1.000] G5=[-1.523 -1.600 -0.016 25.379 0.272]
INFO  [mc_indi_tiltrotor] T2dbg2 Wu25=[1.0 1000000.0] du25=[-4.5453 -0.0107] dmax25=[19.6199 0.0120] nu_yaw=-0.282
INFO  [mc_indi_tiltrotor] WRdbg0 Wu0=1 lo0=-9.32 du0=2.1789 pin0=-0.202 a0=[0.118 4.836 0.000 0.000 -2.572]
INFO  [mc_indi_tiltrotor] WRdbg1 Wu1=1 lo1=-7.36 du1=1.7467 pin1=-0.261 a1=[-0.108 4.547 -0.000 0.000 -2.431]
INFO  [mc_indi_tiltrotor] T0dbg1 G0=[-0.143 0.133 -0.214 0.938 -0.347] nu_des=[-0.02 -1.70 -0.16 -4.25 1.66]
INFO  [mc_indi_tiltrotor] T0dbg2 Ws34=[0.1 20.0] Wu0=1.0 du0=-3.4490 dmin0=-12.7337 dmax0=32.2663
INFO  [mc_indi_tiltrotor] T2dbg1 G2=[-0.001 -0.651 0.060 0.009 -1.000] G5=[-1.454 -1.552 -0.013 24.240 0.222]
INFO  [mc_indi_tiltrotor] T2dbg2 Wu25=[1.0 1000000.0] du25=[1.0896 0.0120] dmax25=[20.7593 0.0120] nu_yaw=-0.164
INFO  [mc_indi_tiltrotor] WRdbg0 Wu0=1 lo0=-12.73 du0=-3.4490 pin0=0.293 a0=[0.080 -2.341 0.000 -0.000 -1.481]
INFO  [mc_indi_tiltrotor] WRdbg1 Wu1=1 lo1=-10.91 du1=-3.3333 pin1=0.357 a1=[-0.074 -2.211 -0.000 -0.000 -1.405]
INFO  [mc_indi_tiltrotor] YWdbg nu2=-0.175 ach2=0.276 r=0.01 wsp2=-0.50 ddelta=[0.0120 0.0120 0.0120]
INFO  [mc_indi_tiltrotor] T0dbg1 G0=[-0.142 0.131 -0.215 0.940 -0.341] nu_des=[0.03 -4.51 0.04 6.61 2.00]
INFO  [mc_indi_tiltrotor] T0dbg2 Ws34=[0.1 20.0] Wu0=1000000.0 du0=-6.9143 dmin0=-6.9143 dmax0=36.0000
INFO  [mc_indi_tiltrotor] T2dbg1 G2=[-0.001 -0.651 0.060 0.011 -1.000] G5=[-1.557 -1.635 -0.017 25.946 0.280]
INFO  [mc_indi_tiltrotor] T2dbg2 Wu25=[1.0 1000000.0] du25=[4.3694 0.0120] dmax25=[19.0521 0.0120] nu_yaw=0.039
INFO  [mc_indi_tiltrotor] WRdbg0 Wu0=1000000 lo0=-6.91 du0=-6.9143 pin0=-6.914 a0=[-0.000 -0.000 -0.000 0.000 -0.000]
INFO  [mc_indi_tiltrotor] WRdbg1 Wu1=1000000 lo1=-4.97 du1=-4.9723 pin1=-4.972 a1=[0.000 -0.000 0.000 0.000 -0.000]
INFO  [mc_indi_tiltrotor] T0dbg1 G0=[-0.141 0.131 -0.215 0.942 -0.336] nu_des=[0.00 -4.01 -0.15 2.51 2.43]
INFO  [mc_indi_tiltrotor] T0dbg2 Ws34=[0.1 20.0] Wu0=1.0 du0=-7.6956 dmin0=-8.8761 dmax0=36.0000
INFO  [mc_indi_tiltrotor] T2dbg1 G2=[-0.001 -0.651 0.060 0.010 -1.000] G5=[-1.643 -1.740 -0.016 27.385 0.273]
INFO  [mc_indi_tiltrotor] T2dbg2 Wu25=[1.0 1000000.0] du25=[3.0157 0.0120] dmax25=[17.6139 0.0120] nu_yaw=-0.151
INFO  [mc_indi_tiltrotor] WRdbg0 Wu0=1 lo0=-8.88 du0=-7.6956 pin0=0.195 a0=[-0.016 -5.653 0.000 0.000 -2.222]
INFO  [mc_indi_tiltrotor] WRdbg1 Wu1=1 lo1=-7.37 du1=-7.1921 pin1=0.291 a1=[0.015 -5.376 -0.000 0.000 -2.122]
INFO  [mc_indi_tiltrotor] YWdbg nu2=-0.254 ach2=-0.028 r=0.02 wsp2=-0.50 ddelta=[0.0120 0.0120 -0.0114]
INFO  [mc_indi_tiltrotor] T0dbg1 G0=[-0.139 0.129 -0.216 0.944 -0.331] nu_des=[0.05 -2.11 -0.05 10.74 3.84]
INFO  [mc_indi_tiltrotor] T0dbg2 Ws34=[0.1 20.0] Wu0=1000000.0 du0=-4.2389 dmin0=-4.2389 dmax0=36.0000
INFO  [mc_indi_tiltrotor] T2dbg1 G2=[-0.001 -0.651 0.060 0.012 -1.000] G5=[-1.813 -1.880 -0.022 30.212 0.362]
INFO  [mc_indi_tiltrotor] T2dbg2 Wu25=[1.0 1000000.0] du25=[1.6376 0.0120] dmax25=[14.7853 0.0120] nu_yaw=-0.052
INFO  [mc_indi_tiltrotor] WRdbg0 Wu0=1000000 lo0=-4.24 du0=-4.2389 pin0=-4.239 a0=[-0.000 -0.000 0.000 0.000 -0.000]
INFO  [mc_indi_tiltrotor] WRdbg1 Wu1=1000000 lo1=-3.10 du1=-3.0979 pin1=-3.098 a1=[0.000 -0.000 -0.000 0.000 -0.000]
INFO  [mc_indi_tiltrotor] T0dbg1 G0=[-0.138 0.129 -0.217 0.945 -0.327] nu_des=[0.03 -1.55 -0.23 8.28 3.29]
INFO  [mc_indi_tiltrotor] T0dbg2 Ws34=[0.1 20.0] Wu0=1.0 du0=-5.1292 dmin0=-5.4599 dmax0=36.0000
INFO  [mc_indi_tiltrotor] T2dbg1 G2=[-0.001 -0.651 0.060 0.011 -1.000] G5=[-1.757 -1.840 -0.019 29.278 0.322]
INFO  [mc_indi_tiltrotor] T2dbg2 Wu25=[1.0 1000000.0] du25=[0.3707 0.0120] dmax25=[15.7207 0.0120] nu_yaw=-0.225
INFO  [mc_indi_tiltrotor] WRdbg0 Wu0=1 lo0=-5.46 du0=-5.1292 pin0=-3.599 a0=[-0.193 -0.568 0.000 0.000 -0.769]
INFO  [mc_indi_tiltrotor] WRdbg1 Wu1=1000000 lo1=-4.52 du1=-4.5237 pin1=-4.524 a1=[0.000 -0.000 -0.000 0.000 -0.000]
INFO  [mc_indi_tiltrotor] YWdbg nu2=-0.297 ach2=-0.087 r=0.03 wsp2=-0.50 ddelta=[0.0120 0.0120 0.0120]
INFO  [mc_indi_tiltrotor] T0dbg1 G0=[-0.137 0.127 -0.218 0.948 -0.320] nu_des=[0.03 0.66 -0.15 11.42 2.51]
INFO  [mc_indi_tiltrotor] T0dbg2 Ws34=[0.1 20.0] Wu0=1.0 du0=-1.4690 dmin0=-3.7292 dmax0=36.0000
INFO  [mc_indi_tiltrotor] T2dbg1 G2=[-0.001 -0.651 0.060 0.014 -1.000] G5=[-1.831 -1.861 -0.025 30.509 0.422]
INFO  [mc_indi_tiltrotor] T2dbg2 Wu25=[1.0 1000000.0] du25=[-1.5779 0.0120] dmax25=[14.4885 0.0120] nu_yaw=-0.155
INFO  [mc_indi_tiltrotor] WRdbg0 Wu0=1 lo0=-3.73 du0=-1.4690 pin0=0.059 a0=[-0.096 0.972 0.000 0.000 -2.404]
INFO  [mc_indi_tiltrotor] WRdbg1 Wu1=1 lo1=-2.79 du1=-1.1130 pin1=0.195 a1=[0.092 0.940 -0.000 0.000 -2.340]
INFO  [mc_indi_tiltrotor] T0dbg1 G0=[-0.136 0.126 -0.218 0.949 -0.315] nu_des=[-0.03 2.09 -0.38 12.58 3.53]
INFO  [mc_indi_tiltrotor] T0dbg2 Ws34=[0.1 20.0] Wu0=1.0 du0=-0.0528 dmin0=-2.9480 dmax0=36.0000
INFO  [mc_indi_tiltrotor] T2dbg1 G2=[-0.001 -0.651 0.060 0.012 -1.000] G5=[-1.733 -1.794 -0.021 28.877 0.350]
INFO  [mc_indi_tiltrotor] T2dbg2 Wu25=[1.0 1000000.0] du25=[-3.2999 -0.0120] dmax25=[16.1211 0.0120] nu_yaw=-0.383
INFO  [mc_indi_tiltrotor] WRdbg0 Wu0=1 lo0=-2.95 du0=-0.0528 pin0=0.123 a0=[0.127 3.121 0.000 0.000 -3.424]
INFO  [mc_indi_tiltrotor] WRdbg1 Wu1=1 lo1=-2.41 du1=-0.4739 pin1=-0.039 a1=[-0.122 3.030 -0.001 0.000 -3.342]
INFO  [mc_indi_tiltrotor] YWdbg nu2=-0.400 ach2=-0.098 r=0.05 wsp2=-0.50 ddelta=[0.0120 0.0120 0.0120]
INFO  [mc_indi_tiltrotor] T0dbg1 G0=[-0.133 0.124 -0.220 0.953 -0.303] nu_des=[-0.04 0.14 -0.05 16.23 1.24]
INFO  [mc_indi_tiltrotor] T0dbg2 Ws34=[0.1 20.0] Wu0=1.0 du0=-0.0300 dmin0=-0.9111 dmax0=36.0000
INFO  [mc_indi_tiltrotor] T2dbg1 G2=[-0.003 -0.652 0.060 0.042 -0.999] G5=[-1.282 -0.912 -0.054 21.361 0.897]
INFO  [mc_indi_tiltrotor] T2dbg2 Wu25=[1.0 1000000.0] du25=[-0.2626 0.0120] dmax25=[23.6202 0.0120] nu_yaw=-0.050
INFO  [mc_indi_tiltrotor] WRdbg0 Wu0=1 lo0=-0.91 du0=-0.0300 pin0=-0.075 a0=[0.285 0.055 0.000 0.000 -0.294]
INFO  [mc_indi_tiltrotor] WRdbg1 Wu1=1000000 lo1=-0.00 du1=-0.0000 pin1=-0.000 a1=[-0.000 0.000 -0.000 0.000 -0.000]
INFO  [mc_indi_tiltrotor] T0dbg1 G0=[-0.130 0.121 -0.222 0.957 -0.290] nu_des=[-0.22 0.15 -0.10 16.47 2.87]
INFO  [mc_indi_tiltrotor] T0dbg2 Ws34=[0.1 20.0] Wu0=1000000.0 du0=-0.0000 dmin0=-0.0000 dmax0=36.0000
INFO  [mc_indi_tiltrotor] T2dbg1 G2=[-0.005 -0.654 0.060 0.082 -0.997] G5=[-1.116 -0.305 -0.092 18.598 1.534]
INFO  [mc_indi_tiltrotor] T2dbg2 Wu25=[1.0 1000000.0] du25=[-0.2933 0.0120] dmax25=[26.3389 0.0120] nu_yaw=-0.101
INFO  [mc_indi_tiltrotor] WRdbg0 Wu0=1000000 lo0=-0.00 du0=-0.0000 pin0=-0.000 a0=[0.000 0.000 0.000 0.000 -0.000]
INFO  [mc_indi_tiltrotor] WRdbg1 Wu1=1000000 lo1=-0.00 du1=-0.0000 pin1=0.000 a1=[-0.000 0.000 -0.000 0.000 -0.000]
INFO  [mc_indi_tiltrotor] YWdbg nu2=-0.103 ach2=-0.014 r=0.01 wsp2=-0.50 ddelta=[-0.0000 0.0000 0.0120]
INFO  [mc_indi_tiltrotor] T0dbg1 G0=[-0.128 0.119 -0.223 0.960 -0.280] nu_des=[0.04 -1.36 -0.43 10.38 2.01]
INFO  [mc_indi_tiltrotor] T0dbg2 Ws34=[0.1 20.0] Wu0=1000000.0 du0=-3.5188 dmin0=-3.5188 dmax0=36.0000
INFO  [mc_indi_tiltrotor] T2dbg1 G2=[-0.007 -0.654 0.060 0.115 -0.993] G5=[-1.190 0.108 -0.138 19.828 2.302]
INFO  [mc_indi_tiltrotor] T2dbg2 Wu25=[1.0 1000000.0] du25=[1.0054 0.0120] dmax25=[25.0387 0.0120] nu_yaw=-0.429
INFO  [mc_indi_tiltrotor] WRdbg0 Wu0=1000000 lo0=-3.52 du0=-3.5188 pin0=-3.519 a0=[-0.000 -0.000 0.000 0.000 -0.000]
INFO  [mc_indi_tiltrotor] WRdbg1 Wu1=1000000 lo1=-2.04 du1=-2.0385 pin1=-2.038 a1=[0.000 -0.000 -0.000 0.000 -0.000]
INFO  [mc_indi_tiltrotor] T0dbg1 G0=[-0.126 0.118 -0.224 0.962 -0.275] nu_des=[0.02 2.04 -0.20 -10.70 1.18]
INFO  [mc_indi_tiltrotor] T0dbg2 Ws34=[0.1 20.0] Wu0=1.0 du0=1.5950 dmin0=-13.7339 dmax0=31.2661
INFO  [mc_indi_tiltrotor] T2dbg1 G2=[-0.008 -0.654 0.059 0.130 -0.992] G5=[-1.190 0.303 -0.156 19.836 2.602]
INFO  [mc_indi_tiltrotor] T2dbg2 Wu25=[1.0 1000000.0] du25=[-2.4190 0.0120] dmax25=[24.9943 0.0120] nu_yaw=-0.201
INFO  [mc_indi_tiltrotor] WRdbg0 Wu0=1 lo0=-13.73 du0=1.5950 pin0=-0.474 a0=[-0.072 3.392 0.000 -0.000 -1.252]
INFO  [mc_indi_tiltrotor] WRdbg1 Wu1=1 lo1=-13.55 du1=1.6096 pin1=-0.333 a1=[0.065 3.084 -0.000 -0.000 -1.205]
INFO  [mc_indi_tiltrotor] YWdbg nu2=-0.244 ach2=0.091 r=0.02 wsp2=-0.50 ddelta=[0.0120 0.0120 0.0120]
INFO  [mc_indi_tiltrotor] T0dbg1 G0=[-0.124 0.116 -0.225 0.965 -0.264] nu_des=[0.04 2.20 -0.20 11.49 2.18]
INFO  [mc_indi_tiltrotor] T0dbg2 Ws34=[0.1 20.0] Wu0=1.0 du0=1.1506 dmin0=-1.2408 dmax0=36.0000
INFO  [mc_indi_tiltrotor] T2dbg1 G2=[-0.009 -0.653 0.059 0.149 -0.989] G5=[-1.320 0.620 -0.199 21.998 3.324]
INFO  [mc_indi_tiltrotor] T2dbg2 Wu25=[1.0 1000000.0] du25=[-2.9025 0.0120] dmax25=[22.7525 0.0120] nu_yaw=-0.195
INFO  [mc_indi_tiltrotor] WRdbg0 Wu0=1 lo0=-1.24 du0=1.1506 pin0=-0.080 a0=[-0.169 3.783 0.000 0.000 -2.384]
INFO  [mc_indi_tiltrotor] WRdbg1 Wu1=1 lo1=-2.09 du1=1.2926 pin1=0.029 a1=[0.152 3.396 -0.000 0.000 -2.285]
INFO  [mc_indi_tiltrotor] T0dbg1 G0=[-0.123 0.115 -0.226 0.966 -0.259] nu_des=[0.01 -1.60 -0.22 -12.09 0.88]
INFO  [mc_indi_tiltrotor] T0dbg2 Ws34=[0.1 20.0] Wu0=1.0 du0=-3.2637 dmin0=-13.9853 dmax0=31.0147
INFO  [mc_indi_tiltrotor] T2dbg1 G2=[-0.009 -0.653 0.059 0.157 -0.988] G5=[-1.304 0.718 -0.207 21.730 3.444]
INFO  [mc_indi_tiltrotor] T2dbg2 Wu25=[1.0 1000000.0] du25=[1.1891 -0.0120] dmax25=[22.9983 0.0120] nu_yaw=-0.225
INFO  [mc_indi_tiltrotor] WRdbg0 Wu0=1 lo0=-13.99 du0=-3.2637 pin0=0.506 a0=[-0.028 -2.771 0.000 -0.000 -0.971]
INFO  [mc_indi_tiltrotor] WRdbg1 Wu1=1 lo1=-13.78 du1=-3.0147 pin1=0.342 a1=[0.025 -2.459 -0.000 -0.000 -0.922]
INFO  [mc_indi_tiltrotor] YWdbg nu2=-0.399 ach2=-0.182 r=-0.00 wsp2=-0.50 ddelta=[0.0120 -0.0120 0.0120]
INFO  [mc_indi_tiltrotor] T0dbg1 G0=[-0.114 0.108 -0.230 0.975 -0.224] nu_des=[0.02 -0.25 -0.19 14.00 13.30]
INFO  [mc_indi_tiltrotor] T0dbg2 Ws34=[0.1 20.0] Wu0=1000000.0 du0=-0.0000 dmin0=-0.0000 dmax0=36.0000
INFO  [mc_indi_tiltrotor] T2dbg1 G2=[-0.011 -0.651 0.059 0.191 -0.982] G5=[-1.233 1.164 -0.240 20.555 4.004]
INFO  [mc_indi_tiltrotor] T2dbg2 Wu25=[1.0 1000000.0] du25=[0.0882 0.0120] dmax25=[24.0586 0.0120] nu_yaw=-0.191
INFO  [mc_indi_tiltrotor] WRdbg0 Wu0=1000000 lo0=-0.00 du0=-0.0000 pin0=-0.000 a0=[-0.000 -0.000 0.000 0.000 -0.000]
INFO  [mc_indi_tiltrotor] WRdbg1 Wu1=1000000 lo1=-0.00 du1=-0.0000 pin1=-0.000 a1=[0.000 -0.000 -0.000 0.000 -0.000]
INFO  [mc_indi_tiltrotor] T0dbg1 G0=[-0.114 0.108 -0.230 0.975 -0.224] nu_des=[0.09 -0.23 -0.18 13.52 16.66]
INFO  [mc_indi_tiltrotor] T0dbg2 Ws34=[0.1 20.0] Wu0=1000000.0 du0=-0.0000 dmin0=-0.0000 dmax0=36.0000
INFO  [mc_indi_tiltrotor] T2dbg1 G2=[-0.014 -0.649 0.058 0.231 -0.973] G5=[-1.201 1.683 -0.285 20.020 4.745]
INFO  [mc_indi_tiltrotor] T2dbg2 Wu25=[1.0 1000000.0] du25=[-0.0023 0.0120] dmax25=[24.4252 0.0120] nu_yaw=-0.180
INFO  [mc_indi_tiltrotor] WRdbg0 Wu0=1000000 lo0=-0.00 du0=-0.0000 pin0=-0.000 a0=[-0.000 -0.000 0.000 0.000 -0.000]
INFO  [mc_indi_tiltrotor] WRdbg1 Wu1=1000000 lo1=-0.00 du1=-0.0000 pin1=0.000 a1=[0.000 -0.000 -0.000 0.000 -0.000]
INFO  [mc_indi_tiltrotor] YWdbg nu2=-0.180 ach2=-0.006 r=0.01 wsp2=-0.50 ddelta=[0.0000 0.0000 0.0120]
INFO  [mc_indi_tiltrotor] T0dbg1 G0=[-0.114 0.108 -0.230 0.975 -0.224] nu_des=[0.25 -0.11 -0.21 13.08 7.94]
INFO  [mc_indi_tiltrotor] T0dbg2 Ws34=[0.1 20.0] Wu0=1000000.0 du0=-0.0000 dmin0=-0.0000 dmax0=36.0000
INFO  [mc_indi_tiltrotor] T2dbg1 G2=[-0.016 -0.645 0.058 0.270 -0.963] G5=[-1.166 2.177 -0.326 19.433 5.442]
INFO  [mc_indi_tiltrotor] T2dbg2 Wu25=[1.0 1000000.0] du25=[0.0138 0.0120] dmax25=[24.8191 0.0120] nu_yaw=-0.211
INFO  [mc_indi_tiltrotor] WRdbg0 Wu0=1000000 lo0=-0.00 du0=-0.0000 pin0=-0.000 a0=[-0.000 -0.000 0.000 0.000 -0.000]
INFO  [mc_indi_tiltrotor] WRdbg1 Wu1=1000000 lo1=-0.00 du1=-0.0000 pin1=0.000 a1=[0.000 -0.000 -0.000 0.000 -0.000]
INFO  [mc_indi_tiltrotor] T0dbg1 G0=[-0.114 0.107 -0.230 0.975 -0.222] nu_des=[0.00 0.06 0.10 -6.02 -0.53]
INFO  [mc_indi_tiltrotor] T0dbg2 Ws34=[0.1 20.0] Wu0=1.0 du0=0.4595 dmin0=-8.3711 dmax0=36.0000
INFO  [mc_indi_tiltrotor] T2dbg1 G2=[-0.016 -0.645 0.058 0.270 -0.963] G5=[-1.233 2.314 -0.346 20.556 5.773]
INFO  [mc_indi_tiltrotor] T2dbg2 Wu25=[1.0 1000000.0] du25=[0.0562 -0.0120] dmax25=[23.6483 0.0120] nu_yaw=0.102
INFO  [mc_indi_tiltrotor] WRdbg0 Wu0=1 lo0=-8.37 du0=0.4595 pin0=-0.301 a0=[-0.013 0.124 -0.000 -0.000 0.649]
INFO  [mc_indi_tiltrotor] WRdbg1 Wu1=1 lo1=-11.33 du1=0.2662 pin1=-0.451 a1=[0.010 0.103 0.000 -0.000 0.604]
INFO  [mc_indi_tiltrotor] YWdbg nu2=0.233 ach2=0.059 r=0.18 wsp2=-0.50 ddelta=[-0.0120 0.0026 -0.0120]
INFO  [mc_indi_tiltrotor] T0dbg1 G0=[-0.112 0.106 -0.231 0.977 -0.214] nu_des=[0.03 0.01 -0.24 12.15 1.92]
INFO  [mc_indi_tiltrotor] T0dbg2 Ws34=[0.1 20.0] Wu0=1000000.0 du0=-0.3261 dmin0=-0.3261 dmax0=36.0000
INFO  [mc_indi_tiltrotor] T2dbg1 G2=[-0.016 -0.644 0.058 0.273 -0.962] G5=[-1.256 2.392 -0.356 20.931 5.934]
INFO  [mc_indi_tiltrotor] T2dbg2 Wu25=[1.0 1000000.0] du25=[-0.1828 0.0120] dmax25=[23.2437 0.0120] nu_yaw=-0.240
INFO  [mc_indi_tiltrotor] WRdbg0 Wu0=1000000 lo0=-0.33 du0=-0.3261 pin0=-0.326 a0=[-0.000 0.000 0.000 0.000 -0.000]
INFO  [mc_indi_tiltrotor] WRdbg1 Wu1=1000000 lo1=-0.67 du1=-0.6651 pin1=-0.665 a1=[0.000 0.000 -0.000 0.000 -0.000]
INFO  [mc_indi_tiltrotor] T0dbg1 G0=[-0.107 0.101 -0.234 0.981 -0.193] nu_des=[-0.02 -0.17 -0.19 12.57 10.60]
INFO  [mc_indi_tiltrotor] T0dbg2 Ws34=[0.1 20.0] Wu0=1000000.0 du0=-0.0000 dmin0=-0.0000 dmax0=36.0000
INFO  [mc_indi_tiltrotor] T2dbg1 G2=[-0.019 -0.639 0.057 0.311 -0.950] G5=[-1.232 2.935 -0.404 20.536 6.727]
INFO  [mc_indi_tiltrotor] T2dbg2 Wu25=[1.0 1000000.0] du25=[0.0778 0.0120] dmax25=[23.3904 0.0120] nu_yaw=-0.187
INFO  [mc_indi_tiltrotor] WRdbg0 Wu0=1000000 lo0=-0.00 du0=-0.0000 pin0=-0.000 a0=[0.000 -0.000 0.000 0.000 -0.000]
INFO  [mc_indi_tiltrotor] WRdbg1 Wu1=1000000 lo1=-0.00 du1=-0.0000 pin1=-0.000 a1=[-0.000 -0.000 -0.000 0.000 -0.000]
INFO  [mc_indi_tiltrotor] YWdbg nu2=-0.193 ach2=-0.004 r=0.03 wsp2=-0.50 ddelta=[0.0000 0.0000 0.0120]
INFO  [mc_indi_tiltrotor] T0dbg1 G0=[-0.107 0.101 -0.234 0.981 -0.193] nu_des=[0.13 -0.05 -0.21 11.96 8.81]
INFO  [mc_indi_tiltrotor] T0dbg2 Ws34=[0.1 20.0] Wu0=1000000.0 du0=-0.0000 dmin0=-0.0000 dmax0=36.0000
INFO  [mc_indi_tiltrotor] T2dbg1 G2=[-0.021 -0.633 0.056 0.349 -0.937] G5=[-1.224 3.516 -0.456 20.399 7.606]
INFO  [mc_indi_tiltrotor] T2dbg2 Wu25=[1.0 1000000.0] du25=[-0.0600 0.0120] dmax25=[23.2290 0.0120] nu_yaw=-0.209
INFO  [mc_indi_tiltrotor] WRdbg0 Wu0=1000000 lo0=-0.00 du0=-0.0000 pin0=-0.000 a0=[-0.000 -0.000 0.000 0.000 -0.000]
INFO  [mc_indi_tiltrotor] WRdbg1 Wu1=1000000 lo1=-0.00 du1=-0.0000 pin1=0.000 a1=[0.000 -0.000 -0.000 0.000 -0.000]
INFO  [mc_indi_tiltrotor] T0dbg1 G0=[-0.107 0.101 -0.234 0.981 -0.193] nu_des=[0.45 -0.25 -0.21 11.34 3.60]
INFO  [mc_indi_tiltrotor] T0dbg2 Ws34=[0.1 20.0] Wu0=1000000.0 du0=-0.0000 dmin0=-0.0000 dmax0=36.0000
INFO  [mc_indi_tiltrotor] T2dbg1 G2=[-0.023 -0.628 0.056 0.377 -0.926] G5=[-1.249 4.057 -0.509 20.818 8.483]
INFO  [mc_indi_tiltrotor] T2dbg2 Wu25=[1.0 1000000.0] du25=[0.2048 -0.0120] dmax25=[22.5197 0.0120] nu_yaw=-0.214
INFO  [mc_indi_tiltrotor] WRdbg0 Wu0=1000000 lo0=-0.00 du0=-0.0000 pin0=0.000 a0=[-0.000 -0.000 0.000 0.000 -0.000]
INFO  [mc_indi_tiltrotor] WRdbg1 Wu1=1000000 lo1=-0.00 du1=0.0000 pin1=-0.000 a1=[0.000 -0.000 -0.000 0.000 -0.000]
INFO  [mc_indi_tiltrotor] YWdbg nu2=-0.225 ach2=-0.009 r=-0.00 wsp2=-0.50 ddelta=[0.0000 -0.0000 -0.0120]
INFO  [mc_indi_tiltrotor] T0dbg1 G0=[-0.107 0.101 -0.234 0.981 -0.193] nu_des=[0.02 0.58 -2.02 -0.70 3.40]
INFO  [mc_indi_tiltrotor] T0dbg2 Ws34=[0.1 20.0] Wu0=1000000.0 du0=-0.0000 dmin0=-0.0000 dmax0=36.0000
INFO  [mc_indi_tiltrotor] T2dbg1 G2=[-0.020 -0.635 0.056 0.340 -0.941] G5=[-1.357 3.726 -0.490 22.611 8.167]
INFO  [mc_indi_tiltrotor] T2dbg2 Wu25=[1.0 1000000.0] du25=[-1.1729 -0.0120] dmax25=[20.9596 0.0120] nu_yaw=-2.017
INFO  [mc_indi_tiltrotor] WRdbg0 Wu0=1000000 lo0=-0.00 du0=-0.0000 pin0=0.000 a0=[-0.000 0.000 0.000 -0.000 -0.000]
INFO  [mc_indi_tiltrotor] WRdbg1 Wu1=1 lo1=-12.96 du1=-0.5294 pin1=0.180 a1=[0.143 0.087 -0.008 -0.000 -0.932]
INFO  [mc_indi_tiltrotor] T0dbg1 G0=[-0.110 0.104 -0.232 0.979 -0.204] nu_des=[-0.09 -0.02 -0.52 5.85 0.97]
INFO  [mc_indi_tiltrotor] T0dbg2 Ws34=[0.1 20.0] Wu0=1000000.0 du0=-0.3664 dmin0=-0.3664 dmax0=36.0000
INFO  [mc_indi_tiltrotor] T2dbg1 G2=[-0.020 -0.637 0.057 0.327 -0.945] G5=[-1.290 3.326 -0.446 21.502 7.433]
INFO  [mc_indi_tiltrotor] T2dbg2 Wu25=[1.0 1000000.0] du25=[-0.3417 -0.0120] dmax25=[22.2494 0.0120] nu_yaw=-0.518
INFO  [mc_indi_tiltrotor] WRdbg0 Wu0=1000000 lo0=-0.37 du0=-0.3664 pin0=-0.366 a0=[0.000 -0.000 0.000 0.000 -0.000]
INFO  [mc_indi_tiltrotor] WRdbg1 Wu1=1 lo1=-6.83 du1=-1.3687 pin1=-0.293 a1=[-0.795 -0.003 -0.002 0.000 -0.275]
INFO  [mc_indi_tiltrotor] YWdbg nu2=-0.532 ach2=-0.214 r=-0.38 wsp2=-0.50 ddelta=[0.0120 0.0120 -0.0120]
INFO  [mc_indi_tiltrotor] T0dbg1 G0=[-0.105 0.099 -0.235 0.983 -0.183] nu_des=[-0.12 -0.01 -0.21 12.61 9.75]
INFO  [mc_indi_tiltrotor] T0dbg2 Ws34=[0.1 20.0] Wu0=1000000.0 du0=-0.0000 dmin0=-0.0000 dmax0=36.0000
INFO  [mc_indi_tiltrotor] T2dbg1 G2=[-0.021 -0.634 0.056 0.345 -0.939] G5=[-1.305 3.671 -0.479 21.754 7.991]
INFO  [mc_indi_tiltrotor] T2dbg2 Wu25=[1.0 1000000.0] du25=[-0.1313 0.0120] dmax25=[21.8246 0.0120] nu_yaw=-0.207
INFO  [mc_indi_tiltrotor] WRdbg0 Wu0=1000000 lo0=-0.00 du0=-0.0000 pin0=-0.000 a0=[0.000 -0.000 0.000 0.000 -0.000]
INFO  [mc_indi_tiltrotor] WRdbg1 Wu1=1000000 lo1=-0.00 du1=-0.0000 pin1=-0.000 a1=[-0.000 -0.000 -0.000 0.000 -0.000]
INFO  [mc_indi_tiltrotor] YWdbg nu2=-0.306 ach2=-0.009 r=0.02 wsp2=-0.50 ddelta=[0.0000 0.0000 0.0120]
INFO  [mc_indi_tiltrotor] T0dbg1 G0=[-0.105 0.099 -0.235 0.983 -0.183] nu_des=[-0.08 0.02 -0.30 12.22 4.24]
INFO  [mc_indi_tiltrotor] T0dbg2 Ws34=[0.1 20.0] Wu0=1000000.0 du0=-0.0000 dmin0=-0.0000 dmax0=36.0000
INFO  [mc_indi_tiltrotor] T2dbg1 G2=[-0.023 -0.627 0.055 0.382 -0.924] G5=[-1.253 4.155 -0.519 20.885 8.642]
INFO  [mc_indi_tiltrotor] T2dbg2 Wu25=[1.0 1000000.0] du25=[-0.0445 0.0120] dmax25=[22.3980 0.0120] nu_yaw=-0.304
INFO  [mc_indi_tiltrotor] WRdbg0 Wu0=1000000 lo0=-0.00 du0=-0.0000 pin0=-0.000 a0=[0.000 0.000 0.000 0.000 -0.000]
INFO  [mc_indi_tiltrotor] WRdbg1 Wu1=1000000 lo1=-0.00 du1=-0.0000 pin1=0.000 a1=[-0.000 0.000 -0.000 0.000 -0.000]
INFO  [mc_indi_tiltrotor] T0dbg1 G0=[-0.104 0.099 -0.235 0.983 -0.181] nu_des=[0.02 -1.46 -0.40 -0.72 0.12]
INFO  [mc_indi_tiltrotor] T0dbg2 Ws34=[0.1 20.0] Wu0=1.0 du0=-3.4109 dmin0=-5.6519 dmax0=36.0000
INFO  [mc_indi_tiltrotor] T2dbg1 G2=[-0.024 -0.624 0.055 0.400 -0.916] G5=[-1.228 4.376 -0.536 20.470 8.936]
INFO  [mc_indi_tiltrotor] T2dbg2 Wu25=[1.0 1000000.0] du25=[1.1780 -0.0120] dmax25=[22.6641 0.0120] nu_yaw=-0.398
INFO  [mc_indi_tiltrotor] WRdbg0 Wu0=1 lo0=-5.65 du0=-3.4109 pin0=0.315 a0=[-0.095 -3.455 -0.000 -0.000 -0.177]
INFO  [mc_indi_tiltrotor] WRdbg1 Wu1=1 lo1=-7.32 du1=-3.2018 pin1=0.220 a1=[0.103 -3.323 -0.002 -0.000 -0.200]
INFO  [mc_indi_tiltrotor] YWdbg nu2=-0.092 ach2=0.001 r=-0.00 wsp2=-0.50 ddelta=[0.0120 0.0120 -0.0120]
INFO  [mc_indi_tiltrotor] T0dbg1 G0=[-0.100 0.095 -0.237 0.987 -0.163] nu_des=[0.09 -0.21 -0.08 8.38 3.34]
INFO  [mc_indi_tiltrotor] T0dbg2 Ws34=[0.1 20.0] Wu0=1000000.0 du0=-0.0365 dmin0=-0.0365 dmax0=36.0000
INFO  [mc_indi_tiltrotor] T2dbg1 G2=[-0.024 -0.624 0.055 0.397 -0.918] G5=[-1.374 4.829 -0.594 22.896 9.895]
INFO  [mc_indi_tiltrotor] T2dbg2 Wu25=[1.0 1000000.0] du25=[0.0899 -0.0120] dmax25=[20.0574 0.0120] nu_yaw=-0.083
INFO  [mc_indi_tiltrotor] WRdbg0 Wu0=1000000 lo0=-0.04 du0=-0.0365 pin0=-0.037 a0=[-0.000 -0.000 0.000 0.000 -0.000]
INFO  [mc_indi_tiltrotor] WRdbg1 Wu1=1 lo1=-2.72 du1=-0.3033 pin1=-0.141 a1=[0.845 -0.014 -0.000 0.000 -0.993]
INFO  [mc_indi_tiltrotor] T0dbg1 G0=[-0.096 0.091 -0.239 0.989 -0.145] nu_des=[0.55 -0.07 -0.33 10.40 13.36]
INFO  [mc_indi_tiltrotor] T0dbg2 Ws34=[0.1 20.0] Wu0=1000000.0 du0=-0.0000 dmin0=-0.0000 dmax0=36.0000
INFO  [mc_indi_tiltrotor] T2dbg1 G2=[-0.025 -0.620 0.055 0.418 -0.909] G5=[-1.384 5.279 -0.636 23.062 10.604]
INFO  [mc_indi_tiltrotor] T2dbg2 Wu25=[1.0 1000000.0] du25=[-0.1298 0.0120] dmax25=[19.6165 0.0120] nu_yaw=-0.331
INFO  [mc_indi_tiltrotor] WRdbg0 Wu0=1000000 lo0=-0.00 du0=-0.0000 pin0=-0.000 a0=[-0.000 -0.000 0.000 0.000 -0.000]
INFO  [mc_indi_tiltrotor] WRdbg1 Wu1=1000000 lo1=-0.00 du1=-0.0000 pin1=-0.000 a1=[0.000 -0.000 -0.000 0.000 -0.000]
INFO  [mc_indi_tiltrotor] YWdbg nu2=-0.258 ach2=-0.002 r=-0.05 wsp2=-0.50 ddelta=[0.0000 -0.0000 0.0120]
INFO  [mc_indi_tiltrotor] T0dbg1 G0=[-0.096 0.091 -0.239 0.989 -0.145] nu_des=[1.23 -0.21 -0.27 8.96 12.84]
INFO  [mc_indi_tiltrotor] T0dbg2 Ws34=[0.1 20.0] Wu0=1000000.0 du0=-0.0000 dmin0=-0.0000 dmax0=36.0000
INFO  [mc_indi_tiltrotor] T2dbg1 G2=[-0.027 -0.611 0.053 0.454 -0.891] G5=[-1.417 6.172 -0.722 23.624 12.039]
INFO  [mc_indi_tiltrotor] T2dbg2 Wu25=[1.0 1000000.0] du25=[0.0726 0.0120] dmax25=[18.4855 0.0120] nu_yaw=-0.268
INFO  [mc_indi_tiltrotor] WRdbg0 Wu0=1000000 lo0=-0.00 du0=-0.0000 pin0=-0.000 a0=[-0.000 -0.000 0.000 0.000 -0.000]
INFO  [mc_indi_tiltrotor] WRdbg1 Wu1=1000000 lo1=-0.00 du1=0.0000 pin1=-0.000 a1=[0.000 0.000 -0.000 0.000 -0.000]
INFO  [mc_indi_tiltrotor] T0dbg1 G0=[-0.096 0.091 -0.239 0.989 -0.145] nu_des=[2.16 -0.46 -0.17 8.10 9.38]
INFO  [mc_indi_tiltrotor] T0dbg2 Ws34=[0.1 20.0] Wu0=1000000.0 du0=-0.0000 dmin0=-0.0000 dmax0=36.0000
INFO  [mc_indi_tiltrotor] T2dbg1 G2=[-0.028 -0.607 0.053 0.467 -0.884] G5=[-1.465 6.677 -0.774 24.422 12.902]
INFO  [mc_indi_tiltrotor] T2dbg2 Wu25=[1.0 1000000.0] du25=[0.2337 -0.0120] dmax25=[17.3799 0.0120] nu_yaw=-0.167
INFO  [mc_indi_tiltrotor] WRdbg0 Wu0=1000000 lo0=-0.00 du0=-0.0000 pin0=0.000 a0=[-0.000 -0.000 0.000 0.000 -0.000]
INFO  [mc_indi_tiltrotor] WRdbg1 Wu1=1000000 lo1=-0.00 du1=0.0000 pin1=-0.000 a1=[0.000 0.000 -0.000 0.000 -0.000]
INFO  [mc_indi_tiltrotor] YWdbg nu2=-0.160 ach2=0.015 r=-0.05 wsp2=-0.50 ddelta=[0.0000 -0.0001 -0.0120]
INFO  [mc_indi_tiltrotor] T0dbg1 G0=[-0.096 0.091 -0.239 0.989 -0.145] nu_des=[3.35 -0.43 -0.15 8.04 11.48]
INFO  [mc_indi_tiltrotor] T0dbg2 Ws34=[0.1 20.0] Wu0=1000000.0 du0=-0.0000 dmin0=-0.0000 dmax0=36.0000
INFO  [mc_indi_tiltrotor] T2dbg1 G2=[-0.026 -0.617 0.054 0.431 -0.902] G5=[-1.628 6.527 -0.778 27.133 12.963]
INFO  [mc_indi_tiltrotor] T2dbg2 Wu25=[1.0 1000000.0] du25=[0.0629 -0.0120] dmax25=[14.9293 0.0120] nu_yaw=-0.152
INFO  [mc_indi_tiltrotor] WRdbg0 Wu0=1000000 lo0=-0.00 du0=-0.0000 pin0=0.000 a0=[-0.000 -0.000 0.000 0.000 -0.000]
INFO  [mc_indi_tiltrotor] WRdbg1 Wu1=1000000 lo1=-0.00 du1=0.0000 pin1=-0.000 a1=[0.000 -0.000 -0.000 0.000 -0.000]
INFO  [mc_indi_tiltrotor] T0dbg1 G0=[-0.096 0.091 -0.239 0.989 -0.145] nu_des=[4.83 -0.38 -0.16 8.29 4.39]
INFO  [mc_indi_tiltrotor] T0dbg2 Ws34=[0.1 20.0] Wu0=1000000.0 du0=-0.0000 dmin0=-0.0000 dmax0=36.0000
INFO  [mc_indi_tiltrotor] T2dbg1 G2=[-0.024 -0.625 0.055 0.394 -0.919] G5=[-1.777 6.190 -0.763 29.622 12.712]
INFO  [mc_indi_tiltrotor] T2dbg2 Wu25=[1.0 1000000.0] du25=[0.0935 -0.0120] dmax25=[12.7658 0.0120] nu_yaw=-0.156
INFO  [mc_indi_tiltrotor] WRdbg0 Wu0=1000000 lo0=-0.00 du0=-0.0000 pin0=0.000 a0=[-0.000 -0.000 0.000 0.000 -0.000]
INFO  [mc_indi_tiltrotor] WRdbg1 Wu1=1000000 lo1=-0.00 du1=0.0000 pin1=-0.000 a1=[0.000 -0.000 -0.000 0.000 -0.000]
INFO  [mc_indi_tiltrotor] YWdbg nu2=-4.213 ach2=-0.939 r=3.85 wsp2=-0.50 ddelta=[-0.0120 -0.0120 0.0120]
INFO  [mc_indi_tiltrotor] T0dbg1 G0=[-0.097 0.092 -0.238 0.989 -0.150] nu_des=[3.74 4.01 -1.89 -71.70 -35.05]
INFO  [mc_indi_tiltrotor] T0dbg2 Ws34=[0.1 20.0] Wu0=1000000.0 du0=0.0738 dmin0=-44.9262 dmax0=0.0738
INFO  [mc_indi_tiltrotor] T2dbg1 G2=[-0.022 -0.630 0.056 0.368 -0.930] G5=[-0.565 1.763 -0.224 9.424 3.727]
INFO  [mc_indi_tiltrotor] T2dbg2 Wu25=[1.0 1000000.0] du25=[-5.3111 -0.0120] dmax25=[34.8657 0.0120] nu_yaw=-1.892
INFO  [mc_indi_tiltrotor] WRdbg0 Wu0=1000000 lo0=-44.93 du0=0.0738 pin0=0.074 a0=[-0.000 0.000 0.000 -0.000 0.000]
INFO  [mc_indi_tiltrotor] WRdbg1 Wu1=1000000 lo1=-45.00 du1=0.0000 pin1=0.000 a1=[0.000 0.000 -0.000 -0.000 0.000]
INFO  [mc_indi_tiltrotor] T0dbg1 G0=[-0.106 0.101 -0.234 0.982 -0.190] nu_des=[-4.57 27.43 0.94 -67.46 -229.53]
INFO  [mc_indi_tiltrotor] T0dbg2 Ws34=[0.1 20.0] Wu0=1000000.0 du0=0.0000 dmin0=-45.0000 dmax0=0.0000
INFO  [mc_indi_tiltrotor] T2dbg1 G2=[-0.020 -0.636 0.057 0.335 -0.942] G5=[-0.001 0.004 -0.000 0.022 0.008]
INFO  [mc_indi_tiltrotor] T2dbg2 Wu25=[1000000.0 1000000.0] du25=[-0.0237 0.0120] dmax25=[36.0000 0.0120] nu_yaw=0.936
INFO  [mc_indi_tiltrotor] WRdbg0 Wu0=1000000 lo0=-45.00 du0=0.0000 pin0=0.000 a0=[0.000 0.000 -0.000 -0.000 0.000]
INFO  [mc_indi_tiltrotor] WRdbg1 Wu1=1000000 lo1=-45.00 du1=0.0000 pin1=0.000 a1=[-0.000 0.000 0.000 -0.000 0.000]
WARN  [health_and_arming_checks] Preflight Fail: Attitude failure (roll)
WARN  [failsafe] Failsafe activated	
INFO  [mc_indi_tiltrotor] YWdbg nu2=-0.963 ach2=-0.156 r=0.58 wsp2=0.50 ddelta=[-0.0120 -0.0120 0.0120]
INFO  [mc_indi_tiltrotor] T0dbg1 G0=[-0.116 0.109 -0.230 0.973 -0.230] nu_des=[-11.20 65.41 -1.17 -66.84 -252.84]
INFO  [mc_indi_tiltrotor] T0dbg2 Ws34=[0.1 20.0] Wu0=1000000.0 du0=0.0000 dmin0=-45.0000 dmax0=0.0000
INFO  [mc_indi_tiltrotor] T2dbg1 G2=[-0.020 -0.637 0.057 0.326 -0.945] G5=[-0.023 0.059 -0.008 0.384 0.132]
INFO  [mc_indi_tiltrotor] T2dbg2 Wu25=[1000000.0 1000000.0] du25=[-0.4062 0.0120] dmax25=[36.0000 0.0120] nu_yaw=-1.171
INFO  [mc_indi_tiltrotor] WRdbg0 Wu0=1000000 lo0=-45.00 du0=0.0000 pin0=0.000 a0=[0.000 0.000 0.000 -0.000 0.000]
INFO  [mc_indi_tiltrotor] WRdbg1 Wu1=1000000 lo1=-45.00 du1=0.0000 pin1=0.000 a1=[-0.000 0.000 -0.000 -0.000 0.000]
WARN  [failsafe] Failsafe activated	
INFO  [mc_indi_tiltrotor] T0dbg1 G0=[-0.125 0.117 -0.225 0.963 -0.269] nu_des=[-16.85 57.08 -0.09 -65.83 -206.82]
INFO  [mc_indi_tiltrotor] T0dbg2 Ws34=[0.1 20.0] Wu0=1000000.0 du0=0.0000 dmin0=-45.0000 dmax0=0.0000
INFO  [mc_indi_tiltrotor] T2dbg1 G2=[-0.021 -0.633 0.056 0.350 -0.937] G5=[-0.000 0.000 -0.000 0.000 0.000]
INFO  [mc_indi_tiltrotor] T2dbg2 Wu25=[1000000.0 5.9] du25=[-0.0000 0.0000] dmax25=[36.0000 0.0120] nu_yaw=-0.093
INFO  [mc_indi_tiltrotor] WRdbg0 Wu0=1000000 lo0=-45.00 du0=0.0000 pin0=0.000 a0=[0.000 0.000 0.000 -0.000 0.000]
INFO  [mc_indi_tiltrotor] WRdbg1 Wu1=1000000 lo1=-45.00 du1=0.0000 pin1=0.000 a1=[-0.000 0.000 -0.000 -0.000 0.000]
INFO  [mc_indi_tiltrotor] YWdbg nu2=-13.288 ach2=0.451 r=-1.23 wsp2=-0.50 ddelta=[-0.0120 -0.0120 -0.0120]
INFO  [mc_indi_tiltrotor] T0dbg1 G0=[-0.134 0.125 -0.219 0.952 -0.307] nu_des=[-9.51 59.29 -12.04 -80.19 -485.85]
INFO  [mc_indi_tiltrotor] T0dbg2 Ws34=[0.1 20.0] Wu0=1000000.0 du0=0.0000 dmin0=-45.0000 dmax0=0.0000
INFO  [mc_indi_tiltrotor] T2dbg1 G2=[-0.021 -0.635 0.056 0.342 -0.940] G5=[-2.534 7.047 -0.923 42.231 15.389]
INFO  [mc_indi_tiltrotor] T2dbg2 Wu25=[1000000.0 1000000.0] du25=[0.0520 -0.0120] dmax25=[0.0520 0.0120] nu_yaw=-12.043
INFO  [mc_indi_tiltrotor] WRdbg0 Wu0=1000000 lo0=-45.00 du0=0.0000 pin0=0.000 a0=[0.000 0.000 0.000 -0.000 0.000]
INFO  [mc_indi_tiltrotor] WRdbg1 Wu1=1000000 lo1=-45.00 du1=0.0000 pin1=0.000 a1=[-0.000 0.000 -0.000 -0.000 0.000]
INFO  [mc_indi_tiltrotor] back-transition: state 0 -> 1 (v_h=15.6, v_fwd=+15.2 m/s, ceil=71.6 deg)
INFO  [mc_indi_tiltrotor] T0dbg1 G0=[-0.143 0.132 -0.214 0.938 -0.345] nu_des=[-2.41 53.90 1.88 -98.33 -834.16]
INFO  [mc_indi_tiltrotor] T0dbg2 Ws34=[0.1 20.0] Wu0=1000000.0 du0=0.0000 dmin0=-45.0000 dmax0=0.0000
INFO  [mc_indi_tiltrotor] T2dbg1 G2=[-0.018 -0.640 0.057 0.304 -0.953] G5=[-2.572 5.899 -0.822 42.866 13.692]
INFO  [mc_indi_tiltrotor] T2dbg2 Wu25=[1000000.0 1000000.0] du25=[0.0000 -0.0120] dmax25=[0.0000 0.0120] nu_yaw=1.882
INFO  [mc_indi_tiltrotor] WRdbg0 Wu0=1000000 lo0=-45.00 du0=0.0000 pin0=0.000 a0=[0.000 0.000 -0.000 -0.000 0.000]
INFO  [mc_indi_tiltrotor] WRdbg1 Wu1=1000000 lo1=-45.00 du1=0.0000 pin1=0.000 a1=[-0.000 0.000 0.000 -0.000 0.000]
WARN  [failsafe] Failsafe activated	
INFO  [mc_indi_tiltrotor] YWdbg nu2=0.544 ach2=0.010 r=-0.10 wsp2=0.50 ddelta=[-0.0120 -0.0120 -0.0120]
INFO  [mc_indi_tiltrotor] T0dbg1 G0=[-0.151 0.140 -0.208 0.924 -0.383] nu_des=[-0.86 49.48 0.12 -95.31 -259.39]
INFO  [mc_indi_tiltrotor] T0dbg2 Ws34=[0.1 20.0] Wu0=1000000.0 du0=0.0000 dmin0=-45.0000 dmax0=0.0000
INFO  [mc_indi_tiltrotor] T2dbg1 G2=[-0.016 -0.645 0.058 0.266 -0.964] G5=[-2.603 4.752 -0.719 43.376 11.982]
INFO  [mc_indi_tiltrotor] T2dbg2 Wu25=[1000000.0 1000000.0] du25=[0.0000 -0.0120] dmax25=[0.0000 0.0120] nu_yaw=0.119
INFO  [mc_indi_tiltrotor] WRdbg0 Wu0=1000000 lo0=-45.00 du0=0.0000 pin0=0.000 a0=[0.000 0.000 -0.000 -0.000 0.000]
INFO  [mc_indi_tiltrotor] WRdbg1 Wu1=1000000 lo1=-45.00 du1=0.0000 pin1=0.000 a1=[-0.000 0.000 0.000 -0.000 0.000]
INFO  [mc_indi_tiltrotor] T0dbg1 G0=[-0.148 0.137 -0.211 0.930 -0.367] nu_des=[2.10 31.95 -0.22 -83.85 662.54]
INFO  [mc_indi_tiltrotor] T0dbg2 Ws34=[0.1 20.0] Wu0=1000000.0 du0=0.0000 dmin0=-45.0000 dmax0=0.0000
INFO  [mc_indi_tiltrotor] T2dbg1 G2=[-0.018 -0.642 0.057 0.297 -0.955] G5=[-0.000 0.000 -0.000 0.000 0.000]
INFO  [mc_indi_tiltrotor] T2dbg2 Wu25=[1000000.0 6.3] du25=[-0.0000 0.0001] dmax25=[36.0000 0.0120] nu_yaw=-0.224
INFO  [mc_indi_tiltrotor] WRdbg0 Wu0=1000000 lo0=-45.00 du0=0.0000 pin0=0.000 a0=[-0.000 0.000 0.000 -0.000 -0.000]
INFO  [mc_indi_tiltrotor] WRdbg1 Wu1=1000000 lo1=-45.00 du1=0.0000 pin1=0.000 a1=[0.000 0.000 -0.000 -0.000 -0.000]
WARN  [failsafe] Failsafe activated	
WARN  [failsafe] Failsafe activated	
INFO  [mc_indi_tiltrotor] YWdbg nu2=-0.402 ach2=0.378 r=-0.03 wsp2=-0.50 ddelta=[-0.0041 -0.0045 0.0000]
INFO  [mc_indi_tiltrotor] T0dbg1 G0=[-0.148 0.137 -0.210 0.929 -0.369] nu_des=[9.97 17.14 -0.03 -83.33 220.95]
INFO  [mc_indi_tiltrotor] T0dbg2 Ws34=[0.1 20.0] Wu0=1000000.0 du0=0.3474 dmin0=-44.6526 dmax0=0.3474
INFO  [mc_indi_tiltrotor] T2dbg1 G2=[-0.018 -0.642 0.057 0.297 -0.955] G5=[-0.000 0.000 -0.000 0.000 0.000]
INFO  [mc_indi_tiltrotor] T2dbg2 Wu25=[1000000.0 6.3] du25=[-0.0000 0.0000] dmax25=[36.0000 0.0120] nu_yaw=-0.034
INFO  [mc_indi_tiltrotor] WRdbg0 Wu0=1000000 lo0=-44.65 du0=0.3474 pin0=0.347 a0=[-0.000 0.000 0.000 -0.000 -0.000]
INFO  [mc_indi_tiltrotor] WRdbg1 Wu1=1000000 lo1=-45.00 du1=0.0000 pin1=0.000 a1=[0.000 0.000 -0.000 -0.000 -0.000]
INFO  [mc_indi_tiltrotor] T0dbg1 G0=[-0.155 0.143 -0.205 0.916 -0.400] nu_des=[17.58 15.49 -1.52 -94.72 -597.71]
INFO  [mc_indi_tiltrotor] T0dbg2 Ws34=[0.1 20.0] Wu0=1000000.0 du0=0.0000 dmin0=-45.0000 dmax0=0.0000
INFO  [mc_indi_tiltrotor] T2dbg1 G2=[-0.016 -0.644 0.058 0.273 -0.962] G5=[-2.597 4.954 -0.737 43.291 12.283]
INFO  [mc_indi_tiltrotor] T2dbg2 Wu25=[1000000.0 1000000.0] du25=[0.0000 -0.0120] dmax25=[0.0000 0.0120] nu_yaw=-1.518
INFO  [mc_indi_tiltrotor] WRdbg0 Wu0=1000000 lo0=-45.00 du0=0.0000 pin0=0.000 a0=[-0.000 0.000 0.000 -0.000 0.000]
INFO  [mc_indi_tiltrotor] WRdbg1 Wu1=1000000 lo1=-45.00 du1=0.0000 pin1=0.000 a1=[0.000 0.000 -0.000 -0.000 0.000]
WARN  [health_and_arming_checks] Preflight Fail: Attitude failure (pitch)
WARN  [failsafe] Failsafe activated	
INFO  [mc_indi_tiltrotor] YWdbg nu2=0.044 ach2=0.007 r=0.01 wsp2=0.50 ddelta=[-0.0120 -0.0120 -0.0120]
INFO  [mc_indi_tiltrotor] T0dbg1 G0=[-0.163 0.150 -0.199 0.900 -0.437] nu_des=[22.88 15.69 0.40 -91.44 -758.02]
INFO  [mc_indi_tiltrotor] T0dbg2 Ws34=[0.1 20.0] Wu0=1000000.0 du0=0.0000 dmin0=-45.0000 dmax0=0.0000
INFO  [mc_indi_tiltrotor] T2dbg1 G2=[-0.014 -0.648 0.058 0.234 -0.972] G5=[-2.625 3.781 -0.632 43.751 10.528]
INFO  [mc_indi_tiltrotor] T2dbg2 Wu25=[1000000.0 1000000.0] du25=[0.0000 -0.0120] dmax25=[0.0000 0.0120] nu_yaw=0.400
INFO  [mc_indi_tiltrotor] WRdbg0 Wu0=1000000 lo0=-45.00 du0=0.0000 pin0=0.000 a0=[-0.000 0.000 -0.000 -0.000 0.000]
INFO  [mc_indi_tiltrotor] WRdbg1 Wu1=1000000 lo1=-45.00 du1=0.0000 pin1=0.000 a1=[0.000 0.000 0.000 -0.000 0.000]
INFO  [mc_indi_tiltrotor] T0dbg1 G0=[-0.168 0.154 -0.195 0.888 -0.459] nu_des=[21.69 5.00 3.14 -40.06 71.47]
INFO  [mc_indi_tiltrotor] T0dbg2 Ws34=[0.1 20.0] Wu0=1000000.0 du0=-0.0050 dmin0=-0.0050 dmax0=36.0000
INFO  [mc_indi_tiltrotor] T2dbg1 G2=[-0.012 -0.651 0.059 0.195 -0.981] G5=[-0.139 0.136 -0.028 2.312 0.459]
INFO  [mc_indi_tiltrotor] T2dbg2 Wu25=[1000000.0 1000000.0] du25=[-2.3567 -0.0120] dmax25=[36.0000 0.0120] nu_yaw=3.143
INFO  [mc_indi_tiltrotor] WRdbg0 Wu0=1000000 lo0=-0.01 du0=-0.0050 pin0=-0.005 a0=[-0.000 0.000 -0.000 -0.000 -0.000]
INFO  [mc_indi_tiltrotor] WRdbg1 Wu1=1000000 lo1=-45.00 du1=0.0000 pin1=0.000 a1=[0.000 0.000 0.000 -0.000 -0.000]
INFO  [mc_indi_tiltrotor] YWdbg nu2=1.007 ach2=-0.000 r=0.18 wsp2=0.50 ddelta=[0.0000 0.0120 -0.0000]
INFO  [mc_indi_tiltrotor] T0dbg1 G0=[-0.164 0.151 -0.198 0.898 -0.440] nu_des=[26.01 -8.51 0.51 -0.00 517.96]
INFO  [mc_indi_tiltrotor] T0dbg2 Ws34=[0.1 20.0] Wu0=1000000.0 du0=-0.0000 dmin0=-0.0000 dmax0=36.0000
INFO  [mc_indi_tiltrotor] T2dbg1 G2=[-0.010 -0.652 0.059 0.172 -0.985] G5=[-0.000 0.000 -0.000 0.000 0.000]
INFO  [mc_indi_tiltrotor] T2dbg2 Wu25=[1000000.0 6.7] du25=[0.0000 -0.0000] dmax25=[36.0000 0.0120] nu_yaw=0.506
INFO  [mc_indi_tiltrotor] WRdbg0 Wu0=1000000 lo0=-0.00 du0=-0.0000 pin0=-0.000 a0=[-0.000 -0.000 -0.000 -0.000 -0.000]
INFO  [mc_indi_tiltrotor] WRdbg1 Wu1=1000000 lo1=-0.00 du1=-0.0000 pin1=-0.000 a1=[0.000 -0.000 0.000 -0.000 -0.000]
WARN  [failsafe] Failsafe activated	
WARN  [failsafe] Failsafe activated	
INFO  [mc_indi_tiltrotor] T0dbg1 G0=[-0.166 0.152 -0.196 0.894 -0.449] nu_des=[33.73 -21.28 -0.07 -0.00 196.97]
INFO  [mc_indi_tiltrotor] T0dbg2 Ws34=[0.1 20.0] Wu0=1000000.0 du0=-0.0000 dmin0=-0.0000 dmax0=36.0000
INFO  [mc_indi_tiltrotor] T2dbg1 G2=[-0.010 -0.652 0.059 0.171 -0.985] G5=[-0.000 0.000 -0.000 0.000 0.000]
INFO  [mc_indi_tiltrotor] T2dbg2 Wu25=[1000000.0 6.7] du25=[0.0000 -0.0010] dmax25=[36.0000 0.0120] nu_yaw=-0.066
INFO  [mc_indi_tiltrotor] WRdbg0 Wu0=1000000 lo0=-0.00 du0=-0.0000 pin0=-0.000 a0=[-0.000 -0.000 0.000 -0.000 -0.000]
INFO  [mc_indi_tiltrotor] WRdbg1 Wu1=1000000 lo1=-0.00 du1=0.0000 pin1=-0.000 a1=[0.000 -0.000 -0.000 -0.000 -0.000]
INFO  [mc_indi_tiltrotor] YWdbg nu2=-0.442 ach2=0.005 r=0.62 wsp2=-0.50 ddelta=[-0.0049 -0.0120 -0.0120]
WARN  [health_and_arming_checks] Preflight Fail: Attitude failure (roll)
INFO  [mc_indi_tiltrotor] T0dbg1 G0=[-0.169 0.155 -0.194 0.886 -0.464] nu_des=[41.84 -11.42 0.32 -6.51 55.03]
INFO  [mc_indi_tiltrotor] T0dbg2 Ws34=[0.1 20.0] Wu0=1000000.0 du0=-0.0000 dmin0=-0.0000 dmax0=36.0000
INFO  [mc_indi_tiltrotor] T2dbg1 G2=[-0.009 -0.653 0.059 0.145 -0.989] G5=[-2.672 1.118 -0.391 44.526 6.515]
INFO  [mc_indi_tiltrotor] T2dbg2 Wu25=[1000000.0 1000000.0] du25=[0.0000 -0.0120] dmax25=[0.0000 0.0120] nu_yaw=0.321
INFO  [mc_indi_tiltrotor] WRdbg0 Wu0=1000000 lo0=-0.00 du0=-0.0000 pin0=0.000 a0=[-0.000 -0.000 -0.000 -0.000 -0.000]
INFO  [mc_indi_tiltrotor] WRdbg1 Wu1=1000000 lo1=-0.00 du1=-0.0000 pin1=-0.000 a1=[0.000 -0.000 0.000 -0.000 -0.000]
INFO  [mc_indi_tiltrotor] T0dbg1 G0=[-0.173 0.158 -0.191 0.877 -0.480] nu_des=[50.15 0.65 -1.81 -4.69 42.74]
INFO  [mc_indi_tiltrotor] T0dbg2 Ws34=[0.1 20.0] Wu0=1000000.0 du0=-0.0000 dmin0=-0.0000 dmax0=36.0000
INFO  [mc_indi_tiltrotor] T2dbg1 G2=[-0.006 -0.654 0.060 0.105 -0.994] G5=[-2.673 -0.068 -0.282 44.553 4.693]
INFO  [mc_indi_tiltrotor] T2dbg2 Wu25=[1.0 1000000.0] du25=[-2.6677 -0.0120] dmax25=[0.2009 0.0120] nu_yaw=-1.807
INFO  [mc_indi_tiltrotor] WRdbg0 Wu0=1000000 lo0=-0.00 du0=-0.0000 pin0=0.000 a0=[-0.000 0.000 0.000 -0.000 -0.000]
INFO  [mc_indi_tiltrotor] WRdbg1 Wu1=1000000 lo1=-0.00 du1=-0.0009 pin1=-0.001 a1=[0.000 0.000 -0.000 -0.000 -0.000]
INFO  [mc_indi_tiltrotor] YWdbg nu2=-8.799 ach2=-0.101 r=4.35 wsp2=0.50 ddelta=[-0.0050 -0.0120 -0.0120]
INFO  [mc_indi_tiltrotor] T0dbg1 G0=[-0.176 0.161 -0.187 0.869 -0.495] nu_des=[25.61 4.76 -10.68 -38.57 3.87]
INFO  [mc_indi_tiltrotor] T0dbg2 Ws34=[0.1 20.0] Wu0=1000000.0 du0=-0.0000 dmin0=-0.0000 dmax0=36.0000
INFO  [mc_indi_tiltrotor] T2dbg1 G2=[-0.004 -0.653 0.060 0.065 -0.998] G5=[-0.000 -0.000 -0.000 0.001 0.000]
INFO  [mc_indi_tiltrotor] T2dbg2 Wu25=[1000000.0 1000000.0] du25=[-0.0010 -0.0120] dmax25=[36.0000 0.0120] nu_yaw=-10.679
INFO  [mc_indi_tiltrotor] WRdbg0 Wu0=1000000 lo0=-0.00 du0=-0.0000 pin0=0.000 a0=[-0.000 0.000 0.000 -0.000 -0.000]
INFO  [mc_indi_tiltrotor] WRdbg1 Wu1=1000000 lo1=-45.00 du1=0.0000 pin1=0.000 a1=[0.000 0.000 -0.000 -0.000 -0.000]
INFO  [mc_indi_tiltrotor] T0dbg1 G0=[-0.181 0.165 -0.183 0.855 -0.519] nu_des=[-2.61 0.54 -4.07 -77.86 -76.24]
INFO  [mc_indi_tiltrotor] T0dbg2 Ws34=[0.1 20.0] Wu0=1000000.0 du0=0.0000 dmin0=-45.0000 dmax0=0.0000
INFO  [mc_indi_tiltrotor] T2dbg1 G2=[-0.004 -0.653 0.060 0.066 -0.998] G5=[-1.687 -0.759 -0.112 28.115 1.860]
INFO  [mc_indi_tiltrotor] T2dbg2 Wu25=[1.0 1000000.0] du25=[1.2022 0.0120] dmax25=[16.8231 0.0120] nu_yaw=-4.074
INFO  [mc_indi_tiltrotor] WRdbg0 Wu0=1000000 lo0=-45.00 du0=0.0000 pin0=0.000 a0=[0.000 0.000 0.000 -0.000 0.000]
INFO  [mc_indi_tiltrotor] WRdbg1 Wu1=1000000 lo1=-44.91 du1=0.0940 pin1=0.094 a1=[-0.000 0.000 -0.000 -0.000 0.000]
INFO  [mc_indi_tiltrotor] YWdbg nu2=-6.299 ach2=2.275 r=8.65 wsp2=-0.50 ddelta=[-0.0120 -0.0120 0.0120]
INFO  [mc_indi_tiltrotor] T0dbg1 G0=[-0.188 0.172 -0.175 0.833 -0.553] nu_des=[5.17 19.67 -1.62 -77.54 -203.66]
INFO  [mc_indi_tiltrotor] T0dbg2 Ws34=[0.1 20.0] Wu0=1000000.0 du0=0.0000 dmin0=-45.0000 dmax0=0.0000
INFO  [mc_indi_tiltrotor] T2dbg1 G2=[-0.005 -0.653 0.060 0.077 -0.997] G5=[-2.692 -0.892 -0.208 44.866 3.460]
INFO  [mc_indi_tiltrotor] T2dbg2 Wu25=[1000000.0 1000000.0] du25=[0.0012 -0.0120] dmax25=[0.0012 0.0120] nu_yaw=-1.615
INFO  [mc_indi_tiltrotor] WRdbg0 Wu0=1000000 lo0=-45.00 du0=0.0000 pin0=0.000 a0=[-0.000 0.000 0.000 -0.000 0.000]
INFO  [mc_indi_tiltrotor] WRdbg1 Wu1=1000000 lo1=-45.00 du1=0.0000 pin1=0.000 a1=[0.000 0.000 -0.000 -0.000 0.000]
WARN  [failsafe] Failsafe activated	
INFO  [mc_indi_tiltrotor] T0dbg1 G0=[-0.195 0.178 -0.167 0.810 -0.586] nu_des=[8.55 48.29 -0.52 -71.96 -268.06]
INFO  [mc_indi_tiltrotor] T0dbg2 Ws34=[0.1 20.0] Wu0=1000000.0 du0=0.0000 dmin0=-45.0000 dmax0=0.0000
INFO  [mc_indi_tiltrotor] T2dbg1 G2=[-0.002 -0.652 0.060 0.037 -0.999] G5=[-0.000 -0.000 -0.000 0.000 0.000]
INFO  [mc_indi_tiltrotor] T2dbg2 Wu25=[1000000.0 7.4] du25=[-0.0000 -0.0050] dmax25=[36.0000 0.0120] nu_yaw=-0.520
INFO  [mc_indi_tiltrotor] WRdbg0 Wu0=1000000 lo0=-45.00 du0=0.0000 pin0=0.000 a0=[-0.000 0.000 0.000 -0.000 0.000]
INFO  [mc_indi_tiltrotor] WRdbg1 Wu1=1000000 lo1=-45.00 du1=0.0000 pin1=0.000 a1=[0.000 0.000 -0.000 -0.000 0.000]
WARN  [failsafe] Failsafe activated	
INFO  [mc_indi_tiltrotor] YWdbg nu2=-0.690 ach2=-0.400 r=2.08 wsp2=-0.50 ddelta=[-0.0120 -0.0120 -0.0120]
INFO  [mc_indi_tiltrotor] T0dbg1 G0=[-0.202 0.183 -0.159 0.786 -0.618] nu_des=[23.78 34.30 1.18 -69.72 -348.03]
INFO  [mc_indi_tiltrotor] T0dbg2 Ws34=[0.1 20.0] Wu0=1000000.0 du0=0.0000 dmin0=-45.0000 dmax0=0.0000
INFO  [mc_indi_tiltrotor] T2dbg1 G2=[-0.000 -0.650 0.060 0.006 -1.000] G5=[-0.003 -0.003 -0.000 0.042 0.000]
INFO  [mc_indi_tiltrotor] T2dbg2 Wu25=[1000000.0 1000000.0] du25=[-0.0421 -0.0059] dmax25=[36.0000 0.0120] nu_yaw=1.183
INFO  [mc_indi_tiltrotor] WRdbg0 Wu0=1000000 lo0=-45.00 du0=0.0000 pin0=0.000 a0=[-0.000 0.000 -0.000 -0.000 0.000]
INFO  [mc_indi_tiltrotor] WRdbg1 Wu1=1000000 lo1=-45.00 du1=0.0000 pin1=0.000 a1=[0.000 0.000 0.000 -0.000 0.000]
INFO  [mc_indi_tiltrotor] T0dbg1 G0=[-0.208 0.188 -0.151 0.761 -0.649] nu_des=[23.13 40.30 -1.45 -67.37 -345.93]
INFO  [mc_indi_tiltrotor] T0dbg2 Ws34=[0.1 20.0] Wu0=1000000.0 du0=0.0000 dmin0=-45.0000 dmax0=0.0000
INFO  [mc_indi_tiltrotor] T2dbg1 G2=[-0.000 -0.650 0.060 0.000 -1.000] G5=[-0.000 -0.000 -0.000 0.000 0.000]
INFO  [mc_indi_tiltrotor] T2dbg2 Wu25=[1000000.0 1000000.0] du25=[-0.0001 -0.0002] dmax25=[36.0000 0.0120] nu_yaw=-1.449
INFO  [mc_indi_tiltrotor] WRdbg0 Wu0=1000000 lo0=-45.00 du0=0.0000 pin0=0.000 a0=[-0.000 0.000 0.000 -0.000 0.000]
INFO  [mc_indi_tiltrotor] WRdbg1 Wu1=1000000 lo1=-45.00 du1=0.0000 pin1=0.000 a1=[0.000 0.000 -0.000 -0.000 0.000]
INFO  [mc_indi_tiltrotor] YWdbg nu2=-1.076 ach2=-0.020 r=1.46 wsp2=-0.50 ddelta=[-0.0120 -0.0120 -0.0000]
INFO  [mc_indi_tiltrotor] T0dbg1 G0=[-0.214 0.193 -0.143 0.734 -0.679] nu_des=[8.55 16.09 0.41 -64.92 -267.70]
INFO  [mc_indi_tiltrotor] T0dbg2 Ws34=[0.1 20.0] Wu0=1000000.0 du0=0.0000 dmin0=-45.0000 dmax0=0.0000
INFO  [mc_indi_tiltrotor] T2dbg1 G2=[-0.000 -0.650 0.060 0.000 -1.000] G5=[-1.334 -1.552 -0.000 22.235 0.007]
INFO  [mc_indi_tiltrotor] T2dbg2 Wu25=[1000000.0 1000000.0] du25=[22.7652 0.0120] dmax25=[22.7652 0.0120] nu_yaw=0.413
INFO  [mc_indi_tiltrotor] WRdbg0 Wu0=1000000 lo0=-45.00 du0=0.0000 pin0=0.000 a0=[-0.000 0.000 -0.000 -0.000 0.000]
INFO  [mc_indi_tiltrotor] WRdbg1 Wu1=1000000 lo1=-45.00 du1=0.0000 pin1=0.000 a1=[0.000 0.000 0.000 -0.000 0.000]
WARN  [failsafe] Failsafe activated	
INFO  [mc_indi_tiltrotor] T0dbg1 G0=[-0.219 0.198 -0.134 0.706 -0.708] nu_des=[-9.63 35.88 -1.57 -63.12 -403.46]
INFO  [mc_indi_tiltrotor] T0dbg2 Ws34=[0.1 20.0] Wu0=1000000.0 du0=0.0000 dmin0=-45.0000 dmax0=0.0000
INFO  [mc_indi_tiltrotor] T2dbg1 G2=[-0.002 -0.652 0.060 0.032 -0.999] G5=[-1.467 -1.206 -0.047 24.458 0.779]
INFO  [mc_indi_tiltrotor] T2dbg2 Wu25=[1000000.0 1000000.0] du25=[20.5296 0.0120] dmax25=[20.5296 0.0120] nu_yaw=-1.573
INFO  [mc_indi_tiltrotor] WRdbg0 Wu0=1000000 lo0=-45.00 du0=0.0000 pin0=0.000 a0=[0.000 0.000 0.000 -0.000 0.000]
INFO  [mc_indi_tiltrotor] WRdbg1 Wu1=1000000 lo1=-45.00 du1=0.0000 pin1=0.000 a1=[-0.000 0.000 -0.000 -0.000 0.000]
INFO  [mc_indi_tiltrotor] YWdbg nu2=-2.347 ach2=0.194 r=3.62 wsp2=0.50 ddelta=[-0.0120 -0.0120 0.0120]
INFO  [mc_indi_tiltrotor] T0dbg1 G0=[-0.225 0.203 -0.125 0.677 -0.736] nu_des=[-13.75 36.48 0.16 -61.31 -431.53]
INFO  [mc_indi_tiltrotor] T0dbg2 Ws34=[0.1 20.0] Wu0=1000000.0 du0=0.0000 dmin0=-45.0000 dmax0=0.0000
INFO  [mc_indi_tiltrotor] T2dbg1 G2=[-0.004 -0.653 0.060 0.072 -0.997] G5=[-1.354 -0.519 -0.098 22.563 1.631]
INFO  [mc_indi_tiltrotor] T2dbg2 Wu25=[1000000.0 1000000.0] du25=[22.3778 0.0120] dmax25=[22.3778 0.0120] nu_yaw=0.160
INFO  [mc_indi_tiltrotor] WRdbg0 Wu0=1000000 lo0=-45.00 du0=0.0000 pin0=0.000 a0=[0.000 0.000 -0.000 -0.000 0.000]
INFO  [mc_indi_tiltrotor] WRdbg1 Wu1=1000000 lo1=-45.00 du1=0.0000 pin1=0.000 a1=[-0.000 0.000 0.000 -0.000 0.000]
INFO  [mc_indi_tiltrotor] T0dbg1 G0=[-0.230 0.207 -0.116 0.646 -0.763] nu_des=[-28.12 59.36 -1.09 -61.97 -469.36]
INFO  [mc_indi_tiltrotor] T0dbg2 Ws34=[0.1 20.0] Wu0=1000000.0 du0=0.0000 dmin0=-45.0000 dmax0=0.0000
INFO  [mc_indi_tiltrotor] T2dbg1 G2=[-0.007 -0.654 0.060 0.112 -0.994] G5=[-2.683 0.153 -0.303 44.716 5.051]
INFO  [mc_indi_tiltrotor] T2dbg2 Wu25=[1000000.0 1000000.0] du25=[0.0000 0.0120] dmax25=[0.0000 0.0120] nu_yaw=-1.091
INFO  [mc_indi_tiltrotor] WRdbg0 Wu0=1000000 lo0=-45.00 du0=0.0000 pin0=0.000 a0=[0.000 0.000 0.000 -0.000 0.000]
INFO  [mc_indi_tiltrotor] WRdbg1 Wu1=1000000 lo1=-45.00 du1=0.0000 pin1=0.000 a1=[-0.000 0.000 -0.000 -0.000 0.000]
INFO  [mc_indi_tiltrotor] YWdbg nu2=-3.272 ach2=-0.005 r=4.14 wsp2=0.50 ddelta=[-0.0120 -0.0120 0.0120]
INFO  [mc_indi_tiltrotor] T0dbg1 G0=[-0.234 0.210 -0.106 0.615 -0.788] nu_des=[-31.73 61.26 -2.04 -54.18 -538.69]
INFO  [mc_indi_tiltrotor] T0dbg2 Ws34=[0.1 20.0] Wu0=1000000.0 du0=0.0000 dmin0=-45.0000 dmax0=0.0000
INFO  [mc_indi_tiltrotor] T2dbg1 G2=[-0.009 -0.653 0.059 0.152 -0.988] G5=[-0.048 0.024 -0.007 0.806 0.124]
INFO  [mc_indi_tiltrotor] T2dbg2 Wu25=[1000000.0 1000000.0] du25=[-0.8159 0.0120] dmax25=[36.0000 0.0120] nu_yaw=-2.040
INFO  [mc_indi_tiltrotor] WRdbg0 Wu0=1000000 lo0=-45.00 du0=0.0000 pin0=0.000 a0=[0.000 0.000 0.000 -0.000 0.000]
INFO  [mc_indi_tiltrotor] WRdbg1 Wu1=1000000 lo1=-45.00 du1=0.0000 pin1=0.000 a1=[-0.000 0.000 -0.000 -0.000 0.000]
INFO  [mc_indi_tiltrotor] T0dbg1 G0=[-0.238 0.214 -0.097 0.583 -0.813] nu_des=[-25.25 60.68 -1.08 -51.19 -427.28]
INFO  [mc_indi_tiltrotor] T0dbg2 Ws34=[0.1 20.0] Wu0=1000000.0 du0=0.0000 dmin0=-45.0000 dmax0=0.0000
INFO  [mc_indi_tiltrotor] T2dbg1 G2=[-0.012 -0.651 0.059 0.192 -0.981] G5=[-0.024 0.023 -0.005 0.399 0.078]
INFO  [mc_indi_tiltrotor] T2dbg2 Wu25=[1000000.0 1000000.0] du25=[-0.4062 0.0120] dmax25=[36.0000 0.0120] nu_yaw=-1.082
INFO  [mc_indi_tiltrotor] WRdbg0 Wu0=1000000 lo0=-45.00 du0=0.0000 pin0=0.000 a0=[0.000 0.000 0.000 -0.000 0.000]
INFO  [mc_indi_tiltrotor] WRdbg1 Wu1=1000000 lo1=-45.00 du1=0.0000 pin1=0.000 a1=[-0.000 0.000 -0.000 -0.000 0.000]
INFO  [mc_indi_tiltrotor] YWdbg nu2=4.141 ach2=-0.002 r=-2.46 wsp2=-0.50 ddelta=[-0.0120 -0.0120 0.0002]
INFO  [mc_indi_tiltrotor] T0dbg1 G0=[-0.242 0.217 -0.087 0.550 -0.835] nu_des=[-26.28 52.05 -5.67 -48.38 99.37]
INFO  [mc_indi_tiltrotor] T0dbg2 Ws34=[0.1 20.0] Wu0=1000000.0 du0=0.0000 dmin0=-45.0000 dmax0=0.0000
INFO  [mc_indi_tiltrotor] T2dbg1 G2=[-0.013 -0.650 0.059 0.215 -0.977] G5=[-0.000 0.000 -0.000 0.000 0.000]
INFO  [mc_indi_tiltrotor] T2dbg2 Wu25=[1000000.0 8.1] du25=[-0.0000 0.0000] dmax25=[36.0000 0.0120] nu_yaw=-5.671
INFO  [mc_indi_tiltrotor] WRdbg0 Wu0=1000000 lo0=-45.00 du0=0.0000 pin0=0.000 a0=[0.000 0.000 0.000 -0.000 -0.000]
INFO  [mc_indi_tiltrotor] WRdbg1 Wu1=1000000 lo1=-45.00 du1=0.0000 pin1=0.000 a1=[-0.000 0.000 -0.000 -0.000 -0.000]
INFO  [mc_indi_tiltrotor] T0dbg1 G0=[-0.238 0.214 -0.097 0.583 -0.812] nu_des=[-22.48 36.07 -1.56 -0.03 385.84]
INFO  [mc_indi_tiltrotor] T0dbg2 Ws34=[0.1 20.0] Wu0=1000000.0 du0=-0.0501 dmin0=-0.0501 dmax0=36.0000
INFO  [mc_indi_tiltrotor] T2dbg1 G2=[-0.013 -0.650 0.059 0.215 -0.977] G5=[-0.000 0.000 -0.000 0.000 0.000]
INFO  [mc_indi_tiltrotor] T2dbg2 Wu25=[1000000.0 8.0] du25=[-0.0000 0.0000] dmax25=[36.0000 0.0120] nu_yaw=-1.562
INFO  [mc_indi_tiltrotor] WRdbg0 Wu0=1000000 lo0=-0.05 du0=-0.0501 pin0=-0.050 a0=[0.000 0.000 0.000 -0.000 -0.000]
INFO  [mc_indi_tiltrotor] WRdbg1 Wu1=1000000 lo1=-0.00 du1=-0.0026 pin1=-0.003 a1=[-0.000 0.000 -0.000 -0.000 -0.000]
WARN  [failsafe] Failsafe activated	
INFO  [mc_indi_tiltrotor] YWdbg nu2=0.827 ach2=0.000 r=0.03 wsp2=0.50 ddelta=[-0.0033 0.0000 0.0000]
INFO  [mc_indi_tiltrotor] T0dbg1 G0=[-0.239 0.215 -0.094 0.571 -0.821] nu_des=[-13.85 21.69 0.58 -0.00 234.07]
INFO  [mc_indi_tiltrotor] T0dbg2 Ws34=[0.1 20.0] Wu0=1000000.0 du0=-0.0000 dmin0=-0.0000 dmax0=36.0000
INFO  [mc_indi_tiltrotor] T2dbg1 G2=[-0.013 -0.650 0.059 0.215 -0.977] G5=[-0.000 0.000 -0.000 0.000 0.000]
INFO  [mc_indi_tiltrotor] T2dbg2 Wu25=[1000000.0 8.0] du25=[-0.0000 0.0000] dmax25=[36.0000 0.0120] nu_yaw=0.579
INFO  [mc_indi_tiltrotor] WRdbg0 Wu0=1000000 lo0=-0.00 du0=-0.0000 pin0=-0.000 a0=[0.000 0.000 -0.000 -0.000 -0.000]
INFO  [mc_indi_tiltrotor] WRdbg1 Wu1=1000000 lo1=-0.00 du1=-0.0000 pin1=-0.000 a1=[-0.000 0.000 0.000 -0.000 -0.000]
WARN  [health_and_arming_checks] Preflight Fail: Attitude failure (roll)
INFO  [mc_indi_tiltrotor] T0dbg1 G0=[-0.240 0.215 -0.092 0.567 -0.824] nu_des=[-4.38 10.75 0.13 -18.74 70.05]
INFO  [mc_indi_tiltrotor] T0dbg2 Ws34=[0.1 20.0] Wu0=1000000.0 du0=11.9610 dmin0=-33.0390 dmax0=11.9610
INFO  [mc_indi_tiltrotor] T2dbg1 G2=[-0.013 -0.650 0.059 0.215 -0.977] G5=[-0.000 0.000 -0.000 0.000 0.000]
INFO  [mc_indi_tiltrotor] T2dbg2 Wu25=[1000000.0 8.0] du25=[-0.0000 0.0000] dmax25=[36.0000 0.0120] nu_yaw=0.134
INFO  [mc_indi_tiltrotor] WRdbg0 Wu0=1000000 lo0=-33.04 du0=11.9610 pin0=11.961 a0=[0.000 0.000 -0.000 -0.000 -0.000]
INFO  [mc_indi_tiltrotor] WRdbg1 Wu1=1000000 lo1=-0.00 du1=0.0000 pin1=-0.000 a1=[-0.000 0.000 0.000 -0.000 -0.000]
INFO  [mc_indi_tiltrotor] YWdbg nu2=-2.022 ach2=-0.327 r=-0.01 wsp2=0.50 ddelta=[-0.0120 -0.0120 0.0120]
INFO  [mc_indi_tiltrotor] T0dbg1 G0=[-0.241 0.216 -0.090 0.558 -0.830] nu_des=[-8.94 15.24 -2.34 -60.20 -222.10]
INFO  [mc_indi_tiltrotor] T0dbg2 Ws34=[0.1 20.0] Wu0=1000000.0 du0=0.0000 dmin0=-45.0000 dmax0=0.0000
INFO  [mc_indi_tiltrotor] T2dbg1 G2=[-0.014 -0.649 0.058 0.228 -0.974] G5=[-2.589 3.534 -0.605 43.144 10.083]
INFO  [mc_indi_tiltrotor] T2dbg2 Wu25=[1000000.0 1000000.0] du25=[0.6940 0.0120] dmax25=[0.6940 0.0120] nu_yaw=-2.338
INFO  [mc_indi_tiltrotor] WRdbg0 Wu0=1000000 lo0=-45.00 du0=0.0000 pin0=0.000 a0=[0.000 0.000 0.000 -0.000 0.000]
INFO  [mc_indi_tiltrotor] WRdbg1 Wu1=1000000 lo1=-45.00 du1=0.0000 pin1=0.000 a1=[-0.000 0.000 -0.000 -0.000 0.000]
INFO  [mc_indi_tiltrotor] T0dbg1 G0=[-0.244 0.219 -0.080 0.524 -0.852] nu_des=[-16.99 12.30 -0.68 -56.94 -473.10]
INFO  [mc_indi_tiltrotor] T0dbg2 Ws34=[0.1 20.0] Wu0=1000000.0 du0=0.0000 dmin0=-45.0000 dmax0=0.0000
INFO  [mc_indi_tiltrotor] T2dbg1 G2=[-0.013 -0.650 0.059 0.219 -0.976] G5=[-2.634 3.346 -0.593 43.903 9.876]
INFO  [mc_indi_tiltrotor] T2dbg2 Wu25=[1000000.0 1000000.0] du25=[0.0000 0.0120] dmax25=[0.0000 0.0120] nu_yaw=-0.676
INFO  [mc_indi_tiltrotor] WRdbg0 Wu0=1000000 lo0=-45.00 du0=0.0000 pin0=0.000 a0=[0.000 0.000 0.000 -0.000 0.000]
INFO  [mc_indi_tiltrotor] WRdbg1 Wu1=1000000 lo1=-45.00 du1=0.0000 pin1=0.000 a1=[-0.000 0.000 -0.000 -0.000 0.000]
INFO  [mc_indi_tiltrotor] YWdbg nu2=0.760 ach2=-0.008 r=0.21 wsp2=-0.50 ddelta=[-0.0120 -0.0120 0.0120]
INFO  [mc_indi_tiltrotor] T0dbg1 G0=[-0.247 0.221 -0.070 0.490 -0.872] nu_des=[-19.38 14.09 -0.44 -55.57 -361.27]
INFO  [mc_indi_tiltrotor] T0dbg2 Ws34=[0.1 20.0] Wu0=1000000.0 du0=0.0000 dmin0=-45.0000 dmax0=0.0000
INFO  [mc_indi_tiltrotor] T2dbg1 G2=[-0.016 -0.646 0.058 0.259 -0.966] G5=[-2.608 4.521 -0.698 43.469 11.637]
INFO  [mc_indi_tiltrotor] T2dbg2 Wu25=[1000000.0 1000000.0] du25=[0.0000 0.0120] dmax25=[0.0000 0.0120] nu_yaw=-0.441
INFO  [mc_indi_tiltrotor] WRdbg0 Wu0=1000000 lo0=-45.00 du0=0.0000 pin0=0.000 a0=[0.000 0.000 0.000 -0.000 0.000]
INFO  [mc_indi_tiltrotor] WRdbg1 Wu1=1000000 lo1=-45.00 du1=0.0000 pin1=0.000 a1=[-0.000 0.000 -0.000 -0.000 0.000]
INFO  [mc_indi_tiltrotor] T0dbg1 G0=[-0.250 0.223 -0.060 0.454 -0.891] nu_des=[-14.59 9.82 -0.99 -31.44 58.81]
INFO  [mc_indi_tiltrotor] T0dbg2 Ws34=[0.1 20.0] Wu0=1000000.0 du0=0.0000 dmin0=-45.0000 dmax0=0.0000
INFO  [mc_indi_tiltrotor] T2dbg1 G2=[-0.018 -0.641 0.057 0.297 -0.955] G5=[-2.122 4.684 -0.661 35.368 11.014]
INFO  [mc_indi_tiltrotor] T2dbg2 Wu25=[1.0 1000000.0] du25=[-15.5570 0.0120] dmax25=[7.9562 0.0120] nu_yaw=-0.991
INFO  [mc_indi_tiltrotor] WRdbg0 Wu0=1000000 lo0=-45.00 du0=0.0000 pin0=0.000 a0=[0.000 0.000 0.000 -0.000 -0.000]
INFO  [mc_indi_tiltrotor] WRdbg1 Wu1=1000000 lo1=-0.00 du1=-0.0024 pin1=-0.002 a1=[-0.000 0.000 -0.000 -0.000 -0.000]
INFO  [mc_indi_tiltrotor] YWdbg nu2=0.018 ach2=0.003 r=-0.12 wsp2=-0.50 ddelta=[0.0120 0.0000 0.0120]
INFO  [mc_indi_tiltrotor] T0dbg1 G0=[-0.248 0.222 -0.068 0.481 -0.877] nu_des=[-9.80 -4.66 -0.11 -0.00 312.70]
INFO  [mc_indi_tiltrotor] T0dbg2 Ws34=[0.1 20.0] Wu0=1000000.0 du0=-0.0000 dmin0=-0.0000 dmax0=36.0000
INFO  [mc_indi_tiltrotor] T2dbg1 G2=[-0.020 -0.637 0.057 0.328 -0.945] G5=[-0.000 0.000 -0.000 0.000 0.000]
INFO  [mc_indi_tiltrotor] T2dbg2 Wu25=[1000000.0 8.1] du25=[-0.0000 0.0000] dmax25=[36.0000 0.0120] nu_yaw=-0.105
INFO  [mc_indi_tiltrotor] WRdbg0 Wu0=1000000 lo0=-0.00 du0=-0.0000 pin0=-0.000 a0=[0.000 -0.000 0.000 -0.000 -0.000]
INFO  [mc_indi_tiltrotor] WRdbg1 Wu1=1000000 lo1=-0.00 du1=-0.0000 pin1=-0.000 a1=[-0.000 -0.000 -0.000 -0.000 -0.000]
WARN  [failsafe] Failsafe activated	
INFO  [mc_indi_tiltrotor] T0dbg1 G0=[-0.248 0.221 -0.069 0.486 -0.874] nu_des=[-0.95 -18.76 0.46 -0.00 225.00]
INFO  [mc_indi_tiltrotor] T0dbg2 Ws34=[0.1 20.0] Wu0=1000000.0 du0=-0.0000 dmin0=-0.0000 dmax0=36.0000
INFO  [mc_indi_tiltrotor] T2dbg1 G2=[-0.020 -0.637 0.057 0.328 -0.945] G5=[-0.000 0.000 -0.000 0.000 0.000]
INFO  [mc_indi_tiltrotor] T2dbg2 Wu25=[1000000.0 8.1] du25=[0.0000 -0.0005] dmax25=[36.0000 0.0120] nu_yaw=0.465
INFO  [mc_indi_tiltrotor] WRdbg0 Wu0=1000000 lo0=-0.00 du0=-0.0000 pin0=-0.000 a0=[0.000 -0.000 -0.000 -0.000 -0.000]
INFO  [mc_indi_tiltrotor] WRdbg1 Wu1=1000000 lo1=-0.00 du1=-0.0000 pin1=-0.000 a1=[-0.000 -0.000 0.000 -0.000 -0.000]
INFO  [mc_indi_tiltrotor] YWdbg nu2=0.494 ach2=0.000 r=-0.39 wsp2=0.50 ddelta=[0.0000 0.0000 -0.0013]
INFO  [mc_indi_tiltrotor] T0dbg1 G0=[-0.248 0.221 -0.069 0.486 -0.874] nu_des=[8.23 2.90 -0.64 -14.22 106.37]
INFO  [mc_indi_tiltrotor] T0dbg2 Ws34=[0.1 20.0] Wu0=1000000.0 du0=-0.0000 dmin0=-0.0000 dmax0=36.0000
INFO  [mc_indi_tiltrotor] T2dbg1 G2=[-0.020 -0.636 0.057 0.336 -0.942] G5=[-2.391 6.456 -0.853 39.845 14.222]
INFO  [mc_indi_tiltrotor] T2dbg2 Wu25=[1.0 1000000.0] du25=[-7.1550 0.0120] dmax25=[2.6932 0.0120] nu_yaw=-0.642
INFO  [mc_indi_tiltrotor] WRdbg0 Wu0=1000000 lo0=-0.00 du0=-0.0000 pin0=-0.000 a0=[-0.000 0.000 0.000 -0.000 -0.000]
INFO  [mc_indi_tiltrotor] WRdbg1 Wu1=1000000 lo1=-0.00 du1=0.0000 pin1=-0.000 a1=[0.000 0.000 -0.000 -0.000 -0.000]
INFO  [mc_indi_tiltrotor] T0dbg1 G0=[-0.247 0.221 -0.071 0.493 -0.870] nu_des=[3.74 3.99 -0.40 -17.55 31.53]
INFO  [mc_indi_tiltrotor] T0dbg2 Ws34=[0.1 20.0] Wu0=1.0 du0=-2.0871 dmin0=-26.9616 dmax0=18.0384
INFO  [mc_indi_tiltrotor] T2dbg1 G2=[-0.022 -0.631 0.056 0.363 -0.932] G5=[-0.000 0.000 -0.000 0.000 0.000]
INFO  [mc_indi_tiltrotor] T2dbg2 Wu25=[1000000.0 1000000.0] du25=[-0.0001 0.0120] dmax25=[36.0000 0.0120] nu_yaw=-0.405
INFO  [mc_indi_tiltrotor] WRdbg0 Wu0=1 lo0=-26.96 du0=-2.0871 pin0=0.095 a0=[-7.572 7.822 0.000 -0.000 -2.431]
INFO  [mc_indi_tiltrotor] WRdbg1 Wu1=1 lo1=-8.62 du1=12.9956 pin1=0.032 a1=[7.573 7.822 -0.000 -0.000 -2.431]
INFO  [mc_indi_tiltrotor] YWdbg nu2=-0.843 ach2=-0.127 r=2.22 wsp2=0.50 ddelta=[0.0120 -0.0120 -0.0120]
INFO  [mc_indi_tiltrotor] T0dbg1 G0=[-0.245 0.220 -0.077 0.513 -0.859] nu_des=[0.15 -0.23 -1.51 -39.65 -0.35]
INFO  [mc_indi_tiltrotor] T0dbg2 Ws34=[0.1 20.0] Wu0=1.0 du0=-0.1837 dmin0=-32.9570 dmax0=12.0430
INFO  [mc_indi_tiltrotor] T2dbg1 G2=[-0.021 -0.633 0.056 0.351 -0.937] G5=[-0.972 2.807 -0.364 16.194 6.063]
INFO  [mc_indi_tiltrotor] T2dbg2 Wu25=[1.0 1000000.0] du25=[0.3019 -0.0120] dmax25=[27.7080 0.0120] nu_yaw=-1.506
INFO  [mc_indi_tiltrotor] WRdbg0 Wu0=1 lo0=-32.96 du0=-0.1837 pin0=0.139 a0=[-0.311 -0.154 0.000 -0.000 0.142]
INFO  [mc_indi_tiltrotor] WRdbg1 Wu1=1 lo1=-34.61 du1=0.1747 pin1=-0.151 a1=[0.306 -0.130 -0.000 -0.000 0.150]
INFO  [mc_indi_tiltrotor] T0dbg1 G0=[-0.242 0.217 -0.086 0.546 -0.838] nu_des=[-0.10 0.17 -0.30 -22.96 1.31]
INFO  [mc_indi_tiltrotor] T0dbg2 Ws34=[0.1 20.0] Wu0=1.0 du0=-0.1012 dmin0=-20.6941 dmax0=24.3059
INFO  [mc_indi_tiltrotor] T2dbg1 G2=[-0.022 -0.630 0.056 0.367 -0.930] G5=[-0.585 1.819 -0.231 9.744 3.848]
INFO  [mc_indi_tiltrotor] T2dbg2 Wu25=[1.0 1000000.0] du25=[-0.5024 0.0120] dmax25=[34.5233 0.0120] nu_yaw=-0.298
INFO  [mc_indi_tiltrotor] WRdbg0 Wu0=1 lo0=-20.69 du0=-0.1012 pin0=0.121 a0=[0.209 0.114 0.000 -0.000 -0.545]
INFO  [mc_indi_tiltrotor] WRdbg1 Wu1=1 lo1=-16.26 du1=-0.5535 pin1=0.120 a1=[-0.201 0.094 -0.000 -0.000 -0.566]
INFO  [mc_indi_tiltrotor] YWdbg nu2=0.323 ach2=0.125 r=1.51 wsp2=0.50 ddelta=[-0.0120 0.0120 -0.0091]
INFO  [mc_indi_tiltrotor] T0dbg1 G0=[-0.244 0.219 -0.081 0.528 -0.849] nu_des=[-0.02 -0.09 0.38 -25.29 -0.61]
INFO  [mc_indi_tiltrotor] T0dbg2 Ws34=[0.1 20.0] Wu0=1.0 du0=0.1482 dmin0=-21.8895 dmax0=23.1105
INFO  [mc_indi_tiltrotor] T2dbg1 G2=[-0.021 -0.632 0.056 0.356 -0.935] G5=[-0.585 1.731 -0.223 9.750 3.713]
INFO  [mc_indi_tiltrotor] T2dbg2 Wu25=[1.0 1000000.0] du25=[0.2423 -0.0120] dmax25=[34.5671 0.0120] nu_yaw=0.377
INFO  [mc_indi_tiltrotor] WRdbg0 Wu0=1 lo0=-21.89 du0=0.1482 pin0=-0.078 a0=[0.038 -0.061 -0.000 -0.000 0.249]
INFO  [mc_indi_tiltrotor] WRdbg1 Wu1=1 lo1=-20.93 du1=0.2170 pin1=0.045 a1=[-0.037 -0.051 0.000 -0.000 0.260]
INFO  [mc_indi_tiltrotor] T0dbg1 G0=[-0.247 0.221 -0.071 0.493 -0.870] nu_des=[-0.01 -0.10 0.08 -27.27 -0.41]
INFO  [mc_indi_tiltrotor] T0dbg2 Ws34=[0.1 20.0] Wu0=1.0 du0=-0.0115 dmin0=-23.6814 dmax0=21.3186
INFO  [mc_indi_tiltrotor] T2dbg1 G2=[-0.019 -0.638 0.057 0.320 -0.947] G5=[-0.686 1.710 -0.232 11.428 3.862]
INFO  [mc_indi_tiltrotor] T2dbg2 Wu25=[1.0 1000000.0] du25=[0.1533 -0.0120] dmax25=[32.9369 0.0120] nu_yaw=0.077
INFO  [mc_indi_tiltrotor] WRdbg0 Wu0=1 lo0=-23.68 du0=-0.0115 pin0=-0.123 a0=[0.010 -0.067 0.000 -0.000 0.168]
INFO  [mc_indi_tiltrotor] WRdbg1 Wu1=1 lo1=-23.55 du1=-0.0549 pin1=-0.164 a1=[-0.010 -0.058 0.000 -0.000 0.178]
INFO  [mc_indi_tiltrotor] YWdbg nu2=-0.116 ach2=0.011 r=0.03 wsp2=-0.10 ddelta=[-0.0120 -0.0120 -0.0120]
INFO  [mc_indi_tiltrotor] T0dbg1 G0=[-0.249 0.222 -0.065 0.470 -0.883] nu_des=[0.00 0.77 -0.15 -27.49 0.16]
INFO  [mc_indi_tiltrotor] T0dbg2 Ws34=[0.1 20.0] Wu0=1.0 du0=0.2867 dmin0=-24.8686 dmax0=20.1314
INFO  [mc_indi_tiltrotor] T2dbg1 G2=[-0.017 -0.643 0.057 0.288 -0.958] G5=[-0.856 1.792 -0.258 14.263 4.292]
INFO  [mc_indi_tiltrotor] T2dbg2 Wu25=[1.0 1000000.0] du25=[-0.9238 0.0120] dmax25=[30.1051 0.0120] nu_yaw=-0.146
INFO  [mc_indi_tiltrotor] WRdbg0 Wu0=1 lo0=-24.87 du0=0.2867 pin0=-0.146 a0=[-0.007 0.503 -0.000 -0.000 -0.063]
INFO  [mc_indi_tiltrotor] WRdbg1 Wu1=1 lo1=-24.88 du1=0.2798 pin1=-0.103 a1=[0.007 0.441 -0.000 -0.000 -0.066]
INFO  [mc_indi_tiltrotor] T0dbg1 G0=[-0.249 0.222 -0.065 0.472 -0.882] nu_des=[0.05 -0.77 -0.26 -27.88 0.10]
INFO  [mc_indi_tiltrotor] T0dbg2 Ws34=[0.1 20.0] Wu0=1.0 du0=-0.5409 dmin0=-25.7175 dmax0=19.2825
INFO  [mc_indi_tiltrotor] T2dbg1 G2=[-0.017 -0.643 0.058 0.285 -0.959] G5=[-0.985 2.021 -0.293 16.416 4.877]
INFO  [mc_indi_tiltrotor] T2dbg2 Wu25=[1.0 1000000.0] du25=[0.7995 -0.0120] dmax25=[27.8750 0.0120] nu_yaw=-0.263
INFO  [mc_indi_tiltrotor] WRdbg0 Wu0=1 lo0=-25.72 du0=-0.5409 pin0=0.098 a0=[-0.098 -0.501 0.000 -0.000 -0.040]
INFO  [mc_indi_tiltrotor] WRdbg1 Wu1=1 lo1=-25.48 du1=-0.4771 pin1=-0.097 a1=[0.096 -0.435 -0.000 -0.000 -0.041]
INFO  [mc_indi_tiltrotor] YWdbg nu2=-0.148 ach2=-0.027 r=0.13 wsp2=-0.30 ddelta=[-0.0120 -0.0120 0.0120]
INFO  [mc_indi_tiltrotor] T0dbg1 G0=[-0.249 0.222 -0.066 0.473 -0.881] nu_des=[0.03 -0.80 -0.22 -27.64 0.28]
INFO  [mc_indi_tiltrotor] T0dbg2 Ws34=[0.1 20.0] Wu0=1.0 du0=-0.5956 dmin0=-25.6698 dmax0=19.3302
INFO  [mc_indi_tiltrotor] T2dbg1 G2=[-0.017 -0.643 0.058 0.281 -0.960] G5=[-1.150 2.308 -0.337 19.163 5.615]
INFO  [mc_indi_tiltrotor] T2dbg2 Wu25=[1.0 1000000.0] du25=[0.7748 -0.0120] dmax25=[25.0310 0.0120] nu_yaw=-0.218
INFO  [mc_indi_tiltrotor] WRdbg0 Wu0=1 lo0=-25.67 du0=-0.5956 pin0=0.101 a0=[-0.070 -0.516 0.000 -0.000 -0.110]
INFO  [mc_indi_tiltrotor] WRdbg1 Wu1=1 lo1=-25.34 du1=-0.5807 pin1=-0.089 a1=[0.067 -0.446 -0.000 -0.000 -0.113]
INFO  [mc_indi_tiltrotor] T0dbg1 G0=[-0.249 0.222 -0.065 0.473 -0.881] nu_des=[0.01 -0.13 0.35 -27.73 0.69]
INFO  [mc_indi_tiltrotor] T0dbg2 Ws34=[0.1 20.0] Wu0=1.0 du0=-0.4424 dmin0=-25.2851 dmax0=19.7149
INFO  [mc_indi_tiltrotor] T2dbg1 G2=[-0.016 -0.644 0.058 0.272 -0.962] G5=[-1.406 2.670 -0.398 23.430 6.630]
INFO  [mc_indi_tiltrotor] T2dbg2 Wu25=[1.0 1000000.0] du25=[-0.1110 -0.0120] dmax25=[20.6498 0.0120] nu_yaw=0.352
INFO  [mc_indi_tiltrotor] WRdbg0 Wu0=1 lo0=-25.29 du0=-0.4424 pin0=-0.058 a0=[-0.028 -0.081 -0.000 -0.000 -0.275]
INFO  [mc_indi_tiltrotor] WRdbg1 Wu1=1 lo1=-24.70 du1=-0.3300 pin1=-0.006 a1=[0.027 -0.070 0.000 -0.000 -0.281]
INFO  [mc_indi_tiltrotor] YWdbg nu2=4.499 ach2=0.182 r=-1.92 wsp2=-0.03 ddelta=[-0.0120 0.0120 -0.0120]
INFO  [mc_indi_tiltrotor] T0dbg1 G0=[-0.250 0.223 -0.060 0.455 -0.890] nu_des=[0.08 0.16 -3.03 -22.70 0.55]
INFO  [mc_indi_tiltrotor] T0dbg2 Ws34=[0.1 20.0] Wu0=1.0 du0=-0.2676 dmin0=-14.1911 dmax0=30.8089
INFO  [mc_indi_tiltrotor] T2dbg1 G2=[-0.015 -0.647 0.058 0.245 -0.970] G5=[-2.011 3.149 -0.507 33.510 8.454]
INFO  [mc_indi_tiltrotor] T2dbg2 Wu25=[1.0 1000000.0] du25=[-0.2749 0.0120] dmax25=[10.4402 0.0120] nu_yaw=-3.029
INFO  [mc_indi_tiltrotor] WRdbg0 Wu0=1 lo0=-14.19 du0=-0.2676 pin0=0.003 a0=[-0.156 0.105 0.000 -0.000 -0.220]
INFO  [mc_indi_tiltrotor] WRdbg1 Wu1=1 lo1=-19.80 du1=0.0401 pin1=0.021 a1=[0.152 0.093 -0.001 -0.000 -0.225]
INFO  [mc_indi_tiltrotor] T0dbg1 G0=[-0.251 0.224 -0.057 0.442 -0.897] nu_des=[0.04 -0.28 1.76 -27.15 -0.31]
INFO  [mc_indi_tiltrotor] T0dbg2 Ws34=[0.1 20.0] Wu0=1.0 du0=-0.1573 dmin0=-20.6557 dmax0=24.3443
INFO  [mc_indi_tiltrotor] T2dbg1 G2=[-0.015 -0.647 0.058 0.246 -0.969] G5=[-2.376 3.750 -0.602 39.603 10.034]
INFO  [mc_indi_tiltrotor] T2dbg2 Wu25=[1.0 1000000.0] du25=[0.3146 -0.0120] dmax25=[4.1456 0.0120] nu_yaw=1.761
INFO  [mc_indi_tiltrotor] WRdbg0 Wu0=1 lo0=-20.66 du0=-0.1573 pin0=-0.018 a0=[-0.087 -0.176 -0.000 -0.000 0.124]
INFO  [mc_indi_tiltrotor] WRdbg1 Wu1=1 lo1=-20.49 du1=0.0186 pin1=-0.039 a1=[0.085 -0.156 0.000 -0.000 0.128]
INFO  [mc_indi_tiltrotor] YWdbg nu2=-0.821 ach2=-0.063 r=-0.03 wsp2=0.46 ddelta=[0.0038 -0.0120 -0.0120]
INFO  [mc_indi_tiltrotor] T0dbg1 G0=[-0.251 0.224 -0.053 0.430 -0.903] nu_des=[0.00 -0.42 0.47 -23.00 -3.81]
INFO  [mc_indi_tiltrotor] T0dbg2 Ws34=[0.1 20.0] Wu0=1.0 du0=-0.4433 dmin0=-17.0267 dmax0=27.9733
INFO  [mc_indi_tiltrotor] T2dbg1 G2=[-0.012 -0.650 0.059 0.206 -0.978] G5=[-2.642 2.953 -0.557 44.032 9.284]
INFO  [mc_indi_tiltrotor] T2dbg2 Wu25=[1000000.0 1000000.0] du25=[0.0000 -0.0120] dmax25=[0.0000 0.0120] nu_yaw=0.466
INFO  [mc_indi_tiltrotor] WRdbg0 Wu0=1 lo0=-17.03 du0=-0.4433 pin0=0.077 a0=[-0.000 -0.814 -0.000 -0.000 0.294]
INFO  [mc_indi_tiltrotor] WRdbg1 Wu1=1 lo1=-17.22 du1=-0.5432 pin1=-0.036 a1=[0.000 -0.802 0.000 -0.000 0.295]
INFO  [mc_indi_tiltrotor] T0dbg1 G0=[-0.253 0.226 -0.043 0.393 -0.919] nu_des=[0.01 -0.70 -0.04 -16.00 -11.83]
INFO  [mc_indi_tiltrotor] T0dbg2 Ws34=[0.1 20.0] Wu0=1.0 du0=-0.3742 dmin0=-11.4724 dmax0=33.5276
INFO  [mc_indi_tiltrotor] T2dbg1 G2=[-0.010 -0.653 0.059 0.167 -0.986] G5=[-2.662 1.770 -0.450 44.370 7.502]
INFO  [mc_indi_tiltrotor] T2dbg2 Wu25=[1000000.0 1000000.0] du25=[0.0000 -0.0120] dmax25=[0.0000 0.0120] nu_yaw=-0.035
INFO  [mc_indi_tiltrotor] WRdbg0 Wu0=1 lo0=-11.47 du0=-0.3742 pin0=0.072 a0=[-0.029 -1.331 0.000 -0.000 0.914]
INFO  [mc_indi_tiltrotor] WRdbg1 Wu1=1 lo1=-11.96 du1=-0.4142 pin1=-0.046 a1=[0.029 -1.316 -0.000 -0.000 0.920]
INFO  [mc_indi_tiltrotor] YWdbg nu2=0.309 ach2=0.003 r=0.02 wsp2=0.35 ddelta=[-0.0120 -0.0120 -0.0120]
INFO  [mc_indi_tiltrotor] T0dbg1 G0=[-0.255 0.227 -0.033 0.356 -0.934] nu_des=[0.02 -1.00 0.08 -12.58 -20.22]
INFO  [mc_indi_tiltrotor] T0dbg2 Ws34=[0.1 20.0] Wu0=1.0 du0=-0.3017 dmin0=-10.5693 dmax0=34.4307
INFO  [mc_indi_tiltrotor] T2dbg1 G2=[-0.008 -0.654 0.060 0.127 -0.992] G5=[-2.678 0.585 -0.342 44.637 5.707]
INFO  [mc_indi_tiltrotor] T2dbg2 Wu25=[1000000.0 1000000.0] du25=[0.0000 -0.0120] dmax25=[0.0000 0.0120] nu_yaw=0.075
INFO  [mc_indi_tiltrotor] WRdbg0 Wu0=1 lo0=-10.57 du0=-0.3017 pin0=0.053 a0=[-0.040 -1.883 -0.000 -0.000 1.569]
INFO  [mc_indi_tiltrotor] WRdbg1 Wu1=1 lo1=-10.54 du1=-0.3101 pin1=-0.064 a1=[0.040 -1.867 0.000 -0.000 1.581]
INFO  [mc_indi_tiltrotor] T0dbg1 G0=[-0.256 0.228 -0.023 0.318 -0.948] nu_des=[0.02 -1.15 0.15 -10.42 -25.76]
INFO  [mc_indi_tiltrotor] T0dbg2 Ws34=[0.1 20.0] Wu0=1.0 du0=-0.1419 dmin0=-11.5858 dmax0=33.4142
INFO  [mc_indi_tiltrotor] T2dbg1 G2=[-0.005 -0.654 0.060 0.087 -0.996] G5=[-2.690 -0.601 -0.234 44.830 3.903]
INFO  [mc_indi_tiltrotor] T2dbg2 Wu25=[1000000.0 1000000.0] du25=[0.0000 -0.0120] dmax25=[0.0000 0.0120] nu_yaw=0.151
INFO  [mc_indi_tiltrotor] WRdbg0 Wu0=1 lo0=-11.59 du0=-0.1419 pin0=0.032 a0=[-0.033 -2.148 -0.000 -0.000 2.008]
INFO  [mc_indi_tiltrotor] WRdbg1 Wu1=1 lo1=-11.05 du1=-0.1583 pin1=-0.084 a1=[0.033 -2.135 0.000 -0.000 2.029]
INFO  [mc_indi_tiltrotor] YWdbg nu2=0.121 ach2=0.002 r=0.04 wsp2=0.31 ddelta=[-0.0120 -0.0120 -0.0120]
INFO  [mc_indi_tiltrotor] T0dbg1 G0=[-0.257 0.228 -0.012 0.280 -0.960] nu_des=[0.02 -1.25 0.14 -8.38 -27.74]
INFO  [mc_indi_tiltrotor] T0dbg2 Ws34=[0.1 20.0] Wu0=1.0 du0=-0.1712 dmin0=-13.0446 dmax0=31.9554
INFO  [mc_indi_tiltrotor] T2dbg1 G2=[-0.003 -0.653 0.060 0.047 -0.999] G5=[-2.697 -1.786 -0.126 44.951 2.093]
INFO  [mc_indi_tiltrotor] T2dbg2 Wu25=[1000000.0 1000000.0] du25=[0.0000 -0.0120] dmax25=[0.0000 0.0120] nu_yaw=0.144
INFO  [mc_indi_tiltrotor] WRdbg0 Wu0=1 lo0=-13.04 du0=-0.1712 pin0=0.012 a0=[-0.039 -2.321 -0.000 -0.000 2.176]
INFO  [mc_indi_tiltrotor] WRdbg1 Wu1=1 lo1=-12.14 du1=-0.1733 pin1=-0.104 a1=[0.039 -2.312 -0.000 -0.000 2.204]
INFO  [mc_indi_tiltrotor] T0dbg1 G0=[-0.257 0.228 -0.002 0.241 -0.971] nu_des=[0.00 -1.26 0.12 -6.49 -27.74]
INFO  [mc_indi_tiltrotor] T0dbg2 Ws34=[0.1 20.0] Wu0=1.0 du0=-0.1591 dmin0=-15.2148 dmax0=29.7852
INFO  [mc_indi_tiltrotor] T2dbg1 G2=[-0.000 -0.650 0.060 0.007 -1.000] G5=[-2.700 -2.935 -0.020 44.999 0.331]
INFO  [mc_indi_tiltrotor] T2dbg2 Wu25=[1000000.0 1000000.0] du25=[0.0000 -0.0074] dmax25=[0.0000 0.0120] nu_yaw=0.118
INFO  [mc_indi_tiltrotor] WRdbg0 Wu0=1 lo0=-15.21 du0=-0.1591 pin0=-0.005 a0=[-0.009 -2.338 -0.000 -0.000 2.193]
INFO  [mc_indi_tiltrotor] WRdbg1 Wu1=1 lo1=-14.08 du1=-0.1716 pin1=-0.071 a1=[0.009 -2.336 -0.000 -0.000 2.226]
INFO  [mc_indi_tiltrotor] YWdbg nu2=0.110 ach2=0.000 r=0.04 wsp2=0.25 ddelta=[-0.0120 -0.0120 -0.0014]
INFO  [mc_indi_tiltrotor] T0dbg1 G0=[-0.257 0.228 0.008 0.201 -0.980] nu_des=[-0.01 -1.16 0.09 -5.67 -25.27]
INFO  [mc_indi_tiltrotor] T0dbg2 Ws34=[0.1 20.0] Wu0=1.0 du0=-0.1088 dmin0=-17.1551 dmax0=27.8449
INFO  [mc_indi_tiltrotor] T2dbg1 G2=[-0.000 -0.650 0.060 0.000 -1.000] G5=[-2.700 -3.143 -0.001 45.000 0.011]
INFO  [mc_indi_tiltrotor] T2dbg2 Wu25=[1000000.0 1000000.0] du25=[0.0000 -0.0002] dmax25=[0.0000 0.0120] nu_yaw=0.093
INFO  [mc_indi_tiltrotor] WRdbg0 Wu0=1 lo0=-17.16 du0=-0.1088 pin0=0.004 a0=[0.025 -2.155 0.000 -0.000 2.016]
INFO  [mc_indi_tiltrotor] WRdbg1 Wu1=1 lo1=-16.02 du1=-0.1177 pin1=0.014 a1=[-0.025 -2.158 -0.000 -0.000 2.052]
INFO  [mc_indi_tiltrotor] T0dbg1 G0=[-0.256 0.227 0.019 0.162 -0.987] nu_des=[-0.01 -1.07 0.08 -4.75 -22.63]
INFO  [mc_indi_tiltrotor] T0dbg2 Ws34=[0.1 20.0] Wu0=1.0 du0=-0.1238 dmin0=-18.7467 dmax0=26.2533
INFO  [mc_indi_tiltrotor] T2dbg1 G2=[-0.000 -0.650 0.060 0.000 -1.000] G5=[-2.700 -3.150 -0.000 45.000 0.000]
INFO  [mc_indi_tiltrotor] T2dbg2 Wu25=[1000000.0 1000000.0] du25=[0.0000 -0.0000] dmax25=[0.0000 0.0120] nu_yaw=0.081
INFO  [mc_indi_tiltrotor] WRdbg0 Wu0=1 lo0=-18.75 du0=-0.1238 pin0=0.014 a0=[0.013 -1.976 0.000 -0.000 1.825]
INFO  [mc_indi_tiltrotor] WRdbg1 Wu1=1 lo1=-17.57 du1=-0.1092 pin1=0.026 a1=[-0.014 -1.984 -0.000 -0.000 1.862]
INFO  [mc_indi_tiltrotor] YWdbg nu2=0.077 ach2=0.003 r=0.04 wsp2=0.19 ddelta=[-0.0120 -0.0120 -0.0000]
INFO  [mc_indi_tiltrotor] T0dbg1 G0=[-0.255 0.226 0.029 0.122 -0.993] nu_des=[-0.00 -0.94 0.07 -3.53 -19.53]
INFO  [mc_indi_tiltrotor] T0dbg2 Ws34=[0.1 20.0] Wu0=1.0 du0=-0.1219 dmin0=-20.0199 dmax0=24.9801
INFO  [mc_indi_tiltrotor] T2dbg1 G2=[-0.000 -0.650 0.060 0.000 -1.000] G5=[-2.700 -3.150 -0.000 45.000 0.000]
INFO  [mc_indi_tiltrotor] T2dbg2 Wu25=[1000000.0 1000000.0] du25=[0.0000 -0.0000] dmax25=[0.0000 0.0120] nu_yaw=0.073
INFO  [mc_indi_tiltrotor] WRdbg0 Wu0=1 lo0=-20.02 du0=-0.1219 pin0=0.024 a0=[0.005 -1.746 0.000 -0.000 1.594]
INFO  [mc_indi_tiltrotor] WRdbg1 Wu1=1 lo1=-18.98 du1=-0.0929 pin1=0.038 a1=[-0.005 -1.757 -0.000 -0.000 1.631]
INFO  [mc_indi_tiltrotor] T0dbg1 G0=[-0.254 0.224 0.039 0.082 -0.997] nu_des=[-0.01 -0.80 0.05 -2.08 -16.00]
INFO  [mc_indi_tiltrotor] T0dbg2 Ws34=[0.1 20.0] Wu0=1.0 du0=-0.1095 dmin0=-21.2066 dmax0=23.7934
INFO  [mc_indi_tiltrotor] T2dbg1 G2=[-0.000 -0.650 0.060 0.000 -1.000] G5=[-2.700 -3.150 -0.000 45.000 0.000]
INFO  [mc_indi_tiltrotor] T2dbg2 Wu25=[1000000.0 1000000.0] du25=[0.0000 -0.0000] dmax25=[0.0000 0.0120] nu_yaw=0.048
INFO  [mc_indi_tiltrotor] WRdbg0 Wu0=1 lo0=-21.21 du0=-0.1095 pin0=0.036 a0=[0.018 -1.488 0.000 -0.000 1.325]
INFO  [mc_indi_tiltrotor] WRdbg1 Wu1=1 lo1=-20.25 du1=-0.1101 pin1=0.051 a1=[-0.018 -1.502 -0.000 -0.000 1.359]
INFO  [mc_indi_tiltrotor] YWdbg nu2=-0.002 ach2=0.046 r=0.06 wsp2=0.13 ddelta=[-0.0120 -0.0040 -0.0000]
INFO  [mc_indi_tiltrotor] T0dbg1 G0=[-0.252 0.222 0.050 0.041 -0.999] nu_des=[0.01 -0.59 0.00 -0.96 -12.17]
INFO  [mc_indi_tiltrotor] T0dbg2 Ws34=[0.1 20.0] Wu0=1.0 du0=-0.0525 dmin0=-22.9214 dmax0=22.0786
INFO  [mc_indi_tiltrotor] T2dbg1 G2=[-0.000 -0.650 0.060 0.000 -1.000] G5=[-2.700 -3.150 -0.000 45.000 0.000]
INFO  [mc_indi_tiltrotor] T2dbg2 Wu25=[1000000.0 1000000.0] du25=[0.0000 -0.0000] dmax25=[0.0000 0.0120] nu_yaw=0.005
INFO  [mc_indi_tiltrotor] WRdbg0 Wu0=1 lo0=-22.92 du0=-0.0525 pin0=0.052 a0=[-0.023 -1.105 0.000 -0.000 1.023]
INFO  [mc_indi_tiltrotor] WRdbg1 Wu1=1 lo1=-21.58 du1=-0.0477 pin1=0.001 a1=[0.023 -1.113 -0.000 -0.000 1.042]
INFO  [mc_indi_tiltrotor] T0dbg1 G0=[-0.251 0.221 0.057 0.013 -1.000] nu_des=[0.00 -0.55 0.02 -0.33 -7.21]
INFO  [mc_indi_tiltrotor] T0dbg2 Ws34=[0.1 20.0] Wu0=1.0 du0=-0.3579 dmin0=-24.7029 dmax0=20.2971
INFO  [mc_indi_tiltrotor] T2dbg1 G2=[-0.000 -0.650 0.060 0.000 -1.000] G5=[-2.700 -3.150 -0.000 45.000 0.000]
INFO  [mc_indi_tiltrotor] T2dbg2 Wu25=[1000000.0 1000000.0] du25=[0.0000 -0.0000] dmax25=[0.0000 0.0120] nu_yaw=0.016
INFO  [mc_indi_tiltrotor] WRdbg0 Wu0=1 lo0=-24.70 du0=-0.3579 pin0=0.065 a0=[-0.002 -1.035 0.000 -0.000 0.614]
INFO  [mc_indi_tiltrotor] WRdbg1 Wu1=1 lo1=-23.21 du1=-0.4167 pin1=0.001 a1=[0.002 -1.037 -0.000 -0.000 0.617]
INFO  [mc_indi_tiltrotor] YWdbg nu2=-0.014 ach2=-0.082 r=0.05 wsp2=0.03 ddelta=[0.0120 -0.0007 -0.0000]
INFO  [mc_indi_tiltrotor] T0dbg1 G0=[-0.251 0.221 0.057 0.010 -1.000] nu_des=[-0.00 -0.11 -0.04 -0.33 -1.45]
INFO  [mc_indi_tiltrotor] T0dbg2 Ws34=[0.1 20.0] Wu0=1.0 du0=-0.0209 dmin0=-26.4859 dmax0=18.5141
INFO  [mc_indi_tiltrotor] T2dbg1 G2=[-0.000 -0.650 0.060 0.001 -1.000] G5=[-2.700 -3.126 -0.002 45.000 0.038]
INFO  [mc_indi_tiltrotor] T2dbg2 Wu25=[1000000.0 1000000.0] du25=[0.0000 -0.0008] dmax25=[0.0000 0.0120] nu_yaw=-0.040
INFO  [mc_indi_tiltrotor] WRdbg0 Wu0=1 lo0=-26.49 du0=-0.0209 pin0=0.059 a0=[0.007 -0.211 -0.000 -0.000 0.123]
INFO  [mc_indi_tiltrotor] WRdbg1 Wu1=1 lo1=-24.92 du1=-0.0994 pin1=-0.005 a1=[-0.007 -0.211 0.000 -0.000 0.124]
INFO  [mc_indi_tiltrotor] T0dbg1 G0=[-0.251 0.221 0.055 0.019 -1.000] nu_des=[0.01 0.19 0.04 -0.91 0.21]
INFO  [mc_indi_tiltrotor] T0dbg2 Ws34=[0.1 20.0] Wu0=1.0 du0=-0.0038 dmin0=-27.1266 dmax0=17.8734
INFO  [mc_indi_tiltrotor] T2dbg1 G2=[-0.000 -0.650 0.060 0.000 -1.000] G5=[-2.601 -3.034 -0.000 43.355 0.001]
INFO  [mc_indi_tiltrotor] T2dbg2 Wu25=[1.0 1000000.0] du25=[-0.2266 -0.0000] dmax25=[1.6447 0.0120] nu_yaw=0.035
INFO  [mc_indi_tiltrotor] WRdbg0 Wu0=1 lo0=-27.13 du0=-0.0038 pin0=-0.018 a0=[-0.014 0.108 0.000 -0.000 -0.080]
INFO  [mc_indi_tiltrotor] WRdbg1 Wu1=1 lo1=-25.54 du1=0.0270 pin1=-0.015 a1=[0.014 0.108 0.000 -0.000 -0.080]
INFO  [mc_indi_tiltrotor] YWdbg nu2=-0.031 ach2=-0.029 r=0.01 wsp2=-0.04 ddelta=[0.0120 0.0100 -0.0000]
INFO  [mc_indi_tiltrotor] T0dbg1 G0=[-0.253 0.223 0.048 0.049 -0.999] nu_des=[0.00 0.22 -0.04 -2.32 0.47]
INFO  [mc_indi_tiltrotor] T0dbg2 Ws34=[0.1 20.0] Wu0=1.0 du0=-0.0599 dmin0=-26.0466 dmax0=18.9534
INFO  [mc_indi_tiltrotor] T2dbg1 G2=[-0.000 -0.650 0.060 0.000 -1.000] G5=[-2.338 -2.728 -0.000 38.968 0.000]
INFO  [mc_indi_tiltrotor] T2dbg2 Wu25=[1.0 1000000.0] du25=[-0.3271 -0.0000] dmax25=[6.0320 0.0120] nu_yaw=-0.039
INFO  [mc_indi_tiltrotor] WRdbg0 Wu0=1 lo0=-26.05 du0=-0.0599 pin0=-0.008 a0=[-0.002 0.125 -0.000 -0.000 -0.175]
INFO  [mc_indi_tiltrotor] WRdbg1 Wu1=1 lo1=-24.75 du1=-0.0540 pin1=-0.007 a1=[0.002 0.125 -0.000 -0.000 -0.175]
INFO  [mc_indi_tiltrotor] T0dbg1 G0=[-0.253 0.223 0.045 0.060 -0.998] nu_des=[-0.00 -0.10 -0.05 -2.41 0.10]
INFO  [mc_indi_tiltrotor] T0dbg2 Ws34=[0.1 20.0] Wu0=1.0 du0=-0.1000 dmin0=-24.1089 dmax0=20.8911
INFO  [mc_indi_tiltrotor] T2dbg1 G2=[-0.000 -0.650 0.060 0.001 -1.000] G5=[-2.185 -2.525 -0.002 36.411 0.036]
INFO  [mc_indi_tiltrotor] T2dbg2 Wu25=[1.0 9.0] du25=[0.0413 0.0045] dmax25=[8.5889 0.0120] nu_yaw=-0.054
INFO  [mc_indi_tiltrotor] WRdbg0 Wu0=1 lo0=-24.11 du0=-0.1000 pin0=0.005 a0=[0.004 -0.071 -0.006 0.005 -0.037]
INFO  [mc_indi_tiltrotor] WRdbg1 Wu1=1 lo1=-23.06 du1=-0.0688 pin1=0.003 a1=[-0.003 -0.036 0.012 -0.009 -0.036]
INFO  [mc_indi_tiltrotor] YWdbg nu2=-0.051 ach2=-0.048 r=0.03 wsp2=-0.07 ddelta=[-0.0033 -0.0120 -0.0002]
INFO  [mc_indi_tiltrotor] T0dbg1 G0=[-0.253 0.223 0.046 0.057 -0.998] nu_des=[-0.01 -0.07 -0.06 -1.64 -0.03]
INFO  [mc_indi_tiltrotor] T0dbg2 Ws34=[0.1 20.0] Wu0=1.0 du0=-0.0372 dmin0=-24.1991 dmax0=20.8009
INFO  [mc_indi_tiltrotor] T2dbg1 G2=[-0.000 -0.650 0.060 0.001 -1.000] G5=[-2.212 -2.552 -0.003 36.867 0.044]
INFO  [mc_indi_tiltrotor] T2dbg2 Wu25=[1.0 9.0] du25=[0.0687 0.0004] dmax25=[8.1330 0.0120] nu_yaw=-0.059
INFO  [mc_indi_tiltrotor] WRdbg0 Wu0=1 lo0=-24.20 du0=-0.0372 pin0=0.005 a0=[0.009 -0.047 -0.018 0.003 0.010]
INFO  [mc_indi_tiltrotor] WRdbg1 Wu1=1 lo1=-23.34 du1=-0.0068 pin1=0.008 a1=[-0.007 -0.023 0.013 -0.006 0.010]
INFO  [mc_indi_tiltrotor] T0dbg1 G0=[-0.254 0.224 0.040 0.077 -0.997] nu_des=[0.00 0.02 -0.03 -2.06 0.03]
INFO  [mc_indi_tiltrotor] T0dbg2 Ws34=[0.1 20.0] Wu0=1.0 du0=-0.0091 dmin0=-25.3812 dmax0=19.6188
INFO  [mc_indi_tiltrotor] T2dbg1 G2=[-0.000 -0.650 0.060 0.000 -1.000] G5=[-2.211 -2.577 -0.000 36.854 0.004]
INFO  [mc_indi_tiltrotor] T2dbg2 Wu25=[1.0 1000000.0] du25=[-0.0398 -0.0001] dmax25=[8.1460 0.0120] nu_yaw=-0.030
INFO  [mc_indi_tiltrotor] WRdbg0 Wu0=1 lo0=-25.38 du0=-0.0091 pin0=-0.001 a0=[-0.005 0.014 -0.008 0.001 -0.009]
INFO  [mc_indi_tiltrotor] WRdbg1 Wu1=1 lo1=-24.77 du1=0.0232 pin1=0.006 a1=[0.005 0.013 0.009 -0.001 -0.010]
INFO  [mc_indi_tiltrotor] YWdbg nu2=-0.057 ach2=-0.055 r=0.02 wsp2=-0.11 ddelta=[0.0120 0.0051 -0.0000]
INFO  [mc_indi_tiltrotor] T0dbg1 G0=[-0.255 0.225 0.034 0.101 -0.995] nu_des=[-0.00 0.13 -0.05 -2.62 0.16]
INFO  [mc_indi_tiltrotor] T0dbg2 Ws34=[0.1 20.0] Wu0=1.0 du0=0.0173 dmin0=-25.4403 dmax0=19.5597
INFO  [mc_indi_tiltrotor] T2dbg1 G2=[-0.000 -0.650 0.060 0.000 -1.000] G5=[-2.176 -2.538 -0.000 36.265 0.000]
INFO  [mc_indi_tiltrotor] T2dbg2 Wu25=[1.0 1000000.0] du25=[-0.1536 -0.0000] dmax25=[8.7347 0.0120] nu_yaw=-0.047
INFO  [mc_indi_tiltrotor] WRdbg0 Wu0=1 lo0=-25.44 du0=0.0173 pin0=0.000 a0=[0.006 0.085 -0.011 -0.006 -0.056]
INFO  [mc_indi_tiltrotor] WRdbg1 Wu1=1 lo1=-25.11 du1=0.0104 pin1=-0.000 a1=[-0.005 0.046 0.019 0.013 -0.062]
INFO  [mc_indi_tiltrotor] T0dbg1 G0=[-0.256 0.226 0.028 0.127 -0.992] nu_des=[-0.01 -0.03 -0.06 -3.22 0.07]
INFO  [mc_indi_tiltrotor] T0dbg2 Ws34=[0.1 20.0] Wu0=1.0 du0=-0.0246 dmin0=-25.1528 dmax0=19.8472
INFO  [mc_indi_tiltrotor] T2dbg1 G2=[-0.000 -0.650 0.060 0.000 -1.000] G5=[-2.132 -2.488 -0.000 35.536 0.000]
INFO  [mc_indi_tiltrotor] T2dbg2 Wu25=[1.0 1000000.0] du25=[0.0246 -0.0000] dmax25=[9.4638 0.0120] nu_yaw=-0.060
INFO  [mc_indi_tiltrotor] WRdbg0 Wu0=1 lo0=-25.15 du0=-0.0246 pin0=-0.001 a0=[0.021 -0.014 -0.006 0.000 -0.025]
INFO  [mc_indi_tiltrotor] WRdbg1 Wu1=1 lo1=-25.11 du1=-0.0398 pin1=0.002 a1=[-0.021 -0.014 0.019 -0.001 -0.025]
INFO  [mc_indi_tiltrotor] YWdbg nu2=-0.053 ach2=-0.050 r=0.00 wsp2=-0.12 ddelta=[0.0120 0.0070 -0.0000]
INFO  [mc_indi_tiltrotor] T0dbg1 G0=[-0.256 0.227 0.021 0.152 -0.988] nu_des=[-0.00 0.01 -0.07 -3.83 0.03]
INFO  [mc_indi_tiltrotor] T0dbg2 Ws34=[0.1 20.0] Wu0=1.0 du0=-0.0001 dmin0=-25.0561 dmax0=19.9439
INFO  [mc_indi_tiltrotor] T2dbg1 G2=[-0.000 -0.650 0.060 0.000 -1.000] G5=[-2.116 -2.468 -0.000 35.263 0.000]
INFO  [mc_indi_tiltrotor] T2dbg2 Wu25=[1.0 1000000.0] du25=[-0.0172 -0.0000] dmax25=[9.7369 0.0120] nu_yaw=-0.073
INFO  [mc_indi_tiltrotor] WRdbg0 Wu0=1 lo0=-25.06 du0=-0.0001 pin0=-0.001 a0=[0.003 0.008 -0.000 -0.000 -0.011]
INFO  [mc_indi_tiltrotor] WRdbg1 Wu1=1 lo1=-25.18 du1=0.0041 pin1=0.010 a1=[-0.003 0.008 0.000 -0.000 -0.011]
INFO  [mc_indi_tiltrotor] T0dbg1 G0=[-0.256 0.227 0.020 0.156 -0.988] nu_des=[-0.00 0.00 -0.08 -3.92 0.01]
INFO  [mc_indi_tiltrotor] T0dbg2 Ws34=[0.1 20.0] Wu0=1.0 du0=0.0033 dmin0=-25.0861 dmax0=19.9139
INFO  [mc_indi_tiltrotor] T2dbg1 G2=[-0.000 -0.650 0.060 0.000 -1.000] G5=[-2.105 -2.456 -0.000 35.089 0.000]
INFO  [mc_indi_tiltrotor] T2dbg2 Wu25=[1.0 1000000.0] du25=[-0.0056 -0.0000] dmax25=[9.9105 0.0120] nu_yaw=-0.078
INFO  [mc_indi_tiltrotor] WRdbg0 Wu0=1 lo0=-25.09 du0=0.0033 pin0=-0.000 a0=[0.003 0.002 -0.000 -0.000 -0.002]
INFO  [mc_indi_tiltrotor] WRdbg1 Wu1=1 lo1=-25.22 du1=-0.0031 pin1=0.000 a1=[-0.003 0.002 0.000 -0.000 -0.002]
INFO  [mc_indi_tiltrotor] YWdbg nu2=-0.071 ach2=-0.000 r=0.03 wsp2=-0.15 ddelta=[0.0000 -0.0000 -0.0000]
INFO  [mc_indi_tiltrotor] T0dbg1 G0=[-0.256 0.227 0.020 0.156 -0.988] nu_des=[0.00 -0.00 -0.10 -3.95 0.00]
INFO  [mc_indi_tiltrotor] T0dbg2 Ws34=[0.1 20.0] Wu0=1.0 du0=-0.0065 dmin0=-25.2486 dmax0=19.7514
INFO  [mc_indi_tiltrotor] T2dbg1 G2=[-0.000 -0.650 0.060 0.000 -1.000] G5=[-2.102 -2.452 -0.000 35.032 0.000]
INFO  [mc_indi_tiltrotor] T2dbg2 Wu25=[1.0 1000000.0] du25=[0.0026 -0.0000] dmax25=[9.9676 0.0120] nu_yaw=-0.102
INFO  [mc_indi_tiltrotor] WRdbg0 Wu0=1 lo0=-25.25 du0=-0.0065 pin0=-0.000 a0=[-0.005 -0.001 -0.000 -0.000 -0.000]
INFO  [mc_indi_tiltrotor] WRdbg1 Wu1=1 lo1=-25.38 du1=0.0038 pin1=0.000 a1=[0.005 -0.001 0.000 -0.000 -0.000]
INFO  [mc_indi_tiltrotor] T0dbg1 G0=[-0.256 0.227 0.020 0.156 -0.988] nu_des=[0.00 0.01 -0.10 -3.96 0.02]
INFO  [mc_indi_tiltrotor] T0dbg2 Ws34=[0.1 20.0] Wu0=1.0 du0=-0.0001 dmin0=-25.3132 dmax0=19.6868
INFO  [mc_indi_tiltrotor] T2dbg1 G2=[-0.000 -0.650 0.060 0.000 -1.000] G5=[-2.093 -2.442 -0.000 34.885 0.000]
INFO  [mc_indi_tiltrotor] T2dbg2 Wu25=[1.0 1000000.0] du25=[-0.0197 -0.0000] dmax25=[10.1146 0.0120] nu_yaw=-0.096
INFO  [mc_indi_tiltrotor] WRdbg0 Wu0=1 lo0=-25.31 du0=-0.0001 pin0=-0.000 a0=[-0.002 0.008 -0.000 -0.000 -0.006]
INFO  [mc_indi_tiltrotor] WRdbg1 Wu1=1 lo1=-25.43 du1=0.0032 pin1=0.000 a1=[0.002 0.008 0.000 -0.000 -0.006]
INFO  [mc_indi_tiltrotor] YWdbg nu2=-0.102 ach2=0.000 r=0.03 wsp2=-0.19 ddelta=[0.0000 -0.0000 0.0000]
INFO  [mc_indi_tiltrotor] T0dbg1 G0=[-0.256 0.227 0.020 0.156 -0.988] nu_des=[0.00 -0.00 -0.11 -3.96 0.00]
INFO  [mc_indi_tiltrotor] T0dbg2 Ws34=[0.1 20.0] Wu0=1.0 du0=-0.0104 dmin0=-25.3167 dmax0=19.6833
INFO  [mc_indi_tiltrotor] T2dbg1 G2=[-0.000 -0.650 0.060 0.000 -1.000] G5=[-2.082 -2.429 -0.000 34.700 0.000]
INFO  [mc_indi_tiltrotor] T2dbg2 Wu25=[1.0 1000000.0] du25=[0.0016 0.0000] dmax25=[10.3003 0.0120] nu_yaw=-0.111
INFO  [mc_indi_tiltrotor] WRdbg0 Wu0=1 lo0=-25.32 du0=-0.0104 pin0=0.000 a0=[-0.007 -0.001 -0.000 -0.000 -0.002]
INFO  [mc_indi_tiltrotor] WRdbg1 Wu1=1 lo1=-25.47 du1=0.0037 pin1=0.000 a1=[0.007 -0.001 0.000 -0.000 -0.002]
INFO  [mc_indi_tiltrotor] T0dbg1 G0=[-0.256 0.227 0.020 0.156 -0.988] nu_des=[-0.01 -0.01 -0.12 -3.97 0.01]
INFO  [mc_indi_tiltrotor] T0dbg2 Ws34=[0.1 20.0] Wu0=1.0 du0=0.0021 dmin0=-25.3491 dmax0=19.6509
INFO  [mc_indi_tiltrotor] T2dbg1 G2=[-0.000 -0.650 0.060 0.000 -1.000] G5=[-2.074 -2.419 -0.000 34.562 0.000]
INFO  [mc_indi_tiltrotor] T2dbg2 Wu25=[1.0 1000000.0] du25=[0.0113 0.0000] dmax25=[10.4380 0.0120] nu_yaw=-0.118
INFO  [mc_indi_tiltrotor] WRdbg0 Wu0=1 lo0=-25.35 du0=0.0021 pin0=0.000 a0=[0.011 -0.006 -0.000 -0.000 -0.002]
INFO  [mc_indi_tiltrotor] WRdbg1 Wu1=1 lo1=-25.52 du1=-0.0197 pin1=0.000 a1=[-0.011 -0.007 0.000 -0.000 -0.002]
INFO  [mc_indi_tiltrotor] YWdbg nu2=-0.127 ach2=-0.001 r=0.03 wsp2=-0.23 ddelta=[0.0000 -0.0000 -0.0000]
INFO  [mc_indi_tiltrotor] T0dbg1 G0=[-0.256 0.227 0.020 0.156 -0.988] nu_des=[-0.01 0.01 -0.13 -3.98 0.01]
INFO  [mc_indi_tiltrotor] T0dbg2 Ws34=[0.1 20.0] Wu0=1.0 du0=0.0169 dmin0=-25.4211 dmax0=19.5789
INFO  [mc_indi_tiltrotor] T2dbg1 G2=[-0.000 -0.650 0.060 0.000 -1.000] G5=[-2.068 -2.412 -0.000 34.460 0.000]
INFO  [mc_indi_tiltrotor] T2dbg2 Wu25=[1.0 1000000.0] du25=[-0.0109 0.0000] dmax25=[10.5399 0.0120] nu_yaw=-0.128
INFO  [mc_indi_tiltrotor] WRdbg0 Wu0=1 lo0=-25.42 du0=0.0169 pin0=0.000 a0=[0.018 0.004 -0.000 -0.000 -0.005]
INFO  [mc_indi_tiltrotor] WRdbg1 Wu1=1 lo1=-25.58 du1=-0.0192 pin1=0.000 a1=[-0.018 0.004 0.000 -0.000 -0.005]
INFO  [mc_indi_tiltrotor] T0dbg1 G0=[-0.256 0.227 0.020 0.156 -0.988] nu_des=[-0.00 0.01 -0.14 -3.98 0.02]
INFO  [mc_indi_tiltrotor] T0dbg2 Ws34=[0.1 20.0] Wu0=1.0 du0=-0.0020 dmin0=-25.4567 dmax0=19.5433
INFO  [mc_indi_tiltrotor] T2dbg1 G2=[-0.000 -0.650 0.060 0.000 -1.000] G5=[-2.060 -2.403 -0.000 34.328 0.000]
INFO  [mc_indi_tiltrotor] T2dbg2 Wu25=[1.0 1000000.0] du25=[-0.0105 0.0000] dmax25=[10.6724 0.0120] nu_yaw=-0.140
INFO  [mc_indi_tiltrotor] WRdbg0 Wu0=1 lo0=-25.46 du0=-0.0020 pin0=0.000 a0=[0.002 0.003 -0.000 -0.000 -0.007]
INFO  [mc_indi_tiltrotor] WRdbg1 Wu1=1 lo1=-25.61 du1=-0.0052 pin1=0.000 a1=[-0.002 0.003 0.000 -0.000 -0.007]
INFO  [mc_indi_tiltrotor] YWdbg nu2=-0.148 ach2=-0.002 r=0.03 wsp2=-0.26 ddelta=[0.0000 -0.0000 -0.0000]
INFO  [mc_indi_tiltrotor] T0dbg1 G0=[-0.256 0.227 0.020 0.156 -0.988] nu_des=[-0.00 0.00 -0.15 -3.98 0.02]
INFO  [mc_indi_tiltrotor] T0dbg2 Ws34=[0.1 20.0] Wu0=1.0 du0=-0.0065 dmin0=-25.4574 dmax0=19.5426
INFO  [mc_indi_tiltrotor] T2dbg1 G2=[-0.000 -0.650 0.060 0.000 -1.000] G5=[-2.050 -2.391 -0.000 34.161 0.000]
INFO  [mc_indi_tiltrotor] T2dbg2 Wu25=[1.0 1000000.0] du25=[-0.0058 0.0000] dmax25=[10.8386 0.0120] nu_yaw=-0.151
INFO  [mc_indi_tiltrotor] WRdbg0 Wu0=1 lo0=-25.46 du0=-0.0065 pin0=0.000 a0=[0.000 0.000 -0.000 -0.000 -0.007]
INFO  [mc_indi_tiltrotor] WRdbg1 Wu1=1 lo1=-25.60 du1=-0.0071 pin1=0.000 a1=[-0.000 0.000 0.000 -0.000 -0.007]
INFO  [mc_indi_tiltrotor] T0dbg1 G0=[-0.256 0.227 0.020 0.156 -0.988] nu_des=[-0.00 -0.01 -0.17 -3.98 0.01]
INFO  [mc_indi_tiltrotor] T0dbg2 Ws34=[0.1 20.0] Wu0=1.0 du0=-0.0044 dmin0=-25.4321 dmax0=19.5679
INFO  [mc_indi_tiltrotor] T2dbg1 G2=[-0.000 -0.650 0.060 0.000 -1.000] G5=[-2.038 -2.378 -0.000 33.971 0.000]
INFO  [mc_indi_tiltrotor] T2dbg2 Wu25=[1.0 1000000.0] du25=[0.0039 0.0000] dmax25=[11.0293 0.0120] nu_yaw=-0.170
INFO  [mc_indi_tiltrotor] WRdbg0 Wu0=1 lo0=-25.43 du0=-0.0044 pin0=0.000 a0=[0.005 -0.004 -0.000 -0.000 -0.005]
INFO  [mc_indi_tiltrotor] WRdbg1 Wu1=1 lo1=-25.59 du1=-0.0136 pin1=0.000 a1=[-0.004 -0.004 0.000 -0.000 -0.005]
INFO  [mc_indi_tiltrotor] YWdbg nu2=-0.168 ach2=0.002 r=0.03 wsp2=-0.30 ddelta=[0.0000 -0.0000 0.0000]
INFO  [mc_indi_tiltrotor] T0dbg1 G0=[-0.256 0.227 0.020 0.156 -0.988] nu_des=[0.00 -0.00 -0.18 -3.98 0.01]
INFO  [mc_indi_tiltrotor] T0dbg2 Ws34=[0.1 20.0] Wu0=1.0 du0=-0.0132 dmin0=-25.4627 dmax0=19.5373
INFO  [mc_indi_tiltrotor] T2dbg1 G2=[-0.000 -0.650 0.060 0.000 -1.000] G5=[-2.032 -2.371 -0.000 33.872 0.000]
INFO  [mc_indi_tiltrotor] T2dbg2 Wu25=[1.0 1000000.0] du25=[-0.0005 -0.0000] dmax25=[11.1282 0.0120] nu_yaw=-0.177
INFO  [mc_indi_tiltrotor] WRdbg0 Wu0=1 lo0=-25.46 du0=-0.0132 pin0=0.000 a0=[-0.010 -0.001 -0.000 -0.000 -0.003]
INFO  [mc_indi_tiltrotor] WRdbg1 Wu1=1 lo1=-25.61 du1=0.0058 pin1=0.000 a1=[0.010 -0.001 0.000 -0.000 -0.003]
INFO  [mc_indi_tiltrotor] T0dbg1 G0=[-0.256 0.227 0.020 0.156 -0.988] nu_des=[-0.00 0.01 -0.19 -3.99 0.00]
INFO  [mc_indi_tiltrotor] T0dbg2 Ws34=[0.1 20.0] Wu0=1.0 du0=0.0122 dmin0=-25.5015 dmax0=19.4985
INFO  [mc_indi_tiltrotor] T2dbg1 G2=[-0.000 -0.650 0.060 0.000 -1.000] G5=[-2.026 -2.364 -0.000 33.774 0.000]
INFO  [mc_indi_tiltrotor] T2dbg2 Wu25=[1.0 1000000.0] du25=[-0.0099 0.0000] dmax25=[11.2258 0.0120] nu_yaw=-0.191
INFO  [mc_indi_tiltrotor] WRdbg0 Wu0=1 lo0=-25.50 du0=0.0122 pin0=0.000 a0=[0.010 0.004 -0.000 -0.000 -0.002]
INFO  [mc_indi_tiltrotor] WRdbg1 Wu1=1 lo1=-25.67 du1=-0.0068 pin1=0.000 a1=[-0.010 0.004 0.000 -0.000 -0.002]
INFO  [mc_indi_tiltrotor] YWdbg nu2=-0.185 ach2=-0.001 r=0.03 wsp2=-0.34 ddelta=[0.0000 -0.0000 -0.0000]
INFO  [mc_indi_tiltrotor] T0dbg1 G0=[-0.256 0.227 0.020 0.156 -0.988] nu_des=[-0.00 0.01 -0.20 -4.00 0.00]
INFO  [mc_indi_tiltrotor] T0dbg2 Ws34=[0.1 20.0] Wu0=1.0 du0=0.0110 dmin0=-25.5570 dmax0=19.4430
INFO  [mc_indi_tiltrotor] T2dbg1 G2=[-0.000 -0.650 0.060 0.000 -1.000] G5=[-2.021 -2.357 -0.000 33.678 0.000]
INFO  [mc_indi_tiltrotor] T2dbg2 Wu25=[1.0 1000000.0] du25=[-0.0136 0.0000] dmax25=[11.3221 0.0120] nu_yaw=-0.200
INFO  [mc_indi_tiltrotor] WRdbg0 Wu0=1 lo0=-25.56 du0=0.0110 pin0=0.000 a0=[0.007 0.006 -0.000 -0.000 -0.002]
INFO  [mc_indi_tiltrotor] WRdbg1 Wu1=1 lo1=-25.72 du1=-0.0020 pin1=0.000 a1=[-0.007 0.006 0.000 -0.000 -0.002]
INFO  [mc_indi_tiltrotor] T0dbg1 G0=[-0.256 0.227 0.020 0.156 -0.988] nu_des=[-0.00 -0.00 -0.20 -4.01 0.01]
INFO  [mc_indi_tiltrotor] T0dbg2 Ws34=[0.1 20.0] Wu0=1.0 du0=0.0006 dmin0=-25.6034 dmax0=19.3966
INFO  [mc_indi_tiltrotor] T2dbg1 G2=[-0.000 -0.650 0.060 0.000 -1.000] G5=[-2.016 -2.353 -0.000 33.608 0.000]
INFO  [mc_indi_tiltrotor] T2dbg2 Wu25=[1.0 1000000.0] du25=[-0.0005 0.0000] dmax25=[11.3918 0.0120] nu_yaw=-0.200
INFO  [mc_indi_tiltrotor] WRdbg0 Wu0=1 lo0=-25.60 du0=0.0006 pin0=0.000 a0=[0.006 -0.001 -0.000 -0.000 -0.004]
INFO  [mc_indi_tiltrotor] WRdbg1 Wu1=1 lo1=-25.76 du1=-0.0111 pin1=0.000 a1=[-0.006 -0.001 0.000 -0.000 -0.004]
INFO  [mc_indi_tiltrotor] YWdbg nu2=-0.205 ach2=-0.002 r=0.03 wsp2=-0.38 ddelta=[0.0000 -0.0000 -0.0000]
INFO  [mc_indi_tiltrotor] T0dbg1 G0=[-0.256 0.227 0.020 0.156 -0.988] nu_des=[-0.00 0.01 -0.22 -4.01 0.00]
INFO  [mc_indi_tiltrotor] T0dbg2 Ws34=[0.1 20.0] Wu0=1.0 du0=0.0047 dmin0=-25.6418 dmax0=19.3582
INFO  [mc_indi_tiltrotor] T2dbg1 G2=[-0.000 -0.650 0.060 0.000 -1.000] G5=[-2.014 -2.350 -0.000 33.568 0.000]
INFO  [mc_indi_tiltrotor] T2dbg2 Wu25=[1.0 1000000.0] du25=[-0.0083 0.0000] dmax25=[11.4323 0.0120] nu_yaw=-0.221
INFO  [mc_indi_tiltrotor] WRdbg0 Wu0=1 lo0=-25.64 du0=0.0047 pin0=0.000 a0=[0.001 0.004 -0.000 -0.000 -0.001]
INFO  [mc_indi_tiltrotor] WRdbg1 Wu1=1 lo1=-25.81 du1=0.0021 pin1=0.000 a1=[-0.001 0.004 0.000 -0.000 -0.001]
INFO  [mc_indi_tiltrotor] T0dbg1 G0=[-0.256 0.227 0.020 0.156 -0.988] nu_des=[-0.00 0.00 -0.22 -4.02 0.00]
INFO  [mc_indi_tiltrotor] T0dbg2 Ws34=[0.1 20.0] Wu0=1.0 du0=0.0073 dmin0=-25.6904 dmax0=19.3096
INFO  [mc_indi_tiltrotor] T2dbg1 G2=[-0.000 -0.650 0.060 0.000 -1.000] G5=[-2.011 -2.346 -0.000 33.515 0.000]
INFO  [mc_indi_tiltrotor] T2dbg2 Wu25=[1.0 1000000.0] du25=[-0.0044 0.0000] dmax25=[11.4852 0.0120] nu_yaw=-0.225
INFO  [mc_indi_tiltrotor] WRdbg0 Wu0=1 lo0=-25.69 du0=0.0073 pin0=0.000 a0=[0.006 0.002 -0.000 -0.000 -0.001]
INFO  [mc_indi_tiltrotor] WRdbg1 Wu1=1 lo1=-25.84 du1=-0.0049 pin1=0.000 a1=[-0.006 0.002 0.000 -0.000 -0.001]
INFO  [mc_indi_tiltrotor] YWdbg nu2=-0.226 ach2=-0.000 r=0.03 wsp2=-0.42 ddelta=[0.0000 -0.0000 0.0000]
INFO  [mc_indi_tiltrotor] T0dbg1 G0=[-0.256 0.227 0.020 0.156 -0.988] nu_des=[-0.01 -0.00 -0.24 -4.02 0.01]
INFO  [mc_indi_tiltrotor] T0dbg2 Ws34=[0.1 20.0] Wu0=1.0 du0=0.0068 dmin0=-25.7074 dmax0=19.2926
INFO  [mc_indi_tiltrotor] T2dbg1 G2=[-0.000 -0.650 0.060 0.000 -1.000] G5=[-2.007 -2.342 -0.000 33.458 0.000]
INFO  [mc_indi_tiltrotor] T2dbg2 Wu25=[1.0 1000000.0] du25=[0.0003 0.0000] dmax25=[11.5421 0.0120] nu_yaw=-0.241
INFO  [mc_indi_tiltrotor] WRdbg0 Wu0=1 lo0=-25.71 du0=0.0068 pin0=0.000 a0=[0.012 -0.001 -0.000 -0.000 -0.004]
INFO  [mc_indi_tiltrotor] WRdbg1 Wu1=1 lo1=-25.90 du1=-0.0169 pin1=0.000 a1=[-0.012 -0.001 0.000 -0.000 -0.004]
INFO  [mc_indi_tiltrotor] T0dbg1 G0=[-0.256 0.227 0.020 0.156 -0.988] nu_des=[-0.00 -0.01 -0.24 -4.02 0.01]
INFO  [mc_indi_tiltrotor] T0dbg2 Ws34=[0.1 20.0] Wu0=1.0 du0=-0.0036 dmin0=-25.7162 dmax0=19.2838
INFO  [mc_indi_tiltrotor] T2dbg1 G2=[-0.000 -0.650 0.060 0.000 -1.000] G5=[-2.002 -2.336 -0.000 33.370 0.000]
INFO  [mc_indi_tiltrotor] T2dbg2 Wu25=[1.0 1000000.0] du25=[0.0047 0.0000] dmax25=[11.6302 0.0120] nu_yaw=-0.241
INFO  [mc_indi_tiltrotor] WRdbg0 Wu0=1 lo0=-25.72 du0=-0.0036 pin0=0.000 a0=[0.002 -0.003 -0.000 -0.000 -0.002]
INFO  [mc_indi_tiltrotor] WRdbg1 Wu1=1 lo1=-25.90 du1=-0.0067 pin1=0.000 a1=[-0.002 -0.003 0.000 -0.000 -0.002]
INFO  [mc_indi_tiltrotor] YWdbg nu2=-0.247 ach2=0.002 r=0.03 wsp2=-0.47 ddelta=[0.0000 -0.0000 0.0000]
INFO  [mc_indi_tiltrotor] T0dbg1 G0=[-0.256 0.227 0.020 0.156 -0.988] nu_des=[-0.00 -0.01 -0.26 -4.03 -0.00]
INFO  [mc_indi_tiltrotor] T0dbg2 Ws34=[0.1 20.0] Wu0=1.0 du0=-0.0029 dmin0=-25.7599 dmax0=19.2401
INFO  [mc_indi_tiltrotor] T2dbg1 G2=[-0.000 -0.650 0.060 0.000 -1.000] G5=[-2.001 -2.335 -0.000 33.350 0.000]
INFO  [mc_indi_tiltrotor] T2dbg2 Wu25=[1.0 1000000.0] du25=[0.0140 0.0000] dmax25=[11.6499 0.0120] nu_yaw=-0.264
INFO  [mc_indi_tiltrotor] WRdbg0 Wu0=1 lo0=-25.76 du0=-0.0029 pin0=0.000 a0=[0.003 -0.007 -0.000 -0.000 0.001]
INFO  [mc_indi_tiltrotor] WRdbg1 Wu1=1 lo1=-25.95 du1=-0.0094 pin1=0.000 a1=[-0.003 -0.007 0.000 -0.000 0.001]
INFO  [mc_indi_tiltrotor] T0dbg1 G0=[-0.256 0.227 0.020 0.156 -0.988] nu_des=[0.00 0.00 -0.27 -4.04 0.00]
INFO  [mc_indi_tiltrotor] T0dbg2 Ws34=[0.1 20.0] Wu0=1.0 du0=-0.0028 dmin0=-25.8056 dmax0=19.1944
INFO  [mc_indi_tiltrotor] T2dbg1 G2=[-0.000 -0.650 0.060 0.000 -1.000] G5=[-1.999 -2.332 -0.000 33.320 0.000]
INFO  [mc_indi_tiltrotor] T2dbg2 Wu25=[1.0 1000000.0] du25=[-0.0023 -0.0000] dmax25=[11.6802 0.0120] nu_yaw=-0.268
INFO  [mc_indi_tiltrotor] WRdbg0 Wu0=1 lo0=-25.81 du0=-0.0028 pin0=0.000 a0=[-0.004 0.001 -0.000 -0.000 -0.000]
INFO  [mc_indi_tiltrotor] WRdbg1 Wu1=1 lo1=-26.00 du1=0.0044 pin1=0.000 a1=[0.004 0.001 0.000 -0.000 -0.000]
INFO  [mc_indi_tiltrotor] YWdbg nu2=-0.260 ach2=-0.001 r=0.03 wsp2=-0.50 ddelta=[0.0000 -0.0000 -0.0000]
INFO  [mc_indi_tiltrotor] T0dbg1 G0=[-0.256 0.227 0.020 0.156 -0.988] nu_des=[-0.00 -0.00 -0.26 -4.04 0.01]
INFO  [mc_indi_tiltrotor] T0dbg2 Ws34=[0.1 20.0] Wu0=1.0 du0=-0.0029 dmin0=-25.8350 dmax0=19.1650
INFO  [mc_indi_tiltrotor] T2dbg1 G2=[-0.000 -0.650 0.060 0.000 -1.000] G5=[-1.998 -2.331 -0.000 33.306 0.000]
INFO  [mc_indi_tiltrotor] T2dbg2 Wu25=[1.0 1000000.0] du25=[0.0031 0.0000] dmax25=[11.6938 0.0120] nu_yaw=-0.259
INFO  [mc_indi_tiltrotor] WRdbg0 Wu0=1 lo0=-25.84 du0=-0.0029 pin0=0.000 a0=[0.002 -0.002 -0.000 -0.000 -0.003]
INFO  [mc_indi_tiltrotor] WRdbg1 Wu1=1 lo1=-26.03 du1=-0.0076 pin1=0.000 a1=[-0.002 -0.003 0.000 -0.000 -0.003]
INFO  [mc_indi_tiltrotor] T0dbg1 G0=[-0.256 0.227 0.020 0.156 -0.988] nu_des=[0.00 0.00 -0.26 -4.04 0.01]
INFO  [mc_indi_tiltrotor] T0dbg2 Ws34=[0.1 20.0] Wu0=1.0 du0=-0.0027 dmin0=-25.8550 dmax0=19.1450
INFO  [mc_indi_tiltrotor] T2dbg1 G2=[-0.000 -0.650 0.060 0.000 -1.000] G5=[-1.995 -2.328 -0.000 33.255 0.000]
INFO  [mc_indi_tiltrotor] T2dbg2 Wu25=[1.0 1000000.0] du25=[-0.0037 -0.0000] dmax25=[11.7451 0.0120] nu_yaw=-0.263
INFO  [mc_indi_tiltrotor] WRdbg0 Wu0=1 lo0=-25.86 du0=-0.0027 pin0=0.000 a0=[-0.001 0.001 -0.000 -0.000 -0.003]
INFO  [mc_indi_tiltrotor] WRdbg1 Wu1=1 lo1=-26.05 du1=-0.0011 pin1=0.000 a1=[0.001 0.001 0.000 -0.000 -0.003]
INFO  [mc_indi_tiltrotor] YWdbg nu2=-0.266 ach2=0.002 r=0.03 wsp2=-0.50 ddelta=[0.0000 -0.0000 0.0000]
INFO  [mc_indi_tiltrotor] T0dbg1 G0=[-0.256 0.227 0.020 0.156 -0.988] nu_des=[-0.00 0.00 -0.27 -4.05 0.01]
INFO  [mc_indi_tiltrotor] T0dbg2 Ws34=[0.1 20.0] Wu0=1.0 du0=0.0021 dmin0=-25.8588 dmax0=19.1412
INFO  [mc_indi_tiltrotor] T2dbg1 G2=[-0.000 -0.650 0.060 0.000 -1.000] G5=[-1.993 -2.325 -0.000 33.210 0.000]
INFO  [mc_indi_tiltrotor] T2dbg2 Wu25=[1.0 1000000.0] du25=[-0.0083 0.0000] dmax25=[11.7901 0.0120] nu_yaw=-0.270
INFO  [mc_indi_tiltrotor] WRdbg0 Wu0=1 lo0=-25.86 du0=0.0021 pin0=0.000 a0=[0.004 0.003 -0.000 -0.000 -0.004]
INFO  [mc_indi_tiltrotor] WRdbg1 Wu1=1 lo1=-26.08 du1=-0.0052 pin1=0.000 a1=[-0.004 0.003 0.000 -0.000 -0.004]
INFO  [mc_indi_tiltrotor] T0dbg1 G0=[-0.256 0.227 0.020 0.156 -0.988] nu_des=[-0.01 -0.01 -0.26 -4.05 0.00]
INFO  [mc_indi_tiltrotor] T0dbg2 Ws34=[0.1 20.0] Wu0=1.0 du0=0.0056 dmin0=-25.8924 dmax0=19.1076
INFO  [mc_indi_tiltrotor] T2dbg1 G2=[-0.000 -0.650 0.060 0.000 -1.000] G5=[-1.992 -2.324 -0.000 33.203 0.000]
INFO  [mc_indi_tiltrotor] T2dbg2 Wu25=[1.0 1000000.0] du25=[0.0103 0.0000] dmax25=[11.7966 0.0120] nu_yaw=-0.260
INFO  [mc_indi_tiltrotor] WRdbg0 Wu0=1 lo0=-25.89 du0=0.0056 pin0=0.000 a0=[0.012 -0.005 -0.000 -0.000 -0.001]
INFO  [mc_indi_tiltrotor] WRdbg1 Wu1=1 lo1=-26.10 du1=-0.0185 pin1=0.000 a1=[-0.012 -0.006 0.000 -0.000 -0.001]
INFO  [mc_indi_tiltrotor] YWdbg nu2=-0.276 ach2=0.001 r=0.03 wsp2=-0.50 ddelta=[0.0000 -0.0000 0.0000]
INFO  [mc_indi_tiltrotor] T0dbg1 G0=[-0.256 0.227 0.020 0.156 -0.988] nu_des=[0.00 -0.01 -0.26 -4.06 -0.00]
INFO  [mc_indi_tiltrotor] T0dbg2 Ws34=[0.1 20.0] Wu0=1.0 du0=-0.0081 dmin0=-25.9421 dmax0=19.0579
INFO  [mc_indi_tiltrotor] T2dbg1 G2=[-0.000 -0.650 0.060 0.000 -1.000] G5=[-1.993 -2.325 -0.000 33.209 0.000]
INFO  [mc_indi_tiltrotor] T2dbg2 Wu25=[1.0 1000000.0] du25=[0.0072 -0.0000] dmax25=[11.7914 0.0120] nu_yaw=-0.255
INFO  [mc_indi_tiltrotor] WRdbg0 Wu0=1 lo0=-25.94 du0=-0.0081 pin0=0.000 a0=[-0.006 -0.003 -0.000 -0.000 0.001]
INFO  [mc_indi_tiltrotor] WRdbg1 Wu1=1 lo1=-26.15 du1=0.0033 pin1=0.000 a1=[0.006 -0.003 0.000 -0.000 0.001]
INFO  [mc_indi_tiltrotor] T0dbg1 G0=[-0.256 0.227 0.020 0.156 -0.988] nu_des=[-0.01 -0.00 -0.27 -4.07 0.01]
INFO  [mc_indi_tiltrotor] T0dbg2 Ws34=[0.1 20.0] Wu0=1.0 du0=0.0096 dmin0=-26.0045 dmax0=18.9955
INFO  [mc_indi_tiltrotor] T2dbg1 G2=[-0.000 -0.650 0.060 0.000 -1.000] G5=[-1.994 -2.327 -0.000 33.238 0.000]
INFO  [mc_indi_tiltrotor] T2dbg2 Wu25=[1.0 1000000.0] du25=[0.0011 0.0000] dmax25=[11.7624 0.0120] nu_yaw=-0.268
INFO  [mc_indi_tiltrotor] WRdbg0 Wu0=1 lo0=-26.00 du0=0.0096 pin0=0.000 a0=[0.014 -0.001 -0.000 -0.000 -0.003]
INFO  [mc_indi_tiltrotor] WRdbg1 Wu1=1 lo1=-26.21 du1=-0.0180 pin1=0.000 a1=[-0.014 -0.001 0.000 -0.000 -0.003]
INFO  [mc_indi_tiltrotor] YWdbg nu2=-0.267 ach2=0.000 r=0.03 wsp2=-0.50 ddelta=[0.0000 -0.0000 0.0000]
INFO  [mc_indi_tiltrotor] T0dbg1 G0=[-0.256 0.227 0.020 0.156 -0.988] nu_des=[0.00 -0.00 -0.26 -4.08 0.01]
INFO  [mc_indi_tiltrotor] T0dbg2 Ws34=[0.1 20.0] Wu0=1.0 du0=-0.0062 dmin0=-26.0538 dmax0=18.9462
INFO  [mc_indi_tiltrotor] T2dbg1 G2=[-0.000 -0.650 0.060 0.000 -1.000] G5=[-1.995 -2.327 -0.000 33.250 0.000]
INFO  [mc_indi_tiltrotor] T2dbg2 Wu25=[1.0 1000000.0] du25=[-0.0019 -0.0000] dmax25=[11.7503 0.0120] nu_yaw=-0.262
INFO  [mc_indi_tiltrotor] WRdbg0 Wu0=1 lo0=-26.05 du0=-0.0062 pin0=0.000 a0=[-0.002 -0.000 -0.000 -0.000 -0.003]
INFO  [mc_indi_tiltrotor] WRdbg1 Wu1=1 lo1=-26.24 du1=-0.0013 pin1=0.000 a1=[0.002 -0.000 0.000 -0.000 -0.004]
INFO  [mc_indi_tiltrotor] T0dbg1 G0=[-0.256 0.227 0.020 0.156 -0.988] nu_des=[-0.01 0.00 -0.26 -4.08 -0.00]
INFO  [mc_indi_tiltrotor] T0dbg2 Ws34=[0.1 20.0] Wu0=1.0 du0=0.0143 dmin0=-26.0620 dmax0=18.9380
INFO  [mc_indi_tiltrotor] T2dbg1 G2=[-0.000 -0.650 0.060 0.000 -1.000] G5=[-1.995 -2.328 -0.000 33.253 0.000]
INFO  [mc_indi_tiltrotor] T2dbg2 Wu25=[1.0 1000000.0] du25=[0.0004 0.0000] dmax25=[11.7467 0.0120] nu_yaw=-0.258
INFO  [mc_indi_tiltrotor] WRdbg0 Wu0=1 lo0=-26.06 du0=0.0143 pin0=0.000 a0=[0.014 0.000 -0.000 -0.000 0.001]
INFO  [mc_indi_tiltrotor] WRdbg1 Wu1=1 lo1=-26.26 du1=-0.0131 pin1=0.000 a1=[-0.014 0.000 0.000 -0.000 0.001]
INFO  [mc_indi_tiltrotor] YWdbg nu2=-0.272 ach2=-0.001 r=0.03 wsp2=-0.50 ddelta=[0.0000 -0.0000 0.0000]
INFO  [mc_indi_tiltrotor] T0dbg1 G0=[-0.256 0.227 0.020 0.156 -0.988] nu_des=[-0.00 0.01 -0.26 -4.08 0.00]
INFO  [mc_indi_tiltrotor] T0dbg2 Ws34=[0.1 20.0] Wu0=1.0 du0=0.0076 dmin0=-26.0639 dmax0=18.9361
INFO  [mc_indi_tiltrotor] T2dbg1 G2=[-0.000 -0.650 0.060 0.000 -1.000] G5=[-1.994 -2.327 -0.000 33.236 0.000]
INFO  [mc_indi_tiltrotor] T2dbg2 Wu25=[1.0 1000000.0] du25=[-0.0072 0.0000] dmax25=[11.7635 0.0120] nu_yaw=-0.263
INFO  [mc_indi_tiltrotor] WRdbg0 Wu0=1 lo0=-26.06 du0=0.0076 pin0=0.000 a0=[0.006 0.003 -0.000 -0.000 -0.002]
INFO  [mc_indi_tiltrotor] WRdbg1 Wu1=1 lo1=-26.26 du1=-0.0052 pin1=0.000 a1=[-0.006 0.003 0.000 -0.000 -0.002]
INFO  [mc_indi_tiltrotor] T0dbg1 G0=[-0.256 0.227 0.020 0.156 -0.988] nu_des=[-0.00 0.01 -0.27 -4.08 0.01]
INFO  [mc_indi_tiltrotor] T0dbg2 Ws34=[0.1 20.0] Wu0=1.0 du0=0.0016 dmin0=-26.0957 dmax0=18.9043
INFO  [mc_indi_tiltrotor] T2dbg1 G2=[-0.000 -0.650 0.060 0.000 -1.000] G5=[-1.992 -2.324 -0.000 33.202 0.000]
INFO  [mc_indi_tiltrotor] T2dbg2 Wu25=[1.0 1000000.0] du25=[-0.0085 0.0000] dmax25=[11.7975 0.0120] nu_yaw=-0.266
INFO  [mc_indi_tiltrotor] WRdbg0 Wu0=1 lo0=-26.10 du0=0.0016 pin0=0.000 a0=[0.002 0.003 -0.000 -0.000 -0.003]
INFO  [mc_indi_tiltrotor] WRdbg1 Wu1=1 lo1=-26.30 du1=-0.0020 pin1=0.000 a1=[-0.002 0.003 0.000 -0.000 -0.003]
INFO  [mc_indi_tiltrotor] YWdbg nu2=-0.268 ach2=-0.001 r=0.03 wsp2=-0.50 ddelta=[0.0000 -0.0000 -0.0000]
INFO  [mc_indi_tiltrotor] T0dbg1 G0=[-0.256 0.227 0.020 0.156 -0.988] nu_des=[-0.00 0.01 -0.26 -4.09 0.01]
INFO  [mc_indi_tiltrotor] T0dbg2 Ws34=[0.1 20.0] Wu0=1.0 du0=0.0014 dmin0=-26.1264 dmax0=18.8736
INFO  [mc_indi_tiltrotor] T2dbg1 G2=[-0.000 -0.650 0.060 0.000 -1.000] G5=[-1.994 -2.327 -0.000 33.241 0.000]
INFO  [mc_indi_tiltrotor] T2dbg2 Wu25=[1.0 1000000.0] du25=[-0.0099 -0.0000] dmax25=[11.7594 0.0120] nu_yaw=-0.256
INFO  [mc_indi_tiltrotor] WRdbg0 Wu0=1 lo0=-26.13 du0=0.0014 pin0=0.000 a0=[0.001 0.004 -0.000 -0.000 -0.003]
INFO  [mc_indi_tiltrotor] WRdbg1 Wu1=1 lo1=-26.33 du1=-0.0009 pin1=0.000 a1=[-0.001 0.004 0.000 -0.000 -0.004]
INFO  [mc_indi_tiltrotor] T0dbg1 G0=[-0.256 0.227 0.020 0.156 -0.988] nu_des=[0.00 0.01 -0.27 -4.09 0.01]
INFO  [mc_indi_tiltrotor] T0dbg2 Ws34=[0.1 20.0] Wu0=1.0 du0=-0.0074 dmin0=-26.1561 dmax0=18.8439
INFO  [mc_indi_tiltrotor] T2dbg1 G2=[-0.000 -0.650 0.060 0.000 -1.000] G5=[-1.995 -2.327 -0.000 33.246 0.000]
INFO  [mc_indi_tiltrotor] T2dbg2 Wu25=[1.0 1000000.0] du25=[-0.0093 -0.0000] dmax25=[11.7538 0.0120] nu_yaw=-0.270
INFO  [mc_indi_tiltrotor] WRdbg0 Wu0=1 lo0=-26.16 du0=-0.0074 pin0=0.000 a0=[-0.008 0.004 -0.000 -0.000 -0.003]
INFO  [mc_indi_tiltrotor] WRdbg1 Wu1=1 lo1=-26.33 du1=0.0094 pin1=0.000 a1=[0.008 0.004 0.000 -0.000 -0.003]
INFO  [mc_indi_tiltrotor] YWdbg nu2=-0.268 ach2=-0.001 r=0.03 wsp2=-0.50 ddelta=[0.0000 -0.0000 -0.0000]
INFO  [mc_indi_tiltrotor] T0dbg1 G0=[-0.256 0.227 0.020 0.156 -0.988] nu_des=[0.00 -0.00 -0.26 -4.09 0.01]
INFO  [mc_indi_tiltrotor] T0dbg2 Ws34=[0.1 20.0] Wu0=1.0 du0=-0.0055 dmin0=-26.1525 dmax0=18.8475
INFO  [mc_indi_tiltrotor] T2dbg1 G2=[-0.000 -0.650 0.060 0.000 -1.000] G5=[-1.994 -2.326 -0.000 33.234 0.000]
INFO  [mc_indi_tiltrotor] T2dbg2 Wu25=[1.0 1000000.0] du25=[0.0009 -0.0000] dmax25=[11.7661 0.0120] nu_yaw=-0.263
INFO  [mc_indi_tiltrotor] WRdbg0 Wu0=1 lo0=-26.15 du0=-0.0055 pin0=0.000 a0=[-0.002 -0.001 -0.000 -0.000 -0.002]
INFO  [mc_indi_tiltrotor] WRdbg1 Wu1=1 lo1=-26.35 du1=-0.0014 pin1=0.000 a1=[0.002 -0.001 0.000 -0.000 -0.002]
INFO  [mc_indi_tiltrotor] T0dbg1 G0=[-0.256 0.227 0.020 0.156 -0.988] nu_des=[0.01 0.00 -0.26 -4.09 0.01]
INFO  [mc_indi_tiltrotor] T0dbg2 Ws34=[0.1 20.0] Wu0=1.0 du0=-0.0153 dmin0=-26.1407 dmax0=18.8593
INFO  [mc_indi_tiltrotor] T2dbg1 G2=[-0.000 -0.650 0.060 0.000 -1.000] G5=[-1.993 -2.325 -0.000 33.213 0.000]
INFO  [mc_indi_tiltrotor] T2dbg2 Wu25=[1.0 1000000.0] du25=[-0.0052 -0.0000] dmax25=[11.7871 0.0120] nu_yaw=-0.263
INFO  [mc_indi_tiltrotor] WRdbg0 Wu0=1 lo0=-26.14 du0=-0.0153 pin0=0.000 a0=[-0.012 0.001 -0.000 -0.000 -0.005]
INFO  [mc_indi_tiltrotor] WRdbg1 Wu1=1 lo1=-26.33 du1=0.0080 pin1=0.000 a1=[0.012 0.001 0.000 -0.000 -0.005]
INFO  [mc_indi_tiltrotor] YWdbg nu2=-0.262 ach2=0.001 r=0.03 wsp2=-0.50 ddelta=[0.0000 -0.0000 0.0000]
INFO  [mc_indi_tiltrotor] T0dbg1 G0=[-0.256 0.227 0.020 0.156 -0.988] nu_des=[0.00 0.00 -0.26 -4.09 0.01]
INFO  [mc_indi_tiltrotor] T0dbg2 Ws34=[0.1 20.0] Wu0=1.0 du0=-0.0081 dmin0=-26.1235 dmax0=18.8765
INFO  [mc_indi_tiltrotor] T2dbg1 G2=[-0.000 -0.650 0.060 0.000 -1.000] G5=[-1.992 -2.324 -0.000 33.193 0.000]
INFO  [mc_indi_tiltrotor] T2dbg2 Wu25=[1.0 1000000.0] du25=[-0.0021 -0.0000] dmax25=[11.8069 0.0120] nu_yaw=-0.264
INFO  [mc_indi_tiltrotor] WRdbg0 Wu0=1 lo0=-26.12 du0=-0.0081 pin0=0.000 a0=[-0.006 0.000 -0.000 -0.000 -0.002]
INFO  [mc_indi_tiltrotor] WRdbg1 Wu1=1 lo1=-26.33 du1=0.0042 pin1=0.000 a1=[0.006 0.000 0.000 -0.000 -0.002]
INFO  [mc_indi_tiltrotor] T0dbg1 G0=[-0.256 0.227 0.020 0.156 -0.988] nu_des=[0.00 0.00 -0.27 -4.09 0.01]
INFO  [mc_indi_tiltrotor] T0dbg2 Ws34=[0.1 20.0] Wu0=1.0 du0=-0.0095 dmin0=-26.1476 dmax0=18.8524
INFO  [mc_indi_tiltrotor] T2dbg1 G2=[-0.000 -0.650 0.060 0.000 -1.000] G5=[-1.993 -2.325 -0.000 33.215 0.000]
INFO  [mc_indi_tiltrotor] T2dbg2 Wu25=[1.0 1000000.0] du25=[-0.0033 -0.0000] dmax25=[11.7848 0.0120] nu_yaw=-0.273
INFO  [mc_indi_tiltrotor] WRdbg0 Wu0=1 lo0=-26.15 du0=-0.0095 pin0=0.000 a0=[-0.008 0.001 -0.000 -0.000 -0.003]
INFO  [mc_indi_tiltrotor] WRdbg1 Wu1=1 lo1=-26.36 du1=0.0056 pin1=0.000 a1=[0.008 0.001 0.000 -0.000 -0.003]
INFO  [mc_indi_tiltrotor] YWdbg nu2=-0.265 ach2=0.001 r=0.03 wsp2=-0.50 ddelta=[0.0000 -0.0000 0.0000]
INFO  [mc_indi_tiltrotor] T0dbg1 G0=[-0.256 0.227 0.020 0.156 -0.988] nu_des=[-0.01 -0.01 -0.26 -4.09 0.01]
INFO  [mc_indi_tiltrotor] T0dbg2 Ws34=[0.1 20.0] Wu0=1.0 du0=0.0086 dmin0=-26.1482 dmax0=18.8518
INFO  [mc_indi_tiltrotor] T2dbg1 G2=[-0.000 -0.650 0.060 0.000 -1.000] G5=[-1.993 -2.325 -0.000 33.211 0.000]
INFO  [mc_indi_tiltrotor] T2dbg2 Wu25=[1.0 1000000.0] du25=[0.0050 0.0000] dmax25=[11.7885 0.0120] nu_yaw=-0.257
INFO  [mc_indi_tiltrotor] WRdbg0 Wu0=1 lo0=-26.15 du0=0.0086 pin0=0.000 a0=[0.016 -0.004 -0.000 -0.000 -0.004]
INFO  [mc_indi_tiltrotor] WRdbg1 Wu1=1 lo1=-26.35 du1=-0.0244 pin1=0.000 a1=[-0.016 -0.004 0.000 -0.000 -0.004]
INFO  [mc_indi_tiltrotor] back-transition: state 1 -> 2 (v_h=12.2, v_fwd=+12.1 m/s, ceil=9.0 deg) [via FLOOR_DWELL backstop]
WARN  [mc_indi_tiltrotor] back-transition: RETRACT never reached BT_RELEASE_V (10.0 m/s) in 20.0 s at the floor
INFO  [mc_indi_tiltrotor] T0dbg1 G0=[-0.257 0.227 0.013 0.185 -0.983] nu_des=[0.01 0.05 -0.14 -4.75 1.03]
INFO  [mc_indi_tiltrotor] T0dbg2 Ws34=[0.1 20.0] Wu0=1.0 du0=-0.3373 dmin0=-25.3204 dmax0=19.6796
INFO  [mc_indi_tiltrotor] T2dbg1 G2=[-0.000 -0.650 0.060 0.000 -1.000] G5=[-1.795 -2.094 -0.000 29.911 0.000]
INFO  [mc_indi_tiltrotor] T2dbg2 Wu25=[1.0 1000000.0] du25=[-0.2784 0.0000] dmax25=[15.0892 0.0120] nu_yaw=-0.143
INFO  [mc_indi_tiltrotor] WRdbg0 Wu0=1 lo0=-25.32 du0=-0.3373 pin0=0.036 a0=[-0.022 0.028 -0.000 -0.000 -0.379]
INFO  [mc_indi_tiltrotor] WRdbg1 Wu1=1 lo1=-25.84 du1=-0.3600 pin1=-0.021 a1=[0.022 0.029 0.000 -0.000 -0.389]
INFO  [mc_indi_tiltrotor] YWdbg nu2=-0.142 ach2=-0.117 r=-0.12 wsp2=-0.50 ddelta=[0.0120 -0.0033 -0.0000]
INFO  [mc_indi_tiltrotor] T0dbg1 G0=[-0.257 0.228 0.002 0.224 -0.975] nu_des=[-0.01 0.10 -0.31 -4.54 0.60]
INFO  [mc_indi_tiltrotor] T0dbg2 Ws34=[0.1 20.0] Wu0=1.0 du0=-0.1342 dmin0=-20.1576 dmax0=24.8424
INFO  [mc_indi_tiltrotor] T2dbg1 G2=[-0.000 -0.650 0.060 0.000 -1.000] G5=[-1.473 -1.718 -0.000 24.546 0.001]
INFO  [mc_indi_tiltrotor] T2dbg2 Wu25=[1.0 1000000.0] du25=[-0.2504 -0.0000] dmax25=[20.4535 0.0120] nu_yaw=-0.313
INFO  [mc_indi_tiltrotor] WRdbg0 Wu0=1 lo0=-20.16 du0=-0.1342 pin0=0.016 a0=[0.015 0.056 0.000 -0.000 -0.221]
INFO  [mc_indi_tiltrotor] WRdbg1 Wu1=1 lo1=-21.12 du1=-0.1608 pin1=0.023 a1=[-0.015 0.057 0.000 -0.000 -0.227]
INFO  [mc_indi_tiltrotor] T0dbg1 G0=[-0.257 0.228 -0.008 0.263 -0.965] nu_des=[-0.00 -0.06 -0.19 -5.08 0.02]
INFO  [mc_indi_tiltrotor] T0dbg2 Ws34=[0.1 20.0] Wu0=1.0 du0=-0.0094 dmin0=-19.3040 dmax0=25.6960
INFO  [mc_indi_tiltrotor] T2dbg1 G2=[-0.000 -0.650 0.060 0.000 -1.000] G5=[-1.402 -1.636 -0.000 23.373 0.000]
INFO  [mc_indi_tiltrotor] T2dbg2 Wu25=[1.0 1000000.0] du25=[0.0768 -0.0000] dmax25=[21.6269 0.0120] nu_yaw=-0.187
INFO  [mc_indi_tiltrotor] WRdbg0 Wu0=1 lo0=-19.30 du0=-0.0094 pin0=0.026 a0=[0.005 -0.033 0.000 -0.000 -0.008]
INFO  [mc_indi_tiltrotor] WRdbg1 Wu1=1 lo1=-20.08 du1=-0.0270 pin1=0.020 a1=[-0.005 -0.034 0.000 -0.000 -0.008]
INFO  [mc_indi_tiltrotor] YWdbg nu2=-0.186 ach2=-0.066 r=-0.02 wsp2=-0.50 ddelta=[0.0120 -0.0000 -0.0000]
INFO  [mc_indi_tiltrotor] T0dbg1 G0=[-0.256 0.228 -0.018 0.302 -0.953] nu_des=[0.01 0.06 -0.17 -6.15 0.08]
INFO  [mc_indi_tiltrotor] T0dbg2 Ws34=[0.1 20.0] Wu0=1.0 du0=0.0293 dmin0=-20.3827 dmax0=24.6173
INFO  [mc_indi_tiltrotor] T2dbg1 G2=[-0.000 -0.650 0.060 0.000 -1.000] G5=[-1.420 -1.657 -0.000 23.666 0.000]
INFO  [mc_indi_tiltrotor] T2dbg2 Wu25=[1.0 1000000.0] du25=[-0.0790 -0.0000] dmax25=[21.3336 0.0120] nu_yaw=-0.171
INFO  [mc_indi_tiltrotor] WRdbg0 Wu0=1 lo0=-20.38 du0=0.0293 pin0=0.038 a0=[-0.014 0.037 0.000 -0.000 -0.032]
INFO  [mc_indi_tiltrotor] WRdbg1 Wu1=1 lo1=-21.54 du1=0.0402 pin1=0.021 a1=[0.014 0.038 0.000 -0.000 -0.032]
INFO  [mc_indi_tiltrotor] T0dbg1 G0=[-0.256 0.227 -0.028 0.337 -0.941] nu_des=[0.01 0.01 -0.25 -7.02 0.05]
INFO  [mc_indi_tiltrotor] T0dbg2 Ws34=[0.1 20.0] Wu0=1.0 du0=-0.0135 dmin0=-20.8371 dmax0=24.1629
INFO  [mc_indi_tiltrotor] T2dbg1 G2=[-0.000 -0.650 0.060 0.000 -1.000] G5=[-1.410 -1.645 -0.000 23.497 0.000]
INFO  [mc_indi_tiltrotor] T2dbg2 Wu25=[1.0 1000000.0] du25=[-0.0138 -0.0000] dmax25=[21.5035 0.0120] nu_yaw=-0.245
INFO  [mc_indi_tiltrotor] WRdbg0 Wu0=1 lo0=-20.84 du0=-0.0135 pin0=0.021 a0=[-0.019 0.004 0.000 -0.000 -0.019]
INFO  [mc_indi_tiltrotor] WRdbg1 Wu1=1 lo1=-22.31 du1=0.0126 pin1=0.009 a1=[0.019 0.004 0.000 -0.000 -0.019]
INFO  [mc_indi_tiltrotor] YWdbg nu2=-0.255 ach2=-0.025 r=-0.08 wsp2=-0.50 ddelta=[0.0045 -0.0000 -0.0000]
INFO  [mc_indi_tiltrotor] T0dbg1 G0=[-0.255 0.227 -0.029 0.342 -0.940] nu_des=[0.00 0.01 -0.26 -7.18 0.01]
INFO  [mc_indi_tiltrotor] T0dbg2 Ws34=[0.1 20.0] Wu0=1.0 du0=-0.0072 dmin0=-21.0059 dmax0=23.9941
INFO  [mc_indi_tiltrotor] T2dbg1 G2=[-0.000 -0.650 0.060 0.000 -1.000] G5=[-1.395 -1.627 -0.000 23.247 0.000]
INFO  [mc_indi_tiltrotor] T2dbg2 Wu25=[1.0 1000000.0] du25=[-0.0139 -0.0000] dmax25=[21.7535 0.0120] nu_yaw=-0.262
INFO  [mc_indi_tiltrotor] WRdbg0 Wu0=1 lo0=-21.01 du0=-0.0072 pin0=0.001 a0=[-0.009 0.006 0.000 -0.000 -0.004]
INFO  [mc_indi_tiltrotor] WRdbg1 Wu1=1 lo1=-22.28 du1=0.0104 pin1=0.000 a1=[0.009 0.006 0.000 -0.000 -0.004]
INFO  [mc_indi_tiltrotor] T0dbg1 G0=[-0.255 0.227 -0.029 0.342 -0.940] nu_des=[0.00 0.01 -0.21 -7.26 0.00]
INFO  [mc_indi_tiltrotor] T0dbg2 Ws34=[0.1 20.0] Wu0=1.0 du0=-0.0039 dmin0=-21.2289 dmax0=23.7711
INFO  [mc_indi_tiltrotor] T2dbg1 G2=[-0.000 -0.650 0.060 0.000 -1.000] G5=[-1.386 -1.617 -0.000 23.105 0.000]
INFO  [mc_indi_tiltrotor] T2dbg2 Wu25=[1.0 1000000.0] du25=[-0.0083 -0.0000] dmax25=[21.8945 0.0120] nu_yaw=-0.210
INFO  [mc_indi_tiltrotor] WRdbg0 Wu0=1 lo0=-21.23 du0=-0.0039 pin0=0.000 a0=[-0.006 0.004 0.000 -0.000 -0.001]
INFO  [mc_indi_tiltrotor] WRdbg1 Wu1=1 lo1=-22.42 du1=0.0081 pin1=0.000 a1=[0.006 0.004 0.000 -0.000 -0.002]
INFO  [mc_indi_tiltrotor] YWdbg nu2=-0.220 ach2=-0.001 r=-0.03 wsp2=-0.50 ddelta=[0.0000 -0.0000 -0.0000]
INFO  [mc_indi_tiltrotor] T0dbg1 G0=[-0.255 0.227 -0.029 0.342 -0.940] nu_des=[0.00 0.01 -0.24 -7.30 0.00]
INFO  [mc_indi_tiltrotor] T0dbg2 Ws34=[0.1 20.0] Wu0=1.0 du0=0.0016 dmin0=-21.3371 dmax0=23.6629
INFO  [mc_indi_tiltrotor] T2dbg1 G2=[-0.000 -0.650 0.060 0.000 -1.000] G5=[-1.377 -1.607 -0.000 22.952 0.000]
INFO  [mc_indi_tiltrotor] T2dbg2 Wu25=[1.0 1000000.0] du25=[-0.0073 -0.0000] dmax25=[22.0484 0.0120] nu_yaw=-0.239
INFO  [mc_indi_tiltrotor] WRdbg0 Wu0=1 lo0=-21.34 du0=0.0016 pin0=0.000 a0=[-0.000 0.003 0.000 -0.000 -0.001]
INFO  [mc_indi_tiltrotor] WRdbg1 Wu1=1 lo1=-22.65 du1=0.0024 pin1=0.000 a1=[0.000 0.003 0.000 -0.000 -0.001]
INFO  [mc_indi_tiltrotor] T0dbg1 G0=[-0.255 0.227 -0.029 0.342 -0.940] nu_des=[-0.01 0.00 -0.23 -7.35 0.00]
INFO  [mc_indi_tiltrotor] T0dbg2 Ws34=[0.1 20.0] Wu0=1.0 du0=0.0131 dmin0=-21.4839 dmax0=23.5161
INFO  [mc_indi_tiltrotor] T2dbg1 G2=[-0.000 -0.650 0.060 0.000 -1.000] G5=[-1.368 -1.595 -0.000 22.793 0.000]
INFO  [mc_indi_tiltrotor] T2dbg2 Wu25=[1.0 1000000.0] du25=[-0.0016 0.0000] dmax25=[22.2074 0.0120] nu_yaw=-0.234
INFO  [mc_indi_tiltrotor] WRdbg0 Wu0=1 lo0=-21.48 du0=0.0131 pin0=0.000 a0=[0.014 0.001 0.000 -0.000 -0.001]
INFO  [mc_indi_tiltrotor] WRdbg1 Wu1=1 lo1=-22.81 du1=-0.0141 pin1=0.000 a1=[-0.013 0.001 0.000 -0.000 -0.001]
INFO  [mc_indi_tiltrotor] YWdbg nu2=-0.237 ach2=-0.000 r=-0.02 wsp2=-0.50 ddelta=[0.0000 -0.0000 0.0000]
INFO  [mc_indi_tiltrotor] T0dbg1 G0=[-0.255 0.227 -0.029 0.342 -0.940] nu_des=[0.01 0.02 -0.22 -7.39 0.02]
INFO  [mc_indi_tiltrotor] T0dbg2 Ws34=[0.1 20.0] Wu0=1.0 du0=-0.0103 dmin0=-21.6090 dmax0=23.3910
INFO  [mc_indi_tiltrotor] T2dbg1 G2=[-0.000 -0.650 0.060 0.000 -1.000] G5=[-1.358 -1.584 -0.000 22.630 0.000]
INFO  [mc_indi_tiltrotor] T2dbg2 Wu25=[1.0 1000000.0] du25=[-0.0267 -0.0000] dmax25=[22.3701 0.0120] nu_yaw=-0.225
INFO  [mc_indi_tiltrotor] WRdbg0 Wu0=1 lo0=-21.61 du0=-0.0103 pin0=0.000 a0=[-0.016 0.011 0.000 -0.000 -0.006]
INFO  [mc_indi_tiltrotor] WRdbg1 Wu1=1 lo1=-22.91 du1=0.0211 pin1=0.000 a1=[0.015 0.012 0.000 -0.000 -0.006]
INFO  [mc_indi_tiltrotor] YWdbg nu2=-0.226 ach2=0.000 r=-0.03 wsp2=-0.50 ddelta=[0.0000 -0.0000 0.0000]
INFO  [mc_indi_tiltrotor] T0dbg1 G0=[-0.255 0.227 -0.029 0.342 -0.940] nu_des=[-0.00 0.00 -0.22 -7.44 -0.01]
INFO  [mc_indi_tiltrotor] T0dbg2 Ws34=[0.1 20.0] Wu0=1.0 du0=0.0112 dmin0=-21.7394 dmax0=23.2606
INFO  [mc_indi_tiltrotor] T2dbg1 G2=[-0.000 -0.650 0.060 0.000 -1.000] G5=[-1.349 -1.574 -0.000 22.479 0.000]
INFO  [mc_indi_tiltrotor] T2dbg2 Wu25=[1.0 1000000.0] du25=[0.0021 0.0000] dmax25=[22.5208 0.0120] nu_yaw=-0.222
INFO  [mc_indi_tiltrotor] WRdbg0 Wu0=1 lo0=-21.74 du0=0.0112 pin0=0.000 a0=[0.008 0.000 0.000 -0.000 0.003]
INFO  [mc_indi_tiltrotor] WRdbg1 Wu1=1 lo1=-23.05 du1=-0.0042 pin1=0.000 a1=[-0.008 0.000 0.000 -0.000 0.003]
INFO  [mc_indi_tiltrotor] T0dbg1 G0=[-0.255 0.227 -0.029 0.342 -0.940] nu_des=[0.00 0.02 -0.23 -7.47 -0.00]
INFO  [mc_indi_tiltrotor] T0dbg2 Ws34=[0.1 20.0] Wu0=1.0 du0=0.0047 dmin0=-21.8330 dmax0=23.1670
INFO  [mc_indi_tiltrotor] T2dbg1 G2=[-0.000 -0.650 0.060 0.000 -1.000] G5=[-1.341 -1.565 -0.000 22.358 0.000]
INFO  [mc_indi_tiltrotor] T2dbg2 Wu25=[1.0 1000000.0] du25=[-0.0182 -0.0000] dmax25=[22.6423 0.0120] nu_yaw=-0.232
INFO  [mc_indi_tiltrotor] WRdbg0 Wu0=1 lo0=-21.83 du0=0.0047 pin0=0.000 a0=[-0.005 0.009 0.000 -0.000 0.001]
INFO  [mc_indi_tiltrotor] WRdbg1 Wu1=1 lo1=-23.17 du1=0.0156 pin1=0.000 a1=[0.005 0.010 0.000 -0.000 0.001]
INFO  [mc_indi_tiltrotor] YWdbg nu2=-0.225 ach2=0.001 r=-0.03 wsp2=-0.49 ddelta=[0.0000 -0.0000 0.0000]
INFO  [mc_indi_tiltrotor] T0dbg1 G0=[-0.255 0.227 -0.029 0.342 -0.940] nu_des=[0.00 0.00 -0.22 -7.52 -0.00]
INFO  [mc_indi_tiltrotor] T0dbg2 Ws34=[0.1 20.0] Wu0=1.0 du0=-0.0038 dmin0=-21.9934 dmax0=23.0066
INFO  [mc_indi_tiltrotor] T2dbg1 G2=[-0.000 -0.650 0.060 0.000 -1.000] G5=[-1.337 -1.560 -0.000 22.292 0.000]
INFO  [mc_indi_tiltrotor] T2dbg2 Wu25=[1.0 1000000.0] du25=[-0.0045 -0.0000] dmax25=[22.7084 0.0120] nu_yaw=-0.220
INFO  [mc_indi_tiltrotor] WRdbg0 Wu0=1 lo0=-21.99 du0=-0.0038 pin0=0.000 a0=[-0.008 0.003 0.000 -0.000 0.002]
INFO  [mc_indi_tiltrotor] WRdbg1 Wu1=1 lo1=-23.34 du1=0.0129 pin1=0.000 a1=[0.008 0.003 0.000 -0.000 0.002]
INFO  [mc_indi_tiltrotor] T0dbg1 G0=[-0.255 0.227 -0.029 0.342 -0.940] nu_des=[0.00 -0.01 -0.21 -7.57 0.00]
INFO  [mc_indi_tiltrotor] T0dbg2 Ws34=[0.1 20.0] Wu0=1.0 du0=-0.0111 dmin0=-22.1346 dmax0=22.8654
INFO  [mc_indi_tiltrotor] T2dbg1 G2=[-0.000 -0.650 0.060 0.000 -1.000] G5=[-1.334 -1.556 -0.000 22.227 0.000]
INFO  [mc_indi_tiltrotor] T2dbg2 Wu25=[1.0 1000000.0] du25=[0.0079 -0.0000] dmax25=[22.7732 0.0120] nu_yaw=-0.214
INFO  [mc_indi_tiltrotor] WRdbg0 Wu0=1 lo0=-22.13 du0=-0.0111 pin0=0.000 a0=[-0.006 -0.004 0.000 -0.000 -0.001]
INFO  [mc_indi_tiltrotor] WRdbg1 Wu1=1 lo1=-23.48 du1=0.0012 pin1=0.000 a1=[0.006 -0.004 0.000 -0.000 -0.001]
INFO  [mc_indi_tiltrotor] YWdbg nu2=-0.196 ach2=-0.002 r=-0.03 wsp2=-0.44 ddelta=[0.0000 -0.0000 -0.0000]
INFO  [mc_indi_tiltrotor] T0dbg1 G0=[-0.255 0.227 -0.029 0.342 -0.940] nu_des=[0.00 0.01 -0.20 -7.61 0.01]
INFO  [mc_indi_tiltrotor] T0dbg2 Ws34=[0.1 20.0] Wu0=1.0 du0=-0.0064 dmin0=-22.2357 dmax0=22.7643
INFO  [mc_indi_tiltrotor] T2dbg1 G2=[-0.000 -0.650 0.060 0.000 -1.000] G5=[-1.329 -1.551 -0.000 22.152 0.000]
INFO  [mc_indi_tiltrotor] T2dbg2 Wu25=[1.0 1000000.0] du25=[-0.0100 -0.0000] dmax25=[22.8477 0.0120] nu_yaw=-0.203
INFO  [mc_indi_tiltrotor] WRdbg0 Wu0=1 lo0=-22.24 du0=-0.0064 pin0=0.000 a0=[-0.006 0.004 0.000 -0.000 -0.004]
INFO  [mc_indi_tiltrotor] WRdbg1 Wu1=1 lo1=-23.60 du1=0.0052 pin1=0.000 a1=[0.006 0.004 0.000 -0.000 -0.004]
INFO  [mc_indi_tiltrotor] T0dbg1 G0=[-0.255 0.227 -0.029 0.342 -0.940] nu_des=[0.01 0.01 -0.18 -7.64 -0.00]
INFO  [mc_indi_tiltrotor] T0dbg2 Ws34=[0.1 20.0] Wu0=1.0 du0=-0.0126 dmin0=-22.3287 dmax0=22.6713
INFO  [mc_indi_tiltrotor] T2dbg1 G2=[-0.000 -0.650 0.060 0.000 -1.000] G5=[-1.324 -1.545 -0.000 22.070 0.000]
INFO  [mc_indi_tiltrotor] T2dbg2 Wu25=[1.0 1000000.0] du25=[-0.0081 -0.0000] dmax25=[22.9300 0.0120] nu_yaw=-0.183
INFO  [mc_indi_tiltrotor] WRdbg0 Wu0=1 lo0=-22.33 du0=-0.0126 pin0=0.000 a0=[-0.018 0.004 0.000 -0.000 0.001]
INFO  [mc_indi_tiltrotor] WRdbg1 Wu1=1 lo1=-23.70 du1=0.0225 pin1=0.000 a1=[0.017 0.004 0.000 -0.000 0.001]
INFO  [mc_indi_tiltrotor] YWdbg nu2=-0.176 ach2=0.001 r=-0.04 wsp2=-0.39 ddelta=[0.0000 -0.0000 0.0000]
INFO  [mc_indi_tiltrotor] T0dbg1 G0=[-0.255 0.227 -0.029 0.342 -0.940] nu_des=[0.00 0.01 -0.17 -7.66 -0.00]
INFO  [mc_indi_tiltrotor] T0dbg2 Ws34=[0.1 20.0] Wu0=1.0 du0=0.0046 dmin0=-22.3920 dmax0=22.6080
INFO  [mc_indi_tiltrotor] T2dbg1 G2=[-0.000 -0.650 0.060 0.000 -1.000] G5=[-1.322 -1.542 -0.000 22.028 0.000]
INFO  [mc_indi_tiltrotor] T2dbg2 Wu25=[1.0 1000000.0] du25=[-0.0111 -0.0000] dmax25=[22.9722 0.0120] nu_yaw=-0.168
INFO  [mc_indi_tiltrotor] WRdbg0 Wu0=1 lo0=-22.39 du0=0.0046 pin0=0.000 a0=[-0.001 0.006 0.000 -0.000 0.000]
INFO  [mc_indi_tiltrotor] WRdbg1 Wu1=1 lo1=-23.79 du1=0.0071 pin1=0.000 a1=[0.001 0.006 0.000 -0.000 0.000]
INFO  [mc_indi_tiltrotor] T0dbg1 G0=[-0.255 0.227 -0.029 0.342 -0.940] nu_des=[0.00 -0.00 -0.16 -7.71 0.00]
INFO  [mc_indi_tiltrotor] T0dbg2 Ws34=[0.1 20.0] Wu0=1.0 du0=-0.0106 dmin0=-22.5472 dmax0=22.4528
INFO  [mc_indi_tiltrotor] T2dbg1 G2=[-0.000 -0.650 0.060 0.000 -1.000] G5=[-1.320 -1.540 -0.000 21.997 0.000]
INFO  [mc_indi_tiltrotor] T2dbg2 Wu25=[1.0 1000000.0] du25=[0.0023 -0.0000] dmax25=[23.0028 0.0120] nu_yaw=-0.157
INFO  [mc_indi_tiltrotor] WRdbg0 Wu0=1 lo0=-22.55 du0=-0.0106 pin0=0.000 a0=[-0.008 -0.002 0.000 -0.000 -0.001]
INFO  [mc_indi_tiltrotor] WRdbg1 Wu1=1 lo1=-23.91 du1=0.0057 pin1=0.000 a1=[0.008 -0.002 0.000 -0.000 -0.001]
INFO  [mc_indi_tiltrotor] YWdbg nu2=-0.147 ach2=-0.001 r=-0.04 wsp2=-0.33 ddelta=[0.0000 -0.0000 -0.0000]
INFO  [mc_indi_tiltrotor] T0dbg1 G0=[-0.255 0.227 -0.029 0.342 -0.940] nu_des=[-0.00 0.00 -0.15 -7.73 0.00]
INFO  [mc_indi_tiltrotor] T0dbg2 Ws34=[0.1 20.0] Wu0=1.0 du0=0.0024 dmin0=-22.5976 dmax0=22.4024
INFO  [mc_indi_tiltrotor] T2dbg1 G2=[-0.000 -0.650 0.060 0.000 -1.000] G5=[-1.317 -1.537 -0.000 21.954 0.000]
INFO  [mc_indi_tiltrotor] T2dbg2 Wu25=[1.0 1000000.0] du25=[-0.0029 -0.0000] dmax25=[23.0465 0.0120] nu_yaw=-0.146
INFO  [mc_indi_tiltrotor] WRdbg0 Wu0=1 lo0=-22.60 du0=0.0024 pin0=0.000 a0=[0.002 0.001 0.000 -0.000 -0.001]
INFO  [mc_indi_tiltrotor] WRdbg1 Wu1=1 lo1=-24.00 du1=-0.0025 pin1=0.000 a1=[-0.002 0.001 0.000 -0.000 -0.001]
INFO  [mc_indi_tiltrotor] T0dbg1 G0=[-0.255 0.227 -0.029 0.342 -0.940] nu_des=[0.01 0.01 -0.13 -7.76 0.01]
INFO  [mc_indi_tiltrotor] T0dbg2 Ws34=[0.1 20.0] Wu0=1.0 du0=-0.0212 dmin0=-22.6762 dmax0=22.3238
INFO  [mc_indi_tiltrotor] T2dbg1 G2=[-0.000 -0.650 0.060 0.000 -1.000] G5=[-1.314 -1.533 -0.000 21.903 0.000]
INFO  [mc_indi_tiltrotor] T2dbg2 Wu25=[1.0 1000000.0] du25=[-0.0095 -0.0000] dmax25=[23.0970 0.0120] nu_yaw=-0.129
INFO  [mc_indi_tiltrotor] WRdbg0 Wu0=1 lo0=-22.68 du0=-0.0212 pin0=0.000 a0=[-0.021 0.003 0.000 -0.000 -0.004]
INFO  [mc_indi_tiltrotor] WRdbg1 Wu1=1 lo1=-24.06 du1=0.0193 pin1=0.000 a1=[0.020 0.003 0.000 -0.000 -0.004]
INFO  [mc_indi_tiltrotor] YWdbg nu2=-0.120 ach2=0.000 r=-0.04 wsp2=-0.28 ddelta=[0.0000 -0.0000 -0.0000]
INFO  [mc_indi_tiltrotor] T0dbg1 G0=[-0.255 0.227 -0.029 0.342 -0.940] nu_des=[-0.00 0.01 -0.12 -7.76 0.01]
INFO  [mc_indi_tiltrotor] T0dbg2 Ws34=[0.1 20.0] Wu0=1.0 du0=0.0077 dmin0=-22.6966 dmax0=22.3034
INFO  [mc_indi_tiltrotor] T2dbg1 G2=[-0.000 -0.650 0.060 0.000 -1.000] G5=[-1.310 -1.528 -0.000 21.836 0.000]
INFO  [mc_indi_tiltrotor] T2dbg2 Wu25=[1.0 1000000.0] du25=[-0.0197 -0.0000] dmax25=[23.1643 0.0120] nu_yaw=-0.116
INFO  [mc_indi_tiltrotor] WRdbg0 Wu0=1 lo0=-22.70 du0=0.0077 pin0=0.000 a0=[0.004 0.009 0.000 -0.000 -0.005]
INFO  [mc_indi_tiltrotor] WRdbg1 Wu1=1 lo1=-24.07 du1=0.0006 pin1=0.000 a1=[-0.004 0.009 0.000 -0.000 -0.005]
INFO  [mc_indi_tiltrotor] T0dbg1 G0=[-0.255 0.227 -0.029 0.342 -0.940] nu_des=[0.00 -0.00 -0.11 -7.78 0.01]
INFO  [mc_indi_tiltrotor] T0dbg2 Ws34=[0.1 20.0] Wu0=1.0 du0=-0.0074 dmin0=-22.7489 dmax0=22.2511
INFO  [mc_indi_tiltrotor] T2dbg1 G2=[-0.000 -0.650 0.060 0.000 -1.000] G5=[-1.307 -1.525 -0.000 21.779 0.000]
INFO  [mc_indi_tiltrotor] T2dbg2 Wu25=[1.0 1000000.0] du25=[0.0039 -0.0000] dmax25=[23.2213 0.0120] nu_yaw=-0.106
INFO  [mc_indi_tiltrotor] WRdbg0 Wu0=1 lo0=-22.75 du0=-0.0074 pin0=0.000 a0=[-0.002 -0.003 0.000 -0.000 -0.002]
INFO  [mc_indi_tiltrotor] WRdbg1 Wu1=1 lo1=-24.13 du1=-0.0033 pin1=0.000 a1=[0.002 -0.003 0.000 -0.000 -0.002]
INFO  [mc_indi_tiltrotor] YWdbg nu2=-0.086 ach2=-0.002 r=-0.04 wsp2=-0.22 ddelta=[0.0000 -0.0000 -0.0000]
INFO  [mc_indi_tiltrotor] T0dbg1 G0=[-0.255 0.227 -0.029 0.342 -0.940] nu_des=[-0.00 -0.00 -0.09 -7.78 0.01]
INFO  [mc_indi_tiltrotor] T0dbg2 Ws34=[0.1 20.0] Wu0=1.0 du0=0.0003 dmin0=-22.7475 dmax0=22.2525
INFO  [mc_indi_tiltrotor] T2dbg1 G2=[-0.000 -0.650 0.060 0.000 -1.000] G5=[-1.301 -1.518 -0.000 21.688 0.000]
INFO  [mc_indi_tiltrotor] T2dbg2 Wu25=[1.0 1000000.0] du25=[0.0006 -0.0000] dmax25=[23.3118 0.0120] nu_yaw=-0.086
INFO  [mc_indi_tiltrotor] WRdbg0 Wu0=1 lo0=-22.75 du0=0.0003 pin0=0.000 a0=[0.008 -0.002 0.000 -0.000 -0.005]
INFO  [mc_indi_tiltrotor] WRdbg1 Wu1=1 lo1=-24.14 du1=-0.0150 pin1=0.000 a1=[-0.007 -0.002 0.000 -0.000 -0.005]
INFO  [mc_indi_tiltrotor] T0dbg1 G0=[-0.255 0.227 -0.029 0.342 -0.940] nu_des=[-0.00 0.01 -0.07 -7.78 0.01]
INFO  [mc_indi_tiltrotor] T0dbg2 Ws34=[0.1 20.0] Wu0=1.0 du0=0.0079 dmin0=-22.7440 dmax0=22.2560
INFO  [mc_indi_tiltrotor] T2dbg1 G2=[-0.000 -0.650 0.060 0.000 -1.000] G5=[-1.296 -1.512 -0.000 21.604 0.000]
INFO  [mc_indi_tiltrotor] T2dbg2 Wu25=[1.0 1000000.0] du25=[-0.0084 -0.0000] dmax25=[23.3956 0.0120] nu_yaw=-0.069
INFO  [mc_indi_tiltrotor] WRdbg0 Wu0=1 lo0=-22.74 du0=0.0079 pin0=0.000 a0=[0.007 0.003 0.000 -0.000 -0.003]
INFO  [mc_indi_tiltrotor] WRdbg1 Wu1=1 lo1=-24.17 du1=-0.0062 pin1=0.000 a1=[-0.007 0.003 0.000 -0.000 -0.003]
INFO  [mc_indi_tiltrotor] YWdbg nu2=-0.057 ach2=0.000 r=-0.04 wsp2=-0.16 ddelta=[0.0000 -0.0000 -0.0000]
INFO  [mc_indi_tiltrotor] T0dbg1 G0=[-0.255 0.227 -0.029 0.342 -0.940] nu_des=[-0.00 0.01 -0.06 -7.78 0.00]
INFO  [mc_indi_tiltrotor] T0dbg2 Ws34=[0.1 20.0] Wu0=1.0 du0=0.0042 dmin0=-22.7517 dmax0=22.2483
INFO  [mc_indi_tiltrotor] T2dbg1 G2=[-0.000 -0.650 0.060 0.000 -1.000] G5=[-1.292 -1.507 -0.000 21.531 0.000]
INFO  [mc_indi_tiltrotor] T2dbg2 Wu25=[1.0 1000000.0] du25=[-0.0115 -0.0000] dmax25=[23.4686 0.0120] nu_yaw=-0.061
INFO  [mc_indi_tiltrotor] WRdbg0 Wu0=1 lo0=-22.75 du0=0.0042 pin0=0.000 a0=[0.001 0.005 0.000 -0.000 -0.002]
INFO  [mc_indi_tiltrotor] WRdbg1 Wu1=1 lo1=-24.16 du1=0.0030 pin1=0.000 a1=[-0.001 0.005 0.000 -0.000 -0.002]
INFO  [mc_indi_tiltrotor] T0dbg1 G0=[-0.255 0.227 -0.029 0.342 -0.940] nu_des=[-0.00 -0.01 -0.04 -7.80 0.00]
INFO  [mc_indi_tiltrotor] T0dbg2 Ws34=[0.1 20.0] Wu0=1.0 du0=0.0027 dmin0=-22.8198 dmax0=22.1802
INFO  [mc_indi_tiltrotor] T2dbg1 G2=[-0.000 -0.650 0.060 0.000 -1.000] G5=[-1.291 -1.507 -0.000 21.523 0.000]
INFO  [mc_indi_tiltrotor] T2dbg2 Wu25=[1.0 1000000.0] du25=[0.0055 -0.0000] dmax25=[23.4770 0.0120] nu_yaw=-0.041
INFO  [mc_indi_tiltrotor] WRdbg0 Wu0=1 lo0=-22.82 du0=0.0027 pin0=0.001 a0=[0.006 -0.003 0.000 -0.000 -0.001]
INFO  [mc_indi_tiltrotor] WRdbg1 Wu1=1 lo1=-24.22 du1=-0.0099 pin1=0.001 a1=[-0.006 -0.003 0.000 -0.000 -0.002]
INFO  [mc_indi_tiltrotor] YWdbg nu2=-0.034 ach2=0.001 r=-0.04 wsp2=-0.10 ddelta=[0.0000 -0.0000 -0.0000]
INFO  [mc_indi_tiltrotor] T0dbg1 G0=[-0.256 0.227 -0.029 0.340 -0.940] nu_des=[-0.01 0.01 -0.03 -7.75 -0.05]
INFO  [mc_indi_tiltrotor] T0dbg2 Ws34=[0.1 20.0] Wu0=1.0 du0=-0.0087 dmin0=-22.7830 dmax0=22.2170
INFO  [mc_indi_tiltrotor] T2dbg1 G2=[-0.000 -0.650 0.060 0.000 -1.000] G5=[-1.288 -1.502 -0.000 21.458 0.000]
INFO  [mc_indi_tiltrotor] T2dbg2 Wu25=[1.0 1000000.0] du25=[-0.0159 -0.0000] dmax25=[23.5415 0.0120] nu_yaw=-0.031
INFO  [mc_indi_tiltrotor] WRdbg0 Wu0=1 lo0=-22.78 du0=-0.0087 pin0=-0.054 a0=[0.023 0.005 0.000 -0.000 0.017]
INFO  [mc_indi_tiltrotor] WRdbg1 Wu1=1 lo1=-24.24 du1=-0.0231 pin1=-0.024 a1=[-0.022 0.005 0.000 -0.000 0.018]
INFO  [mc_indi_tiltrotor] T0dbg1 G0=[-0.256 0.227 -0.027 0.334 -0.942] nu_des=[0.02 -0.05 0.02 -7.84 0.09]
INFO  [mc_indi_tiltrotor] T0dbg2 Ws34=[0.1 20.0] Wu0=1.0 du0=-0.1265 dmin0=-23.1501 dmax0=21.8499
INFO  [mc_indi_tiltrotor] T2dbg1 G2=[-0.000 -0.650 0.060 0.002 -1.000] G5=[-1.291 -1.479 -0.002 21.517 0.042]
INFO  [mc_indi_tiltrotor] T2dbg2 Wu25=[1.0 1000000.0] du25=[0.0185 -0.0019] dmax25=[23.4825 0.0120] nu_yaw=0.018
INFO  [mc_indi_tiltrotor] WRdbg0 Wu0=1 lo0=-23.15 du0=-0.1265 pin0=-0.013 a0=[-0.045 -0.022 -0.011 -0.005 -0.030]
INFO  [mc_indi_tiltrotor] WRdbg1 Wu1=1 lo1=-24.48 du1=-0.0230 pin1=-0.002 a1=[0.044 -0.025 -0.005 -0.002 -0.033]
INFO  [mc_indi_tiltrotor] YWdbg nu2=-0.057 ach2=-0.059 r=-0.04 wsp2=-0.04 ddelta=[0.0073 -0.0047 -0.0004]
INFO  [mc_indi_tiltrotor] T0dbg1 G0=[-0.256 0.227 -0.026 0.330 -0.944] nu_des=[0.01 -0.09 0.02 -7.81 0.07]
INFO  [mc_indi_tiltrotor] T0dbg2 Ws34=[0.1 20.0] Wu0=1.0 du0=-0.1257 dmin0=-23.1483 dmax0=21.8517
INFO  [mc_indi_tiltrotor] T2dbg1 G2=[-0.000 -0.650 0.060 0.003 -1.000] G5=[-1.297 -1.477 -0.003 21.622 0.056]
INFO  [mc_indi_tiltrotor] T2dbg2 Wu25=[1.0 1000000.0] du25=[0.0689 -0.0026] dmax25=[23.3781 0.0120] nu_yaw=0.020
INFO  [mc_indi_tiltrotor] WRdbg0 Wu0=1 lo0=-23.15 du0=-0.1257 pin0=-0.023 a0=[-0.019 -0.042 -0.013 -0.005 -0.023]
INFO  [mc_indi_tiltrotor] WRdbg1 Wu1=1 lo1=-24.59 du1=-0.0636 pin1=-0.001 a1=[0.019 -0.048 -0.006 -0.002 -0.025]
INFO  [mc_indi_tiltrotor] T0dbg1 G0=[-0.256 0.227 -0.026 0.330 -0.944] nu_des=[0.00 0.04 -0.00 -7.87 0.12]
INFO  [mc_indi_tiltrotor] T0dbg2 Ws34=[0.1 20.0] Wu0=1.0 du0=-0.0616 dmin0=-23.1119 dmax0=21.8881
INFO  [mc_indi_tiltrotor] T2dbg1 G2=[-0.000 -0.650 0.060 0.003 -1.000] G5=[-1.292 -1.460 -0.004 21.536 0.073]
INFO  [mc_indi_tiltrotor] T2dbg2 Wu25=[1.0 1000000.0] du25=[-0.0959 -0.0034] dmax25=[23.4642 0.0120] nu_yaw=-0.005
INFO  [mc_indi_tiltrotor] WRdbg0 Wu0=1 lo0=-23.11 du0=-0.0616 pin0=-0.037 a0=[-0.004 0.020 0.003 -0.005 -0.038]
INFO  [mc_indi_tiltrotor] WRdbg1 Wu1=1 lo1=-24.54 du1=-0.0152 pin1=0.001 a1=[0.004 0.023 0.001 -0.002 -0.042]
INFO  [mc_indi_tiltrotor] YWdbg nu2=-0.021 ach2=0.069 r=0.01 wsp2=-0.01 ddelta=[-0.0120 -0.0004 -0.0003]
INFO  [mc_indi_tiltrotor] T0dbg1 G0=[-0.256 0.228 -0.022 0.317 -0.948] nu_des=[-0.01 -0.01 -0.05 -7.24 -0.03]
INFO  [mc_indi_tiltrotor] T0dbg2 Ws34=[0.1 20.0] Wu0=1.0 du0=-0.0186 dmin0=-22.8082 dmax0=22.1918
INFO  [mc_indi_tiltrotor] T2dbg1 G2=[-0.000 -0.650 0.060 0.000 -1.000] G5=[-1.312 -1.529 -0.000 21.874 0.004]
INFO  [mc_indi_tiltrotor] T2dbg2 Wu25=[1.0 1000000.0] du25=[-0.0036 -0.0002] dmax25=[23.1256 0.0120] nu_yaw=-0.050
INFO  [mc_indi_tiltrotor] WRdbg0 Wu0=1 lo0=-22.81 du0=-0.0186 pin0=-0.047 a0=[0.019 -0.003 0.000 -0.000 0.012]
INFO  [mc_indi_tiltrotor] WRdbg1 Wu1=1 lo1=-24.17 du1=-0.0327 pin1=-0.023 a1=[-0.019 -0.003 0.000 -0.000 0.013]
INFO  [mc_indi_tiltrotor] T0dbg1 G0=[-0.256 0.228 -0.022 0.314 -0.949] nu_des=[0.01 0.22 0.05 -7.60 0.05]
INFO  [mc_indi_tiltrotor] T0dbg2 Ws34=[0.1 20.0] Wu0=1.0 du0=0.0456 dmin0=-23.2917 dmax0=21.7083
INFO  [mc_indi_tiltrotor] T2dbg1 G2=[-0.000 -0.650 0.060 0.004 -1.000] G5=[-1.305 -1.473 -0.005 21.752 0.077]
INFO  [mc_indi_tiltrotor] T2dbg2 Wu25=[1.0 1000000.0] du25=[-0.2783 -0.0035] dmax25=[23.2476 0.0120] nu_yaw=0.050
INFO  [mc_indi_tiltrotor] WRdbg0 Wu0=1 lo0=-23.29 du0=0.0456 pin0=-0.063 a0=[-0.026 0.140 0.015 -0.003 -0.017]
INFO  [mc_indi_tiltrotor] WRdbg1 Wu1=1 lo1=-24.58 du1=0.1010 pin1=0.001 a1=[0.025 0.113 -0.025 0.004 -0.017]
INFO  [mc_indi_tiltrotor] YWdbg nu2=-0.027 ach2=-0.019 r=0.01 wsp2=-0.03 ddelta=[0.0023 -0.0007 -0.0004]
INFO  [mc_indi_tiltrotor] T0dbg1 G0=[-0.256 0.228 -0.019 0.304 -0.953] nu_des=[0.00 0.00 -0.02 -7.07 0.03]
INFO  [mc_indi_tiltrotor] T0dbg2 Ws34=[0.1 20.0] Wu0=1.0 du0=-0.0044 dmin0=-23.2322 dmax0=21.7678
INFO  [mc_indi_tiltrotor] T2dbg1 G2=[-0.000 -0.650 0.060 0.000 -1.000] G5=[-1.324 -1.542 -0.000 22.067 0.004]
INFO  [mc_indi_tiltrotor] T2dbg2 Wu25=[1.0 1000000.0] du25=[-0.0082 -0.0002] dmax25=[22.9330 0.0120] nu_yaw=-0.023
INFO  [mc_indi_tiltrotor] WRdbg0 Wu0=1 lo0=-23.23 du0=-0.0044 pin0=-0.002 a0=[-0.001 0.001 0.013 -0.004 -0.012]
INFO  [mc_indi_tiltrotor] WRdbg1 Wu1=1 lo1=-24.50 du1=-0.0053 pin1=-0.000 a1=[0.001 0.001 0.007 -0.002 -0.012]
INFO  [mc_indi_tiltrotor] T0dbg1 G0=[-0.257 0.228 -0.014 0.286 -0.958] nu_des=[-0.01 0.03 -0.04 -6.65 -0.03]
INFO  [mc_indi_tiltrotor] T0dbg2 Ws34=[0.1 20.0] Wu0=1.0 du0=0.0090 dmin0=-23.2091 dmax0=21.7909
INFO  [mc_indi_tiltrotor] T2dbg1 G2=[-0.000 -0.650 0.060 0.000 -1.000] G5=[-1.338 -1.561 -0.000 22.298 0.000]
INFO  [mc_indi_tiltrotor] T2dbg2 Wu25=[1.0 1000000.0] du25=[-0.0451 -0.0000] dmax25=[22.7021 0.0120] nu_yaw=-0.041
INFO  [mc_indi_tiltrotor] WRdbg0 Wu0=1 lo0=-23.21 du0=0.0090 pin0=-0.038 a0=[0.020 0.017 0.000 -0.000 0.010]
INFO  [mc_indi_tiltrotor] WRdbg1 Wu1=1 lo1=-24.43 du1=-0.0152 pin1=-0.024 a1=[-0.020 0.017 0.000 -0.000 0.011]
INFO  [mc_indi_tiltrotor] YWdbg nu2=-0.019 ach2=-0.015 r=0.02 wsp2=-0.05 ddelta=[0.0054 0.0078 -0.0000]
INFO  [mc_indi_tiltrotor] T0dbg1 G0=[-0.257 0.228 -0.012 0.277 -0.961] nu_des=[-0.01 -0.24 -0.04 -6.55 0.25]
INFO  [mc_indi_tiltrotor] T0dbg2 Ws34=[0.1 20.0] Wu0=1.0 du0=-0.1879 dmin0=-23.4204 dmax0=21.5796
INFO  [mc_indi_tiltrotor] T2dbg1 G2=[-0.000 -0.650 0.060 0.002 -1.000] G5=[-1.356 -1.556 -0.002 22.598 0.040]
INFO  [mc_indi_tiltrotor] T2dbg2 Wu25=[1.0 9.0] du25=[0.2137 0.0053] dmax25=[22.4019 0.0120] nu_yaw=-0.044
INFO  [mc_indi_tiltrotor] WRdbg0 Wu0=1 lo0=-23.42 du0=-0.1879 pin0=-0.005 a0=[0.020 -0.137 0.020 0.003 -0.089]
INFO  [mc_indi_tiltrotor] WRdbg1 Wu1=1 lo1=-24.66 du1=-0.2136 pin1=0.001 a1=[-0.017 -0.106 0.014 -0.014 -0.092]
INFO  [mc_indi_tiltrotor] T0dbg1 G0=[-0.257 0.228 -0.010 0.271 -0.963] nu_des=[0.01 0.09 -0.01 -6.47 0.19]
INFO  [mc_indi_tiltrotor] T0dbg2 Ws34=[0.1 20.0] Wu0=1.0 du0=-0.0534 dmin0=-23.8005 dmax0=21.1995
INFO  [mc_indi_tiltrotor] T2dbg1 G2=[-0.000 -0.650 0.060 0.000 -1.000] G5=[-1.325 -1.542 -0.000 22.090 0.006]
INFO  [mc_indi_tiltrotor] T2dbg2 Wu25=[1.0 1000000.0] du25=[-0.1495 -0.0003] dmax25=[22.9098 0.0120] nu_yaw=-0.013
INFO  [mc_indi_tiltrotor] WRdbg0 Wu0=1 lo0=-23.80 du0=-0.0534 pin0=-0.004 a0=[-0.029 0.044 0.006 -0.003 -0.067]
INFO  [mc_indi_tiltrotor] WRdbg1 Wu1=1 lo1=-24.91 du1=0.0080 pin1=0.001 a1=[0.028 0.047 0.004 -0.002 -0.070]
INFO  [mc_indi_tiltrotor] YWdbg nu2=-0.029 ach2=0.080 r=0.00 wsp2=-0.06 ddelta=[-0.0120 -0.0001 -0.0002]
INFO  [mc_indi_tiltrotor] T0dbg1 G0=[-0.257 0.228 -0.008 0.264 -0.964] nu_des=[-0.00 0.15 -0.04 -6.27 0.14]
INFO  [mc_indi_tiltrotor] T0dbg2 Ws34=[0.1 20.0] Wu0=1.0 du0=0.0460 dmin0=-23.7341 dmax0=21.2659
INFO  [mc_indi_tiltrotor] T2dbg1 G2=[-0.000 -0.650 0.060 0.000 -1.000] G5=[-1.326 -1.546 -0.000 22.100 0.002]
INFO  [mc_indi_tiltrotor] T2dbg2 Wu25=[1.0 1000000.0] du25=[-0.1989 -0.0001] dmax25=[22.8996 0.0120] nu_yaw=-0.041
INFO  [mc_indi_tiltrotor] WRdbg0 Wu0=1 lo0=-23.73 du0=0.0460 pin0=-0.000 a0=[0.003 0.077 0.017 -0.003 -0.048]
INFO  [mc_indi_tiltrotor] WRdbg1 Wu1=1 lo1=-24.90 du1=0.0394 pin1=-0.000 a1=[-0.002 0.082 0.012 -0.002 -0.050]
INFO  [mc_indi_tiltrotor] T0dbg1 G0=[-0.257 0.228 -0.006 0.255 -0.967] nu_des=[-0.00 -0.12 -0.05 -6.04 0.00]
INFO  [mc_indi_tiltrotor] T0dbg2 Ws34=[0.1 20.0] Wu0=1.0 du0=-0.0950 dmin0=-23.7462 dmax0=21.2538
INFO  [mc_indi_tiltrotor] T2dbg1 G2=[-0.000 -0.650 0.060 0.000 -1.000] G5=[-1.325 -1.545 -0.000 22.078 0.000]
INFO  [mc_indi_tiltrotor] T2dbg2 Wu25=[1.0 1000000.0] du25=[0.1216 -0.0000] dmax25=[22.9220 0.0120] nu_yaw=-0.048
INFO  [mc_indi_tiltrotor] WRdbg0 Wu0=1 lo0=-23.75 du0=-0.0950 pin0=-0.030 a0=[0.005 -0.071 0.000 -0.000 -0.000]
INFO  [mc_indi_tiltrotor] WRdbg1 Wu1=1 lo1=-24.87 du1=-0.1023 pin1=-0.024 a1=[-0.005 -0.073 0.000 -0.000 -0.000]
INFO  [mc_indi_tiltrotor] YWdbg nu2=-0.049 ach2=-0.041 r=0.00 wsp2=-0.07 ddelta=[0.0051 -0.0000 -0.0000]
INFO  [mc_indi_tiltrotor] T0dbg1 G0=[-0.257 0.228 -0.006 0.255 -0.967] nu_des=[0.00 -0.02 -0.03 -6.10 0.04]
INFO  [mc_indi_tiltrotor] T0dbg2 Ws34=[0.1 20.0] Wu0=1.0 du0=-0.0153 dmin0=-23.9695 dmax0=21.0305
INFO  [mc_indi_tiltrotor] T2dbg1 G2=[-0.000 -0.650 0.060 0.000 -1.000] G5=[-1.312 -1.531 -0.000 21.869 0.000]
INFO  [mc_indi_tiltrotor] T2dbg2 Wu25=[1.0 1000000.0] du25=[0.0145 -0.0000] dmax25=[23.1314 0.0120] nu_yaw=-0.027
INFO  [mc_indi_tiltrotor] WRdbg0 Wu0=1 lo0=-23.97 du0=-0.0153 pin0=-0.000 a0=[-0.002 -0.008 0.010 -0.002 -0.012]
INFO  [mc_indi_tiltrotor] WRdbg1 Wu1=1 lo1=-25.06 du1=-0.0129 pin1=-0.000 a1=[0.002 -0.009 0.008 -0.002 -0.013]
INFO  [mc_indi_tiltrotor] T0dbg1 G0=[-0.257 0.228 -0.004 0.248 -0.969] nu_des=[-0.00 0.02 -0.03 -5.97 0.06]
INFO  [mc_indi_tiltrotor] T0dbg2 Ws34=[0.1 20.0] Wu0=1.0 du0=0.0046 dmin0=-24.1193 dmax0=20.8807
INFO  [mc_indi_tiltrotor] T2dbg1 G2=[-0.000 -0.650 0.060 0.000 -1.000] G5=[-1.311 -1.530 -0.000 21.853 0.000]
INFO  [mc_indi_tiltrotor] T2dbg2 Wu25=[1.0 1000000.0] du25=[-0.0309 -0.0000] dmax25=[23.1466 0.0120] nu_yaw=-0.035
INFO  [mc_indi_tiltrotor] WRdbg0 Wu0=1 lo0=-24.12 du0=0.0046 pin0=-0.000 a0=[0.004 0.011 0.012 -0.002 -0.020]
INFO  [mc_indi_tiltrotor] WRdbg1 Wu1=1 lo1=-25.19 du1=-0.0048 pin1=-0.000 a1=[-0.004 0.011 0.011 -0.002 -0.021]
INFO  [mc_indi_tiltrotor] YWdbg nu2=-0.033 ach2=-0.026 r=0.00 wsp2=-0.07 ddelta=[0.0041 -0.0000 -0.0000]
INFO  [mc_indi_tiltrotor] T0dbg1 G0=[-0.257 0.228 -0.001 0.236 -0.972] nu_des=[-0.00 -0.13 -0.06 -5.70 -0.01]
INFO  [mc_indi_tiltrotor] T0dbg2 Ws34=[0.1 20.0] Wu0=1.0 du0=-0.0881 dmin0=-24.1459 dmax0=20.8541
INFO  [mc_indi_tiltrotor] T2dbg1 G2=[-0.000 -0.650 0.060 0.000 -1.000] G5=[-1.312 -1.531 -0.000 21.867 0.000]
INFO  [mc_indi_tiltrotor] T2dbg2 Wu25=[1.0 1000000.0] du25=[0.1318 -0.0000] dmax25=[23.1329 0.0120] nu_yaw=-0.055
INFO  [mc_indi_tiltrotor] WRdbg0 Wu0=1 lo0=-24.15 du0=-0.0881 pin0=-0.025 a0=[0.005 -0.074 0.000 -0.000 0.005]
INFO  [mc_indi_tiltrotor] WRdbg1 Wu1=1 lo1=-25.20 du1=-0.1006 pin1=-0.025 a1=[-0.005 -0.076 0.000 -0.000 0.005]
INFO  [mc_indi_tiltrotor] T0dbg1 G0=[-0.257 0.228 -0.005 0.252 -0.968] nu_des=[0.00 -0.00 0.01 -5.77 0.33]
INFO  [mc_indi_tiltrotor] T0dbg2 Ws34=[0.1 20.0] Wu0=1.0 du0=-0.1263 dmin0=-21.9166 dmax0=23.0834
INFO  [mc_indi_tiltrotor] T2dbg1 G2=[-0.000 -0.650 0.060 0.000 -1.000] G5=[-1.188 -1.386 -0.000 19.798 0.000]
INFO  [mc_indi_tiltrotor] T2dbg2 Wu25=[1.0 1000000.0] du25=[-0.0860 -0.0000] dmax25=[25.2024 0.0120] nu_yaw=0.007
INFO  [mc_indi_tiltrotor] WRdbg0 Wu0=1 lo0=-21.92 du0=-0.1263 pin0=0.000 a0=[-0.000 -0.001 -0.000 -0.053 -0.072]
INFO  [mc_indi_tiltrotor] WRdbg1 Wu1=1 lo1=-22.96 du1=-0.1254 pin1=-0.000 a1=[0.001 -0.001 -0.003 0.015 -0.138]
INFO  [mc_indi_tiltrotor] YWdbg nu2=-0.021 ach2=-0.022 r=-0.03 wsp2=-0.04 ddelta=[-0.0001 -0.0037 -0.0000]
INFO  [mc_indi_tiltrotor] T0dbg1 G0=[-0.257 0.228 -0.005 0.254 -0.967] nu_des=[0.00 0.04 -0.01 -5.12 0.26]
INFO  [mc_indi_tiltrotor] T0dbg2 Ws34=[0.1 20.0] Wu0=1.0 du0=-0.0804 dmin0=-20.0005 dmax0=24.9995
INFO  [mc_indi_tiltrotor] T2dbg1 G2=[-0.000 -0.650 0.060 0.000 -1.000] G5=[-1.071 -1.250 -0.000 17.855 0.000]
INFO  [mc_indi_tiltrotor] T2dbg2 Wu25=[1.0 1000000.0] du25=[-0.1121 -0.0000] dmax25=[27.1455 0.0120] nu_yaw=-0.009
INFO  [mc_indi_tiltrotor] WRdbg0 Wu0=1 lo0=-20.00 du0=-0.0804 pin0=-0.008 a0=[-0.004 0.020 0.003 -0.002 -0.090]
INFO  [mc_indi_tiltrotor] WRdbg1 Wu1=1 lo1=-20.98 du1=-0.0656 pin1=0.003 a1=[0.003 0.021 0.003 -0.002 -0.094]
INFO  [mc_indi_tiltrotor] T0dbg1 G0=[-0.257 0.228 -0.005 0.254 -0.967] nu_des=[-0.01 0.03 0.01 -4.74 0.20]
INFO  [mc_indi_tiltrotor] T0dbg2 Ws34=[0.1 20.0] Wu0=1.0 du0=-0.0500 dmin0=-18.5838 dmax0=26.4162
INFO  [mc_indi_tiltrotor] T2dbg1 G2=[-0.000 -0.650 0.060 0.000 -1.000] G5=[-0.949 -1.107 -0.000 15.815 0.000]
INFO  [mc_indi_tiltrotor] T2dbg2 Wu25=[1.0 1000000.0] du25=[-0.0905 -0.0000] dmax25=[29.1852 0.0120] nu_yaw=0.007
INFO  [mc_indi_tiltrotor] WRdbg0 Wu0=1 lo0=-18.58 du0=-0.0500 pin0=-0.005 a0=[0.013 0.016 -0.003 -0.002 -0.070]
INFO  [mc_indi_tiltrotor] WRdbg1 Wu1=1 lo1=-19.50 du1=-0.0702 pin1=0.002 a1=[-0.013 0.017 -0.002 -0.002 -0.072]
INFO  [mc_indi_tiltrotor] YWdbg nu2=0.028 ach2=0.026 r=-0.04 wsp2=0.00 ddelta=[-0.0085 -0.0027 -0.0000]
INFO  [mc_indi_tiltrotor] T0dbg1 G0=[-0.257 0.228 -0.002 0.240 -0.971] nu_des=[-0.00 0.09 0.01 -4.19 0.08]
INFO  [mc_indi_tiltrotor] T0dbg2 Ws34=[0.1 20.0] Wu0=1.0 du0=0.0161 dmin0=-17.3380 dmax0=27.6620
INFO  [mc_indi_tiltrotor] T2dbg1 G2=[-0.000 -0.650 0.060 0.000 -1.000] G5=[-0.850 -0.991 -0.000 14.164 0.000]
INFO  [mc_indi_tiltrotor] T2dbg2 Wu25=[1.0 1000000.0] du25=[-0.1361 -0.0000] dmax25=[30.8362 0.0120] nu_yaw=0.007
INFO  [mc_indi_tiltrotor] WRdbg0 Wu0=1 lo0=-17.34 du0=0.0161 pin0=-0.005 a0=[0.001 0.051 -0.002 -0.001 -0.027]
INFO  [mc_indi_tiltrotor] WRdbg1 Wu1=1 lo1=-18.26 du1=0.0227 pin1=0.002 a1=[-0.001 0.052 -0.002 -0.001 -0.028]
INFO  [mc_indi_tiltrotor] T0dbg1 G0=[-0.257 0.228 0.001 0.231 -0.973] nu_des=[-0.00 0.04 0.00 -3.86 0.11]
INFO  [mc_indi_tiltrotor] T0dbg2 Ws34=[0.1 20.0] Wu0=1.0 du0=-0.0143 dmin0=-16.6722 dmax0=28.3278
INFO  [mc_indi_tiltrotor] T2dbg1 G2=[-0.000 -0.650 0.060 0.000 -1.000] G5=[-0.782 -0.912 -0.000 13.031 0.000]
INFO  [mc_indi_tiltrotor] T2dbg2 Wu25=[1.0 1000000.0] du25=[-0.0698 -0.0000] dmax25=[31.9688 0.0120] nu_yaw=0.001
INFO  [mc_indi_tiltrotor] WRdbg0 Wu0=1 lo0=-16.67 du0=-0.0143 pin0=-0.000 a0=[0.007 0.019 -0.000 -0.001 -0.038]
INFO  [mc_indi_tiltrotor] WRdbg1 Wu1=1 lo1=-17.51 du1=-0.0273 pin1=0.000 a1=[-0.006 0.020 -0.000 -0.001 -0.039]
INFO  [mc_indi_tiltrotor] YWdbg nu2=0.015 ach2=0.016 r=0.00 wsp2=0.03 ddelta=[-0.0037 -0.0000 -0.0000]
INFO  [mc_indi_tiltrotor] T0dbg1 G0=[-0.257 0.228 0.003 0.221 -0.975] nu_des=[0.00 0.04 0.01 -3.62 0.08]
INFO  [mc_indi_tiltrotor] T0dbg2 Ws34=[0.1 20.0] Wu0=1.0 du0=-0.0130 dmin0=-16.3540 dmax0=28.6460
INFO  [mc_indi_tiltrotor] T2dbg1 G2=[-0.000 -0.650 0.060 0.000 -1.000] G5=[-0.736 -0.859 -0.000 12.266 0.000]
INFO  [mc_indi_tiltrotor] T2dbg2 Wu25=[1.0 1000000.0] du25=[-0.0644 -0.0000] dmax25=[32.7341 0.0120] nu_yaw=0.013
INFO  [mc_indi_tiltrotor] WRdbg0 Wu0=1 lo0=-16.35 du0=-0.0130 pin0=-0.000 a0=[-0.001 0.019 -0.003 -0.001 -0.027]
INFO  [mc_indi_tiltrotor] WRdbg1 Wu1=1 lo1=-17.14 du1=-0.0131 pin1=0.000 a1=[0.000 0.020 -0.004 -0.001 -0.028]
INFO  [mc_indi_tiltrotor] T0dbg1 G0=[-0.257 0.228 0.006 0.211 -0.978] nu_des=[0.01 0.04 -0.00 -3.44 0.04]
INFO  [mc_indi_tiltrotor] T0dbg2 Ws34=[0.1 20.0] Wu0=1.0 du0=-0.0061 dmin0=-16.2673 dmax0=28.7327
INFO  [mc_indi_tiltrotor] T2dbg1 G2=[-0.000 -0.650 0.060 0.000 -1.000] G5=[-0.706 -0.822 -0.000 11.766 0.002]
INFO  [mc_indi_tiltrotor] T2dbg2 Wu25=[1.0 1000000.0] du25=[-0.0604 -0.0002] dmax25=[33.2340 0.0120] nu_yaw=-0.002
INFO  [mc_indi_tiltrotor] WRdbg0 Wu0=1 lo0=-16.27 du0=-0.0061 pin0=-0.000 a0=[-0.013 0.023 0.001 -0.001 -0.015]
INFO  [mc_indi_tiltrotor] WRdbg1 Wu1=1 lo1=-16.98 du1=0.0193 pin1=-0.000 a1=[0.012 0.023 0.001 -0.001 -0.016]
INFO  [mc_indi_tiltrotor] YWdbg nu2=0.009 ach2=0.010 r=0.01 wsp2=0.02 ddelta=[-0.0036 -0.0003 -0.0002]
INFO  [mc_indi_tiltrotor] T0dbg1 G0=[-0.257 0.228 0.008 0.201 -0.980] nu_des=[-0.01 0.01 0.01 -3.27 0.00]
INFO  [mc_indi_tiltrotor] T0dbg2 Ws34=[0.1 20.0] Wu0=1.0 du0=0.0110 dmin0=-16.2377 dmax0=28.7623
INFO  [mc_indi_tiltrotor] T2dbg1 G2=[-0.000 -0.650 0.060 0.000 -1.000] G5=[-0.681 -0.795 -0.000 11.357 0.001]
INFO  [mc_indi_tiltrotor] T2dbg2 Wu25=[1.0 1000000.0] du25=[-0.0106 -0.0001] dmax25=[33.6426 0.0120] nu_yaw=0.011
INFO  [mc_indi_tiltrotor] WRdbg0 Wu0=1 lo0=-16.24 du0=0.0110 pin0=-0.000 a0=[0.012 0.003 -0.002 -0.001 -0.002]
INFO  [mc_indi_tiltrotor] WRdbg1 Wu1=1 lo1=-16.91 du1=-0.0148 pin1=-0.000 a1=[-0.012 0.003 -0.003 -0.001 -0.002]
INFO  [mc_indi_tiltrotor] T0dbg1 G0=[-0.257 0.227 0.010 0.194 -0.981] nu_des=[0.01 -0.01 0.01 -3.19 -0.00]
INFO  [mc_indi_tiltrotor] T0dbg2 Ws34=[0.1 20.0] Wu0=1.0 du0=-0.0216 dmin0=-16.4259 dmax0=28.5741
INFO  [mc_indi_tiltrotor] T2dbg1 G2=[-0.000 -0.650 0.060 0.000 -1.000] G5=[-0.672 -0.784 -0.000 11.206 0.000]
INFO  [mc_indi_tiltrotor] T2dbg2 Wu25=[1.0 1000000.0] du25=[0.0148 -0.0000] dmax25=[33.7935 0.0120] nu_yaw=0.008
INFO  [mc_indi_tiltrotor] WRdbg0 Wu0=1 lo0=-16.43 du0=-0.0216 pin0=-0.000 a0=[-0.013 -0.008 -0.001 -0.001 0.001]
INFO  [mc_indi_tiltrotor] WRdbg1 Wu1=1 lo1=-17.07 du1=0.0020 pin1=-0.000 a1=[0.012 -0.008 -0.002 -0.001 0.001]
INFO  [mc_indi_tiltrotor] YWdbg nu2=-0.004 ach2=-0.001 r=0.01 wsp2=0.01 ddelta=[-0.0000 -0.0001 -0.0002]
INFO  [mc_indi_tiltrotor] T0dbg1 G0=[-0.257 0.227 0.012 0.189 -0.982] nu_des=[0.00 0.01 -0.01 -3.14 -0.03]
INFO  [mc_indi_tiltrotor] T0dbg2 Ws34=[0.1 20.0] Wu0=1.0 du0=0.0168 dmin0=-16.6632 dmax0=28.3368
INFO  [mc_indi_tiltrotor] T2dbg1 G2=[-0.000 -0.650 0.060 0.000 -1.000] G5=[-0.672 -0.784 -0.000 11.205 0.001]
INFO  [mc_indi_tiltrotor] T2dbg2 Wu25=[1.0 1000000.0] du25=[-0.0035 -0.0001] dmax25=[33.7947 0.0120] nu_yaw=-0.010
INFO  [mc_indi_tiltrotor] WRdbg0 Wu0=1 lo0=-16.66 du0=0.0168 pin0=-0.000 a0=[-0.003 0.006 0.001 -0.000 0.012]
INFO  [mc_indi_tiltrotor] WRdbg1 Wu1=1 lo1=-17.26 du1=0.0231 pin1=-0.000 a1=[0.002 0.006 0.003 -0.001 0.012]
INFO  [mc_indi_tiltrotor] back-transition: state 2 -> 3 (v_h=3.0, v_fwd=+3.0 m/s, ceil=20.0 deg)
WARN  [mc_indi_tiltrotor] pos_hold REFUSED: 3.0 m/s > 3.0 m/s limit (loop is hover-only)
INFO  [mc_indi_tiltrotor] T0dbg1 G0=[-0.257 0.227 0.014 0.181 -0.983] nu_des=[0.00 0.02 0.01 -3.06 0.00]
INFO  [mc_indi_tiltrotor] T0dbg2 Ws34=[0.1 20.0] Wu0=1.0 du0=0.0017 dmin0=-16.8780 dmax0=28.1220
INFO  [mc_indi_tiltrotor] T2dbg1 G2=[-0.000 -0.650 0.060 0.000 -1.000] G5=[-0.677 -0.790 -0.000 11.282 0.000]
INFO  [mc_indi_tiltrotor] T2dbg2 Wu25=[1.0 1000000.0] du25=[-0.0257 -0.0000] dmax25=[33.7184 0.0120] nu_yaw=0.007
INFO  [mc_indi_tiltrotor] WRdbg0 Wu0=1 lo0=-16.88 du0=0.0017 pin0=-0.000 a0=[-0.006 0.011 -0.001 -0.000 -0.001]
INFO  [mc_indi_tiltrotor] WRdbg1 Wu1=1 lo1=-17.49 du1=0.0122 pin1=-0.000 a1=[0.006 0.011 -0.002 -0.001 -0.001]
INFO  [mc_indi_tiltrotor] pos_hold: holding x=-757.91 y=1968.15
INFO  [mc_indi_tiltrotor] YWdbg nu2=0.031 ach2=0.031 r=-0.03 wsp2=0.01 ddelta=[-0.0027 0.0045 -0.0002]
INFO  [mc_indi_tiltrotor] T0dbg1 G0=[-0.257 0.227 0.015 0.177 -0.984] nu_des=[0.01 0.03 0.02 -0.43 0.05]
INFO  [mc_indi_tiltrotor] T0dbg2 Ws34=[0.1 20.0] Wu0=1.0 du0=-0.0105 dmin0=-17.1100 dmax0=27.8900
INFO  [mc_indi_tiltrotor] T2dbg1 G2=[-0.000 -0.650 0.060 0.000 -1.000] G5=[-0.661 -0.769 -0.000 11.009 0.003]
INFO  [mc_indi_tiltrotor] T2dbg2 Wu25=[1.0 1000000.0] du25=[-0.0350 -0.0002] dmax25=[33.9908 0.0120] nu_yaw=0.017
INFO  [mc_indi_tiltrotor] WRdbg0 Wu0=1 lo0=-17.11 du0=-0.0105 pin0=0.000 a0=[-0.013 0.019 0.001 -0.002 -0.015]
INFO  [mc_indi_tiltrotor] WRdbg1 Wu1=1 lo1=-17.56 du1=0.0005 pin1=-0.000 a1=[0.014 0.013 -0.006 0.001 -0.020]
INFO  [mc_indi_tiltrotor] T0dbg1 G0=[-0.256 0.227 0.018 0.164 -0.986] nu_des=[-0.00 0.07 0.00 -0.31 -0.08]
INFO  [mc_indi_tiltrotor] T0dbg2 Ws34=[0.1 20.0] Wu0=1.0 du0=0.0789 dmin0=-17.5680 dmax0=27.4320
INFO  [mc_indi_tiltrotor] T2dbg1 G2=[-0.000 -0.650 0.060 0.001 -1.000] G5=[-0.693 -0.804 -0.000 11.549 0.006]
INFO  [mc_indi_tiltrotor] T2dbg2 Wu25=[1.0 1000000.0] du25=[-0.0580 -0.0006] dmax25=[33.4512 0.0120] nu_yaw=0.005
INFO  [mc_indi_tiltrotor] WRdbg0 Wu0=1 lo0=-17.57 du0=0.0789 pin0=0.000 a0=[0.001 0.052 0.001 -0.002 0.026]
INFO  [mc_indi_tiltrotor] WRdbg1 Wu1=1 lo1=-18.17 du1=0.0653 pin1=-0.001 a1=[-0.001 0.035 -0.002 0.001 0.033]
INFO  [mc_indi_tiltrotor] YWdbg nu2=-0.006 ach2=-0.006 r=0.01 wsp2=0.04 ddelta=[0.0003 -0.0006 -0.0002]
INFO  [mc_indi_tiltrotor] T0dbg1 G0=[-0.256 0.227 0.021 0.151 -0.988] nu_des=[-0.01 -0.00 -0.02 -0.08 -0.04]
INFO  [mc_indi_tiltrotor] T0dbg2 Ws34=[0.1 20.0] Wu0=1.0 du0=0.0373 dmin0=-19.0509 dmax0=25.9491
INFO  [mc_indi_tiltrotor] T2dbg1 G2=[-0.000 -0.650 0.060 0.001 -1.000] G5=[-0.764 -0.887 -0.000 12.741 0.008]
INFO  [mc_indi_tiltrotor] T2dbg2 Wu25=[1.0 9.0] du25=[0.0063 0.0005] dmax25=[32.2595 0.0120] nu_yaw=-0.018
INFO  [mc_indi_tiltrotor] WRdbg0 Wu0=1 lo0=-19.05 du0=0.0373 pin0=-0.006 a0=[0.027 -0.000 -0.000 0.000 0.016]
INFO  [mc_indi_tiltrotor] WRdbg1 Wu1=1 lo1=-19.56 du1=0.0003 pin1=0.005 a1=[-0.026 -0.000 0.005 -0.000 0.016]
INFO  [mc_indi_tiltrotor] back-transition: state 3 -> 0 (v_h=0.3, v_fwd=-0.1 m/s, ceil=90.0 deg)
INFO  [mc_indi_tiltrotor] T0dbg1 G0=[-0.256 0.227 0.019 0.161 -0.987] nu_des=[0.00 -0.01 -0.01 -0.07 -0.56]
INFO  [mc_indi_tiltrotor] T0dbg2 Ws34=[0.1 20.0] Wu0=1.0 du0=0.1855 dmin0=-17.7066 dmax0=27.2934
INFO  [mc_indi_tiltrotor] T2dbg1 G2=[-0.000 -0.650 0.060 0.003 -1.000] G5=[-0.717 -0.815 -0.002 11.942 0.032]
INFO  [mc_indi_tiltrotor] T2dbg2 Wu25=[1.0 9.0] du25=[0.1323 -0.0002] dmax25=[33.0578 0.0120] nu_yaw=-0.015
INFO  [mc_indi_tiltrotor] WRdbg0 Wu0=1 lo0=-17.71 du0=0.1855 pin0=-0.010 a0=[-0.007 -0.005 -0.000 0.000 0.207]
INFO  [mc_indi_tiltrotor] WRdbg1 Wu1=1 lo1=-18.18 du1=0.2089 pin1=-0.004 a1=[0.007 -0.004 0.001 -0.000 0.210]
INFO  [mc_indi_tiltrotor] YWdbg nu2=-0.031 ach2=-0.029 r=0.04 wsp2=-0.02 ddelta=[0.0052 -0.0006 -0.0000]
INFO  [mc_indi_tiltrotor] T0dbg1 G0=[-0.257 0.227 0.016 0.171 -0.985] nu_des=[0.00 -0.03 -0.01 -0.51 -0.00]
INFO  [mc_indi_tiltrotor] T0dbg2 Ws34=[0.1 20.0] Wu0=1.0 du0=-0.0225 dmin0=-19.6633 dmax0=25.3367
INFO  [mc_indi_tiltrotor] T2dbg1 G2=[-0.000 -0.650 0.060 0.002 -1.000] G5=[-0.791 -0.908 -0.001 13.189 0.023]
INFO  [mc_indi_tiltrotor] T2dbg2 Wu25=[1.0 9.0] du25=[0.0426 0.0003] dmax25=[31.8110 0.0120] nu_yaw=-0.014
INFO  [mc_indi_tiltrotor] WRdbg0 Wu0=1 lo0=-19.66 du0=-0.0225 pin0=-0.001 a0=[-0.003 -0.020 0.001 0.000 0.001]
INFO  [mc_indi_tiltrotor] WRdbg1 Wu1=1 lo1=-20.11 du1=-0.0098 pin1=0.001 a1=[0.003 -0.018 0.004 -0.001 0.001]
INFO  [mc_indi_tiltrotor] T0dbg1 G0=[-0.257 0.227 0.016 0.174 -0.985] nu_des=[0.00 0.03 0.02 -0.61 0.07]
INFO  [mc_indi_tiltrotor] T0dbg2 Ws34=[0.1 20.0] Wu0=1.0 du0=-0.0034 dmin0=-19.6264 dmax0=25.3736
INFO  [mc_indi_tiltrotor] T2dbg1 G2=[-0.000 -0.650 0.060 0.002 -1.000] G5=[-0.800 -0.919 -0.001 13.326 0.021]
INFO  [mc_indi_tiltrotor] T2dbg2 Wu25=[1.0 9.0] du25=[-0.0488 -0.0006] dmax25=[31.6739 0.0120] nu_yaw=0.016
INFO  [mc_indi_tiltrotor] WRdbg0 Wu0=1 lo0=-19.63 du0=-0.0034 pin0=0.000 a0=[-0.004 0.025 0.001 -0.003 -0.022]
INFO  [mc_indi_tiltrotor] WRdbg1 Wu1=1 lo1=-19.89 du1=-0.0155 pin1=0.000 a1=[0.004 0.014 -0.006 0.001 -0.029]
INFO  [mc_indi_tiltrotor] YWdbg nu2=0.050 ach2=0.048 r=-0.06 wsp2=-0.01 ddelta=[-0.0001 0.0108 -0.0004]
INFO  [mc_indi_tiltrotor] T0dbg1 G0=[-0.257 0.227 0.016 0.173 -0.985] nu_des=[0.00 -0.03 0.04 -0.70 -0.21]
INFO  [mc_indi_tiltrotor] T0dbg2 Ws34=[0.1 20.0] Wu0=1.0 du0=0.0446 dmin0=-17.6891 dmax0=27.3109
INFO  [mc_indi_tiltrotor] T2dbg1 G2=[-0.000 -0.650 0.060 0.002 -1.000] G5=[-0.665 -0.763 -0.001 11.082 0.019]
INFO  [mc_indi_tiltrotor] T2dbg2 Wu25=[1.0 9.0] du25=[0.0758 -0.0000] dmax25=[33.9179 0.0120] nu_yaw=0.044
INFO  [mc_indi_tiltrotor] WRdbg0 Wu0=1 lo0=-17.69 du0=0.0446 pin0=-0.020 a0=[-0.005 -0.022 0.013 -0.000 0.078]
INFO  [mc_indi_tiltrotor] WRdbg1 Wu1=1 lo1=-17.97 du1=0.0531 pin1=0.005 a1=[0.004 -0.017 -0.018 -0.000 0.079]
INFO  [mc_indi_tiltrotor] T0dbg1 G0=[-0.256 0.226 0.022 0.149 -0.989] nu_des=[-0.00 -0.02 -0.00 -0.32 -0.04]
INFO  [mc_indi_tiltrotor] T0dbg2 Ws34=[0.1 20.0] Wu0=1.0 du0=0.0008 dmin0=-19.8307 dmax0=25.1693
INFO  [mc_indi_tiltrotor] T2dbg1 G2=[-0.000 -0.650 0.060 0.001 -1.000] G5=[-0.758 -0.879 -0.000 12.625 0.007]
INFO  [mc_indi_tiltrotor] T2dbg2 Wu25=[1.0 9.0] du25=[0.0238 0.0003] dmax25=[32.3748 0.0120] nu_yaw=-0.002
INFO  [mc_indi_tiltrotor] WRdbg0 Wu0=1 lo0=-19.83 du0=0.0008 pin0=0.000 a0=[0.007 -0.017 -0.000 -0.001 0.012]
INFO  [mc_indi_tiltrotor] WRdbg1 Wu1=1 lo1=-20.28 du1=-0.0008 pin1=0.000 a1=[-0.007 -0.010 0.001 0.001 0.015]
INFO  [mc_indi_tiltrotor] YWdbg nu2=-0.029 ach2=-0.028 r=0.03 wsp2=0.05 ddelta=[0.0005 -0.0062 0.0015]
INFO  [mc_indi_tiltrotor] T0dbg1 G0=[-0.256 0.227 0.021 0.152 -0.988] nu_des=[-0.01 -0.02 -0.05 -0.14 0.13]
INFO  [mc_indi_tiltrotor] T0dbg2 Ws34=[0.1 20.0] Wu0=1.0 du0=-0.0505 dmin0=-19.5192 dmax0=25.4808
INFO  [mc_indi_tiltrotor] T2dbg1 G2=[-0.000 -0.650 0.060 0.001 -1.000] G5=[-0.788 -0.911 -0.001 13.132 0.013]
INFO  [mc_indi_tiltrotor] T2dbg2 Wu25=[1.0 9.0] du25=[-0.0075 0.0004] dmax25=[31.8675 0.0120] nu_yaw=-0.049
INFO  [mc_indi_tiltrotor] WRdbg0 Wu0=1 lo0=-19.52 du0=-0.0505 pin0=-0.004 a0=[0.011 -0.010 0.000 0.000 -0.048]
INFO  [mc_indi_tiltrotor] WRdbg1 Wu1=1 lo1=-20.12 du1=-0.0497 pin1=0.003 a1=[-0.010 -0.009 0.015 -0.000 -0.048]
INFO  [mc_indi_tiltrotor] T0dbg1 G0=[-0.257 0.227 0.015 0.176 -0.984] nu_des=[-0.00 -0.18 0.01 -0.34 -0.25]
INFO  [mc_indi_tiltrotor] T0dbg2 Ws34=[0.1 20.0] Wu0=1.0 du0=-0.0269 dmin0=-17.3247 dmax0=27.6753
INFO  [mc_indi_tiltrotor] T2dbg1 G2=[-0.000 -0.650 0.060 0.003 -1.000] G5=[-0.716 -0.809 -0.002 11.930 0.039]
INFO  [mc_indi_tiltrotor] T2dbg2 Wu25=[1.0 9.0] du25=[0.2452 0.0031] dmax25=[33.0703 0.0120] nu_yaw=0.008
INFO  [mc_indi_tiltrotor] WRdbg0 Wu0=1 lo0=-17.32 du0=-0.0269 pin0=-0.017 a0=[0.005 -0.107 0.000 0.000 0.093]
INFO  [mc_indi_tiltrotor] WRdbg1 Wu1=1 lo1=-17.88 du1=-0.0068 pin1=0.003 a1=[-0.004 -0.099 -0.000 -0.000 0.094]
INFO  [mc_indi_tiltrotor] YWdbg nu2=-0.013 ach2=-0.011 r=0.03 wsp2=-0.03 ddelta=[0.0014 -0.0004 -0.0009]
INFO  [mc_indi_tiltrotor] T0dbg1 G0=[-0.257 0.227 0.016 0.174 -0.985] nu_des=[-0.01 0.02 -0.01 -0.50 -0.00]
INFO  [mc_indi_tiltrotor] T0dbg2 Ws34=[0.1 20.0] Wu0=1.0 du0=0.0219 dmin0=-19.2590 dmax0=25.7410
INFO  [mc_indi_tiltrotor] T2dbg1 G2=[-0.000 -0.650 0.060 0.003 -1.000] G5=[-0.789 -0.898 -0.002 13.148 0.035]
INFO  [mc_indi_tiltrotor] T2dbg2 Wu25=[1.0 9.0] du25=[-0.0172 -0.0001] dmax25=[31.8516 0.0120] nu_yaw=-0.005
INFO  [mc_indi_tiltrotor] WRdbg0 Wu0=1 lo0=-19.26 du0=0.0219 pin0=-0.001 a0=[0.012 0.009 0.000 0.000 0.001]
INFO  [mc_indi_tiltrotor] WRdbg1 Wu1=1 lo1=-19.66 du1=-0.0006 pin1=0.000 a1=[-0.011 0.008 0.002 -0.001 0.001]
INFO  [mc_indi_tiltrotor] T0dbg1 G0=[-0.257 0.227 0.017 0.169 -0.986] nu_des=[0.01 0.03 0.06 -0.64 0.01]
INFO  [mc_indi_tiltrotor] T0dbg2 Ws34=[0.1 20.0] Wu0=1.0 du0=0.0093 dmin0=-19.5039 dmax0=25.4961
INFO  [mc_indi_tiltrotor] T2dbg1 G2=[-0.000 -0.650 0.060 0.001 -1.000] G5=[-0.756 -0.877 -0.000 12.598 0.007]
INFO  [mc_indi_tiltrotor] T2dbg2 Wu25=[1.0 9.0] du25=[-0.0339 -0.0006] dmax25=[32.4024 0.0120] nu_yaw=0.058
INFO  [mc_indi_tiltrotor] WRdbg0 Wu0=1 lo0=-19.50 du0=0.0093 pin0=0.000 a0=[-0.010 0.022 0.005 -0.003 -0.003]
INFO  [mc_indi_tiltrotor] WRdbg1 Wu1=1 lo1=-19.88 du1=-0.0017 pin1=0.000 a1=[0.011 0.013 -0.022 0.001 -0.004]
INFO  [mc_indi_tiltrotor] YWdbg nu2=0.034 ach2=0.030 r=-0.07 wsp2=0.01 ddelta=[-0.0120 -0.0084 0.0025]
INFO  [mc_indi_tiltrotor] T0dbg1 G0=[-0.256 0.227 0.019 0.162 -0.987] nu_des=[-0.00 0.28 -0.02 -0.49 0.41]
INFO  [mc_indi_tiltrotor] T0dbg2 Ws34=[0.1 20.0] Wu0=1.0 du0=0.0377 dmin0=-17.7391 dmax0=27.2609
INFO  [mc_indi_tiltrotor] T2dbg1 G2=[-0.000 -0.650 0.060 0.003 -1.000] G5=[-0.680 -0.774 -0.002 11.328 0.030]
INFO  [mc_indi_tiltrotor] T2dbg2 Wu25=[1.0 1000000.0] du25=[-0.3897 -0.0026] dmax25=[33.6722 0.0120] nu_yaw=-0.019
INFO  [mc_indi_tiltrotor] WRdbg0 Wu0=1 lo0=-17.74 du0=0.0377 pin0=0.022 a0=[0.008 0.158 -0.000 -0.000 -0.151]
INFO  [mc_indi_tiltrotor] WRdbg1 Wu1=1 lo1=-18.01 du1=-0.0148 pin1=-0.014 a1=[-0.008 0.161 0.000 -0.000 -0.154]
INFO  [mc_indi_tiltrotor] T0dbg1 G0=[-0.256 0.227 0.021 0.152 -0.988] nu_des=[0.00 0.01 -0.03 -0.19 -0.03]
INFO  [mc_indi_tiltrotor] T0dbg2 Ws34=[0.1 20.0] Wu0=1.0 du0=0.0072 dmin0=-19.1468 dmax0=25.8532
INFO  [mc_indi_tiltrotor] T2dbg1 G2=[-0.000 -0.650 0.060 0.002 -1.000] G5=[-0.774 -0.885 -0.002 12.900 0.027]
INFO  [mc_indi_tiltrotor] T2dbg2 Wu25=[1.0 9.0] du25=[0.0002 -0.0008] dmax25=[32.0999 0.0120] nu_yaw=-0.029
INFO  [mc_indi_tiltrotor] WRdbg0 Wu0=1 lo0=-19.15 du0=0.0072 pin0=0.000 a0=[-0.006 0.006 -0.003 -0.001 0.011]
INFO  [mc_indi_tiltrotor] WRdbg1 Wu1=1 lo1=-19.68 du1=0.0339 pin1=0.000 a1=[0.006 0.004 0.011 0.000 0.013]
INFO  [mc_indi_tiltrotor] YWdbg nu2=-0.044 ach2=-0.043 r=0.06 wsp2=0.02 ddelta=[0.0120 0.0045 -0.0013]
INFO  [mc_indi_tiltrotor] T0dbg1 G0=[-0.257 0.227 0.017 0.167 -0.986] nu_des=[-0.01 -0.01 -0.02 -0.37 0.02]
INFO  [mc_indi_tiltrotor] T0dbg2 Ws34=[0.1 20.0] Wu0=1.0 du0=0.0036 dmin0=-19.1055 dmax0=25.8945
INFO  [mc_indi_tiltrotor] T2dbg1 G2=[-0.000 -0.650 0.060 0.002 -1.000] G5=[-0.792 -0.909 -0.001 13.200 0.023]
INFO  [mc_indi_tiltrotor] T2dbg2 Wu25=[1.0 9.0] du25=[0.0075 0.0006] dmax25=[31.8004 0.0120] nu_yaw=-0.022
INFO  [mc_indi_tiltrotor] WRdbg0 Wu0=1 lo0=-19.11 du0=0.0036 pin0=-0.004 a0=[0.020 -0.006 0.001 0.000 -0.008]
INFO  [mc_indi_tiltrotor] WRdbg1 Wu1=1 lo1=-19.70 du1=-0.0238 pin1=0.002 a1=[-0.019 -0.006 0.007 -0.000 -0.008]
INFO  [mc_indi_tiltrotor] T0dbg1 G0=[-0.257 0.227 0.015 0.175 -0.985] nu_des=[0.01 -0.04 0.04 -0.37 1.76]
INFO  [mc_indi_tiltrotor] T0dbg2 Ws34=[0.1 20.0] Wu0=1.0 du0=-0.6748 dmin0=-17.6306 dmax0=27.3694
INFO  [mc_indi_tiltrotor] T2dbg1 G2=[-0.000 -0.650 0.060 0.002 -1.000] G5=[-0.716 -0.817 -0.002 11.939 0.028]
INFO  [mc_indi_tiltrotor] T2dbg2 Wu25=[1.0 9.0] du25=[-0.3802 0.0027] dmax25=[33.0614 0.0120] nu_yaw=0.041
INFO  [mc_indi_tiltrotor] WRdbg0 Wu0=1 lo0=-17.63 du0=-0.6748 pin0=0.022 a0=[-0.020 -0.024 0.001 0.000 -0.654]
INFO  [mc_indi_tiltrotor] WRdbg1 Wu1=1 lo1=-18.08 du1=-0.6790 pin1=-0.012 a1=[0.019 -0.022 -0.001 -0.000 -0.662]
INFO  [mc_indi_tiltrotor] YWdbg nu2=0.022 ach2=0.023 r=-0.04 wsp2=-0.02 ddelta=[-0.0029 0.0025 -0.0008]
INFO  [mc_indi_tiltrotor] T0dbg1 G0=[-0.256 0.227 0.020 0.157 -0.988] nu_des=[-0.01 0.05 0.01 -0.27 -0.04]
INFO  [mc_indi_tiltrotor] T0dbg2 Ws34=[0.1 20.0] Wu0=1.0 du0=0.0633 dmin0=-19.0347 dmax0=25.9653
INFO  [mc_indi_tiltrotor] T2dbg1 G2=[-0.000 -0.650 0.060 0.001 -1.000] G5=[-0.746 -0.861 -0.001 12.437 0.014]
INFO  [mc_indi_tiltrotor] T2dbg2 Wu25=[1.0 9.0] du25=[-0.0443 -0.0004] dmax25=[32.5634 0.0120] nu_yaw=0.014
INFO  [mc_indi_tiltrotor] WRdbg0 Wu0=1 lo0=-19.03 du0=0.0633 pin0=0.000 a0=[0.013 0.036 0.001 -0.001 0.014]
INFO  [mc_indi_tiltrotor] WRdbg1 Wu1=1 lo1=-19.43 du1=0.0204 pin1=0.000 a1=[-0.013 0.021 -0.005 0.001 0.017]
INFO  [mc_indi_tiltrotor] T0dbg1 G0=[-0.256 0.226 0.022 0.149 -0.989] nu_des=[0.00 -0.02 0.00 -0.15 0.01]
INFO  [mc_indi_tiltrotor] T0dbg2 Ws34=[0.1 20.0] Wu0=1.0 du0=-0.0191 dmin0=-19.4936 dmax0=25.5064
INFO  [mc_indi_tiltrotor] T2dbg1 G2=[-0.000 -0.650 0.060 0.001 -1.000] G5=[-0.760 -0.880 -0.001 12.663 0.009]
INFO  [mc_indi_tiltrotor] T2dbg2 Wu25=[1.0 9.0] du25=[0.0150 0.0001] dmax25=[32.3374 0.0120] nu_yaw=0.001
INFO  [mc_indi_tiltrotor] WRdbg0 Wu0=1 lo0=-19.49 du0=-0.0191 pin0=0.000 a0=[-0.002 -0.014 0.000 -0.001 -0.003]
INFO  [mc_indi_tiltrotor] WRdbg1 Wu1=1 lo1=-19.82 du1=-0.0089 pin1=0.000 a1=[0.002 -0.008 -0.000 0.000 -0.003]
INFO  [mc_indi_tiltrotor] YWdbg nu2=-0.008 ach2=-0.007 r=-0.00 wsp2=0.02 ddelta=[0.0017 0.0004 -0.0004]
INFO  [mc_indi_tiltrotor] T0dbg1 G0=[-0.256 0.227 0.021 0.153 -0.988] nu_des=[-0.01 -0.01 -0.02 0.02 2.20]
INFO  [mc_indi_tiltrotor] T0dbg2 Ws34=[0.1 20.0] Wu0=1.0 du0=-0.7894 dmin0=-18.0848 dmax0=26.9152
INFO  [mc_indi_tiltrotor] T2dbg1 G2=[-0.000 -0.650 0.060 0.002 -1.000] G5=[-0.726 -0.832 -0.001 12.105 0.023]
INFO  [mc_indi_tiltrotor] T2dbg2 Wu25=[1.0 9.0] du25=[-0.5276 0.0051] dmax25=[32.8951 0.0120] nu_yaw=-0.019
INFO  [mc_indi_tiltrotor] WRdbg0 Wu0=1 lo0=-18.08 du0=-0.7894 pin0=0.018 a0=[0.013 -0.006 -0.000 -0.000 -0.814]
INFO  [mc_indi_tiltrotor] WRdbg1 Wu1=1 lo1=-18.53 du1=-0.8548 pin1=-0.013 a1=[-0.013 -0.005 0.001 0.000 -0.825]
INFO  [mc_indi_tiltrotor] T0dbg1 G0=[-0.256 0.227 0.018 0.166 -0.986] nu_des=[-0.00 -0.00 -0.01 -0.31 -0.03]
INFO  [mc_indi_tiltrotor] T0dbg2 Ws34=[0.1 20.0] Wu0=1.0 du0=0.0117 dmin0=-18.8553 dmax0=26.1447
INFO  [mc_indi_tiltrotor] T2dbg1 G2=[-0.000 -0.650 0.060 0.002 -1.000] G5=[-0.773 -0.886 -0.001 12.886 0.024]
INFO  [mc_indi_tiltrotor] T2dbg2 Wu25=[1.0 9.0] du25=[0.0078 -0.0001] dmax25=[32.1142 0.0120] nu_yaw=-0.008
INFO  [mc_indi_tiltrotor] WRdbg0 Wu0=1 lo0=-18.86 du0=0.0117 pin0=-0.004 a0=[0.004 -0.001 0.000 0.000 0.012]
INFO  [mc_indi_tiltrotor] WRdbg1 Wu1=1 lo1=-19.47 du1=0.0119 pin1=0.002 a1=[-0.004 -0.001 0.002 -0.000 0.012]
INFO  [mc_indi_tiltrotor] YWdbg nu2=-0.014 ach2=-0.013 r=0.03 wsp2=-0.02 ddelta=[0.0019 -0.0004 -0.0006]
INFO  [mc_indi_tiltrotor] T0dbg1 G0=[-0.257 0.227 0.015 0.175 -0.985] nu_des=[0.01 0.01 -0.00 -0.50 0.02]
INFO  [mc_indi_tiltrotor] T0dbg2 Ws34=[0.1 20.0] Wu0=1.0 du0=-0.0138 dmin0=-19.2697 dmax0=25.7303
INFO  [mc_indi_tiltrotor] T2dbg1 G2=[-0.000 -0.650 0.060 0.001 -1.000] G5=[-0.780 -0.900 -0.001 12.999 0.016]
INFO  [mc_indi_tiltrotor] T2dbg2 Wu25=[1.0 9.0] du25=[-0.0108 -0.0008] dmax25=[32.0011 0.0120] nu_yaw=-0.004
INFO  [mc_indi_tiltrotor] WRdbg0 Wu0=1 lo0=-19.27 du0=-0.0138 pin0=0.000 a0=[-0.011 0.006 -0.000 -0.003 -0.006]
INFO  [mc_indi_tiltrotor] WRdbg1 Wu1=1 lo1=-19.77 du1=0.0099 pin1=0.000 a1=[0.011 0.003 0.002 0.001 -0.007]
INFO  [mc_indi_tiltrotor] T0dbg1 G0=[-0.257 0.227 0.016 0.171 -0.985] nu_des=[0.01 0.02 0.03 -0.47 0.01]
INFO  [mc_indi_tiltrotor] T0dbg2 Ws34=[0.1 20.0] Wu0=1.0 du0=-0.0048 dmin0=-19.4348 dmax0=25.5652
INFO  [mc_indi_tiltrotor] T2dbg1 G2=[-0.000 -0.650 0.060 0.000 -1.000] G5=[-0.763 -0.888 -0.000 12.723 0.005]
INFO  [mc_indi_tiltrotor] T2dbg2 Wu25=[1.0 1000000.0] du25=[-0.0207 -0.0004] dmax25=[32.2773 0.0120] nu_yaw=0.028
INFO  [mc_indi_tiltrotor] WRdbg0 Wu0=1 lo0=-19.43 du0=-0.0048 pin0=0.000 a0=[-0.013 0.013 0.002 -0.003 -0.005]
INFO  [mc_indi_tiltrotor] WRdbg1 Wu1=1 lo1=-19.77 du1=0.0055 pin1=-0.001 a1=[0.014 0.008 -0.011 0.002 -0.006]
INFO  [mc_indi_tiltrotor] YWdbg nu2=0.048 ach2=0.050 r=-0.06 wsp2=-0.01 ddelta=[-0.0047 0.0066 -0.0014]
INFO  [mc_indi_tiltrotor] T0dbg1 G0=[-0.256 0.227 0.021 0.153 -0.988] nu_des=[-0.00 -0.02 0.02 -0.20 -0.04]
INFO  [mc_indi_tiltrotor] T0dbg2 Ws34=[0.1 20.0] Wu0=1.0 du0=0.0080 dmin0=-19.0559 dmax0=25.9441
INFO  [mc_indi_tiltrotor] T2dbg1 G2=[-0.000 -0.650 0.060 0.001 -1.000] G5=[-0.746 -0.860 -0.001 12.430 0.015]
INFO  [mc_indi_tiltrotor] T2dbg2 Wu25=[1.0 9.0] du25=[0.0177 0.0004] dmax25=[32.5696 0.0120] nu_yaw=0.021
INFO  [mc_indi_tiltrotor] WRdbg0 Wu0=1 lo0=-19.06 du0=0.0080 pin0=0.000 a0=[0.006 -0.012 0.002 -0.001 0.012]
INFO  [mc_indi_tiltrotor] WRdbg1 Wu1=1 lo1=-19.38 du1=-0.0061 pin1=0.000 a1=[-0.006 -0.007 -0.008 0.000 0.015]
INFO  [mc_indi_tiltrotor] T0dbg1 G0=[-0.256 0.226 0.022 0.149 -0.989] nu_des=[0.00 -0.01 -0.01 -0.06 0.01]
INFO  [mc_indi_tiltrotor] T0dbg2 Ws34=[0.1 20.0] Wu0=1.0 du0=-0.0141 dmin0=-19.2151 dmax0=25.7849
INFO  [mc_indi_tiltrotor] T2dbg1 G2=[-0.000 -0.650 0.060 0.001 -1.000] G5=[-0.771 -0.892 -0.001 12.857 0.012]
INFO  [mc_indi_tiltrotor] T2dbg2 Wu25=[1.0 9.0] du25=[0.0050 -0.0002] dmax25=[32.1425 0.0120] nu_yaw=-0.013
INFO  [mc_indi_tiltrotor] WRdbg0 Wu0=1 lo0=-19.22 du0=-0.0141 pin0=0.000 a0=[-0.004 -0.004 -0.002 -0.000 -0.003]
INFO  [mc_indi_tiltrotor] WRdbg1 Wu1=1 lo1=-19.70 du1=0.0027 pin1=0.000 a1=[0.004 -0.002 0.005 0.000 -0.004]
INFO  [mc_indi_tiltrotor] YWdbg nu2=-0.022 ach2=-0.022 r=0.03 wsp2=0.03 ddelta=[0.0024 -0.0024 0.0006]
INFO  [mc_indi_tiltrotor] T0dbg1 G0=[-0.256 0.227 0.018 0.164 -0.986] nu_des=[0.02 -0.04 0.01 -0.32 0.06]
INFO  [mc_indi_tiltrotor] T0dbg2 Ws34=[0.1 20.0] Wu0=1.0 du0=-0.0741 dmin0=-18.9266 dmax0=26.0734
INFO  [mc_indi_tiltrotor] T2dbg1 G2=[-0.000 -0.650 0.060 0.001 -1.000] G5=[-0.767 -0.885 -0.001 12.776 0.014]
INFO  [mc_indi_tiltrotor] T2dbg2 Wu25=[1.0 9.0] du25=[0.0274 -0.0003] dmax25=[32.2238 0.0120] nu_yaw=0.009
INFO  [mc_indi_tiltrotor] WRdbg0 Wu0=1 lo0=-18.93 du0=-0.0741 pin0=0.000 a0=[-0.027 -0.027 0.001 -0.002 -0.020]
INFO  [mc_indi_tiltrotor] WRdbg1 Wu1=1 lo1=-19.57 du1=-0.0169 pin1=0.000 a1=[0.026 -0.015 -0.004 0.001 -0.025]
INFO  [mc_indi_tiltrotor] T0dbg1 G0=[-0.256 0.227 0.019 0.160 -0.987] nu_des=[-0.00 -0.00 -0.00 -0.17 -0.06]
INFO  [mc_indi_tiltrotor] T0dbg2 Ws34=[0.1 20.0] Wu0=1.0 du0=0.0282 dmin0=-18.7650 dmax0=26.2350
INFO  [mc_indi_tiltrotor] T2dbg1 G2=[-0.000 -0.650 0.060 0.002 -1.000] G5=[-0.761 -0.871 -0.001 12.678 0.025]
INFO  [mc_indi_tiltrotor] T2dbg2 Wu25=[1.0 9.0] du25=[0.0117 0.0001] dmax25=[32.3222 0.0120] nu_yaw=-0.001
INFO  [mc_indi_tiltrotor] WRdbg0 Wu0=1 lo0=-18.77 du0=0.0282 pin0=-0.003 a0=[0.009 -0.000 0.000 0.000 0.023]
INFO  [mc_indi_tiltrotor] WRdbg1 Wu1=1 lo1=-19.31 du1=0.0162 pin1=0.002 a1=[-0.009 -0.000 0.000 -0.000 0.023]
INFO  [mc_indi_tiltrotor] YWdbg nu2=-0.007 ach2=-0.005 r=0.01 wsp2=-0.01 ddelta=[0.0021 0.0013 -0.0008]
INFO  [mc_indi_tiltrotor] T0dbg1 G0=[-0.256 0.227 0.019 0.161 -0.987] nu_des=[-0.00 0.00 -0.01 -0.24 0.01]
INFO  [mc_indi_tiltrotor] T0dbg2 Ws34=[0.1 20.0] Wu0=1.0 du0=-0.0013 dmin0=-19.2432 dmax0=25.7568
INFO  [mc_indi_tiltrotor] T2dbg1 G2=[-0.000 -0.650 0.060 0.002 -1.000] G5=[-0.765 -0.879 -0.001 12.748 0.021]
INFO  [mc_indi_tiltrotor] T2dbg2 Wu25=[1.0 9.0] du25=[-0.0031 -0.0000] dmax25=[32.2522 0.0120] nu_yaw=-0.007
INFO  [mc_indi_tiltrotor] WRdbg0 Wu0=1 lo0=-19.24 du0=-0.0013 pin0=-0.001 a0=[0.003 0.000 0.000 0.000 -0.004]
INFO  [mc_indi_tiltrotor] WRdbg1 Wu1=1 lo1=-19.63 du1=-0.0044 pin1=0.001 a1=[-0.003 0.000 0.002 -0.000 -0.004]
INFO  [mc_indi_tiltrotor] T0dbg1 G0=[-0.256 0.227 0.020 0.158 -0.987] nu_des=[0.00 0.00 0.01 -0.22 -0.00]
INFO  [mc_indi_tiltrotor] T0dbg2 Ws34=[0.1 20.0] Wu0=1.0 du0=-0.0045 dmin0=-19.1856 dmax0=25.8144
INFO  [mc_indi_tiltrotor] T2dbg1 G2=[-0.000 -0.650 0.060 0.001 -1.000] G5=[-0.755 -0.871 -0.001 12.590 0.017]
INFO  [mc_indi_tiltrotor] T2dbg2 Wu25=[1.0 9.0] du25=[-0.0031 -0.0003] dmax25=[32.4101 0.0120] nu_yaw=0.014
INFO  [mc_indi_tiltrotor] WRdbg0 Wu0=1 lo0=-19.19 du0=-0.0045 pin0=0.000 a0=[-0.008 0.003 0.001 -0.001 0.000]
INFO  [mc_indi_tiltrotor] WRdbg1 Wu1=1 lo1=-19.51 du1=0.0048 pin1=0.000 a1=[0.008 0.001 -0.005 0.001 0.001]
INFO  [mc_indi_tiltrotor] YWdbg nu2=0.021 ach2=0.022 r=-0.03 wsp2=-0.00 ddelta=[0.0028 0.0093 -0.0017]
INFO  [mc_indi_tiltrotor] T0dbg1 G0=[-0.256 0.227 0.021 0.154 -0.988] nu_des=[-0.00 0.00 -0.01 -0.07 -0.11]
INFO  [mc_indi_tiltrotor] T0dbg2 Ws34=[0.1 20.0] Wu0=1.0 du0=0.0455 dmin0=-18.8554 dmax0=26.1446
INFO  [mc_indi_tiltrotor] T2dbg1 G2=[-0.000 -0.650 0.060 0.002 -1.000] G5=[-0.754 -0.863 -0.002 12.564 0.025]
INFO  [mc_indi_tiltrotor] T2dbg2 Wu25=[1.0 9.0] du25=[0.0257 -0.0001] dmax25=[32.4364 0.0120] nu_yaw=-0.008
INFO  [mc_indi_tiltrotor] WRdbg0 Wu0=1 lo0=-18.86 du0=0.0455 pin0=-0.003 a0=[0.006 0.000 0.000 0.000 0.042]
INFO  [mc_indi_tiltrotor] WRdbg1 Wu1=1 lo1=-19.21 du1=0.0421 pin1=0.002 a1=[-0.005 0.000 0.002 -0.000 0.042]
INFO  [mc_indi_tiltrotor] T0dbg1 G0=[-0.257 0.227 0.017 0.168 -0.986] nu_des=[0.01 -0.03 0.02 -0.41 0.02]
INFO  [mc_indi_tiltrotor] T0dbg2 Ws34=[0.1 20.0] Wu0=1.0 du0=-0.0457 dmin0=-19.0642 dmax0=25.9358
INFO  [mc_indi_tiltrotor] T2dbg1 G2=[-0.000 -0.650 0.060 0.001 -1.000] G5=[-0.766 -0.884 -0.001 12.770 0.015]
INFO  [mc_indi_tiltrotor] T2dbg2 Wu25=[1.0 9.0] du25=[0.0252 -0.0000] dmax25=[32.2296 0.0120] nu_yaw=0.024
INFO  [mc_indi_tiltrotor] WRdbg0 Wu0=1 lo0=-19.06 du0=-0.0457 pin0=0.000 a0=[-0.015 -0.023 0.002 -0.002 -0.007]
INFO  [mc_indi_tiltrotor] WRdbg1 Wu1=1 lo1=-19.69 du1=-0.0153 pin1=0.000 a1=[0.015 -0.013 -0.009 0.001 -0.009]
INFO  [mc_indi_tiltrotor] YWdbg nu2=0.016 ach2=0.016 r=-0.00 wsp2=-0.01 ddelta=[0.0004 0.0042 -0.0006]
INFO  [mc_indi_tiltrotor] T0dbg1 G0=[-0.256 0.227 0.020 0.158 -0.988] nu_des=[0.01 -0.04 0.02 -0.30 0.01]
INFO  [mc_indi_tiltrotor] T0dbg2 Ws34=[0.1 20.0] Wu0=1.0 du0=-0.0442 dmin0=-19.0143 dmax0=25.9857
INFO  [mc_indi_tiltrotor] T2dbg1 G2=[-0.000 -0.650 0.060 0.001 -1.000] G5=[-0.771 -0.894 -0.001 12.854 0.009]
INFO  [mc_indi_tiltrotor] T2dbg2 Wu25=[1.0 9.0] du25=[0.0314 0.0002] dmax25=[32.1461 0.0120] nu_yaw=0.021
INFO  [mc_indi_tiltrotor] WRdbg0 Wu0=1 lo0=-19.01 du0=-0.0442 pin0=0.000 a0=[-0.013 -0.027 0.002 -0.001 -0.005]
INFO  [mc_indi_tiltrotor] WRdbg1 Wu1=1 lo1=-19.66 du1=-0.0160 pin1=0.000 a1=[0.013 -0.016 -0.008 0.001 -0.006]
INFO  [mc_indi_tiltrotor] T0dbg1 G0=[-0.256 0.227 0.021 0.154 -0.988] nu_des=[-0.00 0.02 -0.01 -0.14 -0.03]
INFO  [mc_indi_tiltrotor] T0dbg2 Ws34=[0.1 20.0] Wu0=1.0 du0=0.0280 dmin0=-18.7581 dmax0=26.2419
INFO  [mc_indi_tiltrotor] T2dbg1 G2=[-0.000 -0.650 0.060 0.001 -1.000] G5=[-0.751 -0.865 -0.001 12.524 0.018]
INFO  [mc_indi_tiltrotor] T2dbg2 Wu25=[1.0 9.0] du25=[-0.0158 -0.0005] dmax25=[32.4760 0.0120] nu_yaw=-0.012
INFO  [mc_indi_tiltrotor] WRdbg0 Wu0=1 lo0=-18.76 du0=0.0280 pin0=0.000 a0=[0.002 0.017 -0.001 -0.001 0.011]
INFO  [mc_indi_tiltrotor] WRdbg1 Wu1=1 lo1=-19.24 du1=0.0260 pin1=0.000 a1=[-0.002 0.010 0.005 0.000 0.013]
INFO  [mc_indi_tiltrotor] YWdbg nu2=-0.019 ach2=-0.019 r=0.01 wsp2=0.01 ddelta=[0.0020 -0.0017 -0.0002]
INFO  [mc_indi_tiltrotor] T0dbg1 G0=[-0.256 0.227 0.019 0.159 -0.987] nu_des=[0.01 0.00 -0.03 -0.21 0.02]
INFO  [mc_indi_tiltrotor] T0dbg2 Ws34=[0.1 20.0] Wu0=1.0 du0=-0.0227 dmin0=-19.2754 dmax0=25.7246
INFO  [mc_indi_tiltrotor] T2dbg1 G2=[-0.000 -0.650 0.060 0.001 -1.000] G5=[-0.763 -0.877 -0.001 12.712 0.019]
INFO  [mc_indi_tiltrotor] T2dbg2 Wu25=[1.0 9.0] du25=[0.0013 -0.0008] dmax25=[32.2882 0.0120] nu_yaw=-0.029
INFO  [mc_indi_tiltrotor] WRdbg0 Wu0=1 lo0=-19.28 du0=-0.0227 pin0=-0.001 a0=[-0.017 0.001 0.001 0.000 -0.006]
INFO  [mc_indi_tiltrotor] WRdbg1 Wu1=1 lo1=-19.55 du1=0.0196 pin1=0.000 a1=[0.016 0.000 0.009 -0.000 -0.006]
INFO  [mc_indi_tiltrotor] T0dbg1 G0=[-0.256 0.227 0.018 0.164 -0.986] nu_des=[-0.00 -0.01 0.01 -0.33 -0.02]
INFO  [mc_indi_tiltrotor] T0dbg2 Ws34=[0.1 20.0] Wu0=1.0 du0=0.0049 dmin0=-19.1049 dmax0=25.8951
INFO  [mc_indi_tiltrotor] T2dbg1 G2=[-0.000 -0.650 0.060 0.001 -1.000] G5=[-0.760 -0.878 -0.001 12.665 0.014]
INFO  [mc_indi_tiltrotor] T2dbg2 Wu25=[1.0 9.0] du25=[0.0047 0.0001] dmax25=[32.3350 0.0120] nu_yaw=0.008
INFO  [mc_indi_tiltrotor] WRdbg0 Wu0=1 lo0=-19.10 du0=0.0049 pin0=0.000 a0=[0.004 -0.004 0.001 -0.002 0.006]
INFO  [mc_indi_tiltrotor] WRdbg1 Wu1=1 lo1=-19.43 du1=-0.0018 pin1=0.000 a1=[-0.004 -0.002 -0.003 0.001 0.007]
INFO  [mc_indi_tiltrotor] YWdbg nu2=0.012 ach2=0.013 r=-0.01 wsp2=-0.01 ddelta=[-0.0020 0.0013 -0.0007]
INFO  [mc_indi_tiltrotor] T0dbg1 G0=[-0.256 0.227 0.020 0.157 -0.988] nu_des=[-0.00 -0.01 -0.00 -0.12 -0.11]
INFO  [mc_indi_tiltrotor] T0dbg2 Ws34=[0.1 20.0] Wu0=1.0 du0=0.0368 dmin0=-18.6295 dmax0=26.3705
INFO  [mc_indi_tiltrotor] T2dbg1 G2=[-0.000 -0.650 0.060 0.002 -1.000] G5=[-0.754 -0.867 -0.001 12.570 0.019]
INFO  [mc_indi_tiltrotor] T2dbg2 Wu25=[1.0 9.0] du25=[0.0349 0.0001] dmax25=[32.4295 0.0120] nu_yaw=-0.001
INFO  [mc_indi_tiltrotor] WRdbg0 Wu0=1 lo0=-18.63 du0=0.0368 pin0=-0.005 a0=[0.007 -0.007 0.000 0.000 0.042]
INFO  [mc_indi_tiltrotor] WRdbg1 Wu1=1 lo1=-19.17 du1=0.0332 pin1=0.004 a1=[-0.006 -0.006 0.000 -0.000 0.042]
INFO  [mc_indi_tiltrotor] T0dbg1 G0=[-0.256 0.227 0.021 0.153 -0.988] nu_des=[0.01 0.00 0.01 -0.10 -0.01]
INFO  [mc_indi_tiltrotor] T0dbg2 Ws34=[0.1 20.0] Wu0=1.0 du0=-0.0100 dmin0=-18.9879 dmax0=26.0121
INFO  [mc_indi_tiltrotor] T2dbg1 G2=[-0.000 -0.650 0.060 0.001 -1.000] G5=[-0.769 -0.890 -0.001 12.821 0.011]
INFO  [mc_indi_tiltrotor] T2dbg2 Wu25=[1.0 9.0] du25=[0.0021 -0.0005] dmax25=[32.1792 0.0120] nu_yaw=0.015
INFO  [mc_indi_tiltrotor] WRdbg0 Wu0=1 lo0=-18.99 du0=-0.0100 pin0=0.000 a0=[-0.016 0.002 0.002 -0.000 0.003]
INFO  [mc_indi_tiltrotor] WRdbg1 Wu1=1 lo1=-19.68 du1=0.0146 pin1=0.000 a1=[0.016 0.001 -0.006 0.000 0.003]
INFO  [mc_indi_tiltrotor] YWdbg nu2=0.002 ach2=0.002 r=-0.01 wsp2=0.01 ddelta=[-0.0004 -0.0001 -0.0001]
INFO  [mc_indi_tiltrotor] T0dbg1 G0=[-0.256 0.227 0.021 0.152 -0.988] nu_des=[-0.00 0.00 -0.00 -0.12 -0.00]
INFO  [mc_indi_tiltrotor] T0dbg2 Ws34=[0.1 20.0] Wu0=1.0 du0=0.0049 dmin0=-19.0963 dmax0=25.9037
INFO  [mc_indi_tiltrotor] T2dbg1 G2=[-0.000 -0.650 0.060 0.001 -1.000] G5=[-0.763 -0.884 -0.001 12.724 0.011]
INFO  [mc_indi_tiltrotor] T2dbg2 Wu25=[1.0 9.0] du25=[-0.0052 -0.0001] dmax25=[32.2756 0.0120] nu_yaw=-0.003
INFO  [mc_indi_tiltrotor] WRdbg0 Wu0=1 lo0=-19.10 du0=0.0049 pin0=0.000 a0=[0.002 0.003 -0.000 -0.001 0.001]
INFO  [mc_indi_tiltrotor] WRdbg1 Wu1=1 lo1=-19.60 du1=0.0022 pin1=0.000 a1=[-0.002 0.002 0.001 0.000 0.001]
INFO  [mc_indi_tiltrotor] T0dbg1 G0=[-0.256 0.227 0.020 0.155 -0.988] nu_des=[-0.01 0.00 -0.04 -0.11 -0.02]
INFO  [mc_indi_tiltrotor] T0dbg2 Ws34=[0.1 20.0] Wu0=1.0 du0=0.0253 dmin0=-18.8951 dmax0=26.1049
INFO  [mc_indi_tiltrotor] T2dbg1 G2=[-0.000 -0.650 0.060 0.002 -1.000] G5=[-0.748 -0.857 -0.001 12.463 0.024]
INFO  [mc_indi_tiltrotor] T2dbg2 Wu25=[1.0 9.0] du25=[0.0118 0.0003] dmax25=[32.5368 0.0120] nu_yaw=-0.043
INFO  [mc_indi_tiltrotor] WRdbg0 Wu0=1 lo0=-18.90 du0=0.0253 pin0=-0.003 a0=[0.019 0.000 0.001 0.000 0.009]
INFO  [mc_indi_tiltrotor] WRdbg1 Wu1=1 lo1=-19.16 du1=0.0064 pin1=0.002 a1=[-0.018 0.000 0.013 -0.000 0.009]
INFO  [mc_indi_tiltrotor] YWdbg nu2=-0.005 ach2=-0.004 r=0.04 wsp2=-0.00 ddelta=[0.0036 0.0033 -0.0010]
INFO  [mc_indi_tiltrotor] T0dbg1 G0=[-0.256 0.227 0.018 0.165 -0.986] nu_des=[-0.01 -0.01 -0.01 -0.33 -0.01]
INFO  [mc_indi_tiltrotor] T0dbg2 Ws34=[0.1 20.0] Wu0=1.0 du0=0.0103 dmin0=-19.2791 dmax0=25.7209
INFO  [mc_indi_tiltrotor] T2dbg1 G2=[-0.000 -0.650 0.060 0.002 -1.000] G5=[-0.766 -0.880 -0.001 12.768 0.021]
INFO  [mc_indi_tiltrotor] T2dbg2 Wu25=[1.0 9.0] du25=[0.0113 0.0004] dmax25=[32.2322 0.0120] nu_yaw=-0.012
INFO  [mc_indi_tiltrotor] WRdbg0 Wu0=1 lo0=-19.28 du0=0.0103 pin0=-0.001 a0=[0.012 -0.004 0.001 0.000 0.003]
INFO  [mc_indi_tiltrotor] WRdbg1 Wu1=1 lo1=-19.48 du1=-0.0081 pin1=0.001 a1=[-0.011 -0.004 0.004 -0.000 0.003]
INFO  [mc_indi_tiltrotor] T0dbg1 G0=[-0.257 0.227 0.016 0.174 -0.985] nu_des=[0.01 -0.05 -0.00 -0.46 0.05]
INFO  [mc_indi_tiltrotor] T0dbg2 Ws34=[0.1 20.0] Wu0=1.0 du0=-0.0601 dmin0=-19.1224 dmax0=25.8776
INFO  [mc_indi_tiltrotor] T2dbg1 G2=[-0.000 -0.650 0.060 0.001 -1.000] G5=[-0.772 -0.897 -0.000 12.874 0.007]
INFO  [mc_indi_tiltrotor] T2dbg2 Wu25=[1.0 9.0] du25=[0.0384 0.0003] dmax25=[32.1255 0.0120] nu_yaw=-0.000
INFO  [mc_indi_tiltrotor] WRdbg0 Wu0=1 lo0=-19.12 du0=-0.0601 pin0=-0.002 a0=[-0.013 -0.027 0.000 0.000 -0.019]
INFO  [mc_indi_tiltrotor] WRdbg1 Wu1=1 lo1=-19.66 du1=-0.0307 pin1=0.001 a1=[0.012 -0.024 0.000 -0.000 -0.019]
INFO  [mc_indi_tiltrotor] YWdbg nu2=0.039 ach2=0.039 r=-0.01 wsp2=-0.03 ddelta=[0.0120 0.0120 0.0120]
INFO  [mc_indi_tiltrotor] T0dbg1 G0=[-0.256 0.227 0.018 0.163 -0.987] nu_des=[-0.00 -0.06 0.03 -0.35 -0.12]
INFO  [mc_indi_tiltrotor] T0dbg2 Ws34=[0.1 20.0] Wu0=1.0 du0=0.0002 dmin0=-18.4392 dmax0=26.5608
INFO  [mc_indi_tiltrotor] T2dbg1 G2=[-0.000 -0.650 0.060 0.002 -1.000] G5=[-0.748 -0.859 -0.001 12.462 0.020]
INFO  [mc_indi_tiltrotor] T2dbg2 Wu25=[1.0 9.0] du25=[0.0774 0.0007] dmax25=[32.5378 0.0120] nu_yaw=0.033
INFO  [mc_indi_tiltrotor] WRdbg0 Wu0=1 lo0=-18.44 du0=0.0002 pin0=-0.019 a0=[0.002 -0.038 0.009 0.000 0.046]
INFO  [mc_indi_tiltrotor] WRdbg1 Wu1=1 lo1=-19.22 du1=0.0085 pin1=0.008 a1=[-0.002 -0.029 -0.015 -0.000 0.046]
INFO  [mc_indi_tiltrotor] T0dbg1 G0=[-0.256 0.227 0.022 0.150 -0.989] nu_des=[-0.00 0.01 0.00 -0.16 0.00]
INFO  [mc_indi_tiltrotor] T0dbg2 Ws34=[0.1 20.0] Wu0=1.0 du0=0.0124 dmin0=-19.1481 dmax0=25.8519
INFO  [mc_indi_tiltrotor] T2dbg1 G2=[-0.000 -0.650 0.060 0.002 -1.000] G5=[-0.768 -0.883 -0.001 12.800 0.020]
INFO  [mc_indi_tiltrotor] T2dbg2 Wu25=[1.0 9.0] du25=[-0.0141 -0.0001] dmax25=[32.2003 0.0120] nu_yaw=0.004
INFO  [mc_indi_tiltrotor] WRdbg0 Wu0=1 lo0=-19.15 du0=0.0124 pin0=0.000 a0=[0.004 0.009 0.001 -0.001 -0.000]
INFO  [mc_indi_tiltrotor] WRdbg1 Wu1=1 lo1=-19.68 du1=-0.0003 pin1=0.000 a1=[-0.004 0.005 -0.002 0.000 -0.000]
INFO  [mc_indi_tiltrotor] YWdbg nu2=-0.009 ach2=-0.009 r=-0.01 wsp2=0.03 ddelta=[0.0005 -0.0013 -0.0001]
INFO  [mc_indi_tiltrotor] T0dbg1 G0=[-0.256 0.227 0.021 0.152 -0.988] nu_des=[-0.01 0.00 -0.02 -0.11 0.02]
INFO  [mc_indi_tiltrotor] T0dbg2 Ws34=[0.1 20.0] Wu0=1.0 du0=0.0161 dmin0=-19.3195 dmax0=25.6805
INFO  [mc_indi_tiltrotor] T2dbg1 G2=[-0.000 -0.650 0.060 0.002 -1.000] G5=[-0.768 -0.880 -0.001 12.805 0.025]
INFO  [mc_indi_tiltrotor] T2dbg2 Wu25=[1.0 9.0] du25=[-0.0086 0.0006] dmax25=[32.1955 0.0120] nu_yaw=-0.019
INFO  [mc_indi_tiltrotor] WRdbg0 Wu0=1 lo0=-19.32 du0=0.0161 pin0=-0.004 a0=[0.027 0.001 0.000 0.000 -0.008]
INFO  [mc_indi_tiltrotor] WRdbg1 Wu1=1 lo1=-19.59 du1=-0.0243 pin1=0.003 a1=[-0.025 0.001 0.006 -0.000 -0.008]
INFO  [mc_indi_tiltrotor] T0dbg1 G0=[-0.256 0.227 0.019 0.162 -0.987] nu_des=[-0.00 0.01 -0.03 -0.18 -0.20]
INFO  [mc_indi_tiltrotor] T0dbg2 Ws34=[0.1 20.0] Wu0=1.0 du0=0.0819 dmin0=-18.4828 dmax0=26.5172
INFO  [mc_indi_tiltrotor] T2dbg1 G2=[-0.000 -0.650 0.060 0.004 -1.000] G5=[-0.737 -0.831 -0.003 12.276 0.043]
INFO  [mc_indi_tiltrotor] T2dbg2 Wu25=[1.0 9.0] du25=[0.0465 -0.0005] dmax25=[32.7236 0.0120] nu_yaw=-0.031
INFO  [mc_indi_tiltrotor] WRdbg0 Wu0=1 lo0=-18.48 du0=0.0819 pin0=-0.003 a0=[0.006 0.004 0.001 0.000 0.074]
INFO  [mc_indi_tiltrotor] WRdbg1 Wu1=1 lo1=-18.77 du1=0.0838 pin1=0.002 a1=[-0.005 0.003 0.009 -0.000 0.074]
INFO  [mc_indi_tiltrotor] YWdbg nu2=-0.034 ach2=-0.032 r=0.05 wsp2=-0.01 ddelta=[0.0103 0.0051 -0.0017]
INFO  [mc_indi_tiltrotor] T0dbg1 G0=[-0.256 0.227 0.018 0.166 -0.986] nu_des=[-0.00 -0.00 0.01 -0.33 -0.01]
INFO  [mc_indi_tiltrotor] T0dbg2 Ws34=[0.1 20.0] Wu0=1.0 du0=0.0079 dmin0=-19.0688 dmax0=25.9312
INFO  [mc_indi_tiltrotor] T2dbg1 G2=[-0.000 -0.650 0.060 0.002 -1.000] G5=[-0.764 -0.872 -0.002 12.734 0.030]
INFO  [mc_indi_tiltrotor] T2dbg2 Wu25=[1.0 9.0] du25=[-0.0003 0.0001] dmax25=[32.2661 0.0120] nu_yaw=0.006
INFO  [mc_indi_tiltrotor] WRdbg0 Wu0=1 lo0=-19.07 du0=0.0079 pin0=-0.002 a0=[0.008 -0.001 -0.000 0.000 0.004]
INFO  [mc_indi_tiltrotor] WRdbg1 Wu1=1 lo1=-19.54 du1=-0.0057 pin1=0.002 a1=[-0.008 -0.001 -0.002 -0.000 0.004]
INFO  [mc_indi_tiltrotor] T0dbg1 G0=[-0.256 0.227 0.020 0.158 -0.987] nu_des=[0.01 0.02 0.02 -0.30 0.03]
INFO  [mc_indi_tiltrotor] T0dbg2 Ws34=[0.1 20.0] Wu0=1.0 du0=-0.0145 dmin0=-19.0866 dmax0=25.9134
INFO  [mc_indi_tiltrotor] T2dbg1 G2=[-0.000 -0.650 0.060 0.001 -1.000] G5=[-0.769 -0.886 -0.001 12.822 0.019]
INFO  [mc_indi_tiltrotor] T2dbg2 Wu25=[1.0 9.0] du25=[-0.0190 -0.0008] dmax25=[32.1781 0.0120] nu_yaw=0.018
INFO  [mc_indi_tiltrotor] WRdbg0 Wu0=1 lo0=-19.09 du0=-0.0145 pin0=0.000 a0=[-0.019 0.013 0.002 -0.001 -0.009]
INFO  [mc_indi_tiltrotor] WRdbg1 Wu1=1 lo1=-19.69 du1=0.0086 pin1=0.000 a1=[0.018 0.007 -0.007 0.001 -0.011]
INFO  [mc_indi_tiltrotor] YWdbg nu2=0.020 ach2=0.021 r=-0.04 wsp2=-0.01 ddelta=[-0.0021 0.0022 -0.0004]
INFO  [mc_indi_tiltrotor] T0dbg1 G0=[-0.256 0.227 0.021 0.155 -0.988] nu_des=[-0.02 -0.01 -0.01 -0.16 -0.05]
INFO  [mc_indi_tiltrotor] T0dbg2 Ws34=[0.1 20.0] Wu0=1.0 du0=0.0402 dmin0=-18.4482 dmax0=26.5518
INFO  [mc_indi_tiltrotor] T2dbg1 G2=[-0.000 -0.650 0.060 0.002 -1.000] G5=[-0.741 -0.848 -0.001 12.349 0.025]
INFO  [mc_indi_tiltrotor] T2dbg2 Wu25=[1.0 9.0] du25=[0.0122 0.0009] dmax25=[32.6508 0.0120] nu_yaw=-0.008
INFO  [mc_indi_tiltrotor] WRdbg0 Wu0=1 lo0=-18.45 du0=0.0402 pin0=0.000 a0=[0.033 -0.009 -0.001 -0.001 0.018]
INFO  [mc_indi_tiltrotor] WRdbg1 Wu1=1 lo1=-19.04 du1=-0.0125 pin1=0.000 a1=[-0.032 -0.005 0.003 0.000 0.021]
INFO  [mc_indi_tiltrotor] T0dbg1 G0=[-0.256 0.227 0.021 0.153 -0.988] nu_des=[-0.00 -0.00 -0.01 -0.09 0.00]
INFO  [mc_indi_tiltrotor] T0dbg2 Ws34=[0.1 20.0] Wu0=1.0 du0=-0.0037 dmin0=-19.2037 dmax0=25.7963
INFO  [mc_indi_tiltrotor] T2dbg1 G2=[-0.000 -0.650 0.060 0.002 -1.000] G5=[-0.768 -0.880 -0.002 12.807 0.026]
INFO  [mc_indi_tiltrotor] T2dbg2 Wu25=[1.0 9.0] du25=[0.0029 -0.0000] dmax25=[32.1925 0.0120] nu_yaw=-0.009
INFO  [mc_indi_tiltrotor] WRdbg0 Wu0=1 lo0=-19.20 du0=-0.0037 pin0=-0.001 a0=[0.000 -0.002 0.000 0.000 -0.001]
INFO  [mc_indi_tiltrotor] WRdbg1 Wu1=1 lo1=-19.65 du1=0.0002 pin1=0.001 a1=[-0.000 -0.001 0.003 -0.000 -0.001]
INFO  [mc_indi_tiltrotor] YWdbg nu2=-0.034 ach2=-0.033 r=0.03 wsp2=0.01 ddelta=[0.0066 -0.0002 0.0003]
INFO  [mc_indi_tiltrotor] T0dbg1 G0=[-0.256 0.227 0.018 0.165 -0.986] nu_des=[-0.01 -0.01 0.01 -0.39 0.04]
INFO  [mc_indi_tiltrotor] T0dbg2 Ws34=[0.1 20.0] Wu0=1.0 du0=-0.0158 dmin0=-19.3374 dmax0=25.6626
INFO  [mc_indi_tiltrotor] T2dbg1 G2=[-0.000 -0.650 0.060 0.002 -1.000] G5=[-0.769 -0.883 -0.001 12.821 0.022]
INFO  [mc_indi_tiltrotor] T2dbg2 Wu25=[1.0 9.0] du25=[-0.0006 0.0005] dmax25=[32.1794 0.0120] nu_yaw=0.008
INFO  [mc_indi_tiltrotor] WRdbg0 Wu0=1 lo0=-19.34 du0=-0.0158 pin0=0.000 a0=[0.010 -0.011 0.001 -0.002 -0.013]
INFO  [mc_indi_tiltrotor] WRdbg1 Wu1=1 lo1=-19.64 du1=-0.0344 pin1=0.000 a1=[-0.009 -0.006 -0.003 0.001 -0.017]
INFO  [mc_indi_tiltrotor] T0dbg1 G0=[-0.256 0.227 0.020 0.159 -0.987] nu_des=[-0.01 -0.02 0.01 -0.15 -0.14]
INFO  [mc_indi_tiltrotor] T0dbg2 Ws34=[0.1 20.0] Wu0=1.0 du0=0.0558 dmin0=-18.4179 dmax0=26.5821
INFO  [mc_indi_tiltrotor] T2dbg1 G2=[-0.000 -0.650 0.060 0.002 -1.000] G5=[-0.739 -0.842 -0.002 12.310 0.030]
INFO  [mc_indi_tiltrotor] T2dbg2 Wu25=[1.0 9.0] du25=[0.0410 0.0005] dmax25=[32.6901 0.0120] nu_yaw=0.005
INFO  [mc_indi_tiltrotor] WRdbg0 Wu0=1 lo0=-18.42 du0=0.0558 pin0=-0.007 a0=[0.019 -0.009 -0.000 0.000 0.052]
INFO  [mc_indi_tiltrotor] WRdbg1 Wu1=1 lo1=-18.87 du1=0.0296 pin1=0.005 a1=[-0.018 -0.008 -0.002 -0.000 0.052]
INFO  [mc_indi_tiltrotor] YWdbg nu2=0.010 ach2=0.010 r=-0.01 wsp2=-0.01 ddelta=[-0.0022 -0.0001 -0.0002]
INFO  [mc_indi_tiltrotor] T0dbg1 G0=[-0.256 0.227 0.021 0.153 -0.988] nu_des=[0.00 0.03 0.00 -0.08 -0.00]
INFO  [mc_indi_tiltrotor] T0dbg2 Ws34=[0.1 20.0] Wu0=1.0 du0=0.0229 dmin0=-19.0779 dmax0=25.9221
INFO  [mc_indi_tiltrotor] T2dbg1 G2=[-0.000 -0.650 0.060 0.002 -1.000] G5=[-0.766 -0.877 -0.001 12.761 0.024]
INFO  [mc_indi_tiltrotor] T2dbg2 Wu25=[1.0 9.0] du25=[-0.0280 -0.0005] dmax25=[32.2388 0.0120] nu_yaw=0.001
INFO  [mc_indi_tiltrotor] WRdbg0 Wu0=1 lo0=-19.08 du0=0.0229 pin0=0.000 a0=[-0.001 0.023 0.000 -0.000 0.001]
INFO  [mc_indi_tiltrotor] WRdbg1 Wu1=1 lo1=-19.65 du1=0.0149 pin1=0.000 a1=[0.001 0.013 -0.001 0.000 0.002]
INFO  [mc_indi_tiltrotor] T0dbg1 G0=[-0.256 0.227 0.021 0.151 -0.988] nu_des=[-0.01 -0.00 0.01 -0.10 0.01]
INFO  [mc_indi_tiltrotor] T0dbg2 Ws34=[0.1 20.0] Wu0=1.0 du0=0.0101 dmin0=-18.9933 dmax0=26.0067
INFO  [mc_indi_tiltrotor] T2dbg1 G2=[-0.000 -0.650 0.060 0.002 -1.000] G5=[-0.764 -0.877 -0.001 12.739 0.023]
INFO  [mc_indi_tiltrotor] T2dbg2 Wu25=[1.0 9.0] du25=[-0.0052 0.0007] dmax25=[32.2605 0.0120] nu_yaw=0.008
INFO  [mc_indi_tiltrotor] WRdbg0 Wu0=1 lo0=-18.99 du0=0.0101 pin0=0.000 a0=[0.016 -0.002 0.001 -0.000 -0.004]
INFO  [mc_indi_tiltrotor] WRdbg1 Wu1=1 lo1=-19.59 du1=-0.0255 pin1=0.000 a1=[-0.016 -0.001 -0.003 0.000 -0.005]
INFO  [mc_indi_tiltrotor] YWdbg nu2=0.002 ach2=0.001 r=-0.01 wsp2=0.01 ddelta=[-0.0013 -0.0013 0.0005]
INFO  [mc_indi_tiltrotor] T0dbg1 G0=[-0.256 0.227 0.021 0.153 -0.988] nu_des=[-0.00 -0.00 -0.03 -0.05 -0.06]
INFO  [mc_indi_tiltrotor] T0dbg2 Ws34=[0.1 20.0] Wu0=1.0 du0=0.0203 dmin0=-18.3213 dmax0=26.6787
INFO  [mc_indi_tiltrotor] T2dbg1 G2=[-0.000 -0.650 0.060 0.003 -1.000] G5=[-0.734 -0.831 -0.002 12.235 0.039]
INFO  [mc_indi_tiltrotor] T2dbg2 Wu25=[1.0 9.0] du25=[0.0162 -0.0002] dmax25=[32.7654 0.0120] nu_yaw=-0.029
INFO  [mc_indi_tiltrotor] WRdbg0 Wu0=1 lo0=-18.32 du0=0.0203 pin0=-0.007 a0=[0.006 -0.002 0.000 0.000 0.023]
INFO  [mc_indi_tiltrotor] WRdbg1 Wu1=1 lo1=-18.75 du1=0.0291 pin1=0.005 a1=[-0.006 -0.002 0.009 -0.000 0.023]
INFO  [mc_indi_tiltrotor] T0dbg1 G0=[-0.256 0.227 0.019 0.162 -0.987] nu_des=[-0.00 -0.00 -0.01 -0.29 -0.01]
INFO  [mc_indi_tiltrotor] T0dbg2 Ws34=[0.1 20.0] Wu0=1.0 du0=0.0019 dmin0=-19.1572 dmax0=25.8428
INFO  [mc_indi_tiltrotor] T2dbg1 G2=[-0.000 -0.650 0.060 0.003 -1.000] G5=[-0.766 -0.872 -0.002 12.764 0.032]
INFO  [mc_indi_tiltrotor] T2dbg2 Wu25=[1.0 9.0] du25=[0.0045 -0.0002] dmax25=[32.2360 0.0120] nu_yaw=-0.013
INFO  [mc_indi_tiltrotor] WRdbg0 Wu0=1 lo0=-19.16 du0=0.0019 pin0=-0.003 a0=[0.002 -0.002 0.000 0.000 0.004]
INFO  [mc_indi_tiltrotor] WRdbg1 Wu1=1 lo1=-19.52 du1=0.0063 pin1=0.002 a1=[-0.002 -0.002 0.004 -0.000 0.004]
INFO  [mc_indi_tiltrotor] YWdbg nu2=-0.006 ach2=-0.006 r=0.02 wsp2=-0.01 ddelta=[0.0008 -0.0003 -0.0005]
INFO  [mc_indi_tiltrotor] T0dbg1 G0=[-0.256 0.227 0.019 0.160 -0.987] nu_des=[0.01 0.01 0.01 -0.23 0.03]
INFO  [mc_indi_tiltrotor] T0dbg2 Ws34=[0.1 20.0] Wu0=1.0 du0=-0.0135 dmin0=-19.2165 dmax0=25.7835
INFO  [mc_indi_tiltrotor] T2dbg1 G2=[-0.000 -0.650 0.060 0.002 -1.000] G5=[-0.766 -0.876 -0.002 12.768 0.027]
INFO  [mc_indi_tiltrotor] T2dbg2 Wu25=[1.0 9.0] du25=[-0.0163 -0.0006] dmax25=[32.2320 0.0120] nu_yaw=0.012
INFO  [mc_indi_tiltrotor] WRdbg0 Wu0=1 lo0=-19.22 du0=-0.0135 pin0=0.000 a0=[-0.014 0.010 0.001 -0.001 -0.010]
INFO  [mc_indi_tiltrotor] WRdbg1 Wu1=1 lo1=-19.61 du1=0.0033 pin1=0.000 a1=[0.013 0.006 -0.005 0.001 -0.012]
INFO  [mc_indi_tiltrotor] T0dbg1 G0=[-0.256 0.227 0.020 0.156 -0.988] nu_des=[-0.00 0.04 -0.01 -0.09 -0.16]
INFO  [mc_indi_tiltrotor] T0dbg2 Ws34=[0.1 20.0] Wu0=1.0 du0=0.0866 dmin0=-18.0869 dmax0=26.9131
INFO  [mc_indi_tiltrotor] T2dbg1 G2=[-0.000 -0.650 0.060 0.003 -1.000] G5=[-0.735 -0.835 -0.002 12.245 0.034]
INFO  [mc_indi_tiltrotor] T2dbg2 Wu25=[1.0 9.0] du25=[-0.0085 -0.0010] dmax25=[32.7550 0.0120] nu_yaw=-0.012
INFO  [mc_indi_tiltrotor] WRdbg0 Wu0=1 lo0=-18.09 du0=0.0866 pin0=0.000 a0=[0.006 0.029 -0.001 -0.000 0.053]
INFO  [mc_indi_tiltrotor] WRdbg1 Wu1=1 lo1=-18.61 du1=0.0801 pin1=0.000 a1=[-0.006 0.017 0.004 0.000 0.064]
INFO  [mc_indi_tiltrotor] YWdbg nu2=-0.008 ach2=-0.009 r=-0.02 wsp2=0.00 ddelta=[-0.0011 -0.0029 0.0002]
INFO  [mc_indi_tiltrotor] T0dbg1 G0=[-0.256 0.227 0.020 0.157 -0.988] nu_des=[0.01 0.00 -0.02 -0.16 0.00]
INFO  [mc_indi_tiltrotor] T0dbg2 Ws34=[0.1 20.0] Wu0=1.0 du0=-0.0101 dmin0=-19.1458 dmax0=25.8542
INFO  [mc_indi_tiltrotor] T2dbg1 G2=[-0.000 -0.650 0.060 0.002 -1.000] G5=[-0.772 -0.881 -0.002 12.862 0.029]
INFO  [mc_indi_tiltrotor] T2dbg2 Wu25=[1.0 9.0] du25=[0.0030 -0.0006] dmax25=[32.1376 0.0120] nu_yaw=-0.023
INFO  [mc_indi_tiltrotor] WRdbg0 Wu0=1 lo0=-19.15 du0=-0.0101 pin0=-0.001 a0=[-0.011 0.001 0.000 0.000 -0.000]
INFO  [mc_indi_tiltrotor] WRdbg1 Wu1=1 lo1=-19.70 du1=0.0180 pin1=0.000 a1=[0.010 0.001 0.007 -0.000 -0.000]
INFO  [mc_indi_tiltrotor] T0dbg1 G0=[-0.257 0.227 0.016 0.171 -0.985] nu_des=[0.01 -0.02 0.03 -0.52 0.02]
INFO  [mc_indi_tiltrotor] T0dbg2 Ws34=[0.1 20.0] Wu0=1.0 du0=-0.0363 dmin0=-19.2850 dmax0=25.7150
INFO  [mc_indi_tiltrotor] T2dbg1 G2=[-0.000 -0.650 0.060 0.001 -1.000] G5=[-0.770 -0.887 -0.001 12.840 0.019]
INFO  [mc_indi_tiltrotor] T2dbg2 Wu25=[1.0 9.0] du25=[0.0109 -0.0003] dmax25=[32.1604 0.0120] nu_yaw=0.029
INFO  [mc_indi_tiltrotor] WRdbg0 Wu0=1 lo0=-19.28 du0=-0.0363 pin0=0.000 a0=[-0.018 -0.011 0.002 -0.003 -0.007]
INFO  [mc_indi_tiltrotor] WRdbg1 Wu1=1 lo1=-19.89 du1=-0.0072 pin1=0.000 a1=[0.018 -0.007 -0.011 0.001 -0.008]
INFO  [mc_indi_tiltrotor] YWdbg nu2=0.041 ach2=0.039 r=-0.00 wsp2=-0.01 ddelta=[-0.0065 0.0011 0.0003]
INFO  [mc_indi_tiltrotor] T0dbg1 G0=[-0.256 0.227 0.018 0.163 -0.987] nu_des=[-0.01 -0.06 0.01 -0.28 -0.43]
INFO  [mc_indi_tiltrotor] T0dbg2 Ws34=[0.1 20.0] Wu0=1.0 du0=0.1169 dmin0=-17.7232 dmax0=27.2768
INFO  [mc_indi_tiltrotor] T2dbg1 G2=[-0.000 -0.650 0.060 0.003 -1.000] G5=[-0.696 -0.789 -0.002 11.596 0.035]
INFO  [mc_indi_tiltrotor] T2dbg2 Wu25=[1.0 9.0] du25=[0.1513 0.0001] dmax25=[33.4040 0.0120] nu_yaw=0.010
INFO  [mc_indi_tiltrotor] WRdbg0 Wu0=1 lo0=-17.72 du0=0.1169 pin0=-0.020 a0=[0.014 -0.036 0.000 0.000 0.159]
INFO  [mc_indi_tiltrotor] WRdbg1 Wu1=1 lo1=-18.06 du1=0.1242 pin1=0.011 a1=[-0.013 -0.034 -0.000 -0.000 0.161]
INFO  [mc_indi_tiltrotor] T0dbg1 G0=[-0.256 0.227 0.020 0.155 -0.988] nu_des=[0.00 0.01 -0.03 -0.15 -0.02]
INFO  [mc_indi_tiltrotor] T0dbg2 Ws34=[0.1 20.0] Wu0=1.0 du0=0.0072 dmin0=-19.2319 dmax0=25.7681
INFO  [mc_indi_tiltrotor] T2dbg1 G2=[-0.000 -0.650 0.060 0.003 -1.000] G5=[-0.770 -0.875 -0.002 12.832 0.036]
INFO  [mc_indi_tiltrotor] T2dbg2 Wu25=[1.0 9.0] du25=[0.0022 -0.0005] dmax25=[32.1683 0.0120] nu_yaw=-0.025
INFO  [mc_indi_tiltrotor] WRdbg0 Wu0=1 lo0=-19.23 du0=0.0072 pin0=-0.001 a0=[-0.003 0.004 0.000 0.000 0.008]
INFO  [mc_indi_tiltrotor] WRdbg1 Wu1=1 lo1=-19.57 du1=0.0220 pin1=0.001 a1=[0.003 0.003 0.008 -0.000 0.008]
INFO  [mc_indi_tiltrotor] YWdbg nu2=-0.026 ach2=-0.024 r=0.02 wsp2=0.01 ddelta=[0.0049 0.0006 -0.0010]
INFO  [mc_indi_tiltrotor] T0dbg1 G0=[-0.256 0.227 0.018 0.165 -0.986] nu_des=[-0.00 0.00 -0.01 -0.35 0.01]
INFO  [mc_indi_tiltrotor] T0dbg2 Ws34=[0.1 20.0] Wu0=1.0 du0=0.0007 dmin0=-19.1911 dmax0=25.8089
INFO  [mc_indi_tiltrotor] T2dbg1 G2=[-0.000 -0.650 0.060 0.002 -1.000] G5=[-0.771 -0.884 -0.001 12.848 0.024]
INFO  [mc_indi_tiltrotor] T2dbg2 Wu25=[1.0 9.0] du25=[-0.0101 -0.0002] dmax25=[32.1515 0.0120] nu_yaw=-0.006
INFO  [mc_indi_tiltrotor] WRdbg0 Wu0=1 lo0=-19.19 du0=0.0007 pin0=0.000 a0=[0.003 0.004 -0.000 -0.002 -0.004]
INFO  [mc_indi_tiltrotor] WRdbg1 Wu1=1 lo1=-19.69 du1=-0.0033 pin1=0.000 a1=[-0.003 0.002 0.002 0.001 -0.005]
INFO  [mc_indi_tiltrotor] T0dbg1 G0=[-0.257 0.227 0.017 0.167 -0.986] nu_des=[0.00 0.04 0.04 -0.29 -0.08]
INFO  [mc_indi_tiltrotor] T0dbg2 Ws34=[0.1 20.0] Wu0=1.0 du0=0.0487 dmin0=-17.5018 dmax0=27.4982
INFO  [mc_indi_tiltrotor] T2dbg1 G2=[-0.000 -0.650 0.060 0.002 -1.000] G5=[-0.697 -0.795 -0.002 11.618 0.028]
INFO  [mc_indi_tiltrotor] T2dbg2 Wu25=[1.0 9.0] du25=[-0.0202 -0.0007] dmax25=[33.3815 0.0120] nu_yaw=0.040
INFO  [mc_indi_tiltrotor] WRdbg0 Wu0=1 lo0=-17.50 du0=0.0487 pin0=0.000 a0=[-0.006 0.025 0.004 -0.001 0.027]
INFO  [mc_indi_tiltrotor] WRdbg1 Wu1=1 lo1=-18.06 du1=0.0393 pin1=0.000 a1=[0.006 0.016 -0.015 0.001 0.033]
INFO  [mc_indi_tiltrotor] YWdbg nu2=0.012 ach2=0.012 r=-0.03 wsp2=-0.01 ddelta=[-0.0047 -0.0020 -0.0000]
INFO  [mc_indi_tiltrotor] T0dbg1 G0=[-0.256 0.227 0.021 0.152 -0.988] nu_des=[0.00 0.00 -0.00 -0.07 -0.02]
INFO  [mc_indi_tiltrotor] T0dbg2 Ws34=[0.1 20.0] Wu0=1.0 du0=0.0065 dmin0=-19.0494 dmax0=25.9506
INFO  [mc_indi_tiltrotor] T2dbg1 G2=[-0.000 -0.650 0.060 0.002 -1.000] G5=[-0.763 -0.873 -0.002 12.713 0.026]
INFO  [mc_indi_tiltrotor] T2dbg2 Wu25=[1.0 9.0] du25=[0.0011 -0.0002] dmax25=[32.2868 0.0120] nu_yaw=-0.004
INFO  [mc_indi_tiltrotor] WRdbg0 Wu0=1 lo0=-19.05 du0=0.0065 pin0=0.000 a0=[-0.001 0.002 -0.000 -0.000 0.006]
INFO  [mc_indi_tiltrotor] WRdbg1 Wu1=1 lo1=-19.51 du1=0.0106 pin1=0.000 a1=[0.001 0.001 0.002 0.000 0.007]
INFO  [mc_indi_tiltrotor] T0dbg1 G0=[-0.256 0.227 0.020 0.156 -0.988] nu_des=[-0.00 -0.01 -0.02 -0.11 0.02]
INFO  [mc_indi_tiltrotor] T0dbg2 Ws34=[0.1 20.0] Wu0=1.0 du0=-0.0108 dmin0=-19.0600 dmax0=25.9400
INFO  [mc_indi_tiltrotor] T2dbg1 G2=[-0.000 -0.650 0.060 0.002 -1.000] G5=[-0.765 -0.875 -0.002 12.745 0.026]
INFO  [mc_indi_tiltrotor] T2dbg2 Wu25=[1.0 9.0] du25=[0.0081 0.0001] dmax25=[32.2550 0.0120] nu_yaw=-0.019
INFO  [mc_indi_tiltrotor] WRdbg0 Wu0=1 lo0=-19.06 du0=-0.0108 pin0=-0.001 a0=[0.001 -0.005 0.000 0.000 -0.007]
INFO  [mc_indi_tiltrotor] WRdbg1 Wu1=1 lo1=-19.53 du1=-0.0061 pin1=0.001 a1=[-0.001 -0.004 0.006 -0.000 -0.007]
INFO  [mc_indi_tiltrotor] YWdbg nu2=-0.023 ach2=-0.022 r=0.02 wsp2=0.01 ddelta=[0.0044 -0.0004 0.0001]
INFO  [mc_indi_tiltrotor] T0dbg1 G0=[-0.257 0.227 0.016 0.171 -0.985] nu_des=[0.01 -0.16 0.04 -0.31 -0.18]
INFO  [mc_indi_tiltrotor] T0dbg2 Ws34=[0.1 20.0] Wu0=1.0 du0=-0.0557 dmin0=-17.6983 dmax0=27.3017
INFO  [mc_indi_tiltrotor] T2dbg1 G2=[-0.000 -0.650 0.060 0.003 -1.000] G5=[-0.694 -0.789 -0.002 11.565 0.031]
INFO  [mc_indi_tiltrotor] T2dbg2 Wu25=[1.0 9.0] du25=[0.2025 0.0016] dmax25=[33.4348 0.0120] nu_yaw=0.040
INFO  [mc_indi_tiltrotor] WRdbg0 Wu0=1 lo0=-17.70 du0=-0.0557 pin0=-0.016 a0=[-0.013 -0.094 0.001 0.000 0.066]
INFO  [mc_indi_tiltrotor] WRdbg1 Wu1=1 lo1=-18.14 du1=-0.0057 pin1=0.003 a1=[0.013 -0.087 -0.001 -0.000 0.067]
INFO  [mc_indi_tiltrotor] T0dbg1 G0=[-0.256 0.227 0.020 0.156 -0.988] nu_des=[-0.01 0.01 0.00 -0.14 -0.04]
INFO  [mc_indi_tiltrotor] T0dbg2 Ws34=[0.1 20.0] Wu0=1.0 du0=0.0338 dmin0=-19.0200 dmax0=25.9800
INFO  [mc_indi_tiltrotor] T2dbg1 G2=[-0.000 -0.650 0.060 0.002 -1.000] G5=[-0.761 -0.868 -0.002 12.689 0.031]
INFO  [mc_indi_tiltrotor] T2dbg2 Wu25=[1.0 9.0] du25=[-0.0030 0.0002] dmax25=[32.3113 0.0120] nu_yaw=0.000
INFO  [mc_indi_tiltrotor] WRdbg0 Wu0=1 lo0=-19.02 du0=0.0338 pin0=-0.003 a0=[0.018 0.004 -0.000 0.000 0.014]
INFO  [mc_indi_tiltrotor] WRdbg1 Wu1=1 lo1=-19.47 du1=0.0039 pin1=0.002 a1=[-0.016 0.004 -0.000 -0.000 0.014]
INFO  [mc_indi_tiltrotor] YWdbg nu2=0.012 ach2=0.012 r=-0.01 wsp2=-0.00 ddelta=[-0.0017 0.0008 -0.0002]
INFO  [mc_indi_tiltrotor] T0dbg1 G0=[-0.256 0.227 0.021 0.153 -0.988] nu_des=[0.01 0.00 0.00 -0.15 0.00]
INFO  [mc_indi_tiltrotor] T0dbg2 Ws34=[0.1 20.0] Wu0=1.0 du0=-0.0109 dmin0=-19.1343 dmax0=25.8657
INFO  [mc_indi_tiltrotor] T2dbg1 G2=[-0.000 -0.650 0.060 0.002 -1.000] G5=[-0.764 -0.875 -0.001 12.726 0.024]
INFO  [mc_indi_tiltrotor] T2dbg2 Wu25=[1.0 9.0] du25=[-0.0021 -0.0005] dmax25=[32.2737 0.0120] nu_yaw=0.001
INFO  [mc_indi_tiltrotor] WRdbg0 Wu0=1 lo0=-19.13 du0=-0.0109 pin0=0.000 a0=[-0.012 0.003 0.000 -0.001 -0.001]
INFO  [mc_indi_tiltrotor] WRdbg1 Wu1=1 lo1=-19.65 du1=0.0115 pin1=0.000 a1=[0.012 0.002 -0.000 0.000 -0.001]
INFO  [mc_indi_tiltrotor] T0dbg1 G0=[-0.256 0.227 0.020 0.155 -0.988] nu_des=[0.01 -0.00 -0.00 -0.01 0.39]
INFO  [mc_indi_tiltrotor] T0dbg2 Ws34=[0.1 20.0] Wu0=1.0 du0=-0.1523 dmin0=-17.4730 dmax0=27.5270
INFO  [mc_indi_tiltrotor] T2dbg1 G2=[-0.000 -0.650 0.060 0.004 -1.000] G5=[-0.698 -0.786 -0.003 11.637 0.044]
INFO  [mc_indi_tiltrotor] T2dbg2 Wu25=[1.0 9.0] du25=[-0.0704 0.0003] dmax25=[33.3626 0.0120] nu_yaw=-0.004
INFO  [mc_indi_tiltrotor] WRdbg0 Wu0=1 lo0=-17.47 du0=-0.1523 pin0=0.016 a0=[-0.023 -0.001 -0.001 -0.000 -0.143]
INFO  [mc_indi_tiltrotor] WRdbg1 Wu1=1 lo1=-17.80 du1=-0.1315 pin1=-0.009 a1=[0.021 -0.001 0.002 -0.000 -0.145]
INFO  [mc_indi_tiltrotor] YWdbg nu2=-0.006 ach2=-0.005 r=0.00 wsp2=0.01 ddelta=[-0.0030 -0.0043 0.0000]
INFO  [mc_indi_tiltrotor] T0dbg1 G0=[-0.256 0.227 0.018 0.164 -0.987] nu_des=[0.00 0.00 -0.01 -0.32 -0.07]
INFO  [mc_indi_tiltrotor] T0dbg2 Ws34=[0.1 20.0] Wu0=1.0 du0=0.0174 dmin0=-18.9258 dmax0=26.0742
INFO  [mc_indi_tiltrotor] T2dbg1 G2=[-0.000 -0.650 0.060 0.003 -1.000] G5=[-0.757 -0.858 -0.002 12.609 0.038]
INFO  [mc_indi_tiltrotor] T2dbg2 Wu25=[1.0 9.0] du25=[0.0117 -0.0006] dmax25=[32.3909 0.0120] nu_yaw=-0.008
INFO  [mc_indi_tiltrotor] WRdbg0 Wu0=1 lo0=-18.93 du0=0.0174 pin0=0.000 a0=[-0.004 0.001 -0.001 -0.002 0.023]
INFO  [mc_indi_tiltrotor] WRdbg1 Wu1=1 lo1=-19.39 du1=0.0363 pin1=0.000 a1=[0.004 0.000 0.003 0.001 0.028]
INFO  [mc_indi_tiltrotor] T0dbg1 G0=[-0.256 0.227 0.020 0.158 -0.987] nu_des=[0.00 0.00 0.00 -0.19 -0.00]
INFO  [mc_indi_tiltrotor] T0dbg2 Ws34=[0.1 20.0] Wu0=1.0 du0=-0.0010 dmin0=-19.0944 dmax0=25.9056
INFO  [mc_indi_tiltrotor] T2dbg1 G2=[-0.000 -0.650 0.060 0.003 -1.000] G5=[-0.768 -0.873 -0.002 12.794 0.035]
INFO  [mc_indi_tiltrotor] T2dbg2 Wu25=[1.0 9.0] du25=[-0.0012 -0.0001] dmax25=[32.2059 0.0120] nu_yaw=0.005
INFO  [mc_indi_tiltrotor] WRdbg0 Wu0=1 lo0=-19.09 du0=-0.0010 pin0=0.000 a0=[-0.002 0.000 0.000 -0.001 0.001]
INFO  [mc_indi_tiltrotor] WRdbg1 Wu1=1 lo1=-19.59 du1=0.0012 pin1=0.000 a1=[0.002 0.000 -0.002 0.000 0.001]
INFO  [mc_indi_tiltrotor] YWdbg nu2=0.008 ach2=0.008 r=-0.01 wsp2=-0.01 ddelta=[-0.0000 0.0018 -0.0003]
INFO  [mc_indi_tiltrotor] T0dbg1 G0=[-0.256 0.227 0.020 0.156 -0.988] nu_des=[0.00 -0.03 0.02 -0.06 1.64]
INFO  [mc_indi_tiltrotor] T0dbg2 Ws34=[0.1 20.0] Wu0=1.0 du0=-0.6115 dmin0=-17.6308 dmax0=27.3692
INFO  [mc_indi_tiltrotor] T2dbg1 G2=[-0.000 -0.650 0.060 0.003 -1.000] G5=[-0.709 -0.802 -0.002 11.823 0.039]
INFO  [mc_indi_tiltrotor] T2dbg2 Wu25=[1.0 9.0] du25=[-0.3635 0.0031] dmax25=[33.1773 0.0120] nu_yaw=0.019
INFO  [mc_indi_tiltrotor] WRdbg0 Wu0=1 lo0=-17.63 du0=-0.6115 pin0=0.019 a0=[-0.008 -0.016 0.000 0.000 -0.607]
INFO  [mc_indi_tiltrotor] WRdbg1 Wu1=1 lo1=-18.19 du1=-0.6344 pin1=-0.012 a1=[0.008 -0.014 -0.001 -0.000 -0.614]
INFO  [mc_indi_tiltrotor] T0dbg1 G0=[-0.256 0.227 0.021 0.155 -0.988] nu_des=[-0.01 0.00 -0.03 -0.11 -0.02]
INFO  [mc_indi_tiltrotor] T0dbg2 Ws34=[0.1 20.0] Wu0=1.0 du0=0.0330 dmin0=-19.0115 dmax0=25.9885
INFO  [mc_indi_tiltrotor] T2dbg1 G2=[-0.000 -0.650 0.060 0.003 -1.000] G5=[-0.761 -0.861 -0.002 12.685 0.041]
INFO  [mc_indi_tiltrotor] T2dbg2 Wu25=[1.0 9.0] du25=[0.0093 0.0007] dmax25=[32.3144 0.0120] nu_yaw=-0.029
INFO  [mc_indi_tiltrotor] WRdbg0 Wu0=1 lo0=-19.01 du0=0.0330 pin0=-0.002 a0=[0.027 0.000 0.000 0.000 0.007]
INFO  [mc_indi_tiltrotor] WRdbg1 Wu1=1 lo1=-19.46 du1=-0.0084 pin1=0.001 a1=[-0.025 0.000 0.009 -0.000 0.007]
INFO  [mc_indi_tiltrotor] YWdbg nu2=-0.031 ach2=-0.030 r=0.02 wsp2=0.01 ddelta=[0.0052 -0.0008 0.0001]
INFO  [mc_indi_tiltrotor] T0dbg1 G0=[-0.256 0.227 0.019 0.162 -0.987] nu_des=[-0.00 -0.01 0.01 -0.30 -0.00]
INFO  [mc_indi_tiltrotor] T0dbg2 Ws34=[0.1 20.0] Wu0=1.0 du0=-0.0048 dmin0=-19.2685 dmax0=25.7315
INFO  [mc_indi_tiltrotor] T2dbg1 G2=[-0.000 -0.650 0.060 0.003 -1.000] G5=[-0.768 -0.874 -0.002 12.802 0.034]
INFO  [mc_indi_tiltrotor] T2dbg2 Wu25=[1.0 9.0] du25=[0.0046 0.0001] dmax25=[32.1977 0.0120] nu_yaw=0.013
INFO  [mc_indi_tiltrotor] WRdbg0 Wu0=1 lo0=-19.27 du0=-0.0048 pin0=0.000 a0=[0.000 -0.006 0.001 -0.001 0.001]
INFO  [mc_indi_tiltrotor] WRdbg1 Wu1=1 lo1=-19.66 du1=-0.0070 pin1=0.000 a1=[-0.000 -0.003 -0.005 0.001 0.001]
INFO  [mc_indi_tiltrotor] T0dbg1 G0=[-0.256 0.227 0.020 0.159 -0.987] nu_des=[0.00 -0.01 0.02 -0.26 6.07]
INFO  [mc_indi_tiltrotor] T0dbg2 Ws34=[0.1 20.0] Wu0=1.0 du0=-2.2359 dmin0=-19.0103 dmax0=25.9897
INFO  [mc_indi_tiltrotor] T2dbg1 G2=[-0.000 -0.650 0.060 0.002 -1.000] G5=[-0.763 -0.872 -0.002 12.724 0.029]
INFO  [mc_indi_tiltrotor] T2dbg2 Wu25=[1.0 1000000.0] du25=[-1.5306 0.0120] dmax25=[32.2757 0.0120] nu_yaw=0.017
INFO  [mc_indi_tiltrotor] WRdbg0 Wu0=1 lo0=-19.01 du0=-2.2359 pin0=0.009 a0=[-0.003 -0.004 0.000 -0.000 -2.238]
INFO  [mc_indi_tiltrotor] WRdbg1 Wu1=1 lo1=-19.51 du1=-2.2842 pin1=0.009 a1=[0.003 -0.004 -0.000 -0.000 -2.293]
INFO  [mc_indi_tiltrotor] YWdbg nu2=0.029 ach2=0.004 r=-0.02 wsp2=-0.01 ddelta=[0.0120 0.0120 0.0024]
INFO  [mc_indi_tiltrotor] T0dbg1 G0=[-0.256 0.227 0.021 0.154 -0.988] nu_des=[0.01 0.00 -0.01 -0.07 -0.08]
INFO  [mc_indi_tiltrotor] T0dbg2 Ws34=[0.1 20.0] Wu0=1.0 du0=0.0148 dmin0=-18.8580 dmax0=26.1420
INFO  [mc_indi_tiltrotor] T2dbg1 G2=[-0.000 -0.650 0.060 0.003 -1.000] G5=[-0.759 -0.858 -0.003 12.650 0.042]
INFO  [mc_indi_tiltrotor] T2dbg2 Wu25=[1.0 9.0] du25=[0.0180 -0.0008] dmax25=[32.3499 0.0120] nu_yaw=-0.013
INFO  [mc_indi_tiltrotor] WRdbg0 Wu0=1 lo0=-18.86 du0=0.0148 pin0=-0.002 a0=[-0.015 0.001 0.000 0.000 0.030]
INFO  [mc_indi_tiltrotor] WRdbg1 Wu1=1 lo1=-19.33 du1=0.0502 pin1=0.002 a1=[0.014 0.001 0.004 -0.000 0.030]
INFO  [mc_indi_tiltrotor] T0dbg1 G0=[-0.256 0.227 0.018 0.164 -0.986] nu_des=[-0.00 -0.06 -0.02 -0.30 0.04]
INFO  [mc_indi_tiltrotor] T0dbg2 Ws34=[0.1 20.0] Wu0=1.0 du0=-0.0409 dmin0=-19.2176 dmax0=25.7824
INFO  [mc_indi_tiltrotor] T2dbg1 G2=[-0.000 -0.650 0.060 0.003 -1.000] G5=[-0.773 -0.878 -0.002 12.887 0.037]
INFO  [mc_indi_tiltrotor] T2dbg2 Wu25=[1.0 9.0] du25=[0.0603 0.0011] dmax25=[32.1132 0.0120] nu_yaw=-0.024
INFO  [mc_indi_tiltrotor] WRdbg0 Wu0=1 lo0=-19.22 du0=-0.0409 pin0=-0.000 a0=[0.004 -0.032 0.001 0.000 -0.013]
INFO  [mc_indi_tiltrotor] WRdbg1 Wu1=1 lo1=-19.72 du1=-0.0379 pin1=0.000 a1=[-0.003 -0.029 0.007 -0.000 -0.013]
INFO  [mc_indi_tiltrotor] YWdbg nu2=-0.021 ach2=-0.021 r=0.03 wsp2=-0.01 ddelta=[0.0044 0.0007 -0.0004]
INFO  [mc_indi_tiltrotor] T0dbg1 G0=[-0.257 0.227 0.017 0.170 -0.985] nu_des=[-0.00 0.00 -0.01 -0.41 0.02]
INFO  [mc_indi_tiltrotor] T0dbg2 Ws34=[0.1 20.0] Wu0=1.0 du0=-0.0018 dmin0=-19.2341 dmax0=25.7659
INFO  [mc_indi_tiltrotor] T2dbg1 G2=[-0.000 -0.650 0.060 0.002 -1.000] G5=[-0.766 -0.874 -0.002 12.760 0.029]
INFO  [mc_indi_tiltrotor] T2dbg2 Wu25=[1.0 9.0] du25=[-0.0062 -0.0001] dmax25=[32.2396 0.0120] nu_yaw=-0.006
INFO  [mc_indi_tiltrotor] WRdbg0 Wu0=1 lo0=-19.23 du0=-0.0018 pin0=-0.000 a0=[0.004 0.001 0.000 0.000 -0.007]
INFO  [mc_indi_tiltrotor] WRdbg1 Wu1=1 lo1=-19.65 du1=-0.0080 pin1=0.000 a1=[-0.004 0.001 0.002 -0.000 -0.007]
INFO  [mc_indi_tiltrotor] T0dbg1 G0=[-0.256 0.227 0.020 0.158 -0.988] nu_des=[-0.01 -0.01 0.02 -0.22 -0.04]
INFO  [mc_indi_tiltrotor] T0dbg2 Ws34=[0.1 20.0] Wu0=1.0 du0=0.0213 dmin0=-18.9030 dmax0=26.0970
INFO  [mc_indi_tiltrotor] T2dbg1 G2=[-0.000 -0.650 0.060 0.003 -1.000] G5=[-0.754 -0.854 -0.002 12.573 0.040]
INFO  [mc_indi_tiltrotor] T2dbg2 Wu25=[1.0 9.0] du25=[0.0080 0.0004] dmax25=[32.4265 0.0120] nu_yaw=0.021
INFO  [mc_indi_tiltrotor] WRdbg0 Wu0=1 lo0=-18.90 du0=0.0213 pin0=0.000 a0=[0.011 -0.005 0.002 -0.001 0.014]
INFO  [mc_indi_tiltrotor] WRdbg1 Wu1=1 lo1=-19.32 du1=-0.0036 pin1=0.000 a1=[-0.010 -0.003 -0.008 0.001 0.017]
INFO  [mc_indi_tiltrotor] YWdbg nu2=0.023 ach2=0.023 r=-0.04 wsp2=-0.00 ddelta=[-0.0079 -0.0039 0.0006]
INFO  [mc_indi_tiltrotor] T0dbg1 G0=[-0.256 0.227 0.022 0.151 -0.989] nu_des=[0.00 -0.01 -0.00 -0.10 0.00]
INFO  [mc_indi_tiltrotor] T0dbg2 Ws34=[0.1 20.0] Wu0=1.0 du0=-0.0135 dmin0=-19.2656 dmax0=25.7344
INFO  [mc_indi_tiltrotor] T2dbg1 G2=[-0.000 -0.650 0.060 0.003 -1.000] G5=[-0.775 -0.882 -0.002 12.924 0.035]
INFO  [mc_indi_tiltrotor] T2dbg2 Wu25=[1.0 9.0] du25=[0.0074 -0.0002] dmax25=[32.0758 0.0120] nu_yaw=-0.002
INFO  [mc_indi_tiltrotor] WRdbg0 Wu0=1 lo0=-19.27 du0=-0.0135 pin0=0.000 a0=[-0.006 -0.006 -0.000 -0.000 -0.001]
INFO  [mc_indi_tiltrotor] WRdbg1 Wu1=1 lo1=-19.78 du1=0.0021 pin1=0.000 a1=[0.006 -0.003 0.001 0.000 -0.001]
INFO  [mc_indi_tiltrotor] T0dbg1 G0=[-0.256 0.227 0.021 0.155 -0.988] nu_des=[-0.00 -0.00 -0.01 -0.13 0.04]
INFO  [mc_indi_tiltrotor] T0dbg2 Ws34=[0.1 20.0] Wu0=1.0 du0=-0.0133 dmin0=-19.1475 dmax0=25.8525
INFO  [mc_indi_tiltrotor] T2dbg1 G2=[-0.000 -0.650 0.060 0.003 -1.000] G5=[-0.773 -0.879 -0.002 12.892 0.037]
INFO  [mc_indi_tiltrotor] T2dbg2 Wu25=[1.0 9.0] du25=[-0.0075 -0.0000] dmax25=[32.1083 0.0120] nu_yaw=-0.009
INFO  [mc_indi_tiltrotor] WRdbg0 Wu0=1 lo0=-19.15 du0=-0.0133 pin0=0.000 a0=[0.000 -0.000 -0.001 -0.001 -0.012]
INFO  [mc_indi_tiltrotor] WRdbg1 Wu1=1 lo1=-19.63 du1=-0.0113 pin1=0.000 a1=[-0.000 -0.000 0.004 0.000 -0.015]
INFO  [mc_indi_tiltrotor] YWdbg nu2=-0.014 ach2=-0.014 r=0.02 wsp2=0.01 ddelta=[0.0024 -0.0002 -0.0003]
INFO  [mc_indi_tiltrotor] T0dbg1 G0=[-0.256 0.227 0.019 0.162 -0.987] nu_des=[-0.00 0.01 -0.03 -0.23 -0.05]
INFO  [mc_indi_tiltrotor] T0dbg2 Ws34=[0.1 20.0] Wu0=1.0 du0=0.0266 dmin0=-18.7916 dmax0=26.2084
INFO  [mc_indi_tiltrotor] T2dbg1 G2=[-0.000 -0.650 0.060 0.004 -1.000] G5=[-0.752 -0.842 -0.003 12.525 0.054]
INFO  [mc_indi_tiltrotor] T2dbg2 Wu25=[1.0 9.0] du25=[0.0046 -0.0005] dmax25=[32.4745 0.0120] nu_yaw=-0.026
INFO  [mc_indi_tiltrotor] WRdbg0 Wu0=1 lo0=-18.79 du0=0.0266 pin0=-0.002 a0=[0.000 0.007 0.001 0.000 0.020]
INFO  [mc_indi_tiltrotor] WRdbg1 Wu1=1 lo1=-19.25 du1=0.0342 pin1=0.001 a1=[-0.000 0.006 0.008 -0.000 0.020]
INFO  [mc_indi_tiltrotor] T0dbg1 G0=[-0.256 0.227 0.019 0.161 -0.987] nu_des=[0.00 0.02 0.02 -0.32 0.01]
INFO  [mc_indi_tiltrotor] T0dbg2 Ws34=[0.1 20.0] Wu0=1.0 du0=0.0025 dmin0=-19.2324 dmax0=25.7676
INFO  [mc_indi_tiltrotor] T2dbg1 G2=[-0.000 -0.650 0.060 0.003 -1.000] G5=[-0.768 -0.868 -0.003 12.797 0.043]
INFO  [mc_indi_tiltrotor] T2dbg2 Wu25=[1.0 9.0] du25=[-0.0178 -0.0004] dmax25=[32.2027 0.0120] nu_yaw=0.016
INFO  [mc_indi_tiltrotor] WRdbg0 Wu0=1 lo0=-19.23 du0=0.0025 pin0=0.000 a0=[-0.007 0.012 0.002 -0.002 -0.003]
INFO  [mc_indi_tiltrotor] WRdbg1 Wu1=1 lo1=-19.67 du1=0.0042 pin1=0.000 a1=[0.006 0.007 -0.006 0.001 -0.003]
INFO  [mc_indi_tiltrotor] YWdbg nu2=0.020 ach2=0.020 r=-0.01 wsp2=-0.02 ddelta=[-0.0007 0.0036 -0.0006]
INFO  [mc_indi_tiltrotor] T0dbg1 G0=[-0.256 0.227 0.021 0.155 -0.988] nu_des=[0.01 -0.00 0.02 -0.25 0.01]
INFO  [mc_indi_tiltrotor] T0dbg2 Ws34=[0.1 20.0] Wu0=1.0 du0=-0.0149 dmin0=-19.2847 dmax0=25.7153
INFO  [mc_indi_tiltrotor] T2dbg1 G2=[-0.000 -0.650 0.060 0.003 -1.000] G5=[-0.772 -0.878 -0.002 12.860 0.035]
INFO  [mc_indi_tiltrotor] T2dbg2 Wu25=[1.0 9.0] du25=[0.0026 -0.0002] dmax25=[32.1397 0.0120] nu_yaw=0.017
INFO  [mc_indi_tiltrotor] WRdbg0 Wu0=1 lo0=-19.28 du0=-0.0149 pin0=0.000 a0=[-0.010 -0.003 0.002 -0.001 -0.002]
INFO  [mc_indi_tiltrotor] WRdbg1 Wu1=1 lo1=-19.77 du1=-0.0010 pin1=0.000 a1=[0.010 -0.002 -0.006 0.001 -0.003]
INFO  [mc_indi_tiltrotor] YWdbg nu2=-0.016 ach2=-0.015 r=0.00 wsp2=0.01 ddelta=[0.0005 -0.0031 0.0006]
INFO  [mc_indi_tiltrotor] T0dbg1 G0=[-0.256 0.227 0.021 0.153 -0.988] nu_des=[-0.01 -0.02 -0.02 -0.07 -0.17]
INFO  [mc_indi_tiltrotor] T0dbg2 Ws34=[0.1 20.0] Wu0=1.0 du0=0.0572 dmin0=-18.6575 dmax0=26.3425
INFO  [mc_indi_tiltrotor] T2dbg1 G2=[-0.000 -0.650 0.060 0.004 -1.000] G5=[-0.748 -0.841 -0.003 12.474 0.050]
INFO  [mc_indi_tiltrotor] T2dbg2 Wu25=[1.0 9.0] du25=[0.0648 0.0004] dmax25=[32.5264 0.0120] nu_yaw=-0.016
INFO  [mc_indi_tiltrotor] WRdbg0 Wu0=1 lo0=-18.66 du0=0.0572 pin0=-0.005 a0=[0.014 -0.013 0.000 0.000 0.062]
INFO  [mc_indi_tiltrotor] WRdbg1 Wu1=1 lo1=-19.13 du1=0.0452 pin1=0.004 a1=[-0.013 -0.012 0.005 -0.000 0.062]
INFO  [mc_indi_tiltrotor] T0dbg1 G0=[-0.256 0.227 0.018 0.164 -0.986] nu_des=[-0.01 -0.01 0.00 -0.36 -0.01]
INFO  [mc_indi_tiltrotor] T0dbg2 Ws34=[0.1 20.0] Wu0=1.0 du0=0.0010 dmin0=-19.2103 dmax0=25.7897
INFO  [mc_indi_tiltrotor] T2dbg1 G2=[-0.000 -0.650 0.060 0.003 -1.000] G5=[-0.772 -0.874 -0.002 12.862 0.040]
INFO  [mc_indi_tiltrotor] T2dbg2 Wu25=[1.0 9.0] du25=[0.0091 0.0003] dmax25=[32.1379 0.0120] nu_yaw=0.001
INFO  [mc_indi_tiltrotor] WRdbg0 Wu0=1 lo0=-19.21 du0=0.0010 pin0=-0.005 a0=[0.010 -0.007 -0.000 0.000 0.003]
INFO  [mc_indi_tiltrotor] WRdbg1 Wu1=1 lo1=-19.74 du1=-0.0100 pin1=0.003 a1=[-0.009 -0.006 -0.000 -0.000 0.003]
INFO  [mc_indi_tiltrotor] YWdbg nu2=0.025 ach2=0.024 r=-0.01 wsp2=-0.01 ddelta=[-0.0029 0.0021 -0.0001]
INFO  [mc_indi_tiltrotor] T0dbg1 G0=[-0.256 0.227 0.020 0.158 -0.987] nu_des=[0.01 0.02 0.00 -0.24 0.01]
INFO  [mc_indi_tiltrotor] T0dbg2 Ws34=[0.1 20.0] Wu0=1.0 du0=-0.0034 dmin0=-19.3677 dmax0=25.6323
INFO  [mc_indi_tiltrotor] T2dbg1 G2=[-0.000 -0.650 0.060 0.003 -1.000] G5=[-0.772 -0.878 -0.002 12.875 0.036]
INFO  [mc_indi_tiltrotor] T2dbg2 Wu25=[1.0 9.0] du25=[-0.0183 -0.0008] dmax25=[32.1254 0.0120] nu_yaw=0.004
INFO  [mc_indi_tiltrotor] WRdbg0 Wu0=1 lo0=-19.37 du0=-0.0034 pin0=0.000 a0=[-0.015 0.015 0.000 -0.001 -0.003]
INFO  [mc_indi_tiltrotor] WRdbg1 Wu1=1 lo1=-19.82 du1=0.0177 pin1=0.000 a1=[0.014 0.008 -0.002 0.001 -0.004]
INFO  [mc_indi_tiltrotor] T0dbg1 G0=[-0.256 0.227 0.021 0.155 -0.988] nu_des=[0.00 0.00 -0.01 -0.09 -0.06]
INFO  [mc_indi_tiltrotor] T0dbg2 Ws34=[0.1 20.0] Wu0=1.0 du0=0.0201 dmin0=-18.7119 dmax0=26.2881
INFO  [mc_indi_tiltrotor] T2dbg1 G2=[-0.000 -0.650 0.060 0.004 -1.000] G5=[-0.745 -0.836 -0.003 12.420 0.052]
INFO  [mc_indi_tiltrotor] T2dbg2 Wu25=[1.0 9.0] du25=[0.0098 -0.0004] dmax25=[32.5796 0.0120] nu_yaw=-0.014
INFO  [mc_indi_tiltrotor] WRdbg0 Wu0=1 lo0=-18.71 du0=0.0201 pin0=-0.003 a0=[-0.001 0.002 0.000 0.000 0.021]
INFO  [mc_indi_tiltrotor] WRdbg1 Wu1=1 lo1=-19.10 du1=0.0299 pin1=0.002 a1=[0.001 0.002 0.004 -0.000 0.021]
INFO  [mc_indi_tiltrotor] YWdbg nu2=-0.031 ach2=-0.030 r=0.03 wsp2=-0.01 ddelta=[0.0097 0.0049 -0.0014]
INFO  [mc_indi_tiltrotor] T0dbg1 G0=[-0.257 0.227 0.017 0.167 -0.986] nu_des=[0.00 0.22 -0.01 -0.41 0.06]
INFO  [mc_indi_tiltrotor] T0dbg2 Ws34=[0.1 20.0] Wu0=1.0 du0=0.1284 dmin0=-19.2963 dmax0=25.7037
INFO  [mc_indi_tiltrotor] T2dbg1 G2=[-0.000 -0.650 0.060 0.004 -1.000] G5=[-0.782 -0.881 -0.003 13.033 0.048]
INFO  [mc_indi_tiltrotor] T2dbg2 Wu25=[1.0 1000000.0] du25=[-0.2325 -0.0036] dmax25=[31.9667 0.0120] nu_yaw=-0.010
INFO  [mc_indi_tiltrotor] WRdbg0 Wu0=1 lo0=-19.30 du0=0.1284 pin0=0.027 a0=[-0.002 0.126 -0.000 -0.000 -0.022]
INFO  [mc_indi_tiltrotor] WRdbg1 Wu1=1 lo1=-19.75 du1=0.0837 pin1=-0.024 a1=[0.002 0.129 0.000 -0.000 -0.023]
INFO  [mc_indi_tiltrotor] T0dbg1 G0=[-0.256 0.227 0.019 0.160 -0.987] nu_des=[0.01 0.07 0.02 -0.40 0.06]
INFO  [mc_indi_tiltrotor] T0dbg2 Ws34=[0.1 20.0] Wu0=1.0 du0=0.0182 dmin0=-19.3012 dmax0=25.6988
INFO  [mc_indi_tiltrotor] T2dbg1 G2=[-0.000 -0.650 0.060 0.003 -1.000] G5=[-0.774 -0.882 -0.002 12.894 0.032]
INFO  [mc_indi_tiltrotor] T2dbg2 Wu25=[1.0 9.0] du25=[-0.0746 -0.0013] dmax25=[32.1064 0.0120] nu_yaw=0.017
INFO  [mc_indi_tiltrotor] WRdbg0 Wu0=1 lo0=-19.30 du0=0.0182 pin0=0.000 a0=[-0.014 0.051 0.002 -0.002 -0.019]
INFO  [mc_indi_tiltrotor] WRdbg1 Wu1=1 lo1=-19.79 du1=0.0139 pin1=0.000 a1=[0.013 0.029 -0.007 0.001 -0.023]
INFO  [mc_indi_tiltrotor] YWdbg nu2=-0.017 ach2=-0.015 r=-0.01 wsp2=0.01 ddelta=[-0.0013 -0.0044 -0.0004]
INFO  [mc_indi_tiltrotor] T0dbg1 G0=[-0.256 0.227 0.020 0.155 -0.988] nu_des=[-0.01 0.03 -0.01 -0.13 -0.17]
INFO  [mc_indi_tiltrotor] T0dbg2 Ws34=[0.1 20.0] Wu0=1.0 du0=0.0904 dmin0=-18.3494 dmax0=26.6506
INFO  [mc_indi_tiltrotor] T2dbg1 G2=[-0.000 -0.650 0.060 0.004 -1.000] G5=[-0.740 -0.833 -0.003 12.332 0.046]
INFO  [mc_indi_tiltrotor] T2dbg2 Wu25=[1.0 9.0] du25=[0.0027 -0.0004] dmax25=[32.6679 0.0120] nu_yaw=-0.008
INFO  [mc_indi_tiltrotor] WRdbg0 Wu0=1 lo0=-18.35 du0=0.0904 pin0=0.000 a0=[0.017 0.019 -0.001 -0.001 0.056]
INFO  [mc_indi_tiltrotor] WRdbg1 Wu1=1 lo1=-18.81 du1=0.0646 pin1=0.000 a1=[-0.017 0.011 0.003 0.000 0.067]
INFO  [mc_indi_tiltrotor] T0dbg1 G0=[-0.256 0.227 0.019 0.162 -0.987] nu_des=[-0.01 0.02 -0.03 -0.28 0.02]
INFO  [mc_indi_tiltrotor] T0dbg2 Ws34=[0.1 20.0] Wu0=1.0 du0=0.0199 dmin0=-19.2946 dmax0=25.7054
INFO  [mc_indi_tiltrotor] T2dbg1 G2=[-0.000 -0.650 0.060 0.003 -1.000] G5=[-0.771 -0.873 -0.002 12.855 0.041]
INFO  [mc_indi_tiltrotor] T2dbg2 Wu25=[1.0 9.0] du25=[-0.0248 -0.0002] dmax25=[32.1447 0.0120] nu_yaw=-0.028
INFO  [mc_indi_tiltrotor] WRdbg0 Wu0=1 lo0=-19.29 du0=0.0199 pin0=-0.001 a0=[0.012 0.014 0.001 0.000 -0.007]
INFO  [mc_indi_tiltrotor] WRdbg1 Wu1=1 lo1=-19.76 du1=0.0022 pin1=0.000 a1=[-0.012 0.012 0.008 -0.000 -0.007]
INFO  [mc_indi_tiltrotor] YWdbg nu2=0.031 ach2=0.030 r=-0.02 wsp2=-0.01 ddelta=[-0.0028 0.0035 -0.0002]
INFO  [mc_indi_tiltrotor] T0dbg1 G0=[-0.256 0.227 0.019 0.161 -0.987] nu_des=[0.00 -0.09 0.02 -0.40 0.03]
INFO  [mc_indi_tiltrotor] T0dbg2 Ws34=[0.1 20.0] Wu0=1.0 du0=-0.0758 dmin0=-19.2467 dmax0=25.7533
INFO  [mc_indi_tiltrotor] T2dbg1 G2=[-0.000 -0.650 0.060 0.002 -1.000] G5=[-0.763 -0.872 -0.002 12.719 0.029]
INFO  [mc_indi_tiltrotor] T2dbg2 Wu25=[1.0 9.0] du25=[0.0720 0.0012] dmax25=[32.2808 0.0120] nu_yaw=0.020
INFO  [mc_indi_tiltrotor] WRdbg0 Wu0=1 lo0=-19.25 du0=-0.0758 pin0=0.000 a0=[-0.003 -0.064 0.002 -0.002 -0.009]
INFO  [mc_indi_tiltrotor] WRdbg1 Wu1=1 lo1=-19.73 du1=-0.0528 pin1=0.000 a1=[0.003 -0.037 -0.008 0.001 -0.011]
INFO  [mc_indi_tiltrotor] T0dbg1 G0=[-0.256 0.227 0.021 0.154 -0.988] nu_des=[-0.01 -0.02 -0.02 -0.10 -0.07]
INFO  [mc_indi_tiltrotor] T0dbg2 Ws34=[0.1 20.0] Wu0=1.0 du0=0.0208 dmin0=-18.2991 dmax0=26.7009
INFO  [mc_indi_tiltrotor] T2dbg1 G2=[-0.000 -0.650 0.060 0.004 -1.000] G5=[-0.732 -0.824 -0.003 12.201 0.046]
INFO  [mc_indi_tiltrotor] T2dbg2 Wu25=[1.0 9.0] du25=[0.0346 0.0005] dmax25=[32.7989 0.0120] nu_yaw=-0.021
INFO  [mc_indi_tiltrotor] WRdbg0 Wu0=1 lo0=-18.30 du0=0.0208 pin0=-0.010 a0=[0.019 -0.014 0.000 0.000 0.026]
INFO  [mc_indi_tiltrotor] WRdbg1 Wu1=1 lo1=-18.71 du1=0.0099 pin1=0.007 a1=[-0.017 -0.013 0.006 -0.000 0.026]
INFO  [mc_indi_tiltrotor] YWdbg nu2=-0.034 ach2=-0.015 r=0.03 wsp2=-0.00 ddelta=[0.0120 0.0120 -0.0028]
INFO  [mc_indi_tiltrotor] T0dbg1 G0=[-0.257 0.227 0.017 0.167 -0.986] nu_des=[0.02 0.02 0.00 -0.44 0.04]
INFO  [mc_indi_tiltrotor] T0dbg2 Ws34=[0.1 20.0] Wu0=1.0 du0=-0.0389 dmin0=-19.2937 dmax0=25.7063
INFO  [mc_indi_tiltrotor] T2dbg1 G2=[-0.000 -0.650 0.060 0.003 -1.000] G5=[-0.768 -0.871 -0.002 12.807 0.039]
INFO  [mc_indi_tiltrotor] T2dbg2 Wu25=[1.0 9.0] du25=[-0.0145 -0.0015] dmax25=[32.1926 0.0120] nu_yaw=0.002
INFO  [mc_indi_tiltrotor] WRdbg0 Wu0=1 lo0=-19.29 du0=-0.0389 pin0=0.000 a0=[-0.036 0.012 0.000 -0.002 -0.013]
INFO  [mc_indi_tiltrotor] WRdbg1 Wu1=1 lo1=-19.71 du1=0.0269 pin1=0.000 a1=[0.036 0.007 -0.001 0.001 -0.016]
INFO  [mc_indi_tiltrotor] T0dbg1 G0=[-0.256 0.227 0.019 0.161 -0.987] nu_des=[0.00 -0.00 0.01 -0.29 -0.00]
INFO  [mc_indi_tiltrotor] T0dbg2 Ws34=[0.1 20.0] Wu0=1.0 du0=-0.0067 dmin0=-19.2860 dmax0=25.7140
INFO  [mc_indi_tiltrotor] T2dbg1 G2=[-0.000 -0.650 0.060 0.003 -1.000] G5=[-0.768 -0.874 -0.002 12.806 0.035]
INFO  [mc_indi_tiltrotor] T2dbg2 Wu25=[1.0 9.0] du25=[0.0002 -0.0003] dmax25=[32.1938 0.0120] nu_yaw=0.010
INFO  [mc_indi_tiltrotor] WRdbg0 Wu0=1 lo0=-19.29 du0=-0.0067 pin0=0.000 a0=[-0.007 -0.000 0.001 -0.001 0.001]
INFO  [mc_indi_tiltrotor] WRdbg1 Wu1=1 lo1=-19.67 du1=0.0045 pin1=0.000 a1=[0.007 -0.000 -0.004 0.001 0.001]
INFO  [mc_indi_tiltrotor] YWdbg nu2=-0.017 ach2=-0.017 r=-0.02 wsp2=-0.00 ddelta=[0.0014 -0.0017 -0.0003]
INFO  [mc_indi_tiltrotor] T0dbg1 G0=[-0.256 0.227 0.021 0.155 -0.988] nu_des=[-0.01 0.02 -0.01 -0.07 -0.19]
INFO  [mc_indi_tiltrotor] T0dbg2 Ws34=[0.1 20.0] Wu0=1.0 du0=0.0824 dmin0=-18.3269 dmax0=26.6731
INFO  [mc_indi_tiltrotor] T2dbg1 G2=[-0.000 -0.650 0.060 0.004 -1.000] G5=[-0.729 -0.820 -0.003 12.148 0.047]
INFO  [mc_indi_tiltrotor] T2dbg2 Wu25=[1.0 9.0] du25=[0.0169 -0.0006] dmax25=[32.8519 0.0120] nu_yaw=-0.007
INFO  [mc_indi_tiltrotor] WRdbg0 Wu0=1 lo0=-18.33 du0=0.0824 pin0=-0.007 a0=[0.010 0.011 0.000 0.000 0.068]
INFO  [mc_indi_tiltrotor] WRdbg1 Wu1=1 lo1=-18.70 du1=0.0758 pin1=0.005 a1=[-0.009 0.010 0.002 -0.000 0.068]
INFO  [mc_indi_tiltrotor] T0dbg1 G0=[-0.256 0.227 0.018 0.165 -0.986] nu_des=[0.01 0.04 0.01 -0.41 0.06]
INFO  [mc_indi_tiltrotor] T0dbg2 Ws34=[0.1 20.0] Wu0=1.0 du0=-0.0132 dmin0=-19.3239 dmax0=25.6761
INFO  [mc_indi_tiltrotor] T2dbg1 G2=[-0.000 -0.650 0.060 0.003 -1.000] G5=[-0.773 -0.879 -0.002 12.882 0.036]
INFO  [mc_indi_tiltrotor] T2dbg2 Wu25=[1.0 9.0] du25=[-0.0442 -0.0011] dmax25=[32.1179 0.0120] nu_yaw=0.012
INFO  [mc_indi_tiltrotor] WRdbg0 Wu0=1 lo0=-19.32 du0=-0.0132 pin0=0.000 a0=[-0.020 0.028 0.001 -0.002 -0.020]
INFO  [mc_indi_tiltrotor] WRdbg1 Wu1=1 lo1=-19.92 du1=0.0062 pin1=0.000 a1=[0.019 0.016 -0.005 0.001 -0.025]
INFO  [mc_indi_tiltrotor] YWdbg nu2=0.027 ach2=0.026 r=-0.02 wsp2=0.00 ddelta=[-0.0013 0.0042 -0.0004]
INFO  [mc_indi_tiltrotor] T0dbg1 G0=[-0.256 0.227 0.020 0.157 -0.988] nu_des=[0.00 0.01 0.01 -0.31 0.02]
INFO  [mc_indi_tiltrotor] T0dbg2 Ws34=[0.1 20.0] Wu0=1.0 du0=-0.0007 dmin0=-19.1652 dmax0=25.8348
INFO  [mc_indi_tiltrotor] T2dbg1 G2=[-0.000 -0.650 0.060 0.003 -1.000] G5=[-0.771 -0.879 -0.002 12.852 0.032]
INFO  [mc_indi_tiltrotor] T2dbg2 Wu25=[1.0 9.0] du25=[-0.0153 -0.0001] dmax25=[32.1479 0.0120] nu_yaw=0.015
INFO  [mc_indi_tiltrotor] WRdbg0 Wu0=1 lo0=-19.17 du0=-0.0007 pin0=0.000 a0=[-0.000 0.007 0.002 -0.001 -0.007]
INFO  [mc_indi_tiltrotor] WRdbg1 Wu1=1 lo1=-19.74 du1=-0.0095 pin1=0.000 a1=[0.000 0.004 -0.006 0.001 -0.009]
INFO  [mc_indi_tiltrotor] T0dbg1 G0=[-0.256 0.227 0.021 0.155 -0.988] nu_des=[-0.00 0.02 -0.03 -0.07 -0.47]
INFO  [mc_indi_tiltrotor] T0dbg2 Ws34=[0.1 20.0] Wu0=1.0 du0=0.1787 dmin0=-17.8589 dmax0=27.1411
INFO  [mc_indi_tiltrotor] T2dbg1 G2=[-0.000 -0.650 0.060 0.005 -1.000] G5=[-0.711 -0.793 -0.003 11.848 0.056]
INFO  [mc_indi_tiltrotor] T2dbg2 Wu25=[1.0 9.0] du25=[0.0822 -0.0013] dmax25=[33.1516 0.0120] nu_yaw=-0.026
INFO  [mc_indi_tiltrotor] WRdbg0 Wu0=1 lo0=-17.86 du0=0.1787 pin0=-0.012 a0=[0.006 0.012 0.000 0.000 0.172]
INFO  [mc_indi_tiltrotor] WRdbg1 Wu1=1 lo1=-18.09 du1=0.1932 pin1=0.008 a1=[-0.005 0.011 0.008 -0.000 0.172]
INFO  [mc_indi_tiltrotor] YWdbg nu2=-0.005 ach2=-0.005 r=0.03 wsp2=-0.01 ddelta=[-0.0025 -0.0037 0.0002]
INFO  [mc_indi_tiltrotor] T0dbg1 G0=[-0.256 0.227 0.018 0.163 -0.987] nu_des=[-0.00 -0.02 -0.00 -0.36 -0.04]
INFO  [mc_indi_tiltrotor] T0dbg2 Ws34=[0.1 20.0] Wu0=1.0 du0=0.0098 dmin0=-19.3144 dmax0=25.6856
INFO  [mc_indi_tiltrotor] T2dbg1 G2=[-0.000 -0.650 0.060 0.004 -1.000] G5=[-0.769 -0.867 -0.003 12.811 0.046]
INFO  [mc_indi_tiltrotor] T2dbg2 Wu25=[1.0 9.0] du25=[0.0212 0.0002] dmax25=[32.1885 0.0120] nu_yaw=-0.001
INFO  [mc_indi_tiltrotor] WRdbg0 Wu0=1 lo0=-19.31 du0=0.0098 pin0=-0.005 a0=[0.008 -0.009 0.000 0.000 0.015]
INFO  [mc_indi_tiltrotor] WRdbg1 Wu1=1 lo1=-19.63 du1=0.0024 pin1=0.003 a1=[-0.008 -0.008 0.000 -0.000 0.015]
INFO  [mc_indi_tiltrotor] T0dbg1 G0=[-0.256 0.227 0.020 0.159 -0.987] nu_des=[0.01 -0.04 0.03 -0.30 0.02]
INFO  [mc_indi_tiltrotor] T0dbg2 Ws34=[0.1 20.0] Wu0=1.0 du0=-0.0483 dmin0=-19.2397 dmax0=25.7603
INFO  [mc_indi_tiltrotor] T2dbg1 G2=[-0.000 -0.650 0.060 0.003 -1.000] G5=[-0.770 -0.876 -0.002 12.831 0.034]
INFO  [mc_indi_tiltrotor] T2dbg2 Wu25=[1.0 9.0] du25=[0.0301 0.0002] dmax25=[32.1692 0.0120] nu_yaw=0.025
INFO  [mc_indi_tiltrotor] WRdbg0 Wu0=1 lo0=-19.24 du0=-0.0483 pin0=0.000 a0=[-0.014 -0.027 0.003 -0.001 -0.008]
INFO  [mc_indi_tiltrotor] WRdbg1 Wu1=1 lo1=-19.78 du1=-0.0198 pin1=0.000 a1=[0.014 -0.016 -0.010 0.001 -0.009]
INFO  [mc_indi_tiltrotor] YWdbg nu2=0.003 ach2=0.004 r=-0.03 wsp2=0.00 ddelta=[0.0037 0.0063 -0.0013]
INFO  [mc_indi_tiltrotor] T0dbg1 G0=[-0.256 0.227 0.021 0.155 -0.988] nu_des=[-0.01 -0.01 -0.00 -0.05 -0.12]
INFO  [mc_indi_tiltrotor] T0dbg2 Ws34=[0.1 20.0] Wu0=1.0 du0=0.0418 dmin0=-17.4278 dmax0=27.5722
INFO  [mc_indi_tiltrotor] T2dbg1 G2=[-0.000 -0.650 0.060 0.004 -1.000] G5=[-0.708 -0.795 -0.003 11.799 0.048]
INFO  [mc_indi_tiltrotor] T2dbg2 Wu25=[1.0 9.0] du25=[0.0332 0.0001] dmax25=[33.2012 0.0120] nu_yaw=-0.002
INFO  [mc_indi_tiltrotor] WRdbg0 Wu0=1 lo0=-17.43 du0=0.0418 pin0=0.000 a0=[0.011 -0.009 -0.000 -0.000 0.041]
INFO  [mc_indi_tiltrotor] WRdbg1 Wu1=1 lo1=-18.08 du1=0.0339 pin1=0.000 a1=[-0.010 -0.006 0.001 0.000 0.049]
INFO  [mc_indi_tiltrotor] T0dbg1 G0=[-0.256 0.227 0.020 0.158 -0.987] nu_des=[0.00 0.01 -0.05 -0.20 -0.00]
INFO  [mc_indi_tiltrotor] T0dbg2 Ws34=[0.1 20.0] Wu0=1.0 du0=0.0015 dmin0=-19.1842 dmax0=25.8158
INFO  [mc_indi_tiltrotor] T2dbg1 G2=[-0.000 -0.650 0.060 0.004 -1.000] G5=[-0.773 -0.871 -0.003 12.887 0.048]
INFO  [mc_indi_tiltrotor] T2dbg2 Wu25=[1.0 9.0] du25=[0.0043 -0.0006] dmax25=[32.1133 0.0120] nu_yaw=-0.046
INFO  [mc_indi_tiltrotor] WRdbg0 Wu0=1 lo0=-19.18 du0=0.0015 pin0=-0.001 a0=[-0.004 0.004 0.001 0.000 0.001]
INFO  [mc_indi_tiltrotor] WRdbg1 Wu1=1 lo1=-19.71 du1=0.0223 pin1=0.001 a1=[0.004 0.003 0.014 -0.000 0.001]
INFO  [mc_indi_tiltrotor] YWdbg nu2=-0.009 ach2=-0.008 r=0.01 wsp2=-0.01 ddelta=[0.0010 -0.0006 -0.0004]
INFO  [mc_indi_tiltrotor] T0dbg1 G0=[-0.256 0.227 0.019 0.162 -0.987] nu_des=[0.00 -0.00 -0.01 -0.32 0.02]
INFO  [mc_indi_tiltrotor] T0dbg2 Ws34=[0.1 20.0] Wu0=1.0 du0=-0.0116 dmin0=-19.4964 dmax0=25.5036
INFO  [mc_indi_tiltrotor] T2dbg1 G2=[-0.000 -0.650 0.060 0.003 -1.000] G5=[-0.777 -0.878 -0.003 12.944 0.044]
INFO  [mc_indi_tiltrotor] T2dbg2 Wu25=[1.0 9.0] du25=[-0.0028 -0.0003] dmax25=[32.0559 0.0120] nu_yaw=-0.010
INFO  [mc_indi_tiltrotor] WRdbg0 Wu0=1 lo0=-19.50 du0=-0.0116 pin0=-0.001 a0=[-0.005 -0.000 0.000 0.000 -0.006]
INFO  [mc_indi_tiltrotor] WRdbg1 Wu1=1 lo1=-19.81 du1=0.0013 pin1=0.001 a1=[0.004 -0.000 0.003 -0.000 -0.006]
INFO  [mc_indi_tiltrotor] T0dbg1 G0=[-0.256 0.227 0.019 0.162 -0.987] nu_des=[-0.01 -0.02 -0.01 -0.09 -0.32]
INFO  [mc_indi_tiltrotor] T0dbg2 Ws34=[0.1 20.0] Wu0=1.0 du0=0.1092 dmin0=-17.4000 dmax0=27.6000
INFO  [mc_indi_tiltrotor] T2dbg1 G2=[-0.000 -0.650 0.060 0.005 -1.000] G5=[-0.707 -0.784 -0.004 11.790 0.063]
INFO  [mc_indi_tiltrotor] T2dbg2 Wu25=[1.0 9.0] du25=[0.0933 0.0001] dmax25=[33.2102 0.0120] nu_yaw=-0.008
INFO  [mc_indi_tiltrotor] WRdbg0 Wu0=1 lo0=-17.40 du0=0.1092 pin0=-0.008 a0=[0.013 -0.012 0.000 0.000 0.117]
INFO  [mc_indi_tiltrotor] WRdbg1 Wu1=1 lo1=-17.73 du1=0.1021 pin1=0.006 a1=[-0.012 -0.011 0.002 -0.000 0.117]
INFO  [mc_indi_tiltrotor] YWdbg nu2=-0.014 ach2=-0.012 r=-0.00 wsp2=-0.01 ddelta=[0.0021 -0.0005 0.0000]
INFO  [mc_indi_tiltrotor] T0dbg1 G0=[-0.256 0.227 0.019 0.160 -0.987] nu_des=[0.00 0.01 -0.01 -0.25 -0.03]
INFO  [mc_indi_tiltrotor] T0dbg2 Ws34=[0.1 20.0] Wu0=1.0 du0=0.0130 dmin0=-19.2622 dmax0=25.7378
INFO  [mc_indi_tiltrotor] T2dbg1 G2=[-0.000 -0.650 0.060 0.004 -1.000] G5=[-0.773 -0.866 -0.003 12.883 0.054]
INFO  [mc_indi_tiltrotor] T2dbg2 Wu25=[1.0 9.0] du25=[0.0002 -0.0003] dmax25=[32.1166 0.0120] nu_yaw=-0.011
INFO  [mc_indi_tiltrotor] WRdbg0 Wu0=1 lo0=-19.26 du0=0.0130 pin0=-0.001 a0=[-0.000 0.004 0.000 0.000 0.009]
INFO  [mc_indi_tiltrotor] WRdbg1 Wu1=1 lo1=-19.78 du1=0.0164 pin1=0.000 a1=[0.000 0.004 0.003 -0.000 0.009]
INFO  [mc_indi_tiltrotor] T0dbg1 G0=[-0.256 0.227 0.018 0.165 -0.986] nu_des=[-0.00 0.00 -0.01 -0.35 0.02]
INFO  [mc_indi_tiltrotor] T0dbg2 Ws34=[0.1 20.0] Wu0=1.0 du0=0.0025 dmin0=-19.3243 dmax0=25.6757
INFO  [mc_indi_tiltrotor] T2dbg1 G2=[-0.000 -0.650 0.060 0.004 -1.000] G5=[-0.780 -0.880 -0.003 12.998 0.047]
INFO  [mc_indi_tiltrotor] T2dbg2 Wu25=[1.0 9.0] du25=[-0.0025 0.0001] dmax25=[32.0022 0.0120] nu_yaw=-0.013
INFO  [mc_indi_tiltrotor] WRdbg0 Wu0=1 lo0=-19.32 du0=0.0025 pin0=-0.000 a0=[0.007 0.001 0.001 0.000 -0.006]
INFO  [mc_indi_tiltrotor] WRdbg1 Wu1=1 lo1=-19.97 du1=-0.0089 pin1=0.000 a1=[-0.007 0.001 0.004 -0.000 -0.006]
INFO  [mc_indi_tiltrotor] YWdbg nu2=0.038 ach2=-0.028 r=-0.00 wsp2=-0.01 ddelta=[0.0120 0.0120 -0.0041]
INFO  [mc_indi_tiltrotor] T0dbg1 G0=[-0.257 0.227 0.017 0.170 -0.985] nu_des=[-0.00 0.07 -0.01 -0.12 -0.04]
INFO  [mc_indi_tiltrotor] T0dbg2 Ws34=[0.1 20.0] Wu0=1.0 du0=0.0634 dmin0=-16.6251 dmax0=28.3749
INFO  [mc_indi_tiltrotor] T2dbg1 G2=[-0.000 -0.650 0.060 0.006 -1.000] G5=[-0.717 -0.792 -0.004 11.945 0.068]
INFO  [mc_indi_tiltrotor] T2dbg2 Wu25=[1.0 9.0] du25=[-0.0572 -0.0010] dmax25=[33.0548 0.0120] nu_yaw=-0.009
INFO  [mc_indi_tiltrotor] WRdbg0 Wu0=1 lo0=-16.63 du0=0.0634 pin0=0.000 a0=[0.005 0.047 -0.001 -0.001 0.013]
INFO  [mc_indi_tiltrotor] WRdbg1 Wu1=1 lo1=-17.16 du1=0.0438 pin1=0.000 a1=[-0.005 0.029 0.004 0.000 0.016]
INFO  [mc_indi_tiltrotor] T0dbg1 G0=[-0.256 0.227 0.021 0.155 -0.988] nu_des=[-0.01 0.00 -0.01 -0.18 -0.07]
INFO  [mc_indi_tiltrotor] T0dbg2 Ws34=[0.1 20.0] Wu0=1.0 du0=0.0419 dmin0=-19.3016 dmax0=25.6984
INFO  [mc_indi_tiltrotor] T2dbg1 G2=[-0.000 -0.650 0.060 0.004 -1.000] G5=[-0.771 -0.865 -0.003 12.850 0.053]
INFO  [mc_indi_tiltrotor] T2dbg2 Wu25=[1.0 9.0] du25=[0.0124 0.0003] dmax25=[32.1502 0.0120] nu_yaw=-0.007
INFO  [mc_indi_tiltrotor] WRdbg0 Wu0=1 lo0=-19.30 du0=0.0419 pin0=-0.003 a0=[0.018 0.001 0.000 0.000 0.025]
INFO  [mc_indi_tiltrotor] WRdbg1 Wu1=1 lo1=-19.59 du1=0.0132 pin1=0.002 a1=[-0.017 0.001 0.002 -0.000 0.025]
INFO  [mc_indi_tiltrotor] YWdbg nu2=-0.019 ach2=-0.018 r=0.01 wsp2=0.02 ddelta=[0.0033 -0.0002 -0.0004]
INFO  [mc_indi_tiltrotor] T0dbg1 G0=[-0.256 0.227 0.019 0.161 -0.987] nu_des=[0.00 0.01 -0.02 -0.29 0.02]
INFO  [mc_indi_tiltrotor] T0dbg2 Ws34=[0.1 20.0] Wu0=1.0 du0=-0.0051 dmin0=-19.4895 dmax0=25.5105
INFO  [mc_indi_tiltrotor] T2dbg1 G2=[-0.000 -0.650 0.060 0.004 -1.000] G5=[-0.777 -0.876 -0.003 12.954 0.047]
INFO  [mc_indi_tiltrotor] T2dbg2 Wu25=[1.0 9.0] du25=[-0.0055 -0.0004] dmax25=[32.0459 0.0120] nu_yaw=-0.020
INFO  [mc_indi_tiltrotor] WRdbg0 Wu0=1 lo0=-19.49 du0=-0.0051 pin0=-0.000 a0=[-0.002 0.003 0.001 0.000 -0.006]
INFO  [mc_indi_tiltrotor] WRdbg1 Wu1=1 lo1=-19.81 du1=0.0042 pin1=0.000 a1=[0.002 0.003 0.006 -0.000 -0.006]
INFO  [mc_indi_tiltrotor] T0dbg1 G0=[-0.257 0.227 0.017 0.170 -0.985] nu_des=[0.03 0.07 0.03 -0.23 -0.35]
INFO  [mc_indi_tiltrotor] T0dbg2 Ws34=[0.1 20.0] Wu0=1.0 du0=0.1146 dmin0=-16.6643 dmax0=28.3357
INFO  [mc_indi_tiltrotor] T2dbg1 G2=[-0.000 -0.650 0.060 0.004 -1.000] G5=[-0.653 -0.731 -0.003 10.890 0.048]
INFO  [mc_indi_tiltrotor] T2dbg2 Wu25=[1.0 9.0] du25=[0.0068 -0.0030] dmax25=[34.1100 0.0120] nu_yaw=0.031
INFO  [mc_indi_tiltrotor] WRdbg0 Wu0=1 lo0=-16.66 du0=0.1146 pin0=0.000 a0=[-0.047 0.049 0.003 -0.001 0.111]
INFO  [mc_indi_tiltrotor] WRdbg1 Wu1=1 lo1=-17.15 du1=0.2035 pin1=0.000 a1=[0.047 0.031 -0.012 0.000 0.136]
INFO  [mc_indi_tiltrotor] YWdbg nu2=-0.001 ach2=-0.001 r=-0.01 wsp2=0.01 ddelta=[-0.0014 -0.0016 0.0001]
INFO  [mc_indi_tiltrotor] T0dbg1 G0=[-0.256 0.227 0.021 0.152 -0.988] nu_des=[-0.00 -0.01 -0.00 -0.08 -0.04]
INFO  [mc_indi_tiltrotor] T0dbg2 Ws34=[0.1 20.0] Wu0=1.0 du0=0.0152 dmin0=-19.1130 dmax0=25.8870
INFO  [mc_indi_tiltrotor] T2dbg1 G2=[-0.000 -0.650 0.060 0.004 -1.000] G5=[-0.770 -0.868 -0.003 12.838 0.046]
INFO  [mc_indi_tiltrotor] T2dbg2 Wu25=[1.0 9.0] du25=[0.0145 0.0002] dmax25=[32.1623 0.0120] nu_yaw=-0.004
INFO  [mc_indi_tiltrotor] WRdbg0 Wu0=1 lo0=-19.11 du0=0.0152 pin0=-0.002 a0=[0.008 -0.004 0.000 0.000 0.014]
INFO  [mc_indi_tiltrotor] WRdbg1 Wu1=1 lo1=-19.71 du1=0.0056 pin1=0.002 a1=[-0.007 -0.004 0.001 -0.000 0.014]
INFO  [mc_indi_tiltrotor] T0dbg1 G0=[-0.256 0.227 0.020 0.158 -0.987] nu_des=[-0.01 0.00 -0.02 -0.23 0.03]
INFO  [mc_indi_tiltrotor] T0dbg2 Ws34=[0.1 20.0] Wu0=1.0 du0=0.0138 dmin0=-19.4760 dmax0=25.5240
INFO  [mc_indi_tiltrotor] T2dbg1 G2=[-0.000 -0.650 0.060 0.004 -1.000] G5=[-0.783 -0.883 -0.003 13.048 0.047]
INFO  [mc_indi_tiltrotor] T2dbg2 Wu25=[1.0 9.0] du25=[-0.0047 0.0006] dmax25=[31.9523 0.0120] nu_yaw=-0.020
INFO  [mc_indi_tiltrotor] WRdbg0 Wu0=1 lo0=-19.48 du0=0.0138 pin0=-0.000 a0=[0.022 0.001 0.000 0.000 -0.010]
INFO  [mc_indi_tiltrotor] WRdbg1 Wu1=1 lo1=-19.95 du1=-0.0233 pin1=0.000 a1=[-0.020 0.001 0.006 -0.000 -0.010]
INFO  [mc_indi_tiltrotor] YWdbg nu2=0.021 ach2=0.019 r=0.01 wsp2=-0.01 ddelta=[-0.0056 -0.0022 0.0007]
INFO  [mc_indi_tiltrotor] T0dbg1 G0=[-0.257 0.227 0.017 0.170 -0.985] nu_des=[0.01 0.05 0.03 -0.09 -0.01]
INFO  [mc_indi_tiltrotor] T0dbg2 Ws34=[0.1 20.0] Wu0=1.0 du0=0.0330 dmin0=-16.3184 dmax0=28.6816
INFO  [mc_indi_tiltrotor] T2dbg1 G2=[-0.000 -0.650 0.060 0.006 -1.000] G5=[-0.652 -0.719 -0.004 10.871 0.064]
INFO  [mc_indi_tiltrotor] T2dbg2 Wu25=[1.0 9.0] du25=[-0.0481 -0.0008] dmax25=[34.1291 0.0120] nu_yaw=0.029
INFO  [mc_indi_tiltrotor] WRdbg0 Wu0=1 lo0=-16.32 du0=0.0330 pin0=0.000 a0=[-0.010 0.037 0.002 -0.000 0.004]
INFO  [mc_indi_tiltrotor] WRdbg1 Wu1=1 lo1=-16.50 du1=0.0276 pin1=0.000 a1=[0.010 0.024 -0.011 0.000 0.005]
INFO  [mc_indi_tiltrotor] T0dbg1 G0=[-0.256 0.227 0.019 0.160 -0.987] nu_des=[0.00 0.02 -0.02 -0.25 -0.08]
INFO  [mc_indi_tiltrotor] T0dbg2 Ws34=[0.1 20.0] Wu0=1.0 du0=0.0371 dmin0=-19.1211 dmax0=25.8789
INFO  [mc_indi_tiltrotor] T2dbg1 G2=[-0.000 -0.650 0.060 0.005 -1.000] G5=[-0.766 -0.855 -0.004 12.765 0.059]
INFO  [mc_indi_tiltrotor] T2dbg2 Wu25=[1.0 9.0] du25=[0.0042 -0.0006] dmax25=[32.2348 0.0120] nu_yaw=-0.018
INFO  [mc_indi_tiltrotor] WRdbg0 Wu0=1 lo0=-19.12 du0=0.0371 pin0=-0.001 a0=[-0.000 0.009 0.001 0.000 0.029]
INFO  [mc_indi_tiltrotor] WRdbg1 Wu1=1 lo1=-19.57 du1=0.0429 pin1=0.001 a1=[0.000 0.008 0.005 -0.000 0.029]
INFO  [mc_indi_tiltrotor] YWdbg nu2=0.033 ach2=0.031 r=0.01 wsp2=-0.01 ddelta=[-0.0058 0.0002 0.0002]
INFO  [mc_indi_tiltrotor] T0dbg1 G0=[-0.256 0.227 0.018 0.165 -0.986] nu_des=[0.01 -0.01 0.04 -0.46 0.02]
INFO  [mc_indi_tiltrotor] T0dbg2 Ws34=[0.1 20.0] Wu0=1.0 du0=-0.0311 dmin0=-19.3505 dmax0=25.6495
INFO  [mc_indi_tiltrotor] T2dbg1 G2=[-0.000 -0.650 0.060 0.003 -1.000] G5=[-0.778 -0.879 -0.003 12.963 0.043]
INFO  [mc_indi_tiltrotor] T2dbg2 Wu25=[1.0 9.0] du25=[0.0086 -0.0002] dmax25=[32.0365 0.0120] nu_yaw=0.038
INFO  [mc_indi_tiltrotor] WRdbg0 Wu0=1 lo0=-19.35 du0=-0.0311 pin0=0.000 a0=[-0.017 -0.010 0.003 -0.002 -0.005]
INFO  [mc_indi_tiltrotor] WRdbg1 Wu1=1 lo1=-20.01 du1=-0.0092 pin1=0.000 a1=[0.017 -0.006 -0.015 0.001 -0.007]
INFO  [mc_indi_tiltrotor] T0dbg1 G0=[-0.256 0.227 0.020 0.159 -0.987] nu_des=[-0.01 -0.09 0.00 -0.10 2.33]
INFO  [mc_indi_tiltrotor] T0dbg2 Ws34=[0.1 20.0] Wu0=1.0 du0=-0.8838 dmin0=-16.6128 dmax0=28.3872
INFO  [mc_indi_tiltrotor] T2dbg1 G2=[-0.000 -0.650 0.060 0.005 -1.000] G5=[-0.688 -0.765 -0.003 11.461 0.058]
INFO  [mc_indi_tiltrotor] T2dbg2 Wu25=[1.0 9.0] du25=[-0.4741 0.0063] dmax25=[33.5386 0.0120] nu_yaw=0.002
INFO  [mc_indi_tiltrotor] WRdbg0 Wu0=1 lo0=-16.61 du0=-0.8838 pin0=0.018 a0=[0.014 -0.052 0.000 0.000 -0.863]
INFO  [mc_indi_tiltrotor] WRdbg1 Wu1=1 lo1=-17.18 du1=-0.9450 pin1=-0.010 a1=[-0.013 -0.049 -0.000 -0.000 -0.873]
INFO  [mc_indi_tiltrotor] YWdbg nu2=-0.028 ach2=-0.026 r=0.01 wsp2=0.02 ddelta=[0.0009 -0.0045 -0.0004]
INFO  [mc_indi_tiltrotor] T0dbg1 G0=[-0.256 0.227 0.021 0.155 -0.988] nu_des=[0.00 -0.01 -0.05 -0.18 -0.02]
INFO  [mc_indi_tiltrotor] T0dbg2 Ws34=[0.1 20.0] Wu0=1.0 du0=-0.0042 dmin0=-19.1797 dmax0=25.8203
INFO  [mc_indi_tiltrotor] T2dbg1 G2=[-0.000 -0.650 0.060 0.005 -1.000] G5=[-0.763 -0.853 -0.003 12.722 0.058]
INFO  [mc_indi_tiltrotor] T2dbg2 Wu25=[1.0 9.0] du25=[0.0268 -0.0003] dmax25=[32.2775 0.0120] nu_yaw=-0.054
INFO  [mc_indi_tiltrotor] WRdbg0 Wu0=1 lo0=-19.18 du0=-0.0042 pin0=-0.004 a0=[-0.000 -0.007 0.001 0.000 0.007]
INFO  [mc_indi_tiltrotor] WRdbg1 Wu1=1 lo1=-19.33 du1=0.0198 pin1=0.003 a1=[0.000 -0.007 0.016 -0.000 0.007]
INFO  [mc_indi_tiltrotor] T0dbg1 G0=[-0.256 0.227 0.019 0.163 -0.987] nu_des=[-0.00 -0.00 -0.00 -0.35 0.03]
INFO  [mc_indi_tiltrotor] T0dbg2 Ws34=[0.1 20.0] Wu0=1.0 du0=-0.0141 dmin0=-19.5489 dmax0=25.4511
INFO  [mc_indi_tiltrotor] T2dbg1 G2=[-0.000 -0.650 0.060 0.003 -1.000] G5=[-0.779 -0.880 -0.003 12.977 0.044]
INFO  [mc_indi_tiltrotor] T2dbg2 Wu25=[1.0 9.0] du25=[-0.0036 -0.0001] dmax25=[32.0233 0.0120] nu_yaw=-0.003
INFO  [mc_indi_tiltrotor] WRdbg0 Wu0=1 lo0=-19.55 du0=-0.0141 pin0=-0.002 a0=[0.001 -0.003 0.000 0.000 -0.011]
INFO  [mc_indi_tiltrotor] WRdbg1 Wu1=1 lo1=-19.86 du1=-0.0119 pin1=0.001 a1=[-0.001 -0.002 0.001 -0.000 -0.011]
INFO  [mc_indi_tiltrotor] YWdbg nu2=-0.016 ach2=-0.015 r=0.02 wsp2=-0.02 ddelta=[0.0029 -0.0002 0.0000]
INFO  [mc_indi_tiltrotor] T0dbg1 G0=[-0.257 0.227 0.017 0.170 -0.985] nu_des=[-0.01 -0.00 -0.01 -0.43 0.06]
INFO  [mc_indi_tiltrotor] T0dbg2 Ws34=[0.1 20.0] Wu0=1.0 du0=-0.0129 dmin0=-19.2344 dmax0=25.7656
INFO  [mc_indi_tiltrotor] T2dbg1 G2=[-0.000 -0.650 0.060 0.003 -1.000] G5=[-0.774 -0.880 -0.002 12.897 0.035]
INFO  [mc_indi_tiltrotor] T2dbg2 Wu25=[1.0 9.0] du25=[-0.0154 0.0002] dmax25=[32.1025 0.0120] nu_yaw=-0.009
INFO  [mc_indi_tiltrotor] WRdbg0 Wu0=1 lo0=-19.23 du0=-0.0129 pin0=-0.002 a0=[0.011 -0.000 0.001 0.000 -0.023]
INFO  [mc_indi_tiltrotor] WRdbg1 Wu1=1 lo1=-19.71 du1=-0.0296 pin1=0.001 a1=[-0.010 -0.000 0.003 -0.000 -0.023]
INFO  [mc_indi_tiltrotor] T0dbg1 G0=[-0.256 0.227 0.020 0.158 -0.987] nu_des=[-0.01 0.04 0.01 -0.16 -0.11]
INFO  [mc_indi_tiltrotor] T0dbg2 Ws34=[0.1 20.0] Wu0=1.0 du0=0.0716 dmin0=-18.7176 dmax0=26.2824
INFO  [mc_indi_tiltrotor] T2dbg1 G2=[-0.000 -0.650 0.060 0.003 -1.000] G5=[-0.757 -0.856 -0.003 12.616 0.042]
INFO  [mc_indi_tiltrotor] T2dbg2 Wu25=[1.0 9.0] du25=[-0.0169 -0.0005] dmax25=[32.3835 0.0120] nu_yaw=0.007
INFO  [mc_indi_tiltrotor] WRdbg0 Wu0=1 lo0=-18.72 du0=0.0716 pin0=0.000 a0=[0.009 0.027 0.001 -0.001 0.036]
INFO  [mc_indi_tiltrotor] WRdbg1 Wu1=1 lo1=-19.37 du1=0.0480 pin1=0.000 a1=[-0.009 0.015 -0.003 0.000 0.044]
INFO  [mc_indi_tiltrotor] YWdbg nu2=0.005 ach2=0.006 r=-0.03 wsp2=-0.00 ddelta=[0.0008 0.0021 -0.0005]
INFO  [mc_indi_tiltrotor] T0dbg1 G0=[-0.256 0.227 0.021 0.151 -0.988] nu_des=[-0.00 -0.00 0.01 -0.14 -0.01]
INFO  [mc_indi_tiltrotor] T0dbg2 Ws34=[0.1 20.0] Wu0=1.0 du0=0.0084 dmin0=-19.4082 dmax0=25.5918
INFO  [mc_indi_tiltrotor] T2dbg1 G2=[-0.000 -0.650 0.060 0.003 -1.000] G5=[-0.777 -0.883 -0.002 12.956 0.036]
INFO  [mc_indi_tiltrotor] T2dbg2 Wu25=[1.0 9.0] du25=[-0.0010 0.0002] dmax25=[32.0441 0.0120] nu_yaw=0.010
INFO  [mc_indi_tiltrotor] WRdbg0 Wu0=1 lo0=-19.41 du0=0.0084 pin0=0.000 a0=[0.005 -0.000 0.001 -0.001 0.003]
INFO  [mc_indi_tiltrotor] WRdbg1 Wu1=1 lo1=-20.08 du1=-0.0056 pin1=0.000 a1=[-0.005 -0.000 -0.004 0.000 0.003]
INFO  [mc_indi_tiltrotor] T0dbg1 G0=[-0.256 0.227 0.022 0.151 -0.989] nu_des=[-0.01 0.01 -0.02 -0.10 0.03]
INFO  [mc_indi_tiltrotor] T0dbg2 Ws34=[0.1 20.0] Wu0=1.0 du0=0.0198 dmin0=-19.4199 dmax0=25.5801
INFO  [mc_indi_tiltrotor] T2dbg1 G2=[-0.000 -0.650 0.060 0.004 -1.000] G5=[-0.776 -0.874 -0.003 12.940 0.048]
INFO  [mc_indi_tiltrotor] T2dbg2 Wu25=[1.0 9.0] du25=[-0.0195 0.0004] dmax25=[32.0603 0.0120] nu_yaw=-0.017
INFO  [mc_indi_tiltrotor] WRdbg0 Wu0=1 lo0=-19.42 du0=0.0198 pin0=-0.001 a0=[0.023 0.008 -0.000 0.000 -0.011]
INFO  [mc_indi_tiltrotor] WRdbg1 Wu1=1 lo1=-19.77 du1=-0.0199 pin1=0.001 a1=[-0.022 0.007 0.005 -0.000 -0.011]
INFO  [mc_indi_tiltrotor] YWdbg nu2=-0.047 ach2=-0.043 r=0.03 wsp2=0.01 ddelta=[0.0082 -0.0013 0.0004]
INFO  [mc_indi_tiltrotor] T0dbg1 G0=[-0.256 0.227 0.018 0.165 -0.986] nu_des=[-0.00 0.01 -0.03 -0.35 -0.21]
INFO  [mc_indi_tiltrotor] T0dbg2 Ws34=[0.1 20.0] Wu0=1.0 du0=0.0892 dmin0=-19.0379 dmax0=25.9621
INFO  [mc_indi_tiltrotor] T2dbg1 G2=[-0.000 -0.650 0.060 0.006 -1.000] G5=[-0.759 -0.840 -0.004 12.649 0.070]
INFO  [mc_indi_tiltrotor] T2dbg2 Wu25=[1.0 9.0] du25=[0.0445 -0.0005] dmax25=[32.3509 0.0120] nu_yaw=-0.032
INFO  [mc_indi_tiltrotor] WRdbg0 Wu0=1 lo0=-19.04 du0=0.0892 pin0=-0.003 a0=[0.009 0.006 0.002 0.000 0.076]
INFO  [mc_indi_tiltrotor] WRdbg1 Wu1=1 lo1=-19.32 du1=0.0843 pin1=0.002 a1=[-0.008 0.005 0.010 -0.000 0.076]
INFO  [mc_indi_tiltrotor] T0dbg1 G0=[-0.257 0.227 0.017 0.168 -0.986] nu_des=[0.02 0.01 0.03 -0.54 0.01]
INFO  [mc_indi_tiltrotor] T0dbg2 Ws34=[0.1 20.0] Wu0=1.0 du0=-0.0304 dmin0=-19.6049 dmax0=25.3951
INFO  [mc_indi_tiltrotor] T2dbg1 G2=[-0.000 -0.650 0.060 0.004 -1.000] G5=[-0.785 -0.883 -0.003 13.084 0.051]
INFO  [mc_indi_tiltrotor] T2dbg2 Wu25=[1.0 9.0] du25=[-0.0063 -0.0012] dmax25=[31.9156 0.0120] nu_yaw=0.031
INFO  [mc_indi_tiltrotor] WRdbg0 Wu0=1 lo0=-19.60 du0=-0.0304 pin0=0.000 a0=[-0.032 0.006 0.003 -0.003 -0.004]
INFO  [mc_indi_tiltrotor] WRdbg1 Wu1=1 lo1=-20.10 du1=0.0190 pin1=0.000 a1=[0.032 0.004 -0.012 0.001 -0.006]
INFO  [mc_indi_tiltrotor] YWdbg nu2=0.011 ach2=0.011 r=-0.04 wsp2=-0.01 ddelta=[0.0039 0.0069 -0.0012]
INFO  [mc_indi_tiltrotor] T0dbg1 G0=[-0.256 0.227 0.019 0.162 -0.987] nu_des=[0.01 0.01 0.03 -0.62 0.05]
INFO  [mc_indi_tiltrotor] T0dbg2 Ws34=[0.1 20.0] Wu0=1.0 du0=-0.0245 dmin0=-19.2015 dmax0=25.7985
INFO  [mc_indi_tiltrotor] T2dbg1 G2=[-0.000 -0.650 0.060 0.002 -1.000] G5=[-0.772 -0.883 -0.002 12.866 0.027]
INFO  [mc_indi_tiltrotor] T2dbg2 Wu25=[1.0 9.0] du25=[-0.0166 -0.0004] dmax25=[32.1335 0.0120] nu_yaw=0.033
INFO  [mc_indi_tiltrotor] WRdbg0 Wu0=1 lo0=-19.20 du0=-0.0245 pin0=0.000 a0=[-0.013 0.004 0.003 -0.003 -0.016]
INFO  [mc_indi_tiltrotor] WRdbg1 Wu1=1 lo1=-20.01 du1=-0.0159 pin1=0.000 a1=[0.013 0.002 -0.012 0.001 -0.020]
INFO  [mc_indi_tiltrotor] T0dbg1 G0=[-0.256 0.227 0.021 0.152 -0.988] nu_des=[-0.01 0.01 -0.02 -0.13 -0.08]
INFO  [mc_indi_tiltrotor] T0dbg2 Ws34=[0.1 20.0] Wu0=1.0 du0=0.0489 dmin0=-18.5579 dmax0=26.4421
INFO  [mc_indi_tiltrotor] T2dbg1 G2=[-0.000 -0.650 0.060 0.004 -1.000] G5=[-0.745 -0.839 -0.003 12.418 0.046]
INFO  [mc_indi_tiltrotor] T2dbg2 Wu25=[1.0 9.0] du25=[-0.0011 -0.0002] dmax25=[32.5817 0.0120] nu_yaw=-0.020
INFO  [mc_indi_tiltrotor] WRdbg0 Wu0=1 lo0=-18.56 du0=0.0489 pin0=0.000 a0=[0.015 0.010 -0.002 -0.001 0.027]
INFO  [mc_indi_tiltrotor] WRdbg1 Wu1=1 lo1=-19.08 du1=0.0316 pin1=0.000 a1=[-0.014 0.006 0.008 0.000 0.032]
INFO  [mc_indi_tiltrotor] YWdbg nu2=-0.047 ach2=-0.044 r=0.04 wsp2=0.01 ddelta=[0.0103 -0.0010 0.0031]
INFO  [mc_indi_tiltrotor] T0dbg1 G0=[-0.256 0.227 0.018 0.164 -0.987] nu_des=[-0.01 -0.01 -0.02 -0.39 0.01]
INFO  [mc_indi_tiltrotor] T0dbg2 Ws34=[0.1 20.0] Wu0=1.0 du0=0.0014 dmin0=-19.4862 dmax0=25.5138
INFO  [mc_indi_tiltrotor] T2dbg1 G2=[-0.000 -0.650 0.060 0.003 -1.000] G5=[-0.777 -0.880 -0.002 12.943 0.040]
INFO  [mc_indi_tiltrotor] T2dbg2 Wu25=[1.0 9.0] du25=[0.0052 0.0002] dmax25=[32.0566 0.0120] nu_yaw=-0.015
INFO  [mc_indi_tiltrotor] WRdbg0 Wu0=1 lo0=-19.49 du0=0.0014 pin0=-0.005 a0=[0.012 -0.005 0.001 0.000 -0.002]
INFO  [mc_indi_tiltrotor] WRdbg1 Wu1=1 lo1=-19.89 du1=-0.0104 pin1=0.003 a1=[-0.011 -0.004 0.005 -0.000 -0.002]
INFO  [mc_indi_tiltrotor] T0dbg1 G0=[-0.257 0.227 0.017 0.169 -0.986] nu_des=[-0.01 0.00 0.03 -0.54 0.00]
INFO  [mc_indi_tiltrotor] T0dbg2 Ws34=[0.1 20.0] Wu0=1.0 du0=0.0088 dmin0=-19.5014 dmax0=25.4986
INFO  [mc_indi_tiltrotor] T2dbg1 G2=[-0.000 -0.650 0.060 0.002 -1.000] G5=[-0.775 -0.883 -0.002 12.918 0.032]
INFO  [mc_indi_tiltrotor] T2dbg2 Wu25=[1.0 9.0] du25=[-0.0107 0.0003] dmax25=[32.0817 0.0120] nu_yaw=0.034
INFO  [mc_indi_tiltrotor] WRdbg0 Wu0=1 lo0=-19.50 du0=0.0088 pin0=0.000 a0=[0.009 0.001 0.003 -0.003 -0.001]
INFO  [mc_indi_tiltrotor] WRdbg1 Wu1=1 lo1=-19.79 du1=-0.0223 pin1=0.000 a1=[-0.009 0.000 -0.013 0.001 -0.002]
INFO  [mc_indi_tiltrotor] YWdbg nu2=0.004 ach2=0.005 r=-0.03 wsp2=-0.02 ddelta=[-0.0080 -0.0074 0.0002]
INFO  [mc_indi_tiltrotor] T0dbg1 G0=[-0.256 0.227 0.020 0.157 -0.988] nu_des=[0.01 -0.01 -0.01 -0.16 -0.15]
INFO  [mc_indi_tiltrotor] T0dbg2 Ws34=[0.1 20.0] Wu0=1.0 du0=0.0382 dmin0=-18.7786 dmax0=26.2214
INFO  [mc_indi_tiltrotor] T2dbg1 G2=[-0.000 -0.650 0.060 0.004 -1.000] G5=[-0.755 -0.852 -0.003 12.585 0.045]
INFO  [mc_indi_tiltrotor] T2dbg2 Wu25=[1.0 9.0] du25=[0.0424 -0.0006] dmax25=[32.4148 0.0120] nu_yaw=-0.008
INFO  [mc_indi_tiltrotor] WRdbg0 Wu0=1 lo0=-18.78 du0=0.0382 pin0=-0.004 a0=[-0.010 -0.004 0.000 0.000 0.056]
INFO  [mc_indi_tiltrotor] WRdbg1 Wu1=1 lo1=-19.22 du1=0.0669 pin1=0.003 a1=[0.009 -0.004 0.002 -0.000 0.056]
INFO  [mc_indi_tiltrotor] T0dbg1 G0=[-0.256 0.227 0.021 0.154 -0.988] nu_des=[0.00 0.00 0.01 -0.14 -0.01]
INFO  [mc_indi_tiltrotor] T0dbg2 Ws34=[0.1 20.0] Wu0=1.0 du0=-0.0046 dmin0=-19.3434 dmax0=25.6566
INFO  [mc_indi_tiltrotor] T2dbg1 G2=[-0.000 -0.650 0.060 0.003 -1.000] G5=[-0.779 -0.886 -0.002 12.983 0.034]
INFO  [mc_indi_tiltrotor] T2dbg2 Wu25=[1.0 9.0] du25=[0.0005 -0.0003] dmax25=[32.0166 0.0120] nu_yaw=0.006
INFO  [mc_indi_tiltrotor] WRdbg0 Wu0=1 lo0=-19.34 du0=-0.0046 pin0=0.000 a0=[-0.008 0.001 0.001 -0.001 0.002]
INFO  [mc_indi_tiltrotor] WRdbg1 Wu1=1 lo1=-20.08 du1=0.0092 pin1=0.000 a1=[0.008 0.001 -0.002 0.000 0.003]
INFO  [mc_indi_tiltrotor] YWdbg nu2=0.013 ach2=0.012 r=-0.02 wsp2=0.01 ddelta=[-0.0032 -0.0011 0.0004]
INFO  [mc_indi_tiltrotor] T0dbg1 G0=[-0.256 0.227 0.022 0.150 -0.989] nu_des=[-0.01 0.01 0.01 -0.18 0.03]
INFO  [mc_indi_tiltrotor] T0dbg2 Ws34=[0.1 20.0] Wu0=1.0 du0=0.0052 dmin0=-19.2229 dmax0=25.7771
INFO  [mc_indi_tiltrotor] T2dbg1 G2=[-0.000 -0.650 0.060 0.003 -1.000] G5=[-0.769 -0.875 -0.002 12.823 0.034]
INFO  [mc_indi_tiltrotor] T2dbg2 Wu25=[1.0 9.0] du25=[-0.0173 0.0003] dmax25=[32.1766 0.0120] nu_yaw=0.013
INFO  [mc_indi_tiltrotor] WRdbg0 Wu0=1 lo0=-19.22 du0=0.0052 pin0=0.000 a0=[0.008 0.006 0.002 -0.001 -0.010]
INFO  [mc_indi_tiltrotor] WRdbg1 Wu1=1 lo1=-19.86 du1=-0.0209 pin1=0.000 a1=[-0.008 0.003 -0.005 0.000 -0.012]
INFO  [mc_indi_tiltrotor] T0dbg1 G0=[-0.256 0.227 0.021 0.153 -0.988] nu_des=[-0.01 -0.00 -0.05 -0.05 -0.07]
INFO  [mc_indi_tiltrotor] T0dbg2 Ws34=[0.1 20.0] Wu0=1.0 du0=0.0314 dmin0=-18.3247 dmax0=26.6753
INFO  [mc_indi_tiltrotor] T2dbg1 G2=[-0.000 -0.650 0.060 0.006 -1.000] G5=[-0.733 -0.811 -0.004 12.216 0.068]
INFO  [mc_indi_tiltrotor] T2dbg2 Wu25=[1.0 9.0] du25=[0.0273 0.0000] dmax25=[32.7843 0.0120] nu_yaw=-0.051
INFO  [mc_indi_tiltrotor] WRdbg0 Wu0=1 lo0=-18.32 du0=0.0314 pin0=-0.005 a0=[0.014 -0.003 0.000 0.000 0.025]
INFO  [mc_indi_tiltrotor] WRdbg1 Wu1=1 lo1=-18.56 du1=0.0283 pin1=0.004 a1=[-0.013 -0.002 0.015 -0.000 0.025]
INFO  [mc_indi_tiltrotor] YWdbg nu2=-0.049 ach2=-0.046 r=0.06 wsp2=-0.01 ddelta=[0.0075 -0.0011 -0.0014]
INFO  [mc_indi_tiltrotor] T0dbg1 G0=[-0.257 0.227 0.016 0.171 -0.985] nu_des=[-0.01 -0.00 -0.02 -0.53 -0.04]
INFO  [mc_indi_tiltrotor] T0dbg2 Ws34=[0.1 20.0] Wu0=1.0 du0=0.0281 dmin0=-19.5566 dmax0=25.4434
INFO  [mc_indi_tiltrotor] T2dbg1 G2=[-0.000 -0.650 0.060 0.004 -1.000] G5=[-0.784 -0.877 -0.003 13.061 0.057]
INFO  [mc_indi_tiltrotor] T2dbg2 Wu25=[1.0 9.0] du25=[0.0146 0.0001] dmax25=[31.9389 0.0120] nu_yaw=-0.018
INFO  [mc_indi_tiltrotor] WRdbg0 Wu0=1 lo0=-19.56 du0=0.0281 pin0=-0.002 a0=[0.013 -0.001 0.001 0.000 0.016]
INFO  [mc_indi_tiltrotor] WRdbg1 Wu1=1 lo1=-19.82 du1=0.0098 pin1=0.001 a1=[-0.012 -0.000 0.005 -0.001 0.016]
INFO  [mc_indi_tiltrotor] T0dbg1 G0=[-0.257 0.227 0.015 0.175 -0.985] nu_des=[0.01 -0.00 0.01 -0.57 -0.00]
INFO  [mc_indi_tiltrotor] T0dbg2 Ws34=[0.1 20.0] Wu0=1.0 du0=-0.0159 dmin0=-19.4782 dmax0=25.5218
INFO  [mc_indi_tiltrotor] T2dbg1 G2=[-0.000 -0.650 0.060 0.003 -1.000] G5=[-0.780 -0.887 -0.002 13.001 0.036]
INFO  [mc_indi_tiltrotor] T2dbg2 Wu25=[1.0 9.0] du25=[0.0028 -0.0006] dmax25=[31.9988 0.0120] nu_yaw=0.012
INFO  [mc_indi_tiltrotor] WRdbg0 Wu0=1 lo0=-19.48 du0=-0.0159 pin0=0.000 a0=[-0.012 -0.003 0.001 -0.003 0.001]
INFO  [mc_indi_tiltrotor] WRdbg1 Wu1=1 lo1=-20.01 du1=0.0079 pin1=0.000 a1=[0.012 -0.001 -0.005 0.001 0.001]
INFO  [mc_indi_tiltrotor] YWdbg nu2=0.076 ach2=0.071 r=-0.05 wsp2=-0.03 ddelta=[-0.0120 0.0120 -0.0040]
INFO  [mc_indi_tiltrotor] T0dbg1 G0=[-0.256 0.227 0.019 0.160 -0.987] nu_des=[-0.00 -0.04 0.04 -0.20 -0.26]
INFO  [mc_indi_tiltrotor] T0dbg2 Ws34=[0.1 20.0] Wu0=1.0 du0=0.0703 dmin0=-18.1059 dmax0=26.8941
INFO  [mc_indi_tiltrotor] T2dbg1 G2=[-0.000 -0.650 0.060 0.003 -1.000] G5=[-0.722 -0.817 -0.002 12.033 0.039]
INFO  [mc_indi_tiltrotor] T2dbg2 Wu25=[1.0 9.0] du25=[0.0895 0.0004] dmax25=[32.9665 0.0120] nu_yaw=0.043
INFO  [mc_indi_tiltrotor] WRdbg0 Wu0=1 lo0=-18.11 du0=0.0703 pin0=-0.018 a0=[0.004 -0.023 0.012 0.000 0.096]
INFO  [mc_indi_tiltrotor] WRdbg1 Wu1=1 lo1=-18.78 du1=0.0633 pin1=0.009 a1=[-0.003 -0.018 -0.021 -0.000 0.096]
INFO  [mc_indi_tiltrotor] T0dbg1 G0=[-0.256 0.226 0.023 0.145 -0.989] nu_des=[0.00 0.01 -0.00 -0.02 -0.01]
INFO  [mc_indi_tiltrotor] T0dbg2 Ws34=[0.1 20.0] Wu0=1.0 du0=0.0074 dmin0=-19.3629 dmax0=25.6371
INFO  [mc_indi_tiltrotor] T2dbg1 G2=[-0.000 -0.650 0.060 0.003 -1.000] G5=[-0.780 -0.884 -0.002 12.992 0.039]
INFO  [mc_indi_tiltrotor] T2dbg2 Wu25=[1.0 9.0] du25=[-0.0067 -0.0002] dmax25=[32.0075 0.0120] nu_yaw=-0.004
INFO  [mc_indi_tiltrotor] WRdbg0 Wu0=1 lo0=-19.36 du0=0.0074 pin0=0.000 a0=[-0.001 0.007 -0.001 -0.000 0.002]
INFO  [mc_indi_tiltrotor] WRdbg1 Wu1=1 lo1=-20.02 du1=0.0087 pin1=0.000 a1=[0.001 0.004 0.002 0.000 0.003]
INFO  [mc_indi_tiltrotor] YWdbg nu2=-0.006 ach2=-0.007 r=-0.01 wsp2=0.03 ddelta=[-0.0001 -0.0016 0.0004]
INFO  [mc_indi_tiltrotor] T0dbg1 G0=[-0.256 0.226 0.022 0.148 -0.989] nu_des=[-0.01 -0.00 -0.03 -0.05 0.04]
INFO  [mc_indi_tiltrotor] T0dbg2 Ws34=[0.1 20.0] Wu0=1.0 du0=-0.0004 dmin0=-19.4970 dmax0=25.5030
INFO  [mc_indi_tiltrotor] T2dbg1 G2=[-0.000 -0.650 0.060 0.004 -1.000] G5=[-0.782 -0.880 -0.003 13.032 0.050]
INFO  [mc_indi_tiltrotor] T2dbg2 Wu25=[1.0 9.0] du25=[-0.0015 0.0005] dmax25=[31.9675 0.0120] nu_yaw=-0.028
INFO  [mc_indi_tiltrotor] WRdbg0 Wu0=1 lo0=-19.50 du0=-0.0004 pin0=-0.001 a0=[0.017 -0.002 -0.000 0.000 -0.014]
INFO  [mc_indi_tiltrotor] WRdbg1 Wu1=1 lo1=-19.84 du1=-0.0224 pin1=0.001 a1=[-0.016 -0.001 0.008 -0.000 -0.014]
INFO  [mc_indi_tiltrotor] T0dbg1 G0=[-0.256 0.227 0.019 0.161 -0.987] nu_des=[-0.00 -0.00 -0.04 -0.16 -0.45]
INFO  [mc_indi_tiltrotor] T0dbg2 Ws34=[0.1 20.0] Wu0=1.0 du0=0.1688 dmin0=-18.1460 dmax0=26.8540
INFO  [mc_indi_tiltrotor] T2dbg1 G2=[-0.000 -0.650 0.060 0.006 -1.000] G5=[-0.725 -0.797 -0.004 12.077 0.074]
INFO  [mc_indi_tiltrotor] T2dbg2 Wu25=[1.0 9.0] du25=[0.1229 -0.0006] dmax25=[32.9229 0.0120] nu_yaw=-0.041
INFO  [mc_indi_tiltrotor] WRdbg0 Wu0=1 lo0=-18.15 du0=0.1688 pin0=-0.005 a0=[0.007 -0.002 0.001 0.000 0.168]
INFO  [mc_indi_tiltrotor] WRdbg1 Wu1=1 lo1=-18.29 du1=0.1746 pin1=0.003 a1=[-0.006 -0.002 0.012 -0.000 0.168]
INFO  [mc_indi_tiltrotor] YWdbg nu2=-0.009 ach2=-0.007 r=0.04 wsp2=-0.02 ddelta=[0.0001 -0.0010 -0.0008]
INFO  [mc_indi_tiltrotor] T0dbg1 G0=[-0.257 0.227 0.017 0.167 -0.986] nu_des=[0.01 -0.00 -0.00 -0.44 -0.03]
INFO  [mc_indi_tiltrotor] T0dbg2 Ws34=[0.1 20.0] Wu0=1.0 du0=-0.0013 dmin0=-19.4758 dmax0=25.5242
INFO  [mc_indi_tiltrotor] T2dbg1 G2=[-0.000 -0.650 0.060 0.005 -1.000] G5=[-0.779 -0.871 -0.004 12.981 0.059]
INFO  [mc_indi_tiltrotor] T2dbg2 Wu25=[1.0 9.0] du25=[0.0083 -0.0005] dmax25=[32.0188 0.0120] nu_yaw=-0.001
INFO  [mc_indi_tiltrotor] WRdbg0 Wu0=1 lo0=-19.48 du0=-0.0013 pin0=-0.001 a0=[-0.010 -0.001 0.000 0.000 0.010]
INFO  [mc_indi_tiltrotor] WRdbg1 Wu1=1 lo1=-19.88 du1=0.0186 pin1=0.001 a1=[0.009 -0.001 0.000 -0.000 0.010]
INFO  [mc_indi_tiltrotor] T0dbg1 G0=[-0.256 0.227 0.019 0.160 -0.987] nu_des=[0.01 0.07 0.04 -0.38 0.02]
INFO  [mc_indi_tiltrotor] T0dbg2 Ws34=[0.1 20.0] Wu0=1.0 du0=0.0363 dmin0=-19.3625 dmax0=25.6375
INFO  [mc_indi_tiltrotor] T2dbg1 G2=[-0.000 -0.650 0.060 0.003 -1.000] G5=[-0.777 -0.879 -0.003 12.946 0.042]
INFO  [mc_indi_tiltrotor] T2dbg2 Wu25=[1.0 9.0] du25=[-0.0716 -0.0012] dmax25=[32.0539 0.0120] nu_yaw=0.040
INFO  [mc_indi_tiltrotor] WRdbg0 Wu0=1 lo0=-19.36 du0=0.0363 pin0=0.000 a0=[-0.013 0.053 0.004 -0.002 -0.006]
INFO  [mc_indi_tiltrotor] WRdbg1 Wu1=1 lo1=-20.06 du1=0.0204 pin1=0.000 a1=[0.012 0.030 -0.015 0.001 -0.008]
INFO  [mc_indi_tiltrotor] YWdbg nu2=0.019 ach2=0.021 r=-0.06 wsp2=-0.00 ddelta=[0.0120 0.0120 0.0120]
INFO  [mc_indi_tiltrotor] T0dbg1 G0=[-0.256 0.227 0.021 0.154 -0.988] nu_des=[-0.02 0.10 -0.01 -0.13 -0.14]
INFO  [mc_indi_tiltrotor] T0dbg2 Ws34=[0.1 20.0] Wu0=1.0 du0=0.1397 dmin0=-17.7949 dmax0=27.2051
INFO  [mc_indi_tiltrotor] T2dbg1 G2=[-0.000 -0.650 0.060 0.005 -1.000] G5=[-0.715 -0.799 -0.003 11.918 0.055]
INFO  [mc_indi_tiltrotor] T2dbg2 Wu25=[1.0 9.0] du25=[-0.0707 -0.0009] dmax25=[33.0814 0.0120] nu_yaw=-0.005
INFO  [mc_indi_tiltrotor] WRdbg0 Wu0=1 lo0=-17.79 du0=0.1397 pin0=0.000 a0=[0.026 0.069 -0.001 -0.001 0.046]
INFO  [mc_indi_tiltrotor] WRdbg1 Wu1=1 lo1=-18.40 du1=0.0735 pin1=0.000 a1=[-0.026 0.042 0.002 0.000 0.055]
INFO  [mc_indi_tiltrotor] T0dbg1 G0=[-0.256 0.227 0.019 0.160 -0.987] nu_des=[-0.00 0.22 -0.02 -0.31 0.13]
INFO  [mc_indi_tiltrotor] T0dbg2 Ws34=[0.1 20.0] Wu0=1.0 du0=0.1077 dmin0=-19.4149 dmax0=25.5851
INFO  [mc_indi_tiltrotor] T2dbg1 G2=[-0.000 -0.650 0.060 0.005 -1.000] G5=[-0.782 -0.873 -0.004 13.031 0.060]
INFO  [mc_indi_tiltrotor] T2dbg2 Wu25=[1.0 9.0] du25=[-0.2491 -0.0031] dmax25=[31.9693 0.0120] nu_yaw=-0.022
INFO  [mc_indi_tiltrotor] WRdbg0 Wu0=1 lo0=-19.41 du0=0.1077 pin0=0.021 a0=[0.008 0.129 -0.000 0.000 -0.050]
INFO  [mc_indi_tiltrotor] WRdbg1 Wu1=1 lo1=-19.75 du1=0.0455 pin1=-0.014 a1=[-0.008 0.117 0.001 -0.000 -0.051]
INFO  [mc_indi_tiltrotor] YWdbg nu2=-0.012 ach2=-0.012 r=0.03 wsp2=-0.00 ddelta=[0.0008 -0.0016 0.0001]
INFO  [mc_indi_tiltrotor] T0dbg1 G0=[-0.257 0.227 0.017 0.168 -0.986] nu_des=[0.00 -0.04 -0.03 -0.43 0.05]
INFO  [mc_indi_tiltrotor] T0dbg2 Ws34=[0.1 20.0] Wu0=1.0 du0=-0.0439 dmin0=-19.4273 dmax0=25.5727
INFO  [mc_indi_tiltrotor] T2dbg1 G2=[-0.000 -0.650 0.060 0.004 -1.000] G5=[-0.777 -0.873 -0.003 12.950 0.051]
INFO  [mc_indi_tiltrotor] T2dbg2 Wu25=[1.0 9.0] du25=[0.0359 0.0004] dmax25=[32.0499 0.0120] nu_yaw=-0.025
INFO  [mc_indi_tiltrotor] WRdbg0 Wu0=1 lo0=-19.43 du0=-0.0439 pin0=-0.001 a0=[-0.005 -0.022 0.002 0.000 -0.018]
INFO  [mc_indi_tiltrotor] WRdbg1 Wu1=1 lo1=-19.71 du1=-0.0255 pin1=0.000 a1=[0.004 -0.019 0.008 -0.000 -0.018]
INFO  [mc_indi_tiltrotor] T0dbg1 G0=[-0.257 0.227 0.017 0.168 -0.986] nu_des=[0.01 -0.05 0.03 -0.31 -0.29]
INFO  [mc_indi_tiltrotor] T0dbg2 Ws34=[0.1 20.0] Wu0=1.0 du0=0.0476 dmin0=-17.8941 dmax0=27.1059
INFO  [mc_indi_tiltrotor] T2dbg1 G2=[-0.000 -0.650 0.060 0.004 -1.000] G5=[-0.704 -0.789 -0.003 11.726 0.048]
INFO  [mc_indi_tiltrotor] T2dbg2 Wu25=[1.0 9.0] du25=[0.1032 -0.0008] dmax25=[33.2739 0.0120] nu_yaw=0.029
INFO  [mc_indi_tiltrotor] WRdbg0 Wu0=1 lo0=-17.89 du0=0.0476 pin0=-0.016 a0=[-0.016 -0.028 0.001 0.000 0.106]
INFO  [mc_indi_tiltrotor] WRdbg1 Wu1=1 lo1=-18.28 du1=0.0991 pin1=0.003 a1=[0.015 -0.026 -0.001 -0.000 0.108]
INFO  [mc_indi_tiltrotor] YWdbg nu2=0.008 ach2=0.008 r=-0.03 wsp2=-0.01 ddelta=[-0.0030 -0.0012 -0.0003]
INFO  [mc_indi_tiltrotor] T0dbg1 G0=[-0.256 0.227 0.021 0.153 -0.988] nu_des=[0.01 -0.04 0.01 -0.14 -0.01]
INFO  [mc_indi_tiltrotor] T0dbg2 Ws34=[0.1 20.0] Wu0=1.0 du0=-0.0432 dmin0=-19.3903 dmax0=25.6097
INFO  [mc_indi_tiltrotor] T2dbg1 G2=[-0.000 -0.650 0.060 0.004 -1.000] G5=[-0.777 -0.876 -0.003 12.942 0.046]
INFO  [mc_indi_tiltrotor] T2dbg2 Wu25=[1.0 9.0] du25=[0.0470 0.0000] dmax25=[32.0579 0.0120] nu_yaw=0.011
INFO  [mc_indi_tiltrotor] WRdbg0 Wu0=1 lo0=-19.39 du0=-0.0432 pin0=-0.002 a0=[-0.022 -0.025 -0.000 0.000 0.005]
INFO  [mc_indi_tiltrotor] WRdbg1 Wu1=1 lo1=-19.91 du1=0.0011 pin1=0.001 a1=[0.020 -0.022 -0.003 -0.000 0.005]
INFO  [mc_indi_tiltrotor] T0dbg1 G0=[-0.256 0.227 0.022 0.150 -0.989] nu_des=[-0.00 -0.00 0.00 -0.14 0.02]
INFO  [mc_indi_tiltrotor] T0dbg2 Ws34=[0.1 20.0] Wu0=1.0 du0=-0.0059 dmin0=-19.2992 dmax0=25.7008
INFO  [mc_indi_tiltrotor] T2dbg1 G2=[-0.000 -0.650 0.060 0.003 -1.000] G5=[-0.776 -0.879 -0.003 12.938 0.042]
INFO  [mc_indi_tiltrotor] T2dbg2 Wu25=[1.0 9.0] du25=[-0.0057 0.0001] dmax25=[32.0624 0.0120] nu_yaw=0.004
INFO  [mc_indi_tiltrotor] WRdbg0 Wu0=1 lo0=-19.30 du0=-0.0059 pin0=0.000 a0=[0.002 -0.000 0.000 -0.001 -0.007]
INFO  [mc_indi_tiltrotor] WRdbg1 Wu1=1 lo1=-19.90 du1=-0.0117 pin1=0.000 a1=[-0.002 -0.000 -0.001 0.000 -0.009]
INFO  [mc_indi_tiltrotor] YWdbg nu2=0.008 ach2=0.007 r=-0.01 wsp2=0.02 ddelta=[-0.0013 0.0001 0.0001]
INFO  [mc_indi_tiltrotor] T0dbg1 G0=[-0.256 0.227 0.021 0.152 -0.988] nu_des=[-0.00 0.04 -0.03 0.08 -0.15]
INFO  [mc_indi_tiltrotor] T0dbg2 Ws34=[0.1 20.0] Wu0=1.0 du0=0.0814 dmin0=-17.1493 dmax0=27.8507
INFO  [mc_indi_tiltrotor] T2dbg1 G2=[-0.000 -0.650 0.060 0.006 -1.000] G5=[-0.694 -0.765 -0.004 11.567 0.068]
INFO  [mc_indi_tiltrotor] T2dbg2 Wu25=[1.0 9.0] du25=[-0.0109 -0.0011] dmax25=[33.4323 0.0120] nu_yaw=-0.028
INFO  [mc_indi_tiltrotor] WRdbg0 Wu0=1 lo0=-17.15 du0=0.0814 pin0=0.000 a0=[0.003 0.031 -0.003 0.000 0.050]
INFO  [mc_indi_tiltrotor] WRdbg1 Wu1=1 lo1=-17.56 du1=0.0869 pin1=0.000 a1=[-0.003 0.019 0.011 -0.000 0.059]
INFO  [mc_indi_tiltrotor] T0dbg1 G0=[-0.257 0.227 0.017 0.168 -0.986] nu_des=[0.01 -0.04 -0.03 -0.45 0.00]
INFO  [mc_indi_tiltrotor] T0dbg2 Ws34=[0.1 20.0] Wu0=1.0 du0=-0.0419 dmin0=-19.3076 dmax0=25.6924
INFO  [mc_indi_tiltrotor] T2dbg1 G2=[-0.000 -0.650 0.060 0.005 -1.000] G5=[-0.771 -0.857 -0.004 12.852 0.066]
INFO  [mc_indi_tiltrotor] T2dbg2 Wu25=[1.0 9.0] du25=[0.0440 -0.0004] dmax25=[32.1481 0.0120] nu_yaw=-0.029
INFO  [mc_indi_tiltrotor] WRdbg0 Wu0=1 lo0=-19.31 du0=-0.0419 pin0=-0.003 a0=[-0.019 -0.021 0.002 0.000 -0.000]
INFO  [mc_indi_tiltrotor] WRdbg1 Wu1=1 lo1=-19.53 du1=0.0091 pin1=0.002 a1=[0.018 -0.019 0.009 -0.000 -0.000]
INFO  [mc_indi_tiltrotor] YWdbg nu2=0.001 ach2=0.001 r=0.02 wsp2=-0.02 ddelta=[-0.0013 -0.0013 0.0004]
INFO  [mc_indi_tiltrotor] T0dbg1 G0=[-0.256 0.227 0.018 0.166 -0.986] nu_des=[0.00 0.00 0.01 -0.40 0.01]
INFO  [mc_indi_tiltrotor] T0dbg2 Ws34=[0.1 20.0] Wu0=1.0 du0=-0.0056 dmin0=-19.3512 dmax0=25.6488
INFO  [mc_indi_tiltrotor] T2dbg1 G2=[-0.000 -0.650 0.060 0.004 -1.000] G5=[-0.774 -0.871 -0.003 12.908 0.050]
INFO  [mc_indi_tiltrotor] T2dbg2 Wu25=[1.0 9.0] du25=[-0.0084 -0.0003] dmax25=[32.0921 0.0120] nu_yaw=0.014
INFO  [mc_indi_tiltrotor] WRdbg0 Wu0=1 lo0=-19.35 du0=-0.0056 pin0=0.000 a0=[-0.005 0.003 0.001 -0.002 -0.003]
INFO  [mc_indi_tiltrotor] WRdbg1 Wu1=1 lo1=-19.79 du1=-0.0025 pin1=0.000 a1=[0.004 0.002 -0.006 0.001 -0.004]
INFO  [mc_indi_tiltrotor] T0dbg1 G0=[-0.256 0.227 0.019 0.162 -0.987] nu_des=[-0.01 -0.15 0.03 -0.19 -0.29]
INFO  [mc_indi_tiltrotor] T0dbg2 Ws34=[0.1 20.0] Wu0=1.0 du0=0.0220 dmin0=-17.3576 dmax0=27.6424
INFO  [mc_indi_tiltrotor] T2dbg1 G2=[-0.000 -0.650 0.060 0.005 -1.000] G5=[-0.692 -0.772 -0.003 11.541 0.056]
INFO  [mc_indi_tiltrotor] T2dbg2 Wu25=[1.0 9.0] du25=[0.2192 0.0022] dmax25=[33.4589 0.0120] nu_yaw=0.026
INFO  [mc_indi_tiltrotor] WRdbg0 Wu0=1 lo0=-17.36 du0=0.0220 pin0=-0.019 a0=[0.024 -0.090 0.000 0.000 0.107]
INFO  [mc_indi_tiltrotor] WRdbg1 Wu1=1 lo1=-17.90 du1=0.0117 pin1=0.011 a1=[-0.023 -0.084 -0.001 -0.000 0.108]
INFO  [mc_indi_tiltrotor] YWdbg nu2=-0.007 ach2=-0.007 r=-0.03 wsp2=0.00 ddelta=[-0.0011 -0.0025 0.0001]
INFO  [mc_indi_tiltrotor] T0dbg1 G0=[-0.256 0.227 0.021 0.154 -0.988] nu_des=[-0.00 -0.00 -0.02 -0.14 -0.01]
INFO  [mc_indi_tiltrotor] T0dbg2 Ws34=[0.1 20.0] Wu0=1.0 du0=0.0040 dmin0=-19.2062 dmax0=25.7938
INFO  [mc_indi_tiltrotor] T2dbg1 G2=[-0.000 -0.650 0.060 0.004 -1.000] G5=[-0.775 -0.869 -0.003 12.921 0.054]
INFO  [mc_indi_tiltrotor] T2dbg2 Wu25=[1.0 9.0] du25=[0.0064 -0.0001] dmax25=[32.0794 0.0120] nu_yaw=-0.018
INFO  [mc_indi_tiltrotor] WRdbg0 Wu0=1 lo0=-19.21 du0=0.0040 pin0=-0.001 a0=[0.002 -0.001 0.000 0.000 0.003]
INFO  [mc_indi_tiltrotor] WRdbg1 Wu1=1 lo1=-19.86 du1=0.0069 pin1=0.001 a1=[-0.002 -0.001 0.005 -0.000 0.003]
INFO  [mc_indi_tiltrotor] T0dbg1 G0=[-0.256 0.227 0.019 0.162 -0.987] nu_des=[-0.00 0.00 0.01 -0.33 0.03]
INFO  [mc_indi_tiltrotor] T0dbg2 Ws34=[0.1 20.0] Wu0=1.0 du0=-0.0009 dmin0=-19.3894 dmax0=25.6106
INFO  [mc_indi_tiltrotor] T2dbg1 G2=[-0.000 -0.650 0.060 0.004 -1.000] G5=[-0.776 -0.873 -0.003 12.937 0.051]
INFO  [mc_indi_tiltrotor] T2dbg2 Wu25=[1.0 9.0] du25=[-0.0132 0.0001] dmax25=[32.0624 0.0120] nu_yaw=0.005
INFO  [mc_indi_tiltrotor] WRdbg0 Wu0=1 lo0=-19.39 du0=-0.0009 pin0=0.000 a0=[0.006 0.003 0.000 -0.002 -0.009]
INFO  [mc_indi_tiltrotor] WRdbg1 Wu1=1 lo1=-19.90 du1=-0.0164 pin1=0.000 a1=[-0.006 0.002 -0.002 0.001 -0.011]
INFO  [mc_indi_tiltrotor] YWdbg nu2=-0.004 ach2=-0.004 r=0.01 wsp2=-0.00 ddelta=[0.0002 -0.0006 -0.0001]
INFO  [mc_indi_tiltrotor] T0dbg1 G0=[-0.256 0.227 0.018 0.166 -0.986] nu_des=[0.00 -0.06 0.02 -0.10 -0.67]
INFO  [mc_indi_tiltrotor] T0dbg2 Ws34=[0.1 20.0] Wu0=1.0 du0=0.1962 dmin0=-16.9631 dmax0=28.0369
INFO  [mc_indi_tiltrotor] T2dbg1 G2=[-0.000 -0.650 0.060 0.006 -1.000] G5=[-0.667 -0.733 -0.004 11.113 0.069]
INFO  [mc_indi_tiltrotor] T2dbg2 Wu25=[1.0 9.0] du25=[0.2256 -0.0001] dmax25=[33.8872 0.0120] nu_yaw=0.022
INFO  [mc_indi_tiltrotor] WRdbg0 Wu0=1 lo0=-16.96 du0=0.1962 pin0=-0.012 a0=[-0.004 -0.038 0.000 0.000 0.249]
INFO  [mc_indi_tiltrotor] WRdbg1 Wu1=1 lo1=-17.25 du1=0.2195 pin1=-0.001 a1=[0.004 -0.035 -0.001 -0.000 0.253]
INFO  [mc_indi_tiltrotor] T0dbg1 G0=[-0.256 0.227 0.018 0.166 -0.986] nu_des=[0.00 -0.04 -0.02 -0.38 -0.01]
INFO  [mc_indi_tiltrotor] T0dbg2 Ws34=[0.1 20.0] Wu0=1.0 du0=-0.0255 dmin0=-19.2675 dmax0=25.7325
INFO  [mc_indi_tiltrotor] T2dbg1 G2=[-0.000 -0.650 0.060 0.006 -1.000] G5=[-0.774 -0.855 -0.004 12.898 0.074]
INFO  [mc_indi_tiltrotor] T2dbg2 Wu25=[1.0 9.0] du25=[0.0518 0.0003] dmax25=[32.1019 0.0120] nu_yaw=-0.020
INFO  [mc_indi_tiltrotor] WRdbg0 Wu0=1 lo0=-19.27 du0=-0.0255 pin0=-0.000 a0=[-0.006 -0.023 0.001 0.000 0.003]
INFO  [mc_indi_tiltrotor] WRdbg1 Wu1=1 lo1=-19.60 du1=-0.0060 pin1=0.000 a1=[0.006 -0.020 0.006 -0.000 0.003]
INFO  [mc_indi_tiltrotor] YWdbg nu2=-0.016 ach2=-0.014 r=0.02 wsp2=-0.01 ddelta=[0.0042 -0.0001 0.0014]
INFO  [mc_indi_tiltrotor] T0dbg1 G0=[-0.257 0.227 0.017 0.167 -0.986] nu_des=[0.01 0.00 0.03 -0.49 -0.01]
INFO  [mc_indi_tiltrotor] T0dbg2 Ws34=[0.1 20.0] Wu0=1.0 du0=-0.0040 dmin0=-19.4349 dmax0=25.5651
INFO  [mc_indi_tiltrotor] T2dbg1 G2=[-0.000 -0.650 0.060 0.004 -1.000] G5=[-0.777 -0.872 -0.003 12.946 0.052]
INFO  [mc_indi_tiltrotor] T2dbg2 Wu25=[1.0 9.0] du25=[-0.0023 -0.0003] dmax25=[32.0534 0.0120] nu_yaw=0.030
INFO  [mc_indi_tiltrotor] WRdbg0 Wu0=1 lo0=-19.43 du0=-0.0040 pin0=0.000 a0=[-0.008 0.001 0.002 -0.003 0.003]
INFO  [mc_indi_tiltrotor] WRdbg1 Wu1=1 lo1=-20.03 du1=0.0029 pin1=0.000 a1=[0.008 0.001 -0.012 0.001 0.004]
INFO  [mc_indi_tiltrotor] T0dbg1 G0=[-0.256 0.227 0.018 0.165 -0.986] nu_des=[0.01 0.10 0.01 -0.28 -0.16]
INFO  [mc_indi_tiltrotor] T0dbg2 Ws34=[0.1 20.0] Wu0=1.0 du0=0.1042 dmin0=-16.7477 dmax0=28.2523
INFO  [mc_indi_tiltrotor] T2dbg1 G2=[-0.000 -0.650 0.060 0.005 -1.000] G5=[-0.651 -0.723 -0.003 10.848 0.056]
INFO  [mc_indi_tiltrotor] T2dbg2 Wu25=[1.0 9.0] du25=[-0.0689 -0.0024] dmax25=[34.1516 0.0120] nu_yaw=0.012
INFO  [mc_indi_tiltrotor] WRdbg0 Wu0=1 lo0=-16.75 du0=0.1042 pin0=0.000 a0=[-0.021 0.074 0.001 -0.001 0.051]
INFO  [mc_indi_tiltrotor] WRdbg1 Wu1=1 lo1=-17.23 du1=0.1286 pin1=0.000 a1=[0.022 0.049 -0.005 0.000 0.063]
INFO  [mc_indi_tiltrotor] YWdbg nu2=-0.001 ach2=-0.000 r=-0.02 wsp2=0.02 ddelta=[-0.0003 0.0003 -0.0005]
INFO  [mc_indi_tiltrotor] T0dbg1 G0=[-0.256 0.227 0.022 0.150 -0.989] nu_des=[0.01 0.00 -0.02 -0.10 -0.03]
INFO  [mc_indi_tiltrotor] T0dbg2 Ws34=[0.1 20.0] Wu0=1.0 du0=-0.0006 dmin0=-19.2000 dmax0=25.8000
INFO  [mc_indi_tiltrotor] T2dbg1 G2=[-0.000 -0.650 0.060 0.005 -1.000] G5=[-0.771 -0.860 -0.004 12.853 0.062]
INFO  [mc_indi_tiltrotor] T2dbg2 Wu25=[1.0 9.0] du25=[0.0062 -0.0007] dmax25=[32.1467 0.0120] nu_yaw=-0.024
INFO  [mc_indi_tiltrotor] WRdbg0 Wu0=1 lo0=-19.20 du0=-0.0006 pin0=0.000 a0=[-0.009 0.002 -0.003 -0.000 0.010]
INFO  [mc_indi_tiltrotor] WRdbg1 Wu1=1 lo1=-19.57 du1=0.0304 pin1=0.000 a1=[0.008 0.001 0.009 0.000 0.011]
INFO  [mc_indi_tiltrotor] T0dbg1 G0=[-0.256 0.227 0.018 0.164 -0.986] nu_des=[0.00 -0.01 -0.01 -0.38 0.05]
INFO  [mc_indi_tiltrotor] T0dbg2 Ws34=[0.1 20.0] Wu0=1.0 du0=-0.0291 dmin0=-19.4164 dmax0=25.5836
INFO  [mc_indi_tiltrotor] T2dbg1 G2=[-0.000 -0.650 0.060 0.004 -1.000] G5=[-0.777 -0.872 -0.003 12.958 0.054]
INFO  [mc_indi_tiltrotor] T2dbg2 Wu25=[1.0 9.0] du25=[-0.0033 -0.0001] dmax25=[32.0422 0.0120] nu_yaw=-0.012
INFO  [mc_indi_tiltrotor] WRdbg0 Wu0=1 lo0=-19.42 du0=-0.0291 pin0=0.000 a0=[-0.002 -0.007 -0.001 -0.002 -0.018]
INFO  [mc_indi_tiltrotor] WRdbg1 Wu1=1 lo1=-19.80 du1=-0.0181 pin1=0.000 a1=[0.002 -0.004 0.005 0.001 -0.022]
INFO  [mc_indi_tiltrotor] YWdbg nu2=-0.021 ach2=-0.020 r=0.03 wsp2=-0.01 ddelta=[0.0034 -0.0005 -0.0003]
INFO  [mc_indi_tiltrotor] T0dbg1 G0=[-0.257 0.227 0.015 0.175 -0.985] nu_des=[0.01 0.68 0.04 -0.19 1.03]
INFO  [mc_indi_tiltrotor] T0dbg2 Ws34=[0.1 20.0] Wu0=1.0 du0=0.0153 dmin0=-16.7911 dmax0=28.2089
INFO  [mc_indi_tiltrotor] T2dbg1 G2=[-0.000 -0.650 0.060 0.006 -1.000] G5=[-0.680 -0.751 -0.004 11.328 0.065]
INFO  [mc_indi_tiltrotor] T2dbg2 Wu25=[1.0 1000000.0] du25=[-1.0051 -0.0057] dmax25=[33.6716 0.0120] nu_yaw=0.040
INFO  [mc_indi_tiltrotor] WRdbg0 Wu0=1 lo0=-16.79 du0=0.0153 pin0=0.027 a0=[-0.014 0.384 0.000 -0.000 -0.382]
INFO  [mc_indi_tiltrotor] WRdbg1 Wu1=1 lo1=-17.10 du1=-0.0082 pin1=-0.024 a1=[0.014 0.393 -0.000 -0.000 -0.392]
INFO  [mc_indi_tiltrotor] T0dbg1 G0=[-0.256 0.227 0.020 0.157 -0.988] nu_des=[0.00 0.06 0.01 -0.18 -0.06]
INFO  [mc_indi_tiltrotor] T0dbg2 Ws34=[0.1 20.0] Wu0=1.0 du0=0.0628 dmin0=-19.0475 dmax0=25.9525
INFO  [mc_indi_tiltrotor] T2dbg1 G2=[-0.000 -0.650 0.060 0.004 -1.000] G5=[-0.762 -0.856 -0.003 12.698 0.050]
INFO  [mc_indi_tiltrotor] T2dbg2 Wu25=[1.0 9.0] du25=[-0.0456 -0.0011] dmax25=[32.3024 0.0120] nu_yaw=0.012
INFO  [mc_indi_tiltrotor] WRdbg0 Wu0=1 lo0=-19.05 du0=0.0628 pin0=0.000 a0=[-0.003 0.045 0.001 -0.001 0.021]
INFO  [mc_indi_tiltrotor] WRdbg1 Wu1=1 lo1=-19.51 du1=0.0484 pin1=0.000 a1=[0.003 0.025 -0.005 0.000 0.025]
INFO  [mc_indi_tiltrotor] YWdbg nu2=0.010 ach2=0.011 r=-0.03 wsp2=-0.00 ddelta=[-0.0009 0.0014 -0.0005]
INFO  [mc_indi_tiltrotor] T0dbg1 G0=[-0.256 0.227 0.021 0.152 -0.988] nu_des=[0.00 -0.01 0.01 -0.13 0.01]
INFO  [mc_indi_tiltrotor] T0dbg2 Ws34=[0.1 20.0] Wu0=1.0 du0=-0.0124 dmin0=-19.1965 dmax0=25.8035
INFO  [mc_indi_tiltrotor] T2dbg1 G2=[-0.000 -0.650 0.060 0.004 -1.000] G5=[-0.773 -0.872 -0.003 12.876 0.046]
INFO  [mc_indi_tiltrotor] T2dbg2 Wu25=[1.0 9.0] du25=[0.0064 0.0002] dmax25=[32.1242 0.0120] nu_yaw=0.013
INFO  [mc_indi_tiltrotor] WRdbg0 Wu0=1 lo0=-19.20 du0=-0.0124 pin0=0.000 a0=[-0.001 -0.008 0.002 -0.001 -0.004]
INFO  [mc_indi_tiltrotor] WRdbg1 Wu1=1 lo1=-19.76 du1=-0.0132 pin1=0.000 a1=[0.001 -0.005 -0.005 0.000 -0.005]
INFO  [mc_indi_tiltrotor] T0dbg1 G0=[-0.256 0.227 0.022 0.151 -0.989] nu_des=[-0.00 -0.00 0.01 0.02 3.46]
INFO  [mc_indi_tiltrotor] T0dbg2 Ws34=[0.1 20.0] Wu0=1.0 du0=-1.2646 dmin0=-17.8490 dmax0=27.1510
INFO  [mc_indi_tiltrotor] T2dbg1 G2=[-0.000 -0.650 0.060 0.005 -1.000] G5=[-0.718 -0.801 -0.003 11.960 0.055]
INFO  [mc_indi_tiltrotor] T2dbg2 Wu25=[1.0 9.0] du25=[-0.8625 0.0061] dmax25=[33.0397 0.0120] nu_yaw=0.009
INFO  [mc_indi_tiltrotor] WRdbg0 Wu0=1 lo0=-17.85 du0=-1.2646 pin0=0.018 a0=[0.002 -0.001 0.000 -0.000 -1.283]
INFO  [mc_indi_tiltrotor] WRdbg1 Wu1=1 lo1=-18.35 du1=-1.3151 pin1=-0.013 a1=[-0.002 -0.001 -0.000 0.000 -1.299]
INFO  [mc_indi_tiltrotor] YWdbg nu2=-0.036 ach2=-0.034 r=0.01 wsp2=0.02 ddelta=[0.0039 -0.0030 -0.0006]
INFO  [mc_indi_tiltrotor] T0dbg1 G0=[-0.256 0.227 0.019 0.162 -0.987] nu_des=[-0.00 -0.05 -0.01 -0.31 -0.16]
INFO  [mc_indi_tiltrotor] T0dbg2 Ws34=[0.1 20.0] Wu0=1.0 du0=0.0257 dmin0=-18.9562 dmax0=26.0438
INFO  [mc_indi_tiltrotor] T2dbg1 G2=[-0.000 -0.650 0.060 0.004 -1.000] G5=[-0.754 -0.845 -0.003 12.573 0.055]
INFO  [mc_indi_tiltrotor] T2dbg2 Wu25=[1.0 9.0] du25=[0.0836 0.0004] dmax25=[32.4264 0.0120] nu_yaw=-0.009
INFO  [mc_indi_tiltrotor] WRdbg0 Wu0=1 lo0=-18.96 du0=0.0257 pin0=-0.007 a0=[0.002 -0.027 0.000 0.000 0.057]
INFO  [mc_indi_tiltrotor] WRdbg1 Wu1=1 lo1=-19.47 du1=0.0383 pin1=0.005 a1=[-0.002 -0.024 0.003 -0.000 0.057]
INFO  [mc_indi_tiltrotor] T0dbg1 G0=[-0.257 0.227 0.017 0.168 -0.986] nu_des=[-0.01 -0.01 -0.02 -0.43 0.06]
INFO  [mc_indi_tiltrotor] T0dbg2 Ws34=[0.1 20.0] Wu0=1.0 du0=-0.0055 dmin0=-19.4085 dmax0=25.5915
INFO  [mc_indi_tiltrotor] T2dbg1 G2=[-0.000 -0.650 0.060 0.004 -1.000] G5=[-0.775 -0.869 -0.003 12.914 0.054]
INFO  [mc_indi_tiltrotor] T2dbg2 Wu25=[1.0 9.0] du25=[0.0048 0.0009] dmax25=[32.0861 0.0120] nu_yaw=-0.020
INFO  [mc_indi_tiltrotor] WRdbg0 Wu0=1 lo0=-19.41 du0=-0.0055 pin0=-0.000 a0=[0.023 -0.008 0.001 0.000 -0.022]
INFO  [mc_indi_tiltrotor] WRdbg1 Wu1=1 lo1=-19.80 du1=-0.0443 pin1=0.000 a1=[-0.021 -0.007 0.006 -0.000 -0.022]
INFO  [mc_indi_tiltrotor] YWdbg nu2=0.028 ach2=0.026 r=0.01 wsp2=-0.03 ddelta=[-0.0041 0.0010 0.0000]
INFO  [mc_indi_tiltrotor] T0dbg1 G0=[-0.256 0.227 0.018 0.164 -0.987] nu_des=[0.00 0.03 0.03 -0.43 0.00]
INFO  [mc_indi_tiltrotor] T0dbg2 Ws34=[0.1 20.0] Wu0=1.0 du0=0.0135 dmin0=-19.3080 dmax0=25.6920
INFO  [mc_indi_tiltrotor] T2dbg1 G2=[-0.000 -0.650 0.060 0.003 -1.000] G5=[-0.771 -0.871 -0.003 12.847 0.043]
INFO  [mc_indi_tiltrotor] T2dbg2 Wu25=[1.0 9.0] du25=[-0.0282 -0.0005] dmax25=[32.1532 0.0120] nu_yaw=0.029
INFO  [mc_indi_tiltrotor] WRdbg0 Wu0=1 lo0=-19.31 du0=0.0135 pin0=0.000 a0=[-0.006 0.020 0.003 -0.002 -0.001]
INFO  [mc_indi_tiltrotor] WRdbg1 Wu1=1 lo1=-19.67 du1=0.0065 pin1=0.000 a1=[0.006 0.011 -0.011 0.001 -0.001]
INFO  [mc_indi_tiltrotor] T0dbg1 G0=[-0.256 0.227 0.021 0.153 -0.988] nu_des=[0.01 -0.01 -0.00 -0.13 -0.05]
INFO  [mc_indi_tiltrotor] T0dbg2 Ws34=[0.1 20.0] Wu0=1.0 du0=-0.0016 dmin0=-19.0742 dmax0=25.9258
INFO  [mc_indi_tiltrotor] T2dbg1 G2=[-0.000 -0.650 0.060 0.004 -1.000] G5=[-0.765 -0.857 -0.003 12.745 0.053]
INFO  [mc_indi_tiltrotor] T2dbg2 Wu25=[1.0 9.0] du25=[0.0193 -0.0004] dmax25=[32.2546 0.0120] nu_yaw=-0.000
INFO  [mc_indi_tiltrotor] WRdbg0 Wu0=1 lo0=-19.07 du0=-0.0016 pin0=0.000 a0=[-0.010 -0.007 -0.000 -0.001 0.016]
INFO  [mc_indi_tiltrotor] WRdbg1 Wu1=1 lo1=-19.52 du1=0.0257 pin1=0.000 a1=[0.010 -0.004 0.000 0.000 0.019]
INFO  [mc_indi_tiltrotor] YWdbg nu2=-0.013 ach2=-0.012 r=-0.01 wsp2=0.01 ddelta=[0.0019 -0.0002 -0.0005]
INFO  [mc_indi_tiltrotor] T0dbg1 G0=[-0.256 0.227 0.020 0.158 -0.987] nu_des=[-0.00 -0.00 -0.02 -0.22 0.03]
INFO  [mc_indi_tiltrotor] T0dbg2 Ws34=[0.1 20.0] Wu0=1.0 du0=-0.0087 dmin0=-19.3368 dmax0=25.6632
INFO  [mc_indi_tiltrotor] T2dbg1 G2=[-0.000 -0.650 0.060 0.004 -1.000] G5=[-0.780 -0.879 -0.003 12.999 0.047]
INFO  [mc_indi_tiltrotor] T2dbg2 Wu25=[1.0 9.0] du25=[-0.0029 -0.0001] dmax25=[32.0005 0.0120] nu_yaw=-0.018
INFO  [mc_indi_tiltrotor] WRdbg0 Wu0=1 lo0=-19.34 du0=-0.0087 pin0=-0.000 a0=[0.002 -0.000 0.000 0.000 -0.010]
INFO  [mc_indi_tiltrotor] WRdbg1 Wu1=1 lo1=-19.95 du1=-0.0066 pin1=0.000 a1=[-0.001 -0.000 0.005 -0.000 -0.010]
INFO  [mc_indi_tiltrotor] T0dbg1 G0=[-0.257 0.227 0.018 0.167 -0.986] nu_des=[-0.00 -0.00 0.01 -0.40 0.07]
INFO  [mc_indi_tiltrotor] T0dbg2 Ws34=[0.1 20.0] Wu0=1.0 du0=-0.0194 dmin0=-19.1424 dmax0=25.8576
INFO  [mc_indi_tiltrotor] T2dbg1 G2=[-0.000 -0.650 0.060 0.003 -1.000] G5=[-0.768 -0.870 -0.002 12.808 0.041]
INFO  [mc_indi_tiltrotor] T2dbg2 Wu25=[1.0 9.0] du25=[-0.0162 0.0003] dmax25=[32.1924 0.0120] nu_yaw=0.007
INFO  [mc_indi_tiltrotor] WRdbg0 Wu0=1 lo0=-19.14 du0=-0.0194 pin0=0.000 a0=[0.007 -0.002 0.001 -0.002 -0.023]
INFO  [mc_indi_tiltrotor] WRdbg1 Wu1=1 lo1=-19.71 du1=-0.0383 pin1=0.000 a1=[-0.007 -0.001 -0.003 0.001 -0.029]
INFO  [mc_indi_tiltrotor] YWdbg nu2=0.039 ach2=0.040 r=-0.01 wsp2=-0.01 ddelta=[0.0003 0.0117 -0.0020]
INFO  [mc_indi_tiltrotor] T0dbg1 G0=[-0.256 0.227 0.020 0.156 -0.988] nu_des=[0.00 -0.02 -0.01 -0.14 -0.09]
INFO  [mc_indi_tiltrotor] T0dbg2 Ws34=[0.1 20.0] Wu0=1.0 du0=0.0160 dmin0=-18.8049 dmax0=26.1951
INFO  [mc_indi_tiltrotor] T2dbg1 G2=[-0.000 -0.650 0.060 0.004 -1.000] G5=[-0.751 -0.841 -0.003 12.523 0.055]
INFO  [mc_indi_tiltrotor] T2dbg2 Wu25=[1.0 9.0] du25=[0.0389 -0.0000] dmax25=[32.4771 0.0120] nu_yaw=-0.006
INFO  [mc_indi_tiltrotor] WRdbg0 Wu0=1 lo0=-18.80 du0=0.0160 pin0=-0.003 a0=[-0.002 -0.011 0.000 0.000 0.032]
INFO  [mc_indi_tiltrotor] WRdbg1 Wu1=1 lo1=-19.20 du1=0.0284 pin1=0.002 a1=[0.002 -0.009 0.002 -0.000 0.032]
INFO  [mc_indi_tiltrotor] T0dbg1 G0=[-0.256 0.227 0.019 0.160 -0.987] nu_des=[0.00 0.00 -0.02 -0.25 0.02]
INFO  [mc_indi_tiltrotor] T0dbg2 Ws34=[0.1 20.0] Wu0=1.0 du0=-0.0096 dmin0=-19.3197 dmax0=25.6803
INFO  [mc_indi_tiltrotor] T2dbg1 G2=[-0.000 -0.650 0.060 0.004 -1.000] G5=[-0.773 -0.868 -0.003 12.882 0.052]
INFO  [mc_indi_tiltrotor] T2dbg2 Wu25=[1.0 9.0] du25=[-0.0037 -0.0002] dmax25=[32.1177 0.0120] nu_yaw=-0.016
INFO  [mc_indi_tiltrotor] WRdbg0 Wu0=1 lo0=-19.32 du0=-0.0096 pin0=-0.000 a0=[-0.002 0.001 0.000 0.000 -0.009]
INFO  [mc_indi_tiltrotor] WRdbg1 Wu1=1 lo1=-19.71 du1=-0.0018 pin1=0.000 a1=[0.002 0.001 0.005 -0.000 -0.009]
INFO  [mc_indi_tiltrotor] YWdbg nu2=-0.016 ach2=-0.015 r=0.02 wsp2=-0.00 ddelta=[0.0032 -0.0000 0.0003]
INFO  [mc_indi_tiltrotor] T0dbg1 G0=[-0.257 0.227 0.017 0.170 -0.985] nu_des=[0.00 -0.01 0.03 -0.51 0.03]
INFO  [mc_indi_tiltrotor] T0dbg2 Ws34=[0.1 20.0] Wu0=1.0 du0=-0.0205 dmin0=-19.1735 dmax0=25.8265
INFO  [mc_indi_tiltrotor] T2dbg1 G2=[-0.000 -0.650 0.060 0.003 -1.000] G5=[-0.766 -0.868 -0.002 12.774 0.040]
INFO  [mc_indi_tiltrotor] T2dbg2 Wu25=[1.0 9.0] du25=[-0.0008 -0.0001] dmax25=[32.2256 0.0120] nu_yaw=0.027
INFO  [mc_indi_tiltrotor] WRdbg0 Wu0=1 lo0=-19.17 du0=-0.0205 pin0=0.000 a0=[-0.006 -0.006 0.002 -0.003 -0.008]
INFO  [mc_indi_tiltrotor] WRdbg1 Wu1=1 lo1=-19.61 du1=-0.0163 pin1=0.000 a1=[0.006 -0.003 -0.010 0.001 -0.010]
INFO  [mc_indi_tiltrotor] T0dbg1 G0=[-0.256 0.227 0.020 0.157 -0.988] nu_des=[0.00 -0.01 0.01 -0.20 -0.06]
INFO  [mc_indi_tiltrotor] T0dbg2 Ws34=[0.1 20.0] Wu0=1.0 du0=0.0082 dmin0=-18.7865 dmax0=26.2135
INFO  [mc_indi_tiltrotor] T2dbg1 G2=[-0.000 -0.650 0.060 0.004 -1.000] G5=[-0.751 -0.847 -0.003 12.512 0.044]
INFO  [mc_indi_tiltrotor] T2dbg2 Wu25=[1.0 9.0] du25=[0.0209 -0.0000] dmax25=[32.4878 0.0120] nu_yaw=0.009
INFO  [mc_indi_tiltrotor] WRdbg0 Wu0=1 lo0=-18.79 du0=0.0082 pin0=0.000 a0=[-0.001 -0.010 0.001 -0.001 0.018]
INFO  [mc_indi_tiltrotor] WRdbg1 Wu1=1 lo1=-19.27 du1=0.0143 pin1=0.000 a1=[0.001 -0.006 -0.003 0.000 0.022]
INFO  [mc_indi_tiltrotor] YWdbg nu2=0.009 ach2=0.008 r=-0.02 wsp2=0.01 ddelta=[-0.0041 -0.0028 0.0006]
INFO  [mc_indi_tiltrotor] T0dbg1 G0=[-0.256 0.227 0.022 0.150 -0.989] nu_des=[-0.00 -0.00 0.00 -0.09 -0.00]
INFO  [mc_indi_tiltrotor] T0dbg2 Ws34=[0.1 20.0] Wu0=1.0 du0=0.0039 dmin0=-19.3352 dmax0=25.6648
INFO  [mc_indi_tiltrotor] T2dbg1 G2=[-0.000 -0.650 0.060 0.003 -1.000] G5=[-0.775 -0.879 -0.002 12.924 0.039]
INFO  [mc_indi_tiltrotor] T2dbg2 Wu25=[1.0 9.0] du25=[0.0012 0.0002] dmax25=[32.0762 0.0120] nu_yaw=0.001
INFO  [mc_indi_tiltrotor] WRdbg0 Wu0=1 lo0=-19.34 du0=0.0039 pin0=0.000 a0=[0.005 -0.002 0.000 -0.000 0.001]
INFO  [mc_indi_tiltrotor] WRdbg1 Wu1=1 lo1=-19.94 du1=-0.0052 pin1=0.000 a1=[-0.005 -0.001 -0.000 0.000 0.001]
INFO  [mc_indi_tiltrotor] T0dbg1 G0=[-0.256 0.227 0.021 0.152 -0.988] nu_des=[-0.00 -0.01 -0.03 -0.10 0.01]
INFO  [mc_indi_tiltrotor] T0dbg2 Ws34=[0.1 20.0] Wu0=1.0 du0=-0.0081 dmin0=-19.2799 dmax0=25.7201
INFO  [mc_indi_tiltrotor] T2dbg1 G2=[-0.000 -0.650 0.060 0.004 -1.000] G5=[-0.771 -0.870 -0.003 12.854 0.046]
INFO  [mc_indi_tiltrotor] T2dbg2 Wu25=[1.0 9.0] du25=[0.0092 -0.0001] dmax25=[32.1461 0.0120] nu_yaw=-0.025
INFO  [mc_indi_tiltrotor] WRdbg0 Wu0=1 lo0=-19.28 du0=-0.0081 pin0=-0.001 a0=[0.000 -0.004 0.000 0.000 -0.004]
INFO  [mc_indi_tiltrotor] WRdbg1 Wu1=1 lo1=-19.69 du1=0.0013 pin1=0.001 a1=[-0.000 -0.003 0.008 -0.000 -0.004]
INFO  [mc_indi_tiltrotor] YWdbg nu2=-0.015 ach2=0.010 r=0.03 wsp2=0.01 ddelta=[0.0120 0.0120 0.0055]
INFO  [mc_indi_tiltrotor] T0dbg1 G0=[-0.256 0.227 0.018 0.164 -0.986] nu_des=[-0.01 -0.03 -0.04 -0.27 -0.09]
INFO  [mc_indi_tiltrotor] T0dbg2 Ws34=[0.1 20.0] Wu0=1.0 du0=0.0319 dmin0=-18.7441 dmax0=26.2559
INFO  [mc_indi_tiltrotor] T2dbg1 G2=[-0.000 -0.650 0.060 0.006 -1.000] G5=[-0.755 -0.834 -0.004 12.578 0.071]
INFO  [mc_indi_tiltrotor] T2dbg2 Wu25=[1.0 9.0] du25=[0.0627 0.0005] dmax25=[32.4222 0.0120] nu_yaw=-0.044
INFO  [mc_indi_tiltrotor] WRdbg0 Wu0=1 lo0=-18.74 du0=0.0319 pin0=-0.001 a0=[0.012 -0.015 0.002 0.000 0.034]
INFO  [mc_indi_tiltrotor] WRdbg1 Wu1=1 lo1=-19.01 du1=0.0232 pin1=0.001 a1=[-0.011 -0.014 0.013 -0.000 0.034]
INFO  [mc_indi_tiltrotor] T0dbg1 G0=[-0.257 0.227 0.016 0.173 -0.985] nu_des=[0.01 -0.00 -0.01 -0.50 0.02]
INFO  [mc_indi_tiltrotor] T0dbg2 Ws34=[0.1 20.0] Wu0=1.0 du0=-0.0241 dmin0=-19.2753 dmax0=25.7247
INFO  [mc_indi_tiltrotor] T2dbg1 G2=[-0.000 -0.650 0.060 0.004 -1.000] G5=[-0.772 -0.865 -0.003 12.866 0.056]
INFO  [mc_indi_tiltrotor] T2dbg2 Wu25=[1.0 9.0] du25=[-0.0015 -0.0008] dmax25=[32.1339 0.0120] nu_yaw=-0.012
INFO  [mc_indi_tiltrotor] WRdbg0 Wu0=1 lo0=-19.28 du0=-0.0241 pin0=0.000 a0=[-0.014 -0.000 -0.001 -0.003 -0.006]
INFO  [mc_indi_tiltrotor] WRdbg1 Wu1=1 lo1=-19.73 du1=0.0117 pin1=0.000 a1=[0.014 -0.000 0.005 0.001 -0.008]
INFO  [mc_indi_tiltrotor] YWdbg nu2=-0.001 ach2=-0.000 r=0.01 wsp2=-0.03 ddelta=[0.0018 0.0021 -0.0010]
INFO  [mc_indi_tiltrotor] T0dbg1 G0=[-0.257 0.227 0.017 0.168 -0.986] nu_des=[0.00 0.01 0.03 -0.44 -0.00]
INFO  [mc_indi_tiltrotor] T0dbg2 Ws34=[0.1 20.0] Wu0=1.0 du0=0.0040 dmin0=-19.1350 dmax0=25.8650
INFO  [mc_indi_tiltrotor] T2dbg1 G2=[-0.000 -0.650 0.060 0.003 -1.000] G5=[-0.766 -0.866 -0.003 12.768 0.042]
INFO  [mc_indi_tiltrotor] T2dbg2 Wu25=[1.0 9.0] du25=[-0.0143 -0.0003] dmax25=[32.2320 0.0120] nu_yaw=0.030
INFO  [mc_indi_tiltrotor] WRdbg0 Wu0=1 lo0=-19.13 du0=0.0040 pin0=0.000 a0=[-0.005 0.009 0.002 -0.002 0.000]
INFO  [mc_indi_tiltrotor] WRdbg1 Wu1=1 lo1=-19.70 du1=-0.0003 pin1=0.000 a1=[0.005 0.005 -0.012 0.001 0.000]
INFO  [mc_indi_tiltrotor] T0dbg1 G0=[-0.256 0.227 0.021 0.153 -0.988] nu_des=[-0.00 0.03 -0.00 -0.12 -0.23]
INFO  [mc_indi_tiltrotor] T0dbg2 Ws34=[0.1 20.0] Wu0=1.0 du0=0.1034 dmin0=-18.6646 dmax0=26.3354
INFO  [mc_indi_tiltrotor] T2dbg1 G2=[-0.000 -0.650 0.060 0.004 -1.000] G5=[-0.756 -0.848 -0.003 12.608 0.053]
INFO  [mc_indi_tiltrotor] T2dbg2 Wu25=[1.0 9.0] du25=[0.0116 -0.0009] dmax25=[32.3916 0.0120] nu_yaw=-0.000
INFO  [mc_indi_tiltrotor] WRdbg0 Wu0=1 lo0=-18.66 du0=0.1034 pin0=0.000 a0=[0.007 0.023 -0.000 -0.001 0.075]
INFO  [mc_indi_tiltrotor] WRdbg1 Wu1=1 lo1=-19.22 du1=0.0965 pin1=0.000 a1=[-0.006 0.013 0.000 0.000 0.089]
INFO  [mc_indi_tiltrotor] YWdbg nu2=-0.001 ach2=-0.001 r=-0.03 wsp2=0.02 ddelta=[-0.0027 -0.0032 0.0004]
INFO  [mc_indi_tiltrotor] T0dbg1 G0=[-0.256 0.227 0.021 0.154 -0.988] nu_des=[-0.01 0.01 -0.03 -0.16 0.01]
INFO  [mc_indi_tiltrotor] T0dbg2 Ws34=[0.1 20.0] Wu0=1.0 du0=0.0190 dmin0=-19.3820 dmax0=25.6180
INFO  [mc_indi_tiltrotor] T2dbg1 G2=[-0.000 -0.650 0.060 0.004 -1.000] G5=[-0.779 -0.875 -0.003 12.978 0.052]
INFO  [mc_indi_tiltrotor] T2dbg2 Wu25=[1.0 9.0] du25=[-0.0035 0.0004] dmax25=[32.0218 0.0120] nu_yaw=-0.026
INFO  [mc_indi_tiltrotor] WRdbg0 Wu0=1 lo0=-19.38 du0=0.0190 pin0=-0.000 a0=[0.019 0.004 0.000 0.000 -0.003]
INFO  [mc_indi_tiltrotor] WRdbg1 Wu1=1 lo1=-19.82 du1=-0.0096 pin1=0.000 a1=[-0.017 0.003 0.008 -0.000 -0.003]
INFO  [mc_indi_tiltrotor] T0dbg1 G0=[-0.256 0.227 0.018 0.163 -0.987] nu_des=[-0.00 -0.00 0.01 -0.34 0.06]
INFO  [mc_indi_tiltrotor] T0dbg2 Ws34=[0.1 20.0] Wu0=1.0 du0=-0.0220 dmin0=-19.4152 dmax0=25.5848
INFO  [mc_indi_tiltrotor] T2dbg1 G2=[-0.000 -0.650 0.060 0.003 -1.000] G5=[-0.773 -0.873 -0.003 12.876 0.044]
INFO  [mc_indi_tiltrotor] T2dbg2 Wu25=[1.0 9.0] du25=[-0.0129 0.0001] dmax25=[32.1240 0.0120] nu_yaw=0.009
INFO  [mc_indi_tiltrotor] WRdbg0 Wu0=1 lo0=-19.42 du0=-0.0220 pin0=0.000 a0=[0.000 -0.001 0.001 -0.002 -0.020]
INFO  [mc_indi_tiltrotor] WRdbg1 Wu1=1 lo1=-19.78 du1=-0.0287 pin1=0.000 a1=[-0.000 -0.001 -0.004 0.001 -0.025]
INFO  [mc_indi_tiltrotor] YWdbg nu2=-0.001 ach2=-0.001 r=0.02 wsp2=0.00 ddelta=[-0.0007 -0.0010 0.0001]
INFO  [mc_indi_tiltrotor] T0dbg1 G0=[-0.256 0.227 0.019 0.159 -0.987] nu_des=[-0.00 -0.00 -0.00 -0.14 -0.07]
INFO  [mc_indi_tiltrotor] T0dbg2 Ws34=[0.1 20.0] Wu0=1.0 du0=0.0316 dmin0=-18.3376 dmax0=26.6624
INFO  [mc_indi_tiltrotor] T2dbg1 G2=[-0.000 -0.650 0.060 0.005 -1.000] G5=[-0.733 -0.818 -0.003 12.222 0.057]
INFO  [mc_indi_tiltrotor] T2dbg2 Wu25=[1.0 9.0] du25=[0.0119 0.0000] dmax25=[32.7783 0.0120] nu_yaw=-0.000
INFO  [mc_indi_tiltrotor] WRdbg0 Wu0=1 lo0=-18.34 du0=0.0316 pin0=-0.004 a0=[0.009 -0.000 0.000 0.000 0.026]
INFO  [mc_indi_tiltrotor] WRdbg1 Wu1=1 lo1=-18.75 du1=0.0205 pin1=0.003 a1=[-0.009 -0.000 0.000 -0.000 0.026]
INFO  [mc_indi_tiltrotor] T0dbg1 G0=[-0.256 0.227 0.019 0.162 -0.987] nu_des=[0.01 0.00 -0.01 -0.27 0.00]
INFO  [mc_indi_tiltrotor] T0dbg2 Ws34=[0.1 20.0] Wu0=1.0 du0=-0.0127 dmin0=-19.1960 dmax0=25.8040
INFO  [mc_indi_tiltrotor] T2dbg1 G2=[-0.000 -0.650 0.060 0.004 -1.000] G5=[-0.773 -0.869 -0.003 12.890 0.052]
INFO  [mc_indi_tiltrotor] T2dbg2 Wu25=[1.0 9.0] du25=[-0.0014 -0.0006] dmax25=[32.1101 0.0120] nu_yaw=-0.006
INFO  [mc_indi_tiltrotor] WRdbg0 Wu0=1 lo0=-19.20 du0=-0.0127 pin0=0.000 a0=[-0.012 0.002 -0.001 -0.001 -0.001]
INFO  [mc_indi_tiltrotor] WRdbg1 Wu1=1 lo1=-19.75 du1=0.0141 pin1=0.000 a1=[0.011 0.001 0.003 0.001 -0.002]
INFO  [mc_indi_tiltrotor] YWdbg nu2=-0.013 ach2=-0.012 r=0.01 wsp2=-0.01 ddelta=[0.0026 -0.0001 0.0004]
INFO  [mc_indi_tiltrotor] T0dbg1 G0=[-0.257 0.227 0.017 0.170 -0.985] nu_des=[0.01 0.04 -0.01 -0.43 0.06]
INFO  [mc_indi_tiltrotor] T0dbg2 Ws34=[0.1 20.0] Wu0=1.0 du0=-0.0023 dmin0=-19.2446 dmax0=25.7554
INFO  [mc_indi_tiltrotor] T2dbg1 G2=[-0.000 -0.650 0.060 0.004 -1.000] G5=[-0.776 -0.875 -0.003 12.936 0.046]
INFO  [mc_indi_tiltrotor] T2dbg2 Wu25=[1.0 9.0] du25=[-0.0478 -0.0011] dmax25=[32.0642 0.0120] nu_yaw=-0.010
INFO  [mc_indi_tiltrotor] WRdbg0 Wu0=1 lo0=-19.24 du0=-0.0023 pin0=0.000 a0=[-0.011 0.030 -0.001 -0.002 -0.018]
INFO  [mc_indi_tiltrotor] WRdbg1 Wu1=1 lo1=-19.80 du1=0.0102 pin1=0.000 a1=[0.011 0.017 0.004 0.001 -0.023]
INFO  [mc_indi_tiltrotor] T0dbg1 G0=[-0.256 0.227 0.018 0.166 -0.986] nu_des=[-0.01 -0.03 0.03 -0.39 -0.19]
INFO  [mc_indi_tiltrotor] T0dbg2 Ws34=[0.1 20.0] Wu0=1.0 du0=0.0569 dmin0=-18.2484 dmax0=26.7516
INFO  [mc_indi_tiltrotor] T2dbg1 G2=[-0.000 -0.650 0.060 0.004 -1.000] G5=[-0.734 -0.822 -0.003 12.236 0.054]
INFO  [mc_indi_tiltrotor] T2dbg2 Wu25=[1.0 9.0] du25=[0.0563 0.0004] dmax25=[32.7639 0.0120] nu_yaw=0.031
INFO  [mc_indi_tiltrotor] WRdbg0 Wu0=1 lo0=-18.25 du0=0.0569 pin0=-0.019 a0=[0.015 -0.017 0.009 0.000 0.069]
INFO  [mc_indi_tiltrotor] WRdbg1 Wu1=1 lo1=-18.79 du1=0.0362 pin1=0.009 a1=[-0.014 -0.013 -0.014 -0.000 0.070]
INFO  [mc_indi_tiltrotor] YWdbg nu2=0.033 ach2=0.034 r=-0.04 wsp2=-0.00 ddelta=[-0.0063 0.0007 -0.0003]
INFO  [mc_indi_tiltrotor] T0dbg1 G0=[-0.256 0.227 0.022 0.150 -0.989] nu_des=[-0.00 -0.02 0.01 -0.16 -0.01]
INFO  [mc_indi_tiltrotor] T0dbg2 Ws34=[0.1 20.0] Wu0=1.0 du0=-0.0080 dmin0=-19.3082 dmax0=25.6918
INFO  [mc_indi_tiltrotor] T2dbg1 G2=[-0.000 -0.650 0.060 0.004 -1.000] G5=[-0.769 -0.864 -0.003 12.813 0.051]
INFO  [mc_indi_tiltrotor] T2dbg2 Wu25=[1.0 9.0] du25=[0.0142 0.0003] dmax25=[32.1870 0.0120] nu_yaw=0.013
INFO  [mc_indi_tiltrotor] WRdbg0 Wu0=1 lo0=-19.31 du0=-0.0080 pin0=0.000 a0=[0.001 -0.012 0.002 -0.001 0.002]
INFO  [mc_indi_tiltrotor] WRdbg1 Wu1=1 lo1=-19.66 du1=-0.0103 pin1=0.000 a1=[-0.001 -0.007 -0.005 0.000 0.003]
INFO  [mc_indi_tiltrotor] T0dbg1 G0=[-0.256 0.226 0.022 0.150 -0.989] nu_des=[0.01 -0.00 -0.02 -0.14 0.01]
INFO  [mc_indi_tiltrotor] T0dbg2 Ws34=[0.1 20.0] Wu0=1.0 du0=-0.0191 dmin0=-19.1736 dmax0=25.8264
INFO  [mc_indi_tiltrotor] T2dbg1 G2=[-0.000 -0.650 0.060 0.004 -1.000] G5=[-0.767 -0.863 -0.003 12.782 0.049]
INFO  [mc_indi_tiltrotor] T2dbg2 Wu25=[1.0 9.0] du25=[0.0030 -0.0005] dmax25=[32.2179 0.0120] nu_yaw=-0.016
INFO  [mc_indi_tiltrotor] WRdbg0 Wu0=1 lo0=-19.17 du0=-0.0191 pin0=0.000 a0=[-0.011 -0.002 -0.002 -0.001 -0.004]
INFO  [mc_indi_tiltrotor] WRdbg1 Wu1=1 lo1=-19.57 du1=0.0113 pin1=0.000 a1=[0.011 -0.001 0.006 0.000 -0.005]
INFO  [mc_indi_tiltrotor] YWdbg nu2=-0.012 ach2=-0.012 r=0.01 wsp2=0.02 ddelta=[0.0019 -0.0005 -0.0002]
INFO  [mc_indi_tiltrotor] T0dbg1 G0=[-0.256 0.227 0.021 0.155 -0.988] nu_des=[0.00 -0.01 -0.03 -0.05 -0.08]
INFO  [mc_indi_tiltrotor] T0dbg2 Ws34=[0.1 20.0] Wu0=1.0 du0=0.0131 dmin0=-18.1359 dmax0=26.8641
INFO  [mc_indi_tiltrotor] T2dbg1 G2=[-0.000 -0.650 0.060 0.005 -1.000] G5=[-0.732 -0.812 -0.004 12.194 0.064]
INFO  [mc_indi_tiltrotor] T2dbg2 Wu25=[1.0 9.0] du25=[0.0245 -0.0006] dmax25=[32.8062 0.0120] nu_yaw=-0.027
INFO  [mc_indi_tiltrotor] WRdbg0 Wu0=1 lo0=-18.14 du0=0.0131 pin0=-0.005 a0=[-0.008 -0.003 0.000 0.000 0.029]
INFO  [mc_indi_tiltrotor] WRdbg1 Wu1=1 lo1=-18.63 du1=0.0453 pin1=0.004 a1=[0.007 -0.003 0.008 -0.000 0.029]
INFO  [mc_indi_tiltrotor] T0dbg1 G0=[-0.257 0.227 0.017 0.170 -0.985] nu_des=[0.00 -0.01 0.02 -0.51 -0.04]
INFO  [mc_indi_tiltrotor] T0dbg2 Ws34=[0.1 20.0] Wu0=1.0 du0=0.0022 dmin0=-19.2344 dmax0=25.7656
INFO  [mc_indi_tiltrotor] T2dbg1 G2=[-0.000 -0.650 0.060 0.004 -1.000] G5=[-0.771 -0.868 -0.003 12.849 0.049]
INFO  [mc_indi_tiltrotor] T2dbg2 Wu25=[1.0 9.0] du25=[0.0122 -0.0001] dmax25=[32.1509 0.0120] nu_yaw=0.024
INFO  [mc_indi_tiltrotor] WRdbg0 Wu0=1 lo0=-19.23 du0=0.0022 pin0=0.000 a0=[-0.001 -0.008 0.002 -0.003 0.012]
INFO  [mc_indi_tiltrotor] WRdbg1 Wu1=1 lo1=-19.84 du1=0.0042 pin1=0.000 a1=[0.001 -0.004 -0.009 0.001 0.015]
INFO  [mc_indi_tiltrotor] YWdbg nu2=0.020 ach2=0.019 r=0.01 wsp2=-0.02 ddelta=[-0.0053 -0.0018 0.0003]
INFO  [mc_indi_tiltrotor] T0dbg1 G0=[-0.256 0.227 0.020 0.159 -0.987] nu_des=[-0.01 0.01 0.02 -0.40 0.01]
INFO  [mc_indi_tiltrotor] T0dbg2 Ws34=[0.1 20.0] Wu0=1.0 du0=0.0139 dmin0=-19.2489 dmax0=25.7511
INFO  [mc_indi_tiltrotor] T2dbg1 G2=[-0.000 -0.650 0.060 0.003 -1.000] G5=[-0.771 -0.873 -0.002 12.842 0.040]
INFO  [mc_indi_tiltrotor] T2dbg2 Wu25=[1.0 9.0] du25=[-0.0150 0.0004] dmax25=[32.1577 0.0120] nu_yaw=0.025
INFO  [mc_indi_tiltrotor] WRdbg0 Wu0=1 lo0=-19.25 du0=0.0139 pin0=0.000 a0=[0.012 0.004 0.003 -0.002 -0.003]
INFO  [mc_indi_tiltrotor] WRdbg1 Wu1=1 lo1=-19.81 du1=-0.0211 pin1=0.000 a1=[-0.012 0.003 -0.009 0.001 -0.004]
INFO  [mc_indi_tiltrotor] T0dbg1 G0=[-0.256 0.227 0.020 0.156 -0.988] nu_des=[-0.00 0.07 -0.01 -0.19 -0.21]
INFO  [mc_indi_tiltrotor] T0dbg2 Ws34=[0.1 20.0] Wu0=1.0 du0=0.1277 dmin0=-18.0812 dmax0=26.9188
INFO  [mc_indi_tiltrotor] T2dbg1 G2=[-0.000 -0.650 0.060 0.005 -1.000] G5=[-0.721 -0.804 -0.003 12.012 0.057]
INFO  [mc_indi_tiltrotor] T2dbg2 Wu25=[1.0 9.0] du25=[-0.0335 -0.0015] dmax25=[32.9877 0.0120] nu_yaw=-0.012
INFO  [mc_indi_tiltrotor] WRdbg0 Wu0=1 lo0=-18.08 du0=0.1277 pin0=0.000 a0=[0.008 0.054 -0.001 -0.001 0.068]
INFO  [mc_indi_tiltrotor] WRdbg1 Wu1=1 lo1=-18.45 du1=0.1115 pin1=0.000 a1=[-0.008 0.033 0.005 0.000 0.082]
INFO  [mc_indi_tiltrotor] YWdbg nu2=-0.020 ach2=-0.019 r=-0.00 wsp2=0.01 ddelta=[-0.0007 -0.0048 -0.0001]
INFO  [mc_indi_tiltrotor] T0dbg1 G0=[-0.256 0.227 0.018 0.164 -0.986] nu_des=[0.01 -0.03 0.01 -0.42 0.01]
INFO  [mc_indi_tiltrotor] T0dbg2 Ws34=[0.1 20.0] Wu0=1.0 du0=-0.0368 dmin0=-19.2550 dmax0=25.7450
INFO  [mc_indi_tiltrotor] T2dbg1 G2=[-0.000 -0.650 0.060 0.004 -1.000] G5=[-0.761 -0.856 -0.003 12.679 0.048]
INFO  [mc_indi_tiltrotor] T2dbg2 Wu25=[1.0 9.0] du25=[0.0280 -0.0000] dmax25=[32.3213 0.0120] nu_yaw=0.007
INFO  [mc_indi_tiltrotor] WRdbg0 Wu0=1 lo0=-19.25 du0=-0.0368 pin0=0.000 a0=[-0.010 -0.023 0.001 -0.002 -0.002]
INFO  [mc_indi_tiltrotor] WRdbg1 Wu1=1 lo1=-19.66 du1=-0.0074 pin1=0.000 a1=[0.010 -0.013 -0.003 0.001 -0.002]
INFO  [mc_indi_tiltrotor] T0dbg1 G0=[-0.256 0.227 0.018 0.163 -0.987] nu_des=[-0.01 -0.01 -0.00 -0.30 0.00]
INFO  [mc_indi_tiltrotor] T0dbg2 Ws34=[0.1 20.0] Wu0=1.0 du0=0.0178 dmin0=-19.1945 dmax0=25.8055
INFO  [mc_indi_tiltrotor] T2dbg1 G2=[-0.000 -0.650 0.060 0.003 -1.000] G5=[-0.771 -0.870 -0.003 12.843 0.044]
INFO  [mc_indi_tiltrotor] T2dbg2 Wu25=[1.0 9.0] du25=[0.0043 0.0008] dmax25=[32.1566 0.0120] nu_yaw=-0.004
INFO  [mc_indi_tiltrotor] WRdbg0 Wu0=1 lo0=-19.19 du0=0.0178 pin0=-0.001 a0=[0.023 -0.003 0.000 0.000 -0.002]
INFO  [mc_indi_tiltrotor] WRdbg1 Wu1=1 lo1=-19.71 du1=-0.0245 pin1=0.001 a1=[-0.022 -0.003 0.001 -0.000 -0.002]
INFO  [mc_indi_tiltrotor] YWdbg nu2=-0.013 ach2=-0.012 r=0.01 wsp2=-0.02 ddelta=[0.0020 -0.0004 -0.0002]
INFO  [mc_indi_tiltrotor] T0dbg1 G0=[-0.256 0.227 0.018 0.163 -0.987] nu_des=[0.00 -0.01 -0.01 -0.10 -0.49]
INFO  [mc_indi_tiltrotor] T0dbg2 Ws34=[0.1 20.0] Wu0=1.0 du0=0.1635 dmin0=-17.4465 dmax0=27.5535
INFO  [mc_indi_tiltrotor] T2dbg1 G2=[-0.000 -0.650 0.060 0.005 -1.000] G5=[-0.712 -0.792 -0.004 11.867 0.060]
INFO  [mc_indi_tiltrotor] T2dbg2 Wu25=[1.0 9.0] du25=[0.1162 -0.0000] dmax25=[33.1327 0.0120] nu_yaw=-0.010
INFO  [mc_indi_tiltrotor] WRdbg0 Wu0=1 lo0=-17.45 du0=0.1635 pin0=-0.010 a0=[-0.003 -0.005 -0.000 0.000 0.182]
INFO  [mc_indi_tiltrotor] WRdbg1 Wu1=1 lo1=-18.01 du1=0.1776 pin1=-0.004 a1=[0.002 -0.005 0.000 -0.000 0.184]
INFO  [mc_indi_tiltrotor] T0dbg1 G0=[-0.256 0.227 0.021 0.154 -0.988] nu_des=[0.01 0.00 0.01 -0.13 -0.04]
INFO  [mc_indi_tiltrotor] T0dbg2 Ws34=[0.1 20.0] Wu0=1.0 du0=0.0022 dmin0=-19.1361 dmax0=25.8639
INFO  [mc_indi_tiltrotor] T2dbg1 G2=[-0.000 -0.650 0.060 0.005 -1.000] G5=[-0.768 -0.858 -0.003 12.792 0.058]
INFO  [mc_indi_tiltrotor] T2dbg2 Wu25=[1.0 9.0] du25=[0.0093 -0.0006] dmax25=[32.2079 0.0120] nu_yaw=0.007
INFO  [mc_indi_tiltrotor] WRdbg0 Wu0=1 lo0=-19.14 du0=0.0022 pin0=0.000 a0=[-0.014 0.001 0.001 -0.001 0.014]
INFO  [mc_indi_tiltrotor] WRdbg1 Wu1=1 lo1=-19.62 du1=0.0288 pin1=0.000 a1=[0.013 0.001 -0.003 0.000 0.017]
INFO  [mc_indi_tiltrotor] YWdbg nu2=0.012 ach2=0.012 r=-0.02 wsp2=-0.00 ddelta=[-0.0026 -0.0002 0.0001]
INFO  [mc_indi_tiltrotor] T0dbg1 G0=[-0.256 0.227 0.021 0.152 -0.988] nu_des=[0.00 0.00 0.00 -0.13 0.03]
INFO  [mc_indi_tiltrotor] T0dbg2 Ws34=[0.1 20.0] Wu0=1.0 du0=-0.0092 dmin0=-19.2657 dmax0=25.7343
INFO  [mc_indi_tiltrotor] T2dbg1 G2=[-0.000 -0.650 0.060 0.004 -1.000] G5=[-0.771 -0.863 -0.003 12.854 0.056]
INFO  [mc_indi_tiltrotor] T2dbg2 Wu25=[1.0 9.0] du25=[-0.0099 -0.0001] dmax25=[32.1456 0.0120] nu_yaw=0.001
INFO  [mc_indi_tiltrotor] WRdbg0 Wu0=1 lo0=-19.27 du0=-0.0092 pin0=0.000 a0=[-0.001 0.003 0.000 -0.001 -0.010]
INFO  [mc_indi_tiltrotor] WRdbg1 Wu1=1 lo1=-19.71 du1=-0.0097 pin1=0.000 a1=[0.001 0.001 -0.000 0.000 -0.012]
INFO  [mc_indi_tiltrotor] T0dbg1 G0=[-0.256 0.227 0.020 0.155 -0.988] nu_des=[-0.01 0.03 -0.01 0.01 -0.14]
INFO  [mc_indi_tiltrotor] T0dbg2 Ws34=[0.1 20.0] Wu0=1.0 du0=0.0756 dmin0=-17.3960 dmax0=27.6040
INFO  [mc_indi_tiltrotor] T2dbg1 G2=[-0.000 -0.650 0.060 0.006 -1.000] G5=[-0.695 -0.763 -0.004 11.590 0.074]
INFO  [mc_indi_tiltrotor] T2dbg2 Wu25=[1.0 9.0] du25=[-0.0015 -0.0006] dmax25=[33.4101 0.0120] nu_yaw=-0.012
INFO  [mc_indi_tiltrotor] WRdbg0 Wu0=1 lo0=-17.40 du0=0.0756 pin0=0.000 a0=[0.009 0.021 -0.001 0.000 0.047]
INFO  [mc_indi_tiltrotor] WRdbg1 Wu1=1 lo1=-17.76 du1=0.0646 pin1=0.000 a1=[-0.009 0.013 0.005 -0.000 0.056]
INFO  [mc_indi_tiltrotor] YWdbg nu2=-0.031 ach2=-0.029 r=0.01 wsp2=0.01 ddelta=[0.0020 -0.0045 0.0000]
INFO  [mc_indi_tiltrotor] T0dbg1 G0=[-0.257 0.227 0.017 0.168 -0.986] nu_des=[-0.00 0.16 -0.01 -0.46 0.06]
INFO  [mc_indi_tiltrotor] T0dbg2 Ws34=[0.1 20.0] Wu0=1.0 du0=0.0958 dmin0=-19.3267 dmax0=25.6733
INFO  [mc_indi_tiltrotor] T2dbg1 G2=[-0.000 -0.650 0.060 0.005 -1.000] G5=[-0.764 -0.846 -0.004 12.739 0.070]
INFO  [mc_indi_tiltrotor] T2dbg2 Wu25=[1.0 9.0] du25=[-0.1606 -0.0021] dmax25=[32.2606 0.0120] nu_yaw=-0.009
INFO  [mc_indi_tiltrotor] WRdbg0 Wu0=1 lo0=-19.33 du0=0.0958 pin0=0.023 a0=[0.004 0.091 0.001 0.000 -0.023]
INFO  [mc_indi_tiltrotor] WRdbg1 Wu1=1 lo1=-19.62 du1=0.0423 pin1=-0.015 a1=[-0.004 0.081 0.003 -0.000 -0.023]
INFO  [mc_indi_tiltrotor] T0dbg1 G0=[-0.256 0.227 0.018 0.163 -0.987] nu_des=[0.01 0.01 0.02 -0.33 0.00]
INFO  [mc_indi_tiltrotor] T0dbg2 Ws34=[0.1 20.0] Wu0=1.0 du0=-0.0076 dmin0=-19.2324 dmax0=25.7676
INFO  [mc_indi_tiltrotor] T2dbg1 G2=[-0.000 -0.650 0.060 0.005 -1.000] G5=[-0.771 -0.861 -0.004 12.850 0.059]
INFO  [mc_indi_tiltrotor] T2dbg2 Wu25=[1.0 9.0] du25=[-0.0103 -0.0007] dmax25=[32.1494 0.0120] nu_yaw=0.015
INFO  [mc_indi_tiltrotor] WRdbg0 Wu0=1 lo0=-19.23 du0=-0.0076 pin0=0.000 a0=[-0.014 0.008 0.001 -0.002 -0.001]
INFO  [mc_indi_tiltrotor] WRdbg1 Wu1=1 lo1=-19.76 du1=0.0118 pin1=0.000 a1=[0.014 0.005 -0.006 0.001 -0.002]
INFO  [mc_indi_tiltrotor] YWdbg nu2=0.012 ach2=0.011 r=-0.01 wsp2=-0.02 ddelta=[-0.0024 -0.0001 0.0000]
INFO  [mc_indi_tiltrotor] T0dbg1 G0=[-0.256 0.227 0.019 0.161 -0.987] nu_des=[-0.00 -0.11 0.02 -0.16 -0.31]
INFO  [mc_indi_tiltrotor] T0dbg2 Ws34=[0.1 20.0] Wu0=1.0 du0=0.0344 dmin0=-17.1120 dmax0=27.8880
INFO  [mc_indi_tiltrotor] T2dbg1 G2=[-0.000 -0.650 0.060 0.006 -1.000] G5=[-0.683 -0.754 -0.004 11.384 0.066]
INFO  [mc_indi_tiltrotor] T2dbg2 Wu25=[1.0 9.0] du25=[0.1794 0.0009] dmax25=[33.6161 0.0120] nu_yaw=0.016
INFO  [mc_indi_tiltrotor] WRdbg0 Wu0=1 lo0=-17.11 du0=0.0344 pin0=-0.019 a0=[0.005 -0.066 0.000 0.000 0.115]
INFO  [mc_indi_tiltrotor] WRdbg1 Wu1=1 lo1=-17.71 du1=0.0606 pin1=0.011 a1=[-0.005 -0.062 -0.001 -0.000 0.116]
INFO  [mc_indi_tiltrotor] T0dbg1 G0=[-0.256 0.227 0.021 0.152 -0.988] nu_des=[-0.01 -0.01 -0.02 -0.10 -0.04]
INFO  [mc_indi_tiltrotor] T0dbg2 Ws34=[0.1 20.0] Wu0=1.0 du0=0.0172 dmin0=-19.0877 dmax0=25.9123
INFO  [mc_indi_tiltrotor] T2dbg1 G2=[-0.000 -0.650 0.060 0.005 -1.000] G5=[-0.769 -0.851 -0.004 12.809 0.069]
INFO  [mc_indi_tiltrotor] T2dbg2 Wu25=[1.0 9.0] du25=[0.0268 0.0004] dmax25=[32.1910 0.0120] nu_yaw=-0.018
INFO  [mc_indi_tiltrotor] WRdbg0 Wu0=1 lo0=-19.09 du0=0.0172 pin0=-0.001 a0=[0.011 -0.007 0.000 0.000 0.015]
INFO  [mc_indi_tiltrotor] WRdbg1 Wu1=1 lo1=-19.60 du1=0.0047 pin1=0.001 a1=[-0.010 -0.006 0.006 -0.000 0.015]
INFO  [mc_indi_tiltrotor] YWdbg nu2=-0.011 ach2=-0.011 r=0.01 wsp2=0.02 ddelta=[0.0015 -0.0006 0.0000]
INFO  [mc_indi_tiltrotor] T0dbg1 G0=[-0.256 0.227 0.018 0.166 -0.986] nu_des=[0.00 -0.00 0.00 -0.47 -0.00]
INFO  [mc_indi_tiltrotor] T0dbg2 Ws34=[0.1 20.0] Wu0=1.0 du0=-0.0091 dmin0=-19.4388 dmax0=25.5612
INFO  [mc_indi_tiltrotor] T2dbg1 G2=[-0.000 -0.650 0.060 0.005 -1.000] G5=[-0.770 -0.860 -0.004 12.827 0.059]
INFO  [mc_indi_tiltrotor] T2dbg2 Wu25=[1.0 9.0] du25=[0.0011 -0.0004] dmax25=[32.1729 0.0120] nu_yaw=0.001
INFO  [mc_indi_tiltrotor] WRdbg0 Wu0=1 lo0=-19.44 du0=-0.0091 pin0=0.000 a0=[-0.005 -0.002 0.000 -0.002 0.001]
INFO  [mc_indi_tiltrotor] WRdbg1 Wu1=1 lo1=-19.82 du1=0.0052 pin1=0.000 a1=[0.005 -0.001 -0.000 0.001 0.001]
INFO  [mc_indi_tiltrotor] T0dbg1 G0=[-0.256 0.227 0.018 0.164 -0.987] nu_des=[0.02 0.03 0.02 -0.14 -0.10]
INFO  [mc_indi_tiltrotor] T0dbg2 Ws34=[0.1 20.0] Wu0=1.0 du0=0.0303 dmin0=-16.9915 dmax0=28.0085
INFO  [mc_indi_tiltrotor] T2dbg1 G2=[-0.000 -0.650 0.060 0.006 -1.000] G5=[-0.669 -0.735 -0.004 11.143 0.070]
INFO  [mc_indi_tiltrotor] T2dbg2 Wu25=[1.0 9.0] du25=[-0.0072 -0.0013] dmax25=[33.8565 0.0120] nu_yaw=0.020
INFO  [mc_indi_tiltrotor] WRdbg0 Wu0=1 lo0=-16.99 du0=0.0303 pin0=0.000 a0=[-0.025 0.022 0.002 -0.001 0.031]
INFO  [mc_indi_tiltrotor] WRdbg1 Wu1=1 lo1=-17.29 du1=0.0690 pin1=0.000 a1=[0.025 0.014 -0.008 0.000 0.038]
INFO  [mc_indi_tiltrotor] YWdbg nu2=0.021 ach2=0.023 r=-0.01 wsp2=-0.00 ddelta=[-0.0012 0.0050 -0.0013]
INFO  [mc_indi_tiltrotor] T0dbg1 G0=[-0.256 0.227 0.020 0.158 -0.987] nu_des=[-0.01 -0.00 -0.01 -0.18 -0.09]
INFO  [mc_indi_tiltrotor] T0dbg2 Ws34=[0.1 20.0] Wu0=1.0 du0=0.0482 dmin0=-18.9759 dmax0=26.0241
INFO  [mc_indi_tiltrotor] T2dbg1 G2=[-0.000 -0.650 0.060 0.005 -1.000] G5=[-0.763 -0.845 -0.004 12.717 0.070]
INFO  [mc_indi_tiltrotor] T2dbg2 Wu25=[1.0 9.0] du25=[0.0259 0.0003] dmax25=[32.2824 0.0120] nu_yaw=-0.012
INFO  [mc_indi_tiltrotor] WRdbg0 Wu0=1 lo0=-18.98 du0=0.0482 pin0=-0.001 a0=[0.015 -0.000 0.000 0.000 0.034]
INFO  [mc_indi_tiltrotor] WRdbg1 Wu1=1 lo1=-19.49 du1=0.0242 pin1=0.001 a1=[-0.014 -0.000 0.004 -0.000 0.034]
INFO  [mc_indi_tiltrotor] T0dbg1 G0=[-0.257 0.227 0.017 0.167 -0.986] nu_des=[-0.00 0.00 -0.00 -0.40 -0.00]
INFO  [mc_indi_tiltrotor] T0dbg2 Ws34=[0.1 20.0] Wu0=1.0 du0=0.0034 dmin0=-19.2690 dmax0=25.7310
INFO  [mc_indi_tiltrotor] T2dbg1 G2=[-0.000 -0.650 0.060 0.005 -1.000] G5=[-0.780 -0.870 -0.004 12.992 0.061]
INFO  [mc_indi_tiltrotor] T2dbg2 Wu25=[1.0 9.0] du25=[-0.0051 -0.0002] dmax25=[32.0074 0.0120] nu_yaw=-0.003
INFO  [mc_indi_tiltrotor] WRdbg0 Wu0=1 lo0=-19.27 du0=0.0034 pin0=-0.001 a0=[0.002 0.002 0.000 0.000 0.000]
INFO  [mc_indi_tiltrotor] WRdbg1 Wu1=1 lo1=-19.87 du1=0.0019 pin1=0.001 a1=[-0.002 0.002 0.001 -0.000 0.000]
INFO  [mc_indi_tiltrotor] YWdbg nu2=-0.009 ach2=-0.009 r=0.01 wsp2=-0.01 ddelta=[0.0012 -0.0006 -0.0000]
INFO  [mc_indi_tiltrotor] T0dbg1 G0=[-0.257 0.227 0.016 0.173 -0.985] nu_des=[0.01 0.65 0.05 -0.18 0.71]
INFO  [mc_indi_tiltrotor] T0dbg2 Ws34=[0.1 20.0] Wu0=1.0 du0=0.1213 dmin0=-16.8700 dmax0=28.1300
INFO  [mc_indi_tiltrotor] T2dbg1 G2=[-0.000 -0.650 0.060 0.007 -1.000] G5=[-0.687 -0.753 -0.004 11.448 0.075]
INFO  [mc_indi_tiltrotor] T2dbg2 Wu25=[1.0 1000000.0] du25=[-0.8928 -0.0065] dmax25=[33.5514 0.0120] nu_yaw=0.048
INFO  [mc_indi_tiltrotor] WRdbg0 Wu0=1 lo0=-16.87 du0=0.1213 pin0=0.028 a0=[-0.015 0.371 0.000 -0.000 -0.262]
INFO  [mc_indi_tiltrotor] WRdbg1 Wu1=1 lo1=-17.28 du1=0.1000 pin1=-0.026 a1=[0.015 0.379 -0.000 -0.000 -0.269]
INFO  [mc_indi_tiltrotor] T0dbg1 G0=[-0.256 0.227 0.021 0.154 -0.988] nu_des=[-0.00 0.03 0.01 -0.17 -0.04]
INFO  [mc_indi_tiltrotor] T0dbg2 Ws34=[0.1 20.0] Wu0=1.0 du0=0.0346 dmin0=-19.1754 dmax0=25.8246
INFO  [mc_indi_tiltrotor] T2dbg1 G2=[-0.000 -0.650 0.060 0.005 -1.000] G5=[-0.763 -0.850 -0.004 12.714 0.062]
INFO  [mc_indi_tiltrotor] T2dbg2 Wu25=[1.0 9.0] du25=[-0.0223 -0.0005] dmax25=[32.2861 0.0120] nu_yaw=0.010
INFO  [mc_indi_tiltrotor] WRdbg0 Wu0=1 lo0=-19.18 du0=0.0346 pin0=0.000 a0=[0.000 0.022 0.001 -0.001 0.012]
INFO  [mc_indi_tiltrotor] WRdbg1 Wu1=1 lo1=-19.61 du1=0.0235 pin1=0.000 a1=[-0.000 0.012 -0.004 0.000 0.015]
INFO  [mc_indi_tiltrotor] YWdbg nu2=0.010 ach2=0.010 r=-0.03 wsp2=0.01 ddelta=[-0.0029 -0.0010 0.0001]
INFO  [mc_indi_tiltrotor] T0dbg1 G0=[-0.256 0.226 0.022 0.150 -0.989] nu_des=[-0.00 0.01 -0.00 -0.11 0.02]
INFO  [mc_indi_tiltrotor] T0dbg2 Ws34=[0.1 20.0] Wu0=1.0 du0=0.0032 dmin0=-19.4489 dmax0=25.5511
INFO  [mc_indi_tiltrotor] T2dbg1 G2=[-0.000 -0.650 0.060 0.005 -1.000] G5=[-0.774 -0.862 -0.004 12.892 0.062]
INFO  [mc_indi_tiltrotor] T2dbg2 Wu25=[1.0 9.0] du25=[-0.0102 0.0000] dmax25=[32.1075 0.0120] nu_yaw=-0.003
INFO  [mc_indi_tiltrotor] WRdbg0 Wu0=1 lo0=-19.45 du0=0.0032 pin0=0.000 a0=[0.005 0.004 -0.000 -0.000 -0.005]
INFO  [mc_indi_tiltrotor] WRdbg1 Wu1=1 lo1=-19.83 du1=-0.0071 pin1=0.000 a1=[-0.005 0.002 0.001 0.000 -0.006]
INFO  [mc_indi_tiltrotor] YWdbg nu2=-0.018 ach2=0.006 r=0.03 wsp2=0.01 ddelta=[0.0120 0.0120 0.0087]
INFO  [mc_indi_tiltrotor] T0dbg1 G0=[-0.256 0.227 0.020 0.158 -0.987] nu_des=[0.00 -0.07 -0.02 0.02 3.38]
INFO  [mc_indi_tiltrotor] T0dbg2 Ws34=[0.1 20.0] Wu0=1.0 du0=-1.2795 dmin0=-17.4959 dmax0=27.5041
INFO  [mc_indi_tiltrotor] T2dbg1 G2=[-0.000 -0.650 0.060 0.006 -1.000] G5=[-0.704 -0.773 -0.004 11.727 0.073]
INFO  [mc_indi_tiltrotor] T2dbg2 Wu25=[1.0 9.0] du25=[-0.7691 0.0076] dmax25=[33.2731 0.0120] nu_yaw=-0.019
INFO  [mc_indi_tiltrotor] WRdbg0 Wu0=1 lo0=-17.50 du0=-1.2795 pin0=0.019 a0=[-0.009 -0.038 -0.000 -0.000 -1.250]
INFO  [mc_indi_tiltrotor] WRdbg1 Wu1=1 lo1=-17.90 du1=-1.3067 pin1=-0.013 a1=[0.009 -0.036 0.001 0.000 -1.267]
INFO  [mc_indi_tiltrotor] T0dbg1 G0=[-0.257 0.227 0.017 0.167 -0.986] nu_des=[0.00 0.03 -0.01 -0.38 -0.04]
INFO  [mc_indi_tiltrotor] T0dbg2 Ws34=[0.1 20.0] Wu0=1.0 du0=0.0297 dmin0=-18.8188 dmax0=26.1812
INFO  [mc_indi_tiltrotor] T2dbg1 G2=[-0.000 -0.650 0.060 0.006 -1.000] G5=[-0.760 -0.837 -0.004 12.658 0.075]
INFO  [mc_indi_tiltrotor] T2dbg2 Wu25=[1.0 9.0] du25=[-0.0194 -0.0008] dmax25=[32.3414 0.0120] nu_yaw=-0.007
INFO  [mc_indi_tiltrotor] WRdbg0 Wu0=1 lo0=-18.82 du0=0.0297 pin0=0.000 a0=[-0.002 0.020 -0.001 -0.002 0.014]
INFO  [mc_indi_tiltrotor] WRdbg1 Wu1=1 lo1=-19.47 du1=0.0347 pin1=0.000 a1=[0.002 0.012 0.003 0.001 0.017]
INFO  [mc_indi_tiltrotor] YWdbg nu2=-0.006 ach2=-0.006 r=0.01 wsp2=-0.03 ddelta=[0.0008 -0.0001 -0.0004]
INFO  [mc_indi_tiltrotor] T0dbg1 G0=[-0.257 0.227 0.017 0.169 -0.986] nu_des=[0.00 0.01 -0.00 -0.46 0.01]
INFO  [mc_indi_tiltrotor] T0dbg2 Ws34=[0.1 20.0] Wu0=1.0 du0=0.0010 dmin0=-19.3972 dmax0=25.6028
INFO  [mc_indi_tiltrotor] T2dbg1 G2=[-0.000 -0.650 0.060 0.005 -1.000] G5=[-0.780 -0.864 -0.004 13.004 0.071]
INFO  [mc_indi_tiltrotor] T2dbg2 Wu25=[1.0 9.0] du25=[-0.0100 -0.0004] dmax25=[31.9958 0.0120] nu_yaw=-0.004
INFO  [mc_indi_tiltrotor] WRdbg0 Wu0=1 lo0=-19.40 du0=0.0010 pin0=-0.000 a0=[-0.001 0.004 0.000 0.000 -0.003]
INFO  [mc_indi_tiltrotor] WRdbg1 Wu1=1 lo1=-19.93 du1=0.0029 pin1=0.000 a1=[0.001 0.004 0.001 -0.000 -0.003]
INFO  [mc_indi_tiltrotor] T0dbg1 G0=[-0.256 0.227 0.018 0.166 -0.986] nu_des=[-0.00 -0.00 0.01 -0.42 0.03]
INFO  [mc_indi_tiltrotor] T0dbg2 Ws34=[0.1 20.0] Wu0=1.0 du0=-0.0105 dmin0=-19.3252 dmax0=25.6748
INFO  [mc_indi_tiltrotor] T2dbg1 G2=[-0.000 -0.650 0.060 0.005 -1.000] G5=[-0.766 -0.850 -0.004 12.764 0.066]
INFO  [mc_indi_tiltrotor] T2dbg2 Wu25=[1.0 9.0] du25=[-0.0086 0.0001] dmax25=[32.2358 0.0120] nu_yaw=0.014
INFO  [mc_indi_tiltrotor] WRdbg0 Wu0=1 lo0=-19.33 du0=-0.0105 pin0=0.000 a0=[0.001 -0.001 0.001 -0.002 -0.010]
INFO  [mc_indi_tiltrotor] WRdbg1 Wu1=1 lo1=-19.68 du1=-0.0186 pin1=0.000 a1=[-0.001 -0.001 -0.005 0.001 -0.012]
INFO  [mc_indi_tiltrotor] YWdbg nu2=0.005 ach2=0.005 r=-0.03 wsp2=0.01 ddelta=[-0.0027 -0.0018 0.0001]
INFO  [mc_indi_tiltrotor] T0dbg1 G0=[-0.256 0.227 0.021 0.154 -0.988] nu_des=[0.02 0.00 -0.00 -0.12 -0.04]
INFO  [mc_indi_tiltrotor] T0dbg2 Ws34=[0.1 20.0] Wu0=1.0 du0=-0.0214 dmin0=-18.8606 dmax0=26.1394
INFO  [mc_indi_tiltrotor] T2dbg1 G2=[-0.000 -0.650 0.060 0.006 -1.000] G5=[-0.752 -0.826 -0.005 12.538 0.079]
INFO  [mc_indi_tiltrotor] T2dbg2 Wu25=[1.0 9.0] du25=[0.0167 -0.0014] dmax25=[32.4623 0.0120] nu_yaw=-0.003
INFO  [mc_indi_tiltrotor] WRdbg0 Wu0=1 lo0=-18.86 du0=-0.0214 pin0=0.000 a0=[-0.036 0.001 -0.000 -0.001 0.014]
INFO  [mc_indi_tiltrotor] WRdbg1 Wu1=1 lo1=-19.27 du1=0.0533 pin1=0.000 a1=[0.034 0.000 0.001 0.000 0.017]
INFO  [mc_indi_tiltrotor] T0dbg1 G0=[-0.256 0.227 0.020 0.155 -0.988] nu_des=[-0.00 0.01 -0.02 -0.18 0.01]
INFO  [mc_indi_tiltrotor] T0dbg2 Ws34=[0.1 20.0] Wu0=1.0 du0=0.0087 dmin0=-19.3043 dmax0=25.6957
INFO  [mc_indi_tiltrotor] T2dbg1 G2=[-0.000 -0.650 0.060 0.006 -1.000] G5=[-0.775 -0.856 -0.004 12.916 0.075]
INFO  [mc_indi_tiltrotor] T2dbg2 Wu25=[1.0 9.0] du25=[-0.0072 0.0000] dmax25=[32.0839 0.0120] nu_yaw=-0.017
INFO  [mc_indi_tiltrotor] WRdbg0 Wu0=1 lo0=-19.30 du0=0.0087 pin0=-0.000 a0=[0.009 0.004 0.000 0.000 -0.005]
INFO  [mc_indi_tiltrotor] WRdbg1 Wu1=1 lo1=-19.84 du1=-0.0043 pin1=0.000 a1=[-0.009 0.004 0.005 -0.000 -0.005]
INFO  [mc_indi_tiltrotor] YWdbg nu2=0.008 ach2=0.008 r=0.02 wsp2=0.00 ddelta=[-0.0010 0.0007 -0.0005]
INFO  [mc_indi_tiltrotor] T0dbg1 G0=[-0.257 0.227 0.018 0.167 -0.986] nu_des=[-0.00 -0.01 0.00 -0.43 0.02]
INFO  [mc_indi_tiltrotor] T0dbg2 Ws34=[0.1 20.0] Wu0=1.0 du0=-0.0140 dmin0=-19.1605 dmax0=25.8395
INFO  [mc_indi_tiltrotor] T2dbg1 G2=[-0.000 -0.650 0.060 0.005 -1.000] G5=[-0.771 -0.857 -0.004 12.849 0.065]
INFO  [mc_indi_tiltrotor] T2dbg2 Wu25=[1.0 9.0] du25=[0.0006 -0.0000] dmax25=[32.1510 0.0120] nu_yaw=0.000
INFO  [mc_indi_tiltrotor] WRdbg0 Wu0=1 lo0=-19.16 du0=-0.0140 pin0=0.000 a0=[0.001 -0.006 0.000 -0.002 -0.007]
INFO  [mc_indi_tiltrotor] WRdbg1 Wu1=1 lo1=-19.75 du1=-0.0115 pin1=0.000 a1=[-0.001 -0.004 -0.000 0.001 -0.008]
INFO  [mc_indi_tiltrotor] T0dbg1 G0=[-0.256 0.227 0.020 0.159 -0.987] nu_des=[-0.01 0.00 -0.01 -0.20 -0.10]
INFO  [mc_indi_tiltrotor] T0dbg2 Ws34=[0.1 20.0] Wu0=1.0 du0=0.0544 dmin0=-18.7619 dmax0=26.2381
INFO  [mc_indi_tiltrotor] T2dbg1 G2=[-0.000 -0.650 0.060 0.006 -1.000] G5=[-0.754 -0.827 -0.005 12.574 0.081]
INFO  [mc_indi_tiltrotor] T2dbg2 Wu25=[1.0 9.0] du25=[0.0212 0.0002] dmax25=[32.4255 0.0120] nu_yaw=-0.014
INFO  [mc_indi_tiltrotor] WRdbg0 Wu0=1 lo0=-18.76 du0=0.0544 pin0=-0.002 a0=[0.018 0.002 0.000 0.000 0.036]
INFO  [mc_indi_tiltrotor] WRdbg1 Wu1=1 lo1=-19.26 du1=0.0271 pin1=0.002 a1=[-0.017 0.002 0.004 -0.000 0.036]
INFO  [mc_indi_tiltrotor] YWdbg nu2=-0.019 ach2=-0.018 r=0.02 wsp2=-0.01 ddelta=[0.0047 0.0015 -0.0007]
INFO  [mc_indi_tiltrotor] T0dbg1 G0=[-0.257 0.227 0.017 0.167 -0.986] nu_des=[0.00 0.05 -0.02 -0.46 0.07]
INFO  [mc_indi_tiltrotor] T0dbg2 Ws34=[0.1 20.0] Wu0=1.0 du0=0.0084 dmin0=-19.4092 dmax0=25.5908
INFO  [mc_indi_tiltrotor] T2dbg1 G2=[-0.000 -0.650 0.060 0.006 -1.000] G5=[-0.777 -0.857 -0.005 12.956 0.077]
INFO  [mc_indi_tiltrotor] T2dbg2 Wu25=[1.0 9.0] du25=[-0.0583 -0.0008] dmax25=[32.0441 0.0120] nu_yaw=-0.016
INFO  [mc_indi_tiltrotor] WRdbg0 Wu0=1 lo0=-19.41 du0=0.0084 pin0=0.000 a0=[-0.000 0.034 -0.001 -0.002 -0.022]
INFO  [mc_indi_tiltrotor] WRdbg1 Wu1=1 lo1=-19.84 du1=-0.0014 pin1=0.000 a1=[0.000 0.019 0.006 0.001 -0.028]
INFO  [mc_indi_tiltrotor] T0dbg1 G0=[-0.256 0.227 0.019 0.161 -0.987] nu_des=[0.01 0.01 0.03 -0.38 0.03]
INFO  [mc_indi_tiltrotor] T0dbg2 Ws34=[0.1 20.0] Wu0=1.0 du0=-0.0145 dmin0=-19.3597 dmax0=25.6403
INFO  [mc_indi_tiltrotor] T2dbg1 G2=[-0.000 -0.650 0.060 0.005 -1.000] G5=[-0.771 -0.856 -0.004 12.857 0.068]
INFO  [mc_indi_tiltrotor] T2dbg2 Wu25=[1.0 9.0] du25=[-0.0151 -0.0004] dmax25=[32.1426 0.0120] nu_yaw=0.030
INFO  [mc_indi_tiltrotor] WRdbg0 Wu0=1 lo0=-19.36 du0=-0.0145 pin0=0.000 a0=[-0.014 0.008 0.003 -0.002 -0.009]
INFO  [mc_indi_tiltrotor] WRdbg1 Wu1=1 lo1=-19.75 du1=-0.0037 pin1=0.000 a1=[0.014 0.004 -0.012 0.001 -0.011]
INFO  [mc_indi_tiltrotor] YWdbg nu2=-0.013 ach2=-0.012 r=-0.02 wsp2=0.01 ddelta=[-0.0013 -0.0038 -0.0001]
INFO  [mc_indi_tiltrotor] T0dbg1 G0=[-0.256 0.227 0.021 0.152 -0.988] nu_des=[0.00 0.01 -0.02 -0.09 -0.24]
INFO  [mc_indi_tiltrotor] T0dbg2 Ws34=[0.1 20.0] Wu0=1.0 du0=0.0883 dmin0=-18.6839 dmax0=26.3161
INFO  [mc_indi_tiltrotor] T2dbg1 G2=[-0.000 -0.650 0.060 0.007 -1.000] G5=[-0.751 -0.822 -0.005 12.510 0.082]
INFO  [mc_indi_tiltrotor] T2dbg2 Wu25=[1.0 9.0] du25=[0.0466 -0.0008] dmax25=[32.4900 0.0120] nu_yaw=-0.018
INFO  [mc_indi_tiltrotor] WRdbg0 Wu0=1 lo0=-18.68 du0=0.0883 pin0=-0.004 a0=[-0.000 0.005 0.000 0.000 0.088]
INFO  [mc_indi_tiltrotor] WRdbg1 Wu1=1 lo1=-19.13 du1=0.1014 pin1=0.003 a1=[0.000 0.005 0.005 -0.000 0.088]
INFO  [mc_indi_tiltrotor] T0dbg1 G0=[-0.256 0.227 0.018 0.164 -0.986] nu_des=[-0.01 0.01 0.00 -0.41 -0.01]
INFO  [mc_indi_tiltrotor] T0dbg2 Ws34=[0.1 20.0] Wu0=1.0 du0=0.0206 dmin0=-19.3626 dmax0=25.6374
INFO  [mc_indi_tiltrotor] T2dbg1 G2=[-0.000 -0.650 0.060 0.006 -1.000] G5=[-0.776 -0.858 -0.004 12.926 0.072]
INFO  [mc_indi_tiltrotor] T2dbg2 Wu25=[1.0 9.0] du25=[-0.0148 -0.0000] dmax25=[32.0742 0.0120] nu_yaw=0.003
INFO  [mc_indi_tiltrotor] WRdbg0 Wu0=1 lo0=-19.36 du0=0.0206 pin0=0.000 a0=[0.010 0.008 0.000 -0.002 0.004]
INFO  [mc_indi_tiltrotor] WRdbg1 Wu1=1 lo1=-19.87 du1=-0.0009 pin1=0.000 a1=[-0.010 0.005 -0.001 0.001 0.004]
INFO  [mc_indi_tiltrotor] YWdbg nu2=0.003 ach2=0.002 r=0.00 wsp2=-0.01 ddelta=[0.0001 0.0007 -0.0002]
INFO  [mc_indi_tiltrotor] T0dbg1 G0=[-0.256 0.227 0.019 0.161 -0.987] nu_des=[0.01 -0.00 0.02 -0.31 0.05]
INFO  [mc_indi_tiltrotor] T0dbg2 Ws34=[0.1 20.0] Wu0=1.0 du0=-0.0282 dmin0=-19.2480 dmax0=25.7520
INFO  [mc_indi_tiltrotor] T2dbg1 G2=[-0.000 -0.650 0.060 0.005 -1.000] G5=[-0.774 -0.859 -0.004 12.899 0.067]
INFO  [mc_indi_tiltrotor] T2dbg2 Wu25=[1.0 9.0] du25=[-0.0080 -0.0002] dmax25=[32.1010 0.0120] nu_yaw=0.016
INFO  [mc_indi_tiltrotor] WRdbg0 Wu0=1 lo0=-19.25 du0=-0.0282 pin0=0.000 a0=[-0.010 -0.002 0.001 -0.001 -0.017]
INFO  [mc_indi_tiltrotor] WRdbg1 Wu1=1 lo1=-19.80 du1=-0.0173 pin1=0.000 a1=[0.010 -0.001 -0.006 0.001 -0.021]
INFO  [mc_indi_tiltrotor] T0dbg1 G0=[-0.256 0.227 0.020 0.156 -0.988] nu_des=[-0.01 0.00 -0.02 -0.12 -0.08]
INFO  [mc_indi_tiltrotor] T0dbg2 Ws34=[0.1 20.0] Wu0=1.0 du0=0.0409 dmin0=-18.5148 dmax0=26.4852
INFO  [mc_indi_tiltrotor] T2dbg1 G2=[-0.000 -0.650 0.060 0.007 -1.000] G5=[-0.742 -0.812 -0.005 12.374 0.084]
INFO  [mc_indi_tiltrotor] T2dbg2 Wu25=[1.0 9.0] du25=[0.0178 0.0002] dmax25=[32.6254 0.0120] nu_yaw=-0.018
INFO  [mc_indi_tiltrotor] WRdbg0 Wu0=1 lo0=-18.51 du0=0.0409 pin0=-0.004 a0=[0.016 0.000 0.000 0.000 0.028]
INFO  [mc_indi_tiltrotor] WRdbg1 Wu1=1 lo1=-18.95 du1=0.0214 pin1=0.003 a1=[-0.015 0.000 0.005 -0.000 0.028]
INFO  [mc_indi_tiltrotor] YWdbg nu2=-0.006 ach2=-0.014 r=0.02 wsp2=-0.01 ddelta=[0.0120 0.0120 -0.0031]
INFO  [mc_indi_tiltrotor] T0dbg1 G0=[-0.257 0.227 0.017 0.169 -0.986] nu_des=[0.02 -0.05 0.03 -0.61 0.04]
INFO  [mc_indi_tiltrotor] T0dbg2 Ws34=[0.1 20.0] Wu0=1.0 du0=-0.0738 dmin0=-19.6505 dmax0=25.3495
INFO  [mc_indi_tiltrotor] T2dbg1 G2=[-0.000 -0.650 0.060 0.005 -1.000] G5=[-0.770 -0.854 -0.004 12.836 0.068]
INFO  [mc_indi_tiltrotor] T2dbg2 Wu25=[1.0 9.0] du25=[0.0377 -0.0002] dmax25=[32.1639 0.0120] nu_yaw=0.035
INFO  [mc_indi_tiltrotor] WRdbg0 Wu0=1 lo0=-19.65 du0=-0.0738 pin0=0.000 a0=[-0.028 -0.034 0.003 -0.003 -0.012]
INFO  [mc_indi_tiltrotor] WRdbg1 Wu1=1 lo1=-20.05 du1=-0.0181 pin1=0.000 a1=[0.028 -0.019 -0.013 0.001 -0.015]
INFO  [mc_indi_tiltrotor] T0dbg1 G0=[-0.256 0.227 0.020 0.157 -0.988] nu_des=[0.01 -0.04 0.03 -0.44 0.06]
INFO  [mc_indi_tiltrotor] T0dbg2 Ws34=[0.1 20.0] Wu0=1.0 du0=-0.0675 dmin0=-19.4616 dmax0=25.5384
INFO  [mc_indi_tiltrotor] T2dbg1 G2=[-0.000 -0.650 0.060 0.005 -1.000] G5=[-0.776 -0.866 -0.004 12.936 0.061]
INFO  [mc_indi_tiltrotor] T2dbg2 Wu25=[1.0 9.0] du25=[0.0289 0.0002] dmax25=[32.0641 0.0120] nu_yaw=0.028
INFO  [mc_indi_tiltrotor] WRdbg0 Wu0=1 lo0=-19.46 du0=-0.0675 pin0=0.000 a0=[-0.018 -0.031 0.003 -0.002 -0.019]
INFO  [mc_indi_tiltrotor] WRdbg1 Wu1=1 lo1=-19.93 du1=-0.0330 pin1=0.000 a1=[0.018 -0.018 -0.011 0.001 -0.023]
INFO  [mc_indi_tiltrotor] YWdbg nu2=-0.020 ach2=-0.018 r=0.00 wsp2=0.01 ddelta=[-0.0002 -0.0038 -0.0005]
INFO  [mc_indi_tiltrotor] T0dbg1 G0=[-0.256 0.227 0.021 0.153 -0.988] nu_des=[-0.02 -0.01 -0.02 -0.07 -0.19]
INFO  [mc_indi_tiltrotor] T0dbg2 Ws34=[0.1 20.0] Wu0=1.0 du0=0.0864 dmin0=-18.2561 dmax0=26.7439
INFO  [mc_indi_tiltrotor] T2dbg1 G2=[-0.000 -0.650 0.060 0.006 -1.000] G5=[-0.739 -0.813 -0.005 12.320 0.076]
INFO  [mc_indi_tiltrotor] T2dbg2 Wu25=[1.0 9.0] du25=[0.0462 0.0005] dmax25=[32.6802 0.0120] nu_yaw=-0.017
INFO  [mc_indi_tiltrotor] WRdbg0 Wu0=1 lo0=-18.26 du0=0.0864 pin0=-0.008 a0=[0.030 -0.004 0.000 0.000 0.069]
INFO  [mc_indi_tiltrotor] WRdbg1 Wu1=1 lo1=-18.78 du1=0.0490 pin1=0.006 a1=[-0.027 -0.004 0.005 -0.000 0.069]
INFO  [mc_indi_tiltrotor] T0dbg1 G0=[-0.256 0.227 0.018 0.165 -0.986] nu_des=[-0.00 -0.00 -0.00 -0.42 -0.01]
INFO  [mc_indi_tiltrotor] T0dbg2 Ws34=[0.1 20.0] Wu0=1.0 du0=0.0010 dmin0=-19.4559 dmax0=25.5441
INFO  [mc_indi_tiltrotor] T2dbg1 G2=[-0.000 -0.650 0.060 0.005 -1.000] G5=[-0.778 -0.864 -0.004 12.968 0.067]
INFO  [mc_indi_tiltrotor] T2dbg2 Wu25=[1.0 9.0] du25=[-0.0000 -0.0002] dmax25=[32.0313 0.0120] nu_yaw=-0.002
INFO  [mc_indi_tiltrotor] WRdbg0 Wu0=1 lo0=-19.46 du0=0.0010 pin0=-0.003 a0=[0.002 -0.001 0.000 0.000 0.003]
INFO  [mc_indi_tiltrotor] WRdbg1 Wu1=1 lo1=-19.91 du1=0.0030 pin1=0.002 a1=[-0.002 -0.001 0.001 -0.000 0.003]
INFO  [mc_indi_tiltrotor] YWdbg nu2=0.009 ach2=0.008 r=0.01 wsp2=-0.02 ddelta=[-0.0022 -0.0006 0.0003]
INFO  [mc_indi_tiltrotor] T0dbg1 G0=[-0.256 0.227 0.018 0.166 -0.986] nu_des=[-0.00 0.00 0.01 -0.41 0.02]
INFO  [mc_indi_tiltrotor] T0dbg2 Ws34=[0.1 20.0] Wu0=1.0 du0=-0.0029 dmin0=-19.4813 dmax0=25.5187
INFO  [mc_indi_tiltrotor] T2dbg1 G2=[-0.000 -0.650 0.060 0.005 -1.000] G5=[-0.772 -0.862 -0.004 12.870 0.060]
INFO  [mc_indi_tiltrotor] T2dbg2 Wu25=[1.0 9.0] du25=[-0.0101 -0.0001] dmax25=[32.1301 0.0120] nu_yaw=0.006
INFO  [mc_indi_tiltrotor] WRdbg0 Wu0=1 lo0=-19.48 du0=-0.0029 pin0=0.000 a0=[0.003 0.002 0.001 -0.002 -0.006]
INFO  [mc_indi_tiltrotor] WRdbg1 Wu1=1 lo1=-19.86 du1=-0.0102 pin1=0.000 a1=[-0.003 0.001 -0.002 0.001 -0.007]
INFO  [mc_indi_tiltrotor] T0dbg1 G0=[-0.256 0.227 0.020 0.158 -0.987] nu_des=[-0.01 0.00 -0.00 -0.12 -0.11]
INFO  [mc_indi_tiltrotor] T0dbg2 Ws34=[0.1 20.0] Wu0=1.0 du0=0.0493 dmin0=-18.1003 dmax0=26.8997
INFO  [mc_indi_tiltrotor] T2dbg1 G2=[-0.000 -0.650 0.060 0.006 -1.000] G5=[-0.718 -0.790 -0.004 11.963 0.073]
INFO  [mc_indi_tiltrotor] T2dbg2 Wu25=[1.0 9.0] du25=[0.0156 -0.0001] dmax25=[33.0364 0.0120] nu_yaw=-0.000
INFO  [mc_indi_tiltrotor] WRdbg0 Wu0=1 lo0=-18.10 du0=0.0493 pin0=-0.006 a0=[0.012 0.002 0.000 0.000 0.042]
INFO  [mc_indi_tiltrotor] WRdbg1 Wu1=1 lo1=-18.53 du1=0.0367 pin1=0.004 a1=[-0.011 0.002 0.000 -0.000 0.042]
INFO  [mc_indi_tiltrotor] YWdbg nu2=-0.022 ach2=-0.020 r=0.01 wsp2=-0.00 ddelta=[0.0039 -0.0002 -0.0000]
INFO  [mc_indi_tiltrotor] T0dbg1 G0=[-0.256 0.227 0.018 0.165 -0.986] nu_des=[0.01 -0.07 -0.01 -0.40 0.03]
INFO  [mc_indi_tiltrotor] T0dbg2 Ws34=[0.1 20.0] Wu0=1.0 du0=-0.0615 dmin0=-19.3272 dmax0=25.6728
INFO  [mc_indi_tiltrotor] T2dbg1 G2=[-0.000 -0.650 0.060 0.006 -1.000] G5=[-0.778 -0.861 -0.004 12.972 0.073]
INFO  [mc_indi_tiltrotor] T2dbg2 Wu25=[1.0 9.0] du25=[0.0680 0.0007] dmax25=[32.0276 0.0120] nu_yaw=-0.011
INFO  [mc_indi_tiltrotor] WRdbg0 Wu0=1 lo0=-19.33 du0=-0.0615 pin0=-0.003 a0=[-0.010 -0.039 0.001 0.000 -0.011]
INFO  [mc_indi_tiltrotor] WRdbg1 Wu1=1 lo1=-19.80 du1=-0.0317 pin1=0.002 a1=[0.009 -0.034 0.003 -0.000 -0.011]
INFO  [mc_indi_tiltrotor] T0dbg1 G0=[-0.256 0.227 0.020 0.159 -0.987] nu_des=[-0.00 0.00 0.01 -0.31 0.01]
INFO  [mc_indi_tiltrotor] T0dbg2 Ws34=[0.1 20.0] Wu0=1.0 du0=0.0000 dmin0=-19.2319 dmax0=25.7681
INFO  [mc_indi_tiltrotor] T2dbg1 G2=[-0.000 -0.650 0.060 0.005 -1.000] G5=[-0.776 -0.864 -0.004 12.938 0.064]
INFO  [mc_indi_tiltrotor] T2dbg2 Wu25=[1.0 9.0] du25=[-0.0052 0.0001] dmax25=[32.0617 0.0120] nu_yaw=0.012
INFO  [mc_indi_tiltrotor] WRdbg0 Wu0=1 lo0=-19.23 du0=0.0000 pin0=0.000 a0=[0.003 0.000 0.001 -0.001 -0.002]
INFO  [mc_indi_tiltrotor] WRdbg1 Wu1=1 lo1=-19.78 du1=-0.0091 pin1=0.000 a1=[-0.002 0.000 -0.005 0.001 -0.003]
INFO  [mc_indi_tiltrotor] YWdbg nu2=-0.006 ach2=-0.005 r=-0.02 wsp2=0.01 ddelta=[-0.0022 -0.0029 -0.0004]
INFO  [mc_indi_tiltrotor] T0dbg1 G0=[-0.256 0.227 0.021 0.153 -0.988] nu_des=[-0.00 0.03 -0.01 -0.04 -0.24]
INFO  [mc_indi_tiltrotor] T0dbg2 Ws34=[0.1 20.0] Wu0=1.0 du0=0.1007 dmin0=-17.7977 dmax0=27.2023
INFO  [mc_indi_tiltrotor] T2dbg1 G2=[-0.000 -0.650 0.060 0.007 -1.000] G5=[-0.714 -0.781 -0.005 11.893 0.079]
INFO  [mc_indi_tiltrotor] T2dbg2 Wu25=[1.0 9.0] du25=[0.0207 -0.0012] dmax25=[33.1065 0.0120] nu_yaw=-0.015
INFO  [mc_indi_tiltrotor] WRdbg0 Wu0=1 lo0=-17.80 du0=0.1007 pin0=0.000 a0=[0.001 0.020 -0.002 -0.000 0.082]
INFO  [mc_indi_tiltrotor] WRdbg1 Wu1=1 lo1=-18.25 du1=0.1144 pin1=0.000 a1=[-0.001 0.012 0.006 0.000 0.097]
INFO  [mc_indi_tiltrotor] T0dbg1 G0=[-0.256 0.227 0.018 0.164 -0.987] nu_des=[0.02 0.03 -0.00 -0.45 0.06]
INFO  [mc_indi_tiltrotor] T0dbg2 Ws34=[0.1 20.0] Wu0=1.0 du0=-0.0361 dmin0=-19.5359 dmax0=25.4641
INFO  [mc_indi_tiltrotor] T2dbg1 G2=[-0.000 -0.650 0.060 0.006 -1.000] G5=[-0.768 -0.848 -0.004 12.796 0.073]
INFO  [mc_indi_tiltrotor] T2dbg2 Wu25=[1.0 9.0] du25=[-0.0323 -0.0019] dmax25=[32.2039 0.0120] nu_yaw=-0.004
INFO  [mc_indi_tiltrotor] WRdbg0 Wu0=1 lo0=-19.54 du0=-0.0361 pin0=0.000 a0=[-0.039 0.024 -0.000 -0.002 -0.019]
INFO  [mc_indi_tiltrotor] WRdbg1 Wu1=1 lo1=-19.86 du1=0.0320 pin1=0.000 a1=[0.039 0.014 0.002 0.001 -0.023]
INFO  [mc_indi_tiltrotor] YWdbg nu2=-0.003 ach2=-0.002 r=0.02 wsp2=-0.01 ddelta=[0.0004 0.0001 -0.0004]
INFO  [mc_indi_tiltrotor] T0dbg1 G0=[-0.256 0.227 0.018 0.164 -0.986] nu_des=[0.01 -0.00 0.00 -0.41 0.04]
INFO  [mc_indi_tiltrotor] T0dbg2 Ws34=[0.1 20.0] Wu0=1.0 du0=-0.0297 dmin0=-19.4525 dmax0=25.5475
INFO  [mc_indi_tiltrotor] T2dbg1 G2=[-0.000 -0.650 0.060 0.005 -1.000] G5=[-0.775 -0.860 -0.004 12.918 0.068]
INFO  [mc_indi_tiltrotor] T2dbg2 Wu25=[1.0 9.0] du25=[-0.0057 -0.0006] dmax25=[32.0816 0.0120] nu_yaw=0.001
INFO  [mc_indi_tiltrotor] WRdbg0 Wu0=1 lo0=-19.45 du0=-0.0297 pin0=0.000 a0=[-0.014 -0.000 0.000 -0.002 -0.013]
INFO  [mc_indi_tiltrotor] WRdbg1 Wu1=1 lo1=-19.85 du1=-0.0017 pin1=0.000 a1=[0.014 -0.000 -0.000 0.001 -0.016]
INFO  [mc_indi_tiltrotor] T0dbg1 G0=[-0.256 0.227 0.019 0.163 -0.987] nu_des=[-0.00 -0.04 0.01 -0.14 -0.57]
INFO  [mc_indi_tiltrotor] T0dbg2 Ws34=[0.1 20.0] Wu0=1.0 du0=0.1825 dmin0=-17.5684 dmax0=27.4316
INFO  [mc_indi_tiltrotor] T2dbg1 G2=[-0.000 -0.650 0.060 0.006 -1.000] G5=[-0.698 -0.767 -0.004 11.629 0.072]
INFO  [mc_indi_tiltrotor] T2dbg2 Wu25=[1.0 9.0] du25=[0.1654 0.0001] dmax25=[33.3705 0.0120] nu_yaw=0.008
INFO  [mc_indi_tiltrotor] WRdbg0 Wu0=1 lo0=-17.57 du0=0.1825 pin0=-0.011 a0=[0.004 -0.021 0.000 0.000 0.211]
INFO  [mc_indi_tiltrotor] WRdbg1 Wu1=1 lo1=-18.08 du1=0.1878 pin1=-0.002 a1=[-0.003 -0.019 -0.000 -0.000 0.213]
INFO  [mc_indi_tiltrotor] YWdbg nu2=0.008 ach2=0.007 r=-0.01 wsp2=-0.00 ddelta=[-0.0019 -0.0008 0.0005]
INFO  [mc_indi_tiltrotor] T0dbg1 G0=[-0.256 0.227 0.020 0.157 -0.988] nu_des=[0.00 0.00 -0.01 -0.21 -0.03]
INFO  [mc_indi_tiltrotor] T0dbg2 Ws34=[0.1 20.0] Wu0=1.0 du0=0.0124 dmin0=-19.2518 dmax0=25.7482
INFO  [mc_indi_tiltrotor] T2dbg1 G2=[-0.000 -0.650 0.060 0.006 -1.000] G5=[-0.777 -0.858 -0.005 12.957 0.076]
INFO  [mc_indi_tiltrotor] T2dbg2 Wu25=[1.0 9.0] du25=[0.0036 -0.0003] dmax25=[32.0431 0.0120] nu_yaw=-0.010
INFO  [mc_indi_tiltrotor] WRdbg0 Wu0=1 lo0=-19.25 du0=0.0124 pin0=-0.001 a0=[-0.000 0.003 0.000 0.000 0.010]
INFO  [mc_indi_tiltrotor] WRdbg1 Wu1=1 lo1=-19.80 du1=0.0159 pin1=0.001 a1=[0.000 0.002 0.003 -0.000 0.010]
INFO  [mc_indi_tiltrotor] T0dbg1 G0=[-0.256 0.227 0.018 0.164 -0.986] nu_des=[-0.01 0.01 -0.01 -0.35 0.04]
INFO  [mc_indi_tiltrotor] T0dbg2 Ws34=[0.1 20.0] Wu0=1.0 du0=0.0014 dmin0=-19.3252 dmax0=25.6748
INFO  [mc_indi_tiltrotor] T2dbg1 G2=[-0.000 -0.650 0.060 0.006 -1.000] G5=[-0.777 -0.859 -0.004 12.948 0.073]
INFO  [mc_indi_tiltrotor] T2dbg2 Wu25=[1.0 9.0] du25=[-0.0157 0.0001] dmax25=[32.0522 0.0120] nu_yaw=-0.010
INFO  [mc_indi_tiltrotor] WRdbg0 Wu0=1 lo0=-19.33 du0=0.0014 pin0=-0.000 a0=[0.011 0.004 0.000 0.000 -0.015]
INFO  [mc_indi_tiltrotor] WRdbg1 Wu1=1 lo1=-19.81 du1=-0.0188 pin1=0.000 a1=[-0.011 0.004 0.003 -0.000 -0.015]
INFO  [mc_indi_tiltrotor] YWdbg nu2=0.067 ach2=0.066 r=-0.00 wsp2=-0.01 ddelta=[-0.0067 0.0120 -0.0028]
INFO  [mc_indi_tiltrotor] T0dbg1 G0=[-0.257 0.227 0.017 0.169 -0.986] nu_des=[0.01 -0.01 0.03 -0.32 -0.19]
INFO  [mc_indi_tiltrotor] T0dbg2 Ws34=[0.1 20.0] Wu0=1.0 du0=0.0388 dmin0=-17.7548 dmax0=27.2452
INFO  [mc_indi_tiltrotor] T2dbg1 G2=[-0.000 -0.650 0.060 0.006 -1.000] G5=[-0.690 -0.761 -0.004 11.497 0.067]
INFO  [mc_indi_tiltrotor] T2dbg2 Wu25=[1.0 9.0] du25=[0.0438 -0.0009] dmax25=[33.5024 0.0120] nu_yaw=0.033
INFO  [mc_indi_tiltrotor] WRdbg0 Wu0=1 lo0=-17.75 du0=0.0388 pin0=0.000 a0=[-0.018 -0.005 0.003 -0.002 0.061]
INFO  [mc_indi_tiltrotor] WRdbg1 Wu1=1 lo1=-18.14 du1=0.0788 pin1=0.000 a1=[0.018 -0.003 -0.013 0.001 0.076]
INFO  [mc_indi_tiltrotor] T0dbg1 G0=[-0.256 0.227 0.020 0.157 -0.988] nu_des=[0.01 0.00 0.01 -0.26 -0.02]
INFO  [mc_indi_tiltrotor] T0dbg2 Ws34=[0.1 20.0] Wu0=1.0 du0=-0.0150 dmin0=-19.5403 dmax0=25.4597
INFO  [mc_indi_tiltrotor] T2dbg1 G2=[-0.000 -0.650 0.060 0.005 -1.000] G5=[-0.777 -0.862 -0.004 12.955 0.069]
INFO  [mc_indi_tiltrotor] T2dbg2 Wu25=[1.0 9.0] du25=[0.0051 -0.0009] dmax25=[32.0450 0.0120] nu_yaw=0.008
INFO  [mc_indi_tiltrotor] WRdbg0 Wu0=1 lo0=-19.54 du0=-0.0150 pin0=0.000 a0=[-0.022 0.002 0.001 -0.001 0.005]
INFO  [mc_indi_tiltrotor] WRdbg1 Wu1=1 lo1=-19.95 du1=0.0261 pin1=0.000 a1=[0.021 0.001 -0.003 0.001 0.007]
INFO  [mc_indi_tiltrotor] YWdbg nu2=0.005 ach2=0.005 r=-0.01 wsp2=0.01 ddelta=[0.0001 0.0012 -0.0004]
INFO  [mc_indi_tiltrotor] T0dbg1 G0=[-0.256 0.227 0.021 0.155 -0.988] nu_des=[0.01 -0.01 0.00 -0.23 0.06]
INFO  [mc_indi_tiltrotor] T0dbg2 Ws34=[0.1 20.0] Wu0=1.0 du0=-0.0420 dmin0=-19.3474 dmax0=25.6526
INFO  [mc_indi_tiltrotor] T2dbg1 G2=[-0.000 -0.650 0.060 0.005 -1.000] G5=[-0.778 -0.867 -0.004 12.968 0.062]
INFO  [mc_indi_tiltrotor] T2dbg2 Wu25=[1.0 9.0] du25=[-0.0011 -0.0003] dmax25=[32.0318 0.0120] nu_yaw=0.004
INFO  [mc_indi_tiltrotor] WRdbg0 Wu0=1 lo0=-19.35 du0=-0.0420 pin0=0.000 a0=[-0.015 -0.007 0.000 -0.001 -0.020]
INFO  [mc_indi_tiltrotor] WRdbg1 Wu1=1 lo1=-19.94 du1=-0.0149 pin1=0.000 a1=[0.014 -0.004 -0.002 0.001 -0.024]
INFO  [mc_indi_tiltrotor] T0dbg1 G0=[-0.256 0.227 0.021 0.154 -0.988] nu_des=[-0.01 -0.08 -0.02 0.09 -0.40]
INFO  [mc_indi_tiltrotor] T0dbg2 Ws34=[0.1 20.0] Wu0=1.0 du0=0.1034 dmin0=-16.8255 dmax0=28.1745
INFO  [mc_indi_tiltrotor] T2dbg1 G2=[-0.000 -0.651 0.060 0.007 -1.000] G5=[-0.685 -0.744 -0.005 11.422 0.085]
INFO  [mc_indi_tiltrotor] T2dbg2 Wu25=[1.0 9.0] du25=[0.1676 0.0019] dmax25=[33.5781 0.0120] nu_yaw=-0.021
INFO  [mc_indi_tiltrotor] WRdbg0 Wu0=1 lo0=-16.83 du0=0.1034 pin0=-0.010 a0=[0.013 -0.046 -0.000 -0.000 0.147]
INFO  [mc_indi_tiltrotor] WRdbg1 Wu1=1 lo1=-17.27 du1=0.0942 pin1=0.000 a1=[-0.013 -0.043 0.001 0.000 0.149]
INFO  [mc_indi_tiltrotor] YWdbg nu2=-0.002 ach2=-0.002 r=0.03 wsp2=-0.00 ddelta=[-0.0021 -0.0027 0.0002]
INFO  [mc_indi_tiltrotor] T0dbg1 G0=[-0.256 0.227 0.018 0.164 -0.986] nu_des=[-0.01 -0.00 -0.02 -0.39 -0.05]
INFO  [mc_indi_tiltrotor] T0dbg2 Ws34=[0.1 20.0] Wu0=1.0 du0=0.0325 dmin0=-19.3913 dmax0=25.6087
INFO  [mc_indi_tiltrotor] T2dbg1 G2=[-0.000 -0.650 0.060 0.006 -1.000] G5=[-0.777 -0.854 -0.005 12.954 0.081]
INFO  [mc_indi_tiltrotor] T2dbg2 Wu25=[1.0 9.0] du25=[0.0173 0.0002] dmax25=[32.0454 0.0120] nu_yaw=-0.020
INFO  [mc_indi_tiltrotor] WRdbg0 Wu0=1 lo0=-19.39 du0=0.0325 pin0=-0.002 a0=[0.015 -0.001 0.001 0.000 0.019]
INFO  [mc_indi_tiltrotor] WRdbg1 Wu1=1 lo1=-19.79 du1=0.0118 pin1=0.001 a1=[-0.014 -0.001 0.006 -0.000 0.019]
INFO  [mc_indi_tiltrotor] T0dbg1 G0=[-0.257 0.227 0.017 0.169 -0.986] nu_des=[0.00 0.00 -0.00 -0.52 -0.01]
INFO  [mc_indi_tiltrotor] T0dbg2 Ws34=[0.1 20.0] Wu0=1.0 du0=-0.0027 dmin0=-19.6713 dmax0=25.3287
INFO  [mc_indi_tiltrotor] T2dbg1 G2=[-0.000 -0.650 0.060 0.005 -1.000] G5=[-0.783 -0.870 -0.004 13.052 0.067]
INFO  [mc_indi_tiltrotor] T2dbg2 Wu25=[1.0 9.0] du25=[-0.0025 -0.0005] dmax25=[31.9474 0.0120] nu_yaw=-0.002
INFO  [mc_indi_tiltrotor] WRdbg0 Wu0=1 lo0=-19.67 du0=-0.0027 pin0=-0.002 a0=[-0.006 0.001 0.000 0.000 0.003]
INFO  [mc_indi_tiltrotor] WRdbg1 Wu1=1 lo1=-20.12 du1=0.0113 pin1=0.001 a1=[0.006 0.001 0.001 -0.001 0.003]
INFO  [mc_indi_tiltrotor] YWdbg nu2=0.038 ach2=0.037 r=-0.03 wsp2=-0.02 ddelta=[-0.0031 0.0044 -0.0003]
INFO  [mc_indi_tiltrotor] T0dbg1 G0=[-0.256 0.227 0.019 0.162 -0.987] nu_des=[-0.00 -0.03 0.02 -0.03 -0.20]
INFO  [mc_indi_tiltrotor] T0dbg2 Ws34=[0.1 20.0] Wu0=1.0 du0=0.0535 dmin0=-16.6005 dmax0=28.3995
INFO  [mc_indi_tiltrotor] T2dbg1 G2=[-0.000 -0.650 0.060 0.007 -1.000] G5=[-0.664 -0.726 -0.004 11.058 0.074]
INFO  [mc_indi_tiltrotor] T2dbg2 Wu25=[1.0 9.0] du25=[0.0679 0.0003] dmax25=[33.9414 0.0120] nu_yaw=0.024
INFO  [mc_indi_tiltrotor] WRdbg0 Wu0=1 lo0=-16.60 du0=0.0535 pin0=-0.016 a0=[0.008 -0.020 0.007 -0.000 0.076]
INFO  [mc_indi_tiltrotor] WRdbg1 Wu1=1 lo1=-17.19 du1=0.0500 pin1=0.008 a1=[-0.007 -0.016 -0.011 -0.000 0.077]
INFO  [mc_indi_tiltrotor] T0dbg1 G0=[-0.256 0.227 0.021 0.155 -0.988] nu_des=[-0.00 0.00 -0.03 -0.19 -0.07]
INFO  [mc_indi_tiltrotor] T0dbg2 Ws34=[0.1 20.0] Wu0=1.0 du0=0.0310 dmin0=-19.3149 dmax0=25.6851
INFO  [mc_indi_tiltrotor] T2dbg1 G2=[-0.000 -0.650 0.060 0.006 -1.000] G5=[-0.775 -0.852 -0.005 12.922 0.081]
INFO  [mc_indi_tiltrotor] T2dbg2 Wu25=[1.0 9.0] du25=[0.0227 -0.0002] dmax25=[32.0780 0.0120] nu_yaw=-0.026
INFO  [mc_indi_tiltrotor] WRdbg0 Wu0=1 lo0=-19.31 du0=0.0310 pin0=-0.001 a0=[0.004 0.001 0.000 0.000 0.027]
INFO  [mc_indi_tiltrotor] WRdbg1 Wu1=1 lo1=-19.83 du1=0.0321 pin1=0.001 a1=[-0.004 0.000 0.008 -0.000 0.027]
INFO  [mc_indi_tiltrotor] YWdbg nu2=0.012 ach2=0.011 r=0.01 wsp2=0.01 ddelta=[-0.0049 -0.0031 0.0005]
INFO  [mc_indi_tiltrotor] T0dbg1 G0=[-0.256 0.227 0.020 0.158 -0.987] nu_des=[-0.00 -0.00 0.01 -0.31 -0.00]
INFO  [mc_indi_tiltrotor] T0dbg2 Ws34=[0.1 20.0] Wu0=1.0 du0=-0.0018 dmin0=-19.5200 dmax0=25.4800
INFO  [mc_indi_tiltrotor] T2dbg1 G2=[-0.000 -0.650 0.060 0.006 -1.000] G5=[-0.781 -0.864 -0.004 13.020 0.073]
INFO  [mc_indi_tiltrotor] T2dbg2 Wu25=[1.0 9.0] du25=[-0.0000 -0.0001] dmax25=[31.9798 0.0120] nu_yaw=0.006
INFO  [mc_indi_tiltrotor] WRdbg0 Wu0=1 lo0=-19.52 du0=-0.0018 pin0=0.000 a0=[0.000 -0.002 0.001 -0.001 0.001]
INFO  [mc_indi_tiltrotor] WRdbg1 Wu1=1 lo1=-19.94 du1=-0.0018 pin1=0.000 a1=[-0.000 -0.001 -0.002 0.001 0.001]
INFO  [mc_indi_tiltrotor] T0dbg1 G0=[-0.256 0.227 0.020 0.158 -0.987] nu_des=[-0.00 0.02 -0.00 0.11 -0.42]
INFO  [mc_indi_tiltrotor] T0dbg2 Ws34=[0.1 20.0] Wu0=1.0 du0=0.1592 dmin0=-16.3237 dmax0=28.6763
INFO  [mc_indi_tiltrotor] T2dbg1 G2=[-0.000 -0.651 0.060 0.008 -1.000] G5=[-0.656 -0.708 -0.005 10.927 0.087]
INFO  [mc_indi_tiltrotor] T2dbg2 Wu25=[1.0 9.0] du25=[0.0692 -0.0010] dmax25=[34.0722 0.0120] nu_yaw=-0.003
INFO  [mc_indi_tiltrotor] WRdbg0 Wu0=1 lo0=-16.32 du0=0.1592 pin0=-0.010 a0=[0.003 0.011 0.000 -0.000 0.154]
INFO  [mc_indi_tiltrotor] WRdbg1 Wu1=1 lo1=-16.71 du1=0.1691 pin1=0.007 a1=[-0.003 0.010 0.001 0.000 0.154]
INFO  [mc_indi_tiltrotor] YWdbg nu2=-0.014 ach2=-0.013 r=0.03 wsp2=-0.00 ddelta=[0.0083 0.0072 -0.0017]
INFO  [mc_indi_tiltrotor] T0dbg1 G0=[-0.256 0.227 0.018 0.163 -0.987] nu_des=[-0.01 -0.01 -0.01 -0.37 -0.03]
INFO  [mc_indi_tiltrotor] T0dbg2 Ws34=[0.1 20.0] Wu0=1.0 du0=0.0183 dmin0=-19.2706 dmax0=25.7294
INFO  [mc_indi_tiltrotor] T2dbg1 G2=[-0.000 -0.650 0.060 0.007 -1.000] G5=[-0.768 -0.840 -0.005 12.804 0.087]
INFO  [mc_indi_tiltrotor] T2dbg2 Wu25=[1.0 9.0] du25=[0.0134 0.0003] dmax25=[32.1960 0.0120] nu_yaw=-0.011
INFO  [mc_indi_tiltrotor] WRdbg0 Wu0=1 lo0=-19.27 du0=0.0183 pin0=-0.003 a0=[0.014 -0.004 0.000 0.000 0.010]
INFO  [mc_indi_tiltrotor] WRdbg1 Wu1=1 lo1=-19.70 du1=-0.0012 pin1=0.002 a1=[-0.013 -0.003 0.003 -0.000 0.010]
INFO  [mc_indi_tiltrotor] T0dbg1 G0=[-0.257 0.227 0.017 0.169 -0.986] nu_des=[0.00 0.00 -0.01 -0.48 0.03]
INFO  [mc_indi_tiltrotor] T0dbg2 Ws34=[0.1 20.0] Wu0=1.0 du0=-0.0155 dmin0=-19.4506 dmax0=25.5494
INFO  [mc_indi_tiltrotor] T2dbg1 G2=[-0.000 -0.650 0.060 0.006 -1.000] G5=[-0.778 -0.858 -0.005 12.971 0.077]
INFO  [mc_indi_tiltrotor] T2dbg2 Wu25=[1.0 9.0] du25=[-0.0073 -0.0004] dmax25=[32.0291 0.0120] nu_yaw=-0.010
INFO  [mc_indi_tiltrotor] WRdbg0 Wu0=1 lo0=-19.45 du0=-0.0155 pin0=-0.000 a0=[-0.005 0.001 0.001 0.000 -0.012]
INFO  [mc_indi_tiltrotor] WRdbg1 Wu1=1 lo1=-19.97 du1=-0.0040 pin1=0.000 a1=[0.004 0.001 0.003 -0.000 -0.012]
INFO  [mc_indi_tiltrotor] YWdbg nu2=0.034 ach2=0.033 r=-0.01 wsp2=-0.03 ddelta=[-0.0032 0.0036 -0.0005]
INFO  [commander] Disarmed by internal command	
INFO  [tone_alarm] notify neutral
INFO  [vehicle_imu] ACC 0 (1310988) offset committed: [-0.049 0.001 0.051]->[0.035 0.026 -0.049])
WARN  [health_and_arming_checks] Preflight Fail: vertical velocity unstable
INFO  [logger] closed logfile, bytes written: 38127207
