
______  __   __    ___ 
| ___ \ \ \ / /   /   |
| |_/ /  \ V /   / /| |
|  __/   /   \  / /_| |
| |     / /^\ \ \___  |
\_|     \/   \/     |_/

px4 starting.

INFO  [px4] startup script: /bin/sh etc/init.d-posix/rcS 0
INFO  [init] found model autostart file as SYS_AUTOSTART=4023
INFO  [param] selected parameter default file parameters.bson
INFO  [param] importing from 'parameters.bson'
INFO  [parameters] BSON document size 404 bytes, decoded 404 bytes (INT32:14, FLOAT:6)
INFO  [param] selected parameter backup file parameters_backup.bson
INFO  [dataman] data manager file './dataman' size is 7872608 bytes
INFO  [init] Gazebo simulator
INFO  [init] starting gazebo with world: /home/umran/PX4-Autopilot/Tools/simulation/gz/worlds/default.sdf
WARN  [init] PX4_GZ_MODEL_POSE not set, spawning at origin.
[1;33mWarning [Utils.cc:132][0m [/sdf/model[@name="tiltrotor_tailplane"]/link[@name="base_link"]/sensor[@name="imu_sensor"]/gz_frame_id:/home/umran/PX4-Autopilot/Tools/simulation/gz/models/tiltrotor_indi/model.sdf:L177]: XML Element[gz_frame_id], child of element[sensor], not defined in SDF. Copying[gz_frame_id] as children of [sensor].
[1;33mWarning [Utils.cc:132][0m [/sdf/model[@name="tiltrotor_tailplane"]/link[@name="base_link"]/sensor[@name="air_pressure_sensor"]/gz_frame_id:/home/umran/PX4-Autopilot/Tools/simulation/gz/models/tiltrotor_indi/model.sdf:L236]: XML Element[gz_frame_id], child of element[sensor], not defined in SDF. Copying[gz_frame_id] as children of [sensor].
[1;33mWarning [Utils.cc:132][0m [/sdf/model[@name="tiltrotor_tailplane"]/link[@name="base_link"]/sensor[@name="magnetometer_sensor"]/gz_frame_id:/home/umran/PX4-Autopilot/Tools/simulation/gz/models/tiltrotor_indi/model.sdf:L249]: XML Element[gz_frame_id], child of element[sensor], not defined in SDF. Copying[gz_frame_id] as children of [sensor].
[1;33mWarning [Utils.cc:132][0m [/sdf/model[@name="tiltrotor_tailplane"]/link[@name="base_link"]/sensor[@name="navsat_sensor"]/gz_frame_id:/home/umran/PX4-Autopilot/Tools/simulation/gz/models/tiltrotor_indi/model.sdf:L271]: XML Element[gz_frame_id], child of element[sensor], not defined in SDF. Copying[gz_frame_id] as children of [sensor].
INFO  [lockstep_scheduler] setting initial absolute time to 8000 us
INFO  [gz_bridge] world: default, model name: tiltrotor_indi_0, simulation model: tiltrotor_indi
INFO  [gz_bridge] Requested Model Position: 0,0,0,0,0,0
INFO  [gz_bridge] Model position z is less or equal 0.0, moving upwards
[1;33mWarning [Utils.cc:132][0m [/sdf/model[@name="tiltrotor_tailplane"]/link[@name="base_link"]/sensor[@name="imu_sensor"]/gz_frame_id:<data-string>:L186]: XML Element[gz_frame_id], child of element[sensor], not defined in SDF. Copying[gz_frame_id] as children of [sensor].
[1;33mWarning [Utils.cc:132][0m [/sdf/model[@name="tiltrotor_tailplane"]/link[@name="base_link"]/sensor[@name="air_pressure_sensor"]/gz_frame_id:<data-string>:L199]: XML Element[gz_frame_id], child of element[sensor], not defined in SDF. Copying[gz_frame_id] as children of [sensor].
[1;33mWarning [Utils.cc:132][0m [/sdf/model[@name="tiltrotor_tailplane"]/link[@name="base_link"]/sensor[@name="magnetometer_sensor"]/gz_frame_id:<data-string>:L221]: XML Element[gz_frame_id], child of element[sensor], not defined in SDF. Copying[gz_frame_id] as children of [sensor].
[1;33mWarning [Utils.cc:132][0m [/sdf/model[@name="tiltrotor_tailplane"]/link[@name="base_link"]/sensor[@name="navsat_sensor"]/gz_frame_id:<data-string>:L226]: XML Element[gz_frame_id], child of element[sensor], not defined in SDF. Copying[gz_frame_id] as children of [sensor].
WARN  [vehicle_angular_velocity] no gyro selected, using sensor_gyro:0 1310988
INFO  [commander] LED: open /dev/led0 failed (22)
INFO  [tone_alarm] home set
INFO  [uxrce_dds_client] init UDP agent IP:127.0.0.1, port:8888
INFO  [mavlink] mode: Normal, data rate: 4000000 B/s on udp port 18570 remote port 14550
INFO  [mavlink] mode: Onboard, data rate: 4000000 B/s on udp port 14580 remote port 14540
INFO  [mavlink] mode: Onboard, data rate: 4000 B/s on udp port 14280 remote port 14030
INFO  [mavlink] mode: Gimbal, data rate: 400000 B/s on udp port 13030 remote port 13280
INFO  [logger] logger started (mode=all)
INFO  [logger] logging 11 topics from logger_topics.txt
INFO  [logger] Start file log (type: full)
INFO  [logger] [logger] ./log/2026-08-03/05_51_20.ulg	
INFO  [logger] Opened full log file: ./log/2026-08-03/05_51_20.ulg
INFO  [mavlink] MAVLink only on localhost (set param MAV_{i}_BROADCAST = 1 to enable network)
INFO  [mavlink] MAVLink only on localhost (set param MAV_{i}_BROADCAST = 1 to enable network)
INFO  [px4] Startup script returned successfully
INFO  [commander] [32mReady for takeoff![0m
INFO  [commander] Armed by internal command	
INFO  [tone_alarm] arming warning
INFO  [mc_indi_tiltrotor] T0dbg1 G0=[-0.256 0.227 0.019 0.162 -0.987] nu_des=[0.01 0.01 -0.25 -2.96 -0.24]
INFO  [mc_indi_tiltrotor] T0dbg2 Ws34=[0.1 20.0] Wu0=1.0 du0=0.0826 dmin0=-18.3233 dmax0=26.6767
INFO  [mc_indi_tiltrotor] T2dbg1 G2=[0.000 -0.650 0.060 0.000 -1.000] G5=[-0.744 -0.868 -0.000 12.403 0.000]
INFO  [mc_indi_tiltrotor] T2dbg2 Wu25=[1.0 1000000.0] du25=[0.0614 0.0000] dmax25=[32.5965 0.0120] nu_yaw=-0.247
INFO  [mc_indi_tiltrotor] WRdbg0 Wu0=1 lo0=-18.32 du0=0.0826 pin0=0.002 a0=[-0.016 0.008 -0.000 -0.000 0.089]
INFO  [mc_indi_tiltrotor] WRdbg1 Wu1=1 lo1=-18.32 du1=0.1336 pin1=0.019 a1=[0.016 0.008 0.000 -0.000 0.091]
INFO  [mc_indi_tiltrotor] YWdbg nu2=-0.247 ach2=-0.059 r=0.00 wsp2=-0.50 ddelta=[0.0120 -0.0000 0.0000]
INFO  [commander] Takeoff detected	
INFO  [mc_indi_tiltrotor] T0dbg1 G0=[-0.257 0.227 0.011 0.193 -0.981] nu_des=[0.05 0.57 0.16 -3.27 0.25]
INFO  [mc_indi_tiltrotor] T0dbg2 Ws34=[0.1 20.0] Wu0=1.0 du0=0.1726 dmin0=-16.6462 dmax0=28.3538
INFO  [mc_indi_tiltrotor] T2dbg1 G2=[-0.000 -0.650 0.060 0.002 -1.000] G5=[-0.730 -0.838 -0.001 12.174 0.022]
INFO  [mc_indi_tiltrotor] T2dbg2 Wu25=[1.0 1000000.0] du25=[-0.6846 -0.0018] dmax25=[32.8263 0.0120] nu_yaw=0.158
INFO  [mc_indi_tiltrotor] WRdbg0 Wu0=1 lo0=-16.65 du0=0.1726 pin0=0.031 a0=[-0.092 0.325 0.000 -0.000 -0.091]
INFO  [mc_indi_tiltrotor] WRdbg1 Wu1=1 lo1=-20.46 du1=0.3086 pin1=-0.024 a1=[0.092 0.334 -0.000 -0.000 -0.093]
INFO  [mc_indi_tiltrotor] pos_hold: holding x=-0.16 y=0.08
INFO  [mc_indi_tiltrotor] T0dbg1 G0=[-0.257 0.228 0.005 0.213 -0.977] nu_des=[0.01 -0.33 0.28 -2.62 0.72]
INFO  [mc_indi_tiltrotor] T0dbg2 Ws34=[0.1 20.0] Wu0=1.0 du0=-0.4726 dmin0=-21.8818 dmax0=23.1182
INFO  [mc_indi_tiltrotor] T2dbg1 G2=[-0.001 -0.651 0.060 0.010 -1.000] G5=[-0.858 -0.912 -0.008 14.300 0.138]
INFO  [mc_indi_tiltrotor] T2dbg2 Wu25=[1.0 9.0] du25=[0.1797 0.0057] dmax25=[30.6993 0.0120] nu_yaw=0.278
INFO  [mc_indi_tiltrotor] WRdbg0 Wu0=1 lo0=-21.88 du0=-0.4726 pin0=0.002 a0=[-0.020 -0.194 0.006 0.001 -0.268]
INFO  [mc_indi_tiltrotor] WRdbg1 Wu1=1 lo1=-22.32 du1=-0.4823 pin1=-0.045 a1=[0.019 -0.172 -0.012 -0.002 -0.269]
INFO  [mc_indi_tiltrotor] YWdbg nu2=0.278 ach2=0.168 r=-0.28 wsp2=0.06 ddelta=[-0.0120 0.0120 0.0057]
INFO  [mc_indi_tiltrotor] T0dbg1 G0=[-0.257 0.227 0.015 0.178 -0.984] nu_des=[0.01 0.02 0.06 -1.93 0.03]
INFO  [mc_indi_tiltrotor] T0dbg2 Ws34=[0.1 20.0] Wu0=1.0 du0=-0.0136 dmin0=-19.2726 dmax0=25.7274
INFO  [mc_indi_tiltrotor] T2dbg1 G2=[-0.000 -0.650 0.060 0.006 -1.000] G5=[-0.794 -0.877 -0.005 13.234 0.076]
INFO  [mc_indi_tiltrotor] T2dbg2 Wu25=[1.0 9.0] du25=[-0.0366 -0.0011] dmax25=[31.7655 0.0120] nu_yaw=0.056
INFO  [mc_indi_tiltrotor] WRdbg0 Wu0=1 lo0=-19.27 du0=-0.0136 pin0=0.000 a0=[-0.011 0.014 0.005 -0.011 -0.010]
INFO  [mc_indi_tiltrotor] WRdbg1 Wu1=1 lo1=-19.67 du1=-0.0096 pin1=0.000 a1=[0.012 0.010 -0.017 -0.002 -0.013]
INFO  [mc_indi_tiltrotor] YWdbg nu2=-0.075 ach2=-0.074 r=0.21 wsp2=0.36 ddelta=[0.0066 -0.0072 -0.0015]
INFO  [mc_indi_tiltrotor] T0dbg1 G0=[-0.257 0.227 0.017 0.168 -0.986] nu_des=[0.01 0.09 -0.09 -1.49 0.06]
INFO  [mc_indi_tiltrotor] T0dbg2 Ws34=[0.1 20.0] Wu0=1.0 du0=0.0114 dmin0=-19.4504 dmax0=25.5496
INFO  [mc_indi_tiltrotor] T2dbg1 G2=[-0.000 -0.650 0.060 0.003 -1.000] G5=[-0.809 -0.917 -0.002 13.488 0.041]
INFO  [mc_indi_tiltrotor] T2dbg2 Wu25=[1.0 1000000.0] du25=[-0.1051 -0.0030] dmax25=[31.5121 0.0120] nu_yaw=-0.091
INFO  [mc_indi_tiltrotor] WRdbg0 Wu0=1 lo0=-19.45 du0=0.0114 pin0=0.024 a0=[-0.019 0.055 -0.027 -0.000 -0.022]
INFO  [mc_indi_tiltrotor] WRdbg1 Wu1=1 lo1=-19.88 du1=0.0705 pin1=-0.008 a1=[0.019 0.049 0.032 0.001 -0.022]
INFO  [mc_indi_tiltrotor] T0dbg1 G0=[-0.257 0.228 0.010 0.196 -0.981] nu_des=[-0.01 0.00 -0.06 -1.75 0.06]
INFO  [mc_indi_tiltrotor] T0dbg2 Ws34=[0.1 20.0] Wu0=1.0 du0=-0.0202 dmin0=-19.1458 dmax0=25.8542
INFO  [mc_indi_tiltrotor] T2dbg1 G2=[-0.000 -0.650 0.060 0.003 -1.000] G5=[-0.736 -0.833 -0.002 12.271 0.040]
INFO  [mc_indi_tiltrotor] T2dbg2 Wu25=[1.0 9.0] du25=[-0.0238 -0.0009] dmax25=[32.7292 0.0120] nu_yaw=-0.063
INFO  [mc_indi_tiltrotor] WRdbg0 Wu0=1 lo0=-19.15 du0=-0.0202 pin0=0.000 a0=[0.009 0.001 -0.003 -0.011 -0.016]
INFO  [mc_indi_tiltrotor] WRdbg1 Wu1=1 lo1=-19.54 du1=-0.0094 pin1=0.000 a1=[-0.010 0.001 0.022 0.001 -0.022]
INFO  [mc_indi_tiltrotor] YWdbg nu2=0.071 ach2=0.009 r=0.13 wsp2=-0.09 ddelta=[-0.0120 -0.0120 0.0059]
INFO  [mc_indi_tiltrotor] T0dbg1 G0=[-0.257 0.228 0.008 0.203 -0.979] nu_des=[-0.28 0.44 0.08 -1.53 0.22]
INFO  [mc_indi_tiltrotor] T0dbg2 Ws34=[0.1 20.0] Wu0=1.0 du0=0.6929 dmin0=-19.1633 dmax0=25.8367
INFO  [mc_indi_tiltrotor] T2dbg1 G2=[-0.000 -0.650 0.060 0.002 -1.000] G5=[-0.721 -0.826 -0.001 12.016 0.023]
INFO  [mc_indi_tiltrotor] T2dbg2 Wu25=[1.0 9.0] du25=[-0.5947 0.0073] dmax25=[32.9836 0.0120] nu_yaw=0.078
INFO  [mc_indi_tiltrotor] WRdbg0 Wu0=1 lo0=-19.16 du0=0.6929 pin0=-0.031 a0=[0.544 0.261 0.001 0.000 -0.082]
INFO  [mc_indi_tiltrotor] WRdbg1 Wu1=1 lo1=-20.37 du1=-0.3583 pin1=0.010 a1=[-0.521 0.240 -0.003 -0.001 -0.083]
INFO  [mc_indi_tiltrotor] T0dbg1 G0=[-0.257 0.227 0.011 0.190 -0.982] nu_des=[0.00 0.03 0.03 -1.31 -0.00]
INFO  [mc_indi_tiltrotor] T0dbg2 Ws34=[0.1 20.0] Wu0=1.0 du0=0.0161 dmin0=-19.5491 dmax0=25.4509
INFO  [mc_indi_tiltrotor] T2dbg1 G2=[-0.000 -0.650 0.060 0.003 -1.000] G5=[-0.785 -0.893 -0.002 13.081 0.035]
INFO  [mc_indi_tiltrotor] T2dbg2 Wu25=[1.0 9.0] du25=[-0.0415 -0.0010] dmax25=[31.9193 0.0120] nu_yaw=0.033
INFO  [mc_indi_tiltrotor] WRdbg0 Wu0=1 lo0=-19.55 du0=0.0161 pin0=0.000 a0=[-0.001 0.024 0.001 -0.008 0.000]
INFO  [mc_indi_tiltrotor] WRdbg1 Wu1=1 lo1=-19.71 du1=0.0052 pin1=0.000 a1=[0.001 0.015 -0.012 0.002 0.000]
INFO  [mc_indi_tiltrotor] YWdbg nu2=0.014 ach2=0.015 r=-0.10 wsp2=-0.06 ddelta=[0.0031 0.0075 -0.0012]
INFO  [mc_indi_tiltrotor] T0dbg1 G0=[-0.257 0.227 0.015 0.175 -0.985] nu_des=[0.01 0.01 0.01 -0.85 0.03]
INFO  [mc_indi_tiltrotor] T0dbg2 Ws34=[0.1 20.0] Wu0=1.0 du0=-0.0241 dmin0=-19.2063 dmax0=25.7937
INFO  [mc_indi_tiltrotor] T2dbg1 G2=[-0.000 -0.650 0.060 0.001 -1.000] G5=[-0.808 -0.932 -0.001 13.463 0.015]
INFO  [mc_indi_tiltrotor] T2dbg2 Wu25=[1.0 9.0] du25=[-0.0136 -0.0009] dmax25=[31.5368 0.0120] nu_yaw=0.010
INFO  [mc_indi_tiltrotor] WRdbg0 Wu0=1 lo0=-19.21 du0=-0.0241 pin0=0.000 a0=[-0.015 0.005 0.001 -0.005 -0.010]
INFO  [mc_indi_tiltrotor] WRdbg1 Wu1=1 lo1=-19.71 du1=0.0035 pin1=0.000 a1=[0.016 0.003 -0.004 0.001 -0.013]
INFO  [mc_indi_tiltrotor] T0dbg1 G0=[-0.257 0.227 0.017 0.169 -0.986] nu_des=[0.04 0.62 0.01 -0.80 0.58]
INFO  [mc_indi_tiltrotor] T0dbg2 Ws34=[0.1 20.0] Wu0=1.0 du0=0.0881 dmin0=-19.2087 dmax0=25.7913
INFO  [mc_indi_tiltrotor] T2dbg1 G2=[-0.000 -0.650 0.060 0.001 -1.000] G5=[-0.796 -0.917 -0.001 13.265 0.018]
INFO  [mc_indi_tiltrotor] T2dbg2 Wu25=[1.0 1000000.0] du25=[-0.8266 -0.0013] dmax25=[31.7355 0.0120] nu_yaw=0.007
INFO  [mc_indi_tiltrotor] WRdbg0 Wu0=1 lo0=-19.21 du0=0.0881 pin0=0.026 a0=[-0.077 0.354 0.000 -0.000 -0.215]
INFO  [mc_indi_tiltrotor] WRdbg1 Wu1=1 lo1=-20.41 du1=0.2033 pin1=-0.016 a1=[0.077 0.361 -0.000 -0.000 -0.219]
INFO  [mc_indi_tiltrotor] YWdbg nu2=-0.001 ach2=-0.001 r=-0.05 wsp2=0.03 ddelta=[0.0025 0.0028 -0.0007]
INFO  [mc_indi_tiltrotor] T0dbg1 G0=[-0.256 0.227 0.018 0.164 -0.987] nu_des=[-0.00 0.03 -0.01 -0.84 0.05]
INFO  [mc_indi_tiltrotor] T0dbg2 Ws34=[0.1 20.0] Wu0=1.0 du0=0.0045 dmin0=-19.0403 dmax0=25.9597
INFO  [mc_indi_tiltrotor] T2dbg1 G2=[-0.000 -0.650 0.060 0.002 -1.000] G5=[-0.742 -0.847 -0.002 12.375 0.030]
INFO  [mc_indi_tiltrotor] T2dbg2 Wu25=[1.0 9.0] du25=[-0.0426 -0.0006] dmax25=[32.6253 0.0120] nu_yaw=-0.010
INFO  [mc_indi_tiltrotor] WRdbg0 Wu0=1 lo0=-19.04 du0=0.0045 pin0=0.000 a0=[0.004 0.021 -0.001 -0.004 -0.016]
INFO  [mc_indi_tiltrotor] WRdbg1 Wu1=1 lo1=-19.47 du1=-0.0062 pin1=0.000 a1=[-0.004 0.013 0.003 0.001 -0.020]
INFO  [mc_indi_tiltrotor] T0dbg1 G0=[-0.256 0.227 0.019 0.162 -0.987] nu_des=[-0.07 0.15 -0.03 -0.53 0.03]
INFO  [mc_indi_tiltrotor] T0dbg2 Ws34=[0.1 20.0] Wu0=1.0 du0=0.1992 dmin0=-18.9891 dmax0=26.0109
INFO  [mc_indi_tiltrotor] T2dbg1 G2=[-0.000 -0.650 0.060 0.002 -1.000] G5=[-0.763 -0.875 -0.001 12.725 0.025]
INFO  [mc_indi_tiltrotor] T2dbg2 Wu25=[1.0 9.0] du25=[-0.1734 0.0011] dmax25=[32.2754 0.0120] nu_yaw=-0.026
INFO  [mc_indi_tiltrotor] WRdbg0 Wu0=1 lo0=-18.99 du0=0.1992 pin0=0.000 a0=[0.108 0.106 -0.003 -0.003 -0.010]
INFO  [mc_indi_tiltrotor] WRdbg1 Wu1=1 lo1=-19.55 du1=-0.0460 pin1=0.000 a1=[-0.108 0.064 0.010 0.001 -0.012]
INFO  [mc_indi_tiltrotor] YWdbg nu2=-0.034 ach2=-0.032 r=0.04 wsp2=-0.05 ddelta=[0.0045 -0.0021 -0.0003]
INFO  [mc_indi_tiltrotor] T0dbg1 G0=[-0.257 0.227 0.016 0.173 -0.985] nu_des=[0.01 -0.00 -0.03 -0.56 0.04]
INFO  [mc_indi_tiltrotor] T0dbg2 Ws34=[0.1 20.0] Wu0=1.0 du0=-0.0316 dmin0=-19.6438 dmax0=25.3562
INFO  [mc_indi_tiltrotor] T2dbg1 G2=[-0.000 -0.650 0.060 0.002 -1.000] G5=[-0.801 -0.916 -0.002 13.355 0.030]
INFO  [mc_indi_tiltrotor] T2dbg2 Wu25=[1.0 9.0] du25=[-0.0024 -0.0009] dmax25=[31.6451 0.0120] nu_yaw=-0.030
INFO  [mc_indi_tiltrotor] WRdbg0 Wu0=1 lo0=-19.64 du0=-0.0316 pin0=0.000 a0=[-0.013 -0.002 -0.002 -0.003 -0.012]
INFO  [mc_indi_tiltrotor] WRdbg1 Wu1=1 lo1=-19.82 du1=0.0092 pin1=0.000 a1=[0.013 -0.001 0.012 0.001 -0.015]
INFO  [mc_indi_tiltrotor] T0dbg1 G0=[-0.257 0.227 0.015 0.178 -0.984] nu_des=[0.01 0.00 0.00 -0.57 -0.01]
INFO  [mc_indi_tiltrotor] T0dbg2 Ws34=[0.1 20.0] Wu0=1.0 du0=-0.0069 dmin0=-19.3543 dmax0=25.6457
INFO  [mc_indi_tiltrotor] T2dbg1 G2=[-0.000 -0.650 0.060 0.001 -1.000] G5=[-0.814 -0.944 -0.001 13.562 0.009]
INFO  [mc_indi_tiltrotor] T2dbg2 Wu25=[1.0 1000000.0] du25=[-0.0044 -0.0007] dmax25=[31.4382 0.0120] nu_yaw=0.005
INFO  [mc_indi_tiltrotor] WRdbg0 Wu0=1 lo0=-19.35 du0=-0.0069 pin0=0.000 a0=[-0.009 0.003 0.000 -0.003 0.002]
INFO  [mc_indi_tiltrotor] WRdbg1 Wu1=1 lo1=-19.96 du1=0.0121 pin1=-0.001 a1=[0.009 0.002 -0.002 0.002 0.002]
INFO  [mc_indi_tiltrotor] YWdbg nu2=0.098 ach2=0.084 r=-0.08 wsp2=-0.03 ddelta=[-0.0120 0.0016 0.0051]
INFO  [mc_indi_tiltrotor] T0dbg1 G0=[-0.257 0.227 0.017 0.167 -0.986] nu_des=[-0.01 0.01 0.04 -0.56 0.25]
INFO  [mc_indi_tiltrotor] T0dbg2 Ws34=[0.1 20.0] Wu0=1.0 du0=-0.0503 dmin0=-19.0139 dmax0=25.9861
INFO  [mc_indi_tiltrotor] T2dbg1 G2=[-0.000 -0.650 0.060 0.004 -1.000] G5=[-0.784 -0.883 -0.003 13.067 0.049]
INFO  [mc_indi_tiltrotor] T2dbg2 Wu25=[1.0 9.0] du25=[-0.0643 0.0015] dmax25=[31.9328 0.0120] nu_yaw=0.043
INFO  [mc_indi_tiltrotor] WRdbg0 Wu0=1 lo0=-19.01 du0=-0.0503 pin0=0.000 a0=[0.021 0.006 0.004 -0.003 -0.078]
INFO  [mc_indi_tiltrotor] WRdbg1 Wu1=1 lo1=-19.93 du1=-0.1318 pin1=0.000 a1=[-0.021 0.003 -0.016 0.001 -0.099]
INFO  [mc_indi_tiltrotor] T0dbg1 G0=[-0.256 0.227 0.019 0.161 -0.987] nu_des=[-0.01 -0.00 0.01 -0.73 0.03]
INFO  [mc_indi_tiltrotor] T0dbg2 Ws34=[0.1 20.0] Wu0=1.0 du0=-0.0038 dmin0=-18.9701 dmax0=26.0299
INFO  [mc_indi_tiltrotor] T2dbg1 G2=[-0.000 -0.650 0.060 0.003 -1.000] G5=[-0.741 -0.840 -0.002 12.349 0.038]
INFO  [mc_indi_tiltrotor] T2dbg2 Wu25=[1.0 9.0] du25=[-0.0142 0.0001] dmax25=[32.6513 0.0120] nu_yaw=0.006
INFO  [mc_indi_tiltrotor] WRdbg0 Wu0=1 lo0=-18.97 du0=-0.0038 pin0=0.000 a0=[0.010 -0.000 0.001 -0.004 -0.011]
INFO  [mc_indi_tiltrotor] WRdbg1 Wu1=1 lo1=-19.39 du1=-0.0254 pin1=0.000 a1=[-0.010 -0.000 -0.002 0.001 -0.014]
INFO  [mc_indi_tiltrotor] YWdbg nu2=-0.029 ach2=-0.029 r=0.02 wsp2=0.03 ddelta=[0.0089 0.0046 -0.0016]
INFO  [mc_indi_tiltrotor] T0dbg1 G0=[-0.256 0.227 0.019 0.161 -0.987] nu_des=[-0.01 -0.03 -0.02 -0.58 -0.05]
INFO  [mc_indi_tiltrotor] T0dbg2 Ws34=[0.1 20.0] Wu0=1.0 du0=-0.0041 dmin0=-19.3548 dmax0=25.6452
INFO  [mc_indi_tiltrotor] T2dbg1 G2=[-0.000 -0.650 0.060 0.003 -1.000] G5=[-0.776 -0.883 -0.002 12.925 0.034]
INFO  [mc_indi_tiltrotor] T2dbg2 Wu25=[1.0 9.0] du25=[0.0354 0.0001] dmax25=[32.0749 0.0120] nu_yaw=-0.017
INFO  [mc_indi_tiltrotor] WRdbg0 Wu0=1 lo0=-19.35 du0=-0.0041 pin0=0.000 a0=[0.008 -0.025 -0.002 -0.003 0.017]
INFO  [mc_indi_tiltrotor] WRdbg1 Wu1=1 lo1=-19.62 du1=0.0054 pin1=0.000 a1=[-0.008 -0.015 0.006 0.001 0.021]
INFO  [mc_indi_tiltrotor] T0dbg1 G0=[-0.257 0.227 0.017 0.167 -0.986] nu_des=[-0.00 0.09 -0.05 -0.44 0.06]
INFO  [mc_indi_tiltrotor] T0dbg2 Ws34=[0.1 20.0] Wu0=1.0 du0=0.0449 dmin0=-19.5699 dmax0=25.4301
INFO  [mc_indi_tiltrotor] T2dbg1 G2=[-0.000 -0.650 0.060 0.003 -1.000] G5=[-0.808 -0.920 -0.002 13.472 0.036]
INFO  [mc_indi_tiltrotor] T2dbg2 Wu25=[1.0 9.0] du25=[-0.0973 -0.0019] dmax25=[31.5278 0.0120] nu_yaw=-0.051
INFO  [mc_indi_tiltrotor] WRdbg0 Wu0=1 lo0=-19.57 du0=0.0449 pin0=0.020 a0=[0.002 0.058 -0.014 0.000 -0.021]
INFO  [mc_indi_tiltrotor] WRdbg1 Wu1=1 lo1=-19.76 du1=0.0344 pin1=-0.011 a1=[-0.002 0.044 0.025 -0.000 -0.022]
INFO  [mc_indi_tiltrotor] YWdbg nu2=-0.014 ach2=-0.013 r=0.03 wsp2=-0.05 ddelta=[0.0019 -0.0007 -0.0003]
INFO  [mc_indi_tiltrotor] T0dbg1 G0=[-0.257 0.227 0.014 0.179 -0.984] nu_des=[0.00 -0.00 -0.01 -0.61 0.01]
INFO  [mc_indi_tiltrotor] T0dbg2 Ws34=[0.1 20.0] Wu0=1.0 du0=-0.0072 dmin0=-19.3584 dmax0=25.6416
INFO  [mc_indi_tiltrotor] T2dbg1 G2=[-0.000 -0.650 0.060 0.001 -1.000] G5=[-0.806 -0.933 -0.001 13.432 0.011]
INFO  [mc_indi_tiltrotor] T2dbg2 Wu25=[1.0 9.0] du25=[-0.0019 -0.0003] dmax25=[31.5679 0.0120] nu_yaw=-0.007
INFO  [mc_indi_tiltrotor] WRdbg0 Wu0=1 lo0=-19.36 du0=-0.0072 pin0=-0.001 a0=[-0.002 -0.000 0.001 0.000 -0.005]
INFO  [mc_indi_tiltrotor] WRdbg1 Wu1=1 lo1=-19.88 du1=-0.0007 pin1=0.001 a1=[0.002 -0.000 0.002 -0.001 -0.005]
INFO  [mc_indi_tiltrotor] T0dbg1 G0=[-0.257 0.227 0.014 0.179 -0.984] nu_des=[0.01 0.11 0.11 -0.72 0.44]
INFO  [mc_indi_tiltrotor] T0dbg2 Ws34=[0.1 20.0] Wu0=1.0 du0=-0.0925 dmin0=-19.3232 dmax0=25.6768
INFO  [mc_indi_tiltrotor] T2dbg1 G2=[-0.000 -0.650 0.060 0.001 -1.000] G5=[-0.770 -0.886 -0.001 12.832 0.019]
INFO  [mc_indi_tiltrotor] T2dbg2 Wu25=[1.0 9.0] du25=[-0.2298 -0.0011] dmax25=[32.1676 0.0120] nu_yaw=0.109
INFO  [mc_indi_tiltrotor] WRdbg0 Wu0=1 lo0=-19.32 du0=-0.0925 pin0=0.026 a0=[-0.010 0.063 -0.011 0.000 -0.161]
INFO  [mc_indi_tiltrotor] WRdbg1 Wu1=1 lo1=-20.45 du1=-0.1440 pin1=-0.014 a1=[0.009 0.056 -0.033 -0.001 -0.162]
INFO  [mc_indi_tiltrotor] YWdbg nu2=0.042 ach2=0.040 r=-0.10 wsp2=0.01 ddelta=[-0.0065 0.0018 0.0000]
INFO  [mc_indi_tiltrotor] T0dbg1 G0=[-0.256 0.227 0.019 0.162 -0.987] nu_des=[-0.01 0.02 0.04 -0.72 0.01]
INFO  [mc_indi_tiltrotor] T0dbg2 Ws34=[0.1 20.0] Wu0=1.0 du0=0.0242 dmin0=-18.9705 dmax0=26.0295
INFO  [mc_indi_tiltrotor] T2dbg1 G2=[-0.000 -0.650 0.060 0.002 -1.000] G5=[-0.746 -0.854 -0.001 12.426 0.024]
INFO  [mc_indi_tiltrotor] T2dbg2 Wu25=[1.0 9.0] du25=[-0.0336 -0.0000] dmax25=[32.5740 0.0120] nu_yaw=0.038
INFO  [mc_indi_tiltrotor] WRdbg0 Wu0=1 lo0=-18.97 du0=0.0242 pin0=0.000 a0=[0.010 0.017 0.004 -0.004 -0.003]
INFO  [mc_indi_tiltrotor] WRdbg1 Wu1=1 lo1=-19.45 du1=-0.0156 pin1=0.000 a1=[-0.010 0.011 -0.014 0.001 -0.004]
INFO  [mc_indi_tiltrotor] T0dbg1 G0=[-0.256 0.227 0.019 0.160 -0.987] nu_des=[-0.00 -0.04 -0.04 -0.59 -0.01]
INFO  [mc_indi_tiltrotor] T0dbg2 Ws34=[0.1 20.0] Wu0=1.0 du0=-0.0302 dmin0=-19.5261 dmax0=25.4739
INFO  [mc_indi_tiltrotor] T2dbg1 G2=[-0.000 -0.650 0.060 0.004 -1.000] G5=[-0.786 -0.879 -0.004 13.103 0.059]
INFO  [mc_indi_tiltrotor] T2dbg2 Wu25=[1.0 9.0] du25=[0.0366 0.0001] dmax25=[31.8968 0.0120] nu_yaw=-0.037
INFO  [mc_indi_tiltrotor] WRdbg0 Wu0=1 lo0=-19.53 du0=-0.0302 pin0=0.000 a0=[0.005 -0.031 -0.004 -0.003 0.003]
INFO  [mc_indi_tiltrotor] WRdbg1 Wu1=1 lo1=-19.68 du1=-0.0048 pin1=0.000 a1=[-0.005 -0.018 0.014 0.001 0.003]
INFO  [mc_indi_tiltrotor] YWdbg nu2=-0.042 ach2=-0.040 r=0.06 wsp2=0.00 ddelta=[0.0088 0.0019 -0.0015]
INFO  [mc_indi_tiltrotor] T0dbg1 G0=[-0.257 0.227 0.016 0.171 -0.985] nu_des=[0.01 0.01 -0.01 -0.56 0.04]
INFO  [mc_indi_tiltrotor] T0dbg2 Ws34=[0.1 20.0] Wu0=1.0 du0=-0.0153 dmin0=-19.5666 dmax0=25.4334
INFO  [mc_indi_tiltrotor] T2dbg1 G2=[-0.000 -0.650 0.060 0.004 -1.000] G5=[-0.799 -0.901 -0.003 13.324 0.049]
INFO  [mc_indi_tiltrotor] T2dbg2 Wu25=[1.0 9.0] du25=[-0.0221 -0.0008] dmax25=[31.6756 0.0120] nu_yaw=-0.015
INFO  [mc_indi_tiltrotor] WRdbg0 Wu0=1 lo0=-19.57 du0=-0.0153 pin0=0.000 a0=[-0.008 0.011 -0.001 -0.003 -0.014]
INFO  [mc_indi_tiltrotor] WRdbg1 Wu1=1 lo1=-19.79 du1=0.0042 pin1=0.000 a1=[0.008 0.006 0.006 0.001 -0.017]
INFO  [mc_indi_tiltrotor] T0dbg1 G0=[-0.257 0.227 0.014 0.179 -0.984] nu_des=[0.01 0.00 0.03 -0.70 -0.00]
INFO  [mc_indi_tiltrotor] T0dbg2 Ws34=[0.1 20.0] Wu0=1.0 du0=-0.0171 dmin0=-19.3434 dmax0=25.6566
INFO  [mc_indi_tiltrotor] T2dbg1 G2=[-0.000 -0.650 0.060 0.002 -1.000] G5=[-0.801 -0.919 -0.001 13.348 0.024]
INFO  [mc_indi_tiltrotor] T2dbg2 Wu25=[1.0 9.0] du25=[-0.0025 -0.0007] dmax25=[31.6518 0.0120] nu_yaw=0.029
INFO  [mc_indi_tiltrotor] WRdbg0 Wu0=1 lo0=-19.34 du0=-0.0171 pin0=0.000 a0=[-0.016 0.001 0.002 -0.004 0.000]
INFO  [mc_indi_tiltrotor] WRdbg1 Wu1=1 lo1=-19.95 du1=0.0084 pin1=0.000 a1=[0.017 0.001 -0.011 0.002 0.000]
INFO  [mc_indi_tiltrotor] YWdbg nu2=0.023 ach2=0.019 r=-0.06 wsp2=-0.03 ddelta=[0.0037 0.0065 0.0009]
INFO  [mc_indi_tiltrotor] T0dbg1 G0=[-0.257 0.227 0.012 0.189 -0.982] nu_des=[0.03 0.36 0.03 -1.03 0.35]
INFO  [mc_indi_tiltrotor] T0dbg2 Ws34=[0.1 20.0] Wu0=1.0 du0=0.0486 dmin0=-17.9430 dmax0=27.0570
INFO  [mc_indi_tiltrotor] T2dbg1 G2=[-0.000 -0.650 0.060 0.003 -1.000] G5=[-0.703 -0.794 -0.002 11.710 0.040]
INFO  [mc_indi_tiltrotor] T2dbg2 Wu25=[1.0 1000000.0] du25=[-0.4749 -0.0034] dmax25=[33.2898 0.0120] nu_yaw=0.032
INFO  [mc_indi_tiltrotor] WRdbg0 Wu0=1 lo0=-17.94 du0=0.0486 pin0=0.029 a0=[-0.058 0.208 0.000 -0.000 -0.130]
INFO  [mc_indi_tiltrotor] WRdbg1 Wu1=1 lo1=-17.45 du1=0.1225 pin1=-0.014 a1=[0.058 0.212 -0.000 -0.000 -0.133]
INFO  [mc_indi_tiltrotor] T0dbg1 G0=[-0.257 0.227 0.014 0.180 -0.984] nu_des=[-0.00 -0.02 0.01 -0.99 -0.05]
INFO  [mc_indi_tiltrotor] T0dbg2 Ws34=[0.1 20.0] Wu0=1.0 du0=-0.0025 dmin0=-17.5195 dmax0=27.4805
INFO  [mc_indi_tiltrotor] T2dbg1 G2=[-0.000 -0.650 0.060 0.002 -1.000] G5=[-0.691 -0.794 -0.001 11.511 0.018]
INFO  [mc_indi_tiltrotor] T2dbg2 Wu25=[1.0 9.0] du25=[0.0236 0.0000] dmax25=[33.4885 0.0120] nu_yaw=0.009
INFO  [mc_indi_tiltrotor] WRdbg0 Wu0=1 lo0=-17.52 du0=-0.0025 pin0=0.000 a0=[0.006 -0.017 0.001 -0.005 0.014]
INFO  [mc_indi_tiltrotor] WRdbg1 Wu1=1 lo1=-17.87 du1=-0.0029 pin1=0.000 a1=[-0.006 -0.012 -0.003 0.001 0.018]
INFO  [mc_indi_tiltrotor] YWdbg nu2=-0.034 ach2=-0.032 r=0.02 wsp2=0.04 ddelta=[-0.0001 -0.0052 -0.0013]
INFO  [mc_indi_tiltrotor] T0dbg1 G0=[-0.256 0.227 0.018 0.166 -0.986] nu_des=[-0.00 0.04 -0.01 -3.34 0.02]
INFO  [mc_indi_tiltrotor] T0dbg2 Ws34=[0.1 20.0] Wu0=1.0 du0=0.0016 dmin0=-17.9798 dmax0=27.0202
INFO  [mc_indi_tiltrotor] T2dbg1 G2=[-0.000 -0.650 0.060 0.001 -1.000] G5=[-0.726 -0.840 -0.001 12.107 0.012]
INFO  [mc_indi_tiltrotor] T2dbg2 Wu25=[1.0 1000000.0] du25=[-0.0623 -0.0010] dmax25=[32.8928 0.0120] nu_yaw=-0.014
INFO  [mc_indi_tiltrotor] WRdbg0 Wu0=1 lo0=-17.98 du0=0.0016 pin0=0.001 a0=[0.001 0.026 -0.001 -0.017 -0.008]
INFO  [mc_indi_tiltrotor] WRdbg1 Wu1=1 lo1=-18.16 du1=0.0186 pin1=-0.002 a1=[-0.001 0.017 0.006 0.008 -0.010]
INFO  [mc_indi_tiltrotor] T0dbg1 G0=[-0.256 0.227 0.020 0.157 -0.988] nu_des=[-0.01 -0.00 -0.02 -2.21 0.02]
INFO  [mc_indi_tiltrotor] T0dbg2 Ws34=[0.1 20.0] Wu0=1.0 du0=0.0075 dmin0=-18.1176 dmax0=26.8824
INFO  [mc_indi_tiltrotor] T2dbg1 G2=[-0.000 -0.650 0.060 0.000 -1.000] G5=[-0.727 -0.847 -0.000 12.114 0.001]
INFO  [mc_indi_tiltrotor] T2dbg2 Wu25=[1.0 1000000.0] du25=[0.0007 -0.0001] dmax25=[32.8863 0.0120] nu_yaw=-0.024
INFO  [mc_indi_tiltrotor] WRdbg0 Wu0=1 lo0=-18.12 du0=0.0075 pin0=-0.002 a0=[0.018 -0.001 0.000 -0.000 -0.008]
INFO  [mc_indi_tiltrotor] WRdbg1 Wu1=1 lo1=-18.64 du1=-0.0186 pin1=0.001 a1=[-0.017 -0.001 0.007 -0.001 -0.008]
INFO  [mc_indi_tiltrotor] YWdbg nu2=0.000 ach2=0.001 r=0.04 wsp2=-0.01 ddelta=[-0.0015 -0.0015 -0.0001]
INFO  [mc_indi_tiltrotor] T0dbg1 G0=[-0.256 0.227 0.018 0.166 -0.986] nu_des=[-0.01 -0.01 0.00 -1.73 -0.00]
INFO  [mc_indi_tiltrotor] T0dbg2 Ws34=[0.1 20.0] Wu0=1.0 du0=0.0058 dmin0=-18.2174 dmax0=26.7826
INFO  [mc_indi_tiltrotor] T2dbg1 G2=[-0.000 -0.650 0.060 0.000 -1.000] G5=[-0.732 -0.854 -0.000 12.202 0.001]
INFO  [mc_indi_tiltrotor] T2dbg2 Wu25=[1.0 1000000.0] du25=[0.0053 -0.0001] dmax25=[32.7979 0.0120] nu_yaw=0.001
INFO  [mc_indi_tiltrotor] WRdbg0 Wu0=1 lo0=-18.22 du0=0.0058 pin0=-0.001 a0=[0.010 -0.003 -0.000 -0.000 0.001]
INFO  [mc_indi_tiltrotor] WRdbg1 Wu1=1 lo1=-18.78 du1=-0.0125 pin1=0.001 a1=[-0.010 -0.003 -0.000 -0.001 0.001]
INFO  [mc_indi_tiltrotor] T0dbg1 G0=[-0.256 0.227 0.019 0.162 -0.987] nu_des=[0.01 -0.00 0.01 -1.07 -0.06]
INFO  [mc_indi_tiltrotor] T0dbg2 Ws34=[0.1 20.0] Wu0=1.0 du0=0.0093 dmin0=-18.6611 dmax0=26.3389
INFO  [mc_indi_tiltrotor] T2dbg1 G2=[-0.000 -0.650 0.060 0.000 -1.000] G5=[-0.758 -0.884 -0.000 12.635 0.000]
INFO  [mc_indi_tiltrotor] T2dbg2 Wu25=[1.0 1000000.0] du25=[0.0148 -0.0000] dmax25=[32.3653 0.0120] nu_yaw=0.006
INFO  [mc_indi_tiltrotor] WRdbg0 Wu0=1 lo0=-18.66 du0=0.0093 pin0=-0.000 a0=[-0.012 -0.001 -0.000 -0.000 0.022]
INFO  [mc_indi_tiltrotor] WRdbg1 Wu1=1 lo1=-19.14 du1=0.0308 pin1=0.000 a1=[0.011 -0.001 -0.002 -0.000 0.023]
INFO  [mc_indi_tiltrotor] YWdbg nu2=0.009 ach2=0.009 r=-0.01 wsp2=0.01 ddelta=[-0.0016 0.0003 -0.0002]
INFO  [mc_indi_tiltrotor] T0dbg1 G0=[-0.256 0.227 0.020 0.156 -0.988] nu_des=[-0.00 -0.01 0.01 -0.33 0.00]
INFO  [mc_indi_tiltrotor] T0dbg2 Ws34=[0.1 20.0] Wu0=1.0 du0=-0.0021 dmin0=-18.7552 dmax0=26.2448
INFO  [mc_indi_tiltrotor] T2dbg1 G2=[-0.000 -0.650 0.060 0.000 -1.000] G5=[-0.767 -0.894 -0.000 12.788 0.002]
INFO  [mc_indi_tiltrotor] T2dbg2 Wu25=[1.0 9.0] du25=[0.0006 0.0001] dmax25=[32.2119 0.0120] nu_yaw=0.009
INFO  [mc_indi_tiltrotor] WRdbg0 Wu0=1 lo0=-18.76 du0=-0.0021 pin0=-0.002 a0=[0.005 -0.004 -0.000 0.000 -0.002]
INFO  [mc_indi_tiltrotor] WRdbg1 Wu1=1 lo1=-19.26 du1=-0.0111 pin1=0.001 a1=[-0.005 -0.003 -0.003 -0.000 -0.002]
INFO  [mc_indi_tiltrotor] T0dbg1 G0=[-0.256 0.227 0.021 0.155 -0.988] nu_des=[-0.00 -0.01 0.00 0.31 0.01]
INFO  [mc_indi_tiltrotor] T0dbg2 Ws34=[0.1 20.0] Wu0=1.0 du0=-0.0035 dmin0=-18.8503 dmax0=26.1497
INFO  [mc_indi_tiltrotor] T2dbg1 G2=[-0.000 -0.650 0.060 0.000 -1.000] G5=[-0.775 -0.902 -0.000 12.922 0.003]
INFO  [mc_indi_tiltrotor] T2dbg2 Wu25=[1.0 9.0] du25=[0.0062 0.0004] dmax25=[32.0779 0.0120] nu_yaw=0.001
INFO  [mc_indi_tiltrotor] WRdbg0 Wu0=1 lo0=-18.85 du0=-0.0035 pin0=0.000 a0=[0.003 -0.005 0.000 0.001 -0.003]
INFO  [mc_indi_tiltrotor] WRdbg1 Wu1=1 lo1=-19.36 du1=-0.0108 pin1=0.000 a1=[-0.003 -0.003 -0.000 -0.001 -0.004]
INFO  [mc_indi_tiltrotor] YWdbg nu2=-0.020 ach2=-0.020 r=0.03 wsp2=0.02 ddelta=[0.0050 0.0008 0.0005]
INFO  [mc_indi_tiltrotor] T0dbg1 G0=[-0.256 0.227 0.018 0.166 -0.986] nu_des=[-0.01 -0.01 -0.02 0.72 0.03]
INFO  [mc_indi_tiltrotor] T0dbg2 Ws34=[0.1 20.0] Wu0=1.0 du0=-0.0046 dmin0=-18.8518 dmax0=26.1482
INFO  [mc_indi_tiltrotor] T2dbg1 G2=[-0.000 -0.650 0.060 0.001 -1.000] G5=[-0.778 -0.900 -0.001 12.969 0.011]
INFO  [mc_indi_tiltrotor] T2dbg2 Wu25=[1.0 9.0] du25=[0.0038 0.0007] dmax25=[32.0306 0.0120] nu_yaw=-0.019
INFO  [mc_indi_tiltrotor] WRdbg0 Wu0=1 lo0=-18.85 du0=-0.0046 pin0=0.000 a0=[0.008 -0.005 -0.002 0.003 -0.010]
INFO  [mc_indi_tiltrotor] WRdbg1 Wu1=1 lo1=-19.34 du1=-0.0178 pin1=0.000 a1=[-0.008 -0.003 0.007 -0.002 -0.013]
INFO  [mc_indi_tiltrotor] T0dbg1 G0=[-0.257 0.227 0.015 0.177 -0.984] nu_des=[0.02 0.17 0.00 0.78 0.13]
INFO  [mc_indi_tiltrotor] T0dbg2 Ws34=[0.1 20.0] Wu0=1.0 du0=0.0357 dmin0=-18.8472 dmax0=26.1528
INFO  [mc_indi_tiltrotor] T2dbg1 G2=[-0.000 -0.650 0.060 0.002 -1.000] G5=[-0.772 -0.888 -0.001 12.867 0.020]
INFO  [mc_indi_tiltrotor] T2dbg2 Wu25=[1.0 1000000.0] du25=[-0.1955 -0.0016] dmax25=[32.1329 0.0120] nu_yaw=0.005
INFO  [mc_indi_tiltrotor] WRdbg0 Wu0=1 lo0=-18.85 du0=0.0357 pin0=0.027 a0=[-0.040 0.097 0.000 0.000 -0.048]
INFO  [mc_indi_tiltrotor] WRdbg1 Wu1=1 lo1=-19.31 du1=0.0747 pin1=-0.014 a1=[0.040 0.099 -0.000 0.000 -0.049]
INFO  [mc_indi_tiltrotor] YWdbg nu2=0.007 ach2=0.006 r=-0.00 wsp2=0.00 ddelta=[0.0010 0.0014 0.0013]
INFO  [mc_indi_tiltrotor] T0dbg1 G0=[-0.257 0.227 0.011 0.193 -0.981] nu_des=[0.01 -0.09 0.02 0.82 0.18]
INFO  [mc_indi_tiltrotor] T0dbg2 Ws34=[0.1 20.0] Wu0=1.0 du0=-0.1187 dmin0=-18.8850 dmax0=26.1150
INFO  [mc_indi_tiltrotor] T2dbg1 G2=[-0.000 -0.650 0.060 0.002 -1.000] G5=[-0.754 -0.860 -0.002 12.568 0.031]
INFO  [mc_indi_tiltrotor] T2dbg2 Wu25=[1.0 9.0] du25=[0.0724 0.0024] dmax25=[32.4321 0.0120] nu_yaw=0.021
INFO  [mc_indi_tiltrotor] WRdbg0 Wu0=1 lo0=-18.89 du0=-0.1187 pin0=0.000 a0=[-0.008 -0.068 0.001 0.005 -0.049]
INFO  [mc_indi_tiltrotor] WRdbg1 Wu1=1 lo1=-19.30 du1=-0.1136 pin1=0.000 a1=[0.008 -0.045 -0.007 -0.000 -0.069]
INFO  [mc_indi_tiltrotor] T0dbg1 G0=[-0.257 0.228 0.006 0.210 -0.978] nu_des=[0.01 -0.04 0.00 0.78 0.07]
INFO  [mc_indi_tiltrotor] T0dbg2 Ws34=[0.1 20.0] Wu0=1.0 du0=-0.0532 dmin0=-18.7706 dmax0=26.2294
INFO  [mc_indi_tiltrotor] T2dbg1 G2=[-0.000 -0.650 0.060 0.003 -1.000] G5=[-0.750 -0.850 -0.002 12.503 0.038]
INFO  [mc_indi_tiltrotor] T2dbg2 Wu25=[1.0 9.0] du25=[0.0390 0.0007] dmax25=[32.4973 0.0120] nu_yaw=0.005
INFO  [mc_indi_tiltrotor] WRdbg0 Wu0=1 lo0=-18.77 du0=-0.0532 pin0=0.000 a0=[-0.015 -0.027 0.000 0.005 -0.017]
INFO  [mc_indi_tiltrotor] WRdbg1 Wu1=1 lo1=-19.15 du1=-0.0283 pin1=0.000 a1=[0.018 -0.019 -0.002 0.000 -0.025]
INFO  [mc_indi_tiltrotor] YWdbg nu2=0.026 ach2=0.025 r=0.00 wsp2=0.00 ddelta=[0.0060 0.0117 -0.0005]
INFO  [mc_indi_tiltrotor] T0dbg1 G0=[-0.257 0.228 0.001 0.230 -0.973] nu_des=[-0.00 0.02 -0.00 0.73 0.07]
INFO  [mc_indi_tiltrotor] T0dbg2 Ws34=[0.1 20.0] Wu0=1.0 du0=0.0040 dmin0=-18.7006 dmax0=26.2994
INFO  [mc_indi_tiltrotor] T2dbg1 G2=[-0.000 -0.650 0.060 0.004 -1.000] G5=[-0.752 -0.848 -0.003 12.535 0.045]
INFO  [mc_indi_tiltrotor] T2dbg2 Wu25=[1.0 8.9] du25=[-0.0254 0.0003] dmax25=[32.4650 0.0120] nu_yaw=-0.002
INFO  [mc_indi_tiltrotor] WRdbg0 Wu0=1 lo0=-18.70 du0=0.0040 pin0=0.000 a0=[0.000 0.013 -0.000 0.005 -0.015]
INFO  [mc_indi_tiltrotor] WRdbg1 Wu1=1 lo1=-19.05 du1=-0.0132 pin1=0.000 a1=[-0.000 0.010 0.001 0.001 -0.025]
INFO  [mc_indi_tiltrotor] T0dbg1 G0=[-0.257 0.228 -0.006 0.255 -0.967] nu_des=[0.01 -0.14 0.03 0.44 0.18]
INFO  [mc_indi_tiltrotor] T0dbg2 Ws34=[0.1 20.0] Wu0=1.0 du0=-0.1352 dmin0=-18.6979 dmax0=26.3021
INFO  [mc_indi_tiltrotor] T2dbg1 G2=[-0.000 -0.650 0.060 0.003 -1.000] G5=[-0.730 -0.825 -0.002 12.163 0.040]
INFO  [mc_indi_tiltrotor] T2dbg2 Wu25=[1.0 8.9] du25=[0.1403 0.0029] dmax25=[32.8368 0.0120] nu_yaw=0.029
INFO  [mc_indi_tiltrotor] WRdbg0 Wu0=1 lo0=-18.70 du0=-0.1352 pin0=0.040 a0=[-0.022 -0.079 -0.011 0.000 -0.064]
INFO  [mc_indi_tiltrotor] WRdbg1 Wu1=1 lo1=-18.95 du1=-0.1187 pin1=0.007 a1=[0.020 -0.073 -0.009 0.000 -0.065]
INFO  [mc_indi_tiltrotor] YWdbg nu2=0.000 ach2=-0.003 r=-0.00 wsp2=0.01 ddelta=[0.0076 0.0045 0.0026]
INFO  [mc_indi_tiltrotor] T0dbg1 G0=[-0.257 0.228 -0.012 0.280 -0.960] nu_des=[0.02 -0.13 0.02 0.24 0.17]
INFO  [mc_indi_tiltrotor] T0dbg2 Ws34=[0.1 20.0] Wu0=1.0 du0=-0.1326 dmin0=-18.4182 dmax0=26.5818
INFO  [mc_indi_tiltrotor] T2dbg1 G2=[-0.000 -0.650 0.060 0.003 -1.000] G5=[-0.726 -0.823 -0.002 12.099 0.037]
INFO  [mc_indi_tiltrotor] T2dbg2 Wu25=[1.0 8.9] du25=[0.1346 0.0019] dmax25=[32.9008 0.0120] nu_yaw=0.017
INFO  [mc_indi_tiltrotor] WRdbg0 Wu0=1 lo0=-18.42 du0=-0.1326 pin0=0.048 a0=[-0.037 -0.079 0.000 -0.000 -0.064]
INFO  [mc_indi_tiltrotor] WRdbg1 Wu1=1 lo1=-18.61 du1=-0.0857 pin1=0.014 a1=[0.035 -0.072 -0.000 0.000 -0.063]
INFO  [mc_indi_tiltrotor] T0dbg1 G0=[-0.256 0.228 -0.021 0.313 -0.950] nu_des=[-0.00 0.42 -0.02 -0.27 0.25]
INFO  [mc_indi_tiltrotor] T0dbg2 Ws34=[0.1 20.0] Wu0=1.0 du0=0.1844 dmin0=-18.2021 dmax0=26.7979
INFO  [mc_indi_tiltrotor] T2dbg1 G2=[-0.000 -0.650 0.060 0.003 -1.000] G5=[-0.732 -0.828 -0.002 12.195 0.039]
INFO  [mc_indi_tiltrotor] T2dbg2 Wu25=[1.0 1000000.0] du25=[-0.5137 -0.0032] dmax25=[32.8048 0.0120] nu_yaw=-0.022
INFO  [mc_indi_tiltrotor] WRdbg0 Wu0=1 lo0=-18.20 du0=0.1844 pin0=0.002 a0=[0.001 0.207 0.002 -0.002 -0.025]
INFO  [mc_indi_tiltrotor] WRdbg1 Wu1=1 lo1=-18.29 du1=0.1520 pin1=-0.006 a1=[-0.001 0.225 0.002 -0.001 -0.067]
INFO  [mc_indi_tiltrotor] YWdbg nu2=0.001 ach2=0.018 r=0.01 wsp2=-0.00 ddelta=[0.0120 0.0120 0.0031]
INFO  [mc_indi_tiltrotor] T0dbg1 G0=[-0.255 0.227 -0.030 0.346 -0.938] nu_des=[0.02 -0.03 -0.01 -0.80 0.26]
INFO  [mc_indi_tiltrotor] T0dbg2 Ws34=[0.1 20.0] Wu0=1.0 du0=-0.0880 dmin0=-18.1267 dmax0=26.8733
INFO  [mc_indi_tiltrotor] T2dbg1 G2=[-0.000 -0.650 0.060 0.003 -1.000] G5=[-0.692 -0.788 -0.002 11.539 0.031]
INFO  [mc_indi_tiltrotor] T2dbg2 Wu25=[1.0 8.8] du25=[-0.0049 -0.0002] dmax25=[33.4607 0.0120] nu_yaw=-0.009
INFO  [mc_indi_tiltrotor] WRdbg0 Wu0=1 lo0=-18.13 du0=-0.0880 pin0=0.063 a0=[-0.032 -0.019 -0.000 0.000 -0.100]
INFO  [mc_indi_tiltrotor] WRdbg1 Wu1=1 lo1=-18.13 du1=-0.0558 pin1=0.030 a1=[0.030 -0.017 0.000 -0.001 -0.099]
INFO  [mc_indi_tiltrotor] T0dbg1 G0=[-0.254 0.226 -0.039 0.377 -0.926] nu_des=[0.02 -0.09 -0.00 -1.00 0.23]
INFO  [mc_indi_tiltrotor] T0dbg2 Ws34=[0.1 20.0] Wu0=1.0 du0=-0.1089 dmin0=-17.6652 dmax0=27.3348
INFO  [mc_indi_tiltrotor] T2dbg1 G2=[-0.000 -0.650 0.060 0.003 -1.000] G5=[-0.681 -0.776 -0.002 11.358 0.029]
INFO  [mc_indi_tiltrotor] T2dbg2 Wu25=[1.0 8.8] du25=[0.0648 0.0006] dmax25=[33.6421 0.0120] nu_yaw=-0.001
INFO  [mc_indi_tiltrotor] WRdbg0 Wu0=1 lo0=-17.67 du0=-0.1089 pin0=0.069 a0=[-0.035 -0.053 -0.000 0.000 -0.090]
INFO  [mc_indi_tiltrotor] WRdbg1 Wu1=1 lo1=-17.55 du1=-0.0680 pin1=0.036 a1=[0.033 -0.048 0.000 -0.001 -0.088]
INFO  [mc_indi_tiltrotor] YWdbg nu2=-0.015 ach2=0.014 r=0.01 wsp2=-0.02 ddelta=[0.0120 0.0120 0.0024]
INFO  [mc_indi_tiltrotor] T0dbg1 G0=[-0.253 0.225 -0.047 0.409 -0.913] nu_des=[0.01 -0.20 -0.01 -1.57 0.31]
INFO  [mc_indi_tiltrotor] T0dbg2 Ws34=[0.1 20.0] Wu0=1.0 du0=-0.1832 dmin0=-16.8083 dmax0=28.1917
INFO  [mc_indi_tiltrotor] T2dbg1 G2=[-0.000 -0.650 0.060 0.003 -1.000] G5=[-0.681 -0.772 -0.002 11.343 0.033]
INFO  [mc_indi_tiltrotor] T2dbg2 Wu25=[1.0 8.7] du25=[0.1616 0.0032] dmax25=[33.6567 0.0120] nu_yaw=-0.015
INFO  [mc_indi_tiltrotor] WRdbg0 Wu0=1 lo0=-16.81 du0=-0.1832 pin0=0.073 a0=[-0.012 -0.122 0.000 0.000 -0.123]
INFO  [mc_indi_tiltrotor] WRdbg1 Wu1=1 lo1=-16.67 du1=-0.1784 pin1=0.042 a1=[0.011 -0.110 -0.000 -0.001 -0.120]
INFO  [mc_indi_tiltrotor] T0dbg1 G0=[-0.251 0.224 -0.055 0.437 -0.899] nu_des=[0.01 -0.03 -0.02 -1.38 0.29]
INFO  [mc_indi_tiltrotor] T0dbg2 Ws34=[0.1 20.0] Wu0=1.0 du0=-0.0792 dmin0=-16.1201 dmax0=28.8799
INFO  [mc_indi_tiltrotor] T2dbg1 G2=[-0.000 -0.650 0.060 0.003 -1.000] G5=[-0.672 -0.762 -0.002 11.206 0.034]
INFO  [mc_indi_tiltrotor] T2dbg2 Wu25=[1.0 8.7] du25=[-0.0225 -0.0005] dmax25=[33.7943 0.0120] nu_yaw=-0.015
INFO  [mc_indi_tiltrotor] WRdbg0 Wu0=1 lo0=-16.12 du0=-0.0792 pin0=0.077 a0=[-0.026 -0.016 0.000 0.000 -0.115]
INFO  [mc_indi_tiltrotor] WRdbg1 Wu1=1 lo1=-15.89 du1=-0.0565 pin1=0.046 a1=[0.024 -0.014 -0.000 -0.001 -0.111]
INFO  [mc_indi_tiltrotor] YWdbg nu2=-0.033 ach2=-0.031 r=0.01 wsp2=-0.03 ddelta=[0.0055 0.0025 -0.0033]
INFO  [mc_indi_tiltrotor] T0dbg1 G0=[-0.249 0.223 -0.064 0.466 -0.885] nu_des=[0.00 0.22 -0.02 -1.04 0.33]
INFO  [mc_indi_tiltrotor] T0dbg2 Ws34=[0.1 20.0] Wu0=1.0 du0=0.0490 dmin0=-15.3560 dmax0=29.6440
INFO  [mc_indi_tiltrotor] T2dbg1 G2=[-0.000 -0.650 0.060 0.003 -1.000] G5=[-0.656 -0.743 -0.002 10.937 0.034]
INFO  [mc_indi_tiltrotor] T2dbg2 Wu25=[1.0 1000000.0] du25=[-0.3219 -0.0031] dmax25=[34.0627 0.0120] nu_yaw=-0.022
INFO  [mc_indi_tiltrotor] WRdbg0 Wu0=1 lo0=-15.36 du0=0.0490 pin0=0.003 a0=[-0.007 0.060 0.006 -0.006 -0.007]
INFO  [mc_indi_tiltrotor] WRdbg1 Wu1=1 lo1=-15.07 du1=0.0398 pin1=-0.005 a1=[0.009 0.095 -0.006 -0.004 -0.049]
INFO  [mc_indi_tiltrotor] T0dbg1 G0=[-0.247 0.221 -0.071 0.494 -0.869] nu_des=[0.01 0.02 -0.02 -0.62 0.30]
INFO  [mc_indi_tiltrotor] T0dbg2 Ws34=[0.1 20.0] Wu0=1.0 du0=-0.0463 dmin0=-14.6531 dmax0=30.3469
INFO  [mc_indi_tiltrotor] T2dbg1 G2=[-0.000 -0.650 0.060 0.003 -1.000] G5=[-0.630 -0.716 -0.002 10.504 0.030]
INFO  [mc_indi_tiltrotor] T2dbg2 Wu25=[1.0 8.6] du25=[-0.0813 -0.0011] dmax25=[34.4959 0.0120] nu_yaw=-0.015
INFO  [mc_indi_tiltrotor] WRdbg0 Wu0=1 lo0=-14.65 du0=-0.0463 pin0=0.083 a0=[-0.022 0.014 0.000 0.000 -0.122]
INFO  [mc_indi_tiltrotor] WRdbg1 Wu1=1 lo1=-14.31 du1=-0.0314 pin1=0.053 a1=[0.020 0.013 -0.000 -0.000 -0.117]
INFO  [mc_indi_tiltrotor] YWdbg nu2=-0.011 ach2=0.009 r=0.01 wsp2=-0.03 ddelta=[0.0120 0.0120 0.0016]
INFO  [mc_indi_tiltrotor] T0dbg1 G0=[-0.244 0.219 -0.080 0.523 -0.852] nu_des=[0.01 -0.22 -0.01 0.08 0.28]
INFO  [mc_indi_tiltrotor] T0dbg2 Ws34=[0.1 20.0] Wu0=1.0 du0=-0.1952 dmin0=-13.6524 dmax0=31.3476
INFO  [mc_indi_tiltrotor] T2dbg1 G2=[-0.000 -0.650 0.060 0.003 -1.000] G5=[-0.621 -0.702 -0.002 10.351 0.034]
INFO  [mc_indi_tiltrotor] T2dbg2 Wu25=[1.0 8.5] du25=[0.1908 0.0033] dmax25=[34.6489 0.0120] nu_yaw=-0.010
INFO  [mc_indi_tiltrotor] WRdbg0 Wu0=1 lo0=-13.65 du0=-0.1952 pin0=0.084 a0=[-0.019 -0.145 0.000 -0.000 -0.116]
INFO  [mc_indi_tiltrotor] WRdbg1 Wu1=1 lo1=-13.27 du1=-0.1689 pin1=0.055 a1=[0.017 -0.130 -0.000 0.000 -0.111]
INFO  [mc_indi_tiltrotor] T0dbg1 G0=[-0.242 0.217 -0.088 0.552 -0.834] nu_des=[0.01 0.17 -0.03 1.01 0.28]
INFO  [mc_indi_tiltrotor] T0dbg2 Ws34=[0.1 20.0] Wu0=1.0 du0=0.0407 dmin0=-12.5750 dmax0=32.4250
INFO  [mc_indi_tiltrotor] T2dbg1 G2=[-0.000 -0.650 0.060 0.004 -1.000] G5=[-0.623 -0.699 -0.003 10.392 0.043]
INFO  [mc_indi_tiltrotor] T2dbg2 Wu25=[1.0 8.5] du25=[-0.2541 -0.0027] dmax25=[34.6083 0.0120] nu_yaw=-0.025
INFO  [mc_indi_tiltrotor] WRdbg0 Wu0=1 lo0=-12.58 du0=0.0407 pin0=0.000 a0=[-0.007 0.038 0.010 0.005 -0.005]
INFO  [mc_indi_tiltrotor] WRdbg1 Wu1=1 lo1=-12.16 du1=0.0314 pin1=0.000 a1=[0.010 0.062 -0.011 0.004 -0.033]
INFO  [mc_indi_tiltrotor] YWdbg nu2=-0.026 ach2=-0.023 r=0.01 wsp2=-0.05 ddelta=[-0.0022 -0.0007 -0.0039]
INFO  [mc_indi_tiltrotor] T0dbg1 G0=[-0.238 0.214 -0.096 0.580 -0.815] nu_des=[0.01 -0.08 -0.02 1.99 0.23]
INFO  [mc_indi_tiltrotor] T0dbg2 Ws34=[0.1 20.0] Wu0=1.0 du0=-0.0771 dmin0=-11.5966 dmax0=33.4034
INFO  [mc_indi_tiltrotor] T2dbg1 G2=[-0.000 -0.650 0.060 0.005 -1.000] G5=[-0.581 -0.648 -0.003 9.676 0.044]
INFO  [mc_indi_tiltrotor] T2dbg2 Wu25=[1.0 8.4] du25=[0.0398 0.0014] dmax25=[35.3239 0.0120] nu_yaw=-0.023
INFO  [mc_indi_tiltrotor] WRdbg0 Wu0=1 lo0=-11.60 du0=-0.0771 pin0=0.084 a0=[-0.010 -0.052 0.000 -0.001 -0.099]
INFO  [mc_indi_tiltrotor] WRdbg1 Wu1=1 lo1=-11.13 du1=-0.0732 pin1=0.056 a1=[0.009 -0.046 -0.001 0.001 -0.093]
INFO  [mc_indi_tiltrotor] T0dbg1 G0=[-0.235 0.211 -0.104 0.608 -0.794] nu_des=[0.00 -0.11 -0.03 3.21 0.35]
INFO  [mc_indi_tiltrotor] T0dbg2 Ws34=[0.1 20.0] Wu0=1.0 du0=-0.1495 dmin0=-10.4800 dmax0=34.5200
INFO  [mc_indi_tiltrotor] T2dbg1 G2=[-0.000 -0.650 0.060 0.007 -1.000] G5=[-0.582 -0.635 -0.004 9.699 0.067]
INFO  [mc_indi_tiltrotor] T2dbg2 Wu25=[1.0 8.3] du25=[0.0366 0.0024] dmax25=[35.3012 0.0120] nu_yaw=-0.031
INFO  [mc_indi_tiltrotor] WRdbg0 Wu0=1 lo0=-10.48 du0=-0.1495 pin0=0.081 a0=[-0.005 -0.073 0.000 -0.001 -0.152]
INFO  [mc_indi_tiltrotor] WRdbg1 Wu1=1 lo1=-9.98 du1=-0.1476 pin1=0.055 a1=[0.004 -0.065 -0.001 0.002 -0.143]
INFO  [mc_indi_tiltrotor] YWdbg nu2=-0.027 ach2=0.002 r=0.00 wsp2=-0.06 ddelta=[0.0120 0.0120 0.0018]
INFO  [mc_indi_tiltrotor] T0dbg1 G0=[-0.231 0.208 -0.112 0.635 -0.772] nu_des=[0.00 0.23 -0.03 4.45 0.33]
INFO  [mc_indi_tiltrotor] T0dbg2 Ws34=[0.1 20.0] Wu0=1.0 du0=0.0661 dmin0=-9.4735 dmax0=35.5265
INFO  [mc_indi_tiltrotor] T2dbg1 G2=[-0.001 -0.651 0.060 0.009 -1.000] G5=[-0.530 -0.564 -0.005 8.825 0.083]
INFO  [mc_indi_tiltrotor] T2dbg2 Wu25=[1.0 8.3] du25=[-0.3382 -0.0019] dmax25=[36.0000 0.0120] nu_yaw=-0.032
INFO  [mc_indi_tiltrotor] WRdbg0 Wu0=1 lo0=-9.47 du0=0.0661 pin0=0.000 a0=[-0.002 0.044 0.018 0.017 -0.011]
INFO  [mc_indi_tiltrotor] WRdbg1 Wu1=1 lo1=-8.94 du1=0.0436 pin1=0.000 a1=[0.003 0.083 -0.018 0.016 -0.039]
INFO  [mc_indi_tiltrotor] T0dbg1 G0=[-0.227 0.205 -0.120 0.661 -0.750] nu_des=[-0.00 0.02 -0.03 5.13 0.27]
INFO  [mc_indi_tiltrotor] T0dbg2 Ws34=[0.1 20.0] Wu0=1.0 du0=-0.0308 dmin0=-8.5019 dmax0=36.0000
INFO  [mc_indi_tiltrotor] T2dbg1 G2=[-0.001 -0.651 0.060 0.013 -1.000] G5=[-0.483 -0.497 -0.006 8.056 0.103]
INFO  [mc_indi_tiltrotor] T2dbg2 Wu25=[1.0 8.2] du25=[-0.0785 0.0013] dmax25=[36.0000 0.0120] nu_yaw=-0.028
INFO  [mc_indi_tiltrotor] WRdbg0 Wu0=1 lo0=-8.50 du0=-0.0308 pin0=0.076 a0=[0.006 0.011 0.000 -0.001 -0.123]
INFO  [mc_indi_tiltrotor] WRdbg1 Wu1=1 lo1=-7.96 du1=-0.0568 pin1=0.051 a1=[-0.005 0.010 -0.001 0.002 -0.114]
INFO  [mc_indi_tiltrotor] YWdbg nu2=-0.079 ach2=-0.171 r=0.01 wsp2=-0.06 ddelta=[-0.0120 -0.0120 -0.0120]
INFO  [mc_indi_tiltrotor] T0dbg1 G0=[-0.225 0.203 -0.125 0.675 -0.738] nu_des=[-0.00 4.94 -0.33 8.20 1.97]
INFO  [mc_indi_tiltrotor] T0dbg2 Ws34=[0.1 20.0] Wu0=1.0 du0=2.6049 dmin0=-5.6115 dmax0=36.0000
INFO  [mc_indi_tiltrotor] T2dbg1 G2=[-0.001 -0.651 0.060 0.016 -1.000] G5=[-0.791 -0.789 -0.012 13.179 0.205]
INFO  [mc_indi_tiltrotor] T2dbg2 Wu25=[1.0 1000000.0] du25=[-5.9544 -0.0120] dmax25=[31.8189 0.0120] nu_yaw=-0.330
INFO  [mc_indi_tiltrotor] WRdbg0 Wu0=1 lo0=-5.61 du0=2.6049 pin0=-0.039 a0=[0.006 3.554 0.000 0.000 -0.917]
INFO  [mc_indi_tiltrotor] WRdbg1 Wu1=1 lo1=-5.23 du1=2.3494 pin1=-0.062 a1=[-0.005 3.267 -0.000 0.000 -0.850]
INFO  [mc_indi_tiltrotor] T0dbg1 G0=[-0.224 0.202 -0.126 0.679 -0.735] nu_des=[0.01 4.57 -0.21 3.65 2.02]
INFO  [mc_indi_tiltrotor] T0dbg2 Ws34=[0.1 20.0] Wu0=1.0 du0=2.2676 dmin0=-9.4175 dmax0=35.5825
INFO  [mc_indi_tiltrotor] T2dbg1 G2=[-0.001 -0.651 0.060 0.013 -1.000] G5=[-0.913 -0.940 -0.012 15.217 0.192]
INFO  [mc_indi_tiltrotor] T2dbg2 Wu25=[1.0 1000000.0] du25=[-5.5772 -0.0120] dmax25=[29.7823 0.0120] nu_yaw=-0.213
INFO  [mc_indi_tiltrotor] WRdbg0 Wu0=1 lo0=-9.42 du0=2.2676 pin0=-0.073 a0=[-0.017 3.304 0.000 0.000 -0.947]
INFO  [mc_indi_tiltrotor] WRdbg1 Wu1=1 lo1=-8.76 du1=2.0880 pin1=-0.091 a1=[0.015 3.042 -0.000 0.000 -0.878]
INFO  [mc_indi_tiltrotor] YWdbg nu2=-0.110 ach2=-0.310 r=0.02 wsp2=-0.09 ddelta=[-0.0120 -0.0120 -0.0102]
INFO  [mc_indi_tiltrotor] T0dbg1 G0=[-0.224 0.202 -0.127 0.682 -0.731] nu_des=[-0.00 4.83 -0.19 3.89 3.34]
INFO  [mc_indi_tiltrotor] T0dbg2 Ws34=[0.1 20.0] Wu0=1.0 du0=1.8619 dmin0=-9.2481 dmax0=35.7519
INFO  [mc_indi_tiltrotor] T2dbg1 G2=[-0.001 -0.651 0.060 0.010 -1.000] G5=[-0.651 -0.687 -0.007 10.858 0.113]
INFO  [mc_indi_tiltrotor] T2dbg2 Wu25=[1.0 1000000.0] du25=[-6.2422 -0.0104] dmax25=[34.1415 0.0120] nu_yaw=-0.191
INFO  [mc_indi_tiltrotor] WRdbg0 Wu0=1 lo0=-9.25 du0=1.8619 pin0=-0.078 a0=[0.008 3.502 0.000 0.000 -1.571]
INFO  [mc_indi_tiltrotor] WRdbg1 Wu1=1 lo1=-8.50 du1=1.6856 pin1=-0.079 a1=[-0.008 3.229 -0.000 0.000 -1.457]
INFO  [mc_indi_tiltrotor] T0dbg1 G0=[-0.223 0.201 -0.128 0.685 -0.728] nu_des=[-0.01 -2.38 0.14 4.75 1.79]
INFO  [mc_indi_tiltrotor] T0dbg2 Ws34=[0.1 20.0] Wu0=1.0 du0=-2.4845 dmin0=-8.5226 dmax0=36.0000
INFO  [mc_indi_tiltrotor] T2dbg1 G2=[-0.001 -0.651 0.060 0.010 -1.000] G5=[-0.461 -0.489 -0.005 7.679 0.075]
INFO  [mc_indi_tiltrotor] T2dbg2 Wu25=[1.0 1000000.0] du25=[2.0731 0.0120] dmax25=[36.0000 0.0120] nu_yaw=0.137
INFO  [mc_indi_tiltrotor] WRdbg0 Wu0=1 lo0=-8.52 du0=-2.4845 pin0=0.073 a0=[0.018 -1.730 -0.000 0.000 -0.846]
INFO  [mc_indi_tiltrotor] WRdbg1 Wu1=1 lo1=-7.73 du1=-2.3272 pin1=0.072 a1=[-0.016 -1.597 0.000 0.000 -0.785]
INFO  [mc_indi_tiltrotor] YWdbg nu2=0.118 ach2=0.495 r=-0.00 wsp2=-0.11 ddelta=[0.0120 0.0120 0.0120]
INFO  [mc_indi_tiltrotor] T0dbg1 G0=[-0.223 0.201 -0.129 0.689 -0.725] nu_des=[-0.00 -4.36 0.08 6.24 2.86]
INFO  [mc_indi_tiltrotor] T0dbg2 Ws34=[0.1 20.0] Wu0=1.0 du0=-4.4791 dmin0=-7.1369 dmax0=36.0000
INFO  [mc_indi_tiltrotor] T2dbg1 G2=[-0.001 -0.651 0.060 0.011 -1.000] G5=[-0.768 -0.804 -0.008 12.794 0.140]
INFO  [mc_indi_tiltrotor] T2dbg2 Wu25=[1.0 1000000.0] du25=[3.9090 0.0120] dmax25=[32.2055 0.0120] nu_yaw=0.078
INFO  [mc_indi_tiltrotor] WRdbg0 Wu0=1 lo0=-7.14 du0=-4.4791 pin0=0.056 a0=[0.011 -3.190 -0.000 0.000 -1.356]
INFO  [mc_indi_tiltrotor] WRdbg1 Wu1=1 lo1=-6.51 du1=-4.1432 pin1=0.074 a1=[-0.010 -2.947 0.000 0.000 -1.261]
INFO  [mc_indi_tiltrotor] T0dbg1 G0=[-0.222 0.200 -0.130 0.693 -0.721] nu_des=[0.00 -0.02 -0.13 8.08 2.71]
INFO  [mc_indi_tiltrotor] T0dbg2 Ws34=[0.1 20.0] Wu0=1.0 du0=-1.2673 dmin0=-5.5127 dmax0=36.0000
INFO  [mc_indi_tiltrotor] T2dbg1 G2=[-0.001 -0.651 0.060 0.012 -1.000] G5=[-0.954 -0.989 -0.011 15.895 0.190]
INFO  [mc_indi_tiltrotor] T2dbg2 Wu25=[1.0 8.1] du25=[-0.7732 0.0080] dmax25=[29.1040 0.0120] nu_yaw=-0.128
INFO  [mc_indi_tiltrotor] WRdbg0 Wu0=1 lo0=-5.51 du0=-1.2673 pin0=0.054 a0=[-0.006 -0.012 0.007 -0.006 -1.304]
INFO  [mc_indi_tiltrotor] WRdbg1 Wu1=1 lo1=-5.04 du1=-1.1468 pin1=0.037 a1=[0.005 -0.010 -0.015 0.012 -1.176]
INFO  [mc_indi_tiltrotor] YWdbg nu2=-0.207 ach2=-0.189 r=0.01 wsp2=-0.13 ddelta=[-0.0085 -0.0063 -0.0120]
INFO  [mc_indi_tiltrotor] T0dbg1 G0=[-0.221 0.200 -0.131 0.696 -0.718] nu_des=[0.01 5.01 -0.26 6.98 2.05]
INFO  [mc_indi_tiltrotor] T0dbg2 Ws34=[0.1 20.0] Wu0=1.0 du0=2.6468 dmin0=-6.4041 dmax0=36.0000
INFO  [mc_indi_tiltrotor] T2dbg1 G2=[-0.001 -0.651 0.060 0.011 -1.000] G5=[-0.850 -0.890 -0.009 14.168 0.157]
INFO  [mc_indi_tiltrotor] T2dbg2 Wu25=[1.0 1000000.0] du25=[-6.0449 -0.0111] dmax25=[30.8310 0.0120] nu_yaw=-0.256
INFO  [mc_indi_tiltrotor] WRdbg0 Wu0=1 lo0=-6.40 du0=2.6468 pin0=-0.049 a0=[-0.021 3.699 0.000 0.000 -0.982]
INFO  [mc_indi_tiltrotor] WRdbg1 Wu1=1 lo1=-5.83 du1=2.4567 pin1=-0.072 a1=[0.019 3.424 -0.000 0.000 -0.914]
INFO  [mc_indi_tiltrotor] T0dbg1 G0=[-0.221 0.199 -0.132 0.699 -0.716] nu_des=[-0.00 4.08 -0.13 3.13 2.94]
INFO  [mc_indi_tiltrotor] T0dbg2 Ws34=[0.1 20.0] Wu0=1.0 du0=1.5339 dmin0=-9.5136 dmax0=35.4864
INFO  [mc_indi_tiltrotor] T2dbg1 G2=[-0.001 -0.651 0.060 0.010 -1.000] G5=[-0.648 -0.685 -0.007 10.796 0.108]
INFO  [mc_indi_tiltrotor] T2dbg2 Wu25=[1.0 1000000.0] du25=[-5.3006 -0.0100] dmax25=[34.2035 0.0120] nu_yaw=-0.132
INFO  [mc_indi_tiltrotor] WRdbg0 Wu0=1 lo0=-9.51 du0=1.5339 pin0=-0.085 a0=[0.011 3.020 0.000 0.000 -1.412]
INFO  [mc_indi_tiltrotor] WRdbg1 Wu1=1 lo1=-8.67 du1=1.3871 pin1=-0.087 a1=[-0.010 2.800 -0.000 0.000 -1.317]
INFO  [mc_indi_tiltrotor] YWdbg nu2=-0.200 ach2=-0.471 r=0.03 wsp2=-0.15 ddelta=[-0.0120 -0.0120 -0.0103]
INFO  [mc_indi_tiltrotor] T0dbg1 G0=[-0.220 0.199 -0.133 0.701 -0.713] nu_des=[-0.01 -2.41 0.07 2.30 1.80]
INFO  [mc_indi_tiltrotor] T0dbg2 Ws34=[0.1 20.0] Wu0=1.0 du0=-2.5363 dmin0=-10.1201 dmax0=34.8799
INFO  [mc_indi_tiltrotor] T2dbg1 G2=[-0.001 -0.651 0.060 0.010 -1.000] G5=[-0.572 -0.608 -0.006 9.534 0.092]
INFO  [mc_indi_tiltrotor] T2dbg2 Wu25=[1.0 1000000.0] du25=[2.0955 0.0120] dmax25=[35.4656 0.0120] nu_yaw=0.072
INFO  [mc_indi_tiltrotor] WRdbg0 Wu0=1 lo0=-10.12 du0=-2.5363 pin0=0.091 a0=[0.031 -1.791 -0.000 0.000 -0.868]
INFO  [mc_indi_tiltrotor] WRdbg1 Wu1=1 lo1=-9.23 du1=-2.4063 pin1=0.093 a1=[-0.028 -1.662 0.000 0.000 -0.810]
INFO  [mc_indi_tiltrotor] T0dbg1 G0=[-0.220 0.198 -0.134 0.705 -0.710] nu_des=[-0.00 -4.34 0.05 4.86 2.90]
INFO  [mc_indi_tiltrotor] T0dbg2 Ws34=[0.1 20.0] Wu0=1.0 du0=-4.5714 dmin0=-7.9414 dmax0=36.0000
INFO  [mc_indi_tiltrotor] T2dbg1 G2=[-0.001 -0.651 0.060 0.011 -1.000] G5=[-0.864 -0.907 -0.009 14.396 0.155]
INFO  [mc_indi_tiltrotor] T2dbg2 Wu25=[1.0 1000000.0] du25=[3.8541 0.0120] dmax25=[30.6031 0.0120] nu_yaw=0.048
INFO  [mc_indi_tiltrotor] WRdbg0 Wu0=1 lo0=-7.94 du0=-4.5714 pin0=0.065 a0=[0.005 -3.240 -0.000 0.000 -1.401]
INFO  [mc_indi_tiltrotor] WRdbg1 Wu1=1 lo1=-7.27 du1=-4.2358 pin1=0.089 a1=[-0.005 -3.010 0.000 0.000 -1.310]
INFO  [mc_indi_tiltrotor] YWdbg nu2=0.068 ach2=0.340 r=0.01 wsp2=-0.17 ddelta=[0.0120 0.0120 0.0120]
INFO  [mc_indi_tiltrotor] T0dbg1 G0=[-0.219 0.198 -0.135 0.709 -0.706] nu_des=[0.01 0.37 -0.16 7.60 2.50]
INFO  [mc_indi_tiltrotor] T0dbg2 Ws34=[0.1 20.0] Wu0=1.0 du0=-0.9033 dmin0=-5.7068 dmax0=36.0000
INFO  [mc_indi_tiltrotor] T2dbg1 G2=[-0.001 -0.651 0.060 0.012 -1.000] G5=[-1.024 -1.064 -0.012 17.067 0.201]
INFO  [mc_indi_tiltrotor] T2dbg2 Wu25=[1.0 8.0] du25=[-1.1250 -0.0035] dmax25=[27.9322 0.0120] nu_yaw=-0.157
INFO  [mc_indi_tiltrotor] WRdbg0 Wu0=1 lo0=-5.71 du0=-0.9033 pin0=0.059 a0=[-0.024 0.291 0.012 -0.006 -1.234]
INFO  [mc_indi_tiltrotor] WRdbg1 Wu1=1 lo1=-5.16 du1=-0.8247 pin1=0.042 a1=[0.019 0.232 -0.023 0.013 -1.107]
INFO  [mc_indi_tiltrotor] T0dbg1 G0=[-0.218 0.197 -0.136 0.711 -0.703] nu_des=[0.01 4.80 -0.25 6.01 1.96]
INFO  [mc_indi_tiltrotor] T0dbg2 Ws34=[0.1 20.0] Wu0=1.0 du0=2.5821 dmin0=-6.9395 dmax0=36.0000
INFO  [mc_indi_tiltrotor] T2dbg1 G2=[-0.001 -0.651 0.060 0.011 -1.000] G5=[-0.914 -0.959 -0.010 15.229 0.165]
INFO  [mc_indi_tiltrotor] T2dbg2 Wu25=[1.0 1000000.0] du25=[-5.7728 -0.0108] dmax25=[29.7697 0.0120] nu_yaw=-0.250
INFO  [mc_indi_tiltrotor] WRdbg0 Wu0=1 lo0=-6.94 du0=2.5821 pin0=-0.057 a0=[-0.014 3.613 0.000 0.000 -0.960]
INFO  [mc_indi_tiltrotor] WRdbg1 Wu1=1 lo1=-6.30 du1=2.3957 pin1=-0.082 a1=[0.013 3.363 -0.000 0.000 -0.899]
INFO  [mc_indi_tiltrotor] YWdbg nu2=-0.071 ach2=0.186 r=0.01 wsp2=-0.19 ddelta=[0.0120 0.0120 0.0120]
INFO  [mc_indi_tiltrotor] T0dbg1 G0=[-0.218 0.197 -0.136 0.713 -0.701] nu_des=[-0.01 4.14 -0.16 2.27 3.00]
INFO  [mc_indi_tiltrotor] T0dbg2 Ws34=[0.1 20.0] Wu0=1.0 du0=1.5876 dmin0=-9.8528 dmax0=35.1472
INFO  [mc_indi_tiltrotor] T2dbg1 G2=[-0.001 -0.651 0.060 0.010 -1.000] G5=[-0.734 -0.777 -0.007 12.237 0.122]
INFO  [mc_indi_tiltrotor] T2dbg2 Wu25=[1.0 1000000.0] du25=[-5.3807 -0.0100] dmax25=[32.7628 0.0120] nu_yaw=-0.163
INFO  [mc_indi_tiltrotor] WRdbg0 Wu0=1 lo0=-9.85 du0=1.5876 pin0=-0.091 a0=[0.016 3.131 0.000 0.000 -1.468]
INFO  [mc_indi_tiltrotor] WRdbg1 Wu1=1 lo1=-8.95 du1=1.4296 pin1=-0.098 a1=[-0.015 2.919 -0.000 0.000 -1.376]
INFO  [mc_indi_tiltrotor] T0dbg1 G0=[-0.218 0.197 -0.137 0.716 -0.698] nu_des=[-0.01 -2.45 0.04 1.69 1.82]
INFO  [mc_indi_tiltrotor] T0dbg2 Ws34=[0.1 20.0] Wu0=1.0 du0=-2.6280 dmin0=-10.2508 dmax0=34.7492
INFO  [mc_indi_tiltrotor] T2dbg1 G2=[-0.001 -0.651 0.060 0.009 -1.000] G5=[-0.651 -0.693 -0.006 10.845 0.101]
INFO  [mc_indi_tiltrotor] T2dbg2 Wu25=[1.0 1000000.0] du25=[2.1220 0.0120] dmax25=[34.1550 0.0120] nu_yaw=0.040
INFO  [mc_indi_tiltrotor] WRdbg0 Wu0=1 lo0=-10.25 du0=-2.6280 pin0=0.096 a0=[0.027 -1.858 -0.000 0.000 -0.893]
INFO  [mc_indi_tiltrotor] WRdbg1 Wu1=1 lo1=-9.33 du1=-2.4947 pin1=0.104 a1=[-0.025 -1.736 0.000 0.000 -0.839]
INFO  [mc_indi_tiltrotor] YWdbg nu2=-0.250 ach2=-0.436 r=0.02 wsp2=-0.20 ddelta=[-0.0120 -0.0120 -0.0107]
INFO  [mc_indi_tiltrotor] T0dbg1 G0=[-0.217 0.196 -0.138 0.719 -0.695] nu_des=[0.01 -4.25 0.02 4.48 2.76]
INFO  [mc_indi_tiltrotor] T0dbg2 Ws34=[0.1 20.0] Wu0=1.0 du0=-4.5544 dmin0=-8.0008 dmax0=36.0000
INFO  [mc_indi_tiltrotor] T2dbg1 G2=[-0.001 -0.651 0.060 0.010 -1.000] G5=[-0.922 -0.973 -0.010 15.368 0.159]
INFO  [mc_indi_tiltrotor] T2dbg2 Wu25=[1.0 1000000.0] du25=[3.7685 0.0120] dmax25=[29.6315 0.0120] nu_yaw=0.022
INFO  [mc_indi_tiltrotor] WRdbg0 Wu0=1 lo0=-8.00 du0=-4.5544 pin0=0.068 a0=[-0.022 -3.236 -0.000 0.000 -1.364]
INFO  [mc_indi_tiltrotor] WRdbg1 Wu1=1 lo1=-7.23 du1=-4.1906 pin1=0.097 a1=[0.020 -3.025 0.000 0.000 -1.283]
INFO  [mc_indi_tiltrotor] T0dbg1 G0=[-0.216 0.195 -0.139 0.723 -0.691] nu_des=[0.02 0.54 -0.17 7.08 2.52]
INFO  [mc_indi_tiltrotor] T0dbg2 Ws34=[0.1 20.0] Wu0=1.0 du0=-0.7993 dmin0=-5.9199 dmax0=36.0000
INFO  [mc_indi_tiltrotor] T2dbg1 G2=[-0.001 -0.651 0.060 0.012 -1.000] G5=[-1.107 -1.153 -0.013 18.453 0.214]
INFO  [mc_indi_tiltrotor] T2dbg2 Wu25=[1.0 7.9] du25=[-1.3153 -0.0098] dmax25=[26.5461 0.0120] nu_yaw=-0.174
INFO  [mc_indi_tiltrotor] WRdbg0 Wu0=1 lo0=-5.92 du0=-0.7993 pin0=0.064 a0=[-0.038 0.439 0.016 -0.007 -1.274]
INFO  [mc_indi_tiltrotor] WRdbg1 Wu1=1 lo1=-5.32 du1=-0.7347 pin1=0.047 a1=[0.029 0.344 -0.033 0.014 -1.135]
INFO  [mc_indi_tiltrotor] YWdbg nu2=-0.068 ach2=-0.117 r=0.02 wsp2=-0.23 ddelta=[-0.0073 0.0120 -0.0094]
INFO  [mc_indi_tiltrotor] T0dbg1 G0=[-0.216 0.195 -0.140 0.725 -0.688] nu_des=[0.01 4.86 -0.27 5.79 2.02]
INFO  [mc_indi_tiltrotor] T0dbg2 Ws34=[0.1 20.0] Wu0=1.0 du0=2.6460 dmin0=-6.8885 dmax0=36.0000
INFO  [mc_indi_tiltrotor] T2dbg1 G2=[-0.001 -0.651 0.060 0.011 -1.000] G5=[-0.990 -1.041 -0.011 16.508 0.176]
INFO  [mc_indi_tiltrotor] T2dbg2 Wu25=[1.0 1000000.0] du25=[-5.8404 -0.0107] dmax25=[28.4913 0.0120] nu_yaw=-0.272
INFO  [mc_indi_tiltrotor] WRdbg0 Wu0=1 lo0=-6.89 du0=2.6460 pin0=-0.059 a0=[-0.024 3.733 0.000 0.000 -1.005]
INFO  [mc_indi_tiltrotor] WRdbg1 Wu1=1 lo1=-6.21 du1=2.4839 pin1=-0.089 a1=[0.022 3.499 -0.000 0.000 -0.948]
INFO  [mc_indi_tiltrotor] T0dbg1 G0=[-0.215 0.195 -0.141 0.727 -0.687] nu_des=[-0.01 3.88 -0.16 2.18 2.95]
INFO  [mc_indi_tiltrotor] T0dbg2 Ws34=[0.1 20.0] Wu0=1.0 du0=1.4482 dmin0=-9.5900 dmax0=35.4100
INFO  [mc_indi_tiltrotor] T2dbg1 G2=[-0.001 -0.651 0.060 0.010 -1.000] G5=[-0.784 -0.833 -0.008 13.068 0.126]
INFO  [mc_indi_tiltrotor] T2dbg2 Wu25=[1.0 1000000.0] du25=[-5.0743 -0.0096] dmax25=[31.9312 0.0120] nu_yaw=-0.160
INFO  [mc_indi_tiltrotor] WRdbg0 Wu0=1 lo0=-9.59 du0=1.4482 pin0=-0.093 a0=[0.021 2.992 0.000 0.000 -1.472]
INFO  [mc_indi_tiltrotor] WRdbg1 Wu1=1 lo1=-8.75 du1=1.2967 pin1=-0.104 a1=[-0.019 2.810 -0.000 0.000 -1.390]
INFO  [mc_indi_tiltrotor] YWdbg nu2=0.043 ach2=0.418 r=0.01 wsp2=-0.24 ddelta=[0.0120 0.0120 0.0120]
INFO  [mc_indi_tiltrotor] T0dbg1 G0=[-0.215 0.194 -0.141 0.730 -0.684] nu_des=[-0.02 -2.45 0.01 -13.14 1.80]
INFO  [mc_indi_tiltrotor] T0dbg2 Ws34=[0.1 20.0] Wu0=1.0 du0=-2.6677 dmin0=-9.7913 dmax0=35.2087
INFO  [mc_indi_tiltrotor] T2dbg1 G2=[-0.001 -0.651 0.060 0.009 -1.000] G5=[-0.690 -0.735 -0.006 11.499 0.108]
INFO  [mc_indi_tiltrotor] T2dbg2 Wu25=[1.0 1000000.0] du25=[2.1116 0.0120] dmax25=[33.5008 0.0120] nu_yaw=0.014
INFO  [mc_indi_tiltrotor] WRdbg0 Wu0=1 lo0=-9.79 du0=-2.6677 pin0=0.094 a0=[0.038 -1.896 -0.000 -0.000 -0.904]
INFO  [mc_indi_tiltrotor] WRdbg1 Wu1=1 lo1=-8.93 du1=-2.5647 pin1=0.109 a1=[-0.035 -1.784 0.000 -0.000 -0.855]
INFO  [mc_indi_tiltrotor] back-transition: state 0 -> 1 (v_h=15.3, v_fwd=+15.3 m/s, ceil=46.9 deg)
INFO  [mc_indi_tiltrotor] T0dbg1 G0=[-0.217 0.196 -0.138 0.719 -0.695] nu_des=[-0.01 -2.57 -0.04 -8.09 1.55]
INFO  [mc_indi_tiltrotor] T0dbg2 Ws34=[0.1 20.0] Wu0=1.0 du0=-2.7185 dmin0=-6.0293 dmax0=36.0000
INFO  [mc_indi_tiltrotor] T2dbg1 G2=[-0.001 -0.651 0.060 0.009 -1.000] G5=[-0.808 -0.861 -0.008 13.459 0.125]
INFO  [mc_indi_tiltrotor] T2dbg2 Wu25=[1.0 1000000.0] du25=[2.3050 0.0120] dmax25=[31.5402 0.0120] nu_yaw=-0.038
INFO  [mc_indi_tiltrotor] WRdbg0 Wu0=1 lo0=-6.03 du0=-2.7185 pin0=-0.008 a0=[0.029 -1.970 0.000 -0.000 -0.769]
INFO  [mc_indi_tiltrotor] WRdbg1 Wu1=1 lo1=-5.45 du1=-2.5718 pin1=0.072 a1=[-0.027 -1.879 -0.000 -0.000 -0.737]
INFO  [mc_indi_tiltrotor] YWdbg nu2=-0.184 ach2=-0.004 r=0.02 wsp2=-0.26 ddelta=[-0.0009 0.0120 -0.0081]
INFO  [mc_indi_tiltrotor] T0dbg1 G0=[-0.219 0.198 -0.134 0.707 -0.707] nu_des=[-0.00 -2.21 -0.08 -7.48 1.72]
INFO  [mc_indi_tiltrotor] T0dbg2 Ws34=[0.1 20.0] Wu0=1.0 du0=-2.5175 dmin0=-5.5953 dmax0=36.0000
INFO  [mc_indi_tiltrotor] T2dbg1 G2=[-0.001 -0.651 0.060 0.010 -1.000] G5=[-0.900 -0.954 -0.009 15.003 0.149]
INFO  [mc_indi_tiltrotor] T2dbg2 Wu25=[1.0 1000000.0] du25=[1.8584 0.0120] dmax25=[29.9967 0.0120] nu_yaw=-0.084
INFO  [mc_indi_tiltrotor] WRdbg0 Wu0=1 lo0=-5.60 du0=-2.5175 pin0=-0.009 a0=[0.005 -1.668 0.000 -0.000 -0.845]
INFO  [mc_indi_tiltrotor] WRdbg1 Wu1=1 lo1=-5.04 du1=-2.3661 pin1=0.073 a1=[-0.005 -1.612 -0.000 -0.000 -0.822]
INFO  [mc_indi_tiltrotor] T0dbg1 G0=[-0.222 0.200 -0.130 0.694 -0.720] nu_des=[-0.01 -2.14 -0.09 -9.40 1.81]
INFO  [mc_indi_tiltrotor] T0dbg2 Ws34=[0.1 20.0] Wu0=1.0 du0=-2.4514 dmin0=-7.0418 dmax0=36.0000
INFO  [mc_indi_tiltrotor] T2dbg1 G2=[-0.001 -0.651 0.060 0.010 -1.000] G5=[-0.944 -1.000 -0.009 15.729 0.155]
INFO  [mc_indi_tiltrotor] T2dbg2 Wu25=[1.0 1000000.0] du25=[1.7602 0.0120] dmax25=[29.2704 0.0120] nu_yaw=-0.094
INFO  [mc_indi_tiltrotor] WRdbg0 Wu0=1 lo0=-7.04 du0=-2.4514 pin0=-0.007 a0=[0.025 -1.594 0.000 -0.000 -0.875]
INFO  [mc_indi_tiltrotor] WRdbg1 Wu1=1 lo1=-6.48 du1=-2.3619 pin1=0.087 a1=[-0.024 -1.562 -0.000 -0.000 -0.862]
INFO  [mc_indi_tiltrotor] YWdbg nu2=-0.150 ach2=0.078 r=0.02 wsp2=-0.30 ddelta=[-0.0005 0.0120 0.0120]
INFO  [mc_indi_tiltrotor] T0dbg1 G0=[-0.224 0.202 -0.127 0.682 -0.731] nu_des=[-0.01 -0.41 -0.16 -8.37 1.49]
INFO  [mc_indi_tiltrotor] T0dbg2 Ws34=[0.1 20.0] Wu0=1.0 du0=-1.0074 dmin0=-6.2865 dmax0=36.0000
INFO  [mc_indi_tiltrotor] T2dbg1 G2=[-0.001 -0.651 0.060 0.010 -1.000] G5=[-0.968 -1.023 -0.010 16.139 0.165]
INFO  [mc_indi_tiltrotor] T2dbg2 Wu25=[1.0 7.9] du25=[-0.0071 0.0084] dmax25=[28.8602 0.0120] nu_yaw=-0.157
INFO  [mc_indi_tiltrotor] WRdbg0 Wu0=1 lo0=-6.29 du0=-1.0074 pin0=0.001 a0=[0.018 -0.317 0.011 0.006 -0.727]
INFO  [mc_indi_tiltrotor] WRdbg1 Wu1=1 lo1=-5.80 du1=-0.9780 pin1=0.020 a1=[-0.015 -0.266 -0.025 -0.014 -0.678]
INFO  [mc_indi_tiltrotor] T0dbg1 G0=[-0.226 0.203 -0.123 0.672 -0.741] nu_des=[0.01 -0.13 -0.16 -6.64 0.21]
INFO  [mc_indi_tiltrotor] T0dbg2 Ws34=[0.1 20.0] Wu0=1.0 du0=-0.2269 dmin0=-5.1962 dmax0=36.0000
INFO  [mc_indi_tiltrotor] T2dbg1 G2=[-0.000 -0.650 0.060 0.002 -1.000] G5=[-0.785 -0.902 -0.001 13.087 0.021]
INFO  [mc_indi_tiltrotor] T2dbg2 Wu25=[1.0 1000000.0] du25=[0.0726 -0.0016] dmax25=[31.9125 0.0120] nu_yaw=-0.162
INFO  [mc_indi_tiltrotor] WRdbg0 Wu0=1 lo0=-5.20 du0=-0.2269 pin0=-0.021 a0=[-0.014 -0.094 0.000 -0.000 -0.098]
INFO  [mc_indi_tiltrotor] WRdbg1 Wu1=1 lo1=-4.75 du1=-0.2201 pin1=-0.043 a1=[0.014 -0.093 -0.000 -0.000 -0.097]
INFO  [mc_indi_tiltrotor] YWdbg nu2=-0.185 ach2=-0.002 r=0.02 wsp2=-0.32 ddelta=[-0.0048 -0.0120 -0.0004]
INFO  [mc_indi_tiltrotor] T0dbg1 G0=[-0.228 0.205 -0.120 0.659 -0.752] nu_des=[-0.00 0.01 -0.17 -6.48 -0.21]
INFO  [mc_indi_tiltrotor] T0dbg2 Ws34=[0.1 20.0] Wu0=1.0 du0=0.0851 dmin0=-5.2974 dmax0=36.0000
INFO  [mc_indi_tiltrotor] T2dbg1 G2=[-0.000 -0.650 0.060 0.000 -1.000] G5=[-0.855 -0.997 -0.000 14.254 0.001]
INFO  [mc_indi_tiltrotor] T2dbg2 Wu25=[1.0 1000000.0] du25=[0.0438 -0.0001] dmax25=[30.7458 0.0120] nu_yaw=-0.166
INFO  [mc_indi_tiltrotor] WRdbg0 Wu0=1 lo0=-5.30 du0=0.0851 pin0=-0.024 a0=[0.006 0.007 0.000 -0.000 0.097]
INFO  [mc_indi_tiltrotor] WRdbg1 Wu1=1 lo1=-4.76 du1=0.0593 pin1=-0.037 a1=[-0.005 0.007 -0.000 -0.000 0.095]
INFO  [mc_indi_tiltrotor] T0dbg1 G0=[-0.230 0.207 -0.116 0.646 -0.764] nu_des=[0.00 -0.00 -0.17 -9.46 -0.13]
INFO  [mc_indi_tiltrotor] T0dbg2 Ws34=[0.1 20.0] Wu0=1.0 du0=0.0138 dmin0=-7.9508 dmax0=36.0000
INFO  [mc_indi_tiltrotor] T2dbg1 G2=[-0.000 -0.650 0.060 0.000 -1.000] G5=[-0.960 -1.120 -0.000 16.000 0.000]
INFO  [mc_indi_tiltrotor] T2dbg2 Wu25=[1.0 1000000.0] du25=[0.0326 -0.0000] dmax25=[28.9998 0.0120] nu_yaw=-0.165
INFO  [mc_indi_tiltrotor] WRdbg0 Wu0=1 lo0=-7.95 du0=0.0138 pin0=-0.034 a0=[-0.008 -0.003 0.000 -0.000 0.060]
INFO  [mc_indi_tiltrotor] WRdbg1 Wu1=1 lo1=-7.27 du1=0.0114 pin1=-0.051 a1=[0.008 -0.003 -0.000 -0.000 0.058]
INFO  [mc_indi_tiltrotor] YWdbg nu2=-0.170 ach2=-0.017 r=0.02 wsp2=-0.35 ddelta=[-0.0049 -0.0120 -0.0000]
INFO  [mc_indi_tiltrotor] T0dbg1 G0=[-0.232 0.208 -0.112 0.632 -0.775] nu_des=[0.01 0.02 -0.17 -10.16 -0.07]
INFO  [mc_indi_tiltrotor] T0dbg2 Ws34=[0.1 20.0] Wu0=1.0 du0=-0.0113 dmin0=-8.8558 dmax0=36.0000
INFO  [mc_indi_tiltrotor] T2dbg1 G2=[-0.000 -0.650 0.060 0.000 -1.000] G5=[-1.025 -1.196 -0.000 17.091 0.000]
INFO  [mc_indi_tiltrotor] T2dbg2 Wu25=[1.0 1000000.0] du25=[-0.0115 -0.0000] dmax25=[27.9086 0.0120] nu_yaw=-0.173
INFO  [mc_indi_tiltrotor] WRdbg0 Wu0=1 lo0=-8.86 du0=-0.0113 pin0=-0.036 a0=[-0.020 0.013 0.000 -0.000 0.032]
INFO  [mc_indi_tiltrotor] WRdbg1 Wu1=1 lo1=-8.11 du1=0.0100 pin1=-0.052 a1=[0.019 0.012 -0.000 -0.000 0.031]
INFO  [mc_indi_tiltrotor] T0dbg1 G0=[-0.234 0.210 -0.107 0.618 -0.786] nu_des=[0.00 0.09 -0.19 -9.94 -0.10]
INFO  [mc_indi_tiltrotor] T0dbg2 Ws34=[0.1 20.0] Wu0=1.0 du0=0.0625 dmin0=-9.0056 dmax0=35.9944
INFO  [mc_indi_tiltrotor] T2dbg1 G2=[-0.000 -0.650 0.060 0.000 -1.000] G5=[-1.056 -1.232 -0.000 17.605 0.000]
INFO  [mc_indi_tiltrotor] T2dbg2 Wu25=[1.0 1000000.0] du25=[-0.0830 -0.0000] dmax25=[27.3948 0.0120] nu_yaw=-0.188
INFO  [mc_indi_tiltrotor] WRdbg0 Wu0=1 lo0=-9.01 du0=0.0625 pin0=-0.039 a0=[-0.004 0.062 0.000 -0.000 0.043]
INFO  [mc_indi_tiltrotor] WRdbg1 Wu1=1 lo1=-8.25 du1=0.0568 pin1=-0.048 a1=[0.004 0.059 -0.000 -0.000 0.042]
INFO  [mc_indi_tiltrotor] YWdbg nu2=-0.186 ach2=-0.009 r=0.01 wsp2=-0.37 ddelta=[-0.0050 -0.0120 -0.0000]
INFO  [mc_indi_tiltrotor] T0dbg1 G0=[-0.235 0.212 -0.103 0.605 -0.797] nu_des=[0.01 0.05 -0.18 -9.92 -0.09]
INFO  [mc_indi_tiltrotor] T0dbg2 Ws34=[0.1 20.0] Wu0=1.0 du0=0.0163 dmin0=-9.3701 dmax0=35.6299
INFO  [mc_indi_tiltrotor] T2dbg1 G2=[-0.000 -0.650 0.060 0.000 -1.000] G5=[-1.087 -1.268 -0.000 18.114 0.000]
INFO  [mc_indi_tiltrotor] T2dbg2 Wu25=[1.0 1000000.0] du25=[-0.0396 -0.0000] dmax25=[26.8858 0.0120] nu_yaw=-0.183
INFO  [mc_indi_tiltrotor] WRdbg0 Wu0=1 lo0=-9.37 du0=0.0163 pin0=-0.038 a0=[-0.018 0.033 0.000 -0.000 0.040]
INFO  [mc_indi_tiltrotor] WRdbg1 Wu1=1 lo1=-8.61 du1=0.0412 pin1=-0.045 a1=[0.017 0.031 -0.000 -0.000 0.038]
INFO  [mc_indi_tiltrotor] T0dbg1 G0=[-0.237 0.213 -0.099 0.590 -0.807] nu_des=[-0.00 0.06 -0.20 -9.91 -0.08]
INFO  [mc_indi_tiltrotor] T0dbg2 Ws34=[0.1 20.0] Wu0=1.0 du0=0.0386 dmin0=-9.7752 dmax0=35.2248
INFO  [mc_indi_tiltrotor] T2dbg1 G2=[-0.000 -0.650 0.060 0.000 -1.000] G5=[-1.112 -1.297 -0.000 18.527 0.000]
INFO  [mc_indi_tiltrotor] T2dbg2 Wu25=[1.0 1000000.0] du25=[-0.0537 -0.0000] dmax25=[26.4725 0.0120] nu_yaw=-0.199
INFO  [mc_indi_tiltrotor] WRdbg0 Wu0=1 lo0=-9.78 du0=0.0386 pin0=-0.037 a0=[0.003 0.039 0.000 -0.000 0.034]
INFO  [mc_indi_tiltrotor] WRdbg1 Wu1=1 lo1=-9.01 du1=0.0246 pin1=-0.042 a1=[-0.003 0.037 -0.000 -0.000 0.033]
INFO  [mc_indi_tiltrotor] YWdbg nu2=-0.195 ach2=-0.007 r=0.01 wsp2=-0.39 ddelta=[-0.0050 -0.0120 -0.0000]
INFO  [mc_indi_tiltrotor] T0dbg1 G0=[-0.239 0.214 -0.095 0.576 -0.817] nu_des=[0.00 0.03 -0.20 -9.61 -0.05]
INFO  [mc_indi_tiltrotor] T0dbg2 Ws34=[0.1 20.0] Wu0=1.0 du0=0.0032 dmin0=-9.9346 dmax0=35.0654
INFO  [mc_indi_tiltrotor] T2dbg1 G2=[-0.000 -0.650 0.060 0.000 -1.000] G5=[-1.123 -1.310 -0.000 18.718 0.000]
INFO  [mc_indi_tiltrotor] T2dbg2 Wu25=[1.0 1000000.0] du25=[-0.0348 -0.0000] dmax25=[26.2818 0.0120] nu_yaw=-0.195
INFO  [mc_indi_tiltrotor] WRdbg0 Wu0=1 lo0=-9.93 du0=0.0032 pin0=-0.036 a0=[-0.004 0.022 0.000 -0.000 0.021]
INFO  [mc_indi_tiltrotor] WRdbg1 Wu1=1 lo1=-9.18 du1=0.0069 pin1=-0.038 a1=[0.004 0.021 -0.000 -0.000 0.020]
INFO  [mc_indi_tiltrotor] T0dbg1 G0=[-0.241 0.216 -0.091 0.562 -0.827] nu_des=[0.00 0.01 -0.20 -9.16 -0.03]
INFO  [mc_indi_tiltrotor] T0dbg2 Ws34=[0.1 20.0] Wu0=1.0 du0=-0.0116 dmin0=-9.9339 dmax0=35.0661
INFO  [mc_indi_tiltrotor] T2dbg1 G2=[-0.000 -0.650 0.060 0.000 -1.000] G5=[-1.130 -1.318 -0.000 18.830 0.000]
INFO  [mc_indi_tiltrotor] T2dbg2 Wu25=[1.0 1000000.0] du25=[-0.0201 -0.0000] dmax25=[26.1696 0.0120] nu_yaw=-0.203
INFO  [mc_indi_tiltrotor] WRdbg0 Wu0=1 lo0=-9.93 du0=-0.0116 pin0=-0.034 a0=[-0.000 0.010 0.000 -0.000 0.013]
INFO  [mc_indi_tiltrotor] WRdbg1 Wu1=1 lo1=-9.27 du1=-0.0113 pin1=-0.033 a1=[0.000 0.009 -0.000 -0.000 0.012]
INFO  [mc_indi_tiltrotor] YWdbg nu2=-0.199 ach2=-0.015 r=0.00 wsp2=-0.41 ddelta=[-0.0050 -0.0120 -0.0000]
INFO  [mc_indi_tiltrotor] T0dbg1 G0=[-0.242 0.217 -0.087 0.547 -0.837] nu_des=[0.00 0.08 -0.20 -8.88 -0.06]
INFO  [mc_indi_tiltrotor] T0dbg2 Ws34=[0.1 20.0] Wu0=1.0 du0=0.0329 dmin0=-10.1594 dmax0=34.8406
INFO  [mc_indi_tiltrotor] T2dbg1 G2=[-0.000 -0.650 0.060 0.000 -1.000] G5=[-1.133 -1.321 -0.000 18.877 0.000]
INFO  [mc_indi_tiltrotor] T2dbg2 Wu25=[1.0 1000000.0] du25=[-0.0895 -0.0000] dmax25=[26.1229 0.0120] nu_yaw=-0.201
INFO  [mc_indi_tiltrotor] WRdbg0 Wu0=1 lo0=-10.16 du0=0.0329 pin0=-0.036 a0=[-0.009 0.054 0.000 -0.000 0.024]
INFO  [mc_indi_tiltrotor] WRdbg1 Wu1=1 lo1=-9.53 du1=0.0530 pin1=-0.029 a1=[0.008 0.051 -0.000 -0.000 0.023]
INFO  [mc_indi_tiltrotor] T0dbg1 G0=[-0.244 0.218 -0.082 0.532 -0.847] nu_des=[-0.01 0.08 -0.20 -8.46 -0.03]
INFO  [mc_indi_tiltrotor] T0dbg2 Ws34=[0.1 20.0] Wu0=1.0 du0=0.0435 dmin0=-10.2293 dmax0=34.7707
INFO  [mc_indi_tiltrotor] T2dbg1 G2=[-0.000 -0.650 0.060 0.000 -1.000] G5=[-1.130 -1.318 -0.000 18.834 0.000]
INFO  [mc_indi_tiltrotor] T2dbg2 Wu25=[1.0 1000000.0] du25=[-0.0913 -0.0000] dmax25=[26.1658 0.0120] nu_yaw=-0.202
INFO  [mc_indi_tiltrotor] WRdbg0 Wu0=1 lo0=-10.23 du0=0.0435 pin0=-0.035 a0=[0.015 0.050 0.000 -0.000 0.013]
INFO  [mc_indi_tiltrotor] WRdbg1 Wu1=1 lo1=-9.70 du1=0.0210 pin1=-0.025 a1=[-0.014 0.048 0.000 -0.000 0.012]
INFO  [mc_indi_tiltrotor] YWdbg nu2=-0.202 ach2=-0.021 r=0.00 wsp2=-0.41 ddelta=[-0.0050 -0.0120 -0.0000]
INFO  [mc_indi_tiltrotor] T0dbg1 G0=[-0.245 0.219 -0.078 0.517 -0.856] nu_des=[0.00 0.05 -0.21 -7.94 -0.02]
INFO  [mc_indi_tiltrotor] T0dbg2 Ws34=[0.1 20.0] Wu0=1.0 du0=-0.0002 dmin0=-10.2143 dmax0=34.7858
INFO  [mc_indi_tiltrotor] T2dbg1 G2=[-0.000 -0.650 0.060 0.000 -1.000] G5=[-1.113 -1.299 -0.000 18.556 0.000]
INFO  [mc_indi_tiltrotor] T2dbg2 Wu25=[1.0 1000000.0] du25=[-0.0643 -0.0000] dmax25=[26.4441 0.0120] nu_yaw=-0.210
INFO  [mc_indi_tiltrotor] WRdbg0 Wu0=1 lo0=-10.21 du0=-0.0002 pin0=-0.033 a0=[-0.007 0.032 0.000 -0.000 0.008]
INFO  [mc_indi_tiltrotor] WRdbg1 Wu1=1 lo1=-9.79 du1=0.0249 pin1=-0.020 a1=[0.007 0.031 0.000 -0.000 0.007]
INFO  [mc_indi_tiltrotor] T0dbg1 G0=[-0.246 0.220 -0.074 0.502 -0.865] nu_des=[-0.01 0.03 -0.21 -7.41 -0.02]
INFO  [mc_indi_tiltrotor] T0dbg2 Ws34=[0.1 20.0] Wu0=1.0 du0=0.0117 dmin0=-10.1858 dmax0=34.8142
INFO  [mc_indi_tiltrotor] T2dbg1 G2=[-0.000 -0.650 0.060 0.000 -1.000] G5=[-1.092 -1.274 -0.000 18.200 0.000]
INFO  [mc_indi_tiltrotor] T2dbg2 Wu25=[1.0 1000000.0] du25=[-0.0378 -0.0000] dmax25=[26.7996 0.0120] nu_yaw=-0.205
INFO  [mc_indi_tiltrotor] WRdbg0 Wu0=1 lo0=-10.19 du0=0.0117 pin0=-0.031 a0=[0.016 0.018 0.000 -0.000 0.009]
INFO  [mc_indi_tiltrotor] WRdbg1 Wu1=1 lo1=-9.87 du1=-0.0040 pin1=-0.015 a1=[-0.015 0.017 0.000 -0.000 0.009]
INFO  [mc_indi_tiltrotor] YWdbg nu2=-0.201 ach2=-0.031 r=-0.00 wsp2=-0.41 ddelta=[-0.0050 -0.0120 -0.0000]
INFO  [mc_indi_tiltrotor] T0dbg1 G0=[-0.248 0.221 -0.069 0.487 -0.874] nu_des=[-0.00 -0.02 -0.20 -6.91 -0.02]
INFO  [mc_indi_tiltrotor] T0dbg2 Ws34=[0.1 20.0] Wu0=1.0 du0=-0.0303 dmin0=-10.2178 dmax0=34.7822
INFO  [mc_indi_tiltrotor] T2dbg1 G2=[-0.000 -0.650 0.060 0.000 -1.000] G5=[-1.072 -1.251 -0.000 17.871 0.000]
INFO  [mc_indi_tiltrotor] T2dbg2 Wu25=[1.0 1000000.0] du25=[0.0143 -0.0000] dmax25=[27.1293 0.0120] nu_yaw=-0.197
INFO  [mc_indi_tiltrotor] WRdbg0 Wu0=1 lo0=-10.22 du0=-0.0303 pin0=-0.030 a0=[0.004 -0.012 0.000 -0.000 0.007]
INFO  [mc_indi_tiltrotor] WRdbg1 Wu1=1 lo1=-10.02 du1=-0.0189 pin1=-0.010 a1=[-0.004 -0.012 0.000 -0.000 0.007]
INFO  [mc_indi_tiltrotor] T0dbg1 G0=[-0.249 0.222 -0.065 0.471 -0.882] nu_des=[-0.02 0.12 -0.19 -6.44 0.01]
INFO  [mc_indi_tiltrotor] T0dbg2 Ws34=[0.1 20.0] Wu0=1.0 du0=0.0765 dmin0=-10.3033 dmax0=34.6967
INFO  [mc_indi_tiltrotor] T2dbg1 G2=[-0.000 -0.650 0.060 0.000 -1.000] G5=[-1.051 -1.226 -0.000 17.508 0.000]
INFO  [mc_indi_tiltrotor] T2dbg2 Wu25=[1.0 1000000.0] du25=[-0.1461 -0.0000] dmax25=[27.4916 0.0120] nu_yaw=-0.193
INFO  [mc_indi_tiltrotor] WRdbg0 Wu0=1 lo0=-10.30 du0=0.0765 pin0=-0.031 a0=[0.038 0.072 0.000 -0.000 -0.002]
INFO  [mc_indi_tiltrotor] WRdbg1 Wu1=1 lo1=-10.27 du1=0.0271 pin1=-0.006 a1=[-0.035 0.070 0.000 -0.000 -0.002]
INFO  [mc_indi_tiltrotor] YWdbg nu2=-0.196 ach2=-0.018 r=-0.01 wsp2=-0.40 ddelta=[-0.0050 -0.0120 -0.0000]
INFO  [mc_indi_tiltrotor] T0dbg1 G0=[-0.250 0.223 -0.061 0.456 -0.890] nu_des=[-0.01 0.04 -0.19 -5.86 -0.01]
INFO  [mc_indi_tiltrotor] T0dbg2 Ws34=[0.1 20.0] Wu0=1.0 du0=0.0208 dmin0=-10.2622 dmax0=34.7378
INFO  [mc_indi_tiltrotor] T2dbg1 G2=[-0.000 -0.650 0.060 0.000 -1.000] G5=[-1.021 -1.192 -0.000 17.024 0.000]
INFO  [mc_indi_tiltrotor] T2dbg2 Wu25=[1.0 1000000.0] du25=[-0.0595 -0.0000] dmax25=[27.9761 0.0120] nu_yaw=-0.188
INFO  [mc_indi_tiltrotor] WRdbg0 Wu0=1 lo0=-10.26 du0=0.0208 pin0=-0.029 a0=[0.020 0.026 0.000 -0.000 0.003]
INFO  [mc_indi_tiltrotor] WRdbg1 Wu1=1 lo1=-10.42 du1=0.0100 pin1=-0.000 a1=[-0.019 0.026 0.000 -0.000 0.003]
INFO  [mc_indi_tiltrotor] T0dbg1 G0=[-0.251 0.224 -0.056 0.440 -0.898] nu_des=[-0.01 0.07 -0.19 -5.26 0.04]
INFO  [mc_indi_tiltrotor] T0dbg2 Ws34=[0.1 20.0] Wu0=1.0 du0=0.0120 dmin0=-10.1818 dmax0=34.8182
INFO  [mc_indi_tiltrotor] T2dbg1 G2=[-0.000 -0.650 0.060 0.000 -1.000] G5=[-0.984 -1.148 -0.000 16.399 0.000]
INFO  [mc_indi_tiltrotor] T2dbg2 Wu25=[1.0 1000000.0] du25=[-0.0999 -0.0000] dmax25=[28.6006 0.0120] nu_yaw=-0.191
INFO  [mc_indi_tiltrotor] WRdbg0 Wu0=1 lo0=-10.18 du0=0.0120 pin0=-0.028 a0=[0.012 0.041 0.000 -0.000 -0.014]
INFO  [mc_indi_tiltrotor] WRdbg1 Wu1=1 lo1=-10.50 du1=0.0207 pin1=0.005 a1=[-0.011 0.041 0.000 -0.000 -0.014]
INFO  [mc_indi_tiltrotor] YWdbg nu2=-0.183 ach2=-0.020 r=-0.02 wsp2=-0.38 ddelta=[-0.0050 -0.0120 -0.0000]
INFO  [mc_indi_tiltrotor] T0dbg1 G0=[-0.252 0.225 -0.052 0.424 -0.906] nu_des=[-0.01 0.04 -0.17 -4.72 0.02]
INFO  [mc_indi_tiltrotor] T0dbg2 Ws34=[0.1 20.0] Wu0=1.0 du0=0.0026 dmin0=-10.2632 dmax0=34.7368
INFO  [mc_indi_tiltrotor] T2dbg1 G2=[-0.000 -0.650 0.060 0.000 -1.000] G5=[-0.955 -1.115 -0.000 15.924 0.000]
INFO  [mc_indi_tiltrotor] T2dbg2 Wu25=[1.0 1000000.0] du25=[-0.0638 -0.0000] dmax25=[29.0765 0.0120] nu_yaw=-0.165
INFO  [mc_indi_tiltrotor] WRdbg0 Wu0=1 lo0=-10.26 du0=0.0026 pin0=-0.027 a0=[0.013 0.024 0.000 -0.000 -0.008]
INFO  [mc_indi_tiltrotor] WRdbg1 Wu1=1 lo1=-10.81 du1=0.0141 pin1=0.011 a1=[-0.012 0.024 0.000 -0.000 -0.008]
INFO  [mc_indi_tiltrotor] T0dbg1 G0=[-0.253 0.225 -0.047 0.408 -0.913] nu_des=[-0.01 0.01 -0.19 -4.32 -0.01]
INFO  [mc_indi_tiltrotor] T0dbg2 Ws34=[0.1 20.0] Wu0=1.0 du0=0.0040 dmin0=-10.5140 dmax0=34.4860
INFO  [mc_indi_tiltrotor] T2dbg1 G2=[-0.000 -0.650 0.060 0.000 -1.000] G5=[-0.936 -1.092 -0.000 15.604 0.000]
INFO  [mc_indi_tiltrotor] T2dbg2 Wu25=[1.0 1000000.0] du25=[-0.0108 0.0000] dmax25=[29.3962 0.0120] nu_yaw=-0.186
INFO  [mc_indi_tiltrotor] WRdbg0 Wu0=1 lo0=-10.51 du0=0.0040 pin0=-0.017 a0=[0.013 0.004 0.000 -0.000 0.004]
INFO  [mc_indi_tiltrotor] WRdbg1 Wu1=1 lo1=-11.19 du1=-0.0044 pin1=-0.000 a1=[-0.012 0.004 0.000 -0.000 0.004]
INFO  [mc_indi_tiltrotor] YWdbg nu2=-0.179 ach2=0.004 r=-0.01 wsp2=-0.35 ddelta=[-0.0050 -0.0010 -0.0000]
INFO  [mc_indi_tiltrotor] T0dbg1 G0=[-0.254 0.226 -0.043 0.392 -0.920] nu_des=[0.00 0.05 -0.17 -4.24 0.02]
INFO  [mc_indi_tiltrotor] T0dbg2 Ws34=[0.1 20.0] Wu0=1.0 du0=0.0012 dmin0=-10.8122 dmax0=34.1878
INFO  [mc_indi_tiltrotor] T2dbg1 G2=[-0.000 -0.650 0.060 0.000 -1.000] G5=[-0.909 -1.061 -0.000 15.155 0.000]
INFO  [mc_indi_tiltrotor] T2dbg2 Wu25=[1.0 1000000.0] du25=[-0.0717 -0.0000] dmax25=[29.8451 0.0120] nu_yaw=-0.173
INFO  [mc_indi_tiltrotor] WRdbg0 Wu0=1 lo0=-10.81 du0=0.0012 pin0=-0.015 a0=[-0.008 0.032 0.000 -0.000 -0.007]
INFO  [mc_indi_tiltrotor] WRdbg1 Wu1=1 lo1=-11.48 du1=0.0283 pin1=-0.005 a1=[0.008 0.033 0.000 -0.000 -0.007]
INFO  [mc_indi_tiltrotor] T0dbg1 G0=[-0.254 0.226 -0.038 0.376 -0.927] nu_des=[-0.01 0.05 -0.17 -4.15 0.00]
INFO  [mc_indi_tiltrotor] T0dbg2 Ws34=[0.1 20.0] Wu0=1.0 du0=0.0266 dmin0=-11.0334 dmax0=33.9666
INFO  [mc_indi_tiltrotor] T2dbg1 G2=[-0.000 -0.650 0.060 0.000 -1.000] G5=[-0.887 -1.035 -0.000 14.792 0.000]
INFO  [mc_indi_tiltrotor] T2dbg2 Wu25=[1.0 1000000.0] du25=[-0.0629 -0.0000] dmax25=[30.2084 0.0120] nu_yaw=-0.167
INFO  [mc_indi_tiltrotor] WRdbg0 Wu0=1 lo0=-11.03 du0=0.0266 pin0=-0.014 a0=[0.011 0.030 0.000 -0.000 -0.001]
INFO  [mc_indi_tiltrotor] WRdbg1 Wu1=1 lo1=-11.76 du1=0.0146 pin1=-0.005 a1=[-0.010 0.031 0.000 -0.000 -0.001]
INFO  [mc_indi_tiltrotor] YWdbg nu2=-0.167 ach2=0.011 r=-0.01 wsp2=-0.34 ddelta=[-0.0050 -0.0000 -0.0000]
INFO  [mc_indi_tiltrotor] T0dbg1 G0=[-0.255 0.227 -0.034 0.359 -0.933] nu_des=[0.00 0.02 -0.17 -4.05 0.02]
INFO  [mc_indi_tiltrotor] T0dbg2 Ws34=[0.1 20.0] Wu0=1.0 du0=-0.0160 dmin0=-11.2545 dmax0=33.7455
INFO  [mc_indi_tiltrotor] T2dbg1 G2=[-0.000 -0.650 0.060 0.000 -1.000] G5=[-0.869 -1.014 -0.000 14.486 0.000]
INFO  [mc_indi_tiltrotor] T2dbg2 Wu25=[1.0 1000000.0] du25=[-0.0255 -0.0000] dmax25=[30.5142 0.0120] nu_yaw=-0.173
INFO  [mc_indi_tiltrotor] WRdbg0 Wu0=1 lo0=-11.25 du0=-0.0160 pin0=-0.013 a0=[-0.006 0.009 0.000 -0.000 -0.006]
INFO  [mc_indi_tiltrotor] WRdbg1 Wu1=1 lo1=-11.97 du1=0.0043 pin1=-0.005 a1=[0.006 0.009 0.000 -0.000 -0.006]
INFO  [mc_indi_tiltrotor] T0dbg1 G0=[-0.255 0.227 -0.029 0.343 -0.939] nu_des=[0.00 0.02 -0.16 -3.93 0.03]
INFO  [mc_indi_tiltrotor] T0dbg2 Ws34=[0.1 20.0] Wu0=1.0 du0=-0.0138 dmin0=-11.4595 dmax0=33.5405
INFO  [mc_indi_tiltrotor] T2dbg1 G2=[-0.000 -0.650 0.060 0.000 -1.000] G5=[-0.851 -0.993 -0.000 14.179 0.000]
INFO  [mc_indi_tiltrotor] T2dbg2 Wu25=[1.0 1000000.0] du25=[-0.0304 -0.0000] dmax25=[30.8214 0.0120] nu_yaw=-0.163
INFO  [mc_indi_tiltrotor] WRdbg0 Wu0=1 lo0=-11.46 du0=-0.0138 pin0=-0.012 a0=[-0.002 0.010 0.000 -0.000 -0.010]
INFO  [mc_indi_tiltrotor] WRdbg1 Wu1=1 lo1=-12.19 du1=-0.0040 pin1=-0.005 a1=[0.002 0.010 0.000 -0.000 -0.011]
INFO  [mc_indi_tiltrotor] YWdbg nu2=-0.164 ach2=0.017 r=-0.00 wsp2=-0.34 ddelta=[-0.0050 -0.0000 0.0000]
INFO  [mc_indi_tiltrotor] T0dbg1 G0=[-0.256 0.228 -0.025 0.326 -0.945] nu_des=[-0.00 0.00 -0.17 -3.80 0.01]
INFO  [mc_indi_tiltrotor] T0dbg2 Ws34=[0.1 20.0] Wu0=1.0 du0=-0.0076 dmin0=-11.6495 dmax0=33.3505
INFO  [mc_indi_tiltrotor] T2dbg1 G2=[-0.000 -0.650 0.060 0.000 -1.000] G5=[-0.841 -0.982 -0.000 14.023 0.000]
INFO  [mc_indi_tiltrotor] T2dbg2 Wu25=[1.0 1000000.0] du25=[-0.0092 0.0000] dmax25=[30.9769 0.0120] nu_yaw=-0.174
INFO  [mc_indi_tiltrotor] WRdbg0 Wu0=1 lo0=-11.65 du0=-0.0076 pin0=-0.010 a0=[0.006 0.001 0.000 -0.000 -0.004]
INFO  [mc_indi_tiltrotor] WRdbg1 Wu1=1 lo1=-12.37 du1=-0.0142 pin1=-0.005 a1=[-0.006 0.001 0.000 -0.000 -0.005]
INFO  [mc_indi_tiltrotor] T0dbg1 G0=[-0.256 0.228 -0.020 0.310 -0.951] nu_des=[-0.00 0.05 -0.17 -3.69 -0.00]
INFO  [mc_indi_tiltrotor] T0dbg2 Ws34=[0.1 20.0] Wu0=1.0 du0=0.0192 dmin0=-11.9045 dmax0=33.0955
INFO  [mc_indi_tiltrotor] T2dbg1 G2=[-0.000 -0.650 0.060 0.000 -1.000] G5=[-0.830 -0.969 -0.000 13.839 0.000]
INFO  [mc_indi_tiltrotor] T2dbg2 Wu25=[1.0 1000000.0] du25=[-0.0597 -0.0000] dmax25=[31.1607 0.0120] nu_yaw=-0.170
INFO  [mc_indi_tiltrotor] WRdbg0 Wu0=1 lo0=-11.90 du0=0.0192 pin0=-0.011 a0=[0.001 0.028 0.000 -0.000 0.000]
INFO  [mc_indi_tiltrotor] WRdbg1 Wu1=1 lo1=-12.61 du1=0.0221 pin1=-0.006 a1=[-0.001 0.029 0.000 -0.000 0.000]
INFO  [mc_indi_tiltrotor] YWdbg nu2=-0.178 ach2=0.016 r=0.00 wsp2=-0.34 ddelta=[-0.0050 -0.0000 0.0000]
INFO  [mc_indi_tiltrotor] T0dbg1 G0=[-0.257 0.228 -0.016 0.293 -0.956] nu_des=[0.01 0.05 -0.17 -3.57 -0.02]
INFO  [mc_indi_tiltrotor] T0dbg2 Ws34=[0.1 20.0] Wu0=1.0 du0=0.0153 dmin0=-12.1801 dmax0=32.8199
INFO  [mc_indi_tiltrotor] T2dbg1 G2=[-0.000 -0.650 0.060 0.000 -1.000] G5=[-0.823 -0.960 -0.000 13.713 0.000]
INFO  [mc_indi_tiltrotor] T2dbg2 Wu25=[1.0 1000000.0] du25=[-0.0593 -0.0000] dmax25=[31.2868 0.0120] nu_yaw=-0.169
INFO  [mc_indi_tiltrotor] WRdbg0 Wu0=1 lo0=-12.18 du0=0.0153 pin0=-0.009 a0=[-0.013 0.030 0.000 -0.000 0.008]
INFO  [mc_indi_tiltrotor] WRdbg1 Wu1=1 lo1=-12.87 du1=0.0466 pin1=-0.006 a1=[0.013 0.031 0.000 -0.000 0.008]
INFO  [mc_indi_tiltrotor] T0dbg1 G0=[-0.257 0.228 -0.011 0.276 -0.961] nu_des=[-0.00 0.04 -0.18 -3.41 0.03]
INFO  [mc_indi_tiltrotor] T0dbg2 Ws34=[0.1 20.0] Wu0=1.0 du0=0.0069 dmin0=-12.3638 dmax0=32.6362
INFO  [mc_indi_tiltrotor] T2dbg1 G2=[-0.000 -0.650 0.060 0.000 -1.000] G5=[-0.814 -0.949 -0.000 13.563 0.000]
INFO  [mc_indi_tiltrotor] T2dbg2 Wu25=[1.0 1000000.0] du25=[-0.0563 -0.0000] dmax25=[31.4369 0.0120] nu_yaw=-0.182
INFO  [mc_indi_tiltrotor] WRdbg0 Wu0=1 lo0=-12.36 du0=0.0069 pin0=-0.008 a0=[0.005 0.022 0.000 -0.000 -0.012]
INFO  [mc_indi_tiltrotor] WRdbg1 Wu1=1 lo1=-13.03 du1=0.0003 pin1=-0.006 a1=[-0.005 0.023 0.000 -0.000 -0.012]
INFO  [mc_indi_tiltrotor] YWdbg nu2=-0.185 ach2=0.016 r=0.01 wsp2=-0.35 ddelta=[-0.0050 -0.0000 0.0000]
INFO  [mc_indi_tiltrotor] T0dbg1 G0=[-0.257 0.228 -0.007 0.259 -0.966] nu_des=[-0.01 0.02 -0.17 -3.18 0.05]
INFO  [mc_indi_tiltrotor] T0dbg2 Ws34=[0.1 20.0] Wu0=1.0 du0=0.0047 dmin0=-12.2774 dmax0=32.7226
INFO  [mc_indi_tiltrotor] T2dbg1 G2=[-0.000 -0.650 0.060 0.000 -1.000] G5=[-0.785 -0.916 -0.000 13.089 0.000]
INFO  [mc_indi_tiltrotor] T2dbg2 Wu25=[1.0 1000000.0] du25=[-0.0392 0.0000] dmax25=[31.9109 0.0120] nu_yaw=-0.173
INFO  [mc_indi_tiltrotor] WRdbg0 Wu0=1 lo0=-12.28 du0=0.0047 pin0=-0.007 a0=[0.018 0.011 0.000 -0.000 -0.018]
INFO  [mc_indi_tiltrotor] WRdbg1 Wu1=1 lo1=-12.89 du1=-0.0294 pin1=-0.005 a1=[-0.018 0.012 0.000 -0.000 -0.018]
INFO  [mc_indi_tiltrotor] T0dbg1 G0=[-0.257 0.228 -0.002 0.242 -0.970] nu_des=[-0.00 -0.01 -0.19 -2.94 0.00]
INFO  [mc_indi_tiltrotor] T0dbg2 Ws34=[0.1 20.0] Wu0=1.0 du0=-0.0018 dmin0=-12.1495 dmax0=32.8505
INFO  [mc_indi_tiltrotor] T2dbg1 G2=[-0.000 -0.650 0.060 0.000 -1.000] G5=[-0.758 -0.884 -0.000 12.629 0.000]
INFO  [mc_indi_tiltrotor] T2dbg2 Wu25=[1.0 1000000.0] du25=[0.0012 0.0000] dmax25=[32.3715 0.0120] nu_yaw=-0.190
INFO  [mc_indi_tiltrotor] WRdbg0 Wu0=1 lo0=-12.15 du0=-0.0018 pin0=-0.006 a0=[0.008 -0.003 0.000 -0.000 -0.002]
INFO  [mc_indi_tiltrotor] WRdbg1 Wu1=1 lo1=-12.75 du1=-0.0182 pin1=-0.005 a1=[-0.008 -0.003 0.000 -0.000 -0.002]
INFO  [mc_indi_tiltrotor] YWdbg nu2=-0.182 ach2=0.010 r=0.01 wsp2=-0.36 ddelta=[-0.0050 -0.0000 -0.0000]
INFO  [mc_indi_tiltrotor] T0dbg1 G0=[-0.257 0.228 0.002 0.225 -0.974] nu_des=[-0.00 0.04 -0.20 -2.80 0.01]
INFO  [mc_indi_tiltrotor] T0dbg2 Ws34=[0.1 20.0] Wu0=1.0 du0=0.0207 dmin0=-12.4240 dmax0=32.5760
INFO  [mc_indi_tiltrotor] T2dbg1 G2=[-0.000 -0.650 0.060 0.000 -1.000] G5=[-0.749 -0.874 -0.000 12.491 0.000]
INFO  [mc_indi_tiltrotor] T2dbg2 Wu25=[1.0 1000000.0] du25=[-0.0530 -0.0000] dmax25=[32.5091 0.0120] nu_yaw=-0.199
INFO  [mc_indi_tiltrotor] WRdbg0 Wu0=1 lo0=-12.42 du0=0.0207 pin0=-0.005 a0=[0.005 0.023 0.000 -0.000 -0.003]
INFO  [mc_indi_tiltrotor] WRdbg1 Wu1=1 lo1=-12.98 du1=0.0097 pin1=-0.006 a1=[-0.005 0.024 0.000 -0.000 -0.003]
INFO  [mc_indi_tiltrotor] T0dbg1 G0=[-0.257 0.228 0.007 0.208 -0.978] nu_des=[-0.01 0.05 -0.20 -2.64 0.01]
INFO  [mc_indi_tiltrotor] T0dbg2 Ws34=[0.1 20.0] Wu0=1.0 du0=0.0351 dmin0=-12.6968 dmax0=32.3032
INFO  [mc_indi_tiltrotor] T2dbg1 G2=[-0.000 -0.650 0.060 0.000 -1.000] G5=[-0.744 -0.868 -0.000 12.396 0.000]
INFO  [mc_indi_tiltrotor] T2dbg2 Wu25=[1.0 1000000.0] du25=[-0.0645 -0.0000] dmax25=[32.6039 0.0120] nu_yaw=-0.197
INFO  [mc_indi_tiltrotor] WRdbg0 Wu0=1 lo0=-12.70 du0=0.0351 pin0=-0.004 a0=[0.016 0.028 -0.000 -0.000 -0.005]
INFO  [mc_indi_tiltrotor] WRdbg1 Wu1=1 lo1=-13.19 du1=0.0028 pin1=-0.006 a1=[-0.015 0.029 0.000 -0.000 -0.005]
INFO  [mc_indi_tiltrotor] YWdbg nu2=-0.202 ach2=0.009 r=0.02 wsp2=-0.38 ddelta=[-0.0050 -0.0000 -0.0000]
INFO  [mc_indi_tiltrotor] T0dbg1 G0=[-0.257 0.227 0.011 0.191 -0.982] nu_des=[-0.01 0.02 -0.20 -2.44 0.01]
INFO  [mc_indi_tiltrotor] T0dbg2 Ws34=[0.1 20.0] Wu0=1.0 du0=0.0337 dmin0=-12.7891 dmax0=32.2109
INFO  [mc_indi_tiltrotor] T2dbg1 G2=[-0.000 -0.650 0.060 0.000 -1.000] G5=[-0.729 -0.850 -0.000 12.150 0.000]
INFO  [mc_indi_tiltrotor] T2dbg2 Wu25=[1.0 1000000.0] du25=[-0.0263 0.0000] dmax25=[32.8503 0.0120] nu_yaw=-0.205
INFO  [mc_indi_tiltrotor] WRdbg0 Wu0=1 lo0=-12.79 du0=0.0337 pin0=-0.003 a0=[0.029 0.010 -0.000 -0.000 -0.003]
INFO  [mc_indi_tiltrotor] WRdbg1 Wu1=1 lo1=-13.24 du1=-0.0276 pin1=-0.006 a1=[-0.029 0.010 0.000 -0.000 -0.003]
INFO  [mc_indi_tiltrotor] T0dbg1 G0=[-0.257 0.227 0.016 0.173 -0.985] nu_des=[0.00 0.01 -0.22 -2.25 0.02]
INFO  [mc_indi_tiltrotor] T0dbg2 Ws34=[0.1 20.0] Wu0=1.0 du0=-0.0055 dmin0=-12.9981 dmax0=32.0019
INFO  [mc_indi_tiltrotor] T2dbg1 G2=[-0.000 -0.650 0.060 0.000 -1.000] G5=[-0.717 -0.837 -0.000 11.955 0.000]
INFO  [mc_indi_tiltrotor] T2dbg2 Wu25=[1.0 1000000.0] du25=[-0.0242 0.0000] dmax25=[33.0452 0.0120] nu_yaw=-0.222
INFO  [mc_indi_tiltrotor] WRdbg0 Wu0=1 lo0=-13.00 du0=-0.0055 pin0=-0.001 a0=[-0.003 0.007 -0.000 -0.000 -0.008]
INFO  [mc_indi_tiltrotor] WRdbg1 Wu1=1 lo1=-13.36 du1=-0.0044 pin1=-0.006 a1=[0.003 0.007 0.000 -0.000 -0.009]
INFO  [mc_indi_tiltrotor] YWdbg nu2=-0.226 ach2=0.016 r=0.03 wsp2=-0.41 ddelta=[-0.0050 -0.0000 0.0000]
INFO  [mc_indi_tiltrotor] back-transition: state 1 -> 2 (v_h=8.3, v_fwd=+8.3 m/s, ceil=9.0 deg)
INFO  [mc_indi_tiltrotor] T0dbg1 G0=[-0.257 0.227 0.016 0.171 -0.985] nu_des=[-0.00 -0.02 -0.15 -2.32 0.15]
INFO  [mc_indi_tiltrotor] T0dbg2 Ws34=[0.1 20.0] Wu0=1.0 du0=-0.0605 dmin0=-13.5495 dmax0=31.4505
INFO  [mc_indi_tiltrotor] T2dbg1 G2=[-0.000 -0.650 0.060 0.000 -1.000] G5=[-0.656 -0.766 -0.000 10.940 0.000]
INFO  [mc_indi_tiltrotor] T2dbg2 Wu25=[1.0 1000000.0] du25=[0.0002 -0.0000] dmax25=[34.0603 0.0120] nu_yaw=-0.152
INFO  [mc_indi_tiltrotor] WRdbg0 Wu0=1 lo0=-13.55 du0=-0.0605 pin0=0.003 a0=[0.004 -0.013 -0.000 -0.000 -0.054]
INFO  [mc_indi_tiltrotor] WRdbg1 Wu1=1 lo1=-13.95 du1=-0.0592 pin1=0.014 a1=[-0.004 -0.014 0.000 -0.000 -0.055]
INFO  [mc_indi_tiltrotor] T0dbg1 G0=[-0.257 0.228 0.007 0.208 -0.978] nu_des=[0.01 0.37 0.38 -2.28 0.77]
INFO  [mc_indi_tiltrotor] T0dbg2 Ws34=[0.1 20.0] Wu0=1.0 du0=-0.0870 dmin0=-10.6381 dmax0=34.3619
INFO  [mc_indi_tiltrotor] T2dbg1 G2=[-0.000 -0.650 0.060 0.000 -1.000] G5=[-0.424 -0.494 -0.000 7.061 0.000]
INFO  [mc_indi_tiltrotor] T2dbg2 Wu25=[1.0 1000000.0] du25=[-0.6147 -0.0000] dmax25=[36.0000 0.0120] nu_yaw=0.384
INFO  [mc_indi_tiltrotor] WRdbg0 Wu0=1 lo0=-10.64 du0=-0.0870 pin0=0.004 a0=[-0.015 0.208 0.000 -0.000 -0.285]
INFO  [mc_indi_tiltrotor] WRdbg1 Wu1=1 lo1=-11.47 du1=-0.0953 pin1=-0.031 a1=[0.015 0.213 -0.000 -0.000 -0.292]
INFO  [mc_indi_tiltrotor] YWdbg nu2=0.300 ach2=0.037 r=-0.17 wsp2=0.50 ddelta=[-0.0120 0.0120 -0.0002]
INFO  [mc_indi_tiltrotor] T0dbg1 G0=[-0.257 0.227 0.017 0.169 -0.986] nu_des=[-0.01 0.05 0.10 -1.97 0.01]
INFO  [mc_indi_tiltrotor] T0dbg2 Ws34=[0.1 20.0] Wu0=1.0 du0=0.0483 dmin0=-9.0916 dmax0=35.9084
INFO  [mc_indi_tiltrotor] T2dbg1 G2=[-0.000 -0.650 0.060 0.000 -1.000] G5=[-0.313 -0.365 -0.000 5.213 0.000]
INFO  [mc_indi_tiltrotor] T2dbg2 Wu25=[1.0 1000000.0] du25=[-0.0636 -0.0000] dmax25=[36.0000 0.0120] nu_yaw=0.097
INFO  [mc_indi_tiltrotor] WRdbg0 Wu0=1 lo0=-9.09 du0=0.0483 pin0=0.008 a0=[0.013 0.031 0.000 -0.000 -0.003]
INFO  [mc_indi_tiltrotor] WRdbg1 Wu1=1 lo1=-9.58 du1=-0.0066 pin1=-0.021 a1=[-0.013 0.031 -0.000 -0.000 -0.004]
INFO  [mc_indi_tiltrotor] T0dbg1 G0=[-0.256 0.226 0.027 0.129 -0.992] nu_des=[0.00 -0.01 0.06 -2.05 -0.08]
INFO  [mc_indi_tiltrotor] T0dbg2 Ws34=[0.1 20.0] Wu0=1.0 du0=0.0327 dmin0=-10.2629 dmax0=34.7371
INFO  [mc_indi_tiltrotor] T2dbg1 G2=[-0.000 -0.650 0.060 0.000 -1.000] G5=[-0.321 -0.374 -0.000 5.355 0.001]
INFO  [mc_indi_tiltrotor] T2dbg2 Wu25=[1.0 1000000.0] du25=[0.0248 -0.0001] dmax25=[36.0000 0.0120] nu_yaw=0.056
INFO  [mc_indi_tiltrotor] WRdbg0 Wu0=1 lo0=-10.26 du0=0.0327 pin0=-0.006 a0=[-0.004 -0.004 0.015 -0.001 0.031]
INFO  [mc_indi_tiltrotor] WRdbg1 Wu1=1 lo1=-9.76 du1=0.0162 pin1=-0.002 a1=[0.004 -0.003 -0.014 0.001 0.032]
INFO  [mc_indi_tiltrotor] YWdbg nu2=0.052 ach2=0.047 r=0.27 wsp2=0.50 ddelta=[-0.0120 0.0053 0.0000]
INFO  [mc_indi_tiltrotor] T0dbg1 G0=[-0.254 0.224 0.037 0.090 -0.996] nu_des=[0.01 0.08 0.07 -2.13 -0.01]
INFO  [mc_indi_tiltrotor] T0dbg2 Ws34=[0.1 20.0] Wu0=1.0 du0=0.0596 dmin0=-11.6755 dmax0=33.3245
INFO  [mc_indi_tiltrotor] T2dbg1 G2=[-0.000 -0.650 0.060 0.000 -1.000] G5=[-0.351 -0.410 -0.000 5.857 0.001]
INFO  [mc_indi_tiltrotor] T2dbg2 Wu25=[1.0 1000000.0] du25=[-0.0878 -0.0001] dmax25=[36.0000 0.0120] nu_yaw=0.071
INFO  [mc_indi_tiltrotor] WRdbg0 Wu0=1 lo0=-11.68 du0=0.0596 pin0=0.019 a0=[-0.010 0.045 0.000 -0.000 0.005]
INFO  [mc_indi_tiltrotor] WRdbg1 Wu1=1 lo1=-10.56 du1=0.0427 pin1=-0.018 a1=[0.010 0.045 0.000 -0.000 0.005]
INFO  [mc_indi_tiltrotor] T0dbg1 G0=[-0.253 0.223 0.047 0.050 -0.999] nu_des=[0.01 -0.01 0.01 -2.02 -0.07]
INFO  [mc_indi_tiltrotor] T0dbg2 Ws34=[0.1 20.0] Wu0=1.0 du0=0.0087 dmin0=-13.2075 dmax0=31.7925
INFO  [mc_indi_tiltrotor] T2dbg1 G2=[-0.000 -0.650 0.060 0.000 -1.000] G5=[-0.412 -0.481 -0.000 6.870 0.000]
INFO  [mc_indi_tiltrotor] T2dbg2 Wu25=[1.0 1000000.0] du25=[0.0130 -0.0001] dmax25=[36.0000 0.0120] nu_yaw=0.015
INFO  [mc_indi_tiltrotor] WRdbg0 Wu0=1 lo0=-13.21 du0=0.0087 pin0=0.000 a0=[-0.018 -0.005 0.005 0.002 0.026]
INFO  [mc_indi_tiltrotor] WRdbg1 Wu1=1 lo1=-11.77 du1=0.0312 pin1=-0.000 a1=[0.018 -0.005 -0.003 -0.003 0.025]
INFO  [mc_indi_tiltrotor] YWdbg nu2=-0.039 ach2=-0.038 r=0.39 wsp2=0.50 ddelta=[0.0019 -0.0098 -0.0000]
INFO  [mc_indi_tiltrotor] T0dbg1 G0=[-0.254 0.224 0.039 0.082 -0.997] nu_des=[-0.02 -0.05 -0.41 -2.33 -0.34]
INFO  [mc_indi_tiltrotor] T0dbg2 Ws34=[0.1 20.0] Wu0=1.0 du0=0.1044 dmin0=-15.3403 dmax0=29.6597
INFO  [mc_indi_tiltrotor] T2dbg1 G2=[-0.000 -0.650 0.060 0.002 -1.000] G5=[-0.493 -0.565 -0.001 8.222 0.015]
INFO  [mc_indi_tiltrotor] T2dbg2 Wu25=[1.0 1000000.0] du25=[0.1520 -0.0019] dmax25=[36.0000 0.0120] nu_yaw=-0.414
INFO  [mc_indi_tiltrotor] WRdbg0 Wu0=1 lo0=-15.34 du0=0.1044 pin0=-0.026 a0=[0.032 -0.031 -0.000 -0.000 0.128]
INFO  [mc_indi_tiltrotor] WRdbg1 Wu1=1 lo1=-13.59 du1=0.0909 pin1=0.025 a1=[-0.032 -0.030 -0.000 -0.000 0.128]
INFO  [mc_indi_tiltrotor] back-transition: state 2 -> 3 (v_h=4.5, v_fwd=+3.0 m/s, ceil=20.0 deg)
WARN  [mc_indi_tiltrotor] pos_hold REFUSED: 4.5 m/s > 3.0 m/s limit (loop is hover-only)
INFO  [mc_indi_tiltrotor] T0dbg1 G0=[-0.255 0.226 0.029 0.121 -0.993] nu_des=[0.00 -0.98 -0.63 -3.17 -0.07]
INFO  [mc_indi_tiltrotor] T0dbg2 Ws34=[0.1 20.0] Wu0=1.0 du0=-0.5597 dmin0=-18.6582 dmax0=26.3418
INFO  [mc_indi_tiltrotor] T2dbg1 G2=[-0.001 -0.651 0.060 0.013 -1.000] G5=[-0.700 -0.716 -0.009 11.674 0.156]
INFO  [mc_indi_tiltrotor] T2dbg2 Wu25=[1.0 1000000.0] du25=[1.0990 0.0120] dmax25=[33.3253 0.0120] nu_yaw=-0.633
INFO  [mc_indi_tiltrotor] WRdbg0 Wu0=1 lo0=-18.66 du0=-0.5597 pin0=-0.022 a0=[-0.001 -0.561 -0.000 -0.000 0.025]
INFO  [mc_indi_tiltrotor] WRdbg1 Wu1=1 lo1=-17.90 du1=-0.5114 pin1=0.027 a1=[0.001 -0.565 0.000 -0.000 0.025]
INFO  [mc_indi_tiltrotor] YWdbg nu2=-0.662 ach2=-0.147 r=1.34 wsp2=0.17 ddelta=[0.0120 -0.0120 0.0033]
INFO  [mc_indi_tiltrotor] T0dbg1 G0=[-0.256 0.227 0.021 0.155 -0.988] nu_des=[-0.02 0.85 -0.91 -3.83 0.86]
INFO  [mc_indi_tiltrotor] T0dbg2 Ws34=[0.1 20.0] Wu0=1.0 du0=0.2405 dmin0=-20.4949 dmax0=24.5051
INFO  [mc_indi_tiltrotor] T2dbg1 G2=[-0.001 -0.651 0.060 0.014 -1.000] G5=[-0.769 -0.784 -0.010 12.812 0.174]
INFO  [mc_indi_tiltrotor] T2dbg2 Wu25=[1.0 1000000.0] du25=[-1.1418 -0.0120] dmax25=[32.1871 0.0120] nu_yaw=-0.913
INFO  [mc_indi_tiltrotor] WRdbg0 Wu0=1 lo0=-20.49 du0=0.2405 pin0=0.034 a0=[0.043 0.482 -0.000 -0.000 -0.318]
INFO  [mc_indi_tiltrotor] WRdbg1 Wu1=1 lo1=-20.74 du1=0.0858 pin1=-0.036 a1=[-0.042 0.489 0.000 -0.000 -0.325]
INFO  [mc_indi_tiltrotor] T0dbg1 G0=[-0.257 0.227 0.010 0.194 -0.981] nu_des=[0.02 -0.83 -0.61 -4.21 0.82]
INFO  [mc_indi_tiltrotor] T0dbg2 Ws34=[0.1 20.0] Wu0=1.0 du0=-0.8355 dmin0=-19.8204 dmax0=25.1796
INFO  [mc_indi_tiltrotor] T2dbg1 G2=[-0.001 -0.651 0.060 0.013 -1.000] G5=[-0.828 -0.846 -0.011 13.801 0.184]
INFO  [mc_indi_tiltrotor] T2dbg2 Wu25=[1.0 1000000.0] du25=[0.7259 0.0120] dmax25=[31.1981 0.0120] nu_yaw=-0.610
INFO  [mc_indi_tiltrotor] WRdbg0 Wu0=1 lo0=-19.82 du0=-0.8355 pin0=-0.018 a0=[-0.041 -0.473 -0.000 -0.000 -0.304]
INFO  [mc_indi_tiltrotor] WRdbg1 Wu1=1 lo1=-20.18 du1=-0.6825 pin1=0.072 a1=[0.040 -0.482 0.000 -0.000 -0.313]
INFO  [mc_indi_tiltrotor] YWdbg nu2=-0.562 ach2=-0.170 r=1.06 wsp2=-0.50 ddelta=[0.0120 -0.0101 -0.0116]
INFO  [mc_indi_tiltrotor] T0dbg1 G0=[-0.257 0.228 -0.000 0.234 -0.972] nu_des=[-0.01 -0.48 -0.20 -5.06 0.49]
INFO  [mc_indi_tiltrotor] T0dbg2 Ws34=[0.1 20.0] Wu0=1.0 du0=-0.4310 dmin0=-20.1543 dmax0=24.8457
INFO  [mc_indi_tiltrotor] T2dbg1 G2=[-0.001 -0.651 0.060 0.011 -1.000] G5=[-0.724 -0.756 -0.008 12.075 0.137]
INFO  [mc_indi_tiltrotor] T2dbg2 Wu25=[1.0 9.0] du25=[0.4108 0.0100] dmax25=[32.9245 0.0120] nu_yaw=-0.200
INFO  [mc_indi_tiltrotor] WRdbg0 Wu0=1 lo0=-20.15 du0=-0.4310 pin0=0.005 a0=[0.028 -0.281 -0.003 0.002 -0.182]
INFO  [mc_indi_tiltrotor] WRdbg1 Wu1=1 lo1=-20.51 du1=-0.4237 pin1=0.044 a1=[-0.027 -0.260 0.007 -0.003 -0.184]
INFO  [mc_indi_tiltrotor] T0dbg1 G0=[-0.257 0.228 0.000 0.232 -0.973] nu_des=[0.00 -0.03 0.07 -4.65 -0.03]
INFO  [mc_indi_tiltrotor] T0dbg2 Ws34=[0.1 20.0] Wu0=1.0 du0=-0.0321 dmin0=-19.4518 dmax0=25.5482
INFO  [mc_indi_tiltrotor] T2dbg1 G2=[-0.000 -0.651 0.060 0.008 -1.000] G5=[-0.764 -0.827 -0.006 12.740 0.100]
INFO  [mc_indi_tiltrotor] T2dbg2 Wu25=[1.0 9.0] du25=[0.0208 -0.0020] dmax25=[32.2594 0.0120] nu_yaw=0.074
INFO  [mc_indi_tiltrotor] WRdbg0 Wu0=1 lo0=-19.45 du0=-0.0321 pin0=-0.023 a0=[-0.008 -0.016 0.001 0.002 0.011]
INFO  [mc_indi_tiltrotor] WRdbg1 Wu1=1 lo1=-19.86 du1=-0.0129 pin1=-0.012 a1=[0.007 -0.014 -0.003 -0.003 0.012]
INFO  [mc_indi_tiltrotor] YWdbg nu2=0.083 ach2=0.049 r=-0.14 wsp2=-0.50 ddelta=[-0.0120 -0.0017 -0.0030]
INFO  [mc_indi_tiltrotor] pos_hold: holding x=-70.36 y=466.70
WARN  [mc_indi_tiltrotor] back-transition: handoff waited 2.4 s for the magnitude gate (v_h=3.00 m/s)
INFO  [mc_indi_tiltrotor] T0dbg1 G0=[-0.257 0.228 0.007 0.208 -0.978] nu_des=[0.00 0.14 0.10 -1.59 0.02]
INFO  [mc_indi_tiltrotor] T0dbg2 Ws34=[0.1 20.0] Wu0=1.0 du0=0.0751 dmin0=-19.1008 dmax0=25.8992
INFO  [mc_indi_tiltrotor] T2dbg1 G2=[-0.000 -0.650 0.060 0.002 -1.000] G5=[-0.750 -0.856 -0.002 12.495 0.029]
INFO  [mc_indi_tiltrotor] T2dbg2 Wu25=[1.0 1000000.0] du25=[-0.1604 -0.0023] dmax25=[32.5053 0.0120] nu_yaw=0.104
INFO  [mc_indi_tiltrotor] WRdbg0 Wu0=1 lo0=-19.10 du0=0.0751 pin0=0.035 a0=[-0.009 0.077 -0.021 -0.000 -0.007]
INFO  [mc_indi_tiltrotor] WRdbg1 Wu1=1 lo1=-19.76 du1=0.0305 pin1=-0.016 a1=[0.008 0.078 -0.032 -0.001 -0.007]
INFO  [mc_indi_tiltrotor] T0dbg1 G0=[-0.257 0.227 0.016 0.171 -0.985] nu_des=[-0.00 0.02 0.01 -1.08 -0.11]
INFO  [mc_indi_tiltrotor] T0dbg2 Ws34=[0.1 20.0] Wu0=1.0 du0=0.0463 dmin0=-20.3619 dmax0=24.6381
INFO  [mc_indi_tiltrotor] T2dbg1 G2=[-0.000 -0.650 0.060 0.001 -1.000] G5=[-0.766 -0.888 -0.001 12.771 0.008]
INFO  [mc_indi_tiltrotor] T2dbg2 Wu25=[1.0 1000000.0] du25=[-0.0149 -0.0007] dmax25=[32.2294 0.0120] nu_yaw=0.010
INFO  [mc_indi_tiltrotor] WRdbg0 Wu0=1 lo0=-20.36 du0=0.0463 pin0=0.000 a0=[0.003 0.017 0.001 -0.007 0.032]
INFO  [mc_indi_tiltrotor] WRdbg1 Wu1=1 lo1=-20.43 du1=0.0481 pin1=-0.001 a1=[-0.003 0.011 -0.004 0.003 0.042]
INFO  [mc_indi_tiltrotor] YWdbg nu2=0.003 ach2=0.003 r=-0.54 wsp2=-0.50 ddelta=[0.0024 0.0049 -0.0006]
INFO  [mc_indi_tiltrotor] T0dbg1 G0=[-0.256 0.227 0.019 0.161 -0.987] nu_des=[-0.01 -0.03 -0.02 -0.65 -0.01]
INFO  [mc_indi_tiltrotor] T0dbg2 Ws34=[0.1 20.0] Wu0=1.0 du0=-0.0150 dmin0=-21.0036 dmax0=23.9964
INFO  [mc_indi_tiltrotor] T2dbg1 G2=[-0.000 -0.650 0.060 0.001 -1.000] G5=[-0.805 -0.934 -0.000 13.424 0.008]
INFO  [mc_indi_tiltrotor] T2dbg2 Wu25=[1.0 9.0] du25=[0.0200 0.0001] dmax25=[31.5764 0.0120] nu_yaw=-0.021
INFO  [mc_indi_tiltrotor] WRdbg0 Wu0=1 lo0=-21.00 du0=-0.0150 pin0=-0.013 a0=[0.012 -0.017 0.001 0.000 0.002]
INFO  [mc_indi_tiltrotor] WRdbg1 Wu1=1 lo1=-20.97 du1=-0.0095 pin1=0.008 a1=[-0.011 -0.015 0.006 -0.001 0.002]
INFO  [mc_indi_tiltrotor] T0dbg1 G0=[-0.257 0.227 0.012 0.187 -0.982] nu_des=[0.07 0.05 -0.02 -1.16 0.23]
INFO  [mc_indi_tiltrotor] T0dbg2 Ws34=[0.1 20.0] Wu0=1.0 du0=-0.1571 dmin0=-20.3597 dmax0=24.6403
INFO  [mc_indi_tiltrotor] T2dbg1 G2=[-0.000 -0.650 0.060 0.003 -1.000] G5=[-0.817 -0.928 -0.002 13.623 0.040]
INFO  [mc_indi_tiltrotor] T2dbg2 Wu25=[1.0 1000000.0] du25=[-0.0866 -0.0029] dmax25=[31.3773 0.0120] nu_yaw=-0.023
INFO  [mc_indi_tiltrotor] WRdbg0 Wu0=1 lo0=-20.36 du0=-0.1571 pin0=0.032 a0=[-0.133 0.030 -0.000 -0.000 -0.086]
INFO  [mc_indi_tiltrotor] WRdbg1 Wu1=1 lo1=-19.63 du1=0.0556 pin1=-0.019 a1=[0.132 0.031 0.000 -0.000 -0.088]
INFO  [mc_indi_tiltrotor] YWdbg nu2=-0.026 ach2=-0.009 r=-0.45 wsp2=-0.50 ddelta=[0.0120 0.0120 -0.0026]
INFO  [mc_indi_tiltrotor] T0dbg1 G0=[-0.257 0.228 0.006 0.209 -0.978] nu_des=[-0.02 0.05 0.09 -1.71 -0.09]
INFO  [mc_indi_tiltrotor] T0dbg2 Ws34=[0.1 20.0] Wu0=1.0 du0=0.0999 dmin0=-18.2219 dmax0=26.7781
INFO  [mc_indi_tiltrotor] T2dbg1 G2=[-0.000 -0.650 0.060 0.000 -1.000] G5=[-0.778 -0.907 -0.000 12.965 0.001]
INFO  [mc_indi_tiltrotor] T2dbg2 Wu25=[1.0 1000000.0] du25=[-0.0382 -0.0001] dmax25=[32.0353 0.0120] nu_yaw=0.087
INFO  [mc_indi_tiltrotor] WRdbg0 Wu0=1 lo0=-18.22 du0=0.0999 pin0=-0.029 a0=[0.040 0.029 0.026 -0.001 0.034]
INFO  [mc_indi_tiltrotor] WRdbg1 Wu1=1 lo1=-20.35 du1=-0.0095 pin1=0.004 a1=[-0.039 0.025 -0.035 0.001 0.035]
INFO  [mc_indi_tiltrotor] T0dbg1 G0=[-0.257 0.227 0.014 0.180 -0.984] nu_des=[0.01 0.02 0.01 -1.35 0.03]
INFO  [mc_indi_tiltrotor] T0dbg2 Ws34=[0.1 20.0] Wu0=1.0 du0=-0.0173 dmin0=-19.3052 dmax0=25.6948
INFO  [mc_indi_tiltrotor] T2dbg1 G2=[-0.000 -0.650 0.060 0.000 -1.000] G5=[-0.771 -0.897 -0.000 12.850 0.004]
INFO  [mc_indi_tiltrotor] T2dbg2 Wu25=[1.0 1000000.0] du25=[-0.0306 -0.0003] dmax25=[32.1503 0.0120] nu_yaw=0.014
INFO  [mc_indi_tiltrotor] WRdbg0 Wu0=1 lo0=-19.31 du0=-0.0173 pin0=0.000 a0=[-0.018 0.015 0.001 -0.009 -0.007]
INFO  [mc_indi_tiltrotor] WRdbg1 Wu1=1 lo1=-20.79 du1=0.0169 pin1=-0.001 a1=[0.020 0.011 -0.005 0.002 -0.010]
INFO  [mc_indi_tiltrotor] YWdbg nu2=0.025 ach2=0.023 r=-0.53 wsp2=-0.50 ddelta=[-0.0076 -0.0027 0.0002]
INFO  [mc_indi_tiltrotor] T0dbg1 G0=[-0.256 0.227 0.019 0.161 -0.987] nu_des=[-0.02 0.02 0.05 -1.24 0.12]
INFO  [mc_indi_tiltrotor] T0dbg2 Ws34=[0.1 20.0] Wu0=1.0 du0=0.0094 dmin0=-19.5849 dmax0=25.4151
INFO  [mc_indi_tiltrotor] T2dbg1 G2=[-0.000 -0.650 0.060 0.002 -1.000] G5=[-0.740 -0.849 -0.001 12.335 0.023]
INFO  [mc_indi_tiltrotor] T2dbg2 Wu25=[1.0 9.0] du25=[-0.0578 0.0008] dmax25=[32.6653 0.0120] nu_yaw=0.054
INFO  [mc_indi_tiltrotor] WRdbg0 Wu0=1 lo0=-19.58 du0=0.0094 pin0=0.000 a0=[0.029 0.016 0.006 -0.006 -0.036]
INFO  [mc_indi_tiltrotor] WRdbg1 Wu1=1 lo1=-20.21 du1=-0.0819 pin1=0.000 a1=[-0.030 0.011 -0.018 0.000 -0.045]
INFO  [mc_indi_tiltrotor] T0dbg1 G0=[-0.256 0.227 0.021 0.151 -0.988] nu_des=[-0.00 0.11 -0.06 -0.77 0.04]
INFO  [mc_indi_tiltrotor] T0dbg2 Ws34=[0.1 20.0] Wu0=1.0 du0=0.0588 dmin0=-19.4573 dmax0=25.5427
INFO  [mc_indi_tiltrotor] T2dbg1 G2=[-0.000 -0.650 0.060 0.007 -1.000] G5=[-0.761 -0.831 -0.005 12.687 0.088]
INFO  [mc_indi_tiltrotor] T2dbg2 Wu25=[1.0 9.0] du25=[-0.1153 -0.0022] dmax25=[32.3130 0.0120] nu_yaw=-0.061
INFO  [mc_indi_tiltrotor] WRdbg0 Wu0=1 lo0=-19.46 du0=0.0588 pin0=0.017 a0=[0.008 0.068 -0.017 0.000 -0.017]
INFO  [mc_indi_tiltrotor] WRdbg1 Wu1=1 lo1=-18.48 du1=0.0489 pin1=-0.005 a1=[-0.007 0.054 0.024 -0.000 -0.017]
INFO  [mc_indi_tiltrotor] YWdbg nu2=-0.059 ach2=-0.057 r=-0.18 wsp2=0.04 ddelta=[0.0093 -0.0012 -0.0015]
INFO  [mc_indi_tiltrotor] T0dbg1 G0=[-0.257 0.227 0.017 0.169 -0.986] nu_des=[0.03 0.17 -0.03 -0.74 0.09]
INFO  [mc_indi_tiltrotor] T0dbg2 Ws34=[0.1 20.0] Wu0=1.0 du0=0.0372 dmin0=-19.8152 dmax0=25.1848
INFO  [mc_indi_tiltrotor] T2dbg1 G2=[-0.000 -0.650 0.060 0.005 -1.000] G5=[-0.812 -0.902 -0.004 13.540 0.071]
INFO  [mc_indi_tiltrotor] T2dbg2 Wu25=[1.0 9.0] du25=[-0.1809 -0.0046] dmax25=[31.4594 0.0120] nu_yaw=-0.033
INFO  [mc_indi_tiltrotor] WRdbg0 Wu0=1 lo0=-19.82 du0=0.0372 pin0=0.023 a0=[-0.053 0.101 -0.001 0.000 -0.033]
INFO  [mc_indi_tiltrotor] WRdbg1 Wu1=1 lo1=-19.25 du1=0.0985 pin1=-0.011 a1=[0.051 0.091 0.002 -0.001 -0.033]
INFO  [mc_indi_tiltrotor] YWdbg nu2=0.031 ach2=0.032 r=0.02 wsp2=0.02 ddelta=[0.0026 0.0097 -0.0008]
INFO  [mc_indi_tiltrotor] T0dbg1 G0=[-0.257 0.227 0.012 0.186 -0.983] nu_des=[0.02 0.04 0.02 -1.26 0.20]
INFO  [mc_indi_tiltrotor] T0dbg2 Ws34=[0.1 20.0] Wu0=1.0 du0=-0.0681 dmin0=-18.7933 dmax0=26.2067
INFO  [mc_indi_tiltrotor] T2dbg1 G2=[-0.000 -0.650 0.060 0.001 -1.000] G5=[-0.757 -0.877 -0.001 12.618 0.010]
INFO  [mc_indi_tiltrotor] T2dbg2 Wu25=[1.0 1000000.0] du25=[-0.0769 -0.0008] dmax25=[32.3818 0.0120] nu_yaw=0.023
INFO  [mc_indi_tiltrotor] WRdbg0 Wu0=1 lo0=-18.79 du0=-0.0681 pin0=0.028 a0=[-0.044 0.025 -0.003 -0.000 -0.074]
INFO  [mc_indi_tiltrotor] WRdbg1 Wu1=1 lo1=-19.71 du1=-0.0269 pin1=-0.011 a1=[0.042 0.024 -0.007 -0.000 -0.075]
INFO  [mc_indi_tiltrotor] T0dbg1 G0=[-0.257 0.227 0.015 0.175 -0.985] nu_des=[0.01 0.01 0.02 -1.14 -0.02]
INFO  [mc_indi_tiltrotor] T0dbg2 Ws34=[0.1 20.0] Wu0=1.0 du0=-0.0001 dmin0=-18.5760 dmax0=26.4240
INFO  [mc_indi_tiltrotor] T2dbg1 G2=[-0.000 -0.650 0.060 0.000 -1.000] G5=[-0.734 -0.855 -0.000 12.239 0.003]
INFO  [mc_indi_tiltrotor] T2dbg2 Wu25=[1.0 1000000.0] du25=[-0.0151 -0.0002] dmax25=[32.7609 0.0120] nu_yaw=0.016
INFO  [mc_indi_tiltrotor] WRdbg0 Wu0=1 lo0=-18.58 du0=-0.0001 pin0=0.000 a0=[-0.009 0.008 0.002 -0.007 0.006]
INFO  [mc_indi_tiltrotor] WRdbg1 Wu1=1 lo1=-20.12 du1=0.0187 pin1=-0.000 a1=[0.010 0.006 -0.006 0.002 0.007]
INFO  [mc_indi_tiltrotor] YWdbg nu2=-0.010 ach2=-0.013 r=-0.01 wsp2=-0.00 ddelta=[-0.0051 -0.0082 0.0016]
INFO  [mc_indi_tiltrotor] T0dbg1 G0=[-0.256 0.227 0.018 0.163 -0.987] nu_des=[-0.01 -0.01 -0.02 -0.75 0.04]
INFO  [mc_indi_tiltrotor] T0dbg2 Ws34=[0.1 20.0] Wu0=1.0 du0=-0.0078 dmin0=-19.1628 dmax0=25.8372
INFO  [mc_indi_tiltrotor] T2dbg1 G2=[-0.000 -0.650 0.060 0.002 -1.000] G5=[-0.746 -0.856 -0.001 12.439 0.023]
INFO  [mc_indi_tiltrotor] T2dbg2 Wu25=[1.0 9.0] du25=[-0.0113 0.0002] dmax25=[32.5608 0.0120] nu_yaw=-0.019
INFO  [mc_indi_tiltrotor] WRdbg0 Wu0=1 lo0=-19.16 du0=-0.0078 pin0=0.000 a0=[0.017 -0.004 -0.002 -0.004 -0.014]
INFO  [mc_indi_tiltrotor] WRdbg1 Wu1=1 lo1=-19.78 du1=-0.0295 pin1=0.000 a1=[-0.017 -0.003 0.007 0.001 -0.018]
INFO  [mc_indi_tiltrotor] T0dbg1 G0=[-0.256 0.227 0.019 0.161 -0.987] nu_des=[-0.02 0.02 -0.03 -0.39 0.04]
INFO  [mc_indi_tiltrotor] T0dbg2 Ws34=[0.1 20.0] Wu0=1.0 du0=0.0212 dmin0=-19.1388 dmax0=25.8612
INFO  [mc_indi_tiltrotor] T2dbg1 G2=[-0.000 -0.650 0.060 0.005 -1.000] G5=[-0.765 -0.851 -0.004 12.757 0.064]
INFO  [mc_indi_tiltrotor] T2dbg2 Wu25=[1.0 9.0] du25=[-0.0325 0.0002] dmax25=[32.2427 0.0120] nu_yaw=-0.026
INFO  [mc_indi_tiltrotor] WRdbg0 Wu0=1 lo0=-19.14 du0=0.0212 pin0=0.000 a0=[0.024 0.014 -0.002 -0.002 -0.012]
INFO  [mc_indi_tiltrotor] WRdbg1 Wu1=1 lo1=-18.70 du1=-0.0207 pin1=0.000 a1=[-0.024 0.008 0.010 0.001 -0.015]
INFO  [mc_indi_tiltrotor] YWdbg nu2=-0.028 ach2=-0.025 r=0.02 wsp2=-0.06 ddelta=[0.0059 0.0016 -0.0018]
INFO  [mc_indi_tiltrotor] T0dbg1 G0=[-0.257 0.227 0.015 0.178 -0.984] nu_des=[0.00 0.00 -0.02 -0.64 0.02]
INFO  [mc_indi_tiltrotor] T0dbg2 Ws34=[0.1 20.0] Wu0=1.0 du0=-0.0086 dmin0=-19.4538 dmax0=25.5462
INFO  [mc_indi_tiltrotor] T2dbg1 G2=[-0.000 -0.650 0.060 0.004 -1.000] G5=[-0.782 -0.881 -0.003 13.034 0.049]
INFO  [mc_indi_tiltrotor] T2dbg2 Wu25=[1.0 9.0] du25=[-0.0031 -0.0006] dmax25=[31.9660 0.0120] nu_yaw=-0.025
INFO  [mc_indi_tiltrotor] WRdbg0 Wu0=1 lo0=-19.45 du0=-0.0086 pin0=-0.002 a0=[-0.005 0.001 0.002 0.000 -0.006]
INFO  [mc_indi_tiltrotor] WRdbg1 Wu1=1 lo1=-19.16 du1=0.0079 pin1=0.001 a1=[0.004 0.001 0.007 -0.001 -0.006]
INFO  [mc_indi_tiltrotor] T0dbg1 G0=[-0.257 0.227 0.013 0.184 -0.983] nu_des=[0.01 0.09 0.05 -0.93 0.12]
INFO  [mc_indi_tiltrotor] T0dbg2 Ws34=[0.1 20.0] Wu0=1.0 du0=-0.0020 dmin0=-18.8106 dmax0=26.1894
INFO  [mc_indi_tiltrotor] T2dbg1 G2=[-0.000 -0.650 0.060 0.000 -1.000] G5=[-0.760 -0.883 -0.000 12.665 0.006]
INFO  [mc_indi_tiltrotor] T2dbg2 Wu25=[1.0 1000000.0] du25=[-0.1129 -0.0005] dmax25=[32.3349 0.0120] nu_yaw=0.045
INFO  [mc_indi_tiltrotor] WRdbg0 Wu0=1 lo0=-18.81 du0=-0.0020 pin0=0.028 a0=[-0.030 0.049 -0.005 -0.000 -0.044]
INFO  [mc_indi_tiltrotor] WRdbg1 Wu1=1 lo1=-19.68 du1=0.0056 pin1=-0.014 a1=[0.029 0.049 -0.014 -0.000 -0.044]
INFO  [mc_indi_tiltrotor] YWdbg nu2=0.030 ach2=0.029 r=-0.09 wsp2=-0.01 ddelta=[-0.0087 -0.0029 0.0001]
INFO  [mc_indi_tiltrotor] T0dbg1 G0=[-0.257 0.227 0.017 0.169 -0.986] nu_des=[0.00 0.03 0.04 -1.02 -0.06]
INFO  [mc_indi_tiltrotor] T0dbg2 Ws34=[0.1 20.0] Wu0=1.0 du0=0.0379 dmin0=-18.7375 dmax0=26.2625
INFO  [mc_indi_tiltrotor] T2dbg1 G2=[-0.000 -0.650 0.060 0.000 -1.000] G5=[-0.739 -0.861 -0.000 12.316 0.001]
INFO  [mc_indi_tiltrotor] T2dbg2 Wu25=[1.0 1000000.0] du25=[-0.0295 -0.0001] dmax25=[32.6839 0.0120] nu_yaw=0.041
INFO  [mc_indi_tiltrotor] WRdbg0 Wu0=1 lo0=-18.74 du0=0.0379 pin0=0.000 a0=[-0.002 0.023 0.004 -0.006 0.018]
INFO  [mc_indi_tiltrotor] WRdbg1 Wu1=1 lo1=-20.11 du1=0.0279 pin1=-0.000 a1=[0.002 0.016 -0.015 0.002 0.024]
INFO  [mc_indi_tiltrotor] T0dbg1 G0=[-0.256 0.227 0.019 0.160 -0.987] nu_des=[-0.02 0.00 -0.01 -0.68 0.04]
INFO  [mc_indi_tiltrotor] T0dbg2 Ws34=[0.1 20.0] Wu0=1.0 du0=0.0109 dmin0=-19.0355 dmax0=25.9645
INFO  [mc_indi_tiltrotor] T2dbg1 G2=[-0.000 -0.650 0.060 0.002 -1.000] G5=[-0.743 -0.854 -0.001 12.378 0.019]
INFO  [mc_indi_tiltrotor] T2dbg2 Wu25=[1.0 9.0] du25=[-0.0196 0.0006] dmax25=[32.6216 0.0120] nu_yaw=-0.012
INFO  [mc_indi_tiltrotor] WRdbg0 Wu0=1 lo0=-19.04 du0=0.0109 pin0=0.000 a0=[0.028 0.001 -0.001 -0.003 -0.013]
INFO  [mc_indi_tiltrotor] WRdbg1 Wu1=1 lo1=-19.55 du1=-0.0380 pin1=0.000 a1=[-0.028 0.000 0.004 0.001 -0.016]
INFO  [mc_indi_tiltrotor] YWdbg nu2=-0.030 ach2=-0.031 r=0.04 wsp2=0.02 ddelta=[0.0058 0.0003 -0.0002]
INFO  [mc_indi_tiltrotor] T0dbg1 G0=[-0.256 0.227 0.020 0.159 -0.987] nu_des=[0.01 -0.12 -0.04 -0.35 0.05]
INFO  [mc_indi_tiltrotor] T0dbg2 Ws34=[0.1 20.0] Wu0=1.0 du0=-0.1139 dmin0=-19.2409 dmax0=25.7591
INFO  [mc_indi_tiltrotor] T2dbg1 G2=[-0.000 -0.650 0.060 0.003 -1.000] G5=[-0.765 -0.864 -0.003 12.750 0.044]
INFO  [mc_indi_tiltrotor] T2dbg2 Wu25=[1.0 9.0] du25=[0.1101 0.0010] dmax25=[32.2497 0.0120] nu_yaw=-0.035
INFO  [mc_indi_tiltrotor] WRdbg0 Wu0=1 lo0=-19.24 du0=-0.1139 pin0=-0.012 a0=[-0.017 -0.068 0.001 0.000 -0.018]
INFO  [mc_indi_tiltrotor] WRdbg1 Wu1=1 lo1=-18.96 du1=-0.0433 pin1=0.008 a1=[0.016 -0.060 0.011 -0.000 -0.018]
INFO  [mc_indi_tiltrotor] T0dbg1 G0=[-0.257 0.227 0.015 0.176 -0.984] nu_des=[0.01 -0.00 -0.03 -0.55 0.05]
INFO  [mc_indi_tiltrotor] T0dbg2 Ws34=[0.1 20.0] Wu0=1.0 du0=-0.0385 dmin0=-19.1373 dmax0=25.8627
INFO  [mc_indi_tiltrotor] T2dbg1 G2=[-0.000 -0.650 0.060 0.002 -1.000] G5=[-0.771 -0.880 -0.002 12.855 0.031]
INFO  [mc_indi_tiltrotor] T2dbg2 Wu25=[1.0 9.0] du25=[-0.0042 -0.0010] dmax25=[32.1445 0.0120] nu_yaw=-0.028
INFO  [mc_indi_tiltrotor] WRdbg0 Wu0=1 lo0=-19.14 du0=-0.0385 pin0=0.000 a0=[-0.019 -0.000 -0.002 -0.003 -0.015]
INFO  [mc_indi_tiltrotor] WRdbg1 Wu1=1 lo1=-19.06 du1=0.0119 pin1=0.000 a1=[0.019 -0.000 0.011 0.001 -0.019]
INFO  [mc_indi_tiltrotor] YWdbg nu2=0.057 ach2=0.057 r=-0.03 wsp2=-0.05 ddelta=[-0.0041 0.0081 -0.0002]
INFO  [mc_indi_tiltrotor] T0dbg1 G0=[-0.257 0.227 0.015 0.177 -0.984] nu_des=[0.02 0.03 0.06 -0.69 -0.00]
INFO  [mc_indi_tiltrotor] T0dbg2 Ws34=[0.1 20.0] Wu0=1.0 du0=-0.0088 dmin0=-18.6913 dmax0=26.3087
INFO  [mc_indi_tiltrotor] T2dbg1 G2=[-0.000 -0.650 0.060 0.000 -1.000] G5=[-0.755 -0.879 -0.000 12.579 0.002]
INFO  [mc_indi_tiltrotor] T2dbg2 Wu25=[1.0 1000000.0] du25=[-0.0270 -0.0002] dmax25=[32.4208 0.0120] nu_yaw=0.062
INFO  [mc_indi_tiltrotor] WRdbg0 Wu0=1 lo0=-18.69 du0=-0.0088 pin0=0.000 a0=[-0.033 0.022 0.005 -0.004 0.001]
INFO  [mc_indi_tiltrotor] WRdbg1 Wu1=1 lo1=-19.49 du1=0.0274 pin1=-0.000 a1=[0.035 0.014 -0.025 0.002 0.001]
INFO  [mc_indi_tiltrotor] T0dbg1 G0=[-0.256 0.227 0.019 0.162 -0.987] nu_des=[-0.00 0.04 0.01 -0.70 -0.00]
INFO  [mc_indi_tiltrotor] T0dbg2 Ws34=[0.1 20.0] Wu0=1.0 du0=0.0280 dmin0=-18.7323 dmax0=26.2677
INFO  [mc_indi_tiltrotor] T2dbg1 G2=[-0.000 -0.650 0.060 0.000 -1.000] G5=[-0.750 -0.873 -0.000 12.498 0.003]
INFO  [mc_indi_tiltrotor] T2dbg2 Wu25=[1.0 1000000.0] du25=[-0.0427 -0.0002] dmax25=[32.5023 0.0120] nu_yaw=0.014
INFO  [mc_indi_tiltrotor] WRdbg0 Wu0=1 lo0=-18.73 du0=0.0280 pin0=0.000 a0=[0.002 0.028 0.002 -0.004 0.000]
INFO  [mc_indi_tiltrotor] WRdbg1 Wu1=1 lo1=-19.84 du1=0.0129 pin1=-0.000 a1=[-0.002 0.019 -0.005 0.001 0.000]
INFO  [mc_indi_tiltrotor] YWdbg nu2=-0.022 ach2=-0.024 r=-0.01 wsp2=0.03 ddelta=[-0.0052 -0.0113 0.0017]
INFO  [mc_indi_tiltrotor] T0dbg1 G0=[-0.256 0.227 0.021 0.155 -0.988] nu_des=[-0.01 0.06 -0.02 -0.40 0.05]
INFO  [mc_indi_tiltrotor] T0dbg2 Ws34=[0.1 20.0] Wu0=1.0 du0=0.0386 dmin0=-18.9624 dmax0=26.0376
INFO  [mc_indi_tiltrotor] T2dbg1 G2=[-0.000 -0.650 0.060 0.002 -1.000] G5=[-0.754 -0.867 -0.001 12.561 0.019]
INFO  [mc_indi_tiltrotor] T2dbg2 Wu25=[1.0 9.0] du25=[-0.0670 -0.0005] dmax25=[32.4390 0.0120] nu_yaw=-0.021
INFO  [mc_indi_tiltrotor] WRdbg0 Wu0=1 lo0=-18.96 du0=0.0386 pin0=0.000 a0=[0.017 0.041 -0.002 -0.002 -0.015]
INFO  [mc_indi_tiltrotor] WRdbg1 Wu1=1 lo1=-19.43 du1=-0.0019 pin1=0.000 a1=[-0.017 0.025 0.008 0.001 -0.019]
INFO  [mc_indi_tiltrotor] T0dbg1 G0=[-0.256 0.227 0.019 0.162 -0.987] nu_des=[-0.01 -0.02 -0.05 -0.29 0.03]
INFO  [mc_indi_tiltrotor] T0dbg2 Ws34=[0.1 20.0] Wu0=1.0 du0=-0.0153 dmin0=-19.0857 dmax0=25.9143
INFO  [mc_indi_tiltrotor] T2dbg1 G2=[-0.000 -0.650 0.060 0.003 -1.000] G5=[-0.759 -0.861 -0.002 12.646 0.037]
INFO  [mc_indi_tiltrotor] T2dbg2 Wu25=[1.0 9.0] du25=[0.0263 0.0005] dmax25=[32.3537 0.0120] nu_yaw=-0.054
INFO  [mc_indi_tiltrotor] WRdbg0 Wu0=1 lo0=-19.09 du0=-0.0153 pin0=-0.005 a0=[0.013 -0.014 0.002 0.000 -0.012]
INFO  [mc_indi_tiltrotor] WRdbg1 Wu1=1 lo1=-18.93 du1=-0.0175 pin1=0.003 a1=[-0.012 -0.013 0.016 -0.000 -0.012]
INFO  [mc_indi_tiltrotor] YWdbg nu2=0.005 ach2=0.005 r=0.04 wsp2=-0.03 ddelta=[0.0008 0.0021 -0.0007]
INFO  [mc_indi_tiltrotor] T0dbg1 G0=[-0.257 0.227 0.015 0.178 -0.984] nu_des=[0.02 -0.01 -0.00 -0.59 0.00]
INFO  [mc_indi_tiltrotor] T0dbg2 Ws34=[0.1 20.0] Wu0=1.0 du0=-0.0382 dmin0=-19.1126 dmax0=25.8874
INFO  [mc_indi_tiltrotor] T2dbg1 G2=[-0.000 -0.650 0.060 0.001 -1.000] G5=[-0.762 -0.877 -0.001 12.704 0.018]
INFO  [mc_indi_tiltrotor] T2dbg2 Wu25=[1.0 9.0] du25=[0.0105 -0.0012] dmax25=[32.2959 0.0120] nu_yaw=-0.003
INFO  [mc_indi_tiltrotor] WRdbg0 Wu0=1 lo0=-19.11 du0=-0.0382 pin0=0.000 a0=[-0.029 -0.004 -0.000 -0.003 -0.001]
INFO  [mc_indi_tiltrotor] WRdbg1 Wu1=1 lo1=-19.19 du1=0.0282 pin1=0.000 a1=[0.030 -0.003 0.001 0.001 -0.002]
INFO  [mc_indi_tiltrotor] T0dbg1 G0=[-0.257 0.227 0.017 0.170 -0.985] nu_des=[0.01 0.06 0.05 -0.60 0.11]
INFO  [mc_indi_tiltrotor] T0dbg2 Ws34=[0.1 20.0] Wu0=1.0 du0=-0.0119 dmin0=-18.6920 dmax0=26.3080
INFO  [mc_indi_tiltrotor] T2dbg1 G2=[-0.000 -0.650 0.060 0.000 -1.000] G5=[-0.759 -0.883 -0.000 12.650 0.003]
INFO  [mc_indi_tiltrotor] T2dbg2 Wu25=[1.0 1000000.0] du25=[-0.0786 -0.0003] dmax25=[32.3500 0.0120] nu_yaw=0.051
INFO  [mc_indi_tiltrotor] WRdbg0 Wu0=1 lo0=-18.69 du0=-0.0119 pin0=0.024 a0=[-0.028 0.034 -0.003 -0.000 -0.039]
INFO  [mc_indi_tiltrotor] WRdbg1 Wu1=1 lo1=-19.47 du1=-0.0086 pin1=-0.014 a1=[0.026 0.034 -0.016 -0.000 -0.039]
INFO  [mc_indi_tiltrotor] YWdbg nu2=0.018 ach2=0.016 r=-0.06 wsp2=0.01 ddelta=[-0.0056 -0.0023 0.0002]
INFO  [mc_indi_tiltrotor] T0dbg1 G0=[-0.256 0.227 0.019 0.161 -0.987] nu_des=[0.00 0.00 0.01 -0.60 -0.03]
INFO  [mc_indi_tiltrotor] T0dbg2 Ws34=[0.1 20.0] Wu0=1.0 du0=0.0064 dmin0=-18.6657 dmax0=26.3343
INFO  [mc_indi_tiltrotor] T2dbg1 G2=[-0.000 -0.650 0.060 0.000 -1.000] G5=[-0.748 -0.871 -0.000 12.466 0.003]
INFO  [mc_indi_tiltrotor] T2dbg2 Wu25=[1.0 1000000.0] du25=[-0.0021 -0.0003] dmax25=[32.5338 0.0120] nu_yaw=0.012
INFO  [mc_indi_tiltrotor] WRdbg0 Wu0=1 lo0=-18.67 du0=0.0064 pin0=0.000 a0=[-0.001 0.001 0.001 -0.003 0.008]
INFO  [mc_indi_tiltrotor] WRdbg1 Wu1=1 lo1=-19.59 du1=0.0085 pin1=-0.000 a1=[0.001 0.001 -0.005 0.001 0.010]
INFO  [mc_indi_tiltrotor] T0dbg1 G0=[-0.256 0.227 0.020 0.157 -0.988] nu_des=[-0.00 -0.09 -0.02 -0.38 0.04]
INFO  [mc_indi_tiltrotor] T0dbg2 Ws34=[0.1 20.0] Wu0=1.0 du0=-0.0796 dmin0=-18.9483 dmax0=26.0517
INFO  [mc_indi_tiltrotor] T2dbg1 G2=[-0.000 -0.650 0.060 0.001 -1.000] G5=[-0.747 -0.865 -0.001 12.451 0.010]
INFO  [mc_indi_tiltrotor] T2dbg2 Wu25=[1.0 9.0] du25=[0.0766 0.0012] dmax25=[32.5493 0.0120] nu_yaw=-0.024
INFO  [mc_indi_tiltrotor] WRdbg0 Wu0=1 lo0=-18.95 du0=-0.0796 pin0=0.000 a0=[0.005 -0.068 -0.003 -0.002 -0.012]
INFO  [mc_indi_tiltrotor] WRdbg1 Wu1=1 lo1=-19.38 du1=-0.0513 pin1=0.000 a1=[-0.005 -0.041 0.009 0.001 -0.015]
INFO  [mc_indi_tiltrotor] YWdbg nu2=-0.037 ach2=-0.037 r=0.05 wsp2=0.01 ddelta=[0.0024 -0.0055 0.0003]
INFO  [mc_indi_tiltrotor] T0dbg1 G0=[-0.256 0.227 0.018 0.163 -0.987] nu_des=[-0.01 0.01 -0.05 -0.29 0.02]
INFO  [mc_indi_tiltrotor] T0dbg2 Ws34=[0.1 20.0] Wu0=1.0 du0=0.0055 dmin0=-18.9480 dmax0=26.0520
INFO  [mc_indi_tiltrotor] T2dbg1 G2=[-0.000 -0.650 0.060 0.002 -1.000] G5=[-0.756 -0.868 -0.001 12.595 0.021]
INFO  [mc_indi_tiltrotor] T2dbg2 Wu25=[1.0 9.0] du25=[-0.0110 -0.0002] dmax25=[32.4046 0.0120] nu_yaw=-0.048
INFO  [mc_indi_tiltrotor] WRdbg0 Wu0=1 lo0=-18.95 du0=0.0055 pin0=-0.006 a0=[0.013 0.005 0.002 0.000 -0.008]
INFO  [mc_indi_tiltrotor] WRdbg1 Wu1=1 lo1=-18.96 du1=0.0022 pin1=0.004 a1=[-0.012 0.004 0.015 -0.000 -0.008]
INFO  [mc_indi_tiltrotor] T0dbg1 G0=[-0.257 0.227 0.015 0.177 -0.984] nu_des=[0.01 -0.03 -0.01 -0.53 0.05]
INFO  [mc_indi_tiltrotor] T0dbg2 Ws34=[0.1 20.0] Wu0=1.0 du0=-0.0495 dmin0=-19.0279 dmax0=25.9721
INFO  [mc_indi_tiltrotor] T2dbg1 G2=[-0.000 -0.650 0.060 0.001 -1.000] G5=[-0.762 -0.883 -0.001 12.708 0.010]
INFO  [mc_indi_tiltrotor] T2dbg2 Wu25=[1.0 9.0] du25=[0.0158 -0.0003] dmax25=[32.2921 0.0120] nu_yaw=-0.009
INFO  [mc_indi_tiltrotor] WRdbg0 Wu0=1 lo0=-19.03 du0=-0.0495 pin0=0.000 a0=[-0.012 -0.019 -0.001 -0.003 -0.015]
INFO  [mc_indi_tiltrotor] WRdbg1 Wu1=1 lo1=-19.21 du1=-0.0136 pin1=0.000 a1=[0.012 -0.011 0.003 0.001 -0.020]
INFO  [mc_indi_tiltrotor] YWdbg nu2=0.050 ach2=0.049 r=-0.04 wsp2=-0.03 ddelta=[-0.0043 0.0061 -0.0001]
INFO  [mc_indi_tiltrotor] T0dbg1 G0=[-0.257 0.227 0.017 0.168 -0.986] nu_des=[0.01 -0.02 0.04 -0.56 0.12]
INFO  [mc_indi_tiltrotor] T0dbg2 Ws34=[0.1 20.0] Wu0=1.0 du0=-0.0749 dmin0=-18.7902 dmax0=26.2098
INFO  [mc_indi_tiltrotor] T2dbg1 G2=[-0.000 -0.650 0.060 0.000 -1.000] G5=[-0.756 -0.880 -0.000 12.594 0.002]
INFO  [mc_indi_tiltrotor] T2dbg2 Wu25=[1.0 9.0] du25=[-0.0029 -0.0000] dmax25=[32.4060 0.0120] nu_yaw=0.038
INFO  [mc_indi_tiltrotor] WRdbg0 Wu0=1 lo0=-18.79 du0=-0.0749 pin0=0.000 a0=[-0.022 -0.015 0.003 -0.003 -0.039]
INFO  [mc_indi_tiltrotor] WRdbg1 Wu1=1 lo1=-19.52 du1=-0.0493 pin1=0.000 a1=[0.022 -0.009 -0.014 0.001 -0.049]
INFO  [mc_indi_tiltrotor] T0dbg1 G0=[-0.256 0.227 0.019 0.161 -0.987] nu_des=[-0.01 -0.01 0.01 -0.61 -0.02]
INFO  [mc_indi_tiltrotor] T0dbg2 Ws34=[0.1 20.0] Wu0=1.0 du0=0.0111 dmin0=-18.6741 dmax0=26.3259
INFO  [mc_indi_tiltrotor] T2dbg1 G2=[-0.000 -0.650 0.060 0.000 -1.000] G5=[-0.744 -0.866 -0.000 12.405 0.004]
INFO  [mc_indi_tiltrotor] T2dbg2 Wu25=[1.0 9.0] du25=[0.0028 0.0001] dmax25=[32.5952 0.0120] nu_yaw=0.006
INFO  [mc_indi_tiltrotor] WRdbg0 Wu0=1 lo0=-18.67 du0=0.0111 pin0=0.000 a0=[0.011 -0.005 0.001 -0.003 0.007]
INFO  [mc_indi_tiltrotor] WRdbg1 Wu1=1 lo1=-19.49 du1=-0.0060 pin1=0.000 a1=[-0.011 -0.003 -0.002 0.001 0.009]
INFO  [mc_indi_tiltrotor] YWdbg nu2=-0.016 ach2=-0.018 r=0.00 wsp2=0.03 ddelta=[0.0003 -0.0036 0.0006]
INFO  [mc_indi_tiltrotor] T0dbg1 G0=[-0.256 0.227 0.020 0.156 -0.988] nu_des=[0.00 -0.00 -0.02 -0.37 0.00]
INFO  [mc_indi_tiltrotor] T0dbg2 Ws34=[0.1 20.0] Wu0=1.0 du0=-0.0101 dmin0=-18.9988 dmax0=26.0012
INFO  [mc_indi_tiltrotor] T2dbg1 G2=[-0.000 -0.650 0.060 0.001 -1.000] G5=[-0.755 -0.875 -0.001 12.581 0.009]
INFO  [mc_indi_tiltrotor] T2dbg2 Wu25=[1.0 9.0] du25=[0.0015 -0.0004] dmax25=[32.4185 0.0120] nu_yaw=-0.018
INFO  [mc_indi_tiltrotor] WRdbg0 Wu0=1 lo0=-19.00 du0=-0.0101 pin0=0.000 a0=[-0.003 -0.002 -0.002 -0.002 -0.001]
INFO  [mc_indi_tiltrotor] WRdbg1 Wu1=1 lo1=-19.35 du1=0.0084 pin1=0.000 a1=[0.003 -0.001 0.007 0.001 -0.001]
INFO  [mc_indi_tiltrotor] T0dbg1 G0=[-0.256 0.227 0.018 0.164 -0.986] nu_des=[-0.01 0.01 -0.04 -0.28 0.03]
INFO  [mc_indi_tiltrotor] T0dbg2 Ws34=[0.1 20.0] Wu0=1.0 du0=0.0006 dmin0=-18.9765 dmax0=26.0235
INFO  [mc_indi_tiltrotor] T2dbg1 G2=[-0.000 -0.650 0.060 0.001 -1.000] G5=[-0.761 -0.878 -0.001 12.679 0.015]
INFO  [mc_indi_tiltrotor] T2dbg2 Wu25=[1.0 9.0] du25=[-0.0082 -0.0001] dmax25=[32.3213 0.0120] nu_yaw=-0.042
INFO  [mc_indi_tiltrotor] WRdbg0 Wu0=1 lo0=-18.98 du0=0.0006 pin0=-0.003 a0=[0.010 0.003 0.002 0.000 -0.011]
INFO  [mc_indi_tiltrotor] WRdbg1 Wu1=1 lo1=-19.10 du1=-0.0030 pin1=0.002 a1=[-0.009 0.003 0.013 -0.000 -0.011]
INFO  [mc_indi_tiltrotor] YWdbg nu2=0.023 ach2=0.023 r=0.01 wsp2=-0.02 ddelta=[-0.0022 0.0027 -0.0004]
INFO  [mc_indi_tiltrotor] T0dbg1 G0=[-0.256 0.227 0.018 0.166 -0.986] nu_des=[0.01 0.02 0.03 -0.41 -0.00]
INFO  [mc_indi_tiltrotor] T0dbg2 Ws34=[0.1 20.0] Wu0=1.0 du0=-0.0028 dmin0=-18.8015 dmax0=26.1985
INFO  [mc_indi_tiltrotor] T2dbg1 G2=[-0.000 -0.650 0.060 0.000 -1.000] G5=[-0.755 -0.879 -0.000 12.585 0.003]
INFO  [mc_indi_tiltrotor] T2dbg2 Wu25=[1.0 1000000.0] du25=[-0.0152 -0.0003] dmax25=[32.4152 0.0120] nu_yaw=0.026
INFO  [mc_indi_tiltrotor] WRdbg0 Wu0=1 lo0=-18.80 du0=-0.0028 pin0=0.000 a0=[-0.016 0.012 0.002 -0.002 0.001]
INFO  [mc_indi_tiltrotor] WRdbg1 Wu1=1 lo1=-19.20 du1=0.0148 pin1=-0.000 a1=[0.016 0.007 -0.010 0.001 0.001]
INFO  [mc_indi_tiltrotor] T0dbg1 G0=[-0.256 0.227 0.019 0.161 -0.987] nu_des=[0.00 -0.00 -0.01 -0.48 0.01]
INFO  [mc_indi_tiltrotor] T0dbg2 Ws34=[0.1 20.0] Wu0=1.0 du0=-0.0161 dmin0=-18.8343 dmax0=26.1657
INFO  [mc_indi_tiltrotor] T2dbg1 G2=[-0.000 -0.650 0.060 0.000 -1.000] G5=[-0.754 -0.877 -0.000 12.562 0.004]
INFO  [mc_indi_tiltrotor] T2dbg2 Wu25=[1.0 1000000.0] du25=[-0.0001 -0.0003] dmax25=[32.4377 0.0120] nu_yaw=-0.008
INFO  [mc_indi_tiltrotor] WRdbg0 Wu0=1 lo0=-18.83 du0=-0.0161 pin0=0.000 a0=[-0.005 -0.003 -0.001 -0.002 -0.004]
INFO  [mc_indi_tiltrotor] WRdbg1 Wu1=1 lo1=-19.51 du1=0.0016 pin1=-0.001 a1=[0.005 -0.002 0.003 0.001 -0.006]
INFO  [mc_indi_tiltrotor] YWdbg nu2=-0.006 ach2=-0.006 r=-0.01 wsp2=0.01 ddelta=[-0.0005 -0.0015 -0.0001]
INFO  [mc_indi_tiltrotor] T0dbg1 G0=[-0.256 0.227 0.020 0.157 -0.988] nu_des=[-0.00 -0.01 -0.02 -0.27 0.00]
INFO  [mc_indi_tiltrotor] T0dbg2 Ws34=[0.1 20.0] Wu0=1.0 du0=-0.0066 dmin0=-18.9168 dmax0=26.0832
INFO  [mc_indi_tiltrotor] T2dbg1 G2=[-0.000 -0.650 0.060 0.000 -1.000] G5=[-0.757 -0.881 -0.000 12.611 0.003]
INFO  [mc_indi_tiltrotor] T2dbg2 Wu25=[1.0 9.0] du25=[0.0057 0.0000] dmax25=[32.3890 0.0120] nu_yaw=-0.016
INFO  [mc_indi_tiltrotor] WRdbg0 Wu0=1 lo0=-18.92 du0=-0.0066 pin0=0.000 a0=[0.005 -0.007 -0.002 -0.001 -0.001]
INFO  [mc_indi_tiltrotor] WRdbg1 Wu1=1 lo1=-19.53 du1=-0.0035 pin1=0.000 a1=[-0.005 -0.004 0.006 0.001 -0.002]
INFO  [mc_indi_tiltrotor] T0dbg1 G0=[-0.256 0.227 0.019 0.159 -0.987] nu_des=[-0.01 -0.02 -0.02 -0.18 0.03]
INFO  [mc_indi_tiltrotor] T0dbg2 Ws34=[0.1 20.0] Wu0=1.0 du0=-0.0151 dmin0=-19.0408 dmax0=25.9592
INFO  [mc_indi_tiltrotor] T2dbg1 G2=[-0.000 -0.650 0.060 0.001 -1.000] G5=[-0.761 -0.883 -0.000 12.691 0.008]
INFO  [mc_indi_tiltrotor] T2dbg2 Wu25=[1.0 9.0] du25=[0.0168 0.0006] dmax25=[32.3087 0.0120] nu_yaw=-0.019
INFO  [mc_indi_tiltrotor] WRdbg0 Wu0=1 lo0=-19.04 du0=-0.0151 pin0=-0.003 a0=[0.012 -0.012 0.001 0.000 -0.012]
INFO  [mc_indi_tiltrotor] WRdbg1 Wu1=1 lo1=-19.43 du1=-0.0266 pin1=0.002 a1=[-0.011 -0.011 0.006 -0.000 -0.012]
INFO  [mc_indi_tiltrotor] YWdbg nu2=0.014 ach2=0.014 r=0.02 wsp2=-0.02 ddelta=[-0.0020 0.0008 -0.0002]
INFO  [mc_indi_tiltrotor] T0dbg1 G0=[-0.257 0.227 0.017 0.168 -0.986] nu_des=[-0.01 -0.01 0.01 -0.36 -0.00]
INFO  [mc_indi_tiltrotor] T0dbg2 Ws34=[0.1 20.0] Wu0=1.0 du0=0.0038 dmin0=-18.9924 dmax0=26.0076
INFO  [mc_indi_tiltrotor] T2dbg1 G2=[-0.000 -0.650 0.060 0.001 -1.000] G5=[-0.756 -0.876 -0.001 12.600 0.009]
INFO  [mc_indi_tiltrotor] T2dbg2 Wu25=[1.0 9.0] du25=[-0.0007 0.0002] dmax25=[32.3996 0.0120] nu_yaw=0.009
INFO  [mc_indi_tiltrotor] WRdbg0 Wu0=1 lo0=-18.99 du0=0.0038 pin0=0.000 a0=[0.009 -0.004 0.001 -0.002 0.000]
INFO  [mc_indi_tiltrotor] WRdbg1 Wu1=1 lo1=-19.24 du1=-0.0130 pin1=0.000 a1=[-0.008 -0.002 -0.004 0.001 0.000]
INFO  [mc_indi_tiltrotor] T0dbg1 G0=[-0.256 0.227 0.019 0.160 -0.987] nu_des=[0.01 0.01 0.03 -0.30 0.00]
INFO  [mc_indi_tiltrotor] T0dbg2 Ws34=[0.1 20.0] Wu0=1.0 du0=-0.0127 dmin0=-18.8782 dmax0=26.1218
INFO  [mc_indi_tiltrotor] T2dbg1 G2=[-0.000 -0.650 0.060 0.000 -1.000] G5=[-0.756 -0.880 -0.000 12.598 0.003]
INFO  [mc_indi_tiltrotor] T2dbg2 Wu25=[1.0 1000000.0] du25=[-0.0057 -0.0002] dmax25=[32.4020 0.0120] nu_yaw=0.028
INFO  [mc_indi_tiltrotor] WRdbg0 Wu0=1 lo0=-18.88 du0=-0.0127 pin0=0.000 a0=[-0.019 0.005 0.003 -0.001 -0.000]
INFO  [mc_indi_tiltrotor] WRdbg1 Wu1=1 lo1=-19.27 du1=0.0117 pin1=-0.000 a1=[0.019 0.003 -0.011 0.001 -0.001]
INFO  [mc_indi_tiltrotor] YWdbg nu2=0.026 ach2=0.027 r=-0.04 wsp2=0.01 ddelta=[-0.0024 0.0032 -0.0001]
INFO  [mc_indi_tiltrotor] T0dbg1 G0=[-0.256 0.227 0.020 0.156 -0.988] nu_des=[0.01 0.03 -0.02 -0.38 0.07]
INFO  [mc_indi_tiltrotor] T0dbg2 Ws34=[0.1 20.0] Wu0=1.0 du0=-0.0119 dmin0=-18.8427 dmax0=26.1573
INFO  [mc_indi_tiltrotor] T2dbg1 G2=[-0.000 -0.650 0.060 0.000 -1.000] G5=[-0.760 -0.884 -0.000 12.661 0.004]
INFO  [mc_indi_tiltrotor] T2dbg2 Wu25=[1.0 1000000.0] du25=[-0.0437 -0.0003] dmax25=[32.3386 0.0120] nu_yaw=-0.017
INFO  [mc_indi_tiltrotor] WRdbg0 Wu0=1 lo0=-18.84 du0=-0.0119 pin0=0.000 a0=[-0.011 0.024 -0.002 -0.002 -0.022]
INFO  [mc_indi_tiltrotor] WRdbg1 Wu1=1 lo1=-19.46 du1=0.0065 pin1=-0.001 a1=[0.011 0.016 0.007 0.001 -0.027]
INFO  [mc_indi_tiltrotor] T0dbg1 G0=[-0.256 0.227 0.019 0.162 -0.987] nu_des=[-0.00 0.02 -0.03 -0.29 0.05]
INFO  [mc_indi_tiltrotor] T0dbg2 Ws34=[0.1 20.0] Wu0=1.0 du0=-0.0007 dmin0=-18.8170 dmax0=26.1830
INFO  [mc_indi_tiltrotor] T2dbg1 G2=[-0.000 -0.650 0.060 0.000 -1.000] G5=[-0.759 -0.883 -0.000 12.642 0.003]
INFO  [mc_indi_tiltrotor] T2dbg2 Wu25=[1.0 1000000.0] du25=[-0.0308 -0.0002] dmax25=[32.3581 0.0120] nu_yaw=-0.031
INFO  [mc_indi_tiltrotor] WRdbg0 Wu0=1 lo0=-18.82 du0=-0.0007 pin0=0.000 a0=[0.006 0.015 -0.003 -0.001 -0.017]
INFO  [mc_indi_tiltrotor] WRdbg1 Wu1=1 lo1=-19.42 du1=-0.0057 pin1=-0.000 a1=[-0.006 0.009 0.013 0.001 -0.021]
INFO  [mc_indi_tiltrotor] YWdbg nu2=0.008 ach2=0.008 r=0.02 wsp2=-0.01 ddelta=[-0.0024 -0.0009 -0.0000]
INFO  [mc_indi_tiltrotor] T0dbg1 G0=[-0.256 0.227 0.019 0.162 -0.987] nu_des=[-0.00 -0.01 0.01 -0.32 -0.01]
INFO  [mc_indi_tiltrotor] T0dbg2 Ws34=[0.1 20.0] Wu0=1.0 du0=0.0049 dmin0=-18.9127 dmax0=26.0873
INFO  [mc_indi_tiltrotor] T2dbg1 G2=[-0.000 -0.650 0.060 0.001 -1.000] G5=[-0.750 -0.870 -0.000 12.497 0.007]
INFO  [mc_indi_tiltrotor] T2dbg2 Wu25=[1.0 9.0] du25=[0.0020 0.0002] dmax25=[32.5029 0.0120] nu_yaw=0.015
INFO  [mc_indi_tiltrotor] WRdbg0 Wu0=1 lo0=-18.91 du0=0.0049 pin0=0.000 a0=[0.005 -0.004 0.001 -0.002 0.003]
INFO  [mc_indi_tiltrotor] WRdbg1 Wu1=1 lo1=-19.28 du1=-0.0083 pin1=0.000 a1=[-0.005 -0.002 -0.006 0.001 0.004]
INFO  [mc_indi_tiltrotor] T0dbg1 G0=[-0.256 0.227 0.020 0.156 -0.988] nu_des=[0.01 -0.00 -0.00 -0.21 0.02]
INFO  [mc_indi_tiltrotor] T0dbg2 Ws34=[0.1 20.0] Wu0=1.0 du0=-0.0169 dmin0=-19.0051 dmax0=25.9949
INFO  [mc_indi_tiltrotor] T2dbg1 G2=[-0.000 -0.650 0.060 0.001 -1.000] G5=[-0.754 -0.876 -0.000 12.572 0.007]
INFO  [mc_indi_tiltrotor] T2dbg2 Wu25=[1.0 9.0] du25=[-0.0010 -0.0004] dmax25=[32.4282 0.0120] nu_yaw=-0.002
INFO  [mc_indi_tiltrotor] WRdbg0 Wu0=1 lo0=-19.01 du0=-0.0169 pin0=0.000 a0=[-0.009 -0.001 -0.000 -0.001 -0.006]
INFO  [mc_indi_tiltrotor] WRdbg1 Wu1=1 lo1=-19.26 du1=0.0029 pin1=0.000 a1=[0.009 -0.001 0.001 0.000 -0.007]
INFO  [mc_indi_tiltrotor] back-transition: state 3 -> 0 (v_h=0.1, v_fwd=+0.1 m/s, ceil=90.0 deg)
INFO  [mc_indi_tiltrotor] YWdbg nu2=0.004 ach2=0.004 r=-0.01 wsp2=0.00 ddelta=[0.0120 0.0120 0.0023]
INFO  [mc_indi_tiltrotor] T0dbg1 G0=[-0.256 0.227 0.021 0.155 -0.988] nu_des=[-0.01 0.05 -0.04 0.20 -0.22]
INFO  [mc_indi_tiltrotor] T0dbg2 Ws34=[0.1 20.0] Wu0=1.0 du0=0.1199 dmin0=-16.3075 dmax0=28.6925
INFO  [mc_indi_tiltrotor] T2dbg1 G2=[-0.000 -0.650 0.060 0.003 -1.000] G5=[-0.665 -0.754 -0.002 11.084 0.034]
INFO  [mc_indi_tiltrotor] T2dbg2 Wu25=[1.0 9.0] du25=[-0.0070 -0.0010] dmax25=[33.9157 0.0120] nu_yaw=-0.037
INFO  [mc_indi_tiltrotor] WRdbg0 Wu0=1 lo0=-16.31 du0=0.1199 pin0=0.000 a0=[0.013 0.037 -0.004 0.001 0.074]
INFO  [mc_indi_tiltrotor] WRdbg1 Wu1=1 lo1=-16.63 du1=0.1114 pin1=0.000 a1=[-0.012 0.023 0.014 -0.000 0.086]
INFO  [mc_indi_tiltrotor] T0dbg1 G0=[-0.256 0.227 0.018 0.164 -0.987] nu_des=[-0.00 -0.01 -0.02 -0.29 -0.09]
INFO  [mc_indi_tiltrotor] T0dbg2 Ws34=[0.1 20.0] Wu0=1.0 du0=0.0307 dmin0=-19.2056 dmax0=25.7944
INFO  [mc_indi_tiltrotor] T2dbg1 G2=[-0.000 -0.650 0.060 0.002 -1.000] G5=[-0.778 -0.894 -0.001 12.970 0.022]
INFO  [mc_indi_tiltrotor] T2dbg2 Wu25=[1.0 9.0] du25=[0.0345 -0.0002] dmax25=[32.0298 0.0120] nu_yaw=-0.021
INFO  [mc_indi_tiltrotor] WRdbg0 Wu0=1 lo0=-19.21 du0=0.0307 pin0=-0.002 a0=[0.001 -0.004 0.001 0.000 0.034]
INFO  [mc_indi_tiltrotor] WRdbg1 Wu1=1 lo1=-19.82 du1=0.0363 pin1=0.001 a1=[-0.001 -0.004 0.006 -0.000 0.034]
INFO  [mc_indi_tiltrotor] YWdbg nu2=0.011 ach2=0.012 r=0.02 wsp2=-0.03 ddelta=[0.0007 0.0033 -0.0008]
INFO  [mc_indi_tiltrotor] T0dbg1 G0=[-0.257 0.227 0.017 0.169 -0.986] nu_des=[-0.00 -0.00 0.03 -0.46 -0.00]
INFO  [mc_indi_tiltrotor] T0dbg2 Ws34=[0.1 20.0] Wu0=1.0 du0=0.0016 dmin0=-19.3595 dmax0=25.6405
INFO  [mc_indi_tiltrotor] T2dbg1 G2=[-0.000 -0.650 0.060 0.001 -1.000] G5=[-0.779 -0.901 -0.001 12.975 0.011]
INFO  [mc_indi_tiltrotor] T2dbg2 Wu25=[1.0 9.0] du25=[-0.0039 0.0002] dmax25=[32.0247 0.0120] nu_yaw=0.027
INFO  [mc_indi_tiltrotor] WRdbg0 Wu0=1 lo0=-19.36 du0=0.0016 pin0=0.000 a0=[0.004 -0.002 0.002 -0.002 0.000]
INFO  [mc_indi_tiltrotor] WRdbg1 Wu1=1 lo1=-20.02 du1=-0.0139 pin1=0.000 a1=[-0.004 -0.001 -0.010 0.001 0.000]
INFO  [mc_indi_tiltrotor] T0dbg1 G0=[-0.256 0.227 0.019 0.162 -0.987] nu_des=[-0.01 -0.16 0.01 -0.18 -0.33]
INFO  [mc_indi_tiltrotor] T0dbg2 Ws34=[0.1 20.0] Wu0=1.0 du0=0.0205 dmin0=-17.2604 dmax0=27.7396
INFO  [mc_indi_tiltrotor] T2dbg1 G2=[-0.000 -0.650 0.060 0.003 -1.000] G5=[-0.681 -0.774 -0.002 11.347 0.032]
INFO  [mc_indi_tiltrotor] T2dbg2 Wu25=[1.0 9.0] du25=[0.2359 0.0022] dmax25=[33.6532 0.0120] nu_yaw=0.012
INFO  [mc_indi_tiltrotor] WRdbg0 Wu0=1 lo0=-17.26 du0=0.0205 pin0=-0.019 a0=[0.012 -0.094 0.000 0.000 0.121]
INFO  [mc_indi_tiltrotor] WRdbg1 Wu1=1 lo1=-17.61 du1=0.0345 pin1=0.011 a1=[-0.012 -0.087 -0.000 -0.000 0.123]
INFO  [mc_indi_tiltrotor] YWdbg nu2=-0.016 ach2=-0.015 r=-0.02 wsp2=0.01 ddelta=[0.0016 -0.0013 -0.0005]
INFO  [mc_indi_tiltrotor] T0dbg1 G0=[-0.256 0.227 0.021 0.155 -0.988] nu_des=[-0.00 0.00 -0.03 -0.16 -0.01]
INFO  [mc_indi_tiltrotor] T0dbg2 Ws34=[0.1 20.0] Wu0=1.0 du0=0.0058 dmin0=-19.3931 dmax0=25.6069
INFO  [mc_indi_tiltrotor] T2dbg1 G2=[-0.000 -0.650 0.060 0.003 -1.000] G5=[-0.770 -0.877 -0.002 12.835 0.032]
INFO  [mc_indi_tiltrotor] T2dbg2 Wu25=[1.0 9.0] du25=[0.0028 -0.0003] dmax25=[32.1652 0.0120] nu_yaw=-0.034
INFO  [mc_indi_tiltrotor] WRdbg0 Wu0=1 lo0=-19.39 du0=0.0058 pin0=-0.001 a0=[0.002 0.003 0.000 0.000 0.002]
INFO  [mc_indi_tiltrotor] WRdbg1 Wu1=1 lo1=-19.62 du1=0.0135 pin1=0.001 a1=[-0.002 0.002 0.010 -0.000 0.002]
INFO  [mc_indi_tiltrotor] T0dbg1 G0=[-0.256 0.227 0.018 0.164 -0.987] nu_des=[-0.01 -0.01 0.00 -0.36 0.01]
INFO  [mc_indi_tiltrotor] T0dbg2 Ws34=[0.1 20.0] Wu0=1.0 du0=0.0104 dmin0=-19.2860 dmax0=25.7140
INFO  [mc_indi_tiltrotor] T2dbg1 G2=[-0.000 -0.650 0.060 0.001 -1.000] G5=[-0.774 -0.892 -0.001 12.906 0.017]
INFO  [mc_indi_tiltrotor] T2dbg2 Wu25=[1.0 9.0] du25=[-0.0026 0.0006] dmax25=[32.0941 0.0120] nu_yaw=0.003
INFO  [mc_indi_tiltrotor] WRdbg0 Wu0=1 lo0=-19.29 du0=0.0104 pin0=0.000 a0=[0.020 -0.006 0.000 -0.002 -0.002]
INFO  [mc_indi_tiltrotor] WRdbg1 Wu1=1 lo1=-19.79 du1=-0.0260 pin1=0.000 a1=[-0.020 -0.003 -0.001 0.001 -0.003]
INFO  [mc_indi_tiltrotor] YWdbg nu2=0.019 ach2=0.019 r=-0.01 wsp2=-0.00 ddelta=[-0.0031 0.0007 -0.0001]
INFO  [mc_indi_tiltrotor] T0dbg1 G0=[-0.256 0.227 0.018 0.163 -0.987] nu_des=[0.00 -0.08 0.02 -0.08 -0.70]
INFO  [mc_indi_tiltrotor] T0dbg2 Ws34=[0.1 20.0] Wu0=1.0 du0=0.1929 dmin0=-16.8406 dmax0=28.1594
INFO  [mc_indi_tiltrotor] T2dbg1 G2=[-0.000 -0.650 0.060 0.003 -1.000] G5=[-0.676 -0.769 -0.002 11.275 0.031]
INFO  [mc_indi_tiltrotor] T2dbg2 Wu25=[1.0 9.0] du25=[0.2414 -0.0005] dmax25=[33.7250 0.0120] nu_yaw=0.016
INFO  [mc_indi_tiltrotor] WRdbg0 Wu0=1 lo0=-16.84 du0=0.1929 pin0=-0.018 a0=[-0.006 -0.045 0.000 0.000 0.261]
INFO  [mc_indi_tiltrotor] WRdbg1 Wu1=1 lo1=-17.50 du1=0.2371 pin1=0.009 a1=[0.006 -0.041 -0.001 -0.000 0.264]
INFO  [mc_indi_tiltrotor] T0dbg1 G0=[-0.256 0.227 0.019 0.159 -0.987] nu_des=[-0.01 0.01 -0.03 -0.22 -0.03]
INFO  [mc_indi_tiltrotor] T0dbg2 Ws34=[0.1 20.0] Wu0=1.0 du0=0.0317 dmin0=-19.2323 dmax0=25.7677
INFO  [mc_indi_tiltrotor] T2dbg1 G2=[-0.000 -0.650 0.060 0.002 -1.000] G5=[-0.774 -0.883 -0.002 12.906 0.032]
INFO  [mc_indi_tiltrotor] T2dbg2 Wu25=[1.0 9.0] du25=[0.0066 0.0002] dmax25=[32.0939 0.0120] nu_yaw=-0.032
INFO  [mc_indi_tiltrotor] WRdbg0 Wu0=1 lo0=-19.23 du0=0.0317 pin0=-0.001 a0=[0.017 0.004 0.001 0.000 0.011]
INFO  [mc_indi_tiltrotor] WRdbg1 Wu1=1 lo1=-19.70 du1=0.0091 pin1=0.001 a1=[-0.015 0.004 0.010 -0.000 0.011]
INFO  [mc_indi_tiltrotor] YWdbg nu2=0.013 ach2=0.012 r=0.01 wsp2=-0.01 ddelta=[-0.0042 -0.0020 0.0003]
INFO  [mc_indi_tiltrotor] T0dbg1 G0=[-0.256 0.227 0.019 0.163 -0.987] nu_des=[0.01 0.00 0.01 -0.36 -0.01]
INFO  [mc_indi_tiltrotor] T0dbg2 Ws34=[0.1 20.0] Wu0=1.0 du0=-0.0141 dmin0=-19.4674 dmax0=25.5326
INFO  [mc_indi_tiltrotor] T2dbg1 G2=[-0.000 -0.650 0.060 0.002 -1.000] G5=[-0.773 -0.887 -0.001 12.881 0.022]
INFO  [mc_indi_tiltrotor] T2dbg2 Wu25=[1.0 9.0] du25=[0.0042 -0.0007] dmax25=[32.1192 0.0120] nu_yaw=0.010
INFO  [mc_indi_tiltrotor] WRdbg0 Wu0=1 lo0=-19.47 du0=-0.0141 pin0=0.000 a0=[-0.017 0.000 0.001 -0.002 0.004]
INFO  [mc_indi_tiltrotor] WRdbg1 Wu1=1 lo1=-19.87 du1=0.0189 pin1=0.000 a1=[0.017 0.000 -0.004 0.001 0.005]
INFO  [mc_indi_tiltrotor] T0dbg1 G0=[-0.256 0.227 0.019 0.162 -0.987] nu_des=[0.01 0.05 -0.00 -0.08 -0.09]
INFO  [mc_indi_tiltrotor] T0dbg2 Ws34=[0.1 20.0] Wu0=1.0 du0=0.0526 dmin0=-16.6804 dmax0=28.3196
INFO  [mc_indi_tiltrotor] T2dbg1 G2=[-0.000 -0.650 0.060 0.003 -1.000] G5=[-0.658 -0.744 -0.002 10.968 0.037]
INFO  [mc_indi_tiltrotor] T2dbg2 Wu25=[1.0 9.0] du25=[-0.0283 -0.0013] dmax25=[34.0321 0.0120] nu_yaw=-0.001
INFO  [mc_indi_tiltrotor] WRdbg0 Wu0=1 lo0=-16.68 du0=0.0526 pin0=0.000 a0=[-0.012 0.035 -0.000 -0.000 0.030]
INFO  [mc_indi_tiltrotor] WRdbg1 Wu1=1 lo1=-16.99 du1=0.0715 pin1=0.000 a1=[0.012 0.023 0.000 0.000 0.036]
INFO  [mc_indi_tiltrotor] YWdbg nu2=-0.017 ach2=-0.015 r=0.00 wsp2=0.01 ddelta=[0.0008 -0.0022 -0.0003]
INFO  [mc_indi_tiltrotor] T0dbg1 G0=[-0.256 0.227 0.020 0.157 -0.988] nu_des=[-0.01 0.00 -0.03 -0.15 -0.01]
INFO  [mc_indi_tiltrotor] T0dbg2 Ws34=[0.1 20.0] Wu0=1.0 du0=0.0241 dmin0=-18.9729 dmax0=26.0271
INFO  [mc_indi_tiltrotor] T2dbg1 G2=[-0.000 -0.650 0.060 0.003 -1.000] G5=[-0.762 -0.867 -0.002 12.702 0.034]
INFO  [mc_indi_tiltrotor] T2dbg2 Wu25=[1.0 9.0] du25=[0.0031 0.0003] dmax25=[32.2978 0.0120] nu_yaw=-0.032
INFO  [mc_indi_tiltrotor] WRdbg0 Wu0=1 lo0=-18.97 du0=0.0241 pin0=-0.001 a0=[0.020 0.002 0.001 0.000 0.003]
INFO  [mc_indi_tiltrotor] WRdbg1 Wu1=1 lo1=-19.42 du1=-0.0030 pin1=0.001 a1=[-0.018 0.002 0.010 -0.000 0.003]
INFO  [mc_indi_tiltrotor] T0dbg1 G0=[-0.257 0.227 0.016 0.172 -0.985] nu_des=[0.01 -0.03 0.03 -0.56 -0.00]
INFO  [mc_indi_tiltrotor] T0dbg2 Ws34=[0.1 20.0] Wu0=1.0 du0=-0.0357 dmin0=-19.3450 dmax0=25.6550
INFO  [mc_indi_tiltrotor] T2dbg1 G2=[-0.000 -0.650 0.060 0.002 -1.000] G5=[-0.774 -0.891 -0.001 12.906 0.020]
INFO  [mc_indi_tiltrotor] T2dbg2 Wu25=[1.0 9.0] du25=[0.0246 -0.0002] dmax25=[32.0943 0.0120] nu_yaw=0.031
INFO  [mc_indi_tiltrotor] WRdbg0 Wu0=1 lo0=-19.34 du0=-0.0357 pin0=0.000 a0=[-0.015 -0.020 0.002 -0.003 0.000]
INFO  [mc_indi_tiltrotor] WRdbg1 Wu1=1 lo1=-19.90 du1=-0.0064 pin1=0.000 a1=[0.015 -0.012 -0.012 0.001 0.000]
INFO  [mc_indi_tiltrotor] YWdbg nu2=0.033 ach2=0.032 r=-0.03 wsp2=-0.02 ddelta=[-0.0030 0.0036 -0.0004]
INFO  [mc_indi_tiltrotor] T0dbg1 G0=[-0.256 0.227 0.018 0.165 -0.986] nu_des=[0.00 0.07 -0.01 -0.19 0.19]
INFO  [mc_indi_tiltrotor] T0dbg2 Ws34=[0.1 20.0] Wu0=1.0 du0=-0.0184 dmin0=-16.7417 dmax0=28.2583
INFO  [mc_indi_tiltrotor] T2dbg1 G2=[-0.000 -0.650 0.060 0.003 -1.000] G5=[-0.665 -0.754 -0.002 11.086 0.034]
INFO  [mc_indi_tiltrotor] T2dbg2 Wu25=[1.0 9.0] du25=[-0.1040 -0.0009] dmax25=[33.9144 0.0120] nu_yaw=-0.005
INFO  [mc_indi_tiltrotor] WRdbg0 Wu0=1 lo0=-16.74 du0=-0.0184 pin0=0.000 a0=[-0.008 0.052 -0.001 -0.001 -0.060]
INFO  [mc_indi_tiltrotor] WRdbg1 Wu1=1 lo1=-17.18 du1=-0.0302 pin1=0.000 a1=[0.008 0.033 0.002 0.000 -0.074]
INFO  [mc_indi_tiltrotor] T0dbg1 G0=[-0.256 0.227 0.021 0.152 -0.988] nu_des=[-0.01 0.01 -0.01 -0.10 -0.05]
INFO  [mc_indi_tiltrotor] T0dbg2 Ws34=[0.1 20.0] Wu0=1.0 du0=0.0396 dmin0=-19.2519 dmax0=25.7481
INFO  [mc_indi_tiltrotor] T2dbg1 G2=[-0.000 -0.650 0.060 0.002 -1.000] G5=[-0.770 -0.879 -0.002 12.838 0.031]
INFO  [mc_indi_tiltrotor] T2dbg2 Wu25=[1.0 9.0] du25=[-0.0016 0.0001] dmax25=[32.1621 0.0120] nu_yaw=-0.014
INFO  [mc_indi_tiltrotor] WRdbg0 Wu0=1 lo0=-19.25 du0=0.0396 pin0=-0.002 a0=[0.017 0.007 0.000 0.000 0.018]
INFO  [mc_indi_tiltrotor] WRdbg1 Wu1=1 lo1=-19.67 du1=0.0139 pin1=0.002 a1=[-0.016 0.006 0.004 -0.000 0.018]
INFO  [mc_indi_tiltrotor] YWdbg nu2=-0.041 ach2=-0.039 r=0.03 wsp2=0.00 ddelta=[0.0075 -0.0002 -0.0002]
INFO  [mc_indi_tiltrotor] T0dbg1 G0=[-0.256 0.227 0.018 0.166 -0.986] nu_des=[-0.01 -0.01 0.01 -0.45 0.02]
INFO  [mc_indi_tiltrotor] T0dbg2 Ws34=[0.1 20.0] Wu0=1.0 du0=-0.0036 dmin0=-19.4080 dmax0=25.5920
INFO  [mc_indi_tiltrotor] T2dbg1 G2=[-0.000 -0.650 0.060 0.002 -1.000] G5=[-0.770 -0.883 -0.001 12.826 0.022]
INFO  [mc_indi_tiltrotor] T2dbg2 Wu25=[1.0 9.0] du25=[-0.0028 0.0004] dmax25=[32.1735 0.0120] nu_yaw=0.014
INFO  [mc_indi_tiltrotor] WRdbg0 Wu0=1 lo0=-19.41 du0=-0.0036 pin0=0.000 a0=[0.010 -0.006 0.001 -0.002 -0.006]
INFO  [mc_indi_tiltrotor] WRdbg1 Wu1=1 lo1=-19.85 du1=-0.0249 pin1=0.000 a1=[-0.009 -0.004 -0.005 0.001 -0.008]
INFO  [mc_indi_tiltrotor] T0dbg1 G0=[-0.256 0.227 0.019 0.161 -0.987] nu_des=[-0.00 -0.11 0.03 -0.05 1.69]
INFO  [mc_indi_tiltrotor] T0dbg2 Ws34=[0.1 20.0] Wu0=1.0 du0=-0.6641 dmin0=-16.8622 dmax0=28.1378
INFO  [mc_indi_tiltrotor] T2dbg1 G2=[-0.000 -0.650 0.060 0.004 -1.000] G5=[-0.675 -0.761 -0.002 11.249 0.041]
INFO  [mc_indi_tiltrotor] T2dbg2 Wu25=[1.0 9.0] du25=[-0.2853 0.0049] dmax25=[33.7513 0.0120] nu_yaw=0.031
INFO  [mc_indi_tiltrotor] WRdbg0 Wu0=1 lo0=-16.86 du0=-0.6641 pin0=0.019 a0=[0.006 -0.064 0.001 0.000 -0.626]
INFO  [mc_indi_tiltrotor] WRdbg1 Wu1=1 lo1=-17.23 du1=-0.7121 pin1=-0.011 a1=[-0.006 -0.060 -0.001 -0.000 -0.634]
INFO  [mc_indi_tiltrotor] YWdbg nu2=-0.020 ach2=-0.019 r=-0.01 wsp2=0.00 ddelta=[-0.0001 -0.0042 -0.0001]
INFO  [mc_indi_tiltrotor] T0dbg1 G0=[-0.256 0.227 0.020 0.157 -0.988] nu_des=[-0.01 -0.00 -0.03 -0.14 -0.14]
INFO  [mc_indi_tiltrotor] T0dbg2 Ws34=[0.1 20.0] Wu0=1.0 du0=0.0742 dmin0=-18.8346 dmax0=26.1654
INFO  [mc_indi_tiltrotor] T2dbg1 G2=[-0.000 -0.650 0.060 0.003 -1.000] G5=[-0.760 -0.860 -0.002 12.664 0.041]
INFO  [mc_indi_tiltrotor] T2dbg2 Wu25=[1.0 9.0] du25=[0.0440 0.0005] dmax25=[32.3362 0.0120] nu_yaw=-0.033
INFO  [mc_indi_tiltrotor] WRdbg0 Wu0=1 lo0=-18.83 du0=0.0742 pin0=-0.002 a0=[0.025 -0.002 0.001 0.000 0.052]
INFO  [mc_indi_tiltrotor] WRdbg1 Wu1=1 lo1=-19.27 du1=0.0386 pin1=0.002 a1=[-0.024 -0.002 0.010 -0.000 0.052]
INFO  [mc_indi_tiltrotor] T0dbg1 G0=[-0.256 0.227 0.018 0.166 -0.986] nu_des=[-0.00 -0.00 -0.00 -0.34 -0.01]
INFO  [mc_indi_tiltrotor] T0dbg2 Ws34=[0.1 20.0] Wu0=1.0 du0=-0.0005 dmin0=-19.2479 dmax0=25.7521
INFO  [mc_indi_tiltrotor] T2dbg1 G2=[-0.000 -0.650 0.060 0.002 -1.000] G5=[-0.776 -0.886 -0.002 12.927 0.029]
INFO  [mc_indi_tiltrotor] T2dbg2 Wu25=[1.0 9.0] du25=[0.0058 -0.0001] dmax25=[32.0727 0.0120] nu_yaw=-0.001
INFO  [mc_indi_tiltrotor] WRdbg0 Wu0=1 lo0=-19.25 du0=-0.0005 pin0=-0.001 a0=[0.000 -0.003 0.000 0.000 0.002]
INFO  [mc_indi_tiltrotor] WRdbg1 Wu1=1 lo1=-19.79 du1=0.0006 pin1=0.001 a1=[-0.000 -0.002 0.000 -0.000 0.002]
INFO  [mc_indi_tiltrotor] YWdbg nu2=-0.000 ach2=-0.000 r=0.01 wsp2=-0.02 ddelta=[-0.0003 -0.0002 -0.0004]
INFO  [mc_indi_tiltrotor] T0dbg1 G0=[-0.257 0.227 0.017 0.169 -0.986] nu_des=[0.00 -0.15 0.00 -0.30 4.95]
INFO  [mc_indi_tiltrotor] T0dbg2 Ws34=[0.1 20.0] Wu0=1.0 du0=-1.9065 dmin0=-18.6001 dmax0=26.3999
INFO  [mc_indi_tiltrotor] T2dbg1 G2=[-0.000 -0.650 0.060 0.002 -1.000] G5=[-0.741 -0.846 -0.002 12.358 0.029]
INFO  [mc_indi_tiltrotor] T2dbg2 Wu25=[1.0 1000000.0] du25=[-1.0820 0.0120] dmax25=[32.6421 0.0120] nu_yaw=0.003
INFO  [mc_indi_tiltrotor] WRdbg0 Wu0=1 lo0=-18.60 du0=-1.9065 pin0=0.011 a0=[-0.008 -0.084 0.000 -0.000 -1.825]
INFO  [mc_indi_tiltrotor] WRdbg1 Wu1=1 lo1=-19.08 du1=-1.9437 pin1=0.008 a1=[0.008 -0.086 -0.000 -0.000 -1.873]
INFO  [mc_indi_tiltrotor] T0dbg1 G0=[-0.256 0.227 0.021 0.153 -0.988] nu_des=[0.00 -0.01 0.02 -0.11 -0.04]
INFO  [mc_indi_tiltrotor] T0dbg2 Ws34=[0.1 20.0] Wu0=1.0 du0=0.0021 dmin0=-18.9966 dmax0=26.0034
INFO  [mc_indi_tiltrotor] T2dbg1 G2=[-0.000 -0.650 0.060 0.003 -1.000] G5=[-0.756 -0.858 -0.002 12.598 0.037]
INFO  [mc_indi_tiltrotor] T2dbg2 Wu25=[1.0 9.0] du25=[0.0199 0.0001] dmax25=[32.4016 0.0120] nu_yaw=0.016
INFO  [mc_indi_tiltrotor] WRdbg0 Wu0=1 lo0=-19.00 du0=0.0021 pin0=0.000 a0=[-0.003 -0.010 0.002 -0.000 0.014]
INFO  [mc_indi_tiltrotor] WRdbg1 Wu1=1 lo1=-19.43 du1=0.0070 pin1=0.000 a1=[0.003 -0.006 -0.006 0.000 0.016]
INFO  [mc_indi_tiltrotor] YWdbg nu2=0.005 ach2=0.006 r=-0.02 wsp2=0.02 ddelta=[-0.0002 0.0010 -0.0002]
INFO  [mc_indi_tiltrotor] T0dbg1 G0=[-0.256 0.227 0.022 0.150 -0.989] nu_des=[-0.01 -0.00 -0.01 -0.05 0.00]
INFO  [mc_indi_tiltrotor] T0dbg2 Ws34=[0.1 20.0] Wu0=1.0 du0=0.0077 dmin0=-19.2195 dmax0=25.7805
INFO  [mc_indi_tiltrotor] T2dbg1 G2=[-0.000 -0.650 0.060 0.003 -1.000] G5=[-0.774 -0.880 -0.002 12.903 0.036]
INFO  [mc_indi_tiltrotor] T2dbg2 Wu25=[1.0 9.0] du25=[0.0028 0.0004] dmax25=[32.0966 0.0120] nu_yaw=-0.007
INFO  [mc_indi_tiltrotor] WRdbg0 Wu0=1 lo0=-19.22 du0=0.0077 pin0=-0.002 a0=[0.013 -0.002 -0.000 0.000 -0.002]
INFO  [mc_indi_tiltrotor] WRdbg1 Wu1=1 lo1=-19.71 du1=-0.0127 pin1=0.001 a1=[-0.012 -0.002 0.002 -0.000 -0.002]
INFO  [mc_indi_tiltrotor] T0dbg1 G0=[-0.256 0.227 0.019 0.161 -0.987] nu_des=[-0.00 -0.01 -0.04 -0.23 0.04]
INFO  [mc_indi_tiltrotor] T0dbg2 Ws34=[0.1 20.0] Wu0=1.0 du0=-0.0155 dmin0=-19.2221 dmax0=25.7779
INFO  [mc_indi_tiltrotor] T2dbg1 G2=[-0.000 -0.650 0.060 0.003 -1.000] G5=[-0.777 -0.884 -0.002 12.952 0.035]
INFO  [mc_indi_tiltrotor] T2dbg2 Wu25=[1.0 9.0] du25=[0.0069 0.0001] dmax25=[32.0479 0.0120] nu_yaw=-0.039
INFO  [mc_indi_tiltrotor] WRdbg0 Wu0=1 lo0=-19.22 du0=-0.0155 pin0=-0.000 a0=[0.004 -0.004 0.001 0.000 -0.016]
INFO  [mc_indi_tiltrotor] WRdbg1 Wu1=1 lo1=-19.72 du1=-0.0119 pin1=0.000 a1=[-0.004 -0.004 0.012 -0.000 -0.016]
INFO  [mc_indi_tiltrotor] YWdbg nu2=-0.013 ach2=-0.011 r=0.03 wsp2=-0.00 ddelta=[0.0000 -0.0028 0.0005]
INFO  [mc_indi_tiltrotor] T0dbg1 G0=[-0.256 0.227 0.018 0.166 -0.986] nu_des=[0.00 -0.05 -0.02 -0.30 -0.05]
INFO  [mc_indi_tiltrotor] T0dbg2 Ws34=[0.1 20.0] Wu0=1.0 du0=-0.0175 dmin0=-18.8904 dmax0=26.1096
INFO  [mc_indi_tiltrotor] T2dbg1 G2=[-0.000 -0.650 0.060 0.004 -1.000] G5=[-0.760 -0.856 -0.003 12.668 0.048]
INFO  [mc_indi_tiltrotor] T2dbg2 Wu25=[1.0 9.0] du25=[0.0779 0.0005] dmax25=[32.3323 0.0120] nu_yaw=-0.024
INFO  [mc_indi_tiltrotor] WRdbg0 Wu0=1 lo0=-18.89 du0=-0.0175 pin0=-0.001 a0=[-0.007 -0.031 0.001 0.000 0.020]
INFO  [mc_indi_tiltrotor] WRdbg1 Wu1=1 lo1=-19.33 du1=0.0063 pin1=0.001 a1=[0.006 -0.027 0.007 -0.000 0.020]
INFO  [mc_indi_tiltrotor] T0dbg1 G0=[-0.257 0.227 0.016 0.173 -0.985] nu_des=[-0.00 0.01 -0.00 -0.50 0.01]
INFO  [mc_indi_tiltrotor] T0dbg2 Ws34=[0.1 20.0] Wu0=1.0 du0=0.0061 dmin0=-19.3113 dmax0=25.6887
INFO  [mc_indi_tiltrotor] T2dbg1 G2=[-0.000 -0.650 0.060 0.003 -1.000] G5=[-0.768 -0.872 -0.002 12.794 0.037]
INFO  [mc_indi_tiltrotor] T2dbg2 Wu25=[1.0 9.0] du25=[-0.0111 -0.0002] dmax25=[32.2063 0.0120] nu_yaw=-0.002
INFO  [mc_indi_tiltrotor] WRdbg0 Wu0=1 lo0=-19.31 du0=0.0061 pin0=-0.000 a0=[0.005 0.005 0.000 0.000 -0.003]
INFO  [mc_indi_tiltrotor] WRdbg1 Wu1=1 lo1=-19.72 du1=-0.0027 pin1=0.000 a1=[-0.004 0.004 0.001 -0.000 -0.003]
INFO  [mc_indi_tiltrotor] YWdbg nu2=0.005 ach2=0.005 r=-0.01 wsp2=-0.03 ddelta=[-0.0014 -0.0003 -0.0002]
INFO  [mc_indi_tiltrotor] T0dbg1 G0=[-0.257 0.227 0.017 0.170 -0.985] nu_des=[-0.00 -0.00 0.01 -0.41 -0.00]
INFO  [mc_indi_tiltrotor] T0dbg2 Ws34=[0.1 20.0] Wu0=1.0 du0=0.0012 dmin0=-19.1956 dmax0=25.8044
INFO  [mc_indi_tiltrotor] T2dbg1 G2=[-0.000 -0.650 0.060 0.002 -1.000] G5=[-0.768 -0.878 -0.002 12.794 0.027]
INFO  [mc_indi_tiltrotor] T2dbg2 Wu25=[1.0 9.0] du25=[0.0013 0.0001] dmax25=[32.2064 0.0120] nu_yaw=0.011
INFO  [mc_indi_tiltrotor] WRdbg0 Wu0=1 lo0=-19.20 du0=0.0012 pin0=-0.001 a0=[0.006 -0.003 -0.001 0.000 0.000]
INFO  [mc_indi_tiltrotor] WRdbg1 Wu1=1 lo1=-19.73 du1=-0.0105 pin1=0.001 a1=[-0.005 -0.002 -0.003 -0.000 0.000]
INFO  [mc_indi_tiltrotor] T0dbg1 G0=[-0.256 0.227 0.020 0.156 -0.988] nu_des=[-0.01 -0.02 0.02 -0.21 -0.05]
INFO  [mc_indi_tiltrotor] T0dbg2 Ws34=[0.1 20.0] Wu0=1.0 du0=0.0142 dmin0=-18.6823 dmax0=26.3177
INFO  [mc_indi_tiltrotor] T2dbg1 G2=[-0.000 -0.650 0.060 0.003 -1.000] G5=[-0.752 -0.855 -0.002 12.528 0.033]
INFO  [mc_indi_tiltrotor] T2dbg2 Wu25=[1.0 9.0] du25=[0.0201 0.0005] dmax25=[32.4722 0.0120] nu_yaw=0.022
INFO  [mc_indi_tiltrotor] WRdbg0 Wu0=1 lo0=-18.68 du0=0.0142 pin0=0.000 a0=[0.008 -0.012 0.002 -0.001 0.017]
INFO  [mc_indi_tiltrotor] WRdbg1 Wu1=1 lo1=-19.33 du1=-0.0028 pin1=0.000 a1=[-0.008 -0.007 -0.008 0.000 0.020]
INFO  [mc_indi_tiltrotor] YWdbg nu2=0.004 ach2=0.004 r=-0.03 wsp2=0.03 ddelta=[-0.0021 -0.0014 0.0002]
INFO  [mc_indi_tiltrotor] T0dbg1 G0=[-0.256 0.226 0.022 0.148 -0.989] nu_des=[0.00 -0.01 -0.01 -0.05 0.00]
INFO  [mc_indi_tiltrotor] T0dbg2 Ws34=[0.1 20.0] Wu0=1.0 du0=-0.0119 dmin0=-19.4079 dmax0=25.5921
INFO  [mc_indi_tiltrotor] T2dbg1 G2=[-0.000 -0.650 0.060 0.003 -1.000] G5=[-0.780 -0.884 -0.002 12.992 0.039]
INFO  [mc_indi_tiltrotor] T2dbg2 Wu25=[1.0 9.0] du25=[0.0133 0.0000] dmax25=[32.0077 0.0120] nu_yaw=-0.010
INFO  [mc_indi_tiltrotor] WRdbg0 Wu0=1 lo0=-19.41 du0=-0.0119 pin0=-0.002 a0=[-0.002 -0.007 -0.000 0.000 -0.000]
INFO  [mc_indi_tiltrotor] WRdbg1 Wu1=1 lo1=-19.79 du1=-0.0005 pin1=0.002 a1=[0.002 -0.007 0.003 -0.000 -0.000]
INFO  [mc_indi_tiltrotor] T0dbg1 G0=[-0.256 0.227 0.018 0.166 -0.986] nu_des=[0.02 0.02 0.00 -0.45 0.08]
INFO  [mc_indi_tiltrotor] T0dbg2 Ws34=[0.1 20.0] Wu0=1.0 du0=-0.0407 dmin0=-19.4713 dmax0=25.5287
INFO  [mc_indi_tiltrotor] T2dbg1 G2=[-0.000 -0.650 0.060 0.002 -1.000] G5=[-0.766 -0.875 -0.002 12.773 0.030]
INFO  [mc_indi_tiltrotor] T2dbg2 Wu25=[1.0 9.0] du25=[-0.0255 -0.0011] dmax25=[32.2272 0.0120] nu_yaw=0.005
INFO  [mc_indi_tiltrotor] WRdbg0 Wu0=1 lo0=-19.47 du0=-0.0407 pin0=0.000 a0=[-0.027 0.013 0.000 -0.002 -0.024]
INFO  [mc_indi_tiltrotor] WRdbg1 Wu1=1 lo1=-19.77 du1=0.0030 pin1=0.000 a1=[0.027 0.007 -0.002 0.001 -0.031]
INFO  [mc_indi_tiltrotor] YWdbg nu2=-0.000 ach2=0.000 r=0.02 wsp2=0.00 ddelta=[-0.0077 -0.0086 0.0011]
INFO  [mc_indi_tiltrotor] T0dbg1 G0=[-0.256 0.227 0.019 0.160 -0.987] nu_des=[-0.00 -0.01 -0.01 -0.19 -0.12]
INFO  [mc_indi_tiltrotor] T0dbg2 Ws34=[0.1 20.0] Wu0=1.0 du0=0.0374 dmin0=-18.7395 dmax0=26.2605
INFO  [mc_indi_tiltrotor] T2dbg1 G2=[-0.000 -0.650 0.060 0.004 -1.000] G5=[-0.751 -0.847 -0.003 12.519 0.045]
INFO  [mc_indi_tiltrotor] T2dbg2 Wu25=[1.0 9.0] du25=[0.0359 -0.0002] dmax25=[32.4813 0.0120] nu_yaw=-0.010
INFO  [mc_indi_tiltrotor] WRdbg0 Wu0=1 lo0=-18.74 du0=0.0374 pin0=-0.004 a0=[0.001 -0.005 0.000 0.000 0.044]
INFO  [mc_indi_tiltrotor] WRdbg1 Wu1=1 lo1=-19.20 du1=0.0441 pin1=0.003 a1=[-0.001 -0.004 0.003 -0.000 0.044]
INFO  [mc_indi_tiltrotor] T0dbg1 G0=[-0.257 0.227 0.017 0.167 -0.986] nu_des=[0.00 -0.00 -0.01 -0.39 0.02]
INFO  [mc_indi_tiltrotor] T0dbg2 Ws34=[0.1 20.0] Wu0=1.0 du0=-0.0146 dmin0=-19.3756 dmax0=25.6244
INFO  [mc_indi_tiltrotor] T2dbg1 G2=[-0.000 -0.650 0.060 0.003 -1.000] G5=[-0.776 -0.881 -0.002 12.931 0.037]
INFO  [mc_indi_tiltrotor] T2dbg2 Wu25=[1.0 9.0] du25=[0.0022 -0.0003] dmax25=[32.0687 0.0120] nu_yaw=-0.014
INFO  [mc_indi_tiltrotor] WRdbg0 Wu0=1 lo0=-19.38 du0=-0.0146 pin0=-0.000 a0=[-0.005 -0.002 0.001 0.000 -0.008]
INFO  [mc_indi_tiltrotor] WRdbg1 Wu1=1 lo1=-19.94 du1=-0.0010 pin1=0.000 a1=[0.005 -0.002 0.004 -0.000 -0.008]
INFO  [mc_indi_tiltrotor] YWdbg nu2=0.039 ach2=0.039 r=-0.01 wsp2=-0.02 ddelta=[-0.0050 0.0030 -0.0004]
INFO  [mc_indi_tiltrotor] T0dbg1 G0=[-0.256 0.227 0.019 0.160 -0.987] nu_des=[-0.00 -0.11 0.03 -0.47 0.02]
INFO  [mc_indi_tiltrotor] T0dbg2 Ws34=[0.1 20.0] Wu0=1.0 du0=-0.0837 dmin0=-19.3266 dmax0=25.6734
INFO  [mc_indi_tiltrotor] T2dbg1 G2=[-0.000 -0.650 0.060 0.002 -1.000] G5=[-0.772 -0.885 -0.002 12.872 0.025]
INFO  [mc_indi_tiltrotor] T2dbg2 Wu25=[1.0 9.0] du25=[0.0960 0.0019] dmax25=[32.1285 0.0120] nu_yaw=0.028
INFO  [mc_indi_tiltrotor] WRdbg0 Wu0=1 lo0=-19.33 du0=-0.0837 pin0=-0.019 a0=[0.007 -0.072 0.008 0.000 -0.008]
INFO  [mc_indi_tiltrotor] WRdbg1 Wu1=1 lo1=-19.85 du1=-0.0732 pin1=0.009 a1=[-0.006 -0.055 -0.013 -0.000 -0.008]
INFO  [mc_indi_tiltrotor] T0dbg1 G0=[-0.256 0.227 0.021 0.154 -0.988] nu_des=[-0.01 0.00 -0.01 -0.16 -0.29]
INFO  [mc_indi_tiltrotor] T0dbg2 Ws34=[0.1 20.0] Wu0=1.0 du0=0.1122 dmin0=-18.6284 dmax0=26.3716
INFO  [mc_indi_tiltrotor] T2dbg1 G2=[-0.000 -0.650 0.060 0.004 -1.000] G5=[-0.747 -0.842 -0.003 12.450 0.046]
INFO  [mc_indi_tiltrotor] T2dbg2 Wu25=[1.0 9.0] du25=[0.0581 -0.0005] dmax25=[32.5501 0.0120] nu_yaw=-0.014
INFO  [mc_indi_tiltrotor] WRdbg0 Wu0=1 lo0=-18.63 du0=0.1122 pin0=-0.010 a0=[0.013 0.001 0.000 0.000 0.107]
INFO  [mc_indi_tiltrotor] WRdbg1 Wu1=1 lo1=-18.92 du1=0.1073 pin1=0.007 a1=[-0.012 0.001 0.004 -0.000 0.107]
INFO  [mc_indi_tiltrotor] YWdbg nu2=-0.037 ach2=-0.035 r=0.02 wsp2=0.01 ddelta=[0.0059 -0.0013 -0.0001]
INFO  [mc_indi_tiltrotor] T0dbg1 G0=[-0.257 0.227 0.017 0.167 -0.986] nu_des=[0.00 0.00 -0.02 -0.40 0.05]
INFO  [mc_indi_tiltrotor] T0dbg2 Ws34=[0.1 20.0] Wu0=1.0 du0=-0.0258 dmin0=-19.4086 dmax0=25.5914
INFO  [mc_indi_tiltrotor] T2dbg1 G2=[-0.000 -0.650 0.060 0.003 -1.000] G5=[-0.778 -0.885 -0.002 12.959 0.034]
INFO  [mc_indi_tiltrotor] T2dbg2 Wu25=[1.0 9.0] du25=[-0.0093 -0.0005] dmax25=[32.0410 0.0120] nu_yaw=-0.017
INFO  [mc_indi_tiltrotor] WRdbg0 Wu0=1 lo0=-19.41 du0=-0.0258 pin0=0.000 a0=[-0.007 0.001 -0.001 -0.002 -0.016]
INFO  [mc_indi_tiltrotor] WRdbg1 Wu1=1 lo1=-19.87 du1=-0.0040 pin1=0.000 a1=[0.007 0.000 0.007 0.001 -0.019]
INFO  [mc_indi_tiltrotor] T0dbg1 G0=[-0.256 0.227 0.019 0.163 -0.987] nu_des=[0.01 0.01 0.03 -0.43 0.03]
INFO  [mc_indi_tiltrotor] T0dbg2 Ws34=[0.1 20.0] Wu0=1.0 du0=-0.0212 dmin0=-19.2572 dmax0=25.7428
INFO  [mc_indi_tiltrotor] T2dbg1 G2=[-0.000 -0.650 0.060 0.002 -1.000] G5=[-0.773 -0.889 -0.001 12.881 0.020]
INFO  [mc_indi_tiltrotor] T2dbg2 Wu25=[1.0 9.0] du25=[-0.0135 -0.0006] dmax25=[32.1186 0.0120] nu_yaw=0.026
INFO  [mc_indi_tiltrotor] WRdbg0 Wu0=1 lo0=-19.26 du0=-0.0212 pin0=0.000 a0=[-0.016 0.006 0.002 -0.002 -0.011]
INFO  [mc_indi_tiltrotor] WRdbg1 Wu1=1 lo1=-19.83 du1=-0.0030 pin1=0.000 a1=[0.016 0.003 -0.010 0.001 -0.014]
INFO  [mc_indi_tiltrotor] YWdbg nu2=0.005 ach2=0.004 r=-0.03 wsp2=-0.00 ddelta=[0.0037 0.0049 -0.0002]
INFO  [mc_indi_tiltrotor] T0dbg1 G0=[-0.256 0.227 0.021 0.153 -0.988] nu_des=[-0.01 0.01 -0.01 -0.12 -0.09]
INFO  [mc_indi_tiltrotor] T0dbg2 Ws34=[0.1 20.0] Wu0=1.0 du0=0.0472 dmin0=-18.5858 dmax0=26.4142
INFO  [mc_indi_tiltrotor] T2dbg1 G2=[-0.000 -0.650 0.060 0.003 -1.000] G5=[-0.745 -0.846 -0.002 12.410 0.035]
INFO  [mc_indi_tiltrotor] T2dbg2 Wu25=[1.0 9.0] du25=[0.0059 -0.0001] dmax25=[32.5900 0.0120] nu_yaw=-0.009
INFO  [mc_indi_tiltrotor] WRdbg0 Wu0=1 lo0=-18.59 du0=0.0472 pin0=0.000 a0=[0.013 0.006 -0.001 -0.001 0.030]
INFO  [mc_indi_tiltrotor] WRdbg1 Wu1=1 lo1=-19.01 du1=0.0301 pin1=0.000 a1=[-0.013 0.003 0.004 0.000 0.036]
INFO  [mc_indi_tiltrotor] T0dbg1 G0=[-0.256 0.227 0.018 0.164 -0.986] nu_des=[0.01 0.01 -0.01 -0.41 0.03]
INFO  [mc_indi_tiltrotor] T0dbg2 Ws34=[0.1 20.0] Wu0=1.0 du0=-0.0309 dmin0=-19.5419 dmax0=25.4581
INFO  [mc_indi_tiltrotor] T2dbg1 G2=[-0.000 -0.650 0.060 0.002 -1.000] G5=[-0.775 -0.885 -0.002 12.909 0.029]
INFO  [mc_indi_tiltrotor] T2dbg2 Wu25=[1.0 9.0] du25=[-0.0082 -0.0011] dmax25=[32.0907 0.0120] nu_yaw=-0.014
INFO  [mc_indi_tiltrotor] WRdbg0 Wu0=1 lo0=-19.54 du0=-0.0309 pin0=0.000 a0=[-0.022 0.005 -0.001 -0.002 -0.011]
INFO  [mc_indi_tiltrotor] WRdbg1 Wu1=1 lo1=-19.88 du1=0.0178 pin1=0.000 a1=[0.022 0.003 0.005 0.001 -0.013]
INFO  [mc_indi_tiltrotor] YWdbg nu2=-0.014 ach2=-0.014 r=0.02 wsp2=-0.01 ddelta=[0.0019 -0.0009 0.0000]
INFO  [mc_indi_tiltrotor] T0dbg1 G0=[-0.257 0.227 0.017 0.168 -0.986] nu_des=[-0.00 -0.00 -0.01 -0.41 0.07]
INFO  [mc_indi_tiltrotor] T0dbg2 Ws34=[0.1 20.0] Wu0=1.0 du0=-0.0273 dmin0=-19.4373 dmax0=25.5627
INFO  [mc_indi_tiltrotor] T2dbg1 G2=[-0.000 -0.650 0.060 0.002 -1.000] G5=[-0.779 -0.893 -0.001 12.980 0.024]
INFO  [mc_indi_tiltrotor] T2dbg2 Wu25=[1.0 9.0] du25=[-0.0147 -0.0001] dmax25=[32.0197 0.0120] nu_yaw=-0.015
INFO  [mc_indi_tiltrotor] WRdbg0 Wu0=1 lo0=-19.44 du0=-0.0273 pin0=-0.000 a0=[0.000 -0.001 0.001 0.000 -0.028]
INFO  [mc_indi_tiltrotor] WRdbg1 Wu1=1 lo1=-19.83 du1=-0.0242 pin1=0.000 a1=[-0.000 -0.000 0.004 -0.000 -0.028]
INFO  [mc_indi_tiltrotor] T0dbg1 G0=[-0.256 0.227 0.019 0.162 -0.987] nu_des=[0.00 0.03 0.00 -0.18 -0.20]
INFO  [mc_indi_tiltrotor] T0dbg2 Ws34=[0.1 20.0] Wu0=1.0 du0=0.0802 dmin0=-18.2414 dmax0=26.7586
INFO  [mc_indi_tiltrotor] T2dbg1 G2=[-0.000 -0.650 0.060 0.003 -1.000] G5=[-0.734 -0.834 -0.002 12.228 0.034]
INFO  [mc_indi_tiltrotor] T2dbg2 Wu25=[1.0 9.0] du25=[0.0090 -0.0012] dmax25=[32.7719 0.0120] nu_yaw=0.003
INFO  [mc_indi_tiltrotor] WRdbg0 Wu0=1 lo0=-18.24 du0=0.0802 pin0=0.000 a0=[-0.006 0.022 0.000 -0.001 0.065]
INFO  [mc_indi_tiltrotor] WRdbg1 Wu1=1 lo1=-18.69 du1=0.0974 pin1=0.000 a1=[0.006 0.013 -0.001 0.000 0.079]
INFO  [mc_indi_tiltrotor] YWdbg nu2=0.013 ach2=0.013 r=-0.03 wsp2=-0.01 ddelta=[-0.0031 -0.0004 -0.0001]
INFO  [mc_indi_tiltrotor] T0dbg1 G0=[-0.256 0.227 0.021 0.152 -0.988] nu_des=[0.01 -0.01 0.00 -0.10 -0.02]
INFO  [mc_indi_tiltrotor] T0dbg2 Ws34=[0.1 20.0] Wu0=1.0 du0=-0.0140 dmin0=-19.3106 dmax0=25.6894
INFO  [mc_indi_tiltrotor] T2dbg1 G2=[-0.000 -0.650 0.060 0.002 -1.000] G5=[-0.773 -0.885 -0.002 12.885 0.026]
INFO  [mc_indi_tiltrotor] T2dbg2 Wu25=[1.0 9.0] du25=[0.0180 -0.0002] dmax25=[32.1154 0.0120] nu_yaw=0.005
INFO  [mc_indi_tiltrotor] WRdbg0 Wu0=1 lo0=-19.31 du0=-0.0140 pin0=0.000 a0=[-0.009 -0.011 0.001 -0.000 0.006]
INFO  [mc_indi_tiltrotor] WRdbg1 Wu1=1 lo1=-19.86 du1=0.0084 pin1=0.000 a1=[0.009 -0.006 -0.002 0.000 0.007]
INFO  [mc_indi_tiltrotor] T0dbg1 G0=[-0.256 0.226 0.022 0.149 -0.989] nu_des=[-0.01 -0.01 -0.01 -0.07 0.01]
INFO  [mc_indi_tiltrotor] T0dbg2 Ws34=[0.1 20.0] Wu0=1.0 du0=-0.0005 dmin0=-19.3928 dmax0=25.6072
INFO  [mc_indi_tiltrotor] T2dbg1 G2=[-0.000 -0.650 0.060 0.002 -1.000] G5=[-0.779 -0.892 -0.001 12.976 0.025]
INFO  [mc_indi_tiltrotor] T2dbg2 Wu25=[1.0 9.0] du25=[0.0006 0.0003] dmax25=[32.0237 0.0120] nu_yaw=-0.005
INFO  [mc_indi_tiltrotor] WRdbg0 Wu0=1 lo0=-19.39 du0=-0.0005 pin0=0.000 a0=[0.009 -0.004 -0.001 -0.000 -0.004]
INFO  [mc_indi_tiltrotor] WRdbg1 Wu1=1 lo1=-19.93 du1=-0.0134 pin1=0.000 a1=[-0.008 -0.003 0.002 0.000 -0.005]
INFO  [mc_indi_tiltrotor] YWdbg nu2=-0.018 ach2=-0.017 r=0.01 wsp2=0.02 ddelta=[0.0027 -0.0009 0.0002]
INFO  [mc_indi_tiltrotor] T0dbg1 G0=[-0.256 0.227 0.020 0.158 -0.987] nu_des=[0.00 0.10 -0.05 -0.10 -0.06]
INFO  [mc_indi_tiltrotor] T0dbg2 Ws34=[0.1 20.0] Wu0=1.0 du0=0.0831 dmin0=-18.3889 dmax0=26.6111
INFO  [mc_indi_tiltrotor] T2dbg1 G2=[-0.000 -0.650 0.060 0.005 -1.000] G5=[-0.744 -0.830 -0.003 12.395 0.057]
INFO  [mc_indi_tiltrotor] T2dbg2 Wu25=[1.0 9.0] du25=[-0.0759 -0.0020] dmax25=[32.6049 0.0120] nu_yaw=-0.046
INFO  [mc_indi_tiltrotor] WRdbg0 Wu0=1 lo0=-18.39 du0=0.0831 pin0=0.000 a0=[-0.002 0.071 -0.005 -0.000 0.020]
INFO  [mc_indi_tiltrotor] WRdbg1 Wu1=1 lo1=-18.69 du1=0.0855 pin1=0.000 a1=[0.002 0.041 0.018 0.000 0.024]
INFO  [mc_indi_tiltrotor] T0dbg1 G0=[-0.257 0.227 0.017 0.168 -0.986] nu_des=[-0.01 0.00 0.00 -0.43 -0.03]
INFO  [mc_indi_tiltrotor] T0dbg2 Ws34=[0.1 20.0] Wu0=1.0 du0=0.0256 dmin0=-19.4060 dmax0=25.5940
INFO  [mc_indi_tiltrotor] T2dbg1 G2=[-0.000 -0.650 0.060 0.003 -1.000] G5=[-0.775 -0.877 -0.003 12.910 0.042]
INFO  [mc_indi_tiltrotor] T2dbg2 Wu25=[1.0 9.0] du25=[-0.0016 0.0002] dmax25=[32.0899 0.0120] nu_yaw=0.003
INFO  [mc_indi_tiltrotor] WRdbg0 Wu0=1 lo0=-19.41 du0=0.0256 pin0=-0.001 a0=[0.015 0.003 -0.000 0.000 0.009]
INFO  [mc_indi_tiltrotor] WRdbg1 Wu1=1 lo1=-19.77 du1=-0.0021 pin1=0.001 a1=[-0.013 0.003 -0.001 -0.000 0.009]
INFO  [mc_indi_tiltrotor] YWdbg nu2=0.008 ach2=0.008 r=0.01 wsp2=-0.03 ddelta=[-0.0014 0.0004 -0.0004]
INFO  [mc_indi_tiltrotor] T0dbg1 G0=[-0.256 0.227 0.018 0.163 -0.987] nu_des=[0.01 0.00 0.02 -0.37 0.01]
INFO  [mc_indi_tiltrotor] T0dbg2 Ws34=[0.1 20.0] Wu0=1.0 du0=-0.0156 dmin0=-19.2911 dmax0=25.7089
INFO  [mc_indi_tiltrotor] T2dbg1 G2=[-0.000 -0.650 0.060 0.002 -1.000] G5=[-0.771 -0.881 -0.002 12.851 0.028]
INFO  [mc_indi_tiltrotor] T2dbg2 Wu25=[1.0 9.0] du25=[-0.0022 -0.0005] dmax25=[32.1486 0.0120] nu_yaw=0.022
INFO  [mc_indi_tiltrotor] WRdbg0 Wu0=1 lo0=-19.29 du0=-0.0156 pin0=0.000 a0=[-0.015 0.001 0.002 -0.002 -0.002]
INFO  [mc_indi_tiltrotor] WRdbg1 Wu1=1 lo1=-19.84 du1=0.0063 pin1=0.000 a1=[0.015 0.001 -0.009 0.001 -0.002]
INFO  [mc_indi_tiltrotor] T0dbg1 G0=[-0.256 0.227 0.020 0.155 -0.988] nu_des=[-0.01 -0.09 0.00 -0.14 -0.15]
INFO  [mc_indi_tiltrotor] T0dbg2 Ws34=[0.1 20.0] Wu0=1.0 du0=0.0155 dmin0=-18.0325 dmax0=26.9675
INFO  [mc_indi_tiltrotor] T2dbg1 G2=[-0.000 -0.650 0.060 0.003 -1.000] G5=[-0.724 -0.819 -0.002 12.062 0.038]
INFO  [mc_indi_tiltrotor] T2dbg2 Wu25=[1.0 9.0] du25=[0.1124 0.0021] dmax25=[32.9381 0.0120] nu_yaw=0.003
INFO  [mc_indi_tiltrotor] WRdbg0 Wu0=1 lo0=-18.03 du0=0.0155 pin0=-0.016 a0=[0.027 -0.053 0.000 0.000 0.057]
INFO  [mc_indi_tiltrotor] WRdbg1 Wu1=1 lo1=-18.59 du1=-0.0092 pin1=0.008 a1=[-0.026 -0.048 -0.000 -0.000 0.058]
INFO  [mc_indi_tiltrotor] YWdbg nu2=-0.015 ach2=-0.015 r=-0.02 wsp2=0.02 ddelta=[-0.0007 -0.0040 0.0005]
INFO  [mc_indi_tiltrotor] T0dbg1 G0=[-0.256 0.227 0.021 0.153 -0.988] nu_des=[0.00 -0.00 -0.03 -0.12 -0.01]
INFO  [mc_indi_tiltrotor] T0dbg2 Ws34=[0.1 20.0] Wu0=1.0 du0=-0.0023 dmin0=-19.3144 dmax0=25.6856
INFO  [mc_indi_tiltrotor] T2dbg1 G2=[-0.000 -0.650 0.060 0.003 -1.000] G5=[-0.776 -0.880 -0.002 12.938 0.040]
INFO  [mc_indi_tiltrotor] T2dbg2 Wu25=[1.0 9.0] du25=[0.0084 -0.0003] dmax25=[32.0622 0.0120] nu_yaw=-0.029
INFO  [mc_indi_tiltrotor] WRdbg0 Wu0=1 lo0=-19.31 du0=-0.0023 pin0=-0.001 a0=[-0.003 -0.001 0.000 0.000 0.002]
INFO  [mc_indi_tiltrotor] WRdbg1 Wu1=1 lo1=-19.77 du1=0.0132 pin1=0.001 a1=[0.003 -0.001 0.009 -0.000 0.002]
INFO  [mc_indi_tiltrotor] T0dbg1 G0=[-0.256 0.227 0.019 0.163 -0.987] nu_des=[0.00 -0.00 0.00 -0.34 0.02]
INFO  [mc_indi_tiltrotor] T0dbg2 Ws34=[0.1 20.0] Wu0=1.0 du0=-0.0108 dmin0=-19.4427 dmax0=25.5573
INFO  [mc_indi_tiltrotor] T2dbg1 G2=[-0.000 -0.650 0.060 0.003 -1.000] G5=[-0.778 -0.885 -0.002 12.964 0.034]
INFO  [mc_indi_tiltrotor] T2dbg2 Wu25=[1.0 9.0] du25=[-0.0033 -0.0002] dmax25=[32.0362 0.0120] nu_yaw=0.002
INFO  [mc_indi_tiltrotor] WRdbg0 Wu0=1 lo0=-19.44 du0=-0.0108 pin0=0.000 a0=[-0.004 -0.001 0.000 -0.002 -0.005]
INFO  [mc_indi_tiltrotor] WRdbg1 Wu1=1 lo1=-19.78 du1=-0.0031 pin1=0.000 a1=[0.003 -0.001 -0.001 0.001 -0.006]
INFO  [mc_indi_tiltrotor] YWdbg nu2=-0.006 ach2=-0.007 r=0.01 wsp2=-0.01 ddelta=[0.0001 -0.0014 0.0003]
INFO  [mc_indi_tiltrotor] T0dbg1 G0=[-0.256 0.227 0.019 0.162 -0.987] nu_des=[-0.02 -0.00 0.00 -0.14 -0.45]
INFO  [mc_indi_tiltrotor] T0dbg2 Ws34=[0.1 20.0] Wu0=1.0 du0=0.1939 dmin0=-17.8775 dmax0=27.1225
INFO  [mc_indi_tiltrotor] T2dbg1 G2=[-0.000 -0.650 0.060 0.004 -1.000] G5=[-0.711 -0.800 -0.003 11.855 0.045]
INFO  [mc_indi_tiltrotor] T2dbg2 Wu25=[1.0 9.0] du25=[0.0955 0.0010] dmax25=[33.1454 0.0120] nu_yaw=0.001
INFO  [mc_indi_tiltrotor] WRdbg0 Wu0=1 lo0=-17.88 du0=0.1939 pin0=-0.010 a0=[0.036 -0.000 0.000 0.000 0.168]
INFO  [mc_indi_tiltrotor] WRdbg1 Wu1=1 lo1=-18.27 du1=0.1305 pin1=-0.004 a1=[-0.035 -0.000 -0.000 -0.000 0.170]
INFO  [mc_indi_tiltrotor] T0dbg1 G0=[-0.256 0.227 0.020 0.156 -0.988] nu_des=[-0.00 0.01 -0.00 -0.17 -0.05]
INFO  [mc_indi_tiltrotor] T0dbg2 Ws34=[0.1 20.0] Wu0=1.0 du0=0.0269 dmin0=-19.2585 dmax0=25.7415
INFO  [mc_indi_tiltrotor] T2dbg1 G2=[-0.000 -0.650 0.060 0.003 -1.000] G5=[-0.771 -0.873 -0.002 12.855 0.041]
INFO  [mc_indi_tiltrotor] T2dbg2 Wu25=[1.0 9.0] du25=[-0.0018 -0.0004] dmax25=[32.1446 0.0120] nu_yaw=-0.004
INFO  [mc_indi_tiltrotor] WRdbg0 Wu0=1 lo0=-19.26 du0=0.0269 pin0=-0.000 a0=[0.001 0.008 0.000 0.000 0.018]
INFO  [mc_indi_tiltrotor] WRdbg1 Wu1=1 lo1=-19.77 du1=0.0248 pin1=0.000 a1=[-0.001 0.007 0.001 -0.000 0.018]
INFO  [mc_indi_tiltrotor] YWdbg nu2=0.007 ach2=0.007 r=-0.01 wsp2=-0.00 ddelta=[-0.0014 -0.0002 0.0003]
INFO  [mc_indi_tiltrotor] T0dbg1 G0=[-0.256 0.227 0.021 0.154 -0.988] nu_des=[0.00 -0.00 0.01 -0.15 0.04]
INFO  [mc_indi_tiltrotor] T0dbg2 Ws34=[0.1 20.0] Wu0=1.0 du0=-0.0168 dmin0=-19.4015 dmax0=25.5985
INFO  [mc_indi_tiltrotor] T2dbg1 G2=[-0.000 -0.650 0.060 0.003 -1.000] G5=[-0.780 -0.886 -0.002 13.003 0.037]
INFO  [mc_indi_tiltrotor] T2dbg2 Wu25=[1.0 9.0] du25=[-0.0054 0.0001] dmax25=[31.9968 0.0120] nu_yaw=0.014
INFO  [mc_indi_tiltrotor] WRdbg0 Wu0=1 lo0=-19.40 du0=-0.0168 pin0=0.000 a0=[-0.004 -0.002 0.002 -0.001 -0.012]
INFO  [mc_indi_tiltrotor] WRdbg1 Wu1=1 lo1=-20.01 du1=-0.0167 pin1=0.000 a1=[0.004 -0.001 -0.006 0.000 -0.014]
INFO  [mc_indi_tiltrotor] T0dbg1 G0=[-0.256 0.227 0.021 0.154 -0.988] nu_des=[-0.01 0.03 -0.03 -0.01 -0.11]
INFO  [mc_indi_tiltrotor] T0dbg2 Ws34=[0.1 20.0] Wu0=1.0 du0=0.0729 dmin0=-17.8590 dmax0=27.1410
INFO  [mc_indi_tiltrotor] T2dbg1 G2=[-0.000 -0.650 0.060 0.005 -1.000] G5=[-0.718 -0.796 -0.004 11.972 0.065]
INFO  [mc_indi_tiltrotor] T2dbg2 Wu25=[1.0 9.0] du25=[-0.0108 -0.0005] dmax25=[33.0281 0.0120] nu_yaw=-0.034
INFO  [mc_indi_tiltrotor] WRdbg0 Wu0=1 lo0=-17.86 du0=0.0729 pin0=-0.006 a0=[0.018 0.019 0.000 0.000 0.041]
INFO  [mc_indi_tiltrotor] WRdbg1 Wu1=1 lo1=-18.21 du1=0.0557 pin1=0.004 a1=[-0.017 0.017 0.010 -0.000 0.041]
INFO  [mc_indi_tiltrotor] YWdbg nu2=-0.044 ach2=-0.042 r=0.02 wsp2=0.00 ddelta=[0.0075 -0.0013 0.0002]
INFO  [mc_indi_tiltrotor] T0dbg1 G0=[-0.257 0.227 0.017 0.167 -0.986] nu_des=[-0.00 0.01 -0.02 -0.39 0.00]
INFO  [mc_indi_tiltrotor] T0dbg2 Ws34=[0.1 20.0] Wu0=1.0 du0=0.0061 dmin0=-19.2592 dmax0=25.7408
INFO  [mc_indi_tiltrotor] T2dbg1 G2=[-0.000 -0.650 0.060 0.005 -1.000] G5=[-0.770 -0.860 -0.004 12.831 0.059]
INFO  [mc_indi_tiltrotor] T2dbg2 Wu25=[1.0 9.0] du25=[-0.0014 -0.0003] dmax25=[32.1693 0.0120] nu_yaw=-0.024
INFO  [mc_indi_tiltrotor] WRdbg0 Wu0=1 lo0=-19.26 du0=0.0061 pin0=-0.001 a0=[0.003 0.003 0.001 0.000 -0.001]
INFO  [mc_indi_tiltrotor] WRdbg1 Wu1=1 lo1=-19.56 du1=0.0066 pin1=0.001 a1=[-0.003 0.003 0.007 -0.000 -0.001]
INFO  [mc_indi_tiltrotor] T0dbg1 G0=[-0.257 0.227 0.016 0.174 -0.985] nu_des=[0.00 0.01 0.01 -0.53 0.04]
INFO  [mc_indi_tiltrotor] T0dbg2 Ws34=[0.1 20.0] Wu0=1.0 du0=-0.0128 dmin0=-19.2421 dmax0=25.7579
INFO  [mc_indi_tiltrotor] T2dbg1 G2=[-0.000 -0.650 0.060 0.003 -1.000] G5=[-0.769 -0.870 -0.002 12.811 0.041]
INFO  [mc_indi_tiltrotor] T2dbg2 Wu25=[1.0 9.0] du25=[-0.0178 -0.0002] dmax25=[32.1893 0.0120] nu_yaw=0.013
INFO  [mc_indi_tiltrotor] WRdbg0 Wu0=1 lo0=-19.24 du0=-0.0128 pin0=0.000 a0=[-0.002 0.005 0.001 -0.003 -0.014]
INFO  [mc_indi_tiltrotor] WRdbg1 Wu1=1 lo1=-19.77 du1=-0.0168 pin1=0.000 a1=[0.002 0.003 -0.005 0.001 -0.017]
INFO  [mc_indi_tiltrotor] YWdbg nu2=0.007 ach2=0.008 r=-0.01 wsp2=-0.03 ddelta=[-0.0011 0.0006 -0.0005]
INFO  [mc_indi_tiltrotor] T0dbg1 G0=[-0.257 0.227 0.017 0.167 -0.986] nu_des=[-0.00 0.03 0.04 -0.26 -0.26]
INFO  [mc_indi_tiltrotor] T0dbg2 Ws34=[0.1 20.0] Wu0=1.0 du0=0.1115 dmin0=-17.6249 dmax0=27.3751
INFO  [mc_indi_tiltrotor] T2dbg1 G2=[-0.000 -0.650 0.060 0.004 -1.000] G5=[-0.703 -0.791 -0.003 11.722 0.046]
INFO  [mc_indi_tiltrotor] T2dbg2 Wu25=[1.0 9.0] du25=[0.0160 -0.0008] dmax25=[33.2779 0.0120] nu_yaw=0.041
INFO  [mc_indi_tiltrotor] WRdbg0 Wu0=1 lo0=-17.62 du0=0.1115 pin0=-0.018 a0=[0.002 0.019 0.011 -0.000 0.097]
INFO  [mc_indi_tiltrotor] WRdbg1 Wu1=1 lo1=-18.21 du1=0.1007 pin1=0.008 a1=[-0.002 0.015 -0.019 -0.000 0.098]
INFO  [mc_indi_tiltrotor] T0dbg1 G0=[-0.256 0.226 0.022 0.148 -0.989] nu_des=[-0.00 -0.00 0.02 -0.05 -0.02]
INFO  [mc_indi_tiltrotor] T0dbg2 Ws34=[0.1 20.0] Wu0=1.0 du0=0.0076 dmin0=-19.0502 dmax0=25.9498
INFO  [mc_indi_tiltrotor] T2dbg1 G2=[-0.000 -0.650 0.060 0.003 -1.000] G5=[-0.768 -0.868 -0.003 12.804 0.044]
INFO  [mc_indi_tiltrotor] T2dbg2 Wu25=[1.0 9.0] du25=[0.0058 0.0002] dmax25=[32.1958 0.0120] nu_yaw=0.016
INFO  [mc_indi_tiltrotor] WRdbg0 Wu0=1 lo0=-19.05 du0=0.0076 pin0=0.000 a0=[0.002 -0.003 0.002 -0.000 0.007]
INFO  [mc_indi_tiltrotor] WRdbg1 Wu1=1 lo1=-19.69 du1=-0.0011 pin1=0.000 a1=[-0.002 -0.002 -0.006 0.000 0.008]
INFO  [mc_indi_tiltrotor] YWdbg nu2=0.005 ach2=0.004 r=-0.02 wsp2=0.03 ddelta=[-0.0020 -0.0016 0.0006]
INFO  [mc_indi_tiltrotor] T0dbg1 G0=[-0.256 0.227 0.021 0.153 -0.988] nu_des=[-0.02 0.00 -0.03 -0.11 0.03]
INFO  [mc_indi_tiltrotor] T0dbg2 Ws34=[0.1 20.0] Wu0=1.0 du0=0.0185 dmin0=-19.1886 dmax0=25.8114
INFO  [mc_indi_tiltrotor] T2dbg1 G2=[-0.000 -0.650 0.060 0.004 -1.000] G5=[-0.769 -0.860 -0.003 12.819 0.057]
INFO  [mc_indi_tiltrotor] T2dbg2 Wu25=[1.0 9.0] du25=[-0.0038 0.0008] dmax25=[32.1809 0.0120] nu_yaw=-0.033
INFO  [mc_indi_tiltrotor] WRdbg0 Wu0=1 lo0=-19.19 du0=0.0185 pin0=-0.001 a0=[0.030 0.002 0.000 0.000 -0.012]
INFO  [mc_indi_tiltrotor] WRdbg1 Wu1=1 lo1=-19.44 du1=-0.0281 pin1=0.000 a1=[-0.027 0.001 0.010 -0.000 -0.012]
INFO  [mc_indi_tiltrotor] T0dbg1 G0=[-0.257 0.227 0.017 0.167 -0.986] nu_des=[0.00 -0.12 -0.00 -0.25 -0.12]
INFO  [mc_indi_tiltrotor] T0dbg2 Ws34=[0.1 20.0] Wu0=1.0 du0=-0.0436 dmin0=-17.6520 dmax0=27.3480
INFO  [mc_indi_tiltrotor] T2dbg1 G2=[-0.000 -0.650 0.060 0.005 -1.000] G5=[-0.701 -0.777 -0.004 11.685 0.063]
INFO  [mc_indi_tiltrotor] T2dbg2 Wu25=[1.0 9.0] du25=[0.1502 0.0013] dmax25=[33.3144 0.0120] nu_yaw=-0.001
INFO  [mc_indi_tiltrotor] WRdbg0 Wu0=1 lo0=-17.65 du0=-0.0436 pin0=-0.011 a0=[-0.007 -0.069 0.000 0.000 0.043]
INFO  [mc_indi_tiltrotor] WRdbg1 Wu1=1 lo1=-17.94 du1=-0.0049 pin1=0.007 a1=[0.007 -0.062 0.000 -0.000 0.043]
INFO  [mc_indi_tiltrotor] YWdbg nu2=-0.000 ach2=0.001 r=0.02 wsp2=-0.00 ddelta=[-0.0031 -0.0032 0.0002]
INFO  [mc_indi_tiltrotor] T0dbg1 G0=[-0.256 0.227 0.019 0.161 -0.987] nu_des=[0.00 0.01 -0.00 -0.27 -0.04]
INFO  [mc_indi_tiltrotor] T0dbg2 Ws34=[0.1 20.0] Wu0=1.0 du0=0.0183 dmin0=-19.2421 dmax0=25.7579
INFO  [mc_indi_tiltrotor] T2dbg1 G2=[-0.000 -0.650 0.060 0.004 -1.000] G5=[-0.765 -0.857 -0.003 12.758 0.055]
INFO  [mc_indi_tiltrotor] T2dbg2 Wu25=[1.0 9.0] du25=[0.0010 -0.0004] dmax25=[32.2420 0.0120] nu_yaw=-0.001
INFO  [mc_indi_tiltrotor] WRdbg0 Wu0=1 lo0=-19.24 du0=0.0183 pin0=-0.001 a0=[-0.001 0.004 0.000 0.000 0.016]
INFO  [mc_indi_tiltrotor] WRdbg1 Wu1=1 lo1=-19.71 du1=0.0216 pin1=0.001 a1=[0.001 0.004 0.000 -0.000 0.016]
INFO  [mc_indi_tiltrotor] T0dbg1 G0=[-0.256 0.227 0.020 0.155 -0.988] nu_des=[0.00 0.01 0.00 -0.20 0.04]
INFO  [mc_indi_tiltrotor] T0dbg2 Ws34=[0.1 20.0] Wu0=1.0 du0=-0.0081 dmin0=-19.2389 dmax0=25.7611
INFO  [mc_indi_tiltrotor] T2dbg1 G2=[-0.000 -0.650 0.060 0.004 -1.000] G5=[-0.775 -0.872 -0.003 12.915 0.050]
INFO  [mc_indi_tiltrotor] T2dbg2 Wu25=[1.0 9.0] du25=[-0.0164 -0.0001] dmax25=[32.0846 0.0120] nu_yaw=0.003
INFO  [mc_indi_tiltrotor] WRdbg0 Wu0=1 lo0=-19.24 du0=-0.0081 pin0=0.000 a0=[-0.000 0.006 0.000 -0.001 -0.013]
INFO  [mc_indi_tiltrotor] WRdbg1 Wu1=1 lo1=-19.86 du1=-0.0131 pin1=0.000 a1=[0.000 0.003 -0.001 0.000 -0.016]
INFO  [mc_indi_tiltrotor] YWdbg nu2=0.013 ach2=0.012 r=-0.02 wsp2=-0.00 ddelta=[-0.0016 0.0007 0.0002]
INFO  [mc_indi_tiltrotor] T0dbg1 G0=[-0.256 0.227 0.020 0.157 -0.988] nu_des=[0.01 0.06 0.01 -0.06 -0.30]
INFO  [mc_indi_tiltrotor] T0dbg2 Ws34=[0.1 20.0] Wu0=1.0 du0=0.1360 dmin0=-17.2170 dmax0=27.7830
INFO  [mc_indi_tiltrotor] T2dbg1 G2=[-0.000 -0.650 0.060 0.005 -1.000] G5=[-0.692 -0.766 -0.004 11.533 0.063]
INFO  [mc_indi_tiltrotor] T2dbg2 Wu25=[1.0 9.0] du25=[-0.0014 -0.0018] dmax25=[33.4667 0.0120] nu_yaw=0.008
INFO  [mc_indi_tiltrotor] WRdbg0 Wu0=1 lo0=-17.22 du0=0.1360 pin0=0.000 a0=[-0.008 0.045 0.001 -0.000 0.099]
INFO  [mc_indi_tiltrotor] WRdbg1 Wu1=1 lo1=-17.83 du1=0.1509 pin1=0.000 a1=[0.008 0.028 -0.003 0.000 0.118]
INFO  [mc_indi_tiltrotor] T0dbg1 G0=[-0.256 0.227 0.019 0.162 -0.987] nu_des=[-0.01 -0.00 -0.02 -0.34 -0.02]
INFO  [mc_indi_tiltrotor] T0dbg2 Ws34=[0.1 20.0] Wu0=1.0 du0=0.0200 dmin0=-19.2474 dmax0=25.7526
INFO  [mc_indi_tiltrotor] T2dbg1 G2=[-0.000 -0.650 0.060 0.005 -1.000] G5=[-0.768 -0.856 -0.004 12.807 0.062]
INFO  [mc_indi_tiltrotor] T2dbg2 Wu25=[1.0 9.0] du25=[0.0065 0.0004] dmax25=[32.1933 0.0120] nu_yaw=-0.017
INFO  [mc_indi_tiltrotor] WRdbg0 Wu0=1 lo0=-19.25 du0=0.0200 pin0=-0.005 a0=[0.020 -0.002 0.001 0.000 0.007]
INFO  [mc_indi_tiltrotor] WRdbg1 Wu1=1 lo1=-19.66 du1=-0.0056 pin1=0.003 a1=[-0.018 -0.002 0.005 -0.000 0.007]
INFO  [mc_indi_tiltrotor] YWdbg nu2=-0.011 ach2=-0.010 r=0.03 wsp2=-0.00 ddelta=[0.0011 -0.0012 0.0002]
INFO  [mc_indi_tiltrotor] T0dbg1 G0=[-0.257 0.227 0.016 0.172 -0.985] nu_des=[0.00 -0.02 0.00 -0.55 0.07]
INFO  [mc_indi_tiltrotor] T0dbg2 Ws34=[0.1 20.0] Wu0=1.0 du0=-0.0465 dmin0=-19.5027 dmax0=25.4973
INFO  [mc_indi_tiltrotor] T2dbg1 G2=[-0.000 -0.650 0.060 0.004 -1.000] G5=[-0.775 -0.868 -0.003 12.909 0.054]
INFO  [mc_indi_tiltrotor] T2dbg2 Wu25=[1.0 9.0] du25=[0.0037 0.0000] dmax25=[32.0905 0.0120] nu_yaw=0.002
INFO  [mc_indi_tiltrotor] WRdbg0 Wu0=1 lo0=-19.50 du0=-0.0465 pin0=0.000 a0=[-0.006 -0.015 0.000 -0.003 -0.023]
INFO  [mc_indi_tiltrotor] WRdbg1 Wu1=1 lo1=-19.83 du1=-0.0304 pin1=0.000 a1=[0.006 -0.008 -0.001 0.001 -0.029]
INFO  [mc_indi_tiltrotor] T0dbg1 G0=[-0.257 0.227 0.017 0.168 -0.986] nu_des=[0.01 0.09 0.02 -0.23 -0.43]
INFO  [mc_indi_tiltrotor] T0dbg2 Ws34=[0.1 20.0] Wu0=1.0 du0=0.1944 dmin0=-16.7119 dmax0=28.2881
INFO  [mc_indi_tiltrotor] T2dbg1 G2=[-0.000 -0.650 0.060 0.005 -1.000] G5=[-0.669 -0.741 -0.004 11.145 0.060]
INFO  [mc_indi_tiltrotor] T2dbg2 Wu25=[1.0 9.0] du25=[-0.0053 -0.0025] dmax25=[33.8552 0.0120] nu_yaw=0.024
INFO  [mc_indi_tiltrotor] WRdbg0 Wu0=1 lo0=-16.71 du0=0.1944 pin0=0.000 a0=[-0.009 0.063 0.002 -0.001 0.139]
INFO  [mc_indi_tiltrotor] WRdbg1 Wu1=1 lo1=-17.12 du1=0.2115 pin1=0.000 a1=[0.009 0.041 -0.009 0.000 0.171]
INFO  [mc_indi_tiltrotor] YWdbg nu2=0.011 ach2=0.012 r=-0.04 wsp2=-0.00 ddelta=[-0.0049 -0.0021 -0.0003]
INFO  [mc_indi_tiltrotor] T0dbg1 G0=[-0.256 0.227 0.022 0.151 -0.989] nu_des=[-0.01 -0.01 0.00 -0.06 -0.06]
INFO  [mc_indi_tiltrotor] T0dbg2 Ws34=[0.1 20.0] Wu0=1.0 du0=0.0288 dmin0=-18.9259 dmax0=26.0741
INFO  [mc_indi_tiltrotor] T2dbg1 G2=[-0.000 -0.650 0.060 0.004 -1.000] G5=[-0.764 -0.856 -0.003 12.726 0.054]
INFO  [mc_indi_tiltrotor] T2dbg2 Wu25=[1.0 9.0] du25=[0.0191 0.0004] dmax25=[32.2734 0.0120] nu_yaw=0.001
INFO  [mc_indi_tiltrotor] WRdbg0 Wu0=1 lo0=-18.93 du0=0.0288 pin0=-0.003 a0=[0.014 -0.005 0.000 0.000 0.023]
INFO  [mc_indi_tiltrotor] WRdbg1 Wu1=1 lo1=-19.49 du1=0.0087 pin1=0.003 a1=[-0.013 -0.004 -0.000 -0.000 0.023]
INFO  [mc_indi_tiltrotor] T0dbg1 G0=[-0.256 0.227 0.020 0.155 -0.988] nu_des=[-0.00 -0.00 -0.02 -0.15 0.04]
INFO  [mc_indi_tiltrotor] T0dbg2 Ws34=[0.1 20.0] Wu0=1.0 du0=-0.0124 dmin0=-19.2030 dmax0=25.7970
INFO  [mc_indi_tiltrotor] T2dbg1 G2=[-0.000 -0.650 0.060 0.004 -1.000] G5=[-0.772 -0.867 -0.003 12.870 0.052]
INFO  [mc_indi_tiltrotor] T2dbg2 Wu25=[1.0 9.0] du25=[-0.0067 0.0000] dmax25=[32.1296 0.0120] nu_yaw=-0.017
INFO  [mc_indi_tiltrotor] WRdbg0 Wu0=1 lo0=-19.20 du0=-0.0124 pin0=-0.000 a0=[0.004 -0.000 0.000 0.000 -0.016]
INFO  [mc_indi_tiltrotor] WRdbg1 Wu1=1 lo1=-19.78 du1=-0.0144 pin1=0.000 a1=[-0.004 -0.000 0.005 -0.000 -0.016]
INFO  [mc_indi_tiltrotor] YWdbg nu2=-0.027 ach2=-0.027 r=0.03 wsp2=0.01 ddelta=[0.0055 -0.0001 0.0006]
INFO  [mc_indi_tiltrotor] T0dbg1 G0=[-0.257 0.227 0.017 0.170 -0.986] nu_des=[0.01 0.16 0.02 -0.22 0.59]
INFO  [mc_indi_tiltrotor] T0dbg2 Ws34=[0.1 20.0] Wu0=1.0 du0=-0.1174 dmin0=-17.0794 dmax0=27.9206
INFO  [mc_indi_tiltrotor] T2dbg1 G2=[-0.000 -0.650 0.060 0.006 -1.000] G5=[-0.687 -0.757 -0.004 11.451 0.068]
INFO  [mc_indi_tiltrotor] T2dbg2 Wu25=[1.0 9.0] du25=[-0.3042 -0.0024] dmax25=[33.5493 0.0120] nu_yaw=0.024
INFO  [mc_indi_tiltrotor] WRdbg0 Wu0=1 lo0=-17.08 du0=-0.1174 pin0=0.021 a0=[-0.012 0.094 0.000 0.000 -0.220]
INFO  [mc_indi_tiltrotor] WRdbg1 Wu1=1 lo1=-17.42 du1=-0.1370 pin1=-0.012 a1=[0.012 0.087 -0.001 -0.000 -0.223]
INFO  [mc_indi_tiltrotor] T0dbg1 G0=[-0.256 0.227 0.020 0.158 -0.987] nu_des=[0.00 0.00 -0.01 -0.20 -0.03]
INFO  [mc_indi_tiltrotor] T0dbg2 Ws34=[0.1 20.0] Wu0=1.0 du0=0.0102 dmin0=-19.0470 dmax0=25.9530
INFO  [mc_indi_tiltrotor] T2dbg1 G2=[-0.000 -0.650 0.060 0.005 -1.000] G5=[-0.762 -0.848 -0.004 12.706 0.063]
INFO  [mc_indi_tiltrotor] T2dbg2 Wu25=[1.0 9.0] du25=[0.0015 -0.0003] dmax25=[32.2940 0.0120] nu_yaw=-0.008
INFO  [mc_indi_tiltrotor] WRdbg0 Wu0=1 lo0=-19.05 du0=0.0102 pin0=-0.002 a0=[-0.001 0.002 0.000 0.000 0.010]
INFO  [mc_indi_tiltrotor] WRdbg1 Wu1=1 lo1=-19.39 du1=0.0157 pin1=0.001 a1=[0.001 0.002 0.002 -0.000 0.010]
INFO  [mc_indi_tiltrotor] YWdbg nu2=-0.017 ach2=-0.016 r=0.00 wsp2=-0.01 ddelta=[0.0025 -0.0007 -0.0003]
INFO  [mc_indi_tiltrotor] T0dbg1 G0=[-0.256 0.227 0.018 0.164 -0.987] nu_des=[0.00 -0.00 -0.01 -0.33 0.04]
INFO  [mc_indi_tiltrotor] T0dbg2 Ws34=[0.1 20.0] Wu0=1.0 du0=-0.0165 dmin0=-19.3123 dmax0=25.6877
INFO  [mc_indi_tiltrotor] T2dbg1 G2=[-0.000 -0.650 0.060 0.004 -1.000] G5=[-0.772 -0.865 -0.003 12.875 0.055]
INFO  [mc_indi_tiltrotor] T2dbg2 Wu25=[1.0 9.0] du25=[-0.0010 -0.0001] dmax25=[32.1253 0.0120] nu_yaw=-0.011
INFO  [mc_indi_tiltrotor] WRdbg0 Wu0=1 lo0=-19.31 du0=-0.0165 pin0=-0.000 a0=[-0.001 -0.003 0.000 0.000 -0.013]
INFO  [mc_indi_tiltrotor] WRdbg1 Wu1=1 lo1=-19.74 du1=-0.0110 pin1=0.000 a1=[0.001 -0.002 0.003 -0.000 -0.013]
INFO  [mc_indi_tiltrotor] T0dbg1 G0=[-0.257 0.227 0.016 0.171 -0.985] nu_des=[-0.00 -0.43 0.01 -0.21 2.30]
INFO  [mc_indi_tiltrotor] T0dbg2 Ws34=[0.1 20.0] Wu0=1.0 du0=-1.0785 dmin0=-17.4686 dmax0=27.5314
INFO  [mc_indi_tiltrotor] T2dbg1 G2=[-0.000 -0.650 0.060 0.005 -1.000] G5=[-0.725 -0.803 -0.004 12.077 0.066]
INFO  [mc_indi_tiltrotor] T2dbg2 Wu25=[1.0 1000000.0] du25=[-0.0846 0.0120] dmax25=[32.9230 0.0120] nu_yaw=0.013
INFO  [mc_indi_tiltrotor] WRdbg0 Wu0=1 lo0=-17.47 du0=-1.0785 pin0=0.011 a0=[0.000 -0.242 0.000 -0.000 -0.847]
INFO  [mc_indi_tiltrotor] WRdbg1 Wu1=1 lo1=-18.03 du1=-1.1094 pin1=0.008 a1=[-0.000 -0.248 -0.000 -0.000 -0.870]
INFO  [mc_indi_tiltrotor] YWdbg nu2=0.055 ach2=0.056 r=-0.02 wsp2=-0.02 ddelta=[-0.0120 -0.0076 0.0074]
INFO  [mc_indi_tiltrotor] T0dbg1 G0=[-0.256 0.227 0.021 0.154 -0.988] nu_des=[0.00 0.01 0.01 -0.17 -0.05]
INFO  [mc_indi_tiltrotor] T0dbg2 Ws34=[0.1 20.0] Wu0=1.0 du0=0.0259 dmin0=-18.9803 dmax0=26.0197
INFO  [mc_indi_tiltrotor] T2dbg1 G2=[-0.000 -0.650 0.060 0.004 -1.000] G5=[-0.761 -0.854 -0.003 12.691 0.053]
INFO  [mc_indi_tiltrotor] T2dbg2 Wu25=[1.0 9.0] du25=[-0.0034 -0.0004] dmax25=[32.3089 0.0120] nu_yaw=0.006
INFO  [mc_indi_tiltrotor] WRdbg0 Wu0=1 lo0=-18.98 du0=0.0259 pin0=0.000 a0=[-0.000 0.009 0.001 -0.001 0.017]
INFO  [mc_indi_tiltrotor] WRdbg1 Wu1=1 lo1=-19.50 du1=0.0237 pin1=0.000 a1=[0.000 0.005 -0.002 0.000 0.020]
INFO  [mc_indi_tiltrotor] T0dbg1 G0=[-0.256 0.227 0.022 0.151 -0.989] nu_des=[0.00 0.01 -0.00 -0.09 0.02]
INFO  [mc_indi_tiltrotor] T0dbg2 Ws34=[0.1 20.0] Wu0=1.0 du0=-0.0114 dmin0=-19.2129 dmax0=25.7871
INFO  [mc_indi_tiltrotor] T2dbg1 G2=[-0.000 -0.650 0.060 0.004 -1.000] G5=[-0.767 -0.860 -0.003 12.788 0.054]
INFO  [mc_indi_tiltrotor] T2dbg2 Wu25=[1.0 9.0] du25=[-0.0098 -0.0004] dmax25=[32.2123 0.0120] nu_yaw=-0.004
INFO  [mc_indi_tiltrotor] WRdbg0 Wu0=1 lo0=-19.21 du0=-0.0114 pin0=0.000 a0=[-0.008 0.005 -0.000 -0.000 -0.008]
INFO  [mc_indi_tiltrotor] WRdbg1 Wu1=1 lo1=-19.61 du1=0.0021 pin1=0.000 a1=[0.007 0.003 0.001 0.000 -0.010]
INFO  [mc_indi_tiltrotor] YWdbg nu2=-0.009 ach2=-0.008 r=0.00 wsp2=0.02 ddelta=[0.0011 -0.0005 -0.0002]
INFO  [mc_indi_tiltrotor] T0dbg1 G0=[-0.256 0.227 0.020 0.157 -0.988] nu_des=[-0.01 0.00 -0.03 -0.20 0.01]
INFO  [mc_indi_tiltrotor] T0dbg2 Ws34=[0.1 20.0] Wu0=1.0 du0=0.0075 dmin0=-19.3048 dmax0=25.6952
INFO  [mc_indi_tiltrotor] T2dbg1 G2=[-0.000 -0.650 0.060 0.004 -1.000] G5=[-0.773 -0.868 -0.003 12.884 0.052]
INFO  [mc_indi_tiltrotor] T2dbg2 Wu25=[1.0 9.0] du25=[0.0037 0.0001] dmax25=[32.1158 0.0120] nu_yaw=-0.030
INFO  [mc_indi_tiltrotor] WRdbg0 Wu0=1 lo0=-19.30 du0=0.0075 pin0=-0.000 a0=[0.010 0.001 0.001 0.000 -0.003]
INFO  [mc_indi_tiltrotor] WRdbg1 Wu1=1 lo1=-19.70 du1=-0.0026 pin1=0.000 a1=[-0.009 0.001 0.009 -0.000 -0.003]
INFO  [mc_indi_tiltrotor] T0dbg1 G0=[-0.257 0.227 0.017 0.169 -0.986] nu_des=[0.01 0.09 0.00 -0.51 -0.01]
INFO  [mc_indi_tiltrotor] T0dbg2 Ws34=[0.1 20.0] Wu0=1.0 du0=0.0518 dmin0=-19.2844 dmax0=25.7156
INFO  [mc_indi_tiltrotor] T2dbg1 G2=[-0.000 -0.650 0.060 0.005 -1.000] G5=[-0.760 -0.847 -0.004 12.671 0.062]
INFO  [mc_indi_tiltrotor] T2dbg2 Wu25=[1.0 9.0] du25=[-0.0818 -0.0022] dmax25=[32.3293 0.0120] nu_yaw=0.000
INFO  [mc_indi_tiltrotor] WRdbg0 Wu0=1 lo0=-19.28 du0=0.0518 pin0=0.000 a0=[-0.018 0.068 0.000 -0.003 0.005]
INFO  [mc_indi_tiltrotor] WRdbg1 Wu1=1 lo1=-19.61 du1=0.0644 pin1=0.000 a1=[0.018 0.039 -0.000 0.001 0.006]
INFO  [mc_indi_tiltrotor] YWdbg nu2=0.015 ach2=0.015 r=0.03 wsp2=-0.02 ddelta=[-0.0047 -0.0017 -0.0001]
INFO  [mc_indi_tiltrotor] T0dbg1 G0=[-0.256 0.227 0.019 0.160 -0.987] nu_des=[0.00 -0.02 0.03 -0.34 0.00]
INFO  [mc_indi_tiltrotor] T0dbg2 Ws34=[0.1 20.0] Wu0=1.0 du0=-0.0162 dmin0=-19.3755 dmax0=25.6245
INFO  [mc_indi_tiltrotor] T2dbg1 G2=[-0.000 -0.650 0.060 0.004 -1.000] G5=[-0.775 -0.870 -0.003 12.925 0.053]
INFO  [mc_indi_tiltrotor] T2dbg2 Wu25=[1.0 9.0] du25=[0.0112 0.0002] dmax25=[32.0749 0.0120] nu_yaw=0.029
INFO  [mc_indi_tiltrotor] WRdbg0 Wu0=1 lo0=-19.38 du0=-0.0162 pin0=0.000 a0=[-0.005 -0.012 0.003 -0.002 -0.001]
INFO  [mc_indi_tiltrotor] WRdbg1 Wu1=1 lo1=-19.87 du1=-0.0133 pin1=0.000 a1=[0.005 -0.007 -0.011 0.001 -0.001]
INFO  [mc_indi_tiltrotor] T0dbg1 G0=[-0.256 0.227 0.021 0.153 -0.988] nu_des=[-0.01 0.00 0.01 -0.31 0.02]
INFO  [mc_indi_tiltrotor] T0dbg2 Ws34=[0.1 20.0] Wu0=1.0 du0=0.0042 dmin0=-19.2853 dmax0=25.7147
INFO  [mc_indi_tiltrotor] T2dbg1 G2=[-0.000 -0.650 0.060 0.003 -1.000] G5=[-0.774 -0.877 -0.002 12.908 0.041]
INFO  [mc_indi_tiltrotor] T2dbg2 Wu25=[1.0 9.0] du25=[-0.0112 0.0003] dmax25=[32.0917 0.0120] nu_yaw=0.014
INFO  [mc_indi_tiltrotor] WRdbg0 Wu0=1 lo0=-19.29 du0=0.0042 pin0=0.000 a0=[0.008 0.002 0.002 -0.001 -0.006]
INFO  [mc_indi_tiltrotor] WRdbg1 Wu1=1 lo1=-19.92 du1=-0.0191 pin1=0.000 a1=[-0.008 0.001 -0.005 0.001 -0.007]
INFO  [mc_indi_tiltrotor] YWdbg nu2=0.012 ach2=-0.000 r=-0.03 wsp2=0.01 ddelta=[0.0120 0.0120 0.0030]
INFO  [mc_indi_tiltrotor] T0dbg1 G0=[-0.256 0.227 0.021 0.152 -0.988] nu_des=[-0.00 -0.00 -0.03 -0.08 -0.03]
INFO  [mc_indi_tiltrotor] T0dbg2 Ws34=[0.1 20.0] Wu0=1.0 du0=0.0132 dmin0=-18.8147 dmax0=26.1853
INFO  [mc_indi_tiltrotor] T2dbg1 G2=[-0.000 -0.650 0.060 0.005 -1.000] G5=[-0.753 -0.837 -0.004 12.554 0.064]
INFO  [mc_indi_tiltrotor] T2dbg2 Wu25=[1.0 9.0] du25=[0.0160 -0.0000] dmax25=[32.4463 0.0120] nu_yaw=-0.033
INFO  [mc_indi_tiltrotor] WRdbg0 Wu0=1 lo0=-18.81 du0=0.0132 pin0=-0.003 a0=[0.007 -0.003 0.000 0.000 0.012]
INFO  [mc_indi_tiltrotor] WRdbg1 Wu1=1 lo1=-19.22 du1=0.0159 pin1=0.003 a1=[-0.006 -0.002 0.010 -0.000 0.012]
INFO  [mc_indi_tiltrotor] T0dbg1 G0=[-0.256 0.227 0.018 0.166 -0.986] nu_des=[-0.00 0.00 -0.03 -0.40 0.01]
INFO  [mc_indi_tiltrotor] T0dbg2 Ws34=[0.1 20.0] Wu0=1.0 du0=0.0082 dmin0=-19.3550 dmax0=25.6450
INFO  [mc_indi_tiltrotor] T2dbg1 G2=[-0.000 -0.650 0.060 0.004 -1.000] G5=[-0.772 -0.863 -0.003 12.861 0.057]
INFO  [mc_indi_tiltrotor] T2dbg2 Wu25=[1.0 9.0] du25=[-0.0026 -0.0000] dmax25=[32.1387 0.0120] nu_yaw=-0.025
INFO  [mc_indi_tiltrotor] WRdbg0 Wu0=1 lo0=-19.35 du0=0.0082 pin0=-0.001 a0=[0.009 0.003 0.001 0.000 -0.004]
INFO  [mc_indi_tiltrotor] WRdbg1 Wu1=1 lo1=-19.67 du1=-0.0025 pin1=0.001 a1=[-0.008 0.002 0.008 -0.000 -0.004]
INFO  [mc_indi_tiltrotor] YWdbg nu2=-0.025 ach2=-0.023 r=0.04 wsp2=-0.01 ddelta=[0.0058 -0.0003 0.0013]
INFO  [mc_indi_tiltrotor] T0dbg1 G0=[-0.256 0.227 0.018 0.163 -0.987] nu_des=[0.01 0.03 0.02 -0.45 -0.00]
INFO  [mc_indi_tiltrotor] T0dbg2 Ws34=[0.1 20.0] Wu0=1.0 du0=0.0095 dmin0=-19.2904 dmax0=25.7096
INFO  [mc_indi_tiltrotor] T2dbg1 G2=[-0.000 -0.650 0.060 0.003 -1.000] G5=[-0.774 -0.878 -0.002 12.907 0.039]
INFO  [mc_indi_tiltrotor] T2dbg2 Wu25=[1.0 9.0] du25=[-0.0297 -0.0009] dmax25=[32.0928 0.0120] nu_yaw=0.023
INFO  [mc_indi_tiltrotor] WRdbg0 Wu0=1 lo0=-19.29 du0=0.0095 pin0=0.000 a0=[-0.013 0.023 0.002 -0.002 0.000]
INFO  [mc_indi_tiltrotor] WRdbg1 Wu1=1 lo1=-19.78 du1=0.0188 pin1=0.000 a1=[0.013 0.013 -0.009 0.001 0.000]
INFO  [mc_indi_tiltrotor] T0dbg1 G0=[-0.256 0.227 0.021 0.154 -0.988] nu_des=[0.01 -0.01 0.00 -0.14 -0.11]
INFO  [mc_indi_tiltrotor] T0dbg2 Ws34=[0.1 20.0] Wu0=1.0 du0=0.0133 dmin0=-18.7574 dmax0=26.2426
INFO  [mc_indi_tiltrotor] T2dbg1 G2=[-0.000 -0.650 0.060 0.004 -1.000] G5=[-0.758 -0.852 -0.003 12.640 0.050]
INFO  [mc_indi_tiltrotor] T2dbg2 Wu25=[1.0 9.0] du25=[0.0340 -0.0007] dmax25=[32.3596 0.0120] nu_yaw=0.003
INFO  [mc_indi_tiltrotor] WRdbg0 Wu0=1 lo0=-18.76 du0=0.0133 pin0=0.000 a0=[-0.015 -0.008 0.000 -0.001 0.036]
INFO  [mc_indi_tiltrotor] WRdbg1 Wu1=1 lo1=-19.31 du1=0.0523 pin1=0.000 a1=[0.014 -0.005 -0.001 0.000 0.044]
INFO  [mc_indi_tiltrotor] YWdbg nu2=-0.019 ach2=-0.018 r=-0.02 wsp2=0.01 ddelta=[0.0003 -0.0035 0.0003]
INFO  [mc_indi_tiltrotor] T0dbg1 G0=[-0.256 0.227 0.019 0.159 -0.987] nu_des=[0.01 -0.01 -0.03 -0.25 0.03]
INFO  [mc_indi_tiltrotor] T0dbg2 Ws34=[0.1 20.0] Wu0=1.0 du0=-0.0303 dmin0=-19.3429 dmax0=25.6571
INFO  [mc_indi_tiltrotor] T2dbg1 G2=[-0.000 -0.650 0.060 0.004 -1.000] G5=[-0.780 -0.879 -0.003 13.006 0.049]
INFO  [mc_indi_tiltrotor] T2dbg2 Wu25=[1.0 9.0] du25=[0.0118 -0.0004] dmax25=[31.9938 0.0120] nu_yaw=-0.031
INFO  [mc_indi_tiltrotor] WRdbg0 Wu0=1 lo0=-19.34 du0=-0.0303 pin0=-0.000 a0=[-0.013 -0.006 0.001 0.000 -0.011]
INFO  [mc_indi_tiltrotor] WRdbg1 Wu1=1 lo1=-19.82 du1=0.0043 pin1=0.000 a1=[0.012 -0.006 0.009 -0.000 -0.011]
INFO  [mc_indi_tiltrotor] T0dbg1 G0=[-0.256 0.227 0.018 0.166 -0.986] nu_des=[0.00 0.01 0.00 -0.42 0.01]
INFO  [mc_indi_tiltrotor] T0dbg2 Ws34=[0.1 20.0] Wu0=1.0 du0=-0.0070 dmin0=-19.1470 dmax0=25.8530
INFO  [mc_indi_tiltrotor] T2dbg1 G2=[-0.000 -0.650 0.060 0.003 -1.000] G5=[-0.760 -0.862 -0.002 12.665 0.038]
INFO  [mc_indi_tiltrotor] T2dbg2 Wu25=[1.0 9.0] du25=[-0.0079 -0.0005] dmax25=[32.3351 0.0120] nu_yaw=0.003
INFO  [mc_indi_tiltrotor] WRdbg0 Wu0=1 lo0=-19.15 du0=-0.0070 pin0=0.000 a0=[-0.008 0.005 0.000 -0.002 -0.002]
INFO  [mc_indi_tiltrotor] WRdbg1 Wu1=1 lo1=-19.53 du1=0.0075 pin1=0.000 a1=[0.008 0.003 -0.001 0.001 -0.003]
INFO  [mc_indi_tiltrotor] YWdbg nu2=0.008 ach2=0.008 r=0.00 wsp2=-0.01 ddelta=[-0.0012 0.0006 -0.0004]
INFO  [mc_indi_tiltrotor] T0dbg1 G0=[-0.256 0.227 0.020 0.157 -0.988] nu_des=[-0.01 0.04 -0.00 -0.18 -0.04]
INFO  [mc_indi_tiltrotor] T0dbg2 Ws34=[0.1 20.0] Wu0=1.0 du0=0.0559 dmin0=-18.5132 dmax0=26.4868
INFO  [mc_indi_tiltrotor] T2dbg1 G2=[-0.000 -0.650 0.060 0.004 -1.000] G5=[-0.739 -0.834 -0.003 12.325 0.045]
INFO  [mc_indi_tiltrotor] T2dbg2 Wu25=[1.0 9.0] du25=[-0.0334 -0.0003] dmax25=[32.6750 0.0120] nu_yaw=-0.004
INFO  [mc_indi_tiltrotor] WRdbg0 Wu0=1 lo0=-18.51 du0=0.0559 pin0=0.000 a0=[0.015 0.028 -0.000 -0.001 0.014]
INFO  [mc_indi_tiltrotor] WRdbg1 Wu1=1 lo1=-19.01 du1=0.0213 pin1=0.000 a1=[-0.014 0.017 0.002 0.000 0.017]
INFO  [mc_indi_tiltrotor] T0dbg1 G0=[-0.256 0.227 0.021 0.154 -0.988] nu_des=[-0.00 0.00 -0.01 -0.14 -0.03]
INFO  [mc_indi_tiltrotor] T0dbg2 Ws34=[0.1 20.0] Wu0=1.0 du0=0.0130 dmin0=-19.3043 dmax0=25.6957
INFO  [mc_indi_tiltrotor] T2dbg1 G2=[-0.000 -0.650 0.060 0.003 -1.000] G5=[-0.773 -0.874 -0.003 12.891 0.044]
INFO  [mc_indi_tiltrotor] T2dbg2 Wu25=[1.0 9.0] du25=[0.0079 -0.0002] dmax25=[32.1093 0.0120] nu_yaw=-0.011
INFO  [mc_indi_tiltrotor] WRdbg0 Wu0=1 lo0=-19.30 du0=0.0130 pin0=-0.001 a0=[0.001 0.001 0.000 0.000 0.012]
INFO  [mc_indi_tiltrotor] WRdbg1 Wu1=1 lo1=-19.79 du1=0.0154 pin1=0.000 a1=[-0.001 0.001 0.003 -0.000 0.012]
INFO  [mc_indi_tiltrotor] YWdbg nu2=-0.022 ach2=-0.021 r=0.01 wsp2=0.01 ddelta=[0.0041 -0.0003 0.0002]
INFO  [mc_indi_tiltrotor] T0dbg1 G0=[-0.257 0.227 0.017 0.167 -0.986] nu_des=[-0.01 -0.01 0.02 -0.47 -0.01]
INFO  [mc_indi_tiltrotor] T0dbg2 Ws34=[0.1 20.0] Wu0=1.0 du0=0.0020 dmin0=-19.1600 dmax0=25.8400
INFO  [mc_indi_tiltrotor] T2dbg1 G2=[-0.000 -0.650 0.060 0.003 -1.000] G5=[-0.769 -0.875 -0.002 12.820 0.034]
INFO  [mc_indi_tiltrotor] T2dbg2 Wu25=[1.0 9.0] du25=[0.0044 0.0004] dmax25=[32.1804 0.0120] nu_yaw=0.017
INFO  [mc_indi_tiltrotor] WRdbg0 Wu0=1 lo0=-19.16 du0=0.0020 pin0=0.000 a0=[0.010 -0.008 0.001 -0.002 0.002]
INFO  [mc_indi_tiltrotor] WRdbg1 Wu1=1 lo1=-19.64 du1=-0.0175 pin1=0.000 a1=[-0.009 -0.005 -0.006 0.001 0.002]
INFO  [mc_indi_tiltrotor] T0dbg1 G0=[-0.256 0.227 0.020 0.157 -0.988] nu_des=[-0.01 0.01 -0.01 -0.15 -0.13]
INFO  [mc_indi_tiltrotor] T0dbg2 Ws34=[0.1 20.0] Wu0=1.0 du0=0.0637 dmin0=-18.5846 dmax0=26.4154
INFO  [mc_indi_tiltrotor] T2dbg1 G2=[-0.000 -0.650 0.060 0.004 -1.000] G5=[-0.752 -0.845 -0.003 12.535 0.049]
INFO  [mc_indi_tiltrotor] T2dbg2 Wu25=[1.0 9.0] du25=[0.0132 -0.0003] dmax25=[32.4645 0.0120] nu_yaw=-0.008
INFO  [mc_indi_tiltrotor] WRdbg0 Wu0=1 lo0=-18.58 du0=0.0637 pin0=-0.006 a0=[0.014 0.007 0.000 0.000 0.050]
INFO  [mc_indi_tiltrotor] WRdbg1 Wu1=1 lo1=-19.05 du1=0.0495 pin1=0.005 a1=[-0.013 0.006 0.002 -0.000 0.050]
INFO  [mc_indi_tiltrotor] YWdbg nu2=-0.006 ach2=-0.005 r=-0.01 wsp2=0.00 ddelta=[0.0004 -0.0003 -0.0006]
INFO  [mc_indi_tiltrotor] T0dbg1 G0=[-0.256 0.227 0.021 0.154 -0.988] nu_des=[-0.00 0.00 -0.00 -0.15 0.00]
INFO  [mc_indi_tiltrotor] T0dbg2 Ws34=[0.1 20.0] Wu0=1.0 du0=0.0018 dmin0=-19.4226 dmax0=25.5774
INFO  [mc_indi_tiltrotor] T2dbg1 G2=[-0.000 -0.650 0.060 0.003 -1.000] G5=[-0.774 -0.877 -0.002 12.904 0.041]
INFO  [mc_indi_tiltrotor] T2dbg2 Wu25=[1.0 9.0] du25=[-0.0049 -0.0000] dmax25=[32.0957 0.0120] nu_yaw=-0.003
INFO  [mc_indi_tiltrotor] WRdbg0 Wu0=1 lo0=-19.42 du0=0.0018 pin0=0.000 a0=[0.003 0.002 -0.000 -0.001 -0.002]
INFO  [mc_indi_tiltrotor] WRdbg1 Wu1=1 lo1=-19.95 du1=-0.0019 pin1=0.000 a1=[-0.002 0.001 0.001 0.000 -0.002]
INFO  [mc_indi_tiltrotor] T0dbg1 G0=[-0.256 0.227 0.021 0.153 -0.988] nu_des=[0.00 0.01 0.01 -0.14 0.01]
INFO  [mc_indi_tiltrotor] T0dbg2 Ws34=[0.1 20.0] Wu0=1.0 du0=-0.0040 dmin0=-19.2292 dmax0=25.7708
INFO  [mc_indi_tiltrotor] T2dbg1 G2=[-0.000 -0.650 0.060 0.003 -1.000] G5=[-0.771 -0.874 -0.002 12.848 0.039]
INFO  [mc_indi_tiltrotor] T2dbg2 Wu25=[1.0 9.0] du25=[-0.0081 -0.0002] dmax25=[32.1521 0.0120] nu_yaw=0.005
INFO  [mc_indi_tiltrotor] WRdbg0 Wu0=1 lo0=-19.23 du0=-0.0040 pin0=0.000 a0=[-0.003 0.004 0.001 -0.001 -0.005]
INFO  [mc_indi_tiltrotor] WRdbg1 Wu1=1 lo1=-19.80 du1=-0.0016 pin1=0.000 a1=[0.003 0.002 -0.002 0.000 -0.005]
INFO  [mc_indi_tiltrotor] YWdbg nu2=-0.002 ach2=-0.003 r=-0.00 wsp2=0.00 ddelta=[-0.0010 -0.0017 0.0003]
INFO  [mc_indi_tiltrotor] T0dbg1 G0=[-0.256 0.227 0.020 0.155 -0.988] nu_des=[-0.01 -0.00 -0.03 -0.05 -0.31]
INFO  [mc_indi_tiltrotor] T0dbg2 Ws34=[0.1 20.0] Wu0=1.0 du0=0.1257 dmin0=-18.3325 dmax0=26.6675
INFO  [mc_indi_tiltrotor] T2dbg1 G2=[-0.000 -0.650 0.060 0.005 -1.000] G5=[-0.737 -0.818 -0.004 12.275 0.063]
INFO  [mc_indi_tiltrotor] T2dbg2 Wu25=[1.0 9.0] du25=[0.0841 -0.0000] dmax25=[32.7245 0.0120] nu_yaw=-0.033
INFO  [mc_indi_tiltrotor] WRdbg0 Wu0=1 lo0=-18.33 du0=0.1257 pin0=-0.003 a0=[0.016 -0.001 0.000 0.000 0.113]
INFO  [mc_indi_tiltrotor] WRdbg1 Wu1=1 lo1=-18.78 du1=0.1090 pin1=0.002 a1=[-0.015 -0.001 0.010 -0.000 0.113]
INFO  [mc_indi_tiltrotor] T0dbg1 G0=[-0.256 0.227 0.018 0.165 -0.986] nu_des=[0.00 0.00 -0.00 -0.37 -0.01]
INFO  [mc_indi_tiltrotor] T0dbg2 Ws34=[0.1 20.0] Wu0=1.0 du0=-0.0025 dmin0=-19.3944 dmax0=25.6056
INFO  [mc_indi_tiltrotor] T2dbg1 G2=[-0.000 -0.650 0.060 0.004 -1.000] G5=[-0.775 -0.868 -0.003 12.922 0.056]
INFO  [mc_indi_tiltrotor] T2dbg2 Wu25=[1.0 9.0] du25=[-0.0024 -0.0005] dmax25=[32.0781 0.0120] nu_yaw=-0.002
INFO  [mc_indi_tiltrotor] WRdbg0 Wu0=1 lo0=-19.39 du0=-0.0025 pin0=0.000 a0=[-0.007 0.003 -0.000 -0.002 0.003]
INFO  [mc_indi_tiltrotor] WRdbg1 Wu1=1 lo1=-19.73 du1=0.0138 pin1=0.000 a1=[0.006 0.002 0.001 0.001 0.004]
INFO  [mc_indi_tiltrotor] YWdbg nu2=-0.019 ach2=-0.018 r=0.02 wsp2=-0.02 ddelta=[0.0031 -0.0004 -0.0003]
INFO  [mc_indi_tiltrotor] T0dbg1 G0=[-0.257 0.227 0.017 0.170 -0.985] nu_des=[-0.00 -0.01 -0.02 -0.44 0.03]
INFO  [mc_indi_tiltrotor] T0dbg2 Ws34=[0.1 20.0] Wu0=1.0 du0=-0.0059 dmin0=-19.2826 dmax0=25.7174
INFO  [mc_indi_tiltrotor] T2dbg1 G2=[-0.000 -0.650 0.060 0.004 -1.000] G5=[-0.770 -0.867 -0.003 12.839 0.049]
INFO  [mc_indi_tiltrotor] T2dbg2 Wu25=[1.0 9.0] du25=[0.0048 0.0003] dmax25=[32.1607 0.0120] nu_yaw=-0.016
INFO  [mc_indi_tiltrotor] WRdbg0 Wu0=1 lo0=-19.28 du0=-0.0059 pin0=-0.000 a0=[0.009 -0.005 0.001 0.000 -0.012]
INFO  [mc_indi_tiltrotor] WRdbg1 Wu1=1 lo1=-19.65 du1=-0.0199 pin1=0.000 a1=[-0.009 -0.004 0.005 -0.000 -0.012]
INFO  [mc_indi_tiltrotor] T0dbg1 G0=[-0.257 0.227 0.017 0.167 -0.986] nu_des=[-0.01 -0.05 0.04 -0.38 -0.10]
INFO  [mc_indi_tiltrotor] T0dbg2 Ws34=[0.1 20.0] Wu0=1.0 du0=0.0084 dmin0=-18.1767 dmax0=26.8233
INFO  [mc_indi_tiltrotor] T2dbg1 G2=[-0.000 -0.650 0.060 0.004 -1.000] G5=[-0.727 -0.818 -0.003 12.115 0.046]
INFO  [mc_indi_tiltrotor] T2dbg2 Wu25=[1.0 9.0] du25=[0.0631 0.0010] dmax25=[32.8844 0.0120] nu_yaw=0.039
INFO  [mc_indi_tiltrotor] WRdbg0 Wu0=1 lo0=-18.18 du0=0.0084 pin0=-0.019 a0=[0.012 -0.032 0.011 0.000 0.037]
INFO  [mc_indi_tiltrotor] WRdbg1 Wu1=1 lo1=-18.75 du1=-0.0089 pin1=0.009 a1=[-0.011 -0.025 -0.018 -0.000 0.037]
INFO  [mc_indi_tiltrotor] YWdbg nu2=0.034 ach2=0.033 r=-0.04 wsp2=-0.01 ddelta=[-0.0083 -0.0013 0.0002]
INFO  [mc_indi_tiltrotor] T0dbg1 G0=[-0.256 0.227 0.022 0.150 -0.989] nu_des=[0.01 -0.05 0.01 -0.12 -0.01]
INFO  [mc_indi_tiltrotor] T0dbg2 Ws34=[0.1 20.0] Wu0=1.0 du0=-0.0438 dmin0=-19.2072 dmax0=25.7928
INFO  [mc_indi_tiltrotor] T2dbg1 G2=[-0.000 -0.650 0.060 0.003 -1.000] G5=[-0.773 -0.875 -0.002 12.876 0.041]
INFO  [mc_indi_tiltrotor] T2dbg2 Wu25=[1.0 9.0] du25=[0.0467 0.0002] dmax25=[32.1236 0.0120] nu_yaw=0.013
INFO  [mc_indi_tiltrotor] WRdbg0 Wu0=1 lo0=-19.21 du0=-0.0438 pin0=0.000 a0=[-0.015 -0.034 0.002 -0.001 0.004]
INFO  [mc_indi_tiltrotor] WRdbg1 Wu1=1 lo1=-19.86 du1=-0.0055 pin1=0.000 a1=[0.014 -0.019 -0.005 0.000 0.005]
INFO  [mc_indi_tiltrotor] YWdbg nu2=-0.016 ach2=-0.016 r=0.01 wsp2=0.03 ddelta=[0.0016 -0.0017 0.0002]
INFO  [mc_indi_tiltrotor] T0dbg1 G0=[-0.256 0.226 0.022 0.148 -0.989] nu_des=[-0.00 -0.00 -0.01 -0.06 0.05]
INFO  [mc_indi_tiltrotor] T0dbg2 Ws34=[0.1 20.0] Wu0=1.0 du0=-0.0148 dmin0=-19.3471 dmax0=25.6529
INFO  [mc_indi_tiltrotor] T2dbg1 G2=[-0.000 -0.650 0.060 0.003 -1.000] G5=[-0.780 -0.881 -0.003 12.994 0.043]
INFO  [mc_indi_tiltrotor] T2dbg2 Wu25=[1.0 9.0] du25=[-0.0079 0.0003] dmax25=[32.0063 0.0120] nu_yaw=-0.011
INFO  [mc_indi_tiltrotor] WRdbg0 Wu0=1 lo0=-19.35 du0=-0.0148 pin0=0.000 a0=[0.007 -0.003 -0.001 -0.000 -0.017]
INFO  [mc_indi_tiltrotor] WRdbg1 Wu1=1 lo1=-19.91 du1=-0.0249 pin1=0.000 a1=[-0.007 -0.002 0.004 0.000 -0.021]
INFO  [mc_indi_tiltrotor] T0dbg1 G0=[-0.256 0.227 0.020 0.158 -0.987] nu_des=[-0.01 -0.01 -0.03 -0.09 -0.19]
INFO  [mc_indi_tiltrotor] T0dbg2 Ws34=[0.1 20.0] Wu0=1.0 du0=0.0734 dmin0=-18.0554 dmax0=26.9446
INFO  [mc_indi_tiltrotor] T2dbg1 G2=[-0.000 -0.650 0.060 0.006 -1.000] G5=[-0.726 -0.801 -0.004 12.096 0.071]
INFO  [mc_indi_tiltrotor] T2dbg2 Wu25=[1.0 9.0] du25=[0.0652 0.0002] dmax25=[32.9040 0.0120] nu_yaw=-0.030
INFO  [mc_indi_tiltrotor] WRdbg0 Wu0=1 lo0=-18.06 du0=0.0734 pin0=-0.004 a0=[0.013 -0.008 0.001 0.000 0.071]
INFO  [mc_indi_tiltrotor] WRdbg1 Wu1=1 lo1=-18.43 du1=0.0631 pin1=0.003 a1=[-0.012 -0.007 0.009 -0.000 0.071]
INFO  [mc_indi_tiltrotor] YWdbg nu2=-0.001 ach2=-0.000 r=0.02 wsp2=-0.02 ddelta=[-0.0002 -0.0000 -0.0006]
INFO  [mc_indi_tiltrotor] T0dbg1 G0=[-0.256 0.227 0.018 0.165 -0.986] nu_des=[-0.00 -0.01 -0.00 -0.38 -0.02]
INFO  [mc_indi_tiltrotor] T0dbg2 Ws34=[0.1 20.0] Wu0=1.0 du0=0.0139 dmin0=-19.3346 dmax0=25.6654
INFO  [mc_indi_tiltrotor] T2dbg1 G2=[-0.000 -0.650 0.060 0.005 -1.000] G5=[-0.769 -0.857 -0.004 12.808 0.061]
INFO  [mc_indi_tiltrotor] T2dbg2 Wu25=[1.0 9.0] du25=[0.0110 0.0002] dmax25=[32.1915 0.0120] nu_yaw=-0.001
INFO  [mc_indi_tiltrotor] WRdbg0 Wu0=1 lo0=-19.33 du0=0.0139 pin0=-0.001 a0=[0.009 -0.003 0.000 0.000 0.009]
INFO  [mc_indi_tiltrotor] WRdbg1 Wu1=1 lo1=-19.61 du1=-0.0011 pin1=0.001 a1=[-0.008 -0.003 0.000 -0.000 0.009]
INFO  [mc_indi_tiltrotor] T0dbg1 G0=[-0.256 0.227 0.018 0.163 -0.987] nu_des=[0.01 -0.00 0.02 -0.37 0.02]
INFO  [mc_indi_tiltrotor] T0dbg2 Ws34=[0.1 20.0] Wu0=1.0 du0=-0.0142 dmin0=-19.2909 dmax0=25.7091
INFO  [mc_indi_tiltrotor] T2dbg1 G2=[-0.000 -0.650 0.060 0.004 -1.000] G5=[-0.768 -0.864 -0.003 12.798 0.049]
INFO  [mc_indi_tiltrotor] T2dbg2 Wu25=[1.0 9.0] du25=[-0.0034 -0.0002] dmax25=[32.2017 0.0120] nu_yaw=0.023
INFO  [mc_indi_tiltrotor] WRdbg0 Wu0=1 lo0=-19.29 du0=-0.0142 pin0=0.000 a0=[-0.008 -0.001 0.002 -0.002 -0.005]
INFO  [mc_indi_tiltrotor] WRdbg1 Wu1=1 lo1=-19.72 du1=-0.0071 pin1=0.000 a1=[0.008 -0.001 -0.009 0.001 -0.006]
INFO  [mc_indi_tiltrotor] YWdbg nu2=0.010 ach2=0.011 r=-0.04 wsp2=0.00 ddelta=[0.0008 0.0046 -0.0013]
INFO  [mc_indi_tiltrotor] T0dbg1 G0=[-0.256 0.227 0.020 0.157 -0.988] nu_des=[-0.00 0.02 0.01 -0.16 -0.08]
INFO  [mc_indi_tiltrotor] T0dbg2 Ws34=[0.1 20.0] Wu0=1.0 du0=0.0463 dmin0=-17.9032 dmax0=27.0968
INFO  [mc_indi_tiltrotor] T2dbg1 G2=[-0.000 -0.650 0.060 0.004 -1.000] G5=[-0.726 -0.813 -0.003 12.104 0.053]
INFO  [mc_indi_tiltrotor] T2dbg2 Wu25=[1.0 9.0] du25=[-0.0098 -0.0005] dmax25=[32.8955 0.0120] nu_yaw=0.009
INFO  [mc_indi_tiltrotor] WRdbg0 Wu0=1 lo0=-17.90 du0=0.0463 pin0=0.000 a0=[0.002 0.018 0.001 -0.001 0.026]
INFO  [mc_indi_tiltrotor] WRdbg1 Wu1=1 lo1=-18.59 du1=0.0376 pin1=0.000 a1=[-0.002 0.011 -0.003 0.000 0.032]
INFO  [mc_indi_tiltrotor] T0dbg1 G0=[-0.256 0.227 0.021 0.151 -0.988] nu_des=[-0.00 0.01 -0.02 -0.08 -0.02]
INFO  [mc_indi_tiltrotor] T0dbg2 Ws34=[0.1 20.0] Wu0=1.0 du0=0.0171 dmin0=-19.1767 dmax0=25.8233
INFO  [mc_indi_tiltrotor] T2dbg1 G2=[-0.000 -0.650 0.060 0.004 -1.000] G5=[-0.774 -0.867 -0.003 12.893 0.054]
INFO  [mc_indi_tiltrotor] T2dbg2 Wu25=[1.0 9.0] du25=[0.0005 -0.0002] dmax25=[32.1071 0.0120] nu_yaw=-0.019
INFO  [mc_indi_tiltrotor] WRdbg0 Wu0=1 lo0=-19.18 du0=0.0171 pin0=-0.001 a0=[0.004 0.005 -0.000 0.000 0.009]
INFO  [mc_indi_tiltrotor] WRdbg1 Wu1=1 lo1=-19.76 du1=0.0155 pin1=0.001 a1=[-0.004 0.004 0.006 -0.000 0.009]
INFO  [mc_indi_tiltrotor] YWdbg nu2=0.010 ach2=0.010 r=0.02 wsp2=0.00 ddelta=[-0.0039 -0.0022 0.0003]
INFO  [mc_indi_tiltrotor] T0dbg1 G0=[-0.256 0.227 0.018 0.163 -0.987] nu_des=[-0.00 -0.01 0.01 -0.37 -0.01]
INFO  [mc_indi_tiltrotor] T0dbg2 Ws34=[0.1 20.0] Wu0=1.0 du0=0.0037 dmin0=-19.3444 dmax0=25.6556
INFO  [mc_indi_tiltrotor] T2dbg1 G2=[-0.000 -0.650 0.060 0.004 -1.000] G5=[-0.772 -0.869 -0.003 12.865 0.048]
INFO  [mc_indi_tiltrotor] T2dbg2 Wu25=[1.0 9.0] du25=[0.0060 0.0003] dmax25=[32.1346 0.0120] nu_yaw=0.013
INFO  [mc_indi_tiltrotor] WRdbg0 Wu0=1 lo0=-19.34 du0=0.0037 pin0=0.000 a0=[0.007 -0.007 0.001 -0.002 0.004]
INFO  [mc_indi_tiltrotor] WRdbg1 Wu1=1 lo1=-19.75 du1=-0.0102 pin1=0.000 a1=[-0.007 -0.004 -0.005 0.001 0.005]
INFO  [mc_indi_tiltrotor] T0dbg1 G0=[-0.256 0.227 0.020 0.159 -0.987] nu_des=[-0.00 0.06 -0.01 -0.08 -0.23]
INFO  [mc_indi_tiltrotor] T0dbg2 Ws34=[0.1 20.0] Wu0=1.0 du0=0.1248 dmin0=-17.6942 dmax0=27.3058
INFO  [mc_indi_tiltrotor] T2dbg1 G2=[-0.000 -0.650 0.060 0.006 -1.000] G5=[-0.712 -0.788 -0.004 11.860 0.066]
INFO  [mc_indi_tiltrotor] T2dbg2 Wu25=[1.0 9.0] du25=[-0.0142 -0.0012] dmax25=[33.1398 0.0120] nu_yaw=-0.007
INFO  [mc_indi_tiltrotor] WRdbg0 Wu0=1 lo0=-17.69 du0=0.1248 pin0=0.000 a0=[0.008 0.043 -0.001 -0.000 0.075]
INFO  [mc_indi_tiltrotor] WRdbg1 Wu1=1 lo1=-18.00 du1=0.1108 pin1=0.000 a1=[-0.008 0.025 0.003 0.000 0.090]
INFO  [mc_indi_tiltrotor] YWdbg nu2=-0.022 ach2=-0.021 r=0.02 wsp2=-0.01 ddelta=[0.0042 -0.0003 0.0003]
INFO  [mc_indi_tiltrotor] T0dbg1 G0=[-0.256 0.227 0.018 0.163 -0.987] nu_des=[0.00 0.01 -0.02 -0.31 -0.00]
INFO  [mc_indi_tiltrotor] T0dbg2 Ws34=[0.1 20.0] Wu0=1.0 du0=0.0058 dmin0=-19.2730 dmax0=25.7270
INFO  [mc_indi_tiltrotor] T2dbg1 G2=[-0.000 -0.650 0.060 0.005 -1.000] G5=[-0.771 -0.862 -0.004 12.855 0.059]
INFO  [mc_indi_tiltrotor] T2dbg2 Wu25=[1.0 9.0] du25=[-0.0051 -0.0004] dmax25=[32.1448 0.0120] nu_yaw=-0.020
INFO  [mc_indi_tiltrotor] WRdbg0 Wu0=1 lo0=-19.27 du0=0.0058 pin0=-0.000 a0=[-0.002 0.005 0.001 0.000 0.001]
INFO  [mc_indi_tiltrotor] WRdbg1 Wu1=1 lo1=-19.74 du1=0.0135 pin1=0.000 a1=[0.001 0.005 0.006 -0.000 0.001]
INFO  [mc_indi_tiltrotor] T0dbg1 G0=[-0.256 0.227 0.019 0.162 -0.987] nu_des=[0.00 0.02 0.02 -0.41 0.04]
INFO  [mc_indi_tiltrotor] T0dbg2 Ws34=[0.1 20.0] Wu0=1.0 du0=-0.0008 dmin0=-19.2561 dmax0=25.7439
INFO  [mc_indi_tiltrotor] T2dbg1 G2=[-0.000 -0.650 0.060 0.004 -1.000] G5=[-0.776 -0.875 -0.003 12.935 0.047]
INFO  [mc_indi_tiltrotor] T2dbg2 Wu25=[1.0 9.0] du25=[-0.0323 -0.0004] dmax25=[32.0652 0.0120] nu_yaw=0.024
INFO  [mc_indi_tiltrotor] WRdbg0 Wu0=1 lo0=-19.26 du0=-0.0008 pin0=0.000 a0=[-0.005 0.017 0.002 -0.002 -0.013]
INFO  [mc_indi_tiltrotor] WRdbg1 Wu1=1 lo1=-19.79 du1=-0.0103 pin1=0.000 a1=[0.005 0.010 -0.009 0.001 -0.017]
INFO  [mc_indi_tiltrotor] YWdbg nu2=-0.005 ach2=-0.002 r=-0.02 wsp2=0.01 ddelta=[0.0092 0.0115 -0.0026]
INFO  [mc_indi_tiltrotor] T0dbg1 G0=[-0.256 0.227 0.019 0.160 -0.987] nu_des=[-0.00 0.09 -0.00 -0.22 -0.50]
INFO  [mc_indi_tiltrotor] T0dbg2 Ws34=[0.1 20.0] Wu0=1.0 du0=0.2324 dmin0=-17.3642 dmax0=27.6358
INFO  [mc_indi_tiltrotor] T2dbg1 G2=[-0.000 -0.650 0.060 0.005 -1.000] G5=[-0.707 -0.786 -0.004 11.775 0.059]
INFO  [mc_indi_tiltrotor] T2dbg2 Wu25=[1.0 9.0] du25=[0.0043 -0.0026] dmax25=[33.2244 0.0120] nu_yaw=-0.004
INFO  [mc_indi_tiltrotor] WRdbg0 Wu0=1 lo0=-17.36 du0=0.2324 pin0=0.000 a0=[0.005 0.066 -0.000 -0.001 0.163]
INFO  [mc_indi_tiltrotor] WRdbg1 Wu1=1 lo1=-17.84 du1=0.2361 pin1=0.000 a1=[-0.005 0.041 0.002 0.000 0.198]
INFO  [mc_indi_tiltrotor] T0dbg1 G0=[-0.256 0.227 0.019 0.160 -0.987] nu_des=[-0.01 0.06 -0.03 -0.23 0.01]
INFO  [mc_indi_tiltrotor] T0dbg2 Ws34=[0.1 20.0] Wu0=1.0 du0=0.0525 dmin0=-19.0585 dmax0=25.9415
INFO  [mc_indi_tiltrotor] T2dbg1 G2=[-0.000 -0.650 0.060 0.004 -1.000] G5=[-0.767 -0.859 -0.003 12.780 0.055]
INFO  [mc_indi_tiltrotor] T2dbg2 Wu25=[1.0 9.0] du25=[-0.0632 -0.0007] dmax25=[32.2198 0.0120] nu_yaw=-0.031
INFO  [mc_indi_tiltrotor] WRdbg0 Wu0=1 lo0=-19.06 du0=0.0525 pin0=0.000 a0=[0.016 0.045 -0.003 -0.001 -0.004]
INFO  [mc_indi_tiltrotor] WRdbg1 Wu1=1 lo1=-19.52 du1=0.0178 pin1=0.000 a1=[-0.015 0.025 0.012 0.001 -0.005]
INFO  [mc_indi_tiltrotor] YWdbg nu2=-0.021 ach2=-0.019 r=0.03 wsp2=-0.02 ddelta=[0.0034 -0.0003 -0.0010]
INFO  [mc_indi_tiltrotor] T0dbg1 G0=[-0.257 0.227 0.017 0.170 -0.985] nu_des=[-0.01 0.02 -0.01 -0.46 -0.00]
INFO  [mc_indi_tiltrotor] T0dbg2 Ws34=[0.1 20.0] Wu0=1.0 du0=0.0202 dmin0=-19.3592 dmax0=25.6408
INFO  [mc_indi_tiltrotor] T2dbg1 G2=[-0.000 -0.650 0.060 0.003 -1.000] G5=[-0.770 -0.869 -0.003 12.827 0.044]
INFO  [mc_indi_tiltrotor] T2dbg2 Wu25=[1.0 9.0] du25=[-0.0172 -0.0001] dmax25=[32.1728 0.0120] nu_yaw=-0.006
INFO  [mc_indi_tiltrotor] WRdbg0 Wu0=1 lo0=-19.36 du0=0.0202 pin0=-0.001 a0=[0.011 0.009 0.000 0.000 0.000]
INFO  [mc_indi_tiltrotor] WRdbg1 Wu1=1 lo1=-19.81 du1=0.0004 pin1=0.000 a1=[-0.010 0.008 0.002 -0.000 0.000]
INFO  [mc_indi_tiltrotor] T0dbg1 G0=[-0.257 0.227 0.016 0.171 -0.985] nu_des=[0.02 -0.44 0.02 -0.28 0.06]
INFO  [mc_indi_tiltrotor] T0dbg2 Ws34=[0.1 20.0] Wu0=1.0 du0=-0.3203 dmin0=-17.4356 dmax0=27.5644
INFO  [mc_indi_tiltrotor] T2dbg1 G2=[-0.000 -0.650 0.060 0.005 -1.000] G5=[-0.712 -0.793 -0.004 11.871 0.059]
INFO  [mc_indi_tiltrotor] T2dbg2 Wu25=[1.0 9.0] du25=[0.4528 0.0074] dmax25=[33.1288 0.0120] nu_yaw=0.023
INFO  [mc_indi_tiltrotor] WRdbg0 Wu0=1 lo0=-17.44 du0=-0.3203 pin0=-0.015 a0=[-0.029 -0.256 0.000 0.000 -0.021]
INFO  [mc_indi_tiltrotor] WRdbg1 Wu1=1 lo1=-17.81 du1=-0.2293 pin1=0.002 a1=[0.028 -0.237 -0.001 -0.000 -0.021]
INFO  [mc_indi_tiltrotor] YWdbg nu2=0.016 ach2=0.016 r=-0.04 wsp2=0.00 ddelta=[-0.0040 -0.0009 0.0002]
INFO  [mc_indi_tiltrotor] T0dbg1 G0=[-0.256 0.227 0.021 0.153 -0.988] nu_des=[-0.00 0.00 0.01 -0.15 -0.03]
INFO  [mc_indi_tiltrotor] T0dbg2 Ws34=[0.1 20.0] Wu0=1.0 du0=0.0162 dmin0=-19.2437 dmax0=25.7563
INFO  [mc_indi_tiltrotor] T2dbg1 G2=[-0.000 -0.650 0.060 0.003 -1.000] G5=[-0.775 -0.876 -0.003 12.924 0.045]
INFO  [mc_indi_tiltrotor] T2dbg2 Wu25=[1.0 9.0] du25=[0.0011 0.0001] dmax25=[32.0760 0.0120] nu_yaw=0.012
INFO  [mc_indi_tiltrotor] WRdbg0 Wu0=1 lo0=-19.24 du0=0.0162 pin0=0.000 a0=[0.005 0.001 0.001 -0.001 0.010]
INFO  [mc_indi_tiltrotor] WRdbg1 Wu1=1 lo1=-19.77 du1=0.0030 pin1=0.000 a1=[-0.005 0.000 -0.004 0.000 0.012]
INFO  [mc_indi_tiltrotor] T0dbg1 G0=[-0.256 0.227 0.022 0.151 -0.989] nu_des=[-0.00 -0.00 0.00 -0.10 0.02]
INFO  [mc_indi_tiltrotor] T0dbg2 Ws34=[0.1 20.0] Wu0=1.0 du0=-0.0058 dmin0=-19.3067 dmax0=25.6933
INFO  [mc_indi_tiltrotor] T2dbg1 G2=[-0.000 -0.650 0.060 0.003 -1.000] G5=[-0.783 -0.887 -0.003 13.056 0.042]
INFO  [mc_indi_tiltrotor] T2dbg2 Wu25=[1.0 9.0] du25=[-0.0057 0.0001] dmax25=[31.9444 0.0120] nu_yaw=0.003
INFO  [mc_indi_tiltrotor] WRdbg0 Wu0=1 lo0=-19.31 du0=-0.0058 pin0=0.000 a0=[0.002 -0.000 0.000 -0.000 -0.007]
INFO  [mc_indi_tiltrotor] WRdbg1 Wu1=1 lo1=-19.90 du1=-0.0115 pin1=0.000 a1=[-0.002 -0.000 -0.001 0.000 -0.009]
INFO  [mc_indi_tiltrotor] YWdbg nu2=-0.006 ach2=0.002 r=0.02 wsp2=0.01 ddelta=[0.0120 0.0120 0.0034]
INFO  [mc_indi_tiltrotor] T0dbg1 G0=[-0.256 0.227 0.019 0.160 -0.987] nu_des=[-0.00 0.03 -0.02 0.07 -0.32]
INFO  [mc_indi_tiltrotor] T0dbg2 Ws34=[0.1 20.0] Wu0=1.0 du0=0.1282 dmin0=-16.5791 dmax0=28.4209
INFO  [mc_indi_tiltrotor] T2dbg1 G2=[-0.000 -0.650 0.060 0.005 -1.000] G5=[-0.664 -0.735 -0.004 11.071 0.061]
INFO  [mc_indi_tiltrotor] T2dbg2 Wu25=[1.0 9.0] du25=[0.0357 -0.0013] dmax25=[33.9292 0.0120] nu_yaw=-0.016
INFO  [mc_indi_tiltrotor] WRdbg0 Wu0=1 lo0=-16.58 du0=0.1282 pin0=-0.009 a0=[0.000 0.018 0.000 -0.000 0.119]
INFO  [mc_indi_tiltrotor] WRdbg1 Wu1=1 lo1=-17.05 du1=0.1466 pin1=0.006 a1=[-0.000 0.016 0.005 0.000 0.119]
INFO  [mc_indi_tiltrotor] T0dbg1 G0=[-0.257 0.227 0.017 0.167 -0.986] nu_des=[0.01 -0.03 0.00 -0.43 -0.03]
INFO  [mc_indi_tiltrotor] T0dbg2 Ws34=[0.1 20.0] Wu0=1.0 du0=-0.0268 dmin0=-19.1975 dmax0=25.8025
INFO  [mc_indi_tiltrotor] T2dbg1 G2=[-0.000 -0.650 0.060 0.004 -1.000] G5=[-0.752 -0.841 -0.003 12.533 0.056]
INFO  [mc_indi_tiltrotor] T2dbg2 Wu25=[1.0 9.0] du25=[0.0381 -0.0003] dmax25=[32.4664 0.0120] nu_yaw=0.000
INFO  [mc_indi_tiltrotor] WRdbg0 Wu0=1 lo0=-19.20 du0=-0.0268 pin0=-0.005 a0=[-0.016 -0.019 -0.000 0.000 0.013]
INFO  [mc_indi_tiltrotor] WRdbg1 Wu1=1 lo1=-19.58 du1=0.0142 pin1=0.003 a1=[0.015 -0.016 -0.000 -0.000 0.013]
INFO  [mc_indi_tiltrotor] YWdbg nu2=0.011 ach2=0.011 r=-0.00 wsp2=-0.02 ddelta=[-0.0013 0.0010 -0.0003]
INFO  [mc_indi_tiltrotor] T0dbg1 G0=[-0.256 0.227 0.019 0.161 -0.987] nu_des=[0.01 -0.00 0.01 -0.30 0.02]
INFO  [mc_indi_tiltrotor] T0dbg2 Ws34=[0.1 20.0] Wu0=1.0 du0=-0.0240 dmin0=-19.3748 dmax0=25.6252
INFO  [mc_indi_tiltrotor] T2dbg1 G2=[-0.000 -0.650 0.060 0.004 -1.000] G5=[-0.768 -0.862 -0.003 12.792 0.051]
INFO  [mc_indi_tiltrotor] T2dbg2 Wu25=[1.0 9.0] du25=[0.0025 -0.0005] dmax25=[32.2077 0.0120] nu_yaw=0.013
INFO  [mc_indi_tiltrotor] WRdbg0 Wu0=1 lo0=-19.37 du0=-0.0240 pin0=0.000 a0=[-0.016 -0.003 0.001 -0.001 -0.005]
INFO  [mc_indi_tiltrotor] WRdbg1 Wu1=1 lo1=-19.80 du1=0.0031 pin1=0.000 a1=[0.015 -0.002 -0.005 0.001 -0.006]
INFO  [mc_indi_tiltrotor] T0dbg1 G0=[-0.256 0.227 0.019 0.161 -0.987] nu_des=[0.00 0.08 0.00 -0.07 0.04]
INFO  [mc_indi_tiltrotor] T0dbg2 Ws34=[0.1 20.0] Wu0=1.0 du0=0.0376 dmin0=-16.8929 dmax0=28.1071
INFO  [mc_indi_tiltrotor] T2dbg1 G2=[-0.000 -0.650 0.060 0.006 -1.000] G5=[-0.682 -0.753 -0.004 11.362 0.065]
INFO  [mc_indi_tiltrotor] T2dbg2 Wu25=[1.0 9.0] du25=[-0.0835 -0.0012] dmax25=[33.6380 0.0120] nu_yaw=0.004
INFO  [mc_indi_tiltrotor] WRdbg0 Wu0=1 lo0=-16.89 du0=0.0376 pin0=0.000 a0=[-0.008 0.058 0.000 -0.000 -0.013]
INFO  [mc_indi_tiltrotor] WRdbg1 Wu1=1 lo1=-17.29 du1=0.0268 pin1=0.000 a1=[0.007 0.036 -0.002 0.000 -0.015]
INFO  [mc_indi_tiltrotor] YWdbg nu2=-0.037 ach2=-0.033 r=0.02 wsp2=0.00 ddelta=[0.0072 -0.0009 0.0009]
INFO  [mc_indi_tiltrotor] T0dbg1 G0=[-0.256 0.227 0.018 0.165 -0.986] nu_des=[0.02 0.09 -0.00 -0.38 -0.02]
INFO  [mc_indi_tiltrotor] T0dbg2 Ws34=[0.1 20.0] Wu0=1.0 du0=0.0369 dmin0=-19.1852 dmax0=25.8148
INFO  [mc_indi_tiltrotor] T2dbg1 G2=[-0.000 -0.650 0.060 0.005 -1.000] G5=[-0.773 -0.863 -0.004 12.886 0.060]
INFO  [mc_indi_tiltrotor] T2dbg2 Wu25=[1.0 9.0] du25=[-0.0732 -0.0027] dmax25=[32.1138 0.0120] nu_yaw=-0.005
INFO  [mc_indi_tiltrotor] WRdbg0 Wu0=1 lo0=-19.19 du0=0.0369 pin0=0.000 a0=[-0.033 0.067 -0.000 -0.002 0.005]
INFO  [mc_indi_tiltrotor] WRdbg1 Wu1=1 lo1=-19.65 du1=0.0797 pin1=0.000 a1=[0.032 0.038 0.002 0.001 0.007]
INFO  [mc_indi_tiltrotor] T0dbg1 G0=[-0.256 0.227 0.018 0.164 -0.987] nu_des=[0.01 0.00 0.00 -0.34 0.02]
INFO  [mc_indi_tiltrotor] T0dbg2 Ws34=[0.1 20.0] Wu0=1.0 du0=-0.0192 dmin0=-19.2763 dmax0=25.7237
INFO  [mc_indi_tiltrotor] T2dbg1 G2=[-0.000 -0.650 0.060 0.004 -1.000] G5=[-0.774 -0.871 -0.003 12.904 0.050]
INFO  [mc_indi_tiltrotor] T2dbg2 Wu25=[1.0 9.0] du25=[-0.0063 -0.0007] dmax25=[32.0958 0.0120] nu_yaw=0.004
INFO  [mc_indi_tiltrotor] WRdbg0 Wu0=1 lo0=-19.28 du0=-0.0192 pin0=0.000 a0=[-0.015 0.004 0.000 -0.002 -0.006]
INFO  [mc_indi_tiltrotor] WRdbg1 Wu1=1 lo1=-19.84 du1=0.0078 pin1=0.000 a1=[0.015 0.002 -0.002 0.001 -0.008]
INFO  [mc_indi_tiltrotor] YWdbg nu2=0.018 ach2=0.018 r=-0.02 wsp2=-0.01 ddelta=[-0.0026 0.0011 -0.0003]
INFO  [mc_indi_tiltrotor] T0dbg1 G0=[-0.256 0.227 0.018 0.164 -0.987] nu_des=[-0.00 -0.11 0.03 -0.08 0.78]
INFO  [mc_indi_tiltrotor] T0dbg2 Ws34=[0.1 20.0] Wu0=1.0 du0=-0.3270 dmin0=-16.7813 dmax0=28.2187
INFO  [mc_indi_tiltrotor] T2dbg1 G2=[-0.000 -0.650 0.060 0.006 -1.000] G5=[-0.667 -0.738 -0.004 11.111 0.062]
INFO  [mc_indi_tiltrotor] T2dbg2 Wu25=[1.0 9.0] du25=[-0.0517 0.0034] dmax25=[33.8886 0.0120] nu_yaw=0.030
INFO  [mc_indi_tiltrotor] WRdbg0 Wu0=1 lo0=-16.78 du0=-0.3270 pin0=0.019 a0=[0.003 -0.063 0.000 0.000 -0.287]
INFO  [mc_indi_tiltrotor] WRdbg1 Wu1=1 lo1=-17.20 du1=-0.3658 pin1=-0.012 a1=[-0.003 -0.059 -0.001 -0.000 -0.291]
INFO  [mc_indi_tiltrotor] T0dbg1 G0=[-0.256 0.227 0.021 0.154 -0.988] nu_des=[0.00 0.00 -0.01 -0.14 -0.03]
INFO  [mc_indi_tiltrotor] T0dbg2 Ws34=[0.1 20.0] Wu0=1.0 du0=0.0065 dmin0=-19.1225 dmax0=25.8775
INFO  [mc_indi_tiltrotor] T2dbg1 G2=[-0.000 -0.650 0.060 0.005 -1.000] G5=[-0.764 -0.850 -0.004 12.730 0.064]
INFO  [mc_indi_tiltrotor] T2dbg2 Wu25=[1.0 9.0] du25=[0.0076 -0.0003] dmax25=[32.2694 0.0120] nu_yaw=-0.011
INFO  [mc_indi_tiltrotor] WRdbg0 Wu0=1 lo0=-19.12 du0=0.0065 pin0=-0.001 a0=[-0.004 0.000 0.000 0.000 0.011]
INFO  [mc_indi_tiltrotor] WRdbg1 Wu1=1 lo1=-19.49 du1=0.0197 pin1=0.001 a1=[0.004 0.000 0.003 -0.000 0.011]
INFO  [mc_indi_tiltrotor] YWdbg nu2=0.007 ach2=0.007 r=0.02 wsp2=0.00 ddelta=[-0.0007 0.0009 -0.0007]
INFO  [mc_indi_tiltrotor] T0dbg1 G0=[-0.256 0.227 0.018 0.163 -0.987] nu_des=[-0.00 -0.01 0.01 -0.38 -0.00]
INFO  [mc_indi_tiltrotor] T0dbg2 Ws34=[0.1 20.0] Wu0=1.0 du0=-0.0032 dmin0=-19.4092 dmax0=25.5908
INFO  [mc_indi_tiltrotor] T2dbg1 G2=[-0.000 -0.650 0.060 0.004 -1.000] G5=[-0.775 -0.870 -0.003 12.917 0.052]
INFO  [mc_indi_tiltrotor] T2dbg2 Wu25=[1.0 9.0] du25=[0.0048 0.0001] dmax25=[32.0831 0.0120] nu_yaw=0.007
INFO  [mc_indi_tiltrotor] WRdbg0 Wu0=1 lo0=-19.41 du0=-0.0032 pin0=0.000 a0=[0.004 -0.007 0.001 -0.002 0.001]
INFO  [mc_indi_tiltrotor] WRdbg1 Wu1=1 lo1=-19.84 du1=-0.0086 pin1=0.000 a1=[-0.004 -0.004 -0.003 0.001 0.001]
INFO  [mc_indi_tiltrotor] T0dbg1 G0=[-0.256 0.227 0.019 0.159 -0.987] nu_des=[0.00 -0.01 0.04 -0.09 3.26]
INFO  [mc_indi_tiltrotor] T0dbg2 Ws34=[0.1 20.0] Wu0=1.0 du0=-1.1926 dmin0=-17.5822 dmax0=27.4178
INFO  [mc_indi_tiltrotor] T2dbg1 G2=[-0.000 -0.650 0.060 0.005 -1.000] G5=[-0.705 -0.783 -0.004 11.752 0.060]
INFO  [mc_indi_tiltrotor] T2dbg2 Wu25=[1.0 9.0] du25=[-0.7992 0.0053] dmax25=[33.2476 0.0120] nu_yaw=0.039
INFO  [mc_indi_tiltrotor] WRdbg0 Wu0=1 lo0=-17.58 du0=-1.1926 pin0=0.019 a0=[-0.000 -0.006 0.001 0.000 -1.206]
INFO  [mc_indi_tiltrotor] WRdbg1 Wu1=1 lo1=-18.06 du1=-1.2411 pin1=-0.013 a1=[0.000 -0.006 -0.001 -0.000 -1.222]
INFO  [mc_indi_tiltrotor] YWdbg nu2=-0.016 ach2=-0.016 r=0.00 wsp2=0.01 ddelta=[0.0018 -0.0017 0.0004]
INFO  [mc_indi_tiltrotor] T0dbg1 G0=[-0.256 0.227 0.020 0.155 -0.988] nu_des=[0.00 -0.00 -0.02 -0.15 -0.08]
INFO  [mc_indi_tiltrotor] T0dbg2 Ws34=[0.1 20.0] Wu0=1.0 du0=0.0206 dmin0=-19.0044 dmax0=25.9956
INFO  [mc_indi_tiltrotor] T2dbg1 G2=[-0.000 -0.650 0.060 0.005 -1.000] G5=[-0.764 -0.850 -0.004 12.738 0.065]
INFO  [mc_indi_tiltrotor] T2dbg2 Wu25=[1.0 9.0] du25=[0.0266 -0.0005] dmax25=[32.2623 0.0120] nu_yaw=-0.017
INFO  [mc_indi_tiltrotor] WRdbg0 Wu0=1 lo0=-19.00 du0=0.0206 pin0=-0.001 a0=[-0.007 -0.002 0.000 0.000 0.031]
INFO  [mc_indi_tiltrotor] WRdbg1 Wu1=1 lo1=-19.52 du1=0.0418 pin1=0.001 a1=[0.007 -0.002 0.005 -0.000 0.031]
INFO  [mc_indi_tiltrotor] T0dbg1 G0=[-0.257 0.227 0.017 0.169 -0.986] nu_des=[-0.00 -0.04 -0.02 -0.45 0.06]
INFO  [mc_indi_tiltrotor] T0dbg2 Ws34=[0.1 20.0] Wu0=1.0 du0=-0.0415 dmin0=-19.3923 dmax0=25.6077
INFO  [mc_indi_tiltrotor] T2dbg1 G2=[-0.000 -0.650 0.060 0.005 -1.000] G5=[-0.775 -0.865 -0.004 12.920 0.060]
INFO  [mc_indi_tiltrotor] T2dbg2 Wu25=[1.0 9.0] du25=[0.0407 0.0008] dmax25=[32.0797 0.0120] nu_yaw=-0.020
INFO  [mc_indi_tiltrotor] WRdbg0 Wu0=1 lo0=-19.39 du0=-0.0415 pin0=-0.001 a0=[0.005 -0.026 0.001 0.000 -0.020]
INFO  [mc_indi_tiltrotor] WRdbg1 Wu1=1 lo1=-19.84 du1=-0.0414 pin1=0.001 a1=[-0.004 -0.023 0.006 -0.000 -0.020]
INFO  [mc_indi_tiltrotor] YWdbg nu2=0.023 ach2=0.022 r=-0.01 wsp2=-0.02 ddelta=[-0.0039 0.0003 0.0001]
INFO  [mc_indi_tiltrotor] T0dbg1 G0=[-0.256 0.227 0.018 0.163 -0.987] nu_des=[-0.00 0.01 0.03 -0.40 0.01]
INFO  [mc_indi_tiltrotor] T0dbg2 Ws34=[0.1 20.0] Wu0=1.0 du0=0.0064 dmin0=-19.2170 dmax0=25.7830
INFO  [mc_indi_tiltrotor] T2dbg1 G2=[-0.000 -0.650 0.060 0.004 -1.000] G5=[-0.766 -0.859 -0.003 12.765 0.053]
INFO  [mc_indi_tiltrotor] T2dbg2 Wu25=[1.0 9.0] du25=[-0.0142 0.0002] dmax25=[32.2353 0.0120] nu_yaw=0.026
INFO  [mc_indi_tiltrotor] WRdbg0 Wu0=1 lo0=-19.22 du0=0.0064 pin0=0.000 a0=[0.006 0.005 0.002 -0.002 -0.004]
INFO  [mc_indi_tiltrotor] WRdbg1 Wu1=1 lo1=-19.61 du1=-0.0172 pin1=0.000 a1=[-0.006 0.003 -0.010 0.001 -0.005]
INFO  [mc_indi_tiltrotor] T0dbg1 G0=[-0.256 0.227 0.021 0.154 -0.988] nu_des=[-0.01 0.01 -0.00 -0.09 -0.03]
INFO  [mc_indi_tiltrotor] T0dbg2 Ws34=[0.1 20.0] Wu0=1.0 du0=0.0445 dmin0=-18.7213 dmax0=26.2787
INFO  [mc_indi_tiltrotor] T2dbg1 G2=[-0.000 -0.650 0.060 0.005 -1.000] G5=[-0.753 -0.835 -0.004 12.552 0.067]
INFO  [mc_indi_tiltrotor] T2dbg2 Wu25=[1.0 9.0] du25=[-0.0060 0.0006] dmax25=[32.4476 0.0120] nu_yaw=-0.004
INFO  [mc_indi_tiltrotor] WRdbg0 Wu0=1 lo0=-18.72 du0=0.0445 pin0=-0.002 a0=[0.028 0.006 0.000 0.000 0.013]
INFO  [mc_indi_tiltrotor] WRdbg1 Wu1=1 lo1=-19.24 du1=-0.0050 pin1=0.002 a1=[-0.026 0.005 0.001 -0.000 0.013]
INFO  [mc_indi_tiltrotor] YWdbg nu2=-0.017 ach2=-0.016 r=0.01 wsp2=0.01 ddelta=[0.0033 -0.0002 0.0005]
INFO  [mc_indi_tiltrotor] T0dbg1 G0=[-0.256 0.227 0.019 0.160 -0.987] nu_des=[0.01 -0.00 -0.02 -0.24 -0.03]
INFO  [mc_indi_tiltrotor] T0dbg2 Ws34=[0.1 20.0] Wu0=1.0 du0=-0.0129 dmin0=-19.1490 dmax0=25.8510
INFO  [mc_indi_tiltrotor] T2dbg1 G2=[-0.000 -0.650 0.060 0.005 -1.000] G5=[-0.771 -0.856 -0.004 12.847 0.067]
INFO  [mc_indi_tiltrotor] T2dbg2 Wu25=[1.0 9.0] du25=[0.0160 -0.0009] dmax25=[32.1528 0.0120] nu_yaw=-0.016
INFO  [mc_indi_tiltrotor] WRdbg0 Wu0=1 lo0=-19.15 du0=-0.0129 pin0=-0.000 a0=[-0.022 -0.002 0.001 0.000 0.011]
INFO  [mc_indi_tiltrotor] WRdbg1 Wu1=1 lo1=-19.60 du1=0.0341 pin1=0.000 a1=[0.020 -0.002 0.005 -0.000 0.011]
INFO  [mc_indi_tiltrotor] T0dbg1 G0=[-0.256 0.227 0.018 0.165 -0.986] nu_des=[0.01 -0.00 0.03 -0.43 0.01]
INFO  [mc_indi_tiltrotor] T0dbg2 Ws34=[0.1 20.0] Wu0=1.0 du0=-0.0172 dmin0=-19.2876 dmax0=25.7124
INFO  [mc_indi_tiltrotor] T2dbg1 G2=[-0.000 -0.650 0.060 0.004 -1.000] G5=[-0.771 -0.865 -0.003 12.846 0.052]
INFO  [mc_indi_tiltrotor] T2dbg2 Wu25=[1.0 9.0] du25=[0.0002 -0.0003] dmax25=[32.1535 0.0120] nu_yaw=0.030
INFO  [mc_indi_tiltrotor] WRdbg0 Wu0=1 lo0=-19.29 du0=-0.0172 pin0=0.000 a0=[-0.012 -0.003 0.003 -0.002 -0.003]
INFO  [mc_indi_tiltrotor] WRdbg1 Wu1=1 lo1=-19.82 du1=-0.0040 pin1=0.000 a1=[0.012 -0.001 -0.012 0.001 -0.004]
INFO  [mc_indi_tiltrotor] YWdbg nu2=0.006 ach2=0.006 r=-0.03 wsp2=0.00 ddelta=[-0.0003 0.0010 -0.0003]
INFO  [mc_indi_tiltrotor] T0dbg1 G0=[-0.256 0.227 0.020 0.156 -0.988] nu_des=[-0.00 -0.00 0.02 -0.38 0.00]
INFO  [mc_indi_tiltrotor] T0dbg2 Ws34=[0.1 20.0] Wu0=1.0 du0=-0.0018 dmin0=-19.2220 dmax0=25.7780
INFO  [mc_indi_tiltrotor] T2dbg1 G2=[-0.000 -0.650 0.060 0.003 -1.000] G5=[-0.766 -0.865 -0.003 12.759 0.044]
INFO  [mc_indi_tiltrotor] T2dbg2 Wu25=[1.0 9.0] du25=[-0.0011 0.0000] dmax25=[32.2411 0.0120] nu_yaw=0.016
INFO  [mc_indi_tiltrotor] WRdbg0 Wu0=1 lo0=-19.22 du0=-0.0018 pin0=0.000 a0=[0.001 -0.002 0.002 -0.002 -0.000]
INFO  [mc_indi_tiltrotor] WRdbg1 Wu1=1 lo1=-19.70 du1=-0.0080 pin1=0.000 a1=[-0.001 -0.001 -0.006 0.001 -0.000]
INFO  [mc_indi_tiltrotor] T0dbg1 G0=[-0.256 0.227 0.022 0.150 -0.989] nu_des=[0.00 -0.00 0.00 -0.27 0.02]
INFO  [mc_indi_tiltrotor] T0dbg2 Ws34=[0.1 20.0] Wu0=1.0 du0=-0.0147 dmin0=-19.1114 dmax0=25.8886
INFO  [mc_indi_tiltrotor] T2dbg1 G2=[-0.000 -0.650 0.060 0.003 -1.000] G5=[-0.765 -0.865 -0.002 12.745 0.041]
INFO  [mc_indi_tiltrotor] T2dbg2 Wu25=[1.0 9.0] du25=[-0.0025 -0.0003] dmax25=[32.2551 0.0120] nu_yaw=0.001
INFO  [mc_indi_tiltrotor] WRdbg0 Wu0=1 lo0=-19.11 du0=-0.0147 pin0=0.000 a0=[-0.006 -0.001 0.000 -0.001 -0.006]
INFO  [mc_indi_tiltrotor] WRdbg1 Wu1=1 lo1=-19.57 du1=-0.0018 pin1=0.000 a1=[0.006 -0.001 -0.001 0.001 -0.007]
INFO  [mc_indi_tiltrotor] YWdbg nu2=-0.020 ach2=-0.019 r=0.02 wsp2=0.02 ddelta=[0.0014 -0.0025 -0.0001]
INFO  [mc_indi_tiltrotor] T0dbg1 G0=[-0.256 0.227 0.021 0.154 -0.988] nu_des=[-0.01 -0.00 -0.03 -0.18 0.01]
INFO  [mc_indi_tiltrotor] T0dbg2 Ws34=[0.1 20.0] Wu0=1.0 du0=0.0049 dmin0=-18.9914 dmax0=26.0086
INFO  [mc_indi_tiltrotor] T2dbg1 G2=[-0.000 -0.650 0.060 0.003 -1.000] G5=[-0.764 -0.864 -0.002 12.727 0.041]
INFO  [mc_indi_tiltrotor] T2dbg2 Wu25=[1.0 9.0] du25=[-0.0026 0.0000] dmax25=[32.2732 0.0120] nu_yaw=-0.034
INFO  [mc_indi_tiltrotor] WRdbg0 Wu0=1 lo0=-18.99 du0=0.0049 pin0=0.000 a0=[0.013 -0.001 -0.004 -0.001 -0.002]
INFO  [mc_indi_tiltrotor] WRdbg1 Wu1=1 lo1=-19.44 du1=-0.0020 pin1=0.000 a1=[-0.012 -0.001 0.013 0.000 -0.002]
INFO  [mc_indi_tiltrotor] T0dbg1 G0=[-0.256 0.227 0.018 0.166 -0.986] nu_des=[-0.00 -0.01 0.00 -0.35 -0.00]
INFO  [mc_indi_tiltrotor] T0dbg2 Ws34=[0.1 20.0] Wu0=1.0 du0=-0.0005 dmin0=-18.9249 dmax0=26.0751
INFO  [mc_indi_tiltrotor] T2dbg1 G2=[-0.000 -0.650 0.060 0.003 -1.000] G5=[-0.757 -0.861 -0.002 12.624 0.035]
INFO  [mc_indi_tiltrotor] T2dbg2 Wu25=[1.0 9.0] du25=[0.0040 0.0002] dmax25=[32.3756 0.0120] nu_yaw=0.002
INFO  [mc_indi_tiltrotor] WRdbg0 Wu0=1 lo0=-18.92 du0=-0.0005 pin0=0.000 a0=[0.006 -0.006 0.000 -0.002 0.001]
INFO  [mc_indi_tiltrotor] WRdbg1 Wu1=1 lo1=-19.36 du1=-0.0087 pin1=0.000 a1=[-0.006 -0.004 -0.001 0.001 0.001]
INFO  [mc_indi_tiltrotor] YWdbg nu2=0.001 ach2=0.001 r=0.01 wsp2=-0.03 ddelta=[-0.0013 -0.0010 0.0000]
INFO  [mc_indi_tiltrotor] T0dbg1 G0=[-0.256 0.227 0.018 0.165 -0.986] nu_des=[-0.00 0.01 0.01 -0.28 -0.01]
INFO  [mc_indi_tiltrotor] T0dbg2 Ws34=[0.1 20.0] Wu0=1.0 du0=0.0147 dmin0=-18.9355 dmax0=26.0645
INFO  [mc_indi_tiltrotor] T2dbg1 G2=[-0.000 -0.650 0.060 0.002 -1.000] G5=[-0.758 -0.866 -0.002 12.626 0.028]
INFO  [mc_indi_tiltrotor] T2dbg2 Wu25=[1.0 9.0] du25=[-0.0129 -0.0002] dmax25=[32.3739 0.0120] nu_yaw=0.014
INFO  [mc_indi_tiltrotor] WRdbg0 Wu0=1 lo0=-18.94 du0=0.0147 pin0=0.000 a0=[0.001 0.009 0.001 -0.001 0.004]
INFO  [mc_indi_tiltrotor] WRdbg1 Wu1=1 lo1=-19.45 du1=0.0043 pin1=0.000 a1=[-0.001 0.005 -0.005 0.001 0.005]
INFO  [mc_indi_tiltrotor] T0dbg1 G0=[-0.256 0.227 0.020 0.156 -0.988] nu_des=[0.00 -0.00 0.02 -0.22 -0.00]
INFO  [mc_indi_tiltrotor] T0dbg2 Ws34=[0.1 20.0] Wu0=1.0 du0=-0.0013 dmin0=-19.0259 dmax0=25.9741
INFO  [mc_indi_tiltrotor] T2dbg1 G2=[-0.000 -0.650 0.060 0.002 -1.000] G5=[-0.761 -0.874 -0.001 12.677 0.020]
INFO  [mc_indi_tiltrotor] T2dbg2 Wu25=[1.0 9.0] du25=[-0.0012 -0.0000] dmax25=[32.3233 0.0120] nu_yaw=0.023
INFO  [mc_indi_tiltrotor] WRdbg0 Wu0=1 lo0=-19.03 du0=-0.0013 pin0=0.000 a0=[-0.003 -0.000 0.002 -0.001 0.001]
INFO  [mc_indi_tiltrotor] WRdbg1 Wu1=1 lo1=-19.57 du1=-0.0045 pin1=0.000 a1=[0.003 -0.000 -0.009 0.001 0.001]
INFO  [commander] Disarmed by internal command	
INFO  [tone_alarm] notify neutral
WARN  [health_and_arming_checks] Preflight Fail: velocity estimate error
INFO  [logger] closed logfile, bytes written: 16760017
