
______  __   __    ___ 
| ___ \ \ \ / /   /   |
| |_/ /  \ V /   / /| |
|  __/   /   \  / /_| |
| |     / /^\ \ \___  |
\_|     \/   \/     |_/

px4 starting.

INFO  [px4] startup script: /bin/sh etc/init.d-posix/rcS 0
INFO  [init] found model autostart file as SYS_AUTOSTART=4023
INFO  [param] selected parameter default file parameters.bson
INFO  [param] importing from 'parameters.bson'
INFO  [parameters] BSON document size 517 bytes, decoded 517 bytes (INT32:16, FLOAT:9)
INFO  [param] selected parameter backup file parameters_backup.bson
ERROR [param] Parameter UXRCE_DDS_KEY not found.
INFO  [dataman] data manager file './dataman' size is 7872608 bytes
INFO  [init] Gazebo simulator
INFO  [init] starting gazebo with world: /home/umran/PX4-Autopilot/Tools/simulation/gz/worlds/default.sdf
WARN  [init] PX4_GZ_MODEL_POSE not set, spawning at origin.
[1;33mWarning [Utils.cc:132][0m [/sdf/model[@name="tiltrotor_tailplane"]/link[@name="base_link"]/sensor[@name="imu_sensor"]/gz_frame_id:/home/umran/PX4-Autopilot/Tools/simulation/gz/models/tiltrotor_indi/model.sdf:L405]: XML Element[gz_frame_id], child of element[sensor], not defined in SDF. Copying[gz_frame_id] as children of [sensor].
[1;33mWarning [Utils.cc:132][0m [/sdf/model[@name="tiltrotor_tailplane"]/link[@name="base_link"]/sensor[@name="air_pressure_sensor"]/gz_frame_id:/home/umran/PX4-Autopilot/Tools/simulation/gz/models/tiltrotor_indi/model.sdf:L464]: XML Element[gz_frame_id], child of element[sensor], not defined in SDF. Copying[gz_frame_id] as children of [sensor].
[1;33mWarning [Utils.cc:132][0m [/sdf/model[@name="tiltrotor_tailplane"]/link[@name="base_link"]/sensor[@name="magnetometer_sensor"]/gz_frame_id:/home/umran/PX4-Autopilot/Tools/simulation/gz/models/tiltrotor_indi/model.sdf:L477]: XML Element[gz_frame_id], child of element[sensor], not defined in SDF. Copying[gz_frame_id] as children of [sensor].
[1;33mWarning [Utils.cc:132][0m [/sdf/model[@name="tiltrotor_tailplane"]/link[@name="base_link"]/sensor[@name="navsat_sensor"]/gz_frame_id:/home/umran/PX4-Autopilot/Tools/simulation/gz/models/tiltrotor_indi/model.sdf:L499]: XML Element[gz_frame_id], child of element[sensor], not defined in SDF. Copying[gz_frame_id] as children of [sensor].
INFO  [lockstep_scheduler] setting initial absolute time to 8000 us
INFO  [gz_bridge] world: default, model name: tiltrotor_indi_0, simulation model: tiltrotor_indi
INFO  [gz_bridge] Requested Model Position: 0,0,0,0,0,0
INFO  [gz_bridge] Model position z is less or equal 0.0, moving upwards
[1;33mWarning [Utils.cc:132][0m [/sdf/model[@name="tiltrotor_tailplane"]/link[@name="base_link"]/sensor[@name="imu_sensor"]/gz_frame_id:<data-string>:L307]: XML Element[gz_frame_id], child of element[sensor], not defined in SDF. Copying[gz_frame_id] as children of [sensor].
[1;33mWarning [Utils.cc:132][0m [/sdf/model[@name="tiltrotor_tailplane"]/link[@name="base_link"]/sensor[@name="air_pressure_sensor"]/gz_frame_id:<data-string>:L320]: XML Element[gz_frame_id], child of element[sensor], not defined in SDF. Copying[gz_frame_id] as children of [sensor].
[1;33mWarning [Utils.cc:132][0m [/sdf/model[@name="tiltrotor_tailplane"]/link[@name="base_link"]/sensor[@name="magnetometer_sensor"]/gz_frame_id:<data-string>:L342]: XML Element[gz_frame_id], child of element[sensor], not defined in SDF. Copying[gz_frame_id] as children of [sensor].
[1;33mWarning [Utils.cc:132][0m [/sdf/model[@name="tiltrotor_tailplane"]/link[@name="base_link"]/sensor[@name="navsat_sensor"]/gz_frame_id:<data-string>:L347]: XML Element[gz_frame_id], child of element[sensor], not defined in SDF. Copying[gz_frame_id] as children of [sensor].
WARN  [vehicle_angular_velocity] no gyro selected, using sensor_gyro:0 1310988
INFO  [commander] LED: open /dev/led0 failed (22)
INFO  [tone_alarm] home set
etc/init.d-posix/rcS: 21: /home/umran/PX4-Autopilot/build/px4_sitl_default/rootfs/etc/init.d/rc.mc_apps: mc_att_control: not found
etc/init.d-posix/rcS: 32: /home/umran/PX4-Autopilot/build/px4_sitl_default/rootfs/etc/init.d/rc.mc_apps: flight_mode_manager: not found
ERROR [param] Parameter UXRCE_DDS_DOM_ID not found.
etc/init.d-posix/rcS: 310: uxrce_dds_client: not found
INFO  [mavlink] mode: Normal, data rate: 4000000 B/s on udp port 18570 remote port 14550
INFO  [mavlink] mode: Onboard, data rate: 4000000 B/s on udp port 14580 remote port 14540
INFO  [mavlink] mode: Onboard, data rate: 4000 B/s on udp port 14280 remote port 14030
INFO  [mavlink] mode: Gimbal, data rate: 400000 B/s on udp port 13030 remote port 13280
etc/init.d-posix/rcS: 11: /home/umran/PX4-Autopilot/build/px4_sitl_default/rootfs/etc/init.d-posix/airframes/4023_gz_tiltrotor_indi.post: mc_att_control: not found
etc/init.d-posix/rcS: 12: /home/umran/PX4-Autopilot/build/px4_sitl_default/rootfs/etc/init.d-posix/airframes/4023_gz_tiltrotor_indi.post: flight_mode_manager: not found
INFO  [logger] logger started (mode=all)
INFO  [logger] logging 13 topics from logger_topics.txt
INFO  [logger] Start file log (type: full)
INFO  [logger] [logger] ./log/2026-08-31/19_23_36.ulg	
INFO  [logger] Opened full log file: ./log/2026-08-31/19_23_36.ulg
INFO  [mavlink] MAVLink only on localhost (set param MAV_{i}_BROADCAST = 1 to enable network)
INFO  [mavlink] MAVLink only on localhost (set param MAV_{i}_BROADCAST = 1 to enable network)
INFO  [px4] Startup script returned successfully
INFO  [commander] [32mReady for takeoff![0m
INFO  [commander] Armed by internal command	
INFO  [tone_alarm] arming warning
INFO  [mc_indi_tiltrotor] ground datum: z = -0.08 m (agl = datum - z)
INFO  [mc_indi_tiltrotor] T0dbg1 G0=[-0.355 0.248 0.001 0.168 -0.986] nu_des=[0.00 -0.02 -0.25 -2.76 -0.23]
INFO  [mc_indi_tiltrotor] T0dbg2 Ws34=[0.1 20.0] Wu0=1.0 du0=0.0662 dmin0=-16.4497 dmax0=28.5503
INFO  [mc_indi_tiltrotor] T2dbg1 G2=[0.000 -0.550 0.060 0.000 -1.000] G5=[-0.969 -1.131 -0.000 16.151 0.000]
INFO  [mc_indi_tiltrotor] T2dbg2 Wu25=[1.0 1000000.0] du25=[0.0990 0.0000] dmax25=[28.8494 0.0018] nu_yaw=-0.248
INFO  [mc_indi_tiltrotor] WRdbg0 Wu0=1 lo0=-16.45 du0=0.0662 pin0=0.004 a0=[-0.003 -0.014 -0.000 -0.000 0.079]
INFO  [mc_indi_tiltrotor] WRdbg1 Wu1=1 lo1=-16.45 du1=0.0729 pin1=0.005 a1=[0.003 -0.014 0.000 -0.000 0.080]
INFO  [mc_indi_tiltrotor] YWdbg nu2=-0.248 ach2=-0.009 r=-0.00 wsp2=-0.50 ddelta=[0.0018 0.0000 0.0000]
INFO  [commander] Takeoff detected	
INFO  [mc_indi_tiltrotor] T0dbg1 G0=[-0.355 0.245 -0.005 0.184 -0.983] nu_des=[0.01 -0.03 -0.28 -3.02 0.08]
INFO  [mc_indi_tiltrotor] T0dbg2 Ws34=[0.1 20.0] Wu0=1.0 du0=-0.0401 dmin0=-16.0216 dmax0=28.9784
INFO  [mc_indi_tiltrotor] T2dbg1 G2=[-0.000 -0.550 0.060 0.003 -1.000] G5=[-0.957 -1.091 -0.003 15.954 0.047]
INFO  [mc_indi_tiltrotor] T2dbg2 Wu25=[1.0 1000000.0] du25=[-0.0036 0.0003] dmax25=[29.0459 0.0003] nu_yaw=-0.276
INFO  [mc_indi_tiltrotor] WRdbg0 Wu0=1 lo0=-16.02 du0=-0.0401 pin0=0.026 a0=[-0.019 -0.021 0.000 -0.000 -0.026]
INFO  [mc_indi_tiltrotor] WRdbg1 Wu1=1 lo1=-16.75 du1=0.0008 pin1=0.031 a1=[0.018 -0.022 0.000 -0.000 -0.027]
INFO  [mc_indi_tiltrotor] pos_hold: holding x=-0.06 y=0.05
INFO  [mc_indi_tiltrotor] YWdbg nu2=0.246 ach2=0.116 r=-0.27 wsp2=0.11 ddelta=[-0.0042 0.0120 -0.0004]
INFO  [mc_indi_tiltrotor] T0dbg1 G0=[-0.355 0.241 -0.014 0.207 -0.978] nu_des=[0.01 -0.04 0.25 -1.81 0.60]
INFO  [mc_indi_tiltrotor] T0dbg2 Ws34=[0.1 20.0] Wu0=1.0 du0=-0.2229 dmin0=-19.3564 dmax0=25.6436
INFO  [mc_indi_tiltrotor] T2dbg1 G2=[-0.000 -0.550 0.060 0.000 -1.000] G5=[-1.100 -1.280 -0.000 18.341 0.007]
INFO  [mc_indi_tiltrotor] T2dbg2 Wu25=[1.0 1000000.0] du25=[-0.1664 -0.0004] dmax25=[26.6588 0.0014] nu_yaw=0.253
INFO  [mc_indi_tiltrotor] WRdbg0 Wu0=1 lo0=-19.36 du0=-0.2229 pin0=0.021 a0=[-0.013 -0.023 -0.000 -0.000 -0.207]
INFO  [mc_indi_tiltrotor] WRdbg1 Wu1=1 lo1=-19.58 du1=-0.2285 pin1=-0.009 a1=[0.013 -0.023 -0.000 -0.000 -0.209]
INFO  [mc_indi_tiltrotor] T0dbg1 G0=[-0.355 0.243 -0.009 0.194 -0.981] nu_des=[0.00 -0.10 0.08 -1.74 0.15]
INFO  [mc_indi_tiltrotor] T0dbg2 Ws34=[0.1 20.0] Wu0=1.0 du0=-0.1040 dmin0=-17.6993 dmax0=27.3007
INFO  [mc_indi_tiltrotor] T2dbg1 G2=[-0.000 -0.550 0.060 0.001 -1.000] G5=[-1.006 -1.163 -0.001 16.767 0.019]
INFO  [mc_indi_tiltrotor] T2dbg2 Wu25=[1.0 9.0] du25=[0.0588 0.0010] dmax25=[28.2330 0.0019] nu_yaw=0.079
INFO  [mc_indi_tiltrotor] WRdbg0 Wu0=1 lo0=-17.70 du0=-0.1040 pin0=0.017 a0=[-0.006 -0.064 0.001 0.001 -0.053]
INFO  [mc_indi_tiltrotor] WRdbg1 Wu1=1 lo1=-17.99 du1=-0.1002 pin1=0.008 a1=[0.005 -0.056 -0.003 -0.002 -0.053]
INFO  [mc_indi_tiltrotor] YWdbg nu2=-0.062 ach2=-0.017 r=0.21 wsp2=0.36 ddelta=[-0.0102 -0.0120 -0.0011]
INFO  [mc_indi_tiltrotor] T0dbg1 G0=[-0.355 0.243 -0.010 0.195 -0.981] nu_des=[-0.01 -0.26 -0.07 -1.83 0.08]
INFO  [mc_indi_tiltrotor] T0dbg2 Ws34=[0.1 20.0] Wu0=1.0 du0=-0.2048 dmin0=-17.6797 dmax0=27.3203
INFO  [mc_indi_tiltrotor] T2dbg1 G2=[-0.000 -0.550 0.060 0.001 -1.000] G5=[-1.029 -1.188 -0.001 17.142 0.022]
INFO  [mc_indi_tiltrotor] T2dbg2 Wu25=[1.0 1000000.0] du25=[0.3126 0.0061] dmax25=[27.8581 0.0061] nu_yaw=-0.070
INFO  [mc_indi_tiltrotor] WRdbg0 Wu0=1 lo0=-17.68 du0=-0.2048 pin0=-0.027 a0=[0.015 -0.165 -0.000 -0.000 -0.027]
INFO  [mc_indi_tiltrotor] WRdbg1 Wu1=1 lo1=-17.81 du1=-0.2077 pin1=0.000 a1=[-0.015 -0.166 -0.000 -0.000 -0.028]
INFO  [mc_indi_tiltrotor] T0dbg1 G0=[-0.355 0.242 -0.012 0.203 -0.979] nu_des=[-0.01 0.05 -0.09 -1.45 0.14]
INFO  [mc_indi_tiltrotor] T0dbg2 Ws34=[0.1 20.0] Wu0=1.0 du0=0.0006 dmin0=-17.4624 dmax0=27.5376
INFO  [mc_indi_tiltrotor] T2dbg1 G2=[-0.000 -0.550 0.060 0.002 -1.000] G5=[-0.986 -1.130 -0.002 16.435 0.037]
INFO  [mc_indi_tiltrotor] T2dbg2 Wu25=[1.0 9.0] du25=[-0.0979 -0.0013] dmax25=[28.5653 0.0013] nu_yaw=-0.085
INFO  [mc_indi_tiltrotor] WRdbg0 Wu0=1 lo0=-17.46 du0=0.0006 pin0=-0.004 a0=[0.020 0.032 -0.001 0.000 -0.047]
INFO  [mc_indi_tiltrotor] WRdbg1 Wu1=1 lo1=-17.49 du1=-0.0309 pin1=0.005 a1=[-0.018 0.028 0.003 -0.001 -0.047]
INFO  [mc_indi_tiltrotor] YWdbg nu2=-0.041 ach2=-0.027 r=0.19 wsp2=-0.10 ddelta=[0.0042 -0.0012 0.0025]
INFO  [mc_indi_tiltrotor] T0dbg1 G0=[-0.355 0.245 -0.006 0.186 -0.983] nu_des=[-0.00 0.07 -0.05 -0.62 0.04]
INFO  [mc_indi_tiltrotor] T0dbg2 Ws34=[0.1 20.0] Wu0=1.0 du0=-0.0062 dmin0=-17.4895 dmax0=27.5105
INFO  [mc_indi_tiltrotor] T2dbg1 G2=[-0.000 -0.550 0.060 0.002 -1.000] G5=[-0.971 -1.117 -0.002 16.191 0.031]
INFO  [mc_indi_tiltrotor] T2dbg2 Wu25=[1.0 9.0] du25=[-0.0628 -0.0014] dmax25=[28.8089 0.0002] nu_yaw=-0.052
INFO  [mc_indi_tiltrotor] WRdbg0 Wu0=1 lo0=-17.49 du0=-0.0062 pin0=-0.046 a0=[0.007 0.047 -0.001 0.000 -0.014]
INFO  [mc_indi_tiltrotor] WRdbg1 Wu1=1 lo1=-17.50 du1=0.0098 pin1=-0.013 a1=[-0.006 0.042 0.002 -0.001 -0.014]
INFO  [mc_indi_tiltrotor] T0dbg1 G0=[-0.355 0.244 -0.009 0.193 -0.981] nu_des=[0.02 -0.01 -0.01 -0.79 -0.01]
INFO  [mc_indi_tiltrotor] T0dbg2 Ws34=[0.1 20.0] Wu0=1.0 du0=-0.0155 dmin0=-17.5493 dmax0=27.4507
INFO  [mc_indi_tiltrotor] T2dbg1 G2=[-0.000 -0.550 0.060 0.003 -1.000] G5=[-1.018 -1.162 -0.003 16.973 0.048]
INFO  [mc_indi_tiltrotor] T2dbg2 Wu25=[1.0 9.0] du25=[0.0140 -0.0009] dmax25=[28.0271 0.0008] nu_yaw=-0.007
INFO  [mc_indi_tiltrotor] WRdbg0 Wu0=1 lo0=-17.55 du0=-0.0155 pin0=0.000 a0=[-0.016 0.002 -0.000 -0.004 0.004]
INFO  [mc_indi_tiltrotor] WRdbg1 Wu1=1 lo1=-17.81 du1=0.0226 pin1=0.000 a1=[0.022 -0.003 0.001 -0.003 0.004]
INFO  [mc_indi_tiltrotor] YWdbg nu2=0.004 ach2=-0.016 r=-0.12 wsp2=-0.11 ddelta=[-0.0120 -0.0105 -0.0017]
INFO  [mc_indi_tiltrotor] T0dbg1 G0=[-0.355 0.246 -0.004 0.179 -0.984] nu_des=[-0.01 -0.09 0.04 -0.45 0.14]
INFO  [mc_indi_tiltrotor] T0dbg2 Ws34=[0.1 20.0] Wu0=1.0 du0=-0.0818 dmin0=-17.4821 dmax0=27.5179
INFO  [mc_indi_tiltrotor] T2dbg1 G2=[-0.000 -0.550 0.060 0.002 -1.000] G5=[-1.050 -1.205 -0.002 17.494 0.036]
INFO  [mc_indi_tiltrotor] T2dbg2 Wu25=[1.0 1000000.0] du25=[0.0556 0.0021] dmax25=[27.5058 0.0057] nu_yaw=0.044
INFO  [mc_indi_tiltrotor] WRdbg0 Wu0=1 lo0=-17.48 du0=-0.0818 pin0=0.004 a0=[0.016 -0.054 -0.000 -0.000 -0.047]
INFO  [mc_indi_tiltrotor] WRdbg1 Wu1=1 lo1=-18.07 du1=-0.1147 pin1=0.003 a1=[-0.015 -0.055 -0.000 -0.000 -0.048]
INFO  [mc_indi_tiltrotor] T0dbg1 G0=[-0.355 0.246 -0.003 0.178 -0.984] nu_des=[0.00 -0.18 0.03 -0.65 0.07]
INFO  [mc_indi_tiltrotor] T0dbg2 Ws34=[0.1 20.0] Wu0=1.0 du0=-0.0739 dmin0=-17.4476 dmax0=27.5524
INFO  [mc_indi_tiltrotor] T2dbg1 G2=[-0.000 -0.550 0.060 0.003 -1.000] G5=[-1.041 -1.189 -0.003 17.348 0.047]
INFO  [mc_indi_tiltrotor] T2dbg2 Wu25=[1.0 9.0] du25=[0.1418 0.0034] dmax25=[27.6520 0.0045] nu_yaw=0.032
INFO  [mc_indi_tiltrotor] WRdbg0 Wu0=1 lo0=-17.45 du0=-0.0739 pin0=0.068 a0=[-0.003 -0.118 0.000 0.000 -0.023]
INFO  [mc_indi_tiltrotor] WRdbg1 Wu1=1 lo1=-17.91 du1=-0.0933 pin1=0.031 a1=[0.002 -0.101 -0.001 -0.001 -0.023]
INFO  [mc_indi_tiltrotor] YWdbg nu2=0.007 ach2=0.006 r=-0.04 wsp2=0.06 ddelta=[-0.0057 -0.0046 -0.0000]
INFO  [mc_indi_tiltrotor] T0dbg1 G0=[-0.355 0.248 0.001 0.166 -0.986] nu_des=[-0.01 0.03 0.02 -0.35 0.06]
INFO  [mc_indi_tiltrotor] T0dbg2 Ws34=[0.1 20.0] Wu0=1.0 du0=-0.0033 dmin0=-17.4264 dmax0=27.5736
INFO  [mc_indi_tiltrotor] T2dbg1 G2=[-0.000 -0.550 0.060 0.004 -1.000] G5=[-0.980 -1.111 -0.004 16.340 0.059]
INFO  [mc_indi_tiltrotor] T2dbg2 Wu25=[1.0 9.0] du25=[-0.0355 0.0003] dmax25=[28.6602 0.0021] nu_yaw=0.022
INFO  [mc_indi_tiltrotor] WRdbg0 Wu0=1 lo0=-17.43 du0=-0.0033 pin0=0.000 a0=[0.016 -0.002 0.001 -0.002 -0.016]
INFO  [mc_indi_tiltrotor] WRdbg1 Wu1=1 lo1=-17.39 du1=-0.0389 pin1=0.000 a1=[-0.021 0.006 -0.004 -0.001 -0.019]
INFO  [mc_indi_tiltrotor] T0dbg1 G0=[-0.355 0.248 0.000 0.168 -0.986] nu_des=[0.00 -0.15 -0.01 -0.34 0.07]
INFO  [mc_indi_tiltrotor] T0dbg2 Ws34=[0.1 20.0] Wu0=1.0 du0=-0.0630 dmin0=-17.3351 dmax0=27.6649
INFO  [mc_indi_tiltrotor] T2dbg1 G2=[-0.000 -0.550 0.060 0.004 -1.000] G5=[-0.975 -1.103 -0.004 16.250 0.063]
INFO  [mc_indi_tiltrotor] T2dbg2 Wu25=[1.0 9.0] du25=[0.1002 0.0031] dmax25=[28.7500 0.0042] nu_yaw=-0.013
INFO  [mc_indi_tiltrotor] WRdbg0 Wu0=1 lo0=-17.34 du0=-0.0630 pin0=0.064 a0=[-0.006 -0.096 -0.000 0.000 -0.025]
INFO  [mc_indi_tiltrotor] WRdbg1 Wu1=1 lo1=-17.21 du1=-0.0741 pin1=0.029 a1=[0.006 -0.084 0.001 -0.000 -0.025]
INFO  [mc_indi_tiltrotor] YWdbg nu2=-0.021 ach2=-0.014 r=0.07 wsp2=0.01 ddelta=[-0.0120 -0.0120 -0.0025]
INFO  [mc_indi_tiltrotor] T0dbg1 G0=[-0.355 0.247 -0.001 0.171 -0.985] nu_des=[-0.00 -0.02 -0.03 -0.37 0.10]
INFO  [mc_indi_tiltrotor] T0dbg2 Ws34=[0.1 20.0] Wu0=1.0 du0=-0.0388 dmin0=-17.5025 dmax0=27.4975
INFO  [mc_indi_tiltrotor] T2dbg1 G2=[-0.000 -0.550 0.060 0.003 -1.000] G5=[-1.028 -1.171 -0.003 17.129 0.051]
INFO  [mc_indi_tiltrotor] T2dbg2 Wu25=[1.0 1000000.0] du25=[-0.0120 0.0023] dmax25=[27.8709 0.0059] nu_yaw=-0.032
INFO  [mc_indi_tiltrotor] WRdbg0 Wu0=1 lo0=-17.50 du0=-0.0388 pin0=0.002 a0=[0.006 -0.013 -0.000 -0.000 -0.033]
INFO  [mc_indi_tiltrotor] WRdbg1 Wu1=1 lo1=-17.70 du1=-0.0404 pin1=0.012 a1=[-0.005 -0.013 0.000 -0.000 -0.034]
INFO  [mc_indi_tiltrotor] T0dbg1 G0=[-0.355 0.245 -0.006 0.184 -0.983] nu_des=[0.00 -0.08 0.01 -0.70 0.09]
INFO  [mc_indi_tiltrotor] T0dbg2 Ws34=[0.1 20.0] Wu0=1.0 du0=-0.0184 dmin0=-17.3675 dmax0=27.6325
INFO  [mc_indi_tiltrotor] T2dbg1 G2=[-0.000 -0.550 0.060 0.004 -1.000] G5=[-1.024 -1.161 -0.004 17.073 0.062]
INFO  [mc_indi_tiltrotor] T2dbg2 Wu25=[1.0 9.0] du25=[0.0186 0.0007] dmax25=[27.9264 0.0027] nu_yaw=0.007
INFO  [mc_indi_tiltrotor] WRdbg0 Wu0=1 lo0=-17.37 du0=-0.0184 pin0=0.000 a0=[-0.003 0.010 0.000 -0.004 -0.021]
INFO  [mc_indi_tiltrotor] WRdbg1 Wu1=1 lo1=-17.98 du1=-0.0445 pin1=0.000 a1=[0.004 -0.019 -0.001 -0.002 -0.026]
INFO  [mc_indi_tiltrotor] YWdbg nu2=-0.016 ach2=-0.021 r=-0.01 wsp2=-0.03 ddelta=[-0.0120 -0.0120 -0.0032]
INFO  [mc_indi_tiltrotor] T0dbg1 G0=[-0.355 0.246 -0.004 0.180 -0.984] nu_des=[-0.02 0.17 0.02 -0.55 0.02]
INFO  [mc_indi_tiltrotor] T0dbg2 Ws34=[0.1 20.0] Wu0=1.0 du0=0.0546 dmin0=-17.5402 dmax0=27.4598
INFO  [mc_indi_tiltrotor] T2dbg1 G2=[-0.000 -0.550 0.060 0.002 -1.000] G5=[-1.021 -1.171 -0.002 17.021 0.037]
INFO  [mc_indi_tiltrotor] T2dbg2 Wu25=[1.0 1000000.0] du25=[-0.1560 -0.0022] dmax25=[27.9794 -0.0004] nu_yaw=0.022
INFO  [mc_indi_tiltrotor] WRdbg0 Wu0=1 lo0=-17.54 du0=0.0546 pin0=-0.066 a0=[0.023 0.105 -0.000 -0.000 -0.007]
INFO  [mc_indi_tiltrotor] WRdbg1 Wu1=1 lo1=-17.97 du1=0.0403 pin1=-0.037 a1=[-0.022 0.107 -0.000 -0.000 -0.007]
INFO  [mc_indi_tiltrotor] T0dbg1 G0=[-0.355 0.248 0.000 0.169 -0.986] nu_des=[-0.01 0.01 -0.01 -0.19 0.01]
INFO  [mc_indi_tiltrotor] T0dbg2 Ws34=[0.1 20.0] Wu0=1.0 du0=0.0079 dmin0=-17.8051 dmax0=27.1949
INFO  [mc_indi_tiltrotor] T2dbg1 G2=[-0.000 -0.550 0.060 0.003 -1.000] G5=[-1.033 -1.180 -0.003 17.224 0.046]
INFO  [mc_indi_tiltrotor] T2dbg2 Wu25=[1.0 9.0] du25=[-0.0085 0.0001] dmax25=[27.7755 0.0021] nu_yaw=-0.012
INFO  [mc_indi_tiltrotor] WRdbg0 Wu0=1 lo0=-17.81 du0=0.0079 pin0=-0.008 a0=[0.011 0.004 0.005 0.000 -0.003]
INFO  [mc_indi_tiltrotor] WRdbg1 Wu1=1 lo1=-17.79 du1=-0.0084 pin1=-0.003 a1=[-0.009 0.003 0.004 -0.000 -0.003]
INFO  [mc_indi_tiltrotor] YWdbg nu2=-0.019 ach2=-0.018 r=-0.00 wsp2=-0.02 ddelta=[0.0029 0.0001 -0.0003]
INFO  [mc_indi_tiltrotor] T0dbg1 G0=[-0.355 0.247 -0.001 0.172 -0.985] nu_des=[0.00 -0.01 -0.00 -0.24 0.02]
INFO  [mc_indi_tiltrotor] T0dbg2 Ws34=[0.1 20.0] Wu0=1.0 du0=-0.0084 dmin0=-17.9191 dmax0=27.0809
INFO  [mc_indi_tiltrotor] T2dbg1 G2=[-0.000 -0.550 0.060 0.002 -1.000] G5=[-1.027 -1.178 -0.002 17.118 0.038]
INFO  [mc_indi_tiltrotor] T2dbg2 Wu25=[1.0 9.0] du25=[-0.0013 -0.0001] dmax25=[27.8815 0.0017] nu_yaw=-0.004
INFO  [mc_indi_tiltrotor] WRdbg0 Wu0=1 lo0=-17.92 du0=-0.0084 pin0=0.000 a0=[-0.003 0.001 -0.000 -0.001 -0.005]
INFO  [mc_indi_tiltrotor] WRdbg1 Wu1=1 lo1=-17.82 du1=-0.0045 pin1=0.000 a1=[0.004 -0.002 0.001 -0.001 -0.006]
INFO  [mc_indi_tiltrotor] T0dbg1 G0=[-0.355 0.246 -0.003 0.176 -0.984] nu_des=[0.01 0.03 -0.04 -0.38 0.34]
INFO  [mc_indi_tiltrotor] T0dbg2 Ws34=[0.1 20.0] Wu0=1.0 du0=-0.0719 dmin0=-17.3379 dmax0=27.6621
INFO  [mc_indi_tiltrotor] T2dbg1 G2=[-0.000 -0.550 0.060 0.004 -1.000] G5=[-1.075 -1.215 -0.004 17.924 0.072]
INFO  [mc_indi_tiltrotor] T2dbg2 Wu25=[1.0 1000000.0] du25=[-0.1785 0.0010] dmax25=[27.0758 0.0046] nu_yaw=-0.041
INFO  [mc_indi_tiltrotor] WRdbg0 Wu0=1 lo0=-17.34 du0=-0.0719 pin0=0.030 a0=[-0.009 0.021 0.000 -0.000 -0.114]
INFO  [mc_indi_tiltrotor] WRdbg1 Wu1=1 lo1=-17.60 du1=-0.0729 pin1=0.013 a1=[0.009 0.021 0.000 -0.000 -0.116]
INFO  [mc_indi_tiltrotor] YWdbg nu2=0.034 ach2=0.007 r=-0.03 wsp2=0.01 ddelta=[-0.0006 -0.0006 0.0012]
INFO  [mc_indi_tiltrotor] T0dbg1 G0=[-0.355 0.245 -0.005 0.182 -0.983] nu_des=[0.02 -0.04 0.02 -0.76 0.08]
INFO  [mc_indi_tiltrotor] T0dbg2 Ws34=[0.1 20.0] Wu0=1.0 du0=-0.0343 dmin0=-17.4379 dmax0=27.5621
INFO  [mc_indi_tiltrotor] T2dbg1 G2=[-0.000 -0.550 0.060 0.005 -1.000] G5=[-1.032 -1.157 -0.005 17.193 0.084]
INFO  [mc_indi_tiltrotor] T2dbg2 Wu25=[1.0 9.0] du25=[-0.0035 -0.0005] dmax25=[27.8064 0.0012] nu_yaw=0.018
INFO  [mc_indi_tiltrotor] WRdbg0 Wu0=1 lo0=-17.44 du0=-0.0343 pin0=0.000 a0=[-0.017 0.005 0.000 -0.004 -0.019]
INFO  [mc_indi_tiltrotor] WRdbg1 Wu1=1 lo1=-18.02 du1=-0.0161 pin1=0.000 a1=[0.022 -0.010 -0.003 -0.003 -0.023]
INFO  [mc_indi_tiltrotor] T0dbg1 G0=[-0.355 0.248 0.001 0.167 -0.986] nu_des=[-0.01 0.06 0.01 -0.24 0.22]
INFO  [mc_indi_tiltrotor] T0dbg2 Ws34=[0.1 20.0] Wu0=1.0 du0=-0.0556 dmin0=-17.4429 dmax0=27.5571
INFO  [mc_indi_tiltrotor] T2dbg1 G2=[-0.000 -0.550 0.060 0.002 -1.000] G5=[-1.001 -1.147 -0.002 16.677 0.037]
INFO  [mc_indi_tiltrotor] T2dbg2 Wu25=[1.0 9.0] du25=[-0.1146 -0.0008] dmax25=[28.3233 0.0010] nu_yaw=0.014
INFO  [mc_indi_tiltrotor] WRdbg0 Wu0=1 lo0=-17.44 du0=-0.0556 pin0=-0.032 a0=[0.011 0.038 0.000 0.000 -0.074]
INFO  [mc_indi_tiltrotor] WRdbg1 Wu1=1 lo1=-17.90 du1=-0.0679 pin1=-0.016 a1=[-0.010 0.033 -0.001 -0.000 -0.074]
INFO  [mc_indi_tiltrotor] YWdbg nu2=0.001 ach2=-0.024 r=0.01 wsp2=0.01 ddelta=[0.0012 -0.0006 -0.0046]
INFO  [mc_indi_tiltrotor] T0dbg1 G0=[-0.355 0.245 -0.005 0.183 -0.983] nu_des=[-0.04 0.48 -0.06 -0.89 0.16]
INFO  [mc_indi_tiltrotor] T0dbg2 Ws34=[0.1 20.0] Wu0=1.0 du0=0.3219 dmin0=-17.4237 dmax0=27.5763
INFO  [mc_indi_tiltrotor] T2dbg1 G2=[-0.000 -0.550 0.060 0.006 -1.000] G5=[-1.008 -1.119 -0.006 16.800 0.104]
INFO  [mc_indi_tiltrotor] T2dbg2 Wu25=[1.0 1000000.0] du25=[-0.6575 -0.0025] dmax25=[28.2000 0.0011] nu_yaw=-0.062
INFO  [mc_indi_tiltrotor] WRdbg0 Wu0=1 lo0=-17.42 du0=0.3219 pin0=0.014 a0=[0.063 0.300 -0.000 -0.000 -0.055]
INFO  [mc_indi_tiltrotor] WRdbg1 Wu1=1 lo1=-17.25 du1=0.1896 pin1=0.003 a1=[-0.061 0.303 0.000 -0.000 -0.056]
INFO  [mc_indi_tiltrotor] T0dbg1 G0=[-0.355 0.248 -0.000 0.169 -0.986] nu_des=[-0.01 -0.00 -0.01 -0.33 -0.01]
INFO  [mc_indi_tiltrotor] T0dbg2 Ws34=[0.1 20.0] Wu0=1.0 du0=0.0092 dmin0=-17.9252 dmax0=27.0748
INFO  [mc_indi_tiltrotor] T2dbg1 G2=[-0.000 -0.550 0.060 0.004 -1.000] G5=[-1.027 -1.164 -0.004 17.117 0.062]
INFO  [mc_indi_tiltrotor] T2dbg2 Wu25=[1.0 9.0] du25=[0.0100 0.0003] dmax25=[27.8829 0.0021] nu_yaw=-0.015
INFO  [mc_indi_tiltrotor] WRdbg0 Wu0=1 lo0=-17.93 du0=0.0092 pin0=0.000 a0=[0.009 0.000 -0.000 -0.002 0.002]
INFO  [mc_indi_tiltrotor] WRdbg1 Wu1=1 lo1=-17.77 du1=-0.0083 pin1=0.000 a1=[-0.012 -0.001 0.003 -0.001 0.003]
INFO  [mc_indi_tiltrotor] YWdbg nu2=0.024 ach2=0.010 r=0.00 wsp2=-0.03 ddelta=[0.0111 0.0120 0.0003]
INFO  [mc_indi_tiltrotor] T0dbg1 G0=[-0.355 0.244 -0.008 0.191 -0.982] nu_des=[0.00 -0.07 0.01 -1.02 0.07]
INFO  [mc_indi_tiltrotor] T0dbg2 Ws34=[0.1 20.0] Wu0=1.0 du0=-0.0247 dmin0=-17.6343 dmax0=27.3657
INFO  [mc_indi_tiltrotor] T2dbg1 G2=[-0.000 -0.550 0.060 0.003 -1.000] G5=[-1.029 -1.170 -0.003 17.144 0.054]
INFO  [mc_indi_tiltrotor] T2dbg2 Wu25=[1.0 9.0] du25=[0.0238 0.0002] dmax25=[27.8560 0.0022] nu_yaw=0.006
INFO  [mc_indi_tiltrotor] WRdbg0 Wu0=1 lo0=-17.63 du0=-0.0247 pin0=0.042 a0=[-0.000 -0.042 0.000 0.000 -0.025]
INFO  [mc_indi_tiltrotor] WRdbg1 Wu1=1 lo1=-17.96 du1=-0.0414 pin1=0.021 a1=[0.000 -0.036 -0.000 -0.001 -0.025]
INFO  [mc_indi_tiltrotor] T0dbg1 G0=[-0.355 0.243 -0.010 0.196 -0.981] nu_des=[-0.01 0.25 0.01 -1.16 0.16]
INFO  [mc_indi_tiltrotor] T0dbg2 Ws34=[0.1 20.0] Wu0=1.0 du0=0.0425 dmin0=-17.4922 dmax0=27.5078
INFO  [mc_indi_tiltrotor] T2dbg1 G2=[-0.000 -0.550 0.060 0.002 -1.000] G5=[-1.046 -1.200 -0.002 17.435 0.036]
INFO  [mc_indi_tiltrotor] T2dbg2 Wu25=[1.0 1000000.0] du25=[-0.3050 -0.0021] dmax25=[27.5646 -0.0003] nu_yaw=0.009
INFO  [mc_indi_tiltrotor] WRdbg0 Wu0=1 lo0=-17.49 du0=0.0425 pin0=-0.065 a0=[0.008 0.156 -0.000 -0.000 -0.056]
INFO  [mc_indi_tiltrotor] WRdbg1 Wu1=1 lo1=-18.07 du1=0.0516 pin1=-0.041 a1=[-0.008 0.157 -0.000 -0.000 -0.057]
INFO  [mc_indi_tiltrotor] YWdbg nu2=0.029 ach2=0.007 r=-0.06 wsp2=-0.02 ddelta=[0.0006 0.0024 0.0009]
INFO  [mc_indi_tiltrotor] T0dbg1 G0=[-0.355 0.248 0.000 0.169 -0.986] nu_des=[-0.01 -0.02 0.00 -0.28 0.07]
INFO  [mc_indi_tiltrotor] T0dbg2 Ws34=[0.1 20.0] Wu0=1.0 du0=-0.0083 dmin0=-17.6601 dmax0=27.3399
INFO  [mc_indi_tiltrotor] T2dbg1 G2=[-0.000 -0.550 0.060 0.002 -1.000] G5=[-1.039 -1.192 -0.002 17.323 0.037]
INFO  [mc_indi_tiltrotor] T2dbg2 Wu25=[1.0 1000000.0] du25=[-0.0068 0.0009] dmax25=[27.6765 0.0045] nu_yaw=0.004
INFO  [mc_indi_tiltrotor] WRdbg0 Wu0=1 lo0=-17.66 du0=-0.0083 pin0=0.012 a0=[0.018 -0.016 0.002 -0.000 -0.025]
INFO  [mc_indi_tiltrotor] WRdbg1 Wu1=1 lo1=-18.07 du1=-0.0512 pin1=0.008 a1=[-0.019 -0.016 -0.000 0.000 -0.025]
INFO  [mc_indi_tiltrotor] T0dbg1 G0=[-0.355 0.248 0.000 0.168 -0.986] nu_des=[-0.01 0.00 -0.02 -0.24 0.01]
INFO  [mc_indi_tiltrotor] T0dbg2 Ws34=[0.1 20.0] Wu0=1.0 du0=0.0008 dmin0=-17.8590 dmax0=27.1410
INFO  [mc_indi_tiltrotor] T2dbg1 G2=[-0.000 -0.550 0.060 0.003 -1.000] G5=[-1.038 -1.182 -0.003 17.295 0.051]
INFO  [mc_indi_tiltrotor] T2dbg2 Wu25=[1.0 9.0] du25=[-0.0029 0.0000] dmax25=[27.7052 0.0017] nu_yaw=-0.022
INFO  [mc_indi_tiltrotor] WRdbg0 Wu0=1 lo0=-17.86 du0=0.0008 pin0=0.000 a0=[0.006 -0.000 -0.001 -0.001 -0.002]
INFO  [mc_indi_tiltrotor] WRdbg1 Wu1=1 lo1=-17.80 du1=-0.0054 pin1=0.000 a1=[-0.007 0.001 0.004 -0.001 -0.003]
INFO  [mc_indi_tiltrotor] YWdbg nu2=0.067 ach2=0.006 r=0.01 wsp2=0.00 ddelta=[0.0120 0.0120 0.0004]
INFO  [mc_indi_tiltrotor] T0dbg1 G0=[-0.355 0.246 -0.004 0.180 -0.984] nu_des=[0.01 -0.02 0.05 -0.61 0.05]
INFO  [mc_indi_tiltrotor] T0dbg2 Ws34=[0.1 20.0] Wu0=1.0 du0=-0.0380 dmin0=-17.9313 dmax0=27.0687
INFO  [mc_indi_tiltrotor] T2dbg1 G2=[-0.000 -0.550 0.060 0.003 -1.000] G5=[-1.034 -1.176 -0.003 17.235 0.056]
INFO  [mc_indi_tiltrotor] T2dbg2 Wu25=[1.0 9.0] du25=[0.0042 -0.0006] dmax25=[27.7651 0.0007] nu_yaw=0.045
INFO  [mc_indi_tiltrotor] WRdbg0 Wu0=1 lo0=-17.93 du0=-0.0380 pin0=0.006 a0=[-0.014 -0.013 0.001 0.000 -0.017]
INFO  [mc_indi_tiltrotor] WRdbg1 Wu1=1 lo1=-17.86 du1=-0.0194 pin1=-0.001 a1=[0.013 -0.011 -0.002 -0.001 -0.018]
INFO  [mc_indi_tiltrotor] T0dbg1 G0=[-0.355 0.244 -0.009 0.194 -0.981] nu_des=[0.01 0.01 0.01 -1.19 -0.00]
INFO  [mc_indi_tiltrotor] T0dbg2 Ws34=[0.1 20.0] Wu0=1.0 du0=-0.0189 dmin0=-17.6626 dmax0=27.3374
INFO  [mc_indi_tiltrotor] T2dbg1 G2=[-0.000 -0.550 0.060 0.002 -1.000] G5=[-1.031 -1.182 -0.002 17.177 0.037]
INFO  [mc_indi_tiltrotor] T2dbg2 Wu25=[1.0 9.0] du25=[0.0017 -0.0011] dmax25=[27.8234 0.0008] nu_yaw=0.014
INFO  [mc_indi_tiltrotor] WRdbg0 Wu0=1 lo0=-17.66 du0=-0.0189 pin0=0.000 a0=[-0.013 -0.001 0.000 -0.007 0.001]
INFO  [mc_indi_tiltrotor] WRdbg1 Wu1=1 lo1=-17.93 du1=0.0126 pin1=0.000 a1=[0.017 0.001 -0.002 -0.004 0.001]
INFO  [mc_indi_tiltrotor] YWdbg nu2=-0.014 ach2=-0.007 r=-0.01 wsp2=0.01 ddelta=[-0.0021 -0.0012 -0.0020]
INFO  [mc_indi_tiltrotor] T0dbg1 G0=[-0.355 0.247 -0.000 0.170 -0.985] nu_des=[-0.01 0.13 0.00 -0.34 0.09]
INFO  [mc_indi_tiltrotor] T0dbg2 Ws34=[0.1 20.0] Wu0=1.0 du0=0.0416 dmin0=-17.4728 dmax0=27.5272
INFO  [mc_indi_tiltrotor] T2dbg1 G2=[-0.000 -0.550 0.060 0.002 -1.000] G5=[-1.050 -1.208 -0.002 17.506 0.032]
INFO  [mc_indi_tiltrotor] T2dbg2 Wu25=[1.0 1000000.0] du25=[-0.1582 -0.0018] dmax25=[27.4944 -0.0001] nu_yaw=0.001
INFO  [mc_indi_tiltrotor] WRdbg0 Wu0=1 lo0=-17.47 du0=0.0416 pin0=-0.025 a0=[0.020 0.077 0.000 -0.000 -0.031]
INFO  [mc_indi_tiltrotor] WRdbg1 Wu1=1 lo1=-18.02 du1=0.0114 pin1=-0.017 a1=[-0.019 0.078 -0.000 -0.000 -0.031]
INFO  [mc_indi_tiltrotor] T0dbg1 G0=[-0.355 0.246 -0.002 0.176 -0.984] nu_des=[0.01 -0.03 0.01 -0.49 0.02]
INFO  [mc_indi_tiltrotor] T0dbg2 Ws34=[0.1 20.0] Wu0=1.0 du0=-0.0148 dmin0=-17.6696 dmax0=27.3304
INFO  [mc_indi_tiltrotor] T2dbg1 G2=[-0.000 -0.550 0.060 0.003 -1.000] G5=[-1.038 -1.184 -0.003 17.298 0.049]
INFO  [mc_indi_tiltrotor] T2dbg2 Wu25=[1.0 9.0] du25=[0.0103 -0.0002] dmax25=[27.7017 0.0018] nu_yaw=0.007
INFO  [mc_indi_tiltrotor] WRdbg0 Wu0=1 lo0=-17.67 du0=-0.0148 pin0=0.000 a0=[-0.010 0.004 0.000 -0.003 -0.006]
INFO  [mc_indi_tiltrotor] WRdbg1 Wu1=1 lo1=-18.07 du1=-0.0047 pin1=0.000 a1=[0.013 -0.008 -0.001 -0.002 -0.007]
INFO  [mc_indi_tiltrotor] YWdbg nu2=-0.028 ach2=-0.028 r=0.02 wsp2=0.00 ddelta=[0.0012 -0.0033 0.0001]
INFO  [mc_indi_tiltrotor] T0dbg1 G0=[-0.355 0.247 -0.000 0.169 -0.986] nu_des=[0.00 -0.27 -0.04 -0.26 0.06]
INFO  [mc_indi_tiltrotor] T0dbg2 Ws34=[0.1 20.0] Wu0=1.0 du0=-0.1299 dmin0=-17.8250 dmax0=27.1750
INFO  [mc_indi_tiltrotor] T2dbg1 G2=[-0.000 -0.550 0.060 0.003 -1.000] G5=[-1.039 -1.186 -0.003 17.322 0.048]
INFO  [mc_indi_tiltrotor] T2dbg2 Wu25=[1.0 1000000.0] du25=[0.2450 0.0069] dmax25=[27.6781 0.0069] nu_yaw=-0.038
INFO  [mc_indi_tiltrotor] WRdbg0 Wu0=1 lo0=-17.83 du0=-0.1299 pin0=0.057 a0=[-0.002 -0.165 -0.000 -0.000 -0.020]
INFO  [mc_indi_tiltrotor] WRdbg1 Wu1=1 lo1=-17.84 du1=-0.1392 pin1=0.046 a1=[0.002 -0.167 0.000 -0.000 -0.021]
INFO  [mc_indi_tiltrotor] T0dbg1 G0=[-0.355 0.246 -0.003 0.179 -0.984] nu_des=[0.00 0.03 0.00 -0.59 -0.01]
INFO  [mc_indi_tiltrotor] T0dbg2 Ws34=[0.1 20.0] Wu0=1.0 du0=-0.0067 dmin0=-17.8288 dmax0=27.1712
INFO  [mc_indi_tiltrotor] T2dbg1 G2=[-0.000 -0.550 0.060 0.003 -1.000] G5=[-1.035 -1.180 -0.003 17.256 0.050]
INFO  [mc_indi_tiltrotor] T2dbg2 Wu25=[1.0 9.0] du25=[-0.0136 -0.0008] dmax25=[27.7443 0.0010] nu_yaw=0.002
INFO  [mc_indi_tiltrotor] WRdbg0 Wu0=1 lo0=-17.83 du0=-0.0067 pin0=0.000 a0=[-0.002 -0.004 0.000 -0.003 0.002]
INFO  [mc_indi_tiltrotor] WRdbg1 Wu1=1 lo1=-17.81 du1=0.0091 pin1=0.000 a1=[0.002 0.008 -0.000 -0.002 0.002]
INFO  [mc_indi_tiltrotor] YWdbg nu2=0.008 ach2=0.008 r=-0.01 wsp2=-0.01 ddelta=[0.0056 0.0068 -0.0002]
INFO  [mc_indi_tiltrotor] T0dbg1 G0=[-0.355 0.247 -0.002 0.175 -0.985] nu_des=[0.00 -0.13 0.01 -0.51 0.17]
INFO  [mc_indi_tiltrotor] T0dbg2 Ws34=[0.1 20.0] Wu0=1.0 du0=-0.0789 dmin0=-17.7441 dmax0=27.2559
INFO  [mc_indi_tiltrotor] T2dbg1 G2=[-0.000 -0.550 0.060 0.003 -1.000] G5=[-1.026 -1.165 -0.003 17.093 0.057]
INFO  [mc_indi_tiltrotor] T2dbg2 Wu25=[1.0 9.0] du25=[0.0394 0.0019] dmax25=[27.9072 0.0037] nu_yaw=0.012
INFO  [mc_indi_tiltrotor] WRdbg0 Wu0=1 lo0=-17.74 du0=-0.0789 pin0=0.068 a0=[-0.007 -0.081 0.000 0.000 -0.059]
INFO  [mc_indi_tiltrotor] WRdbg1 Wu1=1 lo1=-17.96 du1=-0.0957 pin1=0.029 a1=[0.006 -0.071 -0.001 -0.001 -0.060]
INFO  [mc_indi_tiltrotor] T0dbg1 G0=[-0.355 0.245 -0.006 0.184 -0.983] nu_des=[-0.01 0.09 0.02 -0.84 -0.02]
INFO  [mc_indi_tiltrotor] T0dbg2 Ws34=[0.1 20.0] Wu0=1.0 du0=0.0229 dmin0=-17.5086 dmax0=27.4914
INFO  [mc_indi_tiltrotor] T2dbg1 G2=[-0.000 -0.550 0.060 0.003 -1.000] G5=[-1.028 -1.175 -0.003 17.131 0.043]
INFO  [mc_indi_tiltrotor] T2dbg2 Wu25=[1.0 9.0] du25=[-0.0502 -0.0013] dmax25=[27.8688 0.0016] nu_yaw=0.017
INFO  [mc_indi_tiltrotor] WRdbg0 Wu0=1 lo0=-17.51 du0=0.0229 pin0=-0.060 a0=[0.019 0.056 0.000 0.000 0.007]
INFO  [mc_indi_tiltrotor] WRdbg1 Wu1=1 lo1=-17.96 du1=0.0071 pin1=-0.029 a1=[-0.018 0.048 -0.001 -0.001 0.007]
INFO  [mc_indi_tiltrotor] YWdbg nu2=-0.000 ach2=-0.000 r=-0.00 wsp2=0.01 ddelta=[0.0047 0.0045 -0.0003]
INFO  [mc_indi_tiltrotor] T0dbg1 G0=[-0.355 0.246 -0.004 0.180 -0.984] nu_des=[-0.00 -0.00 -0.01 -0.66 0.02]
INFO  [mc_indi_tiltrotor] T0dbg2 Ws34=[0.1 20.0] Wu0=1.0 du0=-0.0028 dmin0=-17.4259 dmax0=27.5741
INFO  [mc_indi_tiltrotor] T2dbg1 G2=[-0.000 -0.550 0.060 0.002 -1.000] G5=[-1.034 -1.187 -0.002 17.236 0.035]
INFO  [mc_indi_tiltrotor] T2dbg2 Wu25=[1.0 9.0] du25=[-0.0002 0.0000] dmax25=[27.7637 0.0021] nu_yaw=-0.010
INFO  [mc_indi_tiltrotor] WRdbg0 Wu0=1 lo0=-17.43 du0=-0.0028 pin0=0.000 a0=[0.005 0.000 -0.000 -0.004 -0.005]
INFO  [mc_indi_tiltrotor] WRdbg1 Wu1=1 lo1=-17.88 du1=-0.0140 pin1=0.000 a1=[-0.007 -0.001 0.002 -0.002 -0.006]
INFO  [mc_indi_tiltrotor] T0dbg1 G0=[-0.355 0.248 0.001 0.166 -0.986] nu_des=[-0.01 0.01 -0.00 -0.14 -0.01]
INFO  [mc_indi_tiltrotor] T0dbg2 Ws34=[0.1 20.0] Wu0=1.0 du0=0.0072 dmin0=-17.6765 dmax0=27.3235
INFO  [mc_indi_tiltrotor] T2dbg1 G2=[-0.000 -0.550 0.060 0.002 -1.000] G5=[-1.030 -1.182 -0.002 17.173 0.036]
INFO  [mc_indi_tiltrotor] T2dbg2 Wu25=[1.0 9.0] du25=[-0.0020 0.0002] dmax25=[27.8274 0.0024] nu_yaw=-0.002
INFO  [mc_indi_tiltrotor] WRdbg0 Wu0=1 lo0=-17.68 du0=0.0072 pin0=0.000 a0=[0.008 -0.001 -0.000 -0.001 0.001]
INFO  [mc_indi_tiltrotor] WRdbg1 Wu1=1 lo1=-17.75 du1=-0.0059 pin1=0.000 a1=[-0.010 0.003 0.000 -0.000 0.002]
INFO  [mc_indi_tiltrotor] YWdbg nu2=0.002 ach2=0.002 r=0.02 wsp2=0.00 ddelta=[-0.0003 -0.0001 0.0002]
INFO  [mc_indi_tiltrotor] T0dbg1 G0=[-0.355 0.248 0.001 0.167 -0.986] nu_des=[-0.00 -0.00 -0.02 -0.13 0.00]
INFO  [mc_indi_tiltrotor] T0dbg2 Ws34=[0.1 20.0] Wu0=1.0 du0=0.0013 dmin0=-17.8103 dmax0=27.1897
INFO  [mc_indi_tiltrotor] T2dbg1 G2=[-0.000 -0.550 0.060 0.002 -1.000] G5=[-1.032 -1.185 -0.002 17.204 0.035]
INFO  [mc_indi_tiltrotor] T2dbg2 Wu25=[1.0 9.0] du25=[-0.0013 -0.0002] dmax25=[27.7961 0.0017] nu_yaw=-0.021
INFO  [mc_indi_tiltrotor] WRdbg0 Wu0=1 lo0=-17.81 du0=0.0013 pin0=-0.004 a0=[0.000 -0.002 0.008 0.000 -0.001]
INFO  [mc_indi_tiltrotor] WRdbg1 Wu1=1 lo1=-17.79 du1=0.0032 pin1=-0.001 a1=[-0.000 -0.001 0.007 -0.000 -0.001]
INFO  [mc_indi_tiltrotor] T0dbg1 G0=[-0.355 0.247 -0.002 0.175 -0.985] nu_des=[0.00 0.07 0.06 -0.50 0.42]
INFO  [mc_indi_tiltrotor] T0dbg2 Ws34=[0.1 20.0] Wu0=1.0 du0=-0.1277 dmin0=-18.0429 dmax0=26.9571
INFO  [mc_indi_tiltrotor] T2dbg1 G2=[-0.000 -0.550 0.060 0.003 -1.000] G5=[-0.994 -1.133 -0.003 16.574 0.049]
INFO  [mc_indi_tiltrotor] T2dbg2 Wu25=[1.0 9.0] du25=[-0.1986 -0.0027] dmax25=[28.4258 -0.0012] nu_yaw=0.062
INFO  [mc_indi_tiltrotor] WRdbg0 Wu0=1 lo0=-18.04 du0=-0.1277 pin0=-0.030 a0=[-0.002 0.047 0.001 0.000 -0.144]
INFO  [mc_indi_tiltrotor] WRdbg1 Wu1=1 lo1=-18.33 du1=-0.1200 pin1=-0.014 a1=[0.002 0.042 -0.003 -0.000 -0.146]
INFO  [mc_indi_tiltrotor] YWdbg nu2=0.037 ach2=0.037 r=-0.03 wsp2=0.01 ddelta=[-0.0041 0.0018 -0.0004]
INFO  [mc_indi_tiltrotor] T0dbg1 G0=[-0.355 0.248 0.002 0.165 -0.986] nu_des=[-0.01 -0.04 -0.03 -0.18 0.06]
INFO  [mc_indi_tiltrotor] T0dbg2 Ws34=[0.1 20.0] Wu0=1.0 du0=-0.0558 dmin0=-17.4542 dmax0=27.5458
INFO  [mc_indi_tiltrotor] T2dbg1 G2=[-0.000 -0.550 0.060 0.002 -1.000] G5=[-1.026 -1.175 -0.002 17.096 0.040]
INFO  [mc_indi_tiltrotor] T2dbg2 Wu25=[1.0 9.0] du25=[0.0407 0.0027] dmax25=[27.9042 0.0039] nu_yaw=-0.030
INFO  [mc_indi_tiltrotor] WRdbg0 Wu0=1 lo0=-17.45 du0=-0.0558 pin0=-0.023 a0=[0.010 -0.023 -0.000 0.000 -0.020]
INFO  [mc_indi_tiltrotor] WRdbg1 Wu1=1 lo1=-17.95 du1=-0.0584 pin1=-0.011 a1=[-0.009 -0.020 0.001 -0.000 -0.020]
INFO  [mc_indi_tiltrotor] T0dbg1 G0=[-0.355 0.245 -0.005 0.184 -0.983] nu_des=[0.00 -0.12 0.01 -0.70 0.64]
INFO  [mc_indi_tiltrotor] T0dbg2 Ws34=[0.1 20.0] Wu0=1.0 du0=-0.2298 dmin0=-16.8414 dmax0=28.1586
INFO  [mc_indi_tiltrotor] T2dbg1 G2=[-0.000 -0.550 0.060 0.005 -1.000] G5=[-0.973 -1.095 -0.004 16.220 0.074]
INFO  [mc_indi_tiltrotor] T2dbg2 Wu25=[1.0 9.0] du25=[-0.1123 0.0021] dmax25=[28.7801 0.0040] nu_yaw=0.013
INFO  [mc_indi_tiltrotor] WRdbg0 Wu0=1 lo0=-16.84 du0=-0.2298 pin0=0.067 a0=[-0.003 -0.078 0.000 0.000 -0.217]
INFO  [mc_indi_tiltrotor] WRdbg1 Wu1=1 lo1=-17.15 du1=-0.2549 pin1=0.030 a1=[0.002 -0.068 -0.001 -0.001 -0.218]
INFO  [mc_indi_tiltrotor] YWdbg nu2=0.012 ach2=0.010 r=0.00 wsp2=0.01 ddelta=[0.0081 0.0094 0.0004]
INFO  [mc_indi_tiltrotor] T0dbg1 G0=[-0.355 0.242 -0.013 0.204 -0.979] nu_des=[0.00 0.03 -0.00 -1.16 -0.01]
INFO  [mc_indi_tiltrotor] T0dbg2 Ws34=[0.1 20.0] Wu0=1.0 du0=-0.0126 dmin0=-15.9237 dmax0=29.0763
INFO  [mc_indi_tiltrotor] T2dbg1 G2=[-0.000 -0.550 0.060 0.004 -1.000] G5=[-0.913 -1.029 -0.004 15.214 0.065]
INFO  [mc_indi_tiltrotor] T2dbg2 Wu25=[1.0 9.0] du25=[-0.0111 -0.0010] dmax25=[29.7855 0.0007] nu_yaw=-0.001
INFO  [mc_indi_tiltrotor] WRdbg0 Wu0=1 lo0=-15.92 du0=-0.0126 pin0=0.000 a0=[-0.005 -0.003 0.000 -0.006 0.001]
INFO  [mc_indi_tiltrotor] WRdbg1 Wu1=1 lo1=-15.96 du1=0.0091 pin1=0.000 a1=[0.006 0.006 0.000 -0.004 0.002]
INFO  [mc_indi_tiltrotor] T0dbg1 G0=[-0.355 0.246 -0.004 0.179 -0.984] nu_des=[0.01 0.20 0.00 -0.40 0.01]
INFO  [mc_indi_tiltrotor] T0dbg2 Ws34=[0.1 20.0] Wu0=1.0 du0=0.0442 dmin0=-16.2043 dmax0=28.7957
INFO  [mc_indi_tiltrotor] T2dbg1 G2=[-0.000 -0.550 0.060 0.002 -1.000] G5=[-0.916 -1.051 -0.002 15.268 0.033]
INFO  [mc_indi_tiltrotor] T2dbg2 Wu25=[1.0 1000000.0] du25=[-0.1889 -0.0022] dmax25=[29.7315 -0.0004] nu_yaw=0.001
INFO  [mc_indi_tiltrotor] WRdbg0 Wu0=1 lo0=-16.20 du0=0.0442 pin0=-0.060 a0=[-0.015 0.122 0.000 -0.000 -0.003]
INFO  [mc_indi_tiltrotor] WRdbg1 Wu1=1 lo1=-16.21 du1=0.0986 pin1=-0.036 a1=[0.014 0.123 -0.000 -0.000 -0.003]
INFO  [mc_indi_tiltrotor] YWdbg nu2=-0.017 ach2=-0.017 r=0.02 wsp2=0.00 ddelta=[-0.0028 -0.0058 0.0005]
INFO  [mc_indi_tiltrotor] T0dbg1 G0=[-0.355 0.247 -0.001 0.172 -0.985] nu_des=[0.02 0.34 -0.00 -0.08 0.12]
INFO  [mc_indi_tiltrotor] T0dbg2 Ws34=[0.1 20.0] Wu0=1.0 du0=0.1840 dmin0=-16.1504 dmax0=28.8496
INFO  [mc_indi_tiltrotor] T2dbg1 G2=[-0.000 -0.550 0.060 0.003 -1.000] G5=[-0.965 -1.102 -0.003 16.083 0.044]
INFO  [mc_indi_tiltrotor] T2dbg2 Wu25=[1.0 1000000.0] du25=[-0.4907 -0.0009] dmax25=[28.9173 0.0027] nu_yaw=-0.003
INFO  [mc_indi_tiltrotor] WRdbg0 Wu0=1 lo0=-16.15 du0=0.1840 pin0=0.038 a0=[-0.022 0.210 -0.000 -0.000 -0.042]
INFO  [mc_indi_tiltrotor] WRdbg1 Wu1=1 lo1=-16.34 du1=0.2088 pin1=0.018 a1=[0.021 0.212 0.000 -0.000 -0.043]
INFO  [mc_indi_tiltrotor] T0dbg1 G0=[-0.355 0.247 -0.001 0.173 -0.985] nu_des=[-0.01 -0.31 0.01 -0.19 0.41]
INFO  [mc_indi_tiltrotor] T0dbg2 Ws34=[0.1 20.0] Wu0=1.0 du0=-0.3159 dmin0=-16.2686 dmax0=28.7314
INFO  [mc_indi_tiltrotor] T2dbg1 G2=[-0.000 -0.550 0.060 0.003 -1.000] G5=[-0.976 -1.116 -0.002 16.271 0.041]
INFO  [mc_indi_tiltrotor] T2dbg2 Wu25=[1.0 1000000.0] du25=[0.2411 0.0071] dmax25=[28.7290 0.0107] nu_yaw=0.006
INFO  [mc_indi_tiltrotor] WRdbg0 Wu0=1 lo0=-16.27 du0=-0.3159 pin0=-0.002 a0=[0.019 -0.193 0.000 -0.000 -0.140]
INFO  [mc_indi_tiltrotor] WRdbg1 Wu1=1 lo1=-16.68 du1=-0.3384 pin1=0.016 a1=[-0.018 -0.195 -0.000 -0.000 -0.141]
INFO  [mc_indi_tiltrotor] YWdbg nu2=0.001 ach2=0.001 r=-0.00 wsp2=-0.00 ddelta=[0.0033 0.0032 0.0003]
INFO  [mc_indi_tiltrotor] T0dbg1 G0=[-0.355 0.248 0.000 0.168 -0.986] nu_des=[-0.01 0.01 -0.00 -0.07 -0.01]
INFO  [mc_indi_tiltrotor] T0dbg2 Ws34=[0.1 20.0] Wu0=1.0 du0=0.0105 dmin0=-16.5152 dmax0=28.4848
INFO  [mc_indi_tiltrotor] T2dbg1 G2=[-0.000 -0.550 0.060 0.002 -1.000] G5=[-0.950 -1.088 -0.002 15.836 0.037]
INFO  [mc_indi_tiltrotor] T2dbg2 Wu25=[1.0 9.0] du25=[0.0030 0.0002] dmax25=[29.1643 0.0021] nu_yaw=-0.000
INFO  [mc_indi_tiltrotor] WRdbg0 Wu0=1 lo0=-16.52 du0=0.0105 pin0=0.000 a0=[0.008 -0.001 -0.000 -0.000 0.004]
INFO  [mc_indi_tiltrotor] WRdbg1 Wu1=1 lo1=-16.84 du1=-0.0036 pin1=0.000 a1=[-0.010 0.002 0.000 -0.000 0.005]
INFO  [mc_indi_tiltrotor] T0dbg1 G0=[-0.355 0.248 0.001 0.166 -0.986] nu_des=[-0.01 -0.00 -0.01 0.03 0.00]
INFO  [mc_indi_tiltrotor] T0dbg2 Ws34=[0.1 20.0] Wu0=1.0 du0=0.0071 dmin0=-16.8366 dmax0=28.1634
INFO  [mc_indi_tiltrotor] T2dbg1 G2=[-0.000 -0.550 0.060 0.003 -1.000] G5=[-0.960 -1.097 -0.003 16.000 0.042]
INFO  [mc_indi_tiltrotor] T2dbg2 Wu25=[1.0 9.0] du25=[0.0036 0.0004] dmax25=[28.9999 0.0020] nu_yaw=-0.008
INFO  [mc_indi_tiltrotor] WRdbg0 Wu0=1 lo0=-16.84 du0=0.0071 pin0=0.000 a0=[0.007 0.000 -0.000 0.000 -0.000]
INFO  [mc_indi_tiltrotor] WRdbg1 Wu1=1 lo1=-16.99 du1=-0.0091 pin1=0.000 a1=[-0.009 -0.001 0.002 0.000 -0.000]
INFO  [mc_indi_tiltrotor] YWdbg nu2=-0.020 ach2=-0.019 r=0.02 wsp2=-0.01 ddelta=[0.0032 0.0002 -0.0005]
INFO  [mc_indi_tiltrotor] T0dbg1 G0=[-0.355 0.247 -0.001 0.172 -0.985] nu_des=[0.00 -0.01 -0.02 -0.08 0.01]
INFO  [mc_indi_tiltrotor] T0dbg2 Ws34=[0.1 20.0] Wu0=1.0 du0=-0.0022 dmin0=-16.9946 dmax0=28.0054
INFO  [mc_indi_tiltrotor] T2dbg1 G2=[-0.000 -0.550 0.060 0.003 -1.000] G5=[-0.967 -1.105 -0.003 16.118 0.042]
INFO  [mc_indi_tiltrotor] T2dbg2 Wu25=[1.0 9.0] du25=[0.0052 0.0001] dmax25=[28.8820 0.0018] nu_yaw=-0.018
INFO  [mc_indi_tiltrotor] WRdbg0 Wu0=1 lo0=-16.99 du0=-0.0022 pin0=0.000 a0=[-0.000 0.001 -0.000 -0.000 -0.002]
INFO  [mc_indi_tiltrotor] WRdbg1 Wu1=1 lo1=-17.13 du1=-0.0022 pin1=0.000 a1=[0.000 -0.003 0.004 -0.000 -0.003]
INFO  [mc_indi_tiltrotor] T0dbg1 G0=[-0.355 0.247 -0.002 0.174 -0.985] nu_des=[0.02 0.60 -0.02 -0.24 0.19]
INFO  [mc_indi_tiltrotor] T0dbg2 Ws34=[0.1 20.0] Wu0=1.0 du0=0.2704 dmin0=-16.7880 dmax0=28.2120
INFO  [mc_indi_tiltrotor] T2dbg1 G2=[-0.000 -0.550 0.060 0.004 -1.000] G5=[-0.998 -1.127 -0.004 16.641 0.069]
INFO  [mc_indi_tiltrotor] T2dbg2 Wu25=[1.0 1000000.0] du25=[-0.7813 -0.0042] dmax25=[28.3585 -0.0025] nu_yaw=-0.018
INFO  [mc_indi_tiltrotor] WRdbg0 Wu0=1 lo0=-16.79 du0=0.2704 pin0=-0.011 a0=[-0.026 0.371 -0.000 -0.000 -0.063]
INFO  [mc_indi_tiltrotor] WRdbg1 Wu1=1 lo1=-16.94 du1=0.3249 pin1=-0.011 a1=[0.025 0.375 0.000 -0.000 -0.064]
INFO  [mc_indi_tiltrotor] YWdbg nu2=-0.001 ach2=-0.001 r=-0.02 wsp2=0.00 ddelta=[0.0035 0.0033 -0.0002]
INFO  [mc_indi_tiltrotor] T0dbg1 G0=[-0.355 0.247 -0.001 0.173 -0.985] nu_des=[0.00 -0.08 0.05 -0.35 0.05]
INFO  [mc_indi_tiltrotor] T0dbg2 Ws34=[0.1 20.0] Wu0=1.0 du0=-0.1011 dmin0=-17.1700 dmax0=27.8300
INFO  [mc_indi_tiltrotor] T2dbg1 G2=[-0.000 -0.550 0.060 0.004 -1.000] G5=[-0.952 -1.079 -0.003 15.862 0.056]
INFO  [mc_indi_tiltrotor] T2dbg2 Wu25=[1.0 1000000.0] du25=[0.1075 0.0008] dmax25=[29.1375 0.0008] nu_yaw=0.050
INFO  [mc_indi_tiltrotor] WRdbg0 Wu0=1 lo0=-17.17 du0=-0.1011 pin0=-0.030 a0=[-0.003 -0.050 0.000 -0.000 -0.018]
INFO  [mc_indi_tiltrotor] WRdbg1 Wu1=1 lo1=-17.53 du1=-0.0872 pin1=-0.021 a1=[0.003 -0.051 -0.000 -0.000 -0.019]
INFO  [mc_indi_tiltrotor] T0dbg1 G0=[-0.355 0.248 0.002 0.164 -0.986] nu_des=[0.00 -0.02 -0.02 -0.04 0.01]
INFO  [mc_indi_tiltrotor] T0dbg2 Ws34=[0.1 20.0] Wu0=1.0 du0=-0.0050 dmin0=-16.9163 dmax0=28.0837
INFO  [mc_indi_tiltrotor] T2dbg1 G2=[-0.000 -0.550 0.060 0.004 -1.000] G5=[-0.982 -1.115 -0.003 16.373 0.057]
INFO  [mc_indi_tiltrotor] T2dbg2 Wu25=[1.0 9.0] du25=[0.0101 0.0000] dmax25=[28.6273 0.0019] nu_yaw=-0.015
INFO  [mc_indi_tiltrotor] WRdbg0 Wu0=1 lo0=-16.92 du0=-0.0050 pin0=0.000 a0=[-0.004 0.002 -0.001 -0.000 -0.002]
INFO  [mc_indi_tiltrotor] WRdbg1 Wu1=1 lo1=-17.28 du1=0.0013 pin1=0.000 a1=[0.006 -0.005 0.003 -0.000 -0.002]
INFO  [mc_indi_tiltrotor] YWdbg nu2=-0.028 ach2=-0.010 r=0.03 wsp2=0.01 ddelta=[0.0120 0.0070 0.0049]
INFO  [mc_indi_tiltrotor] T0dbg1 G0=[-0.355 0.247 -0.000 0.170 -0.985] nu_des=[-0.00 0.16 0.08 -0.24 0.30]
INFO  [mc_indi_tiltrotor] T0dbg2 Ws34=[0.1 20.0] Wu0=1.0 du0=-0.0391 dmin0=-17.4172 dmax0=27.5828
INFO  [mc_indi_tiltrotor] T2dbg1 G2=[-0.000 -0.550 0.060 0.004 -1.000] G5=[-0.942 -1.068 -0.003 15.707 0.058]
INFO  [mc_indi_tiltrotor] T2dbg2 Wu25=[1.0 1000000.0] du25=[-0.2500 -0.0037] dmax25=[29.2931 -0.0020] nu_yaw=0.084
INFO  [mc_indi_tiltrotor] WRdbg0 Wu0=1 lo0=-17.42 du0=-0.0391 pin0=-0.039 a0=[0.005 0.097 0.000 -0.000 -0.102]
INFO  [mc_indi_tiltrotor] WRdbg1 Wu1=1 lo1=-17.62 du1=-0.0420 pin1=-0.032 a1=[-0.004 0.099 -0.000 -0.000 -0.104]
INFO  [mc_indi_tiltrotor] T0dbg1 G0=[-0.355 0.247 -0.000 0.170 -0.985] nu_des=[0.00 0.56 0.03 -0.33 0.53]
INFO  [mc_indi_tiltrotor] T0dbg2 Ws34=[0.1 20.0] Wu0=1.0 du0=0.1423 dmin0=-17.5604 dmax0=27.4396
INFO  [mc_indi_tiltrotor] T2dbg1 G2=[-0.000 -0.550 0.060 0.005 -1.000] G5=[-0.956 -1.074 -0.005 15.941 0.076]
INFO  [mc_indi_tiltrotor] T2dbg2 Wu25=[1.0 1000000.0] du25=[-0.8345 -0.0048] dmax25=[29.0583 -0.0031] nu_yaw=0.027
INFO  [mc_indi_tiltrotor] WRdbg0 Wu0=1 lo0=-17.56 du0=0.1423 pin0=-0.022 a0=[-0.002 0.347 0.000 -0.000 -0.180]
INFO  [mc_indi_tiltrotor] WRdbg1 Wu1=1 lo1=-17.59 du1=0.1550 pin1=-0.015 a1=[0.002 0.351 -0.000 -0.000 -0.183]
INFO  [mc_indi_tiltrotor] YWdbg nu2=0.064 ach2=0.025 r=-0.01 wsp2=0.01 ddelta=[-0.0102 -0.0064 -0.0008]
INFO  [mc_indi_tiltrotor] T0dbg1 G0=[-0.355 0.247 -0.000 0.170 -0.985] nu_des=[0.01 1.02 -0.01 -0.25 0.33]
INFO  [mc_indi_tiltrotor] T0dbg2 Ws34=[0.1 20.0] Wu0=1.0 du0=0.5119 dmin0=-16.9234 dmax0=28.0766
INFO  [mc_indi_tiltrotor] T2dbg1 G2=[-0.000 -0.550 0.060 0.005 -1.000] G5=[-0.999 -1.115 -0.005 16.652 0.091]
INFO  [mc_indi_tiltrotor] T2dbg2 Wu25=[1.0 1000000.0] du25=[-1.3645 -0.0055] dmax25=[28.3480 -0.0021] nu_yaw=-0.011
INFO  [mc_indi_tiltrotor] WRdbg0 Wu0=1 lo0=-16.92 du0=0.5119 pin0=0.013 a0=[-0.018 0.630 -0.000 -0.000 -0.113]
INFO  [mc_indi_tiltrotor] WRdbg1 Wu1=1 lo1=-17.15 du1=0.5362 pin1=-0.004 a1=[0.018 0.637 0.000 -0.000 -0.114]
INFO  [mc_indi_tiltrotor] T0dbg1 G0=[-0.355 0.248 0.002 0.164 -0.986] nu_des=[0.00 0.16 -0.07 -0.07 0.12]
INFO  [mc_indi_tiltrotor] T0dbg2 Ws34=[0.1 20.0] Wu0=1.0 du0=0.0161 dmin0=-16.7981 dmax0=28.2019
INFO  [mc_indi_tiltrotor] T2dbg1 G2=[-0.000 -0.550 0.060 0.004 -1.000] G5=[-0.984 -1.108 -0.004 16.398 0.072]
INFO  [mc_indi_tiltrotor] T2dbg2 Wu25=[1.0 9.0] du25=[-0.1929 -0.0019] dmax25=[28.6014 -0.0013] nu_yaw=-0.073
INFO  [mc_indi_tiltrotor] WRdbg0 Wu0=1 lo0=-16.80 du0=0.0161 pin0=-0.045 a0=[-0.001 0.102 -0.001 0.000 -0.040]
INFO  [mc_indi_tiltrotor] WRdbg1 Wu1=1 lo1=-17.20 du1=0.0314 pin1=-0.022 a1=[0.001 0.090 0.003 -0.000 -0.040]
INFO  [mc_indi_tiltrotor] YWdbg nu2=0.002 ach2=0.001 r=0.03 wsp2=-0.01 ddelta=[0.0040 0.0039 0.0004]
INFO  [mc_indi_tiltrotor] T0dbg1 G0=[-0.355 0.248 0.000 0.168 -0.986] nu_des=[-0.01 0.23 -0.01 -0.21 0.14]
INFO  [mc_indi_tiltrotor] T0dbg2 Ws34=[0.1 20.0] Wu0=1.0 du0=0.0609 dmin0=-17.2520 dmax0=27.7480
INFO  [mc_indi_tiltrotor] T2dbg1 G2=[-0.000 -0.550 0.060 0.004 -1.000] G5=[-0.968 -1.090 -0.004 16.129 0.071]
INFO  [mc_indi_tiltrotor] T2dbg2 Wu25=[1.0 9.0] du25=[-0.2725 -0.0043] dmax25=[28.8712 -0.0027] nu_yaw=-0.008
INFO  [mc_indi_tiltrotor] WRdbg0 Wu0=1 lo0=-17.25 du0=0.0609 pin0=-0.052 a0=[0.016 0.144 -0.000 0.000 -0.047]
INFO  [mc_indi_tiltrotor] WRdbg1 Wu1=1 lo1=-17.59 du1=0.0370 pin1=-0.027 a1=[-0.015 0.127 0.000 -0.000 -0.048]
INFO  [mc_indi_tiltrotor] T0dbg1 G0=[-0.355 0.246 -0.004 0.179 -0.984] nu_des=[-0.00 -0.00 -0.02 -0.52 0.04]
INFO  [mc_indi_tiltrotor] T0dbg2 Ws34=[0.1 20.0] Wu0=1.0 du0=-0.0117 dmin0=-17.1573 dmax0=27.8427
INFO  [mc_indi_tiltrotor] T2dbg1 G2=[-0.000 -0.550 0.060 0.005 -1.000] G5=[-0.976 -1.096 -0.005 16.259 0.077]
INFO  [mc_indi_tiltrotor] T2dbg2 Wu25=[1.0 9.0] du25=[-0.0102 -0.0002] dmax25=[28.7405 0.0015] nu_yaw=-0.019
INFO  [mc_indi_tiltrotor] WRdbg0 Wu0=1 lo0=-17.16 du0=-0.0117 pin0=0.000 a0=[0.001 0.000 -0.000 -0.003 -0.010]
INFO  [mc_indi_tiltrotor] WRdbg1 Wu1=1 lo1=-17.28 du1=-0.0120 pin1=0.000 a1=[-0.002 -0.000 0.004 -0.002 -0.012]
INFO  [mc_indi_tiltrotor] YWdbg nu2=0.008 ach2=0.019 r=-0.01 wsp2=-0.04 ddelta=[-0.0120 -0.0072 -0.0028]
INFO  [mc_indi_tiltrotor] T0dbg1 G0=[-0.355 0.248 0.001 0.165 -0.986] nu_des=[0.00 -0.01 0.01 -0.08 -0.01]
INFO  [mc_indi_tiltrotor] T0dbg2 Ws34=[0.1 20.0] Wu0=1.0 du0=-0.0002 dmin0=-17.2414 dmax0=27.7586
INFO  [mc_indi_tiltrotor] T2dbg1 G2=[-0.000 -0.550 0.060 0.003 -1.000] G5=[-0.973 -1.106 -0.003 16.218 0.053]
INFO  [mc_indi_tiltrotor] T2dbg2 Wu25=[1.0 9.0] du25=[0.0068 0.0000] dmax25=[28.7816 0.0017] nu_yaw=0.012
INFO  [mc_indi_tiltrotor] WRdbg0 Wu0=1 lo0=-17.24 du0=-0.0002 pin0=0.000 a0=[-0.002 0.001 0.000 -0.000 0.002]
INFO  [mc_indi_tiltrotor] WRdbg1 Wu1=1 lo1=-17.33 du1=0.0002 pin1=0.000 a1=[0.003 -0.002 -0.002 -0.000 0.002]
INFO  [mc_indi_tiltrotor] T0dbg1 G0=[-0.355 0.245 -0.005 0.184 -0.983] nu_des=[0.01 -0.08 0.00 -0.80 0.13]
INFO  [mc_indi_tiltrotor] T0dbg2 Ws34=[0.1 20.0] Wu0=1.0 du0=-0.0426 dmin0=-17.0599 dmax0=27.9401
INFO  [mc_indi_tiltrotor] T2dbg1 G2=[-0.000 -0.550 0.060 0.005 -1.000] G5=[-0.985 -1.101 -0.005 16.413 0.087]
INFO  [mc_indi_tiltrotor] T2dbg2 Wu25=[1.0 9.0] du25=[0.0045 0.0003] dmax25=[28.5866 0.0034] nu_yaw=0.002
INFO  [mc_indi_tiltrotor] WRdbg0 Wu0=1 lo0=-17.06 du0=-0.0426 pin0=0.068 a0=[-0.014 -0.053 0.000 0.000 -0.044]
INFO  [mc_indi_tiltrotor] WRdbg1 Wu1=1 lo1=-17.25 du1=-0.0476 pin1=0.031 a1=[0.013 -0.046 -0.000 -0.001 -0.044]
INFO  [mc_indi_tiltrotor] YWdbg nu2=0.025 ach2=0.025 r=-0.03 wsp2=0.00 ddelta=[-0.0014 0.0025 -0.0006]
INFO  [mc_indi_tiltrotor] T0dbg1 G0=[-0.355 0.245 -0.005 0.183 -0.983] nu_des=[-0.00 -0.14 -0.00 -0.84 0.05]
INFO  [mc_indi_tiltrotor] T0dbg2 Ws34=[0.1 20.0] Wu0=1.0 du0=-0.1360 dmin0=-17.2034 dmax0=27.7966
INFO  [mc_indi_tiltrotor] T2dbg1 G2=[-0.000 -0.550 0.060 0.003 -1.000] G5=[-0.969 -1.106 -0.003 16.148 0.045]
INFO  [mc_indi_tiltrotor] T2dbg2 Wu25=[1.0 1000000.0] du25=[0.1837 0.0034] dmax25=[28.8518 0.0034] nu_yaw=-0.001
INFO  [mc_indi_tiltrotor] WRdbg0 Wu0=1 lo0=-17.20 du0=-0.1360 pin0=-0.039 a0=[0.007 -0.087 -0.000 -0.000 -0.017]
INFO  [mc_indi_tiltrotor] WRdbg1 Wu1=1 lo1=-17.53 du1=-0.1240 pin1=-0.012 a1=[-0.007 -0.088 0.000 -0.000 -0.017]
INFO  [mc_indi_tiltrotor] T0dbg1 G0=[-0.355 0.248 0.002 0.164 -0.987] nu_des=[-0.01 0.01 -0.03 -0.03 -0.04]
INFO  [mc_indi_tiltrotor] T0dbg2 Ws34=[0.1 20.0] Wu0=1.0 du0=0.0154 dmin0=-16.9462 dmax0=28.0538
INFO  [mc_indi_tiltrotor] T2dbg1 G2=[-0.000 -0.550 0.060 0.003 -1.000] G5=[-0.978 -1.118 -0.003 16.306 0.042]
INFO  [mc_indi_tiltrotor] T2dbg2 Wu25=[1.0 9.0] du25=[0.0134 0.0001] dmax25=[28.6943 0.0021] nu_yaw=-0.029
INFO  [mc_indi_tiltrotor] WRdbg0 Wu0=1 lo0=-16.95 du0=0.0154 pin0=0.000 a0=[0.007 -0.000 -0.001 -0.000 0.010]
INFO  [mc_indi_tiltrotor] WRdbg1 Wu1=1 lo1=-17.27 du1=0.0094 pin1=0.000 a1=[-0.009 0.002 0.006 -0.000 0.012]
INFO  [mc_indi_tiltrotor] YWdbg nu2=0.027 ach2=0.010 r=0.03 wsp2=-0.01 ddelta=[0.0120 0.0120 0.0023]
INFO  [mc_indi_tiltrotor] T0dbg1 G0=[-0.355 0.246 -0.003 0.177 -0.984] nu_des=[-0.01 0.03 0.00 -0.42 -0.04]
INFO  [mc_indi_tiltrotor] T0dbg2 Ws34=[0.1 20.0] Wu0=1.0 du0=0.0173 dmin0=-17.1413 dmax0=27.8587
INFO  [mc_indi_tiltrotor] T2dbg1 G2=[-0.000 -0.550 0.060 0.003 -1.000] G5=[-0.986 -1.121 -0.003 16.432 0.052]
INFO  [mc_indi_tiltrotor] T2dbg2 Wu25=[1.0 9.0] du25=[-0.0007 0.0000] dmax25=[28.5683 0.0020] nu_yaw=0.001
INFO  [mc_indi_tiltrotor] WRdbg0 Wu0=1 lo0=-17.14 du0=0.0173 pin0=0.000 a0=[0.013 -0.004 0.000 -0.002 0.010]
INFO  [mc_indi_tiltrotor] WRdbg1 Wu1=1 lo1=-17.33 du1=0.0003 pin1=0.000 a1=[-0.018 0.008 -0.000 -0.001 0.012]
INFO  [mc_indi_tiltrotor] T0dbg1 G0=[-0.355 0.247 -0.000 0.170 -0.985] nu_des=[0.00 -0.02 0.01 -0.23 0.02]
INFO  [mc_indi_tiltrotor] T0dbg2 Ws34=[0.1 20.0] Wu0=1.0 du0=-0.0069 dmin0=-17.1943 dmax0=27.8057
INFO  [mc_indi_tiltrotor] T2dbg1 G2=[-0.000 -0.550 0.060 0.002 -1.000] G5=[-0.979 -1.120 -0.002 16.316 0.039]
INFO  [mc_indi_tiltrotor] T2dbg2 Wu25=[1.0 9.0] du25=[0.0034 0.0000] dmax25=[28.6837 0.0018] nu_yaw=0.006
INFO  [mc_indi_tiltrotor] WRdbg0 Wu0=1 lo0=-17.19 du0=-0.0069 pin0=0.000 a0=[-0.003 0.002 0.000 -0.001 -0.005]
INFO  [mc_indi_tiltrotor] WRdbg1 Wu1=1 lo1=-17.37 du1=-0.0081 pin1=0.000 a1=[0.003 -0.004 -0.001 -0.001 -0.006]
INFO  [mc_indi_tiltrotor] YWdbg nu2=0.014 ach2=0.014 r=-0.03 wsp2=-0.02 ddelta=[-0.0047 -0.0022 -0.0003]
INFO  [mc_indi_tiltrotor] T0dbg1 G0=[-0.355 0.249 0.002 0.163 -0.987] nu_des=[0.00 -0.04 0.04 -0.14 0.02]
INFO  [mc_indi_tiltrotor] T0dbg2 Ws34=[0.1 20.0] Wu0=1.0 du0=-0.0041 dmin0=-17.1972 dmax0=27.8028
INFO  [mc_indi_tiltrotor] T2dbg1 G2=[-0.000 -0.550 0.060 0.002 -1.000] G5=[-0.976 -1.121 -0.002 16.270 0.033]
INFO  [mc_indi_tiltrotor] T2dbg2 Wu25=[1.0 9.0] du25=[0.0131 0.0005] dmax25=[28.7301 0.0022] nu_yaw=0.036
INFO  [mc_indi_tiltrotor] WRdbg0 Wu0=1 lo0=-17.20 du0=-0.0041 pin0=0.027 a0=[-0.002 -0.023 0.001 0.000 -0.006]
INFO  [mc_indi_tiltrotor] WRdbg1 Wu1=1 lo1=-17.41 du1=-0.0198 pin1=0.006 a1=[0.002 -0.020 -0.002 -0.000 -0.006]
INFO  [mc_indi_tiltrotor] T0dbg1 G0=[-0.355 0.246 -0.003 0.177 -0.984] nu_des=[0.01 -0.65 0.03 -0.42 0.23]
INFO  [mc_indi_tiltrotor] T0dbg2 Ws34=[0.1 20.0] Wu0=1.0 du0=-0.5182 dmin0=-17.1674 dmax0=27.8326
INFO  [mc_indi_tiltrotor] T2dbg1 G2=[-0.000 -0.550 0.060 0.003 -1.000] G5=[-0.975 -1.114 -0.003 16.252 0.043]
INFO  [mc_indi_tiltrotor] T2dbg2 Wu25=[1.0 1000000.0] du25=[0.7473 0.0046] dmax25=[28.7479 0.0046] nu_yaw=0.034
INFO  [mc_indi_tiltrotor] WRdbg0 Wu0=1 lo0=-17.17 du0=-0.5182 pin0=-0.029 a0=[-0.007 -0.403 0.000 -0.000 -0.078]
INFO  [mc_indi_tiltrotor] WRdbg1 Wu1=1 lo1=-17.45 du1=-0.4830 pin1=-0.003 a1=[0.007 -0.408 -0.000 -0.000 -0.079]
INFO  [mc_indi_tiltrotor] YWdbg nu2=0.016 ach2=0.016 r=-0.00 wsp2=-0.01 ddelta=[0.0005 0.0030 0.0002]
INFO  [mc_indi_tiltrotor] T0dbg1 G0=[-0.355 0.246 -0.003 0.178 -0.984] nu_des=[0.01 -0.07 -0.01 -0.57 0.08]
INFO  [mc_indi_tiltrotor] T0dbg2 Ws34=[0.1 20.0] Wu0=1.0 du0=-0.0339 dmin0=-17.0514 dmax0=27.9486
INFO  [mc_indi_tiltrotor] T2dbg1 G2=[-0.000 -0.550 0.060 0.005 -1.000] G5=[-0.986 -1.107 -0.005 16.426 0.077]
INFO  [mc_indi_tiltrotor] T2dbg2 Wu25=[1.0 9.0] du25=[0.0074 -0.0002] dmax25=[28.5738 0.0027] nu_yaw=-0.015
INFO  [mc_indi_tiltrotor] WRdbg0 Wu0=1 lo0=-17.05 du0=-0.0339 pin0=0.000 a0=[-0.016 0.007 -0.000 -0.003 -0.021]
INFO  [mc_indi_tiltrotor] WRdbg1 Wu1=1 lo1=-17.27 du1=-0.0186 pin1=0.000 a1=[0.021 -0.015 0.003 -0.002 -0.025]
INFO  [mc_indi_tiltrotor] forward transition: state 0 -> 1 (v_h=0.1 m/s, fx=0.0 N, tilt=10.4 deg)
INFO  [mc_indi_tiltrotor] T0dbg1 G0=[-0.355 0.248 0.000 0.168 -0.986] nu_des=[0.00 0.08 -0.03 -2.18 -0.00]
INFO  [mc_indi_tiltrotor] T0dbg2 Ws34=[0.1 20.0] Wu0=1.0 du0=0.0012 dmin0=-17.1234 dmax0=27.8766
INFO  [mc_indi_tiltrotor] T2dbg1 G2=[-0.000 -0.550 0.060 0.002 -1.000] G5=[-0.974 -1.120 -0.002 16.235 0.029]
INFO  [mc_indi_tiltrotor] T2dbg2 Wu25=[1.0 1000000.0] du25=[-0.0549 -0.0018] dmax25=[28.7654 -0.0001] nu_yaw=-0.027
INFO  [mc_indi_tiltrotor] WRdbg0 Wu0=1 lo0=-17.12 du0=0.0012 pin0=-0.041 a0=[-0.006 0.048 -0.000 -0.000 0.000]
INFO  [mc_indi_tiltrotor] WRdbg1 Wu1=1 lo1=-17.35 du1=0.0273 pin1=-0.027 a1=[0.006 0.048 0.000 -0.000 0.000]
INFO  [mc_indi_tiltrotor] YWdbg nu2=-0.023 ach2=-0.021 r=0.01 wsp2=-0.02 ddelta=[0.0021 -0.0014 -0.0005]
INFO  [mc_indi_tiltrotor] T0dbg1 G0=[-0.355 0.247 -0.001 0.171 -0.985] nu_des=[-0.01 -0.01 -0.04 -1.10 0.01]
INFO  [mc_indi_tiltrotor] T0dbg2 Ws34=[0.1 20.0] Wu0=1.0 du0=0.0083 dmin0=-17.2141 dmax0=27.7859
INFO  [mc_indi_tiltrotor] T2dbg1 G2=[-0.000 -0.550 0.060 0.000 -1.000] G5=[-0.980 -1.143 -0.000 16.339 0.002]
INFO  [mc_indi_tiltrotor] T2dbg2 Wu25=[1.0 1000000.0] du25=[0.0002 -0.0001] dmax25=[28.6611 0.0017] nu_yaw=-0.037
INFO  [mc_indi_tiltrotor] WRdbg0 Wu0=1 lo0=-17.21 du0=0.0083 pin0=-0.001 a0=[0.007 -0.007 0.014 -0.000 -0.004]
INFO  [mc_indi_tiltrotor] WRdbg1 Wu1=1 lo1=-17.47 du1=-0.0057 pin1=-0.001 a1=[-0.007 -0.007 0.014 -0.000 -0.005]
INFO  [mc_indi_tiltrotor] T0dbg1 G0=[-0.355 0.244 -0.007 0.189 -0.982] nu_des=[0.00 -0.02 0.03 -0.90 0.10]
INFO  [mc_indi_tiltrotor] T0dbg2 Ws34=[0.1 20.0] Wu0=1.0 du0=-0.0533 dmin0=-17.2204 dmax0=27.7796
INFO  [mc_indi_tiltrotor] T2dbg1 G2=[-0.000 -0.550 0.060 0.002 -1.000] G5=[-0.970 -1.117 -0.002 16.173 0.027]
INFO  [mc_indi_tiltrotor] T2dbg2 Wu25=[1.0 9.0] du25=[-0.0095 -0.0001] dmax25=[28.8270 0.0012] nu_yaw=0.032
INFO  [mc_indi_tiltrotor] WRdbg0 Wu0=1 lo0=-17.22 du0=-0.0533 pin0=-0.004 a0=[-0.006 -0.010 0.000 0.000 -0.034]
INFO  [mc_indi_tiltrotor] WRdbg1 Wu1=1 lo1=-17.43 du1=-0.0439 pin1=-0.005 a1=[0.006 -0.009 -0.001 -0.001 -0.034]
INFO  [mc_indi_tiltrotor] YWdbg nu2=0.051 ach2=0.026 r=-0.06 wsp2=0.00 ddelta=[0.0048 0.0084 0.0004]
INFO  [mc_indi_tiltrotor] T0dbg1 G0=[-0.355 0.241 -0.015 0.210 -0.978] nu_des=[0.01 -0.00 0.02 -0.71 0.13]
INFO  [mc_indi_tiltrotor] T0dbg2 Ws34=[0.1 20.0] Wu0=1.0 du0=-0.0066 dmin0=-17.0597 dmax0=27.9403
INFO  [mc_indi_tiltrotor] T2dbg1 G2=[-0.000 -0.550 0.060 0.003 -1.000] G5=[-0.980 -1.119 -0.003 16.337 0.044]
INFO  [mc_indi_tiltrotor] T2dbg2 Wu25=[1.0 1000000.0] du25=[-0.0821 -0.0020] dmax25=[28.6631 0.0016] nu_yaw=0.024
INFO  [mc_indi_tiltrotor] WRdbg0 Wu0=1 lo0=-17.06 du0=-0.0066 pin0=0.057 a0=[-0.016 -0.001 -0.000 -0.000 -0.046]
INFO  [mc_indi_tiltrotor] WRdbg1 Wu1=1 lo1=-17.20 du1=-0.0066 pin1=0.025 a1=[0.016 -0.001 -0.000 -0.000 -0.047]
INFO  [mc_indi_tiltrotor] T0dbg1 G0=[-0.354 0.237 -0.022 0.231 -0.973] nu_des=[0.00 -0.08 0.02 -0.50 0.08]
INFO  [mc_indi_tiltrotor] T0dbg2 Ws34=[0.1 20.0] Wu0=1.0 du0=-0.0198 dmin0=-17.1838 dmax0=27.8162
INFO  [mc_indi_tiltrotor] T2dbg1 G2=[-0.000 -0.550 0.060 0.003 -1.000] G5=[-0.955 -1.088 -0.003 15.911 0.047]
INFO  [mc_indi_tiltrotor] T2dbg2 Wu25=[1.0 8.9] du25=[0.0256 0.0007] dmax25=[29.0885 0.0021] nu_yaw=0.017
INFO  [mc_indi_tiltrotor] WRdbg0 Wu0=1 lo0=-17.18 du0=-0.0198 pin0=0.069 a0=[-0.007 -0.045 -0.009 -0.000 -0.028]
INFO  [mc_indi_tiltrotor] WRdbg1 Wu1=1 lo1=-17.29 du1=-0.0346 pin1=0.037 a1=[0.006 -0.042 -0.006 -0.001 -0.029]
INFO  [mc_indi_tiltrotor] YWdbg nu2=0.011 ach2=0.010 r=-0.00 wsp2=0.05 ddelta=[0.0100 0.0113 0.0003]
INFO  [mc_indi_tiltrotor] T0dbg1 G0=[-0.354 0.233 -0.032 0.256 -0.967] nu_des=[0.01 0.09 0.01 -0.44 0.24]
INFO  [mc_indi_tiltrotor] T0dbg2 Ws34=[0.1 20.0] Wu0=1.0 du0=-0.0514 dmin0=-17.2913 dmax0=27.7087
INFO  [mc_indi_tiltrotor] T2dbg1 G2=[-0.000 -0.550 0.060 0.004 -1.000] G5=[-0.942 -1.065 -0.004 15.696 0.062]
INFO  [mc_indi_tiltrotor] T2dbg2 Wu25=[1.0 1000000.0] du25=[-0.1755 -0.0022] dmax25=[29.3036 -0.0022] nu_yaw=0.005
INFO  [mc_indi_tiltrotor] WRdbg0 Wu0=1 lo0=-17.29 du0=-0.0514 pin0=-0.018 a0=[-0.010 0.060 -0.000 -0.000 -0.084]
INFO  [mc_indi_tiltrotor] WRdbg1 Wu1=1 lo1=-17.30 du1=-0.0310 pin1=-0.017 a1=[0.009 0.060 -0.000 -0.000 -0.084]
INFO  [mc_indi_tiltrotor] T0dbg1 G0=[-0.353 0.228 -0.041 0.282 -0.960] nu_des=[0.00 0.34 -0.02 -0.28 0.17]
INFO  [mc_indi_tiltrotor] T0dbg2 Ws34=[0.1 20.0] Wu0=1.0 du0=0.1866 dmin0=-17.1718 dmax0=27.8282
INFO  [mc_indi_tiltrotor] T2dbg1 G2=[-0.000 -0.550 0.060 0.005 -1.000] G5=[-0.954 -1.070 -0.005 15.903 0.079]
INFO  [mc_indi_tiltrotor] T2dbg2 Wu25=[1.0 1000000.0] du25=[-0.4920 -0.0050] dmax25=[29.0963 -0.0029] nu_yaw=-0.023
INFO  [mc_indi_tiltrotor] WRdbg0 Wu0=1 lo0=-17.17 du0=0.1866 pin0=0.034 a0=[-0.007 0.220 0.000 -0.000 -0.060]
INFO  [mc_indi_tiltrotor] WRdbg1 Wu1=1 lo1=-17.12 du1=0.1741 pin1=0.009 a1=[0.007 0.218 0.000 -0.000 -0.060]
INFO  [mc_indi_tiltrotor] YWdbg nu2=-0.008 ach2=-0.009 r=0.03 wsp2=0.00 ddelta=[-0.0011 -0.0019 -0.0016]
INFO  [mc_indi_tiltrotor] T0dbg1 G0=[-0.352 0.223 -0.050 0.307 -0.952] nu_des=[0.01 0.32 -0.01 -0.08 0.20]
INFO  [mc_indi_tiltrotor] T0dbg2 Ws34=[0.1 20.0] Wu0=1.0 du0=0.1662 dmin0=-17.0602 dmax0=27.9398
INFO  [mc_indi_tiltrotor] T2dbg1 G2=[-0.000 -0.550 0.060 0.006 -1.000] G5=[-0.952 -1.062 -0.005 15.864 0.088]
INFO  [mc_indi_tiltrotor] T2dbg2 Wu25=[1.0 1000000.0] du25=[-0.4762 -0.0046] dmax25=[29.1359 -0.0010] nu_yaw=-0.007
INFO  [mc_indi_tiltrotor] WRdbg0 Wu0=1 lo0=-17.06 du0=0.1662 pin0=0.041 a0=[-0.010 0.206 0.000 -0.000 -0.071]
INFO  [mc_indi_tiltrotor] WRdbg1 Wu1=1 lo1=-16.95 du1=0.1588 pin1=0.016 a1=[0.010 0.204 0.000 -0.000 -0.071]
INFO  [mc_indi_tiltrotor] T0dbg1 G0=[-0.350 0.218 -0.059 0.331 -0.944] nu_des=[0.01 0.31 -0.02 0.13 0.22]
INFO  [mc_indi_tiltrotor] T0dbg2 Ws34=[0.1 20.0] Wu0=1.0 du0=0.1442 dmin0=-16.9597 dmax0=28.0403
INFO  [mc_indi_tiltrotor] T2dbg1 G2=[-0.000 -0.550 0.060 0.006 -1.000] G5=[-0.939 -1.045 -0.005 15.649 0.092]
INFO  [mc_indi_tiltrotor] T2dbg2 Wu25=[1.0 1000000.0] du25=[-0.4676 -0.0059] dmax25=[29.3512 -0.0042] nu_yaw=-0.019
INFO  [mc_indi_tiltrotor] WRdbg0 Wu0=1 lo0=-16.96 du0=0.1442 pin0=0.029 a0=[-0.011 0.206 0.000 0.000 -0.080]
INFO  [mc_indi_tiltrotor] WRdbg1 Wu1=1 lo1=-16.79 du1=0.1397 pin1=0.005 a1=[0.010 0.203 0.000 0.000 -0.079]
INFO  [mc_indi_tiltrotor] YWdbg nu2=-0.009 ach2=-0.018 r=-0.01 wsp2=-0.03 ddelta=[-0.0006 -0.0024 -0.0030]
INFO  [mc_indi_tiltrotor] T0dbg1 G0=[-0.348 0.213 -0.068 0.355 -0.935] nu_des=[0.00 0.00 -0.00 0.39 0.21]
INFO  [mc_indi_tiltrotor] T0dbg2 Ws34=[0.1 20.0] Wu0=1.0 du0=-0.0655 dmin0=-16.9152 dmax0=28.0848
INFO  [mc_indi_tiltrotor] T2dbg1 G2=[-0.000 -0.550 0.060 0.006 -1.000] G5=[-0.929 -1.033 -0.005 15.477 0.092]
INFO  [mc_indi_tiltrotor] T2dbg2 Wu25=[1.0 1000000.0] du25=[-0.0725 -0.0004] dmax25=[29.5229 -0.0004] nu_yaw=-0.004
INFO  [mc_indi_tiltrotor] WRdbg0 Wu0=1 lo0=-16.92 du0=-0.0655 pin0=0.013 a0=[-0.006 0.003 0.000 0.000 -0.075]
INFO  [mc_indi_tiltrotor] WRdbg1 Wu1=1 lo1=-16.72 du1=-0.0593 pin1=0.007 a1=[0.006 0.003 -0.000 0.000 -0.074]
INFO  [mc_indi_tiltrotor] T0dbg1 G0=[-0.346 0.208 -0.078 0.381 -0.925] nu_des=[0.00 -0.11 -0.01 0.75 0.19]
INFO  [mc_indi_tiltrotor] T0dbg2 Ws34=[0.1 20.0] Wu0=1.0 du0=-0.0378 dmin0=-16.5631 dmax0=28.4369
INFO  [mc_indi_tiltrotor] T2dbg1 G2=[-0.000 -0.551 0.060 0.008 -1.000] G5=[-0.928 -1.019 -0.007 15.470 0.116]
INFO  [mc_indi_tiltrotor] T2dbg2 Wu25=[1.0 8.8] du25=[0.0228 0.0017] dmax25=[29.5301 0.0036] nu_yaw=-0.007
INFO  [mc_indi_tiltrotor] WRdbg0 Wu0=1 lo0=-16.56 du0=-0.0378 pin0=0.113 a0=[-0.004 -0.076 0.000 -0.000 -0.070]
INFO  [mc_indi_tiltrotor] WRdbg1 Wu1=1 lo1=-16.32 du1=-0.0554 pin1=0.073 a1=[0.004 -0.066 -0.000 0.001 -0.068]
INFO  [mc_indi_tiltrotor] YWdbg nu2=-0.002 ach2=0.009 r=-0.01 wsp2=-0.03 ddelta=[0.0120 0.0120 0.0026]
INFO  [mc_indi_tiltrotor] T0dbg1 G0=[-0.344 0.202 -0.088 0.408 -0.913] nu_des=[0.01 -0.20 -0.02 1.23 0.24]
INFO  [mc_indi_tiltrotor] T0dbg2 Ws34=[0.1 20.0] Wu0=1.0 du0=-0.1333 dmin0=-16.0389 dmax0=28.9611
INFO  [mc_indi_tiltrotor] T2dbg1 G2=[-0.001 -0.551 0.060 0.009 -1.000] G5=[-0.932 -1.007 -0.009 15.528 0.146]
INFO  [mc_indi_tiltrotor] T2dbg2 Wu25=[1.0 8.7] du25=[0.1252 0.0044] dmax25=[29.4709 0.0056] nu_yaw=-0.019
INFO  [mc_indi_tiltrotor] WRdbg0 Wu0=1 lo0=-16.04 du0=-0.1333 pin0=0.117 a0=[-0.013 -0.144 0.000 -0.000 -0.093]
INFO  [mc_indi_tiltrotor] WRdbg1 Wu1=1 lo1=-15.74 du1=-0.1237 pin1=0.077 a1=[0.012 -0.124 -0.000 0.001 -0.089]
INFO  [mc_indi_tiltrotor] T0dbg1 G0=[-0.341 0.196 -0.098 0.434 -0.901] nu_des=[0.00 0.21 -0.03 0.96 0.28]
INFO  [mc_indi_tiltrotor] T0dbg2 Ws34=[0.1 20.0] Wu0=1.0 du0=0.1145 dmin0=-15.3770 dmax0=29.6230
INFO  [mc_indi_tiltrotor] T2dbg1 G2=[-0.001 -0.551 0.060 0.011 -1.000] G5=[-0.921 -0.981 -0.010 15.351 0.171]
INFO  [mc_indi_tiltrotor] T2dbg2 Wu25=[1.0 1000000.0] du25=[-0.3838 -0.0039] dmax25=[29.6479 -0.0003] nu_yaw=-0.031
INFO  [mc_indi_tiltrotor] WRdbg0 Wu0=1 lo0=-15.38 du0=0.1145 pin0=0.080 a0=[-0.006 0.149 0.000 0.000 -0.108]
INFO  [mc_indi_tiltrotor] WRdbg1 Wu1=1 lo1=-15.01 du1=0.0876 pin1=0.043 a1=[0.006 0.144 -0.000 0.000 -0.105]
INFO  [mc_indi_tiltrotor] YWdbg nu2=-0.031 ach2=-0.055 r=0.00 wsp2=-0.03 ddelta=[0.0048 0.0030 -0.0050]
INFO  [mc_indi_tiltrotor] forward transition: state 1 -> 2 (v_h=8.0 m/s, fx=12.0 N, tilt=26.6 deg)
INFO  [mc_indi_tiltrotor] T0dbg1 G0=[-0.339 0.189 -0.107 0.459 -0.889] nu_des=[0.01 -0.06 -0.01 1.61 0.20]
INFO  [mc_indi_tiltrotor] T0dbg2 Ws34=[0.1 20.0] Wu0=1.0 du0=-0.0788 dmin0=-14.8570 dmax0=30.1430
INFO  [mc_indi_tiltrotor] T2dbg1 G2=[-0.001 -0.551 0.060 0.013 -1.000] G5=[-0.874 -0.916 -0.011 14.560 0.188]
INFO  [mc_indi_tiltrotor] T2dbg2 Wu25=[1.0 8.7] du25=[-0.0057 0.0015] dmax25=[30.4384 0.0021] nu_yaw=-0.008
INFO  [mc_indi_tiltrotor] WRdbg0 Wu0=1 lo0=-14.86 du0=-0.0788 pin0=0.069 a0=[-0.020 -0.047 0.000 -0.000 -0.080]
INFO  [mc_indi_tiltrotor] WRdbg1 Wu1=1 lo1=-14.44 du1=-0.0572 pin1=0.041 a1=[0.018 -0.040 -0.000 0.001 -0.076]
INFO  [mc_indi_tiltrotor] T0dbg1 G0=[-0.335 0.183 -0.117 0.484 -0.875] nu_des=[0.01 -0.30 -0.02 1.39 0.30]
INFO  [mc_indi_tiltrotor] T0dbg2 Ws34=[0.1 20.0] Wu0=1.0 du0=-0.2292 dmin0=-14.1614 dmax0=30.8386
INFO  [mc_indi_tiltrotor] T2dbg1 G2=[-0.001 -0.551 0.060 0.016 -1.000] G5=[-0.883 -0.901 -0.014 14.718 0.234]
INFO  [mc_indi_tiltrotor] T2dbg2 Wu25=[1.0 1000000.0] du25=[0.2467 0.0040] dmax25=[30.2805 0.0076] nu_yaw=-0.018
INFO  [mc_indi_tiltrotor] WRdbg0 Wu0=1 lo0=-14.16 du0=-0.2292 pin0=0.119 a0=[-0.012 -0.218 0.000 0.000 -0.118]
INFO  [mc_indi_tiltrotor] WRdbg1 Wu1=1 lo1=-13.71 du1=-0.2155 pin1=0.095 a1=[0.011 -0.208 -0.000 0.000 -0.113]
INFO  [mc_indi_tiltrotor] YWdbg nu2=-0.018 ach2=0.031 r=0.00 wsp2=-0.04 ddelta=[0.0120 0.0120 0.0050]
INFO  [mc_indi_tiltrotor] T0dbg1 G0=[-0.332 0.176 -0.127 0.511 -0.860] nu_des=[0.00 0.47 -0.04 1.22 0.40]
INFO  [mc_indi_tiltrotor] T0dbg2 Ws34=[0.1 20.0] Wu0=1.0 du0=0.2389 dmin0=-13.5121 dmax0=31.4879
INFO  [mc_indi_tiltrotor] T2dbg1 G2=[-0.001 -0.551 0.060 0.019 -1.000] G5=[-0.883 -0.878 -0.017 14.716 0.277]
INFO  [mc_indi_tiltrotor] T2dbg2 Wu25=[1.0 1000000.0] du25=[-0.7406 -0.0063] dmax25=[30.2812 -0.0027] nu_yaw=-0.037
INFO  [mc_indi_tiltrotor] WRdbg0 Wu0=1 lo0=-13.51 du0=0.2389 pin0=0.049 a0=[-0.001 0.354 0.000 0.000 -0.163]
INFO  [mc_indi_tiltrotor] WRdbg1 Wu1=1 lo1=-13.01 du1=0.1945 pin1=0.014 a1=[0.001 0.335 0.000 0.000 -0.155]
INFO  [mc_indi_tiltrotor] T0dbg1 G0=[-0.328 0.169 -0.137 0.535 -0.845] nu_des=[0.02 -0.11 -0.01 0.59 0.20]
INFO  [mc_indi_tiltrotor] T0dbg2 Ws34=[0.1 20.0] Wu0=1.0 du0=-0.1048 dmin0=-12.8830 dmax0=32.1170
INFO  [mc_indi_tiltrotor] T2dbg1 G2=[-0.001 -0.551 0.060 0.020 -1.000] G5=[-0.863 -0.851 -0.017 14.387 0.285]
INFO  [mc_indi_tiltrotor] T2dbg2 Wu25=[1.0 8.5] du25=[0.0522 0.0020] dmax25=[30.6105 0.0037] nu_yaw=-0.015
INFO  [mc_indi_tiltrotor] WRdbg0 Wu0=1 lo0=-12.88 du0=-0.1048 pin0=0.090 a0=[-0.030 -0.082 0.000 -0.000 -0.083]
INFO  [mc_indi_tiltrotor] WRdbg1 Wu1=1 lo1=-12.32 du1=-0.0754 pin1=0.047 a1=[0.025 -0.070 -0.000 0.001 -0.077]
INFO  [mc_indi_tiltrotor] YWdbg nu2=-0.013 ach2=-0.015 r=0.01 wsp2=-0.05 ddelta=[0.0048 0.0006 -0.0003]
INFO  [mc_indi_tiltrotor] T0dbg1 G0=[-0.323 0.162 -0.147 0.561 -0.828] nu_des=[0.01 -0.20 -0.03 0.09 0.29]
INFO  [mc_indi_tiltrotor] T0dbg2 Ws34=[0.1 20.0] Wu0=1.0 du0=-0.1823 dmin0=-11.9935 dmax0=33.0065
INFO  [mc_indi_tiltrotor] T2dbg1 G2=[-0.001 -0.551 0.060 0.022 -1.000] G5=[-0.885 -0.853 -0.020 14.745 0.326]
INFO  [mc_indi_tiltrotor] T2dbg2 Wu25=[1.0 1000000.0] du25=[0.1363 0.0027] dmax25=[30.2509 0.0063] nu_yaw=-0.033
INFO  [mc_indi_tiltrotor] WRdbg0 Wu0=1 lo0=-11.99 du0=-0.1823 pin0=0.121 a0=[-0.020 -0.158 0.000 0.000 -0.126]
INFO  [mc_indi_tiltrotor] WRdbg1 Wu1=1 lo1=-11.42 du1=-0.1555 pin1=0.093 a1=[0.017 -0.147 0.000 0.000 -0.118]
INFO  [mc_indi_tiltrotor] T0dbg1 G0=[-0.319 0.154 -0.156 0.586 -0.810] nu_des=[0.01 0.11 -0.04 -0.55 0.27]
INFO  [mc_indi_tiltrotor] T0dbg2 Ws34=[0.1 20.0] Wu0=1.0 du0=-0.0244 dmin0=-11.4779 dmax0=33.5221
INFO  [mc_indi_tiltrotor] T2dbg1 G2=[-0.001 -0.551 0.060 0.021 -1.000] G5=[-0.867 -0.844 -0.018 14.453 0.305]
INFO  [mc_indi_tiltrotor] T2dbg2 Wu25=[1.0 1000000.0] du25=[-0.2122 -0.0052] dmax25=[30.5437 -0.0052] nu_yaw=-0.040
INFO  [mc_indi_tiltrotor] WRdbg0 Wu0=1 lo0=-11.48 du0=-0.0244 pin0=0.022 a0=[-0.018 0.087 0.000 -0.000 -0.117]
INFO  [mc_indi_tiltrotor] WRdbg1 Wu1=1 lo1=-10.82 du1=-0.0278 pin1=-0.015 a1=[0.015 0.081 0.000 -0.000 -0.109]
INFO  [mc_indi_tiltrotor] YWdbg nu2=-0.046 ach2=-0.051 r=0.01 wsp2=-0.06 ddelta=[0.0066 0.0048 -0.0065]
INFO  [mc_indi_tiltrotor] T0dbg1 G0=[-0.314 0.147 -0.166 0.611 -0.792] nu_des=[0.01 -0.30 -0.03 -0.90 0.31]
INFO  [mc_indi_tiltrotor] T0dbg2 Ws34=[0.1 20.0] Wu0=1.0 du0=-0.2843 dmin0=-10.6364 dmax0=34.3636
INFO  [mc_indi_tiltrotor] T2dbg1 G2=[-0.001 -0.551 0.060 0.021 -1.000] G5=[-0.888 -0.865 -0.019 14.807 0.311]
INFO  [mc_indi_tiltrotor] T2dbg2 Wu25=[1.0 8.3] du25=[0.2710 0.0060] dmax25=[30.1893 0.0066] nu_yaw=-0.031
INFO  [mc_indi_tiltrotor] WRdbg0 Wu0=1 lo0=-10.64 du0=-0.2843 pin0=0.123 a0=[-0.015 -0.254 0.001 0.000 -0.140]
INFO  [mc_indi_tiltrotor] WRdbg1 Wu1=1 lo1=-9.96 du1=-0.2459 pin1=0.082 a1=[0.012 -0.211 -0.002 -0.001 -0.126]
INFO  [mc_indi_tiltrotor] T0dbg1 G0=[-0.308 0.139 -0.176 0.635 -0.772] nu_des=[0.01 0.27 -0.04 -1.33 0.33]
INFO  [mc_indi_tiltrotor] T0dbg2 Ws34=[0.1 20.0] Wu0=1.0 du0=0.0980 dmin0=-10.0855 dmax0=34.9145
INFO  [mc_indi_tiltrotor] T2dbg1 G2=[-0.001 -0.551 0.060 0.018 -1.000] G5=[-0.892 -0.893 -0.016 14.870 0.269]
INFO  [mc_indi_tiltrotor] T2dbg2 Wu25=[1.0 1000000.0] du25=[-0.4477 -0.0082] dmax25=[30.1278 -0.0082] nu_yaw=-0.041
INFO  [mc_indi_tiltrotor] WRdbg0 Wu0=1 lo0=-10.09 du0=0.0980 pin0=0.028 a0=[-0.010 0.232 0.000 -0.000 -0.153]
INFO  [mc_indi_tiltrotor] WRdbg1 Wu1=1 lo1=-9.33 du1=0.0658 pin1=-0.013 a1=[0.008 0.210 0.000 -0.000 -0.139]
INFO  [mc_indi_tiltrotor] YWdbg nu2=-0.045 ach2=0.012 r=0.01 wsp2=-0.06 ddelta=[0.0120 0.0120 -0.0002]
INFO  [mc_indi_tiltrotor] T0dbg1 G0=[-0.303 0.131 -0.185 0.658 -0.753] nu_des=[0.02 -0.22 -0.03 -1.50 0.22]
INFO  [mc_indi_tiltrotor] T0dbg2 Ws34=[0.1 20.0] Wu0=1.0 du0=-0.2066 dmin0=-9.3819 dmax0=35.6181
INFO  [mc_indi_tiltrotor] T2dbg1 G2=[-0.001 -0.551 0.060 0.015 -1.000] G5=[-0.921 -0.947 -0.014 15.348 0.232]
INFO  [mc_indi_tiltrotor] T2dbg2 Wu25=[1.0 8.2] du25=[0.1914 0.0029] dmax25=[29.6501 0.0041] nu_yaw=-0.029
INFO  [mc_indi_tiltrotor] WRdbg0 Wu0=1 lo0=-9.38 du0=-0.2066 pin0=0.122 a0=[-0.029 -0.193 0.001 0.001 -0.108]
INFO  [mc_indi_tiltrotor] WRdbg1 Wu1=1 lo1=-8.58 du1=-0.1537 pin1=0.079 a1=[0.022 -0.155 -0.002 -0.002 -0.095]
INFO  [mc_indi_tiltrotor] T0dbg1 G0=[-0.298 0.123 -0.194 0.680 -0.734] nu_des=[0.01 0.01 -0.06 -1.64 0.13]
INFO  [mc_indi_tiltrotor] T0dbg2 Ws34=[0.1 20.0] Wu0=1.0 du0=0.0133 dmin0=-8.7897 dmax0=36.0000
INFO  [mc_indi_tiltrotor] T2dbg1 G2=[-0.001 -0.551 0.060 0.010 -1.000] G5=[-0.962 -1.032 -0.010 16.028 0.163]
INFO  [mc_indi_tiltrotor] T2dbg2 Wu25=[1.0 8.2] du25=[-0.0612 -0.0016] dmax25=[28.9711 0.0002] nu_yaw=-0.059
INFO  [mc_indi_tiltrotor] WRdbg0 Wu0=1 lo0=-8.79 du0=0.0133 pin0=-0.019 a0=[-0.009 0.004 0.076 -0.002 -0.038]
INFO  [mc_indi_tiltrotor] WRdbg1 Wu1=1 lo1=-7.92 du1=-0.0246 pin1=-0.020 a1=[0.020 0.007 0.017 -0.003 -0.047]
INFO  [mc_indi_tiltrotor] YWdbg nu2=-0.031 ach2=-0.019 r=0.01 wsp2=-0.07 ddelta=[0.0120 0.0009 0.0013]
INFO  [mc_indi_tiltrotor] T0dbg1 G0=[-0.293 0.117 -0.201 0.697 -0.717] nu_des=[0.01 -0.07 -0.02 -2.28 0.21]
INFO  [mc_indi_tiltrotor] T0dbg2 Ws34=[0.1 20.0] Wu0=1.0 du0=-0.1156 dmin0=-8.8127 dmax0=36.0000
INFO  [mc_indi_tiltrotor] T2dbg1 G2=[-0.000 -0.550 0.060 0.005 -1.000] G5=[-0.977 -1.091 -0.005 16.286 0.089]
INFO  [mc_indi_tiltrotor] T2dbg2 Wu25=[1.0 1000000.0] du25=[0.0272 -0.0004] dmax25=[28.7134 -0.0004] nu_yaw=-0.020
INFO  [mc_indi_tiltrotor] WRdbg0 Wu0=1 lo0=-8.81 du0=-0.1156 pin0=0.063 a0=[-0.014 -0.061 0.000 -0.000 -0.104]
INFO  [mc_indi_tiltrotor] WRdbg1 Wu1=1 lo1=-7.87 du1=-0.1212 pin1=0.013 a1=[0.011 -0.054 0.000 -0.000 -0.091]
INFO  [mc_indi_tiltrotor] T0dbg1 G0=[-0.291 0.114 -0.204 0.705 -0.709] nu_des=[0.00 0.07 -0.06 -1.70 -0.01]
INFO  [mc_indi_tiltrotor] T0dbg2 Ws34=[0.1 20.0] Wu0=1.0 du0=0.0319 dmin0=-7.9404 dmax0=36.0000
INFO  [mc_indi_tiltrotor] T2dbg1 G2=[-0.000 -0.550 0.060 0.003 -1.000] G5=[-1.046 -1.191 -0.003 17.426 0.053]
INFO  [mc_indi_tiltrotor] T2dbg2 Wu25=[1.0 1000000.0] du25=[-0.0650 -0.0030] dmax25=[27.5742 -0.0013] nu_yaw=-0.064
INFO  [mc_indi_tiltrotor] WRdbg0 Wu0=1 lo0=-7.94 du0=0.0319 pin0=-0.030 a0=[-0.006 0.062 0.000 -0.000 0.006]
INFO  [mc_indi_tiltrotor] WRdbg1 Wu1=1 lo1=-7.01 du1=0.0050 pin1=-0.058 a1=[0.004 0.053 0.000 -0.000 0.005]
INFO  [mc_indi_tiltrotor] YWdbg nu2=-0.034 ach2=0.002 r=0.01 wsp2=-0.08 ddelta=[0.0042 0.0024 0.0055]
INFO  [mc_indi_tiltrotor] T0dbg1 G0=[-0.291 0.115 -0.203 0.702 -0.712] nu_des=[-0.01 0.00 -0.04 -1.73 0.10]
INFO  [mc_indi_tiltrotor] T0dbg2 Ws34=[0.1 20.0] Wu0=1.0 du0=0.0253 dmin0=-7.7951 dmax0=36.0000
INFO  [mc_indi_tiltrotor] T2dbg1 G2=[-0.000 -0.550 0.060 0.003 -1.000] G5=[-1.155 -1.319 -0.003 19.244 0.052]
INFO  [mc_indi_tiltrotor] T2dbg2 Wu25=[1.0 1000000.0] du25=[-0.0413 0.0015] dmax25=[25.7562 0.0051] nu_yaw=-0.038
INFO  [mc_indi_tiltrotor] WRdbg0 Wu0=1 lo0=-7.80 du0=0.0253 pin0=0.054 a0=[0.020 0.001 0.000 -0.000 -0.049]
INFO  [mc_indi_tiltrotor] WRdbg1 Wu1=1 lo1=-6.83 du1=-0.0374 pin1=0.020 a1=[-0.015 0.001 0.000 -0.000 -0.043]
INFO  [mc_indi_tiltrotor] T0dbg1 G0=[-0.291 0.114 -0.204 0.704 -0.710] nu_des=[0.00 0.17 -0.04 -2.14 0.03]
INFO  [mc_indi_tiltrotor] T0dbg2 Ws34=[0.1 20.0] Wu0=1.0 du0=0.0355 dmin0=-8.0186 dmax0=36.0000
INFO  [mc_indi_tiltrotor] T2dbg1 G2=[-0.000 -0.550 0.060 0.001 -1.000] G5=[-1.165 -1.346 -0.001 19.414 0.024]
INFO  [mc_indi_tiltrotor] T2dbg2 Wu25=[1.0 1000000.0] du25=[-0.2064 -0.0012] dmax25=[25.5861 0.0005] nu_yaw=-0.042
INFO  [mc_indi_tiltrotor] WRdbg0 Wu0=1 lo0=-8.02 du0=0.0355 pin0=-0.095 a0=[-0.009 0.156 0.000 -0.000 -0.017]
INFO  [mc_indi_tiltrotor] WRdbg1 Wu1=1 lo1=-7.01 du1=0.0616 pin1=-0.064 a1=[0.006 0.133 0.000 -0.000 -0.015]
INFO  [mc_indi_tiltrotor] YWdbg nu2=-0.030 ach2=0.003 r=0.00 wsp2=-0.08 ddelta=[0.0053 0.0016 0.0008]
INFO  [mc_indi_tiltrotor] T0dbg1 G0=[-0.292 0.116 -0.202 0.699 -0.715] nu_des=[-0.00 0.00 -0.04 -2.08 -0.02]
INFO  [mc_indi_tiltrotor] T0dbg2 Ws34=[0.1 20.0] Wu0=1.0 du0=0.0053 dmin0=-7.8811 dmax0=36.0000
INFO  [mc_indi_tiltrotor] T2dbg1 G2=[-0.000 -0.550 0.060 0.001 -1.000] G5=[-1.198 -1.382 -0.002 19.965 0.028]
INFO  [mc_indi_tiltrotor] T2dbg2 Wu25=[1.0 8.3] du25=[0.0121 -0.0006] dmax25=[25.0349 0.0003] nu_yaw=-0.037
INFO  [mc_indi_tiltrotor] WRdbg0 Wu0=1 lo0=-7.88 du0=0.0053 pin0=-0.014 a0=[0.003 0.003 0.001 0.001 0.010]
INFO  [mc_indi_tiltrotor] WRdbg1 Wu1=1 lo1=-6.87 du1=-0.0241 pin1=-0.026 a1=[-0.002 0.002 -0.004 -0.004 0.009]
INFO  [mc_indi_tiltrotor] T0dbg1 G0=[-0.294 0.119 -0.198 0.691 -0.723] nu_des=[-0.01 -0.13 -0.05 -2.04 0.16]
INFO  [mc_indi_tiltrotor] T0dbg2 Ws34=[0.1 20.0] Wu0=1.0 du0=-0.1639 dmin0=-7.7834 dmax0=36.0000
INFO  [mc_indi_tiltrotor] T2dbg1 G2=[-0.000 -0.550 0.060 0.003 -1.000] G5=[-1.255 -1.433 -0.003 20.912 0.056]
INFO  [mc_indi_tiltrotor] T2dbg2 Wu25=[1.0 1000000.0] du25=[0.1185 0.0061] dmax25=[24.0883 0.0097] nu_yaw=-0.046
INFO  [mc_indi_tiltrotor] WRdbg0 Wu0=1 lo0=-7.78 du0=-0.1639 pin0=0.012 a0=[0.020 -0.117 0.000 -0.000 -0.079]
INFO  [mc_indi_tiltrotor] WRdbg1 Wu1=1 lo1=-6.81 du1=-0.1593 pin1=0.023 a1=[-0.015 -0.100 0.000 -0.000 -0.068]
INFO  [mc_indi_tiltrotor] YWdbg nu2=-0.065 ach2=-0.051 r=0.01 wsp2=-0.08 ddelta=[-0.0048 -0.0120 -0.0030]
INFO  [mc_indi_tiltrotor] fixed-wing mode: state 0 -> 1 (v_fwd=14.1 m/s, tilt=43.4 deg)
INFO  [mc_indi_tiltrotor] fixed-wing mode: state 1 -> 2 (v_fwd=9.5 m/s, tilt=90.0 deg)
WARN  [mc_indi_tiltrotor] forward transition WARNING (altitude band) -- CONTINUING (abort disabled): dz=-5.0 m, t_ramp=6.7 s, 
INFO  [mc_indi_tiltrotor] fixed-wing mode: state 2 -> 3 (v_fwd=15.9 m/s, tilt=90.0 deg)
INFO  [mc_indi_tiltrotor] forward transition: state 2 -> 0 (v_h=15.9 m/s, fx=0.0 N, tilt=90.0 deg)
INFO  [mc_indi_tiltrotor] back-transition: state 0 -> 1 (v_h=15.9, v_fwd=+15.9 m/s, ceil=90.0 deg)
INFO  [mc_indi_tiltrotor] back-transition: state 1 -> 2 (v_h=10.0, v_fwd=+10.0 m/s, ceil=76.2 deg)
INFO  [mc_indi_tiltrotor] fixed-wing mode: state 3 -> 0 (v_fwd=10.5 m/s, tilt=0.0 deg)
INFO  [mc_indi_tiltrotor] T0dbg1 G0=[-0.353 0.264 0.042 0.052 -0.999] nu_des=[-0.00 0.18 -0.03 -0.00 -102.66]
INFO  [mc_indi_tiltrotor] T0dbg2 Ws34=[0.1 20.0] Wu0=1.0 du0=34.8027 dmin0=-0.0000 dmax0=36.0000
INFO  [mc_indi_tiltrotor] T2dbg1 G2=[-0.000 -0.550 0.060 0.000 -1.000] G5=[-0.000 -0.000 -0.000 0.000 0.000]
INFO  [mc_indi_tiltrotor] T2dbg2 Wu25=[1.0 1000000.0] du25=[33.0650 -0.0000] dmax25=[36.0000 -0.0000] nu_yaw=-0.027
INFO  [mc_indi_tiltrotor] WRdbg0 Wu0=1 lo0=-0.00 du0=34.8027 pin0=0.000 a0=[0.002 0.111 -0.000 0.000 34.690]
INFO  [mc_indi_tiltrotor] WRdbg1 Wu1=1 lo1=-0.00 du1=34.7997 pin1=0.000 a1=[-0.002 0.111 -0.000 0.000 34.690]
INFO  [mc_indi_tiltrotor] T0dbg1 G0=[-0.355 0.245 -0.007 0.187 -0.982] nu_des=[0.00 0.42 0.21 -4.93 0.45]
INFO  [mc_indi_tiltrotor] T0dbg2 Ws34=[0.1 20.0] Wu0=1.0 du0=0.0919 dmin0=-13.5112 dmax0=31.4888
INFO  [mc_indi_tiltrotor] T2dbg1 G2=[-0.000 -0.550 0.060 0.001 -1.000] G5=[-1.248 -1.446 -0.001 20.798 0.018]
INFO  [mc_indi_tiltrotor] T2dbg2 Wu25=[1.0 1000000.0] du25=[-0.6522 -0.0008] dmax25=[24.2021 0.0009] nu_yaw=0.206
INFO  [mc_indi_tiltrotor] WRdbg0 Wu0=1 lo0=-13.51 du0=0.0919 pin0=-0.016 a0=[-0.002 0.268 0.000 -0.000 -0.158]
INFO  [mc_indi_tiltrotor] WRdbg1 Wu1=1 lo1=-12.25 du1=0.0955 pin1=-0.017 a1=[0.002 0.268 0.000 -0.000 -0.158]
INFO  [mc_indi_tiltrotor] YWdbg nu2=-0.064 ach2=-0.060 r=-0.28 wsp2=-0.41 ddelta=[0.0068 -0.0041 -0.0001]
INFO  [mc_indi_tiltrotor] T0dbg1 G0=[-0.355 0.245 -0.005 0.184 -0.983] nu_des=[0.02 0.18 -0.14 -4.80 0.40]
INFO  [mc_indi_tiltrotor] T0dbg2 Ws34=[0.1 20.0] Wu0=1.0 du0=-0.0764 dmin0=-12.1209 dmax0=32.8791
INFO  [mc_indi_tiltrotor] T2dbg1 G2=[-0.000 -0.550 0.060 0.000 -1.000] G5=[-1.010 -1.178 -0.000 16.828 0.000]
INFO  [mc_indi_tiltrotor] T2dbg2 Wu25=[1.0 1000000.0] du25=[-0.3240 -0.0000] dmax25=[28.1725 0.0018] nu_yaw=-0.139
INFO  [mc_indi_tiltrotor] WRdbg0 Wu0=1 lo0=-12.12 du0=-0.0764 pin0=-0.028 a0=[-0.022 0.114 -0.000 -0.000 -0.141]
INFO  [mc_indi_tiltrotor] WRdbg1 Wu1=1 lo1=-12.03 du1=-0.0383 pin1=-0.034 a1=[0.022 0.114 -0.000 -0.000 -0.141]
INFO  [mc_indi_tiltrotor] T0dbg1 G0=[-0.355 0.240 -0.017 0.217 -0.976] nu_des=[0.00 -0.00 -0.17 -4.26 0.11]
INFO  [mc_indi_tiltrotor] T0dbg2 Ws34=[0.1 20.0] Wu0=1.0 du0=-0.0476 dmin0=-10.7217 dmax0=34.2783
INFO  [mc_indi_tiltrotor] T2dbg1 G2=[-0.000 -0.550 0.060 0.000 -1.000] G5=[-0.863 -1.006 -0.000 14.378 0.001]
INFO  [mc_indi_tiltrotor] T2dbg2 Wu25=[1.0 1000000.0] du25=[-0.0276 -0.0000] dmax25=[30.6225 0.0018] nu_yaw=-0.170
INFO  [mc_indi_tiltrotor] WRdbg0 Wu0=1 lo0=-10.72 du0=-0.0476 pin0=-0.002 a0=[-0.007 -0.000 -0.000 -0.000 -0.039]
INFO  [mc_indi_tiltrotor] WRdbg1 Wu1=1 lo1=-10.74 du1=-0.0400 pin1=-0.008 a1=[0.007 -0.000 -0.000 -0.000 -0.039]
INFO  [mc_indi_tiltrotor] YWdbg nu2=-0.110 ach2=-0.063 r=-0.02 wsp2=-0.27 ddelta=[0.0120 -0.0064 -0.0003]
INFO  [mc_indi_tiltrotor] T0dbg1 G0=[-0.354 0.236 -0.025 0.238 -0.971] nu_des=[0.00 -0.07 -0.08 -4.19 0.08]
INFO  [mc_indi_tiltrotor] T0dbg2 Ws34=[0.1 20.0] Wu0=1.0 du0=-0.0531 dmin0=-10.7410 dmax0=34.2590
INFO  [mc_indi_tiltrotor] T2dbg1 G2=[-0.000 -0.550 0.060 0.000 -1.000] G5=[-0.795 -0.926 -0.000 13.249 0.002]
INFO  [mc_indi_tiltrotor] T2dbg2 Wu25=[1.0 1000000.0] du25=[0.0495 -0.0001] dmax25=[31.7512 0.0017] nu_yaw=-0.082
INFO  [mc_indi_tiltrotor] WRdbg0 Wu0=1 lo0=-10.74 du0=-0.0531 pin0=0.025 a0=[-0.007 -0.044 -0.000 -0.000 -0.027]
INFO  [mc_indi_tiltrotor] WRdbg1 Wu1=1 lo1=-10.64 du1=-0.0479 pin1=0.016 a1=[0.007 -0.044 -0.000 -0.000 -0.026]
INFO  [mc_indi_tiltrotor] T0dbg1 G0=[-0.354 0.232 -0.034 0.262 -0.965] nu_des=[0.00 -0.07 -0.08 -4.39 0.07]
INFO  [mc_indi_tiltrotor] T0dbg2 Ws34=[0.1 20.0] Wu0=1.0 du0=-0.0405 dmin0=-10.8507 dmax0=34.1493
INFO  [mc_indi_tiltrotor] T2dbg1 G2=[-0.000 -0.550 0.060 0.000 -1.000] G5=[-0.753 -0.878 -0.000 12.551 0.001]
INFO  [mc_indi_tiltrotor] T2dbg2 Wu25=[1.0 1000000.0] du25=[0.0508 -0.0001] dmax25=[32.4492 0.0017] nu_yaw=-0.080
INFO  [mc_indi_tiltrotor] WRdbg0 Wu0=1 lo0=-10.85 du0=-0.0405 pin0=0.026 a0=[-0.000 -0.043 -0.000 -0.000 -0.024]
INFO  [mc_indi_tiltrotor] WRdbg1 Wu1=1 lo1=-10.84 du1=-0.0515 pin1=0.014 a1=[0.000 -0.043 -0.000 -0.000 -0.024]
INFO  [mc_indi_tiltrotor] YWdbg nu2=-0.074 ach2=-0.038 r=-0.06 wsp2=-0.19 ddelta=[0.0065 -0.0034 -0.0001]
INFO  [mc_indi_tiltrotor] T0dbg1 G0=[-0.353 0.229 -0.040 0.278 -0.961] nu_des=[-0.01 -0.10 -0.08 -4.53 0.07]
INFO  [mc_indi_tiltrotor] T0dbg2 Ws34=[0.1 20.0] Wu0=1.0 du0=-0.0425 dmin0=-11.0089 dmax0=33.9911
INFO  [mc_indi_tiltrotor] T2dbg1 G2=[-0.000 -0.550 0.060 0.000 -1.000] G5=[-0.717 -0.836 -0.000 11.951 0.000]
INFO  [mc_indi_tiltrotor] T2dbg2 Wu25=[1.0 8.9] du25=[0.0827 0.0007] dmax25=[33.0485 0.0018] nu_yaw=-0.076
INFO  [mc_indi_tiltrotor] WRdbg0 Wu0=1 lo0=-11.01 du0=-0.0425 pin0=0.034 a0=[0.009 -0.063 -0.000 0.001 -0.023]
INFO  [mc_indi_tiltrotor] WRdbg1 Wu1=1 lo1=-11.11 du1=-0.0732 pin1=0.018 a1=[-0.009 -0.058 0.001 -0.002 -0.023]
INFO  [mc_indi_tiltrotor] T0dbg1 G0=[-0.353 0.227 -0.042 0.285 -0.959] nu_des=[-0.01 0.02 -0.06 -4.60 0.00]
INFO  [mc_indi_tiltrotor] T0dbg2 Ws34=[0.1 20.0] Wu0=1.0 du0=0.0224 dmin0=-11.1836 dmax0=33.8164
INFO  [mc_indi_tiltrotor] T2dbg1 G2=[-0.000 -0.550 0.060 0.000 -1.000] G5=[-0.692 -0.808 -0.000 11.541 0.001]
INFO  [mc_indi_tiltrotor] T2dbg2 Wu25=[1.0 1000000.0] du25=[-0.0191 -0.0001] dmax25=[33.4588 0.0017] nu_yaw=-0.061
INFO  [mc_indi_tiltrotor] WRdbg0 Wu0=1 lo0=-11.18 du0=0.0224 pin0=-0.003 a0=[0.016 0.011 0.000 -0.000 -0.002]
INFO  [mc_indi_tiltrotor] WRdbg1 Wu1=1 lo1=-11.30 du1=-0.0090 pin1=-0.003 a1=[-0.015 0.011 0.000 -0.000 -0.002]
INFO  [mc_indi_tiltrotor] YWdbg nu2=-0.033 ach2=-0.076 r=-0.03 wsp2=-0.12 ddelta=[0.0030 0.0014 -0.0003]
INFO  [mc_indi_tiltrotor] T0dbg1 G0=[-0.352 0.226 -0.046 0.295 -0.956] nu_des=[0.01 0.01 -0.00 -4.78 0.02]
INFO  [mc_indi_tiltrotor] T0dbg2 Ws34=[0.1 20.0] Wu0=1.0 du0=-0.0334 dmin0=-11.4188 dmax0=33.5812
INFO  [mc_indi_tiltrotor] T2dbg1 G2=[-0.000 -0.550 0.060 0.000 -1.000] G5=[-0.673 -0.784 -0.000 11.218 0.002]
INFO  [mc_indi_tiltrotor] T2dbg2 Wu25=[1.0 1000000.0] du25=[-0.0004 -0.0002] dmax25=[33.7816 0.0016] nu_yaw=-0.003
INFO  [mc_indi_tiltrotor] WRdbg0 Wu0=1 lo0=-11.42 du0=-0.0334 pin0=0.000 a0=[-0.007 -0.001 0.000 -0.023 -0.003]
INFO  [mc_indi_tiltrotor] WRdbg1 Wu1=1 lo1=-11.51 du1=-0.0067 pin1=-0.000 a1=[0.009 0.002 0.000 -0.014 -0.004]
INFO  [mc_indi_tiltrotor] T0dbg1 G0=[-0.352 0.226 -0.045 0.292 -0.956] nu_des=[0.01 0.04 -0.00 -4.77 0.02]
INFO  [mc_indi_tiltrotor] T0dbg2 Ws34=[0.1 20.0] Wu0=1.0 du0=-0.0308 dmin0=-11.6437 dmax0=33.3563
INFO  [mc_indi_tiltrotor] T2dbg1 G2=[-0.000 -0.550 0.060 0.000 -1.000] G5=[-0.663 -0.772 -0.000 11.058 0.003]
INFO  [mc_indi_tiltrotor] T2dbg2 Wu25=[1.0 1000000.0] du25=[-0.0318 -0.0003] dmax25=[33.9423 0.0015] nu_yaw=-0.001
INFO  [mc_indi_tiltrotor] WRdbg0 Wu0=1 lo0=-11.64 du0=-0.0308 pin0=-0.029 a0=[-0.011 0.018 0.000 -0.002 -0.008]
INFO  [mc_indi_tiltrotor] WRdbg1 Wu1=1 lo1=-11.75 du1=0.0051 pin1=-0.018 a1=[0.011 0.021 0.000 -0.001 -0.008]
INFO  [mc_indi_tiltrotor] YWdbg nu2=-0.029 ach2=0.014 r=-0.02 wsp2=-0.07 ddelta=[-0.0066 -0.0028 -0.0002]
INFO  [mc_indi_tiltrotor] T0dbg1 G0=[-0.353 0.228 -0.041 0.281 -0.960] nu_des=[0.00 -0.02 -0.03 -4.58 -0.02]
INFO  [mc_indi_tiltrotor] T0dbg2 Ws34=[0.1 20.0] Wu0=1.0 du0=-0.0066 dmin0=-11.8165 dmax0=33.1835
INFO  [mc_indi_tiltrotor] T2dbg1 G2=[-0.000 -0.550 0.060 0.000 -1.000] G5=[-0.659 -0.769 -0.000 10.987 0.001]
INFO  [mc_indi_tiltrotor] T2dbg2 Wu25=[1.0 1000000.0] du25=[0.0348 -0.0001] dmax25=[34.0133 0.0017] nu_yaw=-0.029
INFO  [mc_indi_tiltrotor] WRdbg0 Wu0=1 lo0=-11.82 du0=-0.0066 pin0=0.002 a0=[-0.001 -0.014 0.000 -0.000 0.007]
INFO  [mc_indi_tiltrotor] WRdbg1 Wu1=1 lo1=-11.92 du1=-0.0053 pin1=0.001 a1=[0.001 -0.014 0.000 -0.000 0.007]
INFO  [mc_indi_tiltrotor] T0dbg1 G0=[-0.353 0.229 -0.039 0.277 -0.961] nu_des=[0.00 -0.24 0.01 -4.68 0.07]
INFO  [mc_indi_tiltrotor] T0dbg2 Ws34=[0.1 20.0] Wu0=1.0 du0=-0.2083 dmin0=-12.3352 dmax0=32.6648
INFO  [mc_indi_tiltrotor] T2dbg1 G2=[-0.000 -0.550 0.060 0.000 -1.000] G5=[-0.622 -0.723 -0.000 10.368 0.005]
INFO  [mc_indi_tiltrotor] T2dbg2 Wu25=[1.0 1000000.0] du25=[0.2931 0.0013] dmax25=[34.6321 0.0013] nu_yaw=0.008
INFO  [mc_indi_tiltrotor] WRdbg0 Wu0=1 lo0=-12.34 du0=-0.2083 pin0=-0.028 a0=[-0.001 -0.155 -0.000 -0.000 -0.025]
INFO  [mc_indi_tiltrotor] WRdbg1 Wu1=1 lo1=-12.41 du1=-0.1927 pin1=-0.014 a1=[0.001 -0.154 -0.000 -0.000 -0.025]
INFO  [mc_indi_tiltrotor] YWdbg nu2=-0.018 ach2=-0.002 r=-0.01 wsp2=-0.06 ddelta=[-0.0036 -0.0041 -0.0007]
INFO  [mc_indi_tiltrotor] T0dbg1 G0=[-0.353 0.231 -0.035 0.266 -0.964] nu_des=[0.01 0.13 -0.05 -4.45 0.07]
INFO  [mc_indi_tiltrotor] T0dbg2 Ws34=[0.1 20.0] Wu0=1.0 du0=-0.0032 dmin0=-12.1723 dmax0=32.8277
INFO  [mc_indi_tiltrotor] T2dbg1 G2=[-0.000 -0.550 0.060 0.001 -1.000] G5=[-0.660 -0.765 -0.001 10.999 0.009]
INFO  [mc_indi_tiltrotor] T2dbg2 Wu25=[1.0 1000000.0] du25=[-0.1512 -0.0008] dmax25=[34.0010 0.0009] nu_yaw=-0.045
INFO  [mc_indi_tiltrotor] WRdbg0 Wu0=1 lo0=-12.17 du0=-0.0032 pin0=-0.046 a0=[-0.016 0.082 0.000 -0.000 -0.023]
INFO  [mc_indi_tiltrotor] WRdbg1 Wu1=1 lo1=-12.30 du1=0.0438 pin1=-0.029 a1=[0.015 0.081 0.000 -0.000 -0.023]
INFO  [mc_indi_tiltrotor] T0dbg1 G0=[-0.354 0.233 -0.031 0.253 -0.967] nu_des=[-0.01 0.01 -0.06 -4.31 0.00]
INFO  [mc_indi_tiltrotor] T0dbg2 Ws34=[0.1 20.0] Wu0=1.0 du0=0.0228 dmin0=-12.3947 dmax0=32.6053
INFO  [mc_indi_tiltrotor] T2dbg1 G2=[-0.000 -0.550 0.060 0.001 -1.000] G5=[-0.657 -0.763 -0.000 10.942 0.006]
INFO  [mc_indi_tiltrotor] T2dbg2 Wu25=[1.0 1000000.0] du25=[-0.0174 -0.0005] dmax25=[34.0580 0.0013] nu_yaw=-0.059
INFO  [mc_indi_tiltrotor] WRdbg0 Wu0=1 lo0=-12.39 du0=0.0228 pin0=0.001 a0=[0.013 0.009 0.000 -0.000 -0.001]
INFO  [mc_indi_tiltrotor] WRdbg1 Wu1=1 lo1=-12.50 du1=-0.0034 pin1=0.001 a1=[-0.012 0.009 0.000 -0.000 -0.001]
INFO  [mc_indi_tiltrotor] YWdbg nu2=0.020 ach2=0.007 r=-0.01 wsp2=-0.06 ddelta=[-0.0120 -0.0067 -0.0003]
INFO  [mc_indi_tiltrotor] T0dbg1 G0=[-0.354 0.233 -0.031 0.254 -0.967] nu_des=[-0.01 0.02 -0.03 -4.36 -0.02]
INFO  [mc_indi_tiltrotor] T0dbg2 Ws34=[0.1 20.0] Wu0=1.0 du0=0.0123 dmin0=-12.5951 dmax0=32.4049
INFO  [mc_indi_tiltrotor] T2dbg1 G2=[-0.000 -0.550 0.060 0.001 -1.000] G5=[-0.657 -0.763 -0.000 10.952 0.006]
INFO  [mc_indi_tiltrotor] T2dbg2 Wu25=[1.0 1000000.0] du25=[-0.0018 -0.0006] dmax25=[34.0483 0.0012] nu_yaw=-0.030
INFO  [mc_indi_tiltrotor] WRdbg0 Wu0=1 lo0=-12.60 du0=0.0123 pin0=-0.025 a0=[0.017 0.013 0.000 -0.000 0.007]
INFO  [mc_indi_tiltrotor] WRdbg1 Wu1=1 lo1=-12.72 du1=-0.0123 pin1=-0.015 a1=[-0.017 0.013 0.000 -0.000 0.007]
INFO  [mc_indi_tiltrotor] T0dbg1 G0=[-0.354 0.235 -0.026 0.241 -0.970] nu_des=[0.00 -0.71 -0.03 -4.21 0.20]
INFO  [mc_indi_tiltrotor] T0dbg2 Ws34=[0.1 20.0] Wu0=1.0 du0=-0.5267 dmin0=-12.9261 dmax0=32.0739
INFO  [mc_indi_tiltrotor] T2dbg1 G2=[-0.000 -0.550 0.060 0.000 -1.000] G5=[-0.667 -0.777 -0.000 11.115 0.002]
INFO  [mc_indi_tiltrotor] T2dbg2 Wu25=[1.0 1000000.0] du25=[0.8120 0.0054] dmax25=[33.8849 0.0054] nu_yaw=-0.031
INFO  [mc_indi_tiltrotor] WRdbg0 Wu0=1 lo0=-12.93 du0=-0.5267 pin0=-0.005 a0=[-0.002 -0.449 0.000 -0.000 -0.071]
INFO  [mc_indi_tiltrotor] WRdbg1 Wu1=1 lo1=-13.06 du1=-0.5154 pin1=0.003 a1=[0.002 -0.449 0.000 -0.000 -0.071]
INFO  [mc_indi_tiltrotor] YWdbg nu2=-0.026 ach2=0.042 r=0.00 wsp2=-0.06 ddelta=[-0.0102 -0.0030 0.0011]
INFO  [mc_indi_tiltrotor] T0dbg1 G0=[-0.354 0.236 -0.025 0.237 -0.971] nu_des=[-0.00 0.03 -0.05 -4.16 -0.00]
INFO  [mc_indi_tiltrotor] T0dbg2 Ws34=[0.1 20.0] Wu0=1.0 du0=0.0113 dmin0=-12.9788 dmax0=32.0212
INFO  [mc_indi_tiltrotor] T2dbg1 G2=[-0.000 -0.550 0.060 0.001 -1.000] G5=[-0.672 -0.779 -0.001 11.207 0.011]
INFO  [mc_indi_tiltrotor] T2dbg2 Wu25=[1.0 1000000.0] du25=[-0.0266 -0.0009] dmax25=[33.7932 0.0008] nu_yaw=-0.049
INFO  [mc_indi_tiltrotor] WRdbg0 Wu0=1 lo0=-12.98 du0=0.0113 pin0=-0.011 a0=[0.002 0.019 0.000 -0.000 0.001]
INFO  [mc_indi_tiltrotor] WRdbg1 Wu1=1 lo1=-13.08 du1=0.0101 pin1=-0.007 a1=[-0.002 0.019 0.000 -0.000 0.001]
INFO  [mc_indi_tiltrotor] T0dbg1 G0=[-0.354 0.237 -0.024 0.235 -0.972] nu_des=[-0.00 0.02 -0.03 -4.12 -0.02]
INFO  [mc_indi_tiltrotor] T0dbg2 Ws34=[0.1 20.0] Wu0=1.0 du0=0.0120 dmin0=-13.1232 dmax0=31.8768
INFO  [mc_indi_tiltrotor] T2dbg1 G2=[-0.000 -0.550 0.060 0.000 -1.000] G5=[-0.673 -0.782 -0.000 11.208 0.004]
INFO  [mc_indi_tiltrotor] T2dbg2 Wu25=[1.0 1000000.0] du25=[-0.0119 -0.0004] dmax25=[33.7915 0.0014] nu_yaw=-0.033
INFO  [mc_indi_tiltrotor] WRdbg0 Wu0=1 lo0=-13.12 du0=0.0120 pin0=-0.016 a0=[0.007 0.015 0.000 -0.000 0.006]
INFO  [mc_indi_tiltrotor] WRdbg1 Wu1=1 lo1=-13.26 du1=0.0045 pin1=-0.010 a1=[-0.007 0.015 0.000 -0.000 0.006]
INFO  [mc_indi_tiltrotor] YWdbg nu2=-0.024 ach2=0.007 r=-0.01 wsp2=-0.06 ddelta=[-0.0029 -0.0015 -0.0000]
INFO  [mc_indi_tiltrotor] T0dbg1 G0=[-0.354 0.237 -0.022 0.230 -0.973] nu_des=[-0.00 0.01 -0.01 -4.03 -0.00]
INFO  [mc_indi_tiltrotor] T0dbg2 Ws34=[0.1 20.0] Wu0=1.0 du0=-0.0037 dmin0=-13.3176 dmax0=31.6824
INFO  [mc_indi_tiltrotor] T2dbg1 G2=[-0.000 -0.550 0.060 0.000 -1.000] G5=[-0.688 -0.802 -0.000 11.460 0.000]
INFO  [mc_indi_tiltrotor] T2dbg2 Wu25=[1.0 1000000.0] du25=[-0.0038 -0.0000] dmax25=[33.5395 0.0018] nu_yaw=-0.005
INFO  [mc_indi_tiltrotor] WRdbg0 Wu0=1 lo0=-13.32 du0=-0.0037 pin0=-0.013 a0=[0.001 0.007 0.000 -0.000 0.001]
INFO  [mc_indi_tiltrotor] WRdbg1 Wu1=1 lo1=-13.43 du1=-0.0018 pin1=-0.009 a1=[-0.001 0.007 0.000 -0.000 0.001]
INFO  [mc_indi_tiltrotor] T0dbg1 G0=[-0.354 0.238 -0.021 0.227 -0.974] nu_des=[0.01 -0.05 -0.00 -4.14 0.06]
INFO  [mc_indi_tiltrotor] T0dbg2 Ws34=[0.1 20.0] Wu0=1.0 du0=-0.0428 dmin0=-13.6261 dmax0=31.3739
INFO  [mc_indi_tiltrotor] T2dbg1 G2=[-0.000 -0.550 0.060 0.001 -1.000] G5=[-0.696 -0.805 -0.001 11.595 0.012]
INFO  [mc_indi_tiltrotor] T2dbg2 Wu25=[1.0 1000000.0] du25=[0.0202 -0.0011] dmax25=[33.4046 0.0010] nu_yaw=-0.000
INFO  [mc_indi_tiltrotor] WRdbg0 Wu0=1 lo0=-13.63 du0=-0.0428 pin0=0.032 a0=[-0.021 -0.032 0.000 -0.000 -0.022]
INFO  [mc_indi_tiltrotor] WRdbg1 Wu1=1 lo1=-13.71 du1=-0.0164 pin1=0.018 a1=[0.020 -0.032 0.000 -0.000 -0.022]
INFO  [mc_indi_tiltrotor] YWdbg nu2=-0.057 ach2=-0.024 r=0.02 wsp2=-0.06 ddelta=[0.0024 -0.0026 -0.0004]
INFO  [mc_indi_tiltrotor] T0dbg1 G0=[-0.355 0.239 -0.020 0.223 -0.975] nu_des=[0.00 -0.06 -0.05 -4.00 -0.01]
INFO  [mc_indi_tiltrotor] T0dbg2 Ws34=[0.1 20.0] Wu0=1.0 du0=-0.0217 dmin0=-13.7878 dmax0=31.2122
INFO  [mc_indi_tiltrotor] T2dbg1 G2=[-0.000 -0.550 0.060 0.000 -1.000] G5=[-0.711 -0.829 -0.000 11.850 0.002]
INFO  [mc_indi_tiltrotor] T2dbg2 Wu25=[1.0 1000000.0] du25=[0.0711 -0.0001] dmax25=[33.1500 0.0017] nu_yaw=-0.054
INFO  [mc_indi_tiltrotor] WRdbg0 Wu0=1 lo0=-13.79 du0=-0.0217 pin0=0.020 a0=[-0.004 -0.041 0.000 -0.000 0.003]
INFO  [mc_indi_tiltrotor] WRdbg1 Wu1=1 lo1=-13.89 du1=-0.0184 pin1=0.016 a1=[0.004 -0.041 0.000 -0.000 0.003]
INFO  [mc_indi_tiltrotor] T0dbg1 G0=[-0.355 0.239 -0.018 0.219 -0.976] nu_des=[0.01 -0.01 -0.05 -3.97 -0.01]
INFO  [mc_indi_tiltrotor] T0dbg2 Ws34=[0.1 20.0] Wu0=1.0 du0=-0.0121 dmin0=-13.9668 dmax0=31.0332
INFO  [mc_indi_tiltrotor] T2dbg1 G2=[-0.000 -0.550 0.060 0.000 -1.000] G5=[-0.719 -0.836 -0.000 11.977 0.004]
INFO  [mc_indi_tiltrotor] T2dbg2 Wu25=[1.0 1000000.0] du25=[0.0128 -0.0004] dmax25=[33.0234 0.0014] nu_yaw=-0.048
INFO  [mc_indi_tiltrotor] WRdbg0 Wu0=1 lo0=-13.97 du0=-0.0121 pin0=-0.002 a0=[-0.009 -0.004 0.000 -0.000 0.002]
INFO  [mc_indi_tiltrotor] WRdbg1 Wu1=1 lo1=-14.08 du1=0.0060 pin1=-0.001 a1=[0.008 -0.004 0.000 -0.000 0.002]
INFO  [mc_indi_tiltrotor] YWdbg nu2=-0.045 ach2=0.006 r=-0.01 wsp2=-0.08 ddelta=[-0.0066 -0.0056 -0.0010]
INFO  [mc_indi_tiltrotor] T0dbg1 G0=[-0.355 0.240 -0.017 0.217 -0.976] nu_des=[-0.00 -0.00 -0.03 -3.94 -0.01]
INFO  [mc_indi_tiltrotor] T0dbg2 Ws34=[0.1 20.0] Wu0=1.0 du0=-0.0003 dmin0=-14.1148 dmax0=30.8852
INFO  [mc_indi_tiltrotor] T2dbg1 G2=[-0.000 -0.550 0.060 0.000 -1.000] G5=[-0.731 -0.850 -0.000 12.180 0.004]
INFO  [mc_indi_tiltrotor] T2dbg2 Wu25=[1.0 1000000.0] du25=[0.0117 -0.0003] dmax25=[32.8198 0.0014] nu_yaw=-0.032
INFO  [mc_indi_tiltrotor] WRdbg0 Wu0=1 lo0=-14.11 du0=-0.0003 pin0=-0.004 a0=[0.001 -0.002 0.000 -0.000 0.004]
INFO  [mc_indi_tiltrotor] WRdbg1 Wu1=1 lo1=-14.25 du1=-0.0003 pin1=-0.001 a1=[-0.001 -0.002 0.000 -0.000 0.004]
INFO  [mc_indi_tiltrotor] T0dbg1 G0=[-0.355 0.240 -0.018 0.218 -0.976] nu_des=[-0.00 0.01 -0.03 -3.94 -0.01]
INFO  [mc_indi_tiltrotor] T0dbg2 Ws34=[0.1 20.0] Wu0=1.0 du0=-0.0004 dmin0=-14.2967 dmax0=30.7033
INFO  [mc_indi_tiltrotor] T2dbg1 G2=[-0.000 -0.550 0.060 0.000 -1.000] G5=[-0.745 -0.869 -0.000 12.414 0.000]
INFO  [mc_indi_tiltrotor] T2dbg2 Wu25=[1.0 1000000.0] du25=[-0.0070 -0.0000] dmax25=[32.5861 0.0018] nu_yaw=-0.028
INFO  [mc_indi_tiltrotor] WRdbg0 Wu0=1 lo0=-14.30 du0=-0.0004 pin0=-0.012 a0=[0.001 0.009 0.000 -0.000 0.002]
INFO  [mc_indi_tiltrotor] WRdbg1 Wu1=1 lo1=-14.45 du1=0.0023 pin1=-0.008 a1=[-0.000 0.009 0.000 -0.000 0.002]
INFO  [mc_indi_tiltrotor] YWdbg nu2=-0.022 ach2=0.013 r=-0.01 wsp2=-0.07 ddelta=[-0.0035 -0.0009 -0.0000]
INFO  [mc_indi_tiltrotor] T0dbg1 G0=[-0.355 0.240 -0.016 0.214 -0.977] nu_des=[0.00 0.00 -0.02 -3.91 -0.03]
INFO  [mc_indi_tiltrotor] T0dbg2 Ws34=[0.1 20.0] Wu0=1.0 du0=0.0037 dmin0=-14.5028 dmax0=30.4972
INFO  [mc_indi_tiltrotor] T2dbg1 G2=[-0.000 -0.550 0.060 0.000 -1.000] G5=[-0.759 -0.885 -0.000 12.646 0.000]
INFO  [mc_indi_tiltrotor] T2dbg2 Wu25=[1.0 1000000.0] du25=[0.0137 -0.0000] dmax25=[32.3539 0.0018] nu_yaw=-0.024
INFO  [mc_indi_tiltrotor] WRdbg0 Wu0=1 lo0=-14.50 du0=0.0037 pin0=-0.007 a0=[-0.001 0.001 0.000 -0.000 0.011]
INFO  [mc_indi_tiltrotor] WRdbg1 Wu1=1 lo1=-14.67 du1=0.0076 pin1=-0.004 a1=[0.001 0.001 0.000 -0.000 0.011]
INFO  [mc_indi_tiltrotor] back-transition: state 2 -> 3 (v_h=3.0, v_fwd=+3.0 m/s, ceil=20.0 deg)
INFO  [mc_indi_tiltrotor] pos_hold: holding x=-0.06 y=0.05 (EVE DONUS)
INFO  [mc_indi_tiltrotor] back-transition: state 3 -> 0 (v_h=3.0, v_fwd=+3.0 m/s, ceil=90.0 deg)
INFO  [mc_indi_tiltrotor] T0dbg1 G0=[-0.355 0.242 -0.011 0.201 -0.980] nu_des=[-0.01 -0.56 -0.16 -0.98 0.16]
INFO  [mc_indi_tiltrotor] T0dbg2 Ws34=[0.1 20.0] Wu0=1.0 du0=-0.4203 dmin0=-15.1774 dmax0=29.8226
INFO  [mc_indi_tiltrotor] T2dbg1 G2=[-0.000 -0.550 0.060 0.001 -1.000] G5=[-0.716 -0.827 -0.001 11.937 0.015]
INFO  [mc_indi_tiltrotor] T2dbg2 Wu25=[1.0 1000000.0] du25=[0.6610 0.0042] dmax25=[33.0632 0.0042] nu_yaw=-0.158
INFO  [mc_indi_tiltrotor] WRdbg0 Wu0=1 lo0=-15.18 du0=-0.4203 pin0=-0.032 a0=[0.017 -0.349 -0.000 -0.000 -0.056]
INFO  [mc_indi_tiltrotor] WRdbg1 Wu1=1 lo1=-15.40 du1=-0.4330 pin1=-0.009 a1=[-0.016 -0.352 0.000 -0.000 -0.057]
INFO  [mc_indi_tiltrotor] YWdbg nu2=-0.049 ach2=-0.023 r=-0.12 wsp2=-0.50 ddelta=[0.0012 -0.0084 0.0031]
INFO  [mc_indi_tiltrotor] T0dbg1 G0=[-0.355 0.240 -0.017 0.215 -0.977] nu_des=[-0.01 0.04 -0.01 -0.85 -0.11]
INFO  [mc_indi_tiltrotor] T0dbg2 Ws34=[0.1 20.0] Wu0=1.0 du0=0.0302 dmin0=-15.0719 dmax0=29.9281
INFO  [mc_indi_tiltrotor] T2dbg1 G2=[-0.000 -0.550 0.060 0.002 -1.000] G5=[-0.815 -0.933 -0.002 13.589 0.032]
INFO  [mc_indi_tiltrotor] T2dbg2 Wu25=[1.0 9.0] du25=[0.0261 -0.0001] dmax25=[31.4106 0.0016] nu_yaw=-0.013
INFO  [mc_indi_tiltrotor] WRdbg0 Wu0=1 lo0=-15.07 du0=0.0302 pin0=0.000 a0=[0.013 -0.004 0.000 -0.005 0.026]
INFO  [mc_indi_tiltrotor] WRdbg1 Wu1=1 lo1=-15.60 du1=0.0232 pin1=0.000 a1=[-0.018 0.009 0.002 -0.003 0.032]
INFO  [mc_indi_tiltrotor] T0dbg1 G0=[-0.355 0.245 -0.007 0.188 -0.982] nu_des=[-0.02 -0.03 0.10 -0.46 -0.10]
INFO  [mc_indi_tiltrotor] T0dbg2 Ws34=[0.1 20.0] Wu0=1.0 du0=0.0280 dmin0=-16.6825 dmax0=28.3175
INFO  [mc_indi_tiltrotor] T2dbg1 G2=[-0.000 -0.550 0.060 0.002 -1.000] G5=[-0.943 -1.082 -0.002 15.718 0.033]
INFO  [mc_indi_tiltrotor] T2dbg2 Wu25=[1.0 9.0] du25=[0.0803 0.0018] dmax25=[29.2823 0.0025] nu_yaw=0.104
INFO  [mc_indi_tiltrotor] WRdbg0 Wu0=1 lo0=-16.68 du0=0.0280 pin0=-0.023 a0=[0.032 -0.018 0.001 0.000 0.035]
INFO  [mc_indi_tiltrotor] WRdbg1 Wu1=1 lo1=-17.24 du1=-0.0363 pin1=-0.022 a1=[-0.030 -0.016 -0.004 -0.000 0.035]
INFO  [mc_indi_tiltrotor] YWdbg nu2=0.053 ach2=0.052 r=-0.52 wsp2=-0.50 ddelta=[0.0011 0.0088 0.0007]
INFO  [mc_indi_tiltrotor] T0dbg1 G0=[-0.355 0.245 -0.006 0.185 -0.983] nu_des=[-0.00 0.19 0.00 -0.83 0.10]
INFO  [mc_indi_tiltrotor] T0dbg2 Ws34=[0.1 20.0] Wu0=1.0 du0=0.0236 dmin0=-17.7204 dmax0=27.2796
INFO  [mc_indi_tiltrotor] T2dbg1 G2=[-0.000 -0.550 0.060 0.003 -1.000] G5=[-0.993 -1.132 -0.003 16.551 0.047]
INFO  [mc_indi_tiltrotor] T2dbg2 Wu25=[1.0 1000000.0] du25=[-0.2007 -0.0029] dmax25=[28.4489 -0.0011] nu_yaw=0.000
INFO  [mc_indi_tiltrotor] WRdbg0 Wu0=1 lo0=-17.72 du0=0.0236 pin0=-0.068 a0=[0.007 0.117 -0.000 -0.000 -0.033]
INFO  [mc_indi_tiltrotor] WRdbg1 Wu1=1 lo1=-18.00 du1=0.0377 pin1=-0.040 a1=[-0.007 0.118 -0.000 -0.000 -0.033]
INFO  [mc_indi_tiltrotor] T0dbg1 G0=[-0.355 0.248 0.000 0.168 -0.986] nu_des=[-0.01 -0.02 -0.02 -0.21 -0.02]
INFO  [mc_indi_tiltrotor] T0dbg2 Ws34=[0.1 20.0] Wu0=1.0 du0=0.0159 dmin0=-17.7824 dmax0=27.2176
INFO  [mc_indi_tiltrotor] T2dbg1 G2=[-0.000 -0.550 0.060 0.003 -1.000] G5=[-1.016 -1.159 -0.003 16.931 0.047]
INFO  [mc_indi_tiltrotor] T2dbg2 Wu25=[1.0 9.0] du25=[0.0209 0.0007] dmax25=[28.0687 0.0023] nu_yaw=-0.024
INFO  [mc_indi_tiltrotor] WRdbg0 Wu0=1 lo0=-17.78 du0=0.0159 pin0=0.000 a0=[0.012 0.002 -0.001 -0.001 0.004]
INFO  [mc_indi_tiltrotor] WRdbg1 Wu1=1 lo1=-18.00 du1=-0.0114 pin1=0.000 a1=[-0.016 -0.004 0.005 -0.001 0.005]
INFO  [mc_indi_tiltrotor] YWdbg nu2=0.011 ach2=-0.049 r=-0.48 wsp2=-0.50 ddelta=[0.0066 0.0066 -0.0010]
INFO  [mc_indi_tiltrotor] T0dbg1 G0=[-0.355 0.247 -0.001 0.171 -0.985] nu_des=[-0.00 -0.03 -0.00 -0.30 0.04]
INFO  [mc_indi_tiltrotor] T0dbg2 Ws34=[0.1 20.0] Wu0=1.0 du0=-0.0072 dmin0=-17.9044 dmax0=27.0956
INFO  [mc_indi_tiltrotor] T2dbg1 G2=[-0.000 -0.550 0.060 0.003 -1.000] G5=[-1.009 -1.150 -0.003 16.822 0.051]
INFO  [mc_indi_tiltrotor] T2dbg2 Wu25=[1.0 9.0] du25=[0.0048 0.0003] dmax25=[28.1780 0.0022] nu_yaw=-0.001
INFO  [mc_indi_tiltrotor] WRdbg0 Wu0=1 lo0=-17.90 du0=-0.0072 pin0=0.000 a0=[0.001 0.003 -0.000 -0.002 -0.009]
INFO  [mc_indi_tiltrotor] WRdbg1 Wu1=1 lo1=-18.12 du1=-0.0206 pin1=0.000 a1=[-0.001 -0.007 0.000 -0.001 -0.011]
INFO  [mc_indi_tiltrotor] T0dbg1 G0=[-0.355 0.245 -0.005 0.184 -0.983] nu_des=[-0.02 0.04 0.01 -0.77 0.01]
INFO  [mc_indi_tiltrotor] T0dbg2 Ws34=[0.1 20.0] Wu0=1.0 du0=0.0091 dmin0=-17.5138 dmax0=27.4862
INFO  [mc_indi_tiltrotor] T2dbg1 G2=[-0.000 -0.550 0.060 0.004 -1.000] G5=[-1.025 -1.161 -0.004 17.084 0.063]
INFO  [mc_indi_tiltrotor] T2dbg2 Wu25=[1.0 9.0] du25=[-0.0184 0.0002] dmax25=[27.9162 0.0022] nu_yaw=0.007
INFO  [mc_indi_tiltrotor] WRdbg0 Wu0=1 lo0=-17.51 du0=0.0091 pin0=0.000 a0=[0.021 -0.004 0.000 -0.004 -0.003]
INFO  [mc_indi_tiltrotor] WRdbg1 Wu1=1 lo1=-18.06 du1=-0.0280 pin1=0.000 a1=[-0.028 0.008 -0.001 -0.003 -0.004]
INFO  [mc_indi_tiltrotor] YWdbg nu2=-0.022 ach2=0.039 r=-0.50 wsp2=-0.50 ddelta=[-0.0084 -0.0042 0.0028]
INFO  [mc_indi_tiltrotor] T0dbg1 G0=[-0.355 0.247 -0.000 0.170 -0.985] nu_des=[0.00 0.05 0.01 -0.30 0.26]
INFO  [mc_indi_tiltrotor] T0dbg2 Ws34=[0.1 20.0] Wu0=1.0 du0=-0.0801 dmin0=-17.8960 dmax0=27.1040
INFO  [mc_indi_tiltrotor] T2dbg1 G2=[-0.000 -0.550 0.060 0.004 -1.000] G5=[-0.975 -1.104 -0.004 16.246 0.060]
INFO  [mc_indi_tiltrotor] T2dbg2 Wu25=[1.0 1000000.0] du25=[-0.1290 -0.0020] dmax25=[28.7541 -0.0020] nu_yaw=0.014
INFO  [mc_indi_tiltrotor] WRdbg0 Wu0=1 lo0=-17.90 du0=-0.0801 pin0=-0.019 a0=[-0.006 0.033 0.000 -0.000 -0.089]
INFO  [mc_indi_tiltrotor] WRdbg1 Wu1=1 lo1=-17.54 du1=-0.0661 pin1=-0.015 a1=[0.006 0.033 -0.000 -0.000 -0.090]
INFO  [mc_indi_tiltrotor] T0dbg1 G0=[-0.355 0.248 0.000 0.168 -0.986] nu_des=[0.02 -0.36 -0.00 -0.29 0.22]
INFO  [mc_indi_tiltrotor] T0dbg2 Ws34=[0.1 20.0] Wu0=1.0 du0=-0.2679 dmin0=-17.4245 dmax0=27.5755
INFO  [mc_indi_tiltrotor] T2dbg1 G2=[-0.000 -0.550 0.060 0.004 -1.000] G5=[-1.012 -1.140 -0.004 16.870 0.074]
INFO  [mc_indi_tiltrotor] T2dbg2 Wu25=[1.0 1000000.0] du25=[0.3178 0.0040] dmax25=[28.1299 0.0076] nu_yaw=-0.003
INFO  [mc_indi_tiltrotor] WRdbg0 Wu0=1 lo0=-17.42 du0=-0.2679 pin0=0.060 a0=[-0.029 -0.225 -0.000 -0.000 -0.075]
INFO  [mc_indi_tiltrotor] WRdbg1 Wu1=1 lo1=-16.91 du1=-0.2357 pin1=0.040 a1=[0.028 -0.228 0.000 -0.000 -0.076]
INFO  [mc_indi_tiltrotor] YWdbg nu2=0.007 ach2=-0.026 r=-0.51 wsp2=-0.50 ddelta=[-0.0024 -0.0024 -0.0044]
INFO  [mc_indi_tiltrotor] T0dbg1 G0=[-0.355 0.244 -0.008 0.192 -0.981] nu_des=[0.01 -0.11 -0.00 -1.06 0.22]
INFO  [mc_indi_tiltrotor] T0dbg2 Ws34=[0.1 20.0] Wu0=1.0 du0=-0.0876 dmin0=-16.9190 dmax0=28.0810
INFO  [mc_indi_tiltrotor] T2dbg1 G2=[-0.000 -0.550 0.060 0.004 -1.000] G5=[-0.994 -1.121 -0.004 16.561 0.070]
INFO  [mc_indi_tiltrotor] T2dbg2 Wu25=[1.0 1000000.0] du25=[0.0024 0.0022] dmax25=[28.4393 0.0058] nu_yaw=-0.002
INFO  [mc_indi_tiltrotor] WRdbg0 Wu0=1 lo0=-16.92 du0=-0.0876 pin0=0.067 a0=[-0.015 -0.065 -0.000 -0.000 -0.074]
INFO  [mc_indi_tiltrotor] WRdbg1 Wu1=1 lo1=-17.23 du1=-0.0855 pin1=0.041 a1=[0.014 -0.066 0.000 -0.000 -0.075]
INFO  [mc_indi_tiltrotor] T0dbg1 G0=[-0.355 0.243 -0.010 0.197 -0.980] nu_des=[-0.00 0.18 0.02 -1.21 0.20]
INFO  [mc_indi_tiltrotor] T0dbg2 Ws34=[0.1 20.0] Wu0=1.0 du0=-0.0184 dmin0=-17.0519 dmax0=27.9481
INFO  [mc_indi_tiltrotor] T2dbg1 G2=[-0.000 -0.550 0.060 0.002 -1.000] G5=[-0.926 -1.067 -0.001 15.430 0.024]
INFO  [mc_indi_tiltrotor] T2dbg2 Wu25=[1.0 1000000.0] du25=[-0.2317 -0.0015] dmax25=[29.5700 0.0002] nu_yaw=0.016
INFO  [mc_indi_tiltrotor] WRdbg0 Wu0=1 lo0=-17.05 du0=-0.0184 pin0=-0.069 a0=[0.005 0.114 -0.000 -0.000 -0.069]
INFO  [mc_indi_tiltrotor] WRdbg1 Wu1=1 lo1=-17.65 du1=0.0002 pin1=-0.040 a1=[-0.005 0.115 -0.000 -0.000 -0.069]
INFO  [mc_indi_tiltrotor] YWdbg nu2=0.027 ach2=0.023 r=-0.52 wsp2=-0.50 ddelta=[0.0006 0.0047 -0.0002]
INFO  [mc_indi_tiltrotor] T0dbg1 G0=[-0.355 0.247 -0.001 0.171 -0.985] nu_des=[-0.01 0.13 0.09 -0.25 0.14]
INFO  [mc_indi_tiltrotor] T0dbg2 Ws34=[0.1 20.0] Wu0=1.0 du0=0.0151 dmin0=-16.2623 dmax0=28.7377
INFO  [mc_indi_tiltrotor] T2dbg1 G2=[-0.000 -0.550 0.060 0.002 -1.000] G5=[-0.945 -1.089 -0.001 15.747 0.025]
INFO  [mc_indi_tiltrotor] T2dbg2 Wu25=[1.0 1000000.0] du25=[-0.1778 -0.0016] dmax25=[29.2532 0.0002] nu_yaw=0.094
INFO  [mc_indi_tiltrotor] WRdbg0 Wu0=1 lo0=-16.26 du0=0.0151 pin0=-0.032 a0=[0.015 0.082 0.000 -0.000 -0.049]
INFO  [mc_indi_tiltrotor] WRdbg1 Wu1=1 lo1=-16.88 du1=-0.0110 pin1=-0.029 a1=[-0.015 0.082 -0.000 -0.000 -0.050]
INFO  [mc_indi_tiltrotor] T0dbg1 G0=[-0.355 0.248 0.000 0.168 -0.986] nu_des=[0.00 -0.21 0.05 -0.45 0.20]
INFO  [mc_indi_tiltrotor] T0dbg2 Ws34=[0.1 20.0] Wu0=1.0 du0=-0.1501 dmin0=-15.4241 dmax0=29.5759
INFO  [mc_indi_tiltrotor] T2dbg1 G2=[-0.000 -0.550 0.060 0.002 -1.000] G5=[-0.880 -1.013 -0.001 14.662 0.024]
INFO  [mc_indi_tiltrotor] T2dbg2 Wu25=[1.0 9.0] du25=[0.1395 0.0036] dmax25=[30.3376 0.0046] nu_yaw=0.048
INFO  [mc_indi_tiltrotor] WRdbg0 Wu0=1 lo0=-15.42 du0=-0.1501 pin0=0.058 a0=[-0.006 -0.134 0.000 0.000 -0.069]
INFO  [mc_indi_tiltrotor] WRdbg1 Wu1=1 lo1=-15.92 du1=-0.1530 pin1=0.032 a1=[0.006 -0.120 -0.001 -0.000 -0.069]
INFO  [mc_indi_tiltrotor] YWdbg nu2=0.021 ach2=0.023 r=-0.50 wsp2=-0.17 ddelta=[-0.0006 0.0030 0.0009]
INFO  [mc_indi_tiltrotor] T0dbg1 G0=[-0.355 0.244 -0.007 0.188 -0.982] nu_des=[0.01 -0.09 0.01 -1.09 0.10]
INFO  [mc_indi_tiltrotor] T0dbg2 Ws34=[0.1 20.0] Wu0=1.0 du0=-0.0667 dmin0=-15.0718 dmax0=29.9282
INFO  [mc_indi_tiltrotor] T2dbg1 G2=[-0.000 -0.550 0.060 0.002 -1.000] G5=[-0.834 -0.954 -0.002 13.894 0.035]
INFO  [mc_indi_tiltrotor] T2dbg2 Wu25=[1.0 9.0] du25=[0.0523 0.0010] dmax25=[31.1059 0.0030] nu_yaw=0.013
INFO  [mc_indi_tiltrotor] WRdbg0 Wu0=1 lo0=-15.07 du0=-0.0667 pin0=0.034 a0=[-0.007 -0.058 0.000 0.000 -0.035]
INFO  [mc_indi_tiltrotor] WRdbg1 Wu1=1 lo1=-15.45 du1=-0.0619 pin1=0.020 a1=[0.007 -0.053 -0.000 -0.001 -0.035]
INFO  [mc_indi_tiltrotor] T0dbg1 G0=[-0.355 0.246 -0.004 0.179 -0.984] nu_des=[0.00 0.13 -0.03 -0.66 0.04]
INFO  [mc_indi_tiltrotor] T0dbg2 Ws34=[0.1 20.0] Wu0=1.0 du0=0.0068 dmin0=-15.0972 dmax0=29.9028
INFO  [mc_indi_tiltrotor] T2dbg1 G2=[-0.000 -0.550 0.060 0.002 -1.000] G5=[-0.850 -0.979 -0.001 14.167 0.023]
INFO  [mc_indi_tiltrotor] T2dbg2 Wu25=[1.0 1000000.0] du25=[-0.1184 -0.0016] dmax25=[30.8330 0.0001] nu_yaw=-0.034
INFO  [mc_indi_tiltrotor] WRdbg0 Wu0=1 lo0=-15.10 du0=0.0068 pin0=-0.057 a0=[-0.001 0.079 -0.000 -0.000 -0.014]
INFO  [mc_indi_tiltrotor] WRdbg1 Wu1=1 lo1=-15.39 du1=0.0287 pin1=-0.038 a1=[0.001 0.080 0.000 -0.000 -0.014]
INFO  [mc_indi_tiltrotor] YWdbg nu2=-0.071 ach2=-0.029 r=0.06 wsp2=0.12 ddelta=[0.0042 -0.0012 0.0020]
INFO  [mc_indi_tiltrotor] T0dbg1 G0=[-0.355 0.249 0.003 0.160 -0.987] nu_des=[-0.00 0.15 -0.09 0.07 0.09]
INFO  [mc_indi_tiltrotor] T0dbg2 Ws34=[0.1 20.0] Wu0=1.0 du0=0.0146 dmin0=-15.0836 dmax0=29.9164
INFO  [mc_indi_tiltrotor] T2dbg1 G2=[-0.000 -0.550 0.060 0.002 -1.000] G5=[-0.855 -0.979 -0.002 14.245 0.033]
INFO  [mc_indi_tiltrotor] T2dbg2 Wu25=[1.0 9.0] du25=[-0.1610 -0.0011] dmax25=[30.7549 0.0009] nu_yaw=-0.088
INFO  [mc_indi_tiltrotor] WRdbg0 Wu0=1 lo0=-15.08 du0=0.0146 pin0=-0.055 a0=[0.006 0.094 -0.001 -0.000 -0.030]
INFO  [mc_indi_tiltrotor] WRdbg1 Wu1=1 lo1=-15.24 du1=0.0248 pin1=-0.028 a1=[-0.006 0.085 0.003 0.000 -0.030]
INFO  [mc_indi_tiltrotor] T0dbg1 G0=[-0.355 0.249 0.002 0.162 -0.987] nu_des=[0.00 -0.11 -0.04 0.25 0.07]
INFO  [mc_indi_tiltrotor] T0dbg2 Ws34=[0.1 20.0] Wu0=1.0 du0=-0.0467 dmin0=-15.0632 dmax0=29.9368
INFO  [mc_indi_tiltrotor] T2dbg1 G2=[-0.000 -0.550 0.060 0.004 -1.000] G5=[-0.851 -0.962 -0.003 14.182 0.055]
INFO  [mc_indi_tiltrotor] T2dbg2 Wu25=[1.0 9.0] du25=[0.0636 0.0023] dmax25=[30.8182 0.0038] nu_yaw=-0.035
INFO  [mc_indi_tiltrotor] WRdbg0 Wu0=1 lo0=-15.06 du0=-0.0467 pin0=0.051 a0=[-0.006 -0.068 -0.000 -0.000 -0.023]
INFO  [mc_indi_tiltrotor] WRdbg1 Wu1=1 lo1=-15.11 du1=-0.0537 pin1=0.025 a1=[0.005 -0.062 0.001 0.000 -0.023]
INFO  [mc_indi_tiltrotor] YWdbg nu2=-0.009 ach2=-0.009 r=0.07 wsp2=-0.07 ddelta=[0.0006 -0.0013 0.0004]
INFO  [mc_indi_tiltrotor] T0dbg1 G0=[-0.355 0.248 -0.000 0.169 -0.986] nu_des=[0.00 -0.00 0.00 0.15 -0.00]
INFO  [mc_indi_tiltrotor] T0dbg2 Ws34=[0.1 20.0] Wu0=1.0 du0=-0.0027 dmin0=-15.0997 dmax0=29.9003
INFO  [mc_indi_tiltrotor] T2dbg1 G2=[-0.000 -0.550 0.060 0.004 -1.000] G5=[-0.847 -0.960 -0.003 14.123 0.052]
INFO  [mc_indi_tiltrotor] T2dbg2 Wu25=[1.0 9.0] du25=[0.0010 -0.0001] dmax25=[30.8768 0.0017] nu_yaw=0.004
INFO  [mc_indi_tiltrotor] WRdbg0 Wu0=1 lo0=-15.10 du0=-0.0027 pin0=0.000 a0=[-0.004 0.000 0.000 0.001 0.001]
INFO  [mc_indi_tiltrotor] WRdbg1 Wu1=1 lo1=-15.26 du1=0.0052 pin1=0.000 a1=[0.006 -0.001 -0.001 0.000 0.001]
INFO  [mc_indi_tiltrotor] T0dbg1 G0=[-0.355 0.247 -0.000 0.170 -0.986] nu_des=[0.02 -0.16 -0.01 -0.04 0.18]
INFO  [mc_indi_tiltrotor] T0dbg2 Ws34=[0.1 20.0] Wu0=1.0 du0=-0.1305 dmin0=-15.2389 dmax0=29.7611
INFO  [mc_indi_tiltrotor] T2dbg1 G2=[-0.000 -0.550 0.060 0.004 -1.000] G5=[-0.850 -0.957 -0.004 14.158 0.062]
INFO  [mc_indi_tiltrotor] T2dbg2 Wu25=[1.0 1000000.0] du25=[0.0948 0.0015] dmax25=[30.8415 0.0051] nu_yaw=-0.009
INFO  [mc_indi_tiltrotor] WRdbg0 Wu0=1 lo0=-15.24 du0=-0.1305 pin0=0.056 a0=[-0.025 -0.102 -0.000 -0.000 -0.060]
INFO  [mc_indi_tiltrotor] WRdbg1 Wu1=1 lo1=-15.49 du1=-0.1078 pin1=0.031 a1=[0.024 -0.103 0.000 -0.000 -0.061]
INFO  [mc_indi_tiltrotor] YWdbg nu2=0.013 ach2=0.012 r=-0.07 wsp2=-0.04 ddelta=[0.0025 0.0046 0.0001]
INFO  [mc_indi_tiltrotor] T0dbg1 G0=[-0.355 0.247 -0.002 0.175 -0.984] nu_des=[0.00 0.01 0.02 -0.32 0.03]
INFO  [mc_indi_tiltrotor] T0dbg2 Ws34=[0.1 20.0] Wu0=1.0 du0=-0.0115 dmin0=-15.0953 dmax0=29.9047
INFO  [mc_indi_tiltrotor] T2dbg1 G2=[-0.000 -0.550 0.060 0.004 -1.000] G5=[-0.839 -0.950 -0.003 13.982 0.053]
INFO  [mc_indi_tiltrotor] T2dbg2 Wu25=[1.0 9.0] du25=[-0.0170 -0.0003] dmax25=[31.0177 0.0016] nu_yaw=0.025
INFO  [mc_indi_tiltrotor] WRdbg0 Wu0=1 lo0=-15.10 du0=-0.0115 pin0=0.000 a0=[-0.003 -0.001 0.001 -0.002 -0.007]
INFO  [mc_indi_tiltrotor] WRdbg1 Wu1=1 lo1=-15.39 du1=-0.0078 pin1=0.000 a1=[0.003 0.002 -0.004 -0.001 -0.008]
INFO  [mc_indi_tiltrotor] T0dbg1 G0=[-0.355 0.245 -0.006 0.186 -0.983] nu_des=[0.00 -0.01 -0.03 -0.60 0.05]
INFO  [mc_indi_tiltrotor] T0dbg2 Ws34=[0.1 20.0] Wu0=1.0 du0=-0.0214 dmin0=-14.9893 dmax0=30.0107
INFO  [mc_indi_tiltrotor] T2dbg1 G2=[-0.000 -0.550 0.060 0.004 -1.000] G5=[-0.827 -0.933 -0.004 13.781 0.058]
INFO  [mc_indi_tiltrotor] T2dbg2 Wu25=[1.0 9.0] du25=[-0.0123 -0.0004] dmax25=[31.2188 0.0015] nu_yaw=-0.031
INFO  [mc_indi_tiltrotor] WRdbg0 Wu0=1 lo0=-14.99 du0=-0.0214 pin0=0.000 a0=[-0.005 0.001 -0.000 -0.003 -0.013]
INFO  [mc_indi_tiltrotor] WRdbg1 Wu1=1 lo1=-15.23 du1=-0.0081 pin1=0.000 a1=[0.007 -0.002 0.005 -0.002 -0.016]
INFO  [mc_indi_tiltrotor] YWdbg nu2=0.021 ach2=-0.007 r=0.01 wsp2=0.02 ddelta=[-0.0120 -0.0120 -0.0021]
INFO  [mc_indi_tiltrotor] T0dbg1 G0=[-0.355 0.247 -0.002 0.175 -0.985] nu_des=[0.01 -0.02 0.00 -0.18 0.02]
INFO  [mc_indi_tiltrotor] T0dbg2 Ws34=[0.1 20.0] Wu0=1.0 du0=-0.0171 dmin0=-14.9132 dmax0=30.0868
INFO  [mc_indi_tiltrotor] T2dbg1 G2=[-0.000 -0.550 0.060 0.003 -1.000] G5=[-0.820 -0.935 -0.002 13.667 0.039]
INFO  [mc_indi_tiltrotor] T2dbg2 Wu25=[1.0 9.0] du25=[0.0030 -0.0003] dmax25=[31.3332 0.0016] nu_yaw=0.003
INFO  [mc_indi_tiltrotor] WRdbg0 Wu0=1 lo0=-14.91 du0=-0.0171 pin0=0.000 a0=[-0.013 0.001 0.000 -0.001 -0.004]
INFO  [mc_indi_tiltrotor] WRdbg1 Wu1=1 lo1=-15.06 du1=0.0069 pin1=0.000 a1=[0.017 -0.004 -0.001 -0.001 -0.005]
INFO  [mc_indi_tiltrotor] T0dbg1 G0=[-0.355 0.246 -0.004 0.180 -0.984] nu_des=[0.00 -0.00 -0.03 -0.20 0.01]
INFO  [mc_indi_tiltrotor] T0dbg2 Ws34=[0.1 20.0] Wu0=1.0 du0=-0.0041 dmin0=-14.8909 dmax0=30.1091
INFO  [mc_indi_tiltrotor] T2dbg1 G2=[-0.000 -0.550 0.060 0.003 -1.000] G5=[-0.822 -0.938 -0.002 13.704 0.038]
INFO  [mc_indi_tiltrotor] T2dbg2 Wu25=[1.0 9.0] du25=[-0.0006 -0.0002] dmax25=[31.2957 0.0018] nu_yaw=-0.025
INFO  [mc_indi_tiltrotor] WRdbg0 Wu0=1 lo0=-14.89 du0=-0.0041 pin0=0.000 a0=[-0.001 0.000 -0.000 -0.001 -0.002]
INFO  [mc_indi_tiltrotor] WRdbg1 Wu1=1 lo1=-15.01 du1=0.0022 pin1=0.000 a1=[0.001 -0.000 0.005 -0.001 -0.002]
INFO  [mc_indi_tiltrotor] YWdbg nu2=0.024 ach2=0.025 r=0.00 wsp2=-0.01 ddelta=[-0.0046 0.0006 -0.0005]
INFO  [mc_indi_tiltrotor] T0dbg1 G0=[-0.355 0.248 0.002 0.164 -0.986] nu_des=[0.00 -0.01 0.02 0.24 0.00]
INFO  [mc_indi_tiltrotor] T0dbg2 Ws34=[0.1 20.0] Wu0=1.0 du0=0.0001 dmin0=-14.9458 dmax0=30.0542
INFO  [mc_indi_tiltrotor] T2dbg1 G2=[-0.000 -0.550 0.060 0.002 -1.000] G5=[-0.833 -0.953 -0.002 13.877 0.033]
INFO  [mc_indi_tiltrotor] T2dbg2 Wu25=[1.0 9.0] du25=[0.0022 0.0002] dmax25=[31.1226 0.0019] nu_yaw=0.016
INFO  [mc_indi_tiltrotor] WRdbg0 Wu0=1 lo0=-14.95 du0=0.0001 pin0=0.000 a0=[-0.001 0.000 0.001 0.001 -0.000]
INFO  [mc_indi_tiltrotor] WRdbg1 Wu1=1 lo1=-15.17 du1=-0.0031 pin1=0.000 a1=[0.002 -0.002 -0.003 0.001 -0.001]
INFO  [mc_indi_tiltrotor] T0dbg1 G0=[-0.355 0.248 0.002 0.164 -0.986] nu_des=[-0.01 0.12 -0.02 0.16 0.24]
INFO  [mc_indi_tiltrotor] T0dbg2 Ws34=[0.1 20.0] Wu0=1.0 du0=0.0175 dmin0=-14.6164 dmax0=30.3836
INFO  [mc_indi_tiltrotor] T2dbg1 G2=[-0.000 -0.550 0.060 0.004 -1.000] G5=[-0.884 -1.002 -0.003 14.731 0.054]
INFO  [mc_indi_tiltrotor] T2dbg2 Wu25=[1.0 1000000.0] du25=[-0.2341 -0.0019] dmax25=[30.2694 0.0017] nu_yaw=-0.018
INFO  [mc_indi_tiltrotor] WRdbg0 Wu0=1 lo0=-14.62 du0=0.0175 pin0=0.008 a0=[0.017 0.076 -0.000 0.000 -0.083]
INFO  [mc_indi_tiltrotor] WRdbg1 Wu1=1 lo1=-14.95 du1=-0.0209 pin1=0.003 a1=[-0.016 0.077 0.000 0.000 -0.084]
INFO  [mc_indi_tiltrotor] YWdbg nu2=-0.012 ach2=-0.005 r=0.00 wsp2=0.01 ddelta=[-0.0102 -0.0095 -0.0016]
INFO  [mc_indi_tiltrotor] T0dbg1 G0=[-0.355 0.250 0.005 0.156 -0.988] nu_des=[-0.00 -0.07 0.04 0.38 0.16]
INFO  [mc_indi_tiltrotor] T0dbg2 Ws34=[0.1 20.0] Wu0=1.0 du0=-0.0877 dmin0=-15.1303 dmax0=29.8697
INFO  [mc_indi_tiltrotor] T2dbg1 G2=[-0.000 -0.550 0.060 0.003 -1.000] G5=[-0.820 -0.931 -0.003 13.671 0.047]
INFO  [mc_indi_tiltrotor] T2dbg2 Wu25=[1.0 9.0] du25=[0.0279 0.0015] dmax25=[31.3288 0.0025] nu_yaw=0.042
INFO  [mc_indi_tiltrotor] WRdbg0 Wu0=1 lo0=-15.13 du0=-0.0877 pin0=0.010 a0=[0.003 -0.046 0.000 -0.000 -0.054]
INFO  [mc_indi_tiltrotor] WRdbg1 Wu1=1 lo1=-15.38 du1=-0.0985 pin1=0.002 a1=[-0.003 -0.042 -0.001 0.000 -0.055]
INFO  [mc_indi_tiltrotor] T0dbg1 G0=[-0.355 0.248 0.000 0.169 -0.986] nu_des=[-0.00 0.01 -0.01 0.12 0.01]
INFO  [mc_indi_tiltrotor] T0dbg2 Ws34=[0.1 20.0] Wu0=1.0 du0=0.0011 dmin0=-14.8876 dmax0=30.1124
INFO  [mc_indi_tiltrotor] T2dbg1 G2=[-0.000 -0.550 0.060 0.004 -1.000] G5=[-0.823 -0.929 -0.003 13.721 0.057]
INFO  [mc_indi_tiltrotor] T2dbg2 Wu25=[1.0 9.0] du25=[-0.0081 0.0001] dmax25=[31.2791 0.0019] nu_yaw=-0.008
INFO  [mc_indi_tiltrotor] WRdbg0 Wu0=1 lo0=-14.89 du0=0.0011 pin0=0.000 a0=[0.004 -0.000 -0.000 0.001 -0.003]
INFO  [mc_indi_tiltrotor] WRdbg1 Wu1=1 lo1=-15.08 du1=-0.0048 pin1=0.000 a1=[-0.005 0.002 0.002 0.000 -0.003]
INFO  [mc_indi_tiltrotor] YWdbg nu2=0.039 ach2=-0.056 r=0.01 wsp2=-0.01 ddelta=[-0.0006 -0.0006 -0.0046]
INFO  [mc_indi_tiltrotor] T0dbg1 G0=[-0.355 0.248 0.001 0.166 -0.986] nu_des=[-0.01 0.01 0.04 0.25 0.04]
INFO  [mc_indi_tiltrotor] T0dbg2 Ws34=[0.1 20.0] Wu0=1.0 du0=-0.0083 dmin0=-14.8404 dmax0=30.1596
INFO  [mc_indi_tiltrotor] T2dbg1 G2=[-0.000 -0.550 0.060 0.003 -1.000] G5=[-0.809 -0.919 -0.003 13.477 0.043]
INFO  [mc_indi_tiltrotor] T2dbg2 Wu25=[1.0 9.0] du25=[-0.0153 0.0004] dmax25=[31.5234 0.0019] nu_yaw=0.036
INFO  [mc_indi_tiltrotor] WRdbg0 Wu0=1 lo0=-14.84 du0=-0.0083 pin0=0.007 a0=[0.008 0.003 -0.014 0.000 -0.013]
INFO  [mc_indi_tiltrotor] WRdbg1 Wu1=1 lo1=-15.10 du1=-0.0281 pin1=0.003 a1=[-0.007 0.003 -0.013 0.000 -0.014]
INFO  [mc_indi_tiltrotor] T0dbg1 G0=[-0.355 0.247 -0.001 0.172 -0.985] nu_des=[0.00 0.02 0.03 -0.14 -0.00]
INFO  [mc_indi_tiltrotor] T0dbg2 Ws34=[0.1 20.0] Wu0=1.0 du0=-0.0018 dmin0=-14.7415 dmax0=30.2585
INFO  [mc_indi_tiltrotor] T2dbg1 G2=[-0.000 -0.550 0.060 0.005 -1.000] G5=[-0.811 -0.912 -0.004 13.519 0.062]
INFO  [mc_indi_tiltrotor] T2dbg2 Wu25=[1.0 9.0] du25=[-0.0124 -0.0002] dmax25=[31.4813 0.0017] nu_yaw=0.034
INFO  [mc_indi_tiltrotor] WRdbg0 Wu0=1 lo0=-14.74 du0=-0.0018 pin0=0.000 a0=[-0.001 -0.001 0.001 -0.001 0.000]
INFO  [mc_indi_tiltrotor] WRdbg1 Wu1=1 lo1=-15.06 du1=-0.0002 pin1=0.000 a1=[0.002 0.004 -0.006 -0.000 0.000]
INFO  [mc_indi_tiltrotor] YWdbg nu2=0.005 ach2=0.005 r=-0.02 wsp2=0.03 ddelta=[0.0006 -0.0012 0.0038]
INFO  [mc_indi_tiltrotor] T0dbg1 G0=[-0.355 0.248 0.001 0.167 -0.986] nu_des=[-0.00 -0.34 -0.02 0.10 0.12]
INFO  [mc_indi_tiltrotor] T0dbg2 Ws34=[0.1 20.0] Wu0=1.0 du0=-0.1922 dmin0=-14.7100 dmax0=30.2900
INFO  [mc_indi_tiltrotor] T2dbg1 G2=[-0.000 -0.550 0.060 0.004 -1.000] G5=[-0.825 -0.931 -0.003 13.744 0.057]
INFO  [mc_indi_tiltrotor] T2dbg2 Wu25=[1.0 1000000.0] du25=[0.3232 0.0043] dmax25=[31.2556 0.0079] nu_yaw=-0.024
INFO  [mc_indi_tiltrotor] WRdbg0 Wu0=1 lo0=-14.71 du0=-0.1922 pin0=0.050 a0=[0.006 -0.208 -0.000 0.000 -0.041]
INFO  [mc_indi_tiltrotor] WRdbg1 Wu1=1 lo1=-14.92 du1=-0.2218 pin1=0.035 a1=[-0.006 -0.210 0.000 0.000 -0.042]
INFO  [mc_indi_tiltrotor] T0dbg1 G0=[-0.355 0.246 -0.003 0.179 -0.984] nu_des=[-0.01 0.01 -0.02 -0.17 -0.00]
INFO  [mc_indi_tiltrotor] T0dbg2 Ws34=[0.1 20.0] Wu0=1.0 du0=0.0051 dmin0=-14.7766 dmax0=30.2234
INFO  [mc_indi_tiltrotor] T2dbg1 G2=[-0.000 -0.550 0.060 0.004 -1.000] G5=[-0.804 -0.906 -0.004 13.401 0.059]
INFO  [mc_indi_tiltrotor] T2dbg2 Wu25=[1.0 9.0] du25=[-0.0052 0.0000] dmax25=[31.5991 0.0017] nu_yaw=-0.015
INFO  [mc_indi_tiltrotor] WRdbg0 Wu0=1 lo0=-14.78 du0=0.0051 pin0=0.000 a0=[0.007 -0.001 -0.000 -0.001 0.000]
INFO  [mc_indi_tiltrotor] WRdbg1 Wu1=1 lo1=-14.92 du1=-0.0037 pin1=0.000 a1=[-0.009 0.003 0.003 -0.001 0.000]
INFO  [mc_indi_tiltrotor] YWdbg nu2=0.064 ach2=0.033 r=0.03 wsp2=0.00 ddelta=[0.0048 0.0084 0.0024]
INFO  [mc_indi_tiltrotor] T0dbg1 G0=[-0.355 0.244 -0.008 0.190 -0.982] nu_des=[0.01 0.06 -0.01 -0.65 0.25]
INFO  [mc_indi_tiltrotor] T0dbg2 Ws34=[0.1 20.0] Wu0=1.0 du0=-0.0750 dmin0=-15.0229 dmax0=29.9771
INFO  [mc_indi_tiltrotor] T2dbg1 G2=[-0.000 -0.550 0.060 0.004 -1.000] G5=[-0.783 -0.884 -0.003 13.049 0.054]
INFO  [mc_indi_tiltrotor] T2dbg2 Wu25=[1.0 9.0] du25=[-0.1377 -0.0014] dmax25=[31.9507 -0.0007] nu_yaw=-0.006
INFO  [mc_indi_tiltrotor] WRdbg0 Wu0=1 lo0=-15.02 du0=-0.0750 pin0=-0.021 a0=[-0.008 0.040 -0.000 0.000 -0.086]
INFO  [mc_indi_tiltrotor] WRdbg1 Wu1=1 lo1=-15.19 du1=-0.0532 pin1=-0.011 a1=[0.007 0.037 0.000 -0.000 -0.086]
INFO  [mc_indi_tiltrotor] T0dbg1 G0=[-0.355 0.245 -0.006 0.186 -0.982] nu_des=[0.00 -0.01 -0.02 -0.58 0.08]
INFO  [mc_indi_tiltrotor] T0dbg2 Ws34=[0.1 20.0] Wu0=1.0 du0=-0.0814 dmin0=-14.8128 dmax0=30.1872
INFO  [mc_indi_tiltrotor] T2dbg1 G2=[-0.000 -0.550 0.060 0.003 -1.000] G5=[-0.781 -0.891 -0.002 13.022 0.037]
INFO  [mc_indi_tiltrotor] T2dbg2 Wu25=[1.0 9.0] du25=[0.0203 0.0009] dmax25=[31.9775 0.0010] nu_yaw=-0.015
INFO  [mc_indi_tiltrotor] WRdbg0 Wu0=1 lo0=-14.81 du0=-0.0814 pin0=-0.045 a0=[-0.002 -0.005 -0.000 0.000 -0.029]
INFO  [mc_indi_tiltrotor] WRdbg1 Wu1=1 lo1=-15.04 du1=-0.0551 pin1=-0.023 a1=[0.002 -0.005 0.000 -0.000 -0.029]
INFO  [mc_indi_tiltrotor] YWdbg nu2=-0.013 ach2=-0.013 r=0.01 wsp2=0.01 ddelta=[0.0009 -0.0016 -0.0001]
INFO  [mc_indi_tiltrotor] T0dbg1 G0=[-0.355 0.245 -0.007 0.187 -0.982] nu_des=[0.00 -0.00 -0.02 -0.42 0.01]
INFO  [mc_indi_tiltrotor] T0dbg2 Ws34=[0.1 20.0] Wu0=1.0 du0=-0.0060 dmin0=-14.7005 dmax0=30.2995
INFO  [mc_indi_tiltrotor] T2dbg1 G2=[-0.000 -0.550 0.060 0.003 -1.000] G5=[-0.796 -0.908 -0.002 13.260 0.037]
INFO  [mc_indi_tiltrotor] T2dbg2 Wu25=[1.0 9.0] du25=[-0.0003 -0.0002] dmax25=[31.7404 0.0015] nu_yaw=-0.023
INFO  [mc_indi_tiltrotor] WRdbg0 Wu0=1 lo0=-14.70 du0=-0.0060 pin0=0.000 a0=[-0.001 0.000 -0.000 -0.002 -0.002]
INFO  [mc_indi_tiltrotor] WRdbg1 Wu1=1 lo1=-14.85 du1=0.0015 pin1=0.000 a1=[0.002 -0.000 0.004 -0.001 -0.003]
INFO  [mc_indi_tiltrotor] T0dbg1 G0=[-0.355 0.247 -0.002 0.174 -0.985] nu_des=[0.00 -0.01 0.02 -0.14 -0.02]
INFO  [mc_indi_tiltrotor] T0dbg2 Ws34=[0.1 20.0] Wu0=1.0 du0=0.0027 dmin0=-14.6698 dmax0=30.3302
INFO  [mc_indi_tiltrotor] T2dbg1 G2=[-0.000 -0.550 0.060 0.002 -1.000] G5=[-0.800 -0.915 -0.002 13.335 0.033]
INFO  [mc_indi_tiltrotor] T2dbg2 Wu25=[1.0 9.0] du25=[0.0112 0.0001] dmax25=[31.6648 0.0018] nu_yaw=0.024
INFO  [mc_indi_tiltrotor] WRdbg0 Wu0=1 lo0=-14.67 du0=0.0027 pin0=0.000 a0=[-0.002 0.000 0.001 -0.001 0.004]
INFO  [mc_indi_tiltrotor] WRdbg1 Wu1=1 lo1=-14.88 du1=0.0008 pin1=0.000 a1=[0.002 -0.002 -0.004 -0.000 0.005]
INFO  [mc_indi_tiltrotor] YWdbg nu2=-0.061 ach2=-0.016 r=-0.01 wsp2=0.00 ddelta=[0.0042 0.0024 0.0007]
INFO  [mc_indi_tiltrotor] T0dbg1 G0=[-0.355 0.249 0.004 0.159 -0.987] nu_des=[-0.01 0.02 -0.01 0.36 -0.02]
INFO  [mc_indi_tiltrotor] T0dbg2 Ws34=[0.1 20.0] Wu0=1.0 du0=0.0155 dmin0=-14.7354 dmax0=30.2646
INFO  [mc_indi_tiltrotor] T2dbg1 G2=[-0.000 -0.550 0.060 0.002 -1.000] G5=[-0.807 -0.925 -0.002 13.457 0.030]
INFO  [mc_indi_tiltrotor] T2dbg2 Wu25=[1.0 9.0] du25=[-0.0054 0.0002] dmax25=[31.5426 0.0020] nu_yaw=-0.013
INFO  [mc_indi_tiltrotor] WRdbg0 Wu0=1 lo0=-14.74 du0=0.0155 pin0=0.000 a0=[0.009 -0.001 -0.000 0.002 0.005]
INFO  [mc_indi_tiltrotor] WRdbg1 Wu1=1 lo1=-14.97 du1=0.0040 pin1=0.000 a1=[-0.012 0.005 0.003 0.001 0.006]
INFO  [mc_indi_tiltrotor] T0dbg1 G0=[-0.355 0.248 -0.000 0.169 -0.986] nu_des=[0.00 -0.04 0.05 0.09 0.12]
INFO  [mc_indi_tiltrotor] T0dbg2 Ws34=[0.1 20.0] Wu0=1.0 du0=-0.1079 dmin0=-15.1363 dmax0=29.8637
INFO  [mc_indi_tiltrotor] T2dbg1 G2=[-0.000 -0.550 0.060 0.003 -1.000] G5=[-0.773 -0.882 -0.002 12.879 0.035]
INFO  [mc_indi_tiltrotor] T2dbg2 Wu25=[1.0 1000000.0] du25=[0.0480 -0.0010] dmax25=[32.1205 -0.0010] nu_yaw=0.046
INFO  [mc_indi_tiltrotor] WRdbg0 Wu0=1 lo0=-15.14 du0=-0.1079 pin0=-0.037 a0=[-0.006 -0.025 0.000 0.000 -0.040]
INFO  [mc_indi_tiltrotor] WRdbg1 Wu1=1 lo1=-15.38 du1=-0.0858 pin1=-0.025 a1=[0.005 -0.026 -0.000 0.000 -0.040]
INFO  [mc_indi_tiltrotor] YWdbg nu2=0.014 ach2=0.005 r=0.00 wsp2=-0.02 ddelta=[-0.0120 -0.0097 -0.0014]
INFO  [mc_indi_tiltrotor] T0dbg1 G0=[-0.355 0.249 0.003 0.161 -0.987] nu_des=[-0.00 -0.03 -0.01 0.32 0.01]
INFO  [mc_indi_tiltrotor] T0dbg2 Ws34=[0.1 20.0] Wu0=1.0 du0=0.0037 dmin0=-14.8276 dmax0=30.1724
INFO  [mc_indi_tiltrotor] T2dbg1 G2=[-0.000 -0.550 0.060 0.003 -1.000] G5=[-0.815 -0.926 -0.003 13.586 0.046]
INFO  [mc_indi_tiltrotor] T2dbg2 Wu25=[1.0 9.0] du25=[0.0106 0.0006] dmax25=[31.4140 0.0021] nu_yaw=-0.005
INFO  [mc_indi_tiltrotor] WRdbg0 Wu0=1 lo0=-14.83 du0=0.0037 pin0=0.000 a0=[0.005 0.001 -0.000 0.002 -0.003]
INFO  [mc_indi_tiltrotor] WRdbg1 Wu1=1 lo1=-15.08 du1=-0.0147 pin1=0.000 a1=[-0.006 -0.007 0.001 0.001 -0.004]
INFO  [mc_indi_tiltrotor] T0dbg1 G0=[-0.355 0.249 0.002 0.162 -0.987] nu_des=[0.00 0.00 0.02 0.23 0.00]
INFO  [mc_indi_tiltrotor] T0dbg2 Ws34=[0.1 20.0] Wu0=1.0 du0=-0.0040 dmin0=-14.7643 dmax0=30.2357
INFO  [mc_indi_tiltrotor] T2dbg1 G2=[-0.000 -0.550 0.060 0.004 -1.000] G5=[-0.808 -0.916 -0.003 13.469 0.048]
INFO  [mc_indi_tiltrotor] T2dbg2 Wu25=[1.0 9.0] du25=[-0.0043 -0.0001] dmax25=[31.5304 0.0020] nu_yaw=0.021
INFO  [mc_indi_tiltrotor] WRdbg0 Wu0=1 lo0=-14.76 du0=-0.0040 pin0=0.000 a0=[-0.005 -0.000 0.001 0.001 -0.001]
INFO  [mc_indi_tiltrotor] WRdbg1 Wu1=1 lo1=-15.04 du1=0.0026 pin1=0.000 a1=[0.007 0.000 -0.004 0.001 -0.001]
INFO  [mc_indi_tiltrotor] YWdbg nu2=0.045 ach2=0.064 r=-0.02 wsp2=-0.00 ddelta=[-0.0084 -0.0066 0.0020]
INFO  [mc_indi_tiltrotor] T0dbg1 G0=[-0.355 0.248 0.001 0.167 -0.986] nu_des=[0.01 -0.03 0.02 0.05 0.09]
INFO  [mc_indi_tiltrotor] T0dbg2 Ws34=[0.1 20.0] Wu0=1.0 du0=-0.0295 dmin0=-14.8069 dmax0=30.1931
INFO  [mc_indi_tiltrotor] T2dbg1 G2=[-0.000 -0.550 0.060 0.006 -1.000] G5=[-0.800 -0.887 -0.005 13.336 0.085]
INFO  [mc_indi_tiltrotor] T2dbg2 Wu25=[1.0 9.0] du25=[-0.0239 -0.0001] dmax25=[31.6636 0.0020] nu_yaw=0.020
INFO  [mc_indi_tiltrotor] WRdbg0 Wu0=1 lo0=-14.81 du0=-0.0295 pin0=0.042 a0=[-0.015 -0.017 -0.008 0.000 -0.031]
INFO  [mc_indi_tiltrotor] WRdbg1 Wu1=1 lo1=-15.03 du1=-0.0227 pin1=0.019 a1=[0.014 -0.016 -0.007 0.000 -0.032]
INFO  [mc_indi_tiltrotor] T0dbg1 G0=[-0.355 0.248 0.001 0.165 -0.986] nu_des=[0.00 0.01 0.02 -0.02 0.02]
INFO  [mc_indi_tiltrotor] T0dbg2 Ws34=[0.1 20.0] Wu0=1.0 du0=-0.0082 dmin0=-14.6739 dmax0=30.3261
INFO  [mc_indi_tiltrotor] T2dbg1 G2=[-0.000 -0.550 0.060 0.006 -1.000] G5=[-0.794 -0.881 -0.005 13.233 0.083]
INFO  [mc_indi_tiltrotor] T2dbg2 Wu25=[1.0 9.0] du25=[-0.0112 -0.0002] dmax25=[31.7665 0.0017] nu_yaw=0.017
INFO  [mc_indi_tiltrotor] WRdbg0 Wu0=1 lo0=-14.67 du0=-0.0082 pin0=0.000 a0=[-0.004 -0.000 0.001 -0.000 -0.004]
INFO  [mc_indi_tiltrotor] WRdbg1 Wu1=1 lo1=-14.93 du1=-0.0008 pin1=0.000 a1=[0.005 0.002 -0.003 -0.000 -0.005]
INFO  [mc_indi_tiltrotor] YWdbg nu2=-0.050 ach2=0.010 r=0.00 wsp2=0.01 ddelta=[0.0120 0.0120 0.0018]
INFO  [mc_indi_tiltrotor] T0dbg1 G0=[-0.355 0.245 -0.006 0.185 -0.983] nu_des=[-0.00 -0.00 -0.02 -0.49 0.01]
INFO  [mc_indi_tiltrotor] T0dbg2 Ws34=[0.1 20.0] Wu0=1.0 du0=-0.0047 dmin0=-14.6691 dmax0=30.3309
INFO  [mc_indi_tiltrotor] T2dbg1 G2=[-0.000 -0.550 0.060 0.007 -1.000] G5=[-0.786 -0.868 -0.005 13.100 0.089]
INFO  [mc_indi_tiltrotor] T2dbg2 Wu25=[1.0 9.0] du25=[0.0001 -0.0002] dmax25=[31.9000 0.0018] nu_yaw=-0.017
INFO  [mc_indi_tiltrotor] WRdbg0 Wu0=1 lo0=-14.67 du0=-0.0047 pin0=0.000 a0=[0.000 0.000 -0.000 -0.003 -0.002]
INFO  [mc_indi_tiltrotor] WRdbg1 Wu1=1 lo1=-14.84 du1=-0.0025 pin1=0.000 a1=[-0.000 -0.000 0.003 -0.002 -0.003]
INFO  [mc_indi_tiltrotor] T0dbg1 G0=[-0.355 0.247 -0.001 0.171 -0.985] nu_des=[0.00 -0.01 0.01 -0.01 -0.01]
INFO  [mc_indi_tiltrotor] T0dbg2 Ws34=[0.1 20.0] Wu0=1.0 du0=-0.0014 dmin0=-14.6439 dmax0=30.3561
INFO  [mc_indi_tiltrotor] T2dbg1 G2=[-0.000 -0.550 0.060 0.005 -1.000] G5=[-0.784 -0.880 -0.004 13.065 0.062]
INFO  [mc_indi_tiltrotor] T2dbg2 Wu25=[1.0 9.0] du25=[0.0074 -0.0000] dmax25=[31.9347 0.0018] nu_yaw=0.007
INFO  [mc_indi_tiltrotor] WRdbg0 Wu0=1 lo0=-14.64 du0=-0.0014 pin0=0.000 a0=[-0.004 0.000 0.000 -0.000 0.002]
INFO  [mc_indi_tiltrotor] WRdbg1 Wu1=1 lo1=-14.87 du1=0.0032 pin1=0.000 a1=[0.005 -0.002 -0.001 -0.000 0.002]
INFO  [mc_indi_tiltrotor] YWdbg nu2=0.018 ach2=0.017 r=-0.01 wsp2=-0.01 ddelta=[-0.0010 0.0023 0.0000]
INFO  [mc_indi_tiltrotor] T0dbg1 G0=[-0.355 0.245 -0.005 0.183 -0.983] nu_des=[0.01 -0.04 -0.01 -0.42 0.05]
INFO  [mc_indi_tiltrotor] T0dbg2 Ws34=[0.1 20.0] Wu0=1.0 du0=-0.0224 dmin0=-14.6347 dmax0=30.3653
INFO  [mc_indi_tiltrotor] T2dbg1 G2=[-0.000 -0.550 0.060 0.006 -1.000] G5=[-0.781 -0.872 -0.004 13.018 0.072]
INFO  [mc_indi_tiltrotor] T2dbg2 Wu25=[1.0 9.0] du25=[0.0095 -0.0001] dmax25=[31.9817 0.0021] nu_yaw=-0.011
INFO  [mc_indi_tiltrotor] WRdbg0 Wu0=1 lo0=-14.63 du0=-0.0224 pin0=0.000 a0=[-0.011 0.002 -0.000 -0.002 -0.012]
INFO  [mc_indi_tiltrotor] WRdbg1 Wu1=1 lo1=-14.84 du1=-0.0097 pin1=0.000 a1=[0.013 -0.009 0.002 -0.001 -0.014]
INFO  [mc_indi_tiltrotor] T0dbg1 G0=[-0.355 0.247 -0.001 0.172 -0.985] nu_des=[-0.01 -0.09 0.01 -0.05 0.01]
INFO  [mc_indi_tiltrotor] T0dbg2 Ws34=[0.1 20.0] Wu0=1.0 du0=-0.0885 dmin0=-14.7516 dmax0=30.2484
INFO  [mc_indi_tiltrotor] T2dbg1 G2=[-0.000 -0.550 0.060 0.004 -1.000] G5=[-0.775 -0.879 -0.003 12.920 0.047]
INFO  [mc_indi_tiltrotor] T2dbg2 Wu25=[1.0 1000000.0] du25=[0.1358 0.0015] dmax25=[32.0798 0.0015] nu_yaw=0.013
INFO  [mc_indi_tiltrotor] WRdbg0 Wu0=1 lo0=-14.75 du0=-0.0885 pin0=-0.040 a0=[0.009 -0.054 0.000 -0.000 -0.004]
INFO  [mc_indi_tiltrotor] WRdbg1 Wu1=1 lo1=-14.98 du1=-0.0842 pin1=-0.018 a1=[-0.008 -0.054 -0.000 -0.000 -0.004]
INFO  [mc_indi_tiltrotor] YWdbg nu2=-0.015 ach2=-0.017 r=-0.01 wsp2=-0.00 ddelta=[-0.0048 -0.0062 -0.0021]
INFO  [mc_indi_tiltrotor] T0dbg1 G0=[-0.355 0.249 0.004 0.159 -0.987] nu_des=[0.00 -0.02 -0.02 0.39 0.02]
INFO  [mc_indi_tiltrotor] T0dbg2 Ws34=[0.1 20.0] Wu0=1.0 du0=-0.0074 dmin0=-14.7351 dmax0=30.2649
INFO  [mc_indi_tiltrotor] T2dbg1 G2=[-0.000 -0.550 0.060 0.003 -1.000] G5=[-0.803 -0.913 -0.003 13.380 0.044]
INFO  [mc_indi_tiltrotor] T2dbg2 Wu25=[1.0 9.0] du25=[0.0038 0.0001] dmax25=[31.6196 0.0018] nu_yaw=-0.023
INFO  [mc_indi_tiltrotor] WRdbg0 Wu0=1 lo0=-14.74 du0=-0.0074 pin0=0.000 a0=[-0.005 0.000 -0.001 0.002 -0.004]
INFO  [mc_indi_tiltrotor] WRdbg1 Wu1=1 lo1=-14.92 du1=0.0014 pin1=0.000 a1=[0.006 -0.005 0.005 0.001 -0.005]
INFO  [mc_indi_tiltrotor] T0dbg1 G0=[-0.355 0.247 -0.000 0.170 -0.985] nu_des=[-0.00 0.00 0.00 0.02 -0.01]
INFO  [mc_indi_tiltrotor] T0dbg2 Ws34=[0.1 20.0] Wu0=1.0 du0=0.0041 dmin0=-14.7418 dmax0=30.2582
INFO  [mc_indi_tiltrotor] T2dbg1 G2=[-0.000 -0.550 0.060 0.004 -1.000] G5=[-0.804 -0.907 -0.003 13.399 0.056]
INFO  [mc_indi_tiltrotor] T2dbg2 Wu25=[1.0 9.0] du25=[0.0007 0.0000] dmax25=[31.6009 0.0016] nu_yaw=0.001
INFO  [mc_indi_tiltrotor] WRdbg0 Wu0=1 lo0=-14.74 du0=0.0041 pin0=0.000 a0=[0.002 -0.000 0.000 0.000 0.002]
INFO  [mc_indi_tiltrotor] WRdbg1 Wu1=1 lo1=-15.01 du1=0.0004 pin1=0.000 a1=[-0.003 0.001 -0.000 0.000 0.002]
INFO  [mc_indi_tiltrotor] YWdbg nu2=0.010 ach2=0.010 r=-0.01 wsp2=-0.00 ddelta=[-0.0004 0.0014 0.0002]
INFO  [mc_indi_tiltrotor] T0dbg1 G0=[-0.355 0.248 0.001 0.166 -0.986] nu_des=[0.00 -0.01 0.03 0.00 0.00]
INFO  [mc_indi_tiltrotor] T0dbg2 Ws34=[0.1 20.0] Wu0=1.0 du0=-0.0021 dmin0=-14.7722 dmax0=30.2278
INFO  [mc_indi_tiltrotor] T2dbg1 G2=[-0.000 -0.550 0.060 0.004 -1.000] G5=[-0.806 -0.911 -0.003 13.438 0.055]
INFO  [mc_indi_tiltrotor] T2dbg2 Wu25=[1.0 9.0] du25=[0.0015 0.0001] dmax25=[31.5620 0.0014] nu_yaw=0.026
INFO  [mc_indi_tiltrotor] WRdbg0 Wu0=1 lo0=-14.77 du0=-0.0021 pin0=0.000 a0=[-0.002 0.000 0.001 0.000 -0.001]
INFO  [mc_indi_tiltrotor] WRdbg1 Wu1=1 lo1=-15.10 du1=-0.0053 pin1=0.000 a1=[0.002 -0.002 -0.005 0.000 -0.001]
INFO  [mc_indi_tiltrotor] T0dbg1 G0=[-0.355 0.248 0.001 0.165 -0.986] nu_des=[0.00 0.01 -0.03 0.05 0.00]
INFO  [mc_indi_tiltrotor] T0dbg2 Ws34=[0.1 20.0] Wu0=1.0 du0=-0.0017 dmin0=-14.8467 dmax0=30.1533
INFO  [mc_indi_tiltrotor] T2dbg1 G2=[-0.000 -0.550 0.060 0.005 -1.000] G5=[-0.804 -0.904 -0.004 13.400 0.062]
INFO  [mc_indi_tiltrotor] T2dbg2 Wu25=[1.0 9.0] du25=[-0.0044 -0.0002] dmax25=[31.6003 0.0017] nu_yaw=-0.028
INFO  [mc_indi_tiltrotor] WRdbg0 Wu0=1 lo0=-14.85 du0=-0.0017 pin0=0.000 a0=[-0.001 -0.000 -0.001 0.000 -0.000]
INFO  [mc_indi_tiltrotor] WRdbg1 Wu1=1 lo1=-15.03 du1=0.0082 pin1=0.000 a1=[0.001 0.002 0.005 0.000 -0.000]
INFO  [mc_indi_tiltrotor] YWdbg nu2=-0.032 ach2=-0.032 r=0.03 wsp2=0.01 ddelta=[0.0040 -0.0023 0.0003]
INFO  [mc_indi_tiltrotor] T0dbg1 G0=[-0.355 0.245 -0.005 0.184 -0.983] nu_des=[0.01 -0.04 0.00 -0.39 0.06]
INFO  [mc_indi_tiltrotor] T0dbg2 Ws34=[0.1 20.0] Wu0=1.0 du0=-0.0257 dmin0=-14.8644 dmax0=30.1356
INFO  [mc_indi_tiltrotor] T2dbg1 G2=[-0.000 -0.550 0.060 0.005 -1.000] G5=[-0.798 -0.894 -0.004 13.306 0.068]
INFO  [mc_indi_tiltrotor] T2dbg2 Wu25=[1.0 9.0] du25=[-0.0006 -0.0001] dmax25=[31.6942 0.0018] nu_yaw=0.002
INFO  [mc_indi_tiltrotor] WRdbg0 Wu0=1 lo0=-14.86 du0=-0.0257 pin0=0.000 a0=[-0.010 0.002 0.000 -0.002 -0.016]
INFO  [mc_indi_tiltrotor] WRdbg1 Wu1=1 lo1=-15.02 du1=-0.0156 pin1=0.000 a1=[0.013 -0.008 -0.000 -0.001 -0.019]
INFO  [mc_indi_tiltrotor] T0dbg1 G0=[-0.355 0.246 -0.002 0.176 -0.984] nu_des=[0.00 -0.61 -0.01 -0.28 0.22]
INFO  [mc_indi_tiltrotor] T0dbg2 Ws34=[0.1 20.0] Wu0=1.0 du0=-0.4768 dmin0=-14.8222 dmax0=30.1777
INFO  [mc_indi_tiltrotor] T2dbg1 G2=[-0.000 -0.550 0.060 0.004 -1.000] G5=[-0.798 -0.903 -0.003 13.298 0.052]
INFO  [mc_indi_tiltrotor] T2dbg2 Wu25=[1.0 1000000.0] du25=[0.6913 0.0051] dmax25=[31.7021 0.0051] nu_yaw=-0.010
INFO  [mc_indi_tiltrotor] WRdbg0 Wu0=1 lo0=-14.82 du0=-0.4768 pin0=-0.021 a0=[-0.004 -0.377 -0.000 -0.000 -0.075]
INFO  [mc_indi_tiltrotor] WRdbg1 Wu1=1 lo1=-15.08 du1=-0.4550 pin1=-0.003 a1=[0.004 -0.380 0.000 -0.000 -0.076]
INFO  [mc_indi_tiltrotor] YWdbg nu2=-0.017 ach2=-0.004 r=0.00 wsp2=-0.01 ddelta=[0.0006 -0.0030 0.0023]
INFO  [mc_indi_tiltrotor] T0dbg1 G0=[-0.355 0.247 -0.002 0.175 -0.985] nu_des=[-0.01 -0.61 -0.02 -0.08 0.48]
INFO  [mc_indi_tiltrotor] T0dbg2 Ws34=[0.1 20.0] Wu0=1.0 du0=-0.5347 dmin0=-14.6548 dmax0=30.3452
INFO  [mc_indi_tiltrotor] T2dbg1 G2=[-0.000 -0.550 0.060 0.004 -1.000] G5=[-0.835 -0.947 -0.003 13.914 0.050]
INFO  [mc_indi_tiltrotor] T2dbg2 Wu25=[1.0 1000000.0] du25=[0.5871 0.0095] dmax25=[31.0857 0.0095] nu_yaw=-0.021
INFO  [mc_indi_tiltrotor] WRdbg0 Wu0=1 lo0=-14.65 du0=-0.5347 pin0=-0.002 a0=[0.010 -0.379 -0.000 -0.000 -0.164]
INFO  [mc_indi_tiltrotor] WRdbg1 Wu1=1 lo1=-14.92 du1=-0.5394 pin1=0.018 a1=[-0.009 -0.383 0.000 -0.000 -0.166]
INFO  [mc_indi_tiltrotor] T0dbg1 G0=[-0.355 0.246 -0.004 0.179 -0.984] nu_des=[0.01 -0.02 0.02 -0.26 0.02]
INFO  [mc_indi_tiltrotor] T0dbg2 Ws34=[0.1 20.0] Wu0=1.0 du0=-0.0101 dmin0=-14.7747 dmax0=30.2253
INFO  [mc_indi_tiltrotor] T2dbg1 G2=[-0.000 -0.550 0.060 0.005 -1.000] G5=[-0.804 -0.903 -0.004 13.405 0.065]
INFO  [mc_indi_tiltrotor] T2dbg2 Wu25=[1.0 9.0] du25=[0.0081 0.0000] dmax25=[31.5952 0.0018] nu_yaw=0.016
INFO  [mc_indi_tiltrotor] WRdbg0 Wu0=1 lo0=-14.77 du0=-0.0101 pin0=0.000 a0=[-0.006 0.001 0.000 -0.001 -0.004]
INFO  [mc_indi_tiltrotor] WRdbg1 Wu1=1 lo1=-15.01 du1=-0.0065 pin1=0.000 a1=[0.008 -0.005 -0.003 -0.001 -0.005]
INFO  [mc_indi_tiltrotor] YWdbg nu2=0.011 ach2=0.010 r=-0.03 wsp2=-0.00 ddelta=[-0.0025 -0.0006 0.0001]
INFO  [mc_indi_tiltrotor] T0dbg1 G0=[-0.355 0.248 0.000 0.168 -0.986] nu_des=[-0.00 0.24 -0.06 -0.04 0.18]
INFO  [mc_indi_tiltrotor] T0dbg2 Ws34=[0.1 20.0] Wu0=1.0 du0=0.0390 dmin0=-14.9312 dmax0=30.0688
INFO  [mc_indi_tiltrotor] T2dbg1 G2=[-0.000 -0.550 0.060 0.004 -1.000] G5=[-0.806 -0.912 -0.003 13.440 0.052]
INFO  [mc_indi_tiltrotor] T2dbg2 Wu25=[1.0 1000000.0] du25=[-0.3029 -0.0039] dmax25=[31.5599 -0.0022] nu_yaw=-0.060
INFO  [mc_indi_tiltrotor] WRdbg0 Wu0=1 lo0=-14.93 du0=0.0390 pin0=-0.053 a0=[0.001 0.150 -0.000 -0.000 -0.060]
INFO  [mc_indi_tiltrotor] WRdbg1 Wu1=1 lo1=-15.12 du1=0.0541 pin1=-0.036 a1=[-0.001 0.152 0.000 -0.000 -0.060]
INFO  [mc_indi_tiltrotor] T0dbg1 G0=[-0.355 0.246 -0.004 0.179 -0.984] nu_des=[0.01 -0.01 -0.01 -0.25 0.02]
INFO  [mc_indi_tiltrotor] T0dbg2 Ws34=[0.1 20.0] Wu0=1.0 du0=-0.0121 dmin0=-14.8816 dmax0=30.1184
INFO  [mc_indi_tiltrotor] T2dbg1 G2=[-0.000 -0.550 0.060 0.005 -1.000] G5=[-0.812 -0.914 -0.004 13.535 0.061]
INFO  [mc_indi_tiltrotor] T2dbg2 Wu25=[1.0 9.0] du25=[-0.0017 -0.0002] dmax25=[31.4647 0.0018] nu_yaw=-0.010
INFO  [mc_indi_tiltrotor] WRdbg0 Wu0=1 lo0=-14.88 du0=-0.0121 pin0=0.000 a0=[-0.006 0.000 -0.000 -0.001 -0.005]
INFO  [mc_indi_tiltrotor] WRdbg1 Wu1=1 lo1=-15.11 du1=0.0008 pin1=0.000 a1=[0.008 -0.002 0.002 -0.001 -0.006]
INFO  [mc_indi_tiltrotor] YWdbg nu2=-0.012 ach2=-0.012 r=0.02 wsp2=-0.01 ddelta=[0.0012 -0.0008 -0.0003]
INFO  [mc_indi_tiltrotor] T0dbg1 G0=[-0.355 0.246 -0.004 0.179 -0.984] nu_des=[0.00 -0.00 -0.01 -0.19 -0.00]
INFO  [mc_indi_tiltrotor] T0dbg2 Ws34=[0.1 20.0] Wu0=1.0 du0=-0.0011 dmin0=-14.8757 dmax0=30.1243
INFO  [mc_indi_tiltrotor] T2dbg1 G2=[-0.000 -0.550 0.060 0.004 -1.000] G5=[-0.811 -0.914 -0.003 13.517 0.058]
INFO  [mc_indi_tiltrotor] T2dbg2 Wu25=[1.0 9.0] du25=[0.0041 -0.0001] dmax25=[31.4832 0.0016] nu_yaw=-0.009
INFO  [mc_indi_tiltrotor] WRdbg0 Wu0=1 lo0=-14.88 du0=-0.0011 pin0=0.000 a0=[-0.000 0.000 -0.000 -0.001 0.000]
INFO  [mc_indi_tiltrotor] WRdbg1 Wu1=1 lo1=-15.11 du1=0.0011 pin1=0.000 a1=[0.001 -0.001 0.002 -0.001 0.000]
INFO  [mc_indi_tiltrotor] T0dbg1 G0=[-0.355 0.245 -0.005 0.182 -0.983] nu_des=[0.00 0.03 -0.03 -0.17 -0.00]
INFO  [mc_indi_tiltrotor] T0dbg2 Ws34=[0.1 20.0] Wu0=1.0 du0=-0.0005 dmin0=-14.9031 dmax0=30.0969
INFO  [mc_indi_tiltrotor] T2dbg1 G2=[-0.000 -0.550 0.060 0.004 -1.000] G5=[-0.814 -0.918 -0.003 13.565 0.057]
INFO  [mc_indi_tiltrotor] T2dbg2 Wu25=[1.0 9.0] du25=[-0.0181 -0.0006] dmax25=[31.4349 0.0014] nu_yaw=-0.026
INFO  [mc_indi_tiltrotor] WRdbg0 Wu0=1 lo0=-14.90 du0=-0.0005 pin0=-0.017 a0=[-0.001 0.018 -0.000 0.000 0.000]
INFO  [mc_indi_tiltrotor] WRdbg1 Wu1=1 lo1=-15.08 du1=0.0148 pin1=-0.004 a1=[0.001 0.016 0.001 -0.000 0.000]
INFO  [mc_indi_tiltrotor] YWdbg nu2=0.021 ach2=-0.023 r=-0.01 wsp2=-0.02 ddelta=[-0.0102 -0.0066 -0.0039]
INFO  [mc_indi_tiltrotor] T0dbg1 G0=[-0.355 0.248 0.001 0.166 -0.986] nu_des=[0.01 -0.29 0.02 0.16 0.06]
INFO  [mc_indi_tiltrotor] T0dbg2 Ws34=[0.1 20.0] Wu0=1.0 du0=-0.1687 dmin0=-14.8580 dmax0=30.1420
INFO  [mc_indi_tiltrotor] T2dbg1 G2=[-0.000 -0.550 0.060 0.003 -1.000] G5=[-0.830 -0.942 -0.003 13.829 0.048]
INFO  [mc_indi_tiltrotor] T2dbg2 Wu25=[1.0 1000000.0] du25=[0.2796 0.0058] dmax25=[31.1710 0.0058] nu_yaw=0.019
INFO  [mc_indi_tiltrotor] WRdbg0 Wu0=1 lo0=-14.86 du0=-0.1687 pin0=0.050 a0=[-0.019 -0.177 0.000 0.000 -0.022]
INFO  [mc_indi_tiltrotor] WRdbg1 Wu1=1 lo1=-15.11 du1=-0.1470 pin1=0.036 a1=[0.018 -0.179 -0.000 0.000 -0.022]
INFO  [mc_indi_tiltrotor] T0dbg1 G0=[-0.355 0.247 -0.002 0.174 -0.985] nu_des=[0.00 0.01 0.02 -0.15 -0.00]
INFO  [mc_indi_tiltrotor] T0dbg2 Ws34=[0.1 20.0] Wu0=1.0 du0=-0.0013 dmin0=-14.9005 dmax0=30.0995
INFO  [mc_indi_tiltrotor] T2dbg1 G2=[-0.000 -0.550 0.060 0.004 -1.000] G5=[-0.820 -0.927 -0.003 13.659 0.054]
INFO  [mc_indi_tiltrotor] T2dbg2 Wu25=[1.0 9.0] du25=[-0.0032 -0.0001] dmax25=[31.3410 0.0018] nu_yaw=0.017
INFO  [mc_indi_tiltrotor] WRdbg0 Wu0=1 lo0=-14.90 du0=-0.0013 pin0=0.000 a0=[-0.001 -0.000 0.000 -0.001 0.001]
INFO  [mc_indi_tiltrotor] WRdbg1 Wu1=1 lo1=-15.18 du1=0.0011 pin1=0.000 a1=[0.002 0.002 -0.003 -0.001 0.001]
INFO  [mc_indi_tiltrotor] YWdbg nu2=0.027 ach2=0.027 r=-0.01 wsp2=0.02 ddelta=[-0.0017 0.0032 0.0001]
INFO  [mc_indi_tiltrotor] T0dbg1 G0=[-0.355 0.248 0.002 0.163 -0.987] nu_des=[-0.01 0.02 -0.03 0.18 -0.00]
INFO  [mc_indi_tiltrotor] T0dbg2 Ws34=[0.1 20.0] Wu0=1.0 du0=0.0121 dmin0=-14.9165 dmax0=30.0835
INFO  [mc_indi_tiltrotor] T2dbg1 G2=[-0.000 -0.550 0.060 0.003 -1.000] G5=[-0.821 -0.935 -0.003 13.690 0.042]
INFO  [mc_indi_tiltrotor] T2dbg2 Wu25=[1.0 9.0] du25=[-0.0102 0.0001] dmax25=[31.3100 0.0020] nu_yaw=-0.031
INFO  [mc_indi_tiltrotor] WRdbg0 Wu0=1 lo0=-14.92 du0=0.0121 pin0=0.000 a0=[0.012 -0.001 -0.001 0.001 0.001]
INFO  [mc_indi_tiltrotor] WRdbg1 Wu1=1 lo1=-15.18 du1=-0.0018 pin1=0.000 a1=[-0.015 0.006 0.006 0.001 0.001]
INFO  [mc_indi_tiltrotor] T0dbg1 G0=[-0.355 0.246 -0.004 0.180 -0.984] nu_des=[0.00 0.01 -0.02 -0.21 0.02]
INFO  [mc_indi_tiltrotor] T0dbg2 Ws34=[0.1 20.0] Wu0=1.0 du0=-0.0073 dmin0=-14.8988 dmax0=30.1012
INFO  [mc_indi_tiltrotor] T2dbg1 G2=[-0.000 -0.550 0.060 0.004 -1.000] G5=[-0.818 -0.927 -0.003 13.640 0.051]
INFO  [mc_indi_tiltrotor] T2dbg2 Wu25=[1.0 9.0] du25=[-0.0107 -0.0003] dmax25=[31.3604 0.0015] nu_yaw=-0.016
INFO  [mc_indi_tiltrotor] WRdbg0 Wu0=1 lo0=-14.90 du0=-0.0073 pin0=0.000 a0=[-0.001 -0.001 -0.000 -0.001 -0.004]
INFO  [mc_indi_tiltrotor] WRdbg1 Wu1=1 lo1=-15.08 du1=0.0018 pin1=0.000 a1=[0.002 0.002 0.003 -0.001 -0.005]
INFO  [mc_indi_tiltrotor] YWdbg nu2=-0.021 ach2=-0.021 r=0.03 wsp2=-0.01 ddelta=[0.0000 -0.0039 -0.0001]
INFO  [mc_indi_tiltrotor] T0dbg1 G0=[-0.355 0.246 -0.004 0.180 -0.984] nu_des=[-0.01 -0.61 0.07 -0.10 0.41]
INFO  [mc_indi_tiltrotor] T0dbg2 Ws34=[0.1 20.0] Wu0=1.0 du0=-0.5062 dmin0=-14.8939 dmax0=30.1061
INFO  [mc_indi_tiltrotor] T2dbg1 G2=[-0.000 -0.550 0.060 0.004 -1.000] G5=[-0.828 -0.937 -0.003 13.797 0.053]
INFO  [mc_indi_tiltrotor] T2dbg2 Wu25=[1.0 1000000.0] du25=[0.6153 0.0091] dmax25=[31.2030 0.0091] nu_yaw=0.069
INFO  [mc_indi_tiltrotor] WRdbg0 Wu0=1 lo0=-14.89 du0=-0.5062 pin0=-0.007 a0=[0.019 -0.379 0.000 -0.000 -0.140]
INFO  [mc_indi_tiltrotor] WRdbg1 Wu1=1 lo1=-15.15 du1=-0.5296 pin1=0.013 a1=[-0.019 -0.383 -0.000 -0.000 -0.141]
INFO  [mc_indi_tiltrotor] T0dbg1 G0=[-0.355 0.246 -0.003 0.177 -0.984] nu_des=[0.00 -0.03 0.03 -0.20 0.02]
INFO  [mc_indi_tiltrotor] T0dbg2 Ws34=[0.1 20.0] Wu0=1.0 du0=-0.0081 dmin0=-14.8561 dmax0=30.1439
INFO  [mc_indi_tiltrotor] T2dbg1 G2=[-0.000 -0.550 0.060 0.004 -1.000] G5=[-0.815 -0.921 -0.003 13.586 0.055]
INFO  [mc_indi_tiltrotor] T2dbg2 Wu25=[1.0 9.0] du25=[0.0099 0.0002] dmax25=[31.4135 0.0021] nu_yaw=0.028
INFO  [mc_indi_tiltrotor] WRdbg0 Wu0=1 lo0=-14.86 du0=-0.0081 pin0=0.000 a0=[-0.004 0.002 0.001 -0.001 -0.005]
INFO  [mc_indi_tiltrotor] WRdbg1 Wu1=1 lo1=-15.14 du1=-0.0136 pin1=0.000 a1=[0.005 -0.007 -0.005 -0.001 -0.006]
INFO  [mc_indi_tiltrotor] YWdbg nu2=0.022 ach2=0.022 r=-0.04 wsp2=0.01 ddelta=[-0.0013 0.0028 -0.0003]
INFO  [mc_indi_tiltrotor] T0dbg1 G0=[-0.355 0.248 0.002 0.164 -0.987] nu_des=[-0.02 -0.14 -0.03 0.09 0.05]
INFO  [mc_indi_tiltrotor] T0dbg2 Ws34=[0.1 20.0] Wu0=1.0 du0=-0.0861 dmin0=-14.8141 dmax0=30.1859
INFO  [mc_indi_tiltrotor] T2dbg1 G2=[-0.000 -0.550 0.060 0.003 -1.000] G5=[-0.813 -0.926 -0.002 13.552 0.040]
INFO  [mc_indi_tiltrotor] T2dbg2 Wu25=[1.0 1000000.0] du25=[0.1585 0.0026] dmax25=[31.4476 0.0062] nu_yaw=-0.027
INFO  [mc_indi_tiltrotor] WRdbg0 Wu0=1 lo0=-14.81 du0=-0.0861 pin0=-0.007 a0=[0.023 -0.086 -0.000 0.000 -0.016]
INFO  [mc_indi_tiltrotor] WRdbg1 Wu1=1 lo1=-15.12 du1=-0.1196 pin1=0.005 a1=[-0.022 -0.087 0.000 0.000 -0.016]
INFO  [mc_indi_tiltrotor] T0dbg1 G0=[-0.355 0.248 0.002 0.164 -0.987] nu_des=[0.01 -0.14 0.01 0.23 0.12]
INFO  [mc_indi_tiltrotor] T0dbg2 Ws34=[0.1 20.0] Wu0=1.0 du0=-0.0846 dmin0=-14.8883 dmax0=30.1117
INFO  [mc_indi_tiltrotor] T2dbg1 G2=[-0.000 -0.550 0.060 0.004 -1.000] G5=[-0.829 -0.937 -0.003 13.815 0.055]
INFO  [mc_indi_tiltrotor] T2dbg2 Wu25=[1.0 1000000.0] du25=[0.0860 0.0018] dmax25=[31.1849 0.0054] nu_yaw=0.005
INFO  [mc_indi_tiltrotor] WRdbg0 Wu0=1 lo0=-14.89 du0=-0.0846 pin0=0.053 a0=[-0.011 -0.087 0.000 0.000 -0.039]
INFO  [mc_indi_tiltrotor] WRdbg1 Wu1=1 lo1=-15.08 du1=-0.0870 pin1=0.030 a1=[0.011 -0.088 -0.000 0.000 -0.040]
INFO  [mc_indi_tiltrotor] YWdbg nu2=-0.015 ach2=-0.012 r=0.04 wsp2=-0.00 ddelta=[0.0084 0.0057 0.0008]
INFO  [mc_indi_tiltrotor] T0dbg1 G0=[-0.355 0.245 -0.006 0.187 -0.982] nu_des=[-0.00 -0.13 -0.01 -0.47 0.07]
INFO  [mc_indi_tiltrotor] T0dbg2 Ws34=[0.1 20.0] Wu0=1.0 du0=-0.0388 dmin0=-15.0243 dmax0=29.9757
INFO  [mc_indi_tiltrotor] T2dbg1 G2=[-0.000 -0.550 0.060 0.004 -1.000] G5=[-0.811 -0.914 -0.003 13.511 0.057]
INFO  [mc_indi_tiltrotor] T2dbg2 Wu25=[1.0 9.0] du25=[0.0801 0.0023] dmax25=[31.4887 0.0031] nu_yaw=-0.009
INFO  [mc_indi_tiltrotor] WRdbg0 Wu0=1 lo0=-15.02 du0=-0.0388 pin0=0.060 a0=[0.006 -0.080 -0.000 0.000 -0.024]
INFO  [mc_indi_tiltrotor] WRdbg1 Wu1=1 lo1=-15.19 du1=-0.0739 pin1=0.029 a1=[-0.005 -0.073 0.000 -0.000 -0.025]
INFO  [mc_indi_tiltrotor] T0dbg1 G0=[-0.355 0.241 -0.015 0.209 -0.978] nu_des=[0.01 -0.18 0.03 -1.20 0.13]
INFO  [mc_indi_tiltrotor] T0dbg2 Ws34=[0.1 20.0] Wu0=1.0 du0=-0.1025 dmin0=-15.0599 dmax0=29.9401
INFO  [mc_indi_tiltrotor] T2dbg1 G2=[-0.000 -0.550 0.060 0.004 -1.000] G5=[-0.805 -0.911 -0.003 13.424 0.052]
INFO  [mc_indi_tiltrotor] T2dbg2 Wu25=[1.0 9.0] du25=[0.1322 0.0025] dmax25=[31.5758 0.0040] nu_yaw=0.033
INFO  [mc_indi_tiltrotor] WRdbg0 Wu0=1 lo0=-15.06 du0=-0.1025 pin0=0.064 a0=[-0.008 -0.116 0.000 0.000 -0.043]
INFO  [mc_indi_tiltrotor] WRdbg1 Wu1=1 lo1=-15.22 du1=-0.1087 pin1=0.034 a1=[0.008 -0.106 -0.001 -0.001 -0.043]
INFO  [mc_indi_tiltrotor] YWdbg nu2=0.015 ach2=0.011 r=-0.02 wsp2=-0.02 ddelta=[-0.0006 0.0012 -0.0003]
INFO  [mc_indi_tiltrotor] T0dbg1 G0=[-0.355 0.242 -0.011 0.200 -0.980] nu_des=[-0.01 0.09 -0.01 -0.94 0.03]
INFO  [mc_indi_tiltrotor] T0dbg2 Ws34=[0.1 20.0] Wu0=1.0 du0=-0.0008 dmin0=-14.8679 dmax0=30.1321
INFO  [mc_indi_tiltrotor] T2dbg1 G2=[-0.000 -0.550 0.060 0.002 -1.000] G5=[-0.789 -0.907 -0.001 13.143 0.024]
INFO  [mc_indi_tiltrotor] T2dbg2 Wu25=[1.0 9.0] du25=[-0.0668 -0.0010] dmax25=[31.8567 0.0002] nu_yaw=-0.006
INFO  [mc_indi_tiltrotor] WRdbg0 Wu0=1 lo0=-14.87 du0=-0.0008 pin0=-0.062 a0=[0.016 0.055 -0.000 0.000 -0.011]
INFO  [mc_indi_tiltrotor] WRdbg1 Wu1=1 lo1=-15.09 du1=-0.0086 pin1=-0.033 a1=[-0.015 0.051 0.000 -0.001 -0.011]
INFO  [mc_indi_tiltrotor] T0dbg1 G0=[-0.355 0.246 -0.003 0.177 -0.984] nu_des=[0.00 0.22 -0.01 -0.23 0.06]
INFO  [mc_indi_tiltrotor] T0dbg2 Ws34=[0.1 20.0] Wu0=1.0 du0=0.0562 dmin0=-15.0056 dmax0=29.9944
INFO  [mc_indi_tiltrotor] T2dbg1 G2=[-0.000 -0.550 0.060 0.001 -1.000] G5=[-0.801 -0.923 -0.001 13.347 0.020]
INFO  [mc_indi_tiltrotor] T2dbg2 Wu25=[1.0 1000000.0] du25=[-0.2379 -0.0015] dmax25=[31.6534 0.0003] nu_yaw=-0.012
INFO  [mc_indi_tiltrotor] WRdbg0 Wu0=1 lo0=-15.01 du0=0.0562 pin0=-0.056 a0=[-0.004 0.136 -0.000 -0.000 -0.020]
INFO  [mc_indi_tiltrotor] WRdbg1 Wu1=1 lo1=-15.21 du1=0.0880 pin1=-0.033 a1=[0.004 0.137 0.000 -0.000 -0.020]
INFO  [mc_indi_tiltrotor] YWdbg nu2=-0.035 ach2=-0.027 r=0.01 wsp2=0.00 ddelta=[0.0024 -0.0012 -0.0015]
INFO  [mc_indi_tiltrotor] T0dbg1 G0=[-0.355 0.248 0.002 0.163 -0.987] nu_des=[0.01 -0.02 -0.04 0.26 -0.05]
INFO  [mc_indi_tiltrotor] T0dbg2 Ws34=[0.1 20.0] Wu0=1.0 du0=0.0075 dmin0=-15.3147 dmax0=29.6853
INFO  [mc_indi_tiltrotor] T2dbg1 G2=[-0.000 -0.550 0.060 0.002 -1.000] G5=[-0.857 -0.983 -0.002 14.288 0.032]
INFO  [mc_indi_tiltrotor] T2dbg2 Wu25=[1.0 9.0] du25=[0.0311 -0.0000] dmax25=[30.7117 0.0019] nu_yaw=-0.041
INFO  [mc_indi_tiltrotor] WRdbg0 Wu0=1 lo0=-15.31 du0=0.0075 pin0=0.000 a0=[-0.007 0.001 -0.001 0.001 0.014]
INFO  [mc_indi_tiltrotor] WRdbg1 Wu1=1 lo1=-15.50 du1=0.0289 pin1=0.000 a1=[0.009 -0.006 0.008 0.001 0.016]
INFO  [mc_indi_tiltrotor] T0dbg1 G0=[-0.355 0.245 -0.006 0.186 -0.983] nu_des=[0.02 -0.01 -0.01 -0.52 -0.04]
INFO  [mc_indi_tiltrotor] T0dbg2 Ws34=[0.1 20.0] Wu0=1.0 du0=-0.0106 dmin0=-15.8309 dmax0=29.1691
INFO  [mc_indi_tiltrotor] T2dbg1 G2=[-0.000 -0.550 0.060 0.003 -1.000] G5=[-0.893 -1.014 -0.003 14.884 0.050]
INFO  [mc_indi_tiltrotor] T2dbg2 Wu25=[1.0 9.0] du25=[0.0215 -0.0007] dmax25=[30.1161 0.0011] nu_yaw=-0.006
INFO  [mc_indi_tiltrotor] WRdbg0 Wu0=1 lo0=-15.83 du0=-0.0106 pin0=0.000 a0=[-0.018 0.001 -0.000 -0.003 0.009]
INFO  [mc_indi_tiltrotor] WRdbg1 Wu1=1 lo1=-16.08 du1=0.0312 pin1=0.000 a1=[0.024 -0.003 0.001 -0.002 0.011]
INFO  [mc_indi_tiltrotor] YWdbg nu2=0.001 ach2=0.001 r=-0.00 wsp2=-0.03 ddelta=[-0.0002 -0.0002 0.0002]
INFO  [mc_indi_tiltrotor] T0dbg1 G0=[-0.355 0.246 -0.003 0.177 -0.984] nu_des=[0.00 -0.00 0.01 -0.37 -0.01]
INFO  [mc_indi_tiltrotor] T0dbg2 Ws34=[0.1 20.0] Wu0=1.0 du0=0.0002 dmin0=-16.1400 dmax0=28.8600
INFO  [mc_indi_tiltrotor] T2dbg1 G2=[-0.000 -0.550 0.060 0.003 -1.000] G5=[-0.921 -1.049 -0.003 15.353 0.047]
INFO  [mc_indi_tiltrotor] T2dbg2 Wu25=[1.0 9.0] du25=[0.0080 -0.0001] dmax25=[29.6474 0.0019] nu_yaw=0.008
INFO  [mc_indi_tiltrotor] WRdbg0 Wu0=1 lo0=-16.14 du0=0.0002 pin0=0.000 a0=[-0.002 0.000 0.000 -0.002 0.004]
INFO  [mc_indi_tiltrotor] WRdbg1 Wu1=1 lo1=-16.38 du1=0.0033 pin1=0.000 a1=[0.002 -0.000 -0.001 -0.001 0.004]
INFO  [mc_indi_tiltrotor] T0dbg1 G0=[-0.355 0.246 -0.002 0.176 -0.984] nu_des=[-0.01 0.09 0.01 -0.37 0.00]
INFO  [mc_indi_tiltrotor] T0dbg2 Ws34=[0.1 20.0] Wu0=1.0 du0=0.0227 dmin0=-16.1061 dmax0=28.8939
INFO  [mc_indi_tiltrotor] T2dbg1 G2=[-0.000 -0.550 0.060 0.003 -1.000] G5=[-0.930 -1.062 -0.002 15.503 0.041]
INFO  [mc_indi_tiltrotor] T2dbg2 Wu25=[1.0 9.0] du25=[-0.0724 -0.0016] dmax25=[29.4970 0.0012] nu_yaw=0.007
INFO  [mc_indi_tiltrotor] WRdbg0 Wu0=1 lo0=-16.11 du0=0.0227 pin0=-0.041 a0=[0.008 0.056 0.000 0.000 -0.001]
INFO  [mc_indi_tiltrotor] WRdbg1 Wu1=1 lo1=-16.38 du1=0.0210 pin1=-0.020 a1=[-0.007 0.050 -0.000 -0.000 -0.001]
INFO  [mc_indi_tiltrotor] YWdbg nu2=-0.014 ach2=-0.029 r=-0.02 wsp2=0.00 ddelta=[-0.0120 -0.0120 -0.0022]
INFO  [mc_indi_tiltrotor] T0dbg1 G0=[-0.355 0.245 -0.005 0.183 -0.983] nu_des=[0.00 -0.05 -0.01 -0.51 0.04]
INFO  [mc_indi_tiltrotor] T0dbg2 Ws34=[0.1 20.0] Wu0=1.0 du0=-0.0144 dmin0=-16.1383 dmax0=28.8617
INFO  [mc_indi_tiltrotor] T2dbg1 G2=[-0.000 -0.550 0.060 0.004 -1.000] G5=[-0.932 -1.053 -0.004 15.533 0.063]
INFO  [mc_indi_tiltrotor] T2dbg2 Wu25=[1.0 9.0] du25=[0.0140 0.0002] dmax25=[29.4669 0.0020] nu_yaw=-0.009
INFO  [mc_indi_tiltrotor] WRdbg0 Wu0=1 lo0=-16.14 du0=-0.0144 pin0=0.000 a0=[-0.005 0.004 -0.000 -0.003 -0.011]
INFO  [mc_indi_tiltrotor] WRdbg1 Wu1=1 lo1=-16.34 du1=-0.0168 pin1=0.000 a1=[0.007 -0.011 0.002 -0.002 -0.013]
INFO  [mc_indi_tiltrotor] T0dbg1 G0=[-0.355 0.247 -0.001 0.173 -0.985] nu_des=[-0.01 0.02 0.01 -0.10 -0.03]
INFO  [mc_indi_tiltrotor] T0dbg2 Ws34=[0.1 20.0] Wu0=1.0 du0=0.0190 dmin0=-16.1636 dmax0=28.8364
INFO  [mc_indi_tiltrotor] T2dbg1 G2=[-0.000 -0.550 0.060 0.003 -1.000] G5=[-0.941 -1.072 -0.003 15.682 0.047]
INFO  [mc_indi_tiltrotor] T2dbg2 Wu25=[1.0 9.0] du25=[0.0037 0.0003] dmax25=[29.3178 0.0024] nu_yaw=0.011
INFO  [mc_indi_tiltrotor] WRdbg0 Wu0=1 lo0=-16.16 du0=0.0190 pin0=0.000 a0=[0.012 -0.001 0.000 -0.001 0.008]
INFO  [mc_indi_tiltrotor] WRdbg1 Wu1=1 lo1=-16.41 du1=-0.0044 pin1=0.000 a1=[-0.016 0.005 -0.002 -0.000 0.010]
INFO  [mc_indi_tiltrotor] YWdbg nu2=0.003 ach2=0.003 r=-0.01 wsp2=-0.01 ddelta=[-0.0034 -0.0027 -0.0002]
INFO  [mc_indi_tiltrotor] T0dbg1 G0=[-0.355 0.247 -0.001 0.171 -0.985] nu_des=[-0.00 -0.01 0.01 -0.15 0.01]
INFO  [mc_indi_tiltrotor] T0dbg2 Ws34=[0.1 20.0] Wu0=1.0 du0=0.0036 dmin0=-16.1857 dmax0=28.8143
INFO  [mc_indi_tiltrotor] T2dbg1 G2=[-0.000 -0.550 0.060 0.003 -1.000] G5=[-0.951 -1.085 -0.003 15.855 0.045]
INFO  [mc_indi_tiltrotor] T2dbg2 Wu25=[1.0 9.0] du25=[0.0037 0.0003] dmax25=[29.1451 0.0018] nu_yaw=0.014
INFO  [mc_indi_tiltrotor] WRdbg0 Wu0=1 lo0=-16.19 du0=0.0036 pin0=0.000 a0=[0.005 0.001 0.000 -0.001 -0.001]
INFO  [mc_indi_tiltrotor] WRdbg1 Wu1=1 lo1=-16.51 du1=-0.0133 pin1=0.000 a1=[-0.006 -0.002 -0.003 -0.000 -0.002]
INFO  [mc_indi_tiltrotor] T0dbg1 G0=[-0.355 0.248 0.002 0.164 -0.986] nu_des=[0.00 0.45 -0.06 0.05 0.16]
INFO  [mc_indi_tiltrotor] T0dbg2 Ws34=[0.1 20.0] Wu0=1.0 du0=0.2375 dmin0=-16.2358 dmax0=28.7642
INFO  [mc_indi_tiltrotor] T2dbg1 G2=[-0.000 -0.550 0.060 0.004 -1.000] G5=[-0.986 -1.117 -0.004 16.432 0.061]
INFO  [mc_indi_tiltrotor] T2dbg2 Wu25=[1.0 1000000.0] du25=[-0.6272 0.0002] dmax25=[28.5675 0.0038] nu_yaw=-0.056
INFO  [mc_indi_tiltrotor] WRdbg0 Wu0=1 lo0=-16.24 du0=0.2375 pin0=0.023 a0=[-0.007 0.277 -0.000 0.000 -0.056]
INFO  [mc_indi_tiltrotor] WRdbg1 Wu1=1 lo1=-16.51 du1=0.2462 pin1=0.017 a1=[0.006 0.280 0.000 0.000 -0.057]
INFO  [mc_indi_tiltrotor] YWdbg nu2=-0.031 ach2=-0.076 r=0.03 wsp2=0.01 ddelta=[0.0012 -0.0024 -0.0036]
INFO  [mc_indi_tiltrotor] T0dbg1 G0=[-0.355 0.245 -0.005 0.184 -0.983] nu_des=[-0.00 0.02 -0.01 -0.52 0.01]
INFO  [mc_indi_tiltrotor] T0dbg2 Ws34=[0.1 20.0] Wu0=1.0 du0=-0.0009 dmin0=-16.2825 dmax0=28.7175
INFO  [mc_indi_tiltrotor] T2dbg1 G2=[-0.000 -0.550 0.060 0.005 -1.000] G5=[-0.956 -1.072 -0.005 15.932 0.079]
INFO  [mc_indi_tiltrotor] T2dbg2 Wu25=[1.0 9.0] du25=[-0.0079 -0.0002] dmax25=[29.0679 0.0017] nu_yaw=-0.006
INFO  [mc_indi_tiltrotor] WRdbg0 Wu0=1 lo0=-16.28 du0=-0.0009 pin0=0.000 a0=[0.005 -0.001 -0.000 -0.003 -0.002]
INFO  [mc_indi_tiltrotor] WRdbg1 Wu1=1 lo1=-16.51 du1=-0.0059 pin1=0.000 a1=[-0.007 0.004 0.001 -0.002 -0.002]
INFO  [mc_indi_tiltrotor] T0dbg1 G0=[-0.355 0.247 -0.001 0.172 -0.985] nu_des=[0.00 -0.36 -0.00 -0.17 0.20]
INFO  [mc_indi_tiltrotor] T0dbg2 Ws34=[0.1 20.0] Wu0=1.0 du0=-0.2376 dmin0=-16.3307 dmax0=28.6693
INFO  [mc_indi_tiltrotor] T2dbg1 G2=[-0.000 -0.550 0.060 0.004 -1.000] G5=[-0.992 -1.117 -0.004 16.540 0.074]
INFO  [mc_indi_tiltrotor] T2dbg2 Wu25=[1.0 1000000.0] du25=[0.3220 0.0049] dmax25=[28.4598 0.0085] nu_yaw=-0.002
INFO  [mc_indi_tiltrotor] WRdbg0 Wu0=1 lo0=-16.33 du0=-0.2376 pin0=0.058 a0=[-0.004 -0.223 -0.000 -0.000 -0.068]
INFO  [mc_indi_tiltrotor] WRdbg1 Wu1=1 lo1=-16.56 du1=-0.2504 pin1=0.040 a1=[0.004 -0.226 0.000 -0.000 -0.068]
INFO  [mc_indi_tiltrotor] YWdbg nu2=-0.012 ach2=0.021 r=-0.02 wsp2=-0.02 ddelta=[0.0120 0.0120 0.0067]
INFO  [mc_indi_tiltrotor] T0dbg1 G0=[-0.355 0.245 -0.005 0.184 -0.983] nu_des=[-0.00 -0.05 0.01 -0.60 0.08]
INFO  [mc_indi_tiltrotor] T0dbg2 Ws34=[0.1 20.0] Wu0=1.0 du0=-0.0160 dmin0=-16.3904 dmax0=28.6096
INFO  [mc_indi_tiltrotor] T2dbg1 G2=[-0.000 -0.550 0.060 0.006 -1.000] G5=[-0.963 -1.073 -0.005 16.042 0.090]
INFO  [mc_indi_tiltrotor] T2dbg2 Wu25=[1.0 9.0] du25=[0.0001 0.0005] dmax25=[28.9580 0.0021] nu_yaw=0.008
INFO  [mc_indi_tiltrotor] WRdbg0 Wu0=1 lo0=-16.39 du0=-0.0160 pin0=0.000 a0=[0.002 0.004 0.000 -0.003 -0.020]
INFO  [mc_indi_tiltrotor] WRdbg1 Wu1=1 lo1=-16.68 du1=-0.0410 pin1=0.000 a1=[-0.003 -0.010 -0.001 -0.002 -0.024]
INFO  [mc_indi_tiltrotor] YWdbg nu2=-0.004 ach2=-0.004 r=-0.01 wsp2=0.00 ddelta=[-0.0004 -0.0011 -0.0003]
INFO  [mc_indi_tiltrotor] T0dbg1 G0=[-0.355 0.246 -0.004 0.180 -0.984] nu_des=[0.00 -0.00 -0.01 -0.44 0.03]
INFO  [mc_indi_tiltrotor] T0dbg2 Ws34=[0.1 20.0] Wu0=1.0 du0=-0.0133 dmin0=-16.3125 dmax0=28.6875
INFO  [mc_indi_tiltrotor] T2dbg1 G2=[-0.000 -0.550 0.060 0.005 -1.000] G5=[-0.960 -1.077 -0.005 15.996 0.078]
INFO  [mc_indi_tiltrotor] T2dbg2 Wu25=[1.0 9.0] du25=[-0.0097 -0.0003] dmax25=[29.0042 0.0015] nu_yaw=-0.006
INFO  [mc_indi_tiltrotor] WRdbg0 Wu0=1 lo0=-16.31 du0=-0.0133 pin0=0.000 a0=[-0.003 0.000 -0.000 -0.002 -0.008]
INFO  [mc_indi_tiltrotor] WRdbg1 Wu1=1 lo1=-16.59 du1=-0.0067 pin1=0.000 a1=[0.004 -0.000 0.001 -0.002 -0.010]
INFO  [mc_indi_tiltrotor] T0dbg1 G0=[-0.355 0.247 -0.000 0.170 -0.985] nu_des=[-0.01 0.02 0.01 -0.10 0.01]
INFO  [mc_indi_tiltrotor] T0dbg2 Ws34=[0.1 20.0] Wu0=1.0 du0=0.0020 dmin0=-16.3647 dmax0=28.6353
INFO  [mc_indi_tiltrotor] T2dbg1 G2=[-0.000 -0.550 0.060 0.003 -1.000] G5=[-0.961 -1.090 -0.003 16.013 0.056]
INFO  [mc_indi_tiltrotor] T2dbg2 Wu25=[1.0 9.0] du25=[-0.0129 0.0001] dmax25=[28.9869 0.0019] nu_yaw=0.010
INFO  [mc_indi_tiltrotor] WRdbg0 Wu0=1 lo0=-16.36 du0=0.0020 pin0=0.000 a0=[0.007 -0.001 0.000 -0.001 -0.003]
INFO  [mc_indi_tiltrotor] WRdbg1 Wu1=1 lo1=-16.67 du1=-0.0105 pin1=0.000 a1=[-0.009 0.004 -0.002 -0.000 -0.004]
INFO  [mc_indi_tiltrotor] YWdbg nu2=-0.017 ach2=-0.015 r=0.01 wsp2=0.00 ddelta=[-0.0008 -0.0024 -0.0021]
INFO  [mc_indi_tiltrotor] T0dbg1 G0=[-0.355 0.244 -0.007 0.189 -0.982] nu_des=[0.01 -0.03 -0.01 -0.77 0.11]
INFO  [mc_indi_tiltrotor] T0dbg2 Ws34=[0.1 20.0] Wu0=1.0 du0=-0.0544 dmin0=-16.3946 dmax0=28.6054
INFO  [mc_indi_tiltrotor] T2dbg1 G2=[-0.000 -0.550 0.060 0.005 -1.000] G5=[-0.951 -1.062 -0.005 15.844 0.085]
INFO  [mc_indi_tiltrotor] T2dbg2 Wu25=[1.0 9.0] du25=[-0.0164 -0.0006] dmax25=[29.1558 0.0009] nu_yaw=-0.005
INFO  [mc_indi_tiltrotor] WRdbg0 Wu0=1 lo0=-16.39 du0=-0.0544 pin0=0.017 a0=[-0.018 -0.016 -0.000 0.000 -0.038]
INFO  [mc_indi_tiltrotor] WRdbg1 Wu1=1 lo1=-16.60 du1=-0.0270 pin1=0.010 a1=[0.016 -0.014 0.000 -0.001 -0.038]
INFO  [mc_indi_tiltrotor] T0dbg1 G0=[-0.355 0.245 -0.005 0.183 -0.983] nu_des=[0.00 0.08 0.01 -0.44 0.02]
INFO  [mc_indi_tiltrotor] T0dbg2 Ws34=[0.1 20.0] Wu0=1.0 du0=-0.0156 dmin0=-16.1567 dmax0=28.8433
INFO  [mc_indi_tiltrotor] T2dbg1 G2=[-0.000 -0.550 0.060 0.004 -1.000] G5=[-0.949 -1.077 -0.003 15.823 0.057]
INFO  [mc_indi_tiltrotor] T2dbg2 Wu25=[1.0 9.0] du25=[-0.0570 -0.0013] dmax25=[29.1766 0.0006] nu_yaw=0.009
INFO  [mc_indi_tiltrotor] WRdbg0 Wu0=1 lo0=-16.16 du0=-0.0156 pin0=-0.062 a0=[-0.001 0.052 0.004 -0.000 -0.008]
INFO  [mc_indi_tiltrotor] WRdbg1 Wu1=1 lo1=-16.39 du1=0.0098 pin1=-0.028 a1=[0.001 0.046 0.000 -0.000 -0.008]
INFO  [mc_indi_tiltrotor] YWdbg nu2=-0.028 ach2=0.028 r=0.02 wsp2=-0.00 ddelta=[0.0120 0.0120 0.0069]
INFO  [mc_indi_tiltrotor] T0dbg1 G0=[-0.355 0.247 -0.002 0.174 -0.985] nu_des=[0.01 0.58 0.01 -0.11 0.24]
INFO  [mc_indi_tiltrotor] T0dbg2 Ws34=[0.1 20.0] Wu0=1.0 du0=0.2886 dmin0=-16.2219 dmax0=28.7781
INFO  [mc_indi_tiltrotor] T2dbg1 G2=[-0.000 -0.550 0.060 0.004 -1.000] G5=[-0.979 -1.110 -0.004 16.315 0.059]
INFO  [mc_indi_tiltrotor] T2dbg2 Wu25=[1.0 1000000.0] du25=[-0.8109 -0.0021] dmax25=[28.6848 0.0015] nu_yaw=0.009
INFO  [mc_indi_tiltrotor] WRdbg0 Wu0=1 lo0=-16.22 du0=0.2886 pin0=0.026 a0=[-0.015 0.359 0.000 -0.000 -0.081]
INFO  [mc_indi_tiltrotor] WRdbg1 Wu1=1 lo1=-16.47 du1=0.3031 pin1=0.007 a1=[0.015 0.363 -0.000 -0.000 -0.082]
INFO  [mc_indi_tiltrotor] T0dbg1 G0=[-0.355 0.247 -0.002 0.174 -0.985] nu_des=[-0.01 0.25 -0.03 -0.18 0.06]
INFO  [mc_indi_tiltrotor] T0dbg2 Ws34=[0.1 20.0] Wu0=1.0 du0=0.0809 dmin0=-16.2233 dmax0=28.7767
INFO  [mc_indi_tiltrotor] T2dbg1 G2=[-0.000 -0.550 0.060 0.003 -1.000] G5=[-0.963 -1.100 -0.002 16.046 0.041]
INFO  [mc_indi_tiltrotor] T2dbg2 Wu25=[1.0 1000000.0] du25=[-0.2663 -0.0026] dmax25=[28.9542 -0.0009] nu_yaw=-0.033
INFO  [mc_indi_tiltrotor] WRdbg0 Wu0=1 lo0=-16.22 du0=0.0809 pin0=-0.059 a0=[0.010 0.152 -0.000 -0.000 -0.022]
INFO  [mc_indi_tiltrotor] WRdbg1 Wu1=1 lo1=-16.52 du1=0.0867 pin1=-0.035 a1=[-0.010 0.153 0.000 -0.000 -0.022]
INFO  [mc_indi_tiltrotor] YWdbg nu2=-0.036 ach2=-0.035 r=0.03 wsp2=-0.00 ddelta=[0.0040 -0.0020 0.0002]
INFO  [mc_indi_tiltrotor] T0dbg1 G0=[-0.355 0.247 -0.001 0.171 -0.985] nu_des=[0.00 -0.00 -0.03 -0.01 0.01]
INFO  [mc_indi_tiltrotor] T0dbg2 Ws34=[0.1 20.0] Wu0=1.0 du0=-0.0035 dmin0=-16.5098 dmax0=28.4902
INFO  [mc_indi_tiltrotor] T2dbg1 G2=[-0.000 -0.550 0.060 0.003 -1.000] G5=[-0.978 -1.116 -0.003 16.304 0.047]
INFO  [mc_indi_tiltrotor] T2dbg2 Wu25=[1.0 9.0] du25=[-0.0028 -0.0002] dmax25=[28.6959 0.0017] nu_yaw=-0.035
INFO  [mc_indi_tiltrotor] WRdbg0 Wu0=1 lo0=-16.51 du0=-0.0035 pin0=-0.008 a0=[-0.002 -0.003 0.014 0.000 -0.004]
INFO  [mc_indi_tiltrotor] WRdbg1 Wu1=1 lo1=-16.76 du1=0.0052 pin1=-0.003 a1=[0.002 -0.002 0.013 -0.000 -0.004]
INFO  [mc_indi_tiltrotor] T0dbg1 G0=[-0.355 0.246 -0.004 0.179 -0.984] nu_des=[0.00 -0.01 0.02 -0.34 0.05]
INFO  [mc_indi_tiltrotor] T0dbg2 Ws34=[0.1 20.0] Wu0=1.0 du0=-0.0154 dmin0=-16.3619 dmax0=28.6381
INFO  [mc_indi_tiltrotor] T2dbg1 G2=[-0.000 -0.550 0.060 0.003 -1.000] G5=[-0.969 -1.101 -0.003 16.145 0.053]
INFO  [mc_indi_tiltrotor] T2dbg2 Wu25=[1.0 9.0] du25=[-0.0091 -0.0000] dmax25=[28.8552 0.0017] nu_yaw=0.018
INFO  [mc_indi_tiltrotor] WRdbg0 Wu0=1 lo0=-16.36 du0=-0.0154 pin0=0.000 a0=[-0.003 0.001 0.000 -0.002 -0.012]
INFO  [mc_indi_tiltrotor] WRdbg1 Wu1=1 lo1=-16.65 du1=-0.0184 pin1=0.000 a1=[0.004 -0.004 -0.003 -0.001 -0.015]
INFO  [mc_indi_tiltrotor] YWdbg nu2=0.028 ach2=0.027 r=-0.02 wsp2=0.00 ddelta=[-0.0017 0.0028 0.0002]
INFO  [mc_indi_tiltrotor] T0dbg1 G0=[-0.355 0.247 -0.001 0.171 -0.985] nu_des=[0.01 -0.00 0.02 -0.20 -0.01]
INFO  [mc_indi_tiltrotor] T0dbg2 Ws34=[0.1 20.0] Wu0=1.0 du0=-0.0043 dmin0=-16.3393 dmax0=28.6607
INFO  [mc_indi_tiltrotor] T2dbg1 G2=[-0.000 -0.550 0.060 0.003 -1.000] G5=[-0.964 -1.100 -0.003 16.061 0.044]
INFO  [mc_indi_tiltrotor] T2dbg2 Wu25=[1.0 9.0] du25=[0.0026 -0.0002] dmax25=[28.9388 0.0014] nu_yaw=0.023
INFO  [mc_indi_tiltrotor] WRdbg0 Wu0=1 lo0=-16.34 du0=-0.0043 pin0=0.000 a0=[-0.006 0.000 0.001 -0.001 0.002]
INFO  [mc_indi_tiltrotor] WRdbg1 Wu1=1 lo1=-16.63 du1=0.0046 pin1=0.000 a1=[0.008 -0.000 -0.004 -0.001 0.002]
INFO  [mc_indi_tiltrotor] T0dbg1 G0=[-0.355 0.248 0.000 0.168 -0.986] nu_des=[0.01 -0.10 -0.00 -0.11 0.08]
INFO  [mc_indi_tiltrotor] T0dbg2 Ws34=[0.1 20.0] Wu0=1.0 du0=-0.0465 dmin0=-16.4361 dmax0=28.5639
INFO  [mc_indi_tiltrotor] T2dbg1 G2=[-0.000 -0.550 0.060 0.004 -1.000] G5=[-0.967 -1.091 -0.004 16.113 0.066]
INFO  [mc_indi_tiltrotor] T2dbg2 Wu25=[1.0 9.0] du25=[0.0469 0.0014] dmax25=[28.8868 0.0037] nu_yaw=-0.004
INFO  [mc_indi_tiltrotor] WRdbg0 Wu0=1 lo0=-16.44 du0=-0.0465 pin0=0.062 a0=[-0.016 -0.066 -0.000 0.000 -0.026]
INFO  [mc_indi_tiltrotor] WRdbg1 Wu1=1 lo1=-16.67 du1=-0.0422 pin1=0.027 a1=[0.015 -0.058 0.000 -0.000 -0.026]
INFO  [mc_indi_tiltrotor] YWdbg nu2=0.002 ach2=0.012 r=0.02 wsp2=-0.01 ddelta=[0.0120 0.0120 0.0019]
INFO  [mc_indi_tiltrotor] T0dbg1 G0=[-0.355 0.244 -0.009 0.193 -0.981] nu_des=[0.01 -0.00 -0.02 -0.87 0.10]
INFO  [mc_indi_tiltrotor] T0dbg2 Ws34=[0.1 20.0] Wu0=1.0 du0=-0.0467 dmin0=-16.3739 dmax0=28.6261
INFO  [mc_indi_tiltrotor] T2dbg1 G2=[-0.000 -0.550 0.060 0.004 -1.000] G5=[-0.947 -1.069 -0.004 15.790 0.066]
INFO  [mc_indi_tiltrotor] T2dbg2 Wu25=[1.0 9.0] du25=[-0.0262 -0.0007] dmax25=[29.2095 0.0007] nu_yaw=-0.015
INFO  [mc_indi_tiltrotor] WRdbg0 Wu0=1 lo0=-16.37 du0=-0.0467 pin0=-0.002 a0=[-0.010 -0.001 -0.000 0.000 -0.034]
INFO  [mc_indi_tiltrotor] WRdbg1 Wu1=1 lo1=-16.60 du1=-0.0242 pin1=0.002 a1=[0.009 -0.001 0.001 -0.001 -0.034]
INFO  [mc_indi_tiltrotor] T0dbg1 G0=[-0.355 0.242 -0.013 0.204 -0.979] nu_des=[-0.01 0.03 0.01 -1.20 -0.03]
INFO  [mc_indi_tiltrotor] T0dbg2 Ws34=[0.1 20.0] Wu0=1.0 du0=0.0096 dmin0=-16.2083 dmax0=28.7917
INFO  [mc_indi_tiltrotor] T2dbg1 G2=[-0.000 -0.550 0.060 0.003 -1.000] G5=[-0.938 -1.067 -0.003 15.635 0.050]
INFO  [mc_indi_tiltrotor] T2dbg2 Wu25=[1.0 9.0] du25=[0.0008 -0.0002] dmax25=[29.3645 0.0013] nu_yaw=0.012
INFO  [mc_indi_tiltrotor] WRdbg0 Wu0=1 lo0=-16.21 du0=0.0096 pin0=0.000 a0=[0.012 -0.004 -0.000 -0.006 0.008]
INFO  [mc_indi_tiltrotor] WRdbg1 Wu1=1 lo1=-16.41 du1=-0.0062 pin1=0.000 a1=[-0.016 0.006 -0.002 -0.004 0.010]
INFO  [mc_indi_tiltrotor] YWdbg nu2=-0.011 ach2=-0.015 r=-0.01 wsp2=-0.00 ddelta=[-0.0017 -0.0030 -0.0019]
INFO  [mc_indi_tiltrotor] T0dbg1 G0=[-0.355 0.246 -0.004 0.179 -0.984] nu_des=[-0.00 0.24 -0.00 -0.35 0.06]
INFO  [mc_indi_tiltrotor] T0dbg2 Ws34=[0.1 20.0] Wu0=1.0 du0=0.0687 dmin0=-16.2217 dmax0=28.7783
INFO  [mc_indi_tiltrotor] T2dbg1 G2=[-0.000 -0.550 0.060 0.001 -1.000] G5=[-0.939 -1.083 -0.001 15.650 0.023]
INFO  [mc_indi_tiltrotor] T2dbg2 Wu25=[1.0 1000000.0] du25=[-0.2645 -0.0015] dmax25=[29.3501 0.0003] nu_yaw=-0.005
INFO  [mc_indi_tiltrotor] WRdbg0 Wu0=1 lo0=-16.22 du0=0.0687 pin0=-0.061 a0=[0.001 0.150 -0.000 -0.000 -0.021]
INFO  [mc_indi_tiltrotor] WRdbg1 Wu1=1 lo1=-16.48 du1=0.0955 pin1=-0.034 a1=[-0.001 0.152 0.000 -0.000 -0.022]
INFO  [mc_indi_tiltrotor] T0dbg1 G0=[-0.355 0.246 -0.003 0.177 -0.984] nu_des=[-0.00 -0.01 -0.02 -0.13 0.00]
INFO  [mc_indi_tiltrotor] T0dbg2 Ws34=[0.1 20.0] Wu0=1.0 du0=-0.0004 dmin0=-16.0782 dmax0=28.9218
INFO  [mc_indi_tiltrotor] T2dbg1 G2=[-0.000 -0.550 0.060 0.002 -1.000] G5=[-0.955 -1.100 -0.002 15.909 0.026]
INFO  [mc_indi_tiltrotor] T2dbg2 Wu25=[1.0 9.0] du25=[0.0078 0.0001] dmax25=[29.0911 0.0019] nu_yaw=-0.023
INFO  [mc_indi_tiltrotor] WRdbg0 Wu0=1 lo0=-16.08 du0=-0.0004 pin0=0.000 a0=[0.001 0.001 -0.001 -0.001 -0.001]
INFO  [mc_indi_tiltrotor] WRdbg1 Wu1=1 lo1=-16.38 du1=-0.0013 pin1=0.000 a1=[-0.001 -0.003 0.004 -0.000 -0.001]
INFO  [mc_indi_tiltrotor] YWdbg nu2=-0.018 ach2=-0.018 r=0.02 wsp2=-0.02 ddelta=[0.0015 -0.0016 0.0003]
INFO  [mc_indi_tiltrotor] T0dbg1 G0=[-0.355 0.246 -0.004 0.179 -0.984] nu_des=[-0.00 0.00 -0.01 -0.07 -0.05]
INFO  [mc_indi_tiltrotor] T0dbg2 Ws34=[0.1 20.0] Wu0=1.0 du0=0.0193 dmin0=-16.2789 dmax0=28.7211
INFO  [mc_indi_tiltrotor] T2dbg1 G2=[-0.000 -0.550 0.060 0.001 -1.000] G5=[-0.960 -1.107 -0.001 16.003 0.024]
INFO  [mc_indi_tiltrotor] T2dbg2 Wu25=[1.0 9.0] du25=[0.0161 0.0001] dmax25=[28.9974 0.0018] nu_yaw=-0.009
INFO  [mc_indi_tiltrotor] WRdbg0 Wu0=1 lo0=-16.28 du0=0.0193 pin0=-0.005 a0=[0.005 0.000 0.004 0.000 0.016]
INFO  [mc_indi_tiltrotor] WRdbg1 Wu1=1 lo1=-16.55 du1=0.0135 pin1=-0.002 a1=[-0.004 0.000 0.003 -0.000 0.016]
INFO  [mc_indi_tiltrotor] T0dbg1 G0=[-0.355 0.246 -0.003 0.178 -0.984] nu_des=[-0.00 -0.00 -0.00 -0.17 0.02]
INFO  [mc_indi_tiltrotor] T0dbg2 Ws34=[0.1 20.0] Wu0=1.0 du0=-0.0050 dmin0=-16.4445 dmax0=28.5555
INFO  [mc_indi_tiltrotor] T2dbg1 G2=[-0.000 -0.550 0.060 0.003 -1.000] G5=[-0.970 -1.106 -0.003 16.165 0.047]
INFO  [mc_indi_tiltrotor] T2dbg2 Wu25=[1.0 9.0] du25=[-0.0045 -0.0000] dmax25=[28.8350 0.0017] nu_yaw=-0.005
INFO  [mc_indi_tiltrotor] WRdbg0 Wu0=1 lo0=-16.44 du0=-0.0050 pin0=0.000 a0=[0.000 0.000 -0.000 -0.001 -0.005]
INFO  [mc_indi_tiltrotor] WRdbg1 Wu1=1 lo1=-16.71 du1=-0.0061 pin1=0.000 a1=[-0.001 -0.001 0.001 -0.001 -0.005]
INFO  [mc_indi_tiltrotor] YWdbg nu2=0.008 ach2=0.009 r=-0.04 wsp2=-0.00 ddelta=[-0.0120 -0.0083 -0.0032]
INFO  [mc_indi_tiltrotor] T0dbg1 G0=[-0.355 0.246 -0.003 0.176 -0.984] nu_des=[0.00 -0.02 0.02 -0.17 0.01]
INFO  [mc_indi_tiltrotor] T0dbg2 Ws34=[0.1 20.0] Wu0=1.0 du0=-0.0038 dmin0=-16.2863 dmax0=28.7137
INFO  [mc_indi_tiltrotor] T2dbg1 G2=[-0.000 -0.550 0.060 0.003 -1.000] G5=[-0.951 -1.080 -0.003 15.844 0.054]
INFO  [mc_indi_tiltrotor] T2dbg2 Wu25=[1.0 9.0] du25=[0.0062 0.0002] dmax25=[29.1560 0.0020] nu_yaw=0.017
INFO  [mc_indi_tiltrotor] WRdbg0 Wu0=1 lo0=-16.29 du0=-0.0038 pin0=0.000 a0=[-0.001 0.002 0.000 -0.001 -0.004]
INFO  [mc_indi_tiltrotor] WRdbg1 Wu1=1 lo1=-16.54 du1=-0.0117 pin1=0.000 a1=[0.002 -0.005 -0.003 -0.001 -0.004]
INFO  [mc_indi_tiltrotor] T0dbg1 G0=[-0.355 0.243 -0.009 0.195 -0.981] nu_des=[0.00 -0.08 0.02 -0.90 0.11]
INFO  [mc_indi_tiltrotor] T0dbg2 Ws34=[0.1 20.0] Wu0=1.0 du0=-0.0310 dmin0=-16.0298 dmax0=28.9702
INFO  [mc_indi_tiltrotor] T2dbg1 G2=[-0.000 -0.550 0.060 0.005 -1.000] G5=[-0.943 -1.059 -0.004 15.709 0.074]
INFO  [mc_indi_tiltrotor] T2dbg2 Wu25=[1.0 9.0] du25=[0.0120 0.0006] dmax25=[29.2908 0.0033] nu_yaw=0.019
INFO  [mc_indi_tiltrotor] WRdbg0 Wu0=1 lo0=-16.03 du0=-0.0310 pin0=0.061 a0=[-0.002 -0.051 0.000 0.000 -0.039]
INFO  [mc_indi_tiltrotor] WRdbg1 Wu1=1 lo1=-16.29 du1=-0.0566 pin1=0.027 a1=[0.002 -0.045 -0.001 -0.001 -0.039]
INFO  [mc_indi_tiltrotor] YWdbg nu2=-0.021 ach2=-0.013 r=-0.00 wsp2=0.04 ddelta=[0.0024 0.0024 0.0040]
INFO  [mc_indi_tiltrotor] T0dbg1 G0=[-0.355 0.245 -0.006 0.185 -0.983] nu_des=[-0.02 0.05 0.00 -0.57 0.03]
INFO  [mc_indi_tiltrotor] T0dbg2 Ws34=[0.1 20.0] Wu0=1.0 du0=0.0022 dmin0=-16.0076 dmax0=28.9924
INFO  [mc_indi_tiltrotor] T2dbg1 G2=[-0.000 -0.550 0.060 0.003 -1.000] G5=[-0.928 -1.057 -0.003 15.462 0.045]
INFO  [mc_indi_tiltrotor] T2dbg2 Wu25=[1.0 9.0] du25=[-0.0405 -0.0002] dmax25=[29.5382 0.0013] nu_yaw=0.003
INFO  [mc_indi_tiltrotor] WRdbg0 Wu0=1 lo0=-16.01 du0=0.0022 pin0=0.000 a0=[0.018 -0.005 0.000 -0.003 -0.008]
INFO  [mc_indi_tiltrotor] WRdbg1 Wu1=1 lo1=-16.29 du1=-0.0239 pin1=0.000 a1=[-0.024 0.012 -0.001 -0.002 -0.010]
INFO  [mc_indi_tiltrotor] T0dbg1 G0=[-0.355 0.245 -0.005 0.182 -0.983] nu_des=[-0.00 0.02 -0.01 -0.43 -0.01]
INFO  [mc_indi_tiltrotor] T0dbg2 Ws34=[0.1 20.0] Wu0=1.0 du0=0.0028 dmin0=-16.1077 dmax0=28.8923
INFO  [mc_indi_tiltrotor] T2dbg1 G2=[-0.000 -0.550 0.060 0.003 -1.000] G5=[-0.938 -1.072 -0.002 15.635 0.040]
INFO  [mc_indi_tiltrotor] T2dbg2 Wu25=[1.0 9.0] du25=[-0.0017 -0.0002] dmax25=[29.3648 0.0019] nu_yaw=-0.011
INFO  [mc_indi_tiltrotor] WRdbg0 Wu0=1 lo0=-16.11 du0=0.0028 pin0=0.000 a0=[0.004 -0.001 -0.000 -0.002 0.003]
INFO  [mc_indi_tiltrotor] WRdbg1 Wu1=1 lo1=-16.30 du1=0.0020 pin1=0.000 a1=[-0.005 0.004 0.002 -0.001 0.003]
INFO  [mc_indi_tiltrotor] YWdbg nu2=0.000 ach2=0.000 r=0.02 wsp2=0.01 ddelta=[-0.0014 -0.0015 0.0003]
INFO  [mc_indi_tiltrotor] T0dbg1 G0=[-0.355 0.248 -0.000 0.169 -0.986] nu_des=[0.01 -0.02 0.00 -0.02 -0.01]
INFO  [mc_indi_tiltrotor] T0dbg2 Ws34=[0.1 20.0] Wu0=1.0 du0=-0.0040 dmin0=-16.2659 dmax0=28.7341
INFO  [mc_indi_tiltrotor] T2dbg1 G2=[-0.000 -0.550 0.060 0.002 -1.000] G5=[-0.954 -1.094 -0.002 15.908 0.036]
INFO  [mc_indi_tiltrotor] T2dbg2 Wu25=[1.0 9.0] du25=[0.0124 -0.0001] dmax25=[29.0919 0.0013] nu_yaw=0.002
INFO  [mc_indi_tiltrotor] WRdbg0 Wu0=1 lo0=-16.27 du0=-0.0040 pin0=0.000 a0=[-0.008 0.001 0.000 -0.000 0.003]
INFO  [mc_indi_tiltrotor] WRdbg1 Wu1=1 lo1=-16.52 du1=0.0106 pin1=0.000 a1=[0.011 -0.004 -0.000 -0.000 0.004]
INFO  [mc_indi_tiltrotor] T0dbg1 G0=[-0.355 0.247 -0.001 0.171 -0.985] nu_des=[0.01 0.01 0.00 -0.09 0.01]
INFO  [mc_indi_tiltrotor] T0dbg2 Ws34=[0.1 20.0] Wu0=1.0 du0=-0.0104 dmin0=-16.1985 dmax0=28.8015
INFO  [mc_indi_tiltrotor] T2dbg1 G2=[-0.000 -0.550 0.060 0.002 -1.000] G5=[-0.956 -1.097 -0.002 15.938 0.034]
INFO  [mc_indi_tiltrotor] T2dbg2 Wu25=[1.0 9.0] du25=[-0.0068 -0.0005] dmax25=[29.0623 0.0017] nu_yaw=0.002
INFO  [mc_indi_tiltrotor] WRdbg0 Wu0=1 lo0=-16.20 du0=-0.0104 pin0=0.000 a0=[-0.008 -0.000 0.000 -0.000 -0.002]
INFO  [mc_indi_tiltrotor] WRdbg1 Wu1=1 lo1=-16.52 du1=0.0095 pin1=0.000 a1=[0.011 0.001 -0.000 -0.000 -0.002]
INFO  [mc_indi_tiltrotor] YWdbg nu2=0.015 ach2=0.014 r=-0.01 wsp2=0.00 ddelta=[-0.0003 0.0020 0.0003]
INFO  [mc_indi_tiltrotor] T0dbg1 G0=[-0.355 0.248 0.001 0.167 -0.986] nu_des=[0.01 -0.00 0.02 -0.07 0.01]
INFO  [mc_indi_tiltrotor] T0dbg2 Ws34=[0.1 20.0] Wu0=1.0 du0=-0.0083 dmin0=-16.1433 dmax0=28.8567
INFO  [mc_indi_tiltrotor] T2dbg1 G2=[-0.000 -0.550 0.060 0.002 -1.000] G5=[-0.950 -1.091 -0.002 15.834 0.032]
INFO  [mc_indi_tiltrotor] T2dbg2 Wu25=[1.0 9.0] du25=[-0.0034 -0.0002] dmax25=[29.1662 0.0018] nu_yaw=0.023
INFO  [mc_indi_tiltrotor] WRdbg0 Wu0=1 lo0=-16.14 du0=-0.0083 pin0=0.000 a0=[-0.006 0.000 0.001 -0.000 -0.003]
INFO  [mc_indi_tiltrotor] WRdbg1 Wu1=1 lo1=-16.44 du1=-0.0011 pin1=0.000 a1=[0.008 -0.001 -0.004 -0.000 -0.003]
INFO  [mc_indi_tiltrotor] T0dbg1 G0=[-0.355 0.249 0.003 0.161 -0.987] nu_des=[-0.01 -0.02 -0.05 0.10 0.02]
INFO  [mc_indi_tiltrotor] T0dbg2 Ws34=[0.1 20.0] Wu0=1.0 du0=-0.0211 dmin0=-16.1504 dmax0=28.8496
INFO  [mc_indi_tiltrotor] T2dbg1 G2=[-0.000 -0.550 0.060 0.003 -1.000] G5=[-0.949 -1.081 -0.003 15.809 0.047]
INFO  [mc_indi_tiltrotor] T2dbg2 Wu25=[1.0 9.0] du25=[0.0271 0.0014] dmax25=[29.1911 0.0028] nu_yaw=-0.052
INFO  [mc_indi_tiltrotor] WRdbg0 Wu0=1 lo0=-16.15 du0=-0.0211 pin0=-0.012 a0=[0.010 -0.012 -0.001 -0.000 -0.006]
INFO  [mc_indi_tiltrotor] WRdbg1 Wu1=1 lo1=-16.40 du1=-0.0236 pin1=0.001 a1=[-0.009 -0.011 0.002 0.000 -0.006]
INFO  [mc_indi_tiltrotor] YWdbg nu2=0.018 ach2=-0.005 r=0.03 wsp2=-0.02 ddelta=[0.0030 0.0012 0.0005]
INFO  [mc_indi_tiltrotor] T0dbg1 G0=[-0.355 0.245 -0.005 0.184 -0.983] nu_des=[0.02 0.03 -0.01 -0.54 0.14]
INFO  [mc_indi_tiltrotor] T0dbg2 Ws34=[0.1 20.0] Wu0=1.0 du0=-0.0579 dmin0=-16.2960 dmax0=28.7040
INFO  [mc_indi_tiltrotor] T2dbg1 G2=[-0.000 -0.550 0.060 0.004 -1.000] G5=[-0.939 -1.058 -0.004 15.652 0.069]
INFO  [mc_indi_tiltrotor] T2dbg2 Wu25=[1.0 9.0] du25=[-0.0729 -0.0016] dmax25=[29.3478 -0.0010] nu_yaw=-0.005
INFO  [mc_indi_tiltrotor] WRdbg0 Wu0=1 lo0=-16.30 du0=-0.0579 pin0=0.000 a0=[-0.018 -0.003 -0.000 -0.003 -0.034]
INFO  [mc_indi_tiltrotor] WRdbg1 Wu1=1 lo1=-16.49 du1=-0.0107 pin1=0.000 a1=[0.024 0.007 0.001 -0.002 -0.041]
INFO  [mc_indi_tiltrotor] T0dbg1 G0=[-0.355 0.246 -0.005 0.182 -0.983] nu_des=[0.01 0.00 0.01 -0.45 -0.01]
INFO  [mc_indi_tiltrotor] T0dbg2 Ws34=[0.1 20.0] Wu0=1.0 du0=-0.0044 dmin0=-16.1069 dmax0=28.8931
INFO  [mc_indi_tiltrotor] T2dbg1 G2=[-0.000 -0.550 0.060 0.004 -1.000] G5=[-0.938 -1.064 -0.003 15.638 0.056]
INFO  [mc_indi_tiltrotor] T2dbg2 Wu25=[1.0 9.0] du25=[0.0048 -0.0004] dmax25=[29.3620 0.0012] nu_yaw=0.008
INFO  [mc_indi_tiltrotor] WRdbg0 Wu0=1 lo0=-16.11 du0=-0.0044 pin0=0.000 a0=[-0.006 -0.000 0.000 -0.002 0.004]
INFO  [mc_indi_tiltrotor] WRdbg1 Wu1=1 lo1=-16.37 du1=0.0096 pin1=0.000 a1=[0.007 0.001 -0.001 -0.002 0.004]
INFO  [mc_indi_tiltrotor] YWdbg nu2=-0.011 ach2=-0.011 r=-0.01 wsp2=-0.02 ddelta=[0.0043 0.0024 -0.0002]
INFO  [mc_indi_tiltrotor] T0dbg1 G0=[-0.355 0.246 -0.003 0.177 -0.984] nu_des=[0.01 0.25 0.02 -0.37 0.43]
INFO  [mc_indi_tiltrotor] T0dbg2 Ws34=[0.1 20.0] Wu0=1.0 du0=-0.0130 dmin0=-16.5712 dmax0=28.4288
INFO  [mc_indi_tiltrotor] T2dbg1 G2=[-0.000 -0.550 0.060 0.004 -1.000] G5=[-0.938 -1.058 -0.004 15.630 0.066]
INFO  [mc_indi_tiltrotor] T2dbg2 Wu25=[1.0 1000000.0] du25=[-0.4353 -0.0043] dmax25=[29.3702 -0.0026] nu_yaw=0.023
INFO  [mc_indi_tiltrotor] WRdbg0 Wu0=1 lo0=-16.57 du0=-0.0130 pin0=-0.010 a0=[-0.012 0.157 0.000 -0.000 -0.148]
INFO  [mc_indi_tiltrotor] WRdbg1 Wu1=1 lo1=-16.82 du1=0.0063 pin1=-0.015 a1=[0.012 0.159 -0.000 -0.000 -0.150]
INFO  [mc_indi_tiltrotor] T0dbg1 G0=[-0.355 0.246 -0.004 0.179 -0.984] nu_des=[-0.01 0.01 0.01 -0.45 0.01]
INFO  [mc_indi_tiltrotor] T0dbg2 Ws34=[0.1 20.0] Wu0=1.0 du0=0.0083 dmin0=-16.1530 dmax0=28.8470
INFO  [mc_indi_tiltrotor] T2dbg1 G2=[-0.000 -0.550 0.060 0.004 -1.000] G5=[-0.944 -1.066 -0.004 15.738 0.064]
INFO  [mc_indi_tiltrotor] T2dbg2 Wu25=[1.0 9.0] du25=[-0.0027 0.0003] dmax25=[29.2622 0.0022] nu_yaw=0.013
INFO  [mc_indi_tiltrotor] WRdbg0 Wu0=1 lo0=-16.15 du0=0.0083 pin0=0.000 a0=[0.012 -0.001 0.000 -0.002 -0.001]
INFO  [mc_indi_tiltrotor] WRdbg1 Wu1=1 lo1=-16.40 du1=-0.0201 pin1=0.000 a1=[-0.016 0.002 -0.002 -0.002 -0.002]
INFO  [mc_indi_tiltrotor] YWdbg nu2=-0.020 ach2=-0.019 r=0.02 wsp2=0.00 ddelta=[-0.0000 -0.0033 -0.0002]
INFO  [mc_indi_tiltrotor] T0dbg1 G0=[-0.355 0.248 0.000 0.168 -0.986] nu_des=[0.01 -0.01 -0.03 0.02 0.01]
INFO  [mc_indi_tiltrotor] T0dbg2 Ws34=[0.1 20.0] Wu0=1.0 du0=-0.0147 dmin0=-16.2312 dmax0=28.7688
INFO  [mc_indi_tiltrotor] T2dbg1 G2=[-0.000 -0.550 0.060 0.004 -1.000] G5=[-0.955 -1.081 -0.004 15.913 0.060]
INFO  [mc_indi_tiltrotor] T2dbg2 Wu25=[1.0 9.0] du25=[0.0004 -0.0005] dmax25=[29.0870 0.0017] nu_yaw=-0.031
INFO  [mc_indi_tiltrotor] WRdbg0 Wu0=1 lo0=-16.23 du0=-0.0147 pin0=0.000 a0=[-0.011 0.001 -0.001 0.000 -0.003]
INFO  [mc_indi_tiltrotor] WRdbg1 Wu1=1 lo1=-16.47 du1=0.0143 pin1=0.000 a1=[0.015 -0.003 0.006 0.000 -0.004]
INFO  [mc_indi_tiltrotor] T0dbg1 G0=[-0.355 0.246 -0.003 0.176 -0.984] nu_des=[0.01 0.79 0.02 -0.23 0.56]
INFO  [mc_indi_tiltrotor] T0dbg2 Ws34=[0.1 20.0] Wu0=1.0 du0=0.2671 dmin0=-16.5064 dmax0=28.4936
INFO  [mc_indi_tiltrotor] T2dbg1 G2=[-0.000 -0.550 0.060 0.005 -1.000] G5=[-0.953 -1.071 -0.004 15.877 0.074]
INFO  [mc_indi_tiltrotor] T2dbg2 Wu25=[1.0 1000000.0] du25=[-1.1350 -0.0047] dmax25=[29.1232 -0.0030] nu_yaw=0.024
INFO  [mc_indi_tiltrotor] WRdbg0 Wu0=1 lo0=-16.51 du0=0.2671 pin0=-0.018 a0=[-0.014 0.491 -0.000 -0.000 -0.191]
INFO  [mc_indi_tiltrotor] WRdbg1 Wu1=1 lo1=-16.78 du1=0.3065 pin1=-0.010 a1=[0.014 0.497 -0.000 -0.000 -0.194]
INFO  [mc_indi_tiltrotor] YWdbg nu2=0.030 ach2=-0.155 r=-0.03 wsp2=-0.01 ddelta=[0.0011 -0.0064 -0.0050]
INFO  [mc_indi_tiltrotor] T0dbg1 G0=[-0.355 0.246 -0.003 0.176 -0.984] nu_des=[0.01 1.02 0.03 -0.20 0.36]
INFO  [mc_indi_tiltrotor] T0dbg2 Ws34=[0.1 20.0] Wu0=1.0 du0=0.4920 dmin0=-16.2508 dmax0=28.7492
INFO  [mc_indi_tiltrotor] T2dbg1 G2=[-0.000 -0.550 0.060 0.005 -1.000] G5=[-0.982 -1.099 -0.005 16.363 0.084]
INFO  [mc_indi_tiltrotor] T2dbg2 Wu25=[1.0 1000000.0] du25=[-1.3655 -0.0051] dmax25=[28.6364 -0.0035] nu_yaw=0.026
INFO  [mc_indi_tiltrotor] WRdbg0 Wu0=1 lo0=-16.25 du0=0.4920 pin0=-0.002 a0=[-0.015 0.632 -0.000 -0.000 -0.123]
INFO  [mc_indi_tiltrotor] WRdbg1 Wu1=1 lo1=-16.57 du1=0.5226 pin1=-0.005 a1=[0.014 0.639 -0.000 -0.000 -0.125]
INFO  [mc_indi_tiltrotor] T0dbg1 G0=[-0.355 0.245 -0.005 0.183 -0.983] nu_des=[0.01 -0.02 0.01 -0.53 0.09]
INFO  [mc_indi_tiltrotor] T0dbg2 Ws34=[0.1 20.0] Wu0=1.0 du0=-0.0523 dmin0=-16.2160 dmax0=28.7840
INFO  [mc_indi_tiltrotor] T2dbg1 G2=[-0.000 -0.550 0.060 0.006 -1.000] G5=[-0.944 -1.051 -0.006 15.733 0.092]
INFO  [mc_indi_tiltrotor] T2dbg2 Wu25=[1.0 9.0] du25=[-0.0109 -0.0002] dmax25=[29.2668 0.0013] nu_yaw=0.012
INFO  [mc_indi_tiltrotor] WRdbg0 Wu0=1 lo0=-16.22 du0=-0.0523 pin0=0.003 a0=[-0.014 -0.011 0.000 0.000 -0.031]
INFO  [mc_indi_tiltrotor] WRdbg1 Wu1=1 lo1=-16.49 du1=-0.0285 pin1=0.000 a1=[0.013 -0.009 -0.000 -0.000 -0.031]
INFO  [mc_indi_tiltrotor] YWdbg nu2=0.011 ach2=0.013 r=-0.01 wsp2=0.04 ddelta=[-0.0096 -0.0068 -0.0009]
INFO  [mc_indi_tiltrotor] T0dbg1 G0=[-0.355 0.247 -0.001 0.172 -0.985] nu_des=[-0.01 0.12 -0.03 -0.18 0.10]
INFO  [mc_indi_tiltrotor] T0dbg2 Ws34=[0.1 20.0] Wu0=1.0 du0=-0.0081 dmin0=-16.0995 dmax0=28.9005
INFO  [mc_indi_tiltrotor] T2dbg1 G2=[-0.000 -0.550 0.060 0.004 -1.000] G5=[-0.942 -1.064 -0.004 15.692 0.062]
INFO  [mc_indi_tiltrotor] T2dbg2 Wu25=[1.0 9.0] du25=[-0.1205 -0.0012] dmax25=[29.3076 0.0002] nu_yaw=-0.028
INFO  [mc_indi_tiltrotor] WRdbg0 Wu0=1 lo0=-16.10 du0=-0.0081 pin0=-0.061 a0=[0.014 0.074 -0.000 0.000 -0.034]
INFO  [mc_indi_tiltrotor] WRdbg1 Wu1=1 lo1=-16.36 du1=-0.0085 pin1=-0.027 a1=[-0.013 0.065 0.001 -0.000 -0.035]
INFO  [mc_indi_tiltrotor] T0dbg1 G0=[-0.355 0.247 -0.001 0.171 -0.985] nu_des=[-0.00 0.01 -0.02 -0.06 0.00]
INFO  [mc_indi_tiltrotor] T0dbg2 Ws34=[0.1 20.0] Wu0=1.0 du0=-0.0002 dmin0=-16.1399 dmax0=28.8601
INFO  [mc_indi_tiltrotor] T2dbg1 G2=[-0.000 -0.550 0.060 0.004 -1.000] G5=[-0.952 -1.075 -0.004 15.860 0.064]
INFO  [mc_indi_tiltrotor] T2dbg2 Wu25=[1.0 9.0] du25=[-0.0075 -0.0002] dmax25=[29.1402 0.0015] nu_yaw=-0.019
INFO  [mc_indi_tiltrotor] WRdbg0 Wu0=1 lo0=-16.14 du0=-0.0002 pin0=0.000 a0=[0.003 -0.001 -0.001 -0.000 -0.001]
INFO  [mc_indi_tiltrotor] WRdbg1 Wu1=1 lo1=-16.41 du1=0.0021 pin1=0.000 a1=[-0.003 0.003 0.004 -0.000 -0.001]
INFO  [mc_indi_tiltrotor] YWdbg nu2=0.052 ach2=-0.036 r=0.03 wsp2=-0.00 ddelta=[-0.0006 -0.0006 -0.0045]
INFO  [mc_indi_tiltrotor] T0dbg1 G0=[-0.355 0.246 -0.003 0.177 -0.984] nu_des=[0.00 0.28 0.07 -0.27 0.49]
INFO  [mc_indi_tiltrotor] T0dbg2 Ws34=[0.1 20.0] Wu0=1.0 du0=-0.0306 dmin0=-16.5220 dmax0=28.4780
INFO  [mc_indi_tiltrotor] T2dbg1 G2=[-0.000 -0.550 0.060 0.004 -1.000] G5=[-0.928 -1.048 -0.004 15.473 0.064]
INFO  [mc_indi_tiltrotor] T2dbg2 Wu25=[1.0 1000000.0] du25=[-0.4684 -0.0042] dmax25=[29.5271 -0.0025] nu_yaw=0.074
INFO  [mc_indi_tiltrotor] WRdbg0 Wu0=1 lo0=-16.52 du0=-0.0306 pin0=-0.033 a0=[-0.007 0.175 -0.000 -0.000 -0.165]
INFO  [mc_indi_tiltrotor] WRdbg1 Wu1=1 lo1=-16.84 du1=-0.0017 pin1=-0.018 a1=[0.007 0.177 -0.000 -0.000 -0.168]
INFO  [mc_indi_tiltrotor] T0dbg1 G0=[-0.355 0.247 -0.002 0.174 -0.985] nu_des=[0.00 0.01 0.01 -0.17 -0.00]
INFO  [mc_indi_tiltrotor] T0dbg2 Ws34=[0.1 20.0] Wu0=1.0 du0=-0.0013 dmin0=-16.1888 dmax0=28.8112
INFO  [mc_indi_tiltrotor] T2dbg1 G2=[-0.000 -0.550 0.060 0.004 -1.000] G5=[-0.951 -1.073 -0.004 15.852 0.066]
INFO  [mc_indi_tiltrotor] T2dbg2 Wu25=[1.0 9.0] du25=[-0.0037 -0.0002] dmax25=[29.1478 0.0018] nu_yaw=0.006
INFO  [mc_indi_tiltrotor] WRdbg0 Wu0=1 lo0=-16.19 du0=-0.0013 pin0=0.000 a0=[-0.001 -0.001 0.000 -0.001 0.001]
INFO  [mc_indi_tiltrotor] WRdbg1 Wu1=1 lo1=-16.46 du1=0.0032 pin1=0.000 a1=[0.001 0.002 -0.001 -0.001 0.001]
INFO  [mc_indi_tiltrotor] YWdbg nu2=0.009 ach2=0.008 r=-0.01 wsp2=-0.00 ddelta=[0.0002 0.0014 0.0004]
INFO  [mc_indi_tiltrotor] T0dbg1 G0=[-0.355 0.247 -0.001 0.173 -0.985] nu_des=[0.00 -0.01 0.01 -0.14 0.02]
INFO  [mc_indi_tiltrotor] T0dbg2 Ws34=[0.1 20.0] Wu0=1.0 du0=-0.0051 dmin0=-16.2363 dmax0=28.7637
INFO  [mc_indi_tiltrotor] T2dbg1 G2=[-0.000 -0.550 0.060 0.004 -1.000] G5=[-0.953 -1.077 -0.004 15.890 0.065]
INFO  [mc_indi_tiltrotor] T2dbg2 Wu25=[1.0 9.0] du25=[-0.0008 0.0000] dmax25=[29.1098 0.0018] nu_yaw=0.007
INFO  [mc_indi_tiltrotor] WRdbg0 Wu0=1 lo0=-16.24 du0=-0.0051 pin0=0.000 a0=[-0.001 0.001 0.000 -0.001 -0.004]
INFO  [mc_indi_tiltrotor] WRdbg1 Wu1=1 lo1=-16.50 du1=-0.0081 pin1=0.000 a1=[0.001 -0.002 -0.001 -0.000 -0.005]
INFO  [mc_indi_tiltrotor] T0dbg1 G0=[-0.355 0.247 -0.001 0.172 -0.985] nu_des=[-0.00 0.01 -0.01 -0.13 -0.00]
INFO  [mc_indi_tiltrotor] T0dbg2 Ws34=[0.1 20.0] Wu0=1.0 du0=0.0006 dmin0=-16.2286 dmax0=28.7714
INFO  [mc_indi_tiltrotor] T2dbg1 G2=[-0.000 -0.550 0.060 0.004 -1.000] G5=[-0.956 -1.082 -0.004 15.932 0.061]
INFO  [mc_indi_tiltrotor] T2dbg2 Wu25=[1.0 9.0] du25=[-0.0016 -0.0001] dmax25=[29.0674 0.0017] nu_yaw=-0.007
INFO  [mc_indi_tiltrotor] WRdbg0 Wu0=1 lo0=-16.23 du0=0.0006 pin0=0.000 a0=[0.001 -0.001 -0.000 -0.001 0.001]
INFO  [mc_indi_tiltrotor] WRdbg1 Wu1=1 lo1=-16.54 du1=0.0023 pin1=0.000 a1=[-0.001 0.002 0.001 -0.000 0.001]
INFO  [mc_indi_tiltrotor] YWdbg nu2=-0.009 ach2=-0.009 r=0.00 wsp2=0.00 ddelta=[0.0030 0.0013 0.0002]
INFO  [mc_indi_tiltrotor] T0dbg1 G0=[-0.355 0.247 -0.001 0.173 -0.985] nu_des=[-0.00 -0.00 -0.00 -0.12 0.01]
INFO  [mc_indi_tiltrotor] T0dbg2 Ws34=[0.1 20.0] Wu0=1.0 du0=0.0008 dmin0=-16.2983 dmax0=28.7017
INFO  [mc_indi_tiltrotor] T2dbg1 G2=[-0.000 -0.550 0.060 0.004 -1.000] G5=[-0.962 -1.089 -0.004 16.036 0.061]
INFO  [mc_indi_tiltrotor] T2dbg2 Wu25=[1.0 9.0] du25=[-0.0003 0.0001] dmax25=[28.9641 0.0017] nu_yaw=-0.004
INFO  [mc_indi_tiltrotor] WRdbg0 Wu0=1 lo0=-16.30 du0=0.0008 pin0=0.000 a0=[0.003 0.000 -0.000 -0.001 -0.001]
INFO  [mc_indi_tiltrotor] WRdbg1 Wu1=1 lo1=-16.59 du1=-0.0053 pin1=0.000 a1=[-0.004 -0.000 0.001 -0.000 -0.002]
INFO  [mc_indi_tiltrotor] T0dbg1 G0=[-0.355 0.247 -0.002 0.174 -0.985] nu_des=[0.01 0.01 -0.02 -0.09 -0.02]
INFO  [mc_indi_tiltrotor] T0dbg2 Ws34=[0.1 20.0] Wu0=1.0 du0=-0.0017 dmin0=-16.3750 dmax0=28.6250
INFO  [mc_indi_tiltrotor] T2dbg1 G2=[-0.000 -0.550 0.060 0.004 -1.000] G5=[-0.967 -1.094 -0.004 16.111 0.061]
INFO  [mc_indi_tiltrotor] T2dbg2 Wu25=[1.0 9.0] du25=[0.0039 -0.0004] dmax25=[28.8892 0.0015] nu_yaw=-0.017
INFO  [mc_indi_tiltrotor] WRdbg0 Wu0=1 lo0=-16.38 du0=-0.0017 pin0=0.000 a0=[-0.006 -0.001 -0.000 -0.001 0.005]
INFO  [mc_indi_tiltrotor] WRdbg1 Wu1=1 lo1=-16.64 du1=0.0187 pin1=0.000 a1=[0.007 0.002 0.003 -0.000 0.006]
INFO  [mc_indi_tiltrotor] YWdbg nu2=-0.019 ach2=-0.068 r=0.00 wsp2=-0.01 ddelta=[0.0084 0.0017 -0.0028]
INFO  [mc_indi_tiltrotor] T0dbg1 G0=[-0.355 0.246 -0.004 0.179 -0.984] nu_des=[0.01 0.17 0.11 -0.31 0.32]
INFO  [mc_indi_tiltrotor] T0dbg2 Ws34=[0.1 20.0] Wu0=1.0 du0=-0.0560 dmin0=-16.7833 dmax0=28.2167
INFO  [mc_indi_tiltrotor] T2dbg1 G2=[-0.000 -0.550 0.060 0.004 -1.000] G5=[-0.936 -1.060 -0.003 15.602 0.058]
INFO  [mc_indi_tiltrotor] T2dbg2 Wu25=[1.0 1000000.0] du25=[-0.2734 -0.0037] dmax25=[29.3975 -0.0020] nu_yaw=0.110
INFO  [mc_indi_tiltrotor] WRdbg0 Wu0=1 lo0=-16.78 du0=-0.0560 pin0=-0.035 a0=[-0.015 0.104 -0.000 -0.000 -0.110]
INFO  [mc_indi_tiltrotor] WRdbg1 Wu1=1 lo1=-17.11 du1=-0.0195 pin1=-0.027 a1=[0.014 0.105 -0.000 -0.000 -0.112]
INFO  [mc_indi_tiltrotor] T0dbg1 G0=[-0.355 0.245 -0.005 0.183 -0.983] nu_des=[0.01 -0.05 0.04 -0.51 0.11]
INFO  [mc_indi_tiltrotor] T0dbg2 Ws34=[0.1 20.0] Wu0=1.0 du0=-0.0315 dmin0=-16.3753 dmax0=28.6247
INFO  [mc_indi_tiltrotor] T2dbg1 G2=[-0.000 -0.550 0.060 0.006 -1.000] G5=[-0.960 -1.065 -0.006 15.994 0.099]
INFO  [mc_indi_tiltrotor] T2dbg2 Wu25=[1.0 9.0] du25=[-0.0163 0.0001] dmax25=[29.0054 0.0019] nu_yaw=0.038
INFO  [mc_indi_tiltrotor] WRdbg0 Wu0=1 lo0=-16.38 du0=-0.0315 pin0=0.049 a0=[-0.010 -0.032 0.001 0.000 -0.039]
INFO  [mc_indi_tiltrotor] WRdbg1 Wu1=1 lo1=-16.63 du1=-0.0440 pin1=0.017 a1=[0.009 -0.029 -0.001 -0.000 -0.039]
INFO  [mc_indi_tiltrotor] YWdbg nu2=-0.060 ach2=-0.018 r=-0.01 wsp2=0.04 ddelta=[-0.0120 -0.0120 -0.0041]
INFO  [mc_indi_tiltrotor] T0dbg1 G0=[-0.355 0.247 -0.000 0.169 -0.986] nu_des=[-0.01 0.07 -0.02 -0.14 0.08]
INFO  [mc_indi_tiltrotor] T0dbg2 Ws34=[0.1 20.0] Wu0=1.0 du0=0.0262 dmin0=-16.2046 dmax0=28.7954
INFO  [mc_indi_tiltrotor] T2dbg1 G2=[-0.000 -0.550 0.060 0.005 -1.000] G5=[-0.977 -1.097 -0.005 16.292 0.078]
INFO  [mc_indi_tiltrotor] T2dbg2 Wu25=[1.0 1000000.0] du25=[-0.1104 -0.0011] dmax25=[28.7083 0.0025] nu_yaw=-0.022
INFO  [mc_indi_tiltrotor] WRdbg0 Wu0=1 lo0=-16.20 du0=0.0262 pin0=-0.006 a0=[0.012 0.046 -0.000 -0.000 -0.026]
INFO  [mc_indi_tiltrotor] WRdbg1 Wu1=1 lo1=-16.49 du1=0.0080 pin1=-0.001 a1=[-0.011 0.047 0.000 -0.000 -0.027]
INFO  [mc_indi_tiltrotor] T0dbg1 G0=[-0.355 0.245 -0.005 0.182 -0.983] nu_des=[0.01 0.51 -0.01 -0.48 0.25]
INFO  [mc_indi_tiltrotor] T0dbg2 Ws34=[0.1 20.0] Wu0=1.0 du0=0.2419 dmin0=-16.3663 dmax0=28.6337
INFO  [mc_indi_tiltrotor] T2dbg1 G2=[-0.000 -0.550 0.060 0.006 -1.000] G5=[-0.971 -1.082 -0.005 16.177 0.092]
INFO  [mc_indi_tiltrotor] T2dbg2 Wu25=[1.0 1000000.0] du25=[-0.7219 -0.0057] dmax25=[28.8223 -0.0021] nu_yaw=-0.006
INFO  [mc_indi_tiltrotor] WRdbg0 Wu0=1 lo0=-16.37 du0=0.2419 pin0=0.020 a0=[-0.012 0.319 0.000 -0.000 -0.085]
INFO  [mc_indi_tiltrotor] WRdbg1 Wu1=1 lo1=-16.60 du1=0.2428 pin1=-0.004 a1=[0.011 0.322 0.000 -0.000 -0.086]
INFO  [mc_indi_tiltrotor] YWdbg nu2=-0.004 ach2=-0.004 r=0.02 wsp2=-0.01 ddelta=[-0.0024 -0.0029 -0.0005]
INFO  [mc_indi_tiltrotor] T0dbg1 G0=[-0.355 0.245 -0.005 0.182 -0.983] nu_des=[-0.00 -0.72 0.06 -0.42 0.53]
INFO  [mc_indi_tiltrotor] T0dbg2 Ws34=[0.1 20.0] Wu0=1.0 du0=-0.6367 dmin0=-16.3465 dmax0=28.6535
INFO  [mc_indi_tiltrotor] T2dbg1 G2=[-0.000 -0.550 0.060 0.004 -1.000] G5=[-0.999 -1.128 -0.004 16.642 0.068]
INFO  [mc_indi_tiltrotor] T2dbg2 Wu25=[1.0 1000000.0] du25=[0.7185 0.0068] dmax25=[28.3575 0.0068] nu_yaw=0.063
INFO  [mc_indi_tiltrotor] WRdbg0 Wu0=1 lo0=-16.35 du0=-0.6367 pin0=-0.011 a0=[0.002 -0.447 -0.000 -0.000 -0.180]
INFO  [mc_indi_tiltrotor] WRdbg1 Wu1=1 lo1=-16.64 du1=-0.6240 pin1=0.011 a1=[-0.001 -0.452 -0.000 -0.000 -0.182]
INFO  [mc_indi_tiltrotor] T0dbg1 G0=[-0.355 0.246 -0.004 0.180 -0.984] nu_des=[0.01 0.12 -0.01 -0.42 0.19]
INFO  [mc_indi_tiltrotor] T0dbg2 Ws34=[0.1 20.0] Wu0=1.0 du0=-0.0116 dmin0=-16.3264 dmax0=28.6736
INFO  [mc_indi_tiltrotor] T2dbg1 G2=[-0.000 -0.550 0.060 0.004 -1.000] G5=[-0.956 -1.078 -0.004 15.937 0.069]
INFO  [mc_indi_tiltrotor] T2dbg2 Wu25=[1.0 9.0] du25=[-0.1988 -0.0042] dmax25=[29.0626 -0.0026] nu_yaw=-0.008
INFO  [mc_indi_tiltrotor] WRdbg0 Wu0=1 lo0=-16.33 du0=-0.0116 pin0=-0.008 a0=[-0.018 0.078 -0.000 0.000 -0.064]
INFO  [mc_indi_tiltrotor] WRdbg1 Wu1=1 lo1=-16.57 du1=0.0189 pin1=-0.002 a1=[0.016 0.069 0.000 -0.000 -0.065]
INFO  [mc_indi_tiltrotor] YWdbg nu2=0.011 ach2=0.011 r=-0.01 wsp2=-0.00 ddelta=[-0.0040 -0.0019 -0.0005]
INFO  [mc_indi_tiltrotor] T0dbg1 G0=[-0.355 0.246 -0.003 0.178 -0.984] nu_des=[-0.00 0.01 0.00 -0.37 -0.02]
INFO  [mc_indi_tiltrotor] T0dbg2 Ws34=[0.1 20.0] Wu0=1.0 du0=0.0044 dmin0=-16.1470 dmax0=28.8530
INFO  [mc_indi_tiltrotor] T2dbg1 G2=[-0.000 -0.550 0.060 0.004 -1.000] G5=[-0.948 -1.075 -0.003 15.802 0.056]
INFO  [mc_indi_tiltrotor] T2dbg2 Wu25=[1.0 9.0] du25=[0.0031 -0.0002] dmax25=[29.1981 0.0017] nu_yaw=0.003
INFO  [mc_indi_tiltrotor] WRdbg0 Wu0=1 lo0=-16.15 du0=0.0044 pin0=0.000 a0=[0.002 -0.001 0.000 -0.002 0.006]
INFO  [mc_indi_tiltrotor] WRdbg1 Wu1=1 lo1=-16.41 du1=0.0058 pin1=0.000 a1=[-0.002 0.003 -0.001 -0.001 0.007]
INFO  [mc_indi_tiltrotor] T0dbg1 G0=[-0.355 0.246 -0.002 0.176 -0.984] nu_des=[0.01 -0.04 0.02 -0.36 0.33]
INFO  [mc_indi_tiltrotor] T0dbg2 Ws34=[0.1 20.0] Wu0=1.0 du0=-0.1612 dmin0=-16.6128 dmax0=28.3872
INFO  [mc_indi_tiltrotor] T2dbg1 G2=[-0.000 -0.550 0.060 0.005 -1.000] G5=[-0.928 -1.044 -0.004 15.473 0.071]
INFO  [mc_indi_tiltrotor] T2dbg2 Wu25=[1.0 1000000.0] du25=[-0.0540 -0.0012] dmax25=[29.5269 -0.0012] nu_yaw=0.022
INFO  [mc_indi_tiltrotor] WRdbg0 Wu0=1 lo0=-16.61 du0=-0.1612 pin0=-0.002 a0=[-0.021 -0.024 0.000 -0.000 -0.114]
INFO  [mc_indi_tiltrotor] WRdbg1 Wu1=1 lo1=-16.81 du1=-0.1236 pin1=-0.004 a1=[0.020 -0.025 -0.000 -0.000 -0.115]
INFO  [mc_indi_tiltrotor] YWdbg nu2=-0.001 ach2=-0.002 r=0.01 wsp2=-0.00 ddelta=[-0.0022 -0.0024 -0.0003]
INFO  [mc_indi_tiltrotor] T0dbg1 G0=[-0.355 0.246 -0.004 0.180 -0.984] nu_des=[-0.01 0.02 0.00 -0.40 -0.01]
INFO  [mc_indi_tiltrotor] T0dbg2 Ws34=[0.1 20.0] Wu0=1.0 du0=0.0054 dmin0=-16.1518 dmax0=28.8482
INFO  [mc_indi_tiltrotor] T2dbg1 G2=[-0.000 -0.550 0.060 0.005 -1.000] G5=[-0.947 -1.065 -0.004 15.790 0.073]
INFO  [mc_indi_tiltrotor] T2dbg2 Wu25=[1.0 9.0] du25=[-0.0056 -0.0001] dmax25=[29.2099 0.0016] nu_yaw=0.004
INFO  [mc_indi_tiltrotor] WRdbg0 Wu0=1 lo0=-16.15 du0=0.0054 pin0=0.000 a0=[0.007 -0.002 0.000 -0.002 0.002]
INFO  [mc_indi_tiltrotor] WRdbg1 Wu1=1 lo1=-16.43 du1=-0.0042 pin1=0.000 a1=[-0.009 0.005 -0.001 -0.001 0.002]
INFO  [mc_indi_tiltrotor] T0dbg1 G0=[-0.355 0.246 -0.003 0.177 -0.984] nu_des=[-0.00 0.00 -0.00 -0.33 -0.00]
INFO  [mc_indi_tiltrotor] T0dbg2 Ws34=[0.1 20.0] Wu0=1.0 du0=0.0011 dmin0=-16.0712 dmax0=28.9288
INFO  [mc_indi_tiltrotor] T2dbg1 G2=[-0.000 -0.550 0.060 0.004 -1.000] G5=[-0.943 -1.064 -0.004 15.723 0.066]
INFO  [mc_indi_tiltrotor] T2dbg2 Wu25=[1.0 9.0] du25=[0.0033 -0.0000] dmax25=[29.2772 0.0016] nu_yaw=-0.004
INFO  [mc_indi_tiltrotor] WRdbg0 Wu0=1 lo0=-16.07 du0=0.0011 pin0=0.000 a0=[0.002 -0.000 -0.000 -0.002 0.001]
INFO  [mc_indi_tiltrotor] WRdbg1 Wu1=1 lo1=-16.33 du1=-0.0023 pin1=0.000 a1=[-0.003 0.000 0.001 -0.001 0.001]
INFO  [mc_indi_tiltrotor] YWdbg nu2=-0.001 ach2=-0.066 r=-0.01 wsp2=-0.00 ddelta=[-0.0120 -0.0120 -0.0035]
INFO  [mc_indi_tiltrotor] T0dbg1 G0=[-0.355 0.248 0.001 0.167 -0.986] nu_des=[-0.00 -0.02 -0.03 0.03 -0.01]
INFO  [mc_indi_tiltrotor] T0dbg2 Ws34=[0.1 20.0] Wu0=1.0 du0=0.0033 dmin0=-16.0973 dmax0=28.9027
INFO  [mc_indi_tiltrotor] T2dbg1 G2=[-0.000 -0.550 0.060 0.003 -1.000] G5=[-0.940 -1.068 -0.003 15.666 0.053]
INFO  [mc_indi_tiltrotor] T2dbg2 Wu25=[1.0 9.0] du25=[0.0157 0.0002] dmax25=[29.3339 0.0022] nu_yaw=-0.027
INFO  [mc_indi_tiltrotor] WRdbg0 Wu0=1 lo0=-16.10 du0=0.0033 pin0=0.000 a0=[0.000 0.001 -0.001 0.000 0.002]
INFO  [mc_indi_tiltrotor] WRdbg1 Wu1=1 lo1=-16.33 du1=0.0034 pin1=0.000 a1=[-0.000 -0.005 0.006 0.000 0.003]
INFO  [mc_indi_tiltrotor] T0dbg1 G0=[-0.355 0.246 -0.004 0.179 -0.984] nu_des=[-0.00 0.02 0.00 -0.32 -0.00]
INFO  [mc_indi_tiltrotor] T0dbg2 Ws34=[0.1 20.0] Wu0=1.0 du0=-0.0011 dmin0=-16.0310 dmax0=28.9690
INFO  [mc_indi_tiltrotor] T2dbg1 G2=[-0.000 -0.550 0.060 0.004 -1.000] G5=[-0.939 -1.062 -0.004 15.653 0.062]
INFO  [mc_indi_tiltrotor] T2dbg2 Wu25=[1.0 9.0] du25=[-0.0105 -0.0003] dmax25=[29.3472 0.0016] nu_yaw=0.001
INFO  [mc_indi_tiltrotor] WRdbg0 Wu0=1 lo0=-16.03 du0=-0.0011 pin0=0.000 a0=[0.002 -0.002 0.000 -0.002 0.001]
INFO  [mc_indi_tiltrotor] WRdbg1 Wu1=1 lo1=-16.30 du1=0.0032 pin1=0.000 a1=[-0.002 0.005 -0.000 -0.001 0.001]
INFO  [mc_indi_tiltrotor] YWdbg nu2=0.010 ach2=0.010 r=-0.01 wsp2=-0.01 ddelta=[-0.0011 0.0006 -0.0001]
INFO  [mc_indi_tiltrotor] T0dbg1 G0=[-0.355 0.247 -0.001 0.173 -0.985] nu_des=[0.01 0.01 0.01 -0.20 -0.01]
INFO  [mc_indi_tiltrotor] T0dbg2 Ws34=[0.1 20.0] Wu0=1.0 du0=-0.0035 dmin0=-16.1167 dmax0=28.8833
INFO  [mc_indi_tiltrotor] T2dbg1 G2=[-0.000 -0.550 0.060 0.004 -1.000] G5=[-0.944 -1.070 -0.003 15.739 0.057]
INFO  [mc_indi_tiltrotor] T2dbg2 Wu25=[1.0 9.0] du25=[0.0024 -0.0004] dmax25=[29.2611 0.0017] nu_yaw=0.005
INFO  [mc_indi_tiltrotor] WRdbg0 Wu0=1 lo0=-16.12 du0=-0.0035 pin0=0.000 a0=[-0.006 -0.000 0.000 -0.001 0.004]
INFO  [mc_indi_tiltrotor] WRdbg1 Wu1=1 lo1=-16.40 du1=0.0120 pin1=0.000 a1=[0.008 0.001 -0.001 -0.001 0.005]
INFO  [mc_indi_tiltrotor] T0dbg1 G0=[-0.355 0.247 -0.001 0.171 -0.985] nu_des=[0.00 -0.01 0.00 -0.19 0.00]
INFO  [mc_indi_tiltrotor] T0dbg2 Ws34=[0.1 20.0] Wu0=1.0 du0=-0.0014 dmin0=-16.1473 dmax0=28.8527
INFO  [mc_indi_tiltrotor] T2dbg1 G2=[-0.000 -0.550 0.060 0.003 -1.000] G5=[-0.949 -1.077 -0.003 15.823 0.055]
INFO  [mc_indi_tiltrotor] T2dbg2 Wu25=[1.0 9.0] du25=[0.0047 0.0000] dmax25=[29.1768 0.0016] nu_yaw=0.001
INFO  [mc_indi_tiltrotor] WRdbg0 Wu0=1 lo0=-16.15 du0=-0.0014 pin0=0.000 a0=[-0.000 0.001 0.000 -0.001 -0.001]
INFO  [mc_indi_tiltrotor] WRdbg1 Wu1=1 lo1=-16.42 du1=-0.0035 pin1=0.000 a1=[0.000 -0.002 -0.000 -0.001 -0.001]
INFO  [mc_indi_tiltrotor] YWdbg nu2=-0.011 ach2=-0.057 r=0.04 wsp2=0.00 ddelta=[0.0012 0.0001 -0.0041]
INFO  [mc_indi_tiltrotor] T0dbg1 G0=[-0.355 0.246 -0.003 0.178 -0.984] nu_des=[-0.00 0.02 -0.02 -0.37 0.14]
INFO  [mc_indi_tiltrotor] T0dbg2 Ws34=[0.1 20.0] Wu0=1.0 du0=-0.0449 dmin0=-16.3615 dmax0=28.6385
INFO  [mc_indi_tiltrotor] T2dbg1 G2=[-0.000 -0.550 0.060 0.004 -1.000] G5=[-0.948 -1.068 -0.004 15.801 0.070]
INFO  [mc_indi_tiltrotor] T2dbg2 Wu25=[1.0 9.0] du25=[-0.0597 -0.0005] dmax25=[29.1989 -0.0001] nu_yaw=-0.018
INFO  [mc_indi_tiltrotor] WRdbg0 Wu0=1 lo0=-16.36 du0=-0.0449 pin0=-0.003 a0=[0.001 0.013 -0.008 -0.000 -0.048]
INFO  [mc_indi_tiltrotor] WRdbg1 Wu1=1 lo1=-16.58 du1=-0.0405 pin1=-0.001 a1=[-0.001 0.011 0.000 -0.000 -0.049]
INFO  [mc_indi_tiltrotor] T0dbg1 G0=[-0.355 0.243 -0.010 0.198 -0.980] nu_des=[0.01 0.00 0.01 -1.00 0.02]
INFO  [mc_indi_tiltrotor] T0dbg2 Ws34=[0.1 20.0] Wu0=1.0 du0=-0.0172 dmin0=-16.1633 dmax0=28.8367
INFO  [mc_indi_tiltrotor] T2dbg1 G2=[-0.000 -0.550 0.060 0.005 -1.000] G5=[-0.938 -1.053 -0.004 15.634 0.074]
INFO  [mc_indi_tiltrotor] T2dbg2 Wu25=[1.0 9.0] du25=[-0.0059 -0.0006] dmax25=[29.3659 0.0010] nu_yaw=0.007
INFO  [mc_indi_tiltrotor] WRdbg0 Wu0=1 lo0=-16.16 du0=-0.0172 pin0=0.000 a0=[-0.006 -0.000 0.000 -0.005 -0.006]
INFO  [mc_indi_tiltrotor] WRdbg1 Wu1=1 lo1=-16.39 du1=-0.0036 pin1=0.000 a1=[0.008 0.000 -0.001 -0.004 -0.007]
INFO  [mc_indi_tiltrotor] YWdbg nu2=-0.012 ach2=-0.006 r=-0.00 wsp2=-0.02 ddelta=[-0.0120 -0.0120 -0.0016]
INFO  [mc_indi_tiltrotor] T0dbg1 G0=[-0.355 0.246 -0.004 0.181 -0.983] nu_des=[0.01 -0.00 0.00 -0.43 0.00]
INFO  [mc_indi_tiltrotor] T0dbg2 Ws34=[0.1 20.0] Wu0=1.0 du0=-0.0098 dmin0=-16.1205 dmax0=28.8795
INFO  [mc_indi_tiltrotor] T2dbg1 G2=[-0.000 -0.550 0.060 0.003 -1.000] G5=[-0.936 -1.063 -0.003 15.597 0.052]
INFO  [mc_indi_tiltrotor] T2dbg2 Wu25=[1.0 9.0] du25=[0.0002 -0.0004] dmax25=[29.4032 0.0015] nu_yaw=0.001
INFO  [mc_indi_tiltrotor] WRdbg0 Wu0=1 lo0=-16.12 du0=-0.0098 pin0=0.000 a0=[-0.007 0.000 0.000 -0.002 -0.001]
INFO  [mc_indi_tiltrotor] WRdbg1 Wu1=1 lo1=-16.35 du1=0.0064 pin1=0.000 a1=[0.009 -0.000 -0.000 -0.001 -0.001]
INFO  [mc_indi_tiltrotor] T0dbg1 G0=[-0.355 0.246 -0.003 0.179 -0.984] nu_des=[0.00 0.00 0.00 -0.36 0.00]
INFO  [mc_indi_tiltrotor] T0dbg2 Ws34=[0.1 20.0] Wu0=1.0 du0=-0.0047 dmin0=-16.1544 dmax0=28.8456
INFO  [mc_indi_tiltrotor] T2dbg1 G2=[-0.000 -0.550 0.060 0.003 -1.000] G5=[-0.946 -1.079 -0.003 15.767 0.045]
INFO  [mc_indi_tiltrotor] T2dbg2 Wu25=[1.0 9.0] du25=[-0.0021 -0.0002] dmax25=[29.2327 0.0016] nu_yaw=0.001
INFO  [mc_indi_tiltrotor] WRdbg0 Wu0=1 lo0=-16.15 du0=-0.0047 pin0=0.000 a0=[-0.002 -0.000 0.000 -0.002 -0.001]
INFO  [mc_indi_tiltrotor] WRdbg1 Wu1=1 lo1=-16.42 du1=0.0005 pin1=0.000 a1=[0.002 0.001 -0.000 -0.001 -0.001]
INFO  [mc_indi_tiltrotor] YWdbg nu2=-0.002 ach2=-0.003 r=-0.01 wsp2=-0.00 ddelta=[-0.0018 -0.0022 -0.0002]
INFO  [mc_indi_tiltrotor] T0dbg1 G0=[-0.355 0.246 -0.003 0.178 -0.984] nu_des=[0.00 -0.01 0.00 -0.30 0.01]
INFO  [mc_indi_tiltrotor] T0dbg2 Ws34=[0.1 20.0] Wu0=1.0 du0=-0.0066 dmin0=-16.1326 dmax0=28.8674
INFO  [mc_indi_tiltrotor] T2dbg1 G2=[-0.000 -0.550 0.060 0.003 -1.000] G5=[-0.947 -1.083 -0.002 15.786 0.041]
INFO  [mc_indi_tiltrotor] T2dbg2 Wu25=[1.0 9.0] du25=[0.0012 -0.0001] dmax25=[29.2141 0.0017] nu_yaw=0.003
INFO  [mc_indi_tiltrotor] WRdbg0 Wu0=1 lo0=-16.13 du0=-0.0066 pin0=0.000 a0=[-0.003 0.001 0.000 -0.002 -0.003]
INFO  [mc_indi_tiltrotor] WRdbg1 Wu1=1 lo1=-16.36 du1=-0.0040 pin1=0.000 a1=[0.003 -0.002 -0.001 -0.001 -0.004]
INFO  [mc_indi_tiltrotor] T0dbg1 G0=[-0.355 0.246 -0.004 0.179 -0.984] nu_des=[0.01 -0.03 -0.00 -0.37 0.08]
INFO  [mc_indi_tiltrotor] T0dbg2 Ws34=[0.1 20.0] Wu0=1.0 du0=-0.0321 dmin0=-16.1294 dmax0=28.8706
INFO  [mc_indi_tiltrotor] T2dbg1 G2=[-0.000 -0.550 0.060 0.005 -1.000] G5=[-0.941 -1.051 -0.005 15.681 0.085]
INFO  [mc_indi_tiltrotor] T2dbg2 Wu25=[1.0 9.0] du25=[-0.0124 -0.0003] dmax25=[29.3191 0.0012] nu_yaw=-0.002
INFO  [mc_indi_tiltrotor] WRdbg0 Wu0=1 lo0=-16.13 du0=-0.0321 pin0=0.000 a0=[-0.012 0.003 -0.000 -0.002 -0.021]
INFO  [mc_indi_tiltrotor] WRdbg1 Wu1=1 lo1=-16.37 du1=-0.0176 pin1=0.000 a1=[0.016 -0.008 0.000 -0.001 -0.025]
INFO  [mc_indi_tiltrotor] YWdbg nu2=-0.016 ach2=-0.016 r=0.01 wsp2=-0.00 ddelta=[-0.0016 -0.0044 -0.0001]
INFO  [mc_indi_tiltrotor] T0dbg1 G0=[-0.355 0.247 -0.000 0.170 -0.985] nu_des=[-0.01 0.07 0.03 -0.01 0.02]
INFO  [mc_indi_tiltrotor] T0dbg2 Ws34=[0.1 20.0] Wu0=1.0 du0=0.0011 dmin0=-16.1347 dmax0=28.8653
INFO  [mc_indi_tiltrotor] T2dbg1 G2=[-0.000 -0.550 0.060 0.004 -1.000] G5=[-0.937 -1.063 -0.003 15.616 0.055]
INFO  [mc_indi_tiltrotor] T2dbg2 Wu25=[1.0 9.0] du25=[-0.0495 -0.0004] dmax25=[29.3836 0.0014] nu_yaw=0.027
INFO  [mc_indi_tiltrotor] WRdbg0 Wu0=1 lo0=-16.13 du0=0.0011 pin0=-0.047 a0=[0.012 0.043 0.000 0.000 -0.007]
INFO  [mc_indi_tiltrotor] WRdbg1 Wu1=1 lo1=-16.41 du1=-0.0058 pin1=-0.026 a1=[-0.011 0.039 -0.001 -0.000 -0.007]
INFO  [mc_indi_tiltrotor] T0dbg1 G0=[-0.355 0.246 -0.003 0.178 -0.984] nu_des=[0.01 -0.02 -0.01 -0.36 0.03]
INFO  [mc_indi_tiltrotor] T0dbg2 Ws34=[0.1 20.0] Wu0=1.0 du0=-0.0145 dmin0=-16.1638 dmax0=28.8362
INFO  [mc_indi_tiltrotor] T2dbg1 G2=[-0.000 -0.550 0.060 0.005 -1.000] G5=[-0.944 -1.056 -0.005 15.738 0.083]
INFO  [mc_indi_tiltrotor] T2dbg2 Wu25=[1.0 9.0] du25=[0.0035 -0.0002] dmax25=[29.2620 0.0018] nu_yaw=-0.015
INFO  [mc_indi_tiltrotor] WRdbg0 Wu0=1 lo0=-16.16 du0=-0.0145 pin0=0.000 a0=[-0.006 0.002 -0.000 -0.002 -0.008]
INFO  [mc_indi_tiltrotor] WRdbg1 Wu1=1 lo1=-16.43 du1=-0.0060 pin1=0.000 a1=[0.008 -0.006 0.003 -0.001 -0.010]
INFO  [mc_indi_tiltrotor] YWdbg nu2=-0.016 ach2=-0.016 r=0.02 wsp2=-0.00 ddelta=[0.0006 -0.0021 -0.0002]
INFO  [mc_indi_tiltrotor] T0dbg1 G0=[-0.355 0.247 -0.001 0.171 -0.985] nu_des=[0.00 0.09 0.01 -0.07 0.04]
INFO  [mc_indi_tiltrotor] T0dbg2 Ws34=[0.1 20.0] Wu0=1.0 du0=-0.0022 dmin0=-16.1528 dmax0=28.8472
INFO  [mc_indi_tiltrotor] T2dbg1 G2=[-0.000 -0.550 0.060 0.004 -1.000] G5=[-0.955 -1.077 -0.004 15.918 0.068]
INFO  [mc_indi_tiltrotor] T2dbg2 Wu25=[1.0 9.0] du25=[-0.0849 -0.0019] dmax25=[29.0817 0.0000] nu_yaw=0.012
INFO  [mc_indi_tiltrotor] WRdbg0 Wu0=1 lo0=-16.15 du0=-0.0022 pin0=-0.037 a0=[-0.004 0.055 0.000 0.000 -0.015]
INFO  [mc_indi_tiltrotor] WRdbg1 Wu1=1 lo1=-16.46 du1=0.0180 pin1=-0.018 a1=[0.004 0.048 -0.001 -0.000 -0.015]
INFO  [mc_indi_tiltrotor] T0dbg1 G0=[-0.355 0.248 0.001 0.167 -0.986] nu_des=[-0.00 0.01 0.02 -0.07 0.01]
INFO  [mc_indi_tiltrotor] T0dbg2 Ws34=[0.1 20.0] Wu0=1.0 du0=-0.0018 dmin0=-16.1787 dmax0=28.8213
INFO  [mc_indi_tiltrotor] T2dbg1 G2=[-0.000 -0.550 0.060 0.004 -1.000] G5=[-0.953 -1.076 -0.004 15.877 0.065]
INFO  [mc_indi_tiltrotor] T2dbg2 Wu25=[1.0 9.0] du25=[-0.0116 0.0000] dmax25=[29.1226 0.0017] nu_yaw=0.022
INFO  [mc_indi_tiltrotor] WRdbg0 Wu0=1 lo0=-16.18 du0=-0.0018 pin0=0.000 a0=[0.002 -0.001 0.001 -0.000 -0.004]
INFO  [mc_indi_tiltrotor] WRdbg1 Wu1=1 lo1=-16.48 du1=-0.0092 pin1=0.000 a1=[-0.003 0.003 -0.004 -0.000 -0.004]
INFO  [mc_indi_tiltrotor] YWdbg nu2=0.016 ach2=0.004 r=-0.01 wsp2=0.01 ddelta=[0.0054 0.0044 0.0069]
INFO  [mc_indi_tiltrotor] T0dbg1 G0=[-0.355 0.248 0.001 0.166 -0.986] nu_des=[0.01 0.48 -0.03 0.02 0.22]
INFO  [mc_indi_tiltrotor] T0dbg2 Ws34=[0.1 20.0] Wu0=1.0 du0=0.2435 dmin0=-16.0233 dmax0=28.9767
INFO  [mc_indi_tiltrotor] T2dbg1 G2=[-0.000 -0.550 0.060 0.005 -1.000] G5=[-0.969 -1.083 -0.005 16.152 0.087]
INFO  [mc_indi_tiltrotor] T2dbg2 Wu25=[1.0 1000000.0] du25=[-0.6901 0.0004] dmax25=[28.8475 0.0040] nu_yaw=-0.032
INFO  [mc_indi_tiltrotor] WRdbg0 Wu0=1 lo0=-16.02 du0=0.2435 pin0=0.031 a0=[-0.010 0.296 -0.000 0.000 -0.074]
INFO  [mc_indi_tiltrotor] WRdbg1 Wu1=1 lo1=-16.26 du1=0.2497 pin1=0.016 a1=[0.009 0.299 0.000 0.000 -0.075]
INFO  [mc_indi_tiltrotor] T0dbg1 G0=[-0.355 0.246 -0.003 0.176 -0.984] nu_des=[-0.00 0.00 -0.02 -0.20 0.01]
INFO  [mc_indi_tiltrotor] T0dbg2 Ws34=[0.1 20.0] Wu0=1.0 du0=-0.0011 dmin0=-16.1490 dmax0=28.8510
INFO  [mc_indi_tiltrotor] T2dbg1 G2=[-0.000 -0.550 0.060 0.005 -1.000] G5=[-0.945 -1.058 -0.005 15.744 0.080]
INFO  [mc_indi_tiltrotor] T2dbg2 Wu25=[1.0 9.0] du25=[-0.0037 -0.0001] dmax25=[29.2554 0.0016] nu_yaw=-0.016
INFO  [mc_indi_tiltrotor] WRdbg0 Wu0=1 lo0=-16.15 du0=-0.0011 pin0=0.000 a0=[0.003 -0.000 -0.000 -0.001 -0.002]
INFO  [mc_indi_tiltrotor] WRdbg1 Wu1=1 lo1=-16.41 du1=-0.0028 pin1=0.000 a1=[-0.004 0.001 0.003 -0.001 -0.003]
INFO  [mc_indi_tiltrotor] YWdbg nu2=0.015 ach2=0.031 r=0.01 wsp2=-0.02 ddelta=[-0.0120 -0.0055 -0.0011]
INFO  [mc_indi_tiltrotor] T0dbg1 G0=[-0.355 0.247 -0.000 0.170 -0.986] nu_des=[0.01 -0.01 -0.01 0.01 0.02]
INFO  [mc_indi_tiltrotor] T0dbg2 Ws34=[0.1 20.0] Wu0=1.0 du0=-0.0094 dmin0=-16.2238 dmax0=28.7762
INFO  [mc_indi_tiltrotor] T2dbg1 G2=[-0.000 -0.550 0.060 0.005 -1.000] G5=[-0.951 -1.069 -0.004 15.848 0.073]
INFO  [mc_indi_tiltrotor] T2dbg2 Wu25=[1.0 9.0] du25=[0.0006 -0.0002] dmax25=[29.1518 0.0019] nu_yaw=-0.013
INFO  [mc_indi_tiltrotor] WRdbg0 Wu0=1 lo0=-16.22 du0=-0.0094 pin0=0.000 a0=[-0.006 0.001 -0.000 0.000 -0.004]
INFO  [mc_indi_tiltrotor] WRdbg1 Wu1=1 lo1=-16.47 du1=0.0023 pin1=0.000 a1=[0.008 -0.003 0.003 0.000 -0.005]
INFO  [mc_indi_tiltrotor] T0dbg1 G0=[-0.355 0.247 -0.002 0.173 -0.985] nu_des=[0.00 -0.01 -0.01 -0.03 0.01]
INFO  [mc_indi_tiltrotor] T0dbg2 Ws34=[0.1 20.0] Wu0=1.0 du0=-0.0042 dmin0=-16.2240 dmax0=28.7760
INFO  [mc_indi_tiltrotor] T2dbg1 G2=[-0.000 -0.550 0.060 0.005 -1.000] G5=[-0.954 -1.073 -0.004 15.895 0.072]
INFO  [mc_indi_tiltrotor] T2dbg2 Wu25=[1.0 9.0] du25=[0.0024 -0.0001] dmax25=[29.1044 0.0015] nu_yaw=-0.010
INFO  [mc_indi_tiltrotor] WRdbg0 Wu0=1 lo0=-16.22 du0=-0.0042 pin0=0.000 a0=[-0.003 0.001 -0.000 -0.000 -0.001]
INFO  [mc_indi_tiltrotor] WRdbg1 Wu1=1 lo1=-16.52 du1=0.0023 pin1=0.000 a1=[0.004 -0.002 0.002 -0.000 -0.002]
INFO  [mc_indi_tiltrotor] YWdbg nu2=-0.010 ach2=-0.010 r=-0.01 wsp2=-0.02 ddelta=[0.0033 0.0016 -0.0001]
INFO  [mc_indi_tiltrotor] T0dbg1 G0=[-0.355 0.247 -0.002 0.174 -0.985] nu_des=[-0.00 -0.33 0.02 -0.11 0.52]
INFO  [mc_indi_tiltrotor] T0dbg2 Ws34=[0.1 20.0] Wu0=1.0 du0=-0.3489 dmin0=-16.1381 dmax0=28.8619
INFO  [mc_indi_tiltrotor] T2dbg1 G2=[-0.000 -0.550 0.060 0.005 -1.000] G5=[-1.001 -1.123 -0.005 16.683 0.081]
INFO  [mc_indi_tiltrotor] T2dbg2 Wu25=[1.0 1000000.0] du25=[0.2029 0.0084] dmax25=[28.3166 0.0120] nu_yaw=0.015
INFO  [mc_indi_tiltrotor] WRdbg0 Wu0=1 lo0=-16.14 du0=-0.3489 pin0=0.025 a0=[0.007 -0.204 -0.000 -0.000 -0.176]
INFO  [mc_indi_tiltrotor] WRdbg1 Wu1=1 lo1=-16.45 du1=-0.3692 pin1=0.023 a1=[-0.006 -0.207 -0.000 -0.000 -0.179]
INFO  [mc_indi_tiltrotor] T0dbg1 G0=[-0.355 0.246 -0.003 0.177 -0.984] nu_des=[0.01 -0.09 0.05 -0.36 0.15]
INFO  [mc_indi_tiltrotor] T0dbg2 Ws34=[0.1 20.0] Wu0=1.0 du0=-0.0646 dmin0=-16.3384 dmax0=28.6616
INFO  [mc_indi_tiltrotor] T2dbg1 G2=[-0.000 -0.550 0.060 0.006 -1.000] G5=[-0.957 -1.065 -0.006 15.953 0.094]
INFO  [mc_indi_tiltrotor] T2dbg2 Wu25=[1.0 9.0] du25=[0.0148 -0.0001] dmax25=[29.0469 0.0026] nu_yaw=0.052
INFO  [mc_indi_tiltrotor] WRdbg0 Wu0=1 lo0=-16.34 du0=-0.0646 pin0=0.063 a0=[-0.017 -0.060 0.001 0.000 -0.051]
INFO  [mc_indi_tiltrotor] WRdbg1 Wu1=1 lo1=-16.62 du1=-0.0635 pin1=0.028 a1=[0.016 -0.053 -0.002 -0.000 -0.052]
INFO  [mc_indi_tiltrotor] YWdbg nu2=0.024 ach2=0.024 r=-0.03 wsp2=0.04 ddelta=[-0.0027 0.0013 0.0001]
INFO  [mc_indi_tiltrotor] T0dbg1 G0=[-0.355 0.248 0.001 0.166 -0.986] nu_des=[-0.01 0.12 -0.02 -0.06 0.00]
INFO  [mc_indi_tiltrotor] T0dbg2 Ws34=[0.1 20.0] Wu0=1.0 du0=0.0349 dmin0=-16.2335 dmax0=28.7665
INFO  [mc_indi_tiltrotor] T2dbg1 G2=[-0.000 -0.550 0.060 0.004 -1.000] G5=[-0.953 -1.077 -0.004 15.886 0.064]
INFO  [mc_indi_tiltrotor] T2dbg2 Wu25=[1.0 9.0] du25=[-0.1026 -0.0015] dmax25=[29.1141 0.0005] nu_yaw=-0.018
INFO  [mc_indi_tiltrotor] WRdbg0 Wu0=1 lo0=-16.23 du0=0.0349 pin0=-0.058 a0=[0.015 0.080 -0.000 0.000 -0.002]
INFO  [mc_indi_tiltrotor] WRdbg1 Wu1=1 lo1=-16.54 du1=0.0290 pin1=-0.027 a1=[-0.014 0.070 0.001 -0.000 -0.002]
INFO  [mc_indi_tiltrotor] T0dbg1 G0=[-0.355 0.246 -0.003 0.178 -0.984] nu_des=[0.01 -0.03 0.00 -0.33 0.02]
INFO  [mc_indi_tiltrotor] T0dbg2 Ws34=[0.1 20.0] Wu0=1.0 du0=-0.0122 dmin0=-16.2263 dmax0=28.7737
INFO  [mc_indi_tiltrotor] T2dbg1 G2=[-0.000 -0.550 0.060 0.005 -1.000] G5=[-0.956 -1.075 -0.004 15.929 0.073]
INFO  [mc_indi_tiltrotor] T2dbg2 Wu25=[1.0 9.0] du25=[0.0096 -0.0000] dmax25=[29.0706 0.0017] nu_yaw=0.004
INFO  [mc_indi_tiltrotor] WRdbg0 Wu0=1 lo0=-16.23 du0=-0.0122 pin0=0.000 a0=[-0.007 0.003 0.000 -0.002 -0.006]
INFO  [mc_indi_tiltrotor] WRdbg1 Wu1=1 lo1=-16.49 du1=-0.0076 pin1=0.000 a1=[0.009 -0.007 -0.001 -0.001 -0.007]
INFO  [mc_indi_tiltrotor] YWdbg nu2=0.007 ach2=0.006 r=0.03 wsp2=0.00 ddelta=[-0.0033 -0.0022 0.0002]
INFO  [mc_indi_tiltrotor] T0dbg1 G0=[-0.355 0.247 -0.001 0.173 -0.985] nu_des=[-0.00 0.01 0.01 -0.18 -0.03]
INFO  [mc_indi_tiltrotor] T0dbg2 Ws34=[0.1 20.0] Wu0=1.0 du0=0.0093 dmin0=-16.3713 dmax0=28.6287
INFO  [mc_indi_tiltrotor] T2dbg1 G2=[-0.000 -0.550 0.060 0.004 -1.000] G5=[-0.962 -1.085 -0.004 16.029 0.067]
INFO  [mc_indi_tiltrotor] T2dbg2 Wu25=[1.0 9.0] du25=[0.0064 0.0000] dmax25=[28.9707 0.0016] nu_yaw=0.006
INFO  [mc_indi_tiltrotor] WRdbg0 Wu0=1 lo0=-16.37 du0=0.0093 pin0=0.000 a0=[0.003 -0.001 0.000 -0.001 0.008]
INFO  [mc_indi_tiltrotor] WRdbg1 Wu1=1 lo1=-16.62 du1=0.0051 pin1=0.000 a1=[-0.005 0.003 -0.001 -0.001 0.009]
INFO  [mc_indi_tiltrotor] T0dbg1 G0=[-0.355 0.247 -0.001 0.171 -0.985] nu_des=[0.00 -0.00 -0.00 -0.17 -0.01]
INFO  [mc_indi_tiltrotor] T0dbg2 Ws34=[0.1 20.0] Wu0=1.0 du0=-0.0019 dmin0=-16.4930 dmax0=28.5070
INFO  [mc_indi_tiltrotor] T2dbg1 G2=[-0.000 -0.550 0.060 0.004 -1.000] G5=[-0.975 -1.100 -0.004 16.250 0.068]
INFO  [mc_indi_tiltrotor] T2dbg2 Wu25=[1.0 9.0] du25=[0.0028 -0.0002] dmax25=[28.7500 0.0019] nu_yaw=-0.001
INFO  [mc_indi_tiltrotor] WRdbg0 Wu0=1 lo0=-16.49 du0=-0.0019 pin0=0.000 a0=[-0.002 0.000 -0.000 -0.001 0.001]
INFO  [mc_indi_tiltrotor] WRdbg1 Wu1=1 lo1=-16.73 du1=0.0045 pin1=0.000 a1=[0.003 -0.000 0.000 -0.001 0.002]
INFO  [mc_indi_tiltrotor] YWdbg nu2=-0.003 ach2=-0.004 r=-0.01 wsp2=-0.00 ddelta=[0.0004 -0.0003 0.0001]
INFO  [mc_indi_tiltrotor] T0dbg1 G0=[-0.355 0.247 -0.000 0.170 -0.985] nu_des=[0.00 0.01 0.00 -0.18 0.02]
INFO  [mc_indi_tiltrotor] T0dbg2 Ws34=[0.1 20.0] Wu0=1.0 du0=-0.0094 dmin0=-16.4671 dmax0=28.5329
INFO  [mc_indi_tiltrotor] T2dbg1 G2=[-0.000 -0.550 0.060 0.004 -1.000] G5=[-0.978 -1.107 -0.004 16.307 0.064]
INFO  [mc_indi_tiltrotor] T2dbg2 Wu25=[1.0 9.0] du25=[-0.0134 -0.0003] dmax25=[28.6931 0.0015] nu_yaw=0.000
INFO  [mc_indi_tiltrotor] WRdbg0 Wu0=1 lo0=-16.47 du0=-0.0094 pin0=0.000 a0=[-0.002 -0.001 0.000 -0.001 -0.006]
INFO  [mc_indi_tiltrotor] WRdbg1 Wu1=1 lo1=-16.75 du1=-0.0027 pin1=0.000 a1=[0.003 0.002 -0.000 -0.001 -0.007]
INFO  [mc_indi_tiltrotor] T0dbg1 G0=[-0.355 0.248 0.000 0.169 -0.986] nu_des=[-0.01 0.00 -0.00 -0.15 -0.01]
INFO  [mc_indi_tiltrotor] T0dbg2 Ws34=[0.1 20.0] Wu0=1.0 du0=0.0080 dmin0=-16.4300 dmax0=28.5700
INFO  [mc_indi_tiltrotor] T2dbg1 G2=[-0.000 -0.550 0.060 0.004 -1.000] G5=[-0.977 -1.107 -0.004 16.285 0.060]
INFO  [mc_indi_tiltrotor] T2dbg2 Wu25=[1.0 9.0] du25=[0.0056 0.0002] dmax25=[28.7152 0.0019] nu_yaw=-0.001
INFO  [mc_indi_tiltrotor] WRdbg0 Wu0=1 lo0=-16.43 du0=0.0080 pin0=0.000 a0=[0.006 -0.000 -0.000 -0.001 0.003]
INFO  [mc_indi_tiltrotor] WRdbg1 Wu1=1 lo1=-16.71 du1=-0.0050 pin1=0.000 a1=[-0.008 0.000 0.000 -0.001 0.003]
INFO  [mc_indi_tiltrotor] YWdbg nu2=0.004 ach2=0.003 r=-0.00 wsp2=0.00 ddelta=[0.0008 0.0015 -0.0003]
INFO  [mc_indi_tiltrotor] T0dbg1 G0=[-0.355 0.247 -0.000 0.169 -0.986] nu_des=[-0.01 0.00 0.00 -0.17 -0.01]
INFO  [mc_indi_tiltrotor] T0dbg2 Ws34=[0.1 20.0] Wu0=1.0 du0=0.0096 dmin0=-16.3534 dmax0=28.6466
INFO  [mc_indi_tiltrotor] T2dbg1 G2=[-0.000 -0.550 0.060 0.003 -1.000] G5=[-0.975 -1.107 -0.003 16.250 0.055]
INFO  [mc_indi_tiltrotor] T2dbg2 Wu25=[1.0 9.0] du25=[0.0061 0.0003] dmax25=[28.7497 0.0018] nu_yaw=0.001
INFO  [mc_indi_tiltrotor] WRdbg0 Wu0=1 lo0=-16.35 du0=0.0096 pin0=0.000 a0=[0.008 -0.000 0.000 -0.001 0.003]
INFO  [mc_indi_tiltrotor] WRdbg1 Wu1=1 lo1=-16.66 du1=-0.0079 pin1=0.000 a1=[-0.010 0.000 -0.000 -0.001 0.003]
INFO  [mc_indi_tiltrotor] T0dbg1 G0=[-0.355 0.246 -0.002 0.176 -0.984] nu_des=[-0.00 -0.04 -0.01 -0.32 0.06]
INFO  [mc_indi_tiltrotor] T0dbg2 Ws34=[0.1 20.0] Wu0=1.0 du0=-0.0100 dmin0=-16.5138 dmax0=28.4862
INFO  [mc_indi_tiltrotor] T2dbg1 G2=[-0.000 -0.550 0.060 0.004 -1.000] G5=[-0.975 -1.103 -0.004 16.258 0.064]
INFO  [mc_indi_tiltrotor] T2dbg2 Wu25=[1.0 9.0] du25=[0.0067 0.0005] dmax25=[28.7418 0.0025] nu_yaw=-0.008
INFO  [mc_indi_tiltrotor] WRdbg0 Wu0=1 lo0=-16.51 du0=-0.0100 pin0=0.027 a0=[0.003 -0.024 0.003 0.000 -0.019]
INFO  [mc_indi_tiltrotor] WRdbg1 Wu1=1 lo1=-16.77 du1=-0.0302 pin1=0.011 a1=[-0.003 -0.022 0.003 -0.000 -0.019]
INFO  [mc_indi_tiltrotor] YWdbg nu2=-0.016 ach2=-0.015 r=0.03 wsp2=-0.03 ddelta=[-0.0022 -0.0047 -0.0005]
INFO  [mc_indi_tiltrotor] T0dbg1 G0=[-0.355 0.246 -0.003 0.178 -0.984] nu_des=[-0.00 0.01 -0.02 -0.26 0.01]
INFO  [mc_indi_tiltrotor] T0dbg2 Ws34=[0.1 20.0] Wu0=1.0 du0=-0.0033 dmin0=-16.5065 dmax0=28.4935
INFO  [mc_indi_tiltrotor] T2dbg1 G2=[-0.000 -0.550 0.060 0.004 -1.000] G5=[-0.976 -1.105 -0.004 16.260 0.060]
INFO  [mc_indi_tiltrotor] T2dbg2 Wu25=[1.0 9.0] du25=[-0.0060 -0.0003] dmax25=[28.7402 0.0018] nu_yaw=-0.019
INFO  [mc_indi_tiltrotor] WRdbg0 Wu0=1 lo0=-16.51 du0=-0.0033 pin0=0.000 a0=[0.001 -0.001 -0.000 -0.001 -0.001]
INFO  [mc_indi_tiltrotor] WRdbg1 Wu1=1 lo1=-16.70 du1=0.0025 pin1=0.000 a1=[-0.001 0.003 0.004 -0.001 -0.002]
INFO  [mc_indi_tiltrotor] T0dbg1 G0=[-0.355 0.246 -0.004 0.180 -0.984] nu_des=[0.01 0.00 0.00 -0.23 0.00]
INFO  [mc_indi_tiltrotor] T0dbg2 Ws34=[0.1 20.0] Wu0=1.0 du0=-0.0103 dmin0=-16.4409 dmax0=28.5591
INFO  [mc_indi_tiltrotor] T2dbg1 G2=[-0.000 -0.550 0.060 0.003 -1.000] G5=[-0.976 -1.110 -0.003 16.271 0.053]
INFO  [mc_indi_tiltrotor] T2dbg2 Wu25=[1.0 9.0] du25=[-0.0017 -0.0005] dmax25=[28.7285 0.0012] nu_yaw=0.001
INFO  [mc_indi_tiltrotor] WRdbg0 Wu0=1 lo0=-16.44 du0=-0.0103 pin0=0.000 a0=[-0.009 -0.000 0.000 -0.001 -0.000]
INFO  [mc_indi_tiltrotor] WRdbg1 Wu1=1 lo1=-16.71 du1=0.0109 pin1=0.000 a1=[0.012 0.000 -0.000 -0.001 -0.000]
INFO  [mc_indi_tiltrotor] YWdbg nu2=0.001 ach2=0.000 r=-0.02 wsp2=-0.03 ddelta=[0.0009 0.0010 -0.0002]
INFO  [mc_indi_tiltrotor] T0dbg1 G0=[-0.355 0.246 -0.004 0.181 -0.984] nu_des=[0.00 0.00 0.00 -0.23 0.01]
INFO  [mc_indi_tiltrotor] T0dbg2 Ws34=[0.1 20.0] Wu0=1.0 du0=-0.0054 dmin0=-16.3107 dmax0=28.6893
INFO  [mc_indi_tiltrotor] T2dbg1 G2=[-0.000 -0.550 0.060 0.003 -1.000] G5=[-0.970 -1.107 -0.003 16.173 0.045]
INFO  [mc_indi_tiltrotor] T2dbg2 Wu25=[1.0 9.0] du25=[-0.0038 -0.0002] dmax25=[28.8273 0.0018] nu_yaw=0.004
INFO  [mc_indi_tiltrotor] WRdbg0 Wu0=1 lo0=-16.31 du0=-0.0054 pin0=0.000 a0=[-0.001 -0.000 0.000 -0.001 -0.003]
INFO  [mc_indi_tiltrotor] WRdbg1 Wu1=1 lo1=-16.64 du1=-0.0025 pin1=0.000 a1=[0.002 0.000 -0.001 -0.001 -0.003]
INFO  [mc_indi_tiltrotor] T0dbg1 G0=[-0.355 0.247 -0.002 0.175 -0.984] nu_des=[-0.00 0.00 0.02 -0.16 -0.01]
INFO  [mc_indi_tiltrotor] T0dbg2 Ws34=[0.1 20.0] Wu0=1.0 du0=0.0067 dmin0=-16.2675 dmax0=28.7325
INFO  [mc_indi_tiltrotor] T2dbg1 G2=[-0.000 -0.550 0.060 0.002 -1.000] G5=[-0.966 -1.105 -0.002 16.098 0.039]
INFO  [mc_indi_tiltrotor] T2dbg2 Wu25=[1.0 9.0] du25=[0.0051 0.0002] dmax25=[28.9019 0.0017] nu_yaw=0.018
INFO  [mc_indi_tiltrotor] WRdbg0 Wu0=1 lo0=-16.27 du0=0.0067 pin0=0.000 a0=[0.004 -0.000 0.000 -0.001 0.003]
INFO  [mc_indi_tiltrotor] WRdbg1 Wu1=1 lo1=-16.60 du1=-0.0048 pin1=0.000 a1=[-0.005 0.000 -0.004 -0.001 0.004]
INFO  [mc_indi_tiltrotor] YWdbg nu2=0.021 ach2=0.021 r=-0.03 wsp2=0.01 ddelta=[-0.0009 0.0026 0.0001]
INFO  [mc_indi_tiltrotor] T0dbg1 G0=[-0.355 0.248 0.002 0.164 -0.986] nu_des=[-0.00 0.12 -0.07 0.05 0.12]
INFO  [mc_indi_tiltrotor] T0dbg2 Ws34=[0.1 20.0] Wu0=1.0 du0=-0.0024 dmin0=-16.3002 dmax0=28.6998
INFO  [mc_indi_tiltrotor] T2dbg1 G2=[-0.000 -0.550 0.060 0.002 -1.000] G5=[-0.970 -1.111 -0.002 16.172 0.038]
INFO  [mc_indi_tiltrotor] T2dbg2 Wu25=[1.0 1000000.0] du25=[-0.1425 -0.0023] dmax25=[28.8275 0.0009] nu_yaw=-0.066
INFO  [mc_indi_tiltrotor] WRdbg0 Wu0=1 lo0=-16.30 du0=-0.0024 pin0=-0.041 a0=[0.006 0.073 -0.000 0.000 -0.041]
INFO  [mc_indi_tiltrotor] WRdbg1 Wu1=1 lo1=-16.61 du1=-0.0030 pin1=-0.030 a1=[-0.006 0.074 0.000 0.000 -0.041]
INFO  [mc_indi_tiltrotor] T0dbg1 G0=[-0.355 0.245 -0.006 0.186 -0.983] nu_des=[0.00 -0.01 -0.01 -0.56 0.02]
INFO  [mc_indi_tiltrotor] T0dbg2 Ws34=[0.1 20.0] Wu0=1.0 du0=-0.0108 dmin0=-16.3116 dmax0=28.6884
INFO  [mc_indi_tiltrotor] T2dbg1 G2=[-0.000 -0.550 0.060 0.004 -1.000] G5=[-0.961 -1.089 -0.004 16.023 0.059]
INFO  [mc_indi_tiltrotor] T2dbg2 Wu25=[1.0 9.0] du25=[0.0006 -0.0003] dmax25=[28.9766 0.0017] nu_yaw=-0.013
INFO  [mc_indi_tiltrotor] WRdbg0 Wu0=1 lo0=-16.31 du0=-0.0108 pin0=0.000 a0=[-0.004 0.001 -0.000 -0.003 -0.004]
INFO  [mc_indi_tiltrotor] WRdbg1 Wu1=1 lo1=-16.53 du1=-0.0017 pin1=0.000 a1=[0.005 -0.002 0.002 -0.002 -0.005]
INFO  [mc_indi_tiltrotor] YWdbg nu2=-0.009 ach2=-0.008 r=0.03 wsp2=-0.00 ddelta=[-0.0031 -0.0044 -0.0004]
INFO  [mc_indi_tiltrotor] T0dbg1 G0=[-0.355 0.247 -0.001 0.172 -0.985] nu_des=[0.00 0.01 0.02 -0.07 -0.01]
INFO  [mc_indi_tiltrotor] T0dbg2 Ws34=[0.1 20.0] Wu0=1.0 du0=-0.0036 dmin0=-16.3411 dmax0=28.6589
INFO  [mc_indi_tiltrotor] T2dbg1 G2=[-0.000 -0.550 0.060 0.003 -1.000] G5=[-0.963 -1.100 -0.003 16.043 0.042]
INFO  [mc_indi_tiltrotor] T2dbg2 Wu25=[1.0 9.0] du25=[-0.0021 -0.0003] dmax25=[28.9569 0.0017] nu_yaw=0.015
INFO  [mc_indi_tiltrotor] WRdbg0 Wu0=1 lo0=-16.34 du0=-0.0036 pin0=0.000 a0=[-0.005 -0.000 0.000 -0.000 0.002]
INFO  [mc_indi_tiltrotor] WRdbg1 Wu1=1 lo1=-16.60 du1=0.0070 pin1=0.000 a1=[0.007 0.002 -0.003 -0.000 0.002]
INFO  [mc_indi_tiltrotor] T0dbg1 G0=[-0.355 0.245 -0.005 0.184 -0.983] nu_des=[-0.00 0.01 -0.01 -0.49 0.01]
INFO  [mc_indi_tiltrotor] T0dbg2 Ws34=[0.1 20.0] Wu0=1.0 du0=-0.0050 dmin0=-16.2520 dmax0=28.7480
INFO  [mc_indi_tiltrotor] T2dbg1 G2=[-0.000 -0.550 0.060 0.004 -1.000] G5=[-0.960 -1.086 -0.004 15.996 0.061]
INFO  [mc_indi_tiltrotor] T2dbg2 Wu25=[1.0 9.0] du25=[-0.0053 -0.0003] dmax25=[29.0042 0.0014] nu_yaw=-0.005
INFO  [mc_indi_tiltrotor] WRdbg0 Wu0=1 lo0=-16.25 du0=-0.0050 pin0=0.000 a0=[0.000 -0.001 -0.000 -0.003 -0.002]
INFO  [mc_indi_tiltrotor] WRdbg1 Wu1=1 lo1=-16.57 du1=-0.0005 pin1=0.000 a1=[-0.000 0.002 0.001 -0.002 -0.002]
INFO  [mc_indi_tiltrotor] YWdbg nu2=-0.000 ach2=-0.000 r=-0.00 wsp2=-0.01 ddelta=[-0.0048 -0.0047 -0.0001]
INFO  [mc_indi_tiltrotor] T0dbg1 G0=[-0.355 0.246 -0.003 0.178 -0.984] nu_des=[0.01 0.02 0.00 -0.30 -0.01]
INFO  [mc_indi_tiltrotor] T0dbg2 Ws34=[0.1 20.0] Wu0=1.0 du0=-0.0090 dmin0=-16.3406 dmax0=28.6594
INFO  [mc_indi_tiltrotor] T2dbg1 G2=[-0.000 -0.550 0.060 0.003 -1.000] G5=[-0.962 -1.093 -0.003 16.039 0.055]
INFO  [mc_indi_tiltrotor] T2dbg2 Wu25=[1.0 9.0] du25=[-0.0061 -0.0007] dmax25=[28.9604 0.0014] nu_yaw=0.001
INFO  [mc_indi_tiltrotor] WRdbg0 Wu0=1 lo0=-16.34 du0=-0.0090 pin0=0.000 a0=[-0.008 -0.001 0.000 -0.002 0.002]
INFO  [mc_indi_tiltrotor] WRdbg1 Wu1=1 lo1=-16.61 du1=0.0170 pin1=0.000 a1=[0.011 0.004 -0.000 -0.001 0.003]
INFO  [mc_indi_tiltrotor] T0dbg1 G0=[-0.355 0.246 -0.003 0.177 -0.984] nu_des=[-0.00 0.01 0.00 -0.27 0.02]
INFO  [mc_indi_tiltrotor] T0dbg2 Ws34=[0.1 20.0] Wu0=1.0 du0=-0.0023 dmin0=-16.3777 dmax0=28.6223
INFO  [mc_indi_tiltrotor] T2dbg1 G2=[-0.000 -0.550 0.060 0.003 -1.000] G5=[-0.967 -1.100 -0.003 16.123 0.053]
INFO  [mc_indi_tiltrotor] T2dbg2 Wu25=[1.0 9.0] du25=[-0.0074 -0.0000] dmax25=[28.8772 0.0016] nu_yaw=0.001
INFO  [mc_indi_tiltrotor] WRdbg0 Wu0=1 lo0=-16.38 du0=-0.0023 pin0=0.000 a0=[0.004 -0.000 0.000 -0.001 -0.004]
INFO  [mc_indi_tiltrotor] WRdbg1 Wu1=1 lo1=-16.61 du1=-0.0095 pin1=0.000 a1=[-0.005 0.001 -0.000 -0.001 -0.005]
INFO  [mc_indi_tiltrotor] YWdbg nu2=-0.010 ach2=-0.010 r=-0.00 wsp2=-0.00 ddelta=[0.0018 0.0000 -0.0002]
INFO  [mc_indi_tiltrotor] T0dbg1 G0=[-0.355 0.247 -0.000 0.170 -0.985] nu_des=[0.01 -0.03 0.01 -0.05 0.01]
INFO  [mc_indi_tiltrotor] T0dbg2 Ws34=[0.1 20.0] Wu0=1.0 du0=-0.0071 dmin0=-16.3754 dmax0=28.6246
INFO  [mc_indi_tiltrotor] T2dbg1 G2=[-0.000 -0.550 0.060 0.003 -1.000] G5=[-0.965 -1.099 -0.003 16.080 0.048]
INFO  [mc_indi_tiltrotor] T2dbg2 Wu25=[1.0 9.0] du25=[0.0130 0.0001] dmax25=[28.9201 0.0018] nu_yaw=0.005
INFO  [mc_indi_tiltrotor] WRdbg0 Wu0=1 lo0=-16.38 du0=-0.0071 pin0=0.000 a0=[-0.007 0.002 0.000 -0.000 -0.002]
INFO  [mc_indi_tiltrotor] WRdbg1 Wu1=1 lo1=-16.64 du1=-0.0016 pin1=0.000 a1=[0.009 -0.007 -0.001 -0.000 -0.002]
INFO  [mc_indi_tiltrotor] T0dbg1 G0=[-0.355 0.244 -0.008 0.192 -0.981] nu_des=[-0.00 -0.13 0.03 -0.83 0.08]
INFO  [mc_indi_tiltrotor] T0dbg2 Ws34=[0.1 20.0] Wu0=1.0 du0=-0.0435 dmin0=-16.3096 dmax0=28.6904
INFO  [mc_indi_tiltrotor] T2dbg1 G2=[-0.000 -0.550 0.060 0.005 -1.000] G5=[-0.951 -1.064 -0.005 15.848 0.082]
INFO  [mc_indi_tiltrotor] T2dbg2 Wu25=[1.0 9.0] du25=[0.0750 0.0017] dmax25=[29.1520 0.0026] nu_yaw=0.026
INFO  [mc_indi_tiltrotor] WRdbg0 Wu0=1 lo0=-16.31 du0=-0.0435 pin0=0.066 a0=[0.000 -0.082 0.000 0.000 -0.029]
INFO  [mc_indi_tiltrotor] WRdbg1 Wu1=1 lo1=-16.56 du1=-0.0725 pin1=0.031 a1=[-0.000 -0.073 -0.001 -0.001 -0.029]
INFO  [mc_indi_tiltrotor] YWdbg nu2=0.015 ach2=-0.032 r=-0.01 wsp2=0.00 ddelta=[0.0048 0.0048 -0.0053]
INFO  [mc_indi_tiltrotor] T0dbg1 G0=[-0.355 0.241 -0.014 0.206 -0.978] nu_des=[-0.00 0.02 -0.00 -1.29 0.03]
INFO  [mc_indi_tiltrotor] T0dbg2 Ws34=[0.1 20.0] Wu0=1.0 du0=-0.0113 dmin0=-16.2307 dmax0=28.7693
INFO  [mc_indi_tiltrotor] T2dbg1 G2=[-0.000 -0.550 0.060 0.004 -1.000] G5=[-0.940 -1.064 -0.004 15.665 0.059]
INFO  [mc_indi_tiltrotor] T2dbg2 Wu25=[1.0 9.0] du25=[-0.0169 -0.0005] dmax25=[29.3351 0.0014] nu_yaw=-0.001
INFO  [mc_indi_tiltrotor] WRdbg0 Wu0=1 lo0=-16.23 du0=-0.0113 pin0=0.000 a0=[0.005 -0.002 0.000 -0.007 -0.007]
INFO  [mc_indi_tiltrotor] WRdbg1 Wu1=1 lo1=-16.46 du1=-0.0171 pin1=0.000 a1=[-0.007 0.003 0.000 -0.005 -0.009]
INFO  [mc_indi_tiltrotor] T0dbg1 G0=[-0.355 0.244 -0.007 0.189 -0.982] nu_des=[-0.00 -0.00 -0.00 -0.70 0.01]
INFO  [mc_indi_tiltrotor] T0dbg2 Ws34=[0.1 20.0] Wu0=1.0 du0=-0.0033 dmin0=-16.1555 dmax0=28.8445
INFO  [mc_indi_tiltrotor] T2dbg1 G2=[-0.000 -0.550 0.060 0.002 -1.000] G5=[-0.937 -1.074 -0.002 15.617 0.035]
INFO  [mc_indi_tiltrotor] T2dbg2 Wu25=[1.0 9.0] du25=[0.0043 -0.0001] dmax25=[29.3830 0.0015] nu_yaw=-0.002
INFO  [mc_indi_tiltrotor] WRdbg0 Wu0=1 lo0=-16.16 du0=-0.0033 pin0=0.000 a0=[0.001 0.000 -0.000 -0.004 -0.001]
INFO  [mc_indi_tiltrotor] WRdbg1 Wu1=1 lo1=-16.35 du1=-0.0067 pin1=0.000 a1=[-0.002 -0.001 0.000 -0.002 -0.002]
INFO  [mc_indi_tiltrotor] YWdbg nu2=-0.003 ach2=-0.004 r=0.00 wsp2=0.01 ddelta=[-0.0011 -0.0018 0.0000]
INFO  [mc_indi_tiltrotor] T0dbg1 G0=[-0.355 0.245 -0.007 0.187 -0.982] nu_des=[-0.01 0.07 -0.00 -0.57 -0.00]
INFO  [mc_indi_tiltrotor] T0dbg2 Ws34=[0.1 20.0] Wu0=1.0 du0=0.0138 dmin0=-16.0578 dmax0=28.9422
INFO  [mc_indi_tiltrotor] T2dbg1 G2=[-0.000 -0.550 0.060 0.001 -1.000] G5=[-0.936 -1.080 -0.001 15.602 0.022]
INFO  [mc_indi_tiltrotor] T2dbg2 Wu25=[1.0 9.0] du25=[-0.0458 -0.0011] dmax25=[29.3979 0.0015] nu_yaw=-0.005
INFO  [mc_indi_tiltrotor] WRdbg0 Wu0=1 lo0=-16.06 du0=0.0138 pin0=-0.043 a0=[0.013 0.043 -0.000 0.000 0.000]
INFO  [mc_indi_tiltrotor] WRdbg1 Wu1=1 lo1=-16.28 du1=0.0076 pin1=-0.019 a1=[-0.012 0.038 0.000 -0.000 0.000]
INFO  [mc_indi_tiltrotor] T0dbg1 G0=[-0.355 0.248 0.001 0.166 -0.986] nu_des=[0.00 0.00 -0.03 0.12 0.00]
INFO  [mc_indi_tiltrotor] T0dbg2 Ws34=[0.1 20.0] Wu0=1.0 du0=-0.0026 dmin0=-16.1220 dmax0=28.8780
INFO  [mc_indi_tiltrotor] T2dbg1 G2=[-0.000 -0.550 0.060 0.002 -1.000] G5=[-0.948 -1.090 -0.002 15.797 0.030]
INFO  [mc_indi_tiltrotor] T2dbg2 Wu25=[1.0 9.0] du25=[-0.0043 -0.0002] dmax25=[29.2029 0.0016] nu_yaw=-0.025
INFO  [mc_indi_tiltrotor] WRdbg0 Wu0=1 lo0=-16.12 du0=-0.0026 pin0=0.000 a0=[-0.001 -0.000 -0.001 0.001 -0.001]
INFO  [mc_indi_tiltrotor] WRdbg1 Wu1=1 lo1=-16.37 du1=0.0070 pin1=0.000 a1=[0.001 0.001 0.005 0.000 -0.001]
INFO  [mc_indi_tiltrotor] YWdbg nu2=-0.025 ach2=-0.025 r=0.03 wsp2=-0.00 ddelta=[0.0038 -0.0007 0.0003]
INFO  [mc_indi_tiltrotor] T0dbg1 G0=[-0.355 0.246 -0.004 0.181 -0.983] nu_des=[0.00 -0.04 0.02 -0.40 0.04]
INFO  [mc_indi_tiltrotor] T0dbg2 Ws34=[0.1 20.0] Wu0=1.0 du0=-0.0096 dmin0=-16.2492 dmax0=28.7508
INFO  [mc_indi_tiltrotor] T2dbg1 G2=[-0.000 -0.550 0.060 0.003 -1.000] G5=[-0.949 -1.084 -0.003 15.824 0.043]
INFO  [mc_indi_tiltrotor] T2dbg2 Wu25=[1.0 9.0] du25=[0.0112 0.0004] dmax25=[29.1760 0.0023] nu_yaw=0.021
INFO  [mc_indi_tiltrotor] WRdbg0 Wu0=1 lo0=-16.25 du0=-0.0096 pin0=0.000 a0=[-0.001 0.004 0.000 -0.002 -0.010]
INFO  [mc_indi_tiltrotor] WRdbg1 Wu1=1 lo1=-16.53 du1=-0.0262 pin1=0.000 a1=[0.002 -0.010 -0.004 -0.001 -0.013]
INFO  [mc_indi_tiltrotor] T0dbg1 G0=[-0.355 0.248 0.001 0.166 -0.986] nu_des=[-0.01 0.02 -0.01 0.01 -0.01]
INFO  [mc_indi_tiltrotor] T0dbg2 Ws34=[0.1 20.0] Wu0=1.0 du0=0.0092 dmin0=-16.2971 dmax0=28.7029
INFO  [mc_indi_tiltrotor] T2dbg1 G2=[-0.000 -0.550 0.060 0.002 -1.000] G5=[-0.958 -1.096 -0.002 15.969 0.040]
INFO  [mc_indi_tiltrotor] T2dbg2 Wu25=[1.0 9.0] du25=[-0.0083 0.0001] dmax25=[29.0311 0.0014] nu_yaw=-0.007
INFO  [mc_indi_tiltrotor] WRdbg0 Wu0=1 lo0=-16.30 du0=0.0092 pin0=0.000 a0=[0.009 -0.001 -0.000 0.000 0.002]
INFO  [mc_indi_tiltrotor] WRdbg1 Wu1=1 lo1=-16.62 du1=-0.0030 pin1=0.000 a1=[-0.012 0.005 0.001 0.000 0.002]
INFO  [mc_indi_tiltrotor] YWdbg nu2=-0.003 ach2=-0.003 r=0.00 wsp2=0.01 ddelta=[0.0047 0.0042 -0.0001]
INFO  [mc_indi_tiltrotor] T0dbg1 G0=[-0.355 0.245 -0.005 0.183 -0.983] nu_des=[0.00 -0.01 -0.00 -0.52 0.03]
INFO  [mc_indi_tiltrotor] T0dbg2 Ws34=[0.1 20.0] Wu0=1.0 du0=-0.0125 dmin0=-16.2143 dmax0=28.7857
INFO  [mc_indi_tiltrotor] T2dbg1 G2=[-0.000 -0.550 0.060 0.004 -1.000] G5=[-0.950 -1.075 -0.004 15.832 0.061]
INFO  [mc_indi_tiltrotor] T2dbg2 Wu25=[1.0 9.0] du25=[-0.0029 -0.0003] dmax25=[29.1682 0.0017] nu_yaw=-0.000
INFO  [mc_indi_tiltrotor] WRdbg0 Wu0=1 lo0=-16.21 du0=-0.0125 pin0=0.000 a0=[-0.004 0.001 -0.000 -0.003 -0.007]
INFO  [mc_indi_tiltrotor] WRdbg1 Wu1=1 lo1=-16.48 du1=-0.0064 pin1=0.000 a1=[0.005 -0.002 0.000 -0.002 -0.008]
INFO  [mc_indi_tiltrotor] T0dbg1 G0=[-0.355 0.246 -0.003 0.177 -0.984] nu_des=[0.00 -0.00 -0.00 -0.34 -0.00]
INFO  [mc_indi_tiltrotor] T0dbg2 Ws34=[0.1 20.0] Wu0=1.0 du0=-0.0035 dmin0=-16.1969 dmax0=28.8031
INFO  [mc_indi_tiltrotor] T2dbg1 G2=[-0.000 -0.550 0.060 0.003 -1.000] G5=[-0.945 -1.074 -0.003 15.750 0.052]
INFO  [mc_indi_tiltrotor] T2dbg2 Wu25=[1.0 9.0] du25=[0.0023 -0.0002] dmax25=[29.2504 0.0017] nu_yaw=-0.001
INFO  [mc_indi_tiltrotor] WRdbg0 Wu0=1 lo0=-16.20 du0=-0.0035 pin0=0.000 a0=[-0.002 0.000 -0.000 -0.002 0.000]
INFO  [mc_indi_tiltrotor] WRdbg1 Wu1=1 lo1=-16.39 du1=0.0018 pin1=0.000 a1=[0.003 -0.000 0.000 -0.001 0.000]
INFO  [mc_indi_tiltrotor] YWdbg nu2=-0.002 ach2=-0.002 r=0.00 wsp2=0.01 ddelta=[-0.0015 -0.0019 -0.0001]
INFO  [mc_indi_tiltrotor] T0dbg1 G0=[-0.355 0.246 -0.003 0.178 -0.984] nu_des=[-0.00 0.00 -0.01 -0.32 0.02]
INFO  [mc_indi_tiltrotor] T0dbg2 Ws34=[0.1 20.0] Wu0=1.0 du0=-0.0064 dmin0=-16.1387 dmax0=28.8613
INFO  [mc_indi_tiltrotor] T2dbg1 G2=[-0.000 -0.550 0.060 0.003 -1.000] G5=[-0.945 -1.077 -0.003 15.754 0.047]
INFO  [mc_indi_tiltrotor] T2dbg2 Wu25=[1.0 9.0] du25=[-0.0074 -0.0002] dmax25=[29.2460 0.0014] nu_yaw=-0.008
INFO  [mc_indi_tiltrotor] WRdbg0 Wu0=1 lo0=-16.14 du0=-0.0064 pin0=0.000 a0=[0.001 -0.000 -0.000 -0.002 -0.005]
INFO  [mc_indi_tiltrotor] WRdbg1 Wu1=1 lo1=-16.35 du1=-0.0064 pin1=0.000 a1=[-0.001 0.001 0.001 -0.001 -0.006]
INFO  [mc_indi_tiltrotor] T0dbg1 G0=[-0.355 0.247 -0.000 0.170 -0.985] nu_des=[-0.01 0.05 0.01 -0.03 0.05]
INFO  [mc_indi_tiltrotor] T0dbg2 Ws34=[0.1 20.0] Wu0=1.0 du0=-0.0077 dmin0=-16.1661 dmax0=28.8339
INFO  [mc_indi_tiltrotor] T2dbg1 G2=[-0.000 -0.550 0.060 0.003 -1.000] G5=[-0.946 -1.081 -0.003 15.767 0.042]
INFO  [mc_indi_tiltrotor] T2dbg2 Wu25=[1.0 9.0] du25=[-0.0449 -0.0003] dmax25=[29.2326 0.0015] nu_yaw=0.012
INFO  [mc_indi_tiltrotor] WRdbg0 Wu0=1 lo0=-16.17 du0=-0.0077 pin0=0.000 a0=[0.008 -0.003 0.000 -0.000 -0.013]
INFO  [mc_indi_tiltrotor] WRdbg1 Wu1=1 lo1=-16.47 du1=-0.0175 pin1=0.000 a1=[-0.011 0.011 -0.002 -0.000 -0.015]
INFO  [mc_indi_tiltrotor] YWdbg nu2=0.018 ach2=0.018 r=-0.00 wsp2=-0.00 ddelta=[0.0028 0.0060 -0.0004]
INFO  [mc_indi_tiltrotor] T0dbg1 G0=[-0.355 0.247 -0.002 0.174 -0.985] nu_des=[0.00 0.05 0.03 -0.23 0.13]
INFO  [mc_indi_tiltrotor] T0dbg2 Ws34=[0.1 20.0] Wu0=1.0 du0=-0.0662 dmin0=-16.5149 dmax0=28.4851
INFO  [mc_indi_tiltrotor] T2dbg1 G2=[-0.000 -0.550 0.060 0.004 -1.000] G5=[-0.932 -1.056 -0.003 15.525 0.057]
INFO  [mc_indi_tiltrotor] T2dbg2 Wu25=[1.0 1000000.0] du25=[-0.0593 -0.0019] dmax25=[29.4745 -0.0019] nu_yaw=0.034
INFO  [mc_indi_tiltrotor] WRdbg0 Wu0=1 lo0=-16.51 du0=-0.0662 pin0=-0.050 a0=[-0.004 0.032 0.000 -0.000 -0.045]
INFO  [mc_indi_tiltrotor] WRdbg1 Wu1=1 lo1=-16.83 du1=-0.0389 pin1=-0.029 a1=[0.004 0.032 -0.000 -0.000 -0.046]
INFO  [mc_indi_tiltrotor] T0dbg1 G0=[-0.355 0.248 0.001 0.168 -0.986] nu_des=[0.00 -0.01 0.00 -0.06 0.00]
INFO  [mc_indi_tiltrotor] T0dbg2 Ws34=[0.1 20.0] Wu0=1.0 du0=-0.0030 dmin0=-16.2140 dmax0=28.7860
INFO  [mc_indi_tiltrotor] T2dbg1 G2=[-0.000 -0.550 0.060 0.003 -1.000] G5=[-0.956 -1.086 -0.003 15.935 0.054]
INFO  [mc_indi_tiltrotor] T2dbg2 Wu25=[1.0 9.0] du25=[0.0022 -0.0000] dmax25=[29.0649 0.0019] nu_yaw=0.005
INFO  [mc_indi_tiltrotor] WRdbg0 Wu0=1 lo0=-16.21 du0=-0.0030 pin0=0.000 a0=[-0.003 0.000 0.000 -0.000 -0.001]
INFO  [mc_indi_tiltrotor] WRdbg1 Wu1=1 lo1=-16.49 du1=0.0004 pin1=0.000 a1=[0.004 -0.001 -0.001 -0.000 -0.001]
INFO  [mc_indi_tiltrotor] YWdbg nu2=0.005 ach2=0.005 r=-0.01 wsp2=0.01 ddelta=[-0.0010 0.0001 -0.0004]
INFO  [mc_indi_tiltrotor] T0dbg1 G0=[-0.355 0.246 -0.003 0.178 -0.984] nu_des=[0.00 0.19 -0.01 -0.33 0.00]
INFO  [mc_indi_tiltrotor] T0dbg2 Ws34=[0.1 20.0] Wu0=1.0 du0=0.0661 dmin0=-16.2470 dmax0=28.7530
INFO  [mc_indi_tiltrotor] T2dbg1 G2=[-0.000 -0.550 0.060 0.004 -1.000] G5=[-0.950 -1.071 -0.004 15.838 0.068]
INFO  [mc_indi_tiltrotor] T2dbg2 Wu25=[1.0 1000000.0] du25=[-0.1836 -0.0043] dmax25=[29.1620 -0.0013] nu_yaw=-0.015
INFO  [mc_indi_tiltrotor] WRdbg0 Wu0=1 lo0=-16.25 du0=0.0661 pin0=-0.049 a0=[-0.001 0.117 -0.000 -0.000 -0.001]
INFO  [mc_indi_tiltrotor] WRdbg1 Wu1=1 lo1=-16.52 du1=0.0893 pin1=-0.029 a1=[0.001 0.118 0.000 -0.000 -0.001]
INFO  [mc_indi_tiltrotor] T0dbg1 G0=[-0.355 0.248 0.000 0.168 -0.986] nu_des=[0.00 0.00 0.01 -0.04 -0.00]
INFO  [mc_indi_tiltrotor] T0dbg2 Ws34=[0.1 20.0] Wu0=1.0 du0=-0.0028 dmin0=-16.3362 dmax0=28.6638
INFO  [mc_indi_tiltrotor] T2dbg1 G2=[-0.000 -0.550 0.060 0.003 -1.000] G5=[-0.965 -1.098 -0.003 16.089 0.052]
INFO  [mc_indi_tiltrotor] T2dbg2 Wu25=[1.0 9.0] du25=[-0.0005 -0.0001] dmax25=[28.9105 0.0019] nu_yaw=0.006
INFO  [mc_indi_tiltrotor] WRdbg0 Wu0=1 lo0=-16.34 du0=-0.0028 pin0=0.000 a0=[-0.003 -0.000 0.000 -0.000 0.000]
INFO  [mc_indi_tiltrotor] WRdbg1 Wu1=1 lo1=-16.65 du1=0.0037 pin1=0.000 a1=[0.004 0.000 -0.001 -0.000 0.001]
INFO  [mc_indi_tiltrotor] YWdbg nu2=0.003 ach2=0.003 r=-0.00 wsp2=-0.00 ddelta=[-0.0022 -0.0016 -0.0003]
INFO  [mc_indi_tiltrotor] T0dbg1 G0=[-0.355 0.248 0.001 0.167 -0.986] nu_des=[-0.00 -0.01 0.00 -0.06 0.02]
INFO  [mc_indi_tiltrotor] T0dbg2 Ws34=[0.1 20.0] Wu0=1.0 du0=-0.0033 dmin0=-16.3372 dmax0=28.6628
INFO  [mc_indi_tiltrotor] T2dbg1 G2=[-0.000 -0.550 0.060 0.003 -1.000] G5=[-0.966 -1.098 -0.003 16.105 0.053]
INFO  [mc_indi_tiltrotor] T2dbg2 Wu25=[1.0 9.0] du25=[-0.0005 0.0002] dmax25=[28.8953 0.0019] nu_yaw=0.001
INFO  [mc_indi_tiltrotor] WRdbg0 Wu0=1 lo0=-16.34 du0=-0.0033 pin0=0.009 a0=[0.003 -0.007 -0.000 0.000 -0.007]
INFO  [mc_indi_tiltrotor] WRdbg1 Wu1=1 lo1=-16.62 du1=-0.0130 pin1=0.003 a1=[-0.002 -0.006 -0.000 -0.000 -0.007]
INFO  [mc_indi_tiltrotor] T0dbg1 G0=[-0.355 0.248 0.001 0.165 -0.986] nu_des=[-0.01 -0.00 0.01 -0.05 -0.00]
INFO  [mc_indi_tiltrotor] T0dbg2 Ws34=[0.1 20.0] Wu0=1.0 du0=0.0070 dmin0=-16.3260 dmax0=28.6740
INFO  [mc_indi_tiltrotor] T2dbg1 G2=[-0.000 -0.550 0.060 0.003 -1.000] G5=[-0.965 -1.098 -0.003 16.087 0.050]
INFO  [mc_indi_tiltrotor] T2dbg2 Wu25=[1.0 9.0] du25=[0.0037 0.0003] dmax25=[28.9133 0.0022] nu_yaw=0.007
INFO  [mc_indi_tiltrotor] WRdbg0 Wu0=1 lo0=-16.33 du0=0.0070 pin0=0.000 a0=[0.006 0.000 0.000 -0.000 0.001]
INFO  [mc_indi_tiltrotor] WRdbg1 Wu1=1 lo1=-16.64 du1=-0.0099 pin1=0.000 a1=[-0.008 -0.001 -0.001 -0.000 0.001]
INFO  [mc_indi_tiltrotor] YWdbg nu2=0.009 ach2=0.008 r=-0.01 wsp2=0.01 ddelta=[0.0003 0.0017 0.0001]
INFO  [mc_indi_tiltrotor] T0dbg1 G0=[-0.355 0.248 0.002 0.163 -0.987] nu_des=[-0.01 -0.00 0.00 -0.06 0.00]
INFO  [mc_indi_tiltrotor] T0dbg2 Ws34=[0.1 20.0] Wu0=1.0 du0=0.0062 dmin0=-16.3256 dmax0=28.6744
INFO  [mc_indi_tiltrotor] T2dbg1 G2=[-0.000 -0.550 0.060 0.003 -1.000] G5=[-0.963 -1.096 -0.003 16.057 0.051]
INFO  [mc_indi_tiltrotor] T2dbg2 Wu25=[1.0 9.0] du25=[0.0010 0.0003] dmax25=[28.9425 0.0022] nu_yaw=0.001
INFO  [mc_indi_tiltrotor] WRdbg0 Wu0=1 lo0=-16.33 du0=0.0062 pin0=0.000 a0=[0.007 0.000 0.000 -0.000 -0.001]
INFO  [mc_indi_tiltrotor] WRdbg1 Wu1=1 lo1=-16.58 du1=-0.0114 pin1=0.000 a1=[-0.009 -0.000 -0.000 -0.000 -0.001]
INFO  [mc_indi_tiltrotor] T0dbg1 G0=[-0.355 0.248 0.002 0.163 -0.987] nu_des=[-0.01 -0.04 -0.06 0.11 0.01]
INFO  [mc_indi_tiltrotor] T0dbg2 Ws34=[0.1 20.0] Wu0=1.0 du0=-0.0039 dmin0=-16.2170 dmax0=28.7830
INFO  [mc_indi_tiltrotor] T2dbg1 G2=[-0.000 -0.550 0.060 0.003 -1.000] G5=[-0.950 -1.078 -0.003 15.831 0.055]
INFO  [mc_indi_tiltrotor] T2dbg2 Wu25=[1.0 9.0] du25=[0.0313 0.0007] dmax25=[29.1686 0.0022] nu_yaw=-0.062
INFO  [mc_indi_tiltrotor] WRdbg0 Wu0=1 lo0=-16.22 du0=-0.0039 pin0=0.018 a0=[0.008 -0.026 -0.001 -0.000 -0.003]
INFO  [mc_indi_tiltrotor] WRdbg1 Wu1=1 lo1=-16.45 du1=-0.0111 pin1=0.019 a1=[-0.007 -0.023 0.003 0.000 -0.003]
INFO  [mc_indi_tiltrotor] YWdbg nu2=0.007 ach2=-0.022 r=0.05 wsp2=-0.01 ddelta=[-0.0006 -0.0038 -0.0015]
INFO  [mc_indi_tiltrotor] T0dbg1 G0=[-0.355 0.245 -0.007 0.187 -0.982] nu_des=[0.01 -0.02 -0.00 -0.63 0.02]
INFO  [mc_indi_tiltrotor] T0dbg2 Ws34=[0.1 20.0] Wu0=1.0 du0=-0.0140 dmin0=-16.1852 dmax0=28.8148
INFO  [mc_indi_tiltrotor] T2dbg1 G2=[-0.000 -0.550 0.060 0.005 -1.000] G5=[-0.944 -1.061 -0.004 15.727 0.072]
INFO  [mc_indi_tiltrotor] T2dbg2 Wu25=[1.0 9.0] du25=[0.0038 -0.0003] dmax25=[29.2732 0.0013] nu_yaw=-0.001
INFO  [mc_indi_tiltrotor] WRdbg0 Wu0=1 lo0=-16.19 du0=-0.0140 pin0=0.000 a0=[-0.007 0.002 -0.000 -0.003 -0.006]
INFO  [mc_indi_tiltrotor] WRdbg1 Wu1=1 lo1=-16.40 du1=-0.0042 pin1=0.000 a1=[0.009 -0.004 0.000 -0.002 -0.007]
INFO  [mc_indi_tiltrotor] T0dbg1 G0=[-0.355 0.246 -0.005 0.182 -0.983] nu_des=[-0.00 -0.00 0.00 -0.42 0.00]
INFO  [mc_indi_tiltrotor] T0dbg2 Ws34=[0.1 20.0] Wu0=1.0 du0=-0.0007 dmin0=-16.1667 dmax0=28.8333
INFO  [mc_indi_tiltrotor] T2dbg1 G2=[-0.000 -0.550 0.060 0.004 -1.000] G5=[-0.943 -1.067 -0.004 15.714 0.060]
INFO  [mc_indi_tiltrotor] T2dbg2 Wu25=[1.0 9.0] du25=[0.0023 -0.0001] dmax25=[29.2857 0.0016] nu_yaw=0.003
INFO  [mc_indi_tiltrotor] WRdbg0 Wu0=1 lo0=-16.17 du0=-0.0007 pin0=0.000 a0=[0.002 0.000 0.000 -0.002 -0.000]
INFO  [mc_indi_tiltrotor] WRdbg1 Wu1=1 lo1=-16.39 du1=-0.0045 pin1=0.000 a1=[-0.002 -0.000 -0.001 -0.001 -0.000]
INFO  [mc_indi_tiltrotor] YWdbg nu2=0.003 ach2=0.004 r=-0.02 wsp2=-0.03 ddelta=[-0.0010 -0.0004 -0.0001]
INFO  [mc_indi_tiltrotor] T0dbg1 G0=[-0.355 0.247 -0.000 0.169 -0.986] nu_des=[-0.01 0.02 0.00 -0.06 -0.03]
INFO  [mc_indi_tiltrotor] T0dbg2 Ws34=[0.1 20.0] Wu0=1.0 du0=0.0158 dmin0=-16.1628 dmax0=28.8372
INFO  [mc_indi_tiltrotor] T2dbg1 G2=[-0.000 -0.550 0.060 0.003 -1.000] G5=[-0.943 -1.074 -0.003 15.715 0.047]
INFO  [mc_indi_tiltrotor] T2dbg2 Wu25=[1.0 9.0] du25=[0.0016 0.0002] dmax25=[29.2851 0.0019] nu_yaw=0.002
INFO  [mc_indi_tiltrotor] WRdbg0 Wu0=1 lo0=-16.16 du0=0.0158 pin0=0.000 a0=[0.010 -0.001 0.000 -0.000 0.008]
INFO  [mc_indi_tiltrotor] WRdbg1 Wu1=1 lo1=-16.45 du1=0.0006 pin1=0.000 a1=[-0.013 0.005 -0.000 -0.000 0.009]
INFO  [mc_indi_tiltrotor] T0dbg1 G0=[-0.355 0.247 -0.001 0.172 -0.985] nu_des=[-0.01 -0.00 -0.00 -0.15 0.00]
INFO  [mc_indi_tiltrotor] T0dbg2 Ws34=[0.1 20.0] Wu0=1.0 du0=0.0063 dmin0=-16.1406 dmax0=28.8594
INFO  [mc_indi_tiltrotor] T2dbg1 G2=[-0.000 -0.550 0.060 0.003 -1.000] G5=[-0.951 -1.084 -0.003 15.852 0.047]
INFO  [mc_indi_tiltrotor] T2dbg2 Wu25=[1.0 9.0] du25=[0.0026 0.0003] dmax25=[29.1479 0.0019] nu_yaw=-0.003
INFO  [mc_indi_tiltrotor] WRdbg0 Wu0=1 lo0=-16.14 du0=0.0063 pin0=0.000 a0=[0.007 0.000 -0.000 -0.001 -0.000]
INFO  [mc_indi_tiltrotor] WRdbg1 Wu1=1 lo1=-16.45 du1=-0.0102 pin1=0.000 a1=[-0.010 -0.000 0.001 -0.001 -0.000]
INFO  [mc_indi_tiltrotor] YWdbg nu2=0.005 ach2=0.005 r=-0.01 wsp2=0.00 ddelta=[-0.0009 -0.0002 0.0002]
INFO  [mc_indi_tiltrotor] T0dbg1 G0=[-0.355 0.247 -0.000 0.170 -0.985] nu_des=[-0.00 -0.00 0.00 -0.09 -0.01]
INFO  [mc_indi_tiltrotor] T0dbg2 Ws34=[0.1 20.0] Wu0=1.0 du0=0.0028 dmin0=-16.1927 dmax0=28.8073
INFO  [mc_indi_tiltrotor] T2dbg1 G2=[-0.000 -0.550 0.060 0.003 -1.000] G5=[-0.951 -1.085 -0.003 15.852 0.045]
INFO  [mc_indi_tiltrotor] T2dbg2 Wu25=[1.0 9.0] du25=[0.0042 0.0001] dmax25=[29.1478 0.0016] nu_yaw=0.004
INFO  [mc_indi_tiltrotor] WRdbg0 Wu0=1 lo0=-16.19 du0=0.0028 pin0=0.000 a0=[0.001 0.000 0.000 -0.000 0.002]
INFO  [mc_indi_tiltrotor] WRdbg1 Wu1=1 lo1=-16.48 du1=-0.0014 pin1=0.000 a1=[-0.002 -0.001 -0.001 -0.000 0.002]
INFO  [mc_indi_tiltrotor] T0dbg1 G0=[-0.355 0.247 -0.001 0.171 -0.985] nu_des=[0.01 0.00 -0.02 -0.06 0.01]
INFO  [mc_indi_tiltrotor] T0dbg2 Ws34=[0.1 20.0] Wu0=1.0 du0=-0.0101 dmin0=-16.2542 dmax0=28.7458
INFO  [mc_indi_tiltrotor] T2dbg1 G2=[-0.000 -0.550 0.060 0.003 -1.000] G5=[-0.952 -1.086 -0.003 15.869 0.046]
INFO  [mc_indi_tiltrotor] T2dbg2 Wu25=[1.0 9.0] du25=[-0.0038 -0.0004] dmax25=[29.1314 0.0016] nu_yaw=-0.016
INFO  [mc_indi_tiltrotor] WRdbg0 Wu0=1 lo0=-16.25 du0=-0.0101 pin0=0.000 a0=[-0.007 -0.000 -0.000 -0.000 -0.002]
INFO  [mc_indi_tiltrotor] WRdbg1 Wu1=1 lo1=-16.47 du1=0.0098 pin1=0.000 a1=[0.009 0.000 0.003 -0.000 -0.003]
INFO  [mc_indi_tiltrotor] YWdbg nu2=-0.012 ach2=-0.012 r=0.01 wsp2=0.00 ddelta=[0.0024 0.0001 0.0003]
INFO  [mc_indi_tiltrotor] T0dbg1 G0=[-0.355 0.246 -0.003 0.176 -0.984] nu_des=[-0.02 0.21 0.11 -0.25 0.24]
INFO  [mc_indi_tiltrotor] T0dbg2 Ws34=[0.1 20.0] Wu0=1.0 du0=0.0136 dmin0=-16.5749 dmax0=28.4251
INFO  [mc_indi_tiltrotor] T2dbg1 G2=[-0.000 -0.550 0.060 0.003 -1.000] G5=[-0.909 -1.035 -0.003 15.154 0.047]
INFO  [mc_indi_tiltrotor] T2dbg2 Wu25=[1.0 1000000.0] du25=[-0.2807 -0.0031] dmax25=[29.8457 -0.0014] nu_yaw=0.110
INFO  [mc_indi_tiltrotor] WRdbg0 Wu0=1 lo0=-16.57 du0=0.0136 pin0=-0.055 a0=[0.022 0.128 -0.000 -0.000 -0.082]
INFO  [mc_indi_tiltrotor] WRdbg1 Wu1=1 lo1=-16.88 du1=-0.0107 pin1=-0.036 a1=[-0.021 0.130 -0.000 -0.000 -0.083]
INFO  [mc_indi_tiltrotor] T0dbg1 G0=[-0.355 0.246 -0.005 0.182 -0.983] nu_des=[0.01 0.12 0.03 -0.45 0.06]
INFO  [mc_indi_tiltrotor] T0dbg2 Ws34=[0.1 20.0] Wu0=1.0 du0=0.0343 dmin0=-16.1322 dmax0=28.8678
INFO  [mc_indi_tiltrotor] T2dbg1 G2=[-0.000 -0.550 0.060 0.005 -1.000] G5=[-0.943 -1.060 -0.004 15.712 0.072]
INFO  [mc_indi_tiltrotor] T2dbg2 Wu25=[1.0 9.0] du25=[-0.1642 -0.0040] dmax25=[29.2880 -0.0017] nu_yaw=0.027
INFO  [mc_indi_tiltrotor] WRdbg0 Wu0=1 lo0=-16.13 du0=0.0343 pin0=-0.002 a0=[-0.021 0.078 0.000 0.000 -0.021]
INFO  [mc_indi_tiltrotor] WRdbg1 Wu1=1 lo1=-16.42 du1=0.0587 pin1=-0.006 a1=[0.019 0.069 -0.001 -0.000 -0.022]
INFO  [mc_indi_tiltrotor] YWdbg nu2=0.024 ach2=0.023 r=-0.04 wsp2=0.01 ddelta=[0.0023 0.0060 0.0003]
INFO  [mc_indi_tiltrotor] T0dbg1 G0=[-0.355 0.248 0.001 0.165 -0.986] nu_des=[-0.00 0.15 -0.04 0.00 0.08]
INFO  [mc_indi_tiltrotor] T0dbg2 Ws34=[0.1 20.0] Wu0=1.0 du0=0.0468 dmin0=-16.0539 dmax0=28.9461
INFO  [mc_indi_tiltrotor] T2dbg1 G2=[-0.000 -0.550 0.060 0.003 -1.000] G5=[-0.959 -1.092 -0.003 15.991 0.050]
INFO  [mc_indi_tiltrotor] T2dbg2 Wu25=[1.0 1000000.0] du25=[-0.1827 -0.0032] dmax25=[29.0092 -0.0014] nu_yaw=-0.038
INFO  [mc_indi_tiltrotor] WRdbg0 Wu0=1 lo0=-16.05 du0=0.0468 pin0=-0.022 a0=[0.006 0.091 -0.000 0.000 -0.028]
INFO  [mc_indi_tiltrotor] WRdbg1 Wu1=1 lo1=-16.33 du1=0.0440 pin1=-0.013 a1=[-0.006 0.092 0.000 0.000 -0.029]
INFO  [mc_indi_tiltrotor] T0dbg1 G0=[-0.355 0.246 -0.003 0.178 -0.984] nu_des=[0.01 -0.02 -0.00 -0.33 0.02]
INFO  [mc_indi_tiltrotor] T0dbg2 Ws34=[0.1 20.0] Wu0=1.0 du0=-0.0174 dmin0=-16.1036 dmax0=28.8964
INFO  [mc_indi_tiltrotor] T2dbg1 G2=[-0.000 -0.550 0.060 0.004 -1.000] G5=[-0.943 -1.070 -0.003 15.719 0.055]
INFO  [mc_indi_tiltrotor] T2dbg2 Wu25=[1.0 9.0] du25=[0.0069 -0.0004] dmax25=[29.2812 0.0015] nu_yaw=-0.003
INFO  [mc_indi_tiltrotor] WRdbg0 Wu0=1 lo0=-16.10 du0=-0.0174 pin0=0.000 a0=[-0.013 0.002 -0.000 -0.002 -0.005]
INFO  [mc_indi_tiltrotor] WRdbg1 Wu1=1 lo1=-16.33 du1=0.0048 pin1=0.000 a1=[0.017 -0.006 0.000 -0.001 -0.006]
INFO  [mc_indi_tiltrotor] YWdbg nu2=-0.007 ach2=-0.007 r=0.02 wsp2=0.00 ddelta=[-0.0004 -0.0017 0.0000]
INFO  [mc_indi_tiltrotor] T0dbg1 G0=[-0.355 0.247 -0.002 0.174 -0.985] nu_des=[-0.00 -0.01 0.00 -0.19 0.00]
INFO  [mc_indi_tiltrotor] T0dbg2 Ws34=[0.1 20.0] Wu0=1.0 du0=0.0031 dmin0=-16.1509 dmax0=28.8491
INFO  [mc_indi_tiltrotor] T2dbg1 G2=[-0.000 -0.550 0.060 0.003 -1.000] G5=[-0.943 -1.073 -0.003 15.712 0.049]
INFO  [mc_indi_tiltrotor] T2dbg2 Wu25=[1.0 9.0] du25=[0.0040 0.0002] dmax25=[29.2879 0.0020] nu_yaw=0.001
INFO  [mc_indi_tiltrotor] WRdbg0 Wu0=1 lo0=-16.15 du0=0.0031 pin0=0.000 a0=[0.005 0.001 0.000 -0.001 -0.001]
INFO  [mc_indi_tiltrotor] WRdbg1 Wu1=1 lo1=-16.39 du1=-0.0103 pin1=0.000 a1=[-0.006 -0.002 -0.000 -0.001 -0.001]
INFO  [mc_indi_tiltrotor] T0dbg1 G0=[-0.355 0.247 -0.001 0.173 -0.985] nu_des=[-0.01 0.01 0.00 -0.16 0.02]
INFO  [mc_indi_tiltrotor] T0dbg2 Ws34=[0.1 20.0] Wu0=1.0 du0=0.0015 dmin0=-16.1443 dmax0=28.8557
INFO  [mc_indi_tiltrotor] T2dbg1 G2=[-0.000 -0.550 0.060 0.003 -1.000] G5=[-0.943 -1.076 -0.003 15.717 0.045]
INFO  [mc_indi_tiltrotor] T2dbg2 Wu25=[1.0 9.0] du25=[-0.0073 0.0002] dmax25=[29.2827 0.0019] nu_yaw=0.003
INFO  [mc_indi_tiltrotor] WRdbg0 Wu0=1 lo0=-16.14 du0=0.0015 pin0=0.000 a0=[0.007 -0.000 0.000 -0.001 -0.004]
INFO  [mc_indi_tiltrotor] WRdbg1 Wu1=1 lo1=-16.42 du1=-0.0132 pin1=0.000 a1=[-0.009 0.001 -0.001 -0.001 -0.005]
INFO  [mc_indi_tiltrotor] YWdbg nu2=0.009 ach2=0.009 r=-0.01 wsp2=-0.01 ddelta=[0.0005 0.0019 0.0001]
INFO  [mc_indi_tiltrotor] T0dbg1 G0=[-0.355 0.247 -0.001 0.172 -0.985] nu_des=[-0.01 -0.00 0.01 -0.19 -0.00]
INFO  [mc_indi_tiltrotor] T0dbg2 Ws34=[0.1 20.0] Wu0=1.0 du0=0.0063 dmin0=-16.0497 dmax0=28.9503
INFO  [mc_indi_tiltrotor] T2dbg1 G2=[-0.000 -0.550 0.060 0.003 -1.000] G5=[-0.940 -1.075 -0.002 15.669 0.041]
INFO  [mc_indi_tiltrotor] T2dbg2 Wu25=[1.0 9.0] du25=[0.0025 0.0003] dmax25=[29.3309 0.0020] nu_yaw=0.012
INFO  [mc_indi_tiltrotor] WRdbg0 Wu0=1 lo0=-16.05 du0=0.0063 pin0=0.000 a0=[0.007 0.000 0.000 -0.001 0.000]
INFO  [mc_indi_tiltrotor] WRdbg1 Wu1=1 lo1=-16.35 du1=-0.0109 pin1=0.000 a1=[-0.009 -0.000 -0.002 -0.001 0.001]
INFO  [mc_indi_tiltrotor] T0dbg1 G0=[-0.355 0.248 0.002 0.164 -0.986] nu_des=[-0.01 0.01 -0.01 0.08 -0.00]
INFO  [mc_indi_tiltrotor] T0dbg2 Ws34=[0.1 20.0] Wu0=1.0 du0=0.0055 dmin0=-16.0679 dmax0=28.9321
INFO  [mc_indi_tiltrotor] T2dbg1 G2=[-0.000 -0.550 0.060 0.003 -1.000] G5=[-0.939 -1.069 -0.003 15.658 0.050]
INFO  [mc_indi_tiltrotor] T2dbg2 Wu25=[1.0 9.0] du25=[-0.0064 0.0001] dmax25=[29.3417 0.0021] nu_yaw=-0.007
INFO  [mc_indi_tiltrotor] WRdbg0 Wu0=1 lo0=-16.07 du0=0.0055 pin0=0.000 a0=[0.006 -0.001 -0.000 0.000 0.000]
INFO  [mc_indi_tiltrotor] WRdbg1 Wu1=1 lo1=-16.33 du1=-0.0021 pin1=0.000 a1=[-0.007 0.003 0.001 0.000 0.000]
INFO  [mc_indi_tiltrotor] YWdbg nu2=-0.016 ach2=-0.016 r=0.01 wsp2=0.01 ddelta=[-0.0005 -0.0033 0.0003]
INFO  [mc_indi_tiltrotor] T0dbg1 G0=[-0.355 0.247 -0.002 0.173 -0.985] nu_des=[0.00 0.00 -0.02 0.00 0.02]
INFO  [mc_indi_tiltrotor] T0dbg2 Ws34=[0.1 20.0] Wu0=1.0 du0=-0.0060 dmin0=-16.0385 dmax0=28.9615
INFO  [mc_indi_tiltrotor] T2dbg1 G2=[-0.000 -0.550 0.060 0.003 -1.000] G5=[-0.939 -1.067 -0.003 15.654 0.052]
INFO  [mc_indi_tiltrotor] T2dbg2 Wu25=[1.0 9.0] du25=[-0.0072 -0.0002] dmax25=[29.3461 0.0016] nu_yaw=-0.024
INFO  [mc_indi_tiltrotor] WRdbg0 Wu0=1 lo0=-16.04 du0=-0.0060 pin0=0.000 a0=[-0.001 -0.000 -0.001 0.000 -0.004]
INFO  [mc_indi_tiltrotor] WRdbg1 Wu1=1 lo1=-16.28 du1=0.0026 pin1=0.000 a1=[0.002 0.001 0.005 0.000 -0.005]
INFO  [mc_indi_tiltrotor] T0dbg1 G0=[-0.355 0.247 -0.001 0.171 -0.985] nu_des=[-0.01 -0.07 0.03 -0.03 0.10]
INFO  [mc_indi_tiltrotor] T0dbg2 Ws34=[0.1 20.0] Wu0=1.0 du0=-0.0513 dmin0=-16.1049 dmax0=28.8951
INFO  [mc_indi_tiltrotor] T2dbg1 G2=[-0.000 -0.550 0.060 0.004 -1.000] G5=[-0.926 -1.048 -0.003 15.433 0.058]
INFO  [mc_indi_tiltrotor] T2dbg2 Wu25=[1.0 9.0] du25=[0.0357 0.0022] dmax25=[29.5674 0.0045] nu_yaw=0.029
INFO  [mc_indi_tiltrotor] WRdbg0 Wu0=1 lo0=-16.10 du0=-0.0513 pin0=0.017 a0=[0.007 -0.044 0.000 0.000 -0.033]
INFO  [mc_indi_tiltrotor] WRdbg1 Wu1=1 lo1=-16.40 du1=-0.0784 pin1=0.002 a1=[-0.007 -0.039 -0.001 -0.000 -0.033]
INFO  [mc_indi_tiltrotor] YWdbg nu2=0.033 ach2=0.037 r=-0.02 wsp2=-0.02 ddelta=[0.0024 0.0081 0.0013]
INFO  [mc_indi_tiltrotor] T0dbg1 G0=[-0.355 0.244 -0.008 0.192 -0.981] nu_des=[0.00 -0.08 0.03 -0.80 0.11]
INFO  [mc_indi_tiltrotor] T0dbg2 Ws34=[0.1 20.0] Wu0=1.0 du0=-0.0447 dmin0=-16.0637 dmax0=28.9363
INFO  [mc_indi_tiltrotor] T2dbg1 G2=[-0.000 -0.550 0.060 0.005 -1.000] G5=[-0.916 -1.030 -0.004 15.268 0.071]
INFO  [mc_indi_tiltrotor] T2dbg2 Wu25=[1.0 9.0] du25=[0.0197 0.0009] dmax25=[29.7319 0.0030] nu_yaw=0.030
INFO  [mc_indi_tiltrotor] WRdbg0 Wu0=1 lo0=-16.06 du0=-0.0447 pin0=0.045 a0=[-0.002 -0.049 0.000 0.000 -0.039]
INFO  [mc_indi_tiltrotor] WRdbg1 Wu1=1 lo1=-16.35 du1=-0.0640 pin1=0.018 a1=[0.002 -0.044 -0.001 -0.001 -0.039]
INFO  [mc_indi_tiltrotor] YWdbg nu2=0.017 ach2=0.016 r=-0.02 wsp2=0.03 ddelta=[-0.0051 -0.0022 -0.0005]
INFO  [mc_indi_tiltrotor] T0dbg1 G0=[-0.355 0.242 -0.013 0.206 -0.979] nu_des=[-0.00 0.01 0.01 -1.31 0.03]
INFO  [mc_indi_tiltrotor] T0dbg2 Ws34=[0.1 20.0] Wu0=1.0 du0=-0.0132 dmin0=-15.9475 dmax0=29.0525
INFO  [mc_indi_tiltrotor] T2dbg1 G2=[-0.000 -0.550 0.060 0.004 -1.000] G5=[-0.907 -1.028 -0.003 15.118 0.055]
INFO  [mc_indi_tiltrotor] T2dbg2 Wu25=[1.0 9.0] du25=[-0.0132 -0.0006] dmax25=[29.8815 0.0013] nu_yaw=0.010
INFO  [mc_indi_tiltrotor] WRdbg0 Wu0=1 lo0=-15.95 du0=-0.0132 pin0=0.000 a0=[0.001 -0.002 -0.000 -0.007 -0.006]
INFO  [mc_indi_tiltrotor] WRdbg1 Wu1=1 lo1=-16.16 du1=-0.0129 pin1=0.000 a1=[-0.002 0.003 -0.001 -0.005 -0.008]
INFO  [mc_indi_tiltrotor] T0dbg1 G0=[-0.355 0.244 -0.008 0.191 -0.982] nu_des=[-0.00 -0.00 -0.03 -0.73 0.02]
INFO  [mc_indi_tiltrotor] T0dbg2 Ws34=[0.1 20.0] Wu0=1.0 du0=-0.0046 dmin0=-15.9142 dmax0=29.0858
INFO  [mc_indi_tiltrotor] T2dbg1 G2=[-0.000 -0.550 0.060 0.002 -1.000] G5=[-0.908 -1.040 -0.002 15.129 0.034]
INFO  [mc_indi_tiltrotor] T2dbg2 Wu25=[1.0 9.0] du25=[0.0003 -0.0002] dmax25=[29.8705 0.0014] nu_yaw=-0.030
INFO  [mc_indi_tiltrotor] WRdbg0 Wu0=1 lo0=-15.91 du0=-0.0046 pin0=0.000 a0=[0.004 0.000 -0.000 -0.004 -0.004]
INFO  [mc_indi_tiltrotor] WRdbg1 Wu1=1 lo1=-16.05 du1=-0.0085 pin1=0.000 a1=[-0.005 -0.001 0.005 -0.003 -0.005]
INFO  [mc_indi_tiltrotor] YWdbg nu2=0.007 ach2=0.044 r=0.02 wsp2=0.00 ddelta=[-0.0048 -0.0048 0.0049]
INFO  [mc_indi_tiltrotor] T0dbg1 G0=[-0.355 0.246 -0.003 0.177 -0.984] nu_des=[-0.01 -0.22 0.00 -0.18 0.21]
INFO  [mc_indi_tiltrotor] T0dbg2 Ws34=[0.1 20.0] Wu0=1.0 du0=-0.1999 dmin0=-15.8501 dmax0=29.1499
INFO  [mc_indi_tiltrotor] T2dbg1 G2=[-0.000 -0.550 0.060 0.002 -1.000] G5=[-0.938 -1.074 -0.002 15.642 0.038]
INFO  [mc_indi_tiltrotor] T2dbg2 Wu25=[1.0 1000000.0] du25=[0.1948 0.0067] dmax25=[29.3584 0.0103] nu_yaw=0.002
INFO  [mc_indi_tiltrotor] WRdbg0 Wu0=1 lo0=-15.85 du0=-0.1999 pin0=-0.001 a0=[0.012 -0.138 0.000 -0.000 -0.073]
INFO  [mc_indi_tiltrotor] WRdbg1 Wu1=1 lo1=-16.12 du1=-0.2093 pin1=0.015 a1=[-0.011 -0.139 -0.000 -0.000 -0.073]
INFO  [mc_indi_tiltrotor] T0dbg1 G0=[-0.355 0.247 -0.002 0.176 -0.984] nu_des=[0.01 -0.01 0.02 -0.15 0.11]
INFO  [mc_indi_tiltrotor] T0dbg2 Ws34=[0.1 20.0] Wu0=1.0 du0=-0.0090 dmin0=-15.9787 dmax0=29.0213
INFO  [mc_indi_tiltrotor] T2dbg1 G2=[-0.000 -0.550 0.060 0.004 -1.000] G5=[-0.943 -1.069 -0.004 15.725 0.058]
INFO  [mc_indi_tiltrotor] T2dbg2 Wu25=[1.0 9.0] du25=[-0.0610 -0.0013] dmax25=[29.2753 0.0019] nu_yaw=0.023
INFO  [mc_indi_tiltrotor] WRdbg0 Wu0=1 lo0=-15.98 du0=-0.0090 pin0=0.047 a0=[-0.014 -0.006 0.000 0.000 -0.036]
INFO  [mc_indi_tiltrotor] WRdbg1 Wu1=1 lo1=-16.23 du1=-0.0116 pin1=0.019 a1=[0.013 -0.006 -0.001 -0.000 -0.037]
INFO  [mc_indi_tiltrotor] YWdbg nu2=-0.029 ach2=-0.029 r=0.01 wsp2=-0.02 ddelta=[0.0031 -0.0019 0.0002]
INFO  [mc_indi_tiltrotor] T0dbg1 G0=[-0.355 0.248 0.000 0.168 -0.986] nu_des=[-0.00 -0.01 -0.03 0.04 -0.02]
INFO  [mc_indi_tiltrotor] T0dbg2 Ws34=[0.1 20.0] Wu0=1.0 du0=0.0097 dmin0=-16.2458 dmax0=28.7542
INFO  [mc_indi_tiltrotor] T2dbg1 G2=[-0.000 -0.550 0.060 0.003 -1.000] G5=[-0.944 -1.079 -0.002 15.734 0.041]
INFO  [mc_indi_tiltrotor] T2dbg2 Wu25=[1.0 9.0] du25=[0.0191 0.0002] dmax25=[29.2664 0.0021] nu_yaw=-0.027
INFO  [mc_indi_tiltrotor] WRdbg0 Wu0=1 lo0=-16.25 du0=0.0097 pin0=0.000 a0=[0.003 0.001 -0.001 0.000 0.006]
INFO  [mc_indi_tiltrotor] WRdbg1 Wu1=1 lo1=-16.50 du1=0.0058 pin1=0.000 a1=[-0.004 -0.004 0.005 0.000 0.008]
INFO  [mc_indi_tiltrotor] T0dbg1 G0=[-0.355 0.244 -0.007 0.190 -0.982] nu_des=[0.00 -0.22 0.01 -0.72 0.11]
INFO  [mc_indi_tiltrotor] T0dbg2 Ws34=[0.1 20.0] Wu0=1.0 du0=-0.1225 dmin0=-16.1973 dmax0=28.8027
INFO  [mc_indi_tiltrotor] T2dbg1 G2=[-0.000 -0.550 0.060 0.004 -1.000] G5=[-0.940 -1.060 -0.004 15.662 0.066]
INFO  [mc_indi_tiltrotor] T2dbg2 Wu25=[1.0 9.0] du25=[0.1823 0.0046] dmax25=[29.3380 0.0051] nu_yaw=0.013
INFO  [mc_indi_tiltrotor] WRdbg0 Wu0=1 lo0=-16.20 du0=-0.1225 pin0=0.065 a0=[-0.006 -0.144 0.000 0.000 -0.038]
INFO  [mc_indi_tiltrotor] WRdbg1 Wu1=1 lo1=-16.44 du1=-0.1311 pin1=0.030 a1=[0.006 -0.127 -0.000 -0.001 -0.038]
INFO  [mc_indi_tiltrotor] YWdbg nu2=-0.003 ach2=-0.043 r=-0.02 wsp2=0.00 ddelta=[0.0030 0.0022 -0.0036]
INFO  [mc_indi_tiltrotor] T0dbg1 G0=[-0.355 0.241 -0.015 0.211 -0.977] nu_des=[0.01 -0.08 0.04 -1.45 0.11]
INFO  [mc_indi_tiltrotor] T0dbg2 Ws34=[0.1 20.0] Wu0=1.0 du0=-0.0798 dmin0=-16.1672 dmax0=28.8328
INFO  [mc_indi_tiltrotor] T2dbg1 G2=[-0.000 -0.550 0.060 0.003 -1.000] G5=[-0.906 -1.030 -0.003 15.098 0.049]
INFO  [mc_indi_tiltrotor] T2dbg2 Wu25=[1.0 9.0] du25=[0.0444 0.0005] dmax25=[29.9024 0.0022] nu_yaw=0.039
INFO  [mc_indi_tiltrotor] WRdbg0 Wu0=1 lo0=-16.17 du0=-0.0798 pin0=0.019 a0=[-0.011 -0.050 0.000 0.000 -0.039]
INFO  [mc_indi_tiltrotor] WRdbg1 Wu1=1 lo1=-16.37 du1=-0.0667 pin1=0.009 a1=[0.010 -0.044 -0.001 -0.001 -0.039]
INFO  [mc_indi_tiltrotor] T0dbg1 G0=[-0.354 0.237 -0.023 0.233 -0.973] nu_des=[0.01 -0.04 0.02 -2.19 0.08]
INFO  [mc_indi_tiltrotor] T0dbg2 Ws34=[0.1 20.0] Wu0=1.0 du0=-0.0317 dmin0=-16.0437 dmax0=28.9563
INFO  [mc_indi_tiltrotor] T2dbg1 G2=[-0.000 -0.550 0.060 0.003 -1.000] G5=[-0.895 -1.021 -0.002 14.914 0.041]
INFO  [mc_indi_tiltrotor] T2dbg2 Wu25=[1.0 8.9] du25=[0.0023 -0.0007] dmax25=[30.0860 0.0010] nu_yaw=0.021
INFO  [mc_indi_tiltrotor] WRdbg0 Wu0=1 lo0=-16.04 du0=-0.0317 pin0=0.000 a0=[-0.009 0.006 -0.001 -0.011 -0.016]
INFO  [mc_indi_tiltrotor] WRdbg1 Wu1=1 lo1=-16.17 du1=-0.0251 pin1=0.000 a1=[0.012 -0.006 -0.002 -0.008 -0.021]
INFO  [mc_indi_tiltrotor] YWdbg nu2=-0.002 ach2=-0.011 r=0.01 wsp2=0.02 ddelta=[-0.0048 -0.0061 -0.0014]
INFO  [mc_indi_tiltrotor] T0dbg1 G0=[-0.355 0.240 -0.018 0.218 -0.976] nu_des=[-0.00 0.05 -0.01 -1.60 -0.01]
INFO  [mc_indi_tiltrotor] T0dbg2 Ws34=[0.1 20.0] Wu0=1.0 du0=-0.0090 dmin0=-15.7262 dmax0=29.2738
INFO  [mc_indi_tiltrotor] T2dbg1 G2=[-0.000 -0.550 0.060 0.001 -1.000] G5=[-0.884 -1.022 -0.001 14.734 0.017]
INFO  [mc_indi_tiltrotor] T2dbg2 Wu25=[1.0 9.0] du25=[-0.0197 -0.0010] dmax25=[30.2657 0.0010] nu_yaw=-0.010
INFO  [mc_indi_tiltrotor] WRdbg0 Wu0=1 lo0=-15.73 du0=-0.0090 pin0=0.000 a0=[0.004 -0.006 0.000 -0.008 0.001]
INFO  [mc_indi_tiltrotor] WRdbg1 Wu1=1 lo1=-15.85 du1=-0.0002 pin1=0.000 a1=[-0.005 0.008 0.001 -0.006 0.002]
INFO  [mc_indi_tiltrotor] T0dbg1 G0=[-0.355 0.243 -0.009 0.195 -0.981] nu_des=[-0.01 0.20 -0.02 -0.80 0.02]
INFO  [mc_indi_tiltrotor] T0dbg2 Ws34=[0.1 20.0] Wu0=1.0 du0=0.0747 dmin0=-15.7003 dmax0=29.2997
INFO  [mc_indi_tiltrotor] T2dbg1 G2=[-0.000 -0.550 0.060 0.001 -1.000] G5=[-0.888 -1.024 -0.001 14.806 0.022]
INFO  [mc_indi_tiltrotor] T2dbg2 Wu25=[1.0 1000000.0] du25=[-0.2022 -0.0015] dmax25=[30.1940 0.0003] nu_yaw=-0.024
INFO  [mc_indi_tiltrotor] WRdbg0 Wu0=1 lo0=-15.70 du0=0.0747 pin0=-0.063 a0=[0.020 0.125 0.000 -0.000 -0.008]
INFO  [mc_indi_tiltrotor] WRdbg1 Wu1=1 lo1=-15.89 du1=0.0624 pin1=-0.037 a1=[-0.019 0.126 0.000 -0.000 -0.008]
INFO  [mc_indi_tiltrotor] YWdbg nu2=-0.028 ach2=-0.026 r=0.03 wsp2=-0.02 ddelta=[0.0024 -0.0012 -0.0009]
INFO  [mc_indi_tiltrotor] T0dbg1 G0=[-0.355 0.247 -0.002 0.174 -0.985] nu_des=[0.01 0.19 -0.03 -0.09 -0.01]
INFO  [mc_indi_tiltrotor] T0dbg2 Ws34=[0.1 20.0] Wu0=1.0 du0=0.0540 dmin0=-15.8367 dmax0=29.1633
INFO  [mc_indi_tiltrotor] T2dbg1 G2=[-0.000 -0.550 0.060 0.002 -1.000] G5=[-0.918 -1.054 -0.002 15.297 0.030]
INFO  [mc_indi_tiltrotor] T2dbg2 Wu25=[1.0 1000000.0] du25=[-0.1756 -0.0020] dmax25=[29.7032 -0.0002] nu_yaw=-0.026
INFO  [mc_indi_tiltrotor] WRdbg0 Wu0=1 lo0=-15.84 du0=0.0540 pin0=-0.058 a0=[-0.011 0.118 -0.000 -0.000 0.005]
INFO  [mc_indi_tiltrotor] WRdbg1 Wu1=1 lo1=-16.06 du1=0.1017 pin1=-0.033 a1=[0.010 0.119 0.000 -0.000 0.005]
INFO  [mc_indi_tiltrotor] T0dbg1 G0=[-0.355 0.247 -0.001 0.173 -0.985] nu_des=[0.01 0.01 -0.01 0.03 -0.03]
INFO  [mc_indi_tiltrotor] T0dbg2 Ws34=[0.1 20.0] Wu0=1.0 du0=0.0014 dmin0=-16.0503 dmax0=28.9497
INFO  [mc_indi_tiltrotor] T2dbg1 G2=[-0.000 -0.550 0.060 0.002 -1.000] G5=[-0.939 -1.078 -0.002 15.646 0.031]
INFO  [mc_indi_tiltrotor] T2dbg2 Wu25=[1.0 9.0] du25=[0.0086 -0.0004] dmax25=[29.3544 0.0016] nu_yaw=-0.010
INFO  [mc_indi_tiltrotor] WRdbg0 Wu0=1 lo0=-16.05 du0=0.0014 pin0=0.000 a0=[-0.007 -0.000 -0.000 0.000 0.009]
INFO  [mc_indi_tiltrotor] WRdbg1 Wu1=1 lo1=-16.33 du1=0.0229 pin1=0.000 a1=[0.009 0.001 0.002 0.000 0.010]
INFO  [mc_indi_tiltrotor] YWdbg nu2=-0.024 ach2=-0.023 r=-0.01 wsp2=-0.04 ddelta=[0.0029 -0.0008 -0.0004]
INFO  [mc_indi_tiltrotor] T0dbg1 G0=[-0.355 0.246 -0.003 0.177 -0.984] nu_des=[-0.01 -0.01 -0.01 -0.05 0.00]
INFO  [mc_indi_tiltrotor] T0dbg2 Ws34=[0.1 20.0] Wu0=1.0 du0=0.0079 dmin0=-16.3311 dmax0=28.6689
INFO  [mc_indi_tiltrotor] T2dbg1 G2=[-0.000 -0.550 0.060 0.002 -1.000] G5=[-0.957 -1.098 -0.002 15.943 0.033]
INFO  [mc_indi_tiltrotor] T2dbg2 Wu25=[1.0 9.0] du25=[0.0098 0.0005] dmax25=[29.0570 0.0022] nu_yaw=-0.010
INFO  [mc_indi_tiltrotor] WRdbg0 Wu0=1 lo0=-16.33 du0=0.0079 pin0=0.000 a0=[0.008 0.001 -0.000 -0.000 -0.000]
INFO  [mc_indi_tiltrotor] WRdbg1 Wu1=1 lo1=-16.61 du1=-0.0127 pin1=0.000 a1=[-0.010 -0.004 0.002 -0.000 -0.001]
INFO  [mc_indi_tiltrotor] T0dbg1 G0=[-0.355 0.247 -0.001 0.173 -0.985] nu_des=[-0.00 -0.02 0.02 -0.07 0.01]
INFO  [mc_indi_tiltrotor] T0dbg2 Ws34=[0.1 20.0] Wu0=1.0 du0=0.0013 dmin0=-16.1988 dmax0=28.8012
INFO  [mc_indi_tiltrotor] T2dbg1 G2=[-0.000 -0.550 0.060 0.003 -1.000] G5=[-0.950 -1.080 -0.003 15.825 0.050]
INFO  [mc_indi_tiltrotor] T2dbg2 Wu25=[1.0 9.0] du25=[0.0094 0.0004] dmax25=[29.1746 0.0019] nu_yaw=0.015
INFO  [mc_indi_tiltrotor] WRdbg0 Wu0=1 lo0=-16.20 du0=0.0013 pin0=0.000 a0=[0.002 0.002 0.000 -0.000 -0.002]
INFO  [mc_indi_tiltrotor] WRdbg1 Wu1=1 lo1=-16.49 du1=-0.0130 pin1=0.000 a1=[-0.002 -0.005 -0.003 -0.000 -0.002]
INFO  [mc_indi_tiltrotor] YWdbg nu2=0.024 ach2=0.032 r=-0.04 wsp2=0.01 ddelta=[0.0015 0.0065 0.0009]
INFO  [mc_indi_tiltrotor] T0dbg1 G0=[-0.355 0.247 -0.002 0.174 -0.985] nu_des=[0.00 0.54 -0.06 -0.31 0.43]
INFO  [mc_indi_tiltrotor] T0dbg2 Ws34=[0.1 20.0] Wu0=1.0 du0=0.1871 dmin0=-16.3377 dmax0=28.6623
INFO  [mc_indi_tiltrotor] T2dbg1 G2=[-0.000 -0.550 0.060 0.004 -1.000] G5=[-0.936 -1.062 -0.003 15.608 0.055]
INFO  [mc_indi_tiltrotor] T2dbg2 Wu25=[1.0 1000000.0] du25=[-0.8030 -0.0035] dmax25=[29.3917 -0.0018] nu_yaw=-0.060
INFO  [mc_indi_tiltrotor] WRdbg0 Wu0=1 lo0=-16.34 du0=0.1871 pin0=0.004 a0=[-0.006 0.335 -0.000 -0.000 -0.146]
INFO  [mc_indi_tiltrotor] WRdbg1 Wu1=1 lo1=-16.57 du1=0.1932 pin1=-0.004 a1=[0.006 0.339 0.000 -0.000 -0.148]
INFO  [mc_indi_tiltrotor] T0dbg1 G0=[-0.355 0.246 -0.003 0.178 -0.984] nu_des=[-0.00 0.02 -0.01 -0.36 -0.04]
INFO  [mc_indi_tiltrotor] T0dbg2 Ws34=[0.1 20.0] Wu0=1.0 du0=0.0095 dmin0=-16.1621 dmax0=28.8379
INFO  [mc_indi_tiltrotor] T2dbg1 G2=[-0.000 -0.550 0.060 0.003 -1.000] G5=[-0.942 -1.070 -0.003 15.704 0.053]
INFO  [mc_indi_tiltrotor] T2dbg2 Wu25=[1.0 9.0] du25=[0.0023 -0.0002] dmax25=[29.2954 0.0014] nu_yaw=-0.006
INFO  [mc_indi_tiltrotor] WRdbg0 Wu0=1 lo0=-16.16 du0=0.0095 pin0=0.000 a0=[0.004 -0.002 -0.000 -0.002 0.009]
INFO  [mc_indi_tiltrotor] WRdbg1 Wu1=1 lo1=-16.43 du1=0.0103 pin1=0.000 a1=[-0.006 0.005 0.001 -0.001 0.011]
INFO  [mc_indi_tiltrotor] YWdbg nu2=-0.014 ach2=-0.014 r=0.03 wsp2=0.01 ddelta=[0.0034 0.0008 0.0003]
INFO  [mc_indi_tiltrotor] T0dbg1 G0=[-0.355 0.246 -0.003 0.178 -0.984] nu_des=[-0.00 0.20 -0.02 -0.28 0.00]
INFO  [mc_indi_tiltrotor] T0dbg2 Ws34=[0.1 20.0] Wu0=1.0 du0=0.0886 dmin0=-16.2449 dmax0=28.7551
INFO  [mc_indi_tiltrotor] T2dbg1 G2=[-0.000 -0.550 0.060 0.003 -1.000] G5=[-0.947 -1.078 -0.003 15.781 0.049]
INFO  [mc_indi_tiltrotor] T2dbg2 Wu25=[1.0 1000000.0] du25=[-0.2088 -0.0031] dmax25=[29.2188 -0.0009] nu_yaw=-0.019
INFO  [mc_indi_tiltrotor] WRdbg0 Wu0=1 lo0=-16.24 du0=0.0886 pin0=-0.039 a0=[0.005 0.124 0.000 -0.000 -0.001]
INFO  [mc_indi_tiltrotor] WRdbg1 Wu1=1 lo1=-16.44 du1=0.0995 pin1=-0.020 a1=[-0.004 0.125 0.000 -0.000 -0.001]
INFO  [mc_indi_tiltrotor] T0dbg1 G0=[-0.355 0.245 -0.006 0.186 -0.983] nu_des=[-0.00 -0.00 0.01 -0.59 0.00]
INFO  [mc_indi_tiltrotor] T0dbg2 Ws34=[0.1 20.0] Wu0=1.0 du0=-0.0030 dmin0=-16.1122 dmax0=28.8878
INFO  [mc_indi_tiltrotor] T2dbg1 G2=[-0.000 -0.550 0.060 0.005 -1.000] G5=[-0.944 -1.061 -0.004 15.738 0.073]
INFO  [mc_indi_tiltrotor] T2dbg2 Wu25=[1.0 9.0] du25=[0.0021 -0.0001] dmax25=[29.2616 0.0016] nu_yaw=0.011
INFO  [mc_indi_tiltrotor] WRdbg0 Wu0=1 lo0=-16.11 du0=-0.0030 pin0=0.000 a0=[0.000 0.000 0.000 -0.003 -0.000]
INFO  [mc_indi_tiltrotor] WRdbg1 Wu1=1 lo1=-16.38 du1=-0.0051 pin1=0.000 a1=[-0.001 -0.000 -0.002 -0.002 -0.001]
INFO  [mc_indi_tiltrotor] YWdbg nu2=0.014 ach2=0.016 r=-0.02 wsp2=0.00 ddelta=[-0.0079 -0.0046 -0.0006]
INFO  [mc_indi_tiltrotor] T0dbg1 G0=[-0.355 0.247 -0.001 0.173 -0.985] nu_des=[-0.01 0.16 -0.09 -0.22 0.26]
INFO  [mc_indi_tiltrotor] T0dbg2 Ws34=[0.1 20.0] Wu0=1.0 du0=0.0211 dmin0=-15.8792 dmax0=29.1208
INFO  [mc_indi_tiltrotor] T2dbg1 G2=[-0.000 -0.550 0.060 0.004 -1.000] G5=[-0.991 -1.117 -0.004 16.525 0.073]
INFO  [mc_indi_tiltrotor] T2dbg2 Wu25=[1.0 1000000.0] du25=[-0.2785 -0.0004] dmax25=[28.4752 0.0032] nu_yaw=-0.089
INFO  [mc_indi_tiltrotor] WRdbg0 Wu0=1 lo0=-15.88 du0=0.0211 pin0=-0.006 a0=[0.012 0.101 -0.000 -0.000 -0.087]
INFO  [mc_indi_tiltrotor] WRdbg1 Wu1=1 lo1=-16.17 du1=0.0032 pin1=0.000 a1=[-0.012 0.102 0.000 -0.000 -0.088]
INFO  [mc_indi_tiltrotor] T0dbg1 G0=[-0.355 0.246 -0.003 0.178 -0.984] nu_des=[-0.00 -0.03 0.00 -0.31 0.02]
INFO  [mc_indi_tiltrotor] T0dbg2 Ws34=[0.1 20.0] Wu0=1.0 du0=-0.0025 dmin0=-16.2092 dmax0=28.7908
INFO  [mc_indi_tiltrotor] T2dbg1 G2=[-0.000 -0.550 0.060 0.004 -1.000] G5=[-0.947 -1.070 -0.004 15.789 0.063]
INFO  [mc_indi_tiltrotor] T2dbg2 Wu25=[1.0 9.0] du25=[0.0152 0.0004] dmax25=[29.2109 0.0020] nu_yaw=0.004
INFO  [mc_indi_tiltrotor] WRdbg0 Wu0=1 lo0=-16.21 du0=-0.0025 pin0=0.000 a0=[0.001 0.003 0.000 -0.002 -0.005]
INFO  [mc_indi_tiltrotor] WRdbg1 Wu1=1 lo1=-16.50 du1=-0.0165 pin1=0.000 a1=[-0.001 -0.008 -0.001 -0.001 -0.005]
INFO  [mc_indi_tiltrotor] YWdbg nu2=0.012 ach2=0.012 r=-0.01 wsp2=-0.01 ddelta=[-0.0013 0.0007 0.0002]
INFO  [mc_indi_tiltrotor] T0dbg1 G0=[-0.355 0.247 -0.001 0.173 -0.985] nu_des=[-0.01 -0.01 0.01 -0.24 -0.01]
INFO  [mc_indi_tiltrotor] T0dbg2 Ws34=[0.1 20.0] Wu0=1.0 du0=0.0103 dmin0=-16.2122 dmax0=28.7878
INFO  [mc_indi_tiltrotor] T2dbg1 G2=[-0.000 -0.550 0.060 0.004 -1.000] G5=[-0.949 -1.075 -0.004 15.821 0.059]
INFO  [mc_indi_tiltrotor] T2dbg2 Wu25=[1.0 9.0] du25=[0.0107 0.0005] dmax25=[29.1789 0.0023] nu_yaw=0.011
INFO  [mc_indi_tiltrotor] WRdbg0 Wu0=1 lo0=-16.21 du0=0.0103 pin0=0.000 a0=[0.009 0.001 0.000 -0.001 0.001]
INFO  [mc_indi_tiltrotor] WRdbg1 Wu1=1 lo1=-16.47 du1=-0.0153 pin1=0.000 a1=[-0.012 -0.002 -0.002 -0.001 0.002]
INFO  [mc_indi_tiltrotor] T0dbg1 G0=[-0.355 0.246 -0.002 0.176 -0.984] nu_des=[0.00 -0.05 -0.00 -0.28 0.03]
INFO  [mc_indi_tiltrotor] T0dbg2 Ws34=[0.1 20.0] Wu0=1.0 du0=-0.0106 dmin0=-16.2670 dmax0=28.7330
INFO  [mc_indi_tiltrotor] T2dbg1 G2=[-0.000 -0.550 0.060 0.005 -1.000] G5=[-0.948 -1.066 -0.004 15.795 0.072]
INFO  [mc_indi_tiltrotor] T2dbg2 Wu25=[1.0 9.0] du25=[0.0196 0.0004] dmax25=[29.2044 0.0022] nu_yaw=-0.004
INFO  [mc_indi_tiltrotor] WRdbg0 Wu0=1 lo0=-16.27 du0=-0.0106 pin0=0.000 a0=[-0.004 0.004 -0.000 -0.002 -0.009]
INFO  [mc_indi_tiltrotor] WRdbg1 Wu1=1 lo1=-16.49 du1=-0.0176 pin1=0.000 a1=[0.006 -0.013 0.001 -0.001 -0.010]
INFO  [mc_indi_tiltrotor] YWdbg nu2=-0.015 ach2=-0.015 r=0.01 wsp2=-0.02 ddelta=[0.0011 -0.0015 -0.0001]
INFO  [mc_indi_tiltrotor] T0dbg1 G0=[-0.355 0.246 -0.003 0.177 -0.984] nu_des=[0.00 -0.01 -0.01 -0.24 -0.00]
INFO  [mc_indi_tiltrotor] T0dbg2 Ws34=[0.1 20.0] Wu0=1.0 du0=-0.0036 dmin0=-16.3014 dmax0=28.6986
INFO  [mc_indi_tiltrotor] T2dbg1 G2=[-0.000 -0.550 0.060 0.004 -1.000] G5=[-0.956 -1.078 -0.004 15.927 0.067]
INFO  [mc_indi_tiltrotor] T2dbg2 Wu25=[1.0 9.0] du25=[0.0080 -0.0001] dmax25=[29.0731 0.0018] nu_yaw=-0.014
INFO  [mc_indi_tiltrotor] WRdbg0 Wu0=1 lo0=-16.30 du0=-0.0036 pin0=0.000 a0=[-0.003 0.001 -0.000 -0.001 0.000]
INFO  [mc_indi_tiltrotor] WRdbg1 Wu1=1 lo1=-16.54 du1=0.0036 pin1=0.000 a1=[0.004 -0.003 0.003 -0.001 0.000]
INFO  [mc_indi_tiltrotor] T0dbg1 G0=[-0.355 0.246 -0.004 0.181 -0.983] nu_des=[-0.00 -0.00 0.00 -0.25 0.01]
INFO  [mc_indi_tiltrotor] T0dbg2 Ws34=[0.1 20.0] Wu0=1.0 du0=-0.0047 dmin0=-16.2182 dmax0=28.7818
INFO  [mc_indi_tiltrotor] T2dbg1 G2=[-0.000 -0.550 0.060 0.004 -1.000] G5=[-0.955 -1.081 -0.004 15.921 0.062]
INFO  [mc_indi_tiltrotor] T2dbg2 Wu25=[1.0 9.0] du25=[-0.0030 -0.0001] dmax25=[29.0788 0.0019] nu_yaw=0.001
INFO  [mc_indi_tiltrotor] WRdbg0 Wu0=1 lo0=-16.22 du0=-0.0047 pin0=0.000 a0=[0.000 0.000 0.000 -0.001 -0.004]
INFO  [mc_indi_tiltrotor] WRdbg1 Wu1=1 lo1=-16.51 du1=-0.0060 pin1=0.000 a1=[-0.000 -0.000 -0.000 -0.001 -0.004]
INFO  [mc_indi_tiltrotor] YWdbg nu2=0.025 ach2=0.024 r=-0.04 wsp2=-0.01 ddelta=[-0.0017 0.0024 0.0005]
INFO  [mc_indi_tiltrotor] T0dbg1 G0=[-0.355 0.248 0.001 0.167 -0.986] nu_des=[0.00 -0.01 0.03 0.01 -0.00]
INFO  [mc_indi_tiltrotor] T0dbg2 Ws34=[0.1 20.0] Wu0=1.0 du0=0.0001 dmin0=-16.1775 dmax0=28.8225
INFO  [mc_indi_tiltrotor] T2dbg1 G2=[-0.000 -0.550 0.060 0.003 -1.000] G5=[-0.957 -1.087 -0.003 15.942 0.052]
INFO  [mc_indi_tiltrotor] T2dbg2 Wu25=[1.0 9.0] du25=[0.0055 0.0002] dmax25=[29.0580 0.0020] nu_yaw=0.028
INFO  [mc_indi_tiltrotor] WRdbg0 Wu0=1 lo0=-16.18 du0=0.0001 pin0=0.000 a0=[-0.002 0.001 0.001 0.000 0.001]
INFO  [mc_indi_tiltrotor] WRdbg1 Wu1=1 lo1=-16.49 du1=-0.0042 pin1=0.000 a1=[0.003 -0.002 -0.006 0.000 0.001]
INFO  [mc_indi_tiltrotor] T0dbg1 G0=[-0.355 0.248 0.002 0.165 -0.986] nu_des=[0.00 0.18 -0.01 0.04 0.09]
INFO  [mc_indi_tiltrotor] T0dbg2 Ws34=[0.1 20.0] Wu0=1.0 du0=0.0332 dmin0=-16.1752 dmax0=28.8248
INFO  [mc_indi_tiltrotor] T2dbg1 G2=[-0.000 -0.550 0.060 0.003 -1.000] G5=[-0.952 -1.084 -0.003 15.862 0.048]
INFO  [mc_indi_tiltrotor] T2dbg2 Wu25=[1.0 1000000.0] du25=[-0.2022 -0.0031] dmax25=[29.1379 -0.0013] nu_yaw=-0.007
INFO  [mc_indi_tiltrotor] WRdbg0 Wu0=1 lo0=-16.18 du0=0.0332 pin0=-0.047 a0=[-0.001 0.111 -0.000 0.000 -0.030]
INFO  [mc_indi_tiltrotor] WRdbg1 Wu1=1 lo1=-16.50 du1=0.0482 pin1=-0.035 a1=[0.001 0.113 0.000 0.000 -0.030]
INFO  [mc_indi_tiltrotor] YWdbg nu2=-0.017 ach2=-0.014 r=0.02 wsp2=0.00 ddelta=[-0.0006 -0.0006 -0.0026]
INFO  [mc_indi_tiltrotor] T0dbg1 G0=[-0.355 0.246 -0.002 0.176 -0.984] nu_des=[0.01 -0.03 -0.01 -0.25 0.04]
INFO  [mc_indi_tiltrotor] T0dbg2 Ws34=[0.1 20.0] Wu0=1.0 du0=-0.0175 dmin0=-16.1500 dmax0=28.8500
INFO  [mc_indi_tiltrotor] T2dbg1 G2=[-0.000 -0.550 0.060 0.004 -1.000] G5=[-0.945 -1.067 -0.004 15.754 0.065]
INFO  [mc_indi_tiltrotor] T2dbg2 Wu25=[1.0 9.0] du25=[0.0035 -0.0001] dmax25=[29.2455 0.0015] nu_yaw=-0.010
INFO  [mc_indi_tiltrotor] WRdbg0 Wu0=1 lo0=-16.15 du0=-0.0175 pin0=0.000 a0=[-0.009 0.002 -0.000 -0.001 -0.009]
INFO  [mc_indi_tiltrotor] WRdbg1 Wu1=1 lo1=-16.40 du1=-0.0058 pin1=0.000 a1=[0.012 -0.007 0.002 -0.001 -0.011]
INFO  [mc_indi_tiltrotor] T0dbg1 G0=[-0.355 0.246 -0.003 0.177 -0.984] nu_des=[-0.00 -0.01 -0.01 -0.16 0.01]
INFO  [mc_indi_tiltrotor] T0dbg2 Ws34=[0.1 20.0] Wu0=1.0 du0=-0.0016 dmin0=-16.1601 dmax0=28.8399
INFO  [mc_indi_tiltrotor] T2dbg1 G2=[-0.000 -0.550 0.060 0.004 -1.000] G5=[-0.943 -1.066 -0.004 15.709 0.061]
INFO  [mc_indi_tiltrotor] T2dbg2 Wu25=[1.0 9.0] du25=[0.0057 0.0001] dmax25=[29.2909 0.0019] nu_yaw=-0.011
INFO  [mc_indi_tiltrotor] WRdbg0 Wu0=1 lo0=-16.16 du0=-0.0016 pin0=0.000 a0=[0.001 0.001 -0.000 -0.001 -0.003]
INFO  [mc_indi_tiltrotor] WRdbg1 Wu1=1 lo1=-16.40 du1=-0.0067 pin1=0.000 a1=[-0.001 -0.004 0.002 -0.001 -0.003]
INFO  [mc_indi_tiltrotor] YWdbg nu2=0.012 ach2=0.011 r=0.01 wsp2=-0.02 ddelta=[-0.0030 0.0001 -0.0018]
INFO  [mc_indi_tiltrotor] T0dbg1 G0=[-0.355 0.247 -0.001 0.173 -0.985] nu_des=[-0.01 0.02 0.02 0.01 -0.00]
INFO  [mc_indi_tiltrotor] T0dbg2 Ws34=[0.1 20.0] Wu0=1.0 du0=0.0080 dmin0=-16.0823 dmax0=28.9177
INFO  [mc_indi_tiltrotor] T2dbg1 G2=[-0.000 -0.550 0.060 0.003 -1.000] G5=[-0.940 -1.067 -0.003 15.670 0.054]
INFO  [mc_indi_tiltrotor] T2dbg2 Wu25=[1.0 9.0] du25=[-0.0081 0.0002] dmax25=[29.3295 0.0024] nu_yaw=0.020
INFO  [mc_indi_tiltrotor] WRdbg0 Wu0=1 lo0=-16.08 du0=0.0080 pin0=0.000 a0=[0.008 -0.001 0.001 0.000 0.000]
INFO  [mc_indi_tiltrotor] WRdbg1 Wu1=1 lo1=-16.34 du1=-0.0111 pin1=0.000 a1=[-0.011 0.004 -0.004 0.000 0.000]
INFO  [mc_indi_tiltrotor] T0dbg1 G0=[-0.355 0.249 0.002 0.162 -0.987] nu_des=[-0.02 0.02 -0.03 0.14 0.02]
INFO  [mc_indi_tiltrotor] T0dbg2 Ws34=[0.1 20.0] Wu0=1.0 du0=0.0112 dmin0=-16.0628 dmax0=28.9372
INFO  [mc_indi_tiltrotor] T2dbg1 G2=[-0.000 -0.550 0.060 0.003 -1.000] G5=[-0.942 -1.074 -0.003 15.692 0.045]
INFO  [mc_indi_tiltrotor] T2dbg2 Wu25=[1.0 9.0] du25=[-0.0147 0.0004] dmax25=[29.3078 0.0019] nu_yaw=-0.026
INFO  [mc_indi_tiltrotor] WRdbg0 Wu0=1 lo0=-16.06 du0=0.0112 pin0=0.000 a0=[0.017 -0.001 -0.001 0.001 -0.005]
INFO  [mc_indi_tiltrotor] WRdbg1 Wu1=1 lo1=-16.39 du1=-0.0171 pin1=0.000 a1=[-0.022 0.005 0.005 0.000 -0.005]
INFO  [mc_indi_tiltrotor] YWdbg nu2=0.005 ach2=0.005 r=-0.01 wsp2=0.00 ddelta=[0.0014 0.0023 -0.0006]
INFO  [mc_indi_tiltrotor] T0dbg1 G0=[-0.355 0.247 -0.002 0.175 -0.985] nu_des=[0.00 0.01 0.00 -0.27 0.03]
INFO  [mc_indi_tiltrotor] T0dbg2 Ws34=[0.1 20.0] Wu0=1.0 du0=-0.0094 dmin0=-16.0983 dmax0=28.9017
INFO  [mc_indi_tiltrotor] T2dbg1 G2=[-0.000 -0.550 0.060 0.004 -1.000] G5=[-0.943 -1.067 -0.004 15.723 0.061]
INFO  [mc_indi_tiltrotor] T2dbg2 Wu25=[1.0 9.0] du25=[-0.0150 -0.0002] dmax25=[29.2772 0.0016] nu_yaw=0.002
INFO  [mc_indi_tiltrotor] WRdbg0 Wu0=1 lo0=-16.10 du0=-0.0094 pin0=0.000 a0=[-0.000 -0.001 0.000 -0.001 -0.007]
INFO  [mc_indi_tiltrotor] WRdbg1 Wu1=1 lo1=-16.41 du1=-0.0077 pin1=0.000 a1=[0.000 0.002 -0.000 -0.001 -0.009]
INFO  [mc_indi_tiltrotor] T0dbg1 G0=[-0.355 0.247 -0.001 0.171 -0.985] nu_des=[0.00 0.00 0.00 -0.20 0.00]
INFO  [mc_indi_tiltrotor] T0dbg2 Ws34=[0.1 20.0] Wu0=1.0 du0=-0.0036 dmin0=-16.0762 dmax0=28.9238
INFO  [mc_indi_tiltrotor] T2dbg1 G2=[-0.000 -0.550 0.060 0.004 -1.000] G5=[-0.941 -1.066 -0.003 15.678 0.057]
INFO  [mc_indi_tiltrotor] T2dbg2 Wu25=[1.0 9.0] du25=[-0.0021 -0.0002] dmax25=[29.3221 0.0015] nu_yaw=0.005
INFO  [mc_indi_tiltrotor] WRdbg0 Wu0=1 lo0=-16.08 du0=-0.0036 pin0=0.000 a0=[-0.002 -0.000 0.000 -0.001 -0.001]
INFO  [mc_indi_tiltrotor] WRdbg1 Wu1=1 lo1=-16.36 du1=0.0009 pin1=0.000 a1=[0.002 0.001 -0.001 -0.001 -0.001]
INFO  [mc_indi_tiltrotor] YWdbg nu2=-0.011 ach2=-0.011 r=0.01 wsp2=0.01 ddelta=[0.0014 -0.0005 -0.0001]
INFO  [mc_indi_tiltrotor] T0dbg1 G0=[-0.355 0.247 -0.000 0.170 -0.985] nu_des=[0.00 -0.01 -0.01 -0.15 0.02]
INFO  [mc_indi_tiltrotor] T0dbg2 Ws34=[0.1 20.0] Wu0=1.0 du0=-0.0082 dmin0=-16.1692 dmax0=28.8308
INFO  [mc_indi_tiltrotor] T2dbg1 G2=[-0.000 -0.550 0.060 0.004 -1.000] G5=[-0.945 -1.071 -0.003 15.752 0.057]
INFO  [mc_indi_tiltrotor] T2dbg2 Wu25=[1.0 9.0] du25=[-0.0045 -0.0001] dmax25=[29.2480 0.0018] nu_yaw=-0.014
INFO  [mc_indi_tiltrotor] WRdbg0 Wu0=1 lo0=-16.17 du0=-0.0082 pin0=0.000 a0=[-0.001 0.000 -0.000 -0.001 -0.006]
INFO  [mc_indi_tiltrotor] WRdbg1 Wu1=1 lo1=-16.39 du1=-0.0047 pin1=0.000 a1=[0.002 -0.001 0.003 -0.001 -0.007]
INFO  [mc_indi_tiltrotor] T0dbg1 G0=[-0.355 0.246 -0.003 0.176 -0.984] nu_des=[0.00 -0.01 -0.02 -0.17 0.02]
INFO  [mc_indi_tiltrotor] T0dbg2 Ws34=[0.1 20.0] Wu0=1.0 du0=-0.0062 dmin0=-16.1141 dmax0=28.8859
INFO  [mc_indi_tiltrotor] T2dbg1 G2=[-0.000 -0.550 0.060 0.003 -1.000] G5=[-0.945 -1.073 -0.003 15.747 0.054]
INFO  [mc_indi_tiltrotor] T2dbg2 Wu25=[1.0 9.0] du25=[-0.0013 -0.0001] dmax25=[29.2528 0.0017] nu_yaw=-0.020
INFO  [mc_indi_tiltrotor] WRdbg0 Wu0=1 lo0=-16.11 du0=-0.0062 pin0=0.000 a0=[-0.001 0.001 -0.000 -0.001 -0.005]
INFO  [mc_indi_tiltrotor] WRdbg1 Wu1=1 lo1=-16.36 du1=-0.0027 pin1=0.000 a1=[0.001 -0.002 0.004 -0.001 -0.005]
INFO  [mc_indi_tiltrotor] YWdbg nu2=-0.008 ach2=-0.009 r=0.02 wsp2=-0.02 ddelta=[0.0002 -0.0014 0.0004]
INFO  [mc_indi_tiltrotor] T0dbg1 G0=[-0.355 0.247 -0.001 0.171 -0.985] nu_des=[-0.00 -0.01 -0.02 0.04 -0.00]
INFO  [mc_indi_tiltrotor] T0dbg2 Ws34=[0.1 20.0] Wu0=1.0 du0=0.0049 dmin0=-16.0920 dmax0=28.9080
INFO  [mc_indi_tiltrotor] T2dbg1 G2=[-0.000 -0.550 0.060 0.003 -1.000] G5=[-0.947 -1.081 -0.003 15.788 0.044]
INFO  [mc_indi_tiltrotor] T2dbg2 Wu25=[1.0 9.0] du25=[0.0101 0.0003] dmax25=[29.2122 0.0017] nu_yaw=-0.016
INFO  [mc_indi_tiltrotor] WRdbg0 Wu0=1 lo0=-16.09 du0=0.0049 pin0=0.000 a0=[0.003 0.001 -0.000 0.000 0.001]
INFO  [mc_indi_tiltrotor] WRdbg1 Wu1=1 lo1=-16.39 du1=-0.0033 pin1=0.000 a1=[-0.004 -0.003 0.003 0.000 0.001]
INFO  [mc_indi_tiltrotor] T0dbg1 G0=[-0.355 0.246 -0.003 0.176 -0.984] nu_des=[-0.00 -0.40 -0.01 -0.04 0.15]
INFO  [mc_indi_tiltrotor] T0dbg2 Ws34=[0.1 20.0] Wu0=1.0 du0=-0.2374 dmin0=-16.0250 dmax0=28.9750
INFO  [mc_indi_tiltrotor] T2dbg1 G2=[-0.000 -0.550 0.060 0.003 -1.000] G5=[-0.967 -1.098 -0.003 16.115 0.055]
INFO  [mc_indi_tiltrotor] T2dbg2 Wu25=[1.0 1000000.0] du25=[0.3763 0.0091] dmax25=[28.8851 0.0091] nu_yaw=-0.008
INFO  [mc_indi_tiltrotor] WRdbg0 Wu0=1 lo0=-16.03 du0=-0.2374 pin0=0.055 a0=[0.002 -0.244 0.000 -0.000 -0.050]
INFO  [mc_indi_tiltrotor] WRdbg1 Wu1=1 lo1=-16.33 du1=-0.2535 pin1=0.046 a1=[-0.002 -0.248 0.000 -0.000 -0.050]
INFO  [mc_indi_tiltrotor] YWdbg nu2=0.053 ach2=0.132 r=-0.05 wsp2=-0.01 ddelta=[-0.0012 0.0015 0.0073]
INFO  [mc_indi_tiltrotor] T0dbg1 G0=[-0.355 0.247 -0.001 0.173 -0.985] nu_des=[0.01 -0.04 0.03 -0.14 0.01]
INFO  [mc_indi_tiltrotor] T0dbg2 Ws34=[0.1 20.0] Wu0=1.0 du0=-0.0058 dmin0=-16.2887 dmax0=28.7113
INFO  [mc_indi_tiltrotor] T2dbg1 G2=[-0.000 -0.550 0.060 0.004 -1.000] G5=[-0.945 -1.071 -0.003 15.755 0.058]
INFO  [mc_indi_tiltrotor] T2dbg2 Wu25=[1.0 9.0] du25=[0.0201 0.0003] dmax25=[29.2447 0.0019] nu_yaw=0.026
INFO  [mc_indi_tiltrotor] WRdbg0 Wu0=1 lo0=-16.29 du0=-0.0058 pin0=0.000 a0=[-0.007 0.003 0.001 -0.001 -0.001]
INFO  [mc_indi_tiltrotor] WRdbg1 Wu1=1 lo1=-16.56 du1=-0.0073 pin1=0.000 a1=[0.010 -0.010 -0.005 -0.000 -0.002]
INFO  [mc_indi_tiltrotor] T0dbg1 G0=[-0.355 0.246 -0.004 0.179 -0.984] nu_des=[-0.01 0.03 0.01 -0.46 0.02]
INFO  [mc_indi_tiltrotor] T0dbg2 Ws34=[0.1 20.0] Wu0=1.0 du0=0.0036 dmin0=-16.1392 dmax0=28.8608
INFO  [mc_indi_tiltrotor] T2dbg1 G2=[-0.000 -0.550 0.060 0.004 -1.000] G5=[-0.944 -1.063 -0.004 15.739 0.071]
INFO  [mc_indi_tiltrotor] T2dbg2 Wu25=[1.0 9.0] du25=[-0.0188 0.0000] dmax25=[29.2607 0.0017] nu_yaw=0.006
INFO  [mc_indi_tiltrotor] WRdbg0 Wu0=1 lo0=-16.14 du0=0.0036 pin0=0.000 a0=[0.013 -0.002 0.000 -0.002 -0.004]
INFO  [mc_indi_tiltrotor] WRdbg1 Wu1=1 lo1=-16.41 du1=-0.0185 pin1=0.000 a1=[-0.017 0.006 -0.001 -0.002 -0.005]
INFO  [mc_indi_tiltrotor] YWdbg nu2=-0.002 ach2=-0.002 r=-0.00 wsp2=0.03 ddelta=[-0.0006 -0.0008 -0.0003]
INFO  [mc_indi_tiltrotor] T0dbg1 G0=[-0.355 0.247 -0.001 0.173 -0.985] nu_des=[-0.01 0.33 -0.01 -0.30 0.05]
INFO  [mc_indi_tiltrotor] T0dbg2 Ws34=[0.1 20.0] Wu0=1.0 du0=0.1402 dmin0=-16.1910 dmax0=28.8090
INFO  [mc_indi_tiltrotor] T2dbg1 G2=[-0.000 -0.550 0.060 0.004 -1.000] G5=[-0.938 -1.062 -0.004 15.633 0.059]
INFO  [mc_indi_tiltrotor] T2dbg2 Wu25=[1.0 1000000.0] du25=[-0.3684 -0.0037] dmax25=[29.3669 -0.0020] nu_yaw=-0.007
INFO  [mc_indi_tiltrotor] WRdbg0 Wu0=1 lo0=-16.19 du0=0.1402 pin0=-0.057 a0=[0.010 0.205 -0.000 -0.000 -0.017]
INFO  [mc_indi_tiltrotor] WRdbg1 Wu1=1 lo1=-16.46 du1=0.1418 pin1=-0.039 a1=[-0.009 0.207 0.000 -0.000 -0.018]
INFO  [mc_indi_tiltrotor] T0dbg1 G0=[-0.355 0.246 -0.003 0.179 -0.984] nu_des=[0.01 0.18 -0.02 -0.30 0.09]
INFO  [mc_indi_tiltrotor] T0dbg2 Ws34=[0.1 20.0] Wu0=1.0 du0=0.0866 dmin0=-16.2522 dmax0=28.7478
INFO  [mc_indi_tiltrotor] T2dbg1 G2=[-0.000 -0.550 0.060 0.004 -1.000] G5=[-0.950 -1.070 -0.004 15.832 0.069]
INFO  [mc_indi_tiltrotor] T2dbg2 Wu25=[1.0 1000000.0] du25=[-0.2596 -0.0044] dmax25=[29.1683 -0.0027] nu_yaw=-0.019
INFO  [mc_indi_tiltrotor] WRdbg0 Wu0=1 lo0=-16.25 du0=0.0866 pin0=0.014 a0=[-0.010 0.113 0.000 -0.000 -0.031]
INFO  [mc_indi_tiltrotor] WRdbg1 Wu1=1 lo1=-16.45 du1=0.0884 pin1=-0.004 a1=[0.009 0.114 0.000 -0.000 -0.032]
INFO  [mc_indi_tiltrotor] YWdbg nu2=0.002 ach2=0.002 r=0.02 wsp2=-0.02 ddelta=[-0.0035 -0.0033 0.0000]
INFO  [mc_indi_tiltrotor] T0dbg1 G0=[-0.355 0.246 -0.003 0.178 -0.984] nu_des=[-0.00 0.01 0.00 -0.28 -0.04]
INFO  [mc_indi_tiltrotor] T0dbg2 Ws34=[0.1 20.0] Wu0=1.0 du0=0.0100 dmin0=-16.3020 dmax0=28.6980
INFO  [mc_indi_tiltrotor] T2dbg1 G2=[-0.000 -0.550 0.060 0.004 -1.000] G5=[-0.957 -1.084 -0.003 15.949 0.058]
INFO  [mc_indi_tiltrotor] T2dbg2 Wu25=[1.0 9.0] du25=[0.0143 -0.0001] dmax25=[29.0510 0.0017] nu_yaw=0.001
INFO  [mc_indi_tiltrotor] WRdbg0 Wu0=1 lo0=-16.30 du0=0.0100 pin0=0.000 a0=[0.001 -0.001 0.000 -0.002 0.011]
INFO  [mc_indi_tiltrotor] WRdbg1 Wu1=1 lo1=-16.59 du1=0.0125 pin1=0.000 a1=[-0.001 0.002 -0.000 -0.001 0.013]
INFO  [mc_indi_tiltrotor] T0dbg1 G0=[-0.355 0.246 -0.002 0.176 -0.984] nu_des=[-0.00 0.01 0.01 -0.27 -0.02]
INFO  [mc_indi_tiltrotor] T0dbg2 Ws34=[0.1 20.0] Wu0=1.0 du0=0.0085 dmin0=-16.2601 dmax0=28.7399
INFO  [mc_indi_tiltrotor] T2dbg1 G2=[-0.000 -0.550 0.060 0.003 -1.000] G5=[-0.959 -1.089 -0.003 15.980 0.053]
INFO  [mc_indi_tiltrotor] T2dbg2 Wu25=[1.0 9.0] du25=[0.0023 0.0000] dmax25=[29.0200 0.0019] nu_yaw=0.014
INFO  [mc_indi_tiltrotor] WRdbg0 Wu0=1 lo0=-16.26 du0=0.0085 pin0=-0.004 a0=[0.006 0.006 -0.005 0.000 0.006]
INFO  [mc_indi_tiltrotor] WRdbg1 Wu1=1 lo1=-16.55 du1=-0.0006 pin1=-0.002 a1=[-0.005 0.005 -0.005 -0.000 0.006]
INFO  [mc_indi_tiltrotor] YWdbg nu2=-0.010 ach2=0.014 r=0.00 wsp2=-0.01 ddelta=[0.0120 0.0120 0.0032]
INFO  [mc_indi_tiltrotor] T0dbg1 G0=[-0.355 0.247 -0.002 0.174 -0.985] nu_des=[0.01 -0.02 0.00 -0.27 0.25]
INFO  [mc_indi_tiltrotor] T0dbg2 Ws34=[0.1 20.0] Wu0=1.0 du0=-0.1264 dmin0=-16.4973 dmax0=28.5027
INFO  [mc_indi_tiltrotor] T2dbg1 G2=[-0.000 -0.550 0.060 0.004 -1.000] G5=[-0.936 -1.056 -0.004 15.603 0.065]
INFO  [mc_indi_tiltrotor] T2dbg2 Wu25=[1.0 1000000.0] du25=[-0.0475 -0.0008] dmax25=[29.3970 -0.0008] nu_yaw=0.002
INFO  [mc_indi_tiltrotor] WRdbg0 Wu0=1 lo0=-16.50 du0=-0.1264 pin0=-0.013 a0=[-0.018 -0.010 0.000 -0.000 -0.085]
INFO  [mc_indi_tiltrotor] WRdbg1 Wu1=1 lo1=-16.73 du1=-0.0864 pin1=-0.008 a1=[0.018 -0.010 -0.000 -0.000 -0.086]
INFO  [mc_indi_tiltrotor] T0dbg1 G0=[-0.355 0.246 -0.003 0.178 -0.984] nu_des=[0.01 0.00 -0.01 -0.29 0.00]
INFO  [mc_indi_tiltrotor] T0dbg2 Ws34=[0.1 20.0] Wu0=1.0 du0=-0.0090 dmin0=-16.2603 dmax0=28.7397
INFO  [mc_indi_tiltrotor] T2dbg1 G2=[-0.000 -0.550 0.060 0.005 -1.000] G5=[-0.956 -1.075 -0.004 15.930 0.072]
INFO  [mc_indi_tiltrotor] T2dbg2 Wu25=[1.0 9.0] du25=[-0.0016 -0.0004] dmax25=[29.0702 0.0012] nu_yaw=-0.006
INFO  [mc_indi_tiltrotor] WRdbg0 Wu0=1 lo0=-16.26 du0=-0.0090 pin0=0.000 a0=[-0.006 -0.000 -0.000 -0.002 -0.001]
INFO  [mc_indi_tiltrotor] WRdbg1 Wu1=1 lo1=-16.53 du1=0.0078 pin1=0.000 a1=[0.008 0.000 0.001 -0.001 -0.001]
INFO  [mc_indi_tiltrotor] YWdbg nu2=-0.018 ach2=-0.018 r=0.00 wsp2=-0.01 ddelta=[0.0014 -0.0016 -0.0003]
INFO  [mc_indi_tiltrotor] T0dbg1 G0=[-0.355 0.247 -0.001 0.173 -0.985] nu_des=[0.00 0.17 0.01 -0.10 0.08]
INFO  [mc_indi_tiltrotor] T0dbg2 Ws34=[0.1 20.0] Wu0=1.0 du0=0.0317 dmin0=-16.3104 dmax0=28.6896
INFO  [mc_indi_tiltrotor] T2dbg1 G2=[-0.000 -0.550 0.060 0.004 -1.000] G5=[-0.965 -1.094 -0.003 16.081 0.058]
INFO  [mc_indi_tiltrotor] T2dbg2 Wu25=[1.0 1000000.0] du25=[-0.1890 -0.0036] dmax25=[28.9188 -0.0017] nu_yaw=0.010
INFO  [mc_indi_tiltrotor] WRdbg0 Wu0=1 lo0=-16.31 du0=0.0317 pin0=-0.046 a0=[-0.001 0.105 0.000 -0.000 -0.027]
INFO  [mc_indi_tiltrotor] WRdbg1 Wu1=1 lo1=-16.62 du1=0.0438 pin1=-0.037 a1=[0.001 0.107 -0.000 -0.000 -0.027]
INFO  [mc_indi_tiltrotor] T0dbg1 G0=[-0.355 0.248 0.000 0.168 -0.986] nu_des=[0.00 -0.00 0.01 -0.05 -0.02]
INFO  [mc_indi_tiltrotor] T0dbg2 Ws34=[0.1 20.0] Wu0=1.0 du0=0.0038 dmin0=-16.3331 dmax0=28.6669
INFO  [mc_indi_tiltrotor] T2dbg1 G2=[-0.000 -0.550 0.060 0.004 -1.000] G5=[-0.972 -1.102 -0.003 16.193 0.057]
INFO  [mc_indi_tiltrotor] T2dbg2 Wu25=[1.0 9.0] du25=[0.0104 -0.0000] dmax25=[28.8073 0.0017] nu_yaw=0.006
INFO  [mc_indi_tiltrotor] WRdbg0 Wu0=1 lo0=-16.33 du0=0.0038 pin0=0.000 a0=[-0.002 0.000 0.000 -0.000 0.006]
INFO  [mc_indi_tiltrotor] WRdbg1 Wu1=1 lo1=-16.66 du1=0.0076 pin1=0.000 a1=[0.003 -0.001 -0.001 -0.000 0.007]
INFO  [mc_indi_tiltrotor] YWdbg nu2=0.017 ach2=0.017 r=-0.02 wsp2=0.01 ddelta=[-0.0009 0.0019 -0.0000]
INFO  [mc_indi_tiltrotor] T0dbg1 G0=[-0.355 0.249 0.002 0.162 -0.987] nu_des=[-0.01 -0.00 0.02 -0.02 -0.02]
INFO  [mc_indi_tiltrotor] T0dbg2 Ws34=[0.1 20.0] Wu0=1.0 du0=0.0130 dmin0=-16.5226 dmax0=28.4774
INFO  [mc_indi_tiltrotor] T2dbg1 G2=[-0.000 -0.550 0.060 0.004 -1.000] G5=[-0.984 -1.116 -0.003 16.403 0.058]
INFO  [mc_indi_tiltrotor] T2dbg2 Wu25=[1.0 9.0] du25=[0.0095 0.0005] dmax25=[28.5967 0.0023] nu_yaw=0.017
INFO  [mc_indi_tiltrotor] WRdbg0 Wu0=1 lo0=-16.52 du0=0.0130 pin0=0.000 a0=[0.008 0.000 0.001 -0.000 0.005]
INFO  [mc_indi_tiltrotor] WRdbg1 Wu1=1 lo1=-16.85 du1=-0.0085 pin1=0.000 a1=[-0.010 -0.001 -0.003 -0.000 0.005]
INFO  [mc_indi_tiltrotor] T0dbg1 G0=[-0.355 0.249 0.003 0.161 -0.987] nu_des=[-0.00 -0.10 -0.07 0.08 0.00]
INFO  [mc_indi_tiltrotor] T0dbg2 Ws34=[0.1 20.0] Wu0=1.0 du0=-0.0337 dmin0=-16.5971 dmax0=28.4029
INFO  [mc_indi_tiltrotor] T2dbg1 G2=[-0.000 -0.550 0.060 0.003 -1.000] G5=[-0.982 -1.116 -0.003 16.367 0.055]
INFO  [mc_indi_tiltrotor] T2dbg2 Wu25=[1.0 9.0] du25=[0.0927 0.0023] dmax25=[28.6325 0.0025] nu_yaw=-0.068
INFO  [mc_indi_tiltrotor] WRdbg0 Wu0=1 lo0=-16.60 du0=-0.0337 pin0=0.029 a0=[0.003 -0.063 -0.001 -0.000 -0.001]
INFO  [mc_indi_tiltrotor] WRdbg1 Wu1=1 lo1=-16.87 du1=-0.0336 pin1=0.023 a1=[-0.003 -0.056 0.003 0.000 -0.001]
INFO  [mc_indi_tiltrotor] YWdbg nu2=-0.031 ach2=-0.031 r=0.06 wsp2=-0.02 ddelta=[0.0079 0.0024 0.0003]
INFO  [mc_indi_tiltrotor] T0dbg1 G0=[-0.355 0.245 -0.005 0.182 -0.983] nu_des=[-0.00 0.01 -0.04 -0.41 0.01]
INFO  [mc_indi_tiltrotor] T0dbg2 Ws34=[0.1 20.0] Wu0=1.0 du0=-0.0044 dmin0=-16.5760 dmax0=28.4240
INFO  [mc_indi_tiltrotor] T2dbg1 G2=[-0.000 -0.550 0.060 0.005 -1.000] G5=[-0.985 -1.103 -0.005 16.423 0.085]
INFO  [mc_indi_tiltrotor] T2dbg2 Wu25=[1.0 9.0] du25=[-0.0039 -0.0004] dmax25=[28.5766 0.0017] nu_yaw=-0.040
INFO  [mc_indi_tiltrotor] WRdbg0 Wu0=1 lo0=-16.58 du0=-0.0044 pin0=0.000 a0=[0.001 -0.001 -0.001 -0.002 -0.001]
INFO  [mc_indi_tiltrotor] WRdbg1 Wu1=1 lo1=-16.81 du1=0.0057 pin1=0.000 a1=[-0.001 0.002 0.008 -0.001 -0.002]
INFO  [mc_indi_tiltrotor] T0dbg1 G0=[-0.355 0.247 -0.002 0.174 -0.985] nu_des=[0.01 -0.01 0.02 -0.17 -0.01]
INFO  [mc_indi_tiltrotor] T0dbg2 Ws34=[0.1 20.0] Wu0=1.0 du0=-0.0019 dmin0=-16.5125 dmax0=28.4875
INFO  [mc_indi_tiltrotor] T2dbg1 G2=[-0.000 -0.550 0.060 0.004 -1.000] G5=[-0.987 -1.111 -0.004 16.449 0.074]
INFO  [mc_indi_tiltrotor] T2dbg2 Wu25=[1.0 9.0] du25=[0.0129 -0.0001] dmax25=[28.5508 0.0018] nu_yaw=0.018
INFO  [mc_indi_tiltrotor] WRdbg0 Wu0=1 lo0=-16.51 du0=-0.0019 pin0=0.000 a0=[-0.006 0.001 0.000 -0.001 0.004]
INFO  [mc_indi_tiltrotor] WRdbg1 Wu1=1 lo1=-16.83 du1=0.0056 pin1=0.000 a1=[0.009 -0.003 -0.004 -0.001 0.005]
INFO  [mc_indi_tiltrotor] YWdbg nu2=0.030 ach2=0.029 r=-0.04 wsp2=-0.03 ddelta=[-0.0002 0.0046 -0.0001]
INFO  [mc_indi_tiltrotor] T0dbg1 G0=[-0.355 0.247 -0.000 0.170 -0.985] nu_des=[-0.01 0.13 -0.02 -0.21 0.19]
INFO  [mc_indi_tiltrotor] T0dbg2 Ws34=[0.1 20.0] Wu0=1.0 du0=0.0757 dmin0=-16.3320 dmax0=28.6680
INFO  [mc_indi_tiltrotor] T2dbg1 G2=[-0.000 -0.550 0.060 0.005 -1.000] G5=[-1.018 -1.138 -0.005 16.972 0.091]
INFO  [mc_indi_tiltrotor] T2dbg2 Wu25=[1.0 1000000.0] du25=[-0.2657 0.0013] dmax25=[28.0275 0.0049] nu_yaw=-0.024
INFO  [mc_indi_tiltrotor] WRdbg0 Wu0=1 lo0=-16.33 du0=0.0757 pin0=0.051 a0=[0.011 0.079 -0.000 -0.000 -0.064]
INFO  [mc_indi_tiltrotor] WRdbg1 Wu1=1 lo1=-16.63 du1=0.0321 pin1=0.028 a1=[-0.010 0.079 0.000 -0.000 -0.065]
INFO  [mc_indi_tiltrotor] T0dbg1 G0=[-0.355 0.247 -0.002 0.174 -0.985] nu_des=[0.01 0.07 -0.01 -0.21 0.01]
INFO  [mc_indi_tiltrotor] T0dbg2 Ws34=[0.1 20.0] Wu0=1.0 du0=-0.0166 dmin0=-16.5698 dmax0=28.4302
INFO  [mc_indi_tiltrotor] T2dbg1 G2=[-0.000 -0.550 0.060 0.004 -1.000] G5=[-0.989 -1.117 -0.004 16.481 0.066]
INFO  [mc_indi_tiltrotor] T2dbg2 Wu25=[1.0 9.0] du25=[-0.0488 -0.0016] dmax25=[28.5189 0.0003] nu_yaw=-0.009
INFO  [mc_indi_tiltrotor] WRdbg0 Wu0=1 lo0=-16.57 du0=-0.0166 pin0=-0.044 a0=[-0.011 0.039 0.004 0.000 -0.004]
INFO  [mc_indi_tiltrotor] WRdbg1 Wu1=1 lo1=-16.83 du1=0.0268 pin1=-0.017 a1=[0.010 0.035 0.003 -0.000 -0.004]
INFO  [mc_indi_tiltrotor] YWdbg nu2=-0.001 ach2=-0.001 r=-0.00 wsp2=-0.01 ddelta=[0.0007 0.0006 -0.0003]
INFO  [mc_indi_tiltrotor] T0dbg1 G0=[-0.355 0.247 -0.001 0.173 -0.985] nu_des=[0.00 0.00 0.00 -0.17 0.02]
INFO  [mc_indi_tiltrotor] T0dbg2 Ws34=[0.1 20.0] Wu0=1.0 du0=-0.0096 dmin0=-16.6034 dmax0=28.3966
INFO  [mc_indi_tiltrotor] T2dbg1 G2=[-0.000 -0.550 0.060 0.004 -1.000] G5=[-0.993 -1.124 -0.004 16.546 0.062]
INFO  [mc_indi_tiltrotor] T2dbg2 Wu25=[1.0 9.0] du25=[-0.0072 -0.0003] dmax25=[28.4540 0.0016] nu_yaw=0.004
INFO  [mc_indi_tiltrotor] WRdbg0 Wu0=1 lo0=-16.60 du0=-0.0096 pin0=0.000 a0=[-0.004 -0.000 0.000 -0.001 -0.004]
INFO  [mc_indi_tiltrotor] WRdbg1 Wu1=1 lo1=-16.89 du1=-0.0006 pin1=0.000 a1=[0.006 0.000 -0.001 -0.001 -0.005]
INFO  [mc_indi_tiltrotor] T0dbg1 G0=[-0.355 0.247 -0.002 0.174 -0.985] nu_des=[-0.01 0.00 -0.01 -0.17 -0.00]
INFO  [mc_indi_tiltrotor] T0dbg2 Ws34=[0.1 20.0] Wu0=1.0 du0=0.0055 dmin0=-16.4500 dmax0=28.5500
INFO  [mc_indi_tiltrotor] T2dbg1 G2=[-0.000 -0.550 0.060 0.003 -1.000] G5=[-0.982 -1.115 -0.003 16.369 0.055]
INFO  [mc_indi_tiltrotor] T2dbg2 Wu25=[1.0 9.0] du25=[0.0019 0.0002] dmax25=[28.6311 0.0021] nu_yaw=-0.006
INFO  [mc_indi_tiltrotor] WRdbg0 Wu0=1 lo0=-16.45 du0=0.0055 pin0=0.000 a0=[0.006 -0.000 -0.000 -0.001 0.000]
INFO  [mc_indi_tiltrotor] WRdbg1 Wu1=1 lo1=-16.73 du1=-0.0073 pin1=0.000 a1=[-0.009 0.000 0.001 -0.001 0.000]
INFO  [mc_indi_tiltrotor] YWdbg nu2=-0.004 ach2=-0.004 r=0.00 wsp2=-0.00 ddelta=[-0.0013 -0.0021 0.0001]
INFO  [mc_indi_tiltrotor] T0dbg1 G0=[-0.355 0.247 -0.002 0.175 -0.985] nu_des=[-0.00 -0.01 -0.00 -0.13 0.01]
INFO  [mc_indi_tiltrotor] T0dbg2 Ws34=[0.1 20.0] Wu0=1.0 du0=0.0000 dmin0=-16.3952 dmax0=28.6048
INFO  [mc_indi_tiltrotor] T2dbg1 G2=[-0.000 -0.550 0.060 0.003 -1.000] G5=[-0.977 -1.112 -0.003 16.286 0.051]
INFO  [mc_indi_tiltrotor] T2dbg2 Wu25=[1.0 9.0] du25=[0.0006 0.0002] dmax25=[28.7136 0.0022] nu_yaw=-0.000
INFO  [mc_indi_tiltrotor] WRdbg0 Wu0=1 lo0=-16.40 du0=0.0000 pin0=0.000 a0=[0.004 0.001 -0.000 -0.001 -0.004]
INFO  [mc_indi_tiltrotor] WRdbg1 Wu1=1 lo1=-16.68 du1=-0.0116 pin1=0.000 a1=[-0.005 -0.002 0.000 -0.000 -0.004]
INFO  [mc_indi_tiltrotor] T0dbg1 G0=[-0.355 0.247 -0.001 0.172 -0.985] nu_des=[-0.00 -0.00 -0.00 -0.05 -0.02]
INFO  [mc_indi_tiltrotor] T0dbg2 Ws34=[0.1 20.0] Wu0=1.0 du0=0.0110 dmin0=-16.5322 dmax0=28.4678
INFO  [mc_indi_tiltrotor] T2dbg1 G2=[-0.000 -0.550 0.060 0.003 -1.000] G5=[-0.984 -1.120 -0.003 16.394 0.050]
INFO  [mc_indi_tiltrotor] T2dbg2 Wu25=[1.0 9.0] du25=[0.0128 0.0003] dmax25=[28.6056 0.0018] nu_yaw=-0.004
INFO  [mc_indi_tiltrotor] WRdbg0 Wu0=1 lo0=-16.53 du0=0.0110 pin0=0.000 a0=[0.005 0.000 -0.000 -0.000 0.006]
INFO  [mc_indi_tiltrotor] WRdbg1 Wu1=1 lo1=-16.81 du1=-0.0003 pin1=0.000 a1=[-0.007 -0.001 0.001 -0.000 0.007]
INFO  [mc_indi_tiltrotor] YWdbg nu2=0.002 ach2=0.002 r=-0.00 wsp2=-0.01 ddelta=[0.0023 0.0024 0.0002]
INFO  [mc_indi_tiltrotor] T0dbg1 G0=[-0.355 0.247 -0.002 0.175 -0.985] nu_des=[-0.00 -0.01 -0.00 -0.11 0.03]
INFO  [mc_indi_tiltrotor] T0dbg2 Ws34=[0.1 20.0] Wu0=1.0 du0=-0.0019 dmin0=-16.4792 dmax0=28.5208
INFO  [mc_indi_tiltrotor] T2dbg1 G2=[-0.000 -0.550 0.060 0.003 -1.000] G5=[-0.983 -1.120 -0.003 16.383 0.049]
INFO  [mc_indi_tiltrotor] T2dbg2 Wu25=[1.0 9.0] du25=[-0.0032 0.0003] dmax25=[28.6168 0.0022] nu_yaw=-0.002
INFO  [mc_indi_tiltrotor] WRdbg0 Wu0=1 lo0=-16.48 du0=-0.0019 pin0=0.000 a0=[0.005 0.001 -0.000 -0.001 -0.007]
INFO  [mc_indi_tiltrotor] WRdbg1 Wu1=1 lo1=-16.77 du1=-0.0183 pin1=0.000 a1=[-0.007 -0.003 0.000 -0.000 -0.009]
INFO  [mc_indi_tiltrotor] T0dbg1 G0=[-0.355 0.247 -0.002 0.175 -0.984] nu_des=[-0.00 0.01 0.00 -0.11 0.00]
INFO  [mc_indi_tiltrotor] T0dbg2 Ws34=[0.1 20.0] Wu0=1.0 du0=-0.0007 dmin0=-16.3636 dmax0=28.6364
INFO  [mc_indi_tiltrotor] T2dbg1 G2=[-0.000 -0.550 0.060 0.003 -1.000] G5=[-0.975 -1.114 -0.003 16.254 0.044]
INFO  [mc_indi_tiltrotor] T2dbg2 Wu25=[1.0 9.0] du25=[-0.0059 -0.0001] dmax25=[28.7460 0.0014] nu_yaw=0.000
INFO  [mc_indi_tiltrotor] WRdbg0 Wu0=1 lo0=-16.36 du0=-0.0007 pin0=0.000 a0=[0.001 -0.001 0.000 -0.001 -0.001]
INFO  [mc_indi_tiltrotor] WRdbg1 Wu1=1 lo1=-16.68 du1=-0.0008 pin1=0.000 a1=[-0.002 0.002 -0.000 -0.000 -0.001]
INFO  [mc_indi_tiltrotor] YWdbg nu2=0.001 ach2=0.001 r=-0.01 wsp2=-0.00 ddelta=[0.0002 0.0003 0.0002]
INFO  [mc_indi_tiltrotor] T0dbg1 G0=[-0.355 0.247 -0.002 0.173 -0.985] nu_des=[0.00 0.00 0.01 -0.08 0.00]
INFO  [mc_indi_tiltrotor] T0dbg2 Ws34=[0.1 20.0] Wu0=1.0 du0=-0.0051 dmin0=-16.4067 dmax0=28.5933
INFO  [mc_indi_tiltrotor] T2dbg1 G2=[-0.000 -0.550 0.060 0.003 -1.000] G5=[-0.976 -1.116 -0.003 16.274 0.043]
INFO  [mc_indi_tiltrotor] T2dbg2 Wu25=[1.0 9.0] du25=[-0.0040 -0.0003] dmax25=[28.7255 0.0016] nu_yaw=0.008
INFO  [mc_indi_tiltrotor] WRdbg0 Wu0=1 lo0=-16.41 du0=-0.0051 pin0=0.000 a0=[-0.004 -0.000 0.000 -0.000 -0.000]
INFO  [mc_indi_tiltrotor] WRdbg1 Wu1=1 lo1=-16.72 du1=0.0046 pin1=0.000 a1=[0.006 0.001 -0.002 -0.000 -0.000]
INFO  [mc_indi_tiltrotor] T0dbg1 G0=[-0.355 0.247 -0.001 0.171 -0.985] nu_des=[-0.00 0.00 -0.01 -0.05 -0.01]
INFO  [mc_indi_tiltrotor] T0dbg2 Ws34=[0.1 20.0] Wu0=1.0 du0=0.0029 dmin0=-16.5430 dmax0=28.4570
INFO  [mc_indi_tiltrotor] T2dbg1 G2=[-0.000 -0.550 0.060 0.003 -1.000] G5=[-0.984 -1.124 -0.003 16.403 0.044]
INFO  [mc_indi_tiltrotor] T2dbg2 Wu25=[1.0 9.0] du25=[0.0027 0.0000] dmax25=[28.5965 0.0016] nu_yaw=-0.009
INFO  [mc_indi_tiltrotor] WRdbg0 Wu0=1 lo0=-16.54 du0=0.0029 pin0=0.000 a0=[0.002 -0.000 -0.000 -0.000 0.001]
INFO  [mc_indi_tiltrotor] WRdbg1 Wu1=1 lo1=-16.81 du1=0.0007 pin1=0.000 a1=[-0.003 0.000 0.002 -0.000 0.002]
INFO  [mc_indi_tiltrotor] YWdbg nu2=-0.005 ach2=-0.005 r=0.00 wsp2=0.00 ddelta=[0.0001 -0.0007 -0.0002]
INFO  [mc_indi_tiltrotor] T0dbg1 G0=[-0.355 0.247 -0.002 0.174 -0.985] nu_des=[-0.00 0.01 -0.01 -0.12 0.01]
INFO  [mc_indi_tiltrotor] T0dbg2 Ws34=[0.1 20.0] Wu0=1.0 du0=-0.0026 dmin0=-16.5070 dmax0=28.4930
INFO  [mc_indi_tiltrotor] T2dbg1 G2=[-0.000 -0.550 0.060 0.003 -1.000] G5=[-0.986 -1.127 -0.003 16.434 0.043]
INFO  [mc_indi_tiltrotor] T2dbg2 Wu25=[1.0 9.0] du25=[-0.0067 -0.0002] dmax25=[28.5664 0.0014] nu_yaw=-0.012
INFO  [mc_indi_tiltrotor] WRdbg0 Wu0=1 lo0=-16.51 du0=-0.0026 pin0=0.000 a0=[0.001 -0.001 -0.000 -0.001 -0.002]
INFO  [mc_indi_tiltrotor] WRdbg1 Wu1=1 lo1=-16.80 du1=0.0016 pin1=0.000 a1=[-0.001 0.002 0.002 -0.000 -0.002]
INFO  [mc_indi_tiltrotor] T0dbg1 G0=[-0.355 0.246 -0.003 0.177 -0.984] nu_des=[0.01 -0.00 -0.01 -0.12 0.03]
INFO  [mc_indi_tiltrotor] T0dbg2 Ws34=[0.1 20.0] Wu0=1.0 du0=-0.0164 dmin0=-16.5221 dmax0=28.4779
INFO  [mc_indi_tiltrotor] T2dbg1 G2=[-0.000 -0.550 0.060 0.003 -1.000] G5=[-0.986 -1.128 -0.003 16.438 0.042]
INFO  [mc_indi_tiltrotor] T2dbg2 Wu25=[1.0 9.0] du25=[-0.0097 -0.0005] dmax25=[28.5616 0.0015] nu_yaw=-0.012
INFO  [mc_indi_tiltrotor] WRdbg0 Wu0=1 lo0=-16.52 du0=-0.0164 pin0=0.000 a0=[-0.009 0.000 -0.000 -0.001 -0.007]
INFO  [mc_indi_tiltrotor] WRdbg1 Wu1=1 lo1=-16.80 du1=0.0061 pin1=0.000 a1=[0.012 -0.000 0.002 -0.000 -0.008]
INFO  [mc_indi_tiltrotor] YWdbg nu2=-0.018 ach2=-0.016 r=0.01 wsp2=-0.01 ddelta=[0.0014 -0.0012 -0.0004]
INFO  [mc_indi_tiltrotor] T0dbg1 G0=[-0.355 0.246 -0.004 0.180 -0.984] nu_des=[0.00 -0.79 0.05 -0.24 0.20]
INFO  [mc_indi_tiltrotor] T0dbg2 Ws34=[0.1 20.0] Wu0=1.0 du0=-0.5730 dmin0=-16.7595 dmax0=28.2405
INFO  [mc_indi_tiltrotor] T2dbg1 G2=[-0.000 -0.550 0.060 0.003 -1.000] G5=[-0.964 -1.101 -0.003 16.072 0.043]
INFO  [mc_indi_tiltrotor] T2dbg2 Wu25=[1.0 1000000.0] du25=[0.9080 0.0045] dmax25=[28.9280 0.0045] nu_yaw=0.052
INFO  [mc_indi_tiltrotor] WRdbg0 Wu0=1 lo0=-16.76 du0=-0.5730 pin0=-0.009 a0=[-0.007 -0.488 -0.000 -0.000 -0.069]
INFO  [mc_indi_tiltrotor] WRdbg1 Wu1=1 lo1=-17.10 du1=-0.5623 pin1=-0.004 a1=[0.006 -0.495 -0.000 -0.000 -0.070]
INFO  [mc_indi_tiltrotor] T0dbg1 G0=[-0.355 0.245 -0.005 0.183 -0.983] nu_des=[0.00 -0.04 0.03 -0.54 0.03]
INFO  [mc_indi_tiltrotor] T0dbg2 Ws34=[0.1 20.0] Wu0=1.0 du0=-0.0103 dmin0=-16.4421 dmax0=28.5579
INFO  [mc_indi_tiltrotor] T2dbg1 G2=[-0.000 -0.550 0.060 0.004 -1.000] G5=[-0.973 -1.100 -0.004 16.218 0.064]
INFO  [mc_indi_tiltrotor] T2dbg2 Wu25=[1.0 9.0] du25=[0.0131 0.0002] dmax25=[28.7815 0.0020] nu_yaw=0.029
INFO  [mc_indi_tiltrotor] WRdbg0 Wu0=1 lo0=-16.44 du0=-0.0103 pin0=0.000 a0=[-0.004 0.004 0.001 -0.003 -0.007]
INFO  [mc_indi_tiltrotor] WRdbg1 Wu1=1 lo1=-16.78 du1=-0.0189 pin1=0.000 a1=[0.006 -0.009 -0.005 -0.002 -0.009]
INFO  [mc_indi_tiltrotor] YWdbg nu2=-0.034 ach2=0.053 r=-0.04 wsp2=0.04 ddelta=[-0.0012 0.0006 0.0058]
INFO  [mc_indi_tiltrotor] T0dbg1 G0=[-0.355 0.247 -0.000 0.170 -0.985] nu_des=[-0.01 -0.00 -0.03 -0.11 0.02]
INFO  [mc_indi_tiltrotor] T0dbg2 Ws34=[0.1 20.0] Wu0=1.0 du0=-0.0005 dmin0=-16.3121 dmax0=28.6879
INFO  [mc_indi_tiltrotor] T2dbg1 G2=[-0.000 -0.550 0.060 0.003 -1.000] G5=[-0.965 -1.100 -0.003 16.077 0.046]
INFO  [mc_indi_tiltrotor] T2dbg2 Wu25=[1.0 9.0] du25=[-0.0060 0.0002] dmax25=[28.9228 0.0020] nu_yaw=-0.028
INFO  [mc_indi_tiltrotor] WRdbg0 Wu0=1 lo0=-16.31 du0=-0.0005 pin0=0.000 a0=[0.007 0.000 -0.001 -0.001 -0.006]
INFO  [mc_indi_tiltrotor] WRdbg1 Wu1=1 lo1=-16.56 du1=-0.0120 pin1=0.000 a1=[-0.009 -0.000 0.006 -0.000 -0.008]
INFO  [mc_indi_tiltrotor] T0dbg1 G0=[-0.355 0.245 -0.006 0.186 -0.983] nu_des=[0.00 0.01 -0.01 -0.52 -0.01]
INFO  [mc_indi_tiltrotor] T0dbg2 Ws34=[0.1 20.0] Wu0=1.0 du0=-0.0057 dmin0=-16.1441 dmax0=28.8559
INFO  [mc_indi_tiltrotor] T2dbg1 G2=[-0.000 -0.550 0.060 0.003 -1.000] G5=[-0.953 -1.084 -0.003 15.891 0.053]
INFO  [mc_indi_tiltrotor] T2dbg2 Wu25=[1.0 9.0] du25=[-0.0009 -0.0005] dmax25=[29.1087 0.0013] nu_yaw=-0.010
INFO  [mc_indi_tiltrotor] WRdbg0 Wu0=1 lo0=-16.14 du0=-0.0057 pin0=0.000 a0=[-0.003 -0.001 -0.000 -0.003 0.002]
INFO  [mc_indi_tiltrotor] WRdbg1 Wu1=1 lo1=-16.39 du1=0.0087 pin1=0.000 a1=[0.004 0.002 0.002 -0.002 0.002]
INFO  [mc_indi_tiltrotor] YWdbg nu2=-0.012 ach2=-0.012 r=0.03 wsp2=0.01 ddelta=[0.0003 -0.0018 0.0000]
INFO  [mc_indi_tiltrotor] T0dbg1 G0=[-0.355 0.246 -0.003 0.178 -0.984] nu_des=[-0.01 -0.99 0.07 -0.23 0.32]
INFO  [mc_indi_tiltrotor] T0dbg2 Ws34=[0.1 20.0] Wu0=1.0 du0=-0.7395 dmin0=-16.4566 dmax0=28.5434
INFO  [mc_indi_tiltrotor] T2dbg1 G2=[-0.000 -0.550 0.060 0.002 -1.000] G5=[-0.936 -1.073 -0.002 15.601 0.034]
INFO  [mc_indi_tiltrotor] T2dbg2 Wu25=[1.0 1000000.0] du25=[1.1407 0.0032] dmax25=[29.3990 0.0032] nu_yaw=0.075
INFO  [mc_indi_tiltrotor] WRdbg0 Wu0=1 lo0=-16.46 du0=-0.7395 pin0=-0.029 a0=[0.009 -0.613 -0.000 -0.000 -0.107]
INFO  [mc_indi_tiltrotor] WRdbg1 Wu1=1 lo1=-16.76 du1=-0.7476 pin1=-0.010 a1=[-0.009 -0.620 -0.000 -0.000 -0.109]
INFO  [mc_indi_tiltrotor] T0dbg1 G0=[-0.355 0.247 -0.002 0.175 -0.985] nu_des=[-0.00 0.00 0.00 -0.20 -0.00]
INFO  [mc_indi_tiltrotor] T0dbg2 Ws34=[0.1 20.0] Wu0=1.0 du0=0.0031 dmin0=-16.2786 dmax0=28.7214
INFO  [mc_indi_tiltrotor] T2dbg1 G2=[-0.000 -0.550 0.060 0.002 -1.000] G5=[-0.962 -1.101 -0.002 16.027 0.039]
INFO  [mc_indi_tiltrotor] T2dbg2 Wu25=[1.0 9.0] du25=[0.0015 0.0001] dmax25=[28.9728 0.0015] nu_yaw=0.004
INFO  [mc_indi_tiltrotor] WRdbg0 Wu0=1 lo0=-16.28 du0=0.0031 pin0=0.000 a0=[0.004 -0.000 0.000 -0.001 0.001]
INFO  [mc_indi_tiltrotor] WRdbg1 Wu1=1 lo1=-16.60 du1=-0.0049 pin1=0.000 a1=[-0.005 0.000 -0.001 -0.001 0.001]
INFO  [mc_indi_tiltrotor] YWdbg nu2=0.018 ach2=0.017 r=-0.01 wsp2=0.00 ddelta=[-0.0006 0.0024 -0.0001]
INFO  [mc_indi_tiltrotor] T0dbg1 G0=[-0.355 0.247 -0.001 0.173 -0.985] nu_des=[-0.00 0.00 0.01 -0.19 0.00]
INFO  [mc_indi_tiltrotor] T0dbg2 Ws34=[0.1 20.0] Wu0=1.0 du0=0.0004 dmin0=-16.1935 dmax0=28.8065
INFO  [mc_indi_tiltrotor] T2dbg1 G2=[-0.000 -0.550 0.060 0.002 -1.000] G5=[-0.955 -1.094 -0.002 15.912 0.035]
INFO  [mc_indi_tiltrotor] T2dbg2 Wu25=[1.0 9.0] du25=[-0.0007 0.0001] dmax25=[29.0880 0.0021] nu_yaw=0.014
INFO  [mc_indi_tiltrotor] WRdbg0 Wu0=1 lo0=-16.19 du0=0.0004 pin0=0.000 a0=[0.002 -0.000 0.000 -0.001 -0.001]
INFO  [mc_indi_tiltrotor] WRdbg1 Wu1=1 lo1=-16.47 du1=-0.0066 pin1=0.000 a1=[-0.003 0.000 -0.003 -0.001 -0.001]
INFO  [mc_indi_tiltrotor] T0dbg1 G0=[-0.355 0.248 0.001 0.167 -0.986] nu_des=[-0.00 -0.00 0.01 -0.12 0.01]
INFO  [mc_indi_tiltrotor] T0dbg2 Ws34=[0.1 20.0] Wu0=1.0 du0=-0.0021 dmin0=-16.2630 dmax0=28.7370
INFO  [mc_indi_tiltrotor] T2dbg1 G2=[-0.000 -0.550 0.060 0.002 -1.000] G5=[-0.958 -1.100 -0.002 15.965 0.032]
INFO  [mc_indi_tiltrotor] T2dbg2 Wu25=[1.0 9.0] du25=[-0.0006 0.0000] dmax25=[29.0352 0.0016] nu_yaw=0.010
INFO  [mc_indi_tiltrotor] WRdbg0 Wu0=1 lo0=-16.26 du0=-0.0021 pin0=0.000 a0=[0.000 0.000 0.000 -0.001 -0.002]
INFO  [mc_indi_tiltrotor] WRdbg1 Wu1=1 lo1=-16.55 du1=-0.0057 pin1=0.000 a1=[-0.000 -0.001 -0.002 -0.000 -0.002]
INFO  [mc_indi_tiltrotor] YWdbg nu2=-0.026 ach2=-0.011 r=0.01 wsp2=0.00 ddelta=[-0.0120 -0.0120 -0.0025]
INFO  [mc_indi_tiltrotor] T0dbg1 G0=[-0.355 0.247 -0.000 0.170 -0.985] nu_des=[0.00 -0.06 0.03 -0.08 0.14]
INFO  [mc_indi_tiltrotor] T0dbg2 Ws34=[0.1 20.0] Wu0=1.0 du0=-0.0862 dmin0=-16.5642 dmax0=28.4358
INFO  [mc_indi_tiltrotor] T2dbg1 G2=[-0.000 -0.550 0.060 0.003 -1.000] G5=[-0.950 -1.078 -0.003 15.835 0.054]
INFO  [mc_indi_tiltrotor] T2dbg2 Wu25=[1.0 9.0] du25=[0.0262 0.0012] dmax25=[29.1651 0.0021] nu_yaw=0.029
INFO  [mc_indi_tiltrotor] WRdbg0 Wu0=1 lo0=-16.56 du0=-0.0862 pin0=0.008 a0=[-0.005 -0.041 0.000 0.000 -0.048]
INFO  [mc_indi_tiltrotor] WRdbg1 Wu1=1 lo1=-16.83 du1=-0.0796 pin1=0.003 a1=[0.004 -0.037 -0.001 -0.000 -0.049]
INFO  [mc_indi_tiltrotor] T0dbg1 G0=[-0.355 0.246 -0.002 0.176 -0.984] nu_des=[-0.00 0.00 0.01 -0.27 0.02]
INFO  [mc_indi_tiltrotor] T0dbg2 Ws34=[0.1 20.0] Wu0=1.0 du0=-0.0034 dmin0=-16.3450 dmax0=28.6550
INFO  [mc_indi_tiltrotor] T2dbg1 G2=[-0.000 -0.550 0.060 0.003 -1.000] G5=[-0.964 -1.094 -0.003 16.067 0.055]
INFO  [mc_indi_tiltrotor] T2dbg2 Wu25=[1.0 9.0] du25=[-0.0089 0.0000] dmax25=[28.9328 0.0017] nu_yaw=0.009
INFO  [mc_indi_tiltrotor] WRdbg0 Wu0=1 lo0=-16.34 du0=-0.0034 pin0=0.000 a0=[0.003 -0.000 0.000 -0.001 -0.005]
INFO  [mc_indi_tiltrotor] WRdbg1 Wu1=1 lo1=-16.65 du1=-0.0123 pin1=0.000 a1=[-0.005 0.001 -0.002 -0.001 -0.006]
INFO  [mc_indi_tiltrotor] YWdbg nu2=0.012 ach2=0.012 r=-0.00 wsp2=0.00 ddelta=[0.0011 0.0030 -0.0000]
INFO  [mc_indi_tiltrotor] T0dbg1 G0=[-0.355 0.247 -0.001 0.172 -0.985] nu_des=[-0.02 -0.00 0.01 -0.24 0.00]
INFO  [mc_indi_tiltrotor] T0dbg2 Ws34=[0.1 20.0] Wu0=1.0 du0=0.0166 dmin0=-16.2708 dmax0=28.7292
INFO  [mc_indi_tiltrotor] T2dbg1 G2=[-0.000 -0.550 0.060 0.003 -1.000] G5=[-0.960 -1.092 -0.003 16.005 0.051]
INFO  [mc_indi_tiltrotor] T2dbg2 Wu25=[1.0 9.0] du25=[0.0060 0.0008] dmax25=[28.9950 0.0024] nu_yaw=0.009
INFO  [mc_indi_tiltrotor] WRdbg0 Wu0=1 lo0=-16.27 du0=0.0166 pin0=0.000 a0=[0.018 0.000 0.000 -0.001 -0.000]
INFO  [mc_indi_tiltrotor] WRdbg1 Wu1=1 lo1=-16.54 du1=-0.0273 pin1=0.000 a1=[-0.023 -0.001 -0.002 -0.001 -0.000]
INFO  [mc_indi_tiltrotor] T0dbg1 G0=[-0.355 0.248 0.001 0.167 -0.986] nu_des=[0.00 0.58 -0.02 -0.04 0.29]
INFO  [mc_indi_tiltrotor] T0dbg2 Ws34=[0.1 20.0] Wu0=1.0 du0=0.2635 dmin0=-16.4164 dmax0=28.5836
INFO  [mc_indi_tiltrotor] T2dbg1 G2=[-0.000 -0.550 0.060 0.004 -1.000] G5=[-0.968 -1.092 -0.004 16.134 0.068]
INFO  [mc_indi_tiltrotor] T2dbg2 Wu25=[1.0 1000000.0] du25=[-0.8075 -0.0042] dmax25=[28.8654 -0.0021] nu_yaw=-0.022
INFO  [mc_indi_tiltrotor] WRdbg0 Wu0=1 lo0=-16.42 du0=0.2635 pin0=0.008 a0=[-0.003 0.358 -0.000 -0.000 -0.099]
INFO  [mc_indi_tiltrotor] WRdbg1 Wu1=1 lo1=-16.56 du1=0.2640 pin1=-0.001 a1=[0.003 0.362 0.000 -0.000 -0.100]
INFO  [mc_indi_tiltrotor] YWdbg nu2=-0.016 ach2=-0.016 r=0.03 wsp2=-0.02 ddelta=[0.0074 0.0046 0.0001]
INFO  [mc_indi_tiltrotor] T0dbg1 G0=[-0.355 0.246 -0.003 0.176 -0.984] nu_des=[0.00 0.06 -0.01 -0.17 0.03]
INFO  [mc_indi_tiltrotor] T0dbg2 Ws34=[0.1 20.0] Wu0=1.0 du0=-0.0172 dmin0=-16.4062 dmax0=28.5938
INFO  [mc_indi_tiltrotor] T2dbg1 G2=[-0.000 -0.550 0.060 0.004 -1.000] G5=[-0.956 -1.083 -0.004 15.932 0.059]
INFO  [mc_indi_tiltrotor] T2dbg2 Wu25=[1.0 1000000.0] du25=[-0.0463 -0.0004] dmax25=[29.0682 -0.0004] nu_yaw=-0.010
INFO  [mc_indi_tiltrotor] WRdbg0 Wu0=1 lo0=-16.41 du0=-0.0172 pin0=-0.044 a0=[-0.002 0.038 0.000 -0.000 -0.009]
INFO  [mc_indi_tiltrotor] WRdbg1 Wu1=1 lo1=-16.65 du1=0.0053 pin1=-0.026 a1=[0.002 0.038 0.000 -0.000 -0.010]
INFO  [mc_indi_tiltrotor] T0dbg1 G0=[-0.355 0.249 0.004 0.159 -0.987] nu_des=[-0.00 0.03 0.02 0.23 0.10]
INFO  [mc_indi_tiltrotor] T0dbg2 Ws34=[0.1 20.0] Wu0=1.0 du0=-0.0257 dmin0=-16.3107 dmax0=28.6893
INFO  [mc_indi_tiltrotor] T2dbg1 G2=[-0.000 -0.550 0.060 0.003 -1.000] G5=[-0.921 -1.051 -0.003 15.350 0.042]
INFO  [mc_indi_tiltrotor] T2dbg2 Wu25=[1.0 9.0] du25=[-0.0590 -0.0004] dmax25=[29.6503 0.0013] nu_yaw=0.023
INFO  [mc_indi_tiltrotor] WRdbg0 Wu0=1 lo0=-16.31 du0=-0.0257 pin0=0.000 a0=[0.000 -0.002 0.001 0.001 -0.026]
INFO  [mc_indi_tiltrotor] WRdbg1 Wu1=1 lo1=-16.71 du1=-0.0256 pin1=0.000 a1=[-0.000 0.009 -0.005 0.001 -0.030]
INFO  [mc_indi_tiltrotor] YWdbg nu2=0.012 ach2=0.001 r=-0.03 wsp2=-0.02 ddelta=[-0.0006 0.0012 -0.0027]
INFO  [mc_indi_tiltrotor] T0dbg1 G0=[-0.355 0.246 -0.003 0.179 -0.984] nu_des=[0.01 0.36 -0.00 -0.42 0.25]
INFO  [mc_indi_tiltrotor] T0dbg2 Ws34=[0.1 20.0] Wu0=1.0 du0=0.1373 dmin0=-15.7870 dmax0=29.2130
INFO  [mc_indi_tiltrotor] T2dbg1 G2=[-0.000 -0.550 0.060 0.004 -1.000] G5=[-0.894 -1.012 -0.003 14.908 0.058]
INFO  [mc_indi_tiltrotor] T2dbg2 Wu25=[1.0 1000000.0] du25=[-0.5205 -0.0039] dmax25=[30.0917 -0.0022] nu_yaw=-0.001
INFO  [mc_indi_tiltrotor] WRdbg0 Wu0=1 lo0=-15.79 du0=0.1373 pin0=0.009 a0=[-0.008 0.221 -0.000 -0.000 -0.085]
INFO  [mc_indi_tiltrotor] WRdbg1 Wu1=1 lo1=-16.05 du1=0.1413 pin1=-0.004 a1=[0.008 0.223 0.000 -0.000 -0.085]
INFO  [mc_indi_tiltrotor] T0dbg1 G0=[-0.355 0.247 -0.001 0.172 -0.985] nu_des=[-0.01 0.03 -0.02 -0.34 0.00]
INFO  [mc_indi_tiltrotor] T0dbg2 Ws34=[0.1 20.0] Wu0=1.0 du0=0.0313 dmin0=-16.4346 dmax0=28.5654
INFO  [mc_indi_tiltrotor] T2dbg1 G2=[-0.000 -0.550 0.060 0.004 -1.000] G5=[-0.943 -1.069 -0.003 15.709 0.056]
INFO  [mc_indi_tiltrotor] T2dbg2 Wu25=[1.0 9.0] du25=[-0.0297 -0.0003] dmax25=[29.2914 0.0033] nu_yaw=-0.021
INFO  [mc_indi_tiltrotor] WRdbg0 Wu0=1 lo0=-16.43 du0=0.0313 pin0=-0.003 a0=[0.019 0.016 -0.000 0.000 -0.001]
INFO  [mc_indi_tiltrotor] WRdbg1 Wu1=1 lo1=-16.58 du1=-0.0029 pin1=0.002 a1=[-0.018 0.014 0.001 -0.000 -0.001]
INFO  [mc_indi_tiltrotor] YWdbg nu2=-0.014 ach2=0.029 r=0.01 wsp2=0.01 ddelta=[-0.0030 -0.0037 0.0066]
INFO  [mc_indi_tiltrotor] T0dbg1 G0=[-0.355 0.247 -0.001 0.172 -0.985] nu_des=[0.01 -0.07 -0.03 -0.36 0.03]
INFO  [mc_indi_tiltrotor] T0dbg2 Ws34=[0.1 20.0] Wu0=1.0 du0=-0.0423 dmin0=-17.2119 dmax0=27.7881
INFO  [mc_indi_tiltrotor] T2dbg1 G2=[-0.000 -0.550 0.060 0.004 -1.000] G5=[-0.992 -1.122 -0.004 16.534 0.064]
INFO  [mc_indi_tiltrotor] T2dbg2 Wu25=[1.0 9.0] du25=[0.0573 0.0012] dmax25=[28.4656 0.0027] nu_yaw=-0.032
INFO  [mc_indi_tiltrotor] WRdbg0 Wu0=1 lo0=-17.21 du0=-0.0423 pin0=0.027 a0=[-0.012 -0.047 -0.000 0.000 -0.010]
INFO  [mc_indi_tiltrotor] WRdbg1 Wu1=1 lo1=-17.41 du1=-0.0238 pin1=0.015 a1=[0.011 -0.041 0.001 -0.000 -0.010]
INFO  [mc_indi_tiltrotor] T0dbg1 G0=[-0.355 0.248 0.001 0.167 -0.986] nu_des=[-0.00 0.04 -0.01 -0.10 0.05]
INFO  [mc_indi_tiltrotor] T0dbg2 Ws34=[0.1 20.0] Wu0=1.0 du0=-0.0049 dmin0=-17.3013 dmax0=27.6987
INFO  [mc_indi_tiltrotor] T2dbg1 G2=[-0.000 -0.550 0.060 0.002 -1.000] G5=[-0.992 -1.136 -0.002 16.527 0.038]
INFO  [mc_indi_tiltrotor] T2dbg2 Wu25=[1.0 9.0] du25=[-0.0454 -0.0007] dmax25=[28.4728 0.0011] nu_yaw=-0.013
INFO  [mc_indi_tiltrotor] WRdbg0 Wu0=1 lo0=-17.30 du0=-0.0049 pin0=-0.019 a0=[0.004 0.021 0.005 0.000 -0.015]
INFO  [mc_indi_tiltrotor] WRdbg1 Wu1=1 lo1=-17.62 du1=-0.0035 pin1=-0.007 a1=[-0.004 0.019 0.005 -0.000 -0.016]
INFO  [mc_indi_tiltrotor] YWdbg nu2=0.002 ach2=0.001 r=0.01 wsp2=-0.03 ddelta=[0.0012 0.0014 -0.0001]
INFO  [mc_indi_tiltrotor] T0dbg1 G0=[-0.355 0.249 0.004 0.158 -0.987] nu_des=[-0.01 -0.16 -0.01 0.10 0.10]
INFO  [mc_indi_tiltrotor] T0dbg2 Ws34=[0.1 20.0] Wu0=1.0 du0=-0.1347 dmin0=-17.4457 dmax0=27.5543
INFO  [mc_indi_tiltrotor] T2dbg1 G2=[-0.000 -0.550 0.060 0.001 -1.000] G5=[-0.942 -1.088 -0.001 15.697 0.020]
INFO  [mc_indi_tiltrotor] T2dbg2 Wu25=[1.0 1000000.0] du25=[0.1742 0.0023] dmax25=[29.3025 0.0023] nu_yaw=-0.010
INFO  [mc_indi_tiltrotor] WRdbg0 Wu0=1 lo0=-17.45 du0=-0.1347 pin0=-0.019 a0=[0.014 -0.096 -0.000 0.000 -0.034]
INFO  [mc_indi_tiltrotor] WRdbg1 Wu1=1 lo1=-17.74 du1=-0.1635 pin1=-0.018 a1=[-0.014 -0.098 0.000 0.000 -0.034]
INFO  [mc_indi_tiltrotor] T0dbg1 G0=[-0.355 0.249 0.003 0.160 -0.987] nu_des=[-0.01 -0.18 -0.04 0.17 -0.18]
INFO  [mc_indi_tiltrotor] T0dbg2 Ws34=[0.1 20.0] Wu0=1.0 du0=-0.0405 dmin0=-16.1521 dmax0=28.8479
INFO  [mc_indi_tiltrotor] T2dbg1 G2=[-0.000 -0.550 0.060 0.004 -1.000] G5=[-0.913 -1.035 -0.003 15.215 0.054]
INFO  [mc_indi_tiltrotor] T2dbg2 Wu25=[1.0 1000000.0] du25=[0.2705 0.0054] dmax25=[29.7849 0.0054] nu_yaw=-0.044
INFO  [mc_indi_tiltrotor] WRdbg0 Wu0=1 lo0=-16.15 du0=-0.0405 pin0=-0.001 a0=[0.010 -0.110 -0.000 0.000 0.062]
INFO  [mc_indi_tiltrotor] WRdbg1 Wu1=1 lo1=-16.34 du1=-0.0514 pin1=0.007 a1=[-0.009 -0.112 0.000 0.000 0.062]
INFO  [mc_indi_tiltrotor] YWdbg nu2=-0.042 ach2=-0.041 r=0.03 wsp2=-0.03 ddelta=[0.0084 0.0056 -0.0035]
INFO  [mc_indi_tiltrotor] T0dbg1 G0=[-0.355 0.247 -0.001 0.171 -0.985] nu_des=[-0.01 -0.00 -0.02 -0.24 -0.02]
INFO  [mc_indi_tiltrotor] T0dbg2 Ws34=[0.1 20.0] Wu0=1.0 du0=0.0156 dmin0=-17.4756 dmax0=27.5244
INFO  [mc_indi_tiltrotor] T2dbg1 G2=[-0.000 -0.550 0.060 0.004 -1.000] G5=[-1.011 -1.138 -0.005 16.853 0.075]
INFO  [mc_indi_tiltrotor] T2dbg2 Wu25=[1.0 9.0] du25=[0.0130 0.0004] dmax25=[28.1472 0.0020] nu_yaw=-0.022
INFO  [mc_indi_tiltrotor] WRdbg0 Wu0=1 lo0=-17.48 du0=0.0156 pin0=0.000 a0=[0.012 0.000 -0.001 -0.001 0.005]
INFO  [mc_indi_tiltrotor] WRdbg1 Wu1=1 lo1=-17.72 du1=-0.0061 pin1=0.000 a1=[-0.016 -0.000 0.004 -0.001 0.007]
INFO  [mc_indi_tiltrotor] T0dbg1 G0=[-0.355 0.247 -0.002 0.174 -0.985] nu_des=[0.01 -0.43 -0.04 -0.29 0.12]
INFO  [mc_indi_tiltrotor] T0dbg2 Ws34=[0.1 20.0] Wu0=1.0 du0=-0.2567 dmin0=-17.4881 dmax0=27.5119
INFO  [mc_indi_tiltrotor] T2dbg1 G2=[-0.000 -0.550 0.060 0.004 -1.000] G5=[-1.031 -1.161 -0.005 17.192 0.077]
INFO  [mc_indi_tiltrotor] T2dbg2 Wu25=[1.0 1000000.0] du25=[0.4212 0.0084] dmax25=[27.8082 0.0084] nu_yaw=-0.039
INFO  [mc_indi_tiltrotor] WRdbg0 Wu0=1 lo0=-17.49 du0=-0.2567 pin0=0.057 a0=[-0.009 -0.264 0.000 -0.000 -0.041]
INFO  [mc_indi_tiltrotor] WRdbg1 Wu1=1 lo1=-17.76 du1=-0.2512 pin1=0.048 a1=[0.009 -0.267 0.000 -0.000 -0.042]
INFO  [mc_indi_tiltrotor] YWdbg nu2=-0.011 ach2=-0.114 r=0.00 wsp2=-0.05 ddelta=[0.0066 0.0039 -0.0049]
INFO  [mc_indi_tiltrotor] T0dbg1 G0=[-0.355 0.247 -0.001 0.172 -0.985] nu_des=[-0.00 0.01 0.02 -0.12 -0.36]
INFO  [mc_indi_tiltrotor] T0dbg2 Ws34=[0.1 20.0] Wu0=1.0 du0=0.1028 dmin0=-16.4042 dmax0=28.5958
INFO  [mc_indi_tiltrotor] T2dbg1 G2=[-0.000 -0.550 0.060 0.004 -1.000] G5=[-0.938 -1.061 -0.004 15.627 0.060]
INFO  [mc_indi_tiltrotor] T2dbg2 Wu25=[1.0 9.0] du25=[0.1299 0.0002] dmax25=[29.3725 0.0017] nu_yaw=0.016
INFO  [mc_indi_tiltrotor] WRdbg0 Wu0=1 lo0=-16.40 du0=0.1028 pin0=-0.026 a0=[0.001 0.004 0.000 0.000 0.123]
INFO  [mc_indi_tiltrotor] WRdbg1 Wu1=1 lo1=-16.62 du1=0.1117 pin1=-0.014 a1=[-0.001 0.004 -0.001 -0.000 0.124]
INFO  [mc_indi_tiltrotor] T0dbg1 G0=[-0.355 0.248 0.002 0.164 -0.987] nu_des=[0.01 -0.01 -0.02 -0.11 -0.02]
INFO  [mc_indi_tiltrotor] T0dbg2 Ws34=[0.1 20.0] Wu0=1.0 du0=-0.0014 dmin0=-17.8915 dmax0=27.1085
INFO  [mc_indi_tiltrotor] T2dbg1 G2=[-0.000 -0.550 0.060 0.004 -1.000] G5=[-1.015 -1.148 -0.004 16.922 0.067]
INFO  [mc_indi_tiltrotor] T2dbg2 Wu25=[1.0 9.0] du25=[0.0155 -0.0002] dmax25=[28.0782 0.0015] nu_yaw=-0.018
INFO  [mc_indi_tiltrotor] WRdbg0 Wu0=1 lo0=-17.89 du0=-0.0014 pin0=0.000 a0=[-0.007 0.001 -0.001 -0.001 0.005]
INFO  [mc_indi_tiltrotor] WRdbg1 Wu1=1 lo1=-18.12 du1=0.0149 pin1=0.000 a1=[0.009 -0.004 0.004 -0.000 0.006]
INFO  [mc_indi_tiltrotor] YWdbg nu2=-0.019 ach2=-0.017 r=-0.00 wsp2=-0.01 ddelta=[0.0023 -0.0004 0.0000]
INFO  [mc_indi_tiltrotor] T0dbg1 G0=[-0.355 0.248 0.001 0.166 -0.986] nu_des=[0.01 -0.03 -0.00 -0.20 0.05]
INFO  [mc_indi_tiltrotor] T0dbg2 Ws34=[0.1 20.0] Wu0=1.0 du0=-0.0179 dmin0=-17.7282 dmax0=27.2718
INFO  [mc_indi_tiltrotor] T2dbg1 G2=[-0.000 -0.550 0.060 0.004 -1.000] G5=[-0.995 -1.128 -0.004 16.591 0.060]
INFO  [mc_indi_tiltrotor] T2dbg2 Wu25=[1.0 9.0] du25=[-0.0024 -0.0000] dmax25=[28.4086 0.0018] nu_yaw=-0.005
INFO  [mc_indi_tiltrotor] WRdbg0 Wu0=1 lo0=-17.73 du0=-0.0179 pin0=0.000 a0=[-0.006 0.003 -0.000 -0.001 -0.013]
INFO  [mc_indi_tiltrotor] WRdbg1 Wu1=1 lo1=-17.99 du1=-0.0143 pin1=0.000 a1=[0.008 -0.007 0.001 -0.001 -0.016]
INFO  [mc_indi_tiltrotor] T0dbg1 G0=[-0.355 0.247 -0.001 0.171 -0.985] nu_des=[-0.02 -0.00 -0.00 -0.25 -0.13]
INFO  [mc_indi_tiltrotor] T0dbg2 Ws34=[0.1 20.0] Wu0=1.0 du0=0.0305 dmin0=-16.5335 dmax0=28.4665
INFO  [mc_indi_tiltrotor] T2dbg1 G2=[-0.000 -0.550 0.060 0.004 -1.000] G5=[-0.935 -1.057 -0.004 15.584 0.062]
INFO  [mc_indi_tiltrotor] T2dbg2 Wu25=[1.0 9.0] du25=[0.0741 0.0014] dmax25=[29.4155 0.0028] nu_yaw=-0.004
INFO  [mc_indi_tiltrotor] WRdbg0 Wu0=1 lo0=-16.53 du0=0.0305 pin0=-0.034 a0=[0.024 -0.003 -0.000 0.000 0.044]
INFO  [mc_indi_tiltrotor] WRdbg1 Wu1=1 lo1=-16.77 du1=0.0039 pin1=-0.015 a1=[-0.022 -0.002 0.000 -0.000 0.044]
INFO  [mc_indi_tiltrotor] YWdbg nu2=-0.007 ach2=-0.005 r=-0.01 wsp2=0.01 ddelta=[-0.0042 -0.0051 0.0001]
INFO  [mc_indi_tiltrotor] T0dbg1 G0=[-0.355 0.248 0.001 0.166 -0.986] nu_des=[0.00 -0.24 0.00 -0.29 0.10]
INFO  [mc_indi_tiltrotor] T0dbg2 Ws34=[0.1 20.0] Wu0=1.0 du0=-0.1243 dmin0=-17.6407 dmax0=27.3593
INFO  [mc_indi_tiltrotor] T2dbg1 G2=[-0.000 -0.550 0.060 0.005 -1.000] G5=[-1.025 -1.149 -0.005 17.077 0.084]
INFO  [mc_indi_tiltrotor] T2dbg2 Wu25=[1.0 9.0] du25=[0.1996 0.0059] dmax25=[27.9230 0.0062] nu_yaw=0.001
INFO  [mc_indi_tiltrotor] WRdbg0 Wu0=1 lo0=-17.64 du0=-0.1243 pin0=0.066 a0=[-0.004 -0.154 0.000 0.000 -0.033]
INFO  [mc_indi_tiltrotor] WRdbg1 Wu1=1 lo1=-17.85 du1=-0.1353 pin1=0.028 a1=[0.003 -0.134 -0.000 -0.000 -0.033]
INFO  [mc_indi_tiltrotor] T0dbg1 G0=[-0.355 0.248 0.000 0.168 -0.986] nu_des=[-0.00 0.05 -0.02 -0.27 0.06]
INFO  [mc_indi_tiltrotor] T0dbg2 Ws34=[0.1 20.0] Wu0=1.0 du0=0.0002 dmin0=-17.7572 dmax0=27.2428
INFO  [mc_indi_tiltrotor] T2dbg1 G2=[-0.000 -0.550 0.060 0.003 -1.000] G5=[-1.019 -1.158 -0.003 16.978 0.056]
INFO  [mc_indi_tiltrotor] T2dbg2 Wu25=[1.0 9.0] du25=[-0.0594 -0.0006] dmax25=[28.0217 0.0009] nu_yaw=-0.019
INFO  [mc_indi_tiltrotor] WRdbg0 Wu0=1 lo0=-17.76 du0=0.0002 pin0=-0.017 a0=[0.007 0.029 -0.000 0.000 -0.019]
INFO  [mc_indi_tiltrotor] WRdbg1 Wu1=1 lo1=-17.99 du1=-0.0063 pin1=-0.007 a1=[-0.006 0.026 0.001 -0.000 -0.019]
INFO  [mc_indi_tiltrotor] YWdbg nu2=-0.011 ach2=-0.011 r=0.02 wsp2=-0.03 ddelta=[0.0013 -0.0004 -0.0002]
INFO  [mc_indi_tiltrotor] T0dbg1 G0=[-0.355 0.248 0.001 0.165 -0.986] nu_des=[-0.01 0.01 -0.04 0.05 -0.34]
INFO  [mc_indi_tiltrotor] T0dbg2 Ws34=[0.1 20.0] Wu0=1.0 du0=0.1159 dmin0=-16.4833 dmax0=28.5167
INFO  [mc_indi_tiltrotor] T2dbg1 G2=[-0.000 -0.550 0.060 0.003 -1.000] G5=[-0.934 -1.063 -0.003 15.560 0.047]
INFO  [mc_indi_tiltrotor] T2dbg2 Wu25=[1.0 9.0] du25=[0.1112 0.0009] dmax25=[29.4398 0.0023] nu_yaw=-0.041
INFO  [mc_indi_tiltrotor] WRdbg0 Wu0=1 lo0=-16.48 du0=0.1159 pin0=-0.016 a0=[0.013 0.005 -0.001 -0.000 0.114]
INFO  [mc_indi_tiltrotor] WRdbg1 Wu1=1 lo1=-16.75 du1=0.1056 pin1=-0.005 a1=[-0.012 0.005 0.002 0.000 0.116]
INFO  [mc_indi_tiltrotor] T0dbg1 G0=[-0.355 0.248 0.001 0.165 -0.986] nu_des=[-0.02 0.01 -0.04 -0.21 0.02]
INFO  [mc_indi_tiltrotor] T0dbg2 Ws34=[0.1 20.0] Wu0=1.0 du0=0.0133 dmin0=-17.9078 dmax0=27.0922
INFO  [mc_indi_tiltrotor] T2dbg1 G2=[-0.000 -0.550 0.060 0.003 -1.000] G5=[-1.007 -1.144 -0.003 16.779 0.056]
INFO  [mc_indi_tiltrotor] T2dbg2 Wu25=[1.0 9.0] du25=[-0.0167 0.0002] dmax25=[28.2212 0.0024] nu_yaw=-0.044
INFO  [mc_indi_tiltrotor] WRdbg0 Wu0=1 lo0=-17.91 du0=0.0133 pin0=-0.007 a0=[0.021 0.008 -0.001 0.000 -0.008]
INFO  [mc_indi_tiltrotor] WRdbg1 Wu1=1 lo1=-18.20 du1=-0.0151 pin1=0.004 a1=[-0.019 0.007 0.002 -0.000 -0.008]
INFO  [mc_indi_tiltrotor] YWdbg nu2=0.051 ach2=0.008 r=-0.01 wsp2=-0.04 ddelta=[0.0120 0.0120 0.0008]
INFO  [mc_indi_tiltrotor] T0dbg1 G0=[-0.355 0.245 -0.007 0.188 -0.982] nu_des=[0.00 -0.08 0.03 -1.03 0.09]
INFO  [mc_indi_tiltrotor] T0dbg2 Ws34=[0.1 20.0] Wu0=1.0 du0=-0.0188 dmin0=-17.7875 dmax0=27.2125
INFO  [mc_indi_tiltrotor] T2dbg1 G2=[-0.000 -0.550 0.060 0.005 -1.000] G5=[-1.006 -1.131 -0.005 16.764 0.077]
INFO  [mc_indi_tiltrotor] T2dbg2 Wu25=[1.0 9.0] du25=[0.0162 0.0007] dmax25=[28.2354 0.0023] nu_yaw=0.026
INFO  [mc_indi_tiltrotor] WRdbg0 Wu0=1 lo0=-17.79 du0=-0.0188 pin0=0.065 a0=[-0.000 -0.043 -0.011 0.000 -0.029]
INFO  [mc_indi_tiltrotor] WRdbg1 Wu1=1 lo1=-18.03 du1=-0.0502 pin1=0.028 a1=[0.000 -0.038 -0.009 -0.001 -0.030]
INFO  [mc_indi_tiltrotor] T0dbg1 G0=[-0.355 0.245 -0.006 0.187 -0.982] nu_des=[-0.01 0.11 -0.01 -0.79 -0.07]
INFO  [mc_indi_tiltrotor] T0dbg2 Ws34=[0.1 20.0] Wu0=1.0 du0=0.0596 dmin0=-16.6202 dmax0=28.3798
INFO  [mc_indi_tiltrotor] T2dbg1 G2=[-0.000 -0.550 0.060 0.004 -1.000] G5=[-0.942 -1.069 -0.003 15.703 0.056]
INFO  [mc_indi_tiltrotor] T2dbg2 Wu25=[1.0 9.0] du25=[-0.0750 -0.0022] dmax25=[29.2968 -0.0001] nu_yaw=-0.006
INFO  [mc_indi_tiltrotor] WRdbg0 Wu0=1 lo0=-16.62 du0=0.0596 pin0=-0.042 a0=[0.007 0.070 -0.000 0.000 0.024]
INFO  [mc_indi_tiltrotor] WRdbg1 Wu1=1 lo1=-16.63 du1=0.0576 pin1=-0.021 a1=[-0.007 0.062 0.000 -0.001 0.024]
INFO  [mc_indi_tiltrotor] YWdbg nu2=-0.014 ach2=-0.014 r=-0.01 wsp2=0.01 ddelta=[-0.0120 -0.0120 -0.0029]
INFO  [mc_indi_tiltrotor] T0dbg1 G0=[-0.355 0.248 0.002 0.163 -0.987] nu_des=[-0.01 0.09 -0.05 -0.19 0.04]
INFO  [mc_indi_tiltrotor] T0dbg2 Ws34=[0.1 20.0] Wu0=1.0 du0=0.0352 dmin0=-17.7073 dmax0=27.2927
INFO  [mc_indi_tiltrotor] T2dbg1 G2=[-0.000 -0.550 0.060 0.003 -1.000] G5=[-1.032 -1.174 -0.003 17.205 0.055]
INFO  [mc_indi_tiltrotor] T2dbg2 Wu25=[1.0 9.0] du25=[-0.1043 -0.0012] dmax25=[27.7953 0.0005] nu_yaw=-0.054
INFO  [mc_indi_tiltrotor] WRdbg0 Wu0=1 lo0=-17.71 du0=0.0352 pin0=-0.020 a0=[0.011 0.058 -0.001 0.000 -0.013]
INFO  [mc_indi_tiltrotor] WRdbg1 Wu1=1 lo1=-17.85 du1=0.0219 pin1=-0.007 a1=[-0.010 0.050 0.003 -0.000 -0.013]
INFO  [mc_indi_tiltrotor] T0dbg1 G0=[-0.355 0.247 -0.000 0.170 -0.985] nu_des=[-0.01 0.08 0.01 -0.38 0.03]
INFO  [mc_indi_tiltrotor] T0dbg2 Ws34=[0.1 20.0] Wu0=1.0 du0=0.0020 dmin0=-17.7610 dmax0=27.2390
INFO  [mc_indi_tiltrotor] T2dbg1 G2=[-0.000 -0.550 0.060 0.003 -1.000] G5=[-1.024 -1.165 -0.003 17.068 0.053]
INFO  [mc_indi_tiltrotor] T2dbg2 Wu25=[1.0 9.0] du25=[-0.0641 -0.0010] dmax25=[27.9317 0.0010] nu_yaw=0.009
INFO  [mc_indi_tiltrotor] WRdbg0 Wu0=1 lo0=-17.76 du0=0.0020 pin0=-0.052 a0=[0.012 0.052 0.000 0.000 -0.011]
INFO  [mc_indi_tiltrotor] WRdbg1 Wu1=1 lo1=-18.11 du1=-0.0021 pin1=-0.024 a1=[-0.011 0.045 -0.000 -0.000 -0.011]
INFO  [mc_indi_tiltrotor] YWdbg nu2=-0.063 ach2=0.000 r=0.02 wsp2=-0.01 ddelta=[-0.0084 -0.0069 -0.0028]
INFO  [mc_indi_tiltrotor] T0dbg1 G0=[-0.355 0.248 0.001 0.167 -0.986] nu_des=[-0.00 0.33 -0.04 -0.10 0.05]
INFO  [mc_indi_tiltrotor] T0dbg2 Ws34=[0.1 20.0] Wu0=1.0 du0=0.1464 dmin0=-16.5905 dmax0=28.4095
INFO  [mc_indi_tiltrotor] T2dbg1 G2=[-0.000 -0.550 0.060 0.004 -1.000] G5=[-0.964 -1.091 -0.004 16.058 0.059]
INFO  [mc_indi_tiltrotor] T2dbg2 Wu25=[1.0 1000000.0] du25=[-0.3755 -0.0037] dmax25=[28.9415 -0.0020] nu_yaw=-0.045
INFO  [mc_indi_tiltrotor] WRdbg0 Wu0=1 lo0=-16.59 du0=0.1464 pin0=-0.051 a0=[0.006 0.207 -0.000 -0.000 -0.016]
INFO  [mc_indi_tiltrotor] WRdbg1 Wu1=1 lo1=-16.90 du1=0.1501 pin1=-0.037 a1=[-0.006 0.209 0.000 -0.000 -0.016]
INFO  [mc_indi_tiltrotor] T0dbg1 G0=[-0.355 0.248 0.002 0.163 -0.987] nu_des=[-0.00 -0.01 -0.00 -0.08 0.01]
INFO  [mc_indi_tiltrotor] T0dbg2 Ws34=[0.1 20.0] Wu0=1.0 du0=0.0006 dmin0=-17.7300 dmax0=27.2700
INFO  [mc_indi_tiltrotor] T2dbg1 G2=[-0.000 -0.550 0.060 0.004 -1.000] G5=[-1.009 -1.144 -0.004 16.808 0.059]
INFO  [mc_indi_tiltrotor] T2dbg2 Wu25=[1.0 9.0] du25=[0.0053 0.0002] dmax25=[28.1915 0.0019] nu_yaw=-0.003
INFO  [mc_indi_tiltrotor] WRdbg0 Wu0=1 lo0=-17.73 du0=0.0006 pin0=0.000 a0=[0.002 0.001 -0.000 -0.000 -0.002]
INFO  [mc_indi_tiltrotor] WRdbg1 Wu1=1 lo1=-17.97 du1=-0.0069 pin1=0.000 a1=[-0.002 -0.003 0.001 -0.000 -0.002]
INFO  [mc_indi_tiltrotor] YWdbg nu2=-0.009 ach2=-0.009 r=-0.00 wsp2=-0.03 ddelta=[0.0025 0.0010 0.0002]
INFO  [mc_indi_tiltrotor] T0dbg1 G0=[-0.355 0.247 -0.000 0.169 -0.986] nu_des=[0.00 -0.62 0.01 -0.27 0.35]
INFO  [mc_indi_tiltrotor] T0dbg2 Ws34=[0.1 20.0] Wu0=1.0 du0=-0.4909 dmin0=-17.6383 dmax0=27.3617
INFO  [mc_indi_tiltrotor] T2dbg1 G2=[-0.000 -0.550 0.060 0.004 -1.000] G5=[-1.030 -1.161 -0.004 17.168 0.073]
INFO  [mc_indi_tiltrotor] T2dbg2 Wu25=[1.0 1000000.0] du25=[0.6128 0.0103] dmax25=[27.8323 0.0103] nu_yaw=0.008
INFO  [mc_indi_tiltrotor] WRdbg0 Wu0=1 lo0=-17.64 du0=-0.4909 pin0=0.014 a0=[-0.005 -0.380 0.000 -0.000 -0.119]
INFO  [mc_indi_tiltrotor] WRdbg1 Wu1=1 lo1=-17.83 du1=-0.4825 pin1=0.018 a1=[0.005 -0.384 -0.000 -0.000 -0.121]
INFO  [mc_indi_tiltrotor] T0dbg1 G0=[-0.355 0.248 0.001 0.165 -0.986] nu_des=[-0.01 0.01 -0.02 -0.02 -0.37]
INFO  [mc_indi_tiltrotor] T0dbg2 Ws34=[0.1 20.0] Wu0=1.0 du0=0.1232 dmin0=-16.5856 dmax0=28.4144
INFO  [mc_indi_tiltrotor] T2dbg1 G2=[-0.000 -0.550 0.060 0.004 -1.000] G5=[-0.954 -1.078 -0.004 15.896 0.063]
INFO  [mc_indi_tiltrotor] T2dbg2 Wu25=[1.0 9.0] du25=[0.1293 0.0005] dmax25=[29.1041 0.0021] nu_yaw=-0.025
INFO  [mc_indi_tiltrotor] WRdbg0 Wu0=1 lo0=-16.59 du0=0.1232 pin0=-0.023 a0=[0.017 0.005 -0.000 0.000 0.125]
INFO  [mc_indi_tiltrotor] WRdbg1 Wu1=1 lo1=-16.79 du1=0.1098 pin1=-0.006 a1=[-0.015 0.004 0.001 -0.000 0.127]
INFO  [mc_indi_tiltrotor] YWdbg nu2=-0.022 ach2=-0.011 r=-0.00 wsp2=-0.01 ddelta=[-0.0013 -0.0031 0.0001]
INFO  [mc_indi_tiltrotor] T0dbg1 G0=[-0.355 0.248 0.000 0.168 -0.986] nu_des=[0.01 0.34 -0.05 -0.27 0.28]
INFO  [mc_indi_tiltrotor] T0dbg2 Ws34=[0.1 20.0] Wu0=1.0 du0=0.0687 dmin0=-17.9381 dmax0=27.0619
INFO  [mc_indi_tiltrotor] T2dbg1 G2=[-0.000 -0.550 0.060 0.004 -1.000] G5=[-1.033 -1.166 -0.004 17.218 0.071]
INFO  [mc_indi_tiltrotor] T2dbg2 Wu25=[1.0 1000000.0] du25=[-0.4696 -0.0041] dmax25=[27.7814 -0.0024] nu_yaw=-0.051
INFO  [mc_indi_tiltrotor] WRdbg0 Wu0=1 lo0=-17.94 du0=0.0687 pin0=-0.036 a0=[-0.008 0.210 -0.000 -0.000 -0.096]
INFO  [mc_indi_tiltrotor] WRdbg1 Wu1=1 lo1=-18.28 du1=0.0862 pin1=-0.036 a1=[0.008 0.212 0.000 -0.000 -0.098]
INFO  [mc_indi_tiltrotor] T0dbg1 G0=[-0.355 0.247 -0.002 0.174 -0.985] nu_des=[-0.00 0.40 0.03 -0.60 0.09]
INFO  [mc_indi_tiltrotor] T0dbg2 Ws34=[0.1 20.0] Wu0=1.0 du0=0.1591 dmin0=-17.9746 dmax0=27.0254
INFO  [mc_indi_tiltrotor] T2dbg1 G2=[-0.000 -0.550 0.060 0.005 -1.000] G5=[-1.010 -1.136 -0.005 16.828 0.076]
INFO  [mc_indi_tiltrotor] T2dbg2 Wu25=[1.0 1000000.0] du25=[-0.4581 -0.0045] dmax25=[28.1720 -0.0028] nu_yaw=0.025
INFO  [mc_indi_tiltrotor] WRdbg0 Wu0=1 lo0=-17.97 du0=0.1591 pin0=-0.065 a0=[0.005 0.249 0.000 -0.000 -0.029]
INFO  [mc_indi_tiltrotor] WRdbg1 Wu1=1 lo1=-18.31 du1=0.1736 pin1=-0.043 a1=[-0.005 0.251 -0.000 -0.000 -0.030]
INFO  [mc_indi_tiltrotor] YWdbg nu2=-0.012 ach2=-0.018 r=-0.02 wsp2=-0.02 ddelta=[-0.0120 -0.0111 -0.0042]
INFO  [mc_indi_tiltrotor] T0dbg1 G0=[-0.355 0.248 0.001 0.166 -0.986] nu_des=[0.00 0.01 0.00 -0.11 -0.14]
INFO  [mc_indi_tiltrotor] T0dbg2 Ws34=[0.1 20.0] Wu0=1.0 du0=0.0327 dmin0=-16.7743 dmax0=28.2257
INFO  [mc_indi_tiltrotor] T2dbg1 G2=[-0.000 -0.550 0.060 0.004 -1.000] G5=[-0.947 -1.070 -0.004 15.782 0.063]
INFO  [mc_indi_tiltrotor] T2dbg2 Wu25=[1.0 9.0] du25=[0.0493 -0.0000] dmax25=[29.2178 0.0017] nu_yaw=0.001
INFO  [mc_indi_tiltrotor] WRdbg0 Wu0=1 lo0=-16.77 du0=0.0327 pin0=-0.019 a0=[-0.002 0.007 0.000 0.000 0.047]
INFO  [mc_indi_tiltrotor] WRdbg1 Wu1=1 lo1=-17.06 du1=0.0464 pin1=-0.009 a1=[0.002 0.006 -0.000 -0.000 0.048]
INFO  [mc_indi_tiltrotor] T0dbg1 G0=[-0.355 0.248 0.000 0.169 -0.986] nu_des=[-0.01 -0.02 -0.04 -0.19 0.02]
INFO  [mc_indi_tiltrotor] T0dbg2 Ws34=[0.1 20.0] Wu0=1.0 du0=0.0036 dmin0=-17.6938 dmax0=27.3062
INFO  [mc_indi_tiltrotor] T2dbg1 G2=[-0.000 -0.550 0.060 0.004 -1.000] G5=[-1.018 -1.146 -0.005 16.963 0.076]
INFO  [mc_indi_tiltrotor] T2dbg2 Wu25=[1.0 9.0] du25=[0.0045 0.0003] dmax25=[28.0366 0.0022] nu_yaw=-0.035
INFO  [mc_indi_tiltrotor] WRdbg0 Wu0=1 lo0=-17.69 du0=0.0036 pin0=-0.005 a0=[0.011 -0.009 0.014 0.000 -0.006]
INFO  [mc_indi_tiltrotor] WRdbg1 Wu1=1 lo1=-17.88 du1=-0.0131 pin1=-0.002 a1=[-0.009 -0.008 0.013 -0.000 -0.006]
INFO  [mc_indi_tiltrotor] YWdbg nu2=0.042 ach2=0.028 r=0.02 wsp2=-0.00 ddelta=[-0.0042 0.0003 -0.0006]
INFO  [mc_indi_tiltrotor] T0dbg1 G0=[-0.355 0.246 -0.003 0.179 -0.984] nu_des=[0.02 -0.04 0.01 -0.57 -0.00]
INFO  [mc_indi_tiltrotor] T0dbg2 Ws34=[0.1 20.0] Wu0=1.0 du0=-0.0164 dmin0=-17.6058 dmax0=27.3942
INFO  [mc_indi_tiltrotor] T2dbg1 G2=[-0.000 -0.550 0.060 0.005 -1.000] G5=[-1.014 -1.137 -0.005 16.894 0.082]
INFO  [mc_indi_tiltrotor] T2dbg2 Wu25=[1.0 9.0] du25=[0.0252 -0.0005] dmax25=[28.1062 0.0012] nu_yaw=0.013
INFO  [mc_indi_tiltrotor] WRdbg0 Wu0=1 lo0=-17.61 du0=-0.0164 pin0=0.000 a0=[-0.019 0.005 0.000 -0.003 0.001]
INFO  [mc_indi_tiltrotor] WRdbg1 Wu1=1 lo1=-17.83 du1=0.0135 pin1=0.000 a1=[0.026 -0.010 -0.002 -0.002 0.002]
INFO  [mc_indi_tiltrotor] T0dbg1 G0=[-0.355 0.247 -0.001 0.171 -0.985] nu_des=[0.01 0.03 0.02 -0.18 -0.29]
INFO  [mc_indi_tiltrotor] T0dbg2 Ws34=[0.1 20.0] Wu0=1.0 du0=0.0646 dmin0=-16.7556 dmax0=28.2444
INFO  [mc_indi_tiltrotor] T2dbg1 G2=[-0.000 -0.550 0.060 0.004 -1.000] G5=[-0.955 -1.082 -0.003 15.912 0.057]
INFO  [mc_indi_tiltrotor] T2dbg2 Wu25=[1.0 9.0] du25=[0.0912 -0.0004] dmax25=[29.0882 0.0012] nu_yaw=0.023
INFO  [mc_indi_tiltrotor] WRdbg0 Wu0=1 lo0=-16.76 du0=0.0646 pin0=0.000 a0=[-0.007 -0.003 0.001 -0.001 0.075]
INFO  [mc_indi_tiltrotor] WRdbg1 Wu1=1 lo1=-17.06 du1=0.1001 pin1=0.000 a1=[0.009 0.008 -0.005 -0.001 0.088]
INFO  [mc_indi_tiltrotor] YWdbg nu2=-0.029 ach2=-0.012 r=-0.02 wsp2=-0.01 ddelta=[0.0006 0.0003 -0.0026]
INFO  [mc_indi_tiltrotor] T0dbg1 G0=[-0.355 0.247 -0.002 0.175 -0.985] nu_des=[0.01 -0.04 0.05 -0.44 0.01]
INFO  [mc_indi_tiltrotor] T0dbg2 Ws34=[0.1 20.0] Wu0=1.0 du0=-0.0092 dmin0=-17.8767 dmax0=27.1233
INFO  [mc_indi_tiltrotor] T2dbg1 G2=[-0.000 -0.550 0.060 0.004 -1.000] G5=[-1.016 -1.146 -0.004 16.934 0.071]
INFO  [mc_indi_tiltrotor] T2dbg2 Wu25=[1.0 9.0] du25=[0.0173 0.0002] dmax25=[28.0662 0.0020] nu_yaw=0.053
INFO  [mc_indi_tiltrotor] WRdbg0 Wu0=1 lo0=-17.88 du0=-0.0092 pin0=0.000 a0=[-0.009 0.005 0.001 -0.003 -0.004]
INFO  [mc_indi_tiltrotor] WRdbg1 Wu1=1 lo1=-18.18 du1=-0.0139 pin1=0.000 a1=[0.012 -0.010 -0.010 -0.002 -0.004]
INFO  [mc_indi_tiltrotor] T0dbg1 G0=[-0.355 0.247 -0.001 0.172 -0.985] nu_des=[0.01 -0.15 0.04 -0.42 0.13]
INFO  [mc_indi_tiltrotor] T0dbg2 Ws34=[0.1 20.0] Wu0=1.0 du0=-0.0885 dmin0=-17.7993 dmax0=27.2007
INFO  [mc_indi_tiltrotor] T2dbg1 G2=[-0.000 -0.550 0.060 0.004 -1.000] G5=[-1.012 -1.146 -0.004 16.869 0.064]
INFO  [mc_indi_tiltrotor] T2dbg2 Wu25=[1.0 9.0] du25=[0.0894 0.0019] dmax25=[28.1313 0.0038] nu_yaw=0.041
INFO  [mc_indi_tiltrotor] WRdbg0 Wu0=1 lo0=-17.80 du0=-0.0885 pin0=0.068 a0=[-0.015 -0.099 0.001 0.000 -0.043]
INFO  [mc_indi_tiltrotor] WRdbg1 Wu1=1 lo1=-17.98 du1=-0.0896 pin1=0.029 a1=[0.013 -0.086 -0.002 -0.000 -0.043]
INFO  [mc_indi_tiltrotor] YWdbg nu2=0.019 ach2=0.018 r=-0.02 wsp2=-0.00 ddelta=[0.0054 0.0080 0.0003]
INFO  [mc_indi_tiltrotor] T0dbg1 G0=[-0.355 0.248 0.001 0.166 -0.986] nu_des=[-0.01 -0.34 0.00 -0.10 -0.04]
INFO  [mc_indi_tiltrotor] T0dbg2 Ws34=[0.1 20.0] Wu0=1.0 du0=-0.2148 dmin0=-16.8796 dmax0=28.1204
INFO  [mc_indi_tiltrotor] T2dbg1 G2=[-0.000 -0.550 0.060 0.003 -1.000] G5=[-0.937 -1.068 -0.003 15.610 0.045]
INFO  [mc_indi_tiltrotor] T2dbg2 Wu25=[1.0 1000000.0] du25=[0.4538 0.0043] dmax25=[29.3897 0.0043] nu_yaw=0.005
INFO  [mc_indi_tiltrotor] WRdbg0 Wu0=1 lo0=-16.88 du0=-0.2148 pin0=-0.029 a0=[0.015 -0.212 0.000 -0.000 0.012]
INFO  [mc_indi_tiltrotor] WRdbg1 Wu1=1 lo1=-17.04 du1=-0.2257 pin1=-0.008 a1=[-0.015 -0.215 -0.000 -0.000 0.012]
INFO  [mc_indi_tiltrotor] T0dbg1 G0=[-0.355 0.248 0.000 0.168 -0.986] nu_des=[-0.01 0.02 -0.00 -0.29 -0.07]
INFO  [mc_indi_tiltrotor] T0dbg2 Ws34=[0.1 20.0] Wu0=1.0 du0=0.0245 dmin0=-17.8966 dmax0=27.1034
INFO  [mc_indi_tiltrotor] T2dbg1 G2=[-0.000 -0.550 0.060 0.005 -1.000] G5=[-1.032 -1.161 -0.005 17.194 0.078]
INFO  [mc_indi_tiltrotor] T2dbg2 Wu25=[1.0 9.0] du25=[0.0192 0.0002] dmax25=[27.8056 0.0016] nu_yaw=-0.002
INFO  [mc_indi_tiltrotor] WRdbg0 Wu0=1 lo0=-17.90 du0=0.0245 pin0=0.000 a0=[0.011 -0.002 -0.000 -0.002 0.017]
INFO  [mc_indi_tiltrotor] WRdbg1 Wu1=1 lo1=-18.11 du1=0.0102 pin1=0.000 a1=[-0.014 0.004 0.000 -0.001 0.021]
INFO  [mc_indi_tiltrotor] YWdbg nu2=0.002 ach2=0.035 r=0.01 wsp2=-0.01 ddelta=[-0.0115 -0.0038 -0.0029]
INFO  [mc_indi_tiltrotor] T0dbg1 G0=[-0.355 0.248 0.002 0.163 -0.987] nu_des=[0.00 -0.50 -0.08 -0.15 0.59]
INFO  [mc_indi_tiltrotor] T0dbg2 Ws34=[0.1 20.0] Wu0=1.0 du0=-0.4878 dmin0=-17.6934 dmax0=27.3066
INFO  [mc_indi_tiltrotor] T2dbg1 G2=[-0.000 -0.550 0.060 0.004 -1.000] G5=[-1.055 -1.193 -0.004 17.589 0.069]
INFO  [mc_indi_tiltrotor] T2dbg2 Wu25=[1.0 1000000.0] du25=[0.3916 0.0075] dmax25=[27.4110 0.0111] nu_yaw=-0.080
INFO  [mc_indi_tiltrotor] WRdbg0 Wu0=1 lo0=-17.69 du0=-0.4878 pin0=0.024 a0=[-0.001 -0.310 -0.000 -0.000 -0.201]
INFO  [mc_indi_tiltrotor] WRdbg1 Wu1=1 lo1=-18.01 du1=-0.4939 pin1=0.022 a1=[0.001 -0.313 0.000 -0.000 -0.204]
INFO  [mc_indi_tiltrotor] T0dbg1 G0=[-0.355 0.248 0.000 0.168 -0.986] nu_des=[-0.01 0.11 -0.07 -0.11 -0.00]
INFO  [mc_indi_tiltrotor] T0dbg2 Ws34=[0.1 20.0] Wu0=1.0 du0=0.0635 dmin0=-17.0126 dmax0=27.9874
INFO  [mc_indi_tiltrotor] T2dbg1 G2=[-0.000 -0.550 0.060 0.005 -1.000] G5=[-0.951 -1.066 -0.005 15.849 0.079]
INFO  [mc_indi_tiltrotor] T2dbg2 Wu25=[1.0 1000000.0] du25=[-0.1126 -0.0016] dmax25=[29.1504 -0.0016] nu_yaw=-0.067
INFO  [mc_indi_tiltrotor] WRdbg0 Wu0=1 lo0=-17.01 du0=0.0635 pin0=-0.015 a0=[0.013 0.065 -0.000 -0.000 0.001]
INFO  [mc_indi_tiltrotor] WRdbg1 Wu1=1 lo1=-17.34 du1=0.0449 pin1=-0.009 a1=[-0.013 0.066 0.000 -0.000 0.001]
INFO  [mc_indi_tiltrotor] YWdbg nu2=-0.049 ach2=-0.045 r=0.07 wsp2=-0.08 ddelta=[0.0102 0.0025 0.0002]
INFO  [mc_indi_tiltrotor] T0dbg1 G0=[-0.355 0.246 -0.004 0.180 -0.984] nu_des=[-0.00 0.01 0.06 -0.62 -0.01]
INFO  [mc_indi_tiltrotor] T0dbg2 Ws34=[0.1 20.0] Wu0=1.0 du0=0.0007 dmin0=-17.9796 dmax0=27.0204
INFO  [mc_indi_tiltrotor] T2dbg1 G2=[-0.000 -0.550 0.060 0.005 -1.000] G5=[-1.019 -1.139 -0.006 16.991 0.092]
INFO  [mc_indi_tiltrotor] T2dbg2 Wu25=[1.0 9.0] du25=[-0.0033 -0.0000] dmax25=[28.0084 0.0018] nu_yaw=0.059
INFO  [mc_indi_tiltrotor] WRdbg0 Wu0=1 lo0=-17.98 du0=0.0007 pin0=0.000 a0=[0.003 -0.002 0.001 -0.004 0.002]
INFO  [mc_indi_tiltrotor] WRdbg1 Wu1=1 lo1=-18.24 du1=-0.0119 pin1=0.000 a1=[-0.004 0.003 -0.011 -0.002 0.002]
INFO  [mc_indi_tiltrotor] T0dbg1 G0=[-0.355 0.245 -0.005 0.184 -0.983] nu_des=[0.01 -0.04 0.03 -0.76 0.09]
INFO  [mc_indi_tiltrotor] T0dbg2 Ws34=[0.1 20.0] Wu0=1.0 du0=-0.0224 dmin0=-17.6832 dmax0=27.3168
INFO  [mc_indi_tiltrotor] T2dbg1 G2=[-0.000 -0.550 0.060 0.005 -1.000] G5=[-1.012 -1.139 -0.005 16.874 0.076]
INFO  [mc_indi_tiltrotor] T2dbg2 Wu25=[1.0 9.0] du25=[-0.0248 -0.0008] dmax25=[28.1260 0.0015] nu_yaw=0.032
INFO  [mc_indi_tiltrotor] WRdbg0 Wu0=1 lo0=-17.68 du0=-0.0224 pin0=0.048 a0=[-0.017 -0.023 0.000 0.000 -0.031]
INFO  [mc_indi_tiltrotor] WRdbg1 Wu1=1 lo1=-17.79 du1=-0.0200 pin1=0.018 a1=[0.016 -0.020 -0.001 -0.001 -0.031]
INFO  [mc_indi_tiltrotor] YWdbg nu2=0.041 ach2=0.040 r=-0.09 wsp2=-0.06 ddelta=[0.0015 0.0076 0.0003]
INFO  [mc_indi_tiltrotor] T0dbg1 G0=[-0.355 0.247 -0.001 0.173 -0.985] nu_des=[-0.02 0.05 0.02 -0.29 -0.18]
INFO  [mc_indi_tiltrotor] T0dbg2 Ws34=[0.1 20.0] Wu0=1.0 du0=0.1275 dmin0=-16.5835 dmax0=28.4165
INFO  [mc_indi_tiltrotor] T2dbg1 G2=[-0.000 -0.550 0.060 0.003 -1.000] G5=[-0.985 -1.118 -0.003 16.411 0.056]
INFO  [mc_indi_tiltrotor] T2dbg2 Wu25=[1.0 1000000.0] du25=[-0.0114 0.0011] dmax25=[28.5888 0.0047] nu_yaw=0.022
INFO  [mc_indi_tiltrotor] WRdbg0 Wu0=1 lo0=-16.58 du0=0.1275 pin0=0.000 a0=[0.035 0.032 0.000 -0.000 0.060]
INFO  [mc_indi_tiltrotor] WRdbg1 Wu1=1 lo1=-16.98 du1=0.0585 pin1=-0.001 a1=[-0.034 0.033 -0.000 -0.000 0.060]
INFO  [mc_indi_tiltrotor] T0dbg1 G0=[-0.355 0.249 0.003 0.161 -0.987] nu_des=[-0.00 -0.01 -0.01 -0.07 0.01]
INFO  [mc_indi_tiltrotor] T0dbg2 Ws34=[0.1 20.0] Wu0=1.0 du0=0.0012 dmin0=-17.7346 dmax0=27.2654
INFO  [mc_indi_tiltrotor] T2dbg1 G2=[-0.000 -0.550 0.060 0.003 -1.000] G5=[-1.027 -1.172 -0.003 17.119 0.047]
INFO  [mc_indi_tiltrotor] T2dbg2 Wu25=[1.0 9.0] du25=[0.0046 0.0003] dmax25=[27.8813 0.0021] nu_yaw=-0.011
INFO  [mc_indi_tiltrotor] WRdbg0 Wu0=1 lo0=-17.73 du0=0.0012 pin0=0.000 a0=[0.004 0.001 -0.000 -0.000 -0.003]
INFO  [mc_indi_tiltrotor] WRdbg1 Wu1=1 lo1=-18.07 du1=-0.0096 pin1=0.000 a1=[-0.005 -0.003 0.002 -0.000 -0.003]
INFO  [mc_indi_tiltrotor] YWdbg nu2=-0.014 ach2=-0.014 r=-0.00 wsp2=0.04 ddelta=[0.0027 0.0003 0.0003]
INFO  [mc_indi_tiltrotor] T0dbg1 G0=[-0.355 0.248 0.001 0.167 -0.986] nu_des=[-0.01 -0.07 0.03 -0.22 0.16]
INFO  [mc_indi_tiltrotor] T0dbg2 Ws34=[0.1 20.0] Wu0=1.0 du0=-0.0866 dmin0=-17.9023 dmax0=27.0977
INFO  [mc_indi_tiltrotor] T2dbg1 G2=[-0.000 -0.550 0.060 0.003 -1.000] G5=[-1.001 -1.140 -0.003 16.677 0.050]
INFO  [mc_indi_tiltrotor] T2dbg2 Wu25=[1.0 9.0] du25=[0.0294 0.0024] dmax25=[28.3231 0.0027] nu_yaw=0.028
INFO  [mc_indi_tiltrotor] WRdbg0 Wu0=1 lo0=-17.90 du0=-0.0866 pin0=0.001 a0=[0.009 -0.044 0.000 0.000 -0.053]
INFO  [mc_indi_tiltrotor] WRdbg1 Wu1=1 lo1=-18.27 du1=-0.1045 pin1=-0.004 a1=[-0.008 -0.038 -0.001 -0.000 -0.053]
INFO  [mc_indi_tiltrotor] T0dbg1 G0=[-0.355 0.248 0.002 0.164 -0.987] nu_des=[0.01 0.00 -0.02 0.00 -0.11]
INFO  [mc_indi_tiltrotor] T0dbg2 Ws34=[0.1 20.0] Wu0=1.0 du0=0.0222 dmin0=-16.9743 dmax0=28.0257
INFO  [mc_indi_tiltrotor] T2dbg1 G2=[-0.000 -0.550 0.060 0.003 -1.000] G5=[-0.961 -1.095 -0.003 16.023 0.048]
INFO  [mc_indi_tiltrotor] T2dbg2 Wu25=[1.0 9.0] du25=[0.0396 -0.0003] dmax25=[28.9766 0.0014] nu_yaw=-0.016
INFO  [mc_indi_tiltrotor] WRdbg0 Wu0=1 lo0=-16.97 du0=0.0222 pin0=0.000 a0=[-0.007 -0.000 -0.001 0.000 0.030]
INFO  [mc_indi_tiltrotor] WRdbg1 Wu1=1 lo1=-17.17 du1=0.0482 pin1=0.000 a1=[0.009 0.001 0.003 0.000 0.035]
INFO  [mc_indi_tiltrotor] YWdbg nu2=-0.007 ach2=-0.009 r=0.02 wsp2=0.00 ddelta=[-0.0015 -0.0030 -0.0002]
INFO  [mc_indi_tiltrotor] T0dbg1 G0=[-0.355 0.247 -0.001 0.173 -0.985] nu_des=[0.01 -0.15 0.04 -0.41 0.12]
INFO  [mc_indi_tiltrotor] T0dbg2 Ws34=[0.1 20.0] Wu0=1.0 du0=-0.0809 dmin0=-17.8321 dmax0=27.1679
INFO  [mc_indi_tiltrotor] T2dbg1 G2=[-0.000 -0.550 0.060 0.004 -1.000] G5=[-1.022 -1.155 -0.004 17.026 0.068]
INFO  [mc_indi_tiltrotor] T2dbg2 Wu25=[1.0 1000000.0] du25=[0.0897 0.0018] dmax25=[27.9736 0.0054] nu_yaw=0.044
INFO  [mc_indi_tiltrotor] WRdbg0 Wu0=1 lo0=-17.83 du0=-0.0809 pin0=0.066 a0=[-0.009 -0.095 0.000 -0.000 -0.042]
INFO  [mc_indi_tiltrotor] WRdbg1 Wu1=1 lo1=-18.00 du1=-0.0950 pin1=0.036 a1=[0.009 -0.097 -0.000 -0.000 -0.043]
INFO  [mc_indi_tiltrotor] T0dbg1 G0=[-0.355 0.243 -0.009 0.195 -0.981] nu_des=[0.01 0.05 0.01 -1.32 0.16]
INFO  [mc_indi_tiltrotor] T0dbg2 Ws34=[0.1 20.0] Wu0=1.0 du0=-0.0482 dmin0=-17.8842 dmax0=27.1158
INFO  [mc_indi_tiltrotor] T2dbg1 G2=[-0.000 -0.550 0.060 0.005 -1.000] G5=[-1.005 -1.128 -0.005 16.742 0.080]
INFO  [mc_indi_tiltrotor] T2dbg2 Wu25=[1.0 9.0] du25=[-0.1006 -0.0026] dmax25=[28.2580 -0.0014] nu_yaw=0.011
INFO  [mc_indi_tiltrotor] WRdbg0 Wu0=1 lo0=-17.88 du0=-0.0482 pin0=-0.013 a0=[-0.017 0.034 0.000 0.000 -0.053]
INFO  [mc_indi_tiltrotor] WRdbg1 Wu1=1 lo1=-17.97 du1=-0.0161 pin1=-0.006 a1=[0.015 0.030 -0.000 -0.001 -0.053]
INFO  [mc_indi_tiltrotor] YWdbg nu2=0.019 ach2=0.002 r=-0.02 wsp2=-0.01 ddelta=[0.0069 0.0067 -0.0002]
INFO  [mc_indi_tiltrotor] T0dbg1 G0=[-0.355 0.244 -0.007 0.189 -0.982] nu_des=[-0.00 0.22 0.00 -0.89 -0.17]
INFO  [mc_indi_tiltrotor] T0dbg2 Ws34=[0.1 20.0] Wu0=1.0 du0=0.1646 dmin0=-16.8829 dmax0=28.1171
INFO  [mc_indi_tiltrotor] T2dbg1 G2=[-0.000 -0.550 0.060 0.004 -1.000] G5=[-0.984 -1.115 -0.004 16.401 0.060]
INFO  [mc_indi_tiltrotor] T2dbg2 Wu25=[1.0 1000000.0] du25=[-0.1817 -0.0037] dmax25=[28.5985 -0.0012] nu_yaw=0.003
INFO  [mc_indi_tiltrotor] WRdbg0 Wu0=1 lo0=-16.88 du0=0.1646 pin0=-0.034 a0=[0.003 0.137 0.000 -0.000 0.059]
INFO  [mc_indi_tiltrotor] WRdbg1 Wu1=1 lo1=-17.09 du1=0.1680 pin1=-0.027 a1=[-0.003 0.138 -0.000 -0.000 0.060]
INFO  [mc_indi_tiltrotor] T0dbg1 G0=[-0.355 0.248 0.002 0.164 -0.987] nu_des=[-0.00 0.06 -0.03 -0.22 0.02]
INFO  [mc_indi_tiltrotor] T0dbg2 Ws34=[0.1 20.0] Wu0=1.0 du0=0.0049 dmin0=-17.8769 dmax0=27.1231
INFO  [mc_indi_tiltrotor] T2dbg1 G2=[-0.000 -0.550 0.060 0.002 -1.000] G5=[-1.039 -1.190 -0.002 17.323 0.041]
INFO  [mc_indi_tiltrotor] T2dbg2 Wu25=[1.0 9.0] du25=[-0.0534 -0.0012] dmax25=[27.6769 0.0009] nu_yaw=-0.030
INFO  [mc_indi_tiltrotor] WRdbg0 Wu0=1 lo0=-17.88 du0=0.0049 pin0=-0.028 a0=[0.002 0.038 -0.000 0.000 -0.007]
INFO  [mc_indi_tiltrotor] WRdbg1 Wu1=1 lo1=-18.25 du1=0.0164 pin1=-0.009 a1=[-0.002 0.033 0.001 -0.000 -0.007]
INFO  [mc_indi_tiltrotor] YWdbg nu2=-0.034 ach2=-0.014 r=0.01 wsp2=0.02 ddelta=[-0.0055 -0.0070 -0.0009]
INFO  [mc_indi_tiltrotor] T0dbg1 G0=[-0.355 0.246 -0.003 0.177 -0.984] nu_des=[-0.01 0.01 -0.01 -0.59 0.05]
INFO  [mc_indi_tiltrotor] T0dbg2 Ws34=[0.1 20.0] Wu0=1.0 du0=-0.0111 dmin0=-17.6898 dmax0=27.3102
INFO  [mc_indi_tiltrotor] T2dbg1 G2=[-0.000 -0.550 0.060 0.003 -1.000] G5=[-1.017 -1.162 -0.003 16.957 0.045]
INFO  [mc_indi_tiltrotor] T2dbg2 Wu25=[1.0 9.0] du25=[-0.0241 -0.0002] dmax25=[28.0425 0.0019] nu_yaw=-0.011
INFO  [mc_indi_tiltrotor] WRdbg0 Wu0=1 lo0=-17.69 du0=-0.0111 pin0=0.000 a0=[0.007 -0.002 -0.000 -0.003 -0.013]
INFO  [mc_indi_tiltrotor] WRdbg1 Wu1=1 lo1=-17.99 du1=-0.0226 pin1=0.000 a1=[-0.010 0.003 0.002 -0.002 -0.016]
INFO  [mc_indi_tiltrotor] T0dbg1 G0=[-0.355 0.248 0.001 0.167 -0.986] nu_des=[-0.02 -0.17 -0.01 -0.15 -0.01]
INFO  [mc_indi_tiltrotor] T0dbg2 Ws34=[0.1 20.0] Wu0=1.0 du0=-0.0810 dmin0=-17.1976 dmax0=27.8024
INFO  [mc_indi_tiltrotor] T2dbg1 G2=[-0.000 -0.550 0.060 0.003 -1.000] G5=[-0.975 -1.113 -0.003 16.251 0.044]
INFO  [mc_indi_tiltrotor] T2dbg2 Wu25=[1.0 1000000.0] du25=[0.2009 0.0063] dmax25=[28.7485 0.0063] nu_yaw=-0.008
INFO  [mc_indi_tiltrotor] WRdbg0 Wu0=1 lo0=-17.20 du0=-0.0810 pin0=0.000 a0=[0.022 -0.106 -0.000 -0.000 0.002]
INFO  [mc_indi_tiltrotor] WRdbg1 Wu1=1 lo1=-17.31 du1=-0.1168 pin1=0.010 a1=[-0.022 -0.107 0.000 -0.000 0.002]
INFO  [mc_indi_tiltrotor] YWdbg nu2=-0.020 ach2=0.034 r=0.00 wsp2=-0.00 ddelta=[0.0006 0.0046 0.0045]
INFO  [mc_indi_tiltrotor] T0dbg1 G0=[-0.355 0.246 -0.003 0.178 -0.984] nu_des=[0.01 -0.04 0.02 -0.62 0.06]
INFO  [mc_indi_tiltrotor] T0dbg2 Ws34=[0.1 20.0] Wu0=1.0 du0=-0.0272 dmin0=-17.8670 dmax0=27.1330
INFO  [mc_indi_tiltrotor] T2dbg1 G2=[-0.000 -0.550 0.060 0.003 -1.000] G5=[-1.017 -1.157 -0.003 16.943 0.054]
INFO  [mc_indi_tiltrotor] T2dbg2 Wu25=[1.0 9.0] du25=[0.0011 -0.0002] dmax25=[28.0567 0.0015] nu_yaw=0.018
INFO  [mc_indi_tiltrotor] WRdbg0 Wu0=1 lo0=-17.87 du0=-0.0272 pin0=0.000 a0=[-0.013 0.005 0.000 -0.004 -0.016]
INFO  [mc_indi_tiltrotor] WRdbg1 Wu1=1 lo1=-18.07 du1=-0.0169 pin1=0.000 a1=[0.018 -0.010 -0.003 -0.002 -0.019]
INFO  [mc_indi_tiltrotor] YWdbg nu2=0.010 ach2=0.009 r=-0.02 wsp2=-0.00 ddelta=[-0.0023 -0.0009 -0.0004]
INFO  [mc_indi_tiltrotor] T0dbg1 G0=[-0.355 0.246 -0.004 0.179 -0.984] nu_des=[0.00 0.01 0.01 -0.71 0.01]
INFO  [mc_indi_tiltrotor] T0dbg2 Ws34=[0.1 20.0] Wu0=1.0 du0=-0.0097 dmin0=-17.6466 dmax0=27.3534
INFO  [mc_indi_tiltrotor] T2dbg1 G2=[-0.000 -0.550 0.060 0.002 -1.000] G5=[-1.019 -1.167 -0.002 16.989 0.041]
INFO  [mc_indi_tiltrotor] T2dbg2 Wu25=[1.0 9.0] du25=[-0.0080 -0.0005] dmax25=[28.0112 0.0014] nu_yaw=0.007
INFO  [mc_indi_tiltrotor] WRdbg0 Wu0=1 lo0=-17.65 du0=-0.0097 pin0=0.000 a0=[-0.002 -0.001 0.000 -0.004 -0.003]
INFO  [mc_indi_tiltrotor] WRdbg1 Wu1=1 lo1=-17.88 du1=-0.0022 pin1=0.000 a1=[0.002 0.003 -0.001 -0.003 -0.003]
INFO  [mc_indi_tiltrotor] T0dbg1 G0=[-0.355 0.247 -0.000 0.170 -0.986] nu_des=[-0.02 -0.12 -0.00 -0.25 -0.00]
INFO  [mc_indi_tiltrotor] T0dbg2 Ws34=[0.1 20.0] Wu0=1.0 du0=-0.0545 dmin0=-17.0103 dmax0=27.9897
INFO  [mc_indi_tiltrotor] T2dbg1 G2=[-0.000 -0.550 0.060 0.003 -1.000] G5=[-0.995 -1.134 -0.003 16.582 0.049]
INFO  [mc_indi_tiltrotor] T2dbg2 Wu25=[1.0 1000000.0] du25=[0.1448 0.0048] dmax25=[28.4178 0.0084] nu_yaw=-0.001
INFO  [mc_indi_tiltrotor] WRdbg0 Wu0=1 lo0=-17.01 du0=-0.0545 pin0=-0.000 a0=[0.022 -0.077 -0.000 -0.000 0.001]
INFO  [mc_indi_tiltrotor] WRdbg1 Wu1=1 lo1=-17.32 du1=-0.0866 pin1=0.012 a1=[-0.021 -0.078 0.000 -0.000 0.001]
INFO  [mc_indi_tiltrotor] YWdbg nu2=0.050 ach2=0.018 r=0.03 wsp2=-0.01 ddelta=[-0.0006 0.0018 -0.0004]
INFO  [mc_indi_tiltrotor] T0dbg1 G0=[-0.355 0.247 -0.001 0.172 -0.985] nu_des=[0.01 -0.15 0.06 -0.34 0.14]
INFO  [mc_indi_tiltrotor] T0dbg2 Ws34=[0.1 20.0] Wu0=1.0 du0=-0.1155 dmin0=-18.0929 dmax0=26.9071
INFO  [mc_indi_tiltrotor] T2dbg1 G2=[-0.000 -0.550 0.060 0.003 -1.000] G5=[-1.008 -1.147 -0.003 16.808 0.053]
INFO  [mc_indi_tiltrotor] T2dbg2 Wu25=[1.0 9.0] du25=[0.1027 0.0028] dmax25=[28.1920 0.0028] nu_yaw=0.055
INFO  [mc_indi_tiltrotor] WRdbg0 Wu0=1 lo0=-18.09 du0=-0.1155 pin0=0.034 a0=[-0.009 -0.094 0.001 0.000 -0.047]
INFO  [mc_indi_tiltrotor] WRdbg1 Wu1=1 lo1=-18.34 du1=-0.1130 pin1=0.011 a1=[0.008 -0.082 -0.003 -0.000 -0.048]
INFO  [mc_indi_tiltrotor] T0dbg1 G0=[-0.355 0.248 0.001 0.167 -0.986] nu_des=[0.00 -0.06 -0.03 -0.22 0.04]
INFO  [mc_indi_tiltrotor] T0dbg2 Ws34=[0.1 20.0] Wu0=1.0 du0=-0.0185 dmin0=-17.8179 dmax0=27.1821
INFO  [mc_indi_tiltrotor] T2dbg1 G2=[-0.000 -0.550 0.060 0.003 -1.000] G5=[-1.007 -1.151 -0.003 16.788 0.043]
INFO  [mc_indi_tiltrotor] T2dbg2 Wu25=[1.0 9.0] du25=[0.0233 0.0007] dmax25=[28.2122 0.0022] nu_yaw=-0.032
INFO  [mc_indi_tiltrotor] WRdbg0 Wu0=1 lo0=-17.82 du0=-0.0185 pin0=0.042 a0=[-0.006 -0.039 -0.001 0.000 -0.015]
INFO  [mc_indi_tiltrotor] WRdbg1 Wu1=1 lo1=-18.02 du1=-0.0208 pin1=0.022 a1=[0.005 -0.034 0.001 -0.000 -0.015]
INFO  [mc_indi_tiltrotor] YWdbg nu2=-0.012 ach2=0.057 r=-0.01 wsp2=-0.00 ddelta=[-0.0084 -0.0021 0.0015]
INFO  [mc_indi_tiltrotor] T0dbg1 G0=[-0.355 0.249 0.003 0.160 -0.987] nu_des=[0.00 -0.24 -0.04 0.04 -0.03]
INFO  [mc_indi_tiltrotor] T0dbg2 Ws34=[0.1 20.0] Wu0=1.0 du0=-0.1190 dmin0=-17.0062 dmax0=27.9938
INFO  [mc_indi_tiltrotor] T2dbg1 G2=[-0.000 -0.550 0.060 0.004 -1.000] G5=[-0.992 -1.125 -0.004 16.541 0.060]
INFO  [mc_indi_tiltrotor] T2dbg2 Wu25=[1.0 1000000.0] du25=[0.2777 0.0033] dmax25=[28.4590 0.0069] nu_yaw=-0.039
INFO  [mc_indi_tiltrotor] WRdbg0 Wu0=1 lo0=-17.01 du0=-0.1190 pin0=0.017 a0=[-0.000 -0.145 -0.000 0.000 0.009]
INFO  [mc_indi_tiltrotor] WRdbg1 Wu1=1 lo1=-17.19 du1=-0.1301 pin1=0.007 a1=[0.000 -0.147 0.000 0.000 0.010]
INFO  [mc_indi_tiltrotor] T0dbg1 G0=[-0.355 0.247 -0.000 0.170 -0.985] nu_des=[-0.01 0.01 -0.02 -0.33 0.02]
INFO  [mc_indi_tiltrotor] T0dbg2 Ws34=[0.1 20.0] Wu0=1.0 du0=0.0008 dmin0=-17.7296 dmax0=27.2704
INFO  [mc_indi_tiltrotor] T2dbg1 G2=[-0.000 -0.550 0.060 0.004 -1.000] G5=[-1.021 -1.155 -0.004 17.020 0.067]
INFO  [mc_indi_tiltrotor] T2dbg2 Wu25=[1.0 9.0] du25=[-0.0120 0.0001] dmax25=[27.9798 0.0017] nu_yaw=-0.022
INFO  [mc_indi_tiltrotor] WRdbg0 Wu0=1 lo0=-17.73 du0=0.0008 pin0=0.000 a0=[0.011 -0.001 -0.001 -0.002 -0.006]
INFO  [mc_indi_tiltrotor] WRdbg1 Wu1=1 lo1=-18.02 du1=-0.0157 pin1=0.000 a1=[-0.015 0.003 0.004 -0.001 -0.007]
INFO  [mc_indi_tiltrotor] YWdbg nu2=-0.025 ach2=-0.025 r=0.02 wsp2=-0.03 ddelta=[0.0035 -0.0006 0.0002]
INFO  [mc_indi_tiltrotor] T0dbg1 G0=[-0.355 0.247 -0.002 0.175 -0.985] nu_des=[0.00 0.00 -0.02 -0.27 0.01]
INFO  [mc_indi_tiltrotor] T0dbg2 Ws34=[0.1 20.0] Wu0=1.0 du0=-0.0024 dmin0=-17.5995 dmax0=27.4005
INFO  [mc_indi_tiltrotor] T2dbg1 G2=[-0.000 -0.550 0.060 0.004 -1.000] G5=[-1.009 -1.143 -0.004 16.824 0.063]
INFO  [mc_indi_tiltrotor] T2dbg2 Wu25=[1.0 9.0] du25=[-0.0082 -0.0004] dmax25=[28.1756 0.0016] nu_yaw=-0.023
INFO  [mc_indi_tiltrotor] WRdbg0 Wu0=1 lo0=-17.60 du0=-0.0024 pin0=-0.006 a0=[-0.003 0.001 0.009 0.000 -0.004]
INFO  [mc_indi_tiltrotor] WRdbg1 Wu1=1 lo1=-17.80 du1=0.0051 pin1=-0.002 a1=[0.002 0.001 0.008 -0.000 -0.004]
INFO  [mc_indi_tiltrotor] T0dbg1 G0=[-0.355 0.247 -0.001 0.171 -0.985] nu_des=[0.01 -0.00 -0.02 -0.13 -0.09]
INFO  [mc_indi_tiltrotor] T0dbg2 Ws34=[0.1 20.0] Wu0=1.0 du0=0.0172 dmin0=-17.1564 dmax0=27.8436
INFO  [mc_indi_tiltrotor] T2dbg1 G2=[-0.000 -0.550 0.060 0.004 -1.000] G5=[-0.981 -1.111 -0.004 16.347 0.061]
INFO  [mc_indi_tiltrotor] T2dbg2 Wu25=[1.0 9.0] du25=[0.0318 -0.0005] dmax25=[28.6525 0.0016] nu_yaw=-0.019
INFO  [mc_indi_tiltrotor] WRdbg0 Wu0=1 lo0=-17.16 du0=0.0172 pin0=-0.004 a0=[-0.012 -0.002 0.007 0.000 0.029]
INFO  [mc_indi_tiltrotor] WRdbg1 Wu1=1 lo1=-17.40 du1=0.0428 pin1=-0.002 a1=[0.011 -0.002 0.007 -0.000 0.029]
INFO  [mc_indi_tiltrotor] YWdbg nu2=-0.019 ach2=-0.018 r=-0.00 wsp2=-0.03 ddelta=[0.0033 0.0003 -0.0001]
INFO  [mc_indi_tiltrotor] T0dbg1 G0=[-0.355 0.246 -0.003 0.177 -0.984] nu_des=[0.00 -0.39 -0.01 -0.34 0.12]
INFO  [mc_indi_tiltrotor] T0dbg2 Ws34=[0.1 20.0] Wu0=1.0 du0=-0.2206 dmin0=-17.6967 dmax0=27.3033
INFO  [mc_indi_tiltrotor] T2dbg1 G2=[-0.000 -0.550 0.060 0.004 -1.000] G5=[-1.033 -1.167 -0.004 17.220 0.071]
INFO  [mc_indi_tiltrotor] T2dbg2 Wu25=[1.0 1000000.0] du25=[0.3732 0.0055] dmax25=[27.7800 0.0091] nu_yaw=-0.005
INFO  [mc_indi_tiltrotor] WRdbg0 Wu0=1 lo0=-17.70 du0=-0.2206 pin0=0.063 a0=[-0.003 -0.240 0.000 -0.000 -0.042]
INFO  [mc_indi_tiltrotor] WRdbg1 Wu1=1 lo1=-17.93 du1=-0.2404 pin1=0.042 a1=[0.002 -0.243 0.000 -0.000 -0.042]
INFO  [mc_indi_tiltrotor] T0dbg1 G0=[-0.355 0.247 -0.000 0.170 -0.985] nu_des=[0.01 -0.02 0.02 -0.32 -0.00]
INFO  [mc_indi_tiltrotor] T0dbg2 Ws34=[0.1 20.0] Wu0=1.0 du0=-0.0091 dmin0=-17.7064 dmax0=27.2936
INFO  [mc_indi_tiltrotor] T2dbg1 G2=[-0.000 -0.550 0.060 0.004 -1.000] G5=[-1.011 -1.146 -0.004 16.849 0.061]
INFO  [mc_indi_tiltrotor] T2dbg2 Wu25=[1.0 9.0] du25=[0.0116 -0.0002] dmax25=[28.1508 0.0015] nu_yaw=0.025
INFO  [mc_indi_tiltrotor] WRdbg0 Wu0=1 lo0=-17.71 du0=-0.0091 pin0=0.000 a0=[-0.010 0.002 0.001 -0.002 0.000]
INFO  [mc_indi_tiltrotor] WRdbg1 Wu1=1 lo1=-17.89 du1=0.0032 pin1=0.000 a1=[0.014 -0.005 -0.005 -0.001 0.000]
INFO  [mc_indi_tiltrotor] YWdbg nu2=-0.007 ach2=0.001 r=-0.02 wsp2=0.02 ddelta=[-0.0048 -0.0045 -0.0005]
INFO  [mc_indi_tiltrotor] T0dbg1 G0=[-0.355 0.249 0.003 0.161 -0.987] nu_des=[0.02 -0.01 -0.00 0.02 -0.22]
INFO  [mc_indi_tiltrotor] T0dbg2 Ws34=[0.1 20.0] Wu0=1.0 du0=0.0417 dmin0=-17.0496 dmax0=27.9504
INFO  [mc_indi_tiltrotor] T2dbg1 G2=[-0.000 -0.550 0.060 0.003 -1.000] G5=[-0.976 -1.110 -0.003 16.265 0.053]
INFO  [mc_indi_tiltrotor] T2dbg2 Wu25=[1.0 9.0] du25=[0.0877 -0.0005] dmax25=[28.7349 0.0008] nu_yaw=-0.003
INFO  [mc_indi_tiltrotor] WRdbg0 Wu0=1 lo0=-17.05 du0=0.0417 pin0=0.000 a0=[-0.018 0.001 -0.000 0.000 0.059]
INFO  [mc_indi_tiltrotor] WRdbg1 Wu1=1 lo1=-17.47 du1=0.0921 pin1=0.000 a1=[0.024 -0.002 0.001 0.000 0.070]
INFO  [mc_indi_tiltrotor] T0dbg1 G0=[-0.355 0.247 -0.001 0.171 -0.985] nu_des=[-0.00 -0.10 0.04 -0.34 0.10]
INFO  [mc_indi_tiltrotor] T0dbg2 Ws34=[0.1 20.0] Wu0=1.0 du0=-0.0375 dmin0=-17.9779 dmax0=27.0221
INFO  [mc_indi_tiltrotor] T2dbg1 G2=[-0.000 -0.550 0.060 0.005 -1.000] G5=[-1.020 -1.148 -0.005 17.004 0.077]
INFO  [mc_indi_tiltrotor] T2dbg2 Wu25=[1.0 9.0] du25=[0.0401 0.0016] dmax25=[27.9958 0.0035] nu_yaw=0.044
INFO  [mc_indi_tiltrotor] WRdbg0 Wu0=1 lo0=-17.98 du0=-0.0375 pin0=0.058 a0=[0.002 -0.065 0.001 0.000 -0.033]
INFO  [mc_indi_tiltrotor] WRdbg1 Wu1=1 lo1=-18.22 du1=-0.0748 pin1=0.020 a1=[-0.002 -0.056 -0.002 -0.000 -0.034]
INFO  [mc_indi_tiltrotor] YWdbg nu2=0.009 ach2=0.008 r=-0.00 wsp2=0.01 ddelta=[0.0062 0.0073 -0.0002]
INFO  [mc_indi_tiltrotor] T0dbg1 G0=[-0.355 0.244 -0.008 0.190 -0.982] nu_des=[0.01 -0.02 0.01 -1.11 0.08]
INFO  [mc_indi_tiltrotor] T0dbg2 Ws34=[0.1 20.0] Wu0=1.0 du0=-0.0321 dmin0=-17.7917 dmax0=27.2083
INFO  [mc_indi_tiltrotor] T2dbg1 G2=[-0.000 -0.550 0.060 0.004 -1.000] G5=[-1.009 -1.138 -0.004 16.815 0.071]
INFO  [mc_indi_tiltrotor] T2dbg2 Wu25=[1.0 9.0] du25=[-0.0130 -0.0007] dmax25=[28.1848 0.0008] nu_yaw=0.008
INFO  [mc_indi_tiltrotor] WRdbg0 Wu0=1 lo0=-17.79 du0=-0.0321 pin0=0.000 a0=[-0.011 0.003 0.000 -0.006 -0.018]
INFO  [mc_indi_tiltrotor] WRdbg1 Wu1=1 lo1=-17.96 du1=-0.0182 pin1=0.000 a1=[0.014 -0.005 -0.001 -0.004 -0.023]
INFO  [mc_indi_tiltrotor] T0dbg1 G0=[-0.355 0.246 -0.003 0.178 -0.984] nu_des=[0.00 0.14 -0.00 -0.55 0.00]
INFO  [mc_indi_tiltrotor] T0dbg2 Ws34=[0.1 20.0] Wu0=1.0 du0=0.0184 dmin0=-17.0433 dmax0=27.9567
INFO  [mc_indi_tiltrotor] T2dbg1 G2=[-0.000 -0.550 0.060 0.003 -1.000] G5=[-0.961 -1.094 -0.003 16.016 0.049]
INFO  [mc_indi_tiltrotor] T2dbg2 Wu25=[1.0 1000000.0] du25=[-0.1197 -0.0031] dmax25=[28.9842 -0.0013] nu_yaw=-0.001
INFO  [mc_indi_tiltrotor] WRdbg0 Wu0=1 lo0=-17.04 du0=0.0184 pin0=-0.063 a0=[-0.007 0.090 -0.000 -0.000 -0.001]
INFO  [mc_indi_tiltrotor] WRdbg1 Wu1=1 lo1=-17.20 du1=0.0567 pin1=-0.039 a1=[0.007 0.091 0.000 -0.000 -0.001]
INFO  [mc_indi_tiltrotor] YWdbg nu2=-0.043 ach2=-0.042 r=0.03 wsp2=0.01 ddelta=[0.0050 -0.0016 -0.0002]
INFO  [mc_indi_tiltrotor] T0dbg1 G0=[-0.355 0.248 -0.000 0.169 -0.986] nu_des=[0.00 -0.10 -0.03 -0.23 0.13]
INFO  [mc_indi_tiltrotor] T0dbg2 Ws34=[0.1 20.0] Wu0=1.0 du0=-0.0501 dmin0=-17.5751 dmax0=27.4249
INFO  [mc_indi_tiltrotor] T2dbg1 G2=[-0.000 -0.550 0.060 0.003 -1.000] G5=[-1.050 -1.194 -0.003 17.506 0.057]
INFO  [mc_indi_tiltrotor] T2dbg2 Wu25=[1.0 1000000.0] du25=[0.0198 0.0027] dmax25=[27.4942 0.0063] nu_yaw=-0.031
INFO  [mc_indi_tiltrotor] WRdbg0 Wu0=1 lo0=-17.58 du0=-0.0501 pin0=0.058 a0=[-0.005 -0.059 -0.000 -0.000 -0.044]
INFO  [mc_indi_tiltrotor] WRdbg1 Wu1=1 lo1=-17.89 du1=-0.0626 pin1=0.037 a1=[0.005 -0.060 0.000 -0.000 -0.044]
INFO  [mc_indi_tiltrotor] T0dbg1 G0=[-0.355 0.247 -0.000 0.170 -0.985] nu_des=[-0.01 0.23 -0.02 -0.32 0.22]
INFO  [mc_indi_tiltrotor] T0dbg2 Ws34=[0.1 20.0] Wu0=1.0 du0=0.0251 dmin0=-17.6632 dmax0=27.3368
INFO  [mc_indi_tiltrotor] T2dbg1 G2=[-0.000 -0.550 0.060 0.003 -1.000] G5=[-1.032 -1.177 -0.003 17.193 0.048]
INFO  [mc_indi_tiltrotor] T2dbg2 Wu25=[1.0 1000000.0] du25=[-0.3049 -0.0028] dmax25=[27.8071 -0.0011] nu_yaw=-0.016
INFO  [mc_indi_tiltrotor] WRdbg0 Wu0=1 lo0=-17.66 du0=0.0251 pin0=-0.054 a0=[0.007 0.145 -0.000 -0.000 -0.073]
INFO  [mc_indi_tiltrotor] WRdbg1 Wu1=1 lo1=-17.98 du1=0.0278 pin1=-0.038 a1=[-0.007 0.147 0.000 -0.000 -0.074]
INFO  [mc_indi_tiltrotor] YWdbg nu2=0.006 ach2=0.010 r=0.00 wsp2=-0.01 ddelta=[-0.0061 -0.0046 0.0001]
INFO  [mc_indi_tiltrotor] T0dbg1 G0=[-0.355 0.249 0.003 0.161 -0.987] nu_des=[-0.01 0.02 -0.00 -0.01 -0.12]
INFO  [mc_indi_tiltrotor] T0dbg2 Ws34=[0.1 20.0] Wu0=1.0 du0=0.0425 dmin0=-17.3329 dmax0=27.6671
INFO  [mc_indi_tiltrotor] T2dbg1 G2=[-0.000 -0.550 0.060 0.004 -1.000] G5=[-0.984 -1.117 -0.003 16.407 0.058]
INFO  [mc_indi_tiltrotor] T2dbg2 Wu25=[1.0 9.0] du25=[0.0293 0.0000] dmax25=[28.5930 0.0017] nu_yaw=-0.001
INFO  [mc_indi_tiltrotor] WRdbg0 Wu0=1 lo0=-17.33 du0=0.0425 pin0=-0.015 a0=[0.008 0.010 0.001 0.000 0.038]
INFO  [mc_indi_tiltrotor] WRdbg1 Wu1=1 lo1=-17.54 du1=0.0355 pin1=-0.006 a1=[-0.007 0.009 0.001 -0.000 0.039]
INFO  [mc_indi_tiltrotor] T0dbg1 G0=[-0.355 0.249 0.003 0.159 -0.987] nu_des=[0.00 0.00 -0.01 -0.05 0.01]
INFO  [mc_indi_tiltrotor] T0dbg2 Ws34=[0.1 20.0] Wu0=1.0 du0=-0.0056 dmin0=-17.9554 dmax0=27.0446
INFO  [mc_indi_tiltrotor] T2dbg1 G2=[-0.000 -0.550 0.060 0.004 -1.000] G5=[-1.024 -1.161 -0.004 17.059 0.060]
INFO  [mc_indi_tiltrotor] T2dbg2 Wu25=[1.0 9.0] du25=[-0.0050 -0.0002] dmax25=[27.9406 0.0016] nu_yaw=-0.006
INFO  [mc_indi_tiltrotor] WRdbg0 Wu0=1 lo0=-17.96 du0=-0.0056 pin0=0.000 a0=[-0.003 -0.000 -0.000 -0.000 -0.002]
INFO  [mc_indi_tiltrotor] WRdbg1 Wu1=1 lo1=-18.18 du1=0.0032 pin1=0.000 a1=[0.004 0.001 0.001 -0.000 -0.002]
INFO  [mc_indi_tiltrotor] YWdbg nu2=0.015 ach2=0.013 r=-0.00 wsp2=-0.01 ddelta=[0.0120 0.0120 0.0023]
INFO  [mc_indi_tiltrotor] T0dbg1 G0=[-0.355 0.246 -0.003 0.177 -0.984] nu_des=[0.01 -0.06 -0.01 -0.65 0.05]
INFO  [mc_indi_tiltrotor] T0dbg2 Ws34=[0.1 20.0] Wu0=1.0 du0=-0.0232 dmin0=-17.7162 dmax0=27.2838
INFO  [mc_indi_tiltrotor] T2dbg1 G2=[-0.000 -0.550 0.060 0.006 -1.000] G5=[-1.009 -1.124 -0.006 16.823 0.098]
INFO  [mc_indi_tiltrotor] T2dbg2 Wu25=[1.0 9.0] du25=[0.0143 -0.0002] dmax25=[28.1768 0.0012] nu_yaw=-0.005
INFO  [mc_indi_tiltrotor] WRdbg0 Wu0=1 lo0=-17.72 du0=-0.0232 pin0=0.000 a0=[-0.013 0.006 -0.000 -0.004 -0.012]
INFO  [mc_indi_tiltrotor] WRdbg1 Wu1=1 lo1=-17.95 du1=-0.0102 pin1=0.000 a1=[0.018 -0.012 0.001 -0.002 -0.015]
INFO  [mc_indi_tiltrotor] T0dbg1 G0=[-0.355 0.248 0.002 0.164 -0.986] nu_des=[-0.01 -0.01 -0.03 -0.12 -0.22]
INFO  [mc_indi_tiltrotor] T0dbg2 Ws34=[0.1 20.0] Wu0=1.0 du0=0.0638 dmin0=-17.2729 dmax0=27.7271
INFO  [mc_indi_tiltrotor] T2dbg1 G2=[-0.000 -0.550 0.060 0.004 -1.000] G5=[-0.991 -1.118 -0.004 16.520 0.071]
INFO  [mc_indi_tiltrotor] T2dbg2 Wu25=[1.0 9.0] du25=[0.0951 0.0005] dmax25=[28.4796 0.0020] nu_yaw=-0.031
INFO  [mc_indi_tiltrotor] WRdbg0 Wu0=1 lo0=-17.27 du0=0.0638 pin0=0.000 a0=[0.007 0.001 -0.001 -0.001 0.058]
INFO  [mc_indi_tiltrotor] WRdbg1 Wu1=1 lo1=-17.56 du1=0.0617 pin1=0.000 a1=[-0.009 -0.003 0.006 -0.000 0.068]
INFO  [mc_indi_tiltrotor] YWdbg nu2=0.026 ach2=0.013 r=0.00 wsp2=-0.02 ddelta=[0.0030 0.0048 -0.0006]
INFO  [mc_indi_tiltrotor] T0dbg1 G0=[-0.355 0.246 -0.003 0.177 -0.984] nu_des=[0.01 -0.01 0.03 -0.60 0.02]
INFO  [mc_indi_tiltrotor] T0dbg2 Ws34=[0.1 20.0] Wu0=1.0 du0=-0.0202 dmin0=-17.8822 dmax0=27.1178
INFO  [mc_indi_tiltrotor] T2dbg1 G2=[-0.000 -0.550 0.060 0.005 -1.000] G5=[-1.029 -1.158 -0.005 17.145 0.077]
INFO  [mc_indi_tiltrotor] T2dbg2 Wu25=[1.0 9.0] du25=[-0.0037 -0.0006] dmax25=[27.8551 0.0012] nu_yaw=0.029
INFO  [mc_indi_tiltrotor] WRdbg0 Wu0=1 lo0=-17.88 du0=-0.0202 pin0=0.000 a0=[-0.013 0.001 0.001 -0.003 -0.006]
INFO  [mc_indi_tiltrotor] WRdbg1 Wu1=1 lo1=-18.15 du1=0.0005 pin1=0.000 a1=[0.017 -0.002 -0.006 -0.002 -0.007]
INFO  [mc_indi_tiltrotor] T0dbg1 G0=[-0.355 0.247 -0.001 0.172 -0.985] nu_des=[0.01 0.45 0.02 -0.15 8.68]
INFO  [mc_indi_tiltrotor] T0dbg2 Ws34=[0.1 20.0] Wu0=1.0 du0=-2.6171 dmin0=-16.5488 dmax0=28.4512
INFO  [mc_indi_tiltrotor] T2dbg1 G2=[-0.000 -0.550 0.060 0.004 -1.000] G5=[-0.960 -1.087 -0.004 15.994 0.059]
INFO  [mc_indi_tiltrotor] T2dbg2 Wu25=[1.0 1000000.0] du25=[-3.3951 -0.0037] dmax25=[29.0060 -0.0011] nu_yaw=0.024
INFO  [mc_indi_tiltrotor] WRdbg0 Wu0=1 lo0=-16.55 du0=-2.6171 pin0=0.064 a0=[-0.015 0.281 0.000 -0.000 -2.948]
INFO  [mc_indi_tiltrotor] WRdbg1 Wu1=1 lo1=-16.73 du1=-2.6678 pin1=0.022 a1=[0.014 0.284 -0.000 -0.000 -2.988]
INFO  [mc_indi_tiltrotor] YWdbg nu2=0.017 ach2=0.017 r=-0.02 wsp2=0.00 ddelta=[-0.0058 -0.0029 -0.0003]
INFO  [mc_indi_tiltrotor] T0dbg1 G0=[-0.355 0.249 0.003 0.161 -0.987] nu_des=[-0.00 -0.23 -0.03 -0.00 0.14]
INFO  [mc_indi_tiltrotor] T0dbg2 Ws34=[0.1 20.0] Wu0=1.0 du0=-0.1690 dmin0=-17.1182 dmax0=27.8818
INFO  [mc_indi_tiltrotor] T2dbg1 G2=[-0.000 -0.550 0.060 0.003 -1.000] G5=[-0.997 -1.137 -0.003 16.610 0.047]
INFO  [mc_indi_tiltrotor] T2dbg2 Wu25=[1.0 1000000.0] du25=[0.2130 0.0038] dmax25=[28.3899 0.0074] nu_yaw=-0.033
INFO  [mc_indi_tiltrotor] WRdbg0 Wu0=1 lo0=-17.12 du0=-0.1690 pin0=0.017 a0=[0.003 -0.141 -0.000 -0.000 -0.049]
INFO  [mc_indi_tiltrotor] WRdbg1 Wu1=1 lo1=-17.31 du1=-0.1869 pin1=0.009 a1=[-0.003 -0.143 0.000 -0.000 -0.049]
INFO  [mc_indi_tiltrotor] T0dbg1 G0=[-0.355 0.247 -0.001 0.171 -0.985] nu_des=[-0.01 0.04 -0.04 -0.35 -0.01]
INFO  [mc_indi_tiltrotor] T0dbg2 Ws34=[0.1 20.0] Wu0=1.0 du0=0.0097 dmin0=-17.6285 dmax0=27.3715
INFO  [mc_indi_tiltrotor] T2dbg1 G2=[-0.000 -0.550 0.060 0.003 -1.000] G5=[-1.015 -1.154 -0.003 16.923 0.055]
INFO  [mc_indi_tiltrotor] T2dbg2 Wu25=[1.0 9.0] du25=[-0.0095 -0.0002] dmax25=[28.0773 0.0017] nu_yaw=-0.038
INFO  [mc_indi_tiltrotor] WRdbg0 Wu0=1 lo0=-17.63 du0=0.0097 pin0=0.000 a0=[0.013 -0.004 -0.001 -0.002 0.004]
INFO  [mc_indi_tiltrotor] WRdbg1 Wu1=1 lo1=-17.88 du1=0.0023 pin1=0.000 a1=[-0.017 0.009 0.007 -0.001 0.004]
INFO  [mc_indi_tiltrotor] YWdbg nu2=0.022 ach2=0.013 r=0.02 wsp2=-0.02 ddelta=[0.0120 0.0120 0.0026]
INFO  [mc_indi_tiltrotor] T0dbg1 G0=[-0.355 0.247 -0.002 0.175 -0.985] nu_des=[0.01 -0.04 -0.00 -0.50 12.13]
INFO  [mc_indi_tiltrotor] T0dbg2 Ws34=[0.1 20.0] Wu0=1.0 du0=-4.1123 dmin0=-17.7207 dmax0=27.2793
INFO  [mc_indi_tiltrotor] T2dbg1 G2=[-0.000 -0.550 0.060 0.004 -1.000] G5=[-1.018 -1.152 -0.004 16.967 0.064]
INFO  [mc_indi_tiltrotor] T2dbg2 Wu25=[1.0 1000000.0] du25=[-3.8684 -0.0018] dmax25=[28.0329 0.0018] nu_yaw=-0.005
INFO  [mc_indi_tiltrotor] WRdbg0 Wu0=1 lo0=-17.72 du0=-4.1123 pin0=0.047 a0=[-0.010 -0.028 -0.000 -0.000 -4.122]
INFO  [mc_indi_tiltrotor] WRdbg1 Wu1=1 lo1=-17.97 du1=-4.1750 pin1=0.020 a1=[0.009 -0.028 0.000 -0.000 -4.176]
INFO  [mc_indi_tiltrotor] T0dbg1 G0=[-0.355 0.248 0.002 0.163 -0.987] nu_des=[-0.01 0.04 -0.05 -0.06 -0.16]
INFO  [mc_indi_tiltrotor] T0dbg2 Ws34=[0.1 20.0] Wu0=1.0 du0=0.0708 dmin0=-17.3172 dmax0=27.6828
INFO  [mc_indi_tiltrotor] T2dbg1 G2=[-0.000 -0.550 0.060 0.003 -1.000] G5=[-0.985 -1.120 -0.003 16.422 0.053]
INFO  [mc_indi_tiltrotor] T2dbg2 Wu25=[1.0 9.0] du25=[0.0200 -0.0001] dmax25=[28.5779 0.0018] nu_yaw=-0.051
INFO  [mc_indi_tiltrotor] WRdbg0 Wu0=1 lo0=-17.32 du0=0.0708 pin0=-0.014 a0=[0.008 0.023 -0.001 0.000 0.055]
INFO  [mc_indi_tiltrotor] WRdbg1 Wu1=1 lo1=-17.52 du1=0.0680 pin1=-0.003 a1=[-0.007 0.020 0.002 -0.000 0.055]
INFO  [mc_indi_tiltrotor] YWdbg nu2=0.014 ach2=0.013 r=-0.01 wsp2=-0.02 ddelta=[-0.0060 -0.0038 -0.0003]
INFO  [mc_indi_tiltrotor] T0dbg1 G0=[-0.355 0.248 0.001 0.167 -0.986] nu_des=[-0.00 0.28 -0.06 -0.29 0.21]
INFO  [mc_indi_tiltrotor] T0dbg2 Ws34=[0.1 20.0] Wu0=1.0 du0=0.0865 dmin0=-17.7144 dmax0=27.2856
INFO  [mc_indi_tiltrotor] T2dbg1 G2=[-0.000 -0.550 0.060 0.004 -1.000] G5=[-1.044 -1.183 -0.004 17.406 0.064]
INFO  [mc_indi_tiltrotor] T2dbg2 Wu25=[1.0 1000000.0] du25=[-0.3855 -0.0037] dmax25=[27.5937 -0.0020] nu_yaw=-0.056
INFO  [mc_indi_tiltrotor] WRdbg0 Wu0=1 lo0=-17.71 du0=0.0865 pin0=-0.025 a0=[0.006 0.175 -0.000 -0.000 -0.070]
INFO  [mc_indi_tiltrotor] WRdbg1 Wu1=1 lo1=-18.11 du1=0.0794 pin1=-0.021 a1=[-0.006 0.177 0.000 -0.000 -0.071]
INFO  [mc_indi_tiltrotor] T0dbg1 G0=[-0.355 0.246 -0.004 0.179 -0.984] nu_des=[-0.01 -0.01 0.02 -0.36 7.19]
INFO  [mc_indi_tiltrotor] T0dbg2 Ws34=[0.1 20.0] Wu0=1.0 du0=-2.3888 dmin0=-16.0219 dmax0=28.9781
INFO  [mc_indi_tiltrotor] T2dbg1 G2=[-0.000 -0.550 0.060 0.004 -1.000] G5=[-0.921 -1.044 -0.003 15.356 0.056]
INFO  [mc_indi_tiltrotor] T2dbg2 Wu25=[1.0 1000000.0] du25=[-2.3230 -0.0037] dmax25=[29.6435 -0.0020] nu_yaw=0.016
INFO  [mc_indi_tiltrotor] WRdbg0 Wu0=1 lo0=-16.02 du0=-2.3888 pin0=0.045 a0=[0.018 -0.004 0.000 -0.000 -2.447]
INFO  [mc_indi_tiltrotor] WRdbg1 Wu1=1 lo1=-16.24 du1=-2.4835 pin1=0.015 a1=[-0.017 -0.004 -0.000 -0.000 -2.477]
INFO  [mc_indi_tiltrotor] YWdbg nu2=0.003 ach2=-0.004 r=-0.01 wsp2=-0.01 ddelta=[-0.0072 -0.0083 0.0004]
INFO  [mc_indi_tiltrotor] T0dbg1 G0=[-0.355 0.248 0.001 0.166 -0.986] nu_des=[-0.00 0.11 -0.04 -0.15 0.19]
INFO  [mc_indi_tiltrotor] T0dbg2 Ws34=[0.1 20.0] Wu0=1.0 du0=0.0182 dmin0=-17.0060 dmax0=27.9940
INFO  [mc_indi_tiltrotor] T2dbg1 G2=[-0.000 -0.550 0.060 0.004 -1.000] G5=[-1.026 -1.160 -0.004 17.093 0.067]
INFO  [mc_indi_tiltrotor] T2dbg2 Wu25=[1.0 1000000.0] du25=[-0.2105 0.0004] dmax25=[27.9073 0.0040] nu_yaw=-0.044
INFO  [mc_indi_tiltrotor] WRdbg0 Wu0=1 lo0=-17.01 du0=0.0182 pin0=0.011 a0=[0.004 0.069 -0.000 -0.000 -0.066]
INFO  [mc_indi_tiltrotor] WRdbg1 Wu1=1 lo1=-17.23 du1=0.0059 pin1=0.007 a1=[-0.004 0.069 0.000 -0.000 -0.067]
INFO  [mc_indi_tiltrotor] T0dbg1 G0=[-0.355 0.246 -0.004 0.180 -0.984] nu_des=[0.01 -0.01 0.01 -0.75 -0.00]
INFO  [mc_indi_tiltrotor] T0dbg2 Ws34=[0.1 20.0] Wu0=1.0 du0=-0.0116 dmin0=-17.8822 dmax0=27.1178
INFO  [mc_indi_tiltrotor] T2dbg1 G2=[-0.000 -0.550 0.060 0.004 -1.000] G5=[-1.029 -1.168 -0.004 17.156 0.060]
INFO  [mc_indi_tiltrotor] T2dbg2 Wu25=[1.0 9.0] du25=[0.0083 -0.0006] dmax25=[27.8439 0.0013] nu_yaw=0.011
INFO  [mc_indi_tiltrotor] WRdbg0 Wu0=1 lo0=-17.88 du0=-0.0116 pin0=0.000 a0=[-0.009 0.001 0.000 -0.004 0.001]
INFO  [mc_indi_tiltrotor] WRdbg1 Wu1=1 lo1=-18.15 du1=0.0071 pin1=0.000 a1=[0.013 -0.002 -0.002 -0.003 0.001]
INFO  [mc_indi_tiltrotor] YWdbg nu2=0.008 ach2=0.007 r=-0.00 wsp2=-0.01 ddelta=[-0.0010 0.0001 0.0000]
INFO  [mc_indi_tiltrotor] T0dbg1 G0=[-0.355 0.248 0.001 0.167 -0.986] nu_des=[0.00 -0.28 0.02 0.20 4.29]
INFO  [mc_indi_tiltrotor] T0dbg2 Ws34=[0.1 20.0] Wu0=1.0 du0=-1.5767 dmin0=-15.0098 dmax0=29.9902
INFO  [mc_indi_tiltrotor] T2dbg1 G2=[-0.000 -0.550 0.060 0.002 -1.000] G5=[-0.855 -0.981 -0.002 14.248 0.030]
INFO  [mc_indi_tiltrotor] T2dbg2 Wu25=[1.0 1000000.0] du25=[-1.0850 -0.0004] dmax25=[30.7522 -0.0004] nu_yaw=0.017
INFO  [mc_indi_tiltrotor] WRdbg0 Wu0=1 lo0=-15.01 du0=-1.5767 pin0=0.056 a0=[-0.005 -0.171 0.000 0.000 -1.457]
INFO  [mc_indi_tiltrotor] WRdbg1 Wu1=1 lo1=-15.18 du1=-1.6183 pin1=0.026 a1=[0.004 -0.173 -0.000 0.000 -1.476]
INFO  [mc_indi_tiltrotor] T0dbg1 G0=[-0.355 0.249 0.004 0.158 -0.987] nu_des=[-0.01 -0.01 -0.05 0.06 -0.06]
INFO  [mc_indi_tiltrotor] T0dbg2 Ws34=[0.1 20.0] Wu0=1.0 du0=0.0261 dmin0=-17.2131 dmax0=27.7869
INFO  [mc_indi_tiltrotor] T2dbg1 G2=[-0.000 -0.550 0.060 0.004 -1.000] G5=[-0.979 -1.107 -0.004 16.308 0.063]
INFO  [mc_indi_tiltrotor] T2dbg2 Wu25=[1.0 9.0] du25=[0.0309 0.0003] dmax25=[28.6915 0.0022] nu_yaw=-0.045
INFO  [mc_indi_tiltrotor] WRdbg0 Wu0=1 lo0=-17.21 du0=0.0261 pin0=-0.012 a0=[0.009 -0.008 0.016 -0.000 0.021]
INFO  [mc_indi_tiltrotor] WRdbg1 Wu1=1 lo1=-17.39 du1=0.0184 pin1=-0.005 a1=[-0.008 -0.007 0.016 0.000 0.021]
INFO  [mc_indi_tiltrotor] YWdbg nu2=0.011 ach2=-0.009 r=0.02 wsp2=-0.02 ddelta=[0.0030 0.0012 -0.0002]
INFO  [mc_indi_tiltrotor] T0dbg1 G0=[-0.355 0.247 -0.002 0.174 -0.985] nu_des=[0.00 0.00 0.00 -0.51 0.00]
INFO  [mc_indi_tiltrotor] T0dbg2 Ws34=[0.1 20.0] Wu0=1.0 du0=-0.0046 dmin0=-17.6748 dmax0=27.3252
INFO  [mc_indi_tiltrotor] T2dbg1 G2=[-0.000 -0.550 0.060 0.004 -1.000] G5=[-1.014 -1.143 -0.004 16.905 0.074]
INFO  [mc_indi_tiltrotor] T2dbg2 Wu25=[1.0 9.0] du25=[0.0009 -0.0003] dmax25=[28.0949 0.0014] nu_yaw=0.001
INFO  [mc_indi_tiltrotor] WRdbg0 Wu0=1 lo0=-17.67 du0=-0.0046 pin0=0.000 a0=[-0.001 -0.000 0.000 -0.003 -0.001]
INFO  [mc_indi_tiltrotor] WRdbg1 Wu1=1 lo1=-17.99 du1=-0.0010 pin1=0.000 a1=[0.001 0.000 -0.000 -0.002 -0.001]
INFO  [mc_indi_tiltrotor] T0dbg1 G0=[-0.355 0.247 -0.000 0.170 -0.985] nu_des=[0.01 -0.17 0.01 0.18 2.58]
INFO  [mc_indi_tiltrotor] T0dbg2 Ws34=[0.1 20.0] Wu0=1.0 du0=-0.9354 dmin0=-14.2919 dmax0=30.7081
INFO  [mc_indi_tiltrotor] T2dbg1 G2=[-0.000 -0.550 0.060 0.004 -1.000] G5=[-0.837 -0.950 -0.003 13.955 0.049]
INFO  [mc_indi_tiltrotor] T2dbg2 Wu25=[1.0 1000000.0] du25=[-0.6680 0.0019] dmax25=[31.0450 0.0055] nu_yaw=0.006
INFO  [mc_indi_tiltrotor] WRdbg0 Wu0=1 lo0=-14.29 du0=-0.9354 pin0=0.052 a0=[-0.009 -0.104 0.000 0.000 -0.875]
INFO  [mc_indi_tiltrotor] WRdbg1 Wu1=1 lo1=-14.49 du1=-0.9526 pin1=0.030 a1=[0.008 -0.105 -0.000 0.000 -0.886]
INFO  [mc_indi_tiltrotor] YWdbg nu2=-0.011 ach2=0.002 r=-0.01 wsp2=-0.01 ddelta=[-0.0057 -0.0056 0.0009]
INFO  [mc_indi_tiltrotor] T0dbg1 G0=[-0.355 0.249 0.003 0.160 -0.987] nu_des=[-0.00 0.01 -0.02 0.01 -0.16]
INFO  [mc_indi_tiltrotor] T0dbg2 Ws34=[0.1 20.0] Wu0=1.0 du0=0.0539 dmin0=-17.3604 dmax0=27.6396
INFO  [mc_indi_tiltrotor] T2dbg1 G2=[-0.000 -0.550 0.060 0.004 -1.000] G5=[-0.998 -1.129 -0.004 16.632 0.063]
INFO  [mc_indi_tiltrotor] T2dbg2 Wu25=[1.0 9.0] du25=[0.0512 0.0004] dmax25=[28.3681 0.0017] nu_yaw=-0.018
INFO  [mc_indi_tiltrotor] WRdbg0 Wu0=1 lo0=-17.36 du0=0.0539 pin0=-0.010 a0=[0.006 0.004 -0.000 -0.000 0.054]
INFO  [mc_indi_tiltrotor] WRdbg1 Wu1=1 lo1=-17.58 du1=0.0499 pin1=-0.004 a1=[-0.006 0.004 0.001 0.000 0.054]
INFO  [mc_indi_tiltrotor] T0dbg1 G0=[-0.355 0.247 -0.000 0.169 -0.986] nu_des=[0.00 -0.24 -0.04 -0.21 0.05]
INFO  [mc_indi_tiltrotor] T0dbg2 Ws34=[0.1 20.0] Wu0=1.0 du0=-0.1159 dmin0=-17.8374 dmax0=27.1626
INFO  [mc_indi_tiltrotor] T2dbg1 G2=[-0.000 -0.550 0.060 0.004 -1.000] G5=[-1.029 -1.164 -0.004 17.148 0.066]
INFO  [mc_indi_tiltrotor] T2dbg2 Wu25=[1.0 1000000.0] du25=[0.2245 0.0047] dmax25=[27.8517 0.0047] nu_yaw=-0.035
INFO  [mc_indi_tiltrotor] WRdbg0 Wu0=1 lo0=-17.84 du0=-0.1159 pin0=0.053 a0=[-0.004 -0.148 -0.000 -0.000 -0.016]
INFO  [mc_indi_tiltrotor] WRdbg1 Wu1=1 lo1=-18.05 du1=-0.1220 pin1=0.041 a1=[0.004 -0.150 0.000 -0.000 -0.017]
INFO  [mc_indi_tiltrotor] YWdbg nu2=-0.014 ach2=-0.015 r=0.01 wsp2=-0.02 ddelta=[0.0082 0.0057 -0.0001]
INFO  [mc_indi_tiltrotor] T0dbg1 G0=[-0.355 0.246 -0.003 0.176 -0.984] nu_des=[0.01 -0.12 0.03 0.14 1.30]
INFO  [mc_indi_tiltrotor] T0dbg2 Ws34=[0.1 20.0] Wu0=1.0 du0=-0.4816 dmin0=-14.1616 dmax0=30.8384
INFO  [mc_indi_tiltrotor] T2dbg1 G2=[-0.000 -0.550 0.060 0.004 -1.000] G5=[-0.801 -0.903 -0.003 13.350 0.058]
INFO  [mc_indi_tiltrotor] T2dbg2 Wu25=[1.0 1000000.0] du25=[-0.3206 0.0001] dmax25=[31.6504 0.0037] nu_yaw=0.033
INFO  [mc_indi_tiltrotor] WRdbg0 Wu0=1 lo0=-14.16 du0=-0.4816 pin0=0.054 a0=[-0.020 -0.072 0.000 0.000 -0.443]
INFO  [mc_indi_tiltrotor] WRdbg1 Wu1=1 lo1=-14.32 du1=-0.4763 pin1=0.026 a1=[0.019 -0.073 -0.000 0.000 -0.449]
INFO  [mc_indi_tiltrotor] T0dbg1 G0=[-0.355 0.249 0.003 0.159 -0.987] nu_des=[-0.01 -0.02 -0.04 0.02 -0.06]
INFO  [mc_indi_tiltrotor] T0dbg2 Ws34=[0.1 20.0] Wu0=1.0 du0=0.0225 dmin0=-17.2564 dmax0=27.7436
INFO  [mc_indi_tiltrotor] T2dbg1 G2=[-0.000 -0.550 0.060 0.004 -1.000] G5=[-0.980 -1.110 -0.004 16.342 0.062]
INFO  [mc_indi_tiltrotor] T2dbg2 Wu25=[1.0 9.0] du25=[0.0385 0.0005] dmax25=[28.6583 0.0023] nu_yaw=-0.042
INFO  [mc_indi_tiltrotor] WRdbg0 Wu0=1 lo0=-17.26 du0=0.0225 pin0=0.000 a0=[0.006 0.002 -0.002 0.000 0.016]
INFO  [mc_indi_tiltrotor] WRdbg1 Wu1=1 lo1=-17.55 du1=0.0134 pin1=0.000 a1=[-0.008 -0.006 0.009 0.000 0.019]
INFO  [mc_indi_tiltrotor] YWdbg nu2=0.001 ach2=0.001 r=-0.00 wsp2=-0.00 ddelta=[-0.0007 -0.0007 0.0002]
INFO  [mc_indi_tiltrotor] T0dbg1 G0=[-0.355 0.248 0.001 0.168 -0.986] nu_des=[-0.01 0.01 -0.01 -0.32 -0.00]
INFO  [mc_indi_tiltrotor] T0dbg2 Ws34=[0.1 20.0] Wu0=1.0 du0=0.0032 dmin0=-17.7369 dmax0=27.2631
INFO  [mc_indi_tiltrotor] T2dbg1 G2=[-0.000 -0.550 0.060 0.004 -1.000] G5=[-1.022 -1.150 -0.005 17.027 0.076]
INFO  [mc_indi_tiltrotor] T2dbg2 Wu25=[1.0 9.0] du25=[-0.0003 -0.0000] dmax25=[27.9726 0.0020] nu_yaw=-0.013
INFO  [mc_indi_tiltrotor] WRdbg0 Wu0=1 lo0=-17.74 du0=0.0032 pin0=0.000 a0=[0.006 -0.001 -0.000 -0.002 0.001]
INFO  [mc_indi_tiltrotor] WRdbg1 Wu1=1 lo1=-18.07 du1=-0.0035 pin1=0.000 a1=[-0.007 0.002 0.003 -0.001 0.001]
INFO  [mc_indi_tiltrotor] T0dbg1 G0=[-0.355 0.247 -0.001 0.171 -0.985] nu_des=[-0.00 -0.15 -0.01 0.29 1.79]
INFO  [mc_indi_tiltrotor] T0dbg2 Ws34=[0.1 20.0] Wu0=1.0 du0=-0.6392 dmin0=-14.3791 dmax0=30.6209
INFO  [mc_indi_tiltrotor] T2dbg1 G2=[-0.000 -0.550 0.060 0.004 -1.000] G5=[-0.828 -0.937 -0.003 13.794 0.052]
INFO  [mc_indi_tiltrotor] T2dbg2 Wu25=[1.0 1000000.0] du25=[-0.4377 0.0016] dmax25=[31.2059 0.0052] nu_yaw=-0.008
INFO  [mc_indi_tiltrotor] WRdbg0 Wu0=1 lo0=-14.38 du0=-0.6392 pin0=0.053 a0=[0.007 -0.092 -0.000 0.000 -0.606]
INFO  [mc_indi_tiltrotor] WRdbg1 Wu1=1 lo1=-14.55 du1=-0.6866 pin1=0.028 a1=[-0.006 -0.094 0.000 0.000 -0.615]
INFO  [mc_indi_tiltrotor] YWdbg nu2=-0.042 ach2=-0.019 r=0.03 wsp2=-0.01 ddelta=[0.0002 -0.0029 0.0001]
INFO  [mc_indi_tiltrotor] T0dbg1 G0=[-0.355 0.247 -0.001 0.171 -0.985] nu_des=[0.01 -0.09 0.04 -0.30 -0.04]
INFO  [mc_indi_tiltrotor] T0dbg2 Ws34=[0.1 20.0] Wu0=1.0 du0=-0.0421 dmin0=-17.7745 dmax0=27.2255
INFO  [mc_indi_tiltrotor] T2dbg1 G2=[-0.000 -0.550 0.060 0.005 -1.000] G5=[-0.982 -1.105 -0.004 16.370 0.074]
INFO  [mc_indi_tiltrotor] T2dbg2 Wu25=[1.0 9.0] du25=[0.1138 0.0013] dmax25=[28.6295 0.0023] nu_yaw=0.037
INFO  [mc_indi_tiltrotor] WRdbg0 Wu0=1 lo0=-17.77 du0=-0.0421 pin0=0.007 a0=[-0.008 -0.056 0.001 0.000 0.014]
INFO  [mc_indi_tiltrotor] WRdbg1 Wu1=1 lo1=-17.87 du1=-0.0262 pin1=0.003 a1=[0.007 -0.049 -0.002 -0.000 0.015]
INFO  [mc_indi_tiltrotor] T0dbg1 G0=[-0.355 0.248 0.000 0.168 -0.986] nu_des=[-0.01 0.16 -0.05 -0.28 0.19]
INFO  [mc_indi_tiltrotor] T0dbg2 Ws34=[0.1 20.0] Wu0=1.0 du0=0.0071 dmin0=-17.9288 dmax0=27.0712
INFO  [mc_indi_tiltrotor] T2dbg1 G2=[-0.000 -0.550 0.060 0.004 -1.000] G5=[-1.018 -1.152 -0.004 16.975 0.066]
INFO  [mc_indi_tiltrotor] T2dbg2 Wu25=[1.0 1000000.0] du25=[-0.2222 -0.0022] dmax25=[28.0250 -0.0022] nu_yaw=-0.050
INFO  [mc_indi_tiltrotor] WRdbg0 Wu0=1 lo0=-17.93 du0=0.0071 pin0=-0.041 a0=[0.013 0.100 -0.000 -0.000 -0.065]
INFO  [mc_indi_tiltrotor] WRdbg1 Wu1=1 lo1=-18.14 du1=-0.0090 pin1=-0.032 a1=[-0.012 0.102 0.000 -0.000 -0.066]
INFO  [mc_indi_tiltrotor] YWdbg nu2=-0.002 ach2=-0.042 r=-0.01 wsp2=-0.03 ddelta=[0.0012 0.0012 -0.0044]
INFO  [mc_indi_tiltrotor] T0dbg1 G0=[-0.355 0.244 -0.008 0.191 -0.982] nu_des=[0.01 -0.12 0.03 -0.23 1.00]
INFO  [mc_indi_tiltrotor] T0dbg2 Ws34=[0.1 20.0] Wu0=1.0 du0=-0.3740 dmin0=-13.9388 dmax0=31.0612
INFO  [mc_indi_tiltrotor] T2dbg1 G2=[-0.000 -0.550 0.060 0.004 -1.000] G5=[-0.796 -0.899 -0.003 13.265 0.053]
INFO  [mc_indi_tiltrotor] T2dbg2 Wu25=[1.0 9.0] du25=[-0.2218 0.0017] dmax25=[31.7344 0.0033] nu_yaw=0.031
INFO  [mc_indi_tiltrotor] WRdbg0 Wu0=1 lo0=-13.94 du0=-0.3740 pin0=0.056 a0=[-0.013 -0.075 0.000 0.000 -0.342]
INFO  [mc_indi_tiltrotor] WRdbg1 Wu1=1 lo1=-14.17 du1=-0.3755 pin1=0.027 a1=[0.012 -0.069 -0.001 -0.000 -0.345]
INFO  [mc_indi_tiltrotor] T0dbg1 G0=[-0.355 0.247 -0.000 0.169 -0.986] nu_des=[-0.01 -0.09 0.03 -0.25 0.11]
INFO  [mc_indi_tiltrotor] T0dbg2 Ws34=[0.1 20.0] Wu0=1.0 du0=-0.0666 dmin0=-17.1645 dmax0=27.8355
INFO  [mc_indi_tiltrotor] T2dbg1 G2=[-0.000 -0.550 0.060 0.003 -1.000] G5=[-1.006 -1.145 -0.003 16.765 0.052]
INFO  [mc_indi_tiltrotor] T2dbg2 Wu25=[1.0 1000000.0] du25=[0.0530 0.0034] dmax25=[28.2353 0.0070] nu_yaw=0.032
INFO  [mc_indi_tiltrotor] WRdbg0 Wu0=1 lo0=-17.16 du0=-0.0666 pin0=0.011 a0=[0.014 -0.053 0.000 -0.000 -0.038]
INFO  [mc_indi_tiltrotor] WRdbg1 Wu1=1 lo1=-17.54 du1=-0.0927 pin1=0.013 a1=[-0.013 -0.054 -0.000 -0.000 -0.039]
INFO  [mc_indi_tiltrotor] YWdbg nu2=-0.007 ach2=-0.007 r=-0.02 wsp2=0.03 ddelta=[0.0058 0.0045 -0.0001]
INFO  [mc_indi_tiltrotor] T0dbg1 G0=[-0.355 0.248 0.001 0.167 -0.986] nu_des=[0.01 0.02 -0.02 -0.26 -0.02]
INFO  [mc_indi_tiltrotor] T0dbg2 Ws34=[0.1 20.0] Wu0=1.0 du0=-0.0051 dmin0=-17.6650 dmax0=27.3350
INFO  [mc_indi_tiltrotor] T2dbg1 G2=[-0.000 -0.550 0.060 0.003 -1.000] G5=[-1.028 -1.171 -0.003 17.132 0.051]
INFO  [mc_indi_tiltrotor] T2dbg2 Wu25=[1.0 9.0] du25=[-0.0027 -0.0007] dmax25=[27.8675 0.0010] nu_yaw=-0.018
INFO  [mc_indi_tiltrotor] WRdbg0 Wu0=1 lo0=-17.66 du0=-0.0051 pin0=0.000 a0=[-0.006 -0.002 -0.001 -0.001 0.004]
INFO  [mc_indi_tiltrotor] WRdbg1 Wu1=1 lo1=-17.98 du1=0.0191 pin1=0.000 a1=[0.007 0.004 0.004 -0.001 0.005]
INFO  [mc_indi_tiltrotor] T0dbg1 G0=[-0.355 0.247 -0.001 0.171 -0.985] nu_des=[0.01 0.05 -0.01 0.33 0.06]
INFO  [mc_indi_tiltrotor] T0dbg2 Ws34=[0.1 20.0] Wu0=1.0 du0=0.0402 dmin0=-13.8943 dmax0=31.1057
INFO  [mc_indi_tiltrotor] T2dbg1 G2=[-0.000 -0.550 0.060 0.004 -1.000] G5=[-0.828 -0.937 -0.003 13.797 0.053]
INFO  [mc_indi_tiltrotor] T2dbg2 Wu25=[1.0 1000000.0] du25=[-0.1252 0.0022] dmax25=[31.2025 0.0058] nu_yaw=-0.008
INFO  [mc_indi_tiltrotor] WRdbg0 Wu0=1 lo0=-13.89 du0=0.0402 pin0=0.043 a0=[-0.014 0.032 -0.000 0.000 -0.021]
INFO  [mc_indi_tiltrotor] WRdbg1 Wu1=1 lo1=-13.96 du1=0.0502 pin1=0.025 a1=[0.013 0.033 0.000 0.000 -0.021]
INFO  [mc_indi_tiltrotor] YWdbg nu2=-0.047 ach2=-0.028 r=0.05 wsp2=-0.01 ddelta=[0.0010 -0.0036 0.0001]
INFO  [mc_indi_tiltrotor] T0dbg1 G0=[-0.355 0.247 -0.000 0.170 -0.986] nu_des=[0.01 -0.29 -0.05 -0.19 0.01]
INFO  [mc_indi_tiltrotor] T0dbg2 Ws34=[0.1 20.0] Wu0=1.0 du0=-0.1386 dmin0=-17.4744 dmax0=27.5256
INFO  [mc_indi_tiltrotor] T2dbg1 G2=[-0.000 -0.550 0.060 0.005 -1.000] G5=[-1.008 -1.128 -0.005 16.798 0.088]
INFO  [mc_indi_tiltrotor] T2dbg2 Wu25=[1.0 1000000.0] du25=[0.2961 0.0037] dmax25=[28.2022 0.0073] nu_yaw=-0.055
INFO  [mc_indi_tiltrotor] WRdbg0 Wu0=1 lo0=-17.47 du0=-0.1386 pin0=0.054 a0=[-0.011 -0.178 -0.000 -0.000 -0.004]
INFO  [mc_indi_tiltrotor] WRdbg1 Wu1=1 lo1=-17.60 du1=-0.1348 pin1=0.038 a1=[0.011 -0.180 0.000 -0.000 -0.004]
INFO  [mc_indi_tiltrotor] T0dbg1 G0=[-0.355 0.248 0.000 0.168 -0.986] nu_des=[-0.01 -0.32 -0.05 -0.23 0.06]
INFO  [mc_indi_tiltrotor] T0dbg2 Ws34=[0.1 20.0] Wu0=1.0 du0=-0.1598 dmin0=-17.7780 dmax0=27.2220
INFO  [mc_indi_tiltrotor] T2dbg1 G2=[-0.000 -0.550 0.060 0.004 -1.000] G5=[-1.010 -1.140 -0.004 16.828 0.069]
INFO  [mc_indi_tiltrotor] T2dbg2 Wu25=[1.0 1000000.0] du25=[0.3182 0.0063] dmax25=[28.1716 0.0063] nu_yaw=-0.046
INFO  [mc_indi_tiltrotor] WRdbg0 Wu0=1 lo0=-17.78 du0=-0.1598 pin0=0.044 a0=[0.013 -0.196 -0.000 -0.000 -0.021]
INFO  [mc_indi_tiltrotor] WRdbg1 Wu1=1 lo1=-18.01 du1=-0.1873 pin1=0.045 a1=[-0.013 -0.198 0.000 -0.000 -0.022]
INFO  [mc_indi_tiltrotor] YWdbg nu2=-0.014 ach2=-0.153 r=0.01 wsp2=-0.05 ddelta=[0.0030 -0.0040 -0.0050]
INFO  [mc_indi_tiltrotor] T0dbg1 G0=[-0.355 0.247 -0.002 0.175 -0.985] nu_des=[0.01 -0.16 0.03 0.25 0.25]
INFO  [mc_indi_tiltrotor] T0dbg2 Ws34=[0.1 20.0] Wu0=1.0 du0=-0.1423 dmin0=-13.7884 dmax0=31.2116
INFO  [mc_indi_tiltrotor] T2dbg1 G2=[-0.000 -0.550 0.060 0.005 -1.000] G5=[-0.793 -0.891 -0.004 13.225 0.063]
INFO  [mc_indi_tiltrotor] T2dbg2 Wu25=[1.0 1000000.0] du25=[0.0750 0.0028] dmax25=[31.7749 0.0064] nu_yaw=0.034
INFO  [mc_indi_tiltrotor] WRdbg0 Wu0=1 lo0=-13.79 du0=-0.1423 pin0=0.051 a0=[-0.008 -0.102 0.000 0.000 -0.084]
INFO  [mc_indi_tiltrotor] WRdbg1 Wu1=1 lo1=-14.10 du1=-0.1507 pin1=0.030 a1=[0.007 -0.103 -0.000 0.000 -0.085]
INFO  [mc_indi_tiltrotor] T0dbg1 G0=[-0.355 0.249 0.003 0.162 -0.987] nu_des=[-0.01 0.02 0.01 -0.04 -0.19]
INFO  [mc_indi_tiltrotor] T0dbg2 Ws34=[0.1 20.0] Wu0=1.0 du0=0.0610 dmin0=-17.2530 dmax0=27.7470
INFO  [mc_indi_tiltrotor] T2dbg1 G2=[-0.000 -0.550 0.060 0.004 -1.000] G5=[-1.003 -1.129 -0.004 16.713 0.074]
INFO  [mc_indi_tiltrotor] T2dbg2 Wu25=[1.0 9.0] du25=[0.0561 0.0002] dmax25=[28.2870 0.0013] nu_yaw=0.010
INFO  [mc_indi_tiltrotor] WRdbg0 Wu0=1 lo0=-17.25 du0=0.0610 pin0=-0.025 a0=[0.007 0.014 0.000 0.000 0.065]
INFO  [mc_indi_tiltrotor] WRdbg1 Wu1=1 lo1=-17.58 du1=0.0569 pin1=-0.014 a1=[-0.007 0.012 -0.000 -0.000 0.065]
INFO  [mc_indi_tiltrotor] YWdbg nu2=-0.015 ach2=0.016 r=0.01 wsp2=-0.01 ddelta=[0.0120 0.0120 0.0045]
INFO  [mc_indi_tiltrotor] T0dbg1 G0=[-0.355 0.247 -0.001 0.171 -0.985] nu_des=[0.01 -0.05 -0.02 -0.46 0.09]
INFO  [mc_indi_tiltrotor] T0dbg2 Ws34=[0.1 20.0] Wu0=1.0 du0=-0.0267 dmin0=-17.9488 dmax0=27.0512
INFO  [mc_indi_tiltrotor] T2dbg1 G2=[-0.000 -0.550 0.060 0.005 -1.000] G5=[-1.023 -1.142 -0.006 17.058 0.094]
INFO  [mc_indi_tiltrotor] T2dbg2 Wu25=[1.0 9.0] du25=[-0.0045 0.0001] dmax25=[27.9422 0.0021] nu_yaw=-0.015
INFO  [mc_indi_tiltrotor] WRdbg0 Wu0=1 lo0=-17.95 du0=-0.0267 pin0=0.000 a0=[-0.006 0.005 -0.000 -0.003 -0.023]
INFO  [mc_indi_tiltrotor] WRdbg1 Wu1=1 lo1=-18.06 du1=-0.0298 pin1=0.000 a1=[0.008 -0.011 0.003 -0.002 -0.027]
INFO  [mc_indi_tiltrotor] T0dbg1 G0=[-0.355 0.247 -0.001 0.172 -0.985] nu_des=[0.01 0.05 0.02 0.21 -0.17]
INFO  [mc_indi_tiltrotor] T0dbg2 Ws34=[0.1 20.0] Wu0=1.0 du0=0.0646 dmin0=-14.5102 dmax0=30.4898
INFO  [mc_indi_tiltrotor] T2dbg1 G2=[-0.000 -0.550 0.060 0.004 -1.000] G5=[-0.791 -0.893 -0.003 13.182 0.054]
INFO  [mc_indi_tiltrotor] T2dbg2 Wu25=[1.0 9.0] du25=[0.0035 -0.0019] dmax25=[31.8177 -0.0007] nu_yaw=0.023
INFO  [mc_indi_tiltrotor] WRdbg0 Wu0=1 lo0=-14.51 du0=0.0646 pin0=-0.011 a0=[-0.014 0.032 0.000 -0.000 0.057]
INFO  [mc_indi_tiltrotor] WRdbg1 Wu1=1 lo1=-14.60 du1=0.0954 pin1=-0.005 a1=[0.013 0.030 -0.001 0.000 0.058]
INFO  [mc_indi_tiltrotor] YWdbg nu2=0.002 ach2=0.016 r=-0.01 wsp2=-0.03 ddelta=[-0.0120 -0.0074 -0.0019]
INFO  [mc_indi_tiltrotor] T0dbg1 G0=[-0.355 0.248 0.002 0.163 -0.987] nu_des=[0.03 0.02 0.02 -0.14 -0.07]
INFO  [mc_indi_tiltrotor] T0dbg2 Ws34=[0.1 20.0] Wu0=1.0 du0=-0.0216 dmin0=-17.5916 dmax0=27.4084
INFO  [mc_indi_tiltrotor] T2dbg1 G2=[-0.000 -0.550 0.060 0.004 -1.000] G5=[-1.004 -1.136 -0.004 16.730 0.063]
INFO  [mc_indi_tiltrotor] T2dbg2 Wu25=[1.0 9.0] du25=[0.0098 -0.0018] dmax25=[28.2696 0.0006] nu_yaw=0.017
INFO  [mc_indi_tiltrotor] WRdbg0 Wu0=1 lo0=-17.59 du0=-0.0216 pin0=0.002 a0=[-0.049 0.010 -0.007 0.000 0.022]
INFO  [mc_indi_tiltrotor] WRdbg1 Wu1=1 lo1=-17.93 du1=0.0692 pin1=0.001 a1=[0.044 0.008 -0.006 -0.000 0.022]
INFO  [mc_indi_tiltrotor] T0dbg1 G0=[-0.355 0.248 -0.000 0.169 -0.986] nu_des=[0.00 -0.10 -0.02 -0.41 0.07]
INFO  [mc_indi_tiltrotor] T0dbg2 Ws34=[0.1 20.0] Wu0=1.0 du0=-0.0269 dmin0=-17.7522 dmax0=27.2478
INFO  [mc_indi_tiltrotor] T2dbg1 G2=[-0.000 -0.550 0.060 0.005 -1.000] G5=[-1.018 -1.145 -0.005 16.972 0.079]
INFO  [mc_indi_tiltrotor] T2dbg2 Wu25=[1.0 9.0] du25=[0.0446 0.0020] dmax25=[28.0278 0.0036] nu_yaw=-0.023
INFO  [mc_indi_tiltrotor] WRdbg0 Wu0=1 lo0=-17.75 du0=-0.0269 pin0=0.067 a0=[-0.003 -0.067 -0.000 0.000 -0.024]
INFO  [mc_indi_tiltrotor] WRdbg1 Wu1=1 lo1=-18.12 du1=-0.0490 pin1=0.029 a1=[0.003 -0.058 0.001 -0.000 -0.024]
INFO  [mc_indi_tiltrotor] YWdbg nu2=-0.017 ach2=-0.017 r=0.00 wsp2=-0.01 ddelta=[-0.0000 -0.0027 -0.0004]
INFO  [mc_indi_tiltrotor] T0dbg1 G0=[-0.355 0.246 -0.003 0.177 -0.984] nu_des=[-0.00 0.19 -0.03 0.18 -0.75]
INFO  [mc_indi_tiltrotor] T0dbg2 Ws34=[0.1 20.0] Wu0=1.0 du0=0.4118 dmin0=-13.7414 dmax0=31.2586
INFO  [mc_indi_tiltrotor] T2dbg1 G2=[-0.000 -0.550 0.060 0.005 -1.000] G5=[-0.845 -0.950 -0.004 14.088 0.066]
INFO  [mc_indi_tiltrotor] T2dbg2 Wu25=[1.0 1000000.0] du25=[-0.0266 0.0010] dmax25=[30.9118 0.0046] nu_yaw=-0.031
INFO  [mc_indi_tiltrotor] WRdbg0 Wu0=1 lo0=-13.74 du0=0.4118 pin0=0.040 a0=[0.001 0.116 -0.000 0.000 0.255]
INFO  [mc_indi_tiltrotor] WRdbg1 Wu1=1 lo1=-13.92 du1=0.3976 pin1=0.023 a1=[-0.001 0.117 0.000 0.000 0.258]
INFO  [mc_indi_tiltrotor] T0dbg1 G0=[-0.355 0.249 0.002 0.163 -0.987] nu_des=[-0.00 -0.01 -0.02 -0.11 -0.11]
INFO  [mc_indi_tiltrotor] T0dbg2 Ws34=[0.1 20.0] Wu0=1.0 du0=0.0326 dmin0=-17.5966 dmax0=27.4034
INFO  [mc_indi_tiltrotor] T2dbg1 G2=[-0.000 -0.550 0.060 0.005 -1.000] G5=[-1.004 -1.126 -0.005 16.727 0.081]
INFO  [mc_indi_tiltrotor] T2dbg2 Wu25=[1.0 9.0] du25=[0.0516 0.0003] dmax25=[28.2731 0.0021] nu_yaw=-0.024
INFO  [mc_indi_tiltrotor] WRdbg0 Wu0=1 lo0=-17.60 du0=0.0326 pin0=0.000 a0=[0.004 0.001 -0.001 -0.001 0.029]
INFO  [mc_indi_tiltrotor] WRdbg1 Wu1=1 lo1=-17.73 du1=0.0305 pin1=0.000 a1=[-0.005 -0.003 0.005 -0.000 0.034]
INFO  [mc_indi_tiltrotor] YWdbg nu2=-0.034 ach2=0.029 r=0.02 wsp2=-0.02 ddelta=[0.0120 0.0119 0.0069]
INFO  [mc_indi_tiltrotor] T0dbg1 G0=[-0.355 0.247 -0.002 0.173 -0.985] nu_des=[0.01 -0.03 0.04 -0.52 0.02]
INFO  [mc_indi_tiltrotor] T0dbg2 Ws34=[0.1 20.0] Wu0=1.0 du0=-0.0149 dmin0=-17.9648 dmax0=27.0352
INFO  [mc_indi_tiltrotor] T2dbg1 G2=[-0.000 -0.550 0.060 0.005 -1.000] G5=[-1.021 -1.143 -0.005 17.014 0.087]
INFO  [mc_indi_tiltrotor] T2dbg2 Wu25=[1.0 9.0] du25=[0.0078 -0.0001] dmax25=[27.9856 0.0015] nu_yaw=0.037
INFO  [mc_indi_tiltrotor] WRdbg0 Wu0=1 lo0=-17.96 du0=-0.0149 pin0=0.000 a0=[-0.010 0.003 0.001 -0.003 -0.006]
INFO  [mc_indi_tiltrotor] WRdbg1 Wu1=1 lo1=-18.10 du1=-0.0095 pin1=0.000 a1=[0.014 -0.007 -0.007 -0.002 -0.007]
INFO  [mc_indi_tiltrotor] T0dbg1 G0=[-0.355 0.244 -0.009 0.193 -0.981] nu_des=[0.01 0.14 0.01 -0.48 -0.21]
INFO  [mc_indi_tiltrotor] T0dbg2 Ws34=[0.1 20.0] Wu0=1.0 du0=0.1648 dmin0=-14.2194 dmax0=30.7806
INFO  [mc_indi_tiltrotor] T2dbg1 G2=[-0.000 -0.550 0.060 0.005 -1.000] G5=[-0.804 -0.899 -0.004 13.394 0.071]
INFO  [mc_indi_tiltrotor] T2dbg2 Wu25=[1.0 1000000.0] du25=[-0.1176 -0.0036] dmax25=[31.6054 -0.0000] nu_yaw=0.008
INFO  [mc_indi_tiltrotor] WRdbg0 Wu0=1 lo0=-14.22 du0=0.1648 pin0=0.025 a0=[-0.018 0.086 0.000 -0.000 0.072]
INFO  [mc_indi_tiltrotor] WRdbg1 Wu1=1 lo1=-14.44 du1=0.1820 pin1=0.006 a1=[0.017 0.086 -0.000 -0.000 0.073]
INFO  [mc_indi_tiltrotor] YWdbg nu2=-0.002 ach2=0.009 r=-0.01 wsp2=0.01 ddelta=[-0.0008 0.0006 0.0001]
INFO  [mc_indi_tiltrotor] T0dbg1 G0=[-0.355 0.247 -0.000 0.170 -0.985] nu_des=[-0.00 0.13 -0.00 -0.37 -0.03]
INFO  [mc_indi_tiltrotor] T0dbg2 Ws34=[0.1 20.0] Wu0=1.0 du0=0.0315 dmin0=-17.2271 dmax0=27.7729
INFO  [mc_indi_tiltrotor] T2dbg1 G2=[-0.000 -0.550 0.060 0.003 -1.000] G5=[-0.990 -1.124 -0.003 16.492 0.055]
INFO  [mc_indi_tiltrotor] T2dbg2 Wu25=[1.0 9.0] du25=[-0.0917 -0.0028] dmax25=[28.5081 0.0005] nu_yaw=-0.002
INFO  [mc_indi_tiltrotor] WRdbg0 Wu0=1 lo0=-17.23 du0=0.0315 pin0=-0.065 a0=[0.000 0.085 -0.000 0.000 0.012]
INFO  [mc_indi_tiltrotor] WRdbg1 Wu1=1 lo1=-17.57 du1=0.0562 pin1=-0.029 a1=[-0.000 0.074 0.000 -0.000 0.012]
INFO  [mc_indi_tiltrotor] T0dbg1 G0=[-0.355 0.247 -0.002 0.175 -0.984] nu_des=[0.00 -0.03 -0.02 -0.51 0.01]
INFO  [mc_indi_tiltrotor] T0dbg2 Ws34=[0.1 20.0] Wu0=1.0 du0=-0.0057 dmin0=-17.6574 dmax0=27.3426
INFO  [mc_indi_tiltrotor] T2dbg1 G2=[-0.000 -0.550 0.060 0.004 -1.000] G5=[-1.023 -1.156 -0.004 17.056 0.068]
INFO  [mc_indi_tiltrotor] T2dbg2 Wu25=[1.0 9.0] du25=[0.0168 -0.0001] dmax25=[27.9437 0.0017] nu_yaw=-0.024
INFO  [mc_indi_tiltrotor] WRdbg0 Wu0=1 lo0=-17.66 du0=-0.0057 pin0=0.000 a0=[-0.003 0.003 -0.001 -0.003 -0.002]
INFO  [mc_indi_tiltrotor] WRdbg1 Wu1=1 lo1=-17.94 du1=-0.0015 pin1=0.000 a1=[0.005 -0.007 0.004 -0.002 -0.002]
INFO  [mc_indi_tiltrotor] YWdbg nu2=-0.026 ach2=-0.000 r=0.02 wsp2=-0.02 ddelta=[0.0024 0.0029 -0.0002]
INFO  [mc_indi_tiltrotor] T0dbg1 G0=[-0.355 0.247 -0.001 0.172 -0.985] nu_des=[-0.00 -0.14 0.03 0.26 -0.68]
INFO  [mc_indi_tiltrotor] T0dbg2 Ws34=[0.1 20.0] Wu0=1.0 du0=0.1707 dmin0=-14.4275 dmax0=30.5725
INFO  [mc_indi_tiltrotor] T2dbg1 G2=[-0.000 -0.550 0.060 0.003 -1.000] G5=[-0.808 -0.920 -0.002 13.468 0.041]
INFO  [mc_indi_tiltrotor] T2dbg2 Wu25=[1.0 9.0] du25=[0.3592 0.0029] dmax25=[31.5316 0.0046] nu_yaw=0.034
INFO  [mc_indi_tiltrotor] WRdbg0 Wu0=1 lo0=-14.43 du0=0.1707 pin0=0.026 a0=[0.001 -0.086 0.000 -0.000 0.230]
INFO  [mc_indi_tiltrotor] WRdbg1 Wu1=1 lo1=-14.51 du1=0.1568 pin1=0.006 a1=[-0.001 -0.079 -0.001 0.000 0.232]
INFO  [mc_indi_tiltrotor] T0dbg1 G0=[-0.355 0.247 -0.001 0.172 -0.985] nu_des=[-0.00 -0.20 -0.02 -0.24 0.09]
INFO  [mc_indi_tiltrotor] T0dbg2 Ws34=[0.1 20.0] Wu0=1.0 du0=-0.0904 dmin0=-17.5332 dmax0=27.4668
INFO  [mc_indi_tiltrotor] T2dbg1 G2=[-0.000 -0.550 0.060 0.004 -1.000] G5=[-1.029 -1.165 -0.004 17.158 0.066]
INFO  [mc_indi_tiltrotor] T2dbg2 Wu25=[1.0 1000000.0] du25=[0.1504 0.0055] dmax25=[27.8418 0.0091] nu_yaw=-0.020
INFO  [mc_indi_tiltrotor] WRdbg0 Wu0=1 lo0=-17.53 du0=-0.0904 pin0=0.061 a0=[0.004 -0.123 0.000 -0.000 -0.032]
INFO  [mc_indi_tiltrotor] WRdbg1 Wu1=1 lo1=-17.68 du1=-0.1189 pin1=0.042 a1=[-0.003 -0.125 0.000 -0.000 -0.033]
INFO  [mc_indi_tiltrotor] YWdbg nu2=-0.027 ach2=0.020 r=0.02 wsp2=-0.04 ddelta=[0.0120 0.0098 0.0072]
INFO  [mc_indi_tiltrotor] T0dbg1 G0=[-0.355 0.246 -0.004 0.179 -0.984] nu_des=[0.01 -0.04 0.02 -0.64 0.11]
INFO  [mc_indi_tiltrotor] T0dbg2 Ws34=[0.1 20.0] Wu0=1.0 du0=-0.0570 dmin0=-17.7725 dmax0=27.2275
INFO  [mc_indi_tiltrotor] T2dbg1 G2=[-0.000 -0.550 0.060 0.003 -1.000] G5=[-1.004 -1.141 -0.003 16.726 0.055]
INFO  [mc_indi_tiltrotor] T2dbg2 Wu25=[1.0 9.0] du25=[0.0040 -0.0001] dmax25=[28.2744 0.0014] nu_yaw=0.021
INFO  [mc_indi_tiltrotor] WRdbg0 Wu0=1 lo0=-17.77 du0=-0.0570 pin0=0.017 a0=[-0.011 -0.027 0.000 0.000 -0.036]
INFO  [mc_indi_tiltrotor] WRdbg1 Wu1=1 lo1=-18.15 du1=-0.0441 pin1=0.008 a1=[0.010 -0.024 -0.001 -0.001 -0.037]
INFO  [mc_indi_tiltrotor] T0dbg1 G0=[-0.355 0.242 -0.011 0.201 -0.980] nu_des=[0.00 -0.13 0.04 -0.67 -0.16]
INFO  [mc_indi_tiltrotor] T0dbg2 Ws34=[0.1 20.0] Wu0=1.0 du0=-0.0162 dmin0=-14.3244 dmax0=30.6756
INFO  [mc_indi_tiltrotor] T2dbg1 G2=[-0.000 -0.550 0.060 0.003 -1.000] G5=[-0.807 -0.920 -0.002 13.455 0.041]
INFO  [mc_indi_tiltrotor] T2dbg2 Wu25=[1.0 9.0] du25=[0.1921 0.0023] dmax25=[31.5445 0.0040] nu_yaw=0.039
INFO  [mc_indi_tiltrotor] WRdbg0 Wu0=1 lo0=-14.32 du0=-0.0162 pin0=0.014 a0=[-0.005 -0.081 0.000 0.000 0.054]
INFO  [mc_indi_tiltrotor] WRdbg1 Wu1=1 lo1=-14.59 du1=-0.0113 pin1=0.005 a1=[0.004 -0.074 -0.001 -0.000 0.055]
INFO  [mc_indi_tiltrotor] YWdbg nu2=0.012 ach2=-0.041 r=-0.04 wsp2=0.02 ddelta=[-0.0120 -0.0120 -0.0027]
INFO  [mc_indi_tiltrotor] T0dbg1 G0=[-0.355 0.247 -0.002 0.174 -0.985] nu_des=[-0.01 -0.11 0.00 -0.55 0.02]
INFO  [mc_indi_tiltrotor] T0dbg2 Ws34=[0.1 20.0] Wu0=1.0 du0=-0.0583 dmin0=-17.4495 dmax0=27.5505
INFO  [mc_indi_tiltrotor] T2dbg1 G2=[-0.000 -0.550 0.060 0.002 -1.000] G5=[-1.023 -1.171 -0.002 17.056 0.041]
INFO  [mc_indi_tiltrotor] T2dbg2 Wu25=[1.0 1000000.0] du25=[0.1170 0.0045] dmax25=[27.9436 0.0081] nu_yaw=0.000
INFO  [mc_indi_tiltrotor] WRdbg0 Wu0=1 lo0=-17.45 du0=-0.0583 pin0=0.005 a0=[0.011 -0.068 0.000 -0.000 -0.006]
INFO  [mc_indi_tiltrotor] WRdbg1 Wu1=1 lo1=-17.65 du1=-0.0733 pin1=0.012 a1=[-0.010 -0.069 -0.000 -0.000 -0.006]
INFO  [mc_indi_tiltrotor] T0dbg1 G0=[-0.355 0.248 0.001 0.166 -0.986] nu_des=[0.00 -0.10 0.01 -0.27 0.13]
INFO  [mc_indi_tiltrotor] T0dbg2 Ws34=[0.1 20.0] Wu0=1.0 du0=-0.0417 dmin0=-18.0502 dmax0=26.9498
INFO  [mc_indi_tiltrotor] T2dbg1 G2=[-0.000 -0.550 0.060 0.003 -1.000] G5=[-1.026 -1.168 -0.003 17.100 0.053]
INFO  [mc_indi_tiltrotor] T2dbg2 Wu25=[1.0 9.0] du25=[0.0172 0.0014] dmax25=[27.9001 0.0040] nu_yaw=0.008
INFO  [mc_indi_tiltrotor] WRdbg0 Wu0=1 lo0=-18.05 du0=-0.0417 pin0=0.067 a0=[-0.002 -0.063 0.000 0.000 -0.045]
INFO  [mc_indi_tiltrotor] WRdbg1 Wu1=1 lo1=-18.17 du1=-0.0704 pin1=0.028 a1=[0.002 -0.054 -0.000 -0.000 -0.045]
INFO  [mc_indi_tiltrotor] YWdbg nu2=-0.017 ach2=-0.017 r=0.04 wsp2=0.00 ddelta=[-0.0007 -0.0034 -0.0002]
INFO  [mc_indi_tiltrotor] T0dbg1 G0=[-0.355 0.246 -0.002 0.176 -0.984] nu_des=[-0.01 -0.13 0.02 0.05 -0.28]
INFO  [mc_indi_tiltrotor] T0dbg2 Ws34=[0.1 20.0] Wu0=1.0 du0=0.0846 dmin0=-14.7729 dmax0=30.2271
INFO  [mc_indi_tiltrotor] T2dbg1 G2=[-0.000 -0.550 0.060 0.003 -1.000] G5=[-0.828 -0.944 -0.002 13.793 0.039]
INFO  [mc_indi_tiltrotor] T2dbg2 Wu25=[1.0 9.0] du25=[0.1966 0.0023] dmax25=[31.2067 0.0052] nu_yaw=0.016
INFO  [mc_indi_tiltrotor] WRdbg0 Wu0=1 lo0=-14.77 du0=0.0846 pin0=0.057 a0=[0.013 -0.081 0.000 -0.000 0.096]
INFO  [mc_indi_tiltrotor] WRdbg1 Wu1=1 lo1=-14.90 du1=0.0350 pin1=0.025 a1=[-0.012 -0.074 -0.000 0.000 0.097]
INFO  [mc_indi_tiltrotor] T0dbg1 G0=[-0.355 0.249 0.004 0.158 -0.987] nu_des=[-0.01 -0.04 -0.07 -0.03 -0.03]
INFO  [mc_indi_tiltrotor] T0dbg2 Ws34=[0.1 20.0] Wu0=1.0 du0=0.0127 dmin0=-17.7441 dmax0=27.2559
INFO  [mc_indi_tiltrotor] T2dbg1 G2=[-0.000 -0.550 0.060 0.003 -1.000] G5=[-1.002 -1.141 -0.003 16.696 0.050]
INFO  [mc_indi_tiltrotor] T2dbg2 Wu25=[1.0 9.0] du25=[0.0372 0.0007] dmax25=[28.3040 0.0022] nu_yaw=-0.067
INFO  [mc_indi_tiltrotor] WRdbg0 Wu0=1 lo0=-17.74 du0=0.0127 pin0=0.043 a0=[0.012 -0.023 -0.028 -0.000 0.009]
INFO  [mc_indi_tiltrotor] WRdbg1 Wu1=1 lo1=-18.08 du1=-0.0014 pin1=0.018 a1=[-0.012 -0.020 0.003 -0.000 0.009]
INFO  [mc_indi_tiltrotor] YWdbg nu2=-0.017 ach2=0.006 r=0.01 wsp2=-0.02 ddelta=[0.0120 0.0120 0.0019]
INFO  [mc_indi_tiltrotor] T0dbg1 G0=[-0.355 0.245 -0.005 0.183 -0.983] nu_des=[0.01 0.01 -0.02 -0.93 0.16]
INFO  [mc_indi_tiltrotor] T0dbg2 Ws34=[0.1 20.0] Wu0=1.0 du0=-0.0749 dmin0=-17.9571 dmax0=27.0429
INFO  [mc_indi_tiltrotor] T2dbg1 G2=[-0.000 -0.550 0.060 0.004 -1.000] G5=[-1.014 -1.144 -0.004 16.903 0.072]
INFO  [mc_indi_tiltrotor] T2dbg2 Wu25=[1.0 9.0] du25=[-0.0549 -0.0009] dmax25=[28.0972 -0.0009] nu_yaw=-0.016
INFO  [mc_indi_tiltrotor] WRdbg0 Wu0=1 lo0=-17.96 du0=-0.0749 pin0=-0.009 a0=[-0.017 0.006 -0.000 0.000 -0.056]
INFO  [mc_indi_tiltrotor] WRdbg1 Wu1=1 lo1=-18.24 du1=-0.0384 pin1=-0.002 a1=[0.015 0.005 0.001 -0.001 -0.056]
INFO  [mc_indi_tiltrotor] T0dbg1 G0=[-0.355 0.241 -0.014 0.207 -0.978] nu_des=[-0.00 -0.02 -0.00 -0.83 -0.73]
INFO  [mc_indi_tiltrotor] T0dbg2 Ws34=[0.1 20.0] Wu0=1.0 du0=0.2318 dmin0=-14.4390 dmax0=30.5610
INFO  [mc_indi_tiltrotor] T2dbg1 G2=[-0.000 -0.550 0.060 0.003 -1.000] G5=[-0.823 -0.936 -0.003 13.716 0.043]
INFO  [mc_indi_tiltrotor] T2dbg2 Wu25=[1.0 9.0] du25=[0.2659 0.0001] dmax25=[31.2837 0.0022] nu_yaw=-0.002
INFO  [mc_indi_tiltrotor] WRdbg0 Wu0=1 lo0=-14.44 du0=0.2318 pin0=-0.008 a0=[0.002 -0.014 -0.000 0.000 0.252]
INFO  [mc_indi_tiltrotor] WRdbg1 Wu1=1 lo1=-14.56 du1=0.2331 pin1=-0.004 a1=[-0.002 -0.013 0.000 -0.001 0.253]
INFO  [mc_indi_tiltrotor] YWdbg nu2=-0.002 ach2=-0.033 r=-0.01 wsp2=-0.03 ddelta=[-0.0120 -0.0120 -0.0030]
INFO  [mc_indi_tiltrotor] T0dbg1 G0=[-0.355 0.245 -0.005 0.182 -0.983] nu_des=[-0.02 0.18 -0.00 -0.75 -0.06]
INFO  [mc_indi_tiltrotor] T0dbg2 Ws34=[0.1 20.0] Wu0=1.0 du0=0.0913 dmin0=-17.5321 dmax0=27.4679
INFO  [mc_indi_tiltrotor] T2dbg1 G2=[-0.000 -0.550 0.060 0.003 -1.000] G5=[-1.010 -1.150 -0.003 16.834 0.051]
INFO  [mc_indi_tiltrotor] T2dbg2 Wu25=[1.0 1000000.0] du25=[-0.1428 -0.0030] dmax25=[28.1659 -0.0013] nu_yaw=-0.000
INFO  [mc_indi_tiltrotor] WRdbg0 Wu0=1 lo0=-17.53 du0=0.0913 pin0=-0.066 a0=[0.024 0.112 -0.000 -0.000 0.021]
INFO  [mc_indi_tiltrotor] WRdbg1 Wu1=1 lo1=-17.61 du1=0.0708 pin1=-0.041 a1=[-0.023 0.113 0.000 -0.000 0.021]
INFO  [mc_indi_tiltrotor] T0dbg1 G0=[-0.355 0.248 0.001 0.167 -0.986] nu_des=[0.01 -0.01 -0.01 -0.22 0.02]
INFO  [mc_indi_tiltrotor] T0dbg2 Ws34=[0.1 20.0] Wu0=1.0 du0=-0.0204 dmin0=-17.8819 dmax0=27.1181
INFO  [mc_indi_tiltrotor] T2dbg1 G2=[-0.000 -0.550 0.060 0.002 -1.000] G5=[-1.022 -1.176 -0.002 17.028 0.029]
INFO  [mc_indi_tiltrotor] T2dbg2 Wu25=[1.0 9.0] du25=[-0.0043 -0.0007] dmax25=[27.9721 0.0011] nu_yaw=-0.012
INFO  [mc_indi_tiltrotor] WRdbg0 Wu0=1 lo0=-17.88 du0=-0.0204 pin0=0.000 a0=[-0.014 0.001 -0.000 -0.001 -0.005]
INFO  [mc_indi_tiltrotor] WRdbg1 Wu1=1 lo1=-18.12 du1=0.0130 pin1=0.000 a1=[0.019 -0.002 0.003 -0.001 -0.006]
INFO  [mc_indi_tiltrotor] YWdbg nu2=-0.017 ach2=-0.017 r=0.00 wsp2=-0.01 ddelta=[-0.0012 -0.0036 -0.0006]
INFO  [mc_indi_tiltrotor] T0dbg1 G0=[-0.355 0.247 -0.001 0.172 -0.985] nu_des=[-0.01 0.15 -0.04 0.01 -0.08]
INFO  [mc_indi_tiltrotor] T0dbg2 Ws34=[0.1 20.0] Wu0=1.0 du0=0.1295 dmin0=-15.5925 dmax0=29.4075
INFO  [mc_indi_tiltrotor] T2dbg1 G2=[-0.000 -0.550 0.060 0.003 -1.000] G5=[-0.959 -1.095 -0.003 15.984 0.044]
INFO  [mc_indi_tiltrotor] T2dbg2 Wu25=[1.0 1000000.0] du25=[-0.1549 0.0003] dmax25=[29.0159 0.0039] nu_yaw=-0.043
INFO  [mc_indi_tiltrotor] WRdbg0 Wu0=1 lo0=-15.59 du0=0.1295 pin0=0.000 a0=[0.012 0.090 -0.000 0.000 0.027]
INFO  [mc_indi_tiltrotor] WRdbg1 Wu1=1 lo1=-15.91 du1=0.1094 pin1=0.002 a1=[-0.012 0.091 0.000 0.000 0.028]
INFO  [mc_indi_tiltrotor] T0dbg1 G0=[-0.355 0.248 0.002 0.164 -0.986] nu_des=[-0.00 -0.01 -0.01 -0.07 -0.02]
INFO  [mc_indi_tiltrotor] T0dbg2 Ws34=[0.1 20.0] Wu0=1.0 du0=0.0099 dmin0=-17.7132 dmax0=27.2868
INFO  [mc_indi_tiltrotor] T2dbg1 G2=[-0.000 -0.550 0.060 0.002 -1.000] G5=[-1.014 -1.160 -0.002 16.900 0.041]
INFO  [mc_indi_tiltrotor] T2dbg2 Wu25=[1.0 9.0] du25=[0.0127 0.0003] dmax25=[28.1002 0.0021] nu_yaw=-0.007
INFO  [mc_indi_tiltrotor] WRdbg0 Wu0=1 lo0=-17.71 du0=0.0099 pin0=0.000 a0=[0.005 0.001 -0.000 -0.000 0.005]
INFO  [mc_indi_tiltrotor] WRdbg1 Wu1=1 lo1=-18.08 du1=-0.0020 pin1=0.000 a1=[-0.007 -0.002 0.001 -0.000 0.006]
INFO  [mc_indi_tiltrotor] YWdbg nu2=-0.020 ach2=-0.019 r=0.01 wsp2=0.00 ddelta=[0.0024 -0.0006 -0.0000]
INFO  [mc_indi_tiltrotor] T0dbg1 G0=[-0.355 0.247 -0.001 0.171 -0.985] nu_des=[-0.01 -0.45 -0.02 -0.25 0.42]
INFO  [mc_indi_tiltrotor] T0dbg2 Ws34=[0.1 20.0] Wu0=1.0 du0=-0.3851 dmin0=-17.6721 dmax0=27.3279
INFO  [mc_indi_tiltrotor] T2dbg1 G2=[-0.000 -0.550 0.060 0.003 -1.000] G5=[-1.047 -1.189 -0.004 17.453 0.060]
INFO  [mc_indi_tiltrotor] T2dbg2 Wu25=[1.0 1000000.0] du25=[0.3876 0.0069] dmax25=[27.5472 0.0105] nu_yaw=-0.018
INFO  [mc_indi_tiltrotor] WRdbg0 Wu0=1 lo0=-17.67 du0=-0.3851 pin0=0.023 a0=[0.012 -0.279 -0.000 -0.000 -0.142]
INFO  [mc_indi_tiltrotor] WRdbg1 Wu1=1 lo1=-17.90 du1=-0.4223 pin1=0.015 a1=[-0.012 -0.282 0.000 -0.000 -0.144]
INFO  [mc_indi_tiltrotor] T0dbg1 G0=[-0.355 0.247 -0.001 0.171 -0.985] nu_des=[-0.01 -0.33 -0.04 -0.23 0.16]
INFO  [mc_indi_tiltrotor] T0dbg2 Ws34=[0.1 20.0] Wu0=1.0 du0=-0.1907 dmin0=-17.4653 dmax0=27.5347
INFO  [mc_indi_tiltrotor] T2dbg1 G2=[-0.000 -0.550 0.060 0.004 -1.000] G5=[-1.018 -1.151 -0.004 16.959 0.066]
INFO  [mc_indi_tiltrotor] T2dbg2 Wu25=[1.0 1000000.0] du25=[0.2899 0.0061] dmax25=[28.0407 0.0097] nu_yaw=-0.042
INFO  [mc_indi_tiltrotor] WRdbg0 Wu0=1 lo0=-17.47 du0=-0.1907 pin0=0.057 a0=[0.011 -0.203 -0.000 -0.000 -0.056]
INFO  [mc_indi_tiltrotor] WRdbg1 Wu1=1 lo1=-17.52 du1=-0.2288 pin1=0.043 a1=[-0.010 -0.206 0.000 -0.000 -0.056]
INFO  [mc_indi_tiltrotor] YWdbg nu2=-0.245 ach2=0.026 r=0.24 wsp2=-0.08 ddelta=[-0.0120 -0.0015 -0.0013]
INFO  [mc_indi_tiltrotor] T0dbg1 G0=[-0.355 0.251 0.009 0.143 -0.990] nu_des=[0.02 0.27 -0.33 0.29 0.17]
INFO  [mc_indi_tiltrotor] T0dbg2 Ws34=[0.1 20.0] Wu0=1.0 du0=0.0630 dmin0=-18.0721 dmax0=26.9279
INFO  [mc_indi_tiltrotor] T2dbg1 G2=[-0.000 -0.550 0.060 0.000 -1.000] G5=[-0.422 -0.492 -0.000 7.035 0.001]
INFO  [mc_indi_tiltrotor] T2dbg2 Wu25=[1.0 1000000.0] du25=[-0.3640 -0.0002] dmax25=[36.0000 0.0016] nu_yaw=-0.334
INFO  [mc_indi_tiltrotor] WRdbg0 Wu0=1 lo0=-18.07 du0=0.0630 pin0=-0.024 a0=[-0.024 0.168 -0.000 0.000 -0.057]
INFO  [mc_indi_tiltrotor] WRdbg1 Wu1=1 lo1=-17.79 du1=0.1074 pin1=-0.028 a1=[0.023 0.170 0.000 0.000 -0.058]
INFO  [mc_indi_tiltrotor] T0dbg1 G0=[-0.355 0.248 0.000 0.168 -0.986] nu_des=[-0.00 -0.10 -0.29 -0.01 0.08]
INFO  [mc_indi_tiltrotor] T0dbg2 Ws34=[0.1 20.0] Wu0=1.0 du0=-0.0505 dmin0=-17.2140 dmax0=27.7860
INFO  [mc_indi_tiltrotor] T2dbg1 G2=[-0.000 -0.550 0.060 0.000 -1.000] G5=[-0.431 -0.502 -0.000 7.189 0.003]
INFO  [mc_indi_tiltrotor] T2dbg2 Wu25=[1.0 1000000.0] du25=[0.0658 0.0014] dmax25=[36.0000 0.0050] nu_yaw=-0.289
INFO  [mc_indi_tiltrotor] WRdbg0 Wu0=1 lo0=-17.21 du0=-0.0505 pin0=0.031 a0=[0.006 -0.060 -0.000 -0.000 -0.027]
INFO  [mc_indi_tiltrotor] WRdbg1 Wu1=1 lo1=-17.09 du1=-0.0622 pin1=0.033 a1=[-0.006 -0.061 0.000 -0.000 -0.028]
INFO  [mc_indi_tiltrotor] YWdbg nu2=-0.248 ach2=-0.071 r=0.22 wsp2=-0.50 ddelta=[0.0120 -0.0003 0.0005]
INFO  [mc_indi_tiltrotor] T0dbg1 G0=[-0.355 0.245 -0.006 0.186 -0.982] nu_des=[0.01 0.16 -0.15 -0.49 -0.01]
INFO  [mc_indi_tiltrotor] T0dbg2 Ws34=[0.1 20.0] Wu0=1.0 du0=0.0608 dmin0=-17.9945 dmax0=27.0055
INFO  [mc_indi_tiltrotor] T2dbg1 G2=[-0.000 -0.550 0.060 0.003 -1.000] G5=[-0.421 -0.480 -0.001 7.015 0.021]
INFO  [mc_indi_tiltrotor] T2dbg2 Wu25=[1.0 1000000.0] du25=[-0.1741 -0.0019] dmax25=[36.0000 0.0017] nu_yaw=-0.149
INFO  [mc_indi_tiltrotor] WRdbg0 Wu0=1 lo0=-17.99 du0=0.0608 pin0=-0.031 a0=[-0.012 0.102 0.000 -0.000 0.002]
INFO  [mc_indi_tiltrotor] WRdbg1 Wu1=1 lo1=-17.71 du1=0.0871 pin1=-0.030 a1=[0.012 0.103 0.000 -0.000 0.002]
INFO  [mc_indi_tiltrotor] T0dbg1 G0=[-0.355 0.250 0.007 0.151 -0.989] nu_des=[0.02 0.68 -0.25 0.36 0.57]
INFO  [mc_indi_tiltrotor] T0dbg2 Ws34=[0.1 20.0] Wu0=1.0 du0=0.1737 dmin0=-16.8042 dmax0=28.1958
INFO  [mc_indi_tiltrotor] T2dbg1 G2=[-0.000 -0.550 0.060 0.001 -1.000] G5=[-0.408 -0.473 -0.000 6.800 0.005]
INFO  [mc_indi_tiltrotor] T2dbg2 Wu25=[1.0 1000000.0] du25=[-0.9995 -0.0008] dmax25=[36.0000 0.0010] nu_yaw=-0.247
INFO  [mc_indi_tiltrotor] WRdbg0 Wu0=1 lo0=-16.80 du0=0.1737 pin0=-0.023 a0=[-0.031 0.420 -0.000 0.000 -0.192]
INFO  [mc_indi_tiltrotor] WRdbg1 Wu1=1 lo1=-17.53 du1=0.2332 pin1=-0.027 a1=[0.030 0.426 0.000 0.000 -0.195]
INFO  [mc_indi_tiltrotor] YWdbg nu2=-0.248 ach2=-0.020 r=-0.00 wsp2=-0.50 ddelta=[-0.0120 -0.0000 -0.0002]
INFO  [mc_indi_tiltrotor] T0dbg1 G0=[-0.354 0.256 0.021 0.111 -0.994] nu_des=[-0.02 1.17 -0.24 1.16 0.07]
INFO  [mc_indi_tiltrotor] T0dbg2 Ws34=[0.1 20.0] Wu0=1.0 du0=0.7087 dmin0=-15.6987 dmax0=29.3013
INFO  [mc_indi_tiltrotor] T2dbg1 G2=[-0.000 -0.550 0.060 0.000 -1.000] G5=[-0.391 -0.456 -0.000 6.513 0.000]
INFO  [mc_indi_tiltrotor] T2dbg2 Wu25=[1.0 1000000.0] du25=[-1.4384 -0.0000] dmax25=[36.0000 0.0018] nu_yaw=-0.242
INFO  [mc_indi_tiltrotor] WRdbg0 Wu0=1 lo0=-15.70 du0=0.7087 pin0=-0.017 a0=[0.030 0.719 -0.000 0.000 -0.022]
INFO  [mc_indi_tiltrotor] WRdbg1 Wu1=1 lo1=-17.44 du1=0.6468 pin1=-0.029 a1=[-0.029 0.728 0.000 0.000 -0.023]
INFO  [mc_indi_tiltrotor] T0dbg1 G0=[-0.353 0.262 0.035 0.070 -0.998] nu_des=[-0.03 1.65 -0.25 1.64 0.07]
INFO  [mc_indi_tiltrotor] T0dbg2 Ws34=[0.1 20.0] Wu0=1.0 du0=1.0181 dmin0=-17.7953 dmax0=27.2047
INFO  [mc_indi_tiltrotor] T2dbg1 G2=[-0.000 -0.550 0.060 0.000 -1.000] G5=[-0.382 -0.445 -0.000 6.363 0.000]
INFO  [mc_indi_tiltrotor] T2dbg2 Wu25=[1.0 1000000.0] du25=[-2.0199 -0.0000] dmax25=[36.0000 0.0018] nu_yaw=-0.253
INFO  [mc_indi_tiltrotor] WRdbg0 Wu0=1 lo0=-17.80 du0=1.0181 pin0=-0.011 a0=[0.045 1.009 -0.000 0.000 -0.024]
INFO  [mc_indi_tiltrotor] WRdbg1 Wu1=1 lo1=-14.57 du1=0.9167 pin1=-0.033 a1=[-0.044 1.018 -0.000 0.000 -0.025]
INFO  [mc_indi_tiltrotor] YWdbg nu2=-0.251 ach2=-0.087 r=-0.00 wsp2=-0.50 ddelta=[-0.0120 -0.0000 -0.0000]
INFO  [mc_indi_tiltrotor] T0dbg1 G0=[-0.352 0.267 0.049 0.030 -1.000] nu_des=[0.00 2.16 -0.25 2.39 0.00]
INFO  [mc_indi_tiltrotor] T0dbg2 Ws34=[0.1 20.0] Wu0=1.0 du0=1.3093 dmin0=-16.9196 dmax0=28.0804
INFO  [mc_indi_tiltrotor] T2dbg1 G2=[-0.000 -0.550 0.060 0.000 -1.000] G5=[-0.376 -0.438 -0.000 6.261 0.000]
INFO  [mc_indi_tiltrotor] T2dbg2 Wu25=[1.0 1000000.0] du25=[-2.6074 -0.0000] dmax25=[36.0000 0.0018] nu_yaw=-0.254
INFO  [mc_indi_tiltrotor] WRdbg0 Wu0=1 lo0=-16.92 du0=1.3093 pin0=-0.002 a0=[-0.002 1.314 -0.000 0.000 -0.000]
INFO  [mc_indi_tiltrotor] WRdbg1 Wu1=1 lo1=-14.86 du1=1.2911 pin1=-0.031 a1=[0.002 1.320 -0.000 0.000 -0.000]
INFO  [mc_indi_tiltrotor] T0dbg1 G0=[-0.350 0.270 0.059 0.002 -1.000] nu_des=[0.01 2.69 -0.25 2.87 0.01]
INFO  [mc_indi_tiltrotor] T0dbg2 Ws34=[0.1 20.0] Wu0=1.0 du0=1.6150 dmin0=-17.0428 dmax0=27.9572
INFO  [mc_indi_tiltrotor] T2dbg1 G2=[-0.000 -0.550 0.060 0.000 -1.000] G5=[-0.379 -0.442 -0.000 6.318 0.000]
INFO  [mc_indi_tiltrotor] T2dbg2 Wu25=[1.0 1000000.0] du25=[-3.2745 -0.0000] dmax25=[36.0000 0.0018] nu_yaw=-0.254
INFO  [mc_indi_tiltrotor] WRdbg0 Wu0=1 lo0=-17.04 du0=1.6150 pin0=0.001 a0=[-0.019 1.637 -0.000 0.000 -0.004]
INFO  [mc_indi_tiltrotor] WRdbg1 Wu1=1 lo1=-15.02 du1=1.6477 pin1=-0.005 a1=[0.019 1.638 -0.000 0.000 -0.004]
INFO  [mc_indi_tiltrotor] YWdbg nu2=-0.250 ach2=-0.205 r=-0.00 wsp2=-0.50 ddelta=[-0.0006 -0.0000 -0.0000]
INFO  [mc_indi_tiltrotor] T0dbg1 G0=[-0.350 0.270 0.060 0.000 -1.000] nu_des=[-0.00 3.20 -0.25 2.90 0.11]
INFO  [mc_indi_tiltrotor] T0dbg2 Ws34=[0.1 20.0] Wu0=1.0 du0=1.9191 dmin0=-16.8799 dmax0=28.1201
INFO  [mc_indi_tiltrotor] T2dbg1 G2=[-0.000 -0.550 0.060 0.000 -1.000] G5=[-0.366 -0.427 -0.000 6.095 0.000]
INFO  [mc_indi_tiltrotor] T2dbg2 Wu25=[1.0 1000000.0] du25=[-3.9406 -0.0000] dmax25=[36.0000 0.0018] nu_yaw=-0.247
INFO  [mc_indi_tiltrotor] WRdbg0 Wu0=1 lo0=-16.88 du0=1.9191 pin0=0.000 a0=[0.004 1.952 -0.000 0.000 -0.037]
INFO  [mc_indi_tiltrotor] WRdbg1 Wu1=1 lo1=-14.05 du1=1.9118 pin1=-0.000 a1=[-0.004 1.952 -0.000 0.000 -0.037]
INFO  [mc_indi_tiltrotor] T0dbg1 G0=[-0.350 0.270 0.060 0.000 -1.000] nu_des=[0.01 3.74 -0.25 2.90 0.01]
INFO  [mc_indi_tiltrotor] T0dbg2 Ws34=[0.1 20.0] Wu0=1.0 du0=2.2604 dmin0=-16.5929 dmax0=28.4071
INFO  [mc_indi_tiltrotor] T2dbg1 G2=[-0.000 -0.550 0.060 0.000 -1.000] G5=[-0.358 -0.418 -0.000 5.971 0.000]
INFO  [mc_indi_tiltrotor] T2dbg2 Wu25=[1.0 1000000.0] du25=[-4.5653 -0.0000] dmax25=[36.0000 0.0018] nu_yaw=-0.251
INFO  [mc_indi_tiltrotor] WRdbg0 Wu0=1 lo0=-16.59 du0=2.2604 pin0=0.000 a0=[-0.020 2.282 -0.000 0.000 -0.002]
INFO  [mc_indi_tiltrotor] WRdbg1 Wu1=1 lo1=-13.72 du1=2.2995 pin1=-0.000 a1=[0.020 2.282 -0.000 0.000 -0.002]
INFO  [mc_indi_tiltrotor] YWdbg nu2=-0.249 ach2=-0.287 r=-0.00 wsp2=-0.50 ddelta=[-0.0000 -0.0000 -0.0000]
INFO  [mc_indi_tiltrotor] T0dbg1 G0=[-0.350 0.270 0.060 0.000 -1.000] nu_des=[-0.00 4.33 -0.25 2.90 0.00]
INFO  [mc_indi_tiltrotor] T0dbg2 Ws34=[0.1 20.0] Wu0=1.0 du0=2.6418 dmin0=-16.6658 dmax0=28.3342
INFO  [mc_indi_tiltrotor] T2dbg1 G2=[-0.000 -0.550 0.060 0.000 -1.000] G5=[-0.354 -0.413 -0.000 5.901 0.000]
INFO  [mc_indi_tiltrotor] T2dbg2 Wu25=[1.0 1000000.0] du25=[-5.2778 -0.0000] dmax25=[36.0000 0.0018] nu_yaw=-0.246
INFO  [mc_indi_tiltrotor] WRdbg0 Wu0=1 lo0=-16.67 du0=2.6418 pin0=0.000 a0=[0.005 2.638 -0.000 0.000 -0.001]
INFO  [mc_indi_tiltrotor] WRdbg1 Wu1=1 lo1=-13.28 du1=2.6322 pin1=-0.000 a1=[-0.005 2.638 -0.000 0.000 -0.001]
INFO  [commander] Disarmed by internal command	
INFO  [tone_alarm] notify neutral
INFO  [vehicle_imu] ACC 0 (1310988) offset committed: [-0.078 -0.009 -0.006]->[-0.045 -0.005 -0.202])
INFO  [logger] closed logfile, bytes written: 35429625
