
______  __   __    ___ 
| ___ \ \ \ / /   /   |
| |_/ /  \ V /   / /| |
|  __/   /   \  / /_| |
| |     / /^\ \ \___  |
\_|     \/   \/     |_/

px4 starting.

INFO  [px4] startup script: /bin/sh etc/init.d-posix/rcS 0
INFO  [init] found model autostart file as SYS_AUTOSTART=4023
INFO  [param] selected parameter default file parameters.bson
INFO  [param] importing from 'parameters.bson'
INFO  [parameters] BSON document size 517 bytes, decoded 517 bytes (INT32:16, FLOAT:9)
INFO  [param] selected parameter backup file parameters_backup.bson
ERROR [param] Parameter UXRCE_DDS_KEY not found.
INFO  [dataman] data manager file './dataman' size is 7872608 bytes
INFO  [init] Gazebo simulator
INFO  [init] starting gazebo with world: /home/umran/PX4-Autopilot/Tools/simulation/gz/worlds/default.sdf
WARN  [init] PX4_GZ_MODEL_POSE not set, spawning at origin.
[1;33mWarning [Utils.cc:132][0m [/sdf/model[@name="tiltrotor_tailplane"]/link[@name="base_link"]/sensor[@name="imu_sensor"]/gz_frame_id:/home/umran/PX4-Autopilot/Tools/simulation/gz/models/tiltrotor_indi/model.sdf:L399]: XML Element[gz_frame_id], child of element[sensor], not defined in SDF. Copying[gz_frame_id] as children of [sensor].
[1;33mWarning [Utils.cc:132][0m [/sdf/model[@name="tiltrotor_tailplane"]/link[@name="base_link"]/sensor[@name="air_pressure_sensor"]/gz_frame_id:/home/umran/PX4-Autopilot/Tools/simulation/gz/models/tiltrotor_indi/model.sdf:L458]: XML Element[gz_frame_id], child of element[sensor], not defined in SDF. Copying[gz_frame_id] as children of [sensor].
[1;33mWarning [Utils.cc:132][0m [/sdf/model[@name="tiltrotor_tailplane"]/link[@name="base_link"]/sensor[@name="magnetometer_sensor"]/gz_frame_id:/home/umran/PX4-Autopilot/Tools/simulation/gz/models/tiltrotor_indi/model.sdf:L471]: XML Element[gz_frame_id], child of element[sensor], not defined in SDF. Copying[gz_frame_id] as children of [sensor].
[1;33mWarning [Utils.cc:132][0m [/sdf/model[@name="tiltrotor_tailplane"]/link[@name="base_link"]/sensor[@name="navsat_sensor"]/gz_frame_id:/home/umran/PX4-Autopilot/Tools/simulation/gz/models/tiltrotor_indi/model.sdf:L493]: XML Element[gz_frame_id], child of element[sensor], not defined in SDF. Copying[gz_frame_id] as children of [sensor].
INFO  [lockstep_scheduler] setting initial absolute time to 8000 us
INFO  [gz_bridge] world: default, model name: tiltrotor_indi_0, simulation model: tiltrotor_indi
INFO  [gz_bridge] Requested Model Position: 0,0,0,0,0,0
INFO  [gz_bridge] Model position z is less or equal 0.0, moving upwards
[1;33mWarning [Utils.cc:132][0m [/sdf/model[@name="tiltrotor_tailplane"]/link[@name="base_link"]/sensor[@name="imu_sensor"]/gz_frame_id:<data-string>:L307]: XML Element[gz_frame_id], child of element[sensor], not defined in SDF. Copying[gz_frame_id] as children of [sensor].
[1;33mWarning [Utils.cc:132][0m [/sdf/model[@name="tiltrotor_tailplane"]/link[@name="base_link"]/sensor[@name="air_pressure_sensor"]/gz_frame_id:<data-string>:L320]: XML Element[gz_frame_id], child of element[sensor], not defined in SDF. Copying[gz_frame_id] as children of [sensor].
[1;33mWarning [Utils.cc:132][0m [/sdf/model[@name="tiltrotor_tailplane"]/link[@name="base_link"]/sensor[@name="magnetometer_sensor"]/gz_frame_id:<data-string>:L342]: XML Element[gz_frame_id], child of element[sensor], not defined in SDF. Copying[gz_frame_id] as children of [sensor].
[1;33mWarning [Utils.cc:132][0m [/sdf/model[@name="tiltrotor_tailplane"]/link[@name="base_link"]/sensor[@name="navsat_sensor"]/gz_frame_id:<data-string>:L347]: XML Element[gz_frame_id], child of element[sensor], not defined in SDF. Copying[gz_frame_id] as children of [sensor].
WARN  [vehicle_angular_velocity] no gyro selected, using sensor_gyro:0 1310988
INFO  [commander] LED: open /dev/led0 failed (22)
INFO  [tone_alarm] home set
etc/init.d-posix/rcS: 21: /home/umran/PX4-Autopilot/build/px4_sitl_default/rootfs/etc/init.d/rc.mc_apps: mc_att_control: not found
etc/init.d-posix/rcS: 32: /home/umran/PX4-Autopilot/build/px4_sitl_default/rootfs/etc/init.d/rc.mc_apps: flight_mode_manager: not found
ERROR [param] Parameter UXRCE_DDS_DOM_ID not found.
etc/init.d-posix/rcS: 310: uxrce_dds_client: not found
INFO  [mavlink] mode: Normal, data rate: 4000000 B/s on udp port 18570 remote port 14550
INFO  [mavlink] mode: Onboard, data rate: 4000000 B/s on udp port 14580 remote port 14540
INFO  [mavlink] mode: Onboard, data rate: 4000 B/s on udp port 14280 remote port 14030
INFO  [mavlink] mode: Gimbal, data rate: 400000 B/s on udp port 13030 remote port 13280
etc/init.d-posix/rcS: 11: /home/umran/PX4-Autopilot/build/px4_sitl_default/rootfs/etc/init.d-posix/airframes/4023_gz_tiltrotor_indi.post: mc_att_control: not found
etc/init.d-posix/rcS: 12: /home/umran/PX4-Autopilot/build/px4_sitl_default/rootfs/etc/init.d-posix/airframes/4023_gz_tiltrotor_indi.post: flight_mode_manager: not found
INFO  [logger] logger started (mode=all)
INFO  [logger] logging 13 topics from logger_topics.txt
INFO  [logger] Start file log (type: full)
INFO  [logger] [logger] ./log/2026-08-31/16_18_01.ulg	
INFO  [logger] Opened full log file: ./log/2026-08-31/16_18_01.ulg
INFO  [mavlink] MAVLink only on localhost (set param MAV_{i}_BROADCAST = 1 to enable network)
INFO  [mavlink] MAVLink only on localhost (set param MAV_{i}_BROADCAST = 1 to enable network)
INFO  [px4] Startup script returned successfully
INFO  [commander] [32mReady for takeoff![0m
INFO  [commander] Armed by internal command	
INFO  [tone_alarm] arming warning
INFO  [mc_indi_tiltrotor] ground datum: z = -0.47 m (agl = datum - z)
INFO  [mc_indi_tiltrotor] T0dbg1 G0=[-0.355 0.248 0.001 0.168 -0.986] nu_des=[-0.01 -0.00 -0.25 -2.76 -0.23]
INFO  [mc_indi_tiltrotor] T0dbg2 Ws34=[0.1 20.0] Wu0=1.0 du0=0.0942 dmin0=-16.4497 dmax0=28.5503
INFO  [mc_indi_tiltrotor] T2dbg1 G2=[0.000 -0.550 0.060 0.000 -1.000] G5=[-0.969 -1.131 -0.000 16.151 0.000]
INFO  [mc_indi_tiltrotor] T2dbg2 Wu25=[1.0 1000000.0] du25=[0.0731 0.0000] dmax25=[28.8494 0.0018] nu_yaw=-0.246
INFO  [mc_indi_tiltrotor] WRdbg0 Wu0=1 lo0=-16.45 du0=0.0942 pin0=0.004 a0=[0.012 -0.001 -0.000 -0.000 0.079]
INFO  [mc_indi_tiltrotor] WRdbg1 Wu1=1 lo1=-16.45 du1=0.0713 pin1=0.005 a1=[-0.012 -0.001 0.000 -0.000 0.080]
INFO  [mc_indi_tiltrotor] YWdbg nu2=-0.246 ach2=-0.010 r=-0.00 wsp2=-0.50 ddelta=[0.0018 0.0000 0.0000]
INFO  [commander] Takeoff detected	
INFO  [mc_indi_tiltrotor] T0dbg1 G0=[-0.355 0.245 -0.005 0.183 -0.983] nu_des=[-0.06 0.04 -0.02 -3.30 0.14]
INFO  [mc_indi_tiltrotor] T0dbg2 Ws34=[0.1 20.0] Wu0=1.0 du0=0.0575 dmin0=-16.8693 dmax0=28.1307
INFO  [mc_indi_tiltrotor] T2dbg1 G2=[-0.000 -0.550 0.060 0.004 -1.000] G5=[-0.950 -1.070 -0.004 15.832 0.070]
INFO  [mc_indi_tiltrotor] T2dbg2 Wu25=[1.0 1000000.0] du25=[-0.0871 0.0011] dmax25=[29.1676 0.0011] nu_yaw=-0.017
INFO  [mc_indi_tiltrotor] WRdbg0 Wu0=1 lo0=-16.87 du0=0.0575 pin0=-0.012 a0=[0.093 0.025 0.000 -0.000 -0.048]
INFO  [mc_indi_tiltrotor] WRdbg1 Wu1=1 lo1=-15.92 du1=-0.1072 pin1=0.006 a1=[-0.089 0.025 0.000 -0.000 -0.049]
INFO  [mc_indi_tiltrotor] pos_hold: holding x=0.07 y=0.29
INFO  [mc_indi_tiltrotor] YWdbg nu2=0.210 ach2=0.096 r=-0.24 wsp2=0.14 ddelta=[-0.0024 0.0120 -0.0011]
INFO  [mc_indi_tiltrotor] T0dbg1 G0=[-0.355 0.243 -0.011 0.198 -0.980] nu_des=[0.02 -0.06 0.21 -1.74 0.78]
INFO  [mc_indi_tiltrotor] T0dbg2 Ws34=[0.1 20.0] Wu0=1.0 du0=-0.2925 dmin0=-19.5957 dmax0=25.4043
INFO  [mc_indi_tiltrotor] T2dbg1 G2=[-0.000 -0.550 0.060 0.001 -1.000] G5=[-1.114 -1.289 -0.001 18.572 0.020]
INFO  [mc_indi_tiltrotor] T2dbg2 Wu25=[1.0 1000000.0] du25=[-0.2080 -0.0011] dmax25=[26.4280 0.0007] nu_yaw=0.207
INFO  [mc_indi_tiltrotor] WRdbg0 Wu0=1 lo0=-19.60 du0=-0.2925 pin0=0.042 a0=[-0.029 -0.038 -0.000 -0.000 -0.268]
INFO  [mc_indi_tiltrotor] WRdbg1 Wu1=1 lo1=-19.86 du1=-0.2733 pin1=0.006 a1=[0.028 -0.038 -0.000 -0.000 -0.270]
INFO  [mc_indi_tiltrotor] T0dbg1 G0=[-0.355 0.244 -0.007 0.189 -0.982] nu_des=[-0.00 0.00 0.05 -1.59 -0.01]
INFO  [mc_indi_tiltrotor] T0dbg2 Ws34=[0.1 20.0] Wu0=1.0 du0=-0.0039 dmin0=-17.7346 dmax0=27.2654
INFO  [mc_indi_tiltrotor] T2dbg1 G2=[-0.000 -0.550 0.060 0.000 -1.000] G5=[-1.037 -1.207 -0.000 17.280 0.005]
INFO  [mc_indi_tiltrotor] T2dbg2 Wu25=[1.0 1000000.0] du25=[0.0104 -0.0003] dmax25=[27.7200 0.0015] nu_yaw=0.051
INFO  [mc_indi_tiltrotor] WRdbg0 Wu0=1 lo0=-17.73 du0=-0.0039 pin0=0.000 a0=[0.001 -0.000 0.001 -0.009 0.003]
INFO  [mc_indi_tiltrotor] WRdbg1 Wu1=1 lo1=-18.05 du1=-0.0095 pin1=-0.000 a1=[-0.002 0.000 -0.006 -0.006 0.004]
INFO  [mc_indi_tiltrotor] YWdbg nu2=-0.088 ach2=0.006 r=0.25 wsp2=0.33 ddelta=[-0.0066 -0.0084 0.0041]
INFO  [mc_indi_tiltrotor] T0dbg1 G0=[-0.355 0.248 0.001 0.166 -0.986] nu_des=[-0.02 -0.15 -0.09 -0.77 0.12]
INFO  [mc_indi_tiltrotor] T0dbg2 Ws34=[0.1 20.0] Wu0=1.0 du0=-0.1148 dmin0=-17.7361 dmax0=27.2639
INFO  [mc_indi_tiltrotor] T2dbg1 G2=[-0.000 -0.550 0.060 0.002 -1.000] G5=[-1.065 -1.224 -0.002 17.757 0.034]
INFO  [mc_indi_tiltrotor] T2dbg2 Wu25=[1.0 1000000.0] du25=[0.1404 0.0041] dmax25=[27.2432 0.0077] nu_yaw=-0.091
INFO  [mc_indi_tiltrotor] WRdbg0 Wu0=1 lo0=-17.74 du0=-0.1148 pin0=-0.005 a0=[0.023 -0.092 -0.000 -0.000 -0.041]
INFO  [mc_indi_tiltrotor] WRdbg1 Wu1=1 lo1=-17.91 du1=-0.1456 pin1=0.010 a1=[-0.022 -0.093 0.000 -0.000 -0.041]
INFO  [mc_indi_tiltrotor] T0dbg1 G0=[-0.355 0.245 -0.005 0.183 -0.983] nu_des=[0.00 0.08 -0.09 -0.72 0.10]
INFO  [mc_indi_tiltrotor] T0dbg2 Ws34=[0.1 20.0] Wu0=1.0 du0=-0.0214 dmin0=-17.4733 dmax0=27.5267
INFO  [mc_indi_tiltrotor] T2dbg1 G2=[-0.000 -0.550 0.060 0.005 -1.000] G5=[-0.978 -1.097 -0.005 16.298 0.079]
INFO  [mc_indi_tiltrotor] T2dbg2 Wu25=[1.0 9.0] du25=[-0.0982 -0.0017] dmax25=[28.7018 0.0005] nu_yaw=-0.089
INFO  [mc_indi_tiltrotor] WRdbg0 Wu0=1 lo0=-17.47 du0=-0.0214 pin0=-0.040 a0=[-0.001 0.054 -0.001 0.000 -0.033]
INFO  [mc_indi_tiltrotor] WRdbg1 Wu1=1 lo1=-17.45 du1=0.0085 pin1=-0.009 a1=[0.001 0.048 0.004 -0.001 -0.034]
INFO  [mc_indi_tiltrotor] YWdbg nu2=-0.002 ach2=-0.007 r=0.16 wsp2=-0.10 ddelta=[0.0084 0.0084 -0.0032]
INFO  [mc_indi_tiltrotor] T0dbg1 G0=[-0.355 0.244 -0.008 0.191 -0.982] nu_des=[-0.10 -0.05 0.01 -0.61 0.05]
INFO  [mc_indi_tiltrotor] T0dbg2 Ws34=[0.1 20.0] Wu0=1.0 du0=0.0967 dmin0=-16.8246 dmax0=28.1754
INFO  [mc_indi_tiltrotor] T2dbg1 G2=[-0.000 -0.550 0.060 0.003 -1.000] G5=[-0.970 -1.106 -0.003 16.164 0.046]
INFO  [mc_indi_tiltrotor] T2dbg2 Wu25=[1.0 1000000.0] du25=[0.0347 0.0024] dmax25=[28.8359 0.0024] nu_yaw=0.010
INFO  [mc_indi_tiltrotor] WRdbg0 Wu0=1 lo0=-16.82 du0=0.0967 pin0=-0.003 a0=[0.109 0.007 0.000 -0.004 -0.013]
INFO  [mc_indi_tiltrotor] WRdbg1 Wu1=1 lo1=-18.10 du1=-0.1786 pin1=0.004 a1=[-0.151 -0.013 -0.002 -0.002 -0.016]
INFO  [mc_indi_tiltrotor] T0dbg1 G0=[-0.355 0.243 -0.011 0.199 -0.980] nu_des=[0.02 -0.03 0.04 -1.17 0.03]
INFO  [mc_indi_tiltrotor] T0dbg2 Ws34=[0.1 20.0] Wu0=1.0 du0=-0.0328 dmin0=-17.5919 dmax0=27.4081
INFO  [mc_indi_tiltrotor] T2dbg1 G2=[-0.000 -0.550 0.060 0.004 -1.000] G5=[-1.012 -1.146 -0.004 16.862 0.062]
INFO  [mc_indi_tiltrotor] T2dbg2 Wu25=[1.0 9.0] du25=[0.0044 -0.0011] dmax25=[28.1382 0.0007] nu_yaw=0.042
INFO  [mc_indi_tiltrotor] WRdbg0 Wu0=1 lo0=-17.59 du0=-0.0328 pin0=0.000 a0=[-0.024 0.004 0.000 -0.007 -0.007]
INFO  [mc_indi_tiltrotor] WRdbg1 Wu1=1 lo1=-17.88 du1=0.0077 pin1=0.000 a1=[0.032 -0.005 -0.007 -0.004 -0.008]
INFO  [mc_indi_tiltrotor] YWdbg nu2=0.023 ach2=0.020 r=-0.11 wsp2=-0.06 ddelta=[0.0066 0.0102 -0.0024]
INFO  [mc_indi_tiltrotor] T0dbg1 G0=[-0.355 0.240 -0.018 0.217 -0.976] nu_des=[-0.00 -0.00 0.03 -1.95 0.09]
INFO  [mc_indi_tiltrotor] T0dbg2 Ws34=[0.1 20.0] Wu0=1.0 du0=-0.0340 dmin0=-17.5147 dmax0=27.4853
INFO  [mc_indi_tiltrotor] T2dbg1 G2=[-0.000 -0.550 0.060 0.003 -1.000] G5=[-1.022 -1.165 -0.003 17.025 0.048]
INFO  [mc_indi_tiltrotor] T2dbg2 Wu25=[1.0 9.0] du25=[-0.0210 -0.0004] dmax25=[27.9746 0.0001] nu_yaw=0.034
INFO  [mc_indi_tiltrotor] WRdbg0 Wu0=1 lo0=-17.51 du0=-0.0340 pin0=-0.009 a0=[0.005 -0.001 0.000 0.001 -0.030]
INFO  [mc_indi_tiltrotor] WRdbg1 Wu1=1 lo1=-17.98 du1=-0.0454 pin1=-0.007 a1=[-0.004 -0.001 -0.001 -0.002 -0.030]
INFO  [mc_indi_tiltrotor] T0dbg1 G0=[-0.355 0.243 -0.010 0.197 -0.980] nu_des=[-0.02 0.13 0.02 -1.37 0.04]
INFO  [mc_indi_tiltrotor] T0dbg2 Ws34=[0.1 20.0] Wu0=1.0 du0=0.0453 dmin0=-17.5699 dmax0=27.4301
INFO  [mc_indi_tiltrotor] T2dbg1 G2=[-0.000 -0.550 0.060 0.002 -1.000] G5=[-1.049 -1.205 -0.002 17.485 0.035]
INFO  [mc_indi_tiltrotor] T2dbg2 Wu25=[1.0 1000000.0] du25=[-0.1313 -0.0020] dmax25=[27.5146 -0.0002] nu_yaw=0.019
INFO  [mc_indi_tiltrotor] WRdbg0 Wu0=1 lo0=-17.57 du0=0.0453 pin0=-0.045 a0=[0.022 0.080 -0.000 -0.000 -0.012]
INFO  [mc_indi_tiltrotor] WRdbg1 Wu1=1 lo1=-17.97 du1=0.0127 pin1=-0.035 a1=[-0.021 0.081 -0.000 -0.000 -0.012]
INFO  [mc_indi_tiltrotor] YWdbg nu2=0.026 ach2=0.039 r=-0.03 wsp2=0.08 ddelta=[-0.0048 -0.0030 0.0059]
INFO  [mc_indi_tiltrotor] T0dbg1 G0=[-0.355 0.247 -0.000 0.170 -0.985] nu_des=[-0.01 0.11 0.00 -0.44 0.11]
INFO  [mc_indi_tiltrotor] T0dbg2 Ws34=[0.1 20.0] Wu0=1.0 du0=0.0024 dmin0=-17.3619 dmax0=27.6381
INFO  [mc_indi_tiltrotor] T2dbg1 G2=[-0.000 -0.550 0.060 0.002 -1.000] G5=[-0.979 -1.127 -0.002 16.310 0.027]
INFO  [mc_indi_tiltrotor] T2dbg2 Wu25=[1.0 9.0] du25=[-0.1261 -0.0015] dmax25=[28.6899 0.0001] nu_yaw=0.004
INFO  [mc_indi_tiltrotor] WRdbg0 Wu0=1 lo0=-17.36 du0=0.0024 pin0=-0.046 a0=[0.015 0.069 0.000 0.000 -0.036]
INFO  [mc_indi_tiltrotor] WRdbg1 Wu1=1 lo1=-17.36 du1=-0.0148 pin1=-0.025 a1=[-0.014 0.061 -0.000 -0.000 -0.036]
INFO  [mc_indi_tiltrotor] T0dbg1 G0=[-0.355 0.249 0.004 0.159 -0.987] nu_des=[-0.00 -0.12 0.01 -0.05 0.10]
INFO  [mc_indi_tiltrotor] T0dbg2 Ws34=[0.1 20.0] Wu0=1.0 du0=-0.0741 dmin0=-17.6001 dmax0=27.3999
INFO  [mc_indi_tiltrotor] T2dbg1 G2=[-0.000 -0.550 0.060 0.002 -1.000] G5=[-0.960 -1.100 -0.002 16.004 0.036]
INFO  [mc_indi_tiltrotor] T2dbg2 Wu25=[1.0 9.0] du25=[0.0788 0.0027] dmax25=[28.9963 0.0049] nu_yaw=0.012
INFO  [mc_indi_tiltrotor] WRdbg0 Wu0=1 lo0=-17.60 du0=-0.0741 pin0=0.035 a0=[0.002 -0.076 0.000 0.000 -0.035]
INFO  [mc_indi_tiltrotor] WRdbg1 Wu1=1 lo1=-17.46 du1=-0.0905 pin1=0.015 a1=[-0.002 -0.067 -0.001 -0.000 -0.036]
INFO  [mc_indi_tiltrotor] YWdbg nu2=-0.023 ach2=-0.023 r=0.08 wsp2=0.01 ddelta=[0.0092 0.0051 0.0004]
INFO  [mc_indi_tiltrotor] T0dbg1 G0=[-0.355 0.245 -0.006 0.186 -0.983] nu_des=[0.02 -0.04 -0.03 -0.91 0.02]
INFO  [mc_indi_tiltrotor] T0dbg2 Ws34=[0.1 20.0] Wu0=1.0 du0=-0.0270 dmin0=-17.7537 dmax0=27.2463
INFO  [mc_indi_tiltrotor] T2dbg1 G2=[-0.000 -0.550 0.060 0.004 -1.000] G5=[-1.022 -1.158 -0.004 17.029 0.062]
INFO  [mc_indi_tiltrotor] T2dbg2 Wu25=[1.0 9.0] du25=[0.0152 -0.0009] dmax25=[27.9705 0.0011] nu_yaw=-0.027
INFO  [mc_indi_tiltrotor] WRdbg0 Wu0=1 lo0=-17.75 du0=-0.0270 pin0=0.000 a0=[-0.020 0.005 -0.000 -0.005 -0.006]
INFO  [mc_indi_tiltrotor] WRdbg1 Wu1=1 lo1=-17.78 du1=0.0132 pin1=0.000 a1=[0.027 -0.008 0.005 -0.003 -0.007]
INFO  [mc_indi_tiltrotor] T0dbg1 G0=[-0.355 0.240 -0.016 0.213 -0.977] nu_des=[0.01 0.37 -0.01 -1.77 0.16]
INFO  [mc_indi_tiltrotor] T0dbg2 Ws34=[0.1 20.0] Wu0=1.0 du0=0.1895 dmin0=-17.4297 dmax0=27.5703
INFO  [mc_indi_tiltrotor] T2dbg1 G2=[-0.000 -0.550 0.060 0.004 -1.000] G5=[-1.037 -1.168 -0.005 17.285 0.076]
INFO  [mc_indi_tiltrotor] T2dbg2 Wu25=[1.0 1000000.0] du25=[-0.5249 -0.0044] dmax25=[27.7151 -0.0027] nu_yaw=-0.015
INFO  [mc_indi_tiltrotor] WRdbg0 Wu0=1 lo0=-17.43 du0=0.1895 pin0=0.028 a0=[-0.016 0.233 0.000 -0.000 -0.056]
INFO  [mc_indi_tiltrotor] WRdbg1 Wu1=1 lo1=-17.92 du1=0.1984 pin1=0.005 a1=[0.015 0.234 0.000 -0.000 -0.056]
INFO  [mc_indi_tiltrotor] YWdbg nu2=0.015 ach2=-0.017 r=-0.03 wsp2=-0.05 ddelta=[-0.0120 -0.0120 -0.0020]
INFO  [mc_indi_tiltrotor] T0dbg1 G0=[-0.355 0.243 -0.010 0.198 -0.980] nu_des=[-0.01 -0.01 0.02 -1.20 0.14]
INFO  [mc_indi_tiltrotor] T0dbg2 Ws34=[0.1 20.0] Wu0=1.0 du0=-0.0285 dmin0=-17.5089 dmax0=27.4911
INFO  [mc_indi_tiltrotor] T2dbg1 G2=[-0.000 -0.550 0.060 0.003 -1.000] G5=[-1.052 -1.203 -0.003 17.540 0.045]
INFO  [mc_indi_tiltrotor] T2dbg2 Wu25=[1.0 1000000.0] du25=[-0.0426 0.0025] dmax25=[27.4595 0.0061] nu_yaw=0.015
INFO  [mc_indi_tiltrotor] WRdbg0 Wu0=1 lo0=-17.51 du0=-0.0285 pin0=-0.004 a0=[0.014 0.002 0.000 -0.007 -0.034]
INFO  [mc_indi_tiltrotor] WRdbg1 Wu1=1 lo1=-18.12 du1=-0.0644 pin1=0.005 a1=[-0.019 -0.003 -0.003 -0.004 -0.041]
INFO  [mc_indi_tiltrotor] T0dbg1 G0=[-0.355 0.243 -0.011 0.198 -0.980] nu_des=[-0.01 -0.01 0.04 -1.41 0.07]
INFO  [mc_indi_tiltrotor] T0dbg2 Ws34=[0.1 20.0] Wu0=1.0 du0=-0.0135 dmin0=-17.4335 dmax0=27.5665
INFO  [mc_indi_tiltrotor] T2dbg1 G2=[-0.000 -0.550 0.060 0.003 -1.000] G5=[-0.972 -1.109 -0.003 16.193 0.044]
INFO  [mc_indi_tiltrotor] T2dbg2 Wu25=[1.0 9.0] du25=[-0.0136 0.0000] dmax25=[28.8074 0.0016] nu_yaw=0.041
INFO  [mc_indi_tiltrotor] WRdbg0 Wu0=1 lo0=-17.43 du0=-0.0135 pin0=0.000 a0=[0.009 0.002 0.000 -0.008 -0.016]
INFO  [mc_indi_tiltrotor] WRdbg1 Wu1=1 lo1=-17.44 du1=-0.0445 pin1=0.000 a1=[-0.011 -0.002 -0.006 -0.005 -0.020]
INFO  [mc_indi_tiltrotor] YWdbg nu2=-0.014 ach2=-0.020 r=-0.03 wsp2=0.04 ddelta=[-0.0020 -0.0058 0.0045]
INFO  [mc_indi_tiltrotor] T0dbg1 G0=[-0.355 0.246 -0.005 0.182 -0.983] nu_des=[0.01 -0.08 -0.01 -0.82 0.22]
INFO  [mc_indi_tiltrotor] T0dbg2 Ws34=[0.1 20.0] Wu0=1.0 du0=-0.0694 dmin0=-17.2400 dmax0=27.7600
INFO  [mc_indi_tiltrotor] T2dbg1 G2=[-0.000 -0.550 0.060 0.004 -1.000] G5=[-1.035 -1.169 -0.004 17.250 0.070]
INFO  [mc_indi_tiltrotor] T2dbg2 Wu25=[1.0 1000000.0] du25=[-0.0345 0.0015] dmax25=[27.7495 0.0051] nu_yaw=-0.014
INFO  [mc_indi_tiltrotor] WRdbg0 Wu0=1 lo0=-17.24 du0=-0.0694 pin0=0.065 a0=[-0.011 -0.048 -0.000 -0.000 -0.076]
INFO  [mc_indi_tiltrotor] WRdbg1 Wu1=1 lo1=-17.05 du1=-0.0756 pin1=0.038 a1=[0.010 -0.048 0.000 -0.000 -0.077]
INFO  [mc_indi_tiltrotor] T0dbg1 G0=[-0.355 0.247 -0.001 0.173 -0.985] nu_des=[-0.01 -0.29 -0.00 -0.52 0.06]
INFO  [mc_indi_tiltrotor] T0dbg2 Ws34=[0.1 20.0] Wu0=1.0 du0=-0.2189 dmin0=-17.8454 dmax0=27.1546
INFO  [mc_indi_tiltrotor] T2dbg1 G2=[-0.000 -0.550 0.060 0.002 -1.000] G5=[-1.025 -1.174 -0.002 17.084 0.040]
INFO  [mc_indi_tiltrotor] T2dbg2 Wu25=[1.0 1000000.0] du25=[0.3623 0.0049] dmax25=[27.9159 0.0049] nu_yaw=-0.004
INFO  [mc_indi_tiltrotor] WRdbg0 Wu0=1 lo0=-17.85 du0=-0.2189 pin0=-0.035 a0=[0.019 -0.181 -0.000 -0.000 -0.021]
INFO  [mc_indi_tiltrotor] WRdbg1 Wu1=1 lo1=-17.89 du1=-0.2249 pin1=-0.003 a1=[-0.018 -0.183 0.000 -0.000 -0.021]
INFO  [mc_indi_tiltrotor] YWdbg nu2=-0.028 ach2=-0.023 r=0.04 wsp2=-0.04 ddelta=[0.0051 0.0012 -0.0003]
INFO  [mc_indi_tiltrotor] T0dbg1 G0=[-0.355 0.245 -0.005 0.182 -0.983] nu_des=[0.01 0.29 -0.03 -0.61 0.11]
INFO  [mc_indi_tiltrotor] T0dbg2 Ws34=[0.1 20.0] Wu0=1.0 du0=0.1614 dmin0=-17.4252 dmax0=27.5748
INFO  [mc_indi_tiltrotor] T2dbg1 G2=[-0.000 -0.550 0.060 0.003 -1.000] G5=[-1.056 -1.203 -0.003 17.593 0.051]
INFO  [mc_indi_tiltrotor] T2dbg2 Wu25=[1.0 1000000.0] du25=[-0.4195 -0.0029] dmax25=[27.4071 -0.0012] nu_yaw=-0.025
INFO  [mc_indi_tiltrotor] WRdbg0 Wu0=1 lo0=-17.43 du0=0.1614 pin0=0.035 a0=[-0.015 0.181 0.000 -0.000 -0.039]
INFO  [mc_indi_tiltrotor] WRdbg1 Wu1=1 lo1=-17.92 du1=0.1690 pin1=0.011 a1=[0.014 0.182 0.000 -0.000 -0.039]
INFO  [mc_indi_tiltrotor] T0dbg1 G0=[-0.355 0.247 -0.001 0.172 -0.985] nu_des=[0.01 0.01 0.03 -0.30 0.17]
INFO  [mc_indi_tiltrotor] T0dbg2 Ws34=[0.1 20.0] Wu0=1.0 du0=-0.0536 dmin0=-17.4558 dmax0=27.5442
INFO  [mc_indi_tiltrotor] T2dbg1 G2=[-0.000 -0.550 0.060 0.003 -1.000] G5=[-0.998 -1.141 -0.003 16.641 0.044]
INFO  [mc_indi_tiltrotor] T2dbg2 Wu25=[1.0 9.0] du25=[-0.0662 -0.0006] dmax25=[28.3592 0.0016] nu_yaw=0.027
INFO  [mc_indi_tiltrotor] WRdbg0 Wu0=1 lo0=-17.46 du0=-0.0536 pin0=0.007 a0=[-0.009 0.004 0.000 0.000 -0.056]
INFO  [mc_indi_tiltrotor] WRdbg1 Wu1=1 lo1=-17.96 du1=-0.0475 pin1=-0.001 a1=[0.008 0.004 -0.001 -0.000 -0.057]
INFO  [mc_indi_tiltrotor] YWdbg nu2=0.040 ach2=0.039 r=-0.08 wsp2=-0.04 ddelta=[-0.0015 0.0044 0.0008]
INFO  [mc_indi_tiltrotor] T0dbg1 G0=[-0.355 0.245 -0.006 0.186 -0.982] nu_des=[0.03 -0.15 0.01 -1.10 0.00]
INFO  [mc_indi_tiltrotor] T0dbg2 Ws34=[0.1 20.0] Wu0=1.0 du0=-0.0668 dmin0=-17.9114 dmax0=27.0886
INFO  [mc_indi_tiltrotor] T2dbg1 G2=[-0.000 -0.551 0.060 0.008 -1.000] G5=[-0.980 -1.073 -0.008 16.340 0.128]
INFO  [mc_indi_tiltrotor] T2dbg2 Wu25=[1.0 9.0] du25=[0.1279 0.0011] dmax25=[28.6600 0.0019] nu_yaw=0.010
INFO  [mc_indi_tiltrotor] WRdbg0 Wu0=1 lo0=-17.91 du0=-0.0668 pin0=0.067 a0=[-0.038 -0.096 0.000 0.000 -0.000]
INFO  [mc_indi_tiltrotor] WRdbg1 Wu1=1 lo1=-16.86 du1=-0.0187 pin1=0.032 a1=[0.035 -0.084 -0.000 -0.001 -0.000]
INFO  [mc_indi_tiltrotor] T0dbg1 G0=[-0.355 0.246 -0.003 0.178 -0.984] nu_des=[0.00 -0.01 -0.01 -0.82 -0.00]
INFO  [mc_indi_tiltrotor] T0dbg2 Ws34=[0.1 20.0] Wu0=1.0 du0=-0.0080 dmin0=-18.0491 dmax0=26.9509
INFO  [mc_indi_tiltrotor] T2dbg1 G2=[-0.000 -0.550 0.060 0.006 -1.000] G5=[-1.021 -1.140 -0.006 17.025 0.094]
INFO  [mc_indi_tiltrotor] T2dbg2 Wu25=[1.0 9.0] du25=[0.0096 -0.0005] dmax25=[27.9749 0.0015] nu_yaw=-0.005
INFO  [mc_indi_tiltrotor] WRdbg0 Wu0=1 lo0=-18.05 du0=-0.0080 pin0=0.000 a0=[-0.005 0.001 -0.000 -0.005 0.001]
INFO  [mc_indi_tiltrotor] WRdbg1 Wu1=1 lo1=-17.83 du1=0.0049 pin1=0.000 a1=[0.007 -0.001 0.001 -0.003 0.001]
INFO  [mc_indi_tiltrotor] YWdbg nu2=-0.020 ach2=0.025 r=-0.01 wsp2=-0.02 ddelta=[0.0120 0.0120 0.0060]
INFO  [mc_indi_tiltrotor] T0dbg1 G0=[-0.355 0.243 -0.011 0.200 -0.980] nu_des=[0.01 -0.10 -0.01 -1.49 0.11]
INFO  [mc_indi_tiltrotor] T0dbg2 Ws34=[0.1 20.0] Wu0=1.0 du0=-0.0413 dmin0=-17.8617 dmax0=27.1383
INFO  [mc_indi_tiltrotor] T2dbg1 G2=[-0.000 -0.550 0.060 0.006 -1.000] G5=[-1.031 -1.148 -0.006 17.180 0.099]
INFO  [mc_indi_tiltrotor] T2dbg2 Wu25=[1.0 9.0] du25=[0.0298 0.0007] dmax25=[27.8197 0.0025] nu_yaw=-0.009
INFO  [mc_indi_tiltrotor] WRdbg0 Wu0=1 lo0=-17.86 du0=-0.0413 pin0=0.074 a0=[-0.012 -0.065 -0.000 0.001 -0.039]
INFO  [mc_indi_tiltrotor] WRdbg1 Wu1=1 lo1=-17.76 du1=-0.0505 pin1=0.035 a1=[0.011 -0.057 0.000 -0.002 -0.039]
INFO  [mc_indi_tiltrotor] T0dbg1 G0=[-0.355 0.242 -0.013 0.206 -0.979] nu_des=[0.00 0.26 -0.03 -1.57 0.15]
INFO  [mc_indi_tiltrotor] T0dbg2 Ws34=[0.1 20.0] Wu0=1.0 du0=0.0411 dmin0=-17.5334 dmax0=27.4666
INFO  [mc_indi_tiltrotor] T2dbg1 G2=[-0.000 -0.550 0.060 0.003 -1.000] G5=[-1.051 -1.196 -0.003 17.517 0.055]
INFO  [mc_indi_tiltrotor] T2dbg2 Wu25=[1.0 1000000.0] du25=[-0.3131 -0.0032] dmax25=[27.4827 -0.0014] nu_yaw=-0.029
INFO  [mc_indi_tiltrotor] WRdbg0 Wu0=1 lo0=-17.53 du0=0.0411 pin0=-0.064 a0=[-0.006 0.163 0.000 -0.000 -0.052]
INFO  [mc_indi_tiltrotor] WRdbg1 Wu1=1 lo1=-17.94 du1=0.0767 pin1=-0.040 a1=[0.005 0.164 0.000 -0.000 -0.053]
INFO  [mc_indi_tiltrotor] YWdbg nu2=0.030 ach2=-0.009 r=-0.03 wsp2=-0.03 ddelta=[0.0042 0.0042 -0.0019]
INFO  [mc_indi_tiltrotor] T0dbg1 G0=[-0.355 0.245 -0.006 0.185 -0.983] nu_des=[-0.01 -0.22 0.04 -0.85 0.23]
INFO  [mc_indi_tiltrotor] T0dbg2 Ws34=[0.1 20.0] Wu0=1.0 du0=-0.1589 dmin0=-17.4587 dmax0=27.5413
INFO  [mc_indi_tiltrotor] T2dbg1 G2=[-0.000 -0.550 0.060 0.002 -1.000] G5=[-1.000 -1.152 -0.002 16.662 0.026]
INFO  [mc_indi_tiltrotor] T2dbg2 Wu25=[1.0 1000000.0] du25=[0.1511 0.0051] dmax25=[28.3384 0.0051] nu_yaw=0.044
INFO  [mc_indi_tiltrotor] WRdbg0 Wu0=1 lo0=-17.46 du0=-0.1589 pin0=0.049 a0=[0.009 -0.139 0.000 -0.000 -0.078]
INFO  [mc_indi_tiltrotor] WRdbg1 Wu1=1 lo1=-18.18 du1=-0.1978 pin1=0.031 a1=[-0.009 -0.140 -0.000 -0.000 -0.079]
INFO  [mc_indi_tiltrotor] T0dbg1 G0=[-0.355 0.246 -0.004 0.181 -0.983] nu_des=[-0.02 0.04 0.00 -0.79 0.09]
INFO  [mc_indi_tiltrotor] T0dbg2 Ws34=[0.1 20.0] Wu0=1.0 du0=0.0129 dmin0=-17.2940 dmax0=27.7060
INFO  [mc_indi_tiltrotor] T2dbg1 G2=[-0.000 -0.550 0.060 0.003 -1.000] G5=[-0.970 -1.105 -0.003 16.167 0.049]
INFO  [mc_indi_tiltrotor] T2dbg2 Wu25=[1.0 9.0] du25=[-0.0699 -0.0003] dmax25=[28.8331 0.0016] nu_yaw=0.004
INFO  [mc_indi_tiltrotor] WRdbg0 Wu0=1 lo0=-17.29 du0=0.0129 pin0=-0.012 a0=[0.027 0.027 0.000 0.000 -0.029]
INFO  [mc_indi_tiltrotor] WRdbg1 Wu1=1 lo1=-17.29 du1=-0.0380 pin1=-0.007 a1=[-0.025 0.024 -0.000 -0.001 -0.029]
INFO  [mc_indi_tiltrotor] YWdbg nu2=-0.036 ach2=-0.010 r=0.02 wsp2=0.02 ddelta=[-0.0084 -0.0090 -0.0015]
INFO  [mc_indi_tiltrotor] T0dbg1 G0=[-0.355 0.248 0.002 0.164 -0.986] nu_des=[-0.01 -0.02 -0.04 -0.20 -0.01]
INFO  [mc_indi_tiltrotor] T0dbg2 Ws34=[0.1 20.0] Wu0=1.0 du0=0.0094 dmin0=-17.8588 dmax0=27.1412
INFO  [mc_indi_tiltrotor] T2dbg1 G2=[-0.000 -0.550 0.060 0.004 -1.000] G5=[-1.026 -1.159 -0.004 17.102 0.069]
INFO  [mc_indi_tiltrotor] T2dbg2 Wu25=[1.0 9.0] du25=[0.0170 0.0004] dmax25=[27.8981 0.0021] nu_yaw=-0.042
INFO  [mc_indi_tiltrotor] WRdbg0 Wu0=1 lo0=-17.86 du0=0.0094 pin0=0.000 a0=[0.008 0.002 -0.001 -0.001 0.002]
INFO  [mc_indi_tiltrotor] WRdbg1 Wu1=1 lo1=-17.68 du1=-0.0046 pin1=0.000 a1=[-0.011 -0.004 0.009 -0.001 0.002]
INFO  [mc_indi_tiltrotor] T0dbg1 G0=[-0.355 0.244 -0.007 0.188 -0.982] nu_des=[0.03 -0.08 -0.02 -0.94 0.12]
INFO  [mc_indi_tiltrotor] T0dbg2 Ws34=[0.1 20.0] Wu0=1.0 du0=-0.0633 dmin0=-17.6772 dmax0=27.3228
INFO  [mc_indi_tiltrotor] T2dbg1 G2=[-0.000 -0.550 0.060 0.005 -1.000] G5=[-1.047 -1.177 -0.005 17.442 0.080]
INFO  [mc_indi_tiltrotor] T2dbg2 Wu25=[1.0 1000000.0] du25=[0.0060 -0.0002] dmax25=[27.5578 0.0034] nu_yaw=-0.019
INFO  [mc_indi_tiltrotor] WRdbg0 Wu0=1 lo0=-17.68 du0=-0.0633 pin0=0.065 a0=[-0.036 -0.050 0.000 -0.000 -0.042]
INFO  [mc_indi_tiltrotor] WRdbg1 Wu1=1 lo1=-17.77 du1=-0.0239 pin1=0.034 a1=[0.035 -0.050 0.000 -0.000 -0.043]
INFO  [mc_indi_tiltrotor] YWdbg nu2=0.016 ach2=0.016 r=-0.01 wsp2=-0.03 ddelta=[-0.0044 -0.0018 -0.0009]
INFO  [mc_indi_tiltrotor] T0dbg1 G0=[-0.355 0.243 -0.009 0.195 -0.981] nu_des=[-0.01 0.20 -0.06 -1.18 0.12]
INFO  [mc_indi_tiltrotor] T0dbg2 Ws34=[0.1 20.0] Wu0=1.0 du0=0.0658 dmin0=-17.4977 dmax0=27.5023
INFO  [mc_indi_tiltrotor] T2dbg1 G2=[-0.000 -0.550 0.060 0.002 -1.000] G5=[-1.056 -1.208 -0.003 17.592 0.043]
INFO  [mc_indi_tiltrotor] T2dbg2 Wu25=[1.0 1000000.0] du25=[-0.2574 -0.0024] dmax25=[27.4079 -0.0007] nu_yaw=-0.064
INFO  [mc_indi_tiltrotor] WRdbg0 Wu0=1 lo0=-17.50 du0=0.0658 pin0=-0.026 a0=[0.009 0.124 0.000 -0.000 -0.041]
INFO  [mc_indi_tiltrotor] WRdbg1 Wu1=1 lo1=-18.01 du1=0.0584 pin1=-0.016 a1=[-0.009 0.125 0.000 -0.000 -0.042]
INFO  [mc_indi_tiltrotor] T0dbg1 G0=[-0.355 0.247 -0.001 0.171 -0.985] nu_des=[-0.00 0.10 -0.01 -0.32 0.05]
INFO  [mc_indi_tiltrotor] T0dbg2 Ws34=[0.1 20.0] Wu0=1.0 du0=-0.0041 dmin0=-17.6190 dmax0=27.3810
INFO  [mc_indi_tiltrotor] T2dbg1 G2=[-0.000 -0.550 0.060 0.002 -1.000] G5=[-1.043 -1.198 -0.002 17.383 0.034]
INFO  [mc_indi_tiltrotor] T2dbg2 Wu25=[1.0 9.0] du25=[-0.0895 -0.0016] dmax25=[27.6166 -0.0001] nu_yaw=-0.006
INFO  [mc_indi_tiltrotor] WRdbg0 Wu0=1 lo0=-17.62 du0=-0.0041 pin0=-0.054 a0=[0.005 0.063 -0.000 0.000 -0.019]
INFO  [mc_indi_tiltrotor] WRdbg1 Wu1=1 lo1=-18.10 du1=0.0069 pin1=-0.024 a1=[-0.005 0.054 0.000 -0.000 -0.019]
INFO  [mc_indi_tiltrotor] YWdbg nu2=-0.016 ach2=-0.018 r=-0.01 wsp2=-0.02 ddelta=[0.0041 0.0008 0.0009]
INFO  [mc_indi_tiltrotor] T0dbg1 G0=[-0.355 0.246 -0.002 0.176 -0.984] nu_des=[-0.01 0.31 -0.01 -0.54 0.09]
INFO  [mc_indi_tiltrotor] T0dbg2 Ws34=[0.1 20.0] Wu0=1.0 du0=0.1053 dmin0=-17.9233 dmax0=27.0767
INFO  [mc_indi_tiltrotor] T2dbg1 G2=[-0.000 -0.550 0.060 0.004 -1.000] G5=[-1.024 -1.155 -0.004 17.070 0.072]
INFO  [mc_indi_tiltrotor] T2dbg2 Wu25=[1.0 1000000.0] du25=[-0.3457 -0.0042] dmax25=[27.9294 -0.0025] nu_yaw=-0.013
INFO  [mc_indi_tiltrotor] WRdbg0 Wu0=1 lo0=-17.92 du0=0.1053 pin0=-0.062 a0=[0.009 0.190 -0.000 -0.000 -0.031]
INFO  [mc_indi_tiltrotor] WRdbg1 Wu1=1 lo1=-18.05 du1=0.1101 pin1=-0.042 a1=[-0.009 0.192 0.000 -0.000 -0.032]
INFO  [mc_indi_tiltrotor] T0dbg1 G0=[-0.355 0.248 0.000 0.169 -0.986] nu_des=[-0.00 -0.01 0.01 -0.35 0.01]
INFO  [mc_indi_tiltrotor] T0dbg2 Ws34=[0.1 20.0] Wu0=1.0 du0=0.0002 dmin0=-17.8636 dmax0=27.1364
INFO  [mc_indi_tiltrotor] T2dbg1 G2=[-0.000 -0.550 0.060 0.004 -1.000] G5=[-1.047 -1.181 -0.004 17.447 0.072]
INFO  [mc_indi_tiltrotor] T2dbg2 Wu25=[1.0 9.0] du25=[0.0067 0.0002] dmax25=[27.5532 0.0018] nu_yaw=0.008
INFO  [mc_indi_tiltrotor] WRdbg0 Wu0=1 lo0=-17.86 du0=0.0002 pin0=0.000 a0=[0.003 0.001 0.000 -0.002 -0.002]
INFO  [mc_indi_tiltrotor] WRdbg1 Wu1=1 lo1=-17.84 du1=-0.0125 pin1=0.000 a1=[-0.004 -0.003 -0.002 -0.001 -0.003]
INFO  [mc_indi_tiltrotor] YWdbg nu2=0.013 ach2=0.013 r=-0.01 wsp2=0.01 ddelta=[-0.0024 -0.0001 -0.0006]
INFO  [mc_indi_tiltrotor] T0dbg1 G0=[-0.355 0.248 0.002 0.164 -0.986] nu_des=[0.01 -0.00 0.02 -0.23 0.01]
INFO  [mc_indi_tiltrotor] T0dbg2 Ws34=[0.1 20.0] Wu0=1.0 du0=-0.0189 dmin0=-17.7356 dmax0=27.2644
INFO  [mc_indi_tiltrotor] T2dbg1 G2=[-0.000 -0.550 0.060 0.003 -1.000] G5=[-1.043 -1.189 -0.003 17.392 0.051]
INFO  [mc_indi_tiltrotor] T2dbg2 Wu25=[1.0 9.0] du25=[-0.0057 -0.0007] dmax25=[27.6083 0.0005] nu_yaw=0.017
INFO  [mc_indi_tiltrotor] WRdbg0 Wu0=1 lo0=-17.74 du0=-0.0189 pin0=0.000 a0=[-0.015 0.000 0.001 -0.001 -0.004]
INFO  [mc_indi_tiltrotor] WRdbg1 Wu1=1 lo1=-18.02 du1=0.0105 pin1=0.000 a1=[0.020 -0.001 -0.003 -0.001 -0.004]
INFO  [mc_indi_tiltrotor] T0dbg1 G0=[-0.355 0.248 0.002 0.163 -0.987] nu_des=[0.00 -0.04 -0.04 -0.10 0.02]
INFO  [mc_indi_tiltrotor] T0dbg2 Ws34=[0.1 20.0] Wu0=1.0 du0=-0.0034 dmin0=-17.6128 dmax0=27.3872
INFO  [mc_indi_tiltrotor] T2dbg1 G2=[-0.000 -0.550 0.060 0.003 -1.000] G5=[-1.035 -1.178 -0.003 17.243 0.053]
INFO  [mc_indi_tiltrotor] T2dbg2 Wu25=[1.0 9.0] du25=[0.0157 0.0003] dmax25=[27.7573 0.0021] nu_yaw=-0.041
INFO  [mc_indi_tiltrotor] WRdbg0 Wu0=1 lo0=-17.61 du0=-0.0034 pin0=0.000 a0=[-0.000 0.003 -0.001 -0.001 -0.004]
INFO  [mc_indi_tiltrotor] WRdbg1 Wu1=1 lo1=-18.12 du1=-0.0053 pin1=0.000 a1=[0.000 -0.009 0.008 -0.000 -0.005]
INFO  [mc_indi_tiltrotor] YWdbg nu2=-0.002 ach2=-0.003 r=0.02 wsp2=0.01 ddelta=[0.0042 0.0034 0.0003]
INFO  [mc_indi_tiltrotor] T0dbg1 G0=[-0.355 0.246 -0.004 0.180 -0.984] nu_des=[-0.01 0.02 -0.01 -0.72 0.01]
INFO  [mc_indi_tiltrotor] T0dbg2 Ws34=[0.1 20.0] Wu0=1.0 du0=0.0048 dmin0=-17.6045 dmax0=27.3955
INFO  [mc_indi_tiltrotor] T2dbg1 G2=[-0.000 -0.550 0.060 0.004 -1.000] G5=[-1.040 -1.172 -0.005 17.326 0.075]
INFO  [mc_indi_tiltrotor] T2dbg2 Wu25=[1.0 9.0] du25=[-0.0056 0.0000] dmax25=[27.6740 0.0023] nu_yaw=-0.012
INFO  [mc_indi_tiltrotor] WRdbg0 Wu0=1 lo0=-17.60 du0=0.0048 pin0=0.000 a0=[0.012 -0.002 -0.000 -0.004 -0.001]
INFO  [mc_indi_tiltrotor] WRdbg1 Wu1=1 lo1=-17.98 du1=-0.0149 pin1=0.000 a1=[-0.017 0.004 0.002 -0.003 -0.002]
INFO  [mc_indi_tiltrotor] T0dbg1 G0=[-0.355 0.247 -0.000 0.170 -0.985] nu_des=[-0.01 -0.18 -0.02 -0.27 0.04]
INFO  [mc_indi_tiltrotor] T0dbg2 Ws34=[0.1 20.0] Wu0=1.0 du0=-0.0621 dmin0=-17.7191 dmax0=27.2809
INFO  [mc_indi_tiltrotor] T2dbg1 G2=[-0.000 -0.550 0.060 0.004 -1.000] G5=[-1.040 -1.175 -0.004 17.335 0.070]
INFO  [mc_indi_tiltrotor] T2dbg2 Wu25=[1.0 1000000.0] du25=[0.1588 0.0041] dmax25=[27.6651 0.0041] nu_yaw=-0.024
INFO  [mc_indi_tiltrotor] WRdbg0 Wu0=1 lo0=-17.72 du0=-0.0621 pin0=0.049 a0=[0.015 -0.113 -0.000 -0.000 -0.014]
INFO  [mc_indi_tiltrotor] WRdbg1 Wu1=1 lo1=-17.73 du1=-0.1025 pin1=0.041 a1=[-0.015 -0.114 0.000 -0.000 -0.014]
INFO  [mc_indi_tiltrotor] YWdbg nu2=0.005 ach2=0.004 r=-0.00 wsp2=-0.02 ddelta=[0.0000 0.0005 0.0001]
INFO  [mc_indi_tiltrotor] T0dbg1 G0=[-0.355 0.246 -0.004 0.180 -0.984] nu_des=[0.00 0.32 0.01 -0.69 0.04]
INFO  [mc_indi_tiltrotor] T0dbg2 Ws34=[0.1 20.0] Wu0=1.0 du0=0.1145 dmin0=-17.8307 dmax0=27.1693
INFO  [mc_indi_tiltrotor] T2dbg1 G2=[-0.000 -0.550 0.060 0.003 -1.000] G5=[-1.032 -1.172 -0.003 17.199 0.057]
INFO  [mc_indi_tiltrotor] T2dbg2 Wu25=[1.0 1000000.0] du25=[-0.3424 -0.0033] dmax25=[27.8008 -0.0016] nu_yaw=0.013
INFO  [mc_indi_tiltrotor] WRdbg0 Wu0=1 lo0=-17.83 du0=0.1145 pin0=-0.066 a0=[-0.006 0.198 0.000 -0.000 -0.012]
INFO  [mc_indi_tiltrotor] WRdbg1 Wu1=1 lo1=-17.88 du1=0.1521 pin1=-0.041 a1=[0.005 0.200 -0.000 -0.000 -0.012]
INFO  [mc_indi_tiltrotor] T0dbg1 G0=[-0.355 0.247 -0.001 0.172 -0.985] nu_des=[0.02 -0.02 0.05 -0.36 0.17]
INFO  [mc_indi_tiltrotor] T0dbg2 Ws34=[0.1 20.0] Wu0=1.0 du0=-0.1043 dmin0=-17.8337 dmax0=27.1663
INFO  [mc_indi_tiltrotor] T2dbg1 G2=[-0.000 -0.550 0.060 0.002 -1.000] G5=[-1.028 -1.178 -0.002 17.139 0.040]
INFO  [mc_indi_tiltrotor] T2dbg2 Wu25=[1.0 9.0] du25=[-0.0221 -0.0007] dmax25=[27.8606 -0.0000] nu_yaw=0.049
INFO  [mc_indi_tiltrotor] WRdbg0 Wu0=1 lo0=-17.83 du0=-0.1043 pin0=-0.011 a0=[-0.025 -0.011 0.001 0.000 -0.058]
INFO  [mc_indi_tiltrotor] WRdbg1 Wu1=1 lo1=-18.19 du1=-0.0546 pin1=-0.007 a1=[0.023 -0.010 -0.002 -0.000 -0.058]
INFO  [mc_indi_tiltrotor] YWdbg nu2=0.006 ach2=0.006 r=-0.02 wsp2=-0.01 ddelta=[-0.0041 -0.0030 -0.0004]
INFO  [mc_indi_tiltrotor] T0dbg1 G0=[-0.355 0.247 -0.001 0.172 -0.985] nu_des=[-0.01 -0.43 0.01 -0.43 0.12]
INFO  [mc_indi_tiltrotor] T0dbg2 Ws34=[0.1 20.0] Wu0=1.0 du0=-0.3279 dmin0=-17.8202 dmax0=27.1798
INFO  [mc_indi_tiltrotor] T2dbg1 G2=[-0.000 -0.550 0.060 0.001 -1.000] G5=[-1.020 -1.176 -0.002 17.004 0.025]
INFO  [mc_indi_tiltrotor] T2dbg2 Wu25=[1.0 1000000.0] du25=[0.5212 0.0028] dmax25=[27.9956 0.0028] nu_yaw=0.007
INFO  [mc_indi_tiltrotor] WRdbg0 Wu0=1 lo0=-17.82 du0=-0.3279 pin0=-0.039 a0=[0.018 -0.266 0.000 -0.000 -0.041]
INFO  [mc_indi_tiltrotor] WRdbg1 Wu1=1 lo1=-18.35 du1=-0.3391 pin1=-0.012 a1=[-0.017 -0.269 -0.000 -0.000 -0.041]
INFO  [mc_indi_tiltrotor] T0dbg1 G0=[-0.355 0.245 -0.006 0.185 -0.983] nu_des=[0.01 -0.09 0.02 -0.56 0.27]
INFO  [mc_indi_tiltrotor] T0dbg2 Ws34=[0.1 20.0] Wu0=1.0 du0=-0.1491 dmin0=-16.0915 dmax0=28.9085
INFO  [mc_indi_tiltrotor] T2dbg1 G2=[-0.000 -0.550 0.060 0.003 -1.000] G5=[-0.903 -1.029 -0.003 15.042 0.044]
INFO  [mc_indi_tiltrotor] T2dbg2 Wu25=[1.0 9.0] du25=[0.0141 0.0017] dmax25=[29.9580 0.0025] nu_yaw=0.017
INFO  [mc_indi_tiltrotor] WRdbg0 Wu0=1 lo0=-16.09 du0=-0.1491 pin0=0.006 a0=[-0.009 -0.055 0.000 0.000 -0.092]
INFO  [mc_indi_tiltrotor] WRdbg1 Wu1=1 lo1=-16.33 du1=-0.1315 pin1=0.003 a1=[0.008 -0.049 -0.001 -0.000 -0.092]
INFO  [mc_indi_tiltrotor] YWdbg nu2=-0.019 ach2=0.008 r=-0.02 wsp2=0.00 ddelta=[0.0024 0.0024 0.0044]
INFO  [mc_indi_tiltrotor] T0dbg1 G0=[-0.355 0.247 -0.002 0.175 -0.984] nu_des=[-0.01 0.15 -0.01 -0.30 0.06]
INFO  [mc_indi_tiltrotor] T0dbg2 Ws34=[0.1 20.0] Wu0=1.0 du0=0.0238 dmin0=-16.1759 dmax0=28.8241
INFO  [mc_indi_tiltrotor] T2dbg1 G2=[-0.000 -0.550 0.060 0.002 -1.000] G5=[-0.894 -1.024 -0.002 14.908 0.036]
INFO  [mc_indi_tiltrotor] T2dbg2 Wu25=[1.0 1000000.0] du25=[-0.1470 -0.0024] dmax25=[30.0923 -0.0007] nu_yaw=-0.011
INFO  [mc_indi_tiltrotor] WRdbg0 Wu0=1 lo0=-16.18 du0=0.0238 pin0=-0.059 a0=[0.013 0.092 -0.000 -0.000 -0.021]
INFO  [mc_indi_tiltrotor] WRdbg1 Wu1=1 lo1=-16.21 du1=0.0232 pin1=-0.035 a1=[-0.012 0.093 0.000 -0.000 -0.022]
INFO  [mc_indi_tiltrotor] T0dbg1 G0=[-0.355 0.247 -0.001 0.171 -0.985] nu_des=[0.00 -0.13 0.02 -0.08 0.08]
INFO  [mc_indi_tiltrotor] T0dbg2 Ws34=[0.1 20.0] Wu0=1.0 du0=-0.0562 dmin0=-16.2493 dmax0=28.7507
INFO  [mc_indi_tiltrotor] T2dbg1 G2=[-0.000 -0.550 0.060 0.003 -1.000] G5=[-0.928 -1.056 -0.003 15.467 0.049]
INFO  [mc_indi_tiltrotor] T2dbg2 Wu25=[1.0 9.0] du25=[0.0787 0.0020] dmax25=[29.5331 0.0039] nu_yaw=0.023
INFO  [mc_indi_tiltrotor] WRdbg0 Wu0=1 lo0=-16.25 du0=-0.0562 pin0=0.061 a0=[-0.006 -0.083 0.000 0.000 -0.029]
INFO  [mc_indi_tiltrotor] WRdbg1 Wu1=1 lo1=-16.27 du1=-0.0723 pin1=0.027 a1=[0.005 -0.074 -0.001 -0.000 -0.029]
INFO  [mc_indi_tiltrotor] YWdbg nu2=-0.009 ach2=-0.009 r=0.01 wsp2=-0.02 ddelta=[-0.0044 -0.0058 -0.0002]
INFO  [mc_indi_tiltrotor] T0dbg1 G0=[-0.355 0.247 -0.001 0.171 -0.985] nu_des=[0.00 0.00 -0.00 -0.07 -0.00]
INFO  [mc_indi_tiltrotor] T0dbg2 Ws34=[0.1 20.0] Wu0=1.0 du0=-0.0032 dmin0=-16.3837 dmax0=28.6163
INFO  [mc_indi_tiltrotor] T2dbg1 G2=[-0.000 -0.550 0.060 0.002 -1.000] G5=[-0.943 -1.079 -0.002 15.716 0.038]
INFO  [mc_indi_tiltrotor] T2dbg2 Wu25=[1.0 9.0] du25=[0.0005 -0.0002] dmax25=[29.2843 0.0013] nu_yaw=-0.000
INFO  [mc_indi_tiltrotor] WRdbg0 Wu0=1 lo0=-16.38 du0=-0.0032 pin0=0.000 a0=[-0.003 -0.000 -0.000 -0.000 0.001]
INFO  [mc_indi_tiltrotor] WRdbg1 Wu1=1 lo1=-16.65 du1=0.0052 pin1=0.000 a1=[0.004 0.000 0.000 -0.000 0.001]
INFO  [mc_indi_tiltrotor] T0dbg1 G0=[-0.355 0.249 0.002 0.162 -0.987] nu_des=[0.00 -0.03 -0.05 0.13 0.01]
INFO  [mc_indi_tiltrotor] T0dbg2 Ws34=[0.1 20.0] Wu0=1.0 du0=-0.0055 dmin0=-16.4479 dmax0=28.5521
INFO  [mc_indi_tiltrotor] T2dbg1 G2=[-0.000 -0.550 0.060 0.002 -1.000] G5=[-0.940 -1.077 -0.002 15.660 0.034]
INFO  [mc_indi_tiltrotor] T2dbg2 Wu25=[1.0 9.0] du25=[0.0100 0.0001] dmax25=[29.3401 0.0018] nu_yaw=-0.046
INFO  [mc_indi_tiltrotor] WRdbg0 Wu0=1 lo0=-16.45 du0=-0.0055 pin0=0.000 a0=[-0.003 0.002 -0.002 0.001 -0.004]
INFO  [mc_indi_tiltrotor] WRdbg1 Wu1=1 lo1=-16.86 du1=0.0028 pin1=0.000 a1=[0.004 -0.007 0.010 0.000 -0.004]
INFO  [mc_indi_tiltrotor] YWdbg nu2=-0.011 ach2=-0.010 r=-0.00 wsp2=-0.02 ddelta=[-0.0043 -0.0060 0.0002]
INFO  [mc_indi_tiltrotor] T0dbg1 G0=[-0.355 0.248 0.001 0.167 -0.986] nu_des=[-0.00 0.27 -0.03 -0.08 0.18]
INFO  [mc_indi_tiltrotor] T0dbg2 Ws34=[0.1 20.0] Wu0=1.0 du0=0.0745 dmin0=-16.6478 dmax0=28.3522
INFO  [mc_indi_tiltrotor] T2dbg1 G2=[-0.000 -0.550 0.060 0.003 -1.000] G5=[-0.978 -1.111 -0.003 16.308 0.056]
INFO  [mc_indi_tiltrotor] T2dbg2 Wu25=[1.0 1000000.0] du25=[-0.3532 -0.0034] dmax25=[28.6920 -0.0017] nu_yaw=-0.033
INFO  [mc_indi_tiltrotor] WRdbg0 Wu0=1 lo0=-16.65 du0=0.0745 pin0=-0.032 a0=[0.004 0.165 -0.000 -0.000 -0.063]
INFO  [mc_indi_tiltrotor] WRdbg1 Wu1=1 lo1=-16.98 du1=0.0758 pin1=-0.023 a1=[-0.004 0.167 0.000 -0.000 -0.063]
INFO  [mc_indi_tiltrotor] T0dbg1 G0=[-0.355 0.247 -0.001 0.171 -0.985] nu_des=[-0.01 -0.09 -0.00 -0.13 0.22]
INFO  [mc_indi_tiltrotor] T0dbg2 Ws34=[0.1 20.0] Wu0=1.0 du0=-0.0523 dmin0=-16.7379 dmax0=28.2621
INFO  [mc_indi_tiltrotor] T2dbg1 G2=[-0.000 -0.550 0.060 0.004 -1.000] G5=[-1.002 -1.131 -0.004 16.705 0.069]
INFO  [mc_indi_tiltrotor] T2dbg2 Wu25=[1.0 1000000.0] du25=[-0.0262 0.0038] dmax25=[28.2946 0.0074] nu_yaw=-0.004
INFO  [mc_indi_tiltrotor] WRdbg0 Wu0=1 lo0=-16.74 du0=-0.0523 pin0=0.060 a0=[0.017 -0.053 -0.000 -0.000 -0.076]
INFO  [mc_indi_tiltrotor] WRdbg1 Wu1=1 lo1=-16.97 du1=-0.1100 pin1=0.037 a1=[-0.016 -0.054 0.000 -0.000 -0.077]
INFO  [mc_indi_tiltrotor] YWdbg nu2=0.077 ach2=0.011 r=-0.01 wsp2=-0.02 ddelta=[-0.0114 -0.0066 -0.0039]
INFO  [mc_indi_tiltrotor] T0dbg1 G0=[-0.355 0.248 0.000 0.169 -0.986] nu_des=[-0.01 -0.10 -0.06 -0.12 0.45]
INFO  [mc_indi_tiltrotor] T0dbg2 Ws34=[0.1 20.0] Wu0=1.0 du0=-0.1629 dmin0=-16.6597 dmax0=28.3403
INFO  [mc_indi_tiltrotor] T2dbg1 G2=[-0.000 -0.550 0.060 0.005 -1.000] G5=[-1.009 -1.132 -0.005 16.813 0.081]
INFO  [mc_indi_tiltrotor] T2dbg2 Wu25=[1.0 1000000.0] du25=[-0.0759 0.0055] dmax25=[28.1869 0.0091] nu_yaw=-0.056
INFO  [mc_indi_tiltrotor] WRdbg0 Wu0=1 lo0=-16.66 du0=-0.1629 pin0=0.041 a0=[0.009 -0.059 -0.000 -0.000 -0.154]
INFO  [mc_indi_tiltrotor] WRdbg1 Wu1=1 lo1=-16.71 du1=-0.1992 pin1=0.026 a1=[-0.009 -0.059 0.000 -0.000 -0.156]
INFO  [mc_indi_tiltrotor] T0dbg1 G0=[-0.355 0.246 -0.004 0.180 -0.984] nu_des=[0.01 0.07 0.01 -0.58 0.15]
INFO  [mc_indi_tiltrotor] T0dbg2 Ws34=[0.1 20.0] Wu0=1.0 du0=-0.0335 dmin0=-17.0510 dmax0=27.9490
INFO  [mc_indi_tiltrotor] T2dbg1 G2=[-0.000 -0.550 0.060 0.004 -1.000] G5=[-0.965 -1.088 -0.004 16.089 0.070]
INFO  [mc_indi_tiltrotor] T2dbg2 Wu25=[1.0 1000000.0] du25=[-0.1190 -0.0027] dmax25=[28.9113 -0.0027] nu_yaw=0.010
INFO  [mc_indi_tiltrotor] WRdbg0 Wu0=1 lo0=-17.05 du0=-0.0335 pin0=-0.011 a0=[-0.016 0.044 0.000 -0.000 -0.050]
INFO  [mc_indi_tiltrotor] WRdbg1 Wu1=1 lo1=-17.20 du1=-0.0023 pin1=-0.012 a1=[0.016 0.044 -0.000 -0.000 -0.050]
INFO  [mc_indi_tiltrotor] YWdbg nu2=-0.001 ach2=-0.000 r=-0.01 wsp2=-0.01 ddelta=[0.0022 0.0019 -0.0005]
INFO  [mc_indi_tiltrotor] T0dbg1 G0=[-0.355 0.242 -0.012 0.202 -0.979] nu_des=[0.01 -0.08 0.02 -1.39 0.12]
INFO  [mc_indi_tiltrotor] T0dbg2 Ws34=[0.1 20.0] Wu0=1.0 du0=-0.0422 dmin0=-17.1026 dmax0=27.8974
INFO  [mc_indi_tiltrotor] T2dbg1 G2=[-0.000 -0.550 0.060 0.004 -1.000] G5=[-0.976 -1.101 -0.004 16.265 0.068]
INFO  [mc_indi_tiltrotor] T2dbg2 Wu25=[1.0 9.0] du25=[0.0114 0.0001] dmax25=[28.7351 0.0028] nu_yaw=0.019
INFO  [mc_indi_tiltrotor] WRdbg0 Wu0=1 lo0=-17.10 du0=-0.0422 pin0=0.066 a0=[-0.013 -0.054 0.000 0.000 -0.042]
INFO  [mc_indi_tiltrotor] WRdbg1 Wu1=1 lo1=-17.37 du1=-0.0492 pin1=0.031 a1=[0.012 -0.047 -0.001 -0.001 -0.042]
INFO  [mc_indi_tiltrotor] T0dbg1 G0=[-0.355 0.245 -0.006 0.184 -0.983] nu_des=[-0.01 -0.22 0.01 -0.82 0.24]
INFO  [mc_indi_tiltrotor] T0dbg2 Ws34=[0.1 20.0] Wu0=1.0 du0=-0.1999 dmin0=-17.0698 dmax0=27.9302
INFO  [mc_indi_tiltrotor] T2dbg1 G2=[-0.000 -0.550 0.060 0.002 -1.000] G5=[-0.981 -1.124 -0.002 16.354 0.037]
INFO  [mc_indi_tiltrotor] T2dbg2 Wu25=[1.0 1000000.0] du25=[0.1835 0.0062] dmax25=[28.6456 0.0098] nu_yaw=0.010
INFO  [mc_indi_tiltrotor] WRdbg0 Wu0=1 lo0=-17.07 du0=-0.1999 pin0=-0.006 a0=[0.020 -0.134 0.000 -0.000 -0.080]
INFO  [mc_indi_tiltrotor] WRdbg1 Wu1=1 lo1=-17.45 du1=-0.2257 pin1=0.010 a1=[-0.020 -0.135 -0.000 -0.000 -0.081]
INFO  [mc_indi_tiltrotor] YWdbg nu2=-0.001 ach2=0.037 r=-0.01 wsp2=0.01 ddelta=[-0.0030 -0.0030 0.0073]
INFO  [mc_indi_tiltrotor] T0dbg1 G0=[-0.355 0.249 0.003 0.160 -0.987] nu_des=[-0.01 -0.15 -0.04 -0.00 0.12]
INFO  [mc_indi_tiltrotor] T0dbg2 Ws34=[0.1 20.0] Wu0=1.0 du0=-0.1119 dmin0=-17.1050 dmax0=27.8950
INFO  [mc_indi_tiltrotor] T2dbg1 G2=[-0.000 -0.550 0.060 0.002 -1.000] G5=[-0.983 -1.126 -0.002 16.382 0.039]
INFO  [mc_indi_tiltrotor] T2dbg2 Wu25=[1.0 1000000.0] du25=[0.1342 0.0055] dmax25=[28.6180 0.0055] nu_yaw=-0.035
INFO  [mc_indi_tiltrotor] WRdbg0 Wu0=1 lo0=-17.10 du0=-0.1119 pin0=-0.002 a0=[0.020 -0.090 -0.000 -0.000 -0.039]
INFO  [mc_indi_tiltrotor] WRdbg1 Wu1=1 lo1=-17.33 du1=-0.1417 pin1=0.008 a1=[-0.019 -0.091 0.000 -0.000 -0.040]
INFO  [mc_indi_tiltrotor] T0dbg1 G0=[-0.355 0.248 0.000 0.168 -0.986] nu_des=[-0.00 0.02 -0.01 -0.13 0.01]
INFO  [mc_indi_tiltrotor] T0dbg2 Ws34=[0.1 20.0] Wu0=1.0 du0=-0.0028 dmin0=-17.2419 dmax0=27.7581
INFO  [mc_indi_tiltrotor] T2dbg1 G2=[-0.000 -0.550 0.060 0.004 -1.000] G5=[-0.985 -1.114 -0.004 16.424 0.064]
INFO  [mc_indi_tiltrotor] T2dbg2 Wu25=[1.0 9.0] du25=[-0.0156 -0.0003] dmax25=[28.5762 0.0017] nu_yaw=-0.014
INFO  [mc_indi_tiltrotor] WRdbg0 Wu0=1 lo0=-17.24 du0=-0.0028 pin0=-0.016 a0=[0.002 0.010 0.006 0.000 -0.004]
INFO  [mc_indi_tiltrotor] WRdbg1 Wu1=1 lo1=-17.27 du1=0.0019 pin1=-0.006 a1=[-0.002 0.009 0.005 -0.000 -0.004]
INFO  [mc_indi_tiltrotor] YWdbg nu2=-0.020 ach2=-0.020 r=0.03 wsp2=-0.03 ddelta=[0.0027 -0.0006 0.0000]
INFO  [mc_indi_tiltrotor] T0dbg1 G0=[-0.355 0.247 -0.002 0.175 -0.985] nu_des=[0.01 0.00 -0.02 -0.17 0.01]
INFO  [mc_indi_tiltrotor] T0dbg2 Ws34=[0.1 20.0] Wu0=1.0 du0=-0.0063 dmin0=-17.1214 dmax0=27.8786
INFO  [mc_indi_tiltrotor] T2dbg1 G2=[-0.000 -0.550 0.060 0.003 -1.000] G5=[-0.975 -1.110 -0.003 16.258 0.051]
INFO  [mc_indi_tiltrotor] T2dbg2 Wu25=[1.0 9.0] du25=[-0.0064 -0.0005] dmax25=[28.7417 0.0015] nu_yaw=-0.017
INFO  [mc_indi_tiltrotor] WRdbg0 Wu0=1 lo0=-17.12 du0=-0.0063 pin0=-0.003 a0=[-0.009 0.001 0.007 0.000 -0.002]
INFO  [mc_indi_tiltrotor] WRdbg1 Wu1=1 lo1=-17.31 du1=0.0117 pin1=-0.001 a1=[0.008 0.001 0.006 -0.000 -0.002]
INFO  [mc_indi_tiltrotor] T0dbg1 G0=[-0.355 0.246 -0.003 0.177 -0.984] nu_des=[0.00 -0.06 0.00 -0.35 0.32]
INFO  [mc_indi_tiltrotor] T0dbg2 Ws34=[0.1 20.0] Wu0=1.0 du0=-0.0932 dmin0=-16.8622 dmax0=28.1378
INFO  [mc_indi_tiltrotor] T2dbg1 G2=[-0.000 -0.550 0.060 0.005 -1.000] G5=[-1.022 -1.147 -0.005 17.038 0.083]
INFO  [mc_indi_tiltrotor] T2dbg2 Wu25=[1.0 1000000.0] du25=[-0.0869 0.0022] dmax25=[27.9622 0.0058] nu_yaw=0.000
INFO  [mc_indi_tiltrotor] WRdbg0 Wu0=1 lo0=-16.86 du0=-0.0932 pin0=0.053 a0=[-0.002 -0.034 -0.000 -0.000 -0.110]
INFO  [mc_indi_tiltrotor] WRdbg1 Wu1=1 lo1=-17.28 du1=-0.1152 pin1=0.029 a1=[0.002 -0.034 -0.000 -0.000 -0.112]
INFO  [mc_indi_tiltrotor] YWdbg nu2=0.022 ach2=-0.068 r=-0.10 wsp2=0.03 ddelta=[0.0066 0.0066 -0.0034]
INFO  [mc_indi_tiltrotor] T0dbg1 G0=[-0.355 0.246 -0.003 0.177 -0.984] nu_des=[-0.01 -0.34 0.02 -0.54 0.55]
INFO  [mc_indi_tiltrotor] T0dbg2 Ws34=[0.1 20.0] Wu0=1.0 du0=-0.3568 dmin0=-16.8498 dmax0=28.1502
INFO  [mc_indi_tiltrotor] T2dbg1 G2=[-0.000 -0.550 0.060 0.005 -1.000] G5=[-1.021 -1.145 -0.005 17.018 0.084]
INFO  [mc_indi_tiltrotor] T2dbg2 Wu25=[1.0 1000000.0] du25=[0.2029 0.0084] dmax25=[27.9815 0.0120] nu_yaw=0.023
INFO  [mc_indi_tiltrotor] WRdbg0 Wu0=1 lo0=-16.85 du0=-0.3568 pin0=0.023 a0=[0.014 -0.208 0.000 -0.000 -0.186]
INFO  [mc_indi_tiltrotor] WRdbg1 Wu1=1 lo1=-17.26 du1=-0.3866 pin1=0.025 a1=[-0.014 -0.210 -0.000 -0.000 -0.188]
INFO  [mc_indi_tiltrotor] T0dbg1 G0=[-0.355 0.248 0.002 0.163 -0.987] nu_des=[-0.01 -0.02 0.02 -0.29 0.02]
INFO  [mc_indi_tiltrotor] T0dbg2 Ws34=[0.1 20.0] Wu0=1.0 du0=0.0024 dmin0=-16.9742 dmax0=28.0258
INFO  [mc_indi_tiltrotor] T2dbg1 G2=[-0.000 -0.550 0.060 0.004 -1.000] G5=[-0.978 -1.102 -0.004 16.302 0.072]
INFO  [mc_indi_tiltrotor] T2dbg2 Wu25=[1.0 9.0] du25=[0.0067 0.0005] dmax25=[28.6974 0.0024] nu_yaw=0.020
INFO  [mc_indi_tiltrotor] WRdbg0 Wu0=1 lo0=-16.97 du0=0.0024 pin0=0.000 a0=[0.007 0.002 0.001 -0.002 -0.005]
INFO  [mc_indi_tiltrotor] WRdbg1 Wu1=1 lo1=-17.11 du1=-0.0245 pin1=0.000 a1=[-0.009 -0.005 -0.004 -0.001 -0.006]
INFO  [mc_indi_tiltrotor] YWdbg nu2=-0.009 ach2=-0.021 r=0.03 wsp2=0.11 ddelta=[-0.0120 -0.0120 -0.0042]
INFO  [mc_indi_tiltrotor] T0dbg1 G0=[-0.355 0.250 0.006 0.153 -0.988] nu_des=[-0.01 -0.00 -0.08 0.10 0.02]
INFO  [mc_indi_tiltrotor] T0dbg2 Ws34=[0.1 20.0] Wu0=1.0 du0=0.0090 dmin0=-17.1590 dmax0=27.8410
INFO  [mc_indi_tiltrotor] T2dbg1 G2=[-0.000 -0.550 0.060 0.004 -1.000] G5=[-0.975 -1.107 -0.003 16.257 0.057]
INFO  [mc_indi_tiltrotor] T2dbg2 Wu25=[1.0 9.0] du25=[-0.0078 0.0001] dmax25=[28.7428 0.0017] nu_yaw=-0.085
INFO  [mc_indi_tiltrotor] WRdbg0 Wu0=1 lo0=-17.16 du0=0.0090 pin0=-0.027 a0=[0.016 -0.002 0.030 -0.000 -0.008]
INFO  [mc_indi_tiltrotor] WRdbg1 Wu1=1 lo1=-17.21 du1=-0.0037 pin1=-0.011 a1=[-0.014 -0.002 0.031 0.000 -0.008]
INFO  [mc_indi_tiltrotor] T0dbg1 G0=[-0.355 0.246 -0.003 0.178 -0.984] nu_des=[0.02 -0.06 -0.01 -0.45 0.06]
INFO  [mc_indi_tiltrotor] T0dbg2 Ws34=[0.1 20.0] Wu0=1.0 du0=-0.0300 dmin0=-17.1537 dmax0=27.8463
INFO  [mc_indi_tiltrotor] T2dbg1 G2=[-0.000 -0.550 0.060 0.005 -1.000] G5=[-0.958 -1.076 -0.005 15.970 0.077]
INFO  [mc_indi_tiltrotor] T2dbg2 Wu25=[1.0 9.0] du25=[0.0101 -0.0002] dmax25=[29.0294 0.0023] nu_yaw=-0.011
INFO  [mc_indi_tiltrotor] WRdbg0 Wu0=1 lo0=-17.15 du0=-0.0300 pin0=0.000 a0=[-0.017 0.006 -0.000 -0.003 -0.016]
INFO  [mc_indi_tiltrotor] WRdbg1 Wu1=1 lo1=-17.31 du1=-0.0106 pin1=0.000 a1=[0.023 -0.014 0.002 -0.002 -0.020]
INFO  [mc_indi_tiltrotor] YWdbg nu2=-0.003 ach2=-0.003 r=0.06 wsp2=-0.05 ddelta=[-0.0032 -0.0035 -0.0005]
INFO  [mc_indi_tiltrotor] T0dbg1 G0=[-0.355 0.246 -0.003 0.179 -0.984] nu_des=[0.00 0.01 0.02 -0.46 -0.01]
INFO  [mc_indi_tiltrotor] T0dbg2 Ws34=[0.1 20.0] Wu0=1.0 du0=-0.0020 dmin0=-17.0191 dmax0=27.9809
INFO  [mc_indi_tiltrotor] T2dbg1 G2=[-0.000 -0.550 0.060 0.004 -1.000] G5=[-0.967 -1.095 -0.004 16.114 0.060]
INFO  [mc_indi_tiltrotor] T2dbg2 Wu25=[1.0 9.0] du25=[0.0011 -0.0002] dmax25=[28.8860 0.0018] nu_yaw=0.021
INFO  [mc_indi_tiltrotor] WRdbg0 Wu0=1 lo0=-17.02 du0=-0.0020 pin0=0.000 a0=[-0.001 -0.001 0.000 -0.003 0.002]
INFO  [mc_indi_tiltrotor] WRdbg1 Wu1=1 lo1=-17.38 du1=-0.0004 pin1=0.000 a1=[0.002 0.001 -0.004 -0.002 0.002]
INFO  [mc_indi_tiltrotor] T0dbg1 G0=[-0.355 0.248 0.001 0.166 -0.986] nu_des=[-0.02 0.03 -0.03 -0.17 0.06]
INFO  [mc_indi_tiltrotor] T0dbg2 Ws34=[0.1 20.0] Wu0=1.0 du0=0.0161 dmin0=-17.0127 dmax0=27.9873
INFO  [mc_indi_tiltrotor] T2dbg1 G2=[-0.000 -0.550 0.060 0.003 -1.000] G5=[-0.987 -1.124 -0.003 16.443 0.048]
INFO  [mc_indi_tiltrotor] T2dbg2 Wu25=[1.0 9.0] du25=[-0.0466 -0.0001] dmax25=[28.5573 0.0016] nu_yaw=-0.025
INFO  [mc_indi_tiltrotor] WRdbg0 Wu0=1 lo0=-17.01 du0=0.0161 pin0=-0.007 a0=[0.025 0.018 -0.000 0.000 -0.019]
INFO  [mc_indi_tiltrotor] WRdbg1 Wu1=1 lo1=-17.36 du1=-0.0243 pin1=0.001 a1=[-0.023 0.016 0.001 -0.000 -0.019]
INFO  [mc_indi_tiltrotor] YWdbg nu2=0.040 ach2=0.014 r=-0.02 wsp2=-0.02 ddelta=[0.0120 0.0120 0.0030]
INFO  [mc_indi_tiltrotor] T0dbg1 G0=[-0.355 0.246 -0.003 0.177 -0.984] nu_des=[-0.00 0.03 -0.00 -0.51 -0.02]
INFO  [mc_indi_tiltrotor] T0dbg2 Ws34=[0.1 20.0] Wu0=1.0 du0=0.0017 dmin0=-17.1573 dmax0=27.8427
INFO  [mc_indi_tiltrotor] T2dbg1 G2=[-0.000 -0.550 0.060 0.004 -1.000] G5=[-0.991 -1.122 -0.004 16.524 0.062]
INFO  [mc_indi_tiltrotor] T2dbg2 Wu25=[1.0 9.0] du25=[-0.0075 -0.0005] dmax25=[28.4759 0.0014] nu_yaw=-0.004
INFO  [mc_indi_tiltrotor] WRdbg0 Wu0=1 lo0=-17.16 du0=0.0017 pin0=0.000 a0=[0.003 -0.003 -0.000 -0.003 0.005]
INFO  [mc_indi_tiltrotor] WRdbg1 Wu1=1 lo1=-17.32 du1=0.0073 pin1=0.000 a1=[-0.004 0.007 0.001 -0.002 0.006]
INFO  [mc_indi_tiltrotor] T0dbg1 G0=[-0.355 0.248 0.001 0.167 -0.986] nu_des=[-0.00 -0.00 -0.02 -0.11 0.01]
INFO  [mc_indi_tiltrotor] T0dbg2 Ws34=[0.1 20.0] Wu0=1.0 du0=0.0004 dmin0=-17.2341 dmax0=27.7659
INFO  [mc_indi_tiltrotor] T2dbg1 G2=[-0.000 -0.550 0.060 0.003 -1.000] G5=[-0.983 -1.117 -0.003 16.385 0.054]
INFO  [mc_indi_tiltrotor] T2dbg2 Wu25=[1.0 9.0] du25=[-0.0007 0.0001] dmax25=[28.6150 0.0017] nu_yaw=-0.023
INFO  [mc_indi_tiltrotor] WRdbg0 Wu0=1 lo0=-17.23 du0=0.0004 pin0=0.000 a0=[0.004 0.000 -0.001 -0.001 -0.003]
INFO  [mc_indi_tiltrotor] WRdbg1 Wu1=1 lo1=-17.32 du1=-0.0056 pin1=0.000 a1=[-0.006 -0.001 0.005 -0.000 -0.003]
INFO  [mc_indi_tiltrotor] YWdbg nu2=-0.000 ach2=0.002 r=0.02 wsp2=-0.01 ddelta=[0.0120 0.0120 0.0022]
INFO  [mc_indi_tiltrotor] T0dbg1 G0=[-0.355 0.247 -0.001 0.171 -0.985] nu_des=[0.00 -0.07 -0.04 -0.20 0.31]
INFO  [mc_indi_tiltrotor] T0dbg2 Ws34=[0.1 20.0] Wu0=1.0 du0=-0.0995 dmin0=-16.9257 dmax0=28.0743
INFO  [mc_indi_tiltrotor] T2dbg1 G2=[-0.000 -0.550 0.060 0.004 -1.000] G5=[-1.015 -1.145 -0.004 16.913 0.071]
INFO  [mc_indi_tiltrotor] T2dbg2 Wu25=[1.0 9.0] du25=[-0.0603 0.0018] dmax25=[28.0866 0.0025] nu_yaw=-0.044
INFO  [mc_indi_tiltrotor] WRdbg0 Wu0=1 lo0=-16.93 du0=-0.0995 pin0=0.058 a0=[-0.004 -0.048 -0.001 0.000 -0.105]
INFO  [mc_indi_tiltrotor] WRdbg1 Wu1=1 lo1=-17.12 du1=-0.1169 pin1=0.025 a1=[0.004 -0.041 0.002 -0.000 -0.106]
INFO  [mc_indi_tiltrotor] T0dbg1 G0=[-0.355 0.247 -0.000 0.170 -0.985] nu_des=[0.00 -0.32 0.01 -0.26 0.54]
INFO  [mc_indi_tiltrotor] T0dbg2 Ws34=[0.1 20.0] Wu0=1.0 du0=-0.3467 dmin0=-16.7929 dmax0=28.2071
INFO  [mc_indi_tiltrotor] T2dbg1 G2=[-0.000 -0.550 0.060 0.005 -1.000] G5=[-1.019 -1.143 -0.005 16.990 0.085]
INFO  [mc_indi_tiltrotor] T2dbg2 Wu25=[1.0 1000000.0] du25=[0.1729 0.0068] dmax25=[28.0093 0.0104] nu_yaw=0.008
INFO  [mc_indi_tiltrotor] WRdbg0 Wu0=1 lo0=-16.79 du0=-0.3467 pin0=0.038 a0=[-0.006 -0.196 0.000 -0.000 -0.182]
INFO  [mc_indi_tiltrotor] WRdbg1 Wu1=1 lo1=-17.18 du1=-0.3531 pin1=0.025 a1=[0.005 -0.199 -0.000 -0.000 -0.185]
INFO  [mc_indi_tiltrotor] YWdbg nu2=0.040 ach2=0.039 r=-0.04 wsp2=0.05 ddelta=[0.0026 0.0087 0.0004]
INFO  [mc_indi_tiltrotor] T0dbg1 G0=[-0.355 0.246 -0.003 0.178 -0.984] nu_des=[0.01 -0.10 0.02 -0.64 0.09]
INFO  [mc_indi_tiltrotor] T0dbg2 Ws34=[0.1 20.0] Wu0=1.0 du0=-0.0637 dmin0=-17.0226 dmax0=27.9774
INFO  [mc_indi_tiltrotor] T2dbg1 G2=[-0.000 -0.550 0.060 0.006 -1.000] G5=[-0.974 -1.087 -0.005 16.238 0.091]
INFO  [mc_indi_tiltrotor] T2dbg2 Wu25=[1.0 9.0] du25=[0.0542 0.0014] dmax25=[28.7619 0.0032] nu_yaw=0.020
INFO  [mc_indi_tiltrotor] WRdbg0 Wu0=1 lo0=-17.02 du0=-0.0637 pin0=0.049 a0=[-0.015 -0.066 0.000 0.000 -0.032]
INFO  [mc_indi_tiltrotor] WRdbg1 Wu1=1 lo1=-17.33 du1=-0.0582 pin1=0.020 a1=[0.013 -0.058 -0.001 -0.001 -0.032]
INFO  [mc_indi_tiltrotor] T0dbg1 G0=[-0.355 0.245 -0.006 0.185 -0.983] nu_des=[-0.01 0.25 -0.03 -0.85 0.13]
INFO  [mc_indi_tiltrotor] T0dbg2 Ws34=[0.1 20.0] Wu0=1.0 du0=0.0773 dmin0=-17.0131 dmax0=27.9869
INFO  [mc_indi_tiltrotor] T2dbg1 G2=[-0.000 -0.550 0.060 0.004 -1.000] G5=[-0.998 -1.124 -0.004 16.626 0.072]
INFO  [mc_indi_tiltrotor] T2dbg2 Wu25=[1.0 1000000.0] du25=[-0.3020 -0.0043] dmax25=[28.3742 -0.0027] nu_yaw=-0.032
INFO  [mc_indi_tiltrotor] WRdbg0 Wu0=1 lo0=-17.01 du0=0.0773 pin0=-0.048 a0=[0.014 0.156 -0.000 -0.000 -0.045]
INFO  [mc_indi_tiltrotor] WRdbg1 Wu1=1 lo1=-17.14 du1=0.0638 pin1=-0.034 a1=[-0.014 0.157 0.000 -0.000 -0.045]
INFO  [mc_indi_tiltrotor] YWdbg nu2=-0.027 ach2=-0.012 r=0.05 wsp2=0.04 ddelta=[-0.0120 -0.0120 -0.0027]
INFO  [mc_indi_tiltrotor] T0dbg1 G0=[-0.355 0.248 0.001 0.165 -0.986] nu_des=[0.00 -0.00 -0.04 -0.07 -0.01]
INFO  [mc_indi_tiltrotor] T0dbg2 Ws34=[0.1 20.0] Wu0=1.0 du0=-0.0016 dmin0=-17.1678 dmax0=27.8322
INFO  [mc_indi_tiltrotor] T2dbg1 G2=[-0.000 -0.550 0.060 0.002 -1.000] G5=[-0.977 -1.119 -0.002 16.285 0.039]
INFO  [mc_indi_tiltrotor] T2dbg2 Wu25=[1.0 9.0] du25=[0.0057 -0.0002] dmax25=[28.7152 0.0016] nu_yaw=-0.040
INFO  [mc_indi_tiltrotor] WRdbg0 Wu0=1 lo0=-17.17 du0=-0.0016 pin0=0.000 a0=[-0.002 0.000 -0.001 -0.000 0.001]
INFO  [mc_indi_tiltrotor] WRdbg1 Wu1=1 lo1=-17.29 du1=0.0107 pin1=0.000 a1=[0.002 -0.001 0.008 -0.000 0.002]
INFO  [mc_indi_tiltrotor] T0dbg1 G0=[-0.355 0.247 -0.002 0.175 -0.985] nu_des=[-0.00 0.16 0.01 -0.35 -0.00]
INFO  [mc_indi_tiltrotor] T0dbg2 Ws34=[0.1 20.0] Wu0=1.0 du0=0.0461 dmin0=-17.1444 dmax0=27.8556
INFO  [mc_indi_tiltrotor] T2dbg1 G2=[-0.000 -0.550 0.060 0.002 -1.000] G5=[-0.977 -1.118 -0.002 16.283 0.040]
INFO  [mc_indi_tiltrotor] T2dbg2 Wu25=[1.0 1000000.0] du25=[-0.1481 -0.0024] dmax25=[28.7174 0.0001] nu_yaw=0.014
INFO  [mc_indi_tiltrotor] WRdbg0 Wu0=1 lo0=-17.14 du0=0.0461 pin0=-0.057 a0=[0.001 0.101 0.000 -0.000 0.000]
INFO  [mc_indi_tiltrotor] WRdbg1 Wu1=1 lo1=-17.44 du1=0.0652 pin1=-0.036 a1=[-0.001 0.103 -0.000 -0.000 0.000]
INFO  [mc_indi_tiltrotor] YWdbg nu2=-0.021 ach2=-0.021 r=0.01 wsp2=-0.03 ddelta=[0.0034 0.0001 -0.0003]
INFO  [mc_indi_tiltrotor] T0dbg1 G0=[-0.355 0.247 -0.001 0.172 -0.985] nu_des=[0.00 -0.01 -0.02 -0.21 0.01]
INFO  [mc_indi_tiltrotor] T0dbg2 Ws34=[0.1 20.0] Wu0=1.0 du0=-0.0051 dmin0=-17.2118 dmax0=27.7882
INFO  [mc_indi_tiltrotor] T2dbg1 G2=[-0.000 -0.550 0.060 0.002 -1.000] G5=[-0.986 -1.131 -0.002 16.437 0.036]
INFO  [mc_indi_tiltrotor] T2dbg2 Wu25=[1.0 9.0] du25=[0.0031 -0.0001] dmax25=[28.5632 0.0018] nu_yaw=-0.016
INFO  [mc_indi_tiltrotor] WRdbg0 Wu0=1 lo0=-17.21 du0=-0.0051 pin0=0.000 a0=[-0.002 0.001 -0.000 -0.001 -0.002]
INFO  [mc_indi_tiltrotor] WRdbg1 Wu1=1 lo1=-17.56 du1=0.0015 pin1=0.000 a1=[0.003 -0.002 0.003 -0.001 -0.002]
INFO  [mc_indi_tiltrotor] T0dbg1 G0=[-0.355 0.247 -0.001 0.173 -0.985] nu_des=[0.01 -0.56 0.01 -0.30 0.22]
INFO  [mc_indi_tiltrotor] T0dbg2 Ws34=[0.1 20.0] Wu0=1.0 du0=-0.3775 dmin0=-16.9896 dmax0=28.0104
INFO  [mc_indi_tiltrotor] T2dbg1 G2=[-0.000 -0.550 0.060 0.004 -1.000] G5=[-0.997 -1.126 -0.004 16.615 0.067]
INFO  [mc_indi_tiltrotor] T2dbg2 Wu25=[1.0 1000000.0] du25=[0.5503 0.0096] dmax25=[28.3849 0.0096] nu_yaw=0.012
INFO  [mc_indi_tiltrotor] WRdbg0 Wu0=1 lo0=-16.99 du0=-0.3775 pin0=0.057 a0=[-0.012 -0.346 0.000 -0.000 -0.076]
INFO  [mc_indi_tiltrotor] WRdbg1 Wu1=1 lo1=-17.25 du1=-0.3644 pin1=0.051 a1=[0.012 -0.350 -0.000 -0.000 -0.077]
INFO  [mc_indi_tiltrotor] YWdbg nu2=0.015 ach2=0.032 r=-0.04 wsp2=0.00 ddelta=[0.0120 0.0120 0.0068]
INFO  [mc_indi_tiltrotor] T0dbg1 G0=[-0.355 0.244 -0.008 0.192 -0.981] nu_des=[0.01 -0.02 0.02 -1.09 0.01]
INFO  [mc_indi_tiltrotor] T0dbg2 Ws34=[0.1 20.0] Wu0=1.0 du0=-0.0141 dmin0=-17.0752 dmax0=27.9248
INFO  [mc_indi_tiltrotor] T2dbg1 G2=[-0.000 -0.550 0.060 0.004 -1.000] G5=[-0.976 -1.100 -0.004 16.264 0.070]
INFO  [mc_indi_tiltrotor] T2dbg2 Wu25=[1.0 9.0] du25=[0.0108 -0.0005] dmax25=[28.7355 0.0016] nu_yaw=0.019
INFO  [mc_indi_tiltrotor] WRdbg0 Wu0=1 lo0=-17.08 du0=-0.0141 pin0=0.000 a0=[-0.009 0.002 0.000 -0.006 -0.002]
INFO  [mc_indi_tiltrotor] WRdbg1 Wu1=1 lo1=-17.23 du1=-0.0007 pin1=0.000 a1=[0.012 -0.003 -0.003 -0.004 -0.002]
INFO  [mc_indi_tiltrotor] T0dbg1 G0=[-0.355 0.248 0.000 0.168 -0.986] nu_des=[0.00 0.18 -0.00 -0.30 0.08]
INFO  [mc_indi_tiltrotor] T0dbg2 Ws34=[0.1 20.0] Wu0=1.0 du0=0.0189 dmin0=-17.2714 dmax0=27.7286
INFO  [mc_indi_tiltrotor] T2dbg1 G2=[-0.000 -0.550 0.060 0.002 -1.000] G5=[-0.968 -1.111 -0.002 16.130 0.033]
INFO  [mc_indi_tiltrotor] T2dbg2 Wu25=[1.0 1000000.0] du25=[-0.1855 -0.0020] dmax25=[28.8695 -0.0003] nu_yaw=-0.004
INFO  [mc_indi_tiltrotor] WRdbg0 Wu0=1 lo0=-17.27 du0=0.0189 pin0=-0.062 a0=[-0.002 0.110 -0.000 -0.000 -0.027]
INFO  [mc_indi_tiltrotor] WRdbg1 Wu1=1 lo1=-17.39 du1=0.0507 pin1=-0.036 a1=[0.002 0.111 0.000 -0.000 -0.027]
INFO  [mc_indi_tiltrotor] YWdbg nu2=-0.024 ach2=-0.024 r=0.03 wsp2=0.03 ddelta=[0.0006 -0.0033 0.0002]
INFO  [mc_indi_tiltrotor] T0dbg1 G0=[-0.355 0.248 0.001 0.167 -0.986] nu_des=[-0.01 -0.00 -0.04 -0.07 0.01]
INFO  [mc_indi_tiltrotor] T0dbg2 Ws34=[0.1 20.0] Wu0=1.0 du0=0.0051 dmin0=-17.2869 dmax0=27.7131
INFO  [mc_indi_tiltrotor] T2dbg1 G2=[-0.000 -0.550 0.060 0.002 -1.000] G5=[-0.990 -1.136 -0.002 16.497 0.034]
INFO  [mc_indi_tiltrotor] T2dbg2 Wu25=[1.0 9.0] du25=[-0.0043 0.0000] dmax25=[28.5030 0.0016] nu_yaw=-0.038
INFO  [mc_indi_tiltrotor] WRdbg0 Wu0=1 lo0=-17.29 du0=0.0051 pin0=-0.011 a0=[0.007 -0.002 0.014 0.000 -0.004]
INFO  [mc_indi_tiltrotor] WRdbg1 Wu1=1 lo1=-17.50 du1=-0.0026 pin1=-0.004 a1=[-0.006 -0.001 0.014 -0.000 -0.004]
INFO  [mc_indi_tiltrotor] T0dbg1 G0=[-0.355 0.247 -0.002 0.175 -0.984] nu_des=[0.01 -0.05 0.01 -0.38 0.07]
INFO  [mc_indi_tiltrotor] T0dbg2 Ws34=[0.1 20.0] Wu0=1.0 du0=-0.0269 dmin0=-17.1309 dmax0=27.8691
INFO  [mc_indi_tiltrotor] T2dbg1 G2=[-0.000 -0.550 0.060 0.003 -1.000] G5=[-0.968 -1.100 -0.003 16.136 0.053]
INFO  [mc_indi_tiltrotor] T2dbg2 Wu25=[1.0 9.0] du25=[0.0080 0.0002] dmax25=[28.8642 0.0018] nu_yaw=0.010
INFO  [mc_indi_tiltrotor] WRdbg0 Wu0=1 lo0=-17.13 du0=-0.0269 pin0=0.035 a0=[-0.008 -0.031 0.000 0.000 -0.023]
INFO  [mc_indi_tiltrotor] WRdbg1 Wu1=1 lo1=-17.41 du1=-0.0293 pin1=0.015 a1=[0.007 -0.027 -0.000 -0.000 -0.023]
INFO  [mc_indi_tiltrotor] YWdbg nu2=0.010 ach2=-0.016 r=0.00 wsp2=-0.03 ddelta=[-0.0006 -0.0006 -0.0038]
INFO  [mc_indi_tiltrotor] T0dbg1 G0=[-0.355 0.243 -0.011 0.199 -0.980] nu_des=[0.00 -0.07 0.00 -1.23 0.11]
INFO  [mc_indi_tiltrotor] T0dbg2 Ws34=[0.1 20.0] Wu0=1.0 du0=-0.0265 dmin0=-16.9793 dmax0=28.0207
INFO  [mc_indi_tiltrotor] T2dbg1 G2=[-0.000 -0.550 0.060 0.004 -1.000] G5=[-0.975 -1.100 -0.004 16.258 0.069]
INFO  [mc_indi_tiltrotor] T2dbg2 Wu25=[1.0 9.0] du25=[0.0011 0.0001] dmax25=[28.7417 0.0029] nu_yaw=0.004
INFO  [mc_indi_tiltrotor] WRdbg0 Wu0=1 lo0=-16.98 du0=-0.0265 pin0=0.060 a0=[-0.005 -0.044 0.000 0.000 -0.038]
INFO  [mc_indi_tiltrotor] WRdbg1 Wu1=1 lo1=-17.20 du1=-0.0449 pin1=0.029 a1=[0.005 -0.039 -0.000 -0.001 -0.038]
INFO  [mc_indi_tiltrotor] T0dbg1 G0=[-0.355 0.245 -0.006 0.185 -0.983] nu_des=[-0.01 0.07 -0.03 -0.82 0.15]
INFO  [mc_indi_tiltrotor] T0dbg2 Ws34=[0.1 20.0] Wu0=1.0 du0=0.0105 dmin0=-17.0011 dmax0=27.9989
INFO  [mc_indi_tiltrotor] T2dbg1 G2=[-0.000 -0.550 0.060 0.003 -1.000] G5=[-0.989 -1.130 -0.003 16.491 0.043]
INFO  [mc_indi_tiltrotor] T2dbg2 Wu25=[1.0 9.0] du25=[-0.1295 -0.0019] dmax25=[28.5086 0.0016] nu_yaw=-0.029
INFO  [mc_indi_tiltrotor] WRdbg0 Wu0=1 lo0=-17.00 du0=0.0105 pin0=0.004 a0=[0.015 0.042 -0.000 0.000 -0.051]
INFO  [mc_indi_tiltrotor] WRdbg1 Wu1=1 lo1=-17.18 du1=-0.0226 pin1=0.005 a1=[-0.014 0.037 0.001 -0.001 -0.051]
INFO  [mc_indi_tiltrotor] YWdbg nu2=-0.034 ach2=-0.030 r=-0.01 wsp2=0.00 ddelta=[0.0006 -0.0030 -0.0022]
INFO  [mc_indi_tiltrotor] T0dbg1 G0=[-0.355 0.248 0.000 0.169 -0.986] nu_des=[0.00 -0.01 0.00 -0.23 0.01]
INFO  [mc_indi_tiltrotor] T0dbg2 Ws34=[0.1 20.0] Wu0=1.0 du0=-0.0070 dmin0=-17.0645 dmax0=27.9355
INFO  [mc_indi_tiltrotor] T2dbg1 G2=[-0.000 -0.550 0.060 0.002 -1.000] G5=[-0.981 -1.129 -0.002 16.347 0.027]
INFO  [mc_indi_tiltrotor] T2dbg2 Wu25=[1.0 9.0] du25=[0.0059 -0.0001] dmax25=[28.6531 0.0018] nu_yaw=0.003
INFO  [mc_indi_tiltrotor] WRdbg0 Wu0=1 lo0=-17.06 du0=-0.0070 pin0=0.000 a0=[-0.005 0.001 0.000 -0.001 -0.002]
INFO  [mc_indi_tiltrotor] WRdbg1 Wu1=1 lo1=-17.28 du1=0.0003 pin1=0.000 a1=[0.007 -0.003 -0.000 -0.001 -0.002]
INFO  [mc_indi_tiltrotor] T0dbg1 G0=[-0.355 0.249 0.002 0.163 -0.987] nu_des=[-0.02 -0.04 -0.06 -0.04 0.40]
INFO  [mc_indi_tiltrotor] T0dbg2 Ws34=[0.1 20.0] Wu0=1.0 du0=-0.1224 dmin0=-16.8454 dmax0=28.1546
INFO  [mc_indi_tiltrotor] T2dbg1 G2=[-0.000 -0.550 0.060 0.002 -1.000] G5=[-1.025 -1.178 -0.002 17.089 0.034]
INFO  [mc_indi_tiltrotor] T2dbg2 Wu25=[1.0 1000000.0] du25=[-0.0969 0.0031] dmax25=[27.9114 0.0067] nu_yaw=-0.062
INFO  [mc_indi_tiltrotor] WRdbg0 Wu0=1 lo0=-16.85 du0=-0.1224 pin0=0.010 a0=[0.026 -0.024 -0.000 -0.000 -0.135]
INFO  [mc_indi_tiltrotor] WRdbg1 Wu1=1 lo1=-17.12 du1=-0.1678 pin1=0.018 a1=[-0.025 -0.024 0.000 -0.000 -0.137]
INFO  [mc_indi_tiltrotor] YWdbg nu2=-0.008 ach2=-0.017 r=0.04 wsp2=0.01 ddelta=[-0.0024 -0.0024 -0.0023]
INFO  [mc_indi_tiltrotor] T0dbg1 G0=[-0.355 0.246 -0.003 0.178 -0.984] nu_des=[0.01 -0.17 0.01 -0.56 0.11]
INFO  [mc_indi_tiltrotor] T0dbg2 Ws34=[0.1 20.0] Wu0=1.0 du0=-0.0861 dmin0=-17.1612 dmax0=27.8388
INFO  [mc_indi_tiltrotor] T2dbg1 G2=[-0.000 -0.550 0.060 0.004 -1.000] G5=[-0.970 -1.101 -0.003 16.171 0.057]
INFO  [mc_indi_tiltrotor] T2dbg2 Wu25=[1.0 1000000.0] du25=[0.1113 0.0019] dmax25=[28.8287 0.0055] nu_yaw=0.013
INFO  [mc_indi_tiltrotor] WRdbg0 Wu0=1 lo0=-17.16 du0=-0.0861 pin0=0.064 a0=[-0.008 -0.104 0.000 -0.000 -0.039]
INFO  [mc_indi_tiltrotor] WRdbg1 Wu1=1 lo1=-17.34 du1=-0.0999 pin1=0.037 a1=[0.008 -0.105 -0.000 -0.000 -0.039]
INFO  [mc_indi_tiltrotor] forward transition: state 0 -> 1 (v_h=0.1 m/s, fx=0.0 N, tilt=10.3 deg)
INFO  [mc_indi_tiltrotor] T0dbg1 G0=[-0.355 0.247 -0.001 0.172 -0.985] nu_des=[-0.02 0.19 -0.01 -2.94 0.02]
INFO  [mc_indi_tiltrotor] T0dbg2 Ws34=[0.1 20.0] Wu0=1.0 du0=0.0805 dmin0=-17.1345 dmax0=27.8655
INFO  [mc_indi_tiltrotor] T2dbg1 G2=[-0.000 -0.550 0.060 0.002 -1.000] G5=[-0.980 -1.127 -0.002 16.337 0.031]
INFO  [mc_indi_tiltrotor] T2dbg2 Wu25=[1.0 1000000.0] du25=[-0.1914 -0.0019] dmax25=[28.6628 -0.0001] nu_yaw=-0.007
INFO  [mc_indi_tiltrotor] WRdbg0 Wu0=1 lo0=-17.13 du0=0.0805 pin0=-0.060 a0=[0.029 0.120 -0.000 -0.000 -0.008]
INFO  [mc_indi_tiltrotor] WRdbg1 Wu1=1 lo1=-17.40 du1=0.0500 pin1=-0.035 a1=[-0.028 0.121 0.000 -0.000 -0.008]
INFO  [mc_indi_tiltrotor] YWdbg nu2=-0.036 ach2=-0.002 r=0.01 wsp2=-0.02 ddelta=[-0.0048 -0.0047 -0.0014]
INFO  [mc_indi_tiltrotor] T0dbg1 G0=[-0.355 0.247 -0.001 0.172 -0.985] nu_des=[0.01 0.57 -0.01 -1.81 0.27]
INFO  [mc_indi_tiltrotor] T0dbg2 Ws34=[0.1 20.0] Wu0=1.0 du0=0.2732 dmin0=-17.2793 dmax0=27.7207
INFO  [mc_indi_tiltrotor] T2dbg1 G2=[-0.000 -0.550 0.060 0.001 -1.000] G5=[-1.000 -1.158 -0.001 16.664 0.015]
INFO  [mc_indi_tiltrotor] T2dbg2 Wu25=[1.0 1000000.0] du25=[-0.8051 -0.0009] dmax25=[28.3363 0.0009] nu_yaw=-0.006
INFO  [mc_indi_tiltrotor] WRdbg0 Wu0=1 lo0=-17.28 du0=0.2732 pin0=0.017 a0=[-0.007 0.354 0.000 -0.000 -0.090]
INFO  [mc_indi_tiltrotor] WRdbg1 Wu1=1 lo1=-17.55 du1=0.2797 pin1=0.006 a1=[0.007 0.359 0.000 -0.000 -0.091]
INFO  [mc_indi_tiltrotor] T0dbg1 G0=[-0.355 0.247 -0.001 0.171 -0.985] nu_des=[0.01 0.33 -0.01 -0.77 0.19]
INFO  [mc_indi_tiltrotor] T0dbg2 Ws34=[0.1 20.0] Wu0=1.0 du0=0.1750 dmin0=-16.9859 dmax0=28.0141
INFO  [mc_indi_tiltrotor] T2dbg1 G2=[-0.000 -0.550 0.060 0.002 -1.000] G5=[-1.013 -1.167 -0.002 16.880 0.027]
INFO  [mc_indi_tiltrotor] T2dbg2 Wu25=[1.0 1000000.0] du25=[-0.5079 -0.0008] dmax25=[28.1197 0.0028] nu_yaw=-0.010
INFO  [mc_indi_tiltrotor] WRdbg0 Wu0=1 lo0=-16.99 du0=0.1750 pin0=0.045 a0=[-0.008 0.204 -0.000 -0.000 -0.066]
INFO  [mc_indi_tiltrotor] WRdbg1 Wu1=1 lo1=-17.24 du1=0.1668 pin1=0.019 a1=[0.008 0.207 0.000 -0.000 -0.067]
INFO  [mc_indi_tiltrotor] YWdbg nu2=0.031 ach2=0.030 r=-0.03 wsp2=-0.03 ddelta=[0.0031 0.0076 0.0003]
INFO  [mc_indi_tiltrotor] T0dbg1 G0=[-0.355 0.248 0.000 0.169 -0.986] nu_des=[0.00 0.22 -0.04 0.11 0.10]
INFO  [mc_indi_tiltrotor] T0dbg2 Ws34=[0.1 20.0] Wu0=1.0 du0=0.0406 dmin0=-17.1064 dmax0=27.8936
INFO  [mc_indi_tiltrotor] T2dbg1 G2=[-0.000 -0.550 0.060 0.002 -1.000] G5=[-0.985 -1.135 -0.002 16.414 0.025]
INFO  [mc_indi_tiltrotor] T2dbg2 Wu25=[1.0 1000000.0] du25=[-0.2500 -0.0015] dmax25=[28.5864 0.0002] nu_yaw=-0.044
INFO  [mc_indi_tiltrotor] WRdbg0 Wu0=1 lo0=-17.11 du0=0.0406 pin0=-0.062 a0=[-0.002 0.139 -0.000 0.000 -0.034]
INFO  [mc_indi_tiltrotor] WRdbg1 Wu1=1 lo1=-17.38 du1=0.0737 pin1=-0.034 a1=[0.002 0.140 0.000 0.000 -0.034]
INFO  [mc_indi_tiltrotor] T0dbg1 G0=[-0.355 0.246 -0.004 0.181 -0.983] nu_des=[0.01 0.32 -0.01 0.64 0.35]
INFO  [mc_indi_tiltrotor] T0dbg2 Ws34=[0.1 20.0] Wu0=1.0 du0=0.0700 dmin0=-17.3063 dmax0=27.6937
INFO  [mc_indi_tiltrotor] T2dbg1 G2=[-0.000 -0.550 0.060 0.005 -1.000] G5=[-0.987 -1.110 -0.005 16.453 0.076]
INFO  [mc_indi_tiltrotor] T2dbg2 Wu25=[1.0 1000000.0] du25=[-0.4990 -0.0046] dmax25=[28.5472 -0.0030] nu_yaw=-0.013
INFO  [mc_indi_tiltrotor] WRdbg0 Wu0=1 lo0=-17.31 du0=0.0700 pin0=-0.000 a0=[-0.008 0.198 -0.000 0.000 -0.120]
INFO  [mc_indi_tiltrotor] WRdbg1 Wu1=1 lo1=-17.54 du1=0.0745 pin1=-0.011 a1=[0.007 0.200 0.000 0.000 -0.122]
INFO  [mc_indi_tiltrotor] YWdbg nu2=0.006 ach2=0.006 r=-0.02 wsp2=-0.00 ddelta=[0.0112 0.0119 0.0006]
INFO  [mc_indi_tiltrotor] T0dbg1 G0=[-0.355 0.242 -0.013 0.205 -0.979] nu_des=[0.00 -0.14 0.02 0.83 0.14]
INFO  [mc_indi_tiltrotor] T0dbg2 Ws34=[0.1 20.0] Wu0=1.0 du0=-0.0710 dmin0=-17.1894 dmax0=27.8106
INFO  [mc_indi_tiltrotor] T2dbg1 G2=[-0.000 -0.550 0.060 0.007 -1.000] G5=[-0.993 -1.098 -0.007 16.553 0.111]
INFO  [mc_indi_tiltrotor] T2dbg2 Wu25=[1.0 9.0] du25=[0.0720 0.0030] dmax25=[28.4467 0.0051] nu_yaw=0.018
INFO  [mc_indi_tiltrotor] WRdbg0 Wu0=1 lo0=-17.19 du0=-0.0710 pin0=0.073 a0=[-0.001 -0.093 0.000 -0.000 -0.049]
INFO  [mc_indi_tiltrotor] WRdbg1 Wu1=1 lo1=-17.36 du1=-0.0936 pin1=0.036 a1=[0.001 -0.081 -0.001 0.001 -0.049]
INFO  [mc_indi_tiltrotor] T0dbg1 G0=[-0.354 0.238 -0.021 0.228 -0.974] nu_des=[0.01 -0.18 0.02 0.96 0.14]
INFO  [mc_indi_tiltrotor] T0dbg2 Ws34=[0.1 20.0] Wu0=1.0 du0=-0.1000 dmin0=-17.2003 dmax0=27.7997
INFO  [mc_indi_tiltrotor] T2dbg1 G2=[-0.000 -0.551 0.060 0.008 -1.000] G5=[-0.973 -1.064 -0.008 16.209 0.129]
INFO  [mc_indi_tiltrotor] T2dbg2 Wu25=[1.0 8.9] du25=[0.1164 0.0035] dmax25=[28.7906 0.0038] nu_yaw=0.020
INFO  [mc_indi_tiltrotor] WRdbg0 Wu0=1 lo0=-17.20 du0=-0.1000 pin0=0.078 a0=[-0.015 -0.116 0.000 -0.000 -0.047]
INFO  [mc_indi_tiltrotor] WRdbg1 Wu1=1 lo1=-17.31 du1=-0.0924 pin1=0.041 a1=[0.014 -0.101 -0.001 0.001 -0.047]
INFO  [mc_indi_tiltrotor] YWdbg nu2=0.014 ach2=0.011 r=-0.01 wsp2=0.01 ddelta=[-0.0029 -0.0006 -0.0021]
INFO  [mc_indi_tiltrotor] T0dbg1 G0=[-0.354 0.234 -0.030 0.251 -0.968] nu_des=[0.01 -0.10 0.01 1.12 0.10]
INFO  [mc_indi_tiltrotor] T0dbg2 Ws34=[0.1 20.0] Wu0=1.0 du0=-0.0242 dmin0=-17.1787 dmax0=27.8213
INFO  [mc_indi_tiltrotor] T2dbg1 G2=[-0.001 -0.551 0.060 0.009 -1.000] G5=[-0.961 -1.038 -0.009 16.018 0.151]
INFO  [mc_indi_tiltrotor] T2dbg2 Wu25=[1.0 8.9] du25=[0.0323 0.0015] dmax25=[28.9812 0.0030] nu_yaw=0.012
INFO  [mc_indi_tiltrotor] WRdbg0 Wu0=1 lo0=-17.18 du0=-0.0242 pin0=0.084 a0=[-0.007 -0.065 0.000 -0.000 -0.036]
INFO  [mc_indi_tiltrotor] WRdbg1 Wu1=1 lo1=-17.23 du1=-0.0381 pin1=0.047 a1=[0.006 -0.057 -0.000 0.001 -0.035]
INFO  [mc_indi_tiltrotor] T0dbg1 G0=[-0.353 0.229 -0.039 0.276 -0.961] nu_des=[0.01 -0.26 0.02 1.28 0.17]
INFO  [mc_indi_tiltrotor] T0dbg2 Ws34=[0.1 20.0] Wu0=1.0 du0=-0.1515 dmin0=-17.0073 dmax0=27.9927
INFO  [mc_indi_tiltrotor] T2dbg1 G2=[-0.001 -0.551 0.060 0.011 -1.000] G5=[-0.953 -1.014 -0.011 15.882 0.178]
INFO  [mc_indi_tiltrotor] T2dbg2 Wu25=[1.0 1000000.0] du25=[0.2066 0.0035] dmax25=[29.1168 0.0071] nu_yaw=0.022
INFO  [mc_indi_tiltrotor] WRdbg0 Wu0=1 lo0=-17.01 du0=-0.1515 pin0=0.085 a0=[-0.013 -0.165 -0.000 0.000 -0.059]
INFO  [mc_indi_tiltrotor] WRdbg1 Wu1=1 lo1=-16.99 du1=-0.1476 pin1=0.063 a1=[0.012 -0.163 -0.000 0.000 -0.059]
INFO  [mc_indi_tiltrotor] YWdbg nu2=0.009 ach2=0.010 r=-0.01 wsp2=0.02 ddelta=[0.0010 0.0029 -0.0005]
INFO  [mc_indi_tiltrotor] T0dbg1 G0=[-0.352 0.225 -0.048 0.300 -0.954] nu_des=[0.01 -0.19 0.02 1.44 0.21]
INFO  [mc_indi_tiltrotor] T0dbg2 Ws34=[0.1 20.0] Wu0=1.0 du0=-0.1143 dmin0=-16.8458 dmax0=28.1542
INFO  [mc_indi_tiltrotor] T2dbg1 G2=[-0.001 -0.551 0.060 0.013 -1.000] G5=[-0.953 -0.996 -0.013 15.888 0.211]
INFO  [mc_indi_tiltrotor] T2dbg2 Wu25=[1.0 8.9] du25=[0.1087 0.0041] dmax25=[29.1108 0.0048] nu_yaw=0.016
INFO  [mc_indi_tiltrotor] WRdbg0 Wu0=1 lo0=-16.85 du0=-0.1143 pin0=0.094 a0=[-0.009 -0.125 0.000 -0.000 -0.074]
INFO  [mc_indi_tiltrotor] WRdbg1 Wu1=1 lo1=-16.78 du1=-0.1150 pin1=0.058 a1=[0.008 -0.109 -0.000 0.001 -0.073]
INFO  [mc_indi_tiltrotor] T0dbg1 G0=[-0.351 0.220 -0.057 0.325 -0.946] nu_des=[0.00 0.27 -0.01 1.63 0.24]
INFO  [mc_indi_tiltrotor] T0dbg2 Ws34=[0.1 20.0] Wu0=1.0 du0=0.1303 dmin0=-16.7735 dmax0=28.2265
INFO  [mc_indi_tiltrotor] T2dbg1 G2=[-0.001 -0.551 0.060 0.016 -1.000] G5=[-0.940 -0.962 -0.015 15.674 0.246]
INFO  [mc_indi_tiltrotor] T2dbg2 Wu25=[1.0 1000000.0] du25=[-0.4312 -0.0048] dmax25=[29.3242 -0.0012] nu_yaw=-0.012
INFO  [mc_indi_tiltrotor] WRdbg0 Wu0=1 lo0=-16.77 du0=0.1303 pin0=0.043 a0=[-0.005 0.178 0.000 0.000 -0.086]
INFO  [mc_indi_tiltrotor] WRdbg1 Wu1=1 lo1=-16.64 du1=0.1128 pin1=0.018 a1=[0.005 0.175 -0.000 0.000 -0.085]
INFO  [mc_indi_tiltrotor] YWdbg nu2=0.019 ach2=0.005 r=0.00 wsp2=0.02 ddelta=[0.0120 0.0120 0.0027]
INFO  [mc_indi_tiltrotor] T0dbg1 G0=[-0.349 0.215 -0.066 0.349 -0.937] nu_des=[-0.00 0.01 0.01 1.82 0.24]
INFO  [mc_indi_tiltrotor] T0dbg2 Ws34=[0.1 20.0] Wu0=1.0 du0=-0.0664 dmin0=-16.6690 dmax0=28.3310
INFO  [mc_indi_tiltrotor] T2dbg1 G2=[-0.001 -0.551 0.060 0.018 -1.000] G5=[-0.916 -0.918 -0.016 15.268 0.274]
INFO  [mc_indi_tiltrotor] T2dbg2 Wu25=[1.0 1000000.0] du25=[-0.0937 -0.0002] dmax25=[29.7295 -0.0002] nu_yaw=0.009
INFO  [mc_indi_tiltrotor] WRdbg0 Wu0=1 lo0=-16.67 du0=-0.0664 pin0=0.011 a0=[0.005 0.007 -0.000 0.000 -0.089]
INFO  [mc_indi_tiltrotor] WRdbg1 Wu1=1 lo1=-16.48 du1=-0.0755 pin1=0.010 a1=[-0.005 0.007 0.000 0.000 -0.088]
INFO  [mc_indi_tiltrotor] T0dbg1 G0=[-0.347 0.209 -0.075 0.374 -0.928] nu_des=[0.02 -0.12 0.03 1.97 0.17]
INFO  [mc_indi_tiltrotor] T0dbg2 Ws34=[0.1 20.0] Wu0=1.0 du0=-0.0664 dmin0=-16.0660 dmax0=28.9340
INFO  [mc_indi_tiltrotor] T2dbg1 G2=[-0.001 -0.551 0.060 0.021 -1.000] G5=[-0.892 -0.867 -0.019 14.874 0.317]
INFO  [mc_indi_tiltrotor] T2dbg2 Wu25=[1.0 8.8] du25=[0.0494 0.0019] dmax25=[30.1228 0.0035] nu_yaw=0.026
INFO  [mc_indi_tiltrotor] WRdbg0 Wu0=1 lo0=-16.07 du0=-0.0664 pin0=0.108 a0=[-0.026 -0.086 -0.000 -0.001 -0.062]
INFO  [mc_indi_tiltrotor] WRdbg1 Wu1=1 lo1=-15.84 du1=-0.0381 pin1=0.073 a1=[0.023 -0.075 0.000 0.002 -0.060]
INFO  [mc_indi_tiltrotor] YWdbg nu2=0.008 ach2=-0.014 r=-0.00 wsp2=0.02 ddelta=[0.0102 0.0102 -0.0004]
INFO  [mc_indi_tiltrotor] T0dbg1 G0=[-0.345 0.204 -0.085 0.399 -0.917] nu_des=[0.00 -0.26 0.01 1.38 0.26]
INFO  [mc_indi_tiltrotor] T0dbg2 Ws34=[0.1 20.0] Wu0=1.0 du0=-0.1756 dmin0=-15.6144 dmax0=29.3856
INFO  [mc_indi_tiltrotor] T2dbg1 G2=[-0.001 -0.552 0.060 0.024 -1.000] G5=[-0.895 -0.848 -0.021 14.914 0.357]
INFO  [mc_indi_tiltrotor] T2dbg2 Wu25=[1.0 8.7] du25=[0.1975 0.0060] dmax25=[30.0819 0.0061] nu_yaw=0.010
INFO  [mc_indi_tiltrotor] WRdbg0 Wu0=1 lo0=-15.61 du0=-0.1756 pin0=0.111 a0=[-0.003 -0.185 -0.000 -0.000 -0.099]
INFO  [mc_indi_tiltrotor] WRdbg1 Wu1=1 lo1=-15.36 du1=-0.1766 pin1=0.077 a1=[0.003 -0.163 0.000 0.001 -0.095]
INFO  [mc_indi_tiltrotor] T0dbg1 G0=[-0.342 0.198 -0.094 0.424 -0.906] nu_des=[0.00 0.26 -0.03 0.92 0.23]
INFO  [mc_indi_tiltrotor] T0dbg2 Ws34=[0.1 20.0] Wu0=1.0 du0=0.1562 dmin0=-15.0838 dmax0=29.9162
INFO  [mc_indi_tiltrotor] T2dbg1 G2=[-0.002 -0.552 0.060 0.027 -1.000] G5=[-0.893 -0.823 -0.024 14.884 0.398]
INFO  [mc_indi_tiltrotor] T2dbg2 Wu25=[1.0 1000000.0] du25=[-0.4249 -0.0038] dmax25=[30.1103 -0.0002] nu_yaw=-0.031
INFO  [mc_indi_tiltrotor] WRdbg0 Wu0=1 lo0=-15.08 du0=0.1562 pin0=0.065 a0=[-0.001 0.181 0.000 0.000 -0.088]
INFO  [mc_indi_tiltrotor] WRdbg1 Wu1=1 lo1=-14.77 du1=0.1282 pin1=0.039 a1=[0.001 0.175 -0.000 0.000 -0.086]
INFO  [mc_indi_tiltrotor] YWdbg nu2=0.008 ach2=0.018 r=0.01 wsp2=0.01 ddelta=[0.0057 0.0078 0.0015]
INFO  [mc_indi_tiltrotor] forward transition: state 1 -> 2 (v_h=8.0 m/s, fx=12.0 N, tilt=25.7 deg)
INFO  [mc_indi_tiltrotor] T0dbg1 G0=[-0.340 0.192 -0.103 0.448 -0.894] nu_des=[0.01 -0.13 0.01 1.55 0.29]
INFO  [mc_indi_tiltrotor] T0dbg2 Ws34=[0.1 20.0] Wu0=1.0 du0=-0.1359 dmin0=-14.6160 dmax0=30.3840
INFO  [mc_indi_tiltrotor] T2dbg1 G2=[-0.002 -0.552 0.060 0.028 -1.000] G5=[-0.856 -0.777 -0.024 14.262 0.402]
INFO  [mc_indi_tiltrotor] T2dbg2 Wu25=[1.0 8.6] du25=[0.0404 0.0025] dmax25=[30.7325 0.0038] nu_yaw=0.014
INFO  [mc_indi_tiltrotor] WRdbg0 Wu0=1 lo0=-14.62 du0=-0.1359 pin0=0.091 a0=[-0.016 -0.097 -0.000 -0.000 -0.114]
INFO  [mc_indi_tiltrotor] WRdbg1 Wu1=1 lo1=-14.27 du1=-0.1050 pin1=0.074 a1=[0.014 -0.085 0.000 0.001 -0.109]
INFO  [mc_indi_tiltrotor] T0dbg1 G0=[-0.337 0.186 -0.113 0.473 -0.881] nu_des=[0.01 -0.14 0.00 1.62 0.37]
INFO  [mc_indi_tiltrotor] T0dbg2 Ws34=[0.1 20.0] Wu0=1.0 du0=-0.1475 dmin0=-13.5326 dmax0=31.4674
INFO  [mc_indi_tiltrotor] T2dbg1 G2=[-0.002 -0.552 0.060 0.032 -0.999] G5=[-0.864 -0.754 -0.028 14.394 0.460]
INFO  [mc_indi_tiltrotor] T2dbg2 Wu25=[1.0 8.6] du25=[0.0231 0.0033] dmax25=[30.5987 0.0047] nu_yaw=0.004
INFO  [mc_indi_tiltrotor] WRdbg0 Wu0=1 lo0=-13.53 du0=-0.1475 pin0=0.115 a0=[-0.009 -0.104 -0.000 -0.000 -0.149]
INFO  [mc_indi_tiltrotor] WRdbg1 Wu1=1 lo1=-13.16 du1=-0.1399 pin1=0.083 a1=[0.008 -0.091 0.000 0.001 -0.141]
INFO  [mc_indi_tiltrotor] YWdbg nu2=-0.009 ach2=-0.044 r=0.00 wsp2=0.01 ddelta=[0.0030 0.0030 -0.0038]
INFO  [mc_indi_tiltrotor] T0dbg1 G0=[-0.334 0.180 -0.122 0.497 -0.868] nu_des=[0.01 0.16 -0.01 1.46 0.32]
INFO  [mc_indi_tiltrotor] T0dbg2 Ws34=[0.1 20.0] Wu0=1.0 du0=-0.0300 dmin0=-12.9680 dmax0=32.0320
INFO  [mc_indi_tiltrotor] T2dbg1 G2=[-0.002 -0.552 0.060 0.035 -0.999] G5=[-0.820 -0.697 -0.028 13.672 0.473]
INFO  [mc_indi_tiltrotor] T2dbg2 Wu25=[1.0 1000000.0] du25=[-0.2998 -0.0024] dmax25=[31.3200 -0.0024] nu_yaw=-0.009
INFO  [mc_indi_tiltrotor] WRdbg0 Wu0=1 lo0=-12.97 du0=-0.0300 pin0=-0.004 a0=[-0.016 0.122 0.000 0.000 -0.131]
INFO  [mc_indi_tiltrotor] WRdbg1 Wu1=1 lo1=-12.53 du1=-0.0053 pin1=-0.009 a1=[0.015 0.116 -0.000 0.000 -0.127]
INFO  [mc_indi_tiltrotor] T0dbg1 G0=[-0.330 0.173 -0.131 0.521 -0.854] nu_des=[0.01 -0.20 0.01 1.15 0.23]
INFO  [mc_indi_tiltrotor] T0dbg2 Ws34=[0.1 20.0] Wu0=1.0 du0=-0.1522 dmin0=-11.9405 dmax0=33.0595
INFO  [mc_indi_tiltrotor] T2dbg1 G2=[-0.002 -0.552 0.060 0.037 -0.999] G5=[-0.800 -0.659 -0.030 13.332 0.499]
INFO  [mc_indi_tiltrotor] T2dbg2 Wu25=[1.0 1000000.0] du25=[0.1483 0.0014] dmax25=[31.6586 0.0050] nu_yaw=0.010
INFO  [mc_indi_tiltrotor] WRdbg0 Wu0=1 lo0=-11.94 du0=-0.1522 pin0=0.112 a0=[-0.018 -0.150 -0.000 0.000 -0.096]
INFO  [mc_indi_tiltrotor] WRdbg1 Wu1=1 lo1=-11.54 du1=-0.1295 pin1=0.088 a1=[0.016 -0.142 0.000 0.000 -0.092]
INFO  [mc_indi_tiltrotor] YWdbg nu2=-0.000 ach2=0.026 r=0.00 wsp2=0.00 ddelta=[0.0120 0.0120 0.0056]
INFO  [mc_indi_tiltrotor] T0dbg1 G0=[-0.326 0.167 -0.140 0.545 -0.839] nu_des=[0.01 0.19 -0.03 0.80 0.24]
INFO  [mc_indi_tiltrotor] T0dbg2 Ws34=[0.1 20.0] Wu0=1.0 du0=0.1021 dmin0=-11.0539 dmax0=33.9461
INFO  [mc_indi_tiltrotor] T2dbg1 G2=[-0.002 -0.552 0.060 0.040 -0.999] G5=[-0.806 -0.642 -0.033 13.441 0.542]
INFO  [mc_indi_tiltrotor] T2dbg2 Wu25=[1.0 1000000.0] du25=[-0.3334 -0.0034] dmax25=[31.5484 0.0002] nu_yaw=-0.025
INFO  [mc_indi_tiltrotor] WRdbg0 Wu0=1 lo0=-11.05 du0=0.1021 pin0=0.076 a0=[-0.017 0.144 0.000 0.000 -0.101]
INFO  [mc_indi_tiltrotor] WRdbg1 Wu1=1 lo1=-10.62 du1=0.1004 pin1=0.047 a1=[0.015 0.135 -0.000 0.000 -0.096]
INFO  [mc_indi_tiltrotor] T0dbg1 G0=[-0.322 0.160 -0.149 0.567 -0.824] nu_des=[0.00 -0.10 0.01 0.25 0.25]
INFO  [mc_indi_tiltrotor] T0dbg2 Ws34=[0.1 20.0] Wu0=1.0 du0=-0.1313 dmin0=-10.5183 dmax0=34.4817
INFO  [mc_indi_tiltrotor] T2dbg1 G2=[-0.002 -0.552 0.060 0.042 -0.999] G5=[-0.768 -0.603 -0.032 12.801 0.532]
INFO  [mc_indi_tiltrotor] T2dbg2 Wu25=[1.0 8.4] du25=[0.0452 0.0027] dmax25=[32.1882 0.0036] nu_yaw=0.012
INFO  [mc_indi_tiltrotor] WRdbg0 Wu0=1 lo0=-10.52 du0=-0.1313 pin0=0.061 a0=[-0.002 -0.083 -0.000 -0.000 -0.107]
INFO  [mc_indi_tiltrotor] WRdbg1 Wu1=1 lo1=-10.06 du1=-0.1247 pin1=0.045 a1=[0.002 -0.073 0.000 0.000 -0.099]
INFO  [mc_indi_tiltrotor] YWdbg nu2=0.006 ach2=0.004 r=0.00 wsp2=-0.00 ddelta=[0.0120 0.0102 0.0010]
INFO  [mc_indi_tiltrotor] T0dbg1 G0=[-0.318 0.153 -0.158 0.589 -0.808] nu_des=[0.00 -0.22 -0.00 0.13 0.31]
INFO  [mc_indi_tiltrotor] T0dbg2 Ws34=[0.1 20.0] Wu0=1.0 du0=-0.2206 dmin0=-9.5690 dmax0=35.4310
INFO  [mc_indi_tiltrotor] T2dbg1 G2=[-0.003 -0.553 0.060 0.044 -0.999] G5=[-0.791 -0.607 -0.034 13.176 0.574]
INFO  [mc_indi_tiltrotor] T2dbg2 Wu25=[1.0 1000000.0] du25=[0.1747 0.0026] dmax25=[31.8117 0.0062] nu_yaw=-0.003
INFO  [mc_indi_tiltrotor] WRdbg0 Wu0=1 lo0=-9.57 du0=-0.2206 pin0=0.104 a0=[-0.006 -0.182 0.000 0.000 -0.137]
INFO  [mc_indi_tiltrotor] WRdbg1 Wu1=1 lo1=-9.12 du1=-0.2069 pin1=0.086 a1=[0.006 -0.169 -0.000 0.000 -0.130]
INFO  [mc_indi_tiltrotor] T0dbg1 G0=[-0.314 0.146 -0.167 0.612 -0.791] nu_des=[0.01 0.33 -0.01 -0.14 0.34]
INFO  [mc_indi_tiltrotor] T0dbg2 Ws34=[0.1 20.0] Wu0=1.0 du0=0.1141 dmin0=-8.9457 dmax0=36.0000
INFO  [mc_indi_tiltrotor] T2dbg1 G2=[-0.003 -0.553 0.060 0.044 -0.999] G5=[-0.762 -0.581 -0.034 12.694 0.559]
INFO  [mc_indi_tiltrotor] T2dbg2 Wu25=[1.0 1000000.0] du25=[-0.5300 -0.0056] dmax25=[32.2940 -0.0056] nu_yaw=-0.014
INFO  [mc_indi_tiltrotor] WRdbg0 Wu0=1 lo0=-8.95 du0=0.1141 pin0=0.013 a0=[-0.018 0.275 0.000 -0.000 -0.156]
INFO  [mc_indi_tiltrotor] WRdbg1 Wu1=1 lo1=-8.46 du1=0.1219 pin1=-0.002 a1=[0.016 0.255 -0.000 -0.000 -0.147]
INFO  [mc_indi_tiltrotor] YWdbg nu2=-0.030 ach2=-0.052 r=0.01 wsp2=-0.01 ddelta=[0.0030 0.0019 -0.0052]
INFO  [mc_indi_tiltrotor] T0dbg1 G0=[-0.309 0.140 -0.175 0.632 -0.775] nu_des=[0.01 -0.16 0.00 -0.22 0.20]
INFO  [mc_indi_tiltrotor] T0dbg2 Ws34=[0.1 20.0] Wu0=1.0 du0=-0.1496 dmin0=-8.2304 dmax0=36.0000
INFO  [mc_indi_tiltrotor] T2dbg1 G2=[-0.003 -0.553 0.060 0.044 -0.999] G5=[-0.743 -0.563 -0.033 12.375 0.551]
INFO  [mc_indi_tiltrotor] T2dbg2 Wu25=[1.0 8.2] du25=[0.1222 0.0023] dmax25=[32.6127 0.0038] nu_yaw=0.004
INFO  [mc_indi_tiltrotor] WRdbg0 Wu0=1 lo0=-8.23 du0=-0.1496 pin0=0.101 a0=[-0.019 -0.136 -0.000 0.000 -0.096]
INFO  [mc_indi_tiltrotor] WRdbg1 Wu1=1 lo1=-7.74 du1=-0.1142 pin1=0.075 a1=[0.016 -0.118 0.000 -0.000 -0.088]
INFO  [mc_indi_tiltrotor] T0dbg1 G0=[-0.304 0.132 -0.183 0.654 -0.757] nu_des=[-0.00 -0.03 -0.01 -0.22 0.25]
INFO  [mc_indi_tiltrotor] T0dbg2 Ws34=[0.1 20.0] Wu0=1.0 du0=-0.0447 dmin0=-7.4876 dmax0=36.0000
INFO  [mc_indi_tiltrotor] T2dbg1 G2=[-0.003 -0.553 0.060 0.045 -0.999] G5=[-0.766 -0.574 -0.035 12.764 0.581]
INFO  [mc_indi_tiltrotor] T2dbg2 Wu25=[1.0 8.1] du25=[-0.0550 0.0006] dmax25=[32.2228 0.0039] nu_yaw=-0.011
INFO  [mc_indi_tiltrotor] WRdbg0 Wu0=1 lo0=-7.49 du0=-0.0447 pin0=0.097 a0=[0.005 -0.027 0.000 0.000 -0.120]
INFO  [mc_indi_tiltrotor] WRdbg1 Wu1=1 lo1=-7.03 du1=-0.0646 pin1=0.072 a1=[-0.004 -0.023 -0.001 -0.000 -0.109]
INFO  [mc_indi_tiltrotor] YWdbg nu2=-0.022 ach2=0.018 r=0.00 wsp2=-0.01 ddelta=[0.0120 0.0120 0.0018]
INFO  [mc_indi_tiltrotor] T0dbg1 G0=[-0.299 0.125 -0.191 0.674 -0.739] nu_des=[0.01 0.08 -0.01 -0.76 0.31]
INFO  [mc_indi_tiltrotor] T0dbg2 Ws34=[0.1 20.0] Wu0=1.0 du0=-0.0929 dmin0=-7.3615 dmax0=36.0000
INFO  [mc_indi_tiltrotor] T2dbg1 G2=[-0.003 -0.553 0.060 0.045 -0.999] G5=[-0.727 -0.549 -0.033 12.111 0.543]
INFO  [mc_indi_tiltrotor] T2dbg2 Wu25=[1.0 1000000.0] du25=[-0.1877 -0.0019] dmax25=[32.8769 -0.0019] nu_yaw=-0.007
INFO  [mc_indi_tiltrotor] WRdbg0 Wu0=1 lo0=-7.36 du0=-0.0929 pin0=0.008 a0=[-0.021 0.074 0.000 -0.000 -0.154]
INFO  [mc_indi_tiltrotor] WRdbg1 Wu1=1 lo1=-6.82 du1=-0.0610 pin1=-0.004 a1=[0.018 0.068 -0.000 -0.000 -0.143]
INFO  [mc_indi_tiltrotor] T0dbg1 G0=[-0.294 0.119 -0.199 0.692 -0.722] nu_des=[0.00 -0.14 0.02 -0.88 0.18]
INFO  [mc_indi_tiltrotor] T0dbg2 Ws34=[0.1 20.0] Wu0=1.0 du0=-0.1312 dmin0=-6.8652 dmax0=36.0000
INFO  [mc_indi_tiltrotor] T2dbg1 G2=[-0.003 -0.553 0.060 0.045 -0.999] G5=[-0.739 -0.559 -0.033 12.310 0.550]
INFO  [mc_indi_tiltrotor] T2dbg2 Wu25=[1.0 1000000.0] du25=[0.1192 0.0012] dmax25=[32.6776 0.0048] nu_yaw=0.016
INFO  [mc_indi_tiltrotor] WRdbg0 Wu0=1 lo0=-6.87 du0=-0.1312 pin0=0.097 a0=[-0.003 -0.133 -0.000 -0.000 -0.092]
INFO  [mc_indi_tiltrotor] WRdbg1 Wu1=1 lo1=-6.33 du1=-0.1260 pin1=0.077 a1=[0.003 -0.121 0.000 -0.000 -0.085]
INFO  [mc_indi_tiltrotor] YWdbg nu2=0.009 ach2=0.016 r=0.00 wsp2=-0.02 ddelta=[0.0066 0.0048 0.0032]
INFO  [mc_indi_tiltrotor] T0dbg1 G0=[-0.290 0.114 -0.205 0.706 -0.708] nu_des=[0.01 -0.00 -0.03 -0.82 0.04]
INFO  [mc_indi_tiltrotor] T0dbg2 Ws34=[0.1 20.0] Wu0=1.0 du0=-0.0418 dmin0=-6.3703 dmax0=36.0000
INFO  [mc_indi_tiltrotor] T2dbg1 G2=[-0.003 -0.553 0.060 0.043 -0.999] G5=[-0.759 -0.584 -0.033 12.642 0.546]
INFO  [mc_indi_tiltrotor] T2dbg2 Wu25=[1.0 8.0] du25=[0.0017 -0.0009] dmax25=[32.3462 0.0008] nu_yaw=-0.027
INFO  [mc_indi_tiltrotor] WRdbg0 Wu0=1 lo0=-6.37 du0=-0.0418 pin0=0.002 a0=[-0.021 -0.004 0.001 0.000 -0.020]
INFO  [mc_indi_tiltrotor] WRdbg1 Wu1=1 lo1=-5.86 du1=-0.0239 pin1=-0.016 a1=[0.016 -0.004 -0.002 -0.001 -0.017]
INFO  [mc_indi_tiltrotor] T0dbg1 G0=[-0.291 0.115 -0.204 0.703 -0.711] nu_des=[0.01 -0.02 -0.02 -1.12 -0.04]
INFO  [mc_indi_tiltrotor] T0dbg2 Ws34=[0.1 20.0] Wu0=1.0 du0=0.0034 dmin0=-6.3952 dmax0=36.0000
INFO  [mc_indi_tiltrotor] T2dbg1 G2=[-0.002 -0.552 0.060 0.042 -0.999] G5=[-0.837 -0.657 -0.035 13.950 0.581]
INFO  [mc_indi_tiltrotor] T2dbg2 Wu25=[1.0 8.0] du25=[0.0421 -0.0002] dmax25=[31.0377 0.0015] nu_yaw=-0.018
INFO  [mc_indi_tiltrotor] WRdbg0 Wu0=1 lo0=-6.40 du0=0.0034 pin0=0.026 a0=[-0.015 -0.020 -0.008 -0.000 0.020]
INFO  [mc_indi_tiltrotor] WRdbg1 Wu1=1 lo1=-5.82 du1=-0.0025 pin1=0.014 a1=[0.004 -0.014 -0.020 -0.002 0.015]
INFO  [mc_indi_tiltrotor] YWdbg nu2=0.018 ach2=0.066 r=0.00 wsp2=-0.03 ddelta=[0.0017 -0.0012 0.0075]
INFO  [mc_indi_tiltrotor] T0dbg1 G0=[-0.292 0.116 -0.202 0.701 -0.713] nu_des=[0.01 0.08 -0.01 -1.90 -0.04]
INFO  [mc_indi_tiltrotor] T0dbg2 Ws34=[0.1 20.0] Wu0=1.0 du0=-0.0030 dmin0=-6.8302 dmax0=36.0000
INFO  [mc_indi_tiltrotor] T2dbg1 G2=[-0.002 -0.552 0.060 0.038 -0.999] G5=[-0.931 -0.765 -0.035 15.517 0.585]
INFO  [mc_indi_tiltrotor] T2dbg2 Wu25=[1.0 1000000.0] du25=[-0.0687 -0.0030] dmax25=[29.4716 -0.0030] nu_yaw=-0.011
INFO  [mc_indi_tiltrotor] WRdbg0 Wu0=1 lo0=-6.83 du0=-0.0030 pin0=-0.080 a0=[-0.019 0.075 0.000 -0.000 0.021]
INFO  [mc_indi_tiltrotor] WRdbg1 Wu1=1 lo1=-6.21 du1=0.0272 pin1=-0.074 a1=[0.015 0.067 0.000 -0.000 0.019]
INFO  [mc_indi_tiltrotor] T0dbg1 G0=[-0.294 0.118 -0.199 0.693 -0.721] nu_des=[0.00 -0.34 -0.03 -2.19 0.19]
INFO  [mc_indi_tiltrotor] T0dbg2 Ws34=[0.1 20.0] Wu0=1.0 du0=-0.4176 dmin0=-6.9186 dmax0=36.0000
INFO  [mc_indi_tiltrotor] T2dbg1 G2=[-0.002 -0.552 0.060 0.033 -0.999] G5=[-1.090 -0.946 -0.036 18.169 0.592]
INFO  [mc_indi_tiltrotor] T2dbg2 Wu25=[1.0 1000000.0] du25=[0.4085 0.0078] dmax25=[26.8213 0.0078] nu_yaw=-0.026
INFO  [mc_indi_tiltrotor] WRdbg0 Wu0=1 lo0=-6.92 du0=-0.4176 pin0=-0.001 a0=[-0.004 -0.316 0.000 -0.000 -0.097]
INFO  [mc_indi_tiltrotor] WRdbg1 Wu1=1 lo1=-6.27 du1=-0.3412 pin1=0.024 a1=[0.003 -0.281 0.000 -0.000 -0.087]
INFO  [mc_indi_tiltrotor] YWdbg nu2=-0.022 ach2=-0.013 r=0.02 wsp2=-0.04 ddelta=[-0.0120 -0.0120 -0.0066]
INFO  [mc_indi_tiltrotor] T0dbg1 G0=[-0.297 0.123 -0.194 0.680 -0.733] nu_des=[-0.01 0.42 -0.07 -2.81 0.18]
INFO  [mc_indi_tiltrotor] T0dbg2 Ws34=[0.1 20.0] Wu0=1.0 du0=0.2776 dmin0=-7.4918 dmax0=36.0000
INFO  [mc_indi_tiltrotor] T2dbg1 G2=[-0.001 -0.551 0.060 0.023 -1.000] G5=[-1.203 -1.153 -0.027 20.056 0.457]
INFO  [mc_indi_tiltrotor] T2dbg2 Wu25=[1.0 1000000.0] du25=[-0.5991 -0.0069] dmax25=[24.9386 -0.0033] nu_yaw=-0.072
INFO  [mc_indi_tiltrotor] WRdbg0 Wu0=1 lo0=-7.49 du0=0.2776 pin0=-0.025 a0=[0.010 0.383 0.000 -0.000 -0.091]
INFO  [mc_indi_tiltrotor] WRdbg1 Wu1=1 lo1=-6.73 du1=0.2004 pin1=-0.052 a1=[-0.008 0.343 0.000 -0.000 -0.082]
INFO  [mc_indi_tiltrotor] T0dbg1 G0=[-0.301 0.128 -0.188 0.666 -0.746] nu_des=[0.01 0.22 -0.03 -3.76 -0.01]
INFO  [mc_indi_tiltrotor] T0dbg2 Ws34=[0.1 20.0] Wu0=1.0 du0=0.0772 dmin0=-8.5330 dmax0=36.0000
INFO  [mc_indi_tiltrotor] T2dbg1 G2=[-0.000 -0.550 0.060 0.007 -1.000] G5=[-1.253 -1.383 -0.009 20.882 0.143]
INFO  [mc_indi_tiltrotor] T2dbg2 Wu25=[1.0 1000000.0] du25=[-0.2460 -0.0068] dmax25=[24.1179 -0.0052] nu_yaw=-0.031
INFO  [mc_indi_tiltrotor] WRdbg0 Wu0=1 lo0=-8.53 du0=0.0772 pin0=-0.105 a0=[-0.019 0.195 0.000 -0.000 0.007]
INFO  [mc_indi_tiltrotor] WRdbg1 Wu1=1 lo1=-7.64 du1=0.1012 pin1=-0.097 a1=[0.016 0.176 0.000 -0.000 0.006]
INFO  [mc_indi_tiltrotor] YWdbg nu2=-0.042 ach2=-0.023 r=0.01 wsp2=-0.05 ddelta=[0.0006 -0.0012 -0.0009]
INFO  [mc_indi_tiltrotor] T0dbg1 G0=[-0.305 0.133 -0.182 0.651 -0.759] nu_des=[-0.01 -0.41 -0.02 -4.25 -0.04]
INFO  [mc_indi_tiltrotor] T0dbg2 Ws34=[0.1 20.0] Wu0=1.0 du0=-0.3815 dmin0=-8.9900 dmax0=36.0000
INFO  [mc_indi_tiltrotor] T2dbg1 G2=[-0.000 -0.550 0.060 0.002 -1.000] G5=[-1.335 -1.531 -0.003 22.246 0.049]
INFO  [mc_indi_tiltrotor] T2dbg2 Wu25=[1.0 1000000.0] du25=[0.5673 0.0032] dmax25=[22.7540 0.0032] nu_yaw=-0.017
INFO  [mc_indi_tiltrotor] WRdbg0 Wu0=1 lo0=-8.99 du0=-0.3815 pin0=-0.057 a0=[0.009 -0.351 0.000 -0.000 0.017]
INFO  [mc_indi_tiltrotor] WRdbg1 Wu1=1 lo1=-8.13 du1=-0.3395 pin1=-0.030 a1=[-0.007 -0.317 0.000 -0.000 0.015]
INFO  [mc_indi_tiltrotor] T0dbg1 G0=[-0.308 0.138 -0.177 0.638 -0.770] nu_des=[-0.01 -0.42 -0.01 -4.78 0.09]
INFO  [mc_indi_tiltrotor] T0dbg2 Ws34=[0.1 20.0] Wu0=1.0 du0=-0.4020 dmin0=-9.4025 dmax0=35.5975
INFO  [mc_indi_tiltrotor] T2dbg1 G2=[-0.000 -0.550 0.060 0.002 -1.000] G5=[-1.430 -1.644 -0.003 23.831 0.044]
INFO  [mc_indi_tiltrotor] T2dbg2 Wu25=[1.0 1000000.0] du25=[0.5385 0.0055] dmax25=[21.1693 0.0055] nu_yaw=-0.015
INFO  [mc_indi_tiltrotor] WRdbg0 Wu0=1 lo0=-9.40 du0=-0.4020 pin0=-0.025 a0=[0.025 -0.359 0.000 -0.000 -0.043]
INFO  [mc_indi_tiltrotor] WRdbg1 Wu1=1 lo1=-8.53 du1=-0.3836 pin1=0.002 a1=[-0.021 -0.326 0.000 -0.000 -0.039]
INFO  [mc_indi_tiltrotor] YWdbg nu2=-0.051 ach2=-0.024 r=0.01 wsp2=-0.07 ddelta=[-0.0089 -0.0120 -0.0021]
INFO  [mc_indi_tiltrotor] T0dbg1 G0=[-0.311 0.142 -0.171 0.624 -0.782] nu_des=[-0.01 0.08 -0.05 -5.31 0.07]
INFO  [mc_indi_tiltrotor] T0dbg2 Ws34=[0.1 20.0] Wu0=1.0 du0=0.0668 dmin0=-9.7877 dmax0=35.2123
INFO  [mc_indi_tiltrotor] T2dbg1 G2=[-0.000 -0.550 0.060 0.003 -1.000] G5=[-1.529 -1.748 -0.004 25.479 0.064]
INFO  [mc_indi_tiltrotor] T2dbg2 Wu25=[1.0 1000000.0] du25=[-0.1302 0.0000] dmax25=[19.5209 0.0036] nu_yaw=-0.052
INFO  [mc_indi_tiltrotor] WRdbg0 Wu0=1 lo0=-9.79 du0=0.0668 pin0=0.013 a0=[0.015 0.070 0.000 -0.000 -0.031]
INFO  [mc_indi_tiltrotor] WRdbg1 Wu1=1 lo1=-8.91 du1=0.0157 pin1=-0.008 a1=[-0.012 0.063 0.000 -0.000 -0.028]
INFO  [mc_indi_tiltrotor] T0dbg1 G0=[-0.314 0.147 -0.166 0.610 -0.793] nu_des=[-0.01 0.22 -0.07 -5.68 0.08]
INFO  [mc_indi_tiltrotor] T0dbg2 Ws34=[0.1 20.0] Wu0=1.0 du0=0.1019 dmin0=-10.1041 dmax0=34.8959
INFO  [mc_indi_tiltrotor] T2dbg1 G2=[-0.000 -0.550 0.060 0.002 -1.000] G5=[-1.564 -1.795 -0.003 26.068 0.054]
INFO  [mc_indi_tiltrotor] T2dbg2 Wu25=[1.0 1000000.0] du25=[-0.2868 -0.0021] dmax25=[18.9314 -0.0003] nu_yaw=-0.070
INFO  [mc_indi_tiltrotor] WRdbg0 Wu0=1 lo0=-10.10 du0=0.1019 pin0=-0.054 a0=[0.009 0.181 0.000 -0.000 -0.034]
INFO  [mc_indi_tiltrotor] WRdbg1 Wu1=1 lo1=-9.17 du1=0.0686 pin1=-0.058 a1=[-0.007 0.165 0.000 -0.000 -0.031]
INFO  [mc_indi_tiltrotor] YWdbg nu2=-0.032 ach2=-0.012 r=0.01 wsp2=-0.08 ddelta=[-0.0102 -0.0120 -0.0016]
INFO  [mc_indi_tiltrotor] T0dbg1 G0=[-0.317 0.152 -0.160 0.595 -0.804] nu_des=[0.00 0.24 -0.06 -5.87 0.07]
INFO  [mc_indi_tiltrotor] T0dbg2 Ws34=[0.1 20.0] Wu0=1.0 du0=0.0440 dmin0=-10.2679 dmax0=34.7321
INFO  [mc_indi_tiltrotor] T2dbg1 G2=[-0.000 -0.550 0.060 0.002 -1.000] G5=[-1.577 -1.813 -0.003 26.276 0.048]
INFO  [mc_indi_tiltrotor] T2dbg2 Wu25=[1.0 1000000.0] du25=[-0.2896 -0.0018] dmax25=[18.7242 -0.0001] nu_yaw=-0.058
INFO  [mc_indi_tiltrotor] WRdbg0 Wu0=1 lo0=-10.27 du0=0.0440 pin0=-0.110 a0=[-0.007 0.191 0.000 -0.000 -0.030]
INFO  [mc_indi_tiltrotor] WRdbg1 Wu1=1 lo1=-9.38 du1=0.0759 pin1=-0.077 a1=[0.006 0.174 0.000 -0.000 -0.027]
INFO  [mc_indi_tiltrotor] T0dbg1 G0=[-0.320 0.156 -0.154 0.580 -0.814] nu_des=[-0.00 0.07 -0.02 -5.90 0.02]
INFO  [mc_indi_tiltrotor] T0dbg2 Ws34=[0.1 20.0] Wu0=1.0 du0=-0.0261 dmin0=-10.2867 dmax0=34.7133
INFO  [mc_indi_tiltrotor] T2dbg1 G2=[-0.000 -0.550 0.060 0.002 -1.000] G5=[-1.578 -1.818 -0.003 26.304 0.043]
INFO  [mc_indi_tiltrotor] T2dbg2 Wu25=[1.0 1000000.0] du25=[-0.0609 -0.0016] dmax25=[18.6956 0.0001] nu_yaw=-0.025
INFO  [mc_indi_tiltrotor] WRdbg0 Wu0=1 lo0=-10.29 du0=-0.0261 pin0=-0.081 a0=[0.007 0.055 0.000 -0.000 -0.007]
INFO  [mc_indi_tiltrotor] WRdbg1 Wu1=1 lo1=-9.51 du1=-0.0261 pin1=-0.065 a1=[-0.005 0.051 0.000 -0.000 -0.007]
INFO  [mc_indi_tiltrotor] YWdbg nu2=-0.042 ach2=-0.031 r=0.00 wsp2=-0.08 ddelta=[0.0060 -0.0012 0.0002]
INFO  [mc_indi_tiltrotor] T0dbg1 G0=[-0.323 0.161 -0.148 0.565 -0.825] nu_des=[-0.01 -0.42 -0.04 -5.89 0.13]
INFO  [mc_indi_tiltrotor] T0dbg2 Ws34=[0.1 20.0] Wu0=1.0 du0=-0.3850 dmin0=-10.3138 dmax0=34.6862
INFO  [mc_indi_tiltrotor] T2dbg1 G2=[-0.000 -0.550 0.060 0.002 -1.000] G5=[-1.609 -1.852 -0.003 26.815 0.045]
INFO  [mc_indi_tiltrotor] T2dbg2 Wu25=[1.0 1000000.0] du25=[0.5069 0.0056] dmax25=[18.1851 0.0056] nu_yaw=-0.037
INFO  [mc_indi_tiltrotor] WRdbg0 Wu0=1 lo0=-10.31 du0=-0.3850 pin0=-0.020 a0=[0.018 -0.325 0.000 -0.000 -0.057]
INFO  [mc_indi_tiltrotor] WRdbg1 Wu1=1 lo1=-9.59 du1=-0.3589 pin1=0.008 a1=[-0.015 -0.299 0.000 -0.000 -0.053]
INFO  [mc_indi_tiltrotor] T0dbg1 G0=[-0.325 0.165 -0.142 0.550 -0.835] nu_des=[-0.01 0.21 -0.07 -5.89 0.08]
INFO  [mc_indi_tiltrotor] T0dbg2 Ws34=[0.1 20.0] Wu0=1.0 du0=0.1192 dmin0=-10.3270 dmax0=34.6730
INFO  [mc_indi_tiltrotor] T2dbg1 G2=[-0.000 -0.550 0.060 0.002 -1.000] G5=[-1.639 -1.878 -0.004 27.314 0.062]
INFO  [mc_indi_tiltrotor] T2dbg2 Wu25=[1.0 1000000.0] du25=[-0.2780 -0.0010] dmax25=[17.6860 0.0026] nu_yaw=-0.071
INFO  [mc_indi_tiltrotor] WRdbg0 Wu0=1 lo0=-10.33 du0=0.1192 pin0=-0.019 a0=[0.014 0.157 0.000 -0.000 -0.033]
INFO  [mc_indi_tiltrotor] WRdbg1 Wu1=1 lo1=-9.62 du1=0.0774 pin1=-0.025 a1=[-0.012 0.145 0.000 -0.000 -0.030]
INFO  [mc_indi_tiltrotor] YWdbg nu2=-0.060 ach2=-0.021 r=0.00 wsp2=-0.09 ddelta=[-0.0120 -0.0120 -0.0020]
INFO  [mc_indi_tiltrotor] T0dbg1 G0=[-0.328 0.169 -0.136 0.534 -0.845] nu_des=[0.01 0.20 -0.05 -5.95 0.10]
INFO  [mc_indi_tiltrotor] T0dbg2 Ws34=[0.1 20.0] Wu0=1.0 du0=0.0122 dmin0=-10.5578 dmax0=34.4422
INFO  [mc_indi_tiltrotor] T2dbg1 G2=[-0.000 -0.550 0.060 0.001 -1.000] G5=[-1.621 -1.869 -0.002 27.012 0.040]
INFO  [mc_indi_tiltrotor] T2dbg2 Wu25=[1.0 1000000.0] du25=[-0.2470 -0.0015] dmax25=[17.9880 0.0003] nu_yaw=-0.049
INFO  [mc_indi_tiltrotor] WRdbg0 Wu0=1 lo0=-10.56 du0=0.0122 pin0=-0.086 a0=[-0.008 0.148 0.000 -0.000 -0.041]
INFO  [mc_indi_tiltrotor] WRdbg1 Wu1=1 lo1=-9.88 du1=0.0480 pin1=-0.058 a1=[0.007 0.137 0.000 -0.000 -0.038]
INFO  [mc_indi_tiltrotor] T0dbg1 G0=[-0.331 0.174 -0.129 0.517 -0.856] nu_des=[-0.02 0.16 -0.03 -5.79 0.05]
INFO  [mc_indi_tiltrotor] T0dbg2 Ws34=[0.1 20.0] Wu0=1.0 du0=0.0336 dmin0=-10.5348 dmax0=34.4652
INFO  [mc_indi_tiltrotor] T2dbg1 G2=[-0.000 -0.550 0.060 0.002 -1.000] G5=[-1.599 -1.841 -0.003 26.642 0.044]
INFO  [mc_indi_tiltrotor] T2dbg2 Wu25=[1.0 1000000.0] du25=[-0.1854 -0.0017] dmax25=[18.3575 0.0001] nu_yaw=-0.032
INFO  [mc_indi_tiltrotor] WRdbg0 Wu0=1 lo0=-10.53 du0=0.0336 pin0=-0.094 a0=[0.029 0.120 0.000 -0.000 -0.021]
INFO  [mc_indi_tiltrotor] WRdbg1 Wu1=1 lo1=-10.01 du1=0.0103 pin1=-0.058 a1=[-0.024 0.112 0.000 -0.000 -0.020]
INFO  [mc_indi_tiltrotor] YWdbg nu2=-0.030 ach2=0.020 r=0.00 wsp2=-0.09 ddelta=[-0.0066 -0.0084 0.0003]
INFO  [mc_indi_tiltrotor] T0dbg1 G0=[-0.333 0.179 -0.123 0.500 -0.866] nu_des=[-0.01 -0.24 -0.02 -5.39 0.07]
INFO  [mc_indi_tiltrotor] T0dbg2 Ws34=[0.1 20.0] Wu0=1.0 du0=-0.2108 dmin0=-10.3074 dmax0=34.6926
INFO  [mc_indi_tiltrotor] T2dbg1 G2=[-0.000 -0.550 0.060 0.001 -1.000] G5=[-1.569 -1.813 -0.002 26.146 0.032]
INFO  [mc_indi_tiltrotor] T2dbg2 Wu25=[1.0 1000000.0] du25=[0.3036 0.0024] dmax25=[18.8537 0.0024] nu_yaw=-0.024
INFO  [mc_indi_tiltrotor] WRdbg0 Wu0=1 lo0=-10.31 du0=-0.2108 pin0=-0.032 a0=[0.023 -0.176 0.000 -0.000 -0.026]
INFO  [mc_indi_tiltrotor] WRdbg1 Wu1=1 lo1=-9.88 du1=-0.2214 pin1=-0.012 a1=[-0.020 -0.165 0.000 -0.000 -0.025]
INFO  [mc_indi_tiltrotor] T0dbg1 G0=[-0.335 0.183 -0.117 0.483 -0.875] nu_des=[-0.02 -0.05 -0.05 -4.92 0.23]
INFO  [mc_indi_tiltrotor] T0dbg2 Ws34=[0.1 20.0] Wu0=1.0 du0=-0.0934 dmin0=-9.9753 dmax0=35.0247
INFO  [mc_indi_tiltrotor] T2dbg1 G2=[-0.000 -0.550 0.060 0.002 -1.000] G5=[-1.569 -1.802 -0.003 26.150 0.052]
INFO  [mc_indi_tiltrotor] T2dbg2 Wu25=[1.0 1000000.0] du25=[-0.0138 0.0041] dmax25=[18.8498 0.0077] nu_yaw=-0.050
INFO  [mc_indi_tiltrotor] WRdbg0 Wu0=1 lo0=-9.98 du0=-0.0934 pin0=0.006 a0=[0.028 -0.037 0.000 -0.000 -0.090]
INFO  [mc_indi_tiltrotor] WRdbg1 Wu1=1 lo1=-9.65 du1=-0.1277 pin1=0.016 a1=[-0.023 -0.035 0.000 -0.000 -0.085]
INFO  [mc_indi_tiltrotor] YWdbg nu2=-0.062 ach2=-0.032 r=-0.00 wsp2=-0.09 ddelta=[-0.0012 -0.0048 0.0005]
INFO  [mc_indi_tiltrotor] T0dbg1 G0=[-0.338 0.188 -0.110 0.466 -0.885] nu_des=[-0.00 0.16 -0.05 -4.71 0.08]
INFO  [mc_indi_tiltrotor] T0dbg2 Ws34=[0.1 20.0] Wu0=1.0 du0=0.0515 dmin0=-10.1556 dmax0=34.8444
INFO  [mc_indi_tiltrotor] T2dbg1 G2=[-0.000 -0.550 0.060 0.002 -1.000] G5=[-1.525 -1.755 -0.003 25.418 0.044]
INFO  [mc_indi_tiltrotor] T2dbg2 Wu25=[1.0 1000000.0] du25=[-0.2079 -0.0017] dmax25=[19.5821 0.0000] nu_yaw=-0.054
INFO  [mc_indi_tiltrotor] WRdbg0 Wu0=1 lo0=-10.16 du0=0.0515 pin0=-0.040 a0=[0.007 0.115 0.000 -0.000 -0.031]
INFO  [mc_indi_tiltrotor] WRdbg1 Wu1=1 lo1=-9.84 du1=0.0445 pin1=-0.030 a1=[-0.006 0.109 0.000 -0.000 -0.029]
INFO  [mc_indi_tiltrotor] fixed-wing mode: state 0 -> 1 (v_fwd=13.9 m/s, tilt=27.3 deg)
INFO  [mc_indi_tiltrotor] fixed-wing mode: state 1 -> 2 (v_fwd=11.1 m/s, tilt=90.0 deg)
INFO  [mc_indi_tiltrotor] fixed-wing mode: state 2 -> 3 (v_fwd=16.0 m/s, tilt=90.0 deg)
INFO  [mc_indi_tiltrotor] forward transition: state 2 -> 0 (v_h=16.0 m/s, fx=0.0 N, tilt=90.0 deg)
INFO  [mc_indi_tiltrotor] back-transition: state 0 -> 1 (v_h=16.0, v_fwd=+16.0 m/s, ceil=90.0 deg)
INFO  [mc_indi_tiltrotor] back-transition: state 1 -> 2 (v_h=10.0, v_fwd=+10.0 m/s, ceil=76.2 deg)
INFO  [mc_indi_tiltrotor] fixed-wing mode: state 3 -> 0 (v_fwd=10.4 m/s, tilt=0.0 deg)
INFO  [mc_indi_tiltrotor] T0dbg1 G0=[-0.353 0.264 0.042 0.052 -0.999] nu_des=[-0.01 0.45 -0.04 -0.00 -105.58]
INFO  [mc_indi_tiltrotor] T0dbg2 Ws34=[0.1 20.0] Wu0=1.0 du0=35.9636 dmin0=-0.0000 dmax0=36.0000
INFO  [mc_indi_tiltrotor] T2dbg1 G2=[-0.000 -0.550 0.060 0.000 -1.000] G5=[-0.000 -0.000 -0.000 0.000 0.000]
INFO  [mc_indi_tiltrotor] T2dbg2 Wu25=[1.0 1000000.0] du25=[33.6867 0.0058] dmax25=[36.0000 0.0094] nu_yaw=-0.045
INFO  [mc_indi_tiltrotor] WRdbg0 Wu0=1 lo0=-0.00 du0=35.9636 pin0=0.000 a0=[0.011 0.274 -0.000 0.000 35.678]
INFO  [mc_indi_tiltrotor] WRdbg1 Wu1=1 lo1=-0.00 du1=35.9416 pin1=0.000 a1=[-0.011 0.274 -0.000 0.000 35.678]
INFO  [mc_indi_tiltrotor] YWdbg nu2=-0.155 ach2=-0.053 r=0.71 wsp2=-0.34 ddelta=[0.0120 0.0120 -0.0006]
INFO  [mc_indi_tiltrotor] T0dbg1 G0=[-0.355 0.245 -0.006 0.186 -0.983] nu_des=[0.01 0.15 0.37 -4.94 0.57]
INFO  [mc_indi_tiltrotor] T0dbg2 Ws34=[0.1 20.0] Wu0=1.0 du0=-0.1011 dmin0=-13.6086 dmax0=31.3914
INFO  [mc_indi_tiltrotor] T2dbg1 G2=[-0.000 -0.550 0.060 0.000 -1.000] G5=[-1.212 -1.412 -0.000 20.200 0.004]
INFO  [mc_indi_tiltrotor] T2dbg2 Wu25=[1.0 1000000.0] du25=[-0.3802 -0.0002] dmax25=[24.8001 0.0016] nu_yaw=0.369
INFO  [mc_indi_tiltrotor] WRdbg0 Wu0=1 lo0=-13.61 du0=-0.1011 pin0=0.018 a0=[-0.014 0.095 0.000 -0.000 -0.200]
INFO  [mc_indi_tiltrotor] WRdbg1 Wu1=1 lo1=-12.37 du1=-0.0698 pin1=0.022 a1=[0.014 0.095 0.000 -0.000 -0.200]
INFO  [mc_indi_tiltrotor] T0dbg1 G0=[-0.355 0.245 -0.007 0.187 -0.982] nu_des=[0.01 0.37 -0.17 -4.11 0.80]
INFO  [mc_indi_tiltrotor] T0dbg2 Ws34=[0.1 20.0] Wu0=1.0 du0=-0.0726 dmin0=-9.8985 dmax0=35.1015
INFO  [mc_indi_tiltrotor] T2dbg1 G2=[-0.000 -0.550 0.060 0.000 -1.000] G5=[-0.868 -1.013 -0.000 14.466 0.000]
INFO  [mc_indi_tiltrotor] T2dbg2 Wu25=[1.0 1000000.0] du25=[-0.7061 -0.0000] dmax25=[30.5339 0.0018] nu_yaw=-0.170
INFO  [mc_indi_tiltrotor] WRdbg0 Wu0=1 lo0=-9.90 du0=-0.0726 pin0=-0.008 a0=[-0.019 0.237 -0.000 -0.000 -0.283]
INFO  [mc_indi_tiltrotor] WRdbg1 Wu1=1 lo1=-10.12 du1=-0.0418 pin1=-0.016 a1=[0.020 0.238 -0.000 -0.000 -0.283]
INFO  [mc_indi_tiltrotor] YWdbg nu2=-0.245 ach2=-0.088 r=-0.06 wsp2=-0.22 ddelta=[0.0120 -0.0120 -0.0001]
INFO  [mc_indi_tiltrotor] T0dbg1 G0=[-0.355 0.239 -0.020 0.223 -0.975] nu_des=[-0.01 -0.02 -0.16 -3.39 0.25]
INFO  [mc_indi_tiltrotor] T0dbg2 Ws34=[0.1 20.0] Wu0=1.0 du0=-0.0778 dmin0=-8.2396 dmax0=36.0000
INFO  [mc_indi_tiltrotor] T2dbg1 G2=[-0.000 -0.550 0.060 0.000 -1.000] G5=[-0.637 -0.742 -0.000 10.608 0.000]
INFO  [mc_indi_tiltrotor] T2dbg2 Wu25=[1.0 1000000.0] du25=[-0.0503 -0.0000] dmax25=[34.3916 0.0018] nu_yaw=-0.159
INFO  [mc_indi_tiltrotor] WRdbg0 Wu0=1 lo0=-8.24 du0=-0.0778 pin0=0.005 a0=[0.017 -0.013 -0.000 -0.000 -0.087]
INFO  [mc_indi_tiltrotor] WRdbg1 Wu1=1 lo1=-8.29 du1=-0.1188 pin1=-0.002 a1=[-0.017 -0.013 -0.000 -0.000 -0.087]
INFO  [mc_indi_tiltrotor] T0dbg1 G0=[-0.354 0.238 -0.022 0.229 -0.973] nu_des=[0.00 -0.02 -0.11 -3.65 0.38]
INFO  [mc_indi_tiltrotor] T0dbg2 Ws34=[0.1 20.0] Wu0=1.0 du0=-0.1428 dmin0=-9.4429 dmax0=35.5571
INFO  [mc_indi_tiltrotor] T2dbg1 G2=[-0.000 -0.550 0.060 0.001 -1.000] G5=[-0.643 -0.742 -0.001 10.710 0.013]
INFO  [mc_indi_tiltrotor] T2dbg2 Wu25=[1.0 1000000.0] du25=[-0.0927 -0.0012] dmax25=[34.2900 0.0021] nu_yaw=-0.111
INFO  [mc_indi_tiltrotor] WRdbg0 Wu0=1 lo0=-9.44 du0=-0.1428 pin0=0.011 a0=[-0.005 -0.015 -0.000 -0.000 -0.134]
INFO  [mc_indi_tiltrotor] WRdbg1 Wu1=1 lo1=-9.34 du1=-0.1386 pin1=0.005 a1=[0.005 -0.015 -0.000 -0.000 -0.133]
INFO  [mc_indi_tiltrotor] YWdbg nu2=-0.062 ach2=-0.052 r=-0.04 wsp2=-0.21 ddelta=[0.0120 -0.0051 -0.0003]
INFO  [mc_indi_tiltrotor] T0dbg1 G0=[-0.354 0.235 -0.028 0.246 -0.969] nu_des=[0.00 -0.03 -0.07 -4.03 0.04]
INFO  [mc_indi_tiltrotor] T0dbg2 Ws34=[0.1 20.0] Wu0=1.0 du0=-0.0403 dmin0=-10.3842 dmax0=34.6158
INFO  [mc_indi_tiltrotor] T2dbg1 G2=[-0.000 -0.550 0.060 0.000 -1.000] G5=[-0.629 -0.733 -0.000 10.490 0.003]
INFO  [mc_indi_tiltrotor] T2dbg2 Wu25=[1.0 1000000.0] du25=[0.0334 -0.0003] dmax25=[34.5095 0.0015] nu_yaw=-0.067
INFO  [mc_indi_tiltrotor] WRdbg0 Wu0=1 lo0=-10.38 du0=-0.0403 pin0=-0.003 a0=[-0.001 -0.021 -0.000 -0.000 -0.015]
INFO  [mc_indi_tiltrotor] WRdbg1 Wu1=1 lo1=-10.42 du1=-0.0384 pin1=-0.004 a1=[0.001 -0.021 -0.000 -0.000 -0.015]
INFO  [mc_indi_tiltrotor] T0dbg1 G0=[-0.354 0.232 -0.033 0.260 -0.965] nu_des=[-0.00 -0.03 -0.05 -3.80 0.05]
INFO  [mc_indi_tiltrotor] T0dbg2 Ws34=[0.1 20.0] Wu0=1.0 du0=-0.0147 dmin0=-9.6611 dmax0=35.3389
INFO  [mc_indi_tiltrotor] T2dbg1 G2=[-0.000 -0.550 0.060 0.000 -1.000] G5=[-0.572 -0.667 -0.000 9.540 0.002]
INFO  [mc_indi_tiltrotor] T2dbg2 Wu25=[1.0 1000000.0] du25=[0.0133 -0.0002] dmax25=[35.4597 0.0021] nu_yaw=-0.053
INFO  [mc_indi_tiltrotor] WRdbg0 Wu0=1 lo0=-9.66 du0=-0.0147 pin0=0.022 a0=[0.004 -0.021 0.000 -0.000 -0.019]
INFO  [mc_indi_tiltrotor] WRdbg1 Wu1=1 lo1=-9.79 du1=-0.0314 pin1=0.013 a1=[-0.004 -0.021 -0.000 -0.000 -0.019]
INFO  [mc_indi_tiltrotor] YWdbg nu2=-0.056 ach2=-0.038 r=-0.04 wsp2=-0.14 ddelta=[0.0053 -0.0045 -0.0002]
INFO  [mc_indi_tiltrotor] T0dbg1 G0=[-0.353 0.230 -0.037 0.272 -0.962] nu_des=[-0.00 0.01 -0.05 -4.10 0.04]
INFO  [mc_indi_tiltrotor] T0dbg2 Ws34=[0.1 20.0] Wu0=1.0 du0=-0.0033 dmin0=-10.3811 dmax0=34.6189
INFO  [mc_indi_tiltrotor] T2dbg1 G2=[-0.000 -0.550 0.060 0.000 -1.000] G5=[-0.586 -0.684 -0.000 9.772 0.001]
INFO  [mc_indi_tiltrotor] T2dbg2 Wu25=[1.0 1000000.0] du25=[-0.0252 -0.0001] dmax25=[35.2280 0.0017] nu_yaw=-0.049
INFO  [mc_indi_tiltrotor] WRdbg0 Wu0=1 lo0=-10.38 du0=-0.0033 pin0=-0.001 a0=[0.002 0.008 0.000 -0.000 -0.013]
INFO  [mc_indi_tiltrotor] WRdbg1 Wu1=1 lo1=-10.50 du1=-0.0083 pin1=-0.001 a1=[-0.002 0.008 0.000 -0.000 -0.013]
INFO  [mc_indi_tiltrotor] T0dbg1 G0=[-0.353 0.230 -0.037 0.270 -0.963] nu_des=[-0.01 0.00 -0.04 -4.30 -0.04]
INFO  [mc_indi_tiltrotor] T0dbg2 Ws34=[0.1 20.0] Wu0=1.0 du0=0.0193 dmin0=-11.1011 dmax0=33.8989
INFO  [mc_indi_tiltrotor] T2dbg1 G2=[-0.000 -0.550 0.060 0.001 -1.000] G5=[-0.610 -0.709 -0.000 10.171 0.006]
INFO  [mc_indi_tiltrotor] T2dbg2 Wu25=[1.0 1000000.0] du25=[0.0156 -0.0006] dmax25=[34.8287 0.0012] nu_yaw=-0.041
INFO  [mc_indi_tiltrotor] WRdbg0 Wu0=1 lo0=-11.10 du0=0.0193 pin0=-0.011 a0=[0.014 0.003 0.000 -0.000 0.014]
INFO  [mc_indi_tiltrotor] WRdbg1 Wu1=1 lo1=-11.22 du1=-0.0038 pin1=-0.008 a1=[-0.013 0.003 0.000 -0.000 0.014]
INFO  [mc_indi_tiltrotor] YWdbg nu2=-0.044 ach2=-0.012 r=-0.02 wsp2=-0.08 ddelta=[0.0063 0.0013 -0.0001]
INFO  [mc_indi_tiltrotor] T0dbg1 G0=[-0.353 0.230 -0.037 0.271 -0.963] nu_des=[0.00 0.04 -0.03 -4.38 0.01]
INFO  [mc_indi_tiltrotor] T0dbg2 Ws34=[0.1 20.0] Wu0=1.0 du0=0.0066 dmin0=-11.5933 dmax0=33.4067
INFO  [mc_indi_tiltrotor] T2dbg1 G2=[-0.000 -0.550 0.060 0.000 -1.000] G5=[-0.631 -0.736 -0.000 10.521 0.000]
INFO  [mc_indi_tiltrotor] T2dbg2 Wu25=[1.0 1000000.0] du25=[-0.0432 -0.0000] dmax25=[34.4786 0.0018] nu_yaw=-0.033
INFO  [mc_indi_tiltrotor] WRdbg0 Wu0=1 lo0=-11.59 du0=0.0066 pin0=-0.017 a0=[-0.002 0.027 0.000 -0.000 -0.002]
INFO  [mc_indi_tiltrotor] WRdbg1 Wu1=1 lo1=-11.69 du1=0.0161 pin1=-0.010 a1=[0.001 0.026 0.000 -0.000 -0.002]
INFO  [mc_indi_tiltrotor] T0dbg1 G0=[-0.354 0.232 -0.033 0.260 -0.966] nu_des=[-0.00 0.01 -0.05 -4.40 -0.02]
INFO  [mc_indi_tiltrotor] T0dbg2 Ws34=[0.1 20.0] Wu0=1.0 du0=0.0178 dmin0=-12.1747 dmax0=32.8253
INFO  [mc_indi_tiltrotor] T2dbg1 G2=[-0.000 -0.550 0.060 0.000 -1.000] G5=[-0.657 -0.765 -0.000 10.947 0.002]
INFO  [mc_indi_tiltrotor] T2dbg2 Wu25=[1.0 1000000.0] du25=[-0.0017 -0.0002] dmax25=[34.0526 0.0016] nu_yaw=-0.047
INFO  [mc_indi_tiltrotor] WRdbg0 Wu0=1 lo0=-12.17 du0=0.0178 pin0=-0.003 a0=[0.007 0.006 0.000 -0.000 0.008]
INFO  [mc_indi_tiltrotor] WRdbg1 Wu1=1 lo1=-12.26 du1=0.0048 pin1=-0.002 a1=[-0.007 0.006 0.000 -0.000 0.008]
INFO  [mc_indi_tiltrotor] YWdbg nu2=-0.029 ach2=0.031 r=-0.00 wsp2=-0.07 ddelta=[-0.0093 -0.0019 -0.0000]
INFO  [mc_indi_tiltrotor] T0dbg1 G0=[-0.354 0.234 -0.030 0.251 -0.968] nu_des=[-0.00 0.25 -0.10 -4.39 0.14]
INFO  [mc_indi_tiltrotor] T0dbg2 Ws34=[0.1 20.0] Wu0=1.0 du0=0.0824 dmin0=-12.5938 dmax0=32.4062
INFO  [mc_indi_tiltrotor] T2dbg1 G2=[-0.000 -0.550 0.060 0.001 -1.000] G5=[-0.703 -0.815 -0.000 11.710 0.008]
INFO  [mc_indi_tiltrotor] T2dbg2 Wu25=[1.0 1000000.0] du25=[-0.3388 -0.0007] dmax25=[33.2899 0.0011] nu_yaw=-0.098
INFO  [mc_indi_tiltrotor] WRdbg0 Wu0=1 lo0=-12.59 du0=0.0824 pin0=-0.032 a0=[0.004 0.161 0.000 -0.000 -0.050]
INFO  [mc_indi_tiltrotor] WRdbg1 Wu1=1 lo1=-12.69 du1=0.0855 pin1=-0.021 a1=[-0.004 0.161 0.000 -0.000 -0.050]
INFO  [mc_indi_tiltrotor] T0dbg1 G0=[-0.354 0.235 -0.028 0.247 -0.969] nu_des=[-0.00 0.04 -0.05 -4.41 -0.08]
INFO  [mc_indi_tiltrotor] T0dbg2 Ws34=[0.1 20.0] Wu0=1.0 du0=0.0361 dmin0=-13.0772 dmax0=31.9228
INFO  [mc_indi_tiltrotor] T2dbg1 G2=[-0.000 -0.550 0.060 0.001 -1.000] G5=[-0.706 -0.820 -0.000 11.765 0.006]
INFO  [mc_indi_tiltrotor] T2dbg2 Wu25=[1.0 1000000.0] du25=[-0.0111 -0.0005] dmax25=[33.2353 0.0013] nu_yaw=-0.053
INFO  [mc_indi_tiltrotor] WRdbg0 Wu0=1 lo0=-13.08 du0=0.0361 pin0=-0.022 a0=[0.001 0.027 0.000 -0.000 0.030]
INFO  [mc_indi_tiltrotor] WRdbg1 Wu1=1 lo1=-13.14 du1=0.0415 pin1=-0.014 a1=[-0.001 0.027 0.000 -0.000 0.030]
INFO  [mc_indi_tiltrotor] YWdbg nu2=-0.037 ach2=0.007 r=0.01 wsp2=-0.08 ddelta=[-0.0042 -0.0022 -0.0001]
INFO  [mc_indi_tiltrotor] T0dbg1 G0=[-0.354 0.235 -0.027 0.244 -0.970] nu_des=[0.00 0.05 -0.03 -4.39 -0.05]
INFO  [mc_indi_tiltrotor] T0dbg2 Ws34=[0.1 20.0] Wu0=1.0 du0=0.0202 dmin0=-13.4373 dmax0=31.5627
INFO  [mc_indi_tiltrotor] T2dbg1 G2=[-0.000 -0.550 0.060 0.000 -1.000] G5=[-0.720 -0.840 -0.000 12.007 0.000]
INFO  [mc_indi_tiltrotor] T2dbg2 Wu25=[1.0 1000000.0] du25=[-0.0267 -0.0000] dmax25=[32.9932 0.0018] nu_yaw=-0.029
INFO  [mc_indi_tiltrotor] WRdbg0 Wu0=1 lo0=-13.44 du0=0.0202 pin0=-0.027 a0=[-0.001 0.031 0.000 -0.000 0.018]
INFO  [mc_indi_tiltrotor] WRdbg1 Wu1=1 lo1=-13.53 du1=0.0324 pin1=-0.018 a1=[0.001 0.031 0.000 -0.000 0.018]
INFO  [mc_indi_tiltrotor] T0dbg1 G0=[-0.354 0.236 -0.025 0.237 -0.971] nu_des=[-0.01 0.01 -0.05 -4.40 0.49]
INFO  [mc_indi_tiltrotor] T0dbg2 Ws34=[0.1 20.0] Wu0=1.0 du0=-0.1197 dmin0=-13.9591 dmax0=31.0409
INFO  [mc_indi_tiltrotor] T2dbg1 G2=[-0.000 -0.550 0.060 0.000 -1.000] G5=[-0.758 -0.884 -0.000 12.628 0.000]
INFO  [mc_indi_tiltrotor] T2dbg2 Wu25=[1.0 1000000.0] du25=[-0.1790 -0.0000] dmax25=[32.3720 0.0018] nu_yaw=-0.048
INFO  [mc_indi_tiltrotor] WRdbg0 Wu0=1 lo0=-13.96 du0=-0.1197 pin0=0.031 a0=[0.016 0.003 0.000 -0.000 -0.169]
INFO  [mc_indi_tiltrotor] WRdbg1 Wu1=1 lo1=-14.06 du1=-0.1604 pin1=0.021 a1=[-0.015 0.003 0.000 -0.000 -0.170]
INFO  [mc_indi_tiltrotor] YWdbg nu2=-0.041 ach2=0.019 r=-0.01 wsp2=-0.08 ddelta=[-0.0102 -0.0056 -0.0006]
INFO  [mc_indi_tiltrotor] T0dbg1 G0=[-0.354 0.237 -0.023 0.232 -0.973] nu_des=[0.00 0.03 -0.04 -4.41 -0.03]
INFO  [mc_indi_tiltrotor] T0dbg2 Ws34=[0.1 20.0] Wu0=1.0 du0=0.0040 dmin0=-14.4144 dmax0=30.5856
INFO  [mc_indi_tiltrotor] T2dbg1 G2=[-0.000 -0.550 0.060 0.000 -1.000] G5=[-0.784 -0.914 -0.000 13.070 0.002]
INFO  [mc_indi_tiltrotor] T2dbg2 Wu25=[1.0 1000000.0] du25=[-0.0129 -0.0002] dmax25=[31.9296 0.0016] nu_yaw=-0.038
INFO  [mc_indi_tiltrotor] WRdbg0 Wu0=1 lo0=-14.41 du0=0.0040 pin0=-0.021 a0=[-0.003 0.019 0.000 -0.000 0.010]
INFO  [mc_indi_tiltrotor] WRdbg1 Wu1=1 lo1=-14.54 du1=0.0177 pin1=-0.014 a1=[0.003 0.019 0.000 -0.000 0.010]
INFO  [mc_indi_tiltrotor] T0dbg1 G0=[-0.354 0.238 -0.021 0.227 -0.974] nu_des=[0.00 0.01 -0.02 -4.33 -0.02]
INFO  [mc_indi_tiltrotor] T0dbg2 Ws34=[0.1 20.0] Wu0=1.0 du0=0.0005 dmin0=-14.7125 dmax0=30.2875
INFO  [mc_indi_tiltrotor] T2dbg1 G2=[-0.000 -0.550 0.060 0.000 -1.000] G5=[-0.805 -0.938 -0.000 13.409 0.000]
INFO  [mc_indi_tiltrotor] T2dbg2 Wu25=[1.0 1000000.0] du25=[-0.0024 -0.0000] dmax25=[31.5912 0.0018] nu_yaw=-0.023
INFO  [mc_indi_tiltrotor] WRdbg0 Wu0=1 lo0=-14.71 du0=0.0005 pin0=-0.009 a0=[-0.006 0.008 0.000 -0.000 0.008]
INFO  [mc_indi_tiltrotor] WRdbg1 Wu1=1 lo1=-14.84 du1=0.0171 pin1=-0.005 a1=[0.006 0.008 0.000 -0.000 0.008]
INFO  [mc_indi_tiltrotor] YWdbg nu2=-0.069 ach2=-0.001 r=0.02 wsp2=-0.07 ddelta=[0.0120 0.0076 0.0019]
INFO  [mc_indi_tiltrotor] T0dbg1 G0=[-0.355 0.239 -0.019 0.222 -0.975] nu_des=[0.00 0.28 -0.10 -4.31 0.12]
INFO  [mc_indi_tiltrotor] T0dbg2 Ws34=[0.1 20.0] Wu0=1.0 du0=0.1062 dmin0=-14.8516 dmax0=30.1484
INFO  [mc_indi_tiltrotor] T2dbg1 G2=[-0.000 -0.550 0.060 0.001 -1.000] G5=[-0.838 -0.968 -0.001 13.973 0.019]
INFO  [mc_indi_tiltrotor] T2dbg2 Wu25=[1.0 1000000.0] du25=[-0.3643 -0.0014] dmax25=[31.0273 0.0004] nu_yaw=-0.098
INFO  [mc_indi_tiltrotor] WRdbg0 Wu0=1 lo0=-14.85 du0=0.1062 pin0=-0.026 a0=[-0.002 0.176 0.000 -0.000 -0.042]
INFO  [mc_indi_tiltrotor] WRdbg1 Wu1=1 lo1=-14.95 du1=0.1160 pin1=-0.020 a1=[0.002 0.176 0.000 -0.000 -0.042]
INFO  [mc_indi_tiltrotor] T0dbg1 G0=[-0.355 0.239 -0.018 0.218 -0.976] nu_des=[0.01 -0.01 -0.07 -4.27 -0.05]
INFO  [mc_indi_tiltrotor] T0dbg2 Ws34=[0.1 20.0] Wu0=1.0 du0=0.0009 dmin0=-15.2636 dmax0=29.7364
INFO  [mc_indi_tiltrotor] T2dbg1 G2=[-0.000 -0.550 0.060 0.001 -1.000] G5=[-0.831 -0.965 -0.001 13.858 0.009]
INFO  [mc_indi_tiltrotor] T2dbg2 Wu25=[1.0 1000000.0] du25=[0.0293 -0.0007] dmax25=[31.1420 0.0011] nu_yaw=-0.067
INFO  [mc_indi_tiltrotor] WRdbg0 Wu0=1 lo0=-15.26 du0=0.0009 pin0=-0.002 a0=[-0.010 -0.004 0.000 -0.000 0.018]
INFO  [mc_indi_tiltrotor] WRdbg1 Wu1=1 lo1=-15.40 du1=0.0251 pin1=0.001 a1=[0.010 -0.004 0.000 -0.000 0.018]
INFO  [mc_indi_tiltrotor] YWdbg nu2=0.012 ach2=0.011 r=-0.01 wsp2=-0.08 ddelta=[0.0010 0.0028 -0.0006]
INFO  [mc_indi_tiltrotor] back-transition: state 2 -> 3 (v_h=3.0, v_fwd=+3.0 m/s, ceil=20.0 deg)
INFO  [mc_indi_tiltrotor] pos_hold: holding x=10.01 y=710.93
INFO  [mc_indi_tiltrotor] T0dbg1 G0=[-0.355 0.240 -0.016 0.213 -0.977] nu_des=[-0.01 -0.03 0.04 -1.38 0.15]
INFO  [mc_indi_tiltrotor] T0dbg2 Ws34=[0.1 20.0] Wu0=1.0 du0=-0.0495 dmin0=-15.6994 dmax0=29.3006
INFO  [mc_indi_tiltrotor] T2dbg1 G2=[-0.000 -0.550 0.060 0.001 -1.000] G5=[-0.829 -0.956 -0.001 13.816 0.020]
INFO  [mc_indi_tiltrotor] T2dbg2 Wu25=[1.0 1000000.0] du25=[-0.0158 0.0002] dmax25=[31.1843 0.0038] nu_yaw=0.043
INFO  [mc_indi_tiltrotor] WRdbg0 Wu0=1 lo0=-15.70 du0=-0.0495 pin0=0.007 a0=[0.014 -0.019 -0.000 -0.000 -0.051]
INFO  [mc_indi_tiltrotor] WRdbg1 Wu1=1 lo1=-15.90 du1=-0.0838 pin1=0.000 a1=[-0.014 -0.019 -0.000 -0.000 -0.051]
INFO  [mc_indi_tiltrotor] T0dbg1 G0=[-0.355 0.240 -0.016 0.213 -0.977] nu_des=[0.01 -0.06 -0.00 -1.43 0.11]
INFO  [mc_indi_tiltrotor] T0dbg2 Ws34=[0.1 20.0] Wu0=1.0 du0=-0.0275 dmin0=-15.6597 dmax0=29.3403
INFO  [mc_indi_tiltrotor] T2dbg1 G2=[-0.000 -0.550 0.060 0.002 -1.000] G5=[-0.848 -0.971 -0.002 14.140 0.033]
INFO  [mc_indi_tiltrotor] T2dbg2 Wu25=[1.0 9.0] du25=[-0.0073 -0.0003] dmax25=[30.8603 0.0020] nu_yaw=-0.004
INFO  [mc_indi_tiltrotor] WRdbg0 Wu0=1 lo0=-15.66 du0=-0.0275 pin0=0.056 a0=[-0.008 -0.037 -0.000 0.000 -0.039]
INFO  [mc_indi_tiltrotor] WRdbg1 Wu1=1 lo1=-15.80 du1=-0.0362 pin1=0.030 a1=[0.007 -0.033 0.000 -0.001 -0.039]
INFO  [mc_indi_tiltrotor] YWdbg nu2=-0.001 ach2=-0.020 r=-0.04 wsp2=-0.02 ddelta=[-0.0120 -0.0120 -0.0022]
INFO  [mc_indi_tiltrotor] T0dbg1 G0=[-0.355 0.244 -0.009 0.193 -0.981] nu_des=[-0.01 0.02 0.01 -0.99 -0.06]
INFO  [mc_indi_tiltrotor] T0dbg2 Ws34=[0.1 20.0] Wu0=1.0 du0=-0.0125 dmin0=-16.4622 dmax0=28.5378
INFO  [mc_indi_tiltrotor] T2dbg1 G2=[-0.000 -0.550 0.060 0.002 -1.000] G5=[-0.899 -1.036 -0.001 14.984 0.023]
INFO  [mc_indi_tiltrotor] T2dbg2 Wu25=[1.0 9.0] du25=[0.0350 0.0001] dmax25=[30.0159 0.0008] nu_yaw=0.006
INFO  [mc_indi_tiltrotor] WRdbg0 Wu0=1 lo0=-16.46 du0=-0.0125 pin0=-0.057 a0=[0.007 0.016 0.000 0.000 0.021]
INFO  [mc_indi_tiltrotor] WRdbg1 Wu1=1 lo1=-16.70 du1=-0.0010 pin1=-0.028 a1=[-0.007 0.014 -0.000 -0.001 0.021]
INFO  [mc_indi_tiltrotor] T0dbg1 G0=[-0.355 0.247 -0.000 0.170 -0.985] nu_des=[-0.00 0.18 -0.01 -0.33 -0.07]
INFO  [mc_indi_tiltrotor] T0dbg2 Ws34=[0.1 20.0] Wu0=1.0 du0=0.0791 dmin0=-17.1977 dmax0=27.8023
INFO  [mc_indi_tiltrotor] T2dbg1 G2=[-0.000 -0.550 0.060 0.002 -1.000] G5=[-0.967 -1.114 -0.001 16.110 0.025]
INFO  [mc_indi_tiltrotor] T2dbg2 Wu25=[1.0 1000000.0] du25=[-0.1414 -0.0015] dmax25=[28.8895 0.0002] nu_yaw=-0.012
INFO  [mc_indi_tiltrotor] WRdbg0 Wu0=1 lo0=-17.20 du0=0.0791 pin0=-0.063 a0=[0.007 0.111 -0.000 -0.000 0.024]
INFO  [mc_indi_tiltrotor] WRdbg1 Wu1=1 lo1=-17.47 du1=0.0948 pin1=-0.035 a1=[-0.007 0.113 0.000 -0.000 0.024]
INFO  [mc_indi_tiltrotor] YWdbg nu2=-0.038 ach2=-0.038 r=0.03 wsp2=0.01 ddelta=[0.0013 -0.0048 0.0002]
INFO  [mc_indi_tiltrotor] T0dbg1 G0=[-0.355 0.247 -0.000 0.170 -0.985] nu_des=[0.01 -0.01 0.02 -0.30 0.17]
INFO  [mc_indi_tiltrotor] T0dbg2 Ws34=[0.1 20.0] Wu0=1.0 du0=-0.0789 dmin0=-18.1191 dmax0=26.8809
INFO  [mc_indi_tiltrotor] T2dbg1 G2=[-0.000 -0.550 0.060 0.003 -1.000] G5=[-1.010 -1.154 -0.003 16.831 0.045]
INFO  [mc_indi_tiltrotor] T2dbg2 Wu25=[1.0 9.0] du25=[-0.0409 -0.0001] dmax25=[28.1691 0.0000] nu_yaw=0.025
INFO  [mc_indi_tiltrotor] WRdbg0 Wu0=1 lo0=-18.12 du0=-0.0789 pin0=-0.007 a0=[-0.009 -0.004 0.000 0.000 -0.059]
INFO  [mc_indi_tiltrotor] WRdbg1 Wu1=1 lo1=-18.34 du1=-0.0611 pin1=-0.006 a1=[0.009 -0.004 -0.001 -0.000 -0.059]
INFO  [mc_indi_tiltrotor] T0dbg1 G0=[-0.355 0.245 -0.005 0.182 -0.983] nu_des=[0.00 -0.18 0.00 -0.83 0.25]
INFO  [mc_indi_tiltrotor] T0dbg2 Ws34=[0.1 20.0] Wu0=1.0 du0=-0.1878 dmin0=-18.0535 dmax0=26.9465
INFO  [mc_indi_tiltrotor] T2dbg1 G2=[-0.000 -0.550 0.060 0.004 -1.000] G5=[-1.021 -1.154 -0.004 17.010 0.067]
INFO  [mc_indi_tiltrotor] T2dbg2 Wu25=[1.0 9.0] du25=[0.1166 0.0048] dmax25=[27.9900 0.0050] nu_yaw=0.002
INFO  [mc_indi_tiltrotor] WRdbg0 Wu0=1 lo0=-18.05 du0=-0.1878 pin0=0.018 a0=[-0.005 -0.114 0.000 0.000 -0.086]
INFO  [mc_indi_tiltrotor] WRdbg1 Wu1=1 lo1=-18.22 du1=-0.1748 pin1=0.007 a1=[0.005 -0.099 -0.000 -0.001 -0.087]
INFO  [mc_indi_tiltrotor] YWdbg nu2=-0.016 ach2=-0.016 r=0.00 wsp2=-0.02 ddelta=[-0.0042 -0.0068 -0.0003]
INFO  [mc_indi_tiltrotor] T0dbg1 G0=[-0.355 0.246 -0.003 0.177 -0.984] nu_des=[-0.02 -0.38 0.04 -0.48 0.12]
INFO  [mc_indi_tiltrotor] T0dbg2 Ws34=[0.1 20.0] Wu0=1.0 du0=-0.2877 dmin0=-17.4859 dmax0=27.5141
INFO  [mc_indi_tiltrotor] T2dbg1 G2=[-0.000 -0.550 0.060 0.002 -1.000] G5=[-0.982 -1.126 -0.002 16.374 0.038]
INFO  [mc_indi_tiltrotor] T2dbg2 Wu25=[1.0 1000000.0] du25=[0.4592 0.0039] dmax25=[28.6256 0.0039] nu_yaw=0.043
INFO  [mc_indi_tiltrotor] WRdbg0 Wu0=1 lo0=-17.49 du0=-0.2877 pin0=-0.034 a0=[0.025 -0.238 0.000 -0.000 -0.040]
INFO  [mc_indi_tiltrotor] WRdbg1 Wu1=1 lo1=-17.70 du1=-0.3152 pin1=-0.010 a1=[-0.024 -0.241 -0.000 -0.000 -0.041]
INFO  [mc_indi_tiltrotor] T0dbg1 G0=[-0.355 0.250 0.005 0.154 -0.988] nu_des=[0.01 0.14 -0.07 0.09 0.08]
INFO  [mc_indi_tiltrotor] T0dbg2 Ws34=[0.1 20.0] Wu0=1.0 du0=0.0034 dmin0=-17.5654 dmax0=27.4346
INFO  [mc_indi_tiltrotor] T2dbg1 G2=[-0.000 -0.550 0.060 0.002 -1.000] G5=[-0.973 -1.120 -0.002 16.210 0.027]
INFO  [mc_indi_tiltrotor] T2dbg2 Wu25=[1.0 1000000.0] du25=[-0.1596 -0.0017] dmax25=[28.7903 0.0001] nu_yaw=-0.067
INFO  [mc_indi_tiltrotor] WRdbg0 Wu0=1 lo0=-17.57 du0=0.0034 pin0=-0.038 a0=[-0.017 0.087 -0.000 0.000 -0.028]
INFO  [mc_indi_tiltrotor] WRdbg1 Wu1=1 lo1=-17.86 du1=0.0412 pin1=-0.035 a1=[0.017 0.088 0.000 0.000 -0.028]
INFO  [mc_indi_tiltrotor] YWdbg nu2=0.010 ach2=0.004 r=0.01 wsp2=-0.01 ddelta=[0.0005 0.0013 -0.0008]
INFO  [mc_indi_tiltrotor] T0dbg1 G0=[-0.355 0.249 0.003 0.162 -0.987] nu_des=[0.01 -0.01 0.01 -0.32 0.04]
INFO  [mc_indi_tiltrotor] T0dbg2 Ws34=[0.1 20.0] Wu0=1.0 du0=-0.0046 dmin0=-18.0781 dmax0=26.9219
INFO  [mc_indi_tiltrotor] T2dbg1 G2=[-0.000 -0.550 0.060 0.003 -1.000] G5=[-0.997 -1.138 -0.003 16.612 0.045]
INFO  [mc_indi_tiltrotor] T2dbg2 Wu25=[1.0 9.0] du25=[-0.0201 -0.0009] dmax25=[28.3881 0.0022] nu_yaw=0.015
INFO  [mc_indi_tiltrotor] WRdbg0 Wu0=1 lo0=-18.08 du0=-0.0046 pin0=0.024 a0=[-0.010 -0.006 0.000 0.000 -0.012]
INFO  [mc_indi_tiltrotor] WRdbg1 Wu1=1 lo1=-18.31 du1=0.0009 pin1=0.010 a1=[0.009 -0.005 -0.001 -0.000 -0.013]
INFO  [mc_indi_tiltrotor] T0dbg1 G0=[-0.355 0.244 -0.007 0.188 -0.982] nu_des=[-0.01 -0.01 -0.06 -1.10 0.20]
INFO  [mc_indi_tiltrotor] T0dbg2 Ws34=[0.1 20.0] Wu0=1.0 du0=-0.0614 dmin0=-17.4382 dmax0=27.5618
INFO  [mc_indi_tiltrotor] T2dbg1 G2=[-0.000 -0.550 0.060 0.005 -1.000] G5=[-0.992 -1.113 -0.005 16.539 0.082]
INFO  [mc_indi_tiltrotor] T2dbg2 Wu25=[1.0 9.0] du25=[-0.0582 0.0000] dmax25=[28.4605 0.0002] nu_yaw=-0.064
INFO  [mc_indi_tiltrotor] WRdbg0 Wu0=1 lo0=-17.44 du0=-0.0614 pin0=0.004 a0=[0.009 -0.004 -0.001 0.000 -0.070]
INFO  [mc_indi_tiltrotor] WRdbg1 Wu1=1 lo1=-17.59 du1=-0.0722 pin1=0.009 a1=[-0.008 -0.004 0.002 -0.001 -0.070]
INFO  [mc_indi_tiltrotor] YWdbg nu2=-0.057 ach2=-0.051 r=0.06 wsp2=-0.05 ddelta=[0.0120 0.0030 0.0000]
INFO  [mc_indi_tiltrotor] T0dbg1 G0=[-0.355 0.241 -0.015 0.211 -0.977] nu_des=[-0.01 0.23 -0.02 -1.57 0.05]
INFO  [mc_indi_tiltrotor] T0dbg2 Ws34=[0.1 20.0] Wu0=1.0 du0=0.0704 dmin0=-17.2983 dmax0=27.7017
INFO  [mc_indi_tiltrotor] T2dbg1 G2=[-0.000 -0.550 0.060 0.004 -1.000] G5=[-0.991 -1.118 -0.004 16.514 0.068]
INFO  [mc_indi_tiltrotor] T2dbg2 Wu25=[1.0 1000000.0] du25=[-0.2390 -0.0041] dmax25=[28.4854 -0.0025] nu_yaw=-0.016
INFO  [mc_indi_tiltrotor] WRdbg0 Wu0=1 lo0=-17.30 du0=0.0704 pin0=-0.071 a0=[0.014 0.144 0.000 -0.000 -0.017]
INFO  [mc_indi_tiltrotor] WRdbg1 Wu1=1 lo1=-17.42 du1=0.0672 pin1=-0.047 a1=[-0.014 0.145 0.000 -0.000 -0.017]
INFO  [mc_indi_tiltrotor] T0dbg1 G0=[-0.355 0.245 -0.006 0.187 -0.982] nu_des=[-0.01 0.29 0.01 -0.67 0.10]
INFO  [mc_indi_tiltrotor] T0dbg2 Ws34=[0.1 20.0] Wu0=1.0 du0=0.0853 dmin0=-17.3672 dmax0=27.6328
INFO  [mc_indi_tiltrotor] T2dbg1 G2=[-0.000 -0.550 0.060 0.002 -1.000] G5=[-0.992 -1.138 -0.002 16.526 0.035]
INFO  [mc_indi_tiltrotor] T2dbg2 Wu25=[1.0 1000000.0] du25=[-0.3262 -0.0021] dmax25=[28.4742 -0.0003] nu_yaw=0.011
INFO  [mc_indi_tiltrotor] WRdbg0 Wu0=1 lo0=-17.37 du0=0.0853 pin0=-0.067 a0=[0.010 0.177 -0.000 -0.000 -0.035]
INFO  [mc_indi_tiltrotor] WRdbg1 Wu1=1 lo1=-17.58 du1=0.0962 pin1=-0.037 a1=[-0.010 0.179 -0.000 -0.000 -0.036]
INFO  [mc_indi_tiltrotor] YWdbg nu2=0.049 ach2=0.054 r=-0.07 wsp2=-0.07 ddelta=[-0.0066 -0.0005 0.0040]
INFO  [mc_indi_tiltrotor] T0dbg1 G0=[-0.355 0.249 0.003 0.162 -0.987] nu_des=[-0.00 0.07 0.01 0.02 0.01]
INFO  [mc_indi_tiltrotor] T0dbg2 Ws34=[0.1 20.0] Wu0=1.0 du0=0.0072 dmin0=-17.1709 dmax0=27.8291
INFO  [mc_indi_tiltrotor] T2dbg1 G2=[-0.000 -0.550 0.060 0.002 -1.000] G5=[-0.965 -1.112 -0.002 16.085 0.025]
INFO  [mc_indi_tiltrotor] T2dbg2 Wu25=[1.0 9.0] du25=[-0.0542 -0.0004] dmax25=[28.9151 0.0007] nu_yaw=0.014
INFO  [mc_indi_tiltrotor] WRdbg0 Wu0=1 lo0=-17.17 du0=0.0072 pin0=-0.037 a0=[0.005 0.043 0.000 -0.000 -0.005]
INFO  [mc_indi_tiltrotor] WRdbg1 Wu1=1 lo1=-17.57 du1=0.0053 pin1=-0.023 a1=[-0.005 0.038 -0.001 0.000 -0.005]
INFO  [mc_indi_tiltrotor] T0dbg1 G0=[-0.355 0.250 0.005 0.155 -0.988] nu_des=[0.00 -0.16 0.01 -0.06 0.14]
INFO  [mc_indi_tiltrotor] T0dbg2 Ws34=[0.1 20.0] Wu0=1.0 du0=-0.0844 dmin0=-17.3070 dmax0=27.6930
INFO  [mc_indi_tiltrotor] T2dbg1 G2=[-0.000 -0.550 0.060 0.002 -1.000] G5=[-0.986 -1.128 -0.002 16.437 0.041]
INFO  [mc_indi_tiltrotor] T2dbg2 Wu25=[1.0 1000000.0] du25=[0.0871 0.0031] dmax25=[28.5630 0.0067] nu_yaw=0.013
INFO  [mc_indi_tiltrotor] WRdbg0 Wu0=1 lo0=-17.31 du0=-0.0844 pin0=0.059 a0=[-0.001 -0.096 0.000 -0.000 -0.046]
INFO  [mc_indi_tiltrotor] WRdbg1 Wu1=1 lo1=-17.54 du1=-0.1053 pin1=0.038 a1=[0.001 -0.097 -0.000 -0.000 -0.047]
INFO  [mc_indi_tiltrotor] YWdbg nu2=-0.019 ach2=-0.021 r=-0.02 wsp2=0.03 ddelta=[0.0076 0.0034 0.0009]
INFO  [mc_indi_tiltrotor] T0dbg1 G0=[-0.355 0.246 -0.003 0.178 -0.984] nu_des=[0.01 -0.02 -0.03 -0.78 0.15]
INFO  [mc_indi_tiltrotor] T0dbg2 Ws34=[0.1 20.0] Wu0=1.0 du0=-0.0742 dmin0=-17.4603 dmax0=27.5397
INFO  [mc_indi_tiltrotor] T2dbg1 G2=[-0.000 -0.550 0.060 0.004 -1.000] G5=[-0.986 -1.114 -0.004 16.427 0.066]
INFO  [mc_indi_tiltrotor] T2dbg2 Wu25=[1.0 9.0] du25=[-0.0327 -0.0005] dmax25=[28.5726 0.0006] nu_yaw=-0.026
INFO  [mc_indi_tiltrotor] WRdbg0 Wu0=1 lo0=-17.46 du0=-0.0742 pin0=0.007 a0=[-0.018 -0.011 -0.000 0.000 -0.053]
INFO  [mc_indi_tiltrotor] WRdbg1 Wu1=1 lo1=-17.55 du1=-0.0394 pin1=0.007 a1=[0.016 -0.010 0.001 -0.001 -0.053]
INFO  [mc_indi_tiltrotor] T0dbg1 G0=[-0.355 0.242 -0.013 0.206 -0.979] nu_des=[0.00 -0.03 -0.05 -1.52 0.11]
INFO  [mc_indi_tiltrotor] T0dbg2 Ws34=[0.1 20.0] Wu0=1.0 du0=-0.0123 dmin0=-16.9725 dmax0=28.0275
INFO  [mc_indi_tiltrotor] T2dbg1 G2=[-0.000 -0.550 0.060 0.005 -1.000] G5=[-0.988 -1.106 -0.005 16.460 0.084]
INFO  [mc_indi_tiltrotor] T2dbg2 Wu25=[1.0 9.0] du25=[-0.0331 -0.0007] dmax25=[28.5396 0.0025] nu_yaw=-0.054
INFO  [mc_indi_tiltrotor] WRdbg0 Wu0=1 lo0=-16.97 du0=-0.0123 pin0=0.042 a0=[-0.001 -0.016 -0.001 0.001 -0.037]
INFO  [mc_indi_tiltrotor] WRdbg1 Wu1=1 lo1=-17.06 du1=-0.0250 pin1=0.025 a1=[0.001 -0.014 0.002 -0.001 -0.037]
INFO  [mc_indi_tiltrotor] YWdbg nu2=0.021 ach2=0.051 r=0.06 wsp2=-0.03 ddelta=[-0.0048 -0.0058 0.0037]
INFO  [mc_indi_tiltrotor] T0dbg1 G0=[-0.355 0.244 -0.009 0.194 -0.981] nu_des=[-0.01 0.20 0.00 -1.00 0.12]
INFO  [mc_indi_tiltrotor] T0dbg2 Ws34=[0.1 20.0] Wu0=1.0 du0=0.0301 dmin0=-17.3954 dmax0=27.6046
INFO  [mc_indi_tiltrotor] T2dbg1 G2=[-0.000 -0.550 0.060 0.002 -1.000] G5=[-0.987 -1.134 -0.002 16.443 0.031]
INFO  [mc_indi_tiltrotor] T2dbg2 Wu25=[1.0 1000000.0] du25=[-0.2316 -0.0019] dmax25=[28.5573 -0.0001] nu_yaw=0.004
INFO  [mc_indi_tiltrotor] WRdbg0 Wu0=1 lo0=-17.40 du0=0.0301 pin0=-0.069 a0=[0.013 0.127 -0.000 -0.000 -0.041]
INFO  [mc_indi_tiltrotor] WRdbg1 Wu1=1 lo1=-17.68 du1=0.0360 pin1=-0.039 a1=[-0.012 0.129 -0.000 -0.000 -0.041]
INFO  [mc_indi_tiltrotor] T0dbg1 G0=[-0.355 0.248 0.000 0.168 -0.986] nu_des=[-0.01 0.13 0.02 -0.11 -0.01]
INFO  [mc_indi_tiltrotor] T0dbg2 Ws34=[0.1 20.0] Wu0=1.0 du0=0.0569 dmin0=-17.0703 dmax0=27.9297
INFO  [mc_indi_tiltrotor] T2dbg1 G2=[-0.000 -0.550 0.060 0.002 -1.000] G5=[-0.965 -1.110 -0.002 16.086 0.029]
INFO  [mc_indi_tiltrotor] T2dbg2 Wu25=[1.0 1000000.0] du25=[-0.1193 -0.0018] dmax25=[28.9142 0.0009] nu_yaw=0.015
INFO  [mc_indi_tiltrotor] WRdbg0 Wu0=1 lo0=-17.07 du0=0.0569 pin0=-0.046 a0=[0.018 0.083 0.000 -0.000 0.002]
INFO  [mc_indi_tiltrotor] WRdbg1 Wu1=1 lo1=-17.29 du1=0.0344 pin1=-0.034 a1=[-0.017 0.084 -0.000 -0.000 0.002]
INFO  [mc_indi_tiltrotor] YWdbg nu2=-0.007 ach2=-0.007 r=-0.04 wsp2=-0.03 ddelta=[0.0006 -0.0005 -0.0001]
INFO  [mc_indi_tiltrotor] T0dbg1 G0=[-0.355 0.248 0.002 0.163 -0.987] nu_des=[0.00 -0.01 -0.00 -0.03 0.13]
INFO  [mc_indi_tiltrotor] T0dbg2 Ws34=[0.1 20.0] Wu0=1.0 du0=-0.0397 dmin0=-17.5098 dmax0=27.4902
INFO  [mc_indi_tiltrotor] T2dbg1 G2=[-0.000 -0.550 0.060 0.002 -1.000] G5=[-0.982 -1.131 -0.002 16.370 0.026]
INFO  [mc_indi_tiltrotor] T2dbg2 Wu25=[1.0 9.0] du25=[-0.0484 -0.0003] dmax25=[28.6299 0.0015] nu_yaw=-0.001
INFO  [mc_indi_tiltrotor] WRdbg0 Wu0=1 lo0=-17.51 du0=-0.0397 pin0=0.000 a0=[-0.005 0.001 -0.000 -0.000 -0.035]
INFO  [mc_indi_tiltrotor] WRdbg1 Wu1=1 lo1=-17.73 du1=-0.0357 pin1=0.000 a1=[0.007 -0.001 0.000 -0.000 -0.041]
INFO  [mc_indi_tiltrotor] T0dbg1 G0=[-0.355 0.245 -0.005 0.182 -0.983] nu_des=[0.01 0.06 0.01 -0.77 0.15]
INFO  [mc_indi_tiltrotor] T0dbg2 Ws34=[0.1 20.0] Wu0=1.0 du0=-0.0352 dmin0=-17.2486 dmax0=27.7514
INFO  [mc_indi_tiltrotor] T2dbg1 G2=[-0.000 -0.550 0.060 0.003 -1.000] G5=[-0.965 -1.098 -0.003 16.080 0.049]
INFO  [mc_indi_tiltrotor] T2dbg2 Wu25=[1.0 9.0] du25=[-0.1146 -0.0027] dmax25=[28.9201 -0.0014] nu_yaw=0.014
INFO  [mc_indi_tiltrotor] WRdbg0 Wu0=1 lo0=-17.25 du0=-0.0352 pin0=-0.011 a0=[-0.014 0.041 0.000 0.000 -0.052]
INFO  [mc_indi_tiltrotor] WRdbg1 Wu1=1 lo1=-17.44 du1=-0.0090 pin1=-0.005 a1=[0.013 0.036 -0.001 -0.001 -0.052]
INFO  [mc_indi_tiltrotor] YWdbg nu2=0.002 ach2=0.001 r=-0.03 wsp2=0.02 ddelta=[0.0118 0.0115 0.0000]
INFO  [mc_indi_tiltrotor] T0dbg1 G0=[-0.355 0.244 -0.008 0.192 -0.981] nu_des=[-0.01 0.03 -0.02 -1.14 0.06]
INFO  [mc_indi_tiltrotor] T0dbg2 Ws34=[0.1 20.0] Wu0=1.0 du0=-0.0157 dmin0=-17.3679 dmax0=27.6321
INFO  [mc_indi_tiltrotor] T2dbg1 G2=[-0.000 -0.550 0.060 0.003 -1.000] G5=[-0.996 -1.138 -0.003 16.599 0.044]
INFO  [mc_indi_tiltrotor] T2dbg2 Wu25=[1.0 9.0] du25=[-0.0344 -0.0005] dmax25=[28.4008 0.0012] nu_yaw=-0.018
INFO  [mc_indi_tiltrotor] WRdbg0 Wu0=1 lo0=-17.37 du0=-0.0157 pin0=0.000 a0=[0.009 -0.004 -0.000 -0.006 -0.015]
INFO  [mc_indi_tiltrotor] WRdbg1 Wu1=1 lo1=-17.59 du1=-0.0269 pin1=0.000 a1=[-0.013 0.006 0.003 -0.004 -0.019]
INFO  [mc_indi_tiltrotor] T0dbg1 G0=[-0.355 0.245 -0.006 0.186 -0.983] nu_des=[-0.00 0.12 -0.00 -0.75 0.05]
INFO  [mc_indi_tiltrotor] T0dbg2 Ws34=[0.1 20.0] Wu0=1.0 du0=-0.0017 dmin0=-17.1028 dmax0=27.8972
INFO  [mc_indi_tiltrotor] T2dbg1 G2=[-0.000 -0.550 0.060 0.002 -1.000] G5=[-0.992 -1.136 -0.002 16.535 0.039]
INFO  [mc_indi_tiltrotor] T2dbg2 Wu25=[1.0 1000000.0] du25=[-0.1016 -0.0024] dmax25=[28.4649 -0.0006] nu_yaw=-0.001
INFO  [mc_indi_tiltrotor] WRdbg0 Wu0=1 lo0=-17.10 du0=-0.0017 pin0=-0.063 a0=[0.005 0.072 0.000 -0.000 -0.016]
INFO  [mc_indi_tiltrotor] WRdbg1 Wu1=1 lo1=-17.25 du1=0.0144 pin1=-0.038 a1=[-0.005 0.073 0.000 -0.000 -0.016]
INFO  [mc_indi_tiltrotor] YWdbg nu2=0.021 ach2=0.007 r=0.01 wsp2=0.01 ddelta=[-0.0084 -0.0084 0.0012]
INFO  [mc_indi_tiltrotor] T0dbg1 G0=[-0.355 0.248 0.001 0.166 -0.986] nu_des=[-0.01 0.02 -0.00 -0.05 0.06]
INFO  [mc_indi_tiltrotor] T0dbg2 Ws34=[0.1 20.0] Wu0=1.0 du0=-0.0097 dmin0=-17.3323 dmax0=27.6677
INFO  [mc_indi_tiltrotor] T2dbg1 G2=[-0.000 -0.550 0.060 0.001 -1.000] G5=[-0.993 -1.145 -0.001 16.549 0.024]
INFO  [mc_indi_tiltrotor] T2dbg2 Wu25=[1.0 9.0] du25=[-0.0288 0.0000] dmax25=[28.4508 0.0018] nu_yaw=-0.004
INFO  [mc_indi_tiltrotor] WRdbg0 Wu0=1 lo0=-17.33 du0=-0.0097 pin0=0.000 a0=[0.007 -0.001 -0.000 -0.000 -0.015]
INFO  [mc_indi_tiltrotor] WRdbg1 Wu1=1 lo1=-17.52 du1=-0.0227 pin1=0.000 a1=[-0.009 0.004 0.001 -0.000 -0.018]
INFO  [mc_indi_tiltrotor] T0dbg1 G0=[-0.355 0.248 0.001 0.165 -0.986] nu_des=[0.01 0.02 0.01 0.05 0.03]
INFO  [mc_indi_tiltrotor] T0dbg2 Ws34=[0.1 20.0] Wu0=1.0 du0=-0.0142 dmin0=-17.0202 dmax0=27.9798
INFO  [mc_indi_tiltrotor] T2dbg1 G2=[-0.000 -0.550 0.060 0.000 -1.000] G5=[-0.959 -1.115 -0.000 15.982 0.007]
INFO  [mc_indi_tiltrotor] T2dbg2 Wu25=[1.0 1000000.0] du25=[-0.0226 -0.0004] dmax25=[29.0178 0.0015] nu_yaw=0.008
INFO  [mc_indi_tiltrotor] WRdbg0 Wu0=1 lo0=-17.02 du0=-0.0142 pin0=0.001 a0=[-0.006 -0.002 0.000 0.000 -0.007]
INFO  [mc_indi_tiltrotor] WRdbg1 Wu1=1 lo1=-17.28 du1=0.0027 pin1=-0.001 a1=[0.008 0.005 -0.002 0.000 -0.008]
INFO  [mc_indi_tiltrotor] YWdbg nu2=0.013 ach2=0.012 r=-0.00 wsp2=-0.00 ddelta=[-0.0005 0.0015 -0.0000]
INFO  [mc_indi_tiltrotor] T0dbg1 G0=[-0.355 0.249 0.003 0.160 -0.987] nu_des=[-0.01 -0.57 -0.02 -0.05 0.25]
INFO  [mc_indi_tiltrotor] T0dbg2 Ws34=[0.1 20.0] Wu0=1.0 du0=-0.4241 dmin0=-17.7505 dmax0=27.2495
INFO  [mc_indi_tiltrotor] T2dbg1 G2=[-0.000 -0.550 0.060 0.001 -1.000] G5=[-0.994 -1.153 -0.001 16.563 0.012]
INFO  [mc_indi_tiltrotor] T2dbg2 Wu25=[1.0 1000000.0] du25=[0.6157 0.0067] dmax25=[28.4369 0.0067] nu_yaw=-0.024
INFO  [mc_indi_tiltrotor] WRdbg0 Wu0=1 lo0=-17.75 du0=-0.4241 pin0=-0.012 a0=[0.022 -0.349 -0.000 -0.000 -0.085]
INFO  [mc_indi_tiltrotor] WRdbg1 Wu1=1 lo1=-18.06 du1=-0.4600 pin1=0.001 a1=[-0.021 -0.354 0.000 -0.000 -0.086]
INFO  [mc_indi_tiltrotor] T0dbg1 G0=[-0.355 0.246 -0.004 0.180 -0.984] nu_des=[0.01 0.10 -0.02 -0.63 0.19]
INFO  [mc_indi_tiltrotor] T0dbg2 Ws34=[0.1 20.0] Wu0=1.0 du0=-0.0155 dmin0=-17.0839 dmax0=27.9161
INFO  [mc_indi_tiltrotor] T2dbg1 G2=[-0.000 -0.550 0.060 0.004 -1.000] G5=[-0.967 -1.097 -0.003 16.119 0.058]
INFO  [mc_indi_tiltrotor] T2dbg2 Wu25=[1.0 9.0] du25=[-0.1723 -0.0032] dmax25=[28.8805 -0.0019] nu_yaw=-0.017
INFO  [mc_indi_tiltrotor] WRdbg0 Wu0=1 lo0=-17.08 du0=-0.0155 pin0=-0.008 a0=[-0.008 0.064 -0.000 0.000 -0.064]
INFO  [mc_indi_tiltrotor] WRdbg1 Wu1=1 lo1=-17.22 du1=-0.0016 pin1=-0.002 a1=[0.008 0.057 0.001 -0.001 -0.064]
INFO  [mc_indi_tiltrotor] YWdbg nu2=-0.017 ach2=-0.017 r=0.02 wsp2=-0.01 ddelta=[0.0103 0.0071 0.0000]
INFO  [mc_indi_tiltrotor] T0dbg1 G0=[-0.355 0.243 -0.009 0.194 -0.981] nu_des=[-0.01 0.32 -0.01 -1.13 -0.59]
INFO  [mc_indi_tiltrotor] T0dbg2 Ws34=[0.1 20.0] Wu0=1.0 du0=0.3440 dmin0=-17.5771 dmax0=27.4229
INFO  [mc_indi_tiltrotor] T2dbg1 G2=[-0.000 -0.550 0.060 0.003 -1.000] G5=[-0.984 -1.119 -0.003 16.407 0.053]
INFO  [mc_indi_tiltrotor] T2dbg2 Wu25=[1.0 1000000.0] du25=[-0.1391 -0.0033] dmax25=[28.5931 -0.0015] nu_yaw=-0.009
INFO  [mc_indi_tiltrotor] WRdbg0 Wu0=1 lo0=-17.58 du0=0.3440 pin0=-0.069 a0=[0.013 0.197 0.000 -0.000 0.203]
INFO  [mc_indi_tiltrotor] WRdbg1 Wu1=1 lo1=-17.76 du1=0.3486 pin1=-0.043 a1=[-0.012 0.198 0.000 -0.000 0.205]
INFO  [mc_indi_tiltrotor] T0dbg1 G0=[-0.355 0.245 -0.006 0.186 -0.983] nu_des=[0.01 -0.00 0.01 -0.73 0.05]
INFO  [mc_indi_tiltrotor] T0dbg2 Ws34=[0.1 20.0] Wu0=1.0 du0=-0.0207 dmin0=-17.0329 dmax0=27.9671
INFO  [mc_indi_tiltrotor] T2dbg1 G2=[-0.000 -0.550 0.060 0.002 -1.000] G5=[-0.974 -1.122 -0.002 16.239 0.027]
INFO  [mc_indi_tiltrotor] T2dbg2 Wu25=[1.0 9.0] du25=[-0.0148 -0.0005] dmax25=[28.7614 0.0013] nu_yaw=0.009
INFO  [mc_indi_tiltrotor] WRdbg0 Wu0=1 lo0=-17.03 du0=-0.0207 pin0=0.000 a0=[-0.006 0.000 0.000 -0.004 -0.011]
INFO  [mc_indi_tiltrotor] WRdbg1 Wu1=1 lo1=-17.23 du1=-0.0106 pin1=0.000 a1=[0.008 -0.000 -0.002 -0.003 -0.014]
INFO  [mc_indi_tiltrotor] YWdbg nu2=0.009 ach2=0.009 r=-0.02 wsp2=-0.02 ddelta=[-0.0048 -0.0034 -0.0003]
INFO  [mc_indi_tiltrotor] T0dbg1 G0=[-0.355 0.248 0.001 0.165 -0.986] nu_des=[-0.01 0.13 -0.00 -0.07 -0.01]
INFO  [mc_indi_tiltrotor] T0dbg2 Ws34=[0.1 20.0] Wu0=1.0 du0=0.0394 dmin0=-16.9752 dmax0=28.0248
INFO  [mc_indi_tiltrotor] T2dbg1 G2=[-0.000 -0.550 0.060 0.001 -1.000] G5=[-0.964 -1.113 -0.001 16.066 0.022]
INFO  [mc_indi_tiltrotor] T2dbg2 Wu25=[1.0 1000000.0] du25=[-0.1048 -0.0014] dmax25=[28.9338 0.0006] nu_yaw=-0.002
INFO  [mc_indi_tiltrotor] WRdbg0 Wu0=1 lo0=-16.98 du0=0.0394 pin0=-0.050 a0=[0.007 0.078 -0.000 -0.000 0.004]
INFO  [mc_indi_tiltrotor] WRdbg1 Wu1=1 lo1=-17.25 du1=0.0423 pin1=-0.033 a1=[-0.007 0.079 0.000 -0.000 0.004]
INFO  [mc_indi_tiltrotor] T0dbg1 G0=[-0.355 0.246 -0.002 0.176 -0.984] nu_des=[0.00 -0.02 0.01 -0.45 0.02]
INFO  [mc_indi_tiltrotor] T0dbg2 Ws34=[0.1 20.0] Wu0=1.0 du0=-0.0121 dmin0=-17.0103 dmax0=27.9897
INFO  [mc_indi_tiltrotor] T2dbg1 G2=[-0.000 -0.550 0.060 0.002 -1.000] G5=[-0.972 -1.114 -0.002 16.192 0.036]
INFO  [mc_indi_tiltrotor] T2dbg2 Wu25=[1.0 9.0] du25=[0.0002 -0.0002] dmax25=[28.8075 0.0018] nu_yaw=0.013
INFO  [mc_indi_tiltrotor] WRdbg0 Wu0=1 lo0=-17.01 du0=-0.0121 pin0=0.000 a0=[-0.005 0.001 0.000 -0.002 -0.006]
INFO  [mc_indi_tiltrotor] WRdbg1 Wu1=1 lo1=-17.29 du1=-0.0081 pin1=0.000 a1=[0.007 -0.003 -0.002 -0.002 -0.008]
INFO  [mc_indi_tiltrotor] YWdbg nu2=-0.004 ach2=-0.004 r=-0.01 wsp2=0.00 ddelta=[-0.0038 -0.0043 -0.0006]
INFO  [mc_indi_tiltrotor] T0dbg1 G0=[-0.355 0.247 -0.001 0.173 -0.985] nu_des=[-0.00 -0.02 -0.01 -0.34 0.02]
INFO  [mc_indi_tiltrotor] T0dbg2 Ws34=[0.1 20.0] Wu0=1.0 du0=-0.0033 dmin0=-17.0560 dmax0=27.9440
INFO  [mc_indi_tiltrotor] T2dbg1 G2=[-0.000 -0.550 0.060 0.002 -1.000] G5=[-0.971 -1.114 -0.002 16.186 0.034]
INFO  [mc_indi_tiltrotor] T2dbg2 Wu25=[1.0 9.0] du25=[0.0061 0.0002] dmax25=[28.8138 0.0023] nu_yaw=-0.009
INFO  [mc_indi_tiltrotor] WRdbg0 Wu0=1 lo0=-17.06 du0=-0.0033 pin0=0.000 a0=[0.002 0.002 -0.000 -0.002 -0.006]
INFO  [mc_indi_tiltrotor] WRdbg1 Wu1=1 lo1=-17.17 du1=-0.0139 pin1=0.000 a1=[-0.003 -0.005 0.002 -0.001 -0.007]
INFO  [mc_indi_tiltrotor] T0dbg1 G0=[-0.355 0.245 -0.005 0.182 -0.983] nu_des=[0.00 0.04 0.01 -0.61 0.16]
INFO  [mc_indi_tiltrotor] T0dbg2 Ws34=[0.1 20.0] Wu0=1.0 du0=-0.0461 dmin0=-17.1788 dmax0=27.8212
INFO  [mc_indi_tiltrotor] T2dbg1 G2=[-0.000 -0.550 0.060 0.002 -1.000] G5=[-0.973 -1.115 -0.002 16.216 0.036]
INFO  [mc_indi_tiltrotor] T2dbg2 Wu25=[1.0 9.0] du25=[-0.0884 -0.0015] dmax25=[28.7842 -0.0005] nu_yaw=0.005
INFO  [mc_indi_tiltrotor] WRdbg0 Wu0=1 lo0=-17.18 du0=-0.0461 pin0=-0.013 a0=[-0.007 0.027 0.000 0.000 -0.053]
INFO  [mc_indi_tiltrotor] WRdbg1 Wu1=1 lo1=-17.28 du1=-0.0299 pin1=-0.006 a1=[0.006 0.024 -0.000 -0.001 -0.053]
INFO  [mc_indi_tiltrotor] YWdbg nu2=-0.003 ach2=0.019 r=-0.00 wsp2=-0.00 ddelta=[0.0120 0.0120 0.0057]
INFO  [mc_indi_tiltrotor] T0dbg1 G0=[-0.355 0.243 -0.009 0.195 -0.981] nu_des=[-0.01 0.04 0.01 -1.09 -0.03]
INFO  [mc_indi_tiltrotor] T0dbg2 Ws34=[0.1 20.0] Wu0=1.0 du0=0.0095 dmin0=-16.9327 dmax0=28.0673
INFO  [mc_indi_tiltrotor] T2dbg1 G2=[-0.000 -0.550 0.060 0.002 -1.000] G5=[-0.968 -1.109 -0.002 16.134 0.038]
INFO  [mc_indi_tiltrotor] T2dbg2 Wu25=[1.0 9.0] du25=[-0.0047 -0.0003] dmax25=[28.8655 0.0015] nu_yaw=0.005
INFO  [mc_indi_tiltrotor] WRdbg0 Wu0=1 lo0=-16.93 du0=0.0095 pin0=0.000 a0=[0.013 -0.005 0.000 -0.006 0.007]
INFO  [mc_indi_tiltrotor] WRdbg1 Wu1=1 lo1=-17.21 du1=-0.0055 pin1=0.000 a1=[-0.017 0.008 -0.001 -0.004 0.009]
INFO  [mc_indi_tiltrotor] T0dbg1 G0=[-0.355 0.243 -0.010 0.195 -0.981] nu_des=[0.01 -0.04 0.01 -1.26 0.12]
INFO  [mc_indi_tiltrotor] T0dbg2 Ws34=[0.1 20.0] Wu0=1.0 du0=-0.0402 dmin0=-17.2316 dmax0=27.7684
INFO  [mc_indi_tiltrotor] T2dbg1 G2=[-0.000 -0.550 0.060 0.003 -1.000] G5=[-0.970 -1.103 -0.003 16.174 0.054]
INFO  [mc_indi_tiltrotor] T2dbg2 Wu25=[1.0 9.0] du25=[-0.0166 -0.0004] dmax25=[28.8257 0.0019] nu_yaw=0.010
INFO  [mc_indi_tiltrotor] WRdbg0 Wu0=1 lo0=-17.23 du0=-0.0402 pin0=0.041 a0=[-0.011 -0.029 0.000 0.000 -0.042]
INFO  [mc_indi_tiltrotor] WRdbg1 Wu1=1 lo1=-17.46 du1=-0.0387 pin1=0.019 a1=[0.011 -0.025 -0.000 -0.001 -0.042]
INFO  [mc_indi_tiltrotor] YWdbg nu2=0.003 ach2=0.002 r=-0.00 wsp2=0.02 ddelta=[-0.0011 -0.0008 -0.0004]
INFO  [mc_indi_tiltrotor] T0dbg1 G0=[-0.355 0.245 -0.005 0.183 -0.983] nu_des=[-0.00 0.01 -0.01 -0.75 0.05]
INFO  [mc_indi_tiltrotor] T0dbg2 Ws34=[0.1 20.0] Wu0=1.0 du0=-0.0120 dmin0=-17.0419 dmax0=27.9581
INFO  [mc_indi_tiltrotor] T2dbg1 G2=[-0.000 -0.550 0.060 0.002 -1.000] G5=[-0.955 -1.096 -0.002 15.925 0.034]
INFO  [mc_indi_tiltrotor] T2dbg2 Wu25=[1.0 9.0] du25=[-0.0211 -0.0003] dmax25=[29.0750 0.0015] nu_yaw=-0.010
INFO  [mc_indi_tiltrotor] WRdbg0 Wu0=1 lo0=-17.04 du0=-0.0120 pin0=0.000 a0=[0.005 -0.001 -0.000 -0.004 -0.012]
INFO  [mc_indi_tiltrotor] WRdbg1 Wu1=1 lo1=-17.15 du1=-0.0193 pin1=0.000 a1=[-0.007 0.003 0.002 -0.003 -0.014]
INFO  [mc_indi_tiltrotor] back-transition: state 3 -> 0 (v_h=0.1, v_fwd=+0.1 m/s, ceil=90.0 deg)
INFO  [mc_indi_tiltrotor] T0dbg1 G0=[-0.355 0.247 -0.002 0.175 -0.985] nu_des=[0.00 -0.17 0.02 -0.38 0.24]
INFO  [mc_indi_tiltrotor] T0dbg2 Ws34=[0.1 20.0] Wu0=1.0 du0=-0.1846 dmin0=-17.0778 dmax0=27.9222
INFO  [mc_indi_tiltrotor] T2dbg1 G2=[-0.000 -0.550 0.060 0.002 -1.000] G5=[-0.990 -1.137 -0.002 16.494 0.032]
INFO  [mc_indi_tiltrotor] T2dbg2 Wu25=[1.0 1000000.0] du25=[0.1211 0.0028] dmax25=[28.5058 0.0064] nu_yaw=0.018
INFO  [mc_indi_tiltrotor] WRdbg0 Wu0=1 lo0=-17.08 du0=-0.1846 pin0=0.001 a0=[-0.001 -0.103 0.000 -0.000 -0.082]
INFO  [mc_indi_tiltrotor] WRdbg1 Wu1=1 lo1=-17.23 du1=-0.1780 pin1=0.007 a1=[0.001 -0.104 -0.000 -0.000 -0.083]
INFO  [mc_indi_tiltrotor] YWdbg nu2=-0.023 ach2=-0.020 r=0.01 wsp2=-0.01 ddelta=[0.0006 -0.0017 -0.0014]
INFO  [mc_indi_tiltrotor] T0dbg1 G0=[-0.355 0.246 -0.003 0.178 -0.984] nu_des=[0.01 -0.05 0.01 -0.40 0.05]
INFO  [mc_indi_tiltrotor] T0dbg2 Ws34=[0.1 20.0] Wu0=1.0 du0=-0.0386 dmin0=-16.9749 dmax0=28.0251
INFO  [mc_indi_tiltrotor] T2dbg1 G2=[-0.000 -0.550 0.060 0.002 -1.000] G5=[-0.967 -1.107 -0.002 16.111 0.037]
INFO  [mc_indi_tiltrotor] T2dbg2 Wu25=[1.0 9.0] du25=[0.0233 0.0004] dmax25=[28.8888 0.0023] nu_yaw=0.015
INFO  [mc_indi_tiltrotor] WRdbg0 Wu0=1 lo0=-16.97 du0=-0.0386 pin0=0.024 a0=[-0.016 -0.031 0.000 0.000 -0.016]
INFO  [mc_indi_tiltrotor] WRdbg1 Wu1=1 lo1=-17.18 du1=-0.0216 pin1=0.008 a1=[0.015 -0.027 -0.001 -0.000 -0.016]
INFO  [mc_indi_tiltrotor] T0dbg1 G0=[-0.355 0.248 0.001 0.167 -0.986] nu_des=[0.01 -0.01 -0.01 -0.08 0.01]
INFO  [mc_indi_tiltrotor] T0dbg2 Ws34=[0.1 20.0] Wu0=1.0 du0=-0.0126 dmin0=-17.0581 dmax0=27.9419
INFO  [mc_indi_tiltrotor] T2dbg1 G2=[-0.000 -0.550 0.060 0.002 -1.000] G5=[-0.973 -1.118 -0.002 16.210 0.031]
INFO  [mc_indi_tiltrotor] T2dbg2 Wu25=[1.0 9.0] du25=[0.0017 -0.0003] dmax25=[28.7903 0.0015] nu_yaw=-0.007
INFO  [mc_indi_tiltrotor] WRdbg0 Wu0=1 lo0=-17.06 du0=-0.0126 pin0=0.000 a0=[-0.010 0.001 -0.000 -0.000 -0.003]
INFO  [mc_indi_tiltrotor] WRdbg1 Wu1=1 lo1=-17.36 du1=0.0070 pin1=0.000 a1=[0.013 -0.003 0.001 -0.000 -0.004]
INFO  [mc_indi_tiltrotor] YWdbg nu2=-0.005 ach2=-0.005 r=-0.01 wsp2=-0.01 ddelta=[0.0025 0.0016 -0.0000]
INFO  [mc_indi_tiltrotor] T0dbg1 G0=[-0.355 0.248 0.000 0.168 -0.986] nu_des=[-0.01 -0.01 0.01 0.02 -0.54]
INFO  [mc_indi_tiltrotor] T0dbg2 Ws34=[0.1 20.0] Wu0=1.0 du0=0.1719 dmin0=-15.9674 dmax0=29.0326
INFO  [mc_indi_tiltrotor] T2dbg1 G2=[-0.000 -0.550 0.060 0.003 -1.000] G5=[-0.904 -1.032 -0.003 15.071 0.042]
INFO  [mc_indi_tiltrotor] T2dbg2 Wu25=[1.0 9.0] du25=[0.2029 0.0011] dmax25=[29.9289 0.0032] nu_yaw=0.015
INFO  [mc_indi_tiltrotor] WRdbg0 Wu0=1 lo0=-15.97 du0=0.1719 pin0=-0.027 a0=[0.020 -0.004 0.000 -0.000 0.183]
INFO  [mc_indi_tiltrotor] WRdbg1 Wu1=1 lo1=-16.28 du1=0.1470 pin1=-0.014 a1=[-0.019 -0.004 -0.001 0.000 0.184]
INFO  [mc_indi_tiltrotor] T0dbg1 G0=[-0.355 0.249 0.003 0.160 -0.987] nu_des=[0.00 -0.00 -0.01 0.01 -0.00]
INFO  [mc_indi_tiltrotor] T0dbg2 Ws34=[0.1 20.0] Wu0=1.0 du0=0.0007 dmin0=-17.5234 dmax0=27.4766
INFO  [mc_indi_tiltrotor] T2dbg1 G2=[-0.000 -0.550 0.060 0.003 -1.000] G5=[-1.000 -1.136 -0.003 16.664 0.056]
INFO  [mc_indi_tiltrotor] T2dbg2 Wu25=[1.0 9.0] du25=[0.0040 -0.0000] dmax25=[28.3360 0.0015] nu_yaw=-0.015
INFO  [mc_indi_tiltrotor] WRdbg0 Wu0=1 lo0=-17.52 du0=0.0007 pin0=0.000 a0=[-0.000 0.000 -0.001 0.000 0.001]
INFO  [mc_indi_tiltrotor] WRdbg1 Wu1=1 lo1=-17.71 du1=0.0043 pin1=0.000 a1=[0.001 -0.001 0.003 0.000 0.001]
INFO  [mc_indi_tiltrotor] YWdbg nu2=-0.013 ach2=-0.013 r=0.01 wsp2=0.02 ddelta=[0.0041 0.0016 0.0007]
INFO  [mc_indi_tiltrotor] T0dbg1 G0=[-0.355 0.247 -0.002 0.174 -0.985] nu_des=[0.00 -0.11 0.06 -0.32 0.20]
INFO  [mc_indi_tiltrotor] T0dbg2 Ws34=[0.1 20.0] Wu0=1.0 du0=-0.1083 dmin0=-17.6145 dmax0=27.3855
INFO  [mc_indi_tiltrotor] T2dbg1 G2=[-0.000 -0.550 0.060 0.004 -1.000] G5=[-0.984 -1.113 -0.004 16.402 0.063]
INFO  [mc_indi_tiltrotor] T2dbg2 Wu25=[1.0 9.0] du25=[0.0430 0.0020] dmax25=[28.5976 0.0032] nu_yaw=0.059
INFO  [mc_indi_tiltrotor] WRdbg0 Wu0=1 lo0=-17.61 du0=-0.1083 pin0=0.026 a0=[-0.001 -0.068 0.001 0.000 -0.067]
INFO  [mc_indi_tiltrotor] WRdbg1 Wu1=1 lo1=-17.74 du1=-0.1223 pin1=0.007 a1=[0.001 -0.060 -0.003 -0.000 -0.067]
INFO  [mc_indi_tiltrotor] T0dbg1 G0=[-0.355 0.247 -0.001 0.171 -0.985] nu_des=[0.00 0.23 0.01 -0.17 -0.14]
INFO  [mc_indi_tiltrotor] T0dbg2 Ws34=[0.1 20.0] Wu0=1.0 du0=0.1311 dmin0=-16.5945 dmax0=28.4055
INFO  [mc_indi_tiltrotor] T2dbg1 G2=[-0.000 -0.550 0.060 0.003 -1.000] G5=[-0.938 -1.069 -0.003 15.633 0.047]
INFO  [mc_indi_tiltrotor] T2dbg2 Wu25=[1.0 1000000.0] du25=[-0.1884 -0.0030] dmax25=[29.3666 -0.0013] nu_yaw=0.011
INFO  [mc_indi_tiltrotor] WRdbg0 Wu0=1 lo0=-16.59 du0=0.1311 pin0=-0.054 a0=[-0.004 0.143 0.000 -0.000 0.046]
INFO  [mc_indi_tiltrotor] WRdbg1 Wu1=1 lo1=-16.78 du1=0.1588 pin1=-0.036 a1=[0.003 0.145 -0.000 -0.000 0.047]
INFO  [mc_indi_tiltrotor] YWdbg nu2=0.000 ach2=0.025 r=-0.01 wsp2=0.01 ddelta=[-0.0120 -0.0074 -0.0008]
INFO  [mc_indi_tiltrotor] T0dbg1 G0=[-0.355 0.249 0.002 0.162 -0.987] nu_des=[-0.00 0.00 -0.01 -0.06 0.00]
INFO  [mc_indi_tiltrotor] T0dbg2 Ws34=[0.1 20.0] Wu0=1.0 du0=0.0017 dmin0=-17.7712 dmax0=27.2288
INFO  [mc_indi_tiltrotor] T2dbg1 G2=[-0.000 -0.550 0.060 0.003 -1.000] G5=[-1.020 -1.163 -0.003 16.997 0.048]
INFO  [mc_indi_tiltrotor] T2dbg2 Wu25=[1.0 9.0] du25=[-0.0017 -0.0000] dmax25=[28.0029 0.0017] nu_yaw=-0.008
INFO  [mc_indi_tiltrotor] WRdbg0 Wu0=1 lo0=-17.77 du0=0.0017 pin0=-0.004 a0=[0.002 0.001 0.003 0.000 -0.001]
INFO  [mc_indi_tiltrotor] WRdbg1 Wu1=1 lo1=-18.14 du1=-0.0010 pin1=-0.001 a1=[-0.002 0.001 0.003 -0.000 -0.001]
INFO  [mc_indi_tiltrotor] T0dbg1 G0=[-0.355 0.247 -0.000 0.170 -0.985] nu_des=[0.00 0.01 -0.02 -0.17 0.03]
INFO  [mc_indi_tiltrotor] T0dbg2 Ws34=[0.1 20.0] Wu0=1.0 du0=-0.0050 dmin0=-17.6878 dmax0=27.3122
INFO  [mc_indi_tiltrotor] T2dbg1 G2=[-0.000 -0.550 0.060 0.003 -1.000] G5=[-1.016 -1.161 -0.003 16.929 0.044]
INFO  [mc_indi_tiltrotor] T2dbg2 Wu25=[1.0 9.0] du25=[-0.0218 -0.0005] dmax25=[28.0711 0.0017] nu_yaw=-0.018
INFO  [mc_indi_tiltrotor] WRdbg0 Wu0=1 lo0=-17.69 du0=-0.0050 pin0=-0.004 a0=[-0.002 0.004 0.007 0.000 -0.011]
INFO  [mc_indi_tiltrotor] WRdbg1 Wu1=1 lo1=-18.08 du1=-0.0001 pin1=-0.001 a1=[0.002 0.004 0.007 -0.000 -0.011]
INFO  [mc_indi_tiltrotor] YWdbg nu2=-0.017 ach2=-0.016 r=0.03 wsp2=-0.01 ddelta=[0.0020 -0.0005 -0.0003]
INFO  [mc_indi_tiltrotor] T0dbg1 G0=[-0.355 0.248 0.001 0.168 -0.986] nu_des=[-0.02 0.03 -0.00 -0.02 -0.23]
INFO  [mc_indi_tiltrotor] T0dbg2 Ws34=[0.1 20.0] Wu0=1.0 du0=0.0914 dmin0=-16.7085 dmax0=28.2915
INFO  [mc_indi_tiltrotor] T2dbg1 G2=[-0.000 -0.550 0.060 0.003 -1.000] G5=[-0.950 -1.083 -0.003 15.827 0.045]
INFO  [mc_indi_tiltrotor] T2dbg2 Wu25=[1.0 9.0] du25=[0.0621 0.0008] dmax25=[29.1732 0.0027] nu_yaw=-0.003
INFO  [mc_indi_tiltrotor] WRdbg0 Wu0=1 lo0=-16.71 du0=0.0914 pin0=-0.025 a0=[0.023 0.016 -0.000 0.000 0.077]
INFO  [mc_indi_tiltrotor] WRdbg1 Wu1=1 lo1=-16.90 du1=0.0584 pin1=-0.013 a1=[-0.021 0.014 0.000 -0.000 0.078]
INFO  [mc_indi_tiltrotor] T0dbg1 G0=[-0.355 0.247 -0.001 0.172 -0.985] nu_des=[-0.00 -0.15 -0.03 -0.25 0.02]
INFO  [mc_indi_tiltrotor] T0dbg2 Ws34=[0.1 20.0] Wu0=1.0 du0=-0.0499 dmin0=-17.8344 dmax0=27.1656
INFO  [mc_indi_tiltrotor] T2dbg1 G2=[-0.000 -0.550 0.060 0.003 -1.000] G5=[-1.026 -1.165 -0.003 17.093 0.058]
INFO  [mc_indi_tiltrotor] T2dbg2 Wu25=[1.0 9.0] du25=[0.1346 0.0035] dmax25=[27.9073 0.0038] nu_yaw=-0.033
INFO  [mc_indi_tiltrotor] WRdbg0 Wu0=1 lo0=-17.83 du0=-0.0499 pin0=0.050 a0=[0.005 -0.098 -0.001 0.000 -0.006]
INFO  [mc_indi_tiltrotor] WRdbg1 Wu1=1 lo1=-17.91 du1=-0.0678 pin1=0.026 a1=[-0.004 -0.085 0.002 -0.000 -0.006]
INFO  [mc_indi_tiltrotor] YWdbg nu2=0.068 ach2=0.042 r=0.01 wsp2=-0.01 ddelta=[-0.0120 -0.0028 -0.0036]
INFO  [mc_indi_tiltrotor] T0dbg1 G0=[-0.355 0.246 -0.004 0.179 -0.984] nu_des=[0.00 -0.03 0.02 -0.60 0.03]
INFO  [mc_indi_tiltrotor] T0dbg2 Ws34=[0.1 20.0] Wu0=1.0 du0=-0.0112 dmin0=-17.6879 dmax0=27.3121
INFO  [mc_indi_tiltrotor] T2dbg1 G2=[-0.000 -0.550 0.060 0.003 -1.000] G5=[-1.011 -1.148 -0.003 16.857 0.058]
INFO  [mc_indi_tiltrotor] T2dbg2 Wu25=[1.0 9.0] du25=[0.0092 0.0000] dmax25=[28.1434 0.0018] nu_yaw=0.018
INFO  [mc_indi_tiltrotor] WRdbg0 Wu0=1 lo0=-17.69 du0=-0.0112 pin0=0.000 a0=[-0.005 0.003 0.000 -0.003 -0.006]
INFO  [mc_indi_tiltrotor] WRdbg1 Wu1=1 lo1=-17.93 du1=-0.0131 pin1=0.000 a1=[0.007 -0.007 -0.003 -0.002 -0.008]
INFO  [mc_indi_tiltrotor] T0dbg1 G0=[-0.355 0.247 -0.002 0.174 -0.985] nu_des=[-0.02 0.04 0.03 -0.31 -0.11]
INFO  [mc_indi_tiltrotor] T0dbg2 Ws34=[0.1 20.0] Wu0=1.0 du0=0.0676 dmin0=-16.6316 dmax0=28.3684
INFO  [mc_indi_tiltrotor] T2dbg1 G2=[-0.000 -0.550 0.060 0.003 -1.000] G5=[-0.956 -1.089 -0.003 15.939 0.048]
INFO  [mc_indi_tiltrotor] T2dbg2 Wu25=[1.0 9.0] du25=[-0.0040 -0.0002] dmax25=[29.0605 0.0022] nu_yaw=0.026
INFO  [mc_indi_tiltrotor] WRdbg0 Wu0=1 lo0=-16.63 du0=0.0676 pin0=-0.020 a0=[0.023 0.028 0.000 0.000 0.036]
INFO  [mc_indi_tiltrotor] WRdbg1 Wu1=1 lo1=-16.95 du1=0.0258 pin1=-0.013 a1=[-0.021 0.025 -0.001 -0.000 0.036]
INFO  [mc_indi_tiltrotor] YWdbg nu2=0.031 ach2=0.046 r=-0.03 wsp2=0.01 ddelta=[-0.0066 -0.0048 0.0050]
INFO  [mc_indi_tiltrotor] T0dbg1 G0=[-0.355 0.248 0.002 0.164 -0.986] nu_des=[-0.01 -0.00 -0.03 -0.14 -0.00]
INFO  [mc_indi_tiltrotor] T0dbg2 Ws34=[0.1 20.0] Wu0=1.0 du0=0.0073 dmin0=-17.8316 dmax0=27.1684
INFO  [mc_indi_tiltrotor] T2dbg1 G2=[-0.000 -0.550 0.060 0.003 -1.000] G5=[-1.027 -1.169 -0.003 17.115 0.052]
INFO  [mc_indi_tiltrotor] T2dbg2 Wu25=[1.0 9.0] du25=[0.0051 0.0002] dmax25=[27.8850 0.0021] nu_yaw=-0.029
INFO  [mc_indi_tiltrotor] WRdbg0 Wu0=1 lo0=-17.83 du0=0.0073 pin0=-0.014 a0=[0.010 -0.001 0.011 0.000 0.001]
INFO  [mc_indi_tiltrotor] WRdbg1 Wu1=1 lo1=-18.14 du1=-0.0039 pin1=-0.005 a1=[-0.009 -0.001 0.010 -0.000 0.001]
INFO  [mc_indi_tiltrotor] T0dbg1 G0=[-0.355 0.248 0.001 0.167 -0.986] nu_des=[0.01 0.16 0.03 -0.34 0.01]
INFO  [mc_indi_tiltrotor] T0dbg2 Ws34=[0.1 20.0] Wu0=1.0 du0=0.0358 dmin0=-17.7444 dmax0=27.2556
INFO  [mc_indi_tiltrotor] T2dbg1 G2=[-0.000 -0.550 0.060 0.004 -1.000] G5=[-1.019 -1.153 -0.004 16.987 0.066]
INFO  [mc_indi_tiltrotor] T2dbg2 Wu25=[1.0 1000000.0] du25=[-0.1530 -0.0038] dmax25=[28.0132 -0.0002] nu_yaw=0.028
INFO  [mc_indi_tiltrotor] WRdbg0 Wu0=1 lo0=-17.74 du0=0.0358 pin0=-0.044 a0=[-0.015 0.098 0.000 -0.000 -0.004]
INFO  [mc_indi_tiltrotor] WRdbg1 Wu1=1 lo1=-17.99 du1=0.0716 pin1=-0.038 a1=[0.015 0.099 -0.000 -0.000 -0.004]
INFO  [mc_indi_tiltrotor] YWdbg nu2=-0.075 ach2=-0.012 r=-0.00 wsp2=0.01 ddelta=[0.0042 0.0031 0.0038]
INFO  [mc_indi_tiltrotor] T0dbg1 G0=[-0.355 0.248 0.001 0.167 -0.986] nu_des=[0.01 0.25 -0.04 -0.10 -0.07]
INFO  [mc_indi_tiltrotor] T0dbg2 Ws34=[0.1 20.0] Wu0=1.0 du0=0.1152 dmin0=-16.6341 dmax0=28.3659
INFO  [mc_indi_tiltrotor] T2dbg1 G2=[-0.000 -0.550 0.060 0.004 -1.000] G5=[-0.957 -1.083 -0.004 15.957 0.063]
INFO  [mc_indi_tiltrotor] T2dbg2 Wu25=[1.0 1000000.0] du25=[-0.2262 -0.0039] dmax25=[29.0432 -0.0022] nu_yaw=-0.036
INFO  [mc_indi_tiltrotor] WRdbg0 Wu0=1 lo0=-16.63 du0=0.1152 pin0=-0.051 a0=[-0.010 0.152 -0.000 -0.000 0.025]
INFO  [mc_indi_tiltrotor] WRdbg1 Wu1=1 lo1=-16.74 du1=0.1509 pin1=-0.038 a1=[0.010 0.154 0.000 -0.000 0.025]
INFO  [mc_indi_tiltrotor] T0dbg1 G0=[-0.355 0.247 -0.001 0.173 -0.985] nu_des=[0.01 -0.02 0.01 -0.41 0.10]
INFO  [mc_indi_tiltrotor] T0dbg2 Ws34=[0.1 20.0] Wu0=1.0 du0=-0.0554 dmin0=-17.8264 dmax0=27.1736
INFO  [mc_indi_tiltrotor] T2dbg1 G2=[-0.000 -0.550 0.060 0.004 -1.000] G5=[-1.002 -1.133 -0.004 16.697 0.065]
INFO  [mc_indi_tiltrotor] T2dbg2 Wu25=[1.0 9.0] du25=[-0.0067 0.0002] dmax25=[28.3024 0.0010] nu_yaw=0.011
INFO  [mc_indi_tiltrotor] WRdbg0 Wu0=1 lo0=-17.83 du0=-0.0554 pin0=0.001 a0=[-0.011 -0.013 0.000 0.000 -0.033]
INFO  [mc_indi_tiltrotor] WRdbg1 Wu1=1 lo1=-18.07 du1=-0.0372 pin1=-0.001 a1=[0.010 -0.012 -0.001 -0.000 -0.033]
INFO  [mc_indi_tiltrotor] YWdbg nu2=0.009 ach2=0.008 r=0.01 wsp2=-0.03 ddelta=[0.0062 0.0073 -0.0001]
INFO  [mc_indi_tiltrotor] T0dbg1 G0=[-0.355 0.247 -0.000 0.169 -0.986] nu_des=[-0.02 0.05 -0.04 -0.36 0.19]
INFO  [mc_indi_tiltrotor] T0dbg2 Ws34=[0.1 20.0] Wu0=1.0 du0=-0.0047 dmin0=-17.4859 dmax0=27.5141
INFO  [mc_indi_tiltrotor] T2dbg1 G2=[-0.000 -0.550 0.060 0.004 -1.000] G5=[-1.032 -1.169 -0.004 17.198 0.063]
INFO  [mc_indi_tiltrotor] T2dbg2 Wu25=[1.0 1000000.0] du25=[-0.1192 0.0008] dmax25=[27.8020 0.0044] nu_yaw=-0.042
INFO  [mc_indi_tiltrotor] WRdbg0 Wu0=1 lo0=-17.49 du0=-0.0047 pin0=-0.002 a0=[0.031 0.030 -0.000 -0.000 -0.063]
INFO  [mc_indi_tiltrotor] WRdbg1 Wu1=1 lo1=-17.82 du1=-0.0608 pin1=0.003 a1=[-0.030 0.030 0.000 -0.000 -0.064]
INFO  [mc_indi_tiltrotor] T0dbg1 G0=[-0.355 0.249 0.003 0.162 -0.987] nu_des=[0.01 -0.01 -0.05 0.09 -0.38]
INFO  [mc_indi_tiltrotor] T0dbg2 Ws34=[0.1 20.0] Wu0=1.0 du0=0.1138 dmin0=-16.5384 dmax0=28.4616
INFO  [mc_indi_tiltrotor] T2dbg1 G2=[-0.000 -0.550 0.060 0.003 -1.000] G5=[-0.947 -1.077 -0.003 15.783 0.051]
INFO  [mc_indi_tiltrotor] T2dbg2 Wu25=[1.0 9.0] du25=[0.1362 -0.0002] dmax25=[29.2168 0.0016] nu_yaw=-0.053
INFO  [mc_indi_tiltrotor] WRdbg0 Wu0=1 lo0=-16.54 du0=0.1138 pin0=-0.003 a0=[-0.008 -0.005 -0.001 -0.000 0.130]
INFO  [mc_indi_tiltrotor] WRdbg1 Wu1=1 lo1=-16.83 du1=0.1437 pin1=0.007 a1=[0.007 -0.004 0.002 0.000 0.132]
INFO  [mc_indi_tiltrotor] YWdbg nu2=-0.062 ach2=-0.047 r=0.02 wsp2=-0.01 ddelta=[0.0047 -0.0033 0.0005]
INFO  [mc_indi_tiltrotor] T0dbg1 G0=[-0.355 0.248 0.002 0.164 -0.986] nu_des=[0.01 0.09 -0.06 -0.18 0.03]
INFO  [mc_indi_tiltrotor] T0dbg2 Ws34=[0.1 20.0] Wu0=1.0 du0=-0.0010 dmin0=-17.7627 dmax0=27.2373
INFO  [mc_indi_tiltrotor] T2dbg1 G2=[-0.000 -0.550 0.060 0.003 -1.000] G5=[-1.023 -1.165 -0.003 17.053 0.052]
INFO  [mc_indi_tiltrotor] T2dbg2 Wu25=[1.0 1000000.0] du25=[-0.0897 -0.0030] dmax25=[27.9468 -0.0013] nu_yaw=-0.063
INFO  [mc_indi_tiltrotor] WRdbg0 Wu0=1 lo0=-17.76 du0=-0.0010 pin0=-0.031 a0=[-0.017 0.057 -0.000 -0.000 -0.010]
INFO  [mc_indi_tiltrotor] WRdbg1 Wu1=1 lo1=-18.02 du1=0.0400 pin1=-0.024 a1=[0.016 0.058 0.000 -0.000 -0.011]
INFO  [mc_indi_tiltrotor] T0dbg1 G0=[-0.355 0.247 -0.002 0.175 -0.985] nu_des=[-0.01 0.07 -0.01 -0.49 0.01]
INFO  [mc_indi_tiltrotor] T0dbg2 Ws34=[0.1 20.0] Wu0=1.0 du0=0.0034 dmin0=-17.8741 dmax0=27.1259
INFO  [mc_indi_tiltrotor] T2dbg1 G2=[-0.000 -0.550 0.060 0.004 -1.000] G5=[-1.025 -1.161 -0.004 17.076 0.062]
INFO  [mc_indi_tiltrotor] T2dbg2 Wu25=[1.0 9.0] du25=[-0.0446 -0.0008] dmax25=[27.9244 0.0015] nu_yaw=-0.009
INFO  [mc_indi_tiltrotor] WRdbg0 Wu0=1 lo0=-17.87 du0=0.0034 pin0=-0.055 a0=[0.016 0.047 -0.000 0.000 -0.004]
INFO  [mc_indi_tiltrotor] WRdbg1 Wu1=1 lo1=-18.05 du1=-0.0002 pin1=-0.022 a1=[-0.015 0.040 0.000 -0.001 -0.004]
INFO  [mc_indi_tiltrotor] YWdbg nu2=0.010 ach2=0.031 r=0.01 wsp2=-0.03 ddelta=[-0.0102 -0.0065 0.0005]
INFO  [mc_indi_tiltrotor] T0dbg1 G0=[-0.355 0.248 0.001 0.166 -0.986] nu_des=[-0.01 0.01 -0.00 -0.07 -0.11]
INFO  [mc_indi_tiltrotor] T0dbg2 Ws34=[0.1 20.0] Wu0=1.0 du0=0.0346 dmin0=-16.9090 dmax0=28.0910
INFO  [mc_indi_tiltrotor] T2dbg1 G2=[-0.000 -0.550 0.060 0.004 -1.000] G5=[-0.959 -1.088 -0.003 15.985 0.056]
INFO  [mc_indi_tiltrotor] T2dbg2 Wu25=[1.0 9.0] du25=[0.0412 0.0003] dmax25=[29.0151 0.0022] nu_yaw=-0.001
INFO  [mc_indi_tiltrotor] WRdbg0 Wu0=1 lo0=-16.91 du0=0.0346 pin0=0.000 a0=[0.006 -0.000 -0.000 -0.000 0.029]
INFO  [mc_indi_tiltrotor] WRdbg1 Wu1=1 lo1=-17.10 du1=0.0273 pin1=0.000 a1=[-0.008 0.001 0.000 -0.000 0.034]
INFO  [mc_indi_tiltrotor] T0dbg1 G0=[-0.355 0.248 0.001 0.165 -0.986] nu_des=[0.01 -0.03 -0.03 -0.29 0.07]
INFO  [mc_indi_tiltrotor] T0dbg2 Ws34=[0.1 20.0] Wu0=1.0 du0=-0.0376 dmin0=-17.8480 dmax0=27.1520
INFO  [mc_indi_tiltrotor] T2dbg1 G2=[-0.000 -0.550 0.060 0.004 -1.000] G5=[-1.011 -1.142 -0.004 16.852 0.068]
INFO  [mc_indi_tiltrotor] T2dbg2 Wu25=[1.0 9.0] du25=[0.0019 0.0002] dmax25=[28.1479 0.0013] nu_yaw=-0.027
INFO  [mc_indi_tiltrotor] WRdbg0 Wu0=1 lo0=-17.85 du0=-0.0376 pin0=0.015 a0=[-0.010 -0.019 -0.000 0.000 -0.023]
INFO  [mc_indi_tiltrotor] WRdbg1 Wu1=1 lo1=-18.15 du1=-0.0200 pin1=0.010 a1=[0.009 -0.017 0.001 -0.000 -0.023]
INFO  [mc_indi_tiltrotor] YWdbg nu2=-0.016 ach2=-0.016 r=0.02 wsp2=-0.00 ddelta=[0.0105 0.0078 -0.0003]
INFO  [mc_indi_tiltrotor] T0dbg1 G0=[-0.355 0.244 -0.007 0.189 -0.982] nu_des=[0.00 -0.12 0.01 -1.14 0.26]
INFO  [mc_indi_tiltrotor] T0dbg2 Ws34=[0.1 20.0] Wu0=1.0 du0=-0.1501 dmin0=-17.8661 dmax0=27.1339
INFO  [mc_indi_tiltrotor] T2dbg1 G2=[-0.000 -0.550 0.060 0.005 -1.000] G5=[-0.989 -1.106 -0.005 16.484 0.088]
INFO  [mc_indi_tiltrotor] T2dbg2 Wu25=[1.0 9.0] du25=[0.0439 0.0025] dmax25=[28.5156 0.0034] nu_yaw=0.005
INFO  [mc_indi_tiltrotor] WRdbg0 Wu0=1 lo0=-17.87 du0=-0.1501 pin0=0.018 a0=[-0.007 -0.075 0.000 0.000 -0.087]
INFO  [mc_indi_tiltrotor] WRdbg1 Wu1=1 lo1=-18.12 du1=-0.1397 pin1=0.008 a1=[0.006 -0.065 -0.000 -0.001 -0.088]
INFO  [mc_indi_tiltrotor] T0dbg1 G0=[-0.355 0.245 -0.006 0.186 -0.983] nu_des=[-0.01 -0.36 0.01 -0.74 -0.04]
INFO  [mc_indi_tiltrotor] T0dbg2 Ws34=[0.1 20.0] Wu0=1.0 du0=-0.2098 dmin0=-16.8425 dmax0=28.1575
INFO  [mc_indi_tiltrotor] T2dbg1 G2=[-0.000 -0.550 0.060 0.004 -1.000] G5=[-0.966 -1.093 -0.004 16.093 0.060]
INFO  [mc_indi_tiltrotor] T2dbg2 Wu25=[1.0 1000000.0] du25=[0.4611 0.0056] dmax25=[28.9073 0.0092] nu_yaw=0.014
INFO  [mc_indi_tiltrotor] WRdbg0 Wu0=1 lo0=-16.84 du0=-0.2098 pin0=-0.011 a0=[0.015 -0.227 0.000 -0.000 0.013]
INFO  [mc_indi_tiltrotor] WRdbg1 Wu1=1 lo1=-17.02 du1=-0.2217 pin1=0.008 a1=[-0.014 -0.229 -0.000 -0.000 0.013]
INFO  [mc_indi_tiltrotor] YWdbg nu2=-0.008 ach2=-0.012 r=-0.01 wsp2=-0.02 ddelta=[-0.0030 -0.0030 -0.0033]
INFO  [mc_indi_tiltrotor] T0dbg1 G0=[-0.355 0.248 0.002 0.164 -0.986] nu_des=[-0.01 0.01 -0.02 -0.16 -0.02]
INFO  [mc_indi_tiltrotor] T0dbg2 Ws34=[0.1 20.0] Wu0=1.0 du0=0.0136 dmin0=-17.8588 dmax0=27.1412
INFO  [mc_indi_tiltrotor] T2dbg1 G2=[-0.000 -0.550 0.060 0.002 -1.000] G5=[-1.022 -1.172 -0.002 17.027 0.037]
INFO  [mc_indi_tiltrotor] T2dbg2 Wu25=[1.0 9.0] du25=[0.0076 0.0003] dmax25=[27.9728 0.0019] nu_yaw=-0.025
INFO  [mc_indi_tiltrotor] WRdbg0 Wu0=1 lo0=-17.86 du0=0.0136 pin0=0.000 a0=[0.011 -0.001 -0.001 -0.001 0.005]
INFO  [mc_indi_tiltrotor] WRdbg1 Wu1=1 lo1=-18.03 du1=-0.0017 pin1=0.000 a1=[-0.014 0.002 0.005 -0.001 0.006]
INFO  [mc_indi_tiltrotor] T0dbg1 G0=[-0.355 0.246 -0.003 0.178 -0.984] nu_des=[0.01 0.01 0.02 -0.65 0.01]
INFO  [mc_indi_tiltrotor] T0dbg2 Ws34=[0.1 20.0] Wu0=1.0 du0=-0.0170 dmin0=-17.7082 dmax0=27.2918
INFO  [mc_indi_tiltrotor] T2dbg1 G2=[-0.000 -0.550 0.060 0.002 -1.000] G5=[-1.017 -1.165 -0.002 16.946 0.039]
INFO  [mc_indi_tiltrotor] T2dbg2 Wu25=[1.0 9.0] du25=[-0.0053 -0.0008] dmax25=[28.0544 0.0012] nu_yaw=0.015
INFO  [mc_indi_tiltrotor] WRdbg0 Wu0=1 lo0=-17.71 du0=-0.0170 pin0=0.000 a0=[-0.012 -0.001 0.000 -0.004 -0.001]
INFO  [mc_indi_tiltrotor] WRdbg1 Wu1=1 lo1=-17.95 du1=0.0102 pin1=0.000 a1=[0.015 0.001 -0.003 -0.002 -0.002]
INFO  [mc_indi_tiltrotor] YWdbg nu2=0.022 ach2=0.022 r=-0.01 wsp2=0.00 ddelta=[-0.0032 0.0003 -0.0005]
INFO  [mc_indi_tiltrotor] T0dbg1 G0=[-0.355 0.247 -0.002 0.175 -0.985] nu_des=[-0.02 0.06 0.01 -0.41 -0.08]
INFO  [mc_indi_tiltrotor] T0dbg2 Ws34=[0.1 20.0] Wu0=1.0 du0=0.0318 dmin0=-16.8965 dmax0=28.1035
INFO  [mc_indi_tiltrotor] T2dbg1 G2=[-0.000 -0.550 0.060 0.003 -1.000] G5=[-0.952 -1.086 -0.003 15.871 0.046]
INFO  [mc_indi_tiltrotor] T2dbg2 Wu25=[1.0 9.0] du25=[-0.0006 0.0000] dmax25=[29.1286 0.0010] nu_yaw=0.009
INFO  [mc_indi_tiltrotor] WRdbg0 Wu0=1 lo0=-16.90 du0=0.0318 pin0=-0.064 a0=[0.024 0.040 0.004 -0.000 0.027]
INFO  [mc_indi_tiltrotor] WRdbg1 Wu1=1 lo1=-17.19 du1=0.0096 pin1=-0.029 a1=[-0.023 0.035 -0.000 -0.000 0.027]
INFO  [mc_indi_tiltrotor] T0dbg1 G0=[-0.355 0.248 0.001 0.166 -0.986] nu_des=[-0.00 -0.07 0.02 -0.29 0.17]
INFO  [mc_indi_tiltrotor] T0dbg2 Ws34=[0.1 20.0] Wu0=1.0 du0=-0.0966 dmin0=-18.0834 dmax0=26.9166
INFO  [mc_indi_tiltrotor] T2dbg1 G2=[-0.000 -0.550 0.060 0.003 -1.000] G5=[-0.996 -1.133 -0.003 16.595 0.051]
INFO  [mc_indi_tiltrotor] T2dbg2 Wu25=[1.0 9.0] du25=[0.0265 0.0017] dmax25=[28.4048 0.0029] nu_yaw=0.023
INFO  [mc_indi_tiltrotor] WRdbg0 Wu0=1 lo0=-18.08 du0=-0.0966 pin0=0.007 a0=[0.002 -0.047 0.000 0.000 -0.059]
INFO  [mc_indi_tiltrotor] WRdbg1 Wu1=1 lo1=-18.22 du1=-0.1002 pin1=0.003 a1=[-0.002 -0.041 -0.001 -0.000 -0.059]
INFO  [mc_indi_tiltrotor] YWdbg nu2=0.028 ach2=0.011 r=0.02 wsp2=-0.01 ddelta=[0.0030 0.0030 0.0027]
INFO  [mc_indi_tiltrotor] T0dbg1 G0=[-0.355 0.244 -0.008 0.190 -0.982] nu_des=[0.00 -0.10 0.02 -1.12 0.15]
INFO  [mc_indi_tiltrotor] T0dbg2 Ws34=[0.1 20.0] Wu0=1.0 du0=-0.0411 dmin0=-17.8697 dmax0=27.1303
INFO  [mc_indi_tiltrotor] T2dbg1 G2=[-0.000 -0.550 0.060 0.004 -1.000] G5=[-1.004 -1.131 -0.004 16.738 0.074]
INFO  [mc_indi_tiltrotor] T2dbg2 Wu25=[1.0 9.0] du25=[0.0105 0.0006] dmax25=[28.2614 0.0031] nu_yaw=0.021
INFO  [mc_indi_tiltrotor] WRdbg0 Wu0=1 lo0=-17.87 du0=-0.0411 pin0=0.072 a0=[-0.000 -0.062 0.000 0.000 -0.052]
INFO  [mc_indi_tiltrotor] WRdbg1 Wu1=1 lo1=-18.08 du1=-0.0739 pin1=0.033 a1=[0.000 -0.054 -0.001 -0.001 -0.052]
INFO  [mc_indi_tiltrotor] YWdbg nu2=0.002 ach2=0.009 r=-0.01 wsp2=-0.01 ddelta=[0.0024 0.0024 0.0044]
INFO  [mc_indi_tiltrotor] T0dbg1 G0=[-0.355 0.245 -0.006 0.185 -0.983] nu_des=[-0.01 0.01 -0.00 -0.72 -0.04]
INFO  [mc_indi_tiltrotor] T0dbg2 Ws34=[0.1 20.0] Wu0=1.0 du0=0.0425 dmin0=-16.7991 dmax0=28.2009
INFO  [mc_indi_tiltrotor] T2dbg1 G2=[-0.000 -0.550 0.060 0.004 -1.000] G5=[-0.995 -1.129 -0.003 16.580 0.058]
INFO  [mc_indi_tiltrotor] T2dbg2 Wu25=[1.0 1000000.0] du25=[-0.0126 0.0026] dmax25=[28.4204 0.0062] nu_yaw=-0.005
INFO  [mc_indi_tiltrotor] WRdbg0 Wu0=1 lo0=-16.80 du0=0.0425 pin0=0.001 a0=[0.020 0.009 -0.000 -0.000 0.012]
INFO  [mc_indi_tiltrotor] WRdbg1 Wu1=1 lo1=-17.01 du1=0.0097 pin1=0.007 a1=[-0.019 0.009 0.000 -0.000 0.013]
INFO  [mc_indi_tiltrotor] T0dbg1 G0=[-0.355 0.248 0.002 0.165 -0.986] nu_des=[-0.00 -0.01 -0.03 -0.18 -0.00]
INFO  [mc_indi_tiltrotor] T0dbg2 Ws34=[0.1 20.0] Wu0=1.0 du0=0.0015 dmin0=-17.9753 dmax0=27.0247
INFO  [mc_indi_tiltrotor] T2dbg1 G2=[-0.000 -0.550 0.060 0.002 -1.000] G5=[-1.029 -1.181 -0.002 17.154 0.035]
INFO  [mc_indi_tiltrotor] T2dbg2 Wu25=[1.0 9.0] du25=[0.0096 0.0001] dmax25=[27.8458 0.0016] nu_yaw=-0.028
INFO  [mc_indi_tiltrotor] WRdbg0 Wu0=1 lo0=-17.98 du0=0.0015 pin0=0.000 a0=[0.002 0.001 -0.001 -0.001 0.000]
INFO  [mc_indi_tiltrotor] WRdbg1 Wu1=1 lo1=-18.15 du1=-0.0004 pin1=0.000 a1=[-0.003 -0.003 0.006 -0.001 0.000]
INFO  [mc_indi_tiltrotor] YWdbg nu2=0.038 ach2=0.034 r=0.03 wsp2=-0.02 ddelta=[0.0084 0.0120 0.0030]
INFO  [mc_indi_tiltrotor] T0dbg1 G0=[-0.355 0.247 -0.001 0.170 -0.985] nu_des=[0.01 -0.11 0.03 -0.34 0.14]
INFO  [mc_indi_tiltrotor] T0dbg2 Ws34=[0.1 20.0] Wu0=1.0 du0=-0.0616 dmin0=-17.8736 dmax0=27.1264
INFO  [mc_indi_tiltrotor] T2dbg1 G2=[-0.000 -0.550 0.060 0.003 -1.000] G5=[-1.010 -1.153 -0.003 16.837 0.047]
INFO  [mc_indi_tiltrotor] T2dbg2 Wu25=[1.0 9.0] du25=[0.0278 0.0008] dmax25=[28.1626 0.0034] nu_yaw=0.034
INFO  [mc_indi_tiltrotor] WRdbg0 Wu0=1 lo0=-17.87 du0=-0.0616 pin0=0.068 a0=[-0.012 -0.069 0.001 0.000 -0.048]
INFO  [mc_indi_tiltrotor] WRdbg1 Wu1=1 lo1=-18.14 du1=-0.0711 pin1=0.028 a1=[0.011 -0.060 -0.002 -0.000 -0.049]
INFO  [mc_indi_tiltrotor] T0dbg1 G0=[-0.355 0.248 0.001 0.167 -0.986] nu_des=[-0.01 0.03 0.00 -0.08 -0.35]
INFO  [mc_indi_tiltrotor] T0dbg2 Ws34=[0.1 20.0] Wu0=1.0 du0=0.1159 dmin0=-17.0170 dmax0=27.9830
INFO  [mc_indi_tiltrotor] T2dbg1 G2=[-0.000 -0.550 0.060 0.003 -1.000] G5=[-0.968 -1.107 -0.002 16.136 0.041]
INFO  [mc_indi_tiltrotor] T2dbg2 Wu25=[1.0 9.0] du25=[0.1084 0.0006] dmax25=[28.8637 0.0021] nu_yaw=0.005
INFO  [mc_indi_tiltrotor] WRdbg0 Wu0=1 lo0=-17.02 du0=0.1159 pin0=-0.035 a0=[0.017 0.017 0.000 0.000 0.118]
INFO  [mc_indi_tiltrotor] WRdbg1 Wu1=1 lo1=-17.38 du1=0.0997 pin1=-0.018 a1=[-0.015 0.015 -0.000 -0.000 0.119]
INFO  [mc_indi_tiltrotor] YWdbg nu2=0.027 ach2=0.026 r=-0.00 wsp2=-0.00 ddelta=[-0.0025 0.0015 0.0001]
INFO  [mc_indi_tiltrotor] T0dbg1 G0=[-0.355 0.247 -0.000 0.169 -0.986] nu_des=[-0.00 0.02 0.01 -0.40 0.02]
INFO  [mc_indi_tiltrotor] T0dbg2 Ws34=[0.1 20.0] Wu0=1.0 du0=-0.0078 dmin0=-17.8379 dmax0=27.1621
INFO  [mc_indi_tiltrotor] T2dbg1 G2=[-0.000 -0.550 0.060 0.004 -1.000] G5=[-1.018 -1.150 -0.004 16.964 0.068]
INFO  [mc_indi_tiltrotor] T2dbg2 Wu25=[1.0 9.0] du25=[-0.0149 -0.0003] dmax25=[28.0358 0.0014] nu_yaw=0.014
INFO  [mc_indi_tiltrotor] WRdbg0 Wu0=1 lo0=-17.84 du0=-0.0078 pin0=0.000 a0=[0.001 -0.002 0.000 -0.002 -0.005]
INFO  [mc_indi_tiltrotor] WRdbg1 Wu1=1 lo1=-18.12 du1=-0.0078 pin1=0.000 a1=[-0.001 0.004 -0.003 -0.001 -0.006]
INFO  [mc_indi_tiltrotor] T0dbg1 G0=[-0.355 0.246 -0.003 0.179 -0.984] nu_des=[0.00 -0.04 -0.05 -0.76 0.05]
INFO  [mc_indi_tiltrotor] T0dbg2 Ws34=[0.1 20.0] Wu0=1.0 du0=-0.0170 dmin0=-17.7179 dmax0=27.2821
INFO  [mc_indi_tiltrotor] T2dbg1 G2=[-0.000 -0.550 0.060 0.005 -1.000] G5=[-1.009 -1.133 -0.005 16.817 0.080]
INFO  [mc_indi_tiltrotor] T2dbg2 Wu25=[1.0 9.0] du25=[0.0058 -0.0001] dmax25=[28.1824 0.0018] nu_yaw=-0.050
INFO  [mc_indi_tiltrotor] WRdbg0 Wu0=1 lo0=-17.72 du0=-0.0170 pin0=0.000 a0=[-0.002 0.004 -0.001 -0.004 -0.013]
INFO  [mc_indi_tiltrotor] WRdbg1 Wu1=1 lo1=-17.80 du1=-0.0145 pin1=0.000 a1=[0.003 -0.008 0.009 -0.003 -0.016]
INFO  [mc_indi_tiltrotor] YWdbg nu2=-0.008 ach2=0.035 r=0.02 wsp2=-0.01 ddelta=[-0.0030 -0.0030 0.0075]
INFO  [mc_indi_tiltrotor] T0dbg1 G0=[-0.355 0.247 -0.002 0.174 -0.985] nu_des=[-0.00 0.13 -0.04 -0.39 -0.06]
INFO  [mc_indi_tiltrotor] T0dbg2 Ws34=[0.1 20.0] Wu0=1.0 du0=0.0822 dmin0=-16.9349 dmax0=28.0651
INFO  [mc_indi_tiltrotor] T2dbg1 G2=[-0.000 -0.550 0.060 0.004 -1.000] G5=[-0.987 -1.116 -0.004 16.451 0.065]
INFO  [mc_indi_tiltrotor] T2dbg2 Wu25=[1.0 9.0] du25=[-0.1171 -0.0027] dmax25=[28.5493 -0.0005] nu_yaw=-0.043
INFO  [mc_indi_tiltrotor] WRdbg0 Wu0=1 lo0=-16.93 du0=0.0822 pin0=-0.026 a0=[0.004 0.084 -0.001 0.000 0.021]
INFO  [mc_indi_tiltrotor] WRdbg1 Wu1=1 lo1=-17.09 du1=0.0814 pin1=-0.011 a1=[-0.003 0.074 0.002 -0.000 0.021]
INFO  [mc_indi_tiltrotor] T0dbg1 G0=[-0.355 0.246 -0.002 0.176 -0.984] nu_des=[0.02 -0.09 0.03 -0.49 0.08]
INFO  [mc_indi_tiltrotor] T0dbg2 Ws34=[0.1 20.0] Wu0=1.0 du0=-0.0459 dmin0=-17.8925 dmax0=27.1075
INFO  [mc_indi_tiltrotor] T2dbg1 G2=[-0.000 -0.550 0.060 0.004 -1.000] G5=[-1.031 -1.167 -0.004 17.186 0.066]
INFO  [mc_indi_tiltrotor] T2dbg2 Wu25=[1.0 9.0] du25=[0.0350 0.0002] dmax25=[27.8135 0.0014] nu_yaw=0.033
INFO  [mc_indi_tiltrotor] WRdbg0 Wu0=1 lo0=-17.89 du0=-0.0459 pin0=0.064 a0=[-0.024 -0.060 0.001 0.000 -0.026]
INFO  [mc_indi_tiltrotor] WRdbg1 Wu1=1 lo1=-18.20 du1=-0.0335 pin1=0.025 a1=[0.022 -0.052 -0.002 -0.001 -0.027]
INFO  [mc_indi_tiltrotor] YWdbg nu2=0.010 ach2=0.010 r=-0.01 wsp2=0.00 ddelta=[-0.0060 -0.0041 -0.0007]
INFO  [mc_indi_tiltrotor] T0dbg1 G0=[-0.355 0.248 0.002 0.163 -0.987] nu_des=[-0.00 0.02 0.01 -0.14 0.05]
INFO  [mc_indi_tiltrotor] T0dbg2 Ws34=[0.1 20.0] Wu0=1.0 du0=-0.0105 dmin0=-17.6935 dmax0=27.3065
INFO  [mc_indi_tiltrotor] T2dbg1 G2=[-0.000 -0.550 0.060 0.003 -1.000] G5=[-1.008 -1.153 -0.003 16.800 0.042]
INFO  [mc_indi_tiltrotor] T2dbg2 Wu25=[1.0 9.0] du25=[-0.0299 -0.0002] dmax25=[28.1996 0.0016] nu_yaw=0.008
INFO  [mc_indi_tiltrotor] WRdbg0 Wu0=1 lo0=-17.69 du0=-0.0105 pin0=0.000 a0=[0.004 -0.002 0.000 -0.001 -0.012]
INFO  [mc_indi_tiltrotor] WRdbg1 Wu1=1 lo1=-18.06 du1=-0.0159 pin1=0.000 a1=[-0.006 0.006 -0.002 -0.000 -0.014]
INFO  [mc_indi_tiltrotor] T0dbg1 G0=[-0.355 0.249 0.003 0.161 -0.987] nu_des=[-0.01 -0.01 -0.03 0.06 -0.14]
INFO  [mc_indi_tiltrotor] T0dbg2 Ws34=[0.1 20.0] Wu0=1.0 du0=0.0501 dmin0=-16.9759 dmax0=28.0241
INFO  [mc_indi_tiltrotor] T2dbg1 G2=[-0.000 -0.550 0.060 0.003 -1.000] G5=[-0.963 -1.097 -0.003 16.045 0.048]
INFO  [mc_indi_tiltrotor] T2dbg2 Wu25=[1.0 9.0] du25=[0.0584 0.0007] dmax25=[28.9548 0.0023] nu_yaw=-0.027
INFO  [mc_indi_tiltrotor] WRdbg0 Wu0=1 lo0=-16.98 du0=0.0501 pin0=-0.005 a0=[0.014 -0.006 -0.000 -0.000 0.047]
INFO  [mc_indi_tiltrotor] WRdbg1 Wu1=1 lo1=-17.15 du1=0.0330 pin1=0.002 a1=[-0.013 -0.005 0.001 0.000 0.047]
INFO  [mc_indi_tiltrotor] YWdbg nu2=0.012 ach2=0.011 r=0.04 wsp2=-0.02 ddelta=[0.0080 0.0095 0.0004]
INFO  [mc_indi_tiltrotor] T0dbg1 G0=[-0.355 0.247 -0.001 0.171 -0.985] nu_des=[0.02 -0.04 -0.01 -0.39 0.04]
INFO  [mc_indi_tiltrotor] T0dbg2 Ws34=[0.1 20.0] Wu0=1.0 du0=-0.0271 dmin0=-17.7646 dmax0=27.2354
INFO  [mc_indi_tiltrotor] T2dbg1 G2=[-0.000 -0.550 0.060 0.005 -1.000] G5=[-1.011 -1.133 -0.005 16.849 0.084]
INFO  [mc_indi_tiltrotor] T2dbg2 Wu25=[1.0 9.0] du25=[0.0067 -0.0005] dmax25=[28.1507 0.0016] nu_yaw=-0.006
INFO  [mc_indi_tiltrotor] WRdbg0 Wu0=1 lo0=-17.76 du0=-0.0271 pin0=0.000 a0=[-0.018 0.004 -0.000 -0.002 -0.011]
INFO  [mc_indi_tiltrotor] WRdbg1 Wu1=1 lo1=-17.91 du1=0.0009 pin1=0.000 a1=[0.024 -0.010 0.001 -0.001 -0.013]
INFO  [mc_indi_tiltrotor] T0dbg1 G0=[-0.355 0.246 -0.004 0.179 -0.984] nu_des=[-0.00 0.04 0.03 -0.73 0.01]
INFO  [mc_indi_tiltrotor] T0dbg2 Ws34=[0.1 20.0] Wu0=1.0 du0=-0.0057 dmin0=-17.6421 dmax0=27.3579
INFO  [mc_indi_tiltrotor] T2dbg1 G2=[-0.000 -0.550 0.060 0.005 -1.000] G5=[-1.010 -1.130 -0.005 16.826 0.087]
INFO  [mc_indi_tiltrotor] T2dbg2 Wu25=[1.0 9.0] du25=[-0.0199 -0.0005] dmax25=[28.1739 0.0015] nu_yaw=0.026
INFO  [mc_indi_tiltrotor] WRdbg0 Wu0=1 lo0=-17.64 du0=-0.0057 pin0=0.000 a0=[0.004 -0.004 0.001 -0.004 -0.002]
INFO  [mc_indi_tiltrotor] WRdbg1 Wu1=1 lo1=-17.84 du1=-0.0072 pin1=0.000 a1=[-0.005 0.008 -0.005 -0.003 -0.002]
INFO  [mc_indi_tiltrotor] YWdbg nu2=-0.019 ach2=-0.012 r=0.02 wsp2=-0.02 ddelta=[-0.0068 -0.0087 -0.0003]
INFO  [mc_indi_tiltrotor] T0dbg1 G0=[-0.355 0.248 0.001 0.166 -0.986] nu_des=[-0.01 0.02 -0.02 -0.10 -0.09]
INFO  [mc_indi_tiltrotor] T0dbg2 Ws34=[0.1 20.0] Wu0=1.0 du0=0.0414 dmin0=-16.9500 dmax0=28.0500
INFO  [mc_indi_tiltrotor] T2dbg1 G2=[-0.000 -0.550 0.060 0.004 -1.000] G5=[-0.972 -1.095 -0.004 16.195 0.071]
INFO  [mc_indi_tiltrotor] T2dbg2 Wu25=[1.0 9.0] du25=[0.0197 0.0001] dmax25=[28.8046 0.0018] nu_yaw=-0.024
INFO  [mc_indi_tiltrotor] WRdbg0 Wu0=1 lo0=-16.95 du0=0.0414 pin0=-0.030 a0=[0.017 0.014 0.009 0.000 0.031]
INFO  [mc_indi_tiltrotor] WRdbg1 Wu1=1 lo1=-17.25 du1=0.0254 pin1=-0.012 a1=[-0.015 0.012 0.009 -0.000 0.032]
INFO  [mc_indi_tiltrotor] T0dbg1 G0=[-0.355 0.246 -0.003 0.176 -0.984] nu_des=[0.00 0.03 0.05 -0.42 0.24]
INFO  [mc_indi_tiltrotor] T0dbg2 Ws34=[0.1 20.0] Wu0=1.0 du0=-0.0836 dmin0=-18.0389 dmax0=26.9611
INFO  [mc_indi_tiltrotor] T2dbg1 G2=[-0.000 -0.550 0.060 0.004 -1.000] G5=[-1.011 -1.139 -0.004 16.850 0.074]
INFO  [mc_indi_tiltrotor] T2dbg2 Wu25=[1.0 1000000.0] du25=[-0.1008 -0.0010] dmax25=[28.1500 -0.0010] nu_yaw=0.046
INFO  [mc_indi_tiltrotor] WRdbg0 Wu0=1 lo0=-18.04 du0=-0.0836 pin0=-0.015 a0=[-0.005 0.019 -0.000 -0.000 -0.082]
INFO  [mc_indi_tiltrotor] WRdbg1 Wu1=1 lo1=-18.34 du1=-0.0731 pin1=-0.014 a1=[0.005 0.019 -0.000 -0.000 -0.084]
INFO  [mc_indi_tiltrotor] YWdbg nu2=-0.010 ach2=-0.009 r=-0.02 wsp2=0.01 ddelta=[-0.0040 -0.0048 -0.0013]
INFO  [mc_indi_tiltrotor] T0dbg1 G0=[-0.355 0.248 0.002 0.164 -0.987] nu_des=[-0.00 0.01 -0.01 -0.14 0.00]
INFO  [mc_indi_tiltrotor] T0dbg2 Ws34=[0.1 20.0] Wu0=1.0 du0=0.0016 dmin0=-17.8077 dmax0=27.1923
INFO  [mc_indi_tiltrotor] T2dbg1 G2=[-0.000 -0.550 0.060 0.003 -1.000] G5=[-1.013 -1.152 -0.003 16.891 0.054]
INFO  [mc_indi_tiltrotor] T2dbg2 Wu25=[1.0 9.0] du25=[-0.0023 -0.0000] dmax25=[28.1091 0.0018] nu_yaw=-0.014
INFO  [mc_indi_tiltrotor] WRdbg0 Wu0=1 lo0=-17.81 du0=0.0016 pin0=0.000 a0=[0.004 -0.001 -0.000 -0.001 -0.000]
INFO  [mc_indi_tiltrotor] WRdbg1 Wu1=1 lo1=-18.02 du1=-0.0015 pin1=0.000 a1=[-0.005 0.002 0.003 -0.000 -0.000]
INFO  [mc_indi_tiltrotor] T0dbg1 G0=[-0.355 0.248 0.001 0.166 -0.986] nu_des=[0.01 0.32 -0.04 -0.07 -0.05]
INFO  [mc_indi_tiltrotor] T0dbg2 Ws34=[0.1 20.0] Wu0=1.0 du0=0.2414 dmin0=-16.9721 dmax0=28.0279
INFO  [mc_indi_tiltrotor] T2dbg1 G2=[-0.000 -0.550 0.060 0.004 -1.000] G5=[-1.006 -1.134 -0.004 16.766 0.071]
INFO  [mc_indi_tiltrotor] T2dbg2 Wu25=[1.0 1000000.0] du25=[-0.4084 -0.0001] dmax25=[28.2341 0.0035] nu_yaw=-0.037
INFO  [mc_indi_tiltrotor] WRdbg0 Wu0=1 lo0=-16.97 du0=0.2414 pin0=0.038 a0=[-0.008 0.195 -0.000 -0.000 0.017]
INFO  [mc_indi_tiltrotor] WRdbg1 Wu1=1 lo1=-17.16 du1=0.2435 pin1=0.021 a1=[0.008 0.198 0.000 -0.000 0.017]
INFO  [mc_indi_tiltrotor] YWdbg nu2=0.017 ach2=0.017 r=0.04 wsp2=-0.01 ddelta=[0.0102 0.0111 0.0031]
INFO  [mc_indi_tiltrotor] T0dbg1 G0=[-0.355 0.247 -0.001 0.171 -0.985] nu_des=[0.02 -0.06 0.01 -0.43 0.03]
INFO  [mc_indi_tiltrotor] T0dbg2 Ws34=[0.1 20.0] Wu0=1.0 du0=-0.0218 dmin0=-17.8615 dmax0=27.1385
INFO  [mc_indi_tiltrotor] T2dbg1 G2=[-0.000 -0.550 0.060 0.005 -1.000] G5=[-1.019 -1.145 -0.005 16.975 0.079]
INFO  [mc_indi_tiltrotor] T2dbg2 Wu25=[1.0 9.0] du25=[0.0202 -0.0001] dmax25=[28.0245 0.0015] nu_yaw=0.008
INFO  [mc_indi_tiltrotor] WRdbg0 Wu0=1 lo0=-17.86 du0=-0.0218 pin0=0.000 a0=[-0.017 0.006 0.000 -0.002 -0.009]
INFO  [mc_indi_tiltrotor] WRdbg1 Wu1=1 lo1=-18.06 du1=-0.0043 pin1=0.000 a1=[0.023 -0.014 -0.002 -0.001 -0.010]
INFO  [mc_indi_tiltrotor] T0dbg1 G0=[-0.355 0.247 -0.002 0.175 -0.985] nu_des=[-0.01 -0.29 -0.03 -0.56 0.39]
INFO  [mc_indi_tiltrotor] T0dbg2 Ws34=[0.1 20.0] Wu0=1.0 du0=-0.2957 dmin0=-17.6561 dmax0=27.3439
INFO  [mc_indi_tiltrotor] T2dbg1 G2=[-0.000 -0.550 0.060 0.004 -1.000] G5=[-1.043 -1.181 -0.004 17.383 0.065]
INFO  [mc_indi_tiltrotor] T2dbg2 Wu25=[1.0 1000000.0] du25=[0.2255 0.0056] dmax25=[27.6173 0.0092] nu_yaw=-0.026
INFO  [mc_indi_tiltrotor] WRdbg0 Wu0=1 lo0=-17.66 du0=-0.2957 pin0=-0.001 a0=[0.018 -0.181 -0.000 -0.000 -0.132]
INFO  [mc_indi_tiltrotor] WRdbg1 Wu1=1 lo1=-17.91 du1=-0.3194 pin1=0.014 a1=[-0.017 -0.183 0.000 -0.000 -0.134]
INFO  [mc_indi_tiltrotor] YWdbg nu2=-0.008 ach2=0.002 r=-0.00 wsp2=-0.01 ddelta=[-0.0012 -0.0008 0.0001]
INFO  [mc_indi_tiltrotor] T0dbg1 G0=[-0.355 0.248 0.001 0.167 -0.986] nu_des=[-0.00 -0.15 -0.01 -0.13 -0.34]
INFO  [mc_indi_tiltrotor] T0dbg2 Ws34=[0.1 20.0] Wu0=1.0 du0=0.0102 dmin0=-17.0334 dmax0=27.9666
INFO  [mc_indi_tiltrotor] T2dbg1 G2=[-0.000 -0.550 0.060 0.003 -1.000] G5=[-0.969 -1.101 -0.003 16.158 0.054]
INFO  [mc_indi_tiltrotor] T2dbg2 Wu25=[1.0 9.0] du25=[0.3050 0.0052] dmax25=[28.8423 0.0056] nu_yaw=-0.006
INFO  [mc_indi_tiltrotor] WRdbg0 Wu0=1 lo0=-17.03 du0=0.0102 pin0=-0.013 a0=[0.007 -0.099 -0.000 0.000 0.116]
INFO  [mc_indi_tiltrotor] WRdbg1 Wu1=1 lo1=-17.33 du1=0.0171 pin1=-0.007 a1=[-0.006 -0.087 0.000 -0.000 0.117]
INFO  [mc_indi_tiltrotor] T0dbg1 G0=[-0.355 0.247 -0.002 0.174 -0.985] nu_des=[0.01 -0.19 -0.02 -0.30 0.20]
INFO  [mc_indi_tiltrotor] T0dbg2 Ws34=[0.1 20.0] Wu0=1.0 du0=-0.1336 dmin0=-17.7092 dmax0=27.2908
INFO  [mc_indi_tiltrotor] T2dbg1 G2=[-0.000 -0.550 0.060 0.005 -1.000] G5=[-1.058 -1.191 -0.005 17.640 0.080]
INFO  [mc_indi_tiltrotor] T2dbg2 Wu25=[1.0 1000000.0] du25=[0.1110 0.0060] dmax25=[27.3598 0.0096] nu_yaw=-0.025
INFO  [mc_indi_tiltrotor] WRdbg0 Wu0=1 lo0=-17.71 du0=-0.1336 pin0=0.062 a0=[-0.009 -0.120 0.000 -0.000 -0.066]
INFO  [mc_indi_tiltrotor] WRdbg1 Wu1=1 lo1=-17.97 du1=-0.1372 pin1=0.043 a1=[0.009 -0.122 0.000 -0.000 -0.067]
INFO  [mc_indi_tiltrotor] YWdbg nu2=0.004 ach2=0.004 r=-0.00 wsp2=0.00 ddelta=[0.0042 0.0048 -0.0002]
INFO  [mc_indi_tiltrotor] T0dbg1 G0=[-0.355 0.247 -0.002 0.174 -0.985] nu_des=[0.01 -0.66 0.01 -0.48 0.25]
INFO  [mc_indi_tiltrotor] T0dbg2 Ws34=[0.1 20.0] Wu0=1.0 du0=-0.4404 dmin0=-17.6406 dmax0=27.3594
INFO  [mc_indi_tiltrotor] T2dbg1 G2=[-0.000 -0.550 0.060 0.005 -1.000] G5=[-1.037 -1.167 -0.005 17.292 0.078]
INFO  [mc_indi_tiltrotor] T2dbg2 Wu25=[1.0 1000000.0] du25=[0.6587 0.0088] dmax25=[27.7083 0.0088] nu_yaw=0.006
INFO  [mc_indi_tiltrotor] WRdbg0 Wu0=1 lo0=-17.64 du0=-0.4404 pin0=0.060 a0=[-0.009 -0.406 0.000 -0.000 -0.085]
INFO  [mc_indi_tiltrotor] WRdbg1 Wu1=1 lo1=-17.83 du1=-0.4357 pin1=0.052 a1=[0.009 -0.410 -0.000 -0.000 -0.086]
INFO  [mc_indi_tiltrotor] T0dbg1 G0=[-0.355 0.248 0.001 0.166 -0.986] nu_des=[-0.01 0.01 -0.03 -0.14 0.07]
INFO  [mc_indi_tiltrotor] T0dbg2 Ws34=[0.1 20.0] Wu0=1.0 du0=0.0074 dmin0=-16.9080 dmax0=28.0920
INFO  [mc_indi_tiltrotor] T2dbg1 G2=[-0.000 -0.550 0.060 0.005 -1.000] G5=[-0.998 -1.121 -0.005 16.635 0.078]
INFO  [mc_indi_tiltrotor] T2dbg2 Wu25=[1.0 1000000.0] du25=[-0.0544 0.0033] dmax25=[28.3645 0.0069] nu_yaw=-0.027
INFO  [mc_indi_tiltrotor] WRdbg0 Wu0=1 lo0=-16.91 du0=0.0074 pin0=0.018 a0=[0.007 0.005 -0.000 -0.000 -0.023]
INFO  [mc_indi_tiltrotor] WRdbg1 Wu1=1 lo1=-17.12 du1=-0.0076 pin1=0.018 a1=[-0.007 0.005 0.000 -0.000 -0.023]
INFO  [mc_indi_tiltrotor] YWdbg nu2=0.007 ach2=-0.051 r=0.03 wsp2=0.00 ddelta=[0.0012 0.0012 -0.0052]
INFO  [mc_indi_tiltrotor] T0dbg1 G0=[-0.355 0.247 -0.001 0.171 -0.985] nu_des=[0.02 -0.03 0.03 -0.40 0.02]
INFO  [mc_indi_tiltrotor] T0dbg2 Ws34=[0.1 20.0] Wu0=1.0 du0=-0.0211 dmin0=-17.8772 dmax0=27.1228
INFO  [mc_indi_tiltrotor] T2dbg1 G2=[-0.000 -0.550 0.060 0.005 -1.000] G5=[-1.021 -1.143 -0.005 17.024 0.089]
INFO  [mc_indi_tiltrotor] T2dbg2 Wu25=[1.0 9.0] du25=[0.0075 -0.0004] dmax25=[27.9756 0.0015] nu_yaw=0.031
INFO  [mc_indi_tiltrotor] WRdbg0 Wu0=1 lo0=-17.88 du0=-0.0211 pin0=0.000 a0=[-0.017 0.004 0.001 -0.002 -0.006]
INFO  [mc_indi_tiltrotor] WRdbg1 Wu1=1 lo1=-18.08 du1=-0.0007 pin1=0.000 a1=[0.023 -0.008 -0.006 -0.001 -0.008]
INFO  [mc_indi_tiltrotor] T0dbg1 G0=[-0.355 0.248 0.000 0.168 -0.986] nu_des=[0.00 -0.14 0.05 -0.33 0.14]
INFO  [mc_indi_tiltrotor] T0dbg2 Ws34=[0.1 20.0] Wu0=1.0 du0=-0.0793 dmin0=-17.9016 dmax0=27.0984
INFO  [mc_indi_tiltrotor] T2dbg1 G2=[-0.000 -0.550 0.060 0.005 -1.000] G5=[-1.010 -1.134 -0.005 16.825 0.079]
INFO  [mc_indi_tiltrotor] T2dbg2 Wu25=[1.0 9.0] du25=[0.0730 0.0020] dmax25=[28.1747 0.0042] nu_yaw=0.047
INFO  [mc_indi_tiltrotor] WRdbg0 Wu0=1 lo0=-17.90 du0=-0.0793 pin0=0.057 a0=[-0.000 -0.089 0.001 0.000 -0.048]
INFO  [mc_indi_tiltrotor] WRdbg1 Wu1=1 lo1=-18.16 du1=-0.1040 pin1=0.024 a1=[0.000 -0.078 -0.002 -0.000 -0.048]
INFO  [mc_indi_tiltrotor] YWdbg nu2=-0.010 ach2=0.053 r=-0.00 wsp2=-0.01 ddelta=[-0.0102 -0.0024 0.0001]
INFO  [mc_indi_tiltrotor] T0dbg1 G0=[-0.355 0.249 0.003 0.160 -0.987] nu_des=[-0.00 -0.00 -0.05 -0.01 -0.16]
INFO  [mc_indi_tiltrotor] T0dbg2 Ws34=[0.1 20.0] Wu0=1.0 du0=0.0531 dmin0=-17.3724 dmax0=27.6276
INFO  [mc_indi_tiltrotor] T2dbg1 G2=[-0.000 -0.550 0.060 0.004 -1.000] G5=[-0.990 -1.122 -0.004 16.503 0.060]
INFO  [mc_indi_tiltrotor] T2dbg2 Wu25=[1.0 9.0] du25=[0.0561 0.0002] dmax25=[28.4969 0.0019] nu_yaw=-0.053
INFO  [mc_indi_tiltrotor] WRdbg0 Wu0=1 lo0=-17.37 du0=0.0531 pin0=-0.003 a0=[0.002 -0.001 -0.001 0.000 0.055]
INFO  [mc_indi_tiltrotor] WRdbg1 Wu1=1 lo1=-17.63 du1=0.0607 pin1=0.005 a1=[-0.002 -0.000 0.002 -0.000 0.056]
INFO  [mc_indi_tiltrotor] T0dbg1 G0=[-0.355 0.248 0.001 0.167 -0.986] nu_des=[-0.00 0.02 -0.00 -0.29 -0.00]
INFO  [mc_indi_tiltrotor] T0dbg2 Ws34=[0.1 20.0] Wu0=1.0 du0=0.0020 dmin0=-17.9228 dmax0=27.0772
INFO  [mc_indi_tiltrotor] T2dbg1 G2=[-0.000 -0.550 0.060 0.004 -1.000] G5=[-1.022 -1.154 -0.004 17.037 0.070]
INFO  [mc_indi_tiltrotor] T2dbg2 Wu25=[1.0 9.0] du25=[-0.0074 -0.0002] dmax25=[27.9629 0.0016] nu_yaw=-0.002
INFO  [mc_indi_tiltrotor] WRdbg0 Wu0=1 lo0=-17.92 du0=0.0020 pin0=0.000 a0=[0.005 -0.002 -0.000 -0.002 0.001]
INFO  [mc_indi_tiltrotor] WRdbg1 Wu1=1 lo1=-18.17 du1=-0.0005 pin1=0.000 a1=[-0.006 0.005 0.000 -0.001 0.001]
INFO  [mc_indi_tiltrotor] YWdbg nu2=0.023 ach2=0.022 r=-0.02 wsp2=0.00 ddelta=[0.0036 0.0069 0.0002]
INFO  [mc_indi_tiltrotor] T0dbg1 G0=[-0.355 0.248 0.000 0.168 -0.986] nu_des=[0.01 -0.01 0.03 -0.39 0.02]
INFO  [mc_indi_tiltrotor] T0dbg2 Ws34=[0.1 20.0] Wu0=1.0 du0=-0.0132 dmin0=-17.7346 dmax0=27.2654
INFO  [mc_indi_tiltrotor] T2dbg1 G2=[-0.000 -0.550 0.060 0.004 -1.000] G5=[-1.015 -1.148 -0.004 16.913 0.065]
INFO  [mc_indi_tiltrotor] T2dbg2 Wu25=[1.0 9.0] du25=[-0.0012 -0.0003] dmax25=[28.0873 0.0013] nu_yaw=0.025
INFO  [mc_indi_tiltrotor] WRdbg0 Wu0=1 lo0=-17.73 du0=-0.0132 pin0=0.000 a0=[-0.008 0.001 0.001 -0.002 -0.005]
INFO  [mc_indi_tiltrotor] WRdbg1 Wu1=1 lo1=-17.98 du1=-0.0047 pin1=0.000 a1=[0.010 -0.003 -0.005 -0.001 -0.006]
INFO  [mc_indi_tiltrotor] T0dbg1 G0=[-0.355 0.249 0.004 0.159 -0.987] nu_des=[-0.00 0.01 -0.03 0.04 -0.07]
INFO  [mc_indi_tiltrotor] T0dbg2 Ws34=[0.1 20.0] Wu0=1.0 du0=0.0217 dmin0=-17.1071 dmax0=27.8929
INFO  [mc_indi_tiltrotor] T2dbg1 G2=[-0.000 -0.550 0.060 0.003 -1.000] G5=[-0.983 -1.116 -0.003 16.375 0.056]
INFO  [mc_indi_tiltrotor] T2dbg2 Wu25=[1.0 9.0] du25=[0.0252 -0.0000] dmax25=[28.6247 0.0019] nu_yaw=-0.030
INFO  [mc_indi_tiltrotor] WRdbg0 Wu0=1 lo0=-17.11 du0=0.0217 pin0=-0.020 a0=[0.003 0.004 0.011 -0.000 0.025]
INFO  [mc_indi_tiltrotor] WRdbg1 Wu1=1 lo1=-17.36 du1=0.0283 pin1=-0.008 a1=[-0.003 0.003 0.011 0.000 0.025]
INFO  [mc_indi_tiltrotor] YWdbg nu2=-0.006 ach2=0.004 r=0.02 wsp2=-0.00 ddelta=[0.0063 0.0064 0.0008]
INFO  [mc_indi_tiltrotor] T0dbg1 G0=[-0.355 0.247 -0.002 0.174 -0.985] nu_des=[0.01 -0.00 -0.01 -0.51 0.01]
INFO  [mc_indi_tiltrotor] T0dbg2 Ws34=[0.1 20.0] Wu0=1.0 du0=-0.0156 dmin0=-17.8092 dmax0=27.1908
INFO  [mc_indi_tiltrotor] T2dbg1 G2=[-0.000 -0.550 0.060 0.004 -1.000] G5=[-1.029 -1.164 -0.004 17.148 0.066]
INFO  [mc_indi_tiltrotor] T2dbg2 Wu25=[1.0 9.0] du25=[-0.0020 -0.0007] dmax25=[27.8518 0.0009] nu_yaw=-0.012
INFO  [mc_indi_tiltrotor] WRdbg0 Wu0=1 lo0=-17.81 du0=-0.0156 pin0=0.000 a0=[-0.010 0.000 -0.000 -0.003 -0.003]
INFO  [mc_indi_tiltrotor] WRdbg1 Wu1=1 lo1=-18.12 du1=0.0103 pin1=0.000 a1=[0.013 -0.000 0.002 -0.002 -0.003]
INFO  [mc_indi_tiltrotor] T0dbg1 G0=[-0.355 0.247 -0.001 0.171 -0.985] nu_des=[0.01 0.16 0.03 -0.37 0.33]
INFO  [mc_indi_tiltrotor] T0dbg2 Ws34=[0.1 20.0] Wu0=1.0 du0=-0.0350 dmin0=-18.0313 dmax0=26.9687
INFO  [mc_indi_tiltrotor] T2dbg1 G2=[-0.000 -0.550 0.060 0.003 -1.000] G5=[-1.008 -1.145 -0.003 16.799 0.055]
INFO  [mc_indi_tiltrotor] T2dbg2 Wu25=[1.0 1000000.0] du25=[-0.2853 -0.0033] dmax25=[28.2006 -0.0016] nu_yaw=0.032
INFO  [mc_indi_tiltrotor] WRdbg0 Wu0=1 lo0=-18.03 du0=-0.0350 pin0=-0.011 a0=[-0.011 0.098 0.000 -0.000 -0.111]
INFO  [mc_indi_tiltrotor] WRdbg1 Wu1=1 lo1=-18.22 du1=-0.0159 pin1=-0.013 a1=[0.011 0.100 -0.000 -0.000 -0.113]
INFO  [mc_indi_tiltrotor] YWdbg nu2=-0.002 ach2=0.002 r=0.00 wsp2=-0.01 ddelta=[-0.0043 -0.0040 -0.0001]
INFO  [mc_indi_tiltrotor] T0dbg1 G0=[-0.355 0.248 0.002 0.163 -0.987] nu_des=[0.01 0.00 -0.01 -0.01 -0.13]
INFO  [mc_indi_tiltrotor] T0dbg2 Ws34=[0.1 20.0] Wu0=1.0 du0=0.0299 dmin0=-17.2409 dmax0=27.7591
INFO  [mc_indi_tiltrotor] T2dbg1 G2=[-0.000 -0.550 0.060 0.004 -1.000] G5=[-0.979 -1.110 -0.003 16.312 0.057]
INFO  [mc_indi_tiltrotor] T2dbg2 Wu25=[1.0 9.0] du25=[0.0474 -0.0002] dmax25=[28.6879 0.0017] nu_yaw=-0.006
INFO  [mc_indi_tiltrotor] WRdbg0 Wu0=1 lo0=-17.24 du0=0.0299 pin0=-0.009 a0=[-0.008 0.001 0.002 0.000 0.043]
INFO  [mc_indi_tiltrotor] WRdbg1 Wu1=1 lo1=-17.38 du1=0.0504 pin1=-0.004 a1=[0.007 0.001 0.002 -0.000 0.044]
INFO  [mc_indi_tiltrotor] T0dbg1 G0=[-0.355 0.248 0.000 0.169 -0.986] nu_des=[-0.00 -0.01 -0.02 -0.24 0.01]
INFO  [mc_indi_tiltrotor] T0dbg2 Ws34=[0.1 20.0] Wu0=1.0 du0=-0.0025 dmin0=-17.7468 dmax0=27.2532
INFO  [mc_indi_tiltrotor] T2dbg1 G2=[-0.000 -0.550 0.060 0.003 -1.000] G5=[-1.020 -1.158 -0.003 17.002 0.058]
INFO  [mc_indi_tiltrotor] T2dbg2 Wu25=[1.0 9.0] du25=[0.0044 0.0000] dmax25=[27.9975 0.0017] nu_yaw=-0.017
INFO  [mc_indi_tiltrotor] WRdbg0 Wu0=1 lo0=-17.75 du0=-0.0025 pin0=0.000 a0=[0.001 0.001 -0.001 -0.001 -0.002]
INFO  [mc_indi_tiltrotor] WRdbg1 Wu1=1 lo1=-18.00 du1=-0.0040 pin1=0.000 a1=[-0.001 -0.003 0.004 -0.001 -0.003]
INFO  [mc_indi_tiltrotor] YWdbg nu2=-0.010 ach2=-0.010 r=0.01 wsp2=-0.01 ddelta=[-0.0008 -0.0021 -0.0007]
INFO  [mc_indi_tiltrotor] T0dbg1 G0=[-0.355 0.247 -0.001 0.172 -0.985] nu_des=[-0.00 0.02 -0.01 -0.26 0.01]
INFO  [mc_indi_tiltrotor] T0dbg2 Ws34=[0.1 20.0] Wu0=1.0 du0=-0.0041 dmin0=-17.6212 dmax0=27.3788
INFO  [mc_indi_tiltrotor] T2dbg1 G2=[-0.000 -0.550 0.060 0.003 -1.000] G5=[-1.019 -1.163 -0.003 16.983 0.047]
INFO  [mc_indi_tiltrotor] T2dbg2 Wu25=[1.0 9.0] du25=[-0.0092 -0.0003] dmax25=[28.0174 0.0014] nu_yaw=-0.008
INFO  [mc_indi_tiltrotor] WRdbg0 Wu0=1 lo0=-17.62 du0=-0.0041 pin0=0.000 a0=[0.001 -0.002 -0.000 -0.001 -0.001]
INFO  [mc_indi_tiltrotor] WRdbg1 Wu1=1 lo1=-18.00 du1=0.0023 pin1=0.000 a1=[-0.001 0.004 0.002 -0.001 -0.002]
INFO  [mc_indi_tiltrotor] T0dbg1 G0=[-0.355 0.248 0.002 0.163 -0.987] nu_des=[-0.01 0.01 -0.01 -0.01 -0.26]
INFO  [mc_indi_tiltrotor] T0dbg2 Ws34=[0.1 20.0] Wu0=1.0 du0=0.0940 dmin0=-17.2961 dmax0=27.7039
INFO  [mc_indi_tiltrotor] T2dbg1 G2=[-0.000 -0.550 0.060 0.004 -1.000] G5=[-0.992 -1.124 -0.004 16.527 0.060]
INFO  [mc_indi_tiltrotor] T2dbg2 Wu25=[1.0 9.0] du25=[0.0819 0.0006] dmax25=[28.4725 0.0020] nu_yaw=-0.006
INFO  [mc_indi_tiltrotor] WRdbg0 Wu0=1 lo0=-17.30 du0=0.0940 pin0=-0.010 a0=[0.012 0.004 -0.000 0.000 0.087]
INFO  [mc_indi_tiltrotor] WRdbg1 Wu1=1 lo1=-17.57 du1=0.0758 pin1=-0.005 a1=[-0.011 0.004 0.000 -0.000 0.088]
INFO  [mc_indi_tiltrotor] YWdbg nu2=-0.020 ach2=-0.020 r=0.01 wsp2=0.00 ddelta=[0.0037 0.0005 -0.0001]
INFO  [mc_indi_tiltrotor] T0dbg1 G0=[-0.355 0.248 0.002 0.165 -0.986] nu_des=[0.01 0.00 -0.01 -0.14 0.02]
INFO  [mc_indi_tiltrotor] T0dbg2 Ws34=[0.1 20.0] Wu0=1.0 du0=-0.0110 dmin0=-17.9604 dmax0=27.0396
INFO  [mc_indi_tiltrotor] T2dbg1 G2=[-0.000 -0.550 0.060 0.004 -1.000] G5=[-1.028 -1.164 -0.004 17.130 0.064]
INFO  [mc_indi_tiltrotor] T2dbg2 Wu25=[1.0 9.0] du25=[-0.0077 -0.0004] dmax25=[27.8699 0.0014] nu_yaw=-0.005
INFO  [mc_indi_tiltrotor] WRdbg0 Wu0=1 lo0=-17.96 du0=-0.0110 pin0=0.000 a0=[-0.006 -0.000 -0.000 -0.001 -0.004]
INFO  [mc_indi_tiltrotor] WRdbg1 Wu1=1 lo1=-18.16 du1=0.0034 pin1=0.000 a1=[0.007 0.001 0.001 -0.000 -0.005]
INFO  [mc_indi_tiltrotor] T0dbg1 G0=[-0.355 0.246 -0.003 0.178 -0.984] nu_des=[0.01 -0.02 0.07 -0.29 8.63]
INFO  [mc_indi_tiltrotor] T0dbg2 Ws34=[0.1 20.0] Wu0=1.0 du0=-2.9397 dmin0=-16.5602 dmax0=28.4398
INFO  [mc_indi_tiltrotor] T2dbg1 G2=[-0.000 -0.550 0.060 0.004 -1.000] G5=[-0.938 -1.063 -0.003 15.628 0.057]
INFO  [mc_indi_tiltrotor] T2dbg2 Wu25=[1.0 1000000.0] du25=[-2.7560 -0.0036] dmax25=[29.3716 -0.0019] nu_yaw=0.066
INFO  [mc_indi_tiltrotor] WRdbg0 Wu0=1 lo0=-16.56 du0=-2.9397 pin0=0.023 a0=[-0.017 -0.011 -0.000 -0.000 -2.934]
INFO  [mc_indi_tiltrotor] WRdbg1 Wu1=1 lo1=-16.69 du1=-2.9738 pin1=-0.005 a1=[0.016 -0.011 -0.000 -0.000 -2.974]
INFO  [mc_indi_tiltrotor] YWdbg nu2=0.015 ach2=0.018 r=-0.04 wsp2=0.02 ddelta=[-0.0034 -0.0004 0.0000]
INFO  [mc_indi_tiltrotor] T0dbg1 G0=[-0.355 0.249 0.003 0.162 -0.987] nu_des=[-0.01 0.02 -0.02 -0.02 -0.06]
INFO  [mc_indi_tiltrotor] T0dbg2 Ws34=[0.1 20.0] Wu0=1.0 du0=0.0295 dmin0=-17.1824 dmax0=27.8176
INFO  [mc_indi_tiltrotor] T2dbg1 G2=[-0.000 -0.550 0.060 0.003 -1.000] G5=[-0.983 -1.121 -0.003 16.390 0.047]
INFO  [mc_indi_tiltrotor] T2dbg2 Wu25=[1.0 9.0] du25=[0.0042 -0.0002] dmax25=[28.6100 0.0014] nu_yaw=-0.023
INFO  [mc_indi_tiltrotor] WRdbg0 Wu0=1 lo0=-17.18 du0=0.0295 pin0=-0.022 a0=[0.009 0.013 0.008 0.000 0.021]
INFO  [mc_indi_tiltrotor] WRdbg1 Wu1=1 lo1=-17.47 du1=0.0251 pin1=-0.008 a1=[-0.008 0.012 0.008 -0.000 0.021]
INFO  [mc_indi_tiltrotor] T0dbg1 G0=[-0.355 0.247 -0.001 0.172 -0.985] nu_des=[0.01 -0.01 0.03 -0.38 0.01]
INFO  [mc_indi_tiltrotor] T0dbg2 Ws34=[0.1 20.0] Wu0=1.0 du0=-0.0178 dmin0=-17.8604 dmax0=27.1396
INFO  [mc_indi_tiltrotor] T2dbg1 G2=[-0.000 -0.550 0.060 0.004 -1.000] G5=[-1.026 -1.163 -0.004 17.099 0.062]
INFO  [mc_indi_tiltrotor] T2dbg2 Wu25=[1.0 9.0] du25=[0.0013 -0.0005] dmax25=[27.9007 0.0015] nu_yaw=0.030
INFO  [mc_indi_tiltrotor] WRdbg0 Wu0=1 lo0=-17.86 du0=-0.0178 pin0=0.000 a0=[-0.014 0.002 0.001 -0.002 -0.004]
INFO  [mc_indi_tiltrotor] WRdbg1 Wu1=1 lo1=-18.15 du1=0.0045 pin1=0.000 a1=[0.020 -0.004 -0.006 -0.001 -0.004]
INFO  [mc_indi_tiltrotor] YWdbg nu2=-0.045 ach2=-0.045 r=0.03 wsp2=0.01 ddelta=[0.0044 -0.0030 0.0007]
INFO  [mc_indi_tiltrotor] T0dbg1 G0=[-0.355 0.247 -0.001 0.171 -0.985] nu_des=[0.01 -0.08 0.04 0.09 5.18]
INFO  [mc_indi_tiltrotor] T0dbg2 Ws34=[0.1 20.0] Wu0=1.0 du0=-1.7674 dmin0=-15.3590 dmax0=29.6410
INFO  [mc_indi_tiltrotor] T2dbg1 G2=[-0.000 -0.550 0.060 0.003 -1.000] G5=[-0.870 -0.991 -0.003 14.505 0.045]
INFO  [mc_indi_tiltrotor] T2dbg2 Wu25=[1.0 1000000.0] du25=[-1.6065 -0.0031] dmax25=[30.4953 -0.0014] nu_yaw=0.036
INFO  [mc_indi_tiltrotor] WRdbg0 Wu0=1 lo0=-15.36 du0=-1.7674 pin0=0.059 a0=[-0.019 -0.050 0.000 0.000 -1.757]
INFO  [mc_indi_tiltrotor] WRdbg1 Wu1=1 lo1=-15.52 du1=-1.7926 pin1=0.022 a1=[0.018 -0.051 -0.000 0.000 -1.781]
INFO  [mc_indi_tiltrotor] T0dbg1 G0=[-0.355 0.249 0.002 0.162 -0.987] nu_des=[0.00 0.01 -0.02 -0.03 -0.14]
INFO  [mc_indi_tiltrotor] T0dbg2 Ws34=[0.1 20.0] Wu0=1.0 du0=0.0501 dmin0=-17.4070 dmax0=27.5930
INFO  [mc_indi_tiltrotor] T2dbg1 G2=[-0.000 -0.550 0.060 0.004 -1.000] G5=[-0.994 -1.126 -0.004 16.573 0.063]
INFO  [mc_indi_tiltrotor] T2dbg2 Wu25=[1.0 9.0] du25=[0.0401 -0.0003] dmax25=[28.4273 0.0022] nu_yaw=-0.024
INFO  [mc_indi_tiltrotor] WRdbg0 Wu0=1 lo0=-17.41 du0=0.0501 pin0=-0.009 a0=[-0.001 0.003 0.009 0.000 0.047]
INFO  [mc_indi_tiltrotor] WRdbg1 Wu1=1 lo1=-17.61 du1=0.0566 pin1=-0.003 a1=[0.000 0.003 0.009 -0.000 0.048]
INFO  [mc_indi_tiltrotor] YWdbg nu2=-0.025 ach2=-0.024 r=0.02 wsp2=-0.02 ddelta=[0.0034 -0.0002 -0.0002]
INFO  [mc_indi_tiltrotor] T0dbg1 G0=[-0.355 0.247 -0.001 0.173 -0.985] nu_des=[0.01 0.43 0.01 -0.34 0.20]
INFO  [mc_indi_tiltrotor] T0dbg2 Ws34=[0.1 20.0] Wu0=1.0 du0=0.2220 dmin0=-17.9128 dmax0=27.0872
INFO  [mc_indi_tiltrotor] T2dbg1 G2=[-0.000 -0.550 0.060 0.005 -1.000] G5=[-1.062 -1.192 -0.005 17.694 0.084]
INFO  [mc_indi_tiltrotor] T2dbg2 Wu25=[1.0 1000000.0] du25=[-0.6274 -0.0028] dmax25=[27.3057 0.0008] nu_yaw=0.008
INFO  [mc_indi_tiltrotor] WRdbg0 Wu0=1 lo0=-17.91 du0=0.2220 pin0=0.039 a0=[-0.018 0.268 -0.000 -0.000 -0.067]
INFO  [mc_indi_tiltrotor] WRdbg1 Wu1=1 lo1=-18.04 du1=0.2306 pin1=0.010 a1=[0.017 0.271 -0.000 -0.000 -0.068]
INFO  [mc_indi_tiltrotor] T0dbg1 G0=[-0.355 0.247 -0.001 0.171 -0.985] nu_des=[-0.01 -0.13 -0.05 -0.01 7.44]
INFO  [mc_indi_tiltrotor] T0dbg2 Ws34=[0.1 20.0] Wu0=1.0 du0=-2.5315 dmin0=-15.6785 dmax0=29.3215
INFO  [mc_indi_tiltrotor] T2dbg1 G2=[-0.000 -0.550 0.060 0.005 -1.000] G5=[-0.954 -1.068 -0.005 15.907 0.083]
INFO  [mc_indi_tiltrotor] T2dbg2 Wu25=[1.0 1000000.0] du25=[-2.2719 -0.0018] dmax25=[29.0929 0.0018] nu_yaw=-0.051
INFO  [mc_indi_tiltrotor] WRdbg0 Wu0=1 lo0=-15.68 du0=-2.5315 pin0=0.060 a0=[0.016 -0.082 -0.000 -0.000 -2.525]
INFO  [mc_indi_tiltrotor] WRdbg1 Wu1=1 lo1=-15.90 du1=-2.6355 pin1=0.024 a1=[-0.016 -0.083 0.000 -0.000 -2.561]
INFO  [mc_indi_tiltrotor] YWdbg nu2=-0.018 ach2=-0.010 r=-0.01 wsp2=0.01 ddelta=[-0.0023 -0.0040 0.0001]
INFO  [mc_indi_tiltrotor] T0dbg1 G0=[-0.355 0.248 0.001 0.166 -0.986] nu_des=[-0.00 -0.01 -0.02 -0.06 -0.04]
INFO  [mc_indi_tiltrotor] T0dbg2 Ws34=[0.1 20.0] Wu0=1.0 du0=0.0173 dmin0=-17.2370 dmax0=27.7630
INFO  [mc_indi_tiltrotor] T2dbg1 G2=[-0.000 -0.550 0.060 0.005 -1.000] G5=[-0.991 -1.115 -0.004 16.510 0.075]
INFO  [mc_indi_tiltrotor] T2dbg2 Wu25=[1.0 9.0] du25=[0.0237 0.0002] dmax25=[28.4898 0.0022] nu_yaw=-0.025
INFO  [mc_indi_tiltrotor] WRdbg0 Wu0=1 lo0=-17.24 du0=0.0173 pin0=-0.006 a0=[0.005 -0.006 0.009 0.000 0.015]
INFO  [mc_indi_tiltrotor] WRdbg1 Wu1=1 lo1=-17.45 du1=0.0119 pin1=-0.002 a1=[-0.005 -0.005 0.009 -0.000 0.015]
INFO  [mc_indi_tiltrotor] T0dbg1 G0=[-0.355 0.248 0.001 0.167 -0.986] nu_des=[-0.00 0.05 -0.02 -0.28 0.04]
INFO  [mc_indi_tiltrotor] T0dbg2 Ws34=[0.1 20.0] Wu0=1.0 du0=-0.0051 dmin0=-17.8216 dmax0=27.1784
INFO  [mc_indi_tiltrotor] T2dbg1 G2=[-0.000 -0.550 0.060 0.004 -1.000] G5=[-1.020 -1.152 -0.004 16.999 0.069]
INFO  [mc_indi_tiltrotor] T2dbg2 Wu25=[1.0 9.0] du25=[-0.0547 -0.0011] dmax25=[28.0010 0.0009] nu_yaw=-0.024
INFO  [mc_indi_tiltrotor] WRdbg0 Wu0=1 lo0=-17.82 du0=-0.0051 pin0=-0.033 a0=[0.003 0.030 0.009 0.000 -0.015]
INFO  [mc_indi_tiltrotor] WRdbg1 Wu1=1 lo1=-18.10 du1=0.0039 pin1=-0.013 a1=[-0.003 0.026 0.009 -0.000 -0.015]
INFO  [mc_indi_tiltrotor] YWdbg nu2=0.027 ach2=0.026 r=-0.00 wsp2=-0.01 ddelta=[-0.0006 0.0034 -0.0000]
INFO  [mc_indi_tiltrotor] T0dbg1 G0=[-0.355 0.247 -0.002 0.175 -0.985] nu_des=[0.01 -0.18 0.04 -0.05 4.37]
INFO  [mc_indi_tiltrotor] T0dbg2 Ws34=[0.1 20.0] Wu0=1.0 du0=-1.5521 dmin0=-15.0213 dmax0=29.9787
INFO  [mc_indi_tiltrotor] T2dbg1 G2=[-0.000 -0.550 0.060 0.004 -1.000] G5=[-0.857 -0.970 -0.003 14.290 0.055]
INFO  [mc_indi_tiltrotor] T2dbg2 Wu25=[1.0 1000000.0] du25=[-1.2266 -0.0004] dmax25=[30.7098 -0.0004] nu_yaw=0.045
INFO  [mc_indi_tiltrotor] WRdbg0 Wu0=1 lo0=-15.02 du0=-1.5521 pin0=0.057 a0=[-0.013 -0.111 0.000 -0.000 -1.485]
INFO  [mc_indi_tiltrotor] WRdbg1 Wu1=1 lo1=-15.18 du1=-1.5754 pin1=0.028 a1=[0.013 -0.112 -0.000 -0.000 -1.504]
INFO  [mc_indi_tiltrotor] T0dbg1 G0=[-0.355 0.249 0.002 0.163 -0.987] nu_des=[0.00 0.01 -0.02 -0.07 -0.11]
INFO  [mc_indi_tiltrotor] T0dbg2 Ws34=[0.1 20.0] Wu0=1.0 du0=0.0285 dmin0=-17.3487 dmax0=27.6513
INFO  [mc_indi_tiltrotor] T2dbg1 G2=[-0.000 -0.550 0.060 0.004 -1.000] G5=[-0.992 -1.123 -0.004 16.536 0.062]
INFO  [mc_indi_tiltrotor] T2dbg2 Wu25=[1.0 9.0] du25=[0.0310 -0.0004] dmax25=[28.4640 0.0018] nu_yaw=-0.024
INFO  [mc_indi_tiltrotor] WRdbg0 Wu0=1 lo0=-17.35 du0=0.0285 pin0=-0.022 a0=[-0.002 0.008 0.009 0.000 0.036]
INFO  [mc_indi_tiltrotor] WRdbg1 Wu1=1 lo1=-17.58 du1=0.0455 pin1=-0.008 a1=[0.002 0.007 0.009 -0.000 0.036]
INFO  [mc_indi_tiltrotor] YWdbg nu2=-0.037 ach2=-0.026 r=0.03 wsp2=-0.00 ddelta=[0.0032 -0.0007 -0.0001]
INFO  [mc_indi_tiltrotor] T0dbg1 G0=[-0.355 0.247 -0.002 0.175 -0.985] nu_des=[0.01 -0.05 0.04 -0.46 0.06]
INFO  [mc_indi_tiltrotor] T0dbg2 Ws34=[0.1 20.0] Wu0=1.0 du0=-0.0182 dmin0=-17.8696 dmax0=27.1304
INFO  [mc_indi_tiltrotor] T2dbg1 G2=[-0.000 -0.550 0.060 0.005 -1.000] G5=[-1.021 -1.148 -0.005 17.009 0.078]
INFO  [mc_indi_tiltrotor] T2dbg2 Wu25=[1.0 9.0] du25=[0.0032 0.0003] dmax25=[27.9904 0.0020] nu_yaw=0.044
INFO  [mc_indi_tiltrotor] WRdbg0 Wu0=1 lo0=-17.87 du0=-0.0182 pin0=0.000 a0=[-0.007 0.005 0.001 -0.003 -0.015]
INFO  [mc_indi_tiltrotor] WRdbg1 Wu1=1 lo1=-18.11 du1=-0.0287 pin1=0.000 a1=[0.010 -0.011 -0.009 -0.002 -0.017]
INFO  [mc_indi_tiltrotor] T0dbg1 G0=[-0.355 0.247 -0.001 0.171 -0.985] nu_des=[-0.00 0.04 -0.01 0.19 2.58]
INFO  [mc_indi_tiltrotor] T0dbg2 Ws34=[0.1 20.0] Wu0=1.0 du0=-0.8110 dmin0=-14.5607 dmax0=30.4393
INFO  [mc_indi_tiltrotor] T2dbg1 G2=[-0.000 -0.550 0.060 0.003 -1.000] G5=[-0.828 -0.946 -0.002 13.795 0.036]
INFO  [mc_indi_tiltrotor] T2dbg2 Wu25=[1.0 1000000.0] du25=[-0.9031 -0.0026] dmax25=[31.2054 -0.0009] nu_yaw=-0.006
INFO  [mc_indi_tiltrotor] WRdbg0 Wu0=1 lo0=-14.56 du0=-0.8110 pin0=0.033 a0=[0.006 0.026 -0.000 0.000 -0.875]
INFO  [mc_indi_tiltrotor] WRdbg1 Wu1=1 lo1=-14.72 du1=-0.8533 pin1=0.013 a1=[-0.005 0.026 0.000 0.000 -0.887]
INFO  [mc_indi_tiltrotor] YWdbg nu2=0.000 ach2=0.013 r=-0.01 wsp2=0.00 ddelta=[-0.0049 -0.0054 0.0045]
INFO  [mc_indi_tiltrotor] T0dbg1 G0=[-0.355 0.249 0.002 0.163 -0.987] nu_des=[0.00 0.00 -0.01 -0.06 -0.21]
INFO  [mc_indi_tiltrotor] T0dbg2 Ws34=[0.1 20.0] Wu0=1.0 du0=0.0563 dmin0=-17.3822 dmax0=27.6178
INFO  [mc_indi_tiltrotor] T2dbg1 G2=[-0.000 -0.550 0.060 0.004 -1.000] G5=[-0.995 -1.128 -0.004 16.576 0.059]
INFO  [mc_indi_tiltrotor] T2dbg2 Wu25=[1.0 9.0] du25=[0.0772 -0.0001] dmax25=[28.4240 0.0020] nu_yaw=-0.010
INFO  [mc_indi_tiltrotor] WRdbg0 Wu0=1 lo0=-17.38 du0=0.0563 pin0=-0.017 a0=[-0.003 0.002 0.004 0.000 0.070]
INFO  [mc_indi_tiltrotor] WRdbg1 Wu1=1 lo1=-17.60 du1=0.0730 pin1=-0.006 a1=[0.003 0.002 0.003 -0.000 0.071]
INFO  [mc_indi_tiltrotor] T0dbg1 G0=[-0.355 0.247 -0.001 0.170 -0.985] nu_des=[0.00 -0.04 -0.03 -0.21 0.01]
INFO  [mc_indi_tiltrotor] T0dbg2 Ws34=[0.1 20.0] Wu0=1.0 du0=-0.0054 dmin0=-17.8283 dmax0=27.1717
INFO  [mc_indi_tiltrotor] T2dbg1 G2=[-0.000 -0.550 0.060 0.003 -1.000] G5=[-1.024 -1.162 -0.003 17.064 0.058]
INFO  [mc_indi_tiltrotor] T2dbg2 Wu25=[1.0 9.0] du25=[0.0292 0.0003] dmax25=[27.9357 0.0017] nu_yaw=-0.030
INFO  [mc_indi_tiltrotor] WRdbg0 Wu0=1 lo0=-17.83 du0=-0.0054 pin0=0.027 a0=[-0.001 -0.028 -0.000 0.000 -0.002]
INFO  [mc_indi_tiltrotor] WRdbg1 Wu1=1 lo1=-18.09 du1=-0.0071 pin1=0.018 a1=[0.001 -0.025 0.001 -0.000 -0.002]
INFO  [mc_indi_tiltrotor] YWdbg nu2=0.039 ach2=0.038 r=-0.03 wsp2=-0.01 ddelta=[-0.0007 0.0053 -0.0002]
INFO  [mc_indi_tiltrotor] T0dbg1 G0=[-0.355 0.247 -0.002 0.175 -0.985] nu_des=[-0.00 0.75 0.00 0.15 1.31]
INFO  [mc_indi_tiltrotor] T0dbg2 Ws34=[0.1 20.0] Wu0=1.0 du0=0.0547 dmin0=-13.9038 dmax0=31.0962
INFO  [mc_indi_tiltrotor] T2dbg1 G2=[-0.000 -0.550 0.060 0.003 -1.000] G5=[-0.833 -0.948 -0.003 13.887 0.044]
INFO  [mc_indi_tiltrotor] T2dbg2 Wu25=[1.0 1000000.0] du25=[-1.3707 -0.0031] dmax25=[31.1126 -0.0014] nu_yaw=0.004
INFO  [mc_indi_tiltrotor] WRdbg0 Wu0=1 lo0=-13.90 du0=0.0547 pin0=0.031 a0=[0.003 0.466 0.000 0.000 -0.445]
INFO  [mc_indi_tiltrotor] WRdbg1 Wu1=1 lo1=-14.05 du1=0.0257 pin1=0.009 a1=[-0.003 0.471 -0.000 0.000 -0.451]
INFO  [mc_indi_tiltrotor] T0dbg1 G0=[-0.355 0.249 0.003 0.161 -0.987] nu_des=[0.00 -0.01 -0.03 -0.01 -0.05]
INFO  [mc_indi_tiltrotor] T0dbg2 Ws34=[0.1 20.0] Wu0=1.0 du0=0.0117 dmin0=-17.3523 dmax0=27.6477
INFO  [mc_indi_tiltrotor] T2dbg1 G2=[-0.000 -0.550 0.060 0.003 -1.000] G5=[-0.989 -1.123 -0.003 16.476 0.055]
INFO  [mc_indi_tiltrotor] T2dbg2 Wu25=[1.0 9.0] du25=[0.0267 0.0000] dmax25=[28.5244 0.0018] nu_yaw=-0.030
INFO  [mc_indi_tiltrotor] WRdbg0 Wu0=1 lo0=-17.35 du0=0.0117 pin0=0.000 a0=[-0.001 0.001 -0.001 -0.000 0.013]
INFO  [mc_indi_tiltrotor] WRdbg1 Wu1=1 lo1=-17.55 du1=0.0205 pin1=0.000 a1=[0.002 -0.003 0.006 -0.000 0.015]
INFO  [mc_indi_tiltrotor] YWdbg nu2=0.033 ach2=0.032 r=0.00 wsp2=-0.01 ddelta=[-0.0014 0.0036 -0.0001]
INFO  [mc_indi_tiltrotor] T0dbg1 G0=[-0.355 0.248 0.002 0.164 -0.986] nu_des=[0.01 0.10 -0.06 -0.20 0.06]
INFO  [mc_indi_tiltrotor] T0dbg2 Ws34=[0.1 20.0] Wu0=1.0 du0=-0.0110 dmin0=-17.7270 dmax0=27.2730
INFO  [mc_indi_tiltrotor] T2dbg1 G2=[-0.000 -0.550 0.060 0.003 -1.000] G5=[-1.017 -1.158 -0.003 16.958 0.052]
INFO  [mc_indi_tiltrotor] T2dbg2 Wu25=[1.0 9.0] du25=[-0.0999 -0.0011] dmax25=[28.0422 -0.0011] nu_yaw=-0.060
INFO  [mc_indi_tiltrotor] WRdbg0 Wu0=1 lo0=-17.73 du0=-0.0110 pin0=-0.042 a0=[-0.011 0.063 -0.001 0.000 -0.019]
INFO  [mc_indi_tiltrotor] WRdbg1 Wu1=1 lo1=-17.97 du1=0.0284 pin1=-0.019 a1=[0.010 0.055 0.003 -0.000 -0.020]
INFO  [mc_indi_tiltrotor] T0dbg1 G0=[-0.355 0.246 -0.005 0.182 -0.983] nu_des=[-0.00 1.00 -0.05 0.02 0.10]
INFO  [mc_indi_tiltrotor] T0dbg2 Ws34=[0.1 20.0] Wu0=1.0 du0=0.6122 dmin0=-13.7600 dmax0=31.2400
INFO  [mc_indi_tiltrotor] T2dbg1 G2=[-0.000 -0.550 0.060 0.004 -1.000] G5=[-0.810 -0.915 -0.003 13.494 0.054]
INFO  [mc_indi_tiltrotor] T2dbg2 Wu25=[1.0 1000000.0] du25=[-1.2839 -0.0015] dmax25=[31.5060 0.0021] nu_yaw=-0.046
INFO  [mc_indi_tiltrotor] WRdbg0 Wu0=1 lo0=-13.76 du0=0.6122 pin0=0.022 a0=[0.002 0.620 -0.000 0.000 -0.033]
INFO  [mc_indi_tiltrotor] WRdbg1 Wu1=1 lo1=-13.95 du1=0.5990 pin1=0.008 a1=[-0.002 0.626 0.000 0.000 -0.033]
INFO  [mc_indi_tiltrotor] YWdbg nu2=0.009 ach2=0.015 r=-0.01 wsp2=-0.01 ddelta=[-0.0078 -0.0056 0.0007]
INFO  [mc_indi_tiltrotor] T0dbg1 G0=[-0.355 0.248 0.002 0.164 -0.987] nu_des=[-0.01 0.01 -0.01 -0.10 -0.11]
INFO  [mc_indi_tiltrotor] T0dbg2 Ws34=[0.1 20.0] Wu0=1.0 du0=0.0398 dmin0=-17.3546 dmax0=27.6454
INFO  [mc_indi_tiltrotor] T2dbg1 G2=[-0.000 -0.550 0.060 0.003 -1.000] G5=[-0.985 -1.121 -0.003 16.418 0.051]
INFO  [mc_indi_tiltrotor] T2dbg2 Wu25=[1.0 9.0] du25=[0.0423 0.0005] dmax25=[28.5817 0.0027] nu_yaw=-0.015
INFO  [mc_indi_tiltrotor] WRdbg0 Wu0=1 lo0=-17.35 du0=0.0398 pin0=0.000 a0=[0.012 -0.001 -0.000 -0.001 0.029]
INFO  [mc_indi_tiltrotor] WRdbg1 Wu1=1 lo1=-17.52 du1=0.0229 pin1=0.000 a1=[-0.016 0.002 0.003 -0.000 0.034]
INFO  [mc_indi_tiltrotor] T0dbg1 G0=[-0.355 0.247 -0.001 0.171 -0.985] nu_des=[-0.01 0.08 0.05 -0.33 0.10]
INFO  [mc_indi_tiltrotor] T0dbg2 Ws34=[0.1 20.0] Wu0=1.0 du0=-0.0190 dmin0=-18.1778 dmax0=26.8222
INFO  [mc_indi_tiltrotor] T2dbg1 G2=[-0.000 -0.550 0.060 0.003 -1.000] G5=[-0.998 -1.134 -0.003 16.625 0.054]
INFO  [mc_indi_tiltrotor] T2dbg2 Wu25=[1.0 1000000.0] du25=[-0.0922 -0.0015] dmax25=[28.3748 -0.0015] nu_yaw=0.045
INFO  [mc_indi_tiltrotor] WRdbg0 Wu0=1 lo0=-18.18 du0=-0.0190 pin0=-0.041 a0=[0.009 0.049 0.000 -0.000 -0.036]
INFO  [mc_indi_tiltrotor] WRdbg1 Wu1=1 lo1=-18.50 du1=-0.0314 pin1=-0.036 a1=[-0.009 0.050 -0.000 -0.000 -0.036]
INFO  [mc_indi_tiltrotor] YWdbg nu2=0.042 ach2=0.009 r=0.02 wsp2=-0.02 ddelta=[0.0120 0.0120 0.0014]
INFO  [mc_indi_tiltrotor] T0dbg1 G0=[-0.355 0.245 -0.005 0.182 -0.983] nu_des=[0.00 0.40 -0.02 0.03 1.15]
INFO  [mc_indi_tiltrotor] T0dbg2 Ws34=[0.1 20.0] Wu0=1.0 du0=-0.1106 dmin0=-13.9014 dmax0=31.0986
INFO  [mc_indi_tiltrotor] T2dbg1 G2=[-0.000 -0.550 0.060 0.004 -1.000] G5=[-0.824 -0.931 -0.003 13.727 0.055]
INFO  [mc_indi_tiltrotor] T2dbg2 Wu25=[1.0 1000000.0] du25=[-0.8937 -0.0020] dmax25=[31.2727 0.0016] nu_yaw=-0.016
INFO  [mc_indi_tiltrotor] WRdbg0 Wu0=1 lo0=-13.90 du0=-0.1106 pin0=0.039 a0=[-0.006 0.249 0.000 0.000 -0.392]
INFO  [mc_indi_tiltrotor] WRdbg1 Wu1=1 lo1=-14.07 du1=-0.1255 pin1=0.015 a1=[0.005 0.251 0.000 0.000 -0.397]
INFO  [mc_indi_tiltrotor] T0dbg1 G0=[-0.355 0.248 0.001 0.165 -0.986] nu_des=[0.03 0.01 -0.02 -0.11 -0.04]
INFO  [mc_indi_tiltrotor] T0dbg2 Ws34=[0.1 20.0] Wu0=1.0 du0=-0.0189 dmin0=-17.4127 dmax0=27.5873
INFO  [mc_indi_tiltrotor] T2dbg1 G2=[-0.000 -0.550 0.060 0.003 -1.000] G5=[-0.992 -1.131 -0.003 16.537 0.048]
INFO  [mc_indi_tiltrotor] T2dbg2 Wu25=[1.0 9.0] du25=[0.0051 -0.0015] dmax25=[28.4632 -0.0001] nu_yaw=-0.019
INFO  [mc_indi_tiltrotor] WRdbg0 Wu0=1 lo0=-17.41 du0=-0.0189 pin0=0.000 a0=[-0.027 -0.001 -0.001 -0.001 0.011]
INFO  [mc_indi_tiltrotor] WRdbg1 Wu1=1 lo1=-17.83 du1=0.0553 pin1=0.000 a1=[0.036 0.003 0.004 -0.000 0.013]
INFO  [mc_indi_tiltrotor] YWdbg nu2=-0.023 ach2=-0.023 r=0.01 wsp2=0.00 ddelta=[0.0033 -0.0004 0.0001]
INFO  [mc_indi_tiltrotor] T0dbg1 G0=[-0.355 0.247 -0.001 0.171 -0.985] nu_des=[0.01 0.10 0.05 -0.31 0.06]
INFO  [mc_indi_tiltrotor] T0dbg2 Ws34=[0.1 20.0] Wu0=1.0 du0=-0.0170 dmin0=-17.8797 dmax0=27.1203
INFO  [mc_indi_tiltrotor] T2dbg1 G2=[-0.000 -0.550 0.060 0.004 -1.000] G5=[-0.986 -1.119 -0.003 16.440 0.058]
INFO  [mc_indi_tiltrotor] T2dbg2 Wu25=[1.0 1000000.0] du25=[-0.0955 -0.0018] dmax25=[28.5597 -0.0018] nu_yaw=0.050
INFO  [mc_indi_tiltrotor] WRdbg0 Wu0=1 lo0=-17.88 du0=-0.0170 pin0=-0.046 a0=[-0.010 0.060 0.000 -0.000 -0.021]
INFO  [mc_indi_tiltrotor] WRdbg1 Wu1=1 lo1=-18.18 du1=0.0129 pin1=-0.036 a1=[0.010 0.061 -0.000 -0.000 -0.021]
INFO  [mc_indi_tiltrotor] T0dbg1 G0=[-0.355 0.246 -0.004 0.181 -0.983] nu_des=[0.01 0.38 -0.01 0.06 0.27]
INFO  [mc_indi_tiltrotor] T0dbg2 Ws34=[0.1 20.0] Wu0=1.0 du0=0.1434 dmin0=-13.7933 dmax0=31.2067
INFO  [mc_indi_tiltrotor] T2dbg1 G2=[-0.000 -0.550 0.060 0.004 -1.000] G5=[-0.789 -0.893 -0.003 13.143 0.049]
INFO  [mc_indi_tiltrotor] T2dbg2 Wu25=[1.0 1000000.0] du25=[-0.5676 -0.0037] dmax25=[31.8567 -0.0020] nu_yaw=-0.008
INFO  [mc_indi_tiltrotor] WRdbg0 Wu0=1 lo0=-13.79 du0=0.1434 pin0=0.015 a0=[-0.018 0.238 -0.000 0.000 -0.092]
INFO  [mc_indi_tiltrotor] WRdbg1 Wu1=1 lo1=-13.97 du1=0.1644 pin1=0.000 a1=[0.017 0.240 0.000 0.000 -0.093]
INFO  [mc_indi_tiltrotor] YWdbg nu2=0.023 ach2=0.014 r=-0.02 wsp2=-0.00 ddelta=[-0.0105 -0.0089 0.0019]
INFO  [mc_indi_tiltrotor] T0dbg1 G0=[-0.355 0.248 0.002 0.164 -0.987] nu_des=[-0.00 -0.00 -0.04 -0.09 -0.11]
INFO  [mc_indi_tiltrotor] T0dbg2 Ws34=[0.1 20.0] Wu0=1.0 du0=0.0377 dmin0=-17.5098 dmax0=27.4902
INFO  [mc_indi_tiltrotor] T2dbg1 G2=[-0.000 -0.550 0.060 0.004 -1.000] G5=[-1.002 -1.133 -0.004 16.707 0.066]
INFO  [mc_indi_tiltrotor] T2dbg2 Wu25=[1.0 9.0] du25=[0.0378 -0.0001] dmax25=[28.2929 0.0019] nu_yaw=-0.041
INFO  [mc_indi_tiltrotor] WRdbg0 Wu0=1 lo0=-17.51 du0=0.0377 pin0=-0.014 a0=[0.003 -0.002 0.015 0.000 0.036]
INFO  [mc_indi_tiltrotor] WRdbg1 Wu1=1 lo1=-17.68 du1=0.0411 pin1=-0.005 a1=[-0.003 -0.002 0.015 -0.000 0.036]
INFO  [mc_indi_tiltrotor] T0dbg1 G0=[-0.355 0.246 -0.003 0.179 -0.984] nu_des=[0.02 -0.09 -0.00 -0.72 0.14]
INFO  [mc_indi_tiltrotor] T0dbg2 Ws34=[0.1 20.0] Wu0=1.0 du0=-0.1035 dmin0=-18.0820 dmax0=26.9180
INFO  [mc_indi_tiltrotor] T2dbg1 G2=[-0.000 -0.550 0.060 0.004 -1.000] G5=[-1.012 -1.140 -0.004 16.871 0.075]
INFO  [mc_indi_tiltrotor] T2dbg2 Wu25=[1.0 9.0] du25=[0.0483 0.0010] dmax25=[28.1290 0.0025] nu_yaw=-0.004
INFO  [mc_indi_tiltrotor] WRdbg0 Wu0=1 lo0=-18.08 du0=-0.1035 pin0=0.026 a0=[-0.023 -0.060 -0.000 0.000 -0.047]
INFO  [mc_indi_tiltrotor] WRdbg1 Wu1=1 lo1=-18.27 du1=-0.0651 pin1=0.014 a1=[0.021 -0.052 0.000 -0.001 -0.047]
INFO  [mc_indi_tiltrotor] YWdbg nu2=0.038 ach2=0.037 r=-0.02 wsp2=-0.00 ddelta=[-0.0035 0.0026 -0.0009]
INFO  [mc_indi_tiltrotor] T0dbg1 G0=[-0.355 0.246 -0.004 0.181 -0.983] nu_des=[0.00 0.15 -0.00 -0.04 0.23]
INFO  [mc_indi_tiltrotor] T0dbg2 Ws34=[0.1 20.0] Wu0=1.0 du0=0.0505 dmin0=-13.7441 dmax0=31.2559
INFO  [mc_indi_tiltrotor] T2dbg1 G2=[-0.000 -0.550 0.060 0.004 -1.000] G5=[-0.828 -0.936 -0.003 13.795 0.053]
INFO  [mc_indi_tiltrotor] T2dbg2 Wu25=[1.0 1000000.0] du25=[-0.2986 0.0041] dmax25=[31.2048 0.0077] nu_yaw=-0.004
INFO  [mc_indi_tiltrotor] WRdbg0 Wu0=1 lo0=-13.74 du0=0.0505 pin0=0.043 a0=[-0.005 0.091 -0.000 -0.000 -0.078]
INFO  [mc_indi_tiltrotor] WRdbg1 Wu1=1 lo1=-13.96 du1=0.0487 pin1=0.031 a1=[0.005 0.092 0.000 -0.000 -0.079]
INFO  [mc_indi_tiltrotor] T0dbg1 G0=[-0.355 0.248 0.002 0.164 -0.986] nu_des=[-0.02 -0.06 -0.02 -0.19 -0.06]
INFO  [mc_indi_tiltrotor] T0dbg2 Ws34=[0.1 20.0] Wu0=1.0 du0=0.0218 dmin0=-17.2865 dmax0=27.7135
INFO  [mc_indi_tiltrotor] T2dbg1 G2=[-0.000 -0.550 0.060 0.004 -1.000] G5=[-0.999 -1.133 -0.004 16.646 0.059]
INFO  [mc_indi_tiltrotor] T2dbg2 Wu25=[1.0 1000000.0] du25=[0.0733 0.0026] dmax25=[28.3542 0.0062] nu_yaw=-0.019
INFO  [mc_indi_tiltrotor] WRdbg0 Wu0=1 lo0=-17.29 du0=0.0218 pin0=0.013 a0=[0.024 -0.036 -0.000 -0.000 0.021]
INFO  [mc_indi_tiltrotor] WRdbg1 Wu1=1 lo1=-17.56 du1=-0.0265 pin1=0.012 a1=[-0.023 -0.036 0.000 -0.000 0.021]
INFO  [mc_indi_tiltrotor] YWdbg nu2=-0.029 ach2=-0.049 r=0.04 wsp2=-0.01 ddelta=[0.0012 0.0012 -0.0041]
INFO  [mc_indi_tiltrotor] T0dbg1 G0=[-0.355 0.246 -0.003 0.177 -0.984] nu_des=[0.03 -0.23 -0.02 -0.64 0.06]
INFO  [mc_indi_tiltrotor] T0dbg2 Ws34=[0.1 20.0] Wu0=1.0 du0=-0.1386 dmin0=-17.7630 dmax0=27.2370
INFO  [mc_indi_tiltrotor] T2dbg1 G2=[-0.000 -0.550 0.060 0.005 -1.000] G5=[-1.021 -1.146 -0.005 17.021 0.083]
INFO  [mc_indi_tiltrotor] T2dbg2 Wu25=[1.0 1000000.0] du25=[0.2059 0.0041] dmax25=[27.9786 0.0041] nu_yaw=-0.019
INFO  [mc_indi_tiltrotor] WRdbg0 Wu0=1 lo0=-17.76 du0=-0.1386 pin0=0.064 a0=[-0.037 -0.145 -0.000 -0.000 -0.021]
INFO  [mc_indi_tiltrotor] WRdbg1 Wu1=1 lo1=-17.87 du1=-0.0905 pin1=0.042 a1=[0.035 -0.147 0.000 -0.000 -0.022]
INFO  [mc_indi_tiltrotor] T0dbg1 G0=[-0.355 0.245 -0.006 0.184 -0.983] nu_des=[-0.00 1.25 -0.06 -0.13 0.17]
INFO  [mc_indi_tiltrotor] T0dbg2 Ws34=[0.1 20.0] Wu0=1.0 du0=0.7352 dmin0=-14.4132 dmax0=30.5868
INFO  [mc_indi_tiltrotor] T2dbg1 G2=[-0.000 -0.550 0.060 0.005 -1.000] G5=[-0.820 -0.923 -0.004 13.663 0.062]
INFO  [mc_indi_tiltrotor] T2dbg2 Wu25=[1.0 1000000.0] du25=[-1.6120 -0.0031] dmax25=[31.3365 0.0005] nu_yaw=-0.057
INFO  [mc_indi_tiltrotor] WRdbg0 Wu0=1 lo0=-14.41 du0=0.7352 pin0=0.016 a0=[0.000 0.777 0.000 -0.000 -0.059]
INFO  [mc_indi_tiltrotor] WRdbg1 Wu1=1 lo1=-14.46 du1=0.7266 pin1=0.001 a1=[-0.000 0.785 0.000 -0.000 -0.059]
INFO  [mc_indi_tiltrotor] YWdbg nu2=0.012 ach2=-0.004 r=-0.01 wsp2=-0.04 ddelta=[-0.0120 -0.0120 -0.0017]
INFO  [mc_indi_tiltrotor] T0dbg1 G0=[-0.355 0.248 0.001 0.166 -0.986] nu_des=[-0.00 0.01 -0.02 -0.19 -0.05]
INFO  [mc_indi_tiltrotor] T0dbg2 Ws34=[0.1 20.0] Wu0=1.0 du0=0.0147 dmin0=-17.6259 dmax0=27.3741
INFO  [mc_indi_tiltrotor] T2dbg1 G2=[-0.000 -0.550 0.060 0.003 -1.000] G5=[-1.002 -1.141 -0.003 16.699 0.052]
INFO  [mc_indi_tiltrotor] T2dbg2 Wu25=[1.0 9.0] du25=[0.0177 -0.0000] dmax25=[28.3007 0.0018] nu_yaw=-0.019
INFO  [mc_indi_tiltrotor] WRdbg0 Wu0=1 lo0=-17.63 du0=0.0147 pin0=0.000 a0=[0.004 -0.001 -0.001 -0.001 0.013]
INFO  [mc_indi_tiltrotor] WRdbg1 Wu1=1 lo1=-17.91 du1=0.0151 pin1=0.000 a1=[-0.005 0.002 0.004 -0.001 0.015]
INFO  [mc_indi_tiltrotor] T0dbg1 G0=[-0.355 0.247 -0.000 0.170 -0.986] nu_des=[-0.00 -0.01 -0.01 -0.21 0.02]
INFO  [mc_indi_tiltrotor] T0dbg2 Ws34=[0.1 20.0] Wu0=1.0 du0=-0.0045 dmin0=-17.8286 dmax0=27.1714
INFO  [mc_indi_tiltrotor] T2dbg1 G2=[-0.000 -0.550 0.060 0.003 -1.000] G5=[-1.027 -1.170 -0.003 17.115 0.050]
INFO  [mc_indi_tiltrotor] T2dbg2 Wu25=[1.0 9.0] du25=[-0.0010 0.0001] dmax25=[27.8849 0.0018] nu_yaw=-0.014
INFO  [mc_indi_tiltrotor] WRdbg0 Wu0=1 lo0=-17.83 du0=-0.0045 pin0=0.000 a0=[0.002 0.001 -0.000 -0.001 -0.006]
INFO  [mc_indi_tiltrotor] WRdbg1 Wu1=1 lo1=-18.20 du1=-0.0102 pin1=0.000 a1=[-0.003 -0.002 0.003 -0.001 -0.007]
INFO  [mc_indi_tiltrotor] YWdbg nu2=-0.021 ach2=0.085 r=-0.00 wsp2=-0.00 ddelta=[0.0024 0.0110 0.0077]
INFO  [mc_indi_tiltrotor] T0dbg1 G0=[-0.355 0.246 -0.004 0.179 -0.984] nu_des=[0.01 -0.10 0.06 0.06 -1.01]
INFO  [mc_indi_tiltrotor] T0dbg2 Ws34=[0.1 20.0] Wu0=1.0 du0=0.2707 dmin0=-14.2155 dmax0=30.7845
INFO  [mc_indi_tiltrotor] T2dbg1 G2=[-0.000 -0.550 0.060 0.005 -1.000] G5=[-0.788 -0.886 -0.004 13.126 0.060]
INFO  [mc_indi_tiltrotor] T2dbg2 Wu25=[1.0 9.0] du25=[0.4362 0.0011] dmax25=[31.8737 0.0030] nu_yaw=0.065
INFO  [mc_indi_tiltrotor] WRdbg0 Wu0=1 lo0=-14.22 du0=0.2707 pin0=0.009 a0=[-0.020 -0.063 0.001 -0.000 0.344]
INFO  [mc_indi_tiltrotor] WRdbg1 Wu1=1 lo1=-14.40 du1=0.3024 pin1=-0.004 a1=[0.019 -0.058 -0.002 0.000 0.347]
INFO  [mc_indi_tiltrotor] T0dbg1 G0=[-0.355 0.249 0.004 0.158 -0.987] nu_des=[0.01 0.02 0.00 0.01 -0.10]
INFO  [mc_indi_tiltrotor] T0dbg2 Ws34=[0.1 20.0] Wu0=1.0 du0=0.0162 dmin0=-17.3001 dmax0=27.6999
INFO  [mc_indi_tiltrotor] T2dbg1 G2=[-0.000 -0.550 0.060 0.004 -1.000] G5=[-0.991 -1.120 -0.004 16.521 0.066]
INFO  [mc_indi_tiltrotor] T2dbg2 Wu25=[1.0 9.0] du25=[0.0246 -0.0006] dmax25=[28.4788 0.0012] nu_yaw=0.005
INFO  [mc_indi_tiltrotor] WRdbg0 Wu0=1 lo0=-17.30 du0=0.0162 pin0=0.000 a0=[-0.009 -0.002 0.000 0.000 0.027]
INFO  [mc_indi_tiltrotor] WRdbg1 Wu1=1 lo1=-17.59 du1=0.0480 pin1=0.000 a1=[0.012 0.005 -0.001 0.000 0.031]
INFO  [mc_indi_tiltrotor] YWdbg nu2=-0.002 ach2=-0.002 r=-0.00 wsp2=0.03 ddelta=[0.0001 -0.0003 0.0001]
INFO  [mc_indi_tiltrotor] T0dbg1 G0=[-0.355 0.248 0.002 0.164 -0.986] nu_des=[0.00 -0.02 -0.04 -0.14 0.03]
INFO  [mc_indi_tiltrotor] T0dbg2 Ws34=[0.1 20.0] Wu0=1.0 du0=-0.0125 dmin0=-17.9010 dmax0=27.0990
INFO  [mc_indi_tiltrotor] T2dbg1 G2=[-0.000 -0.550 0.060 0.004 -1.000] G5=[-1.028 -1.157 -0.005 17.132 0.077]
INFO  [mc_indi_tiltrotor] T2dbg2 Wu25=[1.0 9.0] du25=[-0.0003 -0.0003] dmax25=[27.8674 0.0018] nu_yaw=-0.035
INFO  [mc_indi_tiltrotor] WRdbg0 Wu0=1 lo0=-17.90 du0=-0.0125 pin0=0.000 a0=[-0.005 0.002 -0.001 -0.001 -0.007]
INFO  [mc_indi_tiltrotor] WRdbg1 Wu1=1 lo1=-18.01 du1=0.0010 pin1=0.000 a1=[0.007 -0.004 0.007 -0.000 -0.008]
INFO  [mc_indi_tiltrotor] T0dbg1 G0=[-0.355 0.245 -0.005 0.182 -0.983] nu_des=[0.01 -0.11 0.03 -0.08 -0.03]
INFO  [mc_indi_tiltrotor] T0dbg2 Ws34=[0.1 20.0] Wu0=1.0 du0=-0.0728 dmin0=-14.4683 dmax0=30.5317
INFO  [mc_indi_tiltrotor] T2dbg1 G2=[-0.000 -0.550 0.060 0.004 -1.000] G5=[-0.780 -0.884 -0.003 13.002 0.048]
INFO  [mc_indi_tiltrotor] T2dbg2 Wu25=[1.0 1000000.0] du25=[0.1426 0.0015] dmax25=[31.9979 0.0015] nu_yaw=0.034
INFO  [mc_indi_tiltrotor] WRdbg0 Wu0=1 lo0=-14.47 du0=-0.0728 pin0=0.005 a0=[-0.020 -0.069 0.000 -0.000 0.012]
INFO  [mc_indi_tiltrotor] WRdbg1 Wu1=1 lo1=-14.72 du1=-0.0330 pin1=0.005 a1=[0.020 -0.070 -0.000 -0.000 0.012]
INFO  [mc_indi_tiltrotor] YWdbg nu2=0.025 ach2=0.009 r=-0.02 wsp2=-0.01 ddelta=[-0.0120 -0.0102 -0.0008]
INFO  [mc_indi_tiltrotor] T0dbg1 G0=[-0.355 0.249 0.003 0.161 -0.987] nu_des=[0.01 0.05 -0.03 -0.07 -0.01]
INFO  [mc_indi_tiltrotor] T0dbg2 Ws34=[0.1 20.0] Wu0=1.0 du0=0.0068 dmin0=-17.4677 dmax0=27.5323
INFO  [mc_indi_tiltrotor] T2dbg1 G2=[-0.000 -0.550 0.060 0.004 -1.000] G5=[-0.996 -1.126 -0.004 16.592 0.064]
INFO  [mc_indi_tiltrotor] T2dbg2 Wu25=[1.0 9.0] du25=[-0.0409 -0.0012] dmax25=[28.4079 0.0007] nu_yaw=-0.028
INFO  [mc_indi_tiltrotor] WRdbg0 Wu0=1 lo0=-17.47 du0=0.0068 pin0=-0.020 a0=[-0.011 0.034 -0.000 0.000 0.005]
INFO  [mc_indi_tiltrotor] WRdbg1 Wu1=1 lo1=-17.82 du1=0.0387 pin1=-0.007 a1=[0.010 0.030 0.001 -0.000 0.005]
INFO  [mc_indi_tiltrotor] T0dbg1 G0=[-0.355 0.246 -0.003 0.177 -0.984] nu_des=[0.02 -0.03 0.03 -0.60 0.02]
INFO  [mc_indi_tiltrotor] T0dbg2 Ws34=[0.1 20.0] Wu0=1.0 du0=-0.0222 dmin0=-17.6994 dmax0=27.3006
INFO  [mc_indi_tiltrotor] T2dbg1 G2=[-0.000 -0.550 0.060 0.004 -1.000] G5=[-1.014 -1.141 -0.005 16.900 0.076]
INFO  [mc_indi_tiltrotor] T2dbg2 Wu25=[1.0 9.0] du25=[0.0096 -0.0005] dmax25=[28.0997 0.0015] nu_yaw=0.026
INFO  [mc_indi_tiltrotor] WRdbg0 Wu0=1 lo0=-17.70 du0=-0.0222 pin0=0.000 a0=[-0.017 0.004 0.001 -0.003 -0.006]
INFO  [mc_indi_tiltrotor] WRdbg1 Wu1=1 lo1=-17.99 du1=0.0025 pin1=0.000 a1=[0.023 -0.007 -0.005 -0.002 -0.007]
INFO  [mc_indi_tiltrotor] YWdbg nu2=0.021 ach2=-0.016 r=-0.02 wsp2=0.01 ddelta=[-0.0120 -0.0111 -0.0042]
INFO  [mc_indi_tiltrotor] T0dbg1 G0=[-0.355 0.248 0.000 0.168 -0.986] nu_des=[0.00 -0.06 0.00 0.25 -0.42]
INFO  [mc_indi_tiltrotor] T0dbg2 Ws34=[0.1 20.0] Wu0=1.0 du0=0.1002 dmin0=-14.5088 dmax0=30.4912
INFO  [mc_indi_tiltrotor] T2dbg1 G2=[-0.000 -0.550 0.060 0.003 -1.000] G5=[-0.792 -0.901 -0.002 13.197 0.042]
INFO  [mc_indi_tiltrotor] T2dbg2 Wu25=[1.0 1000000.0] du25=[0.2073 0.0003] dmax25=[31.8025 0.0003] nu_yaw=0.001
INFO  [mc_indi_tiltrotor] WRdbg0 Wu0=1 lo0=-14.51 du0=0.1002 pin0=-0.003 a0=[-0.002 -0.036 0.000 0.000 0.141]
INFO  [mc_indi_tiltrotor] WRdbg1 Wu1=1 lo1=-14.54 du1=0.1086 pin1=-0.001 a1=[0.002 -0.036 -0.000 0.000 0.143]
INFO  [mc_indi_tiltrotor] T0dbg1 G0=[-0.355 0.247 -0.000 0.170 -0.986] nu_des=[0.01 -0.15 0.05 -0.27 0.03]
INFO  [mc_indi_tiltrotor] T0dbg2 Ws34=[0.1 20.0] Wu0=1.0 du0=-0.0801 dmin0=-17.8121 dmax0=27.1879
INFO  [mc_indi_tiltrotor] T2dbg1 G2=[-0.000 -0.550 0.060 0.004 -1.000] G5=[-1.001 -1.133 -0.004 16.679 0.062]
INFO  [mc_indi_tiltrotor] T2dbg2 Wu25=[1.0 9.0] du25=[0.1349 0.0022] dmax25=[28.3213 0.0040] nu_yaw=0.047
INFO  [mc_indi_tiltrotor] WRdbg0 Wu0=1 lo0=-17.81 du0=-0.0801 pin0=0.037 a0=[-0.014 -0.093 0.001 0.000 -0.011]
INFO  [mc_indi_tiltrotor] WRdbg1 Wu1=1 lo1=-17.93 du1=-0.0666 pin1=0.015 a1=[0.013 -0.082 -0.002 -0.000 -0.011]
INFO  [mc_indi_tiltrotor] YWdbg nu2=0.009 ach2=0.009 r=0.01 wsp2=-0.01 ddelta=[-0.0022 -0.0007 -0.0002]
INFO  [mc_indi_tiltrotor] T0dbg1 G0=[-0.355 0.248 0.001 0.165 -0.986] nu_des=[0.00 -0.02 -0.04 -0.16 0.02]
INFO  [mc_indi_tiltrotor] T0dbg2 Ws34=[0.1 20.0] Wu0=1.0 du0=-0.0074 dmin0=-17.8473 dmax0=27.1527
INFO  [mc_indi_tiltrotor] T2dbg1 G2=[-0.000 -0.550 0.060 0.002 -1.000] G5=[-1.015 -1.164 -0.002 16.924 0.038]
INFO  [mc_indi_tiltrotor] T2dbg2 Wu25=[1.0 9.0] du25=[0.0054 -0.0001] dmax25=[28.0755 0.0017] nu_yaw=-0.043
INFO  [mc_indi_tiltrotor] WRdbg0 Wu0=1 lo0=-17.85 du0=-0.0074 pin0=0.000 a0=[-0.002 0.002 -0.001 -0.001 -0.006]
INFO  [mc_indi_tiltrotor] WRdbg1 Wu1=1 lo1=-18.20 du1=-0.0010 pin1=0.000 a1=[0.002 -0.005 0.009 -0.001 -0.007]
INFO  [mc_indi_tiltrotor] T0dbg1 G0=[-0.355 0.244 -0.008 0.190 -0.982] nu_des=[-0.00 -0.04 0.01 -0.37 -0.21]
INFO  [mc_indi_tiltrotor] T0dbg2 Ws34=[0.1 20.0] Wu0=1.0 du0=0.0419 dmin0=-14.4943 dmax0=30.5057
INFO  [mc_indi_tiltrotor] T2dbg1 G2=[-0.000 -0.550 0.060 0.003 -1.000] G5=[-0.805 -0.915 -0.003 13.417 0.044]
INFO  [mc_indi_tiltrotor] T2dbg2 Wu25=[1.0 9.0] du25=[0.1263 0.0012] dmax25=[31.5834 0.0025] nu_yaw=0.011
INFO  [mc_indi_tiltrotor] WRdbg0 Wu0=1 lo0=-14.49 du0=0.0419 pin0=-0.009 a0=[0.007 -0.028 0.000 0.000 0.071]
INFO  [mc_indi_tiltrotor] WRdbg1 Wu1=1 lo1=-14.75 du1=0.0342 pin1=-0.005 a1=[-0.006 -0.026 -0.000 -0.000 0.072]
INFO  [mc_indi_tiltrotor] YWdbg nu2=0.017 ach2=0.010 r=-0.01 wsp2=-0.01 ddelta=[-0.0120 -0.0102 -0.0010]
INFO  [mc_indi_tiltrotor] T0dbg1 G0=[-0.355 0.248 0.000 0.168 -0.986] nu_des=[-0.00 -0.00 0.00 -0.27 -0.15]
INFO  [mc_indi_tiltrotor] T0dbg2 Ws34=[0.1 20.0] Wu0=1.0 du0=0.0414 dmin0=-17.4534 dmax0=27.5466
INFO  [mc_indi_tiltrotor] T2dbg1 G2=[-0.000 -0.550 0.060 0.003 -1.000] G5=[-0.987 -1.129 -0.002 16.450 0.042]
INFO  [mc_indi_tiltrotor] T2dbg2 Wu25=[1.0 9.0] du25=[0.0612 0.0002] dmax25=[28.5503 0.0018] nu_yaw=0.004
INFO  [mc_indi_tiltrotor] WRdbg0 Wu0=1 lo0=-17.45 du0=0.0414 pin0=-0.010 a0=[0.003 -0.002 0.000 0.000 0.051]
INFO  [mc_indi_tiltrotor] WRdbg1 Wu1=1 lo1=-17.63 du1=0.0416 pin1=-0.005 a1=[-0.002 -0.002 -0.000 -0.000 0.052]
INFO  [mc_indi_tiltrotor] T0dbg1 G0=[-0.355 0.248 0.000 0.169 -0.986] nu_des=[-0.01 0.04 -0.02 -0.27 0.01]
INFO  [mc_indi_tiltrotor] T0dbg2 Ws34=[0.1 20.0] Wu0=1.0 du0=0.0062 dmin0=-17.7441 dmax0=27.2559
INFO  [mc_indi_tiltrotor] T2dbg1 G2=[-0.000 -0.550 0.060 0.003 -1.000] G5=[-1.028 -1.173 -0.003 17.129 0.047]
INFO  [mc_indi_tiltrotor] T2dbg2 Wu25=[1.0 9.0] du25=[-0.0298 -0.0003] dmax25=[27.8713 0.0018] nu_yaw=-0.016
INFO  [mc_indi_tiltrotor] WRdbg0 Wu0=1 lo0=-17.74 du0=0.0062 pin0=-0.024 a0=[0.011 0.024 -0.000 0.000 -0.005]
INFO  [mc_indi_tiltrotor] WRdbg1 Wu1=1 lo1=-17.91 du1=-0.0028 pin1=-0.009 a1=[-0.010 0.021 0.001 -0.000 -0.005]
INFO  [mc_indi_tiltrotor] YWdbg nu2=0.003 ach2=0.002 r=0.01 wsp2=-0.00 ddelta=[-0.0004 -0.0002 0.0004]
INFO  [mc_indi_tiltrotor] T0dbg1 G0=[-0.355 0.247 -0.001 0.172 -0.985] nu_des=[0.00 -0.05 0.02 0.23 -0.49]
INFO  [mc_indi_tiltrotor] T0dbg2 Ws34=[0.1 20.0] Wu0=1.0 du0=0.1345 dmin0=-14.6369 dmax0=30.3631
INFO  [mc_indi_tiltrotor] T2dbg1 G2=[-0.000 -0.550 0.060 0.002 -1.000] G5=[-0.843 -0.969 -0.002 14.050 0.027]
INFO  [mc_indi_tiltrotor] T2dbg2 Wu25=[1.0 9.0] du25=[0.2189 0.0013] dmax25=[30.9497 0.0038] nu_yaw=0.022
INFO  [mc_indi_tiltrotor] WRdbg0 Wu0=1 lo0=-14.64 du0=0.1345 pin0=0.011 a0=[-0.000 -0.029 -0.009 0.000 0.162]
INFO  [mc_indi_tiltrotor] WRdbg1 Wu1=1 lo1=-14.84 du1=0.1344 pin1=0.004 a1=[0.000 -0.027 -0.008 0.000 0.165]
INFO  [mc_indi_tiltrotor] T0dbg1 G0=[-0.355 0.248 0.000 0.168 -0.986] nu_des=[-0.00 -0.04 -0.08 -0.19 0.31]
INFO  [mc_indi_tiltrotor] T0dbg2 Ws34=[0.1 20.0] Wu0=1.0 du0=-0.0909 dmin0=-17.4596 dmax0=27.5404
INFO  [mc_indi_tiltrotor] T2dbg1 G2=[-0.000 -0.550 0.060 0.004 -1.000] G5=[-1.055 -1.195 -0.004 17.583 0.065]
INFO  [mc_indi_tiltrotor] T2dbg2 Wu25=[1.0 1000000.0] du25=[-0.0890 0.0047] dmax25=[27.4168 0.0083] nu_yaw=-0.084
INFO  [mc_indi_tiltrotor] WRdbg0 Wu0=1 lo0=-17.46 du0=-0.0909 pin0=0.040 a0=[0.000 -0.028 -0.000 -0.000 -0.104]
INFO  [mc_indi_tiltrotor] WRdbg1 Wu1=1 lo1=-17.77 du1=-0.1091 pin1=0.025 a1=[-0.000 -0.028 0.000 -0.000 -0.105]
INFO  [mc_indi_tiltrotor] YWdbg nu2=-0.036 ach2=-0.150 r=0.02 wsp2=-0.03 ddelta=[0.0048 -0.0043 -0.0047]
INFO  [mc_indi_tiltrotor] T0dbg1 G0=[-0.355 0.248 0.001 0.167 -0.986] nu_des=[-0.01 -0.98 -0.02 -0.29 0.42]
INFO  [mc_indi_tiltrotor] T0dbg2 Ws34=[0.1 20.0] Wu0=1.0 du0=-0.7272 dmin0=-17.9989 dmax0=27.0011
INFO  [mc_indi_tiltrotor] T2dbg1 G2=[-0.000 -0.550 0.060 0.004 -1.000] G5=[-1.012 -1.146 -0.004 16.862 0.063]
INFO  [mc_indi_tiltrotor] T2dbg2 Wu25=[1.0 1000000.0] du25=[1.0621 0.0072] dmax25=[28.1381 0.0072] nu_yaw=-0.016
INFO  [mc_indi_tiltrotor] WRdbg0 Wu0=1 lo0=-18.00 du0=-0.7272 pin0=0.001 a0=[0.019 -0.606 -0.000 -0.000 -0.141]
INFO  [mc_indi_tiltrotor] WRdbg1 Wu1=1 lo1=-18.27 du1=-0.7680 pin1=0.006 a1=[-0.018 -0.613 0.000 -0.000 -0.143]
INFO  [mc_indi_tiltrotor] T0dbg1 G0=[-0.355 0.248 0.000 0.168 -0.986] nu_des=[-0.01 -0.45 0.04 0.20 -0.98]
INFO  [mc_indi_tiltrotor] T0dbg2 Ws34=[0.1 20.0] Wu0=1.0 du0=0.0312 dmin0=-14.8416 dmax0=30.1584
INFO  [mc_indi_tiltrotor] T2dbg1 G2=[-0.000 -0.550 0.060 0.004 -1.000] G5=[-0.781 -0.881 -0.003 13.022 0.056]
INFO  [mc_indi_tiltrotor] T2dbg2 Wu25=[1.0 1000000.0] du25=[0.8961 0.0009] dmax25=[31.9780 0.0009] nu_yaw=0.040
INFO  [mc_indi_tiltrotor] WRdbg0 Wu0=1 lo0=-14.84 du0=0.0312 pin0=-0.032 a0=[0.009 -0.278 0.000 0.000 0.332]
INFO  [mc_indi_tiltrotor] WRdbg1 Wu1=1 lo1=-15.04 du1=0.0293 pin1=-0.017 a1=[-0.009 -0.281 -0.000 0.000 0.337]
INFO  [mc_indi_tiltrotor] YWdbg nu2=-0.040 ach2=-0.010 r=0.01 wsp2=0.01 ddelta=[-0.0033 -0.0051 0.0006]
INFO  [mc_indi_tiltrotor] T0dbg1 G0=[-0.355 0.248 0.001 0.167 -0.986] nu_des=[0.00 -0.61 -0.03 -0.24 0.07]
INFO  [mc_indi_tiltrotor] T0dbg2 Ws34=[0.1 20.0] Wu0=1.0 du0=-0.4199 dmin0=-17.6929 dmax0=27.3071
INFO  [mc_indi_tiltrotor] T2dbg1 G2=[-0.000 -0.550 0.060 0.005 -1.000] G5=[-1.005 -1.125 -0.005 16.752 0.086]
INFO  [mc_indi_tiltrotor] T2dbg2 Wu25=[1.0 1000000.0] du25=[0.7388 0.0036] dmax25=[28.2479 0.0036] nu_yaw=-0.025
INFO  [mc_indi_tiltrotor] WRdbg0 Wu0=1 lo0=-17.69 du0=-0.4199 pin0=-0.016 a0=[-0.001 -0.378 -0.000 -0.000 -0.025]
INFO  [mc_indi_tiltrotor] WRdbg1 Wu1=1 lo1=-17.86 du1=-0.4125 pin1=-0.005 a1=[0.001 -0.383 0.000 -0.000 -0.025]
INFO  [mc_indi_tiltrotor] T0dbg1 G0=[-0.355 0.247 -0.001 0.173 -0.985] nu_des=[0.00 0.03 0.03 -0.47 0.02]
INFO  [mc_indi_tiltrotor] T0dbg2 Ws34=[0.1 20.0] Wu0=1.0 du0=-0.0092 dmin0=-17.7084 dmax0=27.2916
INFO  [mc_indi_tiltrotor] T2dbg1 G2=[-0.000 -0.550 0.060 0.005 -1.000] G5=[-1.017 -1.143 -0.005 16.956 0.081]
INFO  [mc_indi_tiltrotor] T2dbg2 Wu25=[1.0 9.0] du25=[-0.0218 -0.0005] dmax25=[28.0434 0.0010] nu_yaw=0.028
INFO  [mc_indi_tiltrotor] WRdbg0 Wu0=1 lo0=-17.71 du0=-0.0092 pin0=0.000 a0=[-0.000 -0.003 0.001 -0.003 -0.004]
INFO  [mc_indi_tiltrotor] WRdbg1 Wu1=1 lo1=-18.03 du1=-0.0041 pin1=0.000 a1=[0.001 0.007 -0.005 -0.002 -0.005]
INFO  [mc_indi_tiltrotor] YWdbg nu2=-0.037 ach2=-0.005 r=0.01 wsp2=-0.00 ddelta=[-0.0066 -0.0066 -0.0006]
INFO  [mc_indi_tiltrotor] T0dbg1 G0=[-0.355 0.247 -0.002 0.175 -0.985] nu_des=[0.02 -0.03 0.03 0.10 -0.24]
INFO  [mc_indi_tiltrotor] T0dbg2 Ws34=[0.1 20.0] Wu0=1.0 du0=0.0259 dmin0=-14.6656 dmax0=30.3344
INFO  [mc_indi_tiltrotor] T2dbg1 G2=[-0.000 -0.550 0.060 0.003 -1.000] G5=[-0.816 -0.929 -0.003 13.607 0.043]
INFO  [mc_indi_tiltrotor] T2dbg2 Wu25=[1.0 9.0] du25=[0.1180 0.0001] dmax25=[31.3928 0.0010] nu_yaw=0.034
INFO  [mc_indi_tiltrotor] WRdbg0 Wu0=1 lo0=-14.67 du0=0.0259 pin0=-0.007 a0=[-0.028 -0.019 0.000 -0.000 0.080]
INFO  [mc_indi_tiltrotor] WRdbg1 Wu1=1 lo1=-14.93 du1=0.0809 pin1=-0.008 a1=[0.026 -0.017 -0.001 0.000 0.081]
INFO  [mc_indi_tiltrotor] T0dbg1 G0=[-0.355 0.248 0.001 0.166 -0.986] nu_des=[0.01 -0.00 -0.02 -0.09 -0.03]
INFO  [mc_indi_tiltrotor] T0dbg2 Ws34=[0.1 20.0] Wu0=1.0 du0=-0.0001 dmin0=-17.4899 dmax0=27.5101
INFO  [mc_indi_tiltrotor] T2dbg1 G2=[-0.000 -0.550 0.060 0.003 -1.000] G5=[-0.999 -1.135 -0.003 16.643 0.054]
INFO  [mc_indi_tiltrotor] T2dbg2 Wu25=[1.0 9.0] du25=[0.0081 -0.0005] dmax25=[28.3569 0.0010] nu_yaw=-0.023
INFO  [mc_indi_tiltrotor] WRdbg0 Wu0=1 lo0=-17.49 du0=-0.0001 pin0=-0.006 a0=[-0.011 -0.000 0.009 0.000 0.009]
INFO  [mc_indi_tiltrotor] WRdbg1 Wu1=1 lo1=-17.77 du1=0.0250 pin1=-0.002 a1=[0.010 -0.000 0.008 -0.000 0.009]
INFO  [mc_indi_tiltrotor] YWdbg nu2=-0.032 ach2=-0.022 r=0.02 wsp2=-0.01 ddelta=[0.0028 -0.0007 -0.0000]
INFO  [mc_indi_tiltrotor] T0dbg1 G0=[-0.355 0.247 -0.001 0.173 -0.985] nu_des=[0.00 0.50 -0.02 -0.33 0.19]
INFO  [mc_indi_tiltrotor] T0dbg2 Ws34=[0.1 20.0] Wu0=1.0 du0=0.2702 dmin0=-17.3973 dmax0=27.6027
INFO  [mc_indi_tiltrotor] T2dbg1 G2=[-0.000 -0.550 0.060 0.005 -1.000] G5=[-1.055 -1.187 -0.005 17.587 0.080]
INFO  [mc_indi_tiltrotor] T2dbg2 Wu25=[1.0 1000000.0] du25=[-0.6953 -0.0042] dmax25=[27.4130 -0.0006] nu_yaw=-0.023
INFO  [mc_indi_tiltrotor] WRdbg0 Wu0=1 lo0=-17.40 du0=0.2702 pin0=0.034 a0=[-0.007 0.307 -0.000 -0.000 -0.064]
INFO  [mc_indi_tiltrotor] WRdbg1 Wu1=1 lo1=-17.66 du1=0.2606 pin1=0.008 a1=[0.007 0.311 0.000 -0.000 -0.065]
INFO  [mc_indi_tiltrotor] T0dbg1 G0=[-0.355 0.247 -0.000 0.170 -0.985] nu_des=[-0.01 0.10 -0.07 0.22 -0.37]
INFO  [mc_indi_tiltrotor] T0dbg2 Ws34=[0.1 20.0] Wu0=1.0 du0=0.2078 dmin0=-14.3430 dmax0=30.6570
INFO  [mc_indi_tiltrotor] T2dbg1 G2=[-0.000 -0.550 0.060 0.005 -1.000] G5=[-0.899 -1.006 -0.005 14.990 0.078]
INFO  [mc_indi_tiltrotor] T2dbg2 Wu25=[1.0 1000000.0] du25=[-0.0159 0.0017] dmax25=[30.0095 0.0053] nu_yaw=-0.071
INFO  [mc_indi_tiltrotor] WRdbg0 Wu0=1 lo0=-14.34 du0=0.2078 pin0=0.003 a0=[0.014 0.065 -0.000 0.000 0.126]
INFO  [mc_indi_tiltrotor] WRdbg1 Wu1=1 lo1=-14.50 du1=0.1847 pin1=0.004 a1=[-0.013 0.066 0.000 0.000 0.128]
INFO  [mc_indi_tiltrotor] YWdbg nu2=-0.007 ach2=0.002 r=-0.01 wsp2=0.02 ddelta=[-0.0066 -0.0065 0.0004]
INFO  [mc_indi_tiltrotor] T0dbg1 G0=[-0.355 0.248 0.002 0.164 -0.986] nu_des=[0.00 -0.01 -0.03 -0.10 -0.03]
INFO  [mc_indi_tiltrotor] T0dbg2 Ws34=[0.1 20.0] Wu0=1.0 du0=0.0102 dmin0=-17.6910 dmax0=27.3090
INFO  [mc_indi_tiltrotor] T2dbg1 G2=[-0.000 -0.550 0.060 0.005 -1.000] G5=[-1.014 -1.139 -0.005 16.908 0.080]
INFO  [mc_indi_tiltrotor] T2dbg2 Wu25=[1.0 9.0] du25=[0.0162 -0.0001] dmax25=[28.0921 0.0015] nu_yaw=-0.028
INFO  [mc_indi_tiltrotor] WRdbg0 Wu0=1 lo0=-17.69 du0=0.0102 pin0=-0.003 a0=[-0.002 -0.006 0.011 0.000 0.011]
INFO  [mc_indi_tiltrotor] WRdbg1 Wu1=1 lo1=-17.92 du1=0.0171 pin1=-0.001 a1=[0.002 -0.005 0.010 -0.000 0.011]
INFO  [mc_indi_tiltrotor] T0dbg1 G0=[-0.355 0.247 -0.000 0.169 -0.986] nu_des=[-0.01 0.23 0.09 -0.39 0.16]
INFO  [mc_indi_tiltrotor] T0dbg2 Ws34=[0.1 20.0] Wu0=1.0 du0=0.0576 dmin0=-18.3121 dmax0=26.6879
INFO  [mc_indi_tiltrotor] T2dbg1 G2=[-0.000 -0.550 0.060 0.004 -1.000] G5=[-0.977 -1.104 -0.004 16.290 0.066]
INFO  [mc_indi_tiltrotor] T2dbg2 Wu25=[1.0 1000000.0] du25=[-0.2891 -0.0040] dmax25=[28.7099 -0.0024] nu_yaw=0.088
INFO  [mc_indi_tiltrotor] WRdbg0 Wu0=1 lo0=-18.31 du0=0.0576 pin0=-0.048 a0=[0.016 0.144 0.000 -0.000 -0.055]
INFO  [mc_indi_tiltrotor] WRdbg1 Wu1=1 lo1=-18.59 du1=0.0337 pin1=-0.041 a1=[-0.015 0.146 -0.000 -0.000 -0.055]
INFO  [mc_indi_tiltrotor] YWdbg nu2=0.089 ach2=0.026 r=-0.00 wsp2=-0.01 ddelta=[-0.0120 -0.0057 -0.0043]
INFO  [mc_indi_tiltrotor] T0dbg1 G0=[-0.355 0.246 -0.003 0.177 -0.984] nu_des=[0.00 0.01 0.01 -0.10 -0.22]
INFO  [mc_indi_tiltrotor] T0dbg2 Ws34=[0.1 20.0] Wu0=1.0 du0=0.0532 dmin0=-14.7816 dmax0=30.2184
INFO  [mc_indi_tiltrotor] T2dbg1 G2=[-0.000 -0.550 0.060 0.005 -1.000] G5=[-0.841 -0.940 -0.004 14.008 0.073]
INFO  [mc_indi_tiltrotor] T2dbg2 Wu25=[1.0 9.0] du25=[0.0797 -0.0000] dmax25=[30.9913 0.0018] nu_yaw=0.011
INFO  [mc_indi_tiltrotor] WRdbg0 Wu0=1 lo0=-14.78 du0=0.0532 pin0=0.000 a0=[-0.003 -0.000 0.000 -0.000 0.057]
INFO  [mc_indi_tiltrotor] WRdbg1 Wu1=1 lo1=-15.00 du1=0.0708 pin1=0.000 a1=[0.004 0.002 -0.002 -0.000 0.067]
INFO  [mc_indi_tiltrotor] T0dbg1 G0=[-0.355 0.248 0.002 0.165 -0.986] nu_des=[0.01 -0.13 0.01 -0.19 -0.03]
INFO  [mc_indi_tiltrotor] T0dbg2 Ws34=[0.1 20.0] Wu0=1.0 du0=-0.0644 dmin0=-17.6118 dmax0=27.3882
INFO  [mc_indi_tiltrotor] T2dbg1 G2=[-0.000 -0.550 0.060 0.005 -1.000] G5=[-0.995 -1.117 -0.005 16.578 0.079]
INFO  [mc_indi_tiltrotor] T2dbg2 Wu25=[1.0 9.0] du25=[0.1375 0.0024] dmax25=[28.4219 0.0042] nu_yaw=0.011
INFO  [mc_indi_tiltrotor] WRdbg0 Wu0=1 lo0=-17.61 du0=-0.0644 pin0=0.027 a0=[-0.019 -0.081 0.000 0.000 0.009]
INFO  [mc_indi_tiltrotor] WRdbg1 Wu1=1 lo1=-17.90 du1=-0.0337 pin1=0.011 a1=[0.018 -0.071 -0.001 -0.000 0.009]
INFO  [mc_indi_tiltrotor] YWdbg nu2=-0.010 ach2=-0.011 r=0.02 wsp2=-0.00 ddelta=[-0.0012 -0.0035 0.0016]
INFO  [mc_indi_tiltrotor] T0dbg1 G0=[-0.355 0.248 0.002 0.164 -0.986] nu_des=[0.00 0.01 -0.01 -0.18 0.04]
INFO  [mc_indi_tiltrotor] T0dbg2 Ws34=[0.1 20.0] Wu0=1.0 du0=-0.0141 dmin0=-17.8685 dmax0=27.1315
INFO  [mc_indi_tiltrotor] T2dbg1 G2=[-0.000 -0.550 0.060 0.005 -1.000] G5=[-1.030 -1.155 -0.005 17.161 0.084]
INFO  [mc_indi_tiltrotor] T2dbg2 Wu25=[1.0 9.0] du25=[-0.0224 -0.0003] dmax25=[27.8384 0.0019] nu_yaw=-0.010
INFO  [mc_indi_tiltrotor] WRdbg0 Wu0=1 lo0=-17.87 du0=-0.0141 pin0=0.000 a0=[-0.000 -0.001 -0.000 -0.001 -0.011]
INFO  [mc_indi_tiltrotor] WRdbg1 Wu1=1 lo1=-18.13 du1=-0.0090 pin1=0.000 a1=[0.000 0.003 0.002 -0.001 -0.014]
INFO  [mc_indi_tiltrotor] T0dbg1 G0=[-0.355 0.247 -0.002 0.174 -0.985] nu_des=[-0.01 -0.00 0.02 0.03 -0.41]
INFO  [mc_indi_tiltrotor] T0dbg2 Ws34=[0.1 20.0] Wu0=1.0 du0=0.1478 dmin0=-14.9849 dmax0=30.0151
INFO  [mc_indi_tiltrotor] T2dbg1 G2=[-0.000 -0.550 0.060 0.004 -1.000] G5=[-0.858 -0.967 -0.004 14.303 0.062]
INFO  [mc_indi_tiltrotor] T2dbg2 Wu25=[1.0 9.0] du25=[0.1389 0.0004] dmax25=[30.6968 0.0023] nu_yaw=0.019
INFO  [mc_indi_tiltrotor] WRdbg0 Wu0=1 lo0=-14.98 du0=0.1478 pin0=-0.005 a0=[0.013 -0.002 0.000 -0.000 0.141]
INFO  [mc_indi_tiltrotor] WRdbg1 Wu1=1 lo1=-15.14 du1=0.1225 pin1=-0.005 a1=[-0.012 -0.001 -0.001 0.000 0.142]
INFO  [mc_indi_tiltrotor] YWdbg nu2=-0.037 ach2=-0.008 r=-0.00 wsp2=-0.00 ddelta=[-0.0120 -0.0087 -0.0044]
INFO  [mc_indi_tiltrotor] T0dbg1 G0=[-0.355 0.248 0.002 0.163 -0.987] nu_des=[-0.00 0.00 -0.02 -0.08 -0.03]
INFO  [mc_indi_tiltrotor] T0dbg2 Ws34=[0.1 20.0] Wu0=1.0 du0=0.0167 dmin0=-17.6709 dmax0=27.3291
INFO  [mc_indi_tiltrotor] T2dbg1 G2=[-0.000 -0.550 0.060 0.004 -1.000] G5=[-1.003 -1.134 -0.004 16.725 0.067]
INFO  [mc_indi_tiltrotor] T2dbg2 Wu25=[1.0 9.0] du25=[0.0065 0.0002] dmax25=[28.2753 0.0018] nu_yaw=-0.022
INFO  [mc_indi_tiltrotor] WRdbg0 Wu0=1 lo0=-17.67 du0=0.0167 pin0=0.001 a0=[0.004 0.002 -0.000 0.000 0.011]
INFO  [mc_indi_tiltrotor] WRdbg1 Wu1=1 lo1=-17.88 du1=0.0120 pin1=0.002 a1=[-0.004 0.001 0.001 -0.000 0.011]
INFO  [mc_indi_tiltrotor] T0dbg1 G0=[-0.355 0.248 0.001 0.167 -0.986] nu_des=[0.01 0.15 0.02 -0.29 0.28]
INFO  [mc_indi_tiltrotor] T0dbg2 Ws34=[0.1 20.0] Wu0=1.0 du0=-0.0367 dmin0=-17.9653 dmax0=27.0347
INFO  [mc_indi_tiltrotor] T2dbg1 G2=[-0.000 -0.550 0.060 0.004 -1.000] G5=[-0.995 -1.126 -0.004 16.577 0.062]
INFO  [mc_indi_tiltrotor] T2dbg2 Wu25=[1.0 1000000.0] du25=[-0.2525 -0.0038] dmax25=[28.4229 -0.0021] nu_yaw=0.022
INFO  [mc_indi_tiltrotor] WRdbg0 Wu0=1 lo0=-17.97 du0=-0.0367 pin0=-0.016 a0=[-0.017 0.092 0.000 -0.000 -0.096]
INFO  [mc_indi_tiltrotor] WRdbg1 Wu1=1 lo1=-18.23 du1=-0.0022 pin1=-0.014 a1=[0.016 0.093 -0.000 -0.000 -0.097]
INFO  [mc_indi_tiltrotor] YWdbg nu2=-0.006 ach2=-0.007 r=0.01 wsp2=-0.01 ddelta=[0.0012 0.0012 -0.0025]
INFO  [mc_indi_tiltrotor] T0dbg1 G0=[-0.355 0.246 -0.003 0.177 -0.984] nu_des=[0.00 0.02 -0.00 -0.61 -0.07]
INFO  [mc_indi_tiltrotor] T0dbg2 Ws34=[0.1 20.0] Wu0=1.0 du0=0.0134 dmin0=-17.6061 dmax0=27.3939
INFO  [mc_indi_tiltrotor] T2dbg1 G2=[-0.000 -0.550 0.060 0.004 -1.000] G5=[-1.013 -1.149 -0.004 16.886 0.060]
INFO  [mc_indi_tiltrotor] T2dbg2 Wu25=[1.0 9.0] du25=[0.0149 -0.0005] dmax25=[28.1140 0.0014] nu_yaw=-0.003
INFO  [mc_indi_tiltrotor] WRdbg0 Wu0=1 lo0=-17.61 du0=0.0134 pin0=-0.023 a0=[-0.000 0.013 0.001 0.000 0.023]
INFO  [mc_indi_tiltrotor] WRdbg1 Wu1=1 lo1=-17.89 du1=0.0254 pin1=-0.009 a1=[0.000 0.011 0.001 -0.001 0.023]
INFO  [mc_indi_tiltrotor] T0dbg1 G0=[-0.355 0.248 0.000 0.169 -0.986] nu_des=[-0.00 -0.01 0.02 -0.37 0.06]
INFO  [mc_indi_tiltrotor] T0dbg2 Ws34=[0.1 20.0] Wu0=1.0 du0=-0.0156 dmin0=-17.6243 dmax0=27.3757
INFO  [mc_indi_tiltrotor] T2dbg1 G2=[-0.000 -0.550 0.060 0.003 -1.000] G5=[-1.009 -1.149 -0.003 16.809 0.050]
INFO  [mc_indi_tiltrotor] T2dbg2 Wu25=[1.0 9.0] du25=[-0.0167 0.0000] dmax25=[28.1912 0.0018] nu_yaw=0.018
INFO  [mc_indi_tiltrotor] WRdbg0 Wu0=1 lo0=-17.62 du0=-0.0156 pin0=0.000 a0=[0.000 0.001 0.001 -0.002 -0.015]
INFO  [mc_indi_tiltrotor] WRdbg1 Wu1=1 lo1=-17.82 du1=-0.0254 pin1=0.000 a1=[-0.000 -0.002 -0.003 -0.001 -0.018]
INFO  [mc_indi_tiltrotor] YWdbg nu2=0.015 ach2=0.014 r=-0.01 wsp2=0.01 ddelta=[-0.0003 0.0019 0.0000]
INFO  [mc_indi_tiltrotor] T0dbg1 G0=[-0.355 0.249 0.002 0.162 -0.987] nu_des=[-0.01 0.30 -0.08 -0.18 0.18]
INFO  [mc_indi_tiltrotor] T0dbg2 Ws34=[0.1 20.0] Wu0=1.0 du0=0.0738 dmin0=-17.3697 dmax0=27.6303
INFO  [mc_indi_tiltrotor] T2dbg1 G2=[-0.000 -0.550 0.060 0.003 -1.000] G5=[-0.991 -1.133 -0.002 16.515 0.041]
INFO  [mc_indi_tiltrotor] T2dbg2 Wu25=[1.0 1000000.0] du25=[-0.3674 -0.0025] dmax25=[28.4854 -0.0008] nu_yaw=-0.085
INFO  [mc_indi_tiltrotor] WRdbg0 Wu0=1 lo0=-17.37 du0=0.0738 pin0=-0.061 a0=[0.011 0.185 -0.000 -0.000 -0.061]
INFO  [mc_indi_tiltrotor] WRdbg1 Wu1=1 lo1=-17.53 du1=0.0778 pin1=-0.037 a1=[-0.011 0.187 0.000 -0.000 -0.062]
INFO  [mc_indi_tiltrotor] T0dbg1 G0=[-0.355 0.246 -0.004 0.179 -0.984] nu_des=[0.00 -0.05 -0.02 -0.63 0.04]
INFO  [mc_indi_tiltrotor] T0dbg2 Ws34=[0.1 20.0] Wu0=1.0 du0=-0.0094 dmin0=-17.3389 dmax0=27.6611
INFO  [mc_indi_tiltrotor] T2dbg1 G2=[-0.000 -0.550 0.060 0.004 -1.000] G5=[-0.987 -1.119 -0.004 16.449 0.060]
INFO  [mc_indi_tiltrotor] T2dbg2 Wu25=[1.0 9.0] du25=[0.0167 0.0002] dmax25=[28.5506 0.0022] nu_yaw=-0.018
INFO  [mc_indi_tiltrotor] WRdbg0 Wu0=1 lo0=-17.34 du0=-0.0094 pin0=0.000 a0=[-0.001 0.005 -0.000 -0.003 -0.009]
INFO  [mc_indi_tiltrotor] WRdbg1 Wu1=1 lo1=-17.54 du1=-0.0181 pin1=0.000 a1=[0.002 -0.010 0.003 -0.002 -0.011]
INFO  [mc_indi_tiltrotor] YWdbg nu2=-0.028 ach2=-0.028 r=0.03 wsp2=-0.02 ddelta=[0.0002 -0.0043 -0.0003]
INFO  [mc_indi_tiltrotor] T0dbg1 G0=[-0.355 0.248 0.001 0.167 -0.986] nu_des=[0.00 -0.01 0.00 -0.13 -0.01]
INFO  [mc_indi_tiltrotor] T0dbg2 Ws34=[0.1 20.0] Wu0=1.0 du0=-0.0015 dmin0=-17.2274 dmax0=27.7726
INFO  [mc_indi_tiltrotor] T2dbg1 G2=[-0.000 -0.550 0.060 0.003 -1.000] G5=[-0.982 -1.121 -0.003 16.362 0.045]
INFO  [mc_indi_tiltrotor] T2dbg2 Wu25=[1.0 9.0] du25=[0.0083 -0.0000] dmax25=[28.6380 0.0018] nu_yaw=0.005
INFO  [mc_indi_tiltrotor] WRdbg0 Wu0=1 lo0=-17.23 du0=-0.0015 pin0=0.000 a0=[-0.003 0.001 0.000 -0.001 0.001]
INFO  [mc_indi_tiltrotor] WRdbg1 Wu1=1 lo1=-17.54 du1=0.0017 pin1=0.000 a1=[0.004 -0.003 -0.001 -0.000 0.002]
INFO  [mc_indi_tiltrotor] T0dbg1 G0=[-0.355 0.248 0.001 0.165 -0.986] nu_des=[-0.01 0.01 0.03 -0.20 -0.02]
INFO  [mc_indi_tiltrotor] T0dbg2 Ws34=[0.1 20.0] Wu0=1.0 du0=0.0119 dmin0=-17.2824 dmax0=27.7176
INFO  [mc_indi_tiltrotor] T2dbg1 G2=[-0.000 -0.550 0.060 0.003 -1.000] G5=[-0.997 -1.139 -0.003 16.620 0.045]
INFO  [mc_indi_tiltrotor] T2dbg2 Wu25=[1.0 9.0] du25=[0.0009 0.0003] dmax25=[28.3804 0.0023] nu_yaw=0.028
INFO  [mc_indi_tiltrotor] WRdbg0 Wu0=1 lo0=-17.28 du0=0.0119 pin0=0.000 a0=[0.008 -0.001 0.001 -0.001 0.005]
INFO  [mc_indi_tiltrotor] WRdbg1 Wu1=1 lo1=-17.58 du1=-0.0075 pin1=0.000 a1=[-0.011 0.003 -0.005 -0.001 0.006]
INFO  [mc_indi_tiltrotor] YWdbg nu2=0.023 ach2=0.022 r=-0.04 wsp2=-0.01 ddelta=[-0.0038 -0.0003 0.0003]
INFO  [mc_indi_tiltrotor] T0dbg1 G0=[-0.355 0.249 0.003 0.159 -0.987] nu_des=[0.02 -0.35 0.14 -0.29 0.46]
INFO  [mc_indi_tiltrotor] T0dbg2 Ws34=[0.1 20.0] Wu0=1.0 du0=-0.3438 dmin0=-17.2351 dmax0=27.7649
INFO  [mc_indi_tiltrotor] T2dbg1 G2=[-0.000 -0.550 0.060 0.003 -1.000] G5=[-0.714 -0.812 -0.002 11.897 0.037]
INFO  [mc_indi_tiltrotor] T2dbg2 Wu25=[1.0 9.0] du25=[0.2292 0.0044] dmax25=[33.1031 0.0062] nu_yaw=0.142
INFO  [mc_indi_tiltrotor] WRdbg0 Wu0=1 lo0=-17.24 du0=-0.3438 pin0=0.062 a0=[-0.027 -0.223 0.001 0.000 -0.157]
INFO  [mc_indi_tiltrotor] WRdbg1 Wu1=1 lo1=-17.37 du1=-0.3129 pin1=0.032 a1=[0.026 -0.209 -0.003 -0.000 -0.158]
INFO  [mc_indi_tiltrotor] T0dbg1 G0=[-0.355 0.250 0.006 0.153 -0.988] nu_des=[0.01 0.25 0.08 -0.45 0.12]
INFO  [mc_indi_tiltrotor] T0dbg2 Ws34=[0.1 20.0] Wu0=1.0 du0=0.0420 dmin0=-17.4124 dmax0=27.5876
INFO  [mc_indi_tiltrotor] T2dbg1 G2=[-0.000 -0.550 0.060 0.003 -1.000] G5=[-0.823 -0.938 -0.002 13.725 0.042]
INFO  [mc_indi_tiltrotor] T2dbg2 Wu25=[1.0 1000000.0] du25=[-0.2837 -0.0030] dmax25=[31.2752 -0.0013] nu_yaw=0.080
INFO  [mc_indi_tiltrotor] WRdbg0 Wu0=1 lo0=-17.41 du0=0.0420 pin0=-0.059 a0=[-0.012 0.154 0.000 -0.000 -0.040]
INFO  [mc_indi_tiltrotor] WRdbg1 Wu1=1 lo1=-17.62 du1=0.0848 pin1=-0.042 a1=[0.012 0.155 0.000 -0.000 -0.040]
INFO  [mc_indi_tiltrotor] YWdbg nu2=0.108 ach2=-0.028 r=-0.13 wsp2=0.19 ddelta=[-0.0120 -0.0120 -0.0018]
INFO  [mc_indi_tiltrotor] T0dbg1 G0=[-0.355 0.254 0.016 0.125 -0.992] nu_des=[-0.01 0.20 0.10 0.24 0.40]
INFO  [mc_indi_tiltrotor] T0dbg2 Ws34=[0.1 20.0] Wu0=1.0 du0=0.0441 dmin0=-17.8830 dmax0=27.1170
INFO  [mc_indi_tiltrotor] T2dbg1 G2=[-0.000 -0.550 0.060 0.001 -1.000] G5=[-0.570 -0.662 -0.000 9.505 0.006]
INFO  [mc_indi_tiltrotor] T2dbg2 Wu25=[1.0 1000000.0] du25=[-0.4194 0.0019] dmax25=[35.4952 0.0055] nu_yaw=0.096
INFO  [mc_indi_tiltrotor] WRdbg0 Wu0=1 lo0=-17.88 du0=0.0441 pin0=0.044 a0=[0.014 0.121 0.000 0.000 -0.135]
INFO  [mc_indi_tiltrotor] WRdbg1 Wu1=1 lo1=-17.98 du1=-0.0016 pin1=0.027 a1=[-0.014 0.123 0.000 0.000 -0.137]
INFO  [commander] Disarmed by internal command	
INFO  [tone_alarm] notify neutral
INFO  [logger] closed logfile, bytes written: 23122233
