
______  __   __    ___ 
| ___ \ \ \ / /   /   |
| |_/ /  \ V /   / /| |
|  __/   /   \  / /_| |
| |     / /^\ \ \___  |
\_|     \/   \/     |_/

px4 starting.

INFO  [px4] startup script: /bin/sh etc/init.d-posix/rcS 0
INFO  [init] found model autostart file as SYS_AUTOSTART=4023
INFO  [param] selected parameter default file parameters.bson
INFO  [param] importing from 'parameters.bson'
INFO  [parameters] BSON document size 517 bytes, decoded 517 bytes (INT32:16, FLOAT:9)
INFO  [param] selected parameter backup file parameters_backup.bson
ERROR [param] Parameter UXRCE_DDS_KEY not found.
INFO  [dataman] data manager file './dataman' size is 7872608 bytes
INFO  [init] Gazebo simulator
INFO  [init] starting gazebo with world: /home/umran/PX4-Autopilot/Tools/simulation/gz/worlds/default.sdf
WARN  [init] PX4_GZ_MODEL_POSE not set, spawning at origin.
[1;33mWarning [Utils.cc:132][0m [/sdf/model[@name="tiltrotor_tailplane"]/link[@name="base_link"]/sensor[@name="imu_sensor"]/gz_frame_id:/home/umran/PX4-Autopilot/Tools/simulation/gz/models/tiltrotor_indi/model.sdf:L353]: XML Element[gz_frame_id], child of element[sensor], not defined in SDF. Copying[gz_frame_id] as children of [sensor].
[1;33mWarning [Utils.cc:132][0m [/sdf/model[@name="tiltrotor_tailplane"]/link[@name="base_link"]/sensor[@name="air_pressure_sensor"]/gz_frame_id:/home/umran/PX4-Autopilot/Tools/simulation/gz/models/tiltrotor_indi/model.sdf:L412]: XML Element[gz_frame_id], child of element[sensor], not defined in SDF. Copying[gz_frame_id] as children of [sensor].
[1;33mWarning [Utils.cc:132][0m [/sdf/model[@name="tiltrotor_tailplane"]/link[@name="base_link"]/sensor[@name="magnetometer_sensor"]/gz_frame_id:/home/umran/PX4-Autopilot/Tools/simulation/gz/models/tiltrotor_indi/model.sdf:L425]: XML Element[gz_frame_id], child of element[sensor], not defined in SDF. Copying[gz_frame_id] as children of [sensor].
[1;33mWarning [Utils.cc:132][0m [/sdf/model[@name="tiltrotor_tailplane"]/link[@name="base_link"]/sensor[@name="navsat_sensor"]/gz_frame_id:/home/umran/PX4-Autopilot/Tools/simulation/gz/models/tiltrotor_indi/model.sdf:L447]: XML Element[gz_frame_id], child of element[sensor], not defined in SDF. Copying[gz_frame_id] as children of [sensor].
INFO  [lockstep_scheduler] setting initial absolute time to 8000 us
INFO  [gz_bridge] world: default, model name: tiltrotor_indi_0, simulation model: tiltrotor_indi
INFO  [gz_bridge] Requested Model Position: 0,0,0,0,0,0
INFO  [gz_bridge] Model position z is less or equal 0.0, moving upwards
WARN  [vehicle_angular_velocity] no gyro selected, using sensor_gyro:0 1310988
INFO  [commander] LED: open /dev/led0 failed (22)
INFO  [tone_alarm] home set
etc/init.d-posix/rcS: 21: /home/umran/PX4-Autopilot/build/px4_sitl_default/rootfs/etc/init.d/rc.mc_apps: mc_att_control: not found
etc/init.d-posix/rcS: 32: /home/umran/PX4-Autopilot/build/px4_sitl_default/rootfs/etc/init.d/rc.mc_apps: flight_mode_manager: not found
ERROR [param] Parameter UXRCE_DDS_DOM_ID not found.
etc/init.d-posix/rcS: 310: uxrce_dds_client: not found
INFO  [mavlink] mode: Normal, data rate: 4000000 B/s on udp port 18570 remote port 14550
INFO  [mavlink] mode: Onboard, data rate: 4000000 B/s on udp port 14580 remote port 14540
INFO  [mavlink] mode: Onboard, data rate: 4000 B/s on udp port 14280 remote port 14030
INFO  [mavlink] mode: Gimbal, data rate: 400000 B/s on udp port 13030 remote port 13280
etc/init.d-posix/rcS: 11: /home/umran/PX4-Autopilot/build/px4_sitl_default/rootfs/etc/init.d-posix/airframes/4023_gz_tiltrotor_indi.post: mc_att_control: not found
etc/init.d-posix/rcS: 12: /home/umran/PX4-Autopilot/build/px4_sitl_default/rootfs/etc/init.d-posix/airframes/4023_gz_tiltrotor_indi.post: flight_mode_manager: not found
INFO  [logger] logger started (mode=all)
INFO  [logger] Start file log (type: full)
INFO  [logger] [logger] ./log/2026-08-30/20_50_38.ulg	
INFO  [logger] Opened full log file: ./log/2026-08-30/20_50_38.ulg
INFO  [mavlink] MAVLink only on localhost (set param MAV_{i}_BROADCAST = 1 to enable network)
INFO  [mavlink] MAVLink only on localhost (set param MAV_{i}_BROADCAST = 1 to enable network)
INFO  [px4] Startup script returned successfully
INFO  [commander] [32mReady for takeoff![0m
WARN  [health_and_arming_checks] Preflight Fail: Yaw estimate error
INFO  [commander] Armed by internal command	
INFO  [tone_alarm] arming warning
INFO  [mc_indi_tiltrotor] ground datum: z = -0.79 m (agl = datum - z)
INFO  [mc_indi_tiltrotor] T0dbg1 G0=[-0.256 0.199 0.019 0.162 -0.987] nu_des=[-0.01 0.02 -0.25 -2.96 -0.24]
INFO  [mc_indi_tiltrotor] T0dbg2 Ws34=[0.1 20.0] Wu0=1.0 du0=0.1288 dmin0=-18.3233 dmax0=26.6767
INFO  [mc_indi_tiltrotor] T2dbg1 G2=[0.000 -0.650 0.060 0.000 -1.000] G5=[-0.744 -0.868 -0.000 12.403 0.000]
INFO  [mc_indi_tiltrotor] T2dbg2 Wu25=[1.0 1000000.0] du25=[0.0282 0.0000] dmax25=[32.5965 0.0012] nu_yaw=-0.248
INFO  [mc_indi_tiltrotor] WRdbg0 Wu0=1 lo0=-18.32 du0=0.1288 pin0=0.002 a0=[0.022 0.014 -0.000 -0.000 0.090]
INFO  [mc_indi_tiltrotor] WRdbg1 Wu1=1 lo1=-18.32 du1=0.0893 pin1=0.004 a1=[-0.022 0.014 0.000 -0.000 0.093]
INFO  [mc_indi_tiltrotor] YWdbg nu2=-0.248 ach2=-0.007 r=-0.00 wsp2=-0.50 ddelta=[0.0012 0.0000 0.0000]
INFO  [commander] Takeoff detected	
INFO  [mc_indi_tiltrotor] T0dbg1 G0=[-0.257 0.196 0.014 0.182 -0.983] nu_des=[-0.05 0.06 -0.36 -3.75 0.20]
INFO  [mc_indi_tiltrotor] T0dbg2 Ws34=[0.1 20.0] Wu0=1.0 du0=0.0710 dmin0=-19.9715 dmax0=25.0285
INFO  [mc_indi_tiltrotor] T2dbg1 G2=[-0.000 -0.650 0.060 0.002 -1.000] G5=[-0.681 -0.779 -0.001 11.352 0.024]
INFO  [mc_indi_tiltrotor] T2dbg2 Wu25=[1.0 1000000.0] du25=[-0.1284 -0.0010] dmax25=[33.6479 -0.0010] nu_yaw=-0.359
INFO  [mc_indi_tiltrotor] WRdbg0 Wu0=1 lo0=-19.97 du0=0.0710 pin0=0.003 a0=[0.106 0.035 -0.000 -0.000 -0.074]
INFO  [mc_indi_tiltrotor] WRdbg1 Wu1=1 lo1=-17.35 du1=-0.1084 pin1=0.033 a1=[-0.102 0.036 0.000 -0.000 -0.076]
INFO  [mc_indi_tiltrotor] pos_hold: holding x=0.17 y=0.04
INFO  [mc_indi_tiltrotor] YWdbg nu2=0.302 ach2=0.057 r=-0.31 wsp2=0.11 ddelta=[0.0012 0.0120 -0.0000]
INFO  [mc_indi_tiltrotor] T0dbg1 G0=[-0.257 0.191 0.005 0.215 -0.977] nu_des=[0.01 -0.10 0.30 -2.73 0.71]
INFO  [mc_indi_tiltrotor] T0dbg2 Ws34=[0.1 20.0] Wu0=1.0 du0=-0.3043 dmin0=-21.7870 dmax0=23.2130
INFO  [mc_indi_tiltrotor] T2dbg1 G2=[-0.001 -0.651 0.060 0.009 -1.000] G5=[-0.849 -0.904 -0.008 14.152 0.134]
INFO  [mc_indi_tiltrotor] T2dbg2 Wu25=[1.0 1000000.0] du25=[-0.0917 0.0024] dmax25=[30.8472 0.0024] nu_yaw=0.304
INFO  [mc_indi_tiltrotor] WRdbg0 Wu0=1 lo0=-21.79 du0=-0.3043 pin0=0.043 a0=[-0.019 -0.057 0.000 -0.000 -0.271]
INFO  [mc_indi_tiltrotor] WRdbg1 Wu1=1 lo1=-22.35 du1=-0.3206 pin1=-0.003 a1=[0.018 -0.058 -0.000 -0.000 -0.277]
INFO  [mc_indi_tiltrotor] T0dbg1 G0=[-0.257 0.195 0.012 0.189 -0.982] nu_des=[0.01 0.36 0.08 -2.29 0.17]
INFO  [mc_indi_tiltrotor] T0dbg2 Ws34=[0.1 20.0] Wu0=1.0 du0=0.1287 dmin0=-19.3607 dmax0=25.6393
INFO  [mc_indi_tiltrotor] T2dbg1 G2=[-0.000 -0.651 0.060 0.008 -1.000] G5=[-0.803 -0.871 -0.006 13.378 0.101]
INFO  [mc_indi_tiltrotor] T2dbg2 Wu25=[1.0 1000000.0] du25=[-0.4441 -0.0062] dmax25=[31.6217 -0.0038] nu_yaw=0.078
INFO  [mc_indi_tiltrotor] WRdbg0 Wu0=1 lo0=-19.36 du0=0.1287 pin0=0.003 a0=[-0.022 0.211 0.000 -0.000 -0.063]
INFO  [mc_indi_tiltrotor] WRdbg1 Wu1=1 lo1=-19.86 du1=0.1249 pin1=-0.045 a1=[0.021 0.213 -0.000 -0.000 -0.064]
INFO  [mc_indi_tiltrotor] YWdbg nu2=-0.060 ach2=0.018 r=0.19 wsp2=0.42 ddelta=[-0.0048 -0.0060 0.0026]
INFO  [mc_indi_tiltrotor] T0dbg1 G0=[-0.256 0.200 0.019 0.160 -0.987] nu_des=[0.00 0.05 -0.08 -1.29 0.08]
INFO  [mc_indi_tiltrotor] T0dbg2 Ws34=[0.1 20.0] Wu0=1.0 du0=-0.0237 dmin0=-19.4990 dmax0=25.5010
INFO  [mc_indi_tiltrotor] T2dbg1 G2=[-0.000 -0.650 0.060 0.004 -1.000] G5=[-0.827 -0.925 -0.004 13.779 0.060]
INFO  [mc_indi_tiltrotor] T2dbg2 Wu25=[1.0 1000000.0] du25=[-0.0638 0.0002] dmax25=[31.2209 0.0026] nu_yaw=-0.080
INFO  [mc_indi_tiltrotor] WRdbg0 Wu0=1 lo0=-19.50 du0=-0.0237 pin0=-0.022 a0=[-0.004 0.030 -0.000 -0.000 -0.028]
INFO  [mc_indi_tiltrotor] WRdbg1 Wu1=1 lo1=-19.85 du1=0.0061 pin1=0.001 a1=[0.004 0.031 0.000 -0.000 -0.029]
INFO  [mc_indi_tiltrotor] T0dbg1 G0=[-0.256 0.199 0.018 0.163 -0.987] nu_des=[-0.00 0.11 -0.14 -0.68 0.16]
INFO  [mc_indi_tiltrotor] T0dbg2 Ws34=[0.1 20.0] Wu0=1.0 du0=-0.0175 dmin0=-19.3030 dmax0=25.6970
INFO  [mc_indi_tiltrotor] T2dbg1 G2=[-0.000 -0.650 0.060 0.004 -1.000] G5=[-0.746 -0.842 -0.003 12.438 0.044]
INFO  [mc_indi_tiltrotor] T2dbg2 Wu25=[1.0 1000000.0] du25=[-0.1473 -0.0022] dmax25=[32.5621 -0.0022] nu_yaw=-0.138
INFO  [mc_indi_tiltrotor] WRdbg0 Wu0=1 lo0=-19.30 du0=-0.0175 pin0=-0.033 a0=[0.009 0.066 -0.000 -0.000 -0.059]
INFO  [mc_indi_tiltrotor] WRdbg1 Wu1=1 lo1=-19.52 du1=0.0145 pin1=0.016 a1=[-0.009 0.067 0.000 -0.000 -0.060]
INFO  [mc_indi_tiltrotor] YWdbg nu2=-0.022 ach2=-0.020 r=0.23 wsp2=-0.11 ddelta=[0.0051 0.0012 -0.0012]
INFO  [mc_indi_tiltrotor] T0dbg1 G0=[-0.257 0.195 0.011 0.191 -0.982] nu_des=[-0.00 0.00 -0.02 -0.95 0.02]
INFO  [mc_indi_tiltrotor] T0dbg2 Ws34=[0.1 20.0] Wu0=1.0 du0=-0.0032 dmin0=-19.1797 dmax0=25.8203
INFO  [mc_indi_tiltrotor] T2dbg1 G2=[-0.000 -0.650 0.060 0.002 -1.000] G5=[-0.737 -0.841 -0.002 12.287 0.029]
INFO  [mc_indi_tiltrotor] T2dbg2 Wu25=[1.0 9.0] du25=[-0.0052 -0.0004] dmax25=[32.7131 0.0009] nu_yaw=-0.017
INFO  [mc_indi_tiltrotor] WRdbg0 Wu0=1 lo0=-19.18 du0=-0.0032 pin0=0.011 a0=[0.003 0.000 -0.011 -0.000 -0.007]
INFO  [mc_indi_tiltrotor] WRdbg1 Wu1=1 lo1=-19.61 du1=-0.0030 pin1=0.005 a1=[-0.003 0.000 0.003 -0.001 -0.007]
INFO  [mc_indi_tiltrotor] T0dbg1 G0=[-0.257 0.195 0.011 0.192 -0.981] nu_des=[0.00 0.16 0.05 -1.24 0.09]
INFO  [mc_indi_tiltrotor] T0dbg2 Ws34=[0.1 20.0] Wu0=1.0 du0=-0.0226 dmin0=-19.6505 dmax0=25.3495
INFO  [mc_indi_tiltrotor] T2dbg1 G2=[-0.000 -0.650 0.060 0.002 -1.000] G5=[-0.773 -0.887 -0.001 12.890 0.023]
INFO  [mc_indi_tiltrotor] T2dbg2 Wu25=[1.0 1000000.0] du25=[-0.1422 -0.0018] dmax25=[32.1105 -0.0006] nu_yaw=0.052
INFO  [mc_indi_tiltrotor] WRdbg0 Wu0=1 lo0=-19.65 du0=-0.0226 pin0=-0.071 a0=[-0.010 0.091 0.000 -0.000 -0.032]
INFO  [mc_indi_tiltrotor] WRdbg1 Wu1=1 lo1=-20.28 du1=0.0296 pin1=-0.040 a1=[0.009 0.093 -0.000 -0.000 -0.033]
INFO  [mc_indi_tiltrotor] YWdbg nu2=0.046 ach2=0.038 r=-0.17 wsp2=-0.04 ddelta=[-0.0076 0.0005 -0.0004]
INFO  [mc_indi_tiltrotor] T0dbg1 G0=[-0.256 0.199 0.018 0.163 -0.987] nu_des=[0.01 0.05 0.05 -0.49 0.00]
INFO  [mc_indi_tiltrotor] T0dbg2 Ws34=[0.1 20.0] Wu0=1.0 du0=-0.0188 dmin0=-19.1986 dmax0=25.8014
INFO  [mc_indi_tiltrotor] T2dbg1 G2=[-0.000 -0.650 0.060 0.002 -1.000] G5=[-0.815 -0.936 -0.001 13.576 0.022]
INFO  [mc_indi_tiltrotor] T2dbg2 Wu25=[1.0 9.0] du25=[-0.0275 -0.0011] dmax25=[31.4239 0.0004] nu_yaw=0.047
INFO  [mc_indi_tiltrotor] WRdbg0 Wu0=1 lo0=-19.20 du0=-0.0188 pin0=0.000 a0=[-0.018 -0.005 0.007 -0.003 -0.000]
INFO  [mc_indi_tiltrotor] WRdbg1 Wu1=1 lo1=-19.80 du1=0.0131 pin1=0.000 a1=[0.024 0.010 -0.018 -0.002 -0.000]
INFO  [mc_indi_tiltrotor] T0dbg1 G0=[-0.256 0.202 0.024 0.143 -0.990] nu_des=[0.07 -0.12 -0.06 0.04 0.57]
INFO  [mc_indi_tiltrotor] T0dbg2 Ws34=[0.1 20.0] Wu0=1.0 du0=-0.3805 dmin0=-19.3714 dmax0=25.6286
INFO  [mc_indi_tiltrotor] T2dbg1 G2=[-0.000 -0.650 0.060 0.003 -1.000] G5=[-0.823 -0.934 -0.002 13.721 0.041]
INFO  [mc_indi_tiltrotor] T2dbg2 Wu25=[1.0 1000000.0] du25=[-0.0217 -0.0030] dmax25=[31.2791 -0.0019] nu_yaw=-0.055
INFO  [mc_indi_tiltrotor] WRdbg0 Wu0=1 lo0=-19.37 du0=-0.3805 pin0=0.036 a0=[-0.138 -0.066 -0.000 0.000 -0.212]
INFO  [mc_indi_tiltrotor] WRdbg1 Wu1=1 lo1=-19.89 du1=-0.1705 pin1=-0.020 a1=[0.135 -0.068 0.000 0.000 -0.217]
INFO  [mc_indi_tiltrotor] YWdbg nu2=-0.009 ach2=-0.013 r=0.04 wsp2=0.06 ddelta=[-0.0055 -0.0080 0.0000]
INFO  [mc_indi_tiltrotor] T0dbg1 G0=[-0.256 0.200 0.021 0.154 -0.988] nu_des=[-0.00 0.07 -0.02 -0.22 0.00]
INFO  [mc_indi_tiltrotor] T0dbg2 Ws34=[0.1 20.0] Wu0=1.0 du0=0.0138 dmin0=-18.9776 dmax0=26.0224
INFO  [mc_indi_tiltrotor] T2dbg1 G2=[-0.000 -0.650 0.060 0.003 -1.000] G5=[-0.751 -0.851 -0.002 12.523 0.039]
INFO  [mc_indi_tiltrotor] T2dbg2 Wu25=[1.0 9.0] du25=[-0.0504 -0.0006] dmax25=[32.4766 0.0013] nu_yaw=-0.017
INFO  [mc_indi_tiltrotor] WRdbg0 Wu0=1 lo0=-18.98 du0=0.0138 pin0=-0.038 a0=[0.009 0.044 -0.000 0.000 -0.000]
INFO  [mc_indi_tiltrotor] WRdbg1 Wu1=1 lo1=-19.30 du1=0.0167 pin1=-0.015 a1=[-0.009 0.040 0.001 -0.000 -0.000]
INFO  [mc_indi_tiltrotor] T0dbg1 G0=[-0.256 0.199 0.018 0.163 -0.987] nu_des=[0.00 -0.10 0.00 -0.53 0.04]
INFO  [mc_indi_tiltrotor] T0dbg2 Ws34=[0.1 20.0] Wu0=1.0 du0=-0.0116 dmin0=-19.2917 dmax0=25.7083
INFO  [mc_indi_tiltrotor] T2dbg1 G2=[-0.000 -0.650 0.060 0.003 -1.000] G5=[-0.736 -0.833 -0.002 12.261 0.039]
INFO  [mc_indi_tiltrotor] T2dbg2 Wu25=[1.0 9.0] du25=[0.0523 0.0010] dmax25=[32.7393 0.0021] nu_yaw=0.003
INFO  [mc_indi_tiltrotor] WRdbg0 Wu0=1 lo0=-19.29 du0=-0.0116 pin0=0.068 a0=[-0.003 -0.062 0.000 0.000 -0.014]
INFO  [mc_indi_tiltrotor] WRdbg1 Wu1=1 lo1=-19.65 du1=-0.0372 pin1=0.032 a1=[0.003 -0.057 -0.000 -0.000 -0.014]
INFO  [mc_indi_tiltrotor] YWdbg nu2=-0.007 ach2=-0.006 r=0.01 wsp2=-0.04 ddelta=[-0.0015 -0.0027 -0.0003]
INFO  [mc_indi_tiltrotor] T0dbg1 G0=[-0.257 0.198 0.016 0.172 -0.985] nu_des=[0.00 -0.01 -0.00 -0.91 0.02]
INFO  [mc_indi_tiltrotor] T0dbg2 Ws34=[0.1 20.0] Wu0=1.0 du0=-0.0104 dmin0=-19.6041 dmax0=25.3959
INFO  [mc_indi_tiltrotor] T2dbg1 G2=[-0.000 -0.650 0.060 0.003 -1.000] G5=[-0.785 -0.887 -0.003 13.088 0.044]
INFO  [mc_indi_tiltrotor] T2dbg2 Wu25=[1.0 9.0] du25=[0.0069 -0.0002] dmax25=[31.9118 0.0011] nu_yaw=-0.003
INFO  [mc_indi_tiltrotor] WRdbg0 Wu0=1 lo0=-19.60 du0=-0.0104 pin0=0.000 a0=[-0.002 0.002 -0.000 -0.006 -0.004]
INFO  [mc_indi_tiltrotor] WRdbg1 Wu1=1 lo1=-20.00 du1=-0.0076 pin1=0.000 a1=[0.003 -0.003 0.001 -0.003 -0.005]
INFO  [mc_indi_tiltrotor] T0dbg1 G0=[-0.257 0.194 0.009 0.199 -0.980] nu_des=[0.00 0.36 -0.03 -1.90 0.23]
INFO  [mc_indi_tiltrotor] T0dbg2 Ws34=[0.1 20.0] Wu0=1.0 du0=0.1601 dmin0=-19.3537 dmax0=25.6463
INFO  [mc_indi_tiltrotor] T2dbg1 G2=[-0.000 -0.650 0.060 0.004 -1.000] G5=[-0.805 -0.901 -0.004 13.410 0.058]
INFO  [mc_indi_tiltrotor] T2dbg2 Wu25=[1.0 1000000.0] du25=[-0.4962 -0.0044] dmax25=[31.5902 -0.0033] nu_yaw=-0.031
INFO  [mc_indi_tiltrotor] WRdbg0 Wu0=1 lo0=-19.35 du0=0.1601 pin0=0.036 a0=[-0.002 0.211 -0.000 -0.000 -0.085]
INFO  [mc_indi_tiltrotor] WRdbg1 Wu1=1 lo1=-19.75 du1=0.1365 pin1=0.007 a1=[0.001 0.215 0.000 -0.000 -0.087]
INFO  [mc_indi_tiltrotor] YWdbg nu2=0.016 ach2=0.002 r=-0.02 wsp2=-0.04 ddelta=[0.0024 0.0024 -0.0008]
INFO  [mc_indi_tiltrotor] T0dbg1 G0=[-0.257 0.189 0.002 0.226 -0.974] nu_des=[0.01 -0.04 0.01 -2.48 0.13]
INFO  [mc_indi_tiltrotor] T0dbg2 Ws34=[0.1 20.0] Wu0=1.0 du0=-0.0431 dmin0=-17.7772 dmax0=27.2228
INFO  [mc_indi_tiltrotor] T2dbg1 G2=[-0.000 -0.650 0.060 0.004 -1.000] G5=[-0.718 -0.808 -0.003 11.970 0.046]
INFO  [mc_indi_tiltrotor] T2dbg2 Wu25=[1.0 8.9] du25=[-0.0112 -0.0007] dmax25=[33.0301 0.0001] nu_yaw=0.010
INFO  [mc_indi_tiltrotor] WRdbg0 Wu0=1 lo0=-17.78 du0=-0.0431 pin0=0.000 a0=[-0.010 0.006 0.001 -0.014 -0.025]
INFO  [mc_indi_tiltrotor] WRdbg1 Wu1=1 lo1=-18.07 du1=-0.0399 pin1=0.000 a1=[0.014 -0.006 -0.003 -0.009 -0.036]
INFO  [mc_indi_tiltrotor] T0dbg1 G0=[-0.257 0.194 0.009 0.200 -0.980] nu_des=[0.00 0.23 0.05 -1.49 0.04]
INFO  [mc_indi_tiltrotor] T0dbg2 Ws34=[0.1 20.0] Wu0=1.0 du0=0.0411 dmin0=-17.3949 dmax0=27.6051
INFO  [mc_indi_tiltrotor] T2dbg1 G2=[-0.000 -0.650 0.060 0.001 -1.000] G5=[-0.663 -0.763 -0.001 11.047 0.015]
INFO  [mc_indi_tiltrotor] T2dbg2 Wu25=[1.0 1000000.0] du25=[-0.2179 -0.0014] dmax25=[33.9526 -0.0002] nu_yaw=0.054
INFO  [mc_indi_tiltrotor] WRdbg0 Wu0=1 lo0=-17.39 du0=0.0411 pin0=-0.069 a0=[-0.006 0.132 0.000 -0.000 -0.016]
INFO  [mc_indi_tiltrotor] WRdbg1 Wu1=1 lo1=-17.80 du1=0.0822 pin1=-0.041 a1=[0.005 0.134 -0.000 -0.000 -0.017]
INFO  [mc_indi_tiltrotor] YWdbg nu2=0.073 ach2=0.015 r=-0.09 wsp2=0.04 ddelta=[-0.0108 -0.0096 0.0012]
INFO  [mc_indi_tiltrotor] T0dbg1 G0=[-0.257 0.198 0.017 0.170 -0.985] nu_des=[-0.03 0.15 0.05 -0.65 0.04]
INFO  [mc_indi_tiltrotor] T0dbg2 Ws34=[0.1 20.0] Wu0=1.0 du0=0.0794 dmin0=-18.0651 dmax0=26.9349
INFO  [mc_indi_tiltrotor] T2dbg1 G2=[-0.000 -0.650 0.060 0.002 -1.000] G5=[-0.697 -0.798 -0.001 11.622 0.024]
INFO  [mc_indi_tiltrotor] T2dbg2 Wu25=[1.0 9.0] du25=[-0.1282 -0.0008] dmax25=[33.3782 0.0011] nu_yaw=0.048
INFO  [mc_indi_tiltrotor] WRdbg0 Wu0=1 lo0=-18.07 du0=0.0794 pin0=-0.058 a0=[0.063 0.087 0.001 0.000 -0.014]
INFO  [mc_indi_tiltrotor] WRdbg1 Wu1=1 lo1=-18.02 du1=-0.0271 pin1=-0.033 a1=[-0.059 0.081 -0.002 -0.000 -0.014]
INFO  [mc_indi_tiltrotor] T0dbg1 G0=[-0.256 0.202 0.023 0.146 -0.989] nu_des=[0.01 -0.03 -0.01 0.10 0.00]
INFO  [mc_indi_tiltrotor] T0dbg2 Ws34=[0.1 20.0] Wu0=1.0 du0=-0.0130 dmin0=-18.2434 dmax0=26.7566
INFO  [mc_indi_tiltrotor] T2dbg1 G2=[-0.000 -0.650 0.060 0.002 -1.000] G5=[-0.731 -0.839 -0.001 12.190 0.022]
INFO  [mc_indi_tiltrotor] T2dbg2 Wu25=[1.0 9.0] du25=[0.0123 -0.0003] dmax25=[32.8098 0.0007] nu_yaw=-0.006
INFO  [mc_indi_tiltrotor] WRdbg0 Wu0=1 lo0=-18.24 du0=-0.0130 pin0=0.019 a0=[-0.014 -0.015 -0.004 0.000 -0.000]
INFO  [mc_indi_tiltrotor] WRdbg1 Wu1=1 lo1=-18.57 du1=0.0113 pin1=0.010 a1=[0.014 -0.014 0.001 0.000 -0.000]
INFO  [mc_indi_tiltrotor] YWdbg nu2=-0.044 ach2=-0.008 r=0.06 wsp2=0.07 ddelta=[0.0108 0.0096 0.0008]
INFO  [mc_indi_tiltrotor] T0dbg1 G0=[-0.257 0.198 0.016 0.172 -0.985] nu_des=[0.01 -0.09 -0.04 -0.87 0.06]
INFO  [mc_indi_tiltrotor] T0dbg2 Ws34=[0.1 20.0] Wu0=1.0 du0=-0.0394 dmin0=-18.3284 dmax0=26.6716
INFO  [mc_indi_tiltrotor] T2dbg1 G2=[-0.000 -0.650 0.060 0.003 -1.000] G5=[-0.737 -0.834 -0.002 12.277 0.039]
INFO  [mc_indi_tiltrotor] T2dbg2 Wu25=[1.0 9.0] du25=[0.0460 0.0007] dmax25=[32.7228 0.0016] nu_yaw=-0.039
INFO  [mc_indi_tiltrotor] WRdbg0 Wu0=1 lo0=-18.33 du0=-0.0394 pin0=0.052 a0=[-0.011 -0.056 -0.001 0.000 -0.024]
INFO  [mc_indi_tiltrotor] WRdbg1 Wu1=1 lo1=-18.75 du1=-0.0293 pin1=0.035 a1=[0.010 -0.051 0.001 -0.001 -0.024]
INFO  [mc_indi_tiltrotor] T0dbg1 G0=[-0.257 0.195 0.012 0.189 -0.982] nu_des=[-0.01 0.20 -0.02 -1.30 0.02]
INFO  [mc_indi_tiltrotor] T0dbg2 Ws34=[0.1 20.0] Wu0=1.0 du0=0.0490 dmin0=-18.5499 dmax0=26.4501
INFO  [mc_indi_tiltrotor] T2dbg1 G2=[-0.000 -0.650 0.060 0.002 -1.000] G5=[-0.743 -0.847 -0.002 12.388 0.030]
INFO  [mc_indi_tiltrotor] T2dbg2 Wu25=[1.0 1000000.0] du25=[-0.1766 -0.0025] dmax25=[32.6121 -0.0013] nu_yaw=-0.019
INFO  [mc_indi_tiltrotor] WRdbg0 Wu0=1 lo0=-18.55 du0=0.0490 pin0=-0.067 a0=[0.010 0.115 -0.000 -0.000 -0.009]
INFO  [mc_indi_tiltrotor] WRdbg1 Wu1=1 lo1=-18.88 du1=0.0589 pin1=-0.039 a1=[-0.010 0.117 0.000 -0.000 -0.009]
INFO  [mc_indi_tiltrotor] YWdbg nu2=-0.011 ach2=0.009 r=0.04 wsp2=-0.04 ddelta=[-0.0108 -0.0090 0.0005]
INFO  [mc_indi_tiltrotor] T0dbg1 G0=[-0.256 0.199 0.018 0.163 -0.987] nu_des=[0.01 0.07 -0.04 -0.28 0.01]
INFO  [mc_indi_tiltrotor] T0dbg2 Ws34=[0.1 20.0] Wu0=1.0 du0=-0.0035 dmin0=-18.6322 dmax0=26.3678
INFO  [mc_indi_tiltrotor] T2dbg1 G2=[-0.000 -0.650 0.060 0.002 -1.000] G5=[-0.741 -0.852 -0.001 12.357 0.020]
INFO  [mc_indi_tiltrotor] T2dbg2 Wu25=[1.0 1000000.0] du25=[-0.0599 -0.0016] dmax25=[32.6433 -0.0004] nu_yaw=-0.043
INFO  [mc_indi_tiltrotor] WRdbg0 Wu0=1 lo0=-18.63 du0=-0.0035 pin0=-0.027 a0=[-0.013 0.041 -0.000 -0.000 -0.004]
INFO  [mc_indi_tiltrotor] WRdbg1 Wu1=1 lo1=-19.19 du1=0.0399 pin1=-0.010 a1=[0.012 0.042 0.000 -0.000 -0.004]
INFO  [mc_indi_tiltrotor] T0dbg1 G0=[-0.257 0.196 0.012 0.186 -0.983] nu_des=[0.01 0.00 0.03 -1.17 0.17]
INFO  [mc_indi_tiltrotor] T0dbg2 Ws34=[0.1 20.0] Wu0=1.0 du0=-0.0590 dmin0=-18.8403 dmax0=26.1597
INFO  [mc_indi_tiltrotor] T2dbg1 G2=[-0.000 -0.650 0.060 0.002 -1.000] G5=[-0.733 -0.838 -0.002 12.213 0.026]
INFO  [mc_indi_tiltrotor] T2dbg2 Wu25=[1.0 1000000.0] du25=[-0.0569 -0.0010] dmax25=[32.7867 -0.0010] nu_yaw=0.029
INFO  [mc_indi_tiltrotor] WRdbg0 Wu0=1 lo0=-18.84 du0=-0.0590 pin0=0.018 a0=[-0.017 0.003 0.000 -0.000 -0.063]
INFO  [mc_indi_tiltrotor] WRdbg1 Wu1=1 lo1=-19.32 du1=-0.0486 pin1=-0.004 a1=[0.017 0.003 -0.000 -0.000 -0.064]
INFO  [mc_indi_tiltrotor] YWdbg nu2=0.032 ach2=-0.005 r=-0.07 wsp2=-0.01 ddelta=[0.0072 0.0096 -0.0023]
INFO  [mc_indi_tiltrotor] T0dbg1 G0=[-0.257 0.192 0.007 0.208 -0.978] nu_des=[0.01 -0.25 0.03 -2.12 0.16]
INFO  [mc_indi_tiltrotor] T0dbg2 Ws34=[0.1 20.0] Wu0=1.0 du0=-0.1497 dmin0=-18.6373 dmax0=26.3627
INFO  [mc_indi_tiltrotor] T2dbg1 G2=[-0.000 -0.650 0.060 0.002 -1.000] G5=[-0.741 -0.847 -0.002 12.347 0.027]
INFO  [mc_indi_tiltrotor] T2dbg2 Wu25=[1.0 9.0] du25=[0.1963 0.0029] dmax25=[32.6534 0.0038] nu_yaw=0.032
INFO  [mc_indi_tiltrotor] WRdbg0 Wu0=1 lo0=-18.64 du0=-0.1497 pin0=0.078 a0=[-0.013 -0.154 0.001 0.001 -0.062]
INFO  [mc_indi_tiltrotor] WRdbg1 Wu1=1 lo1=-18.91 du1=-0.1509 pin1=0.041 a1=[0.012 -0.140 -0.001 -0.001 -0.062]
INFO  [mc_indi_tiltrotor] T0dbg1 G0=[-0.257 0.192 0.006 0.210 -0.978] nu_des=[-0.01 0.28 -0.00 -2.42 0.12]
INFO  [mc_indi_tiltrotor] T0dbg2 Ws34=[0.1 20.0] Wu0=1.0 du0=0.0784 dmin0=-18.7799 dmax0=26.2201
INFO  [mc_indi_tiltrotor] T2dbg1 G2=[-0.000 -0.650 0.060 0.001 -1.000] G5=[-0.746 -0.860 -0.001 12.439 0.017]
INFO  [mc_indi_tiltrotor] T2dbg2 Wu25=[1.0 1000000.0] du25=[-0.3120 -0.0014] dmax25=[32.5610 -0.0002] nu_yaw=-0.003
INFO  [mc_indi_tiltrotor] WRdbg0 Wu0=1 lo0=-18.78 du0=0.0784 pin0=-0.057 a0=[0.018 0.165 -0.000 -0.000 -0.047]
INFO  [mc_indi_tiltrotor] WRdbg1 Wu1=1 lo1=-18.96 du1=0.0666 pin1=-0.036 a1=[-0.017 0.167 0.000 -0.000 -0.048]
INFO  [mc_indi_tiltrotor] YWdbg nu2=-0.043 ach2=-0.024 r=0.02 wsp2=0.05 ddelta=[-0.0048 -0.0072 -0.0015]
INFO  [mc_indi_tiltrotor] T0dbg1 G0=[-0.257 0.196 0.014 0.182 -0.983] nu_des=[-0.01 0.10 -0.05 -1.35 0.11]
INFO  [mc_indi_tiltrotor] T0dbg2 Ws34=[0.1 20.0] Wu0=1.0 du0=0.0029 dmin0=-18.8368 dmax0=26.1632
INFO  [mc_indi_tiltrotor] T2dbg1 G2=[-0.000 -0.650 0.060 0.001 -1.000] G5=[-0.767 -0.883 -0.001 12.785 0.019]
INFO  [mc_indi_tiltrotor] T2dbg2 Wu25=[1.0 1000000.0] du25=[-0.1250 -0.0015] dmax25=[32.2145 -0.0001] nu_yaw=-0.047
INFO  [mc_indi_tiltrotor] WRdbg0 Wu0=1 lo0=-18.84 du0=0.0029 pin0=-0.023 a0=[0.011 0.058 -0.000 -0.000 -0.043]
INFO  [mc_indi_tiltrotor] WRdbg1 Wu1=1 lo1=-19.09 du1=-0.0012 pin1=-0.006 a1=[-0.010 0.059 0.000 -0.000 -0.044]
INFO  [mc_indi_tiltrotor] T0dbg1 G0=[-0.256 0.200 0.020 0.158 -0.987] nu_des=[-0.01 -0.24 -0.05 -0.28 0.04]
INFO  [mc_indi_tiltrotor] T0dbg2 Ws34=[0.1 20.0] Wu0=1.0 du0=-0.1721 dmin0=-18.8490 dmax0=26.1510
INFO  [mc_indi_tiltrotor] T2dbg1 G2=[-0.000 -0.650 0.060 0.001 -1.000] G5=[-0.758 -0.875 -0.001 12.630 0.014]
INFO  [mc_indi_tiltrotor] T2dbg2 Wu25=[1.0 1000000.0] du25=[0.2952 0.0038] dmax25=[32.3699 0.0038] nu_yaw=-0.051
INFO  [mc_indi_tiltrotor] WRdbg0 Wu0=1 lo0=-18.85 du0=-0.1721 pin0=-0.039 a0=[0.022 -0.139 -0.000 -0.000 -0.016]
INFO  [mc_indi_tiltrotor] WRdbg1 Wu1=1 lo1=-19.34 du1=-0.1872 pin1=-0.008 a1=[-0.021 -0.142 0.000 -0.000 -0.017]
INFO  [mc_indi_tiltrotor] YWdbg nu2=-0.018 ach2=-0.018 r=0.06 wsp2=-0.08 ddelta=[0.0060 0.0020 -0.0001]
INFO  [mc_indi_tiltrotor] T0dbg1 G0=[-0.257 0.197 0.016 0.174 -0.985] nu_des=[-0.00 0.03 -0.00 -0.55 0.00]
INFO  [mc_indi_tiltrotor] T0dbg2 Ws34=[0.1 20.0] Wu0=1.0 du0=-0.0017 dmin0=-18.8253 dmax0=26.1747
INFO  [mc_indi_tiltrotor] T2dbg1 G2=[-0.000 -0.650 0.060 0.001 -1.000] G5=[-0.756 -0.873 -0.001 12.594 0.014]
INFO  [mc_indi_tiltrotor] T2dbg2 Wu25=[1.0 9.0] du25=[-0.0152 -0.0003] dmax25=[32.4056 0.0011] nu_yaw=-0.003
INFO  [mc_indi_tiltrotor] WRdbg0 Wu0=1 lo0=-18.83 du0=-0.0017 pin0=0.000 a0=[0.007 -0.004 -0.000 -0.003 -0.001]
INFO  [mc_indi_tiltrotor] WRdbg1 Wu1=1 lo1=-19.50 du1=-0.0028 pin1=0.000 a1=[-0.009 0.008 0.001 -0.002 -0.001]
INFO  [mc_indi_tiltrotor] T0dbg1 G0=[-0.256 0.199 0.018 0.165 -0.986] nu_des=[-0.01 -0.01 -0.03 -0.29 0.01]
INFO  [mc_indi_tiltrotor] T0dbg2 Ws34=[0.1 20.0] Wu0=1.0 du0=0.0135 dmin0=-19.1158 dmax0=25.8842
INFO  [mc_indi_tiltrotor] T2dbg1 G2=[-0.000 -0.650 0.060 0.001 -1.000] G5=[-0.752 -0.869 -0.001 12.531 0.013]
INFO  [mc_indi_tiltrotor] T2dbg2 Wu25=[1.0 9.0] du25=[0.0017 0.0003] dmax25=[32.4686 0.0013] nu_yaw=-0.027
INFO  [mc_indi_tiltrotor] WRdbg0 Wu0=1 lo0=-19.12 du0=0.0135 pin0=-0.005 a0=[0.018 -0.006 0.010 0.000 -0.004]
INFO  [mc_indi_tiltrotor] WRdbg1 Wu1=1 lo1=-19.66 du1=-0.0107 pin1=-0.002 a1=[-0.016 -0.005 0.016 -0.000 -0.004]
INFO  [mc_indi_tiltrotor] YWdbg nu2=0.060 ach2=0.047 r=-0.10 wsp2=-0.06 ddelta=[0.0017 0.0108 0.0001]
INFO  [mc_indi_tiltrotor] T0dbg1 G0=[-0.257 0.197 0.014 0.178 -0.984] nu_des=[0.00 -0.06 0.04 -0.99 0.05]
INFO  [mc_indi_tiltrotor] T0dbg2 Ws34=[0.1 20.0] Wu0=1.0 du0=-0.0057 dmin0=-18.9928 dmax0=26.0072
INFO  [mc_indi_tiltrotor] T2dbg1 G2=[-0.000 -0.650 0.060 0.001 -1.000] G5=[-0.749 -0.862 -0.001 12.481 0.018]
INFO  [mc_indi_tiltrotor] T2dbg2 Wu25=[1.0 9.0] du25=[0.0226 0.0007] dmax25=[32.5188 0.0019] nu_yaw=0.044
INFO  [mc_indi_tiltrotor] WRdbg0 Wu0=1 lo0=-18.99 du0=-0.0057 pin0=0.000 a0=[-0.001 0.007 0.005 -0.006 -0.011]
INFO  [mc_indi_tiltrotor] WRdbg1 Wu1=1 lo1=-19.35 du1=-0.0442 pin1=0.000 a1=[0.002 -0.012 -0.016 -0.004 -0.015]
INFO  [mc_indi_tiltrotor] T0dbg1 G0=[-0.257 0.193 0.008 0.202 -0.979] nu_des=[0.00 0.30 0.03 -2.02 0.18]
INFO  [mc_indi_tiltrotor] T0dbg2 Ws34=[0.1 20.0] Wu0=1.0 du0=0.1563 dmin0=-18.7851 dmax0=26.2149
INFO  [mc_indi_tiltrotor] T2dbg1 G2=[-0.000 -0.650 0.060 0.002 -1.000] G5=[-0.768 -0.882 -0.001 12.796 0.021]
INFO  [mc_indi_tiltrotor] T2dbg2 Wu25=[1.0 1000000.0] du25=[-0.4292 -0.0017] dmax25=[32.2040 -0.0001] nu_yaw=0.027
INFO  [mc_indi_tiltrotor] WRdbg0 Wu0=1 lo0=-18.79 du0=0.1563 pin0=0.055 a0=[-0.006 0.174 0.000 -0.000 -0.067]
INFO  [mc_indi_tiltrotor] WRdbg1 Wu1=1 lo1=-19.04 du1=0.1408 pin1=0.027 a1=[0.005 0.177 -0.000 -0.000 -0.068]
INFO  [mc_indi_tiltrotor] YWdbg nu2=0.018 ach2=0.018 r=-0.04 wsp2=0.09 ddelta=[-0.0054 -0.0018 -0.0006]
INFO  [mc_indi_tiltrotor] T0dbg1 G0=[-0.257 0.193 0.007 0.205 -0.979] nu_des=[-0.01 0.17 -0.02 -2.29 0.11]
INFO  [mc_indi_tiltrotor] T0dbg2 Ws34=[0.1 20.0] Wu0=1.0 du0=0.0451 dmin0=-18.6833 dmax0=26.3167
INFO  [mc_indi_tiltrotor] T2dbg1 G2=[-0.000 -0.650 0.060 0.001 -1.000] G5=[-0.768 -0.888 -0.001 12.806 0.013]
INFO  [mc_indi_tiltrotor] T2dbg2 Wu25=[1.0 1000000.0] du25=[-0.2038 -0.0010] dmax25=[32.1942 0.0006] nu_yaw=-0.017
INFO  [mc_indi_tiltrotor] WRdbg0 Wu0=1 lo0=-18.68 du0=0.0451 pin0=-0.032 a0=[0.019 0.102 -0.000 -0.000 -0.043]
INFO  [mc_indi_tiltrotor] WRdbg1 Wu1=1 lo1=-19.01 du1=0.0218 pin1=-0.019 a1=[-0.018 0.103 0.000 -0.000 -0.044]
INFO  [mc_indi_tiltrotor] T0dbg1 G0=[-0.257 0.197 0.015 0.178 -0.984] nu_des=[-0.00 -0.11 -0.04 -1.22 0.15]
INFO  [mc_indi_tiltrotor] T0dbg2 Ws34=[0.1 20.0] Wu0=1.0 du0=-0.1422 dmin0=-18.8008 dmax0=26.1992
INFO  [mc_indi_tiltrotor] T2dbg1 G2=[-0.000 -0.650 0.060 0.001 -1.000] G5=[-0.754 -0.869 -0.001 12.573 0.017]
INFO  [mc_indi_tiltrotor] T2dbg2 Wu25=[1.0 1000000.0] du25=[0.1041 0.0026] dmax25=[32.4271 0.0050] nu_yaw=-0.042
INFO  [mc_indi_tiltrotor] WRdbg0 Wu0=1 lo0=-18.80 du0=-0.1422 pin0=-0.021 a0=[0.002 -0.065 -0.000 -0.000 -0.059]
INFO  [mc_indi_tiltrotor] WRdbg1 Wu1=1 lo1=-19.17 du1=-0.1296 pin1=-0.002 a1=[-0.002 -0.066 0.000 -0.000 -0.060]
INFO  [mc_indi_tiltrotor] YWdbg nu2=-0.079 ach2=-0.023 r=0.12 wsp2=-0.00 ddelta=[-0.0120 -0.0120 -0.0011]
INFO  [mc_indi_tiltrotor] T0dbg1 G0=[-0.256 0.200 0.021 0.154 -0.988] nu_des=[0.00 -0.12 -0.09 -0.18 0.06]
INFO  [mc_indi_tiltrotor] T0dbg2 Ws34=[0.1 20.0] Wu0=1.0 du0=-0.1158 dmin0=-18.9060 dmax0=26.0940
INFO  [mc_indi_tiltrotor] T2dbg1 G2=[-0.000 -0.650 0.060 0.001 -1.000] G5=[-0.744 -0.858 -0.001 12.392 0.015]
INFO  [mc_indi_tiltrotor] T2dbg2 Wu25=[1.0 1000000.0] du25=[0.1402 0.0025] dmax25=[32.6081 0.0025] nu_yaw=-0.090
INFO  [mc_indi_tiltrotor] WRdbg0 Wu0=1 lo0=-18.91 du0=-0.1158 pin0=-0.027 a0=[-0.001 -0.067 -0.000 -0.000 -0.021]
INFO  [mc_indi_tiltrotor] WRdbg1 Wu1=1 lo1=-19.29 du1=-0.0934 pin1=-0.003 a1=[0.001 -0.069 0.000 -0.000 -0.022]
INFO  [mc_indi_tiltrotor] T0dbg1 G0=[-0.257 0.197 0.014 0.179 -0.984] nu_des=[0.00 -0.02 -0.01 -0.69 0.01]
INFO  [mc_indi_tiltrotor] T0dbg2 Ws34=[0.1 20.0] Wu0=1.0 du0=-0.0076 dmin0=-18.9430 dmax0=26.0570
INFO  [mc_indi_tiltrotor] T2dbg1 G2=[-0.000 -0.650 0.060 0.002 -1.000] G5=[-0.754 -0.863 -0.002 12.565 0.025]
INFO  [mc_indi_tiltrotor] T2dbg2 Wu25=[1.0 9.0] du25=[0.0106 -0.0001] dmax25=[32.4354 0.0011] nu_yaw=-0.010
INFO  [mc_indi_tiltrotor] WRdbg0 Wu0=1 lo0=-18.94 du0=-0.0076 pin0=0.000 a0=[-0.001 0.002 -0.001 -0.004 -0.003]
INFO  [mc_indi_tiltrotor] WRdbg1 Wu1=1 lo1=-19.43 du1=-0.0050 pin1=0.000 a1=[0.002 -0.004 0.004 -0.002 -0.004]
INFO  [mc_indi_tiltrotor] YWdbg nu2=0.027 ach2=0.026 r=-0.03 wsp2=-0.11 ddelta=[-0.0027 0.0025 -0.0001]
INFO  [mc_indi_tiltrotor] T0dbg1 G0=[-0.257 0.198 0.016 0.171 -0.985] nu_des=[0.01 -0.02 0.05 -0.54 0.04]
INFO  [mc_indi_tiltrotor] T0dbg2 Ws34=[0.1 20.0] Wu0=1.0 du0=-0.0218 dmin0=-18.9951 dmax0=26.0049
INFO  [mc_indi_tiltrotor] T2dbg1 G2=[-0.000 -0.650 0.060 0.001 -1.000] G5=[-0.759 -0.875 -0.001 12.656 0.018]
INFO  [mc_indi_tiltrotor] T2dbg2 Wu25=[1.0 9.0] du25=[-0.0060 -0.0003] dmax25=[32.3443 0.0010] nu_yaw=0.050
INFO  [mc_indi_tiltrotor] WRdbg0 Wu0=1 lo0=-19.00 du0=-0.0218 pin0=0.000 a0=[-0.017 0.002 0.006 -0.003 -0.010]
INFO  [mc_indi_tiltrotor] WRdbg1 Wu1=1 lo1=-19.51 du1=-0.0148 pin1=0.000 a1=[0.023 -0.004 -0.020 -0.002 -0.013]
INFO  [mc_indi_tiltrotor] T0dbg1 G0=[-0.257 0.195 0.012 0.188 -0.982] nu_des=[0.01 -0.18 0.04 -1.44 0.10]
INFO  [mc_indi_tiltrotor] T0dbg2 Ws34=[0.1 20.0] Wu0=1.0 du0=-0.0875 dmin0=-18.9589 dmax0=26.0411
INFO  [mc_indi_tiltrotor] T2dbg1 G2=[-0.000 -0.650 0.060 0.002 -1.000] G5=[-0.755 -0.866 -0.001 12.587 0.023]
INFO  [mc_indi_tiltrotor] T2dbg2 Wu25=[1.0 9.0] du25=[0.1276 0.0017] dmax25=[32.4134 0.0028] nu_yaw=0.041
INFO  [mc_indi_tiltrotor] WRdbg0 Wu0=1 lo0=-18.96 du0=-0.0875 pin0=0.071 a0=[-0.012 -0.109 0.001 0.001 -0.039]
INFO  [mc_indi_tiltrotor] WRdbg1 Wu1=1 lo1=-19.42 du1=-0.0975 pin1=0.033 a1=[0.011 -0.099 -0.001 -0.001 -0.039]
INFO  [mc_indi_tiltrotor] YWdbg nu2=0.018 ach2=-0.019 r=-0.09 wsp2=0.02 ddelta=[0.0084 0.0084 -0.0016]
INFO  [mc_indi_tiltrotor] T0dbg1 G0=[-0.257 0.192 0.006 0.210 -0.978] nu_des=[0.00 -0.01 0.04 -2.48 0.16]
INFO  [mc_indi_tiltrotor] T0dbg2 Ws34=[0.1 20.0] Wu0=1.0 du0=-0.0587 dmin0=-19.1380 dmax0=25.8620
INFO  [mc_indi_tiltrotor] T2dbg1 G2=[-0.000 -0.650 0.060 0.001 -1.000] G5=[-0.730 -0.842 -0.001 12.160 0.015]
INFO  [mc_indi_tiltrotor] T2dbg2 Wu25=[1.0 9.0] du25=[-0.0395 -0.0009] dmax25=[32.8404 -0.0000] nu_yaw=0.040
INFO  [mc_indi_tiltrotor] WRdbg0 Wu0=1 lo0=-19.14 du0=-0.0587 pin0=0.013 a0=[-0.010 -0.003 0.001 0.001 -0.060]
INFO  [mc_indi_tiltrotor] WRdbg1 Wu1=1 lo1=-19.45 du1=-0.0589 pin1=-0.002 a1=[0.009 -0.003 -0.001 -0.002 -0.060]
INFO  [mc_indi_tiltrotor] T0dbg1 G0=[-0.257 0.188 0.000 0.233 -0.973] nu_des=[-0.00 -0.20 -0.01 -3.48 0.21]
INFO  [mc_indi_tiltrotor] T0dbg2 Ws34=[0.1 20.0] Wu0=1.0 du0=-0.1144 dmin0=-19.1223 dmax0=25.8777
INFO  [mc_indi_tiltrotor] T2dbg1 G2=[-0.000 -0.650 0.060 0.001 -1.000] G5=[-0.747 -0.863 -0.001 12.450 0.014]
INFO  [mc_indi_tiltrotor] T2dbg2 Wu25=[1.0 1000000.0] du25=[0.1186 0.0017] dmax25=[32.5497 0.0041] nu_yaw=-0.005
INFO  [mc_indi_tiltrotor] WRdbg0 Wu0=1 lo0=-19.12 du0=-0.1144 pin0=0.083 a0=[0.002 -0.117 -0.000 -0.000 -0.083]
INFO  [mc_indi_tiltrotor] WRdbg1 Wu1=1 lo1=-19.23 du1=-0.1463 pin1=0.057 a1=[-0.002 -0.118 0.000 -0.000 -0.083]
INFO  [mc_indi_tiltrotor] YWdbg nu2=-0.004 ach2=0.001 r=0.04 wsp2=0.07 ddelta=[-0.0108 -0.0108 -0.0003]
INFO  [mc_indi_tiltrotor] T0dbg1 G0=[-0.257 0.188 0.000 0.233 -0.972] nu_des=[-0.00 0.15 -0.04 -3.40 0.07]
INFO  [mc_indi_tiltrotor] T0dbg2 Ws34=[0.1 20.0] Wu0=1.0 du0=0.0304 dmin0=-19.0275 dmax0=25.9725
INFO  [mc_indi_tiltrotor] T2dbg1 G2=[-0.000 -0.650 0.060 0.001 -1.000] G5=[-0.735 -0.853 -0.000 12.253 0.008]
INFO  [mc_indi_tiltrotor] T2dbg2 Wu25=[1.0 1000000.0] du25=[-0.1660 -0.0006] dmax25=[32.7472 0.0006] nu_yaw=-0.040
INFO  [mc_indi_tiltrotor] WRdbg0 Wu0=1 lo0=-19.03 du0=0.0304 pin0=-0.038 a0=[0.007 0.089 -0.000 -0.000 -0.028]
INFO  [mc_indi_tiltrotor] WRdbg1 Wu1=1 lo1=-19.16 du1=0.0350 pin1=-0.020 a1=[-0.007 0.090 0.000 -0.000 -0.028]
INFO  [mc_indi_tiltrotor] T0dbg1 G0=[-0.257 0.192 0.007 0.209 -0.978] nu_des=[-0.01 0.10 -0.06 -2.33 0.09]
INFO  [mc_indi_tiltrotor] T0dbg2 Ws34=[0.1 20.0] Wu0=1.0 du0=0.0203 dmin0=-18.9136 dmax0=26.0864
INFO  [mc_indi_tiltrotor] T2dbg1 G2=[-0.000 -0.650 0.060 0.001 -1.000] G5=[-0.752 -0.868 -0.001 12.536 0.014]
INFO  [mc_indi_tiltrotor] T2dbg2 Wu25=[1.0 9.0] du25=[-0.1104 -0.0010] dmax25=[32.4637 0.0005] nu_yaw=-0.055
INFO  [mc_indi_tiltrotor] WRdbg0 Wu0=1 lo0=-18.91 du0=0.0203 pin0=-0.033 a0=[0.029 0.059 -0.001 0.001 -0.035]
INFO  [mc_indi_tiltrotor] WRdbg1 Wu1=1 lo1=-19.24 du1=-0.0182 pin1=-0.011 a1=[-0.026 0.054 0.002 -0.002 -0.035]
INFO  [mc_indi_tiltrotor] YWdbg nu2=-0.072 ach2=-0.015 r=0.10 wsp2=-0.04 ddelta=[-0.0120 -0.0120 -0.0010]
INFO  [mc_indi_tiltrotor] T0dbg1 G0=[-0.257 0.196 0.012 0.186 -0.983] nu_des=[-0.01 0.14 -0.08 -1.22 0.14]
INFO  [mc_indi_tiltrotor] T0dbg2 Ws34=[0.1 20.0] Wu0=1.0 du0=0.0133 dmin0=-18.6823 dmax0=26.3177
INFO  [mc_indi_tiltrotor] T2dbg1 G2=[-0.000 -0.650 0.060 0.001 -1.000] G5=[-0.772 -0.890 -0.001 12.874 0.018]
INFO  [mc_indi_tiltrotor] T2dbg2 Wu25=[1.0 1000000.0] du25=[-0.1758 -0.0014] dmax25=[32.1262 0.0004] nu_yaw=-0.078
INFO  [mc_indi_tiltrotor] WRdbg0 Wu0=1 lo0=-18.68 du0=0.0133 pin0=-0.027 a0=[0.010 0.082 -0.000 -0.000 -0.052]
INFO  [mc_indi_tiltrotor] WRdbg1 Wu1=1 lo1=-19.07 du1=0.0164 pin1=-0.004 a1=[-0.010 0.084 0.000 -0.000 -0.053]
INFO  [mc_indi_tiltrotor] T0dbg1 G0=[-0.256 0.199 0.018 0.166 -0.986] nu_des=[-0.01 -0.02 -0.06 -0.34 0.05]
INFO  [mc_indi_tiltrotor] T0dbg2 Ws34=[0.1 20.0] Wu0=1.0 du0=-0.0156 dmin0=-18.8659 dmax0=26.1341
INFO  [mc_indi_tiltrotor] T2dbg1 G2=[-0.000 -0.650 0.060 0.001 -1.000] G5=[-0.747 -0.862 -0.001 12.443 0.013]
INFO  [mc_indi_tiltrotor] T2dbg2 Wu25=[1.0 9.0] du25=[0.0053 0.0001] dmax25=[32.5569 0.0009] nu_yaw=-0.062
INFO  [mc_indi_tiltrotor] WRdbg0 Wu0=1 lo0=-18.87 du0=-0.0156 pin0=0.004 a0=[0.012 -0.014 -0.001 0.000 -0.018]
INFO  [mc_indi_tiltrotor] WRdbg1 Wu1=1 lo1=-19.44 du1=-0.0117 pin1=0.028 a1=[-0.012 -0.013 0.002 -0.000 -0.018]
INFO  [mc_indi_tiltrotor] YWdbg nu2=0.020 ach2=0.021 r=-0.04 wsp2=-0.13 ddelta=[0.0029 0.0069 -0.0004]
INFO  [mc_indi_tiltrotor] T0dbg1 G0=[-0.257 0.197 0.015 0.177 -0.984] nu_des=[-0.01 -0.10 -0.00 -0.79 0.13]
INFO  [mc_indi_tiltrotor] T0dbg2 Ws34=[0.1 20.0] Wu0=1.0 du0=-0.1029 dmin0=-18.8348 dmax0=26.1652
INFO  [mc_indi_tiltrotor] T2dbg1 G2=[-0.000 -0.650 0.060 0.002 -1.000] G5=[-0.771 -0.883 -0.002 12.846 0.026]
INFO  [mc_indi_tiltrotor] T2dbg2 Wu25=[1.0 1000000.0] du25=[0.0978 0.0023] dmax25=[32.1537 0.0047] nu_yaw=-0.004
INFO  [mc_indi_tiltrotor] WRdbg0 Wu0=1 lo0=-18.83 du0=-0.1029 pin0=-0.018 a0=[0.023 -0.059 -0.000 -0.000 -0.049]
INFO  [mc_indi_tiltrotor] WRdbg1 Wu1=1 lo1=-19.41 du1=-0.1387 pin1=-0.007 a1=[-0.022 -0.060 0.000 -0.000 -0.050]
INFO  [mc_indi_tiltrotor] T0dbg1 G0=[-0.256 0.200 0.021 0.155 -0.988] nu_des=[0.01 -0.03 0.03 -0.25 0.01]
INFO  [mc_indi_tiltrotor] T0dbg2 Ws34=[0.1 20.0] Wu0=1.0 du0=-0.0089 dmin0=-19.0590 dmax0=25.9410
INFO  [mc_indi_tiltrotor] T2dbg1 G2=[-0.000 -0.650 0.060 0.002 -1.000] G5=[-0.758 -0.869 -0.001 12.632 0.024]
INFO  [mc_indi_tiltrotor] T2dbg2 Wu25=[1.0 9.0] du25=[0.0095 0.0000] dmax25=[32.3680 0.0012] nu_yaw=0.031
INFO  [mc_indi_tiltrotor] WRdbg0 Wu0=1 lo0=-19.06 du0=-0.0089 pin0=0.000 a0=[-0.011 0.002 0.005 -0.002 -0.003]
INFO  [mc_indi_tiltrotor] WRdbg1 Wu1=1 lo1=-19.44 du1=-0.0090 pin1=0.000 a1=[0.015 -0.006 -0.012 -0.001 -0.004]
INFO  [mc_indi_tiltrotor] YWdbg nu2=0.001 ach2=-0.001 r=-0.06 wsp2=0.01 ddelta=[0.0099 0.0091 0.0006]
INFO  [mc_indi_tiltrotor] T0dbg1 G0=[-0.257 0.197 0.014 0.179 -0.984] nu_des=[0.01 0.16 -0.01 -1.28 0.22]
INFO  [mc_indi_tiltrotor] T0dbg2 Ws34=[0.1 20.0] Wu0=1.0 du0=0.0130 dmin0=-19.1827 dmax0=25.8173
INFO  [mc_indi_tiltrotor] T2dbg1 G2=[-0.000 -0.650 0.060 0.003 -1.000] G5=[-0.756 -0.859 -0.002 12.593 0.034]
INFO  [mc_indi_tiltrotor] T2dbg2 Wu25=[1.0 1000000.0] du25=[-0.2523 -0.0027] dmax25=[32.4072 -0.0016] nu_yaw=-0.010
INFO  [mc_indi_tiltrotor] WRdbg0 Wu0=1 lo0=-19.18 du0=0.0130 pin0=0.020 a0=[-0.017 0.093 -0.000 -0.000 -0.083]
INFO  [mc_indi_tiltrotor] WRdbg1 Wu1=1 lo1=-19.51 du1=0.0336 pin1=0.007 a1=[0.017 0.095 0.000 -0.000 -0.085]
INFO  [mc_indi_tiltrotor] T0dbg1 G0=[-0.257 0.193 0.007 0.205 -0.979] nu_des=[0.00 -0.21 -0.02 -2.26 0.12]
INFO  [mc_indi_tiltrotor] T0dbg2 Ws34=[0.1 20.0] Wu0=1.0 du0=-0.0999 dmin0=-19.0698 dmax0=25.9302
INFO  [mc_indi_tiltrotor] T2dbg1 G2=[-0.000 -0.650 0.060 0.002 -1.000] G5=[-0.746 -0.851 -0.002 12.427 0.029]
INFO  [mc_indi_tiltrotor] T2dbg2 Wu25=[1.0 1000000.0] du25=[0.1494 0.0011] dmax25=[32.5733 0.0035] nu_yaw=-0.022
INFO  [mc_indi_tiltrotor] WRdbg0 Wu0=1 lo0=-19.07 du0=-0.0999 pin0=0.077 a0=[-0.010 -0.120 -0.000 -0.000 -0.047]
INFO  [mc_indi_tiltrotor] WRdbg1 Wu1=1 lo1=-19.38 du1=-0.1133 pin1=0.047 a1=[0.009 -0.122 0.000 -0.000 -0.048]
INFO  [mc_indi_tiltrotor] YWdbg nu2=0.002 ach2=0.002 r=0.02 wsp2=0.01 ddelta=[0.0056 0.0055 -0.0008]
INFO  [mc_indi_tiltrotor] T0dbg1 G0=[-0.257 0.191 0.004 0.218 -0.976] nu_des=[-0.01 -0.27 0.01 -2.76 0.10]
INFO  [mc_indi_tiltrotor] T0dbg2 Ws34=[0.1 20.0] Wu0=1.0 du0=-0.2534 dmin0=-19.2479 dmax0=25.7521
INFO  [mc_indi_tiltrotor] T2dbg1 G2=[-0.000 -0.650 0.060 0.001 -1.000] G5=[-0.710 -0.822 -0.001 11.830 0.009]
INFO  [mc_indi_tiltrotor] T2dbg2 Wu25=[1.0 1000000.0] du25=[0.3417 0.0016] dmax25=[33.1696 0.0016] nu_yaw=0.011
INFO  [mc_indi_tiltrotor] WRdbg0 Wu0=1 lo0=-19.25 du0=-0.2534 pin0=-0.067 a0=[0.011 -0.160 0.000 -0.000 -0.038]
INFO  [mc_indi_tiltrotor] WRdbg1 Wu1=1 lo1=-19.63 du1=-0.2467 pin1=-0.036 a1=[-0.011 -0.162 -0.000 -0.000 -0.038]
INFO  [mc_indi_tiltrotor] T0dbg1 G0=[-0.257 0.195 0.011 0.191 -0.982] nu_des=[-0.00 0.33 -0.02 -1.58 0.06]
INFO  [mc_indi_tiltrotor] T0dbg2 Ws34=[0.1 20.0] Wu0=1.0 du0=0.0972 dmin0=-18.9181 dmax0=26.0819
INFO  [mc_indi_tiltrotor] T2dbg1 G2=[-0.000 -0.650 0.060 0.001 -1.000] G5=[-0.742 -0.856 -0.001 12.374 0.016]
INFO  [mc_indi_tiltrotor] T2dbg2 Wu25=[1.0 1000000.0] du25=[-0.3348 -0.0013] dmax25=[32.6261 -0.0001] nu_yaw=-0.021
INFO  [mc_indi_tiltrotor] WRdbg0 Wu0=1 lo0=-18.92 du0=0.0972 pin0=-0.073 a0=[0.000 0.191 -0.000 -0.000 -0.021]
INFO  [mc_indi_tiltrotor] WRdbg1 Wu1=1 lo1=-19.31 du1=0.1303 pin1=-0.043 a1=[-0.000 0.194 0.000 -0.000 -0.022]
INFO  [mc_indi_tiltrotor] YWdbg nu2=-0.026 ach2=-0.024 r=0.03 wsp2=-0.02 ddelta=[-0.0120 -0.0120 -0.0013]
INFO  [mc_indi_tiltrotor] T0dbg1 G0=[-0.256 0.199 0.018 0.166 -0.986] nu_des=[-0.00 0.15 -0.05 -0.51 0.07]
INFO  [mc_indi_tiltrotor] T0dbg2 Ws34=[0.1 20.0] Wu0=1.0 du0=0.0026 dmin0=-18.8205 dmax0=26.1795
INFO  [mc_indi_tiltrotor] T2dbg1 G2=[-0.000 -0.650 0.060 0.001 -1.000] G5=[-0.762 -0.877 -0.001 12.701 0.018]
INFO  [mc_indi_tiltrotor] T2dbg2 Wu25=[1.0 1000000.0] du25=[-0.1405 -0.0014] dmax25=[32.2991 -0.0003] nu_yaw=-0.047
INFO  [mc_indi_tiltrotor] WRdbg0 Wu0=1 lo0=-18.82 du0=0.0026 pin0=-0.061 a0=[0.003 0.088 -0.000 -0.000 -0.027]
INFO  [mc_indi_tiltrotor] WRdbg1 Wu1=1 lo1=-19.21 du1=0.0319 pin1=-0.027 a1=[-0.003 0.090 0.000 -0.000 -0.028]
INFO  [mc_indi_tiltrotor] T0dbg1 G0=[-0.257 0.197 0.016 0.174 -0.985] nu_des=[0.01 -0.04 0.00 -0.65 0.04]
INFO  [mc_indi_tiltrotor] T0dbg2 Ws34=[0.1 20.0] Wu0=1.0 du0=-0.0179 dmin0=-18.7961 dmax0=26.2039
INFO  [mc_indi_tiltrotor] T2dbg1 G2=[-0.000 -0.650 0.060 0.002 -1.000] G5=[-0.750 -0.861 -0.001 12.503 0.022]
INFO  [mc_indi_tiltrotor] T2dbg2 Wu25=[1.0 9.0] du25=[0.0100 -0.0001] dmax25=[32.4965 0.0011] nu_yaw=0.005
INFO  [mc_indi_tiltrotor] WRdbg0 Wu0=1 lo0=-18.80 du0=-0.0179 pin0=0.000 a0=[-0.008 0.005 0.001 -0.004 -0.011]
INFO  [mc_indi_tiltrotor] WRdbg1 Wu1=1 lo1=-19.22 du1=-0.0161 pin1=0.000 a1=[0.011 -0.009 -0.002 -0.002 -0.014]
INFO  [mc_indi_tiltrotor] YWdbg nu2=-0.005 ach2=-0.012 r=-0.03 wsp2=-0.05 ddelta=[-0.0096 -0.0085 -0.0013]
INFO  [mc_indi_tiltrotor] T0dbg1 G0=[-0.256 0.200 0.020 0.157 -0.988] nu_des=[-0.01 -0.00 0.01 -0.15 -0.04]
INFO  [mc_indi_tiltrotor] T0dbg2 Ws34=[0.1 20.0] Wu0=1.0 du0=0.0223 dmin0=-18.8592 dmax0=26.1408
INFO  [mc_indi_tiltrotor] T2dbg1 G2=[-0.000 -0.650 0.060 0.001 -1.000] G5=[-0.744 -0.860 -0.001 12.403 0.012]
INFO  [mc_indi_tiltrotor] T2dbg2 Wu25=[1.0 9.0] du25=[0.0194 0.0006] dmax25=[32.5972 0.0011] nu_yaw=0.013
INFO  [mc_indi_tiltrotor] WRdbg0 Wu0=1 lo0=-18.86 du0=0.0223 pin0=0.000 a0=[0.010 0.000 0.002 -0.001 0.011]
INFO  [mc_indi_tiltrotor] WRdbg1 Wu1=1 lo1=-19.40 du1=-0.0046 pin1=0.000 a1=[-0.013 -0.000 -0.005 -0.001 0.015]
INFO  [mc_indi_tiltrotor] T0dbg1 G0=[-0.256 0.200 0.020 0.156 -0.988] nu_des=[-0.00 -0.01 0.01 -0.19 0.00]
INFO  [mc_indi_tiltrotor] T0dbg2 Ws34=[0.1 20.0] Wu0=1.0 du0=0.0032 dmin0=-18.9493 dmax0=26.0507
INFO  [mc_indi_tiltrotor] T2dbg1 G2=[-0.000 -0.650 0.060 0.001 -1.000] G5=[-0.753 -0.870 -0.001 12.557 0.015]
INFO  [mc_indi_tiltrotor] T2dbg2 Wu25=[1.0 9.0] du25=[0.0071 0.0003] dmax25=[32.4433 0.0015] nu_yaw=0.007
INFO  [mc_indi_tiltrotor] WRdbg0 Wu0=1 lo0=-18.95 du0=0.0032 pin0=0.000 a0=[0.003 0.001 0.001 -0.001 -0.001]
INFO  [mc_indi_tiltrotor] WRdbg1 Wu1=1 lo1=-19.40 du1=-0.0125 pin1=0.000 a1=[-0.004 -0.003 -0.003 -0.001 -0.002]
INFO  [mc_indi_tiltrotor] YWdbg nu2=0.006 ach2=0.006 r=-0.02 wsp2=0.00 ddelta=[0.0008 0.0020 -0.0001]
INFO  [mc_indi_tiltrotor] T0dbg1 G0=[-0.256 0.200 0.019 0.160 -0.987] nu_des=[0.00 -0.02 0.00 -0.37 0.03]
INFO  [mc_indi_tiltrotor] T0dbg2 Ws34=[0.1 20.0] Wu0=1.0 du0=-0.0141 dmin0=-18.8885 dmax0=26.1115
INFO  [mc_indi_tiltrotor] T2dbg1 G2=[-0.000 -0.650 0.060 0.001 -1.000] G5=[-0.763 -0.881 -0.001 12.725 0.015]
INFO  [mc_indi_tiltrotor] T2dbg2 Wu25=[1.0 9.0] du25=[0.0002 -0.0002] dmax25=[32.2750 0.0011] nu_yaw=0.003
INFO  [mc_indi_tiltrotor] WRdbg0 Wu0=1 lo0=-18.89 du0=-0.0141 pin0=0.000 a0=[-0.007 0.002 0.000 -0.002 -0.007]
INFO  [mc_indi_tiltrotor] WRdbg1 Wu1=1 lo1=-19.34 du1=-0.0059 pin1=0.000 a1=[0.009 -0.004 -0.001 -0.001 -0.009]
INFO  [mc_indi_tiltrotor] T0dbg1 G0=[-0.256 0.200 0.020 0.159 -0.987] nu_des=[-0.00 -0.01 -0.01 -0.24 0.01]
INFO  [mc_indi_tiltrotor] T0dbg2 Ws34=[0.1 20.0] Wu0=1.0 du0=-0.0016 dmin0=-18.8836 dmax0=26.1164
INFO  [mc_indi_tiltrotor] T2dbg1 G2=[-0.000 -0.650 0.060 0.001 -1.000] G5=[-0.763 -0.884 -0.001 12.722 0.011]
INFO  [mc_indi_tiltrotor] T2dbg2 Wu25=[1.0 9.0] du25=[0.0016 0.0001] dmax25=[32.2783 0.0009] nu_yaw=-0.009
INFO  [mc_indi_tiltrotor] WRdbg0 Wu0=1 lo0=-18.88 du0=-0.0016 pin0=0.000 a0=[0.004 0.001 -0.001 -0.001 -0.003]
INFO  [mc_indi_tiltrotor] WRdbg1 Wu1=1 lo1=-19.35 du1=-0.0076 pin1=0.000 a1=[-0.005 -0.001 0.004 -0.001 -0.004]
INFO  [mc_indi_tiltrotor] YWdbg nu2=-0.029 ach2=-0.029 r=0.03 wsp2=0.00 ddelta=[0.0027 -0.0030 -0.0005]
INFO  [mc_indi_tiltrotor] T0dbg1 G0=[-0.257 0.198 0.017 0.169 -0.986] nu_des=[0.00 -0.11 0.06 -0.42 0.19]
INFO  [mc_indi_tiltrotor] T0dbg2 Ws34=[0.1 20.0] Wu0=1.0 du0=-0.1060 dmin0=-19.0071 dmax0=25.9929
INFO  [mc_indi_tiltrotor] T2dbg1 G2=[-0.000 -0.650 0.060 0.001 -1.000] G5=[-0.737 -0.850 -0.001 12.277 0.014]
INFO  [mc_indi_tiltrotor] T2dbg2 Wu25=[1.0 9.0] du25=[0.0490 0.0012] dmax25=[32.7228 0.0016] nu_yaw=0.064
INFO  [mc_indi_tiltrotor] WRdbg0 Wu0=1 lo0=-19.01 du0=-0.1060 pin0=0.033 a0=[-0.006 -0.063 0.001 0.000 -0.071]
INFO  [mc_indi_tiltrotor] WRdbg1 Wu1=1 lo1=-19.44 du1=-0.1215 pin1=0.006 a1=[0.005 -0.058 -0.002 -0.000 -0.072]
INFO  [mc_indi_tiltrotor] T0dbg1 G0=[-0.257 0.198 0.017 0.168 -0.986] nu_des=[-0.01 0.21 -0.04 -0.66 0.11]
INFO  [mc_indi_tiltrotor] T0dbg2 Ws34=[0.1 20.0] Wu0=1.0 du0=0.0717 dmin0=-18.6616 dmax0=26.3384
INFO  [mc_indi_tiltrotor] T2dbg1 G2=[-0.000 -0.650 0.060 0.001 -1.000] G5=[-0.766 -0.884 -0.001 12.773 0.016]
INFO  [mc_indi_tiltrotor] T2dbg2 Wu25=[1.0 1000000.0] du25=[-0.2464 -0.0012] dmax25=[32.2269 -0.0001] nu_yaw=-0.038
INFO  [mc_indi_tiltrotor] WRdbg0 Wu0=1 lo0=-18.66 du0=0.0717 pin0=-0.027 a0=[0.021 0.121 -0.000 -0.000 -0.043]
INFO  [mc_indi_tiltrotor] WRdbg1 Wu1=1 lo1=-19.08 du1=0.0438 pin1=-0.016 a1=[-0.020 0.124 0.000 -0.000 -0.044]
INFO  [mc_indi_tiltrotor] YWdbg nu2=-0.014 ach2=-0.013 r=-0.00 wsp2=0.01 ddelta=[-0.0035 -0.0060 -0.0002]
INFO  [mc_indi_tiltrotor] T0dbg1 G0=[-0.256 0.200 0.019 0.160 -0.987] nu_des=[0.01 0.26 -0.01 -0.29 0.13]
INFO  [mc_indi_tiltrotor] T0dbg2 Ws34=[0.1 20.0] Wu0=1.0 du0=0.1356 dmin0=-18.7881 dmax0=26.2119
INFO  [mc_indi_tiltrotor] T2dbg1 G2=[-0.000 -0.650 0.060 0.002 -1.000] G5=[-0.779 -0.894 -0.001 12.991 0.023]
INFO  [mc_indi_tiltrotor] T2dbg2 Wu25=[1.0 1000000.0] du25=[-0.3765 0.0002] dmax25=[32.0086 0.0026] nu_yaw=-0.012
INFO  [mc_indi_tiltrotor] WRdbg0 Wu0=1 lo0=-18.79 du0=0.1356 pin0=0.048 a0=[-0.016 0.150 -0.000 -0.000 -0.047]
INFO  [mc_indi_tiltrotor] WRdbg1 Wu1=1 lo1=-19.31 du1=0.1469 pin1=0.027 a1=[0.015 0.154 0.000 -0.000 -0.048]
INFO  [mc_indi_tiltrotor] T0dbg1 G0=[-0.257 0.196 0.013 0.185 -0.983] nu_des=[0.01 -0.23 0.02 -1.30 0.16]
INFO  [mc_indi_tiltrotor] T0dbg2 Ws34=[0.1 20.0] Wu0=1.0 du0=-0.1351 dmin0=-18.9219 dmax0=26.0781
INFO  [mc_indi_tiltrotor] T2dbg1 G2=[-0.000 -0.650 0.060 0.003 -1.000] G5=[-0.764 -0.868 -0.002 12.731 0.035]
INFO  [mc_indi_tiltrotor] T2dbg2 Wu25=[1.0 9.0] du25=[0.1691 0.0031] dmax25=[32.2693 0.0040] nu_yaw=0.020
INFO  [mc_indi_tiltrotor] WRdbg0 Wu0=1 lo0=-18.92 du0=-0.1351 pin0=0.074 a0=[-0.011 -0.139 0.000 0.000 -0.059]
INFO  [mc_indi_tiltrotor] WRdbg1 Wu1=1 lo1=-19.38 du1=-0.1415 pin1=0.036 a1=[0.010 -0.127 -0.001 -0.001 -0.059]
INFO  [mc_indi_tiltrotor] YWdbg nu2=0.002 ach2=0.009 r=-0.01 wsp2=0.00 ddelta=[0.0051 0.0058 0.0013]
INFO  [mc_indi_tiltrotor] T0dbg1 G0=[-0.257 0.192 0.006 0.210 -0.978] nu_des=[0.01 -0.07 0.01 -2.33 0.08]
INFO  [mc_indi_tiltrotor] T0dbg2 Ws34=[0.1 20.0] Wu0=1.0 du0=-0.0366 dmin0=-19.1000 dmax0=25.9000
INFO  [mc_indi_tiltrotor] T2dbg1 G2=[-0.000 -0.650 0.060 0.002 -1.000] G5=[-0.737 -0.841 -0.002 12.281 0.029]
INFO  [mc_indi_tiltrotor] T2dbg2 Wu25=[1.0 9.0] du25=[0.0242 -0.0007] dmax25=[32.7192 0.0009] nu_yaw=0.007
INFO  [mc_indi_tiltrotor] WRdbg0 Wu0=1 lo0=-19.10 du0=-0.0366 pin0=0.055 a0=[-0.024 -0.036 -0.004 -0.000 -0.028]
INFO  [mc_indi_tiltrotor] WRdbg1 Wu1=1 lo1=-19.31 du1=-0.0207 pin1=0.026 a1=[0.021 -0.032 -0.004 -0.003 -0.028]
INFO  [mc_indi_tiltrotor] T0dbg1 G0=[-0.257 0.192 0.006 0.210 -0.978] nu_des=[-0.02 -0.20 0.01 -2.38 0.04]
INFO  [mc_indi_tiltrotor] T0dbg2 Ws34=[0.1 20.0] Wu0=1.0 du0=-0.1405 dmin0=-19.1842 dmax0=25.8158
INFO  [mc_indi_tiltrotor] T2dbg1 G2=[-0.000 -0.650 0.060 0.001 -1.000] G5=[-0.735 -0.849 -0.001 12.245 0.013]
INFO  [mc_indi_tiltrotor] T2dbg2 Wu25=[1.0 1000000.0] du25=[0.2496 0.0032] dmax25=[32.7553 0.0032] nu_yaw=0.005
INFO  [mc_indi_tiltrotor] WRdbg0 Wu0=1 lo0=-19.18 du0=-0.1405 pin0=-0.046 a0=[0.035 -0.115 0.000 -0.000 -0.014]
INFO  [mc_indi_tiltrotor] WRdbg1 Wu1=1 lo1=-19.40 du1=-0.1862 pin1=-0.021 a1=[-0.034 -0.117 -0.000 -0.000 -0.015]
INFO  [mc_indi_tiltrotor] YWdbg nu2=-0.013 ach2=-0.016 r=-0.00 wsp2=0.01 ddelta=[-0.0120 -0.0120 -0.0011]
INFO  [mc_indi_tiltrotor] T0dbg1 G0=[-0.257 0.196 0.013 0.182 -0.983] nu_des=[-0.00 -0.17 0.01 -1.28 0.03]
INFO  [mc_indi_tiltrotor] T0dbg2 Ws34=[0.1 20.0] Wu0=1.0 du0=-0.1566 dmin0=-19.0658 dmax0=25.9342
INFO  [mc_indi_tiltrotor] T2dbg1 G2=[-0.000 -0.650 0.060 0.001 -1.000] G5=[-0.737 -0.851 -0.001 12.289 0.014]
INFO  [mc_indi_tiltrotor] T2dbg2 Wu25=[1.0 1000000.0] du25=[0.2305 0.0017] dmax25=[32.7113 0.0017] nu_yaw=0.011
INFO  [mc_indi_tiltrotor] WRdbg0 Wu0=1 lo0=-19.07 du0=-0.1566 pin0=-0.055 a0=[0.009 -0.098 0.000 -0.000 -0.013]
INFO  [mc_indi_tiltrotor] WRdbg1 Wu1=1 lo1=-19.55 du1=-0.1491 pin1=-0.028 a1=[-0.009 -0.100 -0.000 -0.000 -0.013]
INFO  [mc_indi_tiltrotor] T0dbg1 G0=[-0.256 0.200 0.020 0.155 -0.988] nu_des=[-0.01 0.12 -0.03 -0.18 0.07]
INFO  [mc_indi_tiltrotor] T0dbg2 Ws34=[0.1 20.0] Wu0=1.0 du0=0.0138 dmin0=-18.7973 dmax0=26.2027
INFO  [mc_indi_tiltrotor] T2dbg1 G2=[-0.000 -0.650 0.060 0.001 -1.000] G5=[-0.752 -0.868 -0.001 12.526 0.014]
INFO  [mc_indi_tiltrotor] T2dbg2 Wu25=[1.0 1000000.0] du25=[-0.1090 0.0001] dmax25=[32.4737 0.0001] nu_yaw=-0.025
INFO  [mc_indi_tiltrotor] WRdbg0 Wu0=1 lo0=-18.80 du0=0.0138 pin0=-0.048 a0=[0.021 0.068 -0.000 -0.000 -0.028]
INFO  [mc_indi_tiltrotor] WRdbg1 Wu1=1 lo1=-19.47 du1=-0.0150 pin1=-0.035 a1=[-0.021 0.070 0.000 -0.000 -0.029]
INFO  [mc_indi_tiltrotor] YWdbg nu2=0.009 ach2=-0.007 r=0.03 wsp2=-0.02 ddelta=[0.0096 0.0064 0.0018]
INFO  [mc_indi_tiltrotor] T0dbg1 G0=[-0.256 0.199 0.019 0.161 -0.987] nu_des=[-0.01 0.23 0.01 -0.29 -0.01]
INFO  [mc_indi_tiltrotor] T0dbg2 Ws34=[0.1 20.0] Wu0=1.0 du0=0.1119 dmin0=-18.9378 dmax0=26.0622
INFO  [mc_indi_tiltrotor] T2dbg1 G2=[-0.000 -0.650 0.060 0.002 -1.000] G5=[-0.756 -0.865 -0.002 12.606 0.027]
INFO  [mc_indi_tiltrotor] T2dbg2 Wu25=[1.0 1000000.0] du25=[-0.2211 -0.0019] dmax25=[32.3935 0.0005] nu_yaw=0.009
INFO  [mc_indi_tiltrotor] WRdbg0 Wu0=1 lo0=-18.94 du0=0.1119 pin0=-0.043 a0=[0.019 0.133 0.000 -0.000 0.003]
INFO  [mc_indi_tiltrotor] WRdbg1 Wu1=1 lo1=-19.32 du1=0.0808 pin1=-0.040 a1=[-0.018 0.136 -0.000 -0.000 0.003]
INFO  [mc_indi_tiltrotor] T0dbg1 G0=[-0.257 0.198 0.016 0.171 -0.985] nu_des=[-0.00 -0.09 0.02 -0.73 0.11]
INFO  [mc_indi_tiltrotor] T0dbg2 Ws34=[0.1 20.0] Wu0=1.0 du0=-0.0536 dmin0=-19.1674 dmax0=25.8326
INFO  [mc_indi_tiltrotor] T2dbg1 G2=[-0.000 -0.650 0.060 0.002 -1.000] G5=[-0.735 -0.838 -0.002 12.248 0.031]
INFO  [mc_indi_tiltrotor] T2dbg2 Wu25=[1.0 9.0] du25=[0.0458 0.0012] dmax25=[32.7517 0.0030] nu_yaw=0.023
INFO  [mc_indi_tiltrotor] WRdbg0 Wu0=1 lo0=-19.17 du0=-0.0536 pin0=0.039 a0=[0.001 -0.054 0.000 0.000 -0.040]
INFO  [mc_indi_tiltrotor] WRdbg1 Wu1=1 lo1=-19.37 du1=-0.0780 pin1=0.015 a1=[-0.001 -0.050 -0.001 -0.000 -0.041]
INFO  [mc_indi_tiltrotor] YWdbg nu2=0.001 ach2=0.002 r=-0.01 wsp2=-0.03 ddelta=[-0.0025 -0.0017 -0.0011]
INFO  [mc_indi_tiltrotor] T0dbg1 G0=[-0.257 0.198 0.017 0.169 -0.986] nu_des=[-0.00 -0.78 0.02 -0.72 0.22]
INFO  [mc_indi_tiltrotor] T0dbg2 Ws34=[0.1 20.0] Wu0=1.0 du0=-0.5631 dmin0=-19.0992 dmax0=25.9008
INFO  [mc_indi_tiltrotor] T2dbg1 G2=[-0.000 -0.650 0.060 0.001 -1.000] G5=[-0.739 -0.852 -0.001 12.312 0.015]
INFO  [mc_indi_tiltrotor] T2dbg2 Wu25=[1.0 1000000.0] du25=[0.8755 0.0049] dmax25=[32.6882 0.0049] nu_yaw=0.024
INFO  [mc_indi_tiltrotor] WRdbg0 Wu0=1 lo0=-19.10 du0=-0.5631 pin0=-0.037 a0=[0.008 -0.451 0.000 -0.000 -0.082]
INFO  [mc_indi_tiltrotor] WRdbg1 Wu1=1 lo1=-19.60 du1=-0.5587 pin1=-0.007 a1=[-0.007 -0.461 -0.000 -0.000 -0.084]
INFO  [mc_indi_tiltrotor] T0dbg1 G0=[-0.256 0.199 0.019 0.161 -0.987] nu_des=[0.02 0.08 0.03 -0.34 0.22]
INFO  [mc_indi_tiltrotor] T0dbg2 Ws34=[0.1 20.0] Wu0=1.0 du0=-0.0694 dmin0=-18.8207 dmax0=26.1793
INFO  [mc_indi_tiltrotor] T2dbg1 G2=[-0.000 -0.650 0.060 0.002 -1.000] G5=[-0.751 -0.861 -0.001 12.512 0.023]
INFO  [mc_indi_tiltrotor] T2dbg2 Wu25=[1.0 1000000.0] du25=[-0.1449 -0.0018] dmax25=[32.4883 -0.0003] nu_yaw=0.029
INFO  [mc_indi_tiltrotor] WRdbg0 Wu0=1 lo0=-18.82 du0=-0.0694 pin0=-0.000 a0=[-0.033 0.048 0.000 -0.000 -0.084]
INFO  [mc_indi_tiltrotor] WRdbg1 Wu1=1 lo1=-19.53 du1=-0.0185 pin1=-0.013 a1=[0.032 0.049 -0.000 -0.000 -0.086]
INFO  [mc_indi_tiltrotor] YWdbg nu2=0.004 ach2=0.004 r=-0.01 wsp2=0.01 ddelta=[-0.0005 0.0003 -0.0002]
INFO  [mc_indi_tiltrotor] T0dbg1 G0=[-0.256 0.200 0.020 0.159 -0.987] nu_des=[-0.01 0.16 -0.01 -0.29 0.09]
INFO  [mc_indi_tiltrotor] T0dbg2 Ws34=[0.1 20.0] Wu0=1.0 du0=0.0211 dmin0=-18.7839 dmax0=26.2161
INFO  [mc_indi_tiltrotor] T2dbg1 G2=[-0.000 -0.650 0.060 0.002 -1.000] G5=[-0.763 -0.877 -0.001 12.722 0.021]
INFO  [mc_indi_tiltrotor] T2dbg2 Wu25=[1.0 9.0] du25=[-0.1582 -0.0014] dmax25=[32.2777 -0.0001] nu_yaw=-0.011
INFO  [mc_indi_tiltrotor] WRdbg0 Wu0=1 lo0=-18.78 du0=0.0211 pin0=-0.056 a0=[0.016 0.097 -0.000 0.000 -0.035]
INFO  [mc_indi_tiltrotor] WRdbg1 Wu1=1 lo1=-19.38 du1=0.0065 pin1=-0.032 a1=[-0.015 0.088 0.000 -0.000 -0.036]
INFO  [mc_indi_tiltrotor] T0dbg1 G0=[-0.257 0.198 0.017 0.167 -0.986] nu_des=[-0.00 -0.04 0.01 -0.54 0.03]
INFO  [mc_indi_tiltrotor] T0dbg2 Ws34=[0.1 20.0] Wu0=1.0 du0=-0.0045 dmin0=-18.8836 dmax0=26.1164
INFO  [mc_indi_tiltrotor] T2dbg1 G2=[-0.000 -0.650 0.060 0.003 -1.000] G5=[-0.748 -0.852 -0.002 12.461 0.031]
INFO  [mc_indi_tiltrotor] T2dbg2 Wu25=[1.0 9.0] du25=[0.0108 0.0004] dmax25=[32.5385 0.0023] nu_yaw=0.006
INFO  [mc_indi_tiltrotor] WRdbg0 Wu0=1 lo0=-18.88 du0=-0.0045 pin0=0.000 a0=[0.003 0.004 0.001 -0.003 -0.008]
INFO  [mc_indi_tiltrotor] WRdbg1 Wu1=1 lo1=-19.17 du1=-0.0264 pin1=0.000 a1=[-0.004 -0.007 -0.002 -0.002 -0.011]
INFO  [mc_indi_tiltrotor] YWdbg nu2=-0.035 ach2=-0.015 r=0.00 wsp2=0.00 ddelta=[0.0008 0.0004 0.0011]
INFO  [mc_indi_tiltrotor] T0dbg1 G0=[-0.256 0.200 0.019 0.160 -0.987] nu_des=[0.00 -0.03 -0.02 -0.25 -0.00]
INFO  [mc_indi_tiltrotor] T0dbg2 Ws34=[0.1 20.0] Wu0=1.0 du0=-0.0044 dmin0=-19.0438 dmax0=25.9562
INFO  [mc_indi_tiltrotor] T2dbg1 G2=[-0.000 -0.650 0.060 0.002 -1.000] G5=[-0.750 -0.858 -0.002 12.501 0.026]
INFO  [mc_indi_tiltrotor] T2dbg2 Wu25=[1.0 9.0] du25=[0.0165 -0.0001] dmax25=[32.4985 0.0017] nu_yaw=-0.022
INFO  [mc_indi_tiltrotor] WRdbg0 Wu0=1 lo0=-19.04 du0=-0.0044 pin0=0.000 a0=[-0.002 0.002 -0.003 -0.002 0.000]
INFO  [mc_indi_tiltrotor] WRdbg1 Wu1=1 lo1=-19.32 du1=0.0051 pin1=0.000 a1=[0.003 -0.006 0.009 -0.001 0.000]
INFO  [mc_indi_tiltrotor] T0dbg1 G0=[-0.257 0.197 0.015 0.178 -0.984] nu_des=[-0.00 0.03 0.02 -1.05 0.26]
INFO  [mc_indi_tiltrotor] T0dbg2 Ws34=[0.1 20.0] Wu0=1.0 du0=-0.0951 dmin0=-19.2446 dmax0=25.7554
INFO  [mc_indi_tiltrotor] T2dbg1 G2=[-0.000 -0.650 0.060 0.002 -1.000] G5=[-0.740 -0.846 -0.002 12.326 0.026]
INFO  [mc_indi_tiltrotor] T2dbg2 Wu25=[1.0 1000000.0] du25=[-0.0876 -0.0006] dmax25=[32.6735 -0.0006] nu_yaw=0.023
INFO  [mc_indi_tiltrotor] WRdbg0 Wu0=1 lo0=-19.24 du0=-0.0951 pin0=-0.018 a0=[0.001 0.020 0.000 -0.000 -0.099]
INFO  [mc_indi_tiltrotor] WRdbg1 Wu1=1 lo1=-19.71 du1=-0.0950 pin1=-0.014 a1=[-0.001 0.021 -0.000 -0.000 -0.101]
INFO  [mc_indi_tiltrotor] YWdbg nu2=-0.038 ach2=-0.050 r=-0.02 wsp2=0.01 ddelta=[0.0056 0.0056 -0.0025]
INFO  [mc_indi_tiltrotor] T0dbg1 G0=[-0.257 0.194 0.010 0.195 -0.981] nu_des=[0.01 -0.05 -0.01 -1.77 0.04]
INFO  [mc_indi_tiltrotor] T0dbg2 Ws34=[0.1 20.0] Wu0=1.0 du0=-0.0306 dmin0=-18.8945 dmax0=26.1055
INFO  [mc_indi_tiltrotor] T2dbg1 G2=[-0.000 -0.650 0.060 0.002 -1.000] G5=[-0.750 -0.859 -0.001 12.498 0.024]
INFO  [mc_indi_tiltrotor] T2dbg2 Wu25=[1.0 9.0] du25=[0.0199 -0.0008] dmax25=[32.5023 0.0008] nu_yaw=-0.006
INFO  [mc_indi_tiltrotor] WRdbg0 Wu0=1 lo0=-18.89 du0=-0.0306 pin0=0.000 a0=[-0.017 0.007 -0.001 -0.011 -0.010]
INFO  [mc_indi_tiltrotor] WRdbg1 Wu1=1 lo1=-19.50 du1=-0.0032 pin1=0.000 a1=[0.022 -0.008 0.002 -0.007 -0.013]
INFO  [mc_indi_tiltrotor] T0dbg1 G0=[-0.257 0.197 0.015 0.175 -0.985] nu_des=[-0.02 -0.22 0.00 -0.95 0.09]
INFO  [mc_indi_tiltrotor] T0dbg2 Ws34=[0.1 20.0] Wu0=1.0 du0=-0.1481 dmin0=-18.8562 dmax0=26.1438
INFO  [mc_indi_tiltrotor] T2dbg1 G2=[-0.000 -0.650 0.060 0.002 -1.000] G5=[-0.756 -0.867 -0.001 12.594 0.022]
INFO  [mc_indi_tiltrotor] T2dbg2 Wu25=[1.0 1000000.0] du25=[0.2396 0.0045] dmax25=[32.4057 0.0077] nu_yaw=0.003
INFO  [mc_indi_tiltrotor] WRdbg0 Wu0=1 lo0=-18.86 du0=-0.1481 pin0=-0.019 a0=[0.031 -0.127 0.000 -0.000 -0.033]
INFO  [mc_indi_tiltrotor] WRdbg1 Wu1=1 lo1=-19.36 du1=-0.1911 pin1=0.002 a1=[-0.030 -0.129 -0.000 -0.000 -0.034]
INFO  [mc_indi_tiltrotor] YWdbg nu2=-0.015 ach2=0.004 r=0.02 wsp2=0.02 ddelta=[0.0008 0.0008 0.0023]
INFO  [mc_indi_tiltrotor] T0dbg1 G0=[-0.256 0.200 0.020 0.155 -0.988] nu_des=[-0.00 -0.01 -0.04 -0.16 0.01]
INFO  [mc_indi_tiltrotor] T0dbg2 Ws34=[0.1 20.0] Wu0=1.0 du0=-0.0069 dmin0=-18.9219 dmax0=26.0781
INFO  [mc_indi_tiltrotor] T2dbg1 G2=[-0.000 -0.650 0.060 0.002 -1.000] G5=[-0.755 -0.864 -0.002 12.579 0.026]
INFO  [mc_indi_tiltrotor] T2dbg2 Wu25=[1.0 9.0] du25=[0.0025 -0.0004] dmax25=[32.4209 0.0014] nu_yaw=-0.041
INFO  [mc_indi_tiltrotor] WRdbg0 Wu0=1 lo0=-18.92 du0=-0.0069 pin0=0.000 a0=[0.001 0.000 -0.006 -0.001 -0.002]
INFO  [mc_indi_tiltrotor] WRdbg1 Wu1=1 lo1=-19.21 du1=0.0106 pin1=0.000 a1=[-0.002 -0.001 0.017 -0.001 -0.002]
INFO  [mc_indi_tiltrotor] T0dbg1 G0=[-0.257 0.197 0.014 0.180 -0.984] nu_des=[0.01 -0.03 -0.01 -1.01 0.03]
INFO  [mc_indi_tiltrotor] T0dbg2 Ws34=[0.1 20.0] Wu0=1.0 du0=-0.0187 dmin0=-19.0598 dmax0=25.9402
INFO  [mc_indi_tiltrotor] T2dbg1 G2=[-0.000 -0.650 0.060 0.003 -1.000] G5=[-0.753 -0.858 -0.002 12.544 0.032]
INFO  [mc_indi_tiltrotor] T2dbg2 Wu25=[1.0 9.0] du25=[0.0103 -0.0005] dmax25=[32.4558 0.0009] nu_yaw=-0.013
INFO  [mc_indi_tiltrotor] WRdbg0 Wu0=1 lo0=-19.06 du0=-0.0187 pin0=0.000 a0=[-0.008 0.003 -0.002 -0.006 -0.006]
INFO  [mc_indi_tiltrotor] WRdbg1 Wu1=1 lo1=-19.28 du1=-0.0016 pin1=0.000 a1=[0.011 -0.005 0.005 -0.004 -0.008]
INFO  [mc_indi_tiltrotor] YWdbg nu2=0.014 ach2=-0.005 r=0.01 wsp2=-0.02 ddelta=[-0.0104 -0.0072 -0.0026]
INFO  [mc_indi_tiltrotor] T0dbg1 G0=[-0.256 0.200 0.019 0.160 -0.987] nu_des=[-0.00 -0.00 0.01 -0.29 -0.02]
INFO  [mc_indi_tiltrotor] T0dbg2 Ws34=[0.1 20.0] Wu0=1.0 du0=0.0072 dmin0=-19.0398 dmax0=25.9602
INFO  [mc_indi_tiltrotor] T2dbg1 G2=[-0.000 -0.650 0.060 0.002 -1.000] G5=[-0.751 -0.862 -0.001 12.521 0.022]
INFO  [mc_indi_tiltrotor] T2dbg2 Wu25=[1.0 9.0] du25=[0.0079 0.0002] dmax25=[32.4791 0.0018] nu_yaw=0.013
INFO  [mc_indi_tiltrotor] WRdbg0 Wu0=1 lo0=-19.04 du0=0.0072 pin0=0.000 a0=[0.003 0.000 0.002 -0.002 0.004]
INFO  [mc_indi_tiltrotor] WRdbg1 Wu1=1 lo1=-19.48 du1=-0.0052 pin1=0.000 a1=[-0.004 -0.000 -0.005 -0.001 0.005]
INFO  [mc_indi_tiltrotor] T0dbg1 G0=[-0.256 0.199 0.019 0.162 -0.987] nu_des=[0.01 -0.12 -0.02 -0.61 0.17]
INFO  [mc_indi_tiltrotor] T0dbg2 Ws34=[0.1 20.0] Wu0=1.0 du0=-0.0876 dmin0=-18.9903 dmax0=26.0097
INFO  [mc_indi_tiltrotor] T2dbg1 G2=[-0.000 -0.650 0.060 0.002 -1.000] G5=[-0.747 -0.859 -0.001 12.455 0.020]
INFO  [mc_indi_tiltrotor] T2dbg2 Wu25=[1.0 9.0] du25=[0.0361 0.0014] dmax25=[32.5453 0.0026] nu_yaw=-0.022
INFO  [mc_indi_tiltrotor] WRdbg0 Wu0=1 lo0=-18.99 du0=-0.0876 pin0=0.069 a0=[-0.020 -0.071 -0.000 0.000 -0.064]
INFO  [mc_indi_tiltrotor] WRdbg1 Wu1=1 lo1=-19.62 du1=-0.0780 pin1=0.033 a1=[0.019 -0.065 0.001 -0.000 -0.065]
INFO  [mc_indi_tiltrotor] YWdbg nu2=-0.009 ach2=-0.012 r=0.01 wsp2=0.01 ddelta=[0.0008 -0.0008 -0.0011]
INFO  [mc_indi_tiltrotor] T0dbg1 G0=[-0.257 0.195 0.012 0.189 -0.982] nu_des=[-0.00 -0.05 -0.01 -1.50 0.06]
INFO  [mc_indi_tiltrotor] T0dbg2 Ws34=[0.1 20.0] Wu0=1.0 du0=-0.0147 dmin0=-18.6677 dmax0=26.3323
INFO  [mc_indi_tiltrotor] T2dbg1 G2=[-0.000 -0.650 0.060 0.002 -1.000] G5=[-0.743 -0.847 -0.002 12.375 0.029]
INFO  [mc_indi_tiltrotor] T2dbg2 Wu25=[1.0 9.0] du25=[0.0156 0.0000] dmax25=[32.6247 0.0016] nu_yaw=-0.013
INFO  [mc_indi_tiltrotor] WRdbg0 Wu0=1 lo0=-18.67 du0=-0.0147 pin0=0.000 a0=[0.002 0.006 -0.001 -0.009 -0.013]
INFO  [mc_indi_tiltrotor] WRdbg1 Wu1=1 lo1=-19.21 du1=-0.0290 pin1=0.000 a1=[-0.003 -0.008 0.004 -0.006 -0.017]
INFO  [mc_indi_tiltrotor] T0dbg1 G0=[-0.257 0.198 0.016 0.171 -0.985] nu_des=[-0.01 -0.12 -0.02 -0.75 0.04]
INFO  [mc_indi_tiltrotor] T0dbg2 Ws34=[0.1 20.0] Wu0=1.0 du0=-0.1132 dmin0=-18.9002 dmax0=26.0998
INFO  [mc_indi_tiltrotor] T2dbg1 G2=[-0.000 -0.650 0.060 0.002 -1.000] G5=[-0.735 -0.845 -0.001 12.243 0.019]
INFO  [mc_indi_tiltrotor] T2dbg2 Wu25=[1.0 1000000.0] du25=[0.1664 0.0026] dmax25=[32.7573 0.0026] nu_yaw=-0.021
INFO  [mc_indi_tiltrotor] WRdbg0 Wu0=1 lo0=-18.90 du0=-0.1132 pin0=-0.049 a0=[0.020 -0.069 -0.000 -0.000 -0.015]
INFO  [mc_indi_tiltrotor] WRdbg1 Wu1=1 lo1=-19.20 du1=-0.1199 pin1=-0.015 a1=[-0.020 -0.071 0.000 -0.000 -0.015]
INFO  [mc_indi_tiltrotor] YWdbg nu2=-0.010 ach2=0.002 r=0.02 wsp2=-0.02 ddelta=[-0.0120 -0.0101 -0.0009]
INFO  [mc_indi_tiltrotor] T0dbg1 G0=[-0.257 0.198 0.017 0.169 -0.986] nu_des=[0.02 -0.06 0.02 -0.50 0.06]
INFO  [mc_indi_tiltrotor] T0dbg2 Ws34=[0.1 20.0] Wu0=1.0 du0=-0.0420 dmin0=-18.9674 dmax0=26.0326
INFO  [mc_indi_tiltrotor] T2dbg1 G2=[-0.000 -0.650 0.060 0.003 -1.000] G5=[-0.749 -0.853 -0.002 12.483 0.032]
INFO  [mc_indi_tiltrotor] T2dbg2 Wu25=[1.0 9.0] du25=[0.0113 -0.0006] dmax25=[32.5172 0.0011] nu_yaw=0.019
INFO  [mc_indi_tiltrotor] WRdbg0 Wu0=1 lo0=-18.97 du0=-0.0420 pin0=0.062 a0=[-0.041 -0.033 -0.007 -0.000 -0.023]
INFO  [mc_indi_tiltrotor] WRdbg1 Wu1=1 lo1=-19.16 du1=-0.0061 pin1=0.022 a1=[0.035 -0.028 -0.011 -0.001 -0.023]
INFO  [mc_indi_tiltrotor] T0dbg1 G0=[-0.256 0.200 0.019 0.160 -0.987] nu_des=[-0.00 0.02 0.01 -0.22 0.00]
INFO  [mc_indi_tiltrotor] T0dbg2 Ws34=[0.1 20.0] Wu0=1.0 du0=0.0015 dmin0=-18.8488 dmax0=26.1512
INFO  [mc_indi_tiltrotor] T2dbg1 G2=[-0.000 -0.650 0.060 0.002 -1.000] G5=[-0.746 -0.856 -0.001 12.425 0.021]
INFO  [mc_indi_tiltrotor] T2dbg2 Wu25=[1.0 9.0] du25=[-0.0114 -0.0000] dmax25=[32.5749 0.0015] nu_yaw=0.009
INFO  [mc_indi_tiltrotor] WRdbg0 Wu0=1 lo0=-18.85 du0=0.0015 pin0=0.000 a0=[0.004 -0.002 0.001 -0.001 -0.000]
INFO  [mc_indi_tiltrotor] WRdbg1 Wu1=1 lo1=-19.35 du1=-0.0052 pin1=0.000 a1=[-0.006 0.005 -0.004 -0.001 -0.001]
INFO  [mc_indi_tiltrotor] YWdbg nu2=0.017 ach2=0.017 r=-0.03 wsp2=-0.02 ddelta=[0.0005 0.0038 -0.0001]
INFO  [mc_indi_tiltrotor] T0dbg1 G0=[-0.256 0.201 0.021 0.152 -0.988] nu_des=[-0.00 0.21 -0.04 -0.15 0.15]
INFO  [mc_indi_tiltrotor] T0dbg2 Ws34=[0.1 20.0] Wu0=1.0 du0=0.0563 dmin0=-18.7035 dmax0=26.2965
INFO  [mc_indi_tiltrotor] T2dbg1 G2=[-0.000 -0.650 0.060 0.002 -1.000] G5=[-0.782 -0.898 -0.001 13.033 0.022]
INFO  [mc_indi_tiltrotor] T2dbg2 Wu25=[1.0 1000000.0] du25=[-0.2592 -0.0017] dmax25=[31.9668 -0.0002] nu_yaw=-0.039
INFO  [mc_indi_tiltrotor] WRdbg0 Wu0=1 lo0=-18.70 du0=0.0563 pin0=-0.016 a0=[0.009 0.119 -0.000 -0.000 -0.056]
INFO  [mc_indi_tiltrotor] WRdbg1 Wu1=1 lo1=-19.35 du1=0.0474 pin1=-0.009 a1=[-0.009 0.122 0.000 -0.000 -0.057]
INFO  [mc_indi_tiltrotor] T0dbg1 G0=[-0.257 0.199 0.017 0.167 -0.986] nu_des=[0.00 -0.03 -0.01 -0.66 0.05]
INFO  [mc_indi_tiltrotor] T0dbg2 Ws34=[0.1 20.0] Wu0=1.0 du0=-0.0138 dmin0=-18.8462 dmax0=26.1538
INFO  [mc_indi_tiltrotor] T2dbg1 G2=[-0.000 -0.650 0.060 0.002 -1.000] G5=[-0.760 -0.867 -0.002 12.661 0.030]
INFO  [mc_indi_tiltrotor] T2dbg2 Wu25=[1.0 9.0] du25=[0.0062 0.0000] dmax25=[32.3389 0.0017] nu_yaw=-0.009
INFO  [mc_indi_tiltrotor] WRdbg0 Wu0=1 lo0=-18.85 du0=-0.0138 pin0=0.000 a0=[-0.001 0.003 -0.001 -0.004 -0.011]
INFO  [mc_indi_tiltrotor] WRdbg1 Wu1=1 lo1=-19.47 du1=-0.0191 pin1=0.000 a1=[0.001 -0.007 0.003 -0.002 -0.015]
INFO  [mc_indi_tiltrotor] YWdbg nu2=-0.011 ach2=-0.011 r=0.01 wsp2=0.00 ddelta=[-0.0023 -0.0047 0.0002]
INFO  [mc_indi_tiltrotor] T0dbg1 G0=[-0.256 0.200 0.020 0.157 -0.988] nu_des=[-0.01 -0.01 -0.02 -0.20 0.00]
INFO  [mc_indi_tiltrotor] T0dbg2 Ws34=[0.1 20.0] Wu0=1.0 du0=0.0135 dmin0=-18.9857 dmax0=26.0143
INFO  [mc_indi_tiltrotor] T2dbg1 G2=[-0.000 -0.650 0.060 0.002 -1.000] G5=[-0.756 -0.865 -0.002 12.607 0.027]
INFO  [mc_indi_tiltrotor] T2dbg2 Wu25=[1.0 9.0] du25=[0.0081 0.0006] dmax25=[32.3927 0.0019] nu_yaw=-0.017
INFO  [mc_indi_tiltrotor] WRdbg0 Wu0=1 lo0=-18.99 du0=0.0135 pin0=0.000 a0=[0.017 0.000 -0.002 -0.001 -0.000]
INFO  [mc_indi_tiltrotor] WRdbg1 Wu1=1 lo1=-19.36 du1=-0.0176 pin1=0.000 a1=[-0.022 -0.001 0.007 -0.001 -0.000]
INFO  [mc_indi_tiltrotor] T0dbg1 G0=[-0.257 0.198 0.016 0.173 -0.985] nu_des=[-0.00 0.00 0.02 -0.82 0.02]
INFO  [mc_indi_tiltrotor] T0dbg2 Ws34=[0.1 20.0] Wu0=1.0 du0=-0.0057 dmin0=-18.9429 dmax0=26.0571
INFO  [mc_indi_tiltrotor] T2dbg1 G2=[-0.000 -0.650 0.060 0.003 -1.000] G5=[-0.756 -0.860 -0.002 12.592 0.033]
INFO  [mc_indi_tiltrotor] T2dbg2 Wu25=[1.0 9.0] du25=[-0.0038 -0.0000] dmax25=[32.4083 0.0014] nu_yaw=0.015
INFO  [mc_indi_tiltrotor] WRdbg0 Wu0=1 lo0=-18.94 du0=-0.0057 pin0=0.005 a0=[0.003 0.000 -0.006 -0.000 -0.008]
INFO  [mc_indi_tiltrotor] WRdbg1 Wu1=1 lo1=-19.25 du1=-0.0176 pin1=0.002 a1=[-0.002 0.000 -0.009 -0.001 -0.008]
INFO  [mc_indi_tiltrotor] YWdbg nu2=0.005 ach2=0.005 r=-0.02 wsp2=-0.01 ddelta=[-0.0104 -0.0104 0.0004]
INFO  [mc_indi_tiltrotor] T0dbg1 G0=[-0.256 0.200 0.020 0.156 -0.988] nu_des=[-0.01 -0.01 -0.03 -0.17 0.01]
INFO  [mc_indi_tiltrotor] T0dbg2 Ws34=[0.1 20.0] Wu0=1.0 du0=0.0002 dmin0=-18.9875 dmax0=26.0125
INFO  [mc_indi_tiltrotor] T2dbg1 G2=[-0.000 -0.650 0.060 0.002 -1.000] G5=[-0.753 -0.861 -0.002 12.549 0.026]
INFO  [mc_indi_tiltrotor] T2dbg2 Wu25=[1.0 9.0] du25=[0.0031 0.0001] dmax25=[32.4508 0.0020] nu_yaw=-0.028
INFO  [mc_indi_tiltrotor] WRdbg0 Wu0=1 lo0=-18.99 du0=0.0002 pin0=0.000 a0=[0.008 0.001 -0.004 -0.001 -0.003]
INFO  [mc_indi_tiltrotor] WRdbg1 Wu1=1 lo1=-19.35 du1=-0.0051 pin1=0.000 a1=[-0.010 -0.002 0.011 -0.001 -0.004]
INFO  [mc_indi_tiltrotor] T0dbg1 G0=[-0.257 0.197 0.015 0.178 -0.984] nu_des=[-0.00 -0.08 0.01 -1.01 0.10]
INFO  [mc_indi_tiltrotor] T0dbg2 Ws34=[0.1 20.0] Wu0=1.0 du0=-0.0338 dmin0=-18.8468 dmax0=26.1532
INFO  [mc_indi_tiltrotor] T2dbg1 G2=[-0.000 -0.650 0.060 0.002 -1.000] G5=[-0.742 -0.846 -0.002 12.371 0.031]
INFO  [mc_indi_tiltrotor] T2dbg2 Wu25=[1.0 9.0] du25=[0.0289 0.0010] dmax25=[32.6286 0.0025] nu_yaw=0.007
INFO  [mc_indi_tiltrotor] WRdbg0 Wu0=1 lo0=-18.85 du0=-0.0338 pin0=0.053 a0=[0.004 -0.051 0.000 0.000 -0.040]
INFO  [mc_indi_tiltrotor] WRdbg1 Wu1=1 lo1=-19.47 du1=-0.0663 pin1=0.025 a1=[-0.004 -0.047 -0.000 -0.001 -0.040]
INFO  [mc_indi_tiltrotor] YWdbg nu2=-0.004 ach2=-0.027 r=-0.02 wsp2=-0.00 ddelta=[0.0086 0.0072 -0.0027]
INFO  [mc_indi_tiltrotor] T0dbg1 G0=[-0.257 0.196 0.013 0.183 -0.983] nu_des=[-0.01 0.23 0.01 -1.22 0.08]
INFO  [mc_indi_tiltrotor] T0dbg2 Ws34=[0.1 20.0] Wu0=1.0 du0=0.0438 dmin0=-18.8453 dmax0=26.1547
INFO  [mc_indi_tiltrotor] T2dbg1 G2=[-0.000 -0.650 0.060 0.002 -1.000] G5=[-0.757 -0.866 -0.002 12.621 0.027]
INFO  [mc_indi_tiltrotor] T2dbg2 Wu25=[1.0 1000000.0] du25=[-0.2245 -0.0021] dmax25=[32.3793 -0.0006] nu_yaw=0.012
INFO  [mc_indi_tiltrotor] WRdbg0 Wu0=1 lo0=-18.85 du0=0.0438 pin0=-0.070 a0=[0.012 0.133 0.000 -0.000 -0.031]
INFO  [mc_indi_tiltrotor] WRdbg1 Wu1=1 lo1=-19.42 du1=0.0500 pin1=-0.042 a1=[-0.012 0.135 -0.000 -0.000 -0.032]
INFO  [mc_indi_tiltrotor] T0dbg1 G0=[-0.256 0.200 0.020 0.157 -0.988] nu_des=[-0.00 0.03 -0.02 -0.25 0.06]
INFO  [mc_indi_tiltrotor] T0dbg2 Ws34=[0.1 20.0] Wu0=1.0 du0=0.0040 dmin0=-18.8803 dmax0=26.1197
INFO  [mc_indi_tiltrotor] T2dbg1 G2=[-0.000 -0.650 0.060 0.002 -1.000] G5=[-0.761 -0.872 -0.002 12.691 0.025]
INFO  [mc_indi_tiltrotor] T2dbg2 Wu25=[1.0 9.0] du25=[-0.0482 -0.0000] dmax25=[32.3091 0.0024] nu_yaw=-0.024
INFO  [mc_indi_tiltrotor] WRdbg0 Wu0=1 lo0=-18.88 du0=0.0040 pin0=-0.000 a0=[0.009 0.017 -0.000 0.000 -0.022]
INFO  [mc_indi_tiltrotor] WRdbg1 Wu1=1 lo1=-19.16 du1=-0.0111 pin1=0.003 a1=[-0.009 0.016 0.001 -0.000 -0.022]
INFO  [mc_indi_tiltrotor] YWdbg nu2=-0.033 ach2=-0.032 r=0.02 wsp2=0.01 ddelta=[0.0071 0.0002 0.0000]
INFO  [mc_indi_tiltrotor] T0dbg1 G0=[-0.257 0.198 0.017 0.169 -0.986] nu_des=[-0.01 0.03 0.01 -0.62 -0.01]
INFO  [mc_indi_tiltrotor] T0dbg2 Ws34=[0.1 20.0] Wu0=1.0 du0=0.0059 dmin0=-18.9110 dmax0=26.0890
INFO  [mc_indi_tiltrotor] T2dbg1 G2=[-0.000 -0.650 0.060 0.002 -1.000] G5=[-0.761 -0.872 -0.001 12.684 0.024]
INFO  [mc_indi_tiltrotor] T2dbg2 Wu25=[1.0 9.0] du25=[-0.0081 0.0001] dmax25=[32.3162 0.0017] nu_yaw=0.012
INFO  [mc_indi_tiltrotor] WRdbg0 Wu0=1 lo0=-18.91 du0=0.0059 pin0=0.000 a0=[0.009 -0.003 0.002 -0.004 0.002]
INFO  [mc_indi_tiltrotor] WRdbg1 Wu1=1 lo1=-19.26 du1=-0.0113 pin1=0.000 a1=[-0.013 0.006 -0.005 -0.002 0.002]
INFO  [mc_indi_tiltrotor] T0dbg1 G0=[-0.256 0.199 0.019 0.162 -0.987] nu_des=[0.01 0.49 0.01 -0.33 0.27]
INFO  [mc_indi_tiltrotor] T0dbg2 Ws34=[0.1 20.0] Wu0=1.0 du0=0.1805 dmin0=-18.9403 dmax0=26.0597
INFO  [mc_indi_tiltrotor] T2dbg1 G2=[-0.000 -0.650 0.060 0.002 -1.000] G5=[-0.759 -0.868 -0.002 12.649 0.027]
INFO  [mc_indi_tiltrotor] T2dbg2 Wu25=[1.0 1000000.0] du25=[-0.6454 -0.0021] dmax25=[32.3509 -0.0006] nu_yaw=0.010
INFO  [mc_indi_tiltrotor] WRdbg0 Wu0=1 lo0=-18.94 du0=0.1805 pin0=0.021 a0=[-0.019 0.280 0.000 -0.000 -0.102]
INFO  [mc_indi_tiltrotor] WRdbg1 Wu1=1 lo1=-19.43 du1=0.2071 pin1=0.007 a1=[0.018 0.287 -0.000 -0.000 -0.105]
INFO  [mc_indi_tiltrotor] YWdbg nu2=0.008 ach2=0.008 r=-0.00 wsp2=-0.00 ddelta=[0.0081 0.0093 0.0001]
INFO  [mc_indi_tiltrotor] T0dbg1 G0=[-0.256 0.199 0.018 0.164 -0.986] nu_des=[0.00 0.22 0.01 -0.53 0.04]
INFO  [mc_indi_tiltrotor] T0dbg2 Ws34=[0.1 20.0] Wu0=1.0 du0=0.0385 dmin0=-18.8393 dmax0=26.1607
INFO  [mc_indi_tiltrotor] T2dbg1 G2=[-0.000 -0.650 0.060 0.001 -1.000] G5=[-0.741 -0.854 -0.001 12.349 0.016]
INFO  [mc_indi_tiltrotor] T2dbg2 Wu25=[1.0 1000000.0] du25=[-0.2027 -0.0013] dmax25=[32.6513 0.0003] nu_yaw=0.006
INFO  [mc_indi_tiltrotor] WRdbg0 Wu0=1 lo0=-18.84 du0=0.0385 pin0=-0.066 a0=[-0.005 0.126 0.000 -0.000 -0.016]
INFO  [mc_indi_tiltrotor] WRdbg1 Wu1=1 lo1=-19.49 du1=0.0807 pin1=-0.036 a1=[0.004 0.129 -0.000 -0.000 -0.017]
INFO  [mc_indi_tiltrotor] T0dbg1 G0=[-0.256 0.200 0.019 0.160 -0.987] nu_des=[0.00 0.07 -0.01 -0.36 0.14]
INFO  [mc_indi_tiltrotor] T0dbg2 Ws34=[0.1 20.0] Wu0=1.0 du0=0.0338 dmin0=-18.7221 dmax0=26.2779
INFO  [mc_indi_tiltrotor] T2dbg1 G2=[-0.000 -0.650 0.060 0.003 -1.000] G5=[-0.765 -0.868 -0.002 12.749 0.038]
INFO  [mc_indi_tiltrotor] T2dbg2 Wu25=[1.0 1000000.0] du25=[-0.1605 -0.0014] dmax25=[32.2513 0.0018] nu_yaw=-0.014
INFO  [mc_indi_tiltrotor] WRdbg0 Wu0=1 lo0=-18.72 du0=0.0338 pin0=0.050 a0=[-0.005 0.042 -0.000 -0.000 -0.053]
INFO  [mc_indi_tiltrotor] WRdbg1 Wu1=1 lo1=-19.22 du1=0.0143 pin1=0.021 a1=[0.005 0.043 0.000 -0.000 -0.054]
INFO  [mc_indi_tiltrotor] YWdbg nu2=-0.002 ach2=-0.001 r=0.01 wsp2=-0.00 ddelta=[0.0009 0.0007 -0.0003]
INFO  [mc_indi_tiltrotor] T0dbg1 G0=[-0.257 0.197 0.014 0.180 -0.984] nu_des=[-0.00 0.02 -0.00 -1.14 -0.04]
INFO  [mc_indi_tiltrotor] T0dbg2 Ws34=[0.1 20.0] Wu0=1.0 du0=0.0054 dmin0=-18.9606 dmax0=26.0394
INFO  [mc_indi_tiltrotor] T2dbg1 G2=[-0.000 -0.650 0.060 0.003 -1.000] G5=[-0.759 -0.859 -0.002 12.646 0.040]
INFO  [mc_indi_tiltrotor] T2dbg2 Wu25=[1.0 9.0] du25=[0.0084 -0.0003] dmax25=[32.3540 0.0014] nu_yaw=-0.003
INFO  [mc_indi_tiltrotor] WRdbg0 Wu0=1 lo0=-18.96 du0=0.0054 pin0=0.000 a0=[0.007 -0.003 -0.000 -0.007 0.008]
INFO  [mc_indi_tiltrotor] WRdbg1 Wu1=1 lo1=-19.29 du1=0.0030 pin1=0.000 a1=[-0.009 0.004 0.001 -0.004 0.011]
INFO  [mc_indi_tiltrotor] T0dbg1 G0=[-0.257 0.198 0.017 0.169 -0.986] nu_des=[0.01 -0.02 -0.00 -0.66 0.02]
INFO  [mc_indi_tiltrotor] T0dbg2 Ws34=[0.1 20.0] Wu0=1.0 du0=-0.0171 dmin0=-19.0013 dmax0=25.9987
INFO  [mc_indi_tiltrotor] T2dbg1 G2=[-0.000 -0.650 0.060 0.002 -1.000] G5=[-0.760 -0.871 -0.001 12.669 0.024]
INFO  [mc_indi_tiltrotor] T2dbg2 Wu25=[1.0 9.0] du25=[0.0057 -0.0005] dmax25=[32.3308 0.0012] nu_yaw=-0.002
INFO  [mc_indi_tiltrotor] WRdbg0 Wu0=1 lo0=-19.00 du0=-0.0171 pin0=0.000 a0=[-0.010 0.002 -0.000 -0.004 -0.004]
INFO  [mc_indi_tiltrotor] WRdbg1 Wu1=1 lo1=-19.30 du1=0.0024 pin1=0.000 a1=[0.014 -0.004 0.001 -0.002 -0.006]
INFO  [mc_indi_tiltrotor] YWdbg nu2=-0.006 ach2=-0.006 r=-0.00 wsp2=-0.01 ddelta=[0.0037 0.0027 -0.0006]
INFO  [mc_indi_tiltrotor] T0dbg1 G0=[-0.256 0.199 0.018 0.163 -0.987] nu_des=[-0.01 -0.41 0.00 -0.46 0.10]
INFO  [mc_indi_tiltrotor] T0dbg2 Ws34=[0.1 20.0] Wu0=1.0 du0=-0.2968 dmin0=-19.0500 dmax0=25.9500
INFO  [mc_indi_tiltrotor] T2dbg1 G2=[-0.000 -0.650 0.060 0.001 -1.000] G5=[-0.734 -0.851 -0.001 12.239 0.008]
INFO  [mc_indi_tiltrotor] T2dbg2 Wu25=[1.0 1000000.0] du25=[0.4863 0.0025] dmax25=[32.7613 0.0025] nu_yaw=0.002
INFO  [mc_indi_tiltrotor] WRdbg0 Wu0=1 lo0=-19.05 du0=-0.2968 pin0=-0.046 a0=[0.025 -0.236 0.000 -0.000 -0.039]
INFO  [mc_indi_tiltrotor] WRdbg1 Wu1=1 lo1=-19.54 du1=-0.3258 pin1=-0.020 a1=[-0.024 -0.242 -0.000 -0.000 -0.040]
INFO  [mc_indi_tiltrotor] T0dbg1 G0=[-0.257 0.198 0.017 0.168 -0.986] nu_des=[0.01 -0.06 0.02 -0.63 0.06]
INFO  [mc_indi_tiltrotor] T0dbg2 Ws34=[0.1 20.0] Wu0=1.0 du0=-0.0264 dmin0=-18.8513 dmax0=26.1487
INFO  [mc_indi_tiltrotor] T2dbg1 G2=[-0.000 -0.650 0.060 0.002 -1.000] G5=[-0.745 -0.857 -0.001 12.421 0.019]
INFO  [mc_indi_tiltrotor] T2dbg2 Wu25=[1.0 9.0] du25=[0.0118 -0.0001] dmax25=[32.5792 0.0013] nu_yaw=0.024
INFO  [mc_indi_tiltrotor] WRdbg0 Wu0=1 lo0=-18.85 du0=-0.0264 pin0=0.000 a0=[-0.017 0.007 0.003 -0.004 -0.016]
INFO  [mc_indi_tiltrotor] WRdbg1 Wu1=1 lo1=-19.51 du1=-0.0216 pin1=0.000 a1=[0.023 -0.013 -0.009 -0.002 -0.020]
INFO  [mc_indi_tiltrotor] YWdbg nu2=-0.002 ach2=0.018 r=-0.02 wsp2=-0.01 ddelta=[0.0120 0.0120 0.0041]
INFO  [mc_indi_tiltrotor] T0dbg1 G0=[-0.257 0.197 0.015 0.176 -0.984] nu_des=[-0.02 0.46 0.01 -1.02 0.05]
INFO  [mc_indi_tiltrotor] T0dbg2 Ws34=[0.1 20.0] Wu0=1.0 du0=0.2189 dmin0=-18.8857 dmax0=26.1143
INFO  [mc_indi_tiltrotor] T2dbg1 G2=[-0.000 -0.650 0.060 0.002 -1.000] G5=[-0.738 -0.846 -0.001 12.301 0.023]
INFO  [mc_indi_tiltrotor] T2dbg2 Wu25=[1.0 1000000.0] du25=[-0.4910 -0.0018] dmax25=[32.6995 -0.0003] nu_yaw=0.009
INFO  [mc_indi_tiltrotor] WRdbg0 Wu0=1 lo0=-18.89 du0=0.2189 pin0=-0.069 a0=[0.037 0.269 0.000 -0.000 -0.018]
INFO  [mc_indi_tiltrotor] WRdbg1 Wu1=1 lo1=-19.39 du1=0.1800 pin1=-0.040 a1=[-0.035 0.274 -0.000 -0.000 -0.019]
INFO  [mc_indi_tiltrotor] T0dbg1 G0=[-0.256 0.200 0.021 0.154 -0.988] nu_des=[-0.00 -0.01 -0.02 -0.16 0.02]
INFO  [mc_indi_tiltrotor] T0dbg2 Ws34=[0.1 20.0] Wu0=1.0 du0=-0.0001 dmin0=-18.9142 dmax0=26.0858
INFO  [mc_indi_tiltrotor] T2dbg1 G2=[-0.000 -0.650 0.060 0.002 -1.000] G5=[-0.749 -0.855 -0.002 12.482 0.029]
INFO  [mc_indi_tiltrotor] T2dbg2 Wu25=[1.0 9.0] du25=[0.0038 0.0002] dmax25=[32.5183 0.0018] nu_yaw=-0.020
INFO  [mc_indi_tiltrotor] WRdbg0 Wu0=1 lo0=-18.91 du0=-0.0001 pin0=0.000 a0=[0.007 0.001 -0.003 -0.001 -0.004]
INFO  [mc_indi_tiltrotor] WRdbg1 Wu1=1 lo1=-19.18 du1=-0.0098 pin1=0.000 a1=[-0.009 -0.003 0.008 -0.001 -0.005]
INFO  [mc_indi_tiltrotor] YWdbg nu2=-0.024 ach2=-0.015 r=0.02 wsp2=0.00 ddelta=[0.0104 0.0088 -0.0013]
INFO  [mc_indi_tiltrotor] T0dbg1 G0=[-0.257 0.197 0.015 0.175 -0.985] nu_des=[0.01 0.00 -0.00 -0.88 0.01]
INFO  [mc_indi_tiltrotor] T0dbg2 Ws34=[0.1 20.0] Wu0=1.0 du0=-0.0233 dmin0=-18.9805 dmax0=26.0195
INFO  [mc_indi_tiltrotor] T2dbg1 G2=[-0.000 -0.650 0.060 0.003 -1.000] G5=[-0.763 -0.868 -0.002 12.722 0.035]
INFO  [mc_indi_tiltrotor] T2dbg2 Wu25=[1.0 9.0] du25=[-0.0042 -0.0010] dmax25=[32.2781 0.0007] nu_yaw=-0.000
INFO  [mc_indi_tiltrotor] WRdbg0 Wu0=1 lo0=-18.98 du0=-0.0233 pin0=0.000 a0=[-0.014 -0.000 -0.000 -0.005 -0.003]
INFO  [mc_indi_tiltrotor] WRdbg1 Wu1=1 lo1=-19.23 du1=0.0122 pin1=0.000 a1=[0.019 0.000 0.000 -0.003 -0.004]
INFO  [mc_indi_tiltrotor] T0dbg1 G0=[-0.256 0.199 0.018 0.164 -0.986] nu_des=[0.01 -0.03 -0.01 -0.36 0.03]
INFO  [mc_indi_tiltrotor] T0dbg2 Ws34=[0.1 20.0] Wu0=1.0 du0=-0.0245 dmin0=-18.8062 dmax0=26.1938
INFO  [mc_indi_tiltrotor] T2dbg1 G2=[-0.000 -0.650 0.060 0.002 -1.000] G5=[-0.753 -0.863 -0.001 12.547 0.024]
INFO  [mc_indi_tiltrotor] T2dbg2 Wu25=[1.0 9.0] du25=[0.0034 -0.0007] dmax25=[32.4526 0.0009] nu_yaw=-0.012
INFO  [mc_indi_tiltrotor] WRdbg0 Wu0=1 lo0=-18.81 du0=-0.0245 pin0=0.000 a0=[-0.016 0.003 -0.002 -0.002 -0.008]
INFO  [mc_indi_tiltrotor] WRdbg1 Wu1=1 lo1=-19.31 du1=0.0086 pin1=0.000 a1=[0.021 -0.006 0.005 -0.001 -0.010]
INFO  [mc_indi_tiltrotor] YWdbg nu2=0.050 ach2=0.025 r=-0.00 wsp2=-0.02 ddelta=[0.0024 0.0056 0.0013]
INFO  [mc_indi_tiltrotor] T0dbg1 G0=[-0.256 0.199 0.019 0.162 -0.987] nu_des=[-0.01 -0.24 0.03 -0.44 0.16]
INFO  [mc_indi_tiltrotor] T0dbg2 Ws34=[0.1 20.0] Wu0=1.0 du0=-0.2201 dmin0=-18.7033 dmax0=26.2967
INFO  [mc_indi_tiltrotor] T2dbg1 G2=[-0.000 -0.650 0.060 0.002 -1.000] G5=[-0.745 -0.855 -0.001 12.422 0.022]
INFO  [mc_indi_tiltrotor] T2dbg2 Wu25=[1.0 9.0] du25=[0.2577 0.0056] dmax25=[32.5779 0.0058] nu_yaw=0.025
INFO  [mc_indi_tiltrotor] WRdbg0 Wu0=1 lo0=-18.70 du0=-0.2201 pin0=-0.025 a0=[0.011 -0.145 0.000 0.000 -0.062]
INFO  [mc_indi_tiltrotor] WRdbg1 Wu1=1 lo1=-19.54 du1=-0.2192 pin1=-0.013 a1=[-0.010 -0.133 -0.001 -0.000 -0.062]
INFO  [mc_indi_tiltrotor] T0dbg1 G0=[-0.256 0.200 0.019 0.159 -0.987] nu_des=[-0.00 -0.02 -0.02 -0.24 0.01]
INFO  [mc_indi_tiltrotor] T0dbg2 Ws34=[0.1 20.0] Wu0=1.0 du0=-0.0037 dmin0=-18.7302 dmax0=26.2698
INFO  [mc_indi_tiltrotor] T2dbg1 G2=[-0.000 -0.650 0.060 0.002 -1.000] G5=[-0.751 -0.855 -0.002 12.511 0.031]
INFO  [mc_indi_tiltrotor] T2dbg2 Wu25=[1.0 9.0] du25=[0.0080 0.0000] dmax25=[32.4894 0.0012] nu_yaw=-0.020
INFO  [mc_indi_tiltrotor] WRdbg0 Wu0=1 lo0=-18.73 du0=-0.0037 pin0=0.000 a0=[0.002 0.001 -0.003 -0.002 -0.003]
INFO  [mc_indi_tiltrotor] WRdbg1 Wu1=1 lo1=-19.23 du1=-0.0026 pin1=0.000 a1=[-0.003 -0.004 0.008 -0.001 -0.003]
INFO  [mc_indi_tiltrotor] YWdbg nu2=-0.028 ach2=-0.028 r=0.01 wsp2=-0.00 ddelta=[0.0019 -0.0042 0.0006]
INFO  [mc_indi_tiltrotor] T0dbg1 G0=[-0.257 0.198 0.017 0.168 -0.986] nu_des=[-0.00 0.02 0.03 -0.65 0.01]
INFO  [mc_indi_tiltrotor] T0dbg2 Ws34=[0.1 20.0] Wu0=1.0 du0=-0.0016 dmin0=-18.9524 dmax0=26.0476
INFO  [mc_indi_tiltrotor] T2dbg1 G2=[-0.000 -0.650 0.060 0.003 -1.000] G5=[-0.757 -0.855 -0.003 12.609 0.043]
INFO  [mc_indi_tiltrotor] T2dbg2 Wu25=[1.0 9.0] du25=[-0.0109 -0.0000] dmax25=[32.3905 0.0020] nu_yaw=0.027
INFO  [mc_indi_tiltrotor] WRdbg0 Wu0=1 lo0=-18.95 du0=-0.0016 pin0=0.000 a0=[0.003 -0.002 0.004 -0.004 -0.002]
INFO  [mc_indi_tiltrotor] WRdbg1 Wu1=1 lo1=-19.17 du1=-0.0153 pin1=0.000 a1=[-0.004 0.004 -0.010 -0.002 -0.003]
INFO  [mc_indi_tiltrotor] T0dbg1 G0=[-0.257 0.198 0.017 0.168 -0.986] nu_des=[0.01 0.20 -0.01 -0.60 0.17]
INFO  [mc_indi_tiltrotor] T0dbg2 Ws34=[0.1 20.0] Wu0=1.0 du0=0.0537 dmin0=-19.0175 dmax0=25.9825
INFO  [mc_indi_tiltrotor] T2dbg1 G2=[-0.000 -0.650 0.060 0.003 -1.000] G5=[-0.754 -0.855 -0.002 12.560 0.038]
INFO  [mc_indi_tiltrotor] T2dbg2 Wu25=[1.0 1000000.0] du25=[-0.2764 -0.0030] dmax25=[32.4400 -0.0015] nu_yaw=-0.007
INFO  [mc_indi_tiltrotor] WRdbg0 Wu0=1 lo0=-19.02 du0=0.0537 pin0=0.013 a0=[-0.010 0.115 -0.000 -0.000 -0.064]
INFO  [mc_indi_tiltrotor] WRdbg1 Wu1=1 lo1=-19.27 du1=0.0566 pin1=-0.005 a1=[0.010 0.117 0.000 -0.000 -0.065]
INFO  [mc_indi_tiltrotor] YWdbg nu2=0.002 ach2=0.003 r=-0.01 wsp2=-0.01 ddelta=[0.0076 0.0083 -0.0008]
INFO  [mc_indi_tiltrotor] T0dbg1 G0=[-0.256 0.199 0.018 0.163 -0.987] nu_des=[-0.00 0.14 -0.04 -0.45 0.22]
INFO  [mc_indi_tiltrotor] T0dbg2 Ws34=[0.1 20.0] Wu0=1.0 du0=0.0078 dmin0=-18.5844 dmax0=26.4156
INFO  [mc_indi_tiltrotor] T2dbg1 G2=[-0.000 -0.650 0.060 0.002 -1.000] G5=[-0.783 -0.896 -0.002 13.054 0.028]
INFO  [mc_indi_tiltrotor] T2dbg2 Wu25=[1.0 1000000.0] du25=[-0.2187 -0.0007] dmax25=[31.9459 0.0025] nu_yaw=-0.036
INFO  [mc_indi_tiltrotor] WRdbg0 Wu0=1 lo0=-18.58 du0=0.0078 pin0=-0.002 a0=[0.010 0.083 -0.000 -0.000 -0.083]
INFO  [mc_indi_tiltrotor] WRdbg1 Wu1=1 lo1=-19.13 du1=-0.0077 pin1=0.002 a1=[-0.009 0.085 0.000 -0.000 -0.085]
INFO  [mc_indi_tiltrotor] T0dbg1 G0=[-0.256 0.200 0.021 0.154 -0.988] nu_des=[-0.00 0.02 -0.00 -0.11 -0.03]
INFO  [mc_indi_tiltrotor] T0dbg2 Ws34=[0.1 20.0] Wu0=1.0 du0=0.0120 dmin0=-18.8455 dmax0=26.1545
INFO  [mc_indi_tiltrotor] T2dbg1 G2=[-0.000 -0.650 0.060 0.001 -1.000] G5=[-0.763 -0.878 -0.001 12.713 0.018]
INFO  [mc_indi_tiltrotor] T2dbg2 Wu25=[1.0 9.0] du25=[-0.0011 -0.0000] dmax25=[32.2867 0.0015] nu_yaw=-0.004
INFO  [mc_indi_tiltrotor] WRdbg0 Wu0=1 lo0=-18.85 du0=0.0120 pin0=-0.021 a0=[0.009 0.012 0.001 0.000 0.011]
INFO  [mc_indi_tiltrotor] WRdbg1 Wu1=1 lo1=-19.47 du1=0.0075 pin1=-0.007 a1=[-0.008 0.010 0.002 -0.000 0.011]
INFO  [mc_indi_tiltrotor] YWdbg nu2=-0.008 ach2=-0.008 r=0.00 wsp2=-0.00 ddelta=[-0.0010 -0.0025 -0.0002]
INFO  [mc_indi_tiltrotor] T0dbg1 G0=[-0.256 0.200 0.021 0.155 -0.988] nu_des=[-0.00 -0.01 0.00 -0.07 0.03]
INFO  [mc_indi_tiltrotor] T0dbg2 Ws34=[0.1 20.0] Wu0=1.0 du0=-0.0022 dmin0=-18.9017 dmax0=26.0983
INFO  [mc_indi_tiltrotor] T2dbg1 G2=[-0.000 -0.650 0.060 0.002 -1.000] G5=[-0.756 -0.870 -0.001 12.600 0.019]
INFO  [mc_indi_tiltrotor] T2dbg2 Wu25=[1.0 9.0] du25=[-0.0041 0.0003] dmax25=[32.3996 0.0017] nu_yaw=0.000
INFO  [mc_indi_tiltrotor] WRdbg0 Wu0=1 lo0=-18.90 du0=-0.0022 pin0=0.000 a0=[0.005 0.001 0.000 -0.000 -0.007]
INFO  [mc_indi_tiltrotor] WRdbg1 Wu1=1 lo1=-19.42 du1=-0.0184 pin1=0.000 a1=[-0.007 -0.002 -0.000 -0.000 -0.010]
INFO  [mc_indi_tiltrotor] T0dbg1 G0=[-0.256 0.200 0.019 0.159 -0.987] nu_des=[-0.01 -0.01 -0.01 -0.16 0.01]
INFO  [mc_indi_tiltrotor] T0dbg2 Ws34=[0.1 20.0] Wu0=1.0 du0=0.0093 dmin0=-18.9270 dmax0=26.0730
INFO  [mc_indi_tiltrotor] T2dbg1 G2=[-0.000 -0.650 0.060 0.002 -1.000] G5=[-0.758 -0.871 -0.001 12.625 0.020]
INFO  [mc_indi_tiltrotor] T2dbg2 Wu25=[1.0 9.0] du25=[0.0030 0.0005] dmax25=[32.3748 0.0018] nu_yaw=-0.009
INFO  [mc_indi_tiltrotor] WRdbg0 Wu0=1 lo0=-18.93 du0=0.0093 pin0=-0.003 a0=[0.018 -0.004 0.003 0.000 -0.004]
INFO  [mc_indi_tiltrotor] WRdbg1 Wu1=1 lo1=-19.38 du1=-0.0192 pin1=-0.001 a1=[-0.015 -0.003 0.005 -0.000 -0.004]
INFO  [mc_indi_tiltrotor] YWdbg nu2=-0.016 ach2=-0.016 r=0.01 wsp2=-0.01 ddelta=[0.0029 -0.0005 0.0002]
INFO  [mc_indi_tiltrotor] T0dbg1 G0=[-0.256 0.200 0.019 0.160 -0.987] nu_des=[-0.00 0.02 -0.02 -0.25 0.01]
INFO  [mc_indi_tiltrotor] T0dbg2 Ws34=[0.1 20.0] Wu0=1.0 du0=-0.0015 dmin0=-18.9804 dmax0=26.0196
INFO  [mc_indi_tiltrotor] T2dbg1 G2=[-0.000 -0.650 0.060 0.002 -1.000] G5=[-0.752 -0.861 -0.002 12.536 0.026]
INFO  [mc_indi_tiltrotor] T2dbg2 Wu25=[1.0 9.0] du25=[-0.0107 -0.0002] dmax25=[32.4638 0.0016] nu_yaw=-0.023
INFO  [mc_indi_tiltrotor] WRdbg0 Wu0=1 lo0=-18.98 du0=-0.0015 pin0=-0.022 a0=[0.008 0.009 0.008 0.000 -0.003]
INFO  [mc_indi_tiltrotor] WRdbg1 Wu1=1 lo1=-19.29 du1=0.0024 pin1=-0.008 a1=[-0.006 0.007 0.013 -0.000 -0.003]
INFO  [mc_indi_tiltrotor] T0dbg1 G0=[-0.257 0.197 0.015 0.178 -0.984] nu_des=[-0.00 0.06 0.03 -1.00 0.15]
INFO  [mc_indi_tiltrotor] T0dbg2 Ws34=[0.1 20.0] Wu0=1.0 du0=-0.0272 dmin0=-18.9976 dmax0=26.0024
INFO  [mc_indi_tiltrotor] T2dbg1 G2=[-0.000 -0.650 0.060 0.002 -1.000] G5=[-0.751 -0.859 -0.002 12.517 0.026]
INFO  [mc_indi_tiltrotor] T2dbg2 Wu25=[1.0 1000000.0] du25=[-0.0925 -0.0005] dmax25=[32.4832 -0.0005] nu_yaw=0.029
INFO  [mc_indi_tiltrotor] WRdbg0 Wu0=1 lo0=-19.00 du0=-0.0272 pin0=-0.008 a0=[0.004 0.032 0.000 -0.000 -0.056]
INFO  [mc_indi_tiltrotor] WRdbg1 Wu1=1 lo1=-19.54 du1=-0.0367 pin1=-0.009 a1=[-0.004 0.033 -0.000 -0.000 -0.057]
INFO  [mc_indi_tiltrotor] YWdbg nu2=0.019 ach2=-0.000 r=-0.03 wsp2=0.00 ddelta=[0.0104 0.0104 -0.0007]
INFO  [mc_indi_tiltrotor] T0dbg1 G0=[-0.257 0.197 0.015 0.175 -0.985] nu_des=[-0.00 0.28 -0.02 -0.97 0.20]
INFO  [mc_indi_tiltrotor] T0dbg2 Ws34=[0.1 20.0] Wu0=1.0 du0=0.0430 dmin0=-18.7721 dmax0=26.2279
INFO  [mc_indi_tiltrotor] T2dbg1 G2=[-0.000 -0.650 0.060 0.002 -1.000] G5=[-0.764 -0.875 -0.001 12.735 0.025]
INFO  [mc_indi_tiltrotor] T2dbg2 Wu25=[1.0 1000000.0] du25=[-0.3317 -0.0020] dmax25=[32.2647 -0.0004] nu_yaw=-0.017
INFO  [mc_indi_tiltrotor] WRdbg0 Wu0=1 lo0=-18.77 du0=0.0430 pin0=-0.049 a0=[0.002 0.164 -0.000 -0.000 -0.074]
INFO  [mc_indi_tiltrotor] WRdbg1 Wu1=1 lo1=-19.21 du1=0.0584 pin1=-0.030 a1=[-0.002 0.167 0.000 -0.000 -0.076]
INFO  [mc_indi_tiltrotor] T0dbg1 G0=[-0.256 0.201 0.021 0.153 -0.988] nu_des=[0.01 0.00 -0.02 -0.09 0.00]
INFO  [mc_indi_tiltrotor] T0dbg2 Ws34=[0.1 20.0] Wu0=1.0 du0=-0.0119 dmin0=-18.8154 dmax0=26.1846
INFO  [mc_indi_tiltrotor] T2dbg1 G2=[-0.000 -0.650 0.060 0.002 -1.000] G5=[-0.750 -0.861 -0.001 12.505 0.022]
INFO  [mc_indi_tiltrotor] T2dbg2 Wu25=[1.0 9.0] du25=[-0.0016 -0.0006] dmax25=[32.4947 0.0011] nu_yaw=-0.020
INFO  [mc_indi_tiltrotor] WRdbg0 Wu0=1 lo0=-18.82 du0=-0.0119 pin0=0.000 a0=[-0.008 -0.000 -0.003 -0.001 -0.000]
INFO  [mc_indi_tiltrotor] WRdbg1 Wu1=1 lo1=-19.23 du1=0.0188 pin1=0.000 a1=[0.011 0.000 0.008 -0.000 -0.000]
INFO  [mc_indi_tiltrotor] YWdbg nu2=-0.030 ach2=-0.030 r=0.03 wsp2=0.02 ddelta=[0.0082 0.0015 0.0006]
INFO  [mc_indi_tiltrotor] T0dbg1 G0=[-0.256 0.199 0.018 0.165 -0.986] nu_des=[-0.01 0.03 -0.01 -0.44 -0.01]
INFO  [mc_indi_tiltrotor] T0dbg2 Ws34=[0.1 20.0] Wu0=1.0 du0=0.0057 dmin0=-18.8619 dmax0=26.1381
INFO  [mc_indi_tiltrotor] T2dbg1 G2=[-0.000 -0.650 0.060 0.002 -1.000] G5=[-0.758 -0.869 -0.001 12.640 0.025]
INFO  [mc_indi_tiltrotor] T2dbg2 Wu25=[1.0 9.0] du25=[-0.0080 -0.0001] dmax25=[32.3600 0.0013] nu_yaw=-0.006
INFO  [mc_indi_tiltrotor] WRdbg0 Wu0=1 lo0=-18.86 du0=0.0057 pin0=0.000 a0=[0.009 -0.003 -0.001 -0.003 0.003]
INFO  [mc_indi_tiltrotor] WRdbg1 Wu1=1 lo1=-19.33 du1=-0.0008 pin1=0.000 a1=[-0.012 0.007 0.002 -0.002 0.004]
INFO  [mc_indi_tiltrotor] T0dbg1 G0=[-0.257 0.198 0.017 0.168 -0.986] nu_des=[0.01 0.01 -0.00 -0.55 0.11]
INFO  [mc_indi_tiltrotor] T0dbg2 Ws34=[0.1 20.0] Wu0=1.0 du0=-0.0634 dmin0=-18.9284 dmax0=26.0716
INFO  [mc_indi_tiltrotor] T2dbg1 G2=[-0.000 -0.650 0.060 0.003 -1.000] G5=[-0.747 -0.851 -0.002 12.447 0.032]
INFO  [mc_indi_tiltrotor] T2dbg2 Wu25=[1.0 9.0] du25=[-0.0325 -0.0011] dmax25=[32.5533 0.0005] nu_yaw=-0.000
INFO  [mc_indi_tiltrotor] WRdbg0 Wu0=1 lo0=-18.93 du0=-0.0634 pin0=-0.005 a0=[-0.026 0.006 -0.000 0.000 -0.040]
INFO  [mc_indi_tiltrotor] WRdbg1 Wu1=1 lo1=-19.32 du1=-0.0130 pin1=-0.002 a1=[0.024 0.006 0.000 -0.000 -0.040]
INFO  [mc_indi_tiltrotor] YWdbg nu2=-0.001 ach2=-0.001 r=0.01 wsp2=-0.01 ddelta=[0.0066 0.0061 -0.0002]
INFO  [mc_indi_tiltrotor] T0dbg1 G0=[-0.256 0.200 0.020 0.157 -0.988] nu_des=[-0.01 -0.00 0.01 -0.19 0.02]
INFO  [mc_indi_tiltrotor] T0dbg2 Ws34=[0.1 20.0] Wu0=1.0 du0=0.0099 dmin0=-18.9032 dmax0=26.0968
INFO  [mc_indi_tiltrotor] T2dbg1 G2=[-0.000 -0.650 0.060 0.002 -1.000] G5=[-0.746 -0.855 -0.001 12.431 0.024]
INFO  [mc_indi_tiltrotor] T2dbg2 Wu25=[1.0 9.0] du25=[-0.0006 0.0007] dmax25=[32.5688 0.0026] nu_yaw=0.014
INFO  [mc_indi_tiltrotor] WRdbg0 Wu0=1 lo0=-18.90 du0=0.0099 pin0=0.000 a0=[0.013 0.000 0.002 -0.001 -0.004]
INFO  [mc_indi_tiltrotor] WRdbg1 Wu1=1 lo1=-19.38 du1=-0.0294 pin1=0.000 a1=[-0.017 -0.001 -0.006 -0.001 -0.005]
INFO  [mc_indi_tiltrotor] T0dbg1 G0=[-0.257 0.197 0.014 0.178 -0.984] nu_des=[-0.00 -0.01 0.01 -1.04 0.00]
INFO  [mc_indi_tiltrotor] T0dbg2 Ws34=[0.1 20.0] Wu0=1.0 du0=0.0079 dmin0=-18.7262 dmax0=26.2738
INFO  [mc_indi_tiltrotor] T2dbg1 G2=[-0.000 -0.650 0.060 0.003 -1.000] G5=[-0.748 -0.849 -0.002 12.474 0.037]
INFO  [mc_indi_tiltrotor] T2dbg2 Wu25=[1.0 9.0] du25=[0.0063 -0.0002] dmax25=[32.5255 0.0012] nu_yaw=0.013
INFO  [mc_indi_tiltrotor] WRdbg0 Wu0=1 lo0=-18.73 du0=0.0079 pin0=0.010 a0=[0.007 -0.008 0.000 0.000 -0.002]
INFO  [mc_indi_tiltrotor] WRdbg1 Wu1=1 lo1=-19.23 du1=-0.0122 pin1=0.004 a1=[-0.006 -0.007 -0.000 -0.001 -0.002]
INFO  [mc_indi_tiltrotor] YWdbg nu2=0.006 ach2=0.005 r=-0.01 wsp2=-0.00 ddelta=[-0.0015 -0.0008 0.0002]
INFO  [mc_indi_tiltrotor] T0dbg1 G0=[-0.256 0.200 0.020 0.157 -0.988] nu_des=[-0.01 0.05 -0.02 -0.21 0.01]
INFO  [mc_indi_tiltrotor] T0dbg2 Ws34=[0.1 20.0] Wu0=1.0 du0=0.0019 dmin0=-18.7909 dmax0=26.2091
INFO  [mc_indi_tiltrotor] T2dbg1 G2=[-0.000 -0.650 0.060 0.002 -1.000] G5=[-0.753 -0.862 -0.002 12.546 0.026]
INFO  [mc_indi_tiltrotor] T2dbg2 Wu25=[1.0 9.0] du25=[-0.0328 -0.0004] dmax25=[32.4538 0.0010] nu_yaw=-0.015
INFO  [mc_indi_tiltrotor] WRdbg0 Wu0=1 lo0=-18.79 du0=0.0019 pin0=-0.035 a0=[0.011 0.026 0.005 0.000 -0.005]
INFO  [mc_indi_tiltrotor] WRdbg1 Wu1=1 lo1=-19.23 du1=0.0031 pin1=-0.012 a1=[-0.009 0.021 0.009 -0.000 -0.005]
INFO  [mc_indi_tiltrotor] T0dbg1 G0=[-0.257 0.198 0.016 0.171 -0.985] nu_des=[0.00 0.02 -0.00 -0.68 -0.01]
INFO  [mc_indi_tiltrotor] T0dbg2 Ws34=[0.1 20.0] Wu0=1.0 du0=-0.0051 dmin0=-18.8163 dmax0=26.1837
INFO  [mc_indi_tiltrotor] T2dbg1 G2=[-0.000 -0.650 0.060 0.002 -1.000] G5=[-0.756 -0.864 -0.002 12.606 0.029]
INFO  [mc_indi_tiltrotor] T2dbg2 Wu25=[1.0 9.0] du25=[-0.0036 -0.0005] dmax25=[32.3942 0.0008] nu_yaw=-0.002
INFO  [mc_indi_tiltrotor] WRdbg0 Wu0=1 lo0=-18.82 du0=-0.0051 pin0=0.000 a0=[-0.001 -0.002 -0.000 -0.004 0.002]
INFO  [mc_indi_tiltrotor] WRdbg1 Wu1=1 lo1=-19.22 du1=0.0058 pin1=0.000 a1=[0.001 0.004 0.001 -0.002 0.003]
INFO  [mc_indi_tiltrotor] YWdbg nu2=-0.010 ach2=-0.009 r=0.00 wsp2=-0.00 ddelta=[-0.0027 -0.0044 -0.0005]
INFO  [mc_indi_tiltrotor] T0dbg1 G0=[-0.256 0.200 0.020 0.156 -0.988] nu_des=[-0.00 -0.01 0.00 -0.23 -0.00]
INFO  [mc_indi_tiltrotor] T0dbg2 Ws34=[0.1 20.0] Wu0=1.0 du0=0.0022 dmin0=-18.8966 dmax0=26.1034
INFO  [mc_indi_tiltrotor] T2dbg1 G2=[-0.000 -0.650 0.060 0.002 -1.000] G5=[-0.755 -0.865 -0.001 12.591 0.025]
INFO  [mc_indi_tiltrotor] T2dbg2 Wu25=[1.0 9.0] du25=[0.0065 0.0002] dmax25=[32.4095 0.0015] nu_yaw=0.002
INFO  [mc_indi_tiltrotor] WRdbg0 Wu0=1 lo0=-18.90 du0=0.0022 pin0=0.000 a0=[0.003 0.001 0.000 -0.001 0.000]
INFO  [mc_indi_tiltrotor] WRdbg1 Wu1=1 lo1=-19.30 du1=-0.0069 pin1=0.000 a1=[-0.003 -0.002 -0.001 -0.001 0.000]
INFO  [mc_indi_tiltrotor] T0dbg1 G0=[-0.256 0.200 0.021 0.154 -0.988] nu_des=[-0.00 -0.22 0.01 -0.21 0.46]
INFO  [mc_indi_tiltrotor] T0dbg2 Ws34=[0.1 20.0] Wu0=1.0 du0=-0.2867 dmin0=-18.6015 dmax0=26.3985
INFO  [mc_indi_tiltrotor] T2dbg1 G2=[-0.000 -0.650 0.060 0.003 -1.000] G5=[-0.800 -0.911 -0.002 13.327 0.034]
INFO  [mc_indi_tiltrotor] T2dbg2 Wu25=[1.0 1000000.0] du25=[0.1218 0.0055] dmax25=[31.6731 0.0091] nu_yaw=0.014
INFO  [mc_indi_tiltrotor] WRdbg0 Wu0=1 lo0=-18.60 du0=-0.2867 pin0=0.015 a0=[0.002 -0.129 0.000 -0.000 -0.174]
INFO  [mc_indi_tiltrotor] WRdbg1 Wu1=1 lo1=-19.19 du1=-0.2945 pin1=0.017 a1=[-0.002 -0.131 -0.000 -0.000 -0.178]
INFO  [mc_indi_tiltrotor] YWdbg nu2=-0.029 ach2=-0.040 r=0.00 wsp2=0.01 ddelta=[0.0062 0.0009 -0.0016]
INFO  [mc_indi_tiltrotor] T0dbg1 G0=[-0.257 0.198 0.016 0.174 -0.985] nu_des=[-0.00 -0.09 0.02 -0.91 0.07]
INFO  [mc_indi_tiltrotor] T0dbg2 Ws34=[0.1 20.0] Wu0=1.0 du0=-0.0135 dmin0=-18.8689 dmax0=26.1311
INFO  [mc_indi_tiltrotor] T2dbg1 G2=[-0.000 -0.650 0.060 0.003 -1.000] G5=[-0.746 -0.849 -0.002 12.433 0.033]
INFO  [mc_indi_tiltrotor] T2dbg2 Wu25=[1.0 9.0] du25=[0.0280 0.0009] dmax25=[32.5674 0.0022] nu_yaw=0.020
INFO  [mc_indi_tiltrotor] WRdbg0 Wu0=1 lo0=-18.87 du0=-0.0135 pin0=0.065 a0=[0.001 -0.044 -0.008 -0.000 -0.027]
INFO  [mc_indi_tiltrotor] WRdbg1 Wu1=1 lo1=-19.53 du1=-0.0518 pin1=0.026 a1=[-0.001 -0.037 -0.011 -0.001 -0.027]
INFO  [mc_indi_tiltrotor] T0dbg1 G0=[-0.257 0.198 0.016 0.172 -0.985] nu_des=[0.00 0.08 0.00 -0.73 -0.01]
INFO  [mc_indi_tiltrotor] T0dbg2 Ws34=[0.1 20.0] Wu0=1.0 du0=-0.0098 dmin0=-18.8589 dmax0=26.1411
INFO  [mc_indi_tiltrotor] T2dbg1 G2=[-0.000 -0.650 0.060 0.002 -1.000] G5=[-0.751 -0.860 -0.002 12.522 0.026]
INFO  [mc_indi_tiltrotor] T2dbg2 Wu25=[1.0 9.0] du25=[-0.0354 -0.0010] dmax25=[32.4782 0.0009] nu_yaw=0.005
INFO  [mc_indi_tiltrotor] WRdbg0 Wu0=1 lo0=-18.86 du0=-0.0098 pin0=0.000 a0=[-0.000 -0.008 0.001 -0.004 0.003]
INFO  [mc_indi_tiltrotor] WRdbg1 Wu1=1 lo1=-19.37 du1=0.0152 pin1=0.000 a1=[0.000 0.016 -0.002 -0.003 0.003]
INFO  [mc_indi_tiltrotor] YWdbg nu2=0.005 ach2=0.005 r=-0.00 wsp2=-0.01 ddelta=[-0.0108 -0.0095 -0.0003]
INFO  [mc_indi_tiltrotor] T0dbg1 G0=[-0.256 0.199 0.018 0.164 -0.987] nu_des=[0.01 0.50 0.01 -0.40 0.31]
INFO  [mc_indi_tiltrotor] T0dbg2 Ws34=[0.1 20.0] Wu0=1.0 du0=0.1646 dmin0=-19.0100 dmax0=25.9900
INFO  [mc_indi_tiltrotor] T2dbg1 G2=[-0.000 -0.650 0.060 0.003 -1.000] G5=[-0.765 -0.869 -0.002 12.743 0.035]
INFO  [mc_indi_tiltrotor] T2dbg2 Wu25=[1.0 1000000.0] du25=[-0.6600 -0.0028] dmax25=[32.2567 -0.0010] nu_yaw=0.010
INFO  [mc_indi_tiltrotor] WRdbg0 Wu0=1 lo0=-19.01 du0=0.1646 pin0=0.010 a0=[-0.019 0.289 0.000 -0.000 -0.116]
INFO  [mc_indi_tiltrotor] WRdbg1 Wu1=1 lo1=-19.27 du1=0.1932 pin1=-0.002 a1=[0.018 0.296 -0.000 -0.000 -0.119]
INFO  [mc_indi_tiltrotor] T0dbg1 G0=[-0.257 0.198 0.017 0.167 -0.986] nu_des=[0.01 -0.01 -0.00 -0.56 0.01]
INFO  [mc_indi_tiltrotor] T0dbg2 Ws34=[0.1 20.0] Wu0=1.0 du0=-0.0148 dmin0=-18.9744 dmax0=26.0256
INFO  [mc_indi_tiltrotor] T2dbg1 G2=[-0.000 -0.650 0.060 0.003 -1.000] G5=[-0.756 -0.861 -0.002 12.602 0.032]
INFO  [mc_indi_tiltrotor] T2dbg2 Wu25=[1.0 9.0] du25=[0.0023 -0.0005] dmax25=[32.3981 0.0011] nu_yaw=-0.002
INFO  [mc_indi_tiltrotor] WRdbg0 Wu0=1 lo0=-18.97 du0=-0.0148 pin0=0.000 a0=[-0.009 0.001 -0.000 -0.003 -0.003]
INFO  [mc_indi_tiltrotor] WRdbg1 Wu1=1 lo1=-19.19 du1=0.0048 pin1=0.000 a1=[0.012 -0.002 0.001 -0.002 -0.004]
INFO  [mc_indi_tiltrotor] YWdbg nu2=0.002 ach2=0.003 r=0.01 wsp2=-0.01 ddelta=[0.0013 0.0018 -0.0002]
INFO  [mc_indi_tiltrotor] T0dbg1 G0=[-0.256 0.199 0.019 0.162 -0.987] nu_des=[0.00 -0.13 0.03 -0.34 0.12]
INFO  [mc_indi_tiltrotor] T0dbg2 Ws34=[0.1 20.0] Wu0=1.0 du0=-0.0690 dmin0=-18.9830 dmax0=26.0170
INFO  [mc_indi_tiltrotor] T2dbg1 G2=[-0.000 -0.650 0.060 0.002 -1.000] G5=[-0.744 -0.853 -0.001 12.404 0.023]
INFO  [mc_indi_tiltrotor] T2dbg2 Wu25=[1.0 9.0] du25=[0.0715 0.0018] dmax25=[32.5958 0.0039] nu_yaw=0.029
INFO  [mc_indi_tiltrotor] WRdbg0 Wu0=1 lo0=-18.98 du0=-0.0690 pin0=0.054 a0=[-0.003 -0.076 0.001 0.000 -0.044]
INFO  [mc_indi_tiltrotor] WRdbg1 Wu1=1 lo1=-19.52 du1=-0.0935 pin1=0.020 a1=[0.003 -0.070 -0.001 -0.000 -0.045]
INFO  [mc_indi_tiltrotor] T0dbg1 G0=[-0.256 0.200 0.020 0.158 -0.987] nu_des=[-0.01 0.05 -0.01 -0.24 0.01]
INFO  [mc_indi_tiltrotor] T0dbg2 Ws34=[0.1 20.0] Wu0=1.0 du0=0.0070 dmin0=-18.8510 dmax0=26.1490
INFO  [mc_indi_tiltrotor] T2dbg1 G2=[-0.000 -0.650 0.060 0.001 -1.000] G5=[-0.755 -0.870 -0.001 12.587 0.017]
INFO  [mc_indi_tiltrotor] T2dbg2 Wu25=[1.0 9.0] du25=[-0.0316 -0.0003] dmax25=[32.4132 0.0016] nu_yaw=-0.008
INFO  [mc_indi_tiltrotor] WRdbg0 Wu0=1 lo0=-18.85 du0=0.0070 pin0=-0.036 a0=[0.015 0.028 0.003 0.000 -0.002]
INFO  [mc_indi_tiltrotor] WRdbg1 Wu1=1 lo1=-19.59 du1=-0.0000 pin1=-0.013 a1=[-0.013 0.023 0.005 -0.000 -0.002]
INFO  [mc_indi_tiltrotor] YWdbg nu2=-0.008 ach2=-0.008 r=-0.01 wsp2=-0.02 ddelta=[-0.0059 -0.0070 -0.0003]
INFO  [mc_indi_tiltrotor] T0dbg1 G0=[-0.256 0.200 0.020 0.158 -0.987] nu_des=[-0.01 0.01 -0.02 -0.21 0.05]
INFO  [mc_indi_tiltrotor] T0dbg2 Ws34=[0.1 20.0] Wu0=1.0 du0=-0.0035 dmin0=-18.8304 dmax0=26.1696
INFO  [mc_indi_tiltrotor] T2dbg1 G2=[-0.000 -0.650 0.060 0.002 -1.000] G5=[-0.748 -0.858 -0.001 12.468 0.023]
INFO  [mc_indi_tiltrotor] T2dbg2 Wu25=[1.0 9.0] du25=[-0.0166 0.0003] dmax25=[32.5324 0.0017] nu_yaw=-0.019
INFO  [mc_indi_tiltrotor] WRdbg0 Wu0=1 lo0=-18.83 du0=-0.0035 pin0=0.000 a0=[0.014 -0.001 -0.003 -0.001 -0.013]
INFO  [mc_indi_tiltrotor] WRdbg1 Wu1=1 lo1=-19.45 du1=-0.0263 pin1=0.000 a1=[-0.019 0.002 0.008 -0.001 -0.016]
INFO  [mc_indi_tiltrotor] YWdbg nu2=0.004 ach2=0.003 r=0.01 wsp2=-0.02 ddelta=[0.0081 0.0085 0.0001]
INFO  [mc_indi_tiltrotor] T0dbg1 G0=[-0.257 0.199 0.017 0.167 -0.986] nu_des=[0.01 -0.09 0.01 -0.53 0.05]
INFO  [mc_indi_tiltrotor] T0dbg2 Ws34=[0.1 20.0] Wu0=1.0 du0=-0.0269 dmin0=-18.8728 dmax0=26.1272
INFO  [mc_indi_tiltrotor] T2dbg1 G2=[-0.000 -0.650 0.060 0.003 -1.000] G5=[-0.752 -0.849 -0.003 12.531 0.044]
INFO  [mc_indi_tiltrotor] T2dbg2 Wu25=[1.0 9.0] du25=[0.0327 0.0003] dmax25=[32.4686 0.0019] nu_yaw=0.014
INFO  [mc_indi_tiltrotor] WRdbg0 Wu0=1 lo0=-18.87 du0=-0.0269 pin0=0.062 a0=[-0.020 -0.044 -0.005 -0.000 -0.019]
INFO  [mc_indi_tiltrotor] WRdbg1 Wu1=1 lo1=-19.12 du1=-0.0255 pin1=0.022 a1=[0.017 -0.037 -0.008 -0.001 -0.019]
INFO  [mc_indi_tiltrotor] T0dbg1 G0=[-0.256 0.199 0.018 0.166 -0.986] nu_des=[0.01 0.08 0.02 -0.44 0.00]
INFO  [mc_indi_tiltrotor] T0dbg2 Ws34=[0.1 20.0] Wu0=1.0 du0=-0.0151 dmin0=-18.9168 dmax0=26.0832
INFO  [mc_indi_tiltrotor] T2dbg1 G2=[-0.000 -0.650 0.060 0.003 -1.000] G5=[-0.751 -0.852 -0.002 12.525 0.038]
INFO  [mc_indi_tiltrotor] T2dbg2 Wu25=[1.0 9.0] du25=[-0.0464 -0.0013] dmax25=[32.4751 0.0005] nu_yaw=0.019
INFO  [mc_indi_tiltrotor] WRdbg0 Wu0=1 lo0=-18.92 du0=-0.0151 pin0=-0.064 a0=[-0.011 0.048 0.013 -0.000 -0.000]
INFO  [mc_indi_tiltrotor] WRdbg1 Wu1=1 lo1=-19.14 du1=0.0213 pin1=-0.031 a1=[0.011 0.045 -0.003 -0.000 -0.001]
INFO  [mc_indi_tiltrotor] YWdbg nu2=0.020 ach2=0.011 r=-0.03 wsp2=-0.00 ddelta=[0.0120 0.0120 0.0017]
INFO  [mc_indi_tiltrotor] T0dbg1 G0=[-0.257 0.198 0.016 0.172 -0.985] nu_des=[0.01 0.03 -0.01 -0.81 0.10]
INFO  [mc_indi_tiltrotor] T0dbg2 Ws34=[0.1 20.0] Wu0=1.0 du0=0.0179 dmin0=-18.8104 dmax0=26.1896
INFO  [mc_indi_tiltrotor] T2dbg1 G2=[-0.000 -0.650 0.060 0.003 -1.000] G5=[-0.768 -0.872 -0.002 12.805 0.038]
INFO  [mc_indi_tiltrotor] T2dbg2 Wu25=[1.0 9.0] du25=[-0.1064 -0.0020] dmax25=[32.1946 0.0015] nu_yaw=-0.013
INFO  [mc_indi_tiltrotor] WRdbg0 Wu0=1 lo0=-18.81 du0=0.0179 pin0=0.056 a0=[-0.017 0.019 -0.000 0.000 -0.040]
INFO  [mc_indi_tiltrotor] WRdbg1 Wu1=1 lo1=-19.32 du1=0.0211 pin1=0.028 a1=[0.016 0.017 0.000 -0.001 -0.040]
INFO  [mc_indi_tiltrotor] T0dbg1 G0=[-0.256 0.199 0.018 0.164 -0.986] nu_des=[0.00 0.09 0.00 -0.51 0.01]
INFO  [mc_indi_tiltrotor] T0dbg2 Ws34=[0.1 20.0] Wu0=1.0 du0=-0.0122 dmin0=-18.8276 dmax0=26.1724
INFO  [mc_indi_tiltrotor] T2dbg1 G2=[-0.000 -0.650 0.060 0.002 -1.000] G5=[-0.754 -0.866 -0.001 12.571 0.022]
INFO  [mc_indi_tiltrotor] T2dbg2 Wu25=[1.0 9.0] du25=[-0.0543 -0.0012] dmax25=[32.4286 0.0000] nu_yaw=0.005
INFO  [mc_indi_tiltrotor] WRdbg0 Wu0=1 lo0=-18.83 du0=-0.0122 pin0=-0.063 a0=[-0.002 0.054 0.003 -0.000 -0.004]
INFO  [mc_indi_tiltrotor] WRdbg1 Wu1=1 lo1=-19.51 du1=0.0157 pin1=-0.032 a1=[0.002 0.051 -0.001 -0.000 -0.004]
INFO  [mc_indi_tiltrotor] YWdbg nu2=0.020 ach2=-0.017 r=0.00 wsp2=0.01 ddelta=[-0.0024 -0.0024 -0.0025]
INFO  [mc_indi_tiltrotor] T0dbg1 G0=[-0.256 0.200 0.020 0.159 -0.987] nu_des=[-0.00 0.03 0.04 -0.32 0.09]
INFO  [mc_indi_tiltrotor] T0dbg2 Ws34=[0.1 20.0] Wu0=1.0 du0=-0.0210 dmin0=-18.9434 dmax0=26.0566
INFO  [mc_indi_tiltrotor] T2dbg1 G2=[-0.000 -0.650 0.060 0.002 -1.000] G5=[-0.743 -0.848 -0.002 12.383 0.029]
INFO  [mc_indi_tiltrotor] T2dbg2 Wu25=[1.0 9.0] du25=[-0.0468 -0.0001] dmax25=[32.6165 0.0013] nu_yaw=0.036
INFO  [mc_indi_tiltrotor] WRdbg0 Wu0=1 lo0=-18.94 du0=-0.0210 pin0=0.000 a0=[0.000 -0.003 0.005 -0.002 -0.022]
INFO  [mc_indi_tiltrotor] WRdbg1 Wu1=1 lo1=-19.47 du1=-0.0361 pin1=0.000 a1=[-0.000 0.007 -0.014 -0.001 -0.028]
INFO  [mc_indi_tiltrotor] T0dbg1 G0=[-0.256 0.200 0.020 0.157 -0.988] nu_des=[-0.01 0.04 -0.02 -0.22 0.03]
INFO  [mc_indi_tiltrotor] T0dbg2 Ws34=[0.1 20.0] Wu0=1.0 du0=0.0026 dmin0=-18.9663 dmax0=26.0337
INFO  [mc_indi_tiltrotor] T2dbg1 G2=[-0.000 -0.650 0.060 0.003 -1.000] G5=[-0.755 -0.860 -0.002 12.590 0.033]
INFO  [mc_indi_tiltrotor] T2dbg2 Wu25=[1.0 9.0] du25=[-0.0391 -0.0003] dmax25=[32.4103 0.0016] nu_yaw=-0.017
INFO  [mc_indi_tiltrotor] WRdbg0 Wu0=1 lo0=-18.97 du0=0.0026 pin0=-0.024 a0=[0.011 0.027 -0.000 0.000 -0.011]
INFO  [mc_indi_tiltrotor] WRdbg1 Wu1=1 lo1=-19.28 du1=-0.0017 pin1=-0.006 a1=[-0.010 0.025 0.001 -0.000 -0.011]
INFO  [mc_indi_tiltrotor] YWdbg nu2=0.024 ach2=0.009 r=0.03 wsp2=-0.01 ddelta=[0.0012 0.0021 0.0010]
INFO  [mc_indi_tiltrotor] T0dbg1 G0=[-0.256 0.199 0.019 0.161 -0.987] nu_des=[0.01 -0.14 0.02 -0.33 0.13]
INFO  [mc_indi_tiltrotor] T0dbg2 Ws34=[0.1 20.0] Wu0=1.0 du0=-0.0837 dmin0=-18.9089 dmax0=26.0911
INFO  [mc_indi_tiltrotor] T2dbg1 G2=[-0.000 -0.650 0.060 0.003 -1.000] G5=[-0.742 -0.838 -0.003 12.365 0.043]
INFO  [mc_indi_tiltrotor] T2dbg2 Wu25=[1.0 9.0] du25=[0.0655 0.0009] dmax25=[32.6354 0.0028] nu_yaw=0.025
INFO  [mc_indi_tiltrotor] WRdbg0 Wu0=1 lo0=-18.91 du0=-0.0837 pin0=0.067 a0=[-0.020 -0.081 0.000 0.000 -0.050]
INFO  [mc_indi_tiltrotor] WRdbg1 Wu1=1 lo1=-19.22 du1=-0.0778 pin1=0.030 a1=[0.019 -0.075 -0.001 -0.000 -0.051]
INFO  [mc_indi_tiltrotor] T0dbg1 G0=[-0.256 0.200 0.020 0.159 -0.987] nu_des=[-0.01 0.13 -0.02 -0.23 0.11]
INFO  [mc_indi_tiltrotor] T0dbg2 Ws34=[0.1 20.0] Wu0=1.0 du0=0.0043 dmin0=-18.7327 dmax0=26.2673
INFO  [mc_indi_tiltrotor] T2dbg1 G2=[-0.000 -0.650 0.060 0.003 -1.000] G5=[-0.754 -0.858 -0.002 12.558 0.032]
INFO  [mc_indi_tiltrotor] T2dbg2 Wu25=[1.0 9.0] du25=[-0.1341 -0.0003] dmax25=[32.4415 0.0011] nu_yaw=-0.020
INFO  [mc_indi_tiltrotor] WRdbg0 Wu0=1 lo0=-18.73 du0=0.0043 pin0=-0.046 a0=[0.012 0.079 -0.000 0.000 -0.040]
INFO  [mc_indi_tiltrotor] WRdbg1 Wu1=1 lo1=-19.29 du1=-0.0118 pin1=-0.033 a1=[-0.011 0.072 0.001 -0.000 -0.040]
INFO  [mc_indi_tiltrotor] YWdbg nu2=0.011 ach2=0.011 r=-0.01 wsp2=-0.02 ddelta=[-0.0012 0.0012 -0.0005]
INFO  [mc_indi_tiltrotor] T0dbg1 G0=[-0.257 0.198 0.016 0.171 -0.985] nu_des=[0.00 0.01 0.01 -0.66 -0.01]
INFO  [mc_indi_tiltrotor] T0dbg2 Ws34=[0.1 20.0] Wu0=1.0 du0=-0.0007 dmin0=-18.6784 dmax0=26.3216
INFO  [mc_indi_tiltrotor] T2dbg1 G2=[-0.000 -0.650 0.060 0.002 -1.000] G5=[-0.755 -0.860 -0.002 12.582 0.031]
INFO  [mc_indi_tiltrotor] T2dbg2 Wu25=[1.0 9.0] du25=[0.0004 -0.0002] dmax25=[32.4176 0.0018] nu_yaw=0.014
INFO  [mc_indi_tiltrotor] WRdbg0 Wu0=1 lo0=-18.68 du0=-0.0007 pin0=0.000 a0=[-0.000 -0.001 0.002 -0.004 0.004]
INFO  [mc_indi_tiltrotor] WRdbg1 Wu1=1 lo1=-19.29 du1=0.0008 pin1=0.000 a1=[0.001 0.003 -0.005 -0.002 0.005]
INFO  [mc_indi_tiltrotor] T0dbg1 G0=[-0.256 0.200 0.019 0.159 -0.987] nu_des=[0.01 -0.02 -0.00 -0.32 0.01]
INFO  [mc_indi_tiltrotor] T0dbg2 Ws34=[0.1 20.0] Wu0=1.0 du0=-0.0104 dmin0=-18.8541 dmax0=26.1459
INFO  [mc_indi_tiltrotor] T2dbg1 G2=[-0.000 -0.650 0.060 0.002 -1.000] G5=[-0.760 -0.872 -0.001 12.672 0.024]
INFO  [mc_indi_tiltrotor] T2dbg2 Wu25=[1.0 9.0] du25=[0.0106 -0.0002] dmax25=[32.3281 0.0017] nu_yaw=-0.004
INFO  [mc_indi_tiltrotor] WRdbg0 Wu0=1 lo0=-18.85 du0=-0.0104 pin0=0.000 a0=[-0.008 0.002 -0.001 -0.002 -0.002]
INFO  [mc_indi_tiltrotor] WRdbg1 Wu1=1 lo1=-19.38 du1=0.0033 pin1=0.000 a1=[0.011 -0.005 0.002 -0.001 -0.003]
INFO  [mc_indi_tiltrotor] YWdbg nu2=0.003 ach2=0.002 r=-0.01 wsp2=0.00 ddelta=[-0.0035 -0.0032 0.0004]
INFO  [mc_indi_tiltrotor] T0dbg1 G0=[-0.256 0.200 0.020 0.156 -0.988] nu_des=[-0.01 0.01 -0.01 -0.15 0.00]
INFO  [mc_indi_tiltrotor] T0dbg2 Ws34=[0.1 20.0] Wu0=1.0 du0=0.0073 dmin0=-18.9172 dmax0=26.0828
INFO  [mc_indi_tiltrotor] T2dbg1 G2=[-0.000 -0.650 0.060 0.002 -1.000] G5=[-0.758 -0.869 -0.001 12.629 0.023]
INFO  [mc_indi_tiltrotor] T2dbg2 Wu25=[1.0 9.0] du25=[-0.0030 0.0002] dmax25=[32.3711 0.0020] nu_yaw=-0.009
INFO  [mc_indi_tiltrotor] WRdbg0 Wu0=1 lo0=-18.92 du0=0.0073 pin0=0.000 a0=[0.011 -0.001 -0.001 -0.001 -0.000]
INFO  [mc_indi_tiltrotor] WRdbg1 Wu1=1 lo1=-19.32 du1=-0.0093 pin1=0.000 a1=[-0.014 0.003 0.004 -0.000 -0.000]
INFO  [mc_indi_tiltrotor] T0dbg1 G0=[-0.256 0.200 0.020 0.158 -0.987] nu_des=[0.00 -0.00 -0.01 -0.16 0.00]
INFO  [mc_indi_tiltrotor] T0dbg2 Ws34=[0.1 20.0] Wu0=1.0 du0=-0.0076 dmin0=-18.9921 dmax0=26.0079
INFO  [mc_indi_tiltrotor] T2dbg1 G2=[-0.000 -0.650 0.060 0.002 -1.000] G5=[-0.757 -0.868 -0.001 12.623 0.025]
INFO  [mc_indi_tiltrotor] T2dbg2 Wu25=[1.0 9.0] du25=[0.0007 -0.0003] dmax25=[32.3769 0.0015] nu_yaw=-0.014
INFO  [mc_indi_tiltrotor] WRdbg0 Wu0=1 lo0=-18.99 du0=-0.0076 pin0=0.000 a0=[-0.004 0.000 -0.002 -0.001 -0.001]
INFO  [mc_indi_tiltrotor] WRdbg1 Wu1=1 lo1=-19.30 du1=0.0087 pin1=0.000 a1=[0.005 -0.001 0.006 -0.001 -0.001]
INFO  [mc_indi_tiltrotor] YWdbg nu2=0.006 ach2=0.025 r=0.01 wsp2=-0.01 ddelta=[-0.0048 -0.0007 0.0019]
INFO  [mc_indi_tiltrotor] T0dbg1 G0=[-0.256 0.199 0.019 0.162 -0.987] nu_des=[-0.00 -0.05 0.00 -0.33 0.04]
INFO  [mc_indi_tiltrotor] T0dbg2 Ws34=[0.1 20.0] Wu0=1.0 du0=-0.0018 dmin0=-18.9435 dmax0=26.0565
INFO  [mc_indi_tiltrotor] T2dbg1 G2=[-0.000 -0.650 0.060 0.003 -1.000] G5=[-0.747 -0.849 -0.002 12.443 0.034]
INFO  [mc_indi_tiltrotor] T2dbg2 Wu25=[1.0 9.0] du25=[0.0171 0.0007] dmax25=[32.5571 0.0024] nu_yaw=0.003
INFO  [mc_indi_tiltrotor] WRdbg0 Wu0=1 lo0=-18.94 du0=-0.0018 pin0=0.000 a0=[0.004 0.005 0.000 -0.002 -0.009]
INFO  [mc_indi_tiltrotor] WRdbg1 Wu1=1 lo1=-19.38 du1=-0.0312 pin1=0.000 a1=[-0.006 -0.011 -0.001 -0.001 -0.012]
INFO  [mc_indi_tiltrotor] T0dbg1 G0=[-0.257 0.198 0.017 0.168 -0.986] nu_des=[-0.01 -0.41 0.01 -0.67 0.12]
INFO  [mc_indi_tiltrotor] T0dbg2 Ws34=[0.1 20.0] Wu0=1.0 du0=-0.2896 dmin0=-18.7584 dmax0=26.2416
INFO  [mc_indi_tiltrotor] T2dbg1 G2=[-0.000 -0.650 0.060 0.002 -1.000] G5=[-0.746 -0.852 -0.002 12.437 0.028]
INFO  [mc_indi_tiltrotor] T2dbg2 Wu25=[1.0 1000000.0] du25=[0.4707 0.0056] dmax25=[32.5625 0.0056] nu_yaw=0.007
INFO  [mc_indi_tiltrotor] WRdbg0 Wu0=1 lo0=-18.76 du0=-0.2896 pin0=-0.033 a0=[0.028 -0.240 0.000 -0.000 -0.045]
INFO  [mc_indi_tiltrotor] WRdbg1 Wu1=1 lo1=-19.44 du1=-0.3207 pin1=-0.003 a1=[-0.027 -0.245 -0.000 -0.000 -0.046]
INFO  [mc_indi_tiltrotor] YWdbg nu2=-0.003 ach2=-0.004 r=-0.00 wsp2=0.01 ddelta=[0.0028 0.0018 0.0004]
INFO  [mc_indi_tiltrotor] T0dbg1 G0=[-0.256 0.200 0.020 0.156 -0.988] nu_des=[0.00 -0.02 -0.02 -0.19 0.02]
INFO  [mc_indi_tiltrotor] T0dbg2 Ws34=[0.1 20.0] Wu0=1.0 du0=-0.0148 dmin0=-18.7964 dmax0=26.2036
INFO  [mc_indi_tiltrotor] T2dbg1 G2=[-0.000 -0.650 0.060 0.002 -1.000] G5=[-0.759 -0.866 -0.002 12.647 0.029]
INFO  [mc_indi_tiltrotor] T2dbg2 Wu25=[1.0 9.0] du25=[0.0039 -0.0004] dmax25=[32.3525 0.0015] nu_yaw=-0.021
INFO  [mc_indi_tiltrotor] WRdbg0 Wu0=1 lo0=-18.80 du0=-0.0148 pin0=0.000 a0=[-0.007 0.002 -0.003 -0.001 -0.006]
INFO  [mc_indi_tiltrotor] WRdbg1 Wu1=1 lo1=-19.34 du1=0.0048 pin1=0.000 a1=[0.009 -0.005 0.009 -0.001 -0.007]
INFO  [mc_indi_tiltrotor] T0dbg1 G0=[-0.256 0.199 0.018 0.164 -0.986] nu_des=[-0.02 0.23 0.06 -0.39 0.17]
INFO  [mc_indi_tiltrotor] T0dbg2 Ws34=[0.1 20.0] Wu0=1.0 du0=0.0771 dmin0=-19.2496 dmax0=25.7504
INFO  [mc_indi_tiltrotor] T2dbg1 G2=[-0.000 -0.650 0.060 0.003 -1.000] G5=[-0.715 -0.812 -0.002 11.915 0.034]
INFO  [mc_indi_tiltrotor] T2dbg2 Wu25=[1.0 1000000.0] du25=[-0.2673 -0.0011] dmax25=[33.0845 -0.0011] nu_yaw=0.056
INFO  [mc_indi_tiltrotor] WRdbg0 Wu0=1 lo0=-19.25 du0=0.0771 pin0=-0.041 a0=[0.049 0.133 0.000 -0.000 -0.064]
INFO  [mc_indi_tiltrotor] WRdbg1 Wu1=1 lo1=-19.59 du1=-0.0164 pin1=-0.040 a1=[-0.047 0.136 -0.000 -0.000 -0.065]
INFO  [mc_indi_tiltrotor] YWdbg nu2=-0.039 ach2=0.068 r=0.01 wsp2=-0.01 ddelta=[0.0024 0.0107 0.0068]
INFO  [mc_indi_tiltrotor] T0dbg1 G0=[-0.256 0.199 0.018 0.164 -0.986] nu_des=[0.00 0.23 0.05 -0.44 0.37]
INFO  [mc_indi_tiltrotor] T0dbg2 Ws34=[0.1 20.0] Wu0=1.0 du0=-0.0492 dmin0=-19.1836 dmax0=25.8164
INFO  [mc_indi_tiltrotor] T2dbg1 G2=[-0.000 -0.650 0.060 0.004 -1.000] G5=[-0.722 -0.809 -0.003 12.041 0.053]
INFO  [mc_indi_tiltrotor] T2dbg2 Wu25=[1.0 1000000.0] du25=[-0.3203 -0.0027] dmax25=[32.9593 -0.0027] nu_yaw=0.049
INFO  [mc_indi_tiltrotor] WRdbg0 Wu0=1 lo0=-19.18 du0=-0.0492 pin0=-0.033 a0=[-0.006 0.131 0.000 -0.000 -0.141]
INFO  [mc_indi_tiltrotor] WRdbg1 Wu1=1 lo1=-19.57 du1=-0.0257 pin1=-0.021 a1=[0.005 0.134 -0.000 -0.000 -0.144]
INFO  [mc_indi_tiltrotor] T0dbg1 G0=[-0.256 0.200 0.020 0.158 -0.987] nu_des=[0.00 0.07 -0.03 -0.22 0.03]
INFO  [mc_indi_tiltrotor] T0dbg2 Ws34=[0.1 20.0] Wu0=1.0 du0=-0.0030 dmin0=-18.7066 dmax0=26.2934
INFO  [mc_indi_tiltrotor] T2dbg1 G2=[-0.000 -0.650 0.060 0.005 -1.000] G5=[-0.749 -0.837 -0.003 12.484 0.057]
INFO  [mc_indi_tiltrotor] T2dbg2 Wu25=[1.0 9.0] du25=[-0.0676 -0.0012] dmax25=[32.5163 0.0009] nu_yaw=-0.029
INFO  [mc_indi_tiltrotor] WRdbg0 Wu0=1 lo0=-18.71 du0=-0.0030 pin0=-0.024 a0=[-0.007 0.042 -0.001 0.000 -0.013]
INFO  [mc_indi_tiltrotor] WRdbg1 Wu1=1 lo1=-19.32 du1=0.0277 pin1=-0.006 a1=[0.007 0.038 0.001 -0.000 -0.013]
INFO  [mc_indi_tiltrotor] YWdbg nu2=0.027 ach2=0.026 r=-0.02 wsp2=-0.01 ddelta=[-0.0002 0.0049 -0.0002]
INFO  [mc_indi_tiltrotor] T0dbg1 G0=[-0.257 0.198 0.017 0.167 -0.986] nu_des=[0.00 0.01 0.03 -0.68 0.00]
INFO  [mc_indi_tiltrotor] T0dbg2 Ws34=[0.1 20.0] Wu0=1.0 du0=-0.0054 dmin0=-18.6671 dmax0=26.3329
INFO  [mc_indi_tiltrotor] T2dbg1 G2=[-0.000 -0.650 0.060 0.004 -1.000] G5=[-0.759 -0.851 -0.003 12.651 0.053]
INFO  [mc_indi_tiltrotor] T2dbg2 Wu25=[1.0 9.0] du25=[-0.0046 -0.0002] dmax25=[32.3490 0.0017] nu_yaw=0.030
INFO  [mc_indi_tiltrotor] WRdbg0 Wu0=1 lo0=-18.67 du0=-0.0054 pin0=0.000 a0=[-0.003 -0.001 0.004 -0.004 -0.001]
INFO  [mc_indi_tiltrotor] WRdbg1 Wu1=1 lo1=-19.44 du1=-0.0077 pin1=0.000 a1=[0.005 0.002 -0.011 -0.002 -0.001]
INFO  [mc_indi_tiltrotor] T0dbg1 G0=[-0.256 0.200 0.020 0.158 -0.987] nu_des=[-0.01 -0.03 -0.02 -0.30 0.03]
INFO  [mc_indi_tiltrotor] T0dbg2 Ws34=[0.1 20.0] Wu0=1.0 du0=0.0003 dmin0=-18.7501 dmax0=26.2499
INFO  [mc_indi_tiltrotor] T2dbg1 G2=[-0.000 -0.650 0.060 0.004 -1.000] G5=[-0.754 -0.846 -0.003 12.573 0.053]
INFO  [mc_indi_tiltrotor] T2dbg2 Wu25=[1.0 9.0] du25=[0.0077 0.0005] dmax25=[32.4265 0.0023] nu_yaw=-0.023
INFO  [mc_indi_tiltrotor] WRdbg0 Wu0=1 lo0=-18.75 du0=0.0003 pin0=0.000 a0=[0.012 0.002 -0.003 -0.002 -0.008]
INFO  [mc_indi_tiltrotor] WRdbg1 Wu1=1 lo1=-19.11 du1=-0.0236 pin1=0.000 a1=[-0.015 -0.006 0.009 -0.001 -0.011]
INFO  [mc_indi_tiltrotor] YWdbg nu2=-0.069 ach2=-0.024 r=0.02 wsp2=-0.00 ddelta=[0.0096 0.0059 -0.0006]
INFO  [mc_indi_tiltrotor] T0dbg1 G0=[-0.256 0.199 0.018 0.164 -0.986] nu_des=[-0.01 -0.11 0.05 -0.41 0.11]
INFO  [mc_indi_tiltrotor] T0dbg2 Ws34=[0.1 20.0] Wu0=1.0 du0=-0.1245 dmin0=-19.2329 dmax0=25.7671
INFO  [mc_indi_tiltrotor] T2dbg1 G2=[-0.000 -0.650 0.060 0.004 -1.000] G5=[-0.701 -0.790 -0.003 11.680 0.042]
INFO  [mc_indi_tiltrotor] T2dbg2 Wu25=[1.0 1000000.0] du25=[0.1281 0.0016] dmax25=[33.3198 0.0016] nu_yaw=0.049
INFO  [mc_indi_tiltrotor] WRdbg0 Wu0=1 lo0=-19.23 du0=-0.1245 pin0=-0.035 a0=[0.013 -0.061 0.000 -0.000 -0.041]
INFO  [mc_indi_tiltrotor] WRdbg1 Wu1=1 lo1=-19.47 du1=-0.1462 pin1=-0.030 a1=[-0.012 -0.062 -0.000 -0.000 -0.042]
INFO  [mc_indi_tiltrotor] T0dbg1 G0=[-0.257 0.198 0.016 0.171 -0.985] nu_des=[0.00 0.01 0.02 -0.73 -0.01]
INFO  [mc_indi_tiltrotor] T0dbg2 Ws34=[0.1 20.0] Wu0=1.0 du0=-0.0041 dmin0=-18.8027 dmax0=26.1973
INFO  [mc_indi_tiltrotor] T2dbg1 G2=[-0.000 -0.650 0.060 0.003 -1.000] G5=[-0.748 -0.846 -0.003 12.472 0.042]
INFO  [mc_indi_tiltrotor] T2dbg2 Wu25=[1.0 9.0] du25=[0.0004 -0.0003] dmax25=[32.5277 0.0013] nu_yaw=0.018
INFO  [mc_indi_tiltrotor] WRdbg0 Wu0=1 lo0=-18.80 du0=-0.0041 pin0=0.000 a0=[-0.003 -0.001 0.002 -0.004 0.002]
INFO  [mc_indi_tiltrotor] WRdbg1 Wu1=1 lo1=-19.25 du1=-0.0018 pin1=0.000 a1=[0.004 0.002 -0.007 -0.003 0.002]
INFO  [mc_indi_tiltrotor] YWdbg nu2=0.013 ach2=0.013 r=-0.01 wsp2=-0.00 ddelta=[0.0011 0.0039 -0.0003]
INFO  [mc_indi_tiltrotor] T0dbg1 G0=[-0.256 0.200 0.020 0.158 -0.987] nu_des=[0.00 -0.03 0.01 -0.32 0.02]
INFO  [mc_indi_tiltrotor] T0dbg2 Ws34=[0.1 20.0] Wu0=1.0 du0=-0.0043 dmin0=-18.8594 dmax0=26.1406
INFO  [mc_indi_tiltrotor] T2dbg1 G2=[-0.000 -0.650 0.060 0.002 -1.000] G5=[-0.761 -0.867 -0.002 12.677 0.031]
INFO  [mc_indi_tiltrotor] T2dbg2 Wu25=[1.0 9.0] du25=[0.0133 0.0003] dmax25=[32.3228 0.0019] nu_yaw=0.014
INFO  [mc_indi_tiltrotor] WRdbg0 Wu0=1 lo0=-18.86 du0=-0.0043 pin0=0.000 a0=[-0.003 0.003 0.002 -0.002 -0.004]
INFO  [mc_indi_tiltrotor] WRdbg1 Wu1=1 lo1=-19.49 du1=-0.0147 pin1=0.000 a1=[0.004 -0.007 -0.005 -0.001 -0.005]
INFO  [mc_indi_tiltrotor] T0dbg1 G0=[-0.257 0.198 0.016 0.171 -0.985] nu_des=[-0.01 0.03 -0.01 -0.78 -0.02]
INFO  [mc_indi_tiltrotor] T0dbg2 Ws34=[0.1 20.0] Wu0=1.0 du0=0.0049 dmin0=-18.7852 dmax0=26.2148
INFO  [mc_indi_tiltrotor] T2dbg1 G2=[-0.000 -0.650 0.060 0.003 -1.000] G5=[-0.760 -0.860 -0.003 12.672 0.042]
INFO  [mc_indi_tiltrotor] T2dbg2 Wu25=[1.0 9.0] du25=[-0.0050 -0.0002] dmax25=[32.3279 0.0016] nu_yaw=-0.007
INFO  [mc_indi_tiltrotor] WRdbg0 Wu0=1 lo0=-18.79 du0=0.0049 pin0=0.000 a0=[0.010 -0.003 -0.001 -0.005 0.004]
INFO  [mc_indi_tiltrotor] WRdbg1 Wu1=1 lo1=-19.40 du1=-0.0024 pin1=0.000 a1=[-0.013 0.006 0.003 -0.003 0.005]
INFO  [mc_indi_tiltrotor] YWdbg nu2=-0.020 ach2=-0.020 r=0.01 wsp2=-0.00 ddelta=[0.0027 -0.0018 0.0005]
INFO  [mc_indi_tiltrotor] T0dbg1 G0=[-0.256 0.199 0.019 0.161 -0.987] nu_des=[-0.01 -0.01 -0.03 -0.28 0.00]
INFO  [mc_indi_tiltrotor] T0dbg2 Ws34=[0.1 20.0] Wu0=1.0 du0=0.0019 dmin0=-18.9234 dmax0=26.0766
INFO  [mc_indi_tiltrotor] T2dbg1 G2=[-0.000 -0.650 0.060 0.003 -1.000] G5=[-0.761 -0.865 -0.002 12.682 0.035]
INFO  [mc_indi_tiltrotor] T2dbg2 Wu25=[1.0 9.0] du25=[0.0063 0.0000] dmax25=[32.3180 0.0017] nu_yaw=-0.029
INFO  [mc_indi_tiltrotor] WRdbg0 Wu0=1 lo0=-18.92 du0=0.0019 pin0=0.000 a0=[0.007 0.000 -0.004 -0.002 -0.000]
INFO  [mc_indi_tiltrotor] WRdbg1 Wu1=1 lo1=-19.37 du1=-0.0008 pin1=0.000 a1=[-0.010 -0.001 0.012 -0.001 -0.000]
INFO  [mc_indi_tiltrotor] T0dbg1 G0=[-0.257 0.199 0.018 0.167 -0.986] nu_des=[0.01 0.13 0.03 -0.47 0.26]
INFO  [mc_indi_tiltrotor] T0dbg2 Ws34=[0.1 20.0] Wu0=1.0 du0=-0.0632 dmin0=-19.2211 dmax0=25.7789
INFO  [mc_indi_tiltrotor] T2dbg1 G2=[-0.000 -0.650 0.060 0.004 -1.000] G5=[-0.743 -0.837 -0.003 12.386 0.047]
INFO  [mc_indi_tiltrotor] T2dbg2 Wu25=[1.0 1000000.0] du25=[-0.1872 -0.0021] dmax25=[32.6136 -0.0021] nu_yaw=0.027
INFO  [mc_indi_tiltrotor] WRdbg0 Wu0=1 lo0=-19.22 du0=-0.0632 pin0=-0.022 a0=[-0.015 0.073 0.000 -0.000 -0.099]
INFO  [mc_indi_tiltrotor] WRdbg1 Wu1=1 lo1=-19.49 du1=-0.0284 pin1=-0.015 a1=[0.014 0.074 -0.000 -0.000 -0.102]
INFO  [mc_indi_tiltrotor] YWdbg nu2=0.023 ach2=-0.025 r=-0.02 wsp2=-0.02 ddelta=[-0.0120 -0.0103 -0.0033]
INFO  [mc_indi_tiltrotor] T0dbg1 G0=[-0.256 0.200 0.020 0.157 -0.988] nu_des=[0.01 0.06 -0.04 -0.27 0.03]
INFO  [mc_indi_tiltrotor] T0dbg2 Ws34=[0.1 20.0] Wu0=1.0 du0=-0.0294 dmin0=-18.9998 dmax0=26.0002
INFO  [mc_indi_tiltrotor] T2dbg1 G2=[-0.000 -0.650 0.060 0.003 -1.000] G5=[-0.753 -0.853 -0.002 12.547 0.039]
INFO  [mc_indi_tiltrotor] T2dbg2 Wu25=[1.0 9.0] du25=[-0.0466 -0.0007] dmax25=[32.4531 0.0002] nu_yaw=-0.039
INFO  [mc_indi_tiltrotor] WRdbg0 Wu0=1 lo0=-19.00 du0=-0.0294 pin0=-0.037 a0=[-0.016 0.037 -0.001 0.000 -0.013]
INFO  [mc_indi_tiltrotor] WRdbg1 Wu1=1 lo1=-19.33 du1=0.0205 pin1=-0.016 a1=[0.015 0.034 0.002 -0.000 -0.013]
INFO  [mc_indi_tiltrotor] T0dbg1 G0=[-0.257 0.198 0.017 0.168 -0.986] nu_des=[-0.01 0.03 0.01 -0.63 -0.07]
INFO  [mc_indi_tiltrotor] T0dbg2 Ws34=[0.1 20.0] Wu0=1.0 du0=0.0201 dmin0=-18.9254 dmax0=26.0746
INFO  [mc_indi_tiltrotor] T2dbg1 G2=[-0.000 -0.650 0.060 0.002 -1.000] G5=[-0.763 -0.870 -0.002 12.718 0.031]
INFO  [mc_indi_tiltrotor] T2dbg2 Wu25=[1.0 9.0] du25=[0.0135 0.0000] dmax25=[32.2822 0.0016] nu_yaw=0.012
INFO  [mc_indi_tiltrotor] WRdbg0 Wu0=1 lo0=-18.93 du0=0.0201 pin0=0.000 a0=[0.009 -0.003 0.002 -0.004 0.017]
INFO  [mc_indi_tiltrotor] WRdbg1 Wu1=1 lo1=-19.52 du1=0.0092 pin1=0.000 a1=[-0.012 0.006 -0.004 -0.002 0.022]
INFO  [mc_indi_tiltrotor] YWdbg nu2=-0.004 ach2=0.030 r=-0.01 wsp2=-0.01 ddelta=[0.0120 0.0120 0.0060]
INFO  [mc_indi_tiltrotor] T0dbg1 G0=[-0.256 0.199 0.018 0.166 -0.986] nu_des=[0.01 -0.09 0.02 -0.60 0.14]
INFO  [mc_indi_tiltrotor] T0dbg2 Ws34=[0.1 20.0] Wu0=1.0 du0=-0.0534 dmin0=-18.9749 dmax0=26.0251
INFO  [mc_indi_tiltrotor] T2dbg1 G2=[-0.000 -0.650 0.060 0.003 -1.000] G5=[-0.760 -0.862 -0.002 12.664 0.037]
INFO  [mc_indi_tiltrotor] T2dbg2 Wu25=[1.0 9.0] du25=[0.0112 0.0002] dmax25=[32.3363 0.0019] nu_yaw=0.017
INFO  [mc_indi_tiltrotor] WRdbg0 Wu0=1 lo0=-18.97 du0=-0.0534 pin0=0.070 a0=[-0.016 -0.054 0.000 0.000 -0.053]
INFO  [mc_indi_tiltrotor] WRdbg1 Wu1=1 lo1=-19.66 du1=-0.0570 pin1=0.032 a1=[0.015 -0.049 -0.001 -0.000 -0.053]
INFO  [mc_indi_tiltrotor] T0dbg1 G0=[-0.257 0.197 0.014 0.179 -0.984] nu_des=[-0.01 0.47 0.00 -1.14 0.06]
INFO  [mc_indi_tiltrotor] T0dbg2 Ws34=[0.1 20.0] Wu0=1.0 du0=0.1948 dmin0=-18.9542 dmax0=26.0458
INFO  [mc_indi_tiltrotor] T2dbg1 G2=[-0.000 -0.650 0.060 0.003 -1.000] G5=[-0.743 -0.845 -0.002 12.379 0.033]
INFO  [mc_indi_tiltrotor] T2dbg2 Wu25=[1.0 1000000.0] du25=[-0.5050 -0.0027] dmax25=[32.6205 -0.0010] nu_yaw=0.003
INFO  [mc_indi_tiltrotor] WRdbg0 Wu0=1 lo0=-18.95 du0=0.1948 pin0=-0.069 a0=[0.012 0.275 0.000 -0.000 -0.024]
INFO  [mc_indi_tiltrotor] WRdbg1 Wu1=1 lo1=-19.38 du1=0.2019 pin1=-0.042 a1=[-0.012 0.280 -0.000 -0.000 -0.024]
INFO  [mc_indi_tiltrotor] YWdbg nu2=-0.013 ach2=-0.014 r=-0.00 wsp2=0.01 ddelta=[0.0006 -0.0018 -0.0002]
INFO  [mc_indi_tiltrotor] T0dbg1 G0=[-0.256 0.200 0.020 0.156 -0.988] nu_des=[-0.00 0.04 -0.03 -0.20 0.02]
INFO  [mc_indi_tiltrotor] T0dbg2 Ws34=[0.1 20.0] Wu0=1.0 du0=0.0035 dmin0=-18.9176 dmax0=26.0824
INFO  [mc_indi_tiltrotor] T2dbg1 G2=[-0.000 -0.650 0.060 0.002 -1.000] G5=[-0.754 -0.862 -0.002 12.571 0.028]
INFO  [mc_indi_tiltrotor] T2dbg2 Wu25=[1.0 9.0] du25=[-0.0362 -0.0007] dmax25=[32.4291 0.0010] nu_yaw=-0.029
INFO  [mc_indi_tiltrotor] WRdbg0 Wu0=1 lo0=-18.92 du0=0.0035 pin0=-0.030 a0=[0.007 0.023 0.010 0.000 -0.006]
INFO  [mc_indi_tiltrotor] WRdbg1 Wu1=1 lo1=-19.20 du1=0.0124 pin1=-0.011 a1=[-0.006 0.019 0.017 -0.000 -0.006]
INFO  [mc_indi_tiltrotor] T0dbg1 G0=[-0.257 0.198 0.017 0.170 -0.985] nu_des=[-0.00 0.03 -0.02 -0.59 -0.01]
INFO  [mc_indi_tiltrotor] T0dbg2 Ws34=[0.1 20.0] Wu0=1.0 du0=0.0007 dmin0=-18.8952 dmax0=26.1048
INFO  [mc_indi_tiltrotor] T2dbg1 G2=[-0.000 -0.650 0.060 0.002 -1.000] G5=[-0.761 -0.871 -0.002 12.689 0.027]
INFO  [mc_indi_tiltrotor] T2dbg2 Wu25=[1.0 9.0] du25=[-0.0066 -0.0004] dmax25=[32.3114 0.0014] nu_yaw=-0.023
INFO  [mc_indi_tiltrotor] WRdbg0 Wu0=1 lo0=-18.90 du0=0.0007 pin0=0.000 a0=[0.007 -0.003 -0.003 -0.004 0.003]
INFO  [mc_indi_tiltrotor] WRdbg1 Wu1=1 lo1=-19.24 du1=0.0081 pin1=0.000 a1=[-0.010 0.007 0.009 -0.002 0.004]
INFO  [mc_indi_tiltrotor] YWdbg nu2=-0.005 ach2=-0.006 r=0.01 wsp2=-0.01 ddelta=[0.0037 0.0026 -0.0001]
INFO  [mc_indi_tiltrotor] T0dbg1 G0=[-0.256 0.199 0.018 0.166 -0.986] nu_des=[0.01 0.88 -0.00 -0.47 0.39]
INFO  [mc_indi_tiltrotor] T0dbg2 Ws34=[0.1 20.0] Wu0=1.0 du0=0.3767 dmin0=-18.8343 dmax0=26.1657
INFO  [mc_indi_tiltrotor] T2dbg1 G2=[-0.000 -0.650 0.060 0.002 -1.000] G5=[-0.775 -0.884 -0.002 12.913 0.031]
INFO  [mc_indi_tiltrotor] T2dbg2 Wu25=[1.0 1000000.0] du25=[-1.1408 -0.0024] dmax25=[32.0873 -0.0006] nu_yaw=-0.001
INFO  [mc_indi_tiltrotor] WRdbg0 Wu0=1 lo0=-18.83 du0=0.3767 pin0=0.030 a0=[-0.016 0.510 -0.000 -0.000 -0.147]
INFO  [mc_indi_tiltrotor] WRdbg1 Wu1=1 lo1=-19.39 du1=0.3949 pin1=0.008 a1=[0.016 0.521 0.000 -0.000 -0.150]
INFO  [mc_indi_tiltrotor] T0dbg1 G0=[-0.256 0.200 0.020 0.157 -0.988] nu_des=[0.00 0.12 -0.00 -0.27 0.02]
INFO  [mc_indi_tiltrotor] T0dbg2 Ws34=[0.1 20.0] Wu0=1.0 du0=0.0018 dmin0=-18.7227 dmax0=26.2773
INFO  [mc_indi_tiltrotor] T2dbg1 G2=[-0.000 -0.650 0.060 0.002 -1.000] G5=[-0.742 -0.851 -0.001 12.371 0.023]
INFO  [mc_indi_tiltrotor] T2dbg2 Wu25=[1.0 9.0] du25=[-0.0848 -0.0015] dmax25=[32.6289 0.0003] nu_yaw=-0.001
INFO  [mc_indi_tiltrotor] WRdbg0 Wu0=1 lo0=-18.72 du0=0.0018 pin0=-0.059 a0=[-0.002 0.070 -0.000 0.000 -0.007]
INFO  [mc_indi_tiltrotor] WRdbg1 Wu1=1 lo1=-19.38 du1=0.0264 pin1=-0.031 a1=[0.001 0.064 0.000 -0.000 -0.007]
INFO  [mc_indi_tiltrotor] YWdbg nu2=0.038 ach2=0.026 r=0.00 wsp2=0.01 ddelta=[0.0066 0.0102 0.0017]
INFO  [mc_indi_tiltrotor] T0dbg1 G0=[-0.257 0.199 0.017 0.167 -0.986] nu_des=[-0.00 -0.03 0.00 -0.62 0.01]
INFO  [mc_indi_tiltrotor] T0dbg2 Ws34=[0.1 20.0] Wu0=1.0 du0=-0.0004 dmin0=-18.7606 dmax0=26.2394
INFO  [mc_indi_tiltrotor] T2dbg1 G2=[-0.000 -0.650 0.060 0.003 -1.000] G5=[-0.752 -0.855 -0.002 12.535 0.035]
INFO  [mc_indi_tiltrotor] T2dbg2 Wu25=[1.0 9.0] du25=[0.0174 0.0003] dmax25=[32.4654 0.0019] nu_yaw=0.001
INFO  [mc_indi_tiltrotor] WRdbg0 Wu0=1 lo0=-18.76 du0=-0.0004 pin0=0.000 a0=[0.002 0.003 0.000 -0.004 -0.002]
INFO  [mc_indi_tiltrotor] WRdbg1 Wu1=1 lo1=-19.28 du1=-0.0144 pin1=0.000 a1=[-0.003 -0.006 -0.001 -0.002 -0.003]
INFO  [mc_indi_tiltrotor] T0dbg1 G0=[-0.256 0.199 0.019 0.161 -0.987] nu_des=[0.00 0.69 -0.06 -0.44 0.48]
INFO  [mc_indi_tiltrotor] T0dbg2 Ws34=[0.1 20.0] Wu0=1.0 du0=0.2296 dmin0=-19.0708 dmax0=25.9292
INFO  [mc_indi_tiltrotor] T2dbg1 G2=[-0.000 -0.650 0.060 0.003 -1.000] G5=[-0.757 -0.856 -0.003 12.617 0.042]
INFO  [mc_indi_tiltrotor] T2dbg2 Wu25=[1.0 1000000.0] du25=[-0.9257 -0.0033] dmax25=[32.3830 -0.0016] nu_yaw=-0.057
INFO  [mc_indi_tiltrotor] WRdbg0 Wu0=1 lo0=-19.07 du0=0.2296 pin0=0.010 a0=[-0.000 0.401 -0.000 -0.000 -0.181]
INFO  [mc_indi_tiltrotor] WRdbg1 Wu1=1 lo1=-19.35 du1=0.2207 pin1=-0.003 a1=[0.000 0.409 0.000 -0.000 -0.185]
INFO  [mc_indi_tiltrotor] YWdbg nu2=-0.011 ach2=-0.029 r=0.02 wsp2=-0.00 ddelta=[-0.0120 -0.0120 -0.0032]
INFO  [mc_indi_tiltrotor] T0dbg1 G0=[-0.256 0.199 0.019 0.161 -0.987] nu_des=[0.00 -0.01 -0.01 -0.34 0.05]
INFO  [mc_indi_tiltrotor] T0dbg2 Ws34=[0.1 20.0] Wu0=1.0 du0=-0.0154 dmin0=-18.9082 dmax0=26.0918
INFO  [mc_indi_tiltrotor] T2dbg1 G2=[-0.000 -0.650 0.060 0.003 -1.000] G5=[-0.755 -0.857 -0.002 12.580 0.037]
INFO  [mc_indi_tiltrotor] T2dbg2 Wu25=[1.0 9.0] du25=[-0.0105 0.0002] dmax25=[32.4201 0.0033] nu_yaw=-0.008
INFO  [mc_indi_tiltrotor] WRdbg0 Wu0=1 lo0=-18.91 du0=-0.0154 pin0=0.017 a0=[-0.005 -0.008 -0.000 0.000 -0.019]
INFO  [mc_indi_tiltrotor] WRdbg1 Wu1=1 lo1=-19.23 du1=-0.0169 pin1=0.005 a1=[0.004 -0.008 0.000 -0.000 -0.019]
INFO  [mc_indi_tiltrotor] T0dbg1 G0=[-0.256 0.200 0.019 0.159 -0.987] nu_des=[-0.00 0.02 0.02 -0.33 -0.03]
INFO  [mc_indi_tiltrotor] T0dbg2 Ws34=[0.1 20.0] Wu0=1.0 du0=0.0082 dmin0=-18.8139 dmax0=26.1861
INFO  [mc_indi_tiltrotor] T2dbg1 G2=[-0.000 -0.650 0.060 0.002 -1.000] G5=[-0.757 -0.866 -0.002 12.621 0.027]
INFO  [mc_indi_tiltrotor] T2dbg2 Wu25=[1.0 9.0] du25=[0.0032 -0.0000] dmax25=[32.3787 0.0016] nu_yaw=0.016
INFO  [mc_indi_tiltrotor] WRdbg0 Wu0=1 lo0=-18.81 du0=0.0082 pin0=0.000 a0=[0.002 -0.001 0.002 -0.002 0.007]
INFO  [mc_indi_tiltrotor] WRdbg1 Wu1=1 lo1=-19.36 du1=0.0025 pin1=0.000 a1=[-0.003 0.004 -0.006 -0.001 0.009]
INFO  [mc_indi_tiltrotor] YWdbg nu2=-0.034 ach2=0.025 r=0.01 wsp2=-0.01 ddelta=[0.0120 0.0120 0.0069]
INFO  [mc_indi_tiltrotor] T0dbg1 G0=[-0.256 0.200 0.020 0.156 -0.988] nu_des=[0.00 0.06 -0.03 -0.28 0.18]
INFO  [mc_indi_tiltrotor] T0dbg2 Ws34=[0.1 20.0] Wu0=1.0 du0=-0.0743 dmin0=-18.9472 dmax0=26.0528
INFO  [mc_indi_tiltrotor] T2dbg1 G2=[-0.000 -0.650 0.060 0.003 -1.000] G5=[-0.743 -0.844 -0.002 12.375 0.034]
INFO  [mc_indi_tiltrotor] T2dbg2 Wu25=[1.0 9.0] du25=[-0.0874 -0.0012] dmax25=[32.6249 -0.0003] nu_yaw=-0.031
INFO  [mc_indi_tiltrotor] WRdbg0 Wu0=1 lo0=-18.95 du0=-0.0743 pin0=-0.012 a0=[-0.008 0.035 -0.020 -0.000 -0.068]
INFO  [mc_indi_tiltrotor] WRdbg1 Wu1=1 lo1=-19.54 du1=-0.0313 pin1=-0.006 a1=[0.008 0.032 0.005 -0.000 -0.070]
INFO  [mc_indi_tiltrotor] T0dbg1 G0=[-0.256 0.199 0.018 0.164 -0.986] nu_des=[-0.00 0.02 -0.01 -0.45 -0.02]
INFO  [mc_indi_tiltrotor] T0dbg2 Ws34=[0.1 20.0] Wu0=1.0 du0=0.0015 dmin0=-18.8309 dmax0=26.1691
INFO  [mc_indi_tiltrotor] T2dbg1 G2=[-0.000 -0.650 0.060 0.003 -1.000] G5=[-0.755 -0.857 -0.002 12.584 0.037]
INFO  [mc_indi_tiltrotor] T2dbg2 Wu25=[1.0 9.0] du25=[-0.0019 -0.0003] dmax25=[32.4162 0.0014] nu_yaw=-0.012
INFO  [mc_indi_tiltrotor] WRdbg0 Wu0=1 lo0=-18.83 du0=0.0015 pin0=0.000 a0=[0.004 -0.002 -0.002 -0.003 0.004]
INFO  [mc_indi_tiltrotor] WRdbg1 Wu1=1 lo1=-19.36 du1=0.0085 pin1=0.000 a1=[-0.005 0.005 0.005 -0.002 0.006]
INFO  [mc_indi_tiltrotor] YWdbg nu2=-0.021 ach2=-0.021 r=0.01 wsp2=-0.02 ddelta=[0.0066 0.0022 0.0001]
INFO  [mc_indi_tiltrotor] T0dbg1 G0=[-0.257 0.198 0.017 0.168 -0.986] nu_des=[0.00 0.21 -0.01 -0.56 0.20]
INFO  [mc_indi_tiltrotor] T0dbg2 Ws34=[0.1 20.0] Wu0=1.0 du0=0.0545 dmin0=-18.9641 dmax0=26.0359
INFO  [mc_indi_tiltrotor] T2dbg1 G2=[-0.000 -0.650 0.060 0.003 -1.000] G5=[-0.756 -0.855 -0.003 12.600 0.042]
INFO  [mc_indi_tiltrotor] T2dbg2 Wu25=[1.0 1000000.0] du25=[-0.2905 -0.0033] dmax25=[32.4004 -0.0016] nu_yaw=-0.010
INFO  [mc_indi_tiltrotor] WRdbg0 Wu0=1 lo0=-18.96 du0=0.0545 pin0=0.010 a0=[-0.001 0.119 -0.000 -0.000 -0.074]
INFO  [mc_indi_tiltrotor] WRdbg1 Wu1=1 lo1=-19.27 du1=0.0448 pin1=-0.003 a1=[0.001 0.122 0.000 -0.000 -0.075]
INFO  [mc_indi_tiltrotor] T0dbg1 G0=[-0.257 0.198 0.016 0.173 -0.985] nu_des=[-0.00 -0.66 0.03 -0.82 0.18]
INFO  [mc_indi_tiltrotor] T0dbg2 Ws34=[0.1 20.0] Wu0=1.0 du0=-0.4928 dmin0=-19.1920 dmax0=25.8080
INFO  [mc_indi_tiltrotor] T2dbg1 G2=[-0.000 -0.650 0.060 0.002 -1.000] G5=[-0.730 -0.835 -0.002 12.167 0.025]
INFO  [mc_indi_tiltrotor] T2dbg2 Wu25=[1.0 1000000.0] du25=[0.7596 0.0033] dmax25=[32.8332 0.0033] nu_yaw=0.030
INFO  [mc_indi_tiltrotor] WRdbg0 Wu0=1 lo0=-19.19 du0=-0.4928 pin0=-0.042 a0=[0.002 -0.386 0.000 -0.000 -0.068]
INFO  [mc_indi_tiltrotor] WRdbg1 Wu1=1 lo1=-19.53 du1=-0.4776 pin1=-0.013 a1=[-0.002 -0.394 -0.000 -0.000 -0.069]
INFO  [mc_indi_tiltrotor] YWdbg nu2=0.019 ach2=0.018 r=-0.02 wsp2=-0.00 ddelta=[0.0024 0.0059 0.0002]
INFO  [mc_indi_tiltrotor] T0dbg1 G0=[-0.256 0.199 0.018 0.166 -0.986] nu_des=[-0.00 -0.11 -0.01 -0.61 0.08]
INFO  [mc_indi_tiltrotor] T0dbg2 Ws34=[0.1 20.0] Wu0=1.0 du0=-0.0260 dmin0=-18.8737 dmax0=26.1263
INFO  [mc_indi_tiltrotor] T2dbg1 G2=[-0.000 -0.650 0.060 0.002 -1.000] G5=[-0.745 -0.851 -0.002 12.420 0.028]
INFO  [mc_indi_tiltrotor] T2dbg2 Wu25=[1.0 9.0] du25=[0.0425 0.0015] dmax25=[32.5798 0.0032] nu_yaw=-0.009
INFO  [mc_indi_tiltrotor] WRdbg0 Wu0=1 lo0=-18.87 du0=-0.0260 pin0=0.069 a0=[0.001 -0.064 -0.000 0.000 -0.032]
INFO  [mc_indi_tiltrotor] WRdbg1 Wu1=1 lo1=-19.30 du1=-0.0595 pin1=0.032 a1=[-0.001 -0.058 0.000 -0.000 -0.032]
INFO  [mc_indi_tiltrotor] T0dbg1 G0=[-0.256 0.199 0.019 0.161 -0.987] nu_des=[-0.00 -0.04 -0.01 -0.42 0.06]
INFO  [mc_indi_tiltrotor] T0dbg2 Ws34=[0.1 20.0] Wu0=1.0 du0=-0.0319 dmin0=-18.7644 dmax0=26.2356
INFO  [mc_indi_tiltrotor] T2dbg1 G2=[-0.000 -0.650 0.060 0.002 -1.000] G5=[-0.752 -0.863 -0.001 12.534 0.023]
INFO  [mc_indi_tiltrotor] T2dbg2 Wu25=[1.0 9.0] du25=[0.0218 0.0012] dmax25=[32.4660 0.0032] nu_yaw=-0.008
INFO  [mc_indi_tiltrotor] WRdbg0 Wu0=1 lo0=-18.76 du0=-0.0319 pin0=0.003 a0=[0.009 -0.021 -0.000 0.000 -0.023]
INFO  [mc_indi_tiltrotor] WRdbg1 Wu1=1 lo1=-19.28 du1=-0.0497 pin1=0.002 a1=[-0.009 -0.019 0.000 -0.000 -0.023]
INFO  [mc_indi_tiltrotor] YWdbg nu2=-0.001 ach2=-0.001 r=0.01 wsp2=0.01 ddelta=[0.0042 0.0037 -0.0002]
INFO  [mc_indi_tiltrotor] T0dbg1 G0=[-0.256 0.199 0.018 0.164 -0.986] nu_des=[-0.01 0.01 -0.01 -0.44 0.00]
INFO  [mc_indi_tiltrotor] T0dbg2 Ws34=[0.1 20.0] Wu0=1.0 du0=0.0122 dmin0=-18.6263 dmax0=26.3737
INFO  [mc_indi_tiltrotor] T2dbg1 G2=[-0.000 -0.650 0.060 0.001 -1.000] G5=[-0.753 -0.868 -0.001 12.552 0.016]
INFO  [mc_indi_tiltrotor] T2dbg2 Wu25=[1.0 9.0] du25=[0.0018 0.0005] dmax25=[32.4481 0.0020] nu_yaw=-0.010
INFO  [mc_indi_tiltrotor] WRdbg0 Wu0=1 lo0=-18.63 du0=0.0122 pin0=0.000 a0=[0.018 -0.001 -0.001 -0.003 -0.001]
INFO  [mc_indi_tiltrotor] WRdbg1 Wu1=1 lo1=-19.23 du1=-0.0209 pin1=0.000 a1=[-0.024 0.001 0.004 -0.002 -0.001]
INFO  [mc_indi_tiltrotor] T0dbg1 G0=[-0.256 0.199 0.019 0.162 -0.987] nu_des=[0.00 -0.00 -0.02 -0.19 -0.01]
INFO  [mc_indi_tiltrotor] T0dbg2 Ws34=[0.1 20.0] Wu0=1.0 du0=-0.0018 dmin0=-18.7772 dmax0=26.2228
INFO  [mc_indi_tiltrotor] T2dbg1 G2=[-0.000 -0.650 0.060 0.001 -1.000] G5=[-0.752 -0.866 -0.001 12.531 0.017]
INFO  [mc_indi_tiltrotor] T2dbg2 Wu25=[1.0 9.0] du25=[0.0032 -0.0003] dmax25=[32.4691 0.0014] nu_yaw=-0.016
INFO  [mc_indi_tiltrotor] WRdbg0 Wu0=1 lo0=-18.78 du0=-0.0018 pin0=-0.008 a0=[-0.002 -0.000 0.006 0.000 0.003]
INFO  [mc_indi_tiltrotor] WRdbg1 Wu1=1 lo1=-19.20 du1=0.0106 pin1=-0.003 a1=[0.002 -0.000 0.009 -0.000 0.003]
INFO  [mc_indi_tiltrotor] YWdbg nu2=0.035 ach2=-0.054 r=0.02 wsp2=-0.02 ddelta=[0.0012 0.0012 -0.0019]
INFO  [mc_indi_tiltrotor] T0dbg1 G0=[-0.256 0.199 0.018 0.163 -0.987] nu_des=[0.00 -0.00 -0.01 -0.30 0.02]
INFO  [mc_indi_tiltrotor] T0dbg2 Ws34=[0.1 20.0] Wu0=1.0 du0=-0.0134 dmin0=-19.0464 dmax0=25.9536
INFO  [mc_indi_tiltrotor] T2dbg1 G2=[-0.000 -0.650 0.060 0.002 -1.000] G5=[-0.749 -0.859 -0.001 12.490 0.024]
INFO  [mc_indi_tiltrotor] T2dbg2 Wu25=[1.0 9.0] du25=[-0.0036 -0.0004] dmax25=[32.5104 0.0012] nu_yaw=-0.010
INFO  [mc_indi_tiltrotor] WRdbg0 Wu0=1 lo0=-19.05 du0=-0.0134 pin0=0.000 a0=[-0.006 0.000 -0.001 -0.002 -0.004]
INFO  [mc_indi_tiltrotor] WRdbg1 Wu1=1 lo1=-19.37 du1=0.0054 pin1=0.000 a1=[0.008 -0.001 0.004 -0.001 -0.005]
INFO  [mc_indi_tiltrotor] T0dbg1 G0=[-0.257 0.198 0.017 0.168 -0.986] nu_des=[-0.00 0.29 0.05 -0.59 0.15]
INFO  [mc_indi_tiltrotor] T0dbg2 Ws34=[0.1 20.0] Wu0=1.0 du0=0.0732 dmin0=-19.1105 dmax0=25.8895
INFO  [mc_indi_tiltrotor] T2dbg1 G2=[-0.000 -0.650 0.060 0.003 -1.000] G5=[-0.733 -0.834 -0.002 12.214 0.032]
INFO  [mc_indi_tiltrotor] T2dbg2 Wu25=[1.0 1000000.0] du25=[-0.3260 -0.0026] dmax25=[32.7859 -0.0007] nu_yaw=0.046
INFO  [mc_indi_tiltrotor] WRdbg0 Wu0=1 lo0=-19.11 du0=0.0732 pin0=-0.052 a0=[0.010 0.170 0.000 -0.000 -0.055]
INFO  [mc_indi_tiltrotor] WRdbg1 Wu1=1 lo1=-19.58 du1=0.0672 pin1=-0.041 a1=[-0.010 0.174 -0.000 -0.000 -0.056]
INFO  [mc_indi_tiltrotor] YWdbg nu2=-0.009 ach2=0.027 r=-0.04 wsp2=-0.01 ddelta=[0.0060 0.0102 0.0045]
INFO  [mc_indi_tiltrotor] T0dbg1 G0=[-0.256 0.199 0.018 0.165 -0.986] nu_des=[-0.00 0.44 0.09 -0.51 0.26]
INFO  [mc_indi_tiltrotor] T0dbg2 Ws34=[0.1 20.0] Wu0=1.0 du0=0.1074 dmin0=-19.0470 dmax0=25.9530
INFO  [mc_indi_tiltrotor] T2dbg1 G2=[-0.000 -0.650 0.060 0.004 -1.000] G5=[-0.697 -0.781 -0.003 11.617 0.050]
INFO  [mc_indi_tiltrotor] T2dbg2 Wu25=[1.0 1000000.0] du25=[-0.5205 -0.0043] dmax25=[33.3825 -0.0024] nu_yaw=0.091
INFO  [mc_indi_tiltrotor] WRdbg0 Wu0=1 lo0=-19.05 du0=0.1074 pin0=-0.058 a0=[0.004 0.257 0.000 -0.000 -0.096]
INFO  [mc_indi_tiltrotor] WRdbg1 Wu1=1 lo1=-19.67 du1=0.1186 pin1=-0.042 a1=[-0.004 0.263 -0.000 -0.000 -0.098]
INFO  [mc_indi_tiltrotor] T0dbg1 G0=[-0.256 0.199 0.018 0.163 -0.987] nu_des=[-0.00 -0.09 0.11 -0.50 0.22]
INFO  [mc_indi_tiltrotor] T0dbg2 Ws34=[0.1 20.0] Wu0=1.0 du0=-0.1783 dmin0=-19.1826 dmax0=25.8174
INFO  [mc_indi_tiltrotor] T2dbg1 G2=[-0.000 -0.650 0.060 0.005 -1.000] G5=[-0.674 -0.752 -0.003 11.240 0.054]
INFO  [mc_indi_tiltrotor] T2dbg2 Wu25=[1.0 1000000.0] du25=[0.0981 -0.0010] dmax25=[33.7597 -0.0010] nu_yaw=0.110
INFO  [mc_indi_tiltrotor] WRdbg0 Wu0=1 lo0=-19.18 du0=-0.1783 pin0=-0.052 a0=[0.010 -0.052 0.000 -0.000 -0.084]
INFO  [mc_indi_tiltrotor] WRdbg1 Wu1=1 lo1=-19.82 du1=-0.1790 pin1=-0.030 a1=[-0.009 -0.054 -0.000 -0.000 -0.086]
INFO  [mc_indi_tiltrotor] YWdbg nu2=0.002 ach2=0.019 r=-0.06 wsp2=0.07 ddelta=[0.0120 0.0120 0.0063]
INFO  [mc_indi_tiltrotor] T0dbg1 G0=[-0.256 0.199 0.019 0.161 -0.987] nu_des=[0.00 -1.85 0.14 -0.49 0.54]
INFO  [mc_indi_tiltrotor] T0dbg2 Ws34=[0.1 20.0] Wu0=1.0 du0=-1.2961 dmin0=-19.3990 dmax0=25.6010
INFO  [mc_indi_tiltrotor] T2dbg1 G2=[-0.000 -0.650 0.060 0.005 -1.000] G5=[-0.701 -0.780 -0.003 11.684 0.058]
INFO  [mc_indi_tiltrotor] T2dbg2 Wu25=[1.0 1000000.0] du25=[2.0247 0.0049] dmax25=[33.3157 0.0049] nu_yaw=0.141
INFO  [mc_indi_tiltrotor] WRdbg0 Wu0=1 lo0=-19.40 du0=-1.2961 pin0=-0.024 a0=[-0.001 -1.067 0.000 -0.000 -0.203]
INFO  [mc_indi_tiltrotor] WRdbg1 Wu1=1 lo1=-19.85 du1=-1.2984 pin1=-0.003 a1=[0.001 -1.089 -0.000 -0.000 -0.208]
INFO  [mc_indi_tiltrotor] T0dbg1 G0=[-0.256 0.200 0.020 0.159 -0.987] nu_des=[-0.00 -0.99 0.08 -0.35 1.13]
INFO  [mc_indi_tiltrotor] T0dbg2 Ws34=[0.1 20.0] Wu0=1.0 du0=-0.9842 dmin0=-18.6477 dmax0=26.3523
INFO  [mc_indi_tiltrotor] T2dbg1 G2=[-0.000 -0.650 0.060 0.006 -1.000] G5=[-0.814 -0.901 -0.004 13.567 0.075]
INFO  [mc_indi_tiltrotor] T2dbg2 Wu25=[1.0 1000000.0] du25=[0.8435 0.0109] dmax25=[31.4330 0.0109] nu_yaw=0.083
INFO  [mc_indi_tiltrotor] WRdbg0 Wu0=1 lo0=-18.65 du0=-0.9842 pin0=0.008 a0=[0.001 -0.570 0.000 -0.000 -0.422]
INFO  [mc_indi_tiltrotor] WRdbg1 Wu1=1 lo1=-19.02 du1=-0.9880 pin1=0.027 a1=[-0.001 -0.582 -0.000 -0.000 -0.432]
INFO  [mc_indi_tiltrotor] YWdbg nu2=-0.049 ach2=-0.152 r=0.00 wsp2=0.12 ddelta=[0.0040 0.0040 -0.0043]
INFO  [mc_indi_tiltrotor] T0dbg1 G0=[-0.256 0.200 0.020 0.158 -0.988] nu_des=[0.00 -0.17 -0.01 -0.26 0.70]
INFO  [mc_indi_tiltrotor] T0dbg2 Ws34=[0.1 20.0] Wu0=1.0 du0=-0.3054 dmin0=-18.0568 dmax0=26.9432
INFO  [mc_indi_tiltrotor] T2dbg1 G2=[-0.000 -0.650 0.060 0.007 -1.000] G5=[-0.833 -0.913 -0.005 13.887 0.091]
INFO  [mc_indi_tiltrotor] T2dbg2 Wu25=[1.0 1000000.0] du25=[-0.0284 0.0026] dmax25=[31.1124 0.0066] nu_yaw=-0.005
INFO  [mc_indi_tiltrotor] WRdbg0 Wu0=1 lo0=-18.06 du0=-0.3054 pin0=0.057 a0=[-0.002 -0.098 -0.000 -0.000 -0.262]
INFO  [mc_indi_tiltrotor] WRdbg1 Wu1=1 lo1=-18.59 du1=-0.3362 pin1=0.030 a1=[0.002 -0.100 0.000 -0.000 -0.268]
INFO  [mc_indi_tiltrotor] T0dbg1 G0=[-0.256 0.200 0.020 0.157 -0.988] nu_des=[-0.00 -0.17 -0.07 -0.25 0.40]
INFO  [mc_indi_tiltrotor] T0dbg2 Ws34=[0.1 20.0] Wu0=1.0 du0=-0.1805 dmin0=-17.8946 dmax0=27.1054
INFO  [mc_indi_tiltrotor] T2dbg1 G2=[-0.000 -0.650 0.060 0.007 -1.000] G5=[-0.831 -0.908 -0.006 13.853 0.095]
INFO  [mc_indi_tiltrotor] T2dbg2 Wu25=[1.0 1000000.0] du25=[0.0388 0.0028] dmax25=[31.1464 0.0068] nu_yaw=-0.068
INFO  [mc_indi_tiltrotor] WRdbg0 Wu0=1 lo0=-17.89 du0=-0.1805 pin0=0.059 a0=[0.008 -0.098 -0.000 -0.000 -0.151]
INFO  [mc_indi_tiltrotor] WRdbg1 Wu1=1 lo1=-18.41 du1=-0.2246 pin1=0.037 a1=[-0.008 -0.099 0.000 -0.000 -0.154]
INFO  [mc_indi_tiltrotor] YWdbg nu2=-0.047 ach2=-0.107 r=0.08 wsp2=0.07 ddelta=[-0.0040 -0.0060 -0.0061]
INFO  [mc_indi_tiltrotor] T0dbg1 G0=[-0.256 0.200 0.020 0.157 -0.988] nu_des=[-0.00 1.54 -0.15 -0.30 0.44]
INFO  [mc_indi_tiltrotor] T0dbg2 Ws34=[0.1 20.0] Wu0=1.0 du0=0.7671 dmin0=-18.1696 dmax0=26.8304
INFO  [mc_indi_tiltrotor] T2dbg1 G2=[-0.000 -0.650 0.060 0.006 -1.000] G5=[-0.822 -0.901 -0.005 13.692 0.088]
INFO  [mc_indi_tiltrotor] T2dbg2 Wu25=[1.0 1000000.0] du25=[-1.9184 -0.0064] dmax25=[31.3080 -0.0031] nu_yaw=-0.146
INFO  [mc_indi_tiltrotor] WRdbg0 Wu0=1 lo0=-18.17 du0=0.7671 pin0=0.032 a0=[0.007 0.893 -0.000 -0.000 -0.165]
INFO  [mc_indi_tiltrotor] WRdbg1 Wu1=1 lo1=-18.60 du1=0.7378 pin1=0.003 a1=[-0.007 0.911 0.000 -0.000 -0.169]
INFO  [mc_indi_tiltrotor] T0dbg1 G0=[-0.256 0.200 0.020 0.157 -0.988] nu_des=[0.01 0.76 -0.11 -0.50 0.91]
INFO  [mc_indi_tiltrotor] T0dbg2 Ws34=[0.1 20.0] Wu0=1.0 du0=0.0490 dmin0=-19.6002 dmax0=25.3998
INFO  [mc_indi_tiltrotor] T2dbg1 G2=[-0.000 -0.650 0.060 0.005 -1.000] G5=[-0.713 -0.793 -0.003 11.875 0.058]
INFO  [mc_indi_tiltrotor] T2dbg2 Wu25=[1.0 1000000.0] du25=[-1.0662 -0.0049] dmax25=[33.1248 -0.0030] nu_yaw=-0.105
INFO  [mc_indi_tiltrotor] WRdbg0 Wu0=1 lo0=-19.60 du0=0.0490 pin0=-0.037 a0=[-0.014 0.440 -0.000 -0.000 -0.341]
INFO  [mc_indi_tiltrotor] WRdbg1 Wu1=1 lo1=-20.02 du1=0.0894 pin1=-0.024 a1=[0.013 0.449 0.000 -0.000 -0.349]
INFO  [mc_indi_tiltrotor] YWdbg nu2=-0.066 ach2=0.057 r=0.15 wsp2=-0.11 ddelta=[-0.0080 -0.0064 0.0001]
INFO  [mc_indi_tiltrotor] T0dbg1 G0=[-0.256 0.200 0.020 0.156 -0.988] nu_des=[-0.01 0.43 -0.11 -0.42 0.45]
INFO  [mc_indi_tiltrotor] T0dbg2 Ws34=[0.1 20.0] Wu0=1.0 du0=0.0400 dmin0=-19.6134 dmax0=25.3866
INFO  [mc_indi_tiltrotor] T2dbg1 G2=[-0.000 -0.650 0.060 0.004 -1.000] G5=[-0.661 -0.743 -0.003 11.021 0.043]
INFO  [mc_indi_tiltrotor] T2dbg2 Wu25=[1.0 1000000.0] du25=[-0.5515 -0.0039] dmax25=[33.9792 -0.0020] nu_yaw=-0.109
INFO  [mc_indi_tiltrotor] WRdbg0 Wu0=1 lo0=-19.61 du0=0.0400 pin0=-0.058 a0=[0.019 0.249 -0.000 -0.000 -0.170]
INFO  [mc_indi_tiltrotor] WRdbg1 Wu1=1 lo1=-20.08 du1=0.0207 pin1=-0.041 a1=[-0.018 0.254 0.000 -0.000 -0.174]
INFO  [mc_indi_tiltrotor] T0dbg1 G0=[-0.256 0.200 0.020 0.156 -0.988] nu_des=[-0.02 -1.11 -0.22 -0.24 0.32]
INFO  [mc_indi_tiltrotor] T0dbg2 Ws34=[0.1 20.0] Wu0=1.0 du0=-0.7196 dmin0=-19.0232 dmax0=25.9768
INFO  [mc_indi_tiltrotor] T2dbg1 G2=[-0.000 -0.650 0.060 0.004 -1.000] G5=[-0.735 -0.825 -0.003 12.248 0.050]
INFO  [mc_indi_tiltrotor] T2dbg2 Wu25=[1.0 1000000.0] du25=[1.1988 0.0081] dmax25=[32.7521 0.0081] nu_yaw=-0.219
INFO  [mc_indi_tiltrotor] WRdbg0 Wu0=1 lo0=-19.02 du0=-0.7196 pin0=-0.003 a0=[0.041 -0.640 -0.000 -0.000 -0.119]
INFO  [mc_indi_tiltrotor] WRdbg1 Wu1=1 lo1=-19.46 du1=-0.8089 pin1=0.006 a1=[-0.040 -0.654 0.000 -0.000 -0.121]
INFO  [mc_indi_tiltrotor] YWdbg nu2=-0.337 ach2=-0.012 r=0.18 wsp2=-0.37 ddelta=[0.0120 0.0074 0.0007]
INFO  [mc_indi_tiltrotor] T0dbg1 G0=[-0.256 0.200 0.020 0.159 -0.987] nu_des=[0.01 -0.27 -0.36 -0.23 0.50]
INFO  [mc_indi_tiltrotor] T0dbg2 Ws34=[0.1 20.0] Wu0=1.0 du0=-0.3037 dmin0=-18.8189 dmax0=26.1811
INFO  [mc_indi_tiltrotor] T2dbg1 G2=[-0.000 -0.650 0.060 0.003 -1.000] G5=[-0.815 -0.922 -0.003 13.576 0.043]
INFO  [mc_indi_tiltrotor] T2dbg2 Wu25=[1.0 1000000.0] du25=[0.1462 -0.0005] dmax25=[31.4238 0.0035] nu_yaw=-0.357
INFO  [mc_indi_tiltrotor] WRdbg0 Wu0=1 lo0=-18.82 du0=-0.3037 pin0=0.055 a0=[-0.013 -0.158 -0.000 -0.000 -0.188]
INFO  [mc_indi_tiltrotor] WRdbg1 Wu1=1 lo1=-19.21 du1=-0.3180 pin1=0.024 a1=[0.012 -0.161 0.000 -0.000 -0.193]
INFO  [mc_indi_tiltrotor] T0dbg1 G0=[-0.257 0.196 0.013 0.185 -0.983] nu_des=[0.00 -0.13 -0.18 -0.66 0.08]
INFO  [mc_indi_tiltrotor] T0dbg2 Ws34=[0.1 20.0] Wu0=1.0 du0=-0.0908 dmin0=-18.9776 dmax0=26.0224
INFO  [mc_indi_tiltrotor] T2dbg1 G2=[-0.000 -0.650 0.060 0.002 -1.000] G5=[-0.754 -0.866 -0.001 12.566 0.021]
INFO  [mc_indi_tiltrotor] T2dbg2 Wu25=[1.0 1000000.0] du25=[0.0995 0.0024] dmax25=[32.4344 0.0024] nu_yaw=-0.180
INFO  [mc_indi_tiltrotor] WRdbg0 Wu0=1 lo0=-18.98 du0=-0.0908 pin0=0.025 a0=[-0.010 -0.074 -0.000 -0.000 -0.031]
INFO  [mc_indi_tiltrotor] WRdbg1 Wu1=1 lo1=-19.45 du1=-0.0518 pin1=0.047 a1=[0.009 -0.076 0.000 -0.000 -0.032]
INFO  [mc_indi_tiltrotor] YWdbg nu2=-0.048 ach2=-0.048 r=-0.07 wsp2=-0.50 ddelta=[0.0097 -0.0004 0.0003]
INFO  [mc_indi_tiltrotor] T0dbg1 G0=[-0.257 0.193 0.008 0.205 -0.979] nu_des=[0.01 0.04 0.08 -1.19 -0.01]
INFO  [mc_indi_tiltrotor] T0dbg2 Ws34=[0.1 20.0] Wu0=1.0 du0=-0.0096 dmin0=-18.9225 dmax0=26.0775
INFO  [mc_indi_tiltrotor] T2dbg1 G2=[-0.000 -0.650 0.060 0.001 -1.000] G5=[-0.748 -0.861 -0.001 12.460 0.018]
INFO  [mc_indi_tiltrotor] T2dbg2 Wu25=[1.0 9.0] du25=[-0.0305 -0.0012] dmax25=[32.5399 0.0013] nu_yaw=0.075
INFO  [mc_indi_tiltrotor] WRdbg0 Wu0=1 lo0=-18.92 du0=-0.0096 pin0=-0.067 a0=[-0.021 0.026 0.049 -0.001 0.004]
INFO  [mc_indi_tiltrotor] WRdbg1 Wu1=1 lo1=-19.44 du1=0.0087 pin1=-0.029 a1=[0.021 0.024 -0.011 -0.001 0.004]
INFO  [mc_indi_tiltrotor] T0dbg1 G0=[-0.257 0.197 0.014 0.179 -0.984] nu_des=[0.00 0.04 0.10 -0.96 0.00]
INFO  [mc_indi_tiltrotor] T0dbg2 Ws34=[0.1 20.0] Wu0=1.0 du0=0.0125 dmin0=-18.9808 dmax0=26.0192
INFO  [mc_indi_tiltrotor] T2dbg1 G2=[-0.000 -0.650 0.060 0.001 -1.000] G5=[-0.740 -0.854 -0.001 12.339 0.015]
INFO  [mc_indi_tiltrotor] T2dbg2 Wu25=[1.0 9.0] du25=[-0.0338 -0.0003] dmax25=[32.6614 0.0012] nu_yaw=0.096
INFO  [mc_indi_tiltrotor] WRdbg0 Wu0=1 lo0=-18.98 du0=0.0125 pin0=-0.010 a0=[-0.004 0.025 0.002 0.000 -0.001]
INFO  [mc_indi_tiltrotor] WRdbg1 Wu1=1 lo1=-19.44 du1=-0.0185 pin1=-0.040 a1=[0.004 0.023 -0.003 -0.001 -0.001]
INFO  [mc_indi_tiltrotor] YWdbg nu2=0.068 ach2=0.058 r=-0.37 wsp2=-0.06 ddelta=[0.0020 0.0120 0.0018]
INFO  [mc_indi_tiltrotor] T0dbg1 G0=[-0.256 0.199 0.018 0.166 -0.986] nu_des=[0.01 -0.13 0.03 -1.17 0.08]
INFO  [mc_indi_tiltrotor] T0dbg2 Ws34=[0.1 20.0] Wu0=1.0 du0=-0.0676 dmin0=-18.8701 dmax0=26.1299
INFO  [mc_indi_tiltrotor] T2dbg1 G2=[-0.000 -0.650 0.060 0.001 -1.000] G5=[-0.753 -0.867 -0.001 12.545 0.017]
INFO  [mc_indi_tiltrotor] T2dbg2 Wu25=[1.0 9.0] du25=[0.0758 0.0001] dmax25=[32.4551 0.0018] nu_yaw=0.033
INFO  [mc_indi_tiltrotor] WRdbg0 Wu0=1 lo0=-18.87 du0=-0.0676 pin0=0.068 a0=[-0.025 -0.080 0.001 0.000 -0.032]
INFO  [mc_indi_tiltrotor] WRdbg1 Wu1=1 lo1=-19.36 du1=-0.0451 pin1=0.037 a1=[0.024 -0.073 -0.001 -0.001 -0.032]
INFO  [mc_indi_tiltrotor] T0dbg1 G0=[-0.256 0.199 0.018 0.163 -0.987] nu_des=[-0.01 0.09 -0.04 -1.07 -0.02]
INFO  [mc_indi_tiltrotor] T0dbg2 Ws34=[0.1 20.0] Wu0=1.0 du0=0.0312 dmin0=-18.8743 dmax0=26.1257
INFO  [mc_indi_tiltrotor] T2dbg1 G2=[-0.000 -0.650 0.060 0.001 -1.000] G5=[-0.743 -0.857 -0.001 12.381 0.015]
INFO  [mc_indi_tiltrotor] T2dbg2 Wu25=[1.0 9.0] du25=[-0.0588 -0.0008] dmax25=[32.6191 0.0015] nu_yaw=-0.036
INFO  [mc_indi_tiltrotor] WRdbg0 Wu0=1 lo0=-18.87 du0=0.0312 pin0=-0.056 a0=[0.024 0.057 -0.001 0.000 0.007]
INFO  [mc_indi_tiltrotor] WRdbg1 Wu1=1 lo1=-19.25 du1=0.0156 pin1=-0.022 a1=[-0.022 0.052 0.001 -0.001 0.007]
INFO  [mc_indi_tiltrotor] YWdbg nu2=-0.079 ach2=-0.025 r=0.10 wsp2=0.14 ddelta=[-0.0080 -0.0120 -0.0013]
INFO  [mc_indi_tiltrotor] T0dbg1 G0=[-0.256 0.199 0.018 0.163 -0.987] nu_des=[-0.01 -0.40 -0.04 -0.61 0.13]
INFO  [mc_indi_tiltrotor] T0dbg2 Ws34=[0.1 20.0] Wu0=1.0 du0=-0.2761 dmin0=-18.9762 dmax0=26.0238
INFO  [mc_indi_tiltrotor] T2dbg1 G2=[-0.000 -0.650 0.060 0.002 -1.000] G5=[-0.755 -0.866 -0.001 12.586 0.024]
INFO  [mc_indi_tiltrotor] T2dbg2 Wu25=[1.0 1000000.0] du25=[0.4330 0.0042] dmax25=[32.4142 0.0082] nu_yaw=-0.036
INFO  [mc_indi_tiltrotor] WRdbg0 Wu0=1 lo0=-18.98 du0=-0.2761 pin0=-0.013 a0=[0.016 -0.231 -0.000 -0.000 -0.047]
INFO  [mc_indi_tiltrotor] WRdbg1 Wu1=1 lo1=-19.17 du1=-0.2800 pin1=0.020 a1=[-0.015 -0.236 0.000 -0.000 -0.048]
INFO  [mc_indi_tiltrotor] T0dbg1 G0=[-0.257 0.197 0.015 0.177 -0.984] nu_des=[0.01 0.27 -0.04 -0.76 0.25]
INFO  [mc_indi_tiltrotor] T0dbg2 Ws34=[0.1 20.0] Wu0=1.0 du0=0.0336 dmin0=-19.0259 dmax0=25.9741
INFO  [mc_indi_tiltrotor] T2dbg1 G2=[-0.000 -0.650 0.060 0.002 -1.000] G5=[-0.748 -0.855 -0.002 12.465 0.027]
INFO  [mc_indi_tiltrotor] T2dbg2 Wu25=[1.0 1000000.0] du25=[-0.3636 -0.0022] dmax25=[32.5354 -0.0003] nu_yaw=-0.041
INFO  [mc_indi_tiltrotor] WRdbg0 Wu0=1 lo0=-19.03 du0=0.0336 pin0=-0.005 a0=[-0.020 0.154 -0.000 -0.000 -0.096]
INFO  [mc_indi_tiltrotor] WRdbg1 Wu1=1 lo1=-19.35 du1=0.0754 pin1=-0.003 a1=[0.019 0.157 0.000 -0.000 -0.098]
INFO  [mc_indi_tiltrotor] YWdbg nu2=0.009 ach2=0.009 r=0.06 wsp2=-0.06 ddelta=[-0.0005 0.0014 -0.0007]
INFO  [mc_indi_tiltrotor] T0dbg1 G0=[-0.257 0.198 0.016 0.174 -0.985] nu_des=[-0.01 -0.02 0.03 -0.60 0.06]
INFO  [mc_indi_tiltrotor] T0dbg2 Ws34=[0.1 20.0] Wu0=1.0 du0=-0.0175 dmin0=-18.7891 dmax0=26.2109
INFO  [mc_indi_tiltrotor] T2dbg1 G2=[-0.000 -0.650 0.060 0.002 -1.000] G5=[-0.750 -0.861 -0.001 12.499 0.021]
INFO  [mc_indi_tiltrotor] T2dbg2 Wu25=[1.0 9.0] du25=[0.0079 0.0008] dmax25=[32.5011 0.0034] nu_yaw=0.027
INFO  [mc_indi_tiltrotor] WRdbg0 Wu0=1 lo0=-18.79 du0=-0.0175 pin0=0.014 a0=[0.012 -0.011 -0.011 -0.000 -0.021]
INFO  [mc_indi_tiltrotor] WRdbg1 Wu1=1 lo1=-19.41 du1=-0.0519 pin1=0.005 a1=[-0.010 -0.010 -0.015 -0.001 -0.021]
INFO  [mc_indi_tiltrotor] T0dbg1 G0=[-0.256 0.199 0.018 0.165 -0.986] nu_des=[-0.00 0.01 0.03 -0.45 -0.00]
INFO  [mc_indi_tiltrotor] T0dbg2 Ws34=[0.1 20.0] Wu0=1.0 du0=0.0028 dmin0=-18.8161 dmax0=26.1839
INFO  [mc_indi_tiltrotor] T2dbg1 G2=[-0.000 -0.650 0.060 0.002 -1.000] G5=[-0.762 -0.876 -0.001 12.693 0.019]
INFO  [mc_indi_tiltrotor] T2dbg2 Wu25=[1.0 9.0] du25=[-0.0006 0.0001] dmax25=[32.3070 0.0022] nu_yaw=0.025
INFO  [mc_indi_tiltrotor] WRdbg0 Wu0=1 lo0=-18.82 du0=0.0028 pin0=0.000 a0=[0.002 -0.001 0.003 -0.003 0.001]
INFO  [mc_indi_tiltrotor] WRdbg1 Wu1=1 lo1=-19.44 du1=-0.0103 pin1=0.000 a1=[-0.002 0.002 -0.010 -0.002 0.002]
INFO  [mc_indi_tiltrotor] YWdbg nu2=-0.035 ach2=-0.007 r=-0.06 wsp2=-0.03 ddelta=[0.0060 0.0053 0.0010]
INFO  [mc_indi_tiltrotor] T0dbg1 G0=[-0.256 0.200 0.019 0.159 -0.987] nu_des=[0.00 0.21 0.03 -0.34 0.31]
INFO  [mc_indi_tiltrotor] T0dbg2 Ws34=[0.1 20.0] Wu0=1.0 du0=-0.0184 dmin0=-19.0198 dmax0=25.9802
INFO  [mc_indi_tiltrotor] T2dbg1 G2=[-0.000 -0.650 0.060 0.002 -1.000] G5=[-0.754 -0.861 -0.002 12.567 0.028]
INFO  [mc_indi_tiltrotor] T2dbg2 Wu25=[1.0 1000000.0] du25=[-0.2994 -0.0022] dmax25=[32.4330 -0.0003] nu_yaw=0.025
INFO  [mc_indi_tiltrotor] WRdbg0 Wu0=1 lo0=-19.02 du0=-0.0184 pin0=-0.020 a0=[-0.003 0.122 0.000 -0.000 -0.117]
INFO  [mc_indi_tiltrotor] WRdbg1 Wu1=1 lo1=-19.59 du1=-0.0070 pin1=-0.015 a1=[0.003 0.125 -0.000 -0.000 -0.120]
INFO  [mc_indi_tiltrotor] T0dbg1 G0=[-0.256 0.200 0.020 0.158 -0.987] nu_des=[-0.00 0.61 0.01 -0.37 0.55]
INFO  [mc_indi_tiltrotor] T0dbg2 Ws34=[0.1 20.0] Wu0=1.0 du0=0.1179 dmin0=-19.1124 dmax0=25.8876
INFO  [mc_indi_tiltrotor] T2dbg1 G2=[-0.000 -0.650 0.060 0.005 -1.000] G5=[-0.736 -0.821 -0.003 12.266 0.058]
INFO  [mc_indi_tiltrotor] T2dbg2 Wu25=[1.0 1000000.0] du25=[-0.8049 -0.0047] dmax25=[32.7343 -0.0029] nu_yaw=0.014
INFO  [mc_indi_tiltrotor] WRdbg0 Wu0=1 lo0=-19.11 du0=0.1179 pin0=-0.036 a0=[0.005 0.353 0.000 -0.000 -0.204]
INFO  [mc_indi_tiltrotor] WRdbg1 Wu1=1 lo1=-19.59 du1=0.1297 pin1=-0.016 a1=[-0.005 0.360 -0.000 -0.000 -0.209]
INFO  [mc_indi_tiltrotor] YWdbg nu2=-0.067 ach2=-0.032 r=0.02 wsp2=0.00 ddelta=[0.0100 0.0080 -0.0013]
INFO  [mc_indi_tiltrotor] T0dbg1 G0=[-0.256 0.200 0.020 0.158 -0.987] nu_des=[0.00 0.23 0.02 -0.39 0.31]
INFO  [mc_indi_tiltrotor] T0dbg2 Ws34=[0.1 20.0] Wu0=1.0 du0=-0.0399 dmin0=-19.1551 dmax0=25.8449
INFO  [mc_indi_tiltrotor] T2dbg1 G2=[-0.000 -0.650 0.060 0.005 -1.000] G5=[-0.709 -0.788 -0.004 11.820 0.060]
INFO  [mc_indi_tiltrotor] T2dbg2 Wu25=[1.0 9.0] du25=[-0.2906 -0.0040] dmax25=[33.1796 -0.0020] nu_yaw=0.015
INFO  [mc_indi_tiltrotor] WRdbg0 Wu0=1 lo0=-19.16 du0=-0.0399 pin0=-0.054 a0=[-0.008 0.138 0.000 0.000 -0.116]
INFO  [mc_indi_tiltrotor] WRdbg1 Wu1=1 lo1=-19.49 du1=-0.0089 pin1=-0.026 a1=[0.007 0.127 -0.001 -0.000 -0.117]
INFO  [mc_indi_tiltrotor] T0dbg1 G0=[-0.256 0.200 0.020 0.157 -0.988] nu_des=[-0.02 0.31 -0.00 -0.31 0.23]
INFO  [mc_indi_tiltrotor] T0dbg2 Ws34=[0.1 20.0] Wu0=1.0 du0=0.0843 dmin0=-19.2409 dmax0=25.7591
INFO  [mc_indi_tiltrotor] T2dbg1 G2=[-0.000 -0.650 0.060 0.004 -1.000] G5=[-0.710 -0.797 -0.003 11.829 0.048]
INFO  [mc_indi_tiltrotor] T2dbg2 Wu25=[1.0 9.0] du25=[-0.3655 -0.0033] dmax25=[33.1706 -0.0021] nu_yaw=-0.004
INFO  [mc_indi_tiltrotor] WRdbg0 Wu0=1 lo0=-19.24 du0=0.0843 pin0=-0.048 a0=[0.033 0.184 -0.000 0.000 -0.085]
INFO  [mc_indi_tiltrotor] WRdbg1 Wu1=1 lo1=-19.75 du1=0.0198 pin1=-0.034 a1=[-0.031 0.171 0.000 -0.000 -0.086]
INFO  [mc_indi_tiltrotor] YWdbg nu2=-0.097 ach2=-0.147 r=0.08 wsp2=-0.08 ddelta=[0.0020 -0.0060 -0.0049]
INFO  [mc_indi_tiltrotor] T0dbg1 G0=[-0.256 0.200 0.020 0.156 -0.988] nu_des=[-0.01 -0.75 -0.08 -0.24 0.21]
INFO  [mc_indi_tiltrotor] T0dbg2 Ws34=[0.1 20.0] Wu0=1.0 du0=-0.4985 dmin0=-19.0110 dmax0=25.9890
INFO  [mc_indi_tiltrotor] T2dbg1 G2=[-0.000 -0.650 0.060 0.004 -1.000] G5=[-0.715 -0.807 -0.003 11.913 0.042]
INFO  [mc_indi_tiltrotor] T2dbg2 Wu25=[1.0 1000000.0] du25=[0.8230 0.0052] dmax25=[33.0872 0.0052] nu_yaw=-0.081
INFO  [mc_indi_tiltrotor] WRdbg0 Wu0=1 lo0=-19.01 du0=-0.4985 pin0=-0.014 a0=[0.028 -0.433 -0.000 -0.000 -0.080]
INFO  [mc_indi_tiltrotor] WRdbg1 Wu1=1 lo1=-19.64 du1=-0.5545 pin1=-0.004 a1=[-0.027 -0.442 0.000 -0.000 -0.082]
INFO  [mc_indi_tiltrotor] T0dbg1 G0=[-0.256 0.200 0.020 0.157 -0.988] nu_des=[-0.01 -0.52 -0.16 -0.20 0.59]
INFO  [mc_indi_tiltrotor] T0dbg2 Ws34=[0.1 20.0] Wu0=1.0 du0=-0.4725 dmin0=-18.6181 dmax0=26.3819
INFO  [mc_indi_tiltrotor] T2dbg1 G2=[-0.000 -0.650 0.060 0.006 -1.000] G5=[-0.785 -0.869 -0.004 13.084 0.072]
INFO  [mc_indi_tiltrotor] T2dbg2 Wu25=[1.0 1000000.0] du25=[0.4159 0.0074] dmax25=[31.9157 0.0114] nu_yaw=-0.164
INFO  [mc_indi_tiltrotor] WRdbg0 Wu0=1 lo0=-18.62 du0=-0.4725 pin0=0.032 a0=[0.017 -0.299 -0.000 -0.000 -0.222]
INFO  [mc_indi_tiltrotor] WRdbg1 Wu1=1 lo1=-19.13 du1=-0.5288 pin1=0.021 a1=[-0.017 -0.305 0.000 -0.000 -0.228]
INFO  [mc_indi_tiltrotor] YWdbg nu2=-0.108 ach2=0.006 r=0.10 wsp2=-0.22 ddelta=[-0.0120 -0.0052 -0.0021]
INFO  [mc_indi_tiltrotor] T0dbg1 G0=[-0.256 0.200 0.020 0.158 -0.987] nu_des=[0.00 -0.15 -0.27 -0.26 0.33]
INFO  [mc_indi_tiltrotor] T0dbg2 Ws34=[0.1 20.0] Wu0=1.0 du0=-0.1696 dmin0=-18.5667 dmax0=26.4333
INFO  [mc_indi_tiltrotor] T2dbg1 G2=[-0.000 -0.650 0.060 0.007 -1.000] G5=[-0.803 -0.874 -0.006 13.383 0.096]
INFO  [mc_indi_tiltrotor] T2dbg2 Wu25=[1.0 1000000.0] du25=[0.0518 -0.0007] dmax25=[31.6170 0.0033] nu_yaw=-0.273
INFO  [mc_indi_tiltrotor] WRdbg0 Wu0=1 lo0=-18.57 du0=-0.1696 pin0=0.044 a0=[-0.005 -0.087 -0.000 -0.000 -0.123]
INFO  [mc_indi_tiltrotor] WRdbg1 Wu1=1 lo1=-18.83 du1=-0.1752 pin1=0.034 a1=[0.004 -0.088 0.000 -0.000 -0.126]
INFO  [mc_indi_tiltrotor] T0dbg1 G0=[-0.256 0.199 0.019 0.162 -0.987] nu_des=[0.02 0.52 -0.27 -0.30 0.21]
INFO  [mc_indi_tiltrotor] T0dbg2 Ws34=[0.1 20.0] Wu0=1.0 du0=0.1843 dmin0=-18.5744 dmax0=26.4256
INFO  [mc_indi_tiltrotor] T2dbg1 G2=[-0.000 -0.650 0.060 0.006 -1.000] G5=[-0.799 -0.885 -0.004 13.320 0.073]
INFO  [mc_indi_tiltrotor] T2dbg2 Wu25=[1.0 1000000.0] du25=[-0.6560 -0.0047] dmax25=[31.6793 -0.0007] nu_yaw=-0.275
INFO  [mc_indi_tiltrotor] WRdbg0 Wu0=1 lo0=-18.57 du0=0.1843 pin0=0.006 a0=[-0.040 0.299 -0.000 -0.000 -0.080]
INFO  [mc_indi_tiltrotor] WRdbg1 Wu1=1 lo1=-18.91 du1=0.2828 pin1=0.021 a1=[0.039 0.305 0.000 -0.000 -0.082]
INFO  [mc_indi_tiltrotor] YWdbg nu2=-0.209 ach2=0.112 r=0.11 wsp2=-0.39 ddelta=[-0.0020 0.0022 0.0080]
INFO  [mc_indi_tiltrotor] T0dbg1 G0=[-0.256 0.199 0.018 0.164 -0.986] nu_des=[0.00 0.73 -0.24 -0.40 0.57]
INFO  [mc_indi_tiltrotor] T0dbg2 Ws34=[0.1 20.0] Wu0=1.0 du0=0.1831 dmin0=-19.0916 dmax0=25.9084
INFO  [mc_indi_tiltrotor] T2dbg1 G2=[-0.000 -0.650 0.060 0.004 -1.000] G5=[-0.748 -0.840 -0.003 12.463 0.050]
INFO  [mc_indi_tiltrotor] T2dbg2 Wu25=[1.0 1000000.0] du25=[-0.9642 -0.0040] dmax25=[32.5368 -0.0021] nu_yaw=-0.242
INFO  [mc_indi_tiltrotor] WRdbg0 Wu0=1 lo0=-19.09 du0=0.1831 pin0=-0.018 a0=[-0.007 0.421 -0.000 -0.000 -0.213]
INFO  [mc_indi_tiltrotor] WRdbg1 Wu1=1 lo1=-19.67 du1=0.2087 pin1=-0.010 a1=[0.007 0.431 0.000 -0.000 -0.218]
INFO  [mc_indi_tiltrotor] T0dbg1 G0=[-0.256 0.199 0.018 0.166 -0.986] nu_des=[-0.02 0.32 -0.19 -0.38 0.26]
INFO  [mc_indi_tiltrotor] T0dbg2 Ws34=[0.1 20.0] Wu0=1.0 du0=0.0813 dmin0=-19.0315 dmax0=25.9685
INFO  [mc_indi_tiltrotor] T2dbg1 G2=[-0.000 -0.650 0.060 0.003 -1.000] G5=[-0.715 -0.815 -0.002 11.917 0.030]
INFO  [mc_indi_tiltrotor] T2dbg2 Wu25=[1.0 1000000.0] du25=[-0.3948 -0.0025] dmax25=[33.0827 -0.0006] nu_yaw=-0.186
INFO  [mc_indi_tiltrotor] WRdbg0 Wu0=1 lo0=-19.03 du0=0.0813 pin0=-0.038 a0=[0.034 0.185 -0.000 -0.000 -0.099]
INFO  [mc_indi_tiltrotor] WRdbg1 Wu1=1 lo1=-19.65 du1=0.0126 pin1=-0.043 a1=[-0.032 0.189 0.000 -0.000 -0.101]
INFO  [mc_indi_tiltrotor] YWdbg nu2=-0.305 ach2=-0.027 r=0.05 wsp2=-0.50 ddelta=[0.0120 0.0038 -0.0003]
INFO  [mc_indi_tiltrotor] T0dbg1 G0=[-0.257 0.199 0.017 0.167 -0.986] nu_des=[-0.02 -0.32 -0.18 -0.43 0.16]
INFO  [mc_indi_tiltrotor] T0dbg2 Ws34=[0.1 20.0] Wu0=1.0 du0=-0.2312 dmin0=-19.2563 dmax0=25.7437
INFO  [mc_indi_tiltrotor] T2dbg1 G2=[-0.000 -0.650 0.060 0.002 -1.000] G5=[-0.701 -0.801 -0.002 11.685 0.026]
INFO  [mc_indi_tiltrotor] T2dbg2 Wu25=[1.0 1000000.0] du25=[0.3471 0.0037] dmax25=[33.3148 0.0037] nu_yaw=-0.181
INFO  [mc_indi_tiltrotor] WRdbg0 Wu0=1 lo0=-19.26 du0=-0.2312 pin0=-0.024 a0=[0.036 -0.184 -0.000 -0.000 -0.059]
INFO  [mc_indi_tiltrotor] WRdbg1 Wu1=1 lo1=-19.77 du1=-0.2958 pin1=-0.012 a1=[-0.035 -0.188 0.000 -0.000 -0.061]
INFO  [mc_indi_tiltrotor] T0dbg1 G0=[-0.257 0.198 0.017 0.167 -0.986] nu_des=[-0.01 -1.05 -0.19 -0.42 0.49]
INFO  [mc_indi_tiltrotor] T0dbg2 Ws34=[0.1 20.0] Wu0=1.0 du0=-0.7519 dmin0=-19.0722 dmax0=25.9278
INFO  [mc_indi_tiltrotor] T2dbg1 G2=[-0.000 -0.650 0.060 0.003 -1.000] G5=[-0.757 -0.858 -0.002 12.625 0.039]
INFO  [mc_indi_tiltrotor] T2dbg2 Wu25=[1.0 1000000.0] du25=[1.0788 0.0115] dmax25=[32.3752 0.0115] nu_yaw=-0.193
INFO  [mc_indi_tiltrotor] WRdbg0 Wu0=1 lo0=-19.07 du0=-0.7519 pin0=0.009 a0=[0.030 -0.609 -0.000 -0.000 -0.182]
INFO  [mc_indi_tiltrotor] WRdbg1 Wu1=1 lo1=-19.51 du1=-0.8211 pin1=0.018 a1=[-0.029 -0.623 0.000 -0.000 -0.187]
INFO  [mc_indi_tiltrotor] YWdbg nu2=-0.190 ach2=-0.155 r=-0.07 wsp2=-0.48 ddelta=[0.0020 -0.0060 -0.0039]
INFO  [mc_indi_tiltrotor] T0dbg1 G0=[-0.257 0.198 0.017 0.168 -0.986] nu_des=[-0.01 -0.17 -0.20 -0.44 0.41]
INFO  [mc_indi_tiltrotor] T0dbg2 Ws34=[0.1 20.0] Wu0=1.0 du0=-0.1858 dmin0=-18.6797 dmax0=26.3203
INFO  [mc_indi_tiltrotor] T2dbg1 G2=[-0.000 -0.650 0.060 0.005 -1.000] G5=[-0.806 -0.898 -0.004 13.439 0.066]
INFO  [mc_indi_tiltrotor] T2dbg2 Wu25=[1.0 1000000.0] du25=[0.0439 0.0026] dmax25=[31.5604 0.0066] nu_yaw=-0.201
INFO  [mc_indi_tiltrotor] WRdbg0 Wu0=1 lo0=-18.68 du0=-0.1858 pin0=0.057 a0=[0.013 -0.100 -0.000 -0.000 -0.156]
INFO  [mc_indi_tiltrotor] WRdbg1 Wu1=1 lo1=-19.00 du1=-0.2363 pin1=0.038 a1=[-0.012 -0.102 0.000 -0.000 -0.160]
INFO  [mc_indi_tiltrotor] T0dbg1 G0=[-0.257 0.198 0.017 0.170 -0.985] nu_des=[0.02 0.73 -0.10 -0.49 0.26]
INFO  [mc_indi_tiltrotor] T0dbg2 Ws34=[0.1 20.0] Wu0=1.0 du0=0.3073 dmin0=-18.5210 dmax0=26.4790
INFO  [mc_indi_tiltrotor] T2dbg1 G2=[-0.000 -0.650 0.060 0.006 -1.000] G5=[-0.795 -0.877 -0.005 13.253 0.077]
INFO  [mc_indi_tiltrotor] T2dbg2 Wu25=[1.0 1000000.0] du25=[-0.9189 -0.0058] dmax25=[31.7465 -0.0020] nu_yaw=-0.098
INFO  [mc_indi_tiltrotor] WRdbg0 Wu0=1 lo0=-18.52 du0=0.3073 pin0=0.019 a0=[-0.037 0.423 -0.000 -0.000 -0.097]
INFO  [mc_indi_tiltrotor] WRdbg1 Wu1=1 lo1=-18.81 du1=0.3766 pin1=0.008 a1=[0.036 0.432 0.000 -0.000 -0.099]
INFO  [mc_indi_tiltrotor] YWdbg nu2=0.035 ach2=0.009 r=-0.18 wsp2=-0.29 ddelta=[-0.0120 -0.0074 -0.0024]
INFO  [mc_indi_tiltrotor] T0dbg1 G0=[-0.257 0.198 0.017 0.170 -0.986] nu_des=[0.01 0.65 0.04 -0.63 0.58]
INFO  [mc_indi_tiltrotor] T0dbg2 Ws34=[0.1 20.0] Wu0=1.0 du0=0.1247 dmin0=-19.0869 dmax0=25.9131
INFO  [mc_indi_tiltrotor] T2dbg1 G2=[-0.000 -0.650 0.060 0.006 -1.000] G5=[-0.734 -0.812 -0.004 12.237 0.068]
INFO  [mc_indi_tiltrotor] T2dbg2 Wu25=[1.0 1000000.0] du25=[-0.8805 -0.0056] dmax25=[32.7630 -0.0037] nu_yaw=0.040
INFO  [mc_indi_tiltrotor] WRdbg0 Wu0=1 lo0=-19.09 du0=0.1247 pin0=-0.013 a0=[-0.021 0.378 0.000 -0.000 -0.219]
INFO  [mc_indi_tiltrotor] WRdbg1 Wu1=1 lo1=-19.65 du1=0.1666 pin1=-0.015 a1=[0.020 0.386 -0.000 -0.000 -0.225]
INFO  [mc_indi_tiltrotor] T0dbg1 G0=[-0.257 0.198 0.017 0.168 -0.986] nu_des=[0.01 0.53 0.13 -0.68 0.70]
INFO  [mc_indi_tiltrotor] T0dbg2 Ws34=[0.1 20.0] Wu0=1.0 du0=-0.0071 dmin0=-19.2940 dmax0=25.7060
INFO  [mc_indi_tiltrotor] T2dbg1 G2=[-0.000 -0.650 0.060 0.006 -1.000] G5=[-0.718 -0.795 -0.004 11.969 0.066]
INFO  [mc_indi_tiltrotor] T2dbg2 Wu25=[1.0 1000000.0] du25=[-0.7482 -0.0055] dmax25=[33.0313 -0.0037] nu_yaw=0.127
INFO  [mc_indi_tiltrotor] WRdbg0 Wu0=1 lo0=-19.29 du0=-0.0071 pin0=-0.030 a0=[-0.020 0.306 0.000 -0.000 -0.263]
INFO  [mc_indi_tiltrotor] WRdbg1 Wu1=1 lo1=-19.83 du1=0.0355 pin1=-0.027 a1=[0.020 0.312 -0.000 -0.000 -0.269]
INFO  [mc_indi_tiltrotor] YWdbg nu2=0.134 ach2=0.072 r=-0.22 wsp2=0.02 ddelta=[-0.0020 0.0080 0.0039]
INFO  [mc_indi_tiltrotor] T0dbg1 G0=[-0.256 0.201 0.021 0.152 -0.988] nu_des=[0.00 -0.06 0.02 -0.51 0.03]
INFO  [mc_indi_tiltrotor] T0dbg2 Ws34=[0.1 20.0] Wu0=1.0 du0=-0.0057 dmin0=-18.8713 dmax0=26.1287
INFO  [mc_indi_tiltrotor] T2dbg1 G2=[-0.000 -0.650 0.060 0.005 -1.000] G5=[-0.750 -0.838 -0.003 12.495 0.056]
INFO  [mc_indi_tiltrotor] T2dbg2 Wu25=[1.0 9.0] du25=[0.0202 0.0005] dmax25=[32.5047 0.0023] nu_yaw=0.021
INFO  [mc_indi_tiltrotor] WRdbg0 Wu0=1 lo0=-18.87 du0=-0.0057 pin0=0.000 a0=[-0.001 0.004 0.003 -0.003 -0.009]
INFO  [mc_indi_tiltrotor] WRdbg1 Wu1=1 lo1=-19.30 du1=-0.0288 pin1=0.000 a1=[0.002 -0.010 -0.008 -0.002 -0.011]
INFO  [mc_indi_tiltrotor] T0dbg1 G0=[-0.256 0.201 0.023 0.147 -0.989] nu_des=[0.00 -0.32 -0.03 -0.22 0.09]
INFO  [mc_indi_tiltrotor] T0dbg2 Ws34=[0.1 20.0] Wu0=1.0 du0=-0.2442 dmin0=-18.9245 dmax0=26.0755
INFO  [mc_indi_tiltrotor] T2dbg1 G2=[-0.000 -0.650 0.060 0.005 -1.000] G5=[-0.751 -0.839 -0.003 12.515 0.057]
INFO  [mc_indi_tiltrotor] T2dbg2 Wu25=[1.0 1000000.0] du25=[0.3650 0.0035] dmax25=[32.4844 0.0075] nu_yaw=-0.030
INFO  [mc_indi_tiltrotor] WRdbg0 Wu0=1 lo0=-18.92 du0=-0.2442 pin0=-0.021 a0=[-0.005 -0.186 -0.000 -0.000 -0.032]
INFO  [mc_indi_tiltrotor] WRdbg1 Wu1=1 lo1=-19.13 du1=-0.2151 pin1=0.003 a1=[0.005 -0.190 0.000 -0.000 -0.033]
INFO  [mc_indi_tiltrotor] YWdbg nu2=-0.068 ach2=-0.049 r=0.11 wsp2=0.12 ddelta=[0.0020 -0.0072 -0.0007]
INFO  [mc_indi_tiltrotor] T0dbg1 G0=[-0.256 0.199 0.019 0.161 -0.987] nu_des=[-0.01 -0.02 -0.05 -0.35 0.03]
INFO  [mc_indi_tiltrotor] T0dbg2 Ws34=[0.1 20.0] Wu0=1.0 du0=-0.0048 dmin0=-18.9890 dmax0=26.0110
INFO  [mc_indi_tiltrotor] T2dbg1 G2=[-0.000 -0.650 0.060 0.005 -1.000] G5=[-0.763 -0.853 -0.003 12.719 0.058]
INFO  [mc_indi_tiltrotor] T2dbg2 Wu25=[1.0 9.0] du25=[0.0057 0.0000] dmax25=[32.2804 0.0020] nu_yaw=-0.052
INFO  [mc_indi_tiltrotor] WRdbg0 Wu0=1 lo0=-18.99 du0=-0.0048 pin0=0.000 a0=[0.010 0.002 -0.007 -0.002 -0.007]
INFO  [mc_indi_tiltrotor] WRdbg1 Wu1=1 lo1=-19.37 du1=-0.0069 pin1=0.000 a1=[-0.013 -0.004 0.021 -0.001 -0.009]
INFO  [mc_indi_tiltrotor] T0dbg1 G0=[-0.257 0.198 0.017 0.170 -0.985] nu_des=[0.01 -0.01 0.00 -0.51 0.04]
INFO  [mc_indi_tiltrotor] T0dbg2 Ws34=[0.1 20.0] Wu0=1.0 du0=-0.0208 dmin0=-18.8950 dmax0=26.1050
INFO  [mc_indi_tiltrotor] T2dbg1 G2=[-0.000 -0.650 0.060 0.004 -1.000] G5=[-0.759 -0.856 -0.003 12.647 0.046]
INFO  [mc_indi_tiltrotor] T2dbg2 Wu25=[1.0 9.0] du25=[-0.0108 -0.0005] dmax25=[32.3530 0.0017] nu_yaw=0.001
INFO  [mc_indi_tiltrotor] WRdbg0 Wu0=1 lo0=-18.89 du0=-0.0208 pin0=0.000 a0=[-0.008 0.001 0.000 -0.003 -0.010]
INFO  [mc_indi_tiltrotor] WRdbg1 Wu1=1 lo1=-19.48 du1=-0.0057 pin1=0.000 a1=[0.011 -0.001 -0.000 -0.002 -0.013]
INFO  [mc_indi_tiltrotor] YWdbg nu2=0.015 ach2=0.014 r=0.02 wsp2=-0.05 ddelta=[-0.0032 -0.0005 0.0002]
INFO  [mc_indi_tiltrotor] T0dbg1 G0=[-0.256 0.199 0.018 0.165 -0.986] nu_des=[0.01 0.09 0.03 -0.41 0.20]
INFO  [mc_indi_tiltrotor] T0dbg2 Ws34=[0.1 20.0] Wu0=1.0 du0=-0.0631 dmin0=-19.0507 dmax0=25.9493
INFO  [mc_indi_tiltrotor] T2dbg1 G2=[-0.000 -0.650 0.060 0.003 -1.000] G5=[-0.743 -0.843 -0.002 12.382 0.037]
INFO  [mc_indi_tiltrotor] T2dbg2 Wu25=[1.0 9.0] du25=[-0.1262 -0.0014] dmax25=[32.6175 0.0008] nu_yaw=0.034
INFO  [mc_indi_tiltrotor] WRdbg0 Wu0=1 lo0=-19.05 du0=-0.0631 pin0=-0.028 a0=[-0.015 0.055 0.001 0.000 -0.075]
INFO  [mc_indi_tiltrotor] WRdbg1 Wu1=1 lo1=-19.69 du1=-0.0414 pin1=-0.028 a1=[0.014 0.051 -0.001 -0.000 -0.076]
INFO  [mc_indi_tiltrotor] T0dbg1 G0=[-0.256 0.199 0.018 0.163 -0.987] nu_des=[0.00 0.34 0.08 -0.44 0.27]
INFO  [mc_indi_tiltrotor] T0dbg2 Ws34=[0.1 20.0] Wu0=1.0 du0=0.0402 dmin0=-19.1371 dmax0=25.8629
INFO  [mc_indi_tiltrotor] T2dbg1 G2=[-0.000 -0.650 0.060 0.004 -1.000] G5=[-0.708 -0.797 -0.003 11.793 0.043]
INFO  [mc_indi_tiltrotor] T2dbg2 Wu25=[1.0 1000000.0] du25=[-0.4018 -0.0037] dmax25=[33.2071 -0.0018] nu_yaw=0.081
INFO  [mc_indi_tiltrotor] WRdbg0 Wu0=1 lo0=-19.14 du0=0.0402 pin0=-0.051 a0=[-0.003 0.194 0.000 -0.000 -0.100]
INFO  [mc_indi_tiltrotor] WRdbg1 Wu1=1 lo1=-19.80 du1=0.0567 pin1=-0.042 a1=[0.003 0.198 -0.000 -0.000 -0.103]
INFO  [mc_indi_tiltrotor] YWdbg nu2=0.051 ach2=0.049 r=-0.03 wsp2=-0.04 ddelta=[-0.0100 -0.0047 0.0019]
INFO  [mc_indi_tiltrotor] T0dbg1 G0=[-0.256 0.199 0.019 0.160 -0.987] nu_des=[-0.02 -0.19 0.05 -0.44 0.17]
INFO  [mc_indi_tiltrotor] T0dbg2 Ws34=[0.1 20.0] Wu0=1.0 du0=-0.1798 dmin0=-19.2526 dmax0=25.7474
INFO  [mc_indi_tiltrotor] T2dbg1 G2=[-0.000 -0.650 0.060 0.005 -1.000] G5=[-0.697 -0.775 -0.003 11.609 0.058]
INFO  [mc_indi_tiltrotor] T2dbg2 Wu25=[1.0 1000000.0] du25=[0.2171 0.0007] dmax25=[33.3904 0.0007] nu_yaw=0.049
INFO  [mc_indi_tiltrotor] WRdbg0 Wu0=1 lo0=-19.25 du0=-0.1798 pin0=-0.041 a0=[0.038 -0.111 0.000 -0.000 -0.066]
INFO  [mc_indi_tiltrotor] WRdbg1 Wu1=1 lo1=-19.71 du1=-0.2458 pin1=-0.029 a1=[-0.036 -0.113 -0.000 -0.000 -0.067]
INFO  [mc_indi_tiltrotor] T0dbg1 G0=[-0.256 0.200 0.020 0.159 -0.987] nu_des=[-0.01 -1.10 0.00 -0.36 0.34]
INFO  [mc_indi_tiltrotor] T0dbg2 Ws34=[0.1 20.0] Wu0=1.0 du0=-0.7519 dmin0=-19.0594 dmax0=25.9406
INFO  [mc_indi_tiltrotor] T2dbg1 G2=[-0.000 -0.650 0.060 0.005 -1.000] G5=[-0.731 -0.812 -0.004 12.182 0.062]
INFO  [mc_indi_tiltrotor] T2dbg2 Wu25=[1.0 1000000.0] du25=[1.1903 0.0072] dmax25=[32.8174 0.0072] nu_yaw=0.001
INFO  [mc_indi_tiltrotor] WRdbg0 Wu0=1 lo0=-19.06 du0=-0.7519 pin0=-0.010 a0=[0.020 -0.634 0.000 -0.000 -0.128]
INFO  [mc_indi_tiltrotor] WRdbg1 Wu1=1 lo1=-19.30 du1=-0.8000 pin1=-0.001 a1=[-0.020 -0.648 -0.000 -0.000 -0.131]
INFO  [mc_indi_tiltrotor] YWdbg nu2=-0.012 ach2=0.111 r=-0.00 wsp2=-0.01 ddelta=[0.0000 0.0045 0.0091]
INFO  [mc_indi_tiltrotor] T0dbg1 G0=[-0.256 0.200 0.020 0.158 -0.987] nu_des=[0.00 -0.34 -0.07 -0.29 0.53]
INFO  [mc_indi_tiltrotor] T0dbg2 Ws34=[0.1 20.0] Wu0=1.0 du0=-0.3559 dmin0=-18.6985 dmax0=26.3015
INFO  [mc_indi_tiltrotor] T2dbg1 G2=[-0.000 -0.650 0.060 0.006 -1.000] G5=[-0.796 -0.880 -0.005 13.272 0.076]
INFO  [mc_indi_tiltrotor] T2dbg2 Wu25=[1.0 1000000.0] du25=[0.2175 0.0062] dmax25=[31.7275 0.0102] nu_yaw=-0.065
INFO  [mc_indi_tiltrotor] WRdbg0 Wu0=1 lo0=-18.70 du0=-0.3559 pin0=0.039 a0=[-0.001 -0.194 -0.000 -0.000 -0.200]
INFO  [mc_indi_tiltrotor] WRdbg1 Wu1=1 lo1=-19.07 du1=-0.3840 pin1=0.019 a1=[0.001 -0.199 0.000 -0.000 -0.205]
INFO  [mc_indi_tiltrotor] T0dbg1 G0=[-0.256 0.200 0.020 0.158 -0.987] nu_des=[0.00 -0.13 -0.10 -0.27 0.27]
INFO  [mc_indi_tiltrotor] T0dbg2 Ws34=[0.1 20.0] Wu0=1.0 du0=-0.1280 dmin0=-18.3881 dmax0=26.6119
INFO  [mc_indi_tiltrotor] T2dbg1 G2=[-0.000 -0.650 0.060 0.006 -1.000] G5=[-0.791 -0.869 -0.005 13.188 0.083]
INFO  [mc_indi_tiltrotor] T2dbg2 Wu25=[1.0 1000000.0] du25=[0.0337 0.0013] dmax25=[31.8116 0.0053] nu_yaw=-0.104
INFO  [mc_indi_tiltrotor] WRdbg0 Wu0=1 lo0=-18.39 du0=-0.1280 pin0=0.056 a0=[-0.004 -0.077 -0.000 -0.000 -0.103]
INFO  [mc_indi_tiltrotor] WRdbg1 Wu1=1 lo1=-19.02 du1=-0.1450 pin1=0.035 a1=[0.004 -0.079 0.000 -0.000 -0.105]
INFO  [mc_indi_tiltrotor] YWdbg nu2=-0.111 ach2=-0.034 r=0.03 wsp2=-0.04 ddelta=[0.0120 0.0049 -0.0008]
INFO  [mc_indi_tiltrotor] T0dbg1 G0=[-0.256 0.200 0.019 0.160 -0.987] nu_des=[0.02 0.68 -0.09 -0.32 0.22]
INFO  [mc_indi_tiltrotor] T0dbg2 Ws34=[0.1 20.0] Wu0=1.0 du0=0.3038 dmin0=-18.4160 dmax0=26.5840
INFO  [mc_indi_tiltrotor] T2dbg1 G2=[-0.000 -0.650 0.060 0.006 -1.000] G5=[-0.798 -0.876 -0.005 13.304 0.086]
INFO  [mc_indi_tiltrotor] T2dbg2 Wu25=[1.0 1000000.0] du25=[-0.8642 -0.0032] dmax25=[31.6956 0.0008] nu_yaw=-0.089
INFO  [mc_indi_tiltrotor] WRdbg0 Wu0=1 lo0=-18.42 du0=0.3038 pin0=0.022 a0=[-0.032 0.396 -0.000 -0.000 -0.082]
INFO  [mc_indi_tiltrotor] WRdbg1 Wu1=1 lo1=-19.05 du1=0.3626 pin1=0.012 a1=[0.031 0.404 0.000 -0.000 -0.084]
INFO  [mc_indi_tiltrotor] T0dbg1 G0=[-0.256 0.200 0.019 0.160 -0.987] nu_des=[-0.01 0.44 -0.05 -0.41 0.48]
INFO  [mc_indi_tiltrotor] T0dbg2 Ws34=[0.1 20.0] Wu0=1.0 du0=0.0512 dmin0=-19.2349 dmax0=25.7651
INFO  [mc_indi_tiltrotor] T2dbg1 G2=[-0.000 -0.650 0.060 0.005 -1.000] G5=[-0.731 -0.811 -0.004 12.184 0.064]
INFO  [mc_indi_tiltrotor] T2dbg2 Wu25=[1.0 1000000.0] du25=[-0.5908 -0.0053] dmax25=[32.8157 -0.0034] nu_yaw=-0.046
INFO  [mc_indi_tiltrotor] WRdbg0 Wu0=1 lo0=-19.23 du0=0.0512 pin0=-0.037 a0=[0.011 0.256 -0.000 -0.000 -0.179]
INFO  [mc_indi_tiltrotor] WRdbg1 Wu1=1 lo1=-19.58 du1=0.0443 pin1=-0.024 a1=[-0.010 0.262 0.000 -0.000 -0.183]
INFO  [mc_indi_tiltrotor] YWdbg nu2=-0.076 ach2=-0.108 r=0.06 wsp2=-0.10 ddelta=[-0.0020 -0.0081 -0.0055]
INFO  [mc_indi_tiltrotor] T0dbg1 G0=[-0.256 0.200 0.020 0.158 -0.987] nu_des=[-0.01 0.26 -0.07 -0.35 0.22]
INFO  [mc_indi_tiltrotor] T0dbg2 Ws34=[0.1 20.0] Wu0=1.0 du0=0.0511 dmin0=-19.4344 dmax0=25.5656
INFO  [mc_indi_tiltrotor] T2dbg1 G2=[-0.000 -0.650 0.060 0.005 -1.000] G5=[-0.707 -0.789 -0.003 11.777 0.054]
INFO  [mc_indi_tiltrotor] T2dbg2 Wu25=[1.0 1000000.0] du25=[-0.3090 -0.0011] dmax25=[33.2229 -0.0011] nu_yaw=-0.071
INFO  [mc_indi_tiltrotor] WRdbg0 Wu0=1 lo0=-19.43 du0=0.0511 pin0=-0.044 a0=[0.029 0.149 -0.000 -0.000 -0.083]
INFO  [mc_indi_tiltrotor] WRdbg1 Wu1=1 lo1=-19.68 du1=-0.0007 pin1=-0.040 a1=[-0.028 0.152 0.000 -0.000 -0.085]
INFO  [mc_indi_tiltrotor] T0dbg1 G0=[-0.256 0.200 0.020 0.157 -0.988] nu_des=[-0.01 -1.03 -0.16 -0.25 0.34]
INFO  [mc_indi_tiltrotor] T0dbg2 Ws34=[0.1 20.0] Wu0=1.0 du0=-0.7045 dmin0=-18.9948 dmax0=26.0052
INFO  [mc_indi_tiltrotor] T2dbg1 G2=[-0.000 -0.650 0.060 0.005 -1.000] G5=[-0.737 -0.818 -0.004 12.286 0.064]
INFO  [mc_indi_tiltrotor] T2dbg2 Wu25=[1.0 1000000.0] du25=[1.1032 0.0110] dmax25=[32.7135 0.0110] nu_yaw=-0.160
INFO  [mc_indi_tiltrotor] WRdbg0 Wu0=1 lo0=-18.99 du0=-0.7045 pin0=-0.003 a0=[0.026 -0.598 -0.000 -0.000 -0.129]
INFO  [mc_indi_tiltrotor] WRdbg1 Wu1=1 lo1=-19.44 du1=-0.7563 pin1=0.011 a1=[-0.025 -0.611 0.000 -0.000 -0.132]
INFO  [mc_indi_tiltrotor] YWdbg nu2=-0.115 ach2=0.021 r=0.11 wsp2=-0.24 ddelta=[-0.0120 -0.0043 0.0004]
INFO  [mc_indi_tiltrotor] T0dbg1 G0=[-0.256 0.200 0.020 0.158 -0.987] nu_des=[0.00 -0.36 -0.25 -0.22 0.58]
INFO  [mc_indi_tiltrotor] T0dbg2 Ws34=[0.1 20.0] Wu0=1.0 du0=-0.3904 dmin0=-18.5077 dmax0=26.4923
INFO  [mc_indi_tiltrotor] T2dbg1 G2=[-0.000 -0.650 0.060 0.007 -1.000] G5=[-0.803 -0.877 -0.006 13.383 0.092]
INFO  [mc_indi_tiltrotor] T2dbg2 Wu25=[1.0 1000000.0] du25=[0.2289 0.0060] dmax25=[31.6169 0.0100] nu_yaw=-0.246
INFO  [mc_indi_tiltrotor] WRdbg0 Wu0=1 lo0=-18.51 du0=-0.3904 pin0=0.046 a0=[-0.007 -0.209 -0.000 -0.000 -0.219]
INFO  [mc_indi_tiltrotor] WRdbg1 Wu1=1 lo1=-19.17 du1=-0.4084 pin1=0.023 a1=[0.007 -0.214 0.000 -0.000 -0.225]
INFO  [mc_indi_tiltrotor] T0dbg1 G0=[-0.256 0.199 0.019 0.162 -0.987] nu_des=[0.01 -0.06 -0.30 -0.27 0.31]
INFO  [mc_indi_tiltrotor] T0dbg2 Ws34=[0.1 20.0] Wu0=1.0 du0=-0.1218 dmin0=-18.3931 dmax0=26.6069
INFO  [mc_indi_tiltrotor] T2dbg1 G2=[-0.000 -0.650 0.060 0.005 -1.000] G5=[-0.808 -0.895 -0.004 13.468 0.073]
INFO  [mc_indi_tiltrotor] T2dbg2 Wu25=[1.0 1000000.0] du25=[-0.0417 -0.0029] dmax25=[31.5315 0.0011] nu_yaw=-0.304
INFO  [mc_indi_tiltrotor] WRdbg0 Wu0=1 lo0=-18.39 du0=-0.1218 pin0=0.040 a0=[-0.011 -0.034 -0.000 -0.000 -0.116]
INFO  [mc_indi_tiltrotor] WRdbg1 Wu1=1 lo1=-18.91 du1=-0.1123 pin1=0.031 a1=[0.011 -0.035 0.000 -0.000 -0.119]
INFO  [mc_indi_tiltrotor] YWdbg nu2=-0.257 ach2=0.056 r=0.08 wsp2=-0.40 ddelta=[0.0060 0.0098 0.0063]
INFO  [mc_indi_tiltrotor] T0dbg1 G0=[-0.256 0.199 0.018 0.165 -0.986] nu_des=[0.01 1.05 -0.26 -0.34 0.36]
INFO  [mc_indi_tiltrotor] T0dbg2 Ws34=[0.1 20.0] Wu0=1.0 du0=0.4443 dmin0=-18.6528 dmax0=26.3472
INFO  [mc_indi_tiltrotor] T2dbg1 G2=[-0.000 -0.650 0.060 0.003 -1.000] G5=[-0.775 -0.877 -0.003 12.912 0.042]
INFO  [mc_indi_tiltrotor] T2dbg2 Wu25=[1.0 1000000.0] du25=[-1.3040 -0.0033] dmax25=[32.0881 -0.0013] nu_yaw=-0.261
INFO  [mc_indi_tiltrotor] WRdbg0 Wu0=1 lo0=-18.65 du0=0.4443 pin0=-0.008 a0=[-0.021 0.609 -0.000 -0.000 -0.136]
INFO  [mc_indi_tiltrotor] WRdbg1 Wu1=1 lo1=-19.02 du1=0.5157 pin1=0.012 a1=[0.020 0.623 0.000 -0.000 -0.139]
INFO  [mc_indi_tiltrotor] T0dbg1 G0=[-0.257 0.199 0.017 0.167 -0.986] nu_des=[0.00 0.37 -0.20 -0.45 0.46]
INFO  [mc_indi_tiltrotor] T0dbg2 Ws34=[0.1 20.0] Wu0=1.0 du0=0.0107 dmin0=-19.1846 dmax0=25.8154
INFO  [mc_indi_tiltrotor] T2dbg1 G2=[-0.000 -0.650 0.060 0.003 -1.000] G5=[-0.728 -0.828 -0.002 12.129 0.033]
INFO  [mc_indi_tiltrotor] T2dbg2 Wu25=[1.0 1000000.0] du25=[-0.5154 -0.0027] dmax25=[32.8708 -0.0008] nu_yaw=-0.198
INFO  [mc_indi_tiltrotor] WRdbg0 Wu0=1 lo0=-19.18 du0=0.0107 pin0=-0.029 a0=[-0.003 0.216 -0.000 -0.000 -0.173]
INFO  [mc_indi_tiltrotor] WRdbg1 Wu1=1 lo1=-19.56 du1=0.0249 pin1=-0.022 a1=[0.003 0.221 0.000 -0.000 -0.177]
INFO  [mc_indi_tiltrotor] YWdbg nu2=-0.305 ach2=-0.087 r=0.03 wsp2=-0.49 ddelta=[0.0100 -0.0023 -0.0034]
INFO  [mc_indi_tiltrotor] T0dbg1 G0=[-0.257 0.196 0.012 0.187 -0.982] nu_des=[0.00 -0.05 -0.11 -0.70 0.06]
INFO  [mc_indi_tiltrotor] T0dbg2 Ws34=[0.1 20.0] Wu0=1.0 du0=-0.0363 dmin0=-18.8392 dmax0=26.1608
INFO  [mc_indi_tiltrotor] T2dbg1 G2=[-0.000 -0.650 0.060 0.003 -1.000] G5=[-0.755 -0.852 -0.003 12.575 0.044]
INFO  [mc_indi_tiltrotor] T2dbg2 Wu25=[1.0 9.0] du25=[0.0203 0.0005] dmax25=[32.4245 0.0023] nu_yaw=-0.111
INFO  [mc_indi_tiltrotor] WRdbg0 Wu0=1 lo0=-18.84 du0=-0.0363 pin0=0.029 a0=[-0.009 -0.032 -0.002 0.000 -0.023]
INFO  [mc_indi_tiltrotor] WRdbg1 Wu1=1 lo1=-19.42 du1=-0.0019 pin1=0.038 a1=[0.009 -0.029 0.004 -0.000 -0.023]
INFO  [mc_indi_tiltrotor] T0dbg1 G0=[-0.257 0.196 0.013 0.185 -0.983] nu_des=[-0.00 0.10 0.08 -0.68 -0.01]
INFO  [mc_indi_tiltrotor] T0dbg2 Ws34=[0.1 20.0] Wu0=1.0 du0=0.0257 dmin0=-18.8114 dmax0=26.1886
INFO  [mc_indi_tiltrotor] T2dbg1 G2=[-0.000 -0.650 0.060 0.002 -1.000] G5=[-0.746 -0.855 -0.001 12.437 0.024]
INFO  [mc_indi_tiltrotor] T2dbg2 Wu25=[1.0 9.0] du25=[-0.0716 -0.0018] dmax25=[32.5634 0.0002] nu_yaw=0.078
INFO  [mc_indi_tiltrotor] WRdbg0 Wu0=1 lo0=-18.81 du0=0.0257 pin0=-0.043 a0=[0.005 0.058 0.002 0.000 0.003]
INFO  [mc_indi_tiltrotor] WRdbg1 Wu1=1 lo1=-19.57 du1=0.0135 pin1=-0.035 a1=[-0.005 0.053 -0.003 -0.000 0.003]
INFO  [mc_indi_tiltrotor] YWdbg nu2=0.085 ach2=0.057 r=-0.33 wsp2=-0.31 ddelta=[-0.0120 0.0013 -0.0020]
INFO  [mc_indi_tiltrotor] T0dbg1 G0=[-0.256 0.199 0.019 0.162 -0.987] nu_des=[0.00 0.10 0.07 -0.66 0.04]
INFO  [mc_indi_tiltrotor] T0dbg2 Ws34=[0.1 20.0] Wu0=1.0 du0=0.0092 dmin0=-19.0131 dmax0=25.9869
INFO  [mc_indi_tiltrotor] T2dbg1 G2=[-0.000 -0.650 0.060 0.002 -1.000] G5=[-0.749 -0.861 -0.001 12.488 0.020]
INFO  [mc_indi_tiltrotor] T2dbg2 Wu25=[1.0 1000000.0] du25=[-0.0918 -0.0016] dmax25=[32.5115 0.0006] nu_yaw=0.070
INFO  [mc_indi_tiltrotor] WRdbg0 Wu0=1 lo0=-19.01 du0=0.0092 pin0=-0.027 a0=[-0.006 0.058 0.000 -0.000 -0.016]
INFO  [mc_indi_tiltrotor] WRdbg1 Wu1=1 lo1=-19.44 du1=0.0038 pin1=-0.044 a1=[0.005 0.059 -0.000 -0.000 -0.016]
INFO  [mc_indi_tiltrotor] T0dbg1 G0=[-0.256 0.201 0.022 0.148 -0.989] nu_des=[-0.01 -0.77 0.03 -0.68 0.26]
INFO  [mc_indi_tiltrotor] T0dbg2 Ws34=[0.1 20.0] Wu0=1.0 du0=-0.5784 dmin0=-19.6295 dmax0=25.3705
INFO  [mc_indi_tiltrotor] T2dbg1 G2=[-0.000 -0.650 0.060 0.002 -1.000] G5=[-0.686 -0.782 -0.002 11.429 0.027]
INFO  [mc_indi_tiltrotor] T2dbg2 Wu25=[1.0 1000000.0] du25=[0.8731 0.0020] dmax25=[33.5709 0.0020] nu_yaw=0.027
INFO  [mc_indi_tiltrotor] WRdbg0 Wu0=1 lo0=-19.63 du0=-0.5784 pin0=-0.043 a0=[0.010 -0.448 0.000 -0.000 -0.097]
INFO  [mc_indi_tiltrotor] WRdbg1 Wu1=1 lo1=-19.77 du1=-0.5853 pin1=-0.021 a1=[-0.010 -0.456 -0.000 -0.000 -0.099]
INFO  [mc_indi_tiltrotor] YWdbg nu2=-0.084 ach2=-0.189 r=-0.08 wsp2=0.11 ddelta=[0.0010 -0.0012 -0.0042]
INFO  [mc_indi_tiltrotor] T0dbg1 G0=[-0.256 0.201 0.022 0.149 -0.989] nu_des=[0.00 -0.39 -0.17 -0.49 0.88]
INFO  [mc_indi_tiltrotor] T0dbg2 Ws34=[0.1 20.0] Wu0=1.0 du0=-0.5023 dmin0=-18.3077 dmax0=26.6923
INFO  [mc_indi_tiltrotor] T2dbg1 G2=[-0.000 -0.650 0.060 0.006 -1.000] G5=[-0.847 -0.936 -0.005 14.111 0.079]
INFO  [mc_indi_tiltrotor] T2dbg2 Wu25=[1.0 1000000.0] du25=[0.1783 0.0022] dmax25=[30.8890 0.0066] nu_yaw=-0.170
INFO  [mc_indi_tiltrotor] WRdbg0 Wu0=1 lo0=-18.31 du0=-0.5023 pin0=0.059 a0=[-0.005 -0.225 -0.000 -0.000 -0.331]
INFO  [mc_indi_tiltrotor] WRdbg1 Wu1=1 lo1=-18.56 du1=-0.5197 pin1=0.041 a1=[0.005 -0.229 0.000 -0.000 -0.337]
INFO  [mc_indi_tiltrotor] T0dbg1 G0=[-0.256 0.201 0.021 0.153 -0.988] nu_des=[0.01 1.73 -0.37 -0.67 1.06]
INFO  [mc_indi_tiltrotor] T0dbg2 Ws34=[0.1 20.0] Wu0=1.0 du0=0.5753 dmin0=-19.0883 dmax0=25.9117
INFO  [mc_indi_tiltrotor] T2dbg1 G2=[-0.000 -0.650 0.060 0.005 -1.000] G5=[-0.757 -0.841 -0.004 12.615 0.064]
INFO  [mc_indi_tiltrotor] T2dbg2 Wu25=[1.0 1000000.0] du25=[-2.2490 -0.0051] dmax25=[32.3846 -0.0031] nu_yaw=-0.367
INFO  [mc_indi_tiltrotor] WRdbg0 Wu0=1 lo0=-19.09 du0=0.5753 pin0=-0.017 a0=[-0.013 1.004 -0.000 -0.000 -0.399]
INFO  [mc_indi_tiltrotor] WRdbg1 Wu1=1 lo1=-19.51 du1=0.6143 pin1=-0.012 a1=[0.013 1.020 0.000 -0.000 -0.406]
INFO  [mc_indi_tiltrotor] YWdbg nu2=-0.299 ach2=0.062 r=0.36 wsp2=-0.13 ddelta=[0.0056 0.0056 0.0091]
INFO  [mc_indi_tiltrotor] T0dbg1 G0=[-0.256 0.200 0.020 0.156 -0.988] nu_des=[-0.01 -0.51 -0.41 -0.46 0.30]
INFO  [mc_indi_tiltrotor] T0dbg2 Ws34=[0.1 20.0] Wu0=1.0 du0=-0.3900 dmin0=-18.9367 dmax0=26.0633
INFO  [mc_indi_tiltrotor] T2dbg1 G2=[-0.000 -0.650 0.060 0.003 -1.000] G5=[-0.715 -0.810 -0.002 11.918 0.037]
INFO  [mc_indi_tiltrotor] T2dbg2 Wu25=[1.0 1000000.0] du25=[0.5023 0.0057] dmax25=[33.0819 0.0057] nu_yaw=-0.406
INFO  [mc_indi_tiltrotor] WRdbg0 Wu0=1 lo0=-18.94 du0=-0.3900 pin0=-0.006 a0=[0.022 -0.294 -0.000 -0.000 -0.112]
INFO  [mc_indi_tiltrotor] WRdbg1 Wu1=1 lo1=-19.50 du1=-0.3879 pin1=0.048 a1=[-0.022 -0.300 0.000 -0.000 -0.114]
INFO  [mc_indi_tiltrotor] T0dbg1 G0=[-0.257 0.194 0.010 0.195 -0.981] nu_des=[0.00 0.00 -0.26 -0.80 0.10]
INFO  [mc_indi_tiltrotor] T0dbg2 Ws34=[0.1 20.0] Wu0=1.0 du0=-0.0101 dmin0=-18.7938 dmax0=26.2062
INFO  [mc_indi_tiltrotor] T2dbg1 G2=[-0.000 -0.650 0.060 0.000 -1.000] G5=[-0.743 -0.865 -0.000 12.381 0.002]
INFO  [mc_indi_tiltrotor] T2dbg2 Wu25=[1.0 1000000.0] du25=[-0.0535 -0.0002] dmax25=[32.6194 0.0020] nu_yaw=-0.256
INFO  [mc_indi_tiltrotor] WRdbg0 Wu0=1 lo0=-18.79 du0=-0.0101 pin0=0.029 a0=[-0.004 0.002 -0.000 -0.000 -0.037]
INFO  [mc_indi_tiltrotor] WRdbg1 Wu1=1 lo1=-19.34 du1=0.0091 pin1=0.042 a1=[0.004 0.002 0.000 -0.000 -0.038]
INFO  [mc_indi_tiltrotor] YWdbg nu2=-0.232 ach2=-0.071 r=0.28 wsp2=-0.50 ddelta=[0.0120 -0.0005 -0.0001]
INFO  [mc_indi_tiltrotor] T0dbg1 G0=[-0.257 0.190 0.003 0.221 -0.975] nu_des=[0.00 0.01 0.02 -1.29 -0.01]
INFO  [mc_indi_tiltrotor] T0dbg2 Ws34=[0.1 20.0] Wu0=1.0 du0=-0.0045 dmin0=-18.9068 dmax0=26.0932
INFO  [mc_indi_tiltrotor] T2dbg1 G2=[-0.000 -0.650 0.060 0.000 -1.000] G5=[-0.746 -0.868 -0.000 12.433 0.003]
INFO  [mc_indi_tiltrotor] T2dbg2 Wu25=[1.0 1000000.0] du25=[0.0044 -0.0002] dmax25=[32.5673 0.0019] nu_yaw=0.020
INFO  [mc_indi_tiltrotor] WRdbg0 Wu0=1 lo0=-18.91 du0=-0.0045 pin0=-0.000 a0=[-0.001 0.003 -0.010 -0.001 0.005]
INFO  [mc_indi_tiltrotor] WRdbg1 Wu1=1 lo1=-19.47 du1=-0.0034 pin1=-0.001 a1=[0.001 0.004 -0.011 -0.001 0.005]
INFO  [mc_indi_tiltrotor] T0dbg1 G0=[-0.257 0.194 0.010 0.194 -0.981] nu_des=[0.01 0.09 0.07 -1.00 -0.01]
INFO  [mc_indi_tiltrotor] T0dbg2 Ws34=[0.1 20.0] Wu0=1.0 du0=0.0001 dmin0=-18.9707 dmax0=26.0293
INFO  [mc_indi_tiltrotor] T2dbg1 G2=[-0.000 -0.650 0.060 0.001 -1.000] G5=[-0.759 -0.878 -0.001 12.650 0.011]
INFO  [mc_indi_tiltrotor] T2dbg2 Wu25=[1.0 1000000.0] du25=[-0.0723 -0.0009] dmax25=[32.3499 0.0013] nu_yaw=0.067
INFO  [mc_indi_tiltrotor] WRdbg0 Wu0=1 lo0=-18.97 du0=0.0001 pin0=-0.027 a0=[-0.025 0.051 0.000 -0.000 0.002]
INFO  [mc_indi_tiltrotor] WRdbg1 Wu1=1 lo1=-19.49 du1=0.0336 pin1=-0.045 a1=[0.024 0.052 -0.000 -0.000 0.002]
INFO  [mc_indi_tiltrotor] YWdbg nu2=0.071 ach2=0.076 r=-0.45 wsp2=-0.50 ddelta=[-0.0032 0.0098 0.0030]
INFO  [mc_indi_tiltrotor] T0dbg1 G0=[-0.257 0.197 0.015 0.175 -0.985] nu_des=[0.00 0.07 0.10 -1.02 0.06]
INFO  [mc_indi_tiltrotor] T0dbg2 Ws34=[0.1 20.0] Wu0=1.0 du0=0.0014 dmin0=-18.9921 dmax0=26.0079
INFO  [mc_indi_tiltrotor] T2dbg1 G2=[-0.000 -0.650 0.060 0.001 -1.000] G5=[-0.748 -0.864 -0.001 12.460 0.012]
INFO  [mc_indi_tiltrotor] T2dbg2 Wu25=[1.0 1000000.0] du25=[-0.0786 -0.0010] dmax25=[32.5402 0.0012] nu_yaw=0.097
INFO  [mc_indi_tiltrotor] WRdbg0 Wu0=1 lo0=-18.99 du0=0.0014 pin0=-0.007 a0=[-0.010 0.040 0.000 -0.000 -0.022]
INFO  [mc_indi_tiltrotor] WRdbg1 Wu1=1 lo1=-19.49 du1=-0.0181 pin1=-0.046 a1=[0.009 0.041 -0.000 -0.000 -0.023]
INFO  [mc_indi_tiltrotor] T0dbg1 G0=[-0.256 0.200 0.020 0.156 -0.988] nu_des=[0.00 0.07 0.03 -0.92 0.09]
INFO  [mc_indi_tiltrotor] T0dbg2 Ws34=[0.1 20.0] Wu0=1.0 du0=-0.0441 dmin0=-19.0776 dmax0=25.9224
INFO  [mc_indi_tiltrotor] T2dbg1 G2=[-0.000 -0.650 0.060 0.002 -1.000] G5=[-0.739 -0.850 -0.001 12.312 0.019]
INFO  [mc_indi_tiltrotor] T2dbg2 Wu25=[1.0 9.0] du25=[-0.0583 -0.0009] dmax25=[32.6877 0.0006] nu_yaw=0.034
INFO  [mc_indi_tiltrotor] WRdbg0 Wu0=1 lo0=-19.08 du0=-0.0441 pin0=-0.052 a0=[-0.002 0.044 0.001 0.000 -0.035]
INFO  [mc_indi_tiltrotor] WRdbg1 Wu1=1 lo1=-19.42 du1=-0.0334 pin1=-0.038 a1=[0.002 0.040 -0.001 -0.001 -0.036]
INFO  [mc_indi_tiltrotor] YWdbg nu2=0.035 ach2=0.020 r=-0.25 wsp2=0.10 ddelta=[-0.0032 0.0012 -0.0005]
INFO  [mc_indi_tiltrotor] T0dbg1 G0=[-0.256 0.202 0.023 0.146 -0.989] nu_des=[-0.01 -0.04 -0.02 -0.69 0.24]
INFO  [mc_indi_tiltrotor] T0dbg2 Ws34=[0.1 20.0] Wu0=1.0 du0=-0.1413 dmin0=-19.5345 dmax0=25.4655
INFO  [mc_indi_tiltrotor] T2dbg1 G2=[-0.000 -0.650 0.060 0.002 -1.000] G5=[-0.702 -0.804 -0.001 11.695 0.023]
INFO  [mc_indi_tiltrotor] T2dbg2 Wu25=[1.0 1000000.0] du25=[0.0411 0.0002] dmax25=[33.3045 0.0002] nu_yaw=-0.020
INFO  [mc_indi_tiltrotor] WRdbg0 Wu0=1 lo0=-19.53 du0=-0.1413 pin0=-0.053 a0=[0.025 -0.025 -0.000 -0.000 -0.089]
INFO  [mc_indi_tiltrotor] WRdbg1 Wu1=1 lo1=-19.78 du1=-0.1714 pin1=-0.032 a1=[-0.025 -0.025 0.000 -0.000 -0.090]
INFO  [mc_indi_tiltrotor] T0dbg1 G0=[-0.256 0.201 0.023 0.147 -0.989] nu_des=[-0.00 -0.43 -0.26 -0.49 1.00]
INFO  [mc_indi_tiltrotor] T0dbg2 Ws34=[0.1 20.0] Wu0=1.0 du0=-0.5753 dmin0=-18.4698 dmax0=26.5302
INFO  [mc_indi_tiltrotor] T2dbg1 G2=[-0.000 -0.650 0.060 0.005 -1.000] G5=[-0.831 -0.924 -0.004 13.849 0.070]
INFO  [mc_indi_tiltrotor] T2dbg2 Wu25=[1.0 1000000.0] du25=[0.2051 0.0051] dmax25=[31.1508 0.0095] nu_yaw=-0.256
INFO  [mc_indi_tiltrotor] WRdbg0 Wu0=1 lo0=-18.47 du0=-0.5753 pin0=0.038 a0=[0.008 -0.247 -0.000 -0.000 -0.375]
INFO  [mc_indi_tiltrotor] WRdbg1 Wu1=1 lo1=-18.72 du1=-0.5986 pin1=0.042 a1=[-0.008 -0.251 0.000 -0.000 -0.381]
INFO  [mc_indi_tiltrotor] YWdbg nu2=-0.328 ach2=-0.153 r=0.31 wsp2=0.04 ddelta=[0.0054 0.0032 -0.0051]
INFO  [mc_indi_tiltrotor] T0dbg1 G0=[-0.256 0.201 0.022 0.151 -0.989] nu_des=[-0.00 0.87 -0.43 -0.46 0.61]
INFO  [mc_indi_tiltrotor] T0dbg2 Ws34=[0.1 20.0] Wu0=1.0 du0=0.2322 dmin0=-18.9158 dmax0=26.0842
INFO  [mc_indi_tiltrotor] T2dbg1 G2=[-0.000 -0.650 0.060 0.004 -1.000] G5=[-0.743 -0.836 -0.003 12.384 0.048]
INFO  [mc_indi_tiltrotor] T2dbg2 Wu25=[1.0 1000000.0] du25=[-1.1221 -0.0039] dmax25=[32.6158 -0.0018] nu_yaw=-0.426
INFO  [mc_indi_tiltrotor] WRdbg0 Wu0=1 lo0=-18.92 du0=0.2322 pin0=-0.041 a0=[0.001 0.503 -0.000 -0.000 -0.231]
INFO  [mc_indi_tiltrotor] WRdbg1 Wu1=1 lo1=-19.38 du1=0.2698 pin1=-0.005 a1=[-0.001 0.512 0.000 -0.000 -0.236]
INFO  [mc_indi_tiltrotor] T0dbg1 G0=[-0.257 0.197 0.014 0.180 -0.984] nu_des=[-0.01 0.10 -0.38 -0.53 0.08]
INFO  [mc_indi_tiltrotor] T0dbg2 Ws34=[0.1 20.0] Wu0=1.0 du0=0.0635 dmin0=-18.8075 dmax0=26.1925
INFO  [mc_indi_tiltrotor] T2dbg1 G2=[-0.000 -0.650 0.060 0.000 -1.000] G5=[-0.761 -0.884 -0.000 12.688 0.006]
INFO  [mc_indi_tiltrotor] T2dbg2 Wu25=[1.0 1000000.0] du25=[-0.1555 -0.0005] dmax25=[32.3122 0.0017] nu_yaw=-0.381
INFO  [mc_indi_tiltrotor] WRdbg0 Wu0=1 lo0=-18.81 du0=0.0635 pin0=0.023 a0=[0.015 0.055 -0.000 -0.000 -0.030]
INFO  [mc_indi_tiltrotor] WRdbg1 Wu1=1 lo1=-19.34 du1=0.0534 pin1=0.042 a1=[-0.014 0.057 0.000 -0.000 -0.031]
INFO  [mc_indi_tiltrotor] YWdbg nu2=-0.365 ach2=-0.062 r=0.43 wsp2=-0.50 ddelta=[0.0120 -0.0013 -0.0004]
INFO  [mc_indi_tiltrotor] T0dbg1 G0=[-0.257 0.191 0.004 0.217 -0.976] nu_des=[0.00 -0.02 -0.07 -1.22 0.10]
INFO  [mc_indi_tiltrotor] T0dbg2 Ws34=[0.1 20.0] Wu0=1.0 du0=-0.0137 dmin0=-18.9276 dmax0=26.0724
INFO  [mc_indi_tiltrotor] T2dbg1 G2=[-0.000 -0.650 0.060 0.000 -1.000] G5=[-0.742 -0.865 -0.000 12.367 0.001]
INFO  [mc_indi_tiltrotor] T2dbg2 Wu25=[1.0 1000000.0] du25=[-0.0312 -0.0001] dmax25=[32.6326 0.0021] nu_yaw=-0.067
INFO  [mc_indi_tiltrotor] WRdbg0 Wu0=1 lo0=-18.93 du0=-0.0137 pin0=0.037 a0=[-0.003 -0.011 0.000 -0.000 -0.037]
INFO  [mc_indi_tiltrotor] WRdbg1 Wu1=1 lo1=-19.51 du1=-0.0039 pin1=0.042 a1=[0.003 -0.011 0.000 -0.000 -0.038]
INFO  [mc_indi_tiltrotor] T0dbg1 G0=[-0.257 0.193 0.008 0.203 -0.979] nu_des=[-0.00 -0.01 0.09 -1.04 -0.02]
INFO  [mc_indi_tiltrotor] T0dbg2 Ws34=[0.1 20.0] Wu0=1.0 du0=0.0077 dmin0=-18.8389 dmax0=26.1611
INFO  [mc_indi_tiltrotor] T2dbg1 G2=[-0.000 -0.650 0.060 0.001 -1.000] G5=[-0.736 -0.854 -0.000 12.261 0.006]
INFO  [mc_indi_tiltrotor] T2dbg2 Wu25=[1.0 9.0] du25=[0.0177 0.0008] dmax25=[32.7390 0.0019] nu_yaw=0.087
INFO  [mc_indi_tiltrotor] WRdbg0 Wu0=1 lo0=-18.84 du0=0.0077 pin0=-0.007 a0=[0.008 -0.003 0.002 0.000 0.008]
INFO  [mc_indi_tiltrotor] WRdbg1 Wu1=1 lo1=-19.51 du1=-0.0402 pin1=-0.035 a1=[-0.007 -0.003 -0.003 -0.001 0.008]
INFO  [mc_indi_tiltrotor] YWdbg nu2=0.083 ach2=0.078 r=-0.34 wsp2=-0.50 ddelta=[-0.0010 0.0120 0.0031]
INFO  [mc_indi_tiltrotor] T0dbg1 G0=[-0.257 0.196 0.013 0.184 -0.983] nu_des=[-0.01 0.02 0.04 -1.01 0.18]
INFO  [mc_indi_tiltrotor] T0dbg2 Ws34=[0.1 20.0] Wu0=1.0 du0=-0.0038 dmin0=-18.6317 dmax0=26.3683
INFO  [mc_indi_tiltrotor] T2dbg1 G2=[-0.000 -0.650 0.060 0.002 -1.000] G5=[-0.773 -0.888 -0.001 12.881 0.021]
INFO  [mc_indi_tiltrotor] T2dbg2 Wu25=[1.0 9.0] du25=[-0.0869 0.0001] dmax25=[32.1194 0.0022] nu_yaw=0.043
INFO  [mc_indi_tiltrotor] WRdbg0 Wu0=1 lo0=-18.63 du0=-0.0038 pin0=0.024 a0=[0.027 0.012 0.001 0.000 -0.069]
INFO  [mc_indi_tiltrotor] WRdbg1 Wu1=1 lo1=-19.24 du1=-0.0841 pin1=0.002 a1=[-0.025 0.011 -0.002 -0.001 -0.069]
INFO  [mc_indi_tiltrotor] T0dbg1 G0=[-0.256 0.199 0.019 0.162 -0.987] nu_des=[0.01 -0.01 0.07 -0.91 0.00]
INFO  [mc_indi_tiltrotor] T0dbg2 Ws34=[0.1 20.0] Wu0=1.0 du0=-0.0150 dmin0=-18.8050 dmax0=26.1950
INFO  [mc_indi_tiltrotor] T2dbg1 G2=[-0.000 -0.650 0.060 0.001 -1.000] G5=[-0.750 -0.864 -0.001 12.497 0.017]
INFO  [mc_indi_tiltrotor] T2dbg2 Wu25=[1.0 9.0] du25=[0.0059 -0.0004] dmax25=[32.5026 0.0019] nu_yaw=0.067
INFO  [mc_indi_tiltrotor] WRdbg0 Wu0=1 lo0=-18.81 du0=-0.0150 pin0=0.000 a0=[-0.020 0.001 0.010 -0.005 -0.001]
INFO  [mc_indi_tiltrotor] WRdbg1 Wu1=1 lo1=-19.22 du1=-0.0044 pin1=0.000 a1=[0.025 -0.002 -0.023 -0.004 -0.001]
INFO  [mc_indi_tiltrotor] YWdbg nu2=0.073 ach2=0.071 r=-0.39 wsp2=-0.06 ddelta=[-0.0066 0.0080 -0.0004]
INFO  [mc_indi_tiltrotor] T0dbg1 G0=[-0.256 0.200 0.020 0.156 -0.988] nu_des=[0.01 0.27 -0.05 -0.92 0.15]
INFO  [mc_indi_tiltrotor] T0dbg2 Ws34=[0.1 20.0] Wu0=1.0 du0=0.0141 dmin0=-18.8292 dmax0=26.1708
INFO  [mc_indi_tiltrotor] T2dbg1 G2=[-0.000 -0.650 0.060 0.002 -1.000] G5=[-0.762 -0.874 -0.001 12.704 0.023]
INFO  [mc_indi_tiltrotor] T2dbg2 Wu25=[1.0 1000000.0] du25=[-0.2869 -0.0018] dmax25=[32.2964 0.0004] nu_yaw=-0.045
INFO  [mc_indi_tiltrotor] WRdbg0 Wu0=1 lo0=-18.83 du0=0.0141 pin0=-0.063 a0=[-0.020 0.155 -0.000 -0.000 -0.058]
INFO  [mc_indi_tiltrotor] WRdbg1 Wu1=1 lo1=-19.08 du1=0.0746 pin1=-0.043 a1=[0.019 0.157 0.000 -0.000 -0.059]
INFO  [mc_indi_tiltrotor] T0dbg1 G0=[-0.256 0.199 0.018 0.163 -0.987] nu_des=[-0.01 -0.02 -0.06 -0.82 -0.01]
INFO  [mc_indi_tiltrotor] T0dbg2 Ws34=[0.1 20.0] Wu0=1.0 du0=0.0049 dmin0=-19.0658 dmax0=25.9342
INFO  [mc_indi_tiltrotor] T2dbg1 G2=[-0.000 -0.650 0.060 0.002 -1.000] G5=[-0.756 -0.867 -0.001 12.608 0.024]
INFO  [mc_indi_tiltrotor] T2dbg2 Wu25=[1.0 9.0] du25=[0.0222 -0.0000] dmax25=[32.3921 0.0020] nu_yaw=-0.063
INFO  [mc_indi_tiltrotor] WRdbg0 Wu0=1 lo0=-19.07 du0=0.0049 pin0=0.000 a0=[0.014 0.001 -0.009 -0.005 0.004]
INFO  [mc_indi_tiltrotor] WRdbg1 Wu1=1 lo1=-19.20 du1=0.0033 pin1=0.000 a1=[-0.018 -0.003 0.022 -0.003 0.005]
INFO  [mc_indi_tiltrotor] YWdbg nu2=-0.063 ach2=-0.061 r=0.12 wsp2=0.13 ddelta=[0.0063 -0.0066 -0.0000]
INFO  [mc_indi_tiltrotor] T0dbg1 G0=[-0.256 0.199 0.019 0.161 -0.987] nu_des=[0.02 1.50 -0.10 -0.49 0.61]
INFO  [mc_indi_tiltrotor] T0dbg2 Ws34=[0.1 20.0] Wu0=1.0 du0=0.6122 dmin0=-19.1455 dmax0=25.8545
INFO  [mc_indi_tiltrotor] T2dbg1 G2=[-0.000 -0.650 0.060 0.004 -1.000] G5=[-0.772 -0.866 -0.003 12.873 0.054]
INFO  [mc_indi_tiltrotor] T2dbg2 Wu25=[1.0 1000000.0] du25=[-1.8883 -0.0042] dmax25=[32.1268 -0.0021] nu_yaw=-0.100
INFO  [mc_indi_tiltrotor] WRdbg0 Wu0=1 lo0=-19.15 du0=0.6122 pin0=0.002 a0=[-0.032 0.869 -0.000 -0.000 -0.227]
INFO  [mc_indi_tiltrotor] WRdbg1 Wu1=1 lo1=-19.34 du1=0.6810 pin1=-0.004 a1=[0.031 0.887 0.000 -0.000 -0.233]
INFO  [mc_indi_tiltrotor] YWdbg nu2=-0.069 ach2=-0.046 r=0.17 wsp2=-0.11 ddelta=[-0.0120 -0.0105 -0.0045]
INFO  [mc_indi_tiltrotor] T0dbg1 G0=[-0.256 0.200 0.019 0.160 -0.987] nu_des=[-0.01 0.50 -0.06 -0.46 0.42]
INFO  [mc_indi_tiltrotor] T0dbg2 Ws34=[0.1 20.0] Wu0=1.0 du0=0.0867 dmin0=-19.3589 dmax0=25.6411
INFO  [mc_indi_tiltrotor] T2dbg1 G2=[-0.000 -0.650 0.060 0.004 -1.000] G5=[-0.669 -0.750 -0.003 11.157 0.048]
INFO  [mc_indi_tiltrotor] T2dbg2 Wu25=[1.0 1000000.0] du25=[-0.6228 -0.0043] dmax25=[33.8428 -0.0022] nu_yaw=-0.062
INFO  [mc_indi_tiltrotor] WRdbg0 Wu0=1 lo0=-19.36 du0=0.0867 pin0=-0.057 a0=[0.015 0.288 -0.000 -0.000 -0.159]
INFO  [mc_indi_tiltrotor] WRdbg1 Wu1=1 lo1=-20.02 du1=0.0740 pin1=-0.042 a1=[-0.015 0.294 0.000 -0.000 -0.163]
INFO  [mc_indi_tiltrotor] T0dbg1 G0=[-0.256 0.200 0.019 0.160 -0.987] nu_des=[-0.01 -0.48 -0.23 -0.29 0.76]
INFO  [mc_indi_tiltrotor] T0dbg2 Ws34=[0.1 20.0] Wu0=1.0 du0=-0.5069 dmin0=-18.3721 dmax0=26.6279
INFO  [mc_indi_tiltrotor] T2dbg1 G2=[-0.000 -0.650 0.060 0.006 -1.000] G5=[-0.814 -0.900 -0.005 13.560 0.076]
INFO  [mc_indi_tiltrotor] T2dbg2 Wu25=[1.0 1000000.0] du25=[0.3255 0.0076] dmax25=[31.4396 0.0120] nu_yaw=-0.226
INFO  [mc_indi_tiltrotor] WRdbg0 Wu0=1 lo0=-18.37 du0=-0.5069 pin0=0.038 a0=[0.017 -0.278 -0.000 -0.000 -0.283]
INFO  [mc_indi_tiltrotor] WRdbg1 Wu1=1 lo1=-19.06 du1=-0.5550 pin1=0.035 a1=[-0.016 -0.284 0.000 -0.000 -0.290]
INFO  [mc_indi_tiltrotor] YWdbg nu2=-0.296 ach2=-0.086 r=0.15 wsp2=-0.34 ddelta=[0.0098 0.0010 -0.0056]
INFO  [mc_indi_tiltrotor] T0dbg1 G0=[-0.256 0.199 0.018 0.164 -0.986] nu_des=[0.01 1.25 -0.25 -0.44 0.52]
INFO  [mc_indi_tiltrotor] T0dbg2 Ws34=[0.1 20.0] Wu0=1.0 du0=0.4833 dmin0=-18.9044 dmax0=26.0956
INFO  [mc_indi_tiltrotor] T2dbg1 G2=[-0.000 -0.650 0.060 0.005 -1.000] G5=[-0.779 -0.867 -0.004 12.989 0.065]
INFO  [mc_indi_tiltrotor] T2dbg2 Wu25=[1.0 1000000.0] du25=[-1.5608 -0.0050] dmax25=[32.0112 -0.0030] nu_yaw=-0.246
INFO  [mc_indi_tiltrotor] WRdbg0 Wu0=1 lo0=-18.90 du0=0.4833 pin0=-0.021 a0=[-0.025 0.725 -0.000 -0.000 -0.196]
INFO  [mc_indi_tiltrotor] WRdbg1 Wu1=1 lo1=-19.42 du1=0.5637 pin1=-0.000 a1=[0.024 0.740 0.000 -0.000 -0.201]
INFO  [mc_indi_tiltrotor] T0dbg1 G0=[-0.256 0.199 0.018 0.163 -0.987] nu_des=[-0.03 -0.51 -0.23 -0.45 0.18]
INFO  [mc_indi_tiltrotor] T0dbg2 Ws34=[0.1 20.0] Wu0=1.0 du0=-0.3226 dmin0=-19.5321 dmax0=25.4679
INFO  [mc_indi_tiltrotor] T2dbg1 G2=[-0.000 -0.650 0.060 0.003 -1.000] G5=[-0.701 -0.796 -0.002 11.691 0.034]
INFO  [mc_indi_tiltrotor] T2dbg2 Wu25=[1.0 1000000.0] du25=[0.5669 0.0036] dmax25=[33.3091 0.0036] nu_yaw=-0.227
INFO  [mc_indi_tiltrotor] WRdbg0 Wu0=1 lo0=-19.53 du0=-0.3226 pin0=-0.021 a0=[0.062 -0.297 -0.000 -0.000 -0.067]
INFO  [mc_indi_tiltrotor] WRdbg1 Wu1=1 lo1=-19.77 du1=-0.4442 pin1=-0.011 a1=[-0.060 -0.304 0.000 -0.000 -0.069]
INFO  [mc_indi_tiltrotor] YWdbg nu2=-0.291 ach2=0.069 r=0.08 wsp2=-0.50 ddelta=[0.0056 0.0096 0.0058]
INFO  [mc_indi_tiltrotor] T0dbg1 G0=[-0.256 0.199 0.018 0.166 -0.986] nu_des=[0.01 -0.08 -0.34 -0.42 0.34]
INFO  [mc_indi_tiltrotor] T0dbg2 Ws34=[0.1 20.0] Wu0=1.0 du0=-0.1519 dmin0=-18.6662 dmax0=26.3338
INFO  [mc_indi_tiltrotor] T2dbg1 G2=[-0.000 -0.650 0.060 0.004 -1.000] G5=[-0.806 -0.903 -0.003 13.436 0.057]
INFO  [mc_indi_tiltrotor] T2dbg2 Wu25=[1.0 1000000.0] du25=[-0.0327 -0.0030] dmax25=[31.5641 0.0014] nu_yaw=-0.336
INFO  [mc_indi_tiltrotor] WRdbg0 Wu0=1 lo0=-18.67 du0=-0.1519 pin0=0.047 a0=[-0.027 -0.044 -0.000 -0.000 -0.127]
INFO  [mc_indi_tiltrotor] WRdbg1 Wu1=1 lo1=-18.92 du1=-0.1189 pin1=0.030 a1=[0.026 -0.045 0.000 -0.000 -0.131]
INFO  [mc_indi_tiltrotor] T0dbg1 G0=[-0.257 0.198 0.017 0.169 -0.986] nu_des=[-0.01 0.41 -0.18 -0.50 0.41]
INFO  [mc_indi_tiltrotor] T0dbg2 Ws34=[0.1 20.0] Wu0=1.0 du0=0.0499 dmin0=-19.0614 dmax0=25.9386
INFO  [mc_indi_tiltrotor] T2dbg1 G2=[-0.000 -0.650 0.060 0.003 -1.000] G5=[-0.725 -0.822 -0.002 12.090 0.038]
INFO  [mc_indi_tiltrotor] T2dbg2 Wu25=[1.0 1000000.0] du25=[-0.5270 -0.0032] dmax25=[32.9098 -0.0010] nu_yaw=-0.178
INFO  [mc_indi_tiltrotor] WRdbg0 Wu0=1 lo0=-19.06 du0=0.0499 pin0=-0.043 a0=[0.013 0.234 -0.000 -0.000 -0.154]
INFO  [mc_indi_tiltrotor] WRdbg1 Wu1=1 lo1=-19.94 du1=0.0342 pin1=-0.035 a1=[-0.013 0.240 0.000 -0.000 -0.158]
INFO  [mc_indi_tiltrotor] YWdbg nu2=-0.135 ach2=-0.012 r=-0.04 wsp2=-0.50 ddelta=[-0.0120 -0.0067 -0.0039]
INFO  [mc_indi_tiltrotor] T0dbg1 G0=[-0.257 0.198 0.017 0.168 -0.986] nu_des=[-0.02 -1.04 -0.19 -0.44 0.52]
INFO  [mc_indi_tiltrotor] T0dbg2 Ws34=[0.1 20.0] Wu0=1.0 du0=-0.7423 dmin0=-18.8442 dmax0=26.1558
INFO  [mc_indi_tiltrotor] T2dbg1 G2=[-0.000 -0.650 0.060 0.004 -1.000] G5=[-0.756 -0.847 -0.003 12.604 0.055]
INFO  [mc_indi_tiltrotor] T2dbg2 Wu25=[1.0 1000000.0] du25=[1.0558 0.0116] dmax25=[32.3962 0.0116] nu_yaw=-0.189
INFO  [mc_indi_tiltrotor] WRdbg0 Wu0=1 lo0=-18.84 du0=-0.7423 pin0=0.008 a0=[0.044 -0.602 -0.000 -0.000 -0.193]
INFO  [mc_indi_tiltrotor] WRdbg1 Wu1=1 lo1=-19.46 du1=-0.8332 pin1=0.023 a1=[-0.043 -0.615 0.000 -0.000 -0.198]
INFO  [mc_indi_tiltrotor] T0dbg1 G0=[-0.257 0.198 0.016 0.171 -0.985] nu_des=[0.01 0.66 -0.21 -0.53 0.27]
INFO  [mc_indi_tiltrotor] T0dbg2 Ws34=[0.1 20.0] Wu0=1.0 du0=0.2925 dmin0=-18.5523 dmax0=26.4477
INFO  [mc_indi_tiltrotor] T2dbg1 G2=[-0.000 -0.650 0.060 0.006 -1.000] G5=[-0.807 -0.893 -0.005 13.458 0.075]
INFO  [mc_indi_tiltrotor] T2dbg2 Wu25=[1.0 1000000.0] du25=[-0.8529 -0.0056] dmax25=[31.5418 -0.0035] nu_yaw=-0.214
INFO  [mc_indi_tiltrotor] WRdbg0 Wu0=1 lo0=-18.55 du0=0.2925 pin0=0.026 a0=[-0.017 0.385 -0.000 -0.000 -0.101]
INFO  [mc_indi_tiltrotor] WRdbg1 Wu1=1 lo1=-18.86 du1=0.3197 pin1=0.013 a1=[0.017 0.393 0.000 -0.000 -0.104]
INFO  [mc_indi_tiltrotor] YWdbg nu2=-0.121 ach2=-0.128 r=-0.15 wsp2=-0.41 ddelta=[0.0010 -0.0012 -0.0059]
INFO  [mc_indi_tiltrotor] T0dbg1 G0=[-0.257 0.198 0.017 0.170 -0.985] nu_des=[-0.00 0.10 -0.03 -0.62 0.29]
INFO  [mc_indi_tiltrotor] T0dbg2 Ws34=[0.1 20.0] Wu0=1.0 du0=-0.0954 dmin0=-19.4047 dmax0=25.5953
INFO  [mc_indi_tiltrotor] T2dbg1 G2=[-0.000 -0.650 0.060 0.005 -1.000] G5=[-0.691 -0.772 -0.003 11.513 0.052]
INFO  [mc_indi_tiltrotor] T2dbg2 Wu25=[1.0 1000000.0] du25=[-0.1345 -0.0024] dmax25=[33.4866 -0.0024] nu_yaw=-0.034
INFO  [mc_indi_tiltrotor] WRdbg0 Wu0=1 lo0=-19.40 du0=-0.0954 pin0=-0.049 a0=[0.006 0.055 -0.000 -0.000 -0.108]
INFO  [mc_indi_tiltrotor] WRdbg1 Wu1=1 lo1=-19.77 du1=-0.0920 pin1=-0.032 a1=[-0.006 0.057 0.000 -0.000 -0.111]
INFO  [mc_indi_tiltrotor] T0dbg1 G0=[-0.257 0.198 0.017 0.170 -0.985] nu_des=[-0.01 -0.17 -0.07 -0.51 0.44]
INFO  [mc_indi_tiltrotor] T0dbg2 Ws34=[0.1 20.0] Wu0=1.0 du0=-0.1828 dmin0=-18.3038 dmax0=26.6962
INFO  [mc_indi_tiltrotor] T2dbg1 G2=[-0.000 -0.650 0.060 0.006 -1.000] G5=[-0.809 -0.888 -0.005 13.476 0.085]
INFO  [mc_indi_tiltrotor] T2dbg2 Wu25=[1.0 1000000.0] du25=[0.0271 0.0054] dmax25=[31.5233 0.0054] nu_yaw=-0.068
INFO  [mc_indi_tiltrotor] WRdbg0 Wu0=1 lo0=-18.30 du0=-0.1828 pin0=0.061 a0=[0.021 -0.099 -0.000 -0.000 -0.166]
INFO  [mc_indi_tiltrotor] WRdbg1 Wu1=1 lo1=-18.79 du1=-0.2480 pin1=0.043 a1=[-0.020 -0.101 0.000 -0.000 -0.170]
INFO  [mc_indi_tiltrotor] YWdbg nu2=0.076 ach2=0.041 r=-0.25 wsp2=-0.10 ddelta=[0.0078 0.0087 0.0098]
INFO  [mc_indi_tiltrotor] T0dbg1 G0=[-0.257 0.198 0.016 0.171 -0.985] nu_des=[-0.01 1.66 0.05 -0.71 1.05]
INFO  [mc_indi_tiltrotor] T0dbg2 Ws34=[0.1 20.0] Wu0=1.0 du0=0.5783 dmin0=-19.0366 dmax0=25.9634
INFO  [mc_indi_tiltrotor] T2dbg1 G2=[-0.000 -0.650 0.060 0.007 -1.000] G5=[-0.750 -0.815 -0.006 12.494 0.092]
INFO  [mc_indi_tiltrotor] T2dbg2 Wu25=[1.0 1000000.0] du25=[-2.1632 -0.0074] dmax25=[32.5053 -0.0054] nu_yaw=0.045
INFO  [mc_indi_tiltrotor] WRdbg0 Wu0=1 lo0=-19.04 du0=0.5783 pin0=-0.012 a0=[0.022 0.963 0.000 -0.000 -0.394]
INFO  [mc_indi_tiltrotor] WRdbg1 Wu1=1 lo1=-19.55 du1=0.5322 pin1=-0.024 a1=[-0.022 0.981 -0.000 -0.000 -0.404]
INFO  [mc_indi_tiltrotor] T0dbg1 G0=[-0.256 0.199 0.018 0.166 -0.986] nu_des=[0.03 -1.03 0.29 -0.65 0.40]
INFO  [mc_indi_tiltrotor] T0dbg2 Ws34=[0.1 20.0] Wu0=1.0 du0=-0.8391 dmin0=-19.4863 dmax0=25.5137
INFO  [mc_indi_tiltrotor] T2dbg1 G2=[-0.000 -0.650 0.060 0.006 -1.000] G5=[-0.649 -0.712 -0.004 10.811 0.068]
INFO  [mc_indi_tiltrotor] T2dbg2 Wu25=[1.0 1000000.0] du25=[1.1328 0.0021] dmax25=[34.1886 0.0021] nu_yaw=0.291
INFO  [mc_indi_tiltrotor] WRdbg0 Wu0=1 lo0=-19.49 du0=-0.8391 pin0=-0.038 a0=[-0.052 -0.597 0.000 -0.000 -0.152]
INFO  [mc_indi_tiltrotor] WRdbg1 Wu1=1 lo1=-20.07 du1=-0.7338 pin1=-0.019 a1=[0.050 -0.609 -0.000 -0.000 -0.155]
INFO  [mc_indi_tiltrotor] YWdbg nu2=0.303 ach2=-0.069 r=-0.25 wsp2=0.30 ddelta=[-0.0120 -0.0120 -0.0067]
INFO  [mc_indi_tiltrotor] T0dbg1 G0=[-0.256 0.199 0.018 0.164 -0.986] nu_des=[-0.02 -0.34 0.22 -0.49 0.69]
INFO  [mc_indi_tiltrotor] T0dbg2 Ws34=[0.1 20.0] Wu0=1.0 du0=-0.3619 dmin0=-18.2872 dmax0=26.7128
INFO  [mc_indi_tiltrotor] T2dbg1 G2=[-0.000 -0.651 0.060 0.008 -1.000] G5=[-0.847 -0.912 -0.007 14.123 0.117]
INFO  [mc_indi_tiltrotor] T2dbg2 Wu25=[1.0 1000000.0] du25=[0.1575 0.0066] dmax25=[30.8763 0.0066] nu_yaw=0.218
INFO  [mc_indi_tiltrotor] WRdbg0 Wu0=1 lo0=-18.29 du0=-0.3619 pin0=0.058 a0=[0.035 -0.195 0.000 -0.000 -0.260]
INFO  [mc_indi_tiltrotor] WRdbg1 Wu1=1 lo1=-18.65 du1=-0.4510 pin1=0.047 a1=[-0.034 -0.198 -0.000 -0.000 -0.266]
INFO  [mc_indi_tiltrotor] T0dbg1 G0=[-0.256 0.199 0.019 0.161 -0.987] nu_des=[0.00 1.12 0.26 -0.67 1.06]
INFO  [mc_indi_tiltrotor] T0dbg2 Ws34=[0.1 20.0] Wu0=1.0 du0=0.2140 dmin0=-19.4735 dmax0=25.5265
INFO  [mc_indi_tiltrotor] T2dbg1 G2=[-0.000 -0.650 0.060 0.007 -1.000] G5=[-0.719 -0.781 -0.005 11.978 0.088]
INFO  [mc_indi_tiltrotor] T2dbg2 Wu25=[1.0 1000000.0] du25=[-1.5177 -0.0074] dmax25=[33.0222 -0.0054] nu_yaw=0.264
INFO  [mc_indi_tiltrotor] WRdbg0 Wu0=1 lo0=-19.47 du0=0.2140 pin0=-0.029 a0=[-0.007 0.648 0.000 -0.000 -0.398]
INFO  [mc_indi_tiltrotor] WRdbg1 Wu1=1 lo1=-19.69 du1=0.2213 pin1=-0.038 a1=[0.007 0.660 -0.000 -0.000 -0.407]
INFO  [mc_indi_tiltrotor] YWdbg nu2=0.157 ach2=-0.065 r=-0.10 wsp2=0.50 ddelta=[0.0054 0.0076 -0.0035]
INFO  [mc_indi_tiltrotor] T0dbg1 G0=[-0.256 0.200 0.021 0.155 -0.988] nu_des=[0.01 -1.64 0.34 -0.51 0.49]
INFO  [mc_indi_tiltrotor] T0dbg2 Ws34=[0.1 20.0] Wu0=1.0 du0=-1.1846 dmin0=-19.4951 dmax0=25.5049
INFO  [mc_indi_tiltrotor] T2dbg1 G2=[-0.000 -0.650 0.060 0.006 -1.000] G5=[-0.667 -0.735 -0.004 11.114 0.067]
INFO  [mc_indi_tiltrotor] T2dbg2 Wu25=[1.0 1000000.0] du25=[1.8099 0.0048] dmax25=[33.8861 0.0048] nu_yaw=0.342
INFO  [mc_indi_tiltrotor] WRdbg0 Wu0=1 lo0=-19.50 du0=-1.1846 pin0=-0.026 a0=[-0.024 -0.952 0.000 -0.000 -0.182]
INFO  [mc_indi_tiltrotor] WRdbg1 Wu1=1 lo1=-19.96 du1=-1.1407 pin1=-0.009 a1=[0.024 -0.969 -0.000 -0.000 -0.186]
INFO  [mc_indi_tiltrotor] T0dbg1 G0=[-0.256 0.201 0.021 0.152 -0.988] nu_des=[-0.01 -0.26 0.10 -0.32 0.64]
INFO  [mc_indi_tiltrotor] T0dbg2 Ws34=[0.1 20.0] Wu0=1.0 du0=-0.3204 dmin0=-18.0407 dmax0=26.9593
INFO  [mc_indi_tiltrotor] T2dbg1 G2=[-0.000 -0.651 0.060 0.008 -1.000] G5=[-0.857 -0.925 -0.007 14.281 0.114]
INFO  [mc_indi_tiltrotor] T2dbg2 Wu25=[1.0 9.0] du25=[0.0869 0.0048] dmax25=[30.7189 0.0089] nu_yaw=0.098
INFO  [mc_indi_tiltrotor] WRdbg0 Wu0=1 lo0=-18.04 du0=-0.3204 pin0=0.063 a0=[0.016 -0.159 0.002 0.000 -0.243]
INFO  [mc_indi_tiltrotor] WRdbg1 Wu1=1 lo1=-18.52 du1=-0.3741 pin1=0.030 a1=[-0.015 -0.141 -0.005 -0.000 -0.243]
INFO  [mc_indi_tiltrotor] YWdbg nu2=0.187 ach2=0.174 r=0.16 wsp2=0.50 ddelta=[-0.0010 -0.0010 0.0066]
INFO  [mc_indi_tiltrotor] T0dbg1 G0=[-0.256 0.201 0.022 0.150 -0.989] nu_des=[-0.00 1.00 0.06 -0.52 1.03]
INFO  [mc_indi_tiltrotor] T0dbg2 Ws34=[0.1 20.0] Wu0=1.0 du0=0.1613 dmin0=-19.3808 dmax0=25.6192
INFO  [mc_indi_tiltrotor] T2dbg1 G2=[-0.000 -0.651 0.060 0.008 -1.000] G5=[-0.711 -0.770 -0.006 11.850 0.092]
INFO  [mc_indi_tiltrotor] T2dbg2 Wu25=[1.0 1000000.0] du25=[-1.3702 -0.0078] dmax25=[33.1497 -0.0058] nu_yaw=0.060
INFO  [mc_indi_tiltrotor] WRdbg0 Wu0=1 lo0=-19.38 du0=0.1613 pin0=-0.035 a0=[0.003 0.580 0.000 -0.000 -0.387]
INFO  [mc_indi_tiltrotor] WRdbg1 Wu1=1 lo1=-19.77 du1=0.1538 pin1=-0.037 a1=[-0.003 0.590 -0.000 -0.000 -0.395]
INFO  [mc_indi_tiltrotor] T0dbg1 G0=[-0.256 0.201 0.023 0.147 -0.989] nu_des=[0.01 -1.99 0.03 -0.30 0.85]
INFO  [mc_indi_tiltrotor] T0dbg2 Ws34=[0.1 20.0] Wu0=1.0 du0=-1.4924 dmin0=-19.0198 dmax0=25.9802
INFO  [mc_indi_tiltrotor] T2dbg1 G2=[-0.000 -0.650 0.060 0.006 -1.000] G5=[-0.728 -0.801 -0.005 12.138 0.075]
INFO  [mc_indi_tiltrotor] T2dbg2 Wu25=[1.0 1000000.0] du25=[2.0949 0.0069] dmax25=[32.8620 0.0069] nu_yaw=0.035
INFO  [mc_indi_tiltrotor] WRdbg0 Wu0=1 lo0=-19.02 du0=-1.4924 pin0=-0.012 a0=[-0.012 -1.148 0.000 -0.000 -0.320]
INFO  [mc_indi_tiltrotor] WRdbg1 Wu1=1 lo1=-19.37 du1=-1.4738 pin1=0.010 a1=[0.011 -1.168 -0.000 -0.000 -0.327]
INFO  [mc_indi_tiltrotor] YWdbg nu2=-0.235 ach2=-0.097 r=0.44 wsp2=0.08 ddelta=[-0.0078 -0.0120 -0.0056]
INFO  [mc_indi_tiltrotor] T0dbg1 G0=[-0.256 0.201 0.022 0.151 -0.989] nu_des=[-0.01 0.20 -0.33 -0.21 0.50]
INFO  [mc_indi_tiltrotor] T0dbg2 Ws34=[0.1 20.0] Wu0=1.0 du0=-0.0115 dmin0=-17.9373 dmax0=27.0627
INFO  [mc_indi_tiltrotor] T2dbg1 G2=[-0.000 -0.650 0.060 0.007 -1.000] G5=[-0.841 -0.918 -0.006 14.008 0.096]
INFO  [mc_indi_tiltrotor] T2dbg2 Wu25=[1.0 1000000.0] du25=[-0.3953 -0.0012] dmax25=[30.9912 0.0032] nu_yaw=-0.332
INFO  [mc_indi_tiltrotor] WRdbg0 Wu0=1 lo0=-17.94 du0=-0.0115 pin0=0.047 a0=[0.013 0.114 -0.000 -0.000 -0.186]
INFO  [mc_indi_tiltrotor] WRdbg1 Wu1=1 lo1=-18.20 du1=-0.0550 pin1=0.032 a1=[-0.013 0.116 0.000 -0.000 -0.190]
INFO  [mc_indi_tiltrotor] T0dbg1 G0=[-0.256 0.200 0.021 0.155 -0.988] nu_des=[-0.02 0.67 -0.40 -0.39 0.70]
INFO  [mc_indi_tiltrotor] T0dbg2 Ws34=[0.1 20.0] Wu0=1.0 du0=0.1011 dmin0=-19.3418 dmax0=25.6582
INFO  [mc_indi_tiltrotor] T2dbg1 G2=[-0.000 -0.650 0.060 0.004 -1.000] G5=[-0.687 -0.769 -0.003 11.449 0.049]
INFO  [mc_indi_tiltrotor] T2dbg2 Wu25=[1.0 1000000.0] du25=[-0.8957 -0.0043] dmax25=[33.5513 -0.0022] nu_yaw=-0.403
INFO  [mc_indi_tiltrotor] WRdbg0 Wu0=1 lo0=-19.34 du0=0.1011 pin0=-0.058 a0=[0.032 0.390 -0.000 -0.000 -0.262]
INFO  [mc_indi_tiltrotor] WRdbg1 Wu1=1 lo1=-19.85 du1=0.0645 pin1=-0.034 a1=[-0.031 0.397 0.000 -0.000 -0.268]
INFO  [mc_indi_tiltrotor] YWdbg nu2=-0.392 ach2=-0.067 r=0.44 wsp2=-0.50 ddelta=[0.0120 -0.0011 -0.0011]
INFO  [mc_indi_tiltrotor] T0dbg1 G0=[-0.257 0.196 0.012 0.186 -0.983] nu_des=[-0.00 -0.04 -0.34 -0.64 0.06]
INFO  [mc_indi_tiltrotor] T0dbg2 Ws34=[0.1 20.0] Wu0=1.0 du0=-0.0120 dmin0=-18.8395 dmax0=26.1605
INFO  [mc_indi_tiltrotor] T2dbg1 G2=[-0.000 -0.650 0.060 0.001 -1.000] G5=[-0.755 -0.876 -0.000 12.582 0.007]
INFO  [mc_indi_tiltrotor] T2dbg2 Wu25=[1.0 1000000.0] du25=[0.0064 -0.0006] dmax25=[32.4181 0.0016] nu_yaw=-0.341
INFO  [mc_indi_tiltrotor] WRdbg0 Wu0=1 lo0=-18.84 du0=-0.0120 pin0=0.028 a0=[0.006 -0.024 -0.000 -0.000 -0.022]
INFO  [mc_indi_tiltrotor] WRdbg1 Wu1=1 lo1=-19.44 du1=-0.0113 pin1=0.041 a1=[-0.005 -0.024 0.000 -0.000 -0.023]
INFO  [mc_indi_tiltrotor] T0dbg1 G0=[-0.257 0.190 0.003 0.223 -0.975] nu_des=[0.00 -0.04 -0.03 -1.37 0.04]
INFO  [mc_indi_tiltrotor] T0dbg2 Ws34=[0.1 20.0] Wu0=1.0 du0=-0.0161 dmin0=-19.0472 dmax0=25.9528
INFO  [mc_indi_tiltrotor] T2dbg1 G2=[-0.000 -0.650 0.060 0.000 -1.000] G5=[-0.751 -0.876 -0.000 12.521 0.001]
INFO  [mc_indi_tiltrotor] T2dbg2 Wu25=[1.0 1000000.0] du25=[0.0151 -0.0001] dmax25=[32.4790 0.0021] nu_yaw=-0.032
INFO  [mc_indi_tiltrotor] WRdbg0 Wu0=1 lo0=-19.05 du0=-0.0161 pin0=0.000 a0=[-0.002 0.007 -0.003 -0.009 -0.009]
INFO  [mc_indi_tiltrotor] WRdbg1 Wu1=1 lo1=-19.56 du1=-0.0099 pin1=-0.000 a1=[0.003 -0.010 0.013 -0.003 -0.013]
INFO  [mc_indi_tiltrotor] YWdbg nu2=0.071 ach2=0.070 r=-0.31 wsp2=-0.50 ddelta=[-0.0112 0.0033 -0.0006]
INFO  [mc_indi_tiltrotor] T0dbg1 G0=[-0.257 0.193 0.008 0.204 -0.979] nu_des=[0.00 0.07 0.07 -1.09 0.04]
INFO  [mc_indi_tiltrotor] T0dbg2 Ws34=[0.1 20.0] Wu0=1.0 du0=-0.0045 dmin0=-18.8383 dmax0=26.1617
INFO  [mc_indi_tiltrotor] T2dbg1 G2=[-0.000 -0.650 0.060 0.001 -1.000] G5=[-0.749 -0.868 -0.001 12.492 0.010]
INFO  [mc_indi_tiltrotor] T2dbg2 Wu25=[1.0 9.0] du25=[-0.0635 -0.0008] dmax25=[32.5085 0.0014] nu_yaw=0.074
INFO  [mc_indi_tiltrotor] WRdbg0 Wu0=1 lo0=-18.84 du0=-0.0045 pin0=-0.073 a0=[-0.003 0.039 0.048 -0.000 -0.016]
INFO  [mc_indi_tiltrotor] WRdbg1 Wu1=1 lo1=-19.34 du1=-0.0199 pin1=-0.031 a1=[0.003 0.036 -0.011 -0.001 -0.016]
INFO  [mc_indi_tiltrotor] T0dbg1 G0=[-0.257 0.197 0.014 0.180 -0.984] nu_des=[0.01 0.11 0.07 -0.90 0.04]
INFO  [mc_indi_tiltrotor] T0dbg2 Ws34=[0.1 20.0] Wu0=1.0 du0=-0.0205 dmin0=-18.7456 dmax0=26.2544
INFO  [mc_indi_tiltrotor] T2dbg1 G2=[-0.000 -0.650 0.060 0.001 -1.000] G5=[-0.755 -0.871 -0.001 12.575 0.015]
INFO  [mc_indi_tiltrotor] T2dbg2 Wu25=[1.0 1000000.0] du25=[-0.0947 -0.0012] dmax25=[32.4249 0.0010] nu_yaw=0.073
INFO  [mc_indi_tiltrotor] WRdbg0 Wu0=1 lo0=-18.75 du0=-0.0205 pin0=-0.039 a0=[-0.028 0.062 0.000 -0.000 -0.015]
INFO  [mc_indi_tiltrotor] WRdbg1 Wu1=1 lo1=-19.30 du1=0.0333 pin1=-0.042 a1=[0.027 0.063 -0.000 -0.000 -0.015]
INFO  [mc_indi_tiltrotor] YWdbg nu2=0.075 ach2=0.079 r=-0.43 wsp2=-0.08 ddelta=[-0.0076 0.0076 0.0012]
INFO  [mc_indi_tiltrotor] T0dbg1 G0=[-0.256 0.200 0.020 0.158 -0.987] nu_des=[-0.00 -0.05 0.06 -0.83 0.03]
INFO  [mc_indi_tiltrotor] T0dbg2 Ws34=[0.1 20.0] Wu0=1.0 du0=0.0029 dmin0=-19.0169 dmax0=25.9831
INFO  [mc_indi_tiltrotor] T2dbg1 G2=[-0.000 -0.650 0.060 0.001 -1.000] G5=[-0.749 -0.864 -0.001 12.477 0.015]
INFO  [mc_indi_tiltrotor] T2dbg2 Wu25=[1.0 9.0] du25=[0.0199 0.0008] dmax25=[32.5225 0.0030] nu_yaw=0.057
INFO  [mc_indi_tiltrotor] WRdbg0 Wu0=1 lo0=-19.02 du0=0.0029 pin0=0.000 a0=[0.001 0.004 0.009 -0.005 -0.006]
INFO  [mc_indi_tiltrotor] WRdbg1 Wu1=1 lo1=-19.40 du1=-0.0399 pin1=0.000 a1=[-0.002 -0.007 -0.020 -0.003 -0.008]
INFO  [mc_indi_tiltrotor] T0dbg1 G0=[-0.256 0.202 0.023 0.145 -0.989] nu_des=[-0.00 -0.00 -0.04 -0.49 0.02]
INFO  [mc_indi_tiltrotor] T0dbg2 Ws34=[0.1 20.0] Wu0=1.0 du0=-0.0108 dmin0=-19.0678 dmax0=25.9322
INFO  [mc_indi_tiltrotor] T2dbg1 G2=[-0.000 -0.650 0.060 0.001 -1.000] G5=[-0.756 -0.871 -0.001 12.600 0.017]
INFO  [mc_indi_tiltrotor] T2dbg2 Wu25=[1.0 9.0] du25=[-0.0003 -0.0004] dmax25=[32.4001 0.0021] nu_yaw=-0.036
INFO  [mc_indi_tiltrotor] WRdbg0 Wu0=1 lo0=-19.07 du0=-0.0108 pin0=0.000 a0=[0.002 0.000 -0.006 -0.003 -0.004]
INFO  [mc_indi_tiltrotor] WRdbg1 Wu1=1 lo1=-19.25 du1=0.0028 pin1=0.000 a1=[-0.002 -0.001 0.013 -0.002 -0.005]
INFO  [mc_indi_tiltrotor] YWdbg nu2=-0.007 ach2=0.153 r=0.11 wsp2=0.15 ddelta=[-0.0010 -0.0010 0.0086]
INFO  [mc_indi_tiltrotor] T0dbg1 G0=[-0.256 0.201 0.023 0.147 -0.989] nu_des=[0.00 -1.74 -0.02 -0.50 0.53]
INFO  [mc_indi_tiltrotor] T0dbg2 Ws34=[0.1 20.0] Wu0=1.0 du0=-1.2369 dmin0=-19.5975 dmax0=25.4025
INFO  [mc_indi_tiltrotor] T2dbg1 G2=[-0.000 -0.650 0.060 0.003 -1.000] G5=[-0.676 -0.763 -0.002 11.265 0.039]
INFO  [mc_indi_tiltrotor] T2dbg2 Wu25=[1.0 1000000.0] du25=[1.9003 0.0053] dmax25=[33.7353 0.0053] nu_yaw=-0.023
INFO  [mc_indi_tiltrotor] WRdbg0 Wu0=1 lo0=-19.60 du0=-1.2369 pin0=-0.022 a0=[-0.010 -1.006 -0.000 -0.000 -0.199]
INFO  [mc_indi_tiltrotor] WRdbg1 Wu1=1 lo1=-19.82 du1=-1.2173 pin1=-0.000 a1=[0.009 -1.023 0.000 -0.000 -0.203]
INFO  [mc_indi_tiltrotor] T0dbg1 G0=[-0.256 0.201 0.022 0.151 -0.989] nu_des=[-0.00 -0.16 -0.34 -0.33 0.60]
INFO  [mc_indi_tiltrotor] T0dbg2 Ws34=[0.1 20.0] Wu0=1.0 du0=-0.2629 dmin0=-18.0556 dmax0=26.9444
INFO  [mc_indi_tiltrotor] T2dbg1 G2=[-0.000 -0.650 0.060 0.006 -1.000] G5=[-0.846 -0.935 -0.005 14.103 0.080]
INFO  [mc_indi_tiltrotor] T2dbg2 Wu25=[1.0 1000000.0] du25=[-0.0145 0.0026] dmax25=[30.8969 0.0026] nu_yaw=-0.336
INFO  [mc_indi_tiltrotor] WRdbg0 Wu0=1 lo0=-18.06 du0=-0.2629 pin0=0.051 a0=[0.007 -0.093 -0.000 -0.000 -0.227]
INFO  [mc_indi_tiltrotor] WRdbg1 Wu1=1 lo1=-18.42 du1=-0.2930 pin1=0.040 a1=[-0.006 -0.095 0.000 -0.000 -0.232]
INFO  [mc_indi_tiltrotor] YWdbg nu2=-0.412 ach2=-0.102 r=0.41 wsp2=-0.28 ddelta=[-0.0056 -0.0100 -0.0045]
INFO  [mc_indi_tiltrotor] T0dbg1 G0=[-0.256 0.200 0.020 0.156 -0.988] nu_des=[-0.00 0.76 -0.41 -0.54 0.85]
INFO  [mc_indi_tiltrotor] T0dbg2 Ws34=[0.1 20.0] Wu0=1.0 du0=0.0682 dmin0=-19.2895 dmax0=25.7105
INFO  [mc_indi_tiltrotor] T2dbg1 G2=[-0.000 -0.650 0.060 0.004 -1.000] G5=[-0.697 -0.781 -0.003 11.621 0.050]
INFO  [mc_indi_tiltrotor] T2dbg2 Wu25=[1.0 1000000.0] du25=[-1.0325 -0.0043] dmax25=[33.3792 -0.0023] nu_yaw=-0.414
INFO  [mc_indi_tiltrotor] WRdbg0 Wu0=1 lo0=-19.29 du0=0.0682 pin0=-0.055 a0=[0.006 0.437 -0.000 -0.000 -0.321]
INFO  [mc_indi_tiltrotor] WRdbg1 Wu1=1 lo1=-19.82 du1=0.0840 pin1=-0.028 a1=[-0.006 0.446 0.000 -0.000 -0.328]
INFO  [mc_indi_tiltrotor] T0dbg1 G0=[-0.257 0.197 0.014 0.180 -0.984] nu_des=[-0.01 0.12 -0.33 -0.51 0.08]
INFO  [mc_indi_tiltrotor] T0dbg2 Ws34=[0.1 20.0] Wu0=1.0 du0=0.0815 dmin0=-18.6641 dmax0=26.3359
INFO  [mc_indi_tiltrotor] T2dbg1 G2=[-0.000 -0.650 0.060 0.001 -1.000] G5=[-0.757 -0.874 -0.001 12.619 0.014]
INFO  [mc_indi_tiltrotor] T2dbg2 Wu25=[1.0 1000000.0] du25=[-0.1803 -0.0011] dmax25=[32.3809 0.0010] nu_yaw=-0.333
INFO  [mc_indi_tiltrotor] WRdbg0 Wu0=1 lo0=-18.66 du0=0.0815 pin0=0.023 a0=[0.020 0.068 -0.000 -0.000 -0.030]
INFO  [mc_indi_tiltrotor] WRdbg1 Wu1=1 lo1=-19.17 du1=0.0602 pin1=0.041 a1=[-0.019 0.070 0.000 -0.000 -0.031]
INFO  [mc_indi_tiltrotor] YWdbg nu2=-0.121 ach2=-0.046 r=0.14 wsp2=-0.50 ddelta=[0.0076 -0.0001 -0.0004]
INFO  [mc_indi_tiltrotor] T0dbg1 G0=[-0.257 0.191 0.005 0.214 -0.977] nu_des=[-0.01 -0.04 -0.03 -1.21 0.06]
INFO  [mc_indi_tiltrotor] T0dbg2 Ws34=[0.1 20.0] Wu0=1.0 du0=-0.0072 dmin0=-19.1179 dmax0=25.8821
INFO  [mc_indi_tiltrotor] T2dbg1 G2=[-0.000 -0.650 0.060 0.001 -1.000] G5=[-0.749 -0.870 -0.000 12.481 0.006]
INFO  [mc_indi_tiltrotor] T2dbg2 Wu25=[1.0 9.0] du25=[0.0134 0.0004] dmax25=[32.5188 0.0022] nu_yaw=-0.034
INFO  [mc_indi_tiltrotor] WRdbg0 Wu0=1 lo0=-19.12 du0=-0.0072 pin0=0.000 a0=[0.010 0.006 -0.003 -0.008 -0.013]
INFO  [mc_indi_tiltrotor] WRdbg1 Wu1=1 lo1=-19.58 du1=-0.0350 pin1=0.000 a1=[-0.016 -0.010 0.014 -0.004 -0.019]
INFO  [mc_indi_tiltrotor] T0dbg1 G0=[-0.257 0.194 0.009 0.198 -0.980] nu_des=[0.01 0.02 0.06 -1.02 0.05]
INFO  [mc_indi_tiltrotor] T0dbg2 Ws34=[0.1 20.0] Wu0=1.0 du0=-0.0063 dmin0=-18.9474 dmax0=26.0526
INFO  [mc_indi_tiltrotor] T2dbg1 G2=[-0.000 -0.650 0.060 0.001 -1.000] G5=[-0.756 -0.873 -0.001 12.593 0.013]
INFO  [mc_indi_tiltrotor] T2dbg2 Wu25=[1.0 9.0] du25=[-0.0460 -0.0010] dmax25=[32.4074 0.0022] nu_yaw=0.056
INFO  [mc_indi_tiltrotor] WRdbg0 Wu0=1 lo0=-18.95 du0=-0.0063 pin0=0.019 a0=[-0.017 0.011 0.001 0.000 -0.020]
INFO  [mc_indi_tiltrotor] WRdbg1 Wu1=1 lo1=-19.42 du1=-0.0096 pin1=-0.012 a1=[0.016 0.010 -0.002 -0.001 -0.021]
INFO  [mc_indi_tiltrotor] YWdbg nu2=0.091 ach2=0.022 r=-0.49 wsp2=-0.44 ddelta=[-0.0120 -0.0034 -0.0010]
INFO  [mc_indi_tiltrotor] T0dbg1 G0=[-0.257 0.196 0.012 0.186 -0.983] nu_des=[-0.01 0.07 0.11 -1.08 -0.02]
INFO  [mc_indi_tiltrotor] T0dbg2 Ws34=[0.1 20.0] Wu0=1.0 du0=0.0466 dmin0=-18.8822 dmax0=26.1178
INFO  [mc_indi_tiltrotor] T2dbg1 G2=[-0.000 -0.650 0.060 0.001 -1.000] G5=[-0.747 -0.864 -0.001 12.449 0.012]
INFO  [mc_indi_tiltrotor] T2dbg2 Wu25=[1.0 9.0] du25=[-0.0597 -0.0008] dmax25=[32.5508 0.0012] nu_yaw=0.111
INFO  [mc_indi_tiltrotor] WRdbg0 Wu0=1 lo0=-18.88 du0=0.0466 pin0=-0.012 a0=[0.010 0.041 0.002 0.000 0.006]
INFO  [mc_indi_tiltrotor] WRdbg1 Wu1=1 lo1=-19.48 du1=-0.0099 pin1=-0.039 a1=[-0.009 0.037 -0.004 -0.001 0.006]
INFO  [mc_indi_tiltrotor] T0dbg1 G0=[-0.256 0.199 0.019 0.163 -0.987] nu_des=[0.01 -0.04 0.07 -1.06 0.07]
INFO  [mc_indi_tiltrotor] T0dbg2 Ws34=[0.1 20.0] Wu0=1.0 du0=-0.0243 dmin0=-18.7776 dmax0=26.2224
INFO  [mc_indi_tiltrotor] T2dbg1 G2=[-0.000 -0.650 0.060 0.001 -1.000] G5=[-0.755 -0.870 -0.001 12.588 0.018]
INFO  [mc_indi_tiltrotor] T2dbg2 Wu25=[1.0 9.0] du25=[0.0022 0.0002] dmax25=[32.4118 0.0024] nu_yaw=0.069
INFO  [mc_indi_tiltrotor] WRdbg0 Wu0=1 lo0=-18.78 du0=-0.0243 pin0=0.062 a0=[-0.014 -0.021 -0.025 0.000 -0.026]
INFO  [mc_indi_tiltrotor] WRdbg1 Wu1=1 lo1=-19.22 du1=-0.0422 pin1=0.030 a1=[0.012 -0.017 -0.039 -0.001 -0.026]
INFO  [mc_indi_tiltrotor] YWdbg nu2=0.011 ach2=-0.003 r=-0.14 wsp2=0.16 ddelta=[-0.0120 -0.0120 -0.0007]
INFO  [mc_indi_tiltrotor] T0dbg1 G0=[-0.256 0.203 0.025 0.138 -0.990] nu_des=[-0.02 0.11 -0.07 -0.30 0.09]
INFO  [mc_indi_tiltrotor] T0dbg2 Ws34=[0.1 20.0] Wu0=1.0 du0=0.0564 dmin0=-18.8512 dmax0=26.1488
INFO  [mc_indi_tiltrotor] T2dbg1 G2=[-0.000 -0.650 0.060 0.002 -1.000] G5=[-0.775 -0.886 -0.002 12.912 0.027]
INFO  [mc_indi_tiltrotor] T2dbg2 Wu25=[1.0 9.0] du25=[-0.1415 -0.0001] dmax25=[32.0875 0.0021] nu_yaw=-0.066
INFO  [mc_indi_tiltrotor] WRdbg0 Wu0=1 lo0=-18.85 du0=0.0564 pin0=-0.009 a0=[0.036 0.065 -0.001 0.000 -0.034]
INFO  [mc_indi_tiltrotor] WRdbg1 Wu1=1 lo1=-19.15 du1=-0.0036 pin1=0.002 a1=[-0.033 0.059 0.003 -0.000 -0.034]
INFO  [mc_indi_tiltrotor] T0dbg1 G0=[-0.256 0.202 0.023 0.145 -0.989] nu_des=[-0.01 0.03 -0.08 -0.03 0.04]
INFO  [mc_indi_tiltrotor] T0dbg2 Ws34=[0.1 20.0] Wu0=1.0 du0=0.0112 dmin0=-18.9470 dmax0=26.0530
INFO  [mc_indi_tiltrotor] T2dbg1 G2=[-0.000 -0.650 0.060 0.003 -1.000] G5=[-0.759 -0.865 -0.002 12.657 0.032]
INFO  [mc_indi_tiltrotor] T2dbg2 Wu25=[1.0 9.0] du25=[-0.0435 -0.0004] dmax25=[32.3430 0.0017] nu_yaw=-0.082
INFO  [mc_indi_tiltrotor] WRdbg0 Wu0=1 lo0=-18.95 du0=0.0112 pin0=-0.012 a0=[0.020 0.019 -0.002 0.000 -0.014]
INFO  [mc_indi_tiltrotor] WRdbg1 Wu1=1 lo1=-19.17 du1=0.0121 pin1=0.025 a1=[-0.019 0.017 0.003 -0.000 -0.014]
INFO  [mc_indi_tiltrotor] YWdbg nu2=-0.053 ach2=-0.035 r=0.18 wsp2=0.02 ddelta=[0.0012 -0.0047 -0.0015]
INFO  [mc_indi_tiltrotor] T0dbg1 G0=[-0.257 0.197 0.015 0.174 -0.985] nu_des=[0.01 0.38 -0.02 -0.59 0.15]
INFO  [mc_indi_tiltrotor] T0dbg2 Ws34=[0.1 20.0] Wu0=1.0 du0=0.1826 dmin0=-18.9094 dmax0=26.0906
INFO  [mc_indi_tiltrotor] T2dbg1 G2=[-0.000 -0.650 0.060 0.003 -1.000] G5=[-0.770 -0.872 -0.002 12.839 0.041]
INFO  [mc_indi_tiltrotor] T2dbg2 Wu25=[1.0 1000000.0] du25=[-0.5091 -0.0032] dmax25=[32.1609 -0.0001] nu_yaw=-0.024
INFO  [mc_indi_tiltrotor] WRdbg0 Wu0=1 lo0=-18.91 du0=0.1826 pin0=0.035 a0=[-0.018 0.223 -0.000 -0.000 -0.057]
INFO  [mc_indi_tiltrotor] WRdbg1 Wu1=1 lo1=-19.27 du1=0.1991 pin1=0.013 a1=[0.017 0.228 0.000 -0.000 -0.059]
INFO  [mc_indi_tiltrotor] T0dbg1 G0=[-0.257 0.195 0.012 0.188 -0.982] nu_des=[0.01 0.02 0.02 -1.18 0.00]
INFO  [mc_indi_tiltrotor] T0dbg2 Ws34=[0.1 20.0] Wu0=1.0 du0=-0.0156 dmin0=-18.9335 dmax0=26.0665
INFO  [mc_indi_tiltrotor] T2dbg1 G2=[-0.000 -0.650 0.060 0.002 -1.000] G5=[-0.749 -0.858 -0.001 12.482 0.025]
INFO  [mc_indi_tiltrotor] T2dbg2 Wu25=[1.0 9.0] du25=[-0.0078 -0.0008] dmax25=[32.5182 0.0012] nu_yaw=0.017
INFO  [mc_indi_tiltrotor] WRdbg0 Wu0=1 lo0=-18.93 du0=-0.0156 pin0=0.000 a0=[-0.007 -0.003 0.002 -0.007 -0.000]
INFO  [mc_indi_tiltrotor] WRdbg1 Wu1=1 lo1=-19.52 du1=0.0030 pin1=0.000 a1=[0.010 0.004 -0.006 -0.004 -0.001]
INFO  [mc_indi_tiltrotor] YWdbg nu2=0.026 ach2=0.017 r=-0.05 wsp2=-0.07 ddelta=[0.0006 0.0008 0.0031]
INFO  [mc_indi_tiltrotor] T0dbg1 G0=[-0.256 0.199 0.018 0.164 -0.987] nu_des=[0.00 0.04 0.02 -0.35 -0.02]
INFO  [mc_indi_tiltrotor] T0dbg2 Ws34=[0.1 20.0] Wu0=1.0 du0=0.0024 dmin0=-18.8740 dmax0=26.1260
INFO  [mc_indi_tiltrotor] T2dbg1 G2=[-0.000 -0.650 0.060 0.002 -1.000] G5=[-0.758 -0.871 -0.001 12.637 0.021]
INFO  [mc_indi_tiltrotor] T2dbg2 Wu25=[1.0 9.0] du25=[-0.0100 -0.0003] dmax25=[32.3626 0.0014] nu_yaw=0.023
INFO  [mc_indi_tiltrotor] WRdbg0 Wu0=1 lo0=-18.87 du0=0.0024 pin0=0.000 a0=[-0.001 -0.003 0.003 -0.002 0.006]
INFO  [mc_indi_tiltrotor] WRdbg1 Wu1=1 lo1=-19.43 du1=0.0063 pin1=0.000 a1=[0.001 0.008 -0.009 -0.001 0.007]
INFO  [mc_indi_tiltrotor] T0dbg1 G0=[-0.257 0.198 0.016 0.173 -0.985] nu_des=[0.01 -0.04 0.01 -0.86 0.03]
INFO  [mc_indi_tiltrotor] T0dbg2 Ws34=[0.1 20.0] Wu0=1.0 du0=-0.0155 dmin0=-18.7864 dmax0=26.2136
INFO  [mc_indi_tiltrotor] T2dbg1 G2=[-0.000 -0.650 0.060 0.003 -1.000] G5=[-0.758 -0.863 -0.002 12.627 0.032]
INFO  [mc_indi_tiltrotor] T2dbg2 Wu25=[1.0 9.0] du25=[0.0149 -0.0001] dmax25=[32.3733 0.0019] nu_yaw=0.008
INFO  [mc_indi_tiltrotor] WRdbg0 Wu0=1 lo0=-18.79 du0=-0.0155 pin0=0.000 a0=[-0.008 0.004 0.001 -0.005 -0.008]
INFO  [mc_indi_tiltrotor] WRdbg1 Wu1=1 lo1=-19.18 du1=-0.0134 pin1=0.000 a1=[0.011 -0.008 -0.003 -0.003 -0.010]
INFO  [mc_indi_tiltrotor] YWdbg nu2=0.004 ach2=-0.010 r=-0.02 wsp2=0.01 ddelta=[-0.0030 -0.0048 -0.0004]
INFO  [mc_indi_tiltrotor] T0dbg1 G0=[-0.256 0.200 0.020 0.157 -0.988] nu_des=[0.01 0.01 0.01 -0.27 -0.01]
INFO  [mc_indi_tiltrotor] T0dbg2 Ws34=[0.1 20.0] Wu0=1.0 du0=-0.0115 dmin0=-18.8773 dmax0=26.1227
INFO  [mc_indi_tiltrotor] T2dbg1 G2=[-0.000 -0.650 0.060 0.002 -1.000] G5=[-0.754 -0.866 -0.001 12.566 0.021]
INFO  [mc_indi_tiltrotor] T2dbg2 Wu25=[1.0 9.0] du25=[-0.0045 -0.0007] dmax25=[32.4335 0.0011] nu_yaw=0.013
INFO  [mc_indi_tiltrotor] WRdbg0 Wu0=1 lo0=-18.88 du0=-0.0115 pin0=0.000 a0=[-0.014 -0.001 0.002 -0.002 0.003]
INFO  [mc_indi_tiltrotor] WRdbg1 Wu1=1 lo1=-19.28 du1=0.0187 pin1=0.000 a1=[0.018 0.003 -0.005 -0.001 0.004]
INFO  [mc_indi_tiltrotor] T0dbg1 G0=[-0.256 0.201 0.022 0.148 -0.989] nu_des=[-0.00 0.03 -0.06 -0.02 0.03]
INFO  [mc_indi_tiltrotor] T0dbg2 Ws34=[0.1 20.0] Wu0=1.0 du0=0.0073 dmin0=-18.9340 dmax0=26.0660
INFO  [mc_indi_tiltrotor] T2dbg1 G2=[-0.000 -0.650 0.060 0.002 -1.000] G5=[-0.747 -0.858 -0.001 12.455 0.021]
INFO  [mc_indi_tiltrotor] T2dbg2 Wu25=[1.0 9.0] du25=[-0.0439 -0.0005] dmax25=[32.5450 0.0015] nu_yaw=-0.062
INFO  [mc_indi_tiltrotor] WRdbg0 Wu0=1 lo0=-18.93 du0=0.0073 pin0=-0.007 a0=[0.009 0.019 -0.001 0.000 -0.012]
INFO  [mc_indi_tiltrotor] WRdbg1 Wu1=1 lo1=-19.43 du1=0.0155 pin1=0.016 a1=[-0.008 0.018 0.002 -0.000 -0.012]
INFO  [mc_indi_tiltrotor] YWdbg nu2=-0.007 ach2=-0.007 r=0.04 wsp2=-0.00 ddelta=[0.0030 0.0012 0.0003]
INFO  [mc_indi_tiltrotor] T0dbg1 G0=[-0.257 0.198 0.017 0.170 -0.985] nu_des=[-0.00 0.00 -0.01 -0.71 -0.00]
INFO  [mc_indi_tiltrotor] T0dbg2 Ws34=[0.1 20.0] Wu0=1.0 du0=-0.0046 dmin0=-18.9627 dmax0=26.0373
INFO  [mc_indi_tiltrotor] T2dbg1 G2=[-0.000 -0.650 0.060 0.003 -1.000] G5=[-0.753 -0.856 -0.002 12.551 0.035]
INFO  [mc_indi_tiltrotor] T2dbg2 Wu25=[1.0 9.0] du25=[0.0046 -0.0003] dmax25=[32.4493 0.0014] nu_yaw=-0.012
INFO  [mc_indi_tiltrotor] WRdbg0 Wu0=1 lo0=-18.96 du0=-0.0046 pin0=0.000 a0=[0.001 -0.000 -0.002 -0.004 0.001]
INFO  [mc_indi_tiltrotor] WRdbg1 Wu1=1 lo1=-19.45 du1=0.0031 pin1=0.000 a1=[-0.001 0.001 0.004 -0.002 0.001]
INFO  [mc_indi_tiltrotor] T0dbg1 G0=[-0.256 0.200 0.019 0.160 -0.987] nu_des=[0.01 -0.03 -0.00 -0.29 0.03]
INFO  [mc_indi_tiltrotor] T0dbg2 Ws34=[0.1 20.0] Wu0=1.0 du0=-0.0160 dmin0=-18.9105 dmax0=26.0895
INFO  [mc_indi_tiltrotor] T2dbg1 G2=[-0.000 -0.650 0.060 0.003 -1.000] G5=[-0.755 -0.860 -0.002 12.582 0.032]
INFO  [mc_indi_tiltrotor] T2dbg2 Wu25=[1.0 9.0] du25=[0.0042 -0.0003] dmax25=[32.4175 0.0017] nu_yaw=-0.001
INFO  [mc_indi_tiltrotor] WRdbg0 Wu0=1 lo0=-18.91 du0=-0.0160 pin0=0.000 a0=[-0.009 0.002 -0.000 -0.002 -0.007]
INFO  [mc_indi_tiltrotor] WRdbg1 Wu1=1 lo1=-19.38 du1=-0.0024 pin1=0.000 a1=[0.013 -0.006 0.000 -0.001 -0.009]
INFO  [mc_indi_tiltrotor] YWdbg nu2=0.005 ach2=0.004 r=-0.01 wsp2=-0.02 ddelta=[0.0053 0.0056 0.0004]
INFO  [mc_indi_tiltrotor] T0dbg1 G0=[-0.257 0.197 0.015 0.175 -0.985] nu_des=[0.00 0.02 -0.01 -0.83 -0.00]
INFO  [mc_indi_tiltrotor] T0dbg2 Ws34=[0.1 20.0] Wu0=1.0 du0=-0.0123 dmin0=-18.8374 dmax0=26.1626
INFO  [mc_indi_tiltrotor] T2dbg1 G2=[-0.000 -0.650 0.060 0.003 -1.000] G5=[-0.763 -0.862 -0.003 12.709 0.043]
INFO  [mc_indi_tiltrotor] T2dbg2 Wu25=[1.0 9.0] du25=[-0.0084 -0.0008] dmax25=[32.2912 0.0008] nu_yaw=-0.005
INFO  [mc_indi_tiltrotor] WRdbg0 Wu0=1 lo0=-18.84 du0=-0.0123 pin0=0.000 a0=[-0.005 -0.003 -0.001 -0.005 0.001]
INFO  [mc_indi_tiltrotor] WRdbg1 Wu1=1 lo1=-19.27 du1=0.0108 pin1=0.000 a1=[0.006 0.005 0.002 -0.003 0.001]
INFO  [mc_indi_tiltrotor] T0dbg1 G0=[-0.256 0.200 0.019 0.159 -0.987] nu_des=[0.00 -0.02 0.01 -0.31 0.00]
INFO  [mc_indi_tiltrotor] T0dbg2 Ws34=[0.1 20.0] Wu0=1.0 du0=-0.0004 dmin0=-18.9069 dmax0=26.0931
INFO  [mc_indi_tiltrotor] T2dbg1 G2=[-0.000 -0.650 0.060 0.002 -1.000] G5=[-0.765 -0.873 -0.002 12.752 0.030]
INFO  [mc_indi_tiltrotor] T2dbg2 Wu25=[1.0 9.0] du25=[0.0101 0.0002] dmax25=[32.2479 0.0021] nu_yaw=0.013
INFO  [mc_indi_tiltrotor] WRdbg0 Wu0=1 lo0=-18.91 du0=-0.0004 pin0=0.000 a0=[-0.002 0.002 0.002 -0.002 -0.000]
INFO  [mc_indi_tiltrotor] WRdbg1 Wu1=1 lo1=-19.34 du1=-0.0087 pin1=0.000 a1=[0.002 -0.004 -0.005 -0.001 -0.001]
INFO  [mc_indi_tiltrotor] YWdbg nu2=-0.038 ach2=-0.014 r=-0.00 wsp2=0.01 ddelta=[-0.0030 -0.0051 -0.0003]
INFO  [mc_indi_tiltrotor] T0dbg1 G0=[-0.256 0.200 0.020 0.155 -0.988] nu_des=[-0.00 -0.16 0.03 -0.19 0.11]
INFO  [mc_indi_tiltrotor] T0dbg2 Ws34=[0.1 20.0] Wu0=1.0 du0=-0.0615 dmin0=-18.8940 dmax0=26.1060
INFO  [mc_indi_tiltrotor] T2dbg1 G2=[-0.000 -0.650 0.060 0.003 -1.000] G5=[-0.744 -0.846 -0.002 12.395 0.033]
INFO  [mc_indi_tiltrotor] T2dbg2 Wu25=[1.0 9.0] du25=[0.0948 0.0024] dmax25=[32.6054 0.0039] nu_yaw=0.025
INFO  [mc_indi_tiltrotor] WRdbg0 Wu0=1 lo0=-18.89 du0=-0.0615 pin0=0.066 a0=[0.007 -0.094 0.001 0.000 -0.041]
INFO  [mc_indi_tiltrotor] WRdbg1 Wu1=1 lo1=-19.35 du1=-0.1066 pin1=0.029 a1=[-0.007 -0.086 -0.001 -0.000 -0.042]
INFO  [mc_indi_tiltrotor] T0dbg1 G0=[-0.256 0.200 0.019 0.160 -0.987] nu_des=[-0.00 0.02 -0.00 -0.32 -0.01]
INFO  [mc_indi_tiltrotor] T0dbg2 Ws34=[0.1 20.0] Wu0=1.0 du0=0.0028 dmin0=-18.7077 dmax0=26.2923
INFO  [mc_indi_tiltrotor] T2dbg1 G2=[-0.000 -0.650 0.060 0.002 -1.000] G5=[-0.742 -0.850 -0.001 12.374 0.025]
INFO  [mc_indi_tiltrotor] T2dbg2 Wu25=[1.0 9.0] du25=[-0.0049 -0.0001] dmax25=[32.6260 0.0014] nu_yaw=-0.003
INFO  [mc_indi_tiltrotor] WRdbg0 Wu0=1 lo0=-18.71 du0=0.0028 pin0=0.000 a0=[0.005 -0.002 -0.000 -0.002 0.001]
INFO  [mc_indi_tiltrotor] WRdbg1 Wu1=1 lo1=-19.25 du1=-0.0012 pin1=0.000 a1=[-0.007 0.004 0.001 -0.001 0.002]
INFO  [mc_indi_tiltrotor] YWdbg nu2=0.001 ach2=0.002 r=0.01 wsp2=-0.00 ddelta=[-0.0009 -0.0003 -0.0005]
INFO  [mc_indi_tiltrotor] T0dbg1 G0=[-0.256 0.200 0.020 0.158 -0.987] nu_des=[0.00 0.03 -0.00 -0.20 -0.00]
INFO  [mc_indi_tiltrotor] T0dbg2 Ws34=[0.1 20.0] Wu0=1.0 du0=-0.0057 dmin0=-18.8608 dmax0=26.1392
INFO  [mc_indi_tiltrotor] T2dbg1 G2=[-0.000 -0.650 0.060 0.002 -1.000] G5=[-0.757 -0.865 -0.002 12.618 0.028]
INFO  [mc_indi_tiltrotor] T2dbg2 Wu25=[1.0 9.0] du25=[-0.0147 -0.0005] dmax25=[32.3819 0.0014] nu_yaw=-0.003
INFO  [mc_indi_tiltrotor] WRdbg0 Wu0=1 lo0=-18.86 du0=-0.0057 pin0=0.000 a0=[-0.002 -0.003 -0.000 -0.001 0.001]
INFO  [mc_indi_tiltrotor] WRdbg1 Wu1=1 lo1=-19.31 du1=0.0108 pin1=0.000 a1=[0.003 0.007 0.001 -0.001 0.001]
INFO  [mc_indi_tiltrotor] T0dbg1 G0=[-0.256 0.200 0.019 0.160 -0.987] nu_des=[-0.01 -0.00 -0.01 -0.24 0.02]
INFO  [mc_indi_tiltrotor] T0dbg2 Ws34=[0.1 20.0] Wu0=1.0 du0=0.0046 dmin0=-18.9349 dmax0=26.0651
INFO  [mc_indi_tiltrotor] T2dbg1 G2=[-0.000 -0.650 0.060 0.002 -1.000] G5=[-0.763 -0.872 -0.002 12.718 0.029]
INFO  [mc_indi_tiltrotor] T2dbg2 Wu25=[1.0 9.0] du25=[-0.0013 0.0004] dmax25=[32.2821 0.0022] nu_yaw=-0.006
INFO  [mc_indi_tiltrotor] WRdbg0 Wu0=1 lo0=-18.93 du0=0.0046 pin0=0.000 a0=[0.011 0.000 -0.001 -0.001 -0.005]
INFO  [mc_indi_tiltrotor] WRdbg1 Wu1=1 lo1=-19.32 du1=-0.0202 pin1=0.000 a1=[-0.015 -0.000 0.002 -0.001 -0.006]
INFO  [mc_indi_tiltrotor] YWdbg nu2=-0.013 ach2=-0.014 r=0.01 wsp2=-0.02 ddelta=[0.0031 0.0003 0.0001]
INFO  [mc_indi_tiltrotor] T0dbg1 G0=[-0.257 0.198 0.017 0.169 -0.986] nu_des=[0.01 -0.08 -0.03 -0.45 0.16]
INFO  [mc_indi_tiltrotor] T0dbg2 Ws34=[0.1 20.0] Wu0=1.0 du0=-0.0742 dmin0=-18.3754 dmax0=26.6246
INFO  [mc_indi_tiltrotor] T2dbg1 G2=[-0.000 -0.650 0.060 0.003 -1.000] G5=[-0.789 -0.894 -0.002 13.155 0.041]
INFO  [mc_indi_tiltrotor] T2dbg2 Wu25=[1.0 9.0] du25=[0.0067 0.0005] dmax25=[31.8449 0.0026] nu_yaw=-0.025
INFO  [mc_indi_tiltrotor] WRdbg0 Wu0=1 lo0=-18.38 du0=-0.0742 pin0=0.056 a0=[-0.019 -0.049 -0.001 0.000 -0.061]
INFO  [mc_indi_tiltrotor] WRdbg1 Wu1=1 lo1=-18.85 du1=-0.0572 pin1=0.031 a1=[0.017 -0.045 0.001 -0.000 -0.062]
INFO  [mc_indi_tiltrotor] T0dbg1 G0=[-0.256 0.199 0.019 0.162 -0.987] nu_des=[0.01 -0.10 0.03 -0.45 0.00]
INFO  [mc_indi_tiltrotor] T0dbg2 Ws34=[0.1 20.0] Wu0=1.0 du0=-0.0327 dmin0=-18.6616 dmax0=26.3384
INFO  [mc_indi_tiltrotor] T2dbg1 G2=[-0.000 -0.650 0.060 0.003 -1.000] G5=[-0.751 -0.850 -0.002 12.515 0.041]
INFO  [mc_indi_tiltrotor] T2dbg2 Wu25=[1.0 9.0] du25=[0.0719 0.0011] dmax25=[32.4849 0.0019] nu_yaw=0.031
INFO  [mc_indi_tiltrotor] WRdbg0 Wu0=1 lo0=-18.66 du0=-0.0327 pin0=0.047 a0=[-0.021 -0.057 0.001 0.000 -0.002]
INFO  [mc_indi_tiltrotor] WRdbg1 Wu1=1 lo1=-19.22 du1=-0.0293 pin1=0.007 a1=[0.020 -0.052 -0.001 -0.000 -0.002]
INFO  [mc_indi_tiltrotor] YWdbg nu2=0.019 ach2=0.019 r=-0.03 wsp2=0.03 ddelta=[-0.0035 0.0002 -0.0002]
INFO  [mc_indi_tiltrotor] T0dbg1 G0=[-0.256 0.200 0.019 0.160 -0.987] nu_des=[-0.02 0.01 0.00 -0.48 0.03]
INFO  [mc_indi_tiltrotor] T0dbg2 Ws34=[0.1 20.0] Wu0=1.0 du0=0.0247 dmin0=-18.9711 dmax0=26.0289
INFO  [mc_indi_tiltrotor] T2dbg1 G2=[-0.000 -0.650 0.060 0.003 -1.000] G5=[-0.753 -0.857 -0.002 12.555 0.034]
INFO  [mc_indi_tiltrotor] T2dbg2 Wu25=[1.0 9.0] du25=[-0.0122 0.0007] dmax25=[32.4453 0.0029] nu_yaw=0.000
INFO  [mc_indi_tiltrotor] WRdbg0 Wu0=1 lo0=-18.97 du0=0.0247 pin0=-0.005 a0=[0.036 0.004 0.000 0.000 -0.010]
INFO  [mc_indi_tiltrotor] WRdbg1 Wu1=1 lo1=-19.39 du1=-0.0385 pin1=0.003 a1=[-0.034 0.003 -0.000 -0.000 -0.011]
INFO  [mc_indi_tiltrotor] T0dbg1 G0=[-0.257 0.197 0.016 0.174 -0.985] nu_des=[0.01 0.00 -0.01 -0.91 0.14]
INFO  [mc_indi_tiltrotor] T0dbg2 Ws34=[0.1 20.0] Wu0=1.0 du0=-0.0043 dmin0=-18.9326 dmax0=26.0674
INFO  [mc_indi_tiltrotor] T2dbg1 G2=[-0.000 -0.650 0.060 0.004 -1.000] G5=[-0.769 -0.867 -0.003 12.814 0.046]
INFO  [mc_indi_tiltrotor] T2dbg2 Wu25=[1.0 1000000.0] du25=[-0.0892 -0.0009] dmax25=[32.1855 0.0027] nu_yaw=-0.005
INFO  [mc_indi_tiltrotor] WRdbg0 Wu0=1 lo0=-18.93 du0=-0.0043 pin0=0.060 a0=[-0.014 0.003 -0.000 -0.000 -0.053]
INFO  [mc_indi_tiltrotor] WRdbg1 Wu1=1 lo1=-19.20 du1=-0.0099 pin1=0.028 a1=[0.013 0.003 0.000 -0.000 -0.055]
INFO  [mc_indi_tiltrotor] YWdbg nu2=-0.008 ach2=-0.008 r=0.03 wsp2=0.01 ddelta=[-0.0025 -0.0043 -0.0002]
INFO  [mc_indi_tiltrotor] T0dbg1 G0=[-0.257 0.197 0.015 0.175 -0.985] nu_des=[-0.01 0.11 -0.00 -0.86 0.06]
INFO  [mc_indi_tiltrotor] T0dbg2 Ws34=[0.1 20.0] Wu0=1.0 du0=0.0124 dmin0=-18.9296 dmax0=26.0704
INFO  [mc_indi_tiltrotor] T2dbg1 G2=[-0.000 -0.650 0.060 0.002 -1.000] G5=[-0.757 -0.864 -0.002 12.617 0.029]
INFO  [mc_indi_tiltrotor] T2dbg2 Wu25=[1.0 9.0] du25=[-0.1051 -0.0016] dmax25=[32.3833 0.0002] nu_yaw=-0.003
INFO  [mc_indi_tiltrotor] WRdbg0 Wu0=1 lo0=-18.93 du0=0.0124 pin0=-0.039 a0=[0.010 0.064 -0.000 0.000 -0.023]
INFO  [mc_indi_tiltrotor] WRdbg1 Wu1=1 lo1=-19.30 du1=0.0068 pin1=-0.018 a1=[-0.010 0.059 0.000 -0.001 -0.023]
INFO  [mc_indi_tiltrotor] T0dbg1 G0=[-0.256 0.199 0.018 0.164 -0.986] nu_des=[-0.00 0.00 0.00 -0.50 -0.01]
INFO  [mc_indi_tiltrotor] T0dbg2 Ws34=[0.1 20.0] Wu0=1.0 du0=-0.0003 dmin0=-18.8350 dmax0=26.1650
INFO  [mc_indi_tiltrotor] T2dbg1 G2=[-0.000 -0.650 0.060 0.001 -1.000] G5=[-0.762 -0.879 -0.001 12.705 0.017]
INFO  [mc_indi_tiltrotor] T2dbg2 Wu25=[1.0 9.0] du25=[0.0037 -0.0001] dmax25=[32.2946 0.0016] nu_yaw=0.005
INFO  [mc_indi_tiltrotor] WRdbg0 Wu0=1 lo0=-18.83 du0=-0.0003 pin0=0.000 a0=[0.001 -0.000 0.001 -0.003 0.001]
INFO  [mc_indi_tiltrotor] WRdbg1 Wu1=1 lo1=-19.40 du1=-0.0024 pin1=0.000 a1=[-0.001 0.001 -0.002 -0.002 0.002]
INFO  [mc_indi_tiltrotor] YWdbg nu2=-0.045 ach2=0.010 r=0.01 wsp2=-0.01 ddelta=[-0.0120 -0.0080 -0.0003]
INFO  [mc_indi_tiltrotor] T0dbg1 G0=[-0.256 0.199 0.019 0.162 -0.987] nu_des=[0.01 -0.12 0.02 -0.39 0.13]
INFO  [mc_indi_tiltrotor] T0dbg2 Ws34=[0.1 20.0] Wu0=1.0 du0=-0.0681 dmin0=-18.8546 dmax0=26.1454
INFO  [mc_indi_tiltrotor] T2dbg1 G2=[-0.000 -0.650 0.060 0.003 -1.000] G5=[-0.762 -0.866 -0.002 12.702 0.035]
INFO  [mc_indi_tiltrotor] T2dbg2 Wu25=[1.0 9.0] du25=[0.0496 0.0009] dmax25=[32.2983 0.0034] nu_yaw=0.020
INFO  [mc_indi_tiltrotor] WRdbg0 Wu0=1 lo0=-18.85 du0=-0.0681 pin0=0.068 a0=[-0.015 -0.073 0.000 0.000 -0.049]
INFO  [mc_indi_tiltrotor] WRdbg1 Wu1=1 lo1=-19.40 du1=-0.0727 pin1=0.030 a1=[0.014 -0.066 -0.001 -0.000 -0.049]
INFO  [mc_indi_tiltrotor] T0dbg1 G0=[-0.256 0.199 0.019 0.161 -0.987] nu_des=[0.00 -0.47 0.00 -0.28 0.30]
INFO  [mc_indi_tiltrotor] T0dbg2 Ws34=[0.1 20.0] Wu0=1.0 du0=-0.3847 dmin0=-18.7364 dmax0=26.2636
INFO  [mc_indi_tiltrotor] T2dbg1 G2=[-0.000 -0.650 0.060 0.002 -1.000] G5=[-0.762 -0.870 -0.002 12.698 0.029]
INFO  [mc_indi_tiltrotor] T2dbg2 Wu25=[1.0 1000000.0] du25=[0.4636 0.0053] dmax25=[32.3019 0.0089] nu_yaw=0.001
INFO  [mc_indi_tiltrotor] WRdbg0 Wu0=1 lo0=-18.74 du0=-0.3847 pin0=0.004 a0=[-0.003 -0.273 0.000 -0.000 -0.113]
INFO  [mc_indi_tiltrotor] WRdbg1 Wu1=1 lo1=-19.20 du1=-0.3878 pin1=0.004 a1=[0.003 -0.279 -0.000 -0.000 -0.116]
INFO  [mc_indi_tiltrotor] YWdbg nu2=-0.022 ach2=-0.021 r=0.00 wsp2=-0.02 ddelta=[0.0054 0.0009 -0.0002]
INFO  [mc_indi_tiltrotor] T0dbg1 G0=[-0.256 0.199 0.019 0.162 -0.987] nu_des=[-0.00 0.00 -0.02 -0.22 0.01]
INFO  [mc_indi_tiltrotor] T0dbg2 Ws34=[0.1 20.0] Wu0=1.0 du0=0.0077 dmin0=-18.9309 dmax0=26.0691
INFO  [mc_indi_tiltrotor] T2dbg1 G2=[-0.000 -0.650 0.060 0.002 -1.000] G5=[-0.756 -0.866 -0.001 12.597 0.024]
INFO  [mc_indi_tiltrotor] T2dbg2 Wu25=[1.0 9.0] du25=[-0.0077 -0.0001] dmax25=[32.4027 0.0018] nu_yaw=-0.021
INFO  [mc_indi_tiltrotor] WRdbg0 Wu0=1 lo0=-18.93 du0=0.0077 pin0=-0.007 a0=[0.007 0.002 0.007 0.000 -0.002]
INFO  [mc_indi_tiltrotor] WRdbg1 Wu1=1 lo1=-19.30 du1=0.0026 pin1=-0.002 a1=[-0.006 0.001 0.012 -0.000 -0.002]
INFO  [mc_indi_tiltrotor] T0dbg1 G0=[-0.256 0.199 0.018 0.165 -0.986] nu_des=[0.01 0.67 0.03 -0.44 0.49]
INFO  [mc_indi_tiltrotor] T0dbg2 Ws34=[0.1 20.0] Wu0=1.0 du0=0.1634 dmin0=-19.0535 dmax0=25.9465
INFO  [mc_indi_tiltrotor] T2dbg1 G2=[-0.000 -0.650 0.060 0.004 -1.000] G5=[-0.742 -0.834 -0.003 12.368 0.048]
INFO  [mc_indi_tiltrotor] T2dbg2 Wu25=[1.0 1000000.0] du25=[-0.8665 -0.0039] dmax25=[32.6319 -0.0022] nu_yaw=0.034
INFO  [mc_indi_tiltrotor] WRdbg0 Wu0=1 lo0=-19.05 du0=0.1634 pin0=-0.028 a0=[-0.012 0.386 0.000 -0.000 -0.183]
INFO  [mc_indi_tiltrotor] WRdbg1 Wu1=1 lo1=-19.55 du1=0.2058 pin1=-0.013 a1=[0.011 0.395 -0.000 -0.000 -0.188]
INFO  [mc_indi_tiltrotor] YWdbg nu2=0.031 ach2=-0.100 r=-0.03 wsp2=-0.00 ddelta=[0.0012 -0.0006 -0.0045]
INFO  [mc_indi_tiltrotor] T0dbg1 G0=[-0.256 0.200 0.020 0.157 -0.988] nu_des=[0.01 0.06 -0.01 -0.24 0.02]
INFO  [mc_indi_tiltrotor] T0dbg2 Ws34=[0.1 20.0] Wu0=1.0 du0=-0.0185 dmin0=-18.7483 dmax0=26.2517
INFO  [mc_indi_tiltrotor] T2dbg1 G2=[-0.000 -0.650 0.060 0.004 -1.000] G5=[-0.751 -0.842 -0.003 12.521 0.053]
INFO  [mc_indi_tiltrotor] T2dbg2 Wu25=[1.0 9.0] du25=[-0.0410 -0.0011] dmax25=[32.4787 0.0001] nu_yaw=-0.006
INFO  [mc_indi_tiltrotor] WRdbg0 Wu0=1 lo0=-18.75 du0=-0.0185 pin0=-0.033 a0=[-0.010 0.031 0.002 0.000 -0.008]
INFO  [mc_indi_tiltrotor] WRdbg1 Wu1=1 lo1=-19.20 du1=0.0178 pin1=-0.012 a1=[0.009 0.026 0.004 -0.000 -0.008]
INFO  [mc_indi_tiltrotor] T0dbg1 G0=[-0.256 0.200 0.019 0.160 -0.987] nu_des=[-0.00 0.05 -0.06 -0.30 0.35]
INFO  [mc_indi_tiltrotor] T0dbg2 Ws34=[0.1 20.0] Wu0=1.0 du0=-0.0618 dmin0=-18.4830 dmax0=26.5170
INFO  [mc_indi_tiltrotor] T2dbg1 G2=[-0.000 -0.650 0.060 0.005 -1.000] G5=[-0.801 -0.890 -0.004 13.349 0.068]
INFO  [mc_indi_tiltrotor] T2dbg2 Wu25=[1.0 1000000.0] du25=[-0.1793 0.0019] dmax25=[31.6513 0.0055] nu_yaw=-0.064
INFO  [mc_indi_tiltrotor] WRdbg0 Wu0=1 lo0=-18.48 du0=-0.0618 pin0=0.034 a0=[0.005 0.030 -0.000 -0.000 -0.130]
INFO  [mc_indi_tiltrotor] WRdbg1 Wu1=1 lo1=-19.01 du1=-0.0813 pin1=0.026 a1=[-0.004 0.030 0.000 -0.000 -0.133]
INFO  [mc_indi_tiltrotor] YWdbg nu2=-0.026 ach2=0.053 r=-0.01 wsp2=0.02 ddelta=[0.0024 0.0074 0.0056]
INFO  [mc_indi_tiltrotor] T0dbg1 G0=[-0.256 0.200 0.020 0.158 -0.987] nu_des=[-0.01 -0.82 -0.01 -0.26 0.45]
INFO  [mc_indi_tiltrotor] T0dbg2 Ws34=[0.1 20.0] Wu0=1.0 du0=-0.6135 dmin0=-18.7977 dmax0=26.2023
INFO  [mc_indi_tiltrotor] T2dbg1 G2=[-0.000 -0.650 0.060 0.004 -1.000] G5=[-0.770 -0.864 -0.003 12.833 0.053]
INFO  [mc_indi_tiltrotor] T2dbg2 Wu25=[1.0 1000000.0] du25=[0.8172 0.0109] dmax25=[32.1665 0.0109] nu_yaw=-0.005
INFO  [mc_indi_tiltrotor] WRdbg0 Wu0=1 lo0=-18.80 du0=-0.6135 pin0=0.008 a0=[0.023 -0.473 -0.000 -0.000 -0.171]
INFO  [mc_indi_tiltrotor] WRdbg1 Wu1=1 lo1=-19.33 du1=-0.6677 pin1=0.013 a1=[-0.022 -0.484 0.000 -0.000 -0.175]
INFO  [mc_indi_tiltrotor] T0dbg1 G0=[-0.256 0.200 0.020 0.158 -0.987] nu_des=[-0.01 -0.08 0.05 -0.29 0.10]
INFO  [mc_indi_tiltrotor] T0dbg2 Ws34=[0.1 20.0] Wu0=1.0 du0=-0.0912 dmin0=-19.1882 dmax0=25.8118
INFO  [mc_indi_tiltrotor] T2dbg1 G2=[-0.000 -0.650 0.060 0.004 -1.000] G5=[-0.704 -0.792 -0.003 11.740 0.045]
INFO  [mc_indi_tiltrotor] T2dbg2 Wu25=[1.0 1000000.0] du25=[0.1075 -0.0000] dmax25=[33.2602 -0.0000] nu_yaw=0.046
INFO  [mc_indi_tiltrotor] WRdbg0 Wu0=1 lo0=-19.19 du0=-0.0912 pin0=-0.033 a0=[0.029 -0.049 0.000 -0.000 -0.038]
INFO  [mc_indi_tiltrotor] WRdbg1 Wu1=1 lo1=-19.57 du1=-0.1496 pin1=-0.033 a1=[-0.028 -0.050 -0.000 -0.000 -0.039]
INFO  [mc_indi_tiltrotor] YWdbg nu2=0.050 ach2=0.001 r=0.02 wsp2=0.02 ddelta=[-0.0096 -0.0063 -0.0017]
INFO  [mc_indi_tiltrotor] T0dbg1 G0=[-0.256 0.200 0.020 0.159 -0.987] nu_des=[-0.02 0.24 0.05 -0.31 0.20]
INFO  [mc_indi_tiltrotor] T0dbg2 Ws34=[0.1 20.0] Wu0=1.0 du0=0.0598 dmin0=-19.1741 dmax0=25.8259
INFO  [mc_indi_tiltrotor] T2dbg1 G2=[-0.000 -0.650 0.060 0.004 -1.000] G5=[-0.717 -0.803 -0.003 11.957 0.052]
INFO  [mc_indi_tiltrotor] T2dbg2 Wu25=[1.0 9.0] du25=[-0.2844 -0.0028] dmax25=[33.0429 0.0004] nu_yaw=0.047
INFO  [mc_indi_tiltrotor] WRdbg0 Wu0=1 lo0=-19.17 du0=0.0598 pin0=-0.044 a0=[0.037 0.143 0.001 0.000 -0.077]
INFO  [mc_indi_tiltrotor] WRdbg1 Wu1=1 lo1=-19.58 du1=-0.0141 pin1=-0.032 a1=[-0.034 0.132 -0.002 -0.000 -0.078]
INFO  [mc_indi_tiltrotor] T0dbg1 G0=[-0.256 0.200 0.019 0.159 -0.987] nu_des=[-0.01 0.24 0.01 -0.29 0.32]
INFO  [mc_indi_tiltrotor] T0dbg2 Ws34=[0.1 20.0] Wu0=1.0 du0=0.0008 dmin0=-19.0577 dmax0=25.9423
INFO  [mc_indi_tiltrotor] T2dbg1 G2=[-0.000 -0.650 0.060 0.005 -1.000] G5=[-0.727 -0.808 -0.004 12.110 0.061]
INFO  [mc_indi_tiltrotor] T2dbg2 Wu25=[1.0 9.0] du25=[-0.3177 -0.0033] dmax25=[32.8903 -0.0016] nu_yaw=0.010
INFO  [mc_indi_tiltrotor] WRdbg0 Wu0=1 lo0=-19.06 du0=0.0008 pin0=-0.033 a0=[0.012 0.141 0.000 0.000 -0.119]
INFO  [mc_indi_tiltrotor] WRdbg1 Wu1=1 lo1=-19.65 du1=-0.0229 pin1=-0.021 a1=[-0.011 0.130 -0.000 -0.000 -0.120]
INFO  [mc_indi_tiltrotor] YWdbg nu2=-0.063 ach2=-0.137 r=0.06 wsp2=-0.04 ddelta=[0.0048 -0.0057 -0.0056]
INFO  [mc_indi_tiltrotor] T0dbg1 G0=[-0.256 0.200 0.019 0.160 -0.987] nu_des=[0.01 0.57 -0.05 -0.33 0.50]
INFO  [mc_indi_tiltrotor] T0dbg2 Ws34=[0.1 20.0] Wu0=1.0 du0=0.1056 dmin0=-19.0896 dmax0=25.9104
INFO  [mc_indi_tiltrotor] T2dbg1 G2=[-0.000 -0.650 0.060 0.006 -1.000] G5=[-0.748 -0.827 -0.004 12.458 0.069]
INFO  [mc_indi_tiltrotor] T2dbg2 Wu25=[1.0 1000000.0] du25=[-0.7544 -0.0056] dmax25=[32.5414 -0.0039] nu_yaw=-0.047
INFO  [mc_indi_tiltrotor] WRdbg0 Wu0=1 lo0=-19.09 du0=0.1056 pin0=-0.018 a0=[-0.015 0.327 -0.000 -0.000 -0.188]
INFO  [mc_indi_tiltrotor] WRdbg1 Wu1=1 lo1=-19.78 du1=0.1409 pin1=-0.015 a1=[0.014 0.334 0.000 -0.000 -0.193]
INFO  [mc_indi_tiltrotor] T0dbg1 G0=[-0.256 0.200 0.019 0.160 -0.987] nu_des=[0.01 0.68 -0.13 -0.26 0.19]
INFO  [mc_indi_tiltrotor] T0dbg2 Ws34=[0.1 20.0] Wu0=1.0 du0=0.3047 dmin0=-18.5285 dmax0=26.4715
INFO  [mc_indi_tiltrotor] T2dbg1 G2=[-0.000 -0.650 0.060 0.007 -1.000] G5=[-0.785 -0.860 -0.005 13.081 0.086]
INFO  [mc_indi_tiltrotor] T2dbg2 Wu25=[1.0 1000000.0] du25=[-0.8323 -0.0055] dmax25=[31.9186 -0.0019] nu_yaw=-0.125
INFO  [mc_indi_tiltrotor] WRdbg0 Wu0=1 lo0=-18.53 du0=0.3047 pin0=0.001 a0=[-0.016 0.392 -0.000 -0.000 -0.072]
INFO  [mc_indi_tiltrotor] WRdbg1 Wu1=1 lo1=-19.00 du1=0.3571 pin1=0.016 a1=[0.015 0.400 0.000 -0.000 -0.074]
INFO  [mc_indi_tiltrotor] YWdbg nu2=-0.170 ach2=-0.000 r=0.07 wsp2=-0.14 ddelta=[0.0078 0.0075 0.0019]
INFO  [mc_indi_tiltrotor] T0dbg1 G0=[-0.256 0.200 0.019 0.160 -0.987] nu_des=[0.01 0.01 -0.18 -0.25 0.17]
INFO  [mc_indi_tiltrotor] T0dbg2 Ws34=[0.1 20.0] Wu0=1.0 du0=-0.0634 dmin0=-18.5009 dmax0=26.4991
INFO  [mc_indi_tiltrotor] T2dbg1 G2=[-0.000 -0.650 0.060 0.007 -1.000] G5=[-0.797 -0.868 -0.006 13.284 0.095]
INFO  [mc_indi_tiltrotor] T2dbg2 Wu25=[1.0 1000000.0] du25=[-0.0789 -0.0029] dmax25=[31.7156 0.0007] nu_yaw=-0.180
INFO  [mc_indi_tiltrotor] WRdbg0 Wu0=1 lo0=-18.50 du0=-0.0634 pin0=0.022 a0=[-0.028 0.008 -0.000 -0.000 -0.064]
INFO  [mc_indi_tiltrotor] WRdbg1 Wu1=1 lo1=-18.85 du1=0.0055 pin1=0.036 a1=[0.028 0.008 0.000 -0.000 -0.066]
INFO  [mc_indi_tiltrotor] T0dbg1 G0=[-0.257 0.198 0.016 0.172 -0.985] nu_des=[0.00 -0.08 -0.07 -0.51 0.06]
INFO  [mc_indi_tiltrotor] T0dbg2 Ws34=[0.1 20.0] Wu0=1.0 du0=-0.0382 dmin0=-18.9325 dmax0=26.0675
INFO  [mc_indi_tiltrotor] T2dbg1 G2=[-0.000 -0.650 0.060 0.007 -1.000] G5=[-0.750 -0.817 -0.005 12.504 0.089]
INFO  [mc_indi_tiltrotor] T2dbg2 Wu25=[1.0 9.0] du25=[0.0446 0.0011] dmax25=[32.4956 0.0029] nu_yaw=-0.069
INFO  [mc_indi_tiltrotor] WRdbg0 Wu0=1 lo0=-18.93 du0=-0.0382 pin0=0.039 a0=[-0.002 -0.050 -0.001 0.000 -0.024]
INFO  [mc_indi_tiltrotor] WRdbg1 Wu1=1 lo1=-19.36 du1=-0.0303 pin1=0.035 a1=[0.002 -0.046 0.003 -0.000 -0.024]
INFO  [mc_indi_tiltrotor] YWdbg nu2=-0.012 ach2=-0.011 r=-0.02 wsp2=-0.22 ddelta=[0.0096 0.0070 -0.0003]
INFO  [mc_indi_tiltrotor] T0dbg1 G0=[-0.257 0.197 0.014 0.178 -0.984] nu_des=[0.00 0.15 -0.01 -0.67 0.08]
INFO  [mc_indi_tiltrotor] T0dbg2 Ws34=[0.1 20.0] Wu0=1.0 du0=0.0088 dmin0=-18.8705 dmax0=26.1295
INFO  [mc_indi_tiltrotor] T2dbg1 G2=[-0.000 -0.650 0.060 0.006 -1.000] G5=[-0.764 -0.841 -0.005 12.738 0.077]
INFO  [mc_indi_tiltrotor] T2dbg2 Wu25=[1.0 9.0] du25=[-0.1500 -0.0019] dmax25=[32.2617 -0.0007] nu_yaw=-0.014
INFO  [mc_indi_tiltrotor] WRdbg0 Wu0=1 lo0=-18.87 du0=0.0088 pin0=-0.047 a0=[-0.002 0.089 -0.000 0.000 -0.031]
INFO  [mc_indi_tiltrotor] WRdbg1 Wu1=1 lo1=-19.38 du1=0.0243 pin1=-0.028 a1=[0.002 0.081 0.001 -0.000 -0.031]
INFO  [mc_indi_tiltrotor] T0dbg1 G0=[-0.256 0.199 0.019 0.161 -0.987] nu_des=[0.01 -0.03 0.02 -0.33 0.03]
INFO  [mc_indi_tiltrotor] T0dbg2 Ws34=[0.1 20.0] Wu0=1.0 du0=-0.0106 dmin0=-18.8285 dmax0=26.1715
INFO  [mc_indi_tiltrotor] T2dbg1 G2=[-0.000 -0.650 0.060 0.005 -1.000] G5=[-0.756 -0.841 -0.004 12.594 0.062]
INFO  [mc_indi_tiltrotor] T2dbg2 Wu25=[1.0 9.0] du25=[0.0050 0.0001] dmax25=[32.4062 0.0020] nu_yaw=0.023
INFO  [mc_indi_tiltrotor] WRdbg0 Wu0=1 lo0=-18.83 du0=-0.0106 pin0=0.000 a0=[-0.008 0.002 0.003 -0.002 -0.006]
INFO  [mc_indi_tiltrotor] WRdbg1 Wu1=1 lo1=-19.35 du1=-0.0141 pin1=0.000 a1=[0.010 -0.006 -0.009 -0.001 -0.008]
INFO  [mc_indi_tiltrotor] YWdbg nu2=0.041 ach2=0.017 r=-0.13 wsp2=-0.04 ddelta=[-0.0042 0.0000 -0.0011]
INFO  [mc_indi_tiltrotor] T0dbg1 G0=[-0.256 0.199 0.018 0.165 -0.986] nu_des=[-0.01 -0.04 0.02 -0.81 0.02]
INFO  [mc_indi_tiltrotor] T0dbg2 Ws34=[0.1 20.0] Wu0=1.0 du0=-0.0714 dmin0=-19.0026 dmax0=25.9974
INFO  [mc_indi_tiltrotor] T2dbg1 G2=[-0.000 -0.650 0.060 0.004 -1.000] G5=[-0.737 -0.825 -0.003 12.278 0.053]
INFO  [mc_indi_tiltrotor] T2dbg2 Wu25=[1.0 1000000.0] du25=[0.0812 0.0001] dmax25=[32.7216 0.0001] nu_yaw=0.016
INFO  [mc_indi_tiltrotor] WRdbg0 Wu0=1 lo0=-19.00 du0=-0.0714 pin0=-0.052 a0=[0.010 -0.021 0.000 -0.000 -0.009]
INFO  [mc_indi_tiltrotor] WRdbg1 Wu1=1 lo1=-19.49 du1=-0.0719 pin1=-0.031 a1=[-0.010 -0.021 -0.000 -0.000 -0.010]
INFO  [mc_indi_tiltrotor] T0dbg1 G0=[-0.256 0.202 0.023 0.145 -0.989] nu_des=[-0.01 0.00 -0.04 -0.01 0.03]
INFO  [mc_indi_tiltrotor] T0dbg2 Ws34=[0.1 20.0] Wu0=1.0 du0=-0.0019 dmin0=-18.9226 dmax0=26.0774
INFO  [mc_indi_tiltrotor] T2dbg1 G2=[-0.000 -0.650 0.060 0.004 -1.000] G5=[-0.754 -0.851 -0.003 12.569 0.045]
INFO  [mc_indi_tiltrotor] T2dbg2 Wu25=[1.0 9.0] du25=[-0.0113 0.0002] dmax25=[32.4306 0.0021] nu_yaw=-0.040
INFO  [mc_indi_tiltrotor] WRdbg0 Wu0=1 lo0=-18.92 du0=-0.0019 pin0=0.000 a0=[0.014 -0.000 -0.006 -0.000 -0.009]
INFO  [mc_indi_tiltrotor] WRdbg1 Wu1=1 lo1=-19.26 du1=-0.0125 pin1=0.000 a1=[-0.018 0.001 0.016 -0.000 -0.011]
INFO  [mc_indi_tiltrotor] YWdbg nu2=-0.024 ach2=-0.023 r=0.03 wsp2=0.05 ddelta=[0.0048 0.0004 -0.0006]
INFO  [mc_indi_tiltrotor] T0dbg1 G0=[-0.257 0.198 0.017 0.169 -0.986] nu_des=[-0.01 0.01 -0.03 -0.70 0.01]
INFO  [mc_indi_tiltrotor] T0dbg2 Ws34=[0.1 20.0] Wu0=1.0 du0=-0.0052 dmin0=-18.8684 dmax0=26.1316
INFO  [mc_indi_tiltrotor] T2dbg1 G2=[-0.000 -0.650 0.060 0.004 -1.000] G5=[-0.760 -0.857 -0.003 12.660 0.046]
INFO  [mc_indi_tiltrotor] T2dbg2 Wu25=[1.0 9.0] du25=[-0.0062 -0.0003] dmax25=[32.3402 0.0015] nu_yaw=-0.030
INFO  [mc_indi_tiltrotor] WRdbg0 Wu0=1 lo0=-18.87 du0=-0.0052 pin0=0.002 a0=[0.009 0.008 -0.019 -0.000 -0.005]
INFO  [mc_indi_tiltrotor] WRdbg1 Wu1=1 lo1=-19.30 du1=-0.0021 pin1=0.001 a1=[-0.009 0.008 0.003 -0.000 -0.005]
INFO  [mc_indi_tiltrotor] T0dbg1 G0=[-0.256 0.199 0.018 0.166 -0.986] nu_des=[0.00 -0.14 0.02 -0.46 0.09]
INFO  [mc_indi_tiltrotor] T0dbg2 Ws34=[0.1 20.0] Wu0=1.0 du0=-0.0566 dmin0=-18.9332 dmax0=26.0668
INFO  [mc_indi_tiltrotor] T2dbg1 G2=[-0.000 -0.650 0.060 0.004 -1.000] G5=[-0.750 -0.846 -0.003 12.496 0.044]
INFO  [mc_indi_tiltrotor] T2dbg2 Wu25=[1.0 9.0] du25=[0.0819 0.0014] dmax25=[32.5043 0.0027] nu_yaw=0.022
INFO  [mc_indi_tiltrotor] WRdbg0 Wu0=1 lo0=-18.93 du0=-0.0566 pin0=0.069 a0=[-0.010 -0.084 0.000 0.000 -0.032]
INFO  [mc_indi_tiltrotor] WRdbg1 Wu1=1 lo1=-19.36 du1=-0.0718 pin1=0.030 a1=[0.009 -0.077 -0.001 -0.000 -0.033]
INFO  [mc_indi_tiltrotor] YWdbg nu2=0.003 ach2=0.003 r=0.02 wsp2=-0.02 ddelta=[-0.0007 -0.0002 -0.0002]
INFO  [mc_indi_tiltrotor] T0dbg1 G0=[-0.256 0.200 0.019 0.160 -0.987] nu_des=[-0.01 0.02 -0.01 -0.25 0.01]
INFO  [mc_indi_tiltrotor] T0dbg2 Ws34=[0.1 20.0] Wu0=1.0 du0=0.0040 dmin0=-18.8704 dmax0=26.1296
INFO  [mc_indi_tiltrotor] T2dbg1 G2=[-0.000 -0.650 0.060 0.002 -1.000] G5=[-0.748 -0.853 -0.002 12.472 0.031]
INFO  [mc_indi_tiltrotor] T2dbg2 Wu25=[1.0 9.0] du25=[-0.0109 0.0002] dmax25=[32.5284 0.0017] nu_yaw=-0.006
INFO  [mc_indi_tiltrotor] WRdbg0 Wu0=1 lo0=-18.87 du0=0.0040 pin0=0.000 a0=[0.011 -0.002 -0.001 -0.002 -0.003]
INFO  [mc_indi_tiltrotor] WRdbg1 Wu1=1 lo1=-19.39 du1=-0.0128 pin1=0.000 a1=[-0.015 0.005 0.002 -0.001 -0.004]
INFO  [mc_indi_tiltrotor] T0dbg1 G0=[-0.257 0.198 0.016 0.171 -0.985] nu_des=[-0.00 0.01 0.02 -0.76 -0.02]
INFO  [mc_indi_tiltrotor] T0dbg2 Ws34=[0.1 20.0] Wu0=1.0 du0=0.0031 dmin0=-18.8131 dmax0=26.1869
INFO  [mc_indi_tiltrotor] T2dbg1 G2=[-0.000 -0.650 0.060 0.003 -1.000] G5=[-0.760 -0.866 -0.002 12.665 0.032]
INFO  [mc_indi_tiltrotor] T2dbg2 Wu25=[1.0 9.0] du25=[0.0032 -0.0001] dmax25=[32.3347 0.0017] nu_yaw=0.023
INFO  [mc_indi_tiltrotor] WRdbg0 Wu0=1 lo0=-18.81 du0=0.0031 pin0=0.000 a0=[0.002 -0.001 0.003 -0.005 0.004]
INFO  [mc_indi_tiltrotor] WRdbg1 Wu1=1 lo1=-19.38 du1=-0.0054 pin1=0.000 a1=[-0.002 0.003 -0.008 -0.003 0.006]
INFO  [mc_indi_tiltrotor] YWdbg nu2=0.014 ach2=0.009 r=-0.03 wsp2=-0.01 ddelta=[-0.0015 0.0006 -0.0001]
INFO  [mc_indi_tiltrotor] T0dbg1 G0=[-0.256 0.200 0.020 0.158 -0.987] nu_des=[-0.00 -0.03 -0.02 -0.20 0.03]
INFO  [mc_indi_tiltrotor] T0dbg2 Ws34=[0.1 20.0] Wu0=1.0 du0=-0.0050 dmin0=-18.8866 dmax0=26.1134
INFO  [mc_indi_tiltrotor] T2dbg1 G2=[-0.000 -0.650 0.060 0.002 -1.000] G5=[-0.756 -0.862 -0.002 12.595 0.031]
INFO  [mc_indi_tiltrotor] T2dbg2 Wu25=[1.0 9.0] du25=[0.0071 0.0003] dmax25=[32.4054 0.0020] nu_yaw=-0.020
INFO  [mc_indi_tiltrotor] WRdbg0 Wu0=1 lo0=-18.89 du0=-0.0050 pin0=0.000 a0=[0.005 0.002 -0.003 -0.001 -0.008]
INFO  [mc_indi_tiltrotor] WRdbg1 Wu1=1 lo1=-19.27 du1=-0.0156 pin1=0.000 a1=[-0.006 -0.006 0.008 -0.001 -0.010]
INFO  [mc_indi_tiltrotor] T0dbg1 G0=[-0.256 0.199 0.018 0.166 -0.986] nu_des=[0.00 0.23 -0.01 -0.51 0.12]
INFO  [mc_indi_tiltrotor] T0dbg2 Ws34=[0.1 20.0] Wu0=1.0 du0=0.0997 dmin0=-18.7526 dmax0=26.2474
INFO  [mc_indi_tiltrotor] T2dbg1 G2=[-0.000 -0.650 0.060 0.003 -1.000] G5=[-0.752 -0.851 -0.002 12.529 0.041]
INFO  [mc_indi_tiltrotor] T2dbg2 Wu25=[1.0 1000000.0] du25=[-0.3042 -0.0033] dmax25=[32.4712 -0.0015] nu_yaw=-0.013
INFO  [mc_indi_tiltrotor] WRdbg0 Wu0=1 lo0=-18.75 du0=0.0997 pin0=0.020 a0=[-0.008 0.132 -0.000 -0.000 -0.044]
INFO  [mc_indi_tiltrotor] WRdbg1 Wu1=1 lo1=-19.11 du1=0.0997 pin1=0.002 a1=[0.008 0.135 0.000 -0.000 -0.045]
INFO  [mc_indi_tiltrotor] YWdbg nu2=-0.016 ach2=-0.015 r=0.01 wsp2=-0.01 ddelta=[-0.0032 -0.0065 0.0001]
INFO  [mc_indi_tiltrotor] T0dbg1 G0=[-0.256 0.200 0.020 0.156 -0.988] nu_des=[0.00 0.01 0.01 -0.18 -0.02]
INFO  [mc_indi_tiltrotor] T0dbg2 Ws34=[0.1 20.0] Wu0=1.0 du0=0.0033 dmin0=-18.8818 dmax0=26.1182
INFO  [mc_indi_tiltrotor] T2dbg1 G2=[-0.000 -0.650 0.060 0.002 -1.000] G5=[-0.752 -0.859 -0.002 12.541 0.029]
INFO  [mc_indi_tiltrotor] T2dbg2 Wu25=[1.0 9.0] du25=[0.0024 -0.0001] dmax25=[32.4586 0.0019] nu_yaw=0.006
INFO  [mc_indi_tiltrotor] WRdbg0 Wu0=1 lo0=-18.88 du0=0.0033 pin0=0.000 a0=[-0.001 -0.001 0.001 -0.001 0.005]
INFO  [mc_indi_tiltrotor] WRdbg1 Wu1=1 lo1=-19.39 du1=0.0059 pin1=0.000 a1=[0.001 0.002 -0.003 -0.001 0.006]
INFO  [mc_indi_tiltrotor] T0dbg1 G0=[-0.256 0.200 0.020 0.157 -0.988] nu_des=[-0.01 -0.00 0.00 -0.27 0.02]
INFO  [mc_indi_tiltrotor] T0dbg2 Ws34=[0.1 20.0] Wu0=1.0 du0=0.0034 dmin0=-18.8211 dmax0=26.1789
INFO  [mc_indi_tiltrotor] T2dbg1 G2=[-0.000 -0.650 0.060 0.002 -1.000] G5=[-0.759 -0.867 -0.002 12.644 0.028]
INFO  [mc_indi_tiltrotor] T2dbg2 Wu25=[1.0 9.0] du25=[-0.0017 0.0004] dmax25=[32.3560 0.0021] nu_yaw=0.005
INFO  [mc_indi_tiltrotor] WRdbg0 Wu0=1 lo0=-18.82 du0=0.0034 pin0=0.000 a0=[0.008 0.000 0.001 -0.002 -0.004]
INFO  [mc_indi_tiltrotor] WRdbg1 Wu1=1 lo1=-19.35 du1=-0.0198 pin1=0.000 a1=[-0.011 -0.000 -0.002 -0.001 -0.005]
INFO  [mc_indi_tiltrotor] YWdbg nu2=0.007 ach2=0.008 r=-0.02 wsp2=0.00 ddelta=[0.0004 0.0022 -0.0007]
INFO  [mc_indi_tiltrotor] T0dbg1 G0=[-0.256 0.201 0.022 0.148 -0.989] nu_des=[-0.01 -0.62 -0.03 -0.10 0.20]
INFO  [mc_indi_tiltrotor] T0dbg2 Ws34=[0.1 20.0] Wu0=1.0 du0=-0.4389 dmin0=-18.9584 dmax0=26.0416
INFO  [mc_indi_tiltrotor] T2dbg1 G2=[-0.000 -0.650 0.060 0.002 -1.000] G5=[-0.760 -0.871 -0.001 12.666 0.025]
INFO  [mc_indi_tiltrotor] T2dbg2 Wu25=[1.0 1000000.0] du25=[0.6831 0.0064] dmax25=[32.3336 0.0064] nu_yaw=-0.033
INFO  [mc_indi_tiltrotor] WRdbg0 Wu0=1 lo0=-18.96 du0=-0.4389 pin0=-0.020 a0=[0.016 -0.360 -0.000 -0.000 -0.076]
INFO  [mc_indi_tiltrotor] WRdbg1 Wu1=1 lo1=-19.42 du1=-0.4638 pin1=-0.003 a1=[-0.016 -0.368 0.000 -0.000 -0.077]
INFO  [mc_indi_tiltrotor] T0dbg1 G0=[-0.256 0.199 0.018 0.164 -0.986] nu_des=[-0.00 0.01 -0.05 -0.43 0.02]
INFO  [mc_indi_tiltrotor] T0dbg2 Ws34=[0.1 20.0] Wu0=1.0 du0=-0.0101 dmin0=-18.8317 dmax0=26.1683
INFO  [mc_indi_tiltrotor] T2dbg1 G2=[-0.000 -0.650 0.060 0.003 -1.000] G5=[-0.754 -0.853 -0.002 12.560 0.040]
INFO  [mc_indi_tiltrotor] T2dbg2 Wu25=[1.0 9.0] du25=[-0.0067 -0.0005] dmax25=[32.4399 0.0015] nu_yaw=-0.045
INFO  [mc_indi_tiltrotor] WRdbg0 Wu0=1 lo0=-18.83 du0=-0.0101 pin0=0.000 a0=[0.004 -0.001 -0.006 -0.003 -0.004]
INFO  [mc_indi_tiltrotor] WRdbg1 Wu1=1 lo1=-19.19 du1=0.0082 pin1=0.000 a1=[-0.005 0.002 0.018 -0.001 -0.005]
INFO  [mc_indi_tiltrotor] YWdbg nu2=-0.027 ach2=0.026 r=0.04 wsp2=-0.02 ddelta=[0.0006 0.0037 0.0024]
INFO  [mc_indi_tiltrotor] T0dbg1 G0=[-0.256 0.200 0.019 0.159 -0.987] nu_des=[-0.01 0.03 -0.02 -0.24 0.09]
INFO  [mc_indi_tiltrotor] T0dbg2 Ws34=[0.1 20.0] Wu0=1.0 du0=-0.0307 dmin0=-18.9003 dmax0=26.0997
INFO  [mc_indi_tiltrotor] T2dbg1 G2=[-0.000 -0.650 0.060 0.003 -1.000] G5=[-0.745 -0.847 -0.002 12.418 0.034]
INFO  [mc_indi_tiltrotor] T2dbg2 Wu25=[1.0 9.0] du25=[-0.0389 0.0005] dmax25=[32.5819 0.0022] nu_yaw=-0.019
INFO  [mc_indi_tiltrotor] WRdbg0 Wu0=1 lo0=-18.90 du0=-0.0307 pin0=-0.026 a0=[0.011 0.020 -0.000 0.000 -0.035]
INFO  [mc_indi_tiltrotor] WRdbg1 Wu1=1 lo1=-19.42 du1=-0.0385 pin1=-0.012 a1=[-0.010 0.018 0.001 -0.000 -0.035]
INFO  [mc_indi_tiltrotor] T0dbg1 G0=[-0.257 0.198 0.016 0.172 -0.985] nu_des=[0.00 0.01 -0.01 -0.64 0.01]
INFO  [mc_indi_tiltrotor] T0dbg2 Ws34=[0.1 20.0] Wu0=1.0 du0=-0.0107 dmin0=-18.8174 dmax0=26.1826
INFO  [mc_indi_tiltrotor] T2dbg1 G2=[-0.000 -0.650 0.060 0.003 -1.000] G5=[-0.755 -0.856 -0.002 12.581 0.038]
INFO  [mc_indi_tiltrotor] T2dbg2 Wu25=[1.0 9.0] du25=[-0.0041 -0.0005] dmax25=[32.4190 0.0014] nu_yaw=-0.009
INFO  [mc_indi_tiltrotor] WRdbg0 Wu0=1 lo0=-18.82 du0=-0.0107 pin0=-0.007 a0=[-0.003 0.007 -0.006 -0.000 -0.002]
INFO  [mc_indi_tiltrotor] WRdbg1 Wu1=1 lo1=-19.35 du1=0.0048 pin1=-0.003 a1=[0.003 0.006 0.001 -0.000 -0.002]
INFO  [mc_indi_tiltrotor] YWdbg nu2=0.005 ach2=0.006 r=-0.02 wsp2=-0.04 ddelta=[-0.0021 -0.0008 -0.0005]
INFO  [mc_indi_tiltrotor] T0dbg1 G0=[-0.257 0.199 0.018 0.167 -0.986] nu_des=[-0.00 0.01 0.03 -0.53 0.01]
INFO  [mc_indi_tiltrotor] T0dbg2 Ws34=[0.1 20.0] Wu0=1.0 du0=0.0023 dmin0=-18.7187 dmax0=26.2813
INFO  [mc_indi_tiltrotor] T2dbg1 G2=[-0.000 -0.650 0.060 0.002 -1.000] G5=[-0.755 -0.861 -0.002 12.578 0.030]
INFO  [mc_indi_tiltrotor] T2dbg2 Wu25=[1.0 9.0] du25=[-0.0020 0.0002] dmax25=[32.4217 0.0020] nu_yaw=0.031
INFO  [mc_indi_tiltrotor] WRdbg0 Wu0=1 lo0=-18.72 du0=0.0023 pin0=0.000 a0=[0.003 -0.001 0.004 -0.003 -0.001]
INFO  [mc_indi_tiltrotor] WRdbg1 Wu1=1 lo1=-19.31 du1=-0.0186 pin1=0.000 a1=[-0.004 0.001 -0.012 -0.002 -0.002]
INFO  [mc_indi_tiltrotor] T0dbg1 G0=[-0.256 0.200 0.019 0.160 -0.987] nu_des=[-0.01 0.01 -0.02 -0.27 0.02]
INFO  [mc_indi_tiltrotor] T0dbg2 Ws34=[0.1 20.0] Wu0=1.0 du0=-0.0004 dmin0=-18.8739 dmax0=26.1261
INFO  [mc_indi_tiltrotor] T2dbg1 G2=[-0.000 -0.650 0.060 0.003 -1.000] G5=[-0.758 -0.861 -0.002 12.627 0.035]
INFO  [mc_indi_tiltrotor] T2dbg2 Wu25=[1.0 9.0] du25=[-0.0086 0.0001] dmax25=[32.3730 0.0021] nu_yaw=-0.021
INFO  [mc_indi_tiltrotor] WRdbg0 Wu0=1 lo0=-18.87 du0=-0.0004 pin0=0.000 a0=[0.010 -0.001 -0.003 -0.002 -0.005]
INFO  [mc_indi_tiltrotor] WRdbg1 Wu1=1 lo1=-19.20 du1=-0.0106 pin1=0.000 a1=[-0.014 0.002 0.008 -0.001 -0.007]
INFO  [mc_indi_tiltrotor] YWdbg nu2=-0.030 ach2=-0.028 r=0.00 wsp2=-0.00 ddelta=[0.0035 -0.0023 -0.0000]
INFO  [mc_indi_tiltrotor] T0dbg1 G0=[-0.256 0.199 0.018 0.165 -0.986] nu_des=[0.02 0.54 -0.02 -0.37 0.18]
INFO  [mc_indi_tiltrotor] T0dbg2 Ws34=[0.1 20.0] Wu0=1.0 du0=0.2158 dmin0=-18.6073 dmax0=26.3927
INFO  [mc_indi_tiltrotor] T2dbg1 G2=[-0.000 -0.650 0.060 0.004 -1.000] G5=[-0.784 -0.879 -0.003 13.070 0.055]
INFO  [mc_indi_tiltrotor] T2dbg2 Wu25=[1.0 1000000.0] du25=[-0.6744 -0.0042] dmax25=[31.9301 -0.0025] nu_yaw=-0.020
INFO  [mc_indi_tiltrotor] WRdbg0 Wu0=1 lo0=-18.61 du0=0.2158 pin0=0.010 a0=[-0.039 0.311 -0.000 -0.000 -0.067]
INFO  [mc_indi_tiltrotor] WRdbg1 Wu1=1 lo1=-18.90 du1=0.3023 pin1=0.016 a1=[0.037 0.318 0.000 -0.000 -0.069]
INFO  [mc_indi_tiltrotor] T0dbg1 G0=[-0.256 0.199 0.018 0.163 -0.987] nu_des=[0.01 0.10 -0.05 -0.37 0.18]
INFO  [mc_indi_tiltrotor] T0dbg2 Ws34=[0.1 20.0] Wu0=1.0 du0=-0.0231 dmin0=-18.5416 dmax0=26.4584
INFO  [mc_indi_tiltrotor] T2dbg1 G2=[-0.000 -0.650 0.060 0.005 -1.000] G5=[-0.785 -0.870 -0.004 13.090 0.071]
INFO  [mc_indi_tiltrotor] T2dbg2 Wu25=[1.0 9.0] du25=[-0.1623 -0.0025] dmax25=[31.9096 0.0004] nu_yaw=-0.047
INFO  [mc_indi_tiltrotor] WRdbg0 Wu0=1 lo0=-18.54 du0=-0.0231 pin0=0.010 a0=[-0.022 0.057 -0.001 0.000 -0.067]
INFO  [mc_indi_tiltrotor] WRdbg1 Wu1=1 lo1=-18.95 du1=0.0192 pin1=0.013 a1=[0.021 0.052 0.002 -0.000 -0.068]
INFO  [mc_indi_tiltrotor] YWdbg nu2=-0.015 ach2=-0.005 r=-0.01 wsp2=0.01 ddelta=[-0.0068 -0.0069 -0.0012]
INFO  [commander] Disarmed by internal command	
INFO  [tone_alarm] notify neutral
