
______  __   __    ___ 
| ___ \ \ \ / /   /   |
| |_/ /  \ V /   / /| |
|  __/   /   \  / /_| |
| |     / /^\ \ \___  |
\_|     \/   \/     |_/

px4 starting.

INFO  [px4] startup script: /bin/sh etc/init.d-posix/rcS 0
INFO  [init] found model autostart file as SYS_AUTOSTART=4023
INFO  [param] selected parameter default file parameters.bson
INFO  [param] importing from 'parameters.bson'
INFO  [parameters] BSON document size 517 bytes, decoded 517 bytes (INT32:16, FLOAT:9)
INFO  [param] selected parameter backup file parameters_backup.bson
INFO  [dataman] data manager file './dataman' size is 7872608 bytes
INFO  [init] Gazebo simulator
INFO  [init] starting gazebo with world: /home/umran/PX4-Autopilot/Tools/simulation/gz/worlds/default.sdf
WARN  [init] PX4_GZ_MODEL_POSE not set, spawning at origin.
[1;33mWarning [Utils.cc:132][0m [/sdf/model[@name="tiltrotor_tailplane"]/link[@name="base_link"]/sensor[@name="imu_sensor"]/gz_frame_id:/home/umran/PX4-Autopilot/Tools/simulation/gz/models/tiltrotor_indi/model.sdf:L168]: XML Element[gz_frame_id], child of element[sensor], not defined in SDF. Copying[gz_frame_id] as children of [sensor].
[1;33mWarning [Utils.cc:132][0m [/sdf/model[@name="tiltrotor_tailplane"]/link[@name="base_link"]/sensor[@name="air_pressure_sensor"]/gz_frame_id:/home/umran/PX4-Autopilot/Tools/simulation/gz/models/tiltrotor_indi/model.sdf:L227]: XML Element[gz_frame_id], child of element[sensor], not defined in SDF. Copying[gz_frame_id] as children of [sensor].
[1;33mWarning [Utils.cc:132][0m [/sdf/model[@name="tiltrotor_tailplane"]/link[@name="base_link"]/sensor[@name="magnetometer_sensor"]/gz_frame_id:/home/umran/PX4-Autopilot/Tools/simulation/gz/models/tiltrotor_indi/model.sdf:L240]: XML Element[gz_frame_id], child of element[sensor], not defined in SDF. Copying[gz_frame_id] as children of [sensor].
[1;33mWarning [Utils.cc:132][0m [/sdf/model[@name="tiltrotor_tailplane"]/link[@name="base_link"]/sensor[@name="navsat_sensor"]/gz_frame_id:/home/umran/PX4-Autopilot/Tools/simulation/gz/models/tiltrotor_indi/model.sdf:L262]: XML Element[gz_frame_id], child of element[sensor], not defined in SDF. Copying[gz_frame_id] as children of [sensor].
INFO  [lockstep_scheduler] setting initial absolute time to 8000 us
INFO  [gz_bridge] world: default, model name: tiltrotor_indi_0, simulation model: tiltrotor_indi
INFO  [gz_bridge] Requested Model Position: 0,0,0,0,0,0
INFO  [gz_bridge] Model position z is less or equal 0.0, moving upwards
WARN  [vehicle_angular_velocity] no gyro selected, using sensor_gyro:0 1310988
INFO  [commander] LED: open /dev/led0 failed (22)
INFO  [tone_alarm] home set
INFO  [uxrce_dds_client] init UDP agent IP:127.0.0.1, port:8888
INFO  [mavlink] mode: Normal, data rate: 4000000 B/s on udp port 18570 remote port 14550
INFO  [mavlink] mode: Onboard, data rate: 4000000 B/s on udp port 14580 remote port 14540
INFO  [mavlink] mode: Onboard, data rate: 4000 B/s on udp port 14280 remote port 14030
INFO  [mavlink] mode: Gimbal, data rate: 400000 B/s on udp port 13030 remote port 13280
INFO  [logger] logger started (mode=all)
INFO  [logger] logging 10 topics from logger_topics.txt
INFO  [logger] Start file log (type: full)
INFO  [logger] [logger] ./log/2026-07-29/11_04_14.ulg	
INFO  [logger] Opened full log file: ./log/2026-07-29/11_04_14.ulg
INFO  [mavlink] MAVLink only on localhost (set param MAV_{i}_BROADCAST = 1 to enable network)
INFO  [mavlink] MAVLink only on localhost (set param MAV_{i}_BROADCAST = 1 to enable network)
INFO  [px4] Startup script returned successfully
INFO  [commander] [32mReady for takeoff![0m
INFO  [commander] Armed by internal command	
INFO  [tone_alarm] arming warning
INFO  [mc_indi_tiltrotor] T0dbg1 G0=[-0.256 0.227 0.019 0.162 -0.987] nu_des=[0.00 0.01 -0.24 -2.96 -0.24]
INFO  [mc_indi_tiltrotor] T0dbg2 Ws34=[0.1 20.0] Wu0=1.0 du0=0.0901 dmin0=-18.3233 dmax0=26.6767
INFO  [mc_indi_tiltrotor] T2dbg1 G2=[0.000 -0.650 0.060 0.000 -1.000] G5=[-0.744 -0.868 -0.000 12.403 0.000]
INFO  [mc_indi_tiltrotor] T2dbg2 Wu25=[1.0 1000000.0] du25=[0.0701 0.0000] dmax25=[32.5965 0.0120] nu_yaw=-0.240
INFO  [mc_indi_tiltrotor] WRdbg0 Wu0=1 lo0=-18.32 du0=0.0901 pin0=0.002 a0=[-0.004 0.003 -0.000 -0.000 0.089]
INFO  [mc_indi_tiltrotor] WRdbg1 Wu1=1 lo1=-18.32 du1=0.1176 pin1=0.019 a1=[0.004 0.003 0.000 -0.000 0.091]
INFO  [mc_indi_tiltrotor] YWdbg nu2=-0.240 ach2=-0.058 r=-0.00 wsp2=-0.50 ddelta=[0.0120 -0.0000 0.0000]
INFO  [commander] Takeoff detected	
INFO  [mc_indi_tiltrotor] T0dbg1 G0=[-0.257 0.227 0.010 0.196 -0.981] nu_des=[0.00 0.26 -0.43 -3.42 0.05]
INFO  [mc_indi_tiltrotor] T0dbg2 Ws34=[0.1 20.0] Wu0=1.0 du0=0.1359 dmin0=-17.3031 dmax0=27.6969
INFO  [mc_indi_tiltrotor] T2dbg1 G2=[-0.000 -0.650 0.060 0.001 -1.000] G5=[-0.785 -0.910 -0.001 13.086 0.010]
INFO  [mc_indi_tiltrotor] T2dbg2 Wu25=[1.0 1000000.0] du25=[-0.2954 -0.0007] dmax25=[31.9144 0.0120] nu_yaw=-0.426
INFO  [mc_indi_tiltrotor] WRdbg0 Wu0=1 lo0=-17.30 du0=0.1359 pin0=0.009 a0=[-0.004 0.148 -0.000 -0.000 -0.017]
INFO  [mc_indi_tiltrotor] WRdbg1 Wu1=1 lo1=-17.60 du1=0.1567 pin1=0.019 a1=[0.004 0.152 0.000 -0.000 -0.017]
INFO  [mc_indi_tiltrotor] pos_hold: holding x=0.10 y=-0.02
INFO  [mc_indi_tiltrotor] YWdbg nu2=0.288 ach2=0.129 r=-0.30 wsp2=0.11 ddelta=[-0.0120 0.0120 -0.0045]
INFO  [mc_indi_tiltrotor] T0dbg1 G0=[-0.257 0.228 0.004 0.217 -0.976] nu_des=[0.02 0.08 0.30 -2.60 0.63]
INFO  [mc_indi_tiltrotor] T0dbg2 Ws34=[0.1 20.0] Wu0=1.0 du0=-0.2260 dmin0=-21.3845 dmax0=23.6155
INFO  [mc_indi_tiltrotor] T2dbg1 G2=[-0.001 -0.651 0.060 0.010 -1.000] G5=[-0.921 -0.974 -0.009 15.343 0.154]
INFO  [mc_indi_tiltrotor] T2dbg2 Wu25=[1.0 9.0] du25=[-0.2477 -0.0054] dmax25=[29.6561 0.0120] nu_yaw=0.301
INFO  [mc_indi_tiltrotor] WRdbg0 Wu0=1 lo0=-21.38 du0=-0.2260 pin0=0.000 a0=[-0.045 0.047 0.008 0.001 -0.237]
INFO  [mc_indi_tiltrotor] WRdbg1 Wu1=1 lo1=-21.95 du1=-0.2146 pin1=-0.043 a1=[0.042 0.041 -0.015 -0.003 -0.237]
INFO  [mc_indi_tiltrotor] T0dbg1 G0=[-0.257 0.227 0.013 0.182 -0.983] nu_des=[0.00 0.09 0.05 -1.93 0.03]
INFO  [mc_indi_tiltrotor] T0dbg2 Ws34=[0.1 20.0] Wu0=1.0 du0=0.0472 dmin0=-18.9543 dmax0=26.0457
INFO  [mc_indi_tiltrotor] T2dbg1 G2=[-0.000 -0.650 0.060 0.005 -1.000] G5=[-0.848 -0.947 -0.004 14.133 0.064]
INFO  [mc_indi_tiltrotor] T2dbg2 Wu25=[1.0 9.0] du25=[-0.1064 -0.0021] dmax25=[30.8668 0.0120] nu_yaw=0.055
INFO  [mc_indi_tiltrotor] WRdbg0 Wu0=1 lo0=-18.95 du0=0.0472 pin0=0.000 a0=[-0.001 0.063 0.005 -0.011 -0.008]
INFO  [mc_indi_tiltrotor] WRdbg1 Wu1=1 lo1=-19.54 du1=0.0175 pin1=0.000 a1=[0.001 0.045 -0.016 -0.002 -0.011]
INFO  [mc_indi_tiltrotor] YWdbg nu2=-0.076 ach2=-0.074 r=0.21 wsp2=0.33 ddelta=[0.0040 -0.0108 -0.0008]
INFO  [mc_indi_tiltrotor] T0dbg1 G0=[-0.257 0.227 0.015 0.176 -0.984] nu_des=[-0.00 0.04 -0.09 -1.37 0.02]
INFO  [mc_indi_tiltrotor] T0dbg2 Ws34=[0.1 20.0] Wu0=1.0 du0=0.0101 dmin0=-19.0962 dmax0=25.9038
INFO  [mc_indi_tiltrotor] T2dbg1 G2=[-0.000 -0.650 0.060 0.003 -1.000] G5=[-0.861 -0.978 -0.002 14.345 0.040]
INFO  [mc_indi_tiltrotor] T2dbg2 Wu25=[1.0 9.0] du25=[-0.0488 -0.0021] dmax25=[30.6547 0.0120] nu_yaw=-0.088
INFO  [mc_indi_tiltrotor] WRdbg0 Wu0=1 lo0=-19.10 du0=0.0101 pin0=0.000 a0=[0.002 0.028 -0.007 -0.008 -0.006]
INFO  [mc_indi_tiltrotor] WRdbg1 Wu1=1 lo1=-19.50 du1=0.0383 pin1=0.000 a1=[-0.002 0.019 0.029 0.000 -0.007]
INFO  [mc_indi_tiltrotor] T0dbg1 G0=[-0.257 0.228 0.008 0.203 -0.979] nu_des=[-0.00 0.02 -0.06 -1.61 0.03]
INFO  [mc_indi_tiltrotor] T0dbg2 Ws34=[0.1 20.0] Wu0=1.0 du0=-0.0028 dmin0=-18.9957 dmax0=26.0043
INFO  [mc_indi_tiltrotor] T2dbg1 G2=[-0.000 -0.650 0.060 0.004 -1.000] G5=[-0.798 -0.900 -0.003 13.292 0.047]
INFO  [mc_indi_tiltrotor] T2dbg2 Wu25=[1.0 9.0] du25=[-0.0329 -0.0015] dmax25=[31.7078 0.0120] nu_yaw=-0.059
INFO  [mc_indi_tiltrotor] WRdbg0 Wu0=1 lo0=-19.00 du0=-0.0028 pin0=0.000 a0=[0.003 0.013 -0.002 -0.011 -0.008]
INFO  [mc_indi_tiltrotor] WRdbg1 Wu1=1 lo1=-18.94 du1=0.0160 pin1=0.000 a1=[-0.004 0.009 0.021 0.001 -0.011]
INFO  [mc_indi_tiltrotor] YWdbg nu2=0.004 ach2=0.004 r=0.16 wsp2=-0.01 ddelta=[-0.0024 -0.0014 -0.0005]
INFO  [mc_indi_tiltrotor] T0dbg1 G0=[-0.257 0.228 0.008 0.203 -0.979] nu_des=[0.21 -0.14 0.01 -1.30 0.12]
INFO  [mc_indi_tiltrotor] T0dbg2 Ws34=[0.1 20.0] Wu0=1.0 du0=-0.5151 dmin0=-18.7567 dmax0=26.2433
INFO  [mc_indi_tiltrotor] T2dbg1 G2=[-0.000 -0.650 0.060 0.000 -1.000] G5=[-0.789 -0.916 -0.000 13.143 0.006]
INFO  [mc_indi_tiltrotor] T2dbg2 Wu25=[1.0 1000000.0] du25=[0.1548 -0.0004] dmax25=[31.8569 0.0120] nu_yaw=0.010
INFO  [mc_indi_tiltrotor] WRdbg0 Wu0=1 lo0=-18.76 du0=-0.5151 pin0=0.032 a0=[-0.422 -0.080 0.000 -0.000 -0.045]
INFO  [mc_indi_tiltrotor] WRdbg1 Wu1=1 lo1=-19.49 du1=0.2781 pin1=-0.013 a1=[0.419 -0.081 -0.000 -0.000 -0.046]
INFO  [mc_indi_tiltrotor] T0dbg1 G0=[-0.257 0.227 0.011 0.192 -0.981] nu_des=[-0.00 -0.12 0.01 -1.17 0.04]
INFO  [mc_indi_tiltrotor] T0dbg2 Ws34=[0.1 20.0] Wu0=1.0 du0=-0.1041 dmin0=-19.0329 dmax0=25.9671
INFO  [mc_indi_tiltrotor] T2dbg1 G2=[-0.000 -0.650 0.060 0.002 -1.000] G5=[-0.844 -0.967 -0.002 14.060 0.026]
INFO  [mc_indi_tiltrotor] T2dbg2 Wu25=[1.0 9.0] du25=[0.0974 0.0016] dmax25=[30.9402 0.0120] nu_yaw=0.014
INFO  [mc_indi_tiltrotor] WRdbg0 Wu0=1 lo0=-19.03 du0=-0.1041 pin0=0.000 a0=[0.001 -0.086 0.001 -0.007 -0.012]
INFO  [mc_indi_tiltrotor] WRdbg1 Wu1=1 lo1=-19.91 du1=-0.0743 pin1=0.000 a1=[-0.001 -0.053 -0.005 0.002 -0.017]
INFO  [mc_indi_tiltrotor] YWdbg nu2=0.004 ach2=0.004 r=-0.03 wsp2=-0.00 ddelta=[-0.0017 -0.0006 -0.0005]
INFO  [mc_indi_tiltrotor] T0dbg1 G0=[-0.257 0.227 0.015 0.177 -0.984] nu_des=[0.00 0.00 0.01 -0.76 -0.01]
INFO  [mc_indi_tiltrotor] T0dbg2 Ws34=[0.1 20.0] Wu0=1.0 du0=-0.0006 dmin0=-18.9980 dmax0=26.0020
INFO  [mc_indi_tiltrotor] T2dbg1 G2=[-0.000 -0.650 0.060 0.001 -1.000] G5=[-0.862 -0.995 -0.001 14.370 0.017]
INFO  [mc_indi_tiltrotor] T2dbg2 Wu25=[1.0 9.0] du25=[-0.0056 -0.0006] dmax25=[30.6298 0.0120] nu_yaw=0.008
INFO  [mc_indi_tiltrotor] WRdbg0 Wu0=1 lo0=-19.00 du0=-0.0006 pin0=0.000 a0=[-0.003 0.002 0.001 -0.004 0.004]
INFO  [mc_indi_tiltrotor] WRdbg1 Wu1=1 lo1=-19.76 du1=0.0066 pin1=0.000 a1=[0.003 0.001 -0.003 0.001 0.005]
INFO  [mc_indi_tiltrotor] T0dbg1 G0=[-0.257 0.227 0.016 0.174 -0.985] nu_des=[0.01 -0.01 0.01 -0.82 0.33]
INFO  [mc_indi_tiltrotor] T0dbg2 Ws34=[0.1 20.0] Wu0=1.0 du0=-0.1265 dmin0=-19.4408 dmax0=25.5592
INFO  [mc_indi_tiltrotor] T2dbg1 G2=[-0.000 -0.650 0.060 0.000 -1.000] G5=[-0.835 -0.970 -0.000 13.914 0.006]
INFO  [mc_indi_tiltrotor] T2dbg2 Wu25=[1.0 9.0] du25=[-0.0529 0.0002] dmax25=[31.0858 0.0120] nu_yaw=0.011
INFO  [mc_indi_tiltrotor] WRdbg0 Wu0=1 lo0=-19.44 du0=-0.1265 pin0=0.000 a0=[-0.018 -0.004 0.001 -0.004 -0.101]
INFO  [mc_indi_tiltrotor] WRdbg1 Wu1=1 lo1=-19.65 du1=-0.1172 pin1=0.000 a1=[0.018 -0.002 -0.004 0.001 -0.131]
INFO  [mc_indi_tiltrotor] YWdbg nu2=-0.001 ach2=-0.001 r=0.04 wsp2=0.05 ddelta=[-0.0010 -0.0010 -0.0001]
INFO  [mc_indi_tiltrotor] T0dbg1 G0=[-0.257 0.227 0.014 0.181 -0.983] nu_des=[-0.00 0.00 -0.00 -0.99 0.01]
INFO  [mc_indi_tiltrotor] T0dbg2 Ws34=[0.1 20.0] Wu0=1.0 du0=0.0014 dmin0=-18.8954 dmax0=26.1046
INFO  [mc_indi_tiltrotor] T2dbg1 G2=[-0.000 -0.650 0.060 0.000 -1.000] G5=[-0.786 -0.917 -0.000 13.102 0.001]
INFO  [mc_indi_tiltrotor] T2dbg2 Wu25=[1.0 1000000.0] du25=[-0.0129 -0.0001] dmax25=[31.8984 0.0120] nu_yaw=-0.002
INFO  [mc_indi_tiltrotor] WRdbg0 Wu0=1 lo0=-18.90 du0=0.0014 pin0=0.000 a0=[0.008 0.002 -0.000 -0.006 -0.002]
INFO  [mc_indi_tiltrotor] WRdbg1 Wu1=1 lo1=-19.08 du1=-0.0068 pin1=-0.000 a1=[-0.008 0.001 0.001 0.002 -0.003]
INFO  [mc_indi_tiltrotor] T0dbg1 G0=[-0.257 0.227 0.016 0.172 -0.985] nu_des=[0.01 -0.03 -0.03 -0.65 -0.02]
INFO  [mc_indi_tiltrotor] T0dbg2 Ws34=[0.1 20.0] Wu0=1.0 du0=-0.0312 dmin0=-18.9251 dmax0=26.0749
INFO  [mc_indi_tiltrotor] T2dbg1 G2=[-0.000 -0.650 0.060 0.003 -1.000] G5=[-0.826 -0.935 -0.003 13.767 0.044]
INFO  [mc_indi_tiltrotor] T2dbg2 Wu25=[1.0 9.0] du25=[0.0315 -0.0007] dmax25=[31.2334 0.0120] nu_yaw=-0.026
INFO  [mc_indi_tiltrotor] WRdbg0 Wu0=1 lo0=-18.93 du0=-0.0312 pin0=0.000 a0=[-0.012 -0.021 -0.002 -0.003 0.007]
INFO  [mc_indi_tiltrotor] WRdbg1 Wu1=1 lo1=-19.10 du1=0.0197 pin1=0.000 a1=[0.012 -0.013 0.010 0.001 0.009]
INFO  [mc_indi_tiltrotor] YWdbg nu2=-0.037 ach2=-0.035 r=0.06 wsp2=0.01 ddelta=[0.0048 -0.0022 -0.0005]
INFO  [mc_indi_tiltrotor] T0dbg1 G0=[-0.257 0.227 0.015 0.176 -0.984] nu_des=[-0.01 -0.04 -0.04 -0.51 0.02]
INFO  [mc_indi_tiltrotor] T0dbg2 Ws34=[0.1 20.0] Wu0=1.0 du0=-0.0220 dmin0=-19.0373 dmax0=25.9627
INFO  [mc_indi_tiltrotor] T2dbg1 G2=[-0.000 -0.650 0.060 0.001 -1.000] G5=[-0.842 -0.970 -0.001 14.038 0.020]
INFO  [mc_indi_tiltrotor] T2dbg2 Wu25=[1.0 9.0] du25=[0.0498 0.0009] dmax25=[30.9625 0.0120] nu_yaw=-0.043
INFO  [mc_indi_tiltrotor] WRdbg0 Wu0=1 lo0=-19.04 du0=-0.0220 pin0=-0.003 a0=[0.011 -0.025 0.004 0.000 -0.009]
INFO  [mc_indi_tiltrotor] WRdbg1 Wu1=1 lo1=-19.67 du1=-0.0267 pin1=0.002 a1=[-0.010 -0.022 0.013 -0.001 -0.009]
INFO  [mc_indi_tiltrotor] T0dbg1 G0=[-0.257 0.227 0.011 0.192 -0.981] nu_des=[0.01 0.01 0.00 -0.82 0.06]
INFO  [mc_indi_tiltrotor] T0dbg2 Ws34=[0.1 20.0] Wu0=1.0 du0=-0.0322 dmin0=-18.9736 dmax0=26.0264
INFO  [mc_indi_tiltrotor] T2dbg1 G2=[-0.000 -0.650 0.060 0.001 -1.000] G5=[-0.858 -0.991 -0.001 14.293 0.014]
INFO  [mc_indi_tiltrotor] T2dbg2 Wu25=[1.0 1000000.0] du25=[-0.0207 -0.0010] dmax25=[30.7068 0.0120] nu_yaw=0.005
INFO  [mc_indi_tiltrotor] WRdbg0 Wu0=1 lo0=-18.97 du0=-0.0322 pin0=0.001 a0=[-0.020 0.009 0.000 -0.005 -0.017]
INFO  [mc_indi_tiltrotor] WRdbg1 Wu1=1 lo1=-19.62 du1=0.0037 pin1=-0.002 a1=[0.022 0.006 -0.002 0.003 -0.023]
INFO  [mc_indi_tiltrotor] YWdbg nu2=0.090 ach2=0.081 r=-0.05 wsp2=-0.05 ddelta=[-0.0066 0.0120 -0.0011]
INFO  [mc_indi_tiltrotor] T0dbg1 G0=[-0.257 0.227 0.013 0.184 -0.983] nu_des=[-0.01 -0.06 0.06 -0.86 0.19]
INFO  [mc_indi_tiltrotor] T0dbg2 Ws34=[0.1 20.0] Wu0=1.0 du0=-0.0943 dmin0=-18.8502 dmax0=26.1498
INFO  [mc_indi_tiltrotor] T2dbg1 G2=[-0.000 -0.650 0.060 0.002 -1.000] G5=[-0.814 -0.934 -0.001 13.562 0.023]
INFO  [mc_indi_tiltrotor] T2dbg2 Wu25=[1.0 9.0] du25=[0.0133 0.0021] dmax25=[31.4384 0.0120] nu_yaw=0.064
INFO  [mc_indi_tiltrotor] WRdbg0 Wu0=1 lo0=-18.85 du0=-0.0943 pin0=0.000 a0=[0.009 -0.045 0.003 -0.005 -0.057]
INFO  [mc_indi_tiltrotor] WRdbg1 Wu1=1 lo1=-19.49 du1=-0.1355 pin1=0.000 a1=[-0.010 -0.027 -0.024 0.001 -0.076]
INFO  [mc_indi_tiltrotor] T0dbg1 G0=[-0.257 0.227 0.016 0.172 -0.985] nu_des=[-0.01 0.00 0.02 -0.85 0.01]
INFO  [mc_indi_tiltrotor] T0dbg2 Ws34=[0.1 20.0] Wu0=1.0 du0=0.0031 dmin0=-18.7960 dmax0=26.2040
INFO  [mc_indi_tiltrotor] T2dbg1 G2=[-0.000 -0.650 0.060 0.001 -1.000] G5=[-0.784 -0.907 -0.001 13.067 0.012]
INFO  [mc_indi_tiltrotor] T2dbg2 Wu25=[1.0 9.0] du25=[-0.0142 0.0000] dmax25=[31.9331 0.0120] nu_yaw=0.021
INFO  [mc_indi_tiltrotor] WRdbg0 Wu0=1 lo0=-18.80 du0=0.0031 pin0=0.000 a0=[0.008 0.002 0.002 -0.004 -0.004]
INFO  [mc_indi_tiltrotor] WRdbg1 Wu1=1 lo1=-18.99 du1=-0.0194 pin1=0.000 a1=[-0.009 0.001 -0.007 0.001 -0.006]
INFO  [mc_indi_tiltrotor] YWdbg nu2=-0.049 ach2=-0.048 r=0.02 wsp2=0.05 ddelta=[0.0006 -0.0100 0.0002]
INFO  [mc_indi_tiltrotor] T0dbg1 G0=[-0.257 0.227 0.016 0.171 -0.985] nu_des=[-0.01 -0.13 -0.05 -0.81 -0.02]
INFO  [mc_indi_tiltrotor] T0dbg2 Ws34=[0.1 20.0] Wu0=1.0 du0=-0.0642 dmin0=-18.9941 dmax0=26.0059
INFO  [mc_indi_tiltrotor] T2dbg1 G2=[-0.000 -0.650 0.060 0.001 -1.000] G5=[-0.818 -0.941 -0.001 13.635 0.020]
INFO  [mc_indi_tiltrotor] T2dbg2 Wu25=[1.0 9.0] du25=[0.1402 0.0023] dmax25=[31.3650 0.0120] nu_yaw=-0.053
INFO  [mc_indi_tiltrotor] WRdbg0 Wu0=1 lo0=-18.99 du0=-0.0642 pin0=-0.023 a0=[0.023 -0.078 0.004 0.000 0.009]
INFO  [mc_indi_tiltrotor] WRdbg1 Wu1=1 lo1=-19.31 du1=-0.0553 pin1=0.010 a1=[-0.021 -0.068 0.016 -0.001 0.009]
INFO  [mc_indi_tiltrotor] T0dbg1 G0=[-0.257 0.227 0.014 0.181 -0.983] nu_des=[0.01 0.03 -0.03 -0.63 0.05]
INFO  [mc_indi_tiltrotor] T0dbg2 Ws34=[0.1 20.0] Wu0=1.0 du0=-0.0112 dmin0=-18.9652 dmax0=26.0348
INFO  [mc_indi_tiltrotor] T2dbg1 G2=[-0.000 -0.650 0.060 0.001 -1.000] G5=[-0.844 -0.979 -0.001 14.062 0.009]
INFO  [mc_indi_tiltrotor] T2dbg2 Wu25=[1.0 1000000.0] du25=[-0.0333 -0.0006] dmax25=[30.9379 0.0120] nu_yaw=-0.028
INFO  [mc_indi_tiltrotor] WRdbg0 Wu0=1 lo0=-18.97 du0=-0.0112 pin0=0.000 a0=[-0.009 0.018 -0.002 -0.004 -0.016]
INFO  [mc_indi_tiltrotor] WRdbg1 Wu1=1 lo1=-19.48 du1=0.0120 pin1=-0.001 a1=[0.009 0.011 0.011 0.002 -0.021]
INFO  [mc_indi_tiltrotor] YWdbg nu2=0.001 ach2=0.002 r=0.02 wsp2=-0.05 ddelta=[-0.0012 -0.0010 -0.0002]
INFO  [mc_indi_tiltrotor] T0dbg1 G0=[-0.257 0.227 0.013 0.185 -0.983] nu_des=[-0.00 0.01 0.01 -0.65 -0.01]
INFO  [mc_indi_tiltrotor] T0dbg2 Ws34=[0.1 20.0] Wu0=1.0 du0=0.0099 dmin0=-18.9662 dmax0=26.0338
INFO  [mc_indi_tiltrotor] T2dbg1 G2=[-0.000 -0.650 0.060 0.000 -1.000] G5=[-0.852 -0.993 -0.000 14.200 0.002]
INFO  [mc_indi_tiltrotor] T2dbg2 Wu25=[1.0 1000000.0] du25=[-0.0109 -0.0001] dmax25=[30.8005 0.0120] nu_yaw=0.009
INFO  [mc_indi_tiltrotor] WRdbg0 Wu0=1 lo0=-18.97 du0=0.0099 pin0=-0.001 a0=[0.003 0.005 -0.001 -0.000 0.005]
INFO  [mc_indi_tiltrotor] WRdbg1 Wu1=1 lo1=-19.66 du1=0.0050 pin1=0.001 a1=[-0.003 0.005 -0.003 -0.000 0.005]
INFO  [mc_indi_tiltrotor] T0dbg1 G0=[-0.257 0.227 0.015 0.178 -0.984] nu_des=[0.01 0.13 0.06 -0.78 0.08]
INFO  [mc_indi_tiltrotor] T0dbg2 Ws34=[0.1 20.0] Wu0=1.0 du0=0.0502 dmin0=-18.7716 dmax0=26.2284
INFO  [mc_indi_tiltrotor] T2dbg1 G2=[-0.000 -0.650 0.060 0.003 -1.000] G5=[-0.800 -0.908 -0.002 13.327 0.038]
INFO  [mc_indi_tiltrotor] T2dbg2 Wu25=[1.0 9.0] du25=[-0.1569 -0.0024] dmax25=[31.6729 0.0120] nu_yaw=0.061
INFO  [mc_indi_tiltrotor] WRdbg0 Wu0=1 lo0=-18.77 du0=0.0502 pin0=0.024 a0=[-0.015 0.077 -0.006 0.000 -0.031]
INFO  [mc_indi_tiltrotor] WRdbg1 Wu1=1 lo1=-19.27 du1=0.0205 pin1=-0.011 a1=[0.014 0.068 -0.018 -0.001 -0.031]
INFO  [mc_indi_tiltrotor] YWdbg nu2=0.009 ach2=0.008 r=-0.06 wsp2=0.02 ddelta=[-0.0051 -0.0038 0.0003]
INFO  [mc_indi_tiltrotor] T0dbg1 G0=[-0.256 0.227 0.018 0.165 -0.986] nu_des=[0.26 -0.26 -0.08 -0.75 0.26]
INFO  [mc_indi_tiltrotor] T0dbg2 Ws34=[0.1 20.0] Wu0=1.0 du0=-0.7255 dmin0=-19.5231 dmax0=25.4769
INFO  [mc_indi_tiltrotor] T2dbg1 G2=[-0.000 -0.650 0.060 0.006 -1.000] G5=[-0.828 -0.910 -0.005 13.795 0.086]
INFO  [mc_indi_tiltrotor] T2dbg2 Wu25=[1.0 1000000.0] du25=[0.2590 -0.0063] dmax25=[31.2046 0.0120] nu_yaw=-0.085
INFO  [mc_indi_tiltrotor] WRdbg0 Wu0=1 lo0=-19.52 du0=-0.7255 pin0=0.028 a0=[-0.509 -0.147 -0.000 -0.000 -0.098]
INFO  [mc_indi_tiltrotor] WRdbg1 Wu1=1 lo1=-18.04 du1=0.2345 pin1=-0.023 a1=[0.507 -0.150 0.000 -0.000 -0.100]
INFO  [mc_indi_tiltrotor] T0dbg1 G0=[-0.257 0.227 0.016 0.171 -0.985] nu_des=[0.00 0.01 -0.04 -0.61 -0.01]
INFO  [mc_indi_tiltrotor] T0dbg2 Ws34=[0.1 20.0] Wu0=1.0 du0=0.0016 dmin0=-19.1840 dmax0=25.8160
INFO  [mc_indi_tiltrotor] T2dbg1 G2=[-0.000 -0.650 0.060 0.004 -1.000] G5=[-0.838 -0.945 -0.003 13.973 0.051]
INFO  [mc_indi_tiltrotor] T2dbg2 Wu25=[1.0 9.0] du25=[-0.0065 -0.0009] dmax25=[31.0268 0.0120] nu_yaw=-0.036
INFO  [mc_indi_tiltrotor] WRdbg0 Wu0=1 lo0=-19.18 du0=0.0016 pin0=0.000 a0=[-0.001 0.005 -0.003 -0.003 0.003]
INFO  [mc_indi_tiltrotor] WRdbg1 Wu1=1 lo1=-19.56 du1=0.0235 pin1=0.000 a1=[0.001 0.003 0.014 0.001 0.004]
INFO  [mc_indi_tiltrotor] YWdbg nu2=-0.009 ach2=-0.010 r=0.05 wsp2=-0.02 ddelta=[-0.0002 -0.0026 0.0008]
INFO  [mc_indi_tiltrotor] T0dbg1 G0=[-0.257 0.227 0.013 0.182 -0.983] nu_des=[-0.02 -0.00 -0.01 -0.66 0.02]
INFO  [mc_indi_tiltrotor] T0dbg2 Ws34=[0.1 20.0] Wu0=1.0 du0=0.0211 dmin0=-19.1037 dmax0=25.8963
INFO  [mc_indi_tiltrotor] T2dbg1 G2=[-0.000 -0.650 0.060 0.003 -1.000] G5=[-0.849 -0.966 -0.002 14.151 0.037]
INFO  [mc_indi_tiltrotor] T2dbg2 Wu25=[1.0 9.0] du25=[-0.0054 0.0008] dmax25=[30.8485 0.0120] nu_yaw=-0.008
INFO  [mc_indi_tiltrotor] WRdbg0 Wu0=1 lo0=-19.10 du0=0.0211 pin0=-0.003 a0=[0.031 -0.001 0.001 0.000 -0.007]
INFO  [mc_indi_tiltrotor] WRdbg1 Wu1=1 lo1=-19.58 du1=-0.0319 pin1=0.002 a1=[-0.028 -0.001 0.003 -0.001 -0.007]
INFO  [mc_indi_tiltrotor] T0dbg1 G0=[-0.257 0.227 0.011 0.192 -0.981] nu_des=[0.02 0.13 0.06 -0.81 0.48]
INFO  [mc_indi_tiltrotor] T0dbg2 Ws34=[0.1 20.0] Wu0=1.0 du0=-0.1081 dmin0=-18.6405 dmax0=26.3595
INFO  [mc_indi_tiltrotor] T2dbg1 G2=[-0.000 -0.650 0.060 0.002 -1.000] G5=[-0.815 -0.935 -0.001 13.582 0.025]
INFO  [mc_indi_tiltrotor] T2dbg2 Wu25=[1.0 1000000.0] du25=[-0.2432 -0.0018] dmax25=[31.4176 0.0120] nu_yaw=0.061
INFO  [mc_indi_tiltrotor] WRdbg0 Wu0=1 lo0=-18.64 du0=-0.1081 pin0=0.030 a0=[-0.035 0.075 0.000 -0.000 -0.179]
INFO  [mc_indi_tiltrotor] WRdbg1 Wu1=1 lo1=-19.19 du1=-0.0905 pin1=-0.019 a1=[0.035 0.077 -0.000 -0.000 -0.184]
INFO  [mc_indi_tiltrotor] YWdbg nu2=0.049 ach2=-0.006 r=-0.07 wsp2=-0.02 ddelta=[0.0120 0.0120 -0.0025]
INFO  [mc_indi_tiltrotor] T0dbg1 G0=[-0.257 0.228 0.008 0.201 -0.980] nu_des=[-0.01 -0.09 0.07 -1.17 0.02]
INFO  [mc_indi_tiltrotor] T0dbg2 Ws34=[0.1 20.0] Wu0=1.0 du0=-0.0557 dmin0=-16.8899 dmax0=28.1101
INFO  [mc_indi_tiltrotor] T2dbg1 G2=[-0.000 -0.650 0.060 0.002 -1.000] G5=[-0.726 -0.831 -0.001 12.098 0.025]
INFO  [mc_indi_tiltrotor] T2dbg2 Wu25=[1.0 9.0] du25=[0.0793 0.0018] dmax25=[32.9023 0.0120] nu_yaw=0.069
INFO  [mc_indi_tiltrotor] WRdbg0 Wu0=1 lo0=-16.89 du0=-0.0557 pin0=-0.025 a0=[0.011 -0.054 0.020 0.000 -0.007]
INFO  [mc_indi_tiltrotor] WRdbg1 Wu1=1 lo1=-17.57 du1=-0.0851 pin1=0.003 a1=[-0.011 -0.043 -0.027 -0.000 -0.008]
INFO  [mc_indi_tiltrotor] T0dbg1 G0=[-0.257 0.227 0.014 0.181 -0.984] nu_des=[-0.00 -0.01 -0.01 -0.84 -0.03]
INFO  [mc_indi_tiltrotor] T0dbg2 Ws34=[0.1 20.0] Wu0=1.0 du0=0.0056 dmin0=-17.2809 dmax0=27.7191
INFO  [mc_indi_tiltrotor] T2dbg1 G2=[-0.000 -0.650 0.060 0.001 -1.000] G5=[-0.742 -0.857 -0.001 12.372 0.014]
INFO  [mc_indi_tiltrotor] T2dbg2 Wu25=[1.0 9.0] du25=[0.0056 -0.0002] dmax25=[32.6276 0.0120] nu_yaw=-0.005
INFO  [mc_indi_tiltrotor] WRdbg0 Wu0=1 lo0=-17.28 du0=0.0056 pin0=0.000 a0=[0.007 -0.006 -0.000 -0.004 0.009]
INFO  [mc_indi_tiltrotor] WRdbg1 Wu1=1 lo1=-17.64 du1=0.0030 pin1=0.000 a1=[-0.007 -0.004 0.002 0.001 0.012]
INFO  [mc_indi_tiltrotor] YWdbg nu2=-0.027 ach2=-0.024 r=0.04 wsp2=0.04 ddelta=[0.0003 -0.0034 -0.0014]
INFO  [mc_indi_tiltrotor] T0dbg1 G0=[-0.257 0.227 0.015 0.175 -0.985] nu_des=[0.00 -0.14 -0.01 -3.37 0.02]
INFO  [mc_indi_tiltrotor] T0dbg2 Ws34=[0.1 20.0] Wu0=1.0 du0=-0.1152 dmin0=-17.6596 dmax0=27.3404
INFO  [mc_indi_tiltrotor] T2dbg1 G2=[-0.000 -0.650 0.060 0.001 -1.000] G5=[-0.771 -0.891 -0.001 12.847 0.013]
INFO  [mc_indi_tiltrotor] T2dbg2 Wu25=[1.0 9.0] du25=[0.1206 0.0011] dmax25=[32.1525 0.0120] nu_yaw=-0.014
INFO  [mc_indi_tiltrotor] WRdbg0 Wu0=1 lo0=-17.66 du0=-0.1152 pin0=-0.022 a0=[-0.006 -0.081 -0.000 0.001 -0.007]
INFO  [mc_indi_tiltrotor] WRdbg1 Wu1=1 lo1=-17.97 du1=-0.0655 pin1=0.010 a1=[0.006 -0.073 0.001 -0.002 -0.007]
INFO  [mc_indi_tiltrotor] T0dbg1 G0=[-0.256 0.227 0.018 0.164 -0.986] nu_des=[-0.01 0.01 -0.00 -2.31 -0.00]
INFO  [mc_indi_tiltrotor] T0dbg2 Ws34=[0.1 20.0] Wu0=1.0 du0=0.0144 dmin0=-17.9450 dmax0=27.0550
INFO  [mc_indi_tiltrotor] T2dbg1 G2=[-0.000 -0.650 0.060 0.000 -1.000] G5=[-0.762 -0.889 -0.000 12.706 0.001]
INFO  [mc_indi_tiltrotor] T2dbg2 Wu25=[1.0 1000000.0] du25=[-0.0061 -0.0000] dmax25=[32.2936 0.0120] nu_yaw=-0.003
INFO  [mc_indi_tiltrotor] WRdbg0 Wu0=1 lo0=-17.94 du0=0.0144 pin0=-0.001 a0=[0.011 0.003 0.000 -0.000 0.002]
INFO  [mc_indi_tiltrotor] WRdbg1 Wu1=1 lo1=-18.46 du1=-0.0046 pin1=0.001 a1=[-0.010 0.003 0.001 -0.001 0.002]
INFO  [mc_indi_tiltrotor] YWdbg nu2=-0.014 ach2=-0.012 r=0.03 wsp2=-0.01 ddelta=[0.0024 -0.0000 -0.0000]
INFO  [mc_indi_tiltrotor] T0dbg1 G0=[-0.257 0.227 0.017 0.169 -0.986] nu_des=[-0.01 -0.00 -0.01 -1.76 0.02]
INFO  [mc_indi_tiltrotor] T0dbg2 Ws34=[0.1 20.0] Wu0=1.0 du0=0.0060 dmin0=-18.1046 dmax0=26.8954
INFO  [mc_indi_tiltrotor] T2dbg1 G2=[-0.000 -0.650 0.060 0.000 -1.000] G5=[-0.774 -0.903 -0.000 12.906 0.000]
INFO  [mc_indi_tiltrotor] T2dbg2 Wu25=[1.0 1000000.0] du25=[-0.0003 -0.0000] dmax25=[32.0939 0.0120] nu_yaw=-0.011
INFO  [mc_indi_tiltrotor] WRdbg0 Wu0=1 lo0=-18.10 du0=0.0060 pin0=-0.000 a0=[0.013 -0.001 0.001 -0.000 -0.006]
INFO  [mc_indi_tiltrotor] WRdbg1 Wu1=1 lo1=-18.63 du1=-0.0165 pin1=0.000 a1=[-0.012 -0.001 0.003 -0.001 -0.007]
INFO  [mc_indi_tiltrotor] T0dbg1 G0=[-0.257 0.227 0.014 0.179 -0.984] nu_des=[-0.00 -0.01 0.01 -1.33 -0.04]
INFO  [mc_indi_tiltrotor] T0dbg2 Ws34=[0.1 20.0] Wu0=1.0 du0=0.0055 dmin0=-18.1939 dmax0=26.8061
INFO  [mc_indi_tiltrotor] T2dbg1 G2=[-0.000 -0.650 0.060 0.000 -1.000] G5=[-0.786 -0.917 -0.000 13.107 0.001]
INFO  [mc_indi_tiltrotor] T2dbg2 Wu25=[1.0 1000000.0] du25=[0.0138 -0.0001] dmax25=[31.8930 0.0120] nu_yaw=0.010
INFO  [mc_indi_tiltrotor] WRdbg0 Wu0=1 lo0=-18.19 du0=0.0055 pin0=-0.003 a0=[0.000 -0.005 -0.001 -0.000 0.015]
INFO  [mc_indi_tiltrotor] WRdbg1 Wu1=1 lo1=-18.72 du1=0.0082 pin1=0.002 a1=[-0.000 -0.005 -0.003 -0.000 0.015]
INFO  [mc_indi_tiltrotor] YWdbg nu2=0.010 ach2=0.011 r=-0.03 wsp2=-0.04 ddelta=[-0.0026 -0.0001 -0.0001]
INFO  [mc_indi_tiltrotor] T0dbg1 G0=[-0.257 0.227 0.017 0.170 -0.985] nu_des=[0.00 0.00 0.01 -0.53 -0.03]
INFO  [mc_indi_tiltrotor] T0dbg2 Ws34=[0.1 20.0] Wu0=1.0 du0=0.0111 dmin0=-18.4610 dmax0=26.5390
INFO  [mc_indi_tiltrotor] T2dbg1 G2=[-0.000 -0.650 0.060 0.000 -1.000] G5=[-0.803 -0.936 -0.000 13.385 0.002]
INFO  [mc_indi_tiltrotor] T2dbg2 Wu25=[1.0 1000000.0] du25=[-0.0022 -0.0001] dmax25=[31.6153 0.0120] nu_yaw=0.012
INFO  [mc_indi_tiltrotor] WRdbg0 Wu0=1 lo0=-18.46 du0=0.0111 pin0=-0.001 a0=[-0.001 0.003 -0.001 -0.000 0.011]
INFO  [mc_indi_tiltrotor] WRdbg1 Wu1=1 lo1=-18.95 du1=0.0119 pin1=0.000 a1=[0.001 0.003 -0.004 -0.000 0.011]
INFO  [mc_indi_tiltrotor] T0dbg1 G0=[-0.257 0.227 0.018 0.167 -0.986] nu_des=[-0.00 0.02 0.00 0.14 0.00]
INFO  [mc_indi_tiltrotor] T0dbg2 Ws34=[0.1 20.0] Wu0=1.0 du0=0.0168 dmin0=-18.4984 dmax0=26.5016
INFO  [mc_indi_tiltrotor] T2dbg1 G2=[-0.000 -0.650 0.060 0.000 -1.000] G5=[-0.808 -0.940 -0.000 13.467 0.004]
INFO  [mc_indi_tiltrotor] T2dbg2 Wu25=[1.0 9.0] du25=[-0.0162 0.0001] dmax25=[31.5329 0.0120] nu_yaw=0.002
INFO  [mc_indi_tiltrotor] WRdbg0 Wu0=1 lo0=-18.50 du0=0.0168 pin0=0.000 a0=[0.006 0.011 0.000 0.001 -0.002]
INFO  [mc_indi_tiltrotor] WRdbg1 Wu1=1 lo1=-19.01 du1=-0.0032 pin1=0.000 a1=[-0.006 0.006 -0.001 -0.000 -0.002]
INFO  [mc_indi_tiltrotor] YWdbg nu2=0.001 ach2=0.001 r=-0.03 wsp2=-0.01 ddelta=[0.0023 0.0024 0.0005]
INFO  [mc_indi_tiltrotor] T0dbg1 G0=[-0.257 0.227 0.017 0.170 -0.985] nu_des=[0.01 -0.00 0.00 0.64 0.01]
INFO  [mc_indi_tiltrotor] T0dbg2 Ws34=[0.1 20.0] Wu0=1.0 du0=-0.0081 dmin0=-18.5244 dmax0=26.4756
INFO  [mc_indi_tiltrotor] T2dbg1 G2=[-0.000 -0.650 0.060 0.001 -1.000] G5=[-0.812 -0.941 -0.001 13.528 0.009]
INFO  [mc_indi_tiltrotor] T2dbg2 Wu25=[1.0 9.0] du25=[0.0058 0.0001] dmax25=[31.4724 0.0120] nu_yaw=0.003
INFO  [mc_indi_tiltrotor] WRdbg0 Wu0=1 lo0=-18.52 du0=-0.0081 pin0=0.000 a0=[-0.008 -0.001 0.000 0.003 -0.003]
INFO  [mc_indi_tiltrotor] WRdbg1 Wu1=1 lo1=-19.03 du1=0.0019 pin1=0.000 a1=[0.008 -0.000 -0.001 -0.001 -0.004]
INFO  [mc_indi_tiltrotor] T0dbg1 G0=[-0.257 0.227 0.014 0.181 -0.983] nu_des=[0.00 -0.19 -0.01 0.92 0.16]
INFO  [mc_indi_tiltrotor] T0dbg2 Ws34=[0.1 20.0] Wu0=1.0 du0=-0.1900 dmin0=-18.4284 dmax0=26.5716
INFO  [mc_indi_tiltrotor] T2dbg1 G2=[-0.000 -0.650 0.060 0.002 -1.000] G5=[-0.822 -0.942 -0.002 13.692 0.025]
INFO  [mc_indi_tiltrotor] T2dbg2 Wu25=[1.0 9.0] du25=[0.1662 0.0038] dmax25=[31.3077 0.0120] nu_yaw=-0.012
INFO  [mc_indi_tiltrotor] WRdbg0 Wu0=1 lo0=-18.43 du0=-0.1900 pin0=0.000 a0=[-0.006 -0.141 -0.001 0.005 -0.047]
INFO  [mc_indi_tiltrotor] WRdbg1 Wu1=1 lo1=-18.94 du1=-0.1383 pin1=0.000 a1=[0.006 -0.086 0.004 -0.001 -0.062]
INFO  [mc_indi_tiltrotor] YWdbg nu2=-0.005 ach2=-0.008 r=0.00 wsp2=0.00 ddelta=[0.0054 0.0019 0.0019]
INFO  [mc_indi_tiltrotor] T0dbg1 G0=[-0.257 0.228 0.008 0.204 -0.979] nu_des=[-0.01 -0.00 -0.00 0.80 0.05]
INFO  [mc_indi_tiltrotor] T0dbg2 Ws34=[0.1 20.0] Wu0=1.0 du0=0.0009 dmin0=-18.1833 dmax0=26.8167
INFO  [mc_indi_tiltrotor] T2dbg1 G2=[-0.000 -0.650 0.060 0.003 -1.000] G5=[-0.802 -0.913 -0.002 13.365 0.034]
INFO  [mc_indi_tiltrotor] T2dbg2 Wu25=[1.0 9.0] du25=[-0.0056 0.0010] dmax25=[31.6353 0.0120] nu_yaw=-0.002
INFO  [mc_indi_tiltrotor] WRdbg0 Wu0=1 lo0=-18.18 du0=0.0009 pin0=0.000 a0=[0.010 -0.000 -0.000 0.005 -0.014]
INFO  [mc_indi_tiltrotor] WRdbg1 Wu1=1 lo1=-18.65 du1=-0.0300 pin1=0.000 a1=[-0.011 -0.000 0.001 -0.000 -0.019]
INFO  [mc_indi_tiltrotor] T0dbg1 G0=[-0.257 0.228 0.003 0.223 -0.975] nu_des=[0.01 0.17 0.00 0.84 0.09]
INFO  [mc_indi_tiltrotor] T0dbg2 Ws34=[0.1 20.0] Wu0=1.0 du0=0.0837 dmin0=-17.9324 dmax0=27.0676
INFO  [mc_indi_tiltrotor] T2dbg1 G2=[-0.000 -0.650 0.060 0.004 -1.000] G5=[-0.808 -0.911 -0.003 13.465 0.049]
INFO  [mc_indi_tiltrotor] T2dbg2 Wu25=[1.0 9.0] du25=[-0.1879 -0.0028] dmax25=[31.5352 0.0120] nu_yaw=0.001
INFO  [mc_indi_tiltrotor] WRdbg0 Wu0=1 lo0=-17.93 du0=0.0837 pin0=0.032 a0=[-0.012 0.097 -0.000 -0.000 -0.033]
INFO  [mc_indi_tiltrotor] WRdbg1 Wu1=1 lo1=-18.33 du1=0.0626 pin1=-0.002 a1=[0.011 0.086 -0.000 0.001 -0.033]
INFO  [mc_indi_tiltrotor] YWdbg nu2=-0.011 ach2=-0.011 r=0.00 wsp2=-0.01 ddelta=[0.0030 0.0005 0.0003]
INFO  [mc_indi_tiltrotor] T0dbg1 G0=[-0.257 0.228 -0.002 0.243 -0.970] nu_des=[0.01 0.13 0.00 0.81 0.21]
INFO  [mc_indi_tiltrotor] T0dbg2 Ws34=[0.1 20.0] Wu0=1.0 du0=0.0155 dmin0=-17.9994 dmax0=27.0006
INFO  [mc_indi_tiltrotor] T2dbg1 G2=[-0.000 -0.650 0.060 0.004 -1.000] G5=[-0.800 -0.900 -0.003 13.337 0.051]
INFO  [mc_indi_tiltrotor] T2dbg2 Wu25=[1.0 8.9] du25=[-0.1663 -0.0022] dmax25=[31.6629 0.0120] nu_yaw=0.002
INFO  [mc_indi_tiltrotor] WRdbg0 Wu0=1 lo0=-18.00 du0=0.0155 pin0=0.038 a0=[-0.019 0.076 0.000 -0.000 -0.078]
INFO  [mc_indi_tiltrotor] WRdbg1 Wu1=1 lo1=-18.28 du1=0.0098 pin1=0.002 a1=[0.018 0.068 -0.000 0.001 -0.079]
INFO  [mc_indi_tiltrotor] T0dbg1 G0=[-0.257 0.228 -0.009 0.267 -0.964] nu_des=[0.00 -0.16 0.00 0.66 0.09]
INFO  [mc_indi_tiltrotor] T0dbg2 Ws34=[0.1 20.0] Wu0=1.0 du0=-0.1134 dmin0=-17.6678 dmax0=27.3322
INFO  [mc_indi_tiltrotor] T2dbg1 G2=[-0.000 -0.650 0.060 0.004 -1.000] G5=[-0.798 -0.896 -0.003 13.300 0.053]
INFO  [mc_indi_tiltrotor] T2dbg2 Wu25=[1.0 8.9] du25=[0.1642 0.0034] dmax25=[31.6996 0.0120] nu_yaw=0.002
INFO  [mc_indi_tiltrotor] WRdbg0 Wu0=1 lo0=-17.67 du0=-0.1134 pin0=0.000 a0=[-0.007 -0.096 -0.000 0.005 -0.015]
INFO  [mc_indi_tiltrotor] WRdbg1 Wu1=1 lo1=-17.97 du1=-0.0988 pin1=0.000 a1=[0.009 -0.080 -0.000 0.001 -0.029]
INFO  [mc_indi_tiltrotor] YWdbg nu2=0.006 ach2=0.006 r=-0.01 wsp2=-0.01 ddelta=[0.0052 0.0064 -0.0002]
INFO  [mc_indi_tiltrotor] T0dbg1 G0=[-0.257 0.228 -0.016 0.294 -0.956] nu_des=[0.00 -0.18 -0.01 0.48 0.10]
INFO  [mc_indi_tiltrotor] T0dbg2 Ws34=[0.1 20.0] Wu0=1.0 du0=-0.1169 dmin0=-17.3999 dmax0=27.6001
INFO  [mc_indi_tiltrotor] T2dbg1 G2=[-0.000 -0.650 0.060 0.004 -1.000] G5=[-0.797 -0.892 -0.004 13.283 0.059]
INFO  [mc_indi_tiltrotor] T2dbg2 Wu25=[1.0 8.9] du25=[0.1952 0.0041] dmax25=[31.7164 0.0120] nu_yaw=-0.010
INFO  [mc_indi_tiltrotor] WRdbg0 Wu0=1 lo0=-17.40 du0=-0.1169 pin0=0.000 a0=[-0.002 -0.105 0.001 0.004 -0.015]
INFO  [mc_indi_tiltrotor] WRdbg1 Wu1=1 lo1=-17.64 du1=-0.1200 pin1=0.000 a1=[0.003 -0.094 0.002 0.001 -0.032]
INFO  [mc_indi_tiltrotor] T0dbg1 G0=[-0.256 0.228 -0.025 0.328 -0.945] nu_des=[0.01 -0.06 -0.01 0.12 0.29]
INFO  [mc_indi_tiltrotor] T0dbg2 Ws34=[0.1 20.0] Wu0=1.0 du0=-0.1108 dmin0=-17.0320 dmax0=27.9680
INFO  [mc_indi_tiltrotor] T2dbg1 G2=[-0.000 -0.650 0.060 0.005 -1.000] G5=[-0.795 -0.883 -0.004 13.251 0.069]
INFO  [mc_indi_tiltrotor] T2dbg2 Wu25=[1.0 8.9] du25=[0.0144 0.0015] dmax25=[31.7487 0.0120] nu_yaw=-0.012
INFO  [mc_indi_tiltrotor] WRdbg0 Wu0=1 lo0=-17.03 du0=-0.1108 pin0=0.055 a0=[-0.018 -0.035 -0.000 -0.000 -0.112]
INFO  [mc_indi_tiltrotor] WRdbg1 Wu1=1 lo1=-17.13 du1=-0.1042 pin1=0.020 a1=[0.017 -0.031 0.000 0.000 -0.110]
INFO  [mc_indi_tiltrotor] YWdbg nu2=-0.014 ach2=-0.014 r=0.01 wsp2=-0.01 ddelta=[0.0120 0.0090 -0.0008]
INFO  [mc_indi_tiltrotor] T0dbg1 G0=[-0.255 0.227 -0.035 0.362 -0.932] nu_des=[0.01 0.13 -0.01 -0.88 0.30]
INFO  [mc_indi_tiltrotor] T0dbg2 Ws34=[0.1 20.0] Wu0=1.0 du0=0.0091 dmin0=-16.8119 dmax0=28.1881
INFO  [mc_indi_tiltrotor] T2dbg1 G2=[-0.000 -0.650 0.060 0.004 -1.000] G5=[-0.777 -0.871 -0.003 12.944 0.054]
INFO  [mc_indi_tiltrotor] T2dbg2 Wu25=[1.0 8.8] du25=[-0.1946 -0.0028] dmax25=[32.0564 0.0120] nu_yaw=-0.011
INFO  [mc_indi_tiltrotor] WRdbg0 Wu0=1 lo0=-16.81 du0=0.0091 pin0=0.062 a0=[-0.016 0.079 -0.000 0.000 -0.116]
INFO  [mc_indi_tiltrotor] WRdbg1 Wu1=1 lo1=-16.78 du1=-0.0021 pin1=0.026 a1=[0.015 0.070 0.000 -0.001 -0.113]
INFO  [mc_indi_tiltrotor] T0dbg1 G0=[-0.253 0.226 -0.043 0.395 -0.919] nu_des=[0.01 -0.14 -0.00 -0.97 0.23]
INFO  [mc_indi_tiltrotor] T0dbg2 Ws34=[0.1 20.0] Wu0=1.0 du0=-0.1324 dmin0=-16.2845 dmax0=28.7155
INFO  [mc_indi_tiltrotor] T2dbg1 G2=[-0.000 -0.650 0.060 0.004 -1.000] G5=[-0.773 -0.867 -0.003 12.880 0.053]
INFO  [mc_indi_tiltrotor] T2dbg2 Wu25=[1.0 8.8] du25=[0.1233 0.0024] dmax25=[32.1203 0.0120] nu_yaw=-0.002
INFO  [mc_indi_tiltrotor] WRdbg0 Wu0=1 lo0=-16.28 du0=-0.1324 pin0=0.067 a0=[-0.020 -0.089 -0.000 0.000 -0.091]
INFO  [mc_indi_tiltrotor] WRdbg1 Wu1=1 lo1=-16.18 du1=-0.1174 pin1=0.032 a1=[0.018 -0.078 0.000 -0.001 -0.089]
INFO  [mc_indi_tiltrotor] YWdbg nu2=-0.029 ach2=-0.027 r=0.01 wsp2=-0.04 ddelta=[0.0112 0.0082 -0.0033]
INFO  [mc_indi_tiltrotor] T0dbg1 G0=[-0.252 0.225 -0.052 0.426 -0.905] nu_des=[0.00 0.23 -0.04 -0.81 0.26]
INFO  [mc_indi_tiltrotor] T0dbg2 Ws34=[0.1 20.0] Wu0=1.0 du0=0.0655 dmin0=-15.5009 dmax0=29.4991
INFO  [mc_indi_tiltrotor] T2dbg1 G2=[-0.000 -0.650 0.060 0.005 -1.000] G5=[-0.781 -0.873 -0.004 13.022 0.059]
INFO  [mc_indi_tiltrotor] T2dbg2 Wu25=[1.0 1000000.0] du25=[-0.3139 -0.0046] dmax25=[31.9783 0.0120] nu_yaw=-0.038
INFO  [mc_indi_tiltrotor] WRdbg0 Wu0=1 lo0=-15.50 du0=0.0655 pin0=0.004 a0=[-0.007 0.076 0.008 -0.006 -0.010]
INFO  [mc_indi_tiltrotor] WRdbg1 Wu1=1 lo1=-15.30 du1=0.0487 pin1=-0.009 a1=[0.010 0.110 -0.005 -0.003 -0.053]
INFO  [mc_indi_tiltrotor] T0dbg1 G0=[-0.250 0.223 -0.060 0.455 -0.890] nu_des=[0.00 0.32 -0.04 -0.61 0.20]
INFO  [mc_indi_tiltrotor] T0dbg2 Ws34=[0.1 20.0] Wu0=1.0 du0=0.0966 dmin0=-14.9569 dmax0=30.0431
INFO  [mc_indi_tiltrotor] T2dbg1 G2=[-0.000 -0.650 0.060 0.004 -1.000] G5=[-0.775 -0.868 -0.003 12.923 0.057]
INFO  [mc_indi_tiltrotor] T2dbg2 Wu25=[1.0 1000000.0] du25=[-0.4156 -0.0044] dmax25=[32.0766 0.0120] nu_yaw=-0.040
INFO  [mc_indi_tiltrotor] WRdbg0 Wu0=1 lo0=-14.96 du0=0.0966 pin0=0.004 a0=[-0.002 0.094 0.010 -0.004 -0.006]
INFO  [mc_indi_tiltrotor] WRdbg1 Wu1=1 lo1=-14.69 du1=0.0923 pin1=-0.009 a1=[0.003 0.146 -0.008 -0.002 -0.037]
INFO  [mc_indi_tiltrotor] YWdbg nu2=-0.029 ach2=0.011 r=0.00 wsp2=-0.05 ddelta=[0.0120 0.0120 0.0024]
INFO  [mc_indi_tiltrotor] T0dbg1 G0=[-0.248 0.222 -0.068 0.483 -0.876] nu_des=[0.00 -0.01 -0.02 -0.24 0.38]
INFO  [mc_indi_tiltrotor] T0dbg2 Ws34=[0.1 20.0] Wu0=1.0 du0=-0.0885 dmin0=-14.3531 dmax0=30.6469
INFO  [mc_indi_tiltrotor] T2dbg1 G2=[-0.000 -0.650 0.060 0.005 -1.000] G5=[-0.791 -0.879 -0.004 13.183 0.067]
INFO  [mc_indi_tiltrotor] T2dbg2 Wu25=[1.0 8.6] du25=[-0.0679 0.0005] dmax25=[31.8173 0.0120] nu_yaw=-0.025
INFO  [mc_indi_tiltrotor] WRdbg0 Wu0=1 lo0=-14.35 du0=-0.0885 pin0=0.078 a0=[-0.004 -0.008 0.000 0.000 -0.156]
INFO  [mc_indi_tiltrotor] WRdbg1 Wu1=1 lo1=-14.03 du1=-0.1086 pin1=0.044 a1=[0.004 -0.007 -0.000 -0.000 -0.149]
INFO  [mc_indi_tiltrotor] T0dbg1 G0=[-0.245 0.220 -0.076 0.512 -0.859] nu_des=[0.01 -0.01 -0.03 0.33 0.27]
INFO  [mc_indi_tiltrotor] T0dbg2 Ws34=[0.1 20.0] Wu0=1.0 du0=-0.0597 dmin0=-13.5607 dmax0=31.4393
INFO  [mc_indi_tiltrotor] T2dbg1 G2=[-0.000 -0.650 0.060 0.005 -1.000] G5=[-0.782 -0.869 -0.004 13.035 0.066]
INFO  [mc_indi_tiltrotor] T2dbg2 Wu25=[1.0 8.6] du25=[-0.0394 -0.0003] dmax25=[31.9647 0.0120] nu_yaw=-0.026
INFO  [mc_indi_tiltrotor] WRdbg0 Wu0=1 lo0=-13.56 du0=-0.0597 pin0=0.081 a0=[-0.022 -0.007 0.000 -0.000 -0.112]
INFO  [mc_indi_tiltrotor] WRdbg1 Wu1=1 lo1=-13.18 du1=-0.0467 pin1=0.046 a1=[0.019 -0.006 -0.000 0.000 -0.106]
INFO  [mc_indi_tiltrotor] YWdbg nu2=-0.034 ach2=0.024 r=0.00 wsp2=-0.06 ddelta=[0.0120 0.0120 0.0043]
INFO  [mc_indi_tiltrotor] T0dbg1 G0=[-0.243 0.218 -0.084 0.537 -0.843] nu_des=[-0.01 -0.06 -0.04 0.95 0.30]
INFO  [mc_indi_tiltrotor] T0dbg2 Ws34=[0.1 20.0] Wu0=1.0 du0=-0.0722 dmin0=-12.9272 dmax0=32.0728
INFO  [mc_indi_tiltrotor] T2dbg1 G2=[-0.000 -0.650 0.060 0.006 -1.000] G5=[-0.795 -0.873 -0.005 13.254 0.085]
INFO  [mc_indi_tiltrotor] T2dbg2 Wu25=[1.0 8.5] du25=[0.0060 0.0022] dmax25=[31.7455 0.0120] nu_yaw=-0.036
INFO  [mc_indi_tiltrotor] WRdbg0 Wu0=1 lo0=-12.93 du0=-0.0722 pin0=0.082 a0=[0.012 -0.041 0.000 -0.000 -0.126]
INFO  [mc_indi_tiltrotor] WRdbg1 Wu1=1 lo1=-12.47 du1=-0.1164 pin1=0.047 a1=[-0.010 -0.035 -0.001 0.001 -0.118]
INFO  [mc_indi_tiltrotor] T0dbg1 G0=[-0.240 0.215 -0.092 0.565 -0.825] nu_des=[0.01 0.12 -0.04 1.74 0.29]
INFO  [mc_indi_tiltrotor] T0dbg2 Ws34=[0.1 20.0] Wu0=1.0 du0=0.0117 dmin0=-12.0886 dmax0=32.9114
INFO  [mc_indi_tiltrotor] T2dbg1 G2=[-0.000 -0.650 0.060 0.007 -1.000] G5=[-0.778 -0.848 -0.006 12.973 0.093]
INFO  [mc_indi_tiltrotor] T2dbg2 Wu25=[1.0 8.5] du25=[-0.1917 -0.0017] dmax25=[32.0267 0.0120] nu_yaw=-0.039
INFO  [mc_indi_tiltrotor] WRdbg0 Wu0=1 lo0=-12.09 du0=0.0117 pin0=0.080 a0=[-0.020 0.080 -0.012 -0.000 -0.116]
INFO  [mc_indi_tiltrotor] WRdbg1 Wu1=1 lo1=-11.57 du1=-0.0005 pin1=0.042 a1=[0.014 0.071 -0.029 0.003 -0.101]
INFO  [mc_indi_tiltrotor] YWdbg nu2=-0.033 ach2=0.008 r=0.00 wsp2=-0.06 ddelta=[0.0120 0.0120 0.0023]
INFO  [mc_indi_tiltrotor] T0dbg1 G0=[-0.237 0.213 -0.100 0.593 -0.805] nu_des=[0.00 0.27 -0.03 2.65 0.23]
INFO  [mc_indi_tiltrotor] T0dbg2 Ws34=[0.1 20.0] Wu0=1.0 du0=0.0741 dmin0=-11.2586 dmax0=33.7414
INFO  [mc_indi_tiltrotor] T2dbg1 G2=[-0.000 -0.651 0.060 0.008 -1.000] G5=[-0.742 -0.800 -0.006 12.373 0.101]
INFO  [mc_indi_tiltrotor] T2dbg2 Wu25=[1.0 8.4] du25=[-0.3651 -0.0044] dmax25=[32.6266 0.0120] nu_yaw=-0.033
INFO  [mc_indi_tiltrotor] WRdbg0 Wu0=1 lo0=-11.26 du0=0.0741 pin0=0.000 a0=[-0.007 0.059 0.014 0.012 -0.004]
INFO  [mc_indi_tiltrotor] WRdbg1 Wu1=1 lo1=-10.66 du1=0.0721 pin1=0.000 a1=[0.009 0.101 -0.015 0.010 -0.034]
INFO  [mc_indi_tiltrotor] T0dbg1 G0=[-0.233 0.210 -0.108 0.619 -0.785] nu_des=[0.00 0.37 -0.05 3.70 0.29]
INFO  [mc_indi_tiltrotor] T0dbg2 Ws34=[0.1 20.0] Wu0=1.0 du0=0.1033 dmin0=-10.3211 dmax0=34.6789
INFO  [mc_indi_tiltrotor] T2dbg1 G2=[-0.001 -0.651 0.060 0.011 -1.000] G5=[-0.720 -0.753 -0.008 12.007 0.134]
INFO  [mc_indi_tiltrotor] T2dbg2 Wu25=[1.0 8.4] du25=[-0.4974 -0.0054] dmax25=[32.9927 0.0120] nu_yaw=-0.045
INFO  [mc_indi_tiltrotor] WRdbg0 Wu0=1 lo0=-10.32 du0=0.1033 pin0=0.000 a0=[-0.003 0.076 0.021 0.016 -0.007]
INFO  [mc_indi_tiltrotor] WRdbg1 Wu1=1 lo1=-9.69 du1=0.0921 pin1=0.000 a1=[0.004 0.139 -0.022 0.014 -0.043]
INFO  [mc_indi_tiltrotor] YWdbg nu2=-0.029 ach2=0.011 r=-0.00 wsp2=-0.06 ddelta=[0.0120 0.0120 0.0032]
INFO  [mc_indi_tiltrotor] T0dbg1 G0=[-0.230 0.207 -0.115 0.644 -0.765] nu_des=[0.01 0.05 -0.03 4.51 0.31]
INFO  [mc_indi_tiltrotor] T0dbg2 Ws34=[0.1 20.0] Wu0=1.0 du0=-0.0470 dmin0=-9.6873 dmax0=35.3127
INFO  [mc_indi_tiltrotor] T2dbg1 G2=[-0.001 -0.651 0.060 0.014 -1.000] G5=[-0.679 -0.687 -0.010 11.319 0.162]
INFO  [mc_indi_tiltrotor] T2dbg2 Wu25=[1.0 8.3] du25=[-0.1214 0.0001] dmax25=[33.6803 0.0120] nu_yaw=-0.029
INFO  [mc_indi_tiltrotor] WRdbg0 Wu0=1 lo0=-9.69 du0=-0.0470 pin0=0.082 a0=[-0.023 0.033 0.001 -0.002 -0.139]
INFO  [mc_indi_tiltrotor] WRdbg1 Wu1=1 lo1=-9.00 du1=-0.0287 pin1=0.048 a1=[0.019 0.028 -0.001 0.003 -0.126]
INFO  [mc_indi_tiltrotor] T0dbg1 G0=[-0.227 0.205 -0.120 0.661 -0.750] nu_des=[0.00 4.67 -0.29 7.00 1.96]
INFO  [mc_indi_tiltrotor] T0dbg2 Ws34=[0.1 20.0] Wu0=1.0 du0=2.3460 dmin0=-7.0442 dmax0=36.0000
INFO  [mc_indi_tiltrotor] T2dbg1 G2=[-0.001 -0.651 0.060 0.017 -1.000] G5=[-0.903 -0.883 -0.016 15.049 0.262]
INFO  [mc_indi_tiltrotor] T2dbg2 Wu25=[1.0 1000000.0] du25=[-5.6767 -0.0120] dmax25=[29.9491 0.0120] nu_yaw=-0.294
INFO  [mc_indi_tiltrotor] WRdbg0 Wu0=1 lo0=-7.04 du0=2.3460 pin0=-0.047 a0=[-0.010 3.297 0.000 0.000 -0.894]
INFO  [mc_indi_tiltrotor] WRdbg1 Wu1=1 lo1=-6.49 du1=2.1158 pin1=-0.066 a1=[0.009 2.994 -0.000 0.000 -0.820]
INFO  [mc_indi_tiltrotor] YWdbg nu2=-0.225 ach2=-0.631 r=0.05 wsp2=-0.08 ddelta=[-0.0120 -0.0120 -0.0120]
INFO  [mc_indi_tiltrotor] T0dbg1 G0=[-0.227 0.204 -0.121 0.665 -0.747] nu_des=[0.00 5.99 -0.23 3.56 2.39]
INFO  [mc_indi_tiltrotor] T0dbg2 Ws34=[0.1 20.0] Wu0=1.0 du0=3.0682 dmin0=-10.0870 dmax0=34.9130
INFO  [mc_indi_tiltrotor] T2dbg1 G2=[-0.001 -0.651 0.060 0.014 -1.000] G5=[-1.071 -1.085 -0.015 17.854 0.253]
INFO  [mc_indi_tiltrotor] T2dbg2 Wu25=[1.0 1000000.0] du25=[-7.2529 -0.0120] dmax25=[27.1445 0.0120] nu_yaw=-0.235
INFO  [mc_indi_tiltrotor] WRdbg0 Wu0=1 lo0=-10.09 du0=3.0682 pin0=-0.072 a0=[-0.010 4.248 0.000 0.000 -1.098]
INFO  [mc_indi_tiltrotor] WRdbg1 Wu1=1 lo1=-9.27 du1=2.7763 pin1=-0.089 a1=[0.009 3.864 -0.000 0.000 -1.007]
INFO  [mc_indi_tiltrotor] T0dbg1 G0=[-0.226 0.204 -0.122 0.667 -0.745] nu_des=[-0.01 2.44 -0.06 1.99 2.90]
INFO  [mc_indi_tiltrotor] T0dbg2 Ws34=[0.1 20.0] Wu0=1.0 du0=0.3507 dmin0=-11.5379 dmax0=33.4621
INFO  [mc_indi_tiltrotor] T2dbg1 G2=[-0.001 -0.651 0.060 0.010 -1.000] G5=[-0.721 -0.761 -0.007 12.024 0.124]
INFO  [mc_indi_tiltrotor] T2dbg2 Wu25=[1.0 1000000.0] du25=[-3.4992 -0.0103] dmax25=[32.9753 0.0120] nu_yaw=-0.058
INFO  [mc_indi_tiltrotor] WRdbg0 Wu0=1 lo0=-11.54 du0=0.3507 pin0=-0.067 a0=[0.016 1.736 0.000 0.000 -1.334]
INFO  [mc_indi_tiltrotor] WRdbg1 Wu1=1 lo1=-10.51 du1=0.3587 pin1=0.014 a1=[-0.014 1.583 -0.000 0.000 -1.224]
INFO  [mc_indi_tiltrotor] YWdbg nu2=0.164 ach2=0.548 r=0.02 wsp2=-0.10 ddelta=[0.0120 0.0120 0.0120]
INFO  [mc_indi_tiltrotor] T0dbg1 G0=[-0.226 0.203 -0.123 0.671 -0.742] nu_des=[-0.00 -2.67 0.02 8.18 3.11]
INFO  [mc_indi_tiltrotor] T0dbg2 Ws34=[0.1 20.0] Wu0=1.0 du0=-3.2964 dmin0=-5.8785 dmax0=36.0000
INFO  [mc_indi_tiltrotor] T2dbg1 G2=[-0.001 -0.651 0.060 0.011 -1.000] G5=[-0.963 -1.004 -0.011 16.048 0.184]
INFO  [mc_indi_tiltrotor] T2dbg2 Wu25=[1.0 1000000.0] du25=[2.0163 0.0120] dmax25=[28.9510 0.0120] nu_yaw=0.023
INFO  [mc_indi_tiltrotor] WRdbg0 Wu0=1 lo0=-5.88 du0=-3.2964 pin0=0.037 a0=[0.010 -1.905 -0.000 0.000 -1.438]
INFO  [mc_indi_tiltrotor] WRdbg1 Wu1=1 lo1=-5.29 du1=-3.0079 pin1=0.065 a1=[-0.009 -1.741 0.000 0.000 -1.323]
INFO  [mc_indi_tiltrotor] T0dbg1 G0=[-0.225 0.203 -0.124 0.674 -0.739] nu_des=[0.01 5.49 -0.27 7.96 2.38]
INFO  [mc_indi_tiltrotor] T0dbg2 Ws34=[0.1 20.0] Wu0=1.0 du0=2.7781 dmin0=-6.0117 dmax0=36.0000
INFO  [mc_indi_tiltrotor] T2dbg1 G2=[-0.001 -0.651 0.060 0.011 -1.000] G5=[-0.926 -0.967 -0.010 15.432 0.174]
INFO  [mc_indi_tiltrotor] T2dbg2 Wu25=[1.0 1000000.0] du25=[-6.6824 -0.0112] dmax25=[29.5675 0.0120] nu_yaw=-0.275
INFO  [mc_indi_tiltrotor] WRdbg0 Wu0=1 lo0=-6.01 du0=2.7781 pin0=-0.040 a0=[-0.013 3.937 0.000 0.000 -1.105]
INFO  [mc_indi_tiltrotor] WRdbg1 Wu1=1 lo1=-5.43 du1=2.5324 pin1=-0.064 a1=[0.012 3.602 -0.000 0.000 -1.018]
INFO  [mc_indi_tiltrotor] YWdbg nu2=-0.209 ach2=-0.549 r=0.02 wsp2=-0.11 ddelta=[-0.0120 -0.0120 -0.0105]
INFO  [mc_indi_tiltrotor] T0dbg1 G0=[-0.224 0.202 -0.125 0.678 -0.735] nu_des=[0.01 -3.32 0.12 3.89 2.06]
INFO  [mc_indi_tiltrotor] T0dbg2 Ws34=[0.1 20.0] Wu0=1.0 du0=-3.2885 dmin0=-9.5204 dmax0=35.4796
INFO  [mc_indi_tiltrotor] T2dbg1 G2=[-0.001 -0.651 0.060 0.010 -1.000] G5=[-0.621 -0.660 -0.006 10.351 0.100]
INFO  [mc_indi_tiltrotor] T2dbg2 Wu25=[1.0 1000000.0] du25=[3.0344 0.0120] dmax25=[34.6490 0.0120] nu_yaw=0.119
INFO  [mc_indi_tiltrotor] WRdbg0 Wu0=1 lo0=-9.52 du0=-3.2885 pin0=0.078 a0=[-0.015 -2.391 -0.000 0.000 -0.961]
INFO  [mc_indi_tiltrotor] WRdbg1 Wu1=1 lo1=-8.64 du1=-2.9840 pin1=0.078 a1=[0.013 -2.190 0.000 0.000 -0.885]
INFO  [mc_indi_tiltrotor] T0dbg1 G0=[-0.223 0.201 -0.127 0.685 -0.729] nu_des=[-0.00 1.35 -0.17 9.13 2.56]
INFO  [mc_indi_tiltrotor] T0dbg2 Ws34=[0.1 20.0] Wu0=1.0 du0=-0.1535 dmin0=-4.8203 dmax0=36.0000
INFO  [mc_indi_tiltrotor] T2dbg1 G2=[-0.001 -0.651 0.060 0.012 -1.000] G5=[-1.046 -1.086 -0.012 17.441 0.207]
INFO  [mc_indi_tiltrotor] T2dbg2 Wu25=[1.0 1000000.0] du25=[-2.1897 -0.0119] dmax25=[27.5579 0.0120] nu_yaw=-0.166
INFO  [mc_indi_tiltrotor] WRdbg0 Wu0=1 lo0=-4.82 du0=-0.1535 pin0=0.064 a0=[0.009 0.978 0.000 0.000 -1.205]
INFO  [mc_indi_tiltrotor] WRdbg1 Wu1=1 lo1=-4.38 du1=-0.2274 pin1=-0.005 a1=[-0.008 0.895 -0.000 0.000 -1.110]
INFO  [mc_indi_tiltrotor] YWdbg nu2=-0.155 ach2=-0.116 r=0.00 wsp2=-0.13 ddelta=[0.0120 0.0120 -0.0119]
INFO  [mc_indi_tiltrotor] T0dbg1 G0=[-0.223 0.201 -0.129 0.688 -0.725] nu_des=[-0.00 3.60 -0.08 4.25 3.03]
INFO  [mc_indi_tiltrotor] T0dbg2 Ws34=[0.1 20.0] Wu0=1.0 du0=1.1445 dmin0=-8.9879 dmax0=36.0000
INFO  [mc_indi_tiltrotor] T2dbg1 G2=[-0.001 -0.651 0.060 0.010 -1.000] G5=[-0.667 -0.708 -0.007 11.123 0.109]
INFO  [mc_indi_tiltrotor] T2dbg2 Wu25=[1.0 1000000.0] du25=[-4.7966 -0.0098] dmax25=[33.8761 0.0120] nu_yaw=-0.079
INFO  [mc_indi_tiltrotor] WRdbg0 Wu0=1 lo0=-8.99 du0=1.1445 pin0=-0.055 a0=[0.010 2.624 0.000 0.000 -1.434]
INFO  [mc_indi_tiltrotor] WRdbg1 Wu1=1 lo1=-8.14 du1=1.0878 pin1=0.015 a1=[-0.009 2.403 -0.000 0.000 -1.321]
INFO  [mc_indi_tiltrotor] T0dbg1 G0=[-0.222 0.200 -0.130 0.693 -0.721] nu_des=[-0.00 -5.46 0.13 6.04 2.75]
INFO  [mc_indi_tiltrotor] T0dbg2 Ws34=[0.1 20.0] Wu0=1.0 du0=-5.2516 dmin0=-7.3743 dmax0=36.0000
INFO  [mc_indi_tiltrotor] T2dbg1 G2=[-0.001 -0.651 0.060 0.011 -1.000] G5=[-0.831 -0.874 -0.009 13.844 0.147]
INFO  [mc_indi_tiltrotor] T2dbg2 Wu25=[1.0 1000000.0] du25=[5.1395 0.0120] dmax25=[31.1551 0.0120] nu_yaw=0.130
INFO  [mc_indi_tiltrotor] WRdbg0 Wu0=1 lo0=-7.37 du0=-5.2516 pin0=0.057 a0=[0.002 -4.004 -0.000 0.000 -1.307]
INFO  [mc_indi_tiltrotor] WRdbg1 Wu1=1 lo1=-6.65 du1=-4.7972 pin1=0.076 a1=[-0.001 -3.667 0.000 0.000 -1.204]
INFO  [mc_indi_tiltrotor] YWdbg nu2=0.095 ach2=0.250 r=0.01 wsp2=-0.13 ddelta=[0.0120 0.0120 0.0120]
INFO  [mc_indi_tiltrotor] T0dbg1 G0=[-0.221 0.199 -0.132 0.699 -0.716] nu_des=[-0.01 3.20 -0.23 8.83 2.17]
INFO  [mc_indi_tiltrotor] T0dbg2 Ws34=[0.1 20.0] Wu0=1.0 du0=1.3106 dmin0=-4.9390 dmax0=36.0000
INFO  [mc_indi_tiltrotor] T2dbg1 G2=[-0.001 -0.651 0.060 0.012 -1.000] G5=[-1.048 -1.090 -0.012 17.462 0.204]
INFO  [mc_indi_tiltrotor] T2dbg2 Wu25=[1.0 1000000.0] du25=[-4.1089 -0.0117] dmax25=[27.5369 0.0120] nu_yaw=-0.230
INFO  [mc_indi_tiltrotor] WRdbg0 Wu0=1 lo0=-4.94 du0=1.3106 pin0=-0.031 a0=[0.017 2.363 0.000 0.000 -1.039]
INFO  [mc_indi_tiltrotor] WRdbg1 Wu1=1 lo1=-4.44 du1=1.1242 pin1=-0.067 a1=[-0.015 2.164 -0.000 0.000 -0.957]
INFO  [mc_indi_tiltrotor] T0dbg1 G0=[-0.220 0.199 -0.133 0.701 -0.713] nu_des=[0.01 3.95 -0.12 3.39 3.18]
INFO  [mc_indi_tiltrotor] T0dbg2 Ws34=[0.1 20.0] Wu0=1.0 du0=1.2917 dmin0=-9.4312 dmax0=35.5688
INFO  [mc_indi_tiltrotor] T2dbg1 G2=[-0.001 -0.651 0.060 0.010 -1.000] G5=[-0.725 -0.768 -0.007 12.081 0.120]
INFO  [mc_indi_tiltrotor] T2dbg2 Wu25=[1.0 1000000.0] du25=[-5.2334 -0.0099] dmax25=[32.9188 0.0120] nu_yaw=-0.118
INFO  [mc_indi_tiltrotor] WRdbg0 Wu0=1 lo0=-9.43 du0=1.2917 pin0=-0.083 a0=[-0.023 2.927 0.000 0.000 -1.528]
INFO  [mc_indi_tiltrotor] WRdbg1 Wu1=1 lo1=-8.52 du1=1.2106 pin1=-0.084 a1=[0.021 2.684 -0.000 0.000 -1.409]
INFO  [mc_indi_tiltrotor] YWdbg nu2=-0.268 ach2=-0.445 r=0.01 wsp2=-0.15 ddelta=[-0.0120 -0.0120 -0.0114]
INFO  [mc_indi_tiltrotor] T0dbg1 G0=[-0.219 0.198 -0.134 0.706 -0.708] nu_des=[-0.00 -5.51 0.13 4.50 2.52]
INFO  [mc_indi_tiltrotor] T0dbg2 Ws34=[0.1 20.0] Wu0=1.0 du0=-5.2456 dmin0=-8.4345 dmax0=36.0000
INFO  [mc_indi_tiltrotor] T2dbg1 G2=[-0.001 -0.651 0.060 0.010 -1.000] G5=[-0.804 -0.848 -0.008 13.397 0.138]
INFO  [mc_indi_tiltrotor] T2dbg2 Wu25=[1.0 1000000.0] du25=[5.2410 0.0120] dmax25=[31.6022 0.0120] nu_yaw=0.128
INFO  [mc_indi_tiltrotor] WRdbg0 Wu0=1 lo0=-8.43 du0=-5.2456 pin0=0.071 a0=[0.006 -4.105 -0.000 0.000 -1.218]
INFO  [mc_indi_tiltrotor] WRdbg1 Wu1=1 lo1=-7.59 du1=-4.8071 pin1=0.086 a1=[-0.005 -3.765 0.000 0.000 -1.123]
INFO  [mc_indi_tiltrotor] T0dbg1 G0=[-0.219 0.197 -0.135 0.710 -0.704] nu_des=[-0.00 2.10 -0.21 8.50 2.39]
INFO  [mc_indi_tiltrotor] T0dbg2 Ws34=[0.1 20.0] Wu0=1.0 du0=0.4366 dmin0=-5.0595 dmax0=36.0000
INFO  [mc_indi_tiltrotor] T2dbg1 G2=[-0.001 -0.651 0.060 0.012 -1.000] G5=[-1.118 -1.158 -0.013 18.638 0.225]
INFO  [mc_indi_tiltrotor] T2dbg2 Wu25=[1.0 1000000.0] du25=[-2.9672 -0.0120] dmax25=[26.3609 0.0120] nu_yaw=-0.213
INFO  [mc_indi_tiltrotor] WRdbg0 Wu0=1 lo0=-5.06 du0=0.4366 pin0=0.029 a0=[0.000 0.819 0.257 0.012 -0.682]
INFO  [mc_indi_tiltrotor] WRdbg1 Wu1=1 lo1=-4.55 du1=0.3615 pin1=-0.009 a1=[-0.001 1.327 0.040 0.002 -0.998]
INFO  [mc_indi_tiltrotor] YWdbg nu2=0.117 ach2=0.501 r=0.01 wsp2=-0.17 ddelta=[0.0120 0.0120 0.0120]
INFO  [mc_indi_tiltrotor] T0dbg1 G0=[-0.218 0.197 -0.136 0.713 -0.701] nu_des=[-0.01 4.43 -0.15 2.88 3.18]
INFO  [mc_indi_tiltrotor] T0dbg2 Ws34=[0.1 20.0] Wu0=1.0 du0=1.7172 dmin0=-9.6021 dmax0=35.3979
INFO  [mc_indi_tiltrotor] T2dbg1 G2=[-0.001 -0.651 0.060 0.010 -1.000] G5=[-0.805 -0.850 -0.008 13.410 0.137]
INFO  [mc_indi_tiltrotor] T2dbg2 Wu25=[1.0 1000000.0] du25=[-5.7485 -0.0102] dmax25=[31.5891 0.0120] nu_yaw=-0.154
INFO  [mc_indi_tiltrotor] WRdbg0 Wu0=1 lo0=-9.60 du0=1.7172 pin0=-0.087 a0=[0.020 3.334 0.000 0.000 -1.550]
INFO  [mc_indi_tiltrotor] WRdbg1 Wu1=1 lo1=-8.62 du1=1.5204 pin1=-0.093 a1=[-0.018 3.063 -0.000 0.000 -1.432]
INFO  [mc_indi_tiltrotor] T0dbg1 G0=[-0.217 0.196 -0.137 0.716 -0.698] nu_des=[0.01 -5.39 0.12 3.77 2.58]
INFO  [mc_indi_tiltrotor] T0dbg2 Ws34=[0.1 20.0] Wu0=1.0 du0=-5.2818 dmin0=-8.7985 dmax0=36.0000
INFO  [mc_indi_tiltrotor] T2dbg1 G2=[-0.001 -0.651 0.060 0.010 -1.000] G5=[-0.889 -0.936 -0.009 14.812 0.155]
INFO  [mc_indi_tiltrotor] T2dbg2 Wu25=[1.0 1000000.0] du25=[5.0767 0.0120] dmax25=[30.1871 0.0120] nu_yaw=0.116
INFO  [mc_indi_tiltrotor] WRdbg0 Wu0=1 lo0=-8.80 du0=-5.2818 pin0=0.076 a0=[-0.017 -4.075 -0.000 0.000 -1.266]
INFO  [mc_indi_tiltrotor] WRdbg1 Wu1=1 lo1=-7.91 du1=-4.8068 pin1=0.095 a1=[0.015 -3.746 0.000 0.000 -1.171]
INFO  [mc_indi_tiltrotor] YWdbg nu2=-0.274 ach2=-0.501 r=0.02 wsp2=-0.18 ddelta=[-0.0120 -0.0120 -0.0111]
INFO  [mc_indi_tiltrotor] T0dbg1 G0=[-0.216 0.196 -0.139 0.721 -0.693] nu_des=[-0.00 1.93 -0.21 7.62 2.32]
INFO  [mc_indi_tiltrotor] T0dbg2 Ws34=[0.1 20.0] Wu0=1.0 du0=0.3928 dmin0=-5.6381 dmax0=36.0000
INFO  [mc_indi_tiltrotor] T2dbg1 G2=[-0.001 -0.651 0.060 0.012 -1.000] G5=[-1.173 -1.213 -0.014 19.545 0.239]
INFO  [mc_indi_tiltrotor] T2dbg2 Wu25=[1.0 1000000.0] du25=[-2.7486 -0.0120] dmax25=[25.4540 0.0120] nu_yaw=-0.210
INFO  [mc_indi_tiltrotor] WRdbg0 Wu0=1 lo0=-5.64 du0=0.3928 pin0=0.032 a0=[0.003 0.725 0.264 0.012 -0.642]
INFO  [mc_indi_tiltrotor] WRdbg1 Wu1=1 lo1=-5.02 du1=0.2843 pin1=-0.007 a1=[-0.007 1.233 0.041 0.002 -0.979]
INFO  [mc_indi_tiltrotor] T0dbg1 G0=[-0.216 0.195 -0.139 0.723 -0.690] nu_des=[0.00 4.24 -0.16 2.45 3.04]
INFO  [mc_indi_tiltrotor] T0dbg2 Ws34=[0.1 20.0] Wu0=1.0 du0=1.6389 dmin0=-9.7113 dmax0=35.2887
INFO  [mc_indi_tiltrotor] T2dbg1 G2=[-0.001 -0.651 0.060 0.010 -1.000] G5=[-0.861 -0.906 -0.009 14.344 0.150]
INFO  [mc_indi_tiltrotor] T2dbg2 Wu25=[1.0 1000000.0] du25=[-5.4886 -0.0105] dmax25=[30.6553 0.0120] nu_yaw=-0.160
INFO  [mc_indi_tiltrotor] WRdbg0 Wu0=1 lo0=-9.71 du0=1.6389 pin0=-0.090 a0=[-0.003 3.235 0.000 0.000 -1.503]
INFO  [mc_indi_tiltrotor] WRdbg1 Wu1=1 lo1=-8.69 du1=1.4894 pin1=-0.100 a1=[0.003 2.979 -0.000 0.000 -1.392]
INFO  [mc_indi_tiltrotor] YWdbg nu2=0.084 ach2=0.525 r=0.00 wsp2=-0.20 ddelta=[0.0120 0.0120 0.0120]
INFO  [mc_indi_tiltrotor] T0dbg1 G0=[-0.215 0.195 -0.140 0.727 -0.687] nu_des=[0.01 -5.12 0.08 3.98 2.77]
INFO  [mc_indi_tiltrotor] T0dbg2 Ws34=[0.1 20.0] Wu0=1.0 du0=-5.2492 dmin0=-8.4323 dmax0=36.0000
INFO  [mc_indi_tiltrotor] T2dbg1 G2=[-0.001 -0.651 0.060 0.011 -1.000] G5=[-0.981 -1.031 -0.010 16.349 0.175]
INFO  [mc_indi_tiltrotor] T2dbg2 Wu25=[1.0 1000000.0] du25=[4.7136 0.0120] dmax25=[28.6499 0.0120] nu_yaw=0.079
INFO  [mc_indi_tiltrotor] WRdbg0 Wu0=1 lo0=-8.43 du0=-5.2492 pin0=0.073 a0=[-0.012 -3.931 -0.000 0.000 -1.379]
INFO  [mc_indi_tiltrotor] WRdbg1 Wu1=1 lo1=-7.54 du1=-4.7915 pin1=0.100 a1=[0.011 -3.624 0.000 0.000 -1.279]
INFO  [mc_indi_tiltrotor] T0dbg1 G0=[-0.214 0.194 -0.142 0.731 -0.682] nu_des=[0.01 3.20 -0.25 7.55 2.25]
INFO  [mc_indi_tiltrotor] T0dbg2 Ws34=[0.1 20.0] Wu0=1.0 du0=1.2910 dmin0=-5.5833 dmax0=36.0000
INFO  [mc_indi_tiltrotor] T2dbg1 G2=[-0.001 -0.651 0.060 0.012 -1.000] G5=[-1.215 -1.262 -0.014 20.254 0.240]
INFO  [mc_indi_tiltrotor] T2dbg2 Wu25=[1.0 1000000.0] du25=[-4.1169 -0.0118] dmax25=[24.7447 0.0120] nu_yaw=-0.254
INFO  [mc_indi_tiltrotor] WRdbg0 Wu0=1 lo0=-5.58 du0=1.2910 pin0=-0.039 a0=[-0.016 2.470 0.000 0.000 -1.124]
INFO  [mc_indi_tiltrotor] WRdbg1 Wu1=1 lo1=-4.95 du1=1.1624 pin1=-0.086 a1=[0.014 2.277 -0.000 0.000 -1.043]
INFO  [mc_indi_tiltrotor] YWdbg nu2=-0.234 ach2=-0.490 r=0.02 wsp2=-0.22 ddelta=[-0.0120 -0.0120 -0.0102]
INFO  [mc_indi_tiltrotor] T0dbg1 G0=[-0.214 0.194 -0.143 0.733 -0.680] nu_des=[-0.00 4.12 -0.17 -12.70 3.06]
INFO  [mc_indi_tiltrotor] T0dbg2 Ws34=[0.1 20.0] Wu0=1.0 du0=1.5699 dmin0=-9.6272 dmax0=35.3728
INFO  [mc_indi_tiltrotor] T2dbg1 G2=[-0.001 -0.651 0.060 0.009 -1.000] G5=[-0.921 -0.980 -0.009 15.353 0.145]
INFO  [mc_indi_tiltrotor] T2dbg2 Wu25=[1.0 1000000.0] du25=[-5.3597 -0.0095] dmax25=[29.6463 0.0120] nu_yaw=-0.170
INFO  [mc_indi_tiltrotor] WRdbg0 Wu0=1 lo0=-9.63 du0=1.5699 pin0=-0.092 a0=[0.009 3.187 0.000 -0.000 -1.534]
INFO  [mc_indi_tiltrotor] WRdbg1 Wu1=1 lo1=-8.62 du1=1.4083 pin1=-0.103 a1=[-0.008 2.944 -0.000 -0.000 -1.424]
INFO  [mc_indi_tiltrotor] T0dbg1 G0=[-0.213 0.193 -0.144 0.738 -0.675] nu_des=[0.00 -5.32 0.07 -11.57 2.48]
INFO  [mc_indi_tiltrotor] T0dbg2 Ws34=[0.1 20.0] Wu0=1.0 du0=-5.3330 dmin0=-8.7305 dmax0=36.0000
INFO  [mc_indi_tiltrotor] T2dbg1 G2=[-0.001 -0.651 0.060 0.010 -1.000] G5=[-0.966 -1.026 -0.009 16.103 0.155]
INFO  [mc_indi_tiltrotor] T2dbg2 Wu25=[1.0 1000000.0] du25=[4.9967 0.0120] dmax25=[28.8961 0.0120] nu_yaw=0.065
INFO  [mc_indi_tiltrotor] WRdbg0 Wu0=1 lo0=-8.73 du0=-5.3330 pin0=0.079 a0=[-0.009 -4.148 -0.000 -0.000 -1.255]
INFO  [mc_indi_tiltrotor] WRdbg1 Wu1=1 lo1=-7.71 du1=-4.8837 pin1=0.105 a1=[0.008 -3.832 0.000 -0.000 -1.165]
INFO  [mc_indi_tiltrotor] YWdbg nu2=-0.020 ach2=0.329 r=0.01 wsp2=-0.24 ddelta=[0.0120 0.0120 0.0120]
INFO  [mc_indi_tiltrotor] T0dbg1 G0=[-0.212 0.192 -0.145 0.742 -0.670] nu_des=[0.00 1.92 -0.24 -7.00 2.30]
INFO  [mc_indi_tiltrotor] T0dbg2 Ws34=[0.1 20.0] Wu0=1.0 du0=0.3570 dmin0=-5.1648 dmax0=36.0000
INFO  [mc_indi_tiltrotor] T2dbg1 G2=[-0.001 -0.651 0.060 0.011 -1.000] G5=[-1.261 -1.324 -0.014 21.009 0.226]
INFO  [mc_indi_tiltrotor] T2dbg2 Wu25=[1.0 1000000.0] du25=[-2.7417 -0.0108] dmax25=[23.9900 0.0120] nu_yaw=-0.238
INFO  [mc_indi_tiltrotor] WRdbg0 Wu0=1 lo0=-5.16 du0=0.3570 pin0=-0.015 a0=[-0.003 0.729 0.298 -0.011 -0.642]
INFO  [mc_indi_tiltrotor] WRdbg1 Wu1=1 lo1=-4.50 du1=0.2390 pin1=-0.079 a1=[0.007 1.271 0.046 -0.002 -1.005]
INFO  [mc_indi_tiltrotor] T0dbg1 G0=[-0.211 0.191 -0.146 0.745 -0.667] nu_des=[0.00 5.20 -0.24 -12.11 3.04]
INFO  [mc_indi_tiltrotor] T0dbg2 Ws34=[0.1 20.0] Wu0=1.0 du0=2.4486 dmin0=-8.9998 dmax0=36.0000
INFO  [mc_indi_tiltrotor] T2dbg1 G2=[-0.001 -0.651 0.060 0.010 -1.000] G5=[-0.996 -1.059 -0.009 16.596 0.158]
INFO  [mc_indi_tiltrotor] T2dbg2 Wu25=[1.0 1000000.0] du25=[-6.5141 -0.0095] dmax25=[28.4032 0.0120] nu_yaw=-0.242
INFO  [mc_indi_tiltrotor] WRdbg0 Wu0=1 lo0=-9.00 du0=2.4486 pin0=-0.088 a0=[-0.007 4.097 0.000 -0.000 -1.554]
INFO  [mc_indi_tiltrotor] WRdbg1 Wu1=1 lo1=-7.98 du1=2.2479 pin1=-0.104 a1=[0.007 3.790 -0.000 -0.000 -1.445]
INFO  [mc_indi_tiltrotor] YWdbg nu2=-0.186 ach2=-0.390 r=0.02 wsp2=-0.26 ddelta=[-0.0120 -0.0120 -0.0091]
INFO  [mc_indi_tiltrotor] T0dbg1 G0=[-0.211 0.191 -0.147 0.748 -0.663] nu_des=[0.01 -4.82 0.05 -11.95 2.10]
INFO  [mc_indi_tiltrotor] T0dbg2 Ws34=[0.1 20.0] Wu0=1.0 du0=-4.8359 dmin0=-8.8262 dmax0=36.0000
INFO  [mc_indi_tiltrotor] T2dbg1 G2=[-0.001 -0.651 0.060 0.009 -1.000] G5=[-0.948 -1.013 -0.009 15.800 0.143]
INFO  [mc_indi_tiltrotor] T2dbg2 Wu25=[1.0 1000000.0] du25=[4.5529 0.0120] dmax25=[29.1992 0.0120] nu_yaw=0.050
INFO  [mc_indi_tiltrotor] WRdbg0 Wu0=1 lo0=-8.83 du0=-4.8359 pin0=0.084 a0=[-0.027 -3.815 -0.000 -0.000 -1.078]
INFO  [mc_indi_tiltrotor] WRdbg1 Wu1=1 lo1=-7.84 du1=-4.4022 pin1=0.110 a1=[0.024 -3.533 0.000 -0.000 -1.003]
INFO  [mc_indi_tiltrotor] T0dbg1 G0=[-0.210 0.190 -0.149 0.753 -0.658] nu_des=[0.00 0.58 -0.22 -6.92 2.71]
INFO  [mc_indi_tiltrotor] T0dbg2 Ws34=[0.1 20.0] Wu0=1.0 du0=-0.8674 dmin0=-4.9857 dmax0=36.0000
INFO  [mc_indi_tiltrotor] T2dbg1 G2=[-0.001 -0.651 0.060 0.011 -1.000] G5=[-1.288 -1.345 -0.015 21.470 0.243]
INFO  [mc_indi_tiltrotor] T2dbg2 Wu25=[1.0 1000000.0] du25=[-1.4147 -0.0113] dmax25=[23.5288 0.0120] nu_yaw=-0.218
INFO  [mc_indi_tiltrotor] WRdbg0 Wu0=1 lo0=-4.99 du0=-0.8674 pin0=0.079 a0=[-0.011 0.465 0.000 -0.000 -1.400]
INFO  [mc_indi_tiltrotor] WRdbg1 Wu1=1 lo1=-4.34 du1=-0.8650 pin1=-0.002 a1=[0.010 0.430 -0.000 -0.000 -1.304]
INFO  [mc_indi_tiltrotor] YWdbg nu2=-0.103 ach2=0.207 r=0.00 wsp2=-0.28 ddelta=[0.0120 0.0120 0.0120]
INFO  [mc_indi_tiltrotor] T0dbg1 G0=[-0.209 0.189 -0.150 0.756 -0.655] nu_des=[-0.00 5.20 -0.26 -11.67 3.13]
INFO  [mc_indi_tiltrotor] T0dbg2 Ws34=[0.1 20.0] Wu0=1.0 du0=2.4628 dmin0=-8.4775 dmax0=36.0000
INFO  [mc_indi_tiltrotor] T2dbg1 G2=[-0.001 -0.651 0.060 0.010 -1.000] G5=[-0.993 -1.056 -0.009 16.556 0.158]
INFO  [mc_indi_tiltrotor] T2dbg2 Wu25=[1.0 1000000.0] du25=[-6.5291 -0.0095] dmax25=[28.4434 0.0120] nu_yaw=-0.257
INFO  [mc_indi_tiltrotor] WRdbg0 Wu0=1 lo0=-8.48 du0=2.4628 pin0=-0.085 a0=[0.007 4.165 0.000 -0.000 -1.624]
INFO  [mc_indi_tiltrotor] WRdbg1 Wu1=1 lo1=-7.56 du1=2.2367 pin1=-0.104 a1=[-0.006 3.859 -0.000 -0.000 -1.513]
INFO  [mc_indi_tiltrotor] T0dbg1 G0=[-0.208 0.189 -0.151 0.759 -0.651] nu_des=[-0.00 -4.74 0.05 -12.37 1.97]
INFO  [mc_indi_tiltrotor] T0dbg2 Ws34=[0.1 20.0] Wu0=1.0 du0=-4.7511 dmin0=-8.9883 dmax0=36.0000
INFO  [mc_indi_tiltrotor] T2dbg1 G2=[-0.001 -0.651 0.060 0.009 -1.000] G5=[-0.880 -0.938 -0.008 14.664 0.137]
INFO  [mc_indi_tiltrotor] T2dbg2 Wu25=[1.0 1000000.0] du25=[4.4958 0.0120] dmax25=[30.3349 0.0120] nu_yaw=0.053
INFO  [mc_indi_tiltrotor] WRdbg0 Wu0=1 lo0=-8.99 du0=-4.7511 pin0=0.090 a0=[0.004 -3.818 -0.000 -0.000 -1.027]
INFO  [mc_indi_tiltrotor] WRdbg1 Wu1=1 lo1=-7.94 du1=-4.3897 pin1=0.112 a1=[-0.004 -3.541 0.000 -0.000 -0.957]
INFO  [mc_indi_tiltrotor] YWdbg nu2=-0.136 ach2=-0.164 r=0.02 wsp2=-0.30 ddelta=[-0.0120 0.0120 -0.0089]
INFO  [mc_indi_tiltrotor] T0dbg1 G0=[-0.207 0.188 -0.152 0.764 -0.646] nu_des=[0.01 0.28 -0.22 -6.56 2.79]
INFO  [mc_indi_tiltrotor] T0dbg2 Ws34=[0.1 20.0] Wu0=1.0 du0=-1.1881 dmin0=-4.6510 dmax0=36.0000
INFO  [mc_indi_tiltrotor] T2dbg1 G2=[-0.001 -0.651 0.060 0.011 -1.000] G5=[-1.281 -1.340 -0.014 21.358 0.238]
INFO  [mc_indi_tiltrotor] T2dbg2 Wu25=[1.0 1000000.0] du25=[-1.1209 -0.0111] dmax25=[23.6409 0.0120] nu_yaw=-0.220
INFO  [mc_indi_tiltrotor] WRdbg0 Wu0=1 lo0=-4.65 du0=-1.1881 pin0=0.077 a0=[-0.022 0.226 0.000 -0.000 -1.469]
INFO  [mc_indi_tiltrotor] WRdbg1 Wu1=1 lo1=-4.02 du1=-1.1433 pin1=-0.003 a1=[0.020 0.210 -0.000 -0.000 -1.370]
INFO  [mc_indi_tiltrotor] T0dbg1 G0=[-0.207 0.187 -0.153 0.766 -0.643] nu_des=[-0.00 5.22 -0.26 -11.35 3.09]
INFO  [mc_indi_tiltrotor] T0dbg2 Ws34=[0.1 20.0] Wu0=1.0 du0=2.5355 dmin0=-8.1170 dmax0=36.0000
INFO  [mc_indi_tiltrotor] T2dbg1 G2=[-0.001 -0.651 0.060 0.009 -1.000] G5=[-1.006 -1.070 -0.010 16.765 0.159]
INFO  [mc_indi_tiltrotor] T2dbg2 Wu25=[1.0 1000000.0] du25=[-6.5310 -0.0095] dmax25=[28.2345 0.0120] nu_yaw=-0.261
INFO  [mc_indi_tiltrotor] WRdbg0 Wu0=1 lo0=-8.12 du0=2.5355 pin0=-0.084 a0=[0.001 4.252 0.000 -0.000 -1.634]
INFO  [mc_indi_tiltrotor] WRdbg1 Wu1=1 lo1=-7.18 du1=2.3174 pin1=-0.104 a1=[-0.001 3.946 -0.000 -0.000 -1.524]
INFO  [mc_indi_tiltrotor] YWdbg nu2=-0.233 ach2=-0.064 r=0.01 wsp2=-0.32 ddelta=[0.0120 0.0120 -0.0114]
INFO  [mc_indi_tiltrotor] T0dbg1 G0=[-0.206 0.187 -0.154 0.769 -0.639] nu_des=[0.00 -4.65 0.04 -11.81 2.09]
INFO  [mc_indi_tiltrotor] T0dbg2 Ws34=[0.1 20.0] Wu0=1.0 du0=-4.8354 dmin0=-8.4288 dmax0=36.0000
INFO  [mc_indi_tiltrotor] T2dbg1 G2=[-0.001 -0.651 0.060 0.009 -1.000] G5=[-0.912 -0.975 -0.008 15.197 0.136]
INFO  [mc_indi_tiltrotor] T2dbg2 Wu25=[1.0 1000000.0] du25=[4.3392 0.0120] dmax25=[29.8028 0.0120] nu_yaw=0.041
INFO  [mc_indi_tiltrotor] WRdbg0 Wu0=1 lo0=-8.43 du0=-4.8354 pin0=0.086 a0=[-0.005 -3.807 -0.000 -0.000 -1.110]
INFO  [mc_indi_tiltrotor] WRdbg1 Wu1=1 lo1=-7.44 du1=-4.4547 pin1=0.113 a1=[0.004 -3.536 0.000 -0.000 -1.036]
INFO  [mc_indi_tiltrotor] T0dbg1 G0=[-0.205 0.186 -0.156 0.774 -0.633] nu_des=[0.01 1.16 -0.24 -6.08 2.51]
INFO  [mc_indi_tiltrotor] T0dbg2 Ws34=[0.1 20.0] Wu0=1.0 du0=-0.3385 dmin0=-4.2516 dmax0=36.0000
INFO  [mc_indi_tiltrotor] T2dbg1 G2=[-0.001 -0.651 0.060 0.011 -1.000] G5=[-1.246 -1.303 -0.014 20.765 0.232]
INFO  [mc_indi_tiltrotor] T2dbg2 Wu25=[1.0 1000000.0] du25=[-1.9771 -0.0112] dmax25=[24.2336 0.0120] nu_yaw=-0.245
INFO  [mc_indi_tiltrotor] WRdbg0 Wu0=1 lo0=-4.25 du0=-0.3385 pin0=0.073 a0=[-0.022 0.955 0.000 -0.000 -1.345]
INFO  [mc_indi_tiltrotor] WRdbg1 Wu1=1 lo1=-3.62 du1=-0.3540 pin1=-0.004 a1=[0.020 0.885 -0.000 -0.000 -1.255]
INFO  [mc_indi_tiltrotor] YWdbg nu2=-0.026 ach2=0.206 r=0.01 wsp2=-0.34 ddelta=[0.0120 0.0120 0.0120]
INFO  [mc_indi_tiltrotor] T0dbg1 G0=[-0.204 0.185 -0.156 0.776 -0.630] nu_des=[0.00 5.10 -0.26 -11.77 3.04]
INFO  [mc_indi_tiltrotor] T0dbg2 Ws34=[0.1 20.0] Wu0=1.0 du0=2.4923 dmin0=-8.2531 dmax0=36.0000
INFO  [mc_indi_tiltrotor] T2dbg1 G2=[-0.001 -0.651 0.060 0.010 -1.000] G5=[-0.950 -1.010 -0.009 15.831 0.152]
INFO  [mc_indi_tiltrotor] T2dbg2 Wu25=[1.0 1000000.0] du25=[-6.3747 -0.0096] dmax25=[29.1686 0.0120] nu_yaw=-0.258
INFO  [mc_indi_tiltrotor] WRdbg0 Wu0=1 lo0=-8.25 du0=2.4923 pin0=-0.089 a0=[-0.008 4.222 0.000 -0.000 -1.633]
INFO  [mc_indi_tiltrotor] WRdbg1 Wu1=1 lo1=-7.36 du1=2.2958 pin1=-0.108 a1=[0.007 3.922 -0.000 -0.000 -1.525]
INFO  [mc_indi_tiltrotor] T0dbg1 G0=[-0.203 0.185 -0.157 0.780 -0.626] nu_des=[-0.01 -4.79 0.00 -11.96 2.22]
INFO  [mc_indi_tiltrotor] T0dbg2 Ws34=[0.1 20.0] Wu0=1.0 du0=-5.0848 dmin0=-8.3745 dmax0=36.0000
INFO  [mc_indi_tiltrotor] T2dbg1 G2=[-0.001 -0.651 0.060 0.009 -1.000] G5=[-0.891 -0.952 -0.008 14.854 0.135]
INFO  [mc_indi_tiltrotor] T2dbg2 Wu25=[1.0 1000000.0] du25=[4.4341 0.0120] dmax25=[30.1451 0.0120] nu_yaw=0.004
INFO  [mc_indi_tiltrotor] WRdbg0 Wu0=1 lo0=-8.37 du0=-5.0848 pin0=0.089 a0=[0.016 -3.991 -0.000 -0.000 -1.199]
INFO  [mc_indi_tiltrotor] WRdbg1 Wu1=1 lo1=-7.43 du1=-4.7292 pin1=0.115 a1=[-0.015 -3.709 0.000 -0.000 -1.120]
INFO  [mc_indi_tiltrotor] YWdbg nu2=-0.348 ach2=-0.378 r=0.01 wsp2=-0.36 ddelta=[-0.0120 -0.0120 -0.0106]
INFO  [mc_indi_tiltrotor] T0dbg1 G0=[-0.202 0.184 -0.159 0.784 -0.621] nu_des=[-0.00 0.93 -0.25 -6.21 2.68]
INFO  [mc_indi_tiltrotor] T0dbg2 Ws34=[0.1 20.0] Wu0=1.0 du0=-0.5920 dmin0=-4.2585 dmax0=36.0000
INFO  [mc_indi_tiltrotor] T2dbg1 G2=[-0.001 -0.651 0.060 0.011 -1.000] G5=[-1.233 -1.287 -0.014 20.546 0.232]
INFO  [mc_indi_tiltrotor] T2dbg2 Wu25=[1.0 1000000.0] du25=[-1.7882 -0.0113] dmax25=[24.4527 0.0120] nu_yaw=-0.254
INFO  [mc_indi_tiltrotor] WRdbg0 Wu0=1 lo0=-4.26 du0=-0.5920 pin0=0.076 a0=[0.012 0.781 0.000 -0.000 -1.460]
INFO  [mc_indi_tiltrotor] WRdbg1 Wu1=1 lo1=-3.67 du1=-0.6537 pin1=-0.003 a1=[-0.011 0.725 -0.000 -0.000 -1.364]
INFO  [mc_indi_tiltrotor] T0dbg1 G0=[-0.202 0.183 -0.159 0.786 -0.618] nu_des=[-0.01 5.11 -0.28 -11.90 3.13]
INFO  [mc_indi_tiltrotor] T0dbg2 Ws34=[0.1 20.0] Wu0=1.0 du0=2.5349 dmin0=-8.2222 dmax0=36.0000
INFO  [mc_indi_tiltrotor] T2dbg1 G2=[-0.001 -0.651 0.060 0.009 -1.000] G5=[-0.943 -1.004 -0.009 15.723 0.149]
INFO  [mc_indi_tiltrotor] T2dbg2 Wu25=[1.0 1000000.0] du25=[-6.4050 -0.0095] dmax25=[29.2760 0.0120] nu_yaw=-0.280
INFO  [mc_indi_tiltrotor] WRdbg0 Wu0=1 lo0=-8.22 du0=2.5349 pin0=-0.092 a0=[0.031 4.307 0.000 -0.000 -1.710]
INFO  [mc_indi_tiltrotor] WRdbg1 Wu1=1 lo1=-7.31 du1=2.2668 pin1=-0.111 a1=[-0.028 4.004 -0.000 -0.000 -1.598]
INFO  [mc_indi_tiltrotor] YWdbg nu2=0.012 ach2=0.432 r=0.01 wsp2=-0.37 ddelta=[0.0120 0.0120 0.0120]
INFO  [mc_indi_tiltrotor] T0dbg1 G0=[-0.201 0.182 -0.161 0.789 -0.614] nu_des=[0.01 -4.61 0.00 -12.88 2.09]
INFO  [mc_indi_tiltrotor] T0dbg2 Ws34=[0.1 20.0] Wu0=1.0 du0=-4.9729 dmin0=-8.8874 dmax0=36.0000
INFO  [mc_indi_tiltrotor] T2dbg1 G2=[-0.001 -0.651 0.060 0.009 -1.000] G5=[-0.831 -0.886 -0.008 13.849 0.128]
INFO  [mc_indi_tiltrotor] T2dbg2 Wu25=[1.0 1000000.0] du25=[4.2660 0.0120] dmax25=[31.1504 0.0120] nu_yaw=0.002
INFO  [mc_indi_tiltrotor] WRdbg0 Wu0=1 lo0=-8.89 du0=-4.9729 pin0=0.100 a0=[-0.017 -3.909 -0.000 -0.000 -1.148]
INFO  [mc_indi_tiltrotor] WRdbg1 Wu1=1 lo1=-7.88 du1=-4.5719 pin1=0.122 a1=[0.015 -3.636 0.000 -0.000 -1.073]
INFO  [mc_indi_tiltrotor] T0dbg1 G0=[-0.202 0.184 -0.159 0.784 -0.620] nu_des=[-0.01 -1.96 -0.15 -6.35 2.06]
INFO  [mc_indi_tiltrotor] T0dbg2 Ws34=[0.1 20.0] Wu0=1.0 du0=-2.7626 dmin0=-4.3448 dmax0=36.0000
INFO  [mc_indi_tiltrotor] T2dbg1 G2=[-0.001 -0.651 0.060 0.010 -1.000] G5=[-0.982 -1.040 -0.010 16.364 0.163]
INFO  [mc_indi_tiltrotor] T2dbg2 Wu25=[1.0 1000000.0] du25=[1.4365 0.0120] dmax25=[28.6354 0.0120] nu_yaw=-0.146
INFO  [mc_indi_tiltrotor] WRdbg0 Wu0=1 lo0=-4.34 du0=-2.7626 pin0=-0.020 a0=[0.031 -1.648 0.000 -0.000 -1.125]
INFO  [mc_indi_tiltrotor] WRdbg1 Wu1=1 lo1=-3.79 du1=-2.5701 pin1=0.073 a1=[-0.029 -1.550 -0.000 -0.000 -1.064]
INFO  [mc_indi_tiltrotor] YWdbg nu2=-0.302 ach2=-0.227 r=0.01 wsp2=-0.39 ddelta=[-0.0120 -0.0120 -0.0101]
INFO  [mc_indi_tiltrotor] T0dbg1 G0=[-0.205 0.186 -0.156 0.775 -0.632] nu_des=[0.01 1.44 -0.28 -4.52 1.35]
INFO  [mc_indi_tiltrotor] T0dbg2 Ws34=[0.1 20.0] Wu0=1.0 du0=0.4257 dmin0=-3.1160 dmax0=36.0000
INFO  [mc_indi_tiltrotor] T2dbg1 G2=[-0.001 -0.651 0.060 0.011 -1.000] G5=[-1.004 -1.055 -0.011 16.735 0.179]
INFO  [mc_indi_tiltrotor] T2dbg2 Wu25=[1.0 1000000.0] du25=[-1.9407 -0.0107] dmax25=[28.2640 0.0120] nu_yaw=-0.281
INFO  [mc_indi_tiltrotor] WRdbg0 Wu0=1 lo0=-3.12 du0=0.4257 pin0=-0.023 a0=[-0.020 1.196 0.000 -0.000 -0.727]
INFO  [mc_indi_tiltrotor] WRdbg1 Wu1=1 lo1=-2.62 du1=0.3965 pin1=-0.066 a1=[0.019 1.142 -0.000 -0.000 -0.698]
INFO  [mc_indi_tiltrotor] T0dbg1 G0=[-0.207 0.188 -0.152 0.765 -0.645] nu_des=[0.01 3.57 -0.29 -7.31 1.29]
INFO  [mc_indi_tiltrotor] T0dbg2 Ws34=[0.1 20.0] Wu0=1.0 du0=2.1839 dmin0=-5.0486 dmax0=36.0000
INFO  [mc_indi_tiltrotor] T2dbg1 G2=[-0.001 -0.651 0.060 0.010 -1.000] G5=[-0.996 -1.052 -0.010 16.596 0.168]
INFO  [mc_indi_tiltrotor] T2dbg2 Wu25=[1.0 1000000.0] du25=[-4.2029 -0.0101] dmax25=[28.4034 0.0120] nu_yaw=-0.295
INFO  [mc_indi_tiltrotor] WRdbg0 Wu0=1 lo0=-5.05 du0=2.1839 pin0=-0.046 a0=[-0.015 2.930 0.000 -0.000 -0.685]
INFO  [mc_indi_tiltrotor] WRdbg1 Wu1=1 lo1=-4.45 du1=2.1000 pin1=-0.085 a1=[0.014 2.838 -0.000 -0.000 -0.667]
INFO  [mc_indi_tiltrotor] YWdbg nu2=-0.308 ach2=-0.318 r=0.03 wsp2=-0.42 ddelta=[-0.0120 -0.0120 -0.0098]
INFO  [mc_indi_tiltrotor] T0dbg1 G0=[-0.210 0.190 -0.148 0.752 -0.659] nu_des=[-0.00 4.06 -0.30 -9.13 1.74]
INFO  [mc_indi_tiltrotor] T0dbg2 Ws34=[0.1 20.0] Wu0=1.0 du0=2.3109 dmin0=-6.2715 dmax0=36.0000
INFO  [mc_indi_tiltrotor] T2dbg1 G2=[-0.001 -0.651 0.060 0.010 -1.000] G5=[-0.959 -1.018 -0.009 15.985 0.156]
INFO  [mc_indi_tiltrotor] T2dbg2 Wu25=[1.0 1000000.0] du25=[-4.8621 -0.0098] dmax25=[29.0143 0.0120] nu_yaw=-0.301
INFO  [mc_indi_tiltrotor] WRdbg0 Wu0=1 lo0=-6.27 du0=2.3109 pin0=-0.060 a0=[0.011 3.271 0.000 -0.000 -0.911]
INFO  [mc_indi_tiltrotor] WRdbg1 Wu1=1 lo1=-5.74 du1=2.2094 pin1=-0.098 a1=[-0.011 3.220 -0.000 -0.000 -0.902]
INFO  [mc_indi_tiltrotor] T0dbg1 G0=[-0.213 0.192 -0.145 0.740 -0.672] nu_des=[-0.00 0.38 -0.18 -9.48 0.71]
INFO  [mc_indi_tiltrotor] T0dbg2 Ws34=[0.1 20.0] Wu0=1.0 du0=-0.0492 dmin0=-6.6162 dmax0=36.0000
INFO  [mc_indi_tiltrotor] T2dbg1 G2=[-0.000 -0.651 0.060 0.008 -1.000] G5=[-0.849 -0.916 -0.007 14.143 0.114]
INFO  [mc_indi_tiltrotor] T2dbg2 Wu25=[1.0 1000000.0] du25=[-0.6182 -0.0081] dmax25=[30.8566 0.0120] nu_yaw=-0.180
INFO  [mc_indi_tiltrotor] WRdbg0 Wu0=1 lo0=-6.62 du0=-0.0492 pin0=0.005 a0=[0.010 0.300 0.000 -0.000 -0.365]
INFO  [mc_indi_tiltrotor] WRdbg1 Wu1=1 lo1=-6.06 du1=-0.1559 pin1=-0.080 a1=[-0.010 0.298 -0.000 -0.000 -0.364]
INFO  [mc_indi_tiltrotor] YWdbg nu2=-0.197 ach2=-0.003 r=-0.00 wsp2=-0.45 ddelta=[-0.0119 -0.0120 -0.0049]
INFO  [mc_indi_tiltrotor] T0dbg1 G0=[-0.214 0.194 -0.142 0.733 -0.680] nu_des=[0.00 0.05 -0.25 -5.40 -0.01]
INFO  [mc_indi_tiltrotor] T0dbg2 Ws34=[0.1 20.0] Wu0=1.0 du0=0.0302 dmin0=-3.9541 dmax0=36.0000
INFO  [mc_indi_tiltrotor] T2dbg1 G2=[-0.000 -0.650 0.060 0.000 -1.000] G5=[-0.838 -0.974 -0.000 13.967 0.006]
INFO  [mc_indi_tiltrotor] T2dbg2 Wu25=[1.0 1000000.0] du25=[-0.0521 -0.0004] dmax25=[31.0332 0.0120] nu_yaw=-0.250
INFO  [mc_indi_tiltrotor] WRdbg0 Wu0=1 lo0=-3.95 du0=0.0302 pin0=-0.008 a0=[-0.007 0.038 0.000 -0.000 0.007]
INFO  [mc_indi_tiltrotor] WRdbg1 Wu1=1 lo1=-3.49 du1=0.0179 pin1=-0.033 a1=[0.007 0.038 -0.000 -0.000 0.007]
INFO  [mc_indi_tiltrotor] T0dbg1 G0=[-0.217 0.196 -0.138 0.718 -0.696] nu_des=[0.01 0.00 -0.21 -7.42 -0.12]
INFO  [mc_indi_tiltrotor] T0dbg2 Ws34=[0.1 20.0] Wu0=1.0 du0=0.0078 dmin0=-5.5813 dmax0=36.0000
INFO  [mc_indi_tiltrotor] T2dbg1 G2=[-0.000 -0.650 0.060 0.000 -1.000] G5=[-0.919 -1.071 -0.000 15.321 0.002]
INFO  [mc_indi_tiltrotor] T2dbg2 Wu25=[1.0 1000000.0] du25=[0.0264 -0.0001] dmax25=[29.6786 0.0120] nu_yaw=-0.211
INFO  [mc_indi_tiltrotor] WRdbg0 Wu0=1 lo0=-5.58 du0=0.0078 pin0=-0.030 a0=[-0.023 0.001 0.000 -0.000 0.060]
INFO  [mc_indi_tiltrotor] WRdbg1 Wu1=1 lo1=-4.96 du1=0.0361 pin1=-0.046 a1=[0.022 0.001 -0.000 -0.000 0.058]
INFO  [mc_indi_tiltrotor] YWdbg nu2=-0.220 ach2=-0.008 r=0.01 wsp2=-0.48 ddelta=[-0.0022 -0.0120 -0.0000]
INFO  [mc_indi_tiltrotor] T0dbg1 G0=[-0.219 0.198 -0.134 0.707 -0.707] nu_des=[0.01 0.05 -0.23 -9.41 -0.04]
INFO  [mc_indi_tiltrotor] T0dbg2 Ws34=[0.1 20.0] Wu0=1.0 du0=0.0171 dmin0=-7.2402 dmax0=36.0000
INFO  [mc_indi_tiltrotor] T2dbg1 G2=[-0.000 -0.650 0.060 0.000 -1.000] G5=[-0.994 -1.154 -0.000 16.561 0.008]
INFO  [mc_indi_tiltrotor] T2dbg2 Wu25=[1.0 1000000.0] du25=[-0.0464 -0.0005] dmax25=[28.4391 0.0120] nu_yaw=-0.226
INFO  [mc_indi_tiltrotor] WRdbg0 Wu0=1 lo0=-7.24 du0=0.0171 pin0=-0.021 a0=[-0.014 0.034 0.000 -0.000 0.017]
INFO  [mc_indi_tiltrotor] WRdbg1 Wu1=1 lo1=-6.50 du1=0.0089 pin1=-0.054 a1=[0.013 0.033 -0.000 -0.000 0.017]
INFO  [mc_indi_tiltrotor] T0dbg1 G0=[-0.221 0.200 -0.131 0.695 -0.719] nu_des=[-0.01 -0.33 -0.25 -9.41 0.01]
INFO  [mc_indi_tiltrotor] T0dbg2 Ws34=[0.1 20.0] Wu0=1.0 du0=-0.3237 dmin0=-7.4256 dmax0=36.0000
INFO  [mc_indi_tiltrotor] T2dbg1 G2=[-0.000 -0.650 0.060 0.000 -1.000] G5=[-0.999 -1.165 -0.000 16.648 0.000]
INFO  [mc_indi_tiltrotor] T2dbg2 Wu25=[1.0 1000000.0] du25=[0.3289 0.0120] dmax25=[28.3522 0.0120] nu_yaw=-0.248
INFO  [mc_indi_tiltrotor] WRdbg0 Wu0=1 lo0=-7.43 du0=-0.3237 pin0=-0.084 a0=[0.015 -0.248 0.000 -0.000 -0.007]
INFO  [mc_indi_tiltrotor] WRdbg1 Wu1=1 lo1=-6.76 du1=-0.2785 pin1=-0.022 a1=[-0.014 -0.236 -0.000 -0.000 -0.006]
INFO  [mc_indi_tiltrotor] YWdbg nu2=-0.255 ach2=-0.010 r=0.02 wsp2=-0.50 ddelta=[-0.0047 -0.0120 -0.0008]
INFO  [mc_indi_tiltrotor] T0dbg1 G0=[-0.224 0.202 -0.126 0.681 -0.732] nu_des=[0.00 0.10 -0.23 -8.91 -0.04]
INFO  [mc_indi_tiltrotor] T0dbg2 Ws34=[0.1 20.0] Wu0=1.0 du0=0.0576 dmin0=-7.3064 dmax0=36.0000
INFO  [mc_indi_tiltrotor] T2dbg1 G2=[-0.000 -0.650 0.060 0.000 -1.000] G5=[-1.015 -1.184 -0.000 16.923 0.001]
INFO  [mc_indi_tiltrotor] T2dbg2 Wu25=[1.0 1000000.0] du25=[-0.1095 -0.0001] dmax25=[28.0766 0.0120] nu_yaw=-0.234
INFO  [mc_indi_tiltrotor] WRdbg0 Wu0=1 lo0=-7.31 du0=0.0576 pin0=-0.034 a0=[-0.003 0.075 0.000 -0.000 0.020]
INFO  [mc_indi_tiltrotor] WRdbg1 Wu1=1 lo1=-6.58 du1=0.0461 pin1=-0.047 a1=[0.003 0.071 -0.000 -0.000 0.019]
INFO  [mc_indi_tiltrotor] T0dbg1 G0=[-0.226 0.204 -0.123 0.669 -0.743] nu_des=[0.00 0.07 -0.24 -9.05 -0.06]
INFO  [mc_indi_tiltrotor] T0dbg2 Ws34=[0.1 20.0] Wu0=1.0 du0=0.0480 dmin0=-7.7114 dmax0=36.0000
INFO  [mc_indi_tiltrotor] T2dbg1 G2=[-0.000 -0.650 0.060 0.000 -1.000] G5=[-1.040 -1.209 -0.000 17.335 0.007]
INFO  [mc_indi_tiltrotor] T2dbg2 Wu25=[1.0 1000000.0] du25=[-0.0608 -0.0004] dmax25=[27.6648 0.0120] nu_yaw=-0.236
INFO  [mc_indi_tiltrotor] WRdbg0 Wu0=1 lo0=-7.71 du0=0.0480 pin0=-0.019 a0=[-0.008 0.047 0.000 -0.000 0.028]
INFO  [mc_indi_tiltrotor] WRdbg1 Wu1=1 lo1=-6.89 du1=0.0351 pin1=-0.043 a1=[0.008 0.044 -0.000 -0.000 0.027]
INFO  [mc_indi_tiltrotor] YWdbg nu2=-0.225 ach2=0.014 r=0.01 wsp2=-0.50 ddelta=[-0.0109 -0.0120 -0.0002]
INFO  [mc_indi_tiltrotor] T0dbg1 G0=[-0.228 0.205 -0.119 0.656 -0.755] nu_des=[0.00 -0.58 -0.25 -8.79 0.28]
INFO  [mc_indi_tiltrotor] T0dbg2 Ws34=[0.1 20.0] Wu0=1.0 du0=-0.6169 dmin0=-7.6945 dmax0=36.0000
INFO  [mc_indi_tiltrotor] T2dbg1 G2=[-0.000 -0.650 0.060 0.001 -1.000] G5=[-1.075 -1.243 -0.001 17.917 0.017]
INFO  [mc_indi_tiltrotor] T2dbg2 Wu25=[1.0 1000000.0] du25=[0.5213 0.0120] dmax25=[27.0831 0.0120] nu_yaw=-0.253
INFO  [mc_indi_tiltrotor] WRdbg0 Wu0=1 lo0=-7.69 du0=-0.6169 pin0=-0.077 a0=[-0.000 -0.409 0.000 -0.000 -0.130]
INFO  [mc_indi_tiltrotor] WRdbg1 Wu1=1 lo1=-7.03 du1=-0.5136 pin1=-0.009 a1=[0.000 -0.383 -0.000 -0.000 -0.122]
INFO  [mc_indi_tiltrotor] T0dbg1 G0=[-0.230 0.207 -0.114 0.641 -0.767] nu_des=[0.00 -0.00 -0.23 -8.66 -0.04]
INFO  [mc_indi_tiltrotor] T0dbg2 Ws34=[0.1 20.0] Wu0=1.0 du0=-0.0113 dmin0=-7.9438 dmax0=36.0000
INFO  [mc_indi_tiltrotor] T2dbg1 G2=[-0.000 -0.650 0.060 0.000 -1.000] G5=[-1.043 -1.216 -0.000 17.381 0.001]
INFO  [mc_indi_tiltrotor] T2dbg2 Wu25=[1.0 1000000.0] du25=[0.0037 -0.0001] dmax25=[27.6186 0.0120] nu_yaw=-0.226
INFO  [mc_indi_tiltrotor] WRdbg0 Wu0=1 lo0=-7.94 du0=-0.0113 pin0=-0.026 a0=[-0.002 -0.001 0.000 -0.000 0.017]
INFO  [mc_indi_tiltrotor] WRdbg1 Wu1=1 lo1=-7.19 du1=-0.0199 pin1=-0.037 a1=[0.002 -0.001 -0.000 -0.000 0.016]
INFO  [mc_indi_tiltrotor] YWdbg nu2=-0.233 ach2=-0.017 r=-0.00 wsp2=-0.50 ddelta=[-0.0017 -0.0120 -0.0000]
INFO  [mc_indi_tiltrotor] T0dbg1 G0=[-0.232 0.209 -0.111 0.630 -0.777] nu_des=[0.01 -0.08 -0.21 -8.51 -0.01]
INFO  [mc_indi_tiltrotor] T0dbg2 Ws34=[0.1 20.0] Wu0=1.0 du0=-0.0876 dmin0=-8.1229 dmax0=36.0000
INFO  [mc_indi_tiltrotor] T2dbg1 G2=[-0.000 -0.650 0.060 0.000 -1.000] G5=[-1.034 -1.203 -0.000 17.233 0.004]
INFO  [mc_indi_tiltrotor] T2dbg2 Wu25=[1.0 1000000.0] du25=[0.0793 -0.0002] dmax25=[27.7672 0.0120] nu_yaw=-0.213
INFO  [mc_indi_tiltrotor] WRdbg0 Wu0=1 lo0=-8.12 du0=-0.0876 pin0=-0.016 a0=[-0.022 -0.053 0.000 -0.000 0.003]
INFO  [mc_indi_tiltrotor] WRdbg1 Wu1=1 lo1=-7.37 du1=-0.0586 pin1=-0.032 a1=[0.020 -0.049 -0.000 -0.000 0.003]
INFO  [mc_indi_tiltrotor] T0dbg1 G0=[-0.234 0.211 -0.106 0.614 -0.790] nu_des=[-0.00 0.09 -0.26 -8.26 0.00]
INFO  [mc_indi_tiltrotor] T0dbg2 Ws34=[0.1 20.0] Wu0=1.0 du0=0.0381 dmin0=-8.2163 dmax0=36.0000
INFO  [mc_indi_tiltrotor] T2dbg1 G2=[-0.000 -0.650 0.060 0.001 -1.000] G5=[-1.036 -1.199 -0.001 17.265 0.015]
INFO  [mc_indi_tiltrotor] T2dbg2 Wu25=[1.0 1000000.0] du25=[-0.1149 -0.0009] dmax25=[27.7354 0.0120] nu_yaw=-0.262
INFO  [mc_indi_tiltrotor] WRdbg0 Wu0=1 lo0=-8.22 du0=0.0381 pin0=-0.035 a0=[0.011 0.064 0.000 -0.000 -0.002]
INFO  [mc_indi_tiltrotor] WRdbg1 Wu1=1 lo1=-7.55 du1=0.0143 pin1=-0.034 a1=[-0.009 0.059 -0.000 -0.000 -0.001]
INFO  [mc_indi_tiltrotor] YWdbg nu2=-0.249 ach2=-0.025 r=0.01 wsp2=-0.50 ddelta=[-0.0030 -0.0120 -0.0004]
INFO  [mc_indi_tiltrotor] T0dbg1 G0=[-0.236 0.212 -0.102 0.601 -0.800] nu_des=[0.00 -0.01 -0.23 -8.07 0.00]
INFO  [mc_indi_tiltrotor] T0dbg2 Ws34=[0.1 20.0] Wu0=1.0 du0=-0.0305 dmin0=-8.4213 dmax0=36.0000
INFO  [mc_indi_tiltrotor] T2dbg1 G2=[-0.000 -0.650 0.060 0.000 -1.000] G5=[-1.029 -1.201 -0.000 17.156 0.001]
INFO  [mc_indi_tiltrotor] T2dbg2 Wu25=[1.0 1000000.0] du25=[0.0052 -0.0000] dmax25=[27.8437 0.0120] nu_yaw=-0.229
INFO  [mc_indi_tiltrotor] WRdbg0 Wu0=1 lo0=-8.42 du0=-0.0305 pin0=-0.021 a0=[-0.000 -0.009 0.000 -0.000 -0.000]
INFO  [mc_indi_tiltrotor] WRdbg1 Wu1=1 lo1=-7.76 du1=-0.0339 pin1=-0.026 a1=[0.000 -0.008 -0.000 -0.000 -0.000]
INFO  [mc_indi_tiltrotor] T0dbg1 G0=[-0.238 0.213 -0.098 0.588 -0.809] nu_des=[-0.00 0.25 -0.23 -7.74 0.05]
INFO  [mc_indi_tiltrotor] T0dbg2 Ws34=[0.1 20.0] Wu0=1.0 du0=0.0907 dmin0=-8.4724 dmax0=36.0000
INFO  [mc_indi_tiltrotor] T2dbg1 G2=[-0.000 -0.650 0.060 0.000 -1.000] G5=[-1.005 -1.170 -0.000 16.747 0.003]
INFO  [mc_indi_tiltrotor] T2dbg2 Wu25=[1.0 1000000.0] du25=[-0.3085 -0.0002] dmax25=[28.2526 0.0120] nu_yaw=-0.230
INFO  [mc_indi_tiltrotor] WRdbg0 Wu0=1 lo0=-8.47 du0=0.0907 pin0=-0.061 a0=[0.006 0.167 0.000 -0.000 -0.021]
INFO  [mc_indi_tiltrotor] WRdbg1 Wu1=1 lo1=-7.89 du1=0.1001 pin1=-0.030 a1=[-0.005 0.155 0.000 -0.000 -0.019]
INFO  [mc_indi_tiltrotor] YWdbg nu2=-0.236 ach2=-0.006 r=-0.00 wsp2=-0.50 ddelta=[-0.0065 -0.0120 -0.0004]
INFO  [mc_indi_tiltrotor] T0dbg1 G0=[-0.239 0.215 -0.094 0.571 -0.821] nu_des=[-0.01 0.11 -0.25 -7.23 0.01]
INFO  [mc_indi_tiltrotor] T0dbg2 Ws34=[0.1 20.0] Wu0=1.0 du0=0.0479 dmin0=-8.3510 dmax0=36.0000
INFO  [mc_indi_tiltrotor] T2dbg1 G2=[-0.000 -0.650 0.060 0.001 -1.000] G5=[-0.988 -1.145 -0.001 16.471 0.013]
INFO  [mc_indi_tiltrotor] T2dbg2 Wu25=[1.0 1000000.0] du25=[-0.1295 -0.0008] dmax25=[28.5294 0.0120] nu_yaw=-0.254
INFO  [mc_indi_tiltrotor] WRdbg0 Wu0=1 lo0=-8.35 du0=0.0479 pin0=-0.029 a0=[0.013 0.069 0.000 -0.000 -0.004]
INFO  [mc_indi_tiltrotor] WRdbg1 Wu1=1 lo1=-7.84 du1=0.0271 pin1=-0.022 a1=[-0.011 0.064 0.000 -0.000 -0.004]
INFO  [mc_indi_tiltrotor] T0dbg1 G0=[-0.241 0.216 -0.090 0.558 -0.830] nu_des=[-0.00 0.02 -0.24 -6.92 -0.02]
INFO  [mc_indi_tiltrotor] T0dbg2 Ws34=[0.1 20.0] Wu0=1.0 du0=0.0100 dmin0=-8.4588 dmax0=36.0000
INFO  [mc_indi_tiltrotor] T2dbg1 G2=[-0.000 -0.650 0.060 0.000 -1.000] G5=[-0.974 -1.134 -0.000 16.228 0.004]
INFO  [mc_indi_tiltrotor] T2dbg2 Wu25=[1.0 1000000.0] du25=[-0.0230 -0.0002] dmax25=[28.7715 0.0120] nu_yaw=-0.237
INFO  [mc_indi_tiltrotor] WRdbg0 Wu0=1 lo0=-8.46 du0=0.0100 pin0=-0.017 a0=[0.004 0.013 0.000 -0.000 0.010]
INFO  [mc_indi_tiltrotor] WRdbg1 Wu1=1 lo1=-8.02 du1=0.0031 pin1=-0.015 a1=[-0.004 0.012 0.000 -0.000 0.010]
INFO  [mc_indi_tiltrotor] YWdbg nu2=-0.231 ach2=-0.024 r=-0.01 wsp2=-0.50 ddelta=[-0.0012 -0.0120 -0.0001]
INFO  [mc_indi_tiltrotor] T0dbg1 G0=[-0.242 0.217 -0.086 0.543 -0.839] nu_des=[-0.01 -0.47 -0.22 -6.63 0.10]
INFO  [mc_indi_tiltrotor] T0dbg2 Ws34=[0.1 20.0] Wu0=1.0 du0=-0.3923 dmin0=-8.5999 dmax0=36.0000
INFO  [mc_indi_tiltrotor] T2dbg1 G2=[-0.000 -0.650 0.060 0.000 -1.000] G5=[-0.945 -1.100 -0.000 15.748 0.004]
INFO  [mc_indi_tiltrotor] T2dbg2 Wu25=[1.0 1000000.0] du25=[0.4690 0.0120] dmax25=[29.2521 0.0120] nu_yaw=-0.218
INFO  [mc_indi_tiltrotor] WRdbg0 Wu0=1 lo0=-8.60 du0=-0.3923 pin0=-0.067 a0=[0.014 -0.299 0.000 -0.000 -0.041]
INFO  [mc_indi_tiltrotor] WRdbg1 Wu1=1 lo1=-8.33 du1=-0.3210 pin1=0.012 a1=[-0.013 -0.282 0.000 -0.000 -0.039]
INFO  [mc_indi_tiltrotor] T0dbg1 G0=[-0.244 0.219 -0.081 0.527 -0.850] nu_des=[-0.01 -0.05 -0.24 -6.17 -0.03]
INFO  [mc_indi_tiltrotor] T0dbg2 Ws34=[0.1 20.0] Wu0=1.0 du0=-0.0300 dmin0=-8.5816 dmax0=36.0000
INFO  [mc_indi_tiltrotor] T2dbg1 G2=[-0.000 -0.650 0.060 0.001 -1.000] G5=[-0.924 -1.071 -0.001 15.392 0.010]
INFO  [mc_indi_tiltrotor] T2dbg2 Wu25=[1.0 1000000.0] du25=[0.0524 -0.0007] dmax25=[29.6081 0.0120] nu_yaw=-0.236
INFO  [mc_indi_tiltrotor] WRdbg0 Wu0=1 lo0=-8.58 du0=-0.0300 pin0=-0.023 a0=[0.011 -0.030 0.000 -0.000 0.012]
INFO  [mc_indi_tiltrotor] WRdbg1 Wu1=1 lo1=-8.39 du1=-0.0366 pin1=-0.009 a1=[-0.010 -0.028 0.000 -0.000 0.011]
INFO  [mc_indi_tiltrotor] YWdbg nu2=-0.232 ach2=-0.012 r=-0.01 wsp2=-0.50 ddelta=[-0.0024 -0.0120 -0.0004]
INFO  [mc_indi_tiltrotor] T0dbg1 G0=[-0.245 0.220 -0.077 0.514 -0.858] nu_des=[-0.01 0.09 -0.24 -5.84 0.01]
INFO  [mc_indi_tiltrotor] T0dbg2 Ws34=[0.1 20.0] Wu0=1.0 du0=0.0551 dmin0=-8.7310 dmax0=36.0000
INFO  [mc_indi_tiltrotor] T2dbg1 G2=[-0.000 -0.650 0.060 0.000 -1.000] G5=[-0.911 -1.061 -0.000 15.180 0.003]
INFO  [mc_indi_tiltrotor] T2dbg2 Wu25=[1.0 1000000.0] du25=[-0.1131 -0.0002] dmax25=[29.8199 0.0120] nu_yaw=-0.239
INFO  [mc_indi_tiltrotor] WRdbg0 Wu0=1 lo0=-8.73 du0=0.0551 pin0=-0.015 a0=[0.019 0.056 0.000 -0.000 -0.005]
INFO  [mc_indi_tiltrotor] WRdbg1 Wu1=1 lo1=-8.67 du1=0.0294 pin1=-0.003 a1=[-0.017 0.054 0.000 -0.000 -0.005]
INFO  [mc_indi_tiltrotor] T0dbg1 G0=[-0.247 0.221 -0.072 0.497 -0.868] nu_des=[-0.02 0.18 -0.25 -5.51 0.05]
INFO  [mc_indi_tiltrotor] T0dbg2 Ws34=[0.1 20.0] Wu0=1.0 du0=0.0992 dmin0=-8.9418 dmax0=36.0000
INFO  [mc_indi_tiltrotor] T2dbg1 G2=[-0.000 -0.650 0.060 0.001 -1.000] G5=[-0.914 -1.057 -0.001 15.228 0.014]
INFO  [mc_indi_tiltrotor] T2dbg2 Wu25=[1.0 1000000.0] du25=[-0.2296 -0.0009] dmax25=[29.7715 0.0120] nu_yaw=-0.251
INFO  [mc_indi_tiltrotor] WRdbg0 Wu0=1 lo0=-8.94 du0=0.0992 pin0=-0.036 a0=[0.044 0.112 0.000 -0.000 -0.021]
INFO  [mc_indi_tiltrotor] WRdbg1 Wu1=1 lo1=-9.06 du1=0.0428 pin1=-0.005 a1=[-0.040 0.108 0.000 -0.000 -0.021]
INFO  [mc_indi_tiltrotor] YWdbg nu2=-0.228 ach2=-0.022 r=-0.02 wsp2=-0.50 ddelta=[-0.0050 -0.0120 -0.0006]
INFO  [mc_indi_tiltrotor] T0dbg1 G0=[-0.248 0.222 -0.068 0.482 -0.876] nu_des=[-0.00 0.05 -0.24 -5.18 -0.05]
INFO  [mc_indi_tiltrotor] T0dbg2 Ws34=[0.1 20.0] Wu0=1.0 du0=0.0342 dmin0=-9.2353 dmax0=35.7647
INFO  [mc_indi_tiltrotor] T2dbg1 G2=[-0.000 -0.650 0.060 0.001 -1.000] G5=[-0.897 -1.040 -0.001 14.958 0.010]
INFO  [mc_indi_tiltrotor] T2dbg2 Wu25=[1.0 1000000.0] du25=[-0.0516 -0.0007] dmax25=[30.0421 0.0120] nu_yaw=-0.238
INFO  [mc_indi_tiltrotor] WRdbg0 Wu0=1 lo0=-9.24 du0=0.0342 pin0=-0.021 a0=[0.005 0.030 0.000 -0.000 0.020]
INFO  [mc_indi_tiltrotor] WRdbg1 Wu1=1 lo1=-9.51 du1=0.0483 pin1=0.004 a1=[-0.005 0.029 0.000 -0.000 0.020]
INFO  [mc_indi_tiltrotor] T0dbg1 G0=[-0.249 0.222 -0.064 0.469 -0.883] nu_des=[-0.01 -0.06 -0.21 -4.83 0.03]
INFO  [mc_indi_tiltrotor] T0dbg2 Ws34=[0.1 20.0] Wu0=1.0 du0=-0.0493 dmin0=-9.5477 dmax0=35.4523
INFO  [mc_indi_tiltrotor] T2dbg1 G2=[-0.000 -0.650 0.060 0.000 -1.000] G5=[-0.876 -1.020 -0.000 14.604 0.004]
INFO  [mc_indi_tiltrotor] T2dbg2 Wu25=[1.0 1000000.0] du25=[0.0533 -0.0003] dmax25=[30.3964 0.0120] nu_yaw=-0.207
INFO  [mc_indi_tiltrotor] WRdbg0 Wu0=1 lo0=-9.55 du0=-0.0493 pin0=-0.015 a0=[0.015 -0.037 0.000 -0.000 -0.011]
INFO  [mc_indi_tiltrotor] WRdbg1 Wu1=1 lo1=-10.02 du1=-0.0495 pin1=0.012 a1=[-0.013 -0.037 0.000 -0.000 -0.011]
INFO  [mc_indi_tiltrotor] YWdbg nu2=-0.224 ach2=-0.053 r=-0.04 wsp2=-0.50 ddelta=[-0.0120 -0.0120 -0.0002]
INFO  [mc_indi_tiltrotor] T0dbg1 G0=[-0.250 0.223 -0.059 0.451 -0.893] nu_des=[-0.00 0.19 -0.27 -4.36 0.11]
INFO  [mc_indi_tiltrotor] T0dbg2 Ws34=[0.1 20.0] Wu0=1.0 du0=0.0513 dmin0=-9.5628 dmax0=35.4372
INFO  [mc_indi_tiltrotor] T2dbg1 G2=[-0.000 -0.650 0.060 0.001 -1.000] G5=[-0.858 -0.989 -0.001 14.296 0.019]
INFO  [mc_indi_tiltrotor] T2dbg2 Wu25=[1.0 1000000.0] du25=[-0.2504 -0.0013] dmax25=[30.7039 0.0120] nu_yaw=-0.267
INFO  [mc_indi_tiltrotor] WRdbg0 Wu0=1 lo0=-9.56 du0=0.0513 pin0=-0.026 a0=[0.007 0.114 0.000 -0.000 -0.043]
INFO  [mc_indi_tiltrotor] WRdbg1 Wu1=1 lo1=-10.19 du1=0.0586 pin1=-0.005 a1=[-0.006 0.114 0.000 -0.000 -0.044]
INFO  [mc_indi_tiltrotor] T0dbg1 G0=[-0.251 0.224 -0.055 0.435 -0.900] nu_des=[-0.00 0.02 -0.23 -4.24 -0.01]
INFO  [mc_indi_tiltrotor] T0dbg2 Ws34=[0.1 20.0] Wu0=1.0 du0=0.0104 dmin0=-9.7105 dmax0=35.2895
INFO  [mc_indi_tiltrotor] T2dbg1 G2=[-0.000 -0.650 0.060 0.001 -1.000] G5=[-0.817 -0.948 -0.000 13.622 0.008]
INFO  [mc_indi_tiltrotor] T2dbg2 Wu25=[1.0 1000000.0] du25=[-0.0225 -0.0006] dmax25=[31.3777 0.0120] nu_yaw=-0.232
INFO  [mc_indi_tiltrotor] WRdbg0 Wu0=1 lo0=-9.71 du0=0.0104 pin0=-0.007 a0=[0.003 0.012 0.000 -0.000 0.002]
INFO  [mc_indi_tiltrotor] WRdbg1 Wu1=1 lo1=-10.33 du1=0.0080 pin1=-0.003 a1=[-0.003 0.012 0.000 -0.000 0.002]
INFO  [mc_indi_tiltrotor] YWdbg nu2=-0.219 ach2=0.003 r=0.00 wsp2=-0.48 ddelta=[-0.0018 -0.0001 -0.0004]
INFO  [mc_indi_tiltrotor] T0dbg1 G0=[-0.252 0.225 -0.051 0.421 -0.907] nu_des=[-0.00 -0.03 -0.21 -4.27 0.09]
INFO  [mc_indi_tiltrotor] T0dbg2 Ws34=[0.1 20.0] Wu0=1.0 du0=-0.0818 dmin0=-10.1468 dmax0=34.8532
INFO  [mc_indi_tiltrotor] T2dbg1 G2=[-0.000 -0.650 0.060 0.000 -1.000] G5=[-0.788 -0.918 -0.000 13.132 0.002]
INFO  [mc_indi_tiltrotor] T2dbg2 Wu25=[1.0 1000000.0] du25=[-0.0041 -0.0002] dmax25=[31.8684 0.0120] nu_yaw=-0.213
INFO  [mc_indi_tiltrotor] WRdbg0 Wu0=1 lo0=-10.15 du0=-0.0818 pin0=-0.033 a0=[0.002 -0.015 0.000 -0.000 -0.036]
INFO  [mc_indi_tiltrotor] WRdbg1 Wu1=1 lo1=-10.83 du1=-0.0636 pin1=-0.010 a1=[-0.002 -0.015 0.000 -0.000 -0.036]
INFO  [mc_indi_tiltrotor] T0dbg1 G0=[-0.253 0.226 -0.046 0.403 -0.915] nu_des=[-0.01 0.00 -0.23 -4.07 -0.04]
INFO  [mc_indi_tiltrotor] T0dbg2 Ws34=[0.1 20.0] Wu0=1.0 du0=0.0202 dmin0=-10.0772 dmax0=34.9228
INFO  [mc_indi_tiltrotor] T2dbg1 G2=[-0.000 -0.650 0.060 0.001 -1.000] G5=[-0.785 -0.910 -0.001 13.084 0.009]
INFO  [mc_indi_tiltrotor] T2dbg2 Wu25=[1.0 1000000.0] du25=[0.0039 -0.0007] dmax25=[31.9157 0.0120] nu_yaw=-0.233
INFO  [mc_indi_tiltrotor] WRdbg0 Wu0=1 lo0=-10.08 du0=0.0202 pin0=-0.010 a0=[0.013 0.002 0.000 -0.000 0.015]
INFO  [mc_indi_tiltrotor] WRdbg1 Wu1=1 lo1=-10.72 du1=0.0001 pin1=-0.005 a1=[-0.012 0.002 0.000 -0.000 0.015]
INFO  [mc_indi_tiltrotor] YWdbg nu2=-0.225 ach2=0.006 r=-0.00 wsp2=-0.46 ddelta=[-0.0030 -0.0000 -0.0005]
INFO  [mc_indi_tiltrotor] T0dbg1 G0=[-0.254 0.226 -0.042 0.389 -0.921] nu_des=[-0.00 0.02 -0.22 -4.06 -0.03]
INFO  [mc_indi_tiltrotor] T0dbg2 Ws34=[0.1 20.0] Wu0=1.0 du0=0.0190 dmin0=-10.4263 dmax0=34.5737
INFO  [mc_indi_tiltrotor] T2dbg1 G2=[-0.000 -0.650 0.060 0.000 -1.000] G5=[-0.781 -0.908 -0.000 13.011 0.004]
INFO  [mc_indi_tiltrotor] T2dbg2 Wu25=[1.0 1000000.0] du25=[-0.0149 -0.0003] dmax25=[31.9895 0.0120] nu_yaw=-0.218
INFO  [mc_indi_tiltrotor] WRdbg0 Wu0=1 lo0=-10.43 du0=0.0190 pin0=-0.004 a0=[0.002 0.011 0.000 -0.000 0.010]
INFO  [mc_indi_tiltrotor] WRdbg1 Wu1=1 lo1=-11.10 du1=0.0164 pin1=-0.002 a1=[-0.002 0.011 0.000 -0.000 0.010]
INFO  [mc_indi_tiltrotor] T0dbg1 G0=[-0.254 0.227 -0.037 0.370 -0.929] nu_des=[0.00 0.05 -0.24 -4.00 0.06]
INFO  [mc_indi_tiltrotor] T0dbg2 Ws34=[0.1 20.0] Wu0=1.0 du0=-0.0100 dmin0=-10.7711 dmax0=34.2289
INFO  [mc_indi_tiltrotor] T2dbg1 G2=[-0.000 -0.650 0.060 0.001 -1.000] G5=[-0.782 -0.900 -0.001 13.027 0.018]
INFO  [mc_indi_tiltrotor] T2dbg2 Wu25=[1.0 1000000.0] du25=[-0.0779 -0.0014] dmax25=[31.9728 0.0120] nu_yaw=-0.243
INFO  [mc_indi_tiltrotor] WRdbg0 Wu0=1 lo0=-10.77 du0=-0.0100 pin0=-0.013 a0=[-0.006 0.031 0.000 -0.000 -0.022]
INFO  [mc_indi_tiltrotor] WRdbg1 Wu1=1 lo1=-11.49 du1=0.0065 pin1=-0.008 a1=[0.006 0.031 0.000 -0.000 -0.022]
INFO  [mc_indi_tiltrotor] YWdbg nu2=-0.236 ach2=0.015 r=-0.01 wsp2=-0.46 ddelta=[-0.0046 -0.0000 -0.0011]
INFO  [mc_indi_tiltrotor] T0dbg1 G0=[-0.255 0.227 -0.033 0.355 -0.935] nu_des=[0.00 0.01 -0.22 -3.91 -0.00]
INFO  [mc_indi_tiltrotor] T0dbg2 Ws34=[0.1 20.0] Wu0=1.0 du0=0.0009 dmin0=-10.9827 dmax0=34.0173
INFO  [mc_indi_tiltrotor] T2dbg1 G2=[-0.000 -0.650 0.060 0.001 -1.000] G5=[-0.777 -0.902 -0.000 12.947 0.007]
INFO  [mc_indi_tiltrotor] T2dbg2 Wu25=[1.0 1000000.0] du25=[-0.0121 -0.0005] dmax25=[32.0531 0.0120] nu_yaw=-0.221
INFO  [mc_indi_tiltrotor] WRdbg0 Wu0=1 lo0=-10.98 du0=0.0009 pin0=-0.005 a0=[-0.000 0.006 0.000 -0.000 0.001]
INFO  [mc_indi_tiltrotor] WRdbg1 Wu1=1 lo1=-11.67 du1=0.0036 pin1=-0.003 a1=[0.000 0.006 0.000 -0.000 0.001]
INFO  [mc_indi_tiltrotor] T0dbg1 G0=[-0.256 0.227 -0.029 0.340 -0.940] nu_des=[-0.00 0.20 -0.22 -3.76 0.00]
INFO  [mc_indi_tiltrotor] T0dbg2 Ws34=[0.1 20.0] Wu0=1.0 du0=0.0986 dmin0=-11.0524 dmax0=33.9476
INFO  [mc_indi_tiltrotor] T2dbg1 G2=[-0.000 -0.650 0.060 0.000 -1.000] G5=[-0.757 -0.882 -0.000 12.624 0.003]
INFO  [mc_indi_tiltrotor] T2dbg2 Wu25=[1.0 1000000.0] du25=[-0.2378 -0.0003] dmax25=[32.3756 0.0120] nu_yaw=-0.220
INFO  [mc_indi_tiltrotor] WRdbg0 Wu0=1 lo0=-11.05 du0=0.0986 pin0=-0.026 a0=[0.010 0.116 0.000 -0.000 -0.002]
INFO  [mc_indi_tiltrotor] WRdbg1 Wu1=1 lo1=-11.70 du1=0.0959 pin1=-0.012 a1=[-0.009 0.119 0.000 -0.000 -0.002]
INFO  [mc_indi_tiltrotor] YWdbg nu2=-0.224 ach2=0.065 r=-0.00 wsp2=-0.46 ddelta=[-0.0107 -0.0000 0.0089]
INFO  [mc_indi_tiltrotor] T0dbg1 G0=[-0.256 0.228 -0.023 0.321 -0.947] nu_des=[-0.00 -0.00 -0.24 -3.59 0.02]
INFO  [mc_indi_tiltrotor] T0dbg2 Ws34=[0.1 20.0] Wu0=1.0 du0=-0.0138 dmin0=-11.1516 dmax0=33.8484
INFO  [mc_indi_tiltrotor] T2dbg1 G2=[-0.000 -0.650 0.060 0.001 -1.000] G5=[-0.743 -0.856 -0.001 12.383 0.016]
INFO  [mc_indi_tiltrotor] T2dbg2 Wu25=[1.0 1000000.0] du25=[-0.0076 -0.0013] dmax25=[32.6168 0.0120] nu_yaw=-0.242
INFO  [mc_indi_tiltrotor] WRdbg0 Wu0=1 lo0=-11.15 du0=-0.0138 pin0=-0.009 a0=[0.003 -0.000 0.000 -0.000 -0.008]
INFO  [mc_indi_tiltrotor] WRdbg1 Wu1=1 lo1=-11.81 du1=-0.0191 pin1=-0.008 a1=[-0.003 -0.000 0.000 -0.000 -0.008]
INFO  [mc_indi_tiltrotor] T0dbg1 G0=[-0.256 0.228 -0.019 0.306 -0.952] nu_des=[0.00 0.00 -0.21 -3.48 -0.02]
INFO  [mc_indi_tiltrotor] T0dbg2 Ws34=[0.1 20.0] Wu0=1.0 du0=0.0013 dmin0=-11.3597 dmax0=33.6403
INFO  [mc_indi_tiltrotor] T2dbg1 G2=[-0.000 -0.650 0.060 0.000 -1.000] G5=[-0.740 -0.861 -0.000 12.334 0.004]
INFO  [mc_indi_tiltrotor] T2dbg2 Wu25=[1.0 1000000.0] du25=[-0.0008 -0.0003] dmax25=[32.6659 0.0120] nu_yaw=-0.213
INFO  [mc_indi_tiltrotor] WRdbg0 Wu0=1 lo0=-11.36 du0=0.0013 pin0=-0.003 a0=[-0.005 0.002 0.000 -0.000 0.007]
INFO  [mc_indi_tiltrotor] WRdbg1 Wu1=1 lo1=-11.98 du1=0.0123 pin1=-0.002 a1=[0.005 0.002 0.000 -0.000 0.007]
INFO  [mc_indi_tiltrotor] YWdbg nu2=-0.221 ach2=0.003 r=-0.00 wsp2=-0.46 ddelta=[-0.0016 -0.0000 -0.0003]
INFO  [mc_indi_tiltrotor] T0dbg1 G0=[-0.257 0.228 -0.015 0.288 -0.958] nu_des=[-0.00 0.11 -0.26 -3.31 0.10]
INFO  [mc_indi_tiltrotor] T0dbg2 Ws34=[0.1 20.0] Wu0=1.0 du0=0.0197 dmin0=-11.4267 dmax0=33.5733
INFO  [mc_indi_tiltrotor] T2dbg1 G2=[-0.000 -0.650 0.060 0.002 -1.000] G5=[-0.754 -0.864 -0.001 12.571 0.024]
INFO  [mc_indi_tiltrotor] T2dbg2 Wu25=[1.0 1000000.0] du25=[-0.1560 -0.0019] dmax25=[32.4288 0.0120] nu_yaw=-0.259
INFO  [mc_indi_tiltrotor] WRdbg0 Wu0=1 lo0=-11.43 du0=0.0197 pin0=-0.012 a0=[0.006 0.063 0.000 -0.000 -0.038]
INFO  [mc_indi_tiltrotor] WRdbg1 Wu1=1 lo1=-12.09 du1=0.0075 pin1=-0.012 a1=[-0.006 0.065 0.000 -0.000 -0.039]
INFO  [mc_indi_tiltrotor] T0dbg1 G0=[-0.257 0.228 -0.010 0.271 -0.963] nu_des=[0.00 0.00 -0.24 -3.17 -0.00]
INFO  [mc_indi_tiltrotor] T0dbg2 Ws34=[0.1 20.0] Wu0=1.0 du0=-0.0091 dmin0=-11.6793 dmax0=33.3207
INFO  [mc_indi_tiltrotor] T2dbg1 G2=[-0.000 -0.650 0.060 0.001 -1.000] G5=[-0.725 -0.840 -0.001 12.076 0.009]
INFO  [mc_indi_tiltrotor] T2dbg2 Wu25=[1.0 1000000.0] du25=[-0.0033 -0.0007] dmax25=[32.9238 0.0120] nu_yaw=-0.238
INFO  [mc_indi_tiltrotor] WRdbg0 Wu0=1 lo0=-11.68 du0=-0.0091 pin0=-0.004 a0=[-0.007 0.001 0.000 -0.000 0.000]
INFO  [mc_indi_tiltrotor] WRdbg1 Wu1=1 lo1=-12.30 du1=0.0035 pin1=-0.004 a1=[0.007 0.001 0.000 -0.000 0.000]
INFO  [mc_indi_tiltrotor] YWdbg nu2=-0.227 ach2=0.009 r=0.01 wsp2=-0.46 ddelta=[-0.0027 -0.0000 -0.0007]
INFO  [mc_indi_tiltrotor] T0dbg1 G0=[-0.257 0.228 -0.006 0.257 -0.967] nu_des=[0.01 0.01 -0.23 -3.08 -0.01]
INFO  [mc_indi_tiltrotor] T0dbg2 Ws34=[0.1 20.0] Wu0=1.0 du0=-0.0184 dmin0=-11.9705 dmax0=33.0295
INFO  [mc_indi_tiltrotor] T2dbg1 G2=[-0.000 -0.650 0.060 0.000 -1.000] G5=[-0.725 -0.843 -0.000 12.077 0.004]
INFO  [mc_indi_tiltrotor] T2dbg2 Wu25=[1.0 1000000.0] du25=[-0.0092 -0.0003] dmax25=[32.9229 0.0120] nu_yaw=-0.227
INFO  [mc_indi_tiltrotor] WRdbg0 Wu0=1 lo0=-11.97 du0=-0.0184 pin0=-0.001 a0=[-0.024 0.005 0.000 -0.000 0.002]
INFO  [mc_indi_tiltrotor] WRdbg1 Wu1=1 lo1=-12.57 du1=0.0291 pin1=-0.002 a1=[0.024 0.005 0.000 -0.000 0.002]
INFO  [mc_indi_tiltrotor] T0dbg1 G0=[-0.257 0.228 -0.001 0.236 -0.972] nu_des=[-0.01 -0.01 -0.25 -2.92 -0.05]
INFO  [mc_indi_tiltrotor] T0dbg2 Ws34=[0.1 20.0] Wu0=1.0 du0=0.0171 dmin0=-12.2867 dmax0=32.7133
INFO  [mc_indi_tiltrotor] T2dbg1 G2=[-0.000 -0.650 0.060 0.001 -1.000] G5=[-0.724 -0.835 -0.001 12.068 0.014]
INFO  [mc_indi_tiltrotor] T2dbg2 Wu25=[1.0 1000000.0] du25=[0.0264 -0.0012] dmax25=[32.9319 0.0120] nu_yaw=-0.248
INFO  [mc_indi_tiltrotor] WRdbg0 Wu0=1 lo0=-12.29 du0=0.0171 pin0=-0.004 a0=[0.012 -0.009 0.000 -0.000 0.017]
INFO  [mc_indi_tiltrotor] WRdbg1 Wu1=1 lo1=-12.85 du1=-0.0106 pin1=-0.007 a1=[-0.012 -0.009 0.000 -0.000 0.018]
INFO  [mc_indi_tiltrotor] YWdbg nu2=-0.251 ach2=0.017 r=0.02 wsp2=-0.48 ddelta=[-0.0049 -0.0000 -0.0012]
INFO  [mc_indi_tiltrotor] T0dbg1 G0=[-0.257 0.228 0.003 0.221 -0.975] nu_des=[-0.00 -0.01 -0.26 -2.81 -0.03]
INFO  [mc_indi_tiltrotor] T0dbg2 Ws34=[0.1 20.0] Wu0=1.0 du0=0.0054 dmin0=-12.7225 dmax0=32.2775
INFO  [mc_indi_tiltrotor] T2dbg1 G2=[-0.000 -0.650 0.060 0.001 -1.000] G5=[-0.738 -0.857 -0.000 12.300 0.007]
INFO  [mc_indi_tiltrotor] T2dbg2 Wu25=[1.0 1000000.0] du25=[0.0176 -0.0006] dmax25=[32.6997 0.0120] nu_yaw=-0.255
INFO  [mc_indi_tiltrotor] WRdbg0 Wu0=1 lo0=-12.72 du0=0.0054 pin0=-0.002 a0=[0.001 -0.006 0.000 -0.000 0.011]
INFO  [mc_indi_tiltrotor] WRdbg1 Wu1=1 lo1=-13.23 du1=0.0013 pin1=-0.004 a1=[-0.001 -0.006 0.000 -0.000 0.012]
INFO  [mc_indi_tiltrotor] YWdbg nu2=-0.253 ach2=0.068 r=0.02 wsp2=-0.50 ddelta=[-0.0107 -0.0000 0.0120]
INFO  [mc_indi_tiltrotor] T0dbg1 G0=[-0.257 0.228 0.008 0.204 -0.979] nu_des=[-0.01 -0.46 -0.25 -2.68 0.10]
INFO  [mc_indi_tiltrotor] T0dbg2 Ws34=[0.1 20.0] Wu0=1.0 du0=-0.3074 dmin0=-13.1094 dmax0=31.8906
INFO  [mc_indi_tiltrotor] T2dbg1 G2=[-0.000 -0.650 0.060 0.001 -1.000] G5=[-0.734 -0.850 -0.001 12.236 0.009]
INFO  [mc_indi_tiltrotor] T2dbg2 Wu25=[1.0 1000000.0] du25=[0.4836 0.0120] dmax25=[32.7642 0.0120] nu_yaw=-0.255
INFO  [mc_indi_tiltrotor] WRdbg0 Wu0=1 lo0=-13.11 du0=-0.3074 pin0=-0.019 a0=[0.010 -0.264 -0.000 -0.000 -0.035]
INFO  [mc_indi_tiltrotor] WRdbg1 Wu1=1 lo1=-13.60 du1=-0.3055 pin1=0.012 a1=[-0.010 -0.271 0.000 -0.000 -0.036]
INFO  [mc_indi_tiltrotor] T0dbg1 G0=[-0.257 0.227 0.013 0.185 -0.983] nu_des=[-0.01 -0.02 -0.26 -2.49 -0.01]
INFO  [mc_indi_tiltrotor] T0dbg2 Ws34=[0.1 20.0] Wu0=1.0 du0=0.0055 dmin0=-13.3490 dmax0=31.6510
INFO  [mc_indi_tiltrotor] T2dbg1 G2=[-0.000 -0.650 0.060 0.001 -1.000] G5=[-0.744 -0.858 -0.001 12.401 0.016]
INFO  [mc_indi_tiltrotor] T2dbg2 Wu25=[1.0 1000000.0] du25=[0.0221 -0.0013] dmax25=[32.5991 0.0120] nu_yaw=-0.261
INFO  [mc_indi_tiltrotor] WRdbg0 Wu0=1 lo0=-13.35 du0=0.0055 pin0=-0.001 a0=[0.014 -0.011 -0.000 -0.000 0.004]
INFO  [mc_indi_tiltrotor] WRdbg1 Wu1=1 lo1=-13.78 du1=-0.0302 pin1=-0.008 a1=[-0.014 -0.012 0.000 -0.000 0.004]
INFO  [mc_indi_tiltrotor] YWdbg nu2=-0.266 ach2=0.007 r=0.04 wsp2=-0.50 ddelta=[-0.0019 -0.0000 -0.0005]
INFO  [mc_indi_tiltrotor] T0dbg1 G0=[-0.257 0.227 0.017 0.169 -0.986] nu_des=[0.01 -0.00 -0.26 -2.30 0.01]
INFO  [mc_indi_tiltrotor] T0dbg2 Ws34=[0.1 20.0] Wu0=1.0 du0=-0.0241 dmin0=-13.5679 dmax0=31.4321
INFO  [mc_indi_tiltrotor] T2dbg1 G2=[-0.000 -0.650 0.060 0.000 -1.000] G5=[-0.745 -0.866 -0.000 12.420 0.005]
INFO  [mc_indi_tiltrotor] T2dbg2 Wu25=[1.0 1000000.0] du25=[0.0014 -0.0004] dmax25=[32.5797 0.0120] nu_yaw=-0.264
INFO  [mc_indi_tiltrotor] WRdbg0 Wu0=1 lo0=-13.57 du0=-0.0241 pin0=0.000 a0=[-0.019 -0.002 -0.000 -0.000 -0.003]
INFO  [mc_indi_tiltrotor] WRdbg1 Wu1=1 lo1=-13.92 du1=0.0104 pin1=-0.003 a1=[0.019 -0.002 0.000 -0.000 -0.003]
INFO  [mc_indi_tiltrotor] T0dbg1 G0=[-0.256 0.227 0.022 0.151 -0.989] nu_des=[0.00 0.09 -0.30 -2.07 0.20]
INFO  [mc_indi_tiltrotor] T0dbg2 Ws34=[0.1 20.0] Wu0=1.0 du0=-0.0290 dmin0=-13.5109 dmax0=31.4891
INFO  [mc_indi_tiltrotor] T2dbg1 G2=[-0.000 -0.650 0.060 0.002 -1.000] G5=[-0.762 -0.870 -0.002 12.694 0.029]
INFO  [mc_indi_tiltrotor] T2dbg2 Wu25=[1.0 1000000.0] du25=[-0.1577 -0.0023] dmax25=[32.3063 0.0120] nu_yaw=-0.299
INFO  [mc_indi_tiltrotor] WRdbg0 Wu0=1 lo0=-13.51 du0=-0.0290 pin0=0.002 a0=[-0.009 0.050 -0.000 -0.000 -0.073]
INFO  [mc_indi_tiltrotor] WRdbg1 Wu1=1 lo1=-13.82 du1=-0.0293 pin1=-0.015 a1=[0.009 0.051 0.000 -0.000 -0.075]
INFO  [mc_indi_tiltrotor] YWdbg nu2=-0.279 ach2=0.013 r=0.04 wsp2=-0.50 ddelta=[-0.0040 -0.0000 -0.0009]
INFO  [mc_indi_tiltrotor] T0dbg1 G0=[-0.256 0.226 0.026 0.133 -0.991] nu_des=[0.00 0.00 -0.27 -1.86 -0.03]
INFO  [mc_indi_tiltrotor] T0dbg2 Ws34=[0.1 20.0] Wu0=1.0 du0=0.0059 dmin0=-13.9426 dmax0=31.0574
INFO  [mc_indi_tiltrotor] T2dbg1 G2=[-0.000 -0.650 0.060 0.001 -1.000] G5=[-0.731 -0.847 -0.001 12.190 0.009]
INFO  [mc_indi_tiltrotor] T2dbg2 Wu25=[1.0 1000000.0] du25=[0.0053 -0.0008] dmax25=[32.8101 0.0120] nu_yaw=-0.271
INFO  [mc_indi_tiltrotor] WRdbg0 Wu0=1 lo0=-13.94 du0=0.0059 pin0=0.002 a0=[-0.007 0.000 -0.000 -0.000 0.012]
INFO  [mc_indi_tiltrotor] WRdbg1 Wu1=1 lo1=-14.22 du1=0.0138 pin1=-0.006 a1=[0.007 0.000 0.000 -0.000 0.012]
INFO  [mc_indi_tiltrotor] T0dbg1 G0=[-0.255 0.226 0.030 0.118 -0.993] nu_des=[0.00 0.01 -0.28 -1.69 -0.02]
INFO  [mc_indi_tiltrotor] T0dbg2 Ws34=[0.1 20.0] Wu0=1.0 du0=0.0054 dmin0=-14.3267 dmax0=30.6733
INFO  [mc_indi_tiltrotor] T2dbg1 G2=[-0.000 -0.650 0.060 0.000 -1.000] G5=[-0.737 -0.857 -0.000 12.288 0.005]
INFO  [mc_indi_tiltrotor] T2dbg2 Wu25=[1.0 1000000.0] du25=[-0.0072 -0.0004] dmax25=[32.7124 0.0120] nu_yaw=-0.282
INFO  [mc_indi_tiltrotor] WRdbg0 Wu0=1 lo0=-14.33 du0=0.0054 pin0=0.001 a0=[-0.008 0.005 -0.000 -0.000 0.007]
INFO  [mc_indi_tiltrotor] WRdbg1 Wu1=1 lo1=-14.51 du1=0.0189 pin1=-0.003 a1=[0.008 0.006 0.000 -0.000 0.007]
INFO  [mc_indi_tiltrotor] YWdbg nu2=-0.323 ach2=0.014 r=0.06 wsp2=-0.50 ddelta=[-0.0084 -0.0000 -0.0019]
INFO  [mc_indi_tiltrotor] T0dbg1 G0=[-0.255 0.225 0.035 0.098 -0.995] nu_des=[-0.00 0.16 -0.30 -1.47 0.13]
INFO  [mc_indi_tiltrotor] T0dbg2 Ws34=[0.1 20.0] Wu0=1.0 du0=0.0523 dmin0=-14.8386 dmax0=30.1614
INFO  [mc_indi_tiltrotor] T2dbg1 G2=[-0.000 -0.650 0.060 0.002 -1.000] G5=[-0.752 -0.865 -0.001 12.537 0.020]
INFO  [mc_indi_tiltrotor] T2dbg2 Wu25=[1.0 1000000.0] du25=[-0.2245 -0.0016] dmax25=[32.4631 0.0120] nu_yaw=-0.303
INFO  [mc_indi_tiltrotor] WRdbg0 Wu0=1 lo0=-14.84 du0=0.0523 pin0=0.007 a0=[0.000 0.093 -0.000 -0.000 -0.048]
INFO  [mc_indi_tiltrotor] WRdbg1 Wu1=1 lo1=-14.86 du1=0.0338 pin1=-0.012 a1=[-0.000 0.094 0.000 -0.000 -0.048]
INFO  [mc_indi_tiltrotor] T0dbg1 G0=[-0.254 0.224 0.038 0.088 -0.996] nu_des=[0.01 -0.00 -0.25 -1.34 -0.01]
INFO  [mc_indi_tiltrotor] T0dbg2 Ws34=[0.1 20.0] Wu0=1.0 du0=-0.0157 dmin0=-15.1377 dmax0=29.8623
INFO  [mc_indi_tiltrotor] T2dbg1 G2=[-0.000 -0.650 0.060 0.000 -1.000] G5=[-0.754 -0.879 -0.000 12.566 0.001]
INFO  [mc_indi_tiltrotor] T2dbg2 Wu25=[1.0 1000000.0] du25=[0.0040 -0.0001] dmax25=[32.4344 0.0120] nu_yaw=-0.255
INFO  [mc_indi_tiltrotor] WRdbg0 Wu0=1 lo0=-15.14 du0=-0.0157 pin0=0.001 a0=[-0.020 -0.001 -0.000 -0.000 0.004]
INFO  [mc_indi_tiltrotor] WRdbg1 Wu1=1 lo1=-15.19 du1=0.0213 pin1=-0.001 a1=[0.020 -0.001 0.000 -0.000 0.004]
INFO  [mc_indi_tiltrotor] YWdbg nu2=-0.245 ach2=0.001 r=0.02 wsp2=-0.50 ddelta=[-0.0000 -0.0000 -0.0000]
INFO  [mc_indi_tiltrotor] T0dbg1 G0=[-0.254 0.224 0.038 0.087 -0.996] nu_des=[0.01 0.00 -0.25 -1.35 -0.03]
INFO  [mc_indi_tiltrotor] T0dbg2 Ws34=[0.1 20.0] Wu0=1.0 du0=-0.0023 dmin0=-15.4562 dmax0=29.5438
INFO  [mc_indi_tiltrotor] T2dbg1 G2=[-0.000 -0.650 0.060 0.000 -1.000] G5=[-0.765 -0.893 -0.000 12.751 0.000]
INFO  [mc_indi_tiltrotor] T2dbg2 Wu25=[1.0 1000000.0] du25=[0.0055 -0.0000] dmax25=[32.2490 0.0120] nu_yaw=-0.249
INFO  [mc_indi_tiltrotor] WRdbg0 Wu0=1 lo0=-15.46 du0=-0.0023 pin0=0.000 a0=[-0.014 0.001 -0.000 -0.000 0.011]
INFO  [mc_indi_tiltrotor] WRdbg1 Wu1=1 lo1=-15.55 du1=0.0260 pin1=-0.000 a1=[0.014 0.001 0.000 -0.000 0.011]
INFO  [mc_indi_tiltrotor] T0dbg1 G0=[-0.254 0.224 0.038 0.087 -0.996] nu_des=[-0.01 0.00 -0.26 -1.37 0.01]
INFO  [mc_indi_tiltrotor] T0dbg2 Ws34=[0.1 20.0] Wu0=1.0 du0=0.0137 dmin0=-15.6884 dmax0=29.3116
INFO  [mc_indi_tiltrotor] T2dbg1 G2=[-0.000 -0.650 0.060 0.000 -1.000] G5=[-0.771 -0.900 -0.000 12.851 0.000]
INFO  [mc_indi_tiltrotor] T2dbg2 Wu25=[1.0 1000000.0] du25=[-0.0067 -0.0000] dmax25=[32.1495 0.0120] nu_yaw=-0.264
INFO  [mc_indi_tiltrotor] WRdbg0 Wu0=1 lo0=-15.69 du0=0.0137 pin0=0.000 a0=[0.015 0.002 -0.000 -0.000 -0.003]
INFO  [mc_indi_tiltrotor] WRdbg1 Wu1=1 lo1=-15.78 du1=-0.0159 pin1=-0.000 a1=[-0.015 0.002 0.000 -0.000 -0.003]
INFO  [mc_indi_tiltrotor] YWdbg nu2=-0.282 ach2=-0.001 r=0.04 wsp2=-0.50 ddelta=[-0.0000 -0.0000 -0.0000]
INFO  [mc_indi_tiltrotor] T0dbg1 G0=[-0.254 0.224 0.038 0.087 -0.996] nu_des=[0.00 0.02 -0.27 -1.38 0.00]
INFO  [mc_indi_tiltrotor] T0dbg2 Ws34=[0.1 20.0] Wu0=1.0 du0=0.0061 dmin0=-15.8616 dmax0=29.1384
INFO  [mc_indi_tiltrotor] T2dbg1 G2=[-0.000 -0.650 0.060 0.000 -1.000] G5=[-0.774 -0.903 -0.000 12.899 0.000]
INFO  [mc_indi_tiltrotor] T2dbg2 Wu25=[1.0 1000000.0] du25=[-0.0194 -0.0000] dmax25=[32.1008 0.0120] nu_yaw=-0.269
INFO  [mc_indi_tiltrotor] WRdbg0 Wu0=1 lo0=-15.86 du0=0.0061 pin0=0.000 a0=[-0.002 0.009 -0.000 -0.000 -0.001]
INFO  [mc_indi_tiltrotor] WRdbg1 Wu1=1 lo1=-15.95 du1=0.0107 pin1=-0.000 a1=[0.002 0.009 0.000 -0.000 -0.001]
INFO  [mc_indi_tiltrotor] T0dbg1 G0=[-0.254 0.224 0.038 0.087 -0.996] nu_des=[0.00 0.01 -0.27 -1.39 -0.01]
INFO  [mc_indi_tiltrotor] T0dbg2 Ws34=[0.1 20.0] Wu0=1.0 du0=0.0036 dmin0=-15.9553 dmax0=29.0447
INFO  [mc_indi_tiltrotor] T2dbg1 G2=[-0.000 -0.650 0.060 0.000 -1.000] G5=[-0.771 -0.900 -0.000 12.853 0.000]
INFO  [mc_indi_tiltrotor] T2dbg2 Wu25=[1.0 1000000.0] du25=[-0.0055 -0.0000] dmax25=[32.1474 0.0120] nu_yaw=-0.269
INFO  [mc_indi_tiltrotor] WRdbg0 Wu0=1 lo0=-15.96 du0=0.0036 pin0=0.000 a0=[-0.003 0.004 -0.000 -0.000 0.003]
INFO  [mc_indi_tiltrotor] WRdbg1 Wu1=1 lo1=-16.06 du1=0.0088 pin1=-0.000 a1=[0.003 0.004 0.000 -0.000 0.003]
INFO  [mc_indi_tiltrotor] YWdbg nu2=-0.253 ach2=0.000 r=0.03 wsp2=-0.50 ddelta=[-0.0000 -0.0000 -0.0000]
INFO  [mc_indi_tiltrotor] T0dbg1 G0=[-0.254 0.224 0.038 0.087 -0.996] nu_des=[-0.01 -0.01 -0.27 -1.40 0.01]
INFO  [mc_indi_tiltrotor] T0dbg2 Ws34=[0.1 20.0] Wu0=1.0 du0=0.0085 dmin0=-16.1098 dmax0=28.8902
INFO  [mc_indi_tiltrotor] T2dbg1 G2=[-0.000 -0.650 0.060 0.000 -1.000] G5=[-0.773 -0.901 -0.000 12.875 0.000]
INFO  [mc_indi_tiltrotor] T2dbg2 Wu25=[1.0 1000000.0] du25=[0.0072 -0.0000] dmax25=[32.1247 0.0120] nu_yaw=-0.269
INFO  [mc_indi_tiltrotor] WRdbg0 Wu0=1 lo0=-16.11 du0=0.0085 pin0=0.000 a0=[0.016 -0.005 -0.000 -0.000 -0.003]
INFO  [mc_indi_tiltrotor] WRdbg1 Wu1=1 lo1=-16.23 du1=-0.0233 pin1=-0.000 a1=[-0.016 -0.005 0.000 -0.000 -0.003]
INFO  [mc_indi_tiltrotor] T0dbg1 G0=[-0.254 0.224 0.038 0.087 -0.996] nu_des=[0.01 -0.00 -0.27 -1.42 -0.02]
INFO  [mc_indi_tiltrotor] T0dbg2 Ws34=[0.1 20.0] Wu0=1.0 du0=-0.0037 dmin0=-16.2769 dmax0=28.7231
INFO  [mc_indi_tiltrotor] T2dbg1 G2=[-0.000 -0.650 0.060 0.000 -1.000] G5=[-0.776 -0.906 -0.000 12.937 0.000]
INFO  [mc_indi_tiltrotor] T2dbg2 Wu25=[1.0 1000000.0] du25=[0.0055 -0.0000] dmax25=[32.0630 0.0120] nu_yaw=-0.272
INFO  [mc_indi_tiltrotor] WRdbg0 Wu0=1 lo0=-16.28 du0=-0.0037 pin0=0.000 a0=[-0.010 -0.000 -0.000 -0.000 0.007]
INFO  [mc_indi_tiltrotor] WRdbg1 Wu1=1 lo1=-16.40 du1=0.0167 pin1=-0.000 a1=[0.010 -0.000 0.000 -0.000 0.007]
INFO  [mc_indi_tiltrotor] YWdbg nu2=-0.267 ach2=0.000 r=0.04 wsp2=-0.50 ddelta=[-0.0000 -0.0000 -0.0000]
INFO  [mc_indi_tiltrotor] T0dbg1 G0=[-0.254 0.224 0.038 0.087 -0.996] nu_des=[-0.00 -0.00 -0.26 -1.44 0.00]
INFO  [mc_indi_tiltrotor] T0dbg2 Ws34=[0.1 20.0] Wu0=1.0 du0=0.0041 dmin0=-16.5225 dmax0=28.4775
INFO  [mc_indi_tiltrotor] T2dbg1 G2=[-0.000 -0.650 0.060 0.000 -1.000] G5=[-0.784 -0.915 -0.000 13.073 0.000]
INFO  [mc_indi_tiltrotor] T2dbg2 Wu25=[1.0 1000000.0] du25=[0.0027 0.0000] dmax25=[31.9271 0.0120] nu_yaw=-0.264
INFO  [mc_indi_tiltrotor] WRdbg0 Wu0=1 lo0=-16.52 du0=0.0041 pin0=0.000 a0=[0.007 -0.002 -0.000 -0.000 -0.001]
INFO  [mc_indi_tiltrotor] WRdbg1 Wu1=1 lo1=-16.63 du1=-0.0099 pin1=-0.000 a1=[-0.007 -0.002 0.000 -0.000 -0.001]
INFO  [mc_indi_tiltrotor] T0dbg1 G0=[-0.254 0.224 0.038 0.087 -0.996] nu_des=[0.00 0.01 -0.27 -1.45 0.01]
INFO  [mc_indi_tiltrotor] T0dbg2 Ws34=[0.1 20.0] Wu0=1.0 du0=-0.0028 dmin0=-16.6097 dmax0=28.3903
INFO  [mc_indi_tiltrotor] T2dbg1 G2=[-0.000 -0.650 0.060 0.000 -1.000] G5=[-0.785 -0.915 -0.000 13.076 0.000]
INFO  [mc_indi_tiltrotor] T2dbg2 Wu25=[1.0 1000000.0] du25=[-0.0093 -0.0000] dmax25=[31.9240 0.0120] nu_yaw=-0.270
INFO  [mc_indi_tiltrotor] WRdbg0 Wu0=1 lo0=-16.61 du0=-0.0028 pin0=0.000 a0=[-0.002 0.003 -0.000 -0.000 -0.004]
INFO  [mc_indi_tiltrotor] WRdbg1 Wu1=1 lo1=-16.70 du1=0.0009 pin1=-0.000 a1=[0.002 0.003 0.000 -0.000 -0.004]
INFO  [mc_indi_tiltrotor] YWdbg nu2=-0.262 ach2=0.002 r=0.03 wsp2=-0.50 ddelta=[-0.0000 -0.0000 0.0000]
INFO  [mc_indi_tiltrotor] T0dbg1 G0=[-0.254 0.224 0.038 0.087 -0.996] nu_des=[-0.00 0.01 -0.28 -1.45 0.01]
INFO  [mc_indi_tiltrotor] T0dbg2 Ws34=[0.1 20.0] Wu0=1.0 du0=0.0069 dmin0=-16.6933 dmax0=28.3067
INFO  [mc_indi_tiltrotor] T2dbg1 G2=[-0.000 -0.650 0.060 0.000 -1.000] G5=[-0.783 -0.914 -0.000 13.053 0.000]
INFO  [mc_indi_tiltrotor] T2dbg2 Wu25=[1.0 1000000.0] du25=[-0.0128 0.0000] dmax25=[31.9468 0.0120] nu_yaw=-0.275
INFO  [mc_indi_tiltrotor] WRdbg0 Wu0=1 lo0=-16.69 du0=0.0069 pin0=0.000 a0=[0.003 0.006 -0.000 -0.000 -0.002]
INFO  [mc_indi_tiltrotor] WRdbg1 Wu1=1 lo1=-16.76 du1=0.0003 pin1=-0.000 a1=[-0.003 0.006 0.000 -0.000 -0.002]
INFO  [mc_indi_tiltrotor] T0dbg1 G0=[-0.254 0.224 0.038 0.087 -0.996] nu_des=[-0.00 0.00 -0.28 -1.47 0.00]
INFO  [mc_indi_tiltrotor] T0dbg2 Ws34=[0.1 20.0] Wu0=1.0 du0=0.0106 dmin0=-16.8415 dmax0=28.1585
INFO  [mc_indi_tiltrotor] T2dbg1 G2=[-0.000 -0.650 0.060 0.000 -1.000] G5=[-0.788 -0.919 -0.000 13.131 0.000]
INFO  [mc_indi_tiltrotor] T2dbg2 Wu25=[1.0 1000000.0] du25=[-0.0052 0.0000] dmax25=[31.8691 0.0120] nu_yaw=-0.283
INFO  [mc_indi_tiltrotor] WRdbg0 Wu0=1 lo0=-16.84 du0=0.0106 pin0=0.000 a0=[0.008 0.003 -0.000 -0.000 -0.000]
INFO  [mc_indi_tiltrotor] WRdbg1 Wu1=1 lo1=-16.96 du1=-0.0058 pin1=-0.000 a1=[-0.008 0.003 0.000 -0.000 -0.000]
INFO  [mc_indi_tiltrotor] YWdbg nu2=-0.263 ach2=-0.001 r=0.03 wsp2=-0.50 ddelta=[-0.0000 -0.0000 -0.0000]
INFO  [mc_indi_tiltrotor] T0dbg1 G0=[-0.254 0.224 0.038 0.087 -0.996] nu_des=[0.00 -0.01 -0.28 -1.48 -0.03]
INFO  [mc_indi_tiltrotor] T0dbg2 Ws34=[0.1 20.0] Wu0=1.0 du0=0.0040 dmin0=-16.9351 dmax0=28.0649
INFO  [mc_indi_tiltrotor] T2dbg1 G2=[-0.000 -0.650 0.060 0.000 -1.000] G5=[-0.790 -0.922 -0.000 13.171 0.000]
INFO  [mc_indi_tiltrotor] T2dbg2 Wu25=[1.0 1000000.0] du25=[0.0137 0.0000] dmax25=[31.8294 0.0120] nu_yaw=-0.278
INFO  [mc_indi_tiltrotor] WRdbg0 Wu0=1 lo0=-16.94 du0=0.0040 pin0=0.000 a0=[-0.005 -0.003 -0.000 -0.000 0.012]
INFO  [mc_indi_tiltrotor] WRdbg1 Wu1=1 lo1=-17.06 du1=0.0135 pin1=-0.000 a1=[0.005 -0.003 0.000 -0.000 0.012]
INFO  [mc_indi_tiltrotor] T0dbg1 G0=[-0.254 0.224 0.038 0.087 -0.996] nu_des=[-0.00 0.01 -0.27 -1.48 0.02]
INFO  [mc_indi_tiltrotor] T0dbg2 Ws34=[0.1 20.0] Wu0=1.0 du0=-0.0050 dmin0=-17.0100 dmax0=27.9900
INFO  [mc_indi_tiltrotor] T2dbg1 G2=[-0.000 -0.650 0.060 0.000 -1.000] G5=[-0.793 -0.925 -0.000 13.209 0.000]
INFO  [mc_indi_tiltrotor] T2dbg2 Wu25=[1.0 1000000.0] du25=[-0.0121 0.0000] dmax25=[31.7907 0.0120] nu_yaw=-0.275
INFO  [mc_indi_tiltrotor] WRdbg0 Wu0=1 lo0=-17.01 du0=-0.0050 pin0=0.000 a0=[0.000 0.003 -0.000 -0.000 -0.008]
INFO  [mc_indi_tiltrotor] WRdbg1 Wu1=1 lo1=-17.11 du1=-0.0057 pin1=-0.000 a1=[-0.000 0.003 0.000 -0.000 -0.009]
INFO  [mc_indi_tiltrotor] YWdbg nu2=-0.268 ach2=-0.001 r=0.04 wsp2=-0.50 ddelta=[-0.0000 -0.0000 -0.0000]
INFO  [mc_indi_tiltrotor] T0dbg1 G0=[-0.254 0.224 0.038 0.087 -0.996] nu_des=[0.01 0.00 -0.27 -1.48 0.00]
INFO  [mc_indi_tiltrotor] T0dbg2 Ws34=[0.1 20.0] Wu0=1.0 du0=-0.0139 dmin0=-17.0377 dmax0=27.9623
INFO  [mc_indi_tiltrotor] T2dbg1 G2=[-0.000 -0.650 0.060 0.000 -1.000] G5=[-0.789 -0.921 -0.000 13.150 0.000]
INFO  [mc_indi_tiltrotor] T2dbg2 Wu25=[1.0 1000000.0] du25=[-0.0005 -0.0000] dmax25=[31.8495 0.0120] nu_yaw=-0.268
INFO  [mc_indi_tiltrotor] WRdbg0 Wu0=1 lo0=-17.04 du0=-0.0139 pin0=0.000 a0=[-0.014 0.000 -0.000 -0.000 -0.000]
INFO  [mc_indi_tiltrotor] WRdbg1 Wu1=1 lo1=-17.12 du1=0.0138 pin1=-0.000 a1=[0.014 0.000 0.000 -0.000 -0.000]
INFO  [mc_indi_tiltrotor] T0dbg1 G0=[-0.254 0.224 0.038 0.087 -0.996] nu_des=[-0.00 0.01 -0.27 -1.49 0.01]
INFO  [mc_indi_tiltrotor] T0dbg2 Ws34=[0.1 20.0] Wu0=1.0 du0=0.0034 dmin0=-17.0941 dmax0=27.9059
INFO  [mc_indi_tiltrotor] T2dbg1 G2=[-0.000 -0.650 0.060 0.000 -1.000] G5=[-0.791 -0.923 -0.000 13.180 0.000]
INFO  [mc_indi_tiltrotor] T2dbg2 Wu25=[1.0 1000000.0] du25=[-0.0125 -0.0000] dmax25=[31.8198 0.0120] nu_yaw=-0.267
INFO  [mc_indi_tiltrotor] WRdbg0 Wu0=1 lo0=-17.09 du0=0.0034 pin0=0.000 a0=[0.003 0.005 -0.000 -0.000 -0.005]
INFO  [mc_indi_tiltrotor] WRdbg1 Wu1=1 lo1=-17.21 du1=-0.0032 pin1=-0.000 a1=[-0.003 0.005 0.000 -0.000 -0.005]
INFO  [mc_indi_tiltrotor] YWdbg nu2=-0.271 ach2=-0.000 r=0.03 wsp2=-0.50 ddelta=[-0.0000 -0.0000 0.0000]
INFO  [mc_indi_tiltrotor] T0dbg1 G0=[-0.254 0.224 0.038 0.087 -0.996] nu_des=[0.00 -0.00 -0.26 -1.49 0.01]
INFO  [mc_indi_tiltrotor] T0dbg2 Ws34=[0.1 20.0] Wu0=1.0 du0=-0.0037 dmin0=-17.0407 dmax0=27.9593
INFO  [mc_indi_tiltrotor] T2dbg1 G2=[-0.000 -0.650 0.060 0.000 -1.000] G5=[-0.784 -0.914 -0.000 13.063 0.000]
INFO  [mc_indi_tiltrotor] T2dbg2 Wu25=[1.0 1000000.0] du25=[0.0014 0.0000] dmax25=[31.9371 0.0120] nu_yaw=-0.264
INFO  [mc_indi_tiltrotor] WRdbg0 Wu0=1 lo0=-17.04 du0=-0.0037 pin0=0.000 a0=[-0.000 -0.001 -0.000 -0.000 -0.002]
INFO  [mc_indi_tiltrotor] WRdbg1 Wu1=1 lo1=-17.15 du1=-0.0036 pin1=-0.000 a1=[0.000 -0.001 0.000 -0.000 -0.002]
INFO  [mc_indi_tiltrotor] T0dbg1 G0=[-0.254 0.224 0.038 0.087 -0.996] nu_des=[-0.01 0.00 -0.26 -1.49 0.00]
INFO  [mc_indi_tiltrotor] T0dbg2 Ws34=[0.1 20.0] Wu0=1.0 du0=0.0109 dmin0=-17.0921 dmax0=27.9079
INFO  [mc_indi_tiltrotor] T2dbg1 G2=[-0.000 -0.650 0.060 0.000 -1.000] G5=[-0.783 -0.914 -0.000 13.052 0.000]
INFO  [mc_indi_tiltrotor] T2dbg2 Wu25=[1.0 1000000.0] du25=[-0.0016 0.0000] dmax25=[31.9479 0.0120] nu_yaw=-0.260
INFO  [mc_indi_tiltrotor] WRdbg0 Wu0=1 lo0=-17.09 du0=0.0109 pin0=0.000 a0=[0.012 0.000 -0.000 -0.000 -0.001]
INFO  [mc_indi_tiltrotor] WRdbg1 Wu1=1 lo1=-17.21 du1=-0.0121 pin1=-0.000 a1=[-0.012 0.000 0.000 -0.000 -0.001]
INFO  [mc_indi_tiltrotor] YWdbg nu2=-0.266 ach2=0.000 r=0.03 wsp2=-0.50 ddelta=[-0.0000 -0.0000 0.0000]
INFO  [mc_indi_tiltrotor] T0dbg1 G0=[-0.254 0.224 0.038 0.087 -0.996] nu_des=[0.01 0.01 -0.27 -1.49 0.01]
INFO  [mc_indi_tiltrotor] T0dbg2 Ws34=[0.1 20.0] Wu0=1.0 du0=-0.0090 dmin0=-17.1129 dmax0=27.8871
INFO  [mc_indi_tiltrotor] T2dbg1 G2=[-0.000 -0.650 0.060 0.000 -1.000] G5=[-0.781 -0.911 -0.000 13.021 0.000]
INFO  [mc_indi_tiltrotor] T2dbg2 Wu25=[1.0 1000000.0] du25=[-0.0109 -0.0000] dmax25=[31.9786 0.0120] nu_yaw=-0.271
INFO  [mc_indi_tiltrotor] WRdbg0 Wu0=1 lo0=-17.11 du0=-0.0090 pin0=0.000 a0=[-0.011 0.005 -0.000 -0.000 -0.003]
INFO  [mc_indi_tiltrotor] WRdbg1 Wu1=1 lo1=-17.22 du1=0.0129 pin1=-0.000 a1=[0.011 0.005 0.000 -0.000 -0.003]
INFO  [mc_indi_tiltrotor] T0dbg1 G0=[-0.254 0.224 0.038 0.087 -0.996] nu_des=[0.00 0.01 -0.26 -1.49 0.01]
INFO  [mc_indi_tiltrotor] T0dbg2 Ws34=[0.1 20.0] Wu0=1.0 du0=-0.0010 dmin0=-17.0849 dmax0=27.9151
INFO  [mc_indi_tiltrotor] T2dbg1 G2=[-0.000 -0.650 0.060 0.000 -1.000] G5=[-0.778 -0.908 -0.000 12.968 0.000]
INFO  [mc_indi_tiltrotor] T2dbg2 Wu25=[1.0 1000000.0] du25=[-0.0134 -0.0000] dmax25=[32.0319 0.0120] nu_yaw=-0.260
INFO  [mc_indi_tiltrotor] WRdbg0 Wu0=1 lo0=-17.08 du0=-0.0010 pin0=0.000 a0=[-0.001 0.005 -0.000 -0.000 -0.005]
INFO  [mc_indi_tiltrotor] WRdbg1 Wu1=1 lo1=-17.20 du1=0.0011 pin1=-0.000 a1=[0.001 0.005 0.000 -0.000 -0.005]
INFO  [mc_indi_tiltrotor] YWdbg nu2=-0.275 ach2=0.000 r=0.03 wsp2=-0.50 ddelta=[-0.0000 -0.0000 0.0000]
INFO  [mc_indi_tiltrotor] T0dbg1 G0=[-0.254 0.224 0.038 0.087 -0.996] nu_des=[0.00 0.00 -0.28 -1.50 0.00]
INFO  [mc_indi_tiltrotor] T0dbg2 Ws34=[0.1 20.0] Wu0=1.0 du0=0.0019 dmin0=-17.1674 dmax0=27.8326
INFO  [mc_indi_tiltrotor] T2dbg1 G2=[-0.000 -0.650 0.060 0.000 -1.000] G5=[-0.779 -0.909 -0.000 12.984 0.000]
INFO  [mc_indi_tiltrotor] T2dbg2 Wu25=[1.0 1000000.0] du25=[-0.0057 0.0000] dmax25=[32.0163 0.0120] nu_yaw=-0.275
INFO  [mc_indi_tiltrotor] WRdbg0 Wu0=1 lo0=-17.17 du0=0.0019 pin0=0.000 a0=[-0.000 0.003 -0.000 -0.000 -0.001]
INFO  [mc_indi_tiltrotor] WRdbg1 Wu1=1 lo1=-17.28 du1=0.0020 pin1=-0.000 a1=[0.000 0.003 0.000 -0.000 -0.001]
INFO  [mc_indi_tiltrotor] T0dbg1 G0=[-0.254 0.224 0.038 0.087 -0.996] nu_des=[-0.00 -0.00 -0.27 -1.50 0.01]
INFO  [mc_indi_tiltrotor] T0dbg2 Ws34=[0.1 20.0] Wu0=1.0 du0=-0.0036 dmin0=-17.1873 dmax0=27.8127
INFO  [mc_indi_tiltrotor] T2dbg1 G2=[-0.000 -0.650 0.060 0.000 -1.000] G5=[-0.777 -0.906 -0.000 12.945 0.000]
INFO  [mc_indi_tiltrotor] T2dbg2 Wu25=[1.0 1000000.0] du25=[0.0026 0.0000] dmax25=[32.0554 0.0120] nu_yaw=-0.273
INFO  [mc_indi_tiltrotor] WRdbg0 Wu0=1 lo0=-17.19 du0=-0.0036 pin0=0.000 a0=[0.004 -0.003 -0.000 -0.000 -0.004]
INFO  [mc_indi_tiltrotor] WRdbg1 Wu1=1 lo1=-17.27 du1=-0.0110 pin1=-0.000 a1=[-0.004 -0.003 0.000 -0.000 -0.004]
INFO  [mc_indi_tiltrotor] YWdbg nu2=-0.263 ach2=-0.001 r=0.03 wsp2=-0.50 ddelta=[-0.0000 -0.0000 -0.0000]
INFO  [mc_indi_tiltrotor] T0dbg1 G0=[-0.254 0.224 0.038 0.087 -0.996] nu_des=[0.00 0.00 -0.27 -1.49 0.01]
INFO  [mc_indi_tiltrotor] T0dbg2 Ws34=[0.1 20.0] Wu0=1.0 du0=-0.0116 dmin0=-17.0591 dmax0=27.9409
INFO  [mc_indi_tiltrotor] T2dbg1 G2=[-0.000 -0.650 0.060 0.000 -1.000] G5=[-0.768 -0.896 -0.000 12.804 0.000]
INFO  [mc_indi_tiltrotor] T2dbg2 Wu25=[1.0 1000000.0] du25=[-0.0085 -0.0000] dmax25=[32.1959 0.0120] nu_yaw=-0.271
INFO  [mc_indi_tiltrotor] WRdbg0 Wu0=1 lo0=-17.06 du0=-0.0116 pin0=0.000 a0=[-0.010 0.003 -0.000 -0.000 -0.005]
INFO  [mc_indi_tiltrotor] WRdbg1 Wu1=1 lo1=-17.17 du1=0.0078 pin1=-0.000 a1=[0.010 0.003 0.000 -0.000 -0.005]
INFO  [mc_indi_tiltrotor] T0dbg1 G0=[-0.254 0.224 0.038 0.087 -0.996] nu_des=[-0.01 -0.01 -0.26 -1.48 -0.00]
INFO  [mc_indi_tiltrotor] T0dbg2 Ws34=[0.1 20.0] Wu0=1.0 du0=0.0119 dmin0=-17.0193 dmax0=27.9807
INFO  [mc_indi_tiltrotor] T2dbg1 G2=[-0.000 -0.650 0.060 0.000 -1.000] G5=[-0.761 -0.888 -0.000 12.687 0.000]
INFO  [mc_indi_tiltrotor] T2dbg2 Wu25=[1.0 1000000.0] du25=[0.0083 0.0000] dmax25=[32.3128 0.0120] nu_yaw=-0.259
INFO  [mc_indi_tiltrotor] WRdbg0 Wu0=1 lo0=-17.02 du0=0.0119 pin0=0.000 a0=[0.015 -0.004 -0.000 -0.000 0.001]
INFO  [mc_indi_tiltrotor] WRdbg1 Wu1=1 lo1=-17.14 du1=-0.0188 pin1=-0.000 a1=[-0.015 -0.004 0.000 -0.000 0.001]
INFO  [mc_indi_tiltrotor] YWdbg nu2=-0.262 ach2=0.001 r=0.03 wsp2=-0.50 ddelta=[-0.0000 -0.0000 0.0000]
INFO  [mc_indi_tiltrotor] T0dbg1 G0=[-0.254 0.224 0.038 0.087 -0.996] nu_des=[0.01 0.00 -0.27 -1.49 -0.01]
INFO  [mc_indi_tiltrotor] T0dbg2 Ws34=[0.1 20.0] Wu0=1.0 du0=-0.0053 dmin0=-17.1273 dmax0=27.8727
INFO  [mc_indi_tiltrotor] T2dbg1 G2=[-0.000 -0.650 0.060 0.000 -1.000] G5=[-0.764 -0.891 -0.000 12.728 0.000]
INFO  [mc_indi_tiltrotor] T2dbg2 Wu25=[1.0 1000000.0] du25=[-0.0038 -0.0000] dmax25=[32.2716 0.0120] nu_yaw=-0.266
INFO  [mc_indi_tiltrotor] WRdbg0 Wu0=1 lo0=-17.13 du0=-0.0053 pin0=0.000 a0=[-0.010 0.003 -0.000 -0.000 0.002]
INFO  [mc_indi_tiltrotor] WRdbg1 Wu1=1 lo1=-17.25 du1=0.0151 pin1=-0.000 a1=[0.010 0.003 0.000 -0.000 0.002]
INFO  [mc_indi_tiltrotor] T0dbg1 G0=[-0.254 0.224 0.038 0.087 -0.996] nu_des=[-0.00 0.00 -0.28 -1.49 0.01]
INFO  [mc_indi_tiltrotor] T0dbg2 Ws34=[0.1 20.0] Wu0=1.0 du0=0.0014 dmin0=-17.0790 dmax0=27.9210
INFO  [mc_indi_tiltrotor] T2dbg1 G2=[-0.000 -0.650 0.060 0.000 -1.000] G5=[-0.762 -0.889 -0.000 12.697 0.000]
INFO  [mc_indi_tiltrotor] T2dbg2 Wu25=[1.0 1000000.0] du25=[-0.0051 0.0000] dmax25=[32.3026 0.0120] nu_yaw=-0.280
INFO  [mc_indi_tiltrotor] WRdbg0 Wu0=1 lo0=-17.08 du0=0.0014 pin0=0.000 a0=[0.002 0.002 -0.000 -0.000 -0.002]
INFO  [mc_indi_tiltrotor] WRdbg1 Wu1=1 lo1=-17.24 du1=-0.0030 pin1=-0.000 a1=[-0.002 0.002 0.000 -0.000 -0.003]
INFO  [mc_indi_tiltrotor] YWdbg nu2=-0.275 ach2=0.001 r=0.04 wsp2=-0.50 ddelta=[-0.0000 -0.0000 0.0000]
INFO  [mc_indi_tiltrotor] T0dbg1 G0=[-0.254 0.224 0.038 0.087 -0.996] nu_des=[-0.00 0.00 -0.27 -1.49 0.01]
INFO  [mc_indi_tiltrotor] T0dbg2 Ws34=[0.1 20.0] Wu0=1.0 du0=0.0050 dmin0=-17.0599 dmax0=27.9401
INFO  [mc_indi_tiltrotor] T2dbg1 G2=[-0.000 -0.650 0.060 0.000 -1.000] G5=[-0.757 -0.883 -0.000 12.619 0.000]
INFO  [mc_indi_tiltrotor] T2dbg2 Wu25=[1.0 1000000.0] du25=[-0.0026 0.0000] dmax25=[32.3813 0.0120] nu_yaw=-0.270
INFO  [mc_indi_tiltrotor] WRdbg0 Wu0=1 lo0=-17.06 du0=0.0050 pin0=0.000 a0=[0.007 0.000 -0.000 -0.000 -0.002]
INFO  [mc_indi_tiltrotor] WRdbg1 Wu1=1 lo1=-17.17 du1=-0.0090 pin1=-0.000 a1=[-0.007 0.000 0.000 -0.000 -0.002]
INFO  [mc_indi_tiltrotor] T0dbg1 G0=[-0.254 0.224 0.038 0.087 -0.996] nu_des=[-0.01 -0.00 -0.27 -1.49 0.01]
INFO  [mc_indi_tiltrotor] T0dbg2 Ws34=[0.1 20.0] Wu0=1.0 du0=0.0114 dmin0=-17.0614 dmax0=27.9386
INFO  [mc_indi_tiltrotor] T2dbg1 G2=[-0.000 -0.650 0.060 0.000 -1.000] G5=[-0.753 -0.879 -0.000 12.554 0.000]
INFO  [mc_indi_tiltrotor] T2dbg2 Wu25=[1.0 1000000.0] du25=[-0.0000 0.0000] dmax25=[32.4456 0.0120] nu_yaw=-0.267
INFO  [mc_indi_tiltrotor] WRdbg0 Wu0=1 lo0=-17.06 du0=0.0114 pin0=0.000 a0=[0.014 -0.001 -0.000 -0.000 -0.002]
INFO  [mc_indi_tiltrotor] WRdbg1 Wu1=1 lo1=-17.18 du1=-0.0166 pin1=-0.000 a1=[-0.014 -0.001 0.000 -0.000 -0.002]
INFO  [mc_indi_tiltrotor] YWdbg nu2=-0.270 ach2=0.001 r=0.03 wsp2=-0.50 ddelta=[-0.0000 -0.0000 0.0000]
INFO  [mc_indi_tiltrotor] T0dbg1 G0=[-0.254 0.224 0.038 0.087 -0.996] nu_des=[-0.00 0.00 -0.26 -1.48 0.01]
INFO  [mc_indi_tiltrotor] T0dbg2 Ws34=[0.1 20.0] Wu0=1.0 du0=-0.0029 dmin0=-17.0356 dmax0=27.9644
INFO  [mc_indi_tiltrotor] T2dbg1 G2=[-0.000 -0.650 0.060 0.000 -1.000] G5=[-0.751 -0.876 -0.000 12.511 0.000]
INFO  [mc_indi_tiltrotor] T2dbg2 Wu25=[1.0 1000000.0] du25=[-0.0073 -0.0000] dmax25=[32.4886 0.0120] nu_yaw=-0.262
INFO  [mc_indi_tiltrotor] WRdbg0 Wu0=1 lo0=-17.04 du0=-0.0029 pin0=0.000 a0=[0.001 0.002 -0.000 -0.000 -0.005]
INFO  [mc_indi_tiltrotor] WRdbg1 Wu1=1 lo1=-17.15 du1=-0.0044 pin1=-0.000 a1=[-0.001 0.002 0.000 -0.000 -0.005]
INFO  [mc_indi_tiltrotor] T0dbg1 G0=[-0.254 0.224 0.038 0.087 -0.996] nu_des=[-0.01 -0.01 -0.27 -1.50 -0.02]
INFO  [mc_indi_tiltrotor] T0dbg2 Ws34=[0.1 20.0] Wu0=1.0 du0=0.0155 dmin0=-17.2309 dmax0=27.7691
INFO  [mc_indi_tiltrotor] T2dbg1 G2=[-0.000 -0.650 0.060 0.000 -1.000] G5=[-0.759 -0.886 -0.000 12.652 0.000]
INFO  [mc_indi_tiltrotor] T2dbg2 Wu25=[1.0 1000000.0] du25=[0.0135 0.0000] dmax25=[32.3483 0.0120] nu_yaw=-0.269
INFO  [mc_indi_tiltrotor] WRdbg0 Wu0=1 lo0=-17.23 du0=0.0155 pin0=0.000 a0=[0.010 -0.004 -0.000 -0.000 0.009]
INFO  [mc_indi_tiltrotor] WRdbg1 Wu1=1 lo1=-17.37 du1=-0.0049 pin1=-0.000 a1=[-0.010 -0.004 0.000 -0.000 0.009]
INFO  [mc_indi_tiltrotor] YWdbg nu2=-0.287 ach2=-0.001 r=0.04 wsp2=-0.50 ddelta=[-0.0000 -0.0000 -0.0000]
INFO  [mc_indi_tiltrotor] T0dbg1 G0=[-0.254 0.224 0.038 0.087 -0.996] nu_des=[-0.00 0.01 -0.29 -1.51 -0.00]
INFO  [mc_indi_tiltrotor] T0dbg2 Ws34=[0.1 20.0] Wu0=1.0 du0=0.0169 dmin0=-17.3555 dmax0=27.6445
INFO  [mc_indi_tiltrotor] T2dbg1 G2=[-0.000 -0.650 0.060 0.000 -1.000] G5=[-0.767 -0.895 -0.000 12.787 0.000]
INFO  [mc_indi_tiltrotor] T2dbg2 Wu25=[1.0 1000000.0] du25=[-0.0134 0.0000] dmax25=[32.2130 0.0120] nu_yaw=-0.290
INFO  [mc_indi_tiltrotor] WRdbg0 Wu0=1 lo0=-17.36 du0=0.0169 pin0=0.000 a0=[0.010 0.007 -0.000 -0.000 0.000]
INFO  [mc_indi_tiltrotor] WRdbg1 Wu1=1 lo1=-17.49 du1=-0.0027 pin1=-0.000 a1=[-0.010 0.007 0.000 -0.000 0.000]
INFO  [mc_indi_tiltrotor] T0dbg1 G0=[-0.254 0.224 0.038 0.087 -0.996] nu_des=[-0.00 0.01 -0.28 -1.52 0.02]
INFO  [mc_indi_tiltrotor] T0dbg2 Ws34=[0.1 20.0] Wu0=1.0 du0=0.0017 dmin0=-17.4638 dmax0=27.5362
INFO  [mc_indi_tiltrotor] T2dbg1 G2=[-0.000 -0.650 0.060 0.000 -1.000] G5=[-0.773 -0.902 -0.000 12.883 0.000]
INFO  [mc_indi_tiltrotor] T2dbg2 Wu25=[1.0 1000000.0] du25=[-0.0139 0.0000] dmax25=[32.1166 0.0120] nu_yaw=-0.278
INFO  [mc_indi_tiltrotor] WRdbg0 Wu0=1 lo0=-17.46 du0=0.0017 pin0=0.000 a0=[0.005 0.004 -0.000 -0.000 -0.008]
INFO  [mc_indi_tiltrotor] WRdbg1 Wu1=1 lo1=-17.59 du1=-0.0081 pin1=-0.000 a1=[-0.005 0.004 0.000 -0.000 -0.008]
INFO  [mc_indi_tiltrotor] YWdbg nu2=-0.274 ach2=0.000 r=0.05 wsp2=-0.50 ddelta=[-0.0000 -0.0000 0.0000]
INFO  [mc_indi_tiltrotor] T0dbg1 G0=[-0.254 0.224 0.038 0.087 -0.996] nu_des=[0.01 0.01 -0.27 -1.52 -0.01]
INFO  [mc_indi_tiltrotor] T0dbg2 Ws34=[0.1 20.0] Wu0=1.0 du0=-0.0022 dmin0=-17.4237 dmax0=27.5763
INFO  [mc_indi_tiltrotor] T2dbg1 G2=[-0.000 -0.650 0.060 0.000 -1.000] G5=[-0.770 -0.898 -0.000 12.834 0.000]
INFO  [mc_indi_tiltrotor] T2dbg2 Wu25=[1.0 1000000.0] du25=[-0.0106 -0.0000] dmax25=[32.1655 0.0120] nu_yaw=-0.267
INFO  [mc_indi_tiltrotor] WRdbg0 Wu0=1 lo0=-17.42 du0=-0.0022 pin0=0.000 a0=[-0.013 0.007 -0.000 -0.000 0.004]
INFO  [mc_indi_tiltrotor] WRdbg1 Wu1=1 lo1=-17.56 du1=0.0232 pin1=-0.000 a1=[0.013 0.007 0.000 -0.000 0.004]
INFO  [mc_indi_tiltrotor] T0dbg1 G0=[-0.254 0.224 0.038 0.087 -0.996] nu_des=[0.00 -0.02 -0.26 -1.53 -0.01]
INFO  [mc_indi_tiltrotor] T0dbg2 Ws34=[0.1 20.0] Wu0=1.0 du0=-0.0143 dmin0=-17.5190 dmax0=27.4810
INFO  [mc_indi_tiltrotor] T2dbg1 G2=[-0.000 -0.650 0.060 0.000 -1.000] G5=[-0.773 -0.902 -0.000 12.889 0.000]
INFO  [mc_indi_tiltrotor] T2dbg2 Wu25=[1.0 1000000.0] du25=[0.0260 0.0000] dmax25=[32.1108 0.0120] nu_yaw=-0.265
INFO  [mc_indi_tiltrotor] WRdbg0 Wu0=1 lo0=-17.52 du0=-0.0143 pin0=0.000 a0=[-0.004 -0.012 -0.000 -0.000 0.002]
INFO  [mc_indi_tiltrotor] WRdbg1 Wu1=1 lo1=-17.61 du1=-0.0068 pin1=-0.000 a1=[0.004 -0.013 0.000 -0.000 0.002]
INFO  [mc_indi_tiltrotor] YWdbg nu2=-0.273 ach2=-0.000 r=0.04 wsp2=-0.50 ddelta=[-0.0000 -0.0000 -0.0000]
INFO  [mc_indi_tiltrotor] T0dbg1 G0=[-0.254 0.224 0.038 0.087 -0.996] nu_des=[0.00 -0.00 -0.28 -1.53 0.03]
INFO  [mc_indi_tiltrotor] T0dbg2 Ws34=[0.1 20.0] Wu0=1.0 du0=-0.0209 dmin0=-17.5720 dmax0=27.4280
INFO  [mc_indi_tiltrotor] T2dbg1 G2=[-0.000 -0.650 0.060 0.000 -1.000] G5=[-0.778 -0.908 -0.000 12.969 0.000]
INFO  [mc_indi_tiltrotor] T2dbg2 Wu25=[1.0 1000000.0] du25=[-0.0019 0.0000] dmax25=[32.0308 0.0120] nu_yaw=-0.278
INFO  [mc_indi_tiltrotor] WRdbg0 Wu0=1 lo0=-17.57 du0=-0.0209 pin0=0.000 a0=[-0.008 -0.003 -0.000 -0.000 -0.010]
INFO  [mc_indi_tiltrotor] WRdbg1 Wu1=1 lo1=-17.70 du1=-0.0057 pin1=-0.000 a1=[0.008 -0.003 0.000 -0.000 -0.011]
INFO  [mc_indi_tiltrotor] T0dbg1 G0=[-0.254 0.224 0.038 0.087 -0.996] nu_des=[-0.00 -0.00 -0.28 -1.52 0.01]
INFO  [mc_indi_tiltrotor] T0dbg2 Ws34=[0.1 20.0] Wu0=1.0 du0=0.0017 dmin0=-17.4813 dmax0=27.5187
INFO  [mc_indi_tiltrotor] T2dbg1 G2=[-0.000 -0.650 0.060 0.000 -1.000] G5=[-0.772 -0.901 -0.000 12.866 0.000]
INFO  [mc_indi_tiltrotor] T2dbg2 Wu25=[1.0 1000000.0] du25=[0.0025 0.0000] dmax25=[32.1345 0.0120] nu_yaw=-0.275
INFO  [mc_indi_tiltrotor] WRdbg0 Wu0=1 lo0=-17.48 du0=0.0017 pin0=0.000 a0=[0.008 -0.003 -0.000 -0.000 -0.004]
INFO  [mc_indi_tiltrotor] WRdbg1 Wu1=1 lo1=-17.61 du1=-0.0145 pin1=-0.000 a1=[-0.008 -0.003 0.000 -0.000 -0.004]
INFO  [mc_indi_tiltrotor] YWdbg nu2=-0.275 ach2=0.000 r=0.04 wsp2=-0.50 ddelta=[-0.0000 -0.0000 0.0000]
INFO  [mc_indi_tiltrotor] T0dbg1 G0=[-0.254 0.224 0.038 0.087 -0.996] nu_des=[-0.01 -0.00 -0.27 -1.54 -0.01]
INFO  [mc_indi_tiltrotor] T0dbg2 Ws34=[0.1 20.0] Wu0=1.0 du0=0.0159 dmin0=-17.6434 dmax0=27.3566
INFO  [mc_indi_tiltrotor] T2dbg1 G2=[-0.000 -0.650 0.060 0.000 -1.000] G5=[-0.778 -0.908 -0.000 12.967 0.000]
INFO  [mc_indi_tiltrotor] T2dbg2 Wu25=[1.0 1000000.0] du25=[0.0034 0.0000] dmax25=[32.0326 0.0120] nu_yaw=-0.275
INFO  [mc_indi_tiltrotor] WRdbg0 Wu0=1 lo0=-17.64 du0=0.0159 pin0=0.000 a0=[0.014 -0.001 -0.000 -0.000 0.002]
INFO  [mc_indi_tiltrotor] WRdbg1 Wu1=1 lo1=-17.77 du1=-0.0130 pin1=-0.000 a1=[-0.014 -0.001 0.000 -0.000 0.002]
INFO  [mc_indi_tiltrotor] T0dbg1 G0=[-0.254 0.224 0.038 0.087 -0.996] nu_des=[0.00 -0.00 -0.28 -1.55 0.02]
INFO  [mc_indi_tiltrotor] T0dbg2 Ws34=[0.1 20.0] Wu0=1.0 du0=-0.0130 dmin0=-17.7567 dmax0=27.2433
INFO  [mc_indi_tiltrotor] T2dbg1 G2=[-0.000 -0.650 0.060 0.000 -1.000] G5=[-0.786 -0.917 -0.000 13.099 0.000]
INFO  [mc_indi_tiltrotor] T2dbg2 Wu25=[1.0 1000000.0] du25=[-0.0043 -0.0000] dmax25=[31.9012 0.0120] nu_yaw=-0.284
INFO  [mc_indi_tiltrotor] WRdbg0 Wu0=1 lo0=-17.76 du0=-0.0130 pin0=0.000 a0=[-0.006 -0.000 -0.000 -0.000 -0.007]
INFO  [mc_indi_tiltrotor] WRdbg1 Wu1=1 lo1=-17.88 du1=-0.0006 pin1=-0.000 a1=[0.006 -0.000 0.000 -0.000 -0.007]
INFO  [mc_indi_tiltrotor] YWdbg nu2=-0.273 ach2=0.001 r=0.06 wsp2=-0.50 ddelta=[-0.0000 -0.0000 0.0000]
INFO  [mc_indi_tiltrotor] T0dbg1 G0=[-0.254 0.224 0.038 0.087 -0.996] nu_des=[0.00 -0.01 -0.28 -1.54 0.01]
INFO  [mc_indi_tiltrotor] T0dbg2 Ws34=[0.1 20.0] Wu0=1.0 du0=-0.0141 dmin0=-17.7124 dmax0=27.2876
INFO  [mc_indi_tiltrotor] T2dbg1 G2=[-0.000 -0.650 0.060 0.000 -1.000] G5=[-0.783 -0.913 -0.000 13.049 0.000]
INFO  [mc_indi_tiltrotor] T2dbg2 Wu25=[1.0 1000000.0] du25=[0.0057 -0.0000] dmax25=[31.9508 0.0120] nu_yaw=-0.278
INFO  [mc_indi_tiltrotor] WRdbg0 Wu0=1 lo0=-17.71 du0=-0.0141 pin0=0.000 a0=[-0.006 -0.004 -0.000 -0.000 -0.004]
INFO  [mc_indi_tiltrotor] WRdbg1 Wu1=1 lo1=-17.82 du1=-0.0028 pin1=-0.000 a1=[0.006 -0.004 0.000 -0.000 -0.004]
INFO  [mc_indi_tiltrotor] T0dbg1 G0=[-0.254 0.224 0.038 0.087 -0.996] nu_des=[-0.00 0.01 -0.27 -1.53 0.01]
INFO  [mc_indi_tiltrotor] T0dbg2 Ws34=[0.1 20.0] Wu0=1.0 du0=0.0040 dmin0=-17.5560 dmax0=27.4440
INFO  [mc_indi_tiltrotor] T2dbg1 G2=[-0.000 -0.650 0.060 0.000 -1.000] G5=[-0.775 -0.904 -0.000 12.911 0.000]
INFO  [mc_indi_tiltrotor] T2dbg2 Wu25=[1.0 1000000.0] du25=[-0.0138 -0.0000] dmax25=[32.0888 0.0120] nu_yaw=-0.272
INFO  [mc_indi_tiltrotor] WRdbg0 Wu0=1 lo0=-17.56 du0=0.0040 pin0=0.000 a0=[0.001 0.006 -0.000 -0.000 -0.003]
INFO  [mc_indi_tiltrotor] WRdbg1 Wu1=1 lo1=-17.69 du1=0.0023 pin1=-0.000 a1=[-0.001 0.006 0.000 -0.000 -0.003]
INFO  [mc_indi_tiltrotor] YWdbg nu2=-0.273 ach2=0.001 r=0.04 wsp2=-0.50 ddelta=[-0.0000 -0.0000 0.0000]
INFO  [mc_indi_tiltrotor] T0dbg1 G0=[-0.254 0.224 0.038 0.087 -0.996] nu_des=[-0.00 -0.01 -0.27 -1.54 -0.00]
INFO  [mc_indi_tiltrotor] T0dbg2 Ws34=[0.1 20.0] Wu0=1.0 du0=0.0037 dmin0=-17.6324 dmax0=27.3676
INFO  [mc_indi_tiltrotor] T2dbg1 G2=[-0.000 -0.650 0.060 0.000 -1.000] G5=[-0.775 -0.905 -0.000 12.922 0.000]
INFO  [mc_indi_tiltrotor] T2dbg2 Wu25=[1.0 1000000.0] du25=[0.0081 0.0000] dmax25=[32.0784 0.0120] nu_yaw=-0.266
INFO  [mc_indi_tiltrotor] WRdbg0 Wu0=1 lo0=-17.63 du0=0.0037 pin0=0.000 a0=[0.008 -0.004 -0.000 -0.000 0.000]
INFO  [mc_indi_tiltrotor] WRdbg1 Wu1=1 lo1=-17.78 du1=-0.0116 pin1=-0.000 a1=[-0.008 -0.004 0.000 -0.000 0.000]
INFO  [mc_indi_tiltrotor] T0dbg1 G0=[-0.254 0.224 0.038 0.087 -0.996] nu_des=[-0.00 0.01 -0.26 -1.54 0.00]
INFO  [mc_indi_tiltrotor] T0dbg2 Ws34=[0.1 20.0] Wu0=1.0 du0=0.0073 dmin0=-17.6436 dmax0=27.3564
INFO  [mc_indi_tiltrotor] T2dbg1 G2=[-0.000 -0.650 0.060 0.000 -1.000] G5=[-0.776 -0.905 -0.000 12.929 0.000]
INFO  [mc_indi_tiltrotor] T2dbg2 Wu25=[1.0 1000000.0] du25=[-0.0089 -0.0000] dmax25=[32.0709 0.0120] nu_yaw=-0.262
INFO  [mc_indi_tiltrotor] WRdbg0 Wu0=1 lo0=-17.64 du0=0.0073 pin0=0.000 a0=[0.005 0.004 -0.000 -0.000 -0.002]
INFO  [mc_indi_tiltrotor] WRdbg1 Wu1=1 lo1=-17.76 du1=-0.0033 pin1=-0.000 a1=[-0.005 0.004 0.000 -0.000 -0.002]
INFO  [mc_indi_tiltrotor] YWdbg nu2=-0.275 ach2=-0.001 r=0.04 wsp2=-0.50 ddelta=[-0.0000 -0.0000 -0.0000]
INFO  [mc_indi_tiltrotor] T0dbg1 G0=[-0.254 0.224 0.038 0.087 -0.996] nu_des=[-0.00 -0.00 -0.27 -1.53 0.01]
INFO  [mc_indi_tiltrotor] T0dbg2 Ws34=[0.1 20.0] Wu0=1.0 du0=-0.0029 dmin0=-17.5836 dmax0=27.4164
INFO  [mc_indi_tiltrotor] T2dbg1 G2=[-0.000 -0.650 0.060 0.000 -1.000] G5=[-0.771 -0.900 -0.000 12.854 0.000]
INFO  [mc_indi_tiltrotor] T2dbg2 Wu25=[1.0 1000000.0] du25=[0.0006 0.0000] dmax25=[32.1464 0.0120] nu_yaw=-0.269
INFO  [mc_indi_tiltrotor] WRdbg0 Wu0=1 lo0=-17.58 du0=-0.0029 pin0=0.000 a0=[0.003 -0.002 -0.000 -0.000 -0.004]
INFO  [mc_indi_tiltrotor] WRdbg1 Wu1=1 lo1=-17.69 du1=-0.0081 pin1=-0.000 a1=[-0.003 -0.002 0.000 -0.000 -0.004]
INFO  [mc_indi_tiltrotor] T0dbg1 G0=[-0.254 0.224 0.038 0.087 -0.996] nu_des=[-0.00 0.02 -0.29 -1.52 -0.00]
INFO  [mc_indi_tiltrotor] T0dbg2 Ws34=[0.1 20.0] Wu0=1.0 du0=0.0102 dmin0=-17.4853 dmax0=27.5147
INFO  [mc_indi_tiltrotor] T2dbg1 G2=[-0.000 -0.650 0.060 0.000 -1.000] G5=[-0.766 -0.893 -0.000 12.759 0.000]
INFO  [mc_indi_tiltrotor] T2dbg2 Wu25=[1.0 1000000.0] du25=[-0.0177 0.0000] dmax25=[32.2414 0.0120] nu_yaw=-0.288
INFO  [mc_indi_tiltrotor] WRdbg0 Wu0=1 lo0=-17.49 du0=0.0102 pin0=0.000 a0=[0.001 0.009 -0.000 -0.000 0.001]
INFO  [mc_indi_tiltrotor] WRdbg1 Wu1=1 lo1=-17.61 du1=0.0088 pin1=-0.000 a1=[-0.001 0.009 0.000 -0.000 0.001]
INFO  [mc_indi_tiltrotor] YWdbg nu2=-0.279 ach2=-0.000 r=0.05 wsp2=-0.50 ddelta=[-0.0000 -0.0000 0.0000]
INFO  [mc_indi_tiltrotor] T0dbg1 G0=[-0.254 0.224 0.038 0.087 -0.996] nu_des=[0.00 -0.01 -0.27 -1.52 -0.00]
INFO  [mc_indi_tiltrotor] T0dbg2 Ws34=[0.1 20.0] Wu0=1.0 du0=-0.0109 dmin0=-17.4840 dmax0=27.5160
INFO  [mc_indi_tiltrotor] T2dbg1 G2=[-0.000 -0.650 0.060 0.000 -1.000] G5=[-0.761 -0.888 -0.000 12.691 0.000]
INFO  [mc_indi_tiltrotor] T2dbg2 Wu25=[1.0 1000000.0] du25=[0.0072 -0.0000] dmax25=[32.3088 0.0120] nu_yaw=-0.269
INFO  [mc_indi_tiltrotor] WRdbg0 Wu0=1 lo0=-17.48 du0=-0.0109 pin0=0.000 a0=[-0.009 -0.003 -0.000 -0.000 0.001]
INFO  [mc_indi_tiltrotor] WRdbg1 Wu1=1 lo1=-17.60 du1=0.0063 pin1=-0.000 a1=[0.009 -0.003 0.000 -0.000 0.001]
INFO  [mc_indi_tiltrotor] T0dbg1 G0=[-0.254 0.224 0.038 0.087 -0.996] nu_des=[-0.00 -0.00 -0.27 -1.53 0.01]
INFO  [mc_indi_tiltrotor] T0dbg2 Ws34=[0.1 20.0] Wu0=1.0 du0=-0.0004 dmin0=-17.4999 dmax0=27.5001
INFO  [mc_indi_tiltrotor] T2dbg1 G2=[-0.000 -0.650 0.060 0.000 -1.000] G5=[-0.763 -0.890 -0.000 12.712 0.000]
INFO  [mc_indi_tiltrotor] T2dbg2 Wu25=[1.0 1000000.0] du25=[-0.0021 -0.0000] dmax25=[32.2885 0.0120] nu_yaw=-0.266
INFO  [mc_indi_tiltrotor] WRdbg0 Wu0=1 lo0=-17.50 du0=-0.0004 pin0=0.000 a0=[0.004 -0.000 -0.000 -0.000 -0.004]
INFO  [mc_indi_tiltrotor] WRdbg1 Wu1=1 lo1=-17.62 du1=-0.0076 pin1=-0.000 a1=[-0.004 -0.000 0.000 -0.000 -0.004]
INFO  [mc_indi_tiltrotor] YWdbg nu2=-0.275 ach2=0.000 r=0.05 wsp2=-0.50 ddelta=[-0.0000 -0.0000 0.0000]
INFO  [mc_indi_tiltrotor] T0dbg1 G0=[-0.254 0.224 0.038 0.087 -0.996] nu_des=[0.00 0.00 -0.28 -1.53 -0.00]
INFO  [mc_indi_tiltrotor] T0dbg2 Ws34=[0.1 20.0] Wu0=1.0 du0=-0.0035 dmin0=-17.6042 dmax0=27.3958
INFO  [mc_indi_tiltrotor] T2dbg1 G2=[-0.000 -0.650 0.060 0.000 -1.000] G5=[-0.765 -0.893 -0.000 12.757 0.000]
INFO  [mc_indi_tiltrotor] T2dbg2 Wu25=[1.0 1000000.0] du25=[-0.0032 -0.0000] dmax25=[32.2432 0.0120] nu_yaw=-0.283
INFO  [mc_indi_tiltrotor] WRdbg0 Wu0=1 lo0=-17.60 du0=-0.0035 pin0=0.000 a0=[-0.007 0.002 -0.000 -0.000 0.002]
INFO  [mc_indi_tiltrotor] WRdbg1 Wu1=1 lo1=-17.71 du1=0.0110 pin1=-0.000 a1=[0.007 0.002 0.000 -0.000 0.002]
INFO  [mc_indi_tiltrotor] T0dbg1 G0=[-0.254 0.224 0.038 0.087 -0.996] nu_des=[-0.00 0.00 -0.29 -1.54 -0.02]
INFO  [mc_indi_tiltrotor] T0dbg2 Ws34=[0.1 20.0] Wu0=1.0 du0=0.0109 dmin0=-17.7245 dmax0=27.2755
INFO  [mc_indi_tiltrotor] T2dbg1 G2=[-0.000 -0.650 0.060 0.000 -1.000] G5=[-0.773 -0.902 -0.000 12.885 0.000]
INFO  [mc_indi_tiltrotor] T2dbg2 Wu25=[1.0 1000000.0] du25=[0.0034 0.0000] dmax25=[32.1152 0.0120] nu_yaw=-0.289
INFO  [mc_indi_tiltrotor] WRdbg0 Wu0=1 lo0=-17.72 du0=0.0109 pin0=0.000 a0=[0.000 0.001 -0.000 -0.000 0.009]
INFO  [mc_indi_tiltrotor] WRdbg1 Wu1=1 lo1=-17.85 du1=0.0105 pin1=-0.000 a1=[-0.000 0.001 0.000 -0.000 0.009]
INFO  [mc_indi_tiltrotor] YWdbg nu2=-0.285 ach2=-0.001 r=0.06 wsp2=-0.50 ddelta=[-0.0000 -0.0000 -0.0000]
INFO  [mc_indi_tiltrotor] T0dbg1 G0=[-0.254 0.224 0.038 0.087 -0.996] nu_des=[-0.00 -0.00 -0.28 -1.55 0.01]
INFO  [mc_indi_tiltrotor] T0dbg2 Ws34=[0.1 20.0] Wu0=1.0 du0=-0.0022 dmin0=-17.7696 dmax0=27.2304
INFO  [mc_indi_tiltrotor] T2dbg1 G2=[-0.000 -0.650 0.060 0.000 -1.000] G5=[-0.776 -0.906 -0.000 12.938 0.000]
INFO  [mc_indi_tiltrotor] T2dbg2 Wu25=[1.0 1000000.0] du25=[0.0011 0.0000] dmax25=[32.0620 0.0120] nu_yaw=-0.282
INFO  [mc_indi_tiltrotor] WRdbg0 Wu0=1 lo0=-17.77 du0=-0.0022 pin0=0.000 a0=[0.002 -0.001 -0.000 -0.000 -0.003]
INFO  [mc_indi_tiltrotor] WRdbg1 Wu1=1 lo1=-17.89 du1=-0.0058 pin1=-0.000 a1=[-0.002 -0.001 0.000 -0.000 -0.003]
INFO  [mc_indi_tiltrotor] T0dbg1 G0=[-0.254 0.224 0.038 0.087 -0.996] nu_des=[0.00 0.00 -0.28 -1.54 0.01]
INFO  [mc_indi_tiltrotor] T0dbg2 Ws34=[0.1 20.0] Wu0=1.0 du0=-0.0069 dmin0=-17.7251 dmax0=27.2749
INFO  [mc_indi_tiltrotor] T2dbg1 G2=[-0.000 -0.650 0.060 0.000 -1.000] G5=[-0.775 -0.904 -0.000 12.917 0.000]
INFO  [mc_indi_tiltrotor] T2dbg2 Wu25=[1.0 1000000.0] du25=[-0.0092 -0.0000] dmax25=[32.0825 0.0120] nu_yaw=-0.280
INFO  [mc_indi_tiltrotor] WRdbg0 Wu0=1 lo0=-17.73 du0=-0.0069 pin0=0.000 a0=[-0.005 0.003 -0.000 -0.000 -0.005]
INFO  [mc_indi_tiltrotor] WRdbg1 Wu1=1 lo1=-17.84 du1=0.0023 pin1=-0.000 a1=[0.005 0.003 0.000 -0.000 -0.005]
INFO  [mc_indi_tiltrotor] YWdbg nu2=-0.273 ach2=0.001 r=0.06 wsp2=-0.50 ddelta=[-0.0000 -0.0000 0.0000]
INFO  [mc_indi_tiltrotor] T0dbg1 G0=[-0.254 0.224 0.038 0.087 -0.996] nu_des=[-0.00 -0.00 -0.28 -1.55 0.01]
INFO  [mc_indi_tiltrotor] T0dbg2 Ws34=[0.1 20.0] Wu0=1.0 du0=0.0052 dmin0=-17.7692 dmax0=27.2308
INFO  [mc_indi_tiltrotor] T2dbg1 G2=[-0.000 -0.650 0.060 0.000 -1.000] G5=[-0.776 -0.905 -0.000 12.925 0.000]
INFO  [mc_indi_tiltrotor] T2dbg2 Wu25=[1.0 1000000.0] du25=[-0.0008 0.0000] dmax25=[32.0747 0.0120] nu_yaw=-0.278
INFO  [mc_indi_tiltrotor] WRdbg0 Wu0=1 lo0=-17.77 du0=0.0052 pin0=0.000 a0=[0.008 -0.000 -0.000 -0.000 -0.003]
INFO  [mc_indi_tiltrotor] WRdbg1 Wu1=1 lo1=-17.89 du1=-0.0114 pin1=-0.000 a1=[-0.008 -0.000 0.000 -0.000 -0.003]
INFO  [mc_indi_tiltrotor] T0dbg1 G0=[-0.254 0.224 0.038 0.087 -0.996] nu_des=[0.00 -0.01 -0.31 -1.56 0.01]
INFO  [mc_indi_tiltrotor] T0dbg2 Ws34=[0.1 20.0] Wu0=1.0 du0=-0.0093 dmin0=-17.8683 dmax0=27.1317
INFO  [mc_indi_tiltrotor] T2dbg1 G2=[-0.000 -0.650 0.060 0.000 -1.000] G5=[-0.781 -0.911 -0.000 13.015 0.000]
INFO  [mc_indi_tiltrotor] T2dbg2 Wu25=[1.0 1000000.0] du25=[0.0048 0.0000] dmax25=[31.9854 0.0120] nu_yaw=-0.305
INFO  [mc_indi_tiltrotor] WRdbg0 Wu0=1 lo0=-17.87 du0=-0.0093 pin0=0.000 a0=[-0.001 -0.004 -0.000 -0.000 -0.005]
INFO  [mc_indi_tiltrotor] WRdbg1 Wu1=1 lo1=-18.00 du1=-0.0078 pin1=-0.000 a1=[0.001 -0.004 0.000 -0.000 -0.005]
INFO  [mc_indi_tiltrotor] YWdbg nu2=-0.300 ach2=0.000 r=0.07 wsp2=-0.50 ddelta=[-0.0000 -0.0000 0.0000]
INFO  [mc_indi_tiltrotor] T0dbg1 G0=[-0.255 0.225 0.035 0.098 -0.995] nu_des=[-0.00 0.07 -0.29 -1.75 0.08]
INFO  [mc_indi_tiltrotor] T0dbg2 Ws34=[0.1 20.0] Wu0=1.0 du0=0.0080 dmin0=-17.8531 dmax0=27.1469
INFO  [mc_indi_tiltrotor] T2dbg1 G2=[-0.000 -0.650 0.060 0.000 -1.000] G5=[-0.779 -0.909 -0.000 12.979 0.000]
INFO  [mc_indi_tiltrotor] T2dbg2 Wu25=[1.0 1000000.0] du25=[-0.0901 -0.0000] dmax25=[32.0209 0.0120] nu_yaw=-0.295
INFO  [mc_indi_tiltrotor] WRdbg0 Wu0=1 lo0=-17.85 du0=0.0080 pin0=-0.012 a0=[0.008 0.042 -0.000 -0.000 -0.030]
INFO  [mc_indi_tiltrotor] WRdbg1 Wu1=1 lo1=-18.03 du1=0.0222 pin1=0.018 a1=[-0.008 0.043 0.000 -0.000 -0.030]
INFO  [mc_indi_tiltrotor] T0dbg1 G0=[-0.255 0.226 0.029 0.121 -0.993] nu_des=[-0.00 0.00 -0.19 -2.15 0.03]
INFO  [mc_indi_tiltrotor] T0dbg2 Ws34=[0.1 20.0] Wu0=1.0 du0=-0.0087 dmin0=-17.8427 dmax0=27.1573
INFO  [mc_indi_tiltrotor] T2dbg1 G2=[-0.000 -0.650 0.060 0.000 -1.000] G5=[-0.779 -0.909 -0.000 12.982 0.000]
INFO  [mc_indi_tiltrotor] T2dbg2 Wu25=[1.0 1000000.0] du25=[-0.0083 -0.0000] dmax25=[32.0181 0.0120] nu_yaw=-0.191
INFO  [mc_indi_tiltrotor] WRdbg0 Wu0=1 lo0=-17.84 du0=-0.0087 pin0=-0.001 a0=[0.004 0.000 -0.000 -0.000 -0.013]
INFO  [mc_indi_tiltrotor] WRdbg1 Wu1=1 lo1=-18.05 du1=-0.0151 pin1=0.002 a1=[-0.004 0.000 0.000 -0.000 -0.013]
INFO  [mc_indi_tiltrotor] YWdbg nu2=-0.179 ach2=-0.002 r=-0.06 wsp2=-0.50 ddelta=[0.0002 -0.0000 -0.0000]
INFO  [mc_indi_tiltrotor] T0dbg1 G0=[-0.255 0.226 0.029 0.122 -0.993] nu_des=[-0.00 0.01 -0.18 -2.16 0.03]
INFO  [mc_indi_tiltrotor] T0dbg2 Ws34=[0.1 20.0] Wu0=1.0 du0=-0.0048 dmin0=-17.7006 dmax0=27.2994
INFO  [mc_indi_tiltrotor] T2dbg1 G2=[-0.000 -0.650 0.060 0.000 -1.000] G5=[-0.776 -0.905 -0.000 12.929 0.000]
INFO  [mc_indi_tiltrotor] T2dbg2 Wu25=[1.0 1000000.0] du25=[-0.0184 -0.0000] dmax25=[32.0708 0.0120] nu_yaw=-0.180
INFO  [mc_indi_tiltrotor] WRdbg0 Wu0=1 lo0=-17.70 du0=-0.0048 pin0=-0.000 a0=[0.001 0.005 -0.000 -0.000 -0.011]
INFO  [mc_indi_tiltrotor] WRdbg1 Wu1=1 lo1=-18.00 du1=-0.0064 pin1=0.000 a1=[-0.001 0.006 0.000 -0.000 -0.011]
INFO  [mc_indi_tiltrotor] T0dbg1 G0=[-0.255 0.226 0.029 0.122 -0.993] nu_des=[-0.00 0.00 -0.24 -2.15 0.02]
INFO  [mc_indi_tiltrotor] T0dbg2 Ws34=[0.1 20.0] Wu0=1.0 du0=0.0001 dmin0=-17.6080 dmax0=27.3920
INFO  [mc_indi_tiltrotor] T2dbg1 G2=[-0.000 -0.650 0.060 0.000 -1.000] G5=[-0.775 -0.904 -0.000 12.921 0.000]
INFO  [mc_indi_tiltrotor] T2dbg2 Wu25=[1.0 1000000.0] du25=[-0.0064 0.0000] dmax25=[32.0790 0.0120] nu_yaw=-0.245
INFO  [mc_indi_tiltrotor] WRdbg0 Wu0=1 lo0=-17.61 du0=0.0001 pin0=-0.000 a0=[0.005 0.001 -0.000 -0.000 -0.006]
INFO  [mc_indi_tiltrotor] WRdbg1 Wu1=1 lo1=-17.93 du1=-0.0107 pin1=0.000 a1=[-0.005 0.001 0.000 -0.000 -0.006]
INFO  [mc_indi_tiltrotor] YWdbg nu2=-0.265 ach2=0.001 r=-0.03 wsp2=-0.50 ddelta=[0.0000 -0.0000 0.0000]
INFO  [mc_indi_tiltrotor] T0dbg1 G0=[-0.255 0.226 0.029 0.122 -0.993] nu_des=[0.01 -0.01 -0.30 -2.14 0.01]
INFO  [mc_indi_tiltrotor] T0dbg2 Ws34=[0.1 20.0] Wu0=1.0 du0=-0.0301 dmin0=-17.5763 dmax0=27.4237
INFO  [mc_indi_tiltrotor] T2dbg1 G2=[-0.000 -0.650 0.060 0.000 -1.000] G5=[-0.774 -0.902 -0.000 12.892 0.000]
INFO  [mc_indi_tiltrotor] T2dbg2 Wu25=[1.0 1000000.0] du25=[0.0025 -0.0000] dmax25=[32.1083 0.0120] nu_yaw=-0.299
INFO  [mc_indi_tiltrotor] WRdbg0 Wu0=1 lo0=-17.58 du0=-0.0301 pin0=-0.000 a0=[-0.021 -0.003 -0.000 -0.000 -0.005]
INFO  [mc_indi_tiltrotor] WRdbg1 Wu1=1 lo1=-17.83 du1=0.0126 pin1=0.000 a1=[0.021 -0.003 0.000 -0.000 -0.006]
INFO  [mc_indi_tiltrotor] T0dbg1 G0=[-0.255 0.226 0.029 0.122 -0.993] nu_des=[0.00 0.00 -0.31 -2.14 0.03]
INFO  [mc_indi_tiltrotor] T0dbg2 Ws34=[0.1 20.0] Wu0=1.0 du0=-0.0100 dmin0=-17.5672 dmax0=27.4328
INFO  [mc_indi_tiltrotor] T2dbg1 G2=[-0.000 -0.650 0.060 0.000 -1.000] G5=[-0.771 -0.899 -0.000 12.848 0.000]
INFO  [mc_indi_tiltrotor] T2dbg2 Wu25=[1.0 1000000.0] du25=[-0.0100 -0.0000] dmax25=[32.1519 0.0120] nu_yaw=-0.306
INFO  [mc_indi_tiltrotor] WRdbg0 Wu0=1 lo0=-17.57 du0=-0.0100 pin0=-0.000 a0=[-0.002 0.002 -0.000 -0.000 -0.010]
INFO  [mc_indi_tiltrotor] WRdbg1 Wu1=1 lo1=-17.80 du1=-0.0066 pin1=0.000 a1=[0.002 0.002 0.000 -0.000 -0.010]
INFO  [mc_indi_tiltrotor] YWdbg nu2=-0.301 ach2=0.001 r=0.09 wsp2=-0.50 ddelta=[0.0000 -0.0000 0.0000]
INFO  [mc_indi_tiltrotor] T0dbg1 G0=[-0.255 0.226 0.029 0.122 -0.993] nu_des=[0.00 0.01 -0.29 -2.13 0.02]
INFO  [mc_indi_tiltrotor] T0dbg2 Ws34=[0.1 20.0] Wu0=1.0 du0=-0.0108 dmin0=-17.4471 dmax0=27.5529
INFO  [mc_indi_tiltrotor] T2dbg1 G2=[-0.000 -0.650 0.060 0.000 -1.000] G5=[-0.762 -0.889 -0.000 12.701 0.000]
INFO  [mc_indi_tiltrotor] T2dbg2 Wu25=[1.0 1000000.0] du25=[-0.0119 -0.0000] dmax25=[32.2989 0.0120] nu_yaw=-0.295
INFO  [mc_indi_tiltrotor] WRdbg0 Wu0=1 lo0=-17.45 du0=-0.0108 pin0=-0.000 a0=[-0.006 0.003 -0.000 -0.000 -0.008]
INFO  [mc_indi_tiltrotor] WRdbg1 Wu1=1 lo1=-17.66 du1=0.0004 pin1=0.000 a1=[0.006 0.003 0.000 -0.000 -0.008]
INFO  [mc_indi_tiltrotor] T0dbg1 G0=[-0.255 0.226 0.029 0.122 -0.993] nu_des=[0.01 0.00 -0.26 -2.12 0.02]
INFO  [mc_indi_tiltrotor] T0dbg2 Ws34=[0.1 20.0] Wu0=1.0 du0=-0.0207 dmin0=-17.4100 dmax0=27.5900
INFO  [mc_indi_tiltrotor] T2dbg1 G2=[-0.000 -0.650 0.060 0.000 -1.000] G5=[-0.758 -0.885 -0.000 12.640 0.000]
INFO  [mc_indi_tiltrotor] T2dbg2 Wu25=[1.0 1000000.0] du25=[-0.0112 -0.0000] dmax25=[32.3598 0.0120] nu_yaw=-0.260
INFO  [mc_indi_tiltrotor] WRdbg0 Wu0=1 lo0=-17.41 du0=-0.0207 pin0=-0.000 a0=[-0.014 0.002 -0.000 -0.000 -0.009]
INFO  [mc_indi_tiltrotor] WRdbg1 Wu1=1 lo1=-17.62 du1=0.0080 pin1=0.000 a1=[0.014 0.003 0.000 -0.000 -0.009]
INFO  [mc_indi_tiltrotor] YWdbg nu2=-0.258 ach2=-0.001 r=0.04 wsp2=-0.50 ddelta=[0.0000 -0.0000 -0.0000]
INFO  [mc_indi_tiltrotor] T0dbg1 G0=[-0.255 0.226 0.029 0.122 -0.993] nu_des=[-0.01 0.00 -0.25 -2.12 0.01]
INFO  [mc_indi_tiltrotor] T0dbg2 Ws34=[0.1 20.0] Wu0=1.0 du0=0.0169 dmin0=-17.3847 dmax0=27.6153
INFO  [mc_indi_tiltrotor] T2dbg1 G2=[-0.000 -0.650 0.060 0.000 -1.000] G5=[-0.757 -0.884 -0.000 12.622 0.000]
INFO  [mc_indi_tiltrotor] T2dbg2 Wu25=[1.0 1000000.0] du25=[-0.0055 0.0000] dmax25=[32.3782 0.0120] nu_yaw=-0.250
INFO  [mc_indi_tiltrotor] WRdbg0 Wu0=1 lo0=-17.38 du0=0.0169 pin0=-0.000 a0=[0.020 0.001 -0.000 -0.000 -0.005]
INFO  [mc_indi_tiltrotor] WRdbg1 Wu1=1 lo1=-17.61 du1=-0.0236 pin1=0.000 a1=[-0.020 0.001 0.000 -0.000 -0.005]
INFO  [mc_indi_tiltrotor] T0dbg1 G0=[-0.255 0.226 0.029 0.122 -0.993] nu_des=[-0.00 -0.01 -0.26 -2.12 -0.00]
INFO  [mc_indi_tiltrotor] T0dbg2 Ws34=[0.1 20.0] Wu0=1.0 du0=0.0018 dmin0=-17.4313 dmax0=27.5687
INFO  [mc_indi_tiltrotor] T2dbg1 G2=[-0.000 -0.650 0.060 0.000 -1.000] G5=[-0.761 -0.888 -0.000 12.681 0.000]
INFO  [mc_indi_tiltrotor] T2dbg2 Wu25=[1.0 1000000.0] du25=[0.0092 0.0000] dmax25=[32.3192 0.0120] nu_yaw=-0.262
INFO  [mc_indi_tiltrotor] WRdbg0 Wu0=1 lo0=-17.43 du0=0.0018 pin0=-0.000 a0=[0.005 -0.004 -0.000 -0.000 0.001]
INFO  [mc_indi_tiltrotor] WRdbg1 Wu1=1 lo1=-17.67 du1=-0.0091 pin1=0.000 a1=[-0.005 -0.004 0.000 -0.000 0.001]
INFO  [mc_indi_tiltrotor] YWdbg nu2=-0.255 ach2=0.001 r=0.02 wsp2=-0.50 ddelta=[0.0000 -0.0000 0.0000]
INFO  [mc_indi_tiltrotor] T0dbg1 G0=[-0.255 0.226 0.029 0.122 -0.993] nu_des=[0.01 -0.00 -0.27 -2.12 0.01]
INFO  [mc_indi_tiltrotor] T0dbg2 Ws34=[0.1 20.0] Wu0=1.0 du0=-0.0230 dmin0=-17.4142 dmax0=27.5858
INFO  [mc_indi_tiltrotor] T2dbg1 G2=[-0.000 -0.650 0.060 0.000 -1.000] G5=[-0.762 -0.890 -0.000 12.707 0.000]
INFO  [mc_indi_tiltrotor] T2dbg2 Wu25=[1.0 1000000.0] du25=[0.0003 -0.0000] dmax25=[32.2925 0.0120] nu_yaw=-0.275
INFO  [mc_indi_tiltrotor] WRdbg0 Wu0=1 lo0=-17.41 du0=-0.0230 pin0=-0.000 a0=[-0.020 -0.001 -0.000 -0.000 -0.002]
INFO  [mc_indi_tiltrotor] WRdbg1 Wu1=1 lo1=-17.65 du1=0.0173 pin1=0.000 a1=[0.020 -0.001 0.000 -0.000 -0.002]
INFO  [mc_indi_tiltrotor] T0dbg1 G0=[-0.255 0.226 0.029 0.122 -0.993] nu_des=[-0.00 0.02 -0.28 -2.12 0.04]
INFO  [mc_indi_tiltrotor] T0dbg2 Ws34=[0.1 20.0] Wu0=1.0 du0=-0.0027 dmin0=-17.4248 dmax0=27.5752
INFO  [mc_indi_tiltrotor] T2dbg1 G2=[-0.000 -0.650 0.060 0.000 -1.000] G5=[-0.764 -0.892 -0.000 12.741 0.000]
INFO  [mc_indi_tiltrotor] T2dbg2 Wu25=[1.0 1000000.0] du25=[-0.0284 -0.0000] dmax25=[32.2586 0.0120] nu_yaw=-0.276
INFO  [mc_indi_tiltrotor] WRdbg0 Wu0=1 lo0=-17.42 du0=-0.0027 pin0=-0.000 a0=[0.003 0.009 -0.000 -0.000 -0.015]
INFO  [mc_indi_tiltrotor] WRdbg1 Wu1=1 lo1=-17.66 du1=-0.0089 pin1=0.000 a1=[-0.003 0.009 0.000 -0.000 -0.015]
INFO  [mc_indi_tiltrotor] YWdbg nu2=-0.275 ach2=0.001 r=0.05 wsp2=-0.50 ddelta=[0.0000 -0.0000 0.0000]
INFO  [mc_indi_tiltrotor] T0dbg1 G0=[-0.255 0.226 0.029 0.122 -0.993] nu_des=[0.00 0.00 -0.28 -2.12 0.00]
INFO  [mc_indi_tiltrotor] T0dbg2 Ws34=[0.1 20.0] Wu0=1.0 du0=-0.0010 dmin0=-17.3914 dmax0=27.6086
INFO  [mc_indi_tiltrotor] T2dbg1 G2=[-0.000 -0.650 0.060 0.000 -1.000] G5=[-0.764 -0.891 -0.000 12.726 0.000]
INFO  [mc_indi_tiltrotor] T2dbg2 Wu25=[1.0 1000000.0] du25=[-0.0031 -0.0000] dmax25=[32.2741 0.0120] nu_yaw=-0.279
INFO  [mc_indi_tiltrotor] WRdbg0 Wu0=1 lo0=-17.39 du0=-0.0010 pin0=-0.000 a0=[-0.001 0.001 -0.000 -0.000 -0.001]
INFO  [mc_indi_tiltrotor] WRdbg1 Wu1=1 lo1=-17.62 du1=0.0009 pin1=0.000 a1=[0.001 0.001 0.000 -0.000 -0.001]
INFO  [mc_indi_tiltrotor] T0dbg1 G0=[-0.255 0.226 0.029 0.122 -0.993] nu_des=[0.00 0.01 -0.28 -2.13 -0.00]
INFO  [mc_indi_tiltrotor] T0dbg2 Ws34=[0.1 20.0] Wu0=1.0 du0=-0.0003 dmin0=-17.4402 dmax0=27.5598
INFO  [mc_indi_tiltrotor] T2dbg1 G2=[-0.000 -0.650 0.060 0.000 -1.000] G5=[-0.766 -0.893 -0.000 12.761 0.000]
INFO  [mc_indi_tiltrotor] T2dbg2 Wu25=[1.0 1000000.0] du25=[-0.0115 -0.0000] dmax25=[32.2385 0.0120] nu_yaw=-0.277
INFO  [mc_indi_tiltrotor] WRdbg0 Wu0=1 lo0=-17.44 du0=-0.0003 pin0=-0.000 a0=[-0.008 0.006 -0.000 -0.000 0.001]
INFO  [mc_indi_tiltrotor] WRdbg1 Wu1=1 lo1=-17.66 du1=0.0152 pin1=0.000 a1=[0.008 0.006 0.000 -0.000 0.001]
INFO  [mc_indi_tiltrotor] YWdbg nu2=-0.266 ach2=-0.000 r=0.04 wsp2=-0.50 ddelta=[0.0000 -0.0000 -0.0000]
INFO  [mc_indi_tiltrotor] T0dbg1 G0=[-0.255 0.226 0.029 0.122 -0.993] nu_des=[0.00 0.00 -0.27 -2.13 0.01]
INFO  [mc_indi_tiltrotor] T0dbg2 Ws34=[0.1 20.0] Wu0=1.0 du0=-0.0009 dmin0=-17.4690 dmax0=27.5310
INFO  [mc_indi_tiltrotor] T2dbg1 G2=[-0.000 -0.650 0.060 0.000 -1.000] G5=[-0.767 -0.895 -0.000 12.785 0.000]
INFO  [mc_indi_tiltrotor] T2dbg2 Wu25=[1.0 1000000.0] du25=[-0.0069 -0.0000] dmax25=[32.2145 0.0120] nu_yaw=-0.269
INFO  [mc_indi_tiltrotor] WRdbg0 Wu0=1 lo0=-17.47 du0=-0.0009 pin0=-0.000 a0=[-0.001 0.003 -0.000 -0.000 -0.002]
INFO  [mc_indi_tiltrotor] WRdbg1 Wu1=1 lo1=-17.68 du1=0.0012 pin1=0.000 a1=[0.001 0.003 0.000 -0.000 -0.002]
INFO  [mc_indi_tiltrotor] T0dbg1 G0=[-0.255 0.226 0.029 0.122 -0.993] nu_des=[0.01 -0.01 -0.27 -2.12 -0.02]
INFO  [mc_indi_tiltrotor] T0dbg2 Ws34=[0.1 20.0] Wu0=1.0 du0=-0.0086 dmin0=-17.4231 dmax0=27.5769
INFO  [mc_indi_tiltrotor] T2dbg1 G2=[-0.000 -0.650 0.060 0.000 -1.000] G5=[-0.767 -0.894 -0.000 12.778 0.000]
INFO  [mc_indi_tiltrotor] T2dbg2 Wu25=[1.0 1000000.0] du25=[0.0108 -0.0000] dmax25=[32.2219 0.0120] nu_yaw=-0.268
INFO  [mc_indi_tiltrotor] WRdbg0 Wu0=1 lo0=-17.42 du0=-0.0086 pin0=-0.000 a0=[-0.012 -0.003 -0.000 -0.000 0.007]
INFO  [mc_indi_tiltrotor] WRdbg1 Wu1=1 lo1=-17.64 du1=0.0165 pin1=0.000 a1=[0.012 -0.003 0.000 -0.000 0.007]
INFO  [mc_indi_tiltrotor] YWdbg nu2=-0.265 ach2=-0.002 r=0.03 wsp2=-0.50 ddelta=[0.0000 -0.0000 -0.0000]
INFO  [mc_indi_tiltrotor] T0dbg1 G0=[-0.255 0.226 0.029 0.122 -0.993] nu_des=[-0.00 -0.01 -0.27 -2.12 0.01]
INFO  [mc_indi_tiltrotor] T0dbg2 Ws34=[0.1 20.0] Wu0=1.0 du0=-0.0011 dmin0=-17.4110 dmax0=27.5890
INFO  [mc_indi_tiltrotor] T2dbg1 G2=[-0.000 -0.650 0.060 0.000 -1.000] G5=[-0.767 -0.894 -0.000 12.776 0.000]
INFO  [mc_indi_tiltrotor] T2dbg2 Wu25=[1.0 1000000.0] du25=[0.0040 0.0000] dmax25=[32.2235 0.0120] nu_yaw=-0.269
INFO  [mc_indi_tiltrotor] WRdbg0 Wu0=1 lo0=-17.41 du0=-0.0011 pin0=-0.000 a0=[0.008 -0.004 -0.000 -0.000 -0.005]
INFO  [mc_indi_tiltrotor] WRdbg1 Wu1=1 lo1=-17.65 du1=-0.0164 pin1=0.000 a1=[-0.008 -0.004 0.000 -0.000 -0.005]
INFO  [mc_indi_tiltrotor] T0dbg1 G0=[-0.255 0.226 0.029 0.122 -0.993] nu_des=[-0.01 0.01 -0.27 -2.13 -0.01]
INFO  [mc_indi_tiltrotor] T0dbg2 Ws34=[0.1 20.0] Wu0=1.0 du0=0.0212 dmin0=-17.4605 dmax0=27.5395
INFO  [mc_indi_tiltrotor] T2dbg1 G2=[-0.000 -0.650 0.060 0.000 -1.000] G5=[-0.769 -0.897 -0.000 12.819 0.000]
INFO  [mc_indi_tiltrotor] T2dbg2 Wu25=[1.0 1000000.0] du25=[-0.0066 0.0000] dmax25=[32.1807 0.0120] nu_yaw=-0.269
INFO  [mc_indi_tiltrotor] WRdbg0 Wu0=1 lo0=-17.46 du0=0.0212 pin0=-0.000 a0=[0.012 0.005 -0.000 -0.000 0.004]
INFO  [mc_indi_tiltrotor] WRdbg1 Wu1=1 lo1=-17.69 du1=-0.0032 pin1=0.000 a1=[-0.012 0.005 0.000 -0.000 0.004]
INFO  [mc_indi_tiltrotor] YWdbg nu2=-0.267 ach2=0.001 r=0.04 wsp2=-0.50 ddelta=[0.0000 -0.0000 0.0000]
INFO  [mc_indi_tiltrotor] T0dbg1 G0=[-0.255 0.226 0.029 0.122 -0.993] nu_des=[0.00 -0.01 -0.27 -2.13 0.01]
INFO  [mc_indi_tiltrotor] T0dbg2 Ws34=[0.1 20.0] Wu0=1.0 du0=-0.0165 dmin0=-17.4712 dmax0=27.5288
INFO  [mc_indi_tiltrotor] T2dbg1 G2=[-0.000 -0.650 0.060 0.000 -1.000] G5=[-0.771 -0.900 -0.000 12.857 0.000]
INFO  [mc_indi_tiltrotor] T2dbg2 Wu25=[1.0 1000000.0] du25=[0.0062 -0.0000] dmax25=[32.1426 0.0120] nu_yaw=-0.271
INFO  [mc_indi_tiltrotor] WRdbg0 Wu0=1 lo0=-17.47 du0=-0.0165 pin0=-0.000 a0=[-0.006 -0.005 -0.000 -0.000 -0.005]
INFO  [mc_indi_tiltrotor] WRdbg1 Wu1=1 lo1=-17.72 du1=-0.0046 pin1=0.000 a1=[0.006 -0.005 0.000 -0.000 -0.006]
INFO  [mc_indi_tiltrotor] T0dbg1 G0=[-0.255 0.226 0.029 0.122 -0.993] nu_des=[-0.00 -0.00 -0.28 -2.14 0.01]
INFO  [mc_indi_tiltrotor] T0dbg2 Ws34=[0.1 20.0] Wu0=1.0 du0=0.0058 dmin0=-17.5226 dmax0=27.4774
INFO  [mc_indi_tiltrotor] T2dbg1 G2=[-0.000 -0.650 0.060 0.000 -1.000] G5=[-0.775 -0.904 -0.000 12.910 0.000]
INFO  [mc_indi_tiltrotor] T2dbg2 Wu25=[1.0 1000000.0] du25=[-0.0006 0.0000] dmax25=[32.0902 0.0120] nu_yaw=-0.283
INFO  [mc_indi_tiltrotor] WRdbg0 Wu0=1 lo0=-17.52 du0=0.0058 pin0=-0.000 a0=[0.008 -0.000 -0.000 -0.000 -0.002]
INFO  [mc_indi_tiltrotor] WRdbg1 Wu1=1 lo1=-17.77 du1=-0.0105 pin1=0.000 a1=[-0.008 -0.000 0.000 -0.000 -0.002]
INFO  [mc_indi_tiltrotor] YWdbg nu2=-0.276 ach2=-0.000 r=0.04 wsp2=-0.50 ddelta=[0.0000 -0.0000 0.0000]
INFO  [mc_indi_tiltrotor] T0dbg1 G0=[-0.255 0.226 0.029 0.122 -0.993] nu_des=[-0.00 0.00 -0.27 -2.14 -0.00]
INFO  [mc_indi_tiltrotor] T0dbg2 Ws34=[0.1 20.0] Wu0=1.0 du0=0.0118 dmin0=-17.5212 dmax0=27.4788
INFO  [mc_indi_tiltrotor] T2dbg1 G2=[-0.000 -0.650 0.060 0.000 -1.000] G5=[-0.776 -0.905 -0.000 12.931 0.000]
INFO  [mc_indi_tiltrotor] T2dbg2 Wu25=[1.0 1000000.0] du25=[-0.0052 0.0000] dmax25=[32.0688 0.0120] nu_yaw=-0.267
INFO  [mc_indi_tiltrotor] WRdbg0 Wu0=1 lo0=-17.52 du0=0.0118 pin0=-0.000 a0=[0.009 0.003 -0.000 -0.000 0.000]
INFO  [mc_indi_tiltrotor] WRdbg1 Wu1=1 lo1=-17.75 du1=-0.0062 pin1=0.000 a1=[-0.009 0.003 0.000 -0.000 0.000]
INFO  [mc_indi_tiltrotor] T0dbg1 G0=[-0.255 0.226 0.029 0.122 -0.993] nu_des=[-0.00 0.00 -0.27 -2.15 0.01]
INFO  [mc_indi_tiltrotor] T0dbg2 Ws34=[0.1 20.0] Wu0=1.0 du0=0.0018 dmin0=-17.6173 dmax0=27.3827
INFO  [mc_indi_tiltrotor] T2dbg1 G2=[-0.000 -0.650 0.060 0.000 -1.000] G5=[-0.782 -0.912 -0.000 13.025 0.000]
INFO  [mc_indi_tiltrotor] T2dbg2 Wu25=[1.0 1000000.0] du25=[-0.0061 0.0000] dmax25=[31.9748 0.0120] nu_yaw=-0.275
INFO  [mc_indi_tiltrotor] WRdbg0 Wu0=1 lo0=-17.62 du0=0.0018 pin0=-0.000 a0=[0.003 0.002 -0.000 -0.000 -0.003]
INFO  [mc_indi_tiltrotor] WRdbg1 Wu1=1 lo1=-17.83 du1=-0.0033 pin1=0.000 a1=[-0.003 0.002 0.000 -0.000 -0.003]
INFO  [mc_indi_tiltrotor] YWdbg nu2=-0.271 ach2=0.002 r=0.04 wsp2=-0.50 ddelta=[0.0000 -0.0000 0.0000]
INFO  [mc_indi_tiltrotor] T0dbg1 G0=[-0.255 0.226 0.029 0.122 -0.993] nu_des=[-0.00 0.01 -0.27 -2.14 0.03]
INFO  [mc_indi_tiltrotor] T0dbg2 Ws34=[0.1 20.0] Wu0=1.0 du0=0.0004 dmin0=-17.5710 dmax0=27.4290
INFO  [mc_indi_tiltrotor] T2dbg1 G2=[-0.000 -0.650 0.060 0.000 -1.000] G5=[-0.781 -0.912 -0.000 13.023 0.000]
INFO  [mc_indi_tiltrotor] T2dbg2 Wu25=[1.0 1000000.0] du25=[-0.0147 0.0000] dmax25=[31.9771 0.0120] nu_yaw=-0.266
INFO  [mc_indi_tiltrotor] WRdbg0 Wu0=1 lo0=-17.57 du0=0.0004 pin0=-0.000 a0=[0.010 0.003 -0.000 -0.000 -0.012]
INFO  [mc_indi_tiltrotor] WRdbg1 Wu1=1 lo1=-17.80 du1=-0.0188 pin1=0.000 a1=[-0.010 0.003 0.000 -0.000 -0.012]
INFO  [mc_indi_tiltrotor] T0dbg1 G0=[-0.255 0.226 0.029 0.122 -0.993] nu_des=[-0.00 -0.01 -0.26 -2.13 0.04]
INFO  [mc_indi_tiltrotor] T0dbg2 Ws34=[0.1 20.0] Wu0=1.0 du0=-0.0189 dmin0=-17.4670 dmax0=27.5330
INFO  [mc_indi_tiltrotor] T2dbg1 G2=[-0.000 -0.650 0.060 0.000 -1.000] G5=[-0.776 -0.905 -0.000 12.933 0.000]
INFO  [mc_indi_tiltrotor] T2dbg2 Wu25=[1.0 1000000.0] du25=[0.0017 0.0000] dmax25=[32.0665 0.0120] nu_yaw=-0.263
INFO  [mc_indi_tiltrotor] WRdbg0 Wu0=1 lo0=-17.47 du0=-0.0189 pin0=-0.000 a0=[0.002 -0.006 -0.000 -0.000 -0.015]
INFO  [mc_indi_tiltrotor] WRdbg1 Wu1=1 lo1=-17.69 du1=-0.0228 pin1=0.000 a1=[-0.002 -0.006 0.000 -0.000 -0.015]
INFO  [mc_indi_tiltrotor] YWdbg nu2=-0.271 ach2=-0.001 r=0.04 wsp2=-0.50 ddelta=[0.0000 -0.0000 -0.0000]
INFO  [mc_indi_tiltrotor] T0dbg1 G0=[-0.255 0.226 0.029 0.122 -0.993] nu_des=[0.00 -0.00 -0.26 -2.11 0.02]
INFO  [mc_indi_tiltrotor] T0dbg2 Ws34=[0.1 20.0] Wu0=1.0 du0=-0.0083 dmin0=-17.3166 dmax0=27.6834
INFO  [mc_indi_tiltrotor] T2dbg1 G2=[-0.000 -0.650 0.060 0.000 -1.000] G5=[-0.767 -0.895 -0.000 12.786 0.000]
INFO  [mc_indi_tiltrotor] T2dbg2 Wu25=[1.0 1000000.0] du25=[-0.0032 -0.0000] dmax25=[32.2143 0.0120] nu_yaw=-0.257
INFO  [mc_indi_tiltrotor] WRdbg0 Wu0=1 lo0=-17.32 du0=-0.0083 pin0=-0.000 a0=[-0.000 -0.001 -0.000 -0.000 -0.007]
INFO  [mc_indi_tiltrotor] WRdbg1 Wu1=1 lo1=-17.54 du1=-0.0074 pin1=0.000 a1=[0.000 -0.001 0.000 -0.000 -0.007]
INFO  [mc_indi_tiltrotor] T0dbg1 G0=[-0.255 0.226 0.029 0.122 -0.993] nu_des=[0.00 0.01 -0.26 -2.12 0.01]
INFO  [mc_indi_tiltrotor] T0dbg2 Ws34=[0.1 20.0] Wu0=1.0 du0=-0.0080 dmin0=-17.3806 dmax0=27.6194
INFO  [mc_indi_tiltrotor] T2dbg1 G2=[-0.000 -0.650 0.060 0.000 -1.000] G5=[-0.768 -0.897 -0.000 12.808 0.000]
INFO  [mc_indi_tiltrotor] T2dbg2 Wu25=[1.0 1000000.0] du25=[-0.0102 -0.0000] dmax25=[32.1923 0.0120] nu_yaw=-0.261
INFO  [mc_indi_tiltrotor] WRdbg0 Wu0=1 lo0=-17.38 du0=-0.0080 pin0=-0.000 a0=[-0.007 0.003 -0.000 -0.000 -0.005]
INFO  [mc_indi_tiltrotor] WRdbg1 Wu1=1 lo1=-17.61 du1=0.0054 pin1=0.000 a1=[0.007 0.003 0.000 -0.000 -0.005]
INFO  [mc_indi_tiltrotor] YWdbg nu2=-0.272 ach2=0.001 r=0.03 wsp2=-0.50 ddelta=[0.0000 -0.0000 0.0000]
INFO  [mc_indi_tiltrotor] T0dbg1 G0=[-0.255 0.226 0.029 0.122 -0.993] nu_des=[-0.00 -0.00 -0.26 -2.11 0.00]
INFO  [mc_indi_tiltrotor] T0dbg2 Ws34=[0.1 20.0] Wu0=1.0 du0=0.0010 dmin0=-17.2916 dmax0=27.7084
INFO  [mc_indi_tiltrotor] T2dbg1 G2=[-0.000 -0.650 0.060 0.000 -1.000] G5=[-0.765 -0.893 -0.000 12.751 0.000]
INFO  [mc_indi_tiltrotor] T2dbg2 Wu25=[1.0 1000000.0] du25=[0.0018 0.0000] dmax25=[32.2486 0.0120] nu_yaw=-0.262
INFO  [mc_indi_tiltrotor] WRdbg0 Wu0=1 lo0=-17.29 du0=0.0010 pin0=-0.000 a0=[0.004 -0.001 -0.000 -0.000 -0.002]
INFO  [mc_indi_tiltrotor] WRdbg1 Wu1=1 lo1=-17.51 du1=-0.0072 pin1=0.000 a1=[-0.004 -0.001 0.000 -0.000 -0.002]
INFO  [mc_indi_tiltrotor] T0dbg1 G0=[-0.255 0.226 0.029 0.122 -0.993] nu_des=[-0.00 0.00 -0.28 -2.13 0.01]
INFO  [mc_indi_tiltrotor] T0dbg2 Ws34=[0.1 20.0] Wu0=1.0 du0=-0.0015 dmin0=-17.4421 dmax0=27.5579
INFO  [mc_indi_tiltrotor] T2dbg1 G2=[-0.000 -0.650 0.060 0.000 -1.000] G5=[-0.772 -0.901 -0.000 12.870 0.000]
INFO  [mc_indi_tiltrotor] T2dbg2 Wu25=[1.0 1000000.0] du25=[-0.0046 0.0000] dmax25=[32.1300 0.0120] nu_yaw=-0.279
INFO  [mc_indi_tiltrotor] WRdbg0 Wu0=1 lo0=-17.44 du0=-0.0015 pin0=-0.000 a0=[0.000 0.001 -0.000 -0.000 -0.003]
INFO  [mc_indi_tiltrotor] WRdbg1 Wu1=1 lo1=-17.67 du1=-0.0017 pin1=0.000 a1=[-0.000 0.001 0.000 -0.000 -0.003]
INFO  [mc_indi_tiltrotor] YWdbg nu2=-0.268 ach2=0.002 r=0.04 wsp2=-0.50 ddelta=[0.0000 -0.0000 0.0000]
INFO  [mc_indi_tiltrotor] T0dbg1 G0=[-0.255 0.226 0.029 0.122 -0.993] nu_des=[0.00 -0.00 -0.27 -2.12 0.02]
INFO  [mc_indi_tiltrotor] T0dbg2 Ws34=[0.1 20.0] Wu0=1.0 du0=-0.0154 dmin0=-17.4328 dmax0=27.5672
INFO  [mc_indi_tiltrotor] T2dbg1 G2=[-0.000 -0.650 0.060 0.000 -1.000] G5=[-0.775 -0.904 -0.000 12.910 0.000]
INFO  [mc_indi_tiltrotor] T2dbg2 Wu25=[1.0 1000000.0] du25=[-0.0029 -0.0000] dmax25=[32.0895 0.0120] nu_yaw=-0.269
INFO  [mc_indi_tiltrotor] WRdbg0 Wu0=1 lo0=-17.43 du0=-0.0154 pin0=-0.000 a0=[-0.005 -0.002 -0.000 -0.000 -0.009]
INFO  [mc_indi_tiltrotor] WRdbg1 Wu1=1 lo1=-17.66 du1=-0.0061 pin1=0.000 a1=[0.005 -0.002 0.000 -0.000 -0.009]
INFO  [mc_indi_tiltrotor] T0dbg1 G0=[-0.255 0.226 0.029 0.122 -0.993] nu_des=[0.00 0.01 -0.27 -2.11 0.01]
INFO  [mc_indi_tiltrotor] T0dbg2 Ws34=[0.1 20.0] Wu0=1.0 du0=-0.0002 dmin0=-17.3219 dmax0=27.6781
INFO  [mc_indi_tiltrotor] T2dbg1 G2=[-0.000 -0.650 0.060 0.000 -1.000] G5=[-0.769 -0.897 -0.000 12.813 0.000]
INFO  [mc_indi_tiltrotor] T2dbg2 Wu25=[1.0 1000000.0] du25=[-0.0181 -0.0000] dmax25=[32.1871 0.0120] nu_yaw=-0.270
INFO  [mc_indi_tiltrotor] WRdbg0 Wu0=1 lo0=-17.32 du0=-0.0002 pin0=-0.000 a0=[-0.004 0.008 -0.000 -0.000 -0.004]
INFO  [mc_indi_tiltrotor] WRdbg1 Wu1=1 lo1=-17.55 du1=0.0070 pin1=0.000 a1=[0.004 0.008 0.000 -0.000 -0.004]
INFO  [mc_indi_tiltrotor] YWdbg nu2=-0.259 ach2=0.001 r=0.04 wsp2=-0.50 ddelta=[0.0000 -0.0000 0.0000]
INFO  [mc_indi_tiltrotor] T0dbg1 G0=[-0.255 0.226 0.029 0.122 -0.993] nu_des=[0.00 0.00 -0.26 -2.13 -0.02]
INFO  [mc_indi_tiltrotor] T0dbg2 Ws34=[0.1 20.0] Wu0=1.0 du0=0.0011 dmin0=-17.4463 dmax0=27.5537
INFO  [mc_indi_tiltrotor] T2dbg1 G2=[-0.000 -0.650 0.060 0.000 -1.000] G5=[-0.774 -0.902 -0.000 12.893 0.000]
INFO  [mc_indi_tiltrotor] T2dbg2 Wu25=[1.0 1000000.0] du25=[0.0011 -0.0000] dmax25=[32.1073 0.0120] nu_yaw=-0.258
INFO  [mc_indi_tiltrotor] WRdbg0 Wu0=1 lo0=-17.45 du0=0.0011 pin0=-0.000 a0=[-0.006 0.001 -0.000 -0.000 0.006]
INFO  [mc_indi_tiltrotor] WRdbg1 Wu1=1 lo1=-17.67 du1=0.0138 pin1=0.000 a1=[0.006 0.001 0.000 -0.000 0.006]
INFO  [mc_indi_tiltrotor] T0dbg1 G0=[-0.255 0.226 0.029 0.122 -0.993] nu_des=[0.01 -0.01 -0.27 -2.12 0.01]
INFO  [mc_indi_tiltrotor] T0dbg2 Ws34=[0.1 20.0] Wu0=1.0 du0=-0.0167 dmin0=-17.4101 dmax0=27.5899
INFO  [mc_indi_tiltrotor] T2dbg1 G2=[-0.000 -0.650 0.060 0.000 -1.000] G5=[-0.773 -0.902 -0.000 12.881 0.000]
INFO  [mc_indi_tiltrotor] T2dbg2 Wu25=[1.0 1000000.0] du25=[0.0070 -0.0000] dmax25=[32.1189 0.0120] nu_yaw=-0.270
INFO  [mc_indi_tiltrotor] WRdbg0 Wu0=1 lo0=-17.41 du0=-0.0167 pin0=-0.000 a0=[-0.010 -0.004 -0.000 -0.000 -0.002]
INFO  [mc_indi_tiltrotor] WRdbg1 Wu1=1 lo1=-17.63 du1=0.0039 pin1=0.000 a1=[0.010 -0.004 0.000 -0.000 -0.002]
INFO  [mc_indi_tiltrotor] YWdbg nu2=-0.266 ach2=0.001 r=0.03 wsp2=-0.50 ddelta=[0.0000 -0.0000 0.0000]
INFO  [mc_indi_tiltrotor] T0dbg1 G0=[-0.255 0.226 0.029 0.122 -0.993] nu_des=[-0.00 0.00 -0.26 -2.11 0.02]
INFO  [mc_indi_tiltrotor] T0dbg2 Ws34=[0.1 20.0] Wu0=1.0 du0=-0.0040 dmin0=-17.3213 dmax0=27.6787
INFO  [mc_indi_tiltrotor] T2dbg1 G2=[-0.000 -0.650 0.060 0.000 -1.000] G5=[-0.768 -0.896 -0.000 12.807 0.000]
INFO  [mc_indi_tiltrotor] T2dbg2 Wu25=[1.0 1000000.0] du25=[-0.0063 -0.0000] dmax25=[32.1931 0.0120] nu_yaw=-0.260
INFO  [mc_indi_tiltrotor] WRdbg0 Wu0=1 lo0=-17.32 du0=-0.0040 pin0=-0.000 a0=[0.004 0.000 -0.000 -0.000 -0.008]
INFO  [mc_indi_tiltrotor] WRdbg1 Wu1=1 lo1=-17.53 du1=-0.0124 pin1=0.000 a1=[-0.004 0.000 0.000 -0.000 -0.009]
INFO  [mc_indi_tiltrotor] T0dbg1 G0=[-0.255 0.226 0.029 0.122 -0.993] nu_des=[-0.00 -0.00 -0.27 -2.11 0.01]
INFO  [mc_indi_tiltrotor] T0dbg2 Ws34=[0.1 20.0] Wu0=1.0 du0=-0.0002 dmin0=-17.3004 dmax0=27.6996
INFO  [mc_indi_tiltrotor] T2dbg1 G2=[-0.000 -0.650 0.060 0.000 -1.000] G5=[-0.767 -0.895 -0.000 12.784 0.000]
INFO  [mc_indi_tiltrotor] T2dbg2 Wu25=[1.0 1000000.0] du25=[0.0025 0.0000] dmax25=[32.2161 0.0120] nu_yaw=-0.267
INFO  [mc_indi_tiltrotor] WRdbg0 Wu0=1 lo0=-17.30 du0=-0.0002 pin0=-0.000 a0=[0.004 -0.002 -0.000 -0.000 -0.002]
INFO  [mc_indi_tiltrotor] WRdbg1 Wu1=1 lo1=-17.51 du1=-0.0087 pin1=0.000 a1=[-0.004 -0.002 0.000 -0.000 -0.002]
INFO  [mc_indi_tiltrotor] YWdbg nu2=-0.272 ach2=-0.001 r=0.03 wsp2=-0.50 ddelta=[0.0000 -0.0000 -0.0000]
INFO  [mc_indi_tiltrotor] T0dbg1 G0=[-0.255 0.226 0.029 0.122 -0.993] nu_des=[-0.01 0.00 -0.26 -2.09 0.01]
INFO  [mc_indi_tiltrotor] T0dbg2 Ws34=[0.1 20.0] Wu0=1.0 du0=0.0190 dmin0=-17.1864 dmax0=27.8136
INFO  [mc_indi_tiltrotor] T2dbg1 G2=[-0.000 -0.650 0.060 0.000 -1.000] G5=[-0.760 -0.887 -0.000 12.669 0.000]
INFO  [mc_indi_tiltrotor] T2dbg2 Wu25=[1.0 1000000.0] du25=[-0.0029 0.0000] dmax25=[32.3311 0.0120] nu_yaw=-0.262
INFO  [mc_indi_tiltrotor] WRdbg0 Wu0=1 lo0=-17.19 du0=0.0190 pin0=-0.000 a0=[0.022 0.000 -0.000 -0.000 -0.003]
INFO  [mc_indi_tiltrotor] WRdbg1 Wu1=1 lo1=-17.42 du1=-0.0243 pin1=0.000 a1=[-0.022 0.001 0.000 -0.000 -0.003]
INFO  [mc_indi_tiltrotor] T0dbg1 G0=[-0.255 0.226 0.029 0.122 -0.993] nu_des=[0.01 -0.00 -0.26 -2.09 0.00]
INFO  [mc_indi_tiltrotor] T0dbg2 Ws34=[0.1 20.0] Wu0=1.0 du0=-0.0154 dmin0=-17.1747 dmax0=27.8253
INFO  [mc_indi_tiltrotor] T2dbg1 G2=[-0.000 -0.650 0.060 0.000 -1.000] G5=[-0.759 -0.885 -0.000 12.649 0.000]
INFO  [mc_indi_tiltrotor] T2dbg2 Wu25=[1.0 1000000.0] du25=[-0.0002 -0.0000] dmax25=[32.3507 0.0120] nu_yaw=-0.258
INFO  [mc_indi_tiltrotor] WRdbg0 Wu0=1 lo0=-17.17 du0=-0.0154 pin0=-0.000 a0=[-0.014 -0.000 -0.000 -0.000 -0.001]
INFO  [mc_indi_tiltrotor] WRdbg1 Wu1=1 lo1=-17.42 du1=0.0117 pin1=0.000 a1=[0.014 -0.000 0.000 -0.000 -0.001]
INFO  [mc_indi_tiltrotor] YWdbg nu2=-0.263 ach2=-0.001 r=0.03 wsp2=-0.50 ddelta=[0.0000 -0.0000 -0.0000]
INFO  [mc_indi_tiltrotor] T0dbg1 G0=[-0.255 0.226 0.029 0.122 -0.993] nu_des=[-0.01 0.00 -0.26 -2.10 0.00]
INFO  [mc_indi_tiltrotor] T0dbg2 Ws34=[0.1 20.0] Wu0=1.0 du0=0.0132 dmin0=-17.2605 dmax0=27.7395
INFO  [mc_indi_tiltrotor] T2dbg1 G2=[-0.000 -0.650 0.060 0.000 -1.000] G5=[-0.764 -0.892 -0.000 12.736 0.000]
INFO  [mc_indi_tiltrotor] T2dbg2 Wu25=[1.0 1000000.0] du25=[-0.0063 0.0000] dmax25=[32.2638 0.0120] nu_yaw=-0.262
INFO  [mc_indi_tiltrotor] WRdbg0 Wu0=1 lo0=-17.26 du0=0.0132 pin0=-0.000 a0=[0.012 0.003 -0.000 -0.000 -0.001]
INFO  [mc_indi_tiltrotor] WRdbg1 Wu1=1 lo1=-17.51 du1=-0.0099 pin1=0.000 a1=[-0.012 0.003 0.000 -0.000 -0.001]
INFO  [mc_indi_tiltrotor] T0dbg1 G0=[-0.255 0.226 0.029 0.122 -0.993] nu_des=[-0.00 -0.00 -0.26 -2.11 0.01]
INFO  [mc_indi_tiltrotor] T0dbg2 Ws34=[0.1 20.0] Wu0=1.0 du0=0.0040 dmin0=-17.2807 dmax0=27.7193
INFO  [mc_indi_tiltrotor] T2dbg1 G2=[-0.000 -0.650 0.060 0.000 -1.000] G5=[-0.765 -0.892 -0.000 12.746 0.000]
INFO  [mc_indi_tiltrotor] T2dbg2 Wu25=[1.0 1000000.0] du25=[-0.0021 0.0000] dmax25=[32.2540 0.0120] nu_yaw=-0.262
INFO  [mc_indi_tiltrotor] WRdbg0 Wu0=1 lo0=-17.28 du0=0.0040 pin0=-0.000 a0=[0.008 -0.000 -0.000 -0.000 -0.003]
INFO  [mc_indi_tiltrotor] WRdbg1 Wu1=1 lo1=-17.50 du1=-0.0111 pin1=0.000 a1=[-0.008 -0.000 0.000 -0.000 -0.004]
INFO  [mc_indi_tiltrotor] YWdbg nu2=-0.269 ach2=-0.001 r=0.04 wsp2=-0.50 ddelta=[0.0000 -0.0000 -0.0000]
INFO  [mc_indi_tiltrotor] T0dbg1 G0=[-0.255 0.226 0.029 0.122 -0.993] nu_des=[-0.01 0.00 -0.27 -2.09 0.00]
INFO  [mc_indi_tiltrotor] T0dbg2 Ws34=[0.1 20.0] Wu0=1.0 du0=0.0173 dmin0=-17.1882 dmax0=27.8118
INFO  [mc_indi_tiltrotor] T2dbg1 G2=[-0.000 -0.650 0.060 0.000 -1.000] G5=[-0.761 -0.888 -0.000 12.690 0.000]
INFO  [mc_indi_tiltrotor] T2dbg2 Wu25=[1.0 1000000.0] du25=[-0.0045 0.0000] dmax25=[32.3096 0.0120] nu_yaw=-0.272
INFO  [mc_indi_tiltrotor] WRdbg0 Wu0=1 lo0=-17.19 du0=0.0173 pin0=-0.000 a0=[0.017 0.002 -0.000 -0.000 -0.001]
INFO  [mc_indi_tiltrotor] WRdbg1 Wu1=1 lo1=-17.43 du1=-0.0168 pin1=0.000 a1=[-0.017 0.002 0.000 -0.000 -0.002]
INFO  [mc_indi_tiltrotor] T0dbg1 G0=[-0.255 0.226 0.029 0.122 -0.993] nu_des=[-0.00 0.01 -0.26 -2.11 0.00]
INFO  [mc_indi_tiltrotor] T0dbg2 Ws34=[0.1 20.0] Wu0=1.0 du0=0.0060 dmin0=-17.2924 dmax0=27.7076
INFO  [mc_indi_tiltrotor] T2dbg1 G2=[-0.000 -0.650 0.060 0.000 -1.000] G5=[-0.765 -0.893 -0.000 12.754 0.000]
INFO  [mc_indi_tiltrotor] T2dbg2 Wu25=[1.0 1000000.0] du25=[-0.0084 -0.0000] dmax25=[32.2456 0.0120] nu_yaw=-0.265
INFO  [mc_indi_tiltrotor] WRdbg0 Wu0=1 lo0=-17.29 du0=0.0060 pin0=-0.000 a0=[0.004 0.004 -0.000 -0.000 -0.001]
INFO  [mc_indi_tiltrotor] WRdbg1 Wu1=1 lo1=-17.51 du1=-0.0009 pin1=0.000 a1=[-0.004 0.004 0.000 -0.000 -0.001]
INFO  [mc_indi_tiltrotor] YWdbg nu2=-0.260 ach2=-0.001 r=0.03 wsp2=-0.50 ddelta=[0.0000 -0.0000 -0.0000]
INFO  [mc_indi_tiltrotor] T0dbg1 G0=[-0.255 0.226 0.029 0.122 -0.993] nu_des=[0.00 0.01 -0.26 -2.11 -0.03]
INFO  [mc_indi_tiltrotor] T0dbg2 Ws34=[0.1 20.0] Wu0=1.0 du0=0.0156 dmin0=-17.3065 dmax0=27.6935
INFO  [mc_indi_tiltrotor] T2dbg1 G2=[-0.000 -0.650 0.060 0.000 -1.000] G5=[-0.767 -0.895 -0.000 12.786 0.000]
INFO  [mc_indi_tiltrotor] T2dbg2 Wu25=[1.0 1000000.0] du25=[-0.0002 -0.0000] dmax25=[32.2136 0.0120] nu_yaw=-0.265
INFO  [mc_indi_tiltrotor] WRdbg0 Wu0=1 lo0=-17.31 du0=0.0156 pin0=-0.000 a0=[-0.000 0.004 -0.000 -0.000 0.012]
INFO  [mc_indi_tiltrotor] WRdbg1 Wu1=1 lo1=-17.54 du1=0.0169 pin1=0.000 a1=[0.000 0.004 0.000 -0.000 0.012]
INFO  [mc_indi_tiltrotor] T0dbg1 G0=[-0.255 0.226 0.029 0.122 -0.993] nu_des=[-0.00 0.00 -0.27 -2.13 -0.01]
INFO  [mc_indi_tiltrotor] T0dbg2 Ws34=[0.1 20.0] Wu0=1.0 du0=0.0080 dmin0=-17.4370 dmax0=27.5630
INFO  [mc_indi_tiltrotor] T2dbg1 G2=[-0.000 -0.650 0.060 0.000 -1.000] G5=[-0.775 -0.904 -0.000 12.918 0.000]
INFO  [mc_indi_tiltrotor] T2dbg2 Wu25=[1.0 1000000.0] du25=[-0.0009 -0.0000] dmax25=[32.0816 0.0120] nu_yaw=-0.266
INFO  [mc_indi_tiltrotor] WRdbg0 Wu0=1 lo0=-17.44 du0=0.0080 pin0=-0.000 a0=[0.000 0.002 -0.000 -0.000 0.006]
INFO  [mc_indi_tiltrotor] WRdbg1 Wu1=1 lo1=-17.66 du1=0.0079 pin1=0.000 a1=[-0.000 0.002 0.000 -0.000 0.006]
INFO  [mc_indi_tiltrotor] YWdbg nu2=-0.270 ach2=-0.001 r=0.04 wsp2=-0.50 ddelta=[0.0000 -0.0000 -0.0000]
INFO  [mc_indi_tiltrotor] T0dbg1 G0=[-0.255 0.226 0.029 0.122 -0.993] nu_des=[-0.00 0.01 -0.27 -2.11 0.03]
INFO  [mc_indi_tiltrotor] T0dbg2 Ws34=[0.1 20.0] Wu0=1.0 du0=-0.0033 dmin0=-17.3441 dmax0=27.6559
INFO  [mc_indi_tiltrotor] T2dbg1 G2=[-0.000 -0.650 0.060 0.000 -1.000] G5=[-0.774 -0.902 -0.000 12.892 0.000]
INFO  [mc_indi_tiltrotor] T2dbg2 Wu25=[1.0 1000000.0] du25=[-0.0174 0.0000] dmax25=[32.1083 0.0120] nu_yaw=-0.272
INFO  [mc_indi_tiltrotor] WRdbg0 Wu0=1 lo0=-17.34 du0=-0.0033 pin0=-0.000 a0=[0.003 0.005 -0.000 -0.000 -0.011]
INFO  [mc_indi_tiltrotor] WRdbg1 Wu1=1 lo1=-17.59 du1=-0.0088 pin1=0.000 a1=[-0.003 0.005 0.000 -0.000 -0.011]
INFO  [mc_indi_tiltrotor] T0dbg1 G0=[-0.255 0.226 0.029 0.122 -0.993] nu_des=[-0.00 0.01 -0.26 -2.11 -0.00]
INFO  [mc_indi_tiltrotor] T0dbg2 Ws34=[0.1 20.0] Wu0=1.0 du0=0.0130 dmin0=-17.3464 dmax0=27.6536
INFO  [mc_indi_tiltrotor] T2dbg1 G2=[-0.000 -0.650 0.060 0.000 -1.000] G5=[-0.772 -0.901 -0.000 12.872 0.000]
INFO  [mc_indi_tiltrotor] T2dbg2 Wu25=[1.0 1000000.0] du25=[-0.0059 0.0000] dmax25=[32.1284 0.0120] nu_yaw=-0.263
INFO  [mc_indi_tiltrotor] WRdbg0 Wu0=1 lo0=-17.35 du0=0.0130 pin0=-0.000 a0=[0.009 0.003 -0.000 -0.000 0.001]
INFO  [mc_indi_tiltrotor] WRdbg1 Wu1=1 lo1=-17.57 du1=-0.0056 pin1=0.000 a1=[-0.009 0.003 0.000 -0.000 0.001]
INFO  [mc_indi_tiltrotor] YWdbg nu2=-0.266 ach2=-0.001 r=0.03 wsp2=-0.50 ddelta=[0.0000 -0.0000 -0.0000]
INFO  [mc_indi_tiltrotor] T0dbg1 G0=[-0.255 0.226 0.029 0.122 -0.993] nu_des=[-0.00 0.00 -0.26 -2.11 0.01]
INFO  [mc_indi_tiltrotor] T0dbg2 Ws34=[0.1 20.0] Wu0=1.0 du0=-0.0016 dmin0=-17.3389 dmax0=27.6611
INFO  [mc_indi_tiltrotor] T2dbg1 G2=[-0.000 -0.650 0.060 0.000 -1.000] G5=[-0.771 -0.899 -0.000 12.842 0.000]
INFO  [mc_indi_tiltrotor] T2dbg2 Wu25=[1.0 1000000.0] du25=[-0.0026 -0.0000] dmax25=[32.1583 0.0120] nu_yaw=-0.258
INFO  [mc_indi_tiltrotor] WRdbg0 Wu0=1 lo0=-17.34 du0=-0.0016 pin0=-0.000 a0=[0.001 0.000 -0.000 -0.000 -0.003]
INFO  [mc_indi_tiltrotor] WRdbg1 Wu1=1 lo1=-17.53 du1=-0.0042 pin1=0.000 a1=[-0.001 0.000 0.000 -0.000 -0.003]
INFO  [mc_indi_tiltrotor] T0dbg1 G0=[-0.255 0.226 0.029 0.122 -0.993] nu_des=[-0.00 -0.01 -0.27 -2.11 0.05]
INFO  [mc_indi_tiltrotor] T0dbg2 Ws34=[0.1 20.0] Wu0=1.0 du0=-0.0228 dmin0=-17.3327 dmax0=27.6673
INFO  [mc_indi_tiltrotor] T2dbg1 G2=[-0.000 -0.650 0.060 0.000 -1.000] G5=[-0.772 -0.901 -0.000 12.869 0.000]
INFO  [mc_indi_tiltrotor] T2dbg2 Wu25=[1.0 1000000.0] du25=[0.0010 0.0000] dmax25=[32.1314 0.0120] nu_yaw=-0.270
INFO  [mc_indi_tiltrotor] WRdbg0 Wu0=1 lo0=-17.33 du0=-0.0228 pin0=-0.000 a0=[0.004 -0.007 -0.000 -0.000 -0.020]
INFO  [mc_indi_tiltrotor] WRdbg1 Wu1=1 lo1=-17.57 du1=-0.0322 pin1=0.000 a1=[-0.004 -0.007 0.000 -0.000 -0.020]
INFO  [mc_indi_tiltrotor] YWdbg nu2=-0.266 ach2=0.000 r=0.03 wsp2=-0.50 ddelta=[0.0000 -0.0000 0.0000]
INFO  [mc_indi_tiltrotor] T0dbg1 G0=[-0.255 0.226 0.029 0.122 -0.993] nu_des=[-0.00 0.01 -0.26 -2.09 0.00]
INFO  [mc_indi_tiltrotor] T0dbg2 Ws34=[0.1 20.0] Wu0=1.0 du0=0.0100 dmin0=-17.1567 dmax0=27.8433
INFO  [mc_indi_tiltrotor] T2dbg1 G2=[-0.000 -0.650 0.060 0.000 -1.000] G5=[-0.762 -0.889 -0.000 12.703 0.000]
INFO  [mc_indi_tiltrotor] T2dbg2 Wu25=[1.0 1000000.0] du25=[-0.0065 0.0000] dmax25=[32.2968 0.0120] nu_yaw=-0.257
INFO  [mc_indi_tiltrotor] WRdbg0 Wu0=1 lo0=-17.16 du0=0.0100 pin0=-0.000 a0=[0.008 0.003 -0.000 -0.000 -0.001]
INFO  [mc_indi_tiltrotor] WRdbg1 Wu1=1 lo1=-17.39 du1=-0.0054 pin1=0.000 a1=[-0.008 0.003 0.000 -0.000 -0.001]
INFO  [mc_indi_tiltrotor] T0dbg1 G0=[-0.255 0.226 0.029 0.122 -0.993] nu_des=[0.01 -0.01 -0.26 -2.10 0.00]
INFO  [mc_indi_tiltrotor] T0dbg2 Ws34=[0.1 20.0] Wu0=1.0 du0=-0.0224 dmin0=-17.2546 dmax0=27.7454
INFO  [mc_indi_tiltrotor] T2dbg1 G2=[-0.000 -0.650 0.060 0.000 -1.000] G5=[-0.766 -0.894 -0.000 12.775 0.000]
INFO  [mc_indi_tiltrotor] T2dbg2 Wu25=[1.0 1000000.0] du25=[0.0064 -0.0000] dmax25=[32.2252 0.0120] nu_yaw=-0.264
INFO  [mc_indi_tiltrotor] WRdbg0 Wu0=1 lo0=-17.25 du0=-0.0224 pin0=-0.000 a0=[-0.017 -0.004 -0.000 -0.000 -0.001]
INFO  [mc_indi_tiltrotor] WRdbg1 Wu1=1 lo1=-17.49 du1=0.0124 pin1=0.000 a1=[0.017 -0.004 0.000 -0.000 -0.001]
INFO  [mc_indi_tiltrotor] YWdbg nu2=-0.261 ach2=0.001 r=0.03 wsp2=-0.50 ddelta=[0.0000 -0.0000 0.0000]
INFO  [mc_indi_tiltrotor] T0dbg1 G0=[-0.255 0.226 0.029 0.122 -0.993] nu_des=[0.00 -0.00 -0.27 -2.09 -0.00]
INFO  [mc_indi_tiltrotor] T0dbg2 Ws34=[0.1 20.0] Wu0=1.0 du0=-0.0015 dmin0=-17.1360 dmax0=27.8640
INFO  [mc_indi_tiltrotor] T2dbg1 G2=[-0.000 -0.650 0.060 0.000 -1.000] G5=[-0.761 -0.888 -0.000 12.687 0.000]
INFO  [mc_indi_tiltrotor] T2dbg2 Wu25=[1.0 1000000.0] du25=[0.0037 0.0000] dmax25=[32.3126 0.0120] nu_yaw=-0.266
INFO  [mc_indi_tiltrotor] WRdbg0 Wu0=1 lo0=-17.14 du0=-0.0015 pin0=-0.000 a0=[-0.001 -0.001 -0.000 -0.000 0.001]
INFO  [mc_indi_tiltrotor] WRdbg1 Wu1=1 lo1=-17.37 du1=0.0006 pin1=0.000 a1=[0.001 -0.002 0.000 -0.000 0.001]
INFO  [mc_indi_tiltrotor] T0dbg1 G0=[-0.255 0.226 0.029 0.122 -0.993] nu_des=[0.00 0.00 -0.26 -2.09 0.01]
INFO  [mc_indi_tiltrotor] T0dbg2 Ws34=[0.1 20.0] Wu0=1.0 du0=-0.0093 dmin0=-17.1506 dmax0=27.8494
INFO  [mc_indi_tiltrotor] T2dbg1 G2=[-0.000 -0.650 0.060 0.000 -1.000] G5=[-0.761 -0.888 -0.000 12.679 0.000]
INFO  [mc_indi_tiltrotor] T2dbg2 Wu25=[1.0 1000000.0] du25=[-0.0027 -0.0000] dmax25=[32.3212 0.0120] nu_yaw=-0.258
INFO  [mc_indi_tiltrotor] WRdbg0 Wu0=1 lo0=-17.15 du0=-0.0093 pin0=-0.000 a0=[-0.007 0.000 -0.000 -0.000 -0.003]
INFO  [mc_indi_tiltrotor] WRdbg1 Wu1=1 lo1=-17.39 du1=0.0051 pin1=0.000 a1=[0.007 0.000 0.000 -0.000 -0.003]
INFO  [mc_indi_tiltrotor] YWdbg nu2=-0.263 ach2=-0.001 r=0.03 wsp2=-0.50 ddelta=[0.0000 -0.0000 -0.0000]
INFO  [mc_indi_tiltrotor] T0dbg1 G0=[-0.255 0.226 0.029 0.122 -0.993] nu_des=[0.01 -0.01 -0.27 -2.09 0.02]
INFO  [mc_indi_tiltrotor] T0dbg2 Ws34=[0.1 20.0] Wu0=1.0 du0=-0.0274 dmin0=-17.1224 dmax0=27.8776
INFO  [mc_indi_tiltrotor] T2dbg1 G2=[-0.000 -0.650 0.060 0.000 -1.000] G5=[-0.759 -0.885 -0.000 12.650 0.000]
INFO  [mc_indi_tiltrotor] T2dbg2 Wu25=[1.0 1000000.0] du25=[0.0058 -0.0000] dmax25=[32.3503 0.0120] nu_yaw=-0.269
INFO  [mc_indi_tiltrotor] WRdbg0 Wu0=1 lo0=-17.12 du0=-0.0274 pin0=-0.000 a0=[-0.013 -0.006 -0.000 -0.000 -0.009]
INFO  [mc_indi_tiltrotor] WRdbg1 Wu1=1 lo1=-17.35 du1=-0.0023 pin1=0.000 a1=[0.013 -0.006 0.000 -0.000 -0.009]
INFO  [mc_indi_tiltrotor] T0dbg1 G0=[-0.256 0.227 0.021 0.153 -0.988] nu_des=[-0.01 -0.00 -0.13 -2.62 0.02]
INFO  [mc_indi_tiltrotor] T0dbg2 Ws34=[0.1 20.0] Wu0=1.0 du0=0.0109 dmin0=-17.1344 dmax0=27.8656
INFO  [mc_indi_tiltrotor] T2dbg1 G2=[-0.000 -0.650 0.060 0.000 -1.000] G5=[-0.770 -0.898 -0.000 12.831 0.001]
INFO  [mc_indi_tiltrotor] T2dbg2 Wu25=[1.0 1000000.0] du25=[0.0003 -0.0000] dmax25=[32.1690 0.0120] nu_yaw=-0.133
INFO  [mc_indi_tiltrotor] WRdbg0 Wu0=1 lo0=-17.13 du0=0.0109 pin0=-0.000 a0=[0.017 -0.000 -0.000 -0.000 -0.006]
INFO  [mc_indi_tiltrotor] WRdbg1 Wu1=1 lo1=-17.57 du1=-0.0181 pin1=0.005 a1=[-0.017 -0.000 0.000 -0.000 -0.006]
INFO  [mc_indi_tiltrotor] YWdbg nu2=-0.138 ach2=-0.011 r=-0.11 wsp2=-0.50 ddelta=[0.0023 -0.0001 -0.0000]
INFO  [mc_indi_tiltrotor] T0dbg1 G0=[-0.256 0.227 0.020 0.156 -0.988] nu_des=[-0.00 0.00 -0.21 -2.67 0.00]
INFO  [mc_indi_tiltrotor] T0dbg2 Ws34=[0.1 20.0] Wu0=1.0 du0=0.0035 dmin0=-17.0901 dmax0=27.9099
INFO  [mc_indi_tiltrotor] T2dbg1 G2=[-0.000 -0.650 0.060 0.000 -1.000] G5=[-0.777 -0.907 -0.000 12.954 0.000]
INFO  [mc_indi_tiltrotor] T2dbg2 Wu25=[1.0 1000000.0] du25=[-0.0009 -0.0000] dmax25=[32.0458 0.0120] nu_yaw=-0.206
INFO  [mc_indi_tiltrotor] WRdbg0 Wu0=1 lo0=-17.09 du0=0.0035 pin0=0.000 a0=[0.004 0.000 -0.000 -0.000 -0.001]
INFO  [mc_indi_tiltrotor] WRdbg1 Wu1=1 lo1=-17.60 du1=-0.0049 pin1=0.000 a1=[-0.004 0.000 0.000 -0.000 -0.001]
INFO  [mc_indi_tiltrotor] T0dbg1 G0=[-0.256 0.227 0.020 0.156 -0.988] nu_des=[-0.00 0.01 -0.29 -2.67 0.02]
INFO  [mc_indi_tiltrotor] T0dbg2 Ws34=[0.1 20.0] Wu0=1.0 du0=0.0004 dmin0=-17.0467 dmax0=27.9533
INFO  [mc_indi_tiltrotor] T2dbg1 G2=[-0.000 -0.650 0.060 0.000 -1.000] G5=[-0.780 -0.910 -0.000 12.994 0.000]
INFO  [mc_indi_tiltrotor] T2dbg2 Wu25=[1.0 1000000.0] du25=[-0.0116 -0.0000] dmax25=[32.0064 0.0120] nu_yaw=-0.287
INFO  [mc_indi_tiltrotor] WRdbg0 Wu0=1 lo0=-17.05 du0=0.0004 pin0=0.000 a0=[0.004 0.003 -0.000 -0.000 -0.007]
INFO  [mc_indi_tiltrotor] WRdbg1 Wu1=1 lo1=-17.51 du1=-0.0072 pin1=0.000 a1=[-0.004 0.004 0.000 -0.000 -0.007]
INFO  [mc_indi_tiltrotor] YWdbg nu2=-0.301 ach2=0.000 r=-0.02 wsp2=-0.50 ddelta=[0.0000 -0.0000 -0.0000]
INFO  [mc_indi_tiltrotor] T0dbg1 G0=[-0.256 0.227 0.020 0.156 -0.988] nu_des=[-0.00 0.01 -0.32 -2.67 0.02]
INFO  [mc_indi_tiltrotor] T0dbg2 Ws34=[0.1 20.0] Wu0=1.0 du0=0.0028 dmin0=-17.0554 dmax0=27.9446
INFO  [mc_indi_tiltrotor] T2dbg1 G2=[-0.000 -0.650 0.060 0.000 -1.000] G5=[-0.780 -0.910 -0.000 13.006 0.000]
INFO  [mc_indi_tiltrotor] T2dbg2 Wu25=[1.0 1000000.0] du25=[-0.0178 -0.0000] dmax25=[31.9940 0.0120] nu_yaw=-0.320
INFO  [mc_indi_tiltrotor] WRdbg0 Wu0=1 lo0=-17.06 du0=0.0028 pin0=0.000 a0=[0.002 0.007 -0.000 -0.000 -0.006]
INFO  [mc_indi_tiltrotor] WRdbg1 Wu1=1 lo1=-17.44 du1=-0.0019 pin1=0.000 a1=[-0.002 0.007 0.000 -0.000 -0.006]
INFO  [mc_indi_tiltrotor] T0dbg1 G0=[-0.256 0.227 0.020 0.156 -0.988] nu_des=[0.00 -0.01 -0.28 -2.66 0.00]
INFO  [mc_indi_tiltrotor] T0dbg2 Ws34=[0.1 20.0] Wu0=1.0 du0=-0.0063 dmin0=-17.0171 dmax0=27.9829
INFO  [mc_indi_tiltrotor] T2dbg1 G2=[-0.000 -0.650 0.060 0.000 -1.000] G5=[-0.778 -0.907 -0.000 12.962 0.000]
INFO  [mc_indi_tiltrotor] T2dbg2 Wu25=[1.0 1000000.0] du25=[0.0058 -0.0000] dmax25=[32.0380 0.0120] nu_yaw=-0.281
INFO  [mc_indi_tiltrotor] WRdbg0 Wu0=1 lo0=-17.02 du0=-0.0063 pin0=0.000 a0=[-0.003 -0.003 -0.000 -0.000 -0.000]
INFO  [mc_indi_tiltrotor] WRdbg1 Wu1=1 lo1=-17.37 du1=0.0004 pin1=0.000 a1=[0.003 -0.003 0.000 -0.000 -0.000]
INFO  [mc_indi_tiltrotor] YWdbg nu2=-0.271 ach2=-0.001 r=0.08 wsp2=-0.50 ddelta=[0.0000 -0.0000 -0.0000]
INFO  [mc_indi_tiltrotor] T0dbg1 G0=[-0.256 0.227 0.020 0.156 -0.988] nu_des=[-0.00 -0.01 -0.24 -2.65 0.02]
INFO  [mc_indi_tiltrotor] T0dbg2 Ws34=[0.1 20.0] Wu0=1.0 du0=-0.0036 dmin0=-16.9432 dmax0=28.0568
INFO  [mc_indi_tiltrotor] T2dbg1 G2=[-0.000 -0.650 0.060 0.000 -1.000] G5=[-0.775 -0.904 -0.000 12.912 0.000]
INFO  [mc_indi_tiltrotor] T2dbg2 Wu25=[1.0 1000000.0] du25=[0.0015 -0.0000] dmax25=[32.0884 0.0120] nu_yaw=-0.238
INFO  [mc_indi_tiltrotor] WRdbg0 Wu0=1 lo0=-16.94 du0=-0.0036 pin0=0.000 a0=[0.006 -0.003 -0.000 -0.000 -0.007]
INFO  [mc_indi_tiltrotor] WRdbg1 Wu1=1 lo1=-17.31 du1=-0.0165 pin1=0.000 a1=[-0.006 -0.003 0.000 -0.000 -0.007]
INFO  [mc_indi_tiltrotor] T0dbg1 G0=[-0.256 0.227 0.020 0.156 -0.988] nu_des=[-0.00 -0.00 -0.22 -2.63 0.01]
INFO  [mc_indi_tiltrotor] T0dbg2 Ws34=[0.1 20.0] Wu0=1.0 du0=0.0001 dmin0=-16.8366 dmax0=28.1634
INFO  [mc_indi_tiltrotor] T2dbg1 G2=[-0.000 -0.650 0.060 0.000 -1.000] G5=[-0.772 -0.901 -0.000 12.870 0.000]
INFO  [mc_indi_tiltrotor] T2dbg2 Wu25=[1.0 1000000.0] du25=[0.0027 -0.0000] dmax25=[32.1297 0.0120] nu_yaw=-0.216
INFO  [mc_indi_tiltrotor] WRdbg0 Wu0=1 lo0=-16.84 du0=0.0001 pin0=0.000 a0=[0.005 -0.002 -0.000 -0.000 -0.003]
INFO  [mc_indi_tiltrotor] WRdbg1 Wu1=1 lo1=-17.24 du1=-0.0101 pin1=0.000 a1=[-0.005 -0.002 0.000 -0.000 -0.003]
INFO  [mc_indi_tiltrotor] YWdbg nu2=-0.231 ach2=-0.001 r=-0.02 wsp2=-0.50 ddelta=[0.0000 -0.0000 -0.0000]
INFO  [mc_indi_tiltrotor] T0dbg1 G0=[-0.256 0.227 0.020 0.156 -0.988] nu_des=[0.00 0.01 -0.25 -2.63 0.02]
INFO  [mc_indi_tiltrotor] T0dbg2 Ws34=[0.1 20.0] Wu0=1.0 du0=-0.0139 dmin0=-16.7877 dmax0=28.2123
INFO  [mc_indi_tiltrotor] T2dbg1 G2=[-0.000 -0.650 0.060 0.000 -1.000] G5=[-0.773 -0.901 -0.000 12.878 0.000]
INFO  [mc_indi_tiltrotor] T2dbg2 Wu25=[1.0 1000000.0] du25=[-0.0139 -0.0000] dmax25=[32.1216 0.0120] nu_yaw=-0.247
INFO  [mc_indi_tiltrotor] WRdbg0 Wu0=1 lo0=-16.79 du0=-0.0139 pin0=0.000 a0=[-0.010 0.004 -0.000 -0.000 -0.008]
INFO  [mc_indi_tiltrotor] WRdbg1 Wu1=1 lo1=-17.22 du1=0.0056 pin1=0.000 a1=[0.010 0.004 0.000 -0.000 -0.008]
INFO  [mc_indi_tiltrotor] T0dbg1 G0=[-0.256 0.227 0.020 0.156 -0.988] nu_des=[0.00 -0.01 -0.27 -2.61 0.01]
INFO  [mc_indi_tiltrotor] T0dbg2 Ws34=[0.1 20.0] Wu0=1.0 du0=-0.0145 dmin0=-16.6977 dmax0=28.3023
INFO  [mc_indi_tiltrotor] T2dbg1 G2=[-0.000 -0.650 0.060 0.000 -1.000] G5=[-0.768 -0.896 -0.000 12.794 0.000]
INFO  [mc_indi_tiltrotor] T2dbg2 Wu25=[1.0 1000000.0] du25=[0.0050 0.0000] dmax25=[32.2062 0.0120] nu_yaw=-0.267
INFO  [mc_indi_tiltrotor] WRdbg0 Wu0=1 lo0=-16.70 du0=-0.0145 pin0=0.000 a0=[-0.007 -0.004 -0.000 -0.000 -0.003]
INFO  [mc_indi_tiltrotor] WRdbg1 Wu1=1 lo1=-17.12 du1=0.0003 pin1=0.000 a1=[0.007 -0.004 0.000 -0.000 -0.003]
INFO  [mc_indi_tiltrotor] YWdbg nu2=-0.267 ach2=-0.000 r=0.00 wsp2=-0.50 ddelta=[0.0000 -0.0000 0.0000]
INFO  [mc_indi_tiltrotor] T0dbg1 G0=[-0.256 0.227 0.020 0.156 -0.988] nu_des=[-0.00 0.01 -0.27 -2.60 0.03]
INFO  [mc_indi_tiltrotor] T0dbg2 Ws34=[0.1 20.0] Wu0=1.0 du0=-0.0027 dmin0=-16.6073 dmax0=28.3927
INFO  [mc_indi_tiltrotor] T2dbg1 G2=[-0.000 -0.650 0.060 0.000 -1.000] G5=[-0.763 -0.890 -0.000 12.716 0.000]
INFO  [mc_indi_tiltrotor] T2dbg2 Wu25=[1.0 1000000.0] du25=[-0.0164 -0.0000] dmax25=[32.2841 0.0120] nu_yaw=-0.269
INFO  [mc_indi_tiltrotor] WRdbg0 Wu0=1 lo0=-16.61 du0=-0.0027 pin0=0.000 a0=[0.004 0.004 -0.000 -0.000 -0.011]
INFO  [mc_indi_tiltrotor] WRdbg1 Wu1=1 lo1=-17.00 du1=-0.0103 pin1=0.000 a1=[-0.004 0.005 0.000 -0.000 -0.011]
INFO  [mc_indi_tiltrotor] T0dbg1 G0=[-0.256 0.227 0.020 0.156 -0.988] nu_des=[-0.00 0.00 -0.26 -2.61 0.00]
INFO  [mc_indi_tiltrotor] T0dbg2 Ws34=[0.1 20.0] Wu0=1.0 du0=0.0013 dmin0=-16.6728 dmax0=28.3272
INFO  [mc_indi_tiltrotor] T2dbg1 G2=[-0.000 -0.650 0.060 0.000 -1.000] G5=[-0.767 -0.895 -0.000 12.789 0.000]
INFO  [mc_indi_tiltrotor] T2dbg2 Wu25=[1.0 1000000.0] du25=[-0.0034 0.0000] dmax25=[32.2108 0.0120] nu_yaw=-0.263
INFO  [mc_indi_tiltrotor] WRdbg0 Wu0=1 lo0=-16.67 du0=0.0013 pin0=0.000 a0=[0.001 0.001 -0.000 -0.000 -0.001]
INFO  [mc_indi_tiltrotor] WRdbg1 Wu1=1 lo1=-17.06 du1=-0.0006 pin1=0.000 a1=[-0.001 0.001 0.000 -0.000 -0.001]
INFO  [mc_indi_tiltrotor] YWdbg nu2=-0.253 ach2=-0.002 r=0.02 wsp2=-0.50 ddelta=[0.0000 -0.0000 -0.0000]
INFO  [mc_indi_tiltrotor] T0dbg1 G0=[-0.256 0.227 0.020 0.156 -0.988] nu_des=[0.00 -0.01 -0.26 -2.60 0.01]
INFO  [mc_indi_tiltrotor] T0dbg2 Ws34=[0.1 20.0] Wu0=1.0 du0=-0.0103 dmin0=-16.5900 dmax0=28.4100
INFO  [mc_indi_tiltrotor] T2dbg1 G2=[-0.000 -0.650 0.060 0.000 -1.000] G5=[-0.763 -0.890 -0.000 12.721 0.000]
INFO  [mc_indi_tiltrotor] T2dbg2 Wu25=[1.0 1000000.0] du25=[0.0072 0.0000] dmax25=[32.2787 0.0120] nu_yaw=-0.257
INFO  [mc_indi_tiltrotor] WRdbg0 Wu0=1 lo0=-16.59 du0=-0.0103 pin0=0.000 a0=[-0.004 -0.004 -0.000 -0.000 -0.002]
INFO  [mc_indi_tiltrotor] WRdbg1 Wu1=1 lo1=-16.98 du1=-0.0033 pin1=0.000 a1=[0.004 -0.005 0.000 -0.000 -0.002]
INFO  [mc_indi_tiltrotor] T0dbg1 G0=[-0.256 0.227 0.020 0.156 -0.988] nu_des=[-0.00 0.00 -0.25 -2.57 0.02]
INFO  [mc_indi_tiltrotor] T0dbg2 Ws34=[0.1 20.0] Wu0=1.0 du0=-0.0023 dmin0=-16.4572 dmax0=28.5428
INFO  [mc_indi_tiltrotor] T2dbg1 G2=[-0.000 -0.650 0.060 0.000 -1.000] G5=[-0.758 -0.884 -0.000 12.630 0.000]
INFO  [mc_indi_tiltrotor] T2dbg2 Wu25=[1.0 1000000.0] du25=[-0.0079 0.0000] dmax25=[32.3696 0.0120] nu_yaw=-0.250
INFO  [mc_indi_tiltrotor] WRdbg0 Wu0=1 lo0=-16.46 du0=-0.0023 pin0=0.000 a0=[0.001 0.002 -0.000 -0.000 -0.006]
INFO  [mc_indi_tiltrotor] WRdbg1 Wu1=1 lo1=-16.87 du1=-0.0050 pin1=0.000 a1=[-0.001 0.002 0.000 -0.000 -0.006]
INFO  [mc_indi_tiltrotor] YWdbg nu2=-0.241 ach2=0.000 r=-0.00 wsp2=-0.50 ddelta=[0.0000 -0.0000 0.0000]
INFO  [mc_indi_tiltrotor] T0dbg1 G0=[-0.256 0.227 0.020 0.156 -0.988] nu_des=[0.00 0.01 -0.25 -2.56 0.02]
INFO  [mc_indi_tiltrotor] T0dbg2 Ws34=[0.1 20.0] Wu0=1.0 du0=-0.0091 dmin0=-16.3542 dmax0=28.6458
INFO  [mc_indi_tiltrotor] T2dbg1 G2=[-0.000 -0.650 0.060 0.000 -1.000] G5=[-0.753 -0.878 -0.000 12.545 0.000]
INFO  [mc_indi_tiltrotor] T2dbg2 Wu25=[1.0 1000000.0] du25=[-0.0127 -0.0000] dmax25=[32.4550 0.0120] nu_yaw=-0.246
INFO  [mc_indi_tiltrotor] WRdbg0 Wu0=1 lo0=-16.35 du0=-0.0091 pin0=0.000 a0=[-0.007 0.004 -0.000 -0.000 -0.006]
INFO  [mc_indi_tiltrotor] WRdbg1 Wu1=1 lo1=-16.76 du1=0.0044 pin1=0.000 a1=[0.007 0.004 0.000 -0.000 -0.007]
INFO  [mc_indi_tiltrotor] T0dbg1 G0=[-0.256 0.227 0.020 0.156 -0.988] nu_des=[-0.00 0.00 -0.26 -2.57 0.02]
INFO  [mc_indi_tiltrotor] T0dbg2 Ws34=[0.1 20.0] Wu0=1.0 du0=-0.0028 dmin0=-16.4245 dmax0=28.5755
INFO  [mc_indi_tiltrotor] T2dbg1 G2=[-0.000 -0.650 0.060 0.000 -1.000] G5=[-0.756 -0.882 -0.000 12.600 0.000]
INFO  [mc_indi_tiltrotor] T2dbg2 Wu25=[1.0 1000000.0] du25=[-0.0071 0.0000] dmax25=[32.3995 0.0120] nu_yaw=-0.258
INFO  [mc_indi_tiltrotor] WRdbg0 Wu0=1 lo0=-16.42 du0=-0.0028 pin0=0.000 a0=[0.002 0.001 -0.000 -0.000 -0.006]
INFO  [mc_indi_tiltrotor] WRdbg1 Wu1=1 lo1=-16.83 du1=-0.0063 pin1=0.000 a1=[-0.002 0.002 0.000 -0.000 -0.006]
INFO  [mc_indi_tiltrotor] YWdbg nu2=-0.257 ach2=-0.001 r=0.01 wsp2=-0.50 ddelta=[0.0000 -0.0000 -0.0000]
INFO  [mc_indi_tiltrotor] T0dbg1 G0=[-0.256 0.227 0.020 0.156 -0.988] nu_des=[0.00 0.01 -0.26 -2.58 -0.01]
INFO  [mc_indi_tiltrotor] T0dbg2 Ws34=[0.1 20.0] Wu0=1.0 du0=-0.0017 dmin0=-16.4767 dmax0=28.5233
INFO  [mc_indi_tiltrotor] T2dbg1 G2=[-0.000 -0.650 0.060 0.000 -1.000] G5=[-0.759 -0.886 -0.000 12.657 0.000]
INFO  [mc_indi_tiltrotor] T2dbg2 Wu25=[1.0 1000000.0] du25=[-0.0036 -0.0000] dmax25=[32.3433 0.0120] nu_yaw=-0.262
INFO  [mc_indi_tiltrotor] WRdbg0 Wu0=1 lo0=-16.48 du0=-0.0017 pin0=0.000 a0=[-0.009 0.003 -0.000 -0.000 0.004]
INFO  [mc_indi_tiltrotor] WRdbg1 Wu1=1 lo1=-16.87 du1=0.0164 pin1=0.000 a1=[0.009 0.003 0.000 -0.000 0.004]
INFO  [mc_indi_tiltrotor] YWdbg nu2=-0.249 ach2=0.001 r=0.02 wsp2=-0.50 ddelta=[0.0000 -0.0000 0.0000]
INFO  [mc_indi_tiltrotor] T0dbg1 G0=[-0.256 0.227 0.020 0.156 -0.988] nu_des=[-0.00 -0.00 -0.24 -2.59 0.01]
INFO  [mc_indi_tiltrotor] T0dbg2 Ws34=[0.1 20.0] Wu0=1.0 du0=-0.0027 dmin0=-16.5765 dmax0=28.4235
INFO  [mc_indi_tiltrotor] T2dbg1 G2=[-0.000 -0.650 0.060 0.000 -1.000] G5=[-0.769 -0.897 -0.000 12.811 0.000]
INFO  [mc_indi_tiltrotor] T2dbg2 Wu25=[1.0 1000000.0] du25=[0.0002 -0.0000] dmax25=[32.1890 0.0120] nu_yaw=-0.245
INFO  [mc_indi_tiltrotor] WRdbg0 Wu0=1 lo0=-16.58 du0=-0.0027 pin0=0.000 a0=[0.000 -0.001 -0.000 -0.000 -0.002]
INFO  [mc_indi_tiltrotor] WRdbg1 Wu1=1 lo1=-16.97 du1=-0.0029 pin1=0.000 a1=[-0.000 -0.001 0.000 -0.000 -0.002]
INFO  [mc_indi_tiltrotor] T0dbg1 G0=[-0.256 0.227 0.020 0.156 -0.988] nu_des=[0.00 -0.00 -0.25 -2.61 0.00]
INFO  [mc_indi_tiltrotor] T0dbg2 Ws34=[0.1 20.0] Wu0=1.0 du0=-0.0099 dmin0=-16.6831 dmax0=28.3169
INFO  [mc_indi_tiltrotor] T2dbg1 G2=[-0.000 -0.650 0.060 0.000 -1.000] G5=[-0.778 -0.908 -0.000 12.965 0.000]
INFO  [mc_indi_tiltrotor] T2dbg2 Wu25=[1.0 1000000.0] du25=[0.0026 -0.0000] dmax25=[32.0354 0.0120] nu_yaw=-0.252
INFO  [mc_indi_tiltrotor] WRdbg0 Wu0=1 lo0=-16.68 du0=-0.0099 pin0=0.000 a0=[-0.007 -0.002 -0.000 -0.000 -0.001]
INFO  [mc_indi_tiltrotor] WRdbg1 Wu1=1 lo1=-17.08 du1=0.0044 pin1=0.000 a1=[0.007 -0.002 0.000 -0.000 -0.001]
INFO  [mc_indi_tiltrotor] YWdbg nu2=-0.260 ach2=0.002 r=0.01 wsp2=-0.50 ddelta=[0.0000 -0.0000 0.0000]
INFO  [mc_indi_tiltrotor] T0dbg1 G0=[-0.256 0.227 0.020 0.156 -0.988] nu_des=[0.01 0.00 -0.25 -2.62 0.01]
INFO  [mc_indi_tiltrotor] T0dbg2 Ws34=[0.1 20.0] Wu0=1.0 du0=-0.0113 dmin0=-16.7195 dmax0=28.2805
INFO  [mc_indi_tiltrotor] T2dbg1 G2=[-0.000 -0.650 0.060 0.000 -1.000] G5=[-0.783 -0.914 -0.000 13.054 0.000]
INFO  [mc_indi_tiltrotor] T2dbg2 Wu25=[1.0 1000000.0] du25=[-0.0075 -0.0000] dmax25=[31.9459 0.0120] nu_yaw=-0.254
INFO  [mc_indi_tiltrotor] WRdbg0 Wu0=1 lo0=-16.72 du0=-0.0113 pin0=0.000 a0=[-0.010 0.003 -0.000 -0.000 -0.003]
INFO  [mc_indi_tiltrotor] WRdbg1 Wu1=1 lo1=-17.11 du1=0.0096 pin1=0.000 a1=[0.010 0.003 0.000 -0.000 -0.003]
INFO  [mc_indi_tiltrotor] T0dbg1 G0=[-0.256 0.227 0.020 0.156 -0.988] nu_des=[0.00 0.00 -0.25 -2.63 0.02]
INFO  [mc_indi_tiltrotor] T0dbg2 Ws34=[0.1 20.0] Wu0=1.0 du0=-0.0118 dmin0=-16.8005 dmax0=28.1995
INFO  [mc_indi_tiltrotor] T2dbg1 G2=[-0.000 -0.650 0.060 0.000 -1.000] G5=[-0.789 -0.921 -0.000 13.155 0.000]
INFO  [mc_indi_tiltrotor] T2dbg2 Wu25=[1.0 1000000.0] du25=[-0.0053 -0.0000] dmax25=[31.8452 0.0120] nu_yaw=-0.254
INFO  [mc_indi_tiltrotor] WRdbg0 Wu0=1 lo0=-16.80 du0=-0.0118 pin0=0.000 a0=[-0.005 0.000 -0.000 -0.000 -0.007]
INFO  [mc_indi_tiltrotor] WRdbg1 Wu1=1 lo1=-17.18 du1=-0.0009 pin1=0.000 a1=[0.005 0.000 0.000 -0.000 -0.007]
INFO  [mc_indi_tiltrotor] YWdbg nu2=-0.256 ach2=0.001 r=0.01 wsp2=-0.50 ddelta=[0.0000 -0.0000 0.0000]
INFO  [mc_indi_tiltrotor] T0dbg1 G0=[-0.256 0.227 0.020 0.156 -0.988] nu_des=[0.01 -0.02 -0.25 -2.63 -0.01]
INFO  [mc_indi_tiltrotor] T0dbg2 Ws34=[0.1 20.0] Wu0=1.0 du0=-0.0230 dmin0=-16.7967 dmax0=28.2033
INFO  [mc_indi_tiltrotor] T2dbg1 G2=[-0.000 -0.650 0.060 0.000 -1.000] G5=[-0.792 -0.924 -0.000 13.196 0.000]
INFO  [mc_indi_tiltrotor] T2dbg2 Wu25=[1.0 1000000.0] du25=[0.0218 -0.0000] dmax25=[31.8043 0.0120] nu_yaw=-0.249
INFO  [mc_indi_tiltrotor] WRdbg0 Wu0=1 lo0=-16.80 du0=-0.0230 pin0=0.000 a0=[-0.015 -0.010 -0.000 -0.000 0.002]
INFO  [mc_indi_tiltrotor] WRdbg1 Wu1=1 lo1=-17.18 du1=0.0070 pin1=0.000 a1=[0.015 -0.010 0.000 -0.000 0.002]
INFO  [mc_indi_tiltrotor] T0dbg1 G0=[-0.256 0.227 0.020 0.156 -0.988] nu_des=[0.01 -0.00 -0.26 -2.63 -0.00]
INFO  [mc_indi_tiltrotor] T0dbg2 Ws34=[0.1 20.0] Wu0=1.0 du0=-0.0187 dmin0=-16.8017 dmax0=28.1983
INFO  [mc_indi_tiltrotor] T2dbg1 G2=[-0.000 -0.650 0.060 0.000 -1.000] G5=[-0.794 -0.927 -0.000 13.236 0.000]
INFO  [mc_indi_tiltrotor] T2dbg2 Wu25=[1.0 1000000.0] du25=[0.0020 -0.0000] dmax25=[31.7638 0.0120] nu_yaw=-0.257
INFO  [mc_indi_tiltrotor] WRdbg0 Wu0=1 lo0=-16.80 du0=-0.0187 pin0=0.000 a0=[-0.020 -0.001 -0.000 -0.000 0.002]
INFO  [mc_indi_tiltrotor] WRdbg1 Wu1=1 lo1=-17.19 du1=0.0208 pin1=0.000 a1=[0.020 -0.001 0.000 -0.000 0.002]
INFO  [mc_indi_tiltrotor] YWdbg nu2=-0.252 ach2=0.001 r=0.01 wsp2=-0.50 ddelta=[0.0000 -0.0000 0.0000]
INFO  [mc_indi_tiltrotor] T0dbg1 G0=[-0.256 0.227 0.020 0.156 -0.988] nu_des=[0.00 -0.00 -0.26 -2.62 0.01]
INFO  [mc_indi_tiltrotor] T0dbg2 Ws34=[0.1 20.0] Wu0=1.0 du0=-0.0056 dmin0=-16.7783 dmax0=28.2217
INFO  [mc_indi_tiltrotor] T2dbg1 G2=[-0.000 -0.650 0.060 0.000 -1.000] G5=[-0.796 -0.929 -0.000 13.264 0.000]
INFO  [mc_indi_tiltrotor] T2dbg2 Wu25=[1.0 1000000.0] du25=[-0.0018 -0.0000] dmax25=[31.7356 0.0120] nu_yaw=-0.257
INFO  [mc_indi_tiltrotor] WRdbg0 Wu0=1 lo0=-16.78 du0=-0.0056 pin0=0.000 a0=[-0.003 -0.000 -0.000 -0.000 -0.003]
INFO  [mc_indi_tiltrotor] WRdbg1 Wu1=1 lo1=-17.17 du1=0.0002 pin1=0.000 a1=[0.003 -0.000 0.000 -0.000 -0.003]
INFO  [mc_indi_tiltrotor] T0dbg1 G0=[-0.256 0.227 0.020 0.156 -0.988] nu_des=[0.00 0.00 -0.25 -2.64 -0.01]
INFO  [mc_indi_tiltrotor] T0dbg2 Ws34=[0.1 20.0] Wu0=1.0 du0=0.0017 dmin0=-16.8475 dmax0=28.1525
INFO  [mc_indi_tiltrotor] T2dbg1 G2=[-0.000 -0.650 0.060 0.000 -1.000] G5=[-0.799 -0.932 -0.000 13.319 0.000]
INFO  [mc_indi_tiltrotor] T2dbg2 Wu25=[1.0 1000000.0] du25=[-0.0024 -0.0000] dmax25=[31.6810 0.0120] nu_yaw=-0.250
INFO  [mc_indi_tiltrotor] WRdbg0 Wu0=1 lo0=-16.85 du0=0.0017 pin0=0.000 a0=[-0.005 0.003 -0.000 -0.000 0.004]
INFO  [mc_indi_tiltrotor] WRdbg1 Wu1=1 lo1=-17.24 du1=0.0113 pin1=0.000 a1=[0.005 0.003 0.000 -0.000 0.004]
INFO  [mc_indi_tiltrotor] YWdbg nu2=-0.262 ach2=-0.001 r=0.01 wsp2=-0.50 ddelta=[0.0000 -0.0000 -0.0000]
INFO  [mc_indi_tiltrotor] T0dbg1 G0=[-0.256 0.227 0.020 0.156 -0.988] nu_des=[-0.00 -0.00 -0.26 -2.63 0.02]
INFO  [mc_indi_tiltrotor] T0dbg2 Ws34=[0.1 20.0] Wu0=1.0 du0=-0.0015 dmin0=-16.8323 dmax0=28.1677
INFO  [mc_indi_tiltrotor] T2dbg1 G2=[-0.000 -0.650 0.060 0.000 -1.000] G5=[-0.803 -0.937 -0.000 13.389 0.000]
INFO  [mc_indi_tiltrotor] T2dbg2 Wu25=[1.0 1000000.0] du25=[-0.0017 0.0000] dmax25=[31.6105 0.0120] nu_yaw=-0.261
INFO  [mc_indi_tiltrotor] WRdbg0 Wu0=1 lo0=-16.83 du0=-0.0015 pin0=0.000 a0=[0.008 -0.002 -0.000 -0.000 -0.007]
INFO  [mc_indi_tiltrotor] WRdbg1 Wu1=1 lo1=-17.24 du1=-0.0170 pin1=0.000 a1=[-0.008 -0.002 0.000 -0.000 -0.008]
INFO  [mc_indi_tiltrotor] T0dbg1 G0=[-0.256 0.227 0.020 0.156 -0.988] nu_des=[0.01 -0.01 -0.25 -2.63 0.00]
INFO  [mc_indi_tiltrotor] T0dbg2 Ws34=[0.1 20.0] Wu0=1.0 du0=-0.0218 dmin0=-16.8253 dmax0=28.1747
INFO  [mc_indi_tiltrotor] T2dbg1 G2=[-0.000 -0.650 0.060 0.000 -1.000] G5=[-0.802 -0.936 -0.000 13.375 0.000]
INFO  [mc_indi_tiltrotor] T2dbg2 Wu25=[1.0 1000000.0] du25=[0.0081 -0.0000] dmax25=[31.6253 0.0120] nu_yaw=-0.251
INFO  [mc_indi_tiltrotor] WRdbg0 Wu0=1 lo0=-16.83 du0=-0.0218 pin0=0.000 a0=[-0.017 -0.004 -0.000 -0.000 -0.000]
INFO  [mc_indi_tiltrotor] WRdbg1 Wu1=1 lo1=-17.20 du1=0.0123 pin1=0.000 a1=[0.017 -0.004 0.000 -0.000 -0.000]
INFO  [mc_indi_tiltrotor] YWdbg nu2=-0.255 ach2=-0.001 r=0.01 wsp2=-0.50 ddelta=[0.0000 -0.0000 -0.0000]
INFO  [mc_indi_tiltrotor] T0dbg1 G0=[-0.256 0.227 0.020 0.156 -0.988] nu_des=[-0.01 0.00 -0.25 -2.60 0.02]
INFO  [mc_indi_tiltrotor] T0dbg2 Ws34=[0.1 20.0] Wu0=1.0 du0=0.0160 dmin0=-16.6513 dmax0=28.3487
INFO  [mc_indi_tiltrotor] T2dbg1 G2=[-0.000 -0.650 0.060 0.000 -1.000] G5=[-0.794 -0.927 -0.000 13.238 0.000]
INFO  [mc_indi_tiltrotor] T2dbg2 Wu25=[1.0 1000000.0] du25=[-0.0092 0.0000] dmax25=[31.7623 0.0120] nu_yaw=-0.250
INFO  [mc_indi_tiltrotor] WRdbg0 Wu0=1 lo0=-16.65 du0=0.0160 pin0=0.000 a0=[0.020 0.002 -0.000 -0.000 -0.007]
INFO  [mc_indi_tiltrotor] WRdbg1 Wu1=1 lo1=-17.03 du1=-0.0243 pin1=0.000 a1=[-0.020 0.002 0.000 -0.000 -0.007]
INFO  [mc_indi_tiltrotor] T0dbg1 G0=[-0.256 0.227 0.020 0.156 -0.988] nu_des=[0.01 -0.00 -0.25 -2.60 0.01]
INFO  [mc_indi_tiltrotor] T0dbg2 Ws34=[0.1 20.0] Wu0=1.0 du0=-0.0193 dmin0=-16.5889 dmax0=28.4111
INFO  [mc_indi_tiltrotor] T2dbg1 G2=[-0.000 -0.650 0.060 0.000 -1.000] G5=[-0.789 -0.921 -0.000 13.158 0.000]
INFO  [mc_indi_tiltrotor] T2dbg2 Wu25=[1.0 1000000.0] du25=[-0.0003 -0.0000] dmax25=[31.8422 0.0120] nu_yaw=-0.248
INFO  [mc_indi_tiltrotor] WRdbg0 Wu0=1 lo0=-16.59 du0=-0.0193 pin0=0.000 a0=[-0.013 -0.002 -0.000 -0.000 -0.005]
INFO  [mc_indi_tiltrotor] WRdbg1 Wu1=1 lo1=-16.97 du1=0.0059 pin1=0.000 a1=[0.013 -0.002 0.000 -0.000 -0.005]
INFO  [mc_indi_tiltrotor] YWdbg nu2=-0.255 ach2=-0.000 r=0.00 wsp2=-0.50 ddelta=[0.0000 -0.0000 0.0000]
INFO  [mc_indi_tiltrotor] T0dbg1 G0=[-0.256 0.227 0.020 0.156 -0.988] nu_des=[-0.00 0.00 -0.24 -2.56 0.01]
INFO  [mc_indi_tiltrotor] T0dbg2 Ws34=[0.1 20.0] Wu0=1.0 du0=0.0055 dmin0=-16.3788 dmax0=28.6212
INFO  [mc_indi_tiltrotor] T2dbg1 G2=[-0.000 -0.650 0.060 0.000 -1.000] G5=[-0.778 -0.908 -0.000 12.969 0.000]
INFO  [mc_indi_tiltrotor] T2dbg2 Wu25=[1.0 1000000.0] du25=[-0.0070 0.0000] dmax25=[32.0313 0.0120] nu_yaw=-0.243
INFO  [mc_indi_tiltrotor] WRdbg0 Wu0=1 lo0=-16.38 du0=0.0055 pin0=0.000 a0=[0.008 0.002 -0.000 -0.000 -0.005]
INFO  [mc_indi_tiltrotor] WRdbg1 Wu1=1 lo1=-16.78 du1=-0.0114 pin1=0.000 a1=[-0.008 0.002 0.000 -0.000 -0.005]
INFO  [mc_indi_tiltrotor] T0dbg1 G0=[-0.256 0.227 0.020 0.156 -0.988] nu_des=[-0.00 -0.00 -0.25 -2.56 0.04]
INFO  [mc_indi_tiltrotor] T0dbg2 Ws34=[0.1 20.0] Wu0=1.0 du0=-0.0100 dmin0=-16.3787 dmax0=28.6213
INFO  [mc_indi_tiltrotor] T2dbg1 G2=[-0.000 -0.650 0.060 0.000 -1.000] G5=[-0.777 -0.907 -0.000 12.957 0.000]
INFO  [mc_indi_tiltrotor] T2dbg2 Wu25=[1.0 1000000.0] du25=[-0.0092 0.0000] dmax25=[32.0432 0.0120] nu_yaw=-0.253
INFO  [mc_indi_tiltrotor] WRdbg0 Wu0=1 lo0=-16.38 du0=-0.0100 pin0=0.000 a0=[0.006 -0.001 -0.000 -0.000 -0.016]
INFO  [mc_indi_tiltrotor] WRdbg1 Wu1=1 lo1=-16.78 du1=-0.0231 pin1=0.000 a1=[-0.006 -0.001 0.000 -0.000 -0.016]
INFO  [mc_indi_tiltrotor] YWdbg nu2=-0.258 ach2=-0.001 r=0.01 wsp2=-0.50 ddelta=[0.0000 -0.0000 -0.0000]
INFO  [mc_indi_tiltrotor] T0dbg1 G0=[-0.256 0.227 0.020 0.156 -0.988] nu_des=[-0.00 0.01 -0.25 -2.56 -0.01]
INFO  [mc_indi_tiltrotor] T0dbg2 Ws34=[0.1 20.0] Wu0=1.0 du0=0.0098 dmin0=-16.3849 dmax0=28.6151
INFO  [mc_indi_tiltrotor] T2dbg1 G2=[-0.000 -0.650 0.060 0.000 -1.000] G5=[-0.775 -0.905 -0.000 12.925 0.000]
INFO  [mc_indi_tiltrotor] T2dbg2 Wu25=[1.0 1000000.0] du25=[-0.0054 -0.0000] dmax25=[32.0752 0.0120] nu_yaw=-0.254
INFO  [mc_indi_tiltrotor] WRdbg0 Wu0=1 lo0=-16.38 du0=0.0098 pin0=0.000 a0=[0.002 0.004 -0.000 -0.000 0.004]
INFO  [mc_indi_tiltrotor] WRdbg1 Wu1=1 lo1=-16.77 du1=0.0064 pin1=0.000 a1=[-0.002 0.004 0.000 -0.000 0.004]
INFO  [mc_indi_tiltrotor] T0dbg1 G0=[-0.256 0.227 0.020 0.156 -0.988] nu_des=[-0.00 0.01 -0.25 -2.57 0.01]
INFO  [mc_indi_tiltrotor] T0dbg2 Ws34=[0.1 20.0] Wu0=1.0 du0=0.0048 dmin0=-16.4299 dmax0=28.5701
INFO  [mc_indi_tiltrotor] T2dbg1 G2=[-0.000 -0.650 0.060 0.000 -1.000] G5=[-0.780 -0.910 -0.000 13.000 0.000]
INFO  [mc_indi_tiltrotor] T2dbg2 Wu25=[1.0 1000000.0] du25=[-0.0077 -0.0000] dmax25=[32.0002 0.0120] nu_yaw=-0.253
INFO  [mc_indi_tiltrotor] WRdbg0 Wu0=1 lo0=-16.43 du0=0.0048 pin0=0.000 a0=[0.004 0.003 -0.000 -0.000 -0.002]
INFO  [mc_indi_tiltrotor] WRdbg1 Wu1=1 lo1=-16.81 du1=-0.0022 pin1=0.000 a1=[-0.004 0.003 0.000 -0.000 -0.002]
INFO  [mc_indi_tiltrotor] YWdbg nu2=-0.263 ach2=0.000 r=0.01 wsp2=-0.50 ddelta=[0.0000 -0.0000 0.0000]
INFO  [mc_indi_tiltrotor] T0dbg1 G0=[-0.256 0.227 0.020 0.156 -0.988] nu_des=[0.01 -0.00 -0.25 -2.58 0.01]
INFO  [mc_indi_tiltrotor] T0dbg2 Ws34=[0.1 20.0] Wu0=1.0 du0=-0.0249 dmin0=-16.5097 dmax0=28.4903
INFO  [mc_indi_tiltrotor] T2dbg1 G2=[-0.000 -0.650 0.060 0.000 -1.000] G5=[-0.785 -0.916 -0.000 13.085 0.000]
INFO  [mc_indi_tiltrotor] T2dbg2 Wu25=[1.0 1000000.0] du25=[0.0025 -0.0000] dmax25=[31.9154 0.0120] nu_yaw=-0.253
INFO  [mc_indi_tiltrotor] WRdbg0 Wu0=1 lo0=-16.51 du0=-0.0249 pin0=0.000 a0=[-0.019 -0.002 -0.000 -0.000 -0.003]
INFO  [mc_indi_tiltrotor] WRdbg1 Wu1=1 lo1=-16.89 du1=0.0133 pin1=0.000 a1=[0.019 -0.003 0.000 -0.000 -0.003]
INFO  [mc_indi_tiltrotor] T0dbg1 G0=[-0.256 0.227 0.020 0.156 -0.988] nu_des=[-0.00 -0.00 -0.25 -2.57 0.03]
INFO  [mc_indi_tiltrotor] T0dbg2 Ws34=[0.1 20.0] Wu0=1.0 du0=-0.0061 dmin0=-16.4305 dmax0=28.5695
INFO  [mc_indi_tiltrotor] T2dbg1 G2=[-0.000 -0.650 0.060 0.000 -1.000] G5=[-0.784 -0.914 -0.000 13.059 0.000]
INFO  [mc_indi_tiltrotor] T2dbg2 Wu25=[1.0 1000000.0] du25=[-0.0079 0.0000] dmax25=[31.9407 0.0120] nu_yaw=-0.250
INFO  [mc_indi_tiltrotor] WRdbg0 Wu0=1 lo0=-16.43 du0=-0.0061 pin0=0.000 a0=[0.006 -0.000 -0.000 -0.000 -0.012]
INFO  [mc_indi_tiltrotor] WRdbg1 Wu1=1 lo1=-16.84 du1=-0.0177 pin1=0.000 a1=[-0.006 -0.000 0.000 -0.000 -0.012]
INFO  [mc_indi_tiltrotor] YWdbg nu2=-0.249 ach2=0.002 r=0.01 wsp2=-0.50 ddelta=[0.0000 -0.0000 0.0000]
INFO  [mc_indi_tiltrotor] T0dbg1 G0=[-0.256 0.227 0.020 0.156 -0.988] nu_des=[0.00 -0.00 -0.26 -2.57 -0.01]
INFO  [mc_indi_tiltrotor] T0dbg2 Ws34=[0.1 20.0] Wu0=1.0 du0=0.0006 dmin0=-16.4267 dmax0=28.5733
INFO  [mc_indi_tiltrotor] T2dbg1 G2=[-0.000 -0.650 0.060 0.000 -1.000] G5=[-0.781 -0.911 -0.000 13.016 0.000]
INFO  [mc_indi_tiltrotor] T2dbg2 Wu25=[1.0 1000000.0] du25=[0.0030 0.0000] dmax25=[31.9837 0.0120] nu_yaw=-0.262
INFO  [mc_indi_tiltrotor] WRdbg0 Wu0=1 lo0=-16.43 du0=0.0006 pin0=0.000 a0=[-0.001 -0.001 -0.000 -0.000 0.003]
INFO  [mc_indi_tiltrotor] WRdbg1 Wu1=1 lo1=-16.83 du1=0.0033 pin1=0.000 a1=[0.001 -0.001 0.000 -0.000 0.003]
INFO  [mc_indi_tiltrotor] T0dbg1 G0=[-0.256 0.227 0.020 0.156 -0.988] nu_des=[0.00 -0.00 -0.26 -2.57 0.02]
INFO  [mc_indi_tiltrotor] T0dbg2 Ws34=[0.1 20.0] Wu0=1.0 du0=-0.0155 dmin0=-16.4224 dmax0=28.5776
INFO  [mc_indi_tiltrotor] T2dbg1 G2=[-0.000 -0.650 0.060 0.000 -1.000] G5=[-0.782 -0.913 -0.000 13.038 0.000]
INFO  [mc_indi_tiltrotor] T2dbg2 Wu25=[1.0 1000000.0] du25=[-0.0014 -0.0000] dmax25=[31.9621 0.0120] nu_yaw=-0.259
INFO  [mc_indi_tiltrotor] WRdbg0 Wu0=1 lo0=-16.42 du0=-0.0155 pin0=0.000 a0=[-0.008 -0.001 -0.000 -0.000 -0.006]
INFO  [mc_indi_tiltrotor] WRdbg1 Wu1=1 lo1=-16.82 du1=0.0012 pin1=0.000 a1=[0.008 -0.001 0.000 -0.000 -0.006]
INFO  [mc_indi_tiltrotor] YWdbg nu2=-0.252 ach2=-0.001 r=0.01 wsp2=-0.50 ddelta=[0.0000 -0.0000 -0.0000]
INFO  [mc_indi_tiltrotor] T0dbg1 G0=[-0.256 0.227 0.020 0.156 -0.988] nu_des=[0.00 0.01 -0.25 -2.55 0.03]
INFO  [mc_indi_tiltrotor] T0dbg2 Ws34=[0.1 20.0] Wu0=1.0 du0=-0.0083 dmin0=-16.3018 dmax0=28.6982
INFO  [mc_indi_tiltrotor] T2dbg1 G2=[-0.000 -0.650 0.060 0.000 -1.000] G5=[-0.775 -0.905 -0.000 12.922 0.000]
INFO  [mc_indi_tiltrotor] T2dbg2 Wu25=[1.0 1000000.0] du25=[-0.0198 -0.0000] dmax25=[32.0785 0.0120] nu_yaw=-0.255
INFO  [mc_indi_tiltrotor] WRdbg0 Wu0=1 lo0=-16.30 du0=-0.0083 pin0=0.000 a0=[-0.001 0.005 -0.000 -0.000 -0.013]
INFO  [mc_indi_tiltrotor] WRdbg1 Wu1=1 lo1=-16.69 du1=-0.0061 pin1=0.000 a1=[0.001 0.006 0.000 -0.000 -0.013]
INFO  [mc_indi_tiltrotor] T0dbg1 G0=[-0.256 0.227 0.020 0.156 -0.988] nu_des=[-0.01 -0.00 -0.26 -2.53 0.01]
INFO  [mc_indi_tiltrotor] T0dbg2 Ws34=[0.1 20.0] Wu0=1.0 du0=0.0066 dmin0=-16.1904 dmax0=28.8096
INFO  [mc_indi_tiltrotor] T2dbg1 G2=[-0.000 -0.650 0.060 0.000 -1.000] G5=[-0.767 -0.895 -0.000 12.788 0.000]
INFO  [mc_indi_tiltrotor] T2dbg2 Wu25=[1.0 1000000.0] du25=[0.0028 0.0000] dmax25=[32.2117 0.0120] nu_yaw=-0.257
INFO  [mc_indi_tiltrotor] WRdbg0 Wu0=1 lo0=-16.19 du0=0.0066 pin0=0.000 a0=[0.012 -0.002 -0.000 -0.000 -0.003]
INFO  [mc_indi_tiltrotor] WRdbg1 Wu1=1 lo1=-16.58 du1=-0.0179 pin1=0.000 a1=[-0.012 -0.003 0.000 -0.000 -0.003]
INFO  [mc_indi_tiltrotor] YWdbg nu2=-0.249 ach2=-0.001 r=0.00 wsp2=-0.50 ddelta=[0.0000 -0.0000 -0.0000]
INFO  [mc_indi_tiltrotor] T0dbg1 G0=[-0.256 0.227 0.020 0.156 -0.988] nu_des=[0.00 -0.00 -0.25 -2.53 -0.00]
INFO  [mc_indi_tiltrotor] T0dbg2 Ws34=[0.1 20.0] Wu0=1.0 du0=-0.0071 dmin0=-16.1967 dmax0=28.8033
INFO  [mc_indi_tiltrotor] T2dbg1 G2=[-0.000 -0.650 0.060 0.000 -1.000] G5=[-0.765 -0.893 -0.000 12.753 0.000]
INFO  [mc_indi_tiltrotor] T2dbg2 Wu25=[1.0 1000000.0] du25=[0.0029 -0.0000] dmax25=[32.2467 0.0120] nu_yaw=-0.253
INFO  [mc_indi_tiltrotor] WRdbg0 Wu0=1 lo0=-16.20 du0=-0.0071 pin0=0.000 a0=[-0.006 -0.001 -0.000 -0.000 0.000]
INFO  [mc_indi_tiltrotor] WRdbg1 Wu1=1 lo1=-16.57 du1=0.0043 pin1=0.000 a1=[0.006 -0.001 0.000 -0.000 0.000]
INFO  [mc_indi_tiltrotor] T0dbg1 G0=[-0.256 0.227 0.020 0.156 -0.988] nu_des=[-0.00 -0.01 -0.26 -2.53 0.00]
INFO  [mc_indi_tiltrotor] T0dbg2 Ws34=[0.1 20.0] Wu0=1.0 du0=-0.0035 dmin0=-16.1916 dmax0=28.8084
INFO  [mc_indi_tiltrotor] T2dbg1 G2=[-0.000 -0.650 0.060 0.000 -1.000] G5=[-0.766 -0.893 -0.000 12.760 0.000]
INFO  [mc_indi_tiltrotor] T2dbg2 Wu25=[1.0 1000000.0] du25=[0.0094 0.0000] dmax25=[32.2403 0.0120] nu_yaw=-0.257
INFO  [mc_indi_tiltrotor] WRdbg0 Wu0=1 lo0=-16.19 du0=-0.0035 pin0=0.000 a0=[0.003 -0.005 -0.000 -0.000 -0.001]
INFO  [mc_indi_tiltrotor] WRdbg1 Wu1=1 lo1=-16.57 du1=-0.0093 pin1=0.000 a1=[-0.003 -0.005 0.000 -0.000 -0.001]
INFO  [mc_indi_tiltrotor] YWdbg nu2=-0.259 ach2=0.000 r=0.01 wsp2=-0.50 ddelta=[0.0000 -0.0000 0.0000]
INFO  [mc_indi_tiltrotor] T0dbg1 G0=[-0.256 0.227 0.020 0.156 -0.988] nu_des=[0.00 -0.00 -0.25 -2.55 -0.01]
INFO  [mc_indi_tiltrotor] T0dbg2 Ws34=[0.1 20.0] Wu0=1.0 du0=-0.0010 dmin0=-16.2818 dmax0=28.7182
INFO  [mc_indi_tiltrotor] T2dbg1 G2=[-0.000 -0.650 0.060 0.000 -1.000] G5=[-0.771 -0.899 -0.000 12.849 0.000]
INFO  [mc_indi_tiltrotor] T2dbg2 Wu25=[1.0 1000000.0] du25=[0.0027 -0.0000] dmax25=[32.1513 0.0120] nu_yaw=-0.254
INFO  [mc_indi_tiltrotor] WRdbg0 Wu0=1 lo0=-16.28 du0=-0.0010 pin0=0.000 a0=[-0.004 -0.000 -0.000 -0.000 0.003]
INFO  [mc_indi_tiltrotor] WRdbg1 Wu1=1 lo1=-16.68 du1=0.0075 pin1=0.000 a1=[0.004 -0.000 0.000 -0.000 0.003]
INFO  [mc_indi_tiltrotor] T0dbg1 G0=[-0.256 0.227 0.020 0.156 -0.988] nu_des=[-0.00 0.00 -0.26 -2.55 0.01]
INFO  [mc_indi_tiltrotor] T0dbg2 Ws34=[0.1 20.0] Wu0=1.0 du0=0.0000 dmin0=-16.3002 dmax0=28.6998
INFO  [mc_indi_tiltrotor] T2dbg1 G2=[-0.000 -0.650 0.060 0.000 -1.000] G5=[-0.774 -0.903 -0.000 12.904 0.000]
INFO  [mc_indi_tiltrotor] T2dbg2 Wu25=[1.0 1000000.0] du25=[-0.0066 -0.0000] dmax25=[32.0960 0.0120] nu_yaw=-0.256
INFO  [mc_indi_tiltrotor] WRdbg0 Wu0=1 lo0=-16.30 du0=0.0000 pin0=0.000 a0=[0.002 0.002 -0.000 -0.000 -0.004]
INFO  [mc_indi_tiltrotor] WRdbg1 Wu1=1 lo1=-16.70 du1=-0.0038 pin1=0.000 a1=[-0.002 0.002 0.000 -0.000 -0.004]
INFO  [mc_indi_tiltrotor] YWdbg nu2=-0.259 ach2=0.000 r=0.01 wsp2=-0.50 ddelta=[0.0000 -0.0000 0.0000]
INFO  [mc_indi_tiltrotor] T0dbg1 G0=[-0.256 0.227 0.020 0.156 -0.988] nu_des=[0.00 -0.00 -0.26 -2.57 -0.00]
INFO  [mc_indi_tiltrotor] T0dbg2 Ws34=[0.1 20.0] Wu0=1.0 du0=-0.0015 dmin0=-16.4025 dmax0=28.5975
INFO  [mc_indi_tiltrotor] T2dbg1 G2=[-0.000 -0.650 0.060 0.000 -1.000] G5=[-0.779 -0.909 -0.000 12.991 0.000]
INFO  [mc_indi_tiltrotor] T2dbg2 Wu25=[1.0 1000000.0] du25=[0.0044 0.0000] dmax25=[32.0094 0.0120] nu_yaw=-0.256
INFO  [mc_indi_tiltrotor] WRdbg0 Wu0=1 lo0=-16.40 du0=-0.0015 pin0=0.000 a0=[-0.000 -0.002 -0.000 -0.000 0.001]
INFO  [mc_indi_tiltrotor] WRdbg1 Wu1=1 lo1=-16.82 du1=-0.0005 pin1=0.000 a1=[0.000 -0.002 0.000 -0.000 0.001]
INFO  [mc_indi_tiltrotor] T0dbg1 G0=[-0.256 0.227 0.020 0.156 -0.988] nu_des=[0.01 -0.00 -0.26 -2.59 0.01]
INFO  [mc_indi_tiltrotor] T0dbg2 Ws34=[0.1 20.0] Wu0=1.0 du0=-0.0172 dmin0=-16.5492 dmax0=28.4508
INFO  [mc_indi_tiltrotor] T2dbg1 G2=[-0.000 -0.650 0.060 0.000 -1.000] G5=[-0.790 -0.922 -0.000 13.170 0.000]
INFO  [mc_indi_tiltrotor] T2dbg2 Wu25=[1.0 1000000.0] du25=[0.0020 -0.0000] dmax25=[31.8302 0.0120] nu_yaw=-0.262
INFO  [mc_indi_tiltrotor] WRdbg0 Wu0=1 lo0=-16.55 du0=-0.0172 pin0=0.000 a0=[-0.013 -0.002 -0.000 -0.000 -0.002]
INFO  [mc_indi_tiltrotor] WRdbg1 Wu1=1 lo1=-16.92 du1=0.0086 pin1=0.000 a1=[0.013 -0.002 0.000 -0.000 -0.002]
INFO  [mc_indi_tiltrotor] YWdbg nu2=-0.257 ach2=0.001 r=0.01 wsp2=-0.50 ddelta=[0.0000 -0.0000 0.0000]
INFO  [mc_indi_tiltrotor] T0dbg1 G0=[-0.256 0.227 0.020 0.156 -0.988] nu_des=[0.00 -0.00 -0.25 -2.59 0.01]
INFO  [mc_indi_tiltrotor] T0dbg2 Ws34=[0.1 20.0] Wu0=1.0 du0=-0.0047 dmin0=-16.5835 dmax0=28.4165
INFO  [mc_indi_tiltrotor] T2dbg1 G2=[-0.000 -0.650 0.060 0.000 -1.000] G5=[-0.794 -0.926 -0.000 13.226 0.000]
INFO  [mc_indi_tiltrotor] T2dbg2 Wu25=[1.0 1000000.0] du25=[-0.0011 -0.0000] dmax25=[31.7735 0.0120] nu_yaw=-0.247
INFO  [mc_indi_tiltrotor] WRdbg0 Wu0=1 lo0=-16.58 du0=-0.0047 pin0=0.000 a0=[-0.001 -0.001 -0.000 -0.000 -0.003]
INFO  [mc_indi_tiltrotor] WRdbg1 Wu1=1 lo1=-16.98 du1=-0.0031 pin1=0.000 a1=[0.001 -0.001 0.000 -0.000 -0.003]
INFO  [mc_indi_tiltrotor] T0dbg1 G0=[-0.256 0.227 0.020 0.156 -0.988] nu_des=[0.00 0.00 -0.25 -2.59 0.02]
INFO  [mc_indi_tiltrotor] T0dbg2 Ws34=[0.1 20.0] Wu0=1.0 du0=-0.0113 dmin0=-16.5836 dmax0=28.4164
INFO  [mc_indi_tiltrotor] T2dbg1 G2=[-0.000 -0.650 0.060 0.000 -1.000] G5=[-0.795 -0.928 -0.000 13.251 0.000]
INFO  [mc_indi_tiltrotor] T2dbg2 Wu25=[1.0 1000000.0] du25=[-0.0054 -0.0000] dmax25=[31.7488 0.0120] nu_yaw=-0.254
INFO  [mc_indi_tiltrotor] WRdbg0 Wu0=1 lo0=-16.58 du0=-0.0113 pin0=0.000 a0=[-0.005 0.000 -0.000 -0.000 -0.007]
INFO  [mc_indi_tiltrotor] WRdbg1 Wu1=1 lo1=-16.99 du1=-0.0019 pin1=0.000 a1=[0.005 0.000 0.000 -0.000 -0.007]
INFO  [mc_indi_tiltrotor] YWdbg nu2=-0.254 ach2=-0.000 r=0.01 wsp2=-0.50 ddelta=[0.0000 -0.0000 -0.0000]
INFO  [mc_indi_tiltrotor] T0dbg1 G0=[-0.256 0.227 0.020 0.156 -0.988] nu_des=[-0.01 0.01 -0.25 -2.58 0.01]
INFO  [mc_indi_tiltrotor] T0dbg2 Ws34=[0.1 20.0] Wu0=1.0 du0=0.0195 dmin0=-16.5131 dmax0=28.4869
INFO  [mc_indi_tiltrotor] T2dbg1 G2=[-0.000 -0.650 0.060 0.000 -1.000] G5=[-0.792 -0.924 -0.000 13.206 0.000]
INFO  [mc_indi_tiltrotor] T2dbg2 Wu25=[1.0 1000000.0] du25=[-0.0137 0.0000] dmax25=[31.7936 0.0120] nu_yaw=-0.252
INFO  [mc_indi_tiltrotor] WRdbg0 Wu0=1 lo0=-16.51 du0=0.0195 pin0=0.000 a0=[0.020 0.005 -0.000 -0.000 -0.005]
INFO  [mc_indi_tiltrotor] WRdbg1 Wu1=1 lo1=-16.90 du1=-0.0195 pin1=0.000 a1=[-0.019 0.005 0.000 -0.000 -0.005]
INFO  [mc_indi_tiltrotor] T0dbg1 G0=[-0.256 0.227 0.020 0.156 -0.988] nu_des=[0.00 -0.00 -0.26 -2.59 0.02]
INFO  [mc_indi_tiltrotor] T0dbg2 Ws34=[0.1 20.0] Wu0=1.0 du0=-0.0108 dmin0=-16.5665 dmax0=28.4335
INFO  [mc_indi_tiltrotor] T2dbg1 G2=[-0.000 -0.650 0.060 0.000 -1.000] G5=[-0.796 -0.928 -0.000 13.260 0.000]
INFO  [mc_indi_tiltrotor] T2dbg2 Wu25=[1.0 1000000.0] du25=[-0.0019 0.0000] dmax25=[31.7402 0.0120] nu_yaw=-0.262
INFO  [mc_indi_tiltrotor] WRdbg0 Wu0=1 lo0=-16.57 du0=-0.0108 pin0=0.000 a0=[-0.001 -0.002 -0.000 -0.000 -0.008]
INFO  [mc_indi_tiltrotor] WRdbg1 Wu1=1 lo1=-16.95 du1=-0.0094 pin1=0.000 a1=[0.001 -0.002 0.000 -0.000 -0.008]
INFO  [mc_indi_tiltrotor] YWdbg nu2=-0.252 ach2=0.000 r=0.01 wsp2=-0.50 ddelta=[0.0000 -0.0000 0.0000]
INFO  [mc_indi_tiltrotor] T0dbg1 G0=[-0.256 0.227 0.020 0.156 -0.988] nu_des=[-0.00 0.01 -0.26 -2.58 0.01]
INFO  [mc_indi_tiltrotor] T0dbg2 Ws34=[0.1 20.0] Wu0=1.0 du0=0.0077 dmin0=-16.5237 dmax0=28.4763
INFO  [mc_indi_tiltrotor] T2dbg1 G2=[-0.000 -0.650 0.060 0.000 -1.000] G5=[-0.793 -0.925 -0.000 13.219 0.000]
INFO  [mc_indi_tiltrotor] T2dbg2 Wu25=[1.0 1000000.0] du25=[-0.0178 -0.0000] dmax25=[31.7809 0.0120] nu_yaw=-0.257
INFO  [mc_indi_tiltrotor] WRdbg0 Wu0=1 lo0=-16.52 du0=0.0077 pin0=0.000 a0=[0.006 0.007 -0.000 -0.000 -0.005]
INFO  [mc_indi_tiltrotor] WRdbg1 Wu1=1 lo1=-16.91 du1=-0.0034 pin1=0.000 a1=[-0.006 0.007 0.000 -0.000 -0.005]
INFO  [mc_indi_tiltrotor] T0dbg1 G0=[-0.256 0.227 0.020 0.156 -0.988] nu_des=[0.01 0.01 -0.25 -2.59 0.02]
INFO  [mc_indi_tiltrotor] T0dbg2 Ws34=[0.1 20.0] Wu0=1.0 du0=-0.0185 dmin0=-16.5567 dmax0=28.4433
INFO  [mc_indi_tiltrotor] T2dbg1 G2=[-0.000 -0.650 0.060 0.000 -1.000] G5=[-0.796 -0.929 -0.000 13.265 0.000]
INFO  [mc_indi_tiltrotor] T2dbg2 Wu25=[1.0 1000000.0] du25=[-0.0114 -0.0000] dmax25=[31.7354 0.0120] nu_yaw=-0.254
INFO  [mc_indi_tiltrotor] WRdbg0 Wu0=1 lo0=-16.56 du0=-0.0185 pin0=0.000 a0=[-0.015 0.003 -0.000 -0.000 -0.007]
INFO  [mc_indi_tiltrotor] WRdbg1 Wu1=1 lo1=-16.96 du1=0.0116 pin1=0.000 a1=[0.015 0.003 0.000 -0.000 -0.007]
INFO  [commander] Disarmed by internal command	
INFO  [tone_alarm] notify neutral
INFO  [logger] closed logfile, bytes written: 15761121
